src_len	reference	hypothesis
12	क्योंकि यज्ञ करना, वेदादि शास्त्रों का पढ़ना, सत्यात्र में दान देना, तपस्या करना, सत्य आने पर धैर्य धारण करना, सहनशील होना तथा लोभ न करना ये धर्म के आठ मार्ग है|	विद्या का दान, तप, सत्य, धैर्य, क्षमा, यह मार्ग धर्म का ही मार्ग है।
6	केवल 11 सीटें चुनी गईं।	केवल 11 सीटें चुनी गईं।
4	तुम दोनों बालक हो	तुम दोनों बालक हो।
4	वे वृद्ध नहीं  हीं हैं।	वे वृद्ध नहीं हैं।
4	ईश्वर भक्त कभी नहीं डरता है।	ईश्वर भक्त कभी नहीं डरता है।
8	इसी प्रकार हजारों वर्षा ऋतुओं में दसग्रीव के नए सिर पर आग लगा दी गई।	इसी प्रकार हजारों वर्षाओं में दसग्रीव के नौ सिर मारे गए।
6	हिमदास ने पूरा कमाया हुआ धन लोकहित में समर्पित कर दिया।	हिमदास ने पूरा अर्जित धन लोकहित के लिए समर्पित कर दिया।
10	उस वस्तु को तुम अविनाशी जानों,  जिससे यह सम्पूर्ण जगत् व्याप्त है। इस अव्यय का नाश करने में कोई भी समर्थ नहीं है।।	जो अविनाशी है और जिसने यह सम्पूर्ण जगत् नष्ट कर दिया है, उसे कोई भी नष्ट नहीं कर सकता।।
1	पास	अनुमान
10	रूपक की कथावस्तु के बीज से युक्त मुख आदि सन्धियों में यत्र-तत्र फैले हुए आरम्भ आदि अर्थों का एक प्रधान प्रयोजन के लिए एक साथ संग्रह करना या समेटा जाना ही निर्वहण सन्धि है।	"बीज, मुख, मुख आदि के अर्थ, ब्राह्मण आदि उचित हैं। जहां कार्य करना है, वही कार्य है।"
6	जलों को वर्षा काल के चारों ओर से धाराओं के	वह क्या कर सकती है? मैं वर्षा से वायु उत्पन्न करूँगी,
3	वह सन्तुष्ट हुआ।	वह खुश हुआ।
14	वेदत्रयी जिनका स्वरूप है, जो [अकेले ही समय-समयपर] आपके दास, सखा, वाहन, आसन, ध्वजा, वितान (चाँदनी) और चँवरका काम देते हैं, सवारीके समय आपके पैरोंकी रगड़से बने हुए चिह्नद्वारा जिनका अङ्ग सुशोभित है, वे गरुड़जी आपके सामने हाथ जोड़कर खड़े हैं	हे मित्र! आपके दास, गाड़ी का आसन, ध्वज, त्रिविध वस्त्रों वाला, त्रिविध वस्त्र धारण करने वाला, आपके अग्रभाग में बैठे हुए, आपके चरणारविन्द की शोभा के साथ आपके सामने आ रहे हैं।।
11	शाम को शिमला के श्यामलाघाट स्थित ज़िला शिक्षा प्रशिक्षण संस्थान में सेवा करने वाले संस्कृत शिक्षकों के लिए पांच दिवसीय प्रशिक्षण शुरू हुआ।	शिमला के श्यामलाघाट में जिला शिक्षा प्रशिक्षण संस्थान में सेवा करने वाले संस्कृत शिक्षकों का पांच दिवसीय प्रशिक्षण शुरू हुआ।
5	मुझे मिलाकर सत्ताईस लोग थे।	मुझे मिलाकर सत्ताईस लोग थे।
13	भाजपा के प्रवक्ता बलबीर वर्मा ने कहा कि सुक्खु सरकार ने अपने दोनों आय और व्ययकर्ताओं के हिमाचल प्रदेशवासियों को धोखा दिया है।	भाजपा विधायक बलबीर वर्मा ने कहा कि सुक्खु सरकार ने अपने दो आयव्ययकों में हिमाचल के लोगों को धोखा दिया है।
5	पत्नी –ये कूड़ा नहीं है।	यह कूड\u093Cा नहीं है।
6	जांच के दौरान सत्येन्द्रसिवाल के बारे में सूचना मिली	खोज के दौरान सत्येन्द्रसिवाल के बारे में सूचना मिली।
1	कैसा	कैसा
4	वर के मुँह पर हल्दी लगाती हैं।	वर के मुँह पर हल्दी लगाती हैं।
5	आप मुझे पुनः कब मिल रहे हैं ?	फिर कब मिलेंगे?
33	हरिद्वार- जिला स्तरीय संस्कृत छात्र- प्रतियोगिता के आयोजक, संस्कृत-शिक्षा निदेशक एस.एस.पी. खाली, सहायक निदेशक डॉ. वज्श्रवा और आर्य अभिनन्दन पात्र हैं, जो महाविद्यालय परिसर के बीच विभिन्न खेल प्रतियोगिताओं का आयोजन कर रहे हैं, ने संस्कृत छात्रों के बीच खेलने में रुचि पैदा की है।	हरिद्वार-जिला स्तरीय संस्कृत छात्र-प्रतियोगिता के आयोजक, संस्कृत-शिक्षा निदेशक एस. पी. खाली, सहायक निदेशक डॉ. वजश्रवा और आर्य बधाई पात्र हैं, जो कॉलेज-उन्होंने परिसर के बीच विभिन्न खेल प्रतियोगिताओं का आयोजन करके संस्कृत छात्रों के बीच खेल में रुचि पैदा की।
11	जैसा कि बताया गया था, अफगानिस्तान में शिक्षित पाकिस्तान आतंकवादियों ने स्थानीय लोगों की सक्रियता के लिए प्रहार किया।	सूचना के अनुसार, अफगानिस्तान में प्रशिक्षित पाकिस्तानी आतंकवादियों ने स्थानीय लोगों के सक्रिय समर्थन से प्रहार किया।
15	उसी समय दिल्ली नगर में इंडिया गठबंधन सभा के कारण दल के अध्यक्ष मल्लिकार्जुनखड़गे कार्यक्रम में उपस्थित नहीं हुए।	उसी समय दिल्ली में इंडिया गठ बंधन की बैठक के कारण दल के अध्यक्ष मल्लिकार्जुनखड़गे कार्यक्रम में उपस्थित नहीं थे।
8	संसार में सर्वोच्व सत्ता ब्रह्म है जिसने प्रत्येक वस्तु को वश में कर दिया है।	संसार का सर्वोच्च सत्ता ब्रह्म है जिससे प्रत्येक वस्तु का परिणाम होता है।
7	उसके बाद, प्रधानमंत्री ने आयोजक के रूप में अभिषेक समारोह में भाग लिया।	उसके बाद प्रधानमंत्री ने आयोजक के रूप में अभिषेक संस्कार में भाग लिया।
1	बेरोकटोक ।	ढीला
4	प्रत्याशी का जनाधार करेगा।	औरभ्यर्थियों का जन आधार बनाएगा।
7	उन्होंने कहा कि समूह शक्ति देश को सफलता के शीर्ष पर ले जाएगा।	उन्होंने कहा कि समूह-शक्ति देश को सफलता के शिखर पर ले जाएगी।
9	उत्तम से उत्तम सन्धि के द्वारा भी शत्रु से कभी सन्धि (मेल) नहीं करना चाहिये क्योंकि यदि पानी गरम होगा तो भी वह अग्नि को तो बुझा ही देता है	शत्रु के द्वारा नहीं, शत्रु के द्वारा सुलह के द्वारा भी नहीं, सोते समय भी जल को शान्त किया जा सकता है।
18	किन्तु मेरे घर में बहुत डांट नहीं पड़ती थी। मैं तो रात में पढ़ता था । प्रथम श्रेणी प्राप्त करता था।	परन्तु मेरे घर में बहुत कुछ नहीं पढ़ रहे थे। मैं तो रात में पढ़ रहा था। प्रथम श्रेणी पा रहा था।
5	वह खड़े होकर भोजन नहीं पकाती है।	वह खड\u093Cी होकर भोजन नहीं बनाती है।
5	मेघमाला ने समस्त गगन मण्डल को आच्छादित कर लिया।	बादलों की माला ने सारे आसमान को चारों ओर ढक दिया।
10	भ्रष्टाचार, सू की को पहले ही देशद्रोह और अन्य अपराधों के लिए 11 साल जेल की सजा सुनाई गई थी।	भ्रष्टाचार, राजद्रोह के आरोप में स्यूची को पहले ही 11 साल जेल की सजा सुनाई गई थी।
8	इन योजनाओं का लाभ लाभप्रद नहीं हुआ।	इन योजनाओं का लाभ लाभार्थी नहीं उठा सके।
8	वाहन चलाने के समय अपना पालन करें और अत्यधिक विश्वास करें।	गाड़ी चलाने के समय अपना पालन-पोषण करिये और अतिविश्वास छोड़िये।
9	कार्यक्रम के अध्यक्ष विश्वविद्यालय के माननीय कुलपति आचार्य विजय कुमार सिजीमेनन थे।	कार्यक्रम के अध्यक्ष विश्वविद्यालय के माननीय कुलपति आचार्य विजय कुमार सिजिमेन थे।
24	सामाजिक न्याय और सशक्तिकरण विभाग के उपनिषद् डॉ. भावना युवा सप्ताह के तहत जयपुर में संजय-शिक्षकों के प्रशिक्षण कॉलेज में आयोजित "युवा भारत, विकसित भारत"इस विषय पर प्रचार भाषण का अवसर मिल गया।	सामाजिक न्याय और सशक्तिकरण विभाग की उपदेशक डॉ. भावना युवा सप्ताह के तहत जयपुर के संजय-शिक्षक प्रशिक्षण कॉलेज में आयोजित "युवा भारत, विकसित भारत" इस विषय पर प्रचार भाषण का अवसर मिला।
5	अशिक्षित मनुष्य पशु के समान होते हैं।	अशिक्षित मनुष्य पशु समान होता है।
7	धार्मिक संस्थान पहले निराश्रित पशुओं को पकड़ते थे।	धार्मिक संस्थाएँ पहले निराश्रित पशुओं को लेती थीं।
10	प्रशासन- आन्दोलनकारी-कृषि नेताओं के बीच एक नई बात आज होगी।	प्रशासन-आंदोलनकारी-कृषि नेताओं के बीच आज एक और नई बात होगी।
1	मुसीबत में	निर्धन
17	गुरुवार को प्रश्न हॉर के बाद, विपक्ष ने नियम ६७ के तहत हवन प्रस्ताव के सभी कार्य को निलंबित कर दिया और बिलासपुर के झूठेड्डू योजना पर कोलाहल विधानसभा अध्यक्ष बनाया।	गुरुवार को प्रश्नहोरा के बाद, विधानसभा अध्यक्ष ने विपक्षी नियम 67 के तहत निलंबन प्रस्ताव के सभी कार्यों को निलंबित कर दिया और बिलासपुर के अलीखड्डू योजना पर शोर मचाया।
10	यहाँ काङ्गड़ाचय, काश्मीरका कहावा, चम्बा और औषधियोंका खरीदना बहुत होता है	यहाँ कांगड़ा चाय की, कश्मीर की कहावा, चम्बा और औषधियों की खरीद बहुत होती है।
7	उसने सोचा- ये बेचारे पुस्तक के दास वहीं रुकें	उसने सोचा-"रुकिये ये वरक पुस्तकों के दास हैं।
10	राम के द्वारा ही मुक्त किया गया, शीघ्रता से डरी हुई उस स्त्री के साथ गली में घुसकर सीता को प्राप्त हुई।	राम ने ही शीघ्रता से भयभीत होकर घर के अंदर प्रवेश किया और स्त्रियों के साथ सीता को बुलाया।
6	ईश्वर की अनुकम्पा सदा सबके ऊपर रहे।	ईश्वर की करुणा हमेशा सबके ऊपर रहे।
10	और मेरी पूजा सत्कार के अनन्तर सुखपूर्वक बैठकर प्रसन्नचित होकर मुझसे बोले हे राजन् । एक गुप्त बात सुनो, यह आपका अभ्युदय करनेवाला है ॥	सुखपूर्वक पूजित होकर उन्होंने मुझसे कहा-- हे अनघ! सुनो, तुम्हारे उदय का कारण गुप्त वचन है॥
5	मैंने भी खड़े होकर वीरों को श्रद्धाञ्जलि दी।	मैंने भी खड़े होकर वीरों को श्रद्धांजलि दी।
7	परन्तु फिर भी नेत्रों के सारथित्व को स्वीकार किया।	परन्तु फिर भी शल्य ने कान की सारथि को स्वीकार किया।
6	जन सामान्य के साथ उनका सुमधुर सम्बन्ध था।	उनका जन-जनों के साथ मधुर सम्बन्ध था।
21	हर चिकित्सा इकाई में एमआरआई-सीटी-आपदाओं और आम जनता का अनुरोध है कि कैकेयी की सुविधाएं प्रदान करें; हिमसंस्कृतवार्ता-मुख्यमंत्री मुकेश अग्रिहोत्री की धर्मपत्नी प्रोसीमी अग्निहोत्री की मृत्यु हो गई।	प्रत्येक अस्पताल में एमआरआई-सीटी-स्कैन सुविधाओं को प्रदान करने के लिए अधिकारियों और आम जनता का वोट मिला है हिमसंस्कृतवार्ता-उपमुख्यमंत्री मुकेश अग्रिहोत्री धर्मपतली प्रोफेसर सिम्मी अग्निहोत्री का निधन हो गया.
10	हे प्रभो! देवों ने कहा कि उसका विनाशकाल आज है।	हे भगवन्! सूरों ने उसका जो विनाश का समय कहा है वह आज है।
5	तीर्थों का परिचय मानव जीवन का अङ्ग होता है।	तीर्थों का परिचय मानव जीवन का अङ्ग होता है।
7	उभी भी गुजरात राज्य के जामनगर में विवाह करने जा रहे हैं।	खड़ी भी गुजरात के जामनगर में विवाह करने जाती है।
10	और हमारी भावनात्मक एकता की भावना को विकसित करने में शिक्षा का बहुत महत्व है।	और हमारे भावनात्मक एकताभाव को बढ़ावा देने में शिक्षा का बहुत महत्व है।
9	अतः शुभ अथवा अशुभ कर्मफल उपस्थित होने पर हर्ष अथवा दुःख करना व्यर्थ है	हे राम! यदि इस प्रकार की विधिपूर्वक की गई विधिपूर्वक की गई विधिपूर्वक की गई विधिपूर्वक की गई विधिपूर्वक की गई विधिपूर्वक की गई विधिपूर्वक की गई विधिपूर्वक की गई विधिपूर्वक की गई विधिपूर्वक की गई विधिपूर्वक की गई विधिपूर्वक की गई विधिपूर्वक की गई विधिपूर्वक की गई विधिपूर्वक की गई विधिपूर्वक की गई विधिपूर्वक की गई विधिपूर्वक की गई विधिपूर्वक की गई विधिपूर्वक की
13	पिछले दिनों प्रशासनिक सचिवों की साप्ताहिक सभा में मुख्यमंत्री ने प्रत्येक महीने के अंतिम दो दिनों में राजस्व और लोकन्यायालय का आयोजन करने का निर्देश दिया।	कल प्रशासनिक सचिवों की साप्ताहिक सभा में मुख्यमंत्री ने हर महीने के अंतिम दो दिनों में राजस्व और लोकन्यायालय का आयोजन करने का निर्देश दिया।
1	भौंकना	खाना
8	केरल राज्य के विभिन्न हिस्सों से संस्कृत शिक्षक यहां मिलते हैं।	केरल राज्य के विभिन्न हिस्सों से आए संस्कृत शिक्षकों का संगम यहाँ होता है।
6	कार्यक्रम की शुरुआत संजीवन गोर की शङ्खध्वनि से हुई।	कार्यक्रम का आरम्भ संजीवनी गोर की शंखध्वनि से हुआ।
9	आदर्श इको ग्राम योजना के तहत 19 गाँव विकसित हैं।	आदर्श इको ग्राम योजना के तहत 19 गाँव विकसित हैं।
10	काम में उसकी पारदर्शिता को देखकर डाॅ नीलकन्त ने उसे कानपुर ले आए।	काम में उसकी पारदर्शिता देखकर डॉ. नीलकान्त उसे कानपुर ले आए।
1	खांड	चीनी
9	ये आवेदन 9 फरवरी से 15 फरवरी 2024 तक स्वीकार किये जाते हैं।	ये आवेदन 9 फरवरी से 15 फरवरी 2024 तक स्वीकार किए जाएंगे।
6	उस वर्ष उन्होंने स्वराज नीति की यात्रा शुरू की।	उस वर्ष उन्होंने स्वराजनीतिक यात्रा शुरू की।
8	यहाँ नासिक स्थल की परम्परा-विधि का अद्भुत संयोजन दरीद्रवी ने देखा।	यहाँ नासिक स्थल की परंपरा-तकनीक का अद्भुत संयोजन देखा गया है।
14	ज्ञान वास्तव में शक्ति है अतः ज्ञान की प्राप्ति के लिए अध्ययन के रूप में तपस्या का सदा आचरण करना चाहिए और विद्यार्थियों के लिए यह अच्छा है।	ज्ञान ही वास्तव में शक्ति है इसलिये ज्ञान की प्राप्ति के लिए अध्ययनरूप तपस्या का अभ्यास करने वाले छात्रों के लिए यह अच्छा है।
4	मैं स्नान करना चाहती हूँ	मैं स्नान करना चाहती हूँ।
13	अविद्या के अन्दर रहकर (मी) अपने आपको बुद्धिमान तथा पण्डित मानने वाले विभिन्न योनियों में भटकते हुए मूढ (मूर्ख) मनुष्य पैसे ही भटकते हैं, जैसे अन्धे मनुष्य द्वारा ले जाये जाते हुए अन्धा ।	जो अविद्या के अन्त में रहते हैं, वे स्वयं बुद्धिमान पण्डितों के द्वारा माने जाते हैं, जो दाँतों से मोहित होते हैं, वे मूर्ख और अंधे होते हैं।
10	दा शत्रुघ्न सलक्ष्मण राम को अभिवादन करके सीता के चरणों में स्पर्श करके उसे प्राण दिया।	दा शत्रुघ्न ने सलक्ष्मण राम को प्रणाम करके सीता के चरणों को छुआ और उसे मार दिया।
6	अर्जुन ने उन शरणा को रोकने में असमर्थ थे।	अर्जुन उन शरों का प्रतिकार नहीं कर सका।
10	इस फिल्म में वह दक्षिण के प्रसिद्ध अभिनेता विजयसेतुपति के साथ देखने जाती है।	इस फिल्म में वह दक्षिण के प्रसिद्ध अभिनेता विजयसेतुपति के साथ देखने जाती है।
2	हम दोनों पढ़ते हैं।	हम दोनों पढ़ते हैं।
4	सब अपनारूप है या शिव कारूप।	सब कुछ अपना या शिव रूप है।
11	दीप्ताग्नि रोगी लाख, घो, माम, जोवनीय गण की औषधिया, मिश्री त्वक्क्षीरी ( वशलोचन ) और समिता ( गोधूम, गेहूँ का चूर्ण) को दूध से पका कर पीये ॥	लाख, सर्प, मधु और जीविकोपार्जन करने योग्य सीताजी को पाक करके, त्वचा के रस में मिला कर दूध पिलाना चाहिये॥
9	बच्चे चीनी अधिक खाते हैं तो दाँत जल्दी से टूट जाते हैं।	बच्चे चीनी अधिक खाते हैं तो दाँत जल्दी ही टूट जाते हैं।
4	हम दोनों पाठक हैं।	हम दोनों पाठक हैं।
10	माँ की प्रतिमा में पुरोहितवर्ग के द्वारा क्विन्ताल देशी गाय का चार्पण होता था।	माता की प्रतिमा में पुरोहित वर्ग द्वारा क्विंटाल देशी घर के लिए नवरात्रि का चरण होता था।
6	श्रीमती जानकीत्रिपाठी ने सबको कृतज्ञता प्रकट की है।	श्रीमती जानकी त्रिपाठी ने सबको कृतज्ञता व्यक्त की।
10	सुखविंदर सिंह सुक्खू अपनी कार्यकाल की दूसरी budget को 17 फरवरी को प्रस्तुत करने जा रहे हैं।	सुखविंदर सिंह सुक्खू अपने कार्यकाल का दूसरा बजट 17 फरवरी को पेश करने जा रहे हैं।
3	संगति से क्या हो जाते हैं?	संसर्गजन्य कौन होते हैं?
17	इन्द्र ने कहा कि सबसे पहले तो तुम्हें भगवद्शंकर की पाशुपत् अस्त्र प्राप्ति करनी चाहिए, उसके बाद अन्य देवता भी तुम्हें दिव्यास्त्र देंगे।	इन्द्र ने कहा कि पहले तो तुम्हें भगवद् शंकर से पाशुपत अस्त्र प्राप्त करो, वहाँ से अन्य देवता भी तुम्हें दिव्य अस्त्र देंगे।
1	आम तौर पर	समानता के साथ
4	दस बजे बस आती है।	बस दस बजे आती है।
5	उठो, जागो और श्रेष्ठ आचार्यों के पास जाकर ज्ञान प्राप्त करो।	उठता हुआ जागकर आकर अच्छा समझ गया।
4	हे बालक! यहाँ आओ।	हे बालक! यहाँ आओ।
4	मैं जल्दी जाता हूँ	मैं जल्दी से घर जाता हूँ।
8	जो पुरुष योगयुक्त, विशुद्ध अन्तकरण वाला, शरीर को वश में किये हुए, जितेन्द्रिय तथा भूतमात्र में स्थित आत्मा के साथ एकत्व अनुभव किये हुए है वह कर्म करते हुए भी उनसे लिप्त नहीं होता।।	योगयुक्त शुद्धात्मा, विजिताात्मा जितेन्द्रिय, समस्त भूतों में भूतात्मा, कर्म करते हुए भी लिपटे नहीं रहते हैं।।
10	केंद्रीय स्वास्थ्य मंत्रालय ने कहा कि पिछले साल 500,000 शिशुओं को वासुरिका प्रतिरोध सूची वाली दवाओं के उपयोग के लिए निर्धारित नहीं किया गया था।	केंद्रीय स्वास्थ्य मंत्रालय ने कहा कि पिछले साल 5 लाख बच्चे नसों की रोकथाम के लिए इस्तेमाल नहीं किए गए थे।
14	कार्यक्रम में नगर के सुधी विद्वान् पाणिनि विक्रम-विश्वविद्यालय के शिक्षक छात्र-शोध छात्र और पत्रकार बांधव उपस्थित थे।	कार्यक्रम में नगर के सुधी विद्वान पाणिनि विक्रम-विश्वविद्यालय के आचार्य छात्र-शोध छात्र और पत्रकार बान्धव उपस्थित थे।
5	हिमाचल प्रदेश के देवसमुदाय के लोग रहते हैं।	हिमाचल प्रदेश में देव समुदाय के लोग रहते हैं।
10	क्योंकि सुबह नित्यकर्म से दिनचर्या के अनुसार सभी सत्र होते हैं।	क्योंकि सुबह नित्यकर्म से दिनचर्या के अनुसार सभी सत्र आयोजित किए जाते हैं।
5	प्रकृति का दर्शन कब करते हो ?	प्रकृति का दर्शन कब करता है?
16	रेस्तरां के लिए आधुनिक सुविधाएं प्रदान करती हैं जिससे वे यहाँ अधिक समय बिता सकते हैं और राज्य की अर्थव्यवस्था बढ़ती है।	पर्यटकों को आधुनिक सुविधाएं प्रदान करता है जिससे वे यहाँ अधिक समय बिता सकते हैं और राज्य की अर्थव्यवस्था बढ़ती है।
4	बेटा, अज्ञानतावश जो भी हो गया।	बेटा, अज्ञानता के कारण जो भी हो गया।
3	पार्वती लज्जा से काँपती है।	पार्वती लज्जा से काँपती है।
13	तत्व को जानने वाले विद्वानों ने यह कहा है कि हजारों चाण्डालों के समान एक यवन अर्थात म्लेच्छ धर्मविरोधी होता है। इससे बढ़कर कोई दूसरा नीच नहीं होता।	चाण्डलों के साथ-साथ सूर्य भी तत्त्वों को देखने वाले लोगों के साथ एक ही यवन कहलाता है, वह यवन से नीचे नहीं है।
9	जैसे-जैसे इस लोक में जो कुछ कार्य होते हैं, वे सब तुझी संचित की जाती हैं।	यदि जो कोई भी इस लोक में कार्य करता है, तो उन्हें नियुक्त करो।
12	ब्रह्मपुत्र नदी के बिना तो असम प्रदेश और उत्तरपूर्व महासागर क्षेत्रों के बारे में कल्पना भी नहीं कर सकती है।	ब्रह्मपुत्र नदी के बिना तो असम प्रदेश और पूर्वोत्तर क्षेत्रों के बारे में कल्पना भी नहीं की जा सकती।
8	राजीवः –हाँ , नगर में तो मैं पढ़ने के लिये रहता हूँ।	राजीव-हाँ नगर में तो पढ़ने के लिये रहता हूँ।
4	अभी स्वाध्याय नहीं हुआ है।	अब स्वाध्याय नहीं हुआ।
12	अपने प्रियमें स्वाभाविक प्रेम, पूर्ण‍ आवेश और तन्मयतायुक्त जो भक्ति हो, उसे रागात्मिका भक्ति कहते हैं ॥	हे तन्मयी! जो भक्ति है, वह समस्त रागों में स्वरसिक ही परम विशिष्टता है॥
4	नागेन्द्र घर के बगीचे में आम उगाता है	नागेन्द्र घर के आँगन में आम का पेड़ लगाता है।
1	पौधे	आरोपित करना
9	यह अरुणाचल राज्य से भारत में प्रवेश करता है और असम में और बांग्लादेश में फैलता है।	यह अरुणाचल राज्य से भारत में प्रवेश करता है और असम राज्य और बांग्लादेश में प्रवाहित होता है।
15	भारतीय पहल टीम के अध्यक्ष के रूप में चुनाव के बाद संजय सिंह ने उत्तर प्रदेश गोदामी में राष्ट्रीय प्रतियोगिताएं आयोजित करने की घोषणा की।	भारतीय मल्ल खेल महासंघ के अध्यक्ष के रूप में चुने जाने के बाद संजय सिंह ने राष्ट्रीय प्रतियोगिता का आयोजन उत्तर प्रदेश के गोंडा में करने की घोषणा की।
10	देवभूम के कुल्लो आराध्य देव भगवती रघुनाथ ने अयोध्या में राम मंदिर की प्रतिष्ठितता का निमंत्रण स्वीकार किया है।	देवभूमि के कुल्लू आराध्य देवता भगवान रघुनाथ ने अयोध्या में राम मंदिर की स्थापना का निमंत्रण प्राप्त किया है।
5	जो सदाचारी है वह शिक्षक है	जो सदाचारी है वह शिक्षक है।
3	यह मधुमक्खी निर्माण करती है।	वह मधुमक्खी पैदा करे।
6	ऐसा कहकर देव ब्रह्माजी देवों के साथ अपने स्थान पर गए।	यह कहकर ब्रह्मदेव सुरगणों के साथ अपने स्थान पर चले गए।
4	हम सब श्रीकृष्ण को जानते हैं।	हम सब श्रीकृष्ण को जानते हैं।
12	नौणी विश्वविद्यालय के शोध निदेशक संजीव चौहान ने कहा कि जुजुबे-बदरी के बारे में शोध कार्य तीन चरणों में किया जाता है।	नौनी विश्वविद्यालय के शोध निदेशक संजीव चौहान ने कहा कि जुजुबे-बदरी फल के बारे में शोध तीन चरणों में किया जा रहा है।
9	भगवान् के अतिरिक्त जनधन वैभव,वस्तु और शरीर आदि में मुझे कोई भी अनन्यभाव या अन्यता नहीं है।	भगवान् के अतिरिक्त जनधन, वैभव, द्रव्य और शरीर आदि कोई भी मेरा अनन्यभाव या अनन्यता नहीं है।
6	धूप में मत घूमो नहीं तो बीमार पड़ जाओगे।	धूप में मत घूमो नहीं तो बीमार पड़ोगे।
6	आप काम कब करेंगे ?	आप काम कब करेंगे?
3	उस की अच्छी भौँहें हैं।	उसके ऊपर दो भुजाएँ हैं।
3	मुझे यह पता है	मैं जानता हूँ।
4	रास्ते में गड्ढा था।	रास्ते में गड्ढा था।
9	सुक्ख बोला कि 2024 में नई औद्योगिक विकास नीति लायी जाएगी।	सुक्ख बोला कि 2024 में नई औद्योगिक विकास नीति लाएगी।
6	गाँव के निकट एक सरोवर है।	गाँव के पास एक तालाब है।
5	मेरे पर्स में बक्कल है ।	मेरे थैले में बालबंध है।
1	जाना	अरे
1	एकता	जोड़ता है
3	मुझे अचार पसंद है	मुझे अचार पसंद है।
6	दक्षा – मैंने तो आधा याद किया।	दक्षा-मैंने तो आधा याद किया।
8	अनेक पाठकों के दृश्य पत्रालय के अन्दर और बाहर निकाले गए।	नाना पाटेकर के दृश्य डाकखाने के अंदर और बाहर पकड़े गए।
13	इस प्रकार, एएसपी नगर अवधेश कुमार दीक्षित ने भी स्थल पर पहुँचकर थाना से घटना से जुड़े सूचना को प्राप्त किया।	इस प्रकार एएसपी नगर अवधेश कुमार दीक्षित ने भी स्थान पर पहुँचकर स्टेशन से घटना से संबंधित सूचना ली।
26	हिमाचल प्रदेश के कांग्रेस सरकार के बारे में कथित संकट के बारे में वरिष्ठ कांग्रेस नेता और मध्य प्रदेश के पूर्व मुख्यमंत्री दिग्विजय सिंह ने कहा कि सरकार वहाँ स्थिर है, जब समय आता है तब विद्रोहों के खिलाफ कार्यनीति लागू होगी।	हिमाचल प्रदेश में कांग्रेस सरकार के बारे में कथित संकट के बारे में वरिष्ठ कांग्रेस नेता और मध्य प्रदेश के पूर्व मुख्यमंत्री दिग्विजय सिंह ने कहा कि वहां सरकार स्थिर है, जब समय आता है तब विद्रोहियों के खिलाफ कार्य किया जाएगा।
3	स्वप्न के गीत को और गीता को क्या चुभता है?	स्वप्न गीत निश्मा को भी क्या कहना है?
5	आज लोग यज्ञ करते हैं ।	आज लोग यज्ञ कर रहे हैं।
1	दोपहर के बाद करते योग्य कार्य	दोपहर
5	जरा रुको, मुझे स्मरण है।	ठहरो, मैं उसे याद करता हूँ।
13	हे सुव्रत ! मेरे वह दोनों वरदान आपके पास धरोहर हैं। उनमें से एक वर के द्वारा शीघ्र ही मेरे प्रिय पुत्र भरत को इस एकत्रित सामग्री से युवराज पद पर अभिषिक्त कीजिये और दूसरे वर से शीघ्र ही राम को दण्डकारण्य में भेज दीजिये ॥	अतः यह मेरा विश्वास बन गया है कि मैंने तुम्हारा ही आश्रय लिया है। अतः एक बार मैंने आपका ही आश्रय लिया है। हे भरत! यह मेरा प्रिय पुत्र है।
8	पश्चिम से लेकर पश्चिम तक जो साहित्य का अध्ययन किया गया है, वह कला रूप है।	पाश्चात्त्य पद्धति के अनुसार जो शोध है वह कला का रूप है।
7	वे राज्य में विपक्षी दल के भी नेता थे।	वे राज्य में विपक्षी दल के भी नेता थे।
6	गरम पानी में हाथ और पैर रखता है।	गरम पानी में पैर और हाथ रखता है।
4	मैं घास गौशाला में ले जा रहा हूँ।	मैं घास गौशाला में ले जाता हूँ।
8	जो झूठ बोलता है, कोई उसका विश्वास नहीं करता।	जो असत्य बोलता है वह अपीत पर विश्वास नहीं करता है।
7	हिमाचल प्रदेश के समतल मध्य-उच्च पर्वतीय क्षेत्रों में मौसम बदल गया।	हिमाचल प्रदेश के समतल मध्य-उच्च पर्वतीय क्षेत्रों में वातावरण बदल गया।
8	शोभा –हस्ताक्षर तो देवनागरी में ही करने चाहिये ।	शोभा-हस्ताक्षर तो देवनागर्य में ही करने चाहिये।
3	हाथ अंदर करिये।	हाथ अंदर करिये
15	प्रधानमंत्री नरेंद्र मोदी की परीक्षा में चर्चा के सातवें संस्कार में पोर्टल में एक करोड़ से अधिक पंजीकरण प्राप्त हुए।	प्रधानमंत्री नरेंद्र मोदी की परीक्षा पे चर्चा के सातवें संस्करण के लिए पोर्टल पर एक करोड़ से अधिक पंजीकरण हुए।
4	मेरे घर में शान्ति चाहती हूँ।	मेरे घर में शान्ति चाहता हूँ।
4	कौआ-कौआ ही रहता है और कोयल-कोयल होती है।	कौआ कौआ कौआ कौआ कौआ कौआ कौआ कौआ कौआ कौआ कौआ कौआ कौआ कौआ कौआ कौआ कौआ कौआ कौआ कौआ कौआ कौआ कौआ कौआ कौआ कौआ कौआ कौआ कौआ कौआ कौआ कौआ कौआ कौआ कौआ कौआ कौआ कौआ कौआ कौआ कौआ कौआ कौआ कौआ कौआ कौआ कौआ कौआ
9	कबन्ध बोला यदि आप राम हैं और स्वयं आप मेरे पास आये हैं तो मैं धन्य हैं। पूर्व समय में में रूप और योवन के मद से उन्मत्त एक गन्धर्वराज था ॥	हे राम! मैं धन्य हूँ कि तुम मेरे पास आये हो। पूर्व समय में मैं गन्धर्व राजा था और रूप और आभूषणों से सुशोभित था॥
1	सोम रस का पीने	सोम
9	भगवान श्रीराम द्वारपाल से बोलेआनन्दपूर्वक उन्हे अन्दर ले आओ। तत्पश्चात् विधिवत् पूजित होकर मुनिगणों ने अनेक प्रकार के रत्नों से विभूषित महल में प्रवेश किया ॥	तत्पश्चात् वह अत्यन्त प्रसन्न होकर द्वारपाल के पास गया और कहा-- अनेक रत्नों से विभूषित, अनेक प्रकार के असुरों से पूजित और अनेक प्रकार के रत्नों से सुशोभित।
6	मेरे घर एक पँखा है ।	मेरे घर एक पंखा है।
10	आपने तो मैं बहुत समय तक परीक्षित किया, इसलिये इस संदेह को छोड़ दो।	तुमने तो मुझे बहुत बार परीक्षा किया, इसलिये इस संदेह को छोड़ दो।
10	हिमाचल प्रदेश सरकार की सभी अनुबंध कर्मचारी महासंघ की बैठक और चुनाव भी आभासी माध्यम से आयोजित हुए।	हिमाचल प्रदेश के सभी अनुबंध कर्मचारी महासंघ की बैठक और चुनाव आभासी माध्यम से संपन्न हुए।
4	वे संस्कृत में सम्भाषण कर रहे हैं ।	वे संस्कृत में सम्भाषण करते हैं।
8	रिपोर्ट में कहा गया है कि वह इस महीने की 22 तारीख तक एकांत कारावास में नहीं रह सकते।	रिपोर्ट के मुताबिक, यह 22 तारीख तक नैकाश्रय में होगा।
1	मेरे लिये	मेरा
10	मुख्यमंत्री ने कहा कि बिजली महान देव-रोपवे-निर्माण के लिए केंद्र-राज्य सरकारों के बीच ज्ञापन पर हस्ताक्षर किए गए।	मुख्यमंत्री ने कहा कि बिजली महादेव-रोपवे-निर्माण के लिए केंद्र-राज्य सरकारों के बीच ज्ञापन पर हस्ताक्षर किए गए।
3	कहाँ से भेजा गया ?	कहाँ से भेजा गया?
4	उसके दोनों होंठ लाल हैं।	उसके दोनों होंठ लाल हैं।
10	उनमें से गुरु का सबसे प्रिय शिष्य विनयशील, अत्यन्त विनयशील और परमज्ञासु हुआ।	उनमें से गुरु का प्रिय शिष्य विनय नामधेय अत्यन्त विनयशील और परमज्ञ थे।
30	कार्यक्रम के उद्घाटन में स्कूल के उप-प्राचार्य अनिलकोटनाला निर्णायक, विशेष अतिथि, राजकीय- स्नातकोत्तर कॉलेज के भौतिक सहायक प्रोफेसर डॉ. डी.एस. चौहान, रसायन विज्ञान की सहायक प्रोफेसर डॉ. सुरेश कुमार, जीव विज्ञान की प्रवक्ता मनीषमधवाल ने दीप प्रज्ज्वलित किए और सरस्वती माँ की समक्ष पुष्पप अर्पित किए।	कार्यक्रम के उद्घाटन में विद्यालय के उप-प्राचार्य अनिलकोटनाला निर्णायक, विशेष अतिथि, राजकीय-स्नातकोत्तर कॉलेज के भौतिक सहायक प्रोफेसर डॉ. डी. एस. चौहान, रसायन विज्ञान के सहायक प्रोफेसर डॉ. सुरेश कुमार, जीव विज्ञान के प्रवक्ता मनीष माधवाल ने दीप प्रज्ज्वलित किया और सरस्वती माता के सामने पुष्प अर्पित किये।
9	जनवरी दिनाङ्क सबके लिये बहुत विशेष दिन था ।	जनवरी की तारीख सबके लिये बहुत खास दिन था।
11	अरब देशों ने इस्राइल पर बमबारी करने का आरोप लगाया है. लेकिन इजराइल ने इस पर रोक लगा दी.	अरब देशों ने आरोप लगाया है कि बमबारी इजरायल द्वारा की गई थी। लेकिन इजरायल ने इसे प्रतिबंधित कर दिया है।
3	आठवें वर्ष पर्यन्त की थी।	आठ वर्ष तक किया।
1	कष्ट, पौड़ा	कष्ट
4	हम लोग फल खाते हैं।	हम लोगों द्वारा फल खाया जाता है।
10	पर्यटन विकास निगम के उपाध्यक्ष आरएस बाली ने कहा कि वह कांगग्रेस की महत्वाकांक्षी हैं.	पर्यटन विकास निगम के उपाध्यक्ष आर. एस. बाली ने कहा कि कांग्रेस की महत्वपूर्ण जीत है.
6	सात नए रेल लाइन की लाइन को उत्पादन किया जाना है।	सात मील की रेल के उपरचेट्स बनाए जाने हैं।
8	पूरे दिन तक (भर) सोता हुआ यह कैसे हमारी रक्षा करेगा।	पूरा दिन तक सोते हुए ये कैसे हमारी रक्षा करेंगे।
6	रात साढ़े तीन बजे दो चोर घर में घुसे।	रात साढ़े तीन बजे दोनों चोर घर में घुस गए।
1	तय	स्थिर
3	विनय (नम्रता	विनय से योग्यता प्राप्त होती है।
6	वृद्ध बालों के लिए प्रेतकार्य नहीं करते थे।	वृद्ध बालकों के प्रेत कार्य नहीं करते थे।
1	प्रयत्न	कर्म
6	तुम्हारे पास केवल आधा घंटे का समय है।	तुम्हारे पास केवल आधा घंटा है।
5	पाँच मिनट तक दोनों ने विश्राम किया।	पाँच मिनट तक दोनों ने विश्राम किया।
3	वे दोनों शान्त हुए।	वे दोनों बेचैन हों।
5	लैंडर की गति को धीमा किया जा रहा था।	लैंडर की गति धीमी कर रही थी।
14	मुख्यमंत्री के पूछे जाने पर सति रजीना ने कहा कि वह पूर्ण शिक्षण शुल्क, रूपया और कोश धन (बोझ) को प्राप्त करती है।	मुख्यमंत्री से पूछे जाने पर रेजिना ने कहा कि वह पूरी शिक्षणशुल्क, रुपये का कोष भी पा रही है।
6	अतः व्यवसाय में बहुत लाभ नहीं है।	इसलिये व्यवसाय में बहुत लाभ नहीं है।
13	हर साल चुड़िया पर स्थित शिरगुल देवता मंदिर की द्वारपाल ने दिसंबर को प्रतिबन्ध किया और अप्रैल को बैसाखी तक की चुड़िया यात्रा पर प्रतिबंध लगा दिया है।	हर साल चूड़धार पर स्थित शिरगुल देवता मंदिर के दरवाजे दिसंबर को बंद कर दिए जाते हैं और अप्रैल में बैसाखी तक चूड़धार यात्रा पर प्रतिबंध लगा दिया जाता है।
6	टांडा चिकित्सा महाविद्यालय में पहली बार ऐसी चिकित्सा शुरू हुई है।	टांडा चिकित्सा महाविद्यालय में पहली बार ऐसी चिकित्सा शुरू की गई है।
1	उत्तपन्न करते थे	हुआ।
1	अस्तित्व अनुसार	गुणों के अनुसार
1	खोदता है।	खोदना
4	वह दुष्ट आत्मा अन्याय से राज्य करता था।	उस नेत्रहीन ने अन्य के द्वारा राज्य किया।
8	हे कौन्तेय ! श्रद्धा से युक्त जो भक्त अन्य देवताओं को पूजते हैं, वे भी मुझे ही अविधिपूर्वक पूजते हैं।।	जो अन्य देवता भक्त श्रद्धापूर्वक यज्ञ करते हैं, वे भी विधिपूर्वक मुझे ही यज्ञ करते हैं।।
1	जागने के लिए ।	जागने के लिए
6	अब शुल्क भी अनिवार्य होगा।	अब शुल्क की प्राप्ति भी अनिवार्य होगी।
6	श्रीकृष्ण के चित्र की उपासना तो सभी करते हैं।	श्रीकृष्ण के चित्र की उपासना तो सभी करते हैं।
13	इन युवाओं को minimum शिक्षा मिलनी चाहिए और खेती के क्षेत्र में अपना व्यक्तित्व बनाने के लिए इच्छुक होना चाहिए।	इन युवाओं को न्यूनतम शिक्षा होनी चाहिए और कृषि व्यवसाय में अपना व्यक्तित्व बनाने के इच्छुक होने चाहिए।
9	उसके बाद राक्षसराज को उसके चिता में रखकर विभीषण ने विधिपूर्वक अग्नि दी।	फिर राक्षसराज को उसकी कुर्सी पर रखकर विभीषण ने विधिपूर्वक आग लगा दी।
3	जो कार्य कल करना है, उसे आज ही कर लेना चाहिए।	कल काम आज करिये।
12	वे उस पक्ष के विभिन्न चरणों में कार्य करते हुए उस वर्ष पक्ष के अध्यक्ष बने।	वह उस पक्ष में विभिन्न पदों पर कार्यरत थे और उस वर्ष पक्ष के अध्यक्ष बने।
7	बुधवार को सेंसेक्स कमता के साथ खोला गया	बुधवार को सेंसेक्स कम से कम खुल गया।
4	वह स्वामी अक्षयानन्द हैं।	वह स्वामी अक्षयानन्द है।
7	कन्ग्रेज सरकार ने एक वर्ष में तीनवचन पूरे किये।	कांग्रेस सरकार ने एक वर्ष में तीन वचन पूरे किये।
3	पांच बजे से ध्यानसत्र शुरू होगा।	पाँच बजे से ध्यान सत्र शुरू होगा।
8	वेस्टमिंस्टर ने बाद में रानी को श्रद्धांजलि दी।	बाद में वेस्टमिंस्टर अबी पहुँचकर रानी को श्रद्धांजलि दी।
8	अतिथियों का स्वागत प्रांतमंत्री डॉ. चंद्रप्रकाश ने किया।	अतिथियों का स्वागत प्रांत मंत्री डॉ. चंद्रप्रकाश उप्रेती ने किया।
7	पुनः हिमाचल में उत्सव का मौसम बन गया है।	पुनः हिमाचल में उत्सव का मौसम बन गया है।
7	उन्होंने इस परंपरा को अपने जीवन में आगे किया है।	उन्होंने इस परंपरा को अपने जीवन में भी आगे किया।
6	कुछ लोगों ने ध्यान भी किया	कुछ लोगों ने ध्यान भी किया।
4	वह मिर्ची तलता है ।	वह मिर्ची तलता है।
8	तब सेगृहीतप्रहरण राक्षस सेना और वानरों का बड़ा बल निश्चयपूर्वक एक साथ हो गया।	उसके बाद पराजित राक्षसों की सेना और वानरों की बड़ी सेना बेहोश हो गई।
1	देखते हैं।	देखते हैं
7	संयुक्त राष्ट्र महासभा की अध्यक्षता आज शीर्ष पर है-विश्वास की पुष्टि	संयुक्त राष्ट्र महासभा की अध्यक्षता का शीर्षक अब है-विश्वास का पुनर्गठन
7	काश्य का यह परिवार समृद्ध, विद्वान् और भगवद्भक्त था।	काशी में यह परिवार समृद्ध, विद्वान और भगवद्भक्त था।
13	''रसरत्नसमुच्चय''और यहाँ इसके बाद भौर/ सुश्रुतसंहिता में भी ऐसा संस्कार दिखता है।	"रस रत्न समुच्चय" यहाँ भी इसके बाद चरक/सुश्रुत संहिताओं में भी ऐसा संस्कार दिखाई देता है।
9	इला – चिंता मत करिये भैया ! अब चित्र ले लीजिये।	इला-चिन्ता मत करो भाई! अब चित्र ले लो।
4	पुरोचन को दोष से	पूर्व वचन को दोष से नहीं मानते हो।
3	ऐसा क्या ?	\u093C ऐसा है क्या?
13	यहां आशा है कि यह वाणी प्रक्रिया के अनुसार''पुरा''इसका तात्पर्य यह है कि शब्दाटु काप्रत्यय आवश्यक ही होता है, परन्तु नियमप्राप्त तालाब का गोप नहीं होता है।	यहाँ यह बात है कि पाणिनि प्रक्रिया के अनुसार "पुरा" इस शब्द का प्रत्युपात आवश्यक ही होता है, परन्तु नियम से प्राप्त तुडागम नहीं होता है।
5	सावित्री इस अपमान को सहन न कर सकी।	सावित्री इस अपमान को सहन नहीं कर सकी।
25	स्कूलों के लिए कम अनुबंध-कक्षाओं में संस्कृत शिक्षकों की नियुक्ति, संस्कृत महोत्सवों में विभाग के विद्यार्थियों की भागीदारी, उन्होंने खुफिया परीक्षाओं में अधिकारियों के उलटफेर जैसे मुद्दों पर संगठन द्वारा आयोजित शिक्षकों और छात्रों के अधिकारों की रक्षा के लिए आंदोलनों में एक जन प्रतिनिधि के रूप में हर संभव सहयोग और सहायता की घोषणा की।	स्कूलों का निन्मिलन-कक्षाओं में संस्कृत शिक्षकों की नियुक्ति, संस्कृत उत्सवों में विभाग के छात्रों की भागीदारी, उन्होंने शिक्षणवृत्ति परीक्षाओं में अधिकारियों की वापसी के लिए संगठन द्वारा आयोजित शिक्षकों और छात्रों के अधिकारों के संरक्षण के आंदोलनों में जन प्रतिनिधि के रूप में सभी प्रकार के सहयोग और सहायता का घोषणा की।
5	प्रतिदिन लोग धन अवश्य ही गिनते हैं।	प्रतिदिन लोग धन अवश्य गिनते हैं।
13	आपको अपने रोजमर्रा के कर्तव्यों को निभाने में ईमानदार होना चाहिए। आपको सफलता और असफलता के मोह को त्याग देना चाहिए। ऐसा संतुलन योग के जरिए हासिल किया जा सकता है।	योग में स्थित होकर कर्म करो और धनञ्जय संग को त्यागकर सिद्ध सिद्ध होकर समत्व योग कहलाता है॥
5	उनका प्रेणादायक प्रवचन मैंने सुना था।	उनका प्रेरणादायक प्रवचन मैंने सुना।
7	यह घोषणा राज्य में ६६ लाख कर्मचारीों के लाभ के लिए होगी।	यह घोषणा राज्य में 2,66 लाख कर्मचारियों के लाभ के लिए की जाएगी।
4	रास्ते में भी संस्कृत सम्वाद होता है।	रास्ते में भी संस्कृत सम्वाद होता है।
3	दोनों ने पढ़ा।	वे दोनों पढ़े।
1	है प्रदर्शन	कहा जाता है।
9	वह सत्य और शीलवान तथा सभी भोगों से रहित होकर स्वाध्याय करने के कारण अत्यन्त धर्मपरायण हो गया।	वह सत्यवान शीलवान सभी भोगों में असंतुष्ट स्वाध्ययन से अत्यन्त धर्मपरायण हो गया।
14	उच्च न्यायालय ने कल पुलिस कमांडर कुंडू और पुलिस अधिकारी कांगड़ा शालिनी को वर्तमान पद से निकालने का आदेश दिया था।	दिसंबर को उच्च न्यायालय ने पुलिस महानिदेशक कुंडू और पुलिस अधिकारी कांगड़ा शालिनी को वर्तमान पदों से हटाने का आदेश दिया था।
3	आप विद्यालय जाईये।	आप विद्यालय जाईये।
1	तिल	तिल
11	वह श्रीरामचन्द्रजी की परिक्रमा कर उन्हें साष्टाङ्ग प्रणाम करने के पश्च्यात भक्ति से गदगद कण्ठ होकर हाथ जोड़कर कहने लगा । ॥	श्रीरामचन्द्रजी की परिक्रमा कर उनके चरणारविन्दों को प्रणाम किया और भक्तिपूर्वक भक्तिपूर्वक प्रणाम किया॥
9	उद्योग मंत्री ने कहा कि मुख्यमंत्री सुक्खू इस दुखद घटना से पीड़ित हैं।	उद्योग मंत्री ने कहा कि मुख्यमंत्री सुक्खू इस दुखद घटना का शिकार हैं।
7	कोर्ट ने कल के फैसले को रद्द करते हुए वाराणसी में कर्फ्यू लगा दिया.	कोर्ट ने कल का निर्णय लेकर वाराणसी में निषेधाज्ञा लागू कर दी।
10	हिमाचल उच्च न्यायालय के आदेश के बाद राज्य सरकार ने डीजीपी संजय कुंडू को पद से हटा दिया है।	हिमाचल उच्च न्यायालय के आदेश के बाद राज्य सरकार ने डीजीपी संजय कुंडू को पद से हटा दिया है।
4	वह तो करीब-करीब  बच गया।	वह कीचड़ से मुक्त हो गया।
10	देवभूम के कुल्लो आराध्य देव भगवती रघुनाथ ने अयोध्या में राम मंदिर की प्रतिष्ठितता का निमंत्रण स्वीकार किया है।	देवभूमि के कुल्लू आराध्य देवता भगवान रघुनाथ ने अयोध्या में राम मंदिर की स्थापना का निमंत्रण प्राप्त किया है।
8	राज्य सरकार ने अनाथ बालकों को''राज्य के बच्चे''एक दत्तक ग्रहण किया है.	राज्य सरकार ने अनाथ बालकों का "राज्य के बालकों" यह दत्तक ग्रहण किया है।
6	परिस्थितियों को अवसर मानकर मेरे पास आओ और विद्या प्राप्त करो।	विपत्तियों और प्रतिकूल मुझे विद्या प्रदान करें।
7	सतीश – रास्ते में कुत्ते दौड़ रहे थे।	सतीश-रास्ते में कुत्ते दौड़ रहे थे।
4	अब सब जगह कूड़ादान दिखता है।	अब सब जगह कूड़ेदान दिख रहा है।
7	उसने समानबोध किया ईश्वर सबव्यापक और सबदर्शी हैं।	उन्होंने समान रूप से समझाया-ईश्वर सर्वव्यापी और सर्वदर्शी है।
1	कदम	स्थान
6	एक उच्च वर्ग के धनवान ने भी गुरुजी को मिष्ठान दी।	एक उच्च वर्ग के धनी ने भी गुरु को मिठाई दी।
12	''दक्षिण रिचमोंट हिल''यह प्रतिमा वर्तमान तुलसी मंदिर के सामने स्थापित की गई थी।	"दक्षिण रिच माँट हिल" इस प्रतिमा को वर्तमान तुलसी मंदिर के सामने रखा गया है।
3	कार्यालय के पात्र धोता है।	कार्यालय के बर्तन धोता है।
1	सन्देश देकर	सन्देह करके
17	''बाहूबली'', ''आरआर.आर'' इत्यादि सफल फिल्में बनाने वाले एस.एस. राजामौली एसएसएमबी''इस फिल्म के कारण इस खबर में है.	"बाहुबली", "आरआरआर" और अन्य सफल-फिल्मों का निर्माण करने वाले एसएस राजामौली एसएसएमबी 29 "इस फिल्म के कारण यह बात चल रही है.
11	जनार्दन का माँ भर कहना था कि गुरुजी उठ कर फीके चेहरे के साथ कहते हैं तो ऐसा करो।	श्मशान अर्थात् मातामात्र में जनार्दना में उठ कर वर्णवदना दीन होकर गुड\u093Cबड\u093Cा तो ऐसा करो।
3	बिटिया पानी लेती है	बेटी पानी ले जाती है।
4	राजा ब्राह्मण को धन देता है।	राजा ब्राह्मण को धन देता है।
15	वित्त मंत्री निर्मला सीतारमण ने कहा कि तमिलनाडु राज्य के जलास्खलन से प्रभावित क्षेत्रों में लगभग 2,000 लोगों की रक्षा की गई है।	वित्त मंत्री निर्मला रेलमार्ग ने कहा कि एनडीआरएफ ने तमिलनाडु राज्य के बाढ़ प्रभावित क्षेत्रों से दो हजार से अधिक लोगों की रक्षा की है।
8	दैनिक वेतन में से 400 रुपये प्रतिदिन 25 रुपये की वृद्धि के साथ प्राप्त करें।	दैनिक वेतन पाने वाले प्रतिदिन 400 रुपये 25 रुपये की बढ़ोतरी के साथ प्राप्त करेंगे।
6	विभा – कहाँ है वो ?	विभा-वह कहाँ है?
9	पेट्रोल-डीजल तेल के दाम 35 रुपये प्रति लीटर बढ़ जाएंगे.	एक लीटर पेट्रोल तेल और डीजल तेल की कीमत में 35 रुपये का बढ़ोतरी होगी।
12	''सीपीएन',वह नेपाली कांग्रेस सहित आठ राजनीतिक दलों के गठबंधन के उत्तराधिकारी थे।	"CPN", वे नेपाली कांग्रेस जैसे आठ राजनीतिक दलों के गठबंधन के स्थान पर थे।
13	और ये गुरुजी, नरवर में धृतिमान् लोगों द्वारा अर्चनीय हैं। ब्राह्मणों, शाब्दिकों और श्रुतिमान् लोगों द्वारा पूजनीय हैं। वेदान्तियों और धनवानों के द्वारा भी समर्चनीय हैं । अरे, वे शास्त्रों के पथिक, किसके द्वारा पूज्य नहीं हैं? अर्थात सभी के द्वारा पूजनीय हैं।	वह गुरुनौरवर में धैर्य, बुद्धि, ब्राह्मण, शाब्दिक गणों, श्रुतियों, वेदों और अन्य सभी धन वालों से शास्त्रों के पाठकों के विषय में कुछ भी न पूछे।
7	दूर के क्षेत्रों में टीकाकरण अच्छा नहीं किया जाता है।	दूरदराज के क्षेत्रों में टीकाकरण अच्छी तरह से नहीं किया जाता है।
6	उनमें से एक थे खुदीराम बोस जी।	उनमें से एक खुदीराम बोस थे।
23	यह यज्ञ के कार्य में स्वाभाविक प्रगटता का ज्ञान है, जिसे समय पर नहीं पढ़ना चाहिए। २) ऊहः-यज्ञ के कार्य में स्वाभाविक प्रगटता का ज्ञान है, ऐसा कहा जाता है।	इस ज्ञान को ववयाकर के अध्ययन से प्राप्त नहीं किया जा सकता है। 2) अनुमान-यज्ञ के कार्य में प्रकृति के आगम के रूप में किए जाने वाले मन्त्रों में जो देवता आदिवाचक पद होते हैं, उन्हें देवता आदि के शोधन के लिए विफल कहा जाता है।
18	लगभग करोड़ रुपये के खर्च के साथ, बस स्टेशन की लेन-देन के बाद सभी सुविधाओं से सुसज्जित एक विशाल द्वारपाल बन जाएगा, जिसमें यह यंत्र लगाया जाएगा।	लगभग करोड़ रुपये के खर्च से बस स्टेशन की नयना देवी के पास सभी सुविधाओं से सुसज्जित एक बड़ा आगमन भवन बन जाएगा, जहां यह यन्त्र स्थापित किया जाएगा।
10	फल के प्रभाव से सूर्य बादलों में छिपा हुआ है, संध्या की घड़ियाँ बना दी गई हैं।	परिणामस्वरूप सूर्य मेघों में छिपा हुआ हो गया और सन्ध्या का भ्रम बन गया।
11	झारखण्ड के मुख्यमंत्री हेमन्त-सरोन की नई दिल्ली में आवास प्राप्त किया गया।	झारखंड के मुख्यमंत्री हेमंत-सोरेन ने नई दिल्ली में निवास किया।
15	मेरा आगमन का प्रयोजन है कि दोनों परिवारिक पक्षों के बीच में शान्ति स्थापित हो यही सबका कल्याण होगा।	मेरे आने का उद्देश्य है कि दोनों परिवार पक्षों के बीच शांति स्थापित हो जाए तभी सभी का कल्याण होगा।
7	प्रकृति की रक्षा से ही संसार की रक्षा हो सकती है। इसमें संदेह नहीं है।	इसमें कोई संदेह नहीं कि प्रकृति की हानि से ही लोक रक्षा हो सकती है।
5	उनके साथ साइकिल चलाने वाले भी निकलते हैं।	उनके साथ साइकिल चलाने वाले भी निकलते हैं।
10	विभीषण ने महात्मा गन्धर्वराज शैलुष की बेटी को धर्म ज्ञाता सरमा से विवाह किया।	और विभीषण ने महात्मा गन्धर्व राजा शैलश की बेटी धर्म ज्ञाता शर्मा की पत्नी को प्राप्त किया।
12	यह गौरतलब है कि इंटरनेट-पत्र निर्माण में कुछ समय पहले जब तक अंग्रेजी का ही एकाधिकार था या प्रभुत्व था।	ध्यान है कि इंटरनेट-पत्रकारिता में कुछ समय पहले तक अंग्रेजी भाषा पर ही एकाधिकार या सरकार थी।
9	जो व्यक्ति प्रसन्नता पूर्वक अहर्निश अध्यात्मरामायण का गान करता है उसकी आज्ञा के लिये इन्द्रादि देवगण प्रतीक्षा करते हैं ॥	जो पुरुष अधात्मरामायण का महर्निश गान करता है, उसकी आज्ञा की देवताएँ इन्द्र के पास जाने की प्रतीक्षा कर रही हैं॥
3	विद्यालय के चौकीदार को निवेदन करती है।	विद्यालय की चौकीदार से निवेदन करता है।
4	अभी मैं केरल में हूँ।	अभी मैं केरल में हूँ।
5	हाल ही में तो रसायन मिश्रितकृत्रिम खुशबूदार पदार्थों का प्रचलन बढ़ रहा है।	अब तो केमिकल मिश्रित कृत्रिम सुगंधित दवाओं का प्रचलन बढ़ रहा है।
19	आयोग ने कहा कि, राजनीतिक दलों को निर्देश दिया गया है कि वे दीवारों के बर्तन में, पुस्तिका के प्रसार में, प्रचार-सभा में होने के साथ किसी भी रूप में चुनाव के लिए बालकों का उपयोग नहीं करना चाहते हैं।	आयोग ने कहा कि, राजनीतिक दलों को निर्देश दिया गया है कि वे दीवाल प्लेटों को इकट्ठा करने में, पुस्तिका में, प्रचारसभाओं में स्थिति के साथ किसी भी रूप में बच्चों का चुनाव प्रचार में उपयोग नहीं किया जाना चाहिए।
8	रास्ते में कोई उतरना चाहे तो वाहन रोकता था।	रास्ते में कोई उतरना चाहता था तब वाहन रोक रहा था।
5	उस कारण से विनीत रास्ते में गिर गया।	उसके कारण से विनीत रास्ते में गिर गया।
13	नौ साल पहले शुक्रवार को केंद्र सरकार ने जनवरी-मार्च और त्रैमासिक में एक सुगम विकास योजना के वर्षों की अवधि में निक्षेप वृद्धि की गई।	नौ साल पहले शुक्रवार को केंद्र सरकार ने जनवरी-मार्च तिमाही में सुकन्या समृद्धि योजना के वर्षों के दौरान जमा वृद्धि में बढ़ोतरी की।
7	उस भौरें ने उस बालक की आवाजों की ओर तो ध्यान ही नहीं दिया।	फिर भी, उस मधुमक्खी ने इस बालक का आह्वान तिरस्कृत कर दिया।
15	बीबीएमबी प्रशासन को जलसंसाधन मंत्रालय और इलेक्ट्रिक मंत्रालय के सचिवों के साथ संयुक्त बैठक में पोंगवेट के लोगों को संबंधित प्रक्रियाओं को नियंत्रित करने का निर्देश दिया गया है।	बीबीएमबी प्रशासन को जल संसाधन मंत्रालय और बिजली मंत्रालय के सचिवों के साथ एक संयुक्त बैठक में पोंग में स्थापित लोगों को लटके हुए मामलों को दूर करने का निर्देश दिया गया है।
17	अस्थायी- मन्दिर में रामललाख्य के भगवत बाल-राम को दर्शन देने के लिए आराष्ट्र से श्रद्धालज्जन आए हैं, और आज दर्शन का अंतिम दिन है।	अस्थाई-मन्दिर में रामललाक्षर के भगवान बाल-राम को देखने के लिए आराष्ट्र से श्रद्धालु आ रहे हैं और आज भी दर्शन का अंतिम दिन है।
8	बुद्धि भी बढ़ती है। रोग से हीन शरीर और भाइयों का प्रेम बढ़ता है।	बुद्धि भी बढ़ती है। रोग से दुर्बल शरीर और भाई का प्रेम बढ़ता है।
3	परिवार का मूल आधार पत्नी है।	पत्नी पत्नी।
7	देख, नवीनचन्द्र का मुँह क्यों इतना मलिन है ?	देखो, नए चन्द्रमा का मुख कैसे बहुत गंदा है?
11	मोदी ने कहा, “हमारा संविधान इसके घनिष्ठ मन्थन के बाद बना गया है”, जो कि जीवन्त रिपोर्ट कहा जाता है।	मोदी ने कहा कि जो हमारा संविधान इतने गहन मनन के बाद बनाया गया है, वह जीवित रिपोर्ट कहा जाता है।
4	अंत में पाकिस्तान की पराजय हुई।	अंत में पाकिस्तान की पराजय हुई।
8	हिमाचल प्रदेश के पचास युवा किसान आधुनिककृषि विधि को समझने के लिए जापान जाएँगे।	हिमाचल प्रदेश के एक सौ पचास युवा किसान आधुनिक खेती के तरीकों को जानने के लिए जापान जाएंगे।
8	पृथिवी पर भी चन्द्रमा के छाया के कारण ग्रहण सम्भव है।	पृथ्वी से ही चंद्रमा का ग्रहण छाया के कारण होता है।
8	सुमधुर राग सुनकर लोग और खुश होते हैं	सुमधुर राग सुनकर लोग और भी खुश होते हैं।
5	विशाखा -मैं टमाटर काटती हूँ ।	विशाखा-मैं लाल फल काटती हूँ।
1	प्रयोजन है	उत्पादन
5	मैं रात्रि को शहर नहीं जाता।	मैं रात्रि में नगर नहीं जाता हूँ।
1	गोद में	प्रस्थान में
10	तप अथवा किसी प्रकार की साधना का कार्य एक अकेला व्यक्ति ही अच्छा करता है, यदि दो छात्र मिलकर पढ़ें तो अध्ययन अच्छा होता है और गाने के लिए यदि तीन व्यक्ति मिलकर अभ्यास करते हैं, तो अच्छा रहता है। इसी प्रकार यदि यात्रा आदि पर जाना हो तो कम-से-कम चार व्यक्तिों को जाना चाहिए। खेती आदि कार्य ठीक प्रकार से चलाने के लिए पांच व्यक्तियों की आवश्यकता होती है, जबकि युद्ध में यह संख्या जितनी हो उतना अच्छा है|	अकेले ही तप करते हैं, दो पढ़ते हैं, तीन गाते हैं, चार घूमते हैं, पांचों के द्वारा ही क्षेत्र में प्रवेश किया जाता है।
4	ज्ञान में धर्म होता है इस प्रकार यह धर्मचारी है।	ज्ञान में धर्म है तो धर्म नहीं है।
3	हाँ अवश्य ही	हाँ, अवश्य
3	स्वदेशी टमाटर लाया हूँ।	स्वदेशी लाल फल लाए।
9	हिमाचल प्रदेश विधानसभा क्षेत्र के विधानसभा क्षेत्र में आठवें दिन की कार्यविधि की शुरुआत से पहले भाजपा ने प्रदर्शन किया।	हिमाचल प्रदेश विधानसभा चुनाव के आठवें दिन के कार्य विधेयक से पहले भाजपा ने विधानसभा परिसर में प्रदर्शन किया।
10	टारगेट बॉल की जीत में ऑस्ट्रेलिया की टीम ने 20 गेंदबाजों में 216 रन बनाकर जीत हासिल की.	ऑस्ट्रेलिया ने लक्ष्य हासिल करने के क्रम में 20 गेंदों में 216 रन बनाकर मैच जीता।
13	जो कृषिकर्म करता है, उसके अन्नका अभाव नहीं रहता, जो नीरोग है वह सदा सुखी रहता है और जिस स्वामीकी स्त्री उसको प्यारी है उसके घरमें सदा आनन्द रहता है	जिसके पति के लिए पत्नी सबसे प्रिय होती है, उसका घर सदा ही सुखमय रहता है और उसका नित्य उत्सव सदा ही सुखमय रहता है।
7	विवाह में रेलमार्ग से हॉलीवुड तक तारे भी प्रदर्शन करेंगे।	विवाह में रेलमार्ग से हॉलीवुड तक के सितारे भी प्रदर्शन करेंगे।
8	अहंकार के कारण वह निर्दोषों को भी मारता था	अहंकार के कारण वह निर्दोषों को भी मार रहा था।
8	भूकंप ने कहीं भी किसी प्रकार की हानि नहीं हुई।	भूकंप से कहीं भी किसी प्रकार का नुकसान नहीं हुआ।
4	वह रंगमंच की व्यवस्था देखता है।	रंगमंच की व्यवस्था वह देखता है।
3	शोक सब कुछ नाश कर देता हैं।	शोक सब कुछ नष्ट कर देता है।
17	जिनके (धार्मिकमार्ग पर आचरण किए जाते हुए ) कर्मों को देखकर और ( पुण्यसमन्वित ) वाणियों के प्रवाह को देखकर लोग हर्षित होते हैं तथा धर्म रूपी लक्ष्मी से शोभित होते हैं । उससे उनका जीवन पुष्प की तरह हो जाता है और उनका तनमन सुगन्धि से भर जाता है, वे लोग तत्काल पुण्य को प्राप्त करते हुए सुखी हो जाते हैं ।	जिसके कर्म, वाणी, प्रवाह, लोग हर्ष और धर्मश्रियों को देखकर प्रसन्न होते हैं, जीवन पुष्पित होता है और सूर्य से भरे हुए हैं, उन पुण्य, राक्षस और जीवों के आश्रय में सुख रहता है।
8	उन्हें भारतीय ओलंपिक संघ के नेतृत्व के लिए निर्विरोध चुना गया।	वह भारतीय ओलंपिक संघ के नेतृत्व में प्रतियोगिता के बिना चुनी गई हैं।
1	माँगना	माँगने के लिए
27	अतः आज रविवार के दिन कैसे इन्हें दांतों से छु । हे मित्र । यदि तुम दिल में बुरा न मानो तो प्रातः काल जो तुम कहोगे, वह कर दूँगा। यह कह कर (मृग) के पास ही अपने को छिपा कर बैठ गया।	इसलिए अब भट्टारकर विहार में इन दाँतों को कैसे छुऊँ? मित्र! यदि तुम मन में अन्य बात नहीं मानते हो तो प्रातःकाल जो तुम कहते हो वह करना चाहिए। यह कहकर उसके पास-वह आत्मा को ढांपकर खड़ा था।
7	रात को मैंने एक खिड़की बन्द नहीं की थी ।	रात में मैंने एक खिड़की बन्द नहीं की थी।
3	सभी वाहन रुक गए हैं।	सभी वाहन रुक गए।
8	उस वर्ष सर्वश्रेष्ठ फ़िल्म ने पैसे प्राप्त किये थे।	उस वर्ष सबसे अधिक धन प्राप्त करने वाली फिल्म थी।
4	अभ्यास से सब सरल हो जाता है	अभ्यास से सब सरल हो जाता है।
1	अभी भी खड़ा है	संतुलन
7	शाम को आतेतेते ही आकाश लाल हो गया।	शाम को आते ही आकाश लाल हो गया।
3	राज्याधिकारी की आज्ञा है।	राजपुरुष की आज्ञा है।
7	विविध विद्यालयों के छात्र भी वहाँ बैठे थे।	विभिन्न विद्यालयों के छात्र भी वहाँ बैठे थे।
7	अध्ययन के नतीजे न्यूरो एपिडेमियोलॉजी पत्रिका में प्रकाशित हुए थे।	अध्ययन का परिणाम न्यूरो एपिडेमियोलॉजी अखबार में ही प्रकाशित हुआ।
4	रविवार को गाँधीधाम में संस्कृत सम्मेलन होगा।	रविवार को गांधीधाम में संस्कृत सम्मेलन होगा।
3	संचालक कहाँ खड़ा रहेगा ?	संचालक कहाँ रहेगा?
6	ऋचा – मैं अस्पताल में नर्स हूँ।	ऋचा-मैं अस्पताल में नर्स हूँ।
6	अब वह इस प्रकार बड़बड़ाते हुए अपना समय बिताती है।	अब वह इस प्रकार दिखावा करके अपना समय बिताती है।
11	जैसे-जैसे संसाधन बढ़ते हैं, वैसे-वैसे प्रत्येक वचन चरणबद्ध रूप से पूर्ण होगा।	जैसे-जैसे संसाधन बढ़ते हैं वैसे-वैसे हर वचन चरणबद्ध रूप से पूरा हो जाएगा।
7	मेरी पत्नी – ओह नहीं मत लीजिये।	मेरी पत्नी-ओह नहीं ले लो।
17	देवराज ब्रह्मा और वरुण ने मेरे लिए वरदान दे दिया, और महादेव की कृपा से पिता के साथ मेरा संवाद हो रहा है, यह सब तुम भरता को बताओ।	महेन्द्र, ब्रह्म और वरुण के द्वारा मेरे लिए वरदान, महादेव प्रसाद के साथ पिता के साथ मेरा संवाद यह सब तुम भरत को निवेदन करो।
6	क्या वे सज्जिता के रूप में सुशय्या नहीं दिख रही हैं?,	वह सुसज्जा है वा सूस्या दिख रही है?,
17	कार्यक्रम में प्रधानमंत्री के साथ विशिष्ट चर्च में चार हजार प्रतिभागियों के साथ एक विशिष्ट पुटक भी समर्पित किया जाएगा।	कार्यक्रम में प्रधानमंत्री के साथ विशिष्ट चर्चा के लिए चार हजार प्रतिभागी शामिल होंगे। इन प्रतिभाओं को एक विशिष्ट पुटक दिया जाएगा।
5	पाँच मिनट तक दोनों ने विश्राम किया।	पाँच मिनट तक दोनों ने विश्राम किया।
22	द्वापरयुग में लीलापुरुषोत्तम भगवान श्रीकृष्ण का यह भारतरूपी पुण्य भूमि पर जो उतरना हुआ था, वह अधर्म के विनाश के लिए, धर्म की पुनःप्रतिष्ठा के लिए, सत्कर्मों के स्थापित करने के लिए, भक्तों के लिए, और सीधे अनुकम्पा देने के लिए भी था।	द्वापरयुग में लीलापुरुषोत्तम भगवान श्रीकृष्ण का इस भारत के पराक्रम भूमि पर जो उतरना हुआ था, वह अधर्म के विनाश के लिए, धर्म की पुनःप्रतिष्ठा के लिए, सत्कर्मों की स्थापना के लिए, भक्तों के लिए और साधु-सज्जन पुरुषों के लिए सीधे अनुकम्पा के लिए था।
7	इसके लिये शीघ्र ही यह उपकरण रख दिया जाएगा।	इसके लिए जल्द ही यह उपकरण स्थापित किया जाएगा।
11	केरल में आज से श्रावणी उत्सव शुरू होने से विभिन्न उद्योगों में कारोबार करने वाले लोग और केरलवासी चिंतित हैं।	चूंकि केरल में आज सावन उत्सव शुरू हो रहा है, इसलिए विभिन्न उद्योग क्षेत्रों में काम करने वाले लोग और केरलवासी खतरे में हैं।
1	स्वतन्त्र	स्वाधीन
5	विभिन्न पुरस्कार विजेता राज्यों के प्रतिनिधियों के साथ आंतरिक सत्र आयोजित किया गया।	विभिन्न पुरस्कार विजेता राज्यों के प्रतिनिधियों के साथ बातचीत सत्र आयोजित किया गया।
6	शिक्षा ही जीवन के समान है - उत्तम सर्वोत्तम काम करने में समर्थ हैं।	शिक्षा ही जीवन का लक्ष्य है-उत्तम और उत्तम करने में समर्थ है।
3	कचरा डब्बे में डालती है।	कूड़ा बर्तन में डालता है।
6	मेरे घर एक पँखा है ।	मेरे घर एक पंखा है।
23	मौसम विभाग की रिपोर्ट के अनुसार, शिमला में पिछले दिनों सबसे कम तापमान सात डिग्री सेल्सियस है, वानरा में छह डिग्री सेल्सियस, बिलासपुर में डिग्री सेल्सियस, हमीरपुर में डिग्री सेल्सियस की रिकॉर्ड हुई।	मौसम विभाग की रिपोर्ट के अनुसार, पिछले दिनों होराओं में सबसे कम तापमान शिमला में सात डिग्री सेल्सियस, उना में छह डिग्री सेल्सियस, बिलासपुर में डिग्री सेल्सियस, हमीरपुर में डिग्री सेल्सियस दर्ज किया गया था।
4	मैने सारी रात आँखों में काटी।	चारों ओर से निकले हुए मेरे बच्चे का सुबह का समय था।
1	पूर्ण मोह	भ्रम
13	समाज में तीन हाथ के माप वाली लोहे की छड़ी को हाथ में लेकर चलते हुए गजधर अब शिल्पी के रूप में आदर नहीं पाते हैं।	समाज में तीन हाथ की-परिमाणात्मक लोहे की छड़ी को हाथ में लेकर चलने वाले हाथी अब मूर्तिकार के रूप में नहीं माने जाते हैं।
20	सीबिन-सी ने कहा कि ऐसे क्षेत्रों में गिल द्वारा चलाए गए जागरुकता अभियान, याचिकाएँ मतदाताओं को प्रेरित करेंगे, और वोटों की संख्या को बढ़ाने में मदद करेंगे।	सिबिन-सी ने कहा कि ऐसे क्षेत्रों में गिल द्वारा चलाए गए जागरूकता अभियान, आह्वान भी मतदाताओं को प्रेरित करेंगे, और मतदान की प्रतिशतता को बढ़ाने में मदद करेंगे।
4	इसीलिये वे फील्ड मार्शल बने।	इसीलिए वह समरांगना के अध्यक्ष बने।
6	और बाण धारण किए हो। तो भी मेरे रहते सीता को लेकर नहीं जा सकोगे।	मेरे पास जाने के लिए कुशल नहीं होगे।
5	खाज हो तो पाठा, रसोत, शहत तथा गरम कांजी इनका लेप करे या इनमें तेल पकाकर मले ॥	पाठ, रस, अचार, क्षौद्र, सादु, उष्ण और कांजीक।
5	कहीं भोजन किया वा नहीं ?	किसी ने भोजन किया क्या?
10	काम में उसकी पारदर्शिता को देखकर डाॅ नीलकन्त ने उसे कानपुर ले आए।	काम में उसकी पारदर्शिता देखकर डॉ. नीलकान्त उसे कानपुर ले आए।
1	तुल्य	समान
7	व्यक्ति कुटुम्बार्थ, कुटुम्ब राष्ट्रार्थ और राष्ट्र भी मानवतार्थ होता है।	व्यक्ति परिवार के लिए, परिवार राष्ट्र के लिए और राष्ट्र मानवता के लिए होता है।
8	उसी प्रकार अन्य भी हमारे पक्ष में बहुत से वीर हैं।	उसी प्रकार अन्य बहुत से वीर हमारे पक्ष में हैं।
18	उत्तराखंड विद्यालय शिक्षा परिषद-नीनीनीताल से उच्च विद्यालय में कक्षा में क्रमशः प्रथम द्वितीय तृतीय पुरस्कार जीता गया गगनदीप, अभिषेक, आजादक्ष और गुरुकुल कांगडी विश्वविद्यालय हरिद्वार से क्रमशः सुप्रभा, दिनेशचंद्र, प्रीति ने प्रथम द्वितीय तृतीय पुरस्कार जीता।	उत्तराखंड विद्यालय शिक्षा परिषद-नैनीताल के उच्च विद्यालय में कक्षा में क्रमशः गगनदीप को प्रथम द्वितीय तृतीय पुरस्कार मिला, अभिषेक, आजादक्ष और गुरुकुल कांगड़ी विश्वविद्यालय हरिद्वार से क्रमशः सुप्रभा, दिनेश चंद्र, प्रीति को प्रथम द्वितीय तृतीय पुरस्कार मिला।
18	उसे देखते ही वह राजा कामदेवके वाणसे पीडित (कामसे आशित) हो गया और इसी प्रकार वह कन्या भी उसे देखकर कामबाणसे अधीर (मोहित) हो गयी। कामके बाणोंसे विवश होकर वे दोनों अचेत से हो गये। राजा घोड़ेकी पीठपर रखे हुए आसनसे खिसककर पृथ्वीपर गिर पड़ा और इच्छाके अनुसार अपना रूप बना लेनेवाले महात्मा गन्धर्वलोग उसके पास जाकर उसे जलसे सींचने लगे। (फिर) वह दूसरे ही क्षण चेतनामें आ गया। तब अप्सराओंने उसे मधुर वचनरूपी जलसे भी आश्वस्त किया और उसे उठाकर उसके पिताके घर ले गर्यो ।	काममार्ग से पीड़ित उस राजा का दर्शन करने के कारण ही वह राजा उत्पन्न हुआ और उसे देखकर ही वह काम बाणधारी बन गया। उसे देखकर महात्मन् गन्धर्वजी और कामरूपी लोग भयभीत हो गये। इस प्रकार एक क्षण में ही श्रीविष्णुजी के दर्शन से यह ज्ञान प्राप्त हुआ।।
14	एक अन्य आगे-आने पर छठे-हिलोग्राम भार वर्ग में सेना के बाईं तरफ से लम्बोरिया ने महाराष्ट्र के पूनमकाउंट को हरा दिया।	एक अन्य प्राग-उपान्त्य चक्री प्रतिद्वंद्वी में छठी-किलोग्राम भार वर्ग में सेना के जैसिं लम्बोरिया ने महाराष्ट्र की पुणे सीट पर जीत हासिल की।
6	सभी समिति सदनों की विशेष मार्गदर्शन से कार्यक्रम सफल रहा।	सभी समिति सदस्यों को विशेष मार्ग दिखाने के साथ कार्यक्रम सफल रहा।
10	जब अपने दोनों चरण कमलों से तेरी आश्रयशिला का स्पर्श करेंगे, उस समय तू पापरहित हो जायेगी, और भक्तिपूर्वक श्री रामचन्द्र जी का पूजन कर उनकी परिक्रमा और नमस्कार पूर्वक स्तुति करके तुम शाप से मुक्त हो जाओगी तथा पूर्ववत् तुम सुखपूर्वक मेरी सेवा कर सकोगी ॥	हे धुतपापा! जब तुम्हारा आश्रय शिला के चरणों से पार हो जाएगा, तब तुम भक्तिपूर्वक राम को प्राप्त करोगे।।
4	पुरुषार्थ (मेहनत) से ही लक्ष्य की प्राप्ति सम्भव है।	पुरुष के द्वारा ही लक्ष्य प्राप्त किया जाता है। (प्रकाश)
6	"सीता माता को छोड़ दीजिये " ऐसा रावण की सभा में कहा।	सीता माता को छोड\u093Cें, उन्होंने रावण की सभा में कहा।
4	बाजार ने कहा वह आपने अपहरण कर लिया है।	सर्प ने कहा "वह तुम्हारे द्वारा अपहरण कर लिया गया।"
7	गिरफ्तारी अभियान में सात जिलों के सैकड़ों आरक्षकों ने भाग लिया।	सात जिलों से आए सैकड़ों आरक्षियों ने निरोध प्रक्रिया में भाग लिया।
10	उस समय यह ही फैशन था, यह ही अनुराग था।	उस समय यह ही फैशन था, यही अनुराग था।
9	अनुद्योगी को उम्मीद है कि इस कमीशन के कार्यालय में शीघ्र ही भर्ती हो जाएगी।	बेरोजगार लोग इस आयोग के कार्यालय में जल्द ही नियुक्ति शुरू होने की प्रतीक्षा कर रहे हैं।
5	हाल ही में तो रसायन मिश्रितकृत्रिम खुशबूदार पदार्थों का प्रचलन बढ़ रहा है।	अब तो केमिकल मिश्रित कृत्रिम सुगंधित दवाओं का प्रचलन बढ़ रहा है।
5	पुस्तक, क़लम और दवात मुझे दो	पुस्तक, पेन और चिपकने का पात्र बहुत बड़ा है।
17	फिर रामचन्द्र ने अश्वों, गायों, सौ हजारों बैलों, सौ हिरण्य लोगों को तीन करोड़ रुपये और ब्राह्मणों को नाना प्रकार के वस्त्र दिये।	फिर रामचन्द्र ने घोड\u093Cों, गौओं, सौ हजारों बैलों और हिरण्य के तीन सौ करोड़ महार्ह और अनेक आभूषण ब्राह्मणों को दिये।
9	यहां भी उन्होंने सबके सामने अपने जाग रहेलोकगान स्वर का प्रदर्शन किया।	यहां भी उन्होंने सबके सामने अपने जागरितलोक गायन स्वर का प्रदर्शन किया।
4	सब मिलकर खाना खाते हैं।	सब मिलकर भोजन करते हैं।
5	वे सभी रेलवे स्टेशन से बाहर आते हैं	वे सभी रेलवे स्टेशन से बाहर आते हैं।
7	यह अतिरिक्त प्रेस वाहनों के लिए भी अलग एक स्टेशन होगा।	यह अतिरिक्त प्रेस वाहनों के लिए भी अलग स्टेशन होगा।
8	वे बोलते हैं – तिल के लड्डू खाओ, मीठा मीठा बोलो..!!	वे बोलते हैं-तिल का मोर खाओ, मीठा मीठा बोलो..!!
4	वह सरकार से भूमि मांगता है।	वह सरकार से भूमि मांगता है।
6	श्रीमती जानकीत्रिपाठी ने सबको कृतज्ञता प्रकट की है।	श्रीमती जानकी त्रिपाठी ने सबको कृतज्ञता व्यक्त की।
21	हाँ, धातु सुराष्ट्र रंह को प्राच्य देश और मध्य देश में भी प्रयुक्त किया जाता है फिर भी आर्य गति को दिखाने के लिए प्रायः गम धातु का उपयोग करते हैं।	हम धातु हैं और सूरराष्ट्र रंह धातु का उपयोग पूर्वी देश और मध्य देश में भी किया जाता है फिर भी आर्य तो गति को देखने के लिए लगभग गम धातुओं का उपयोग करते हैं।
3	अनेक प्रशंसायें प्राप्त की गई हैं।	अनेक प्रशंसाएँ मिलीं।
1	अच्छी प्रकार	ठीक
15	जब वह व्यक्ति अपने घर गया तब उसने अपना ट्रंक कहाँ रखा, यह मैं नहीं जानता।	जब वह पुरुष अपने घर गया तब उसने अपना डिब्बा कहाँ रखा है यह मैं नहीं जानता हूँ।
6	दीपिका –हाँ मुझे भी सबने बुलाया।	दीपिका-हाँ मुझे भी सबने बुलाया।
10	उनमें से गुरु का सबसे प्रिय शिष्य विनयशील, अत्यन्त विनयशील और परमज्ञासु हुआ।	उनमें से गुरु का प्रिय शिष्य विनय नामधेय अत्यन्त विनयशील और परमज्ञ थे।
4	खाने योग्य सारी वस्तुएँ आज अशुद्ध (विषैली) वस्तुओं से मिलावटी हो गई हैं। तथा सारी धरती मैली (अशुद्ध) हो चुकी है।	अपवित्र पदार्थ पर आधारित भोजन जल के समान होता है।
15	मंगलवार सुबह कार्यकर्ता और कांग्रेस के अधिकारी घुमरवींनगर के राजेश धर्माणी के घर के बाहर आकर उनका अभिनन्दन किया।	मंगलवार सुबह कार्यकर्ता और कांग्रेस अधिकारी घुमरविनगर के राजेश धर्माणी के घर के बाहर आकर उन्हें बधाई देने आए।
1	नाच	नृत्य
4	नाम बदल कर लिख रहा हूँ	नाम बदलकर लिखता हूँ।
2	जो दैत्य लोग	जो दैत्य हैं
5	व्याकरण अध्ययन करनेवाला आज नहीं आया	व्याकरण का अध्येता आज नहीं आया।
1	जानने की इच्छा	कौतूहल
1	बहुत प्रसिद्ध	बहुत कहा गया
4	उसके बाएँ कोई भी नहीं है।	उसके बाएँ कोई नहीं है।
10	मावळप्रदेश में विभिन्न रूप से जातिजन रहते हैं, मराठी भाषा में *अठरा पगड *इसे देखा जाता है।	मावल प्रदेश में विभिन्न रूपों में जाति के लोग रहते हैं, मराठी में * अठारह पगड़ * ऐसा कहा जाता है।
3	गायें बन में चरा।	गा वन में चराइये।
4	मन्दिर के मैदान में स्वच्छता हो गई ।	मंदिर के आँगन में स्वच्छता हो गई।
3	वह दान देता है।	वह दान देता है।
4	वह भूमि पर रंगोली करती है।	वह भूमि पर रंगोली करती है।
10	भारत द्वारा अपने दम पर बनाया गया पहला विमानवाहक पोत''निडर''इसे प्रधानमंत्री द्वारा देश को सौंपा जाएगा।	भारत द्वारा अपना निर्माण किया गया पहला विमानवाहक जहाज "विक्रांत" प्रधानमंत्री द्वारा राष्ट्र को समर्पित किया जाएगा।
6	भ्रष्टाचार के कारण राजकोष में एक करोड़ से अधिक रुपये का नुकसान हुआ।	भ्रष्टाचार के कारण राजकोष में 60 लाख रुपये से अधिक एक करोड़ रुपये की हानि हुई।
16	मैं तो यहाँ तक निलोभी हूँ कि अपने हाथ का कंगन भी जिस किसी को देना चाहता हूँ। फिर भी बाघ मनुष्य को खाता है, यह लोकापवाद मिट नहीं सकता। क्योंकि -	हे राम! जो मेरे चित्त को प्रसन्न करने वाले हैं, जो अपने हाथ में रखा हुआ भी सोने का कंकण किसी को देना चाहते हैं। फिर भी व्याघ्र मनुष्य है, इस प्रकार का लोकप्रिय तर्क दुर्जन है क्योंकि -
7	इस संबंध में बुधवार को राज्य के राजभवन द्वारा अधिसूचना प्रसारित की गई है।	इस संबंध में प्रदेश के राजभवन ने बुधवार को अधिसूचना जारी की है।
6	उद्यमी लड़की हमेशा उत्तम पुष्पमाला बनाती है।	उद्यमी बालिका हमेशा उत्तम पुष्पमाला करती है।
8	पुस्तक के रूप में देने के बाद सराहनीय कार्य किया गया ऐसा उन्होंने कहा।	पुस्तक का रूप देकर सराहनीय कार्य किया है, उन्होंने कहा।
8	सत्र में मुख्य अतिथि के रूप में विश्वविद्यालय के वास्तुकला विभाग के पूर्व प्रोफेसर प्रोफेसर एस.के.सिंह उपस्थित थे।ओंकारनाथ चतुर्वेदी महाभाग एकत्र हुए थे।	सत्र में मुख्य अतिथि के रूप में विश्वविद्यालय के वास्तुकला विभाग के पूर्व शिक्षक उपस्थित थे।
1	अक्रूरता	अतुलनीयता
10	''इसका व्याकरण लौकिकों और वैदिकों के दोनों प्रकारों का अनुशासन करता है	"सैशा व्याकरण लौकिक और वैदिक दोनों प्रकार के शब्दों का अनुशासन करती है।
19	इस अवसर पर भारतीय सांस्कृतिकनिधि के समन्वयक नरेश मल्लहोत्रा भी विशेष रूप से, बीज बोधक और आभासी माध्यम से लेफ्टिनेंट जनरल गोवर्धन सिंह जम्वाल थे।	इस अवसर पर भारतीय सांस्कृतिक निधि मंडी वर्ग के समन्वयक नरेश मल्होत्रा भी विशेष रूप से, और बीज वक्ता के रूप में आभासी माध्यम से लेफ्टिनेंट जनरल गोवर्धन सिंह जम्वाल थे।
4	बर्फ के गिरने सेवेदनाशील क्षेत्रों में मत जाईये।	बर्फबारी के प्रति संवेदनशील क्षेत्रों में न जाएँ।
6	तब वैदिक संस्कृति का सब जगह चलन था।	तब वैदिक संस्कृति सब जगह प्रचलित थी।
1	लकड़ी लाने के लिए	ईंधन भरने के लिए
1	बकरी	बकरी
8	यदि वह पत्र लिखता तो बालक भिजवाता ।	यदि वह पत्र लिखाता तो बालक भेज देता।
7	भीमसेन के द्वारा दुर्योधन के आठ भाई मारे गए	भीमसेना ने दुर्योधन के आठ भाइयों को घोर युद्ध में मार दिया।
5	वहीं वर वधू ने एकदूसरे को तुलसी माला पहनाई।	वहीं वर वधू ने आपस में तुलसी माला पहना।
6	आचार्या नंदिता वाराणसी में एक गुरुकुल चलाती हैं।	शिक्षिका नन्दिता वाराणसी में एक गुरुकुल चलाती है।
5	परन्तु अन्यदेव मरणशीलों के साथ द्वेष करता है।	परन्तु मनवानों के साथ अन्यदेव को द्वेष करता हूँ।
9	इसके अलावा, इस सत्र में कैबिनेट विस्तार के बारे में भी चर्चा की जा सकती है।	इसके अलावा, इस सत्र में मन्त्रिमण्डल विस्तार के बारे में भी चर्चा की जा सकती है।
9	प्रधानमंत्री ने कहा कि उसकी सरकार ने पचास कोटि लोगों को निर्धनता से बाहर कर दिया है।	प्रधानमंत्री ने कहा कि उनका सरकार पच्चीस करोड़ लोगों को निर्धनता से बाहर ले गई है।
8	कितने लोग संस्कृत अभ्यास करते हैं ? उनकी संख्या गिन रहा हूँ।	कितने लोग संस्कृत अभ्यास करते हैं? उनकी संख्या गिनता हूँ।
4	फिर भी पैसा शब्द नहीं।	फिर भी धन शब्द नहीं है।
10	मैं उनके बहुत व्याख्यानों में देख रहा था युगपत् हिन्दी-संस्कृत अंग्रेजी भाषा में।	मैं उन्हें अनेक व्याख्यानों में एक साथ देख रहा था हिन्दी-संस्कृत अंग्रेजी भाषा में।
3	इस बीच तीन मुख्यमंत्री हैं	इस बीच तीन मुख्यमंत्री
22	केंद्रीय पर्यावरण मंत्रालय ने जानकारी दी है कि उत्तरी केरल के तट से लेकर दक्षिण गुजरात के तट तक बनने वाली नुउंमरदा घाटी और अरब सागर में चल रही पश्चिमी हवाओं के कारण केरल में 8 अगस्त तक भारी बारिश होने की संभावना है.	केंद्रीय पर्यावरण मंत्रालय ने कहा कि उत्तरी केरल के तट से दक्षिण गुजरात के तट तक फैले हुए नूनमर्द नदी और अरब सागर में प्रबल पश्चिमी हवाओं के प्रभाव से 8 अगस्त तक केरल में भारी बारिश की संभावना है।
17	अब इन मंदिरों में 25 लाख रुपये से अधिक का बिल जो होता है उसे भाषा संस्कृति विभाग द्वारा मंजूरी देना होगा।	इस समय इन मंदिरों में 25 लाख रुपये से अधिक की किसी भी योजना को भाषा और संस्कृति विभाग द्वारा मंजूरी देनी होती है।
7	उन्होंने कहा कि समूह शक्ति देश को सफलता के शीर्ष पर ले जाएगा।	उन्होंने कहा कि समूह-शक्ति देश को सफलता के शिखर पर ले जाएगी।
10	ई.सन् 1306 से 1315 तक मलिक काफूर ने दक्षिण भारत में बहुत विनाश किया।	ई.सन् 1306 से 1315 तक मलिक-काफुर ने दक्षिण भारत में बहुत विनाश किया।
1	ईंधन	ईंधन
3	अभी हल्दीलेपन हो रहा है।	अभी हल्दी का लेप हो रहा है।
4	मनीषी बुद्धि से मन को जानता है।	ज्ञानी व्यक्ति मनीष के द्वारा मन को प्रसन्न करता है।
5	चिकित्सक ने उसे एंटीबायोटिक दवाई दी है।	चिकित्सक ने उसे एंटीबायोटिक दवा दी।
4	बहुत से लोग सत्संग में जाते हैं।	बहुत से लोग बैठक में जाते हैं।
5	कुछ लोग ब्लॉग पर भी लिखते हैं	कुछ लोग बाली में भी लिखते हैं।
10	दिल्ली की राज्यसभा में तीन, सिक्किम में भी एक राज्यसभा-सभा की बैठक में-चुनाव के लिए अधिसूचना जारी है.	दिल्ली की राज्यसभा की तीन, सिक्किम-और राज्य की एक राज्यसभा-आसन-चुनाव के लिए अधिसूचना जारी कर दी गई है.
6	खिचड़ी देओ और दूध वहाँ ले जाओ ।	मूंडगुड\u093C देना और दूध वहाँ ले जाना
10	वहाँ जाकर हनुमानजी ने जो कहा था सब कुछ क्रमपूर्वक श्रीराम के लिए कह दिया।	वहाँ जाकर हनुमान मैथिली ने जो कहा वह सब श्रीराम को क्रमशः कहा।
1	कारीगर ।	कारीगर
1	हवनकुण्ड	हवनकुण्ड
4	मैं नहीं जानता हूँ	मैं नहीं जानता हूँ।
3	श्रुति संस्कृत गाने गाती है।	श्रुति संस्कृत गीत गाती है।
7	जिसने अर्थशास्त्र रूपी महासमुद्र से नीतिशास्त्र रूपी अमृत का दोहन किया, उस महा बुद्धिमान आचार्य विष्णुगुप्त को मेरा नमन है।'	नीतिशास्त्र से युक्त बुद्धिमान् अर्थशास्त्र के विषय में श्रीविष्णुगुप्त जी को नमस्कार है।
1	बदनामी	बदनामी
6	लेखन कौशल के विकास से छात्रों के ज्ञान क्षेत्र विस्तृत हो जाता है।	लेखन कौशल के विकास से छात्रों का ज्ञान क्षेत्र व्यापक हो जाता है।
11	इससे पहले शुक्रवार को सेंसेक्स अंकों पर चढ़कर अंक स्तर को समाप्त कर दिया गया।	इससे पहले शुक्रवार को सेन्सेक्स अंकों की चढ़ाई के साथ अंकों की स्तर का समापन हुआ।
10	असंयत मन के पुरुष द्वारा योग प्राप्त होना कठिन है, परन्तु स्वाधीन मन वाले प्रयत्नशील पुरुष द्वारा उपाय से योग प्राप्त होना संभव है, यह मेरा मत है।।	मैं समझता हूँ कि जो योग व्यर्थ में किया गया है, वह पाप है। किन्तु वश में हुए पुरुष को जब तक प्राप्त हो जाता है, तब तक वह प्राप्त होता है।।
7	उस वर्ष महाराजा शिवाजीराव-उच्च विद्यालय से मैट्रिक ्यूलेशन-परीक्षा में उत्तीर्ण हुए।	उस वर्ष महाराजा शिवाजीराव-उच्च विद्यालय से मैट्रिक-परीक्षा में उत्तीर्ण हुए।
12	प्रसिद्धा पाण्डे-अभिनेत्री भाग्यश्री की बेटी अवन्तिका दसानी गंगा के बीच पैदल चलने जाती है।	प्रसिद्ध रेलमार्ग-अभिनेत्री भाग्यश्री की बेटी अवन्तिका दसानी रेलमार्ग के बीच पदार्पण करने जाती है।
3	वह अखरोट खाता है।	वह अखरोट खाता है।
1	अभी अमृत की तरह	अपवित्र
7	हत्येता नागरिकों को शस्त्र भी मिल चुके हैं।	हतात् से नक्सल लोगों को शस्त्र भी मिल गए हैं।
1	अकुटिलता	जल
5	राम के समान सत्पुरुष कौन है ?	राम के समान सज्जन कौन है?
20	वास्तविक भोजन वह है जो ब्राह्मण आदि को खिला देने के बाद बचता है, अर्थात गृहस्थ को चाहिए कि वह स्वयं भोजन करने से पहले ब्राह्मण को भोजन कराए, इसी प्रकार प्रेम और स्नेह उसे ही कहा जा सकता है जो परायों से किया जाता है, अपने बन्धु बान्धवों से तो सभी प्रेम करते हैं। बुद्धिमत्ता यह है कि मनुष्य पाप कर्म करने से बचा रहे। धर्म वह है जिसमें छल-कपट न हो।	वह भोजन, जो द्विविवाहित शेष है, वह मित्र, जो दूसरे के लिए किया जाता है, वह बुद्धिमान है, जो दम्भ के बिना पाप नहीं करता है, वह धर्म है।
4	यह बहुत मुश्किल तो नहीं है।	यह कष्ट देने वाला नहीं है।
5	आज रविवार है न !	आज रविवार है न!
11	आपने पूर्वजन की तपस्या के प्रभाव से यह मेरा दिव्य रूप देखा है। मेरा दर्शन मोक्ष पद प्रदान करने वाला है, पापियों का इसका दर्शन परम दुर्लभ है ॥	इस कारण से जो रूप देखा गया है, वह तपस्या का फल है। मदर्शन मुक्ति के लिए उत्पन्न होता है। यह दुर्लभ है।
12	जिस पुरुष में अहंकार का भाव नहीं है और बुद्धि किसी (गुण दोष) से लिप्त नहीं होती, वह पुरुष इन सब लोकों को मारकर भी वास्तव में न मरता है और न (पाप से) बँधता है।।	जिसको बुद्धि का भाव कभी भी अंकित नहीं होता, वह इस लोक को देखकर भी नहीं मारता और न ही बँधा जाता है।।
9	पेट्रोल-डीजल तेल के दाम 35 रुपये प्रति लीटर बढ़ जाएंगे.	एक लीटर पेट्रोल तेल और डीजल तेल की कीमत में 35 रुपये का बढ़ोतरी होगी।
23	रक्षा प्रवक्त्रा ने कहा कि दिसंबर के बाईसवें-तीसवें दिन के बीच में निरीक्षण उपकरणों के माध्यम से चार आततायीओं की गतिविधि हुई थी। इसके बाद उन्होंने भागने का प्रयास भी किया।	रक्षा प्रवक्ता ने कहा कि बाईस दिसंबर को-त्रयोविंशति तारीख को आधी रात को निगरानी उपकरणों के माध्यम से चार आतंकवादियों की गतिविधि हुई और उन्होंने आह्वान के बाद भागने का प्रयास किया।
1	नदियाँ	नदी
16	हे यम ऐसे आप स्वर्ग प्राप्ति के साधन रूप अग्नि विद्या को जानते हैं उस अग्नि में श्रद्धा रखने वाले मुझे बताइये स्वर्ग लोक में रहने वाले मनुष्य अमरता को प्राप्त करते हैं। इस प्रकार द्वितीय वरदान के रूप में माँगता हूँ	इस प्रकार स्वर्ग के मध्य में मृत्यु के समय में भी सत्य का पालन करना चाहिए। इस प्रकार मेरे प्रति श्रद्धा रखने के लिए स्वर्गलोक में रहने वाले लोग दूसरे वृक्ष के समान अमृतत्व को धारण करते हैं।
12	मैं आपके मुख से श्रीरामचन्द्रजी की कथा संक्षेप से सुनी। अब मैं स्पष्ट शब्दों में उसे विस्तृत रूप से सुनना चाहती हूँ ॥	श्रीरामचन्द्रजी की कथा मैंने संक्षेप में सुनी है। अब मैं विस्तारपूर्वक विस्तारपूर्वक सुनना चाहता हूँ॥
5	क्या आप पात्र में पानी भर देंगे?	बर्तन जल से भरोगे क्या?
7	पर्वत से समतल तक के क्षेत्र तीव्र ठंड के ग्रहण में होते हैं।	पर्वत से समतल तक के क्षेत्र तीव्र ठंड के ग्रहण में होते हैं।
4	सूत जी ने कहा हे मुनिजन ।	राजा ने कहा।
3	कभी कभी नासमझ हो जाती है ।	कभी कभी आलस्य होता है।
19	चारों जन्म दिवस के उपलक्ष्य में प्रधानमंत्री संतों और समाजसुधारक गाडगे बाबा के जन्म दिवस का भी उल्लेख किया गया है और मोहित निर्धनों के उठने में उनका योगदान प्रकाशित किया गया है।	चालीस से अधिक जन्म दिवसों के अवसर पर प्रधानमंत्री संतसमाज सुधारकों और गाडगे बाबा के जन्म दिवस का भी उल्लेख किया गया और वंचित निर्धनों के उत्थान में उनका योगदान प्रकाशित किया गया।
18	कुलदीप पाठक ने कहा कि विधानसभा सचिवालय तपोवन के सर्दी सत्र की योजना के लिए पूरी तरह से तैयार है और उसकी तैयारी पूरी है।	कुलदीप पाठक ने कहा कि विधानसभा सचिवालय तपोवन के शीतकालीन सत्र के आयोजन के लिए पूरी तरह से जागरूक है, और उसकी तैयारी पूरी हो गई है।
10	पर्यटन विकास निगम के उपाध्यक्ष आरएस बाली ने कहा कि वह कांगग्रेस की महत्वाकांक्षी हैं.	पर्यटन विकास निगम के उपाध्यक्ष आर. एस. बाली ने कहा कि कांग्रेस की महत्वपूर्ण जीत है.
10	देवभूम के कुल्लो आराध्य देव भगवती रघुनाथ ने अयोध्या में राम मंदिर की प्रतिष्ठितता का निमंत्रण स्वीकार किया है।	देवभूमि के कुल्लू आराध्य देवता भगवान रघुनाथ ने अयोध्या में राम मंदिर की स्थापना का निमंत्रण प्राप्त किया है।
16	(सहार की स्थिति में) जिस आत्मा के लिए ब्राह्मण तथा क्षेत्रीय ओदन (चावल) के सदृश होते हैं, जिसके लिए मृत्यु उपसेवन (सहायक भोज्य सामग्री दाल तरकारी आदि) बनते हैं, वह ब्रह्म जहाँ है, सामान्य बुद्धि का कौन मनुष्य (उसे) जान पाता है।	जिसका ब्रह्म है और जिसका क्षेत्र है, वह आपका अन्न है, मृत्यु का सींचना कौन-सा साधन है और वह कहाँ है?
5	देखिये ... फूँकने से फेन उड़ती है।	देखिये... फातर से फेन उड़ रहा है।
6	हे रोगी ! बाहय और दिव्य मुनि तथा राजऋषि और पर्वत तथा सब नदी और समस्त समुद्र तेरी रक्षा करो ॥	यह मुनि ब्रह्माजी के द्वारा दिव्य राजर्षि के रूप में जाना जाता है।
12	यह बात है कि भारत इस दिसंबर के 12 से 14 तारीख तक नई दिल्ली में वार्षिक-शिखर सम्मेलन की अध्यक्षता करता है.	ध्येय है कि भारत इस दिसंबर के बारह से चौदह तारीख तक नई दिल्ली में वार्षिक शिखर सम्मेलन की अध्यक्षता करता है।
5	पढ़कर जल्दी ही लौटा दूँगा ।	शीघ्र पढ\u093Cकर देता हूँ।
7	उन्होंने इस मौके पर सभी नागरिकों को आजादी और अन्य शुभकामनाएं भी दीं।	इस अवसर पर सभी नागरिकों को स्वतन्त्रता दिवस की प्रशंसा भी उन्होंने की।
4	उसके बाद उन्होंने भजन गाए।	बाद में उन्होंने भजन गाए।
5	चम्बा के चौगान मंदिर से लगभग मीटर दूर है।	चम्बा का चौगान-आँगन से लगभग मीटर दूर है।
8	ठीक है महोदय ! आपकी विमान टिकट तैयार है।	ठीक है, महोदय! आपकी फ्लाइट टिकट तैयार हो गई है।
3	उनके द्वारा जीया जाता है।	उनके द्वारा जीता जाता है।
8	इस लद्दाख शहर में बड़ों के खिलाफ लघुपलट से युद्ध हुआ।	इस लडाख शहर में बड़े प्रतिद्वंद्वी के खिलाफ छोटे उछलने से युद्ध किया गया।
5	कौन दोपहर में पाठशाला नहीं जाता?	कौन दोपहर में पाठशाला नहीं जाता?
4	चार लड़के जाते हैं।	चार बच्चे जाते हैं।
12	सेंटर ने कहा कि जनवरी के दिन केन्द्र सरकार के सभी कर्मचारी राम मंदिर की सफाई कार्यक्रम को देख सकते हैं।	केंद्र ने कहा कि जनवरी को केंद्र सरकार के सभी कर्मचारी राम मंदिर की प्राणप्रतिष्ठा कार्यक्रम देख सकते हैं।
7	जाने वालों को सुखपूर्वक यात्रा करें, उन्हें घर पहुँचाने में सुरक्षित रखा करें।	चले हुए लोगों की सुखद यात्रा हो, वे सुरक्षित घर पहुँच जाएँ।
11	हालांकि, आज यह अधिनियम जम्मू-कश्मीर में है-विधिनियमों के अनुसार, मुख्य चुनाव अधिकारी पास में हैं।	हालाँकि, इस समय यह अधिकार जम्मू-कश्मीर में है-यह कानून के नियमों के अनुसार मुख्य चुनाव अधिकारी के पास है।
7	सच ही कहा है पवन के द्वारा समस्त जगत् तथा चैतन्यपूर्ण यह समग्र सृष्टि जीवित है।	सत्य ही कहा जाता है, प्राणियों की वायु से सम्पूर्ण जगत् जीवन्त हो जाता है, सृष्टि से ही चैतन्यमय हो जाता है।
6	तुम्हारे घर किसका वृक्ष है ?	तुम्हारे घर किसका वृक्ष है?
11	अक्षय, टाइगर और पृथ्वी के राजा सुकुमार मिलकर इस चित्रोतलंकार को बहुत जल्दी करने जाते हैं	अक्षय, टाइगर और पृथ्वीराजसुकुमारन मिलकर इस चित्रोतलन को बहुत जल्दी करने जा रहे हैं।
6	पुत्र -मैं कैसे झूठ बोलूँगा ।	पुत्र-मैं कैसे झूठ बोलूँगा?
4	क्या करूँ मैं ?	मैं क्या करूँ?
4	और ऊँचे वृक्षों (लकडियों) से रहित वनों को (तृप्त करके)	और जानबूझकर विधुरों को।
27	तुम तो हर युद्ध में जीत नहीं पाते हो। परन्तु अब तुम राम द्वारा मार डाले गए हो, यह मेरा विश्वास है। अथवा हे महाबल! वसवन से तुमर्ष्या कर रहे हो?	तुम तो सब जगह रण में विजय प्राप्त करते हो, लेकिन अब तुम राम से मारे गए हो यह मेरा विश्वास ही नहीं होता है। या हे महाबल! वासव से तुम धृष्ट हो गए हो?
8	सभी अतिथि घर (होमस्टे यूनिट) पर्यटनकून के तहत लाए जाएँगे।	सभी अतिथिगृह (होमस्टे यूनिट) पर्यटनकून के तहत लाए जाएंगे।
1	पशुशास्त्र में	पशुओं के समान।
1	पायल	नूपुर
13	घर आकर उसने संदूक को खोला, उसमें बहुत कीमती (मूल्यवान) हीरों को देखकर वह बहुत खुश हुई और उसी दिन से वह धनी हो गई।	घर आकर उसने मञ्जूषा खोली, उसके महंगे हीरे देखकर वह खुश हो गई और उसके दिन की आग लग गई।
1	राज्य को प्राप्त हुए	राज्य को प्राप्त हुए।
6	वह जब-तक पढती हैं, मैं तब-तक लिखता हूँ।	वह जब तक पढ़ती है तब तक लिखता है।
3	जहां तुम जाते हो।	जहाँ तुम जाते हो।
3	नन्दिनी नहीं चलेगी।	नन्दिनी नहीं चलेगा।
17	शाह ने कहा कि इस संगठन की स्थापना भारत के निर्माण में आत्मनिर्भर है-सहकार से उन्नति इस लक्ष्य को प्राप्त करने में रत्न के समान प्रतीत होगा।	शाह ने कहा कि इस संगठन की स्थापना आत्मनिर्भर भारत के निर्माण में-सहयोग से समृद्धि इस लक्ष्य को हासिल करने के लिए रत्नमयी के रूप में फलदायी होगी।
4	शीखा प्रतियोगिता को प्रथम पुरस्कार, भागीरथ गिरी।	शीखा प्रतियोगिता में पहला पुरस्कार भागीरथ गिरी को मिला।
4	मैं सब्जी खरीदा।	मैंने सब्जी खरीदी।
11	सितम्बर, उस महर्षि का जन्म श्री गिरिधर दास के पुत्र के रूप में हुआ था, बालगोपाल का नाम हरिश्चन्द्र था।	सितम्बर, उस वर्ष श्रीगिरिधरदास के पुत्र के रूप में जन्मे बालक का नाम हरिश्चन्द्र था।
20	नएजात शिशुओं के लिए अनेक थर्मामींटियाँ (इन्क्यूबेटर्स) बन चुकी हैं, लेकिन हिमाचल प्रदेश के आईटी मंडी द्वारा ऐसी थर्मामींटर बनाई गई है जो सभी सुविधाएं एक साथ प्रदान करती है।	नवजात शिशुओं के लिए अनेक थर्मामीटर बनाए गए हैं, लेकिन हिमाचल प्रदेश के आईआईटी मंडी ने ऐसा थर्मामीटर बनाया है जो सभी सुविधाएं एक साथ प्रदान करता है।
7	वो दोनों जने शान्त हो गए ।	वे दोनों झगड़ालू और शान्त हुए।
20	जनवरी महीने की पहली तारीख को कक्षा 9 अध्ययन-वर्तमान छात्र फरवरी महीने की बीस तारीख तक इसरो अंतरिक्ष जिज्ञासा-इस कार्यक्रम के लिए पंजीकरण करने के योग्य हैं	जनवरी के पहले दिन नौ-कक्षा में अध्ययन-छात्र फरवरी के बीस तारीख तक इसरो अंतरिक्ष जिज्ञासा-यहाँ कार्यक्रम के लिए पंजीकरण करने के योग्य हैं।
3	वृक्ष से अनेक पत्ते गिरते हैं।	वृक्ष से पत्ते गिरते हैं।
6	इस प्रकार झगड़ते हुए वे दोनों राजा के पास गए।	इस प्रकार झगड़ते हुए वे दोनों राजकुल गए।
5	आग्नेयास्त्रियों ने तालाब को भी सूचित किया।	अग्निशामक स्टेशन ताहलीवाल को भी लोगों ने सूचित किया।
5	हाईड्रोजन प्रदूषण से रहित स्वच्छ ईंधन माना जाता है।	हाइड्रोजन प्रदूषण से रहित स्वच्छ ईंधन माना जाता है।
5	नाव चलाने लायक नदी में वह नाव चलाता है।	नाव की नदी में वह नौका चलाता है।
8	बोलो .... फिर से चंचलता नहीं करूँगा।	शिक्षिका-बोलो.... फिर चंचलता नहीं करूँगी।
6	वहीं तेलंगाना राज्य में कांग्रेस ने विजय पाई।	वहीं तेलंगाना राज्य में कांग्रेस ने जीत हासिल की.
10	पीताम्बर दत्त की इच्छा थी कि सभी विषयों का ज्ञान हिन्दी भाषा में पढ़ाया जाए।	पीताम्बर दत्त की इच्छा थी कि सभी विषयों का ज्ञान हिन्दी भाषा में पाठ हो।
8	इसी प्रकार हजारों वर्षा ऋतुओं में दसग्रीव के नए सिर पर आग लगा दी गई।	इसी प्रकार हजारों वर्षाओं में दसग्रीव के नौ सिर मारे गए।
10	इस कार्यक्रम में कांग्रेस के वरिष्ठ नेता राहुल गांधी और प्रियंका गांधी शामिल होंगी.	इस कार्यक्रम में कांग्रेस पार्टी के वरिष्ठ नेता राहुल गांधी और प्रियंका गांधी भाग लेंगे।
1	कलाकारों का समूह	नाट्य मंडली
10	मधुमास चैत्र शुक्लपक्ष नवमी तिथि कर्क लग्न में, पुनर्वसु नक्षत्र में जिस समय पाँच ग्रह उच्च राशि पर स्थित थे, सूर्य मेष राशि पर विद्यमान थे, उस समय परमात्मा सनातन जगन्नाथ का आविर्भाव हुआ। उस समय आकाश दिव्य पुष्पों की वर्षा से पूर्ण हो गया ॥	मधु के महीने के सिते दिन नववें कार्तिक पर्व की शुभकामनाएँ। फिर वृक्षों के साथ पृथ्वी के शिखर पर।
17	जब अर्जुन देखता है कि वह अपने गुरु-पितामह-भाईयों और रिश्तेदारों के साथ युद्ध करेंगे, ऐसा देखकर उसका हृदय कांपता हुआ हो जाता है।	जब अर्जुन देखता है कि वह अपने गुरु-दादाजी-भाई के लोगों के साथ, रिश्तेदारों के साथ युद्ध करेगा, तो उसका हृदय काँप गया।
11	इस प्रकार अपनी सम्मति देकर भगवान् श्रीराम जटायु को आलिङ्गन कर भाई लक्ष्मण और सीताजी के साथ पञ्चवटी को गये ॥	ऐसा कहकर भगवान् श्रीरघुनाथ जी ने लक्ष्मण जी के साथ अपने भाई श्रीरघुनाथ जी का आलिंगन किया॥
9	विपक्ष हर समय तानाशाही का आरोप कर सदन से बाहर गया।	विपक्ष सरकार पर तानाशाही का आरोप करके सदन से बाहर गया।
1	गुस्से हुआ हुआ ।	क्रोधित
5	सुबह उसने संदेश भेजा	सुबह उसने संदेश भेजा।
15	राजभवन में आयोजित समारोह मेंइसने नई विधायी की शपथ ली। राज्यपाल: विश्व-भूषण'हरिचंद्र ने राजभवन में नई विधायी के पद की घोषणा का शपथ लिया।	राजभवन में आयोजित समारोह में उन्होंने नौविधियों के साथ मंत्री पद की शपथ ली। राज्यपाल विश्व भूषण "हरिचंदन ने राजभवन में नौविधियों के चरणारविपणन की शपथ ली।
14	गिरिजा – हाँ सखी! आज सुबह ही मेरी नौकरानी (सहायिका) अपनी बेटी के लिए काम हेतु पूछरही थी।	गिरिजा-हाँ सखी! आज सुबह ही मेरी सहायिका अपनी बेटी के लिये कर्मथर पूछ रही थी।
7	अगर मैं खेलूँगा तो गुरु मुझे मारेगा।	अगर मैं खेलूँगा तो गुरु मुझे पीटेंगे।
1	समान रूप से अर्थ बोध करें।	सज्जनों को
1	उठना	उठो
6	गोह, लोपक ( शृगाल भेद ), बिल्ली, श्वावित्, ऊट, गाय, कछुआ और शल्लकी इनके मास-रसों को भी शाक की भाति दही और अनार रस में सिद्ध करके घी और तेल मे भून कर धनिया और सोठ मिला कर देना चाहिये ||	गौ, अश्व, औषध, लोपाक, मर्जार, राज्य और कछुए की छाल आदि से उत्पन्न होने वाले पशुओं को भी इस प्रकार का उपदेश करना चाहिए।
1	पात्र	बर्तन
6	जब लौटाना होता है तब कष्ट अनुभव होता है।	जब वापस करना होता है तब कष्ट अनुभव होता है।
24	सेंटर संयोजक: डॉ. पंकजत्रिवेदी; सेंटर शिक्षक अमर सिंह रावौड़; संस्कृत भारती: नगर संयोजिका कु. कृपाली कामली; साप्ताहिक बैठक संयोजिका दिलशादपाटडीया; सेंटर के पूर्व छात्र उपस्थित थे।	केंद्र संयोजक डॉ. पंकज त्रिपाठी महोदय, केंद्र शिक्षक अमर सिंह राठौड़ महोदय संस्कृत भारती की नगर संयोजक कु. कृपाली कामलिया, साप्ताहिक बैठक समन्वयक दिलशाद पटड़ी बहन और केंद्र के पूर्व छात्र उपस्थित थे।
7	चलचित्र के निर्देशक अनिल शर्मा भी शिमला आएँगे।	फिल्म के निर्देशक अनिल शर्मा भी शिमला आएँगे।
11	कवि ने आठ अध्यायों के सूत्र क्रम का अनुसरण करके, 1,500 सूत्रों में 4,000 गाने लिखे हैं।	कात्यायन ने आठ अध्यायों की प्रक्रिया का अनुसरण करते हुए 1,500 सूत्रों में से 4,000 वार्तालापों को लिखा है।
13	नल-वह मधुमेह और मोटापे पर चल रहे जागरूकता कार्यक्रम में बोल रहे थे।	टाइप 2-वह मधुमेह और अधिक वजन आदि के बारे में जागरूकता कार्यक्रम में बोल रहे थे।
6	यह पहली बार है जब इतने भारी उपग्रह लॉन्च किए गए हैं।	यह पहली बार है जब इतने से अधिक भार वाले उपग्रहों को प्रक्षेपित किया गया है।
5	अमेरिका में भी संस्कृत भारती का कार्यालय है।	अमेरिका में भी संस्कृत भारती का कार्यालय है।
5	कार्यशाला में 35 शिक्षकों का प्रशिक्षण हुआ।	कार्यशाला में 35 शिक्षकों का प्रशिक्षण हुआ।
9	चन्दन – सखियों के साथ ! मेरे साथ नहीं (दुःख का अभिनय करता है)	चन्दन-सखियों के साथ! मेरे साथ नहीं! (विषाद नाटक करता है)
9	जिन पाचनों को अतिसार- चिकित्सा मे कहगे उनको पिलाना चाहिये। भोजन से पूर्व हरड को गुड़ के समान भाग में खाना चाहिये । अथवा त्रिफला क्वाथ के साथ निशाथ का चूर्णं देना चाहिये । गुदाश्रित दोष के नष्ट होने पर अर्श स्वय नष्ट हो जाते है ॥	उसके द्वारा यमदूत, यमदूत, यमदूत, यमदूत, यमदूत, यमदूत, यमदूत, यमदूत, यमदूत, यमदूत, यमदूत, यमदूत, यमदूत, यमदूत, यमदूत, यमदूत, यमदूत, यमदूत, यमदूत, यमदूत, यमदूत, यमदूत, यमदूत, यमदूत, यमदूत, यमदूत, यमदूत, यमदूत, यमदूत
8	भोजपुर नगर में, रोहतास नगर में और भभुआ नगर में औरंगाबाद नगर में तीव्र ठंड का अनुभव होता है।	भोजपुर शहर में, रोहतास शहर में, भुवया शहर में और औरंगाबाद शहर में तीव्र ठंड का अनुभव होता है।
7	वह पक्षियों और पशुओं को पकड़कर अपना गुजारा करता था।	पक्षियों और मृगों को ग्रहण करके वह अपनी जीविका चलाता था।
9	तमे वर्षे दिसंबर महीने की तारीख को संयुक्त राष्ट्र सतत महासभा की स्थापना हुई।	उस वर्ष दिसंबर महीने की तारीख को संयुक्त राष्ट्र महासभा की स्थापना हुई।
6	जो (मनुष्य) अपना कल्याण और बहुत अधिक सुख चाहता हैं,	जो चाहता है वह आत्मा में समृद्धि और सुख प्राप्त करे।
1	काया	शरीर
5	झरोखे से सारा नगर दिख रहा है।	खिड़की से पूरा शहर दिखता है।
11	बाद में शिवाजी महाराज ने इन मत्स्यों को एक साथ मिलाकर मावळा नाम किया।	बाद में शिवाजी महाराज ने इन मावलों को एक साथ मिलाकर मावला नाम दिया।
15	संसदीय कार्यों के मेघ स्वरूप सदन के राज्य मंत्री अर्जुन राम ने नियमों को कम करने का, प्ली-कार्ड के प्रदर्शन के कारण सांसदों को इस्तीफा दे दिया प्रस्ताव पेश किया।	संसदीय कार्यों के मेघवाल ने सदन के राज्य मंत्री अर्जुनराम नियमों को क्षीण करने, प्ले-कार्ड के प्रदर्शन के कारण सांसदों को निलंबित करने का प्रस्ताव पेश किया।
6	भारत में तीन सौ से अधिक ओमीक्रॉन भिन्नताएं, जो बहुत अधिक गंभीर नहीं हैं, पाई जाती हैं।	भारत में लगभग तीन सौ से अधिक गंभीर ओमीक्रॉन किस्में दिख रही हैं।
4	गिलहरी यहाँ वहाँ दौड़ रही थी।	गिलहरी इधरउधर दौड़ रही थी।
6	नहीं, मैं आज सायंकाल शहर जाऊँगा।	नहीं मैं आज शाम को शहर जाऊँगा।
8	जब तक इनका उपयोग नहीं किया जाता, तब तक इनका साज-सज्जा में नुकसान होता है।	जब तक पत्थर का उपयोग नहीं किया जाता, जब तक सजाने की सजावट में नष्ट नहीं किया जाता।
3	वह पढ़ना चाहता है!	वह पढ़ना चाहता है!
5	विषयों में सुख वास्तव में बड़े दुःख का कारण है।	विषयों का सुख वास्तव में बड़े दुख का कारण है।
11	और भी देखो (अर्थात् सोचो) यदि मल धारण करने वाले नश्वर शरीर के बदले में शाश्वत और विशुद्ध यश मिल जाए तो फिर क्या प्राप्त नहीं हुआ अर्थात् सब कुछ प्राप्त हो गया	यदि नित्य मन से निर्मल मल-वाहिनियों से यश प्राप्त होता है तो उसे क्या प्राप्त होता है?
10	इससे पतञ्जल का समय सामान्यतः ख्रिस्तपूर्व 150 वर्षों का है।	इससे पतञ्जल का समय आमतौर पर 150 ई. पू. माना जाता है।
8	हे अर्जुन ! ब्रह्म लोक तक के सब लोग पुनरावर्ती स्वभाव वाले हैं। परन्तु, हे कौन्तेय ! मुझे प्राप्त होने पर पुनर्जन्म नहीं होता।।	हे अर्जुन! हे कौन्तेय! मुझे प्राप्त होकर पुनः जन्म नहीं हुआ है।।
12	सचमुच की आइंस्टाइन बड़ी संकटमय हो गई है !! इस समय चालक के रहस्य का खुलासा किया जाएगा ।	वास्तविक आइंस्टीन बड़ा संकट हुआ!! इस समय ड्राइवर का रहस्य खुल जाएगा।
6	वहाँ उन्होंने योग ध्यान का अभ्यास कराया।	वहाँ उन्होंने योग ध्यान का अभ्यास कराया।
3	वह पहुँची।	वह प्राप्त हुई।
4	मुझे नमक पसंद है |	मुझे नमक पसंद है।
8	शाम को जैस्मी का झगड़ा हिमाचल प्रदेश के मेनका देवी के साथ होगा।	फाइनल में जैस्मीन का मुकाबला हिमाचल प्रदेश के मेनकादेवी से होगा।
7	वोटों की गिनती हिमाचल प्रदेश के साथ 8 दिसंबर को होगी.	हिमाचल प्रदेश के साथ 8 दिसंबर को वोटों की गिनती होगी.
6	उसे यह पुरोहित था कहा गया है।	उसका यह पुरोहित था, ऐसा कहा गया।
4	हे सरस्वती (वाणी) आप अपनी नवीन वीणा को बजाओ।	वाणी को नए नाम से बुलाओ। वीणा को
3	दोनों ने पढ़ा।	वे दोनों पढ़े।
3	वह अपनी सेल्फी देखता है।	वह सेल्फी देखता है।
7	राजकोट में विजिलेन्स विषय पर प्रशिक्षण सत्र है ।	राजकोट में सतर्कता के बारे में प्रशिक्षण सत्र है।
1	सभी धनों में	सब धन
5	गायमाता मेरे पुत्र को दूध देती है।	गाय माता मेरे बछड़े को दूध देती है।
5	पूजा संस्कृत छात्रा है	पूजा संस्कृत छात्रा है।
5	कर्णपरम्परा से उस भालू के विषय में अनेक किंवदन्तियाँ फैल गयीं।	कान के कान से पूछते हुए भालू को तुम पर आश्रित कर रहे थे।
18	अब वैयाकरण बोलता है- फिर भी ज्ञान के साथ प्रयोग में, ज्ञान के साथ प्रयोग में धर्म का यहाँ गौरव की भावना है, क्योंकि एक धर्म में साधन करने में ही दोनों की आवश्यकता प्रतिपादित की जाती है।	इस समय वैयाकरण बोलता है-फिर भी ज्ञान के अनुसार के प्रयोग में ज्ञान के अनुसार के प्रयोग में धर्म में गौरव का दोष है, ऐसा मानते हैं, क्योंकि एक धर्म में ही दोनों की आवश्यकता है।
17	यदि पेया नहीं निकालकर सारा दिन सरल वाट्सचार्ज होता तो वाट्स ऊर्जा का अपव्यय होता है	यदि पिन निष्क्रिय करके सारा दिन सरल वाटचार्जर होता है तो वाट ऊर्जा का अपव्यय होता है।
16	इसी क्रम से हिमाचल प्रदेश-संस्कृत-अकादमण्य में भी हमीरपुर जिले के श्री विश्वनाथ संस्कृत कॉलेज- चकमोह में पूर्ण उत्साह, और श्रद्धा से पांचवें पर्व का आयोजन किया जाता है।	इसी क्रम में हिमाचल-संस्कृत-अकादमी भी हमीरपुर जिले के श्री विश्वनाथ संस्कृत कॉलेज-चकमोह में पूर्ण उत्साह से, श्रद्धा से-भावना से बसन्त पंचमी पर्व मनाया जाता है।
3	बिल्ली वहाँ घूम रही है।	बिल्ली वहाँ घूमती है।
7	आज सुबह अनेक लोगों ने योगासन किया ।	आज सुबह अनेक लोगों ने योगासन किया।
7	राज्य का सबसे ठंडा जिला है 7.830 सेल्सियस।	राज्य का सबसे ठंडा जिला 7.60 सेल्सियस है।
9	पत्नी –  हाँ , आज अनावश्यक पत्र फेंकने हैं	पत्नी-हाँ, आज आवश्यक पत्र भेजने हैं।
6	वो हमारे राष्ट्रीय सलाहकार समिति के अध्यक्ष हैं	वह हमारी राष्ट्रीय सुरक्षा सलाहकार समिति के अध्यक्ष हैं।
6	तेल देखो तेल की धार देखो ।	तेल देखो तेल की धार देखो।
3	मैं सीढ़ियों से चढ़ा।	मैंने सीढ़ियों से चढ\u093Cा।
7	मुख्यमंत्री सुखविंदर सिंह सुक्ख ने कहा कि समय सूचना एक प्रारंभिक निर्णय है।	मुख्यमंत्री सुखविंदर सिंह सुक्ख ने कहा कि समयसूचना एक पूर्व निर्णय है।
6	आप स्कूल की छुट्टियों में कहाँ घूमना पसंद करते हैं?	आपको छुट्टी पर कहाँ घूमना पसंद है?
9	आज तुम भी विद्यालय न जाओ। मैं भी नहीं जा रहा हूँ।	आज तुम भी विद्यालय नहीं जाते? मैं भी नहीं जाता हूँ।
8	श्र नाऊ ! नखों को काट शिर मूंड और मूछ भी मूंड।	हे नाई! नाखूनों को काट कर सिर और दाढ\u093Cी को पोंछ।
9	हम कहते हैं कि लक्ष्य ने आज तक किसी भी दूरदर्शन प्रदर्शन में काम किया है।	लक्ष्य ने आज तक किसी भी टेलीविजन शो में काम किया है ऐसा कहते हैं।
1	स्थापित हो जाता है	स्थित होता है।
8	सत्र में मुख्य अतिथि के रूप में विश्वविद्यालय के वास्तुकला विभाग के पूर्व प्रोफेसर प्रोफेसर एस.के.सिंह उपस्थित थे।ओंकारनाथ चतुर्वेदी महाभाग एकत्र हुए थे।	सत्र में मुख्य अतिथि के रूप में विश्वविद्यालय के वास्तुकला विभाग के पूर्व शिक्षक उपस्थित थे।
3	कागजातों को फाइल में संगृहीत करता है।	पत्ते रजिस्टर में लपेटता है।
7	छात्रवृत्ति योजनाओं में भ्रष्टाचार का निवारण करने की व्यवस्था की गई है।	छात्रवृत्ति योजनाओं में भ्रष्टाचार को रोकने के लिए यह नई व्यवस्था की गई है।
10	तमे वर्षे इस संस्था के लगभग नौ हजार लोगों ने आत्मसमर्पण किया।	उस वर्ष इस संस्थान के लगभग नौ हजार लोगों ने आत्मसमर्पण किया।
1	नाच ।	नाचना
5	जिन्हें जान लेने से ही व्यक्ति अपने आपको सर्वज्ञ समझ सकता है।	जिससे विज्ञान ही सर्वज्ञता प्राप्त करता है।
1	स्वर्ग	जाना
8	परीक्षा समय छात्रों को केवल पारदर्शी जलपुट, पारदर्शी पेन और पेन लाना चाहिये।	परीक्षा के समय छात्रों को केवल पारदर्शी पानी का पात्र पारदर्शी पेन लाना चाहिए।
22	भौतिक-वाचक-मानसिक-चिंतकों के द्वारा विरोधियों के विषयों पर द्वेष किया जा रहा है-जिस प्रकार आज इस शतक का नाखून दूसरों के नाश करने के लिए तैयार हूँ-इस भावना का विकास होता है।	विषयों के विपरीत समय में विरोधियों के प्रति द्वेष होने पर खेल-मौखिक-मानसिक-चेष्टाओं से दूसरों को दुःख होता है जैसे आज इस शत्रु की नाश होगी कल दूसरों की नाश होगी, इस भावना का विकास होता है।
6	वीर पुरुष कभी नष्ट नहीं होता।	वह वीर नहीं होगा।
12	और ऐसी घटना को रोकने के लिए सुरक्षा चार विभाग एक साथ कार्य करते हैं।	और ऐसी घटना को रोकने के लिए सुरक्षा-चार-विभाग एकजुट-कार्य करते हैं।
16	तेलंगाना राज्य के राज्यपाल तिमिलसाई सौंदर्य-राजन ने हैदराबाद में श्री लाल बहादुर शास्त्री स्टेडियम में श्री रेड्डी पर शपथ ली।	तेलंगाना राज्य के राज्यपाल तिमिलसाई सौन्दर्य-राजन ने हैदराबाद में श्री लाल बहादुर शास्त्री स्टेडियम में श्री रेड्डी का शपथ ग्रहण किया।
5	अभी भेड़िये ने हिरन पकड़ लिया।	अभी ही डकैती ने हरिण को पकड़ा है।
6	मुझे नहीं पढ़ना है क्या ?	क्या मुझे पढ़ना नहीं है?
4	तुम सब ने लौकी का हलुआ पकाया।	तुम सब ने आलू का रस निकाल दिया।
15	इस दूरदर्शी महत्वाकांक्षी योजना का उद्देश्य प्रत्येक नगरीय स्वास्थ्य कल्याण केंद्र के माध्यम से लगभग सहस्रों लोगों की स्वास्थ्य सेवाएं सुनिश्चित करना है।	इस दूरदर्शी महत्वाकांक्षी योजना का उद्देश्य प्रत्येक नगरीय स्वास्थ्य कल्याण केंद्र के माध्यम से लगभग हजारों लोगों की स्वास्थ्य सेवाएं सुनिश्चित करना है,
9	गुरुवार को सेनसेक्स ने दिन के सबसे नीचे से लगभग 1,000 अंकों की बारिश की।	गुरुवार को सेन्सेक्स ने दिन के सबसे निचले स्थान से लगभग 1,000 अंकों की कूद की।
8	यह सब जानकर जयद्रथ डर से बहुत व्याकुल हुए।	यह सब जानकर जयद्रथ डर से बहुत व्याकुल हो गया।
8	तब रावण ने भी धारा के समान मेघ जिस प्रकार बाणों के मूसलों से राम को बरसा दिया था,	रावण ने भी तब धाराओं के समान मेघ के समान बाणों के चूल्हे से राम को बरसाया।
6	कालाय उसे नमस्कार है इस प्रकार बोल सकता है।	काल के लिए उसे नमस्कार ऐसा कहा जा सकता है।
9	सियार-यदि ऐसा है तो मुझे अपने गले से बाँधकर जल्दी चलो।	जम्बूक-यदि ऐसा है तो मुझे अपने गले में बाँधकर जल्दी चलो।
4	कल हम चक्रव्यूह का निर्माण करेंगे।	कल हम सब चक्रव्यूह बनाते हैं।
9	विधानसभा का पांच दिवसीय शिशिरात्र मंगलवार से शुरू हुआ, जो दिसंबर तक होगा.	विधानसभा का पांच दिवसीय शिशिरसत्र मंगलवार को शुरू हुआ, जो दिसंबर तक होगा।
5	शयुन भाषा में''श''उन्होंने यह अक्षर स्वीकार किया।	शायुन भाषा में "श" इस अक्षर को लिया।
10	इनके अतिरिक्त वसिष्ठजी के आज्ञानुसार मुख्यमुख्य वाराङ्गनायें तथा पुरवासी और जनपदवासी भी वहाँ उपस्थित हो गए ॥	और भी-वारमुख्य और पौरजनपद। वसिष्ठ जी द्वारा जैसा आदेश दिया गया था, वह सब वहाँ स्थित था।
10	उस सत्यमय पुरुष के लिए कौए शहद की वर्षा करते हैं या माधुर्य की वर्षा करते हैं।	उस सत्यमयी पुरुष के लिये हवाएँ शहद की वर्षा या मधुरता की वर्षा करती हैं।
3	ऑर्बिटर सुरक्षित है।	परिक्रमा सुरक्षित है।
3	चैत्र को गांव भेजते हैं ।	चैत्र गाँव को जाता है।
10	परन्तु तुम्हारे नौकर सदा सब जगह उपस्थित नहीं हो सकते।	परन्तु तुम्हारे नौकर हमेशा और सब जगह उपस्थित नहीं हो सकते हैं।
7	फिर भी उन्होंने बदलूराम का नाम सूचि से नहीं निकाला।	फिर भी उन्होंने बदलूराम का नाम छिपाकर नहीं निकाला।
5	रात में चन्द्रमा पर चन्द्रयान का अवतरण देखूँगा।	रात को चन्द्रमा पर चन्द्रयान का उतरना देखूँगा।
4	वह गन्ने का रस निकालती है ।	वह गन्ना का रस निकालती है।
6	नहीं समझ आ रहा है कि आज शब्द कहाँ गए।	नहीं पता आज शब्द कहाँ गए।
11	वानर राज हनुमान एक ही क्षण में ही पर्वत के शिखर पर कूदकर पहुँच गये। वहाँ पर श्रीराम और लक्ष्मणजी एक वृक्ष की छाया में खड़े हो गये ॥	एक क्षण में ही महापाषाण ने पर्वतों को गिरा दिया। वे दोनों वृक्षों की छाया पर आश्रित होकर राम और लक्ष्मण के साथ खड़े थे॥
18	राम लक्ष्मण भी सुग्रीव के साथ मित्रता करना चाहते हैं ने लक्ष्मण के मुख से सुना। । उससे सुग्रीव की विजय अवश्य होगी ऐसा विचार कर वह बहुत आनन्दित हुआ। इसलिए वह राम लक्ष्मण के साथ मित्रता करना चाहता है ।	उनके वचनों को निपुणता से सुनकर पवनात्मा का रूप प्रसन्न हुआ। तब उन दोनों का मैं मन को शान्त करने के लिए और जय-जय प्राप्त करने के लिए मित्रता करूँगा॥
4	सभी मुनियों के साथ आज की पारणा  हमारे घर पर कीजिएगा।	आज सभी मुनियों के साथ मेरे घर में विराधानक्रिया करनी चाहिये।
7	देवी सरस्वती भी उस निशाचर को छोड़कर चली गई।	देवी सरस्वती भी उस निशाचर को छोड़कर चली गई।
9	मानवाधिकार दिवस हर साल दिसंबर के दिनाङ्क को पूरे विश्व में मनाया जाता है।	मानवाधिकार-दिवस हर साल दिसंबर के दिन पूरे विश्व में मनाया जाता है।
7	बाढ़ के कारण कोच्चि एयरपोर्ट भी बंद है।	बाढ़ के कारण कोच्चि हवाई अड्डा भी अवरुद्ध हो गया है।
4	ठीक मौके पर आप पधारे।	ठीक समय पर आ गया।
9	उस महाबली ने भी 'ठीक' ऐसा कहकर मल्लयुद्ध के लिए भीमसेन को चुना।	वह भी महाबल'तवा'यह कहकर द्वन्द्वयुद्ध के लिये भीमसेना को आया।
17	सीएसी द्वारा प्रस्ताव के स्वीकृत के बाद परियोजना प्रपत्रों और प्रस्तावित मानकों के विकास का काम अब भारत द्वारा शुरू किया जाएगा।	सीएसी द्वारा प्रस्ताव स्वीकार करने के बाद परियोजना प्रपत्रों और प्रस्तुतियों का, भारत अब प्रस्तावित मानकों के विकास का कार्य शुरू करेगा।
4	दादीजी के लिये कुर्सी लेता है	दादीजी के लिये कुर्सी ले जाती है।
10	मुख्यमंत्री ने कहा कि यह उपक्रम सरकार की प्रतिबद्धता को अत्याधुनिक स्वास्थ्य सेवाएं प्रदान करने के लिए है।	मुख्यमंत्री ने कहा कि यह पहल अत्याधुनिक स्वास्थ्य सेवाएं प्रदान करने के लिए सरकार की प्रतिबद्धता को दर्शाती है।
5	हर शनिवार उसे पढ़ाने जाता हूँ	शनिवासरे उसे पढ़ाने जा रहा हूँ।
7	उनके माता-पिता और बड़ी बहन अकाल से पीड़ित होकर मृत्यु को प्राप्त हो गए।	उसके माता पिता और बड़ी बहन अकाल से पीड़ित होकर दिवंगत हो गए।
5	आज मेरा पिता घर आएगा।	आज मेरे पिता घर आएँगे।
3	जो कार्य कल करना है, उसे आज ही कर लेना चाहिए।	कल काम आज करिये।
3	आप कौन ?	आप कौन हैं?
5	वनरक्षण में (वन की रक्षा करने में	वन रक्षा में वनवासियों का विशेष योगदान है।
15	वृन्दावनसे मधुपुरीको जाते समय जो माधवने यह कहा था कि मैं शीघ्र ही लौटकर आऊँगा इस वाणीरूपी बीजसे उत्पन्न हुए एकमात्र आशावृक्षको मयनजलसे सींचती और बढ़ाती हुई [विरहसे] व्यथितहृदया राधा किसी प्रकार उन महीनों को काटती थी ॥	तत्पश्चात् माधवजी ने कहा-मैं शीघ्र ही एक पक्षी को छोड़ दूंगी। आशा वृक्ष को नेत्रों की किरणों से सींचती हुई बढ़ती हुई राधा ने विघ्नों से व्याकुल होकर अनेक महीने बिताए।
6	मुख्यमंत्री सेवा संकल्प-हल्प लाइन योजना में कृत्रिम बुद्धि का उपयोग होगा।	मुख्यमंत्री सेवा संकल्प-हेल्प लाइन योजना में कृत्रिम बुद्धिमत्ता का उपयोग किया जाएगा।
4	ठीक मौके पर आप पधारे।	ठीक समय पर आ गया।
11	और अत्यन्त प्रेमपूर्वक उन्हें अपना इतिवृत्त सुनाने लगे। वह बोले सखे ! मेरा वृत्तान्त सुनिये पूर्व समय में वाली ने मेरे साथ जो किया है। वह सुनाता हूँ ॥	यह सुनकर मधुर वाणी से बोले हे मित्र! पहले वाली ने जो किया था, उसे सुन।
13	नवम्बर दिनाङ्क को दीपों की आवलि में उत्तराखंड के उत्तरकाशी जिले में निर्माणाधीन गुफा में गिरने से श्रमिक अवरुद्ध थे।	नवंबर को अर्थात् दीपावली की रात को उत्तराखंड के उत्तरी काशी जिले में निर्माणाधीन गुफा गिरने से श्रमिक फंसे हुए थे।
7	माता पिता भी इसके पालन की आवश्यकता है।	माता-पिता को भी इसका पालन करने की आवश्यकता है।
9	कांग्रेस पार्टी की "ट्रैक रिकॉर्ड" प्राक्तन कार्य में लीनताओं और भ्रष्टाचार से भी बचा रहता है।	कांग्रेस पार्टी का "ट्रैक रिकॉर्ड" और पूर्व कार्य से उत्पन्न धोखाधड़ी के भ्रष्टाचार हैं।
1	अभ्यास	अनुष्ठान
8	योगका सेवन करनेसे जिस अवस्थामें निरुध्द चित्त उपराम हो जाता है तथा जिस अवस्थामें स्वयं अपने-आपमें अपने-आपको देखता हुआ अपने-आपमें सन्तुष्ट हो जाता है।।	जहाँ परमपरम मन योगसेवा से बँधा हुआ है, जहाँ चैतन्य आत्मा को देखता है और आत्मा को सन्तुष्ट करता है।।
4	आज विद्यालय में गीत स्पर्धा थी।	आज विद्यालय में गीत स्पर्धा थी।
6	शुंग वंश के पुष्य मित्र का काल सबसे पहले दूसरा शतक है।	शुङ्ग वंश के पुष्यमित्र का समय ईसा पूर्व दूसरा शतक था।
8	साहित्य से ही साहित्यकार अपने भावों और विचारों के समाज में प्रसारित करता है।	साहित्य के द्वारा लेखक स्वभाव और विचारों को समाज में फैलाता है।
8	सामान्य विकास के समय चैतन्य शर्मा की जगह विधायक नंदलाल सदस्य बनेगा।	सामान्य विकास समिति के चैतन्य शर्मा के स्थान पर विधायक नन्दलाल सदस्य होंगे।
1	स्वामी	मालिक
7	वर्ष 1977 में उनका नाम मैंने सुना था।	सत्ताईसवें वर्ष में मैंने उसका नाम सुना।
5	हिमाचल विधानसभा में विधानसभा चुनाव जीते हैं।	हिमाचल विधानसभा में विधानसभा परिसर को प्राप्त किया है।
7	पैत्तिक-ग्रहणी - कटु, अजीर्ण, विदाही, अम्ल तथा क्षार आदि के सेवन बढा हुआ पित्त अभि को आञ्जावित करके उसी प्रकार नष्ट कर देता है, जैसे गरम पानी अनि को शान्त कर देता है। पित्त प्रकोपक वस्तुओं से पित्त मे उणमा और द्रबाश दोनो बढते है । द्रवाश के कारण जनि पुझ जाती है ।	कफ का क्षय हो जाने पर अम्ल और क्षार आदि से पित्तमूल उत्पन्न होता है। जल गरम पानी से युक्त होता है।
5	प्रधानमंत्री ने भी विपक्ष का सहयोग मांगा।	प्रधानमंत्री ने भी विपक्ष का सहयोग मांगा।
3	ऑर्बिटर सुरक्षित है।	परिक्रमा सुरक्षित है।
1	आ गया	आया
35	वह कहता है कि हिमाचल के विभिन्न हिस्सों से जुड़े लोग अपने प्रदेश की विरासतों के बारे में जानकारी फैलाते हैं, जिसके कारण अब छा गोश्त, सिड्डू, बबरु, खट्टा, मदरा, तोड़किया भात इत्यादि स्थानीय विरासतों को राष्ट्रीय परिचय के रूप में दक्षिण भारतीय विरासतों की भाति देखा जाता है। वे महानगरों में लोकप्रिय हैं।	वह कहता है कि हिमाचल प्रदेश के विभिन्न हिस्सों से जुड़े लोग अपने-अपने क्षेत्र के व्यंजनों के बारे में सूचना प्रसारित करते हैं, जिसके कारण अब छा गोमांस, सिड्डू, बबरु, खट्टा, मदरा, तुडकीया भात जैसे स्थानीय व्यंजन राष्ट्रीय परिचय के रूप में और दक्षिण में भारतीय व्यंजनों के समान हैं, मेट्रो-नगरों में वे लोकप्रिय होते हैं।
5	तुम किसे देख कर हँस रहे हो ?	तुम किसको देखकर हँसते हो?
1	बहायें।	गिरते हैं।
10	घर के बाहर जहाँ जहाँ कूड़ा था वो सब कूड़ेदान में डाल दिया।	घर के बाहर जहाँ जहाँ कूड़ा था वह सब कूड़ेदान में रख दिया।
3	वह खेत में दौड़ता है।	वह खेत में दौड़ता है।
5	चक्र धारण करता है इसलिए उसको चक्रधर कहते हैं ।	चक्रधर कहता है कि वह चक्र धारण करता है।
7	सर्वप्रथम मंगलादा ने नईविष्णु रेगमी ने संस्कृत कक्षा के नियमों का आनंद लिया।	सब से पहले मंगल देने के लिए नए विष्णु रेजिमी ने संस्कृत कक्षा के नियमों को सुना।
5	पहाड़ों के नीचे जंगल हैं ।	पहाड़ों के नीचे वन हैं।
9	ये खिलाड़ी पैरा प्रतियोगिता में दौड़ने हैं- धनुर्विद्या- सात प्रतियोगिताओं में फुटबॉल बैरोलों सहित प्रतिस्पर्धा करेंगे।	ये खिलाड़ी पैरा-प्रतिद्वंद्वी प्रतियोगिता में दौड़ने-धनुर्विद्या-फुटबॉल भार उठाने सहित सात प्रतियोगिताओं में प्रतिस्पर्धा करेंगे।
15	जिससे लोग धोखाधड़ी कर सकते हैं और राज्य के बीज उत्पादकों की हानि निवारण किया जा सके	जिससे धोखाधड़ी करने वाले लोग पकड़ सकें और राज्य के सेब उत्पादकों की हानि को रोका जा सके।
13	इंदिरा गांधी चिकित्सा विज्ञान संस्थान ऐसे समय में निवास करने के कारण लोग व्याकुल हो जाते हैं	इंदिरा गांधी चिकित्सा विज्ञान संस्थान उसी समय नीहार के कारण लोग व्याकुल हो जाते हैं।
4	मेरी गोदी में नहीं आती है ।	मेरी गोदी में नहीं आ रहा है
6	वहीं तेलंगाना राज्य में कांग्रेस ने विजय पाई।	वहीं तेलंगाना राज्य में कांग्रेस ने जीत हासिल की.
4	मोर किसानों का मित्र है।	मोर किसानों का मित्र है।
1	हम दोनो का	हम दोनों का
7	सुचरित्र से मनुष्य महान् बन सकता है।	सुचरित से ही कोई भी मनुष्य बड़ा होना चाहिए।
8	वहां तूने कभी सिंह भी देखा था वा नहीं?	वहाँ आपने कभी सिंह देखा है वा नहीं?
1	निवृत्त होंगे।	वापस कर देंगे
13	मण्डी जिले के रिवालसर में राज्य स्तरीय कार्य आयोजित किया जाता है जिसमें छात्र के साथ विभिन्न सरकारी संस्थाओं भी भाग लेती हैं।	मंडी जिले के रिवालसर में राज्य स्तरीय कार्य आयोजित किया जाता है जिसमें छात्र सहित विभिन्न सरकारी संस्थान भी भाग लेते हैं।
3	हम सब छात्र।	हम सब छात्र हैं।
3	तथा जिस दिन श्मशान में गमन हो और युद्धके दिन महोत्सव और उत्पातके दिन पढ़ना पढ़ाना योग्य नहीं तथा जिन दिनोंमें ब्राह्मण नहीं पढ़ते जैसे प्रतिपत् उन दिनोंमें नहीं पढ़ना और अशुद्ध होकर किसी दिन भी न पढ़े ॥	श्मशान में जाने वाली गाड़ियों, नौकाओं और त्योहारों की धूप में।
2	यह बोलती है।	यह बोलती है।
7	वह पूछता है , आज क्या होगा ?	वह पूछता है, आज क्या होगा?
10	इसके बाद उस धन के साथ दो हजार से अधिक छह हजार काम शुरू हुए।	और चाने के कोष से छह से अधिक-दो हजार-उस वर्ष कार्यजन्य शुरू हुआ था।
6	स्वचालित परीक्षा केंद्र की स्थापना के लिए भी आवेदन आमंत्रित किए गए हैं।	स्वचालित परीक्षा केंद्र की स्थापना के लिए भी आवेदन आमंत्रित किए गए हैं।
9	आकर उसने सेठ से कहा- “हे सेठ ! धरोहर के रूप मे रखी मेरी वह तराजू दे दो।	आकर उस सेठ से कहा-हे सेठ! मुझे वह डिपो दीजिये।
10	इष्टगन्ध आदि से युक्त प्रिय और हितकर अन्न शरीर मे पृथक् २ गन्ध आदि गुण घ्राण आदि इन्द्रियों को पृथक् २ तर्पण करता है । अर्थात् स्वादु और हितकर अन्न के पार्थिव आदि भाग अपने अपने गुणों से अपनी अपनी इन्द्रियो का तर्पण करते हैं ॥	अन्न, मिश्रधातु, पकाये हुए मिश्रधातु, गन्धादि से पृथक्, गन्धादि और प्राणादि निद्रा आदि से शरीर प्रसन्न होता है॥
11	मंत्री जगत सिंह नगिन की अध्यक्षता में आयोजित बैठक में उद्योग मंत्री हर्षवर्धन चौहान विशेष रूप से उपस्थित थे।	मंत्री जगत सिंह नेगी की अध्यक्षता में आयोजित बैठक में उद्योग मंत्री हर्षवर्धन चौहान विशेष रूप से उपस्थित थे।
13	मौसम विज्ञान केंद्र शिमला-यह पूर्वानुमान है कि जनवरी तक राज्य के सभी हिस्सों में वातावरण स्वच्छ होगा।	ऋतु विज्ञान केंद्र शिमला-पूर्वानुमान है कि राज्य के सभी हिस्सों में जनवरी तक वातावरण स्वच्छ रहेगा।
4	महान् सौभाग्य के लिए उठो	महान् सौभगवान् को नमस्कार करो।
7	मदनलाल धींगरा ने जब आंग्ल अधिकारी कर्जन की हत्या कर दी तब	मदनलाल धींगरा ने जब अंग्रेज अधिकारी कर्जन की हत्या की तब
6	आज सुबह नीरजा बहन जुहू चौपाटी गई।	आज सुबह नीरजा बहन जुहू में गई।
6	आभा – मेरे पास टार्च है।	आभा-मेरे पास टार्च है।
8	इच्छानुसार घड़ों को ले जाओ। दूध को बेचकर ही बड़ों की कीमत दे देना।	जैसे लगे हुए घड़ों को ले जाईये दूध बेचकर ही घड़ों की कीमत दें।
1	मार्ग द्वारा	मार्ग से
11	उन्होंने यह भी कहा कि किसी भी शास्त्र में शास्त्रोक्त स्थिति की प्राप्ति तभी होती है, जब मनुष्य के चारों प्रयोजनों को प्राप्त करने की क्षमता उसमें हो।	उन्होंने कहा कि किसी भी शास्त्र में शास्त्रत्व का सम्पादन तभी होता है जब वहाँ पुरुष के चारों कार्यों को पूरा करने की क्षमता होती है।
19	फ्रांस के राष्ट्रपति इमैनुएल मैक्रॉन भारत के 2024 गणतंत्र दिवस समारोह में मुख्य अतिथि होंगे। विदेश मंत्रालय ने कहा कि फ्रांस के राष्ट्रपति ने भारतीय प्रधानमंत्री नरेंद्र मोदी का निमंत्रण स्वीकार कर लिया है।	फ्रांस के राष्ट्रपति इमैनुएल मैक्रॉन भारत के 2024 गणतंत्र दिवस समारोह में विशिष्ट अतिथि होंगे। विदेश मंत्रालय ने अनुरोध किया है कि भारत के प्रधानमंत्री नरेंद्र मोदी का निमंत्रण फ्रांस के राष्ट्रपति ने स्वीकार कर लिया है।
6	तब उसके घर की तीन हिलती हैं	तब उसके घर के टीले काँप रहे हैं।
1	फुदक रही हैं	घूमता है।
9	यदि तुम सब पापियों से भी अधिक पाप करने वाले हो,  तो भी ज्ञानरूपी नौका द्वारा,  निश्चय ही सम्पूर्ण पापों का तुम संतरण कर जाओगे।।	यदि तुम सभी पापियों के लिए पापरूपी कर्म करते हो तो भी सब कुछ ज्ञान की बाढ़ से व्यर्थ हो जाएगा।।
14	श्री राम बोले: हे भीरु ! तू शोक न करने योग्य अपने पति के लिये क्यों व्यर्थ शोक करती है ? तू यह सोचसमझ कर बता कि तुम्हारा पति यह देह है या इसमें रहने वाला जीव यदि देह पति है तो यह जड पञ्चभूतमय एवं त्वचा, मांस, रुधिर, अस्थि से निर्मित है। तथा काल, कर्म और गुणों से उत्पन्न होने के कारण वह अभी भी तुम्हारे सामने पड़ा है ॥	क्या तुम डरपोक हो, शोक करनेवाले हो, पति के लिए शोक का विषय क्या है? तुम अपने पति के शरीर को या प्राण को तत्त्व से बोलो।।
4	मैंने चुपचाप सब खा लिया ।	मैंने शान्तभाव से सब खा लिया।
1	सुंदरी	स्त्री
4	वह दुष्ट आत्मा अन्याय से राज्य करता था।	उस नेत्रहीन ने अन्य के द्वारा राज्य किया।
12	वहाँ कामदेव के समान सुन्दर रमानाथ श्री रामचन्द्रजी को सीता के साथ बैठे हुए देखकर वह काम से विमोहित राक्षसी रघुनाथ जी से बोली तुम किसके पुत्र हो? तुम्हारा नाम क्या है ? इस आश्रम में जटावल्कल आदि धारण कर क्यों रहते हो यहाँ रहकर तुम कौन सी वस्तु प्राप्त करना चाहते हो? यह मुझे बतलाओ ॥	वह राम के साथ सीता के साथ बैठी हुई थी। काम से मोहित होकर उसने राम को कन्दप के समान देखा।
23	उन्होंने बताया कि मुख्यमंत्री सुखाश्रय योजना के तहत मण्डल बिलासपुर में राज्य के बच्चों को पंजीकरण किया गया है, जिनके लिए योजना के तहत विभिन्न लाभ प्रदान किए गए हैं।	उन्होंने बताया कि मुख्यमंत्री सुखाश्रय योजना के तहत मंडलबिलासपुर में वर्षों के बीच राज्य के बच्चों का पंजीकरण किया गया है, जिनके लिए योजना के तहत विभिन्न लाभ प्रदान किए गए हैं।
9	इनके आयोजन का पर्दे के पीछे बनाने वालों की इकाई और बनने वालों की दहाई थी।	इनके आयोजन के पीछे निर्माणकर्ताओं का एक यूनिट और निर्माणकर्ताओं का एक दशक था।
9	जैसे-जैसे इस लोक में जो कुछ कार्य होते हैं, वे सब तुझी संचित की जाती हैं।	यदि जो कोई भी इस लोक में कार्य करता है, तो उन्हें नियुक्त करो।
6	मेरे घर पीतल की थाली है	मेरे घर पीतल की थाली है।
6	इनमें चिकित्सालय आधुनिक चिकित्सा सुविधाओं से सुसज्जित होगा।	इन अस्पतालों को आधुनिक चिकित्सा सुविधाओं से सुसज्जित किया जाएगा।
6	आप चिड़िया की भाषा जानती हैं क्या ?	आप चटका की भाषा जानती हैं क्या?
1	प्रसन्न हुए।	प्रसन्न हुए।
1	अच्छी तरह से	बहनोई
11	मैंने कहा  हे मुनिगण: मेरे अनेक पुत्र कलत्रादि भूख से वुभुक्षित हैं। अत एव उनके भरणपोषण के लिए कुछ लेने आ रहा हूँ ॥	हे मुनिश्रेष्ठ! मैं अपने ब्राह्मण को कुछ भी नहीं देना चाहता था। मेरे बहुत से पुत्र और स्त्री हैं, जो भूखी हैं॥
11	पहली प्राथमिकी का पंजीकरण करने के बाद, जितेन्द्रक को पुलिस के पकड़े और उन्हें कानूनी ड्यूटी पर कब्जा कर लिया गया, वे दोनों मुक्त हो गए।	पहले प्राथमिक पंजीकरण के बाद जितेन्द्रकंवर को पुलिस हिरासत में न्यायिक अधिकार ग्रहण करने के बाद जमानत पर रिहा कर दिया गया।
64	उसका भाई रामकुमार उसे तारने के पास आया, लेकिन वह भी गोलियों से मर गया! बीस वर्ष की कोठारी भाई''जय श्री राम''इस नाम से शहीद हुए गोली मारने के दौरान कई लोग पुल के समीप फेंक दिये गए, उन्होंने मर गये या हनन किया नहीं देखा, लेकिन उस शाम को तो निर्लज्ज सरकार ने समाचार दिया कि गोली मारने में केवल कार सेवक ही मर गये! बाबरी भूतल उस वर्ष दिसंबर को पुनः कार सेवा करने का निर्णय लिया गया	उसका भाई रामकुमार उसे निकालने के पास आया, लेकिन वह भी गोलियों से मर गया! बीस वर्ष के कोठारी भाई "जय श्री राम" इस नाम से शहीद गोलीकाण्ड में घायल हुए कई लोगों को पुल से शरयुन नदी में फेंक दिया गया, उन्हें मर गया या मारा गया, नहीं देखकर, लेकिन उस शाम को तो निर्लज्ज सरकार ने बताया कि गोलीकाण्ड में केवल कार सेवक ही मारे गए थे। बाबरी उस वर्ष दिसंबर को जमीन पर गिर पड़ी-माह की तारीख को फिर से कार सेवा करने का निर्णय लिया गया।
3	कैसे बोलूँ ?	कैसे बोलूँ?
2	संयम रूपी धन वाले	संयम ही धन है।
1	जल।	पानी
3	दूसरा भूमि पर रख रहा है।	दूसरा भूमि पर रखता है।
3	प्रेक्षागृह में प्रवेश ही नहीं करना चाहिए	दर्शक को प्रेरित नहीं करना चाहिए।
6	अभिनेत्री सिमरत कौर चलचित्र की नायिका हैं।	अभिनेत्री सिमरत कौर चलचित्र की नायिका है।
17	अमुन ने कहा कि उज्जैन की शुरूआत से यह यात्रा मध्य-प्रदेश के छह सौ स्थानों पर पहुंच गई, लाखों लोग इससे लाभान्वित हुए।	उन्होंने कहा कि उज्जैन से शुरू हुई यह यात्रा मध्य-प्रदेश के छह सौ स्थानों पर पहुंच गई, इससे लाखों लोग लाभान्वित हुए।
8	स्त्रियों और बच्चों के सुरक्षा के लिए कई प्रावधान किए गए हैं।	महिलाओं और बच्चों की सुरक्षा के लिए कई प्रावधान किये गये हैं।
1	बाद	बाद में
3	विशाखा कान का झुमका खरीदती है।	विशाखा बालू खरीदती है।
5	निश्चित रूप से वह उस कारण के समाप्त होने (मिट जाने) पर प्रसन्न भी हो जाता है।	ध्रुव के पास जाने पर वह प्रसन्न होता है।
22	पर्यटन मंत्री पीए मुहम्मद रियास ने कहा कि हेली पर्यटन परियोजना को आगंतुकों को राज्य के विभिन्न हिस्सों में बहुत तेज़ी से पहुंचने और खूबसूरत क्षितिजों का आनंद लेने में सक्षम बनाने के लिए डिज़ाइन किया गया है।	पर्यटन मंत्री पी. ए. मुहम्मद रियास ने कहा कि हेली टूरिज्म परियोजना केरल राज्य की यात्रा करने वाले आगंतुकों को राज्य के विभिन्न हिस्सों में पहुंचने और सुंदर आकाश दृश्यों का आनंद लेने के लिए बनाई गई है।
10	उन्होंने कहा कि अपना वीरभद्रसिंह ने राज्य में धर्मान्तरण से विरोध करने का विधेयक लाया था।	उन्होंने कहा कि अपने वीरभद्र सिंह ने राज्य में धर्म परिवर्तन के खिलाफ विधेयक लाया था।
10	कहा जाता है कि रामचरण सिनेमा में सुहेल देव बरहज की राजपूत योद्धा की भूमिका पर दिखाई देता है।	कहा जाता है कि रामचरण फिल्म में सुहेलदेव बराहज नाम के राजपूत योद्धा की भूमिका में दिखाई देता है।
2	वे सब फूल हैं।	वे पुष्प हैं।
3	सभी स्थानों पर क्या वर्जनीय है?	क्या सब जगह बहिष्कार करना चाहिये?
15	हालाँकि, वर्तमान वित्तीय स्थिति अच्छी नहीं है, जिसके कारण से राज्य सरकार काम करने वालों और व्यवसायियों को लटके हुए वित्तीय जिम्मेदारियों को निभाने में कष्ट का अनुभव करती है।	लेकिन वर्तमान वित्तीय स्थिति अच्छी नहीं है, जिसके कारण राज्य सरकार कर्मचारियों और करियर के लिए लटके हुए वित्तीय भुगतान करने का प्रयास कर रही है।
4	जहाँ कहीं पर भी जाता हूँ	जहाँ कहीं भी जाता हूँ।
6	खिचड़ी देओ और दूध वहाँ ले जाओ ।	मूंडगुड\u093C देना और दूध वहाँ ले जाना
7	ग्रीक भाषा में''थैले''इस प्रकार धातुधारण करने वालेार्थक, संस्कृत भाषा में भी.	ग्रीक भाषा में "थे" यह धातु धारण करने वाला है, संस्कृत भाषा में भी ऐसा ही है।
4	हम लोग सामूहिक गीत गाते हैं।	हम सब सामूहिक गीत गाते हैं।
8	रेलवेस्टेशन से घर जाकर वह भाई के साथ अल्पाहार करेगी।	रेलवे स्टेशन से घर जाकर वह भाई के साथ नाश्ता करेगी।
5	उत्तम लड़की से धन लेता हूँ।	उत्तम बालिका का धन लेता हूँ।
1	अत्यधिक	बहुत
1	कंघी	प्रसाधन
6	पहले रणधीर शर्मा ने चर्चा में भाग लिया।	पहले रणधीर शर्मा ने चर्चा में भाग लिया।
19	जैसे सच्चिदानन्द के घनी परमात्मा श्रीकृष्ण नित्य हैं, उसी प्रकार समय-समय पर इस पृथ्वी पर उसकी आवृत्ति-तिराभाव आदि चलती हैं, उसी प्रकार से सच्चिदानन्दमयी भगवती श्रीराधा भी निति है।	जैसे सच्चिदानंदघनपरमात्मा श्रीकृष्ण नित्य है, वैसे ही समय-समय पर इस भूमण्डल में उसका अवतार-तिरोभाव आदि चल रहा है, उसी प्रकार सच्चिदानन्दमयी भगवती श्रीराधा भी नित्य है।
4	पांच हज़ार रुपये।	पांच हजार राज्य का मुद्रा।
6	इसपर श्लोक हैं कि ये अति स्थूल और अतिकृश दोनों मनुष्य अतिनिन्दितः हैं और मध्य शरीर ( न अति मोटा न दुबला ) मनुष्य श्रेष्ठ है और अति मोटेसे तो दुबला ही अच्छा होताहै ॥	आप यहाँ अत्यन्त गहींर हैं, शरदऋतु में स्थूल और नेत्रहीन हैं।
7	अन्यथा साधनाभावाद भी कोई मनुष्य हमेशा संतुष्ट दिखता है।	अन्यथा साधनाभाव से भी कोई मनुष्य हमेशा संतुष्ट दिखता है।
10	इसने संसदीय कार्यों के दो कार्यसूचक और वित्त विभाग के दो कार्यसूचक पर सहमति दी है।	इसने संसदीय कार्यों के दो कार्यसूचियों और वित्त विभाग के दो कार्यसूचियों पर सहमति दी है।
4	वे दोनों वहां स्नान करते हैं ।	वे दोनों वहाँ गाते हैं।
3	धारा नगरी कहाँ है?	धारानगरी कहाँ है?
8	उज्जयिनी के राजा विक्रमादित्य के काल से विक्रमसंवत्सर की गणना होती है।	उज्जैन के राजा विक्रमादित्य के समय से विक्रम वर्ष की गणना होती है।
16	श्री लाल बहादुर शास्त्री संस्कृत विश्वविद्यालय में, नई दिल्ली में दीक्षा ग्रहण समारोह मुख्य अतिथि राष्ट्रपति द्रौपदी मुर्मू, केंद्रीय मंत्री धर्मेन्द्र प्रधान और अन्य गणमान्य अतिथिगण एक साथ उपस्थित हुए।	श्री लाल बहादुर शास्त्री संस्कृत विश्वविद्यालय में, नई दिल्ली में दीक्षांत समारोह मुख्य अतिथि राष्ट्रपति द्रौपदी मुर्मू, केंद्रीय मंत्री धर्मेन्द्र प्रधान और विशेष अतिथि के रूप में आयोजित किया गया।
9	नियम ज्ञान है परन्तु प्रयोग नहीं है अर्थात् भाषा नहीं आती है।	नियम का ज्ञान है परन्तु प्रयोग नहीं तो भाषा नहीं है।
5	इस समय शान्ति स्थापित नहीं है ।	अब शान्ति नहीं स्थापित हुई है।
6	दूसरा मिलना हिमाचल-तेलाङ्गान के बीच हुआ।	दूसरी बैठक हिमाचल-तेलंगाना के बीच हुई।
6	विश्व की प्राचीनतम ग्रन्थ ऋग्वेद में काशी उल्लिखित है।	विश्व के प्राचीनतम ग्रन्थ ऋग्वेद में काशी का उल्लेख है।
9	कोई एक वन्यजीव खाने से पेट भर जाता है ना?	एक ही वन्यजीव के खाने से आपका पेट भर जाता है।
4	पुतला जलाने से कुछ भी नहीं होगा।	गुड़िया जलाने से कुछ भी नहीं होगा।
12	सभी न्यायाधीश समान राय थे कि ऐसी अद्वितीय परंपरा नहीं और शहर भी ऐसा नहीं है जो वर्ग के लिए अभिलषणीय हो।	सभी न्यायाधीशों ने सहमति व्यक्त की कि ऐसे अद्वितीय पति-पत्नी न शहरी हैं और न ही कुलीन वर्ग के हैं।
5	प्राचीन काल में अयोध्याका राजा दशरथ थे।	प्राचीन काल में दशरथ अयोध्या के राजा थे।
8	जो पुरुष सब कामनाओं को त्यागकर स्पृहारहित? ममभाव रहित और निरहंकार हुआ विचरण करता है? वह शान्ति प्राप्त करता है।।	जो पुरुष अपनी समस्त इच्छाओं को त्यागकर निःस्पृह होकर सभी आत्माओं में विचरण करता है, वह निःसन्देह निःसन्देह शान्ति प्राप्त करता है।।
6	सभी समिति सदनों की विशेष मार्गदर्शन से कार्यक्रम सफल रहा।	सभी समिति सदस्यों को विशेष मार्ग दिखाने के साथ कार्यक्रम सफल रहा।
11	आक्षेपक तो फिर लोक में इन शब्दों का प्रयोग कैसे नहीं दिखता है? वैयाकरण (व्याकरण)--अप्रयोग(के प्रयोग) के अभाव में।	आक्षेपक तो संसार में इन शब्दों का प्रयोग कैसे नहीं दिख रहा है? वायाकरण-- अप्रयुक्त होने के कारण इसका प्रयोग नहीं हो रहा है।
3	यह संदीप है ।	यह संदीप है।
19	दुर्जन को (सज्जन बनाने के लिए) न धर्मशास्त्र कारण होता है और न ही वेदों का अध्ययन इस विषय में तो स्वभाव ही ऐसा बलवान कारण है, जैसे गाय का दूध स्वभाव से ही मधुर होता है ।	धर्मशास्त्र पढ़ने का कोई कारण नहीं है, न ही वेद का अध्ययन करना ही बुराई है। स्वभाव ही यहाँ जैसा कहा जाता है, वैसे ही प्रकृति से मीठा भोजन करना चाहिए।
3	सभी वाहन रुक गए हैं।	सभी वाहन रुक गए।
7	राजा का अपना हित प्रिय नहीं होता है। प्रजाओं का हित ही तो उसे प्रिय होता है।	न राजा का हित है और न प्रजा का हित है।
7	मेरा वीर्य लज्जित होता है और हाथ से धनुष बहता है।	मेरी वीरता लज्जित हो रही है और हाथ से धनुष टूट रहा है।
9	सेब के लिए समर्थन मूल्य, अनुदान, औरपणक की अच्छी व्यवस्था आवश्यक है।	सेब के लिए समर्थन मूल्य, अनुदान, विपणन और उत्तम व्यवस्था आवश्यक है।
7	जाह्नवी के चलचित्र के लिए अंतिम संस्कार हुआ है।	जाह्नवी की फिल्म को अंतिम रूप मिल गया है।
1	सेम	सीम्बा
3	एक निर्धन बोला	एक निर्धन बोला
10	इससे देश के पूर्वोत्तर क्षेत्र के सभी आठ राज्यों में भाजपा को सत्ता मिल जाएगी।	इससे देश के पूर्वोत्तर क्षेत्र के आठों राज्यों में भी भाजपा का शासन होगा।
10	और ऐसा लगा जैसे कोई हाथी पानी पी रहा है, यह सोचकर मैंने धनुष पर बाण चढ़ाकर शब्दवेधी बाण छोड़ा। परन्तु वहाँ पर मनुष्य सूचक शब्द हुआ कि हा! में मारा गया । हे विधे! मैंने तो किसी का मैं कोई अपराध नहीं किया था, मुझको किसने मारा? ॥	हे महानिषी! यह सोचकर कि हाथी पी रहा है, वह पी रहा है। धनुष और बाण को जोड़कर शब्द के समान नीचे फेंक दिया।
1	प्रारम्भ किया	मार डाला
10	राजा ने अपने वन जन प्रिय पुत्र को भाई लक्ष्मण और स्त्री के साथ जंगल में भेज दिया है ॥	उस वन में वनप्रिय पुत्र का निवास हुआ। वह अपनी पत्नी के साथ भाई लक्ष्मण के साथ रहता था॥
7	वह वृद्ध माता पेड़ के नीचे खड़ी है	वह वृद्धा माँ वृक्ष के नीचे खड\u093Cी है।
15	ए.आई. को कृत्रिम बुद्धिमत्ता के रूप में मान्यता दी गई है-इसे वैश्विक संधि के बारे में एक शिखर सम्मेलन में नई दिल्ली में लॉन्च किया गया है-घोष का कार्यान्वयन स्वीकार किया गया.	कृत्रिम बुद्धिमत्ता के बारे में वैश्विक संधि नामक शिखर सम्मेलन दिल्ली में नई दिल्ली में आयोजित किया गया-घोषणा का कार्यान्वयन स्वीकार कर लिया गया.
4	वह शशांक है	वह शशांक है।
1	हथेली पर प्राण लेकर	पकड़कर जीता हुआ।
1	दैनिक	प्रतिदिन
8	इस अवसर पर संस्कृत विश्वविद्यालय के कुलपति, विद्वान शिक्षक, छात्र और अन्य लोग उपस्थित थे।	इस अवसर पर संस्कृत विश्वविद्यालय के कुलपति, विद्वान आचार्य, छात्र और अन्य लोग उपस्थित थे।
6	मैं गिरीश बोल रहा हूँ। मित्र !	मैं गिरीश बोलता हूँ। मित्र!
8	सुदैव से यह संभव होता है। परन्तु इस आत्मा के संशय (वाले कार्य) में प्रयत्न नहीं करना चाहिए।	भाग्य से ही यह सम्भव है। परन्तु इस आत्म सन्देह में प्रवृत्ति के अनुसार।
11	इमरान खान ने रूस से भारत की तेल खरीद पर अमेरिकी आपत्तियों पर जयशंकर की प्रतिक्रिया की सराहना की।	इमरान खान ने रूस से भारत के तेल की खरीद के बारे में अमेरिका के खिलाफ बोलने पर जयशंकर की प्रतिक्रिया की प्रशंसा की।
12	मेनका द्वारा आगे-आने में तमिलनाडु ने पी.एस. चार अंकों से गिरा था.	मेनका के साथ प्राग-फाइनल में तमिलनाडु के पीएस. एस. ने चार एक अंकों से जीत हासिल की.
5	मुझे मिलाकर सत्ताईस लोग थे।	मुझे मिलाकर सत्ताईस लोग थे।
5	परन्तु अन्यदेव मरणशीलों के साथ द्वेष करता है।	परन्तु मनवानों के साथ अन्यदेव को द्वेष करता हूँ।
3	आप विद्यालय जाईये।	आप विद्यालय जाईये।
4	उसने मेरा वाहन तोड़ दिया	उसने मेरा वाहन बेच दिया।
2	जिसकी श्रद्धा है, वह यज्ञ करते हैं।	जो यज्ञ किया जाता है।
1	हिमालय पर्वतों	हिमालय
7	अंग्रेज लोग तो लोगों पर बहुत अत्याचार करते थे।	अंग्रेज लोग लोगों पर बहुत अत्याचार करते थे।
6	आदि नाम का छात्र संस्कृत कार्यक्रम का संचालन करेगा।	आदि नाम का छात्र संस्कृत कार्यक्रम का संचालन करेगा।
5	परमात्मा जागत् का स्रष्टा है।	परमात्मा जगत् का स्रष्टा है।
4	वह हमें बगीचे में खिलाती है।	वह हमें बगीचे में खेलाती है।
7	इसी प्रकार, इल्मा अफरोज पुलिस अधिकारी जिला बाडी नियुक्त किया गया।	इसी प्रकार इल्मा अफरोज पुलिस अधिकारी जिला बद्दी नियुक्त किया गया।
9	यह सम्मान देश के लिए उनके अतुलनीय योगदान के लिए समर्पित है।	यह सम्मान देश के लिए उनके अतुलनीय योगदान के लिए समर्पित है।
16	हे राक्षसेश्वर ! कार्य करने वाले का यहाँ निवास कैसे होगा ! इसलिये जल्दी से विमान रख दो !	हे राक्षसेश्वर! किए गए कार्य का मेरा यह निवास कैसे हुआ होगा? इसलिये जल्दी से विमान ले आओ!
9	नौ सौ वर्ष पहले लिखी यह पुस्तक काश्मीर का इतिहास बताती है।	नौ सौ वर्ष पहले लिखी यह पुस्तक कश्मीर का इतिहास दिखाती है।
10	संसार ऐसा कहता है कि) चन्दन ही शीतल (होता) है, वस्तुतः) पुत्र के शरीर का स्पर्श (तो) चन्दन से भी बढ़कर होता है।	इस प्रकार लोक चंचलता, शीतलता, पुत्र के गर्भ का संसर्ग, आनन्द आदि से भिन्न कहा जाता है।
15	यदि सब ठीक हो जाए तो घटना के आधार परनिर्मित फिल्म में काफी जल्दी ही सफलता मिलती है।	यदि सब ठीक हो जाए तो बहुत जल्दी ही सिद्धार्थ सत्य घटना पर आधारित एक फिल्म में दिखाई देता है।
3	आगे सीढ़ी है।	आगे सीढ़ी है।
14	उसे देखकर राक्षसी कैकेयी ने दशग्रीव को कहा बेटा तेजसमूह से व्याकुल अपने भाई को देखो।	उसे देखकर राक्षसी कैकेसी ने दशग्रीव से कहा हे पुत्र! तेजस्वी भाई को देखो।
3	उपक्रम बहुत मनोहर है।	पहल से बहुत अच्छा लगता है।
6	क्या वे सज्जिता के रूप में सुशय्या नहीं दिख रही हैं?,	वह सुसज्जा है वा सूस्या दिख रही है?,
5	पृथ्वी पर जल, अन्न और सुवचन ये तीन ही रत्न हैं,	पृथ्वी पर तीन रत्न जल से सुशोभित हैं।
5	वे विलासी लोग आने वाली आपदा को नहीं देखते हैं।	वे भोगों से आसक्त होने वाले आसन्न विपत्तियों को नहीं देखते हैं।
6	पुलिस को देखकर कुछ लोग रास्ता बदल देते हैं।	पुलिस को देखकर कुछ लोग रास्ता बदल देते हैं।
7	उससे पहले से दुहितर को लेकर मैं वन आ गया हूँ।	उससे पहले दुहितर को लेकर मैं वन आ गया।
20	न इधर ही कुछ है, न उधर ही, जहां-जहां जाता हूँ वहीं कुछ भी नहीं है, विचार करके देखता हूँ तो यह जगत भी कुछ नहीं है, स्वात्मा के बोध से बढ़कर और कुछ भी नहीं है॥	इससे अधिक कुछ नहीं, क्योंकि मैं जा रहा हूँ, इससे अधिक कुछ नहीं। हे जगन्न! मैं सोचकर देख रहा हूँ कि कुछ भी आत्मज्ञान से अधिक कुछ नहीं है॥
8	शहर और आसपास के कस्बों में फैले जहरीले धुएं के जाल ने कई तरह की अस्वास्थ्यकर समस्याएं पैदा कर दी हैं।	जिले और निकटवर्ती जिलों में जहरीले धुएँ के कारण कई प्रकार के अस्वस्थता के मामले सामने आए हैं।
5	सबल बनें , सफल बनें।	हम सब सशक्त बनें और सफल हों।
5	जाल में बँधा हुआ बाघ यह थककर ।	जाल में बँधा हुआ वह बाघ थका हुआ है।
4	बाद में वह घूमता है ।	बाद में वह घूमता है।
9	यहाँ आप लोगों के प्रीति के लिये कुछ भी चित्र प्रस्तुत किये गये हैं, उनको देखकर आपलोग प्रसन्नता पूर्वक निःसारण कीजिये	यहाँ कुछ चित्र आपकी प्रीति के लिए प्रस्तुत किये गये हैं, उन्हें देखकर स्नेह करो।
9	भगवान् के अतिरिक्त जनधन वैभव,वस्तु और शरीर आदि में मुझे कोई भी अनन्यभाव या अन्यता नहीं है।	भगवान् के अतिरिक्त जनधन, वैभव, द्रव्य और शरीर आदि कोई भी मेरा अनन्यभाव या अनन्यता नहीं है।
10	बांग्लादेश में प्राप्त हुई रिपोर्ट के अनुसार,शेखहसीना की टीम संसदीय रूप से-उन्होंने आसन में जीत हासिल की.	बांग्लादेश में प्राप्त समाचार के अनुसार, वोटों की गिनती में शेखहसीना की टीम संसदीय है-उन्होंने सीटों पर जीत हासिल की.
1	आग	भूख
9	लोसभा हॉल में वित्त मंत्री ने 21,000वां वर्ष का चौबीस-पांचीस-यह प्रशासन द्वारा अनुमानित उपलब्धियों की रिपोर्ट प्रस्तुत की गई है।	लोसभा में वित्त मंत्री ने दो हजारवें वर्ष की चौबीसवीं-पच्चीसवीं-वर्षा और प्रशासन की अनुमानित उपलब्धियों पर एक रिपोर्ट प्रस्तुत की।
7	हे मधुसूदन ! हम सब तुम्हारी शरण में आ रहे हैं।	हे मधुसूदन! हम सब तुम्हें शरण आ रहे हैं।
6	क्रोध से उत्पन्न होता है मोह और मोह से स्मृति विभ्रम। स्मृति के भ्रमित होने पर बुद्धि का नाश होता है और बुद्धि के नाश होने से वह मनुष्य नष्ट हो जाता है।।	क्रोध से संमोह उत्पन्न होता है, संमोह से स्मृति भ्रम उत्पन्न होता है, स्मृतिभ्रंश से बुद्धि का नाश होता है और बुद्धि का नाश होता है।
3	तुम जाते हो क्या?	तुम जाते हो क्या?
23	कार्यक्रम का संचालन संस्कृत शिक्षक डाॅअमनदीप शर्मा ने किया। उन्होंने बालिकाओं की शिक्षा की आवश्यकता, छात्रों के लिए मादक सामग्री की रक्षा के उपायों पर चर्चा की और शिक्षा में बदलाव के लिए सरकार के प्रयासों का जिक्र किया।	कार्यक्रम के संयोजक संस्कृत शिक्षक डॉ. संदीप शर्मा ने बालिकाओं के शिक्षण की आवश्यकता, उन्होंने छात्रों के लिए मादक पदार्थों के संरक्षण के उपायों पर चर्चा की और शिक्षा में सुधार के लिए सरकार के प्रयासों का जिक्र किया।
10	भगवान ने नारद से कहा - नारद, पृथ्वी पर मेरा एक परम भक्त है	भगवान नारद ने कहा-हे नारद! भूतल में मेरा एक परम भक्त है।
5	सबके पास शिक्षा अवश्य करनी चाहिये।	सबके पास शिक्षा अवश्य हो।
5	जल के मनुष्यं पानी में डूबकर तीर पर बैठते हैं।	जल मनुष्य अप्सराओं में डूबकर तट दिखाता है।
2	सादर नमन करती हूँ ।	सादर प्रणाम करता हूँ।
12	हे अर्जुन ! "कर्म करना कर्तव्य है" ऐसा समझकर जो नियत कर्म आसक्ति और फल को त्यागकर किया जाता है, वही सात्त्विक त्याग माना गया है।।	हे अर्जुन! जो कार्य कर्म के समान किया जाता है, वह निश्चयपूर्वक किया जाता है, क्योंकि वह त्याग ही संग को त्यागकर फल को प्राप्त होता है, यह सात्विक मत है।।
9	और कहीं पर पति भी अपनी पत्नी के रूप में देवी का रूप धारण कर, सखियों के समान मानो।	और दूसरे स्थान पर पति को भी अपनी पत्नी देवी के रूप में और सखियों के रूप में मान लेना चाहिए।
6	दीपिका –हाँ मुझे भी सबने बुलाया।	दीपिका-हाँ मुझे भी सबने बुलाया।
1	नाट्यवेद की	नाटक का
6	दिल्ली में भी सर गंगाराम अस्पताल है।	दिल्ली-नगर में भी सर गंगाराम अस्पताल है।
7	प्रत्येक हिमाचल प्रदेश निर्वाचन आयोग में नियुक्तियां बाह्य आधार पर आयोजित की जाएंगी।	प्रत्येक हिमाचल प्रदेश राज्य चुनाव आयोग में नियुक्ति बाहरी आधार पर संस्था द्वारा की जाएगी।
8	वाहन चलाने के समय अपना पालन करें और अत्यधिक विश्वास करें।	गाड़ी चलाने के समय अपना पालन-पोषण करिये और अतिविश्वास छोड़िये।
6	तब संन्यासी की रक्षा करने की दृढ़ बुद्धि (मैंने) की।	तब वह यात्री की रक्षा करने के लिए दृढ़निश्चयी था।
4	देवदत्त के शिर में बाल काले हैं।	देवदत्त के मूड़केश कृष्ण हैं।
6	आज मतदान के लिये जाना है।	माता-आज मतदान के लिए जाना है।
2	तुम क्या पढ़ते हो ?	क्या पढ़ते हो?
8	संजय ने कहा -- इस प्रकार मैंने भगवान् वासुदेव और महात्मा अर्जुन के इस अद्भुत और रोमान्चक संवाद का वर्णन किया।।	संजय ने कहा-- मैं वासुदेव और पार्थ का महात्मा हूँ। यह संवाद एक अद्भुत रोमहर्षण है।
5	वह हिन्दी नहीं जानता है।	वह हिन्दी नहीं जानता है।
13	प्रमाद रहित सिद्ध गण श्रीरामचन्द्र जी को परम अद्वितीय, सबका आदि कारण, माया के गुणप्रवाह से पृथक् वर्णन करते हैं, तथा वह अहर्निश उनका भजन करते हैं और परमपद को प्राप्त करते हैं ॥	जो पुरुष परम राम को कहते हैं, जो अगस्त्य हैं, जो अगस्त्य हैं, जो अगस्त्य हैं, जो अगस्त्य हैं, जो अगस्त्य हैं, जो अगस्त्य हैं, जो अगस्त्य हैं, जो अगस्त्य हैं, जो अगस्त्य हैं, जो अगस्त्य हैं, जो अगस्त्य हैं, जो अगस्त्य हैं, जो अगस्त्य हैं, जो अगस्त्य हैं, जो अगस्त्य हैं, जो अगस्त्य हैं, जो अगस्त्य हैं, जो अगस्त्य हैं, जो अगस्त्य हैं, जो परमपद को प्राप्त हुए हैं, जो परमपद को प्राप्त हुए
1	सब शक्तियों से युक्त	सर्वशक्तिमान
5	पति - आज फिर से ....	पति-आज फिर....
8	इस लद्दाख शहर में बड़ों के खिलाफ लघुपलट से युद्ध हुआ।	इस लडाख शहर में बड़े प्रतिद्वंद्वी के खिलाफ छोटे उछलने से युद्ध किया गया।
7	अगर मैं खेलूँगा तो गुरु मुझे मारेगा।	अगर मैं खेलूँगा तो गुरु मुझे पीटेंगे।
10	लेकिन इसी समय भवननिर्माण मंत्री, मुख्यमंत्री अखिलेश कुमार और निकट सहायक को स्वीकार किया गया था।	लेकिन इस समय भवन निर्माण मंत्री, मुख्यमंत्री अखिलेश कुमार और निकट सहायक ने स्वीकार किया था।
6	इस समय आह करके पाँच सभाएँ होंगी।	इस दौरान आहत्य पाँच सभाएँ होंगी।
6	अब असम सैनिकों का प्रयाणगीत बदलूराम के नाम पर है।	अब असम सैनिकों का यात्रा गीत बदलूराम के नाम पर है।
8	विभा - "रेल से उतर रहा है" ऐसे बोलो ।	विभा-"रेल से उतरता है" ऐसा बोलो।
1	सत्यनिष्ठा से	सत्यनिष्ठा से।
7	वर्ष 1977 में उनका नाम मैंने सुना था।	सत्ताईसवें वर्ष में मैंने उसका नाम सुना।
8	चारो तरफ से ऋषियों के आश्रमों से सुशोभित, ब्रह्मर्षियों और देवर्षियों से सेवित वह आश्रम साक्षात् दूसरे ब्रह्मलोक के समान प्रतीत हो रहा था ॥	ब्रह्माजी, ऋषिगण, देवर्षिगण और मुनिजनों द्वारा सेवित यह मन्दिर साक्षात् ब्रह्मलोक के समान सुशोभित है॥
8	न्यास प्रस्ताव ने अंतिम रूप से स्थल का चयन करके अग्रिम कार्य योजनाएं निर्धारित की हैं।	न्यास व्यवस्था द्वारा स्थल का चयन करके अग्रिम कार्य योजना अंतिम रूप से निर्धारित की गई है।
5	यह ग्रन्थ उसके द्वारा तेईस वर्ष की अवस्था में रचा गया था।	यह ग्रन्थ उनके बीसवें वर्ष की आयु में रचा गया था।
8	ये वस्तुएँ बनाने में प्रायः एक सप्ताह होता है।	ये वस्तुएँ बनाने में लगभग 1 सप्ताह लगता है।
10	पंकज उधमके पुत्री नेयाब उधम ने अपनी इंस्टाग्रामपटल पर लिखकर अपने पिता की मृत्युकी पुष्टि की।	पंकज उधास की बेटी नयाबोधास ने अपने इंस्टाग्राम पर लिखा और अपने पिता की मृत्यु की पुष्टि की।
1	माला	हार
7	हिमाचल प्रदेश के समतल मध्य-उच्च पर्वतीय क्षेत्रों में मौसम बदल गया।	हिमाचल प्रदेश के समतल मध्य-उच्च पर्वतीय क्षेत्रों में वातावरण बदल गया।
6	घर की चाभी किसके पास है ?	घर की चाभी किसके पास है?
16	माना जाता है कि 2,200 किमी की मारक क्षमता वाली इस बन्दूक को 10 नवंबर को ओडिशा के तट पर अब्दुल कलाम द्वीप से लॉन्च किया जाएगा।	माना जा रहा है कि 2200 किलोमीटर की दूरी तय करने के लिए विशाल आग्नेयास्त्र ओडिशा के अब्दुल कलाम द्वीप से 10 नवंबर या ग्यारह तारीख को फेंका जाएगा।
5	उज्जयिनी का मुख्य दर्शनीय स्थान कौन-सा है?	उज्जैन का मुख्य दर्शनीय स्थान क्या है?
4	माता और पिता	माता और पिता
8	यह उचित नहीं है कि स्वावलम्बन के प्रभाव से भारत आजादी में आया है।	यह अतिशयोक्ति नहीं है कि स्वावलंघन के प्रभाव से भारत स्वाधीनता की ओर बढ़ेगा।
15	परन्तु यदि किसी दल का विधायक अपनी क्रॉस वोट को प्रकट करता है तो वह अयोग्य नहीं होगा।	लेकिन अगर किसी दल का कोई भी विधायक अपना क्रॉस वोट दिखाता है तो वह अमानवीय नहीं होगा।
1	कहकर	कहकर
3	तुम अब क्या करते हो।	तुम अब क्या कर रहे हो?
4	दूसरा व्यक्ति बोला	दूसरा व्यक्ति बोला।
12	उन द्वारों में तीन दक्षिण दिशा में, चार उत्तर दिशा में, पाँच पश्चिम दिशा में और छठे पूर्व दिशा में तीन द्वार थे।	उन द्वारों में तीन दक्षिण दिशा में, चौथा द्वार उत्तर दिशा में, पाँचवाँ द्वार पश्चिम दिशा में और छठा द्वार पूर्व दिशा में थे।
10	माँ की प्रतिमा में पुरोहितवर्ग के द्वारा क्विन्ताल देशी गाय का चार्पण होता था।	माता की प्रतिमा में पुरोहित वर्ग द्वारा क्विंटाल देशी घर के लिए नवरात्रि का चरण होता था।
5	क्या भरत को धर्म के अनुसार राज्य में पाल लिया जाता है?	भरत धर्म के अनुसार राज्य में पालन करते हैं क्या?
24	श्रीकृष्ण के वचन को सुनकर क्रोध से लाल मुख वाला दुर्योधन शीघ्र उठकर बोला- "हे मधुसूदन ! आप पाण्डुओं की ही हितैषी हैं तो फिर इसमें मेरा कोई दोष नहीं है।"	श्रीकृष्ण के वचन को सुनकर क्रोधित होकर क्रोध से लाल मुख वाले दुर्योधन ने जल्दी से खड़े होकर कहा-"हे मधुसूदन! आप पाण्डवों के हितकारी ही हैं नहीं तो इसमें मेरा दोष क्यों है?
7	वह कैसे अभ्यास करती है , देखिये ।	वह कैसे अभ्यास करती है, देखें।
12	महोदय ने कहा कि संस्कृत भाषा भारत को फिर से विश्व गुरु के रूप में प्रतिष्ठित करने में महत्वपूर्ण भूमिका निभाती है।	महोदय ने कहा कि संस्कृत भाषा भारत को पुनः विश्व गुरु के रूप में स्थापित करने में महत्वपूर्ण भूमिका निभाती है।
6	तो अब मैं विद्या प्राप्त करने के लिए गुरुकुल जाता हूँ। (प्रणाम करता हुआ चला जाता है)	तब से विद्या पढ़ने के लिए गुरुकुल ही जाता हूँ। (सप्रण जाता है)
4	फूल बहुत बड़ा होता है।	फूल बहुत लम्बा होता है।
6	अहमद सड़क पर गिर पड़ा, इसलिए वह हँसता है	अहमद रास्ते में गिर गया इसलिये वह हँसता है।
6	मुझे डी जे ध्वनि पसंद नहीं है।	मुझे डीजे ध्वनि पसंद नहीं है।
4	छात्र खुश होते हैं	छात्र खुश होते हैं।
13	नाहन के डॉ यशवंत सिंह परमार चिकित्सा- कॉलेज में विशेषज्ञ वैद्यों और उपचारियों के पदों को पूरा करने के लिए उन्होंने आग्रह किया।	नाहन के डॉ. यशवंत सिंह परमार चिकित्सा-उन्होंने कॉलेज में विशेषज्ञ चिकित्सकों और उपचारकों के पदों को पूरा करने के लिए आग्रह किया।
5	जैसा जानता है वैसा सच कंहं।	जिस प्रकार तुम जानते हो, उस प्रकार का भोजन करो।
5	उसका नाम विश्वप्रिय है	उसका नाम विश्वप्रिय है।
8	अन्य महिलाओं में निफ्टी कम होने के कारण खोल दिया गया।	और निफ्टी नामक कमी को प्राप्त करके खोला गया।
1	पूछ रहे हो।	पूछता है।
9	मुनिगण द्वारा इस प्रकार बताने पर श्रीभरतजी प्रसन्नता पूर्वक मन्त्रियों सहित सबसे आगे श्रीरघुनाथजी के निवास स्थान के लिये चल दिए ॥	मुनिवर भरतजी को इस प्रकार दिखलाते हुए देखकर श्रीरामचन्द्रजी अपने मन्त्रियों के साथ प्रसन्न हुए॥
8	मुख्यमंत्री सुखविंदर सिंह सुक्खू राहुल गांधी भारत जोडो की न्याययात्रा में शामिल होंगे।	मुख्यमंत्री सुखविंदर सिंह सुक्खू राहुल गांधी की भारत जोड़ी न्याय यात्रा में शामिल होंगे।
12	प्रधानमंत्री ने कहा कि पिछले दस वर्षों में भारत दुनिया में पांचवें सबसे बड़ी अर्थव्यवस्था बन गया है।	प्रधानमंत्री ने कहा कि पिछले दस वर्षों में भारत दुनिया की पांचवीं सबसे बड़ी अर्थव्यवस्था बन गया है।
5	वह कैसा लड़का है?	वह कैसा बालक है?
10	वानरश्रेष्ठ सुग्रीव ने राम से पूजित राम के अभिषेक को देखकर संतोषपूर्वक किष्किन्धापुरी में प्रवेश किया।	वानरश्रेष्ठ सुग्रीव राम द्वारा पूजित राम के अभिषेक को देखकर सन्तोष के साथ किष्किन्धा को पुरी में प्रविष्ट हुआ।
10	ई.सन् 1306 से 1315 तक मलिक काफूर ने दक्षिण भारत में बहुत विनाश किया।	ई.सन् 1306 से 1315 तक मलिक-काफुर ने दक्षिण भारत में बहुत विनाश किया।
2	अपने घर में आए अतिथि का विधिपूर्वक स्वागत करना चाहिए।	अतिथियों के आने पर उनकी पूजा करनी चाहिए।
5	वह नई पुस्तकें खरीदता ही है।	वह नई पुस्तकें खरीदता ही है।
7	फिर भी उन्होंने बदलूराम का नाम सूचि से नहीं निकाला।	फिर भी उन्होंने बदलूराम का नाम छिपाकर नहीं निकाला।
9	ध्यान रखना चाहिए कि संस्कृत शिक्षण द्वारा हर रविवार को ऑनलाइन आयोजन किया जाता है।	ध्यान रखना चाहिए कि संस्कृत शिक्षण के माध्यम से हर रविवार को ऑनलाइन आयोजन किया जाता है।
4	वह दौड़ नहीं पाएगा	वह दौड़ नहीं पाएगा।
7	अभियुक्त मोहम्मद मुन्ना बिहार के गया नगर के निवासी हैं।	अभियुक्त मोहम्मद मुन्ना बिहार के गया नगर का निवासी है।
7	उस भौरें ने उस बालक की आवाजों की ओर तो ध्यान ही नहीं दिया।	फिर भी, उस मधुमक्खी ने इस बालक का आह्वान तिरस्कृत कर दिया।
9	अतः यज्ञ में आए हुए मनुष्य को अपने मन्त्रों का कार्य के अनुसार विपरिणत करना चाहिए।	इसलिये यज्ञ के लिए जाने वाले पुरुष को उनके मन्त्रों को कार्य के अनुसार उचित रूप से विकृत करना चाहिए।
4	उनके श्लोक पाठ कीस्तुति भी देखी गई।	उनके श्लोक पाठ की प्रगति देखी गई।
9	अब तक उसने 1000 से ज्यादा फिल्मों में काम किया है।	अब तक उन्होंने 1000 से अधिक फिल्मों में काम किया है।
4	विद्यालय में लड़के और लड़कियाँ है।	विद्यालय में बालक और बालिकाएँ हैं।
7	एक के साथ अन्यों को भी संस्कृत पढ़ाऊँगा ।	एक के साथ दूसरों को भी संस्कृत पढ़ाता हूँ।
3	कैसे करें ?	कैसे करें?
8	प्रजापति (सृष्टिकर्त्ता) ने (सृष्टि के) आदि में यज्ञ सहित प्रजा का निर्माण कर कहा इस यज्ञ द्वारा तुम वृद्धि को प्राप्त हो और यह यज्ञ तुम्हारे लिये इच्छित कामनाओं को पूर्ण करने वाला (इष्टकामधुक्) होवे।।	तत्पश्चात् प्रजाओं के साथ यज्ञ करके प्रजापति ने कहा-- हे पार्वति! इस प्रकार उत्पन्न होने पर तुम अपनी कामनाओं को प्रकट करो।।
7	पत्नी - तो फिर घर के काम में मुझे सहयोग करिये।	पत्नी-तो फिर गृहकार्य में मेरी सहायता करिये।
4	गुरुनानक ने किसका भोजन स्वीकार किया?	गुरुनानक ने किसका भोजन लिया?
1	मां	माँ
4	वे ऋतु इसभांति हैं कि शिशिर, वसंत, ग्रीष्म, वर्षा, शरद और हेमंत ॥	वे शिशिर, वसन्त, ग्रीष्म, वर्षा और शरत ऋतु में रहते हैं॥
3	मन्दिर में भक्त जाता है।	मन्दिर में भक्त जाता है।
12	भाजपा के राष्ट्रीय अध्यक्ष जगतप्रकाशनड्डा ने रविवार को शक्तिपीठ के माँ श्री बज्रेश्वरी देवी को दर्शन करके प्रणाम किया।	भाजपा के राष्ट्रीय अध्यक्ष जगत्प्रकाशनाड्डा ने रविवार को शक्तिपीठ की माँ श्रीबाज्रेश्वरी देवी को देखकर प्रणाम किया।
6	ये महोदय बहुत कर्मठ थे ।	ये महोदय बहुत मेहनती थे।
5	योगेंद्र अच्छा धावक ( एथलीट ) है	योगेन्द्र श्रेष्ठ धावक है।
5	सीता की सास कौशल्या थी ।	सीता की सास कौशल्या थीं।
4	प्रिया ने प्रिय के मन को चुरा लिया।	प्रिया ने प्रिय मन को मोह लिया।
34	परन्तु हमारे पक्षी कौन हैं, कैसे वे अब प्रवर्तमान हैं, व्यवहार आदि में इनमें से किसी को भी कमाधिकता प्राप्त हो, यदि यहाँ पर यह बात हो, तो हमारे या किसी के पक्षी के विषयों को ही सोचना चाहिए, तो अपने धार्मिक प्रेम के विषय में और कर्तव्य के विषय में अपने मन को स्वयं प्रवृत्त कर लेना चाहिए।	परन्तु हमारे पक्ष में कौन-से हैं, वे इस समय कैसे चल रहे हैं, व्यवहार आदि में कम से अधिक कुछ भी होने के कारण, यदि आप यहाँ हैं, तो हमारे या हमारे हाथ में क्या करना है इत्यादि विषयों पर विचार करना चाहिए तो अपने धर्म के प्रेम के विषय में और कर्तव्य के विषय में अपना मन स्वयं प्रवृत्त होना चाहिए।
7	पांडव लोमाश ऋषि के साथ तीर्थों के दर्शन के लिए चल पड़े।	लोमाश ऋषि के साथ पाण्डव तीर्थों को देखने के लिए निकले।
7	पण्डित मन्यमान प्रायः ऐसे विवादों में कुपित होते हैं।	पण्डित मानियों को प्रायः ऐसे विवादों में गुस्सा आता है।
9	हे पाण्डव! जो पुरुष मेरे लिए ही कर्म करने वाला है, और मुझे ही परम लक्ष्य मानता है, जो मेरा भक्त है तथा संगरहित है, जो भूतमात्र के प्रति निर्वैर है, वह मुझे प्राप्त होता है।।	हे पाण्डव! जो मुझमें कर्म करनेवाला परम भक्त है, जो मेरे संग से रहित है, जो सभी प्राणियों में तटस्थ है, वह मुझे ही कहते हैं।।
5	ठीक है, दत्तचित्त के अनन्तर तुमसे सुनिये बेटा।	ठीक है, दत्तचित्त से तुम सुनो बेटा।
11	पश्चिम बंगाल के मुख्यमंत्री ममता बनर्जी ने विपक्ष के "इंडिया" को बड़ाघात दिया।	पश्चिम बंगाल की मुख्यमंत्री ममता बनर्जी ने विपक्ष को "इंडिया" उन्होंने गठबंधन को बड़ा झटका दिया।
1	श्रवण के द्वारा	सुनना
1	उद्यानों में।	उद्यानों में
6	एक उच्च वर्ग के धनवान ने भी गुरुजी को मिष्ठान दी।	एक उच्च वर्ग के धनी ने भी गुरु को मिठाई दी।
1	समीप में	समीप
13	आधुनिक समय में आयुर्वेद आदि के कुछ अंश कोश लक्ष्मण शास्त्री जोशी ने रचे हैं।	आधुनिक समय में आयुर्वेद आदि के कुछ कोष लक्ष्मण शास्त्री जोशी के बड़े भाई वेणिमा माधव शास्त्री द्वारा रचित हैं।
1	हजामत	टूटना
4	कुत्तों को दूर भगाता है	कुत्तों को दूर बुलाता है।
12	राजा बोला - यह वृत्तान्त मेरे सामने कहने के लिए तुम कैसे नहीं डरते हो ?	राजा ने कहा-यह वृत्तान्त मेरे सामने कहने से क्यों नहीं डरते हो?
4	सुयोग्य प्रत्याशी को मत देना चाहिये।	योग्य के लिए अपेक्षा करने वाले को मत देना चाहिए।
6	थोड़ी देर बाद वेटर थाली रखता है।	कुछ समय बाद अटैची रखता है।
4	सिक्खों के पाँच बाहरी चिह्न कौन से हैं?	सिक्खों के पाँच बाहरी लक्षण क्या हैं?
3	सभी जानवर वहाँ से लौट आए।	वन्यजीवों ने उसे स्वीकार किया।
1	रेल	लोहे का रास्ता
6	पुलिस को देखकर कुछ लोग रास्ता बदल देते हैं।	पुलिस को देखकर कुछ लोग रास्ता बदल देते हैं।
6	पन्द्रह मिनट तक उसने दोनों हाथ चलाए।	पंद्रह मिनट तक उसने दोनों हाथ चलाए।
4	मंच की शोभा प्रान्तप्रचार प्रमुख सतेन्द्र कुमार ने की।	मंच का संचालन प्रांत प्रचार प्रमुख सतेन्द्र कुमार ने किया।
3	मन अपवित्र है।	मन अशुद्ध है।
1	लाज	लज्जा
6	वह 5 मार्च को पटना आ रहा है	वह 5 मार्च को पटना आ रहा है।
10	पीताम्बर दत्त की इच्छा थी कि सभी विषयों का ज्ञान हिन्दी भाषा में पढ़ाया जाए।	पीताम्बर दत्त की इच्छा थी कि सभी विषयों का ज्ञान हिन्दी भाषा में पाठ हो।
6	मैं अब काम में फंसा हुआ हूं।	मैं अभी काम में व्यस्त हूँ।
10	यहाँ काङ्गड़ाचय, काश्मीरका कहावा, चम्बा और औषधियोंका खरीदना बहुत होता है	यहाँ कांगड़ा चाय की, कश्मीर की कहावा, चम्बा और औषधियों की खरीद बहुत होती है।
5	वह किसके साथ थी ?	वह किसके साथ थी?
5	मूर्ख धर्मपत्नी को भी कपड़े नहीं पहनाता।	मूर्ख स्त्री को भी वस्त्र नहीं ढकता है।
10	अंतर्राष्ट्रीय हवाई अड्डे के उद्घाटन से पहले, प्रधानमंत्री ने अयोध्या में लतामंगेश्कर चौक के स्थान का निरीक्षण किया।	अंतर्राष्ट्रीय हवाई अड्डे के उद्घाटन से पहले, प्रधानमंत्री ने अयोध्या में लताङ्गेशकर चौक नामक स्थान का निरीक्षण किया।
9	अतः शुभ अथवा अशुभ कर्मफल उपस्थित होने पर हर्ष अथवा दुःख करना व्यर्थ है	हे राम! यदि इस प्रकार की विधिपूर्वक की गई विधिपूर्वक की गई विधिपूर्वक की गई विधिपूर्वक की गई विधिपूर्वक की गई विधिपूर्वक की गई विधिपूर्वक की गई विधिपूर्वक की गई विधिपूर्वक की गई विधिपूर्वक की गई विधिपूर्वक की गई विधिपूर्वक की गई विधिपूर्वक की गई विधिपूर्वक की गई विधिपूर्वक की गई विधिपूर्वक की गई विधिपूर्वक की गई विधिपूर्वक की गई विधिपूर्वक की गई विधिपूर्वक की
4	पंजाब का भाँगड़ा देखा।	पंजाब के भांगड\u093Cा ने नृत्य देखा।
9	चीन के नए कदम से कथित तौर पर मानवाधिकार कार्यकर्ताओं में भी डर पैदा हो गया है।	यह भी आरोप है कि चीन का नया कदम मानवाधिकार सेवकों के बीच आशंका फैला रहा है।
10	हे राम! इसके समीप ही पम्पा नामक सरोवर है। उसके समीप ही ऋष्मूक नामक बड़ा पर्वत है ॥	यहाँ से राम के पास पम्पा नाम का सरोवर है। उसके समीप ऋषिमुक पर्वत नामक एक महानगर है॥
11	इसके साथ मुख्यमंत्री सुखविंदर सिंह सुक्खू के प्रिय राजेश धर्माणी राज्य मंत्री मंडली में सम्मेलन की संभावना अधिक है।	इसके साथ मुख्यमंत्री सुखविंदर सिंह सुक्खू की पसंदीदा राजेश धर्माणी राज्य मंत्रीमण्डल में सम्मेलन की संभावना अधिक है।
6	(वन का दृश्य। पास में ही एक नदी बह रही है।)	वन का दृश्य पास ही एक नदी बहती है।
44	तदनन्तर पुत्रि! डरो मत। बेटी! हम सब तुम्हें माँ के पास पहुँचा देंगे, वत्से! दुःखी मत होओ। देवि! कुछ खाओ, दूध पीओ। ये सब तुम्हारे भाई हैं। जो कहोगी, वही करेंगे। रो-रोकर प्राणों को सन्देह में मत डालो। इस कोमल शरीर को दुःखाग्नि से संतप्त मत करो। इस प्रकार हजारों तरह से समझाने-बुझाने पर किसी प्रकार आश्वस्त हो उस बालिका ने कुछ दूध पिया।	इसके बाद "कन्या! नहीं भैशी, बेटी! तुम्हें माँ के पास पहुँचूँगी, दुहित! खेद मत करो, बहन! कुछ खाओ, पियो, ये तुम्हारे भाई, जो तुम कहोगे, वही करेंगे, नहीं रोते हुए प्राणों को सन्देह के पद से मुक्त कर देंगे, नहीं कोमल इस शरीर को शोक की ज्वाला से लथपथ कर रहे हैं।" इस प्रकार हजारों प्रकार के बोध से किसी प्रकार सूचित कुछ दूध पी लिया।
11	मकरसंक्रांति दिन में सूर्यदेव की शनि की कथा पढ़ कर आप सब शनि से बहुत प्रकार से लाभ उठा सकते हैं ।	मकरसंक्रांति के दिन सूर्यदेव की और शनि की कथा पढ़कर आप शनि दोष से बहुत लाभ उठा सकते हैं।
5	केंद्र से कोई भी प्रतिक्रिया नहीं मिली।	केंद्र से कोई प्रतिक्रिया नहीं मिली।
4	छात्र खुश होते हैं	छात्र खुश होते हैं।
8	ऋतु नेगी ने आज सब युनियों को प्रेरणा दी।	ऋतु नेगी आज सबके लिए प्रेरणा देने वाली बन गई है।
1	वचन देनेवाला	प्रतिज्ञा के अनुसार
7	दस वर्ष से ही हिमाचल प्रदेश सबसे समृद्ध राज्यों में से एक बन जाएगा।	दस वर्ष से अधिक समय में हिमाचल प्रदेश समृद्धतम राज्यों में से एक होगा।
8	नए नियमों में उन्मत्त लोगों की हत्या के संदर्भ में मृत्युदंड की व्यवस्था की गई है।	नए नियमों में उन्मत्त लोगों के द्वारा हत्या के संदर्भ में मौत की सजा की व्यवस्था है।
5	विशाखा -तुम गाजर काटो	विशाखा-तुम गाजर काट दो।
6	इस प्रकार झगड़ते हुए वे दोनों राजा के पास गए।	इस प्रकार झगड़ते हुए वे दोनों राजकुल गए।
25	ऐसी एक आपदा की प्रक्रिया है, इटली के धारा के तहत पटना जिले के अंगनबाड़ी केंद्रों में सभी वर्गों के शैक्षिक क्रियाकलाप केंद्रों और कक्षा तक शैक्षिक क्रियाकलापों के ऊपर स्थापित प्रतिबंध जनवरी तक फैला हुआ है।	ऐसी स्थिति में आपराधिक प्रक्रिया संहिता, इस धारा के तहत पटना जिले के आंगनबाडी केंद्रों में सभी वर्गों के शैक्षिकक्रियाकलाओं और केंद्रों के साथ कक्षा तक शैक्षिकक्रियाकलाओं पर प्रतिबंध जनवरी तक बढ़ा दिया गया है।
5	आज नहीं लाया ।	छात्र आज नहीं लाया।
11	हे कुरुनन्दन ! वह पुरुष वहाँ पूर्व देह में प्राप्त किये गये ज्ञान से सम्पन्न होकर योगसंसिद्धि के लिए उससे भी अधिक प्रयत्न करता है।।	हे कुरुनन्दन! जो पुरुष वहां बुद्धि और शरीर का संयोग प्राप्त करता है, उसके द्वारा जो किया जाता है, वह सिद्ध हो जाता है।।
2	उनमें से आगंतुक चोट आदि लगने शरीरको उपरित खेद पहुचने अभिताप तुषार शैत्य आदिसे होते हैं ॥	उनका आगमन आघात के कारण हुआ था॥
3	मनुष्यों में अपनी आयु को कोई नहीं जानता ।	अपनी इच्छा से युक्त लोगों में नहीं।
4	अभी वह टी वी देख रही है।	अभी वह दूरदर्शन देख रही है।
7	चलचित्र के निर्देशक अनिल शर्मा भी शिमला आएँगे।	फिल्म के निर्देशक अनिल शर्मा भी शिमला आएँगे।
6	विश्वविद्यालयों को भी नियमों के अनुसार, और कर्मचारियों के अनुसार चलाना चाहिए।	विश्वविद्यालयों को भी नियम और व्यवस्था के अनुसार, और मानक के अनुसार चलाना चाहिए।
12	वस्तुतः जिस प्रदेश को हम पाकिस्तान के नाम से जानते हैं वो तो भारत ही था।	वास्तव में जो क्षेत्र हम पाकिस्तान नाम से जानते हैं वह तो भारत ही था।
3	कब चले थे ?	कब चले गये?
19	उसी प्रकार प्रौद्योगिकी युग में सूचनाप्रसारण मंत्रालय ने एक चिक्रोड के योगदान के लिए शुरुआती महीना के बाद एक सप्ताह के चारवें दिन बाजार में वृद्धि की गई।	उसी प्रकार प्रौद्योगिकी युग में सूचनाप्रसारण मंत्रालय चिक्रोड योगदान के रूप में अपने योगदान के लिए याद किया जाता है। शुरुआती मंदी के बाद सप्ताह के चौथे व्यापार दिन बाजार में वृद्धि हुई।
5	सभी लोग प्रवचन सुनते हैं	सभी लोग प्रवचन सुनते हैं।
8	शाम को जैस्मी का झगड़ा हिमाचल प्रदेश के मेनका देवी के साथ होगा।	फाइनल में जैस्मीन का मुकाबला हिमाचल प्रदेश के मेनकादेवी से होगा।
4	सज्जन पुरुष तिल के समान छोटे से उपकार को भी पहाड़ के समान बड़ा मानते हैं।	सज्जन व्यक्ति तिलमात्र का भी उपकार पर्वतमात्र के समान मानता है।
4	वह सब्जी मैंने खाई।	वह सब्जी मैंने खाई।
7	सोए हुए शेर के मुँह में हिरण खुद ही प्रवेश नहीं करते हैं।	सोते हुए शेर के मुँह में हरिण नहीं घुसते हैं।
17	आपदा सेल ने यह भी कहा कि केंद्र सरकार सबल को आपदा में अभिलषित करना चाहती है इसीलिए ऐसे मामले पुलिस के खिलाफ एकत्र किए गए हैं।	आपातकाल में यह भी कहा गया है कि केंद्र सरकार सबल आपदा का सामना करना चाहती है इसलिए अखिलेश के खिलाफ ऐसे मामले दर्ज किए गए हैं।
3	स्त्री सभी संकटों को जन्म देने वाली होती है।	स्त्रियों का सब शुभों का क्षेत्र।
9	केरल की मछली-महासागर अनुसंधान विश्वविद्यालय के वैज्ञानिक इसके''होराग्लानिस पोपुली''वैज्ञानिक नाम दिया गया है।	केरल की मछली-समुद्री अनुसंधान विश्वविद्यालय के वैज्ञानिकों ने इसका "होराग्लानिस पोपुली" वैज्ञानिक नाम दिया है।
4	मुझे नमक पसंद है |	मुझे नमक पसंद है।
1	अनेक राम को	राम के लिए
3	वह बोला	वह बोला।
1	खोदना	गिराना
13	हर साल जुलाई को उनके प्रसिद्ध कवि महाभाग का जन्मदिवस पूरेगोर्खली लोगों द्वारा मनाया जाता है, अन्य लोगों द्वारा भी बहुत श्रद्धा से मनाया जाता है, अच्छा।	हर साल जुलाई को उनके प्रसिद्ध कवि महाभाग का जन्मदिन सभी गोरखाओं ने मनाया, अन्य लोगों ने भी बहुत श्रद्धा से पालन किया, अच्छा।
1	चलता हूं।	चखी।
5	सभी यात्री भोजन करते हैं	सभी यात्री भोजन करते हैं।
3	लोगों को प्रवृत्त करने के लिए अच्छा समय है।	शीघ्र ही व्यक्त कीजिये।
2	मैं चाहता हूँ	मैं चाहती हूँ
3	दीपक से दीपक जलाना चाहिए।	दीपक से दीपक जलाना चाहिए।
9	ध्यान रखना चाहिए कि संस्कृत शिक्षण द्वारा हर रविवार को ऑनलाइन आयोजन किया जाता है।	ध्यान रखना चाहिए कि संस्कृत शिक्षण के माध्यम से हर रविवार को ऑनलाइन आयोजन किया जाता है।
3	ये दोनों कुत्ते हैं।	ये दोनों कुत्ते हैं।
13	प्रशिक्षण प्रमुख पीआर शशि ने अतिथियों का स्वागत किया और श्रीमती सृजा कवनट ने धन्यवाद ज्ञापन दिया।	प्रशिक्षण प्रमुख पी. आर. शशि स्वागत और श्रीमती श्रीजा कावनाट ने आभार व्यक्त किया।
1	प्राप्त करके |	जोड़कर
7	सर्वेक्षण समग्र शिक्षा अभियान के राज्य परियोजना निर्देशालय द्वारा किया जाता है।	सर्वेक्षण समग्र शिक्षा अभियान के राज्य परियोजना निदेशक द्वारा किया जाता है।
6	''काशी विश्वनाथ''काशीश्या हिन्दूओं का तीर्थ स्थान है।	"काशी विश्वनाथ" काशी में हिन्दुओं का तीर्थस्थान।
12	इनके विकास का मुख्य उद्देश्य प्रशासन में निर्णय बनाना, विवरण देना और संचार में महत्वपूर्ण बदलाव लाना है।	इनके विकास का मुख्य उद्देश्य प्रशासन में निर्णय लेना, विवरणों का प्रबंध करना और संचार में महत्वपूर्ण बदलाव लाना है।
1	डिबेंचर	ऋणपत्र
3	उसी समय चिकित्सालय गया।	उसी समय अस्पताल गया था।
4	समुद्र के किनारे बहुत रेती है।	समुद्र किनारे बहुत रेत है।
10	कामधेनु ने प्रथम योगिराज श्रीवसिष्ठजी की शास्त्रानुकूल पूजा की और तत्पश्चात् सेना सहित श्रीभरतजी को तृप्त किया ॥	तत्पश्चात् वसिष्ठजी की पूजा प्रारम्भ में शास्त्रों के अनुसार की गई। तदनन्तर योगिराज ने भरतजी की तपस्या की॥
1	सिर	सिर
4	सुचेता क्या गिनती है ?	सुचेता क्या गिनती है?
12	हिमाचल सरकार के कैबिनेट खुलने पर राजेश धर्माणी, यादविन्दर गोपाल और परदिन ही शिमला से दिल्ली चले गए।	हिमाचल सरकार के कैबिनेट विस्तार में राजेश धर्माणी को मंत्रित किया गया, यादविंन्द्रगोमा भी दूसरे दिन शिमला से दिल्ली चली गईं।
5	वह निर्धनों का काम नहीं करता है।	वह निर्धनों का काम नहीं करता है।
9	ओरिया भाषा के पुरातनत्त्व शास्त्र के अनुसार यह नृत्य परंपरा भारत की प्राचीनतम नृत्य परंपरा है।	ओरिया भाषा के पुरातत्वशास्त्र के अनुसार, यह नृत्य परंपरा भारत की प्राचीनतम नृत्य पद्धति है।
4	आदिवासी लोग आत्मरक्षा स्वयं ही करते हैं।	आदिवासी लोग अपनी रक्षा स्वयं करते हैं।
9	राज्य सरकार ने केरल के स्कूलों में छात्रों द्वारा मोबाइल फोन के इस्तेमाल पर सख्त प्रतिबंध लगाने का आदेश दिया है।	राज्य सरकार ने केरल के स्कूलों में छात्रों के लिए जंगम दूरदर्शन के इस्तेमाल पर कड़ी कार्रवाई का आदेश दिया है।
8	हिमाचल प्रदेश प्रातः और सायं तीव्र ठंड के प्रभाव से ग्रस्त है।	हिमाचल प्रदेश सुबह और शाम को तीव्र ठंड के प्रभाव से ग्रस्त है।
7	मेरा वीर्य लज्जित होता है और हाथ से धनुष बहता है।	मेरी वीरता लज्जित हो रही है और हाथ से धनुष टूट रहा है।
1	कभी ।	जो भी
9	शिमलानगर के रिजभूम, मलमार्ग और धर्मशाला में बड़ी संख्या में कार्यक्रम आयोजित किए गए।	शिमला नगर के रिजभूमि पर, मॉल मार्ग पर और धर्मशाला में बड़े-बड़े कार्यक्रमों का आयोजन किया गया।
5	बालक द्वारा पुस्तक दिया जाने वाला होगा।	बालक को पुस्तक देनी होगी।
5	हिमाचल में भी यह चरण निकलता है।	हिमाचल में भी यह चरण बढ़ता है।
5	उनके साथ साइकिल चलाने वाले भी निकलते हैं।	उनके साथ साइकिल चलाने वाले भी निकलते हैं।
5	गुरुजनों के उपदेश की उपेक्षा नहीं करनी चाहिये ।	गुरुजनों का उपदेश उपेक्षा नहीं करना चाहिये।
11	इस प्रकार अत्यन्त दुःख के कारण उनकी वह रात्रि एक वर्ष के समान बीती । इधर अरुणोदय होते ही गायक और वन्दीजन स्तुतिगान करने लगे ॥	हे जगु! इस प्रकार रात्रि में उनके दुःख से वर्ष भर की आशा उत्पन्न हुई। अरुणोदय के समय में तो वन्दनीय ही गायिका थीं॥
11	यह कदम कथित तौर पर चीन का एक खराब कदम है जिसका उद्देश्य उसके खिलाफ होने वाली प्रक्रियाओं का मुकाबला करना है।	कथित तौर पर यह चीन का नीच कदम है जिसका उद्देश्य इस कदम के खिलाफ की गई कार्रवाइयों को रोकना है।
9	उनका अंतिम विश्राम स्थल लंदन के विंस्टर पैलेस में जॉर्ज VI मेमोरियल चैपल में है।	उनका अंतिम विश्राम लंदन के विन्स्टर पैलेस में जॉर्ज छठी मेमोरियल में होता है।
4	उसने अनेक पुस्तकें लिखी हैं ।	उसने अनेक पुस्तकें लिखीं
8	राष्ट्रीय राजमार्ग प्राधिकरण के कथन के अनुसार, आने वाले दो वर्षों में वाहन द्रुतगति से चार कोसों राजमार्ग पर चले जाएंगे।	राष्ट्रीय राजमार्ग प्राधिकरण के कथन के अनुसार, आने वाले दो वर्षों में वाहन तेज गति से चतुष्पंक्ति राजमार्ग पर चलेंगे।
6	देवों के द्वारा हीमुक्त ब्रह्मदेव ने देवी सरस्वती का चिन्तन किया।	देवताओं से हीमुक्त ब्रह्मदेव ने देवी सरस्वती का चिन्तन किया।
15	वीर वल्लभ ने युद्ध क्षेत्र में घोर विनाश करके सुशर्मा को बाँधकर क्कंक के सामने प्रस्तुत किया और विराट नरेश को देखा।	वीर वल्लभ अर्थात् भीम ने युद्ध के मैदान में घोर विनाश करके सुशर्मा को बाँधकर कङ्क के सामने प्रस्तुत करके विराट नरेश को विदा किया।
1	चंचल	तरल
3	सुष्मिता नाट्यगृह जा रही है।	सुष्मिता नाट्यगृह जाती है।
4	वे दोनों वस्त्रों को रंगते हैं ।	वे दोनों वस्त्र चाँदी के हैं।
4	गुफा बहुत गहरी है।	गुफा बहुत गहना है।
1	वृद्धि	उठना
16	बिहार के मुख्य सचिव भी सर्दी लहर के कारण पटना जिले के प्राथमिक माध्यमिक विद्यालयों में छुट्टी के बारे में बिहार शिक्षा विभाग और पटना जिले प्रशासन के बीच संघर्ष बढ़ रहा है।	बिहार के मुख्य सचिव भी शीत लहर के कारण पटना जिले के प्राथमिक माध्यमिक विद्यालयों में छुट्टी के बारे में बिहार शिक्षा विभाग और पटनाजिला प्रशासन के बीच संघर्ष बढ़ रहा है।
6	पहले रणधीर शर्मा ने चर्चा में भाग लिया।	पहले रणधीर शर्मा ने चर्चा में भाग लिया।
12	यह प्रसन्नसलिला रम्या गोदावरी दिखाई देती है, यहीं महामुनि अगस्त्य का कदली से घिरे हुए आश्रम भी दिखाई पड़ता है।	यह प्रसन्नसलिल रमा गोदावरी दिखती है, यहीं महामुनि अगस्त्य का केला से आवृत आश्रम भी दिखता है।
4	बहनें विष्णुसहस्रनाम गाती हैं।	बहनें विष्णुसहस्रनाम गाती हैं।
4	बच्ची वृद्धा को पानी देती है।	बालिका वृद्धा को जल देती है।
9	वीं फेल और दक्षिण की फ़िल्म निघनी थी।	मैं असफल हूँ और दक्षिण की फिल्म बहुत अपेक्षित थी।
4	यह बहुत मुश्किल तो नहीं है।	यह कष्ट देने वाला नहीं है।
10	चयन समिति नामों को लघूसूची करके एक पटल बनाएगी और शीर्ष नेता को मंजूरी देगा।	चयन समिति नामों को छोटा करके एक पटल बनाकर शीर्ष नेताओं को मंजूरी के लिए भेजेगी।
4	वह नगर को जाता है क्या?	वह नगर को जाता है क्या?
6	अवन्तिका तेलुगु फिल्म में भी काम किया।	अवन्तिका तेलुगु फिल्म में भी काम किया।
11	यात्रा कठिन तो कभी नहीं होती बल्कि सरल, सुगम और समझने योग्य है।	कठिन तो कभी कभी नहीं बल्कि सरल, सुगमा और सुबोध है।
3	वह अखरोट खाता है।	वह अखरोट खाता है।
3	तेरी आखें कब नष्ट हुई ?	तुम्हारी पत्नी कब नष्ट होगी?
12	श्री साहू ने कहा कि भारत की चुनावनी के आयोग द्वारा तैयार निरीक्षण सेवा के बाद अगले महीने पूरी सेवा आयोजित की जाएगी।	श्री साहुना ने कहा कि भारतीय चुनाव आयोग द्वारा तैयार समीक्षा सत्र के बाद अगले महीने पूर्ण प्रवेश होगा।
12	उन्होंने राष्ट्रीय स्तर पर सम्मान प्राप्त करके न केवल शिमलानगर को बल्कि पूरे हिमाचल प्रदेश को गौरवान्वित किया।	उन्होंने राष्ट्रीय स्तर पर सम्मान पाकर न केवल शिमला शहर की अपितु पूरे हिमाचल प्रदेश की प्रतिष्ठा को बढ़ाया।
7	हर एक जन में उपलब्ध कराने वाली यह पत्रिका वैश्विक रूप में परिव्याप्त है।	यह पत्रकारिता प्रतिजनों में सुलभ होने के कारण ही वैश्विक रूप से फैली हुई है।
9	यह दल के साथ सफलता को भागीदार बनाने के लिए असफलता का लक्षण है	दल के साथ सफलता को साझा करने में असफलता का चेहरा देखने वाला भवन स्थायी नेता का लक्षण है।
11	विभिन्न देशों से हज के लिए मक्का पहुंचे हजारों तीर्थयात्री आज दोपहर में अराफात स्टेडियम में एकत्र होंगे।	विभिन्न देशों से हज करने के लिए मक्कानगर पहुंचे लाखों लोग आज दोपहर को अरफाक स्टेडियम में मिलेंगे।
8	सभी गौएँ बीस किलो जितना दूध देती हैं	सभी गाय बीस किलोग्राम तक दूध देते हैं।
7	इस प्रकार सुविज्ञ होकर हनुमान भीम के मार्ग पर जाकर सो गया।	इसी प्रकार सुविज्ञ होकर हनुमान भीम के मार्ग में जाकर सो गया।
3	आठवें वर्ष पर्यन्त की थी।	आठ वर्ष तक किया।
1	मतलब है	उपकरण
9	कीचड़ के मरने की खबर सुनकर उसने विराट से शोक करने का सोचा।	कीचड़ के मरने की खबर सुनकर उसने विराट से बदला लेने का विचार किया।
3	ऐसा मैं बोलता हूँ	ऐसा मैं कहता हूँ
11	अश्वत्थामा मारा गया है " अश्वत्थामा मारा गया है" यह प्रकार का समाचार क्षण भर में फैल गया।	अश्वत्थामा मारा गया "अश्वत्थामा मारा गया" ऐसी खबर क्षण भर में फैल गई।
12	जनचेताना संस्थान के अध्यक्ष एस.सी. धीमान ने कहा कि अब भवन निर्माण काम जल्दी से शुरू हो गया है।	जनचेता संस्थान के अध्यक्ष एस. सी. धीमान ने कहा कि अब भवन निर्माण कार्य शीघ्र ही शुरू हो गया है।
4	मर्यादा पुरुषोत्तम कौन थे ?	मर्यादा पुरुषोत्तम कौन थे?
19	मेघदत्त कालिदास ने कहा कि श्रेष्ठ लोगों से माँगने के लिए बहुत अच्छा है, नीचों से जो भी माँगा जाता है, वह विनाशकारी माना जा सकता है, याज्ञिक मोघावरमधिगुण के होने के नाट्य काम आ गया है।	बादलों के दूत कालिदास ने कहा कि श्रेष्ठ लोगों से माँगने में बहुत अच्छा है, नीच लोगों से जो भी माँगा जाता है वह विनाशकारी हो सकता है।
15	1998 में पाकिस्तान के सेना प्रमुख का पद संभालने वाले मुशर्रफ 1999 के कारगिल युद्ध के पीछे के मास्टरमाइंड थे।	मुशर्रफ, जो 1998 में पाकिस्तान के कमांडर बने थे, 1999 में कारगिल युद्ध के सूत्रधार थे।
3	वृक्ष के ऊपर पक्षी शब्द करते हैं।	वृक्ष पर पक्षी चिल्लाते हैं।
13	उन्होंने कहा कि शिमला में जनसंख्या कम करने के लिए स्वातन्त्र्य के बाद पहली नगर योजना जाठियादेवी में विकसित की गई है।	उन्होंने कहा कि शिमला में जनसंख्या को कम करने के लिए आजादी के बाद पहली नगर योजना जाटिया देवी में विकसित हो रही है।
4	शोध की मुख्य विषय है तत्संबंधी विकास की पूर्ण उत्कर्षण।	शोध का मुख्य विषय उसके सम्बन्ध विकास का पूर्ण उत्कर्ष है।
5	नदी जल स्वच्छ और आकाश बादलों से रहित दिखाई पड़ता है।	नदी का जल स्वच्छ और आकाश निहरा हुआ दिखता है।
4	वह लेटकर योगासन करती है ।	वह नय्य का योगासन करती है।
6	वह प्रातः छः बजे गाय को घास देती है।	वह सुबह छः बजे गाय को घास देती है।
3	दोनों ने पढ़ा।	वे दोनों पढ़े।
4	वर्ष में पद्मभूषण से सम्मानित था।	वर्ष में पद्मभूषण से सम्मानित थे।
3	वह मनन है	वह मनन है।
1	घमण्ड युक्त	गर्व से युक्त
1	आपका	आपका
8	भक्त तीर्थस्थान जाते हैं चूंकि धर्म में आदर हैं।	भक्त तीर्थस्थान जाते हैं क्योंकि धर्म में आदर है।
4	उसके पास कोई भी नहीं है।	उसके पास कोई नहीं है।
10	सुतीक्ष्ण बोले हे अनन्तगुण अप्रमेय सीतापते ! में आपके ही नाम का मन्त्र जप करता हूँ। हे अभिराम राम! श्रीशिवजी और ब्रह्माजी आपके चरणाश्रित हैं, आपके पादपद्म संसार सागर को पार करने के लिए जहाज रूप हैं। हे नाथ! मैं सतत् आपका दासानुदास हूँ ॥	हे राम! आपके मन्त्र का जप करके मैं अनन्तगुणों से प्रेम करने वाली सीता आपके चरणारविन्दों की उपासना करती हुई, सम्पूर्ण संसार को शुद्ध करने वाले समुद्र के समान, निरन्तर आपके दासों के दास सीता का दास बन रही हूँ॥
6	और हे भारत ! तमोगुण को अज्ञान से उत्पन्न जानो; जो समस्त देहधारियों (जीवों) को मोहित करने वाला है। वह प्रमाद, आलस्य और निद्रा के द्वारा जीव को बांधता है।।	हे भारत! तुम ज्ञान के द्वारा समस्त प्राणियों को मोहित करने वाले उस मोह को जानो, जो अपस्मार के कारण होने वाले निद्रा से रहित है।।
5	अधिकमें पहले ग्रन्थीको चीरकर रक्तादि निकालदे फिर संधानमक मलकर लेप (यथोचित ) करे ॥	ग्रन्थियों में गुड़िया पहले खाकर तो
8	केरल विधानसभा ने राज्यपाल को केरल विश्वविद्यालयों के चांसलर पद से हटाने की मांग वाला विधेयक पारित कर दिया है।	केरल विधानसभा ने केरल विश्वविद्यालयों के कुलपति से राज्यपाल को हटाने के लिए एक विधेयक पारित किया है।
7	सरकारी विभागों के अलावा लोगों के लिए चरण भी उपलब्ध हैं।	सरकारी विभागों के अलावा लोगों के लिए पौधे भी उपलब्ध हैं।
13	जिस मनुष्य के गुणों की तारीफ दूसरे लोग करते हैं, वह गुणों से रहित होने पर भी गुणी मान लिया जाता है, परंतु यदि इंद्र भी अपने मुख से अपनी प्रशंसा करे तो उन्हें छोटा ही माना जाएगा।	जो गुण कहा गया है, वह गुणहीन होने पर भी गुणवान् हो सकता है। इन्द्र भी अपने घोषित गुणों से छोटा हो जाता है।
5	उसका पिता कौन है ?	उसका पिता कौन है?
8	इसलिये राष्ट्र अपने योगदान को कभी नहीं भूलता है।	इसीलिए राष्ट्र सेनापति जोरावर सिंह का योगदान कभी नहीं भूलता है।
12	साथ ही उन्होंने कहा कि इस योजना के द्वारा सूरत शहर को पचास सौ से अधिक देशों के साथ जोड़ा जाएगा।	साथ ही कहा गया है कि इस योजना से सूरत शहर को पच्चीस से अधिक एक सौ देशों से जोड़ा जाएगा।
9	कभीकभी लकड़ियां काटते हुए, कभी फूलों की बगिया सींचते हुए, कभी वृक्षारोपण करते हुए, कभी नएनए कार्यों का आश्रय लेने से, कभी ग्रंथों का ही अवलोकन करने से, कभी काव्य गुम्फन करने से, उनके दिन सदैव आनन्दपूर्वक व्यतीत होते हैं ।	लकड\u093Cी तोड़कर फूलों की सींचना, वृक्षों की सींपना, व्यायामी कार्यों की आश्रय, पुस्तकों के दर्शन और काव्य के संग्रह से उनका दिन व्यतीत हुआ।
13	ASRO अध्यक्ष ने कहा कि विक्षेपण जून 2023 में होगा।	इसरो के अध्यक्ष ने कहा कि प्रक्षेपण जून 2023 में होगा।
8	वास्तव में शान्त पाँचों ही तत्व पृथ्वी, जल, अग्नि, वायु और आकाश धरती के योग-क्षेम (अप्राप्त की प्राप्ति और प्राप्ति की रक्षा) के लिए समर्थ कहलाते हैं।	वास्तव में शान्त ही पांच तत्व, क्षितिज जल के समान, समुद्र के समान, भूतल के योगों से उत्पन्न होते हैं।
1	प्रकट हुई।	प्रकट हुआ
10	हिमाचल प्रदेश सरकार की सभी अनुबंध कर्मचारी महासंघ की बैठक और चुनाव भी आभासी माध्यम से आयोजित हुए।	हिमाचल प्रदेश के सभी अनुबंध कर्मचारी महासंघ की बैठक और चुनाव आभासी माध्यम से संपन्न हुए।
8	अभी मैं अपने पिता की राजधानी अयोध्या लौटाऊँगा।	अब मैं मेरे पिता की राजधानी अयोध्या लौट जाऊँगा।
6	इसकी ऊंचाई 10 फीट ऊपर की है।	इसकी ऊंचाई 10 फीट है।
9	उन्होंने कहा कि इन विषयों पर भारत को अपना परिचय प्राप्त हो गया है।	उन्होंने कहा कि भारत ने इन मामलों में अपना परिचय प्राप्त कर लिया है।
3	मंच पर	अंकिता मंच पर
6	संतोष अपने पिता की अस्थियाँ नदी में प्रवाहित करता है ।	सन्तोष उसके पिता की हड्डियाँ नदी में बहा रहा है।
8	कितने लोग संस्कृत अभ्यास करते हैं ? उनकी संख्या गिन रहा हूँ।	कितने लोग संस्कृत अभ्यास करते हैं? उनकी संख्या गिनता हूँ।
7	उदग्रयानों के माध्यम से क्षेत्र में निरीक्षण सातत्य के साथ चल रहा है।	उदग्रयानों के माध्यम से क्षेत्र में निरीक्षण लगातार चल रहा है।
4	हम लोग सामूहिक गीत गाते हैं।	हम सब सामूहिक गीत गाते हैं।
9	कौए ने कहा ऐसा ही हो। इसके बाद प्रातःकाल वे सब अपने अभीष्ट स्थान को चले गए।	कौए ने कहा-"यह तो है।" इसके बाद सुबह सभी जैसे हमारे देश गए।
10	उसी प्रकार वह षष्ठ हिंसक है, जो इस मांस को खाने के लिए परोसता है।	उसी प्रकार वह छठा हिंसक है, जो मांस खाने के लिए परोसता है।
6	इसीलिए हमीरपुर जिले को संस्कृत प्रतियोगियों को विजयवैजयन्ती पुरस्कार दिया गया है।	इसलिए संस्कृत प्रतियोगिताओं के लिए विजयजयन्ती पुरस्कार हमीरपुर जिले को दिया गया।
9	सभी मंत्री, मुख्य सदस्य, कांग्रेस विधेयक अधिनियमक भी इस समारोह में भाग लेंगे।	सभी मंत्री, मुख्यसदनीय सचिव, कांग्रेस विधायक भी इस समारोह का हिस्सा होंगे।
13	कल उज्बेकिस्तान के समरखान में आयोजित एससीओ शिखर सम्मेलन में दोनों नेता आमने-सामने मिले।	कल उज्बेकिस्तान में आयोजित एससीओ संगठन की उच्च शिविर में दोनों देशों के नेता आमने-सामने बैठ गए।
6	एक बार मेहुल देर रात घर आ रहा था ।	एक दिन मेहुल रात में देर से आ रहा था।
8	इस मलिन व्यापार ने उसके लिये काम नहीं किया।	इस मलिन व्यापार ने उसके लिये काम नहीं किया।
10	उन्होंने कहा कि राज्य सरकार दिसंबर को एक वर्ष पूर्ण करने की जा रही है.	उन्होंने कहा कि राज्य सरकार दिसंबर को एक वर्ष पूरा करने जा रही है।
1	बड़े शरीर वाला	महान्
10	कार्यशाला में आचार्यराधेश्याम, आचार्य मनोज, प्रवीण और दीपिका स्रोतपुरुष के रूप में उपस्थित होंगे।	कार्यशाला में आचार्यराधेश्याम, आचार्य मनोज, प्रवीण, और दीपिका स्रोतपुरुष के रूप में उपस्थित होंगी।
13	इसलिये अपशब्द ज्ञान में न दोष है न धर्म है जैसे हिक्काहसितकण्डुयन आदि सहजक्रियाओं में न दोष है और नभ्युदय है।	इसलिये अपशब्द ज्ञान में कोई दोष नहीं है, न धर्म है, जैसे हिक्कायुक्त कण्डू की जड़ों और सहजक्रियाओं में कोई दोष नहीं है, अथवा उन्नति में कोई दोष नहीं है।
4	डेढ़ सौ युवक हैं	डेढ़ सौ युवक हैं।
14	कांग्रेस ने सोशल मीडिया पर एक पत्र सार्वजनिक किया, जिसमें राम मंदिर के उद्घाटन समारोह में नहीं जाने का कारण दिया गया.	कांग्रेस ने सोशल मीडिया पर एक पत्र सार्वजनिक किया, जिसने राम मंदिर के उद्घाटन समारोह में जाने के निर्णय का कारण दिया।
10	इस युद्ध का नेतृत्व सनेठीग्राम के महान् रामभक्त पं. देवी दीन पाण्डे जी ने किया।	इस युद्ध का नेतृत्व सनेठी गाँव के महान रामभक्त पं. देविदीन पाण्डे ने किया।
29	उसी प्रकार उनका संस्था सोशल मीडिया से पहाड़ी टोपी, चोली, घागरी, पत्थर की शाल, पट्टा इत्यादि हिमाचली वस्त्रों की लोकप्रियता को पाने में भी असफल रही है, जिससे हिमाचली शिल्पियों के लिए राष्ट्रीय स्तर कीपणन हो सकेगी, और प्रामाणिक भी हिमाचली देखा जा सकता है।	उसी प्रकार उनकी संस्था सोशल मीडिया के माध्यम से पहाड़ी टोपी, चोली, घागरी, पष्मिना शाल, पट्ट जैसे हिमाचली वस्त्रों की लोकप्रियता को प्राप्त करने के लिए भी प्रेरित कर रही है, जिससे हिमाचली शिल्पियों के लिए राष्ट्रीय स्तर पर बाजार उपलब्ध हो जाता है, और प्रामाणिक हिमाचली भी प्रदर्शित की जा सकती है।
10	ई.सन् 1306 से 1315 तक मलिक काफूर ने दक्षिण भारत में बहुत विनाश किया।	ई.सन् 1306 से 1315 तक मलिक-काफुर ने दक्षिण भारत में बहुत विनाश किया।
3	अभी हल्दीलेपन हो रहा है।	अभी हल्दी का लेप हो रहा है।
4	आपकी पुस्तक.... ऐसी ही ।	आपकी पुस्तक... इसी प्रकार है।
5	काशी विश्व का प्राचीनतम नगर है।	काशी विश्व का प्राचीनतम नगर है।
4	बाल्टी भी खाली है।	बेसिन भी खाली है।
12	श्री वैष्णव ने कहा कि कायवाईसी व्यवस्था मजबूत हो जाएगी, उल्लंघन करने वालों को कठोर दंड दिया जाएगा।	वैष्णव महोदय ने कहा कि केवाईसी व्यवस्था मजबूत रखी जाएगी, उल्लंघन करने वालों को कठोर दंड भी दिया जाएगा।
1	ढक्कन	आवरण
15	उन्होंने कहा कि आजकल कम यात्रा के लिए भी वाहनों का उपयोग हो रहा है, जिससे पर्यावरण को नुकसान हो रहा है।	उन्होंने कहा कि आजकल कम यात्रा के लिए भी वाहनों का उपयोग किया जाता है, जिससे पर्यावरण की हानि होती है।
5	मैं अब दूरदर्शन मे नाटक देख रहा हुँ।	मैं अभी दूरदर्शन पर नाटक देख रहा हूँ।
8	हिमाचल प्रदेश के पचास युवा किसान आधुनिककृषि विधि को समझने के लिए जापान जाएँगे।	हिमाचल प्रदेश के एक सौ पचास युवा किसान आधुनिक खेती के तरीकों को जानने के लिए जापान जाएंगे।
5	प्रकृति का दर्शन कब करते हो ?	प्रकृति का दर्शन कब करता है?
16	रेल मंत्री अश्विनी-वैष्णव ने कहा कि अमृत भारत-रेलवे के संचालन की सफलता के बाद, 50 अन्य रेलगाड़ियों को भी मंजूरी मिल गई है।	रेल मंत्री अश्विनी-वैष्णव ने कहा कि अमृत भारत-रेल के संचालन की सफलता के बाद अन्य पचास रेलगाड़ियों को भी मंजूरी मिल गई है।
4	मैं जल्दी जाता हूँ	मैं जल्दी से घर जाता हूँ।
15	आत्मा की खोज में एक समय आता है जब हम सभी को जो कुछ भी सीख लिया जाए वह सभी ग्रानिक ज्ञान भूल जाना चाहिये।	आत्मा की खोज में एक समय आता है जब हमने जो कुछ भी अध्ययन किया है वह सब ग्रान आर्थिक ज्ञान को भूल जाना चाहिए।
5	विशाल कुल में उत्पन्न होने से क्या, यदि मनुष्य विद्याहीन है	विद्या से रहित का देहधारी कुल विशाल है।
11	इत्यादि प्रश्नों को 'एक दूसरे' यह क्रमशः पूछते और उत्तरी ओर देखते थे।	इत्यादि प्रश्नों को "एक दूसरा" इस प्रकार क्रमशः पूछते और उत्तर देते हुए देखा जाता था।
4	वो भारतरत्न थे ।	वह भारतरत्न भी थे।
7	कोई भी जिज्ञासु में प्रवेश पा सकता है।	कोई भी जिज्ञासु उसमें प्रवेश कर सकता है।
6	आज मैं यतीन्द्र सान्याल को याद करता हूँ	आज मैं यतिन्द्र सान्याल को याद करता हूँ।
4	अनावश्यक वस्तुएँ निकाल रहा है ।	अनावश्यक वस्तुएँ निकाल रहा है।
1	टुकड़ा	टुकड़ा
6	जगत् के दो भेद हैं स्थावर और जंगम ॥	लोक दो प्रकार का है, स्थिर और जंगम।
9	यह दल के साथ सफलता को भागीदार बनाने के लिए असफलता का लक्षण है	दल के साथ सफलता को साझा करने में असफलता का चेहरा देखने वाला भवन स्थायी नेता का लक्षण है।
6	अभिनेत्री सिमरत कौर चलचित्र की नायिका हैं।	अभिनेत्री सिमरत कौर चलचित्र की नायिका है।
7	सिक्खों के देवालय को हम गुरुद्वारा नाम से जानते हैं।	सिक्खों का मन्दिर हम गुरुद्वार के नाम से जानते हैं।
3	वृक्ष से फल गिरते हैं।	वृक्ष से फल गिरते हैं।
3	श्रुति संस्कृत गाने गाती है।	श्रुति संस्कृत गीत गाती है।
4	अभी मैं नागपुर जा रहा हूँ।	अभी मैं नागपुर जा रहा हूँ।
8	परमाणु हथियारों के विकास को देखकर सामरिक नीति बदल जाती है। सेना के छोटे टुकड़ों में विभक्त हो जायेंगे।	परमाणु हथियारों के विकास को देखकर सामरिक नीति बदल जाती है। सेनाएँ छोटे समूहों में विभाजित होंगी।
17	एक सामाजिक नेटवर्क पर-सन्देश में श्री धनखड़ ने लिखा कि पूरे देश में उत्सव का वातावरण है, यह राष्ट्रीय गौरव के पुनर्जागरण का प्रतीक है।	एक सामाजिक नेटवर्क-संदेश में श्री धनखड़ ने लिखा कि पूरे देश में उत्सव का वातावरण है, यह राष्ट्रीय गौरव के पुनर्जागरण का प्रतीक है।
7	इस प्रकार पं. मदनमोहन राय का वचन कई लोगों का भी प्रेरणा कर रहा है.	इस प्रकार पण्डित मदनमोहन मालवीय ने कहा कि बहुत से लोगों को प्रेरणा दी गई है।
5	फिर भी सामा बहुत गुणवती है ।	फिर भी सामा बहुत गुणवती है।
4	उसके पीछे कोई भी नहीं है।	उसके पीछे कोई नहीं है।
6	वहाँ वह लोगों को पूजा करते हुए देखती है।	वहाँ वह लोगों को पूजा करते हुए देखती है।
9	केवल उसका नाम जप करके हम भारतीयों को धन्यता का अनुभव करते हैं।	केवल उसका नाम जप करके हम भारतीय धन्यता का अनुभव करते हैं।
1	आक्षेप करती हुई	लक्ष्मी
10	उन्होंने कहा, इस मामले में भाजपा लोग भी राजनीति न करें।	उन्होंने कहा कि इस मुद्दे पर भाजपा के लोग भी राजनीति न करें।
27	अच्छा वह था कि लोगों की जागते रहने के कारण आग्नेयास्त्र विभाग और उसके दल के आने के कारण मुख्य मंदिर के चारों ओर के घरों को भगाया जा सकता था अन्यथा लोचा रिम्पोचे में मुख्य मंदिर का बहुत कष्ट हो सकता था।	ठीक था कि लोगों की संगति के कारण अग्निशामक विभाग की टीम के आने के कारण मुख्य मंदिर और उसके आसपास के घरों को बचाया जा सकता है अन्यथा लोचा रिम्पोचे मुख्य मंदिर को बहुत दुःख हो सकता था।
6	मैं उस सीढ़ी से दूसरी मंजिल गया।	मैं उस सीढ़ी से दूसरे तल पर गया।
4	मोर साँप को मार कर खाता है।	मोर सांप को मारकर खाता है।
11	रमानाथ श्रीरामचन्द्र को देखकर अहल्या के नेत्र हर्ष से प्रफुल्लित हो गये और उनको मुनिवर के वाक्यों का स्मरण हो गया। तब भगवान श्रीरामचन्द्र को साक्षात् नारायण जानकर अनिन्दिता अहल्या ने अर्द्ध, पाद्य, अर्चन आदि द्वारा उनका विधिवत् पूजन कर आनन्दाश्रुपूर्ण नेत्र होकर साष्टांग दण्डवत् प्रणाम किया ॥	श्रीरामचन्द्रजी को प्रसन्नचित्त हुए देखकर उन्होंने आनन्दपूर्वक श्रीरामचन्द्रजी की प्रशंसा की और गौतमजी के वचनों को स्मरण करके नारायणजी को अच्छी प्रकार जान लिया॥
8	मानव विकास समिति के अध्यक्ष और कुलदीप पाठक सदस्य बनेंगे।	मानव विकास समिति के अध्यक्ष और कुलदीप पाठक सदस्य होंगे।
10	धर्म की रक्षा के लिये जिन्होंने काम किया उन्हें भी प्रायः हम नहीं जानते हैं।	धर्म की रक्षा के लिये जिन्होंने काम किया उन्हें भी प्रायः हम नहीं जानते हैं।
8	इसका आरंभ नरेंद्राचार्य ने किया, जिन्होंने 700 सूत्रों में व्याकरण किया।	इसके प्रवर्तक नरेंद्र आचार्य थे जिन्होंने 700 सूत्रों में व्याकरण रचा था।
13	क्योंकि कोयल का स्वर ही रूप है, स्त्रियों का पातिव्रत्य ही रूप है, कुरूपों का विद्या ही रूप है, और तपस्वियों का क्षमा ही रूप है ।	कोयल का स्वर ही रूप है, स्त्री का रूप ही नियमित रूप है, कुरूपों का रूप ही विद्या है, तपस्वियों का रूप ही क्षमा है।
6	पहली बार वह सिनेमा में सुपरहिरो बन जाता है।	पहली बार वह चलचित्र में सुपरहीरो बनने के लिए जाता है।
1	मान्य ।	प्रमाण
5	पाँच मित्र एक साथ यात्रा करते हैं।	पाँच मित्र एक साथ यात्रा करते हैं।
13	परन्तु वे दिव्य घोड़े भी रावण के बाणप्रहार को प्राप्त कर के पद्मनालिव के समान अपने हृदय में स्थित हुए।	परन्तु वे दिव्य घोड़े रावण के बाणों की प्रहार को प्राप्त करके भी पद्नाला के समान घायल होकर स्वस्थ हृदय वाले बने रहे।
6	आज केशव की माता जी का स्वास्थ्य ठीक नहीं है।	आज केशव की माँ का स्वास्थ्य ठीक नहीं है।
6	जयराम सरकार ने संसाधनजनन के लिए कोई भी प्रयास नहीं किया।	जयराम सरकार ने संसाधन सृजन के लिए कोई प्रयास नहीं किया।
3	सब केवल पढ़ते हैं।	सभी केवल पढ़ते हैं।
24	भारत में संयुक्त राज्य के राजदूत एरिक गार्सेट्टी, भारत में ब्रिटिश-अभिलेषित राजदूत एलेक्स एलिस, भारत में कोलम्बिया-देश के राजदूत डॉ. विक्टर एचेवेरी जरामिलो, जर्मनी-महावाणिज्य दूत कोलकाता बारबारा वोज़्स को अतिथि के रूप में शामिल किया गया।	भारत में संयुक्त राज्य अमेरिका के राजदूत एरिक गार्सेट्टी, भारत में ब्रिटिश-उच्चायुक्त राजदूत एलेक्स एलिस, भारत में कोलम्बिया-देश के राजदूत डॉ. विक्टर एचेवरी जरामिलो, जर्मनी-महासचिव कोलकाता बारबरा वॉस अतिथि के रूप में शामिल थे।
1	पत्र `एक '	जंगल
19	नई किस्मों को देखने के प्रति जागरूकता, शोधन, निरीक्षण को भी मजबूत किया जाए, एनटीएजी ऐ मेधावी दोएनके अरोड़ा ने कहा।	एन. टी. ए. जी. ए. के मेधावी डॉ. एन. के. अरोड़ा ने कहा कि नई किस्मों को पहचानने के लिए जागना, अनुसंधान और निरीक्षण को मजबूत किया जाना चाहिए।
4	संसारमें प्राणिगण चार प्रकारके हैं ॥	वहाँ चार प्रकार का भूतग्राम है॥
22	करवर्धिनी की अंतिम पारी जगद्गुरु श्री चंद्र संस्कृत महाविद्यालय की स्वामीदर्शनानन्द- गुरुकुल- कॉलेज और ज्वालापुर के बीच हुई जो स्वामीदर्शनानन्द थी- गुरुकुल-कॉलेज ज्वालापुर की टीम ने श्रृंखला में जीत हासिल की.	करवर्धनिनी का अंतिम खेल जगद्गुरु श्रीचंद्र संस्कृत महाविद्यालय के स्वामीदर्शनानंद-गुरुकुल-महाविद्यालय और ज्वालापुर के बीच हुआ जिसमें स्वामीदर्शनानन्द-गुरुकुल-महाविद्यालय के ज्वालापुर की टीम ने श्रृंखला में जीत हासिल की।
1	ज्यादा	अधिक
7	उससे पहले वे कहाँ रहते थे ?	उससे पहले वे कहाँ रहते थे?
1	की उपस्थिति में बंद करने के लिए	शान्ति में
7	विषयों का चिन्तन करने वाले पुरुष की उसमें आसक्ति हो जाती है? आसक्ति से इच्छा और इच्छा से क्रोध उत्पन्न होता है।।	जो पुरुष विषयवस्तुओं का ध्यान करता है, उसके शरीर में आसक्ति उत्पन्न होती है, उसके शरीर में आसक्ति उत्पन्न होती है और काम का क्रोध उत्पन्न होता है।।
9	नीरज -नमस्ते , नमो नमः । कैसे हो तुम ?	नीरज-नमस्ते, नमो नमो। कैसे हो?
6	अब भारत के जनसांख्यिकी लाभांश का लाभ अपेक्षित है।	अब भारत के जनसांख्यिकीय लाभांश का लाभ अपेक्षित है।
9	हवाई जहाज बहुत ध्वनि करता है कार थोड़ी ध्वनि करती है।	हवाई जहाज बहुत ध्वनि करता है कार थोड़ी ध्वनि करती है।
8	पृथिवी पर भी चन्द्रमा के छाया के कारण ग्रहण सम्भव है।	पृथ्वी से ही चंद्रमा का ग्रहण छाया के कारण होता है।
12	यात्रियों-वस्तु-कर से 65.2 करोड़ रुपये, विद्युत्शुल्क से 5.500. 85 करोड़ रुपये, अन्य वाहनों से 1,242 करोड़ रुपये की आमदनी होगी.	यात्री-वस्तु-कर से <65.82] करोड़ रुपये, बिजली के शुल्क से <550.85] करोड़ रुपये, दूसरों से 1, <422.40] करोड़ रुपये भी आय होगी।
7	मेरे पास केवल इतना ही धन है ।	मेरे पास केवल इतना ही धन है
7	लाहौल, स्पीति जिले के चंद्रताल, सूरजताल और सिंह सु-सरोवर बर्फित हो गए हैं।	लाहौल-स्पीति पद के चंद्रताल-सूरजताल-सिसु-झीलें बर्फ से भरी हुई हैं।
6	तब वो तीन सुकेशपुत्र कृतार्थ हुए।	तब वे तीन सुकेश पुत्र हुए।
5	कहीं भोजन किया वा नहीं ?	किसी ने भोजन किया क्या?
14	श्रीराम जन्मभूमि मंदिर की ऐतिहासिक क्षणभर की प्रतीक्षा देश भर में करोड़ों रामभक्त श्रद्धा से प्रतीक्षा कर रहे हैं।	श्रीराम जन्मभूमि मंदिर की प्राणों कीप्रतिष्ठा के ऐतिहासिक क्षण की प्रतीक्षा में देश भर में करोड़ों राम भक्त श्रद्धा से प्रतीक्षा कर रहे हैं।
5	जहाँ परिश्रम हैं, वहाँ असफलता कहाँ?	जहाँ परिश्रम है, वहाँ असफलता कहाँ है?
6	चुनाव- आज से विक्रय होगा।	चुनाव-संधियों का विक्रय आज से शुरू होगा।
7	समान विचार और व्यवहार होने पर मैत्री होती है - यह एक सूक्ति है।	समान विचारधारा वाले व्यसनों में मित्रता एक सूक्ति है।
11	निःसन्देह मेरे प्राण अभी निकलने वाले हैं। पूर्वसमय में मेरी मूर्खता के कारण एक मुनीश्वर ने मुझे शाप दिया था ॥	इस समय निश्चय ही मेरे प्राणों को नष्ट कर देंगे। पूर्व समय में किसी मुनि ने बालभाव से शाप दिया था॥
3	लड़के विद्यालय जाते हैं ।	बच्चों के द्वारा विद्यालय जाया जाता है।
7	बेटा ! झूला धीमा करो।	दादाजी-बेटा झूले को धीमा कर।
9	उन्होंने कहा कि अयोध्या धाम्नि श्रीरामलला की प्राणों की उन्नति का बीजरूप है।	उन्होंने कहा कि अयोध्या धाम में श्रीरामलला की प्राणप्रतिष्ठा विरासत है।
18	नाव इसराइल से जुड़ा हुआ है, आवेदन है। हमला भारत के दक्षिण-पश्चिमी हिस्से में वारावल के तट से 200 समुद्री मील दूर हुआ।	आवेदन है कि नाव इजरायल से संबद्ध है। यह हमला भारत के वारावल तट से 200 नोटिक मील दूर दक्षिण-पश्चिमी भाग में हुआ था।
9	खेल-मंत्रालय ने कई प्रावधानों का उल्लङ्घन करने के कारण नवनिर्वाचक भारतीय को चुन लिया- मल्ल-खेल-बहुतायत संघ को निलंबित कर दिया गया.	खेल-मंत्रालय द्वारा कई प्रावधानों का उल्लंघन करने के कारण नवनिर्मित भारतीय-मल्ल-खेल-महासंघ निलंबित कर दिया गया।
8	वश में किया हुआ चित्त जिस कालमें अपने स्वरुपमें ही स्थित हो जाता है और स्वयं सम्पूर्ण पदार्थों नि: स्पृह हो जाता है, उस कालमें वह योगी कहा जाता है।	जब मन का नियमन किया जाता है, वह आत्मा के समान स्थित होता है, तब निःस्पृह व्यक्ति को सभी कामों से युक्त कहा जाता है।।
3	माता पिता और गुरुजनों का सम्मान करना उचित है।	माता पिता और गुरुजनों का सम्मान करना चाहिए।
10	मुख्यमंत्री ने कहा कि बिजली महान देव-रोपवे-निर्माण के लिए केंद्र-राज्य सरकारों के बीच ज्ञापन पर हस्ताक्षर किए गए।	मुख्यमंत्री ने कहा कि बिजली महादेव-रोपवे-निर्माण के लिए केंद्र-राज्य सरकारों के बीच ज्ञापन पर हस्ताक्षर किए गए।
9	इला -चिंता मत करिये भैया ! अब चित्र ले लीजिये।	इला-चिन्ता मत करो भाई! अब चित्र ले लो।
11	जो धन्यवाद , कृपया , क्षम्यताम् , स्वागतम्  आदि शब्द बोलता है	जो धन्यवाद, कृपया, क्षमा करें, स्वागत इत्यादि शब्द बोलता है।
4	अन्य पात्र छोटे ही हैं।	अन्य पात्र छोटे ही हैं।
9	इस ऐतिहासिक दृश्य में पूरा शहर फूलों, प्रकाश और दीवारों के चित्रों से सुशोभित है।	इस ऐतिहासिक क्षण में पूरा शहर फूलों और प्रकाश से भित्ति चित्रों से सुसज्जित है।
4	प्राचीन विमान कला का  शोध	प्राचीन विमान कला का शोध
8	वह जो सेव बेचती है वो बहुत मीठे हैं।	वह जो सेवन बेचती है वे बहुत मीठे हैं।
17	राजकीय वरिष्ठ माध्यमिक विद्यालय-टीएमबी द्वारा राष्ट्रीय शाश्वत समाज सेवा फौंडेशन नामक संस्था का उद्घाटन दिवस मनाया गया।	राजकीय वरिष्ठ माध्यमिक विद्यालय-टिम्बी में राष्ट्रीय स्थायी समाज सेवा फाउंडेशन ने संस्थान का स्थापना दिवस मनाया।
4	कौन दान देता है ?	कौन दान देता है?
4	तीन लड़कियां जा रही हैं।	तीन कन्याएँ जाती हैं।
15	उन्होंने कहा कि यदि कोई भी व्यक्ति द्वेष पालता है तो वह शुद्ध श्रीरामभक्त नहीं हो सकता।	उन्होंने कहा कि यदि कोई भी व्यक्ति द्वेष का पालन करता है तो वह विशुद्ध श्रीरामभक्त नहीं हो सकता है।
4	बेल के पेड़ से सारे पत्ते गिर गए हैं ।	बिल्व वृक्ष से सभी पत्ते गिर गए।
11	परमिन्दर – प्लास्टिक के मिट्टी में नष्ट न होने के कारण हमारे पर्यावरण की महान् हानि होती है।	परमेन्दर-प्लास्टिक की मिट्टी में पिघलने से हमारे पर्यावरण के लिए बहुत हानि होती है।
3	कचरा डब्बे में डालती है।	कूड़ा बर्तन में डालता है।
16	हाँ, और एल.एसएलबी वृत्ति के जीवन के साधन एमएम कलाशाला जलगांव के बीच पहुंचकर जलगांव के बीच न्यायवादिनी बन गई।	एम. ए., और एल. एसडी1. पदवी एम. जे. कलाशाला जलगांव के बीच समाप्त होकर जलगांव के बीच वकील के रूप में अपने करियर की शुरुआत की।
7	और क्या, रेलगाड़ी से मैं वहाँ परसों जाऊँगा	और क्या, धुएँ से युक्त रेल से मैं वहाँ परसों जाऊँगा?
3	वन जायें।	वन को जाईये।
10	यह सच हो जाएगा, क्योंकि उसकी घोषणा भी बस में की गई है.	यह सिद्ध करना होगा, क्योंकि उसकी घोषणा भी बजट में की गई है।
5	माता पुत्र से सांप मरवाती है	माँ पुत्र से साँप मारती है।
17	इसके अलावा, पुलिस ने मादकद्रव्य अभियान के सात मामलों को आगे बढ़ाने के लिए प्रवर्तन कार्यालय को भेज दिया, जिसमें करोड़ रुपये का धन शामिल है।	इसके अलावा, पुलिस ने मादक पदार्थों के खनन के सात मामलों को आगे कार्य करने के लिए प्रवर्तन निदेशालय को भेज दिया है, जिनमें करोड़ रुपये की संपत्ति शामिल है।
3	मैं सुनना चाहता हूँ।	मैं सुनना चाहता हूँ।
20	मिलते समाचार के अनुसार, कल उत्तर प्रदेश से नमोज कुमार निगम और डॉ. अखिलेश रानी का बेटा''अक्षतः''इस जन्म दिवस पर आयोजित जनसंचार-फेसबुक-बीच में एक-विशेषा-प्रतियोगिता का आयोजन हुआ.	खबर के अनुसार, कल उत्तर प्रदेश से नमोज कुमार निगम और डॉ. अखिलेश रानी का बेटा "अक्षत" इसके जन्म दिवस पर आयोजित जनसंचार-फेसबुक-बीच में एक-विशेषा-प्रतियोगिता का आयोजन हुआ।
16	परन्तु वह भी मनुष्य महान् कहलाता है, जो इस संकुचितता की क्षुधाओं से ऊपर से ऊपर उठाकर इस संसार के मित्रों को और मानव प्रेमियों को पुनर्गत धारा में बिठा लेता है।	परन्तु वह ही मनुष्य महान् कहा जाता है जो इस सङ्कीर्ण नेत्रों से ऊपर की ओर निकलकर विश्वमित्र के रूप में मानव प्रेम की पवित्र धारा को समझ सकता है।
1	चला आ रहा है	आता है।
11	यदि सदन इस मामले में तैयार रहता है तो उसका विचार कर सकते हैं।	यदि सदन इस विषय पर सहमत होता है तो उसका विचार किया जा सकता है।
10	मैं उनके बहुत व्याख्यानों में देख रहा था युगपत् हिन्दी-संस्कृत अंग्रेजी भाषा में।	मैं उन्हें अनेक व्याख्यानों में एक साथ देख रहा था हिन्दी-संस्कृत अंग्रेजी भाषा में।
8	जैसा अभिनय मोहन करता है वैसा अभिषेक नहीं करता है।	जैसे मोहन अभिनय करता है वैसे अभिषेक नहीं अभिनय करता है।
9	यह मन ही लिङ्ग देह या जीव कहलाता है।	यह मन ही लिङ्गदेह या जीव कहा जाता है।
8	जो स्थिरबुद्धि,  संमोहरहित ब्रह्मवित् पुरुष ब्रह्म में स्थित है,  वह प्रिय वस्तु को प्राप्त होकर हर्षित नहीं होता और अप्रिय को पाकर उद्विग्न नहीं होता।।	जो पुरुष प्रेम प्राप्त करके न प्रसन्न होता है और न दूसरे को प्राप्त करके ही प्रसन्न होता है, वह स्थिर बुद्धि से युक्त होकर ब्रह्मविद्वान् ब्रह्म में स्थित रहता है।।
11	खुशी के लिए कालाराम-को मन्दिर में देखकर गोदावरी नदी की बड़ी-बड़ी नदी में भी गई।	सुख्यात कालाराम मंदिर में जाकर गोदावरी नदी की बड़ी आरती भी हुई।
9	पौने सात बजे से साढ़े सात बजे तक स्वाध्याय भी हो गया।	पादोन सात बजे से साढ़े सात बजे तक स्वाध्याय भी हुआ।
6	आज एक लड़का मेरी ऑफिस में आया।	आज एक युवक मेरे कार्यालय आया।
5	बच्चों में भी आप हैं ही।	बच्चों में भी आप हैं ही।
7	एटली की अग्रिम फिल्म में वरुणवन मुख्यभूमि पर दिखाई देता है।	एटली की अग्रिम फिल्म में वरुण धवन मुख्यभूमि पर दिखाई देता है।
4	द्रव्य के दान से पुण्य होता है।	धन के दान से पुण्य होता है।
1	और चिंता	उत्साह से
8	यूक्रेन पर रूस के औपनिवेशिक आक्रमण के बाद पहली बार पुतिन-मोदी केंद्रित चर्चा पूरी.	यूक्रेन पर रूस के कब्जे के बाद पहली बार पुतिन-मोदी ने आमने-सामने बातचीत की.
9	मकरसङ्कलान्तू दूर देश से भी सनातन हिंदू लोग स्नान के लिए यहाँ आते हैं ।	मकरसंकलान्त में दूर देश से भी सनातन हिंदू लोग स्नान के लिए यहाँ आते हैं।
4	विष क्या है? गुरुओं की अवहेलना।	विष क्या है? अधिराज गुरुजनों में।
3	मंच पर	अंकिता मंच पर
8	वह अगरतल्ला , कोहिमा और दीमापुर जाएगी ।	वह अगरतल्ला, कोहिमा और दीमापुर जाएगी।
3	सिंधुबाग मार्ग से सम्मेलन स्थल जाएगी।	सिन्धु बग़ीचे के रास्ते में सम्मेलन स्थल गाएगा।
9	कभी हजारों सिंह, बाघ, भालू, गेंडा, सियार, खरगोशों से व्याप्त जंगलों को नगर बना देते हैं और कभी मन्दिरों, राजमहलों, अट्टालिकाओं, चौराहों, चबूतरों, उपवनों, सरोवरों और गोशालाओं से भरे नगरों को जंगल बना देते हैं।	सिंह, बाघ, भालू, गेंदा, फिरू, खरगोश, हजार फैले हुए वनों को जनपदों में बाँधता है, मन्दिर, महल, हर्म्य, शृंगाटक, चार उद्यान, तालाब और भीड़भाड़ वाले नगरों को भी काटता है।
1	बहुत से फूल	फूल
3	बाद में हीरजीभाई खड़े हुए।	बाद में हीरजी भाई उठे।
12	पिछले-एक वर्ष हमने जो अतिरिक्त संसाधन इकट्ठा किया है वह कर्मचारियों के लिए बजट में घोषित किया गया है।	पिछले वर्ष-एक वर्ष में हमने जो अतिरिक्त संसाधन एकत्र किया है, वह कर्मचारियों के लिए घोषणा की गई है।
3	माल रेल भी जाती है।	मालवाहक वाहन भी जाते हैं।
15	कन्ग्रेज सर्वेक्षण में भारत आर्थिक परिमाण में शीर्ष पर था, जो स्थान जब तक कम हो गया है, अब यह चौथा स्थान पर ले जाने की तैयारी कर रही हैं।	कांग्रेस सरकार में आर्थिक स्तर पर भारत तीसरे स्थान पर था, जो अब चौथे स्थान पर ले जाने की तैयारी कर रहा है।
6	वहाँ कोई नहीं था	वहाँ कोई नहीं था।
8	उसके सींग रत्नमय, खुर मणिमय और नेत्र नील रत्नमय थे। इस प्रकार बिजली की छटा और मनोहर मुखवाला वह मृग श्रीरामचन्द्रजी के आश्रम के पास सीताजी के सामने वन में विचरण करने लगा ॥	वह श्यामवर्ण का, मणि-शिखर वाला, नीला रत्न धारण करने वाला और विद्युत्प्रभा से मोहित होकर वन के मध्य विचरण करने वाला है।।
17	तब शास्त्री डिप्लोमाधारकों ने राज्य सरकार से आग्रह किया था कि इस में बी.एस या स्नातकोत्तर छात्रों को गिरफ्तार नहीं किया जाना चाहिए.	तब शास्त्री डिप्लोमाधारकों ने राज्य सरकार से आग्रह किया था कि इस में नियुक्त बी. एड. या स्नातकोत्तर पात्रों को स्वीकार नहीं किया जाना चाहिए।
14	मध्य जापान में एक शक्तिशाली भूकंप का तीव्रता चौदहवें भाग के ऊपर सातवीं स्थान पर मापी गई है-रिक्टर-माप में माप की गई है।	मध्य जापान में एक शक्तिशाली भूकंप के अनुभव के बाद, भूकंप की तीव्रता चार दशमलव उत्तर सात-रिक्टर-माप में मापी गई है।
8	इस अवसर पर आचार्य तुलसीदास परौहा जी, विश्वविद्यालय के रीवा परिसर विशेष रूप से उपस्थित थे।	इस अवसर पर आचार्य तुलसीदास परौहा जी विश्वविद्यालय के रीवा परिसर के प्रभारी विशेष रूप से उपस्थित थे।
2	ये ही साधु के लक्षण हैं।	यह ही अच्छा लक्षण है।
1	कहती हूँ	बोलता हूँ।
3	वह इधर-उधर घूमता हैं।	वह इधरउधर घूमता है।
3	चाचा चाची नहीं हैं ।	चाचा चाचा नहीं है।
4	यमुना नदी के प्रदूषण ने नई आशंकाएँ पैदा कर दी हैं।	यमुना नदी का प्रदूषण नए डर पैदा कर रहा है।
11	हमारे सभी के लिए सौभाग्य है कि हम इस क्षण का दृश्य पाते हैं।	हमारे सबके लिए सौभाग्य है कि हम इस क्षण का दर्शन पा रहे हैं।
7	काङ्ग्रेस में डर या आशङ्का नहीं है।	कांग्रेस का कोई भय या आशंका नहीं है।
16	रात की स्त्री को कोई नहीं स्पर्श करता, चाहे वह माता हो या बहन, बेटी या कोई।	रजस्वला स्त्री को कोई नहीं छूती, भले ही वह माँ या बहन हो, बेटी या कोई भी हो।
6	अब गुजरात के राजभवन में वे यज्ञ करेंगे।	अब गुजरात के राजभवन में वे यज्ञ करेंगे।
4	सूंड से हाथी भार ढोता है।	हाथी हाथ से भार उठाता है।
1	गर्मी के दोष	नींद में दोष
9	शनिवार सुबह 10 बजे मार्कर ने सड़क आंदोलन का आरम्भ किया.	शनिवार सुबह शाम मार्कर फोन से सड़क संचालन शुरू हुआ।
9	जो संसारसागरमें गिरे हुए हैं, [सुख-दुःखादि] द्वन्द्वरूपी वासे आहत हो रहे हैं, पुत्र-पुत्री, स्त्री आदिके पालन पोषणके भारसे आतं हैं और विषयरूपी विषम जलराशिमें बिना नौका डूब रहे हैं, उन पुरुषोंके लिये एकमात्र जहाजरूप भगवान् विष्णु ही शरण हों	हे विष्णुपुत्र! आप जल के नीचे पड़े हुए, द्वन्द्व और वायु के आघात से पीड़ित, पुत्र, पुत्र, पुत्र, पुत्र, पुत्र, पुत्र, पुत्र, पुत्र, पुत्र, पुत्र, पुत्र, पुत्र, पुत्र, पुत्र, पुत्र, पुत्र, पुत्र, पुत्र, पुत्र, पुत्र, पुत्र, पुत्र, पुत्र, पुत्र, पुत्र, पुत्र, पुत्र, पुत्र, पुत्र, पुत्र, पुत्र, पुत्र, पुत्र, पुत्र, पुत्र, पुत्र, पुत्र, पुत्र, पुत्र, पुत्र, पुत्र, पुत्र, पुत्र, पुत्र, पुत्र, पुत्र, पुत्र, पुत्र, पुत्र
13	जाति--आधारित रॉयल टेनिस से दूर स्थित गाँव-निवासी, प्रतिकूल-चुनाव में विरोधियों के सर्वदलों की राशि के संग्रह से जीत लिया।	जाति-- आधारित राजनीति से दूर स्थित गाँव-निवासी, प्रतिकूल परिस्थितियों में-उन्होंने चुनाव में विपक्षी सभी दलों को जीत लिया।
1	बादलों की माला को	आम की माला को
13	सूचना के अनुसार चंडीगढ़ के केंद्रीय न्यायिक विज्ञान प्रयोगशाला के विशेषज्ञों ने मंगलवार सुबह एक विशाल आग्नेयास्त्र के कारण की खोज की।	सूचना के अनुसार, चंडीगढ़ के केंद्रीय न्यायिक विज्ञान प्रयोगशाला के विशेषज्ञों ने मंगलवार सुबह वहां आकर बड़े पैमाने पर आग लगने के कारण की खोज की।
10	उसी प्रकार सच बोलने वाला मनुष्य झूठ को मन से भी नहीं चिन्तन करता है।	और सच बोलते हुए लोग मन में भी झूठ नहीं सोचते हैं।
4	वह सुख प्राप्त करता है।	वह सुख प्राप्त करता है।
4	उसके बाद टोकरी में सेव रखती है।	बाद में टोकरी में सेव डालता है।
14	हर्षवर्धन चौहान जी कल बद्दी क्षेत्र के विभिन्न विभागों, विभिन्न उद्योग प्रतिनिधियों और अधिकारियों के साथ बैठक की अध्यक्षता कर रहे थे.	हर्षवर्धन चौहान कल बद्दी क्षेत्र के विभिन्न विभागों के विभिन्न उद्योग प्रतिनिधियों और अधिकारियों के साथ बैठक की अध्यक्षता कर रहे थे।
10	केंद्रीय प्रशासन ने कहा कि सातनीस ऊपर पांच सौ स्थानों को अब तक दिव्य अंगों के लिए सुकर बनाया गया है।	केंद्रीय प्रशासन ने कहा कि सातवें उत्तर पांच सौ रेलवे स्टेशन अब तक दिव्यांग लोगों के लिए आसान हो गए हैं।
8	वहाँ पीछे के भाग में सुनाई दे रही है ?	वक्ता-वहाँ पीछे-पीछे सुनाई दे रहा है क्या?
8	मेरा पैर, मेरा हाथ.... मेरा शिर... मेरा मुख... ।	मेरा पैर, मेरा हाथ... मेरा सिर, मेरा मुँह...।
1	सुगन्ध	सूर्य
5	अहमदाबाद के कौनसे विस्तार में थे?	कर्नाटक के किस विस्तार में थे?
10	क्योंकि देहधारी पुरुष के द्वारा अशेष कर्मों का त्याग संभव नहीं है, इसलिए जो कर्मफल त्यागी है, वही पुरुष त्यागी कहा जाता है।।	जो कर्म के फल से नष्ट हो जाता है, वह त्याग के योग्य होता है, क्योंकि वह कर्म के फल से नष्ट हो जाता है और कर्म के फल से नष्ट हो जाता है।
19	इसके अलावा जयसिंहपुर में होली मेला, जिला बिलासपुर के अजमेर (भराड़ी) ग्रीष्मकालीन महोत्सव, संगला होली महोत्सव, गंगाथ- जिला स्तरीय होली मेलाओं में उठाने का भी निर्णय लिया गया है.	इसके अलावा जयपुर की होली मेला, बिलासपुर जिले का अजमेर (भराड़ी) ग्रीष्मकालीन महोत्सव, सांगला होली महोत्सव, गंगथ-करुमा महाराजा मेला और जिला स्तरीय मेलाओं में भी उन्नति का निर्णय लिया गया।
4	आर्यों का मूल देश भारत देश है ।	आर्यों का मूल देश भारत देश है।
9	उन्होंने कहा कि राज्य सरकार ने कर्मचारियों से 4 फीसदी बड़ा भारी वेतन घोषित कर दिया है.	उन्होंने कहा कि राज्य सरकार ने कर्मचारियों को 4 प्रतिशत महँगाई की घोषणा की है।
4	गैस चूल्हा उसे पसन्द नहीं है।	गैस की चूल्हा उसे पसंद नहीं है।
12	राज्य के चारों संसदीय क्षेत्रों में सर्वेक्षण करके उत्तमवेदकों का नाम परीक्षण समिति के पास भेज दिया जाएगा।	राज्य के चारों संसदीय क्षेत्रों में सर्वेक्षण करके उत्तम आवेदकों के नाम परीक्षण समिति के पास भेजे जाएंगे।
1	कल्याणयुक्त	शिव को
7	वो दोनों देवनागरी में ही हस्ताक्षर करती हैं	वे दोनों देवनागरी में ही हस्ताक्षर करते हैं।
3	विष्णुमित्र कहाँ है?	विष्णुमित्र कहाँ है?
6	इस प्रकार, 1,200 लड़कियाँ जहरीली गैस के प्रयोग से पीड़ित हुईं।	इस प्रकार विष वायु के प्रयोग से 1200 बालिकाएँ क्लेशित हुईं।
9	सञ्जहार शब्द में हकार के स्थान पर भकार के आदेश से सञ्जभार का रूप सुना जाता है।	संजार शब्द में हकारस्थान में भाकर के आदेश से संजार का रूप सुना जाता है।
13	चुनाव में कन्ग्रेस-चूँकि, भाजपा के प्रत्येक विधायक को अपने अधिकृत अभिाधिकारी का खुलासा करना होगा।	चुनाव में कांग्रेस-भाजपा के प्रत्येक विधायक को अपने अधिकृत एजेंट को प्रकट करके मतदान करना होगा।
5	हिमदास ने कल चौथा स्वर्णपदक जीता।	हिमदास ने कल चौथा स्वर्ण पदक जीता।
4	उसके दोनों होंठ लाल हैं।	उसके दोनों होंठ लाल हैं।
6	पत्नी का भाई ने इस मामले को दर्ज किया।	पत्नी के भाई ने यह मामला दर्ज किया।
6	अनेकों के नाम हम नहीं  हीं जानते हैं।	अनेकों के नाम हम नहीं जानते हैं।
7	इसके लिये सभी प्रक्रियाएँ चरणबद्ध रूप से सम्पन्न होती हैं।	इसके लिए सभी प्रक्रियाएं चरणबद्ध रूप से पूरी हो जाती हैं।
14	डॉ. ने बछड़े को विश्वविद्यालय समुदाय का धन्यवाद दिया कि वे इसके प्रतिष्ठित उपलब्ध कराने के लिए निकटता और सद्भाव से कार्य करते हैं	डॉ. वत्स ने विश्वविद्यालय समुदाय को धन्यवाद दिया कि वे इस प्रतिष्ठित उपलब्धि के लिए निकट सौजन्यता और समर्पण से कार्य करते हैं।
1	ग्राम	बैठना
6	मैं आपके साथ चलूँ क्या ?	क्या मैं भी तुम्हारे साथ आता हूँ?
10	इस बार भी चंद्रमा अपने दक्षिणी ध्रुव के पास समतल क्षेत्र में उतरेगा।	इस पवन में भी चंद्रमा के दक्षिणी ध्रुव के पास वर्तमान समतल क्षेत्र में उतरना होगा।
6	वे अक्षता प्रत्येक हिंदू घर में देने जाते हैं।	वे अक्षत प्रत्येक हिंदू के घर देने जाते हैं।
7	बीच में स्थित सफ़ेद रंग सात्विकता और ईमानदारी का द्योतक है।	बीच में स्थित सफ़ेद रंग सात्विकता और शुद्धता का सूचक है।
7	उसे देखकर मुझे बहुत दुःख होता है ।	उसको देखकर मुझे बहुत दुख होता है।
10	सीता सहित, मृगचर्मधारी अजेय, नित्य श्रीलक्ष्मणजी द्वारा सेवित पादपन वाले, नीलकमल की कान्तियुक्त, अनन्तगुण सम्पन्न, अतिशान्त मेरा सौभाग्यरूप श्रीराममूर्ति को अनिश में प्रणाम करता हूँ ॥	हे राम! आपके चरणारविन्दों की सेवा करने के लिए सुमित्र के द्वारा नियुक्त की गई सीता जी के साथ, आपके चरणारविन्दों की सेवा करने के लिए, आपके चरणारविन्दों की सेवा करने के लिए, आपके चरणारविन्दों की सेवा करने के लिए, आपके चरणारविन्दों की सेवा करने के लिए, आपके चरणारविन्दों की सेवा करने के लिए, आपके चरणारविन्दों की सेवा करने के लिए, आपके चरणारविन्दों की सेवा करने के लिए, आपके चरणारविन्दों की सेवा करने के लिए, आपके चरणारवि
8	सभी राज्यों के जलशुल्क के बारे में केंद्र सरकार की नीति समान है-सीह है.	सभी राज्यों की जलशुल्क के बारे में केंद्र सरकार की नीति समान है-है।
5	उपदेश के बिना प्रथम ज्ञान उत्पन्न हो गया।	उपज्ञा उपदेशक के बिना प्रथम ज्ञान प्राप्त हुई।
4	यह लेख झूंठ मालूम पड़ता है।	यह लेख झूठ बोलता है।
1	कुआं खोदना	कुएँ खोदना
9	मानवाधिकार दिवस हर साल दिसंबर के दिनाङ्क को पूरे विश्व में मनाया जाता है।	मानवाधिकार-दिवस हर साल दिसंबर के दिन पूरे विश्व में मनाया जाता है।
8	श्रम थकावट ग्लानि (दुःख) प्यास शीत (जाड़ा) उष्णता (गर्मी) आदि सहने की शक्ति व्यायाम से ही आती है और                           परम आरोग्य अर्थात् स्वास्थ्य की प्राप्ति भी व्यायाम से ही होती है ।	श्रम, क्लान्ति, प्यास, गर्मी, ठण्ड आदि सहनशीलता और स्वास्थ्य भी परम व्यायाम है।
13	अनाज के कोठे को भरने में समर्थ आढ़कों (माप-विशेष, विशिष्ट के सूचक) के समान अनेक पुत्रों के होने मात्र से कौन भाग्यशाली माना जाएगा ? ऐसा एक पुत्र अच्छा है जो कुल का आसरा हो तथा जिसके कारण पिता की प्रसिद्धि हो |	बहुत से अच्छे पुत्र, अच्छे से भरे हुए अन्न आदि से धन्य कौन है? जहाँ एक ही कुल का पालन करने वाला पिता विश्वसित होता है।
6	चिराग - हाँ सभी प्यार से चल रहे हैं।	चिराग-हाँ सभी प्रेम से चलते हैं।
9	ध्यान रखना चाहिए कि संस्कृत शिक्षण द्वारा हर रविवार को ऑनलाइन आयोजन किया जाता है।	ध्यान रखना चाहिए कि संस्कृत शिक्षण के माध्यम से हर रविवार को ऑनलाइन आयोजन किया जाता है।
8	वेदों में रामायण जैसे वैदिक और धर्मनिरपेक्ष पुराण शामिल हैं।	वेद वैदिक रामायण आदि पुराण और लौकिक हैं।
7	उन्होंनेन्हों नेसरोजिनी नायडू के साथ भी काम किया।	उन्होंने सरोजिनी नायडू के साथ भी काम किया।
6	कौए ने रोटी को खा लिया और प्रसन्न हो गया।	कौआ रोटी खिलाकर खुश हुआ।
5	इस में थोड़ा सा भी पाप नहीं है।	इस में थोड़ा भी पाप नहीं है।
3	प्रातःकाल व्यायाम किया	सुबह व्यायाम किया
3	जहां वह जाता है?	जहाँ वह जाता है।
7	कोर्ट ने कल के फैसले को रद्द करते हुए वाराणसी में कर्फ्यू लगा दिया.	कोर्ट ने कल का निर्णय लेकर वाराणसी में निषेधाज्ञा लागू कर दी।
8	वहाँ से श्रीराम भाई के पास जाकर रूधिरादिग्ध लक्ष्मण को देखा।	वहाँ से श्रीराम ने भाई के पास जाकर खून से लथपथ लक्ष्मण को देखा।
7	वीणाकर्ण ने खूंटी को देखकर कहा 'अल्पशक्ति वाला होते हुए भी यह चूहा कैसे इतनी दूर तक उछल लेता है ?	वीणाकर्ण ने नागदान्त को देखा-कैसे चूहा थोड़े बल से इतना दूर निकलता है।
5	वह इस विषय में संकोच अनुभव करता है।	वह इस विषय में संकोच अनुभव करता है।
5	वह पदक प्राप्त करना चाहता है	वह पदक पाना चाहता है।
9	वहाँ भारत के नवनिर्माण संस्कृत के योगदान पर चर्चा की गई।	वहाँ भारत के नवनिर्माण संस्कृत के योगदान के बारे में चर्चा हुई।
5	वह वृद्धा खुश हो जाती है	वह वृद्धा खुश होती है।
9	"वैसा ही है, कोई फर्क नहीं", ऐसा वह जवाब में बोला ।	"वैसा ही है। विशेष नहीं" उसने उत्तर दिया।
7	बेटा , वो पुस्तक संस्कृत भाषा में हैं।	दादीजी-बेटा, वो पुस्तकें संस्कृत भाषा में हैं।
2	माँ की खातिर	माँ के लिए
1	बाल	बाल
8	शान समिति की रिपोर्ट के बाद चयन प्रक्रिया ऑनलाइन रूप में की जाती है।	शानन समिति की रिपोर्ट के बाद चयन प्रक्रिया ऑनलाइन रूप में की जाती है।
4	हम शिव के मन्दिर गए।	हम सब शिव के मंदिर गए थे।
6	मैं कुएँ पर जाकर स्नान करना चाहता हूँ	मैं कुएँ पर जाकर स्नान करना चाहता हूँ।
9	नियम ज्ञान है परन्तु प्रयोग नहीं है अर्थात् भाषा नहीं आती है।	नियम का ज्ञान है परन्तु प्रयोग नहीं तो भाषा नहीं है।
9	अब तक हम घर में राष्ट्र ध्वज फहरा नहीं सकते थे।	अब तक हम घर पर राष्ट्रीय ध्वज नहीं उठा सकते थे।
8	यह सब जानकर जयद्रथ डर से बहुत व्याकुल हुए।	यह सब जानकर जयद्रथ डर से बहुत व्याकुल हो गया।
11	अब पुष्ट किया गया कि श्यामला बहुत जल्दी ही इंशा अल्लाह नामक फिल्म में दिखती है।	अब पुष्टि हो गई है कि रेलमार्ग बहुत जल्दी ही इंशा अल्लाह फिल्म में दिखाई देता है।
12	हिमाचल प्रदेश का कृषि-उद्यान-विश्वविद्यालय के कुलपति-नियुक्ति- संशोधन विधेयक के विषय में राजा के भवन और राज्य सरकार के बीच गतिरोध समाप्त हो गया है।	हिमाचल प्रदेश के कृषि-उद्यान-विश्वविद्यालयों के कुलपति-नियुक्ति-संशोधन विधेयक के बारे में राजभवन और राज्य सरकार के बीच गतिरोध समाप्त हो गया है।
9	इसके अतिरिक्त, पटियालाबस्ती में पांचों गाँवों के धर्म के विरोधी लोगों को सामुदायिक कल्याण के लिए 2 लाख रुपये का दान किया गया है।	इसके अलावा, ग्राम पंचायत धर्मशाला में पटियाला बस्ती में सामुदायिक भवन के लिए 2 लाख रुपये का भुगतान किया गया है।
4	वह सबको सुख से पालता है।	वह सबको सुख से पालता है।
5	इसके लिए आवेदन पत्र प्राप्त हो चुके हैं।	इसके लिए आवेदन मिल चुके हैं।
1	योगदान	योगदान
2	बुद्धि की जड़ता को	ध्यान करना चाहिए।
16	स्वयं तुम गुरुदेव हो, इस प्रकार पितामह भीष्म, कर्ण, योद्धा वीर, दयालु, अश्वत्थामा, विकर्ण, और भूरिश्रव भी चैत्य में हैं।	स्वयं तुम गुरुदेव हो, इस प्रकार दादाजी भीष्म हैं, कर्ण हैं, युद्धवीर कृपाचार्य हैं, अश्वत्थामा हैं, विकर्ण हैं, बहुत से अश्व हैं।
7	अतः वे दोनों बार बार प्रश्न पूछते हैं	इसीलिए वे दोनों बार बार प्रश्न पूछते हैं।
6	इस संबंध में जिला प्रशासन के द्वारा आदेश हैं।	इस संबंध में जिला प्रशासन के आदेश हैं।
8	दृष्टिपात से उसकी व्यथा नष्ट हो जाती है, मैं चित्राम की शरण में क्या प्राप्त करती हूँ?	दृष्टिगोचर होने से उसका कष्ट नष्ट हो जाता है, मैं चित्रकारी में क्या शेष रहता हूँ।
6	हरिद्वार में उन्होंने गुरुकुल काँगड़ी की स्थापना की।	हरिद्वार में उन्होंने कांगड़ी गुरुकुल की स्थापना की।
6	यह वैष्णवी मायाशक्ति नाम से भी जाना जाता है।	यह वैष्णव मायाशक्ति के नाम से भी जाना जाता है।
11	मुख्यमंत्री सुख-बताया गया है कि आश्रय योजना के तहत उपनिहित कार्यालयों में जिला स्तरीय वित्तीय संख्याएं खोली जाएंगी।	मुख्यमंत्री सुख-उन्होंने कहा कि आश्रय योजना के तहत जिला स्तरीय बैंकों की संख्या खोली जाएगी।
5	रास्ते में उन्होंने ज्ञानप्रश्न क्रीड़ा भी खेली।	रास्ते में उन्होंने ज्ञानप्रश्ना खेल भी खेला।
7	वह कहां है? मुझे दिखाओ” भसूरक ने ऐसा कहा।	वह कहाँ है? दिखाएँ "भासुरक ने कहा।
10	मैं उन ऋक्षा वानरों को भी फिर से निकालते हुए और बड़े बलशाली पुरुषों को देखना चाहता हूँ।	मैं उन ऋक्षों और वानरों को फिर से स्वच्छ और समृद्ध पुरुषों को देखना चाहता हूँ।
21	शिविर का उद्घाटन डॉ. सोहम चक्रवर्ती वर्या की उपस्थिति में किया गया, श्री नवल किशोर पंत, सरस्वती पूजा में श्री विष्णु दत्त गौड़ भी उपस्थित थे।	शिविर का उद्घाटन सोहम चक्रवर्ती वर्याओं की उपस्थिति में सरस्वती पूजन समारोह में हुआ, श्री नवल किशोर पंत, श्री विष्णु दत्त गौड़ जी भी सरस्वती पूजन में उपस्थित थे।
8	हे कौन्तेय ! श्रद्धा से युक्त जो भक्त अन्य देवताओं को पूजते हैं, वे भी मुझे ही अविधिपूर्वक पूजते हैं।।	जो अन्य देवता भक्त श्रद्धापूर्वक यज्ञ करते हैं, वे भी विधिपूर्वक मुझे ही यज्ञ करते हैं।।
10	म्यांमार की सर्वमान्य नेता आंग सान सू की को भ्रष्टाचार का दोषी पाए जाने पर दोबारा जेल की सजा सुनाई गई है.	म्यांमार की सार्वजनिक नेता आंग सान सूची को फिर से भ्रष्टाचार का दोषी पाया गया और उन्हें जेल की सजा सुनाई गई।
8	ओमान के संस्कृत विद्यालय के डॉ आर नारायणन व्याख्यान देंगे	ओमान के संस्कृत स्कूल के डॉ. आर. नारायण व्याख्यान देंगे।
6	तू सत्तू खाता है वा नहीं !	वह सब कर सकता है वा नहीं?
9	पहले पारी में दक्षिण अफ्रीका के कायल वेरिन ने सबसे अधिक 15 रन बनाए।	दक्षिण अफ्रीका के काइल वेरिन ने सबसे अधिक पंद्रह रन बनाए।
6	उनके पिता का नाम एस नारायणस्वामी था।	उनके पिता का नाम एस. नारायणस्वामी था।
13	महातेज रावण ने क्रोध से श्रीराम के सदृश सिंह, व्याघ्र, कोंकड़ा आदि प्रमुख बाणों को पीपल के समान मुख वाली और सियार आदि प्रमुख बाणों को बाणों पर चढ़ा दिया।	महातेज रावण ने क्रोध से श्रीराम के ऊपर सिंह, व्याघ्र, कङ्कक और गरुड के मुखों और सियार के मुखों पर बाण फेंके।
7	नाम यदि लम्बी है, तो उसका शरीर बहुत लम्बी नहीं है।	नाम तो लंबा है, परन्तु उसका शरीर बहुत लंबा है।
4	सभी वैसे ही हो गए।	सभी लोग वैसे ही हुए।
9	शाही जहाज़ के साथ उच्च न्यायालय में उनके सभी मामलों की सुनवाई का विरोध किया गया है।	शाही ईदगाह समिति ने सभी मामलों को उच्च न्यायालय में स्थानांतरित करने का विरोध किया है।
5	सभी सैनिकों के हाथ में राखी बाँधती है।	सभी सैनिकों के हाथ में राखी बाँधती है।
1	बाजार से	बाजार से
8	परन्तु ज्ञानी सब प्रकार परीक्षा करके अपराधी को ही उचित दंड देता है।	परन्तु ज्ञानी सभी को परीक्षा करके अपराधी को ही उचित रूप से पीटता है।
11	अभी ही अजय ने अपने नए चलचित्र "शैतान" के कुछ तस्वीर प्रकाशित की हैं।	अभी ही अजय ने अपने नए चलचित्र "शैतान" के कुछ चित्र प्रकाशित किये।
4	अभी वह रामेश्वर पहुँचा ।	अभी वह रामेश्वर पहुँचा है।
4	बच्चे के मुँह पर फुंसियाँ हो गई हैं।	बालक के मुँह में गड्ढे हो गए।
1	चारों ओर से	समृद्धि से
4	बगीचे में हम वृक्ष गिनते हैं।	उद्यान में हम वृक्ष गिनते हैं।
4	यह लेख झूंठ मालूम पड़ता है।	यह लेख झूठ बोलता है।
21	मित्रको स्वच्छता (निष्कपट हृदय) से जीते शत्रुको नीतिबलसे, लोभीको धनसे, स्वामीको कार्यसे, ब्राह्मणको आदरसे युक्तीको प्रेमसे, बन्धुओंको समभावसे, अत्यन्त क्रोधीको स्तुति, गुरुको विनयसे, मूर्खको बातोंसे, बुद्धिमान्को विद्यासे, रसिकको रसिकतासे और सभीको सुशीलतासे वशीभूत करे	उस युवती ने अपने मित्र को साफ-सुथरा व्यवहार करने के लिए नहीं कहा, क्योंकि वह धन और ऐश्वर्य से आकर्षित हुई थी। उसी समय उस युवती ने प्रेम से प्रेमपूर्वक प्रेमपूर्वक विवाह किया। उस युवती ने अत्यन्त उत्कण्ठापूर्वक अपनी स्तुति करने के लिए प्रणाम किया। कथाओं की ज्ञाता विद्याभी रसिका के रस से सभी प्रकार की दुष्टताओं को शीलपूर्वक करने के लिए तैयार थी।
9	इसके पश्च्यात स्थूल भूतों से विराट् उत्पन्न हुआ और विराट् पुरुष से यह सम्पूर्ण स्थावरजंगम संसार प्रकट हुआ ॥	तत्पश्चात् विराट ने स्थूलरूप से उत्पन्न हुए दम्बक से संसार के समस्त अस्तव्यस्त जगत् को उत्पन्न किया।
5	निःसन्देह वह कर्म करेगा ।	निःसंदिग्ध वह वह कार्य करेगा।
3	भूतकाल में वाक्य लिखिये	अतीत में वाक्य लिखिये।
7	बहुत से लोग केवल फल ही खा रहे थे।	बहुत से लोग केवल फल ही खाते थे।
8	संस्कृत भारती के अखिल भारतीय सचिव पी.एसकार्यक्रम का उद्घाटन नंद कुमार करेंगे.	संयुक्त भारत के अखिल भारतीय सचिव पी. एस नन्द कुमार कार्यक्रम का उद्घाटन करेंगे।
8	सत्र में मुख्य अतिथि के रूप में विश्वविद्यालय के वास्तुकला विभाग के पूर्व प्रोफेसर प्रोफेसर एस.के.सिंह उपस्थित थे।ओंकारनाथ चतुर्वेदी महाभाग एकत्र हुए थे।	सत्र में मुख्य अतिथि के रूप में विश्वविद्यालय के वास्तुकला विभाग के पूर्व शिक्षक उपस्थित थे।
3	सूत्रकार सूत्र बनाता है।	सुतार धागा बनाता है।
12	वीरेन्द्र सिरमौर जिले केणुका क्षेत्र से है, उससे पहले उसने अनेक प्रतियोगिताओं में भाग लिया था।	विरेंद्र सिरमौर जिले के रेणुका क्षेत्र से है, इससे पहले उसने अनेक प्रतियोगिताओं में भाग लिया था।
8	हाँ गुरुदेव ! हिन्दू संस्कृति के मूलस्वरूप को क्या जानना चाहता हूँ।	हाँ, हे गुरुदेव! हिंदू संस्कृति का मूलस्वरूप क्या है यह जानना चाहता हूँ।
11	उपरोक्तयूषों के साथ बकरे का मास रस या बटेर आदि पक्षियों का मास - रस मिला कर देना चाहिये । मल सग्राहक बेलगिरी, पाठा आदि के चूर्ण से युक्त, अनार आदि फलों से या तक्र से खट्टा करके यूत्रों को देना चाहिये ||	बकरी के रस को दूध के साथ मिला कर देना चाहिये। लावादि के साथ फल का अम्ल मिला कर देना चाहिये॥
1	था	था
7	मेरे पास केवल इतना ही धन है ।	मेरे पास केवल इतना ही धन है
6	वह धन गिनता है , जेब में रखता है।	वह धन गिनता है, जेब में रखता है।
13	यह कहकर वे अत्यन्त आर्त्तचित्त होकर मुनि के दोनों पैर पकड़कर बोले "भगवन्! आप तो स्वयं जान सकते हैं कि में दोषी हूँ अथवा निर्दोष हूँ ? ॥	यह कहकर मुनि के स्पर्श से एक जोड़ी पाद लेकर बैठे। हे देव! आप मुझे शुद्ध या शुद्ध ही जानते हैं॥
13	उन्होंने कहा कि यह नियम दूरसंचार क्षेत्र से जुड़े लाखों से अधिक लोगों का भी पालन किया जाएगा।	उन्होंने कहा कि यह नियम दूरसंचार क्षेत्र से जुड़े लाखों लोगों का भी पालन करेगा।
8	उस युद्ध में बदलूराम नाम का एक सैनिक वीरगति को प्राप्त हुआ।	उस युद्ध में बदलूराम नाम के एक सैनिक को वीरगति प्राप्त हुई।
1	ऐसा	\u093C ऐसा
15	शनिवार को हिमालयन हॉस्पिटल जॉली ग्रांट द्वारा कवच की खोली पर अटलोत्कृष्ट- राजकीय वरिष्ठ माध्यमिक विद्यालय में रक्तदान शिविर का आयोजन किया गया।	शनिवार को हिमालयन अस्पताल जोली ग्रांट द्वारा कण्वाघाटी में अटलोत्कृष्ट-सरकारी वरिष्ठ माध्यमिक विद्यालय में रक्तदान शिविर का आयोजन किया गया।
4	खीर मीठी है	खीर मीठा है।
19	इसी प्रकार वे सभी कृतार्थ राक्षस नन्दन वन में गन्धर्व की भांति अपनी पत्नी के पद के लिए रमण करते थे। उसके बाद मन्दोदरी ने पुत्र को बादल का ध्वनि किया।	इसी प्रकार उनके द्वारा किए गए सभी राक्षसों ने नन्दन में गन्धर्व के समान अपनी पत्नी को उठाकर मनोरंजन किया। वहाँ से मन्दोदरी ने पुत्र मेघनाद को उत्पन्न कर दिया।
5	योजना को रोककर एफआईआर को निवृत्त करिये।	योजना को निलंबित करके प्राथमिकी निवृत्त करें।
11	प्रधानमंत्री ने मध्य प्रदेश में पचास से अधिक करोड़ रुपये के सड़क विकास परियोजना को भी राष्ट्र को समर्पित किया।	प्रधानमंत्री ने मध्य प्रदेश में पांच सौ से अधिक करोड़ रुपये की सड़क विकास परियोजना को भी देश को समर्पित कर दिया।
5	कल वह बहुत उग्र हो गया था।	कल वह बहुत उग्र हो गया।
4	तुम वाङ्मय हो, तुम चिन्मय हो।	तुम वाणी के समान चंचल हो।
9	आपका दर्शन योगियों को भी दुर्लभ है, और में साक्षात् आपका बाण लगने से, विशेषरूप से आपके सामने मने प्राण छोड़ रहा हूँ। ॥	हे महायोगी! साक्षात् चक्रघात से विशेषरूप से तुम्हारे दर्शन का त्याग कर दिया॥
5	मेघमाला ने समस्त गगन मण्डल को आच्छादित कर लिया।	बादलों की माला ने सारे आसमान को चारों ओर ढक दिया।
3	हम सबको क्या करना चाहिए?	हम लोगों को क्या करना चाहिए?
8	संस्कृत भारती के अखिल भारतीय प्रशिक्षण प्रमुख डाॅएच.एसमुख्य अतिथि आर विश्वास थे.	संस्कृत भारती के अखिल भारतीय प्रशिक्षण प्रमुख डॉ. एच. आर. विश्वास मुख्य अतिथि थे।
5	आज प्रातः आए क्या ?	आज सुबह आए क्या?
8	इस फिल्म की नायिका बहुत जल्दी ही फाइनल में तय हो जाती है।	इस फिल्म की नायिका बहुत जल्दी अंतिम रूप से निर्धारित करने जाती है।
9	अतः हे देवता! इस रथ पर चढ़कर राक्षस रावण को मारना।	इसलिये हे देव! इस रथ पर चढ़कर राक्षस रावण को मारो।
5	कांगड़ा-केंगड़ा जिले में बिजली के ज्वालामुखी दीपमाला पहने गए हैं।	कांगड़ा-कांगड़ा जिले में शक्तिपीठ ज्वाला के मुख्य दीपमालाएं अलंकृत हैं।
6	राम मंदिर का स्पर्श तब तक सुलभ नहीं था।	राम मंदिर का स्पर्श उतना सुलभ नहीं था।
14	राजधानी शिमला, शिमला जिले के सौ से अधिक मंदिरों और राजधानी मंदिरों में प्राणों कीप्रतिष्ठा का समारोह भक्तों के लिए एक सजीव प्रदर्शन द्वारा दिखाया गया।	राजधानी शिमला और शिमला जिले के सौ से भी मंदिरों और राजधानी के मंदिरों में प्राणों कीप्रतिष्ठा का समारोह भक्तों के लिए एक लाइव प्रसारण के साथ प्रदर्शित किया गया।
23	जिला चुनाव कार्यालयों में मतों की सूची जारी की गई है, चुनाव पंजीकरण अधिकारी सहायक-चुनाव पंजीकरण अधिकारी और उनके कार्यालयों में भी प्रत्येक मतदान केंद्र में मतदान केंद्र स्तर के अधिकारियों के पास निगरानी की जा सकती है।	प्रकाशित मतदाता सूची जिला चुनाव कार्यालयों में, चुनाव पंजीकरण अधिकारी सहायक-चुनाव पंजीकरण अधिकारी के कार्यालयों में भी प्रत्येक मतदान केंद्र में और मतदान केंद्र स्तर के अधिकारियों के पास निरीक्षण के लिए उपलब्ध हैं।
5	सभी को प्रमाण पत्र सौंपने के लिए कार्यक्रम आयोजित किया गया।	कार्यक्रम सभी को प्रमाण पत्र सौंपने के लिए आयोजित किया गया।
7	इसके अलावा, पांच अन्य ग्रीनहाउस पूरी संस्कार के लिए प्रयास कर रहे हैं।	इसके अलावा, अन्य पांच ग्रीनहाउस सड़कों को पूरा करने के प्रयास चल रहे हैं।
4	वह मलयालम भाषा में बोलती है	वह मलयालम भाषा में बोलती है
7	समारोह की अध्यक्षता तकनीकी शिक्षा मंत्री राजेश धर्माणी ने की।	समारोह की अध्यक्षता तकनीकी शिक्षा मंत्री राजेश धर्माणी ने की।
8	अखिलेश ने कहा कि आज बहुत ही अच्छा दिन है।	अखिलेश ने कहा कि आज बहुत शुभ दिन है।
17	इससे पहले, उन्होंने चंद्र बोस द्वारा रचित और एमएम कीरवानी द्वारा रचित अपने गीत नट्टू नट्टू के लिए गोल्डन ग्लोब पुरस्कार जीता था।, और इनाम जीत लिया गया.	उन्होंने पहले चंद्र बोस द्वारा रचित एमएम कीरवानी द्वारा दिया गया संगीत नाटू नाटू गाने के लिए गोल्डन ग्लोब पुरस्कार और पुरस्कार जीता था।
5	जैसे पूरा हुआ्रीहै, पूरा हुआ्रीहै।	जैसा सम्पन्न है, वैसा ही सम्पन्न है।
10	दल के सूत्रों से कहा गया है कि इस सप्ताह आवेदन की तारीख निर्धारित होगी.	दल के सूत्रों ने कहा कि इस सप्ताह आवेदन की तारीख तय हो जाएगी।
9	केंद्रीय मंत्री द्वारा प्रभावित लोगों को कल्याण और सुरक्षा के लिए प्रार्थना की गई है।	केंद्रीय मंत्री ने प्रभावित लोगों की कल्याण और सुरक्षा के लिए प्रार्थना की।
10	वहाँ जाकर हनुमानजी ने जो कहा था सब कुछ क्रमपूर्वक श्रीराम के लिए कह दिया।	वहाँ जाकर हनुमान मैथिली ने जो कहा वह सब श्रीराम को क्रमशः कहा।
10	मैंने कहा कि काशी विद्यापीठ हमारी स्वतन्त्रता संग्राम का प्रतीक है।	उन्होंने कहा कि काशी विद्यापीठ हमारे स्वतन्त्रता संग्राम का प्रतीक है।
5	यहाँ पन्द्रह दिन का ध्यान शिबिर है	यहाँ पंद्रह दिवसीय ध्यान शिविर है।
5	वह सिर पर नारियल का तेल लगाता है ।	वह सिर पर नारियल का तेल रखता है।
1	देखने के लिए।	देखना
20	जो समस्त आभूषणों से सुसज्जित, उज्ज्वल किरीट और कटक पहने हुए हैं तथा कौस्तुभमणि से विभूषित और सैकड़ों कामदेवों के समान सुन्दर श्यामवर्ण हैं। इस प्रकार सर्वसुलक्षण सम्पन्न श्रीलक्ष्मणजी जिनके ऊपर श्वेत छत्र लगाया हुआ है, ऐसे श्रीराम को राज्याभिषेक के अनन्तर मन्द मुसकान के सहित हाथी पर चढ़ कर आते हुए हम कब देखेंगे ? वह मंगल प्रभात कब होगा ? इस प्रकार सभी पुरवासियों का चित्त अति उत्कण्ठित हो रहा था ॥	सभी आभूषणों से युक्त मुकुट, कटहल और काजल से सुशोभित, कौस्तुभ धारण करने वाला, श्यामवर्ण का, चंदवा धारण करने वाला सौ सुंदर राम को कब देखूँगा अथवा प्रातःकाल देखूँगा। इस प्रकार सभी नगरवासी खुश हुए॥
4	मैं कल दिल्ली जाऊँगा।	मैं कल दिल्ली जाऊँगा।
5	कानजी – केवल हवा के बादल दिख रहे हैं।	केवल हवा के बादल दिखते हैं।
17	अंत में सभी को धन्यवाद देकर डॉ. हेनाचंद्रा बोली कि राम हमारा राष्ट्र है, माँ सीता हमारी संस्कृति है।	अंत में सभी को धन्यवाद देकर डॉ. हेनाचंद्र ने कहा कि राम हमारा राष्ट्र है, माँ सीता हमारी संस्कृति है।
1	चला गया	भाग गया
7	उस लड़के को देख कि वह क्या कर रहा है।	उस लड़के को देखो, वह क्या कर रहा है?
7	वानरोंका नन्दन और राक्षसोंका अवसाद वह अस्त्र है	वानरों का नन्दन और राक्षसों का अवसादन वह अस्त्र है।
3	पुत्र प्राप्ति के लिए ही स्त्रियों का वरण किया जाता है।	पुत्र के लिए स्त्रियाँ ही योग्य होती हैं।
1	संदेह से आजादी	भ्रम रहित
4	आपके स्कूल का नाम क्या है?	आपके विद्यालय का नाम क्या है?
4	कृपया आप भी सुझाएँ।	कृपया आप भी सूचित करें।
5	मेरे भी मन में ख़ुशी हुई ।	मेरे भी मन में खुशी हो गई है।
11	जो कोई भी भक्त मेरे लिए पत्र, पुष्प, फल, जल आदि भक्ति से अर्पण करता है, उस शुद्ध मन के भक्त का वह भक्तिपूर्वक अर्पण किया हुआ (पत्र पुष्पादि) मैं भोगता हूँ अर्थात् स्वीकार करता हूँ।।	जो पुरुष मेरे लिए पत्ते, फूल, फल, जल और भक्ति का प्रयोग करता है, मैं उसे भक्ति से मारने के लिए प्रयत्न करता हूँ।।
4	फिर कभी मिलेंगे।	फिर कभी मिलूँगा।
1	मोबाइल फोन	मोबाइल फोन
7	यहाँ से वहाँ तक रास्ता ठीक नहीं है।	यहाँ से वहाँ तक रास्ता ठीक नहीं है।
7	पैत्तिक-ग्रहणी - कटु, अजीर्ण, विदाही, अम्ल तथा क्षार आदि के सेवन बढा हुआ पित्त अभि को आञ्जावित करके उसी प्रकार नष्ट कर देता है, जैसे गरम पानी अनि को शान्त कर देता है। पित्त प्रकोपक वस्तुओं से पित्त मे उणमा और द्रबाश दोनो बढते है । द्रवाश के कारण जनि पुझ जाती है ।	कफ का क्षय हो जाने पर अम्ल और क्षार आदि से पित्तमूल उत्पन्न होता है। जल गरम पानी से युक्त होता है।
8	जब तक इनका उपयोग नहीं किया जाता, तब तक इनका साज-सज्जा में नुकसान होता है।	जब तक पत्थर का उपयोग नहीं किया जाता, जब तक सजाने की सजावट में नष्ट नहीं किया जाता।
11	चिकित्सकों बीपी और चीनीरोगियों ने सलाह दी कि इस मामले में सावधानी बरतें।	चिकित्सक बीपी, चीनी के रोगियों को भी इस विषय में सावधान रहने का सलाह दी गई है।
10	केंद्रीय प्रशासन ने कहा कि सातनीस ऊपर पांच सौ स्थानों को अब तक दिव्य अंगों के लिए सुकर बनाया गया है।	केंद्रीय प्रशासन ने कहा कि सातवें उत्तर पांच सौ रेलवे स्टेशन अब तक दिव्यांग लोगों के लिए आसान हो गए हैं।
9	मुख्यमंत्री महाशय ने हमारे विद्यालय के शिक्षकों को बहुमूल्य वस्त्र दिये ।	उन्होंने मुख्यमंत्री महोदय को हमारे विद्यालय के शिक्षकों को अमूल्य वस्त्र दिये।
9	इसलिए वह दल से निकलने के लिए सार्वजनिक घोषणा के लिए जनवरी को दिनांक का दिन चुनता है।	इसलिए वह दल से निकलने के सार्वजनिक घोषणा के लिए जनवरी में तारीख का दिन चुनता है।
6	बड़े-बड़े बर्फ कीस्तर से शिखर ढँके हुए हैं।	बड़े बर्फ के स्तर से शिखर ढँके हुए हैं।
4	वह सब्जी मैंने खाई।	वह सब्जी मैंने खाई।
10	विभीषण ने महात्मा गन्धर्वराज शैलुष की बेटी को धर्म ज्ञाता सरमा से विवाह किया।	और विभीषण ने महात्मा गन्धर्व राजा शैलश की बेटी धर्म ज्ञाता शर्मा की पत्नी को प्राप्त किया।
13	मध्यप्रदेश के लिए चयनित मुख्यमंत्री डॉ. मोहन यादव आज मुख्यमंत्री पद को शपथ ले जाएंगे.	मध्यप्रदेश के मुख्यमंत्री चुने गए डॉ. मोहन यादव आज मुख्यमंत्री पद के लिए शपथ लेंगे।
7	जाने वालों को सुखपूर्वक यात्रा करें, उन्हें घर पहुँचाने में सुरक्षित रखा करें।	चले हुए लोगों की सुखद यात्रा हो, वे सुरक्षित घर पहुँच जाएँ।
16	तुम्हारे लिए स्वामीजी की सेवा करने के लिए मेरे पास कुछ भी कहना नहीं है फिर भी यह कहता हूँ कि राम तुम्हारी परम देवता है।	तुम्हारे लिए स्वामीशुरुषण के प्रति मैंने कुछ भी नहीं कहा है फिर भी यह कहता हूँ कि राम तुम्हारे ऊपर दिव्य है।
8	यह युद्ध सैकड़ों वर्षाों का नहीं है, यह लाखों रामभक्तों का बलिदान है।	यह सौ वर्षों का युद्ध नहीं है, लाखों रामभक्तों का बलिदान है।
5	चार पुरुष पत्र लिखते हैं।	चार पुरुष पत्र लिखते हैं।
7	(कान देकर) सखि, जैसे किसी अतिथि ने पुकारा है।	(कान देकर) सखी, अतिथि के समान निवेदन किया।
8	शोभा –हस्ताक्षर तो देवनागरी में ही करने चाहिये ।	शोभा-हस्ताक्षर तो देवनागर्य में ही करने चाहिये।
10	जो पुरुष यहाँ इस प्रकार प्रवर्तित हुए चक्र का अनुवर्तन नहीं करता हे पार्थ इंन्द्रियों में रमने वाला वह पाप आयु पुरुष व्यर्थ ही जीता है।।	हे पार्थ! जो पुरुष इस प्रकार से चलने वाले चक्र का अनुसरण नहीं करता है, वह दुष्टों और इन्द्रियों से मुक्त होकर जीवित रहता है।।
3	सूत्रकार सूत्र बनाता है।	सुतार धागा बनाता है।
21	चित्ररूप - घटकों में राममन्दिर, मंगल - भवन- अमंगल हारी चौपाई, सूर्य की, सरायूनद्या भी मंदिर के समीप प्रतिमाओं के चित्र भी सम्मिलित हैं।	आकृति-घटकों में राम मंदिर का, मंगल-भवन-अमङ्गल हरि चौपाई का, सूर्य का, सरयू नदी के भी मंदिर के पास स्थित प्रतिमाओं के चित्र शामिल हैं।
1	सीधी रोशनी	सीधी रेखा
3	साढ़े चार बजे हैं	साथ चतुर बजाना
10	अधिकारियों का आरोप है कि मणिपुर में संघर्ष हित-आधारित बातचीत और हमलों के कारण है।	अधिकारियों का आरोप है कि मणिपुर में संघर्ष का कारण ब्याज समाचार अभियान और अफवाहक हैं।
1	चौराहे पर।	चारों चक्रों में
10	राम – यह यात्रा बहुत लम्बी और कष्टदायी है। (विदूषक को देखकर परदे के पीछे) कौतूहल वश घिरे हुए इनकी माता को नाम से जानना चाहता हूँ	राम-यह बहुत लम्बा प्रवास है और यह भयानक है। (चुटकुले को देखकर जनकनन्दिनी) कौतूहल से व्याकुल होकर माता के मन के नाम से वेद करना चाहता हूँ।
4	हम संस्कृत में समर्थ हो जाएँगे।	हम संस्कृत में सक्षम होंगे।
9	यह गृह मंत्री ए नमस शिवाय, शिक्षा मंत्रालय के एक अधिकारी थे, जिन्होंने विधानसभा में इस मुद्दे को उठाया था।	शिक्षा मंत्रालय के अधिकारी गृह मंत्री ए नमश्व ने विधानसभा में यह मुद्दा उठाया।
10	उसी प्रकार सच बोलने वाला मनुष्य झूठ को मन से भी नहीं चिन्तन करता है।	और सच बोलते हुए लोग मन में भी झूठ नहीं सोचते हैं।
5	उसकी वाणी में पवित्रता है।	उसकी वाणी पवित्र है।
6	अभिनेत्री सिमरत कौर चलचित्र की नायिका हैं।	अभिनेत्री सिमरत कौर चलचित्र की नायिका है।
6	यज्ञ के बाद देवराज भानु को पुस्तकें देता है।	यज्ञ के बाद देवराज भानु को पुस्तकें देता है।
7	आप लोग विदेशियों की तरह वेष धारण किये हुए हैं।	आपने विदेशी के समान वेष धारण किया है।
6	हम पावों से चलते हैं। मुंह से बोलते हैं।	हम दोनों पैदल चलते हैं और मुँह से बोलते हैं।
6	मैं साढ़े आठ बजे घर से निकला।	मैं साढ़े आठ बजे घर से निकला।
7	सतीश – रास्ते में कुत्ते दौड़ रहे थे।	सतीश-रास्ते में कुत्ते दौड़ रहे थे।
5	मैं फिर से शहर की ओर गया।	मैं फिर से शहर की ओर गया।
1	बहुत अधिक	बहुत
5	प्रतिदिन लोग धन अवश्य ही गिनते हैं।	प्रतिदिन लोग धन अवश्य गिनते हैं।
5	तीसरी कान, जिससे शब्द सुना जाता है ।	तीसरा कान, जिससे शब्द सुना जाता है।
4	वह रास्ते में स्वच्छता करती है।	वह रास्ते में स्वच्छता करती है।
3	सुप्रथा भरतनाट्यम करेगी ।	सुप्रथा भरतनाट्यं करेगी।
21	2020 से पहले ग्रामीण क्षेत्रों में कहीं भी हल्दी संस्कार का चलन नहीं दिख रहा था, लेकिन पिछले दो-तीन वर्षों से ग्रामीण क्षेत्रों में इसकी संख्या बहुत तेजी से बढ़ी है।	2020 से पहले ग्रामीण क्षेत्रों में कहीं भी इस हल्दी संस्कार का प्रचलन नहीं दिख रहा था, लेकिन पिछले दो-तीन वर्षों में ग्रामीण क्षेत्रों में इस प्रथा को बहुत तीव्र गति से बढ़ाया गया है।
4	वह नई पुस्तक लिखता है क्या?	वह नई पुस्तक लिखता है।
4	चिकित्सक रोगी को औषधि देता है।	चिकित्सक रोगी को औषधि देता है।
4	होली में हम खूब रंग खेलते हैं।	होली में हम बहुत बार खेलते हैं।
6	उसके बारे में मैं कुछ नहीं बोलूँगा।	उसके बारे में मैं कुछ नहीं बोलता हूँ।
7	ग्रीक भाषा में''थैले''इस प्रकार धातुधारण करने वालेार्थक, संस्कृत भाषा में भी.	ग्रीक भाषा में "थे" यह धातु धारण करने वाला है, संस्कृत भाषा में भी ऐसा ही है।
5	इसलिए सदाचार की रक्षा प्राणों से भी बढ़कर करनी चाहिए।	यदि रक्षा की जाय तो पुण्य प्राणों से भी विशेष है।
6	वाटिका में वन में वृक्षों के समूह के समान, चंद्रिका की शीतल श्मशान में शेरे।	वाटिका वन में वृक्षों के झुंडों के साथ, चन्द्रिका ठंडे पत्थर की सतह पर तैरती है।
4	सभी भक्तों ने साग्धि ग्रहण की।	सभी भक्तों ने दही ले लिया।
1	अष्तकवर्ग	अष्टक वर्ग
10	विद्यालय के प्रिंसिपल डाॅधर्मेंद्र मिश्रा दीप प्रज्ज्वलन के कारण खेल प्रतियोगिताएं शुरू हो गईं।	विद्यालय के प्राचार्य डॉ. धर्मेन्द्र मिश्रा ने दीप प्रज्ज्वलन के साथ खेल प्रतियोगिता का आरम्भ किया।
14	जैसे एक चक्र से रथ नहीं चल सकता है, उसी प्रकार उद्योग के बिना केवल भाग्य से ही सफलता नहीं मिलती है|	जिस प्रकार रथ को घोड़े के चक्र से नहीं चलाया जा सकता, उसी प्रकार मनुष्य के बिना देवता नहीं किया जा सकता।
4	गौ को खेत से निकाल दो।	गाय को खेत से निकालने के लिए।
4	वे वंदनीय सैनिक थे ।	वे वन्दनीय सैनिक थे।
7	हे महेश! देखो! आठवीं कक्षा के छात्र क्या करते हैं?	हे महेश! देखो! आठवीं कक्षा के छात्र क्या कर रहे हैं?
8	केरल विधानसभा ने राज्यपाल को केरल विश्वविद्यालयों के चांसलर पद से हटाने की मांग वाला विधेयक पारित कर दिया है।	केरल विधानसभा ने केरल विश्वविद्यालयों के कुलपति से राज्यपाल को हटाने के लिए एक विधेयक पारित किया है।
10	हिमाचल प्रदेश कैबिनेट की गोष्ठी शुक्रवार को मुख्यमंत्री सुखविंदर सिंह सुक्खू की अध्यक्षता में शिमला राज्य सचिव पद पर आयोजित की गई।	हिमाचल प्रदेश मंत्रिमंडल की गोष्ठी शुक्रवार को मुख्यमंत्री सुखविंदर सिंह सुक्खू की अध्यक्षता में शिमला में राज्य सचिवालय में आयोजित की गई।
14	जो स्थान ज्ञानियों द्वारा प्राप्त किया जाता है,  उसी स्थान पर कर्मयोगी भी पहुँचते हैं। इसलिए जो पुरुष सांख्य और योग को (फलरूप से) एक ही देखता है,  वही (वास्तव में) देखता है।।	जो व्यक्ति सांख्यों से स्थान प्राप्त करता है, वह उद्योगों से भी स्थान प्राप्त करता है। जो व्यक्ति सांख्य और योग देखता है, वह देखता है।
20	सभी प्रशिक्षुओं ने पूरी तरह से उत्साह और रुचि से भाग लिया, एड्स के रोग के कारणों और निवारण के साथ जुड़े हुए महिलाओं के साथ-साथ सामुदायिक जागरूकता को बढ़ाने का प्रयास कर रहे थे।	सभी प्रशिक्षुओं ने पूरी तरह से उत्साह और रुचि से भाग लिया, एड्स रोग के कारणों और निवारण से जुड़े नारों से सामुदायिक जागरूकता को बढ़ाने का प्रयास कर रहे थे।
5	किशोर की पत्नी अस्पताल में नर्स है।	किशोर की पत्नी अस्पताल में नर्स है।
34	'' रास रत्न राशि'' ग्रन्थ के अनुसार डोला यंत्र, पाटन यंत्र, स्वेदनी यंत्र, अन्धःपातन यंत्र, कछुआ यंत्र, जरन यंत्र, विद्याधर यंत्र, सोमनल यंत्र, सीता यंत्र, नमक यंत्र, हंसप यंत्र, माउस यंत्र, कोष्ठी यंत्र और वलाभि यंत्र में सम्मानित किया गया।	"रास रत्नसंचय" ग्रन्थ के अनुसार डोला मशीन, पट्टन मशीन, स्वेदनी मशीन, अन्धा फेंकने की मशीन, कछुए मशीन, जरान मशीन, विद्याधर मशीन, सोमनल मशीन, सिकता मशीन, नमक मशीन, हंसप मशीन, भूधर मशीन, कोष्ठी मशीन, वालीबी मशीन सम्मानित थी।
7	और भी-न्यायिक कार्यों केसम्पादन के लिए धर्मग्रंथों द्वारा पुराणों का पुजारी प्रदान किया जाता है।	परन्तु-न्यायिक कार्यों के सम्पादन के लिए पुराणों के उपादेयता को धर्मग्रंथों द्वारा समर्थित किया जाता है।
8	पुत्री – पिताजी ! द्वार बहुत दूर नहीं है।	पुत्री-पिताजी! दरवाजा बहुत दूर नहीं है।
5	कुल्लू, लाहौल, शांति जिलों के पर्वतों पर बर्फबारी हो गई।	कुल्लू-लाहौल-स्पीति-जिलों और पहाड़ों में बर्फबारी हुई।
8	दृष्टिपात से उसकी व्यथा नष्ट हो जाती है, मैं चित्राम की शरण में क्या प्राप्त करती हूँ?	दृष्टिगोचर होने से उसका कष्ट नष्ट हो जाता है, मैं चित्रकारी में क्या शेष रहता हूँ।
5	मित्र ने हाथ में सफेद सोटी पकड़ी है।	मित्र ने हाथ में सफ़ेद डंडा पकड़ा।
7	आत्मा षड्भाव विकारों से रहित, अनन्त सच्चित्स्वरूप, आनन्द स्वरूप, बुद्धि आदि का साक्षी तथा अविनाशी है ॥	छः भावों से रहित अनन्त सत्यप्रज्ञाविग्रह है, आनन्दस्वरूप बुद्धि और साक्षी लय से रहित है॥
8	यह परमशक्ति ही यह सम्पूर्ण जगत् को निरन्तर चलाती है।	यह परमशक्ति ही यह सम्पूर्ण जगत् को निरन्तर पालती है।
7	चिकित्सक चिकित्सा करता है रोगी स्वस्थ होता है।	चिकित्सक चिकित्सा करता है, रोगी स्वस्थ होता है।
7	बाबर ने पुनः अयोध्या की ओर दृष्टि ली ।	बाबर ने पुनः अयोध्या की ओर देखा।
40	यहाँ प्रो. रामसलाही द्विवेदी, प्रो. हरेरामत्रिपाठी प्रो. दिनेश कुमारगर्ग, डॉ. विजयपयासी, डॉ. विनोद कुमार मिश्र: डॉ. सुशीलत्रिपाठी, डॉ. किरणत्रिपाठी, डॉ. संध्या पाण्डे, डॉ. शशिकान्तत्रिपाठी, भविष्यमाथुरी, डॉ. सांत कुमारचतुर्वेदी, रविप्रकाश शुक्ल, गरिमा मिश्रा, विमला देवी एवं अन्य विश्वविद्यालय के अतिथि, शिक्षक, छात्र एवं शोधकर्ता उपस्थित थे।	यहाँ प्रो. रामसलाही द्विवेदी, प्रो. हरेराम त्रिपाठी प्रो. दिनेश कुमार गर्ग, डॉ. विजयपयासी, डॉ. विनोद कुमार मिश्र डॉ. सुशील त्रिपाठी, डॉ. किरण त्रिपाठी, डॉ. संध्या पांडे, डॉ. शशांक त्रिपाठी, भविष्यथुर, डॉ. सांतकुमार चतुर्वेदी, रविप्रकाश शुक्ल, गरिमा मिश्रा और विमला देवी जैसे विश्वविद्यालय के अतिथि और विद्वान, प्राध्यापक, छात्र शोधकर्ता भी उपस्थित थे।
4	हम गरम भोजन खाते हैं।	हम गरम भोजन खाते हैं।
4	केरल के पहाड़ी जिलों में भारी बारिश की आशंका है.	केरल के पर्वतीय जिलों में भारी बारिश हो रही है।
15	श्रृंखला का पाँचवाँ और अंतिम टेस्ट-खेलशाला में 2024 मार्च से शुरू होगा-माह की 7 तारीख से शुरू होगी.	श्रृंखला का पाँचवाँ और अंतिम टेस्ट-खेल धर्मशाला में 2024 मार्च-माह की 07 तारीख से शुरू होगा.
18	ये स्थानीय युवक शस्त्र लेकर सेना में आ जाते हैं, आक्रमण करते हैं, भागकर सामान्य जीवन जीने शुरू करते हैं, उनका परिचय गठिया के द्वारा होता है।	ये स्थानीय युवक शस्त्र लेकर आते हैं, आक्रमण करके, भागकर सामान्य जीवन जीने लगते हैं, उनका परिचय कठोरता से होता है।
4	दीपक आर्य संस्कृत जानता है।	दीपक आर्य संस्कृत जानता है।
4	डेढ़ सौ युवक हैं	डेढ़ सौ युवक हैं।
2	ऐसा उसने बोला, इस क्रोधित केंकड़े ने अपने मुख से उसे गले से पकड़ा और मार दिया ।	यह कहकर वह मर गई।
12	आंचलबिष्ट ने चैलुसैन की सरस्वती शिशुमन्दिर से प्राथमिक शिक्षा और 9 कक्षा से 12 कक्षा तक माध्यमिक शिक्षा पाई।	आञ्चलबिष्ट ने चैलुसैन के सरस्वती शिशुमन्दिर से प्राथमिक शिक्षा और कक्षा 9 से कक्षा 12 तक माध्यमिक शिक्षा प्राप्त की।
12	उन्होंने कहा कि आदरणीयागरों की रक्षा के लिए शक्ति है लेकिन माफियाओं को रक्षा करने के लिए नहीं।	उन्होंने कहा कि सम्मानित नागरिकों की रक्षा के लिए शक्ति है न कि माफियों को सुरक्षा देने के लिए।
3	उन सब को भी उठा दे ।	वह भी सबको उठाओ।
14	नेता जात के विजयकांत के निधन पर सूचनाप्रसारण मंत्री अनुराग सिंह ठाकुर ने भी दुख व्यक्त किया।	सूचनाप्रसारण मंत्री अनुराग सिंह ठाकुर ने भी अभिनेता नेता बने विजयकांत के निधन पर दुख व्यक्त किया।
6	पूरे संसार में लोग पर्यावरण दिवस उत्सव का आयोजन कर रहे हैं।	पूरे विश्व में लोग पर्यावरण दिवस उत्सव के आयोजन में लगे हुए हैं।
5	परमात्मा जागत् का स्रष्टा है।	परमात्मा जगत् का स्रष्टा है।
7	अप्रैल में राज्यसभा में सदस्य चुना गया।	अप्रैल में राज्यसभा सदस्य के रूप में निर्वाचित हुए।
5	प्रतिदिन यहाँ यज्ञ भी होता है।	प्रतिदिन यहाँ यज्ञ भी होता है।
2	दोनों को ही चुनती हूँ	मैं दोनों को चुनता हूँ।
5	हर शनिवार उसे पढ़ाने जाता हूँ	शनिवासरे उसे पढ़ाने जा रहा हूँ।
5	गोपाल गाय को इन्जेक्शन मारता है	गोपाल गाय को सुई की औषधि मारता है।
18	चारों मार्गों में वाहनों की गति गति की सीमा निर्धारित की गई है, यदि नियमों का उल्लंघन होता है तो संबंधित वाहन की आईटीएमएस से स्वचालित ड्राइव कट जाएगा।	चारों मार्गों पर वाहनों की गति सीमा निर्धारित है, यदि नियमों का उल्लंघन होता है तो संबंधित वाहन का आईटीएमएस से स्वचालित ड्राइविंग पत्र होगा।
12	तमिलनाडु में पिछले हफ्ते भारी बारिश के कारण भारी बाढ़ के बाद केंद्रीय वित्त मंत्री निर्मला सीतारमण ने सोमवार को तुतिकोरिन्डर का दौरा किया।	केंद्रीय वित्त मंत्री निर्मला सीतारमन ने सोमवार को तमिलनाडु में भारी बारिश के बाद तुतिकोरी जिले की यात्रा की।
7	माता – तो फिर घर में अध्ययन करो।	माता-तो फिर घर में ही अध्ययन करो।
12	राम भरत को बहुत देर से देखकर और बहुत खुश होते हुए उठाकर उन्हें गले से लगा दिया।	राम ने भरत को बहुत समय से देखकर बहुत खुश हुआ और उसे उठाकर गले लगा लिया और गोदी में डाल दिया।
8	यह अनुमानित पद्धति है जिसमें हम पाँच कोश से क्यों अलग रहते हैं।	यह अनुमान इस इच्छा से पैदा होता है कि आत्मा कैसे पंचकोशों से भिन्न है।
4	किस राग की वेला है।	किस राग का समय है।
10	पर्यटकों के लिए गाय का भोजन, बोन फायर, लाइव संगीत भी व्यवस्था किया गया है।	पर्यटकों के लिए गाला भोजन, बोन फायर, लाइव संगीत भी आयोजित किया गया है।
8	हाँ देखिये , मैं आदर्श पाठशाला का छात्र हूँ।	हाँ देखो, मैं आदर्श पाठशाला का छात्र हूँ।
1	काम करने वाला	कर्मचारी
8	पराशर के द्वारा हजारों विष्णु के, इस प्रकार पिल्लन के द्वारा दिव्यबन्ध की टीकाकरण किया गया।	पराशर के द्वारा विष्णुसहस्रनाम, इस प्रकार पिलन के द्वारा दिव्यबन्ध का टीका किया गया।
12	पृष्ठ भाग में बैठे हुए वीआईपी-प्रथित अपने मोबाईल फोन से एक सुंदर दृश्य पकड़ कर दिख रहे थे।	पीछे बैठे वीआईपी-अतिथियाँ अपने मोबाइल फोन से मनोहर दृश्य लेकर दिख रही थीं।
8	मेरा दृढनिश्चय है मैं शत्रुओं को मार के आऊँगा।	मेरा दृढ़ संकल्प है, मैं शत्रुओं को मारकर आऊँगी।
9	कांग्रेस पार्टी की "ट्रैक रिकॉर्ड" प्राक्तन कार्य में लीनताओं और भ्रष्टाचार से भी बचा रहता है।	कांग्रेस पार्टी का "ट्रैक रिकॉर्ड" और पूर्व कार्य से उत्पन्न धोखाधड़ी के भ्रष्टाचार हैं।
8	देश में दो भारतीय समुद्र तटों को भी ब्लू फ्लैग प्रमाणन मिला है।	देश के दोनों भारतीय समुद्र तटों को भी ब्लू फ्लैग का प्रमाण पत्र मिला है।
1	निचले होंठ	अथाह
5	चक्र धारण करता है इसलिए उसको चक्रधर कहते हैं ।	चक्रधर कहता है कि वह चक्र धारण करता है।
1	ऐसे	इसीलिए इस प्रकार
5	कार्यशाला में 35 शिक्षकों का प्रशिक्षण हुआ।	कार्यशाला में 35 शिक्षकों का प्रशिक्षण हुआ।
7	बाद में, मुम्बयी विश्वविद्यालय के सार्वजनिक विधि महाविद्यालय से स्नातक के पदवी को प्राप्त किया।	बाद में, मुम्बई विश्वविद्यालय के सरकारी विधि महाविद्यालय से डिग्री प्राप्त की।
7	पति – तुम चलो , मैं आता हूँ।	पति-तुम जाओ, मैं आता हूँ।
6	उसने उसे अपने पास ही रख दिया।	उसने उसे अपने पास ही रखा।
11	उच्च विस्तार शक्ति के साथएससंगठन द्वारा H3N2 वायरस को मृत्यु का सबसे आम कारण निर्धारित किया गया है।	संगठन ने एस3एन2 वायरस की सबसे अधिक मौत का कारण निर्धारित किया है, जो उच्च प्रसार क्षमता वाला है।
9	जहाँ मुख्यलिखित परीक्षा में सभी पत्रों में 216भ्यर्थी उपस्थित थे।	मुख्य लिखित परीक्षा में सभी पत्रों में 216भ्यर्थी उपस्थित थे।
12	पटनानगर में पत्रकारों के साथ बात करते हुए उन्होंने कहा कि वह अयोध्या नहीं जा रहा है।	पटना में पत्रकारों के साथ बात करते हुए उन्होंने कहा कि वह अयोध्या नहीं जा रहे हैं।
7	सुचरित्र से मनुष्य महान् बन सकता है।	सुचरित से ही कोई भी मनुष्य बड़ा होना चाहिए।
12	दसवें सिख गुरु श्री गुरुगोविन्द सिंह थे वे सातवीं सदी सत्तर और तीन सौवाँ जयन्ती और अराष्ट्रवासियो को भक्ति और उत्साह के साथ पालित किया।	दसवें सिक्खगुरु श्री गुरुगोविन्द सिंह की सत्ताईसत्तर तीन सौवीं जयंती को आराष्ट्र और आसंसार ने भक्ति और उत्साह के साथ मनाया।
4	उठा लो सारा कूड़ा तुम्हारा।	उठो तुम्हारा सारा कूड़ा।
7	आती हूँ, चलें किसकी दुकान चलें ?	आते हैं जाते हैं। किसकी दूकान जाते हैं?
12	इसीलिए भारत के सभी सज्जनों ने दीनदुःखियों की सेवा ही परम-पुण्यप्रदा कहा।	इसीलिए भारत के सभी सज्जनों ने दीन दुखियों की सेवा करना ही परम पुण्यप्रदा कहा।
1	धोखेबाज़	ठग
1	कोई।	कुछ भी
13	परन्तु वे संस्कृत से घृणा करते हैं। इसका मतलब यह है कि संस्कृत भाषा उनके खून में बहती है।	लेकिन वे संस्कृत को अवज्ञा करते हैं इसका मतलब है कि संस्कृत भाषा उनके खून में बह रही है।
6	आषाढ़ महीने में वर्षा होगी ऐसी हम आशा करते हैं।	आशा है कि महीने में वर्षा होगी।
5	आज घर-घर में इसका उपयोग होता है।	अब घर-घर इसका उपयोग हो रहा है।
15	अब आपातकाल के बाद कीरतपुर-माली-राजमार्ग में प्रथम चंदवा निर्माण करने जा रहा है, अन्य राष्ट्रीय राजमार्गों में पूर्व निर्धारित-डीपीआर-के अनुसार काम होगा।	अब आपतकम्प से कीरतपुर-मनाली-राजमार्ग पर पहली गुफा बनाने जा रही है, अन्य राष्ट्रीय राजमार्गों पर पहले से निर्धारित-डीपीआर-के अनुसार काम होगा।
4	स्वरा पिछले सप्ताह इटारसी गई थी।	स्वरा पिछले सप्ताह इटारसी गई थी।
1	बांट ।	विभाग
4	भारतीय परिवार व्यवस्था अच्छी है	भारतीय परिवार की व्यवस्था श्रेष्ठ है।
10	और अभी खबर आ रही है कि जाह्नवी की फ़िल्म में अभिनय किया है।	और अभी खबर आ रही है कि जाह्नवी ने इस फिल्म में अभिनय किया है।
8	दूरदर्शन अभिनेत्री-श्वेता तिवारी शीघ्र ही"पुलीस फोर्स"इसे वेब की श्रृंखला में देखा जा रहा है।	दूरदर्शन अभिनेत्री-श्वेता तिवारी शीघ्र ही "पुलिस फोर्स" यह नेटवर्क श्रृंखला में दिखाई देती है।
7	सभा में राज्यों के विधानसभा चुनावों के बारे में भी चर्चा हुई।	सभा में राज्यों के विधानसभा चुनाव के बारे में भी चर्चा हुई।
13	विशाल पर्वतों के गिरते हुए भाग पर अथवा अत्यधिक तेज वायु वाले स्थानों पर उत्पन्न, जुआ खेलने के पट्ट पर फेंके गये ये कम्पनशील अक्ष ( पासे) मुझे उन्मत्त कर देते हैं। यह पासे मुझे दिन-रात जगाने वाले होकर उसी प्रकार उन्मत्त कर देते हैं - - जिस प्रकार मुस्जवान् पर्वत पर उत्पन्न सोनरस का पान मादकता प्रदान करता है।	प्रबेधों से बड़े-बड़े मेघों को नष्ट न करें। मेघों से ढके हुए वस्त्रों से मेरा मन प्रसन्न हो जाता है। हे सोम! यह केवल मौज-मस्त मनुष्य ही है। हे विभीषिका! तुम मुझे जागते रहो।
14	यह पहेली भ्रम उत्पन्न करने वाली है। जो इस पहेली को पहली बार पढ़ता है, वह इसका यह अर्थ ही समझता है कि वैसा कोई वाद्य है कि जो अनेक सुंदर सिरों से विशिष्ट सुंदर ऋषियों के सदृश विशिष्ट है, और विष्णु के द्वारा सदैव पूज्य है । इस प्रकार प्रहेलिका का अर्थ करने के लिए पाठक इसके उत्तर का निर्णय करने में कभी समर्थ नहीं हो सकते हैं। यह अर्थ तो भ्रमात्मक है। इसलिए यह अर्थ यहाँ विचारणीय नहीं है। यहाँ प्रकृत प्रश्न का स्वरूप है कि वैसी कोई वस्तु है जिसके बहुत से सिर हैं। जिसका आदि अक्षर वकार है और अंतिम अक्षर ककार है, किंतु जिसका नाम किसी ऋषि के नाम के समान है। और वह वस्तु सर्पों के लिए सर्वदा इच्छित है। जो इस प्रश्न का उत्तर देने में समर्थ है उसे महान् विद्वान् जानना चाहिए। वह उत्तर है- वाल्मीकि अर्थात् सर्पों का निवास स्थान। वाल्मीकि में बहुत से छिद्र होते हैं और वाल्मीकि का आदि अक्षर वकार है तथा अंतिम अक्षर ककार है। इसका नाम ऋषि वाल्मीकि के नाम के समान है। और वह वस्तु सर्पों का निवासस्थान होने से उन्हें अत्यंत प्रिय है। इस प्रकार इस प्रहेलिका का उत्तर वाल्मीकि है।	जो अनेक प्रकारके मधुर, मधुर, मधुर, मधुर, मधुर, मधुर, मधुर, मधुर, मधुर, मधुर, मधुर, मधुर, मधुर, मधुर, मधुर, मधुर, मधुर, मधुर, मधुर, मधुर, मधुर, मधुर, मधुर, मधुर, मधुर, मधुर, मधुर, मधुर, मधुर, मधुर, मधुर, मधुर, मधुर, मधुर, मधुर, मधुर, मधुर, मधुर, मधुर, मधुर, मधुर, मधुर, मधुर, मधुर, मधुर, मधुर, मधुर, मधुर, मधुर, मधुर, मधुर, मधुर
3	चूहे दौड़ते है |	चूहे दौड़ते हैं।
8	प्रबंधक उसकी कार्यनिष्ठा को सुनकर ( देखकर) खुश हुआ।	प्रबंधक उसकी कार्यनिष्ठा को सुनकर (देखकर) खुश हुआ।
5	पाँच मित्र एक साथ यात्रा करते हैं।	पाँच मित्र एक साथ यात्रा करते हैं।
3	मोहन कब खेलता है?	मोहन कब खेलता है?
8	वह कहती है - तुम सबके दोनों चरण संगीत के अनुसार रखो।	वह बोलती है-तुम्हारे दोनों पैर संगीत के अनुसार रख दो।
5	रास्ते में उसने भोजन नहीं खरीदा।	रास्ते में उसने भोजन नहीं खरीदा।
2	हाँ	हाँ।
6	घटना के बाद शिक्षक घर से भाग गया है।	घटना के बाद शिक्षक घर से भाग गया है।
11	खबर के अनुसार''संजयलीला भंसाली''इसके''इंशा अल्लाह''इस फिल्म के बारे में आज खबर है.	प्राप्त समाचार के अनुसार "संजयलीला भंसाली" इसकी "इंशा अल्लाह" फिल्म आजकल चर्चा में है।
1	इस जोड़ी में	आश्चर्य
2	बगुला बकबक ऐसी आवाज करता है।	बगुला बगुला बज रहा है।
22	यूक्रेन युद्ध पर विरोधी पक्ष लेने वाले राष्ट्रों के बीच एक आम सहमति बनी, अफ़्रीकी संघ की सदस्यता प्रदान की गई, चीन-पाकिस्तान के गठबंधन का मुकाबला करने में निभाई गई भूमिका को भारत के नेतृत्व वाले शिखर सम्मेलन की जीत के रूप में देखा जा रहा है।	यूक्रेन युद्ध के खिलाफ विरोध करने वाले देशों के बीच एक रुपया जुटाए गए, अफ्रीकी राष्ट्रों को सदस्यता दी गई, चीन-यह भारत के नेतृत्व वाले उच्च शिखर सम्मेलन की जीत है।
14	छंदशास्त्र वेदों की छह शाखाओं में से एक हैं। छंदःसूत्राणी, छन्दोरत्नाकर, छन्दःसूत्रभाष्यराज, वृत्तिरत्नाकर आदि छंदशास्त्र पर प्रसिद्ध रचनाएँ हैं।	वेदों के छः अंगों में से एक छन्दशास्त्र है छन्द सूत्र, छन्दोरत्नाकर, छन्द सूत्र भाष्य राजा, वृत्तिरत्नाकर और अन्य प्रसिद्ध छन्दशास्त्र ग्रन्थ हैं।
6	पुत्रों के धन से सेवक भी लाभान्वित होते हैं ।	पुत्रों के धन से सेवक भी लाभान्वित होते हैं।
2	तेरह वर्ष के ।	त्रयोदशी वर्षगांठ
9	यह याद रखना चाहिए कि रूस के पास पलटवार करने के लिए कई हथियार हैं।	याद रखना चाहिए कि जवाबी हमला करने के लिए रूस के पास बहुत से हथियार हैं।
16	हे मनुष्यों ! परस्पर साथ-साथ चलने वाले द्युलोक और पृथिवी लोक जिन्हें सहायता के लिए बुलाते हैं महान् तथा परम शत्रु भी जिन्हें मदद के लिए युद्ध में बुलाते हैं एक ही रथ आरूढ़ योद्धा जिनकी सहायता चाहते हैं वे इन्द्र हैं	हे मनुष्यो! जो व्यक्ति दूसरे स्थान पर रोता हुआ संयमी होकर दोनों आत्माओं को नष्ट कर देता है, वह इन्द्र ही है, जो समान भाव से, समान भाव से, समान भाव से, समान भाव से, समान भाव से, समान भाव से, समान भाव से, समान भाव से, समान भाव से, समान भाव से, समान भाव से, समान भाव से, समान भाव से, समान भाव से, समान भाव से, समान भाव से, समान भाव से, समान भाव से, समान भाव से, समान भाव से, समान भाव से, समान भाव से
5	हम दोनों बालक का नाम जानते हैं।	हम दोनों बालक का नाम जानते हैं।
12	पक्षिराज जटायु श्रीरघुनाथजी का यह कथन सहर्ष सुनकर उन्हीं के समान रूप धारण कर ब्रह्माजी से अत्यन्त पूजित हो परमधाम को चला गया ॥	तब श्रीरघुनाथजी के इस प्रकार कहने पर हर्ष से व्याकुल हुए द्विजों ने श्रीरघुनाथजी के समान स्थित ब्रह्म के द्वारा पूजित पद को सुना॥
8	प्रायः सभी आधुनिक डिवाइडर-इलेक्ट्रिक-यन्त्र डीसी-वोल्टाेज-इत्यन से काम करते हैं।	लगभग सभी आधुनिक डिजिटल-इलेक्ट्रॉनिक-यन्त्र डी. सी-वोल्टेज-इससे काम करते हैं।
13	नाविक बोला हे नाथ! यह बात प्रसिद्ध है कि आपके चरणों में मनुष्य बनाने वाला कोई चूर्ण है। आपने पत्थर की शिला से स्त्री बना दी है, और शिला और लकड़ी में अन्तर ही क्या है ? इसलिए मै आपके चरणकमलों को धोऊँगा ॥	हे नाथ! मैं तुम्हारे चरणारविन्द को धोता हूँ। तुम्हारे चरणारविन्द मनुष्यकरण के चूर्ण हैं, तुम्हारी चरणारविन्द की कथा कह रही हो॥
31	कार्यक्रम के समयखंड में महामहिमराज्यपाल सभी प्रदर्शनियों का दौरा कर रहे थे, तब पौडी जिले के रा. बी. ए.के. कोतवाल के छात्र राज्यपाल के सम्मुख महिलामतदाता जागरुकता और प्रयास"इस प्रकार पथनाटक किया गया, जिसे विज्ञान शिक्षक श्रीमती शकुन्तला बुडाकोटी ने निर्देश दिया।	कार्यक्रम के समय महामहिमराज्यपाल सभी प्रदर्शनियों का भ्रमण कर रहे थे, तब पौडी जिले के <रा.बा.इ.का]. कोटद्वार के छात्रों ने राज्यपाल के सामने महिला शिक्षक जागरूकता और प्रयास किया "उन्होंने सड़क नाटक किया, जिसका निर्देशन विज्ञान शिक्षिका श्रीमती शकुंतला बुडाकोटी ने किया था।
11	समझदार मनुष्य को अजर अमर के समान बुढ़ापे व मृत्यु से रहित के समान विद्या शास्त्र - कलादि का ज्ञान को धन सम्पत्ति के उपार्जन के लिए सोचना चाहिए । मृत्यु ने केशों को खींचकर पकड़ा हो जैसे ऐसा धारण कर धर्म का, पुण्य का आचरण करना चाहिए ।	जो अजन्मा और ज्ञानी है, वह विद्या और विद्या का विचार करे, जैसे बाल पकड़े जाने पर मृत्यु से धर्म का आचरण करे।
7	ऐसी स्थिति में ये परिणाम कार्यकर्त्ताओं के मन को नष्ट कर देंगे।	ऐसी स्थिति में ये परिणाम कार्यकर्त्ताओं के मनोबल को तोड़ देंगे।
20	स्कूलों में अध्ययन समय सुबह 10 बजे से शाम 4 बजे तक नहीं बल्कि शाम 5 बजे तक परिवर्तन के आदेश पर सदन के सदस्यों ने आक्षेप किया।	स्कूलों में अध्ययन समय सुबह 10 बजे से शाम 4 बजे तक नहीं बल्कि शाम 5 बजे तक बदलने के आदेश पर सदन के सदस्यों ने आक्षेप किया।
19	विष्णुदेव साय इस बात के लिए हैं क्योंकि वह चार बार सांसद, दो बार विधायक, दो बार केंद्रीयराज्यमंत्री और दो बार राज्याध्यक्ष बने हैं।	विष्णुदेव साई का नाम चर्चा में है क्योंकि वह चार बार सांसद, दो बार विधायक, दो बार केंद्रीय राज्य मंत्री और राज्य के अध्यक्ष बने।
4	अब सब जगह कूड़ादान दिखता है।	अब सब जगह कूड़ेदान दिख रहा है।
1	अनेक सुन्दर शिखरों वाला	बहुत सुन्दर
5	स्वामी श्रद्धानन्द ने राष्ट्रहित के लिये काम किया।	स्वामी श्रद्धानन्द ने राष्ट्रहित के लिये काम किया।
9	नौ सदस्यीय परिस्थितियों वाले एक प्राधिकरण की नेतृत्व जिम्मेदारियाँ-पर्यावरणीय परिवर्तन-वन विभाग की कार्य पर्यवेक्षक सुप्रिया साहो हैं।	नई सेनाओं के साथ प्राधिकरण का नेतृत्व जिम्मेदारी-पर्यावरण परिवर्तन-वन विभाग के कार्य दर्शक सुप्रिया साहू हैं।
14	देश में आरक्षण नीति के अनुसार अनुसूचित जनजातीय समूह, अनुसूचित जनजातीय समुदाय और अन्य पृष्ठ पृष्ठवर्ग पहले विद्यमान विधि के अनुसार क्रमश: 10 फीसदी आरक्षण पाता है।	देश में आरक्षण नीति के अनुसार अनुसूचित जाति, अनुसूचित जाति और अन्य पृष्ठ वर्ग पहले से मौजूद संविधान के अनुसार क्रमशः एक प्रतिशत आरक्षण पाते हैं।
6	सशंकित अवस्था में यहाँ घूम रहे हो।	रक्षक-शङ्कित अवस्था में यहाँ घूमता है।
9	माँ बहुत तेज की भूख है जल्दी से भोजन लगाओ।	माँ! बड़ी भूख हो रही है। जल्दी भोजन परोसिये।
12	कौशल्या की माता, यशस्विनी कैकेयी, सुमित्रा, गुरुजन और शुभचिंतकों को देखना चाहती हूँ।	माता कौशल्या को, यशस्वी कैकेयी को, सुमित्रों को, गुरुओं को, मित्रों को और नागरिकों को देखना चाहता हूँ।
8	सभी गौएँ बीस किलो जितना दूध देती हैं	सभी गाय बीस किलोग्राम तक दूध देते हैं।
7	रोगियों के उपचार के लिए स्वास्थ्यकेंद्रों में विशेषज्ञ उपचारक भी नियुक्त किये जा सकते हैं।	रोगियों की चिकित्सा के लिए स्वास्थ्य केंद्रों में विशेषज्ञ चिकित्सकों को भी नियुक्त किया जा सकता है।
6	तुम किस कारण धन नहीं देते हो?	किस कारण से तुम धन नहीं देते हो?
3	मुट्ठी पीनेवाला बच्चा मूट्ठी चूस रहा है।	चूहा मुट्ठी उठाता है।
1	हल	हल
5	बालक कार्य कर सकते हैं।	बच्चे काम कर सकते हैं।
4	वहाँ मैंने बाघा सीमा देखी।	वहाँ मैंने बाघसीम देखी।
4	सीता पत्रिका पढ़ती है।	सीता पत्रिका पढ़ती है।
1	मर रहे हो।	मरना
6	वह लड्डू बनाता है और बेचता है।	वह लड्डु बनाते हैं और बेचते हैं।
7	सर्वेक्षण में अधिकांश टिप्पण यूट्यूब चैनेल में प्राप्त हुए।	सर्वेक्षण में अधिकांश टिप्पणियाँ यूट्यूब चैनल में पाई गईं।
5	वह नदी से जल लाता है।	वह नदी का जल लाता है।
3	कैसे कर रहे हैं ?	कैसे करते हैं?
20	और वैदिक वेदों, पुराणों, धर्मग्रंथों और सभी धर्मों के हमारे जीवन में भगवती वाग्देवी की उपस्थिति के विषय में वैज्ञानिक भाषा में तथा विज्ञान में हमारे शास्त्रों के प्रयोग विषय में सभी उपस्थित लोगों को संबोधित किया।	इस प्रकार वेदों, पुराणों और धर्मग्रंथों में सबसे बढ़कर हमारे जीवन में भगवती वागदेवी की उपस्थिति के बारे में वैज्ञानिक भाषा में और विज्ञान में हमारे शास्त्रों के प्रयोग के बारे में सभी उपस्थित लोगों को संबोधित किया।
10	प्रदर्शनी में 500 रुपये से 1,500 रुपये तक मूल्य की वस्तुएँ स्थापित कर दी गई हैं।	प्रदर्शनी में 50 रुपये से 1500 रुपये तक के मूल्य की वस्तुएँ रखी गई हैं।
21	उन्होंने अर्जुन से कहा कि तुम 'बृहन्नला' नाम से लेकर स्त्री रूप में आभूषण पहने हुए विराट नरेश की राजकुमारी के लिए संगीत और नृत्य के शिक्षण के लिए अनुरोध करना चाहिए।	उन्होंने अर्जुन से कहा कि तुम'बृहन्नला'नाम लेकर महिलाओं के आभूषणों से सुशोभित होकर विराट नरेश की राजकुमारी को संगीत और नृत्य पढ़ाने के लिए अनुरोध करना चाहिए।
19	श्रीमान ने अपने भाषण में वेदों में वर्णित देवी पूजा के कई प्रमुख पहलुओं, उनके प्रभाव, विधि आदि पर अपने विचार प्रस्तुत किये तथा हमारे जीवन में उनके महत्व,उपयोगिता और विशेषताएँ प्रतिपादित की गई हैं।	महोदय ने अपने भाषण में देवी पूजा के अनेक वेदोक्त प्रमुख पक्षों को उनके प्रभाव और पद्धतियों के बारे में अपने विचार प्रस्तुत किये, हमारे जीवन में उनका महत्व और उपयोगिता की विशेषता प्रतिपादित की गई है।
2	मैं देती हूँ	मैं देता हूँ।
5	उठो, जागो और श्रेष्ठ आचार्यों के पास जाकर ज्ञान प्राप्त करो।	उठता हुआ जागकर आकर अच्छा समझ गया।
6	नहीं ये नहीं वो दिखाईये।	नहीं यह नहीं दिखाएँ।
5	हिमाचल प्रदेश के पुल के निर्माण के संबंध में नया परिवर्तन किया गया है।	हिमाचल प्रदेश पुलिस के नियुक्ति के बारे में नया परिवर्तन किया गया है।
9	रघुनाथपुर विश्व हिंदू परिषद के प्रांत अध्यक्ष लेखराजा को निमंत्रण देने के लिए कुल्लू में रघुनाथपुर पहुंचे।	रघुनाथपुर विश्व हिंदू परिषद के प्रांत अध्यक्ष लेखराज ने निमंत्रण देने के लिए कुल्लू रघुनाथपुर पहुंचे।
5	अट्टालिकाओं में लोग उपर नीचे करते हैं।	भवनों में लोग ऊपर चढ़ते हैं।
6	A.C. बस में स्थान खाली नहीं था ।	एयर कंडीशनर बस में जगह खाली नहीं थी
13	साग खाने से रोग बढ़ते हैं, दूध से शरीर मोटा होता है, घी से वीर्य की वृद्धि होती है और मांस से मांस बढ़ता है।	शाक से रोग बढ़ते हैं, दूध से तना बढ़ जाता है और मांस से मांस बढता है।
10	इस वर्ष के राष्ट्रीय युवा महोत्सव की बिंदु तुम सब के द्वारा की गई है।	इस वर्ष के राष्ट्रीय युवा महोत्सव का बिन्दु युवाओं के लिए है।
5	सभी लोग प्रवचन सुनते हैं	सभी लोग प्रवचन सुनते हैं।
9	आप सभी के प्रेरण में आने वाले प्रशिक्षण में संस्कृत के साथ संस्कृति को भी प्रकाशनाएँ।	आप सभी के प्रेरणा से आगामी प्रशिक्षणों में संस्कृत के साथ संस्कृति भी प्रकाशित करें।
3	वह सम्मानित होगा ।	वह सुनेगा।
1	हितकारक पर दूसरा	भोजन करना
8	यदि ऐसा है तो शस्त्र श्ख्तर चलाने में और युद्ध में कुशल बड़ी लड़नेवाली ख जाना और अन्नादि साम्री सहित सेना यृद्ध के लिये भेजनी चाहिये।	इस प्रकार, युद्ध में चतुर, लिस्ता, कोष, धन आदि सामग्रियों से युक्त सेना को युद्ध के लिए भेजना चाहिए।
26	कार्यक्रम के बारे में सूचित करते हुए, चंपा जिले के वरिष्ठ संस्कृत शिक्षक अमरसेन ने कहा कि इस कार्यक्रम में भाग लेने से बड़ी खुशी हुई और कुछ महर्षिदानन्द की जनता के कल्याण के लिए और राष्ट्र के कल्याण के लिए किए गए कामों के बारे में विस्तृत वर्णन हुआ।	कार्यक्रम के बारे में सूचित करते हुए चम्बा जिले के वरिष्ठ संस्कृत शिक्षक अमरसेन ने कहा कि इस कार्यक्रम में भाग लेने से बहुत आनंद हुआ और कुछ महर्षिदानन्द के लोक कल्याण के लिए राष्ट्र कल्याण के लिए किए गए कार्यों के बारे में विस्तार से समझाया गया।
1	तराजू।	वस्त्र
15	आप कर्म न करते हुए भी कर्ता प्रतीत होते हैं, आप स्थिर होते हुए भी जाते हुए तथा श्रोता न होते हुए भी श्रोता और द्रष्टा न होते हुए भी द्रष्टा प्रतीत होते हैं ॥	हे कर्ता! तुम न जाते हो, न जाते हो, न सुनते हो, न सुनते हो, न देखते हो और न देखते हो।
7	बीच में स्थित सफ़ेद रंग सात्विकता और ईमानदारी का द्योतक है।	बीच में स्थित सफ़ेद रंग सात्विकता और शुद्धता का सूचक है।
6	तुम्हारी बहन भी विद्यालय नहीं जाती है"	तुम्हारी छोटी बहन भी विद्यालय नहीं जाती है।
5	पानी की बोतल भूल गया।	पानी की बोतल भूल गया।
4	सभी वाहन मालिक भयभीत हैं	सभी वाहन मालिक डर गए हैं।
4	अब सब जगह कूड़ादान दिखता है।	अब सब जगह कूड़ेदान दिख रहा है।
1	नाट्यालंकार में चतुर ।	नाट्यालङ्कार चोर
5	इन उपरोक्त सबकी विधिपूर्वक रक्षा करनी चाहिये ॥	उनकी विधिपूर्वक रक्षा करें।
1	शुभ समाचार	प्रिय कहने के लिए
8	वास्तव में शान्त पाँचों ही तत्व पृथ्वी, जल, अग्नि, वायु और आकाश धरती के योग-क्षेम (अप्राप्त की प्राप्ति और प्राप्ति की रक्षा) के लिए समर्थ कहलाते हैं।	वास्तव में शान्त ही पांच तत्व, क्षितिज जल के समान, समुद्र के समान, भूतल के योगों से उत्पन्न होते हैं।
12	इसके लिए केवल वैयाकरण ही समर्थ होता है, यथावत् विपरिणमय नहीं हो सकता।	इसके लिए केवल वायाकरण ही समर्थ है अवाकरण उन्हें उचित रूप से विकृत नहीं कर सकता है।
4	वे दोनों वहां स्नान करते हैं ।	वे दोनों वहाँ गाते हैं।
1	आदि से लेकर अन्त तक	पूर्वव्यापी
5	विशाल कुल में उत्पन्न होने से क्या, यदि मनुष्य विद्याहीन है	विद्या से रहित का देहधारी कुल विशाल है।
2	लोकनृत्य करते हैं।	लोक नृत्य करते हैं।
3	इस बीच तीन मुख्यमंत्री हैं	इस बीच तीन मुख्यमंत्री
19	कानोंसे सदा मनोहर राम नामका श्रवण करो और मनमें सदा तारक ब्रह्मका ध्यान करो, इस प्रकार प्राकृतशरीरके विनाशकालमें प्रत्येक स्त्री-पुरुषके कानोंमें कहते हुए, कोई काशीनिवासी जटाधारी (शंकर) वहाँकी गली-गली में चक्कर लगा रहा है	हे काशीवासी! जो कोई भी प्राणी अपने प्रिय प्राणियों के कान के मूलों पर जल पीकर, श्री राम के नाम की श्रव्य पुस्तक में, अपने लक्ष्य को, मन में निरन्तर तारा धारण करके, ब्रह्मरूप धारण करके, स्वाभाविक रूप से पैदा हुए प्राणियों के कान के मूलों में, गली में, गली में, गली में, गली में, गली में, गली में, गली में, गली में, गली में, गली में, गली में, गली में, गली में, गली में, गली में, गली में, गली में, गली में
1	छिक्का।	चोंच
11	वह जरनैल सिंहभिद््रावाला के पलौ खालिस्तानी हैं- आन्दोलन को आगे बढ़ाने का प्रयास कर रहा था।	वह जरनैल सिंह भिन्द्रवाला के पालक खालिस्तानी आंदोलन को आगे ले जाने का प्रयास कर रहे थे।
13	हे राम ! न मुझे विजय की आकाङ्क्षा है और न स्त्री सुख की ही आकाङ्क्षा है । भव बन्धन विमोचनी आपकी भक्ति ही में चाहता हूँ ॥	न राम की कोई विजय है और न ही दारसुख की। आपकी भक्ति सदा ही आपकी मुक्ति है॥
2	अर्थके लिए लालसा रखने वालों के लिए अर्थ धन	धन और जीविका का अर्थ
6	(वन का दृश्य। पास में ही एक नदी बह रही है।)	वन का दृश्य पास ही एक नदी बहती है।
1	पुत्र की अपेक्षा वाला	बेटी की देखभाल करने वाला
7	स्वयमेव कहा कि अतिथि व्यथा के बारे में लोगों में जागरूकता है।	खुद ही कहा कि अतिथि सत्कार के विषय में महिला दुर्बोध है।
6	ये ही मिलकर या अलग-अलग हमारे पर्यावरण को बनाते हैं।	उनके साथ मिलकर अलग-अलग हम अपना वातावरण बनाते हैं।
7	उस भारतीय युवक का नाम क्या है ?	उस भारतीय युवक का नाम क्या है?
1	उसके द्वारा	उसके द्वारा
6	गाँव के निकट एक सरोवर है।	गाँव के पास एक तालाब है।
4	वर के पैरों में हल्दी लगाती हैं।	वर के चरणों में हल्दी लिपटे हैं।
7	उसी प्रकार मनुष्यों का संघ (समूह) ही कुछ कर सकता है।	उसी प्रकार मनुष्यों का संघ इस प्रकार कुछ भी करने में समर्थ है।
6	तो शीघ्र स्नान करते हैं क्या ?	तो फिर जल्दी स्नान किया जाता है न?
14	वे उस विशाल स्वर्गलोक को भोगकर, पुण्यक्षीण होने पर, मृत्युलोक को प्राप्त होते हैं। इस प्रकार तीनों वेदों में कहे गये कर्म के शरण हुए और भोगों की कामना वाले पुरुष आवागमन (गतागत) को प्राप्त होते हैं।।	वे लोग उस स्वर्गलोक को भोगते हुए, बड़े-बड़े क्षीण पुण्यलोक को भोगते हैं। यही तीनों धर्मों से प्रपित होकर कामना के कारण यातायात पाते हैं।।
5	दीपावली के लिये भी वस्तुएँ खरीद रहे हैं	दीपावली पर्व के लिये भी वस्तुएँ खरीदते हैं।
8	परन्तु पुलिस इस विषय में कुछ नहीं बोलती है।	परन्तु पुलिस इस विषय में कुछ भी बोलने से इनकार करती है।
5	अनुचित कर्म का फल अनुचित ही होता है।	अनुचित कर्म का फल अनुचित ही होता है।
4	थोड़ा योगाभ्यास भी करिये।	थोड\u093Cा योगभ्यास भी करिये।
4	वह बुद्धिमान् ( इन्टेलीजेंट ) है ।	वह मेधावी है।
10	श्री विश्वामित्र जी राम और योगमाया से संयोग कराने हेतु आए हैं। हे राजन् ! यह अत्यंत गोपनीय रहस्य किसी भी समय किसी के समक्ष नहीं कहना चाहिए ॥	यह गुप्त बात कहने के लिए विश्वामित्र भी राम के पास आया था।
1	बग़ीचों में।	उद्यानों में।
4	वह पैदल चल रही होती है ।	वह पैदल चलती है।
10	उन्होंने कहा कि अपना वीरभद्रसिंह ने राज्य में धर्मान्तरण से विरोध करने का विधेयक लाया था।	उन्होंने कहा कि अपने वीरभद्र सिंह ने राज्य में धर्म परिवर्तन के खिलाफ विधेयक लाया था।
3	मत जाओ ।	मत जाओ।
10	क्या भूल जाते हो कि कौआ काला है, कोयल काली है। कौआ और कोयल में क्या भेद है।	क्या भूल जाता है कि-कौआ काला है, कोयल काली है, कोयल का क्या भेद है?
18	जी.एस-20वें उच्च शिखर सम्मेलन से पहले नई दिल्ली में भारतीय प्रधान मंत्री नरेंद्र मोदी के साथ चर्चा के बाद जारी संयुक्त प्रस्ताव में बाइडेन का सहयोग प्रस्ताव शामिल था।	जी-20 उच्च शिखर सम्मेलन से पहले नई दिल्ली में भारत के प्रधानमंत्री नरेंद्र मोदी के साथ चर्चा के बाद जारी संयुक्त प्रस्ताव में बैडन का सहयोग प्रस्ताव था।
9	मन को हरने वाले फूलों को देखकर दुःखित मनुष्य का मन भी प्रसन्न हो जाता है।	मनोहर फूलों को देखकर दुःखी मनुष्य का मन भी प्रसन्न होता है।
12	उन्होंने कहा कि दिसंबर में चूड़धार में भारी बर्फबारी के कारण तापमान शून्य से कम है।	उन्होंने कहा कि दिसंबर में चूड़धार में भारी बर्फबारी के कारण तापमान शून्य से कम है।
5	शयुन भाषा में''श''उन्होंने यह अक्षर स्वीकार किया।	शायुन भाषा में "श" इस अक्षर को लिया।
1	वायुरहित	हवा को
3	घड़ा कैसे भरता है?	घड़ा कैसे भरता है?
5	दूध पसन्द नहीं है क्या ?	दूध पसंद नहीं है क्या?
10	व्याकरण एक कठिन विषय है फिर भी उनके व्याख्यान में पतञ्जलिना की शैली संवादात्मक थी।	व्याकरण कठिन विषय है फिर भी उनके व्याख्यान में पतंजलि द्वारा प्रयुक्त शैली संवादात्मक है।
1	घुंघरू	चींटी
1	जाता है	जाता है।
13	भावि-प्रधानमंत्री ने परीक्षा पर ध्यान केंद्रित किया कि छात्र बहुत से प्रश्नों के उत्तर लिखने का अभ्यास करें।	भविष्य की-परीक्षा के बाद प्रधानमंत्री ने कहा कि छात्र अत्यधिक प्रश्नों के उत्तर लिखने का अभ्यास करें।
9	इसके अतिरिक्त, पटियालाबस्ती में पांचों गाँवों के धर्म के विरोधी लोगों को सामुदायिक कल्याण के लिए 2 लाख रुपये का दान किया गया है।	इसके अलावा, ग्राम पंचायत धर्मशाला में पटियाला बस्ती में सामुदायिक भवन के लिए 2 लाख रुपये का भुगतान किया गया है।
8	भूकंप का केंद्र चंबा शहर में भूपृष्ठ से किलोमीटर दूर था।	भूकंप का केंद्र चम्बा शहर में सतह से किलोमीटर नीचे था।
1	पीसना	पीस
8	इसी प्रकार क्षणभर में उन्होंनेन्हों का रोमांचक युद्ध हुआ।	इसी प्रकार एक मुहूर्त तक उनका रोमहर्षण तुम्हारा युद्ध हुआ।
4	इसके बाद तपस्या करता हुआ तपोदत्त प्रवेश करता है)	तपस्वी तपदत्त वहाँ से प्रवेश करता है।
3	गायें बन में चरा।	गा वन में चराइये।
7	संस्कृत फ़िल्म के निर्माता और निर्देशक को बहुत बहुत धन्यवाद ।	संस्कृत-चलचित्र के निर्माता और निर्देशक को बहुत धन्यवाद।
10	उभय सदनों के कार्य को सुचारु रूप में सुनिश्चित करने के लिए आज नई दिल्ली में सर्वदलीय बैठक की घोषणा की गई।	दोनों सदनों में सुचारु रूप से कार्य सुनिश्चित करने के लिए आज नई दिल्ली में सर्वदलीय बैठक बुलाई गई।
11	सूचना के अनुसार, आपदा में पंकज कुमार(२५) पिछले दो साल पटना में गयाघाट के शनिमन्दिर के पास रहा था।	सूचना के अनुसार, भभुआ निवासी पंकज कुमार (25) पिछले दो वर्षों से पटना के गयाघाट में शनि मंदिर के पास रहते थे।
9	सभी लोगों से कल्याणकारी पवित्र वाणी बोलूँ	महापराक्रम और वीरता से युक्त मनुष्य संगठित रहे।
4	लक्ष्मी शुद्ध किस तरह होती है?	लक्ष्मी शुद्ध कैसे होती है?
6	उसके बच्चे अनंतनाग में ही पढ़ते थे	उसके बच्चे अनंतनाग में ही पढ़ते थे।
11	सभा में भारत के पूर्वोत्तर क्षेत्र के केंद्र सरकार मंत्रालयों, कार्यान्वयन संस्थानों और राज्य सरकारों के प्रतिनिधियों के साथ भाग लिया गया।	सभा में भारत के पूर्वोत्तर क्षेत्र के केंद्रीय सरकार मंत्रालयों, कार्यान्वयन संस्थानों और राज्य सरकारों के प्रतिनिधियों ने भाग लिया।
3	देवदत्त कुआँ खोदता है	देवदत्त कुएँ को खोदता है।
7	पुरुष बोला- उसका स्वामी स्वयं भी अन्याय करनेवाला है।	पुरुष ने कहा-उसका स्वामी स्वयं अन्याय में प्रवृत्त है।
26	क्रोधित भीम ने कहा कि अब जब तक वह कीचकारी कुछ कहेगा या दुबला करेगा तब तक तुम उस कीचकारी को इस प्रकार कहोगे कि "अर्धरात्री को नाट्यगृह में आकर मेरे साथ मिलना करो।"	क्रोधित भीम ने कहा कि अब जब भी वह कीचड़ कुछ बोल रहा है, या दुर्व्यहार कर रहा है तब उस कीचड़ को तुम यह कह रहे हो कि "आधी रात को नाट्यगृह आकर मेरे साथ मिलो।"
5	काशी विश्व का प्राचीनतम नगर है।	काशी विश्व का प्राचीनतम नगर है।
1	संस्कार	संस्कार
2	उसका लड़का	उसका पुत्र
10	और मेरी पूजा सत्कार के अनन्तर सुखपूर्वक बैठकर प्रसन्नचित होकर मुझसे बोले हे राजन् । एक गुप्त बात सुनो, यह आपका अभ्युदय करनेवाला है ॥	सुखपूर्वक पूजित होकर उन्होंने मुझसे कहा-- हे अनघ! सुनो, तुम्हारे उदय का कारण गुप्त वचन है॥
3	श्रुति संस्कृत गाने गाती है।	श्रुति संस्कृत गीत गाती है।
9	मुख्यमंत्री सुक्ख बोला कि केंद्र सरकार की पहल जल प्रदूषण का विरोध कर रही है।	मुख्यमंत्री सुक्ख बोला कि केंद्र सरकार के उपक्रम जलोपकर का विरोध कर रहे हैं।
11	श्री विश्वामित्र जी ने पूजनीय रघुनन्दन का पूजन कर, गोद में बैठाकर भक्तिपूर्वक प्रेमाश्रु से पूर्ण हो आलिंगन किया ॥	तब विश्वामित्र जी की पूजा करने लगे। तब श्रीरघुनाथ जी की गोद में बैठे हुए भक्तिभाव से उनके चरणारविन्दों की पूजा करने लगे॥
1	उत्कृष्ट	उत्कृष्ट
6	माँ उसके लिए कपड़े देती है।	माँ उसके लिये वस्त्र देती है।
6	लेखन कौशल के विकास से छात्रों के ज्ञान क्षेत्र विस्तृत हो जाता है।	लेखन कौशल के विकास से छात्रों का ज्ञान क्षेत्र व्यापक हो जाता है।
9	इसके बाद चम्मच शर्मा और हेमन्त ने तीखा गेंदा फेंका।	परन्तु उसके बाद चमन शर्मा और हेमन्त ने तीखे कन्दूक्षेपण किया।
9	यह गृह मंत्री ए नमस शिवाय, शिक्षा मंत्रालय के एक अधिकारी थे, जिन्होंने विधानसभा में इस मुद्दे को उठाया था।	शिक्षा मंत्रालय के अधिकारी गृह मंत्री ए नमश्व ने विधानसभा में यह मुद्दा उठाया।
1	मद में	मेरे
11	पूर्वभाजपा सरकार ने अनेक कांग्रेस नेता, नेताओं और कार्यकर्ताओं के खिलाफ मिथ्याप्रकरण कर रहे हैं, नेता ने कहा।	पूर्वभाजपा सरकार ने अनेक कांग्रेस नेताओं और कार्यकर्त्ताओं के खिलाफ झूठे मामले दर्ज किये हैं, नेताओं ने कहा।
1	दुर्बलता	कमजोरी
7	और उस यात्रा में ग्यारह कोटि लोगों को साथ ले जाया गया है।	इसके बाद इस यात्रा में ग्यारह करोड़ लोगों ने भाग लिया।
38	यहां जो कोई भी वर्णीय या धर्म केप्रदाय का अनुयायी होगा, यदि वह भारत में भारत के लिये रहते तो, अपने आश्रय के भक्ति से युक्त जीवन को भारत सेवा और उन्नति में जोड़े, यहाँ संस्कृति, शास्त्र, देवताओं की भाषा को संरक्षित करने और बढ़ाने के लिए प्रयत्न करता है, तो वहकृतार्थ भारत पुत्र के समान है। चञ्चलट के चित्त में इसकी आध्यात्मिक एकता की भावना है, उस देश का गौरव छिपा हुआ है।	यहाँ जो कोई भी वर्ण या धर्म सम्प्रदाय का अनुसरण करता है, यदि वह भारत में भारत के लिए रहता है, अपने श्रद्धाभक्तियुक्त जीवन को भारत सेवा और उन्नति में संलग्न करना चाहिए, यहाँ संस्कृति, शास्त्र, देव भाषा की रक्षा और बढ़ने के लिए प्रयास किया जाता है, तो वह भारत के पुत्र के रूप में प्रकृति के लिए कहा जाता है। चिचक्ति के इस आध्यात्मिक एकता में हमारे देश का गौरव छिपा हुआ है।
3	प्रातःकाल व्यायाम किया	सुबह व्यायाम किया
7	प्रतिव्यक्ति आय 2,35,199 रुपए की अनुमानित है।	प्रतिव्यक्ति आय का अनुमान रुपये है।
10	हिमाचल-संस्कृत-अकादमी के सचिव डॉ. केशवानंद कौशल ने सभी विशिष्ट अतिथियों एवं विद्वानों का स्वागत किया।	हिमाचल-संस्कृत-अकादमी के सचिव डॉ. केशवानंद कौशल ने सभी विशिष्ट अतिथियों और विद्वानों का स्वागत किया।
3	लोगों को प्रवृत्त करने के लिए अच्छा समय है।	शीघ्र ही व्यक्त कीजिये।
3	साढ़े चार बजे हैं	साथ चतुर बजाना
10	पीताम्बर दत्त की इच्छा थी कि सभी विषयों का ज्ञान हिन्दी भाषा में पढ़ाया जाए।	पीताम्बर दत्त की इच्छा थी कि सभी विषयों का ज्ञान हिन्दी भाषा में पाठ हो।
16	वह सरकार के सदस्यों और विपक्ष के साथ मिलकर बीजली महादेव- रज्जु मार्ग के खिलाफ विरोध करने वाले लोगों को रोकने के लिए आह्वान किया।	उन्होंने सरकार के सदस्यों और विपक्ष को मिलाकर बीजली महादेव-उन्होंने रस्सी के मार्ग के खिलाफ विरोध कर रहे लोगों को प्रत्यक्षीकरण करने का आह्वान किया।
10	आज भोजन में चावल, दाल, सब्जी, पापड़ और खीर है।	आज भोजन में भात, दाल, सब्जी, पापड़ और खीर है।
1	रहती है	रहना
4	तुम्हारा भांजा संस्कृत पढ़ेगा।	तुम्हारा भतीजा संस्कृत पढ़ेगा।
12	इन सभी चीजों को देखकर राज्यचिकित्सा एजेंसी जनवरी से कृष्ण वर्ण की चिह्न रखकर विरोध करेगी।	इन सभी वस्तुओं को देखकर राज्य चिकित्सा अधिकारी जनवरी से काले रंग का चिह्न पहनकर विरोध करेंगे।
4	वह कमण्डल में दूध ले जाता है ।	वह करम्बल में दूध ले जाता है।
12	उनका पूरा नाम शिवाजी राजे भोसलें था, उन्हें छत्रपति उपाधि प्राप्त हुई।	उनका पूरा नाम शिवाजी राजे भोसले था, उन्हें छत्रपति का उपाधि प्राप्त हुई।
5	दस छात्रों ने विविध गीत गाए।	दस छात्रों ने विविध गीत गाए।
10	जब अपने मन का उदय होता है तब सभी उदय होते हैं।	जब अपना मन उदय होता है तब सब उदय होते हैं।
4	उनके ऊपर आवरण लगाता है।	उनके ऊपर आवरण लगाता है।
17	इस वर्ष का''मांडलकाले''सबरीगिरि के श्री धर्मशास्त्री मंदिर में कन्नूर जिले के तलिप्परम्पा क्षेत्र के मूल निवासी के जयारामन नाम्पुतिरी-48 वयस्क-वह मुख्य पुजारी होंगे.	इस वर्ष का "मंडलकाल" सबरीगिरी श्री धर्मशास्त्र मंदिर में कन्नूर जिले के तलीपरम्प क्षेत्र के के जयरामन नंबुतीरी-48 वयस्क-पुजारी मुख्य होंगे।
4	मैं उसे नहीं जानता हूँ	मैं उसको नहीं जानता हूँ।
7	विषयों का चिन्तन करने वाले पुरुष की उसमें आसक्ति हो जाती है? आसक्ति से इच्छा और इच्छा से क्रोध उत्पन्न होता है।।	जो पुरुष विषयवस्तुओं का ध्यान करता है, उसके शरीर में आसक्ति उत्पन्न होती है, उसके शरीर में आसक्ति उत्पन्न होती है और काम का क्रोध उत्पन्न होता है।।
17	मंत्रालय ने प्रतिपादित किया है कि अनुसंधान एक स्पष्ट रूप से पृथ्वी के कारण से ऑटोमोबाइल क्षेत्र के सामने आ रहा है, इस क्षेत्र से विकासमुखी-प्रतिस्पर्धी निर्माण की संभावना अधिक होगी	मंत्रालय ने प्रतिपादित किया है कि संशोधन अधिक स्पष्ट रूप से भूतमात्र के कारण से ऑटोमोबाइल क्षेत्र को आगे बढ़ा रहा है, इस क्षेत्र में विकास की ओर उन्मुख है-प्रतिस्पर्धी निर्माण की संभावना अधिक होगी।
8	रेलवेस्टेशन से घर जाकर वह भाई के साथ अल्पाहार करेगी।	रेलवे स्टेशन से घर जाकर वह भाई के साथ नाश्ता करेगी।
5	(प्रसन्न होकर वह गाय की बहुत सेवा करता है)	(खुश वह गाय की बहुत सेवा करता है)
16	उन्होंने कहा कि यह पद्धति बहुत कम है, उसका खर्च हर पल केवल रुपये ही होता है।	उन्होंने कहा कि यह पद्धति बहुत छोटी है, उसका खर्च प्रतिलोमीटर केवल रुपये होता है।
6	दीपिका –हाँ मुझे भी सबने बुलाया।	दीपिका-हाँ मुझे भी सबने बुलाया।
7	संस्कृत में शोध शब्द का प्रयोग नहीं किया गया है।	संहिताओं और महाभाष्य में शोध शब्द का प्रयोग नहीं किया गया है।
10	कार्यशाला में आचार्यराधेश्याम, आचार्य मनोज, प्रवीण और दीपिका स्रोतपुरुष के रूप में उपस्थित होंगे।	कार्यशाला में आचार्यराधेश्याम, आचार्य मनोज, प्रवीण, और दीपिका स्रोतपुरुष के रूप में उपस्थित होंगी।
9	हाल ही में रिपोर्ट आई थी कि वैश्विक समुद्री जल छत्रछाया में वृद्धि का असर द्वीप देशों पर पड़ेगा।	हाल ही में एक रिपोर्ट आई है कि द्वीप राष्ट्र दुनिया भर में समुद्री जल प्रदूषण को बढ़ा सकते हैं।
8	उस युद्ध में बदलूराम नाम का एक सैनिक वीरगति को प्राप्त हुआ।	उस युद्ध में बदलूराम नाम के एक सैनिक को वीरगति प्राप्त हुई।
15	सुजुकी मोटर कार्पोरेशन, रिलायंस-इण्डस्ट्रीज, अदनी-समूह, और आर्सेलर मित्तल के साथ-साथ हरित विकास क्षेत्र में निवेश के बारे में चर्चा की गई।	सुजुकी मोटर कॉर्पोरेशन, रिलायंस-इण्डस्ट्रीज, अदानी-समूह, और आर्सेलर मित्तल ने हरित विकास के क्षेत्र में निवेश के बारे में चर्चा की।
9	अर्थ क्षायिक सम्यकत्व, अनन्तज्ञान, अनन्तदर्शन, अनन्तवीर्य, सूक्ष्मत्व, अवगाहनत्व, अगुरुलघु और अव्याबाध सुख-ये-आठ गुण सिद्धों के होते हैं ॥	हे अग्रुलु! हम आठ गुणों से सिद्ध सिद्ध हुए हैं।
17	पिछले दिनों रायपुर में केंद्रीय अवलोकनकर्ताओं के अर्जुन मुंडा-सरबंद सोनोवाल-दुष्यन्त कुमारगौतम के सामने भाजपा-दल के नवनिर्वाचक चार-पांच विधायकों की बैठक में विष्णुदेव विधायक-दल का नेतृत्व करने के लिए चुना गया.	पिछले दिन रायपुर में केंद्रीय पर्यवेक्षकों के अर्जुनमुंडा-सर्बानंद सोनोवाल-दुष्यन्त कुमारगौतम के सामने भाजपा-दल के नवनिर्मित चार-पांच विधायकों की बैठक में विष्णुदेव विधायक-दल के नेता के रूप में चुने गए।
11	आचार्य शालिनी दीक्षित ने वहां उपस्थित विद्यार्थियों को बड़े ही रोचक ढंग से संस्कृत में परिचय पढ़ाया।	आचार्य शालिनी दीक्षित ने वहां उपस्थित छात्रों को अत्यंत रोचक तरीके से संस्कृत में परिचय पढ़ाया।
3	तुम फूल लाते हो	तुम फूल लाते हो।
1	इंद्र	तोरशा
5	''प्रभो! तुम एक सत्य संकल्पवाली हो।	हे भगवन्! तुम सत्य संकल्पवाला हो।
9	पार्वती मन, वाणी और कर्म से तपस्या करती थी।	पार्वती मन, वाणी और कर्म से तपस्या ही करती थी।
20	युवाकविसम्मेलन, ज्योतिषसम्मेलन, संस्कृत महोत्सव, गीता जयंती महोत्सव जैसे कार्यक्रमों द्वारा देश के विभिन्न राज्यों में संस्कृत प्रेमियों और छात्रों को संस्कृत भाषा के वैज्ञानिक, वे आध्यात्मिक और धार्मिक महत्व को समझाने के लिए लगातार प्रयासरत हैं।	युवा सम्मेलन, ज्योतिष सम्मेलन, संस्कृत महोत्सव, गीता जयंती महोत्सव जैसे कार्यक्रमों के माध्यम से देश के विभिन्न राज्यों से संस्कृत प्रेमियों और छात्रों के लिए संस्कृत भाषा का वैज्ञानिक, आध्यात्मिक और धार्मिक महत्व समझाने के लिए लगातार प्रयास किए जा रहे हैं।
1	वैसा	इसीलिए ऐसा।
11	जब वे दोनों सहायता के लिए श्रीकृष्ण के शय्या पर पहुँचे तब वह सो गया।	जब वे दोनों मदद के लिए श्रीकृष्ण के बेडहाउस पहुंचे तब वे सो रहे थे।
9	मालिनी – परंतु यह तो कम उम्र की दिखाई देती है। क्या काम करेगी यह?	मालिनी-परमेशा तो छोटी लगती है। क्या काम करेगी?
5	उसके बाद चित्र बनाऊँगा।	पुत्र-उसके बाद चित्र बनाऊँगा।
7	रात में फटे दूध में गुड मिलाकर मैंने खा लिया।	रात में दूध के छिलके में गुड़ मिला कर मैंने खाया।
10	फल के प्रभाव से सूर्य बादलों में छिपा हुआ है, संध्या की घड़ियाँ बना दी गई हैं।	परिणामस्वरूप सूर्य मेघों में छिपा हुआ हो गया और सन्ध्या का भ्रम बन गया।
9	जो व्यक्ति संतोषरूपी अमृत से तृप्त है, मन से शांत है, उसे जो सुख प्राप्त होता है, वह धन के लिए इधर-उधर दौड़-धूप करने वाले को कभी प्राप्त नहीं होता।	जो सुख अमृत से तृप्त लोगों को और शान्तचित्त लोगों को सुख देता है, वह सुख धन के लोभ से प्राप्त नहीं होता है।
5	फिर जमींदारों का साम्राज्य छिन्न-भिन्न हो गया।	इसके बाद जमींदारों का राज्य टूट गया।
7	तुम्हारे बिना मेरा जीवन दूभर है।	तुम्हारे बिना मेरा जीवन कठिन है।
8	आपके द्वारा क्षोभित होने पर महत्तत्व उत्पन्न होता है। आपकी प्रेरणा से ही महत्तत्व से अहंकार उत्पन्न होता है। महत्तत्व से संवृत अहकार तीन प्रकार का हुआ, वह सात्विक, राजस ओर तामस कहा जाता है। ॥	तुम्हारे द्वारा संघ के द्वारा उस महत्त्व को उत्पन्न किया जाता है। तुम्हारे द्वारा महत्त्व का अहंकार उत्पन्न हुआ।
4	कल मत आईये ।	कल मत आओ।
6	माता – आज सेव ही लाओ ।	माता-आज सेव ही लाओ।
9	यहाँ वह केंद्रीय मंत्रियों, दल के शीर्ष नेताओं से मिल सकता है।	यहाँ वह केंद्रीय मंत्रियों और दल के शीर्ष नेताओं से मिल सकता है।
1	चाहते हो	चाहता है।
4	विभा के घर में हवन है।	विभा के घर यज्ञ है।
7	जब वह क्रोध करती है तब दर्शक भी क्रोध करते हैं।	जब वह क्रोध करती है तब दर्शक भी क्रोध करते हैं।
3	ओह, पसीना.	ओह, पसीना......
11	जिस घर में हल रोज बिना कारण झगडा हो, जीवित रहने की इच्छा वाले को उस घर को दूर से ही छोड देना चाहिए।	इससे जहाँ घर में लड़ाई-झगड़े का नित्य कारण होता है, उस घर को जीवन की इच्छा से दूर से घूमना पड़ता है।
6	अरे भूल गयी। नमक लो।	ओह भूल गई नमक ले लो।
1	ऊन बेचने वाला	योजना
8	अंत में सौ लोग भण्डार में प्रसाद रूप में खिचड़ी का सेवन करते थे।	अंत में सैकड़ों लोग भण्डार में प्रसाद के रूप में खिचड़ी खाते थे।
5	इस संबंध में भारतीय फार्मास्युटिकल टीम ने नई गाइडलाइंस जारी की हैं.	इस संबंध में भारतीय मेडिकल टीम ने नए निर्देश जारी किए हैं।
6	उसने प्रधानमंत्री को अपना-अपना सन्देश भी दिया.	उन्होंने प्रधानमंत्री को अपना-अपना संदेश भी दिया।
15	जब उन्होंने पापमुक्ति का उपाय नहीं देखा, तब ब्रह्म के पास जाकर उसने सारी घटना सुनायी।	जब उसने पापमुक्त्य का उपाय कहीं भी नहीं देखा, तब ब्रह्म के पास आकर उस सभी प्रवृत्त घटना को सुना।
3	पश्चात् उस केंकड़े ने यह सुनकर अन्य जल निवासियों को भी उसका भाषण निवेदन किया ।	वहाँ से उसने निवेदन किया
10	मित्र बोला - वही अधिक हितकारी है । "कौन-सा तुम्हारा  वैद्य है ?"	वृद्ध ने कहा-ठीक है। वैद्य करता है। "
9	यह विभाग दुर्गति में बर्फबारी से पहले और बाद में मार्गों में कैल्शियम क्लोराइड को सींचता है।	यह विभाग बर्फबारी से पहले और बाद के मार्गों में कैल्शियम क्लोराइड सींचता है।
3	स्वदेशी टमाटर लाया हूँ।	स्वदेशी लाल फल लाए।
4	वह पैदल चल रही होती है ।	वह पैदल चलती है।
1	होने पर।	बढ़ता है।
1	पी	पीना
3	मिलना	सम करना
7	दूर के क्षेत्रों में टीकाकरण अच्छा नहीं किया जाता है।	दूरदराज के क्षेत्रों में टीकाकरण अच्छी तरह से नहीं किया जाता है।
6	यहाँ मनुष्य प्रतिदिन अन्न खाता है।	यह मनुष्य प्रतिदिन अन्न खाता है।
3	रामेश्वर घूमने के लिये निकला।	रामेश्वर घूमने के लिये निकला।
2	देवदत्त पूजा करता है	देवदत्त पूजा करता है।
1	निन्दा से।	क्रोध से।
19	कार्यक्रम के उद्देश्यों को सूचित करते हुए संगोष्ठी संयोजक इतिहास विभाग के प्रभारी डॉ. राकेश कुमार शर्मा, जनरल जोरावर सिंह और उनके व्यक्तित्व के कार्यों के विषय में अपने विचार प्रस्तुत किये।	कार्यक्रम के उद्देश्यों के बारे में जानकारी देते हुए संगोष्ठी संयोजक इतिहास विभाग के प्रभारी डॉ. राकेश कुमार शर्मा ने सामान्य जोरावर सिंह के व्यक्तित्व और कार्यों के बारे में अपने विचार व्यक्त किये।
9	बड़ों का अभिवादन करने वाले मनुष्य की और नित्य वृद्धों की सेवा करने वाले मनुष्य की आयु, विद्या, यश और बल ये हमेशा बढ़ती रहती है।	जो अभिवादन करने वाला है, उसकी नित्य वृद्ध सेवा करने वाला है, उसकी आयु में चार प्रकार की वृद्धि होती है, यशबल है।
4	हम संस्कृत में समर्थ हो जाएँगे।	हम संस्कृत में सक्षम होंगे।
9	इसके अलावा विधानसभा क्षेत्र में सुरक्षा व्यवस्था को मजबूत करने के लिए सीसीटीवी-ड्रोन-यन्त्रों का उपयोग होगा।	इसके अलावा विधानसभा सचिवालय में सुरक्षा व्यवस्था को सुव्यवस्थित करने के लिए सीसीटीवी-ड्रोन-यन्त्रों का उपयोग किया जाएगा।
5	संभाषणशील व्यक्ति प्रिय होता है।	बात करने वाला प्रिय हो जाता है।
1	करना	करता है
4	बगीचे में हम वृक्ष गिनते हैं।	उद्यान में हम वृक्ष गिनते हैं।
22	राहुल ने बिहार से एक लाल रंग की गाड़ी में उत्तर प्रदेश में प्रवेश किया- अंदर-महाविद्यालय के प्रांगण-स्थल में जनसभा को संबोधित करते हुए कहा कि सीमा पर पहुंचकर ही वह यूपी में आ गया था।	बिहार से लाल रंग के वाहन में उत्तर प्रदेश में प्रवेश करके राहुल राष्ट्रीय-अंदर-कॉलेज के आँगन-स्थल पर जनसभा को संबोधित करते हुए उन्होंने कहा कि सीमा को प्राप्त करके ही वह उत्तर प्रदेश-यह पता चला कि वह शहर आ गया है।
8	हाँ देखिये , मैं आदर्श पाठशाला का छात्र हूँ।	हाँ देखो, मैं आदर्श पाठशाला का छात्र हूँ।
13	इसलिए आधुनिक भाषाविद् और वैज्ञानिकों का कहना है कि यही समय है जब संस्कृत और पाणिनीय का व्याकरण एक साथ शामिल हो रहा है।	आधुनिक भाषाविद् और वैज्ञानिक कहते हैं कि संस्कृत और पाणिनि व्याकरण कंप्यूटर के लिए सबसे उपयोगी हैं।
9	राज्यसभा में वित्त मंत्री अंशकालिक-वित्त-सभा के पटल पर संकल्प पत्र का एक प्रतिस्थापन स्थापित किया गया।	राज्यसभा में वित्त मंत्री द्वारा अंशकालिक-वित्त-संकल्पना प्रपत्र की एक प्रति सदन की पटल पर रखी गई।
20	सियार- स्वामी, जहाँ वह धूर्त औरत है वहाँ चलिए। हे बाघ! फिर वहाँ जाने पर वह सामने यदि स्थित रहती है तो तुम्हारे द्वारा मार दिए जाने योग्य हूँ।	जम्बूक-हे स्वामी! वह ठग जहाँ है वहाँ जाये। बाघ! तुम्हारे वहाँ फिर से जाने के बाद वह सामने देखती है यदि, तो तुम्हारे द्वारा मुझे मारा जाना चाहिए।
3	मुट्ठी पीनेवाला बच्चा मूट्ठी चूस रहा है।	चूहा मुट्ठी उठाता है।
1	चिल्लाहट।	रोना
8	दक्षा – बढ़िया , तुम मेरी मित्र हो ।	दक्षा-शोभनम्, तुम मेरे मित्र हो।
6	स्वावलम्बन सतत अपने आत्मविश्वास को बढ़ाता है।	स्वावलंघन निरन्तर अपने आत्मविश्वास को बढ़ाता है।
10	हे केशव ! मैं शकुनों को भी विपरीत ही देख रहा हूँ और युद्ध में (आहवे) अपने स्वजनों को मारकर कोई कल्याण भी नहीं देखता हूँ।	हे केशव! मैं कारणों को और विपरीत कारणों को देखता हूँ, और अपने भाई की महानता को मारकर मैं किसी भी प्रकार का कल्याण नहीं देखता हूँ।।
16	यमुनातीरपर क्रीडा करनेवाले, चन्द्रकान्तिसे युक्त, दयालु, केशिदैत्यके बल और प्राणोंको हरनेवाले, वककुलके नाशक, कालियनागको उत्साहपूर्वक दण्ड देनेवाले, काव्य और नाटकोंमें वर्णित चरित्रवाले, कौरवोंके संहारक, हरिहरस्वरूप, करुणापूर्ण कर्म करनेवाले और अनायास ही सब कार्योंके कर्ता कृष्ण मुझपर कृपादृष्टि करें ॥	कालीन्दिकुल्लेयी, कललित कुमार, कुमुदिका, कान्तिका, कृपण, केशिक्रान्त, सुन्दर, वाकु कुलकला, कालियाकालनोत्क, काव्यकण्ठक, कुरुकुलकर्ण, कलङ्कठीकृत अङ्ग, कृष्ण, कृपणता, कृपणता, कृपणता, कृपणता, कृपणता, कृपणता, कृपणता, कृपणता, कृपणता, कृपणता, कृपणता, कृपणता, कृपणता, कृपणता, कृपणता, कृपण
5	बालक द्वारा पुस्तक दिया जाने वाला होगा।	बालक को पुस्तक देनी होगी।
9	रघुनाथपुर विश्व हिंदू परिषद के प्रांत अध्यक्ष लेखराजा को निमंत्रण देने के लिए कुल्लू में रघुनाथपुर पहुंचे।	रघुनाथपुर विश्व हिंदू परिषद के प्रांत अध्यक्ष लेखराज ने निमंत्रण देने के लिए कुल्लू रघुनाथपुर पहुंचे।
6	तो अब मैं विद्या प्राप्त करने के लिए गुरुकुल जाता हूँ। (प्रणाम करता हुआ चला जाता है)	तब से विद्या पढ़ने के लिए गुरुकुल ही जाता हूँ। (सप्रण जाता है)
5	किसकी माँ समाजसेवा करती है ?	किसकी माँ समाजसेवा करती है?
15	यह आरोप है कि दोनों कूट-पत्र के आधार पर विभाग के कोष से तेईस से अधिक दो सौ-सौ रुपये के लेन-देन और अन्य संरक्षण-कूट-उन्होंने बैंक में किया।	आरोप है कि दोनों ने कूट-पत्र के आधार पर विभाग के कोष से तीस से अधिक दो सौ रुपये का हस्तांतरण एक अन्य संरक्षण-कूट-बैंक में किया।
5	गुरु वाणी से ही उपदेश देते हैं ।	गुरु वाणी से ही उपदेश देते हैं।
4	हम लोग कार्य करते हैं।	हम लोगों के द्वारा कार्य किया जाता है।
5	हीरजीभाई ने बाबासाहेब अम्बेडकर का जीवनदर्शन समझाया।	हीरजी भाई बाबासाहेब अम्बेडकर के जीवन दर्शन को समझाया।
5	ज्ञान हेतु पढ़ता है।	ज्ञान के कारण स्वाध्याय करता है।
8	वेदों में रामायण जैसे वैदिक और धर्मनिरपेक्ष पुराण शामिल हैं।	वेद वैदिक रामायण आदि पुराण और लौकिक हैं।
5	आज से संस्कृत सप्ताह शुरू हो रहा है।	आज से संस्कृत सप्ताह शुरू हो रहा है।
10	तुम एकमात्र सत्यस्वरूप हो, सबका आधार हो, कुछ भी स्वयं निराधार हो ।	तुम एकमात्र सत्यस्वरूप हो, सबका आधार हो, कुछ स्वयं निराधार हो।
5	परन्तु वह स्थगित हो गया।	परन्तु वह निलंबित हो गया।
2	कार्यक्रम का उद्घाटन ।	कार्यक्रम का उद्घाटन।
5	जेल में बहुत प्रताड़ना पाई।	जेल में बहुत अत्याचार हुए।
4	इस समय मैं भूखा हूँ ,अब मैं तुम्हें खाऊंगा ।	अब मैं तुम्हें खाऊँगा।
4	गुरु ने शिष्य से दरवाजा खुलवाया।	गुरु ने शिष्य के साथ दरवाजा खोला।
4	विभा के घर में हवन है।	विभा के घर यज्ञ है।
8	प्रजापति (सृष्टिकर्त्ता) ने (सृष्टि के) आदि में यज्ञ सहित प्रजा का निर्माण कर कहा इस यज्ञ द्वारा तुम वृद्धि को प्राप्त हो और यह यज्ञ तुम्हारे लिये इच्छित कामनाओं को पूर्ण करने वाला (इष्टकामधुक्) होवे।।	तत्पश्चात् प्रजाओं के साथ यज्ञ करके प्रजापति ने कहा-- हे पार्वति! इस प्रकार उत्पन्न होने पर तुम अपनी कामनाओं को प्रकट करो।।
3	सबकी निमंत्रणपत्रिकाएँ हैं।	सबके निमंत्रण पत्र हैं।
4	आत्मविचार का अभ्यास कितना समय करना चाहिए?	आत्मविचार का अभ्यास कितना समय करना चाहिये?
4	द्वावेव उत्तराखंड का गौरव है।	दो ही उत्तराखंड का गौरव है।
11	क्योंकि पारस्परिकी ईर्ष्या, द्वेष, वैमनस्य, झगड़े, और हिंसा आदि से विश्व मौसम अस्तव्यस्त हो रहा है।	पारस्परिक ईर्ष्या, द्वेष, द्वेष, कलह, हिंसा इत्यादि के कारण विश्व वातावरण अशांति का कारण बनता है।
11	जहाज का लक्ष्य दक्षिण अफ्रीका से प्रस्थान करने के बाद नीदरलैंड पहुंचना और नाइजीरिया में कच्चे तेल से ईंधन भरना है।	समुद्री जहाज का लक्ष्य दक्षिण अफ्रीका से निकलकर नाइजीरिया में क्रूडोइल ईंधन भरकर नीदरलैंड तक पहुंचना है।
8	हे वैदे! यहाँ महर्षि शरभङ्ग का महान् आश्रम दिखाया जा रहा है।	हे वैदेहि! यहाँ महर्षि शरभङ्ग का महान् आश्रम दिखता है।
3	मैं सीढ़ियों से चढ़ा।	मैंने सीढ़ियों से चढ\u093Cा।
7	उन्होंने कहा कि समूह शक्ति देश को सफलता के शीर्ष पर ले जाएगा।	उन्होंने कहा कि समूह-शक्ति देश को सफलता के शिखर पर ले जाएगी।
1	उन्होंने जवाब दिया	उत्तर दिया।
5	अनुराग -हम पदयात्रा कर रहे हैं।	अनुराग-हम पैदल यात्रा करते हैं।
10	बिजली के दरों और शुल्क के बढ़ने के बाद प्रति यूनिट मूल्य बहुत बढ़ गए।	बिजली की कीमतें और शुल्क में बढ़ोतरी के बाद प्रति यूनिट रुपये की कीमतें महँगाई कर दी गईं।
7	वह पूछता है , आज क्या होगा ?	वह पूछता है, आज क्या होगा?
10	न्यायिक विशेषताओं ने लगभग पांच घंटे तक उद्योग के अंदर और बाहर खोज कर प्रतिरूपों को इकट्ठा किया।	न्यायिक विशेषज्ञों ने लगभग पांच घंटे तक उद्योग के अंदर और बाहर खोज करके प्रतिरूप एकत्र किये।
5	इसलिए विद्यार्थियों को इस में भाग लेना चाहिए।	इसलिये विद्यार्थियों को इसमें भाग लेना चाहिये।
6	वहाँ उन्होंने योग ध्यान का अभ्यास कराया।	वहाँ उन्होंने योग ध्यान का अभ्यास कराया।
1	उनके सम्मुख	उसके मुख से
10	पर्यटन क्षेत्र में निवेशकों के लिए भी राज्य सरकार ने धारा में विशेष आरक्षण किया है।	राज्य सरकार ने पर्यटन क्षेत्र में निवेशकों के लिए भी धारा में विशेष सावधानी बरती है।
5	धीरज की गाय बीमार है	धीरज की गाय रोगी है।
10	पर्यटन क्षेत्र में निवेशकों के लिए भी राज्य सरकार ने धारा में विशेष आरक्षण किया है।	राज्य सरकार ने पर्यटन क्षेत्र में निवेशकों के लिए भी धारा में विशेष सावधानी बरती है।
10	में प्रकाशित''मजाक''नमिका उनकी पहली कथावाचक बनीं।	सन् 1967 में प्रकाशित "द जॉक" नामिका उनकी पहली किंवदंती है।
11	अतः वे दोनों एक परस्पर मित्र बनकर समय-समय पर एक दूसरे की सहायता की।	इसलिये वे दोनों आपस में मित्र होकर समय-समय पर परस्पर सहायता करते थे।
1	उत्पन्न	हुआ
1	शोर	शब्द
9	उस समय सभी पन्नों को लिखने का काम पन्ने के ऊपर हो रहा था।	उस समय सभी लिपियों का लेखन कार्य स्यालकोटी पत्र के ऊपर होता था।
1	प्रकट करता हैं	प्रतिपादित करता है
10	राज्य में प्राकृतिक विपत्ति से पाठ लेकर सरकार इस विषय में योजना बनाती है।	राज्य में प्राकृतिक आपदा से पाठ लेकर सरकार इस मुद्दे पर योजना तैयार कर रही है।
11	पंजीकरण में किसी भी समस्या के मामले में, आप समस्या के नाम और फोन नंबर के साथ यहां लिख सकते हैं।	पंजीकरण में कोई समस्या होने पर समस्याओं और फोन नंबर के साथ यहां लिख सकते हैं।
1	अदृश्य	अव्यक्त
6	वह धीमे स्वर में संगीत सुन रहा है	वह धीमे स्वर में संगीत सुन रहा है।
6	इस प्रकार प्रार्थना करते हुए धृतराष्ट्र की दृष्टि नष्ट हो गई।	इस प्रकार प्रार्थना करते हुए ही धृतराष्ट्र की दृष्टि नष्ट हो गई।
7	यह वन्य जीव वैज्ञानिक डू का विषय हैयीशु का भी मतलब है.	यह विषय वन्यजीव वैज्ञानिक डॉ. ईसा भी संबोधित करते हैं।
7	राजकोट में विजिलेन्स विषय पर प्रशिक्षण सत्र है ।	राजकोट में सतर्कता के बारे में प्रशिक्षण सत्र है।
4	तुम नहीं मानते हो	तुम नहीं मानते हो।
4	मैं घास गौशाला में ले जा रहा हूँ।	मैं घास गौशाला में ले जाता हूँ।
3	इससे किवाड़ों को बना।	भस्म के पात्रों को सम्पादित करना चाहिये।
4	वे दोनों वहां स्नान करते हैं ।	वे दोनों वहाँ गाते हैं।
4	यह पुस्तक किसकी है?	किसकी यह पुस्तक है?
5	कभी रीछ भी देखे हैं वा नहीं ?	कभी झूला भी देखा है वा नहीं?
9	लक्ष्मण – आवाज तो भरत की है । कहाँ है वह ?	लक्ष्मण-रावण तो भरत का है। वह कहाँ है?
10	और हमारी भावनात्मक एकता की भावना को विकसित करने में शिक्षा का बहुत महत्व है।	और हमारे भावनात्मक एकताभाव को बढ़ावा देने में शिक्षा का बहुत महत्व है।
10	उसकी वाणी विकृत नहीं है, न श्याम है और न निष्प्रभ है।	उसका वक्ता विकृत नहीं है, न काला है और न निर्बल है।
14	और भी बिना किसी प्रकार को जीविका और वेतन के भी ये मेरा साथ नहीं छोड़ते हैं, इसलिये मेरे प्राणों का व्यय ( मेरी प्राणहानि) करके भी आप पहिले मम इन आश्रितों को जीवित करो (अर्थात् जीवन-रक्षा करो |	जाति, द्रव्य और गुणों की समानता मेरे साथ है। मठ की उन्नति का फल यह है कि यह कब होगा?
3	इससे गहने बहुत अच्छे बनाये जाते हैं।	इन अनालङ्कारों ने अन्य उत्तम रचना की है।
14	अंतर् दिवसीय व्यापार के दौरान सेन्सेक्स 72,५४५,३३ उच्चतम, 72,218,310 और सबसे कम स्तर को देखा।	अंतर-दिवसीय व्यापार के समय सेंसेक्स 72, सबसे अधिक 545.33, 72, और सबसे कम स्तर 218.10 को छुआ गया था।
6	तब उसके घर की तीन हिलती हैं	तब उसके घर के टीले काँप रहे हैं।
4	सुरक्षा चक्र में वृक्ष हैं।	सुरक्षा चक्र में वृक्ष हैं।
3	रामेश्वर घूमने के लिये निकला।	रामेश्वर घूमने के लिये निकला।
6	दूसरा मिलना हिमाचल-तेलाङ्गान के बीच हुआ।	दूसरी बैठक हिमाचल-तेलंगाना के बीच हुई।
6	''काशी विश्वनाथ''काशीश्या हिन्दूओं का तीर्थ स्थान है।	"काशी विश्वनाथ" काशी में हिन्दुओं का तीर्थस्थान।
26	तीन साल के बालकों को नर्सरी मिलना चाहिए, एलकेजी में चार बच्चे मिल सकते हैं, यूकेजी में बच्चे मिल सकते हैं प्रवेश। प्राथमिक-अध्यापन विभागों में समय-आधारित अतिथि-शिक्षकों के प्रवेश को मंत्रिमंडल ने सिद्धान्ततः मंजूरी दी है.	तीन साल से ऊपर के बच्चे नर्सरी, एलकेजी में 4 साल से ऊपर, यूकेजी में वर्षा के ऊपर के बच्चे प्रवेश पाएँगे। प्राथमिक-उच्च शिक्षा विभागों में अवधि-आधारित अतिथि-शिक्षकों के प्रवेश के लिए कैबिनेट ने सैद्धान्तिक रूप से मंजूरी दी है।
11	मैंने इतनी सारी वस्तुयें खरीदीं। कुछ मूल्य कम नहीं करेंगे ?	मैंने इतनी सारी वस्तुएँ खरीद ली हैं। कुछ मूल्य कम नहीं करेगा?
1	तपस्या के प्रभाव से	तप के प्रभाव से
9	प्रधानमंत्री ने कहा कि उसकी सरकार ने पचास कोटि लोगों को निर्धनता से बाहर कर दिया है।	प्रधानमंत्री ने कहा कि उनका सरकार पच्चीस करोड़ लोगों को निर्धनता से बाहर ले गई है।
6	वहाँ प्रातः और सायं यज्ञ होता है।	वहाँ सुबह शाम यज्ञ होता है।
9	अब तक हम घर में राष्ट्र ध्वज फहरा नहीं सकते थे।	अब तक हम घर पर राष्ट्रीय ध्वज नहीं उठा सकते थे।
6	वास्तव में वह शास्त्रीय संगीत सुन रहा है	वास्तव में वह शास्त्रीय राग सुन रहा है।
4	नौकर गाँव से आता है।	वैद्य शहर से आता है।
13	वहाँ, विश्व विद्यालय के के बीज बोधक हैं-एक प्रयोगशाला में, वह र्नेस्ट रदरफोर्ड के मार्गदर्शन में विद्यावाचक बन गये।	वहाँ कैम्ब्रिज विश्वविद्यालय के कैवेण्डिश-प्रयोगशाला में वह अर्नेस्ट रदरफोर्ड के मार्गदर्शन में विद्या का प्रसारक बन गया।
7	वायरस के बारे में स्थानीय-अंतरराष्ट्रीय-संस्थाओं के सहयोग से निगरानी को मजबूत किया गया है।	वायरस के बारे में स्थानीय-अंतर्राष्ट्रीय-संगठनों के सहयोग से निगरानी को मजबूत किया गया है।
4	वो दो थीं ।	वे दो थे।
7	इस समय नगरीय प्राथमिक स्वास्थ्य केन्द्र हजारों के लिए स्वास्थ्य सेवा प्रदान करती है।	इस समय नगरीय प्राथमिक स्वास्थ्य केंद्र हजारों लोगों को स्वास्थ्य सेवाएं प्रदान करता है।
4	वह लेटकर योगासन करती है ।	वह नय्य का योगासन करती है।
4	नई पद्धति हम पढ़ाते हैं	नई पद्धति हम पढ़ाते हैं।
16	जो पुरुष मुझे सर्वत्र देखता है और सबको मुझमें देखता है, उसके लिए मैं नष्ट नहीं होता (अर्थात् उसके लिए मैं दूर नहीं होता) और वह मुझसे वियुक्त नहीं होता।।	जो मुझे सब जगह देखता है और सब कुछ मुझे देखता है, मैं उसका नाश नहीं करूँगा और मैं उसका नाश नहीं करूँगा
5	वे सब गिलास से दूध पियेगें।	वे गिलास से दूध पियेंगे।
7	राम- मुझे भी गुरुवर का आदेश सम्माननीय (मानने योग्य) है। क्योंकि –	श्रीरामचन्द्रजी-मेरा भी सम्मान करना चाहिए। मुनिजनों का भी सम्मान करना चाहिए।
15	सामाजिक आचारण में अशुद्धता, आपस में लड़ाई-झगड़े, चोरी डाका आदि के कार्यों मैं बहुलता, नैतिक आचार में पतन, राजतन्त्रों का विनाश इत्यादि बहुत से विषयों का उल्लेख पुराणों में विद्यमान है	सामाजिक व्यवहार में अशुद्धता, पारस्परिक भ्रम, और अनेक प्रकार के कार्यों में भारीता, नैतिक आचरण में गिरावट, राजाओं के विनाश जैसे कई विषयों का उल्लेख पुराणादि ग्रंथों में है।
6	एक विदेशी भारत के एक घर में जाता हैं ।	एक विदेशी व्यक्ति भारत में एक घर गया।
4	अच्छा आचरण धर्मका पहेला सोपान हैं।	सदाचार धर्म का पहला सोपान है।
8	कोई- कोई अपने देहके भीतर चित्ताकाशमें विराजमान प्रादेशमात्र ( बित्ताभरके ) चतुर्भुज पुरुषको, जो शङ्ख, चक्र, गदा और पद्म धारण किये हुए हैं, धारणाद्वारा स्मरण करते हैं	कुछ लोग अपने शरीर के अन्तःकरण में हृदय की शिथिलता के कारण केवल एक प्रदेश में रहने वाले पुरुष को ही वसन्त कहते हैं। जो चार ऋतुओं वाले नेत्रों के समूह के अंग हैं, शंख और गदाधर को स्मरण करते हैं।
10	इक्वेटी बेंचमार्क की सूचकांक और बीएसई सेन्सेक्स की निफ्टी एक सौ दिन के बाद फिसल गईं।	इक्वेटी बेंचमार्क सूचकांक, बीएसई सेन्सेक्स और निफ्टी दिन के अंत में एक सौ से अधिक फिसल गए।
15	लघु उद्योग समूह दवनी के अध्यक्ष संजय बत्रा ने कहा कि छोटे उद्योगों को कमदर से ऋण की व्यवस्था होनी चाहिए।	लघु उद्योग संघ के अध्यक्ष संजय बत्रा ने कहा कि छोटे उद्योगों को कम दर पर ऋण की प्रावधान हो सकती है।
1	संतान जैसे ।	बहुत बच्चों को
8	बोलो .... फिर से चंचलता नहीं करूँगा।	शिक्षिका-बोलो.... फिर चंचलता नहीं करूँगी।
9	उसके पिता रावण ने स्वयं उसका नाम मेघनाद किया।	उसके पिता रावण ने स्वयं उसका नाम मेघनाद रखा।
13	उन्होंनेन्हों का महाकाल व्यतीत हो गया है, उन्होंनेशक्ति के साथ वशिष्ठमुनि के सौ पुत्रों को भी खाया।	वे ही कल्माषपाद उनके महाकाल में उत्पन्न हुए, उन्होंने शक्ति के साथ वशिष्ठमुनि के सौ पुत्रों को खा लिया।
7	भीम आदि पांडववीर अन्दर नहीं जा सके।	भीम आदि पाण्डववीर अंदर नहीं जा सके।
19	मुख्यमंत्री सुखविंदर सिंह सुक्खू ने कहा कि जाखुमंदिर में भगवान श्रीरामचन्द्र की पैरवी करने वाली मूर्ति स्थापित होगी जिससे भक्त लोग हनुमान के साथ श्रीरामचन्द्र का दर्शन भी कर सकते हैं।	मुख्यमंत्री सुखविंदर सिंह सुक्खू ने कहा कि जाखुमन्दिर में भगवान श्रीरामचंद्र की पादमीता मूर्ति स्थापित की जाएगी जिससे भक्त हनुमान के साथ श्रीरामचन्द्र को भी देख सकते हैं।
9	(तुम) मुझमें स्थिर मन वाले बनो	हे मद्याजी! आप मेरे भक्त बनो, मुझे नमस्कार कीजिये। आप मुझमें ही रहेंगे, क्योंकि आप मेरे परम भक्त हैं।।
7	सरकारी विभागों के अलावा लोगों के लिए चरण भी उपलब्ध हैं।	सरकारी विभागों के अलावा लोगों के लिए पौधे भी उपलब्ध हैं।
4	आज का काम आज ही समाप्त करना चाहिए	आज का काम आज ही समाप्त करना चाहिये।
1	मनुष्यों का	मनुष्यों का
3	माता पिता और गुरुजनों का सम्मान करना उचित है।	माता पिता और गुरुजनों का सम्मान करना चाहिए।
15	रक्षामंत्री ने कहा कि भारत की बढ़ती आर्थिक रणनीतिक शक्ति कुछ लोगों को ईर्ष्यालु और द्वेष करने वाली है।	रक्षामंत्री ने कहा कि भारत की बढ़ती आर्थिक रणनीतिक शक्ति कुछ लोगों को ईर्ष्या और द्वेष करती है।
3	नन्दिनी नहीं चलेगी।	नन्दिनी नहीं चलेगा।
4	बर्फ के गिरने सेवेदनाशील क्षेत्रों में मत जाईये।	बर्फबारी के प्रति संवेदनशील क्षेत्रों में न जाएँ।
8	प्रतिवर्ष इस वर्ष में भी भव्य प्रदर्शनी और शोभायात्रा का आयोजन किया गया।	हर साल के अनुसार, इस वर्ष भी भव्य जागरण का, प्रदर्शनी प्रदर्शनी का आयोजन किया गया।
6	हम सभी आचार्य देवव्रत जी का गुजरात में स्वागत करते हैं।	हम सभी आचार्यदेवव्रत जी का गुजरात में स्वागत करते हैं।
3	मैं आलस छोड़ूँगा ।	मैं आलस छोड़ दूँगा।
8	मुख्यमंत्री सुखविंदर सिंह सुक्खू राहुल गांधी भारत जोडो की न्याययात्रा में शामिल होंगे।	मुख्यमंत्री सुखविंदर सिंह सुक्खू राहुल गांधी की भारत जोड़ी न्याय यात्रा में शामिल होंगे।
10	मोदी धार रतलाम-जनपदों के हजार से अधिक गांवों को पेयजल पूर्ति-योजन के आधारभूत पत्थर को स्थापित किया।	मोदी धार रतलाम-जिलों के हजारों से अधिक गांवों में पेयजलपूर्ति-उन्होंने योजना का आधारशिला स्थापित किया।
15	केंद्रीय सरकार ने भी सुझाव दिया कि यदि प्रशिक्षण केंद्र अधिक फीस लेते हैं तो उन्हें एक लाख रुपये तक का दंड दिया जाना चाहिए।	केंद्रीय सरकार ने भी सुझाव दिया है कि यदि प्रशिक्षण केंद्र अधिक शुल्क लेते हैं तो उन पर एक लाख रुपये तक का जुर्माना लगाया जाना चाहिए।
1	खेल रहा हूँ	खेलता हूँ
6	मैं प्रतिदिन नियम से व्यायाम करता हूं।	मैं प्रतिदिन नियम से व्यायाम करता हूँ।
7	जब वह क्रोध करती है तब दर्शक भी क्रोध करते हैं।	जब वह क्रोध करती है तब दर्शक भी क्रोध करते हैं।
5	उसका भाई जल्दी नहीं आएगा।	उसका भाई जल्दी नहीं आएगा।
9	ये खिलाड़ी पैरा प्रतियोगिता में दौड़ने हैं- धनुर्विद्या- सात प्रतियोगिताओं में फुटबॉल बैरोलों सहित प्रतिस्पर्धा करेंगे।	ये खिलाड़ी पैरा-प्रतिद्वंद्वी प्रतियोगिता में दौड़ने-धनुर्विद्या-फुटबॉल भार उठाने सहित सात प्रतियोगिताओं में प्रतिस्पर्धा करेंगे।
10	विपक्षी नेता जयराम ठाकुर ने कहा कि बगीच स्कूल के वार्षिक कार्यक्रम में मुख्य अतिथि के रूप में बुलाया गया था।	विपक्षी नेता जयराम ठाकुर ने कहा कि उन्हें बगस्याड स्कूल के वार्षिक कार्यक्रम में मुख्य अतिथि के रूप में आमंत्रित किया गया है।
10	उसके बाद तो सरकार से अनुदान मिलने की जो आशा थी, वह भी धूल में मिल गयी।	उस समिति द्वारा प्रस्तुत रिपोर्ट में देवपुर के गुरुकुल पर मारवंतक प्रहार का निर्देश दिया गया है।
10	अस्तित्व को प्राप्त करके भाषा संस्थान महान् व्यक्तित्वों की स्मरण के लिए ऐसे भव्य कार्यक्रम का आयोजन करता है।	अस्तित्व प्राप्त करके भाषा संस्थान महान व्यक्तित्वों की स्मृति में ऐसे भव्य कार्यक्रम आयोजित करता है।
12	इस अवसर पर आवासन और नकर-कार्य मंत्री हरदीप सिंह पुरी ने भी एक वास्तवत्मक संदेश दिया।	इस अवसर पर आवास और नागर-कार्य मंत्री हरदीप सिंह पुरी ने भी तथ्यपरक जानकारी दी।
4	दीप्ति बैंगन की सब्जी लाती है।	दीप्ति बैंगन की सब्जी लाती है।
9	प्रधानमंत्री नरेंद्र मोदी की यात्रा का सहारा लेकर तिरुचिरापल्ली में मजबूत सुरक्षा व्यवस्था का निर्माण किया गया	प्रधानमंत्री नरेंद्र मोदी की यात्रा का सहारा लेकर तिरुचिरापल्ली में मजबूत-सुरक्षा व्यवस्था की गई.
8	हे पत्थर कूट कूटकर आप क्या कर रहे हैं?	अरे पत्थर कुट\u093Cकर कुट\u093Cकर आप क्या करते हैं?
4	वह हमें बगीचे में खिलाती है।	वह हमें बगीचे में खेलाती है।
9	सामर्थ्य के अभाव से इस समय ऐसी मित्रता का आयोजन कोई नहीं करता है।	सामर्थ्य के कारण अब ऐसे सत्रों का आयोजन कोई भी नहीं करता है।
7	इस जीव लोक में मेरा ही एक सनातन अंश जीव बना है। वह प्रकृति में स्थित हुआ (देहत्याग के समय) पाँचो इन्द्रियों तथा मन को अपनी ओर खींच लेता है अर्थात् उन्हें एकत्रित कर लेता है।।	हे सनातन! मेरा ही जीवनरूपी लोक में जीवनरूपी रूप धारण करने वाला मैं ही हूँ, जो मन और अस्थियों तथा इन्द्रियों को प्रकृति में स्थित करता है।।
4	देवर भाभी के चरण छूता है।	देवर भैया के चरण छू रहा है।
5	संभाषणशील व्यक्ति प्रिय होता है।	बात करने वाला प्रिय हो जाता है।
7	युवती – तुम्हारे भी नाखून बड़े हो गए हैं।	युवती-तुम्हारे भी नाखून लम्बे हो गए।
7	इस प्रकार पं. मदनमोहन राय का वचन कई लोगों का भी प्रेरणा कर रहा है.	इस प्रकार पण्डित मदनमोहन मालवीय ने कहा कि बहुत से लोगों को प्रेरणा दी गई है।
5	मैं अपनी गाड़ी यहाँ नहीं रखूँगा।	मैं स्वस्थ यहाँ नहीं रखता हूँ।
5	दूध पीकर वह कार्यालय जाता है।	दूध पीकर वह कार्यालय जाता है।
3	कितने लोग नित्य ही दुखी होते हैं?	कितने लोग सदा दुःखी रहते हैं?
6	उस बड़े घर में चालीस खम्भे थे।	उस विशाल भवन में चालीस खम्भे थे।
10	अर्जुन ने शिकारी के प्रति क्रोधित होकर उस शिकारी को मारने के लिए बाण का प्रहार किया।	अर्जुन ने शिकारी के प्रति क्रोधित होकर शिकारी को मारने के लिये शर प्रहार किया।
4	बलशाली हाथी किससे बाँधा जाता है?	शक्तिशाली हाथी को कौन बाँधता है?
4	इस समय मैं भूखा हूँ ,अब मैं तुम्हें खाऊंगा ।	अब मैं तुम्हें खाऊँगा।
4	धूप का चश्मा काला ही पहना जाता है।	सूर्य की किरण को काला ही पहना जाता है।
4	पांच ग्रहों में शुक्र ग्रह चमकेगा।	पाँच ग्रहों में शुक्र तेजस्वी होगा।
8	उसकी सेवा और उपदेश अखिल लोकार्थ को बहुत ही कल्याणकारी है।	उसकी क्रिया और उपदेश अखिल लोक के लिए बहुत कल्याणकारी हैं।
7	भव्यस्य भविष्य काल तक सृष्टि में उत्पन्न होने वाले पदार्थों को	भूत के पूर्व से (प्राचीन काल से)
1	भेड़िया	वृक्ष
5	सुबह उसने संदेश भेजा	सुबह उसने संदेश भेजा।
6	पहले रणधीर शर्मा ने चर्चा में भाग लिया।	पहले रणधीर शर्मा ने चर्चा में भाग लिया।
4	वह पैदल चल रही होती है ।	वह पैदल चलती है।
8	अनेक पाठकों के दृश्य पत्रालय के अन्दर और बाहर निकाले गए।	नाना पाटेकर के दृश्य डाकखाने के अंदर और बाहर पकड़े गए।
1	सहारे न रहने वाला ।	बिना सहारा लिए
7	माता – तो फिर घर में अध्ययन करो।	माता-तो फिर घर में ही अध्ययन करो।
10	आज वह उनके संस्थान की राष्ट्रीय कार्यकारिणी सभा, संस्कृत के संवर्धन कीप्रतिष्ठा के कार्यदर्शी हैं।	आजकल वह उनके संस्थान की राष्ट्रीय कार्यकारिणी सदस्य हैं, संस्कृत संवर्धन प्रतिष्ठान की कार्यदर्शी भी हैं।
6	अब शुल्क भी अनिवार्य होगा।	अब शुल्क की प्राप्ति भी अनिवार्य होगी।
4	आप क्या कर रहे हो ?	क्या कर रहे हो?
4	आपने झरना देखा है?	क्या आपने झरने देखे हैं?
6	श्री जगदीप धनखड़ भारत राष्ट्र के चौदहवें हैं-उपराष्ट्रपति के रूप में निर्वाचित।	श्री जगदीप धनखड़ भारत देश के चौदहवें उपराष्ट्रपति के रूप में चुने गए हैं।
6	नामों ने भी गोलियां बजाने शुरू कर दी हैं।	और नामों को गोली मारने लगे।
6	अरे भूल गयी। नमक लो।	ओह भूल गई नमक ले लो।
9	दुख देने वाले, हृदय को जलाने वाले बहुत से पुत्रों के उत्पन्न होने से क्या लाभ? कुल को सहारा देने वाला एक ही पुत्र श्रेष्ठ होता है, उसके आश्रय में पूरा कुल सुख भोगता है। ।।	शोक संतप्त करने वाले पुत्रों और बहनें का क्या होगा? जहाँ एक ही कुल का जन्म होता है, वहाँ ही कुल का विश्राम होता है।
1	आभूषणों को हाथ में लिए हुए दो ऋषिकुमारों का प्रवेश	हाथ जोड़कर हाथ जोड़कर हाथ जोड़कर हाथ जोड़कर हाथ जोड़कर हाथ जोड़कर हाथ जोड़कर हाथ जोड़कर हाथ जोड़कर हाथ जोड़कर हाथ जोड़कर हाथ जोड़कर हाथ जोड़कर हाथ जोड़कर हाथ जोड़कर हाथ जोड़कर हाथ जोड़कर हाथ जोड़कर हाथ जोड़कर हाथ जोड़कर हाथ जोड़कर हाथ जोड़कर हाथ जोड़कर हाथ जोड़कर हाथ जोड़कर हाथ जोड़कर हाथ जोड़कर हाथ जोड़कर हाथ जोड़कर हाथ
1	सबके लिए अभिलषणीय	धन
10	विद्यालय जाने पर क्रुद्ध गुरु जी का मुख देखने की मेरी कोई ईच्छा नहीं है।	इस समय विद्यालय जाकर क्रोधित उपाध्याय का मुख देखना नहीं चाहता हूँ।
19	पहले चरण में लाहौल-स्पीति जिले के पात्रों के योद्धाओं और पूरे राज्य के पात्र आवृत्तिभोगियों के द्वारा, वृद्धामहिला-विधवा-शेरा singleमहिला दिव्यांगमहिलाओं के साथ 2,43 लाख महिलाओं को प्रतिमा के 1,500 रुपये का भुगतान किया जाएगा।	पहले चरण में लाहौल-स्पीति पद की पात्र महिलाओं और पूरे राज्य के पात्र वृत्ति भोगियों को, वृद्धमहिला-विधवा-परित्यक्त महिला एकलमहिला और दिव्यांग महिलाओं के साथ 2,43 लाख महिलाओं को प्रतिमाह 1,500 रुपये का भुगतान किया जाता है।
13	हमें अचानक आवेश या जोश में आकर कोई काम नहीं करना चाहिए। क्योंकि विवेक हीनता सबसे बड़ी विपतियों का कारण होती है। इसके विपरीत जो व्यक्ति सोच समझकर कार्य करता है। गुणों से आकृष्ट होने वाली मां लक्ष्मी स्वयं ही उसका चुनाव कर लेती है।	बुद्धिमान् मनुष्य को सहसा बुद्धि नहीं करनी चाहिए क्योंकि वह परमपद को प्राप्त नहीं कर सकता। गुणों के लोभ से युक्त व्यक्ति को अपने गुणों के कारण ही धन प्राप्त होता है।
5	तीर्थों का परिचय मानव जीवन का अङ्ग होता है।	तीर्थों का परिचय मानव जीवन का अङ्ग होता है।
8	बहुत मिर्च है ? मिर्च से क्या कर रही हो ?	बहुत मिर्चियाँ हैं न? मिर्च क्या करती है?
5	कहीं भोजन किया वा नहीं ?	किसी ने भोजन किया क्या?
14	कांग्रेस के राष्ट्रीय महा सचिव प्रियंगु गांधी ने भी श्री सिम्मी अग्निहोत्री के निधन पर शोक व्यक्त किया है।	कांग्रेस की राष्ट्रीय महासचिव प्रियंका गांधी वाड्रा ने भी सिम्मी अग्निहोत्री के निधन पर शोक व्यक्त किया है।
9	उस समय देवगणों ने श्रीराम और लक्ष्मणजी पर फूलों की वर्षा की और देवों ने दुन्दुभि बजाइ तथा सिद्धचारण गण उनकी स्तुति गाने लगे ॥	देवताओं ने पुष्पों के समूह से श्रीरघुनाथजी को, लक्ष्मण जी को, देवों ने दुन्दुओं को और सिद्धचरण करने वालों ने प्रसन्न नहीं किया॥
5	यदि तूने कृतज्ञता से ये सम्मानित हैं	यदि आपने कृतज्ञता से इन लोगों का सम्मान किया है।
7	इस मामले पर आज भी सरकार ने निर्णय नहीं लिया है.	इस संबंध में आज भी सरकार ने निर्णय नहीं लिया है।
9	ऊर्जापूर्ति-समस्या से ग्रस्त जापान का चंद्रमा-लैंडर ने सप्ताह के बाद फिर से प्रक्षेपण शुरू किया।	ऊर्जापूर्ति-समस्या से ग्रस्त जापान का चंद्रमा-उतरने के एक सप्ताह बाद संचालन फिर से शुरू हुआ।
34	सम्मेलन में संस्कृत भारती उत्तर प्रदेश के संगठन मंत्री नरेंद्रवर, हरियाणा प्रांत के न्यासपति डॉ. रामनिवास शर्मा, प्रांत के अध्यक्ष डॉ. सोमेश्वर दत्त, प्रांत मंत्री प्रमोद, सह-मंत्री ईशम सिंह और भूपेन्द्र, साहित्य के प्रमुख पुष्पेन्द्र, विभाग के संयोजक डॉ. विनय गोपाल त्रिपाठी, डाकिया के प्रमुख डॉ. शीतांशु त्रिपाठी और अन्य प्रांतगण के कार्यकर्ता भी उपस्थित होंगे।	सम्मेलन में संस्कृत भारती उत्तर क्षेत्र के संगठन मंत्री नरेंद्रवर्या, हरियाणा प्रांत के न्यास अध्यक्ष डॉ. रामनिवास शर्मा, प्रांत के अध्यक्ष डॉ. सोमेश्वर दत्त, प्रांत मंत्री प्रमोद, सहमंत्री ईशम् सिंह और भूपेन्द्र, साहित्य प्रमुख पुष्पेन्द्र, विभाग संयोजक डॉ. विनय गोपाल त्रिपाठी, पत्राचार प्रमुख डॉ. शीतांशु त्रिपाठी और अन्य प्रांतों के कार्यकर्ता भी शामिल होंगे।
6	पुत्र -मैं कैसे झूठ बोलूँगा ।	पुत्र-मैं कैसे झूठ बोलूँगा?
1	हड़ताली	प्रहार करना
3	सुष्मिता नाट्यगृह जा रही है।	सुष्मिता नाट्यगृह जाती है।
27	सेंटर के निदेशक प्रोइंदु पांडे खंडूरी ने कहा, “हमारा केंद्र एनईपी 2020 के विभिन्न पहलुओं पर भाषण देने के लिए देश भर से विद्वान वक्ताओं को आमंत्रित करके शिक्षकों के लिए प्रशिक्षण के नए आयाम स्थापित करेगा।	इस केंद्र के निदेशक प्रो. इंदु पांडे खंडूरी ने कहा कि हमारा केंद्र एनईपी 2020 के विभिन्न पहलुओं पर भाषण देने के लिए देश के सभी विद्वान वक्ताओं को आमंत्रित करेगा और शिक्षकों के लिए प्रशिक्षण के नए आयाम स्थापित करेगा।
8	केरल राज्य के विभिन्न हिस्सों से संस्कृत शिक्षक यहां मिलते हैं।	केरल राज्य के विभिन्न हिस्सों से आए संस्कृत शिक्षकों का संगम यहाँ होता है।
14	जगत सिंह नेगी ने कहा कि कुछ वर्ग हैं जो पहले की व्यवस्था का हिस्सा बनना चाहते हैं।	जगत सिंह नेगी ने कहा कि कुछ वर्ग हैं जो पहले प्रचलित व्यवस्था का हिस्सा ही रहना चाहते हैं।
6	उस बड़े घर में चालीस खम्भे थे।	उस विशाल भवन में चालीस खम्भे थे।
13	इस पहली वर्ष की पहली संख्या दिसंबर में प्रकाशित हुई, जिसमें आहत्त्य आठ विभिन्न विषयों के शोध पत्र प्रकाशित किए गए हैं।	इस पहले वर्ष का पहला अंक दिसंबर में प्रकाशित हुआ, जिसमें आठ विभिन्न विषयों पर शोध पत्र प्रकाशित हुए हैं।
11	श्रीमान ने श्रीमद्भगवद्गीता में जीवन प्रबंधन विषय पर व्याख्यान दिया। उन्होंने कहा कि गीता के बिना जीवन नहीं है।	महोदय ने श्रीमद्भगवद्गीता में जीवन के प्रबन्ध के विषय में यह व्याख्यान दिया। उन्होंने कहा गीता के बिना जीवन नहीं है।
18	सुरक्षा बलों के द्वारा जम्मू-कश्मीर के अखनूर-जिले के नियंत्रण रेखा के पास गाँव में चला गया चित्र- ग्राहक यंत्र द्वारा प्रक्षेपित विस्फोटक हथियार और मुद्राओं को रोक लिया गया था।	सुरक्षा बल से जम्मू-कश्मीर के अखनूर-डिवीजन की नियंत्रण रेखा के पास गांव में चला गया चित्र-ग्राहक मशीन द्वारा फेंके गए विस्फोटक हथियार और मुद्रा को पकड़ा गया।
5	इंग्लैंड टीम के पास चहनांकाओं की अग्रता है।	इंग्लैंड टीम के पास चौकानें आगे हैं।
10	मुख्यमंत्री ने कहा कि जो सरकार से प्रश्न करते हैं वे कृष्णोपनेत्र पहनते हैं।	मुख्यमंत्री ने कहा कि जो सरकार से प्रश्न करते हैं वे कृष्णपत्र पहनते हैं।
1	इसी कारण से	इसीलिए उसी के द्वारा
5	झरोखे से सारा नगर दिख रहा है।	खिड़की से पूरा शहर दिखता है।
5	वहीं वर वधू ने एकदूसरे को तुलसी माला पहनाई।	वहीं वर वधू ने आपस में तुलसी माला पहना।
9	इस प्रकार छोड़कर वह घोड़े पर चढ़ाकर सहसा बैठ गया।	इसी प्रकार छोड़कर घोड़े पर चढ़कर उस वर्ष वह अचानक गायब हो गया।
9	आकर उसने सेठ से कहा- “हे सेठ ! धरोहर के रूप मे रखी मेरी वह तराजू दे दो।	आकर उस सेठ से कहा-हे सेठ! मुझे वह डिपो दीजिये।
10	(शरीर से) परे (श्रेष्ठ) इन्द्रियाँ कही जाती हैं;  इन्द्रियों से परे मन है और मन से परे बुद्धि है, और जो बुद्धि से भी परे है, वह है आत्मा।।	मन इन्द्रियों से परे है, मन इन्द्रियों से परे है, मन बुद्धि से परे है और बुद्धि से परे है।।
6	केवल 11 सीटें चुनी गईं।	केवल 11 सीटें चुनी गईं।
6	ओह  आठम नहीं , हीं अष्टमी कहते हैं।	ओह आठम नहीं, अष्टमी बोली जाती है।
13	उन्होंने कहा कि इस हिस्से में राज्य सरकार द्वारा संयंत्र के निर्माण के लिए दी गई भूमि का खर्च भी शामिल है।	उन्होंने कहा कि इस हिस्से में राज्य सरकार द्वारा संयंत्र के निर्माण के लिए भूमि का खर्च भी शामिल है।
6	बाद में बेंगलुरु शहर में हिमाचलियों का सशक्त संगठन बनाया गया।	बाद में बैंगलोर में हिमाचली लोगों का सशक्त संगठन बनाया गया।
7	लौकिक पुरुष हाथी, घोड़े और सारथि जैसे गौरश्व है।	लौकिक जैसे गौरश्व, पुरुष, हाथी, शकुनि, मृग और ब्राह्मण।
10	श्रीमहादेवजी बोले सुमन्त्र जी ने भी सन्ध्या काल में, सजल नेत्र होकर, वस्त्र से मुख ढंककर अयोध्यापुरी में प्रवेश किया ॥	सुमन्त्र भी उसी दिन अयोध्या के अन्त में प्रवेश करेगा। वह वस्त्र से मुख ढककर वाष्प से संतुलित रूप से देखता है॥
1	कहने पर ।	कहना
6	एक बार मेहुल देर रात घर आ रहा था ।	एक दिन मेहुल रात में देर से आ रहा था।
1	वचन।	इच्छा
23	मोदी ने वीडियो कॉन्फ्रेंसिंग के माध्यम से विकसित भारत संकल्प यात्रा के लाभार्थियों के साथ चर्चा में कहा कि पिछले नौ वर्षों में पचास करोड़ लोग निर्धन वर्ग से बाहर आ गए हैं।	वीडियो कॉन्फ्रेंसिंग के माध्यम से विकसित भारत संकल्प यात्रा के लाभार्थियों के साथ चर्चा में मोदी ने कहा कि पिछले नौ वर्षों में पच्चीस करोड़ से अधिक लोग निर्धन वर्ग से बाहर आ गए हैं।
10	इस बार भी चंद्रमा अपने दक्षिणी ध्रुव के पास समतल क्षेत्र में उतरेगा।	इस पवन में भी चंद्रमा के दक्षिणी ध्रुव के पास वर्तमान समतल क्षेत्र में उतरना होगा।
4	मैंने एक सेविका को बुलाया ।	मैंने एक सेविका को बुलाया।
12	समग्र रूप से दक्षिणी एशिया में सत्ताईस वर्ष के धनराशि के भेजने में सात मिलियन वृद्धि हुई।	समग्र रूप से-दक्षिण एशिया में बीस और तीस के वर्ष में धन भेजने में सात-दशमलव में दो प्रतिशत वृद्धि हुई।
21	ब्रह्मविचारमें जिसका चित्त एक क्षणके लिये भी स्थिर हो जाय, उसने समस्त तीर्थोंके जलमें स्नान कर लिया, सम्पूर्ण पृथ्वीका दान दे दिया, सहस्त्रों यज्ञ कर लिये, समस्त देवताओंका पूजन कर लिया तथा अपने पितरोंको संसार सागरसे - पार कर दिया और स्वयं तो वह त्रिलोकीका ही पूजनीय हो गया ।।	जिसने समस्त तीर्थों को पवित्र किया और समस्त प्राणियों को पवित्र किया और हजारों राक्षसों और देवताओं को पूर्ण किया, वह अपने पिता के समान संसार में स्थित होकर ब्रह्म के चिन्तन में क्षण भर भी स्थिर मन को प्राप्त करें।।
3	तुम सेवो ।	तुम सब सेवा करो।
8	1 मार्च को शुक्र और बृहस्पति एक सीधी रेखा पर पहुँच गए।	1 मार्च को शुक्रवार और गुरुवार को प्रत्यक्ष रेखा मिली।
1	ये चारों ओर वर्तमान	ये सब
1	खुशी और गम के अधीन	हर्ष शोक से युक्त।
7	सर्वेक्षण समग्र शिक्षा अभियान के राज्य परियोजना निर्देशालय द्वारा किया जाता है।	सर्वेक्षण समग्र शिक्षा अभियान के राज्य परियोजना निदेशक द्वारा किया जाता है।
6	तीन दिवसीय सम्मेलन आज शुरू होगा	तीन दिवसीय सम्मेलन आज से शुरू होगा।
9	और कहीं पर पति भी अपनी पत्नी के रूप में देवी का रूप धारण कर, सखियों के समान मानो।	और दूसरे स्थान पर पति को भी अपनी पत्नी देवी के रूप में और सखियों के रूप में मान लेना चाहिए।
6	खोज कर उसके सफ़ेद बाल का चित्र आ गया।	खोज करते हुए उसके सफ़ेद बाल का चित्र आ गया।
14	यू.ए. ई., सऊदी अरब के बाद बुधवार को खट्टर के स्वास्थ्य मंत्रालय ने भी स्पष्ट किया कि स्थिति पर नजर रखी जा रही है.	यू. ए. ई., सऊदी-अरब देशों के बाद बुधवार को ख्यू93Cत्तर स्वास्थ्य मंत्रालय ने भी स्पष्ट कर दिया कि स्थिति पर नजर रखी जा रही है।
11	इसके पश्च्यात राजा दशरथ ने श्री राम और लक्ष्मण को बुलवाया तथा उनका आलिङ्गन कर तथा सिर को सूंघकर श्रीविश्वामित्र जी को सौंप दिये ॥	श्रीरामचन्द्रजी और लक्ष्मणजी को प्रणाम करके बुलाकर उन्होंने सिर झुकाकर कोश को समर्पित कर दिया॥
9	यदि वह निकाला है तो फिर स्थापित किया जाएगा।	यदि वह निकाल दिया गया है तो फिर से स्थापित हो जाएगा।
15	न केवल इस अपितु सफल परिश्रम के आधार पर वह आज बी.एस. में भी अध्ययन कर रही हैं एड्स.	न केवल यह अपितु सफल प्रयास के आधार पर वह अब बी. एसड में भी अध्ययन कर रही हैं।
6	अनेक बार मुगल राजा महाराणा प्रताप से पराजित हुए।	कई बार मुगल राजा महाराणा प्रताप से पराजित हुए।
10	चन्दन, चिरायता, धमासा, बासा और सोठ, दारूहल्दी की छाल, खस तथा नीम की छाल इनका क्वाथ रक्तजन्य अर्श मे शान्ति करता है । दाहल्दी की छाल, खस और नीम की छाल इनको पृथक् भी प्रयोग करने से रक्त रुकता है ॥	चन्दन की किरणों से युक्त कथावस्तु के अनुसार, रक्तरस को शान्त करने के लिए, गुसियों को जलाने के लिए और नीबू को जलाने के लिए बाणों का प्रयोग किया जाता है।
7	अहंकार के कारण वह निर्दोषों को भी मारता था	अहंकार के कारण वह निर्दोषों को भी मार रहा था।
13	बुद्धिमान् श्रीरामचन्द्र ने भी धनुष लेकर उसपर दो बाण चढ़ाये और कर्ण पर्यन्त खींचकर पृथक् पृथक् दोनों राक्षसों की ओर छोड़ दिये ॥	राम ने भी धनुष दिया और दोनों बाणों को जोड़ दिया। कर्ण के अन्त को जोड़कर उन दोनों को अलग कर दिया॥
4	उसकी बात करने की शैली हँसी से भरी है।	उसकी सम्वाद शैली हास्य से परिपूर्ण है।
7	पुण्य कर्म में जो रत हैं वे पुण्य फल ही पाएँगे।	पुण्यकर्म करने वाले रतों को पुण्य फल प्राप्त होंगे।
7	दोपहर में बजे सहसा ज़ोर से शोर हो गया।	दोपहर में अचानक जोर से शोर हो गया।
6	इस फिल्म का आधिकारिकघोष बहुत जल्दी होगा।	इस फिल्म का आधिकारिक घोषणा बहुत जल्दी होगी।
1	भले ही	कामना
7	आने वाले संतों के द्वारा वातावरण सुरक्षित किया जाना चाहिए।	आने वाली संतान के लिए हमें वातावरण सुरक्षित करना है।
4	द्वावेव उत्तराखंड का गौरव है।	दो ही उत्तराखंड का गौरव है।
9	रूपाली आगे बोली कि वह पृथ्वी की नाट्यगृह में नाटक कर रहा था।	रूपाली ने आगे कहा कि वह पृथ्वी नाटक घर में नाटक कर रहा था।
3	चार वेद कौन-से हैं?	चार वेद कौन से हैं?
3	असह्य कष्ट है	असहनीय कष्ट है।
6	वह रास्ते में ही कूड़ा फेंकती है	वह रास्ते में ही कूड़ा फेंकती है।
5	पंद्रह मिनट तक वह कूदा।	पंद्रह मिनट तक वह दौड़ता रहा।
18	इसी बीच वीरवर लक्ष्मण जी ने प्राणों की आशा में डूबकर उनका भक्षण करने के लिए अपने सामने आकर शक्तिमान रावण को बाणवर्ष से चढ़ापा।	इसके बाद वीरवर लक्ष्मण ने प्राणों के लिए खतरा पैदा कर दिया और उसे बचाने के लिए स्वयं उसके सामने आकर शक्तिशाली हाथ वाले रावण को बाणवर्षा से अभिभूत कर दिया।
7	हिमाचल प्रदेश के मुख्यमंत्री सुखविंदर सिंह सुक्खू बुधवार को दिल्ली के लिए रवाना हो गये.	हिमाचल प्रदेश के मुख्यमंत्री सुखविंदर सिंह सुक्खू बुधवार को दिल्ली के लिए रवाना हुए।
7	हमारे गाँव आना, मैं तम्‍हें झरना दिखाऊँगी	मेरे गाँव आओ, मैं तुम्हें झरने दिखाऊँगा।
1	जो अच्छी तरह से संरक्षित किया गया है	हिरासत में लिया गया
17	हिमकेयर योजना के तहत 8.53 लाख परिवारों को पंजीकृत किया गया और सहारा योजना के तहत फरवरी तक 3,106 लाभार्थियों को पंजीकृत किया गया है	हिमकेयर योजना के तहत 8.53 लाख परिवार पंजीकृत हैं और सहारा योजना के तहत फरवरी तक 31,062 लाभार्थी पंजीकृत हैं।
8	यह घटना पंजाब के अमृतसर जिले के शाजत गांव के पास हुई।	घटना पंजाब के अमृतसर जिले के शाजत गांव के पास हुई।
7	करता हुआ ही यहाँ कर्म, जीने की इच्छा करे सौ वर्ष	करते हुए ही ये सौ कर्म जीते जाएँगे।
1	निर्धन	निर्धन
5	छात्रवत्सल गुरु छात्र को धर्म का बोध कराता है।	छात्रवत्सल गुरु छात्र को धर्म समझाता है।
1	शीघ्र	जल्दी से
5	माता पुत्र से सांप मरवाती है	माँ पुत्र से साँप मारती है।
8	इस समिति में नियुक्त महिलाओं के लिए 30 फीसदी आरक्षण होगा।	इस में नियुक्त महिलाओं के लिए 30 प्रतिशत आरक्षण होगा।
5	हम समाज को क्या देते हैं ?	हम समाज को क्या देते हैं?
5	कल रात सम्मान समारोह हुआ।	कल रात सम्मान समारोह हुआ।
6	जिसने सेवा धर्म स्वीकार किया, उसने जीवनसुख ही प्राप्त किया।	जिसने सेवा धर्म स्वीकार किया, उसने जीवन सुख प्राप्त किया ही।
5	सीवान के सभी लोग भयभीत हैं	सीवन के सभी लोग डर गए हैं।
6	यह दाहिने हाथ से भोजन शर बांये से जल पीता है।	डर डची के द्वारा हंस के द्वारा भोजन और बाएँ जल का पान करता है।
24	छोटी वर्ग में मीटर दौड़ने में स्वामीदर्शनानन्द- गुरुकुल- कॉलेज ज्वालापुर के प्रतियोगी छात्र देवांश पहले स्वामीदर्शनानन्द गुरुकुल-प्रतियोगी छात्र शिवम कॉलेज ज्वालापुर के दूसरे, ऋषिकुल विद्यापीठब्रह्मचर्या आश्रम के प्रतियोगी छात्र दीपांशु खन्तवाल तीसरे स्थान पर रहे।	जूनियर वर्ग में मीटर दौड़ने में स्वामीदर्शनानंद गुरुकुल-महाविद्यालय ज्वालापुर के प्रतियोगी छात्र देवांश प्रथम स्वामीदर्शनानंद गुरुकुल-प्रतियोगी छात्र शिवम कॉलेज ज्वालापुर के दूसरे, ऋषिकुल विद्यापीठ ब्रह्मचर्य आश्रम के प्रतियोगी छात्र दीपांशु खंतवाल तीसरे स्थान पर रहे।
19	हे भगवन् ! शारीरक, मानस, आगंतुक और स्वाभाविक व्याधियोंसे नाना प्रकारकी पीड़ाके केशसे दुःखित व सनाथ होकर भी अनाथकी भांति तड़फते और विलाप करते हुए मनुष्योंको देखकर हम सबके मनमें खेद होता है इससे उन सुख चाहनेवाले रोगियोंक रोगशांतिके लिये और सुखसे अपना जीवन व्यतीत करनेको तथा प्रजाके कल्याणके अर्थ जैसे आप उपदेश करेंगे आयुर्वेद (वैद्यक शास्त्र) के सुनने की हम सब इच्छा करते हैं ॥	हे भगवन्! शारीरिक, मानसिक, सांसारिक, स्वाभाविक, शारीरिक और शारीरिक विकारोंसे उत्पन्न होनेवाले अनेक प्रकारके विकारोंसे पीड़ित होनेवाले, विघ्नोंसे उत्पन्न होनेवाले, सनाथोंसे उत्पन्न होनेवाले, कष्टोंसे ग्रस्त होनेवाले, मनुष्योंके दर्शन करनेवाले, मनमें उत्पन्न होनेवाले, रोगोंको शान्त करनेके लिये और प्राणियोंके भ्रमणके लिये जो रोगी हैं, उन (रोगोंके) रोगोंकी चिकित्सा करनेके लिये जो रोगी हैं, उन (रोगोंकी) चिकित्सा करनेवाले और प्राणियोंके उपदेशके
8	परन्तु न्यूनतम तापमान में कमी के कारण ठंडी लहर लगातार होगी।	लेकिन न्यूनतम तापमान में कमी के कारण ठंडी लहर जारी रहेगी।
6	सभी बच्चे नीरव के बगीचे में खेलते हैं	सभी बच्चे नीरज के बगीचे में खेलते हैं।
1	हत्यारा	मारने वाले को
33	उस बाद जय शब्द से महेश्वर को प्रसन्न करते हुए सभी नशाचरों, देवताओं और ऋषिगण विष्णु के पास जाकर उस शंखचक्र धारण करने वाले देव को प्रणाम करते हुए, हे देव ! सुकेश के तीन पुत्रों और तीनों त्रेताग्नि के सन्निहित वरदाताओं के साथ हमारे स्थानों को सुशोभित करने लगे।	तत्पश्चात् जयघोष से महेश्वर को प्रत्युत्तर देते हुए वे सभी निशाचरों से डरने वाले देवता और ऋषिगण विष्णु के पास जाकर उस शंखचक्रधर देव को प्रणाम करके सुकेश के पुत्रों के प्रति एक कुलीन वचन बोले हे देव! सुकेश के पुत्रों ने तीनों त्रेताग्नि के समान वरदान से हमारे स्थान छीन लिए हैं।
5	प्रधानमंत्री ने लोगों को युवजन-महोत्सव की शुभाशंस की.	प्रधानमंत्री ने लोगों को युवा-महोत्सव की बधाई दी.
3	जब वो  रुकते हैं	वे जब रुकते हैं
5	किंतु न चलता हुआ गरुड भी, एक कदम भी नहीं जाता।	जाते हुए भी एक पैर भी नहीं जाते हैं।
5	जहाँ परिश्रम हैं, वहाँ असफलता कहाँ?	जहाँ परिश्रम है, वहाँ असफलता कहाँ है?
11	नीलेश - मैं अहमदाबाद के पास विशाल गौशाला बना रहा हूँ।	नीलेश: मैं कानपुर (अहमदाबाद) शहर के पास एक बड़ी गौशाला बना रहा हूँ।
6	यह क्या है वृक्ष या ठूंठ ?	यह क्या वृक्ष टिका है?
4	वह अपना धन दिखा रही है ।	वह अपना धन दिखा रही है।
4	प्रत्येक गाँव में बाग़ होता है।	गाँव-गाँव में बाग़ होता है।
9	जो मन परिसर को सुगन्धित करता है उसका नाम परिमल है।	जिस सुगन्ध से मन और परिसर सुगन्धित होते हैं, उसी सुगन्ध का नाम निर्मल होता है।
6	चिकित्सालयों में उपकरण और औषधि का अभाव है।	अस्पतालों में उपकरण और दवाओं का अभाव है।
5	गुरु छात्र को शास्त्र स्त्र में ले जाता है।	गुरु छात्र को शास्त्र पढ़ाता है।
23	इसके लिए स्वास्थ्य- परिवार कल्याण, सामाजिक न्याय, सशक्तिकरण, श्रम और Employment, मंत्री कैनल डॉ. धनीराम शांडिल सोलन शिमला ने राष्ट्रीय राजमार्ग के चतुष्म लाइन के काम को शीघ्र करने के लिए संबंधित अधिकारियों को निर्देश दिया।	उसके लिए स्वास्थ्य-परिवार कल्याण, सामाजिक न्याय, सशक्तिकरण, श्रम और रोजगार मंत्री कर्नल डॉ. धनीराम शांडिल ने सोलन शिमला राष्ट्रीय राजमार्ग के चतुष्पंक्ति राजमार्ग का काम शीघ्र करने के लिए संबंधित अधिकारियों को निर्देश दिया।
4	संदीप कहाँ जाता है ?	संदीप कहाँ जाता है?
5	छात्रवत्सल गुरु छात्र को धर्म का बोध कराता है।	छात्रवत्सल गुरु छात्र को धर्म समझाता है।
8	पराग - नहीं , तेज मत चलो ।	पराग-नहीं, वेग से मत चलो।
7	सरकार की इस नीति में कर्मचारियों का उत्साहपूर्ण सहयोग होता है।	सरकार के इस पटल को कर्मचारियों का उत्साहजनक सहयोग मिल रहा है।
6	और अपने परिवार का सम्मान अवश्य बढ़ेंगे।	अपने परिवार का सम्मान अवश्य बढ़ेगा।
10	इससे पतञ्जल का समय सामान्यतः ख्रिस्तपूर्व 150 वर्षों का है।	इससे पतञ्जल का समय आमतौर पर 150 ई. पू. माना जाता है।
10	प्रशिक्षण पाने के लिए जो शिक्षक आए थे उन्हें भी उत्साह के साथ भाग लिया गया।	प्रशिक्षण पाने के लिए जो शिक्षक आए थे उन्होंने भी उत्साह से भाग लिया।
1	विपरीत	प्रतिकूल
4	कितने बजे तक पढ़ेंगे ?	कितने बजे तक पढ़ेंगे?
9	जैसे-जैसे इस लोक में जो कुछ कार्य होते हैं, वे सब तुझी संचित की जाती हैं।	यदि जो कोई भी इस लोक में कार्य करता है, तो उन्हें नियुक्त करो।
1	देखते हैं	देखते हैं
5	पति - आज फिर से ....	पति-आज फिर....
9	वास्तव में रुपाली गांगुली के पिता अनिल गांगुली सर्वश्रेष्ठ फ़िल्म निर्माता थे।	वास्तव में रूपाली गांगुली के पिता अनिल गांगुली फिल्म निर्माता थे।
9	तेजिन्दर – हमारा तिरंगा झण्डा स्वाधीनता और राष्ट्रगौरव का प्रतीक है।	तेजिन्दर-हमारा तिरंगा झंडा स्वाधीनता और राष्ट्र के गौरव का प्रतीक है।
1	रोगी का	जो उत्सुक है
15	सर्वश्रेष्ठ टेलीविजन कार्यक्रम-इस दौरान दिखाई पड़ने के बाद अब लक्ष्य लालवानी है''किल''फिल्म के माध्यम से कोहली-फिल्म में वह दिखाई देगा.	दूरदर्शन का सबसे बड़ा कार्यक्रम-इस दृश्य के बाद अब लक्ष्य लालवानी "किल" फिल्म के साथ रेलमार्ग-फिल्म में दर्शन देगा।
7	इस संबंध में बुधवार को राज्य के राजभवन द्वारा अधिसूचना प्रसारित की गई है।	इस संबंध में प्रदेश के राजभवन ने बुधवार को अधिसूचना जारी की है।
12	उत्पादन औरव्यय के अनुसार ग्रेवल की दर को तय करने के लिए सरकार सोच रही है, जिससे जनता को नुकसान न हो सके।	उत्पादन खर्च के अनुसार ग्रेवल की दर को तय करने के लिए सरकार विचार कर रही है, जिससे जन समुदाय में भार नहीं होता है।
1	जन्म और मृत्यु	स्वर्ग
5	वे विलासी लोग आने वाली आपदा को नहीं देखते हैं।	वे भोगों से आसक्त होने वाले आसन्न विपत्तियों को नहीं देखते हैं।
6	दिल्ली के उपमुख्यमंत्री मनीष सिसोयी को फरवरी में गिरफ्तार किया गया है.	दिल्ली नगर के उपमुख्यमंत्री मनीष सिसोदिया को फरवरी में गिरफ्तार किया गया था।
5	गङ्गा नदी के तट पर उनका आश्रम है।	गंगा नदी के तट पर उनका आश्रम है।
17	मुख्यमंत्री सुखविंदर सिंह सुक्खू ने कहा कि राज्य सरकार ने कांगड़ा जिले के ढगवार में अत्यन्त आधुनिक स्वचालित दूध प्रसंस्करण संयंत्र को स्थापित करने के लिए राष्ट्रीय दूध विकास बोर्ड के साथ ज्ञापन पर हस्ताक्षर किए हैं।	मुख्यमंत्री सुखविंदर सिंह सुक्खू ने कहा कि राज्य सरकार ने कांगड़ा जिले के बादलवार में अत्याधुनिक स्वचालित दूध प्रसंस्करण संयंत्र की स्थापना के लिए परामर्श सेवाएं प्रदान करने के लिए राष्ट्रीय दूध विकास बोर्ड के साथ ज्ञापन पर हस्ताक्षर किए हैं।
8	इस संबंध में मंगलवार को झारमा जरीिस्तान में घटनास्थल से आवश्यक साक्ष्य एकत्र किया गया।	इस संबंध में मंगलवार को झारखंड में जाकर घटनास्थल से आवश्यक साक्ष्य एकत्र किया गया।
8	मुम्बई में वह आतंकवादी हमलों की स्मारक में शहीद वीरों को पुष्पंजलि देगा।	मुंबई में वह आतंक की घटना के स्मारक पर शहीद वीरों को पुष्पांजलि अर्पित करेंगे।
7	छात्रवृत्ति योजनाओं में भ्रष्टाचार का निवारण करने की व्यवस्था की गई है।	छात्रवृत्ति योजनाओं में भ्रष्टाचार को रोकने के लिए यह नई व्यवस्था की गई है।
13	आलस्य ही मनुष्य के शरीर का महान शत्रु है। उद्यम जैसा कोई मित्र नहीं है। कार्य करने वाला व्यक्ति दुःखी नहीं होता है ।	मनुष्यों के शरीर में आलस ही महान् शत्रु है। परिश्रम के समान कोई बन्धु नहीं है, जिससे वह दुःखी नहीं होता है।
5	मैं उसकी शाखाएँ काट रहा हूँ ।	मैं उसकी डाल काट रहा हूँ।
22	ध्यान का बहाना बनाकर (तुम) किस सुन्दरी का चिन्तन कर रहे हो? क्षणभर के लिये आँखें खोलकर कामदेव के बाणों से व्यथित इन जन को तो देखो, रखक होते हुए भी तुम हमारी रक्षा नहीं कर रहे हो व्यर्थ में ही तुम दयालु कहलाते हो तुमसे अधिक निष्ठुर पुरुष कोईओर नहीं है। इस प्रकार अप्सराओं द्वारा ईर्ष्यापूर्वक कहे गए ज्ञानसम्पन्न जैन तीर्थकर (महाराज) आप सबकी रक्षा करें।	हे ब्राह्मण! ध्यान की आसक्ति से व्याकुल होकर तुम कामनाओं से भरे हुए एक क्षण के लिए भी अपने नेत्रों से मनुष्य के अंगों की रक्षा नहीं कर रहे हो। तुम एक प्रकार से झूठ बोल रहे हो। तुम निर्गुण से अधिक कठोर क्यों नहीं हो? मेरे पुत्रों में से अन्य कौन है? और मेरे पुत्रों में ब्राह्मण, बौद्ध, जिन-पुत्रों में श्रेष्ठ है।
4	वर्षा की प्रतीक्षा कर रहे हैं	वर्षा की प्रतीक्षा करते हैं।
5	भारतीय खिलाड़ी सूर्य कुमार यादव को सर्वश्रेष्ठ खिलाड़ी चुना गया।	भारतीय खिलाड़ी सूर्य कुमार यादव को सर्वश्रेष्ठ खिलाड़ी के रूप में चुना गया।
5	जर्मनी देश का क्रम चौथा है।	जर्मनी देश का क्रम चौथा है।
13	यदि मैं आज्ञा नहीं करता हूँ, यदि गुह्य नहीं है, यदि मेरे द्वारा सुना जा सकता है तो कृपया कहें।	मैं आज्ञा नहीं देता, यदि गोपनीय नहीं है, यदि मैं सुन सकता हूँ तो कृपया कहें।
18	जो भी सभ्यता, क्षेत्र का विकास, जीविका, संस्कृति, शिक्षा आदि के इस क्षेत्र में प्रवाहित बड़ी जलधाराओं के कारण यह इतिहास में उल्लेखित है,	जो कोई भी सभ्यता, क्षेत्र का विकास, उपजीविका, संस्कृति, शिक्षा इत्यादि का उपक्रम उस क्षेत्र में बहती हुई बड़ी नदियों के कारण होता है, वह इतिहास में उल्लेख किया गया है।
6	एक बार वे धर्म के प्रचार के लिए एक गाँव को गये।	एक बार वे धर्म प्रचार के लिये एक गाँव गए थे।
5	वह वृद्धा खुश हो जाती है	वह वृद्धा खुश होती है।
5	फिर भी सामा बहुत गुणवती है ।	फिर भी सामा बहुत गुणवती है।
19	इस अवसर पर सोमवार को शिमला में उद्योग मंत्री उपस्थित हुए मुख्यमंत्री सुखविंदर सिंह शुक्ल ने गिरिपार क्षेत्र के अधिकारियों और जनता की उपस्थिति में हाड़ी समुदाय को अनुसूचित जनजाति के रूप में घोषणा की और अधिसूचना जारी की।	इस अवसर पर सोमवार को शिमला में उद्योग मंत्री ने मुख्यमंत्री सुखविंदर सिंह सुक्खू और गिरिपार क्षेत्र के अधिकारियों और लोगों ने हाड़ी समुदाय को अनुसूचित जाति के रूप में घोषित किया।
3	उसकी चिकित्सा करवाई।	उसकी चिकित्सा करायी।
5	सर्वमेध विधाता ने उन दोनों को जगत्सृष्टि की रचना की।	सर्वमेध के माध्यम से उन दोनों ने जगत् की सृष्टि की।
5	उत्तम लड़की से धन लेता हूँ।	उत्तम बालिका का धन लेता हूँ।
16	लम्बी श्वास लेकर । हे पुत्रि, तुम्हारे द्वारा पहले पूजा के लिए डाले गए (और अब) पर्णकुटी के द्वार पर उगे हुए नीवार के उपहार को देखते हुए मेरा शोक भला कैसे शान्त हो सकेगा? ।।	काश्यप ने कहा-- तुम मेरे शोक को कैसे शान्त कर सकोगे? तुम इससे पहले यह क्या किया था? तुम ऊँट के दरवाजे पर खड़ी नीवार बलि को देखते हो।
1	महात्मा गाँधी	गुरु
4	शीखा प्रतियोगिता को प्रथम पुरस्कार, भागीरथ गिरी।	शीखा प्रतियोगिता में पहला पुरस्कार भागीरथ गिरी को मिला।
4	अंत में पाकिस्तान की पराजय हुई।	अंत में पाकिस्तान की पराजय हुई।
15	कक्षाओं का अनुभवकथन स्मृतिगुप्ता ने किया, आदित्यरावत, डॉ. राघवेन्द्र मिश्र ने, मुकेश लोधी, निशा पाण्डेय और डॉ. भागीरथी मिश्र ने किया।	कक्षाओं का अनुभवकथन स्मृतिगुप्ता, आदित्यरावत, डॉ. राघवेन्द्र मिश्र, मुकेश जोशी, निशा पांडे और डॉ. भागीरथी मिश्र ने किया।
3	जोकि, उपयोंको अधिकार करके यह तन्त्र रचागया है इस वास्ते इसका अग्रगण्य ) औपद्वधिक अध्याय प्रथम वर्णन होगा ॥	जिसके द्वारा तंत्र को अधिकृत किया गया था।
10	इस पृथ्वी पर तीन ही रत्न हैं-जल, अन्न और हितकारी वचन, परंतु मूर्ख लोग पत्थर के टुकड़े को रत्न कहते हैं।	पृथ्वी पर तीन रत्न हैं-जल का मन्त्र सुभाषित है। मूर्ख लोग पत्थर के टुकड़ों पर रत्न की संज्ञा देते हैं।
1	इन सभी	ये सब
5	इसके बाद संस्थानगीतिका "श्रुतिसरभरविचार" को राधेमोहन और यशिक द्वारा प्रस्तुत किया गया।	इसके बाद संस्थानगीता "श्रुतिसरभरविचारम्" राधा मोहनशिका ने प्रस्तुत किया।
4	आपने झरना देखा है?	क्या आपने झरने देखे हैं?
7	वो दोनों देवनागरी में ही हस्ताक्षर करती हैं	वे दोनों देवनागरी में ही हस्ताक्षर करते हैं।
6	मैं भी नहीं जानता, परन्तु सूर्यसिंह जानता है।	मैं भी नहीं जानता परन्तु सूर्यसिंह जानता है।
28	इसरो अध्यक्ष एस सोमानाथ ने कहा कि भारत की प्रमुख सौर मिशन आदित्य है-एल-इत्य है यह छ जनवरी है-दिनांक पर धरती का एक पांच लाख किलोमीटर-दूर स्थित लैंडर-बिन्दु अपने मनोरथ पर पहुंच जाएगा।	इसरो के अध्यक्ष एस सोमनाथ ने कहा कि भारत का प्रमुख सौर मिशन आदित्य-एल-यह छह जनवरी को पृथ्वी से एक दशमलव पांच लाख किलोमीटर दूर स्थित लैग्रांगियन-बिंदु अपने इच्छित गंतव्य को प्राप्त करेगा।
8	तब से, भागवत उनके साथ विश्वसनीय हो गया।	तब से भागवत को उसका विश्वासयोग्य सहवर्ती बन गया।
4	अधिक भोजन का यही फल है ।	अधिक भोजन से ही फल मिलता है।
8	जिसकी प्रारम्भिक सत्र संस्कृतप्रार्थना है, संस्कृत भाषा में वार्ता आदि पढ़ते हैं।	इसके शुरुआती सत्र में संस्कृत प्रार्थनाएँ, संस्कृत भाषा में वार्ताएँ इत्यादि पढ\u093Cी जाती हैं।
6	ये ही मिलकर या अलग-अलग हमारे पर्यावरण को बनाते हैं।	उनके साथ मिलकर अलग-अलग हम अपना वातावरण बनाते हैं।
13	इजरायल देश से कहा गया है कि वह इस केंद्र शासित प्रदेश में जल्द ही समुद्री जल शुद्धीकरण के कार्य में लगेंगे।	इजराइल ने कहा कि वह इस केंद्र शासित प्रदेश में जल्द ही समुद्री जल को साफ करने के लिए काम शुरू करेगा।
3	कँटीला रास्ता है।	काँटे से भरा रास्ता है।
11	इस उपोषण में, पर्यावरण के परिवर्तन, कृत्रिम बुद्धिमत्ता के संकट और आर्थिक विषयों पर चर्चा की जाती है।	इस सत्र में जलवायु परिवर्तन पर कृत्रिम बुद्धिमत्ता के संकट पर आर्थिक विषयों पर चर्चा होती है।
10	इसलिए वह कात्यायन का''सिद्ध शब्द अर्थ के संबंध में लोकतोर्थ के लिए प्रयोग किए जाने के लिए शास्त्र द्वारा लौकिक वेदिकों में धर्म का पालन किया गया।	उसके लिए वह कात्यायन का है "सिद्ध शब्द अर्थ के सम्बन्ध में लोक अर्थ के प्रयोग में शास्त्र द्वारा धर्म का नियम लौकिक वेदियों में है।
8	हाँ देखिये , मैं आदर्श पाठशाला का छात्र हूँ।	हाँ देखो, मैं आदर्श पाठशाला का छात्र हूँ।
3	जल्दी जाओ ।	जल्दी जाओ।
10	जब वह यहाँ आया तब कुछ दिनों में प्राकृतिक आपदा थी।	जब वह यहाँ आया तब कुछ दिनों में स्वाभाविक आपदा थी।
5	कौन दोपहर में पाठशाला नहीं जाता?	कौन दोपहर में पाठशाला नहीं जाता?
12	कोर्ट ने कहा कि हम दी जाने वाले निर्णय पर हस्तक्षेप नहीं करना चाहते हैं, इसलिए विशेष याचिका निलंबित की गई है।	पीठ ने कहा कि हम दिए गए निर्णय में हस्तक्षेप नहीं करना चाहते हैं, इसलिए विशेष मंजूरी याचिका खारिज कर दी गई है।
1	अचानक	साथ ही
7	यह बीमारी औषधि, वनस्पतियों और संपत्तियों में स्थित होने के कारण भी हो सकती है।	फार्मास्युटिकल वनस्पतियों और संसाधनों की स्थिरता के लिए भय पैदा करना चाहिए।
1	प्राणवायु ।	माता
7	आत्मा षड्भाव विकारों से रहित, अनन्त सच्चित्स्वरूप, आनन्द स्वरूप, बुद्धि आदि का साक्षी तथा अविनाशी है ॥	छः भावों से रहित अनन्त सत्यप्रज्ञाविग्रह है, आनन्दस्वरूप बुद्धि और साक्षी लय से रहित है॥
8	लेकिन निर्माताओं ने आज भी फिल्म की शूटिंग नहीं शुरू की।	लेकिन निर्माताओं ने आज भी फिल्म का शूटिंग शुरू नहीं किया।
5	बार बार पानी पीता हूँ	बार बार पानी पीता हूँ।
6	धर्म की रक्षा के लिये वह आगे आया ।	धर्म की रक्षा के लिये वह आगे आया।
9	यह सम्भव है। कहाँ से? 'अन्तपारं किल शब्दशास्त्रम्' ऐसा कहा गया है।	यह सम्भव है। कहाँ से? "अनन्तपार शब्दशास्त्र को नष्ट करो" ऐसा कहा गया।
4	पति - खाएगा ।	पति-खाएगा।
4	वह नगर को जाता है क्या?	वह नगर को जाता है क्या?
6	चुनाव की प्रक्रिया में देरी के कारण पाकिस्तान तहरीक-ए-इंसाफ पार्टी का विरोध किया जा रहा है.	चुनाव में देरी के कारण पाकिस्तान तहरीक-ए-इंसाफ़ पार्टी विरोध कर रही है.
6	शिक्षिका – हे छात्राओं ! तुम सब क्या करते हो?	शिक्षिका-छात्र! तुम सब क्या कर रहे हो?
7	इसने सौ रुपये लिये वा नहीं ?	उस व्यक्ति ने सौ रुपये जुटाए वा नहीं?
4	दूकान से सबसे पहले सोलर पैनल निकाला ।	बाजार से सबसे पहले सोलर बोर्ड निकाला।
7	इस समय नगरीय प्राथमिक स्वास्थ्य केन्द्र हजारों के लिए स्वास्थ्य सेवा प्रदान करती है।	इस समय नगरीय प्राथमिक स्वास्थ्य केंद्र हजारों लोगों को स्वास्थ्य सेवाएं प्रदान करता है।
5	ओह वह नहीं सुनता है ।	ओह वह नहीं सुनता है।
4	इस प्रकार विभीषण ने उसे देखा।	ऐसा विभीषण ने उससे पूछा।
27	कार्यक्रम के संचालन में डॉ मूल चंद्र शुक्ल ने कहा कि अकादमी का यह सहयोग विभिन्न साहित्य को समाज के सामने लाने का काम करता है जिसके कारण महान विद्वान और प्रेक्षक इस ज्ञान का लाभ उठाते हैं।	कार्यक्रम का संचालन कर रहे डॉ. मूल चंद्र शुक्ल ने कहा कि अकादमी का यह सहयोग अनेक प्रकार के साहित्य को समाज के सामने लाने के लिए काम कर रहा है जिसके कारण महाविदांस और दर्शक इस ज्ञान का लाभ उठाते हैं।
12	इस दौरान मंत्री कर्णल धनीराम शांडिल आदि ने कलाकारों के साथ नृत्य किया।	इस दौरान मंत्री कर्णल धनीराम शांडिल ने कलाकारों के साथ नृत्य किया।
12	इस स्पष्टता के कारण नासा इत्यादि संस्थाओं को कई नई किस्मों के आने पर संस्कृत को ही अनिवार्य रूप से माना जाता है।	इस स्पष्टता के कारण, नासा जैसी संस्थाएँ अनेक तरीकों से भविष्य में संस्कृत ही अनिवार्य मानती हैं।
8	बोलो .... फिर से चंचलता नहीं करूँगा।	शिक्षिका-बोलो.... फिर चंचलता नहीं करूँगी।
24	संपूर्ण हिंदू समुदाय की संगठित शक्ति ही ऐसी कार्य करने में सक्षम थी, इसीलिए पूरा हिंदू समुदाय धनी है और इसलिए सभी जातियों ने जाति-उन्मूलन के लिए कार्य करने का कर्तव्य जो हिन्दू समुदाय सशक्त हो सकता है।	पूरी हिंदू समाज की संगठित शक्ति ही ऐसा कार्य करने में सक्षम है, इसीलिए पूरा हिंदू समाज समृद्ध है इसीलिए सभी को जाति-उन्मूलन के लिए काम करना चाहिए जिससे हिंदू समाज सशक्त हो सके।
4	कोलाहल नहीं करो।	शोर मत करो।
1	पल्लवसहित	पल्लववाद से।
9	उन्होंने भी उस नाई की बांधकर मरने से बचे हुए  क्षपणकों के साथ न्यायालय में ले आए।	तब भी वह नाई बाँधकर मरे हुए के साथ धर्मस्थाना ले जाया गया।
7	जोसेफ बोला – मुझे तो मधुमेह है।	जोसेफ ने कहा-मुझे तो मधुमेह है।
6	स्वावलम्बन सतत अपने आत्मविश्वास को बढ़ाता है।	स्वावलंघन निरन्तर अपने आत्मविश्वास को बढ़ाता है।
12	छात्रों के लिए पुस्तकालय में कितने सुविधाएँ हैं, सरकार ने यह budget कितना खर्च किया है?	छात्रों के लिए पुस्तकालय में कितनी सुविधाएँ हैं, सरकार ने दिया हुआ बजट कितना खर्च किया है?
10	1900 के छात्र शम्मीशर्मा ने जम्मू-कश्मीर राज्य के प्रसिद्ध मेलों के विषय पर अपना मत दिया।	पहले वर्ष के छात्र शम्मी शर्मा ने जम्मू-कश्मीर राज्य के प्रसिद्ध मेलों पर अपना मत दिया।
1	सत्कार, मान और पूजा के लिए।	सत्कार और सम्मान के लिए।
4	साध्वियाँ भजन गाती हैं	सज्जन लोग भजन गाते हैं।
22	इस में शिक्षकों की शिक्षा नीति, राष्ट्रीय उपलब्धि सर्वेक्षण क्षेत्र के समय-समयों तथा उनके सम्भावित समापन तथा आधुनिक साधनों के उपयोग से छात्रों को अपने विषय को प्रभावी रूप से बिछाने के लिए विभिन्न पद्धतियाँ सीखी गई हैं।	इस में शिक्षकों को शिक्षा नीति, राष्ट्रीय उपलब्धि सर्वेक्षण क्षेत्रवार समस्याओं और उनके संभावित समाधान के साथ-साथ आधुनिक साधनों के उपयोग से छात्रों के लिए अपने विषय को प्रभावी रूप से फैलाने के लिए विभिन्न पद्धतियाँ प्रशिक्षित की गई हैं।
1	सन्तानों के।	पुत्रों की
8	राज्य सरकार लोकसेवा आयोग के माध्यम से 1243 पुलिस रक्षकों को नियुक्त करेगी।	राज्य सरकार लोकसेवा आयोग के माध्यम से 1243 पुलिस कर्मियों की भर्ती करेगी।
3	तुम जाते हो क्या?	तुम जाते हो क्या?
4	बाद में वह घूमता है ।	बाद में वह घूमता है।
9	शनिवार सुबह 10 बजे मार्कर ने सड़क आंदोलन का आरम्भ किया.	शनिवार सुबह शाम मार्कर फोन से सड़क संचालन शुरू हुआ।
6	लोसर के बारे में तिब्बती चर्चा में बहुत उत्साह था।	लोसर के बारे में तिब्बती समुदाय में बहुत उत्साह था।
3	अनेक प्रशंसायें प्राप्त की गई हैं।	अनेक प्रशंसाएँ मिलीं।
3	वह बेकार में बड़बड़ा रही है ।	वह बेकार में बड\u093Cबड\u093Cाती है।
3	यह ऐतिहासिक वृद्धि है।	यह ऐतिहासिक वृद्धि है।
9	रेलवे स्टेशन बस- टैक्सी- उद्देश्य है कि अटोरिक्शा स्टेशनों के साथ संबंध बनाए रखना है।	रेलवे स्टेशनों को बस-टैक्सी-इसका उद्देश्य अटोरिक्शा स्टेशनों से जोड़ना है।
6	तीन दिवसीय सम्मेलन आज शुरू होगा	तीन दिवसीय सम्मेलन आज से शुरू होगा।
4	पति घर से बहार चला गया ।	पति घर से बाहर गया
1	विषाद एवं दीनता के वशीभूत।	विषाद, दिन और दिन के दुर्भाग्य से।
10	इक्वेटी बेंचमार्क की सूचकांक और बीएसई सेन्सेक्स की निफ्टी एक सौ दिन के बाद फिसल गईं।	इक्वेटी बेंचमार्क सूचकांक, बीएसई सेन्सेक्स और निफ्टी दिन के अंत में एक सौ से अधिक फिसल गए।
25	शोभायुक्त और नमस्कार करते हुए देवेन्द्रों और असुरेन्द्रों के मुकुटों के चमकदार रत्नों की कांति से जिनके श्री चरणों के नखरुपी चन्द्रमा की ज्योति स्फुरायन हो रही है। और जो प्रवचन रुप सागर की वृद्धि करने के लिए स्थायी चन्द्रमा हैं एवं योगिजन जिनकी स्तुति करते हैं, ऐसे अरिहन्त सिद्ध आचार्य उपाध्याय और साधु ये पांचों परमेष्ठी तुम्हारे पापों को क्षालित करें और तुम्हें सुखी करें।	श्रीमन्नाम के सुरा सुरेन्द्र मुकुट, प्रद्योत रत्न प्रभा, भास्वत्पाद नखेन्दव प्रवचन -, भधिन्दव स्थायी। जो सभी जिन-सिद्ध-सूर्य के अनुगत हैं, वे सभी पाठक साधु हैं, स्तुति से योगीजन भी पन्वगुरु हैं, वे मंगल करें।
1	गोभी	गोधूलि
6	कल्याण समिति के बारे में निर्णय अभी भी नहीं लिया गया है।	कल्याण समिति के बारे में निर्णय आज भी नहीं लिया गया।
4	अपने मोक्ष के लिए और समाज के कल्याण के लिए।	अपने मोक्ष और जगत् के लिए।
5	तुम तो यज्ञ विधि भी जानते हो।	तुम तो यज्ञ की विधि भी जानते हो।
7	वह दोनों देवनागरी में ही हस्ताक्षर करती हैं	वे दोनों देवनागरी में ही हस्ताक्षर करते हैं।
22	अरे काम! अपने धनुषकी टंकारोंसे हाथोंको क्यों थकाता है ? अरी कोयल ! तू अपने कोमल कलरवोंसे वृथा क्यों बक-बक कर रही है ? ओ बाले ! तुम्हारे इन अतिस्निग्ध, चातुर्यपूर्ण, भोले-भाले, मधुर और चंचल कटाक्षोंसे भी अब कुछ नहीं हो सकता। अब तो मेरा चित चन्द्रशेखर श्रीशंकरके चरणसरोरुहके ध्यानरूप अमृतका आस्वादन कर चुका है ॥	हे कौए! हे कौए! हे कौए! हे कौए! हे कौए! हे कौए! हे कौए! हे कौए! हे कौए! हे कौए! हे कौए! हे कौए! हे कौए! हे कौए! हे कौए! हे कौए! हे कौए! हे कौए! हे कौए! हे कौए! हे कौए! हे कौए! हे कौए! हे कौए! हे कौए! हे कौए! हे कौए! हे कौए! हे कौए! हे
5	वह सभा में क्यों बैठा है	वह क्यों सभा में बैठा है?
8	बहुत से लोग राखी भेजने के लिये यहाँ आए हैं ।	अनेक लोग राखी भेजने यहाँ आए हैं।
2	एक निराकार परमेश्वर को।	एक मूर्ति
7	इस प्रकार कुल राजा की प्राप्ती 42,152,08 करोड़ रुपये होगी।	इस प्रकार कुलराज की प्राप्ति 42, <152.08] करोड़ रुपये होंगे।
6	तब वो तीन सुकेशपुत्र कृतार्थ हुए।	तब वे तीन सुकेश पुत्र हुए।
4	रास्ते में गड्ढा था।	रास्ते में गड्ढा था।
10	चुनाव जब आते हैं तब मंदिर आगे आता है, उन्होंने कहा था।	चुनाव जब आते हैं तब मंदिर आगे आता है, उन्होंने कहा था।
7	श्यामला इससे पहले संस्कृत कार्य करती थी ।	श्यामला इससे पहले संस्कृत कार्य करती थी।
8	इंदौर में एक के साथ बात करनी थी ।	इंदौर में एक के साथ बात करनी थी।
10	यह सुनकर हिरण्यक चित्रग्रीव के बन्धनों को काटने के लिए जल्दी से निकट आया तो चित्रग्रीव कहने लगा -हे मित्र।	यह सुनकर हिरण्यक शीघ्र ही चित्रग्रीव का बन्धन काट दिया। चित्रग्रीव बोला-मित्र!
4	श्रद्धास्पद गुरुचरणों में सादर अनेक प्रणाम ।	श्रद्धास्पद गुरुचरणों में सादर प्रणाम।
15	दूसरी ओर, इस समय महेशबाबू की नई फिल्म''गुंटूरा करें''इसकी विज्ञापन बुक प्रदर्शित होगी, ऐसा समाचार आता है।	दूसरी ओर, महेशबाबू की नई फिल्म का "गुंटूर करमा" खबर आ रही है कि विज्ञापन बुक प्रदर्शित किया जाएगा।
11	ऐसे मित्र को छोड़ देना चाहिए जो पीठ पीछे तो काम बिगाड़ता हो और सामने मीठी-मीठी बातें करता हो। क्योंकि वह एक ऐसे विष के घड़े के समान है जिसके मुख पर (ऊपर) दूध पड़ा है |	जो व्यक्ति विदेश में काम करता है, सामने में प्रिय भाषण करता है, उसे ऐसे मित्र से बचना चाहिए जो विष के कुएं से युक्त हो।
6	वानी की दोनों टीमों के साथ समन्वय है।	भवानी के दोनों समूहों के साथ समन्वय है।
11	बढ़ जाए मेरे अवयव, वाणी, प्राण, आँख, कान, बल और इन्द्रियाँ	मेरे अङ्गों को वाणी, प्राण, आँख, कान अथवा बल और इंद्रियों को प्राप्त करें।
4	मुँह में बत्तीस दाँत होते हैं।	मुँह में बत्तीस दाँत होते हैं।
22	रे अहंकार ! तू कहीं चला जा, अरे पाप ! खबरदार, अब तू यहाँ न रहना, अरे पिशुन! (कूटनीति) तू भी दूर हो; क्योंकि अब मैं अभिमानका पात्र न रहा, रे क्रोध! तू भी यहाँसे अब और कहीं अपना डेरा डाल, आजसे हम अनन्यचित्तवालोंके हृदयमें वे भगवान् त्रिलोकीनाथ हरि ही निवास करें ।।	हे रघुश्रेष्ठ! तुम किसी भी प्रकार का अहंकार मत करो। हे रघुश्रेष्ठ! तुम मुझे पृथ्वी की ओर ले चलो। हे रघुश्रेष्ठ! तुम मेरे पास आओ। हे रघुश्रेष्ठ! तुम मेरे पास जाओ। हे रघुश्रेष्ठ! मेरे हृदय में त्रिलोकीनाथ देवताओं का निवास करो।
12	कल तेलंगाना से प्रेमप्रसाद भंडारी श्रीमद्भगवद्गीता जयंती के अवसर पर एक-विशेषा- प्रतियोगिता का आयोजन हुआ।	कल तेलंगाना से प्रेमप्रसाद भंडारी ने श्रीमद्भगवद्गीता जयंती के अवसर पर एक-विशेषा-प्रतियोगिता का आयोजन किया गया।
20	मृतक के बन्धु लोगों ने कहा कि शनिवार को अम्लिका खा रही थी आदर्श ने उसके बीजों कोगल लिया, उसके बाद सांस लेने में कष्ट हुआ, उसका स्वर भी रुक गया।	मरे हुए के रिश्तेदारों ने कहा कि शनिवार को अम्लिका खाते हुए आदर्श ने उसके बीज निगल लिए, उसके बाद उसे सांस लेने में कष्ट हुआ, उसका स्वर भी निवृत्त हो गया।
4	जहां मैं जाता हूं।	जहाँ मैं जाता हूँ।
4	माता और पिता	माता और पिता
5	वरुणा उसके विवाह के चित्र दिखा रही है ।	वरुणा अपने विवाह के चित्र दिखा रही है।
6	आदि नाम का छात्र संस्कृत कार्यक्रम का संचालन करेगा।	आदि नाम का छात्र संस्कृत कार्यक्रम का संचालन करेगा।
2	अस्पष्ट शब्द करना	अव्यक्त शब्द में
11	भारतवर्ष का प्राणरूप है वेद धर्म ही है, धर्म ज्ञान ही शिक्षा का मूल है।	भारतवर्ष का प्राणरूप तन्नाम धर्म है, अथवा धर्मज्ञान शिक्षा का मूल है।
3	इसके बाद क्या करेगा ?	बाद में क्या करोगे?
32	उन्होंने कहा कि वह कई राज्यों में देखता है कि राज्य के युवा लोग होटेल में नौकर के रूप में काम करके हजार रुपये कमाते हैं, लेकिन जब उसकी घर के दरवाजे पर यह जीविका पहुंच जाएगी तब उसके बाहर जाने की भी आवश्यकता नहीं होगी।	उन्होंने कहा कि वह अक्सर बाहर राज्यों में देखता है कि राज्य के युवा लोग होटलों में नौकर के रूप में काम करके हजार रुपये कमाते हैं, लेकिन जब उसके घर के दरवाजे पर यह जीविका प्राप्त होगी तब उसके बाहर जाने की भी आवश्यकता नहीं होगी।
6	अभियुक्त शिक्षक को ग्रहण करने के लिये पुलिस बल व्यस्त है।	पुलिस बल अभियुक्त शिक्षक को लेने में व्यस्त है।
8	नहीं हीं वैसा मत करिये , अधिक मत खाईये।	वैसा न करें, अधिक न खाएँ।
10	जो अपेक्षारहित, शुद्ध, दक्ष, उदासीन, व्यथारहित और सर्वकर्मों का संन्यास करने वाला मेरा भक्त है, वह मुझे प्रिय है।।	जो मेरे भक्त हैं, वे मेरे प्रिय हैं, वे निःसन्देह, निष्कपट, उदासीन, उदासीन और निष्कपट हैं।
14	उन्होंने कहा कि इस तरह इस केंद्र के माध्यम से शिक्षक नई ऊर्जा और नई गतिविधियों से जुड़े रहेंगे।	उन्होंने कहा कि इस तरह से शिक्षक इस केंद्र के माध्यम से नई शक्ति और नईक्रियाकलाओं से जुड़े रहेंगे।
7	वैराणु की उपस्थिति अधिकतर इन्हीं मंडलियों में देखी जाती है।	इन जिलों में वायरस की उपस्थिति सबसे अधिक देखी गई है।
8	इस द्वंद्वी की पत्नी जीजाबाई कठोर थीं।	उसकी दूसरी पत्नी जीजा बाई कडोरा थी।
12	उसके बाद दादाजी डर गए और बोले बेटा तुम्हारे तप से मैं संतुष्ट हूँ।	तब दादाजी डरते हुए बोले हे पुत्र! तुम्हारे तपस्या से मैं सन्तुष्ट हूँ।
3	होली जल गई।	होली जल गई।
10	कैकेयी का यह भयंकर रोमाञ्चकारी कठोर वचन सुनकर महाराज दशरथ वज्राहत पर्वत के समान गिर पड़े ॥	कैकेयी ने अत्यन्त अरुचिकर यह वचन सुनकर रोमहर्षण किया। महिपाल वज्र के समान हिलकर गिर पड़ा॥
20	वार्नर एक दिवसीय रूप में ऑस्ट्रेलिया में छहवें सबसे ज्यादा रन पर हैं और ऑस्ट्रेलिया में भी दूसरा है-यह देश के लिए सर्वश्रेष्ठ 100 कोटर के निर्माताओं में है।	वार्नर एकदिवसीय प्रारूप में ऑस्ट्रेलिया के छह सबसे अधिक रन बनाने वालों में से एक है और ऑस्ट्रेलिया-देश के लिए अधिक शतक बनाने वालों में दूसरा है।
5	उसके साथ आहुति बहन भी है।	उसके साथ आहुति बहन भी है।
1	तू	तुम
4	हमारे वीर सैनिक राष्ट्ररक्षा करते हैं।	हमारे वीर सैनिक राष्ट्ररक्षा करते हैं।
10	इस प्रकारपातञ्जलयोगादर्शन के अनुसार, भागवतपुराण में भी नित्य की प्रतीति का वर्णन मिलता है।	इस प्रकार, पतंजलि योगदर्शन के अनुसार भागवतपुराण में भी नित्य की प्रतीति का वर्णन मिलता है।
1	चमार	चमार
16	सत्य मेरी माता है, ज्ञान पिता है, धर्म भाई है, दया मित्र है, शान्ति स्त्री है और क्षमा पुत्र है, ये छः ही मेरे बान्धव है॥	सत्य माता है, धर्म पिता है, ज्ञान धर्म है, भाई दया मित्र है, शान्ति पत्नी है, क्षमा पुत्र है, ये मेरे बन्धु हैं।
8	अतः''सिद्ध शब्द के अर्थ के सम्बन्ध में''इस प्रकार यह विग्रह उचित है।	इसलिए "सिद्ध शब्द में अर्थ के सम्बन्ध में" यह विग्रह उपयुक्त है।
5	पूड़ा देओ और दाल लेओ ।	अपूप दे और सूप ले।
5	गौरांग कैसे ज्ञानवान् होता है ?	गौरांग कैसे ज्ञानवान् होता है?
3	कुछ देर से आने वाला है।	कुछ दिन बाद आओ।
6	हिमाचल के उत्पाद भी लोगों को बहुत पसंद हैं।	हिमाचल के उत्पाद भी लोगों को बहुत पसंद आते हैं।
3	उचित परिवर्तन से रिक्त स्थान को पूरा करो	उचित परिवर्तन से रिक्त स्थान को पूरा करो
7	इसके लिये सभी प्रक्रियाएँ चरणबद्ध रूप से सम्पन्न होती हैं।	इसके लिए सभी प्रक्रियाएं चरणबद्ध रूप से पूरी हो जाती हैं।
9	उनके कौशल के कारण ही तीन बार ओलम्पिक खेलों में हमने स्वर्णपदक प्राप्त किया।	उनके कौशल के कारण ही हमने तीन बार ओलंपिक खेलों में स्वर्ण पदक जीता है।
6	ओह , मैं भी कपडे धोना भूल गया	ओह मैं भी वस्त्र धोने भूल गया।
4	रामजीवन पोते को खेत ले जाता है।	रामजीवन पोते को खेत ले जाता है।
1	अचानक	अचानक
26	आकाश में किसी दूत का जाना संभव नहीं और वहां किसी से किसी प्रकार की बातचीत भी नहीं हो सकती, परंतु जिस श्रेष्ठ ब्राह्मण ने आकाश में सूर्य और चंद्रमा के ग्रहण की बात बताई है, उसे विद्वान क्यों न माना जाए।	दूत न चलता है, न ही चलता है, न ही यह बात पहले कही गई है और न ही यह संगम है। जो व्यक्ति सूर्य के शिखर पर बैठे हुए रावण के शिखर को अच्छी तरह से जानता है, वह कैसे नहीं जानता?
11	कार्यक्रम की शुरूआत निखिल शर्मा ने मंगलाचरण किया और कवितान्जरी के सरस्वती वंदना द्वारा की गई।	कार्यक्रम का आरम्भ निखिल शर्मा मंगलाचरण और कविता अखिलेश की सरस्वती वंदना के साथ हुआ।
1	बेला	चींटियाँ
1	ले जाया गया	ले गया
4	उसका लड़का स्कूल में पढ़ता है	उसका बेटा पाठशाला में पढ़ता है।
6	पुलिस उसके स्थान को प्राप्त करके अन्वेषण कार्य कर रही है	पुलिस उस स्थान पर पहुँचकर खोज कार्य कर रही है।
7	श्रमिकों में 16 भारतीय शामिल हैं।	कर्मचारियों में 16 भारतीय भी शामिल हैं।
5	यह मुकुट किसने बनाया ?	यह सूट किसने बनाई?
5	दास्यामि जो यहाँ है वह तुझे मैं दूँगा।	जो जहाँ है वो मैं तुम्हें दूँगा।
1	उन लोगों ने	कितना
3	कार्यालय के पात्र धोता है।	कार्यालय के बर्तन धोता है।
8	वाहन चलाने के समय अपना पालन करें और अत्यधिक विश्वास करें।	गाड़ी चलाने के समय अपना पालन-पोषण करिये और अतिविश्वास छोड़िये।
18	इस सफ़ेदपत्र में उल्लिखित है कि जब चौदहोत्तर-दो हजार के दशक में प्रधानमंत्री नरेंद्र मोदी जी ने सरकार को सत्ता में तब देश की आर्थिक स्थिति विषम थी।	इस सफ़ेद पत्र में उल्लेख किया गया है कि जब चौदह के बाद प्रधानमंत्री नरेंद्र मोदी सरकार सत्ता में आई तब देश की आर्थिक स्थिति विषम थी।
3	वह मुझसे पूछता है।	वह मुझसे पूछता है।
4	वृक्षों को पानी देती है।	वृक्षों को जल देता है।
8	राजीवः –हाँ , नगर में तो मैं पढ़ने के लिये रहता हूँ।	राजीव-हाँ नगर में तो पढ़ने के लिये रहता हूँ।
1	वेदान्त में निपुण ।	ब्रह्मवादी
3	झूला बाग़ में है।	दोला बगीचे में है।
3	वो महिला बोली	वह महिला बोली
8	भारत नेज़ल एंटीवायरल दवा वितरित करने वाला पहला देश है।	भारत पहली बार नाक से दी जाने वाली कोविड-19 एंटीवायरल दवा का वितरण कर रहा है।
8	जिलाधिकारीओं और संकुल के उत्कृष्ट विद्यालयों के निर्माण के लिए प्रारंभिक रिपोर्ट जारी करने के लिए कहा गया है।	जिला कलेक्टरों को संकुल और उत्कृष्ट विद्यालय के निर्माण के लिए प्रारंभिक रिपोर्ट तैयार करने के लिए कहा गया है।
1	ये दोनों	ये सब
11	जो स्थानों पर बाहर त्यक्त हैं, उन त्यक्त लोगों को लाभान्वित होना चाहिये।	जिन स्थानों पर बाहर छोड़े गए हैं, उनमें छोड़े गए लोग लाभान्वित हों।
11	मोरक्को ने शक्तिशाली यूरोपीय देश पुर्तगाल को गोलरहित ड्रा से हराकर क्वार्टर फाइनल में प्रवेश किया।	सबसे शक्तिशाली यूरोपीय देश पुर्तगाल को बिना किसी प्रतिक्रिया के एक टारगेट बॉल से हराकर अफ्रीकी देश मोरक्को क्वार्टर फाइनल में प्रवेश कर गया।
17	हालाँकि, इजरायली देश समुद्र की लावणिक जल को डिसेलिनेशन के रूप में अत्याधुनिक है-जल-वैज्ञानिकी सुविधा के द्वारा पेयजल में बदलने से अपनी आवश्यकता पूरी कर लेता है।	लेकिन इजराइल देश समुद्र के लावण्य जल को डिसेलिनेशन के नाम से जाना जाता है-जल-शोध पद्धति के माध्यम से पीने के पानी में बदलकर अपनी आवश्यकता पूरी करता है।
9	नीरज -नमस्ते , नमो नमः । कैसे हो तुम ?	नीरज-नमस्ते, नमो नमो। कैसे हो?
3	पिताजी को परसों लौट जाएँगे।	पिता परसों लौटेगा।
1	पानी के प्रवाहों से।	पानी की धाराओं से
6	इसके लिए 10 करोड़ रुपये का खर्च होगा।	इसके लिए 10 करोड़ रुपये का खर्च होगा।
15	एक संस्कृत विद्वान जो भारत के संस्कृत क्षेत्र में विशेषज्ञ हैं और केरल के संस्कृत अध्ययन और शिक्षण बोर्ड में बैठते हैं, कवि, बच्चों के लेखक और लेखक दो मुत्तलपुर मोहनदास का कल ऑस्ट्रेलिया में निधन हो गया।	संस्कृत विद्वान, जो भारत के संस्कृत क्षेत्र में केरल के संस्कृत अध्ययन विभाग में कार्यरत हैं, कवि, बाल लेखक डॉ. मुत्तलपुर मोहनदास का कल ऑस्ट्रेलिया में निधन हो गया।
7	संस्कृत सम्वाद नहीं होता है तो सुख अनुभव नहीं करता हूँ।	संस्कृत सम्वाद नहीं होता है तो सुख अनुभव नहीं करता हूँ।
12	उन्होंने कहा कि भाजपा नेता को अवश्य मरना चाहिये कि क्रिप्टो के तार अन्यत्र नहीं मिल सकते।	उन्होंने कहा कि भाजपा नेता को अवश्य मरना चाहिए कि क्रिप्टो मुद्रा मामले के तारे अन्यत्र नहीं मिलते हैं।
18	इसीलिए प्रदूषण को नियंत्रित करने का केवल सरकार का दायित्व नहीं है, हमें भी उसमें भाग लेने के द्वारा पर्यावरण को स्वच्छ और रोग से मुक्त किया जा सकता है।	इसलिए प्रदूषण को नियंत्रित करने का केवल सरकार का दायित्व नहीं है, हमें भी इसमें भाग लेकर पर्यावरण को स्वच्छ करके बीमारी से मुक्त रहना चाहिए।
20	मुख्य अतिथि ने अपने व्याख्यान में कहा कि संस्कृत भारती वर्तमान समय में आभारी है केवल नहीं बल्कि विश्व के अनेक देशों में संस्कृत सम्भाषण विशेषज्ञों का अनुष्ठान भी करती है।	मुख्य अतिथि ने अपने सम्बोधन में कहा कि संस्कृत भारती वर्तमान समय में आभार ही नहीं बल्कि विश्व के अनेक देशों में संस्कृत संभाषण विशेषज्ञ का अनुष्ठान करता है।
5	दीपावली के लिये भी वस्तुएँ खरीद रहे हैं	दीपावली पर्व के लिये भी वस्तुएँ खरीदते हैं।
1	नाखून	नाखून
4	पेड़ के नीचे बच्चे को बिठा देती है।	वृक्ष के नीचे बालक को बैठाता है।
6	अब भारत के जनसांख्यिकी लाभांश का लाभ अपेक्षित है।	अब भारत के जनसांख्यिकीय लाभांश का लाभ अपेक्षित है।
4	एक साथ सभी संस्कृत पढ़ेंगे ।	एक साथ सभी संस्कृत पढ़ेंगे।
1	निर्णय करने वाली ।	निर्णय करने वाली
6	अब मैं भी अपनाकाम स्वयं ही करूँगा ।”	अब मैं भी अपने काम अपने आप करना चाहता हूँ।
3	मैं सहारनपुर से बोल रहा हूँ।	मैं सहारनपुर से बोल रहा हूँ।
17	राज्य सरकार के प्रयासों के कारण आज सरकार की ई-वाहनों की संख्या तब तक बढ़ी है, राज्य में पंजीकृत निजी स्कूलों की संख्या बढ़ गई है।	राज्य सरकार के प्रयास के कारण आज सरकार की ई-वाहनों की संख्या जितनी बढ़ी है, राज्य में पंजीकृत निजी बिजली वाहनों की संख्या इतनी ही हो गई है।
1	सर्वव्यापी भगवान् ब्रह्मा ने।	श्रेष्ठ
10	रूपक की कथावस्तु के बीज से युक्त मुख आदि सन्धियों में यत्र-तत्र फैले हुए आरम्भ आदि अर्थों का एक प्रधान प्रयोजन के लिए एक साथ संग्रह करना या समेटा जाना ही निर्वहण सन्धि है।	"बीज, मुख, मुख आदि के अर्थ, ब्राह्मण आदि उचित हैं। जहां कार्य करना है, वही कार्य है।"
8	यह समिति आगामी महीने अर्थात् दिसंबर में अपना रिपोर्ट देती है।	यह समिति अगले महीने अर्थात् दिसंबर में अपनी रिपोर्ट प्रस्तुत करेगी।
4	जैसे बछड़ा माता के पास जा पहुंचता है वैसे ही सुख और दुःख अपने कर्ता के पास जा पहुंचते हैं।	माता के समान बछड\u093Cे सुख-दु: ख देने वाले होते हैं।
9	यह सम्भव है। कहाँ से? 'अन्तपारं किल शब्दशास्त्रम्' ऐसा कहा गया है।	यह सम्भव है। कहाँ से? "अनन्तपार शब्दशास्त्र को नष्ट करो" ऐसा कहा गया।
7	सुहावने दृश्य को देखकर मन शान्त हो गया ।	सुन्दर दृश्य देखकर मन शान्त हो गया।
1	पानी	पानी
3	कौन कहता है?	ऐसा कौन बोलता है?
7	भारत-ईरान में खाद्य और पेय आदि के लिए जलपोतों का आश्रय-स्थानकमाल केक्ष्य में दीर्घकालिक सहयोग-स्थापन के लिए एक व्यापक परिभाषण है।	भारत-ईरान देशों के साथ चाबहार-शिपयार्ड-स्टेशन के उद्देश्य से दीर्घकालिक सहयोग-स्थापना के लिए व्यापक चर्चा की गई।
8	दौलतसिंह के जीवन में उनकी माता का प्रभाव प्रत्यक्ष था।	दौलतसिंह के जीवन में उनकी माँ का प्रभाव प्रत्यक्ष था।
9	कैलाश – बहन ! मैंने तुम्हारा चित्र नहीं लिया।	कैलाश-बहन! मैंने तुम्हारा चित्र नहीं लिया।
7	यह बीमारी औषधि, वनस्पतियों और संपत्तियों में स्थित होने के कारण भी हो सकती है।	फार्मास्युटिकल वनस्पतियों और संसाधनों की स्थिरता के लिए भय पैदा करना चाहिए।
10	जो अपेक्षारहित, शुद्ध, दक्ष, उदासीन, व्यथारहित और सर्वकर्मों का संन्यास करने वाला मेरा भक्त है, वह मुझे प्रिय है।।	जो मेरे भक्त हैं, वे मेरे प्रिय हैं, वे निःसन्देह, निष्कपट, उदासीन, उदासीन और निष्कपट हैं।
8	दूरदर्शन अभिनेत्री-श्वेता तिवारी शीघ्र ही"पुलीस फोर्स"इसे वेब की श्रृंखला में देखा जा रहा है।	दूरदर्शन अभिनेत्री-श्वेता तिवारी शीघ्र ही "पुलिस फोर्स" यह नेटवर्क श्रृंखला में दिखाई देती है।
1	खेलना	खेल में
1	घोड़े	हंसों से
7	जया - मैं शाम को अभ्यास करती हूँ	जया-मैं शाम को अभ्यास करती हूँ।
5	नीच मनुष्य दुष्कर्म करवाने के बाद वह कार्य करनेवाले को अपमानित करता है।	नीच व्यक्ति अच्छे दुष्कर्म को करके कर्ता को मान लेता है।
3	उसी समय चिकित्सालय गया।	उसी समय अस्पताल गया था।
23	भारत के हवाई अड्डे के प्राधिकरण ने भारत के हवाई अड्डों के निर्माण के लिए चारों उड्डों के निर्माण के लिए हिमाचल सरकार को निर्देश दिया है कि वह हवाई अड्डों के निर्माण और संचालन से संबंधित कार्य शीघ्र ही पूर्ण करें।	अब भारत के हवाई अड्डे प्राधिकरण ने इन चारों उद्भूत हवाई अड्डों के निर्माण के लिए बजट जारी किया है और हिमाचल सरकार को निर्देश दिया है कि वह उद्गत हवाई अड्डों के निर्माण और संचालन से जुड़े काम को शीघ्र पूरा करे।
1	देने योग्य	देना चाहिए।
12	बाद में सबके घरों में जो सेवक , सेविकाएँ काम करती हैं उनको कम्बल बाँटे।	बाद में सबके घरों में जो सेवक, सेविकाएँ काम करती हैं, उन्हें कम्बल वितरित किया गया।
6	धन्यवाद पिताजी कल पैसा ले जाऊँगा ।	धन्यवाद पिताजी! कल धन ले जाऊँगा।
6	उनकी माँ का नाम कमलासिंघवी है।	उसकी माँ का नाम कमलासिंहवी है।
3	इस बीच तीन मुख्यमंत्री हैं	इस बीच तीन मुख्यमंत्री
7	चलचित्र के निर्देशक अनिल शर्मा भी शिमला आएँगे।	फिल्म के निर्देशक अनिल शर्मा भी शिमला आएँगे।
3	अतः ध्वनि ही बोलनी चाहिए।	इसलिये ध्वनि ही शब्द है।
6	बीमार के गिलास से पानी नहीं पीना चाहिये।	रोगी के गिलास से पानी नहीं पीना चाहिये।
4	उपभोक्त सेवातार भी माँगा जाता है।	ग्राहकों से सेवा तार भी माँगा जाता है।
4	वहां कौन पढ़ रहा है।	वहाँ कौन पढ़ता है?
19	इस निर्णय का उद्देश्य लंबे समय से खाली भवन का उचित उपयोग सुनिश्चित करना और सार्वजनिक खर्च को कम करना है।	इस निर्णय का उद्देश्य लंबे समय से खाली पड़ी इमारत का समुचित उपयोग सुनिश्चित करना और सार्वजनिक खर्च को कम करना है।
3	बिल में हजार से अधिक चींटियाँ रहती हैं	बिल में हजार से अधिक चींटियाँ रहती हैं।
7	रोहितशेट्टी की यह फिल्म अगले साल प्रदर्शित करेगी।	रोहितशेट्टी का यह फ़िल्म अगले वर्ष प्रदर्शित होगी।
25	हॉकिंग के पिता अफ्रीक देश में काम करने वाले शेष परिवार मेजोर्का- कवि रोबर्ट ग्रेव्स ने शहर में चार महीने तक अपनी माँ, मित्र और बेरिल के साथ समय बिताया।-इत्य के घर में ही समय बिताया।	हॉकिंग के पिता का अफ्रीका में काम करने वाला शेष परिवार मेजोरका-शहर में चार महीने तक उसकी माँ के मित्र बेरिल और उसके पति कवि रॉबर्ट ग्रेव्स ने घर पर ही समय बिताया।
3	रावण को मारा ।	रावण को मारा।
20	हे राजन् ! पुत्रपौत्रवान् रावण तुम्हारे लिए भार नहीं है, सधनुष तुम केवल लोकों को ही जीत सकते हो इसमें कोई संदेह नहीं है।	हे राजन्! पुत्रपुत्र रावण तुम्हारे लिए भार नहीं है, इसमें संदेह नहीं कि तुम तो तीनों लोकों को जीत सकते हो।
7	आप लोग विदेशियों की तरह वेष धारण किये हुए हैं।	आपने विदेशी के समान वेष धारण किया है।
1	मन बुद्धि आदि	मन को
7	(कान देकर) सखि, जैसे किसी अतिथि ने पुकारा है।	(कान देकर) सखी, अतिथि के समान निवेदन किया।
2	वह उतरता है।	वह उतरता है।
16	अब इन आँखों से और कुछ देखना चाहता हूँ।"तो हे प्रभो! फिर से मेरी दृष्टि नष्ट हो जाए।"	अब इन दोनों आँखों से और कुछ नहीं देखना चाहता हूँ। "अतः हे भगवन्! पुनः मेरी दृष्टि नष्ट हो जाए।"
11	इसीलिए पूर्व नवंबर सोर्ड्स के मामले से जुड़े सुनवाई के बाद निर्णय सुरक्षित रखा गया था।	इसलिए, पिछले नवंबर 6 में मामले से जुड़े सुनवाई के बाद निर्णय सुरक्षित रखा गया था।
5	वह मुझे ही क्यों देख रहा है ।	वह मुझे ही क्यों देखता है?
8	रास्ते में कोई उतरना चाहे तो वाहन रोकता था।	रास्ते में कोई उतरना चाहता था तब वाहन रोक रहा था।
10	मुख्यमंत्री ने मंजूरी दी कि ढगवार द्वारा चलाए गए दूध प्रक्रिया संयंत्र का निविदा खर्च सरकार से उसके कोष से वहता है।	मुख्यमंत्री ने स्वीकार किया कि ढावर स्वचालित दूध प्रसंस्करण प्रणाली का निविदा खर्च सरकार उसके कोष से वहन कर रही है।
4	फिर भी वो कार्यरत थे।	फिर भी वह कार्यरत था।
6	तुम घर क्यों नहीं जाते हो ?	घर क्यों नहीं जाते हो?
7	समग्र भारत में संस्कृत भाषा में ही शिक्षा दी जाती थी।	समग्र भारत में शिक्षा संस्कृत में ही दी जाती थी।
1	सब के	सबका
18	केंद्रीय शिक्षा मंत्री धर्मेन्द्र ने राज्यों के मुख्यमंत्रियों और राज्यपालों से केन्द्र द्वारा शासित प्रदेशों के उप राज्यपालों को पत्रादि के माध्यम से''परीक्षा-प-चर्चा''इस कार्यक्रम में भाग लेने की मांग की गई.	केंद्रीय शिक्षा मंत्री धर्मेन्द्र प्रधान ने राज्यों के मुख्यमंत्री राज्यपालों और केंद्र शासित प्रदेशों के उपराज्यपालों को पत्र के माध्यम से "परीक्षा-पे-चर्चा" इस कार्यक्रम में भाग लेने के लिए आग्रह किया गया।
8	चारो तरफ से ऋषियों के आश्रमों से सुशोभित, ब्रह्मर्षियों और देवर्षियों से सेवित वह आश्रम साक्षात् दूसरे ब्रह्मलोक के समान प्रतीत हो रहा था ॥	ब्रह्माजी, ऋषिगण, देवर्षिगण और मुनिजनों द्वारा सेवित यह मन्दिर साक्षात् ब्रह्मलोक के समान सुशोभित है॥
6	ऋचा – मैं अस्पताल में नर्स हूँ।	ऋचा-मैं अस्पताल में नर्स हूँ।
4	मैं जल्दी स्वस्थ हो जाऊँगा	मैं शीघ्र ही स्वस्थ हो जाऊँगा।
4	आप कितने भाई है?	आप कितने भाई हैं?
6	रास्ते में उसकी शर्ट पर भी बाल आ जाते हैं।	रास्ते में उसकी शर्ट पर भी बाल आते हैं।
3	मै वाराणसी जाऊंगा।	मैं वाराणसी जाऊँगा।
19	श्रीगोयल ने कहा, जिस राष्ट्र के आत्मनिर्भरता के निर्माण के प्रयासों की प्रशंसा करते हुए, व्यक्त किया है कि चौदह से अधिक दो हजार साल की अपेक्षा अब तक खिलौने आ रहे हैं-एक सौ बिगाड़ियाँ हुई हैं.	श्रीगोयल ने राष्ट्र को आत्मनिर्भर बनाने के प्रयासों की प्रशंसा करते हुए कहा कि चौदह से अधिक-दो हजारवें वर्ष की अपेक्षा में अब तक खिलाड़ियों के आयात में दो-पांच प्रतिशत कमी आ गई है।
4	कार्यक्रम सुबह ग्यारह बजे शुरू होगा।	कार्यक्रम सुबह ग्यारह बजे शुरू होगा।
22	उन्होंने कहा कि अभी अमृतसर से कुल्लू तक के प्रत्यक्ष विमान शुरू किए गए हैं और ऐसे भारत से विदेशों के लिए यात्रियों को इस हवाई अड्डे के विस्तार का लाभ उठाना पड़ा है।	उन्होंने कहा कि अब अमृतसर से कुल्लू तक सीधी उड़ानें शुरू हो गई हैं और ऐसे में भारत से विदेशों के यात्रियों को इस हवाई अड्डे के विस्तार का लाभ उठाना चाहिए।
24	फिर भी उनके कथन के अनुसार ऋषियों का सम्प्रदाय पालित होता है और उनका धर्म होता है ऐसा मानकर याज्ञिकाएँ उनके कथन के विषय में पढ़ती हैं उसी प्रकार पृथ्वी पर भी धर्म के लिए इन शब्दों का कथन करती हैं।	फिर भी उनके व्याख्यान से ऋषियों की सम्प्रदाय का पालन होता है और उनके द्वारा धर्म होता है ऐसा मानते हुए याज्ञिक लोग उनके विषय में पढ़ते हैं उसी प्रकार हम लोगों में भी उनके शब्दों का व्याख्यान किया जाता है।
6	A.C. बस मुझे आरक्षण नहीं मिला ।	एयर कंडीशनर बस में आरक्षण नहीं मिला।
7	भीमसेन के द्वारा दुर्योधन के आठ भाई मारे गए	भीमसेना ने दुर्योधन के आठ भाइयों को घोर युद्ध में मार दिया।
8	योगका सेवन करनेसे जिस अवस्थामें निरुध्द चित्त उपराम हो जाता है तथा जिस अवस्थामें स्वयं अपने-आपमें अपने-आपको देखता हुआ अपने-आपमें सन्तुष्ट हो जाता है।।	जहाँ परमपरम मन योगसेवा से बँधा हुआ है, जहाँ चैतन्य आत्मा को देखता है और आत्मा को सन्तुष्ट करता है।।
12	जयपुर पाताल पुष्प प्रदर्शनी जयपुर में यात्रियों के बीच बहुत लोकप्रिय है। यह प्रदर्शनी हर साल फरवरी में आयोजित की जाती है।	जयपुर की पाताल पुष्प प्रदर्शनी जयपुर में यात्रियों की सबसे पसंदीदा है। प्रदर्शनी हर साल फरवरी में आयोजित की जाती है।
18	हालाँकि, 2013 में तत्कालीन सरकार ने राज्य के माध्यमिक विद्यालयों में छात्रों की कम संख्या और अधिशेष प्रक्रिया के तहत 2,600 एलटी का हवाला दिया था।-कैडर का पद ख़त्म कर दिया गया.	हालाँकि, 2013 में तत्कालीन सरकार ने राज्य के माध्यमिक विद्यालयों में छात्रों की कम संख्या का हवाला दिया और अधिशेष प्रक्रिया के तहत 2,600 एलटी-वर्ग का पद समाप्त कर दिया गया।
5	अतः वह वेतन नहीं पा रहा है।	इसलिए वह वेतन नहीं पाता है।
9	हम कहते हैं कि लक्ष्य ने आज तक किसी भी दूरदर्शन प्रदर्शन में काम किया है।	लक्ष्य ने आज तक किसी भी टेलीविजन शो में काम किया है ऐसा कहते हैं।
6	स्वचालित परीक्षा केंद्र की स्थापना के लिए भी आवेदन आमंत्रित किए गए हैं।	स्वचालित परीक्षा केंद्र की स्थापना के लिए भी आवेदन आमंत्रित किए गए हैं।
3	किशोर घर में नहीं  हीं है।	किशोर घर में नहीं है।
16	यह सुनकर वह दोनों दुःख से व्याकुल होकर, अपने पुत्र के लिये बहुत शोक और विलाप करते हुये पृथ्वीपर गिर पड़े। वे बोले"जहाँ हमारा पुत्र है, वहाँ हमें ले चलो" ॥	यह सुनकर दुःखित होकर विलाप करने लगे और बहुत विलाप करने लगे। यह सुनकर वह वहाँ गिर पड़ा और जहाँ उसे ले गया था वहाँ उसे रोक दिया॥
6	वह मेज़ लेकर यहीं आता है।	वह मंच लेकर यहीं आता है।
17	घड़ा ही जिसका जन्मस्थान है, हरिण ही परिजन हैं, वल्कल ही वस्त्र है, वनमें निवास है और कन्दमूल आदि ही भोजन है, ऐसे गुणवाले अगस्त्यजीने यदि समुद्रको अपने कर कमलोंके सम्पुटमें रख लिया तो यह सत्य है कि महात्माओंकी कार्यसिद्धि उनकी शक्तिमें रहती है, साधनोंमें नहीं	घोड़ों का जन्म स्थान मृगों का परिवार है, पृथ्वी का निवास स्थान है, वन में निवास स्थान है, कन्द आदि का वास स्थान है, इस प्रकार के गुण अगस्त्यजी के हैं, जो अगस्त्यजी हैं और जो अगस्त्यजी हैं, उनके द्वारा बनाए गए भोजन के कुओं में कर्म की सिद्धि होती है, जो महानता को प्राप्त करने में समर्थ नहीं हैं।।
6	सुधा - हाँ मैं अशुद्ध बोली ।	सुधा-हाँ मैंने अशुद्ध कहा।
20	इस कार्यक्रम में वैज्ञानिकों के बारे में वाक्पटुता के प्रतियोग, विविध विज्ञान चित्रकला के प्रतियोग, विज्ञान नाटक, अभिनय, विज्ञान प्रश्नोत्तरी जैसे कार्यक्रम आयोजित किए गए जिनमें छात्रों को प्रोत्साहित करने के रूप में प्रमाण पत्र एवं पुरस्कार प्रदान किए गए।	इस कार्यक्रम में वैज्ञानिकों के बारे में वाक्पटुता प्रतियोगिता, विभिन्न विज्ञान चित्रकला प्रतियोगिताएँ, विज्ञान नाटक, अभिनय, विज्ञान प्रश्नोत्तरी जैसे कार्यक्रम आयोजित किए गए, जिनमें छात्रों को प्रोत्साहन के रूप में प्रमाण पत्र और पुरस्कार प्रदान किए गए।
8	राजीवः –हाँ , नगर में तो मैं पढ़ने के लिये रहता हूँ।	राजीव-हाँ नगर में तो पढ़ने के लिये रहता हूँ।
4	किसान फसल की रक्षा के लिये प्रार्थना करते हैं।	किसान फसल की रक्षा के लिये प्रार्थना करते हैं।
9	अनुराग ठाकुर, इस निर्णय के लिए प्रधानमंत्री नरेंद्र मोदी, केंद्रीय रेल मंत्री अश्विनी वेष्णव ने आभार व्यक्त किया।	अनुराग ठाकुर ने इस निर्णय के लिए प्रधानमंत्री नरेंद्र मोदी, केंद्रीय रेल मंत्री अश्विनी वैष्णव ने आभार व्यक्त किया।
1	पास।	पास
10	कैकेयी को वरदान देकर सत्यसन्ध मेरे पिता ने भरत को राज्य और मुझे अत्युत्तम दण्कारण्य दिया है ॥	कैकेयी के वरदान से मेरे सत्यनिष्ठ पिता भरत जी ने मुझे परम पुण्य राज्य दिया है॥
5	घर आकर मेरी माँ को मारते हैं।	घर आकर मेरी माँ को पीटता है।
6	(क्षेत्र-क्षेत्रज्ञ के विषय में) ऋषियों द्वारा विभिन्न और विविध छन्दों में बहुत प्रकार से गाया गया है, तथा सम्यक् प्रकार से निश्चित किये हुये युक्तियुक्त ब्रह्मसूत्र के पदों द्वारा (अर्थात् ब्रह्म के सूचक शब्दों द्वारा) भी (वैसे ही कहा गया है)।।	ऋषियों के द्वारा कहा हुआ यह गीत अनेक प्रकार के श्लोकों से पृथक्-पृथक् है। ब्रह्मसूत्र के पद पर रहने वाले इस प्रकार के वचनों का निश्चय करने वालों के लिए यही कारण है।।
4	बालक गुड़िया को देखकर हँसता है।	बालक गुड़िया को देखकर हँसता है।
5	पृथ्वी पर जल, अन्न और सुवचन ये तीन ही रत्न हैं,	पृथ्वी पर तीन रत्न जल से सुशोभित हैं।
4	कितने बजे आएँगे ?	कितने बजे आएँगे?
6	इस संबंध में भारत केरिजर्व बैंक की अनुमति ली गई है।	इसके लिए भारत के रिजर्व बैंक की अनुमति ली गई है।
7	भीम आदि पांडववीर अन्दर नहीं जा सके।	भीम आदि पाण्डववीर अंदर नहीं जा सके।
6	वह 5 मार्च को पटना आ रहा है	वह 5 मार्च को पटना आ रहा है।
1	बटुआ	थैला
3	वह बोला	वह बोला।
3	गुणजी भाई बकरी पालक है।	गुणजी भाई बकरी पालक है।
4	वह जोर से बोली ।	वह जोर से बोली
6	मेरी प्यास शान्त हो गई है।	शान्ता मेरी प्यास अब भूख लगी है।
1	पेड़ को	तेज
10	क्योंकि देहधारी पुरुष के द्वारा अशेष कर्मों का त्याग संभव नहीं है, इसलिए जो कर्मफल त्यागी है, वही पुरुष त्यागी कहा जाता है।।	जो कर्म के फल से नष्ट हो जाता है, वह त्याग के योग्य होता है, क्योंकि वह कर्म के फल से नष्ट हो जाता है और कर्म के फल से नष्ट हो जाता है।
6	तब ही एक छात्रा वहाँ से गुजरती है	उस समय एक छात्रा वहाँ से निकलती है।
6	वह प्रतिदिन यज्ञ करती थी	वह प्रतिदिन यज्ञ करती थीं।
3	वह नहीं सोता है	वह नहीं सोता है।
10	पृथ्वी पर समय-समय पर आदर्श पुरुष होते हैं, यह तो कुछ लोक परंपराओं में ही बात है।	इस भूमि पर समय-समय पर आदर्श पुरुष उत्पन्न होते हैं, यह तो कुछ लोक परंपरा ही है।
10	उसी समय कुटलहरी विधानसभा क्षेत्र को 10 करोड़ रुपये का दान दिया गया है।	इसी दौरान कुटला हर विधानसभा क्षेत्र को 10 करोड़ रुपये का भुगतान किया गया है।
4	वो मिशीगन में रहते हैं	वह मिशिगन में रहता है।
5	वे छात्र संस्कृत पढ़ते हैं	वे छात्र संस्कृत पढ़ते हैं।
12	श्री गुरुजी, फूलों से युक्त एक वृक्ष के समान हैं, जिनसे सारे (नरवररूपी) वन में सुगन्धि फैल रही है, और छात्र उस सुगन्धि को सूँघ रहे हैं और उससे आनन्दित हो रहे हैं, वाकई शास्त्रों का हर्ष महान् है।	श्रीगुरुजी सुगन्धशाली वन में पुष्पवृक्ष हैं। छात्रों को शास्त्रों का बहुत आनंद मिलता है।
7	शाम को आतेतेते ही आकाश लाल हो गया।	शाम को आते ही आकाश लाल हो गया।
6	जब बैठक होती है तब युवतियाँ आते हैं।	जब सेमिनार होता है तब युवतियाँ आती हैं।
9	उन्होंने कहा कि अयोध्या धाम्नि श्रीरामलला की प्राणों की उन्नति का बीजरूप है।	उन्होंने कहा कि अयोध्या धाम में श्रीरामलला की प्राणप्रतिष्ठा विरासत है।
4	आज आनंद करेंगे।	आज आनन्द करेंगे।
16	राजीव गांधी स्टार्टअप योजना के तहत सौर ऊर्जा परियोजनाओं की स्थापना भी मछली पालन के लिए वित्तीय सहायता प्रदान की जाएगी।	राजीव गांधी स्टार्टअप योजना के तहत सौर ऊर्जा परियोजनाओं की स्थापना के लिए भी मछली पालन के लिए वित्तीय सहायता प्रदान की जाएगी।
6	सूत्रसञ्चालन त्रिम्बक केदार, श्रीराज शेलार ने किया।	सूत्रसञ्चालन त्रिम्बक केदार और श्रीराज शेलर ने किया।
2	बहुत मोटा होने से इसकी नाभि गहरी है।	स्थूलता के कारण नाभि में घबराहट हो जाती है।
7	मैं तुझे जो आज्ञा करता हूँ, उसे जल्दी करो।	जो मैं तुम्हें आज्ञा देता हूँ वह कर्म शीघ्र करो।
6	उस बच्ची को सभी कैसे खुश करते हैं ?	उस बच्ची को सभी कैसे खुश करते हैं?
3	हम सबको क्या करना चाहिए?	हम लोगों को क्या करना चाहिए?
4	मेरे घर में शान्ति चाहती हूँ।	मेरे घर में शान्ति चाहता हूँ।
13	भीष्म के शरशय्या विषय को सुनकर कान भीष्म के प्रति सब प्रकार से व्याकुल हो गया और दादीजी के सम्मुख आ गया।	भीम की शरश्य्या के विषय में सुनकर कर्ण भीम के प्रति सभी वैरभाव को भूलकर दादाजी के सामने आ गया।
1	कहिए	कहिये
18	दोपहर में बजे जब मुख्यमंत्री सुखविंदर सिंह सुक्खू ने जल के लिए केंद्र सरकार को आक्षेप दिया तो विपक्ष गुस्सा हो गया और सदन में शोर शुरू हो गया।	दोपहर बजे के बाद जब मुख्यमंत्री सुखविंदर सिंह सुक्ख ने जल के बारे में केंद्र सरकार को आक्षेप किया तब विपक्ष क्रोधित हो गया और सदन में शोर शुरू हो गया।
1	धोती	धोती
5	बेटा रास्ते में मत चलाओ	पुत्र, रास्ते में मत चलो
1	लिखना	लिखना
4	वह रंगमंच की व्यवस्था देखता है।	रंगमंच की व्यवस्था वह देखता है।
6	धन्यवाद पिताजी कल पैसा ले जाऊँगा ।	धन्यवाद पिताजी! कल धन ले जाऊँगा।
14	पुत्र प्रदायक चरुं को लेने की इच्छा से सुमित्रा जी उस स्थल पर आयीं। इसपर प्रसन्नतापूर्वक कौसल्या जी अपने भाग में से आधा पायस सुमित्रा को दे दिया ॥	तत्पश्चात् सुमित्रजी अपनी पोती को चराने के लिए वहाँ पहुँचीं। कौसल्या ने तो उसे अपने भाग के लिए दे दिया।
6	वस्त्र से पवित्र किया जल पीना चाहिये और मन से शुद्ध जाना हुआ काम करना चाहिये।	पवित्र जल पीना, मन शुद्ध करना चाहिये।
4	राधा के द्वारा काव्य लिखा जाता है।	राधा कविता लिखती है।
10	शौनक ने ठण्ड से दाँतो की बीणा बजा रहे सूत से कहा महर्ष | यह बहुत ही विषम काल आ गया है।	ठण्ड के आघात से दाँतों से पीड़ित होकर पुकारते हुए सूते शौणक ने कहा-- हे महर्षि! यह विष का समय है।
8	''करेक्टर''-दक्षिण वेल्स देश के एक सदस्य ने दुर्गाती गुरुल्ला युद्ध में रोमन सेना का उत्पीड़न किया।	"करैक्टर"-उन्होंने दक्षिण वेल्स देश के एक किले से गुरिल्ला युद्ध में रोमन सेना का उत्पीड़न किया।
4	विद्यालय में लड़के और लड़कियाँ है।	विद्यालय में बालक और बालिकाएँ हैं।
17	साथ ही शस्त्रधारण करने की अनुमति नहीं, ट्रैक्टर-ट्रैली बस, ट्रक, अश्व, व्यावसायिक वाहन और व्यक्तिगत वाहन प्रतिबन्ध हैं।	शस्त्र धारण करने की भी अनुमति नहीं है-ट्राली बस ट्रक घोड़ा, वाणिज्यिक वाहन और व्यक्तिगत वाहन प्रतिबंध हैं।
6	वह प्रतिदिन यज्ञ करती थी	वह प्रतिदिन यज्ञ करती थीं।
10	इसलिये आपके चरण कमलों में मेरी सदा भक्ति रहे, क्योंकि संसार रोग से ग्रसित रोगियों के लिये एकमात्र औषधि आपकी भक्ति ही है ॥	इसलिये तुम उत्पन्न हुए जल में मेरी भक्ति सदा बनी रहे। तुम ही संसार में तप्तों की औषधि हो॥
6	टांडा चिकित्सा महाविद्यालय में पहली बार ऐसी चिकित्सा शुरू हुई है।	टांडा चिकित्सा महाविद्यालय में पहली बार ऐसी चिकित्सा शुरू की गई है।
7	मदनलाल धींगरा ने जब आंग्ल अधिकारी कर्जन की हत्या कर दी तब	मदनलाल धींगरा ने जब अंग्रेज अधिकारी कर्जन की हत्या की तब
6	सम्भव हो तो बाजार से सेव लाईयेगा।	हो सके तो बाजार से सेव ला।
6	उन्होंने कहा कि देश के शहरों के द्वारा भारत जीता जा रहा है.	उन्होंने कहा कि देशवासियों के लिए भारत नए अवतार में दिख रहा है।
6	धीरे धीरे लैंडर की गति धीमी की गई।	धीरे-धीरे लैंडर की गति धीमी कर दी गई।
1	मल	पुरीष
6	धूप में मत घूमो नहीं तो बीमार पड़ जाओगे।	धूप में मत घूमो नहीं तो बीमार पड़ोगे।
17	तुम्हारे विरह में मैंने जो प्रतिज्ञा की, मैंने उस प्रतिज्ञा को प्राप्त न करके दिन भरी परिश्रम से समुद्र में यात्रा करने के लिए बांधा था।	तुम्हारे विराध में मैंने जो प्रतिज्ञा की, वह प्रतिज्ञा मैंने धैर्यपूर्वक नींद से और दिन-रात परिश्रम से समुद्र में पुल से बाँधकर पूरी कर दी।
6	और बाण धारण किए हो। तो भी मेरे रहते सीता को लेकर नहीं जा सकोगे।	मेरे पास जाने के लिए कुशल नहीं होगे।
8	प्रजापति (सृष्टिकर्त्ता) ने (सृष्टि के) आदि में यज्ञ सहित प्रजा का निर्माण कर कहा इस यज्ञ द्वारा तुम वृद्धि को प्राप्त हो और यह यज्ञ तुम्हारे लिये इच्छित कामनाओं को पूर्ण करने वाला (इष्टकामधुक्) होवे।।	तत्पश्चात् प्रजाओं के साथ यज्ञ करके प्रजापति ने कहा-- हे पार्वति! इस प्रकार उत्पन्न होने पर तुम अपनी कामनाओं को प्रकट करो।।
10	हे नाथ हे लक्ष्मीपते! हे दुःखदलन व्रजराज ! हे जनार्दन ! इस कौरवोंकी सभारूपी समुद्रमें डूबती हुई मुझको बचाओ ! ॥	हे नाथ! हे राम! हे व्रजननाथ! हे रमानाथ! हे जनार्दन! आप कौरवों से आसक्त होकर मुझे क्रोधित कीजिये॥
17	मुख्यमंत्री सुखविंदर सिंह सुक्खू, मुख्यमंत्री संजय अवस्थी ने आश्वासन दिया कि इस समस्या पर विचारशीलता शीघ्र ही हो जाएगी।	मुख्यमंत्री सुखविंदर सिंह सुक्खू, मुख्यसदनीय सचिव संजय अवस्थी ने आश्वासन दिया कि इस समस्या पर शीघ्र ही विचार किया जाएगा।
11	आप मन्त्री और राजाओं के साथ अत्यनत शोभा पूर्वक क्यों नहीं आये ? सीताजी के यह प्रश्न पूछने पर श्रीरामचन्द्र जी मुसकराकर बोले ॥	क्या तुम सामन्ती राजा के साथ सम्भ्रम में आ गये? सीता से पूछने पर श्रीरामचन्द्रजी मुस्कुराते हुए बोले॥
4	दंड लेकर धन की रसीद देते हैं।	जुर्माना लेकर मनी रसीद देता है।
4	देवस्थान के चारों ओर वन है।	देवस्थान के चारों ओर वन है।
8	गुजरात राज्य के मुख्यमंत्री श्री विजय रूपाणी ने सम्मेलन का उद्घाटन किया।	गुजरात के मुख्यमंत्री श्री विजय रुपाणी ने सम्मेलन का उद्घाटन किया।
6	इससे पहले ही यमुनाचार्य का महाप्रयाण हुआ।	उसके पहले ही यमुनाचार्य की महाप्रयात्रा हुई।
22	कार्यक्रम में विशिष्ट अतिथि के रूप में उपस्थित श्री राकेश शर्मा ने कहा कि गीता के व्याख्यानों का अनुकरण किया जाना चाहिए, मुख्य अतिथि के रूप में उपस्थित डॉ प्रभाकर जोशी ने वैश्विकता गीता के उपयोग के बारे में प्रकाश डाला।	कार्यक्रम में विशेष अतिथि के रूप में उपस्थित श्री राकेश शर्मा ने कहा कि गीता में उल्लिखित वक्ताओं का अनुकरण किया जाना चाहिए, मुख्य अतिथि के रूप में उपस्थित डॉ. प्रभाकर जोशी ने वैश्विक स्तर पर गीता के उपयोग के बारे में प्रकाश डाला।
1	पीटेगा	पीटता है।
17	बांग्लादेश के प्रधानमंत्री शेखहसीना बांग्लादेशी मुद्रया''टका''उन्होंने भारतीय मुद्रा में सौ रुपये के साथ व्यापार बढ़ाने की आवश्यकता पर बल दिया।	बांग्लादेश की प्रधानमंत्री शेखहसीना ने बांग्लादेशी मुद्रा से "टका" इसके साथ भारतीय मुद्रा और रुपये में व्यापार के बढ़ने की आवश्यकता पर जोर दिया।
20	जिस व्यक्ति के दोष क्षीण हो गये हो और रक्त मे वायु की प्रधानता हो, उसके लिये पान, अभ्यग और अनुवासन मे स्नेह क्रिया का उपयोग करना चाहिये । वह रोगी स्नेहसाध्य है और जिस रक्त मे पित्त की प्रधानता हो तथा ग्रीष्म काल मे रक्त स्रवित होता है, उसके लिये स्तम्भन चिकित्सा करनी चाहिये, इस रक्त का रोकना ही उत्तम है । परन्तु स्तम्भन क्रिया मे यह देख लेना चाहिये कि इस रक्त मे वायु और कफ का ससर्ग न हो । यदि कफ का अनुवल हो तो उपेक्षा अथवा लघन करना चाहिये ||	जिस प्रकार रुक्षता, दोष, वात और बल के कारण होने वाले रक्त में स्नेह होता है, उसी प्रकार पित्त के कारण होने वाले रक्त का अनुवासन करने में भी स्नेह होता है। जिस प्रकार व्रण काल आने पर पित्त के कारण रक्त का प्रवाह होता है, उसी प्रकार जो उत्कण्ठारहित होता है, उस प्रकार वात और बल के कारण होने वाले रक्त में स्नेह होता है।
5	मैंने इस बाघ के प्राण बचाए,	मैंने इस बाघ के प्राणों की रक्षा की।
1	भुजा	हाथ
7	पैत्तिक-ग्रहणी - कटु, अजीर्ण, विदाही, अम्ल तथा क्षार आदि के सेवन बढा हुआ पित्त अभि को आञ्जावित करके उसी प्रकार नष्ट कर देता है, जैसे गरम पानी अनि को शान्त कर देता है। पित्त प्रकोपक वस्तुओं से पित्त मे उणमा और द्रबाश दोनो बढते है । द्रवाश के कारण जनि पुझ जाती है ।	कफ का क्षय हो जाने पर अम्ल और क्षार आदि से पित्तमूल उत्पन्न होता है। जल गरम पानी से युक्त होता है।
17	और मन ही मन कहने लगे अहो इस संमार में श्रीरघुनाथजी को छोड़कर स्मरण करने से कामनाओं को पूर्ण करनेवाला दुसरा कौन दयालु है ? मै अनन्यभाव से उनका नित्य स्मरण करता थी, इसलिए मेरे स्मरण को जान कर वह स्वयं मेरे पास चले आये ॥	हे रघुनेका! इस जगत् में कौन दयालु है, जो स्मरण की इच्छा रखता है? मैंने नित्य मन और भज को जानकर स्वयं ही स्मृति को प्राप्त कर लिया है॥
2	यह अ्च्छे नेत्रवाला है।	डर बड़ा है।
6	ग्यारह अन्य अप्रत्यक्ष लोगों का ध्यान भटकता है।	अन्य ग्यारह परोक्ष लोगों के लिए प्रयास जारी है।
10	उसी प्रकार वह षष्ठ हिंसक है, जो इस मांस को खाने के लिए परोसता है।	उसी प्रकार वह छठा हिंसक है, जो मांस खाने के लिए परोसता है।
9	गणना से पता चलता है कि दुनिया भर में 55 मिलियन लोग मनोभ्रंश से पीड़ित हैं।	गणना से पता चलता है कि दुनिया भर में साढ़े पांच करोड़ लोग डिमेंशिया से पीड़ित हैं।
12	इन सभी फ़िल्मों में सनी का नया फ़िल्म बॉर्डर लंबे समय से चर्चा की जा रही है।	इन सभी फिल्मों में सनी की नई फिल्म बॉर्डर काफी समय से चर्चा में है।
4	मंच की शोभा प्रान्तप्रचार प्रमुख सतेन्द्र कुमार ने की।	मंच का संचालन प्रांत प्रचार प्रमुख सतेन्द्र कुमार ने किया।
9	यह सभा पर्यावरण परिवर्तन से जुड़े जटिल विश्वचुनावों का निवारण करने के लिए भारत और अन्य देशों के साथ सहयोगात्मक प्रयासों को दर्शाती है।	यह बैठक जलवायु परिवर्तन से जुड़े जटिल वैश्विक चुनौड़ों को दूर करने के लिए भारत और अन्य देशों के सहयोगात्मक प्रयासों को दर्शाती है।
5	फिर जमींदारों का साम्राज्य छिन्न-भिन्न हो गया।	इसके बाद जमींदारों का राज्य टूट गया।
7	स्वामीनारायणसंस्थान के प्रमुख स्वामीगणों ने मंदिर का निर्माण कराया है।	मंदिर की रचना स्वामीनारायण संस्थान के प्रमुख स्वामी महाराजाओं द्वारा की गई है।
25	दस साल पहले''संस्कृत के संवर्द्धन के लिए कोई भी मार्गसूची''-ऐसा दस साल की दृष्टिगोचर योजना की जो 10 फरवरी, 2016 में केंद्र सरकार द्वारा रचित लेखक समिति में सदस्य बन गया और कार्य में लग गई, शास्त्री।	दस वर्ष पहले "संस्कृत के उन्नति के लिए कोई भी मार्गसूची नहीं है"-उन्होंने दस साल की परिप्रेक्ष्य योजना का जो प्रकाशन पत्र केंद्र सरकार द्वारा 2016 में लिखा गया था, वह लेखक समिति का सदस्य बन गया।
9	उपाध्यक्ष पद के चुनाव की प्रस्तावना कल संसदीय कार्यों मंत्री हर्षवर्धन चौहान ने प्रस्तुत की।	उपराष्ट्रपति पद के चुनाव का प्रस्ताव कल संसदीय कार्य मंत्री हर्षवर्धन चौहान ने प्रस्तुत किया।
3	घड़ा कैसे भरता है?	घड़ा कैसे भरता है?
6	तब दशग्रीव ने यह सोचकर बाढ को कहा ।	तब दशग्रीव ने अच्छा ऐसा कहा।
9	ओह , आप रात में संस्कृत में ही सपना देखते हैं	ओह, आप रात में संस्कृत में ही सपना देखते हैं।
15	पूरी रात चलने वाला यह उत्सव 18 फरवरी को शाम 6 बजे से अगले दिन शाम 6 बजे तक सद्गुरु की उपस्थिति में जारी रहेगा।	पूरे रात चलने वाला यह उत्सव 18 फरवरी को शाम 6 बजे से अगले दिन 6 बजे तक सद्गुरु की उपस्थिति में मनाया जाएगा।
5	प्रायः वह प्रतिदिन आता है।	प्रायः प्रतिदिन वह आता है।
4	पढ़ने वाले बालक जाते हैं ।	पढ़ने वाले बच्चे जाते हैं।
7	आज तो उसके घर मांगलिक काज हो रहा है।	आज तो उसके घर में मंगलिक काम हो रहा है।
3	अर्जुन को उपदेश करते हुए वह बोला	अर्जुन के पास जाकर उसने कहा -
8	पश्चिम से लेकर पश्चिम तक जो साहित्य का अध्ययन किया गया है, वह कला रूप है।	पाश्चात्त्य पद्धति के अनुसार जो शोध है वह कला का रूप है।
3	देव के द्वारा अन्न दिया गया	देव ने अन्न दिया।
15	कम से कम कार्यों के मंत्री स्मृति ईरानी ने नई दिल्ली में हजमार्ग दर्शकों का खुलासा किया, हज सुविधा और मोबाईल एप का भी शुभारंभ किया।	अल्पसंख्यक कार्य मंत्री स्मृति ईरानी ने नई दिल्ली में पाचन पथ प्रदर्शनियाँ प्रकाशित की, हज सुविधा और मोबाइल ऐप का भी शुभारंभ किया।
5	COVID-19 के प्रसार के कारण, भड़काने वालों को दान की जाने वाली धनराशि कम कर दी गई है।	कोविड-19 के प्रसार के कारण श्रमिकों के लिए राशिदान भी कम कर दिया गया है।
20	इसके अलावा इन लोगों के लिए हिमकेयर भी है-पत्रों को रद्द करने के आदेश भी दिए गए हैं, जिससे इन लोगों के लिए जल्दी से पोस्टिंग कर सकें।	इसके अलावा, इन लोगों के लिए हिमकेयर-पत्रों को रद्द करने के लिए आदेश भी दिया गया है, जिससे इन लोगों के लिए शीघ्र ही आयुष्मान पत्र बनाए जा सकते हैं।
6	महिलाओं को शाम को क्या करना है यह देख रही है।	महिलाओं को शाम को क्या करना चाहिये यह देखता है।
4	पहले मेरा काम पूरा करिये	पहले मेरा काम समाप्त करिये।
1	हे युवको!	जवान!
3	माता पिता और गुरुजनों का सम्मान करना उचित है।	माता पिता और गुरुजनों का सम्मान करना चाहिए।
5	भगवान् श्रीकृष्ण में समस्तनिष्ठों की पूर्णता है।	भगवान श्रीकृष्ण में सभी भक्तों की पूर्णता है।
3	स्नानागार में ही गाते हो	स्नानगृह में ही गाते हो।
11	इस सभा का आयोजन विश्व संवाद केंद्र द्वारा बिलासपुर में दिसंबर को किया जा रहा है।	इस सभा का आयोजन विश्व संवाद-केंद्र-न्यास द्वारा बिलासपुर में दिसंबर को किया जाता है।
4	तुम सबके द्वारा दान दिया जाय ।	तुम लोगों को दान दीजिये।
9	रघुनाथपुर विश्व हिंदू परिषद के प्रांत अध्यक्ष लेखराजा को निमंत्रण देने के लिए कुल्लू में रघुनाथपुर पहुंचे।	रघुनाथपुर विश्व हिंदू परिषद के प्रांत अध्यक्ष लेखराज ने निमंत्रण देने के लिए कुल्लू रघुनाथपुर पहुंचे।
7	समग्र भारत में संस्कृत भाषा में ही शिक्षा दी जाती थी।	समग्र भारत में शिक्षा संस्कृत में ही दी जाती थी।
7	चित्रांग बोला शिकारी के डर से मैं आप की शरण में आया हूँ।	चित्रांग ब्रूट-मैं लुटेरों से आकर्षित होकर आपकी शरण में आ गया हूँ।
4	धर्मों ने कहाँ पर विकास प्राप्त किया है?	कहाँ धर्मों का विकास हुआ?
3	थोड़ी देर बाद	कुछ समय बाद
6	तुम मेरी बात नहीं सुनती हो।	तुम मेरी बात नहीं सुनते हो।
30	अधिक से अधिक जानकारी देकर धौलकुआं क्षेत्रीय उद्यान अनुसंधान- प्रशिक्षण केंद्र के सह- निदेशक डॉ. विशाल राणा ने कहा कि जब वह एक्सपोजर-वह घूमने के लिए ऑस्ट्रेलिया पहुंचे थे और वहाँ उन्होंने उत्पादन देखा, फिर एनबीपीजीआर ने आयात- लाइसेंस प्राप्त किया।	अधिक से अधिक सूचना देकर धोलाकुआं क्षेत्रीय उद्यान अनुसंधान-प्रशिक्षण केंद्र के सह-निदेशक डॉ. विशाल राणा ने कहा कि जब वह एक्सपोजर के लिए ऑस्ट्रेलिया गया तब वहाँ ही उसका उत्पादन देखा और वहाँ से एनबीपीजीआर से आयात-लाइसेंस प्राप्त किया।
10	जनजागरण संस्थान धर्मशाला अब हिमाचल प्रदेश के केंद्रीय विश्वविद्यालय के धर्मशाला के विषय में विवादास्पद हो गया है।	जनसंचार संस्थान धर्मशाला अब हिमाचल प्रदेश के केंद्रीय विश्वविद्यालय के धर्मशाला के विषय में क्रोधित है।
10	हालांकि तिथि निर्धारित नहीं है फिर भी फरवरी-माह की तारीख से आगे बढ़ाया गया है.	जबकि तिथि निर्धारित नहीं है फिर भी फरवरी-माह की तारीख से आगे बढ़ाया गया है।
7	जो हमेशा सत्कार्य करता है वह आर्य	जो हमेशा सत्कार्य करता है वह आर्य है।
9	कबन्ध बोला यदि आप राम हैं और स्वयं आप मेरे पास आये हैं तो मैं धन्य हैं। पूर्व समय में में रूप और योवन के मद से उन्मत्त एक गन्धर्वराज था ॥	हे राम! मैं धन्य हूँ कि तुम मेरे पास आये हो। पूर्व समय में मैं गन्धर्व राजा था और रूप और आभूषणों से सुशोभित था॥
8	तुम भी वैसा नहीं लिखते जैसा विष्णुशर्मा लिखता है।	तुम भी वैसा नहीं लिखते जैसा विष्णुशर्मा लिखते हैं।
10	अभिमानी और उन्मत्त जिस वाणी को बोलता है वह राक्षसी वाणी है।	जो दृढ़निश्चयी बोलता है, वह राक्षसी वाणी है।
7	ऋषियों के आश्रम में जाकर लोग उपासना करते थे।	ऋषियों के आश्रम जाकर लोग उपासना करते थे।
11	जिस प्रकार मांस आकाश में पक्षियों से, पृथ्वी पर हिंसक जन्तुओं ( कुत्ता सिंह इत्यादि) से और जल में मछलियों से खाया जाता है, उसी प्रकार धनवान् सब जगह खाया (लूटा ) जाता है |	जैसे आकाश में, आकाश में पक्षियों के द्वारा, पृथ्वी पर पक्षियों के द्वारा, जल में खाने के लिए, वह सब कुछ नष्ट कर देता है।
1	दरख़्त	वृक्ष
2	चुनना	चि (चुनती है)
9	केरल की मछली-महासागर अनुसंधान विश्वविद्यालय के वैज्ञानिक इसके''होराग्लानिस पोपुली''वैज्ञानिक नाम दिया गया है।	केरल की मछली-समुद्री अनुसंधान विश्वविद्यालय के वैज्ञानिकों ने इसका "होराग्लानिस पोपुली" वैज्ञानिक नाम दिया है।
6	हम सभी पर्वतों पर चढ़ नहीं पाएँगे।	हम सभी पर्वतों पर चढ़ नहीं सकते।
5	दीवान ने गोपाल को राजा के सामने झुका दिया।	दीवान ने गोपाल को राजा के सामने प्रस्तुत किया।
4	वे माँगते हुए जाते हैं।	वे माँगते हुए जाते हैं।
1	दुनिया	संसार
13	उन्होंने भी कहा कि पिछले दशक भारत और अफ़्रीका के बीच सहयोग को बढ़ाने के लिए एक अभियान के रूप में काम किया था।	उन्होंने यह भी कहा कि पिछले दशक भारत ने अफ्रीका के साथ सहयोग बढ़ाने के लिए अभियान के रूप में काम किया है।
11	शिक्षा के क्षेत्र- प्राचीन भारतीय इतिहास में समाज के विभिन्न स्तरों के महिलाएँ शिक्षा के क्षेत्र में हिस्सा ले रही थीं।	शिक्षा क्षेत्र-प्राचीन भारतीय इतिहास में समाज के विभिन्न स्तरों की महिलाएँ शिक्षा के क्षेत्र में भाग ले रही थीं।
7	एटली की अग्रिम फिल्म में वरुणवन मुख्यभूमि पर दिखाई देता है।	एटली की अग्रिम फिल्म में वरुण धवन मुख्यभूमि पर दिखाई देता है।
7	धर्मगुरु ने जानुसमस्या के कारण अयोध्या नहीं जाया।	धर्मगुरु जानुसमस्या के कारण अयोध्या नहीं जा सके।
1	निवारण कर।	रोककर
10	कल दोनों की शिक्षिका ने आपके दोनों बेटे अध्ययन में रुचि नहीं दिखाते।	कल उन दोनों के शिक्षक आप दोनों के पुत्र अध्ययन में रुचि नहीं दिखाते हैं।
6	गोह, लोपक ( शृगाल भेद ), बिल्ली, श्वावित्, ऊट, गाय, कछुआ और शल्लकी इनके मास-रसों को भी शाक की भाति दही और अनार रस में सिद्ध करके घी और तेल मे भून कर धनिया और सोठ मिला कर देना चाहिये ||	गौ, अश्व, औषध, लोपाक, मर्जार, राज्य और कछुए की छाल आदि से उत्पन्न होने वाले पशुओं को भी इस प्रकार का उपदेश करना चाहिए।
15	जिसमें विद्या और भक्ति नहीं, ऐसे पुत्रके होनेसे क्या लाभ है? कानी आँखके रहनेसे क्या लाभ? उससे तो केवल नेत्रकी पीड़ा ही होती है	जो न विद्वान है और न भक्तिमय है, उस पुत्र से क्या प्रयोजन है? कान से नेत्र क्या है और केवल पीड़ा ही नेत्र है?।
5	अस्सी हजारमूल्य की वस्तुएँ प्रदर्शनी में लाए हैं।	प्रदर्शनी में अस्सी हजार मूल्य की वस्तुएँ लाई गई हैं।
1	आग	जल
5	वह बच्चा उसका भांजा है ।	वह बालक इस का भतीजा है।
9	रूपाली आगे बोली कि वह पृथ्वी की नाट्यगृह में नाटक कर रहा था।	रूपाली ने आगे कहा कि वह पृथ्वी नाटक घर में नाटक कर रहा था।
3	मन्दिर में नगाड़ा ज़ोर से ध्वनि कर रहा है।	मन्दिर में ऊँची तलहटी है।
8	जब हम हँसते हैं तब हमारे दाँत ही दिखते हैं।	जब हम हँसते हैं तब हमारे दाँत ही दिखते हैं।
8	पराग - नहीं , तेज मत चलो ।	पराग-नहीं, वेग से मत चलो।
2	उसकी लेखनी	उसका कलम
1	अन्धा ।	अंधा
1	रक्षक	योद्धा
4	सुनार सोने से आभूषण बनाता है।	सुनार सोने से गहने बनाता है।
9	हिमाचल प्रदेश के बारे में वादी पर्वतीय राज्य में इस कार्यक्रम के बारे में बहुत उत्साह है।	हिमाचल के बारे में बोलते हुए पर्वतीय राज्य में इस कार्यक्रम के बारे में बहुत उत्साह है।
12	अनेक अन्यधिकारों के लिए उन्होंने हमें बताया जैसे जीवन का अधिकार, स्वतन्त्रता का अधिकार, शिक्षा का अधिकार और समानता का अधिकार।	बहुत से अधिकारों से हमने उन्हें समझाया है जैसे-जीवन के अधिकार, स्वतन्त्रता के अधिकार, शिक्षा के अधिकार, समानता के अधिकार इत्यादि।
3	मैं खाऊँ ?	मैं खाता हूँ?
15	इसके द्वारा घर से उत्पादन विक्रय के अलावा किसान एचपीएमसी द्वारा बेची जाने वाली उपकरणों और अन्य सामग्रीओं का ऑनलाइन आरक्षण कर सकते हैं।	इससे घर से उत्पाद बेचने के अलावा किसान एचपीएमसी द्वारा बेचे जाने वाले उपकरणों और अन्य सामग्रियों का ऑनलाइन आरक्षण कर सकते हैं।
9	नीरज -नमस्ते , नमो नमः । कैसे हो तुम ?	नीरज-नमस्ते, नमो नमो। कैसे हो?
11	न चोरों के द्वारा चुराने योग्य है और न राजा के द्वारा छीनने योग्य है, न भाइयों के द्वारा बाँटने योग्य है और न भार (बोझ) बढ़ाने वाली है।	न चोर के लिए, न राजा के लिए, न भाई के राज्य के लिए और न भार करने के लिए।
11	केवल यशस्वी जायसवालविराट कोहली और संजु सैमसन शिवम दुब रनों को ही जीता गया।	यशस्वी जयसवाल विराट कोहली और संजु सैमसन शिवम दुबे ने रन बनाए।
1	जागना	जागने के लिए
4	दुर्जनों को कलह करना अच्छा लगता है।	दुष्ट लोगों को कलह पसंद है।
10	वे लोग गुरुजन,  ताऊ,  चाचा,  पुत्र,  पितामह,   श्वसुर,  पोते,  श्यालक तथा अन्य सम्बन्धी हैं।	आचार्य के पिता पुत्र होते हैं और दादाजी भी माता-पिता होते हैं। माता-पिता माता-पिता होते हैं। माता-पिता माता-पिता माता-पिता माता-पिता माता-पिता माता-पिता माता-पिता माता-पिता माता-पिता माता-पिता माता-पिता माता-पिता माता-पिता माता-पिता माता-पिता माता-पिता माता-पिता माता-पिता माता-पिता माता-पिता माता-पिता माता-पिता माता-पिता माता-पिता
5	गुरुनानक जी का जन्म तलवंडी नगर में हुआ।	गुरुनानक का जन्म तलवांडी नगर में हुआ था।
4	वह काट नहीं सकती है।	वह काट नहीं सकती है।
5	कौन सी गाड़ी  जयनगर जाती है ?	कितनी संख्या में वाहन विजयनगर जा रहा है?
10	राम के द्वारा ही मुक्त किया गया, शीघ्रता से डरी हुई उस स्त्री के साथ गली में घुसकर सीता को प्राप्त हुई।	राम ने ही शीघ्रता से भयभीत होकर घर के अंदर प्रवेश किया और स्त्रियों के साथ सीता को बुलाया।
13	देवराज के सारथी हैं तुम्हारा काम यह है कि मैं भी युद्ध की इच्छा से सावधान होकर तुम्हें याद कर दूँ कि मैं तो नहीं सिखाती हूँ।	काम तुम देवराज के सारथि हो, और मैं भी तुम दोनों के एकग्रस होने के कारण तुम्हें याद दिलाता हूँ, नहीं सिखाता हूँ।
16	पश्चिमी विक्षोभ के कार्यकलाप के कारण हिमाचल प्रदेश में रविवार और सोमवार को पीतस्चेतना में वर्षा और बर्फ लगातार हो रही थी।	पश्चिमी विक्षोभ की गतिविधि के कारण हिमाचल प्रदेश में रविवार रात और सोमवार को पीतस चेतन के बीच वर्षा और बर्फबारी जारी थी।
7	विधानसभा की बजट सभा के लिए पुलिस प्रशासन ने यातायात योजना की है।	विधानसभा के बजट सत्र के लिए पुलिस प्रशासन ने यातायात योजना बनाई है।
6	अतिअहिंसावाद के कारण लोग कायर बन रहे थे।	अत्यधिक अहिंसा के कारण लोग कायर होते थे।
23	में अपने ही कर्म से मर रहा हूँ, आप मुझे न मारें, आपका कल्याण हो। में जटायु नामक गृध हूँ। मैंने आपकी भार्या सीता का हरण करके ले जाते हुए रावण का पीछा किया और उसका रथ, धनुष तोड़ दिया और घोड़े मार दिए; परन्तु उसने मुझे घायल कर दिया जिससे में घायल होकर यहाँ पड़ा हूँ। हे जगन्नाथ! आप मेरी ओर देखिये, में अब अपने प्राणों को छोड़ना चाहता हूँ। यह सुनकर श्रीरघुनाथजी ! उनके पास जाकर उसे कण्ठगतप्राण और अति दीन अवस्था में पड़े देखा। तत्पश्चात् वह आँखों में आँसू भरकर उस पर हाथ फेरते हुए बोले ॥	हे रघुश्रेष्ठ! अपने कर्म से मरते हुए आपके मन को मार डालो। मैं जटायु और पत्नी को खाने वाले के समान शीघ्र ही गिर पड़ा हूँ। हे जगनाथ! मैं अपने प्राणों को त्यागकर मुझे देखूँगा। यह सुनकर श्रीरघुनाथजी ने दीन कण्ठ वाले प्राणियों को देखा॥
12	राज्य के अध्यक्ष ने कहा कि पिछले वर्ष चंडीगढ़-बद्दी-रेखावेट में 750 करोड़ रुपये का प्रावधान किया गया था।	प्रदेश के अध्यक्ष ने कहा कि पिछले साल चंडीगढ़-बद्दी-रेलमार्ग के लिए 400 करोड़ रुपये का प्रावधान किया गया था।
7	उनका परवर्ती जीवन अधिकतर राजनीतिक कार्यक्रमों में बिताया गया।	उनका बाद का जीवन अधिक से अधिक राजनीतिक कार्यक्रमों में व्यतीत हुआ।
8	इस अवसर पर आचार्य तुलसीदास परौहा जी, विश्वविद्यालय के रीवा परिसर विशेष रूप से उपस्थित थे।	इस अवसर पर आचार्य तुलसीदास परौहा जी विश्वविद्यालय के रीवा परिसर के प्रभारी विशेष रूप से उपस्थित थे।
5	सर्प (कुटिलपुरुष) मार्ग में टेढ़ा-मेढ़ा चलता है।	यह हाथी पंथों को भी साँपता है।
10	उन्होंने लगभग सात सौ फिल्मों में अभिनय किया और सर्वश्रेष्ठ अभिनेता का राज्य पुरस्कार जीता।	सत्रह फिल्मों में अभिनय की प्रवीणता दिखाने के लिए उन्हें सहायक अभिनेता का राज्य पुरस्कार भी मिला।
9	जो व्यक्ति प्रसन्नता पूर्वक अहर्निश अध्यात्मरामायण का गान करता है उसकी आज्ञा के लिये इन्द्रादि देवगण प्रतीक्षा करते हैं ॥	जो पुरुष अधात्मरामायण का महर्निश गान करता है, उसकी आज्ञा की देवताएँ इन्द्र के पास जाने की प्रतीक्षा कर रही हैं॥
10	चयन समिति नामों को लघूसूची करके एक पटल बनाएगी और शीर्ष नेता को मंजूरी देगा।	चयन समिति नामों को छोटा करके एक पटल बनाकर शीर्ष नेताओं को मंजूरी के लिए भेजेगी।
17	क्योंकि इन स्वास्थ्य संस्थानों में हजारों रोगी उपचार के लिए आते हैं, यदि चिकित्सकों की प्रार्थनाएं पूरी नहीं होती हैं तो भविष्य में समस्याएँ पैदा होती हैं।	क्योंकि इन स्वास्थ्य संस्थानों में हजारों रोगी चिकित्सा के लिए आते हैं, यदि डॉक्टरों की आग्रह पूरी नहीं होती हैं तो भविष्य में समस्याएं पैदा होंगी।
9	महानिरीक्षक प्रज्ञता (आईजी इंटेलिजेंस) संतोष पिलायाल अधिकारी परिषद के अध्यक्ष नियुक्त हैं।	महानिरीक्षक प्रज्ञान (डीजी इंटेलिजेंस) संतोष पटियाला को अधिकारी परिषद का अध्यक्ष नियुक्त किया गया है।
7	अंजुमन इंतिज़ामिया मस्जिद-समिति ने कहा कि ज्ञान स्टीमर-मस्जिद-वक्फ-संपत्ति मौजूद है.	अंजुमन प्रबंधक मस्जिद-समिति ने कहा कि ज्ञानवापी मस्जिद-वाखफ-सम्पत्ति है।
4	अब करतारपुर पाकिस्तान में है।	अब कर्पूर पाकिस्तान में है।
17	भारत सरकार के आय विभाग के माध्यम से 80जी भी छात्रों और सार्वजनिक जनता के लिए उपलब्ध है-संस्कृत में विद्यमान-ज्ञानसागर छात्र अवश्य मिलते हैं-मिलना चाहिए.	भारत सरकार के आय विभाग द्वारा 80जी भी संस्थान द्वारा छात्रों और जनता के लिए उपलब्ध है-संस्कृत में विद्यमान-ज्ञान सागर के छात्रों को अवश्य-प्राप्त करना चाहिए।
5	इसलिए सदाचार की रक्षा प्राणों से भी बढ़कर करनी चाहिए।	यदि रक्षा की जाय तो पुण्य प्राणों से भी विशेष है।
8	जिसकी प्रारम्भिक सत्र संस्कृतप्रार्थना है, संस्कृत भाषा में वार्ता आदि पढ़ते हैं।	इसके शुरुआती सत्र में संस्कृत प्रार्थनाएँ, संस्कृत भाषा में वार्ताएँ इत्यादि पढ\u093Cी जाती हैं।
5	पत्नी –ये कूड़ा नहीं है।	यह कूड\u093Cा नहीं है।
5	तीसरी मंजिल में खाद्य व्यंजन मिल रहे थे।	तीसरे तलहटी में खाद्य व्यंजन मिल रहे थे।
4	लिखकर अभ्यास करो ।	लिख कर अभ्यास करो।
3	यह अत्यन्त जल्दी लिखता हैं।	भय के समान जल्दी लिखता है।
11	अखिलेश खान की फिल्म लाल सिंह चड्डा 2022 में प्रदर्शित की गई।	अखिलेश खान की फिल्म लाल सिंह चड्डा 2022 में प्रदर्शित की गई।
2	मैं पढ़ता हूँ |	मैं पढ़ता हूँ।
1	शान्त करना	समान व्यवहार में
9	महानिरीक्षक प्रज्ञता (आईजी इंटेलिजेंस) संतोष पिलायाल अधिकारी परिषद के अध्यक्ष नियुक्त हैं।	महानिरीक्षक प्रज्ञान (डीजी इंटेलिजेंस) संतोष पटियाला को अधिकारी परिषद का अध्यक्ष नियुक्त किया गया है।
10	इस समय पश्चिमी विकार के सक्रिय होने के कारण वर्षा, बर्फबारी शुरू हुई।	इसी समय पश्चिमी विकार के सक्रियण के कारण वर्षा और बर्फबारी शुरू हुई।
5	हाईड्रोजन प्रदूषण से रहित स्वच्छ ईंधन माना जाता है।	हाइड्रोजन प्रदूषण से रहित स्वच्छ ईंधन माना जाता है।
4	सास बहू को पाकविद्या सिखा रही है ।	सास बहू को पाकविद्या पढ\u093Cाती है।
6	तुम्हारे घर किसका वृक्ष है ?	तुम्हारे घर किसका वृक्ष है?
5	घोड़े को देखकर उसे क्या याद आती है?	वह घोड़े को देखकर क्या याद करता है?
10	दल के सूत्रों से कहा गया है कि इस सप्ताह आवेदन की तारीख निर्धारित होगी.	दल के सूत्रों ने कहा कि इस सप्ताह आवेदन की तारीख तय हो जाएगी।
8	उसी दिन चन्द्रयान ने चंद्र पृष्ठ पर एक सफल उतरान किया।	उसी दिन चन्द्रयान ने चंद्रमा की सतह पर सफल लैंडिंग की।
5	मैंने भी खड़े होकर वीरों को श्रद्धाञ्जलि दी।	मैंने भी खड़े होकर वीरों को श्रद्धांजलि दी।
7	राष्ट्रपति मुर्मू ने गणतंत्र दिवस के पूर्व संध्या पर राष्ट्र को संबोधित किया।	राष्ट्रपति मुर्मू ने गणतंत्र दिवस की पूर्व संध्या पर राष्ट्र को संबोधित किया।
6	ये महोदय बहुत कर्मठ थे ।	ये महोदय बहुत मेहनती थे।
3	कौए ने लड़के के हाथ से रोटी लेली।	बालक ने बालक के हाथ की बोतल पकड़ी।
5	मेरे पुत्र ने रास्ते में उसे देख लिया।	मेरे पुत्र ने रास्ते में उसे देखा।
6	प्रकाश करो नहीं तो वह बालक डरेगा।	प्रकाश करें नहीं तो वह बच्चा डर जाएगा।
10	इष्टगन्ध आदि से युक्त प्रिय और हितकर अन्न शरीर मे पृथक् २ गन्ध आदि गुण घ्राण आदि इन्द्रियों को पृथक् २ तर्पण करता है । अर्थात् स्वादु और हितकर अन्न के पार्थिव आदि भाग अपने अपने गुणों से अपनी अपनी इन्द्रियो का तर्पण करते हैं ॥	अन्न, मिश्रधातु, पकाये हुए मिश्रधातु, गन्धादि से पृथक्, गन्धादि और प्राणादि निद्रा आदि से शरीर प्रसन्न होता है॥
6	शुंग वंश के पुष्य मित्र का काल सबसे पहले दूसरा शतक है।	शुङ्ग वंश के पुष्यमित्र का समय ईसा पूर्व दूसरा शतक था।
8	कुछ समय बाद ही पांचों झुग्गी गांवों में आग लग गई।	कुछ समय के भीतर ही पांच झोपड़ियों में आग लगने से अराजकता हो गई।
4	वह वहाँ कल जाएगा।	वह वहाँ कल जाएगा।
6	रात में भोजनालयों में भी लोग भोजन करते हैं।	रात में भोजनालयों में भी लोग भोजन करते हैं।
4	जो एकबार देखने के लिए महत्वपूर्ण है।	जो एकबार देखना महत्वपूर्ण है।
12	प्रधानमंत्री मोदी आज वहाँ वैश्विक नेताओं के साथ द्वैपाक्षिकम् में परस्पर मंत्रण वार्ता भी करेंगे।	प्रधानमंत्री मोदी आज वहां वैश्विक-नेताओं के साथ द्विपक्षीय और आपसी मंत्रणा सत्र भी आयोजित करेंगे।
4	मनुष्य की श्रेष्ठता चरित्र से होती है।	मनुष्य की श्रेष्ठता चरित्र से होती है।
6	श्रीफ्रांस भारतीय-वैश्विक परिषद में एक व्याख्यान भी देगा।	श्रीफ्रांस भारतीय-वैश्विक परिषद में एक व्याख्यान भी देंगे।
9	उस मन्त्री ने प्रजाओं को 'पेट तथा अंगों की कथा सुनाकर उनकी अनुकूलता प्राप्त कर ली।	वह माता प्रजाओं को "उदरवयों की कथा निवेदन करके उनका अनुकूल हो गया।
7	इटली के युवा टेनिस खिलाड़ी यानिक ने सीन के साथ इतिहास बनाया।	इटली के युवा टेनिस खिलाड़ी यानिक-सीनर ने इतिहास रचा।
6	इसलिए, स्थिरता विशेषज्ञों का मानना ​​है कि कोई अन्य तरंग व्यवहार्यता नहीं है।	इसलिए, स्वास्थ्य विशेषज्ञों का मानना है कि दूसरी लहर की संभावना नहीं है।
5	उनका प्रेणादायक प्रवचन मैंने सुना था।	उनका प्रेरणादायक प्रवचन मैंने सुना।
25	क्योंकि ये शास्त्रों के अमृत से निर्धन ब्राह्मणों को सींचते हैं, इसलिए धरती की बात तो छोड़ो, स्वर्ग में भी ऐसे लोग प्राप्त नहीं होते, क्योंकि इस संसार में या स्वर्ग में भी, मनुष्य, देवता इत्यादि सब स्वार्थसमुत्सुक ही हैं, जो निष्काम भाव से सब कुछ, (विद्या आदि) दान कर दे, ऐसे धन्य पुरुष तो श्री बाबा जी ही हैं ।	यह शास्त्रों के द्वारा अच्छी तरह से अभिषिक्त किया जाता है क्योंकि यह संसार में और स्वर्ग में भी प्राप्त नहीं होता है। यह संसार में सब प्रकार के स्वार्थों का स्रोत है या नहीं? इस कारण से यह मनुष्य धन्य है। श्री बाबागुरुजी धन्य हैं।
1	देशी भाषा	देश की भाषा
9	शनिवार को बहुत से लोगों ने पूर्व मंत्री से परामर्श किया।	शनिवार को बड़ी संख्या में लोगों ने पूर्व मंत्रियों के घर आकर उनसे सलाह की।
9	उन्होंने कहा कि राज्य सरकार ने कर्मचारियों से 4 फीसदी बड़ा भारी वेतन घोषित कर दिया है.	उन्होंने कहा कि राज्य सरकार ने कर्मचारियों को 4 प्रतिशत महँगाई की घोषणा की है।
8	हे रघुश्रेष्ठ ! यह संसार आपकी माया का विलास है और मैं आपका ही अंश हूँ । अतः अपने चरणारविन्द की भक्ति मुझे देकर भव संकट से रक्षा कीजिये ॥	हे रघुश्रेष्ठ! आपके चरणारविभक्तिके उपदेशसे आप इस संसाररूपी संसारको शोक करते हैं॥
4	मध्याह्नोत्तर का काम दिन के प्रथम भाग में ही कर लेना चाहिए।	दोपहर को प्रातःकाल ऐसा करना चाहिये।
9	नीरज -नमस्ते , नमो नमः । कैसे हो तुम ?	नीरज-नमस्ते, नमो नमो। कैसे हो?
27	मंत्रिमण्डल ने जलशक्ति विभाग का कार्यानुष्ठान और लोगों की सुविधा हेतु जलशक्ति विभाग के डलहौजी से चंबा जिले के चुवरी के स्थान पर शिमला जिले के जलशक्ति विभाग कासुम्पटी, सुन्त्री, नृवा मतियाना और अन्य जिलों का पुनर्गठन करने का निर्णय लिया।	जलशक्ति विभाग के कार्यप्रणाली को सुव्यवस्थित करने और लोगों की सुविधा के लिए कैबिनेट ने जलशक्ति विभाग के डलहौजी से चम्बामण्डल के चुवाड़ी को शिमला जिले के जलशक्ति विभाग के कासुम्पटी, सुन्ती और नेरवा मतियाना में विभागों का पुनर्गठन करने का निर्णय लिया है।
9	रेलवे स्टेशन बस- टैक्सी- उद्देश्य है कि अटोरिक्शा स्टेशनों के साथ संबंध बनाए रखना है।	रेलवे स्टेशनों को बस-टैक्सी-इसका उद्देश्य अटोरिक्शा स्टेशनों से जोड़ना है।
12	मैं अपनी सखियों के साथ कल सुबह काशीविश्वनाथ मंदिर की ओर जाऊँगी, वहाँ हम गंगा स्नान और धार्मिक यात्रा करेंगी।	मैं अपनी सखियों के साथ कल सुबह काशी विश्वनाथ मंदिर जाऊँगा, वहाँ हम गंगा स्नान और धर्मयात्रा करेंगे।
5	विद्यालय के प्रार्थना सत्र में वह संस्कृत गीत गाती है।	विद्यालय के प्रार्थना सत्र में वह संस्कृत गीत गाती है।
1	रुक गया।	निवृत्त
9	जहाँ मुख्यलिखित परीक्षा में सभी पत्रों में 216भ्यर्थी उपस्थित थे।	मुख्य लिखित परीक्षा में सभी पत्रों में 216भ्यर्थी उपस्थित थे।
8	बोलो क्या कहना चाहती हो। आज कार्यालय बन्द है क्या ?	बोलो क्या बोलना चाहते हो। आज कार्यालय की छुट्टी है क्या?
7	सुचरित्र से मनुष्य महान् बन सकता है।	सुचरित से ही कोई भी मनुष्य बड़ा होना चाहिए।
3	मेरे पिता का है।	मेरा पैतृक।
7	कैसे वे उम्मीदवारों के वोटों की संख्या उद्घोषित करते हैं ?	कैसे वेभ्यर्थियों के मतों की संख्या घोषणा करते हैं?
3	सब केवल पढ़ते हैं।	सभी केवल पढ़ते हैं।
3	योगशास्त्र का प्रवर्तन किसलिए हुआ?	योगशास्त्र का प्रयोग किसलिए किया गया?
9	जिस अपराध के लिए प्रजा को एक रुपए से दण्डित किया जाए उसी अपराध के लिए राजा को हजारगुणा दण्ड प्रावधान होवे।	जहाँ स्वभाव से मनुष्य को रुपये का दंड देना चाहिए वहाँ राजा को हजार गुना दंड देना चाहिए।
1	देवदत्त	देवदत्त
1	धर्म के बिना	धर्म से
9	सांस्कृतिक समुदाय, सामाजिक संदेश, संस्कृति, और परंपरा पर आधारित आकर्षक कार्यक्रम प्रस्तुत किए गए।	सांस्कृतिक समूहों ने सामाजिक संदेश, संस्कृति और परंपराओं पर आधारित आकर्षक कार्यक्रम प्रस्तुत किये।
2	ब्रह्मा जी के समक्ष उपस्थित हुआ।	ब्रह्मा जी उपस्थित थे।
6	उस काम में वह अकेला नहीं है ।	उस काम में वह अकेला नहीं है।
16	मनुष्य को न बाजूबन्द सुशोभित करते हैं, न चन्द्रमा के समान चमकदार हार, न स्नान, न शरीर पर सुगन्धित लेपन (चन्दन, केसर आदि), न बालों/चोटी में सजाए हुए फूल सुशोभित करते हैं।	केयूर न पुरुष को सुशोभित करते हैं, न चाँदनी से चमकती है, न स्नान करते हैं, न विलाप करते हैं और न फूलों को ही सुशोभित करते हैं।
6	वो हमारे राष्ट्रीय सलाहकार समिति के अध्यक्ष हैं	वह हमारी राष्ट्रीय सुरक्षा सलाहकार समिति के अध्यक्ष हैं।
6	सत्ता में आकर वह वचनपालन नहीं करता है।	सत्ता में आकर वह वाणी का पालन नहीं करता है।
3	विद्यालय के चौकीदार को निवेदन करती है।	विद्यालय की चौकीदार से निवेदन करता है।
9	यह फिल्म अर्जुनकपूर की करियर का सबसे बड़ी निष्फल है।	यह फिल्म अर्जुन कपूर के करियर की सबसे बड़ी निष्फल साबित हुई।
9	वहाँ भारत के नवनिर्माण संस्कृत के योगदान पर चर्चा की गई।	वहाँ भारत के नवनिर्माण संस्कृत के योगदान के बारे में चर्चा हुई।
6	तो हम एक छोटा नाटक करते हैं।	तो फिर हम एक छोटा नाटक करते हैं।
6	दिव्यांग बच्चों के साथ समय बिताया।	दिव्यांग बच्चों के साथ समय बिताया।
11	जो इस वर्ष परिसर में चौबीस प्रतियोगिताओं में हिमाचल प्रदेश के प्रतिभागी भाग लेंगे।	इस वर्ष परिसर में चौबीस-प्रतियोगिताओं में हिमाचल प्रदेश के प्रतिभागी भाग लेंगे।
1	भाई ।	बन्धु
16	श्रीलंका-देश के शिक्षा मंत्री डाॅ सुशील प्रेमजयन्ता ने कहा कि श्रीलंका के कैंडी में मद्रास का नया परिसर शुरू होगा।	श्रीलंका-देश के शिक्षा मंत्री डॉ. सुशील प्रेमजयन्ता ने कहा कि श्रीलंका के कैंडिना में मद्रास का नया परिसर शुरू होगा।
6	''श्रुश्रुत-तन्त्र:''यह ग्रन्थ सेवा के द्वारा ही लिखा गया है।	"श्रुत-तन्त्रम्" यह ग्रन्थ सुश्रुत द्वारा लिखा गया है।
21	केंद्रीय विज्ञान-तकनीकी मंत्री डॉ. जितेन्द्र सिंह ने कहा कि यह भारत के लिए गर्व भरा वर्ष है क्योंकि प्रधानमंत्री नरेंद्र मोदी के नेतृत्व में देश ने एक महत्वपूर्ण सफलता हासिल की।	केंद्रीय विज्ञान-प्रौद्योगिकी मंत्री डॉ. जितेन्द्र सिंह ने कहा कि यह भारत का गौरवशाली वर्ष है क्योंकि प्रधानमंत्री नरेंद्र मोदी के नेतृत्व में देश ने एक महत्वपूर्ण सफलता हासिल की है।
8	U.एस ने प्रेस लाइसेंस जारी किया और यह सूचना दी गई।	यह सूचना एटीएस द्वारा प्रेस विज्ञापन के बाद दी गई थी।
10	अधिकारियों का आरोप है कि मणिपुर में संघर्ष हित-आधारित बातचीत और हमलों के कारण है।	अधिकारियों का आरोप है कि मणिपुर में संघर्ष का कारण ब्याज समाचार अभियान और अफवाहक हैं।
7	वस्तु पसंद आती है तो हम उसकी प्रशंसा करते हैं।	वस्तु पसंद आती है तो हम उसकी प्रशंसा करते हैं।
11	परमार्थनिकेतन महामुनि पूज्य प्रभु चिदानन्द सरस्वती की अध्यक्षता में पूज्य प्रभु विश्वपालजेन्द्र जी की अध्यक्षता में वसंतोत्सव समारोह शुरू हुआ।	परमार्थनिकेतन के महामुनि पूज्य स्वामी चिदानंद सरस्वती के मार्गदर्शन में एवं पूज्य स्वामी विश्वपालजयन्त की अध्यक्षता में वसंत उत्सव कार्यक्रम शुरू हुआ।
5	बरसात के बाद वीरसिंह गेंहूँ बोएगा	वर्षा के बाद वीरसिंह गेहूँ उगाएगा।
11	हे भगवन्! उसका क्या नाम है और किस शहर में वह रहता है?	हे भगवन्! उसका क्या नाम है और वह किस नगर में रहता है?
31	जब सारा विश्व बल्कि एक बड़ी अर्थव्यवस्था है कोरोना-महामारी- बाद में ही भूमि-राष्ट्रीय- जो अशान्ति के कारण दो फीसदी वृद्धि दर पर पहुंचने के लिए संघर्ष करते हैं, वहां भारतीय अर्थव्यवस्था की आगामी उदर में भी लगभग सात फीसदी वृद्धि दर की उम्मीद है अर्थात् भारत अब उस दर को हासिल कर सकता है।	जब पूरे विश्व के बहुत से बड़ी अर्थव्यवस्थाएँ कोरोना-महामारी-के बाद ही भू-राजनीतिक-अशान्ति के कारण दो प्रतिशत की वृद्धि दर को प्राप्त करने के लिए संघर्ष कर रही हैं, वहाँ भारतीय अर्थव्यवस्था के आगामी वित्त वर्ष में भी सात प्रतिशत की वृद्धि दर को प्राप्त करने की उम्मीद है अर्थात् भारत गिरावट से वृद्धि दर को हासिल कर सकता है।
3	भौंरा फूल का मकरंद पी रहा है।	भौंरा फूल चख रहा है।
5	प्राचीन काल में अयोध्याका राजा दशरथ थे।	प्राचीन काल में दशरथ अयोध्या के राजा थे।
8	इसलिए, उम्मीद है कि भाष्यकार वक्ता की अपेक्षा पाणिनि का समर्थक है।	इसलिए यह प्रतीत होता है कि भाष्यकार वार्ताकार की अपेक्षा पाणिनि का समर्थक है।
10	यहाँ कूटशब्द से संबंध का त्याग किया जाता है, निर्लज्ज शब्द से परिणाम का त्याग किया जाता है और शेष शब्दों से प्रध्वंस का त्याग निषिद्ध कर दिया गया है।	यहाँ कूटशब्द में संसर्ग की कमी, अविचाल शब्द में परिणाम की कमी और शेष पदों के विनाश की कमी निषिद्ध है।
6	दशरथनन्दन ! मैं आपको अयोध्या पहुँचाऊँगा।	दशरथनन्दन! मैं तुम्हें अयोध्या पहुँचाऊँगा।
4	कभी कभी दही से बाल धोता है।	कभी कभी दही से बाल धोता है।
7	उपवास के समय भी वह काम तो करेगा ही।	उपवास के समय भी वह काम तो करेगा ही।
8	राजेश – राजस्थान राज्य में  अजमेर के पास है ब्यावर	राजेश-ब्यावर राजस्थान राज्य में अजमेर के पास ही है।
1	लगा हुआ	स्थित
8	परमाणु हथियारों के विकास को देखकर सामरिक नीति बदल जाती है। सेना के छोटे टुकड़ों में विभक्त हो जायेंगे।	परमाणु हथियारों के विकास को देखकर सामरिक नीति बदल जाती है। सेनाएँ छोटे समूहों में विभाजित होंगी।
6	जो (मनुष्य) अपना कल्याण और बहुत अधिक सुख चाहता हैं,	जो चाहता है वह आत्मा में समृद्धि और सुख प्राप्त करे।
4	नागेन्द्र घर के बगीचे में आम उगाता है	नागेन्द्र घर के आँगन में आम का पेड़ लगाता है।
1	लीन	प्रासंगिक
8	जिलाधिकारीओं और संकुल के उत्कृष्ट विद्यालयों के निर्माण के लिए प्रारंभिक रिपोर्ट जारी करने के लिए कहा गया है।	जिला कलेक्टरों को संकुल और उत्कृष्ट विद्यालय के निर्माण के लिए प्रारंभिक रिपोर्ट तैयार करने के लिए कहा गया है।
5	आप ऑनलाइन भुगतान कर सकते हैं।	आप मोबाइल से धन दे सकते हैं।
11	उन्होंने कहा कि भारत की महत्वपूर्ण भूमिका आम जनता की पसंद के लिए मजबूत है।	उन्होंने कहा कि मोटाधन को आम जनता के लिए चुनने में भारत की बड़ी भूमिका है।
7	पाँचवीं इन्द्रिय चमड़ी है, जिससे मनुष्य स्पर्श जानता है ।	त्वचा पाँचवीं इन्द्रिय है, जिससे मनुष्य स्पर्श को जानता है।
7	यहाँ पुस्तक लेने क्या सदस्य आते हैं ?	यहाँ पुस्तकें लेने क्या सदस्य आते हैं?
5	अनेक लोग निर्धन भी हैं।	अनेक लोग निर्धन भी हैं।
10	इसने संसदीय कार्यों के दो कार्यसूचक और वित्त विभाग के दो कार्यसूचक पर सहमति दी है।	इसने संसदीय कार्यों के दो कार्यसूचियों और वित्त विभाग के दो कार्यसूचियों पर सहमति दी है।
4	तब वह सतर्क हो जाता है	तब वह सतर्क होता है।
4	कृपया आप भी सुझाएँ।	कृपया आप भी सूचित करें।
1	ढका	रखा हुआ।
11	हे जिनेन्द्र ! आपका दर्शन करते समय जो आपके गुणों में आनन्द पूर्वक अपने मन को लगाकर इस अद्याष्टक स्तोत्र को पढ़ता है। उसे आपका दर्शन करने मात्र से सब अर्थों में सिद्धि या (सर्वार्थ सिद्धि) उर्ध्व लोक की प्राप्ती होती है ।	हे जिग्नेन्द्र! गुणों से आनन्दित मन वाले इस अष्टा पुस्तक को आपके दर्शन से पढ\u093Cें।
5	भगवान् श्रीकृष्ण में समस्तनिष्ठों की पूर्णता है।	भगवान श्रीकृष्ण में सभी भक्तों की पूर्णता है।
12	तुम (अपने) नियत (कर्तव्य) कर्म करो क्योंकि अकर्म से श्रेष्ठ कर्म है। तुम्हारे अकर्म होने से (तुम्हारा) शरीर निर्वाह भी नहीं सिद्ध होगा।।	निश्चय से कर्म करो, तुम कर्म करो, यज्ञ करो, यज्ञ करो, शरीर की यात्रा भी करो, तुम कर्मों को न करो।।
6	हम सभी वीर सैनिकों को नमन करते हैं।	हम सभी वीर सैनिकों को नमस्कार करते हैं।
4	बहनें विष्णुसहस्रनाम गाती हैं।	बहनें विष्णुसहस्रनाम गाती हैं।
4	वह सारे वस्त्र धोएगी	वह सारे वस्त्र धोएगी।
11	इसी प्रकार, व्यावसायिक पात्रों को अनुमानित ऋणधान बढ़ाकर 75 मिलियन रुपये का कर दिया गया।	इसी प्रकार, व्यावसायिक रूप से योग्य पात्रों के लिए अनुमानित ऋण राशि को पांच लाख रुपये से बढ़ाकर पांच लाख रुपये तक बढ़ा दिया गया।
6	अवन्तिका तेलुगु फिल्म में भी काम किया।	अवन्तिका तेलुगु फिल्म में भी काम किया।
1	दीनता से रहित।	दीन
10	उसी समय कुटलहरी विधानसभा क्षेत्र को 10 करोड़ रुपये का दान दिया गया है।	इसी दौरान कुटला हर विधानसभा क्षेत्र को 10 करोड़ रुपये का भुगतान किया गया है।
1	पेट में	पेट में
8	पुस्तक के रूप में देने के बाद सराहनीय कार्य किया गया ऐसा उन्होंने कहा।	पुस्तक का रूप देकर सराहनीय कार्य किया है, उन्होंने कहा।
37	जैसे हाथी की सूँड में कुछ लोहे की शृंखला रखी है, वैसे ही हाथी यदि अन्य सबको छोड़कर सुँड में उसी शृंखला का आलिंगन करके यात्रा करे, तो मन भी उसी प्रकार जब एक ही नाम या रूपसे व्याप्त हो जाता है, तब वह हर समय उसी नाम या रूपसे पकड़कर खड़ा रहता है।	जैसे हाथी की सोंड\u093Cी में कोई भारवती लोहे की श्रृंखला रखी जाती है तो वह हाथी अन्य सभी को छोड़कर सोंड\u093Cी से उस श्रृंखला को पार करके चलना चाहिए। उसी प्रकार जब मन एक नाम या रूप में व्यस्त हो जाता है तो वह केवल उसी नाम या रूप को लेकर खड़ा रहता है।
10	पंकज उधमके पुत्री नेयाब उधम ने अपनी इंस्टाग्रामपटल पर लिखकर अपने पिता की मृत्युकी पुष्टि की।	पंकज उधास की बेटी नयाबोधास ने अपने इंस्टाग्राम पर लिखा और अपने पिता की मृत्यु की पुष्टि की।
15	कार्यक्रम में शिक्षा विभाग के अध्यक्ष डॉ. महेन्द्र कुमार ने उपाध्याय के सभी कामनाओं को प्रकट किया और संचालन डॉ. प्रमिला मिश्रा ने किया।	कार्यक्रम में शिक्षा संस्थान के अध्यक्ष डॉ. महेंद्र कुमार उपाध्याय ने सभी का आभार व्यक्त किया और संचालन डॉ. प्रमीला मिश्रा ने किया।
4	चार लड़के जाते हैं।	चार बच्चे जाते हैं।
1	वाणी से	वाणी
3	खाना और गलना	खाना और पीना
4	संसारमें प्राणिगण चार प्रकारके हैं ॥	वहाँ चार प्रकार का भूतग्राम है॥
6	वह धीरे धीरे पिता के बाल काटता है।	वह धीरे धीरे पिता के बाल काटता है।
4	प्रत्याशी का जनाधार करेगा।	औरभ्यर्थियों का जन आधार बनाएगा।
4	आवेदक बिहार के स्थायी निवासी होने के योग्य है।	आवेदक बिहार का स्थायी निवासी हो सकता है।
18	जैसे कुञ्चिकापटल (कीबोर्ड) के बिना कंप्यूटर में कोई काम नहीं हो सकता है, वैसे ही संस्कृत ग्रंथों और शास्त्रों के बिना मानव विकास नहीं होता है।	जैसे कुंचिका पटल (कीबोर्ड) के बिना कंप्यूटर पर कोई भी काम नहीं हो सकता, वैसे ही संस्कृत ग्रंथों और शास्त्रों के बिना मानव विकास नहीं होता है।
5	मेरे एक मित्र ने पूछा	मेरे एक मित्र ने पूछा।
11	इसलिये व्याख्यान में यदि व्याडिपतञ्जली नित्यार्थ में पूर्णशब्द कहे तो उसका अर्थ ही ज्ञात करना चाहिये।	इसलिए व्याख्यान में व्यापी पंतञ्जलि नित्यार्थ के लिए तैयार शब्द कहती है तो वह अर्थ ही प्राप्त करना चाहिए।
6	इस जिले में सौ से भी प्राथमिक स्वास्थ्य केंद्र हैं।	इस जिले में सौ से भी प्राथमिक स्वास्थ्य केंद्र हैं।
9	यह प्रतिपादित है कि दो आत्माओं को प्रथम अन्वयव्यतिरेक से अनाज के खदे से मोटा शरीर बन गया है।	सबसे पहले यह कहा जाता है कि अन्नमय कोश से मोटा शरीर लेकर आत्मा अंदर है।
2	अधिक विस्तार की आवश्यकता नहीं है।	बहुत विस्तार से
3	वह मुझसे पूछता है।	वह मुझसे पूछता है।
4	चेक गणराज्य में दौड़ स्पर्धा चल रही है।	चेक गणराज्य में दौड़ने की स्पर्धा चल रही है।
10	डॉ. मेघनाद के कथन से दौलतसिंह जी अर्नेस्ट रदरफोर्ड महोदय के पास गए थे।	डॉ. मेघनाद के कथन से दौलतसिंह अर्नेस्ट रदरफोर्ड-महोदय के पास गया था।
6	एक तो केवल खेल समाचार ही पढ़ता है।	एक तो केवल खेल समाचार ही पढ़ता है।
3	कन्याओं को भेंट देते हैं।	बालिकाओं को पारितोषिक देते हैं।
1	स्मृति	स्मृति
10	देश का संपूर्ण-उत्तर क्षेत्र में भीषण-आफूसी-चरण से रेल सेवा प्रभावित हो गई।	देश के पूरे-उत्तरी क्षेत्र में भयंकर-भाप-यातायात के कारण रेल सेवाएं प्रभावित हो गईं।
6	कितनी अच्छी है उनकी मृत्यु ।	कितनी अच्छी है उसकी मृत्यु।
6	शुंग वंश के पुष्य मित्र का काल सबसे पहले दूसरा शतक है।	शुङ्ग वंश के पुष्यमित्र का समय ईसा पूर्व दूसरा शतक था।
12	फिर जूलियन अल्वारेज़,, 69 मिनट में दो गोल गेंदें मिलीं जिससे अर्जेंटीना का फाइनल में प्रवेश सुरक्षित हो गया।	इसके बाद जूलियन अल्वरस ने 39 रन बनाए, 69 मिनट में दो गोल करके अर्जेंटीना को फाइनल में प्रवेश दिया।
5	रामरावण युद्ध के बाद भी संस्कृत थी।	रामरावण के युद्ध के बाद भी संस्कृत थी।
17	अपने स्वयं के विभाग का दायित्व क्यों नहीं छोड़ रहा है, सच यह है कि शिक्षा मंत्री नामित बिहार के मुख्यमंत्री राज्य के लोगों को भ्रमित करने का प्रयास कर रहे हैं।	अपने आप अपने विभाग का दायित्व क्यों नहीं छोड़ते सच है तो यह है कि शिक्षा मंत्री के नाम से बिहार के मुख्यमंत्री राज्य के लोगों को भ्रमित करने का प्रयास कर रहे हैं।
12	उन्होंने कहा कि प्रकाशचौधरी मण्डीमण्डल में कांग्रेस की अध्यक्ष थे, और भविष्य में भी ऐसा ही होगा।	उन्होंने कहा कि प्रकाशचौधरी मंडी जिले में कांग्रेस के अध्यक्ष थे, भविष्य में भी ऐसा ही होगा।
5	मेरा मित्र आज मदुरई पहुँचेगा ।	मेरा मित्र आज मदुरै पहुंचेगा।
9	क्रोधित होते हुए नारायण ने तब उनकी माली जी की स्तुति से समयचक्र के पहिये को चढ़ा दिया।	क्रोधित नारायण ने तब उसकी माला को सूंघते हुए कालचक्र के समान चक्र को मारा।
9	पापी अधर्मियोंकी शीघ्र ही बुरी गति होती है, ऐसा समझकर पुरुषको चाहिये कि धर्मसे दुःख पाता हुआ भी अधर्ममें मन न लगावे	धर्म के द्वारा मन को कभी भी सरलता से धर्म में नहीं लगाना चाहिए। अधर्मी लोगों के पापों को देखने से बढ़कर कोई बात नहीं है।
9	हे गुडाकेश (निद्राजित्) ! मैं समस्त भूतों के हृदय में स्थित सबकी आत्मा हूँ तथा सम्पूर्ण भूतों का आदि, मध्य और अन्त भी मैं ही हूँ।।	मैं ही आत्मा हूँ, गुडाकेश सर्वभूतमात्र में स्थित हूँ। मैं ही आदि और मध्य भूतों में स्थित हूँ।।
4	द्वावेव उत्तराखंड का गौरव है।	दो ही उत्तराखंड का गौरव है।
6	ग्यारह अन्य अप्रत्यक्ष लोगों का ध्यान भटकता है।	अन्य ग्यारह परोक्ष लोगों के लिए प्रयास जारी है।
16	ईरान की राजधानी तेहरान के दक्षिण में ख़ून शहर के मध्य में स्थित नूर टेक्नोलॉजिकल स्कूल के छात्रों को प्यार हो गया।	ईरान की राजधानी तेहरान के दक्षिणी भाग में स्थित खूं शहर के बीच स्थित नूर प्रौद्योगिकी स्कूल के छात्र खुश होकर गिर गए।
5	आपने किस किसको बुलाया है ?	आपने किसको कौन बुलाया?
5	हिन्दू संस्कृति को निष्ठा से पूर्णता को आदर्श भाव से मानते हैं।	हिन्दू संस्कृति निष्ठा की पूर्णता को आदर्श मानती है।
8	परन्तु न्यूनतम तापमान में कमी के कारण ठंडी लहर लगातार होगी।	लेकिन न्यूनतम तापमान में कमी के कारण ठंडी लहर जारी रहेगी।
10	इसलिये आप जैसे भगवान् हनुमान इस संसार में कभी भी पैदा नहीं होंगे।	इसलिये हनुमान के समान भगवान् नाम प्रेमी लोक में कभी भी भूत नहीं होगा।
4	पाँचवाँ अंगूठा है	पाँचवाँ अंगूठा है।
12	शाक - सुवर्चला ( हुलहुल ), गुञ्जनक ( प्याज या गाजर ), परवल, वायसी (मकोय), मूली, बेत और नीम ये शोथरोगिया के लिये उत्तम शाक है। भोजन मे पुराने जौ और चावल उत्तम है ||	सुवाचिका, ग्रंजनक, पटोल, सवायसी मूल का नीम, शाकाहारियों द्वारा शाकमती का प्रशोधन किया जाता है और पुराणों में यव और शालियों का सेवन किया जाता है॥
16	गणतन्त्र दिवस-इस वर्ष पहली बार आवाहन करने की समूह की महिलाएँ-वाद्य-उन्होंने शंख, ध्वनि, स्वर और उपकरणों के लिए पद संग्रह शुरू किया।	गणतंत्र दिवस-पदसञ्चलन में इस वर्ष पहली बार आह्वान करने वाली समूह की महिला-वाद्य-कलाकारों की शंखध्वनि, नादस्वर और वाद्ययंत्रों का पदसञ्चलन शुरू हुआ।
4	संसारमें प्राणिगण चार प्रकारके हैं ॥	वहाँ चार प्रकार का भूतग्राम है॥
7	ट्रक संचालकों की आन्दोलन के कारण ज्वर चुराने की आपूर्ति निलंबित है।	ट्रक चालकों के आंदोलन के कारण वज्रचूर्ण की आपूर्ति निलंबित कर दी गई है।
3	प्रेक्षागृह में प्रवेश ही नहीं करना चाहिए	दर्शक को प्रेरित नहीं करना चाहिए।
6	आप अभ्यास क्यों नहीं करते हैं ?	आप अभ्यास क्यों नहीं करते हैं?
5	मेरे घर काँच का गिलास है	मेरे घर काँच का गिलास है।
1	स्वामी को ठगना	स्वामी का हनन
10	ठीक है मैं उसके साथ बात करूंगी। आपको सूचित करूंगी।	ठीक है। मैं उसके साथ बात करूँगा और तुम्हें सूचित करूँगा।
6	वृद्ध बालों के लिए प्रेतकार्य नहीं करते थे।	वृद्ध बालकों के प्रेत कार्य नहीं करते थे।
9	हिमाचल प्रदेश के डॉकियों ने बुधवार से प्रतिदिन ढाई घंटे तक 2,600 बजे तक आन्दोलन आरम्भ किया।	हिमाचल प्रदेश में बुधवार से दोपहर 2 बजे तक 2,600 चिकित्सकों ने आंदोलन शुरू किया।
7	चित्रांग बोला शिकारी के डर से मैं आप की शरण में आया हूँ।	चित्रांग ब्रूट-मैं लुटेरों से आकर्षित होकर आपकी शरण में आ गया हूँ।
10	यह सच हो जाएगा, क्योंकि उसकी घोषणा भी बस में की गई है.	यह सिद्ध करना होगा, क्योंकि उसकी घोषणा भी बजट में की गई है।
10	और अभी खबर आ रही है कि जाह्नवी की फ़िल्म में अभिनय किया है।	और अभी खबर आ रही है कि जाह्नवी ने इस फिल्म में अभिनय किया है।
7	वर्ष 1977 में उनका नाम मैंने सुना था।	सत्ताईसवें वर्ष में मैंने उसका नाम सुना।
5	पूड़ा देओ और दाल लेओ ।	अपूप दे और सूप ले।
5	आप क्या काम करते  हैं ?	आप क्या काम करते हैं?
6	नहीं, मैं आज सायंकाल शहर जाऊँगा।	नहीं मैं आज शाम को शहर जाऊँगा।
9	उत्तराखंडसंस्कृत अकादमी, प्रतिवर्ष संस्कृत भाषा के प्रचार-प्रसार के लिए, संरक्षण के लिए, और इंटरनेट के माध्यम से संस्कृत व्याख्यान के लिए आयोजित किया जाता है।	उत्तराखंड संस्कृत अकादमी, हर साल संस्कृत भाषा के प्रसार के लिए, और इंटरनेट के माध्यम से संस्कृत व्याख्यानों की एक श्रृंखला का आयोजन किया जाता है।
4	इस समय मैं भूखा हूँ ,अब मैं तुम्हें खाऊंगा ।	अब मैं तुम्हें खाऊँगा।
6	जनवरी तक या अग्रिम आदेश तक जारी रहेगा।	जनवरी तक या अग्रिम-आदेश तक जारी रहेगा।
10	किससे कष्ट को तुम यहाँ आ रहे हो बताओ कैसे सेवा करूँगा।	किस कष्ट से तुम यहाँ आये हो, सुनो! कैसे सेवा करूँ।
4	अतिथियों की सेवा करता है वा नहीं।	अतिथि की सेवा करते हो या नहीं?
12	इसलिए देखता हूं। बाहर (खुले आवाज़ में) बोलता है-" कहां (है) ? तेरी चूड़ी ?" शेर हाथ खोल कर दिखाता है।	यह बताता हूँ तब तक प्रकाश प्रकट होता है "कहाँ तुम्हारा कंगन है" बाघ हाथ फैलाकर दिखाता है।
9	इस प्रकारमुक्त श्रीराम रथ पर चढ़कर और प्रणाम कर उस रथ पर चढ़ गया।	इस प्रकार सेमुक्त श्रीराम ने रथ पर चढ़कर उसका अभिवादन किया।
6	आपके घर में कौन-कौन रहते हैं।	आपके घर में कौन-कौन हैं?
11	मेरे कहने से कर्ण क्रोधित होकर और कुछ बुरा करने लगा यह सुनने में डर रहा है।	मेरे वचन से कान क्रोधित होकर कुछ बुरा काम करे ऐसा डर है।
9	जो व्यक्ति प्रसन्नता पूर्वक अहर्निश अध्यात्मरामायण का गान करता है उसकी आज्ञा के लिये इन्द्रादि देवगण प्रतीक्षा करते हैं ॥	जो पुरुष अधात्मरामायण का महर्निश गान करता है, उसकी आज्ञा की देवताएँ इन्द्र के पास जाने की प्रतीक्षा कर रही हैं॥
7	फिर भी यहाँ का अथशब्द प्रारम्भार्थ है यह भाष्यकार बोलता है।	फिर भी अत्रति अथशब्द आरम्भार्थ है-यह भाष्यकार बोलता है।
5	सर्वमेध विधाता ने उन दोनों को जगत्सृष्टि की रचना की।	सर्वमेध के माध्यम से उन दोनों ने जगत् की सृष्टि की।
4	ठीक मौके पर आप पधारे।	ठीक समय पर आ गया।
7	बच्चों ने पूछा हमारी दीदी कहाँ है?	बच्चों ने पूछा हमारी बहन कहाँ है?
5	पिता करेले की सब्जी खा रहे हैं	पिता कारवेल की सब्जी खाता है।
13	इस अवसर पर मुख्यमंत्री ने कहा कि किलोमीटर लंबा यह रस्सी रुपये के खर्च से बना जाएगा।	इस अवसर पर मुख्यमंत्री ने कहा कि किलोमीटर लंबा यह रज्जु मार्ग करोड़ रुपये के खर्च से बनाया जाएगा।
21	जहां विजयकुमार चौधरी, विजेन्द्र यादव, श्रवण कुमार जडयू मंत्री बन गये, जीतनराममांझी के बेटे संतोषसुमन भी कोटा से मंत्री बन गये, स्वतन्त्र सुमित कुमार भी मंत्री बन गये।	जहाँ विजय कुमारचौधरी, विजेन्द्र यादव, श्रवण कुमार जी, जीतनराम मांझी के पुत्र संतोष सुमन भी कोटा से मंत्री बने, स्वतन्त्र सुमित कुमार भी मंत्री बने।
6	अब प्रभास की फ़िल्म''सालार'' प्रदर्शित हुई।	अब प्रभास की फ़िल्म "सालार" प्रदर्शित हुई।
11	उन्होंने कहा कि 40 मिलियन से अधिक भारतीयों के बल से भारत ने इस वर्ष कई उपलब्धियां हासिल की हैं.	उन्होंने कहा कि भारत ने इस वर्ष चवालीस से एक सौ करोड़ भारतीयों की ताकत से कई उपलब्धियां हासिल की हैं।
5	जल के मनुष्यं पानी में डूबकर तीर पर बैठते हैं।	जल मनुष्य अप्सराओं में डूबकर तट दिखाता है।
13	विद्या की प्राप्ति निरंतर अभ्यास से होती है। अभ्यास से ही विद्या फलवती होती है। उत्तम गुण और स्वभाव से ही कुल का गौरव और यश स्थिर रहता है। श्रेष्ठ पुरुष की पहचान सद्गुणों से होती है। मनुष्य की आंखें देखकर क्रोध का ज्ञान हो जाता है।	विद्या अभ्यास से ही आधारित होती है। विद्या कुल को शील से धारण करती है। गुण से ही तुम्हारी बुद्धि ज्ञात होती है। आँख से ही क्रोध उत्पन्न होता है।
5	स्ट्रांग रूम से कैसे मत मशीन ला रहे हैं ?	मजबूत कमरे से कैसे मतयन्त्र लाते हैं?
5	मेरी जीजी सब्जियों का अचार बनाती हैं।	मेरी बहन सब्जियों का अचार बनाती है।
4	हे मित्र (बन्धु/भाई)! पक्षियों के समूह की आवाज़ से गुंजायमान वन में चलो।	हे बन्धुओ! पक्षीकुल के कलरव से युक्त वन को जाओ।
16	मोदी हिमाचला अपने घर बोल रहे थे, जब आपदा थी तब अपने भाइयों बहनों के बारे में ध्यान नहीं दे रहे थे।	मोदी हिमाचल अपने घर बोलते थे, जब आपदा थी तब वे अपने भाई-बहनों के बारे में ध्यान नहीं देते थे।
7	भाषण स्पर्धा में बहुत प्रतिभासम्पन्न उन्होंने अनेक पुरस्कार जीते।	भाषण प्रतियोगिता में उन्होंने बहुत प्रतिभाओं के साथ अनेक पुरस्कार जीते।
6	व्याकरण की दृष्टि से भी संस्कृत एक वैज्ञानिक भाषा है।	वैयाकरण की दृष्टि से संस्कृत वैज्ञानिक भाषा है।
3	देवभक्त पूर्ण हृदय से परिश्रम करता है।	सभी हृदयों में देवकाम उत्पन्न होता है।
4	क्रिसमस-दिन में उल्लास की सज्जता प्रचलित हुई।	क्रिसमस-दिन में खुशी की तैयारी चल रही थी।
9	भगवन् व्यास जी की वाणी के रूप में श्रीमद्भागते जी ने अपने दिव्य लायकों का वर्णन किया।	भगवान् व्यास के वाणी रूप में श्रीमद्भागवत में उनके प्रभु दिव्य लीलों का वर्णन मिलता है।
7	व्यक्ति कुटुम्बार्थ, कुटुम्ब राष्ट्रार्थ और राष्ट्र भी मानवतार्थ होता है।	व्यक्ति परिवार के लिए, परिवार राष्ट्र के लिए और राष्ट्र मानवता के लिए होता है।
9	यह अरुणाचल राज्य से भारत में प्रवेश करता है और असम में और बांग्लादेश में फैलता है।	यह अरुणाचल राज्य से भारत में प्रवेश करता है और असम राज्य और बांग्लादेश में प्रवाहित होता है।
6	वहाँ चूडाकर्ण नाम का एक संन्यासी रहता था।	वहाँ चूड़ाकर्ण नामक परिवार रहता है।
4	वहां बहुत चोर चोरी करते हैं ।	वहाँ स्टीन चुसती हैं।
5	आप जिस भी रास्ते पर जाना चाहें.।	जो कोई भी मार्ग से जाना चाहता है।
14	श्रीभगवान् ने कहा -- मैं लोकों का नाश करने वाला प्रवृद्ध काल हूँ। इस समय, मैं इन लोकों का संहार करने में प्रवृत्त हूँ। जो प्रतिपक्षियों की सेना में स्थित योद्धा हैं, वे सब तुम्हारे बिना भी नहीं रहेंगे।।	श्रीभगवान् ने कहा-- मैं लोकों का नाश करने वाला, प्रवर्द्धक काल हूँ और लोकों को सुशोभित करने में लगा हुआ काल हूँ। इस समय भी तुममें कोई आसक्ति नहीं है। और जो लोग वहाँ स्थित हैं, वे प्रत्येक युद्ध में युद्ध करते हैं।।
11	इस महान् कार्य की पवित्रता के लिए जिसका स्पर्श इच्छित नहीं हुआ, वह छोड़ देना चाहिए।	इस महान् कार्य की पवित्रता के लिए जिसका स्पर्श नहीं करना चाहिए, वह त्याग देना चाहिए।
5	यहाँ तुम किसलिए ठहरते हो, बताओ ।	यहाँ तुम क्यों ठहरते हो बोलो
7	नहीं कोई विशेष नहीं ।	सामा-नहीं, कुछ खास नहीं।
15	हे शूर ! वहाँ विशल्यकरणी, सावर्ण्यकरणी, संजीवनी और संधानी नाम के चार औषधि हैं।	हे शूर! वहाँ विश्लेषण करने वाली, सावर्ण्य करण वाली, सञ्जीवने वाली और सन्धानी नाम की चार दवाएँ हैं।
14	पिछली सरकार द्वारा राज्य के माध्यमिक विद्यालयों में छात्रों की कम संख्या का हवाला देते हुए अधिशेष प्रक्रिया के तहत 2,600 एलटी-कैडर का पद ख़त्म कर दिया गया.	पूर्व सरकार ने राज्य के माध्यमिक विद्यालयों में छात्रों की कम संख्या का हवाला देते हुए अधिशेष प्रक्रिया के तहत 2,600 एलटी-वर्ग का पद निलंबित कर दिया गया.
5	उसे देखकर सभी प्रसन्न होते हैं।	उसको देखकर सभी खुश होते हैं।
4	दूकान से सबसे पहले सोलर पैनल निकाला ।	बाजार से सबसे पहले सोलर बोर्ड निकाला।
4	शाम को वह मुझे मिला	शाम को वह मुझे मिला।
12	इस अवसर पर रक्षा मंत्री ब्रिटेन के रक्षा मंत्री ग्रांट शैप्पस के साथ द्विपक्षीय वार्ता करेंगे।	इस दौरान रक्षा मंत्री ब्रिटेन के रक्षा मंत्री ग्रांट शापस के साथ द्विपक्षीय वार्ता करेंगे।
5	गुजरात में विधानसभा चुनाव के पहले चरण का मतदान गुरुवार को होगा.	गुजरात में विधानसभा चुनाव का पहला चरण गुरुवार को होगा.
5	गंगा दीदी विज्ञान पढ़ाती थीं।	गङ्गा दीदी विज्ञान पढ़ाती थीं।
2	छोटे भाई को स्वस्ति (कल्याण हो	छोटी बहन।
5	उसके कारण से हाई ब्लड प्रेशर भी रहता है	उसके कारण से उच्च रक्तचाप भी होता है।
6	राधवेन्द्र कपिलदेव की तरह क्रिकेट खेलता है।	राधवेन्द्र कपिलदेव के समान क्रिकेट खेलता है।
6	छात्रों की मधुर और अत्यंत मधुर प्रतिक्रिया देखकर शिक्षक प्रसन्न हुए	छात्रों की मधुर एवं मधुर प्रतिक्रिया देखकर अध्यापकवृन्द और संतुष्ट हुए।
7	प्राचीनकाल में यही भाषा भारत देश की राष्ट्रभाषा थी।	प्राचीन काल में यह भाषा भारत राष्ट्र की राष्ट्रभाषा थी।
3	भूतकाल में वाक्य लिखिये	अतीत में वाक्य लिखिये।
11	वादी अभिमन्युराठूर ने प्रवेश किया था और एक जनहित याचिका में अंतरिमाश्रय से जुड़े हुए आवेदन पर उच्च न्यायालय द्वारा दायर आदेशों को पारित कर दिया गया था।	उच्च न्यायालय ने वकील अभिमन्यु पाठक द्वारा दायर जनहित याचिका पर अंतरिम आश्रय से जुड़े आवेदन के निपटान के दौरान उपरोक्त आदेश पारित कर दिए हैं।
3	परन्तु स्मरण करके बताऊँगा।	परन्तु स्मरण करके बोलूँगा।
4	मनुष्यों के नामों के संकीर्ण होने पर मनुष्यों का अन्तःकरण कीर्ति के योग्य होगा।	बुद्ध नाम का अर्जुन पुत्र कीड़ों में होगा।
11	कार्य छोटा हो या बड़ा व्यक्ति को शुरू से ही उसमें पूरी शक्ति लगा देनी चाहिए, यह शिक्षा हम सिंह से ले सकते हैं।	जो बहुत कम काम करना चाहता है अथवा कम काम करना चाहता है, वह सब काम प्रारम्भ में ही कर देता है और शेर के समान एक काम करता है।
3	उसने भ्रष्टाचार किया।	उसने भ्रष्टाचार किया।
4	पिता कुर्सी पर बैठते हैं ।	पिता कुर्सी पर बैठता है।
7	महाभाषी इस शतक में तत्कालीन समाज की सांस्कृतिक, सामाजिक, आर्थिक और राजनैतिक व्यवस्था का यथार्थ प्रतिबिम्ब होता है।	महाभाष्य में तत्कालीन समाज की सांस्कृतिक-सामाजिक-आर्थिक-राजनीतिक व्यवस्था को यथार्थ रूप से प्रतिबिम्बित किया गया।
8	जो पुरुष योगयुक्त, विशुद्ध अन्तकरण वाला, शरीर को वश में किये हुए, जितेन्द्रिय तथा भूतमात्र में स्थित आत्मा के साथ एकत्व अनुभव किये हुए है वह कर्म करते हुए भी उनसे लिप्त नहीं होता।।	योगयुक्त शुद्धात्मा, विजिताात्मा जितेन्द्रिय, समस्त भूतों में भूतात्मा, कर्म करते हुए भी लिपटे नहीं रहते हैं।।
1	घूमूँगा।	बजाऊँगा।
3	यह विद्वानो का वचन हैं।	यह विद्वानों का वचन है।
4	आप सभी रस  निकालिये।	आप सब रस सुनिये।
5	उनका सूत्रवृत्ति पद्मनाभिन द्वारा ही सौपद्मपञ्जिका में लिखी गई।	इस सूत्रवृत्ति को पद्मनावे ने ही सौपदमपंजीका लिखा था।
4	कभी नहाता नहीं है।	कभी स्नान नहीं करती है।
10	क्योंकि सुबह नित्यकर्म से दिनचर्या के अनुसार सभी सत्र होते हैं।	क्योंकि सुबह नित्यकर्म से दिनचर्या के अनुसार सभी सत्र आयोजित किए जाते हैं।
6	परिस्थितियों को अवसर मानकर मेरे पास आओ और विद्या प्राप्त करो।	विपत्तियों और प्रतिकूल मुझे विद्या प्रदान करें।
12	वहाँ पर निषादराज गुह फल मूलादि लेकर आया, किन्तु रामजी ने उन्हें प्रतिपूर्वक हाथ से ही स्पर्शकर करके ही छोड़ दिया, उनमें से कुछ भी ग्रहण नहीं किया ॥	जो कुछ फल और मूल आदि कुछ समय के लिए गुफा में स्थित है, उसे हाथ से स्पर्श करके अथवा उसके स्पर्श से अथवा उसके स्पर्श से अथवा उसके स्पर्श से अथवा उसके स्पर्श से अथवा उसके स्पर्श से अथवा उसके स्पर्श से अथवा उसके स्पर्श से अथवा उसके स्पर्श से अथवा उसके स्पर्श से अथवा उसके स्पर्श से अथवा उसके स्पर्श से अथवा उसके स्पर्श से अथवा उसके स्पर्श से अथवा उसके स्पर्श से अथवा उसके स्पर्श से अथवा उसके स्पर्श से अथवा उसके स्पर्श से अथवा उसके स्पर्श से अथवा उसके स्पर्श से अथवा उसके स्पर्श से अथवा उसके स्पर्श से अथवा उसके स्पर्श से अथवा उसके स्पर्श से अथवा उसके स्पर्श से अथवा
10	इस दिन दर्शकों के बीच बैठे युवकों ने सदन में उछल कर धुआँ निकला।	इस दिन दर्शकों के बीच बैठे दोनों युवाओं ने सदन में कूदकर धुआं छोड़ दिया।
8	हे अर्जुन ! ब्रह्म लोक तक के सब लोग पुनरावर्ती स्वभाव वाले हैं। परन्तु, हे कौन्तेय ! मुझे प्राप्त होने पर पुनर्जन्म नहीं होता।।	हे अर्जुन! हे कौन्तेय! मुझे प्राप्त होकर पुनः जन्म नहीं हुआ है।।
6	कई प्रकार की हानि हौसी से हुई है।	कई प्रकार की हानि हौसी के कारण हुई है।
5	यहाँ पन्द्रह दिन का ध्यान शिबिर है	यहाँ पंद्रह दिवसीय ध्यान शिविर है।
14	लोक निर्माण मंत्री विक्रमादित्य सिंह ने चुराह विधानसभा क्षेत्र के विधायक हंसराज द्वारा पूछा प्रश्न के लिखित उत्तर में यह सूचना दी।	लोक निर्माण मंत्री विक्रमादित्य सिंह ने चुराह विधानसभा क्षेत्र के विधायक हंसराज से पूछे गए प्रश्न के लिखित उत्तर में यह सूचना दी।
4	उसके बाएँ कोई भी नहीं है।	उसके बाएँ कोई नहीं है।
6	आज मतदान के लिये जाना है।	माता-आज मतदान के लिए जाना है।
8	सच में माँ के द्वारा दिया भोजन स्वादिष्ट है।	यात्री-सच में माँ को दिया हुआ भोजन स्वादिष्ट है।
8	इस व्याख्यान समारोह में दो से अधिक छह सौ उत्तर-सप्तसप्त-इस उपाधि को हजारों छात्रों को दिया गया था।	इस दीक्षांत समारोह में बाईस से अधिक छः-सौ के बाद-सात-सात हजार छात्रों को उपाधियाँ प्रदान की गईं।
12	प्रधानमंत्री ने कहा, नागालैंड में 75 साल में पहली बार दो महिलाएं विधानसभा में आईं।	प्रधानमंत्री ने कहा कि नागालैंड में 75 साल से पहले दो महिलाएँ विधानसभा में आईं।
1	पालन करे	बनाए रखना चाहिए
5	मेरी पत्नी मायके कब जाएगी ?	मेरी पत्नी माता के घर कब जाएगी?
6	जल के विना मछलियाँ नहीं जीवित रहती ।	जल के बिना मछलियाँ नहीं जीवित रहती हैं।
1	राष्ट्र की समृद्धि के लिये	राष्ट्र के लिए
10	चयन समिति नामों को लघूसूची करके एक पटल बनाएगी और शीर्ष नेता को मंजूरी देगा।	चयन समिति नामों को छोटा करके एक पटल बनाकर शीर्ष नेताओं को मंजूरी के लिए भेजेगी।
4	तुम्हारे दोनों कान पकड़ो।	तुम्हारे दोनों कान पकड़िये।
5	माँ क्या क्या तलती है ?	माँ क्या क्या तलती है?
3	कार से बैग्स उतारे।	वाहन से अटैची निकाल दी।
9	उसके बाद, रात्रि में स्थिरप्रतिज्ञ अपनी जनता से घिरे हुए श्रीराम देवराज इन्द्र के समान शोभा पा रहे थे।	फिर निहतरिपु ने दृढ़निश्चय किया और अपने बल से श्रीराम रण में महेन्द्र के समान शोभित थे।
12	सत्ययुगमें जो फल श्रीविष्णुभगवान्‌के ध्यानसे, त्रेतामें यज्ञादिसे और द्वापरमें हरिसेवासे प्राप्त होता है, कलियुगमें वह केवल हरि-नाम-संकीर्तन करनेसे ही मिल जाता है ॥	जिस प्रकार श्रीविष्णु की उपासना करने के लिए उन्होंने यज्ञ किया था, उसी प्रकार श्रीविष्णु की पूजा करने के लिए दो प्रकार के यज्ञ किये थे॥
3	यात्रा सुविधाओं में ढील दी गई है.	यात्रा सुविधाएं ढीली हो गईं।
14	इस अवसर पर भारत पेट्रोल- कार्पोरेशन के डिजीम राजेन्द्र कुमार, क्षेत्रीय प्रबंधक अनुपम श्रीवास्तव, परियोजना प्रबंधक शामशर्मा मुख्य रूप से उपस्थित थे।	इस अवसर पर भारत पेट्रोल-निगम लिमिटेड के डीजीएम राजेन्द्र कुमार, क्षेत्रीय प्रबंधक अनुपम श्रीवास्तव, परियोजना प्रबंधक शाम शर्मा मुख्य रूप से उपस्थित थे।
4	वे दोनों वस्त्रों को रंगते हैं ।	उसके वस्त्र चाँदी के हैं।
6	कहीं भी संस्कृत में सम्भाषण सम्भव है।	जहाँ कहीं भी संस्कृत में बातचीत हो सकती है।
1	आरजी वेद	पकाना
13	आर्यभट्ट ने सबसे पहले घोषणा की कि पृथिवी गोल करने वाली, जो अपने मेरुदण्ड पर आश्रित होकर चारों ओर आ रही है।	आर्यभट्ट ने यह पहली बार घोषणा की कि पृथ्वी गोल करने वाली है, जो अपनी रीढ़ को सहारा लेकर इधर-उधर घूमती है।
9	मुनिगण द्वारा इस प्रकार बताने पर श्रीभरतजी प्रसन्नता पूर्वक मन्त्रियों सहित सबसे आगे श्रीरघुनाथजी के निवास स्थान के लिये चल दिए ॥	मुनिवर भरतजी को इस प्रकार दिखलाते हुए देखकर श्रीरामचन्द्रजी अपने मन्त्रियों के साथ प्रसन्न हुए॥
3	वृक्ष से पत्ता गिरता हैं।	वृक्ष से पत्ता गिरता है।
27	इससे पहले संसद के बाहर पत्रकारों के साथ बैठक में केंद्रीय मंत्री अर्जुन राममेघवाल ने कहा कि कांग्रेस-दल ने चौदहोत्तर-दो हजार के दशक में देश की आर्थिक स्थिति की परिकल्पना की थी, उसकी चर्चा अत्यावश्यक है।	इससे पहले संसद के बाहर पत्रकारों के साथ एक वार्तालाप में केंद्रीय मंत्री अर्जुन राम मेघवाल ने कहा कि कांग्रेस-दल ने चौदह के बाद-दो हजार के दशक में देश की जो आर्थिक स्थिति पर चर्चा की गई थी, वह तत्काल है।
7	राष्ट्रपति मुर्मू ने गणतंत्र दिवस के पूर्व संध्या पर राष्ट्र को संबोधित किया।	राष्ट्रपति मुर्मू ने गणतंत्र दिवस की पूर्व संध्या पर राष्ट्र को संबोधित किया।
13	भले ही, ग्रामीण समाज हो अथवा नगरीय समाज हो, उसके नवनिर्माण का और सुरक्षाप्रबन्धन का दायित्व गजधर निभाते थे।	काम ग्रामीण समाज हो या नागर समाज उसका नया-निर्माण और सुरक्षा व्यवस्था का दायित्व गजधरों द्वारा निभाया जाता था।
3	पेड़ से पत्ते गिरते है।	वृक्ष से पत्ते गिरते हैं।
6	वह माँ के साथ बात करना चाहती है।	वह माँ के साथ बात करना चाहती है।
9	अगले सप्ताह मेरे कार्यालय से पाँच लोग दिल्ली जायेंगे ऐसा सुना है।	अगले सप्ताह मेरे कार्यालय से पाँच लोग नई दिल्ली जाएँगे ऐसा सुना जाता है।
4	दूसरा पेड़ पर चढ़ जाता है।	दूसरा वृक्ष के ऊपर चढ़ता है।
4	इसलिए वह बहुत बड़बड़ाया ।	इसलिये उसने बहुत जलाया।
8	मैं शस्त्रों में वज्र और धेनुओं (गायों) में कामधेनु हूँ, प्रजा उत्पत्ति का हेतु कन्दर्प (कामदेव) मैं हूँ और सर्पों में वासुकि हूँ।।	मैं शस्त्रधारी हूँ, वज्र हूँ, गौ हूँ, कामधुक हूँ, प्रजन हूँ, कन्दर्प हूँ, सर्प हूँ, वासुकि हूँ
19	उपरोक्त प्रतिसारण से अथवा शीतल क्रियाओं द्वारा भी जिस रोगी का रक्त बन्द न हो उसके लिये बृ हण-विधि बरतनी चाहिये । बुद्धिमान् वैद्य को चाहिये कि भोजन काल मे रोगी को स्निग्ध, उष्ण मास- रसों से तर्पण करे। इसके लिये अवपीड़क घृत ( भोजन के ऊपर अथवा अधिक मात्रा में घृतपान ) का प्रयोग करना चाहिये। थोड़े गरम सुहाते हुए गरम तेल और घृत से मालिश करनी चाहिये। कवोष्ण दूध या घी अथवा तैल से सेक करना चाहिये ॥	रोगी को क्रिया से विरत रहना चाहिए और शीत से विरक्त होना उचित नहीं है। उस समय रोगी को चिकने, गरम और मलाईदार रसों से लेप करना चाहिए। रोगी को गरम और गरम औषधियों से लेप करना चाहिए। रोगी को दूध, घी, तेल के रस और गरम तेलों से लेप करना चाहिए।
1	अपने शुभं ध्वजम्	अपना
10	उदर रोग आठ प्रकार का होता है। पृथक् पृथक् दाषों से तीन प्रकार का (१) वातिक, (२) पैत्तिक, (३) लैष्मिक, (४) सन्निपातजन्य, (५) प्लीहोदर, (६) बद्धोदर, (७) क्षतोदर और (८) उदकादर । [ इनमे से क्षतोदर को हो अन्य ग्रन्थों में 'परिस्रावी उदर कहा है ] अब इनके पृथक लक्षण सुनो ||	अलग-अलग दोषों और सब प्रकार के मीह-बद्ध घावों के कारण ये दोनों रोग उत्पन्न हो सकते हैं। अतः ये दोनों लिङ्ग अलग-अलग सुनो॥
6	फ्रांस के राष्ट्रपति इमैनुएल मैक्रो जयपुर पहुंचे।	फ्रांस के राष्ट्रपति इमैनुएल मैक्रॉन जयपुर पहुंचे।
6	पन्द्रह मिनट तक उसने दोनों हाथ चलाए।	पंद्रह मिनट तक उसने दोनों हाथ चलाए।
4	मैंने एक सेविका को बुलाया ।	मैंने एक सेविका को बुलाया।
8	केंद्र सरकार भी जहाँ आवश्यक है वहाँ धन देता है।	केंद्र सरकार भी जहाँ आवश्यक हो वहाँ धन देती है।
8	बाह्य अंतरिक्ष देवदूतों की ओर से अब तक हजारों अवशेष बाह्य अंतरिक्ष में ढेर हो चुके हैं।	बाहरी अंतरिक्ष यात्रियों के हिस्से के रूप में अब तक हजारों अवशेष बाहरी अंतरिक्ष में जमा हैं।
7	सिक्खों के देवालय को हम गुरुद्वारा नाम से जानते हैं।	सिक्खों का मन्दिर हम गुरुद्वार के नाम से जानते हैं।
9	श्रीफ्रांस की संख्या अंकीय-सार्वजनिक-समूह की संरचना-विषय पर गोल-मोटा-वह मन्त्रण सत्र में भी सम्मिलित होंगे।	श्रीफ्रांसिस अंकीय-सार्वजनिक-आधारभूत संरचना-विषय पर गोल-मंच-मंत्रणा में भी शामिल होंगे।
11	विधानसभा उपाध्यक्ष विनय कुमार लाहौल-इस कार्यक्रम का संचालन स्पीती जिले के ताबोग्राम में किया जाएगा।	विधानसभा उपाध्यक्ष विनय कुमार लाहौल-स्पीति पद के ताबाग्राम में इस कार्यक्रम की अध्यक्षता करेंगे।
3	चंचल बोला।	चंचल बोला
4	सभी वैसे ही हो गए।	सभी लोग वैसे ही हुए।
5	सोलर पैनल से वह रात में बिजली पाता है।	सौरफलक से वह रात में बिजली पाता है।
3	पराई स्त्री के साथ समागम नहीं करना चाहिए।	दूसरों को न जाना चाहिए।
9	राजस्व मंत्री जगत सिंह ने कहा कि पहले ही संसाधनों का अभाव था।	राजस्व मंत्री जगत सिंह नेगी ने कहा कि पहले से ही संसाधनों का अभाव है।
6	मेरे घर के सामने रास्ता है।	मेरे घर के सामने रास्ता है।
8	उस वर्ष सर्वश्रेष्ठ फ़िल्म ने पैसे प्राप्त किये थे।	उस वर्ष सबसे अधिक धन प्राप्त करने वाली फिल्म थी।
5	कुल्लू, लाहौल, शांति जिलों के पर्वतों पर बर्फबारी हो गई।	कुल्लू-लाहौल-स्पीति-जिलों और पहाड़ों में बर्फबारी हुई।
3	मन्दिर में भक्त जाता है।	मन्दिर में भक्त जाता है।
6	आपके कक्षा अध्यापक कौन - सा विषय पढ़ाते हैं?	आपके कक्षा शिक्षक क्या विषय पढ़ाते हैं?
1	अविनाशी	अविनाशी
3	वृक्ष से फल गिरते हैं।	वृक्ष से फल गिरते हैं।
17	वह''इंडिया''इसने कहा कि केवल लोकसभा चुनाव को लड़ने का फैसला किया गया है।	उन्होंने "इण्डिया" और कांग्रेस के प्रमुखसदस्य के साथ बैठक में भाग लेने की खबर में असफलता का उल्लेख किया कि केवल लोकसभा चुनाव लड़ने का निर्णय लिया गया है।
12	इस अवसर पर प्रधानमंत्री नरेंद्र मोदी ने कहा कि पोंगल-दिन में तमिलनाडु-प्रदेश के हर घर से पोंगल-धारा बह रही है.	इस अवसर पर प्रधानमंत्री नरेंद्र मोदी ने कहा कि पोंगल-दिन में तमिलनाडु-प्रदेश के प्रत्येक घर से पोंगल-धारा बह रही है।
3	शोभना ने आलस छोड़ दिया।	शोभना ने आलस छोड़ दिया।
6	सज्जन परोपकार के लिए कष्ट अनुभव नहीं करता।	सज्जन परोपकार के लिए कष्ट अनुभव नहीं करता है।
4	उसके बीच में संदीप का फोन आ जाता है।	बीच में संदीप का फोन आता है।
4	तथा जो फैलनेवाली या किसीके सहारे ऊपरको चढनेवाली हैं उन्हें (लता) वीरुध कहते हैं ॥	प्रतनवती और स्तंबिणी वीर।
4	सीता पत्रिका पढ़ती है।	सीता पत्रिका पढ़ती है।
8	मन ही मनुष्यों के कारण है, बंधनों से मुक्त होने का झुकना है।	यह तर्क है कि मन ही मनुष्यों के बंधन से छूटने का कारण है।
8	नहीं हीं वैसा मत करिये , अधिक मत खाईये।	वैसा न करें, अधिक न खाएँ।
3	मैं रांची नगर में रहता हूँ|	मैं रांची में रहता हूँ।
4	वह बच्चा अद्भुत था।	वह बालक अद्भुत था।
1	हनन करके	व्यापार के लिए
7	नहीं कोई विशेष नहीं ।	सामा-नहीं, कुछ खास नहीं।
12	यह ध्यान रखना चाहिए कि ऑनलाइन संस्कृत शिक्षण द्वारा हर रविवार को ऑनलाइन संस्कृत होती है-प्रश्नोत्तरी-प्रतियोगिता का आयोजन किया जाता है।	ध्यान रखना चाहिए कि हर रविवार को ऑनलाइन संस्कृत शिक्षण के माध्यम से ऑनलाइन संस्कृत-प्रश्नोत्तरी-प्रतियोगिता का आयोजन किया जाता है।
6	प्रकृति के क्रोधों से व्याकुल मनुष्य क्या कर सकता है?	प्रकृति के कारण भयभीत व्यक्ति क्या कर सकता है?
1	कार्यकर्ता	कर्मचारी
4	आप कहाँ रहते है?	आप कहाँ रहती हैं?
4	वे वृद्ध नहीं  हीं हैं।	वे वृद्ध नहीं हैं।
10	तप अथवा किसी प्रकार की साधना का कार्य एक अकेला व्यक्ति ही अच्छा करता है, यदि दो छात्र मिलकर पढ़ें तो अध्ययन अच्छा होता है और गाने के लिए यदि तीन व्यक्ति मिलकर अभ्यास करते हैं, तो अच्छा रहता है। इसी प्रकार यदि यात्रा आदि पर जाना हो तो कम-से-कम चार व्यक्तिों को जाना चाहिए। खेती आदि कार्य ठीक प्रकार से चलाने के लिए पांच व्यक्तियों की आवश्यकता होती है, जबकि युद्ध में यह संख्या जितनी हो उतना अच्छा है|	अकेले ही तप करते हैं, दो पढ़ते हैं, तीन गाते हैं, चार घूमते हैं, पांचों के द्वारा ही क्षेत्र में प्रवेश किया जाता है।
13	नईनियम के अनुसार नियुक्त पुलिस अधिकारियों को सामान्य प्रशिक्षण के साथ-साथ चतुर्दशी कमांडर प्रशिक्षण को सफलतापूर्वक बढ़ाना अनिवार्य है।	नए नियम के अनुसार, पुलिस कर्मियों को सामान्य प्रशिक्षण के साथ चार महीने के कमांडो प्रशिक्षण को सफलतापूर्वक उत्तीर्ण करने के लिए अनिवार्य किया गया है।
15	वह न हो, उन्होंने उन्हें व्याकरण पढ़ाने के लिए प्रेरित करने के लिए मित्र बनकर आचार्य पतञ्जलि ने ये प्रयोजन बताए।	आचार्य पतञ्जलि ने उन्हें न होने के लिए व्याकरण अध्ययन में प्रेरित करने के लिए उनके मित्र के रूप में इन उद्देश्यों को बताया।
7	परन्तु हे अर्जुन  जो पुरुष मन से इन्द्रियों को वश में करके अनासक्त हुआ कर्मेंन्द्रियों से कर्मयोग का आचरण करता है वह श्रेष्ठ है।।	हे अर्जुन! जो मन, इन्द्रियाँ और नियम के द्वारा उत्पन्न होता है, वह कर्म और इन्द्रियों के द्वारा कर्मयोग में आसक्त होता है, वह विशिष्ट होता है।।
13	सब प्रणियों के लिए जो रात्रि है? उसमें संयमी पुरुष जागता है और जहाँ सब प्राणी जागते हैं? वह (तत्त्व को) देखने वाले मुनि के लिए रात्रि है।।	जो निशा सभी प्राणियों के लिए जागती है, वह संयमी है। जिस निशा से समस्त प्राणियों के लिए जागती है, वह निशा मुनि को देखती है।।
1	धन के अभाव में	धन की प्राप्ति
1	जो पता नहीं	दुष्ट
18	सिंघवी सन् १९७७ में भारत के सबसे छोटे अतिरिक्त सॉलिसिटरनर थे, उन्होंने १९९८ तक एक वर्ष तक यह पद किया।	सिंघवी 1997 में 37 वर्ष में भारत के सबसे छोटे अतिरिक्त सॉलिसिटर-जनरल बने, उन्होंने 1998 तक एक वर्ष तक यह पद संभाला।
7	मध्य प्रदेश में लगभग द्वितीय तृतीयांश बहुमत के साथ भाजपा सत्ताधारण कर रही है।	मध्य प्रदेश में लगभग दूसरे और तीसरे स्थान पर भाजपा सत्ता में है।
9	नई हिमपात के कारण अटलकन्दरा को कोई भी वाहन की अनुमति नहीं है।	नए बर्फबारी के कारण अटलकन्दरा की ओर किसी भी वाहन की अनुमति नहीं है।
13	निवृति का नाम 'अपवर्ग' है । यही परम सर्वश्रेष्ठ शान्त पद है, यही अक्षर, यही ब्रह्म और इसी को मोक्ष कहते है । इस प्रसंग में मुमुक्षु पुरुषों के लिये उन्नति के उपायों का उपदेश करते हैं	फिर निवृत्तिरूप वर्ग में जो प्रशान्त है, उस अक्षर में जो ब्रह्म है, वह मोक्ष है। वहाँ मुमुक्षु नामक यज्ञों का व्याख्यान करते हैं -
4	मदद करने से तुम्हारी क्या हानि है ?	सहायता करने से क्या हानि होती है?
6	वे अक्षता प्रत्येक हिंदू घर में देने जाते हैं।	वे अक्षत प्रत्येक हिंदू के घर देने जाते हैं।
4	पिता कुर्सी पर बैठते हैं ।	पिता कुर्सी पर बैठता है।
10	ये दोनों सभाओं में वार्षिक आय-व्ययक के लिए विधानसभा सदस्यों के निर्धारण के लिए चर्चा की जाएगी।	इन सभाओं में वार्षिक आय-व्यय के लिए विधायी आवश्यकताओं का निर्धारण करने के लिए चर्चा की जाएगी।
6	हालांकि, इस आमोद-प्रमोद के श्रीकृष्ण जन्मभूमि सेवा संघ को तोड़ दिया गया।	हालाँकि, इस सहत्य का श्रीकृष्ण जन्मभूमि सेवा संघ भंग हो गया।
15	पशु हत्या का काम कभी भी न्याय के योग्य कार्य नहीं होना चाहिए, लेकिन इस अपराध से परिणामस्वरूप नरक की घटना होने वाली होनी चाहिए।	पशु हिंसा का कार्य कभी भी उचित कार्य नहीं होना चाहिए, बल्कि इस अपराध के परिणामस्वरूप आपको नरक का शिकार करना चाहिए।
5	कर्ण ने ने नेकुल को घायल कर दिया।	कान ने नेवले को घायल कर दिया।
1	मांस का भक्षण न करने वाला	शाकाहार
21	महान् ऋषि-महार्षि जिसके भी योग्य स्थान पर जाते हैं, साधुक लोग जिसके भी योग्य स्थान पर जाते हैं, प्रेमी लोग जिसका भी योग्य स्थान है, जन्म-जन्म के बाद या पूरी तरह से अन्वेषण करके भी पूर्णतः उसी (गुणी) को प्राप्त नहीं हो सकते, भाग्य से उसी (गुणी) को प्राप्त हो सकते हैं। यही स्थान भगवान् चञ्चरण कमल रूपी है।	जो स्थान महान् ऋषिमार्षिकों का है, साधु-सज्जनों का है, प्रेमभक्तों का है, जन्म-जन्म के अन्तराल में या पूरी तरह से अन्विषिक्त होने पर भी प्रायः उस स्थान को प्राप्त नहीं करते हैं, उस स्थान को देवताओं से पंचिद्धि प्राप्त करते हैं, वह स्थान भगवान्चरण कमल है।
10	वरिष्ठ कांग्रेस पार्टी के नेता ए रेवेंट रेड्डी ने राज्य के दूसरे मुख्यमंत्री के रूप में शपथ ली।	वरिष्ठ कांग्रेस नेता ए रेवन्त रेड्डी ने राज्य के दूसरे मुख्यमंत्री के रूप में शपथ ली।
16	कोई महाज्ञानी, प्रसिद्ध, अखिलेश्वराचार्य नाम के अनुसार परम गुरु एक गुरुकुल में विद्यार्थियों को अनेक प्रकार के ज्ञान-विज्ञान जैसे विषयों को नित्य पढ़ाते थे।	कोई महज्ञानिनी, प्रसिद्ध, अखिलेश्वर आचार्य नाम के परम गुरु ने एक गुरुकुल में छात्रों को अनेक ज्ञान और विज्ञान जैसे विषयों को प्रतिदिन पढ़ाया।
4	संस्कार भी आवश्यक होता है।	संस्कार भी आवश्यक होता है।
15	यह कार्यक्रम प्रधानमंत्री कार्यालय, सूचना प्रसारण मंत्रालय, डीडीन्यूज और अन्य के यूट्यूब चैनल पर आसानी से प्रसारित किया जाएगा।	यह कार्यक्रम प्रधानमंत्री कार्यालय, सूचना प्रसारण मंत्रालय डीडीन्यूज चेत्येत के यूट्यूब चैनल पर प्रसारित किया जाएगा।
3	अपने पुत्र की प्रशंसा नहीं करनी चाहिए।	पुत्र की स्तुति नहीं करनी चाहिए।
1	निकट	पास
6	रात में जब तक हवा नहीं चलती है	रात में जब तक हवा नहीं बहती है।
4	ईश्वर भक्त कभी नहीं डरता है।	ईश्वर भक्त कभी नहीं डरता है।
3	मैं आलस छोड़ूँगा ।	मैं आलस छोड़ दूँगा।
14	मुकेश अग्निहोत्री ने कहा कि देवभूम के मंदिरों की भव्यता, सौन्दर्यकरण की कार्य योजना के निर्माण में बल दिया जा रहा है।	मुकेश अग्निहोत्री ने कहा कि देवभूमि के मंदिरों की भव्यता और सौन्दर्यीकरण के कार्य योजना के निर्माण में बल दिया जाता है।
4	इस प्रकार चिन्ता करते हुए बड़े दूर से श्रीरामचन्द्रजी लौटने लगे। इधर उस मारीच का कहा हुआ शब्द सुनकर अत्यन्त भय और दुःख से व्याकुल हो सीताजी लक्ष्मण से इस प्रकार बोली"लक्ष्मण! तुम जल्दी जाओ तुम्हारे भाई असुरों से पीड़ित हैं ॥	इस प्रकार चिन्ता से व्याकुल होकर श्रीरामचन्द्रजी दूर हो गये।
4	सभी मुनियों के साथ आज की पारणा  हमारे घर पर कीजिएगा।	आज सभी मुनियों के साथ मेरे घर में विराधानक्रिया करनी चाहिये।
1	कषाय करना	निष्पाप
4	वह भूमि खनन करता है।	वह भूमि खोदता है।
3	दर्शक नायक को सराहें ।	दर्शक नायक की प्रशंसा करें।
3	उदाहरण के अनुसार अन्वय की पूर्ति करो	उदाहरण के अनुसार अनुवाद की पूर्ति करो।
10	पार्वती – माँ! वैसी अभिलाषा तो तप द्वारा ही पूरी होगी।	पार्वती-माँ ऐसी इच्छा तो तपस्या से ही पूर्ण होगी।
9	अरे ! चप्पल का मूल्य अधिक है। यह नहीं ।	चप्पल की कीमत अधिक है अरे। यह नहीं है।
1	हृदय के घाव को	हृदय को मारना
6	नहीं. आज स्नानघर में नहीं गाऊँगा।	न आज स्नानगृह में गाऊँगा।
8	जो लोग पढ़ाई करना चाहते थे उनके नाम भारत ने चीन को सौंप दिए।	उनमें से जो पढ़ना चाहते थे उनके नाम भारत ने चीन को समर्पित कर दिए थे।
5	हर किसी काम में दखल देता है।	वह सब जगह दूध चलाता है।
1	घोड़े	बहुत
5	आज रविवार है न !	आज रविवार है न!
6	आज यह रत्न अंग्रेजी वंशावली का हिस्सा है।	आजकल यह रत्न अंग्रेजी वंश का हिस्सा है।
6	जिसने सेवा धर्म स्वीकार किया, उसने जीवनसुख ही प्राप्त किया।	जिसने सेवा धर्म स्वीकार किया, उसने जीवन सुख प्राप्त किया ही।
1	हँसने के लिए।	हँसने के लिए
18	ऐ लोगो ! यदि संसारमें कई-कई योनियोंको पाकर भटकते हुए थक गये हो और अब मुक्त होना चाहते हो तो सुनो, इस भगवती गीताको ही भजो विषम संसार सागरको पार करनेके लिये गीताके सिवा दूसरी नौका नहीं है।	हे भगवत्! तुम कितनी देर तक अपनी योनि से थककर इधरउधर घूमोगे। तुम क्यों नहीं सुनोगे? हे भगवत्! मैं इस जगत् की स्तुति करने के समान संसार के शिखर पर नहीं गिरूँगा।।
7	बेटा , वो पुस्तक संस्कृत भाषा में हैं।	दादीजी-बेटा, वो पुस्तकें संस्कृत भाषा में हैं।
8	द्वारकाधीश होकर भी जो गौओंके चरानेवाले हैं तथा राजराजेश्वर होते हुए भी जो पार्थके सारथी बने हैं [उन अद्भुतकर्मा] परमेश्वर भगवान्को नमस्कार है ॥	श्रीद्वारकेश और गौओं को नमस्कार है। हे पार्थसारथ! हेमराजेश्वर! आपको नमस्कार है॥
9	इस सेब फल की ऋतु की सेब-पैकिंग के लिए एक सार्वजनिक पेटी की व्यवस्था लागू होगी।	हमारे द्वारा सेब के मौसम से सेब पैक करने के लिए एक सार्वभौमिक पेटी की व्यवस्था लागू की जाएगी।
13	जब लोग शिक्षा के द्वारा उचित रूप से संस्कारित होते हैं तो उन्हें कर्मशीलता और सामाजिक नम्रता का सम्मान करना चाहिए।	कर्मक्षमता और सामाजिक संस्कृति का ध्यान छात्रों में तभी होना चाहिए जब लोग शिक्षा के द्वारा अच्छी तरह से संस्कारित हों।
18	जो अत्यन्त चमकीले रत्नोंका मुकुट धारण किये हुए हैं, जगमगाते हुए लाल ओठोंसे सुशोभित हैं, सुन्दर केशधारी हैं तथा जो प्रभामय एवं दिव्य तेजसे सम्पन्न हो हाथोंमें कमल धारण किये हुए अपनी सुनहली कान्तियोंसे उस उदयगिरिपर सुशोभित होते हैं जो कि अपने शिखरपर विश्व, आकाश और ग्रहपतियोंको स्थान देते हैं, ऐसे सर्वानन्ददाता विष्णु-शिवादिसे नमस्कृत जगत् के नेत्ररूप सूर्य हमारी रक्षा करें	जो दिव्य तीतरों, करकमलों, सुवर्णवर्ण और प्रभावों से सुशोभित हैं, जो विश्व-अन्तरिक्ष-अवकाश-ग्रहीताओं के शिखर पर हैं, जो सभी आनन्दों को देने वाले हैं, उन हरिहरजी ने मुझे विश्व-नेत्रों से सुशोभित किया है।।
6	माँ उसके लिए कपड़े देती है।	माँ उसके लिये वस्त्र देती है।
4	यह सच है ?	यह सच है।
4	जब आऊँगा तब सूचित करूँगा।	जब आऊँगी तब सूचित करूँगा।
1	आलसी।	चंचल
9	हिमाचल प्रदेश विधानसभा क्षेत्र के विधानसभा क्षेत्र में आठवें दिन की कार्यविधि की शुरुआत से पहले भाजपा ने प्रदर्शन किया।	हिमाचल प्रदेश विधानसभा चुनाव के आठवें दिन के कार्य विधेयक से पहले भाजपा ने विधानसभा परिसर में प्रदर्शन किया।
5	आप किसके भाई हैं ?	आप किसके भाई हैं?
5	कुमायूँ रेजिमेन्ट में कुमायूँ प्रदेश के वीर हैं	कुमायून रेजिमेन्ट में कुमायून क्षेत्र के वीर हैं।
3	तथा जिस दिन श्मशान में गमन हो और युद्धके दिन महोत्सव और उत्पातके दिन पढ़ना पढ़ाना योग्य नहीं तथा जिन दिनोंमें ब्राह्मण नहीं पढ़ते जैसे प्रतिपत् उन दिनोंमें नहीं पढ़ना और अशुद्ध होकर किसी दिन भी न पढ़े ॥	श्मशान में जाने वाली गाड़ियों, नौकाओं और त्योहारों की धूप में।
10	भीमजी -  इस वर्ष यदि वर्षा नहीं हुई तो अकाल आ पड़ेगा।	भीमजी-इस वर्ष वर्षा नहीं होगी तो अकाल पड़ेगा।
10	मिस्त्री और उनके पारिवारिक मित्र एक कार में अहमदाबाद से मुंबई जा रहे थे।	मिस्त्री और उसके परिवार के मित्र कार से अहमदाबाद से मुंबई आ रहे थे।
9	मैं आपकी माया से मोहित होकर पति पुत्र, धन आदि के लोभ में संसार सागर में मग्न थी, आज सौभाग्यवश आपके चरण कमलों के समीप आयी हूँ ॥	इस संसार सागर में पति और पुत्र के धन आदि में मग्न होकर मैं माया से आपके चरणारविन्द के पास आया हूँ॥
4	हाथों, और पावोंमें चंद्रमंडलके समान गोल छेद करे तथा गुदा और लिंगमें शस्त्र लगाने की आवश्यकता हो तो बुद्धिमान् वैद्य अर्द्धचंद्राकृति छेद करे ।।	जो चन्द्रमण्डल के कटिबद्ध भागों को पानी के पात्रों में ले जाए
11	तनुज-जोशी, शूर, रोहित-पाण्डेय, स्नेहपंवार, हिमानी, पूजा नौटियाल ने क्रमशः प्रथम द्वितीय तृतीय तृतीय पुरस्कार जीता।	तनुज जोशी, शौर्य, रोहित पांडे और स्नेहनपवार, हिमानी, पूजा नौटियाल ने क्रमशः पहला, दूसरा और तीसरा पुरस्कार जीता।
7	अयमावासीय प्रबोधनवर्ग जनवरी से जनवरी तक चला।	अयमावासी प्रबोधन वर्ग जनवरी से जनवरी तक चला।
5	एक छात्रा उसको मना करती है ।	एक छात्रा उसे मना करती है।
3	मिलना	सम करना
28	ऐसे अपव्यय संस्कार निवारण के बारे में पढ़ कर खुशी होती है, लेकिन लोग अपने घर, परिवार, समाज, गाँव में ऐसे कार्यक्रमों में भाग लेकर, अपना फोटो क्लिप कर, स्थिति पोस्ट करने में आनंद पाते हैं।	ऐसे अपव्यय संस्कार के निवारण की बात पढ़कर आनंद होता है, लेकिन लोग अपने घर में, परिवार में, समाज में, गाँव में ऐसे कार्यक्रमों में भाग लेकर, अपने चित्रों पर क्लिक करके और स्थिति पोस्ट करने से आनंद पाते हैं।
8	इस अवसर पर संस्कृत विश्वविद्यालय के कुलपति, विद्वान शिक्षक, छात्र और अन्य लोग उपस्थित थे।	इस अवसर पर संस्कृत विश्वविद्यालय के कुलपति, विद्वान आचार्य, छात्र और अन्य लोग उपस्थित थे।
4	अधिक खाता हूँ तब बोलता है	अधिक खाता हूँ तब बोलता है।
2	किए हुए को स्मरण कर	किया हुआ स्मरण
17	इसलिये इस विनाशशील संसार-संसार से मुक्ति प्राप्त करने के लिए जो वेद में कहा गया कर्मोपासना है, वह ज्ञान के द्वारा समान कहा जाता है। कर्म की सेवा से ज्ञान, और ज्ञान से भक्ति सिलाई जाती है।	इसलिये इस विनाशकारी दुःखमय संसार से मुक्ति पाने के लिए जो वेदोक्त कर्मों की उपासना है, वह ज्ञान से समान कहा जाता है। कर्म की सेवा में ज्ञान और ज्ञान से भक्ति होती है।
5	वह अब बैंक में ऑफिसर है	वह अब बैंक में अधिकारी है।
11	उन्होंने कहा कि अब तक उन्होंने लगभग आधा हजार किलोमीटर की दूरी तक राज्य में भ्रमण किया है।	उन्होंने कहा कि आज तक वह राज्यों में लगभग डेढ़ हजार किलोमीटर पैदल गए हैं।
7	वे निशाचर वहाँ खड़े रहते हैं, वे हमें सबको प्रभावित करते हैं।	वहाँ स्थित वे राक्षस हम सबको मारते हैं।
8	केंद्रीय मोदी सरकार, जो केरल के साथ आर्थिक संघर्ष में लगी हुई है, ने हिमाचल प्रदेश को भूल कर दिया।	केरल के साथ आर्थिक युद्ध में फंसा केंद्र का मोदी सरकार हिमाचल को भूल गई है।
6	वह फ्रिज से पानी निकाल कर पीता है	वह रेफ्रिजरेटर से पानी निकालकर पानी पीता है।
4	आदिवासी लोग आत्मरक्षा स्वयं ही करते हैं।	आदिवासी लोग अपनी रक्षा स्वयं करते हैं।
14	अन्य सभी पशुओं से पूछा कि आज तुम्हारे मित्र सियार नहीं दिख रहे हैं कहाँ हैं ?	अन्य सभी पशुओं ने पूछा कि आज आपका मित्र सियार नहीं दिख रहा है, वह कहाँ है?
7	उन्होंने कहा कि शिक्षा संस्थानों की भूमिका से लोगों का विकास है।	उन्होंने कहा कि शिक्षा संस्थानों की भूमिका लोगों का विकास है।
3	शरबत में गुड़ मिलाया ।	पीने के लिए गुड़ मिलाया।
3	राज्याधिकारी की आज्ञा है।	राजपुरुष की आज्ञा है।
12	पूर्व मुख्यमंत्री पूर्वकेन्द्रीय मंत्री शान्ता कुमार ने कहा कि मंगलवार को वृत्तान्त खोलकर उनके हृदय में पसीना आया।	पूर्व मुख्यमंत्री पूर्व केंद्रीय मंत्री शान्ता कुमार ने कहा कि मंगलवार को समाचार पत्र खोलने से उनका हृदय काँप गया।
13	अनेक नेताओं ने कहा कि सरकार निर्माण के एक वर्ष के बाद भी नियुक्त नहीं होते हैं-इस बात को दुःख है।	अनेक नेताओं ने कहा कि सरकार के निर्माण के एक वर्ष बाद भी नियुक्ति नहीं हो रही है।
4	कृपया उत्तर लिखिये ।	कृपया उत्तर लिखिये।
4	ये दो जुलाहे हैं।	ये दोनों बुनकर हैं।
6	बर्फबारी और भारी बारिश के कारण जिले में ठंडी लहर बढ़ी है।	बर्फबारी और बारिश से जिले में ठंडी लहर बढ़ गई है
1	अनेक प्रकार के	अनेक प्रकार से
20	जैसे गीदड़ों को स्तुति करने के लिए उनके अपहरण को, मर्दन को, नखों के बिलाव को ये तीन पर्याय उपलब्ध हैं फिर भी वहाँ''गीदड़ बिना ही रहते हैं''इस वाक्य से अपहरण का आदेश दिया गया।	जैसे वृक्षों को साफ करने के लिए उनका अवहन, मर्दन, नाखूनों को फाड़ना ये तीन विकल्प उपलब्ध हैं फिर भी वहाँ'वृक्षों से रहित बहते हैं'इस वाक्य से अवहन ही आदेश दिया गया था।
3	हाथ से ही धोता हूँ ।	हाथ से ही धोता हूँ।
4	वह सबको सुख से पालता है।	वह सबको सुख से पालता है।
10	कुएँ से जल लाया हूँ, इसलिए वह शुद्ध ही है।	मैंने कुएँ से पानी लाया है, इसलिए वह शुद्ध ही है।
1	बहुत अधिक	विशाल
6	कई प्रकार की हानि हौसी से हुई है।	कई प्रकार की हानि हौसी के कारण हुई है।
4	दादा जी दूरदर्शन देख रहे हैं।	दादाजी दूरदर्शन देखते हैं।
3	प्रतिदिन बारह पैसे।	प्रतिदिन बारह पान।
15	श्रीरामचन्द्र के कुल के मूल ये भगवान् सूर्य धन्य हैं। भगवान् सूर्य सभी के प्रणम्य हैं, यही विचार कर उदीयमान सूर्य को प्रणाम करता हुआ गुरुसेवा में कुशल कोई ब्राह्मण बालक अपनी पर्णकुटी से बाहर निकला।	धन्य है यह कुलमूल श्रीरामचन्द्रजी का, प्रणाम करके इस विश्वासी देवता को प्रणाम करता हूँ। अपने पापड़ियों की टोकरी से निकलकर कोई गुरु की सेवा में तत्पर हुआ।
4	उसकी बात करने की शैली हँसी से भरी है।	उसकी सम्वाद शैली हास्य से परिपूर्ण है।
8	छात्रों के लिए प्रशिक्षण संस्थानों के लिए भी नेट बुक का निर्माण करना होगा।	छात्रों को अब प्रशिक्षण संस्थानों के लिए भी जालपुट बनाना होगा।
10	समापन में आदि भारतं भारतं भवतु भारतम्  ये गीत गाएगा ।	समापन में आदि भारत भारत भारत होवे भारत गीत गाएगा।
9	72 यात्रियों को लेकर आसमान में उड़ रहा विमान दुर्घटनाग्रस्त हो गया और राख में तब्दील हो गया.	72 यात्रियों के साथ आकाश में उड\u093Cने वाला विमान दुर्घटनाग्रस्त हो गया और राख का रह गया।
3	वह पहुँची।	वह प्राप्त हुई।
11	उद्योग मंत्री ने यह भी आरोप लगाया कि भाजपा इस मामले में राजनीति कर रहा है।	उद्योग मंत्री ने यह भी आरोप किया कि भाजपा इस मुद्दे पर राजनीति कर रहा है।
8	यूक्रेन पर रूस के औपनिवेशिक आक्रमण के बाद पहली बार पुतिन-मोदी केंद्रित चर्चा पूरी.	यूक्रेन पर रूस के कब्जे के बाद पहली बार पुतिन-मोदी ने आमने-सामने बातचीत की.
5	सीवान के सभी लोग भयभीत हैं	सीवन के सभी लोग डर गए हैं।
9	उन्नत और पुष्ट कन्धोंपर लटकते हुए कुण्डल तथा अलकोंसे जिनकी सदृश (उन्नत) ग्रीवा मनोहर मालूम होती है जो अपने मुखकी शोभासे निर्मल पूर्णचन्द्रविम्ब तथा श्वेत कमलको कान्तिको तिरस्कृत कर रहे हैं हुए सुन्दर पद्मके समान जिनके मनोहर नेत्र हैं; विलासमयी भौंहें हैं, अमल अधर हैं, मधुर मुसकान है, कोमल कपोल, ऊँची नासिका और भालदेशमें लटकी हुई अलकें हैं [ ऐसे आपको मैं कब आनन्दित करूंगा ? ]	उदग्रपीणोंकी विलम्ब, कुण्डल, लालकवल्ली, बन्धुका, कुम्बुकन्धुर, मुखको आश्रय देनेवाली, निर्मल, मुरझाये हुए अङ्गोंकी नोकोंको ढकनेवाली, नेत्रोंकी जोर-जोरसे आश्रय लेनेवाली, प्रकाशमय, नेत्रोंकी तीक्ष्णता, स्वचलनकी तीक्ष्णता, मूंझमें चमकती हुई, कोमल और गन्दे मुखवाली और ललाटके समान विलम्बसे व्याकुल मुखवाली।।
5	आज आपका कार्यक्रम क्या है ?	आज आपका कार्यक्रम क्या है?
3	भाई दूज के बाद आऊँगा।	दूसरे भाई के बाद आऊँगी।
4	देवस्थान के चारों ओर वन है।	देवस्थान के चारों ओर वन है।
7	एक दिवसीय विश्व कप-खेल में क्रिकेटर मोहम्मद शमी ने सर्वश्रेष्ठ प्रदर्शन किया-खेली मोहम्मद शमी,	एकदिवसीय विश्व कप-खेल में क्रिकेट ने अच्छा प्रदर्शन किया-खिलाड़ी मोहम्मद शमी,
10	एशिया से दो, अफ्रीका की चार टीमें और दो एसोसिएशन क्वार्टर फाइनल के लिए क्वालीफाई करेंगी।	एशिया से दो, अफ्रीका से दो टीमों के साथ चार खेल टीमें पिछले क्वार्टर फाइनल में जगह बना रही हैं।
3	नदी का नाम गङ्गा ।	नदी का नाम गंगा है।
17	अपने शरीर को ही सिद्ध करना या दिखाने के लिए प्रयत्न करना चाहिए, परन्तु तुम्हारी कामना के लिए राज्य नहीं, स्वर्ग की प्राप्ति के लिए कामना करने के लिए प्राणों का नाश नहीं करना चाहिए।	शरीर को सिद्ध करना या कार्य प्राप्त करना, न तुम कामना में राज्य, न स्वर्ग, न पुनः जन्म, कामना में दुःखी प्राणियों का नाश करना।
1	प्रायश:	प्रायः
11	माता - आहा, मेरा बेटा तो अब बर्तन भी	माता-अहा, मेरा बेटा तो अब बर्तन भी....
7	योग दर्शन की अध्येता और अनुसंधानकर्त्ता के रूप में आपका अनेक वर्षों का लम्बा अनुभव है।	योगदर्शन की विदुषीशैलपुत्री के शोधकर्ता के रूप में 20 वर्षों का अनुभव है।
6	साथ ही भारत का निर्यात बढ़ेगा।	साथ ही भारत का निर्यात संवर्धन होगा।
4	सुकृति – बाद में फल	सुकृति-बाद में फल।
6	स्त्रियों के लिए संस्कृत शिक्षा लगभग अप्रचलित थी।	महिलाओं के लिए संस्कृत शिक्षण प्रायः नहीं चल रहा था।
7	जब वह क्रोध करती है तब दर्शक भी क्रोध करते हैं।	जब वह क्रोध करती है तब दर्शक भी क्रोध करते हैं।
9	रोगी क्रोध से बोला- मेरा वैद्य यम ही  है ।	रोगी ने गुस्से से कहा कि मेरा वैद्य यम ही है।
9	बच्चे चीनी अधिक खाते हैं तो दाँत जल्दी से टूट जाते हैं।	बच्चे चीनी अधिक खाते हैं तो दाँत जल्दी ही टूट जाते हैं।
5	प्रतीक भी आ गया क्या ?	प्रतीक भी आ गया क्या?
6	मैं " विद्यालय से " आ रहा हूँ !	मैं विद्यालय से आता हूँ!
9	रजोगुण के प्रवृद्ध काल में मृत्यु को प्राप्त होकर कर्मासक्ति वाले (मनुष्य) लोक में वह जन्म लेता है तथा तमोगुण के प्रवृद्धकाल में (मरण होने पर) मूढ़योनि में जन्म लेता है।।	रजोगुण में जलप्रलय होता है और कर्म के साथी में उत्पन्न होता है। उसी प्रकार मूढ़ों में यह प्रलीन होता है।।
4	कौन दान देता है ?	कौन दान देता है?
6	मेरे मित्रों में से किसी ने भी चाइना का दीप नहीं खरीदा।	मेरे मित्रों में से किसी ने भी चाय का दीपक नहीं खरीदा।
4	वे दोनों वस्त्रों को रंगते हैं ।	वे दोनों वस्त्र चाँदी के हैं।
15	एक निश्चित समय पर 3-3 एक ऐसी प्रतियोगिता है जो बराबरी के स्तर पर पहुंच गई है''मुठभेड़''तब''सदन दैट''यह लंबाई है.	निश्चित समय पर 3-3 यह टारगेट बॉल मोड में बराबरी पर पहुंच गया "शूटआउट" इससे "सड डथ" यह लंबा हो गया.
5	दो गोलक के बीच गन्ना पिसता है।	दोनों गोलों के बीच गन्ने का पीसना होता है।
4	हाथों, और पावोंमें चंद्रमंडलके समान गोल छेद करे तथा गुदा और लिंगमें शस्त्र लगाने की आवश्यकता हो तो बुद्धिमान् वैद्य अर्द्धचंद्राकृति छेद करे ।।	जो चन्द्रमण्डल के कटिबद्ध भागों को पानी के पात्रों में ले जाए
2	निन्दक निन्दा करता है।	निन्दा करनेवाला डरता है।
8	मैं शस्त्रों में वज्र और धेनुओं (गायों) में कामधेनु हूँ, प्रजा उत्पत्ति का हेतु कन्दर्प (कामदेव) मैं हूँ और सर्पों में वासुकि हूँ।।	मैं शस्त्रधारी हूँ, वज्र हूँ, गौ हूँ, कामधुक हूँ, प्रजन हूँ, कन्दर्प हूँ, सर्प हूँ, वासुकि हूँ
6	आठ मिनट की निरीक्षण उड़ान के बाद, विमान सुरक्षित रूप से नीचे उतर गया।	आठ मिनट की निगरानी के बाद विमान सुरक्षित रूप से उतर गया।
7	धृतराष्ट्र ने वीरों के वीरता को सुनने की इच्छा व्यक्त की।	धृतराष्ट्र ने वीरों के शौर्य को सुनने की इच्छा व्यक्त की।
1	बनती है।	प्राप्त होता है
3	बालिका पढ़ी।	बालिका पढ़ी।
18	मानवीय जीव हम सम्भाषणशील होते हैं, पशुओं की भी भाषा तो अच्छी संस्कृत भाषा मनुष्यों की ही है, और कालखंड में भाषाएँ बाद में होती हैं।	मानवीय जीव हम संवादशील पशुओं की भी भाषा हैं परन्तु सुसंस्कृत भाषा संस्कृत मनुष्यों की ही है, और समयखंड में अनुवाद होता है।
1	पुल मुद्रा	पुल के बंधन का आसन
5	क्या भरत को धर्म के अनुसार राज्य में पाल लिया जाता है?	भरत धर्म के अनुसार राज्य में पालन करते हैं क्या?
4	विमल के घर हवन हो रहा है।	विमल के घर यज्ञ होता है।
4	बालक मन्दिर देखता है।	बालक मन्दिर देखता है।
6	खिचड़ी देओ और दूध वहाँ ले जाओ ।	मूंडगुड\u093C देना और दूध वहाँ ले जाना
3	वहाँ संस्कृत सम्भाषण वर्ग चल रहा है ।	वहाँ संस्कृत सम्भाषण वर्ग चल रहा है।
6	शाकम्भरी देवी के वरदान से वासुदेव जी लावणजलाशय पहुँच गए।	शाकम्भरीदेवी के वरदान से वासुदेव ने लावण्य जल को प्राप्त किया।
5	इसके लिए मिशन का निर्माण भी विचार किया जा रहा है।	इसके लिए कृत्रिम मीडिया का निर्माण भी विचार किया जा रहा है।
12	लोकसभा भारतीय न्यायसंहिता द्वितीयसंहिता भारतीय नागरिकाक्षा द्वितीयसंहिता और भारतीय दैविका द्वितीय विधेयक विषयों पर निरन्तर चर्चा कर रही है।	लोकसभा भारतीय न्यायमण्डल द्वितीय, भारतीय नागरिक सुरक्षा द्वितीय और भारतीय साक्षी द्वितीय विधेयक के विषयों पर चर्चा जारी है।
3	छात्र आपस में बोलते हैं।	छात्र आपस में बोलते हैं।
10	उस समय यह ही फैशन था, यह ही अनुराग था।	उस समय यह ही फैशन था, यही अनुराग था।
4	मैं सदा ही बाग़ को जाता हूं।	मैं हमेशा बाग़ को जाता हूँ।
5	मैं मधुमेह रोग से पीड़ित हूँ	मैं मधुमेह रोग से पीड़ित हूँ।
8	दुबई-शहर जाने का विषय भी यहाँ प्रासंगिक नहीं है।	दुबई-नगर जाने का विषय भी यहाँ प्रासंगिक नहीं है।
11	मेरा दर्शन होने से निःसन्देह तुम्हारी मुक्ति हो जायेगी। यदि तुम जानती हो तो बताओ कि इस समय कमललोचना सीता कहाँ है ? मेरी प्रियदर्शना प्रिया को कौन ले गया है ? ॥	हे सीताजी! यदि तुम जानती हो तो तुम मेरे कमल के दर्शन से मुक्त हो सकती हो, इसमें कोई संशय नहीं है।।
4	हे सरस्वती (वाणी) आप अपनी नवीन वीणा को बजाओ।	वाणी को नए नाम से बुलाओ। वीणा को
4	अतिथियों ने भोजन किया।	अतिथियों ने भोजन किया।
13	पुटुपल्ली के बिना झारखंड राज्य में धुआं, त्रिपुरा में धनपुर, बक्सानगर, बागेश्वर, घोसी और धुपगुड़ी जिलों में भी उपचुनाव हुए।	पुटुपल्ली के बिना झारखंड राज्य में धूमरी, त्रिपुरा में धनपुर, बक्सा शहर, बागेश्वर, घोसी धूपगुड़ी जैसे जिलों में भी उपचुनाव हुए।
8	नहीं जानता , रास्ता कब जाने योग्य होगा ।	नहीं जानता, रास्ता कब सुगम होगा।
7	2005 के बाद से, उन्होंने विभिन्न वस्तुओं को इकट्ठा करके अपना पहला विश्व रिकॉर्ड हासिल किया है।	2005 में विभिन्न वस्तुओं को इकट्ठा करके उन्हें पहली बार विश्व रिकॉर्ड मिला।
11	पुरातन परंपरा के समाप्ति द्वारा केवल निर्वाचित प्रतिनिधियों का, सरकारी जिम्मेदारियों और नेताओं के नामों का भी उल्लेख किया जाएगा।	पुरानी परंपरा के अंत के माध्यम से केवल निर्वाचित प्रतिनिधियों, सरकार का दायित्व निभाने वाले नेताओं के नाम लिखे जाएंगे।
1	धनुष को	धनुष
16	शाह ने आगे कहा कि पूर्व प्रधानमंत्री जनौषधि-केंद्रों से अधिकांश शहर वास्तव में निर्धन लोग ही लाभान्वित होते थे।	शाह ने कहा कि पूर्व प्रधानमंत्री जनऔषधि-केंद्रों से अधिकांश नगरवासी निर्धन लोग ही लाभान्वित हुए थे।
3	कार से बैग्स उतारे।	वाहन से अटैची निकाल दी।
12	केरल के पूर्व मुख्यमंत्री और वरिष्ठ कांग्रेस नेता उम्मन चांटी का बेंगलुरु के एक अस्पताल में निधन हो गया।	केरल के पूर्व मुख्यमंत्री और कांग्रेस पार्टी के वरिष्ठ नेता उम्मन चांटी का बेंगलुरु अस्पताल में निधन हो गया है।
11	दीपक के बुताने पर जो तेल की गन्ध उठती है उसको जो लोग नहीं सूंघ सकते हैं, या जो लोग मित्रों के हित वाक्यों पर ध्यान नहीं देते हैं. या उत्तर दिशा में स्थित सात ऋषियों के पास के छोटे अरुन्धती नक्षत्र को आकाश में नहीं देख सकते हैं. उनकी मृत्यु निकट ही समझनी चाहिए अर्थात् वे ज्यादा दिन इस संसार में नहीं रहेगें, शीघ्र ही नष्ट हो जाएँगे।	दीप, जल, गदहा, मित्र, वाणी और अरुन्धती को न सूंघते हैं, न सुनते हैं, न देखते हैं।
5	मैं शुद्ध घी ही खाता हूँ।	मैं शुद्ध ही घी खाता हूँ।
3	मैं आलस छोड़ूँगा ।	मैं आलस छोड़ दूँगा।
11	साल का''शांत भारत''उन्होंने स्वतंत्रता आंदोलन में भाग लिया और इसके लिए दो बार जेल गए।	1942 का "भारत छोड़ो" उन्होंने स्वतन्त्रता आन्दोलन में भाग लिया और उसके कारण दो बार जेल में बंद हुए।
9	वह कहता है - "माँ मुँह बहुत सूख गया है"	वह बोलता है-"माँ! मुँह बहुत सूख गया है।"
5	दुःशासन द्रौपदी का चीर खींचता है।	दुशासन द्रौपदी की छाल खींचता है।
1	ऋषियों ने	बुद्धिमान
6	सदा सच बोलो, झूठ नहीं ।	हमेशा सच बोलो असत्य नहीं।
7	देवसभा अर्थात् सत्संग, जहाँ ज्ञान भक्ति चर्चादि होती है।	देवासभा अर्थात् सत्संग, जहाँ ज्ञानभक्ति चर्चा आदि हो सकती हैं।
16	आञ्चल के संस्कृत विषय अध्ययन की विशेष रुचि थी, उसकी रुचि, उत्साह, और समर्पित करने के कारण वह सफल रही है।	आञ्चल की संस्कृत विषय अध्ययन की विशेष रुचि थी, इसकी रुचि, उत्साह, और समर्पण के कारण वह गन्तव्य स्थान पाने में सफल रही।
3	होली जल गई।	होली जल गई।
1	आटा पीसी हुई कोई वस्तु	पका हुआ
8	राजा बोला- हे मनुष्य तुम नहीं जानते मैं कौन हूं।	राजा ने कहा-पुरुष, तुम नहीं जानते हो मैं कौन हूँ।
14	पूरे देश में प्रधानमंत्री नरेंद्र मोदी पर विश्वास है, भाजपा का जीत केवल मोदी नाम से हुई।	पूरे देश के प्रधानमंत्री नरेंद्र मोदी पर विश्वास है, भाजपा की जीत केवल मोदी ही हुई है.
7	एक सौ ग्यारह वर्ष के शिवकुमार स्वामी पिछले सप्ताह दिवंगत हुए।	ग्यारह सौ से अधिक वर्षीय शिवकुमार स्वामी का पिछले सप्ताह निधन हो गया।
3	कभी कभी नासमझ हो जाती है ।	कभी कभी आलस्य होता है।
4	इनका नाम कृषिप्रशिक्षु होगा।	इनका नाम कृषि शिष्य होगा।
8	सभा में आकर पहले धर्मशाला विधेयक पर सुधीर शर्मा ने अभिनन्दन किया।	सभा में आकर पहले धर्मशाला विधायी सुधीर शर्मा को बधाई दी।
21	फिर महाराज दशरथ ने पुत्र राम को ङ्क में बिठाकर दोनों हाथों से पकड़ा और सहन करके कहा हे राम ! तुम से अलग हुए मेरे लिए स्वर्ग की प्राप्ति भी समान नहीं है।	तब महीपति दशरथ ने पुत्र राम को गोदी में रखकर, हाथों से पकड़कर और आलिंगन करके कहा बेटा राम! तुम्हारे बिना मेरा स्वर्ग सुख भी समान नहीं है।
21	इसके विपरीत मुख्यमंत्री के.चंद्रशेखरराव ने गजवेल निर्वाचन क्षेत्र की चिन्ता में मताधिकार का प्रयोग किया, भारत की राष्ट्रीय समिति के कार्यरत अध्यक्ष तारकारामराव नेहैदराबाद में तारकारामराव और राज्यकंगेस के अध्यक्ष रेवन्तरेड्डी कोडंगल में मतदान किया।	दूसरी ओर मुख्यमंत्री के. चंद्रशेखर राव ने गजवेल निर्वाचन क्षेत्र के चिन्तामदक में मताधिकार का प्रयोग किया, भारत राष्ट्र समिति के कार्यवाहक अध्यक्ष <तारकरामारावः.हैदराबादनगरे] तारकरामराव, राज्य कांग्रेस के अध्यक्ष रेवंतरड्डी ने कोडंगल में मतदान किया।
6	पत्नी - घर में एक चूहा घुस गया है	पत्नी-घर में एक चूहा घुस गया
6	वे सभी धर्मशाला में रहेंगे।	वे सभी धर्मशाला में निवास करेंगे।
8	विद्यार्थियों के विभिन्न विषयों के विकास के लिए दौलत सिंह हमेशा तत्पर रहते थे।	छात्र विविध विषयों के विकास के लिए दौलतसिंह हमेशा तत्पर रहते थे।
4	वह घर की रक्षा करता है क्या?	वह घर की रक्षा करता है क्या?
5	मुख्य द्वार खुला था ।	मुख्य द्वार खुला था।
1	देखने के लिए	देखना
19	शाहजहांपुर जिले के खुदागंज निवासी आचार्यविक्रांत सिंह की बिहार लोक सेवा आयोग में तीन अलग-अलग स्थानों का चयन किया गया, जिसके कारण से परिवार में हर्षोल्लास का वातावरण है।	शाहजहांपुर जिले के खुदागंज निवासी आचार्यविक्रांत सिंह के बिहार लोकसेवा आयोग में तीन अलग-अलग पदों का चयन हुआ, जिसके कारण परिवार में हर्षोल्लास का वातावरण है।
1	प्रवण आसन	अद्वितीय आसन
31	राज्य में 1416 विद्युत् पंखुड़ियों के अवरोध से सौ परिवार अंधेरे में हैं, जिससे तीव्र ठंड की विद्युत् के अभाव से लोग कम्पन करने के लिए कुल्लूमण्डल में 486, चंबा में 319, सिरमौर में 2४५, मंडी में 220, शिमला में 103, किन्नू में 30 विद्युत् पंखुड़ियों की बिजली की पूर्ति बाधा है।	राज्य में 1416 इलेक्ट्रोड की रुकावट से सैकड़ों परिवार अंधेरे में हैं, जिससे कठोर सर्दी की बिजली के अभाव से लोग कुल्लू जिले में 485, चंबा में 319, सिरमौर में 245, मंडी में 2,21, शिमला में 113, किन्नौर में 30 इलेक्ट्रोड से बिजली की पूर्ति बाधित है।
6	अहमद सड़क पर गिर पड़ा, इसलिए वह हँसता है	अहमद रास्ते में गिर गया इसलिये वह हँसता है।
10	उन्होंने लगभग सात सौ फिल्मों में अभिनय किया और सर्वश्रेष्ठ अभिनेता का राज्य पुरस्कार जीता।	सत्रह फिल्मों में अभिनय की प्रवीणता दिखाने के लिए उन्हें सहायक अभिनेता का राज्य पुरस्कार भी मिला।
5	प्रश्न - अभी क्या बजा है ?	प्रश्न-अब क्या समय है?
1	पंत	ऊँट
9	लोसभा हॉल में वित्त मंत्री ने 21,000वां वर्ष का चौबीस-पांचीस-यह प्रशासन द्वारा अनुमानित उपलब्धियों की रिपोर्ट प्रस्तुत की गई है।	लोसभा में वित्त मंत्री ने दो हजारवें वर्ष की चौबीसवीं-पच्चीसवीं-वर्षा और प्रशासन की अनुमानित उपलब्धियों पर एक रिपोर्ट प्रस्तुत की।
3	सूक्ष्म शोधन 27 नवंबर।	माइक्रोनिशनिंग नवंबर 27
8	भैया ! मैं मेरे बेटे को यहाँ बिठाकर जा रही हूँ।	भाई! मैं अपने बेटे को यहाँ बैठकर जाता हूँ।
8	छात्रों के लिए प्रशिक्षण संस्थानों के लिए भी नेट बुक का निर्माण करना होगा।	छात्रों को अब प्रशिक्षण संस्थानों के लिए भी जालपुट बनाना होगा।
3	तुम फूल लाते हो	तुम फूल लाते हो।
1	दिन ब दिन	प्रतिदिन
8	शाम को जैस्मी का झगड़ा हिमाचल प्रदेश के मेनका देवी के साथ होगा।	फाइनल में जैस्मीन का मुकाबला हिमाचल प्रदेश के मेनकादेवी से होगा।
1	पूरी तरह से नष्ट	मन
5	आपकी पेंट की जेब में फिर से देखिये।	अपने रूमाल की जेब में फिर से देखें।
6	इस प्रकार विद्यालयीय इंटरनेशनल गीता महोत्सव का उद्घाटन किया गया।	इस प्रकार स्कूली अंतर्राष्ट्रीय गीता महोत्सव शुरू हुआ।
7	राम के साथ लक्ष्मण भी वन को गया था।	राम के साथ लक्ष्मण भी वन गया था।
6	कल निवेदिता, विद्यालय की शिक्षिकायें आयी थीं। ।	कल निवेदिता विद्यालय के शिक्षक आए थे।
3	वे राष्ट्रगीत गाती हैं।	वे राष्ट्रगीत गाती हैं।
11	कार्यक्रम के अध्यक्ष केंद्रीय संस्कृत विश्वविद्यालय के निदेशक-लखनऊ परिसर के निदेशक प्रो. एस.के. ने श्री सर्वनारायण झा. को संबोधित किया।	इस कार्यक्रम के अध्यक्ष केंद्रीय संस्कृत विश्वविद्यालय, लखनऊ परिसर के निदेशक प्रो. सर्वनारायण झा ने प्रतिपादित किया।
3	वह बोला	वह बोला।
6	मैं साढ़े आठ बजे घर से निकला।	मैं साढ़े आठ बजे घर से निकला।
12	तब लक्ष्मणजी श्रीरामचन्द्रजी से बोले " हे देव ! यह मृग का रूप धारण किया हुआ निःसन्देह मारीच है, क्योंकि इस प्रकार का मृग कहाँ हो सकता है ? ॥	तब लक्ष्मणजी ने भगवान् राम को मृग के रूप में देखा तो इसमें कोई संदेह नहीं कि ऐसा मृग कहाँ से आया?॥
4	फिर भी वह वस्तुएँ खरीदती है।	फिर भी वह वस्तुएँ खरीदती है।
3	मैं तेज दौड़ता  हूँ।	मैं तेज दौड़ता हूँ।
12	अमेरिकी डॉलर के गुलाम ने बुधवार को तेल की कीमतों पर सहिष्णुता का कारण बनकर अमेरिकी डॉलर का लाभ उठाने में मदद की।	डॉलर रुपये ने कच्चे तेल की कीमतों में सॉफ्टनेस के कारण बुधवार को रुपये का लाभ उठाने में मदद की।
14	उसके शिर में ही ऐसी शक्ति होती है जिससे वह सुनने में समर्थ होती है परन्तु बहुत थोड़ा।	उसके सिर पर ही वैसी शक्ति होती है जिससे वह सुन सकता है परन्तु बहुत कम।
5	दीपावली के लिये भी वस्तुएँ खरीद रहे हैं	दीपावली पर्व के लिये भी वस्तुएँ खरीदते हैं।
11	संसारका विषयानन्द और परलोकका महान् दिव्यानन्द ये तृष्णाक्षपके आनन्दके सोलहवें भाग भी नहीं हो सकते	जो काम सुख है, जो दिव्य और महान् सुख है, जो तृष्णा के नाश से सुख प्राप्त करता है, वह नरहित से सोलह कलायुक्त है।।
1	जो (दो)	दो
8	पर्यटकों ने अपने मोबाइल फोन से महानाटमी को पकड़ कर स्वभाव चित्र लिया।	पर्यटकों ने अपने मोबाइल फोन पर महानाटी पकड़कर स्वाभाविक चित्र लिए।
12	भारत के मुख्य आयुक्त ने कहा कि मंदिरों पर हमले का उद्देश्य भेदभाव और शांति भंग करना था।	भारत के मुख्य आयुक्त ने बताया कि मंदिरों पर हमला तो आपसी भेदभाव और शांति भंग करने के उद्देश्य से किया गया था।
14	आयोजक विश्वविद्यालय के प्रोसुश्री शिप्रा राय अध्यक्ष थीं। संयोजक डा. शंकरनाथ तिवारी ने सभी के प्रति आभार व्यक्त किया।	आयोजक विश्वविद्यालय के अध्यक्ष श्री राय थे। वहीं समन्वयक डॉ. शंकरनाथ तिवारी ने सभी को कृतज्ञता व्यक्त की।
5	तुम दोनों रस्सी चलाओ।	तुम दोनों रस्सी चलाओगे।
7	छात्र –मेरी माँ अच्छी शिक्षिका है।	छात्र-मेरी माँ अच्छी शिक्षिका है।
11	साथ ही उन्होंने कहा कि शिक्षा के क्षेत्र में संस्थान का योगदान जारी रहना चाहिए.	साथ ही अमुना ने कहा कि शिक्षा के क्षेत्र में संस्थानों का योगदान लगातार आगे भी यथावत् रहे।
8	कार्यक्रम की शुरुआत वैदिक मंगलाचरण के साथ हुई जिसके बाद विश्वविद्यालय गान गाया गया।	कार्यक्रम के आरंभ में वैदिक मंगलाचरण और उसके बाद विश्वविद्यालय का गान हुआ।
1	विद्यावान्	विद्वान
5	मध्यप्रदेश में कौन-से राष्ट्रीय उद्यान हैं?	मध्यप्रदेश में कौन से राष्ट्रीय उद्यान हैं?
11	अध्यापिका – मुझे यह विचार अच्छा लगता है। ये राज्य भ्रमण के लिए स्वर्ग के समान हैं।	अध्यापिका-मुझे यह विचार पसंद है। ये राज्य तो घूमने के लिए स्वर्ग के समान हैं।
3	ज्येष्ठ आषाढ ग्रीष्म ॥	पवित्र शुक्लपक्ष का ग्रीष्मकाल।
1	स्वीकार करके	मिलावट
9	हे पार्थ ! वही यह भूतसमुदाय, है जो पुनः पुनः उत्पन्न होकर लीन होता है। अवश हुआ (यह भूतग्राम) रात्रि के आगमन पर लीन तथा दिन के उदय होने पर व्यक्त होता है।।	हे पार्थ! यह भूतग्राम इस प्रकार उत्पन्न होकर प्रलीभूत हो जाता है। हे पार्थ! यह रात्रि के आने पर ही उत्पन्न होता है।।
6	नहीं नहीं पिताजी , मैं ले जाऊँगा	नहीं पिताजी, मैं ले जाऊँगा।
10	पुनः बन्धुओं सहित मुनिजनों के द्वारा धर्मशास्त्र का रहस्य गुनते तथा उसकी व्याख्या भी करते थे ॥	मैं अपने बन्धु-बांधवों के साथ मुनिवरों के बिना भोजन करके धर्मशास्त्र के रहस्यों को सुनता हूँ और व्याकरण करता हूँ।
9	प्रधानमन्त्री वहाँ प्रदर्शनी में आए थे, भूमिभङ्गप्राचीर का भी अनावरण किया।	प्रधानमंत्री वहीं प्रदर्शनी में आए, उन्होंने भूस्खलन की प्राचीर का भी अनावरण किया।
6	जेपी नड्डा शाम को कुल्लु नगर जाएगी।	जेपी नड्डा शाम को कुल्लूनगर जायेंगे।
9	इस संबंध में मुख्यमंत्री प्रबोध सक्सेना ने रविवार को छुट्टी के दिन आदेश भी जारी किए।	इस संबंध में मुख्य सचिव सुबोध सक्सेना ने रविवार को भी आदेश जारी किए।
13	इस समय तो वह आप जैसे भी मेरा मित्र है इसीलिए इस संस्कार का विधिवत् पालन करें।	अब तो आप की तरह वह भी मेरा मित्र है इसलिये इस संस्कार को वैसे ही करें।
3	छोटा बच्चा लड्डू थोड़ा सा खा रहा है।	बच्चा लड्डु चख रहा है।
8	रिपोर्ट में कहा गया है कि वह इस महीने की 22 तारीख तक एकांत कारावास में नहीं रह सकते।	रिपोर्ट के मुताबिक, यह 22 तारीख तक नैकाश्रय में होगा।
10	उससे क्रोधित सूर्यदेव ने छाया और शनिदेव का घर जला दिया।	उसके क्रोधित सूर्यदेव ने छाया और शनिदेव के घर को भस्म कर दिया।
10	जनवरी-माह के तीवें दिन रविवार को कप-खेल में वह पाँच-सेट-खेल में रूस-देश के दानिल-उन्होंने खुद को हरा दिया.	जनवरी-माह के तीसरे दिन रविवार को उपाधि-खेल में उन्होंने पांच-सेट-खेल में रूस-देश के दानिल-मेदवेदेव को हराया।
6	पर्यटक भी उनके साथ यज्ञ करते हैं।	पर्यटक भी उनके साथ यज्ञ करते हैं।
8	परन्तु ज्ञानी सब प्रकार परीक्षा करके अपराधी को ही उचित दंड देता है।	परन्तु ज्ञानी सभी को परीक्षा करके अपराधी को ही उचित रूप से पीटता है।
7	वैराणु की उपस्थिति अधिकतर इन्हीं मंडलियों में देखी जाती है।	इन जिलों में वायरस की उपस्थिति सबसे अधिक देखी गई है।
3	माँ शिशु को बहलाती है।	माँ बच्चे को खुश करती है।
2	वहीं घूमता रहेगा।	वहीं घूमेगा।
3	आठ बजे यज्ञ होगा।	आठ बजे यज्ञ होगा।
6	सुधा - हाँ मैं अशुद्ध बोली ।	सुधा-हाँ मैंने अशुद्ध कहा।
8	रक्षा – मैं भी अधिक संस्कृत नहीं जानती हूँ।	रक्षा-मैं भी अधिक संस्कृत नहीं जानती हूँ।
7	मैं भिखारी को देती हूँ आप पानी भरो ।	मैं भिखारी को देता हूँ। आप पानी भरिये।
1	शुद्ध	स्वच्छ
7	काश्य का यह परिवार समृद्ध, विद्वान् और भगवद्भक्त था।	काशी में यह परिवार समृद्ध, विद्वान और भगवद्भक्त था।
4	दूसरा व्यक्ति बोला	दूसरा व्यक्ति बोला।
5	वह मेरी पुस्तक कहाँ रखता है?	वह मेरी पुस्तक कहाँ रखता है?
7	ग्राहक – आज शाम सभी विरोधयात्रा निकालेंगे।	ग्राहक-आज शाम सभी विरोध यात्रा निकालेंगे।
8	खबर के अनुसार, विद्या बालन की प्रेत की''मज्जुलिका''इसकी भूमिका में दिखाई देती है।	प्राप्त समाचार के अनुसार विद्या बालन प्रेत की "मजूलिका" इसकी भूमिका में दिखाई देती है।
6	परीक्षा के लिये कितने दिन शेष रह गए हैं ? )	परीक्षा के लिए कितने दिन शेष हैं?
2	स्कूल में रिसेस के समय	विद्यालय में बीच के समय...
1	युद्ध के मैदान पर arrayed	स्थित
5	वरुणा उसके विवाह के चित्र दिखा रही है ।	वरुणा अपने विवाह के चित्र दिखा रही है।
4	राम – किस सम्बन्ध से? (किस नाते से)	राम-किस सम्बन्ध से?
4	यहाँ हम सभी सकुशल हैं ।	यहाँ हम सब कुशल हैं।
3	निधि गाय का घी सूंघती है।	निधि गाय का घी सूंघती है।
5	कल ही फोन से बात हुई।	कल ही फोन से बात हुई।
2	वह चढ़ता है।	वह चढ़ता है।
4	सात बजे तक ध्यानसत्र चलेगा।	सात बजे तक ध्यानसत्र चलेगा।
19	भाजपा के बारे में कटाक्ष कर नेगी ने कहा कि भाजपा आज भी बालदल ही है, उनका जन्म 2014 के बाद हुआ।	भाजपा के बारे में कटाक्ष करते हुए नेगी ने कहा कि भाजपा आज भी बाल दल ही है, उनका जन्म 2014 के बाद हुआ था।
7	पूर्ण वर्ष हजार के अन्त में उन्होंने उसे उसे विधि का रूप धारण किया।	पूरे वर्ष के हजारों के अंत में उसने उस विधि को बनाया।
4	अभी स्वाध्याय नहीं हुआ है।	अब स्वाध्याय नहीं हुआ।
6	शालिसा धाम्या ने भारतीय वायुसेना में नया करियर बनाया है।	भारतीय वायुसेना में शालिसा धामी ने एक नया चरित्र बनाया है।
15	पूर्व श्रेणी में उत्तराखंड संस्कृत शिक्षा परिषद ने हरिद्वार से सुबोध व्यास का अभिषेक किया और जयपपन नाम की उत्तर श्रेणी में लोकेश चंद्र सुधेशबडोनी और अजयकानोल ने क्रमशः अपना पहला द्वितीय तृतीय पुरस्कार जीता।	पूर्वी मध्य पर्वत पर उत्तराखंड संस्कृत शिक्षा परिषद हरिद्वार के सुबोध व्यास, अभिषेक अम्मगाई और जयपप्पन, उत्तरी मध्य पर्वत पर लोकेश चंद्र, सुधेशबडोनी और अजय कैन्धोल ने क्रमशः पहला और दूसरा तीसरा पुरस्कार जीता।
10	वह शीघ्र ही यहाँ आयेंगे। एकाग्रचित्त से ध्यान करती हुई तुम यहीं रहो। इस समय चित्रकूट पर्वत के आश्रम में भगवान् श्रीरामचन्द्रजी विराजमान हैं ॥	हे प्रभु! अब चित्रकूट के आश्रम में निवास करेंगे।
3	पुण्य कर्मों से व्यक्ति पुण्यलोक को प्राप्त करता है।	पुण्य से पुण्यलोक को जीतता है।
4	मंच की शोभा प्रान्तप्रचार प्रमुख सतेन्द्र कुमार ने की।	मंच का संचालन प्रांत प्रचार प्रमुख सतेन्द्र कुमार ने किया।
7	लेकिन अभी तक किसी ने जिम्मेदारी नहीं ली है.	लेकिन आज तक उसकी जिम्मेदारी किसी ने नहीं ली।
4	इनका नाम कृषिप्रशिक्षु होगा।	इनका नाम कृषि शिष्य होगा।
14	ग्रामीणों के स्वरूप को बढ़ाने की आय-व्यय में प्रयास है क्योंकि इससे ही इस पर्वतीय राज्य में समृद्धि को प्राप्त किया जा सकता है।	गाँवों का स्वरूप बढ़ाने के लिए आय-व्यय में प्रयास है क्योंकि इससे ही इस पर्वतीय राज्य में समृद्धि ला सकती है।
21	यह कुल लक्ष्य का प्रतिशत है, परन्तु यदि हम मंडलियों के विषय में बात करते हैं तो चम्बा, सिरमौर, कल्लू इत्यादि मंडलियां बहुत पीछे-पीछे गई हैं।	यह कुल लक्ष्य का प्रतिशत ही है, लेकिन यदि हम जिलों के बारे में बोलते हैं तो चम्बा, सिरमौर, कल्लू जैसे जिले बहुत पीछे हो गए।
4	शिल्पा कहाँ तैरती है ?	शिल्पा कहाँ तैरती है?
8	दौलतसिंह के जीवन में उनकी माता का प्रभाव प्रत्यक्ष था।	दौलतसिंह के जीवन में उनकी माँ का प्रभाव प्रत्यक्ष था।
9	विस्फोटक आवाज सबसे पहले छात्रों ने सुनी। तभी सड़े फलों की दुर्गंध चारों ओर फैल गई	छात्रों ने सबसे पहले विस्फोटक शब्द सुना। बाद में जीर्ण फल की दुर्गन्ध सब जगह फैल गई।
20	इस अवसर पर जनसभा को संबोधित करते हुए प्रधानमंत्री ने कहा कि विकसित-भारत संकल्प ने यात्रा देश की हजार संख्या को गांवों और नगरों में प्राप्त किया है।	इस अवसर पर जनसभा को संबोधित करते हुए प्रधानमंत्री ने कहा कि विकसित-भारत संकल्प यात्रा देश के हजारों गांवों और शहरों में पहुंच गई है।
1	वर्दी	वर्दी
11	और भी महान लोगों के साथ भी अवश्य होने वाली बातें हो कर रहती है। शिव जी का नग्न रहना, (तथा) विष्णु का शेषनाग (की शय्या पर सोना- ( इसमें प्रमाण हैं) |	निश्चय ही भावियों के भी महान् भाव होते हैं। नीलकण्ठ के लिए नंगीपन ही महाविषय है।
5	जो सदाचारी है वह शिक्षक है	जो सदाचारी है वह शिक्षक है।
1	मेंढक	वर्षा हुई।
5	पूर्व अभिघातजन्य व्रणके आरोहण तथा यज्ञ के शिर  को जोडदेनेसे यह शल्यअंगही प्रथम है ॥	यह प्रथम प्रगाभिङ्गघात व्रण, संरोहण और ज्ञान शिर है।
11	भाग्य से सन्तुष्ट होकर, विकट, विरूपाक्ष, महोदर, अकम्पन, दुर्द्धर्ष और अन्य राक्षस मारे गए।	भाग्य से वश में, विकट, विरूपाक्ष, महोदर, अकम्पन, दुर्द्धर्ष ये राक्षस मारे गए।
6	भार्गवी – आधा घण्टे बाद घर पहुँचेंगे।	भार्गवी-आधा घंटे के बाद घर पहुँचेंगे।
9	गणना से पता चलता है कि दुनिया भर में 55 मिलियन लोग मनोभ्रंश से पीड़ित हैं।	गणना से पता चलता है कि दुनिया भर में साढ़े पांच करोड़ लोग डिमेंशिया से पीड़ित हैं।
9	भगवन् व्यास जी की वाणी के रूप में श्रीमद्भागते जी ने अपने दिव्य लायकों का वर्णन किया।	भगवान् व्यास के वाणी रूप में श्रीमद्भागवत में उनके प्रभु दिव्य लीलों का वर्णन मिलता है।
13	पहले इस रास्ते में गली की व्यवस्था नहीं थी, लेकिन आपातकाल में राष्ट्रीय राजमार्ग को बहुत नुकसान हुआ।	पहले इस मार्ग में कन्दर की व्यवस्था नहीं थी, लेकिन आपातकाल में राष्ट्रीय राजमार्ग को बहुत नुकसान हुआ।
13	लग्रान प्वाइंट वन लक्ष्य का नाम है. यह सूर्य और बाह्य अंतरिक्ष के कणों का अध्ययन करेगा।	लक्ष्य का नाम लग्रानप्वाइंट वन है। वह सूर्य और बाहरी अंतरिक्ष अंतरिक्ष का अध्ययन करेगा।
3	कभी कभी नासमझ हो जाती है ।	कभी कभी आलस्य होता है।
3	प्रयास करता हूँ ।	प्रयत्न करता हूँ।
4	कुछ चिड़ियाएँ पानी में नहाती हैं।	कुछ चिड़ियाएँ पानी में नहाती हैं।
10	जब वह पाठशाला नहीं जाता, तब बाग़ भी नहीं जाता।	जब वह पाठशाला नहीं जाता, तब उद्यान भी नहीं जाता।
5	अनुराग -हम पदयात्रा कर रहे हैं।	अनुराग-हम पैदल यात्रा करते हैं।
18	जैसे-जैसे बिजली का उपभोग बढ़ता है वैसे-वैसे हमारे द्वारा इस विषय पर गम्भीरता से विचार करना चाहिए।	जैसे-जैसे बिजली का सेवन बढ़ता है वैसे-वैसे भविष्य में हमें इस विषय पर गम्भीर विचार करना चाहिए।
6	आठ मिनट की निरीक्षण उड़ान के बाद, विमान सुरक्षित रूप से नीचे उतर गया।	आठ मिनट की निगरानी के बाद विमान सुरक्षित रूप से उतर गया।
1	सूची	टिकट
6	रक्षा – मैं भी रोज अभ्यास करती हूँ।	रक्षा-मैं भी प्रतिदिन अभ्यास करती हूँ।
5	मैं आनंद नगर में रहता हूँ	मैं आनन्दनगर में रहता हूँ।
12	मनुष्य खतरे या संकट में बिना पड़े कल्याण नहीं देख पाता। परन्तु सकट में पड़ कर यदि जीवित रहता है, तो ही वह विविध कल्याणों को देखता है|	सन्देह में न रहने वाला मनुष्य सज्जनों को नहीं देखता है। सन्देह को फिर से पकड़कर यदि जीवित रहता है तो देखता है।
3	वन जायें।	वन को जाईये।
3	गुरुओं के द्वारा प्रश्न पूछे जाएँ ।	गुरु जी से प्रश्न पूछें।
5	आप लेख लिखते हैं क्या ?	आप लेख लिखते हैं क्या?
4	बादलों के ऊपर विमान उड़ रहा है।	बादलों पर चढ़कर वायुयान उड़ रहा है।
6	लंकाेश्वर डर गया तुम्हें देखने के लिए जल्दी जाएगा।	लंकेश्वर विभीषण तुम्हें देखने के लिये जल्दी से जाएगा।
17	अनि के मन्द होने से, मल की वृद्धि होने पर मनुष्यों में नाना प्रकार के रोग समूह उत्पन्न होते हैं, और उदर राग विशेष रूप से उत्पन्न होते है । अनि के मन्द होने पर, अन्न के पचन न होने पर, महिन, मलकारक अपथ्य आहार के सेवन से दोष सचित होने पर प्राण, अग्नि ( जाठराग्नि ), और अपान वायु को दूषित करके अधर और उत्तर ( ऊपर और नीचे के ) दोनो मार्गों को रोक देते है । यह दोष समूह त्वचा और मास के बीच मे आकर कुक्षि ( उदर, कोख ) को बहुत अधिक फुला करके उदर रोग का उत्पन्न करते हैं उसके कारण और लक्षणों को सुनो ॥	अग्नि दोष और मनुष्य से उत्पन्न होने वाले रोगों के समूह अलग-अलग होते हैं। मल के बढ़ने से विषैले रोग उत्पन्न होते हैं। फिर भी आपके मास के भीतर आकर कुक्षि को दूध पिलाने के समान होते हैं। इससे उदर उत्पन्न होता है। उसके लक्षण सुनिये।
16	जो मनुष्य वीतराग एवं पर- अपरके ज्ञाता होकर सुरगुरु भगवान् नारायणक सर्वदा स्मरण करते हैं, वे उस ध्यानके द्वारा पापोंसे छूटकर पुनः माताके स्तनोंक दूध नहीं पीते [अर्थात् वे जन्म-मरणसे रहित हो मुक्त हो जाते हैं ] ॥	जो मनुष्य रागपरायण परम पराक्रमी नारायणको निरन्तर स्मरण करते रहते हैं, वे ध्यानके द्वारा उस हत्किलविभीषणके चेतन होकर माताके पेयद्रवरसको नहीं पीते हैं॥
1	मेंढक	मेंढक
15	चीन के ईस्टर्न थिएटर कमांड ने बताया है कि ताइवान के आसपास के आसमान और समुद्र में कई मिसाइलें दागी गई हैं।	चीन के ईस्टर्न थिएटर कमांडर ने दावा किया है कि ताइवान को घेरने के लिए आकाश और समुद्री भाग में कई मिसाइलें बिछाई गई हैं।
12	सुग्रीव बोले कि हे राजेन्द्र ! वाली सभी योद्धाओं में अग्रणी है। उसको पराजित करना देवताओं के लिये भी अत्यन्त कठिन है। आप उसे कैसे मार सकते हैं? ॥	सुग्रीव ने कहा-- हे बलवान् राजेन्द्र वाली! आप देवताओं को भी कैसे मारेंगे?॥
1	प्रकाशना	काश
4	जा प्यारे ! पूरी विद्या करके आना।	जाओ प्रिय! पूर्णा विद्या करके चलिये।
4	अभी ही स्कूल चलो ....	अभी ही विद्यालय चलो....
6	किसी के पास टॉर्च नहीं थी।	किसी के पास भी टार्च नहीं था।
2	प्राप्त नहीं किया।	नहीं प्राप्त किया
10	वह गांधीनगर में डिफेंस एक्सपो 2022 को संबोधित कर रहे थे।	वह गांधीनगर में चल रहे डिफेंस एक्सपो 2022 कार्यक्रम को संबोधित कर रहे थे।
5	लकड़हारा लकड़ियां लाता है और उसे फाड़ता है।	लकड\u093Cा खानेवाला लकड\u093Cी खींचता है और काटता है।
7	पत्नी - तो फिर घर के काम में मुझे सहयोग करिये।	पत्नी-तो फिर गृहकार्य में मेरी सहायता करिये।
10	इससे राज्य की प्रतिबिंब को कलंकित कर दिया जाएगा, निवेशक राज्य से दूर रहते हैं।	इससे राज्य का प्रतिबिम्ब कलंकित हो जाएगा, निवेशक राज्य से दूर रहते हैं।
4	दीप्ति बैंगन की सब्जी लाती है।	दीप्ति बैंगन की सब्जी लाती है।
4	स्वयं के मोक्ष के लिए और समाज के कल्याण के लिए।	अपने मोक्ष और जगत् के लिए।
10	व्याकरण एक कठिन विषय है फिर भी उनके व्याख्यान में पतञ्जलिना की शैली संवादात्मक थी।	व्याकरण कठिन विषय है फिर भी उनके व्याख्यान में पतंजलि द्वारा प्रयुक्त शैली संवादात्मक है।
1	अन्याय	अदालत
6	और इस क्षेत्र में महत्वपूर्ण भूमिका निभा रही है।	और इस क्षेत्र में महत्वपूर्ण भूमिका निभाता है।
20	युवाओं के लिए भी सरकार ने प्रस्ताव दिया है कि यदि वे तीन बीघा भूमि देंगे तो सरकार हरमहिने रुपये देगा।	युवाओं के लिए भी सरकार ने प्रस्ताव दिया है कि अगर वे तीन बीघा भूमि देते हैं तो सरकार हर महीने रुपये देगी।
6	मनुष्य को कोई सहायक लेना ही चाहिए।	पुरुष को कोई भी सहायता करनी चाहिए।
4	दीपक आर्य संस्कृत जानता है।	दीपक आर्य संस्कृत जानता है।
12	दक्षिण भारत में भी अपनी सत्ता का विस्तार करने के लिये उसने विशाल सैन्य बल के साथ मलिक काफूर को भेजा।	दक्षिण भारत में भी अपनी सत्ता का विस्तार करने के लिए उन्होंने मलिक-काफुर को विशाल सैन्य बल के साथ भेजा।
7	शिवाजी महाराज ने ही भारत में Maratha राज्य का आधार स्थापित कर दिया।	शिवाजी महाराज ने ही भारत में मराठा साम्राज्य का आधार स्थापित किया।
1	प्रातः काल	जागते हो।
6	तुम आज कब विद्यालय जा रही हो ?	आप आज कब विद्यालय जाती हैं?
4	इसके बाद सोए हुए जटायु ने उस शब्द को सुना।	उस शब्द को सुनकर जटायुरुथ ने उसकी सेवा की।
9	बहुत कालतक सन्ध्योपासन करनेके कारण ही ऋषियोंने दीर्घायु, बुद्धि, यश, कीर्ति ( ख्याति) और ब्रह्मतेजकी प्राप्ति की थी	ऋषियों को दीर्घ और सन्धिपूर्वक दीर्घ और दीर्घ आयु प्राप्त होती है। ज्ञान, यश, कीर्ति और ब्रह्मस्वरूप की प्राप्ति होती है।।
1	कहा जाता है	कहा जाता है
10	मुख्यमंत्री ने कहा कि यह उपक्रम सरकार की प्रतिबद्धता को अत्याधुनिक स्वास्थ्य सेवाएं प्रदान करने के लिए है।	मुख्यमंत्री ने कहा कि यह पहल अत्याधुनिक स्वास्थ्य सेवाएं प्रदान करने के लिए सरकार की प्रतिबद्धता को दर्शाती है।
3	भूतकाल में वाक्य लिखिये	अतीत में वाक्य लिखिये।
9	उसने उन सभी को गाय को पालकर बैठाया और उन्हें कुर्सियाँ दीं।	उन सबको गाय निवेदन करके और बैठने के लिए उन्हें सीटें दीं।
3	मैं भूमि पर गिर गया।	मैं भूमि पर गिर गया।
9	केवल उसका नाम जप करके हम भारतीयों को धन्यता का अनुभव करते हैं।	केवल उसका नाम जप करके हम भारतीय धन्यता का अनुभव करते हैं।
19	मुबारक नए साल की पूर्व संध्या कीसुबह 10 बजे श्री हरिकोटा सतीश धवन बाहरी अंतरिक्ष स्टेशन से प्रक्षेपण पूरा हुआ। 22 मिनट के बाद, उपग्रह को पृथ्वी की सतह से 650 किमी की ऊंचाई पर कक्षा में लाया गया।	श्रीहरिकोटा सतीश धवन ने नई वर्ष की शुभ सुबह 9.10 बजे बाहरी अंतरिक्ष स्टेशन से प्रक्षेपण पूरा कर लिया। उपग्रह को 22 मिनट बाद पृथ्वी की सतह से 650 किमी की ऊंचाई पर कक्षा में ले जाया गया।
4	पट्टा खोलेगा बाद में कहा जाएगा	पट्टा खोलेगा और बाद में बोलेगा।
5	तुम दोनों यहां क्या कर रहे हो ?	तुम सब यहाँ क्या कर रहे हो?
4	सभी डैम जल से भर गए।	सभी डैम पानी से भर गए।
14	तुम संसार की सभी सभाओं में "में सत्यप्रतिज्ञ हूँ", यह कहकर लोगों को धोखा देते हो, अब तुम राम की शपथ करके की हुई प्रतिज्ञा को भी तोड़ रहे हो, अतः तुम्हें नरक में जाना ही पड़ेगा" ॥	मैं सत्य प्रतिज्ञा करने वाला हूँ, इस संसार में सभी सभाओं में भ्रम रहता हूँ, और राम के ऊपर इस प्रकार शपथ लेकर मिथ्या प्रतिज्ञा करने वाला नरक को जाता हूँ।
1	लड्डू	लड्डु
8	इस दिन देवी सरस्वती, कामदेव और विष्णु की पूजा होती है।	इस दिन देवी सरस्वती, कामदेव और विष्णु की पूजा होती है।
12	कृपया वॉट्सएप का संस्कृत क्या होता है यह मत पूछेंगे ।	कृपया वाट्सअप उसका संस्कृत क्या होता है? प्रश्न मत पूछिये।
4	पुण्यपुरुष को हम श्रद्धाञ्जलि देते हैं।	पुण्यपुरुष को हम श्रद्धाञ्जलि देते हैं।
4	वह स्पीकर से गाना सुन रहा है।	वह वक्ता से गीत सुनता है।
6	नीरज -वे दोनों क्या कर रहे हैं ?	नीरज-वे दोनों क्या कर रहे हैं?
7	शास्त्र वेदान्त आदि विषयों में उसने बहुत जाना था ।	उन्होंने शास्त्रवेदान्त आदि विषयों में बहुत कुछ जाना था।
3	हजार पैरों वाले अपने तत्त्व से तुलना करें।	हजारों पैरों वाला धन।
31	कोर्ट ने अफसोस व्यक्त किया और कहा कि दोनों दिवसीय मामले की सुनवाई के बाद कई महत्वपूर्ण प्रश्न पैदा हुए लेकिन आधिकारिक तौर पर कोई भी, वह राज्य सरकार, नगर निगम या एचपी आधारभूत संरचना विकास बैंक होगा, उन्होंने उनके प्रश्नों पर उत्तर नहीं दिया।	कोर्ट ने खेद व्यक्त किया, और कहा कि दो दिनों तक मामले की सुनवाई के बाद कई महत्वपूर्ण प्रश्न उत्पन्न हुए लेकिन आधिकारिक प्रतिवादियों में से कोई भी, वह राज्य सरकार, नगर निगम या एचपी आधारभूत संरचना विकास बैंक है, उनके प्रश्नों का उत्तर नहीं दिया गया।
4	वे दोनों वस्त्रों को रंगते हैं ।	उसके वस्त्र चाँदी के हैं।
8	उस वर्ष देहली-विश्विद्यालय के भौतिक विभाग के अध्यक्ष के रूप में उन्होंने भौतिक विषयों का शिक्षण प्रारम्भ कर दिया।	उस वर्ष दिल्ली-विश्वविद्यालय में भौतिक विभाग के अध्यक्ष के रूप में उन्होंने भौतिक विषय पर अध्यापन शुरू किया।
9	बाज की छाल के चूर्ण से (जल्दी से) बाज की छाल को चूर्ण कर लेना चाहिये । इस चूर्ण को चूर्ण कर देना चाहिये । इस चूर्ण को चूर्ण कर देना चाहिये । इस चूर्ण को चूर्ण कर देना चाहिये । चूर्ण कर देना चाहिये ।	हनुमान की प्रशंसा करने वाले वानरश्रेष्ठ सुषेण ने उससे सारी औषधि लेकर ली।
5	उज्जियिनी किस नगर के पश्चिम दिशा में है?	उज्जैन किस नगर से पश्चिम दिशा में है?
5	क्योंकि जो मानसिक और बुद्धिकी विक्रियाएँ होती हैं, वे संपत्ति की मूल हैं और मानोरंजन में रुचि होती है।	मनो बुद्धि विकारों का अनुसरण करना चाहिए। ये धन और धन के मूल हैं।
7	जगत् में सभी धर्मों कीप्रदायिकता किसी भी रूप में नाम छापने के महत्व का प्रतिपादन करती हैं।	संसार से सभी धर्मों के सम्प्रदाय के किसी भी रूप में नाम जप स्मरण आदि का महत्त्व प्रतिपादित करना चाहिए।
7	पूर्ण वर्ष हजार के अन्त में उन्होंने उसे उसे विधि का रूप धारण किया।	पूरे वर्ष के हजारों के अंत में उसने उस विधि को बनाया।
1	अंडा	अंडा
7	चिकित्सक चिकित्सा करता है रोगी स्वस्थ होता है।	चिकित्सक चिकित्सा करता है, रोगी स्वस्थ होता है।
19	4 सितंबर को विक्रम-अवतार और ज्ञान-और भँवर निद्रा अवस्था में आ गया। दुनिया भर के वैज्ञानिक इनके उदय का इंतजार कर रहे हैं।	4 सितंबर को विक्रम-अवतारक और प्रज्ञान-भ्रमक ने सुप्त अवस्था में प्रवेश किया। दुनिया भर के वैज्ञानिक उनके उदय की प्रतीक्षा कर रहे हैं।
8	यह महात्मा बलसम्पन्न रावण देवों से पराजित नहीं हो पाता है।	यह महात्मा बलवान रावण को सूरों द्वारा भी पराजित नहीं सुना जाता है।
1	लूला	चलना
7	ठीक है आओ। कंगन की दुकान चलते हैं।	ठीक है, आओ। कंगन की दूकान पर चलते हैं।
4	मैं मनुष्यों में सबसे अधिक वर्चस्वी होऊँ।	मैं मनुष्यों में श्रेष्ठ हूँ।
1	कष्ट देना	समझना
6	इस प्रकार प्रार्थना करते हुए धृतराष्ट्र की दृष्टि नष्ट हो गई।	इस प्रकार प्रार्थना करते हुए ही धृतराष्ट्र की दृष्टि नष्ट हो गई।
9	कौए ने कहा ऐसा ही हो। इसके बाद प्रातःकाल वे सब अपने अभीष्ट स्थान को चले गए।	कौए ने कहा-"यह तो है।" इसके बाद सुबह सभी जैसे हमारे देश गए।
4	तीन लड़कियां जा रही हैं।	तीन कन्याएँ जाती हैं।
6	सुहासिनी -ऐसा किसने कहा ?	सुहासिनी-ऐसा किसने कहा?
15	प्रधानमंत्री ने कहा कि विकसित भारत संकल्प यात्रा उन लोगों के प्रति एक सशक्त रूप हैं।	प्रधानमंत्री ने कहा कि विकसित भारत संकल्प यात्रा उन लोगों को प्राप्त करने के लिए एक सशक्त स्वरूप है।
5	आज शाम को वह नारियलपाक बनाएगा।	आज शाम वह नारियलपाक बनाएगा।
19	मनुष्य का स्वाभाविक स्वभाव है कि आत्मदर्शन को तृप्त करने के लिए दूसरों का दर्शन ही सबसे अधिक पसंद आता है, जिसे मनुष्य भी पसंद है, उसका परिणाम भी समय के अनुरूप भोगता है।	मनुष्य का स्वाभाविक स्वभाव जो आत्मदर्शन को त्रिणि करके परदर्शन करना सबसे अधिक पसंद आता है, वह किसी भी व्यक्ति के लिए भी, उसके परिणाम भी यथा समय भोगते हैं।
30	पाणिनि की तिथि लगभग छहवीं सदी ई. पू. और महर्षि गौतम के भी छह सौ वर्ष पहले हैं, महर्षि गौतम बुद्ध से लगभग वर्ष पुराने हैं। वास्तव में महर्षि जैन परंपरा में सबसे प्राचीन तीर्थंकर मानते हैं।	पाणिनि की तिथि लगभग छह शताब्दियाँ ई. सी. और महावीर गौतम बुद्ध की तिथि भी छह शताब्दियाँ पहले है, महावीर बुद्ध से लगभग वर्ष प्राचीन है। वास्तव में जैन परंपरा में महावीर को तीर्थंकर माना जाता है।
4	तुम कल कहाँ जाओगे?	तुम कल कहाँ जाओगे?
5	इसलिए विद्यार्थियों को इस में भाग लेना चाहिए।	इसलिये विद्यार्थियों को इसमें भाग लेना चाहिये।
3	गुणजी भाई बकरी पालक है।	गुणजी भाई बकरी पालक है।
12	क्या अलग है कि चुनाव के रूप में दिखने वाले इस आय व्यय में एक दृष्टि दूराई या दीखती है।	क्या अलग है कि चुनाव के रूप में दिखाई देने वाले इस आय-व्यय में एक दृष्टि दूर की गई है।
3	आप सब चतुर हैं  ।	आप सब चतुर हैं।
29	फिर बड़े-बड़े वीरों से झुककर प्रणाम करते हुए श्रीरामचन्द्रजी से बोले हे वीर ! हे हरीश्वर ! शीघ्र ही तुम लंका में घुसकर ससुग्रीव और लक्ष्मण जी सहित कुशलियों सहित रावण को मार डाल दो।	फिर शैलूपम वीर को प्रणाम करते हुए हनुमान ने श्रीरामचन्द्रजी से कहा हे वीर! हे हरिश्वर! जल्दी से तुम लंका नगरी में प्रवेश करके मैथिली के ससुग्रीव को लक्ष्मण और कुशल रण में रावण को मार डालो।
6	आज भोजन उतना अच्छा नहीं था।	आज भोजन तो ठीक नहीं था।
3	वे युवतियाँ हैं।	वे युवतियाँ हैं।
5	उनका सूत्रवृत्ति पद्मनाभिन द्वारा ही सौपद्मपञ्जिका में लिखी गई।	इस सूत्रवृत्ति को पद्मनावे ने ही सौपदमपंजीका लिखा था।
1	अवर्षण	सूखा
11	संस्कृत शिक्षकों, छात्रों और शिक्षकों के लिए कई भाषा इंजिन तैयार किए गए हैं।	संस्कृत शिक्षकों, छात्रों और शिक्षकों के उपयोग के लिए बहुत से भाषा उपकरण बनाए गए हैं।
8	यह काल निमेषको आदि ले युगपर्यंत चक्रकी भांति परिवर्तमान होता हुवा रहता है इससे कोई इसको कालचक्र कहते हैं ॥	इस प्रकार वह एक मिनट से लेकर एक युग तक चलने वाले कालचक्र से मुक्त हो गये।
9	जब 10 बजता है तब विद्यालय खुलता है।	जब 10 बजे होते हैं तब विद्यालय खुलता है।
7	ऋषियों के आश्रम में जाकर लोग उपासना करते थे।	ऋषियों के आश्रम जाकर लोग उपासना करते थे।
15	और दिव्य शरीर धारण कर साक्षात् ब्रह्मलोक को चले गये। तत्पश्चात् दण्डकारण्य निवासी समस्त मुनिगण श्रीरघुनाथ जी का दर्शन करने के लिए शरभङ्ग मुनि के आश्रम पर आये ॥	तदनन्तर समस्त मुनिगण, दण्डकारण्य में निवास करने वाले और श्रीरघुनाथजी को देखने के लिए शरणागतगण उपस्थित हुए॥
5	नाटक देखकर प्रेक्षक प्रसन्न होते हैं।	नाटक देखकर दर्शक खुश होते हैं।
11	यह कोहली का 35वां जन्मदिन था और इस प्रेमी जोड़े को प्यारी जोड़ी का अनुभव दिया गया।	कल कोहली का 35वां जन्मदिन था, उपासकों को एक मधुर जोड़ी का अनुभव दिया गया।
9	अयोध्या के चौबीस मैक्रोश क्षेत्र में शराब के प्रतिबन्ध की राह साफ है," उन्होंने संतोष का अनुभव किया।	अयोध्या के चतुरशीतिक्रोश क्षेत्र में शराब के प्रतिबंध का रास्ता साफ है डॉ. संतोषौझ ने कहा।
3	कार्तिक मार्गशीर्ष शरद ॥	कार्तिक मार्ग का शीर्ष शरद है।
26	सिक्किम राज्य में विकृत-रितु के कारण भयंकर बर्फबारी और बर्फबारी से रोके गए लगभग आठ सौ यात्रियों को गीदड़ों और बूढ़ों से, महिलाओं और बच्चों के कारण जो पर्यटक उन्नत स्थानों पर रुका हुआ था, वे सेना की तीनशक्ति प्रभाग के सैनिकों द्वारा आकस्मिक अभियान के लिए आगे बढ़ेक्षित किए गए।	सिक्किम राज्य में विकृत मौसम और बर्फबारी से फंसे हुए आठ सौ पर्यटकों को पिनाओं ने अच्छी तरह से देखा, महिलाओं ने, बच्चों ने भी जो पर्यटक ऊंचे स्थानों पर फंसे हुए थे, उन्हें सेना की तीनशक्ति-डिवीजन के सैनिकों ने एक आकस्मिक अभियान के दौरान बचा लिया।
14	वह उन स्त्रियों को अपने घर ले गई और तालाब को दिखाकर उसने कहा कि (तुम) इच्छा के अनुसार जल ले जाओ।	वह उन स्त्रियों को अपने क्षेत्र में ले गई। वहाँ तालाब दिखाकर और कहा कि जो पर्याप्त जल ले जाना है।
6	आज हम भारत की स्वाधीनता का उत्सव मना रहे हैं ।	आज हम भारत की स्वाधीनता का उत्सव मनाते हैं।
8	हिमाचल में 68 सदस्यीय विधानसभा है। राज्य में व्यवहार कानून प्रचलन में आ गया है.	हिमाचल प्रदेश में 68 सदस्यीय विधानसभा है। राज्य में व्यवहार नियम प्रचलन में आ गया है।
7	मन्त्रियों ने हर्षवर्धन और जगत सिंहनगी का स्वागत किया।	दोनों मंत्रियों हर्षवर्धन और जगत सिंह नेगी ने स्वागत किया।
1	शर्ट	शर्ट
6	रविन्द्र जडेजा अक्षर पटेल दौड़ने की इच्छा से बाधित थे।	रविन्द्र जडेजा और अक्षर पटेल रन बनाने में बाधा डालते हैं।
4	मैं मूंग का हलुआ पकाऊंगी।	मैं मूँगों का हलुआ पकाता हूँ।
1	गायब	खतरनाक
9	हरिद्वार''उन्होंने निर्देश दिया कि उन्हें समर्थन पाने का प्रयास करना चाहिए।	हरिद्वारम् "उन्होंने निर्देश दिया कि इसे समर्थन पाने के प्रयास करने चाहिए।
1	हे द्वारपाल	द्वारपाल
2	स्पर्श करना	स्पर्श करना
7	धन से नष्ट हुए व्यक्ति का कुछ भी नष्ट नहीं हुआ किन्तु यदि चरित्र नष्ट हुआ तो वह मरे हुए के समान है।	धन की कमी से थका हुआ वह व्यक्ति मारा गया।
6	उस वर्ष उन्होंने स्वराज नीति की यात्रा शुरू की।	उस वर्ष उन्होंने स्वराजनीतिक यात्रा शुरू की।
3	कैसे कर रहे हैं ?	कैसे करते हैं?
9	उन्नत और पुष्ट कन्धोंपर लटकते हुए कुण्डल तथा अलकोंसे जिनकी सदृश (उन्नत) ग्रीवा मनोहर मालूम होती है जो अपने मुखकी शोभासे निर्मल पूर्णचन्द्रविम्ब तथा श्वेत कमलको कान्तिको तिरस्कृत कर रहे हैं हुए सुन्दर पद्मके समान जिनके मनोहर नेत्र हैं; विलासमयी भौंहें हैं, अमल अधर हैं, मधुर मुसकान है, कोमल कपोल, ऊँची नासिका और भालदेशमें लटकी हुई अलकें हैं [ ऐसे आपको मैं कब आनन्दित करूंगा ? ]	उदग्रपीणोंकी विलम्ब, कुण्डल, लालकवल्ली, बन्धुका, कुम्बुकन्धुर, मुखको आश्रय देनेवाली, निर्मल, मुरझाये हुए अङ्गोंकी नोकोंको ढकनेवाली, नेत्रोंकी जोर-जोरसे आश्रय लेनेवाली, प्रकाशमय, नेत्रोंकी तीक्ष्णता, स्वचलनकी तीक्ष्णता, मूंझमें चमकती हुई, कोमल और गन्दे मुखवाली और ललाटके समान विलम्बसे व्याकुल मुखवाली।।
8	स्त्रियों और बच्चों के सुरक्षा के लिए कई प्रावधान किए गए हैं।	महिलाओं और बच्चों की सुरक्षा के लिए कई प्रावधान किये गये हैं।
11	सामाजिकन्याय का विश्व दिवस महत्त्वपूर्ण है क्योंकि यह सबके लिए सामाजिक न्याय का महत्व प्रकाशना करता है।	सामाजिक न्याय का विश्व दिवस महत्वपूर्ण है क्योंकि यह सभी के लिए सामाजिक न्याय का महत्व प्रकाशना देता है।
3	निर्देश के अनुसार परिवर्तन करो	निर्देशानुसार परिवर्तन करिये।
8	प्रकृति में स्थित पुरुष प्रकृति से उत्पन्न गुणों को भोगता है। इन गुणों का संग ही इस पुरुष (जीव) के शुभ और अशुभ योनियों में जन्म लेने का कारण है।।	मनुष्य प्रकृति में स्थित होकर भी प्रकृति के गुणों को भोगता है। इसके कारण गुणों की संगति होती है और सभ्यों के द्वारा उत्पन्न होती है।।
3	हाथ से ही धोता हूँ ।	हाथ से ही धोता हूँ।
8	मैं पहले समझता था कि मैं ही शक्तिशाली हूँ।	मैं पहले मानता था कि मैं ही शक्तिशाली हूँ।
4	रामजीवन पोते को खेत ले जाता है।	रामजीवन पोते को खेत ले जाता है।
7	उन्होंने इस मौके पर सभी नागरिकों को आजादी और अन्य शुभकामनाएं भी दीं।	इस अवसर पर सभी नागरिकों को स्वतन्त्रता दिवस की प्रशंसा भी उन्होंने की।
4	मेरे घर में शान्ति चाहती हूँ।	मेरे घर में शान्ति चाहता हूँ।
3	कौन पढ़ाती है ?	कौन पढ़ाती है?
4	इसलिए वह बहुत बड़बड़ाया ।	इसलिये उसने बहुत जलाया।
9	प्रसारित तस्वीरों से पता चलता है कि चक्रवात के कारण भारी वाहन भी घरों के ऊपर गिर गए	चक्रवात के कारण भारी वाहनों को भी हमलों के ऊपर फेंका गया प्रतीत होता है।
3	आप जल्दी से आईये।	आप जल्दी आओ।
27	नियुक्ति की प्रतीक्षा कर रहे आईपीएस अधिकारी Sach हिरेमथ एसएडीपीओ बड़सर, हमीरपुर, तिरूमालाराजू एसडी वर्मा एसडी रामपुर, शिवानी मेहता अतिरिक्तलिसाधीक्षक, चम्बा और अदिति सिंह एसडीपीओ पांता साहब नियुक्त हैं।	आईपीएस अधिकारी सचिन हीरामथ एसएडीपीओ बड़सराम हमीरपुर, तिरुमलराजू एसडी वर्मा एसडीपीओ रामपुर, शिवानी मेहता अतिरिक्त पुलिस अधिकारी चम्बा और अदिति सिंह एसडीपीओ पांवटा साहब नियुक्त हैं।
8	भारत नेज़ल एंटीवायरल दवा वितरित करने वाला पहला देश है।	भारत पहली बार नाक से दी जाने वाली कोविड-19 एंटीवायरल दवा का वितरण कर रहा है।
6	सुधा - हाँ मैं अशुद्ध बोली ।	सुधा-हाँ मैंने अशुद्ध कहा।
12	जैसे लौकिक वेदिकों में धर्म के नियम हैं, वैसे ही संसार में अर्थप्रयुक्त शब्द के प्रयोग में व्याकरण शास्त्र के द्वारा धर्म का नियम किया जाता है।	जैसे लौकिक वैदिकों में धर्म के नियम हैं वैसे ही लोक से अर्थ के प्रयोग में शब्दप्रयोग में व्याकरणशास्त्र द्वारा धर्म का नियम किया जाता है।
1	आंगन	आँगन
15	उपाध्यक्ष जगदीप-धनखड़े के एक सामाजिक-इंटरनेट-सन्देश-माध्यम से यह घोषणा की गई थी कि प्रधानमंत्री ने टेलीफोन-माध्यम से सांसदों के अभद्र व्यवहार पर दुःख व्यक्त किया।	उपराष्ट्रपति जगदीप धनखड़े ने एक सामाजिक-इंटरनेट-संदेश-माध्यम से घोषणा की कि प्रधानमंत्री ने फोन-माध्यम से सांसदों के अभद्र व्यवहार पर दुःख व्यक्त किया है।
2	वह  कौन है?	वह कौन है?
4	दोनों पुत्र धन भेजते हैं।	दो पुत्र धन भेजते हैं।
8	कभी भी भारत की संस्कृति का नाश नहीं होगा।	कभी भी भारत की संस्कृति नष्ट नहीं होगी।
6	वे सब खेलने के लिए मैदान में गए ।	वे सभी खेलने के लिए मैदान में गए।
14	जैसे अनेक लता, वृक्ष, घास, औषधि आदि से भरे हुए, पशुपक्षी पूर्ण, भयङ्करवन में हाथी इत्यादि बलवान् पशु विचरण करते हैं, किंतु शेर फिर भी स्वतः सिद्ध सम्राट होता है ।	जो भयङ्कर वन में पशुओं के निक्षेपों से परिपूर्ण हैं, अनेक प्रकार के पशुओं के सर्पों से सुशोभित हैं, हाथी आदि भी विचरण कर रहे हैं, वे बलधिराज और शेर भी स्वयं ही सम्राट हैं।
10	हे प्रभो! देवों ने कहा कि उसका विनाशकाल आज है।	हे भगवन्! सूरों ने उसका जो विनाश का समय कहा है वह आज है।
3	वस्त्र निर्माण किससे होता है?	किसके द्वारा वस्त्र बनवाया जाता है?
6	ब्रह्मपुत्र नदी असम राज्य की जीवनरेखा है, या भाग्यरेखा ही।	ब्रह्मपुत्र नदी असम राज्य की जीवनरेखा है, या भाग्यरेखा है।
4	तुम्हारे दोनों कान पकड़ो।	तुम्हारे दोनों कान पकड़िये।
15	युधिष्ठिर ने कहा कि मैं''कङ्क''इस नाम को लेकर ब्राह्मणवेष के साथ राजा विराट के प्रासाद में आऊँगा।	युधिष्ठिर ने कहा कि मैं'कंका'नाम लेकर राजा विराट के महल में शरण लूंगा।
7	माता – पिता के पैर छुए ?	माता-पिता के चरण छुए क्या?
1	अस्सी हजार	अस्सी हजार
2	वह बन्दर है।	वह बन्दर है।
9	नौ सौ वर्ष पहले लिखी यह पुस्तक काश्मीर का इतिहास बताती है।	नौ सौ वर्ष पहले लिखी यह पुस्तक कश्मीर का इतिहास दिखाती है।
1	आरामदायक	आराम
10	किसी आदरणीय व्यक्ति के प्रति शून्य हृदय शकुन्तला ने अपराध कर दिया। (सामने देखकर) और किसी साधारण व्यक्ति के प्रति नहीं।	किसी भी पूजा के योग्य होने पर पर पूज्य और शून्य हृदय वाली (पूर्व में देखकर) शकुंतला वास्तव में इसमें से कुछ भी नहीं है।
6	उसके बारे में मैं कुछ नहीं बोलूँगा।	उसके बारे में मैं कुछ नहीं बोलता हूँ।
3	वृक्ष से अनेक पत्ते गिरते हैं।	वृक्ष से पत्ते गिरते हैं।
9	श्रीराम के द्वारा क्षिप्ता वह शक्ति रावण के उस शूल में प्राप्त हुई।	श्रीराम के द्वारा फेंका गया वह बल रावण के उस शूल में गिर गया।
11	पर्यावरण और पर्यावरण के परिवर्तन के क्षेत्र में शोध विकास परियोजनाओं के लिए विभिन्न संस्थानों को धन दिया गया है।	पर्यावरण और जलवायु परिवर्तन के क्षेत्र में अनुसंधान विकास योजनाओं के लिए विभिन्न संस्थानों को धन दिया गया है।
5	संस्कृत में ही अर्जुन को उपदेश दिया।	संस्कृत में ही अर्जुन को उपदेश दिया।
1	अध्ययन	पढ़ा
5	शायद चालक का अभ्यास होगा ।	शायद चालक का अभ्यास हो।
10	जब वह यहाँ आया तब कुछ दिनों में प्राकृतिक आपदा थी।	जब वह यहाँ आया तब कुछ दिनों में स्वाभाविक आपदा थी।
7	यह वन्य जीव वैज्ञानिक डू का विषय हैयीशु का भी मतलब है.	यह विषय वन्यजीव वैज्ञानिक डॉ. ईसा भी संबोधित करते हैं।
21	उपवेश के अवसर पर दोनों नेता आर्थिक सहयोग, ऊर्जा की खरीद में, सैन्य तकनीकी-उन्होंने सहयोग के विषय में लोगों की आना-जाना आदि प्रगति पर अगले चार वर्षों के लिए एक संधि पत्र पर हस्ताक्षर किए।	उपवेशन अवधि के दौरान दोनों नेताओं ने आर्थिक सहयोग में, ऊर्जा व्यापार में, सैन्य प्रौद्योगिकी-उन्होंने सहयोग के बारे में लोगों के आने की प्रगति और विषयों पर अगले चार वर्षों के लिए एक सहमति पत्र पर हस्ताक्षर किए।
16	यह उत्तराधिकारी भाजपा के प्रदेश अध्यक्ष डॉ. राजीवबिन्दुल हैं, मुख्य वक्ता रणधीर शर्मा और पार्टी के प्रत्याशी हर्षाग्नि ने अलग-अलग रूप में प्रदान किया।	यह उपलबन्ध भाजपा के प्रदेश अध्यक्ष डॉ. राजीवबिंदल, मुख्य प्रवक्ता रणधीर शर्मा और पार्टी के उम्मीदवार हर्ष महाजन द्वारा अलग-अलग रूप में प्रदान किया गया।
9	केंद्रीय मंत्री द्वारा प्रभावित लोगों को कल्याण और सुरक्षा के लिए प्रार्थना की गई है।	केंद्रीय मंत्री ने प्रभावित लोगों की कल्याण और सुरक्षा के लिए प्रार्थना की।
8	इस प्रकार से उदर रोगी का विरेचन द्वारा शोवन होने पर जागल मास रस के साथ अन्न देना चाहिये । इसके आगे शेप दोष की शान्ति के लिये योगों को कहते है ॥	जङ्गल और प्रतिभोजियों के द्वारा क्रम से जल पिलाना बन्द कर दिया जाता है। शेष दु: ख को निवृत्तिके लिये योग में देखना चाहिये।
3	होली जल गई।	होली जल गई।
11	इस दुर्घटना में 29 श्रमिक मारे गए हैं, जिन्हें चिकित्सा विभिन्न चिकित्सालयों में की जाती है।	इस दुर्घटना में 29 श्रमिक घायल हो गए हैं, जिनका विभिन्न अस्पतालों में इलाज किया जा रहा है।
1	अनेक राम	राम
9	केवल पुस्तकें ही नहीं अपितु पेन , कॉपी भी दूँगा।	न केवल पुस्तकें अपितु पेन, भाष्य पुस्तकें भी दूँगा।
15	वैद्यों को सख्त सचेतक दिया गया था कि ऐसी परीक्षा करने के खिलाफ अभियोजन होगा।	डॉक्टरों को दृढ़ चेतावनी दी गई है कि ऐसी परीक्षा कराने वालों के खिलाफ मुकदमा होगा और कहा गया है।
27	जब अहंभाव टूटता है, और सेवा भाव विकसित होता है, तब अवसाद आदि की तादात्म्य समाप्त होती है, कुण्ठाबोध भी समाप्त हो जाता है, तब जीवनदायक-मूल्यों का प्रतिष्ठन होता है, इस प्रकार जीवन में''सत्य, शिव और सुन्दर'इस भाव का उदय होता है।	जब अहंभाव शिथिल हो जाता है, इस प्रकार सेवाभाव विकसित हो जाता है तब अवसाद आदि निषेधात्मक तत्त्व, और कुन्थबोध समाप्त हो जाता है, तब जीवन देने वाले मूल्यों की प्रतिष्ठा होती है, इस प्रकार जीवन में "सत्य शिव सुन्दर है" इस भाव का उदय होता है।
1	सब जानते हुए भी	सभी विद्वानों को
1	लुटेरा	चूहा
5	जिनके मध्य विश्वास है, उनके साथ ही मित्रता होती है।	विश्वास ही उन दोनों के बीच में मित्रता है।
1	शरीर में शत्रु	शरीर में
4	मनु जी ने सभी को धर्म का उपदेश किया।	मनु ने सबको धर्म का उपदेश किया।
26	राम के वचन को सुनकर राजा दशरथ ने ऐसा ही कहकर लक्ष्मण को पुनः वचन दिया हे धर्म ज्ञाता! राम में प्रसन्न हो जाओ, तुम धर्म, विशाल यश, स्वर्ग और उत्तम और महिमा प्राप्त करोगे।	राम के वचन को सुनकर राजा दशरथ ने लक्ष्मण को यह कहकर फिर से कहा हे धर्म ज्ञाता! राम में प्रसन्न होकर तुम धर्म, विपुल यश, स्वर्ग और उत्तम महिमा को प्राप्त करोगे।
5	संस्कृत कार्यकर्ता भी उत्साह से कार्यरत हैं।	संस्कृत कार्यकर्ता भी उत्साह से कार्यरत हैं।
3	क्या वह खेल रहा है?	क्या वह खेलता है?
3	तुम नीचे जाओ।	तुम नीचे जाओ।
7	मेरे पढ़ने योग्य यह पुस्तक ।	मुझे या मेरी यह पुस्तक पढ़नी चाहिये।
6	रास्ते की संचय-दल में चवालीसत्तर और वायु के योद्धार भागों को जीत लिया जाता है।	मार्ग-संचरण-दल में चौबीस उत्तर वायु योद्धा भाग लेंगे।
6	यह पहली बार है जब इतने भारी उपग्रह लॉन्च किए गए हैं।	यह पहली बार है जब इतने से अधिक भार वाले उपग्रहों को प्रक्षेपित किया गया है।
3	यह विद्वानो का वचन हैं।	यह विद्वानों का वचन है।
6	इस प्रकार उनके दसों वर्ष बीते।	इस प्रकार उसके दस हजार वर्ष बीत गए।
1	समस्त विद्याओं का	सभी विद्याओं का
6	बहरा कौन है? जो कल्याणकारी बातें नहीं सुनता हैं।	कौन बधिर है? जो हित नहीं सुनता है।
3	पाप कर्मों से नरक को प्राप्त करता है।	पाप पापलोक को जाता है।
20	वह यह समझता है कि आपकी मदद से वह विजयी होगा, परन्तु सकृष्ण अर्जुन से यहाँ कोई जीत नहीं हो सकती।	वह यह समझता है कि तुम्हारी सहायता से वह विजयी होगा, लेकिन सकृष्ण अर्जुन से विजय यहाँ नहीं हो सकती है इसलिये तुम दुर्योधन को उपदेश दो।
1	कहाँ	कहाँ
7	विविध विद्यालयों के छात्र भी वहाँ बैठे थे।	विभिन्न विद्यालयों के छात्र भी वहाँ बैठे थे।
10	अब राज्य सरकार ने मनरेगा के श्रमिकों और परिवारों का, लोगों का एक प्रतिशत से अधिक चयन किया है, सड़कों केक्रेताओं का, एकलम्पटों का भी चयन किया है।	अब राज्य सरकार ने मनरेगा श्रमिकों के परिवारों, एक सौ से अधिक दिव्यांग लोगों, सड़क विक्रेताओं और एकल महिलाओं का चयन किया है।
13	इस अवसर पर कार्यक्रमाध्यक्ष मालविका पठानिया ने कहा किGeneralजोरावर सिंह हिमाचल प्रदेश के निवासी थे, उन्होंने दूरदराज मंदिर क्षेत्र में अपना प्रभाव स्थापित कर दिया।	इस अवसर पर कार्यक्रम के माध्यम से मालविका पाठक ने कहा कि जनरल जोरावर सिंह हिमाचल प्रदेश के निवासी थे, उन्होंने सुदूर हिमालय क्षेत्र में अपना प्रभाव स्थापित किया।
3	वह मिसाइल मैन थे ।	वह मिसाइल-मर्द था।
8	यह ऊर्जा सम्मेलन भारत के एक ही तरह का सब जगह है-ऊर्जा प्रदर्शनी एक महान सम्मेलन है।	यह ऊर्जा सम्मेलन भारत में एक ही है और सभी जगह-ऊर्जा प्रदर्शनी एक महान सम्मेलन है।
16	विपक्षी नेता राममन्दिर के उद्घाटन के लिए निमंत्रण प्राप्त नहीं हुआ, उन्होंने कहा कि सभी लोगों के लिए आमंत्रण पत्र भेजे गए हैं।	विपक्षी नेताओं ने कहा कि उन्हें राम मंदिर खोलने के लिए निमंत्रण नहीं मिला है, उन्होंने कहा कि निमंत्रण समिति ने सभी लोगों को निमंत्रण पत्र भेजे हैं।
6	बचपन से ही वो स्वतंत्रता आंदोलन में हिस्सा लेते थे।	बचपन से ही वे स्वतन्त्रता आन्दोलन में भाग ले रहे थे।
6	पूरे संसार में लोग पर्यावरण दिवस उत्सव का आयोजन कर रहे हैं।	पूरे विश्व में लोग पर्यावरण दिवस उत्सव के आयोजन में लगे हुए हैं।
1	पहरेदार	यमराज
10	यदि आप धन दिलाते तो सुरेश विषय नहीं बताता ।	यदि आप धन देते तो सुरेश विषय नहीं बोलता।
1	हो सके।	नहीं है
3	वह वृद्ध है ।	वह बूढ़ा है।
10	यह स्वच्छता अभियान भगवान श्रीराम के अयोध्या में प्राणों की उन्नति का एक शुभावसर होगा	यह स्वच्छता अभियान भगवान श्रीराम के अयोध्या में प्राण-प्रतिष्ठा के शुभ अवसर तक चलेगा।
9	उन्हें परसंस्कृति बहुत पसंद है, न स्वसंस्कृति ।	कारण उनके लिए परसंस्कृति अधिक पसंद है या अपनी संस्कृति नहीं।
9	इन पांच तत्वों की अनुपात से मानव शरीर का स्वास्थ्य निर्भर करता है।	इन पाँच तत्वों के अनुपात से मानव शरीर का स्वास्थ्य निर्भर है।
11	प्राणों कीप्रतिष्ठा के दिन भी तेजप्रताप ने फेसबुक में स्थापित किया था कि राम सबके मन में हैं।	प्राणों कीप्रतिष्ठा के दिन भी तेज प्रताप ने फेसबुक के बीच में रख दिया था कि राम सबके मन में हैं।
6	खेत में पानी, भूमि और ऊर्वर की आवश्यकता होती है।	कृषि क्षेत्र में जल और भूमि की आवश्यकता होती है।
3	विविध व्यंजन मिलते हैं।	विविध व्यञ्जन उपलब्ध हैं।
1	बहुत जगह	पुरुष
1	समाजवाद	समाजशास्त्र
8	वह बोली – पुत्र ! पानी ठंडा है।	वह बोली-बेटा! पानी ठंडा है।
11	धर्म का जो महान् तत्त्व है, वह इनके जीवन में देखा जाता है और जीवन्ततारूपी हवाओं का सङ्गीत यहां पगपग पर गूंज रहा है।	धर्म का जो महत्व है, वह जीवन में देखा जाता है। जीवों की वायुओं का संगीत यहाँ-वहाँ घूमता रहता है।
9	वहां तुम्हारा निवास निर्दोष है, वहाँ किसी का बाध नहीं है।	वहाँ तुम्हारा निवास निर्दोष है, वहाँ किसी का अवरोध नहीं है।
6	A.C. बस मुझे आरक्षण नहीं मिला ।	एयर कंडीशनर बस में आरक्षण नहीं मिला।
3	ये दरवाजे हैं	ये सब वाहन हैं।
7	हमारे गाँव आना, मैं तम्‍हें झरना दिखाऊँगी	मेरे गाँव आओ, मैं तुम्हें झरने दिखाऊँगा।
8	उस वर्ष देहली-विश्विद्यालय के भौतिक विभाग के अध्यक्ष के रूप में उन्होंने भौतिक विषयों का शिक्षण प्रारम्भ कर दिया।	उस वर्ष दिल्ली-विश्वविद्यालय में भौतिक विभाग के अध्यक्ष के रूप में उन्होंने भौतिक विषय पर अध्यापन शुरू किया।
5	पूर्णिमा का चाँद चमकदार होता है ।	पूर्णिमा का चन्द्रमा कान्तिमय होता है।
8	दोनों सखियाँ पिता जी, शकुन्तला के नहीं रहने पर सूने तपोवन में कैसे प्रवेश करें ।	तुम्हारे पिता जी! तुम शकुंतला से रहित शून्य के समान तपोवन में कैसे प्रवेश करोगे?
1	सूखे पत्तों की आवाज	मर्मर
9	इसके लिए एक सौ पचास रुपये काले रंग की चप्पल का मूल्य कम है।	इसके लिए 150 रुपये। काले रंग के पैरों की सुरक्षा की कीमत कम है।
8	मंगलवार को मुख्यमंत्री अखिलेश जी पाठक के बारे में नाराज हुए।	मंगलवार को मुख्यमंत्री अखिलेश केके पाठक के बारे में क्रोधित हुए।
3	कन्याओं को भेंट देते हैं।	बालिकाओं को पारितोषिक देते हैं।
10	समस्त योगियों में जो भी श्रद्धावान् योगी मुझ में युक्त हुये अन्तरात्मा से (अर्थात् एकत्व भाव से मुझे भजता है, वह मुझे युक्ततम (सर्वश्रेष्ठ) मान्य है।।	जो योगी (योगी) मेरे अन्तःकरण में आने वाले सभी लोगों का भी अन्तर्यामी है, वह मुझे श्रद्धा से मुक्त करता है, वह मेरा सबसे उपयुक्त मत है।।
1	देखा।	देखा
11	पञ्च-पत्रिका के संपादक डाॅहयात सिंह अल्मोडा ने कहा कि बड़थ्वाल उत्तराखंड का गौरव है।	पहरु-पत्रिका के संपादक डॉ. हयात सिंह अलमोदा ने कहा कि बड़थवाल उत्तराखंड का गौरव है।
10	इस बारे में सुलह के विधायक विपिन सिंह परमार ने प्रश्न किया।	इस विषय पर पहला प्रश्न सुलह के विधायक विपिन सिंह परमार ने पूछा।
5	इस वृ्त को किसालिये काटता है ?	इस बालक को क्यों नमन कर रहे हो?
9	हे पुत्र सुति! स्वप्न के लोक में प्रस्थान करने के लिए चल पड़ो। तालाब में, तुम गीता को सुती के लिए गाता हूँ।	स्वप्नलोक में जाने के लिए पुत्र! तपक में जाओ, पुत्र को गीत सुनाता हूँ।
18	भारत में रहने वाला दस वर्ष की आयु का हर व्यक्ति इस योजना में भाग ले सकता है। वित्तीय खाते में जीरो बैलेंस की सुविधा भी होती है. यह प्रतिभागियों को दुर्घटना सुरक्षा भी प्रदान करता है।	भारत में रहने वाले दस वर्ष की आयु के सभी लोग इस योजना में भाग ले सकते हैं। वित्तीय खाते में शून्य शेषराशि भी है। भाग लेने वालों को दुर्घटना सुरक्षा भी मिलती है।
7	इस समय मकरसंक्रांति पर्व जनवरी को मनाया जाता है।	इस समय मकरसंक्रांति पर्व जनवरी को मनाया जाता है।
31	जिलाधिकारी मंडी अरिंदम चतुर्थी मंडी जिले के कुछ समतल क्षेत्रों में घनी सुबह-नीहार के कारण बालकों की स्वास्थ्य की सुरक्षा पर ध्यान देकर बल, पानी, उतने ही शिक्षाखंड के सभी निजी और सर्कारिक स्कूलों की समयसूची बदल दी। जिसके तहत इन शिक्षाखंडों के सभी निजी हैं-	जिला दंड अधिकारी मंडी अरिन्दम चतुर्थी मंडी जिले के कुछ समतल क्षेत्रों में सघन प्रभात-नीहार के कारण बच्चों के स्वास्थ्य सुरक्षा पर ध्यान देकर बल्ह, सलवाहन, आउट शिक्षा खंड के सभी निजी और सरकारी स्कूलों की समयसूची बदल दी गई है। इसके तहत इन शैक्षणिक खंडों के सभी निजी -
4	मुझे प्रातः घुमना अच्छा लगता है |	मुझे सुबह घूमना पसंद है।
5	अब उसने ईश उपासना छोड़ दी है	अब उसने ईश के उपासकों को छोड़ दिया है।
7	पांडव लोमाश ऋषि के साथ तीर्थों के दर्शन के लिए चल पड़े।	लोमाश ऋषि के साथ पाण्डव तीर्थों को देखने के लिए निकले।
4	पक्षिओं का ध्वनि मधुर हैं।	बाघों का स्वर मधुर है।
4	वह वहाँ कल जाएगा।	वह वहाँ कल जाएगा।
32	यदि मनुष्य में लोभ है तो उसे किसी अन्य बुराई की आवश्यकता नहीं। यदि व्यक्ति चुगलखोर है तो इससे बढ़कर और क्या पाप हो सकता है? यदि उसके जीवन में सत्यवादिता, सत्याचरण आदि गुण है तो उसे तप करने की क्या आवश्यकता है? यदि मनुष्य का मन पवित्र है तो विभिन्न तीर्थों पर जाकर वहां स्नान करने से क्या लाभ? यदि मनुष्य में प्रेम है तो उसे अन्य गुणों की क्या आवश्यकता है? यदि संसार में उसका यश फैल रहा है तो उसे अन्य किसी आभूषण की क्या आवश्यकता है? अर्थात उसे अपने शरीर को सजाने के लिए आभूषण की आवश्यकता नहीं है, यदि उसके पास उत्तम विद्या है तो उसे किसी अन्य धन की क्या आवश्यकता है और यदि उसका अपयश फैल रहा है तो उसे मृत्यु से क्या लेना- देना? वह जीते जी मृत के समान है।	लोभ, द्वेष, द्वेष, द्वेष, द्वेष, द्वेष, द्वेष, द्वेष, द्वेष, द्वेष, द्वेष, द्वेष, द्वेष, द्वेष, द्वेष, द्वेष, द्वेष, द्वेष, द्वेष, द्वेष, द्वेष, द्वेष, द्वेष, द्वेष, द्वेष, द्वेष, द्वेष, द्वेष, द्वेष, द्वेष, द्वेष, द्वेष, द्वेष, द्वेष, द्वेष, द्वेष और द्वेष।
1	एक उपलब्ध हो जाता है	प्रसन्न होता है।
17	आयोग के प्रवर्तमान अध्यक्ष अरुणहलधर परसों नई दिल्ली में अपने भाषण में कहा कि राज्य में अट्ठाईस से तीन सौ अनुच्छेदों के तहत राष्ट्रपति को नियुक्त किया जाना चाहिए।	आयोग के मौजूदा अध्यक्ष अरुणहलधर परसो ने नई दिल्ली में संवाददाताओं से कहा कि अनुसूचित जातियों के अधिकारों की रक्षा के लिए राज्य में अट्ठाईस से अधिक तीन सौ अनुच्छेद के तहत राष्ट्रपति शासन नियुक्त किया जाना चाहिए।
7	हिन्दी कवि मुंशी प्रेमचन्द ने साहित्य को "जीवन की आलोचना" कहा है।	हिन्दी कवि मुन्शी प्रेमचंद ने साहित्य को "जीवन की आलोचना" कहा।
6	भारत का यह तत्वपूर्ण नाम है।	भारत यह तत्त्वपूर्ण नाम है।
4	हाथों, और पावोंमें चंद्रमंडलके समान गोल छेद करे तथा गुदा और लिंगमें शस्त्र लगाने की आवश्यकता हो तो बुद्धिमान् वैद्य अर्द्धचंद्राकृति छेद करे ।।	जो चन्द्रमण्डल के कटिबद्ध भागों को पानी के पात्रों में ले जाए
18	एक समाजिक इंटरनेट-प्रधानमंत्री ने संदेश में कहा कि विजयकांत तमिल फिल्म जगत के अग्रगण्य थे और उनके आकर्षक अभिनय से लक्षस लोगों के हृदय में बिठा गया है।	एक सामाजिक इंटरनेट-संदेश में प्रधानमंत्री ने कहा कि विजयकांत तमिल फिल्म जगत के अग्रणी थे और उनके आकर्षक अभिनय से लाखों लोगों का हृदय जीत गया।
6	अहिंसक आंदोलन तो लोगों को मार रहा था।	अहिंसक आन्दोलन लोगों को मार रहा था।
16	डॉ. रजनी वीजी, सचिव, डॉ. गोविन्द सरकार, महोदया, संगठन द्वारा कही गयी सूचना पर गौर किया गया सार है.	उक्त सूचना संगोष्ठी के संयोजक डॉ. रजनी वीजी, सचिव डॉ. गोविन्द सरकार और श्री निर्गम हैं।
1	मतैक्य	एकमत
15	अजय जब लगातार फिल्म की शूटिंग करता है तब इस वर्ष उनके वीडियो भी लगातार प्रदर्शित होंगे।	अजय जब लगातार फिल्म का शूटिंग करता है तब इस वर्ष उसकी फिल्में भी लगातार प्रदर्शित होंगी।
3	वृक्ष से फल गिरते हैं।	वृक्ष से फल गिरते हैं।
5	प्रात: वेला का तुम सदुपयोग कर रहे हो।	तुम प्रातःकाल का उपयोग करते हो।
10	डॉ. मेघनाद के कथन से दौलतसिंह जी अर्नेस्ट रदरफोर्ड महोदय के पास गए थे।	डॉ. मेघनाद के कथन से दौलतसिंह अर्नेस्ट रदरफोर्ड-महोदय के पास गया था।
13	डेविड – हाँ, क्यों नहीं, ध्वज के ऊपर स्थित केसरी रंग त्याग व उत्साह का सूचक है।	डेविड-हाँ! कैसे नहीं? ध्वज के ऊपर स्थित केसर रंग त्याग और उत्साह का सूचक है।
6	उनके पास में ध्रुव तारा है ।	उनके पास ध्रुव तारा है।
1	मटर	वृक्ष
15	आगामि समय में उत्तराखंड के साथ हिमाचल प्रदेश में नलिका- प्राकृतिक हवाओं अर्थात पाइपड नेचुरल गैस की सुविधा प्रदान करने के लिए रास्ता प्रशस्त है।	आने वाले समय में उना जिले के साथ हिमाचल प्रदेश में पाइप-प्राकृतिक वायु अर्थात् पाइप्ड प्राकृतिक गैस सुविधा प्रदान करने का रास्ता प्रशस्त है।
6	इस योजना का तीसरा चरण भी आएगा।	इस योजना का तीसरा चरण भी आएगा।
10	इसके बाद उस धन के साथ दो हजार से अधिक छह हजार काम शुरू हुए।	और चाने के कोष से छह से अधिक-दो हजार-उस वर्ष कार्यजन्य शुरू हुआ था।
11	विश्व की उत्पत्ति, स्थिति और प्रलय आदि के कारण माया के आश्रित होकर भी मायायीत, अचिन्त्यमूर्ति, आनन्दघन, उपाधिकृत दोषों से रहित, स्वयं प्रकाश स्वरूप, तत्त्वविद्, श्रीसीतापति रामचन्द्र जी को मैं नमस्कार करता हूँ॥	हे सीतापति! विश्व के उद्भव और अस्तित्त्व आदि के कारण एक ही माया का आश्रय, अतीतकाल की इस चिन्तनीय मूर्ति को मैं नमस्कार करता हूँ, जो आनन्द और सान्द्रता से परिपूर्ण अपनी बुद्धि का रूप धारण करती है, वह ज्ञात तत्त्व है॥
4	नौकर गाँव से आता है।	वैद्य शहर से आता है।
15	इस तरह से लोग अब विभिन्न दृष्टिकोणों, समय घटनाओं और उनके कार्यक्रमों के विचारों को सुनने में समर्थ हैं।	इस प्रकार से लोग अब विभिन्न दृष्टिकोण से उन घटनाओं और उनके कार्यक्रमों के विचारों को समझने में सक्षम हैं।
4	गैस चूल्हा उसे पसन्द नहीं है।	गैस की चूल्हा उसे पसंद नहीं है।
11	जो दोष वर्षा हेमंत और ग्रीष्ममें संचय होतेहैं तथा जो शरद् और वसंत और प्राइम कोप करें (मनुष्यों को) उनकी शांतिका यत्न करना चाहिये ॥	वहाँ वर्षा, हेमन्त और ग्रीष्म ऋतु में संचित दोषों का शरद ऋतु में नाश करना चाहिए।
6	आठ मिनट की निरीक्षण उड़ान के बाद, विमान सुरक्षित रूप से नीचे उतर गया।	आठ मिनट की निगरानी के बाद विमान सुरक्षित रूप से उतर गया।
14	लोकसाक्षी पावक ने वहाँ से राम को वैदेही देकर कहा हे राम ! ये मैथिली ले जाओ।	लोकसक्षि पावक वहाँ से लाकर राम को वैदेही देकर बोला हे राम! यह मैथिली लीजिये।
8	निकोलस – ये राज्य ‘सात बहनें’ इस नाम से किस प्रकार कहे जाते हैं?	निकोलस-इन राज्यों को सात बहनें क्यों कहा जाता है?
6	तुम मेरी बात नहीं सुनती हो।	तुम मेरी बात नहीं सुनते हो।
5	जल्दी से वो पलँग के नीचे चली गई।	जल्दी ही वह पिंजरे के नीचे चली गई।
3	प्रबंधक को फोन किया।	प्रबंधक ने फोन किया।
4	हिमसंस्कृतवार्ता - कार्यालय का प्रतिनिधि।	हिमसंस्कृतवार्ता-कार्यालय का प्रतिनिधि।
17	हमारे राज्य का गढ़वाली और कुमौनी भाषा आठवें अनुसूचि में समाविष्ट हो, परन्तु हमारे आने वाले संतजन अपनी मातृभाषा में बात करें।	हमारे राज्य की गढ़वाली और कुमौनी भाषा आठवीं अनुसूची में समाविष्ट होनी चाहिए, लेकिन हमारे आने वाले बच्चे अपनी मातृभाषा में बात करें।
10	सुतीक्ष्ण बोले हे अनन्तगुण अप्रमेय सीतापते ! में आपके ही नाम का मन्त्र जप करता हूँ। हे अभिराम राम! श्रीशिवजी और ब्रह्माजी आपके चरणाश्रित हैं, आपके पादपद्म संसार सागर को पार करने के लिए जहाज रूप हैं। हे नाथ! मैं सतत् आपका दासानुदास हूँ ॥	हे राम! आपके मन्त्र का जप करके मैं अनन्तगुणों से प्रेम करने वाली सीता आपके चरणारविन्दों की उपासना करती हुई, सम्पूर्ण संसार को शुद्ध करने वाले समुद्र के समान, निरन्तर आपके दासों के दास सीता का दास बन रही हूँ॥
12	एक सामाजिक वार्तालाप में- सन्देश में विदेशमंत्री ने कहा कि पुतिन ने प्रधानमंत्री नरेंद्र मोदी को शुभकामनाएं दीं.	एक सामाजिक इंटरनेट-संदेश में विदेश मंत्री ने कहा कि पुतिन ने प्रधानमंत्री नरेंद्र मोदी को शुभकामनाएं दीं।
4	हम दोनों पाठक हैं।	हम दोनों पाठक हैं।
5	बच्चों का गुरुकुल अलग है	बच्चों का गुरुकुल अलग है।
9	वीं फेल और दक्षिण की फ़िल्म निघनी थी।	मैं असफल हूँ और दक्षिण की फिल्म बहुत अपेक्षित थी।
14	समुद्र में वृष्टि, भर पेट खाये हुएको भोजन, समृद्धिमान्‌को दान और दिनमें दीपक-ये व्यर्थ ही होते हैं	व्यर्थ वर्षा, दान, समुद्र में समर्थ, व्यर्थ तृप्त मनुष्य का भोजन, व्यर्थ दीपक और दिन भी।
1	पश्चात् बैठता है।	अनुसरण करता है।
10	उसके शरीर से तेज निकल कर सबके देखते देखते राम में समा गया यह देखकर देवता विस्मित हुए ॥	इस प्रकार समस्त लोकों को देखते हुए शरीर से उत्पन्न तेज को देखकर श्रीरामचन्द्रजी आश्चर्यचकित होकर परमधाम को चले गये॥
8	उस वर्ष देहली-विश्विद्यालय के भौतिक विभाग के अध्यक्ष के रूप में उन्होंने भौतिक विषयों का शिक्षण प्रारम्भ कर दिया।	उस वर्ष दिल्ली-विश्वविद्यालय में भौतिक विभाग के अध्यक्ष के रूप में उन्होंने भौतिक विषय पर अध्यापन शुरू किया।
3	छोटा बच्चा लड्डू थोड़ा सा खा रहा है।	बच्चा लड्डु चख रहा है।
8	शनिवार सुबह हाड़ी समुदाय के कई लोगों को सचिवालय के मुख्य सचिव समिति में शामिल किया गया।	शनिवार दोपहर हाड़ी समुदाय के बहुत से लोग सचिवालय के मुख्य सचिव समिति कक्ष में पहुंचे।
7	हत्येता नागरिकों को शस्त्र भी मिल चुके हैं।	हतात् से नक्सल लोगों को शस्त्र भी मिल गए हैं।
7	अंत में कार्यक्रम का समापन संस्कृत विभागीय शिक्षकों द्वारा शांति पाठ के माध्यम से हुआ।	अंत में कार्यक्रम का समापन संस्कृत विभाग के शिक्षकों द्वारा शांति पाठ के माध्यम से किया गया।
16	पिता की पैरवी करके मिलिंद देवड़ा ने भी कांग्रेसपक्ष में अपने कार्यक्षेत्र का आरम्भ किया, लेकिन अब सम्बन्ध टूट गया है।	पिता का अनुसरण करके मिलिन्द देवड़ा ने भी कांग्रेस पक्ष में अपने कार्यक्षेत्र का आरम्भ किया, लेकिन अब सम्बन्ध तोड़ दिया है।
7	योग दर्शन की अध्येता और अनुसंधानकर्त्ता के रूप में आपका अनेक वर्षों का लम्बा अनुभव है।	योगदर्शन की विदुषीशैलपुत्री के शोधकर्ता के रूप में 20 वर्षों का अनुभव है।
5	अतः वह बोला – नौ ही हैं।	इसलिए वह बोला-नौ ही हैं।
8	जो कोई अनादर पूर्वक भी किसी से अध्यात्मरामायण का श्रवण करता है, वह भी पातकों से मुक्त हो जाता है ॥	जो कोई भी मन में स्थित आत्मरामायण की इच्छा करता है, वह भी दूसरे से सुनकर पापों से मुक्त हो जाता है।
10	रविवार रात को केलांग में पर्दे को कम कर दिया गया।	रविवार रात केलांग शहर में पारा सबसे कम डिग्री प्राप्त हुई।
16	एसजेवीएनएल के तत्कालीन अधिकारियों और एक निजी कंपनी के प्रतिनिधियों के खिलाफ विभिन्न किस्मों से यह मुद्दा दर्ज किया गया है	एसजेवीएनएल सार्वजनिक उपक्रम के तत्कालीन अधिकारियों ने भी एक निजी कंपनी के प्रतिनिधियों के खिलाफ विभिन्न धाराओं से यह मामला दर्ज किया है।
5	आज रविवार है न !	आज रविवार है न!
7	वायरस के बारे में स्थानीय-अंतरराष्ट्रीय-संस्थाओं के सहयोग से निगरानी को मजबूत किया गया है।	वायरस के बारे में स्थानीय-अंतर्राष्ट्रीय-संगठनों के सहयोग से निगरानी को मजबूत किया गया है।
4	माँ कैसे उतरती है ?	माँ कैसे उतरती है?
10	लेकिन अभी तक ड्रैड्डी-निर्माताओं को इस विषय पर आधिकारिक वक्तव्य नहीं मिला।	लेकिन अब तक डड्डी-निर्माताओं को इस विषय पर आधिकारिक वक्तव्य नहीं मिला है।
3	आप चतुर हैं ।	आप चतुर हैं।
10	उन्होंने कहा कि अपना वीरभद्रसिंह ने राज्य में धर्मान्तरण से विरोध करने का विधेयक लाया था।	उन्होंने कहा कि अपने वीरभद्र सिंह ने राज्य में धर्म परिवर्तन के खिलाफ विधेयक लाया था।
18	सत्य नियमों वाले सभी के प्रेरक सूर्य देव के समान इन पासों का तिरपन का समूह अक्ष पट्ट पर खेलता है। ये पासे भयानक और क्रोधी पुरुष के आगे भी नहीं झुकते हैं इनके लिए तो राजा भी नमस्कार करता है	त्रिपाञ्चश इस देव के समान सत्यधर्म धारण करने वाला है। उग्र चित्त वाले को राजा न नमन करता है और दूसरों को नमस्कार करता है।
5	ठीक है, दत्तचित्त के अनन्तर तुमसे सुनिये बेटा।	ठीक है, दत्तचित्त से तुम सुनो बेटा।
5	दीपक के चारों ओर कीड़े हैं।	दीपक के चारों ओर कीड़े हैं।
9	इला – चिंता मत करिये भैया ! अब चित्र ले लीजिये।	इला-चिन्ता मत करो भाई! अब चित्र ले लो।
9	विद्यालय परिसर से मिलन-चौक तक बैठकें हुईं। फिर विद्यालय आकर वह पूर्ण हो गया।	सभा विद्यालय परिसर से मिलन चौक तक चली। फिर विद्यालय आकर पूरी हो गई।
13	कार्यक्रम रायपुर के विज्ञान कॉलेज के प्रांगण में आयोजित किया गया, जिसमें राज्य के राज्यपाल विष्णु भूषण शामिल थे-हरिचन्दन ने शपथ ली.	कार्यक्रम रायपुर के विज्ञान महाविद्यालय के प्रांगण में आयोजित किया गया, जहां राज्य के राज्यपाल विष्णुभूषण ने शपथ ली-हरिचन्द ने शपथ ली.
14	इस अवसर पर श्री सिंह हा वर्या ने कहा कि प्रधानमंत्री नरेंद्र मोदी के नेतृत्व में सरकार सशक्तीकरण के लिए प्रतिबद्ध है।	इस अवसर पर श्री सिंह ने कहा कि प्रधानमंत्री नरेंद्र मोदी के नेतृत्व वाली सरकार सशक्तीकरण के लिए प्रतिबद्ध है।
25	सिंस्टाइन आश्चर्यचकित हो गया ! तब वह बोला, "सम्यक्, मैं जहाँ अग्रिमसभा जाता हूँ, वे मुझे नहीं जानते हैं, आप मेरे स्थान पर भाषण दीजिये, मैं आपका ड्राईवर बनूँगा।	आइंस्टीन आश्चर्यचकित हो गया! तब वह बोला, "ठीक है, मैं जहाँ अग्रिम सभा में जाता हूँ, वे मुझे नहीं जानते हैं, आप मेरे स्थान पर भाषण दें, मैं आपका चालक बनूँगा।
11	लोगों का विश्वास है कि राहुकेतु ग्रह के कारण चंद्रग्रहण या सूर्यग्रहण होता है।	इसका कारण राहुकेता का ग्रास है क्योंकि लोगों का मानना है कि चंद्र ग्रहण या सूर्य ग्रहण हो सकता है।
4	कौनसे दो काम ?	दो कामों में क्या है?
8	मुख्यमंत्री आयव्ययक की प्रस्तुति के बाद वे मीडिया के साथ बात कर रहे थे।	मुख्यमंत्री आयव्ययक की प्रस्तुति के बाद मीडिया के साथ बात कर रहे थे।
4	एकता की भावना शक्ति की परिचायिका है।	एकता-भावनाशक्ति परिचर्चा है।
8	बहुत से लोग राखी भेजने के लिये यहाँ आए हैं ।	अनेक लोग राखी भेजने यहाँ आए हैं।
6	राम मंदिर का स्पर्श तब तक सुलभ नहीं था।	राम मंदिर का स्पर्श उतना सुलभ नहीं था।
12	अरे उस प्रेम-धाम हरिका नाम भज, [क्षण- क्षणमें] बाहर निकलनेवाले श्वासपर क्या विश्वास है ?	हे भगवान् राम! हे राम! हे राम! हे राम! हे राम! हे राम! हे राम! हे राम! हे राम! हे राम! हे राम! हे राम! हे राम! हे राम! हे राम! हे राम! हे राम! हे राम! हे राम! हे राम! हे राम! हे राम! हे राम! हे राम! हे राम! हे राम! हे राम! हे राम! हे राम! हे राम! हे राम! हे राम।
11	वहाँ से वे ड्राईवर सोचकर कार के पास आ गए।	वहाँ से वे ड्राइवर ही आइंस्टीन हैं यह सोचकर कार के पास आ गए।
5	वे छात्र संस्कृत पढ़ते हैं	वे छात्र संस्कृत पढ़ते हैं।
4	पंजाब का भाँगड़ा देखा।	पंजाब के भांगड\u093Cा ने नृत्य देखा।
5	कभी रीछ भी देखे हैं वा नहीं ?	कभी झूला भी देखा है वा नहीं?
8	रावेल और रेंटिला गांवों के क्षेत्रों में आसमान से गोल चट्टानें गिरीं।	रावल रंतीला नामक गाँवों के क्षेत्रों में ही गोल पत्थर के टुकड़े आकाश में गिर गए।
6	आप उस दिन क्यूँ नही आये?	उस दिन आप क्यों नहीं आए?
1	कहा।	जाना
6	आज के वाक्य आप ही पढ़िये।	आज के वाक्य आप ही पढ़िये।
4	वे अशिक्षित नहीं हैं।	वे अशिक्षित नहीं हैं।
11	वार्ता के अनुसार अग्रिम- आरक्षण के कारण संयुक्त राज्य अमेरिका में भी इस फिल्म का अर्जन बहुत अच्छा है।	वार्ता के अनुसार अग्रिम-आरक्षण के कारण अमेरिका में भी इस फिल्म की कमाई बहुत अच्छी है।
10	1 दिसंबर को इस फिल्म की विज्ञापन बुक प्रदर्शित होगी, ऐसा कहा गया था।	कहा जाता था कि 1 दिसंबर को इस फिल्म का विज्ञापन बुक प्रदर्शित किया जाएगा।
8	संयोजक जिला शिक्षक-प्रशिक्षण प्रमुख ओंकारवर्मा ने इस कार्यशाला में समग्र शिक्षा आयोग के आभार व्यक्त किये।	संयोजक जिला शिक्षक-प्रशिक्षण प्रमुख ओउम्कार वर्मा ने इस कार्यशाला में समग्र शिक्षा के लिए हिमाचल प्रदेश का आभार व्यक्त किया।
4	शाम को वह कार्यालय बन्द करता है।	शाम को वह कार्यालय बंद कर देता है।
7	संयुक्त राष्ट्र महासभा की अध्यक्षता आज शीर्ष पर है-विश्वास की पुष्टि	संयुक्त राष्ट्र महासभा की अध्यक्षता का शीर्षक अब है-विश्वास का पुनर्गठन
8	ये वस्तुएँ बनाने में प्रायः एक सप्ताह होता है।	ये वस्तुएँ बनाने में लगभग 1 सप्ताह लगता है।
11	रविवार को कुल्लू, चम्बा, शिमला, किन्नौर, लाहौल-स्पीति-यह सैकड़ों गांवों में तीव्र लू का पीला दृश्य था।	रविवार को कुल्लू, चम्बा, शिमला, किन्नौर, लाहौल-स्पीति-जिलों में भारी बर्फबारी की पीली चेतावनी दी गई थी.
1	मौसी	माता के समान।
12	पति के पास जाकर वह हैरान रहकर प्यार से उसका सुंदर चेहरा देखती थी।	पति के पास जाकर वह आश्चर्य से प्रसन्न होकर स्नेह से उसका सौम्य मुख देख रही थी।
7	आपका भार बहुत अधिक है।	ओह, आपका वजन बहुत अधिक है।
4	दीवान स्तब्ध हो गया ।	दीवान स्तब्ध हो गया।
15	फिर तुम्हारे बंधनों को देखना, पंपों की प्राप्ति, सुग्रीव के साथ तुम्हारी मित्रता, जब तुमने बाल्यावस्था का त्याग किया।	पुनः तुम्हारा कबन्ध देखना, पम्पा जाना, सुग्रीव के साथ तुम्हारा मित्रता जहाँ तुम्हारे द्वारा बाली को मारा गया था।
5	राष्ट्र की रक्षा के लिये हमें भी कुछ करना चाहिये।	राष्ट्र की रक्षा के लिये हमें कुछ भी करना चाहिये।
10	क्रिकेट परंपरा के पहले टूर्नामेंट के पहले मैच में बैटिंग करने वाली ऑस्ट्रेलिया की टीम 177 रन पर आउट हो गई।	ऑस्ट्रेलियाई टीम 177 रनों के साथ आउट हो गई, जो बेंचमार्क परंपरा के पहले मैच में पहली गेम थी।
9	मन को हरने वाले फूलों को देखकर दुःखित मनुष्य का मन भी प्रसन्न हो जाता है।	मनोहर फूलों को देखकर दुःखी मनुष्य का मन भी प्रसन्न होता है।
6	बच्चे के साथ बगीचे भी कार से जाते हैं।	बालक के साथ उद्यान भी कार से जाते हैं।
3	यह किसने किया।	यह किसने किया?
10	धर्म की रक्षा के लिये जिन्होंने काम किया उन्हें भी प्रायः हम नहीं जानते हैं।	धर्म की रक्षा के लिये जिन्होंने काम किया उन्हें भी प्रायः हम नहीं जानते हैं।
6	मुख्यमंत्री सेवा संकल्प-हल्प लाइन योजना में कृत्रिम बुद्धि का उपयोग होगा।	मुख्यमंत्री सेवा संकल्प-हेल्प लाइन योजना में कृत्रिम बुद्धिमत्ता का उपयोग किया जाएगा।
5	सुजाता –  आओ हर्षा !	सुजाता-आओ खुश हो जाओ!
3	यज्ञ में आहुति देंगे ।	यज्ञ में आहुति देंगे।
7	आज वह भाजपा राज्यकोरस समूह का सदस्य भी है	इस समय वे भाजपा राज्य कोर समूह के सदस्य भी हैं।
6	श्रीमती जानकीत्रिपाठी ने सबको कृतज्ञता प्रकट की है।	श्रीमती जानकी त्रिपाठी ने सबको कृतज्ञता व्यक्त की।
14	लक्ष्मण ने हनुमान को कहा कि वानर राज सुग्रीव हम दोनों के साथ मित्रता की इच्छा करता है, इसीलिए तुम को यहाँ भेजा । इसीलिए हम दोनों भी तुम्हारे वचन के अनुसार उनके साथ मित्रता को स्वीकार करना चाहते हैं।	हे सुग्रीव! जैसा तुम हनुमान से कहते हो, वैसा ही करोगे, जैसा तुम्हारा अस्तित्व है।।
8	यदि ऐसा है तो शस्त्र श्ख्तर चलाने में और युद्ध में कुशल बड़ी लड़नेवाली ख जाना और अन्नादि साम्री सहित सेना यृद्ध के लिये भेजनी चाहिये।	इस प्रकार, युद्ध में चतुर, लिस्ता, कोष, धन आदि सामग्रियों से युक्त सेना को युद्ध के लिए भेजना चाहिए।
6	यह भगवान शेष का अवतार है ऐसा मान्यता है।	यह भगवान् शेष का अवतार माना जाता है।
12	इस प्रकार विरह से व्याकुल होकर वह गुह के साथ उस स्थान पर जा पहुंचे जहाँ पर श्रीरामजी के रात्रि के समय निवास किया था। वहाँ पहुंचकर भारत जी ने कुशाबिछे हुए भगवान् के उस शयन स्थान को देखा ॥	उस गुफा में श्रीरामचन्द्रजी भी थे, जहाँ श्रीरामचन्द्रजी स्थित थे। उस गुफा में बैठे हुए श्रीरामचन्द्रजी को देखकर श्रीरामचन्द्रजी शयन करने लगे॥
5	क्या आप भी कसरत  करती हैं?	आप भी व्यायाम करती हैं?
11	परन्तु हे परन्तप अर्जुन! अनन्य भक्ति के द्वारा मैं तत्त्वत: 'जानने', 'देखने' और 'प्रवेश' करने के लिए (एकी भाव से प्राप्त होने के लिए) भी, शक्य हूँ!।।	हे अर्जुन! आपकी भक्ति से मैं इस प्रकार जान सकता हूँ, देख सकता हूँ और तत्त्व के द्वारा प्रवेश कर सकता हूँ।।
20	जब मैंने जाना कि हिमाचल प्रदेश गुणवत्तापूर्ण शिक्षा में शीर्ष पर रहा है तब मुझे यह पता लगाने की कोशिश की कि इसके पीछे क्या मुख्य कारण है?	जब मैंने जाना कि हिमाचल ने गुणवत्तापूर्ण शिक्षा में यह स्थान प्राप्त किया तब मैंने पता लगाने का प्रयास किया कि इसके पीछे क्या मुख्य कारण है।
5	गुजरात में विधानसभा चुनाव के पहले चरण का मतदान गुरुवार को होगा.	गुजरात में विधानसभा चुनाव का पहला चरण गुरुवार को होगा.
1	बनाया जाता है	निष्पादन
11	राज्य सरकार ने सरकारी विभागों में वाहनों की आवश्यकता को पूरा करने के लिए ई-टेक्सी अनुबंध को लेने की अनुमति दी गई है।	राज्य सरकार ने सरकारी विभागों में वाहनों की जरूरतों को पूरा करने के लिए ई-टैक्सी अनुबंध लेने की अनुमति दी है
7	यह फ़िल्म अप्रैल की-दिनार में प्रदर्शित करेगी।	यह फ़िल्म अप्रैल महीने की है-यह तारीख को प्रदर्शित होगी।
6	सज्जन परोपकार के लिए कष्ट अनुभव नहीं करता।	सज्जन परोपकार के लिए कष्ट अनुभव नहीं करता है।
8	घग्गर नदी के ऊपर की पुल पुल भी आ जाने के लिए बंद कर दिया गया है।	घग्गर नदी के ऊपर बना पुल भी आने जाने के लिए बंद कर दिया गया है।
5	अभी मैंने सारे काम पूरे किये।	अभी सभी काम मैंने पूरे कर लिए हैं।
6	हाँ ... यहाँ जगह सही है।	हाँ... यहाँ जगह ठीक है।
16	साथ ही मुख्यमंत्री महोदय के व्यक्तिगत सहायक श्री बलवीर राव महोदय, कांग्रेस-खंड-समिति केखंडाध्यक्ष ने भी विशेष अतिथि के रूप में भाग लिया।	साथ ही मुख्यमंत्री महोदय के व्यक्तिगत सहायक श्री बलबीर राव महोदय, कांग्रेस-खंड-समिति के खंड अध्यक्ष ने भी विशेष अतिथि के रूप में भाग लिया।
5	क्रोधित किसान ने उसको उठाने के लिए बहुत बार प्रयत्न कि	क्रोधित किसान ने उसे उठाने के लिये अनेक बार प्रयत्न किये।
20	बनर्जी ने कहा कि, "मैंने उनको जो भी याचिका दी, उन सब नेस्वीकृत कर दी" इसलिये हमने बंगाल में एकता के चुनाव लड़ने का फैसला किया है.	बनर्जी ने कहा कि, "मैंने उन्हें जो भी प्रस्ताव दिया, उन्होंने सभी को अस्वीकार कर दिया" इसलिए हमने बंगाल में अकेले चुनाव लड़ने का फैसला किया।
17	मोदी ने कहा कि संपूर्ण विश्व में भारतीय प्रवासियों के योगदान की उपलब्धियों के लिए यह उत्सव महत्वपूर्ण है।	मोदी ने कहा कि पूरे विश्व में भारतीय प्रवासियों के योगदान और उपलब्धियों के उत्सव के प्रतीक के रूप में यह दिन महत्वपूर्ण है।
5	दुःखी प्रजा दयालु ईश्वर से दया मांगेगी।	पीडित प्रजा दयालु से दया मांगेगी।
1	चौखूंट	चारों ओर से
10	अंतर्राष्ट्रीय हवाई अड्डे के उद्घाटन से पहले, प्रधानमंत्री ने अयोध्या में लतामंगेश्कर चौक के स्थान का निरीक्षण किया।	अंतर्राष्ट्रीय हवाई अड्डे के उद्घाटन से पहले, प्रधानमंत्री ने अयोध्या में लताङ्गेशकर चौक नामक स्थान का निरीक्षण किया।
8	ठीक है महोदय ! आपकी विमान टिकट तैयार है।	ठीक है, महोदय! आपकी फ्लाइट टिकट तैयार हो गई है।
1	अटारी	नीचे
5	लालची लड़की ने लालच का फल पाया।	लोभी लड़की को लोभ का फल मिला।
6	आप फोन कर लें ऐसा कही थीं।	आप फोन करिये ऐसा कहा।
1	आत्म संतुष्टि	आत्मसन्तप्त
6	मैं वाहन चलाने में निपुण हो गया	मैं वाहन चलाने में निपुण हो गया हूँ।
9	केवल पश्चिम के लोग इस दुरुपयोग को करके देश को अधिराज्य में स्थापित कर दिया।	केवल पाश्चात्यों ने इसका दुरुपयोग करके देश में आधिपत्य स्थापित किया।
5	आज प्रातः आए क्या ?	आज सुबह आए क्या?
10	अगले 24 घंटों में24 मिनटमौसम विभाग ने भारी बारिश का अनुमान जताया है.	पर्यावरण विभाग का कहना है कि अगले 24 दिनों में अधिक बारिश होगी।
8	भोगविशेष की कामना से जिनका ज्ञान हर लिया गया है, ऐसे पुरुष अपने स्वभाव से प्रेरित हुए अन्य देवताओं को विशिष्ट नियम का पालन करते हुए भजते हैं।।	हे देवों! कामनाओं के कारण ही अन्य देवताओं के द्वारा कृतकृत्य ज्ञान प्राप्त होते हैं। उस नियम को धारण करने के लिए स्वभाव से ही अपने द्वारा नियति किए जाते हैं।।
13	एटीएस अधिकारियों ने कहा कि पंजाब की जेल में बंद एक विदेशी नागरिक इस अपराध का मास्टरमाइंड था।	एटीएस के अधिकारियों ने कहा कि कुकर्म का सूत्रधार पंजाब में जेल में बंद एक विदेशी है।
5	यह मुकुट किसने बनाया ?	यह सूट किसने बनाई?
10	दुर्जन और कांटे इन दो चीजों से बचने के दो ही उपाय हैं, या तो जूतों से इनका मुंह कुचल दिया जाए, उसके अस्तित्व को ही समाप्त कर दिया जाए अथवा उनको दूर से ही त्याग दिया जाए।	दुष्टों और काँटों के प्रति दो प्रकार की प्रतिक्रिया होती है। जैसे-जैसे पैर की नोक पर टूटना, दूर से या दूर से विसर्जित होना।
11	सुदैव से तुम के सहयोग से रावण को मारकर मैं सब लोकों का प्रवृद्ध होकर दरुण हो गया	भाग्य से आपने रावण को नं. में मारकर सभी लोकों का समृद्ध करने वाले उस भयानक राक्षस को नष्ट कर दिया।
9	पिछले वर्ष सरकार ने पात में समय कम करने का निर्णय किया था।	पिछले साल सरकार ने पट्टा की अवधि को कम करने का निर्णय लिया था।
3	अनेक वृक्ष गिर गए।	अनेक वृक्ष गिर गए।
4	जिसका अब समाप्ति हो गई।	जिसका अब समापन हो गया है।
9	उस मन्त्री ने प्रजाओं को 'पेट तथा अंगों की कथा सुनाकर उनकी अनुकूलता प्राप्त कर ली।	वह माता प्रजाओं को "उदरवयों की कथा निवेदन करके उनका अनुकूल हो गया।
1	सामान्य	स्वाभाविक
9	चन्दन – तो जल्दी ही पूजा करो और प्रसाद को दो	चन्दन-तो जल्दी से पूजा करो और प्रसाद दो।
16	इनमें से उन्ना-हमीरपुर-बिलासपुर नालागढ़-बद्दी- अर्की कुनिहार नगरों में भी सिरमौर जिले का नाहन पौंटा-बताया गया है कि वे शहरों के साथ संभावित हैं.	इनमें से उना-हमीरपुर-बिलासपुर नालागढ़-बद्दी-अरकी कुआरी शहरों में भी सिरमौर जिले के नाहन पौन्ता-साहब शहरों के साथ नीहार-संभावना का खुलासा किया गया है।
4	गाड़ी ठीक है।	वाहन सुन्दर है।
3	वह पेंसिल तीखी कर रही है।	वह पेंसिल तीखी करती है।
9	सञ्जहार शब्द में हकार के स्थान पर भकार के आदेश से सञ्जभार का रूप सुना जाता है।	संजार शब्द में हकारस्थान में भाकर के आदेश से संजार का रूप सुना जाता है।
4	राम – किस सम्बन्ध से? (किस नाते से)	राम-किस सम्बन्ध से?
6	हे रोगी ! बाहय और दिव्य मुनि तथा राजऋषि और पर्वत तथा सब नदी और समस्त समुद्र तेरी रक्षा करो ॥	यह मुनि ब्रह्माजी के द्वारा दिव्य राजर्षि के रूप में जाना जाता है।
21	है हरे में आपके चरणयुगलमें इसलिये नमस्कार नहीं करता हूँ कि मेरे इन्द्र (शीतोष्णादि) नाश हों, कुम्भीपाकादि बड़े-बड़े नरकोंसे बचा रहे और नन्दनवनमें कोमलाङ्गी अप्सराओके साथ रमण करूँ अपितु इसलिये कि मैं सदा हृदय- मन्दिरमें आपकी ही भावना करता रहूँ	हे राम! मैं आपके चरणोन्माद, द्वन्दव, द्वन्दव, कुम्भीपाक, गुरु, हरे और नरक को मापने के लिए आपको वन्दन नहीं करता हूँ। हे राम! प्रसन्नचित्त होकर प्रसन्न होकर आपके हृदय भवन में मैं आपका स्मरण करता हूँ।।
14	यदि कोई छात्र पूर्णपाठ्यक्रमशुल्क देकर पाठ्यक्रम को बीच में छोड़ देता है तो शेषशुल्क के दिनों में उसे वापस आ जाएगा।	यदि कोई भी छात्र पूर्ण पाठ्यक्रम शुल्क देकर पाठ्यक्रम को बीच में छोड़ देता है तो शेष शुल्क दिनों में उसे लौट आएगा।
4	अभी सब सध्या खा रहे हैं।	अब सभी सधु खा रहे हैं।
4	क्या आप लिखती हैं ?	क्या आप लिखती हैं?
8	छात्रों के लिए प्रशिक्षण संस्थानों के लिए भी नेट बुक का निर्माण करना होगा।	छात्रों को अब प्रशिक्षण संस्थानों के लिए भी जालपुट बनाना होगा।
11	हे राक्षसेन्द्र उससे हृदय बिद्ध होने से में आकाश में चक्कर काटता हुआ समुद्र में आकर गिरा। तभी से में भयभीत होकर इस निर्भय स्थान में रहता हूँ॥	हे राक्षसेन्द्र! मैं समुद्र में गिर गया हूँ, इस प्रकार मेरे हृदय में क्रोध उत्पन्न हुआ। इस भय से व्याकुल होकर मैं उनके आश्रित होकर अपने आश्रम में चला गया॥
21	पशुपालकों और किसानों के हित के लिए सरकार ने कई मजबूत निर्णय किये हैं, जहाँ दूध के बाजार में रुपये की बढ़ोतरी भी है, उन्होंने कहा कि राज्य में जनवरी से गोबर खरीदने की योजना शुरू हो गई है।	पशुपालकों और किसानों के हित में सरकार ने कई दृढ़ निर्णय लिए हैं, जहां दूध खरीदने की कीमत में रुपये की बढ़ोतरी भी है, उन्होंने कहा कि राज्य में जनवरी से गाय खरीदने की योजना शुरू हो रही है।
7	वो दोनों जने शान्त हो गए ।	वे दोनों झगड़ालू और शान्त हुए।
4	शत्रु राजाओं से डरता है।	शत्रु राजाओं से डरता है।
6	महाबलि असुर के सत्कार में यह पर्व मनाया जाता है।	यह पर्व महाबली असुर के सत्कार के लिए मनाया जाता है।
1	मालूम हुआ	जाननेवाला
6	हिमालय से लेकर कन्याकुमारी तक भारत फैला  हुआ है।	हिमालय से कन्याकुमारी तक भारत विस्तृत है।
8	बुद्धि भी बढ़ती है। रोग से हीन शरीर और भाइयों का प्रेम बढ़ता है।	बुद्धि भी बढ़ती है। रोग से दुर्बल शरीर और भाई का प्रेम बढ़ता है।
7	वो दोनों जने शान्त हो गए ।	वे दोनों झगड़ालू और शान्त हुए।
12	घोषणा करने वाले समूह ने राज्य सरकार द्वारा हाड़ी समुदाय को अनुसूचित जाति की पदवी को देने के लिए केंद्र सरकार द्वारा पारित एक विधेयक पर आरोप लगाया है।	घोषणा करते हुए समूह ने राज्य सरकार द्वारा हाड़ी समुदाय को अनुसूचित जाति पद देने के लिए केंद्र सरकार द्वारा पारित विधेयक को निलंबित करने का आरोप किया।
10	इसने संसदीय कार्यों के दो कार्यसूचक और वित्त विभाग के दो कार्यसूचक पर सहमति दी है।	इसने संसदीय कार्यों के दो कार्यसूचियों और वित्त विभाग के दो कार्यसूचियों पर सहमति दी है।
10	प्रशिक्षण पाने के लिए जो शिक्षक आए थे उन्हें भी उत्साह के साथ भाग लिया गया।	प्रशिक्षण पाने के लिए जो शिक्षक आए थे उन्होंने भी उत्साह से भाग लिया।
4	वह बुद्धिमान् ( इन्टेलीजेंट ) है ।	वह मेधावी है।
7	आज तो उसके घर मांगलिक काज हो रहा है।	आज तो उसके घर में मंगलिक काम हो रहा है।
5	अल्पाहार में वह उबले चने खाता है।	अल्पाहार में वह उबले हुए चने खाता है।
6	विश्व की प्राचीनतम ग्रन्थ ऋग्वेद में काशी उल्लिखित है।	विश्व के प्राचीनतम ग्रन्थ ऋग्वेद में काशी का उल्लेख है।
1	आरम्भ	शुरुआत
5	कंघी से मेरे बालों को सही करता है	कंघी से मेरे बाल अच्छे करते हैं
21	सभा को संबोधित करते हुए प्रधानमंत्री ने कहा कि अब देश में व्यापार-कार्यों में सुगमता, एक इन इंडिया उपक्रम, सुष्टुतर-संम्पर्क-साधनों और अन्य विभिन्न क्षेत्रों का विकास हुआ है।	सभा को संबोधित करते हुए, प्रधानमंत्री ने कहा कि इस समय देश में व्यापार-कार्यों में सुगमता, मेक इन इंडिया पहल, सुस्तुतर-संपर्क-साधनों और अन्य विभिन्न क्षेत्रों का विकास हुआ है।
15	अमेरिकी नौसेना ने बताया कि रक्षा पहल के हिस्से के रूप में कनाडाई पी3 विमान द्वारा स्थापित सोनार द्वारा ध्वनि तरंगें एकत्र की गईं।	अमेरिकी तटरक्षक बल ने कहा कि शब्दों का आदान-प्रदान कनाडा के पी3 विमान द्वारा डिजाइन किए गए सोनार द्वारा रक्षा पहल के हिस्से के रूप में किया गया था।
4	अभी वह टी वी देख रही है।	अभी वह दूरदर्शन देख रही है।
1	अक्षर	अक्षर
4	मुझे आप से बहुत आशा थी ।	आपकी बहुत प्रतीक्षा की।
8	बाह्य अंतरिक्ष देवदूतों की ओर से अब तक हजारों अवशेष बाह्य अंतरिक्ष में ढेर हो चुके हैं।	बाहरी अंतरिक्ष यात्रियों के हिस्से के रूप में अब तक हजारों अवशेष बाहरी अंतरिक्ष में जमा हैं।
9	वहीं बुधवार दोपहर 12 बजे प्रधानमंत्री नरेंद्र मोदी लक्षद्वीप के कवरती पहुंचेंगे.	वहीं बुधवार दोपहर 12 बजे प्रधानमंत्री नरेंद्र मोदी लक्षद्वीप के कवरत्ती पहुंचेंगे।
8	बोलो क्या कहना चाहती हो। आज कार्यालय बन्द है क्या ?	बोलो क्या बोलना चाहते हो। आज कार्यालय की छुट्टी है क्या?
4	वह बच्चा अंधेरे से डरता है	वह बालक अन्धकार से डरता है।
9	स्वाभाविक मित्र तो भाग्य से ही मिलता है । वह स्वाभाविक मित्रता को विपत्तियों में भी नहीं छोड़ता है अर्थात् सच्चा मित्र बड़ा दुर्लभ है |	जो मित्र स्वाभाविक होता है, वह भाग्य से सुशोभित होता है, उस मित्र के द्वारा बनाया हुआ सौहारद पुत्र भी डूबता नहीं है।
7	सच कहूँ , मैंने कुछ भी नहीं खरीदा।	सच कहिये, मैंने कुछ भी नहीं खरीदा।
7	प्रकृतिमाता – मैं प्रकृति तुम सबकी माँ हूँ।	प्रकृतिमाता-मैं प्रकृति आप सभी की माता हूँ?
7	राम- मुझे भी गुरुवर का आदेश सम्माननीय (मानने योग्य) है। क्योंकि –	श्रीरामचन्द्रजी-मेरा भी सम्मान करना चाहिए। मुनिजनों का भी सम्मान करना चाहिए।
6	मैं भी नहीं जानता, परन्तु सूर्यसिंह जानता है।	मैं भी नहीं जानता परन्तु सूर्यसिंह जानता है।
10	सूचनाप्रसारण मंत्री अनुराग सिंह ठाकुर ने भी आज सशस्त्र सेना के ध्वज दिवस के अवसर पर सभी को नमस्कार किया।	सूचनाप्रसारण मंत्री अनुराग सिंह ठाकुर ने भी सशस्त्र सेना ध्वज दिवस के अवसर पर सभी को नमस्कार किया।
6	जब लौटाना होता है तब कष्ट अनुभव होता है।	जब वापस करना होता है तब कष्ट अनुभव होता है।
9	इसके बाद, अग्रिम सत्र में विभाग प्रमुखों एवं आयाम प्रमुखों ने अपना-अपने-अपने विभाग का अपना-वह के बारे में जानकारी दी गई.	उसके बाद अग्रिम सत्र में विभाग प्रमुखों और आयाम प्रमुखों ने अपना-अपने विभाग का अपना-स्वयामा का वृत्तान्त प्रस्तुत किया।
7	वोटों की गिनती हिमाचल प्रदेश के साथ 8 दिसंबर को होगी.	हिमाचल प्रदेश के साथ 8 दिसंबर को वोटों की गिनती होगी.
4	राधा के द्वारा काव्य लिखा जाता है।	राधा कविता लिखती है।
29	यह रेलगाड़ी सुबह साढ़े आठ बजे अमृतसर से उतरकर दोपहर में पुरानी दिल्ली स्टेशन से पहुंच जाएगी-यह प्रतिफल के रूप में रेलगाड़ी पुरानी दिल्ली स्टेशन से दोपहर में अमृतसर की ओर प्रस्थान करेगी, उसी प्रकार नई दिल्ली से चल रही वंदे भारत रेल 8 बजे कारानगर में पहुंच जाएगी।	यह रेलगाड़ियों की सुबह आधी-आठ बजे अमृतसर से निकलकर दोपहर बजे पुरानी दिल्ली-यह पुरस्कार के रूप में पुरानी दिल्ली स्टेशन से दोपहर बजे अमृतसर के लिए प्रस्थान करेगी, उसी प्रकार नई दिल्ली से चल रही वंदे भारत रेलगाड़ी आठ घंटे में कटरानगर पहुंचेगी।
5	मैं मधुमेह रोग से पीड़ित हूँ	मैं मधुमेह रोग से पीड़ित हूँ।
1	वह	वह
6	पुलिस को देखकर कुछ लोग रास्ता बदल देते हैं।	पुलिस को देखकर कुछ लोग रास्ता बदल देते हैं।
8	इसी प्रकार क्षणभर में उन्होंनेन्हों का रोमांचक युद्ध हुआ।	इसी प्रकार एक मुहूर्त तक उनका रोमहर्षण तुम्हारा युद्ध हुआ।
20	वहाँ पर अतुल पराक्रमी वानरों का राजा सुग्रीव अपने भाई के भय से हमेशा अत्यन्त भयभीत होकर अपने चार मन्त्रियों के साथ रहता है। ऋषि के शाप के भय से वह स्थान सर्वथा वाली के अगम्य है। हे प्रभो! आप वहाँ जाएं और सुग्रीव से मित्रता करें। वह आपका सभी कार्य सिद्ध करेगा। हे रघुनन्दन! मै आपके सामने अब अग्नि में प्रवेश करूँगी ॥	यहाँ से राम के पास पम्पा नाम का सरोवर है। उसके पास ऋष्यमूक पर्वत है। उसके पास ही महान वालिन नाम का पर्वत है। वह भय से भाई के पास जाता है। यहाँ से वालिन नाम का सरोवर आता है। वहाँ जाकर तुम उससे मित्रता करो।।
2	प्रसन्न या कोमल और कठोर	प्रसन्न कर्कश
3	वैज्ञानिक सतत प्रयत्न करते हैं।	वैज्ञानिक लगातार प्रयास करते हैं।
4	वे दोनों बरतन खरीदते हैं।	वे दोनों बर्तन खरीदते हैं।
13	परन्तु इनमें भी सर्वश्रेष्ठ तो जीता है, या मानवों के प्रति किया गया मानवमन में उत्पन्न हुआ प्रेम है।	परन्तु इन प्राणियों में भी श्रेष्ठ तो प्राणियों के प्रति है, मनुष्यों के प्रति किया गया प्रेम ही मनुष्य के मन में उत्पन्न हुआ है।
6	सुनो , सीधी तरह से बाल कटवाना।	सुनो, सरलता से बाल कटवाओ।
10	वनवासियों के प्रिय राम आदि रथपर चढ़कर ही वन को जायेंगे। ऐसा कह ये सीता और लक्ष्मण के सहित राम को देखकर दुःख से पृथिवी पर गिर पड़े और आँखों में आँसू भरकर रोने लगे। तब रामजी के देखतेदेखते शीघ्र ही सीताजी रथ पर चढ़ीं ॥	वनप्रिय लोग रथ पर चढ़कर वन को चले जाएँ। यह कहकर श्री राम ने लक्ष्मण जी के साथ लक्ष्मण जी को देखा।
6	रक्षक – तुम्हारा परिचयपत्र दिखाओ।	रक्षक-तुम्हारा परिचय पत्र दिखाता है।
11	उदर रोगी को जितेन्द्रिय ढोकर एक मास तक चीता और देवदारु के कल्क को अथवा हस्तिपिप्पली ( अष्टागसग्रह के मत से चविका ) और सोठ इनके कल्क का दूध के साथ पीना चाहिये ||	चित्रकारी के लिए दही के साथ कल्क को दूध से नहीं पीना चाहिए।।।।।।।।।।।।
7	देवव्रत रोगियों की सेवा करता है चूंकि सेवा भाव है।	देवव्रत रुग्णसेवा करता है क्योंकि सेवाभाव है।
5	तिलक के प्रभाव से देश में क्या हो गई?	तिलक के प्रभाव से देश में क्या हुआ?
6	नहीं ये नहीं वो दिखाईये।	नहीं यह नहीं दिखाएँ।
3	संगति से क्या हो जाते हैं?	संसर्गजन्य कौन होते हैं?
7	विधानसभा की बजट सभा के लिए पुलिस प्रशासन ने यातायात योजना की है।	विधानसभा के बजट सत्र के लिए पुलिस प्रशासन ने यातायात योजना बनाई है।
9	यह याद रखना चाहिए कि रूस के पास पलटवार करने के लिए कई हथियार हैं।	याद रखना चाहिए कि जवाबी हमला करने के लिए रूस के पास बहुत से हथियार हैं।
6	दिल्ली के उपमुख्यमंत्री मनीष सिसोयी को फरवरी में गिरफ्तार किया गया है.	दिल्ली नगर के उपमुख्यमंत्री मनीष सिसोदिया को फरवरी में गिरफ्तार किया गया था।
18	संयुक्त राष्ट्र की सुरक्षा परिषद ने गाजरं में फिलिस्तीनी लोगों के जीवनरक्षा के लिए मानवीय सहायता के प्रसार को बढ़ावा देने के लिए कई लाभों के लिए एक उचित प्रस्ताव भी भेजा है।	संयुक्त राष्ट्र सुरक्षा परिषद ने गाजा पट्टी में फिलिस्तीनियों के जीवन की रक्षा के लिए मानवीय सहायता के प्रवाह को बढ़ाने के लिए कई उपायों का आह्वान किया है, साथ ही इस मामले में एक उपयुक्त प्रस्ताव भी भेजा गया है।
1	किरणों से	किरणों से
3	अन्वेषण करना	अनुसरण करना
13	भारत सरकार का उड़ान-5.1क्षेत्रीय अनुसंधान योजना के तहत हिमाचल प्रदेश के चार विधानसभा क्षेत्रों में उड़ान भरे हुए स्थलों का निर्माण किया जाएगा।	भारत सरकार की उड़ान-5.1 क्षेत्रीय संपर्क योजना (आरसीएस) के तहत हिमाचल प्रदेश के चार विधानसभा क्षेत्रों में उद्ग विमानों का निर्माण किया जाएगा।
6	धीरे धीरे लैंडर की गति धीमी की गई।	धीरे-धीरे लैंडर की गति धीमी कर दी गई।
9	स्वाभाविक मित्र तो भाग्य से ही मिलता है । वह स्वाभाविक मित्रता को विपत्तियों में भी नहीं छोड़ता है अर्थात् सच्चा मित्र बड़ा दुर्लभ है |	जो मित्र स्वाभाविक होता है, वह भाग्य से सुशोभित होता है, उस मित्र के द्वारा बनाया हुआ सौहारद पुत्र भी डूबता नहीं है।
10	इस प्रकार के राज्यों के विकास में सहयोग करने के लिए आप सभी का दायित्व है।	ऐसे में राज्य के विकास में सहयोग करने का आप सभी का दायित्व है।
3	और परिजन	और परिजनाएँ
5	वे सब भी उसको द्वेष करते थे ।	उन सबने भी उसको सुना।
6	वह माँ के साथ बात करना चाहती है।	वह माँ के साथ बात करना चाहती है।
3	भोजन से पूर्व आंवला हितकर है ।	खाकर आम खाना चाहिये।
5	पानी पीते समय शेर यहाँ वहाँ देखता है।	पानी पीते समय शेर यहाँ वहाँ देखता है।
4	अभी वह रामेश्वर पहुँचा ।	अभी वह रामेश्वर पहुँचा है।
3	वह पेंसिल तीखी कर रही है।	वह पेंसिल तीखी करती है।
6	कहीं भी संस्कृत में सम्भाषण सम्भव है।	जहाँ कहीं भी संस्कृत में बातचीत हो सकती है।
1	शक्तिशाली महान	भयंकर
1	बोला ।	जोर से
1	और भी	बाण
4	वह श्रेष्ठ अभिनेत्री है।	वह सेठ अभिनेत्री है।
9	यह सम्भव है। कहाँ से? 'अन्तपारं किल शब्दशास्त्रम्' ऐसा कहा गया है।	यह सम्भव है। कहाँ से? "अनन्तपार शब्दशास्त्र को नष्ट करो" ऐसा कहा गया।
5	दे दो , मेरी गेंद दे दो ।	दो, मेरी गेंद दो
11	आवेदन पत्र में सभीवेदकों ने निवेदन किया-अवारोध की समस्या को सामने नहीं लाते हैं, यह भी विशेष ध्यान दिया जाता है।	आवेदन के समय आवेदक सर्वर-यह भी विशेष सावधानी है कि अवरोध की समस्या का सामना नहीं करते हैं।
4	सूत जी ने कहा हे मुनिजन ।	राजा ने कहा।
8	इस प्रकार परिणामस्वरूप हिन्दू समुदाय खण्डशः विभाजित हो गया।	यहाँ तरह-तरह के परिणाम से हिंदू समाज टुकड़े-टुकड़े में विभक्त हो गया।
10	ऐसे अनेक प्रकार के यज्ञों का ब्रह्मा के मुख अर्थात् वेदों में प्रसार है अर्थात् वर्णित हैं। उन सब को कर्मों से उत्पन्न हुए जानो	इस प्रकार ब्रह्माजी के मुख में बहुत प्रकार की यज्ञविद्या फैली हुई है। कर्मों को जानने वाले तुम इस प्रकार जानते हुए मुक्त हो होगे।।
7	रात को मैंने एक खिड़की बन्द नहीं की थी ।	रात में मैंने एक खिड़की बन्द नहीं की थी।
14	अब मैं तुम्हें तापत्रयहारी अध्यात्मरामायण सुनाता हूँ, जिसके श्रवणमात्र से जीव अज्ञान से उत्पन्न महाभय से छूटकर परम ऐश्वर्य, दीर्घायु और पुत्र पौत्रादि को प्राप्त करता है ॥	इसलिये मैं आज कहता हूँ कि तीनों तपस्वियों को सुनो। यह सुनकर प्राणियों का ज्ञान अत्यन्त भय से मुक्त हो जाता है। यह अत्यन्त समृद्धि को प्राप्त करता है और दीर्घायु और पुत्रसन्तति को प्राप्त करता है।।
23	वह कहता है कि समय और दूर के अभाव से अब तक अधिकांश बैठकें इंटरनेट के द्वारा आयोजित की गई हैं, परन्तु भविष्य में सभी लोगों को केंद्रबिन्दु पर संग्रह करने के प्रयास होंगे।	वह कहता है कि समय और दूरी के अभाव से अब तक अधिकांश बैठकें इंटरनेट के माध्यम से आयोजित की गई हैं, लेकिन भविष्य में सभी लोगों को केंद्रबिंदु पर इकट्ठा करने का प्रयास किया जाएगा।
1	सत्यता से	सत्य से
1	गर्वविशेष	चमकना
13	उसका प्रबोधन करने के लिए पति बहुत जल्द सभी तरह की हिंसा से निवृत्त हो गया और भगवद्भजन के लिए वह बहुतवृत्त हो गया, अच्छा है।	उसके बोध से पति शीघ्र ही सभी प्रकार के हिंसा से निवृत्त हो गया, और भगवान् भज में प्रवृत्त हो गया, अच्छा है।
9	अब एएसआई को दिसंबर को रिपोर्ट देने होंगे	अब एएसआई को दिसंबर को रिपोर्ट देनी होगी।
9	रूमतेक-घैयालवा कर्मपा उद्यान-इस परियोजना के आधारशिलाएँ भीवर्चुअल रूप में रखींगी।	रुमटेक-ग्यालवा कर्मपा उद्यान-परियोजना के आधारभूत पत्थर भी आभासी रूप में स्थापित किए जाएंगे।
8	इनमेंसे यथार्थ (शीतोष्णवर्षावाली) ऋतु में औषधि (अत्र शाक आदि ) तथा जलभी ठीक रहते हैं और वे यथोचित अन जलादिक उपयोगमें आये हुए ( सेवन किये हुए ) मनुष्योंको प्राण, आयुर्बल, पराक्रम और ओज यथार्थ उत्पन्न करते हैं ॥	वहाँ से सम्पूर्ण वनों में फैली हुई औषधियाँ आपके प्रयोजन के लिए उपयोग की जाती हैं।
4	लेखनी नहीं लिखती है।	कलम नहीं लिखती है।
8	इन योजनाओं का लाभ लाभप्रद नहीं हुआ।	इन योजनाओं का लाभ लाभार्थी नहीं उठा सके।
10	इस बार भी चंद्रमा अपने दक्षिणी ध्रुव के पास समतल क्षेत्र में उतरेगा।	इस पवन में भी चंद्रमा के दक्षिणी ध्रुव के पास वर्तमान समतल क्षेत्र में उतरना होगा।
8	परीक्षा समय छात्रों को केवल पारदर्शी जलपुट, पारदर्शी पेन और पेन लाना चाहिये।	परीक्षा के समय छात्रों को केवल पारदर्शी पानी का पात्र पारदर्शी पेन लाना चाहिए।
4	वह तो करीब-करीब  बच गया।	वह कीचड़ से मुक्त हो गया।
11	भारतीय मौसम विभाग के साथ-साथ हिमाचल प्रदेश के साथ-मध्य प्रदेश के साथ-बिहार-पश्चिम बंगाल-और झारखंड के साथ भयंकर भय- कुज्झिटिका-बताने की संभावना स्पष्ट है।	भारतीय मौसम विभाग द्वारा मौसम विभाग द्वारा हिमाचल प्रदेश-प्रदेश में-मध्य प्रदेश में-बिहार-पश्चिम बंगाल-और झारखंड में भयंकर अति खतरे-कुज्जितिका-आवरण की संभावना व्यक्त की गई है।
10	लेकिन यह आशंका है कि बिना अनुमति के दवाएं बेची जा रही हैं।	लेकिन यह डर की बात है कि दवाएं बिना अनुमति के बेची जाती हैं।
4	अपने धन का ध्यान रखो।	धन के विषय में जागरूक रहें।
10	इसके तहत राज्य की काङ्ग्रेस- सरकार ने एक वर्ष में हजारों काम प्रदान किये हैं।	इसके तहत राज्य की कांग्रेस-सरकार ने एक वर्ष में हजारों काम किये हैं।
6	तो हम एक छोटा नाटक करते हैं।	तो फिर हम एक छोटा नाटक करते हैं।
6	घटना के बाद शिक्षक घर से भाग गया है।	घटना के बाद शिक्षक घर से भाग गया है।
1	रक्षा करने योग्य	रक्षा करनी चाहिए
12	इस समारोह में विद्यालय के बच्चों के अभिभावकों ने बड़ी संख्या में भाग लिया और कार्यक्रमों का आनंद लिया।	इस समारोह में विद्यालय के बच्चों के अभिभावकों ने बड़ी संख्या में भाग लिया और कार्यक्रमों का आनंद लिया।
3	उससे थैला ले जाना चाहिए।	उसके द्वारा थैला ले जाया जाना चाहिये।
8	इस प्रकार परिणामस्वरूप हिन्दू समुदाय खण्डशः विभाजित हो गया।	यहाँ तरह-तरह के परिणाम से हिंदू समाज टुकड़े-टुकड़े में विभक्त हो गया।
8	कुछ दिन पहले अजय रेड का चित्रोतलन शुरू हुआ।	कुछ दिन पहले अजय ने रेड का चित्रोतलंघन शुरू किया।
10	फल के प्रभाव से सूर्य बादलों में छिपा हुआ है, संध्या की घड़ियाँ बना दी गई हैं।	परिणामस्वरूप सूर्य मेघों में छिपा हुआ हो गया और सन्ध्या का भ्रम बन गया।
1	लगाई।	घायल
5	ठीक है। मध्यप्रदेश के पन्ना मण्डल में ‘हीरे’ रत्नों की खान की भूमि है।	सत्य। मध्य प्रदेश में पन्ना मण्डल हीरक रत्नों का खानभूमि है।
1	अनेक राम से	राम के लिए
11	निगम की वायु अनुकूल भंडार का आरक्षण भी करने के लिए यह ऑनलाइन सुविधा उपलब्ध होगी।	यह ऑनलाइन सुविधा निगम के एयर कंडीशनर भंडार का आरक्षण करने के लिए भी उपलब्ध होगी।
11	महाराज को मूर्च्छित देख कर रनिवास की समस्त महिलायें रोने लगीं। तब यह सोच कर कि "यह रुदन क्यों हो रहा है ?" वहाँ वसिष्ठ जी भी चले आये ॥	राजा को मूर्च्छित देखकर वह चुप हो गया। वसिष्ठजी ने भी कहा क्यों रो रहे हो?
15	यदि शब्द ज्ञान में धर्म कहा जाए तो साधु शब्द ज्ञान से अपशब्द ज्ञान अधिक होगा। उससे धर्म को अधिक प्राप्त करना होगा।	यदि शब्द ज्ञान में धर्म कहा जाए तो साधु शब्द ज्ञान से अपशब्द ज्ञान अधिक हो जाता है।
12	अमुना ने यह भी कहा कि शिक्षा के क्षेत्र में चाइल्ड एजुकेशन सोसाइटी का लंबा योगदान बेहद सराहनीय है.	अमुना ने यह भी कहा कि शिक्षा के क्षेत्र में चाइल्ड एजुकेशन सोसाइटी का योगदान बहुत सराहनीय है।
13	इसीलिए मैं कहता हूँ नहीं! यह विषय केवल विश्वास के साथ ही सीमित नहीं हो सकता है।	इसलिये मैं कहता हूँ नहीं! यह विषय केवल विश्वास में सीमित नहीं होना चाहिए।
11	कांगड़ा जिले के डॉडासीबा क्षेत्र मेंरैल पांचवीं बनूड़ी गौशाला का निर्माणकार्य चल रहा है।	कांगड़ा जिले के दादासीबा क्षेत्र के अंतर्गत आने वाले रेलपंचायत में बानुरी गौशाला में भव्य बांकेबिहारी मंदिर का निर्माण कार्य चल रहा है।
4	कुत्तों को दूर भगाता है	कुत्तों को दूर बुलाता है।
3	विनाश को प्राप्त न हुआ	विश्वास नहीं गया।
4	उसका लड़का स्कूल में पढ़ता है	उसका बेटा पाठशाला में पढ़ता है।
4	आपकी पुस्तक.... ऐसी ही ।	आपकी पुस्तक... इसी प्रकार है।
9	लॉन्चर के सफल परीक्षण से इसके सभी उद्देश्य पूरे हो गए।	मिसाइल के सफल परीक्षण से इसके सभी उद्देश्य पूरे हो गए।
9	उत्तर प्रदेश संस्कृत संस्थान जल्द ही जिला स्तरीय समन्वयकों की नियुक्ति करेगा, सिर्फ ऑनलाइन नहीं	उत्तर प्रदेश संस्कृत संस्थान जल्द ही जिला स्तरीय समन्वयक स्थापित करेगा, न केवल ऑनलाइन
19	समय से काम करना चाहिए कभी भी निरीक्षण हो सकता है।	समय से कार्य करना चाहिए, कभी निरीक्षण नहीं हो सकता। समय से काम करना चाहिए, कभी भी निरीक्षण नहीं हो सकता।
6	तो फिर घर के दरवाजे पर मुझे दीजियेगा	तो घर के दरवाजे पर मुझे दे दो।
4	उसी समय मैंने कह दिया था न ?	उसी समय बोला था न?
5	पत्नी –ये कूड़ा नहीं है।	यह कूड\u093Cा नहीं है।
13	मुख्यमंत्री ने कहा कि राज्य सरकार ने राज्य में कम से कम 10 फीसदी फिल्में निर्माण की हैं और सर्वश्रेष्ठ फिल्मों के लिए वार्षिक फिल्म पुरस्कार शुरू किए हैं।	मुख्यमंत्री ने कहा कि राज्य सरकार राज्य में कम से कम एक प्रतिशत शूटिंग करके सर्वश्रेष्ठ फिल्मों के लिए वार्षिक फिल्म पुरस्कार शुरू करे।
15	परन्तु ऐसा नहीं हुआ कि कोई दूषितभाव से युक्त, घृणा से भरा हुआ, हिंसा से भरा हुआ और काल से युक्त होने पर दूसरा व्यक्ति दुखी न हो।	परन्तु ऐसा नहीं हो सकता कि एक विषैला भाव से युक्त, द्वेष से युक्त, हिंसा से युक्त काल सर्प होकर दूसरे को मारे।
3	तब पथिक ने उन्हें गिना।	राहगीर ने उन्हें गिना।
2	यह मानचित्र है।	यह नक्शा है?
5	तो कहो सोने से बनी हुई, चाँदी से बनी हुई अथवा ताँबे से बनी हुई।	उसके बाद सोने का, चाँदी का अथवा ताँबे का।
7	मेरा भाई अब कहाँ गया है, मैं नहीं जानता	मेरा भाई अब कहाँ गया, नहीं जानता हूँ।
8	उस समय वह सर्वान्तर्यामी दूर्वादल के समान श्यामवर्ण, कमलनयन, चीराम्बरधारी, स्निग्ध जटाजूट वाले श्रीरामचन्द्र का सीता और लक्ष्मण के सहित बहुत देर तक ध्यान करते रहे ॥	अति श्यामवर्णके दुर्वदल, चीता, चीता, जटा, कला और सीताजीको खाकर सह-लक्ष्मणने उन दोनोंका भोजन किया॥
8	अहमदाबाद में भक्त श्रेष्ठ लादूराम नामक एक ब्राह्मण शिष्य थे।	अहमदाबाद में भक्त श्रेष्ठ लादूराम नामक एक ब्राह्मण सज्जन हुआ।
8	अखिलेश ने कहा कि आज बहुत ही अच्छा दिन है।	अखिलेश ने कहा कि आज बहुत शुभ दिन है।
10	गाजा पर  हवाई हमलों ने हमास की 10 भूमिगत सुरंगों और हथियार निर्माण सुविधाओं को नष्ट कर दिया है। इसराइल इसी बात पर घमंड करता था।	इजराइल ने दावा किया है कि गाजा में हवाई हमलों से हमास के 10 भूमिगत सुरंगें और हथियारों के निर्माण की सुविधाएं नष्ट हो गई हैं।
10	में प्रकाशित''मजाक''नमिका उनकी पहली कथावाचक बनीं।	सन् 1967 में प्रकाशित "द जॉक" नामिका उनकी पहली किंवदंती है।
22	केरल के राज्यपाल आरिफ मुहम्मद खान, मुख्यमंत्री पिनाराई विजय, नौसेना के कमांडर आर. हरिकुमार, कार्यक्रम में दक्षिण मंडल अधिकारी एमए हम्पी होली ने भाग लिया.	केरल के राज्यपाल आरिफ मुहम्मद खान, मुख्यमंत्री पिनाराई विजय, नौसेना प्रमुख आर हरिकुमार, दक्षिणी मंडल अधिकारी एमए हम्पी होली ने आयोजित कार्यक्रम में भाग लिया।
4	सोलन के सरकारी महाविद्यालय से स्नातक पदवी पाई।	सोलन के राजकीय महाविद्यालय से स्नातक की उपाधि प्राप्त की।
7	मन्दिर के बाहर बड़ी संख्या में श्रद्धाल् वर आए हैं।	मंदिर के बाहर बड़ी संख्या में श्रद्धालु आए हैं।
6	मन्दिर के ऊपर सुन्दरता से हाथी उछले हुए हैं।	मंदिर के ऊपर सुन्दर हाथी उत्कीर्ण हैं।
10	खाने की चीजें , सौन्दर्यप्रसाधन , स्वच्छता की वस्तुएँ खरीद सकते हैं।	खाद्य वस्तुएँ, सौन्दर्य प्रसाधन की वस्तुएँ, स्वच्छता की वस्तुएँ इत्यादि खरीद सकते हैं।
7	और भी घर में बहुत काम होने से निरन्तर पढ़ना ही नहीं होता।	दूसरे घर में कार्यबल से निरन्तर अध्ययन ही नहीं होता है।
4	प्रतिशत लोग गांवों में रहते हैं।	एक प्रतिशत लोग गाँवों में रहते हैं।
1	आने के लिए	आना
6	सर दोराबजी टाटा उनमें से एक थे।	सर दोराबजी टाटा उनमें से एक थे।
1	तुम में	तुम्हें
4	आज धोबी नहीं आया।	आज धोबी नहीं आया।
9	प्रसारित तस्वीरों से पता चलता है कि चक्रवात के कारण भारी वाहन भी घरों के ऊपर गिर गए	चक्रवात के कारण भारी वाहनों को भी हमलों के ऊपर फेंका गया प्रतीत होता है।
4	तुम वाङ्मय हो, तुम चिन्मय हो।	तुम वाणी के समान चंचल हो।
6	पुत्र -वहाँ आपने साड़ी लटका दी थी	पुत्र-वहाँ आप साड़ी लटका दी।
12	प्रधानमंत्री श्री नरेंद्र मोदी ने नई दिल्ली में श्रीराम जन्मभूमि को-मन्दिर की स्मारक डाक टिकट का परिचय दिया-मुद्रा ङ्कन ने पहले घोषणा की।	प्रधानमंत्री श्री नरेन्द्र मोदी ने नई दिल्ली में श्रीराम जन्मभूमि-मंदिर की स्मारक डाक टिकट की घोषणा की-उन्होंने मोहर की घोषणा की.
14	आदिलाबाद, निर्मल, मुलुगु, मेदक जैसे जिलों में तीव्र गति से मतदान हुआ, हैदराबाद में मतदान की गति धीमी थी.	आदिलाबाद, निर्मल, मुलुगु, मेडक जैसे जिलों में तेज मतदान हुआ, हैदराबाद में मतदान की गति धीमी थी।
5	रेलवे स्टेशन में लोग प्रतीक्षा कर रहे हैं।	रेलवे स्टेशन पर लोग प्रतीक्षा कर रहे हैं।
1	व्यर्थ	मूढा
13	2008 में, लिंका ने 3,500 कंगनों के संग्रह के साथ बुक ऑफ वर्ल्ड में प्रवेश किया।	इसके बाद, वर्ष 2008 में, 3,500 कंकण बेलों के संचय ने लिंका बुक ऑफ वर्ल्ड में अपना नाम बनाया।
4	चिकित्सक रोगी को औषधि देता है।	चिकित्सक रोगी को औषधि देता है।
5	हिमाचल में भी यह चरण निकलता है।	हिमाचल में भी यह चरण बढ़ता है।
11	जब शिकारी ने अपने निकट आये हिरण की करुण दृष्टि देखी तो उसका हृदय दया से भर गया	उसके पास आई हिरण की दीन दृष्टि को देखकर शिकारी का हृदय दयालु हो गया।
6	हम सभी पर्वतों पर चढ़ नहीं पाएँगे।	हम सभी पर्वतों पर चढ़ नहीं सकते।
1	मरघट	श्मशान
8	साहित्य से ही साहित्यकार अपने भावों और विचारों के समाज में प्रसारित करता है।	साहित्य के द्वारा लेखक स्वभाव और विचारों को समाज में फैलाता है।
4	हम शिव के मन्दिर गए।	हम सब शिव के मंदिर गए थे।
11	केवल दूध पर रहते हुए वर्धमान-पिप्पली विधि से एक हजार हरड़ो का सेवन करना चाहिये । अथवा शिलाजतु की विधि से शिलाजीत या गुग्गुल का प्रयोग करना चाहिये ॥	हरितकी के साथ अथवा दही के साथ अथवा शिलाज के साथ अथवा शिलाज के साथ गुग्गूल का प्रयोग करना चाहिये।
4	मैं असत्यभाषण नहीं चाहती हूँ।	मैं असत्यभाषण नहीं चाहता हूँ।
14	जब तक रास्ता नहीं रुकाता है तब तक केवल 4×4 वाहन ही मिल सकते हैं-अवरोध प्राप्त कर सकते हैं।	जब तक रास्ते की स्थिति नहीं होती तब तक केवल 4×4 वाहन ही सोलंग पहुंच सकते हैं-अवरोध को प्राप्त कर सकते हैं।
13	विपक्षी त्रियुंडा शुल्क लिया जाता है, विमानस्थानक-विस्थापित लोगों को पुनर्वास के साथ अन्य मामलों में धैर्य देता है।	विपक्षी तीन रुपये का शुल्क लिया जाता है, हवाई अड्डा-विस्थापित लोगों के पुनर्वास सहित अन्य विषयों पर जोर देता है।
4	पाँच लड़कियाँ है।	पाँच लड़कियाँ हैं।
17	Times ऑफ इण्डिया पत्रिका के समाचारानुसार "बुच्ची बाबू सना" के''आरसी 16''इसे पैना इण्डिया फिल्म है।	टाइम्स ऑफ इण्डिया पत्रिका के अनुसार "बुच्चि बाबू सना" इसका "आरसी 16" यह पैन इण्डिया फिल्म है।
8	खबर के अनुसार, विद्या बालन की प्रेत की''मज्जुलिका''इसकी भूमिका में दिखाई देती है।	प्राप्त समाचार के अनुसार विद्या बालन प्रेत की "मजूलिका" इसकी भूमिका में दिखाई देती है।
1	अवश्य होनेवाला	होना चाहिए
1	दुश्मन	दुश्मन
1	पगडंडी	एक पैर वाला
5	दादा पौत्र को पत्र लिखाता है।	दादाजी पोते को पत्र लिखते हैं।
4	आजकल रास्ते में पुलिस रक्षक खड़े रहते हैं।	इस समय रास्ते में पुलिसकर्मी खड़े हैं।
8	गुजराती भाषा में बावड़ कहते हैं	गुजराती भाषा में "बावड\u093C" ऐसा कहा जाता है।
23	कुछ लोगों ने कहा दृ वह भालू बहुत छवीला है, वह सूर्य अस्त हो जाने के बाद छिप कर आता है और कामदेव के समान सुन्दर अपना शरीर युवतियों तथा किशोरियों को दिखाता है। इस समय किसी का भी शील सुरक्षित नहीं है।	कुछ ही लोग कहते थे-अरे! यह बहुत ही चमकीला है। वह भल्लूक दिन-रात छिपकर अपना काम दिखा रहा है। वह अपने प्रेम से डरने वालों को अपनी कामना दिखा रहा है। किसी का भी स्वभाव सुरक्षित नहीं है, ऐसा सोचते थे।
6	अजी ! क्यों जा रहे हैं ?	अरे अरे! क्यों जा रहे हो?
6	रक्षा पहल राष्ट्रीय-राज्य दुरंत निवारण सेना के, और रिजर्व बल के नेतृत्व में.	रक्षा पहल राष्ट्रीय-राज्य आपातकालीन निवारण बलों, और पुलिस बल के नेतृत्व में चल रही हैं।
8	सूर्य वक्षस्थलकी, दिशा कर्णेदिय की, चंद्रमा मनकी, तारागणरूपकी और रात्री छायाकी रक्षा करो ॥	वक्षःस्थल, सूर्य की दिशा, कान में चन्द्रमा को धारण करने का तुम्हारा मन है।
11	तत्पश्चात् सेठ को बुलाकर उन्होंने कहा 'अरे! सेठ, क्या तुमने किसी क्षपणक को मारा है?	तत्पश्चात् उन दोनों ने सेठों से कहा हे सेठ! क्या तुम किसी दुकानदार को मार डाला है?
5	गाँव के चारों ओर क्षेत्र हैं।	गाँव के चारों ओर खेत हैं।
18	भला आपके सिवा और किसके उदरमें शिव, ब्रह्मा आदि यह सारा प्रपञ्च स्थित है, कौन इसकी रक्षा करता और किसकी नाभिसे यह उत्पन्न होता है? आपको छोड़कर कौन इसे अपने पैरोंसे मापकर (प्रलयकालमें] निगल जाता और पुनः [सृष्टिकालमें] बाहर प्रकट कर देता है; यह प्रपञ्च किसी दूसरेके अधीन है—ऐसी शङ्का भी कौन कर सकता है?	हरविर्विर मुखवाला कौन है? कौन मेरी रक्षा करती है? कौन मेरी रक्षा करती है? कौन मेरी रक्षा करती है? कौन मेरी रक्षा करती है? कौन आपकी रक्षा करता है? कौन आपकी रक्षा करता है? कौन आपकी रक्षा करता है? कौन आपकी रक्षा करता है?
4	उसने मेरा वाहन तोड़ दिया	उसने मेरा वाहन बेच दिया।
4	सास बहू को पाकविद्या सिखा रही है ।	सास बहू को पाकविद्या पढ\u093Cाती है।
13	धन से धर्म की रक्षा की जाती है। विद्या को योग के द्वारा बचाया जा सकता है। मधुरता के कारण राजा को बचाया जा सकता है और अच्छी स्त्रियां घर की रक्षक होती हैं।	धन से धर्म की रक्षा होती है, विद्या से योग की रक्षा होती है, मिट्टी से पृथ्वी की रक्षा होती है और स्त्री से घर की रक्षा होती है।
4	वह रोशनी है	वह रोशनी है।
6	तब ही एक छात्रा वहाँ से गुजरती है	उस समय एक छात्रा वहाँ से निकलती है।
3	हम सब पकाते हैं ।	हम सब पकाते हैं।
8	वश में किया हुआ चित्त जिस कालमें अपने स्वरुपमें ही स्थित हो जाता है और स्वयं सम्पूर्ण पदार्थों नि: स्पृह हो जाता है, उस कालमें वह योगी कहा जाता है।	जब मन का नियमन किया जाता है, वह आत्मा के समान स्थित होता है, तब निःस्पृह व्यक्ति को सभी कामों से युक्त कहा जाता है।।
13	सामाजिकन्याय के विश्व दिवस सामाजिकन्याय के युद्ध में हुई प्रगति को चिन्तन करने के लिए, बाकी के आह्वानों को भी चिन्तन करने का अवसर है।	सामाजिक न्याय का विश्व दिवस सामाजिक न्याय के युद्ध में की गई प्रगति को सोचने का अवसर है, और शेष आह्वानों को सोचने का अवसर है।
1	उन्नीस	उन्नीस
17	ये विधेयक इस वर्ष अगस्त में लोकसभा में पेश किये गये थे, पारित होने के बाद ये विधेयक अंग्रेजी में- शासन के ढह के स्थान पर आए।	ये विधेयक इस वर्ष अगस्त में लोकसभा में पेश किए गए थे। पारित होने के बाद ये विधेयक अंग्रेजी हैं-शासन के अनुकूल स्थान पर आ गए।
8	संगीता रेलमार्ग, नन्दिनी नैथानी कार्यक्रम के संयोजक के रूप में थे।	संगीता रेलमार्ग और नन्दिनी नैथानी कार्यक्रम संयोजक के रूप में थे।
4	हम दोनों कार्यकर्ता हैं।	हम दोनों कार्यकर्त्ता हैं।
3	हम दोनों यज्ञ करते हैं ।	हम दोनों यज्ञ करते हैं।
23	इस अवसर पर मुख्य अतिथि बालिकाएँ-छात्रों की उपलब्धियों को बधाई देते हुए उन्होंने कहा कि आज लड़कियों की युग है और बेटी की हर कार्य में पुत्रों की कमी नहीं है।	इस अवसर पर मुख्य अतिथि बालिकाएँ-छात्रों की उपलब्धियों को बधाई देते हुए उन्होंने कहा कि आज कन्याओं का युग है और पुत्री का कार्य हर कार्य में पुत्रों से कम नहीं है।
4	छात्र खुश होते हैं	छात्र खुश होते हैं।
3	अमिता मूँगफली की कतली खा रही है।	अमिता मूँगफली की कली खाती है।
7	हिरणी माँ डर गई और वहाँ से नहीं हटी	माँ हरिणी ने डर से वहाँ से नहीं जाना।
1	कंघा	कंघी
6	उसका पोता रास्ते में साइकिल चला रहा है	उसका पोता रास्ते में साइकिल चलाता है।
4	जल्दी जल्दी वस्तुएँ रखो।	जल्दी से वस्तुएँ रख दो।
7	कभी कभी मेरे साथ भी बात करते हैं	कभी कभी मेरे साथ भी बात करता है।
4	दीपावली पर लक्ष्मी की पूजा कब होती है?	दीपावली पर लक्ष्मी की पूजा कब होती है?
7	एसआईटी कहता है कि अभियुक्तों के खिलाफ दृढ़ साक्षी हैं।	एसआईटी का कहना है कि अभियुक्तों के खिलाफ मजबूत गवाह हैं।
5	उसका सूत्रग्रन्थ 'शब्दानुशासन' है।	उनका सूत्रग्रन्थ "शब्दानुशासनम्" ऐसा है।
10	चार प्रकार के अम्लो ( वृक्षाम्ल, अम्लवेतस, अनार और बेर अथवा कैथ, चौपतिया, वृक्षाम्ल ओर अनार ) का एक प्रस्थ, सोठ, मरिच और पिप्पली मिलित तीन पल, पाचो नमक ( सैन्धव, रुचल, सामुद्र, विड् और उद्भिद ) मिलित चार पल, शर्करा आठ पल मिला कर चूर्ण कर लेना चाहिये । इस चूर्ण को शाक, दाल, राग ( व्यञ्जन विशेष ) आदि में मिलाना चाहिये । यह चूर्ण कास, अजीर्ण, अरुचि, वास, हृदयगंग, पाण्डुरोग और गुल्म को नष्ट करता है ॥	आम के चार भाग, अम्ल के तीन भाग, नमक के चार भाग और चीनी के चार भाग।।
5	अवधेश किसका बड़ा भाई है?	अवधेश किसका बड़ा भाई है?
3	आप विद्यालय जाईये।	आप विद्यालय जाईये।
10	उनका जन्म 1924 में मध्य प्रदेश के सिवनी जिले के एक कस्बे डिगोरी में हुआ था।	इस भिक्षु का जन्म सन् 1924 में मध्य प्रदेश के सियोनि जिले के डिगोरी में हुआ था।
4	सूत जी ने कहा हे मुनिजन ।	राजा ने कहा।
6	इस विश्व प्रसिद्ध घाट में कुम्भमेला बनती है।	इस विश्व प्रसिद्ध घाट में कुम्भमेला होता है।
5	अशिक्षित मनुष्य पशु के समान होते हैं।	अशिक्षित मनुष्य पशु समान होता है।
9	वीं फेल और दक्षिण की फ़िल्म निघनी थी।	मैं असफल हूँ और दक्षिण की फिल्म बहुत अपेक्षित थी।
5	वह मुंबईनगर के तोंग-अस्पताल में घुस थे।	वह मुम्बईनगर के तुङ्गा अस्पताल में भर्ती थे।
1	कीड़ा भी	कीड़े भी
7	मेरे पिता मद्यपान छोड़ दें यह मैं चाहती हूँ।	मेरे पिता मद्यपान छोड़ देना चाहते हैं।
7	वह दादाजी को प्रणाम करके सब कुछ पूछता है	वह दादाजी को प्रणाम करके सभी से बात पूछता है।
4	उनके ऊपर आवरण लगाता है।	उनके ऊपर आवरण लगाता है।
7	वानरोंका नन्दन और राक्षसोंका अवसाद वह अस्त्र है	वानरों का नन्दन और राक्षसों का अवसादन वह अस्त्र है।
4	सज्जन पुरुष तिल के समान छोटे से उपकार को भी पहाड़ के समान बड़ा मानते हैं।	सज्जन व्यक्ति तिलमात्र का भी उपकार पर्वतमात्र के समान मानता है।
19	लोकसभा चुनाव से पहले बहुजन समुदाय के सांसद रितेश पांडे ने रविवार को उत्तर प्रदेश के उपमुख्यमंत्री ब्रजेश पाठक और भारतीय जनता पार्टी के नेताओं की उपस्थिति में दिल्ली में भाजपा की अध्यक्षता की।	लोकसभा चुनाव से पहले बहुजन समाज पार्टी के सांसद रितेश पांडे रविवार को उत्तर प्रदेश के उपमुख्यमंत्री ब्रजेश पाठक और अन्य भारतीय जनता पार्टी के नेताओं की उपस्थिति में दिल्ली में दल के मुख्यालय में भाजपा में शामिल हुए।
15	इसी प्रकार श्रीरामचन्द्रजी के बाणों से रावण के समान वर्त्तमान सिर पर एक सौ खरोटियाँ टूट गईं यदि भी उसके अन्दर नहीं दिख रही थीं।	इसी प्रकार श्रीरामचन्द्रजी के बाणों से रावण के समान ऊँचे सिर पर एक सौ टुकड़े तो भी उसके अंदर नहीं दिखते थे।
4	प्रारम्भिक धर्म का साधन क्या है?	सबसे पहले धर्म का साधन क्या है?
11	पर्यावरण विभाग ने कहा कि हिमाचल प्रदेश में दो दिन और उत्तराखंड में चार दिन तक बारिश जारी रहेगी.	पर्यावरण विभाग ने कहा कि हिमाचल प्रदेश में दो दिनों तक और उत्तराखंड में चार दिनों तक बारिश जारी रहेगी।
18	राज्य के प्रमुख औद्योगिक संस्थानों और उद्यमियों ने औद्योगिक क्षेत्रों में आधारभूत संरचनाओं को मजबूत करने के लिए बड़े पैमाने पर घोषणा की आशा व्यक्त की है, वहाँ नई नई नई उत्पत्तियों के लिए आकर्षण की भी आशा करते हैं।	राज्य के प्रमुख औद्योगिक संस्थानों और उद्यमियों ने औद्योगिक क्षेत्रों में आधारभूत संरचनाओं को मजबूत करने के लिए बड़े घोषणाओं की आशा व्यक्त की, और वहाँ नए उद्योगों को बढ़ावा देने के लिए कम करने की भी आशा करते हैं।
1	प्राप्त हुई	पास गया
4	पहले मेरा काम पूरा करिये	पहले मेरा काम समाप्त करिये।
4	आज्ञा को पाकर दोनों चल पड़े।	आदेश पाकर दोनों आगे बढ़े।
12	हे पुरुषोत्तम ! तुम्हारे लिये कैकेयी राजादशरथ से राज्य की याचना की थी। सत्यसन्ध राजा दशरथ ने प्रतिज्ञा पूर्वक कैकेयी को वर दिया था ॥	हे मनुष्यो! कैकेयी ने जो राज्य माँगा था, वह सत्यसन्ध दशरथ ने प्रतिज्ञा करके तुम्हें दे दिया॥
25	इस संबंध में अस्पताल के प्रशासन को और सरकार को कई अनुरोध किये गये, लेकिन उनके अनुरोध पूरी नहीं हो रहे हैं, जिसके कारण से वे कार्य को शुरू कर रहे हैं, मंगलवार से चार घंटे तक आन्दोलन करेंगे।	इस संबंध में चिकित्सालय प्रशासन को, सरकार को भी कई अनुरोध किए गए हैं, लेकिन उनकी आग्रह पूरी नहीं हो रही हैं, जिसके कारण उन्होंने कार्य स्थगन आंदोलन (पेन डाउनस्ट्रैक) शुरू किया, वे मंगलवार से चार घंटे तक आंदोलन करेंगे।
3	एक कारखाने में काम कर रहा हूँ।	कारखानामें उद्योग।
10	श्रीकण्ठ बोला—”मित्र! तुम्हारे वचनों को सुनकर मेरे मन में बहुत प्रसन्नता हुई।	श्रीकण्ठ बोला-"मित्र! तुम्हारे वचनों को सुनकर मेरे मन में बहुत खुशी हुई।
8	सुदैव से यह संभव होता है। परन्तु इस आत्मा के संशय (वाले कार्य) में प्रयत्न नहीं करना चाहिए।	भाग्य से ही यह सम्भव है। परन्तु इस आत्म सन्देह में प्रवृत्ति के अनुसार।
10	अस्तित्व को प्राप्त करके भाषा संस्थान महान् व्यक्तित्वों की स्मरण के लिए ऐसे भव्य कार्यक्रम का आयोजन करता है।	अस्तित्व प्राप्त करके भाषा संस्थान महान व्यक्तित्वों की स्मृति में ऐसे भव्य कार्यक्रम आयोजित करता है।
1	मैं जानती हूँ ।	जानता हूँ
5	वह हिन्दी नहीं जानता है।	वह हिन्दी नहीं जानता है।
6	ये महोदय बहुत कर्मठ थे ।	ये महोदय बहुत मेहनती थे।
8	फिर उन्होंने चीन का राष्ट्रीय ध्वज फहराया. बाद में, राष्ट्रों के बीच मार्च अंग्रेजी वर्णमाला के क्रम का पालन किया गया।	फिर उन्होंने चीन का राष्ट्रीय ध्वज फहराया। इसके बाद अंग्रेजी अक्षरमाला के क्रम में अंतरराष्ट्रीय सड़कों पर हलचल मचाई।
4	दीप्ति बैंगन की सब्जी लाती है।	दीप्ति बैंगन की सब्जी लाती है।
9	कन्या के सहायक को देखकर निशाचर दशग्रीव ने पूछा – आप कौन हैं?	कन्या की सहायता से उसे देखकर निशाचर दशग्रीव ने उससे पूछा आप कौन हैं?
9	आज तुम लोगों के साथ रमेश नहीं आयेगा ऐसा है न ?	आज रमेश तुम्हारे साथ नहीं आ रहा है। ऐसा नहीं है?
3	मैं देशभक्ति गीत गा रहा हूँ।	मैं देशभक्ति गीत गाता हूँ।
15	पारंपरिक-इंक्यूबेटर-इत्या के खिलाफ यह यन्त्र हर शिशु के लिए विशिष्ट है- आवश्यकताओं के अनुकूलता करके स्वतन्त्र पकाने वाला-इंक्यूबेटर-इत्या इन दोनों के रूप में काम करता है।	पारंपरिक-इनक्यूबेटर-इसके विपरीत यह यन्त्र प्रत्येक शिशु की विशिष्ट आवश्यकताओं को अनुकूल करके स्वतंत्र-तापक-इनक्यूबेटर-इन दोनों के रूप में कार्य करता है।
22	महँगाई, सेब के उर्वर कीटनाशक के आयात शुल्क कम करने जैसे विषयों पर सम्मेलन में चर्चा की जाएगी, इससेब के उत्पादन की कीमत में दोगुना हो गई है कि भविष्य की रण नीति का निर्णय किया जाएगा।	महँगाई, सम्मेलन में सेब के उर्वर कीटनाशकों के आयात शुल्क को कम करने जैसे विषयों पर चर्चा की जाएगी, और भविष्य की रणनीति पर निर्णय लेने के कारण सेब के उत्पादन की लागत दोगुनी हो गई है।
8	अंत में सौ लोग भण्डार में प्रसाद रूप में खिचड़ी का सेवन करते थे।	अंत में सैकड़ों लोग भण्डार में प्रसाद के रूप में खिचड़ी खाते थे।
6	जो प्रशिक्षण देती हैं वे प्रशिक्षिकायें।	जो प्रशिक्षण देते हैं वे प्रशिक्षक हैं।
4	सबके नाम लिखने होते हैं।	सबके नाम लिखने होते हैं।
1	महिला	सोता है।
3	सभी स्थानों पर क्या वर्जनीय है?	क्या सब जगह बहिष्कार करना चाहिये?
13	जब अमेरिकी विदेश मंत्री एंथनी ब्लिंकन चीन की यात्रा के लिए रवाना हो रहे थे तभी आसमान में चीनी एयर बैलून देखा गया।	अमेरिकी विदेश मंत्री एंटोनियो ब्लिंकन के चीन की यात्रा के लिए तैयार होने के मद्देनजर चीन का हवाई अड्डा आकाश में देखा गया था।
1	जरद्गव ने	जरदगव
4	कहीं पर एक बुढ़िया मिलती है।	कहीं एक वृद्धा मिलती है।
8	केंद्र सरकार भी जहाँ आवश्यक है वहाँ धन देता है।	केंद्र सरकार भी जहाँ आवश्यक हो वहाँ धन देती है।
13	डॉक्टर नाराज हैं क्योंकि चिकित्सा महाविद्यालय के प्राचार्यों और चिकित्सा अधीक्षकों का अधिकार नहीं लौट रहा है।	मेडिकल कॉलेज के प्रिंसिपल और मेडिकल अधीक्षकों का अधिकार वापस नहीं आने के कारण डॉक्टर नाराज हैं।
6	सम्भव हो तो बाजार से सेव लाईयेगा।	हो सके तो बाजार से सेव ला।
10	किससे कष्ट को तुम यहाँ आ रहे हो बताओ कैसे सेवा करूँगा।	किस कष्ट से तुम यहाँ आये हो, सुनो! कैसे सेवा करूँ।
16	एक सामाजिक संदेश में उपराष्ट्रपति ने कहा कि फली नरीमन सत्रह वर्ष की अवधि के दौरान भारतीय विधि-प्रणाली में महान् व्यक्ति थे।	एक सामाजिक-इंटरनेट संदेश में उपराष्ट्रपति ने कहा कि फली नरीमन सत्रह से अधिक कार्यकाल में भारतीय कानून-व्यवस्था में महान व्यक्ति थे।
15	कर्मा दोरज ने कहा कि यह सफलता ईश्वर की, पिता की, शिक्षकों द्वारा आशीर्वाद के मार्गदर्शन का फल है।	कर्मा दोरज ने कहा कि यह सफलता ईश्वर, पिता, शिक्षकों और मार्गदर्शन का फल है।
5	वह पति के साथ घूमने गई थी।	वह पति के साथ घूमने गई थी।
6	इस समय कलियुग का प्रथम चरण चल रहा है।	अब कलियुग का पहला चरण चल रहा है।
4	वो दो थीं ।	वे दो थे।
1	नेत्रों की पलक गिरने का समय	एक मिनट
4	पुरुषार्थ (मेहनत) से ही लक्ष्य की प्राप्ति सम्भव है।	पुरुष के द्वारा ही लक्ष्य प्राप्त किया जाता है। (प्रकाश)
18	उन्होंने कहा कि सरकारी कार्यालयों में ई-टेक्सी-यान भी स्थापित हो जाएंगे जिससे युवा लोग भी निश्चित आय स्रोतों को प्राप्त कर सकते हैं।	उन्होंने कहा कि सरकारी कार्यालयों में ई-टैक्सी-यान भी स्थापित हो जाएंगे जिससे युवक भी नियमित आय का स्रोत प्राप्त कर सकें।
3	भैंस आंगन में रहती थी।	भैंसा आँगन में रहता था।
19	नरेंद्र मोदी के आतंकवादी हमलों के खिलाफ शून्य सहनशीलता की नीति से यदि कोई भी व्यक्ति, संस्था या भारत के खिलाफ गतिविधियों में लगे दिखता है तो उसका दण्ड नहीं होगा।	नरेंद्र मोदी की आतंकवाद के खिलाफ शून्य सहिष्णुता की नीति के तहत यदि कोई भी व्यक्ति या संस्था भारत विरोधी कार्यों में लगी हुई दिखाई पड़ती है तो उसका नाश हो जाएगा।
20	सदन में शोर हो गया, इसके बाद- विधानसभा के उपसभापति चुनाव के लिए दोनों ओर से- प्रस्ताव किया गया, और सभी एक में विनय कुमार नाम के लग गये।	सदन में शोर हो गया, उसके बाद-विधानसभा के उपसभापति के चुनाव के लिए दोनों ओर-प्रस्ताव किया गया, और सभी एक नाम से विनय कुमार के रूप में सहमत हुए।
6	स्वरा – इनकी दूसरी भी कोई विशेषता है।	स्वरा-इनकी और कोई विशेषता है?
10	मुख्यमंत्री सुखविंदर सिंह सुक्खू ने कहा कि इस तालाब के शुरू होने से परिसर के अक्षात्कार में इसका उपयोग हो गया है।	मुख्यमंत्री सुखविंदर सिंह सुक्खू ने कहा कि इस पटल के शुरू होने से परिसर गवाहों में इसका उपयोग हुआ है।
8	मेरा पैर, मेरा हाथ.... मेरा शिर... मेरा मुख... ।	मेरा पैर, मेरा हाथ... मेरा सिर, मेरा मुँह...।
3	पुत्र प्राप्ति के लिए ही स्त्रियों का वरण किया जाता है।	पुत्र के लिए स्त्रियाँ ही योग्य होती हैं।
20	अखिल भारतीय कांग्रेस समिति के अध्यक्ष मल्लिकार्जुन खरगे, वरिष्ठ नेता सोनिया गांधी, राहुल गांधी, प्रियंका गांधी भी शपथ ग्रहण समारोह में उपस्थित थे।	अखिल भारतीय कांग्रेस समिति के अध्यक्ष मल्लिकार्जुन खड़गे, वरिष्ठ नेता सोनिया गांधी, राहुल गांधी और प्रियंका गांधी शपथ ग्रहण समारोह में उपस्थित थे।
20	जब मुख्यमंत्री ने कहा कि स्थायी घर बन रहा है तब विकास ने कहा कि हाँ महोदय, आपकी सहायता से उत्तम घर बन जाता है।	जब मुख्यमंत्री ने कहा कि स्थायी घर बन रहा है तब विकास ने कहा कि हाँ महोदय, आपकी सहायता से उत्तम घर बन रहा है।
9	शिमलानगर के रिजभूम, मलमार्ग और धर्मशाला में बड़ी संख्या में कार्यक्रम आयोजित किए गए।	शिमला नगर के रिजभूमि पर, मॉल मार्ग पर और धर्मशाला में बड़े-बड़े कार्यक्रमों का आयोजन किया गया।
7	देवव्रत रोगियों की सेवा करता है चूंकि सेवा भाव है।	देवव्रत रुग्णसेवा करता है क्योंकि सेवाभाव है।
22	कार्यक्रम में प्रोफेसर एस.के. उपस्थित थेसविता शर्मा, प्राकृत भाषा विभाग के अध्यक्ष प्रोसुदीप कुमार जैन, श्री आदित्य पंचोली, कम्प्यूटर विभाग के प्रो, प्रकाशन विभाग के सहायक डाॅज्ञानधर पाठक, शोध विभाग के प्रमाण शोधकर्ता डाॅजीवन कुमार भट्टराई, अनुसंधान सहायक तरूणा-अवस्थी एवं विश्वविद्यालय के अन्य शिक्षक उपस्थित थे।	कार्यक्रम में आधुनिक विषय समिति के प्रमुख शर्मा, प्राकृत भाषा विभाग के अध्यक्ष, कंप्यूटर विभाग के आचार्य श्री आदित्य पांचोली, प्रकाशन विभाग के सहायक, शोध विभाग के प्रमाण शोधकर्ता, शोध सहायक तरुण-अवस्थी और विश्वविद्यालय के अन्य शिक्षक उपस्थित थे।
3	चन्द्रमा रात्रि करता है।	निशाचर निशा करता है।
3	यहाँ दौड़ स्पर्धा नहीं है।	यहाँ दौड़ने की स्पर्धा नहीं है।
3	आप जल्दी से आईये।	आप जल्दी आओ।
8	गृह विभाग, हिमाचल प्रदेश-लोकसेवा- कमीशन के माध्यम से नियुक्त नए मानकों का निर्धारण किया गया है।	गृह विभाग ने हिमाचल प्रदेश-लोकसेवा-आयोग के माध्यम से नियुक्त होने के नए मानक निर्धारित किए गए हैं।
11	इस वार्तालाप में दोनों देशों के विशेष कार्य-नीति को समानता के उद्देश्य से मन्त्रण किये गये।	इस वार्तालाप में दोनों देशों का विशेष कार्य-नीति के अनुसार मंत्रणाएं हुईं।
6	चित्रों में सोनाक्षी सरल, लघुकुर्ता-शरारासेट के बीच दिखती है।	चित्रों में सोनाक्षी सरलता से छोटी लड़की-शरारा सेट के बीच दिखाई देती है।
9	बच्चे चीनी अधिक खाते हैं तो दाँत जल्दी से टूट जाते हैं।	बच्चे चीनी अधिक खाते हैं तो दाँत जल्दी ही टूट जाते हैं।
6	तो शीघ्र स्नान करते हैं क्या ?	तो फिर जल्दी स्नान किया जाता है न?
7	वह यहाँ विधानसभा उपाध्यक्ष विनय कुमार की जगह खड़े होंगे.	वह यहाँ विधानसभा उपाध्यक्ष विनय कुमार के स्थान पर बैठेंगे।
9	तमे वर्षे दिसंबर महीने की तारीख को संयुक्त राष्ट्र सतत महासभा की स्थापना हुई।	उस वर्ष दिसंबर महीने की तारीख को संयुक्त राष्ट्र महासभा की स्थापना हुई।
7	नाम यदि लम्बी है, तो उसका शरीर बहुत लम्बी नहीं है।	नाम तो लंबा है, परन्तु उसका शरीर बहुत लंबा है।
5	सभी यात्री भोजन करते हैं	सभी यात्री भोजन करते हैं।
3	अभ्यास से निपुणता बढ़ती है।	अभ्यास से निपुणता बढ़ती है।
10	(शरीर से) परे (श्रेष्ठ) इन्द्रियाँ कही जाती हैं;  इन्द्रियों से परे मन है और मन से परे बुद्धि है, और जो बुद्धि से भी परे है, वह है आत्मा।।	मन इन्द्रियों से परे है, मन इन्द्रियों से परे है, मन बुद्धि से परे है और बुद्धि से परे है।।
8	छात्र - हाँ , पुस्तक से ही प्रश्न पूछा है	छात्र-हाँ, पुस्तक से ही प्रश्न है।
3	बच्चा तरणताल में तैरता है ।	बालक स्विमिंग पूल में तैरता है।
2	उस प्रजापति नामक देवता के लिए	किस देवता के लिए
8	यह अत्याधुनिक परिवहन व्यवस्था प्रति घंटे यात्रियों की दोनों दिशाओं में यात्रा सुनिश्चित करेगी।	यह अत्याधुनिक परिवहन व्यवस्था हर घंटे यात्रियों को दोनों दिशाओं में जाने की सुनिश्चित करेगी।
9	यदि तुम सब पापियों से भी अधिक पाप करने वाले हो,  तो भी ज्ञानरूपी नौका द्वारा,  निश्चय ही सम्पूर्ण पापों का तुम संतरण कर जाओगे।।	यदि तुम सभी पापियों के लिए पापरूपी कर्म करते हो तो भी सब कुछ ज्ञान की बाढ़ से व्यर्थ हो जाएगा।।
7	पंचब भटिंडा, आगरा, आदि। दृश्य परिधि शून्य थी।	पंजाब भटिण्डा, आगरा इत्यादि स्थानों पर दृश्यपरिमिति शून्य थी।
14	तत्पश्चात् मुनि ने भी, अनार के फूलों के बिछौने से ढँकी हुई सी, गाढे खून से लथपथ हो रही, जलते अड्गारों वाली चिता के समान, पृथ्वी पर पड़े हुए, बिछुड़ती हुई भारत भूमि का आलिङ्गन करते हुए से, निर्जीव हो रही अंग संधियों को हिलाते हुए,	इसके बाद मुनि ने भी अनार के फूलों के पत्तों के ढंकने के समान घना, खून से भिगोए हुए, जलते हुए, गड्ढे के समान, सीता की छाया के समान, पृथ्वी पर शयन करते हुए, भारत की भूमि पर घूमते हुए, निर्जीव, भवदंडबन्ध के समान, चलाते हुए, रक्त के संगम के कारण हुए घावों को समाप्त कर दिया।
3	मन्दिर में नगाड़ा ज़ोर से ध्वनि कर रहा है।	मन्दिर में ऊँची तलहटी है।
1	कर	करिये।
7	वे मद्रास विधानमण्डल की सदस्य भी चुनी गईं।ईं	वह मद्रास विधानसभा की सदस्य के रूप में भी चिटा हो गईं।
5	राष्ट्र की रक्षा के लिये हमें भी कुछ करना चाहिये।	राष्ट्र की रक्षा के लिये हमें कुछ भी करना चाहिये।
6	आलोक जी कृपया  सुबह स्वस्तिवाचन पढ़िये।	आलोक, कृपया प्रातःकाल स्वस्तिवाचन पढ़िये।
4	जिसका विनाश निकट होता है वह अपने हित की बात नहीं सुनता।	उपस्थित विनाश पथ्यवाक्य नहीं सुनता है।
5	गुरुजनों के उपदेश की उपेक्षा नहीं करनी चाहिये ।	गुरुजनों का उपदेश उपेक्षा नहीं करना चाहिये।
5	रेलवे स्टेशन में लोग प्रतीक्षा कर रहे हैं।	रेलवे स्टेशन पर लोग प्रतीक्षा कर रहे हैं।
4	सब मिलकर वेदपाठ करते हैं।	सभी मिलकर वेदपाठ करते हैं।
3	पाप कर्मों से नरक को प्राप्त करता है।	पाप पापलोक को जाता है।
6	आती हुई गाड़ी को देखकर सावधानी से चलो ।	आ गया वाहन देखकर सावधानी से चलो।
27	उल्लेखनीय है कि यह अवार्ड योगदर्शन केद्रित शैक्षणिक लेखन, व्याख्यानों तथा इसके वैश्विक प्रसार हेतु समर्पित महिलाओं को प्रदान किया जाता है, जिसके लिए वैश्विक स्तर पर आवेदन आमंत्रित किए जाते हैं। चयन-समिति गुणवत्तापरक कार्य के आधार पर सुयोग्य पात्रों का चयन करती है।	उल्लेखनीय है कि यह पुरस्कार योगदर्शन पर केंद्रित शैक्षणिक लेखन का, व्याख्यानों का, और इसके वैश्विक प्रसार के लिए समर्पित महिलाओं को दिया जाता है। जिसके लिए वैश्विक स्तर पर आवेदन आमंत्रित किए जाते हैं, चयन समिति गुणवत्तापूर्ण कार्य के आधार पर योग्यभ्यर्थीओं का चयन करती है।
6	इस फिल्म का शूटिंग पूरा हो गया।	इस फिल्म का शूटिंग समाप्त हो गया।
3	विनय (नम्रता	विनय से योग्यता प्राप्त होती है।
1	भयानक	भयानक
1	एकता में	एकता के भाव से
4	आप कहाँ रहते है?	आप कहाँ रहती हैं?
6	सब कुछ पीले रंग का ही होगा।	सभी भी पीले रंग के ही होंगे।
3	लड़की का कपड़ा ले आ	बालिका का वस्त्र ले आओ
8	तब से, भागवत उनके साथ विश्वसनीय हो गया।	तब से भागवत को उसका विश्वासयोग्य सहवर्ती बन गया।
6	A.C. बस में स्थान खाली नहीं था ।	एयर कंडीशनर बस में जगह खाली नहीं थी
9	इसलिए संस्कृत अवश्य पढ़नी चाहिए। आधुनिक काल में भी संस्कृत भाषा का प्रयोग अपरिहार्य माना जाता है।	इसलिए संस्कृत अवश्य पढ़नी चाहिए। आधुनिक समय में भी संस्कृत भाषा के प्रयोग की आवश्यकता का अनुभव हो रहा है।
9	आदर्श इको ग्राम योजना के तहत 19 गाँव विकसित हैं।	आदर्श इको ग्राम योजना के तहत 19 गाँव विकसित हैं।
5	मैं अपनी गाड़ी यहाँ नहीं रखूँगा।	मैं स्वस्थ यहाँ नहीं रखता हूँ।
14	जिस समय वातादि तीनो दाष अपने कारणो से कुपित होकर शिर में भयानक शोथ उत्पन्न करते है और गले के अन्दर घुरघर शब्द उत्पन्न कर देते हैं, तब इसका 'शालूक' कहते है, इस शोध के कारण श्वास मार्ग रुक जाता है ॥	दोषों के शस्त्र स्वयं क्रोधित रोगों के कारण सिर में सूजन और कठोरता पैदा करते हैं। घुघुरियों से युक्त शाल, जो गले में घुघुरियों को धारण करती है, श्वास रोक देने वाली होती है।
6	किसी प्रकार उसने अपने पात्र को घर के अंदर ले लिया।	किसी प्रकार वह अपने पोते को घर के अंदर ले गया।
12	शुक्ल ने सुखविंद सिंह सुक्खू को सुख और सरकार के नेतृत्व वाले ऊर्जावान उपमुख्यमंत्री मुकेश अग्निहोत्री को संबोधित किया।	शुक्ल सुखविन्द सिंह सुक्खू ने सुख के सरकार के अग्रणी ऊर्जावान उपमुख्यमंत्री मुकेश अग्निहोत्री को संबोधित किया।
3	बच्ची को आम पसंद है।	बच्ची को आम पसंद है।
5	हिमाचल विधानसभा में विधानसभा चुनाव जीते हैं।	हिमाचल विधानसभा में विधानसभा परिसर को प्राप्त किया है।
4	बाजार ने कहा वह आपने अपहरण कर लिया है।	सर्प ने कहा "वह तुम्हारे द्वारा अपहरण कर लिया गया।"
14	केंद्रीय संयोजक श्री डॉ. पंकज त्रिवेदी ने संस्कृत जीवन के निर्माण के लिए विषय पर प्रेणादायक भाषण दिया।	केंद्रीय संयोजक श्री डॉ. पंकज त्रिवेदी जी ने संस्कृत जीवन के निर्माण के लिए इस विषय पर प्रेरणादायक भाषण दिया।
11	(कान देकर ) अनसूये, शीघ्रता करो। निश्चय से ये हस्तिनापुर जाने वाले ऋषि पुकारे जा रहे हैं।	(कान देकर) अनसूया को जल्दी करो जल्दी करो ये तो हस्तिनापुर जाने वाले ऋषि शब्द करते हैं।
7	अगस्त्य मुनि का आश्रम सभी ऋतुओं के फूल और फलों से परिपूर्ण, विविध वन्य पशुओं से युक्त, विविध पक्षियों से गुञ्जित नन्दनवन के समान सुशोभित था॥	सभी प्रकार के वृक्षों के फल, पुष्पों की वृद्धि, अनेक प्रकार के मृगों के समूह, पक्षियों के समूह और अनेक प्रकार के नारों से सुशोभित यह आनन्ददायक है।
4	इसके बाद सोए हुए जटायु ने उस शब्द को सुना।	उस शब्द को सुनकर जटायुरुथ ने उसकी सेवा की।
3	मारनेवाले ने शेर मारा	मारे गए बाघ की हत्या कर दी।
8	हिमाचल में 68 सदस्यीय विधानसभा है। राज्य में व्यवहार कानून प्रचलन में आ गया है.	हिमाचल प्रदेश में 68 सदस्यीय विधानसभा है। राज्य में व्यवहार नियम प्रचलन में आ गया है।
8	इस दौरान भाजपा विधायक रणधीर शर्मा की अपने घायल शरीर को देखा गया।	इस दौरान भाजपा विधायक रणधीर शर्मा ने अपनी घायल उंगली देखी।
7	जया - मैं शाम को अभ्यास करती हूँ	जया-मैं शाम को अभ्यास करती हूँ।
5	योजना को रोककर एफआईआर को निवृत्त करिये।	योजना को निलंबित करके प्राथमिकी निवृत्त करें।
10	मरते समय जिनके नाम का स्मरण कर अज्ञ भी जिनमें लीन हो जाते हैं, उनको सामने देखते हुए और उन्हीं के हाथों से वध हुए, उस राक्षस के विषय में कहना ही क्या ? ॥	मृत्यु के समय जिस नाम का ज्ञान होता है, उसी का स्मरण करके आप उसी नाम को प्राप्त कर सकते हैं। इस प्रकार मारे गये सूर्य के समान आप आकाश में हरि को क्यों नहीं देखते?॥
4	कल उनका देहावसान हुआ	कल वह दिवंगत हो गए।
4	पेड़ के नीचे बच्चे को बिठा देती है।	वृक्ष के नीचे बालक को बैठाता है।
16	ज्ञात हो कि राज्य सरकार ने राज्य में कार्बन उत्सर्जन को कम करने के लिए एकतम वर्ष तक हिमाचल को हरित ऊर्जा राज्य बनाने का लक्ष्य निर्धारित किया है।	ज्ञात हो कि राज्य सरकार ने राज्य में कार्बन उत्सर्जन को कम करने के लिए एक वर्ष तक हिमाचल को हरित ऊर्जा राज्य बनाने का लक्ष्य रखा है।
3	ऐसा मैं बोलता हूँ	ऐसा मैं कहता हूँ
1	राजा का	राजा का
4	बच्ची वृद्धा को पानी देती है।	बालिका वृद्धा को जल देती है।
3	जनजीवन अस्तव्यस्त हो गया है।	जीवन अस्त हो गया।
12	सामान्य लक्षण - अगो मे भारीपन, सूजन, शोथ की चन्चलता, अस्थिरता ( वायु के कारण ), सूजन, उष्णिमा और शिराओ का पतलापन, रोमहर्प, अग की विवर्णता ये शोथ के सामान्य लक्षण है ॥	समभाव, सहनशीलता, स्थिर रहना, सोठ, गर्मी और सिरदर्द होना ये सब लक्षण हैं। "कोमलता, नख, वर्णता और सामान्य लिंग ये सब लक्षण श्वैथो के द्वारा बताए गये हैं॥
13	सरल संस्कृत में, भारतीय भाषा समिति के उद्देश्यों के अनुसार इस कार्यशाला में विद्यार्थियों द्वारा अपने उद्देश्यों का आकलन किया गया है। हिन्दी-अंग्ल भाषाओं में अनुवाद कार्यक्रम आयोजित किया गया।	भारतीय भाषा समिति के उद्देश्य के अनुरूप इस कार्यशाला में विद्वानों द्वारा संस्कृत में पढ़ने वाले वाक्यों के मन्थन विश्लेषण और सरल संस्कृत में, हिन्दी-अंग्रेजी में अनुवाद कार्य भी सम्पादित किया गया।
13	नीलेश - मैं खुश हूँ , स्वस्थ हूँ । आप कैसे हैं ?	नीलेश: मैं खुश हूँ। मैं स्वस्थ हूँ। आप कैसे हैं?
5	छात्र शिक्षक का अनुसरण करते हैं	छात्र शिक्षक का अनुसरण करते हैं।
9	समिति ने हिमाचल के दर्शन के लिए भी आमंत्रित किया, वह उसने हर्ष के साथ स्वीकार किया।	समिति ने हिमाचल को देखने के लिए भी आमंत्रित किया, उसे उन्होंने खुशी से स्वीकार किया।
4	हे पुत्र! इस सबको हृदय में धारण कर लो। ( अच्छी प्रकार से समझ लो )	पुत्र! यह सब हृदय से समझो।
5	वे सभी रेलवे स्टेशन से बाहर आते हैं	वे सभी रेलवे स्टेशन से बाहर आते हैं।
8	प्रकृति में स्थित पुरुष प्रकृति से उत्पन्न गुणों को भोगता है। इन गुणों का संग ही इस पुरुष (जीव) के शुभ और अशुभ योनियों में जन्म लेने का कारण है।।	मनुष्य प्रकृति में स्थित होकर भी प्रकृति के गुणों को भोगता है। इसके कारण गुणों की संगति होती है और सभ्यों के द्वारा उत्पन्न होती है।।
9	उसके बाद, रात्रि में स्थिरप्रतिज्ञ अपनी जनता से घिरे हुए श्रीराम देवराज इन्द्र के समान शोभा पा रहे थे।	फिर निहतरिपु ने दृढ़निश्चय किया और अपने बल से श्रीराम रण में महेन्द्र के समान शोभित थे।
3	परदादी राब खाए।	परनानी ने फाड़ डाला था
1	दूर ही	धीरेधीरे
1	सियार	क्रुद्ध
12	यह कहते हुए महाराज दशरथ प्राणों को छोड़कर स्वर्गलोक चले गये। उस समय कौसल्या सुमित्रा और अन्य रानियाँ छाती पीटपीट कर रोने तथा विलाप करने लगीं। प्रातः काल होने पर मन्त्रियों के साथ वहाँ वसिष्ठजी आये ॥	ऐसा कहकर दशरथ अपने प्राणों को त्यागकर स्वर्ग को चला गया और कोसल्या और सुमात्रा इस प्रकार राजायुषी हो गये।।
9	आपके तत्त्ववेत्ता भक्तजन आपकी भक्ति ही चाहते हैं, अत: मेरी भी सदा आपके चरणोंमें भक्ति बनी रहे ॥	हे सारवेदियों! आपकी भक्ति ही आपकी अभिलाषा है, इसलिए आपके चरणारविन्दों की भक्ति ही मेरी सदा बनी रहेगी॥
5	पुस्तक, क़लम और दवात मुझे दो	पुस्तक, पेन और चिपकने का पात्र बहुत बड़ा है।
8	हाँ, जैसे सेवइयाँ ईद का खास पकवान है।	हाँ। जैसे सेवियाँ, ईद पर्व का विशिष्ट पाक है।
3	वह मुझसे पूछता है।	वह मुझसे पूछता है।
10	संस्कृत भारती के प्रांतीय समन्वय मंत्री गौरव शास्त्री, डॉ. अरविन्दनारायण मिश्र ने संस्कृत भारती ग्रन्थ को लॉन्च करके बधाई दी।	संस्कृत भारती के प्रांतीय संगठन मंत्री गौरव शास्त्री, डॉ. अरविन्दनारायण मिश्र ने संस्कृत भारती ग्रन्थ प्रस्तुत करके बधाई दी।
10	इस समय सोशल मीडिया पर सक्रिय सोनाक्षी सिंह ने सोशल मीडिया पर कुछ तस्वीरों का प्रसार किया है।	इस समय सोशल मीडिया पर सक्रिय सोनाक्षी सिंह ने सोशल मीडिया पर कुछ तस्वीरें प्रसारित की हैं।
17	जो ब्रह्म वेत्ता महापुरुष, पाँच प्रकार की अग्नियों का सेवन करने वाले और तीन बार नचिकेत नामक अग्नि का चयन करने वाले बताते है. शुभ कर्मों के फलस्वरूप यज्ञ फल का भोग करने वाले इस संसार में बुद्धि रूपी गुफा में हृदयाकाश में प्रविष्ट छाया और धूप के सदृश कहते हैं।	जो पुरुष पवित्र लोक में पवित्र होकर गुफा में प्रवेश करता है और परम अर्धदेव में प्रवेश करता है, वह ब्रह्मविदों के द्वारा छाये जाने पर भी पांच अग्नि कहते हैं, जो त्रिनचिकेते हैं।
14	लज्जाजनक यह है कि सत्तारूढ़ विधायकों और प्रशासन जनों का सहयोग इस पूरे विषय में प्रकाश प्राप्त किया गया है।	यह लज्जाजनक है कि सत्तारूढ़ दल के विधायकों और प्रशासन की लोगों की भागीदारी ने पूरे मामले पर प्रकाश डाला है।
8	युवक यह कभी प्रसिद्ध ब्रह्मचारीप्रभुदत्त को देखने गया है।	युवक यह कभी प्रसिद्ध ब्रह्मचारी प्रभुदत्त देखने गया था।
8	उन्होंने कहा कि संस्कृत सभी भाषाओं की जननी है।	वह बोली संस्कृत सभी भाषाओं की जननी है।
3	बालक आतिशबाजी जलाते हैं।	बच्चे आग के खिलौने जलाते हैं।
15	दुष्ट राजा के शासन में प्रजा को सुख नहीं मिल सकता, धोखेबाज मित्र से सुख की प्राप्ति नहीं हो सकती, दुष्ट स्त्री को पत्नी बनाने से घर में सुख और शांति नहीं रह सकती, इसी प्रकार खोटे शिष्य को विद्या दान देने वाले गुरु को भी अपयश ही मिलता है।	कुराज राज्य से प्रजा सुखी क्यों है, कुमित्र मित्र से निर्विकार रहना कैसा है, कुदारदार से घर में रहना कैसा है, कुश से प्रेम करना कैसा है?
14	मेरे पुत्र के नाश और अपनी मृत्यु को आमंत्रित करने के लिए बलपूर्वक उनकी स्त्री सीता को आप क्यों हरण कर लाये ? ॥	वन के बल से उसकी पत्नी सीता क्यों मोहित हुई? मेरे पुत्र को नष्ट करने के लिये और अपने पुत्र को मारने के लिये।
3	उदाहरण के अनुसार अन्वय की पूर्ति करो	उदाहरण के अनुसार अनुवाद की पूर्ति करो।
5	मैं पहले सुनता हूँ बाद में बोलता हूँ।	मैं पहले सुनता हूँ बाद में बोलता हूँ।
10	महापौर के लिए भाजपा ने कुल मिलाकर वोट लिया, बीजेपी को मार गया.	महापौर के लिए भाजपा ने आहत्य मत प्राप्त किया, और गठबन्धनों से मर गया।
3	एक प्रश्न पूछता हूँ।	एक प्रश्न पूछता हूँ।
16	सिंगापुर के पृथ्वी अवलोकन उपग्रह और छह छोटे उपग्रहों को आज सुबह श्रीहरिकोटा के सतीश धवन बाह्य अंतरिक्ष केंद्र से एक विक्षेपित उपग्रह वाहक द्वारा कक्षा में प्रक्षेपित किया गया।	श्रीहरिकोटा के सतीश धवन बाहरी अंतरिक्ष केंद्र से आज सुबह विक्षेपित उपग्रह वाहक ने सिंगापुर की पृथ्वी अवलोकन उपग्रह और छह छोटे उपग्रहों को कक्षा में पाया।
19	भारत सरकार द्वारा लागू की गई दूरदर्शी नई शिक्षा नीति के विभिन्न पहलुओं पर केंद्रित पंद्रह दिवसीय कार्यक्रम उत्तराखण्ड के श्रीनगर गढ़वाल का है.न. 15 फरवरी 2024 से गढ़वाल विश्वविद्यालय के मालवीय मिशन शिक्षक प्रशिक्षण केंद्र द्वारा शुरू किया गया है।	भारत सरकार द्वारा कार्यान्वित दूरदर्शी नई शिक्षा नीति के विभिन्न पहलुओं पर केंद्रित पंद्रह दिवसीय कार्यक्रम उत्तराखंड के श्रीनगर गढ़वाल में है. एन. बी गढ़वाल विश्वविद्यालय के मालवीय मिशन शिक्षक प्रशिक्षण केंद्र ने 15 फरवरी 2024 से शुरू किया है।
2	कौन बुलाती है ?	बुलाता है?
4	रद्दी मानकर पुस्तकें बेच देते हैं ।	टुकड\u093Cा लेकर पुस्तकें बेचते हैं।
3	आरक्षियों द्वारा पूछताछ इस प्रकार है।	पुलिस द्वारा जांच की जाती है।
5	यहाँ पन्द्रह दिन का ध्यान शिबिर है	यहाँ पंद्रह दिवसीय ध्यान शिविर है।
9	हे राजन् । आप शीघ्र ही उस धनुष को अमित तेजस्वी श्रीरामचन्द्र को दिखाइये। इस प्रकार मुनीश्वर विश्वामित्र जी के कहते ही बलवान् • पाँच हजार धनुषवाहक उस धनुष को लेकर वहाँ आ पहुंचे, वह धनुष सैकड़ों घंटियों, हीरे और मणि आदि रत्नों से विभूषित था ॥	आप शीघ्र ही राम के पास जाकर अपने तेज को प्रकट कीजिये। इस प्रकार मौन रहने पर आने वाले जल वाहक लोग कहते हैं।।
5	राजा दुष्टों को कल दण्ड देगा ।	राजा कल दुष्टों को दण्ड देगा।
5	क्रमश:, सुधा साठ्ये मुंबई।	क्रमशः., सुधा साठ्ये मुम्बई।
7	मन में जैसी सरलता हो, वैसी ही यदि वाणी में हो,	यदि अवक्रिता मन में वैसी ही बोले तो।
6	चुनाव- आज से विक्रय होगा।	चुनाव-संधियों का विक्रय आज से शुरू होगा।
1	पीड़ित	दुःखी
4	मार्गशिर पौष हेमंत ऋतु होते हैं ॥	हे हेमन्त! हम दोनों का साथ है॥
1	निराशा से  होकर	सूर्य की कृपा से।
4	स्वयं के मोक्ष के लिए और समाज के कल्याण के लिए।	अपने मोक्ष और जगत् के लिए।
4	मैं निश्चय ही पुस्तक पढूँगा।	मैं बिलकुल पुस्तक पढ़ूँगा।
17	पतंग दीपकके दाहक स्वरूपको न जाननेके कारण ही उसपर गिरता है, मत्स्य भी अज्ञानवश ही मांसखण्डको निगलता है, किन्तु हम कामनाओंको विपत्समूहसे संकीर्ण जानकर भी उन्हें नहीं त्यागते, अहो ! मोहकी महिमा भी बड़ी ही प्रबल है ॥	जो बालक आनन्दमय अग्नि को प्राप्त करता है, वह शलभ दीपक के दाह में गिरता है, वह मछलियों को प्राप्त करता है, जो दो प्रकार के ज्ञानों को प्राप्त करते हैं, वे भी अज्ञान से मुक्त हो जाते हैं, इस प्रकार हम लोगों को जानने की इच्छा नहीं है।
5	प्रायः वह प्रतिदिन आता है।	प्रायः प्रतिदिन वह आता है।
9	हे राजन् । आप शीघ्र ही उस धनुष को अमित तेजस्वी श्रीरामचन्द्र को दिखाइये। इस प्रकार मुनीश्वर विश्वामित्र जी के कहते ही बलवान् • पाँच हजार धनुषवाहक उस धनुष को लेकर वहाँ आ पहुंचे, वह धनुष सैकड़ों घंटियों, हीरे और मणि आदि रत्नों से विभूषित था ॥	आप शीघ्र ही राम के पास जाकर अपने तेज को प्रकट कीजिये। इस प्रकार मौन रहने पर आने वाले जल वाहक लोग कहते हैं।।
7	इस संबंध में बुधवार को राज्य के राजभवन द्वारा अधिसूचना प्रसारित की गई है।	इस संबंध में प्रदेश के राजभवन ने बुधवार को अधिसूचना जारी की है।
3	अपने आप वाक्य लिखिये।	अपने आप वाक्य लिखिये।
9	पुत्र -  देखिये माँ , मेरे दोनों हाथ साफ हैं।	पुत्र-देखो माँ, मेरे दोनों हाथ साफ हैं।
4	पति गन्नों को यंत्र में पीलता है	पति गन्ने मशीन में पिसाता है।
19	असाध्य रोगी - जिस रोगी को आखे सूज जाये इन्द्रिय (लिङ्ग ) कुटिल ( टेड़ा) हो जाये, रागों की त्वचा लिन ( विकासयुक्त ) और पतली हा, बल, रक्त, मास जोर अभि क्षीण हो जाये, ऐसे रोगी की चिकित्सा न करे। यदि हृदय आदि सब मर्म स्थानो पर गोथ हो जाये, रोगी को श्वास, हिचकी और मूर्च्छा, अरुचि, बमन तथा अतिसार हो उस रोगी को उदर रोग मार ही देता है । वैद्य उसको असाध्य समझे और छोड दे ।	सूनाक्ष, कुटिल अवस्था वाला, चिकना और ऊँचा होने वाला, बलवान्, मासशोनयुक्त, अग्नि का परीक्षण करने वाला, सत्यजित्, श्वांस लेने वाला, सभी प्रकार का श्वास लेने वाला, रुचिक, व्याकुल, मूर्च्छा, छप्पर आदि विकारों से युक्त, रोगी को मार देता है।।
13	जीवनका एक क्षण भी कोटि स्वर्णमुद्रा देनेपर नहीं मिल सकता, वह यदि वृथा नष्ट हो जाय तो इससे अधिक हानि क्या होगी ?	आयुः एक क्षण भी सोने के करोड़ भारों से रहित नहीं है। वह धन को बिना कारण के ले जाता है। इससे अधिक हानि और क्या है?
13	जब केंद्र सरकार ने 2006 में इस मुद्दे पर चर्चा फिर से शुरू की, तो कुछ वैज्ञानिकों ने विरोधी विचार व्यक्त किए।	जब केंद्र सरकार ने इस मुद्दे पर चर्चा फिर से शुरू की, तो कुछ वैज्ञानिकों ने विरोध व्यक्त किया था।
9	इसे राष्ट्रीय स्वास्थ्य मिशन के वित्तीय अभाव के कारण बताया गया है।	कहा जाता है कि यह स्थिति राष्ट्रीय स्वास्थ्य मिशन के धनराश के अभाव में उत्पन्न हुई है।
5	भारत को ग्रुप खेल में ताज जीते हुए केवल पांच साल ही हुए हैं।	पांच साल के बाद ही भारत ने कुछ समूह खेलों का ताज पहनाया।
7	इन सुगंधित पदार्थों को छोड़कर देवता का पूजन कभी नहीं होता।	इन सुगन्धित वस्तुओं को छोड़कर देवताओं का पूजन नहीं किया जाता है।
11	सामान्य रूप मे - जो कुछ मधुर, जो कुछ मेध्य (मेदुर मेद बहुल), कफ बहुल और गुरु होता है, वह सब भोजन अनि वृद्धि को शान्त करने के लिये हितकारी है, इसी प्रकार से भोजन करके दिन मे सोना भी लाभदायक है ॥	जो कुछ भी मधुर है, सब प्रकार का मेद, श्लेष्म, गुरु का भोजन, सब प्रकार का अग्नियुक्त है, वह सब भोगकर दिन में सोना चाहिये।।
10	मुख्यमंत्री ने कहा कि बिजली महान देव-रोपवे-निर्माण के लिए केंद्र-राज्य सरकारों के बीच ज्ञापन पर हस्ताक्षर किए गए।	मुख्यमंत्री ने कहा कि बिजली महादेव-रोपवे-निर्माण के लिए केंद्र-राज्य सरकारों के बीच ज्ञापन पर हस्ताक्षर किए गए।
9	माता - बेटा , आज मौसीजी के साथ बगीचे जाओ ।	माता-हे पुत्र, आज मौसी के साथ बाग़ को जाओ
5	जनक न राम को धनुष पकड़ाया ।	जनक ने राम को धनुष दिया।
5	अब उसने ईश उपासना छोड़ दी है	अब उसने ईश के उपासकों को छोड़ दिया है।
20	अर्थातुरों (स्वार्थियों) को न कोई गुरु होता है न बन्धु, कामातुरोंको न भय रहता है न लज्जा, विद्यातुरों (विद्याप्रेमियों) को न सुख रहता है न नींद तथा क्षुधातुरोंके लिये न स्वाद होता है न भोजन करनेका कोई नियत समय ही	अर्थात्, काम में रुचि रखने वालों को गुरु, बन्धु, काम में रुचि रखने वालों को भय, लज्जा, विद्या प्राप्त करने वालों को सुख, नींद और भूख खाने वालों को रुचि नहीं होती।
9	उन्होंने कहा कि राज्य सरकार ने कर्मचारियों से 4 फीसदी बड़ा भारी वेतन घोषित कर दिया है.	उन्होंने कहा कि राज्य सरकार ने कर्मचारियों को 4 प्रतिशत महँगाई की घोषणा की है।
4	वह सरकार से भूमि मांगता है।	वह सरकार से भूमि मांगता है।
4	तब लोग प्रेरणा को वन्दन करते हैं।	तब लोग प्रेरणा को वन्दन करते हैं।
9	भारत के उच्चायुक्त संतोषजो ने आज कोलम्बो शहर की भारत-बात में राष्ट्रीय ध्वज फहराया.	भारत के उच्चायुक्त संतोष झा ने आज कोलंबो शहर का भारत-भवन में राष्ट्रीय ध्वज फहराया।
25	यमुना समझकर प्यासी गायोंका समूह जिसकी ओर दौड़ा जा रहा है, श्यामघटा समझकर मोरसमुदाय जिसे |देखनेको उत्कण्ठित हो रहा है, तमालपत्र समझकर गोपियोंका समूह जिसे कर्णफूल बनानेके लिये लालायित हो रहा है ऐसी कालियदमनकारी श्रीकृष्णके शरीरकी पवित्र [दिव्य एवं अद्भुत] कान्ति हमारी रक्षा करे ॥	जिस राक्षस ने यमुना नदी को पिपासुर के समान देखा, उस राक्षस ने गौ को मार डाला, जिसने नीलकण्ठ के समान बिजली प्राप्त की, जिसने उसे देखकर काँपती हुई देखा। जिस गोपियों ने उसे'तमाल पल्लव'कहा था, उस गोपियों ने उसे'तमाल पल्लव'कहकर काट दिया, वह हमारी पौरुष है।
26	हे मातः । सेवा, पूजा और नमनकी विधियाँ तो अल्पन्त दूर रहें, आपके युगल चरणारविन्दोंको कभी-कभी की हुई स्मृति भी गूँगेको वाक्शक्ति देकर बृहस्पति बना देती है और दरिद्रको लक्ष्मी देकर इन्द्रके समान कर देती है। संसार स्वयं वाणी या लक्ष्मीको नहीं प्राप्त कर सकता। [आपकी कृपा होनेपर ] कलिकी दुष्टता क्या कर सकती है?	सेवा, पूजा और मन की विधियों का पालन करने वाले, दूर से ही चले जाने वाले, बड़े-बड़े कीचड़ के समान स्मृति वाले, पैरों और भोजन के संयोजन वाले, आपके मूँख को जलाने वाले, सुराचार्य और इन्द्र के वचनों को सुनने वाले, लक्ष्मी के लोक को नहीं जलाने वाले, उस कला का क्या स्थान है?
9	यह प्रतिपादित है कि दो आत्माओं को प्रथम अन्वयव्यतिरेक से अनाज के खदे से मोटा शरीर बन गया है।	सबसे पहले यह कहा जाता है कि अन्नमय कोश से मोटा शरीर लेकर आत्मा अंदर है।
1	कर डाले	किया हुआ
10	इस मार्ग में कुछ भी भय नहीं है। इसलिए मैं अकेला ही जाऊँगा।	इस मार्ग में कोई भय नहीं है। इसलिये मैं अकेला ही जाऊँगा।
3	विष्णुमित्र कहाँ है?	विष्णुमित्र कहाँ है?
4	उसने (दो) कानों में (एक-एक) भूषण (ज़ेवर) धारण किए।	उसने दोनों कानों में अलंकार धारण किये।
1	एकाग्र मन से।	मन से
3	बालक आतिशबाजी जलाते हैं।	बच्चे आग के खिलौने जलाते हैं।
7	रामलल्ला जी सुशोभित हैं, सुख खुशी का विषय हैं।	रामलल्ला विराजमान है, सुख और आनन्द का विषय है।
4	उन्होंने वेदों का अध्ययन किया है।	उन्होंने वेदों का अध्ययन किया।
5	उत्तम उत्तम ही रहता है।	उत्तम उत्तम ही रहता है।
10	अध्ययन के बिना स्वान्तःकरण की अज्ञानता, अन्धकारत्व को कभी नहीं समाप्त करना चाहिए ।	अध्ययन के बिना आत्मसंयम की अज्ञानता, अंधेरा या कभी भी दूर नहीं होना चाहिए।
1	आत्माओं का सम्भव होना	आत्मसंयमी
1	नाश	खर्च
5	जो सदाचारी है वह शिक्षक है	जो सदाचारी है वह शिक्षक है।
1	एक निर्धारित शुल्क में	\u093C अपने धर्म में
6	तू उसको क्यों क्षमा नहीं करता ?	तुम उसे क्यों क्षमा नहीं करते?
4	इसके बाद सोए हुए जटायु ने उस शब्द को सुना।	उस शब्द को सुनकर जटायुरुथ ने उसकी सेवा की।
7	इस अवसर पर उसने लोगों को भी संबोधित किया।	इस अवसर पर उन्होंने लोगों को भी संबोधित किया।
5	गुरु वाणी से ही उपदेश देते हैं ।	गुरु वाणी से ही उपदेश देते हैं।
3	वह बहुत सरल नहीं है	वह बहुत रूखा है।
8	प्राचीनकाल में, जैसा समय था, गुरु के पास पहुंचकर शिष्य गुरु को प्रणाम कर खड़ा हो गया।	पूर्व समय के अनुसार गुरु के समीप पहुँचकर शिष्य गुरु को प्रणाम करता रहा।
1	देवताओं ने	देवताओं
3	आपका मोबाइल नंबर बोलिये।	आपका मोबाइल नंबर बोलिये।
4	मुझे प्रातः घुमना अच्छा लगता है |	मुझे सुबह घूमना पसंद है।
2	हम दोनों द्वारा पढ़ा हुआ	हम दोनों ने पढ़ा
3	प्रह्लाद की रक्षा हो गई।	प्रह्लाद की रक्षा हो गई।
8	सास - बहू ! देखो वह आगे बढ़ रहा है।	सास-वधू! देखो वह आगे बढ़ता है।
6	नहीं. आज स्नानघर में नहीं गाऊँगा।	न आज स्नानगृह में गाऊँगा।
20	तब सलिलेन वसवा वसिष्ठ जी की भाँति ऋषियों के बाण, जबालती, विजय, कश्यप, कात्यायन, गौतम और वामदेव ने सुगन्धि के द्वारा राम को बाण से भिगो दिया।	फिर सलिले में वासव वासव जैसे ऋषि वसिष्ठ, जबली, विजय, काश्यप, कात्यायन, गौतम और वामदेव ने मनुष्य बाघ राम को सुगन्धित किया।
3	कहाँ प्रज्ज्वालित किये।	कहाँ प्रज्वलित किये।
5	आग्नेयास्त्रियों ने तालाब को भी सूचित किया।	अग्निशामक स्टेशन ताहलीवाल को भी लोगों ने सूचित किया।
11	प्रशासन की संसदीय स्थायी समिति की सराहना-संशोधन में तीन और अधिक विधेयक प्रस्तुत किये गये।	प्रशासन द्वारा संसदीय स्थायी समिति द्वारा प्रस्तुत-परिवर्तनों को शामिल करते हुए तीन आपराधिक विधेयक पेश किए गए।
41	यही दिन और रात के जनक हैं। यही वर्ष को बारह भागों में विभक्त करते हैं। ये ही छः ऋतुओं के कारण हैं। ये ही उत्तरायण और दक्षिणायन स्वीकार करते हैं। इन्होंने ही सतयुग, त्रेता, द्वापर और कलियुग का भेद किया है। इन्होंने ही कल्पों का विभाजन किया है। इनका आश्रय लेकर ही ब्रह्मा की परार्द्ध संख्या पूरी होती है। यही भगवान् सूर्य बार-बार जगत् की उत्पत्ति, पालन और संहार करते हैं। वेद इन्हीं की वन्दना करते हैं। गायत्री इन्हीं का गान करती है। ब्रह्मनिष्ठ ब्राह्मण प्रतिदिन इन्हीं की उपासना करते हैं।	यह ही दिन-रात उत्पन्न करता है, इसी वर्ष के बारह भागों में विभक्ति होती है, इसी कारण से छः अमृतों की उत्पत्ति होती है, यह उत्तर दक्षिण चीन को स्वीकार करता है, इसी प्रकार युग भेदों को सम्पादित किया जाता है, इसी प्रकार कल्पभेदों को किया जाता है, इसी प्रकार परमेष्ठियों की अर्धसंख्या पर आश्रित होती है, संसार इसी प्रकार घूमता है, बरभरती और जरहरती है, वेदा इसी प्रकार वन्दना करती है, गायत्री इसी प्रकार गाती है, ब्रह्मात्माओं के द्वारा हम लोगों को सम्मानित किया
18	उन्होंने इस अवसर पर कहा कि भारत दुनिया का पाँचौथा है-शीर्ष-अपने अर्थव्यवस्थाओं में सबसे बड़ा है। यूनान का आदर्श स्वामी-विवेकानन्द जी के जयंती समारोह में महोत्सव का आयोजन किया जाता है।	इस अवसर पर उन्होंने कहा कि भारत विश्व की पांच शीर्ष अर्थव्यवस्थाओं में से एक है। आपका आदर्श स्वामी है-विवेकानन्द की जयंती पर महोत्सव का आयोजन किया जाएगा।
10	तप अथवा किसी प्रकार की साधना का कार्य एक अकेला व्यक्ति ही अच्छा करता है, यदि दो छात्र मिलकर पढ़ें तो अध्ययन अच्छा होता है और गाने के लिए यदि तीन व्यक्ति मिलकर अभ्यास करते हैं, तो अच्छा रहता है। इसी प्रकार यदि यात्रा आदि पर जाना हो तो कम-से-कम चार व्यक्तिों को जाना चाहिए। खेती आदि कार्य ठीक प्रकार से चलाने के लिए पांच व्यक्तियों की आवश्यकता होती है, जबकि युद्ध में यह संख्या जितनी हो उतना अच्छा है|	अकेले ही तप करते हैं, दो पढ़ते हैं, तीन गाते हैं, चार घूमते हैं, पांचों के द्वारा ही क्षेत्र में प्रवेश किया जाता है।
7	सर्वप्रथम मंगलादा ने नईविष्णु रेगमी ने संस्कृत कक्षा के नियमों का आनंद लिया।	सब से पहले मंगल देने के लिए नए विष्णु रेजिमी ने संस्कृत कक्षा के नियमों को सुना।
7	मैने यह भी नहीं सोचा कि वस्त्रों तथा आभूषणों से सुशोभित	यह भी नहीं सोचा कि-वस्त्रों से सुशोभित होने पर भी शोभा नहीं देता।
62	उपस्थित होने पर सेवानिवृत्त आचार्य ओमप्रकाश शर्मा सेवानिवृत्त अध्यक्ष डॉ. एस.एस. परमारपीठ, हिमाचल प्रदेश विश्वविद्यालय, शिमला भारतीय संस्कृति के नैतिक मूल्यों, डॉ. चेताराम गर्ग निदेशक ठाकुर रामसिंह- इतिहास अनुसंधान संस्थान नेरी भारतीय संस्कृति में नैतिक मूल्यों का संग्रह किया, प्रो. भागचंद्रचंद्रह:, आचार्य भौतिक विज्ञान विभाग, हिमाचल प्रदेश- केंद्रीय विश्वविद्यालय: धर्मशाला भारतीय संस्कृति और शिक्षा, डॉ. कर्मसिंह पूर्व सचिव, हिमाचल प्रदेश- कला संस्कृति भाषा अकादमी, शिमला भारतीय संस्कृति राष्ट्रीयचिंतन, डॉ. कृष्णमोहन पांडे के साथ आचार्य जवाहरलाल नेहरू विश्वविद्यालय संस्कृत विभाग, नई दिल्ली भारतीय संस्कृति और धर्म के विषय में मुख्य वक्ता के रूप में अपने विचार प्रस्तुत किए गए।	इस अवसर पर आचार्य ओमप्रकाश शर्मा सेवानिवृत्त अध्यक्ष डॉ. वाई. एस. परमार पीठ हिमाचल प्रदेश विश्वविद्यालय शिमला भारतीय संस्कृति के नैतिक मूल्यों, डॉ. छेतराम गर्ग निदेशक ठाकुरराम सिंह-इतिहास शोध संस्थान नेरी भारतीय संस्कृति में निहित नैतिक मूल्यों, प्रो. भागचन्द चौहान, आचार्य भौतिक विज्ञान विभाग हिमाचल प्रदेश-केंद्रीय विश्वविद्यालय धर्मशाला भारतीय संस्कृति शिक्षा और संस्कार, डॉ. कर्म सिंह पूर्व सचिव हिमाचल-कला संस्कृति भाषा अकादमी, शिमला भारतीय संस्कृति राष्ट्रीय चिन्तन, डॉ. कृष्णमोहन पांडे आचार्य के साथ जवाहरलाल नेहरू विश्वविद्यालय संस्कृत विभाग, नई दिल्ली भारतीय संस्कृति धर्म तत्वों के विषय में अपने विचार
9	मंडल की चुराह, भरमौर, पाङ्गी, डल्हौजी में बर्फ लगातार है।	जिले का चुराह, भरमौर, पाङ्गी, डलहौजी में बर्फबारी जारी है।
10	विपक्षी नेता जयराम ठाकुर ने कहा कि बगीच स्कूल के वार्षिक कार्यक्रम में मुख्य अतिथि के रूप में बुलाया गया था।	विपक्षी नेता जयराम ठाकुर ने कहा कि उन्हें बगस्याड स्कूल के वार्षिक कार्यक्रम में मुख्य अतिथि के रूप में आमंत्रित किया गया है।
1	उचित मात्रा में।	मात्रा में
1	में प्रवेश	देखकर
1	तू कूए से जल ला।	कुएँ का पानी ला।
5	आज उसका विवाह है।	आज उसका विवाह है।
11	उसके बाद 10 तारीख को उतरकर विमान अटेंडेंट के रूप में उड़ रहा।	वहाँ से उत्तीर्ण होकर इस वर्ष में प्रवेश करके वहाँ से विमान इंजीनियर के रूप में उत्तीर्ण हुआ।
11	उन्होंने कहा कि टेक्नोलॉजिकल विभिन्न क्षेत्रों में महत्वपूर्ण भूमिका निभा सकती है।	उन्होंने कहा कि प्रौद्योगिकी विभिन्न क्षेत्रों में बड़ी भूमिका निभा सकती है।
7	पुरस्कार प्रयोजक आचार्य प्रताप सभी विजेताओं को पुरस्कार प्रदान करेंगे।	पुरस्कार प्रयोजक आचार्य प्रताप सभी विजेताओं को पुरस्कार देगा।
10	विद्यालय जाने पर क्रुद्ध गुरु जी का मुख देखने की मेरी कोई ईच्छा नहीं है।	इस समय विद्यालय जाकर क्रोधित उपाध्याय का मुख देखना नहीं चाहता हूँ।
5	इसी प्रकार जीवन में ज्ञान की भी परम आवश्यकता है।	इसी प्रकार जीवन में ज्ञान की भी परम आवश्यकता है।
3	विद्यालय के चौकीदार को निवेदन करती है।	विद्यालय की चौकीदार से निवेदन करता है।
1	स्तुति करना	नहीं
2	वैसेवैसे	वैसे वैसे
3	मोहन कब उठता है?	मोहन कब उठता है?
6	अजी ! क्यों जा रहे हैं ?	अरे अरे! क्यों जा रहे हो?
9	इस पीता रोग की चिकित्सा के लिए प्लग, अंड, प्ली, फोटोथेरेप किट का प्रयोग किया जाता है।	इस पित्त रोग के इलाज के लिए प्लग-एंड-प्ले-फोटोथेरेपी-किट शामिल है।
7	पति -चिन्ता मत करो वह खाएगा।	पति-चिन्ता मत करो, वह खाएगा।
9	इसके अलावा विधानसभा क्षेत्र में सुरक्षा व्यवस्था को मजबूत करने के लिए सीसीटीवी-ड्रोन-यन्त्रों का उपयोग होगा।	इसके अलावा विधानसभा सचिवालय में सुरक्षा व्यवस्था को सुव्यवस्थित करने के लिए सीसीटीवी-ड्रोन-यन्त्रों का उपयोग किया जाएगा।
3	तुम नीचे जाओ।	तुम नीचे जाओ।
3	स्मिता गुरुकुल जाती है।	स्मिता गुरुकुल जाती है।
5	योजना क्षेत्र को सुप्रीम कोर्ट ने मंजूरी दी है.	शिमला योजना क्षेत्र को सुप्रीम कोर्ट ने मंजूरी दे दी है.
12	बाङ्कला शहर में राज्य में सबसे अधिक अधिकतम तापमान एक डिग्री तक पहुंच गया, सबसे कम तापमान एक डिग्री तक पहुंच गया।	राज्य में सबसे अधिक तापमान बैंकला शहर में डिग्री तक हुआ, सबसे कम तापमान डिग्री तक हुआ।
8	रेलवेस्टेशन से घर जाकर वह भाई के साथ अल्पाहार करेगी।	रेलवे स्टेशन से घर जाकर वह भाई के साथ नाश्ता करेगी।
10	न केवल पूरे भारत में अपितु पूरे विश्व में टाटा के वाहन चलते हैं।	न केवल पूरे भारत में बल्कि पूरे विश्व में टाटा के वाहन चल रहे हैं।
6	धर्म की रक्षा के लिये वह आगे आया ।	धर्म की रक्षा के लिये वह आगे आया।
5	दीपक के चारों ओर कीड़े हैं।	दीपक के चारों ओर कीड़े हैं।
6	इनमें चिकित्सालय आधुनिक चिकित्सा सुविधाओं से सुसज्जित होगा।	इन अस्पतालों को आधुनिक चिकित्सा सुविधाओं से सुसज्जित किया जाएगा।
6	कोई पुरुष अपने मित्र को देखना चाहता है।	कोई पुरुष अपने मित्र को देखना चाहता है।
7	भोरंज विधानसभा क्षेत्र के विधायक सुरेश कुमार ने सियारंद को तटस्थ बनाने की मांग की।	भोरंज विधानसभा क्षेत्र के विधायक सुरेश कुमार ने सीरानद को तख्तापलट की मांग की।
12	सत्र में पूह से काजा तक के सीमा क्षेत्रों में विश्वसनीय गुणवत्तापूर्ण और करोड़ रुपये की बिजली पहुंचाने के लिए विस्तृत परियोजन रिपोर्ट की स्वीकृति दी गई।	सत्र में पूह से काजा तक के सीमावर्ती क्षेत्रों में विश्वसनीय और गुणवत्तापूर्ण करोड़ रुपये के बिजली के लिए एक विस्तृत परियोजना रिपोर्ट को मंजूरी दी गई।
1	न देखते हुए	देखा
13	वहां समरखंडा में एक सम्मेलन में चीन, रूस, ईरान के राष्ट्रपति और पाकिस्तान के प्रधान मंत्री भाग लेते हैं।	वहां समर्पित सम्मेलन में चीन, रूस, ईरान के राष्ट्रपति और पाकिस्तान के प्रधानमंत्री भाग ले रहे हैं।
6	संसार के रूप में समुद्र में नौका के रूप में सुरक्षक तुम ही हो ।	संसार के रूप में समुद्र में नाव का रूप धारण करने वाला रक्षक तुम ही में रहता है।
6	आती हुई गाड़ी को देखकर सावधानी से चलो ।	आ गया वाहन देखकर सावधानी से चलो।
6	मैं तो माँ के घर में हूँ ।	मैं तो माँ के घर हूँ।
3	दोनों ने पढ़ा।	उन दोनों ने पढ़ा।
13	हे भगवन्! तुम्हारे बिना मैं नाथवान् नहीं हूँ और मुझ दीनके बिना आप दीनदयालु नहीं हो सकते  इसलिये विधि-निर्मित इस सम्बन्धको आप निभाइये। इसका त्याग 'न होने दीजिये	इसलिये मैं तुम्हारा स्वामी नहीं हूँ, मैं तुम्हारा स्वामी नहीं हूँ, क्योंकि तुम अत्यन्त दयनीय वनवासी हो और जिसने विधिपूर्वक इस यज्ञ का निर्माण किया है, उस यज्ञ का हे भगवन्! पालन न करो।
1	उत्तर दिया	उत्तर दिया
6	कल वीर शहीदों के शव दिल्ली आए।	कल वीर शहीदों के शव दिल्ली आ गए।
4	जैसे बछड़ा माता के पास जा पहुंचता है वैसे ही सुख और दुःख अपने कर्ता के पास जा पहुंचते हैं।	माता के समान बछड\u093Cे सुख-दु: ख देने वाले होते हैं।
3	गोपाल गाय की रक्षा करता है।	गोपाल गाय की रक्षा करता है।
8	अतः हे सुग्रीव! बन्दरों के साथ जल्दी से विमान चढ़ो।	इसलिये हे सुग्रीव! वानरों के साथ द्रुत विमान में चढ़ो।
6	लंकाेश्वर डर गया तुम्हें देखने के लिए जल्दी जाएगा।	लंकेश्वर विभीषण तुम्हें देखने के लिये जल्दी से जाएगा।
6	मामा – तुम माँ की चिन्ता कर रहे हो।	मामा-तुम माँ की चिन्ता करती हो।
4	संस्कार भी आवश्यक होता है।	संस्कार भी आवश्यक होता है।
1	पूँछ	पूंछ
7	तुम तो धन की खातिर यहां रह रहे हो ।	तुम तो धन के कारण यहाँ रहते हो।
21	संस्कृत प्रदर्शनी में डॉ. उपेंद्र पांडे, अपितु डॉ. रमेश शुक्ल, डॉ. मनोज द्विवेदी डॉ. दिनेश चौबे, डॉ. अखिलेश शुक्ल, श्री मुकेशभाला, श्रीसुभाष कुमाव उपस्थित थे।	संस्कृत प्रदर्शनी में डॉ. उपेन्द्रभार्गव, डॉ. रमेश शुक्ल, डॉ. मनोज द्विवेदी डॉ. दिनेश चौबे, डॉ. अखिलेश शुक्ल श्रीमुक्तेशभाला, श्रीसुभास कुमावत उपस्थित थे।
8	वह पढ़ना चाहता है, किन्तु मन नहीं लगता है ।	वह पढ़ना चाहता है, लेकिन मन नहीं रमता है।
5	किंतु न चलता हुआ गरुड भी, एक कदम भी नहीं जाता।	जाते हुए भी एक पैर भी नहीं जाते हैं।
3	मैं शरबत पीता हूँ	मैं शरबत पीता हूँ।
8	शान समिति की रिपोर्ट के बाद चयन प्रक्रिया ऑनलाइन रूप में की जाती है।	शानन समिति की रिपोर्ट के बाद चयन प्रक्रिया ऑनलाइन रूप में की जाती है।
3	ठीक है ।	ठीक है।
4	वह व्यक्ति धूप में खड़ा है।	वह पुरुष धूप में खड\u093Cा है।
4	मासान्ते संस्कृत में कार्यक्रम का आयोजन।	महीने के अंत में संस्कृत में कार्यक्रम का आयोजन।
4	वे सब घड़े नष्ट होते हैं	वे घड़ियाँ नष्ट कर रही हैं।
4	क्या वह विश्वसनीय है ?	वह विश्वासयोग्य है क्या?
6	पाणिनि 'एक कथा के रूप में अन्य कथावस्तु का बहुतवचन है।	पाणिनि "जाति के नाम से एक में बहुवचन और अन्य में" यह बोलता है।
4	मर्यादा पुरुषोत्तम कौन थे ?	मर्यादा पुरुषोत्तम कौन थे?
7	पुलिस महानिदेशक संजय कुंडु की निवृत्ति के लिए अधिसूचना कभी भी जारी नहीं की जाएगी।	पुलिस महानिदेशक संजय कुंडू की सेवानिवृत्ति के लिए अधिसूचना कभी प्रसारित होगी।
9	माता - बेटा , आज मौसीजी के साथ बगीचे जाओ ।	माता-हे पुत्र, आज मौसी के साथ बाग़ को जाओ
14	हे रघुश्रेष्ठ! मैं तो अपने अन्तिम समय में आपका दर्शन करने से ही मुक्त हो गया, परन्तु आप मुझे अपने कर कमलों से स्पर्श कीजिए: पुनः आपका परमपद में प्राप्त करूंगा ॥	हे रघुश्रेष्ठ! अन्तकाल में भी तुम्हें देखकर मैं मुक्त हो गया हूँ। हाथ से मुझे छूकर श्रीरामचन्द्रजी आपके चरणारविन्दों को पुनः प्राप्त करेंगे॥
19	सड़क परिवहन और राजमार्ग मंत्री नितिनगडकरी ने देश में अच्छी सड़क निर्माण के महत्व का रेखांकन करते हुए कहा कि इससे पर्यटन की संभावनाओं का विकास होगा, और परिपत्रों को बनाने में मदद मिलेगी।	सड़क परिवहन और राजमार्ग मंत्री नितिनगडकरी ने देश में उत्तम सड़क संरचना के महत्व को रेखांकित करते हुए कहा कि इससे पर्यटन की संभावनाओं का विकास होगा, और करियर के सृजन में मदद मिलेगी।
15	मोदी ने कहा कि महिलाओं, युवाओं, किसानों, और निर्धनों को राष्ट्र की उज्ज्वल भविष्य की कुंजी है।	मोदी ने कहा कि महिलाओं, युवाओं, किसानों और निर्धनों को सशक्त बनाना देश का उज्जवल है-भविष्य की कुञ्जी है।
15	संस्कृत विद्वानों के उत्साह के लिए-संस्कृत के अच्छे प्रचार-प्रसार के लिए संस्कृत साहित्य, कविता, और विभिन्न ग्रंथों के लिए विभिन्न पुरस्कार प्रदान किए जाते हैं।	संस्कृत विद्वानों का उत्साह-संस्कृत को बढ़ावा देने और संस्कृत के सही प्रचार-प्रसार के लिए संस्कृत साहित्य, काव्य और विभिन्न शास्त्रों के लिए विभिन्न पुरस्कार प्रदान किए जाते हैं।
9	सुरभि की इस दशा को देखकर देवताओं के राजा (इन्द्र) ने उससे पूछा- “अरी शुभ लक्षणों वाली! क्यों इस तरह रो रही हो? बोलो”।	सुरभी की स्थिति को देखकर सुराधिपति ने उससे पूछा-"हे शुभ! तुम ऐसा क्यों रो रहे हो? बोलो।"
8	भोगविशेष की कामना से जिनका ज्ञान हर लिया गया है, ऐसे पुरुष अपने स्वभाव से प्रेरित हुए अन्य देवताओं को विशिष्ट नियम का पालन करते हुए भजते हैं।।	हे देवों! कामनाओं के कारण ही अन्य देवताओं के द्वारा कृतकृत्य ज्ञान प्राप्त होते हैं। उस नियम को धारण करने के लिए स्वभाव से ही अपने द्वारा नियति किए जाते हैं।।
11	गांधी उद्योग संघ के महासचिव अशोक राणा ने कहा कि उद्योग निवेश कक्ष को निर्माण किया जाना चाहिए।	गट्टा उद्योग संघ के महासचिव अशोक राणा ने कहा कि उद्योग निवेश प्रकोष्ठ का निर्माण किया जाना चाहिए।
7	जो पुरुष मदाश्रित होकर सदैव समस्त कर्मों को करता है, वह मेरे प्रसाद (अनुग्रह) से शाश्वत, अव्यय पद को प्राप्त कर लेता है।।	मेरे द्वारा किए गए सभी कर्मों को सदा करने वाला आश्रय, मेरे द्वारा किए गए प्रसाद को प्राप्त करने वाला नित्य पदव्ययी है।।
8	मित्र ! अब मुझे भूख बहुत ही दुःख देती है।	हे मित्र! अब मुझे भूख बहुत पीड\u093Cाती है।
10	मनुष्य का आभूषण सौन्दर्य होता है, सौन्दर्य का आभूषण गुण होता है। और गुण का अलंकार बुद्धि होती है, उसी प्रकार बुद्धि का आभूषण क्षमा होती है।	मनुष्यों का भरण-पोषण, रूपों का भरण-पोषण, गुणों का पालन, गुणों का पालन, ज्ञान, ज्ञान का धारण, क्षमा।
13	उस समय वह पुरुष शरणागत जनों का दुःख दूर करने वाले, संसार सागर से पार करने वाले, दयामय श्रीराम चन्द्रजी को प्रसन्न मन से प्रणाम कर प्रसन्नचित्त, शरणागतों के सम्पूर्ण क्लेश हरण करने वाले प्रभु को पृथ्वी पर दण्डवत् कर बारम्बार प्रणाम किया ॥	श्रीरामचन्द्रजी को प्रणाम करके, उन्हें प्रणाम करके, जो अपने शरीर की धाराओं को पार करने वाले, घृणास्पद हैं, प्रसन्न दृष्टि वाले हैं, दण्ड के समान अत्यन्त प्रसन्न होकर प्रणाम करते हैं॥
6	वह 5 मार्च को पटना आ रहा है	वह 5 मार्च को पटना आ रहा है।
1	कौन	कौन
1	सुखी हो रहे है	आश्वासन देते हैं
9	राजौरी और पुंछ ने क्षेत्रों की अपनी यात्रा में सैन्य योद्धाओं के साथ बातचीत की।	राजौरी-पुंछ-उन्होंने क्षेत्रों की अपनी यात्रा के दौरान सैनिकों के साथ बातचीत की।
1	धर्म को	तप
8	प्रबंधक उसकी कार्यनिष्ठा को सुनकर ( देखकर) खुश हुआ।	प्रबंधक उसकी कार्यनिष्ठा को सुनकर (देखकर) खुश हुआ।
6	इस प्रमुख पद पर उनका कार्यकाल अद्वितीय था।	इस प्रमुख पद पर उनका कार्यकाल अद्वितीय था।
3	मैं पानीपत जा रहा हूँ ।	मैं पानीपत जा रहा हूँ।
9	इस प्रकार छोड़कर वह घोड़े पर चढ़ाकर सहसा बैठ गया।	इसी प्रकार छोड़कर घोड़े पर चढ़कर उस वर्ष वह अचानक गायब हो गया।
10	दुर्जन और कांटे इन दो चीजों से बचने के दो ही उपाय हैं, या तो जूतों से इनका मुंह कुचल दिया जाए, उसके अस्तित्व को ही समाप्त कर दिया जाए अथवा उनको दूर से ही त्याग दिया जाए।	दुष्टों और काँटों के प्रति दो प्रकार की प्रतिक्रिया होती है। जैसे-जैसे पैर की नोक पर टूटना, दूर से या दूर से विसर्जित होना।
21	इनमें से सोलन से कैनल धनीराम शण्डिल पहले ही कैबिनेट में हैं और यदि यादविन्द्रगोमा भी अवसर पाता है तो वह आरक्षित वर्ग से दूसरा मंत्री बन जाएगा।	इनमें से सोलन से कर्नल धनीराम शांडिल पहले ही कैबिनेट में हैं और यदि यादविन्द्रगोमा भी मौका पाते हैं तो वह रिजर्व वर्ग से दूसरे मंत्री बन जाएंगे।
5	जिन्हें जान लेने से ही व्यक्ति अपने आपको सर्वज्ञ समझ सकता है।	जिससे विज्ञान ही सर्वज्ञता प्राप्त करता है।
1	देश का	देशी
1	दिया जाता है।	दिया जाता है।
4	वह स्कूटर से बैंक जाती है।	वह स्कूटर से बैंक जाती है।
10	बुद्धिमान महापुरुष शरीरों में शरीर रहित अर्थात पृथक रूप में रहने वाले नश्वर वस्तुओं में नित्य रूप में स्थित महान सभी और व्याप्त इस आत्मा को जानकर किसी प्रकार का शोक नहीं करता।	मनुष्य अपने शरीर में स्थित अशरीर को ही महान और विशाल आत्मा समझकर दुःख नहीं पाता।
6	ओह अभी वो टेबल के ऊपर है।	ओह अभी वह टेबल के ऊपर है।
8	अभी मैं अपने पिता की राजधानी अयोध्या लौटाऊँगा।	अब मैं मेरे पिता की राजधानी अयोध्या लौट जाऊँगा।
7	माता – पिता के पैर छुए ?	माता-पिता के चरण छुए क्या?
7	कर्ल-संस्कृत अध्यापक-महासंघ ने आज श्रावणिका नामक संस्कृत दिवस उत्सव का आयोजन किया।	करल-संस्कृत शिक्षक-फेडरेशन एसोसिएशन का श्रावनिक नाम का संस्कृत दिवस महोत्सव आज संपन्न हुआ।
5	भारतीय खिलाड़ी सूर्य कुमार यादव को सर्वश्रेष्ठ खिलाड़ी चुना गया।	भारतीय खिलाड़ी सूर्य कुमार यादव को सर्वश्रेष्ठ खिलाड़ी के रूप में चुना गया।
3	आप दोनों जाती हैं।	आप दोनों जाते हैं।
8	दृष्टिपात से उसकी व्यथा नष्ट हो जाती है, मैं चित्राम की शरण में क्या प्राप्त करती हूँ?	दृष्टिगोचर होने से उसका कष्ट नष्ट हो जाता है, मैं चित्रकारी में क्या शेष रहता हूँ।
3	छात्र आपस में बोलते हैं।	छात्र आपस में बोलते हैं।
6	शालिसा धाम्या ने भारतीय वायुसेना में नया करियर बनाया है।	भारतीय वायुसेना में शालिसा धामी ने एक नया चरित्र बनाया है।
8	मेरा दृढनिश्चय है मैं शत्रुओं को मार के आऊँगा।	मेरा दृढ़ संकल्प है, मैं शत्रुओं को मारकर आऊँगी।
2	वाणी से बोलो	वाणी से बोलो।
6	पहुंचे हुए समाचार के अनुसार, अर्जुन शीघ्र ही खलनायक की भूमिका पर दिखता है।	पहुंचे समारोह के अनुसार अर्जुन शीघ्र ही खलनायक की भूमिका में दिखाई देता है।
1	तर्क करना	विचार
4	मनुष्य की श्रेष्ठता चरित्र से होती है।	मनुष्य की श्रेष्ठता चरित्र से होती है।
5	रास्ते में नए यात्री चढ़ रहे थे।	रास्ते में नए यात्री चढ़ रहे थे।
1	पृथिवी को	पृथ्वी को
1	इस प्रस्तावना के प्रयोग से सन्तुष्ट होकर	प्रयोग से संतुष्ट
15	उत्कृष्ट कार्यों के लिए उस वर्ष यूनिसेफ़-संस्थान द्वारा नोबेल पुरस्कार प्राप्त किया गया, उस वर्ष इन्दिरंगाधीशांत पुरस्कार से भी यह संस्था सम्मानित की गई।	उत्कृष्ट कार्य के लिए उस वर्ष यूनिसेफ-संस्था द्वारा नोबेल-यह संस्था उस वर्ष इंदिरा गांधी जयंती पुरस्कार से भी सम्मानित की गई थी।
6	रात में भोजनालयों में भी लोग भोजन करते हैं।	रात में भोजनालयों में भी लोग भोजन करते हैं।
2	कभी	जब
5	मेरी जीजी सब्जियों का अचार बनाती हैं।	मेरी बहन सब्जियों का अचार बनाती है।
4	इसलिए वह बहुत बड़बड़ाया ।	इसलिये उसने बहुत जलाया।
26	शिक्षा मंत्रालय ने पिछले महीने के बारह तारीख से इस महीने के बारह तारीख तक-6 तारीख तक छठी कक्षा से बारह कक्षा तक शिक्षकों एवं अभिभावकों द्वारा इस कार्यक्रम में भाग लेने के लिए तालिका में रखा है-इससे माध्यम से आवेदन दर्ज किया जा सकता है।	शिक्षा मंत्रालय ने पिछले महीने की बारह तारीख से इस महीने की बारह तारीख तक छठी कक्षा से बारह तारीख तक-कक्षा तक के छात्रों, शिक्षकों और अभिभावकों द्वारा इस कार्यक्रम में भाग लेने के लिए इस पटल पर जाल लाया गया है-माध्यम से आवेदन अनुरोध किया गया.
3	मैं आलस छोड़ूँगा ।	मैं आलस छोड़ दूँगा।
6	धर्म की रक्षा के लिये वह आगे आया ।	धर्म की रक्षा के लिये वह आगे आया।
6	उसकी बहन का नाम सुप्रथा है ।	उसकी बहन का नाम सुप्रथा है।
12	यहाँ कुम्भकर्ण मारा गया और मैंने मारा, बन्दर द्वारा हनुमाता तथा धुंआँ को मार दिया गया।	यहाँ कुम्भकर्ण और हाथ मेरे द्वारा मारा गया, वानर ने हनुमता और धूम्रक्ष को मारा।
5	दिव्येश मेरा मित्र है	दिव्येश मेरा मित्र है।
13	अरे क्यों यह इस प्रकार ज़ख़्म पर नमक डालता है। निकाल दे, इसको गला पकड़कर ।	अरे! यह इस प्रकार घाव पर कैसे नमक डालता है। इसे आधा चन्द्रमा दान से निकाल डालते हैं।
4	बिना नशा के नशीला धन।	मद के बिना मादक धन।
4	कभी कभी दही से बाल धोता है।	कभी कभी दही से बाल धोता है।
10	उसके बाद छात्रसभा में कुछ छात्र गीत गायेंगे और कुछ भाषण करेंगे।	उसके बाद छात्रसभा में कुछ छात्र गीत गाएँगे और कुछ भाषण करेंगे।
5	वह बच्चा उसका भांजा है ।	वह बालक इस का भतीजा है।
5	इस में थोड़ा सा भी पाप नहीं है।	इस में थोड़ा भी पाप नहीं है।
10	हे राजन् ! उसकी कुल में बढ़ी हुई यह मेरी बेटी है।	हे राजन्! उसकी कूड\u093Cी में बढ\u093Cी हुई यह मेरी निजजा है।
7	उन्हें तीन बार भारत सरकार के राष्ट्रीय पुरस्कार से सम्मानित किया जा चुका है।	उन्हें तीन बार भारत सरकार की राष्ट्रीय पुरस्कार से सम्मानित किया गया है।
16	विक्रान्त मैसी और मेधा शंकर की फिल्म वीं फेल, जिसका नेतृत्व विधु विनोद शर्मा ने किया, लंबे समय से चर्चा में आ रही है।	विक्रांत मैसी और वेदाशंकर अभिनीत विधु विनोद चोपड़ा द्वारा निर्देशित फिल्म'मैं असफल हूँ'बहुत समय से चर्चा में है।
1	जान-बूझकर ।	बुद्धि से
17	इस अवसर पर माइक्रोन, रिलायंस, टाटा समूह जैसे प्रमुख वैश्विक-भारतीय उद्योगों ने गुजरात में अपने व्यवसाय के विस्तार की योजना की घोषणा की।	इस अवसर पर माइक्रोन, रिलायंस, टाटा समूह आदि प्रमुख वैश्विक-भारतीय उद्योगों ने गुजरात में अपने व्यवसाय के विस्तार की योजना की घोषणा की।
9	एक निर्वाचन क्षेत्र में, भाजपा प्रतिस्थापन को निर्विरोध चुना गया।	एक जिले में भाजपा के स्थान पर प्रतियोगी के बिना चुना गया था।
5	मेरी एक दुकान है।	मेरा एक दूकान है।
14	डीएमडीके स्कूल हॉल ने घोषणा की कि विजयकांत COVID-19 की कक्षा में नौ दशकों से ग्रसित थे और जीवन रक्षक प्रणाली द्वारा ले जाया जा रहा था।	डीएमडीके मुख्यालय ने घोषणा की कि विजयकांत कोविड-19 से पीड़ित थे और जीवन रक्षक प्रणाली से सांस ले रहे थे।
6	गरम पानी में हाथ और पैर रखता है।	गरम पानी में पैर और हाथ रखता है।
1	शोभा देना	चमकना
5	इसी कारण स्वाधीनता सेनानियों के दो दल थे।	इसलिये स्वाधीनता सेना के दो दल हैं।
31	मंत्रिमण्डल ने लोक निर्माण विभाग में छोटे इंजीनियरिंग और छोटे तकनीकी पदों को भरने के लिए मंजूरी दी है, जलशक्ति विभाग में कार्यनियंत्रक, राजस्व प्रशिक्षण संस्थान जोगिन्दर ने विभिन्न वर्गों के निर्माण को मंजूरी दी है और सैन्य कल्याण विभाग में हमीरपुर ने विभिन्न वर्गों के पांच पदों को पूरा करने के लिए मंजूरी दी है।	पदों को पूरा करने के लिए मंजूरी मंत्री ने लोक निर्माण विभाग में जूनियर-इंजीनियर के पद और जूनियर तकनीकी के पद, जलशक्ति विभाग में कार्य निरीक्षक के पद, राजस्व प्रशिक्षण संस्थान में जोगिंदर में विभिन्न वर्गों के पदों के निर्माण को मंजूरी दी गई है और सैन्य कल्याण विभाग में हमीरपुर में विभिन्न वर्गों के पांच स्थानों को पूरा करने के लिए मंजूरी दी गई है।
16	अनेक मारखड़ने वाले भीम सेनाओं के साथ उन दोनों वीरों का बड़ा भारी युद्ध तब देवता, गन्धर्व, महाोर, गीदड़, सिद्ध, खेचर, ऋषि और दानव आदि देखते थे।	अनेक प्रकार के ग्रहणों से भीमों और उन दोनों शूरों का सुमहत् युद्ध तब देवताओं, गन्धर्वों, महोरगणों, सिद्धों, खेचरों और ऋषियों के द्वारा देखा जाता था।
12	अब तक, बाईस तारीख को छह करोड़ से अधिक विद्यार्थियों ने अपना पंजीकरण कराया है।	अब तक दो बीस दशमलव छह करोड़ से अधिक छात्रों ने अपना पंजीकरण कराया है।
1	मुनि से	मुनि का
10	नवजात बालक कुछ भी नहीं जानता है फिर भी धीरे धीरे उसका ज्ञान बढ़ता है।	नवजात बालक कुछ भी नहीं जानता फिर भी धीरे धीरे उसका ज्ञान बढ़ता है।
1	भजो	भजना
5	क्या वह नहीं मानता ?	वह नहीं मानता है क्या?
8	हिमाचल प्रदेश के पचास युवा किसान आधुनिककृषि विधि को समझने के लिए जापान जाएँगे।	हिमाचल प्रदेश के एक सौ पचास युवा किसान आधुनिक खेती के तरीकों को जानने के लिए जापान जाएंगे।
4	कारण कि कीर्ति ही बड़ा बल है ।	कीर्ति ही परम बल है।
3	जोकि, उपयोंको अधिकार करके यह तन्त्र रचागया है इस वास्ते इसका अग्रगण्य ) औपद्वधिक अध्याय प्रथम वर्णन होगा ॥	जिसके द्वारा तंत्र को अधिकृत किया गया था।
8	जो स्थिरबुद्धि,  संमोहरहित ब्रह्मवित् पुरुष ब्रह्म में स्थित है,  वह प्रिय वस्तु को प्राप्त होकर हर्षित नहीं होता और अप्रिय को पाकर उद्विग्न नहीं होता।।	जो पुरुष प्रेम प्राप्त करके न प्रसन्न होता है और न दूसरे को प्राप्त करके ही प्रसन्न होता है, वह स्थिर बुद्धि से युक्त होकर ब्रह्मविद्वान् ब्रह्म में स्थित रहता है।।
7	उसी प्रकार मनुष्यों का संघ (समूह) ही कुछ कर सकता है।	उसी प्रकार मनुष्यों का संघ इस प्रकार कुछ भी करने में समर्थ है।
12	मेरा जीवन तो बस एक केवल हरिनाम ही है, इसके अतिरिक्त कलियुगमें और कोई गति है ही नहीं ॥	हे नाम ही मेरे जीवन का नाम है। कलाएँ नहीं हैं, गति और अन्य कोई नहीं हैं।
7	हिन्दी कवि मुंशी प्रेमचन्द ने साहित्य को "जीवन की आलोचना" कहा है।	हिन्दी कवि मुन्शी प्रेमचंद ने साहित्य को "जीवन की आलोचना" कहा।
5	मूर्ख धर्मपत्नी को भी कपड़े नहीं पहनाता।	मूर्ख स्त्री को भी वस्त्र नहीं ढकता है।
6	उस भारतीय युवक के लिए हमेशा स्वस्ति की कामना।	उस भारतीय युवक को हमेशा स्वस्थ रहना चाहिये।
36	हे विश्वेश्वर! हे अनन्तं! आप मेरी रक्षा कीजिये। हे जगन्नाथ! आपको नमस्कार है। हे प्रभो! में आपकी शरण में हूँ। आप अपने ज्ञानाग्निरूप तलवार से मेरे पुत्र तथा धन आदि के स्नेह पाश को काट दीजिये। कैकेयी का यह वचन सुनकर श्रीरामचन्द्रजी मुस्कुराकर बोले हे महाभागे ! आप जो कुछ कह रहीं हैं वह ठीक ही है, मिथ्या नहीं है। मेरी ही प्रेरणा से देवताओं के कार्य की सिद्धि के लिये आपके मुख से यह शब्द निकले थे। इसमें आपका कोई दोष नहीं है। अतः आप अयोध्या कूट जाएँ और अहर्निश निरन्तर हृदय में मेरी भावना करने से आप सर्वत्र स्नेह रहित होकर मेरी भक्ति द्वारा शीघ्र ही मुक्त हो जायेंगी। में सर्वत्र समदर्शी हूँ, मेरा कोई भी प्रिय अथवा अप्रिय नहीं हे ॥	हे जगनाथ! हे विश्वेश्वरणन्त! मैं आपका नमस्कार करता हूँ। आपका प्रेममय पाश कट गया है, पुत्रों का धन भी आपके सामने आ गया है, यह सत्य ही है। आपकी यह वाणी मेरे द्वारा ही प्रेरित की गई है। आपकी यह वाणी मेरे द्वारा ही कही गई है। आप मेरी भक्ति से सब जगह दूर हो गए हैं। मैं तो सब जगह समान भाव से द्वेष करता हूँ या प्रिय।
12	कार्यक्रम में श्री द्वारकानौटियाल गौरवजी, अभिषेक शर्मा और वेदांत जी अनेक गणमान्य उपस्थित थे।	कार्यक्रम में श्री द्वारकानौटियाल गौरवजगुड़ी, अभिषेक शर्मा, वेदांतजगुड़ी और अनेक गणमान्य लोग उपस्थित थे।
22	अपने व्याख्यान में उन्होंने कहा कि समाज में संस्कृत को प्रौढ़ और कठिन माना जाता है, लेकिन बंधन में कुछ बदलाव करके संस्कृत का प्रयोग सरल और शुद्ध तरीके से किया जा सकता है।	अपने व्याख्यान में उन्होंने कहा कि समाज में संस्कृत को परिपक्व और कठिन माना जाता है, लेकिन व्याकरण में थोड़ा बदलाव करके संस्कृत का प्रयोग सरलता से और शुद्धता से किया जा सकता है।
1	कहना चाहिये	कहकर
8	क्रोधित शेर उस पर प्रहार करना चाहता है, परन्तु बन्दर कूदकर पेड़ पर चढ़ जाता है।	क्रोधित शेर उसे मारना चाहता है परन्तु बन्दर भी कूदकर वृक्ष पर चढ़ गया।
11	बताया जाता है कि एनपीपी को 45 सामाजिक समूहों का समर्थन प्राप्त है।	बताया गया है कि एनपीपी नामक राजनीतिक दल के नेतृत्व में 45 सामाजिक लोगों का सहयोग है।
7	सतीश – रास्ते में कुत्ते दौड़ रहे थे।	सतीश-रास्ते में कुत्ते दौड़ रहे थे।
12	वहाँ उन्होंने सब और भगवान श्रीरामचन्द्रजी के वज्र, अंकुश, कमल और ध्वजा आदि के चिन्हों से सशोभित तथा पृथिवी के लिये अत्यन्त मंगलमय चरणचिन्ह देखे। उन्हें देखकर भाई शत्रुघ्न सहित वह उस चरणारविन्द में लोटने लगे और मन ही मन कहने लगे"अहो! मैं परमधन्य हूँ, जो आज श्रीराम चन्द्रजी के चरणारविन्दों के चिन्हों से सुशोभित भूमि को देख रहा हूँ, जिन चरण रज को ब्रह्मा आदि देवगण और सम्पूर्ण श्रुतियाँ भी सदा अन्वेषण करती रहती हैं ॥	वहाँ पर वज्र के धनुष से सुशोभित झंडे आदि के चिह्न तथा सभी स्थानों से उनके चरणों को देखकर श्रीरामचन्द्रजी की भुजाएँ अत्यन्त क्रोधित हो गईं और उनके अनुजगण उनके चरणों को देखकर प्रसन्न हो गये॥
6	शाकम्भरी देवी के वरदान से वासुदेव जी लावणजलाशय पहुँच गए।	शाकम्भरीदेवी के वरदान से वासुदेव ने लावण्य जल को प्राप्त किया।
7	बहुत से लोग केवल फल ही खा रहे थे।	बहुत से लोग केवल फल ही खाते थे।
6	(क्षेत्र-क्षेत्रज्ञ के विषय में) ऋषियों द्वारा विभिन्न और विविध छन्दों में बहुत प्रकार से गाया गया है, तथा सम्यक् प्रकार से निश्चित किये हुये युक्तियुक्त ब्रह्मसूत्र के पदों द्वारा (अर्थात् ब्रह्म के सूचक शब्दों द्वारा) भी (वैसे ही कहा गया है)।।	ऋषियों के द्वारा कहा हुआ यह गीत अनेक प्रकार के श्लोकों से पृथक्-पृथक् है। ब्रह्मसूत्र के पद पर रहने वाले इस प्रकार के वचनों का निश्चय करने वालों के लिए यही कारण है।।
4	उसका लड़का स्कूल में पढ़ता है	उसका बेटा पाठशाला में पढ़ता है।
7	दस वर्ष से ही हिमाचल प्रदेश सबसे समृद्ध राज्यों में से एक बन जाएगा।	दस वर्ष से अधिक समय में हिमाचल प्रदेश समृद्धतम राज्यों में से एक होगा।
4	रास्ते में गड्ढा था।	रास्ते में गड्ढा था।
6	सशंकित अवस्था में यहाँ घूम रहे हो।	रक्षक-शङ्कित अवस्था में यहाँ घूमता है।
9	आपके तत्त्ववेत्ता भक्तजन आपकी भक्ति ही चाहते हैं, अत: मेरी भी सदा आपके चरणोंमें भक्ति बनी रहे ॥	हे सारवेदियों! आपकी भक्ति ही आपकी अभिलाषा है, इसलिए आपके चरणारविन्दों की भक्ति ही मेरी सदा बनी रहेगी॥
9	हिमाचल प्रदेश के बारे में वादी पर्वतीय राज्य में इस कार्यक्रम के बारे में बहुत उत्साह है।	हिमाचल के बारे में बोलते हुए पर्वतीय राज्य में इस कार्यक्रम के बारे में बहुत उत्साह है।
3	बालक जायेगा।	बालक जाएगा।
4	अभी वह विश्राम कर रहा है।	अभी वह विश्राम कर रहा है।
16	इस कार्यक्रम में उत्तराखंड:, उत्तराखंड:, नई दिल्ली, राजस्थान, महाराष्ट्र:, हरियाणा, बिहार:, कर्नाटक:, तमिलनाडु जैसे राज्य के शिक्षक भाग लेंगे।	इस कार्यक्रम में उत्तराखंड, उत्तर प्रदेश, नई दिल्ली, राजस्थान, महाराष्ट्र, हरियाणा, बिहार, कर्नाटक, तमिलनाडु जैसे राज्यों के शिक्षक भाग ले रहे हैं।
10	इस मार्ग में कुछ भी भय नहीं है। इसलिए मैं अकेला ही जाऊँगा।	इस मार्ग में कोई भय नहीं है। इसलिये मैं अकेला ही जाऊँगा।
7	देवसभा अर्थात् सत्संग, जहाँ ज्ञान भक्ति चर्चादि होती है।	देवासभा अर्थात् सत्संग, जहाँ ज्ञानभक्ति चर्चा आदि हो सकती हैं।
13	इन दिनों संस्कृत विद्यालय और कॉलेजएँ मानक के अनुसार विधान की प्रतीक्षा कर रही थीं, जो अब विधान के तहत आ गए हैं.	ये संस्कृत विद्यालय और महाविद्यालय मानक के अनुसार विधान की प्रतीक्षा कर रहे थे, जो अब विधानों के तहत आ गए हैं।
6	वास्तव में वह शास्त्रीय संगीत सुन रहा है	वास्तव में वह शास्त्रीय राग सुन रहा है।
2	यह जाता है।	यह जाता है।
6	पाणिनि 'एक कथा के रूप में अन्य कथावस्तु का बहुतवचन है।	पाणिनि "जाति के नाम से एक में बहुवचन और अन्य में" यह बोलता है।
4	हर फल में बीज होता है।	फल फल में बीज होता है।
8	चारो तरफ से ऋषियों के आश्रमों से सुशोभित, ब्रह्मर्षियों और देवर्षियों से सेवित वह आश्रम साक्षात् दूसरे ब्रह्मलोक के समान प्रतीत हो रहा था ॥	ब्रह्माजी, ऋषिगण, देवर्षिगण और मुनिजनों द्वारा सेवित यह मन्दिर साक्षात् ब्रह्मलोक के समान सुशोभित है॥
10	इसलिए वह कात्यायन का''सिद्ध शब्द अर्थ के संबंध में लोकतोर्थ के लिए प्रयोग किए जाने के लिए शास्त्र द्वारा लौकिक वेदिकों में धर्म का पालन किया गया।	उसके लिए वह कात्यायन का है "सिद्ध शब्द अर्थ के सम्बन्ध में लोक अर्थ के प्रयोग में शास्त्र द्वारा धर्म का नियम लौकिक वेदियों में है।
3	वह स्वस्थ हो गया।	वह स्वस्थ हो गया।
6	सुकृति – तो फिर हम दोनों सेव खाएँगे	सुकृति-तो फिर हम दोनों सेव खाएँगे।
3	वह सेल्फी ले रहा है।	वह सेल्फी लेता है।
5	वे कन्ग्रेज सर्वाकरण में भी मंत्री थे।	वे कांग्रेस सरकार में भी मंत्री थे।
5	अल्पाहार में वह उबले चने खाता है।	अल्पाहार में वह उबले हुए चने खाता है।
3	स्नानागार में ही गाते हो	स्नानगृह में ही गाते हो।
3	देवभक्त पूर्ण हृदय से परिश्रम करता है।	सभी हृदयों में देवकाम उत्पन्न होता है।
8	राष्ट्रीय-राजाधानी में भारी ठंड के कारण विमान उड़ने, रेल-और संचालन में देरी हो गई।	राष्ट्रीय-राजधानी में बहुत ठंड-विमान के उड़ने के कारण, रेल-संचालन में देरी हुई।
6	प्रकृति के क्रोधों से व्याकुल मनुष्य क्या कर सकता है?	प्रकृति के कारण भयभीत व्यक्ति क्या कर सकता है?
5	उज्जियिनी किस नगर के पश्चिम दिशा में है?	उज्जैन किस नगर से पश्चिम दिशा में है?
13	बाल भारती विद्यालय दुनिया भर में संस्कृत का प्रसार करने के लिए एक सकृतोत्सव नामक एक प्रदर्शनी का आयोजन करता है।	बाल भारती विद्यालय द्वारा विश्व में भी संस्कृत के प्रसार के लिए एक सकृत उत्सव नामक प्रदर्शनी आयोजित की जाती है।
6	वह सज्जन मेरा सम्वाद सुनकर हँस दिये।	वह सज्जन मेरी बात सुनकर हँस पड़ा।
10	आज वह उनके संस्थान की राष्ट्रीय कार्यकारिणी सभा, संस्कृत के संवर्धन कीप्रतिष्ठा के कार्यदर्शी हैं।	आजकल वह उनके संस्थान की राष्ट्रीय कार्यकारिणी सदस्य हैं, संस्कृत संवर्धन प्रतिष्ठान की कार्यदर्शी भी हैं।
14	जो भी विषय जैसा है, वह विषय जैसा ही भावना है और वह भी लोक में फैलती जानी चाहिए, ऐसा अपनी बुद्धि के अनुसार नहीं।	जो विषय जैसा है, उसके विषय में वैसा भाव संसार में फैलाना चाहिए, या अपने विचार के अनुसार नहीं।
4	वरूणा रेलगाड़ी काशी से आती है।	वरुणा रेल काशी से आती है।
1	बस	जुड़ा हुआ
1	महान्।	बड़ा
17	मित्र! जहाँ-तहाँ अत्यधिक पृथ्वी पर भवनों का, भूमिगत मार्गों का, विशेषरूप से मैट्रो के मार्गों का, ऊपर से गुजरने वाले पुलों का-इत्यादि के निर्माण के लिए वृक्ष काटे जाते हैं। अवश्य ही हमसे क्या अपेक्षा की जाती है?	जोसेफ-मित्रों! जहाँ-वहाँ बहुत से भूमि भवनों, भूमिगत मार्गों, विशेष रूप से मेट्रो मार्गों, ऊपर की पुलों आदि के निर्माण के लिए वृक्ष काटते हैं तो हमें और क्या चाहिए?
20	आयोग केंद्र-राज्यों के बीच ऋण की प्राप्ति के लिए वितरण, राज्य में पंचायतों और नगरपालिकाओं के संसाधनों के हिस्से के रूप में राज्य के संचित धन को बढ़ाने के लिए आवश्यक उपाय करेगा।	आयोग केंद्र-राज्यों के बीच ऋण की प्राप्ति का वितरण, राज्य में पंचायतों और नगरपालिकाओं के संसाधनों को पूरक बनाने के लिए राज्य के एकीकृत धन को बढ़ाने के लिए आवश्यक उपाय भी करेगा।
1	रवि को संबोधित करने के लिए इस्तेमाल किया	सूर्यनारायण
9	उत्तम से उत्तम सन्धि के द्वारा भी शत्रु से कभी सन्धि (मेल) नहीं करना चाहिये क्योंकि यदि पानी गरम होगा तो भी वह अग्नि को तो बुझा ही देता है	शत्रु के द्वारा नहीं, शत्रु के द्वारा सुलह के द्वारा भी नहीं, सोते समय भी जल को शान्त किया जा सकता है।
1	जहर	विष
11	इसके अलावा उसके समूह के वरिष्ठ नेताओं भी इस सुनवाई में उपस्थित थे।	इसके अलावा उनके समूह के वरिष्ठ नेता भी इस सुनवाई में (सुनवाई में) उपस्थित थे।
10	नवजात बालक कुछ भी नहीं जानता है फिर भी धीरे धीरे उसका ज्ञान बढ़ता है।	नवजात बालक कुछ भी नहीं जानता फिर भी धीरे धीरे उसका ज्ञान बढ़ता है।
1	उन दोनों के द्वारा	उन दोनों के द्वारा
3	बाद में विश्वविद्यालय जाएगी।	बाद में विश्वविद्यालय जाएगा।
1	मारता है	हिंसा करना
1	दुनिया	संसार
6	परीक्षा के लिये कितने दिन शेष रह गए हैं ? )	परीक्षा के लिए कितने दिन शेष हैं?
3	एक प्रश्न पूछता हूँ।	एक प्रश्न पूछता हूँ।
4	शाम को वह मुझे मिला	शाम को वह मुझे मिला।
6	कल वीर शहीदों के शव दिल्ली आए।	कल वीर शहीदों के शव दिल्ली आ गए।
17	वह सोचने लगा कि अकेले मनुष्य मात्र रघुवंशी राम बलवीर्य और राक्षससम्पन्न मेरे भाई खर को सेना के साथ कैसे मार डाला ॥	हे राघव! एक राम ने मेरा बलवान और एकमात्र मनुष्य ही कैसे नष्ट कर दिया? हे राघव! मेरा भाई कैसे नष्ट हो गया?
4	भिक्षुक के द्वारा रोटी खाया जाना चाहिए।	भिखारी को रोटी खाना चाहिये।
6	इस योजना का तीसरा चरण भी आएगा।	इस योजना का तीसरा चरण भी आएगा।
12	आर्द्रभूमि क्षेत्र न केवल जैव विविधता का संरक्षण करते हैं अपितु असंख्य लोगों के आजीविका भी उनके स्रोत हैं।	आर्द्रभूमि क्षेत्र न केवल जैवविविधता का संरक्षण करते हैं अपितु अनगिनत लोगों की आजीविका का स्रोत भी हैं।
11	कार्यक्रम जनवरी को दोपहर बजे से जनवरी को दिनभर बजे तक चला।	कार्यक्रम जनवरी को दोपहर बजे से जनवरी को दिन के बजे तक चला।
7	पाँचवीं इन्द्रिय चमड़ी है, जिससे मनुष्य स्पर्श जानता है ।	त्वचा पाँचवीं इन्द्रिय है, जिससे मनुष्य स्पर्श को जानता है।
9	ओह , आप रात में संस्कृत में ही सपना देखते हैं	ओह, आप रात में संस्कृत में ही सपना देखते हैं।
8	दसवें ( अन्तिम) पृष्ठ पर वह दुर्घटना के चित्र देखता है।	दसवें (अंतिम) पृष्ठ पर वह दुर्घटना के चित्र देखता है।
1	तराजू	वस्त्र
3	चाचा चाची नहीं हैं ।	चाचा चाचा नहीं है।
12	चीन:, जप्पनम, दक्षिण कोरिया, हांगकांग:, आज से थाईलैंड के आगंतुकों के लिए भी यही व्यवस्था है।	चीन, जापान, दक्षिण कोरिया, हांगकांग, आज से थाईलैंड जैसे देशों के पर्यटकों के लिए यह व्यवस्था की गई है।
8	उन्होंने कहा कि यह मुद्दा केंद्र सरकार के नियंत्रण में है।	उन्होंने कहा कि यह विषय केंद्र सरकार के अधिकार क्षेत्र में है।
2	मिट्टी की गाड़ी से।	मिट्टी की गाड़ी से।
9	पिप्पली, मोठ, यवक्षार, कालीजीरी, धनिया, जीरा इन सबको समान भाग लेकर चूर्ण कर लेना चाहिये । इस चूर्ण को फाणित ( रात्र) और घी में मिला कर अनार के रस से खट्टा करके रोगी को देना चाहिये । [ जल्पकल्पतरु मे पिप्पल्यादि के कल्क से घृत सिद्ध करके देना चाहिये ऐसा माना है ] ॥	पिप्पली, नासिका, क्षार, कार, वीन और जीरा के साथ फल का अम्ल मिला कर घी में मिला कर पीना चाहिये॥
4	आज धोबी नहीं आया।	आज धोबी नहीं आया।
3	लड़के रोते हैं ।	बच्चे रोते हैं।
9	इस संबंध में मुख्यमंत्री प्रबोध सक्सेना ने रविवार को छुट्टी के दिन आदेश भी जारी किए।	इस संबंध में मुख्य सचिव सुबोध सक्सेना ने रविवार को भी आदेश जारी किए।
7	उसका श्लोकगान सुनकर दूसरा सज्जन भी गाता है।	उसका श्लोकगान सुनकर दूसरा सज्जन भी गाता है।
7	व्याधिके ग्रहणसे वायु, पित्त कफ, रक्त, सन्निपात इनमेंसे एक या अधिककी विषमतासे उत्पन्न होनेवाली संपूर्ण (चारोंप्रकारकी ) व्याधि समझीजातीहैं ॥	पित्त, पित्त, कफ, शोण आदि रोगों के ग्रहण से होने वाले संसर्ग के कारण होने वाले विष के कारण सभी रोगों का वर्णन किया गया है।
5	क्या आप कसरत करते हैं?	आप भी व्यायाम करते हैं?
6	सुहासिनी -ऐसा किसने कहा ?	सुहासिनी-ऐसा किसने कहा?
3	असम के लोग मृदङ्ग बजाते हैं।	असम लोग मृदंग बजाते हैं।
3	संदीप गौशाला जाता है।	संदीप गौशाला जाता है।
10	अभिमानी और उन्मत्त जिस वाणी को बोलता है वह राक्षसी वाणी है।	जो दृढ़निश्चयी बोलता है, वह राक्षसी वाणी है।
8	मित्र ! अब मुझे भूख बहुत ही दुःख देती है।	हे मित्र! अब मुझे भूख बहुत पीड\u093Cाती है।
5	जल्दी से वो पलँग के नीचे चली गई।	जल्दी ही वह पिंजरे के नीचे चली गई।
7	कर्ल-संस्कृत अध्यापक-महासंघ ने आज श्रावणिका नामक संस्कृत दिवस उत्सव का आयोजन किया।	करल-संस्कृत शिक्षक-फेडरेशन एसोसिएशन का श्रावनिक नाम का संस्कृत दिवस महोत्सव आज संपन्न हुआ।
10	इस दिन दर्शकों के बीच बैठे युवकों ने सदन में उछल कर धुआँ निकला।	इस दिन दर्शकों के बीच बैठे दोनों युवाओं ने सदन में कूदकर धुआं छोड़ दिया।
3	प्रयास करता हूँ ।	प्रयत्न करता हूँ।
9	केंद्रीय मंत्री द्वारा प्रभावित लोगों को कल्याण और सुरक्षा के लिए प्रार्थना की गई है।	केंद्रीय मंत्री ने प्रभावित लोगों की कल्याण और सुरक्षा के लिए प्रार्थना की।
3	चौथे दिन समापन समारोह आयोजित किया जाएगा।	पूरा समारोह 4 तारीख को होगा.
5	वहाँ सोने का महल था।	जो वहाँ सोने का महल है।
6	अब असम सैनिकों का प्रयाणगीत बदलूराम के नाम पर है।	अब असम सैनिकों का यात्रा गीत बदलूराम के नाम पर है।
4	कोकाकोला मत पीजिये।	कोकाकोला मत पीओ।
5	दोष हो जाए तो भी चिन्ता न करें	दोष होता है तो चिन्ता मत करो।
16	मंत्रालय ने एक आधिकारिक विज्ञापन में कहा कि ये वेब फ़ाइलों से आयोजित अवैध निवेश हैं-संबद्ध-आपदाग्रस्त-वे मामले आगे बढ़ रहे हैं.	मंत्रालय ने एक आधिकारिक विज्ञप्ति में कहा कि ये वेबफ्लॉक संगठित अवैध निवेश से जुड़े हुए हैं-आपराधिक-मामलों को पोषित करते हैं।
9	विधानसभा का पांच दिवसीय शिशिरात्र मंगलवार से शुरू हुआ, जो दिसंबर तक होगा.	विधानसभा का पांच दिवसीय शिशिरसत्र मंगलवार को शुरू हुआ, जो दिसंबर तक होगा।
4	बड़ा बेटा हाँगकाँग रहता है।	बड़ा बेटा हांगकांग में रहता है।
8	उनके पिता अनन्त शास्त्री डोंगरे और माता लक्ष्मीबाई थीं।	उसके पिता अनंत शास्त्री डोंगरे और माँ लक्ष्मीबाई थे।
4	वह बच्चा अद्भुत था।	वह बालक अद्भुत था।
3	सभी समाचारपत्र पढ़ रहे हैं।	सभी समाचारपत्र पढ़ते हैं।
17	राज्यपाल सीवी आनंद बोस कल शाम दिल्ली के लिए रवाना हो गये. उम्मीद है कि वह गृह मंत्री अमित शाह से मुलाकात करेंगे और उन्हें राज्य की स्थिति के बारे में जानकारी देंगे।	कल शाम राज्यपाल सीवी आनन्द बोस दिल्ली चले गए। वह गृह मंत्री अमित शाह से मिलकर राज्य की स्थिति को समझाने की उम्मीद है।
18	नीति-आयोग के मुख्य अधिकारी बी.एसकार्याधिकारी बीवीएसआर.एससुब्रमण्यन ने नई दिल्ली में कहा कि इस कार्यक्रम में लगभग सात सौ विश्वविद्यालयों के कुलपति और संस्थानों के प्रमुख उपस्थित होंगे।	नीति-आयोग के मुख्य-कार्य अधिकारी <बी.वी.आर]. सुब्रमण्यन ने नई दिल्ली में कहा कि इस कार्यक्रम में लगभग सात सौ विश्वविद्यालयों के कुलपति और संस्थानों के प्रमुख उपस्थित होंगे।
1	सिर	सिर
3	सबका मुँह देखता है ।	सबका मुख देखता है।
13	देवगण! उसके बाद सूर्यदेव घरपर आये और ब्राह्मणश्रेष्ठ वसिष्ठको राजा संवरणके लिये (अपनी ) तपती नामकी उस कन्याको समर्पित कर दिया। फिर सूर्यपुत्रीको साथ लेकर वसिष्ठ अपने पवित्र आश्रममें आ गये। वह कन्या उस राजपुत्रका स्मरण कर और हाथ जोड़कर ऋषि वसिष्ठसे बोली - ॥	तदनन्तर तपती तनुजा ने वसिष्ठजी से दिव्य वचन कहा-- तपती! वह तपती! तपती! तपती। तपती। तपती। तपती। तपती। तपती। तपती। तपती। तपती। तपती। तपती। तपती। तपती। तपती। तपती। तपती। तपती। तपती। तपती। तपती। तपती। तपती। तपती। तपती। तपती
1	खेद है कि नष्ट हो गई।	बटुआ
1	आध्यात्मिक	आध्यात्मिक
4	बहू ने एक जगह कार पार्क की	बहू ने एक कार रखी।
1	तीता	कड़वा
13	द्रौपदी डर गई और गई - मैं तो दासी हूँ यह तुम्हारे योग्य नहीं है।	द्रौपदी डर से दूर जाती हुई बोली-मैं तो नौकरानी हूँ, मैं तुम्हारे योग्य नहीं हूँ।
3	आपका मोबाइल नंबर बोलिये।	आपका मोबाइल नंबर बोलिये।
3	वह मालपुआ तलती है ।	वह धूप तलती है।
12	आपके दासों के जो दास हैं उनके भी उत्तरोत्तर जो सैकड़ों दासानुदास हैं में तो उनकी भी दासी होने की अधिकारिणी नही हूँ। अतः आपकी प्रत्यक्ष दासी होने का मुझे अधिकार ही कहाँ है ॥	आपके दास अथवा सैकड़ों के बाद के दासों के दासत्व में कोई अधिकार नहीं है, यह तो कहाँ से देखा जा सकता है?
1	निश्चय करके ।	निर्णय करके
1	संचय करने में	संग्रहों में
1	ढांपना	छिपाना
5	एक का नाम राजगुरु था	एक का नाम राजगुरु था।
3	लोग यहां वैसा	संसार यहाँ वैसे ही है।
6	रास्ते की संचय-दल में चवालीसत्तर और वायु के योद्धार भागों को जीत लिया जाता है।	मार्ग-संचरण-दल में चौबीस उत्तर वायु योद्धा भाग लेंगे।
4	मनु जी ने सभी को धर्म का उपदेश किया।	मनु ने सबको धर्म का उपदेश किया।
6	सूत्रसञ्चालन त्रिम्बक केदार, श्रीराज शेलार ने किया।	सूत्रसञ्चालन त्रिम्बक केदार और श्रीराज शेलर ने किया।
1	रहूँगा।	वर्षा करूँगा।
6	जो प्रशिक्षण देती हैं वे प्रशिक्षिकायें।	जो प्रशिक्षण देते हैं वे प्रशिक्षक हैं।
10	उसी समय सुभाषचंद्र बोस ने आजाद हिंद फौज नाम के एक सैन्य दल की रचना की।	उसी समय सुभाषचंद्र बोस ने "आजाद हिंद फौज" नाम से एक रेजिमेन्ट का गठन किया।
3	आठवें वर्ष पर्यन्त की थी।	आठ वर्ष तक किया।
7	क्या करें ? क्या कर सकते हैं ?	क्या करें? क्या कर सकते हैं?
23	जब मैं अल्पज्ञान वाला था। तब मैं हाथी के समान मदमस्त था। तब मैं सर्वज्ञ हूँ, मेरे मन में गर्व उत्पन्न हुआ। जब पण्डितों के पास से कुछ-कुछ ज्ञान प्राप्त किया, तब मैं मूर्ख हूँ ऐसा ज्वर के समान मेरा दर्प चला गया।	जब मैं थोड\u093Cा ही विद्वान हूँ, द्वीप के समान ही मद से अन्धा हूँ, तब मेरा मन सर्वज्ञ है, इस प्रकार के भावों से व्याकुल हो गया है। जब कुछ ही लोग बुद्धिजनों के पास पहुँचते हैं, तब मूर्ख ही ज्वर के समान मुझे मद देता है॥
8	मन्दिर-प्रशासन ने कहा कि यह प्रकरण गुरुवार की रात को हुआ था।	मंदिर-प्रशासन ने घोषणा की कि यह मामला गुरुवार रात को हुआ था।
14	अरहंत भगवान द्वारा अर्थ रुप से कहे गये और गणधरदेव द्वारा ग्रंथरुप से ग्रन्थित किये गये, श्रुतज्ञान रुप महासागर को भक्ति पूर्वक मैं सिर झुकाकर प्रणाम करता हूँ ॥	हे गणहर! हे देवतागण! हे गठीय! हे धनवान्! मैं भक्तिपूर्वक अपने पादुकाओं को अर्पण करता हूँ। हे सिर्सा! हे सुधन्! आप मुझे ही मारते हैं॥
7	विविध विद्यालयों के छात्र भी वहाँ बैठे थे।	विभिन्न विद्यालयों के छात्र भी वहाँ बैठे थे।
10	इस पृथ्वी पर तीन ही रत्न हैं-जल, अन्न और हितकारी वचन, परंतु मूर्ख लोग पत्थर के टुकड़े को रत्न कहते हैं।	पृथ्वी पर तीन रत्न हैं-जल का मन्त्र सुभाषित है। मूर्ख लोग पत्थर के टुकड़ों पर रत्न की संज्ञा देते हैं।
17	मुख्यमंत्री ने कहा कि किसी का अपराध नहीं होगा, परन्तु जो अवैध खोदते हैं उनके विरुद्ध नियमों और पद्धतियों के विरुद्ध कार्यविधी होगा।	मुख्यमंत्री ने कहा कि किसी का अपराध नहीं होगा, लेकिन जो अवैध खोदते हैं उनके खिलाफ नियम और प्रावधानों के खिलाफ कार्य किया जाएगा।
4	शायद कोई रुक जाए।	शायद कोई खड़ा रहे।
5	केरल में कई जगहों पर बहुत गर्मी लगती है.	केरल के बहुत से हिस्सों में गर्मी का अनुभव हो रहा है।
5	ज्ञानी हर संघर्ष में प्रसन्न रहते हैं।	ब्राह्मण युद्ध में अनुमति देते हैं।
15	तब गुरुजी के आध्यात्मिक मार्गदर्शन की अपेक्षा करते हुए उन्होंने गुरुजी के पास से अपने विचारों का मार्ग अपनाया और कुछ प्रश्नों के उत्तर प्राप्त किये।	तब गुरु के आध्यात्मिक मार्गदर्शन की आवश्यकता के कारण उन्होंने महर्षि के साकाश से आत्मविचार के मार्ग पर चलने वाले कुछ प्रश्नों के उत्तर प्राप्त किये।
8	गोलीकाण्ड में सम्मिलित हुए आतताओं को रोकने के लिए अतिरिक्त सैनिकों को नियुक्त किया गया।	गोलीकांड में शामिल आतंकवादियों की पुष्टि के लिए अतिरिक्त सैनिकों को नियुक्त किया गया है।
3	वह नहीं मानता है।	वह नहीं मानता है।
4	हिमाचल में भाजपा का विकास-संकल्पिक यात्रा शुरू हो गई।	हिमाचल प्रदेश में भाजपा की विकसित संकल्प यात्रा शुरू हुई है।
10	हालांकि तिथि निर्धारित नहीं है फिर भी फरवरी-माह की तारीख से आगे बढ़ाया गया है.	जबकि तिथि निर्धारित नहीं है फिर भी फरवरी-माह की तारीख से आगे बढ़ाया गया है।
10	इनमें ‘दीपावली’ प्रधान उत्सव कार्तिक महीने में कृष्ण पक्ष में अमावस्या की तिथि को होता है।	इनमें से दीपावली मुख्य उत्सव कार्तिक महीने के कृष्णपक्ष के अमावस्या तिथि को होता है।
6	भार्गवी – आधा घण्टे बाद घर पहुँचेंगे।	भार्गवी-आधा घंटे के बाद घर पहुँचेंगे।
7	फिर द्विभाषीता, त्रिभाषा बोलने के विषय में कुछ छोटे-बड़े-कोषों का निर्माण किया गया।	बाद में द्विभाषीता, त्रिभाषीवाद आदि विषयों पर कुछ छोटे-बड़े कोष बनाए गए।
10	यदि वे दोनों प्रश्न पूछते तो दोनों शिक्षक उत्तर अवश्य देतें ।	यदि वे दोनों प्रश्न पूछते तो शिक्षक उत्तर अवश्य देते।
9	इस फ़िल्म के अलावा सन्नी जैसी आज भी कुछ फ़िल्में हैं।	इस फिल्म के अलावा सनी की आज भी रसोई की फिल्में हैं।
7	हमारे देश से हम मसाले निर्यात करते थे।	हमारे देश से हम साबुन निर्यात करते थे।
9	इला -चिंता मत करिये भैया ! अब चित्र ले लीजिये।	इला-चिन्ता मत करो भाई! अब चित्र ले लो।
4	भेद-भाव के विनाश के लिए हम सदा ही उद्यत हैं।	भेदभाव को नष्ट करने के लिये हम हमेशा तत्पर रहते हैं।
4	वह बच्चा अंधेरे से डरता है	वह बालक अन्धकार से डरता है।
3	यज्ञ में आहुति देंगे ।	यज्ञ में आहुति देंगे।
6	उसके पिता रत्नलाल धर्माणी सेवानिवृत्त शिक्षक हैं।	उनके पिता रत्नलाल धर्माणी सेवानिवृत्त शिक्षक हैं।
1	दो का समूह	दोनों
7	प्रधानमंत्री नरेंद्र मोदी ने राज्य के वाहनों को फैलाने की व्यवस्था की.	राज्यभाजपदल के प्रधानमंत्री नरेंद्र मोदी ने सजीव प्रसारण की व्यवस्था की।
10	किससे कष्ट को तुम यहाँ आ रहे हो बताओ कैसे सेवा करूँगा।	किस कष्ट से तुम यहाँ आये हो, सुनो! कैसे सेवा करूँ।
4	आपस के विवाद (लड़ाई-झगड़े) से सभी जीवों की हानि/नुकसान होती है।	प्राणियों का हानि परस्पर विवाद के कारण होती है।
3	वह अब वहाँ नहीं है।	अब वहाँ नहीं है।
21	इस प्रकार लूटने का आस्वाद लग जाने पर उसने पुनः-पुनः बारह बार आकर भारत को लूटा। अपने उसी उत्साह के वशीभूत होकर उसने एक बार गुजरात देश के मुकुट के समान सोमनाथतीर्थ को भी धूल में मिला दिया। आज तो उस तीर्थ का नाम भी किसी के द्वारा स्मरण नहीं किया जाता किन्तु उस समय उसका अलौकिक वैभव था।	इस प्रकार वह जानता हुआ स्वाद पुनः पुनः बारह बार आकर भारत को लाँघ गया। उसी प्रकार अपने आरम्भ में एक दिन गुजरात देश भी चूड़ा गया था। सोमनाथ तीर्थ भी धूलिचक्र है। आज तो किसी को भी उस तीर्थ का नाम याद नहीं है।
7	फिर श्रीराम ने तीन बाणों से उसकी ललाट को देखा।	और फिर श्रीराम ने बाणों से उसका ललाट देखा।
5	उसकी भी एक बेटी थी।	उसकी भी एक बेटी थी।
12	स्मृति ईरानी जद्दाह-स्थल में द्विपक्षीय-हजसन्ध्या में हस्ताक्षर करने के लिए चल रहेशिष्टमण्डल के नेतृत्व को जानते हैं।	स्मृति ईरानी जद्दा-स्थल पर द्विपक्षीय-हज संधियों पर हस्ताक्षर करने के लिए रवाना हुए प्रतिनिधिमण्डल का नेतृत्व करता है।
1	स्वीकार किया	स्वीकार किया गया
6	आज तक उसने अनेक छात्रों को पढ़ायी है।	आज तक उसने अनेक छात्रों को पढ़ाया है
9	और सियार से कहा- “दोस्त! हम दोनों इसी बर्तन में साथ भोजन करते हैं।”	सियार ने भी कहा-"मित्र! हम दोनों इस बर्तन में साथ ही भोजन करते हैं।"
9	पिछले वर्ष सरकार ने पात में समय कम करने का निर्णय किया था।	पिछले साल सरकार ने पट्टा की अवधि को कम करने का निर्णय लिया था।
14	जिस मने में रथचक्र की नाभि में अरों के समान ॠग्वेद सामवेद और यजुर्वेद प्रतिष्ठित है जिसमें प्रजा का सब पदार्थों से सम्बन्ध रखनेवाला सम्पूर्ण ज्ञान ओत-प्रोत है ऐसा मेरा मन शुभ संकल्पों से युक्त हो।	हे यमुनि! जिस यज्ञ में रथों के भावों को प्रतिष्ठित किया गया है, उस यज्ञ में सामरूपी यज्ञ करना चाहिए। जिस यज्ञ में समस्त प्रजाओं का मन संकल्पपूर्वक शिवरूपी कर्म करता है।।
7	प्रत्येक हिमाचल प्रदेश निर्वाचन आयोग में नियुक्तियां बाह्य आधार पर आयोजित की जाएंगी।	प्रत्येक हिमाचल प्रदेश राज्य चुनाव आयोग में नियुक्ति बाहरी आधार पर संस्था द्वारा की जाएगी।
1	निराश होते हुए।	बलवान
4	राजा ब्राह्मण को धन देता है।	राजा ब्राह्मण को धन देता है।
3	राजा जोर से हँसता है।	राजा जोर से हँसता है।
10	श्री राम ने हनुमान द्वारा प्रयुक्त वाक्य की प्रशंसा करते हुए लक्ष्मण को कहा की हनुमान ने जो जो वाक्य प्रयोग किया, वह वाक्य बहुत विस्तृत नहीं है, सन्देह रहित है, बहुत तेज उच्चारित भी नहीं है, और सुनने में कष्ट दायक भी नहीं है, मध्यम स्वर से प्रयुक्त है।	जो सुना जाता है वह अव्यय, अव्यय, अव्यय, अव्यय, अव्यय, अव्यय, अव्यय, अव्यय, अव्यय, अव्यय, अव्यय, अव्यय, अव्यय, अव्यय, अव्यय, अव्यय, अव्यय, अव्यय, अव्यय, अव्यय और अव्यय है।
4	मैं सब्जी खरीदा।	मैंने सब्जी खरीदी।
7	अंजुमन इंतिज़ामिया मस्जिद-समिति ने कहा कि ज्ञान स्टीमर-मस्जिद-वक्फ-संपत्ति मौजूद है.	अंजुमन प्रबंधक मस्जिद-समिति ने कहा कि ज्ञानवापी मस्जिद-वाखफ-सम्पत्ति है।
5	हाँ , यहाँ सब कुशल है ।	हाँ यहाँ सब कुशल है।
8	शीशिर-आनन्दोत्सव की आकर्षण स्थल महानाती नृत्य में वामदक्षिणा नाटक करने वाली महिलाओं के बीच स्पर्धा थी।	शिशिर-आनन्द उत्सव का आकर्षण स्थान महानाती नृत्य में बाएँ और दाएँ तट की महिलाओं के बीच स्पर्धा थी।
7	सोए हुए शेर के मुँह में हिरण खुद ही प्रवेश नहीं करते हैं।	सोते हुए शेर के मुँह में हरिण नहीं घुसते हैं।
5	राज्यसभा का उपसभापति भी हुआ।	राज्यसभा के उपाध्यक्ष भी रहे।
6	भारत के पास में आठ नया रन आगे था.	भारत के पास आठवें रन की बढ़त थी.
16	जिला प्रशासन द्वारा मंजूरी दी गई आर.आर. योजना में झिकली इच्छारी पंचायत से अधिकतम आठ सरकारी संस्थाएँ हवाई अड्डे के विस्तार के क्षेत्र में आएंगी।	जिला प्रशासन द्वारा जारी आर एंड आर योजना में झिकली इच्छी पंचायत से अधिकतम आठ सरकारी संस्थाएँ हवाई अड्डे के विस्तार के दायरे में आएंगी।
4	श्रद्धास्पद गुरुचरणों में सादर अनेक प्रणाम ।	श्रद्धास्पद गुरुचरणों में सादर प्रणाम।
6	इस जिले में सौ से भी प्राथमिक स्वास्थ्य केंद्र हैं।	इस जिले में सौ से भी प्राथमिक स्वास्थ्य केंद्र हैं।
5	दूसरी उंगली अनामिका है ।	दूसरी उंगली अनामिका है।
4	आधी रात एक बजे जागूँगा।	आधी रात को एक बजे जागूँगा।
10	चुनाव जब आते हैं तब मंदिर आगे आता है, उन्होंने कहा था।	चुनाव जब आते हैं तब मंदिर आगे आता है, उन्होंने कहा था।
6	मौसम विभाग ने राज्य में दिसंबर तक स्पष्ट मौसम की पूर्वानुमान दी।	मौसम विभाग ने राज्य में दिसंबर तक स्पष्ट मौसम की भविष्यवाणी की है।
8	इस फिल्म की नायिका बहुत जल्दी ही फाइनल में तय हो जाती है।	इस फिल्म की नायिका बहुत जल्दी अंतिम रूप से निर्धारित करने जाती है।
6	उद्यमी लड़की हमेशा उत्तम पुष्पमाला बनाती है।	उद्यमी बालिका हमेशा उत्तम पुष्पमाला करती है।
8	! हे राम फेंकने पर वह सिर वहाँ से एक योजन दूर मुनियों के आश्रममण्डल में मतङ्ग ऋषि के आश्रम के पास आकर गिरा ॥	यह राम माता के आश्रम के समीप गिर पड़े। यह योजना उनके मुननेरा आश्रम में रची गई थी॥
10	ई.सन् 1306 से 1315 तक मलिक काफूर ने दक्षिण भारत में बहुत विनाश किया।	ई.सन् 1306 से 1315 तक मलिक-काफुर ने दक्षिण भारत में बहुत विनाश किया।
16	हे नचिकेता! यह तुम्हें बतलायी गई स्वर्ग प्रदान करने वाली अग्नि विद्या है, जिसको तुमने द्वितीय वर के रूप में प्राप्त किया। लोग इस अग्नि विद्या को तुम्हारे ही नाम से कहा करेंगे। हे नचिकेता! ( अब तुम) तीसरा वरदान वरण करो।	हे नचिकेता! तुम लोगों के लिए यह तीसरा वरदान है कि तुम अग्नि को तुम ही कहते हो। तुम स्वर्ग में रहने वाले तुम अग्निदेव हो। तुम अग्निदेव हो। तुम अग्निदेव हो। तुम अग्निदेव हो। तुम अग्निदेव हो। तुम अग्निदेव हो।
3	मैं पानीपत जा रहा हूँ ।	मैं पानीपत जा रहा हूँ।
9	इस यात्रा में मुख्यमंत्री के साथ सरकार के प्रमुख अधिकारी भी आएँगे।	इस दौरे में मुख्यमंत्री के साथ सरकार के शीर्ष अधिकारी भी उपस्थित होंगे।
17	वहाँ से वरदा नगर के समान काटीवाले उस राक्षस ने सुकेश नामक राक्षस को, हे प्रभो! शिव की श्रिय को, पक्षी को और आगे पुरूष को प्राप्त किया, जिस प्रकार वह सब जगह घूमता था।	तदनन्तर वरदान से गर्वित राक्षस सुकेश ने भगवान शिव की शोभा प्राप्त की और पक्षी और नगर को प्राप्त कर पुरन्दर जैसा सब जगह चर रहा था।
6	उनके पिता का नाम एस नारायणस्वामी था।	उनके पिता का नाम एस. नारायणस्वामी था।
4	उसके पीछे कोई भी नहीं है।	उसके पीछे कोई नहीं है।
4	इस खेत में क्या बोते हैं।	इस में क्या बोते हैं?
6	गलती से हुआ, जान करके तो ऐसा नहीं किया	गलती से चला गया, बुद्धि से नहीं।
9	हे अनिन्दिते । पूर्वकाल में आप दशरथ जी सहित मेरी तपस्या कर मुझे पुत्र रूप में प्राप्त करने की इच्छा की थी। अतः इस समय प्रकट होकर मैंने आपके उस वरदान को पूर्ण किया है ॥	मेरे पुत्रत्व की अभिलाषा से प्रसन्न होकर आपने पहले दशरथ से तप किया था॥
10	महारोग के प्रसार के समय सेवा में लगी हुई वह स्वयं असाध्य रोग से ग्रस्त होकर सन् 1897 में मृत्यु को प्राप्त हो गई।	महा रोग के प्रसार के दौरान सेवा करने वाली वह स्वयं असाध्य रोग से पीड़ित थी। सन् 1897 ई0 में उनका निधन हो गया।
15	मोतिहारी जिले के पकाडीपुलिस स्टेशन के तहत एक सरकारी स्कूल के शिक्षक ने आसपास के सात वर्ष की बच्ची को अपने घर ले जा और उसे बलात्कार किया।	मोतिहारी जिले के पचकाडीपुलिस स्टेशन क्षेत्र के अंतर्गत एक गाँव में सरकारी स्कूल के शिक्षक ने आसपास के सात वर्षीय बच्ची को अपने घर ले जाकर बलात्कार किया।
12	भारत ने गुजरात के राजकोट स्टेडियम में यह प्रतियोगिता भारत द्वारा चार तारीख को आयोजित की गई थी।	गुजरात के राजकोट में स्टेडियम में आयोजित यह प्रतियोगिता भारत ने चौथे दिन पूरी की।
6	स्वचालित परीक्षा केंद्र की स्थापना के लिए भी आवेदन आमंत्रित किए गए हैं।	स्वचालित परीक्षा केंद्र की स्थापना के लिए भी आवेदन आमंत्रित किए गए हैं।
9	हिमाचल प्रदेश के डॉकियों ने बुधवार से प्रतिदिन ढाई घंटे तक 2,600 बजे तक आन्दोलन आरम्भ किया।	हिमाचल प्रदेश में बुधवार से दोपहर 2 बजे तक 2,600 चिकित्सकों ने आंदोलन शुरू किया।
7	जो मेरे दोषों को दूर करते हैं वे मेरे गुरु हैं	जो मेरे दोषों को दूर करते हैं वे मेरे गुरु हैं।
1	सफेद	चमकीला
4	आप कृपया यहाँ बैठे	आप कृपया यहाँ बैठें।
6	सशंकित अवस्था में यहाँ घूम रहे हो।	रक्षक-शङ्कित अवस्था में यहाँ घूमता है।
16	यह पता है कि जब डीएमडी में नेता विजयकांत सिनेमा-उद्योग में ध्वजवाहक के रूप में थे तब उन्होंने रॉयल पैलेस को भी सौंपा।	अवधेय है कि जब डीएमडीके नेता विजयकांत फिल्म-उद्योग में ध्वजवाहक के रूप में थे, तभी उन्होंने राजनीति में भी पदार्पण किया।
8	यह ऊर्जा सम्मेलन भारत के एक ही तरह का सब जगह है-ऊर्जा प्रदर्शनी एक महान सम्मेलन है।	यह ऊर्जा सम्मेलन भारत में एक ही है और सभी जगह-ऊर्जा प्रदर्शनी एक महान सम्मेलन है।
26	नई दिल्ली में भारतीय जनता पार्टी के पंद्रहवें दीक्षांत समारोह को संबोधित करते हुए कोविन ने कहा कि मिथ्या भ्रम समाचारों का समाज में प्रतिकूल प्रभाव है, इसमें विश्वास करना चाहिए-सूचित करना पत्रकारों का प्रमुख कर्त्तव्य है.	नई दिल्ली में भारतीय जनसंचार संस्थान के पांचवें पचासवें दीक्षांत समारोह को संबोधित करते हुए कोविन्द ने कहा कि मिथ्या भ्रम वार्ताओं का समाज में प्रतिकूल प्रभाव पड़ता है, वहीं विश्वसनीय है-सूचना देने का पत्रकारों का प्रमुख दायित्व है।
10	हिमाचल उच्च न्यायालय के आदेश के बाद राज्य सरकार ने डीजीपी संजय कुंडू को पद से हटा दिया है।	हिमाचल उच्च न्यायालय के आदेश के बाद राज्य सरकार ने डीजीपी संजय कुंडू को पद से हटा दिया है।
5	मेनू देखकर लोग व्यजन चुनते हैं।	आहार को देखकर लोग पंखा चुनते हैं।
4	आज नहीं करूंगा अजीता है।	मैं नहीं कर रही हूँ।
4	मोर साँप को मार कर खाता है।	मोर सांप को मारकर खाता है।
1	तुम दोनों को	तुम दोनों
6	उसकी बहन का नाम सुप्रथा है ।	उसकी बहन का नाम सुप्रथा है।
1	हम सभी का	हमारा
4	मेरे द्वारा पुस्तक पढ़ी जानी चाहिये ।	मुझे पुस्तक पढ़नी चाहिये।
5	तुम किसे देख कर हँस रहे हो ?	तुम किसको देखकर हँसते हो?
6	अहिंसक आंदोलन तो लोगों को मार रहा था।	अहिंसक आन्दोलन लोगों को मार रहा था।
11	जिस प्रकार नेत्र रहते हुए भी लोग सांयकाल में चोर आदि का चिन्ह भलीभाँति नहीं देख पाते, दीपक होने पर ही उस समय वह दिखाई देता है, उसी प्रकार मेरी भक्ति से युक्त पुरुषों को ही आत्मा का सम्यक् साक्षात्कार होता है। अब मै अपनी भक्ति के कुछ वास्तविक उपाय बतलाता हूँ, सुनो ॥	नेत्र भी समान है, रात्रि भी समान है, पर्दा भी समान है, दीपक भी समान है।
3	विविध व्यंजन मिलते हैं।	विविध व्यञ्जन उपलब्ध हैं।
4	वर के पैरों में हल्दी लगाती हैं।	वर के चरणों में हल्दी लिपटे हैं।
12	इसके बाद, उन्होंने अग्रिम सत्र के अखिल भारतीय संगठन मंत्री श्रीमान् जयप्रकाश को जिम्मेदारी का ज्ञान दिया और कार्यकुशल लोगों को बताया।	इसके बाद अग्रिम सत्र में अखिल भारतीय सह-संगठन मंत्री श्रीमान जयप्रकाश ने दायित्वबोध के विषय पर कार्यकर्त्ताओं को सूचित किया।
7	यह वन्य जीव वैज्ञानिक डू का विषय हैयीशु का भी मतलब है.	यह विषय वन्यजीव वैज्ञानिक डॉ. ईसा भी संबोधित करते हैं।
11	निनीताल जिले के प्रत्येक जिले के बीच में एक दिन को इंटरनेट द्वारा महाकवि कालिदास के ग्रंथों पर आधारित एक समस्या का समाधान करने में।	प्रत्येक जिले के क्रमशः नैनीताल जिले में भी मध्यंतर इंटरनेट के माध्यम से महाकवि कालिदास की पुस्तकों में आधुनिक समय के समाधान पर,
11	कुछ काल के बाद वह लीलावती जवानी के मद से अपने कुल की मर्यादा का उलंघन कर एक बनिये के लड़के से फँस गई।	और वह लीलावती यौवनावस्था से पार हो गई और कुल में श्रेष्ठ किसी बनिये के पुत्र के साथ आ गई। क्योंकि -
7	रावी नदी का पानी बरसात में मैला हो जाता है ।	रावी नदी का जल वर्षा के समय मलिन हो जाता है।
6	यह नेहरू पर्वतारोहण संस्थान के विश्लेषक थे जो बर्फ में फिसल गए।	नेहरू पर्वतारोहण संस्थान की निरीक्षक टीम ही बर्फबारी में फिसल गई।
13	कोटि कोटि लोगों ने अपने घरों और मंदिरों में प्राणों कीप्रतिष्ठा समारोह का जीवप्रसार देखा है।	करोड़ों लोगों ने अपने घरों और मंदिरों में प्राणों कीप्रतिष्ठा समारोह का सजीव प्रसारण देखा।
25	जो समीप आयी हुई मृत्युसे नहीं छुड़ाता [अर्थात् बोधदानके द्वारा अमरपदकी प्राप्ति नहीं कराता] वह न गुरु है, न स्वजन है, न पिता हैं, न माता है, न देव है और न पति है	वह गुरु हो सकता है, वह स्वपुरुष न हो सकता है, वह पिता न हो सकता है, वह स्त्री न हो सकता है, वह देवता न हो सकता है और न पति ही हो सकता है।
4	वह खतरनाक अपराधी है	वह भयानक अपराधी है।
1	उत्पादन	सम्भव है
1	भाग	अंग
9	बड़ों का अभिवादन करने वाले मनुष्य की और नित्य वृद्धों की सेवा करने वाले मनुष्य की आयु, विद्या, यश और बल ये हमेशा बढ़ती रहती है।	जो अभिवादन करने वाला है, उसकी नित्य वृद्ध सेवा करने वाला है, उसकी आयु में चार प्रकार की वृद्धि होती है, यशबल है।
8	हाँ , इसका छिलका बहुत कड़क है।	हाँ, इसकी त्वचा बहुत मजबूत है।
6	मन्दिर के ऊपर सुन्दरता से हाथी उछले हुए हैं।	मंदिर के ऊपर सुन्दर हाथी उत्कीर्ण हैं।
5	मशीन आॅपरेट करते समय वह मास्क पहनता है	मशीन चलाने के समय वह मास्क पहनता है।
21	कांगड़ा जिले के नग्रोटा बागवानी क्षेत्र के विकाससरीन ने कहा कि वह गुरुग्राम के एसीकार्यालय में बैठकर काम कर रहे थे, उन्होंने कभी दूध की सभा बनाए दूध के निर्माण में सम्मिलित होने का भी नहीं सोचा।	कांगड़ा जिले के नग्रोटाबागवां क्षेत्र के विकास अधिकारी ने कहा कि वह गुरुग्राम के एसी कार्यालय में बैठकर काम कर रहा था, दूध की सभा के निर्माण के लिए दूध का निर्माण शामिल होगा ऐसा कभी नहीं सोचा।
3	मैं जो भी पढ़ाता हूँ	मैं जो कुछ भी पढ़ाता हूँ
5	उसकी श्वांस भी तेज चल रही है।	उसकी सांस भी तेज चल रही है।
6	सुक्खु सरकार की प्रतिज्ञा के बारे में हिमाचल में बहुत भीड़ है।	सुक्खु सरकार की प्रतिज्ञा के बारे में हिमाचल में बहुत शोर है।
10	और जल पान के पश्च्यात जल के किनारे वृक्ष की छाया में बैठ गये उसी समय उन्होंने महावलवान भयानक राक्षस को आते हुए देखा ॥	उस समय जलमय भाषण करते हुए एक क्षण छाया पर आश्रित होकर उन्होंने महान् तत्त्व को भयानक देखा॥
10	पीताम्बर दत्त की इच्छा थी कि सभी विषयों का ज्ञान हिन्दी भाषा में पढ़ाया जाए।	पीताम्बर दत्त की इच्छा थी कि सभी विषयों का ज्ञान हिन्दी भाषा में पाठ हो।
1	विनाश	लय
7	फिर द्विभाषीता, त्रिभाषा बोलने के विषय में कुछ छोटे-बड़े-कोषों का निर्माण किया गया।	बाद में द्विभाषीता, त्रिभाषीवाद आदि विषयों पर कुछ छोटे-बड़े कोष बनाए गए।
4	वह टोकरी खाली करती है।	वह टोकरी खाली करती है।
8	इस दिन देवी सरस्वती, कामदेव और विष्णु की पूजा होती है।	इस दिन देवी सरस्वती, कामदेव और विष्णु की पूजा होती है।
1	तालाब	बड़ा
8	जो स्थिरबुद्धि,  संमोहरहित ब्रह्मवित् पुरुष ब्रह्म में स्थित है,  वह प्रिय वस्तु को प्राप्त होकर हर्षित नहीं होता और अप्रिय को पाकर उद्विग्न नहीं होता।।	जो पुरुष प्रेम प्राप्त करके न प्रसन्न होता है और न दूसरे को प्राप्त करके ही प्रसन्न होता है, वह स्थिर बुद्धि से युक्त होकर ब्रह्मविद्वान् ब्रह्म में स्थित रहता है।।
7	एरीट्रिटोल सफेद के स्थान पर उपयोग किया जाने वाला मुख्य कृत्रिम स्वीटनर है।	सीता के स्थान पर इस्तेमाल होने वाले कृत्रिम मीठे पदार्थों में एरीट्रिटोल मुख्य है।
10	श्री राम ने हनुमान द्वारा प्रयुक्त वाक्य की प्रशंसा करते हुए लक्ष्मण को कहा की हनुमान ने जो जो वाक्य प्रयोग किया, वह वाक्य बहुत विस्तृत नहीं है, सन्देह रहित है, बहुत तेज उच्चारित भी नहीं है, और सुनने में कष्ट दायक भी नहीं है, मध्यम स्वर से प्रयुक्त है।	जो सुना जाता है वह अव्यय, अव्यय, अव्यय, अव्यय, अव्यय, अव्यय, अव्यय, अव्यय, अव्यय, अव्यय, अव्यय, अव्यय, अव्यय, अव्यय, अव्यय, अव्यय, अव्यय, अव्यय, अव्यय, अव्यय और अव्यय है।
8	यह सब जानकर जयद्रथ डर से बहुत व्याकुल हुए।	यह सब जानकर जयद्रथ डर से बहुत व्याकुल हो गया।
11	इस वर्ष अप्रैल-में-माहों में लोकसभा चुनाव देखकर सभा वर्तमान सरकार की मंत्रियों की परिषद का अंतिम समागम हो सकता है।	इस वर्ष अप्रैल-मे-मासों में लोकसभा चुनाव देखकर सभा वर्तमान सरकार की कैबिनेट अंतिम बैठक हो सकती है।
5	तिलक के प्रभाव से देश में क्या हो गई?	तिलक के प्रभाव से देश में क्या हुआ?
7	हम सभी उनको वंदन करते हैं जिन्होंने अपने प्राणों की आहुति दी ।	हम सभी उन लोगों को वन्दन करते हैं जिन्होंने अपने प्राणों को बुलाया है।
11	राष्ट्रीय स्तर पर शिखर सम्मेलन के दो दिनों के बीच आयोजित महान महिला दिवस की तैयारी तेज हो गई है।	राष्ट्रीय स्तर पर शिशिर कार्निवाल के दो दिनों के बीच आयोजित महान नृत्य की तैयारी तीव्र हो गई है।
18	जहां एक विशालसभा की वीणा की प्रतिमा स्थापित है, जगह है "राम की पैड़ी" नामक स्थान के पास एक प्रमुख चौपथ है।	जहाँ एक विशाल सभा की वीणा की प्रतिमा स्थापित की गई है, यह स्थान है "राम की पैड़ी" नामक स्थान के पास एक प्रमुख चतुष्पथ है।
1	इन दोनों के	इन दोनों में
16	हे शिव! वैदिक मत, सांख्य, योग, पाशुपत और वैष्णव इत्यादि परस्पर भिन्न मार्गों में 'यह बड़ा है, यह हितकारी है। इस प्रकार रुचि वैचित्र्यसे अनेक प्रकारके सीधे या रेढ़े पंचको अपनानेवाले मनुष्योंके लिये आप (ईश्वर) ही एकमात्र प्राप्तव्य स्थान हैं, जैसे जलमात्रके लिये समुद्र है	त्रयी, सांख्य, योग, पाशुपती, धर्म, वैष्णव, प्रवण, प्रस्थान, परमदमद, पथ्य, इच्छुक, वैचित्र्य, ऋजुकुटिल और पथरुपी मनुष्यों के लिए यह एक ही स्थान है, क्योंकि यह एक ही स्थान है। यह केवल एक ही स्थान है। इस मार्ग में चलने वाले मनुष्यों के लिए यह एक ही स्थान है। यह एक ही स्थान है। यह एक ही स्थान है। इस मार्ग में चलने वाले मनुष्यों के लिए यह एक ही स्थान है। यह एक ही स्थान है।
6	तू उसको क्यों क्षमा नहीं करता ?	तुम उसे क्यों क्षमा नहीं करते?
5	लकड़हारा लकड़ियां लाता है और उसे फाड़ता है।	लकड\u093Cा खानेवाला लकड\u093Cी खींचता है और काटता है।
6	अब प्रभास की फ़िल्म''सालार'' प्रदर्शित हुई।	अब प्रभास की फ़िल्म "सालार" प्रदर्शित हुई।
3	कौन पढ़ाता  है ?	कौन पढ़ाता है?
19	राष्ट्रीय मतदाता दिवस के अवसर पर राज्य चुनाव आयोग ने राज्य में विभिन्न क्षेत्रों में नए मतदाताओं की जागरूकता पैदा की है। चुनाव- आयोग ने पूरे राज्य में अभियान चलाने के लिए अधिकारियों को सावधानी का निर्देश दिया है।	राष्ट्रीय मतदाता दिवस के अवसर पर राज्य चुनाव आयोग राज्य में विभिन्न स्थानों पर नए मतदाताओं को जागरूक करेगा। चुनाव-आयोग ने अधिकारियों को पूरे राज्य में अभियान चलाने के निर्देश जारी किए हैं।
7	यहाँ पुस्तक लेने क्या सदस्य आते हैं ?	यहाँ पुस्तकें लेने क्या सदस्य आते हैं?
6	जिसके अध्यक्षता उद्योग मंत्री हर्षवर्धन चौहान जी ने की।	जिसकी अध्यक्षता उद्योग मंत्री हर्षवर्धन चौहान ने की।
3	कच्चे आम का मीठा अचार।	कच्चे आम का मीठा अचार
8	भोगविशेष की कामना से जिनका ज्ञान हर लिया गया है, ऐसे पुरुष अपने स्वभाव से प्रेरित हुए अन्य देवताओं को विशिष्ट नियम का पालन करते हुए भजते हैं।।	हे देवों! कामनाओं के कारण ही अन्य देवताओं के द्वारा कृतकृत्य ज्ञान प्राप्त होते हैं। उस नियम को धारण करने के लिए स्वभाव से ही अपने द्वारा नियति किए जाते हैं।।
7	उन्होंने इस परंपरा को अपने जीवन में आगे किया है।	उन्होंने इस परंपरा को अपने जीवन में भी आगे किया।
10	समापन में आदि भारतं भारतं भवतु भारतम्  ये गीत गाएगा ।	समापन में आदि भारत भारत भारत होवे भारत गीत गाएगा।
6	अब गाय माता का दूध पी रहे हो।	अभी गाय माँ का दूध पी रहे हो।
9	पापी अधर्मियोंकी शीघ्र ही बुरी गति होती है, ऐसा समझकर पुरुषको चाहिये कि धर्मसे दुःख पाता हुआ भी अधर्ममें मन न लगावे	धर्म के द्वारा मन को कभी भी सरलता से धर्म में नहीं लगाना चाहिए। अधर्मी लोगों के पापों को देखने से बढ़कर कोई बात नहीं है।
6	वसन्त समय आने पर कौआ-कौआ होता हैं और कोयल-कोयल होती है।	कौवा, कौवा, कोयल और कोयल वसंत ऋतु में आते हैं।
8	उन्होंने कहा कि अयोध्या में भव्य राम मंदिर बन गया है।	उन्होंने कहा कि अयोध्या में भव्य राम मंदिर बन गया है।
7	शास्त्र वेदान्त आदि विषयों में उसने बहुत जाना था ।	उन्होंने शास्त्रवेदान्त आदि विषयों में बहुत कुछ जाना था।
4	सुबह उठकर पढ़ने बैठ जाओ।	सुबह उठ कर पढ़ने के लिये बैठ गया।
9	इस संबंध में मुख्यमंत्री प्रबोध सक्सेना ने अधिसूचना जारी की है.	इस संबंध में मुख्य सचिव सुबोध सक्सेना ने अधिसूचना जारी की है।
6	दशरथनन्दन ! मैं आपको अयोध्या पहुँचाऊँगा।	दशरथनन्दन! मैं तुम्हें अयोध्या पहुँचाऊँगा।
5	पानी बाहर नहीं जा रहा था।	पानी बाहर नहीं जा रहा था।
7	फिर भी यहाँ का अथशब्द प्रारम्भार्थ है यह भाष्यकार बोलता है।	फिर भी अत्रति अथशब्द आरम्भार्थ है-यह भाष्यकार बोलता है।
8	इस व्याकरण के वैज्ञानिक रूप में ही इसकी त्वरित प्रसार का कारण है।	इस व्याकरण का वैज्ञानिकता ही उसके त्वरित प्रचार-प्रसार का कारण है।
14	आज तुम भक्तिपूर्वक पूछ रही हो, तो मैं श्री रघुकूलशिरोमणि को नमस्कार कर तुम्हारे प्रश्नों का उत्तर देता हूँ। श्रीरामचन्द्रजी प्रकृति से परे, परमात्मा, अनादि, आनन्दस्वरूप अद्वितीय और पुरुषोत्तम हैं। ॥	हे रघुश्रेष्ठ! आपकी भक्ति से प्रसन्न होकर मैंने आपको प्रणाम किया और श्रीरामचन्द्रजी को प्रणाम किया। हे परमात्मा! आप एक पुरुष श्रेष्ठ प्रकृति के स्वामी हैं॥
8	इच्छानुसार घड़ों को ले जाओ। दूध को बेचकर ही बड़ों की कीमत दे देना।	जैसे लगे हुए घड़ों को ले जाईये दूध बेचकर ही घड़ों की कीमत दें।
7	यही कही होगा खोजो ।	यहीं कहीं हो सकता है, खोज करते हैं।
4	फिर रक्षाकिये हुए आतुरको स्थानमें लेजावे और यथोक्त आचार ( आहार विहारआदि) का उपदेश करता रहे ॥	तत्पश्चात् श्रीलक्ष्मणजी के घर में प्रवेश करने के लिए एक नर्स नियुक्त करें॥
10	इस समारोह में देश-विदेश की योग को समर्पित महिलाओं का प्रचुर संख्या में समागम होगा।	इस समारोह में भारत और विदेश से योग समर्पित महिलाओं का बड़ी संख्या में समागम होगा।
4	वैज्ञानिक पुनः प्रयास करेंगे।	वैज्ञानिक फिर से प्रयास करेंगे।
6	आपके बिना काम नही होगा।	आपके बिना काम नहीं होता।
3	प्रातःकाल व्यायाम किया	सुबह व्यायाम किया
4	विद्यालय में लड़के और लड़कियाँ है।	विद्यालय में बालक और बालिकाएँ हैं।
4	गुरु ने शिष्य से दरवाजा खुलवाया।	गुरु ने शिष्य के साथ दरवाजा खोला।
5	हीरजीभाई ने बाबासाहेब अम्बेडकर का जीवनदर्शन समझाया।	हीरजी भाई बाबासाहेब अम्बेडकर के जीवन दर्शन को समझाया।
3	आप जल्दी से आईये।	आप जल्दी आओ।
6	छात्र – तो क्या हो गया ?	छात्र-तो क्या हुआ?
7	जो पुरुष मदाश्रित होकर सदैव समस्त कर्मों को करता है, वह मेरे प्रसाद (अनुग्रह) से शाश्वत, अव्यय पद को प्राप्त कर लेता है।।	मेरे द्वारा किए गए सभी कर्मों को सदा करने वाला आश्रय, मेरे द्वारा किए गए प्रसाद को प्राप्त करने वाला नित्य पदव्ययी है।।
9	हिमाचल प्रदेश और उत्तराखंड में बारिश बढ़ने से यमुना नदी का जलस्तर बढ़ गया।	हिमाचल प्रदेश और उत्तराखंड में बारिश बढ़ने से यमुना नदी का जलस्तर बढ़ गया है।
9	बाज की छाल के चूर्ण से (जल्दी से) बाज की छाल को चूर्ण कर लेना चाहिये । इस चूर्ण को चूर्ण कर देना चाहिये । इस चूर्ण को चूर्ण कर देना चाहिये । इस चूर्ण को चूर्ण कर देना चाहिये । चूर्ण कर देना चाहिये ।	हनुमान की प्रशंसा करने वाले वानरश्रेष्ठ सुषेण ने उससे सारी औषधि लेकर ली।
7	सनकादि पार्षद गण उनकी स्तुति करते हुये इन्हें चारो तरफ से घेरे हुए खड़े थे और शंख, चक्र, गदा, पद्म तथा वनमाला के साथ श्री हरि सुशोभित हो रहे थे ॥	जो शंख, चक्र, गदा, पद्म और वनमाला से सुशोभित हैं, जो स्तोत्रों से युक्त हैं, जो सनक आदि से घिरे हुए हैं।
5	बीमार गाय का दूध मत निकालो।	रोगी गाय को दूध मत दो।
3	उसने छात्रों से पूछा।	उसने छात्रों से पूछा।
11	केंद्रीय मंत्री अनुराग पाठक ने कहा कि राज्य में कांग्रेस सरकार के सत्तारूढ़ होने के बाद महँगाई बढ़ गई है।	केंद्रीय मंत्री अनुराग ठाकुर ने कहा कि राज्य में कांग्रेस सरकार के सत्ता में आने के बाद महँगाई बढ़ गई है।
10	श्रीकण्ठ बोला—”मित्र! तुम्हारे वचनों को सुनकर मेरे मन में बहुत प्रसन्नता हुई।	श्रीकण्ठ बोला-"मित्र! तुम्हारे वचनों को सुनकर मेरे मन में बहुत खुशी हुई।
2	याचक का अपमान नहीं करना चाहिए।	नर्दस्वज्ञा कर्म
6	रास्ते में उसकी शर्ट पर भी बाल आ जाते हैं।	रास्ते में उसकी शर्ट पर भी बाल आते हैं।
5	आपकी तकिया नहीं जानते !!!	आपका तकिया नहीं जानता है!!!
12	तेजस्वी भी मार्च के ३ दिनाङ्क को पटनानगर के गान्धी मैदान में महान सभा को आयोजित करने के लिए जाता है।	तेजस्वी भी 3 मार्च को पटना के गांधी मैदान में एक बड़ी सभा का आयोजन करने जा रहा है।
3	बढ़िया चित्र आया	अच्छा चित्र आ गया।
7	बाद में, मुम्बयी विश्वविद्यालय के सार्वजनिक विधि महाविद्यालय से स्नातक के पदवी को प्राप्त किया।	बाद में, मुम्बई विश्वविद्यालय के सरकारी विधि महाविद्यालय से डिग्री प्राप्त की।
8	लेकिन निर्माताओं ने आज भी फिल्म की शूटिंग नहीं शुरू की।	लेकिन निर्माताओं ने आज भी फिल्म का शूटिंग शुरू नहीं किया।
5	छात्र उत्तर सुनकर शान्त हो गया।	छात्र उत्तर सुनकर शान्त हो गया।
11	देवताओंके मुकुटोंसे [ बारम्बार नमस्कार किये जानेके कारण] जिनके चरण- कमल घिस गये हैं, वे शिवजी भी उन्हें उदय और अस्त होते समय हाथ जोड़ते हैं, उन तेजोमण्डल सूर्यदेवकी बलिहारी है !	जिस पुरुष का सूर्योदय के समय सूर्य के मुकुट से घिरी हुई परिक्रमा करने की इच्छा होती है, वह तीनों नेत्रों से अंजली करता है। वह सूर्य धनों का खजाना जीतता है।
1	स्थूल शरीर	पीते हुए
1	के पास	पास में
9	इस जाल श्रृंखला का काम पूरा कर के ही वह हकीकत का चित्रोतलान शुरू कर दिया।	इस नेटवर्क का काम पूरा होने के बाद ही उन्होंने हकीकत का चित्रोतलंघन शुरू किया।
1	जिसका न आदि है न अन्त।	पुराना
10	चार प्रकार के अम्लो ( वृक्षाम्ल, अम्लवेतस, अनार और बेर अथवा कैथ, चौपतिया, वृक्षाम्ल ओर अनार ) का एक प्रस्थ, सोठ, मरिच और पिप्पली मिलित तीन पल, पाचो नमक ( सैन्धव, रुचल, सामुद्र, विड् और उद्भिद ) मिलित चार पल, शर्करा आठ पल मिला कर चूर्ण कर लेना चाहिये । इस चूर्ण को शाक, दाल, राग ( व्यञ्जन विशेष ) आदि में मिलाना चाहिये । यह चूर्ण कास, अजीर्ण, अरुचि, वास, हृदयगंग, पाण्डुरोग और गुल्म को नष्ट करता है ॥	आम के चार भाग, अम्ल के तीन भाग, नमक के चार भाग और चीनी के चार भाग।।
7	जो मेरे दोषों को दूर करते हैं वे मेरे गुरु हैं	जो मेरे दोषों को दूर करते हैं वे मेरे गुरु हैं।
5	''प्रभो! तुम एक सत्य संकल्पवाली हो।	हे भगवन्! तुम सत्य संकल्पवाला हो।
1	सहायता।	सहायता
6	जयराम सरकार ने संसाधनजनन के लिए कोई भी प्रयास नहीं किया।	जयराम सरकार ने संसाधन सृजन के लिए कोई प्रयास नहीं किया।
4	गुरुनानक किसलिए ग्राम को गये थे?	गुरुनानक क्यों गाँव गए।
11	अमृत केरल रेलवे स्टेशन को नवीन करने के लिए भी 22 करोड़ रुपये स्वीकृत हैं, जिसका काम पूरी तरह से चल रहा है।	अमृतकलरेल स्टेशन के नवीनीकरण के लिए भी 22 करोड़ रुपये का भुगतान किया गया है, जिसका काम पूरी तरह से चल रहा है।
8	उसके द्वारा पढ़ाए हुए छात्र आज उसके घर आए।	उसके द्वारा पढ\u093Cाए हुए छात्र आज उसके घर आए।
8	इन दोनों से ही स्थावर जंगम संसार उत्पन्न होता है। अत: श्रीराम और सीता स्थावर जंगम इस जगत् के मातापिता हैं। हे पृथिवीपाल ! कोई उनका शत्रु कैसे हो सकता है ? बिना जाने ही जगन्माता जानकीजी को आप ले आये हैं॥	हे जगत्प्रजङ्गम! आपके द्वारा ही समस्त जगत् उत्पन्न हुआ है। अत एव सीता और स्तुष जगत् उत्पन्न हुए हैं।।
4	धूप का चश्मा काला ही पहना जाता है।	सूर्य की किरण को काला ही पहना जाता है।
7	सच कहूँ , मैंने कुछ भी नहीं खरीदा।	सच कहिये, मैंने कुछ भी नहीं खरीदा।
10	मेघालय में कोनराड संगमा के नेतृत्व वाली नई कैबिनेट आज शपथ लेगी।	मेघालय में कोनराड सम्मा के नेतृत्व वाली नई कैबिनेट आज शपथ लेगी।
10	शिक्षिका -तुमने तो परीक्षाशुल्क भी नहीं दिया	शिक्षिका-तुम तो परीक्षाशुल्क भी नहीं दिया।
3	हे छात्र	हे छात्र!
4	प्रतिदिन अभ्यास करिये ।	प्रतिदिन अभ्यास करिये।
9	इस मौके पर रक्षा प्रमुख जनरल अनिल-चौहान और सेना के अन्य वरिष्ठ अधिकारी उपस्थित थे।	इस अवसर पर रक्षा प्रमुख जनरल अनिल-चौहान सेना के अन्य वरिष्ठ अधिकारी भी उपस्थित थे।
13	बिना अभ्यास के विद्या विष के समान है, अजीर्ण ( अपच) होने पर भोजन विष के समान है, दरिद्र के लिए सभा सम्मेलन विष (तुल्य) है (तथा) बूढ़े व्यक्ति के लिए युवती स्त्री विष के समान है।	अभ्यास न करने पर विद्या विष है, खाने पर भोजन विष है, दरिद्र की सभा विष है, वृद्ध की युवती विष है।
8	देश में दो भारतीय समुद्र तटों को भी ब्लू फ्लैग प्रमाणन मिला है।	देश के दोनों भारतीय समुद्र तटों को भी ब्लू फ्लैग का प्रमाण पत्र मिला है।
6	इस प्रकार विद्यालयीय इंटरनेशनल गीता महोत्सव का उद्घाटन किया गया।	इस प्रकार स्कूली अंतर्राष्ट्रीय गीता महोत्सव शुरू हुआ।
7	परन्तु मैं फिर भी इस युद्ध के लिये तैयार हूँ।	परन्तु फिर भी मैं इस युद्ध के लिये तैयार हूँ।
9	वह दूध बिल्ले ने आज पिया, इसलिए वहाँ दूध नहीं है।	वह दूध बिल्ली में पी लिया, इसलिये वहाँ दूध नहीं है।
8	वहाँ विद्याधर गन्धर्व के साथ उसका सम्पर्क हुआ।	वहाँ विद्याधर नाम के गन्धर्व के साथ उसका सम्बन्ध हुआ।
13	यहां की शिक्षिका सुनीता एस प्रभु स्थानांतरण के बाद पेरुम्बल देश के एक स्कूल में चली गईं थीं।	यहाँ से शिक्षिका सुनीता एस. प्रभु स्थानांतरण पाकर पेरुम्बलम देश के स्कूल में चली गईं।
2	कुतिया भौंकती है।	सुनी सो रही है।
11	क्या वह सो रहा? उसे आप ने दवा दिया क्या ?	क्या उसने नींद की? उसको आप औषधि दी न?
6	सात नए रेल लाइन की लाइन को उत्पादन किया जाना है।	सात मील की रेल के उपरचेट्स बनाए जाने हैं।
3	उसने भ्रष्टाचार किया।	उसने भ्रष्टाचार किया।
5	सभी बच्चे माताओं के साथ खेलेंगे।	सभी बच्चे माताओं के साथ खेलेंगे।
1	नहीं तो	नहीं तो
9	अतः हे देवता! इस रथ पर चढ़कर राक्षस रावण को मारना।	इसलिये हे देव! इस रथ पर चढ़कर राक्षस रावण को मारो।
5	तिलक के प्रभाव से देश में क्या हो गई?	तिलक के प्रभाव से देश में क्या हुआ?
20	गरीबी से लज्जा प्राप्त होती है, लज्जाशील का पराक्रम (सत्व) नष्ट हो जाता है। पराक्रम नष्ट होने से (बलहीन ) अपमानित होता है। अपमान होने से दुःख प्राप्त होता है। दुःख से शोक प्राप्त होता है, शोक से मारा गया बुद्धिहीन हो जाता है। बुद्धिहीन का नाश हो जाता है ओह निर्धनता सब मुसीबतों का स्थान है।	जो व्यक्ति दरिद्रता से प्रिय होता है, वह इसी से विचलित हो जाता है। वह निःस्वार्थता का अनुभव करता है और परिवा से प्रार्थना करता है। जो व्यक्ति निर्दोष, पवित्र और शोक से रहित होता है, वह बुद्धि के द्वारा त्याग दिया जाता है, वह बुद्धिहीन होता है, इसलिए वह दरिद्रता सभी चरणों में योग्य है।
5	गुरु जी का निर्देश दिया गया नियम भी पालता है।	गुरु द्वारा निर्देशित नियम का पालन करता है।
4	जो एकबार देखने के लिए महत्वपूर्ण है।	जो एकबार देखना महत्वपूर्ण है।
8	सभी राज्यों के जलशुल्क के बारे में केंद्र सरकार की नीति समान है-सीह है.	सभी राज्यों की जलशुल्क के बारे में केंद्र सरकार की नीति समान है-है।
3	योगशास्त्र का प्रवर्तन किसलिए हुआ?	योगशास्त्र का प्रयोग किसलिए किया गया?
4	ऋषिदेव रविवार को मौनव्रत पालता है	ऋषिदेव रविवार को मौनव्रत पालते हैं।
11	द्वादशे में प्रातः दीक्षान्त समारोह आयोजित किया गया जिसमें डॉ. शीता शुक्ल पाठक ने पथ्य प्रदान किया।	12 तारीख को सुबह दीक्षांत समारोह आयोजित किया गया, जिसमें डॉ. शीतांशु त्रिपाठी ने पथ दिया।
6	पेंसिल छील कर वह सुंदर चित्र बनाता है।	पेंसिल तीखी करके वह सुन्दर चित्र बनाता है।
11	उसके सिंहनाद से वाली की आँखे क्रोध से लाल हो गयीं ओर वाली ने बाहर आकर उसको बड़े जोर से एक मुक्का मारा ॥	सिंह के नाम से बड़ी वाली है, परन्तु उसका धिक्कारा है। कठोर मुष्टि से क्रोध और क्रोध को नष्ट कर देती है॥
8	गृह विभाग, हिमाचल प्रदेश-लोकसेवा- कमीशन के माध्यम से नियुक्त नए मानकों का निर्धारण किया गया है।	गृह विभाग ने हिमाचल प्रदेश-लोकसेवा-आयोग के माध्यम से नियुक्त होने के नए मानक निर्धारित किए गए हैं।
8	वह रोगी बालक मीठा दूध नहीं पीता ।	वह बीमार बच्चा मीठा भी दूध नहीं पीता है।
17	हे श्रीकृष्ण, श्यामसुन्दर, राधावल्लभ, यदुनाथ, यमुनातीरविहारी, एकमात्र वृन्दावनमें निवास करनेवाले माधुर्यमय चन्द्रके समान मुखवाले, स्निग्ध स्वरूपवाले व्रजेश्वर हे वंशी टेरनेमें मग्न, मालाओंकी सुगन्धसे युक्त, मोरपंखसे आच्छन्न मस्तकवाले और अंग-अंगमें लक्ष्मीके निवासभूत हे श्रीकृष्ण! मेरे हृदयमें अपनी भक्तिका प्रकाश फैलाइये ॥	श्रीकृष्ण कृष्ण, श्याम, राधाधव, युनुदेव और मुन-प्रान्त के भक्तों के लिए, वृन्दावन के एक मधुर पर्वत के मुख वाले स्निग्ध मूर्ति वाले, व्रजेश, वंशीवाद्य युक्त, स्ट्रगभर, परिमाणीय, फिसलन से भरे हुए, प्रत्येक अंग के स्वामी, मेरे मन में अपनी भक्ति का प्रकाश छोड़ते हैं।
16	'पुरुष' यह कहकर कृष्ण ने जोर से ध्वनि की, इसलिये द्रोणाचार्य "पुरुष"	यह कहकर ही कृष्ण ने ऊँचे स्वर में शंख फहरा दिया, इसलिये द्रोणाचार्य ने कहा, मनुष्य,,,,, यहाँ से आगे वचन नहीं सुन सका।
4	वहाँ बहुत सी वस्तुएँ मिलती हैं।	वहाँ बहुत वस्तुएँ मिलती हैं।
17	बोर्ड द्वारा लिखित परीक्षाओं से पहले व्यावहारिक परीक्षाएं आयोजित की जाती हैं, जो 21 फरवरी से 29 फरवरी तक आयोजित की जाएंगी, जिसकी समयसूची बोर्ड ने पहले प्रकाशित की है।	लिखित परीक्षा से पहले व्यावहारिक परीक्षा बोर्ड द्वारा आयोजित की जाती है, जो 21 फरवरी से 29 फरवरी तक आयोजित की जाएगी, जिसकी समयसूची बोर्ड द्वारा पहले ही प्रकाशित की गई है।
27	यदि गर्भ की उत्पत्ति मे माता पिता कारण हों तो बहुत सी स्त्रियों और बहुत से पुरुष पुत्रकामना और कन्याकामना वाले होते है । वे पुत्र की कामना से पुत्रों और कन्या की कामना से कन्याओं को उत्पन्न कर लिया करें। कोई भी स्त्री वा पुरुष विना सतान के न रहे। कोई सतान की इच्छा वाले स्त्री वा पुरुष सतान के लिये कभी दुःखी न हों और न विलाप किया करे	यदि माता और पिता दोनों गर्भ धारण करते हैं तो स्त्री और पुत्र की कामना करने वाले पुत्र भी उत्पन्न हो जाते हैं। वे सब पुत्रों को जन्म देकर मैथुन धर्म का पालन करने वाले पुत्रों के समान पैदा करते हैं। यदि पुत्र के जन्म के समय स्त्री और पुत्र दोनों में प्रेम होता है तो स्त्री और पुत्र दोनों में प्रेम होता है। परन्तु कोई भी स्त्री निर्दयी पुरुष को जन्म देने के बजाय पति-पत्नी में प्रेम करने वाली होती है।
21	वहाँ प्रशिक्षक ने वर्ग के पहले दिन ध्येयमन्त्र, वर्ग गान, संस्कृत में परस्पर परिचय, वस्तुओं का परिचय, यह शब्दों का तीनों लिङ्गों में प्रयोग, स्थानवाचक शब्दकोश का प्रयोग और अन्य बिन्दुओं पर आधारित पाठ किया।	वहाँ प्रशिक्षक ने वर्ग के पहले दिन लक्ष्य मंत्र, वर्गगीत, संस्कृत में एक-दूसरे का परिचय, वस्तुओं का परिचय, यह-वह-शब्दों के तीनों लिंगों में प्रयोग, स्थान वाणी के शब्दों का प्रयोग इत्यादि बिंदुओं का पाठ किया।
10	परन्तु तुम्हारे नौकर सदा सब जगह उपस्थित नहीं हो सकते।	परन्तु तुम्हारे नौकर हमेशा और सब जगह उपस्थित नहीं हो सकते हैं।
10	सूचनाप्रसारण मंत्री अनुराग सिंह ठाकुर ने भी आज सशस्त्र सेना के ध्वज दिवस के अवसर पर सभी को नमस्कार किया।	सूचनाप्रसारण मंत्री अनुराग सिंह ठाकुर ने भी सशस्त्र सेना ध्वज दिवस के अवसर पर सभी को नमस्कार किया।
4	दो पहर एक बजे भोजन।	दोपहर एक बजे भोजन।
1	विश्राम करके।	विश्राम करके
7	आती हूँ, चलें किसकी दुकान चलें ?	आते हैं जाते हैं। किसकी दूकान जाते हैं?
14	भविष्य में इसके लिए प्रयत्न किये जा रहे हैं। जल्द ही यह आशीर्वाद पूरा कैबिनेट को अयोध्या में जाकर रामलल्ला का दर्शन किया जाएगा।	भविष्य में इसके लिए प्रयास किए जा रहे हैं। शीघ्र ही पूरा कैबिनेट अयोध्या जाकर रामलल्ला को देखकर आशीर्वाद लेगा।
4	जब वह चुटकुला बोलता है	जब वह चुटकुला बोलता है
9	केवल पश्चिम के लोग इस दुरुपयोग को करके देश को अधिराज्य में स्थापित कर दिया।	केवल पाश्चात्यों ने इसका दुरुपयोग करके देश में आधिपत्य स्थापित किया।
8	जब वह हृदय के स्थान पर ही रहता है तब नामरूपी फल मिलते हैं।	जब वह हृदय स्थान पर ही रहता है तब नाम के रूप मिल जाते हैं।
8	इसीलिए लघुता विचार करके अधुशब्द की अपेक्षा से साधुशब्द अकेला ही योग्य है।	इसलिए, तुच्छता को विचारकर अशुद्ध शब्द की अपेक्षा साधु शब्दकथा में ही योग्य माना जाता है।
4	मोर किसानों का मित्र है।	मोर किसानों का मित्र है।
1	क्षेत्र का ज्ञाता	क्षेत्र का ज्ञाता
10	डॉश्री छबिलाल नूपाने ने अपने व्याख्यान में कहा कि प्रकृति सभी प्राणियों की रक्षा के लिये प्रयत्नशील रहती है।	अपने व्याख्यान में कहा गया है कि प्रकृति सभी प्राणियों के संरक्षण के लिए प्रयास कर रही है।
15	श्री मोदीना एन.डी.ए. ने चार सौ सीटें जीत का लक्ष्य रखा है, क्योंकि ऑर्डर टीम में सात सौ से अधिक तीन सौ सीटें हैं।	श्री मोदी ने <एन.डी.ए]. इसे चार सौ सीटें जीतने का लक्ष्य दिया है, जिसमें भाजपा के सात सौ से अधिक तीन सौ सीटें हैं।
10	हे केशव ! मैं शकुनों को भी विपरीत ही देख रहा हूँ और युद्ध में (आहवे) अपने स्वजनों को मारकर कोई कल्याण भी नहीं देखता हूँ।	हे केशव! मैं कारणों को और विपरीत कारणों को देखता हूँ, और अपने भाई की महानता को मारकर मैं किसी भी प्रकार का कल्याण नहीं देखता हूँ।।
7	वह पक्षियों और पशुओं को पकड़कर अपना गुजारा करता था।	पक्षियों और मृगों को ग्रहण करके वह अपनी जीविका चलाता था।
9	उस महाबली ने भी 'ठीक' ऐसा कहकर मल्लयुद्ध के लिए भीमसेन को चुना।	वह भी महाबल'तवा'यह कहकर द्वन्द्वयुद्ध के लिये भीमसेना को आया।
5	उनके ही नेतृत्व में विश्व क्रिकेट स्पर्धा में वर्ल्ड कप पाया।	उनके नेतृत्व में विश्व क्रिकेट प्रतियोगिता में विश्व पदक जीता।
2	दूसरा दीजिये।	दूसरा दीजिये।
15	बार्यावटग, चीता, दन्ती, चव्य, सोठ, मरिच, पिप्पली प्रत्येक दो शाण लेकर चतुर्गुण जल में दूध सिद्ध करके पीने से उदर रोग शान्त होता है ||	पिड\u093Cा, पिड\u093Cा, चीता, दन्ती और विष इन दोनों को समान रूप से पीकर बढ\u093Cे हुए मूदर को पीवे।
6	प्रांत मंत्री गिरीश चंद्र तिवारी ने परिचयात्मक भाषण दिया।	परिचयात्मक भाषण प्रांत मंत्री गिरीश चंद्र तिवारी ने दिया।
1	गरजते हो	गरजते हो।
6	वे छात्र फिर से लिखते हैं तब	वे छात्र फिर से लिखते हैं तब...
3	वह खेत में दौड़ता है।	वह खेत में दौड़ता है।
3	मन्दिर में भक्त जाता है।	मन्दिर में भक्त जाता है।
11	इनमें से दूरसंचार, पेयजल सौर ऊर्जा और स्वास्थ्य जैसे क्षेत्रों में संबद्ध सभी विकास परियोजनाएं सम्मिलित हैं।	इनमें से दूरसंचार, पेयजल, सौर ऊर्जा, स्वास्थ्य जैसे क्षेत्रों में जुड़े ये सभी विकास परियोजनाएँ शामिल हैं।
13	क्योंकि - - सिंह, गुणी पुरुष, हाथी - ये अपने स्थानों को छोड़कर भी अन्यत्र जाकर प्रतिष्ठा प्राप्त करते हैं। परन्तु कौवा, कापुरुष, हरिण ये एक जगह रहकर ही जन्म बिता देते हैं और वहीं मर भी जाते हैं ।	स्थान छोड़कर चले जाते हैं, सिंह, सत्पुरुष, हाथी। वहीं पर मृत्यु हो जाती है, कौवे, कौआ और कछुए।
9	दस वर्ष पहले मेरे बेटे का यज्ञोपवीत आपने कराया था	दस वर्ष पहले मेरे पुत्र का यज्ञोपवीत आपने ही कराया था।
15	कल शाम प्रधानमन्त्री मोदी ने राजस्थान के जयपुर में फ्रांस के राष्ट्रपति इमैनुएल मैक्रॉन के साथ द्विपक्षीय सत्र में भाग लिया।	कल शाम प्रधानमंत्री मोदी ने राजस्थान के जयपुर में फ्रांस के राष्ट्रपति इमैनुएल मैक्रॉन के साथ द्विपक्षीय बैठक में भाग लिया।
3	आप दोनों जाती हैं।	आप दोनों जाते हैं।
6	कहा जाता है कि कल नामांकन में प्रवेश किया जाएगा।	कहा जाता है कि कल नामांकन दाखिल होगा।
6	ओह , मैं भी कपडे धोना भूल गया	ओह मैं भी वस्त्र धोने भूल गया।
10	हिमाचल-संस्कृत-अकादमी के सचिव डॉ. केशवानंद कौशल ने सभी विशिष्ट अतिथियों एवं विद्वानों का स्वागत किया।	हिमाचल-संस्कृत-अकादमी के सचिव डॉ. केशवानंद कौशल ने सभी विशिष्ट अतिथियों और विद्वानों का स्वागत किया।
1	मुझे पाना चाहिए	प्राप्त किया
4	वह यज्ञ करता है	वह यज्ञ करता है।
3	वह पैसा चुराता है।	वह धन चुराता है।
4	आजकल रास्ते में पुलिस रक्षक खड़े रहते हैं।	इस समय रास्ते में पुलिसकर्मी खड़े हैं।
12	हे मुनिसत्तम् ! यह सब कुछ तुम्हारा अपकार करने वाला राक्षस किया है। बिना विचारे ही मैंने तुम्हें शाप दे दिया ॥	हे मुनीश्वरश्रेष्ठ! आपने अपने पापों को करने वाले राक्षस के द्वारा यह सब किया है। यह शाप मुझे बिना सोचे समझे ही दिया गया है॥
6	दिल्ली में भी सर गंगाराम अस्पताल है।	दिल्ली-नगर में भी सर गंगाराम अस्पताल है।
6	रात साढ़े तीन बजे दो चोर घर में घुसे।	रात साढ़े तीन बजे दोनों चोर घर में घुस गए।
4	सब अपनारूप है या शिव कारूप।	सब कुछ अपना या शिव रूप है।
7	हेतु, लक्षण ओर काल को समझने वाले तथा बल और शुद्ध एव अशुद्ध रक्त के वर्ण की पहिचान करने वाले वैद्य को चाहिये कि रक्तस्राव की उपेक्षा उस समय तक करता रहे जब तक कि भयानक रूप धारण न करले, अथवा काई घातक रूप पैदा न करे ॥	जो व्यक्ति लक्षण काल का ज्ञाता है, बलवान् है, रंग का ज्ञाता है, वह जब तक आयु को प्राप्त नहीं कर लेता, तब तक आयु को प्राप्त नहीं कर पाता।
6	अनंतपुरी और कोट्टायम जिलों में एक-एक व्यक्ति की मौत हो गई।	अनंतपुरी, कोट्टायम जिलों में एकमात्र मौत हो गई।
5	हिमसंस्कृतवार्ता: जगदीश डाभी, मुम्बई ।	हिमसंस्कृतवार्ता जगदीश डाभी, मुम्बई।
13	जालगर्दभ - अपने कारणों से कुपित वातादि दोप, पित्तोल्वण और मन्द वात क्फ की अवस्था में अति दाहकारक, अल्प, लालरग के शोध को उत्पन्न करते है, यह शोथ थाडा पकता है । इसके कारण रोगी को ज्वर और प्यास रहता है, यह शो विसर्प के समान फैलता है इसको 'जालगर्दभ' कहते है  ॥	पित्तप्रबल, दूषित दोहन, सूती, तनुरक्तपाकर, शोथ, ज्वर, विसर्पन, जाल, गरदभक्ष्या, शोथ, शोथ, शोथ, शोथ, शोथ, शोथ, शोथ, शोथ, शोथ, शोथ, शोथ, शोथ, शोथ, शोथ, शोथ, शोथ, शोथ, शोथ, शोथ, शोथ, शोथ
4	ज्ञान में धर्म होता है इस प्रकार यह धर्मचारी है।	ज्ञान में धर्म है तो धर्म नहीं है।
1	घृणा योग्य	कठोर
15	मनुष्यकी मृत्युके पश्चात् उसका धन पृथ्वीमें गड़ा रह जाता है, पशु गोष्ठमें बँधे रह जाते हैं, स्त्री घरके द्वारपर छूट जाती है; और परिजन श्मशानतक तथा शरीर चितातक साथ देता है, परलोकके मार्गमें केवल धर्मको साथ लेकर जीव अकेला ही जाता है	द्रव्य, भूमि, पशु, समूह, स्त्री, घर, द्वार, मनुष्य, श्मशान, देह, शुद्धता और परलोक के मार्ग में धर्म का अनुसरण करने वाला एक प्राणी है।।
7	और अगले वर्ष दीपावली-अवसर की फ़िल्म प्रदर्शित होगी।	और अगले वर्ष दीपावली-अवसर पर चलचित्र प्रदर्शित किया जाएगा।
7	छात्र – तो मेरे साथ करो ।	छात्र-तो फिर मेरे साथ करो।
7	मैने यह भी नहीं सोचा कि वस्त्रों तथा आभूषणों से सुशोभित	यह भी नहीं सोचा कि-वस्त्रों से सुशोभित होने पर भी शोभा नहीं देता।
6	माता – आज सेव ही लाओ ।	माता-आज सेव ही लाओ।
3	वह पैसा चुराता है।	वह धन चुराता है।
6	दशरथनन्दन ! मैं आपको अयोध्या पहुँचाऊँगा।	दशरथनन्दन! मैं तुम्हें अयोध्या पहुँचाऊँगा।
6	महाबलि असुर के सत्कार में यह पर्व मनाया जाता है।	यह पर्व महाबली असुर के सत्कार के लिए मनाया जाता है।
6	इसपर श्लोक हैं कि ये अति स्थूल और अतिकृश दोनों मनुष्य अतिनिन्दितः हैं और मध्य शरीर ( न अति मोटा न दुबला ) मनुष्य श्रेष्ठ है और अति मोटेसे तो दुबला ही अच्छा होताहै ॥	आप यहाँ अत्यन्त गहींर हैं, शरदऋतु में स्थूल और नेत्रहीन हैं।
12	और भी विपत्ति आने पर विचार कर कार्य करना ही पाण्डित्य (बुद्धिमत्ता) है। बिना विचारे काम करने वाले प्राणियों पर तो पद-पद में विपत्तियाँ आती हैं।	जब कोई विपत्ति आती है तो वह पाण्डित्य ही परिच्छेद होता है। जब कोई विपत्ति आती है तो वह स्थान-स्थान पर होती है।
1	अशुद्ध	अशुद्ध
11	प्रधानमंत्री ने कहा कि ऐसे प्रयासों से देश को समृद्ध सांस्कृतिक संपदा की रक्षा में मदद मिलती है	प्रधानमंत्री ने कहा कि ऐसे प्रयासों से देश की समृद्ध सांस्कृतिक संपत्ति को संरक्षित करने में मदद मिलती है।
4	कोर्ट खारिज हो गया है.	कोर्ट बंद हो गई।
7	ग्रीक भाषा में''थैले''इस प्रकार धातुधारण करने वालेार्थक, संस्कृत भाषा में भी.	ग्रीक भाषा में "थे" यह धातु धारण करने वाला है, संस्कृत भाषा में भी ऐसा ही है।
4	मनु जी ने सभी को धर्म का उपदेश किया।	मनु ने सबको धर्म का उपदेश किया।
5	हे मित्र ! यज्ञ करिये।	हे मित्र! यज्ञ करिये।
3	प्रयास करता हूँ ।	प्रयत्न करता हूँ।
3	कैसे करें ?	कैसे करें?
9	साथ ही अनला नाम एक सुन्दरी कन्या भी हुई।	और अनला नाम की एक सुंदर लड़की भी हो गई।
13	केंद्रीय-आदिवासी विषय मंत्री अर्जुन मुण्डा ने नई दिल्ली में दो दिवसीय आदिवासी जागरूकता कार्यक्रम का उद्घाटन किया।	केंद्रीय-आदिवासी विषयों के मंत्री अर्जुन मुंडा ने नई दिल्ली में दो दिवसीय आदिवासी-जागरूकता कार्यक्रम के आदि व्याख्यान का उद्घाटन किया।
3	वह खेत में दौड़ता है।	वह खेत में दौड़ता है।
9	लाहौल पर्वत में 30 से 60 सेंटीमीटर तक बर्फबारी हुई।	इससे अधिक लाहौल उपत्यका में 30 से 60 सेंटीमीटर तक बर्फबारी हुई।
6	अभी दोपहर में भी लोग वोट देने जा रहे हैं।	अब दोपहर में भी लोग मतदान के लिए जाते हैं।
10	इस प्रकार तुम्हारे प्रश्नों के अनुसार सम्पूर्ण जानने योग्य बातें मैंने तुम्हे बताई है। जो व्यक्ति अपने मन को इसमें लगाकर रहता है, वह मोक्ष प्राप्त कर लेता है । है लक्ष्मण मेरी भक्ति से विमुख पुरुषों से इसे सावधानी पूर्वक नहीं कहना चाहिये और मेरे भक्तों को प्रयत्नपूर्वक भी बुलाकर इस रहस्य को सुनाना चाहिये ॥	आपके प्रश्न के अनुसार यह सब कहा गया है। जो इस मन में स्थित है, वह मुक्ति के योग्य है।।
8	उसकी सेवा और उपदेश अखिल लोकार्थ को बहुत ही कल्याणकारी है।	उसकी क्रिया और उपदेश अखिल लोक के लिए बहुत कल्याणकारी हैं।
3	बढ़ई लकड़ी छीलता है।	तृषा लकड़ी काट रही है।
7	आने वाले संतों के द्वारा वातावरण सुरक्षित किया जाना चाहिए।	आने वाली संतान के लिए हमें वातावरण सुरक्षित करना है।
3	सभी समाचारपत्र पढ़ रहे हैं।	सभी समाचारपत्र पढ़ते हैं।
18	राज्य उच्च न्यायालय ने हिमाचल प्रदेश पुलिस महानिदेशक संजय कुमार की पुलिस अधिकारी शालिनी अग्निहोत्री और कांगड़ा के स्थान पर जाने के आदेश को निलंबित करने के लिए याचिका दायर की है।	राज्य उच्च न्यायालय ने हिमाचल प्रदेश पुलिस महानिदेशक संजय कुंडो और पुलिस अधिकारी शालिनी अग्निहोत्री और कांगड़ा के स्थानांतरण के आदेश को निवृत्त करने के लिए याचिका खारिज कर दी है।
7	उन्होंने कहा कि शिक्षा संस्थानों की भूमिका से लोगों का विकास है।	उन्होंने कहा कि शिक्षा संस्थानों की भूमिका लोगों का विकास है।
8	हाँ , इसका छिलका बहुत कड़क है।	हाँ, इसकी त्वचा बहुत मजबूत है।
1	गुस्सा	असंतोष
11	हमारे यहाँ अमरूद और पपीता ज्यादा मिलते हैं। लेकिन मुझे केला पसंद है।	हमारे क्षेत्र में मजबूत बीज और पापीटक अधिक मात्रा में मिलता है लेकिन मुझे केला अच्छा लगता है।
8	रावेल और रेंटिला गांवों के क्षेत्रों में आसमान से गोल चट्टानें गिरीं।	रावल रंतीला नामक गाँवों के क्षेत्रों में ही गोल पत्थर के टुकड़े आकाश में गिर गए।
11	विदेश- मन्त्रालय, विदेशों में भारतीय- ठक्कर भी प्रतिवर्ष हिन्दी-दिवस का आयोजन करते हैं	विदेश मंत्रालय और विदेशों में भारतीय दूतावास भी हर साल हिन्दी दिवस का आयोजन करते हैं।
9	प्रधानमंत्री नरेंद्र मोदी की यात्रा का सहारा लेकर तिरुचिरापल्ली में मजबूत सुरक्षा व्यवस्था का निर्माण किया गया	प्रधानमंत्री नरेंद्र मोदी की यात्रा का सहारा लेकर तिरुचिरापल्ली में मजबूत-सुरक्षा व्यवस्था की गई.
5	गीदड़ दुखी होकर वहाँ से चला गया।	सियार उदास हुआ वहाँ से चला गया।
4	कच्ची केरी में हींगहीं डाली जाती है।	कच्चे आम में हींग डाला जाता है।
9	हिमाचल प्रदेश के 59 शहरों के लिए एक नई विकास योजना बनाई जाएगी।	हिमाचल प्रदेश के 59 शहरों के लिए एक नई विकास योजना बनाई जाएगी।
5	मेरे भी मन में ख़ुशी हुई ।	मेरे भी मन में खुशी हो गई है।
3	कार्यालय के पात्र धोता है।	कार्यालय के बर्तन धोता है।
14	ईश के याद से ईश स्पर्श की प्रतीति होती है, एक अलग-अलग ओज का आभास अनुभूत होता है, इस प्रकार एक विलक्षणता भी तृप्ति को प्राप्त होती है।	ईश के स्मरण से ईश के स्पर्श की प्रतिध्वनि प्राप्त होती है, एक विशिष्ट का ओजस आभास अनुभव होता है, और एक दृष्टि से संतुष्टि सन्तोष के लिए प्राप्त होती है।
1	प्रेरणा किया हुआ ।	प्रेरित
1	कभी भी	कभी भी
5	सभी बहुत पीले वस्त्र पहनते हैं।	सभी बड़े पीले वस्त्र पहनते हैं।
8	हे वैदे! यहाँ महर्षि शरभङ्ग का महान् आश्रम दिखाया जा रहा है।	हे वैदेहि! यहाँ महर्षि शरभङ्ग का महान् आश्रम दिखता है।
3	ऊँचा मत हसो।	जोर से मत हसो।
13	समारोह को संबोधित करते राष्ट्रपति ने कहा कि इस वर्ष पूरे राष्ट्र में आम मतदान होगा।	समारोह को संबोधित करते हुए राष्ट्रपति ने कहा कि इस वर्ष पूरे देश में आम मतदान होगा।
2	वही।	वह ही
4	अधिक खाता हूँ तब बोलता है	अधिक खाता हूँ तब बोलता है।
6	विश्व का प्रथम ग्रन्थ ऋग्वेद कहलाता है।	विश्व का पहला ग्रन्थ ऋग्वेद कहा जाता है।
6	आज यह रत्न अंग्रेजी वंशावली का हिस्सा है।	आजकल यह रत्न अंग्रेजी वंश का हिस्सा है।
5	वे विलासी लोग आने वाली आपदा को नहीं देखते हैं।	वे भोगों से आसक्त होने वाले आसन्न विपत्तियों को नहीं देखते हैं।
6	वह जब-तक पढती हैं, मैं तब-तक लिखता हूँ।	वह जब तक पढ़ती है तब तक लिखता है।
3	धार्मिक धर्म को धारण करता है।	धर्मधर धर्म धारण करता है।
10	कमलेश्वर डोडियार ने कहा कि कार्यकर्ताओं ने चुनाव में उसकी शक्ति की मदद की।	कमलेश्वर डोडियार ने कहा कि कार्यकर्ताओं ने चुनाव में उसकी यथाशक्ति सहायता की।
3	एक कारखाने में काम कर रहा हूँ।	कारखानामें उद्योग।
12	और इससे पर्यावरण की रक्षा होगी. इन्हीं प्रकृति से ईश्वर की अभिव्यक्ति होती है, और उपहार के रूप में प्रस्तुत किया गया।	और इससे पर्यावरण की रक्षा होगी। इन लोगों ने प्रकृति ईश्वर की अभिव्यक्ति और उपहार के रूप में प्रतिपादित किया।
6	बच्चे के साथ बगीचे भी कार से जाते हैं।	बालक के साथ उद्यान भी कार से जाते हैं।
9	मंडल की चुराह, भरमौर, पाङ्गी, डल्हौजी में बर्फ लगातार है।	जिले का चुराह, भरमौर, पाङ्गी, डलहौजी में बर्फबारी जारी है।
10	मरते समय जिनके नाम का स्मरण कर अज्ञ भी जिनमें लीन हो जाते हैं, उनको सामने देखते हुए और उन्हीं के हाथों से वध हुए, उस राक्षस के विषय में कहना ही क्या ? ॥	मृत्यु के समय जिस नाम का ज्ञान होता है, उसी का स्मरण करके आप उसी नाम को प्राप्त कर सकते हैं। इस प्रकार मारे गये सूर्य के समान आप आकाश में हरि को क्यों नहीं देखते?॥
5	दरिद्र हमेशा माँगते हैं।	निर्धन हमेशा माँगते हैं।
9	भारतीय सांस्कृतिक परंपरा के हिमाचल प्रदेश समन्वयक मालविका पाठक ने कार्यक्रम का अध्यक्षता की।	कार्यक्रम की अध्यक्षता भारतीय सांस्कृतिक परिषद की हिमाचल प्रदेश समन्वयक मालविका पाठक ने की।
1	मना किया हुआ	निषिद्ध
10	दा शत्रुघ्न सलक्ष्मण राम को अभिवादन करके सीता के चरणों में स्पर्श करके उसे प्राण दिया।	दा शत्रुघ्न ने सलक्ष्मण राम को प्रणाम करके सीता के चरणों को छुआ और उसे मार दिया।
7	एक यात्री रेलवे स्टेशन से पूड़ियाँ और सब्जी लाता है।	एक सहयात्री रेलवे स्टेशन से सब्जी और सब्जी निकालता है।
4	गुणजी  एक बकरी को दुहता है।	गुणजी एक बकरी को दुहता है।
8	अनेक पाठकों के दृश्य पत्रालय के अन्दर और बाहर निकाले गए।	नाना पाटेकर के दृश्य डाकखाने के अंदर और बाहर पकड़े गए।
18	समारोह में गढ़वाली गीत की संगम संगीत कमेटी के कलाकारों द्वारा सांस्कृतिक कार्यक्रम "जय भगवती नंदा" आयोजित किया गया, जिसमें सभी अतिथिगण मंत्रमुग्ध हुए।	समारोह में संगम सांस्कृतिक समिति देहरादून के कलाकारों द्वारा सांस्कृतिक कार्यक्रम गढ़वाली गीत का "जय भगवती नंदा" यह कार्यक्रम आयोजित किया गया, जिसमें सभी आमंत्रित अतिथि मंत्रमुग्ध हो गए।
7	मैं छल करने वालों में द्यूत हूँ और तेजस्वियों में तेज हूँ, मैं विजय हूँ; मैं व्यवसाय (उद्यमशीलता) हूँ और सात्विक पुरुषों का सात्विक भाव हूँ।।	मैं जुआ खेलता हूँ, मैं तेज और तेज का स्वामी हूँ, मैं जन्म से ही व्यवसाय में हूँ, मैं सत्पुरुष हूँ।।
1	नेता	नायक
5	अल्पाहार में वह उबले चने खाता है।	अल्पाहार में वह उबले हुए चने खाता है।
1	पर्वत	पर्वत
5	नदी जल स्वच्छ और आकाश बादलों से रहित दिखाई पड़ता है।	नदी का जल स्वच्छ और आकाश निहरा हुआ दिखता है।
3	और सब एक दिल वाले हैं ।	और सभी एक मन वाले।
2	हे देवता!	हे देव!
4	रमा चन्द्रमा देखती है।	रमा से चन्द्रमा देखा जा सकता है।
4	शायद कोई रुक जाए।	शायद कोई खड़ा रहे।
8	सभी अतिथि घर (होमस्टे यूनिट) पर्यटनकून के तहत लाए जाएँगे।	सभी अतिथिगृह (होमस्टे यूनिट) पर्यटनकून के तहत लाए जाएंगे।
12	प्रधानमंत्री ने कहा कि देश के प्रत्येक निर्धन वंचित व्यक्ति उसकी पूजा के योग्य है।	प्रधानमंत्री ने कहा कि देश के प्रत्येक निर्धन वंचित व्यक्ति उसके लिए पूजनीय हैं।
4	पोता आगे बढ़ता है।	पोता आगे बढ़ता है।
5	यहाँ आओ मीठा फल खाओ,	यहाँ आओ और मीठा फल खाओ,
9	पापी अधर्मियोंकी शीघ्र ही बुरी गति होती है, ऐसा समझकर पुरुषको चाहिये कि धर्मसे दुःख पाता हुआ भी अधर्ममें मन न लगावे	धर्म के द्वारा मन को कभी भी सरलता से धर्म में नहीं लगाना चाहिए। अधर्मी लोगों के पापों को देखने से बढ़कर कोई बात नहीं है।
9	उत्तराखंडसंस्कृत अकादमी, प्रतिवर्ष संस्कृत भाषा के प्रचार-प्रसार के लिए, संरक्षण के लिए, और इंटरनेट के माध्यम से संस्कृत व्याख्यान के लिए आयोजित किया जाता है।	उत्तराखंड संस्कृत अकादमी, हर साल संस्कृत भाषा के प्रसार के लिए, और इंटरनेट के माध्यम से संस्कृत व्याख्यानों की एक श्रृंखला का आयोजन किया जाता है।
9	इन पांच तत्वों की अनुपात से मानव शरीर का स्वास्थ्य निर्भर करता है।	इन पाँच तत्वों के अनुपात से मानव शरीर का स्वास्थ्य निर्भर है।
12	उनके चर्चा में व्यापार, निवेश, प्रौद्योगिकी, अन्तरिक्ष, शिक्षा, सांस्कृतिक और आदान-प्रदान के साथ द्विपक्षीय सहनशीलता के लिए विभिन्न पक्ष एकत्रित थे।	उनके चर्चा में व्यापार-निवेश-प्रौद्योगिकी-अंतरिक्ष-शिक्षा-सांस्कृतिक-आदान-प्रदान सहित द्विपक्षीय सहयोग के लिए विभिन्न पक्ष शामिल थे।
8	इन कलाओं से भारतीय संस्कृति और संस्कृत का विकास होगा।	इन कलाओं से भारतीय संस्कृति और संस्कृत भाषा का विकास हो।
4	वह भूमि पर रंगोली करती है।	वह भूमि पर रंगोली करती है।
5	मेरे दो काम रह गए।	मेरे दो काम शेष हैं।
3	वे दोनों खेलते हैं |	वे दोनों खेलते हैं।
6	वाटिका में वन में वृक्षों के समूह के समान, चंद्रिका की शीतल श्मशान में शेरे।	वाटिका वन में वृक्षों के झुंडों के साथ, चन्द्रिका ठंडे पत्थर की सतह पर तैरती है।
14	उन्होंने कहा कि स्मार्ट-मार्ग की कामना में अधिक सुधार करना चाहिए, जिसमें बसस्थानों के साथ शौचालय भी बनाया जाए।	उन्होंने कहा कि स्मार्ट-मार्ग के काम में और सुधार करना चाहिए, जिसमें बस स्टेशनों के साथ शौचालय भी बनाए जाने चाहिए।
7	मेरा भाई अब कहाँ गया है, मैं नहीं जानता	मेरा भाई अब कहाँ गया, नहीं जानता हूँ।
5	मैं अभी-अभी आया।	मैं अभी आया था।
12	शिक्षा निदेशक ने कहा कि वह शिक्षा मंत्री के लिए भेजे जाएंगे और जिलों की रिपोर्टों को प्राप्त करके विस्तृत प्रस्ताव देंगे।	शिक्षा निदेशक ने कहा कि जिलों से रिपोर्टें प्राप्त करके विस्तृत प्रस्ताव देकर शिक्षा मंत्री को भेजा जाएगा।
8	सोशल मीडिया उपयोक्ता उस दक्षिण भारती वेष की प्रशंसा करते हैं।	सोशल मीडिया के इस्तेमालकर्ता उनके दक्षिण भारतीय वेष की प्रशंसा करते हैं।
13	उसकी पहली तस्वीर भी प्रसारित हुई, जिसमें उसकी सिंह के साथ तुलना की गई है।	उनके पहले रूप की एक तस्वीर भी प्रसारित की गई, जिसमें उनकी सिंह से तुलना की गई है।
6	तुम्हारे पास केवल आधा घंटे का समय है।	तुम्हारे पास केवल आधा घंटा है।
8	''करेक्टर''-दक्षिण वेल्स देश के एक सदस्य ने दुर्गाती गुरुल्ला युद्ध में रोमन सेना का उत्पीड़न किया।	"करैक्टर"-उन्होंने दक्षिण वेल्स देश के एक किले से गुरिल्ला युद्ध में रोमन सेना का उत्पीड़न किया।
3	गुस्सैल महिला पड़ोसी वपर क्रोध कर रही है।	चण्डी पड़ोसियों को खुश कर रही है।
14	आचार्य राजेश कुमार शर्मा ने कहा कि ये दोनों समूह विश्वविद्यालय, विभाग और समाज को कार्य करने के लिए संकल्पबद्ध होंगे।	आचार्य राजेश कुमार शर्मा ने कहा कि ये दोनों समूह विश्वविद्यालय, विभाग और समाज के प्रति कार्य के लिए संकल्पबद्ध होंगे।
4	हमें संस्कृत में बोलना चाहिये।	हमें संस्कृत में बोलना चाहिये।
22	भूटान के लिए सूचित की गई परिमाण में चौदह हजार एक सौ चौबीस मेट्रिक टन गाय का, पांच हजार तीन सौ बीस मेट्रिक टन पकाया गया, पांच हजार दो सौ ईस मेट्रिक टन खाना हुआ, इक्कीस हजार आठ सौ मिलियन और टूटे हुए चावलों का भी मेट्रिक टन है।	भूटान के लिए सुझाए गए माप में चौदह हजार एक सौ वर्ग मीटर टन, पांच हजार तीन सौ छाईस मीटर टन, पंद्रह हजार बाईस मीटर टन परिष्कृत, अट्ठाईस हजार आठ सौ मीटर टन और टूटे हुए चावल हैं।
1	दिया गया	दिया
10	हे राम! इसके समीप ही पम्पा नामक सरोवर है। उसके समीप ही ऋष्मूक नामक बड़ा पर्वत है ॥	यहाँ से राम के पास पम्पा नाम का सरोवर है। उसके समीप ऋषिमुक पर्वत नामक एक महानगर है॥
6	उसे यह पुरोहित था कहा गया है।	उसका यह पुरोहित था, ऐसा कहा गया।
6	तब ही एक छात्रा वहाँ से गुजरती है	उस समय एक छात्रा वहाँ से निकलती है।
51	इस कार्यशाला में डॉ. शिव कुमार ने राज्य के संसाधनों के प्रतीक के रूप में शिक्षा नीति के रूप में व्यावहारिक संस्कृत, मूल्याङ्कन विषयों पर चर्चा की, ललित शर्मा उच्च माध्यमिक स्तर की शिक्षाशास्त्रीय प्रक्रिया, पठन कौशल, साहित्यिक सामग्री के प्रयोग, डॉ. अमनदीप सरल मनक संस्कृत, संस्कृत सम्भाषण, काव्य पाठ की विधि, अध्यापन के क्षेत्र में प्रौद्योगिकी प्रयोग, डॉ. अमित शर्मा, लेखन कौशल के बारे में, डॉ. मनोजशैली संस्कृत के शिक्षण पर मूल्याङ्कन, डॉ. देवर्षी अगस्त्य ने प्रथम द्वितीय तृतीय भाषा के रूप में संस्कृत, नाटक की शिक्षा, व्याकरण शिक्षण के लिए प्रायोगिक ज्ञान डॉ. कमलकांत भाषण कौशल और डॉ.	इस कार्यशाला में डॉ. शिवकुमार ने राज्य संसाधन व्यक्तित्व के रूप में शिक्षा नीति व्यावहारिक संस्कृत, मूल्यांकन के विषयों पर चर्चा की, ललित शर्मा ने उच्च-माध्यम स्तर की शिक्षाशास्त्रीय प्रक्रिया, पढ़ने का कौशल, साहित्यिक सामग्री का प्रयोग, डॉ. उच्च-माध्यम स्तर की आम्रदीप सरल मानव संस्कृत, संस्कृत वार्तालाप, काव्य पाठ विधि, शिक्षण के क्षेत्र में प्रौद्योगिकी प्रयोग, डॉ. अमित शर्मा, लेखन कौशल, डॉ. मनोजशैल संस्कृत शिक्षण में मूल्यांकन, डॉ. देवर्षि अगस्त्य संस्कृत प्रथम द्वितीय तृतीय भाषा के रूप में संस्कृत, नाटक शिक्षण, व्याकरण शिक्षण के प्रायोगिक ज्ञान डॉ.
9	सभी लोगों से कल्याणकारी पवित्र वाणी बोलूँ	महापराक्रम और वीरता से युक्त मनुष्य संगठित रहे।
15	सरकार ने यह कदम स्वीकार कर लिया है कि सरकार के पतन की पहली यात्रा में असफलता के भाजपा के सामने कोई भी कदम नहीं उठाया गया है।	सरकार ने यह कदम सरकार के पतन के पहले प्रयास में असफल भाजपा के आगे उठाया है।
20	कुल्लू-निवासी रीनादेवी ने भी दूध के बिक्री मूल्य को लगभग R2 मिलियन बढ़ाने के लिए राज्य सरकार की आभारी है, उन्होंने कहा कि इससे लगभग R2 मिलियन की बढ़ोतरी हुई है।	कुल्लू-निवासी रीनादेवी ने भी दूध खरीदने की कीमत को छह रुपये बढ़ाने के लिए राज्य सरकार का आभार व्यक्त किया, उन्होंने कहा कि इससे उनकी आय में लगभग 4,500 रुपये की वृद्धि हुई है।
6	वो हमारे राष्ट्रीय सलाहकार समिति के अध्यक्ष हैं	वह हमारी राष्ट्रीय सुरक्षा सलाहकार समिति के अध्यक्ष हैं।
10	कुएँ से जल लाया हूँ, इसलिए वह शुद्ध ही है।	मैंने कुएँ से पानी लाया है, इसलिए वह शुद्ध ही है।
4	क्या मुझ पर गुरु की कृपा नहीं है?	क्या मुझ पर गुरु की कृपा नहीं है?
12	आठ भी बटेर खोलेंगे, अप्रैल तक हिमाचल में हंस फाउंडेशन संस्थान का कुल बटेर होगा।	आठ भी मात्राएँ खुलेंगी, अप्रैल तक हिमाचल में हंस फाउंडेशन संस्थान की कुल संख्याएँ होंगी।
10	अध्ययन के बिना स्वान्तःकरण की अज्ञानता, अन्धकारत्व को कभी नहीं समाप्त करना चाहिए ।	अध्ययन के बिना आत्मसंयम की अज्ञानता, अंधेरा या कभी भी दूर नहीं होना चाहिए।
1	राजा का कर	भाग्य
3	यह ऐतिहासिक वृद्धि है।	यह ऐतिहासिक वृद्धि है।
4	भगवान् धन्वन्तरिने उनसे कहा कि तुम्हारा आगमन बहुत श्रेष्ठ है	भगवान् ने कहा आपका स्वागत है।
9	पुत्री – नहीं पिताजी ! आज तो रविवार है।	पुत्री-नहीं पिताजी! आज तो रविवार है।
20	उन्होंने कहा कि अगर कांग्रेस सरकार द्वारा इस संकुल के निर्माण को मुख्य रूप से शामिल किया जाए तो इस संकुल का उद्घाटन बहुत पहले होगा।	उन्होंने कहा कि अगर कांग्रेस सरकार ने इस गुफा का निर्माण पूरा कर लिया तो इस गुफा का उद्घाटन बहुत पहले किया जाएगा।
9	इस यात्रा में मुख्यमंत्री के साथ सरकार के प्रमुख अधिकारी भी आएँगे।	इस दौरे में मुख्यमंत्री के साथ सरकार के शीर्ष अधिकारी भी उपस्थित होंगे।
7	5 तीव्रता दी गई है। किसी जानमाल के नुकसान की सूचना नहीं है.	दिल्ली में 5 तीव्रता का अनुभव हुआ. जानमाल के नुकसान की सूचना नहीं दी गई.
7	उस बालक को देख वह कैसे दौड़ता है।	उस बालक को देखो। वह कैसे भुगतान करता है?
4	शानचन्द प्रेम से उत्तर देता है।	शानचन्द प्रेम से उत्तर देता है।
4	वर्ष में पद्मभूषण से सम्मानित था।	वर्ष में पद्मभूषण से सम्मानित थे।
8	ऋतु नेगी ने आज सब युनियों को प्रेरणा दी।	ऋतु नेगी आज सबके लिए प्रेरणा देने वाली बन गई है।
10	वह सुनकर क्रोधित कछुआ बोला- “क्या मैं मुर्ख हूँ? उत्तर नहीं दूँगा।	यह सुनकर क्रोधित कछुआ बोला-"क्या मैं मूर्ख हूँ? उत्तर नहीं दूँगा।
5	वहाँ दो छोटे बच्चे नानायातना से पीडित थे।	वहाँ दो छोटे बेटे ननया से पीड़ित थे।
6	जब बैठक होती है तब युवतियाँ आते हैं।	जब सेमिनार होता है तब युवतियाँ आती हैं।
6	भ्रष्टाचार के कारण राजकोष में एक करोड़ से अधिक रुपये का नुकसान हुआ।	भ्रष्टाचार के कारण राजकोष में 60 लाख रुपये से अधिक एक करोड़ रुपये की हानि हुई।
1	गांव को	गाँव
12	जैसे सब ओर से परिपूर्ण अचल प्रतिष्ठा वाले समुद्र में (अनेक नदियों के) जल (उसे विचलित किये बिना) समा जाते हैं? वैसे ही जिस पुरुष के प्रति कामनाओं के विषय उसमें (विकार उत्पन्न किये बिना) समा जाते हैं? वह पुरुष शान्ति प्राप्त करता है? न कि भोगों की कामना करने वाला पुरुष।।	जिस प्रकार समुद्र की सीमा में प्रवेश करने वाले समुद्र की स्थिति को पूरा करने वाले समुद्र की सीमा में प्रवेश करने वाले समुद्र की सीमा में प्रवेश करने वाले समुद्र की सीमा में प्रवेश करने वाले समुद्र की सीमा में प्रवेश करने वाले समुद्र की सीमा में प्रवेश करने वाले समुद्र की सीमा में प्रवेश करने वाले समुद्र की सीमा में प्रवेश करने वाले समुद्र की सीमा में प्रवेश करने वाले समुद्र की सीमा में प्रवेश करने वाले समुद्र की सीमा में प्रवेश करने वाले समुद्र की
9	वैभव – अरे परमिन्दर्! क्या तुम भी बिजली के अभाव से पीड़ित होकर बाहर आ गए हो?	वैभव-अरे परमेन्दर! तुम भी बिजली के भाव से पीड़ित होकर बाहर आ गए हो?
8	इस में महिला, यून, किसान, और निर्धन परिवार शामिल हैं।	इसमें महिलाएँ, यून, किसान, निर्धन परिवार भी शामिल हैं।
4	पहले मेरा काम पूरा करिये	पहले मेरा काम समाप्त करिये।
1	डालियाँ	शाखाएँ
8	इंदौर में एक के साथ बात करनी थी ।	इंदौर में एक के साथ बात करनी थी।
6	बच्चे के साथ बगीचे भी कार से जाते हैं।	बालक के साथ उद्यान भी कार से जाते हैं।
1	नहीं	नहीं
4	थोड़ा योगाभ्यास भी करिये।	थोड\u093Cा योगभ्यास भी करिये।
5	अनुचित कर्म का फल अनुचित ही होता है।	अनुचित कर्म का फल अनुचित ही होता है।
22	विषाद से पीड़ित अर्जुन को देखकर श्रीकृष्ण कहते हैं कि- हे अर्जुन ! इस युद्ध में तुम जो कुछ भी देख रहे हो, वह सब निश्चित ही है तुम केवल क्षत्रिय धर्म का अनुसरण करो।	विषादग्रस्त अर्जुन को देखकर श्रीकृष्ण कहते हैं कि-हे अर्जुन! इस युद्ध में तुम जो कुछ भी देखते हो वह सब निश्चित है तुम केवल क्षत्रिय धर्म का अनुसरण करो।
5	हंस बोले- “ यह उपाय हो सकता है |	दोनों हंस बोले-"यह उपाय सम्भव है।
8	द्वारकाधीश होकर भी जो गौओंके चरानेवाले हैं तथा राजराजेश्वर होते हुए भी जो पार्थके सारथी बने हैं [उन अद्भुतकर्मा] परमेश्वर भगवान्को नमस्कार है ॥	श्रीद्वारकेश और गौओं को नमस्कार है। हे पार्थसारथ! हेमराजेश्वर! आपको नमस्कार है॥
6	एक विदेशी भारत के एक घर में जाता हैं ।	एक विदेशी व्यक्ति भारत में एक घर गया।
6	आप उस दिन क्यूँ नही आये?	उस दिन आप क्यों नहीं आए?
9	कीचड़ के मरने की खबर सुनकर उसने विराट से शोक करने का सोचा।	कीचड़ के मरने की खबर सुनकर उसने विराट से बदला लेने का विचार किया।
1	गड्डा।	गाड़ी
6	वृद्ध बालों के लिए प्रेतकार्य नहीं करते थे।	वृद्ध बालकों के प्रेत कार्य नहीं करते थे।
1	फिर से	आप
9	प्रशासन का परिस्थितिजन्य संबंध-ग्रेटा ने मामले पर अनसुलझी सुनवाई के खिलाफ काउंटी अदालत में याचिका दायर की।	प्रशासन की स्थिति से जुड़ा हुआ-ग्रेटा ने मामले पर उत्तर देने की याचिका के खिलाफ जिला स्तरीय कोर्ट में याचिका दायर की।
10	विद्वान कहते हैं की शिक्षा, व्याकरण, छन्द, निरुक्त, ज्योतिष, कल्प वेदों के छः अंग होते है।	विद्या, व्याकरण, छंद, निरुक्त ज्योतिष, कल्प का जल, वेद का कर्मनिषी लोग।।
9	ये दिलचस्प खबरें हैं-विपक्ष के नियमों का पालन कर रहे हित समाचार संगठन, सोशल मीडिया और यूजर्स पर लगेगा जुर्माना.	इन ब्याज समाचारों को-विरोध नियमों के अनुसार ब्याज समाचार संगठनों को, सोशल मीडिया का उपयोग करने वालों को दंड दिया जाएगा।
5	उनके विमान को राइट ब्रदर्स ने खरीद लिया।	उसका विमान राइट भाइयों ने खरीदा था।
39	नई दिल्ली में श्रम कार्य में युव महिलाओं के साथ आयोजित एक राष्ट्रीय सलाह-समूह को संबोधित करती हुई आहू महिला-व्यवसाय में नवीनतम और अधिक श्रम-व्यवसाय सर्वेक्षण की रिपोर्ट के उपलेप के साथ-साथ कहा कि जैसे-जैसे देश की जनसंख्या बढ़ती है, भारत में भी प्रतिद्वन्द्वी, प्रेरित किया गया, और परिश्रम को करने वाली महिलाओं की कार्यबल को बढ़ाना आवश्यक है-	नई दिल्ली में श्रम कार्य में युवा महिलाओं के लिए एक राष्ट्रीय सलाह-प्रस्ताव को संबोधित करते हुए आहूजा महिला-श्रम-कार्य में नवीनतम आवधिक श्रम-कार्य सर्वेक्षण के विवरण को रेखांकित करते हुए उन्होंने कहा कि जैसे-जैसे देश की जनसंख्या बढ़ती जा रही है, भारत में भी प्रतिभा से युक्त, प्रेरित और मेहनती महिलाएँ-कार्य बल की पांचवीं प्रतिशत वृद्धि आवश्यक है।
10	उसके बाद तो सरकार से अनुदान मिलने की जो आशा थी, वह भी धूल में मिल गयी।	उस समिति द्वारा प्रस्तुत रिपोर्ट में देवपुर के गुरुकुल पर मारवंतक प्रहार का निर्देश दिया गया है।
8	एक मिनट की भी देरी होती तो मैं निकल जाता ।	एक मिनट भी देर हो जाए तो मैं चला गया।
3	तीस वर्षों से पढ़ा रहा है ।	तीस वर्षों से पढ़ाते हैं।
14	विभाग ने सिवान नगर में, छपारा नगर में, गोपालगंज नगर में, मोतिहारी नगर में, बेतिया नगर में, वैशाली नगर में, मुजफ्फरपुर ने शीत लहर के बारे में अलर्ट जारी किया है।	विभाग ने सिवान शहर में, छपर शहर में, गोपालगंज शहर में, मोतिहारी शहर में, बेतिया शहर में, वैशाली शहर में, मुजफ्फर के लिए ठंडी लहर के बारे में अलर्ट जारी कर दिया है।
2	तुम सब खाते हो।	तुम सब खाते हो।
6	वहीं तेलंगाना राज्य में कांग्रेस ने विजय पाई।	वहीं तेलंगाना राज्य में कांग्रेस ने जीत हासिल की.
17	संसद में भी, विधानसभा में महिलाओं के आरक्षण के बारे में विधेयक को कई वर्षों से लटकाये जाने के कारण श्री मोदी ने दो coalitions पर आलोचना की।	संसद और विधानसभा में महिलाओं के आरक्षण के बारे में विधेयक वर्षों से लटका हुआ है, इसके कारण मोदी ने दोनों दलों की आलोचना की।
15	यदि पशु मुक्त हो जाए तो इस चीत्कार से मालिक, गाँव और टुकड़े का नाम भी ज्ञात होगा।	यदि पशु मुक्त हो जाता है तो हमारे चिप से मालिक, गाँव का और टुकड़े का नाम जाना जाता है।
10	महापौर के लिए भाजपा ने कुल मिलाकर वोट लिया, बीजेपी को मार गया.	महापौर के लिए भाजपा ने आहत्य मत प्राप्त किया, और गठबन्धनों से मर गया।
7	बुधवार को सेंसेक्स कमता के साथ खोला गया	बुधवार को सेंसेक्स कम से कम खुल गया।
1	बैल	कौआ
6	रात साढ़े तीन बजे दो चोर घर में घुसे।	रात साढ़े तीन बजे दोनों चोर घर में घुस गए।
16	वर्गाधिकारी आईआईटी रूडकी से सेवानिवृत्त प्रोफेसर दिनेश कुमार ने यह आग्रह किया कि संस्कृत एक व्यवहारिक भाषा हो।	वर्ग अधिकारी आईआईटी रुडकी से सेवानिवृत्त प्रो दिनेश कुमार ने आग्रह किया कि संस्कृत व्यावहारिक भाषा हो।
3	उन्होंने भयंकर कष्टों को सहन किया।	वे भयंकर कष्ट सहन नहीं कर सके।
14	कार्यक्रम में निर्देशक विकास जायसवाल, निर्देशिका जगदम्बा जायसवाल ने बच्चों को उपहार भी दिया।	कार्यक्रम में निर्देशक विकास जयसवाल, निदेशक जगदम्बा जयसवाल ने बच्चों को उपहार भी दिया।
10	उसके बाद तो सरकार से अनुदान मिलने की जो आशा थी, वह भी धूल में मिल गयी।	उस समिति द्वारा प्रस्तुत रिपोर्ट में देवपुर के गुरुकुल पर मारवंतक प्रहार का निर्देश दिया गया है।
8	! हे राम फेंकने पर वह सिर वहाँ से एक योजन दूर मुनियों के आश्रममण्डल में मतङ्ग ऋषि के आश्रम के पास आकर गिरा ॥	यह राम माता के आश्रम के समीप गिर पड़े। यह योजना उनके मुननेरा आश्रम में रची गई थी॥
13	हे अनन्तसार्मथ्य वाले भगवन्! आपके लिए अग्रत: और पृष्ठत: नमस्कार है, हे सर्वात्मन्! आपको सब ओर से नमस्कार है। आप अमित विक्रमशाली हैं और आप सबको व्याप्त किये हुए हैं, इससे आप सर्वरूप हैं।।	हे सर्वश्रेष्ठ! आपके सामने ही नमस्कार है, आपके पीछे ही नमस्कार है, इसलिए आप अनन्त, पराक्रम, विक्रम और अन्य सभी कार्यों को समाप्त करते हैं।।
11	हे राम! ऐसा होने पर मुझे असत्य भी नहीं छू सकेगा। यह कहकर राजा दशरथ दुःखी होकर विलाप करने लगे ॥	हे रघुनाथ! ऐसा न हुआ तो मुझे स्पर्श नहीं किया। ऐसा कहकर दुःख से व्याकुल होकर राजा विलाप करने लगे॥
2	जहाँ कहीं भी	कहीं भी
11	समाज को दिशा देने के लिए बर्थवाल ने चारों ज्ञान शरण लेने के बाद कहा कि वह गुणहीन को सच कर सकता है।	समाज को दिशा देने के लिए बर्थवाल ने चार ज्ञानश्री मार्ग अपनाकर निर्गुण साधु कहा।
6	कल उस पहरेदार ने चोर को बहुत मारा	उस द्वारपाल ने चोर को बहुत पीटा।
10	राज्य में प्राकृतिक विपत्ति से पाठ लेकर सरकार इस विषय में योजना बनाती है।	राज्य में प्राकृतिक आपदा से पाठ लेकर सरकार इस मुद्दे पर योजना तैयार कर रही है।
18	नरेंद्र मोदी के नेतृत्व में दसवीं वर्ष तक भारत को दुनिया का सर्वश्रेष्ठ देश बनाने का काम शुरू हो गया है, हम सभी के साथ मिलकर यह पूरा किया गया है।	नरेंद्रभाई मोदी ने वर्ष तक भारत को विश्व का सर्वश्रेष्ठ राष्ट्र बनाने का काम शुरू कर दिया है, हमें सभी के साथ मिलकर उसे पूरा करना चाहिए।
5	केरल में पर्व का नाम बिशु है।	केरल प्रदेश में पर्व का नाम बिशु है।
22	केरल-केएसटीएएफ नेताओं ने कहा कि सरकार द्वारा आयोजित परीक्षा पर आधारित परीक्षा छात्रों के लिए बहुत फायदेमंद होगी।	केरल-केएसटीएएफ के नेताओं ने कहा कि सरकार द्वारा आयोजित परीक्षा के आदर्श रूप में यह परीक्षा छात्रों के लिए बहुत ही लाभदायक है।
4	हम दोनों कार्यकर्ता हैं।	हम दोनों कार्यकर्त्ता हैं।
5	बिना देर किए तेल ईंधन-और वितरण केंद्र बंद हो गया.	बिना देर किए ईंधन वितरण केंद्र बंद कर दिया गया।
9	एक बार श्रीकण्ठ उसके साथ सवेरे नौ बजे उसके घर गया।	एक बार श्रीकण्ठ उसके साथ सुबह नौ बजे उसके घर गया।
10	भगवान ने नारद से कहा - नारद, पृथ्वी पर मेरा एक परम भक्त है	भगवान नारद ने कहा-हे नारद! भूतल में मेरा एक परम भक्त है।
18	जयराम ठाकुर ने कहा कि माफिया का इस प्रकार का शक्तिशालिनी होना न वर्तमान के लिए हितकारी है और न राज्य के भविष्य के लिए हितकारी है।	जयराम ठाकुर ने कहा कि माफिया के इस प्रकार शक्तिशाली होने से न वर्तमान के लिए और न राज्य के भविष्य के लिए हितकारी होता है।
8	उन्हें भारतीय ओलंपिक संघ के नेतृत्व के लिए निर्विरोध चुना गया।	वह भारतीय ओलंपिक संघ के नेतृत्व में प्रतियोगिता के बिना चुनी गई हैं।
6	सदा सच बोलो, झूठ नहीं ।	हमेशा सच बोलो असत्य नहीं।
6	यह भगवान शेष का अवतार है ऐसा मान्यता है।	यह भगवान् शेष का अवतार माना जाता है।
1	निर्धारित कर	विद्वान
7	सौ लीटर-गोपथ औरब्राह्मण में पुराण काल्लेख उपलब्ध है, जिसकी लोकप्रियता का अनुमान किया जा रहा है।	शतपथ-गोपथ ब्राह्मण में भी पुराणों का चित्र मिलता है, जिसकी लोकप्रियता का अनुमान किया जाता है।
5	और उष्ण तथा शीतकी अधिकतासे आग्नेय तथा सौम्य द्विविधात्मक जगत् है ॥	अग्नि दो प्रकार की होती है और वह सौम्य होती है।
9	इसके लिए उत्तर प्रदेश प्रशासन इस दिशा में कार्यों में सफल रहता है।	इसके लिए उत्तर प्रदेश प्रशासन इस दिशा में काम अच्छी तरह से कर रहा है।
4	सभी वैसे ही हो गए।	सभी लोग वैसे ही हुए।
1	कोड़ा	हत्या
27	इस प्रधानमंत्री कार्यक्रम में पश्चिम बंगाल के राज्यपाल डॉसी.वी. आनंद बोस राज्य विधानसभा में विपक्षी नेता सुवेनदु, अधिकारी राज्य मंत्री शान्तनु ठाकुर, सांसद जगन्नाथ सरकार भारतीय जनता पार्टी के राज्य अध्यक्ष सुकांतो और मजूमदार उपस्थित थे।	इस प्रधानमंत्री कार्यक्रम में पश्चिम बंगाल के राज्यपाल डॉ. <सी.वी]. आनन्द बोस राज्य-विधानसभा में विपक्ष के नेता सुवेन्दु-अधिकारी राज्य मंत्री शत्रुघ्न ठाकुर, सांसद जगन्नाथ सरकार, भारतीय जनता पार्टी के प्रदेश अध्यक्ष सुकन्तो-मजूमदार भी उपस्थित थे।
3	जनजीवन अस्तव्यस्त हो गया है।	जीवन अस्त हो गया।
6	वे छात्र फिर से लिखते हैं तब	वे छात्र फिर से लिखते हैं तब...
9	वेद, स्मृति, सदाचार और अपनी आत्माको प्रिय लगनेवाला यह चार प्रकारका धर्मका साक्षात् लक्षण कहा गया है	वेद, स्मृति, सदाचार, अपने आपको प्रिय मानने वाला, यह इस प्रकार के प्रत्यक्ष धर्म का लक्षण है।।
6	अनेक बार मुगल राजा महाराणा प्रताप से पराजित हुए।	कई बार मुगल राजा महाराणा प्रताप से पराजित हुए।
10	सब धर्मों का परित्याग करके तुम एक मेरी ही शरण में आओ, मैं तुम्हें समस्त पापों से मुक्त कर दूँगा, तुम शोक मत करो।।	सब धर्मों को छोड़कर मुझ पर एक ही शरण लो। मैं तुमसे कहता हूँ कि तुम सब को मुक्त करूँगा, मत कह।।
9	बाज की छाल के चूर्ण से (जल्दी से) बाज की छाल को चूर्ण कर लेना चाहिये । इस चूर्ण को चूर्ण कर देना चाहिये । इस चूर्ण को चूर्ण कर देना चाहिये । इस चूर्ण को चूर्ण कर देना चाहिये । चूर्ण कर देना चाहिये ।	हनुमान की प्रशंसा करने वाले वानरश्रेष्ठ सुषेण ने उससे सारी औषधि लेकर ली।
4	विशाल शिव मन्दिर कहाँ है ?	विशाल शिव मंदिर कहाँ है?
1	गरुड़	ग्रीवा
11	बेटे ! दुकान जाकर नमक, चीनी, चावल, गुड़ और दाल लाना।	बेटा, बाज़ार जाकर नमक, चीनी, चावल गुड़ और दाल लाओ।
3	गायें बन में चरा।	गा वन में चराइये।
8	श्रम थकावट ग्लानि (दुःख) प्यास शीत (जाड़ा) उष्णता (गर्मी) आदि सहने की शक्ति व्यायाम से ही आती है और                           परम आरोग्य अर्थात् स्वास्थ्य की प्राप्ति भी व्यायाम से ही होती है ।	श्रम, क्लान्ति, प्यास, गर्मी, ठण्ड आदि सहनशीलता और स्वास्थ्य भी परम व्यायाम है।
4	अभिषेकमनुशवी कांगग्रेस के राष्ट्रीय प्रवक्ता हैं।	अभिषेक मनुसिंहवी कांग्रेस के राष्ट्रीय प्रवक्ता हैं।
22	मंगलवार तक, चंपा जिले के पांगड़ी जनजातीय क्षेत्र में निरन्तर बर्फबारी के बाद, लगभग 6 इञ्च में नया हिमपात हुआ है। इस कारण, क्षेत्र में भारी बर्फबारी चल रही है।	मंगलवार रात तक चम्बा जिले के पाङ्गी जनजातीय क्षेत्र में लगातार बर्फबारी के बाद, उपत्यका के प्रमुख किला में लगभग 6 इंच तक नया बर्फबारी हुई, इसके कारण इस क्षेत्र में तीव्र ठंड की लहर चल रही है।
3	पुण्य कर्मों से व्यक्ति पुण्यलोक को प्राप्त करता है।	पुण्य से पुण्यलोक को जीतता है।
9	महानिरीक्षक प्रज्ञता (आईजी इंटेलिजेंस) संतोष पिलायाल अधिकारी परिषद के अध्यक्ष नियुक्त हैं।	महानिरीक्षक प्रज्ञान (डीजी इंटेलिजेंस) संतोष पटियाला को अधिकारी परिषद का अध्यक्ष नियुक्त किया गया है।
5	कल वह बहुत उग्र हो गया था।	कल वह बहुत उग्र हो गया।
7	उपवास के समय भी वह काम तो करेगा ही।	उपवास के समय भी वह काम तो करेगा ही।
3	उचित शब्दों से रिक्त स्थानों को भरो	उचित शब्दों से रिक्त स्थानों को पूरा करो
4	रास्ते में भी संस्कृत सम्वाद होता है।	रास्ते में भी संस्कृत सम्वाद होता है।
11	केंद्रीय सरकार की, राज्य सरकार के केन्द्र शासित प्रदेशों के विभिन्न विभागों में इन लोगों को नियुक्त किया जा रहा है.	केंद्र सरकार, राज्य-सरकार और केंद्र शासित प्रदेशों के विभिन्न विभागों में ये नियुक्तियाँ कर रही हैं।
3	वृक्ष के ऊपर पक्षी शब्द करते हैं।	वृक्ष पर पक्षी चिल्लाते हैं।
10	व्याकरण एक कठिन विषय है फिर भी उनके व्याख्यान में पतञ्जलिना की शैली संवादात्मक थी।	व्याकरण कठिन विषय है फिर भी उनके व्याख्यान में पतंजलि द्वारा प्रयुक्त शैली संवादात्मक है।
7	पर्वत से समतल तक के क्षेत्र तीव्र ठंड के ग्रहण में होते हैं।	पर्वत से समतल तक के क्षेत्र तीव्र ठंड के ग्रहण में होते हैं।
5	इसके लिए जागरूकता अभियान की भी आवश्यकता है।	इसके लिए जागरूकता अभियान की भी आवश्यकता है।
4	छात्र कहाँ प्रवेश करता है ?	छात्र कहाँ प्रवेश करता है?
6	हाथ के छू से तुम लग गई हैं, अब यह दृश्य और भी सुप्यता हो रहा है।	हाथ के स्पर्श से तुम्हें प्यार हो जाता है, सुप्यता का यह दृश्य इस प्रकार दिखता है।
8	राजा बोला- हे मनुष्य तुम नहीं जानते मैं कौन हूं।	राजा ने कहा-पुरुष, तुम नहीं जानते हो मैं कौन हूँ।
1	तीन	तीन
4	मूत्रके क्षयमें वस्तिस्थान में दरद ( पीडा) और अल्प सूत्र हो ॥	सूतकी क्षीणता होनेपर अति अल्प मूत्र होता है॥
8	लोक की प्रसिद्धि के लिए इस व्याकरण शास्त्र द्वारा शब्द का प्रयोग किया जाता है।	लोकप्रसिद्ध अर्थ के लिए शब्द में प्रयोग किए जाने वाले इस व्याकरणशास्त्र द्वारा धर्मप्रद नियम किया जाता है।
8	उसके कारण उस पर रसायन का प्रभाव नहीं रहता है	उससे रसायन का प्रभाव उसके शरीर में नहीं होता है।
1	वह सुनकर	सुनकर
3	इन्द्रगोप ( वीरबहूटी ) मण्डूक आदि तथा अनेक पार्थिव कृमिआदि उद्भिज कहलाते हैं ॥	इन्द्रगोपमण्डूक आदि उग गये हैं॥
9	"वैसा ही है, कोई फर्क नहीं", ऐसा वह जवाब में बोला ।	"वैसा ही है। विशेष नहीं" उसने उत्तर दिया।
10	मुख्यमंत्री ने कहा कि जो सरकार से प्रश्न करते हैं वे कृष्णोपनेत्र पहनते हैं।	मुख्यमंत्री ने कहा कि जो सरकार से प्रश्न करते हैं वे कृष्णपत्र पहनते हैं।
14	विदेश में विद्या ही मनुष्य की सच्ची मित्र होती है, घर में अच्छे स्वभाव वाली और गुणवती पत्नी ही मनुष्य की सबसे अच्छी मित्र होती है। रोगी व्यक्ति की मित्र दवाई है और जो मनुष्य मर चुका है उसका धर्म-कर्म ही उसका मित्र होता है।	विद्या प्रवास में मित्र होती है, पत्नी घर में मित्र होती है, बीमार व्यक्ति की औषधि मित्र होती है और मरा हुआ व्यक्ति धर्म में मित्र होता है।
21	सज्जनोंकी संगति पुरुषोंके लिये दोनों लोकोंमें शुभकी प्राप्ति करानेवाली है, दु:ख-दलनमें दक्ष है, भला वह कौन-सा निर्मल फल नहीं दे सकती ? वह चित्तकी तृष्णा और मदको शान्त कर देती है, ज्ञानका आविर्भाव करती है, नीतिको जन्म देती है, विपत्तिका क्षय और सम्पत्तिका संचय करती है ॥	तृष्णारहित करनेमें मदको शान्त करता है, ज्ञानको नष्ट करता है, नीतिको नष्ट करता है, विपत्तियोंको नष्ट करता है और धनसम्पत्तिको इकट्ठा करता है, मनुष्योंके लिए लोकका दूसरा शुभ साधन है, सज्जनोंका संग है, कोई फल नहीं है, दुःखको दूर करनेमें मोक्ष है॥
1	बिना	जाना
9	यात्रा के शुरू होने के बाद उज्जवल योजना के साथ-चारो तरफ नए अनुभव प्राप्त किये गये।	यात्रा के शुरू होने के बाद उज्ज्वला योजना को डेढ़-चार करोड़ नए-वेदनाएँ मिलीं।
7	नालीयों और तालाबों की छते में इमारतें नष्ट हो गईं।	नालिकाओं और उपनदों के किनारे पर इमारतें क्षतिग्रस्त हो गईं।
4	वह भारतीय युवक है।	वह भारतीय युवक है।
9	आज तुम लोगों के साथ रमेश नहीं आयेगा ऐसा है न ?	आज रमेश तुम्हारे साथ नहीं आ रहा है। ऐसा नहीं है?
4	पुत्र – बस यूँ ही ।	पुत्र-ऐसा ही।
16	निशाचर रावण तो वज्रह उस वृत्रासुर के समान रथ से भूमि पर गिर पड़ा, उसके हाथ से धनुष और बाण गिर गए।	निशाचर रावण तब वज्रश्रेष्ठ धृतराष्ट्र की तरह रथ से भूमि पर गिर पड़ा, उसके हाथ से धनुष और बाण गिर गए।
4	वह कहाँ जा रही है ?	वह कहाँ जा रही है?
4	और ऊँचे वृक्षों (लकडियों) से रहित वनों को (तृप्त करके)	और जानबूझकर विधुरों को।
1	छोटी बुद्धि के उन लोगों के	अल्प बुद्धि वाले
8	वह जो सेव बेचती है वो बहुत मीठे हैं।	वह जो सेवन बेचती है वे बहुत मीठे हैं।
7	पुनः हिमाचल में उत्सव का मौसम बन गया है।	पुनः हिमाचल में उत्सव का मौसम बन गया है।
6	अर्जुन ने उन शरणा को रोकने में असमर्थ थे।	अर्जुन उन शरों का प्रतिकार नहीं कर सका।
18	करमुक्ति, सभी वर्गों के लिए मित्रपूर्ण, कुछ नई योजनाएँ, कैसे भी आश्चर्यजनक विवरण अब हर आयव्ययक का यही सार है ।	करमुक्त, सभी वर्गों के लिए मैत्रीपूर्ण, कुछ नई योजनाएं, कुछ आश्चर्यजनक विवरण अब प्रत्येक आयव्ययक का यही सार होगा।
4	एक बच्ची गणेशमंडप जाती है।	एक बच्ची गणेश मंडप जाती है।
4	चेक गणराज्य में दौड़ स्पर्धा चल रही है।	चेक गणराज्य में दौड़ने की स्पर्धा चल रही है।
13	यादव ने अपने सम्बोधन में कहा कि यह मंडप पर्यावरण की दृष्टि से भारत की प्रतिबद्धता का प्रतीक है।	यादव ने अपने सम्बोधन में कहा कि यह मंडप पर्यावरण की दृष्टि से स्थायी मार्गों के प्रति भारत की प्रतिबद्धता का प्रतीक है।
7	जो निःसंकोच बोलता है वह ही सफल होता है ।	जो निःसंकोच बोलता है वही सफल होता है।
9	श्रीफ्रांस की संख्या अंकीय-सार्वजनिक-समूह की संरचना-विषय पर गोल-मोटा-वह मन्त्रण सत्र में भी सम्मिलित होंगे।	श्रीफ्रांसिस अंकीय-सार्वजनिक-आधारभूत संरचना-विषय पर गोल-मंच-मंत्रणा में भी शामिल होंगे।
4	गुणजी  एक बकरी को दुहता है।	गुणजी एक बकरी को दुहता है।
3	छात्र उत्तर लिखेगा।	छात्र उत्तर लिखेगा।
1	खराब	नष्ट
1	शिष्य	छात्र
7	जो मेरे दोषों को दूर करते हैं वे मेरे गुरु हैं	जो मेरे दोषों को दूर करते हैं वे मेरे गुरु हैं।
6	सुबह तीन बजे वह सोया।	सुबह तीन बजे वह सोया।
11	मुख्यमंत्री सुखविंदर सिंह सुक्ख दो दिवसीय कार्यक्रम में दिल्ली के लिए शीर्ष नेताओं से बैठकर मुलाकात करेंगे।	मुख्यमंत्री सुखविंदर सिंह सुक्खू दो दिनों के भीतर दिल्ली जाकर शीर्ष नेताओं से मिलकर कार्यक्रम में उपस्थिति का निमंत्रण देंगे।
9	उन्होंने भी उस नाई की बांधकर मरने से बचे हुए  क्षपणकों के साथ न्यायालय में ले आए।	तब भी वह नाई बाँधकर मरे हुए के साथ धर्मस्थाना ले जाया गया।
6	नामों ने भी गोलियां बजाने शुरू कर दी हैं।	और नामों को गोली मारने लगे।
6	चिन्तपूर्ण मंदिर में लंगर प्रसाद के ऑनलाइन दर्शन सुविधाएं शुरू हो गई हैं।	चिन्तपूर्णी मंदिर में लंगर प्रसाद और ऑनलाइन-आरक्षण की सुविधा शुरू हो गई है।
3	बिल में हजार से अधिक चींटियाँ रहती हैं	बिल में हजार से अधिक चींटियाँ रहती हैं।
9	यह अरुणाचल राज्य से भारत में प्रवेश करता है और असम में और बांग्लादेश में फैलता है।	यह अरुणाचल राज्य से भारत में प्रवेश करता है और असम राज्य और बांग्लादेश में प्रवाहित होता है।
10	उन्होंने कहा कि राज्य सरकार दिसंबर को एक वर्ष पूर्ण करने की जा रही है.	उन्होंने कहा कि राज्य सरकार दिसंबर को एक वर्ष पूरा करने जा रही है।
8	शनिवार सुबह हाड़ी समुदाय के कई लोगों को सचिवालय के मुख्य सचिव समिति में शामिल किया गया।	शनिवार दोपहर हाड़ी समुदाय के बहुत से लोग सचिवालय के मुख्य सचिव समिति कक्ष में पहुंचे।
9	इला – चिंता मत करिये भैया ! अब चित्र ले लीजिये।	इला-चिन्ता मत करो भाई! अब चित्र ले लो।
4	मेरे द्वारा पुस्तक पढ़ी जानी चाहिये ।	मुझे पुस्तक पढ़नी चाहिये।
1	कवर	समाहित
8	जब वह हृदय के स्थान पर ही रहता है तब नामरूपी फल मिलते हैं।	जब वह हृदय स्थान पर ही रहता है तब नाम के रूप मिल जाते हैं।
5	उसके पिता अस्वस्थ हैं।	उसके पिता बीमार हैं।
3	यह मधुमक्खी निर्माण करती है।	वह मधुमक्खी पैदा करे।
4	सब मिलकर खाना खाते हैं।	सब मिलकर भोजन करते हैं।
10	उसी प्रकार वह षष्ठ हिंसक है, जो इस मांस को खाने के लिए परोसता है।	उसी प्रकार वह छठा हिंसक है, जो मांस खाने के लिए परोसता है।
3	ऐसा सुनकर अजीज सफल हुआ।	अजीज सफल था।
3	वह वाशिंग मशीन चलाती है।	वह वाशिंग मशीन चलाती है।
1	देखो, ठहरो	देखो
15	और उन्हीं बाबागुरूजी से पढ़कर, कवित्त्व की आकाङ्क्षा रखने वाले इस शतक का विधान (रचना) करने का, मेरा यह प्रयास है, क्योंकि मनुस्मृति में भी कहा गया है कि गुरुओं में बढ़ी हुई श्रद्धा, निश्चित रूप से फलवती होती है।	अतः यह सोचकर ही मैं एक सौ कवियों को बनाने का प्रयत्न कर रहा हूँ। इस प्रकार मनस्मृति को प्राप्त करने के लिए मेरी श्रद्धा गुरुओं में बढ\u093C गई है।
8	संस्कृत भारती के अखिल भारतीय सचिव पी.एसकार्यक्रम का उद्घाटन नंद कुमार करेंगे.	संयुक्त भारत के अखिल भारतीय सचिव पी. एस नन्द कुमार कार्यक्रम का उद्घाटन करेंगे।
6	करतारपुर की स्थापना भी गुरुनानक जी ने ही की ।।	रेलमार्ग की स्थापना भी गुरुनानक ने ही की।
15	शाम को डॉ. राजीव बिन्दल ने कहा कि भारतीय जनता पार्टी के तीन प्रमुख राज्यों में बड़ी जीत ने देश भर में भाजपा का समर्थन किया।	शाम को डॉ. राजीव बिंदल ने कहा कि भारतीय जनता पार्टी की तीनों बड़े राज्यों में भारी जीत ने देश का पूरा वातावरण भाजपा के लिए सार्थक कर दिया है।
6	धन्यवाद पिताजी कल पैसा ले जाऊँगा ।	धन्यवाद पिताजी! कल धन ले जाऊँगा।
4	तुम सब ने लौकी का हलुआ पकाया।	तुम सब ने आलू का रस निकाल दिया।
13	रूस द्वारा यूक्रेन के साथ युद्ध छेड़ने के दो सौ दिन बाद पलटवार और जवाबी कार्रवाई की खबरें सामने आ रही हैं.	यूक्रेन के साथ रूस के युद्ध के दो सौ दिन बाद जवाबी हमले और जवाबी कार्रवाई की खबरें सामने आ रही हैं।
1	ज़ेवर	रत्न
3	वे राष्ट्रगीत गाती हैं।	वे राष्ट्रगीत गाती हैं।
5	इस मौके पर छात्रों ने भाग लिया।	इस अवसर पर छात्रों ने भाग लिया।
10	परन्तु तत्त्वज्ञानी पुरुष सभी रूपों में केवल तुम ही देखते है'यह अच्छा है।	परन्तु तत्वज्ञानी पुरुष सभी रूपों में केवल तुम्हें ही देखता है "यह अच्छा है।
9	नंबर प्राप्त हुआ-श्रीलंका4 थ्रोइंग राउंड में 105 रन बनाकर आउट हुए।	प्राप्त संख्या-श्रीलंका 19.4 फेंकने के चक्रों में 105 रनों के साथ आउट हो गया।
3	श्रीहरिकोटा से भेजा गया।	श्रीहरिकोटा से भेजा गया।
4	हिमालय में वह यति को देखेगा।	हिमालय में वह यति देखेगा।
8	कुछ दिन पहले अजय रेड का चित्रोतलन शुरू हुआ।	कुछ दिन पहले अजय ने रेड का चित्रोतलंघन शुरू किया।
3	नदी का नाम गङ्गा ।	नदी का नाम गंगा है।
22	हमीरपुर जिले के बिझड़ी क्षेत्र में आयोजित सरकार गांव के दरवाजे पर'' कार्यक्रम के तहत बातचीत के अवसर पर मुख्यमंत्री सुख- आश्रय-योजना के लाभार्थी ने इस कल्याणकारी योजना के लिए मुख्यमंत्री सुखविंदर सिंह सुक्ख ने आभार व्यक्त किया।	हमीरपुर जिले के बिझड़ी क्षेत्र में आयोजित सरकार गांव के दरवाजे पर "कार्यक्रम के तहत बातचीत के अवसर पर मुख्यमंत्री सुख-आश्रय-योजना के लाभार्थियों ने इस कल्याणकारी योजना के लिए मुख्यमंत्री सुखविंदर सिंह सुक्खू का आभार व्यक्त किया।
6	आभा – मेरे पास टार्च है।	आभा-मेरे पास टार्च है।
8	राज्य सरकार लोकसेवा आयोग के माध्यम से 1243 पुलिस रक्षकों को नियुक्त करेगी।	राज्य सरकार लोकसेवा आयोग के माध्यम से 1243 पुलिस कर्मियों की भर्ती करेगी।
4	उसके बाद उन्होंने भजन गाए।	बाद में उन्होंने भजन गाए।
4	वह सुख प्राप्त करता है।	वह सुख प्राप्त करता है।
1	बैठाया	दृश्यों से युक्त
4	वह माँ के पास जाता है।	वह माँ के पास जाता है।
9	जब 10 बजता है तब विद्यालय खुलता है।	जब 10 बजे होते हैं तब विद्यालय खुलता है।
5	उसने ननंद के साथ बात शुरू की	उसने ननंद के साथ बात शुरू की।
11	अनेक जन्मों के संचित ब्रह्महत्यादि समस्त पाप इसके पठनमात्र से 'निःसन्देह नष्ट हो जाते हैं, क्योंकि श्रीरामजी का ऐसा ही वचन है ॥	ब्रह्महत्या आदि पाप बहुत जन्मों से अर्जित होने पर भी नष्ट नहीं होते, इस प्रकार राम के वचन में सन्देह नहीं है।
1	कहा गया।	कहा।
4	प्रतिभावान छात्र दिवंगत हो गए।	प्रतिभासम्पन्न छात्र दिवंगत हो गए।
6	महाराष्ट्र राज्य के सरकार के लिए प्रवास का अवसर-संस्कारिक व्यवहार मंत्री ने समाज कल्याण शिक्षा विभाग में कैबनेट के शिखर पर सम्मान भी किया।	महाराष्ट्र सरकार में पर्यटन-राष्ट्रीय व्यवहार मंत्री को सामाजिक कल्याण शिक्षा विभाग में कैबिनेट स्तरीय पद पर भी सम्मानित किया गया।
9	ओह , इसीलिए मैं भी ठण्ड अनुभव कर रहा हूँ ।	ओह, इसीलिए मैं भी ठंड अनुभव कर रहा हूँ।
13	राज्य सरकार यह सुनिश्चित करती है कि राज्य के प्रत्येक वर्ग को इन योजनाओं से लाभ उठाना चाहिए।	राज्य सरकार यह सुनिश्चित कर रही है कि राज्य के प्रत्येक वर्ग को इन योजनाओं से लाभ हो।
1	पेट	पेट
1	हटानेवाला	अपहरणकर्ता को
7	मन्त्रियों ने हर्षवर्धन और जगत सिंहनगी का स्वागत किया।	दोनों मंत्रियों हर्षवर्धन और जगत सिंह नेगी ने स्वागत किया।
11	हे कृष्ण ! बलपूर्वक हाथ झिटककर चले गये, इसमें क्या बड़ी बात हुई? आपकी वीरता तो मैं तब मानूँगा जब मेरे हृदयमेंसे चले जायँगे ।।	हे कृष्ण! आप बलपूर्वक हाथ मूंदकर जा रहे हैं, इससे क्या आश्चर्य है? मैं आपके हृदय में रहने वाले निर्वासी पुरुष को मानता हूँ।
4	लव – भगवान् सूर्य।	लव-भगवान ने हजारों दी हैं।
9	हे पाण्डव! जो पुरुष मेरे लिए ही कर्म करने वाला है, और मुझे ही परम लक्ष्य मानता है, जो मेरा भक्त है तथा संगरहित है, जो भूतमात्र के प्रति निर्वैर है, वह मुझे प्राप्त होता है।।	हे पाण्डव! जो मुझमें कर्म करनेवाला परम भक्त है, जो मेरे संग से रहित है, जो सभी प्राणियों में तटस्थ है, वह मुझे ही कहते हैं।।
6	सभी बच्चे नीरव के बगीचे में खेलते हैं	सभी बच्चे नीरज के बगीचे में खेलते हैं।
10	भ्रष्टाचार, सू की को पहले ही देशद्रोह और अन्य अपराधों के लिए 11 साल जेल की सजा सुनाई गई थी।	भ्रष्टाचार, राजद्रोह के आरोप में स्यूची को पहले ही 11 साल जेल की सजा सुनाई गई थी।
1	पाँव	पैर
9	मन को हरने वाले फूलों को देखकर दुःखित मनुष्य का मन भी प्रसन्न हो जाता है।	मनोहर फूलों को देखकर दुःखी मनुष्य का मन भी प्रसन्न होता है।
5	उसके साथ आहुति बहन भी है।	उसके साथ आहुति बहन भी है।
15	सूचना एवं प्रसारण मंत्री अनुराग सिंह ठाकुर ने कहा कि विकसित भारत-संकल्प यात्रा पिछले साल नवंबर में शुरू हुई थी।	सूचना एवं प्रसारण मंत्री अनुराग सिंह ठाकुर ने कहा कि विकसित भारत-संकल्प यात्रा पिछले साल नवंबर में शुरू हुई थी।
4	डेढ़ सौ युवक हैं	डेढ़ सौ युवक हैं।
6	प्रांत मंत्री गिरीश चंद्र तिवारी ने परिचयात्मक भाषण दिया।	परिचयात्मक भाषण प्रांत मंत्री गिरीश चंद्र तिवारी ने दिया।
5	जो कल्याणकारी गुण हो, उन्हें हमें दीजिए	जो अच्छा है, उसे लाओ।
11	प्रधानमंत्री ने कहा कि इस समय सदन के कार्य में बड़े अवसर होंगे।	प्रधानमंत्री ने कहा कि इस समय सदन के कार्य के लिए बड़े अवसर होंगे।
10	किन्तु जरा देखो मेरा बुरा करने वाला यह चूहा सदा पात्र में रखे हुए भिक्षा के अन्न को उछल कर खा जाता है।	किन्तु देखो यह चूहा मेरे उपकार के लिए हमेशा बर्तन में रखा हुआ भिखारी उछलकर खाता है।
3	चूहे दौड़ते है |	चूहे दौड़ते हैं।
5	क्या वह नहीं मानता ?	वह नहीं मानता है क्या?
5	आजीवन सबको मातृभाषा पसन्द आती है।	आजीवन सबको मातृभाषा अच्छी लगती है।
1	प्रकृति	प्रकृति
1	विद्याधर	शिकारी
11	उन्होंने कहा कि नए प्रौद्योगिकी कारण से विकसितकर्ताओं के आह्वानों को रोकने के लिए हमें तैयार रहना चाहिए।	उन्होंने कहा कि नई प्रौद्योगिकी के कारण होने वाले आह्वानों को दूर करने के लिए हम तैयार हैं।
16	जिन पक्षियों के बच्चे खाए जाते थे उनके द्वारा शोक से दुःखी होकर विलाप करते हुए इधर-उधर खोज शुरू की गई। इस बात को समझ कर वह बिलाव खोखर से निकल कर बाहर भाग गया। बाद में इधर-उधर खोजते हुए पक्षियों को वहीं वृक्ष की खोखर में बच्चों की हड्डियाँ प्राप्त हुई	जो उनके माता-पिता को खाया गया और शोक से विलाप करने लगे, इसलिए जिज्ञासा शुरू हुई। इसके बाद बिलाव ने कोटरों पर सवार होकर भागकर पीछे की ओर दौड़ा और तरुकोट में बच्चों की अस्थियों को प्राप्त किया।
9	हे राम ! सुदैव तुझ से युद्ध में कुम्भकर्ण गिर गया।	हे राम! सुदैव से तुम युद्ध में कुम्भकर्ण को मार दिया।
5	बच्चों का गुरुकुल अलग है	बच्चों का गुरुकुल अलग है।
8	इस द्वंद्वी की पत्नी जीजाबाई कठोर थीं।	उसकी दूसरी पत्नी जीजा बाई कडोरा थी।
3	अर्पित व्याख्यान सुनता है।	अर्पित व्याख्यान सुनता है।
3	विद्यालय के चौकीदार को निवेदन करती है।	विद्यालय की चौकीदार से निवेदन करता है।
5	आज निश्चित ही वर्षा होगी।	आज निश्चित रूप से वर्षा होगी।
13	यह कर राम को गले लगाकर मुक्त कण्ठ से रुदन करने लगे। तदनन्तर राम ने हाथ में जल लेकर पिता के अश्रूजल को पोंछा छे ॥	इस प्रकार श्रीरामचन्द्रजी का आलिङ्गन कर एक नेत्र खोलकर रोते हुए श्रीरामचन्द्रजी अपने पिता के पास से पानी लेकर चले गये॥
7	श्यामला इससे पहले संस्कृत कार्य करती थी ।	श्यामला इससे पहले संस्कृत कार्य करती थी।
10	कहा जाता है कि रामचरण सिनेमा में सुहेल देव बरहज की राजपूत योद्धा की भूमिका पर दिखाई देता है।	कहा जाता है कि रामचरण फिल्म में सुहेलदेव बराहज नाम के राजपूत योद्धा की भूमिका में दिखाई देता है।
14	कौआ बोला- हे बालिका (लड़की)! मैं चाहता हूँ कि तुम हमेशा यहीं रहो परंतु तुम्हारी माँ अकेली है।	कौआ बोला-बालिका! मैं चाहती हूँ कि तुम हमेशा यहीं रहो परन्तु तुम्हारी माँ तो अकेली है।
9	नौ सदस्यीय परिस्थितियों वाले एक प्राधिकरण की नेतृत्व जिम्मेदारियाँ-पर्यावरणीय परिवर्तन-वन विभाग की कार्य पर्यवेक्षक सुप्रिया साहो हैं।	नई सेनाओं के साथ प्राधिकरण का नेतृत्व जिम्मेदारी-पर्यावरण परिवर्तन-वन विभाग के कार्य दर्शक सुप्रिया साहू हैं।
15	कहा गया है कि अब बाथु-मातृस्थानक पंजाब के मेहनादल एसबी के साथ पाइप संयोजन के माध्यम से जोड़ने का काम पूरा हो जाएगा।	कहा गया है कि अब बाथू-मातृस्थानक पंजाब के मेहंदकल एसबी के साथ पाइप लाइन के माध्यम से जोड़ने का काम पूरा हो जाएगा।
16	प्रधानमंत्री ने कहा कि चिंतायुक्त युवा बच्चों को प्रतिकूल परिस्थितियों में रह जाना चाहिए, क्योंकि मानसिक कष्ट जीवन के साथ जुड़ा हुआ है।	प्रधानमंत्री ने कहा कि चिन्ता से युक्त बच्चे प्रतिकूल परिस्थितियों से रहित हो सकते हैं, क्योंकि मानसिक पीड़ा जीवन के लिए स्वीकार्य होती है।
40	सड़क दुर्घटना में यात्रियों और पर्यटकों का समय-समय पर आपातकालीन स्वास्थ्य सेवाएं प्रदान करने के लिए मुख्यमंत्री चंडीगढ़-माली राष्ट्रीय राजमार्ग पर घुमारवीं में नागरिक चिकित्सालय के लिए लालच श्री लाल बहादुर शास्त्री-राष्ट्रीय-स्वास्थ्य और कॉलेज के लिए परवाणु-शिमला-राष्ट्रीय राजमार्ग पर नागरिक चिकित्सालय और धर्मपुर के लिए, पठानकोट-मांडी राष्ट्रीय राजमार्ग पर नागरिक चिकित्सालय और पलामपुर के लिए चारों हमले-उन्होंने केंद्रों का सहयोग करने के लिए भी प्रार्थना की।	सड़क दुर्घटना में यात्रियों और पर्यटकों को समय-समय पर आपातकालीन स्वास्थ्य सेवाएं प्रदान करने के लिए मुख्यमंत्री चंडीगढ़-मनाली राष्ट्रीय राजमार्ग पर घुमारवीं में श्री लाल बहादुर शास्त्री-राजकीय-चिकित्सा कॉलेज के लिए पर्वानु-शिमला-राष्ट्रीय राजमार्ग पर स्थित नागरिक चिकित्साालय धर्मपुर के लिए, पठानकोट-मंडी राष्ट्रीय राजमार्ग पर स्थित नागरिक चिकित्साालय पलम्पुर के लिए चार आघात-केंद्रों को मंजूरी देने के लिए भी अनुरोध किया गया।
3	एक निर्धन बोला	एक निर्धन बोला
9	दौलतसिंह के अन्य तीन भाई और एक बहन थे।	दौलतसिंह के तीन अन्य भाई और एक बहन थीं।
5	कल रात सम्मान समारोह हुआ।	कल रात सम्मान समारोह हुआ।
7	मच्चित्त होकर तुम मेरी कृपा से समस्त कठिनाइयों (सर्वदुर्गाणि) को पार कर जाओगे; और यदि अहंकारवश (इस उपदेश को) नहीं सुनोगे, तो तुम नष्ट हो जाओगे।।	हे मच्चित्त! तुम मेरे समस्त दुर्गों की शोभा बढ़ाओगे, और हे महाकाराण! तुम सुनोगे, और विलाप करोगे।।
3	वह पहुँची।	वह प्राप्त हुई।
1	सूचित करती है	इंगित करता है
10	क्षत्रिय श्रेष्ठ कोई राजा था। वह अपने श्रेष्ठ चरित से जगत देव बन गया। जिसे प्रजा अपना आराध्य मानती थी। वह राजा प्रजापालनादि कर्तव्यों से सभी लोकों में प्रसिद्ध हो गया। उसकी कीर्ति सभी लोकों में फैल गयी थी। उसकी कीर्ति का अतिशय वर्णन करते हुए कवि ने कहा कि उस राजा की कीर्ति रूपी कमल में आकाश भी भ्रमरवत् अन्तर्निहित है।	पृथ्वी के अग्रभाग में क्षत्रिय देवता की मृत्यु हो गयी है। जिस समय पुण्डरीकान्त आकाश में घूमता हुआ दिखाई देता है।
4	राजा ब्राह्मण को धन देता है।	राजा ब्राह्मण को धन देता है।
3	वह गिर गई ।	वह गिर गई।
5	दे दो , मेरी गेंद दे दो ।	दो, मेरी गेंद दो
5	सभा में कई केंद्रीय मंत्री उपस्थित थे।	सभा में अनेक केंद्रीय मंत्री उपस्थित थे।
15	प्रत्येक उत्सव गाँव का और किसान का होता है। मेरी इच्छा है कि सुख और समृद्धि का निरन्तर प्रवाह हो।	प्रत्येक उत्सव गाँव और किसान का होता है। मेरी इच्छा है कि सुख और समृद्धि निरन्तर प्रवाहित हों।
10	ऐ कन्हैया हमें दौड़ते समय यहाँ गिर पड़े तो मैयाके हाथका सहारा लेनेके लिये रो रहे हो। क्या तुम पतितों का उद्धार करनेके समय उनके करुण क्रन्दनको देखकर अपनी इस दशाको याद नहीं करते। [जैसे तुम आज माताका सहारा चाहते हो पैसे ही दूसरे पतित भी तुम्हारा सहारा चाहते हैं]	मार्ग में दौड\u093Cो, तुम गिर जाओ, रोओ, कौवे पर आश्रित हो जाओ, ठहरने के समय तुम मुझे क्यों याद करते हो?
10	भ्रष्टाचार, सू की को पहले ही देशद्रोह और अन्य अपराधों के लिए 11 साल जेल की सजा सुनाई गई थी।	भ्रष्टाचार, राजद्रोह के आरोप में स्यूची को पहले ही 11 साल जेल की सजा सुनाई गई थी।
8	उन्होंने कहा कि राष्ट्रीय दूध विकास बोर्ड द्वारा परियोजना की सलाह दी जाने वाली सेवाएं प्रदान की जाएंगी।	उन्होंने कहा कि राष्ट्रीय दूध विकास बोर्ड द्वारा परियोजना की सलाह सेवाएं प्रदान की जाएंगी।
9	अब तक हम घर में राष्ट्र ध्वज फहरा नहीं सकते थे।	अब तक हम घर पर राष्ट्रीय ध्वज नहीं उठा सकते थे।
9	उस समय सभी पन्नों को लिखने का काम पन्ने के ऊपर हो रहा था।	उस समय सभी लिपियों का लेखन कार्य स्यालकोटी पत्र के ऊपर होता था।
8	उन्होंने कहा कि अयोध्या में भव्य राम मंदिर बन गया है।	उन्होंने कहा कि अयोध्या में भव्य राम मंदिर बन गया है।
8	उन्होंने कहा कि द्विगुणित शक्ति के माध्यम से सरकार ने लोगों का जीवन सुलाया है।	उन्होंने कहा कि सरकार ने लोगों का जीवन सुलभ कर दिया है।
5	तुम अब कुशलपूर्वक है क्या?	क्या तुम अब ठीक हो?
6	वानी की दोनों टीमों के साथ समन्वय है।	भवानी के दोनों समूहों के साथ समन्वय है।
6	फिर भी तुम्हारा मनोरथ पूर्ण नहीं हुआ।	फिर भी तुम्हारी इच्छा पूरी नहीं हुई।
7	पराला से लौटकर मुख्यमंत्री ठियोग क्षेत्र की आलू बन गयी।	पराला से लौटकर मुख्यमंत्री ठियोग क्षेत्र की आलू-भूमि पर पहुंचे।
3	पासवर्ड मत भूलिये।	पासवर्ड मत भूलिये।
5	राजा दुष्टों को कल दण्ड देगा ।	राजा कल दुष्टों को दण्ड देगा।
8	राज्य सरकार ने अनाथ बालकों को''राज्य के बच्चे''एक दत्तक ग्रहण किया है.	राज्य सरकार ने अनाथ बालकों का "राज्य के बालकों" यह दत्तक ग्रहण किया है।
4	सारथी और बिल्ली को भी शेर ने मार डाला।	सारथि को भी शरौघ ने पढ़ा।
7	मंदिरों में, धार्मिक कार्यक्रमों में, विभिन्न स्थानों पर शोभायात्रा भी हुई.	मन्दिरों में, धार्मिक कार्यक्रमों में, विभिन्न स्थानों पर शोभायात्राएं भी निकली हैं।
12	विभाग फरवरी तक चम्बा, कुल्लू, मंडी, लाहौल-स्पीति, किन्नौर आदि में बर्फबारी की याद दिलाया।	विभाग ने फरवरी तक चम्बा, कुल्लू, मंडी, लाहौल-स्पीति, किन्नौर आदि में बर्फबारी की चेतावनी दी।
5	इसके लिए मिशन का निर्माण भी विचार किया जा रहा है।	इसके लिए कृत्रिम मीडिया का निर्माण भी विचार किया जा रहा है।
22	श्री बलुनी ने कहा कि मानवों की व्यवस्था में हम कानूनी अधिकारों से बाधित हैं। हम मूलभूत हैं। उन्होंने कहा कि हम देश में जागते हैं और जागते हैं।	श्री बलूनी ने कहा कि लोगों की प्रणाली में हम कानूनी अधिकारों से बंधे हुए हैं मूलकर्ताओं को हम जानते हैं उन्होंने कहा कि हम राष्ट्र में जागते हैं और जागते हैं।
8	12 लोग घायल हो गए. अभी तक किसी ने भी हमले की जिम्मेदारी नहीं ली है।	और 12 लोग घायल हो गए। हमले की जिम्मेदारी तब तक किसी ने नहीं ली।
1	कोण	कोना
10	रामचन्द्रजी को उनके इस निश्चय का पता चलने पर अति विस्मय हुआ और उन्होंने यह सोचकर कि में तो अयोध्या को लौटूंगा नहीं, ये व्यर्थ जंगल में क्लेश सहेंगे, सुमन्त्र को बुलाकर कहा "सुमन्त्र ! तुम रथ ले आओ हम अभी चलेंगे" ॥	इस प्रकार निश्चय करने पर श्रीरामचन्द्रजी अत्यन्त आश्चर्यचकित हुए और क्लेश में भाग लेने वाले इस नगर को मैं नहीं जा रहा हूँ।।
15	सत्तारूढ़ भाजपा 68 विधानसभा क्षेत्रों पर काबिज है, विपक्षी कांग्रेस पार्टी, तीसरा, आम आदमी पार्टी और पार्टी चुनाव लड़ेगी.	68 विधानसभा क्षेत्रों के नेतृत्व के लिए सत्ताधारी भाजपा, विपक्षी कांग्रेस और तीसरे आम आदमी पार्टी का मुकाबला होगा।
18	परिष्कृत एवं प्रदूषण रहित वातावरण हमारे लिए सांसारिक सुख है, अच्छा विचार, यह सत्य संकल्प एवं शुभ सामग्री प्रदान करता है। प्रकृति के प्रकोप से घबराकर इंसान क्या कर सकता है?	परिष्कृत और प्रदूषण से रहित पर्यावरण हमें सांसारिक जीवन सुख, अच्छे आचरण, सत्य संकल्प और मंगलिक सामग्री प्रदान करता है। प्रकृति से भयभीत व्यक्ति क्या कर सकता है?
2	वह बालिका  है  ।	वह लड़की
4	अष्टाध्यायी ग्रन्थ में कितने अध्याय हैं?	आठवीं कक्षा में कितने अध्याय हैं?
5	वे सभी संस्कृतगीत सुनना चाहते हैं।	वे सभी संस्कृत गीत सुनना चाहते हैं।
7	प्रधानमंत्री नरेंद्र मोदी ने राज्य के वाहनों को फैलाने की व्यवस्था की.	राज्यभाजपदल के प्रधानमंत्री नरेंद्र मोदी ने सजीव प्रसारण की व्यवस्था की।
6	तब वैदिक संस्कृति का सब जगह चलन था।	तब वैदिक संस्कृति सब जगह प्रचलित थी।
4	भगवान ब्रह्माजी ने देवों के साथ रंगपूजा की	भगवान द्रुहिणी देवताओं की रंगपूजन
4	हमारे वीर सैनिक राष्ट्ररक्षा करते हैं।	हमारे वीर सैनिक राष्ट्ररक्षा करते हैं।
5	जैसे पूरा हुआ्रीहै, पूरा हुआ्रीहै।	जैसा सम्पन्न है, वैसा ही सम्पन्न है।
11	उन आनन्दाश्रुओं को ब्रह्माजी ने अपने हाथ में लेकर कुछ चिन्तन करने के पश्च्यात पृथ्वी पर डाल दिया। उनके पृथ्वी पर गिरते ही एक महाकपि उत्पन्न हुआ ॥	उसे पकड़कर ब्रह्मा जी ने हाथ में ध्यान किया और कुछ दान दिया। यह कहकर वह भूमि पर गिर पड़ा॥
7	बहुत से लोग केवल फल ही खा रहे थे।	बहुत से लोग केवल फल ही खाते थे।
11	महिला आयोग और महिला सुरक्षा संगठन के प्रतिबंध के बाद केरल सरकार ने महिला धन स्वतंत्रता अधिनियम में संशोधन के लिए एक अपरिहार्य कदम उठाने का फैसला किया है।	केरल सरकार ने महिला आयोग और महिला संरक्षण संगठन के प्रतिबंध के बाद स्त्रीधन निवारण कानून को संशोधित करने के लिए एक अनिवार्य प्रक्रिया का फैसला किया है।
7	आप लोग विदेशियों की तरह वेष धारण किये हुए हैं।	आपने विदेशी के समान वेष धारण किया है।
10	और मेरी पूजा सत्कार के अनन्तर सुखपूर्वक बैठकर प्रसन्नचित होकर मुझसे बोले हे राजन् । एक गुप्त बात सुनो, यह आपका अभ्युदय करनेवाला है ॥	सुखपूर्वक पूजित होकर उन्होंने मुझसे कहा-- हे अनघ! सुनो, तुम्हारे उदय का कारण गुप्त वचन है॥
16	मुख्य वक्ता के रूप में आए कुलदीप मैंदोला ने सबके प्रशिक्षण के लिए अपना जीवन राममय बनाने के लिये प्रेरित किया क्योंकि हमारी चिरपुरातन संस्कृति राममयी है।	मुख्य वक्ता के रूप में आए कुलदीप मैंडोल ने सभी के प्रशिक्षण के लिए अपना जीवन राममय बनाने के लिए प्रेरित किया क्योंकि हमारी प्राचीन संस्कृति राममयी है।
10	मधुमास चैत्र शुक्लपक्ष नवमी तिथि कर्क लग्न में, पुनर्वसु नक्षत्र में जिस समय पाँच ग्रह उच्च राशि पर स्थित थे, सूर्य मेष राशि पर विद्यमान थे, उस समय परमात्मा सनातन जगन्नाथ का आविर्भाव हुआ। उस समय आकाश दिव्य पुष्पों की वर्षा से पूर्ण हो गया ॥	मधु के महीने के सिते दिन नववें कार्तिक पर्व की शुभकामनाएँ। फिर वृक्षों के साथ पृथ्वी के शिखर पर।
1	अधम मनुष्य।	पुरुषत्व
8	इस संबंध में मंगलवार को झारमा जरीिस्तान में घटनास्थल से आवश्यक साक्ष्य एकत्र किया गया।	इस संबंध में मंगलवार को झारखंड में जाकर घटनास्थल से आवश्यक साक्ष्य एकत्र किया गया।
2	हे रवि	हे रक्षा करो
6	आप उस दिन क्यूँ नही आये?	उस दिन आप क्यों नहीं आए?
3	आप चतुर हैं ।	आप चतुर हैं।
9	लॉन्चर के सफल परीक्षण से इसके सभी उद्देश्य पूरे हो गए।	मिसाइल के सफल परीक्षण से इसके सभी उद्देश्य पूरे हो गए।
10	समस्त योगियों में जो भी श्रद्धावान् योगी मुझ में युक्त हुये अन्तरात्मा से (अर्थात् एकत्व भाव से मुझे भजता है, वह मुझे युक्ततम (सर्वश्रेष्ठ) मान्य है।।	जो योगी (योगी) मेरे अन्तःकरण में आने वाले सभी लोगों का भी अन्तर्यामी है, वह मुझे श्रद्धा से मुक्त करता है, वह मेरा सबसे उपयुक्त मत है।।
11	भारत में हर जगह, विशेष रूप से बंगाल में हर वर्ष यह पूजा अच्छी तरह से चलती है।	भारत में सब जगह, खासकर बंगाल में हर साल यह पूजा अच्छी चल रही है।
7	महान् वीरता को प्रदान करने के लिए गुरुजी सेनापति से किसी प्रकार बाहर निकल गए।	महान् वीरता का प्रदर्शन करते हुए गुरु सेना से किसी प्रकार बाहर निकल गए।
3	आप विद्यालय जाईये।	आप विद्यालय जाईये।
5	आपकी तकिया नहीं जानते !!!	आपका तकिया नहीं जानता है!!!
3	कार्यालय के पात्र धोता है।	कार्यालय के बर्तन धोता है।
7	आती हूँ, चलें किसकी दुकान चलें ?	आते हैं जाते हैं। किसकी दूकान जाते हैं?
8	उस समय मैं उसके सामने बहुत दुःखी था।	उस नगर में उसके द्वारा बहुत दुःखी हुआ मैं था।
1	भूत, भविष्य, वर्तमान सबको जानने वाला	दूर जाने योग्य
3	वह अपनी सेल्फी देखता है।	वह सेल्फी देखता है।
7	वह यहाँ विधानसभा उपाध्यक्ष विनय कुमार की जगह खड़े होंगे.	वह यहाँ विधानसभा उपाध्यक्ष विनय कुमार के स्थान पर बैठेंगे।
9	प्रधानमंत्री नरेंद्र मोदी की यात्रा का सहारा लेकर तिरुचिरापल्ली में मजबूत सुरक्षा व्यवस्था का निर्माण किया गया	प्रधानमंत्री नरेंद्र मोदी की यात्रा का सहारा लेकर तिरुचिरापल्ली में मजबूत-सुरक्षा व्यवस्था की गई.
6	उन्होंने कहा कि देश के शहरों के द्वारा भारत जीता जा रहा है.	उन्होंने कहा कि देशवासियों के लिए भारत नए अवतार में दिख रहा है।
10	इस प्रकार के राज्यों के विकास में सहयोग करने के लिए आप सभी का दायित्व है।	ऐसे में राज्य के विकास में सहयोग करने का आप सभी का दायित्व है।
6	हम पावों से चलते हैं। मुंह से बोलते हैं।	हम दोनों पैदल चलते हैं और मुँह से बोलते हैं।
13	परन्तु वह वाणी, जिसके प्रत्येक श्लोककी रचना शिथिल ही क्यों न हो, मनुष्योंके पापोंको ध्वंस करनेवाली होती है, यदि उसमें भगवान् अनन्तके नाम यशसहित अंकित हों; क्योंकि साधुजन तो उन्हींको सुनते, गाते और बोलते हैं ॥	वह वाणी के द्वारा, जनसमूह के द्वारा, प्रति श्लोक के द्वारा भी बाँधे हुए, नामहीन यश के चिह्नों से युक्त, जो लोग हंसते हुए गाते हैं, वे सज्जन लोग स्वीकार करते हैं।
9	और कहीं पर पति भी अपनी पत्नी के रूप में देवी का रूप धारण कर, सखियों के समान मानो।	और दूसरे स्थान पर पति को भी अपनी पत्नी देवी के रूप में और सखियों के रूप में मान लेना चाहिए।
14	उन्होंने कहा कि आपातकाल के दौरान हिमाचल प्रदेश में वही इमारतें नष्ट हो गईं जिनका संरचनात्मक विन्यास ठीक नहीं था।	उन्होंने कहा कि आपातकाल में हिमाचल प्रदेश में वही इमारतें क्षतिग्रस्त हो गईं, जिनकी संरचनात्मक डिजाइन सही नहीं थी।
15	दर्शना – महोदया (मैडम)! आप काम के लिए गिरिजा जी (देवी) से पूछ रही थीं कृपया मेरी बेटी को मौका देकर आप उपकार करें।	दर्शना-महोदया! आप काम के लिये गिरिजा जी से पूछ रही थीं कृपया मेरे पुत्र को मौका देकर अनुज्ञा करें।
6	उस भारतीय युवक के लिए हमेशा स्वस्ति की कामना।	उस भारतीय युवक को हमेशा स्वस्थ रहना चाहिये।
5	फर्श का रंग भी सफेद है।	फर्श का रंग भी सफ़ेद है।
9	हे अनिन्दिते । पूर्वकाल में आप दशरथ जी सहित मेरी तपस्या कर मुझे पुत्र रूप में प्राप्त करने की इच्छा की थी। अतः इस समय प्रकट होकर मैंने आपके उस वरदान को पूर्ण किया है ॥	मेरे पुत्रत्व की अभिलाषा से प्रसन्न होकर आपने पहले दशरथ से तप किया था॥
6	मेरे घर पीतल की थाली है	मेरे घर पीतल की थाली है।
6	मैं तो माँ के घर में हूँ ।	मैं तो माँ के घर हूँ।
7	सर्वप्रथम मंगलादा ने नईविष्णु रेगमी ने संस्कृत कक्षा के नियमों का आनंद लिया।	सब से पहले मंगल देने के लिए नए विष्णु रेजिमी ने संस्कृत कक्षा के नियमों को सुना।
4	नगर में रहनवाले दुष्ट लोग भी नगर ही में रहते हैं।	नागरिक शहर में ही रहते हैं।
4	शोध की मुख्य विषय है तत्संबंधी विकास की पूर्ण उत्कर्षण।	शोध का मुख्य विषय उसके सम्बन्ध विकास का पूर्ण उत्कर्ष है।
3	परिवार का मूल आधार पत्नी है।	पत्नी पत्नी।
3	लव – उपनयन के उपदेश के कारण से।	लव-उपनयन के उपदेश से।
1	इंद्रियों से अधिक	इन्द्रियों के लिए
6	अनेकों के नाम हम नहीं  हीं जानते हैं।	अनेकों के नाम हम नहीं जानते हैं।
6	मैं कैसे बताऊँ कब है ?	मैं कैसे बोलूँ'कब ऐसा'?
6	यज्ञ के बाद देवराज भानु को पुस्तकें देता है।	यज्ञ के बाद देवराज भानु को पुस्तकें देता है।
6	आज किसी की बातचीत नहीं सुनी ।	आज किसी की बात नहीं सुनी गई।
15	इस दौरान भारत के इस वर्ष के सर्वश्रेष्ठ इंटरनेशनल क्रिकेट खिलाड़ी पसंद आए, और दीपस्यार्मा ने सबसे अधिक चर्चा की।	इस दौरान भारत के वर्ष के सर्वश्रेष्ठ अंतरराष्ट्रीय क्रिकेट खिलाड़ी के रूप में चुने गए शुभमनगिल और दीप्ति शर्मा सबसे अधिक चर्चा में आए।
10	परन्तु तुम्हारे नौकर सदा सब जगह उपस्थित नहीं हो सकते।	परन्तु तुम्हारे नौकर हमेशा और सब जगह उपस्थित नहीं हो सकते हैं।
1	हमेशा ही।	हमेशा
1	पतिव्रता	साध्वी
15	समस्त आसक्तियोंको दूर करनेवाला सत्संग जिस प्रकार मुझे वशीभूत करता है वैसा न योग, न सांख्य, न धर्म, न स्वाध्याय, न तप, न त्याग, न इष्टापूर्त, न दक्षिणा, न व्रत, न यज्ञ, न वेद, न तीर्थ और न नियमादि ही कर सकते हैं ॥	न योग मुझे रोकता है, न सांख्य और न धर्म ही मुझे रोकता है, न स्वाध्याय और तप का त्याग करना, न नेष्टपुरित और न दक्षिणा।।
1	दो लताओं से	लताओं में
4	मैंने अपने आप शरबत बनाया ।	मैंने स्वयं ही शरबत बनाई।
4	सत्संग में वह प्रवचन सुनता  है।	संगत में वह प्रवचन सुनता है।
8	राजा बोला- हे मनुष्य तुम नहीं जानते मैं कौन हूं।	राजा ने कहा-पुरुष, तुम नहीं जानते हो मैं कौन हूँ।
9	हे मित्र ! क्या तुमसवेरे अग्निहोत्र नहीं करते ?	हे मित्र! क्या तुम प्रातः अग्निहोत्र नहीं करते हो?
10	में प्रकाशित''मजाक''नमिका उनकी पहली कथावाचक बनीं।	सन् 1967 में प्रकाशित "द जॉक" नामिका उनकी पहली किंवदंती है।
16	सूचनाप्रसारण मंत्री अनुराग ठाकुर ने गुरुवार को सीबीसी, आरएनआई, न्यू मीडिया विंग, उन्होंने डॉक्यूमेंट एड्रेसबल प्रणाली का उद्घाटन किया.	सूचनाप्रसारण मंत्री अनुराग ठाकुर ने गुरुवार को सीबीसी, आरएनआई, न्यू मीडिया विंग, डिजिटल एड्रेसबल सिस्टम के साथ-साथ इंटरनेट परियोजनाओं का शुभारंभ किया।
7	इसी प्रकार, इल्मा अफरोज पुलिस अधिकारी जिला बाडी नियुक्त किया गया।	इसी प्रकार इल्मा अफरोज पुलिस अधिकारी जिला बद्दी नियुक्त किया गया।
4	आदिवासी लोग आत्मरक्षा स्वयं ही करते हैं।	आदिवासी लोग अपनी रक्षा स्वयं करते हैं।
4	मैंने अपने आप शरबत बनाया ।	मैंने स्वयं ही शरबत बनाई।
5	मल्लेश्वर जाने का मार्ग कौन-सा है ?	मलेश्वर जाने का क्या रास्ता है?
3	उपक्रम बहुत मनोहर है।	पहल से बहुत अच्छा लगता है।
16	केंद्र में नरेंद्र मोदी सरकार ने इस क्षेत्र में संपर्क, आधारभूत संरचनाओं और ढहों का विकास, शांति और पुनर्स्थापन पर विशेष ध्यान दिया है।	केंद्र में नरेंद्र मोदी सरकार ने इस क्षेत्र में संपर्क, आधारभूत संरचना सुविधाओं में वृद्धि, और विशेष रूप से शांति की पुनर्स्थापना पर ध्यान दिया है।
7	राज्य का सबसे ठंडा जिला है 7.830 सेल्सियस।	राज्य का सबसे ठंडा जिला 7.60 सेल्सियस है।
5	आज मैंने अँगूर खाना चाहा।	आज मैं अँगूर खाना चाहता था।
5	वह नई पुस्तकें खरीदता ही है।	वह नई पुस्तकें खरीदता ही है।
1	गाता हूँ।	गाती है।
3	जनजीवन अस्तव्यस्त हो गया है।	जीवन अस्त हो गया।
4	वृद्ध कैसे रहता है ?	वृद्ध कैसे रहता है?
6	तीन दिवसीय सम्मेलन आज शुरू होगा	तीन दिवसीय सम्मेलन आज से शुरू होगा।
10	मैंने यह विजय प्राप्त किया, रणे में रावण मारा और लंका को मैंने वशीभूत कर दिया।	यह विजय मुझे प्राप्त हुई, रण में रावण मारा गया और लंका को मैंने वश में कर लिया।
4	जा प्यारे ! पूरी विद्या करके आना।	जाओ प्रिय! पूर्णा विद्या करके चलिये।
7	उन्होंनेन्हों नेसरोजिनी नायडू के साथ भी काम किया।	उन्होंने सरोजिनी नायडू के साथ भी काम किया।
4	माँ कैसे उतरती है ?	माँ कैसे उतरती है?
9	हवाई जहाज बहुत ध्वनि करता है कार थोड़ी ध्वनि करती है।	हवाई जहाज बहुत ध्वनि करता है कार थोड़ी ध्वनि करती है।
8	लेकिन निर्माताओं ने आज भी फिल्म की शूटिंग नहीं शुरू की।	लेकिन निर्माताओं ने आज भी फिल्म का शूटिंग शुरू नहीं किया।
3	भोजन पूरा कर रहा हूँ ।	मेरा भोजन समाप्त करता हूँ।
5	प्रात: वेला का तुम सदुपयोग कर रहे हो।	तुम प्रातःकाल का उपयोग करते हो।
5	वनरक्षण में (वन की रक्षा करने में	वन रक्षा में वनवासियों का विशेष योगदान है।
9	"वैसा ही है, कोई फर्क नहीं", ऐसा वह जवाब में बोला ।	"वैसा ही है। विशेष नहीं" उसने उत्तर दिया।
5	सबके पास शिक्षा अवश्य करनी चाहिये।	सबके पास शिक्षा अवश्य हो।
5	उसका पिता कौन है ?	उसका पिता कौन है?
11	2019-20. के लिए 15 नए अटल आदर्श विद्याओं का घोषणा किया गया था।	जहाँ वर्ष की budget में 15 नए अटल आदर्श विद्यालय घोषित किए गए थे।
10	प्रशासन- आन्दोलनकारी-कृषि नेताओं के बीच एक नई बात आज होगी।	प्रशासन-आंदोलनकारी-कृषि नेताओं के बीच आज एक और नई बात होगी।
6	मैं अब काम में फंसा हुआ हूं।	मैं अभी काम में व्यस्त हूँ।
7	तब वह ओ३म् बोलता है ।	तब वह ओ3म् बोल रहा है
10	सुखविंदर सिंह सुक्खू अपनी कार्यकाल की दूसरी budget को 17 फरवरी को प्रस्तुत करने जा रहे हैं।	सुखविंदर सिंह सुक्खू अपने कार्यकाल का दूसरा बजट 17 फरवरी को पेश करने जा रहे हैं।
10	अब शाम को होने वाले और सूर्य के आने पर युद्ध निवृत्त हो गया है।	अब शाम को और सूर्य के अस्त होने पर युद्ध निवृत्त हो गया है।
3	विशाखा कान का झुमका खरीदती है।	विशाखा बालू खरीदती है।
11	आप संसार के सम्पूर्ण प्राणियों की इन्द्रियों से अगोचर हैं। परन्तु मलमूत्र रूपी शरीर के मोह के पाश में फंसे हुए मनवाले मुझ दीन को अपनी ही माया से मोहित होकर पुत्रकलत्र, गृह आदि के अन्धकूप में मुझे पड़ा देखकर आप स्वयं पधारे हैं ॥	इस समय मैं सम्पूर्ण जगत् को देख रहा हूँ, जिस प्रकार तुम अपनी माया से सूती मिट्टी के घर और तालाब में डूबे हुए देख रहे हो। मुझे देखकर मलपुड़गुल्ला पिण्ड और मोह से व्याकुल होकर तुम अपने हृदय से अपने पास आ गए हो॥
3	नदी का नाम गङ्गा ।	नदी का नाम गंगा है।
9	वी-अंग-उपसर्ग से पहले की गई लूट (अन) के प्रत्युत्तर पर वर्णित शब्द समाप्त हो जाता है।	वि-आंग-उपसर्ग से पहले प्राप्त ल्युट प्रत्यय में अव्यय व्याकरण शब्द कहलाता है।
8	उज्जयिनी के राजा विक्रमादित्य के काल से विक्रमसंवत्सर की गणना होती है।	उज्जैन के राजा विक्रमादित्य के समय से विक्रम वर्ष की गणना होती है।
6	उसके बाद सुमित्रा के घर गया।	बाद में सुमित्र के घर गया।
6	वह वहीं बैठकर सब कुछ देखता है।	वह वहीं बैठकर सभी को देखता है।
8	विभा - "रेल से उतर रहा है" ऐसे बोलो ।	विभा-"रेल से उतरता है" ऐसा बोलो।
4	तुम सब क्या खाओगे ?	तुम सब क्या खाएँगे?
14	हे राजन् ! कलियुगमें वे ही भाग्यवान् और कृतार्थ हैं, जो श्रीहरिका नामस्मरण करते और कराते हैं ॥	जो लोग मनुष्यों के लिए कृतार्थ राजा के रूप में उनके सभा में उपस्थित होने का स्मरण करते हैं, वे लोग काल के समय हर नाम को स्मरण कर देते हैं।
11	हे भरतश्रेष्ठ ! जिस काल में (मार्ग में) शरीर त्याग कर गये हुए योगीजन अपुनरावृत्ति को, और (या) पुनरावृत्ति को प्राप्त होते हैं, वह काल (मार्ग) मैं तुम्हें बताऊँगा।।	हे भरतश्रेष्ठ! जिस काल में योगियों को आपकी वृत्ति और वृत्ति का ज्ञान होता है, उस काल को मैं आपको बताता हूँ।।
8	मेरे मित्र स्वतंत्रता के बाद से यहाँ रहते हैं ।	मेरे मित्र स्वतन्त्रता (स्वाधीनता) से लेकर यहाँ रहते हैं।
4	मेरे मित्र भी आएँगे।	मेरे मित्र भी आएँगे
5	प्रधानमंत्री ने लोगों को युवजन-महोत्सव की शुभाशंस की.	प्रधानमंत्री ने लोगों को युवा-महोत्सव की बधाई दी.
1	आठ	आठ
9	वहां तुम्हारा निवास निर्दोष है, वहाँ किसी का बाध नहीं है।	वहाँ तुम्हारा निवास निर्दोष है, वहाँ किसी का अवरोध नहीं है।
1	अज्ञानता से	अज्ञान से
1	घुस जाइए	बैठिये।
7	प्रकृतिमाता – मैं प्रकृति तुम सबकी माँ हूँ।	प्रकृतिमाता-मैं प्रकृति आप सभी की माता हूँ?
11	श्रीमान के उद्घाटन से सभी कार्यकर्ता प्रेरित, उत्साहित, ऊर्जावान आगे संस्कृत कार्य में पूर्ण हुए।	महोदय के उद्घाटन से सभी कार्यकर्ता प्रेरित, उत्साहित, ऊर्जावान और आगे संस्कृत कार्य के लिए तैयार हुए।
5	पिता करेले की सब्जी खा रहे हैं	पिता कारवेल की सब्जी खाता है।
1	अनन्तरं	हाँ
9	हे राम! आप बहु रूपमयी माया से कार्य, कारण, कर्तृत्व, फल और साधन के भेद से अनेक रूप में विभासित हो रहे हैं ॥	हे राम! कार्य के कारण, फल, साधन और भेद से तुम एक ही हो और माया से तुम बहुत प्रकार के हो।।
15	उन्होंने कहा कि इस तरह, शिक्षक इस केंद्र के माध्यम से नए तरीके से और नई प्रक्रियाओं और कलाओं से जुड़े रहेंगे।	उन्होंने कहा कि इस तरह से शिक्षक इस केंद्र के माध्यम से नई शक्ति और नईक्रियाकलाओं से जुड़े रहेंगे।
1	अन्धकार समूह।	अन्धकार
3	ऊपर की ओर साँस छोड़कर	कल के ऊपर नहीं
12	अग्नि, जल, स्त्रियां, मूर्ख, सांप और राजपरिवार का सेवन करते समय मनुष्य सदैव सावधान रहना चाहिए, क्योंकि ये छह कभी भी मृत्यु का कारण हो सकते हैं।	आग लगना, स्त्री, मूर्ख, साँप और राजा-कुल की सेवा हमेशा सावधानी से करनी चाहिए, इनमें से छह प्राणघातक हैं।
12	सुनना, भाषण, पढ़ना और लिखना-ये चारों कौशलों के परमपुष्टता के लिए संस्कृत संवर्धन प्रतिष्ठान- प्रशिक्षण देता है।	सुनने, बोलने, पढ़ने और लिखने के चारों कौशलों को बढ़ावा देने के लिए संस्कृत संवर्धन प्रतिष्ठान-प्रशिक्षण जाता है।
3	मोहन कब खेलता है?	मोहन कब खेलता है?
5	ओह एक साथ कितने लोग आ गए हैं	ओह, एक साथ कितने लोग आए थे।
6	सभी समिति सदनों की विशेष मार्गदर्शन से कार्यक्रम सफल रहा।	सभी समिति सदस्यों को विशेष मार्ग दिखाने के साथ कार्यक्रम सफल रहा।
7	यह विधेयक भारतीय विधेयक के स्थान पर पारित किया जाएगा।	यह विधेयक भारतीय विधेयक के स्थान पर होगा।
12	अगर हम राजा को कर न देंगे, उसके खर्च के लिए धन नहीं बचेगा।	यदि हम राजा को भाग्य नहीं देते तो उसके खर्च के लिए धन नहीं सीखता।
6	तुम्हारी बहन भी विद्यालय नहीं जाती है"	तुम्हारी छोटी बहन भी विद्यालय नहीं जाती है।
9	सुप्रीम कोर्ट द्वारा जारी मानवाधिकार पत्र पर अवैध धनों को नियंत्रित करने के लिए एकमात्र कानून नहीं होता है।	सुप्रीम कोर्ट द्वारा जारी गैर-चुनाव याचिका अवैध धन पर नियंत्रण के लिए एकमात्र कानून नहीं है।
10	मतदान प्रक्रिया लगभग चौथाई घंटे की हो गई, इसलिए सभी लोगों के मतों पर मतदान हो गया.	मतदान प्रक्रिया लगभग क्वार्टर घंटे तक चली, बजे तक सभी वोटों का मतदान हुआ।
7	और अगले वर्ष दीपावली-अवसर की फ़िल्म प्रदर्शित होगी।	और अगले वर्ष दीपावली-अवसर पर चलचित्र प्रदर्शित किया जाएगा।
9	यदि तुम सब पापियों से भी अधिक पाप करने वाले हो,  तो भी ज्ञानरूपी नौका द्वारा,  निश्चय ही सम्पूर्ण पापों का तुम संतरण कर जाओगे।।	यदि तुम सभी पापियों के लिए पापरूपी कर्म करते हो तो भी सब कुछ ज्ञान की बाढ़ से व्यर्थ हो जाएगा।।
8	जैसा अभिनय मोहन करता है वैसा अभिषेक नहीं करता है।	जैसे मोहन अभिनय करता है वैसे अभिषेक नहीं अभिनय करता है।
6	अनेक लोग घर में भोजन नहीं करते हैं।	अनेक लोग घर पर भोजन नहीं करते हैं।
5	आज उसका विवाह है।	आज उसका विवाह है।
4	राष्ट्र के भी मित्र होते हैं।	राष्ट्र के भी मित्र होते हैं।
14	लंबे समय से पश्चात् अयोध्या में श्रीराम की प्राणप्रतिष्ठा-माध्यम से सनातन-भारतीय-मूल्यों की प्रतिष्ठितता है जो कलिकाला में राम राज्य के संकल्पों कामूर्त रूप प्रस्तुत करेगा।	लंबे समय बाद अयोध्या में श्रीराम की प्राणों कीप्रतिष्ठा-माध्यम से सनातन-भारतीय-मूल्यों की स्थापना है जो कलिका में राम राज्य के संकल्पों का मूर्त रूप प्रस्तुत करेगी।
6	यह नेहरू पर्वतारोहण संस्थान के विश्लेषक थे जो बर्फ में फिसल गए।	नेहरू पर्वतारोहण संस्थान की निरीक्षक टीम ही बर्फबारी में फिसल गई।
8	सामान्य विकास के समय चैतन्य शर्मा की जगह विधायक नंदलाल सदस्य बनेगा।	सामान्य विकास समिति के चैतन्य शर्मा के स्थान पर विधायक नन्दलाल सदस्य होंगे।
5	रात में घने अन्धकार में हमारे वीर सैनिक सीमापार गए।	रात में घनन्धकार में वीर सैनिक सीमापार गए।
7	उन्होंनेन्हों नेसरोजिनी नायडू के साथ भी काम किया।	उन्होंने सरोजिनी नायडू के साथ भी काम किया।
4	मैं मूंग का हलुआ पकाऊंगी।	मैं मूँगों का हलुआ पकाता हूँ।
4	निश्चय ही गोधन सब धनों में श्रेष्ठ धन है।	ये दोनों ही विश्वरूप हैं, सभी रूप और गोरूप हैं।
3	कलिंग देश में तुमने ब्राह्मण को मारा हैं।	कलिङ्ग में ब्राह्मण को मार डाला।
5	वह हररोज ऐसे ही झूलता है	वह प्रतिदिन वैसे ही झूलता है।
1	चतुर	निपुण
4	वह रंगमंच की व्यवस्था देखती है।	वह रंगमंच की व्यवस्था देखती है।
4	ईश्वर के व्याप्ति योग्य है यह सब	ईशा निवास करती है यह सब
4	पुस्तक चाटूँ क्या ?	पुस्तक ले लो क्या?
4	जिसका अब समाप्ति हो गई।	जिसका अब समापन हो गया है।
9	उनके लेखन और बच्चों की कविताओं को कई कक्षा की पाठ्यपुस्तकों में शामिल किया गया था।	उनके द्वारा रचित लेखन और बाल कवि अनेक कक्षाओं के पाठ्यपुस्तकों में जगह बनाते थे।
9	ओरिया भाषा के पुरातनत्त्व शास्त्र के अनुसार यह नृत्य परंपरा भारत की प्राचीनतम नृत्य परंपरा है।	ओरिया भाषा के पुरातत्वशास्त्र के अनुसार, यह नृत्य परंपरा भारत की प्राचीनतम नृत्य पद्धति है।
25	योजना के तहत लाभार्थीओं को केवल एक प्रतिशत राशि सुरक्षा जमा के रूप में देने होंगे जब सरकार द्वारा एक प्रतिशत बैंक खाते की सुविधा प्रदान की जाएगी और सरकार द्वारा एक प्रतिशत इक्विटी भी प्रदान किया जाएगा।	योजना के तहत लाभार्थियों को केवल एक प्रतिशत राशि सुरक्षा योजना के रूप में देनी होगी जब एक प्रतिशत बैंक ऋण की सुविधा सरकार द्वारा प्रदान की जाएगी और एक प्रतिशत इक्विटी भी सरकार द्वारा प्रदान की जाएगी।
8	इस में महिला, यून, किसान, और निर्धन परिवार शामिल हैं।	इसमें महिलाएँ, यून, किसान, निर्धन परिवार भी शामिल हैं।
1	खेलना	खेलता है
7	घटना का फुटेज अब सोशल मीडिया पर व्यापक रूप से प्रसारित हो रहा है।	इस घटना का फुटेज अब सोशल मीडिया पर खूब चर्चा हो रहा है.
7	पण्डित मन्यमान प्रायः ऐसे विवादों में कुपित होते हैं।	पण्डित मानियों को प्रायः ऐसे विवादों में गुस्सा आता है।
6	बालक विद्यालय जाकर पुस्तक पढ़ता है।	बालक विद्यालय जाकर पुस्तक पढ़ता है।
1	सामग्री	जड़ा हुआ
8	सभा में आकर पहले धर्मशाला विधेयक पर सुधीर शर्मा ने अभिनन्दन किया।	सभा में आकर पहले धर्मशाला विधायी सुधीर शर्मा को बधाई दी।
5	तीर्थों का परिचय मानव जीवन का अङ्ग होता है।	तीर्थों का परिचय मानव जीवन का अङ्ग होता है।
6	चिराग - हाँ सभी प्यार से चल रहे हैं।	चिराग-हाँ सभी प्रेम से चलते हैं।
4	आपने झरना देखा है?	क्या आपने झरने देखे हैं?
6	मनुष्य को कोई सहायक लेना ही चाहिए।	पुरुष को कोई भी सहायता करनी चाहिए।
13	मोदी ने कहा कि सरकार की कोशिश है और सहयोग किया गया है- ग्रामीण जीवन का प्रबल पक्ष हो गया है.	मोदी ने कहा कि सरकार का प्रयास है कि सहयोग किया जाए-ग्रामीण जीवन का प्रबल-पक्ष जुड़ा हुआ है।
7	अहंकार के कारण वह निर्दोषों को भी मारता था	अहंकार के कारण वह निर्दोषों को भी मार रहा था।
5	दूध पसन्द नहीं है क्या ?	दूध पसंद नहीं है क्या?
6	आज सुबह नीरजा बहन जुहू चौपाटी गई।	आज सुबह नीरजा बहन जुहू में गई।
10	शौनक ने ठण्ड से दाँतो की बीणा बजा रहे सूत से कहा महर्ष | यह बहुत ही विषम काल आ गया है।	ठण्ड के आघात से दाँतों से पीड़ित होकर पुकारते हुए सूते शौणक ने कहा-- हे महर्षि! यह विष का समय है।
4	आज उसका विवाह है।	आज उसका विवाह है।
9	उसी क्रम में और बीच में स्नातक पद और स्नातकोत्तर उपाधि प्राप्त हुए।	उसी प्रकार क्रमशः और बीच में स्नातक डिग्री और स्नातकोत्तर डिग्री प्राप्त की।
7	धन से नष्ट हुए व्यक्ति का कुछ भी नष्ट नहीं हुआ किन्तु यदि चरित्र नष्ट हुआ तो वह मरे हुए के समान है।	धन की कमी से थका हुआ वह व्यक्ति मारा गया।
3	वह उस कुएं में स्नान करता है।	वह उस कुएं में डूबता है।
17	यह बच्ची विरोध के रूप में रोती थी, जो अभियुक्त डर गई थी, उसने उसे धन देकर शान्त करने का भी प्रयत्न किया।	भयभीत बालिका विरोध के रूप में रो रही थी, जिससे अभियुक्त भयभीत हो गया, उसने उसे धन देकर शान्त करने का भी प्रयास किया।
11	उन्होंने कहा कि केक पाठक नवरात्र कुमार की दृष्टि से कार्य कर रहा है।	केके पाठक अखिलेश कुमार की दृष्टि से काम कर रहे हैं, उन्होंने कहा था।
4	अभी सब सध्या खा रहे हैं।	अब सभी सधु खा रहे हैं।
6	मैं मोरीबी गाँव का निवासी हूँ !	मैं मोरीबी गाँव का निवासी हूँ!
6	उनकी भाषा भी संस्कृत थी	उनकी भाषा भी संस्कृत भाषा थी।
10	मैंने यह विजय प्राप्त किया, रणे में रावण मारा और लंका को मैंने वशीभूत कर दिया।	यह विजय मुझे प्राप्त हुई, रण में रावण मारा गया और लंका को मैंने वश में कर लिया।
8	निकोलस – ये राज्य ‘सात बहनें’ इस नाम से किस प्रकार कहे जाते हैं?	निकोलस-इन राज्यों को सात बहनें क्यों कहा जाता है?
5	सारिका धीरे धीरे चलती है ।	सारिका धीरे धीरे चलती है।
3	मैं सत्य कहूँगा और तपस्या से ब्रह्मा का ज्ञान प्राप्त करूँगा।	सत्य बोलूँगा तपस्या से।
7	वो दोनों देवनागरी में ही हस्ताक्षर करती हैं	वे दोनों देवनागरी में ही हस्ताक्षर करते हैं।
6	तिब्बती समुदाय के लोग अपने घरों की सफाई में व्यस्त हैं।	तिब्बती समुदाय के लोग अपने घरों का सौंदर्य बनाने में व्यस्त हैं।
9	साथ ही अनला नाम एक सुन्दरी कन्या भी हुई।	और अनला नाम की एक सुंदर लड़की भी हो गई।
11	कार्यक्रम में मुख्य अतिथि रहे उच्च शिक्षा मंत्री ने कहा कि सरकार पाणिनी संस्कृत विश्वविद्यालय के सभी रूपों में विकास के लिए प्रतिबद्ध है।	कार्यक्रम में मुख्य अतिथि के रूप में बैठे उच्च शिक्षा मंत्री ने कहा कि पाणिनि संस्कृत विश्वविद्यालय के सभी प्रकार के विकास के लिए सरकार ने संकल्प किया है।
6	हिमांशु – चलने की अनुमति कब देंगे ?	हिमांशु-चलने की अनुमति कब देंगे?
9	वास्तव में विपक्षी दल के सदस्य गोमय को लेकर विधानसभा परिसर में पहुंचे थे।	वास्तव में विपक्षी सदस्यों ने गोवा में विधानसभा परिसर में प्रवेश किया था।
7	कार्य की समाप्ति पर वेतन से अतिरिक्त गजधरों को सम्मान भी प्रदान किया जाता था।	काम समाप्त होने पर वेतन के अलावा हाथी घर से सम्मान भी दिया जाता था।
13	संयुक्त राष्ट्र महासभा के आठवें सत्र के अध्यक्ष डेनिस फ्रांसिस आज दिल्ली पहुंच गए हैं-दिवसीय-भारत-यात्रा-सम्बन्धी में.	संयुक्त राष्ट्र महासभा के आठवें सत्र के अध्यक्ष डेनिस फ्रांसिस पांच दिवसीय भारत यात्रा के संबंध में आज दिल्ली पहुंचे हैं।
3	मेरे पिता का है।	मेरा पैतृक।
3	यह संदीप है ।	यह संदीप है।
4	बहनें विष्णुसहस्रनाम गाती हैं।	बहनें विष्णुसहस्रनाम गाती हैं।
4	राजा से द्वेष उत्पन्न करने वाली बात कभी नहीं बोलनी चाहिए।	राजद्वेष नहीं बोलना चाहिए।
3	आगे सीढ़ी है।	आगे सीढ़ी है।
3	घना वन है।	घना जंगल है।
6	माँ उसके लिए कपड़े देती है।	माँ उसके लिये वस्त्र देती है।
12	श्रीरामचन्द्रजी ने अपनी माता को देखते ही शीघ्रता पूर्वक उठकर उनके चरणों की वन्दना की और उन्होंने अत्यन्त दुःखी नेत्रों में जल भरकर पुत्र को हृदय से लगाया ॥	श्रीरामचन्द्रजी अपनी माता को देखकर शीघ्र ही उठ खड़े हुए और उनके चरणों में आँसू बहाते हुए पुत्र को गले लगाने के कारण दुःखित हो गये॥
3	जहां तुम जाते हो।	जहाँ तुम जाते हो।
6	उनमें से एक थे खुदीराम बोस जी।	उनमें से एक खुदीराम बोस थे।
4	उसके बाद सभी योगासन करेंगे।	उसके बाद सभी योगासन करेंगे।
7	कार्य की समाप्ति पर वेतन से अतिरिक्त गजधरों को सम्मान भी प्रदान किया जाता था।	काम समाप्त होने पर वेतन के अलावा हाथी घर से सम्मान भी दिया जाता था।
7	कार्यक्रम में भारत सरकार के शिक्षा मंत्री धर्मेन्द्र प्रधान मुख्य अतिथि के रूप में रहे।	कार्यक्रम में भारत सरकार के शिक्षा मंत्री धर्मेन्द्र प्रधान विशिष्ट अतिथि के रूप में थे।
5	चन्द्रमा किनका आभूषण है?	चन्द्रमा कछुए का आभूषण है?
1	जागते हो।	समझते हो।
11	श्री अखिलेश जी के प्रयास से अनेक विश्वविद्यालयों और कॉलेजों में संस्कृत का संचरण शिक्षण रूप धारण किया गया है।	महोदया के प्रयास से अनेक विश्वविद्यालयों और कॉलेजों में संस्कृत की संचार शिक्षा प्रणाली तैयार हो गई है।
8	गृह विभाग, हिमाचल प्रदेश-लोकसेवा- कमीशन के माध्यम से नियुक्त नए मानकों का निर्धारण किया गया है।	गृह विभाग ने हिमाचल प्रदेश-लोकसेवा-आयोग के माध्यम से नियुक्त होने के नए मानक निर्धारित किए गए हैं।
5	तुमको कौन नहीं जानता ?	तुम्हें कौन नहीं जानता?
11	गुटेरसेन ने यह पता लगाने के लिये इजरायल से कहा कि सहायक कर्मचारी सुरक्षित वातावरण में कार्यरत हैं।	गुटेरसेन ने इजराइल से यह सुनिश्चित करने के लिए कहा कि सहायता कर्मचारी सुरक्षित हैं-वातावरण में काम करना चाहिए।
16	अभिमान मद्यपानके समान है, गौरव (बड़प्पन) रौरवनरकके तुल्य है और प्रतिष्ठा (मान बड़ाई) सूकर- विष्ठाके सदृश है; अत: इन तीनोंको त्यागकर हरिका भजन करे	हे हरि! यज्ञ के बिना मूर्ति, अहंकार, मद्यपान, गौरव और रोवर के समान कोई वस्तु नहीं है। तीन प्रकार के आभूषणों को त्यागकर श्रीहरि सम्मानशाली हैं।
4	नगर में रहनवाले दुष्ट लोग भी नगर ही में रहते हैं।	नागरिक शहर में ही रहते हैं।
7	वह वृद्ध माता पेड़ के नीचे खड़ी है	वह वृद्धा माँ वृक्ष के नीचे खड\u093Cी है।
4	धर्मशाला में राज्य स्तरीय काम होगा।	धर्मशाला में राज्य स्तरीय कार्य होगा।
15	आक्षेपों को आमंत्रित करके अन्य सभी प्रक्रियाओं को पूरा करके विकास योजना को अंतिम रूप से निर्धारित नहीं किया जा सकता।	आपत्तियों को आमंत्रित करके अन्य सभी प्रक्रियाओं को पूरा करके विकास योजना को अंतिम रूप से निर्धारित किया गया है, यह भी उपेक्षा नहीं की जा सकती है।
4	कुछ युवतियाँ भी दौड़ रही हैं	कुछ युवतियाँ भी दौड़ती हैं।
11	उद्योग मंत्री हर्षवर्धनचौहान ने औद्योगिक इकाइयों और सुरक्षा पक्ष की समीक्षा के लिए संयुक्त कार्यदल का संगठन का घोषणा की।	उद्योग मंत्री हर्षवर्धन चौहान ने औद्योगिक इकाइयों के सुरक्षा पक्ष की समीक्षा के लिए संयुक्त कार्य दल की घोषणा की।
6	परमेश्वर , उसकी आत्मा को शान्ति दें ।	परमेश्वर, उसके मन में शान्ति दे।
4	बलशाली हाथी किससे बाँधा जाता है?	शक्तिशाली हाथी को कौन बाँधता है?
4	अभी ही स्कूल चलो ....	अभी ही विद्यालय चलो....
4	मोर किसानों का मित्र है।	मोर किसानों का मित्र है।
11	विषयरूपी विषधरोंसे डँसे जानेके कारण जिनकी सुध- बुध नष्ट हो चुकी है, वे मनुष्य यदि आत्मसंजीवनके लिये गीतारूप औषधका सेवन नहीं करते तो अमृतके घड़े लेकर सामने आयी हुई अन्नपूर्णा देवीकी उपेक्षा करके अनके बिना सूखनेवालोंकी तरह उन बेचारोंका भाग्य ही मारा गया है	यदि वह आत्मा को जीवन्त करने के लिए गीता को नहीं धारण करता है, तो वह आत्मा को विष देने वाली है, दाँतों को नष्ट करने वाली है, आत्मा को नहीं जानने वाली है, जो अमृत से परिपूर्ण है, अमृत से परिपूर्ण और अन्न से परिपूर्ण है, वह शाणवीरों की हा हा हा हा हा हा हा हा हा हा हा हा हा हा हा हा हा हा हा हा हा हा हा हा हा हा हा हा हा हा हा हा हा हा हा हा हा हा हा हा हा हा
14	पुरातत्त्व सर्वेक्षण द्वारा पूर्व नवंबर में दिन का विस्तार मांगा गया था, न्यायालय द्वारा दिन का विस्तार किया गया था।	पुरातत्व सर्वेक्षण ने पहले नवंबर को दिन का विस्तार मांगा था, और कोर्ट ने दिन का विस्तार किया था।
4	वह भूमि खनन करता है।	वह भूमि खोदता है।
4	अतिथियों की सेवा करता है वा नहीं।	अतिथि की सेवा करते हो या नहीं?
1	कर लिया है निश्चय जिसने ।	दृढ़ संकल्प
9	तो इन शब्दों के ज्ञान से धर्म होता है या प्रयोग से ?	तो इन शब्दों का ज्ञान से धर्म होता है या प्रयोग से?
4	उसका बेटा गिर गया ।	उसका बेटा गिर गया।
9	उन्नत और पुष्ट कन्धोंपर लटकते हुए कुण्डल तथा अलकोंसे जिनकी सदृश (उन्नत) ग्रीवा मनोहर मालूम होती है जो अपने मुखकी शोभासे निर्मल पूर्णचन्द्रविम्ब तथा श्वेत कमलको कान्तिको तिरस्कृत कर रहे हैं हुए सुन्दर पद्मके समान जिनके मनोहर नेत्र हैं; विलासमयी भौंहें हैं, अमल अधर हैं, मधुर मुसकान है, कोमल कपोल, ऊँची नासिका और भालदेशमें लटकी हुई अलकें हैं [ ऐसे आपको मैं कब आनन्दित करूंगा ? ]	उदग्रपीणोंकी विलम्ब, कुण्डल, लालकवल्ली, बन्धुका, कुम्बुकन्धुर, मुखको आश्रय देनेवाली, निर्मल, मुरझाये हुए अङ्गोंकी नोकोंको ढकनेवाली, नेत्रोंकी जोर-जोरसे आश्रय लेनेवाली, प्रकाशमय, नेत्रोंकी तीक्ष्णता, स्वचलनकी तीक्ष्णता, मूंझमें चमकती हुई, कोमल और गन्दे मुखवाली और ललाटके समान विलम्बसे व्याकुल मुखवाली।।
7	बीच में स्थित सफ़ेद रंग सात्विकता और ईमानदारी का द्योतक है।	बीच में स्थित सफ़ेद रंग सात्विकता और शुद्धता का सूचक है।
7	परन्तु हे अर्जुन  जो पुरुष मन से इन्द्रियों को वश में करके अनासक्त हुआ कर्मेंन्द्रियों से कर्मयोग का आचरण करता है वह श्रेष्ठ है।।	हे अर्जुन! जो मन, इन्द्रियाँ और नियम के द्वारा उत्पन्न होता है, वह कर्म और इन्द्रियों के द्वारा कर्मयोग में आसक्त होता है, वह विशिष्ट होता है।।
54	कुलपति प्रोफेसर एस.एस. मयूरी, प्रोफेसर जेएस. नेगी, डॉ. प्रमोद जोशी, डॉ. शरदभट्ट, डॉ. निवेदिता अवस्थी, डॉ. योगेश चंद्र, डॉ. आर.एस. कन्नौजिया, डॉ. मूलचंद्र- पाण्डे महोदय के खाती, शुक्ल, डॉ. दीपक डॉ. डी. एन. जोशी, गोविन्द सिंह जंगपांगी आदि शिक्षकों एवं शिक्षण परीक्षकों ने प्रोफेसर पाण्डे को प्रसन्न मन से मंगलकाम और बधाई दी।	इस अवसर पर कुलपति श्री डी. सिंह, डॉ. कन्नौजिया, प्रोफेसर एस. एस. एस. मौर्या, प्रोफेसर एस. एस. एस. एस. एस. एस. एस. एस. एस. एस. एस. एस. एस. एस. एस. एस. एस. एस. एस. एस. एस. एस. एस. एस. एस. एस. एस. एस. एस. एस. एस. एस. एस. एस. एस. एस. एस. एस. एस. एस. एस. एस. एस. एस. एस. एस
12	फाइनल में ऑस्ट्रेलिया ने 20 विकेट पर सात बल्लेबाजों के नुकसान पर 186 रन बनाए.	फाइनल में ऑस्ट्रेलिया की पहली टीम ने 20 थ्रोइंग व्हील्स में सात बल्लेबाजों के नुकसान पर 182 रन बनाए।
6	सूत्रसञ्चालन त्रिम्बक केदार, श्रीराज शेलार ने किया।	सूत्रसञ्चालन त्रिम्बक केदार और श्रीराज शेलर ने किया।
6	एक बार दस लड़के स्नान के लिए नदी पर गए।	एक बार दस बच्चे स्नान के लिए नदी पर गए।
1	छेद करना	जाना
1	पाना	पाने के लिए
6	पहले चरण के नव उद्द्घ विमान विकसित हो जाएँगे।	पहले चरण के नौ उन्नत विमान विकसित होंगे।
11	हे रघुश्रेष्ठ ! पहले इस आश्रम में मेरे गुरु महर्षि मतंग जी रहते थे। उनकी सेवाशुश्रूषा करती हुई में हजारों वर्षों से यहाँ रहती हूँ। महर्षि ने अब ब्रह्म पद प्राप्त कर लिया है। उन्होंने जाते समय मुझसे कहा था कि तुम एकाग्रमन हो यहीं रहो ॥	हे रघुश्रेष्ठ गुरु! मेरे आश्रम में महर्षियों ने स्थित होकर उनकी सेवा की।
5	आञ्चल उत्तराखंड के जुडू गाँव के निवासी हैं।	आञ्चल उत्तराखंड के जुडू गाँव का निवासी है।
4	गिलहरी यहाँ वहाँ दौड़ रही थी।	गिलहरी इधरउधर दौड़ रही थी।
8	उसके द्वारा पढ़ाए हुए छात्र आज उसके घर आए।	उसके द्वारा पढ\u093Cाए हुए छात्र आज उसके घर आए।
9	रामचरण''संजयलीला भंसाली''इस फिल्म से सुभाषचेता का पदार्पण करेगा।	रामचरण "संजयलीला भंसाली" इस फिल्म से वह रेलमार्ग के क्षेत्र में पदार्पण करेंगे।
5	हाँ , यहाँ सब कुशल है ।	हाँ यहाँ सब कुशल है।
15	जिसमें कोरोमंडेल एक्सप्रेस का वाहन पटलों पर एक मालवाहक के साथटकरा रहा था, उसकी कक्षा रास्ते से गिर गई।	जिस कोरमंडेल एक्सप्रेस वाहन को पटियों पर स्थित एक मालवाहक के साथ दुर्घटनाग्रस्त कर दिया गया था, उसकी कक्षा रास्ते में गिर गई।
1	बीज ।	बीज
3	कैसे कर रहे हैं ?	कैसे करते हैं?
8	दसवें ( अन्तिम) पृष्ठ पर वह दुर्घटना के चित्र देखता है।	दसवें (अंतिम) पृष्ठ पर वह दुर्घटना के चित्र देखता है।
3	यहीं बात करिये।	यहीं वार्तालाप करिये।
6	हारे हुए मुसलमान लोग ब भी उपद्रव शर्थात् धूम धाम नहीं छोड़ते।	पगाजिता भी यवन अब भी द्रव नहीं छोड़ते हैं।
7	भारत के विविध स्थलों के बारे में प्रश्न थे।	भारत के विविध स्थलों के बारे में भी प्रश्न थे।
11	जो ब्राह्मण पानी के स्थानों, बावड़ी, कुआं, तालाब, बाग-बगीचों और मंदिरों में तोड़- फोड़ करने में किसी प्रकार का भय न अनुभव करते हों, उन्हें म्लेच्छ कहा जाता है।	वापी कुएं के तालाबों के राम और वेश्याओं के निकालने में संकोच करने वाले उस ब्राह्मण को म्लेच्छ कहा जाता है।
9	भारत के उच्चायुक्त संतोषजो ने आज कोलम्बो शहर की भारत-बात में राष्ट्रीय ध्वज फहराया.	भारत के उच्चायुक्त संतोष झा ने आज कोलंबो शहर का भारत-भवन में राष्ट्रीय ध्वज फहराया।
1	अमृत	अच्छा
10	गोशाला में सोलन जिले के पट्टा और कांगड़ा जिले के पालमपुर में अनुमोदन किया गया था।	गोष्ठी में सोलन जिले के पट्टा और कांगड़ा जिले के पालमपुर में खंड विकास कार्यालयों के उद्घाटन के लिए मंजूरी दी गई।
12	आरुणि – हे सौम्य! शरीर द्वारा ग्रहण किए गए तेज (ऊर्जा) की अणिमा वाणी बन जाती है।	आरुणि-हे सौम्य! जो तेज चमकता है, वह अग्नि को जलाता है। वह वास्तव में बोलती है।
1	स्वर्ग में	स्वर्ग में
3	कुछ देर तो ठहरिए।	थोड़ी देर ठहरो।
13	उन्होंने राजमार्ग पर सड़क दुर्घटनाओं को दूर करने के लिए सड़क अभियन्त्री-क्षेत्र में वैश्विक उत्कृष्ट-प्रथा को स्वीकार करने के लिए आग्रह किया है।	उन्होंने राजमार्ग पर सड़क दुर्घटनाओं को रोकने के लिए सड़क अभियंत्रण-क्षेत्र में वैश्विक सर्वश्रेष्ठ-उन्होंने आग्रह किया कि प्रथाओं को अपनाया जाए।
3	सुजाता दाहिने हाथ से लिखती है	सुजाता दाहिने हाथ से लिखती है।
3	कचरा डब्बे में डालती है।	कूड़ा बर्तन में डालता है।
9	उन्होंने कहा कि आज उत्तर प्रदेश में निवेशक बड़ी संख्या में निवेश कर रहे हैं।	उन्होंने कहा कि आज उत्तर प्रदेश में निवेशक बड़ी संख्या में निवेश करते हैं।
3	वर्तमान सरकार ने जल का उपकार किया है।	वर्तमान सरकार ने जलोपकर किया है।
14	वे यद्यपि वैराग्य शास्त्र (अर्थात वेदान्त, साङ्ख्य, ब्रह्मसूत्र, पञ्चदशी, इत्यादि वैराग्य प्रदान करने वाले शास्त्र) से विभूषित हैं, फिर भी कभीकभी जब वह साहित्य पढ़ाने में आनन्दित होते हैं तो अनेक रसों में शृङ्गार, हास्य, करुण आदि रसों में (खूब डूब जाते हैं और अध्यापन रूपी) दक्षताओं के द्वारा छात्रों की हार्दिक गुरुत्व की पदवी को और प्रेम को प्राप्त करते हैं ।	विराग्य शास्त्रों से युक्त होने पर भी कोई व्यक्ति कभी-कभी साहित्यिक पठन-पाठन के रीति-रिवाजों से रसों में रमता रहता है। सुन्दर, हास्य, करुणा आदि दक्षताओं से वह छात्र के हृदय में गौरव को प्राप्त करता है।
13	इसके साथ शिक्षा में व्यापक उन्नति की प्रतिज्ञा को पूरा करने के लिए अग्रिम शिक्षा मंत्री से सभी सरकारी स्कूलों में अंग्रेजी भाषा अनिवार्य होगी।	इसके साथ ही शिक्षा में व्यापक विकास की प्रतिज्ञा को पूरा करने के बाद, सभी सरकारी स्कूलों में अंग्रेजी भाषा अनिवार्य हो जाएगी।
11	राष्ट्रीय स्वास्थ्य मिशन ने भुगतान नहीं किया इसलिये क्रासना-प्रयोगशाला में संस्थाओं की सेवा निलंबित कर दी गई।	राष्ट्रीय स्वास्थ्य मिशन ने धन नहीं छोड़ा है इसीलिए क्रासना-प्रयोगशाला संस्थानों में सेवाएं निलंबित कर दी गईं।
11	क्योंकि अयोग्य पात्र में रखी गई (अर्थात् की गई) कोई (भी) क्रिया फल देने वाली नहीं होती। सैंकड़ों तरीकों से उपाय करने पर भी बगुले को तोते की तरह नहीं पढ़ाया जा सकता |	क्योंकि मनुष्य को बिना किसी वस्तु के मारा गया, बिना किसी वस्तु के फल प्राप्त नहीं हो सकते और न ही मनुष्य को बिना किसी वस्तु के पढ़ा जा सकता है।
11	हे माधव  !  इसलिये अपने बान्धव धृतराष्ट्र के पुत्रों को मारना हमारे लिए योग्य नहीं है,  क्योंकि स्वजनों को मारकर हम कैसे सुखी होंगे।	हे माधव! हम धर्मात्माओं को मारने के योग्य हैं, अपने मित्रों को मारने के योग्य हैं। अपने मित्रों को मारने के योग्य हम सुखी कैसे हैं?
10	रविवार रात को केलांग में पर्दे को कम कर दिया गया।	रविवार रात केलांग शहर में पारा सबसे कम डिग्री प्राप्त हुई।
5	क्रोधित किसान ने उसको उठाने के लिए बहुत बार प्रयत्न कि	क्रोधित किसान ने उसे उठाने के लिये अनेक बार प्रयत्न किये।
8	इसी प्रकार क्षणभर में उन्होंनेन्हों का रोमांचक युद्ध हुआ।	इसी प्रकार एक मुहूर्त तक उनका रोमहर्षण तुम्हारा युद्ध हुआ।
4	फिर भी वह संस्कृत में बोलता है ।	फिर भी वह संस्कृत में बोलता है।
3	पिताजी को परसों लौट जाएँगे।	पिता परसों लौटेगा।
24	समाचार के अनुसार''भूलभूमि''इसी मुख्यभूमि पर उपस्थित कार्तिक''भूलभूमि''इसमें भी दिखती है. लेकिन इस समय में कियारा अडवाणी का उपस्थित होना बहुत छोटा है।	समाचार के अनुसार "भूलभुलैया" इस मुख्यभूमि पर उपस्थित कार्तिक "भूल भुलैया" इस में भी दिखाई देता है। लेकिन इस समय कियारा आडवाणी की उपस्थिति की संभावना बहुत कम है।
1	स्त्री रहित	द्वारपाल
7	पराला से लौटकर मुख्यमंत्री ठियोग क्षेत्र की आलू बन गयी।	पराला से लौटकर मुख्यमंत्री ठियोग क्षेत्र की आलू-भूमि पर पहुंचे।
6	अब असम सैनिकों का प्रयाणगीत बदलूराम के नाम पर है।	अब असम सैनिकों का यात्रा गीत बदलूराम के नाम पर है।
1	पानी	पानी
6	नीरज -वे दोनों क्या कर रहे हैं ?	नीरज-वे दोनों क्या कर रहे हैं?
3	हमारी सखी पर दोष आयेगा।	न तो सखी ही दोष है।
5	वह नदी से जल लाता है।	वह नदी का जल लाता है।
3	बहुत स्वादिष्ट होती है।	बहुत स्वादिष्ट होता है।
19	यह सुझाव दिया गया है कि यह पात्र अतीत के किसी व्यक्ति की ऐसी तस्वीर छापने वाला पहला व्यक्ति है। फोटोग्राफर को गुस्से भरी नजरों से देखते ट्रंप की एक तस्वीर जेल अधिकारियों ने दोबारा निकाली.	कथित तौर पर यह पहली बार है जब किसी पूर्व व्यक्ति की ऐसी तस्वीर पोस्ट की गई है। कथित तौर पर क्रोधित कैमरून को देखकर ट्रम्प का एक चित्र जेल अधिकारियों ने फिर से निकाला है।
13	कुछ नेताओं ने समागम में यह भी कहा कि पिछले सप्ताह दर्ज मामले अभी भी निवृत्त नहीं हैं।	कुछ नेताओं ने बैठक में नाराजगी व्यक्त की कि पिछले सरकार में दर्ज मामले आज भी समाप्त नहीं हुए हैं।
6	क्रोध से उत्पन्न होता है मोह और मोह से स्मृति विभ्रम। स्मृति के भ्रमित होने पर बुद्धि का नाश होता है और बुद्धि के नाश होने से वह मनुष्य नष्ट हो जाता है।।	क्रोध से संमोह उत्पन्न होता है, संमोह से स्मृति भ्रम उत्पन्न होता है, स्मृतिभ्रंश से बुद्धि का नाश होता है और बुद्धि का नाश होता है।
11	इस तरह से सभी उत्पादों की पढ़ाई से स्पष्ट हो जाता है कि''पुराण''इसका वर्णन प्राचीन काल से सम्बद्ध है।	इन सभी उत्पत्तिक नामों का अध्ययन करने से यह स्पष्ट हो जाता है कि "पुराण" इसका वर्णय विषय प्राचीन काल से जुड़ा हुआ है।
8	संगीता रेलमार्ग, नन्दिनी नैथानी कार्यक्रम के संयोजक के रूप में थे।	संगीता रेलमार्ग और नन्दिनी नैथानी कार्यक्रम संयोजक के रूप में थे।
8	उन्होंने कहा कि अयोध्या में भव्य राम मंदिर बन गया है।	उन्होंने कहा कि अयोध्या में भव्य राम मंदिर बन गया है।
12	जो मनुष्य अधिक पैदल चलता अथवा यात्रा में रहता है, वह जल्दी बूढ़ा हो जाता है। यदि घोड़ों को हर समय बांधकर रखा जाएगा तो वे भी जल्दी बूढ़े हो जाते हैं। स्त्रियों से यदि संभोग न किया जाए तो वे जल्दी बूढ़ी हो जाती हैं। इसी प्रकार मनुष्य के कपड़े धूप के कारण जल्दी फट जाते हैं अर्थात धूप उन्हें जल्दी बूढ़ा कर देती है ।	अथवा मनुष्यों के वस्त्रों का बन्धन जरायु से होता है। स्त्रियों के वस्त्रों का बन्धन जरायु से होता है।
7	वह वहाँ चुपचाप बैठा है, कुछ भी नहीं बोल रहा है	वह वहाँ चुपचाप ही खड़ा है, कुछ नहीं बोलता है।
1	जिसे अर्थ का ज्ञान नहीं है	अनुचित को जानने वाला
4	विशाखा अपने कान पर झुमका लगाती है।	विशाखा अपने कान में कान की ललाट रखती है।
2	पानी पीती हैं ।	पानी पीते हैं।
16	राज्यपाल ने कहा कि सरकार ने युवाओं को अपने जीवन के अवसर देने और उद्यमशीलता को प्रोत्साहित करने के लिए 2023 का राजीव गांधी स्वरोजगार योजना का आयोजन किया है।	राज्यपाल ने कहा कि सरकार ने युवाओं को अपनी आजीविका के अवसर देने और उद्यमशीलता को प्रोत्साहित करने के लिए राजीव गांधी रेलमार्ग योजना 2023 को लागू किया है।
6	सुबह तीन बजे वह सोया।	सुबह तीन बजे वह सोया।
8	अभी मैं अपने पिता की राजधानी अयोध्या लौटाऊँगा।	अब मैं मेरे पिता की राजधानी अयोध्या लौट जाऊँगा।
5	उसने मेददेव की स्वप्न में तोड़ दिया।	उसने मेदवेदेव के स्वप्न को तोड़ दिया।
12	सहितस्य भावः इति साहित्यम् अर्थात् जिसमें संसार का हित निहित है वह साहित्य है।	साथ का भाव साहित्य है अर्थात् जो लोक का हित निहित है वह साहित्य है।
4	संदीप कहाँ जाता है ?	संदीप कहाँ जाता है?
4	आप कहाँ रहते है?	आप कहाँ रहती हैं?
10	विद्वान कहते हैं की शिक्षा, व्याकरण, छन्द, निरुक्त, ज्योतिष, कल्प वेदों के छः अंग होते है।	विद्या, व्याकरण, छंद, निरुक्त ज्योतिष, कल्प का जल, वेद का कर्मनिषी लोग।।
3	उसने लड्डू खिलाया ।	उसने लड्डु खिलाया।
15	जयराम ठाकुर ने कहा कि इस लोकसभा चुनाव में भाजपा ने हिमाचल प्रदेश को हर मतदान से आगे बढ़ाने का लक्ष्य रखा है।	जयराम ठाकुर ने कहा कि इस लोकसभा चुनाव में भाजपा ने हिमाचल प्रदेश के प्रत्येक मतदान से आगे बढ़ने का लक्ष्य तय कर दिया है।
7	घटना का फुटेज अब सोशल मीडिया पर व्यापक रूप से प्रसारित हो रहा है।	इस घटना का फुटेज अब सोशल मीडिया पर खूब चर्चा हो रहा है.
3	नन्दिनी नहीं चलेगी।	नन्दिनी नहीं चलेगा।
14	संस्कृत भारती- जनवरी, जो हरियाणा के कैथेल जिले में प्रसिद्ध है, ने दिनांकित जनवरी सुबह तक भाषा प्रशिक्षण वर्ग का आयोजन किया।	संस्कृत भारती-हरियाणा के द्वारा कैथल जिले में प्रसिद्ध श्रीग्यारहुड़ी मंदिर में जनवरी, तारीख से जनवरी की सुबह तक भाषा के प्रचार-प्रसार का आयोजन किया गया।
11	रावण बोला अयोध्या के अधिपति राजादशरथ का बड़ा लड़का सत्य पराक्रमी राम हे ॥	राजा दशरथ, साकेताधिपति किला और उनके ज्येष्ठ पुत्र सत्यपराक्रम राम हैं॥
8	ऋषियों के द्वारा वेद मंत्रों की व्याख्या, समीक्षा और भाष्य किया जाता था।	ऋषिगण वेदमन्त्रों की व्याख्या, समीक्षा और भाष्य करते थे।
1	मित्रता की।	मित्रता ही
13	एक बनिये का लड़का - अपनी स्त्री के स्तनों को, दूसरे को दबाते हुए अपने आँखों से देख कर जैसे दुःखी हुआ था, वैसे ही तुम लोग भी दुःखी होगे |	जिस प्रकार खुद को देखकर, मारने से पीड़ित कुचकुंद को देखकर और बनिये के पुत्र को देखकर दुःख हुआ, तुम वैसे ही होगे।
12	दुबई के वैश्विक पर्यावरण सम्मेलन में दिया गया है, भारत लगातार पांच साल से शीर्ष दस देशों में से एक है।	दुबई के वैश्विक जलवायु सम्मेलन में डेटा के अनुसार, भारत लगातार पांच वर्षों से शीर्ष-दस देशों में से एक है।
11	मुख्यमंत्री सुखविंदर सिंह सुक्खू ने यह अतिरिक्त सोमवार को हिमाचल में छुट्टी की घोषणा की।	इसके अलावा मुख्यमंत्री सुखविंदर सिंह सुक्खू ने सोमवार को जनवरी को हिमाचल में छुट्टी की घोषणा की।
5	उनका प्रेणादायक प्रवचन मैंने सुना था।	उनका प्रेरणादायक प्रवचन मैंने सुना।
4	उनके गुरुकुल में कन्याएँ पढ़ती हैं ।	उसके गुरुकुल में कन्याएँ पढ़ती हैं।
8	मैं मेरी पत्नी के साथ बात कर रहा था।	मैं अपनी पत्नी के साथ बात कर रहा था।
9	आज समस्त संस्कारों में मनुष्य विद्वत्तारहित है, अनेक प्रकार के सुख-दुःख और वर्धमान दिखाई पड़ते हैं।	आज पूरे संसार में मनुष्य आपदा में है, और अनेक प्रकार के बढ़ते हुए दिखते हैं।
8	नए नियमों में उन्मत्त लोगों की हत्या के संदर्भ में मृत्युदंड की व्यवस्था की गई है।	नए नियमों में उन्मत्त लोगों के द्वारा हत्या के संदर्भ में मौत की सजा की व्यवस्था है।
7	उसने सोचा- ये बेचारे पुस्तक के दास वहीं रुकें	उसने सोचा-"रुकिये ये वरक पुस्तकों के दास हैं।
5	अमेरिका में भी संस्कृत भारती का कार्यालय है।	अमेरिका में भी संस्कृत भारती का कार्यालय है।
6	तुम किस कारण धन नहीं देते हो?	किस कारण से तुम धन नहीं देते हो?
3	क्षमाशील मनुष्य अपने सब कार्य सिद्ध कर लेता है।	क्षमा करके ही सब कुछ सिद्ध करता है।
6	आश्चर्य नहीं करना चाहिए, क्योंकि पृथ्वी बहुत रत्नोंवाली है।	बहुत रत्नों वाली वसुन्धरा को आश्चर्य नहीं करना चाहिए।
10	मैं उन ऋक्षा वानरों को भी फिर से निकालते हुए और बड़े बलशाली पुरुषों को देखना चाहता हूँ।	मैं उन ऋक्षों और वानरों को फिर से स्वच्छ और समृद्ध पुरुषों को देखना चाहता हूँ।
5	सभी बच्चे माताओं के साथ खेलेंगे।	सभी बच्चे माताओं के साथ खेलेंगे।
14	हे जटायु ! मेरी सुमुखी भार्या सीता को कौन ले गया है ? उसे बताओ। अहो! तुम मेरे कार्य के लिये मारे गये। अतः अवश्य ही तुम मेरे प्रिय बन्धु हो" ॥	हे जटायु! हे शुभानना! मेरी पत्नी किसके द्वारा ले जाई गयी है? मेरे कार्य के लिये तुम मारे गये हो। मेरे प्रिय बन्धु तुम हो॥
6	आठवें दिन फल को हिमाचल प्रदेश से जाना जा सकता है।	आठ तारीख को हिमाचल प्रदेश के साथ परिणाम ज्ञात किया जा सकता है।
6	ये ही मिलकर या अलग-अलग हमारे पर्यावरण को बनाते हैं।	उनके साथ मिलकर अलग-अलग हम अपना वातावरण बनाते हैं।
4	फल और छाया से युक्त महान वृक्ष सहारा लेने योग्य होता है।	बड़े वृक्ष को फल की छाया से सेवित किया जाना चाहिए।
9	यह समूह स्वकीया पत्रिका गुरुत्वा के नाम पर प्रकाशन करेगा।	यह समूह अपनी पत्रिका गुरुत्व का प्रकाशन करेगा।
8	जिलाधिकारीओं और संकुल के उत्कृष्ट विद्यालयों के निर्माण के लिए प्रारंभिक रिपोर्ट जारी करने के लिए कहा गया है।	जिला कलेक्टरों को संकुल और उत्कृष्ट विद्यालय के निर्माण के लिए प्रारंभिक रिपोर्ट तैयार करने के लिए कहा गया है।
14	शंकर ने प्रसन्न होकर अर्जुन को पाशुपतास्त्र देकर मनुष्यों में उसका प्रयोग प्रतिबंधित किया जाएगा ऐसा कहा।	शंकर प्रसन्न होकर अर्जुन को पाशुपतास्त्र देकर मनुष्यों में उसका प्रयोग निषिद्ध होगा, ऐसा उन्होंने कहा।
4	नाम बदल कर लिख रहा हूँ	नाम बदलकर लिखता हूँ।
4	पति - खाएगा ।	पति-खाएगा।
6	तो अब मैं विद्या प्राप्त करने के लिए गुरुकुल जाता हूँ। (प्रणाम करता हुआ चला जाता है)	तब से विद्या पढ़ने के लिए गुरुकुल ही जाता हूँ। (सप्रण जाता है)
10	अगर तुम ऊंचा बोलता है तो मैं तेरी बात सुन सकता हूँ।	यदि तुम जोर से बोलते हो तो मैं तुम्हारा भाषण सुन सकता हूँ।
17	विडम्बना है कि पारे को प्राप्त की आधुनिक पद्धति इस पुस्तक में देने का ही संस्कार है, केवल आधुनिक साधनों के साथ ही ..... यह बहुत महत्वपूर्ण है।	विडम्बना है कि पारे की प्राप्ति की आधुनिक पद्धति इस पुस्तक में दी गई है, केवल आधुनिक साधनों के साथ...! यह बहुत महत्वपूर्ण है।
7	राम के साथ लक्ष्मण भी वन को गया था।	राम के साथ लक्ष्मण भी वन गया था।
3	क्या वह खेल रहा है?	क्या वह खेलता है?
1	दुःखी होना	उसको
7	गिरफ्तारी अभियान में सात जिलों के सैकड़ों आरक्षकों ने भाग लिया।	सात जिलों से आए सैकड़ों आरक्षियों ने निरोध प्रक्रिया में भाग लिया।
5	सत्य का प्रचार बहरे कानों को भी खोल देता है।	ऋतु का श्लोक बहेरा है।
1	अपराध	अपराध
5	दुर्गावती का विवाह किसके साथ हुआ?	दुर्गावती का विवाह किसके साथ हुआ?
1	अतिशय	बहुत अधिक
8	क्षमा करियेगा , मैं वो काम भूल गया / भूल गई।	क्षमा करियेगा, मैं वह काम भूल गई/भूल गई।
4	आपकी पुस्तक.... ऐसी ही ।	आपकी पुस्तक... इसी प्रकार है।
6	दक्षा – मैंने तो आधा याद किया।	दक्षा-मैंने तो आधा याद किया।
2	वह कौन है?	वह कौन है?
4	उन्होंने वेदों का अध्ययन किया है।	उन्होंने वेदों का अध्ययन किया।
9	इसके पश्च्यात स्थूल भूतों से विराट् उत्पन्न हुआ और विराट् पुरुष से यह सम्पूर्ण स्थावरजंगम संसार प्रकट हुआ ॥	तत्पश्चात् विराट ने स्थूलरूप से उत्पन्न हुए दम्बक से संसार के समस्त अस्तव्यस्त जगत् को उत्पन्न किया।
12	परन्तु रावणकरमुक्त होकर वह महान् शूल ने रामकार्मकुन्तला समेत सभी बाणों को पक्षियों की तरह जला दिया।	परन्तु रावणकर से मुक्त हुए उस बड़े बैल ने रामकार्मुक से भरे हुए पतंगों के समान सभी बाणों को मारा।
10	मतदान के बाद सभी मतपेटियों को दिल्ली ले जाया जाएगा और मतपत्रों में फेरबदल किया जाएगा और बुधवार सुबह 10 बजे से गिनती की प्रक्रिया शुरू होगी.	मतदान के बाद, वोटों की गिनती बुधवार को दस बजे शुरू होगी और दिल्ली के सभी मतदान पत्र एकत्र किए जाएंगे।
6	नहीं समझ आ रहा है कि आज शब्द कहाँ गए।	नहीं पता आज शब्द कहाँ गए।
4	वहां कौन पढ़ रहा है।	वहाँ कौन पढ़ता है?
13	परन्तु उसी समय कृपापात्र ने अत्यधिक चातुर्यपूर्वक दुर्योधन के साथ रथ पर चढ़कर उसके प्राणों की रक्षा की।	परन्तु उसी समय कृपाचार्यों ने अत्यन्त चातुर्यपूर्वक दुर्योधन की रथ पर चढ़कर उसके प्राणों की रक्षा की।
5	अभिनय से पहले वह अभ्यास करता है।	अभिनय से पहले वह अभ्यास करता है।
6	मैं रात को तुम्हारे पास आऊंगा।	मैं रात में तुम्हारे पास आ जाऊँगा।
10	जनजागरण संस्थान धर्मशाला अब हिमाचल प्रदेश के केंद्रीय विश्वविद्यालय के धर्मशाला के विषय में विवादास्पद हो गया है।	जनसंचार संस्थान धर्मशाला अब हिमाचल प्रदेश के केंद्रीय विश्वविद्यालय के धर्मशाला के विषय में क्रोधित है।
1	(रूट) स्थिर बनाने के लिए अचेत करने के लिए	स्तुति करना
19	उस आयोग के अन्य सदस्यों में भगवान सहाय, एस चक्रवर्ती, एमएल धर, एमवी माथुर, जी पार्थसारथि और अन्य प्रमुख हैं।	उनके आयोग के अन्य सदस्यों में भगवान सहाय, एस चक्रवर्ती, एमएल धर, एमवी माथुर, जी पार्थसारथी और अन्य प्रमुख हैं।
5	उसने अपना वाहन तेज चलाया ।	उसने उसका वाहन तेज चलाया
5	उनका सात्विक स्वभाव सबको पसंद आता है।	उनका सात्विक स्वभाव सबको पसंद आता है।
8	वह मित्र पूछता है –कहाँ नियुक्ति पाई ?	वह मित्र से पूछता है-कहाँ से नियुक्ति मिली?
8	अखिलेश खान ने अपने अग्रिम फिल्म का भी चित्रिलन प्रारम्भ किया।	अखिलेश खान ने अपनी अग्रिम फिल्म का शूटिंग भी शुरू कर दिया।
9	मंदिरन्यास ने स्थल का चयन कर अब आगामि कार्य योजना को अंतिम रूप से तय किया है।	मंदिर मिशन के माध्यम से स्थल का चयन करके अब आगामी कार्य योजना अंतिम रूप से तय हो रही है।
4	नागेन्द्र घर के बगीचे में आम उगाता है	नागेन्द्र घर के आँगन में आम का पेड़ लगाता है।
8	कार्यक्रम की शुरूआत दीप प्रज्ज्वलन से हुई, और अतिथियों को सरस्वती पूजा से हुई।	कार्यक्रम की शुरुआत दीप प्रज्ज्वलन, अतिथियों और सरस्वती पूजा से हुई।
4	यह पुस्तकें चुराता है।	यह पुस्तकें चुराता है।
13	ऐसा सोचकर दूसरी ओर देखते हुए एक चिड़े (पक्षी) को चोंच से घास-तिनके आदि उठाते हुए देखा। वह (बच्चा) उस (चिड़े) से बोला	ऐसा सोचकर दूसरे स्थान पर दी हुई दृष्टि से चोंच से घास के फलों के पेड\u093Cे को दान करते हुए एक चिड़िया को देखा और बोला-"अरे चिड़िया!
8	राजा बोला- हे मनुष्य तुम नहीं जानते मैं कौन हूं।	राजा ने कहा-पुरुष, तुम नहीं जानते हो मैं कौन हूँ।
3	क्षमाशील मनुष्य अपने सब कार्य सिद्ध कर लेता है।	क्षमा करके ही सब कुछ सिद्ध करता है।
8	जब वह हृदय के स्थान पर ही रहता है तब नामरूपी फल मिलते हैं।	जब वह हृदय स्थान पर ही रहता है तब नाम के रूप मिल जाते हैं।
9	रघुनाथपुर विश्व हिंदू परिषद के प्रांत अध्यक्ष लेखराजा को निमंत्रण देने के लिए कुल्लू में रघुनाथपुर पहुंचे।	रघुनाथपुर विश्व हिंदू परिषद के प्रांत अध्यक्ष लेखराज ने निमंत्रण देने के लिए कुल्लू रघुनाथपुर पहुंचे।
10	(इसी समय बाघ और चीता भी नदी के जल को पीने के लिए आ गए, इस विवाद को सुनते और बोलते हैं)	(इसी समय बाघ चित्रकार भी नदी के जल को पीने के लिए आए थे और इस विवाद को दूर करने के लिए बोले थे)
4	यह किसका चित्र है?	यह किसका चित्र है?
22	शिक्षा विभाग के अतिरिक्त मुख्य सचिव के.के. पाठक ने स्कूलों में अध्ययन के समय सुबह 10 बजे से शाम 4 बजे तक शाम 5 बजे तक परिवर्तन के आदेश पर आपत्ति व्यक्त की।	मुख्यमंत्री अखिलेश कुमार शिक्षा विभाग के अतिरिक्त मुख्य सचिव के. के. पाठक ने स्कूलों में अध्ययन के समय सुबह 10 बजे से शाम 4 बजे तक शाम 5 बजे तक बदलाव के आदेश पर आपत्ति जताई।
11	उन्होंने कहा, "इस समारोह के लिए मुझे विश्वास नहीं है"।	उन्होंने कहा था कि इस समारोह के आयोजन के लिए मेरा विश्वास नहीं लिया गया था।
7	विवाह में रेलमार्ग से हॉलीवुड तक तारे भी प्रदर्शन करेंगे।	विवाह में रेलमार्ग से हॉलीवुड तक के सितारे भी प्रदर्शन करेंगे।
6	नहीं, मैंने रेगिस्तान नहीं देखा।	नहीं, मैंने रेगिस्तान नहीं देखा।
4	फ्रांस लगातार दूसरी बार फाइनल में.	फ्रांस की फाइनल लगातार दूसरी बार है.
7	आज तो उसके घर मांगलिक काज हो रहा है।	आज तो उसके घर में मंगलिक काम हो रहा है।
10	विपक्षी नेता जयराम ठाकुर ने कहा कि बगीच स्कूल के वार्षिक कार्यक्रम में मुख्य अतिथि के रूप में बुलाया गया था।	विपक्षी नेता जयराम ठाकुर ने कहा कि उन्हें बगस्याड स्कूल के वार्षिक कार्यक्रम में मुख्य अतिथि के रूप में आमंत्रित किया गया है।
14	मंत्री वी एन वसावा ने कहा कि मल्लिका साराभाई सामाजिक परिवर्तन के लिए साहित्य और कला को प्रयोग के स्तर पर लाने के लिए प्रतिबद्ध हैं।	मंत्री वी. एन. वासवे ने कहा कि मल्लिका सारभाई सामाजिक परिवर्तन के लिए साहित्य और कला के प्रयोग के लिए तैयार हैं।
2	देख हाथी और सिंह की लड़ाई।	देखना चाहिये।
9	वहाँ चतुर्दश वर्ष की उनके अध्ययन के लिए राजेन्द्र अध्यापक जी के संस्कृत स्कूल में नाम दर्ज किया गया।	वहाँ चौदह वर्ष के उनके अध्ययन के लिए राजेन्द्र शिक्षक का संस्कृत टोल में नामांकन हुआ।
7	पोता - यहाँ आवाज़ कभी नहीं होती है ।	पोता-यहाँ शोर कभी नहीं होता।
4	बच्चे के मुँह पर फुंसियाँ हो गई हैं।	बालक के मुँह में गड्ढे हो गए।
11	दो नाबालिगौ समेत पचास लोग देश में शरण प्राप्त कर केवल फ्रांस में ही खड़े थे।	दो नाबालिगौ के साथ पच्चीस लोग देश में शरण लेकर फ्रांस में ही रहे।
4	वह माँ के पास जाता है।	वह माँ के पास जाता है।
4	विशाखा अपने कान पर झुमका लगाती है।	विशाखा अपने कान में कान की ललाट रखती है।
4	माँ कैसे उतरती है ?	माँ कैसे उतरती है?
7	सनकादि पार्षद गण उनकी स्तुति करते हुये इन्हें चारो तरफ से घेरे हुए खड़े थे और शंख, चक्र, गदा, पद्म तथा वनमाला के साथ श्री हरि सुशोभित हो रहे थे ॥	जो शंख, चक्र, गदा, पद्म और वनमाला से सुशोभित हैं, जो स्तोत्रों से युक्त हैं, जो सनक आदि से घिरे हुए हैं।
6	राज्य सरकार ने हिमाचल प्रदेश के आरक्षण अधिकारियों को भरने का फैसला किया है।	राज्य सरकार ने हिमाचल पुलिस के रिजर्व पदों को पूरा करने का निर्णय लिया है।
12	कैबिनेट ने लोक निर्माण विभाग का मेरालीगखंड को अर्की विभाग से सोलन विभाग में लोगों के सुविधा में स्थान देने का भी निर्णय लिया है।	मन्त्रिमण्डल ने लोक निर्माण विभाग के ममलीगखंड को आरकी विभाग से सोलन विभाग में लोगों की सुविधा के लिए स्थानांतरित करने का भी निर्णय लिया है।
6	बर्फबारी और भारी बारिश के कारण जिले में ठंडी लहर बढ़ी है।	बर्फबारी और बारिश से जिले में ठंडी लहर बढ़ गई है
5	पाँच मिनट तक दोनों ने विश्राम किया।	पाँच मिनट तक दोनों ने विश्राम किया।
1	सामग्री होश के साथ संपर्क से	संपर्क करने वाले
3	चाचा चाची नहीं हैं ।	चाचा चाचा नहीं है।
1	लंगड़ाना	लंगड़ा
8	उससे स्वयमेव सत्कर्म होगे जैसे बादल वर्षा करते हैं।	इससे स्वयं ही सत्कर्म होंगे जैसे बादल वर्षा करते हैं।
6	ऐसे एक आपका ही निरन्तर अनुसरण करता हुआ अन्य सब मनोरथोंसे सर्वथा रहित और आपका ही ऐकान्तिक नित्यदास होकर मैं इस जीवनको सनाथ मानता हुआ कब आपको सन्तुष्ट करूंगा	आपके अनुवर्तन के अनन्तर मैं शान्तचित्त और निर्मल मनोवृन्द में स्थित होकर सनातन जीविका को एकान्तिक और नित्यानन्द से कब मोहित करूँगा।।
5	तुम्हारी बहन की क्या उम्र होगी ?	आपकी छोटी बहन कितने वर्ष की है?
9	ऊर्जापूर्ति-समस्या से ग्रस्त जापान का चंद्रमा-लैंडर ने सप्ताह के बाद फिर से प्रक्षेपण शुरू किया।	ऊर्जापूर्ति-समस्या से ग्रस्त जापान का चंद्रमा-उतरने के एक सप्ताह बाद संचालन फिर से शुरू हुआ।
6	मैं घर पर उसे छोड़ कर आ गया।	मैं घर पर ही छोड़कर आ गया।
25	श्री मोदी की अध्यक्षता में केंद्रीय मंत्रीमण्डल ने अंतरिक्ष क्षेत्र में प्रत्यक्ष विदेश नीति कीशोधन के लिए मंजूरी प्रदान की है इस तरह, उपग्रह का उपक्षेत्र हर क्षेत्र में प्रत्यक्ष विदेश निवेश के लिए परिभाषित किया गया है।-उन्होंने तीनों समितियों के साथ अलग-अलग कार्यों में विभाजित किया है।	श्री मोदी के नेतृत्व में केंद्रीय मंत्रालय ने कल अंतरिक्ष-क्षेत्र में प्रत्यक्ष-विदेश-नीति-अनुसंधान के लिए मंजूरी दी गई है। अब उपग्रह का उपक्षेत्र इस प्रकार के प्रत्येक क्षेत्र में प्रत्यक्ष विदेशी निवेश के लिए परिभाषित किया गया है-सीलों के साथ तीन अलग-अलग गतिविधियों में विभाजित किया गया है।
5	मेरा संकल्प – मैं मतदान अवश्य करूँगा	मेरा संकल्प है मैं मतदान अवश्य करूँगा।
6	शायद वह संस्कृत के विकास के लिये काम करेगा	शायद संस्कृत के विकास के लिये वह कार्य करे।
6	परमेश्वर , उसकी आत्मा को शान्ति दें ।	परमेश्वर, उसके मन में शान्ति दे।
4	दादीजी के लिये कुर्सी लेता है	दादीजी के लिये कुर्सी ले जाती है।
5	फिर देखने के समय नए मतदाता पंजीकृत हो गए।	समीक्षा के दौरान नए मतदाता पंजीकृत हुए।
1	मिर्ची	मिर्ची
9	इस ऐतिहासिक दृश्य में पूरा शहर फूलों, प्रकाश और दीवारों के चित्रों से सुशोभित है।	इस ऐतिहासिक क्षण में पूरा शहर फूलों और प्रकाश से भित्ति चित्रों से सुसज्जित है।
8	गुण और कर्मों के विभाग से चातुर्वण्य मेरे द्वारा रचा गया है। यद्यपि मैं उसका कर्ता हूँ, तथापि तुम मुझे अकर्ता और अविनाशी जानो।।	मैंने जो चार वर्णों को गुण और कर्म के विभाग के रूप में बनाया है, वह भी मुझे ही जानने योग्य है।
10	वनवासियों के प्रिय राम आदि रथपर चढ़कर ही वन को जायेंगे। ऐसा कह ये सीता और लक्ष्मण के सहित राम को देखकर दुःख से पृथिवी पर गिर पड़े और आँखों में आँसू भरकर रोने लगे। तब रामजी के देखतेदेखते शीघ्र ही सीताजी रथ पर चढ़ीं ॥	वनप्रिय लोग रथ पर चढ़कर वन को चले जाएँ। यह कहकर श्री राम ने लक्ष्मण जी के साथ लक्ष्मण जी को देखा।
42	''संस्कृत बालगीतक सम्मेलन का''सनीपत के ऋषिहुड विश्व विद्यालय के राष्ट्र स्कूल ऑफ पब्लिक लीडरशिप के अध्यक्ष संस्कृत शिशु मनोविज्ञान मंत्री प्रो. एस.के., यहीं दिल्ली के राष्ट्रीय संस्कृत हैं-संस्थान का अकादमिक व्यवहार-शिष्यकल्याण विभाग के अध्यक्ष एवं वरिष्ठ संस्कृत सुभाष प्रो. एस.के. नेबलमाली विश्वाल ने सारस्वता अतिथि के रूप में उपस्थित होकर कवियों का उत्साह बढ़ाया।	"संस्कृत बालगीत समारोह की" अध्यक्षता सोनीपत के ऋषिहुड विश्वविद्यालय के राष्ट्र स्कूल ऑफ पब्लिक लीडरशिप के अध्यक्ष संस्कृत शिशु मानसशास्त्र प्रोफेसर सम्पदानंद मिश्र ने की, वहीं दिल्ली में राष्ट्रीय संस्कृत-संस्थान का शैक्षणिक व्यवहार-छात्र कल्याण विभाग के अधिष्ठाता मूर्धन्यमनशी और वरिष्ठ संस्कृतसुकी प्रोफेसर बलमाली विश्ववाल ने सरस्वती के रूप में उपस्थित होकर कवियों को उत्साहित किया।
8	वहाँ महिलाएँ छपाई, टाइप और लकड़ी की कलाकारी आदि का प्रशिक्षण भी लेती थीं।	वहाँ मदुनर-टंकन-काष्ठकला आदि से महिलाओं को प्रशिक्षण भी मिलता था।
3	आप भोजन करिये।	आप भोजन करिये।
6	मामा – तुम माँ की चिन्ता कर रहे हो।	मामा-तुम माँ की चिन्ता करती हो।
3	स्वच्छता सबको पसन्द है।	स्वच्छता सबको पसंद है।
12	श्रीनन्दनन्दनके चरणारविन्दोंमें धीरे-धीरे उसी (भगवन्नाम ही ) - का उच्चारण कर ।।	नन्दनन्दन, पादारविन्द, मन, मन, आनन्द, आनन्द, मन, मन, मन, मन, मन, मन, मन, मन, मन, मन, मन, मन, मन, मन, मन, मन, मन, मन, मन, मन, मन, मन, मन, मन, मन, मन, मन, मन, मन, मन, मन, मन, मन, मन, मन, मन, मन, मन, मन, मन, मन, मन, मन, मन, मन, मन, मन, मन, मन, मन, मन,
5	उसके साथ गुड़ भी था।	उसके साथ गुड़ भी था।
9	चन्दन – सखियों के साथ ! मेरे साथ नहीं (दुःख का अभिनय करता है)	चन्दन-सखियों के साथ! मेरे साथ नहीं! (विषाद नाटक करता है)
5	देवांग उस वृद्ध को मार्ग दिखा रहा है	देवांग उस वृद्ध को रास्ता दिखाता है।
3	मुख में गीलापन नहीं है।	मुँह में गीलापन नहीं है।
10	वह सीता मैथिली, वैदेही, द्रौपदी, पाञ्चाली, येज्ञसेनी इत्यादि अनेक नामों से विख्यात हैं।	वह सीता मैथिली, वैदेही, द्रौपदी पांचाली, यज्ञसेनी इत्यादि अनेक नामों से प्रसिद्ध हैं।
6	मत करो , मत करो रास्ते को अस्वच्छ।	मत करो, मत करो रास्ता अस्वच्छ है।
4	चंचल ने वृक्ष के पास जाकर पूछा।	चंचल ने वृक्ष पर जाकर पूछा।
19	लोकगीतों में परम्पर के साथ कार्य करने वाले बीच मार्ग से, धुन की परिवर्तन, गीता लिखना, पद्मश्री पण्डित सोमदत्त बट्ठ ने इस विषय पर चिंता व्यक्त की कि इसे व्यावसायिक रूप से स्वीकार किया जा रहा है।	लोक गीतों में परंपरा के साथ चलने वाले मध्यम मार्ग से, धूनों का परिवर्तन, गीत लेखन, इसके बारे में पद्मश्री पंडित सोमदत्त भट्ट ने चिंता व्यक्त की।
6	उसके पिता रत्नलाल धर्माणी सेवानिवृत्त शिक्षक हैं।	उनके पिता रत्नलाल धर्माणी सेवानिवृत्त शिक्षक हैं।
7	जो निःसंकोच बोलता है वह ही सफल होता है ।	जो निःसंकोच बोलता है वही सफल होता है।
7	परन्तु मैं फिर भी इस युद्ध के लिये तैयार हूँ।	परन्तु फिर भी मैं इस युद्ध के लिये तैयार हूँ।
9	अनुराग ठाकुर, इस निर्णय के लिए प्रधानमंत्री नरेंद्र मोदी, केंद्रीय रेल मंत्री अश्विनी वेष्णव ने आभार व्यक्त किया।	अनुराग ठाकुर ने इस निर्णय के लिए प्रधानमंत्री नरेंद्र मोदी, केंद्रीय रेल मंत्री अश्विनी वैष्णव ने आभार व्यक्त किया।
8	एक मिनट की भी देरी होती तो मैं निकल जाता ।	एक मिनट भी देर हो जाए तो मैं चला गया।
4	आप क्या ढूंढ रहे है ?	आप क्या खोदते हैं?
4	भारत की दो प्रतिष्ठा क्या हैं?	भारत के दो प्रतिष्ठित स्थान कौन से हैं?
8	कोई- कोई अपने देहके भीतर चित्ताकाशमें विराजमान प्रादेशमात्र ( बित्ताभरके ) चतुर्भुज पुरुषको, जो शङ्ख, चक्र, गदा और पद्म धारण किये हुए हैं, धारणाद्वारा स्मरण करते हैं	कुछ लोग अपने शरीर के अन्तःकरण में हृदय की शिथिलता के कारण केवल एक प्रदेश में रहने वाले पुरुष को ही वसन्त कहते हैं। जो चार ऋतुओं वाले नेत्रों के समूह के अंग हैं, शंख और गदाधर को स्मरण करते हैं।
12	पिछले साल मानसूनर्ती राज्य में प्राकृतिक विपत्ति हुई थी, उसके बाद सरकार ने बड़ा निर्णय लिया।	पिछले साल मानसून के बाद राज्य में जो प्राकृतिक आपदा आई थी, उसके बाद सरकार ने एक बड़ा निर्णय लिया।
26	गौरतलब है कि इससे पहले एचएससीए द्वारा सरकारी प्राथमिक पाठशाला रेडेंडर, मंडी द्वारा स्वीकृत थी और वहाँ मूलभूत सुविधाओं को मजबूत करने के साथ विद्यार्थियों को विज्ञान के क्षेत्र में अपनापन करने के लिए प्रोत्साहित किया गया था।	ध्यान रखना चाहिए कि इससे पहले एचएससीए द्वारा राजकीय प्राथमिक विद्यालय रेडधार, मंडी को मान्यता दी गई थी और वहां मूलभूत सुविधाओं को मजबूत करने के साथ-साथ छात्रों को विज्ञान के क्षेत्र में भी अपने भविष्य को देखने के लिए प्रोत्साहित किया गया था।
3	आओ मिलते हैं।	आओ, मिलते हैं
10	इसीलिए वह कार्य पूरी तरह से छोड़ दीजिये, और प्रसन्नता के साथ पशुगण कृपया रक्षा करें।	इसलिये उस कार्य को पूरी तरह से छोड़ दीजिये, और यह भी है कि पशुओं को कृपया बचाया जाए।
5	हाँ जी हाँ मेरे घर में घुसे।	हाँ हाँ मेरे घर में प्रविष्ट हुए।
1	करना चाहिए।	करना चाहिए
6	इस प्रकार परस्पर बातचीत करते हुए देवगण स्वर्गलोक चले गये। तब श्रीरामचन्द्रजी सोचने लगे कि यह अधम राक्षस हा लक्ष्मण! इस प्रकार मेरी बोली में कहकर प्राण क्यों छोड़ा ? मेरे वाक्यों को सुनकर सीताजी की क्या दशा होगी ? ।।	इस प्रकार वे अन्योन्यमा भाष्य से देवताओं को प्राप्त हों।
5	अमेरिका में भी संस्कृत भारती का कार्यालय है।	अमेरिका में भी संस्कृत भारती का कार्यालय है।
6	दिव्यांग बच्चों के साथ समय बिताया।	दिव्यांग बच्चों के साथ समय बिताया।
15	केंद्रीय मौसम विज्ञान केंद्र शिमला के अनुसार, दिसंबर को राज्य के सभी हिस्सों में मौसम साफ ही होगा।	मौसम विज्ञान केंद्र शिमला के अनुसार, दिसंबर को राज्य के सभी हिस्सों में मौसम स्वच्छ रहेगा।
1	बेटा	अपने भाई
9	सियार-यदि ऐसा है तो मुझे अपने गले से बाँधकर जल्दी चलो।	जम्बूक-यदि ऐसा है तो मुझे अपने गले में बाँधकर जल्दी चलो।
5	इसी कारण स्वाधीनता सेनानियों के दो दल थे।	इसलिये स्वाधीनता सेना के दो दल हैं।
15	अतः व्यासदेव बोला जो भी काम करना है, उसे नारायण को समर्पण करना चाहिये क्योंकि शरीर से वाणी, मन से इन्द्रियों, बुद्धि से आत्मा का नाश हो जाता है।	इसलिए व्यासदेव ने कहा, जो भी कार्य करना चाहिए, उसे नारायण को समर्पित करना चाहिए।
1	रात्रि	अन्धकार
5	मनोहर परिक्कर जी गोवा राज्य के मुख्यमंत्री थे।	मनोहर पर्रिकर गोवा राज्य के मुख्यमंत्री थे।
9	खेल मंत्री अनुराग ठाकुर ने नई दिल्ली में पहला बिम्सटेक एक्वाटिक जीती-प्रतिस्पर्धा को खोला।	खेल मंत्री अनुराग ठाकुर ने नई दिल्ली में पहला बिम्सटेक इक्वेटिक जीता-उन्होंने प्रतियोगिता का उद्घाटन किया.
11	उस कन्या से पुलस्त्य नन्दन विश्रवा ने त्रिलोकी में विख्यात एक पुत्र उत्पन्न किया। वह विश्रवा का पुत्र अपने पिता के समान तेजस्वी था। ब्रह्माजी ने भी उसकी प्रशंसा की थी ॥	परन्तु उनका एक पुत्र था, जो सम्पूर्ण लोक में पौल के समान समभाव रखने वाला था और पिता के समान वैश्वर था, जिसे ब्रह्माजी ने मोहित कर लिया था॥
5	उसके पुस्तकालय में अनेक पुस्तकें हैं ।	उसकी पुस्तकालय में अनेक पुस्तकें हैं।
8	प्रातःकाल होते ही विदेहपुर जनकपुर में पहुँच कर विश्वामित्र जी ऋषियों के निवास स्थान में ठहर गए। श्री विश्वामित्र जी का आगमन सुनकर अत्यन्त प्रसन्नचित्त जनक जी पूजन सामग्री लेकर अपने पुरोहित के साथ विश्वामित्र जी के पास आये और साष्टांग दण्डवत् कर उन्होंने श्री विश्वामित्र जी की पूजा अर्चना की ॥	उस ब्राह्मण के नगर में रहने के बाद उसने ऋषि के घर में प्रवेश किया। यह सुनकर जनकनन्दिनी अत्यन्त प्रसन्न होकर उसे एक कोश दिया॥
9	यह बात मार्च में इंटरनेशनल हैप्पीनेस डे पर प्रकाशित एक रिपोर्ट में कही गई है	यह विवरण 20 मार्च को अंतर्राष्ट्रीय सुख दिवस पर प्रकाशित एक रिपोर्ट में है।
1	डरे स्वर से ।	कम्पित कण्ठ से
14	लगभग पांच वर्ष की अवस्था वाले कृश महिलाओं ने उर्ध्वता वर्षा की, उनके आयु, परम संकल्प और स्वप्न को बहुत बढ़ाने के लिए प्रेरित किया।	छोटे बच्चे ने लगभग साढ़े पांच पैर की ऊंचाई पर वर्षा की उम्र पर ध्यान दिया और उनके स्वप्न और संकल्पों को बहुत बड़ा करने के लिए प्रेरित किया।
11	वास्तव में इस रास्ते में छह मीटर तक राष्ट्रीय राजमार्ग के पास स्थित पहाड़ फिसल गया है।	वास्तव में इस मार्ग में छह-सातवें मील तक राष्ट्रीय राजमार्ग के पास स्थित पर्वत फिसल गया है।
19	मौत का संदेश देने वाले आईएस प्रवक्ता ने यह नहीं कहा कि अल-हुसैन मारा गया है. अबी हफ़सन अलहाशिमी को कथित तौर पर नया नेता नियुक्त किया गया है।	मौत की चेतावनी देने वाले आईएस प्रवक्ता अल हुसैन की हत्या का कोई खुलासा नहीं हुआ है। बताया जा रहा है कि अबी हाफसन अल-हाशिमी को नए नेताओं के रूप में नियुक्त किया गया है।
9	मैं प्रतिमाह बिजली खर्च करने में चार करोड़ रुपये का लाभ उठाऊँगा।	अनानस प्रतिमाह बिजली के खर्च में चार करोड़ रुपये का लाभ होगा।
5	बालक कार्य कर सकते हैं।	बच्चे काम कर सकते हैं।
6	उच्च वर्ग वाले उनका मज़ाक उड़ाते हुए कुएँ से जल निकालने के लिए मना कर रहे थे।	उच्च वर्ग के लोगों ने मजाक उड़ाते हुए कुएँ से पानी निकाल दिया।
9	उसने पूछा – पत्नी के साथ संस्कृत में बात करते हो ?	उसने पूछा-पत्नी के साथ संस्कृत में बात करता है?
16	उन्होंने कहा कि जब तक बच्चे विद्यालय जाते हैं और नहीं लौटते हैं तब तक मातापिता के ऊपर प्रभाव ही रहता है।	उन्होंने कहा कि बच्चे विद्यालय जाते हैं जब तक लौट नहीं आते तब तक माता पिता पर प्रभाव ही रहता है।
9	पहले पारी में दक्षिण अफ्रीका के कायल वेरिन ने सबसे अधिक 15 रन बनाए।	दक्षिण अफ्रीका के काइल वेरिन ने सबसे अधिक पंद्रह रन बनाए।
3	माल रेल भी जाती है।	मालवाहक वाहन भी जाते हैं।
1	फीस	शुल्क
3	परन्तु स्मरण करके बताऊँगा।	परन्तु स्मरण करके बोलूँगा।
9	यहां भी उन्होंने सबके सामने अपने जाग रहेलोकगान स्वर का प्रदर्शन किया।	यहां भी उन्होंने सबके सामने अपने जागरितलोक गायन स्वर का प्रदर्शन किया।
1	साफ़	निर्मल
3	आओ मिलते हैं।	आओ, मिलते हैं
5	इस में थोड़ा सा भी पाप नहीं है।	इस में थोड़ा भी पाप नहीं है।
2	इसे छोड़ दो	मुझ पर नहीं
9	आज समस्त संस्कारों में मनुष्य विद्वत्तारहित है, अनेक प्रकार के सुख-दुःख और वर्धमान दिखाई पड़ते हैं।	आज पूरे संसार में मनुष्य आपदा में है, और अनेक प्रकार के बढ़ते हुए दिखते हैं।
1	गांव का नायक	ग्रामणी
3	वह अखरोट खाता है।	वह अखरोट खाता है।
7	पुराण में सम्पूर्ण ब्रह्माण्ड का वर्णन है, इसलिये इसका अभिधान ब्रह्माण्डपुराण है।	पुराण में इस संपूर्ण ब्रह्माण्ड का वर्णन है, इसलिए इसका नाम ब्रह्माण्डपुराण है।
4	हाँ, तुम्हारा संक्षेप का प्रश्न है।	हाँ, ठीक प्रश्न तुम्हारा है।
4	रसिक के द्वारा फूल सूँघा गया।	मजाक से फूल निकल गया।
4	वह यज्ञ करता है	वह यज्ञ करता है।
1	इसको ।	यह
1	देखने को	देखना चाहिये।
9	''ब्राह्मण को नहीं मारना चाहिए'' इत्यादि उक्तांतों में ब्राह्मणत्व के जातियों का हनन असम्भव था।	"ब्राह्मण को नहीं मारना चाहिए" इत्यादि में ब्राह्मणों की जाति का हनन असम्भव है।
6	स्त्रियों के लिए संस्कृत शिक्षा लगभग अप्रचलित थी।	महिलाओं के लिए संस्कृत शिक्षण प्रायः नहीं चल रहा था।
7	नहीं कोई विशेष नहीं ।	सामा-नहीं, कुछ खास नहीं।
8	दुबई-शहर जाने का विषय भी यहाँ प्रासंगिक नहीं है।	दुबई-नगर जाने का विषय भी यहाँ प्रासंगिक नहीं है।
7	मंदिरों में, धार्मिक कार्यक्रमों में, विभिन्न स्थानों पर शोभायात्रा भी हुई.	मन्दिरों में, धार्मिक कार्यक्रमों में, विभिन्न स्थानों पर शोभायात्राएं भी निकली हैं।
6	अनेक लोग घर में भोजन नहीं करते हैं।	अनेक लोग घर पर भोजन नहीं करते हैं।
4	बहुत से लोग सत्संग में जाते हैं।	बहुत से लोग बैठक में जाते हैं।
1	सिलाई करता है	सिलाई
7	संस्कृत (साहित्य) में विद्यमान सूक्तियाँ उन्नति के लिए प्रेरित करता हैं। जैसे-	संस्कृत में विद्यमान उक्तिएँ उन्नति के लिए प्रेरित करती हैं, जैसे -
1	नहीं है।	नहीं
11	श्रीपद - जघा और पिण्डलियो मे आश्रित्य मास और रक्त मे स्थित तीव्र कफ दोष, पाव मे आकर श्रीपद नामक शोथ को उत्पन्न करता है । यह शोथ मास रक्त और कफजन्य है। इसके लिये शिरामोक्षण और कफनाशक सम्पूर्ण विधि बरतनी चाहिये और सरसों का लेप करना चाहिये ।	जांघों पर पिण्डी के पेडों का लेप करने से मासिक कफ के दोषों की वृद्धि होती है। शिराकप्पन की विधि समान होती है और सभी दोषों का लेप किया जाता है।
9	[मैया यशोदा बोलीं- ] अरे कन्हैया! अभी तुझे स्नान कराकर चन्दनादिलेपन किया और अभी -का- अभी तेरा शरीर धूलिधूसरित हो गया? ॥	इस समय अङ्गमाला का लेप किया हुआ है। इस समय तुम्हारे पास काला धूलि का धोया हुआ वस्त्र है॥
14	इनमें से एक विद्वान अपने शोधन के माध्यम से कुछ नयन करे या ज्ञान के आयाम को प्रकाशित करे, यही अपेक्षा है।	इनमें से विद्वान अपने शोध के माध्यम से कुछ नई पढ़ाई या ज्ञान के आयाम प्रकाशित करेगा।
4	बच्चे के मुँह पर फुंसियाँ हो गई हैं।	बालक के मुँह में गड्ढे हो गए।
9	रूमतेक-घैयालवा कर्मपा उद्यान-इस परियोजना के आधारशिलाएँ भीवर्चुअल रूप में रखींगी।	रुमटेक-ग्यालवा कर्मपा उद्यान-परियोजना के आधारभूत पत्थर भी आभासी रूप में स्थापित किए जाएंगे।
4	सरोवर में शेर पानी पीता है।	सरोवर में शेर पानी पीता है।
3	उड़ना	छोड़कर आया हुआ।
7	बाद में, मुम्बयी विश्वविद्यालय के सार्वजनिक विधि महाविद्यालय से स्नातक के पदवी को प्राप्त किया।	बाद में, मुम्बई विश्वविद्यालय के सरकारी विधि महाविद्यालय से डिग्री प्राप्त की।
4	सतत कार्यों के द्वारा बच्चों में स्थिरता दिखती है।	सतत कार्यक्रम से बच्चों में स्थिरता दिखती है।
4	फूल बहुत बड़ा होता है।	फूल बहुत लम्बा होता है।
14	उन्होंने कहा कि इस योजना के तहत योग्य राज्यों और महलों को घरों के निर्माण के लिए लाख रुपये का वित्तीय सहायता प्रदान की जाएगी।	उन्होंने कहा कि इस योजना के तहत योग्य विधियों और एकल महिलाओं को घरों के निर्माण के लिए लाख रुपये का वित्तीय सहायता प्रदान की जाएगी।
8	हम भी इतने क्षुद्र थे कि हमारे छोटे-बड़े घड़ों में कितना समाता ?	हम ही हैं, वैसे ही छोटे बच्चों को यल्लगुओं के घड़ों में कितना सम्मिलित करना चाहिए।
16	उसका प्रिय, साहसी, वीर और इरावान पुत्र, जो सापन्याय में पैदा हुआ था, वह उस दिन वीरगति को प्राप्त किया।	उसका प्रिय, साहसी और वीर पुत्र इरावन, जो सर्प कन्या में पैदा हुआ था, उसने उस दिन वीरगति प्राप्त की।
5	मेरे एक मित्र ने पूछा	मेरे एक मित्र ने पूछा।
7	इस समय तूने श्रम किया है इससे नाड़ी शीघ्र चलती है।	इस समय तुम श्रम क्यों कर रहे हो? अब मेरी धमनी जल्दी हो गई है।
6	नामों ने भी गोलियां बजाने शुरू कर दी हैं।	और नामों को गोली मारने लगे।
13	एक प्रश्न के उत्तर में उन्होंने कहा कि अयोध्या की हवाई अड्डा महीने के अन्त में बन जाएगा।	एक प्रश्न के उत्तर में उन्होंने कहा कि अयोध्या का हवाई अड्डा महीने भर में बन जाएगा।
14	अपने कमलोपम हाथसे चरणकमलको मुखकमलमें लगाते हुए वटके पत्तेपर सोये बालगोपालका मैं मन ही मन स्मरण करता हूँ॥	हे मुकुन्द! जिस बालक को वचन पत्र के पुट में रखा गया था, उस बालक को मेरे मन में स्मरण करता हूँ।
5	सभी दुराचारी युद्ध में मारे गए ।	सभी दुराचारी युद्ध में मारे गए।
7	काङ्ग्रेस में डर या आशङ्का नहीं है।	कांग्रेस का कोई भय या आशंका नहीं है।
1	आधे कमल के समान मुद्रा	आधा पग का आसन
5	अभिनय से पहले वह अभ्यास करता है।	अभिनय से पहले वह अभ्यास करता है।
1	गैस सिलिन्डर	गैसहाउस
11	यह योजना जिला प्रशासन द्वारा मंगलवार को हवाई अड्डे के अधिकार क्षेत्र में गिरने वाले पंचायतों के प्रमुखों के साथ प्रकट की गई।	जिला प्रशासन ने मंगलवार को हवाई अड्डे के अधिकार क्षेत्र में गिरे हुए पंचायतों के प्रमुखों के साथ यह योजना प्रकट की।
20	जेपीनड्डा ने कहा कि भूपेश बागेल ने निर्धनों के लिए केंद्र सरकार की योजना को निलंबित कर दिया है, इसीलिए छत्तीसगढ़ के लोग और उसके सरकार को निलंबित कर दिया।	जेपीनड्डा ने कहा कि भूपेन्द्र बगहल ने निर्धनों के लिए केंद्र सरकार की योजना को निलंबित कर दिया है, इसीलिए छत्तीसगढ़ के लोगों ने उसे और उसकी सरकार को निलंबित कर दिया है।
1	नदी के किनारे	नदी के किनारे
37	शुक्रवार को राजकीय सीनियर माध्यमिक विद्यालय रंगस, राजकीय माध्यमिक विद्यालय बनाना, राजकीय केंद्रीय प्राथमिक विद्यालय रंगस, राजकीय प्राथमिक विद्यालय बनाना और इन चार विद्यालयों के संयुक्त वार्षिक पुरस्कार वितरण समारोह बड़े खुशी से, हर्ष से, उत्साह से राजकीय सीनियर माध्यमिक विद्यालय रंगसा में, रंगसी, हमीरपुर जिले में आयोजित किया गया।	शुक्रवार को राजकीय वरिष्ठ माध्यमिक विद्यालय रंगस, राजकीय माध्यमिक विद्यालय बनना, राजकीय केंद्रीय प्राथमिक विद्यालय रंगस, राजकीय प्राथमिक विद्यालय बनना इन चारों विद्यालयों का संयुक्त वार्षिक पुरस्कार वितरण समारोह बड़े आनंद से, हर्ष से, उत्साह के साथ राजकीय वरिष्ठ माध्यमिक विद्यालय, रंगसे, हमीरपुर जिले में आयोजित किया गया।
7	वह दादाजी को प्रणाम करके सब कुछ पूछता है	वह दादाजी को प्रणाम करके सभी से बात पूछता है।
4	पुतला जलाने से कुछ भी नहीं होगा।	गुड़िया जलाने से कुछ भी नहीं होगा।
4	शारीरिक शिक्षकों के लिए नियुक्त किया गया प्राधान दिया जाता है।	शारीरिक शिक्षकों की नियुक्ति में वरीयता दी जाती है।
1	जननी ने	माता
3	आप दोनों शिक्षिकायें।	आप दोनों शिक्षिका।
5	ओ मेरी अच्छी दादीजी !	ओ मेरी बड़ी दादीजी!
10	मैंने यह विजय प्राप्त किया, रणे में रावण मारा और लंका को मैंने वशीभूत कर दिया।	यह विजय मुझे प्राप्त हुई, रण में रावण मारा गया और लंका को मैंने वश में कर लिया।
6	मैं " विद्यालय से " आ रहा हूँ !	मैं विद्यालय से आता हूँ!
4	उसकी बात करने की शैली हँसी से भरी है।	उसकी सम्वाद शैली हास्य से परिपूर्ण है।
15	हिमाचल प्रदेश के मुख्यमंत्री मुकेश अग्निहोत्री की स्वर्गीय पत्नी सिम्मी अग्निहोत्री का अंतिम संस्कार शनिवार को गोंदपुर जयचन्द में किया गया।	हिमाचल प्रदेश के उपमुख्यमंत्री मुकेश अग्निहोत्री की दिवंगत पत्नी सिम्मी अग्निहोत्री का अंतिम संस्कार शनिवार को गोंडपुरजयचन्द (हरोली) में किया गया।
10	प्रातः जब वह जागता है, तब वह शाकम्भ्री देवी की दर्शना करके राजधानी को जाता है।	सुबह जब वह जागा, तब वह शाकम्भरीदेवी को देखकर राजधानी को गया।
4	विष क्या है? गुरुओं की अवहेलना।	विष क्या है? अधिराज गुरुजनों में।
19	तब कुछ सोचकर प्रसन्न हुए श्रीरघुनाथजी ने यह देखकर कहा हे सौम्य राक्षसाधिप ! आप मतों के पास जल्दी आओ यह सूचित कीजिये।	फिर कुछ सोचकर क्रोधित होकर श्रीरघुनाथजी डरते हुए इस वाक्य को बोले हे सौम्य राक्षसराज! मेरे पास शीघ्र आने के लिए आप वैदेही को सूचित करें।
1	अपार ओजस्वी	आश्चर्य
1	निर्मलता कण्डू  खाज	स्वच्छता
3	ऑर्बिटर सुरक्षित है।	परिक्रमा सुरक्षित है।
6	1998 में पोखरण में परमाणु परीक्षण किया।	अट्ठाईसवें वर्ष पोखरण में परमाणु परीक्षण किया गया।
5	वे दोनों सत्य नहीं बोलते हैं।	वे दोनों सच नहीं बोलते हैं।
10	मतदान के बाद सभी मतपेटियों को दिल्ली ले जाया जाएगा और मतपत्रों में फेरबदल किया जाएगा और बुधवार सुबह 10 बजे से गिनती की प्रक्रिया शुरू होगी.	मतदान के बाद, वोटों की गिनती बुधवार को दस बजे शुरू होगी और दिल्ली के सभी मतदान पत्र एकत्र किए जाएंगे।
9	अनुद्योगी को उम्मीद है कि इस कमीशन के कार्यालय में शीघ्र ही भर्ती हो जाएगी।	बेरोजगार लोग इस आयोग के कार्यालय में जल्द ही नियुक्ति शुरू होने की प्रतीक्षा कर रहे हैं।
2	देखानही	नहीं देखा
4	प्राचीन विमान कला का  शोध	प्राचीन विमान कला का शोध
6	उसके बाद सभी शिक्षकों का संस्कृत में परिचय हुआ।	उसके बाद सभी शिक्षकों का संस्कृत में परिचय हुआ।
3	अपने आप पानी भरिये।	अपने आप पानी भरिये।
2	मैं बैठती हूँ	मैं बैठती हूँ।
12	कई मंत्रियों, सांसदों और अन्य लोगों ने-प्रतिनिधियों ने विभिन्न जिलों में स्वच्छता अभियान में भाग लिया।	कई मंत्रियों, सांसदों और अन्य लोगों ने विभिन्न जिलों में स्वच्छता अभियान में भाग लिया।
21	सभा की अध्यक्षता कर रहे गृह सचिव अजय कुमारभल्ला ने कहा कि सद्य को भारतीय न्यायिकसंहिता में"हिट एंड रन"के मामलों में नए प्रावधान आज भी कार्यान्वित नहीं हैं।	सभा की अध्यक्षता गृह मंत्री अजय कुमारभल्ला ने की कि हाल ही में पारित भारतीय न्यायिक संहिता में "हिट एंड रन" मामलों में नए प्रावधान आज भी लागू नहीं हैं।
12	एसडीएम मनाली रमण कुमार शर्मा ने कहा कि पर्यटकों की सुविधा का पालन किया जा रहा है।	एसडिएम मनाली रमण कुमार शर्मा ने कहा कि पर्यटकों की सुविधा का पालन किया जा रहा है।
10	भरतजी का यह हठ देखकर श्रीरामचन्द्रजी ने अत्यन्त विस्मित होकर गुरु वसिष्ठजी को नेत्रों से संकेत किया ॥	भरत के भी बंधन को देखकर श्रीरामचन्द्रजी अत्यन्त आश्चर्यचकित हो गये और नेत्रों में स्थित श्रीरघुनाथजी ने उन दोनों को देखा॥
12	जो लोग वेद आदि शास्त्रों का अध्ययन करने के बाद भी आत्मा परमात्मा के संबंध में कुछ नहीं जानते, वे आत्मज्ञान से रहित उस कलछी की तरह है, जो स्वादिष्ट साग सब्जी में तो घूमती है, परंतु उसे उसके स्वाद का बिलकुल भी ज्ञान नहीं होता |	अनेक लोग वेद, धर्म और शास्त्रों को पढ़ते हैं। वे आत्मा को नहीं जानते, जैसे पाकरस का रस होता है।
7	वोटों की गिनती हिमाचल प्रदेश के साथ 8 दिसंबर को होगी.	हिमाचल प्रदेश के साथ 8 दिसंबर को वोटों की गिनती होगी.
3	आप भोजन करिये।	आप भोजन करिये।
3	ऐसा सुनकर अजीज सफल हुआ।	अजीज सफल था।
1	एक योग केंद्र या स्कूल	आश्रम
4	उसमें कोई भी सन्तति नहीं है।	उसकी कोई संतान नहीं है।
5	उसके कारण से हाई ब्लड प्रेशर भी रहता है	उसके कारण से उच्च रक्तचाप भी होता है।
5	जरा रुको, मुझे स्मरण है।	ठहरो, मैं उसे याद करता हूँ।
7	पोता - मैं यहाँ काँच के पीछे बैठता हूँ ।	पोता-मैं यहाँ काँच के पीछे बैठ रहा हूँ।
10	देश का संपूर्ण-उत्तर क्षेत्र में भीषण-आफूसी-चरण से रेल सेवा प्रभावित हो गई।	देश के पूरे-उत्तरी क्षेत्र में भयंकर-भाप-यातायात के कारण रेल सेवाएं प्रभावित हो गईं।
5	पुराने छात्रों में कठिन रूपात्मक विचलन देखे जाते हैं।	वयस्क छात्रों में कठिन मानसिक विकार दिखते हैं।
13	तदनन्तर अपनी ईच्छानुसार अयोध्या आएं अथवा वन में ही रहें किन्तु कमलनयन राम कल प्रातः अवश्य वन में चले जाय ॥	फिर उस वन के पास आओ या उस वन में अपने आप खड़े हो जाओ। प्रातःकाल श्रीरामचन्द्रजी वन को चले जाएँ॥
15	विपक्षी नेता ने कहा कि एक तो मुख्यमंत्री राज्य में निवेश करने के लिए दुबई जा रहा है, दूसरी कानूनी व्यवस्था की स्थिति कमजोर हो रही है।	एक ओर मुख्यमंत्री राज्य में निवेश लाने के लिए दुबई जा रहा है, दूसरी ओर कानून व्यवस्था की स्थिति क्षीण हो रही है, विपक्षी नेता ने कहा।
6	वहाँ से वे सभी महिलाओं ने नगर में प्रवेश किया।	वहाँ से वे सभी महिलाएँ नगर में प्रविष्ट हुईं।
7	जहाँ, बनियेखंड और चराहे में लघुवृष्टि हुई।	जहाँ, बनीखेते और चुराह में कम वर्षा हुई।
3	महाराज! यह क्या है?	महाराज! यह क्या है?
3	योगशास्त्र का प्रवर्तन किसलिए हुआ?	योगशास्त्र का प्रयोग किसलिए किया गया?
11	उनके महाभाग्य से रामायण का महाकाव्य नेपाली भाषा में अनुवाद किया गया है, जिसका नाम भानुभक्तिीय रामायण है, माना जाता है।	उस महाभाग ने वाल्मीकि रामायण महाकाव्य को नेपाली भाषा में अनुवादित किया है, जिसका नाम भानुभक्तिमय रामायण है।
4	अधिक खाता हूँ तब बोलता है	अधिक खाता हूँ तब बोलता है।
19	जयशंकर ने रूस के विदेश मंत्री सर्गेई लावरोव के साथ विभिन्न क्षेत्रों में द्विपक्षीय सहयोग, युद्ध, अंतरराष्ट्रीयरण नीति की स्थिति और तनाव के बारे में बात की।	जयशंकर ने रूस के विदेश मंत्री सर्गेई लावरोव के साथ मिलकर विभिन्न क्षेत्रों में द्विपक्षीय सहयोग, युद्ध, अंतर्राष्ट्रीय आर्थिक स्थिति और तनाव के बारे में बात की।
14	उससे पहले मुख्यमंत्री रिड्ज नेस्टल में आयोजित प्रदर्शनी का उद्घाटन किया, जिसमें जिला प्रशासन के शिमला सहित विभिन्न विभागों ने स्तम्भ स्थापित किया।	इससे पहले मुख्यमंत्री रिड्ज-स्थल पर आयोजित प्रदर्शनी का उद्घाटन किया, जिसमें जिला प्रशासन और शिमला सहित विभिन्न विभागों ने स्तम्भ स्थापित किया।
4	साइकिल ध्यान से चलानी चाहिये।	साइकिल ध्यान से चलानी होती है।
8	घग्गर नदी के ऊपर की पुल पुल भी आ जाने के लिए बंद कर दिया गया है।	घग्गर नदी के ऊपर बना पुल भी आने जाने के लिए बंद कर दिया गया है।
1	ले जाना चाहिये	ले जाना
8	जो हमेशा सन्मार्ग पर चलने के लिये प्रेरित करते हैं वे मेरे गुरु हैं	जो सदा सन्मार्ग पर चलने के लिये प्रेरित करते हैं वे मेरे गुरु हैं।
6	संसद का शिशिरसत्र दिसंबर तक होगा.	संसद का शिशिरसत्र दिसंबर तक होगा।
16	ब्रह्माजी द्वारा महर्षि नारदजी के निमित्त प्रतिपादित श्रीअध्यात्मरामायण का जो व्यक्ति श्रद्धा पूर्वक पाठ करता है अथवा श्रवण करता है, वह देवताओं से पूजित होकर विष्णुलोक को प्राप्त करता है।	जो पुरुष अध्यात्मरामचरित मुनिश्वर को कमलासन से यह महानता प्रदान करता है, वह श्रद्धापूर्वक पढ़ता है या सुनता है, वह भगवान् विष्णु के पद को प्राप्त करता है, जिसकी सुर में पूजा की जाती है।
6	चित्रों में सोनाक्षी सरल, लघुकुर्ता-शरारासेट के बीच दिखती है।	चित्रों में सोनाक्षी सरलता से छोटी लड़की-शरारा सेट के बीच दिखाई देती है।
8	मुख्यमंत्री-जंगल विस्तार योजना के माध्यम से और वनमित्र योजना के माध्यम से विभाग को मजबूत किया जाएगा।	मुख्यमंत्री-वन विस्तार योजना, वन मित्र योजना के माध्यम से विभाग को मजबूत किया जाएगा।
1	नाट्य के प्रयोक्ताओं को	नाट्य का उच्चारण करने वाले
7	शेष पंचायतें अगले वर्ष मार्ग सुविधाओं से जुड़ेंगी।	शेष पंचायतें आगामी वित्त वर्ष में सड़क सुविधाओं से युक्त होंगी।
1	दूध	पानी
15	चूंकि रनवे पर परीक्षण उड़ान एक जीत थी, इसलिए एनसीसी छात्र सैनिकों के लिए उड़ान परीक्षण भी बिना किसी देरी के हवाई अड्डे पर आयोजित किया जाएगा।	चूंकि रनवे पर परीक्षण सफल रहा, इसलिए बिना किसी देरी के एनसी छात्र सैनिकों के लिए हवाई अड्डे पर उड़ान भरने का भी परीक्षण शुरू किया जाएगा।
1	शासन व्यवस्था में	राज्य व्यवस्था में
19	पुलिस द्वारा नियुक्त नई नियमों के शारीरिक परीक्षा में मीटर ध्यान शामिल होने के बजाय पुरुषों के लिए मीटर ध्यान पूरा करने का समय एक मिनट है, महिलाओं के लिए मीटर ध्यान आधा मिनट कम है।	पुलिस के नए नियमों में शारीरिक परीक्षा में मीटर दौड़ने को छोड़कर पुरुषों के लिए मीटर दौड़ने को पूरा करने का समय एक मिनट है, महिलाओं के लिए मीटर दौड़ने को आधा मिनट कम कर दिया गया है।
8	वे दोनों जीवन को नक्षत्र से स्वयं ही मुक्ति की ओर ले जाते हैं।	वे दोनों जीवन को साक्षात् अपने आप मुक्ति की ओर नहीं ले जाते हैं।
6	मेरे घर एक पँखा है ।	मेरे घर एक पंखा है।
11	लेकिन इस सर्वेक्षण में प्रतिशत लोग बोले अयोध्या नहीं जाएँगे।	लेकिन इस सर्वेक्षण में एक प्रतिशत लोग अयोध्या नहीं जाएंगे।
13	जाह्नवी कपूर को भी चलचित्र की पटकथा पसंद है, उन्होंने चलचित्र के लिए हाँ ऐसा भी कहा"इस प्रकार.	जाह्नवी कपूर को भी फिल्म की पटकथा पसंद है, और उन्होंने फिल्म के लिए हाँ कहा।
12	राज्यपाल ने कहा कि सरकार ने राज्य में यातायात के लिए बिजली के वाहनों को मुख्य बदलाव के रूप में स्थापित करने की बड़ी संख्या में काम शुरू कर दिया है।	राज्यपाल ने कहा कि राज्य में परिवहन के लिए बिजली के वाहनों को पहली परिचय के रूप में स्थापित करने के लिए सरकार ने बड़े पैमाने पर काम शुरू कर दिया है।
3	फिर कब मिलेंगे।	फिर कब मिलेंगे?
10	न्यायिक विशेषताओं ने लगभग पांच घंटे तक उद्योग के अंदर और बाहर खोज कर प्रतिरूपों को इकट्ठा किया।	न्यायिक विशेषज्ञों ने लगभग पांच घंटे तक उद्योग के अंदर और बाहर खोज करके प्रतिरूप एकत्र किये।
10	संस्थाओं में भी अनेक संस्थाएँ सतत, निरन्तर, अविरत काम करती हैं।	संस्थानों में भी अनेक संस्थाएँ निरन्तर, निरन्तर और अविरत काम करती हैं।
13	तब किसी लड़के ने गणना की – एक, दो, तीन, चार, पाँच, छ, सात, आठ, नौ हैं।	तब कोई बालक गिन गया-एक, दो, तीन, चार, पाँच, छह, सात, आठ, नौ।
1	अभ्यास से	अभ्यासयोग
9	पार्वती मन, वाणी और कर्म से तपस्या करती थी।	पार्वती मन, वाणी और कर्म से तपस्या ही करती थी।
5	इस ऋण के प्रवाह से प्राथमिक क्षेत्रों का विकास होगा।	इससे ऋणप्रवाह से प्राथमिक क्षेत्रों का विकास होगा।
10	वह गांधीनगर में डिफेंस एक्सपो 2022 को संबोधित कर रहे थे।	वह गांधीनगर में चल रहे डिफेंस एक्सपो 2022 कार्यक्रम को संबोधित कर रहे थे।
4	महापुरुषों के विषय पर प्रश्न थे।	महापुरुषों के बारे में प्रश्न थे।
11	बुद्धि से क्रोधित श्रीराम का चेहरा देखकर सभी प्राणी व्याकुल हो गए और मेदिनी भी डर गई।	बुद्धिमान क्रोधित उस श्रीराम के मुख को देखकर सभी प्राणियों ने व्याकुल होकर कहा, और मेदिनी स्तब्ध हो गई।
6	हमारे सैनिक उनका आदर करते थे ।	हमारे सैनिक उसका सम्मान करते थे।
6	लेकिन तभी मार्ग पर एक सिंह आ गया।	परन्तु रास्ते में दूसरा शेर था।
1	तपना	शोक करना
1	जालन्धर शहर को	जालन्धर नगर
8	इनमेंसे यथार्थ (शीतोष्णवर्षावाली) ऋतु में औषधि (अत्र शाक आदि ) तथा जलभी ठीक रहते हैं और वे यथोचित अन जलादिक उपयोगमें आये हुए ( सेवन किये हुए ) मनुष्योंको प्राण, आयुर्बल, पराक्रम और ओज यथार्थ उत्पन्न करते हैं ॥	वहाँ से सम्पूर्ण वनों में फैली हुई औषधियाँ आपके प्रयोजन के लिए उपयोग की जाती हैं।
4	शाम को वह मुझे मिला	शाम को वह मुझे मिला।
9	हे राम! आप बहु रूपमयी माया से कार्य, कारण, कर्तृत्व, फल और साधन के भेद से अनेक रूप में विभासित हो रहे हैं ॥	हे राम! कार्य के कारण, फल, साधन और भेद से तुम एक ही हो और माया से तुम बहुत प्रकार के हो।।
6	अब गुजरात के राजभवन में वे यज्ञ करेंगे।	अब गुजरात के राजभवन में वे यज्ञ करेंगे।
16	विदेश मंत्री डॉ. जयशंकर और सूचनाप्रसारण मंत्री अनुराग ठाकुर भी प्रवासी भारतीय हैं-उन्होंने दिवस को देखकर दुनिया भर के प्रवासी भारतीयों को शुभकामनाएं दीं.	विदेश मंत्री डॉ. जयशंकर, सूचनाप्रसारण मंत्री अनुराग ठाकुर भी प्रवासी भारतीय हैं-उन्होंने दिन को ध्यान में रखते हुए दुनिया भर के भारतीय प्रवासियों को शुभकामनाएं दीं।
6	टेस्ट का पालन किया जाएगा, वोल्फ ने कहा।	वुल्फ जी ने कहा कि परीक्षण जारी हैं।
9	और सियार से कहा- “दोस्त! हम दोनों इसी बर्तन में साथ भोजन करते हैं।”	सियार ने भी कहा-"मित्र! हम दोनों इस बर्तन में साथ ही भोजन करते हैं।"
8	वह जो सेव बेचती है वो बहुत मीठे हैं।	वह जो सेवन बेचती है वे बहुत मीठे हैं।
9	आदर्श इको ग्राम योजना के तहत 19 गाँव विकसित हैं।	आदर्श इको ग्राम योजना के तहत 19 गाँव विकसित हैं।
14	सृष्टि से पहले, प्रलय के बाद, और संसार के स्थिति के समय में इस तरह के अकाल में भी तुम सच्ची हो।	सृष्टि से पहले, प्रलय के बाद, इस प्रकार संसार की स्थिति के समय में आप सत्यस्वरूप हैं।
1	भक्षण करना	देना
15	आपको किस प्रकार की मूर्ति चाहिए। देव का तो किस देव का ? देवी को तो किस देवी का?	आपके लिए कैसा विग्रह आवश्यक है? देव के लिए तो कौन देव है? देवियों के लिए तो कौन देव है?
3	बाद में विश्वविद्यालय जाएगी।	बाद में विश्वविद्यालय जाएगा।
1	तलवार	पक्षी
10	इस दिन दर्शकों के बीच बैठे युवकों ने सदन में उछल कर धुआँ निकला।	इस दिन दर्शकों के बीच बैठे दोनों युवाओं ने सदन में कूदकर धुआं छोड़ दिया।
9	हे राम! आप बहु रूपमयी माया से कार्य, कारण, कर्तृत्व, फल और साधन के भेद से अनेक रूप में विभासित हो रहे हैं ॥	हे राम! कार्य के कारण, फल, साधन और भेद से तुम एक ही हो और माया से तुम बहुत प्रकार के हो।।
12	जिनमें भगवान गणेश के, श्रीहनुमतः, जटायु पक्षी, केवट राजा की माता और बर्या प्रैष्य मुद्राङ्कनाएँ सम्मिलित हैं।	जिनमें भगवान् गणेश के, श्रीहनुम के, जटायु पक्षियों के, केवटराज की माता शबरी के और प्रेष्य के मुद्राङ्कन शामिल हैं।
4	पति फिर से जेब देखता है।	पति फिर से जेब देखता है।
4	हमें यशस्वी शिल्पी बनाइए	यश करने के लिये खरीद लो।
4	मैं मनुष्यों में सबसे अधिक वर्चस्वी होऊँ।	मैं मनुष्यों में श्रेष्ठ हूँ।
6	उसने उसे अपने पास ही रख दिया।	उसने उसे अपने पास ही रखा।
4	संदीप कहाँ जाता है ?	संदीप कहाँ जाता है?
9	यह गृह मंत्री ए नमस शिवाय, शिक्षा मंत्रालय के एक अधिकारी थे, जिन्होंने विधानसभा में इस मुद्दे को उठाया था।	शिक्षा मंत्रालय के अधिकारी गृह मंत्री ए नमश्व ने विधानसभा में यह मुद्दा उठाया।
1	संरक्षित करने योग्य	रक्षा करके
5	सीता, अयोनिजा सीता आदि कहे जाते हैं।	सीता को अयोनिजा सीता भी कहा जाता है।
5	यदि तूने कृतज्ञता से ये सम्मानित हैं	यदि आपने कृतज्ञता से इन लोगों का सम्मान किया है।
11	साथ ही, वर्ष 1977 में पंजाब पुलिस के प्रमुख कार्यालय में लॉन्च करने की योजना में शामिल थे।	साथ ही, बीस से अधिक-दो हजार के वर्ष में पंजाब आरक्षी गुप्ता के मुख्य स्टेशन पर मिसाइल हमले की योजना में शामिल थे।
6	तब पथिक बोला- दसवें तुम हो।	तब राहगीर बोला तुम दसवें हो।
7	एक सौ ग्यारह वर्ष के शिवकुमार स्वामी पिछले सप्ताह दिवंगत हुए।	ग्यारह सौ से अधिक वर्षीय शिवकुमार स्वामी का पिछले सप्ताह निधन हो गया।
2	मनुष्यादि पशु-पक्षियों को	द्विपाद और चतुष्पाद।
9	उद्योग मंत्री ने कहा कि मुख्यमंत्री सुक्खू इस दुखद घटना से पीड़ित हैं।	उद्योग मंत्री ने कहा कि मुख्यमंत्री सुक्खू इस दुखद घटना का शिकार हैं।
12	हमने पिछले दस वर्षों तक देश के हित के लिए मौन रखा था, पहली दिन भी सफ़ेद पत्र ला सकते थे।	हम पिछले दस साल से देश के हित में चुप थे, पहले दिन भी सफ़ेद पत्र ला सकते थे।
1	जात कर्म के समय	जन्म के समय
3	गुरुओं के द्वारा प्रश्न पूछे जाएँ ।	गुरु जी से प्रश्न पूछें।
11	मनाली- केलांग-राष्ट्रीय राजमार्ग के साथ कई अटल किले के चढते समय मार्गों को बर्फबारी के कारण अवरुद्ध कर दिया गया।	मनाली-केलांग-राष्ट्रीय राजमार्ग के साथ कई निकले हुए अटलकन्दरारोहतांग के मार्ग बर्फबारी के कारण बाधित हो गए।
20	उन्होंने उत्तराखंड से अपनी निकटता को दोहराते हुए कहा कि उत्तराखंड एक ऐसा राज्य है जहां दिव्यता और विकास को एक साथ महसूस किया जा सकता है।	उत्तराखंड के साथ अपनी निकटता को बार-बार दोहराते हुए उन्होंने कहा कि उत्तराखंड एक राज्य है जहां दिव्यता और विकास एक साथ अनुभव किया जाता है।
7	एसआईटी कहता है कि अभियुक्तों के खिलाफ दृढ़ साक्षी हैं।	एसआईटी का कहना है कि अभियुक्तों के खिलाफ मजबूत गवाह हैं।
1	गौ	गाय
7	उनका परवर्ती जीवन अधिकतर राजनीतिक कार्यक्रमों में बिताया गया।	उनका बाद का जीवन अधिक से अधिक राजनीतिक कार्यक्रमों में व्यतीत हुआ।
13	अमुना ने कहा कि सरकार ने इन परिवारों का जीवन सुगम बनाने की विभिन्न योजनाएं शुरू की हैं।	अमुना ने कहा कि सरकार ने इन परिवारों का जीवन सुगम बनाने के लिए विभिन्न योजनाएं शुरू की हैं।
11	दोपहर में जलोडीदर्रा और रघुपुरगढ़, रोहतांगदर्रा और कुञ्जमदर्श बारालाच में बर्फबारी हुई।	दोपहर में जलोदीदर्रा रघुपुरगढ़, रोहतांगदर्रा, कुंजमार्श और बारालाचा में बर्फबारी हुई।
7	5 तीव्रता दी गई है। किसी जानमाल के नुकसान की सूचना नहीं है.	दिल्ली में 5 तीव्रता का अनुभव हुआ. जानमाल के नुकसान की सूचना नहीं दी गई.
4	हिमसंस्कृतवार्ता - कार्यालय का प्रतिनिधि।	हिमसंस्कृतवार्ता-कार्यालय का प्रतिनिधि।
2	कैसे?	कैसे?
4	वृक्षों को पानी देती है।	वृक्षों को जल देता है।
13	जो शोफ शरीर के भिन्न २ अवयवों मे उत्पन्न होते है, उनका स्थान, दूष्य, आकृति और नाम भेद से अनेक भेद हो जाते है । उनमें से कुछ एक उदाहरण के लिये कहे जाते है उनका सुनो ॥	जो लोग शोथ के आकार पर निर्भर रहते हैं, उनके स्थान और दोषों के भेद से अनेक संख्याएँ और उनके उदाहरणों के लिए कुछ भी चुनें।
1	, नदी	
12	स्वास्थ्य मंत्री डॉ. मनसुख मंडवीया ने देश में सभी राज्यों से कोविड-19 संकट की जांच-इत्य के मामले पर जोर-शोर मचाने वाले उपायों से उन्हें मुक्त कर दिया।	स्वास्थ्य मंत्री डॉ. मनसुख मंडविया ने सभी राज्यों से देश में कोविड-19 का मामला देखा-उन्हें यथासंभव उपाय करने का अवसर मिला।
1	बोया जा रहा है।	समायोजित किया जाता है
4	ईश्वर भक्त कभी नहीं डरता है।	ईश्वर भक्त कभी नहीं डरता है।
9	प्रधानमन्त्री वहाँ प्रदर्शनी में आए थे, भूमिभङ्गप्राचीर का भी अनावरण किया।	प्रधानमंत्री वहीं प्रदर्शनी में आए, उन्होंने भूस्खलन की प्राचीर का भी अनावरण किया।
5	अहो मालती! आओ बैठो,	ओह मालती! आइये, बैठिए।
7	क्षमा करो , तुमने पुरस्कार नहीं पाया।	क्षमा करियेगा, तुम्हें पुरस्कार नहीं मिला।
7	व्याधिके ग्रहणसे वायु, पित्त कफ, रक्त, सन्निपात इनमेंसे एक या अधिककी विषमतासे उत्पन्न होनेवाली संपूर्ण (चारोंप्रकारकी ) व्याधि समझीजातीहैं ॥	पित्त, पित्त, कफ, शोण आदि रोगों के ग्रहण से होने वाले संसर्ग के कारण होने वाले विष के कारण सभी रोगों का वर्णन किया गया है।
8	विद्यार्थियों के विभिन्न विषयों के विकास के लिए दौलत सिंह हमेशा तत्पर रहते थे।	छात्र विविध विषयों के विकास के लिए दौलतसिंह हमेशा तत्पर रहते थे।
12	ऐसे में सोमवार सुबह तक राज्य में भारतीय तेल शिला तेल केंद्र सूख जाने के पात्र हैं।	ऐसे में सोमवार सुबह तक राज्य में भारतीय तेल चट्टान के केंद्र सूख जाने की संभावना है।
3	देव के द्वारा अन्न दिया गया	देव ने अन्न दिया।
6	मेरी प्यास शान्त हो गई है।	शान्ता मेरी प्यास अब भूख लगी है।
8	मैं पहले समझता था कि मैं ही शक्तिशाली हूँ।	मैं पहले मानता था कि मैं ही शक्तिशाली हूँ।
4	चौकी पर कुछ पोथियाँ रखी हैं	कुर्सी पर कुछ मोतियाँ रखी हैं।
4	यह सब भारतीय चलचित्र होगा।	यह अखिल भारतीय चलचित्र होगा।
28	भूषाचार-प्रदर्शन में भी लोकसंस्कृति का दर्शन शीतकाल में देखा गया-आनन्द उत्सव के चार दिन भूषाचार-प्रदर्शन में बहुत तालीवादन के बाद भी कई कलाकार सूर्यसंस्कृतििदलबनोगी, द वारियर दल, कुल्लू, परफेक्ट डान्स क्लब, जम्मू के कलाकारों ने भूषाचार का प्रदर्शन किया।	आभूषणों का प्रदर्शन-प्रदर्शनी में भी लोक संस्कृति का दर्शन देखा गया था शीतकालीन-आनन्द उत्सव के चौथे दिन आभूषणों का प्रदर्शन-प्रदर्शनी में बहुत ताली बजाने के बाद, जागरण कला के मंच पर सवार कलाकारों ने सूर्य संस्कृति टीम का प्रदर्शन किया, द वॉरियर्स टीम कुल्लू, परफेक्ट डांस क्लब जम्मू के कलाकारों ने आभूषणों का प्रदर्शन किया।
5	एक चुहिया घर के अंदर घुसी है।	एक चूहा घर के अंदर घुस गया।
7	जिससे धर्मियों का पालन शर दुष्टों का ताड़न होवे।	जिससे धार्मिकों का पालन-पोषण हो और दुष्टों का उत्पीड़न हो।
17	समान रूप से उपपद के रूप में उपस्थित होने वाले कर्म के संबंध में बिना उपसर्ग के आकार के अंत से धातुओं के सन्देह की जगह कौन (क) है यह उत्तर है।	सामविधान कर्म जिसके उपपद के रूप में उपस्थित है, उसके उपसर के बिना आकार के अन्त से धातो के प्रत्यय के स्थान पर क्या प्रत्यय होता है।
4	मेरे बग़ीचे में आम फूले फले हैं।	मेरे प्रशंसनीय भामा पुष्पित हैं।
1	ठग	चालाक
2	यहाँ तू निराहार रहकर धूप, वायु और वर्षा अदि को सहन करती हुई दिनरात तपस्या कर और एकाग्रचित्त होकर हृदय में विद्यमान परमेश्वर श्रीराम का ध्यान कर। यह आश्रम सभी जीवजन्तुओं से रहित हो जायेगा ॥	अग्नि, जल, वर्षा आदि से अत्यन्त प्रसन्न परमेश्वर को।
2	वह है।	वह है।
4	पंकज यजुर्वेद पढ़ता है ।	पंकज यजुर्वेद पढ़ता है।
8	मित्र ! अब मुझे भूख बहुत ही दुःख देती है।	हे मित्र! अब मुझे भूख बहुत पीड\u093Cाती है।
13	जिन चरणोंसे पुण्यसलिला भागीरथीका उद्भव हुआ है, उनको पाद्यरूपसे क्या देना उचित है ? जिस आपके मस्तकका मुनिजनोंने पूजन किया है, अब उसपर भक्तिपूर्वक अर्ध्य किसका है?	पादपङ्कज में मुनिजनों के द्वारा पूजित होने के लिए क्या पच, वार्घ, क्या उपयुक्त है? जहाँ उठ, जाह्नवी, क्या तुम्हारे मस्तक पर भक्त हैं?
20	पता चलता है कि इस योजना के तहत पूर्व कम्पन मण्डल में इलेक्ट्रोड एकत्र किया गया था-त्रित्रिकों के आबटन का लक्ष्य था, जिसे जिला  दंड अधिकारियों की अध्यक्षता में आयोजित जिला स्तरीय सैकड़ों प्रतिशत मंजूरी दी गई थी-परीक्षा समिति द्वारा दिया गया।	ज्ञात हो कि इस योजना के तहत पूर्वचम्पारण जिले में बीच में विद्युत्कोष संचारित-तीन पहियों के आवंटन का लक्ष्य था, जिसका 100% जिला दंड अधिकारी की अध्यक्षता में जिला स्तरीय मंजूरी दी गई थी-परीक्षण समिति द्वारा दिया गया।
7	वायरस के बारे में स्थानीय-अंतरराष्ट्रीय-संस्थाओं के सहयोग से निगरानी को मजबूत किया गया है।	वायरस के बारे में स्थानीय-अंतर्राष्ट्रीय-संगठनों के सहयोग से निगरानी को मजबूत किया गया है।
5	तुझे देख कर मन प्रसन्न होता है।	तुम्हें देखकर मन प्रसन्न होता है।
8	यह उचित नहीं है कि स्वावलम्बन के प्रभाव से भारत आजादी में आया है।	यह अतिशयोक्ति नहीं है कि स्वावलंघन के प्रभाव से भारत स्वाधीनता की ओर बढ़ेगा।
7	प्रतिव्यक्ति आय 2,35,199 रुपए की अनुमानित है।	प्रतिव्यक्ति आय का अनुमान रुपये है।
12	मोदी ने कहा कि "प्रधानमंत्री निर्धन कल्याण योजना" को आगे भी पांच वर्षों तक यथावत् लॉन्च किया जाएगा।	मोदी ने कहा कि "प्रधानमंत्री निर्धन कल्याण योजना" आगे भी पांच वर्षों तक यथाविधि लागू रहेगी।
18	सदस्य पहले दिन शोक प्रस्ताव भी प्रस्तुत कर सकते हैं यदि पिछले सप्ताह के सत्र में कोई सदस्य या पूर्व सदस्य मर गया है.	सदस्य पहले दिन शोक प्रस्ताव भी प्रस्तुत कर सकते हैं यदि पिछले सत्र और इस सत्र के बीच कोई भी सदस्य या पूर्वसदस्य मर गया है।
8	वे दोनों जीवन को नक्षत्र से स्वयं ही मुक्ति की ओर ले जाते हैं।	वे दोनों जीवन को साक्षात् अपने आप मुक्ति की ओर नहीं ले जाते हैं।
12	इससे पहले 8 फरवरी-12 फरवरी-दिनांक दोनों पक्षों के बीच वार्ता में कोई निर्णय नहीं लिया गया।	इससे पहले 8 फरवरी-12 फरवरी-दोनों पक्षों की वार्ता में कोई निर्णय नहीं लिया गया.
8	वह पढ़ना चाहता है, किन्तु मन नहीं लगता है ।	वह पढ़ना चाहता है, लेकिन मन नहीं रमता है।
14	बहुत से लोग अनेक अच्छे लक्ष्यों को लेकर समाज के कल्याण के कार्य करने का प्रयास करते हैं और सफल होते हैं।	बहुत से लोग अनेक अच्छे लक्ष्यों को प्राप्त करके समाज के उपयोगी कार्य करने का प्रयास करते हैं वे सफल भी होते हैं।
11	अयोध्या में''रामलला विराजमान''नाम का प्राण-प्रतिष्ठा-सौभाग्य के शुभ अवसर पर सभी सज्जन अंतिम चरण पर हैं।	अयोध्या में "रामलला-विराजमान" नाम के प्राण-प्रतिष्ठा-शुभ भाव से सभी तैयार अंतिम चरण में हैं।
10	कैकेयी को वरदान देकर सत्यसन्ध मेरे पिता ने भरत को राज्य और मुझे अत्युत्तम दण्कारण्य दिया है ॥	कैकेयी के वरदान से मेरे सत्यनिष्ठ पिता भरत जी ने मुझे परम पुण्य राज्य दिया है॥
6	सभी के मस्तक शीघ्र झुक गए।	सबके सिर तेजी से झुक गए।
3	बालक लिखे।	बालक लिखिये।
5	क्या इतना ही सामान है।	क्या वस्तुएँ इतनी ही हैं?
18	इस विषय में कोई भी भेद नहीं होना चाहिए क्योंकि तिथियाँ अंग्रेजी पाँचवें भाग के अनुसार विचारी जाती हैं और तिथि भारतीय पाँचवें भाग के अनुसार होती है, जो हमेशा उचित होता है।	इस विषय में कोई भेद नहीं होना चाहिए क्योंकि तिथि अंग्रेजी पंचांग के अनुसार विचार की जाती है और तिथि भारतीय पंचांग के अनुसार होती है, जो हमेशा उचित होती है।
6	संस्कृति प्रदर्शन का काम इस मेला द्वारा किया जाता है।	संस्कृति प्रदर्शन का काम इस मेला द्वारा किया जाता है।
7	हिरणी माँ डर गई और वहाँ से नहीं हटी	माँ हरिणी ने डर से वहाँ से नहीं जाना।
1	ओझल हो गयी	छिपा हुआ
1	अंगुली	उँगली
20	इस अवसर पर अनिलभटनागर:, राहुलभाति, शिवरामबडोला, रोहितबलोडी, राजनकुमार:, मोहनसिंह, संगीतरावतः, सरोजनेगी, मधुबाला नौटियाल, संगीता कुकशाल और विनीता बिष्ट: छात्र उपस्थित थे।	इस अवसर पर अनिलभटनागर, राहुलभटिया, शिवरामबडोला, रोहित बलोडी, राजन कुमार, मोहनसिंह, संगीततारावत, सरोजनेगी, मधुबाला नौटियाल, संगीता कुकशाल और विनीता बिष्ट के छात्र उपस्थित थे।
4	वह भारतीय युवक है।	वह भारतीय युवक है।
10	हिमाचल प्रदेश कैबिनेट की गोष्ठी शुक्रवार को मुख्यमंत्री सुखविंदर सिंह सुक्खू की अध्यक्षता में शिमला राज्य सचिव पद पर आयोजित की गई।	हिमाचल प्रदेश मंत्रिमंडल की गोष्ठी शुक्रवार को मुख्यमंत्री सुखविंदर सिंह सुक्खू की अध्यक्षता में शिमला में राज्य सचिवालय में आयोजित की गई।
10	देवरा''इस फिल्म के कारण आजकाल स्वस्त अभिनेत्री जाह्नवी कपूर वार्ता में है।	देवरा "इस फिल्म के कारण आजकल बॉलीवुड अभिनेत्री जाह्नवी कपूर चर्चा में हैं।
26	विपक्षी नेताओं के कहना पर मुकेश अग्रिहोत्री ने कहा कि छत्तीसगढ़ का ताप महादेवघोटा से हिमाचल तक पहुंचा है, केंद्रीय भाजपा सरकार है, यदि वे इच्छा करें तो वे किसी संस्था के माध्यम से उसकी खोज कर सकते हैं।	विपक्षी नेताओं के वक्तव्य में मुकेश अग्रिहोत्री ने कहा कि केंद्र भाजपा सरकार है, यदि वे चाहते हैं तो वे किसी भी संस्था के माध्यम से उसकी खोज कर सकते हैं।
18	मुख्यमंत्री सुखविंदर सिंह सुक्ख ने कहा कि जब सरकार का निर्माण हुआ है तब से हिमाचल प्रदेश कैसे आत्मनिर्भर हो रहा है।	मुख्यमंत्री सुखविंदर सिंह सुक्ख ने कहा कि जब सरकार का निर्माण हुआ तब से हिमाचल प्रदेश किस विषय पर काम कर रहा है।
12	इस प्रतियोगिता में रेलमार्गसिंहचौहान, ज्योतिराजसिंधिया, नरेन्द्रसिंहतोमर: राकेश सिंह, कैलाश विजयवर्गीय इत्यादि हस्तियों के नाम चर्चा में थे।	इस प्रतियोगिता में शिवराज सिंह चौहान, ज्योतिरादित्य सिंधीया, नरेन्द्र सिंहतोमर राकेश सिंह, कैलाश विजयवर्गीय जैसे दिग्गजों के नाम चर्चा में थे।
10	गाजा पर  हवाई हमलों ने हमास की 10 भूमिगत सुरंगों और हथियार निर्माण सुविधाओं को नष्ट कर दिया है। इसराइल इसी बात पर घमंड करता था।	इजराइल ने दावा किया है कि गाजा में हवाई हमलों से हमास के 10 भूमिगत सुरंगें और हथियारों के निर्माण की सुविधाएं नष्ट हो गई हैं।
10	प्रदर्शनी में 500 रुपये से 1,500 रुपये तक मूल्य की वस्तुएँ स्थापित कर दी गई हैं।	प्रदर्शनी में 50 रुपये से 1500 रुपये तक के मूल्य की वस्तुएँ रखी गई हैं।
12	हालाँकि, अभी तक विभाग ने उसकी अनुशंसा के बारे में कोई निर्णय नहीं लिया है।	लेकिन अब तक विभाग ने उसकी अनुशंसा के बारे में कोई निर्णय नहीं लिया है।
9	आपका दर्शन योगियों को भी दुर्लभ है, और में साक्षात् आपका बाण लगने से, विशेषरूप से आपके सामने मने प्राण छोड़ रहा हूँ। ॥	हे महायोगी! साक्षात् चक्रघात से विशेषरूप से तुम्हारे दर्शन का त्याग कर दिया॥
25	अयोध्या में श्रीराम मंदिर का निर्माण जनवरी में हुआ और देश के यशस्वी प्रधान मंत्री नरेंद्र मोदी शुभकरकमलों से मूर्ति और प्राणों की पूजा के लिए एकत्रित हुए उसके बाद वे माध्यमों से बातचीत कर रहे थे।	अयोध्या में श्रीराम मंदिर का निर्माण होने के बाद जनवरी में देश के यशस्वी प्रधानमंत्री नरेंद्र मोदी ने शुभ कामनाओं के साथ मूर्ति की प्राणों कीप्रतिष्ठा का समारोह उत्साहपूर्वक संपन्न हुआ।
12	मैं ही समस्त प्राणियों के हृदय में स्थित हूँ। मुझसे ही स्मृति, ज्ञान और अपोहन (उनका अभाव) होता है। समस्त वेदों के द्वारा मैं ही वेद्य (जानने योग्य) वस्तु हूँ तथा वेदान्त का और वेदों का ज्ञाता भी मैं ही हूँ।।	सभी की चाह हृदय में स्थित है, मेरी स्मृति और ज्ञान का पोषण है, वेदों में भी मैं ही हूँ, वेदों में भी वेदान्त ही है, वेदों में भी वेद ही है।
5	मैंने बहन को दस संस्कृत पुस्तकें दीं।	मैंने बहन को दस संस्कृत पुस्तकें दीं।
4	पुत्र – बस यूँ ही ।	पुत्र-ऐसा ही।
5	केयूर – माँ के साथ आता हूँ।	केयूर-माँ के साथ आता हूँ।
6	प्रातः उठ कर जल से मुंह धोओ।	सुबह उठ कर जल से मुँह धो।
1	मन की इच्छा से	उद्देश्यों से
5	हर रोज एक वाक्य अवश्य बोलें	हररोज एक वाक्य अवश्य बोलें।
4	वह नगर को जाता है क्या?	वह नगर को जाता है क्या?
15	ऐसे धन का भी कोई लाभ नहीं, जो कुलवधू के समान केवल एक ही मनुष्य के लिए राग की हो। संगति तो वही शेष है जिसका लाभ राह चलते लोग भी उठाते हैं अर्थात धन-संपत्ति वही श्रेष्ठ है, जो वेश्या के समान अन्य लोगों के भी काम आती है।	लक्ष्मी से क्या किया जाता है, जो केवल वधू के समान है, जो वेश्या के समान है, वह मान ली जाती है और राहगीरों द्वारा भी खाया जाता है।
4	रात को मुझे कथा सुनाई।	रात में मुझे कहानी सुनाई।
19	फ्रांस के राष्ट्रपति राम मंदिर का मॉडल खरीदा, इसके बाद प्रधानमंत्री मोदी ने भारत की डिजीटल क्रान्ति के लिए गौरवान्वित इमैनुएल मैक्रॉन का परिचय दिया।	फ्रांस के राष्ट्रपति ने राम मंदिर का मॉडल खरीदा, इसके बाद प्रधानमंत्री मोदी ने भारत की डिजिटल क्रांति का गौरव इमैनुएल मैक्रॉन को परिचय दिया।
15	पुराणपुरुष परमात्मा राम ने परानुग्रह के लिए एक स्वयंज्योतिः, अनन्त और सबका आदिकारण होने पर भी संसार को विमोहित करने वाला मायामय स्वरूप धारण किया हैं ॥	यह परमात्मा पुरुष पुराणों में से एक है, जो स्वयं ज्येष्ठ है। यह मायतन लोकविमोहनीय परमात्मा पर परम अनुग्रह है।।
13	मैं पुस्तक दुकान गया। वहाँ पुस्तकों को देखा। कादम्बरी खरीदी। उपन्यासों को देखा।	मैं पुस्तकालय गया। वहाँ पुस्तकें देखीं। कीचड़ खरीदा। उपन्यासों को देख लिया।
7	एक यात्री रेलवे स्टेशन से पूड़ियाँ और सब्जी लाता है।	एक सहयात्री रेलवे स्टेशन से सब्जी और सब्जी निकालता है।
13	इस मामले में, एक रिपोर्ट सामने आई कि कुछ ध्वनि तरंगों को पानी के नीचे अवलोकन के हिस्से के रूप में उपयोग किए जाने वाले सोनार उपकरण द्वारा एकत्र किया गया था।	एक रिपोर्ट सामने आई है कि इस मामले में पानी के नीचे अवलोकन के हिस्से के रूप में एक उपयुक्त सोनार उपकरण द्वारा कांच की आवाजें एकत्र की गई हैं।
4	दादीजी के लिये कुर्सी लेता है	दादीजी के लिये कुर्सी ले जाती है।
7	गौ या बैल या छोटे-छोटे गड्ढे में वापस लाया जाएगा।	गाय या बैल पर छोटी गुड़िया चिप लगाई जाएगी।
7	मंदिरों में, धार्मिक कार्यक्रमों में, विभिन्न स्थानों पर शोभायात्रा भी हुई.	मन्दिरों में, धार्मिक कार्यक्रमों में, विभिन्न स्थानों पर शोभायात्राएं भी निकली हैं।
1	शरण लेने	आश्रित
7	यदि तुम अभ्यास में भी असमर्थ हो तो मत्कर्म परायण बनो	तुम अभ्यास में समर्थ हो और मेरे कर्म में निपुण बनो। मेरे लिये भी कर्म करते हुए तुम सिद्धि को प्राप्त करोगे।
6	आज मेरे मित्र के घर वेदकथा है।	आज मेरे मित्र के घर वेदकथा है।
7	छात्र – तो मेरे साथ करो ।	छात्र-तो फिर मेरे साथ करो।
20	स्वास्थ्य मंत्रालय ने कहा कि आर्कटिक में हिमालयी अनुसंधान केंद्रों और अंटार्कटिक में भारतीय अनुसंधान केंद्रों के साथ, भूमध्य सागर के किनारे के देश भी योग प्रदर्शन में भाग लेंगे।	आयुष मंत्रालय ने कहा कि वह योग प्रदर्शन में आर्कटिक क्षेत्र के हिम नदी और अंटार्कटिक क्षेत्र के भारतीय उष्णकटिबंधीय केंद्रों के साथ-साथ मध्यद्वीपीय रेखा के पास स्थित देशों को भी शामिल करेंगे।
7	धार्मिक संस्थान पहले निराश्रित पशुओं को पकड़ते थे।	धार्मिक संस्थाएँ पहले निराश्रित पशुओं को लेती थीं।
8	वह भी कन्या गुणों से पति के वश में कर रही थी वहाँ।	वह कन्या भी गुणों से पति को खुश कर रही थी।
5	मेढ़ा दौड़ता है, परंतु घोड़ा खड़ा है	मेष दौड़ता है परन्तु घोड़ा खड\u093Cा रहता है।
5	अहो मालती! आओ बैठो,	ओह मालती! आइये, बैठिए।
10	लोकप्रिय कवि भोजपुरी बोलने वाले विनय कुमार शुक्ल ने"विनम्रता"अपने कवियों से सभी उपस्थित लोगों को मोहित कर दिया।	लोकप्रिय कवि भोजपुरी भाषी विनय कुमार शुक्ल ने "विनम्र" अपने कवियों से सभी उपस्थित लोगों को मुक्त किया।
10	सिंघवी तीन बार सांसद बने हैं। वे देश के सर्वोच्च न्यायालय के वरिष्ठ न्यायाधीशों में से एक हैं।	सिंघवी तीन बार सांसद बने। वे देश के सुप्रीम कोर्ट के वरिष्ठ न्यायाधीशों में से एक हैं।
10	बाद में डॉ. महेन्द्रनारायणराम ने कालिदासीय काव्यों में लोकरीति से वर्णन करने के प्रमाण से महा कवि मैथिल के रूप में स्थापित किया।	बाद में डॉ. महेंद्रनारायण राम ने कालिदास काव्यों में लोकृति के वर्णन के प्रमाण के रूप में महान कवि मैथिली को स्थापित किया।
14	इसके साथ 48 घंटे तक अधिकतम तापमान को 2 से 3 डिग्री सेल्सियस तक कम कर दिया जा सकता है।	इसके साथ ही आने वाले 48 घंटे में अधिकतम तापमान में 2 से 3 डिग्री सेल्सियस तक की कमी की संभावना है।
1	बैठना	बैठना
7	यह अतिरिक्त प्रेस वाहनों के लिए भी अलग एक स्टेशन होगा।	यह अतिरिक्त प्रेस वाहनों के लिए भी अलग स्टेशन होगा।
8	उससे स्वयमेव सत्कर्म होगे जैसे बादल वर्षा करते हैं।	इससे स्वयं ही सत्कर्म होंगे जैसे बादल वर्षा करते हैं।
7	उपवास के समय भी वह काम तो करेगा ही।	उपवास के समय भी वह काम तो करेगा ही।
1	गुप्त बातें जाननेवाले	मन्त्रज्ञ
8	मन ही मनुष्यों के कारण है, बंधनों से मुक्त होने का झुकना है।	यह तर्क है कि मन ही मनुष्यों के बंधन से छूटने का कारण है।
4	पंकज यजुर्वेद पढ़ता है ।	पंकज यजुर्वेद पढ़ता है।
12	मुख्यमंत्री सुखविंदर सिंह सुक्खू ने कहा कि शिमलानगर के सड़कों के विकास और विस्तार के लिए करोड़ रुपये का खर्च किया जाएगा।	मुख्यमंत्री सुखविंदर सिंह सुक्खू ने कहा कि शिमला शहर के वृत्त मार्ग के विकास और विस्तार के लिए करोड़ रुपये का खर्च किया जाएगा।
11	सुरक्षा बल, पीरपंजाल पर्वतों के अन्य क्षेत्रों और प्राकृतिक गुफाओं की खोज कर रहे हैं।	सुरक्षा बल पीरपंजल पर्वतों पर अन्य क्षेत्रों की प्राकृतिक गुफाओं की खोज करते हैं।
8	राजपथ पर ज्योर्ज पंजम की प्रतिमा स्थापित थी।	राजपथ पर ही जॉर्ज पंचम की प्रतिमा स्थापित थी।
8	मुख्यमंत्री सुखविंदर सिंह सुक्खू ने बजट में आदर्श स्वास्थ्य संगठनों का निर्माण करने की घोषणा की थी।	मुख्यमंत्री सुखविंदर सिंह सुक्ख ने बजट भाषण में आदर्श स्वास्थ्य संस्थानों के निर्माण की घोषणा की थी।
6	हरिद्वार में उन्होंने गुरुकुल काँगड़ी की स्थापना की।	हरिद्वार में उन्होंने कांगड़ी गुरुकुल की स्थापना की।
8	प्रारम्भ में, केंद्रीय संस्कृत विश्वविद्यालय के लखनऊ परिसर के शिक्षाशास्त्र छात्राओं ने अनन्या श्रीवास्तव मंगलाचरण किया।	प्रारम्भ में केंद्रीय संस्कृत विश्वविद्यालय के लक्ष्मणपुर परिसर के शिक्षाशास्त्र के छात्र अनन्या श्रीवास्तव ने मंगलाचरण किया।
6	छात्र – तो क्या हो गया ?	छात्र-तो क्या हुआ?
20	दंभ से कुम्भकर्ण, इन्द्रजीत, अतिकायन, नरान्तक, प्रहस्त बल्कि आपने स्वयं मेरे वचन की अवज्ञा की इसलिये आज उसका ही फल हुआ।	दर्पत कुम्भकर्ण, इन्द्रजीत, अतीक, नरांतक, आपने स्वयं भी मेरे वचन का अवज्ञा किया इसलिए आज उसका फल हुआ।
5	चिड़ियाएँ चूं चूं ... कूजन करती हैं।	चींटियाँ चोंच चुनती हैं.... चिल्लाती हैं।
5	अब वह प्रतिदिन व्यायाम करता है।	अभी वह प्रतिदिन व्यायाम कर रहा है।
6	बालिकायें पुस्तक पढ़ सकती हैं।	बालिकाएँ पुस्तक पढ़ सकती हैं।
8	इन योजनाओं का लाभ लाभप्रद नहीं हुआ।	इन योजनाओं का लाभ लाभार्थी नहीं उठा सके।
4	यह राम की किताब है।	यह राम की पुस्तक है।
10	उनमें से गुरु का सबसे प्रिय शिष्य विनयशील, अत्यन्त विनयशील और परमज्ञासु हुआ।	उनमें से गुरु का प्रिय शिष्य विनय नामधेय अत्यन्त विनयशील और परमज्ञ थे।
6	पेंसिल छील कर वह सुंदर चित्र बनाता है।	पेंसिल तीखी करके वह सुन्दर चित्र बनाता है।
6	पुलिस उसके स्थान को प्राप्त करके अन्वेषण कार्य कर रही है	पुलिस उस स्थान पर पहुँचकर खोज कार्य कर रही है।
5	विदूषक – क्या दोनों का एक ही उत्तर है?	विदूषक-क्या दोनों का एक ही उत्तर है?
8	छात्रों के लिए प्रशिक्षण संस्थानों के लिए भी नेट बुक का निर्माण करना होगा।	छात्रों को अब प्रशिक्षण संस्थानों के लिए भी जालपुट बनाना होगा।
7	प्राचीनकाल में यही भाषा भारत देश की राष्ट्रभाषा थी।	प्राचीन काल में यह भाषा भारत राष्ट्र की राष्ट्रभाषा थी।
9	मुख्यमंत्री महाशय ने हमारे विद्यालय के शिक्षकों को बहुमूल्य वस्त्र दिये ।	उन्होंने मुख्यमंत्री महोदय को हमारे विद्यालय के शिक्षकों को अमूल्य वस्त्र दिये।
17	केंद्रीय मंत्री अश्विनी वैष्णव ने भारत राष्ट्र को विश्वास के योग्य बताया कि भारत एक विश्वसनीय राष्ट्र है जो व्यापार के लिए योग्य है।	केंद्रीय मंत्री अश्विनी वैष्णव ने भारत राष्ट्र को विश्वास के साथ कहा कि भारत एक विश्वसनीय राष्ट्र के साथ व्यापार के लिए उपयुक्त है।
1	पैर	पैर
4	मैं पक्षियों को दाना देता हूँ।	मैं पक्षियों को दाना देता हूँ।
3	संचालक कहाँ खड़ा रहेगा ?	संचालक कहाँ रहेगा?
1	स्नेही	चिकना
1	नेता	नायक
9	मंजुला – ना , यहाँ संस्कृत सम्भाषण होता है न ?	मंजुला-नहीं, यहाँ संस्कृत वार्तालाप होता है न?
7	एचपीसीए परीक्षण समय में आमंत्रित अतिथियों की सूची जोड़ी जाती है।	एचपीसीए परीक्षण के दौरान आमंत्रित अतिथियों की सूची तैयार करता है।
9	प्रशासन का परिस्थितिजन्य संबंध-ग्रेटा ने मामले पर अनसुलझी सुनवाई के खिलाफ काउंटी अदालत में याचिका दायर की।	प्रशासन की स्थिति से जुड़ा हुआ-ग्रेटा ने मामले पर उत्तर देने की याचिका के खिलाफ जिला स्तरीय कोर्ट में याचिका दायर की।
6	और अपने परिवार का सम्मान अवश्य बढ़ेंगे।	अपने परिवार का सम्मान अवश्य बढ़ेगा।
16	इस अवसर पर बोलते हुए प्रधानमंत्री ने कहा कि वीर बालक दिवस भारत की रक्षा के लिए और सुरक्षा के लिए कुछ भी करने के लिए दृढ़ संकल्प का प्रतीक है।	इस अवसर पर प्रधानमंत्री ने कहा कि वीर बाल दिवस भारत की रक्षा और सुरक्षा के लिए कुछ भी करने के दृढ़ संकल्प का प्रतीक है।
3	मन्दिर में भक्त जाता है।	मन्दिर में भक्त जाता है।
4	भरतभाई सारी व्यवस्था देख रहे हैं।	भरतभ्राता सारी व्यवस्था देखता है।
7	उन्होंने इस मौके पर सभी नागरिकों को आजादी और अन्य शुभकामनाएं भी दीं।	इस अवसर पर सभी नागरिकों को स्वतन्त्रता दिवस की प्रशंसा भी उन्होंने की।
3	तथा जिस दिन श्मशान में गमन हो और युद्धके दिन महोत्सव और उत्पातके दिन पढ़ना पढ़ाना योग्य नहीं तथा जिन दिनोंमें ब्राह्मण नहीं पढ़ते जैसे प्रतिपत् उन दिनोंमें नहीं पढ़ना और अशुद्ध होकर किसी दिन भी न पढ़े ॥	श्मशान में जाने वाली गाड़ियों, नौकाओं और त्योहारों की धूप में।
4	क्या आप लिखती हैं ?	क्या आप लिखती हैं?
1	कस्टर्ड फल	सीता का फल
9	केरल की मछली-महासागर अनुसंधान विश्वविद्यालय के वैज्ञानिक इसके''होराग्लानिस पोपुली''वैज्ञानिक नाम दिया गया है।	केरल की मछली-समुद्री अनुसंधान विश्वविद्यालय के वैज्ञानिकों ने इसका "होराग्लानिस पोपुली" वैज्ञानिक नाम दिया है।
6	हम सभी शहीद सैनिकों को श्रद्धांजलि देते हैं।	हम सभी शहीद सैनिकों को श्रद्धांजलि देते हैं।
5	चन्द्रमा किनका आभूषण है?	चन्द्रमा कछुए का आभूषण है?
15	अनुसूचित जाति के एक व्यक्ति द्वारा गैर जाति के व्यक्ति को अपनी जमीन बेचने के मामले में जनपद स्तर से संस्कृत में फैसला जारी किया गया-मजिस्ट्रेट डॉ. ए.केचन्द्रभूषणः।	जिला स्तरीय ने संस्कृत में निर्णय दिया कि अनुसूचित जाति के व्यक्ति ने अपनी भूमि अन्य जाति के व्यक्ति को बेच दी है-न्यायाधीश डॉ. चंद्र भूषण।
6	लक्ष्य भी शिक्षा के द्वारा सुचिन्तन किया गया परिष्कृत सामाजिक उपयोग है।	लक्ष्य भी शिक्षा के द्वारा सोची गई परिष्कृत समाजोपयोगी होती है।
1	गोद में	गोदी में
12	वह बेंगलुरु पटना पटली के पुत्र एक्सप्रेस का एसीटर बी-कोच में नियुक्त थे।	वह बेंगलुरु पटना पटलीपुत्र एक्सप्रेस के एसी टीयर बी-कोच में नियुक्त थे।
7	इस अवसर पर उसने लोगों को भी संबोधित किया।	इस अवसर पर उन्होंने लोगों को भी संबोधित किया।
8	चन्नम्मा कहाँ गई कोई जानता है क्या ?	चन्नम्मा कहाँ गई है यह कोई जानता है क्या?
4	माँ पुस्तकें पढ़ती हैं।	माँ पुस्तकें पढ़ती है।
7	कोई भी जिज्ञासु में प्रवेश पा सकता है।	कोई भी जिज्ञासु उसमें प्रवेश कर सकता है।
12	अतः आप विविध भाँति यज्ञों से यजन कर पुनः वंशवृद्धि के लिये पुत्र उत्पन्न कर उसके बड़े होने पर राजसिहासन पर बैठाकर वन को जायें ॥	तदनन्तर तुम यज्ञों से विवाह करके अपने पुत्र को उत्पन्न करो और राज्य में पुत्र को प्राप्त करके वन को जाओ॥
6	इस चलचित्र का निर्देशन शाउना गौतम करेगी।	इस फिल्म का निर्देशन शौना गौतम करेंगे।
7	काश्य का यह परिवार समृद्ध, विद्वान् और भगवद्भक्त था।	काशी में यह परिवार समृद्ध, विद्वान और भगवद्भक्त था।
11	बुधवार को व्यापार सत्र में रुपये की कीमत में पैसे की बढ़ती संख्या के साथ डॉलर के खिलाफ थी।	बुधवार को व्यापार सत्र में रुपया की कीमत बढ़ती डॉलर के खिलाफ हुई।
11	नागालैंड में तापी विधानसभा क्षेत्र में हुए उपचुनाव में राष्ट्रीय जनता पार्टी के वांगपांगकोन्याक ने जीत हासिल की।	नागालैंड के तापी विधानसभा क्षेत्र के उपचुनाव में राष्ट्रवादी लोकतांत्रिक प्रगतिशील पक्ष के वांगपांगकोन्यक ने जीत हासिल की।
6	हमारे सैनिक उनका आदर करते थे ।	हमारे सैनिक उसका सम्मान करते थे।
4	उनके द्वारा भगवद्गीतापढ़ी जानी चाहिये ।	उसके द्वारा भगवद्गीता पढ़ी जानी चाहिये।
3	तोरण भी लटकाऊँगी।	तोरण भी लटकाऊँगा।
5	कार्यशाला में 35 शिक्षकों का प्रशिक्षण हुआ।	कार्यशाला में 35 शिक्षकों का प्रशिक्षण हुआ।
4	सुरक्षा चक्र में वृक्ष हैं।	सुरक्षा चक्र में वृक्ष हैं।
8	अखिलेश ने कहा कि आज बहुत ही अच्छा दिन है।	अखिलेश ने कहा कि आज बहुत शुभ दिन है।
8	जब तक इनका उपयोग नहीं किया जाता, तब तक इनका साज-सज्जा में नुकसान होता है।	जब तक पत्थर का उपयोग नहीं किया जाता, जब तक सजाने की सजावट में नष्ट नहीं किया जाता।
9	अनुराग ठाकुर, इस निर्णय के लिए प्रधानमंत्री नरेंद्र मोदी, केंद्रीय रेल मंत्री अश्विनी वेष्णव ने आभार व्यक्त किया।	अनुराग ठाकुर ने इस निर्णय के लिए प्रधानमंत्री नरेंद्र मोदी, केंद्रीय रेल मंत्री अश्विनी वैष्णव ने आभार व्यक्त किया।
3	उत्पन्न करने के लिए समर्थ नहीं होगा ।	नहीं बनाया जा सकता।
4	मैं आपसे मिलना चाहती हूँ	मैं आपसे मिलना चाहता हूँ।
10	गोशाला में सोलन जिले के पट्टा और कांगड़ा जिले के पालमपुर में अनुमोदन किया गया था।	गोष्ठी में सोलन जिले के पट्टा और कांगड़ा जिले के पालमपुर में खंड विकास कार्यालयों के उद्घाटन के लिए मंजूरी दी गई।
4	वह कमण्डल में दूध ले जाता है ।	वह करम्बल में दूध ले जाता है।
4	वे कैसी श्रज्ञा का प्रचार करते थे ?	उन्होंने किस प्रकार की आज्ञा दी?
4	वह मलयालम भाषा में बोलती है	वह मलयालम भाषा में बोलती है
18	जुआरी अपनी पत्नी को, दूसरों की पत्नी को और उनके सुन्दर सजे हुए घर को देखकर दुखी होता है। दिन में वह निश्चय ही भूरे रंग के पासों को दाँव पर लगाता है तत्पश्चात रात्रि में नीच आचरण करता हुआ अग्नि के समीप पड़ा रहता है।	स्त्रियों को देखकर उनके शरीर की हड्डी और योनि साफ हो जाती है। आग लगने पर भौंरे और बैल आग में फंस जाते हैं।
9	केवल पश्चिम के लोग इस दुरुपयोग को करके देश को अधिराज्य में स्थापित कर दिया।	केवल पाश्चात्यों ने इसका दुरुपयोग करके देश में आधिपत्य स्थापित किया।
11	राम मंदिर और रामलला के प्राणों की रक्षा के लिए तेज प्रताप ने पहली बार वक्तव्य नहीं दिया।	राम मंदिर और रामलला की प्राणों कीप्रतिष्ठा के बारे में तेज प्रताप का वक्तव्य पहली बार नहीं दिया गया है।
1	वायु से होने वाला विकार	रेगिस्तान
8	बाह्य अंतरिक्ष देवदूतों की ओर से अब तक हजारों अवशेष बाह्य अंतरिक्ष में ढेर हो चुके हैं।	बाहरी अंतरिक्ष यात्रियों के हिस्से के रूप में अब तक हजारों अवशेष बाहरी अंतरिक्ष में जमा हैं।
12	सोना-रोता 2024 फरवरी-माह की 16 तारीख को सोने के चांदी की एक बड़ी कीमत हुई.	स्वर्ण-रजत में 2024 फरवरी-माह की 16 तारीख को स्वर्ण रत्नों का बहुत मूल्य हुआ।
11	धार्मिक राजर्षि का यह वाक्य सुनकर महर्षि पुलस्तय ने उस कन्या को विवाह करने का निर्णय लिया।	धार्मिक राजा ऋषि के उस वाक्य को सुनकर महर्षि पुलस्तय ने उस कन्या को विवाह करने का आदेश दिया।
10	1900 के छात्र शम्मीशर्मा ने जम्मू-कश्मीर राज्य के प्रसिद्ध मेलों के विषय पर अपना मत दिया।	पहले वर्ष के छात्र शम्मी शर्मा ने जम्मू-कश्मीर राज्य के प्रसिद्ध मेलों पर अपना मत दिया।
6	मत करो , मत करो रास्ते को अस्वच्छ।	मत करो, मत करो रास्ता अस्वच्छ है।
11	हिमाचल प्रदेश मेंनारंगी रंग की चेताना के बीच तीसरी दिन तक वर्षा हुई और बर्फबारी जारी है	हिमाचल प्रदेश में नारंगी रंग की सेना के बीच तीसरे दिन तक वर्षा और बर्फबारी जारी है।
10	मतदान प्रक्रिया लगभग चौथाई घंटे की हो गई, इसलिए सभी लोगों के मतों पर मतदान हो गया.	मतदान प्रक्रिया लगभग क्वार्टर घंटे तक चली, बजे तक सभी वोटों का मतदान हुआ।
13	विदेश में ज्ञान, घर में अच्छे स्वभाव और गुणस्वरूप पत्नी, औषध रोगी का तथा धर्म मृतक का सबसे बड़ा मित्र होता है।	विद्या प्रवास में मित्र है, पत्नी घर में मित्र है, रोगी का औषधि मित्र है, धर्म मृतक का मित्र है।
6	एक युवती समाचारपत्र में अपना चित्र देखकर खुश होती है।	एक युवती अखबार में अपना चित्र देखकर खुश होती है।
10	मोदी धार रतलाम-जनपदों के हजार से अधिक गांवों को पेयजल पूर्ति-योजन के आधारभूत पत्थर को स्थापित किया।	मोदी धार रतलाम-जिलों के हजारों से अधिक गांवों में पेयजलपूर्ति-उन्होंने योजना का आधारशिला स्थापित किया।
3	ईश्वर सुखी लोगों को हंसाएगा।	ईश्वर सुखियों को सुख देगा।
1	निर्बल सेनाओं को	बकरी
4	गोष्ठी-प्रथित प्रांत मंत्री प्रमोद शास्त्री द्वारा प्रस्तुत।	गोष्ठी-प्रस्तावना को प्रांत मंत्री प्रमोद शास्त्री ने प्रस्तुत किया।
5	उसे संस्कृत भाषा पसंद है	उसे संस्कृत भाषा पसंद है।
6	तुम आज कब विद्यालय जा रही हो ?	आप आज कब विद्यालय जाती हैं?
12	वह पूरी तरह से निराश हो गया, परन्तु उसकी एकाकीता की वजह से उसकी चिन्ता शान्त हो गई।	वह पूरी तरह से निराश हो गया, लेकिन उसकी अकेली कन्या ने उसकी चिन्ता दूर कर दी।
5	हीरजीभाई ने बाबासाहेब अम्बेडकर का जीवनदर्शन समझाया।	हीरजी भाई बाबासाहेब अम्बेडकर के जीवन दर्शन को समझाया।
8	यह अनुमानित पद्धति है जिसमें हम पाँच कोश से क्यों अलग रहते हैं।	यह अनुमान इस इच्छा से पैदा होता है कि आत्मा कैसे पंचकोशों से भिन्न है।
7	पोता - मैं यहाँ काँच के पीछे बैठता हूँ ।	पोता-मैं यहाँ काँच के पीछे बैठ रहा हूँ।
5	हरि उसको गांव पहुंचाते हैं।	हरि उस गाँव को पहुँचाता है।
5	अनुचित कर्म का फल अनुचित ही होता है।	अनुचित कर्म का फल अनुचित ही होता है।
10	ऐसे अनेक प्रकार के यज्ञों का ब्रह्मा के मुख अर्थात् वेदों में प्रसार है अर्थात् वर्णित हैं। उन सब को कर्मों से उत्पन्न हुए जानो	इस प्रकार ब्रह्माजी के मुख में बहुत प्रकार की यज्ञविद्या फैली हुई है। कर्मों को जानने वाले तुम इस प्रकार जानते हुए मुक्त हो होगे।।
5	मेरी एक दुकान है।	मेरा एक दूकान है।
12	दोष रहित परमात्मा रूप जीव इन सबसे पृथक है। उस जीव  को जानने का साधन अब में बतलाता हूँ सुनो ॥	इन प्राणियों का लक्षण नहीं है। परमात्मा निरोग है। इस प्राणियों के विज्ञान के साधनों को भी तुम मुझसे सुनो॥
7	पुरस्कार प्रयोजक आचार्य प्रताप सभी विजेताओं को पुरस्कार प्रदान करेंगे।	पुरस्कार प्रयोजक आचार्य प्रताप सभी विजेताओं को पुरस्कार देगा।
10	बोधि नामक ग्रन्थ संस्कृत और पालि में भी प्रसिद्ध है।	जो संस्कृत और पाली भाषा में बोधि के नाम से भी जाना जाता है।
9	हम कहते हैं कि लक्ष्य ने आज तक किसी भी दूरदर्शन प्रदर्शन में काम किया है।	लक्ष्य ने आज तक किसी भी टेलीविजन शो में काम किया है ऐसा कहते हैं।
10	उनमें से गुरु का सबसे प्रिय शिष्य विनयशील, अत्यन्त विनयशील और परमज्ञासु हुआ।	उनमें से गुरु का प्रिय शिष्य विनय नामधेय अत्यन्त विनयशील और परमज्ञ थे।
7	आती हूँ, चलें किसकी दुकान चलें ?	आते हैं जाते हैं। किसकी दूकान जाते हैं?
22	इन फूलों का रंग हल्का और सफेद होता है। आमतौर पर यूरोप में देखे जाने वाले ये फूल इस अवसर पर कश्मीर में खिलते हैं, दर्शक इस मनमोहक दृश्य को अपनी आँखों से पीने के लिए उमड़ पड़ते हैं।	आपके फूलों के ये रंग पीले और सफेद हैं। ये फूल आमतौर पर यूरोप में दिखाई देते हैं। इस अवसर पर कश्मीर में फूल खिलते हैं, इस मनोहर दृश्य को देखने के लिए दर्शक आंखों से पानी पीते हैं।
7	इटली के युवा टेनिस खिलाड़ी यानिक ने सीन के साथ इतिहास बनाया।	इटली के युवा टेनिस खिलाड़ी यानिक-सीनर ने इतिहास रचा।
7	ऋषियों के आश्रम में जाकर लोग उपासना करते थे।	ऋषियों के आश्रम जाकर लोग उपासना करते थे।
4	पाँच लड़कियाँ है।	पाँच लड़कियाँ हैं।
5	प्रधानमंत्री ने भी विपक्ष का सहयोग मांगा।	प्रधानमंत्री ने भी विपक्ष का सहयोग मांगा।
4	मैंने एक सेविका को बुलाया ।	मैंने एक सेविका को बुलाया।
5	घर में हिन्दी भाषा में सम्वाद होता था	घर में हिन्दी भाषा में सम्वाद होता था।
6	नहीं समझ आ रहा है कि आज शब्द कहाँ गए।	नहीं पता आज शब्द कहाँ गए।
4	वे कैसी श्रज्ञा का प्रचार करते थे ?	उन्होंने किस प्रकार की आज्ञा दी?
3	याद है न ?	याद है न?
1	बादल को।	वर्षा
3	इसे वही छोडो	ठीक है।
4	भारतीय परिवार व्यवस्था अच्छी हैं ।	भारतीय परिवार की व्यवस्था श्रेष्ठ है।
4	मैं अब मणिका पढ रहा हूँ।	मैं अब मणि पढ़ रहा हूँ।
10	क्रिकेट परंपरा के पहले टूर्नामेंट के पहले मैच में बैटिंग करने वाली ऑस्ट्रेलिया की टीम 177 रन पर आउट हो गई।	ऑस्ट्रेलियाई टीम 177 रनों के साथ आउट हो गई, जो बेंचमार्क परंपरा के पहले मैच में पहली गेम थी।
3	शिशु पालने में सो गया।	बालक झूले पर बैठा।
7	एनपीएस में राज्य का 8 000 करोड़ रुपये से अधिक योगदान है-बीच में लटका हुआ है.	राज्य का 8 हजार करोड़ रुपये से अधिक योगदान एनपीएस में लटका हुआ है।
4	मैंने चुपचाप सब खा लिया ।	मैंने शान्तभाव से सब खा लिया।
3	आप सब पढ़ें।	आप सब पढ़िये।
6	इस समय भारत विश्वमित्र की धारणा को बढ़ाता है।	इस समय भारत विश्व मित्र की अवधारणा को बढ़ावा देता है।
9	भारत में सात दशकों के बाद चित्रकारों के आगमन पर वन्यजीव वैज्ञानिक भी खास खबरों के साथ आशंका जता रहे हैं.	भारत में सात दशकों के बाद चित्रकारों के आने पर वन्यजीव वैज्ञानिक एक विशेष समाचार के साथ आशंका भी व्यक्त करते हैं।
6	समारोह का संचालन बीनाबेंजवाल और रोशनगौड ने किया।	समारोह का संचालन बीना बेंजवाल और रोशनगौड़ा ने किया।
9	यह सभा पर्यावरण परिवर्तन से जुड़े जटिल विश्वचुनावों का निवारण करने के लिए भारत और अन्य देशों के साथ सहयोगात्मक प्रयासों को दर्शाती है।	यह बैठक जलवायु परिवर्तन से जुड़े जटिल वैश्विक चुनौड़ों को दूर करने के लिए भारत और अन्य देशों के सहयोगात्मक प्रयासों को दर्शाती है।
17	और भक्तिपूर्वक श्रीराम और लक्ष्मण के चरणों को अच्छी तरह धोया तथा उस चरणोदक को अपने शरीर पर छिड़ककर श्रद्धायुक्त हो अर्थादि विविध सामग्रियों से श्रीरामचन्द्रजी और लक्ष्मणजी की विधिवत् पूजा कर अमृत के समान दिव्य फल जो उसने वह श्रीरामचन्द्रजी के लिये एकत्रित कर रखा था हर्ष पूर्वक लाकर भक्तिभाव से उन्हें प्रदान किया तथा उनके चरणाविन्द की पूजा चन्दन युक्त सुगन्धित पुष्पों से की ॥	भक्तिपूर्वक राम और लक्ष्मण के चरणों को अच्छी प्रकार धोकर उनके चरणारविन्दों को जल से विभूषित करके, अङ्ग मैथर्घा आदि से युक्त फलयुक्त तथा मरे हुए कल्पों को श्रीरामचन्द्रजी को समर्पित कर, उनके चरणारविन्दों को पुष्पों और सुगन्धों के साथ लेप करके उनकी पूजा की॥
6	यह विधेयक पूर्व चुनाव आयोग के पास होगा-विधेयक के पद पर बनेगा।	यह विधेयक पूर्व चुनाव आयोग है-विधेयक के स्थान पर खड़ा होगा।
3	वस्त्र निर्माण किससे होता है?	किसके द्वारा वस्त्र बनवाया जाता है?
3	दीप से प्रकाश होता है	दीपक से प्रकाश होता है।
1	बनाई हुई	आविष्कार किया
6	यह दाहिने हाथ से भोजन शर बांये से जल पीता है।	डर डची के द्वारा हंस के द्वारा भोजन और बाएँ जल का पान करता है।
4	अभिषेकमनुशवी कांगग्रेस के राष्ट्रीय प्रवक्ता हैं।	अभिषेक मनुसिंहवी कांग्रेस के राष्ट्रीय प्रवक्ता हैं।
14	रमेश अनंतपुर में केरल संस्कृत शिक्षक महासंघ द्वारा आयोजित अधिकार संरक्षण आंदोलन का उद्घाटन करते हुए बोल रहे थे।	रमेश जी अनंतपुरी में केरल संस्कृत शिक्षक महासंघ द्वारा आयोजित अधिकार संरक्षण आंदोलन की घोषणा करते हुए बोल रहे थे।
6	मैं वाहन चलाने में निपुण हो गया	मैं वाहन चलाने में निपुण हो गया हूँ।
8	यह परमशक्ति ही यह सम्पूर्ण जगत् को निरन्तर चलाती है।	यह परमशक्ति ही यह सम्पूर्ण जगत् को निरन्तर पालती है।
11	विपम अनि अन्न का पाक विषम रूप मे करके धातुजो मे भी विश्रमता उत्पन्न कर देता है। तीक्ष्णामि को यदि आहार रूप इधन न मिले तो वह धातुओं को ही सुखाने लगता है ॥	पकाए जाने पर विष धातु के समान होता है। पकाया जाने पर विष धातु के समान होता है। पकाया जाने पर अम्ल धातु के समान होता है। पकाया जाने पर अम्ल धातु के समान होता है। पकाया जाने पर अम्ल धातु के समान होता है।
7	उसने समानबोध किया ईश्वर सबव्यापक और सबदर्शी हैं।	उन्होंने समान रूप से समझाया-ईश्वर सर्वव्यापी और सर्वदर्शी है।
14	ईएमए के अंग मार्को कैवल्ली ने कहा, नई लहर की प्रकृति फेलोशिप ओरिएंटेशन की ओर भी केंद्रित है।	ईएमए के अंग मार्को कैवल्रिना ने कहा कि यह नई लहर की प्रकृति और स्थिति को संबोधित करने के लिए तैयार है।
20	भीम के आने के विषय में जानकर हनुमान सोचता है कि आगे तो स्वर्ग का मार्ग है इसलिये भीम के लिए स्वर्ग के मार्ग में जाना अधिक हानिकारक होगा।	भीम के आने के बारे में जानकर हनुमान सोचता है कि यहाँ से आगे तो स्वर्ग का मार्ग है इसलिये भीम के लिए स्वर्ग के मार्ग से जाना अधिक हानिकारक होगा।
6	क्योंकि वन में ही सुरक्षित पर्यावरण प्राप्त होता था।	क्योंकि वन में सुरक्षित वातावरण उपलब्ध था।
7	विवाह में रेलमार्ग से हॉलीवुड तक तारे भी प्रदर्शन करेंगे।	विवाह में रेलमार्ग से हॉलीवुड तक के सितारे भी प्रदर्शन करेंगे।
1	उसमें	उसमें
1	सांड	बैल
4	मैं असत्यभाषण नहीं चाहती हूँ।	मैं असत्यभाषण नहीं चाहता हूँ।
5	वह मेरी पुस्तक कहाँ रखता है?	वह मेरी पुस्तक कहाँ रखता है?
29	केंद्रीय गृह मंत्री अमित शाह ने कहा है कि भारतीयों से अधिक न्याय प्रणाली अगले पांच वर्षों में विश्व की सबसे आधुनिक प्रणाली होगी। श्री शाह द्वारा आज गांधीनगर में राष्ट्रीय परीक्षण-वैज्ञानिक-विश्वविद्यालय में डिजिटल फॉरेंसिक में यह उत्कृष्टता केंद्र के उद्घाटन के बाद बताई गई थी।	केंद्रीय गृह मंत्री अमित शाह ने कहा कि भारतीय प्रधान न्याय प्रणाली अगले पांच वर्षों में विश्व की सबसे आधुनिक प्रणाली होगी। श्री शाह ने आज गांधीनगर में राष्ट्रीय परीक्षण-विज्ञान-यह विश्वविद्यालय में डिजिटल फॉरेंसिक में उत्कृष्टता केंद्र के उद्घाटन के बाद आया है।
4	हिमांशु –क्यों ?	हिमांशु-क्यों?
6	आज तक उसने अनेक छात्रों को पढ़ायी है।	आज तक उसने अनेक छात्रों को पढ़ाया है
6	तो अब मैं विद्या प्राप्त करने के लिए गुरुकुल जाता हूँ। (प्रणाम करता हुआ चला जाता है)	तब से विद्या पढ़ने के लिए गुरुकुल ही जाता हूँ। (सप्रण जाता है)
1	लीन।	व्याप्त
6	टेस्ट का पालन किया जाएगा, वोल्फ ने कहा।	वुल्फ जी ने कहा कि परीक्षण जारी हैं।
3	यजमान दरी पर बैठता है।	मेज़ खाट पर बैठता है।
13	संयुक्त राष्ट्र महासभा के आठवें सत्र के अध्यक्ष डेनिस फ्रांसिस आज से पांच दिवसीय दौरे पर भारत आएंगी।	संयुक्त राष्ट्र महासभा के आठवें सम्मेलन के अध्यक्ष डेनिस फ्रांसिस आज से पांच दिवसीय यात्रा पर भारत आएँगे।
6	शायद वह संस्कृत के विकास के लिये काम करेगा	शायद संस्कृत के विकास के लिये वह कार्य करे।
14	जिसमें हरिनामके उच्चारणमात्रसे कोई विकार नहीं होता वह हृदय नहीं पत्थर है। जब विकार होता है तो नेत्रोंमें जल और शरीरमें रोमांच हो आता है ॥	जब नेत्रों में विकार, नेत्रों में जल और शरीर के छिद्रों में हर्ष नहीं बेचते हैं, तब उस पत्थर के रस को ही हृदय कहते हैं।
10	टारगेट बॉल की जीत में ऑस्ट्रेलिया की टीम ने 20 गेंदबाजों में 216 रन बनाकर जीत हासिल की.	ऑस्ट्रेलिया ने लक्ष्य हासिल करने के क्रम में 20 गेंदों में 216 रन बनाकर मैच जीता।
7	केवल राज्य स्तर पर चयनित विद्यार्थियों को ही भाग लेने की अनुमति है।	क्षेत्र स्तर पर चयनित छात्र ही भाग लेते हैं।
8	मुम्बई में वह आतंकवादी हमलों की स्मारक में शहीद वीरों को पुष्पंजलि देगा।	मुंबई में वह आतंक की घटना के स्मारक पर शहीद वीरों को पुष्पांजलि अर्पित करेंगे।
1	विचार करना	मैल
4	धर्मों ने कहाँ पर विकास प्राप्त किया है?	कहाँ धर्मों का विकास हुआ?
13	हे सुव्रत ! जिस स्थान पर श्रीरामचन्द्रजी को तुमने देखा था, कृपा कर वहाँ मुझे ले चलो। उन्होंने सीताजी के साथ हित जहाँ शयन किया था वह स्थान मुझे दिखलाओ ॥	जिस स्थान पर श्रीरामचन्द्रजी को आपने देखा था, उस स्थान पर आप मुझे ले चलिये और सीता के साथ जिस स्थान पर आप सो गए थे, उस स्थान पर आप मुझे दर्शन दीजिये॥
1	प्रदान करता है	देता है।
10	आमोद-प्रमोद के अनुसार वाणीकपूर रेड ने अजय के खिलाफ''कास्ट' किया।	पहुंचे समारोह के अनुसार वाणी कपूर ने रेड के लिए अजय के खिलाफ "कास्ट" किया।
1	बनने के लिए	प्राप्त किया
3	कौए ने लड़के के हाथ से रोटी लेली।	बालक ने बालक के हाथ की बोतल पकड़ी।
6	इसीलिए हमीरपुर जिले को संस्कृत प्रतियोगियों को विजयवैजयन्ती पुरस्कार दिया गया है।	इसलिए संस्कृत प्रतियोगिताओं के लिए विजयजयन्ती पुरस्कार हमीरपुर जिले को दिया गया।
4	मैंने दूध पी लिया	मैंने दूध पिया।
5	संस्कृतज्ञ शिष्ट लोगों को संस्कृत जना रहा है।	संस्कृतज्ञ संस्कृत को लोगों को संस्कृत समझाता है।
7	विविध विद्यालयों के छात्र भी वहाँ बैठे थे।	विभिन्न विद्यालयों के छात्र भी वहाँ बैठे थे।
6	किसी प्रकार उसने अपने पात्र को घर के अंदर ले लिया।	किसी प्रकार वह अपने पोते को घर के अंदर ले गया।
5	जैसा जानता है वैसा सच कंहं।	जिस प्रकार तुम जानते हो, उस प्रकार का भोजन करो।
19	संस्कृत के प्रचार-प्रसार के लिए दिन-रात संस्कृत संभाषण के माध्यम से जनजागरण कर रही संस्कृत भारती अब जगह-जगह संभाषण शिविर, अध्ययन और विभिन्न ग्रंथों पर व्याख्यान का आयोजन करती है।	संस्कृत भारती संस्कृत के प्रचार-प्रसार के लिए दिन-रात संस्कृत वार्तालाप के माध्यम से जन-जन को प्रेरित कर रही है, अब जगह-जगह बातचीत करने के लिए शिविर और विभिन्न शास्त्रों के अध्ययन एवं व्याख्यानों का आयोजन कर रही है।
8	अन्य महिलाओं में निफ्टी कम होने के कारण खोल दिया गया।	और निफ्टी नामक कमी को प्राप्त करके खोला गया।
5	अभी मैंने सारे काम पूरे किये।	अभी सभी काम मैंने पूरे कर लिए हैं।
8	उन्होंने कहा कि द्विगुणित शक्ति के माध्यम से सरकार ने लोगों का जीवन सुलाया है।	उन्होंने कहा कि सरकार ने लोगों का जीवन सुलभ कर दिया है।
8	साथ ही ब्लॉक-जिला-राज्य-स्तरों के अधिक छात्रों ने भी भाग लिया।	साथ ही खंड-जिला-राज्य-स्तरों में अधिक से अधिक छात्रों ने भी भाग लिया।
4	जानसन अब क्या करता है?	जॉनसन अब क्या कर रहा है?
5	वह हिन्दी नहीं जानता है।	वह हिन्दी नहीं जानता है।
9	चर्चा में विभिन्न क्षेत्रों के प्रमुख महिला नेता समुदाय के-वृद्ध और युवा लोग उपस्थित थे।	चर्चा के दौरान विभिन्न क्षेत्रों के प्रमुख पहाड़ी नेता समुदाय के-वृद्ध और युवा उपस्थित थे।
8	कार्यक्रम की शुरुआत वैदिक मंगलाचरण के साथ हुई जिसके बाद विश्वविद्यालय गान गाया गया।	कार्यक्रम के आरंभ में वैदिक मंगलाचरण और उसके बाद विश्वविद्यालय का गान हुआ।
6	बहरा कौन है? जो कल्याणकारी बातें नहीं सुनता हैं।	कौन बधिर है? जो हित नहीं सुनता है।
9	वहाँ चतुर्दश वर्ष की उनके अध्ययन के लिए राजेन्द्र अध्यापक जी के संस्कृत स्कूल में नाम दर्ज किया गया।	वहाँ चौदह वर्ष के उनके अध्ययन के लिए राजेन्द्र शिक्षक का संस्कृत टोल में नामांकन हुआ।
14	पुरस्कार विजेताओं में आकांक्षी-दो जिलों सहित आठ राज्यों से केंद्र-शासित प्रदेशों से भी दस नए बच्चे शामिल हैं।	पुरस्कार स्वीकार करने वालों में आकांक्षी-दो जिलों सहित आठ राज्यों से केंद्र-शासित प्रदेशों से नौ लड़के और दस लड़कियाँ शामिल हैं।
6	अर्जुन ने इन्द्र से दिव्य शस्त्र माँगा ।	अर्जुन ने इन्द्र से दिव्य शस्त्र माँगा।
6	भारत में तीन सौ से अधिक ओमीक्रॉन भिन्नताएं, जो बहुत अधिक गंभीर नहीं हैं, पाई जाती हैं।	भारत में लगभग तीन सौ से अधिक गंभीर ओमीक्रॉन किस्में दिख रही हैं।
10	पुरानी लीक पर चलने वाला यह संसार धर्म के विषय में एक ब्राह्मण को चाहे वह गो घातक ही क्यों न हो जितना प्रमाण मानता है, उतना वह एक उपदेश देने वाली धर्मरता कुलटा को प्रमाण नहीं मानता |	इस संसार का अनुसरण करने वाली एक कुट्टी भी उपदेशिनी है। वह धर्म को नहीं प्रमाणित करती है, जैसे गौ को भी द्विगुणित किया जाता है।
12	श्रीरामचन्द्रजी पिता की आज्ञा से चौदहवर्ष तक दण्डकारण्य में आये हैं मैं आपके विषय में जानना चाहती हूँ, मुझे बतलावें ॥	पिता की आज्ञा का पालन करते हुए दण्ड पर बैठे हुए चौदह वर्ष की वस्तुएँ तो मैं जानना चाहता हूँ। तुम मुझसे कहो॥
8	पाण्डव के पांचल सेनाओं के साथ कुरुक्षेत्र के पास शिविर ने किया।	पाण्डवों ने पाँचाल-विराट सेनाओं के साथ कुरुक्षेत्र के पास शिविर किया।
9	इस दिन पूरे विश्व में भारत के साथ पूजा और पूजा होती है।	इस दिन भारत सहित पूरे विश्व में पूजा और अर्चना का आयोजन किया जाता है।
4	और अधिक हँसो	और अधिक हँसता है।
5	मेरे एक मित्र ने पूछा	मेरे एक मित्र ने पूछा।
1	प्रदान करना	रावण
3	आप कौन ?	आप कौन हैं?
5	देवांग उस वृद्ध को मार्ग दिखा रहा है	देवांग उस वृद्ध को रास्ता दिखाता है।
9	पुत्री – नहीं पिताजी ! आज तो रविवार है।	पुत्री-नहीं पिताजी! आज तो रविवार है।
15	जहाँ निर्णायक रूप में समय पर शिक्षक आचार्य अनमोल उपाध्याय और विज्ञान विषय की अध्यापिका आचार्य प्रवीण कुमारी हैं।	जहाँ निर्णायक के रूप में वेद शिक्षक आचार्य अनमोल उपाध्याय और विज्ञान विषय की अध्यापिका आचार्य प्रवीण कुमारी हैं।
5	वहां तू जाता है क्या ?	वहाँ तुम जाते हो क्या?
9	उसने उन सभी को गाय को पालकर बैठाया और उन्हें कुर्सियाँ दीं।	उन सबको गाय निवेदन करके और बैठने के लिए उन्हें सीटें दीं।
15	उसी की पताकायें केकय , मत्स्य , मगध , अङ्ग , बङ्ग और कलिङ्ग में फहरा रही हैं। केवल दक्षिण देश में ही इस समय भी इसका पूरा अधिकार नहीं हो पाया है।	इसी ध्वज को केकियों, मछलियों, मगधों, अंगों, बंगाल और कलिंगों में उड़ाया जाता है, केवल दक्षिण देश में ही इसका पूर्ण अधिकार रहा है।
6	और इस क्षेत्र में महत्वपूर्ण भूमिका निभा रही है।	और इस क्षेत्र में महत्वपूर्ण भूमिका निभाता है।
11	किन्नौर, मंडी, शिमला, सोलन, हमीरपुर में स्कूल समूह के निर्माण के दौरान सक्रियभूमिका दिखाई दी गई।	किन्नौर, मंडी, शिमला, सोलन और हमीरपुर ने विद्यालय समूह के निर्माण को सक्रियभूमि दिखाई।
7	तो इन प्रिय वचनों का उपयोग कंजूसी से क्यों करें।	उससे प्रिय है बोलना, वाणी में क्या दरिद्रता है।
6	वह मेज़ लेकर यहीं आता है।	वह मंच लेकर यहीं आता है।
8	उन्हें भारतीय ओलंपिक संघ के नेतृत्व के लिए निर्विरोध चुना गया।	वह भारतीय ओलंपिक संघ के नेतृत्व में प्रतियोगिता के बिना चुनी गई हैं।
10	भारत के पहले वैज्ञानिक राष्ट्रपति आदरणीया ए.पी.जी. आरब्दुल-कालाम है.	भारत के पहले वैज्ञानिक राष्ट्रपति सम्मानित ए. पी. जे. अब्दुल-कालाम हैं.
10	इस बारे में सुलह के विधायक विपिन सिंह परमार ने प्रश्न किया।	इस विषय पर पहला प्रश्न सुलह के विधायक विपिन सिंह परमार ने पूछा।
5	छात्र शिक्षक का अनुसरण करते हैं	छात्र शिक्षक का अनुसरण करते हैं।
8	उसी प्रकार अन्य भी हमारे पक्ष में बहुत से वीर हैं।	उसी प्रकार अन्य बहुत से वीर हमारे पक्ष में हैं।
4	उसने छात्रों को आशीर्वाद दिया।	उसने छात्रों को आशीर्वाद दिया।
8	गुरुकुलों में तो तीन या चार घंटे तक यज्ञ किया जाता है।	गुरुकुल में तीन या चार घंटे तक यज्ञ किया जाता है।
7	जाह्नवी के चलचित्र के लिए अंतिम संस्कार हुआ है।	जाह्नवी की फिल्म को अंतिम रूप मिल गया है।
1	अन्तःपुर की स्त्रियों के सम्मुख |	अन्तःपुर की स्त्री के सामने
8	तूने पुत्र से तार किया है यह श्रीमान दशरथ इन्द्रलोक गए हैं।	तुम्हारे पुत्र से तारित यह श्रीमान् दशरथ इन्द्रलोक गया।
5	आज निश्चित ही वर्षा होगी।	आज निश्चित रूप से वर्षा होगी।
2	मैं रुक गया ।	मैं खड़ा था
6	इस फ़िल्म के बारे में निरन्तर बातें आती हैं।	इस फिल्म के बारे में लगातार खबरें आती हैं।
4	कारण कि कीर्ति ही बड़ा बल है ।	कीर्ति ही परम बल है।
1	सुंदर	बेचैन
5	अहमदाबाद के कौनसे विस्तार में थे?	कर्नाटक के किस विस्तार में थे?
13	सैकड़ों इमारतें ढहा दी गईं. रिक्टर स्केल पर 64 चिह्नित डुरंटा के बाद 159 फॉलो-अप थे।	सैकड़ों इमारतें नष्ट हो गईं। रिक्टर माप में 6-0 की गिरावट के बाद 159 फॉलो-अप हुए।
9	जब बालक बोलना शुरू करता है तब वह मातृभाषा का अनुकरण करता है।	जब बालक बातचीत शुरू करता है तब वह मातृभाषा का अनुकरण करता है।
6	इनकी प्रारम्भिक परीक्षा परियोजना के माध्यम से राज्यकौशल विकास में आयोजित की जाती है।	उनका प्रारम्भिकचयन परियोजना के माध्यम से राज्य कौशल विकास निगम द्वारा किया जाता है।
9	तुकाराम की वाणी तोशुद्ध सूत्रबद्ध अल्पाक्षर रामणीया मरम्मा भेदिका है।	तुकाराम की वाणी तो शुद्ध सूत्रबद्ध और अल्पक्षरों वाली और मर्मभेदिका है।
17	सईदाई दुरईसामी ने किन्नूौर के उपायुक्त डॉ. अमित कुमार को भी अपने पुत्र के स्थान से जानकर पुरस्कार की घोषणा करके संदेश भेजा गया है।	सईदाई दुरईसामी ने किन्नौर के उपायुक्त डॉ. अमित कुमार को भी अपने पुत्र का स्थान जानकर पुरस्कार की घोषणा करते हुए संदेश भेजा है।
3	कौआ घोसले में प्रवेश करेगा।	कौआ कुल्हाड़ी को देखेगा।
10	इसलिये आपके चरण कमलों में मेरी सदा भक्ति रहे, क्योंकि संसार रोग से ग्रसित रोगियों के लिये एकमात्र औषधि आपकी भक्ति ही है ॥	इसलिये तुम उत्पन्न हुए जल में मेरी भक्ति सदा बनी रहे। तुम ही संसार में तप्तों की औषधि हो॥
5	तुम्हारे कारण ही नहीं रोता हूँ।	तुम्हारे कारण से नहीं रोता हूँ।
10	उन्होंने कहा कि राज्य सरकार दिसंबर को एक वर्ष पूर्ण करने की जा रही है.	उन्होंने कहा कि राज्य सरकार दिसंबर को एक वर्ष पूरा करने जा रही है।
7	वह दोनों देवनागरी में ही हस्ताक्षर करती हैं	वे दोनों देवनागरी में ही हस्ताक्षर करते हैं।
4	प्रतिदिन अभ्यास करिये ।	प्रतिदिन अभ्यास करिये।
3	आपका मोबाइल नंबर बोलिये।	आपका मोबाइल नंबर बोलिये।
9	नई दिल्ली के कर्तव्यपथ में गणतंत्र दिवस पर लगभग छब्बीसकृतियां हिस्सा ले रही हैं।	नई दिल्ली के कर्तव्यपथ पर गणतंत्र दिवस पर लगभग 60 आकृतियाँ भाग ले रही हैं।
3	मनुष्य का बल नहीं है।	मनुष्य की शक्ति नहीं है।
7	कैसे वे उम्मीदवारों के वोटों की संख्या उद्घोषित करते हैं ?	कैसे वेभ्यर्थियों के मतों की संख्या घोषणा करते हैं?
10	हिमाचल प्रदेश के राज्यपाल- कमीशन के मुख्य प्रशासक डॉ आर.के. परुथी हमीरपुर में यह बात कही।	हिमाचल प्रदेश राज्यचयन-आयोग के मुख्य प्रशासक डॉ. आर. के. पारूथी ने हमीरपुर में यह कहा।
1	ऐश्वर्य के लिए।	पृथ्वी के लिए
6	तुम दूध क्यों नहीं पी रहे हो ?	तुम दूध क्यों नहीं पीते हो?
5	यह हमारे विधालय का बगीचा है।	यह हमारे विद्यालय का उद्यान है।
6	"सीता माता को छोड़ दीजिये " ऐसा रावण की सभा में कहा।	सीता माता को छोड\u093Cें, उन्होंने रावण की सभा में कहा।
6	यह सूत्रग्रन्थ शाकटायन शब्दानुशासन नामक ग्रंथ द्वारा रचित है।	इसका सूत्रग्रन्थ शाकतायान द्वारा रचित शाकतायान शब्दानुशासन है।
5	प्रात: वेला का तुम सदुपयोग कर रहे हो।	तुम प्रातःकाल का उपयोग करते हो।
4	यह सब भारतीय चलचित्र होगा।	यह अखिल भारतीय चलचित्र होगा।
9	प्रोत्साहन-लाभ अगले वित्त वर्ष में शुरू होगा और अगले वर्ष में समाप्त हो जाएगा।	प्रोत्साहन-लाभ अग्रिम वित्तीय वर्ष में होने वाले आगामी वर्ष में प्राप्त होता है।
17	एसडीजी लक्ष्य हैं, जिनकी प्राप्ति राष्ट्रों को तमवर्ष तक करना चाहता है, जिससे विश्व में सबसे अच्छा और अधिक न्यायमूर्ति बनाया जा सके	एसडीजी लक्ष्य हैं जिन्हें प्राप्त राष्ट्र एक वर्ष तक पूरा करना चाहते हैं जिससे विश्व में सर्वश्रेष्ठ और अधिक उचित स्थान हो।
3	सभी जानवर वहाँ से लौट आए।	वन्यजीवों ने उसे स्वीकार किया।
6	तब संन्यासी की रक्षा करने की दृढ़ बुद्धि (मैंने) की।	तब वह यात्री की रक्षा करने के लिए दृढ़निश्चयी था।
3	उन सब को भी उठा दे ।	वह भी सबको उठाओ।
2	वह किसान है	वह किसान है।
4	हम दोनो संस्कृत वाक्य लिख रहे है ।	हम दोनों संस्कृत वाक्य लिखते हैं।
5	उसके द्वारा छात्र को शोध शोध शोध के लिए भी प्रेरित किया गया।	उसने छात्र शोध उपाधि को भी प्रेरित किया।
4	अजीज को देखकर स्वामी चकित होता है।	देखकर मालिक हैरान हो जाता है।
5	ओह एक साथ कितने लोग आ गए हैं	ओह, एक साथ कितने लोग आए थे।
1	असहाय महिला	दुर्बल
13	यह पैतृक राज्य आपका ही है, आप इसका पालन कीजिये, आप बड़े भाई हैं, अतएव पिता के तुल्य हैं। महाराज ! प्रजा का पालन करना यही क्षत्रियों का प्रधान धर्म है ॥	हे पित्रे! हे ज्येष्ठ! हे मेरे पिता! हे क्षत्रिय धर्म, हे प्रजा का पालन-पोषण।।
9	एक बार श्रीकण्ठ उसके साथ सवेरे नौ बजे उसके घर गया।	एक बार श्रीकण्ठ उसके साथ सुबह नौ बजे उसके घर गया।
6	वह मेज़ लेकर यहीं आता है।	वह मंच लेकर यहीं आता है।
3	हे छात्र	हे छात्र!
10	अब तक ये लोग राज्य सरकार की हिमाकर योजना के तहत चिकित्सा सुविधाओं को प्राप्त कर चुके थे।	अब तक ये लोग राज्य सरकार के हिमकेयर योजना के तहत चिकित्सा सुविधाएं प्राप्त कर रहे थे।
4	यह किसका चित्र है?	यह किसका चित्र है?
5	पुत्र नारद, ये कहाँ से आये ?	बेटा नारद, यह कहाँ से है?
3	आनन्द अपने स्वरूप में ही है।	आनन्द स्वयं का स्वरूप ही है।
19	इतिहासकारों द्वारा ऐतिहासिक दृष्टि से अंन्धरों के पतन का वर्णन समुद्री गुप्त के विजयादी को स्वीकार किया गया है, जो मछली के-भविष्यपुराण कीरचना का समय 236 ई. से 2030 ई. तक स्वीकार किया गया था।	इतिहासकारों द्वारा ऐतिहासिक साक्ष्य के आधार पर आंध्रों के पतन का वर्णन समुद्रीगुप्त की विजय आदि द्वारा किया गया है जो विषय पर आधारित है-भविष्य पुराणों का निर्माण काल 376 ई. से 330 ई. के बीच स्वीकार किया गया था।
8	वेदों में रामायण जैसे वैदिक और धर्मनिरपेक्ष पुराण शामिल हैं।	वेद वैदिक रामायण आदि पुराण और लौकिक हैं।
9	राजनाथ सिंह ने कहा कि प्रत्येक सैन्यकर्मी हमारे परिवार के समान महत्त्वपूर्ण है।	राजनाथ-सिंह ने कहा कि प्रत्येक सैन्यकर्मी हमारे परिवार के समान महत्वपूर्ण है।
14	कभी जल पीकर, कभी केवल मरुताहार करके कभी अनाहार होकर तपस्या करने लगे।	कभी वह पानी पीकर कभी केवल मरुता भोजन करके कभी अनशन करके तपस्या करने लगा।
5	वह खड़े होकर भोजन नहीं पकाती है।	वह खड\u093Cी होकर भोजन नहीं बनाती है।
6	मनुष्य को कोई सहायक लेना ही चाहिए।	पुरुष को कोई भी सहायता करनी चाहिए।
11	ऐसा देखकर उसकी सारथी ने सोचा कि कैसे दुर्योधन को युद्ध के मैदान से निकालना चाहिए।	ऐसा देखकर उसकी सारथि ने सोचा कि दुर्योधन को युद्ध के मैदान से कैसे निकालना है।
6	डिफेंस के क्षेत्र में भी टाटा समूह बहुत ही अनुपम काम करता है।	संरक्षण क्षेत्र में भी टाटा समूह अद्वितीय कार्य करता है।
7	इसने सौ रुपये लिये वा नहीं ?	उस व्यक्ति ने सौ रुपये जुटाए वा नहीं?
3	कैसे जाऊँ ?	कैसे जाईये?
4	पुरानी वस्तुओं को निकाल रहा है ।	पुरानी वस्तुएँ निकाल रहा है।
3	वृक्षो से फल गिरते हैं।	वृक्ष से फल गिरते हैं।
1	कहा जाता है	कहा जाता है
10	इसीलिए उनके लिए निर्णायक उपदेश है कि मन को शान्त करना साधना चाहिए।	उससे उनका निर्णायक उपदेश है कि मन से शान्ति प्राप्त होनी चाहिए।
7	भारत-यह सुझाव दिया गया है कि निज्जरा की हत्या कन्नड़ के बीच संबंध को ढीला करने के लिए पिछले सूत्र द्वारा की गई है।	भारत-यह सुझाव दिया गया है कि कनाडा के सम्बन्ध को ढीला करने के लिए एक पूर्व योजना बनाई गई है।
12	उन्होंने कहा कि ज्ञान नहीं है फिर भी सुनने और बोलने से संस्कृत भाषा आती है।	उन्होंने कहा कि ज्ञान नहीं है वह भी सुनने और बोलने से संस्कृत भाषा आती है।
9	उनके लेखन और बच्चों की कविताओं को कई कक्षा की पाठ्यपुस्तकों में शामिल किया गया था।	उनके द्वारा रचित लेखन और बाल कवि अनेक कक्षाओं के पाठ्यपुस्तकों में जगह बनाते थे।
4	राम – किस सम्बन्ध से? (किस नाते से)	राम-किस सम्बन्ध से?
5	अहमदाबाद के कौनसे विस्तार में थे?	कर्नाटक के किस विस्तार में थे?
12	मुख्य वक्ता के रूप में आए डॉ. पाण्डेय ने सभी प्रशिक्षुओं के लिए श्रीमद्भागवतगीता को अपने जीवन में स्वीकार करने के लिए प्रेरित किया।	मुख्य वक्ता के रूप में आए डॉ. पाण्डे ने सभी प्रशिक्षुओं को अपने जीवन में श्रीमद्भागवतगीत को स्वीकार करने के लिए प्रेरित किया।
3	इसके आगे ग्रहणी-चिकित्सा की व्याख्या करते हैं । भगवान् आत्रेय ने ऐसा उपदेश किया है ॥	इसके बाद हम ग्राहणी चिकित्सा युक्त व्याख्यान करेंगे।
7	विविध विद्यालयों के छात्र भी वहाँ बैठे थे।	विभिन्न विद्यालयों के छात्र भी वहाँ बैठे थे।
3	कार्यालय के पात्र धोता है।	कार्यालय के बर्तन धोता है।
7	ठीक है आओ। कंगन की दुकान चलते हैं।	ठीक है, आओ। कंगन की दूकान पर चलते हैं।
9	मुख्यमंत्री सुक्ख बोला कि केंद्र सरकार की पहल जल प्रदूषण का विरोध कर रही है।	मुख्यमंत्री सुक्ख बोला कि केंद्र सरकार के उपक्रम जलोपकर का विरोध कर रहे हैं।
4	कुछ भी सरल सरल बोलिये	कुछ सरल सरल बोलो।
9	उम्मीद है कि जनवरी के पहले सप्ताह तक इन रेलगाड़ियों का संचालन भी शुरू होगा.	इन रेलगाड़ियों का संचालन भी जनवरी के पहले सप्ताह तक शुरू होने की संभावना है।
10	शिक्षिका -तुमने तो परीक्षाशुल्क भी नहीं दिया	शिक्षिका-तुम तो परीक्षाशुल्क भी नहीं दिया।
6	अहमद सड़क पर गिर पड़ा, इसलिए वह हँसता है	अहमद रास्ते में गिर गया इसलिये वह हँसता है।
10	इस समारोह में देश-विदेश की योग को समर्पित महिलाओं का प्रचुर संख्या में समागम होगा।	इस समारोह में भारत और विदेश से योग समर्पित महिलाओं का बड़ी संख्या में समागम होगा।
4	सात बजे तक ध्यानसत्र चलेगा।	सात बजे तक ध्यानसत्र चलेगा।
1	चेहरा नीचे की ओर	नीचे की ओर
7	लौकिक पुरुष हाथी, घोड़े और सारथि जैसे गौरश्व है।	लौकिक जैसे गौरश्व, पुरुष, हाथी, शकुनि, मृग और ब्राह्मण।
1	जाना	जाता है
10	हमें अपनी क्षमता को जानकर भारत के लिए हमारे लक्ष्य का प्रारूप निर्माण करना चाहिए।	हमें अपनी क्षमता को जानकर भारत के लिए हमारे लक्ष्य का प्रारूप बनाना चाहिए।
3	प्रयास करता हूँ ।	प्रयत्न करता हूँ।
6	बालक विद्यालय जाकर पुस्तक पढ़ता है।	बालक विद्यालय जाकर पुस्तक पढ़ता है।
3	ननन्द भाभी से द्रोह कर सकती है।	ननद भाई जी से प्रेम करे।
6	अभियुक्त शिक्षक को ग्रहण करने के लिये पुलिस बल व्यस्त है।	पुलिस बल अभियुक्त शिक्षक को लेने में व्यस्त है।
3	मुख में गीलापन नहीं है।	मुँह में गीलापन नहीं है।
10	1 दिसंबर को इस फिल्म की विज्ञापन बुक प्रदर्शित होगी, ऐसा कहा गया था।	कहा जाता था कि 1 दिसंबर को इस फिल्म का विज्ञापन बुक प्रदर्शित किया जाएगा।
6	दिल्ली में भी सर गंगाराम अस्पताल है।	दिल्ली-नगर में भी सर गंगाराम अस्पताल है।
6	जगत में देखने के लिये क्या क्या नहीं है ?	संसार में देखने के लिए क्या कुछ नहीं है?
5	पुत्र , ध्यान से चढ़ो नहीं तो गिर जाओगे।	पुत्र! ध्यान से चढ़ो नहीं तो गिरोगे।
9	यह समूह स्वकीया पत्रिका गुरुत्वा के नाम पर प्रकाशन करेगा।	यह समूह अपनी पत्रिका गुरुत्व का प्रकाशन करेगा।
7	व्याधिके ग्रहणसे वायु, पित्त कफ, रक्त, सन्निपात इनमेंसे एक या अधिककी विषमतासे उत्पन्न होनेवाली संपूर्ण (चारोंप्रकारकी ) व्याधि समझीजातीहैं ॥	पित्त, पित्त, कफ, शोण आदि रोगों के ग्रहण से होने वाले संसर्ग के कारण होने वाले विष के कारण सभी रोगों का वर्णन किया गया है।
11	तब कोसल्या ने भरत जी को हृदय से लगाकर कहा बेटा मे यह सब कुछ जानती हूँ, तुम किसी प्रकार की चिन्ता न करो। इसी समय ही भरत जी का समागम सुनकर मन्त्रियों के साथ वसिष्ठ जी राजभवन में आये और रोते हुए भरत को देखकर आदर पूर्वक बोले ॥	कौसल्या के आलिंगन से पुत्र को मैं नहीं जानता। यह सुनकर भरत का समागम हुआ।
6	वह प्रातः छः बजे गाय को घास देती है।	वह सुबह छः बजे गाय को घास देती है।
11	यही कारण है कि अब राज्य में सभी वैद्य स्वाग्रहों के लिये आन्दोलन कर रहे हैं ।	यही कारण है कि अब राज्य में हर जगह चिकित्सक अपनी इच्छा के लिए आन्दोलन कर रहे हैं।
14	इस अवसर पर मुख्य संसद सदस्य ने भी उपस्थित महिला एवं युवा जिलों को हजार रुपये देने की घोषणा की।	इस अवसर पर मुख्यसदनीय सचिव ने भी उपस्थित महिला और युवा दलों को हजार रुपये देने की घोषणा की।
3	जिनकी बुद्धि उस (परमात्मा) में स्थित है,  जिनका मन तद्रूप हुआ है,  उसमें ही जिनकी निष्ठा है,  वह (ब्रह्म) ही जिनका परम लक्ष्य है,  ज्ञान के द्वारा पापरहित पुरुष अपुनरावृत्ति को प्राप्त होते हैं,  अर्थात् उनका पुनर्जन्म नहीं होता है।।	हे मनुष्यो! उस बुद्धि के द्वारा ही आत्मा को स्थिर किया जाता है और उसके द्वारा ही उत्पन्न होने वाले पापों को दूर करने वाले लोग ज्ञान के स्रोतों से उत्पन्न हुए कर्मों से रहित होकर पुन:वृत्ति को प्राप्त होते हैं।।
5	उसके साथ आहुति बहन भी है।	उसके साथ आहुति बहन भी है।
4	पुस्तक चाटूँ क्या ?	पुस्तक ले लो क्या?
5	इंग्लैंड टीम के पास चहनांकाओं की अग्रता है।	इंग्लैंड टीम के पास चौकानें आगे हैं।
10	इस पृथ्वी पर तीन ही रत्न हैं-जल, अन्न और हितकारी वचन, परंतु मूर्ख लोग पत्थर के टुकड़े को रत्न कहते हैं।	पृथ्वी पर तीन रत्न हैं-जल का मन्त्र सुभाषित है। मूर्ख लोग पत्थर के टुकड़ों पर रत्न की संज्ञा देते हैं।
12	पण्डितों में सब गुण ही रहते हैं और मूर्खोंमें केवल दोष ही  इसलिये एक पण्डित हजार मूखोंसे भी उत्तम है	विद्वानों में सभी गुण और मूर्खों में केवल दोष ही गुण होते हैं। इस प्रकार हजारों मूर्खों में से एक ज्ञानी ही विशिष्ट होता है।।
4	लक्ष्मी शुद्ध किस तरह होती है?	लक्ष्मी शुद्ध कैसे होती है?
1	फूंकना	धर्म
10	सिंघवी तीन बार सांसद बने हैं। वे देश के सर्वोच्च न्यायालय के वरिष्ठ न्यायाधीशों में से एक हैं।	सिंघवी तीन बार सांसद बने। वे देश के सुप्रीम कोर्ट के वरिष्ठ न्यायाधीशों में से एक हैं।
5	दस छात्रों ने विविध गीत गाए।	दस छात्रों ने विविध गीत गाए।
4	नमकीन पानी में केले का फूल उबाला जाता है।	लवणयुक्त जल में केले का फूल खिलता है।
1	समुद्र	समुद्र
17	आपदा के बाद राज्य को पैरों में लगाना चाहते हुए मुख्यमंत्री सुक्खू के लिए यह budget कठिन परीक्षा की अपेक्षा कम नहीं होगी।	आपदा के बाद राज्य को पैरों पर रखने का संकल्प करके मुख्यमंत्री सुक्खू के लिए यह कठिन परीक्षा से कम नहीं होगा।
1	दुष्टों का।	हत्या करने वालों का
10	टारगेट बॉल की जीत में ऑस्ट्रेलिया की टीम ने 20 गेंदबाजों में 216 रन बनाकर जीत हासिल की.	ऑस्ट्रेलिया ने लक्ष्य हासिल करने के क्रम में 20 गेंदों में 216 रन बनाकर मैच जीता।
3	तोरण भी लटकाऊँगी।	तोरण भी लटकाऊँगा।
1	वेश्या	नौकरानी
7	हिमाचल प्रदेश के मुख्यमंत्री सुखविंदर सिंह सुक्खू बुधवार को दिल्ली के लिए रवाना हो गये.	हिमाचल प्रदेश के मुख्यमंत्री सुखविंदर सिंह सुक्खू बुधवार को दिल्ली के लिए रवाना हुए।
8	सभी प्रतिभागियों के लिए राशि और स्मृतिचिह्न पुरस्कार के रूप में वितरित कर दिए गए।	सभी प्रतिभागियों के लिए पुरस्कार के रूप में स्मृतिचिह्न जारी किए गए।
9	मैं प्रतिमाह बिजली खर्च करने में चार करोड़ रुपये का लाभ उठाऊँगा।	अनानस प्रतिमाह बिजली के खर्च में चार करोड़ रुपये का लाभ होगा।
7	उसका श्लोकगान सुनकर दूसरा सज्जन भी गाता है।	उसका श्लोकगान सुनकर दूसरा सज्जन भी गाता है।
1	क्षमा करें।	क्षमा करें
11	इससे भिन्न-भिन्न भौंरे आईटीआई से भिण् डील तक, ग्राम पंचायत-टकरारारारा चौकटी से बडुही पुल तक रास्ता निर्माण किया जाएगा।	इसके अतिरिक्त भलोण आईटीआई से भिण्डला तक, ग्राम पंचायत-टकरारा चौक से बडुही पुल तक सड़क का निर्माण होगा।
5	वो दोनों फॉर्म भरती हैं	वे दोनों प्रपत्र भरते हैं।
5	वह शिक्षक सदा पुस्तक पढ़ता है।	वह आचार्य सदा पुस्तक पढ़ता है।
3	वह पैसा चुराता है।	वह धन चुराता है।
6	चुनाव- आज से विक्रय होगा।	चुनाव-संधियों का विक्रय आज से शुरू होगा।
6	हिमदास ने पूरा कमाया हुआ धन लोकहित में समर्पित कर दिया।	हिमदास ने पूरा अर्जित धन लोकहित के लिए समर्पित कर दिया।
12	मूर्ख अपने घरमें समर्थ पुरुष अपने गाँवमें, राजा अपने देशमें और विद्वान् सर्वत्र ही पूजा जाता है।	अपने घर में मूर्ख की पूजा होती है, प्रभु की पूजा होती है, राजा की पूजा अपने देश में होती है और विद्वान की पूजा सब जगह होती है।
5	दुर्गावती का विवाह किसके साथ हुआ?	दुर्गावती का विवाह किसके साथ हुआ?
6	बचपन से ही वो स्वतंत्रता आंदोलन में हिस्सा लेते थे।	बचपन से ही वे स्वतन्त्रता आन्दोलन में भाग ले रहे थे।
3	वह मालपुआ तलती है ।	वह धूप तलती है।
10	देश का संपूर्ण-उत्तर क्षेत्र में भीषण-आफूसी-चरण से रेल सेवा प्रभावित हो गई।	देश के पूरे-उत्तरी क्षेत्र में भयंकर-भाप-यातायात के कारण रेल सेवाएं प्रभावित हो गईं।
9	इसके अलावा विधानसभा क्षेत्र में सुरक्षा व्यवस्था को मजबूत करने के लिए सीसीटीवी-ड्रोन-यन्त्रों का उपयोग होगा।	इसके अलावा विधानसभा सचिवालय में सुरक्षा व्यवस्था को सुव्यवस्थित करने के लिए सीसीटीवी-ड्रोन-यन्त्रों का उपयोग किया जाएगा।
11	उन्होंने कहा कि इस विधानसभा क्षेत्र में एक वर्ष में 170 करोड़ रुपये का विकास चल रहा है।	उन्होंने कहा कि इस विधानसभा क्षेत्र में एक वर्ष में 170 करोड़ रुपये का विकास कार्य चल रहा है।
3	ये दोनों कुत्ते हैं।	ये दोनों कुत्ते हैं।
5	तुम्हारी बहन की क्या उम्र होगी ?	आपकी छोटी बहन कितने वर्ष की है?
13	जब हमारी सरकार आ गई तब हमने भ्रष्ट कर्मचारी को पकड़ा और आज सभी भ्रष्ट जेल में हैं।	जब हमारा सरकार आई तब हमने भ्रष्ट कर्मचारियों को पकड़ लिया और आज सभी भ्रष्ट जेल में हैं।
5	उसकी भी एक बेटी थी।	उसकी भी एक बेटी थी।
3	शोक सब कुछ नाश कर देता हैं।	शोक सब कुछ नष्ट कर देता है।
1	अपनी इच्छा से	अपनी इच्छा से
9	माँ बहुत तेज की भूख है जल्दी से भोजन लगाओ।	माँ! बड़ी भूख हो रही है। जल्दी भोजन परोसिये।
8	बाह्य अंतरिक्ष देवदूतों की ओर से अब तक हजारों अवशेष बाह्य अंतरिक्ष में ढेर हो चुके हैं।	बाहरी अंतरिक्ष यात्रियों के हिस्से के रूप में अब तक हजारों अवशेष बाहरी अंतरिक्ष में जमा हैं।
9	शिक्षिका -पुस्तक घर में होती है , पैसा बैंक में होता है ।	शिक्षिका-पुस्तक घर में होती है, धन बैंक में होता है।
1	खरीदकर ।	खरीदकर
4	सुजाता ने बैंक में नौकरी पाई।	सुजाता ने बैंक में नौकरी पाई।
9	हे पार्थ ! वही यह भूतसमुदाय, है जो पुनः पुनः उत्पन्न होकर लीन होता है। अवश हुआ (यह भूतग्राम) रात्रि के आगमन पर लीन तथा दिन के उदय होने पर व्यक्त होता है।।	हे पार्थ! यह भूतग्राम इस प्रकार उत्पन्न होकर प्रलीभूत हो जाता है। हे पार्थ! यह रात्रि के आने पर ही उत्पन्न होता है।।
5	सभी शिक्षक और कर्मचारी भी खड़े होंगे।	सभी शिक्षक कर्मचारी भी खड़े होंगे।
5	तूने आम चूसे वा नहीं ?	तुम्हारे मेवे चबाए वा नहीं?
6	इसकी प्रस्तावना के रूप में दोनों देशों ने सात संधियों पर हस्ताक्षर किये।	उसकी भूमिका के रूप में सात संधियों पर दोनों देशों ने हस्ताक्षर किये।
9	विस्फोटक आवाज सबसे पहले छात्रों ने सुनी। तभी सड़े फलों की दुर्गंध चारों ओर फैल गई	छात्रों ने सबसे पहले विस्फोटक शब्द सुना। बाद में जीर्ण फल की दुर्गन्ध सब जगह फैल गई।
8	अनेक पाठकों के दृश्य पत्रालय के अन्दर और बाहर निकाले गए।	नाना पाटेकर के दृश्य डाकखाने के अंदर और बाहर पकड़े गए।
8	रास्ते में कोई उतरना चाहे तो वाहन रोकता था।	रास्ते में कोई उतरना चाहता था तब वाहन रोक रहा था।
6	तुम्हारे घर किसका वृक्ष है ?	तुम्हारे घर किसका वृक्ष है?
5	नाटक देखकर प्रेक्षक प्रसन्न होते हैं।	नाटक देखकर दर्शक खुश होते हैं।
4	हे मित्र (बन्धु/भाई)! पक्षियों के समूह की आवाज़ से गुंजायमान वन में चलो।	हे बन्धुओ! पक्षीकुल के कलरव से युक्त वन को जाओ।
8	वह अध्ययन के साथ ही विभिन्नगतिविधियों में भी भाग लेने के लिए सबको प्रेरित कर रही थीं।	उन्होंने अध्ययन के साथ ही विभिन्न गतिविधियों में भी भाग लेने के लिए सबको प्रेरित किया।
4	सोमवार तो धोती का वार है ।	सोमवार तो धौतवार है।
1	है फिसल	निकलता है।
5	शनिवार को सत्र की शुरूआत लौकिक मंगलाचरण से हुई।	शनिवार को सत्र का आरम्भ लौकिक मंगलाचरण से हुआ।
6	प्रातः उठ कर जल से मुंह धोओ।	सुबह उठ कर जल से मुँह धो।
2	दुष्ट महिला गाली बक रही है।	दुष्ट डरता है।
10	आज भोजन में चावल, दाल, सब्जी, पापड़ और खीर है।	आज भोजन में भात, दाल, सब्जी, पापड़ और खीर है।
6	पहुंचे हुए समाचार के अनुसार, अर्जुन शीघ्र ही खलनायक की भूमिका पर दिखता है।	पहुंचे समारोह के अनुसार अर्जुन शीघ्र ही खलनायक की भूमिका में दिखाई देता है।
3	बच्ची उँगली से दिखाती है।	बालिका अँगूठी दिखाती है।
6	क्या वे सज्जिता के रूप में सुशय्या नहीं दिख रही हैं?,	वह सुसज्जा है वा सूस्या दिख रही है?,
7	बाद में, मुम्बयी विश्वविद्यालय के सार्वजनिक विधि महाविद्यालय से स्नातक के पदवी को प्राप्त किया।	बाद में, मुम्बई विश्वविद्यालय के सरकारी विधि महाविद्यालय से डिग्री प्राप्त की।
1	अध्ययन	अध्ययन
5	पुनः कब मिलेंगें ?	फिर कब मिलेंगे?
6	मुझे नहीं पढ़ना है क्या ?	क्या मुझे पढ़ना नहीं है?
7	लेकिन आज हल्दी संस्कार बदल गया और अंडम्बर से परिपूर्ण हो गया।	लेकिन आजकल हल्दी संस्कार बदल गया है, और अलंकारयुक्त हो गया है।
7	भाषण स्पर्धा में बहुत प्रतिभासम्पन्न उन्होंने अनेक पुरस्कार जीते।	भाषण प्रतियोगिता में उन्होंने बहुत प्रतिभाओं के साथ अनेक पुरस्कार जीते।
4	मध्याह्नोत्तर का काम दिन के प्रथम भाग में ही कर लेना चाहिए।	दोपहर को प्रातःकाल ऐसा करना चाहिये।
10	बोधि नामक ग्रन्थ संस्कृत और पालि में भी प्रसिद्ध है।	जो संस्कृत और पाली भाषा में बोधि के नाम से भी जाना जाता है।
4	इस समय शिमला नगर का विकासयोजना की गई है।	इस समय शिमला नगर का विकास योजना की गई है।
5	स्वस्थ दाँतों वाले लोग गन्ना भी चबाते हैं।	स्वस्थ दाँत वाले लोग गन्ना भी चबाते हैं।
6	श्रम के बिना कोई आगे नहीं बढ़ता है	परिश्रम के बिना कोई भी आगे नहीं बढ़ता है।
14	जहाँ वह दूरसंचरण, पेय जल, ऊर्जा और स्वास्थ्य से सम्बद्ध अनेक परियोजनाओं का आधार बनाकर राष्ट्र को समर्पित करेगा।	जहां वह दूरसंचार, पेयजल, ऊर्जा और स्वास्थ्य जैसे क्षेत्रों से जुड़े कई परियोजनाओं का आधारशिला स्थापित करेंगे और राष्ट्र को समर्पित करेंगे।
5	मैं अब संस्कृत पढ़ना प्रारंभ करता हूँ	मैं अब संस्कृत पढ़ना शुरू कर रहा हूँ।
9	उसने पूछा – पत्नी के साथ संस्कृत में बात करते हो ?	उसने पूछा-पत्नी के साथ संस्कृत में बात करता है?
11	यह जन समुदाय फँसा हुआ है। सरकार द्वारा केंद्रित योजनाएं सभा में समाविष्ट हो चुकी हैं।	इस जन समुदाय को धोखा दिया गया है। सरकार द्वारा केंद्र द्वारा प्रस्तावित योजनाएं बजट में शामिल हैं।
17	वहौ नई दिल्ली का भारत-बड्डा में आयोजित दो दिवसीय दल के राष्ट्रीय सम्मेलन के पहले दिन दल के नेताओं को संबोधित किया गया।	वे नई दिल्ली के भारत-मंडप स्थल पर आयोजित दो दिवसीय दल के राष्ट्रीय सम्मेलन के पहले दिन अधिकारियों के साथ बैठक में दल के नेताओं को संबोधित किया गया।
14	परन्तु कन्या ने आग्रह किया कि ये मूर्ख गौ पालक उन सभी समस्याओं को दूर करेगा।	परन्तु कन्या ने आग्रह किया कि यह मूर्ख गौपाल उनकी सभी समस्याओं को सुलाएगा।
10	इस युद्ध का नेतृत्व सनेठीग्राम के महान् रामभक्त पं. देवी दीन पाण्डे जी ने किया।	इस युद्ध का नेतृत्व सनेठी गाँव के महान रामभक्त पं. देविदीन पाण्डे ने किया।
4	विविध रंगों के वस्त्र दिखाता है।	विविध रंगों के वस्त्र दिखाता है।
9	अब तक उसने 1000 से ज्यादा फिल्मों में काम किया है।	अब तक उन्होंने 1000 से अधिक फिल्मों में काम किया है।
21	और इसके निरोध के लिए प्रचार कार्य भी करना चाहिये। संग्रह की प्रवृत्ति रोकने के लिए लोगों और व्यापारियों में राष्ट्रीय भावना से परिचित कराया जाना चाहिये। तभी महँगाई को समस्या कम और समूल नष्ट हो सकेगी।	प्रचार कार्य भी करना चाहिए, इससे लोगों और व्यवसायों में अतिक्रमण की प्रवृत्ति को रोकने के लिए घरेलू भवनों से परिचित होना चाहिए, तभी महर्षता की समस्या कम हो जाएगी और जड़ से छूट जाएगी।
4	कृपया सभी वस्तुएं पकडीये	कृपया सभी बंधकों को स्वीकार करें।
5	इसके लिए जागरूकता अभियान की भी आवश्यकता है।	इसके लिए जागरूकता अभियान की भी आवश्यकता है।
15	देश के प्रमुख शहरों में भी पांच सौ से ज्यादा-सैन्धो जिलों के प्रमुख सड़कों पर-एक सुरक्षा सतर्कता कार्यक्रम का आयोजन किया जा रहा है।	देश के प्रमुख शहरों में भी पचास से अधिक-सात सौ जिलों के मुख्यालयों में मार्ग-सुरक्षा सतर्कता कार्यक्रम का आयोजन किया जा रहा है।
4	एकतः ओषधीनां पतिः अस्तशिखरं याति एकतः अरुणपुरःसरः अर्कः आविष्कृतः, लोकः तेजोद्वयस्य युगपद् व्यसनोदयाभ्यां आत्मदशान्तरेषु नियम्यत इव।	वहाँ से सोया हुआ उठा हुआ शिष्य प्रवेश करता है।
5	मेरा मित्र आज मदुरई पहुँचेगा ।	मेरा मित्र आज मदुरै पहुंचेगा।
4	वो भारतरत्न थे ।	वह भारतरत्न भी थे।
5	वे सभी संस्कृतगीत सुनना चाहते हैं।	वे सभी संस्कृत गीत सुनना चाहते हैं।
1	हम लोगों का	हमारा
9	इस दिन पूरे विश्व में भारत के साथ पूजा और पूजा होती है।	इस दिन भारत सहित पूरे विश्व में पूजा और अर्चना का आयोजन किया जाता है।
11	मन में दृढ़ निश्चय लेकर ही कार्य करना चाहिए। तो सफलता अवश्य मिलेगी।	मन में दृढ़ संकल्प करके ही कार्य करना चाहिए। तब अवश्य ही सफलता होगी।
12	राष्ट्रपति मुर्मू ने कहा कि दुनिया भर में कई विवाद विवादों को तर्क की दृष्टि से संबोधित किया जाना चाहिए।	दुनिया भर में आज के संघर्षों को ध्यान में रखते हुए राष्ट्रपति मुर्मू ने कहा कि दुनिया भर में कई झगड़ों को तर्क के आलोक में संबोधित किया जाना चाहिए।
7	तिल काले हैं, माष भी वैसे ही हैं।	तिल काले हैं वैसे ही मछलियाँ भी।
6	पत्नी का भाई ने इस मामले को दर्ज किया।	पत्नी के भाई ने यह मामला दर्ज किया।
3	दश अध्यायका शारीरकस्थान ॥	दस शारीरिक।
7	वानरोंका नन्दन और राक्षसोंका अवसाद वह अस्त्र है	वानरों का नन्दन और राक्षसों का अवसादन वह अस्त्र है।
7	परन्तु हे अर्जुन  जो पुरुष मन से इन्द्रियों को वश में करके अनासक्त हुआ कर्मेंन्द्रियों से कर्मयोग का आचरण करता है वह श्रेष्ठ है।।	हे अर्जुन! जो मन, इन्द्रियाँ और नियम के द्वारा उत्पन्न होता है, वह कर्म और इन्द्रियों के द्वारा कर्मयोग में आसक्त होता है, वह विशिष्ट होता है।।
15	तन्मय – हाँ आज तो श्रावणी पूर्णिमा है , स्वाधीनता दिन भी है , संस्कृतदिन भी है।	तन्मय-हाँ आज तो श्रावणी पूर्णिमा है, स्वाधीनता दिन भी है, संस्कृत दिन भी है।
8	ओमान के संस्कृत विद्यालय के डॉ आर नारायणन व्याख्यान देंगे	ओमान के संस्कृत स्कूल के डॉ. आर. नारायण व्याख्यान देंगे।
12	अंत में सेंसेक्स की समाप्ति हुई, जो या अंकों से गिर गई।	अंत में सेन्सेक्स इस क्रम में आकर समाप्त हो गया जो या अंकों से गिर गया।
16	तीस बैठने के लिए एक सत्ताईस से अधिक-नईस से एक हजारभ्यर्थियों का भाग्य का निर्णय लगभग एक सत्ताईस से अधिक लाख से अधिक समय तक मतदाता करेंगे।	तीन सौ सीटों के लिए सत्ताईस से अधिक-नौ सौ से अधिक-हजारोंभ्यर्थियों के भाग्य का निर्णय लगभग उन्नीस सौ से अधिक उत्तर लाख तक मतदाता करेंगे।
4	ऊर्ध्वभाग हिम से आच्छादित हैं।	ऊपरी भाग बर्फ से ढके हुए हैं।
9	ये वाचक हैं-सरवण कुमार-हिमाचलप्रदेश-कृषि विश्वविद्यालय, पद्मपुरम डॉ. यशवंत सिंह पर्मार उद्यान-ऐसा-वैज्ञानिक विश्वविद्यालय, सोलन हैं।	ये दोनों चौधरी-सरवन कुमार-हिमाचल प्रदेश-कृषि विश्वविद्यालय, पालमपुर में डॉ. यशवंत सिंह परमार उद्यान-इस प्रकार-वानिकी विश्वविद्यालय, सोलनम हैं।
4	साइकिल ध्यान से चलानी चाहिये।	साइकिल ध्यान से चलानी होती है।
18	ऐसी जानकारी भारत के खिलाफ बढ़ती राजनीतिक रूप से प्रेरित पहल और विकारों के कारण दी गई थी। कनाडा में भारतीय छात्रों को बहुत सचेत रहना चाहिए। उन्हें भारत के स्थानीय सरकारी कार्यालय में पंजीकरण कराना चाहिए।	ऐसी सूचना उसी समय दी गई थी जब वहां भारत के खिलाफ आंदोलन और राजनीतिक प्रेरित अपराध बढ़ रहे हैं। कनाडा के भारतीय छात्रों को बहुत सतर्क रहना चाहिए। उन्होंने भारत के कार्यालय में पंजीकरण कराना शुरू कर दिया है।
10	पुनः बन्धुओं सहित मुनिजनों के द्वारा धर्मशास्त्र का रहस्य गुनते तथा उसकी व्याख्या भी करते थे ॥	मैं अपने बन्धु-बांधवों के साथ मुनिवरों के बिना भोजन करके धर्मशास्त्र के रहस्यों को सुनता हूँ और व्याकरण करता हूँ।
7	धन से नष्ट हुए व्यक्ति का कुछ भी नष्ट नहीं हुआ किन्तु यदि चरित्र नष्ट हुआ तो वह मरे हुए के समान है।	धन की कमी से थका हुआ वह व्यक्ति मारा गया।
1	बिछौना	धीर
8	गुजराती भाषा में बावड़ कहते हैं	गुजराती भाषा में "बावड\u093C" ऐसा कहा जाता है।
10	कन्नूर में कुटियान माला नामक क्षेत्र में बिजो-अन्नमारिया एक स्वप्निल जोड़े की बेटी बन जाती है।	कन्नूर के कुटियन माल नामक क्षेत्र में बिजू-स्वप्ना दंपति की बेटी आन्मरिया होती है।
9	जो व्यक्ति संतोषरूपी अमृत से तृप्त है, मन से शांत है, उसे जो सुख प्राप्त होता है, वह धन के लिए इधर-उधर दौड़-धूप करने वाले को कभी प्राप्त नहीं होता।	जो सुख अमृत से तृप्त लोगों को और शान्तचित्त लोगों को सुख देता है, वह सुख धन के लोभ से प्राप्त नहीं होता है।
24	सभी औषधि ऋद्धिधारी, उत्तम तप ऋद्धिधारी, अवधृत क्षेत्र से भी दूरवर्ती विषय के आस्वादन, दर्शन, स्पर्शन, घ्राण और श्रवण की समर्थता की ऋद्धि के धारि, अष्टाङ्ग महानिमित्त विज्ञता की ऋद्धि के धारी, आठ प्रकार की चारण ऋद्धि के धारी, पाँच प्रकार के ज्ञान की ऋाद्ध क धारा, तीन प्रकार क बला का ऋाद्ध क धारा आर बुाद्ध ऋद्धीश्वर, ये सातों जगत्पूज्य गणनायक तुम्हारे पापों को क्षालित करें और तुम्हें सुखी बनावें। बुद्धि, क्रिया, विक्रिया, तप, बल, औषध रस और क्षेत्र के भेद से ऋद्धियों के आठ भेद हैं।	जो सभी औषधियों के स्वामी हैं, उन समस्त औषधियों के स्वामी हैं, उन पांचों की वृद्धि हो रही है, जो महान प्रयोजनों के लिए कुशल हैं, जो चस्तांग हैं, जो चस्तांग हैं, जो चस्तांग हैं, जो चस्तांग हैं, जो पांच ज्ञान-शास्त्रों के स्वामी हैं और जो बलवान् हैं, वे बुद्धिवाले हैं, जो सातों के स्वामी हैं, उन सभी मुनिजनों को मंगल मिले।
3	भूतकाल में वाक्य लिखिये	अतीत में वाक्य लिखिये।
6	परिश्रम के कारण वह गौरवस्थान प्राप्त किया।	परिश्रम के कारण उन्हें गौरव का स्थान मिला।
18	शिक्षक और शिष्य का बंधन शाश्वत पितृसत्ता के सम्मान में मनाया जाता है''वह गुरु पूर्णिमा विशेष नामक पारंपरिक कार्यक्रम में भाग लेने वाले भक्तों को संबोधित कर रही थीं।	गुरु शिष्य बन्धन के कालातीत पिता का सम्मान करने के लिए शुरू किया गया "यह गुरु पूर्णिमा विशेष परंपरा के कार्यक्रम में भाग लेने वाले भक्तों को संबोधित करने के लिए था।
8	नहीं जानता , रास्ता कब जाने योग्य होगा ।	नहीं जानता, रास्ता कब सुगम होगा।
1	नाम से	नाम से
1	रक्षण	रक्षा
4	इससे अधिक लोग मारे गए हैं।	उससे अधिक लोग मारे गए।
1	होना	होने के लिए
3	वन जायें।	वन को जाईये।
1	तीन तीन सेर।	तीन तरफ।
5	उसका सूत्रग्रन्थ 'शब्दानुशासन' है।	उनका सूत्रग्रन्थ "शब्दानुशासनम्" ऐसा है।
16	[ गोपियोंने कहा-] जिनकी कृपाकटाक्ष अपने ऊपर होनेके लिये अन्य देवता प्रयत्न करते रहते हैं, वे श्रीलक्ष्मीजी आपके हृदयधाममें स्थान पाकर भी तुलसीजीके साथ आपके भक्तोंद्वारा सेवित जिस चरणरजको चाहती हैं उसी चरणरेणुकी शरणमें आज लक्ष्मीजीकी ही भाँति हम भी आयी हैं ॥	जिसके वक्षःस्थल में कमलके समान कमलके समान कमलके समान कमलके समान कमलके समान कमलके समान कमलके समान कमलके समान कमलके समान कमलके समान कमलके समान कमलके समान कमलके समान कमलके समान कमलके समान कमलके समान कमलके समान कमलके समान कमलके समान कमलके समान कमलके समान कमलके समान कमलके समान कमलके समान कमलके समान कमलके समान कमलके समान कमलके समान कमलके समान कमलके समान कमलके समान कमलके समान कमलके समान कमलके समान कमलके समान कमलके समान कमलके समान कमल
5	सोलर पैनल से वह रात में बिजली पाता है।	सौरफलक से वह रात में बिजली पाता है।
4	संस्कार भी आवश्यक होता है।	संस्कार भी आवश्यक होता है।
6	मैं प्रतिदिन नियम से व्यायाम करता हूं।	मैं प्रतिदिन नियम से व्यायाम करता हूँ।
4	शिष्ट लोग संस्कृत जानते हैं।	संस्कृत भाषी लोग संस्कृत जानते हैं।
4	आप क्या ढूंढ रहे है ?	आप क्या खोदते हैं?
9	राजस्व मंत्री जगत सिंह ने कहा कि पहले ही संसाधनों का अभाव था।	राजस्व मंत्री जगत सिंह नेगी ने कहा कि पहले से ही संसाधनों का अभाव है।
9	इसलिए संस्कृत अवश्य पढ़नी चाहिए। आधुनिक काल में भी संस्कृत भाषा का प्रयोग अपरिहार्य माना जाता है।	इसलिए संस्कृत अवश्य पढ़नी चाहिए। आधुनिक समय में भी संस्कृत भाषा के प्रयोग की आवश्यकता का अनुभव हो रहा है।
5	घृत और मधु से भी अत्यन्त स्वादु वचन बोलिए	घी से स्वादिष्ट और मीठा होवे।
5	राज्यसभा का उपसभापति भी हुआ।	राज्यसभा के उपाध्यक्ष भी रहे।
8	उसके सींग रत्नमय, खुर मणिमय और नेत्र नील रत्नमय थे। इस प्रकार बिजली की छटा और मनोहर मुखवाला वह मृग श्रीरामचन्द्रजी के आश्रम के पास सीताजी के सामने वन में विचरण करने लगा ॥	वह श्यामवर्ण का, मणि-शिखर वाला, नीला रत्न धारण करने वाला और विद्युत्प्रभा से मोहित होकर वन के मध्य विचरण करने वाला है।।
7	कभी कभी मेरे साथ भी बात करते हैं	कभी कभी मेरे साथ भी बात करता है।
4	कौआ-कौआ ही रहता है और कोयल-कोयल होती है।	कौआ कौआ कौआ कौआ कौआ कौआ कौआ कौआ कौआ कौआ कौआ कौआ कौआ कौआ कौआ कौआ कौआ कौआ कौआ कौआ कौआ कौआ कौआ कौआ कौआ कौआ कौआ कौआ कौआ कौआ कौआ कौआ कौआ कौआ कौआ कौआ कौआ कौआ कौआ कौआ कौआ कौआ कौआ कौआ कौआ कौआ कौआ कौआ
8	सभी प्रतिभागियों के लिए राशि और स्मृतिचिह्न पुरस्कार के रूप में वितरित कर दिए गए।	सभी प्रतिभागियों के लिए पुरस्कार के रूप में स्मृतिचिह्न जारी किए गए।
5	राज्यसभा का उपसभापति भी हुआ।	राज्यसभा के उपाध्यक्ष भी रहे।
12	सर्वेक्षण में आयकर के विभिन्न प्रवर्तनों में ऐसी असंतुलित लेखांकन गणनाएँ पाई गईं-विभाग की विज्ञप्ति प्रकाशित होती है।	आयकर सर्वेक्षण में इस तरह की असंतुलन वित्तीय खातों की गणना के विभिन्न पहलों में दिखाई दे रही है-विभाग की अखबार की विज्ञप्ति में दिखाई देता है।
10	हिमाचल-संस्कृत-अकादमी के सचिव डॉ. केशवानंद कौशल ने सभी विशिष्ट अतिथियों एवं विद्वानों का स्वागत किया।	हिमाचल-संस्कृत-अकादमी के सचिव डॉ. केशवानंद कौशल ने सभी विशिष्ट अतिथियों और विद्वानों का स्वागत किया।
6	कई कारों में नाममात्र की भण्डार शेष है।	अनेक भंडारों में नाम का भंडार बचा है।
3	महिलाएँ प्रश्न पूछती हैं।	महिलाएँ प्रश्न पूछती हैं।
10	और जल पान के पश्च्यात जल के किनारे वृक्ष की छाया में बैठ गये उसी समय उन्होंने महावलवान भयानक राक्षस को आते हुए देखा ॥	उस समय जलमय भाषण करते हुए एक क्षण छाया पर आश्रित होकर उन्होंने महान् तत्त्व को भयानक देखा॥
8	जो जो मैं बोलती हूँ वो वो तुम बनाओ ।	माँ जो जो मैं बोलती हूँ वही बनाओ।
10	फिर, एनपीएसए का वेतन गिनते हुए निकालना भी दुर्भाग्यपूर्ण मुद्दा है।	फिर एनपीए का वेतन गिनकर निकालना भी दुर्भाग्यपूर्ण है।
6	वहाँ कोई नहीं था	वहाँ कोई नहीं था।
6	कहा जाता है कि कल नामांकन में प्रवेश किया जाएगा।	कहा जाता है कि कल नामांकन दाखिल होगा।
10	यह सुनकर हिरण्यक चित्रग्रीव के बन्धनों को काटने के लिए जल्दी से निकट आया तो चित्रग्रीव कहने लगा -हे मित्र।	यह सुनकर हिरण्यक शीघ्र ही चित्रग्रीव का बन्धन काट दिया। चित्रग्रीव बोला-मित्र!
4	उसके पास कोई भी नहीं है।	उसके पास कोई नहीं है।
12	ये केंद्र अपनेद्वार के पास राज्य के लोगों को आवश्यक स्वास्थ्य सेवाएं प्रदान करने के लिए नए आशा की किरणें सिद्ध होंगी।	ये केंद्र अपने दरवाजे के पास राज्य के लोगों को आवश्यक स्वास्थ्य सेवाएं प्रदान करने के लिए नई आशा की किरणें तैयार होंगी।
3	भैया ! आईये	भैया, आइये।
6	आलसी को विद्या कहाँ? विद्याहीन के पास धन कहाँ?	आलसी की विद्या कहाँ है, अशिक्षित की धन कहाँ है?
10	विजया- सखी! तपस्या के प्रभाव से हिंसक पशु भी तुम्हारे मित्र हो गये हैं।	विजया-सखी। तप के प्रभाव से हिंसक पशु भी तुम्हारे मित्र बन गए।
23	मुख्यमंत्री सुखविंदर सिंह सुक्ख ने बैंकों से अनुरोध किया कि वे सरकार की जन कल्याण योजनाओं के लिए उदारता और रियायते और ब्याजदर से ऋण चुका सकें, इससे अधिक से अधिक लोग इन योजनाओं का लाभ उठा सकें।	मुख्यमंत्री सुखविंदर सिंह सुक्ख ने बैंकों से आग्रह किया कि वे सरकार के जन कल्याण योजनाओं के लिए उदारतापूर्वक और छूट के साथ ऋण दे सकें, जिससे अधिक से अधिक लोग इन योजनाओं का लाभ उठा सकें।
8	इस अवसर पर आचार्य तुलसीदास परौहा जी, विश्वविद्यालय के रीवा परिसर विशेष रूप से उपस्थित थे।	इस अवसर पर आचार्य तुलसीदास परौहा जी विश्वविद्यालय के रीवा परिसर के प्रभारी विशेष रूप से उपस्थित थे।
9	कोई एक वन्यजीव खाने से पेट भर जाता है ना?	एक ही वन्यजीव के खाने से आपका पेट भर जाता है।
5	यहाँ तुम किसलिए ठहरते हो, बताओ ।	यहाँ तुम क्यों ठहरते हो बोलो
5	बिना देर किए तेल ईंधन-और वितरण केंद्र बंद हो गया.	बिना देर किए ईंधन वितरण केंद्र बंद कर दिया गया।
10	10 शहरों में सबसे कम तापमान दस डिग्री सेल्सियस से कम रहा।	10 शहरों में सबसे कम तापमान दस डिग्री सेल्सियस से कम रहा।
15	इस अवसर पर विशाल जनसभा को संबोधित करते हुए मुख्यमंत्री ने महिला जिलों को दिया''प्रोत्साहनराशिं''उन्होंने हजार रुपये से हजार रुपये तक बढ़ने का घोषणा की.	इस अवसर पर एक बड़ी जनसभा को संबोधित करते हुए मुख्यमंत्री ने महिला जिलों को दिया "प्रोत्साहन राशि" उन्होंने हजार रुपये से हजार रुपये तक बढ़ने की घोषणा की।
24	अरे मनमधुप! व्यर्थ झंकारमय कोलाहल मत कर, मौन होकर हरिके चरणरूपी विकसित कमलके मकरन्दका आस्वादन कर। सबकी प्यास बुझानेवाले उस चिदानन्दमय मकरन्दका एक बार भी पान कर लेनेपर तेरी यह अहंकारसहित झनकार न जाने कहाँ विलीन हो जायगी ? ॥	हे रे! मन में भय उत्पन्न करने वाले झेंकारों के कोलाहल को मत भूलिए और मधुर हरिपद के फूलों से भरे हुए इस पर्वत पर माधविका को बजाओ। उस पर्वत पर सभी प्रकार के धानों के शिकारी चन्दन और मरदे के साथ घूमते हैं। इस प्रकार शान्त होने पर भी तुम रोमांचकारी झेंकार की लय को प्राप्त करने का प्रयत्न क्यों नहीं करोगे॥
3	बच्ची उँगली से दिखाती है।	बालिका अँगूठी दिखाती है।
6	इसरो अर्थात् भारतीय अन्तरिक्ष अनुसन्धान संस्थान	इसरो भारतीय अंतरिक्ष अनुसंधान संस्थान है।
1	मूर्ख	बठारा
5	स्वामी धीरे-धीरे पेटी खोलता है।	मालिक शनिवार से शनिवार तक पेटी खोलता है।
8	रास्ते में कोई उतरना चाहे तो वाहन रोकता था।	रास्ते में कोई उतरना चाहता था तब वाहन रोक रहा था।
1	खाना और गलना	गलना
13	हे राम! मैं शत्रुओं का वध करने में भी आपकी सहायता करूँगा  इस सम्बन्ध में मैंने जो कुछ देखा हैं वह में आपको सुनाता हूँ सुनिये ॥	हे राम! तुम शत्रुओं को मारने वालों की भी सहायता करोगे। सुनो, मैंने राम को जो देखा है, उसे मैं कुछ कह सकता हूँ॥
6	उसके हाथ में रंग है क्या ?	उसके हाथ में रंग है क्या?
15	कीचक उस समय तो उसी से भाग गया परन्तु अपनी बहन के साथ वह साइरन्ध्री के बारे में बार-बार बात कर रहा था।	कीचड़ उस समय तो वह भाग गया लेकिन अपनी बहन के साथ वह सैरन्ध्री के बारे में हमेशा बात करता था।
6	हम सभी वीर सैनिकों को नमन करते हैं।	हम सभी वीर सैनिकों को नमस्कार करते हैं।
1	खाने से	दुःख से
1	बड़ा युद्ध	महान
5	जो शिक्षा देता है वह शिक्षक है	जो शिक्षा देता है वह शिक्षक है।
1	छात्र पर	छात्र में
15	आज बुधवार है एनएचएम-जिले के साथ वार्तालाप के माध्यम से विषय को समझने का प्रयास किया गया, लेकिन विषय समाप्त नहीं हुआ।	अब बुधवार को एनएचएम-निदेशक के साथ वार्तालाप के माध्यम से विषय के समाधान का प्रयास किया गया, लेकिन विषय समाप्त नहीं हुआ।
12	ज्ञान की देवी माँ सरस्वती जिसकी जिव्हा पर सारे श्लोकों का सार है जो बुद्धि की देवी कही जाती है और जो ब्रह्म देव की पत्नी है ऐसी माँ का वास मेरे अन्दर सदैव रहे ऐसी कामना है ।	वेदपरायण विद्वानोंके द्वारा नित्य स्तुति की जानेवाली देवी ब्रह्मरूप सरस्वती मुझमें निवास करें॥
8	रामचरण – क्या प्रतियोगिताएँ केवल लड़कों के लिए हैं?	रामचरण-क्या स्पर्धाएँ केवल बच्चों से होती हैं?
11	कौन (मनुष्य) वृद्ध होने वाला जानता हुआ नीचे मृत्यु लोक में रहने वाला जीर्ण न होते हुए देवों के संगत प्राप्त कर रूप रंग तथा भोग के आनन्दों को समझते हुए बहुत काल तक जीवन धारण करने में प्रेम करेगा।	मरते मरते मरते मरते मरते मरते मरते मरते मरते मरते मरते मरते मरते मरते मरते मरते मरते मरते मरते मरते मरते मरते मरते मरते मरते मरते मरते मरते मरते मरते मरते मरते मरते मरते मरते मरते मरते मरते मरते मरते मरते मरते मरते मरते मरते मरते मरते मरते मरते मरते मरते मरते मरते मरते मरते मरते मरते मरते मर
9	मैं ओ .... विचार आ गया ... आ गया	मैं-ओ... विचार आ गया... आ गया।
1	स्नान करना	नहाना
9	हे महाबाहो ! सत्त्व, रज और तम ये प्रकृति से उत्पन्न तीनों गुण देही आत्मा को देह के साथ बांध देते हैं।।	हे महाबाहो! अपने शरीर में देह के व्यय को वश में करने वाले गुणों को धारण करते हैं।
12	श्रीकांत ने कहा कि केवल भारत ऐसी देशोयं है जिसने दो अधिकारियों केबुदों पर टीकाकरण किया है	श्रीकांत ने कहा कि केवल भारत ही ऐसा देश है जिसने दो अधिकारों वाले लोगों को टीकाकरण कराया है
9	वहाँ पर अग्नि को स्थापित करने के लिए विधि पूर्वक उसे प्रज्वलित करने के पश्च्यात अनेक रत्नों से विभूषित सीता को साथ लेकर महारानी सहित महाराज जनक जी कमलनयन श्रीरामचन्द्र के पास आये। 'श्रीरामचन्द्र का विधिवत् चरणों को धोकर तथा चरणोदक को उसी प्रकार अपने सर पर धारण किया जैसे शिव ब्रह्मा तथा मुनिजन सदा अपने मस्तक पर धारण करते हैं । ॥	तदनन्तर उसने अग्नि को यथाक्रम स्थापित कर अग्नि को प्रज्वलित किया और विभिन्न रत्नों से विभूषित सीताजी की शोभा को सुशोभित किया॥
5	घर आकर मेरी माँ को मारते हैं।	घर आकर मेरी माँ को पीटता है।
5	दो गोलक के बीच गन्ना पिसता है।	दोनों गोलों के बीच गन्ने का पीसना होता है।
5	आज घर-घर में इसका उपयोग होता है।	अब घर-घर इसका उपयोग हो रहा है।
4	वे  धीमे धीमे चलते हैं  ।	वे धीमे धीमे चलते हैं।
8	जो कोई अनादर पूर्वक भी किसी से अध्यात्मरामायण का श्रवण करता है, वह भी पातकों से मुक्त हो जाता है ॥	जो कोई भी मन में स्थित आत्मरामायण की इच्छा करता है, वह भी दूसरे से सुनकर पापों से मुक्त हो जाता है।
5	हम दोनों बालक का नाम जानते हैं।	हम दोनों बालक का नाम जानते हैं।
16	अर्थात् सत्य की ही विजय होती है, असत्य की नहीं तात्पर्य यह है कि उस ब्रह्म की प्राप्ति में सत्य की प्रतिष्ठा होनी चाहिये, क्योंकि यह ब्रह्म को प्राप्त करने का महत्वपूर्ण साधन है। इस संसार में अन्य कार्यों में भी सत्य की ही विजय होती है। मिथ्या भाषण, कपट आदि का सहारा लेने वालों को दुःख और निराशा ही हाथ लगती हैं। अतएव बुद्धिमान प्राणी सत्य भाषण और सदाचार को ही अपनाते हैं, झूठ को नहीं । ऐसे लोग जिनकी वासना सर्वथा समाप्त हो गई है, जिस मार्ग से वहाँ पहुँचते हैं, उस मार्ग में सत्य पूर्णाधार ब्रह्म स्थित हैं उस परमब्रह्म को प्राप्त करने का एकमात्र विकल्प सत्य ही है।	सत्य की ही विजय होती है, असत्य की ही विजय होती है, सत्य की ही विजय होती है, देवयान की भी विजय होती है, जिसको प्राप्त करने वाले मनुष्यों को यथाक्रम प्राप्त होता है, वह सत्य का परम आश्रय है।
14	श्रीभगवान् ने कहा -- हे पाण्डव ! (ज्ञानी पुरुष) प्रकाश, प्रवृत्ति और मोह के प्रवृत्त होने पर भी उनका द्वेष नहीं करता तथा निवृत्त होने पर उनकी आकांक्षा नहीं करता है।।	श्रीभगवान् ने कहा-- हे पाण्डव! प्रकाश, प्रवृत्ति, मोह, न द्वेष और न निवृत्तियों को चाहता है।।
10	जब वह पाठशाला नहीं जाता, तब बाग़ भी नहीं जाता।	जब वह पाठशाला नहीं जाता, तब उद्यान भी नहीं जाता।
3	वर्तमान सरकार ने जल का उपकार किया है।	वर्तमान सरकार ने जलोपकर किया है।
4	मुझे आप से बहुत आशा थी ।	आपकी बहुत प्रतीक्षा की।
20	मैं विष्णु हूँ, मैं रुद्र हूँ, मैं वरुण हूँ, मैं यम हूँ, मैं चंद्र हूँ, मैं सूर्य हूँ इस प्रकार बोलने वाले बहुत से मलतालु और माली सबको धमकाते हैं।	मैं विष्णु हूँ, मैं रुद्र हूँ, मैं वरुण हूँ, मैं यम हूँ, मैं चन्द्रमा हूँ, मैं सूर्य हूँ यह कहकर माल्यवान सुमाली और माली सबको बाधित करते हैं।
11	यह कहकर शीघ्र मुनियों के साथ अगस्त्य मुनि उठकर स्वयं श्रीरामचन्द्रजी के पास आये और उनसे अत्यन्त भक्तिपूर्वक बोले	यह कहकर स्वयं स्वयं उठ खड़े हुए मुनिगणों के साथ शीघ्र ही वहाँ पहुँचकर भक्तिभाव से श्रीरामचन्द्रजी से बोले॥
1	नगरी का नाम	अवन्ती
8	यह युद्ध सैकड़ों वर्षाों का नहीं है, यह लाखों रामभक्तों का बलिदान है।	यह सौ वर्षों का युद्ध नहीं है, लाखों रामभक्तों का बलिदान है।
3	वह केवल लिखता है	वह केवल लिखता है।
1	परिशीलन करना	जांच
8	पूरे दिन तक (भर) सोता हुआ यह कैसे हमारी रक्षा करेगा।	पूरा दिन तक सोते हुए ये कैसे हमारी रक्षा करेंगे।
5	सबल बनें , सफल बनें।	हम सब सशक्त बनें और सफल हों।
5	उसके चेहरे पर स्मित देख रहा हूँ	उसके चेहरे पर स्मित देखता हूँ।
4	रमा चन्द्रमा देखती है।	रमा से चन्द्रमा देखा जा सकता है।
3	ग्वाला दूध लाता है।	गोपाल दूध लाता है।
7	रात में फटे दूध में गुड मिलाकर मैंने खा लिया।	रात में दूध के छिलके में गुड़ मिला कर मैंने खाया।
4	गौ को खेत से निकाल दो।	गाय को खेत से निकालने के लिए।
6	और हे भारत ! तमोगुण को अज्ञान से उत्पन्न जानो; जो समस्त देहधारियों (जीवों) को मोहित करने वाला है। वह प्रमाद, आलस्य और निद्रा के द्वारा जीव को बांधता है।।	हे भारत! तुम ज्ञान के द्वारा समस्त प्राणियों को मोहित करने वाले उस मोह को जानो, जो अपस्मार के कारण होने वाले निद्रा से रहित है।।
7	सभा में राज्यों के विधानसभा चुनावों के बारे में भी चर्चा हुई।	सभा में राज्यों के विधानसभा चुनाव के बारे में भी चर्चा हुई।
12	और रथ के पहियों के निशान को देखते हुए वह सभी अयोध्यापुरी में लौट आये तथा प्रतिदिन हहय में राम और सीता का ध्यान करते हुए वहाँ रहने लगे ॥	रथ के पास जाने का मार्ग देखते ही तुम नगर को जाओ। मेरे हृदय में श्रीरामचन्द्रजी हैं, मैं तुम्हारे चरणारविन्दों का ध्यान कर रहा हूँ॥
10	परन्तु तत्त्वज्ञानी पुरुष सभी रूपों में केवल तुम ही देखते है'यह अच्छा है।	परन्तु तत्वज्ञानी पुरुष सभी रूपों में केवल तुम्हें ही देखता है "यह अच्छा है।
9	चित्रोतलंम से पहले चलचित्र के तारकवर्ग के विषय पर निरन्तर वार्ता होती है।	चित्रोतलंघन शुरू होने से पहले चलचित्र के तारा वर्ग के बारे में लगातार खबरें आती हैं।
9	वास्तव में विपक्षी दल के सदस्य गोमय को लेकर विधानसभा परिसर में पहुंचे थे।	वास्तव में विपक्षी सदस्यों ने गोवा में विधानसभा परिसर में प्रवेश किया था।
8	विभा - "रेल से उतर रहा है" ऐसे बोलो ।	विभा-"रेल से उतरता है" ऐसा बोलो।
6	वे सभी धर्मशाला में रहेंगे।	वे सभी धर्मशाला में निवास करेंगे।
9	मैं क्या करूँ ? आज विचार ही उत्पन्न नहीं हो रहे हैं ।	मैं-क्या करूँ? आज विचार नहीं होते हैं।
14	उद्योग मंत्री हर्षवर्धन चौहान ने कहा कि राज्य सरकार द्वारा राज्य में औद्योगिकीकरण को बढ़ावा देने के लिए निवेश अनुकूल वातावरण बनाने के लिए महत्वाकांक्षी पहल की गई हैं।	उद्योग मंत्री हर्षवर्धन चौहान ने कहा कि राज्य सरकार राज्य में औद्योगिकीकरण को बढ़ावा देने के लिए निवेशक अनुकूल वातावरण बनाने के लिए महत्वाकांक्षी पहल कर रही है।
8	वे बोलते हैं – तिल के लड्डू खाओ, मीठा मीठा बोलो..!!	वे बोलते हैं-तिल का मोर खाओ, मीठा मीठा बोलो..!!
3	मोहन चटाई पर बैठा है |	मोहन आसन पर बैठता है।
7	हालांकि तीन साल के समय का आवंटन बढ़ाकर किया गया।	हालाँकि, यह तीन वर्षों के समय के निवेश को बढ़ाकर किया गया है।
6	दिल्ली के उपमुख्यमंत्री मनीष सिसोयी को फरवरी में गिरफ्तार किया गया है.	दिल्ली नगर के उपमुख्यमंत्री मनीष सिसोदिया को फरवरी में गिरफ्तार किया गया था।
6	अभियुक्त शिक्षक को ग्रहण करने के लिये पुलिस बल व्यस्त है।	पुलिस बल अभियुक्त शिक्षक को लेने में व्यस्त है।
4	पुत्र की पत्नी बहू ।	पुत्र की पत्नी बहू।
4	इस खेत में क्या बोते हैं।	इस में क्या बोते हैं?
6	इस प्रकार, 1,200 लड़कियाँ जहरीली गैस के प्रयोग से पीड़ित हुईं।	इस प्रकार विष वायु के प्रयोग से 1200 बालिकाएँ क्लेशित हुईं।
6	मेरे घर पीतल की थाली है	मेरे घर पीतल की थाली है।
7	उचित अनुचित का विचार कर के ही कर्म करना चाहिये।	उचित अनुचित सोचकर ही कार्य करना चाहिये।
12	क्रिकेट जगत में केवल वर्षों तक स्वर्ण युग मुजफ्फरपुर रहा है उसी प्रकार पूरा बिहार गौरवपूर्ण है।	क्रिकेट जगत में केवल वर्षों तक ही स्वर्णयुग मुजफ्फरपुर है उसी प्रकार पूरा बिहार गौरवपूर्ण है।
8	नए नियमों में उन्मत्त लोगों की हत्या के संदर्भ में मृत्युदंड की व्यवस्था की गई है।	नए नियमों में उन्मत्त लोगों के द्वारा हत्या के संदर्भ में मौत की सजा की व्यवस्था है।
18	राष्ट्रपति भवन में पूर्व राष्ट्रपति प्रणबमुखर्जी के लिए राष्ट्रपति ने द्रौपदी मुर्मू को राष्ट्रपति भवन में पुष्पञ्जालि दी कि वह समाचार अनुसार इस फिल्म की कथा लिख रही हैं।	समाचार के अनुसार, निधि दत्ता वर्तमान में चलचित्र की पटकथा लिख रही हैं राष्ट्रपति पद की द्रौपदी मुर्मू ने राष्ट्रपति भवन में पूर्व राष्ट्रपति प्रणब मुखर्जी की जयंती पर पुष्पञ्जलि अर्पित की।
21	प्लवगोत्तम हनुमान् तब सीता का सौम्य मुख देखकर राम के सभी वचनों को सुनने लगे हे देवी ! ससुग्रीव सलक्ष्मण जी शत्रुओं का नाश करने वाली राम कुशल है।	प्लवगोत्तम हनुमान तब सीता के सौम्य मुख को देखकर राम के सभी वचनों को कहने लगे हे देवी! ससुग्रीव सलक्ष्मण शत्रुविजयी राम कुशल हैं।
1	पदध्वनि सुनी गई।	पैरों की आवाज सुनता है।
9	जो मन परिसर को सुगन्धित करता है उसका नाम परिमल है।	जिस सुगन्ध से मन और परिसर सुगन्धित होते हैं, उसी सुगन्ध का नाम निर्मल होता है।
5	अतिथि बहुत समय तक घर में रुका	अतिथि बहुत समय तक घर में रहा।
15	सबका प्रेम से व्यवहार करो और सबको प्रेम प्राप्त करो यह पुनर्जन्म नहीं है इसलिये तुम किसी भी कारण से कष्ट न करो।	सबका प्रेम से व्यवहार करो, सभी का प्रेम प्राप्त करो, यह पुनर्जन्म नहीं है, क्योंकि किसी को कष्ट न करो।
4	मैं जल्दी स्वस्थ हो जाऊँगा	मैं शीघ्र ही स्वस्थ हो जाऊँगा।
8	जयश्रीराम के नारे और गीता के साथ रहने के कारण सब जगह आनन्द है।	जयशंकरराम के नारे और गीत संगीत के कारण सब जगह आनंद है।
2	हे मुनि	हे मुनि
4	अभी मैं भुजं जाता हूँ।	अभी मैं भुज जा रहा हूँ।
20	पिता जिस रास्ते से गये, उसने दादा के रास्ते को अनुसरण किया, उसी रास्ते से प्रत्येक व्यक्ति को चलाना चाहिए, यह कुल का पारंपरिक नियम है।	पिता जिस मार्ग से गया था, दादाजी के मार्ग का ही अनुसरण किया होगा, उसी मार्ग से प्रत्येक व्यक्ति को आगे बढ़ना चाहिए, यह उस कुल का पारंपरिक नियम है।
6	किसी प्रकार उसने अपने पात्र को घर के अंदर ले लिया।	किसी प्रकार वह अपने पोते को घर के अंदर ले गया।
1	वे दो	वे दोनों
5	मेरे पर्स में पाउडर नहीं है ।	मेरे थैले में सुगन्ध नहीं है।
9	ओह , आप रात में संस्कृत में ही सपना देखते हैं	ओह, आप रात में संस्कृत में ही सपना देखते हैं।
5	कौरवपाण्डव के युद्ध के बाद भी संस्कृत थी।	कौरवपाण्डवों के युद्ध के बाद भी संस्कृत थी।
3	मत जाओ ।	मत जाओ।
8	अतिथियों का स्वागत प्रांतमंत्री डॉ. चंद्रप्रकाश ने किया।	अतिथियों का स्वागत प्रांत मंत्री डॉ. चंद्रप्रकाश उप्रेती ने किया।
4	वर्षा की प्रतीक्षा कर रहे हैं	वर्षा की प्रतीक्षा करते हैं।
10	विद्वान कहते हैं की शिक्षा, व्याकरण, छन्द, निरुक्त, ज्योतिष, कल्प वेदों के छः अंग होते है।	विद्या, व्याकरण, छंद, निरुक्त ज्योतिष, कल्प का जल, वेद का कर्मनिषी लोग।।
12	वह गुरुकुल है? गुरुकुल जिसमें हम लोग पढ़े थे, मैं और हरिराम, अब वह नहीं है।	गुरुकुल वह है? जिस गुरुकुल में मैं और हरिराम दोनों ही रहते हैं, वह आज नहीं है।
3	वह मुझसे पूछता है।	वह मुझसे पूछता है।
7	वह फूल जब कच्चा होता है तब काटा जाता है।	वह फूल जब पका जाता है तब काट दिया जाता है।
4	देवर भाभी के चरण छूता है।	देवर भैया के चरण छू रहा है।
7	कोई भी जिज्ञासु में प्रवेश पा सकता है।	कोई भी जिज्ञासु उसमें प्रवेश कर सकता है।
5	दादा पौत्र को पत्र लिखाता है।	दादाजी पोते को पत्र लिखते हैं।
1	कहां से	कहाँ से
1	कमण्डलु	कुण्डली
4	तुम सबके द्वारा दान दिया जाय ।	तुम लोगों को दान दीजिये।
10	वह सीता मैथिली, वैदेही, द्रौपदी, पाञ्चाली, येज्ञसेनी इत्यादि अनेक नामों से विख्यात हैं।	वह सीता मैथिली, वैदेही, द्रौपदी पांचाली, यज्ञसेनी इत्यादि अनेक नामों से प्रसिद्ध हैं।
6	अतिअहिंसावाद के कारण लोग कायर बन रहे थे।	अत्यधिक अहिंसा के कारण लोग कायर होते थे।
5	श्ज इसके मरने का समय आया ऊपर को श्वास के चलने से।	इस प्राण के मृत्यु के समय में वह ऊपर ही रहता है।
8	पर्यटकों ने अपने मोबाइल फोन से महानाटमी को पकड़ कर स्वभाव चित्र लिया।	पर्यटकों ने अपने मोबाइल फोन पर महानाटी पकड़कर स्वाभाविक चित्र लिए।
1	निर्माण करते हैं	बनाते हैं
1	निन्दा	निन्दा
11	भारत ने महिला ट्वेंटी-20 एशिया कप के फाइनल में श्रीलंका को हराकर सातवीं बार खिताब जीता।	महिलाओं की बीस-भारत ने एशिया कप क्रिकेट टूर्नामेंट के फाइनल में श्रीलंका को हराकर सातवीं बार ताज पहनाया।
20	पूर्व मंत्री प्रकाशचौधरी ने गुरुवार शाम को सोशल मीडिया पर इस जानकारी का प्रसार किया, इसके बाद शुक्रवार सुबह उसके घर में कार्यकर्त्ताओं का समागम हुआ।	पूर्व मंत्री प्रकाशचौधरी ने गुरुवार शाम को समय के अंत में सोशल मीडिया पर यह सूचना प्रसारित की, उसके बाद शुक्रवार सुबह उनके घर में कार्यकर्त्ताओं का समागम हुआ।
13	पिछले तीन दिनों से राजौरी और पुंछ के सीमावर्ती जिलों में फोन- इंटरनेट-सेबें लग गई हैं.	पिछले तीन दिनों से राजौरीपंख और सीमापार जिलों में फोन-इंटरनेट-सेवाएं निलंबित कर दी गई हैं.
19	इसलिये यदि तुम मेरे गुणों को याद करते हो तो जब तक मेरा शत्रु नहीं आता, जल्दी से मेरी रथ ले जाइये और युद्ध के मैदान में जाइये।	इसलिये यदि तुम मेरे गुणों को याद करते हो तो जब तक मेरा शत्रु नहीं हटता तब तक जल्दी से मेरे रथ को लेकर रणभूमि को जाओ।
8	ऋषियों के द्वारा वेद मंत्रों की व्याख्या, समीक्षा और भाष्य किया जाता था।	ऋषिगण वेदमन्त्रों की व्याख्या, समीक्षा और भाष्य करते थे।
9	उसी क्रम में और बीच में स्नातक पद और स्नातकोत्तर उपाधि प्राप्त हुए।	उसी प्रकार क्रमशः और बीच में स्नातक डिग्री और स्नातकोत्तर डिग्री प्राप्त की।
16	लघुपतनक बोले मैंने सब सुन लिया है। फिर भी मेरा इतना निश्चय है कि तुम्हारे साथ मित्रता अवश्य करूँगा, नहीं तो अनशन द्वारा (भोजन न करके) अपने आप को समाप्त कर डालूँगा। जैसा कि -	लघुपतनक बोला-- मैंने सब कुछ सुना है, फिर भी मेरा चित्त तुम्हारे साथ मित्रता करने का है, नहीं तो मैं अपने आपको मार दूंगा। क्योंकि -
14	राज्य के नए पुलिस महानिदेशक कौन बनेंगे, यह माना गया था कि निर्णय मंगलवार शाम तक कर लिया जा सकता है।	राज्य के नए पुलिस महानिदेशक कौन होंगे के बारे में निर्णय मंगलवार शाम तक किया जा सकता है।
1	दानकर्ता	मित्र
7	लेकिन अभी तक किसी ने जिम्मेदारी नहीं ली है.	लेकिन आज तक उसकी जिम्मेदारी किसी ने नहीं ली।
3	फिर कब मिलेंगे।	फिर कब मिलेंगे?
6	वहाँ प्रातः और सायं यज्ञ होता है।	वहाँ सुबह शाम यज्ञ होता है।
6	पेंसिल छील कर वह सुंदर चित्र बनाता है।	पेंसिल तीखी करके वह सुन्दर चित्र बनाता है।
11	विश्वविद्यालयपक्ष से आचार्य राजेश शर्मा, डॉ. राकेश कुमार शर्मा उपस्थित थे।	विश्वविद्यालय की ओर से आचार्य राजेश शर्मा, डॉ. राकेश कुमार शर्मा उपस्थित थे।
13	हे मित्र ! तुमने मुझे पूजा है, मेरा कर्तव्य और कर्म भी समाप्त हो गया।	हे मित्र! तुम ने मुझे पूजित किया है, मेरा कर्तव्य कर्म भी समाप्त हो गया।
17	कार्यक्रम में राज्य चुनाव के लिए चंद्रशेखरभट्ट, चुनाव मंत्री दिलीपवालकर, मुख्य चुनाव अधिकारी डॉ. वी. षणमुगम, अपरमुख्य चुनाव अधिकारी विजय कुमारजोगदंडे और मुख्य शिक्षा अधिकारी श्री दशेशचंद्र गौड़ आदि अधिकारी उपस्थित थे।	कार्यक्रम में राज्य चुनाव के लिए नियुक्त चंद्रशेखरभट्ट, चुनाव के सचिव दिलीप जवालकर, मुख्य चुनाव अधिकारी <डॉ.वी]. षणमुगम, अन्य मुख्य चुनाव अधिकारी विजय कुमारजगड्डे, मुख्य शिक्षा अधिकारी श्रीदिनेश चंद्र गौड़ और अन्य अधिकारी उपस्थित थे।
10	श्रीकण्ठ बोला—”मित्र! तुम्हारे वचनों को सुनकर मेरे मन में बहुत प्रसन्नता हुई।	श्रीकण्ठ बोला-"मित्र! तुम्हारे वचनों को सुनकर मेरे मन में बहुत खुशी हुई।
3	मन्दिर में नगाड़ा ज़ोर से ध्वनि कर रहा है।	मन्दिर में ऊँची तलहटी है।
6	तो शीघ्र स्नान करते हैं क्या ?	तो फिर जल्दी स्नान किया जाता है न?
18	प्रधानमंत्री नरेंद्र मोदी''मन की बात''नाम नामक मासिक रेडियो कार्यक्रम में उन्होंने कहा कि सभी जिलों में महिलाओं को ताकत मिली है.	प्रधानमंत्री नरेंद्र मोदी "मन की बात" उन्होंने मासिक रेडियो कार्यक्रम में कहा कि सभी जिलों में महिलाओं ने शक्ति हासिल की है।
10	तुम एकमात्र सत्यस्वरूप हो, सबका आधार हो, कुछ भी स्वयं निराधार हो ।	तुम एकमात्र सत्यस्वरूप हो, सबका आधार हो, कुछ स्वयं निराधार हो।
10	श्री वसिष्ठजी एक केरल के त्रिशिवापुर जिले के इरिंगंगालकुटास में माधवगणित केंद्र द्वारा आयोजित एक बैठक में याद कर रहे हैं।	केरल के त्रिशिवपुर जिले के इरिंगलक्कुटा में माधवगणित केंद्र द्वारा आयोजित एक बैठक में श्री श्रीनिवासन इरिंगटापल्ली मंदिर में याद करते हुए।
1	हुआ हुआ	पूर्ण
4	विजिलेन्स के बारे में व्याख्यान सुन रहा हू	सतर्कता के बारे में व्याख्यान सुन रहा हूँ।
8	मैं पहले समझता था कि मैं ही शक्तिशाली हूँ।	मैं पहले मानता था कि मैं ही शक्तिशाली हूँ।
16	यह मन प्रखर ज्ञान से सम्पन्न, चेतनशील तथा धैर्य-सम्पन्न हैं समस्त प्राणियों के अन्तःकरण में अमर प्रकाश ज्योति स्वरूप है जिस के बिना कोई भी कर्म सम्पादन सम्भव नहीं है ऐसा मेरा वह मन श्रेष्ठ कल्याणकारी संकल्पों से युक्त हो।	हे मनुष्यो! यज्ञा, ज्ञान, चित्त, धैर्य और यज्ञा के अन्त में मनुष्यों में जो अमृत होता है, उसके फल में क्या कार्य किया जाता है, यह मन शिव का संकल्प करे।।
10	बाद में दिसंबर में राज्य में व्यापक पेटी को कार्यान्वित करने के लिए मार्ग दर्शक तैयार हो जायेंगे।	उसके बाद दिसंबर में राज्य में सार्वभौमिक पेटी को कार्यान्वित करने के लिए मार्ग दर्शक जारी किए जाएंगे।
6	यह सूत्रग्रन्थ शाकटायन शब्दानुशासन नामक ग्रंथ द्वारा रचित है।	इसका सूत्रग्रन्थ शाकतायान द्वारा रचित शाकतायान शब्दानुशासन है।
6	विमान को बिना किसी क्षति के ज़मीन पर उतारा गया।	विमान बिना किसी नुकसान के जमीन पर उतरा।
8	मानव विकास समिति के अध्यक्ष और कुलदीप पाठक सदस्य बनेंगे।	मानव विकास समिति के अध्यक्ष और कुलदीप पाठक सदस्य होंगे।
11	फिर विश्वविद्यालय का कुलगीत प्रस्तुत किया गया उद्घाटन सत्र में मुख्य अतिथि के रूप में राज्य के उच्च शिक्षा मंत्री डॉ. अरुण जेटली उपस्थित थेश्री मोहन यादव उपस्थित थे।	इसके बाद विश्वविद्यालय का कुल गान शुरू हुआ। उद्घाटन सत्र में मुख्य अतिथि के रूप में प्रदेश के उच्च शिक्षा मंत्री उपस्थित थे।
3	उसके बाद बीज बोउँगा ।	उसके बाद बीज बोऊँगा।
5	कोई भी व्यक्ति जिस भी पुस्तक को माँगता है।	जो कोई भी कोई भी पुस्तक मांगता है।
1	मेरी प्रसन्नता के कर्म अर्थात् श्रवण, कीर्तन।	मेरे कर्म में निपुण
15	उन्होंने कहा कि इसके साथ सरकार द्वारा बर्फ में लोगों को चिकित्सा उपलब्ध कराने का भीनिश्चय किया जाना चाहिए।	उन्होंने कहा कि इसके साथ सरकार ने हिमकेयर में लोगों को चिकित्सा मिलना भी सुनिश्चित करना चाहिए।
19	कैबिनेट ने कंगड़ा जिले की जिला स्तरीय चूंजसल्याना, लिदबारमेला, यूना जिले की हरोलली-बताया गया है कि बिलासपुर जिले के  घुमरवी क्षेत्र में ग्रीष्म उत्सव की राज्य स्तरीय मेले में उठाने के लिए मंजूरी दी गई है।	मन्त्रिमण्डल ने कांगड़ा जिले के जिला स्तरीय छिंजसल्या, लिद्बारमाला, उना जिले के हरोली-उत्सव और बिलासपुर जिले के घुमरवी क्षेत्र के ग्रीष्मकालीन उत्सव को राज्य स्तरीय मेला में बढ़ावा देने के लिए मंजूरी दी।
6	तब वैदिक संस्कृति का सब जगह चलन था।	तब वैदिक संस्कृति सब जगह प्रचलित थी।
6	आज वे अपने अपने संस्कृत शिक्षक को याद कर रहे हैं।	आज वे अपने अपने संस्कृत शिक्षक को याद करते हैं।
1	किन सबका	कौओं को
6	शालिसा धाम्या ने भारतीय वायुसेना में नया करियर बनाया है।	भारतीय वायुसेना में शालिसा धामी ने एक नया चरित्र बनाया है।
2	आप हैं ।	आप हैं
12	तुम मेरे पुत्र हो !! तुम्हारे पिताजी ने नहीं रोया, तुम पुत्र नहीं बन गये हो।	तुम मेरे पुत्र हो!! पिता तुम्हारे अधीन नहीं हैं, न ही तुम पुत्रकुल में पैदा हुए हो।
4	उपदेश आज कहाँ है?	आज सलाह कहाँ है?
7	वह कैसे अभ्यास करती है , देखिये ।	वह कैसे अभ्यास करती है, देखें।
10	मुख्यमंत्री ने कहा कि बिजली महान देव-रोपवे-निर्माण के लिए केंद्र-राज्य सरकारों के बीच ज्ञापन पर हस्ताक्षर किए गए।	मुख्यमंत्री ने कहा कि बिजली महादेव-रोपवे-निर्माण के लिए केंद्र-राज्य सरकारों के बीच ज्ञापन पर हस्ताक्षर किए गए।
8	पिछले एक वर्ष सरकार ने तीन प्रतिज्ञा पूरी कर ली हैं।	पिछले एक वर्ष में सरकार ने तीन प्रतिज्ञा पूरी कर ली हैं।
7	भिक्षुक प्रत्येक व्यक्ति के सामने दीन वचन मत कहो।	भिखारी, हर रोज़ वचन मत बोलिये।
7	फिर द्विभाषीता, त्रिभाषा बोलने के विषय में कुछ छोटे-बड़े-कोषों का निर्माण किया गया।	बाद में द्विभाषीता, त्रिभाषीवाद आदि विषयों पर कुछ छोटे-बड़े कोष बनाए गए।
4	मेरे द्वारा कुछ भी नहीं लिखा गया।	मैंने कुछ भी नहीं लिखा।
5	किसान जाड़े में भी काम करता है।	किसान सर्दियों में भी काम करता है।
9	उसकी नाक के बाहर दो आँखों को रोशन करती हुई एक तस्वीर और हल्की सी मुस्कुराती हुई लिपस्टिक दिखाई दी	नासा ने एक तस्वीर जारी की है जिसमें दिखाया गया है कि दोनों आँखें धीमी हैं और बादल हैं।
6	वह निर्धनों से अधिक मूल्य नहीं लेता है।	वह निर्धनों से अधिक मूल्य नहीं लेता है।
3	हम दोनों यज्ञ करते हैं ।	हम दोनों यज्ञ करते हैं।
4	कुत्तों को दूर भगाता है	कुत्तों को दूर बुलाता है।
11	श्री मोदी ने गुजरात के राजधानी गांधीनगर में यह कहना आरम्भ किया-इसके दूसरा संस्कार-समारोह में उन्होंने कहा।	श्रीमोदी ने यह गुजरात के राजधानी गांधीनगर में "इन्फिनिटी फोरम" इसका दूसरा संस्करण-समारोह में कहा।
4	शारीरिक शिक्षकों के लिए नियुक्त किया गया प्राधान दिया जाता है।	शारीरिक शिक्षकों की नियुक्ति में वरीयता दी जाती है।
6	हालांकि, इस आमोद-प्रमोद के श्रीकृष्ण जन्मभूमि सेवा संघ को तोड़ दिया गया।	हालाँकि, इस सहत्य का श्रीकृष्ण जन्मभूमि सेवा संघ भंग हो गया।
14	भारतीय-उद्योग-दूतावास, अनेक मंत्रालय, साहित्यिक-कादमी और शैक्षणिक संस्थानों में व्याख्यान के लिए डाॅ कविता भट्ट लगातार आमंत्रित की जाती है।	भारतीय-उच्चायोग-दूतावास, अनेक मंत्रालय, साहित्यिक-अकादमी और शैक्षणिक संस्थान आदि में व्याख्यान के लिए डॉ. कविता भट्ट को लगातार आमंत्रित किया जाता है।
4	तुम सब ने लौकी का हलुआ पकाया।	तुम सब ने आलू का रस निकाल दिया।
6	आपको यज्ञका शिर जोडना चाहिये ॥	आपके भय से यज्ञ करना चाहिए और सिर को जोड़ना चाहिए।
1	धमनी	सिर
4	प्रतिभावान छात्र दिवंगत हो गए।	प्रतिभासम्पन्न छात्र दिवंगत हो गए।
10	ब्राह्मण अतिथि अग्नि का सदृश घर में प्रवेश करता है। उसकी इस प्रकार से (चरण धोने हेतु जल देकर) शान्ति करते हैं। हे यम जल ले जाइये।	इस संसार में रहने वाले मनुष्य अपने घरों में प्रवेश कर जाते हैं। इस संसार में रहने वाले हर मनुष्य को इस प्रकार शान्ति प्रदान करते हैं।
4	बच्ची वृद्धा को पानी देती है।	बालिका वृद्धा को जल देती है।
3	ये दोनों का अभिप्राय समान है।	दोनों का अभिप्राय समान है।
5	शाम को छः बजे वह भोजन करता है ।	शाम छः बजे वह भोजन करता है।
8	जो जो मैं बोलती हूँ वो वो तुम बनाओ ।	माँ जो जो मैं बोलती हूँ वही बनाओ।
4	प्रतिदिन आपके पाठ पढ़ता हूँ।	प्रतिदिन आपके पाठ पढ़ता हूँ।
6	पहले रणधीर शर्मा ने चर्चा में भाग लिया।	पहले रणधीर शर्मा ने चर्चा में भाग लिया।
1	रास्ता ।	पंक्ति
5	मामलों का विषय गोपनीय था.	मामलों की जांच गोपनीय रूप से की गई थी।
10	1 दिसंबर को इस फिल्म की विज्ञापन बुक प्रदर्शित होगी, ऐसा कहा गया था।	कहा जाता था कि 1 दिसंबर को इस फिल्म का विज्ञापन बुक प्रदर्शित किया जाएगा।
11	प्रधानमंत्री ने कहा कि भारत के विदेशियों के भाषा शिक्षण क्षेत्रों में श्रीराव गुरु का योगदान बहुपक्षीय है।	प्रधानमंत्री ने कहा कि भारत की विदेश नीति और भाषा शिक्षा के क्षेत्रों में श्रीराव गुरु का योगदान बहुपक्षीय है।
8	संसार में सर्वोच्व सत्ता ब्रह्म है जिसने प्रत्येक वस्तु को वश में कर दिया है।	संसार का सर्वोच्च सत्ता ब्रह्म है जिससे प्रत्येक वस्तु का परिणाम होता है।
8	मंगलवार को मुख्यमंत्री अखिलेश जी पाठक के बारे में नाराज हुए।	मंगलवार को मुख्यमंत्री अखिलेश केके पाठक के बारे में क्रोधित हुए।
1	प्रवाह	वेग
9	जो प्राणी अहंकार रहित, शान्त स्वभाव, रागद्वेष रहित, मृतपिण्ड पाषाण और सुवर्ण में समदृष्टि है, जो प्राणी आप में मन और बुद्धि रखकर सदा सन्तुष्ट रहता है तथा अपना सम्पर्ण कर्म आपको समर्पण करता है, उसका मन आपका शुभ घर है ॥	जो निरहंकारी हैं, जो शान्त हैं, जो रागद्वेष से रहित हैं, जिनके हृदय में कमल के समान पत्थर हैं, वे ही घर हैं।।
7	वर्ष 1977 में उनका नाम मैंने सुना था।	सत्ताईसवें वर्ष में मैंने उसका नाम सुना।
10	वहां आदि महाविद्यालय के छात्रों ने वैदिक मंगलाचरण किया, सरस्वती वंदना भी की गई।	वहाँ आदि महाविद्यालय के छात्रों ने वैदिक मंगलाचरण किया, सरस्वती वंदना भी की।
2	मैं ले जाती हूँ।	मैं ले जाता हूँ।
7	उस लड़के को देख कि वह क्या कर रहा है।	उस लड़के को देखो, वह क्या कर रहा है?
1	स्वशासन'	राज्य
7	इस प्रकार सुविज्ञ होकर हनुमान भीम के मार्ग पर जाकर सो गया।	इसी प्रकार सुविज्ञ होकर हनुमान भीम के मार्ग में जाकर सो गया।
5	नए घर में रसोई बड़ी है।	नए घर में रसोई बड़ी है।
1	गुस्सा करनेवाला	क्रूर
5	वह खड़े होकर भोजन नहीं पकाती है।	वह खड\u093Cी होकर भोजन नहीं बनाती है।
8	जिनको मनुष्य चलाते हैं वे छोटी  नौका और जो बड़ी होती हैं वे वायु आदि से चलाई जाती हैं उन के अश्वतरी और श्यामकर्श्व श्दि नाम हैं।	जो पुरुष चलाते हैं वे शत्रु हैं, जो इस प्रकार के बाणों को भी पालते हैं, वे ताशा, त्रिशमा और अश्वा नाम के हैं।
13	मुख्यमंत्री के समक्ष सूची भी दी गई, लेकिन आज तक इस मामले में कोई पद नहीं लिया गया है.	मुख्यमंत्री के समक्ष सूची भी दी गई, लेकिन आज तक इस विषय में कोई भी पद नहीं लिया गया है।
8	संजय ने कहा -- इस प्रकार मैंने भगवान् वासुदेव और महात्मा अर्जुन के इस अद्भुत और रोमान्चक संवाद का वर्णन किया।।	संजय ने कहा-- मैं वासुदेव और पार्थ का महात्मा हूँ। यह संवाद एक अद्भुत रोमहर्षण है।
8	कभी भी भारत की संस्कृति का नाश नहीं होगा।	कभी भी भारत की संस्कृति नष्ट नहीं होगी।
1	आजकल	अब
3	पाचिका वड़े तल रही है।	पका हुआ बकरे तलता है।
8	बहुत मिर्च है ? मिर्च से क्या कर रही हो ?	बहुत मिर्चियाँ हैं न? मिर्च क्या करती है?
13	आग पर काबू पा लिए जाने के बाद आस-पास के इलाकों में स्कूलों को बंद कर दिया गया, लेकिन जहरीले धुएं के उत्सर्जन से होने वाली बीमारियाँ कम नहीं हुईं।	आग पर नियंत्रण के उपाय किए जाने के बावजूद जहरीले धुएं के प्रसार से उत्पन्न अस्वस्थता कम नहीं हुई, इसलिए पास के इलाकों के स्कूलों में छुट्टी की घोषणा की गई है।
6	आप काम कब करेंगे ?	आप काम कब करेंगे?
5	यह चित्र किसी पाठशाला का है।	यह चित्र किसी पाठशाला का है।
6	संसार के रूप में समुद्र में नौका के रूप में सुरक्षक तुम ही हो ।	संसार के रूप में समुद्र में नाव का रूप धारण करने वाला रक्षक तुम ही में रहता है।
3	वह मुझसे पूछता है।	वह मुझसे पूछता है।
3	संन्यासिनः अपि।	संन्यासी लोग भी कठोर भाषण से नाराज हैं।
14	महाोदर, विरूपाक्ष, प्रह्लाद, दुर्धर्ष, देवेन्द्र, मानवेन्द्र, त्रिशिराक्ष और धूम्रक्ष का अतिक्रमण करने पर आप इन्द्रजित की किसलिए प्रशंसा करते हैं?	महोदर, विरूपाक्ष, वश में दुर्बुद्धि, देवन्ता, नरन्ता, त्रिशिरा और धूम्रक्ष को पार करके आप इन्द्रजित की प्रशंसा क्यों करते हैं?
6	क्षेत्र में सैटेलाइट सर्वेक्षण के बाद ही लोगों को सुरक्षित स्थान पर ले जाया गया।	क्षेत्र में उपग्रह सर्वेक्षण के बाद ही लोग सुरक्षित स्थान पर ले जाया गया।
4	इसके बाद तपस्या करता हुआ तपोदत्त प्रवेश करता है)	तपस्वी तपदत्त वहाँ से प्रवेश करता है।
16	हर साल इसी वर्ष मध्य प्रदेश की राजधानी भोपाल में संस्कृति बचाओ का मंच के आश्रय में टूर्नामेंट का आयोजन किया गया।	हर साल की तरह, इस वर्ष भी मध्य प्रदेश की राजधानी भोपाल में संस्कृति बचाओ मंच के आश्रय में अद्वितीय क्रिकेट प्रतियोगिता का आयोजन किया गया।
1	सफेद बाल	पीला
11	यदि पुरुष ब्रह्महत्यादि पापों से अपना उद्धार करना चाहता है, तो रामगीता का एक मास तक पाठ करने पर पापों से रहित हो जाता है ॥	ब्रह्महत्या आदि पापों से मुक्ति चाहता है तो रामगीता को केवल एक मास तक पढ\u093Cकर मनुष्य मुक्त हो जाता है।
3	उसने प्रश्न पूछा	उसने प्रश्न पूछा।
9	वैभव – अरे परमिन्दर्! क्या तुम भी बिजली के अभाव से पीड़ित होकर बाहर आ गए हो?	वैभव-अरे परमेन्दर! तुम भी बिजली के भाव से पीड़ित होकर बाहर आ गए हो?
9	उन्हें परसंस्कृति बहुत पसंद है, न स्वसंस्कृति ।	कारण उनके लिए परसंस्कृति अधिक पसंद है या अपनी संस्कृति नहीं।
7	संस्कृत सम्वाद नहीं होता है तो सुख अनुभव नहीं करता हूँ।	संस्कृत सम्वाद नहीं होता है तो सुख अनुभव नहीं करता हूँ।
6	तिब्बती समुदाय के लोग अपने घरों की सफाई में व्यस्त हैं।	तिब्बती समुदाय के लोग अपने घरों का सौंदर्य बनाने में व्यस्त हैं।
8	साथ ही ब्लॉक-जिला-राज्य-स्तरों के अधिक छात्रों ने भी भाग लिया।	साथ ही खंड-जिला-राज्य-स्तरों में अधिक से अधिक छात्रों ने भी भाग लिया।
7	मध्य प्रदेश में लगभग द्वितीय तृतीयांश बहुमत के साथ भाजपा सत्ताधारण कर रही है।	मध्य प्रदेश में लगभग दूसरे और तीसरे स्थान पर भाजपा सत्ता में है।
20	जम्मू-कश्मीर का सैन्यबल-महानिदेशक आर.एसआप ने कहा कि 9 दिसंबर को घर लौट रहे मोहम्मद हफीज-चाचा पर आतंकवादी हमलों ने हमला किया.	जम्मू-कश्मीर के सैन्य बल-महानिदेशकः <आर.आर]. स्वैन ने कहा कि नौ दिसंबर को घर लौट रहे मोहम्मद हफीज-चक पर आतंकवादियों ने हमला कर दिया।
4	जहाँ कहीं पर भी जाता हूँ	जहाँ कहीं भी जाता हूँ।
1	पुत्री	पत्नी
3	कौन पढ़ाता  है ?	कौन पढ़ाता है?
3	निर्देश के अनुसार परिवर्तन करो	निर्देशानुसार परिवर्तन करिये।
7	पोता - यहाँ आवाज़ कभी नहीं होती है ।	पोता-यहाँ शोर कभी नहीं होता।
9	व्यक्तियों का दृढ़ संकल्प सब कार्य सिद्ध करने में सक्षम है। लोकतन्त्र में कुछ भी हो गया है.	व्यक्ति का दृढ़ संकल्प सब कुछ सिद्ध करने में समर्थ है। लोकतन्त्र में कुछ भी सम्भव नहीं है।
6	आज एक बालक का नामकरण कराना था।	आज एक बालक का नामकरण करना था।
10	संस्कृत भारती के प्रांतीय समन्वय मंत्री गौरव शास्त्री, डॉ. अरविन्दनारायण मिश्र ने संस्कृत भारती ग्रन्थ को लॉन्च करके बधाई दी।	संस्कृत भारती के प्रांतीय संगठन मंत्री गौरव शास्त्री, डॉ. अरविन्दनारायण मिश्र ने संस्कृत भारती ग्रन्थ प्रस्तुत करके बधाई दी।
3	वह उस कुएं में स्नान करता है।	वह उस कुएं में डूबता है।
1	पूजन करते हैं।	यज्ञ करते हैं
3	वह विश्रामघर है।	वह विश्रामगृह है।
8	ये वस्तुएँ बनाने में प्रायः एक सप्ताह होता है।	ये वस्तुएँ बनाने में लगभग 1 सप्ताह लगता है।
18	जैसे आम आदमी नगर में दुकानों पर अनाज बेचते थे, वैसे ही इस देश के लोग रत्नों, वज्रों कोाशी करके उनका बेचना करते थे।	शहर के बाजारों में जैसे आम व्यापारी धान बेचते थे, वैसे ही इस देश के व्यापारी रत्न और वज्र इकट्ठा करके बेचते थे।
4	दोनों पुत्र धन भेजते हैं।	दो पुत्र धन भेजते हैं।
9	वहीं बुधवार दोपहर 12 बजे प्रधानमंत्री नरेंद्र मोदी लक्षद्वीप के कवरती पहुंचेंगे.	वहीं बुधवार दोपहर 12 बजे प्रधानमंत्री नरेंद्र मोदी लक्षद्वीप के कवरत्ती पहुंचेंगे।
1	आकाश	गाय
16	वह 75 वर्ष के थे. वह संयुक्त राज्य अमेरिका की एक छोटी यात्रा पूरी करने के बाद मार्च के पहले दिन वापस लौटे''न्यूमोनिया''बुखार के कारण उनका तीन सप्ताह से कोच्चि के एक अस्पताल में इलाज चल रहा था।	75 वर्ष का था। वह 1 मार्च को अल्पकालिक अमेरिकी यात्रा के बाद लौट आया "न्युमोनिया" वह बुखार से तीन सप्ताह तक कोच्चि के एक अस्पताल में भर्ती थे।
4	मूत्रके क्षयमें वस्तिस्थान में दरद ( पीडा) और अल्प सूत्र हो ॥	सूतकी क्षीणता होनेपर अति अल्प मूत्र होता है॥
4	हाँ! मैं योगाभ्यास करती हूँ।	हाँ! मैं योग का अभ्यास करता हूँ।
9	जो प्राणी अहंकार रहित, शान्त स्वभाव, रागद्वेष रहित, मृतपिण्ड पाषाण और सुवर्ण में समदृष्टि है, जो प्राणी आप में मन और बुद्धि रखकर सदा सन्तुष्ट रहता है तथा अपना सम्पर्ण कर्म आपको समर्पण करता है, उसका मन आपका शुभ घर है ॥	जो निरहंकारी हैं, जो शान्त हैं, जो रागद्वेष से रहित हैं, जिनके हृदय में कमल के समान पत्थर हैं, वे ही घर हैं।।
20	उसी समय अर्जुन गरुड़ शरणागत को धमकाकर पृथिवी पर प्रहार किया गया, जिससे स्वच्छ जलधारा एक बाहर निकल गई और जलधारा भीष्म के मुख पर गिरने लगी।	उसी समय अर्जुन ने गांदीव से एक शरमे को पकड़कर पृथ्वी पर प्रहार किया, जिससे स्वच्छ जलधारा एक बाहर निकल गई, जिस जलधारा ने भीम के मुख पर गिरना शुरू कर दिया।
9	वहाँ पर अग्नि को स्थापित करने के लिए विधि पूर्वक उसे प्रज्वलित करने के पश्च्यात अनेक रत्नों से विभूषित सीता को साथ लेकर महारानी सहित महाराज जनक जी कमलनयन श्रीरामचन्द्र के पास आये। 'श्रीरामचन्द्र का विधिवत् चरणों को धोकर तथा चरणोदक को उसी प्रकार अपने सर पर धारण किया जैसे शिव ब्रह्मा तथा मुनिजन सदा अपने मस्तक पर धारण करते हैं । ॥	तदनन्तर उसने अग्नि को यथाक्रम स्थापित कर अग्नि को प्रज्वलित किया और विभिन्न रत्नों से विभूषित सीताजी की शोभा को सुशोभित किया॥
9	हे पुत्र सुति! स्वप्न के लोक में प्रस्थान करने के लिए चल पड़ो। तालाब में, तुम गीता को सुती के लिए गाता हूँ।	स्वप्नलोक में जाने के लिए पुत्र! तपक में जाओ, पुत्र को गीत सुनाता हूँ।
4	उसने (दो) कानों में (एक-एक) भूषण (ज़ेवर) धारण किए।	उसने दोनों कानों में अलंकार धारण किये।
6	एक तो केवल खेल समाचार ही पढ़ता है।	एक तो केवल खेल समाचार ही पढ़ता है।
4	विविध रंगों के वस्त्र दिखाता है।	विविध रंगों के वस्त्र दिखाता है।
1	मामा	मामा
9	जब बालक बोलना शुरू करता है तब वह मातृभाषा का अनुकरण करता है।	जब बालक बातचीत शुरू करता है तब वह मातृभाषा का अनुकरण करता है।
4	शत्रु राजाओं से डरता है।	शत्रु राजाओं से डरता है।
2	निन्दक निन्दा करता है।	निन्दा करने वाला निन्दा करता है।
9	ऊर्जापूर्ति-समस्या से ग्रस्त जापान का चंद्रमा-लैंडर ने सप्ताह के बाद फिर से प्रक्षेपण शुरू किया।	ऊर्जापूर्ति-समस्या से ग्रस्त जापान का चंद्रमा-उतरने के एक सप्ताह बाद संचालन फिर से शुरू हुआ।
6	उनको पढ़ाने के लिए मेरे पास समय भी नहीं है।	उन दोनों के पढ़ने का मेरा समय भी नहीं है।
6	हम सभी पर्वतों पर चढ़ नहीं पाएँगे।	हम सभी पर्वतों पर चढ़ नहीं सकते।
12	ऐसे लोगों ने इस मौके के लिए इंटरनेट के माध्यम से पंजीकरण किया, और यह चल रहा है।	इतने लोगों ने इस समागम के लिए इंटरनेट के माध्यम से पंजीकरण किया, और यह चल रहा है।
9	मालिनी – परंतु यह तो कम उम्र की दिखाई देती है। क्या काम करेगी यह?	मालिनी-परमेशा तो छोटी लगती है। क्या काम करेगी?
1	वांछित	वांछित
19	स्मृति ईरानी सऊदी अरब देश के हज उम्ह मन्त्रि डॉ. तौफीक बिन-फौजन- अल-रबियाह के साथ द्विपक्षीय उपवेश भी करेंगे।	स्मृति ईरानी सऊदी अरब के हज उमराह मंत्री डॉ. तौफीक बिन-फोगान-अल-रबिया के साथ द्विपक्षीय बैठक भी करेंगे।
8	प्रकाशचौधरी ने सोशल मीडिया पर त्यागपत्र घोषणा कर दिया और यह मुद्दा गर्म हो गया।	प्रकाशचौधरी ने सोशल मीडिया पर त्यागपत्र की घोषणा की और विषय गरम हो गया।
14	मंगलवार को सदन में शुरू हुए वादविवाद का उत्तर देकर उसने उद्योग में देश की उपलब्धियों का भी गिन लिया।	मंगलवार को सदन में शुरू हुए विवाद का उत्तर देकर उन्होंने उद्योग में देश की उपलब्धियों की भी गणना की।
9	हे महाबाहो ! सत्त्व, रज और तम ये प्रकृति से उत्पन्न तीनों गुण देही आत्मा को देह के साथ बांध देते हैं।।	हे महाबाहो! अपने शरीर में देह के व्यय को वश में करने वाले गुणों को धारण करते हैं।
14	हे विष्णो! आकाश के साथ स्पर्श किये हुए देदीप्यमान अनेक रूपों से युक्त तथा विस्तरित मुख और प्रकाशमान विशाल नेत्रों से युक्त आपको देखकर भयभीत हुआ मैं धैर्य और शान्ति को नहीं प्राप्त हो रहा हूँ।।	आकाश के स्पर्श से, अनेक रंगों के प्रकाश से, विशाल नेत्रों के प्रकाश से और नेत्रों के प्रकाश से मैं व्याकुल होकर आपको देखता हूँ, मैं आपकी धैर्य और विष्णु की शान्ति को नहीं जानता हूँ।।
12	मुख्यमंत्री ने कहा कि राज्य सरकार विभिन्न क्षेत्रों में कृत्रिम मेधा के इस्तेमाल को सुनिश्चित करने के लिए बड़ी संख्या में काम कर रही है।	मुख्यमंत्री ने कहा कि राज्य सरकार विभिन्न क्षेत्रों में कृत्रिम चिकित्सा का उपयोग सुनिश्चित करने के लिए बड़े पैमाने पर काम कर रही है।
4	आज विद्यालय में गीत स्पर्धा थी।	आज विद्यालय में गीत स्पर्धा थी।
9	कांग्रेस नेता राहुल गांधी की भारतजोड़ ने शुक्रवार को उत्तर प्रदेश में न्याययात्रा शुरू की।	कांग्रेस नेता राहुल गांधी की भारत जोड़ी न्यायिक यात्रा शुक्रवार को उत्तर प्रदेश में प्रवेश की।
8	मुख्यमंत्री आयव्ययक की प्रस्तुति के बाद वे मीडिया के साथ बात कर रहे थे।	मुख्यमंत्री आयव्ययक की प्रस्तुति के बाद मीडिया के साथ बात कर रहे थे।
1	काँपना	कांपना
9	नई दिल्ली के कर्तव्यपथ में गणतंत्र दिवस पर लगभग छब्बीसकृतियां हिस्सा ले रही हैं।	नई दिल्ली के कर्तव्यपथ पर गणतंत्र दिवस पर लगभग 60 आकृतियाँ भाग ले रही हैं।
42	संयुक्त राष्ट्र की स्थायी प्रतिनिधि रुचिरा-कम्बोज: संयुक्त राष्ट्र-महासभा में उन्होंने कहा कि इजरायल-हमास में संघर्ष के कारण प्राणों और धनों को अत्यधिक नुकसान हुआ है, और मानवीय संकट पैदा हो रहा है। उन्होंने भारत की सबसे तेजी से स्थिति को सामान्य बनाने के लिए कोशिशों की चर्चा की, गाजा की मानवीय सहायता प्रदान करने की कोशिशों का जिक्र किया।	संयुक्त राष्ट्र में भारत की स्थायी प्रतिनिधि रुचिरा-कम्बोस संयुक्त राष्ट्र-संयुक्त राष्ट्र की महासभा में कहा गया कि इजराइल-हमास के बीच चल रहे संघर्ष से प्राणों और धन की बड़ी हानि हुई है, और मानवीय संकट भी पैदा हो रहा है। वह भारत की त्वरित स्थिति को सामान्य बनाने के लिए, गाजा की मानवीय सहायता प्रदान करने के प्रयासों का उल्लेख किया गया है।
1	जानने योग्य	जानने योग्य
15	अमृतगिल में आगामी लोकसभा चुनाव में मीडिया और संचारगति के अच्छे संचालन के लिए अखिल भारतीय कांग्रेस समिति और राज्य कांग्रेस समिति के बीच संचार के रूप में काम करेगी।	अमृतगिल आगामी लोकसभा चुनाव में मीडिया और संचार गतिविदों के अच्छे संचालन के लिए अखिल भारतीय कांग्रेस समिति और राज्य कांग्रेस समिति के बीच संचार के रूप में काम करेगा।
10	चयन समिति नामों को लघूसूची करके एक पटल बनाएगी और शीर्ष नेता को मंजूरी देगा।	चयन समिति नामों को छोटा करके एक पटल बनाकर शीर्ष नेताओं को मंजूरी के लिए भेजेगी।
4	आवेदक बिहार के स्थायी निवासी होने के योग्य है।	आवेदक बिहार का स्थायी निवासी हो सकता है।
10	मेघालय में कोनराड संगमा के नेतृत्व वाली नई कैबिनेट आज शपथ लेगी।	मेघालय में कोनराड सम्मा के नेतृत्व वाली नई कैबिनेट आज शपथ लेगी।
8	हे रघुश्रेष्ठ ! यह संसार आपकी माया का विलास है और मैं आपका ही अंश हूँ । अतः अपने चरणारविन्द की भक्ति मुझे देकर भव संकट से रक्षा कीजिये ॥	हे रघुश्रेष्ठ! आपके चरणारविभक्तिके उपदेशसे आप इस संसाररूपी संसारको शोक करते हैं॥
4	सत्संगति बुरे विचारों को दूर करती है।	संगतियाँ प्रश्नों को हटाती हैं।
4	प्रतीक – जरूर कहूँगा।	प्रतीक-अवश्य बोलूँगा।
3	संगति से क्या हो जाते हैं?	संसर्गजन्य कौन होते हैं?
9	सुरभि की इस दशा को देखकर देवताओं के राजा (इन्द्र) ने उससे पूछा- “अरी शुभ लक्षणों वाली! क्यों इस तरह रो रही हो? बोलो”।	सुरभी की स्थिति को देखकर सुराधिपति ने उससे पूछा-"हे शुभ! तुम ऐसा क्यों रो रहे हो? बोलो।"
3	बिल में हजार से अधिक चींटियाँ रहती हैं	बिल में हजार से अधिक चींटियाँ रहती हैं।
6	हिमाचल के उत्पाद भी लोगों को बहुत पसंद हैं।	हिमाचल के उत्पाद भी लोगों को बहुत पसंद आते हैं।
21	हा राम ! हा मेरे रघुवंश शिरोमणि! आप साक्षात् परम पुरुष परमात्मा मेरे गर्भ से जन्म लिए है, परन्तु दुःख ने मेरा पीछा नहीं छोड़ा। अतएव विधाता ही प्रबल है, ऐसा मेरा विचार है ॥	हा राम हा हा हे रघुबंशनाथ! तुम मेरे परम परात्मा हो। फिर भी मुझे विधिपूर्वक दुःख नहीं देता, क्योंकि मेरी मनिका बलवती है॥
8	पुस्तक के रूप में देने के बाद सराहनीय कार्य किया गया ऐसा उन्होंने कहा।	पुस्तक का रूप देकर सराहनीय कार्य किया है, उन्होंने कहा।
13	इन सभी प्रक्रियाओं के परिणामस्वरूप, इस प्रशिक्षण कार्यक्रम के लिए केंद्र द्वारा लगातार उपस्थित रहने वाले शिक्षकों को एक प्रमाण पत्र दिया जाता है।	इन सभी प्रक्रियाओं के परिणामस्वरूप, इस प्रशिक्षण कार्यक्रम का प्रमाण पत्र केंद्र द्वारा लगातार उपस्थित शिक्षकों को दिया जाता है।
5	वरुणा उसके विवाह के चित्र दिखा रही है ।	वरुणा अपने विवाह के चित्र दिखा रही है।
9	उस मन्त्री ने प्रजाओं को 'पेट तथा अंगों की कथा सुनाकर उनकी अनुकूलता प्राप्त कर ली।	वह माता प्रजाओं को "उदरवयों की कथा निवेदन करके उनका अनुकूल हो गया।
11	हिमाचल प्रदेश के सोलन जिले के कण्डाघाट में प्रवेशस्थान पर राष्ट्रीय राजमार्ग प्राधिकरण के माध्यम से बाबा भलकू- प्रवेश द्वार का निर्माण होगा।	हिमाचल प्रदेश के सोलन जिले के कंडाघाट में प्रवेश द्वार पर राष्ट्रीय राजमार्ग प्राधिकरण द्वारा बाबा भलकू-प्रवेश द्वार का निर्माण किया जाएगा।
16	रक्षा मंत्री राजनाथ सिंह ने कहा कि मामले की जांच के लिए आदेश जारी किया गया है और कि ऐसे आंतरिक मामलों में सभी को ध्यान देना चाहिए।	रक्षामंत्री राजनाथ सिंह ने कहा कि इस मामले में जांच का आदेश दिया गया है और इस तरह के संवेदनशील मामलों में सभी को सावधानी से सामना करना पड़ेगा।
8	सोशल मीडिया उपयोक्ता उस दक्षिण भारती वेष की प्रशंसा करते हैं।	सोशल मीडिया के इस्तेमालकर्ता उनके दक्षिण भारतीय वेष की प्रशंसा करते हैं।
8	केंद्र से आपदा राहत समूह की आग्रह के लिए सदन में चर्चा हुई।	केंद्र से आपदा राहत संकुल की मांग के लिए सदन में चर्चा हुई।
5	संस्कृत में ही अर्जुन को उपदेश दिया।	संस्कृत में ही अर्जुन को उपदेश दिया।
15	उन्होंने इस कार्य में विद्वानों के प्रयासों की प्रशंसा करते हुए कहा कि भारतीय अध्ययन के प्रसार में विद्वानों की महत्वपूर्ण भूमिका निभाई जाती है।	इस कार्य में विद्वानों के प्रयासों की प्रशंसा करते हुए उन्होंने कहा कि भारतीय अध्ययन के प्रसार में विद्वान महत्वपूर्ण भूमिका निभाते हैं।
1	पृथिवी को	पृथ्वी की
1	क्रुद्ध होकर।	क्रोध करके
6	तब पथिक बोला- दसवें तुम हो।	तब राहगीर बोला तुम दसवें हो।
18	हे धनान्ध मूढ! किसी आपत्तिग्रस्तको देखकर क्यों हँसता है? इसमें आश्चर्य ही क्या है, लक्ष्मी कहीं स्थिर थोड़े ही रहती है। अरे! इस घटीयन्त्र (रहट) के घटोंको नहीं देखता? जो खाली हैं वे भरते जाते हैं, जो भरे हैं वे खाली होते जाते हैं	आप सहसा हँस पड\u093Cते हैं, तो क्या आप द्रविड़, अन्ध, मूढ़ और लक्ष्मीको स्थिर नहीं देख सकते? देखो, घड\u093Cोंकी जंजीरोंके चक्रमें ये भौंरे भरते हैं, भरत और लक्ष्मण रिक्त हैं
4	एकतः ओषधीनां पतिः अस्तशिखरं याति एकतः अरुणपुरःसरः अर्कः आविष्कृतः, लोकः तेजोद्वयस्य युगपद् व्यसनोदयाभ्यां आत्मदशान्तरेषु नियम्यत इव।	वहाँ से सोया हुआ उठा हुआ शिष्य प्रवेश करता है।
3	अग्नि को समिधा समर्पित है।	अग्नि में स्नान किया।
8	जब वह हृदय के स्थान पर ही रहता है तब नामरूपी फल मिलते हैं।	जब वह हृदय स्थान पर ही रहता है तब नाम के रूप मिल जाते हैं।
5	किसानों के घरों में नया अन्न तथा नया धान्य आ जाता है।	किसानों के घरों में नया नया राशन आ रहा है।
8	आख्यानमूलकरचना रामायण को धारण करके''आदिकाण्ड'', भागवत को अनुसरण करके''राजसूय काव्य'' चेष्टा करता है।	आख्यान मूल रचनाएँ-रामायण पर आधारित "आदिकाण्ड", भागवत का अनुसरण करते हुए "राजसूय काव्य" यह कहते हैं।
9	श्रीकेजरीवाल जिला कार्यालय द्वारा इस महीने के छब्बीस तारीख को जांच के लिए बुलाया गया था।	श्रीकेजरीवाल को इस महीने की 26 तारीख को देखने के लिए निदेशालय द्वारा बुलाया गया था।
8	वह अध्ययन के साथ ही विभिन्नगतिविधियों में भी भाग लेने के लिए सबको प्रेरित कर रही थीं।	उन्होंने अध्ययन के साथ ही विभिन्न गतिविधियों में भी भाग लेने के लिए सबको प्रेरित किया।
7	राम के साथ लक्ष्मण भी वन को गया था।	राम के साथ लक्ष्मण भी वन गया था।
5	गुरु वाणी से ही उपदेश देते हैं ।	गुरु वाणी से ही उपदेश देते हैं।
13	अदालत की यह टिप्पणी उस याचिका पर थी जिसमें कहा गया था कि नफरत फैलाने वाले भाषण को रोकने के लिए अब कोई पर्याप्त कानून नहीं है।	कोर्ट की निगरानी एक याचिका में थी जिसमें कहा गया था कि द्वेषपूर्ण भाषणों को रोकने के लिए अब पर्याप्त नियम नहीं हैं।
3	आप कौन ?	आप कौन हैं?
5	कर्ण ने ने नेकुल को घायल कर दिया।	कान ने नेवले को घायल कर दिया।
1	दाँतों से	दाँतों से
1	यात्री	यात्री
4	कुत्ते उसके पीछे दौड़ते हैं।	कुत्ते उसके पीछे दौड़ते हैं।
1	हवा से	वायु का
7	पांडव लोमाश ऋषि के साथ तीर्थों के दर्शन के लिए चल पड़े।	लोमाश ऋषि के साथ पाण्डव तीर्थों को देखने के लिए निकले।
6	हे रोगी ! बाहय और दिव्य मुनि तथा राजऋषि और पर्वत तथा सब नदी और समस्त समुद्र तेरी रक्षा करो ॥	यह मुनि ब्रह्माजी के द्वारा दिव्य राजर्षि के रूप में जाना जाता है।
10	आमोद-प्रमोद के अनुसार वाणीकपूर रेड ने अजय के खिलाफ''कास्ट' किया।	पहुंचे समारोह के अनुसार वाणी कपूर ने रेड के लिए अजय के खिलाफ "कास्ट" किया।
13	हे यमराज! जिस सम्बन्ध में लोग यह संशय करते हैं (आत्मा मरने के बाद रहती या नहीं) उस महान आश्चर्यमय परलोक सम्बन्धी आत्मज्ञान के विषय में वह आप हमें बताइये। अत्यन्त गूढ़ बना हुआ जो वर है, उसे छोड़कर दूसरा वरदान नचिकेता नहीं माँगता ।	इस संसार में जिस मनुष्य की मृत्यु की चिकित्सा की जाती है, जो इस संसार में महान् ब्राह्मण है, जो इस संसार में गुप्त मन में स्थित नहीं है, उस मनुष्य की मृत्यु की गणना कैसे की जाती है?
10	अर्जुन ने शिकारी के प्रति क्रोधित होकर उस शिकारी को मारने के लिए बाण का प्रहार किया।	अर्जुन ने शिकारी के प्रति क्रोधित होकर शिकारी को मारने के लिये शर प्रहार किया।
12	जिस कुले में दम्पती और एकदूसरे पर प्रसन्न हैं, उस कुले में कल्याण सदा रहता है।	जिस कुल में जोड़े एक दूसरे से खुश हैं, उस कुल में कल्याण हमेशा रहता है।
1	स्थान, घर	तेल
5	विद्यालय के प्रार्थना सत्र में वह संस्कृत गीत गाती है।	विद्यालय के प्रार्थना सत्र में वह संस्कृत गीत गाती है।
7	विधानसभा की बजट सभा के लिए पुलिस प्रशासन ने यातायात योजना की है।	विधानसभा के बजट सत्र के लिए पुलिस प्रशासन ने यातायात योजना बनाई है।
2	और भी।	और भी।
6	''श्रुश्रुत-तन्त्र:''यह ग्रन्थ सेवा के द्वारा ही लिखा गया है।	"श्रुत-तन्त्रम्" यह ग्रन्थ सुश्रुत द्वारा लिखा गया है।
6	जनवरी तक या अग्रिम आदेश तक जारी रहेगा।	जनवरी तक या अग्रिम-आदेश तक जारी रहेगा।
14	इस अवसर पर विश्वविद्यालय की कुलपति प्रोफेसर अन्नपूर्णा नौटियाल ने कहा कि नई शिक्षा नीति सब ओर से विकास में महत्वपूर्ण है।	इस अवसर पर विश्वविद्यालय की कुलपति प्रोफेसर अन्नपूर्णा नौटियाल ने कहा कि नई शिक्षा नीति सर्वांगीण विकास में महत्वपूर्ण है।
1	पृथ्वी।	भूतल
4	वह शशांक है	वह शशांक है।
15	महाराज कुंतीभोज के घर में रहते हुए मैंने आपका गर्भधारण किया, इसलिये पुत्र ! तुम पार्थ हो ।	महाराज कुंतीभोज के घर रहते हुए मैंने आपका गर्भ धारण कर लिया, इसलिये बेटा! तुम पार्थ हो।
8	वेस्टमिंस्टर ने बाद में रानी को श्रद्धांजलि दी।	बाद में वेस्टमिंस्टर अबी पहुँचकर रानी को श्रद्धांजलि दी।
1	आर्यभूमि	आर्य भूमि पर
9	जिन पाचनों को अतिसार- चिकित्सा मे कहगे उनको पिलाना चाहिये। भोजन से पूर्व हरड को गुड़ के समान भाग में खाना चाहिये । अथवा त्रिफला क्वाथ के साथ निशाथ का चूर्णं देना चाहिये । गुदाश्रित दोष के नष्ट होने पर अर्श स्वय नष्ट हो जाते है ॥	उसके द्वारा यमदूत, यमदूत, यमदूत, यमदूत, यमदूत, यमदूत, यमदूत, यमदूत, यमदूत, यमदूत, यमदूत, यमदूत, यमदूत, यमदूत, यमदूत, यमदूत, यमदूत, यमदूत, यमदूत, यमदूत, यमदूत, यमदूत, यमदूत, यमदूत, यमदूत, यमदूत, यमदूत, यमदूत, यमदूत
9	उसके बाद, रात्रि में स्थिरप्रतिज्ञ अपनी जनता से घिरे हुए श्रीराम देवराज इन्द्र के समान शोभा पा रहे थे।	फिर निहतरिपु ने दृढ़निश्चय किया और अपने बल से श्रीराम रण में महेन्द्र के समान शोभित थे।
1	पति	आर्यपुत्र
3	कितने लोग नित्य ही दुखी होते हैं?	कितने लोग सदा दुःखी रहते हैं?
1	चन्द्रमा के समान	चन्द्रमा के समान
7	पुरुष बोला- उसका स्वामी स्वयं भी अन्याय करनेवाला है।	पुरुष ने कहा-उसका स्वामी स्वयं अन्याय में प्रवृत्त है।
11	2022 तक भारत दुनिया के सबसे प्रदूषित देशों में आठवें स्थान पर होगा।	2022 में, भारत दुनिया के सबसे खराब वायु प्रदूषण वाले देशों में आठवें स्थान पर है।
9	भारतीय सांस्कृतिक परंपरा के हिमाचल प्रदेश समन्वयक मालविका पाठक ने कार्यक्रम का अध्यक्षता की।	कार्यक्रम की अध्यक्षता भारतीय सांस्कृतिक परिषद की हिमाचल प्रदेश समन्वयक मालविका पाठक ने की।
3	वृक्ष से अनेक पत्ते गिरते हैं।	वृक्ष से पत्ते गिरते हैं।
7	वे राज्य में विपक्षी दल के भी नेता थे।	वे राज्य में विपक्षी दल के भी नेता थे।
5	विशाल कुल में उत्पन्न होने से क्या, यदि मनुष्य विद्याहीन है	विद्या से रहित का देहधारी कुल विशाल है।
9	वहाँ चतुर्दश वर्ष की उनके अध्ययन के लिए राजेन्द्र अध्यापक जी के संस्कृत स्कूल में नाम दर्ज किया गया।	वहाँ चौदह वर्ष के उनके अध्ययन के लिए राजेन्द्र शिक्षक का संस्कृत टोल में नामांकन हुआ।
8	पाण्डव के पांचल सेनाओं के साथ कुरुक्षेत्र के पास शिविर ने किया।	पाण्डवों ने पाँचाल-विराट सेनाओं के साथ कुरुक्षेत्र के पास शिविर किया।
7	उस वर्ष महाराजा शिवाजीराव-उच्च विद्यालय से मैट्रिक ्यूलेशन-परीक्षा में उत्तीर्ण हुए।	उस वर्ष महाराजा शिवाजीराव-उच्च विद्यालय से मैट्रिक-परीक्षा में उत्तीर्ण हुए।
4	मैं ही सब कुछ जानता हूँ।	मैं ही सब कुछ जानता हूँ।
21	गुरु ने धनवान से कहा कि संसार में जाति से और धन से कोई भी मनुष्य ऊँचा या नीचा नहीं होता है। सभी लोग समान होते हैं। चरित्र से श्रेष्ठता होती है।	गुरु ने धनिक से कहा कि संसार में जाति और धन से कोई भी व्यक्ति ऊँचा या नीच नहीं है। सभी लोग समान हैं। चरित्र से ही श्रेष्ठता होती है।
5	वहाँ भीड़ क्यों है ?	वहाँ भीड़ क्यों है?
1	उसका एक हिस्सा रहा है	अंशभूत
5	केतन -बैंक से लाते हैं ।	केतन-बैंक से धन लाता है।
2	जैसे जैसे	जैसे
9	अर्थ क्षायिक सम्यकत्व, अनन्तज्ञान, अनन्तदर्शन, अनन्तवीर्य, सूक्ष्मत्व, अवगाहनत्व, अगुरुलघु और अव्याबाध सुख-ये-आठ गुण सिद्धों के होते हैं ॥	हे अग्रुलु! हम आठ गुणों से सिद्ध सिद्ध हुए हैं।
12	भारतीय जनता पार्टी (भाजपा) द्वारा महिला मोर्चा द्वारा आयोजित''स्त्रीशक्तिमोदीकोप्पम''इस नाम से प्रधानमंत्री ने महिलाओं के विशाल समाज को संबोधित किया है-उन्हें प्रवेश प्राप्त हुआ।	भारतीय जनता पार्टी महिला मोर्चा द्वारा आयोजित "स्त्रीशक्ति मोदीकोप्पम" प्रधानमंत्री थेक्किकडु ने नाम से महिलाओं की एक बड़ी सभा को संबोधित किया-वह आँगन में पहुंचे।
4	सुशीभन के चारों ओर वे नाचते हैं।	सुन्दर आभूषण के चारों ओर वे नाचते हैं।
10	सब धर्मों का परित्याग करके तुम एक मेरी ही शरण में आओ, मैं तुम्हें समस्त पापों से मुक्त कर दूँगा, तुम शोक मत करो।।	सब धर्मों को छोड़कर मुझ पर एक ही शरण लो। मैं तुमसे कहता हूँ कि तुम सब को मुक्त करूँगा, मत कह।।
3	आप दोनों गायिका ।	आप दोनों गायिका।
11	इस प्रश्न मंच पर गुरुकुल के सभी विद्यार्थियों, शिक्षकों और कर्मचारियों उपस्थित थे।	इस प्रश्न मंच कार्यक्रम में गुरुकुल के सभी छात्र शिक्षक और कर्मचारी उपस्थित थे।
14	सम्मेलन का विषय है पुनर्निर्माण, जो नई प्रौद्योगिकी क्षमताओं की खोज के निर्णय में और वैश्विक साझेदारी में भी बल देता है।	सम्मेलन का विषय है पुनर्निर्माण जो नई प्रौद्योगिकी क्षमताओं के अवसरों की खोज में निर्णय लेने में वैश्विक भागीदारी पर भी बल देता है।
3	जल्दी जाओ ।	जल्दी जाओ।
9	चर्चा में विभिन्न क्षेत्रों के प्रमुख महिला नेता समुदाय के-वृद्ध और युवा लोग उपस्थित थे।	चर्चा के दौरान विभिन्न क्षेत्रों के प्रमुख पहाड़ी नेता समुदाय के-वृद्ध और युवा उपस्थित थे।
8	नहीं जानता , रास्ता कब जाने योग्य होगा ।	नहीं जानता, रास्ता कब सुगम होगा।
9	और सियार से कहा- “दोस्त! हम दोनों इसी बर्तन में साथ भोजन करते हैं।”	सियार ने भी कहा-"मित्र! हम दोनों इस बर्तन में साथ ही भोजन करते हैं।"
12	प्रसिद्ध भारतीय संगीतज्ञों के लिए शंकर महदेवन-जाकिरहुसैन के लिए गीत-संगीत-समूह द्वारा ख्यातिप्राप्त ग्रैमी पुरस्कार जीता गया।	प्रसिद्ध भारतीय-सङ्गीतज्ञों में शंकर महादेव-ज़ाकिरहुसैन की शक्ति के नाम से गीत-संगीत-समूह द्वारा प्रसिद्ध ग्रैमी पुरस्कार जीता गया।
6	उसे यह पुरोहित था कहा गया है।	उसका यह पुरोहित था, ऐसा कहा गया।
10	मैं उन ऋक्षा वानरों को भी फिर से निकालते हुए और बड़े बलशाली पुरुषों को देखना चाहता हूँ।	मैं उन ऋक्षों और वानरों को फिर से स्वच्छ और समृद्ध पुरुषों को देखना चाहता हूँ।
18	भगवान् ने कहा कि जो मन एकाग्र करके सन्ध्या करता है, वही परम भक्त होता है, दूसरा नहीं। ऐसा तुम जानो ।	भगवता ने कहा जो मन को एकाग्र करके सन्ध्या करता है वही परम भक्त होता है, अन्य नहीं, यह तुम जानते हो।
4	एक बच्ची गणेशमंडप जाती है।	एक बच्ची गणेश मंडप जाती है।
11	यह ज्ञात है कि इजरायल देश भी चारों ओर समुद्र से घिरे हुए है।	यह ज्ञातचर ही है कि इज़राइल देश भी चारों ओर समुद्र से आच्छादित है।
4	छात्र खुश होते हैं	छात्र खुश होते हैं।
6	जांच के दौरान सत्येन्द्रसिवाल के बारे में सूचना मिली	खोज के दौरान सत्येन्द्रसिवाल के बारे में सूचना मिली।
11	सभी देश ज्ञान और विज्ञान के क्षेत्र में मित्रता की भावना से और सहयोग से उन्नति प्राप्त करने के योग्य होंगे।	सभी देश ज्ञान और विज्ञान के क्षेत्र में मैत्रीभाव और सहयोग से समृद्धि प्राप्त करने में सक्षम होंगे।
5	वह हमेशा अमृतवर्षा करता है ।	वह हमेशा अमृतवर्ष करता है।
11	सत्य ही होते हैं  इस तरह के इन गुरुजी की वाणी की सफलता को देखकर, लोग बहुत विस्मित हो जाते हैं।	वैदिक, गुरु, शब्दार्थिक, गुरु, तार्किक, गुरु, सांख्यविद्, गुरु, ज्योतिष, गुरु, आर्यज्ञिक और गुरु, सब प्रकार के अध्ययन करने वाले श्रीबाबागुरुजी हैं।
6	पर विषय के स्मरण से अपना मन गंदा हो जाता है।	दूसरों के स्मरण से अपना मन मलिन हो जाता है।
9	भगवान् के अतिरिक्त जनधन वैभव,वस्तु और शरीर आदि में मुझे कोई भी अनन्यभाव या अन्यता नहीं है।	भगवान् के अतिरिक्त जनधन, वैभव, द्रव्य और शरीर आदि कोई भी मेरा अनन्यभाव या अनन्यता नहीं है।
1	घोंसले	घोंसले
6	उस बच्ची को सभी कैसे खुश करते हैं ?	उस बच्ची को सभी कैसे खुश करते हैं?
5	स्ट्रांग रूम से कैसे मत मशीन ला रहे हैं ?	मजबूत कमरे से कैसे मतयन्त्र लाते हैं?
1	कृष्णपक्ष	काला पंख
1	धर्म को न जानने वाले।	अधर्म को जानने वाला
11	अच्छा यह है कि योगशास्त्र में तो भारत हमेशा ही जगद्गुरुत्व से स्थित है।	योगशास्त्र में तो भारत सदा जगद्गुरु के रूप में खड़ा रहता है, अच्छा।
13	प्राचीनकाल में गुरुकुलों आदि के बच्चों को जो मानवीय, नैतिक शिक्षा दी जाती थी, वह आधुनिक शिक्षा प्रणाली में दुर्लभ हो गई है।	प्राचीन गुरुकुल आदि के बालकों को जो मानवीय, नैतिक शिक्षा दी जाती थी, वह आधुनिक है-शिक्षा प्रणाली में दुर्लभता चली गई है।
28	पहले चरण में खड़े हैं:-राष्ट्रपति, शिक्षा मंत्री, विभिन्न अंतरिक्ष स्थानों के अतिथि, विश्वविद्यालय के शिक्षक, अधिकारी, कर्मचारियों, स्नातकों एवं विद्यार्थियों का स्वागत करते हुए कुलपति ने रिपोर्ट में कहा कि पूर्व प्रधानमंत्री श्री लाल बहादुर शास्त्री, पद्मश्री डॉ मंडन मिश्र की महान परिश्रम से यह विश्वविद्यालय स्थापित हो गया है।	पहले चरण में माननीय राष्ट्रपति, शिक्षा मंत्री, विभिन्न विदेशों के अतिथियों, विश्वविद्यालय के शिक्षकों, अधिकारियों, कर्मचारियों, स्नातक छात्रों का स्वागत करते हुए कुलपति ने बताया कि यह विश्वविद्यालय पूर्व प्रधानमंत्री श्री लाल बहादुर शास्त्री और पद्मश्री डॉ. मंडन मिश्र की महान मेहनत से स्थापित किया गया है।
3	कैसे करें ?	कैसे करें?
3	ये दरवाजे हैं	ये सब वाहन हैं।
13	तब योगिराज के, "यह क्या है? यह कहाँ से आई है? यह कौन है? यह कैसे आई है? यह पूछने पर ब्रह्मचारियों के गुरु ने कन्या को शान्त करने के लिये श्याम बटु को आदेश देकर यह कहना प्रारम्भ किया।	तब "यह क्या है? यह कौन है? यह क्या है? यह कैसे है?" यह पूछने पर योगिराज ब्रह्मचारी गुरु ने बालिका को शान्त करने के लिए काले बटुओं की आज्ञा दी।
15	उन्होंने कहा कि यह पूर्व बैंक की वापसी है और उन्होंने कहा कि वित्त मंत्री द्वारा प्रस्तुत अंतरिम बैंक भाषण में कोई नया नहीं कहा गया है।	उन्होंने कहा कि यह पूर्व बजट की पुनरावृत्ति है और उन्होंने कहा कि वित्त मंत्री द्वारा प्रस्तुत अंतरिम बजट भाषण में कुछ भी नया नहीं कहा गया है।
8	जिनको मनुष्य चलाते हैं वे छोटी  नौका और जो बड़ी होती हैं वे वायु आदि से चलाई जाती हैं उन के अश्वतरी और श्यामकर्श्व श्दि नाम हैं।	जो पुरुष चलाते हैं वे शत्रु हैं, जो इस प्रकार के बाणों को भी पालते हैं, वे ताशा, त्रिशमा और अश्वा नाम के हैं।
9	यह द्विवार्षिक कार्यक्रम इस महीने के आठवें दिन समापन हो जाएगा।	इस द्विवार्षिक समारोह का समापन इस महीने के अठारह तारीख को होगा।
3	वृक्षो से फल गिरते हैं।	वृक्ष से फल गिरते हैं।
4	कौन कहाँ जा रही है ?	कौन कहाँ जाता है?
9	अथवा हे अर्जुन ! बहुत जानने से तुम्हारा क्या प्रयोजन है? मैं इस सम्पूर्ण जगत् को अपने एक अंश मात्र से धारण करके स्थित हूँ।।	अथवा हे अर्जुन! आपने बहुत काल से यह जान लिया है कि यह सम्पूर्ण जगत् एक ही अंश में स्थित है।।
4	बादलों के ऊपर विमान उड़ रहा है।	बादलों पर चढ़कर वायुयान उड़ रहा है।
8	शान समिति की रिपोर्ट के बाद चयन प्रक्रिया ऑनलाइन रूप में की जाती है।	शानन समिति की रिपोर्ट के बाद चयन प्रक्रिया ऑनलाइन रूप में की जाती है।
3	वह चार्टर्ड अकाउंटेंट है।	वह ऑडिटर है।
6	वस्त्र से पवित्र किया जल पीना चाहिये और मन से शुद्ध जाना हुआ काम करना चाहिये।	पवित्र जल पीना, मन शुद्ध करना चाहिये।
11	अरे! सभी प्राणियों के आश्रय, इन वृक्षों का जन्म श्रेष्ठ हैं। वृक्ष धन्य हैं, जिनसे प्रार्थना करने वाले (याचक) निराश नहीं होते हैं।	अहो! इन लोगों का जन्म और जीवन सभी प्राणियों के लिए वरदान है। धन्य है महेरुहा, जिन लोगों से उत्तरी लोग निराशा को प्राप्त करते हैं।
4	पढ़ने वाले बालक जाते हैं ।	पढ़ने वाले बच्चे जाते हैं।
1	चुप हो गये।	आराम करो
3	आप जल्दी से आईये।	आप जल्दी आओ।
7	बहुत से लोग केवल फल ही खा रहे थे।	बहुत से लोग केवल फल ही खाते थे।
24	छ धातुऐ मिलकर एक समुदाय 'पुरुष' नाम से कहे जाते हैं। अर्थात् पृथिवी, जल, तेज, वायु, आकाश और अव्यक्त ब्रह्म । इन छ धातु का समुदाय मिलकर 'पुरुष' ऐसा कहा जाता है ॥	छः धातुओं से युक्त "लोक" ये शब्द मिलते हैं। जैसे-जैसे पृथ्वी व्याप्त है, वायु का आकाश ब्रह्म के समान है, और छह धातुओं से युक्त'पुरुष'ये शब्द मिलते हैं।
7	परन्तु फिर भी नेत्रों के सारथित्व को स्वीकार किया।	परन्तु फिर भी शल्य ने कान की सारथि को स्वीकार किया।
4	निज शोथके भेदः—निज शोथ तीन प्रकार का होता है ।  सम्पूर्ण शरीर मे व्याप्त, आधे शरीर मे व्याप्त और  एक अवयव मे व्याप्त ||	तीन प्रकार के अपने और सभी आधा-गटरों के आश्रित होने से।
7	समान विचार और व्यवहार होने पर मैत्री होती है - यह एक सूक्ति है।	समान विचारधारा वाले व्यसनों में मित्रता एक सूक्ति है।
10	मित्र बोला - वही अधिक हितकारी है । "कौन-सा तुम्हारा  वैद्य है ?"	वृद्ध ने कहा-ठीक है। वैद्य करता है। "
10	उस वस्तु को तुम अविनाशी जानों,  जिससे यह सम्पूर्ण जगत् व्याप्त है। इस अव्यय का नाश करने में कोई भी समर्थ नहीं है।।	जो अविनाशी है और जिसने यह सम्पूर्ण जगत् नष्ट कर दिया है, उसे कोई भी नष्ट नहीं कर सकता।।
6	इस चलचित्र का प्रचण्ड अर्जन भी था।	इस फिल्म का प्रचंड कमाई भी थी।
3	दीपक पुरुष सूक्त याद करता है ।	दीपक पुरुषसूक्त को याद करता है।
18	वह फिर से बोली कि हमारे विश्वविद्यालय का मालवीय मिशन-शिक्षक-प्रशिक्षण केंद्र आज ही अपना दूसरा प्रशिक्षण कार्यक्रम, राष्ट्रीय शिक्षा नीतियों को संबोधित करने के कार्यक्रम, इंटरनेट के माध्यम से आयोजित किया जा रहा है।	उन्होंने फिर कहा कि हमारे विश्वविद्यालय का मालवीय मिशन-शिक्षक-प्रशिक्षण केंद्र आज ही अपने दूसरे प्रशिक्षण कार्यक्रम को इंटरनेट के माध्यम से चलाता है।
5	संदीप हर सोमवार को घर में यज्ञ करता है ।	संदीप हर सोमवार को घर में यज्ञ करता है।
6	पोता  – सारा अन्न खेत से आता है।	पोता-सारा अन्न खेत से आता है।
23	और सीतापति भगवान् राम सीताजी को समझाने के लिये अपने महल में गये। तब मधुर मुस्कानपूर्वक बोलने वाली श्रीसीताजी ने पतिदेव को आते देखकर एक सुवर्ण पात्र में जल लेकर भक्तिपूर्वक उनके चरणों को धोया और अपने स्वामी की ओर देखते हुए पूछी देव ! इस समय बिना सेना के आप कैसे आये हैं? आप प्रातःकाल कहाँ गये थे? आपका श्वेत छत्र कहाँ है? बाजों का बजना क्यों बन्द हो गया है? आप किरीटादि राजोचित आभूषणों से क्यों रहित हैं ? ॥	तदनन्तर राजा सीता को लेने के लिये वहाँ गये॥
16	हे सुग्रीव ! जो कर्म आपने किया, वह सब मित्र, मित्र के हित और धर्म के बल से किया।	हे सुग्रीव! जो कर्म आपने किया वह सब मित्र ने चिकने हित से और धर्म के भय से किया।
7	जिसमें जालन्धर शहर के विभिन्न स्थानों से लगभग प्रतिभागियों ने भाग लिया।	जिसमें जालन्धर शहर के विभिन्न स्थानों से लगभग प्रतिभागियों ने भाग लिया।
7	भीमसेन के द्वारा दुर्योधन के आठ भाई मारे गए	भीमसेना ने दुर्योधन के आठ भाइयों को घोर युद्ध में मार दिया।
8	उनके पिता अनन्त शास्त्री डोंगरे और माता लक्ष्मीबाई थीं।	उसके पिता अनंत शास्त्री डोंगरे और माँ लक्ष्मीबाई थे।
10	वह बालक माँ को पूछता है –माँ अब शुद्ध है न ?	वह बच्चा माँ से पूछता है माँ! अब शुद्ध है न?
12	जो ब्राह्मण धन की प्राप्ति के विचार से वेदों का अध्ययन करते हैं और जो शूद्रों अर्थात नीच मनुष्यों का अन्न खाते हैं, वे विषहीन सांप के समान कुछ भी करने में असमर्थ होते हैं।	जो लोग अर्थ को नहीं जानते और वेद को नहीं जानते, वे दोनों ही शूद्र अन्न के भक्षक हैं, वे दोनों ही निर्विषा के समान पक्षी के समान क्या करेंगे?
1	प्राप्त करने के	और भी
7	भोरंज विधानसभा क्षेत्र के विधायक सुरेश कुमार ने सियारंद को तटस्थ बनाने की मांग की।	भोरंज विधानसभा क्षेत्र के विधायक सुरेश कुमार ने सीरानद को तख्तापलट की मांग की।
6	फिर भी तुम्हारा मनोरथ पूर्ण नहीं हुआ।	फिर भी तुम्हारी इच्छा पूरी नहीं हुई।
6	अर्जुन ने इन्द्र से दिव्य शस्त्र माँगा ।	अर्जुन ने इन्द्र से दिव्य शस्त्र माँगा।
13	इस समय वह घोर दण्डकारण्य के पञ्चवटी नामक शुभ आश्रम में रहता है। उसकी भार्या विशालनयना सीता त्रिलोक को विमोहित करने वाली है ॥	वह एक विशाल गुफा में रहता है और एक पंचवटी आश्रम में रहता है। उस आश्रम में उसकी विशाल विशालाक्षीण सीताजी लोकविमोहिनी हैं॥
1	हमारे	हमारा
4	रसिक के द्वारा फूल सूँघा गया।	मजाक से फूल निकल गया।
9	ये दिलचस्प खबरें हैं-विपक्ष के नियमों का पालन कर रहे हित समाचार संगठन, सोशल मीडिया और यूजर्स पर लगेगा जुर्माना.	इन ब्याज समाचारों को-विरोध नियमों के अनुसार ब्याज समाचार संगठनों को, सोशल मीडिया का उपयोग करने वालों को दंड दिया जाएगा।
2	दान का	दान ही
1	पीसता है	काटना
6	क्या आप मुझसे बडे है ?	आप मुझसे बड़े हैं क्या?
4	आज का काम आज ही समाप्त करना चाहिए	आज का काम आज ही समाप्त करना चाहिये।
9	उत्तराखंडसंस्कृत अकादमी, प्रतिवर्ष संस्कृत भाषा के प्रचार-प्रसार के लिए, संरक्षण के लिए, और इंटरनेट के माध्यम से संस्कृत व्याख्यान के लिए आयोजित किया जाता है।	उत्तराखंड संस्कृत अकादमी, हर साल संस्कृत भाषा के प्रसार के लिए, और इंटरनेट के माध्यम से संस्कृत व्याख्यानों की एक श्रृंखला का आयोजन किया जाता है।
10	उपाधिधारकों को अपने अध्ययन के विषयों को जानकर यह संस्कृत भाषा अपने अध्ययन के विषयों को भी 'अनुसंधान' शब्द का प्रयोग उपनिषद् तत्वों पर आधारित है।	उपाधिधारकों के लिए, जो आध्यात्मिक विषयों के विद्वान हैं, जो उपाधिहीन हैं, जो आध्यात्मिक विषयों पर आधारित हैं, वे संस्कृत भाषा में भी आध्यात्मिक विषयों के चिन्तन के लिए हैं "अनुसंधान" इस शब्द का प्रयोग उपनिषद् के तत्वों के अनुसंधान पर आधारित है।
11	भाटक आवास स्थान से टूटी तक जनवरी, निर्देश दिया गया है कि पार्किंग स्टेशन को शिमला नगर में स्थान परिवर्तन का निर्देश दिया गया है।	किराये के आवास से टूटीकंडी तक जनवरी, जब तक पार्किंग संकुल को शिमला में स्थानांतरित करने का निर्देश दिया गया है।
1	गरीबी	दुःख
9	राज्य सरकार ने केरल के स्कूलों में छात्रों द्वारा मोबाइल फोन के इस्तेमाल पर सख्त प्रतिबंध लगाने का आदेश दिया है।	राज्य सरकार ने केरल के स्कूलों में छात्रों के लिए जंगम दूरदर्शन के इस्तेमाल पर कड़ी कार्रवाई का आदेश दिया है।
1	कहोगे।	कहोगे।
5	वह मुझे ही क्यों देख रहा है ।	वह मुझे ही क्यों देखता है?
11	पटना में अधिकतम पारदर 310 सेल्सियस बढ़ गया, सबसे छोटी दर 990 सेल्सियस कम हो गई।	पटना में अधिकतम तापमान 2.10 सेल्सियस बढ़ गया, कम से कम 1.90 सेल्सियस कम हो गया।
23	द्वन्द्व की शुरुआत द्वन्द्व के अंत में या अंत में सुनाई जाने वाली पदावली से होती है''इस नियम से पद की पूर्णता हो''शब्द के सिद्ध होने पर अर्थ, सिद्ध होने पर अर्थ की पूर्णता''ऐसा वाक्यांश बन जाता है।	संघर्ष के आरंभ या अंत में जो शब्द सुना जाता है वह संघर्ष के प्रत्येक पद से जुड़ा होता है "इस नियम के द्वारा सिद्ध शब्द का" सिद्ध शब्द में सिद्ध अर्थ, सिद्ध संबंध में "ऐसा अन्वय होता है।
8	वश में किया हुआ चित्त जिस कालमें अपने स्वरुपमें ही स्थित हो जाता है और स्वयं सम्पूर्ण पदार्थों नि: स्पृह हो जाता है, उस कालमें वह योगी कहा जाता है।	जब मन का नियमन किया जाता है, वह आत्मा के समान स्थित होता है, तब निःस्पृह व्यक्ति को सभी कामों से युक्त कहा जाता है।।
3	केवल एक शास्त्रका पढाहुआ शास्त्रके निश्चयको नहीं जान सकता इस हेतु बहुत शास्त्रोंका सुनने पढनेवाला वैद्य चिकित्साशास्त्रको जानता है ॥	एक शास्त्र का अध्ययन करने वाले को शास्त्र का निश्चय नहीं करना चाहिए।
6	मैं मोरीबी गाँव का निवासी हूँ !	मैं मोरीबी गाँव का निवासी हूँ!
7	हनुमान ने राम लक्ष्मण के बाणों और तूणीरों की प्रशंसा करते हुए उन दोनों से कहा कि आप दोनों के बाण बहुत तीक्ष्ण, सर्प के समान शत्रुनाशक और भयंकर, उन जैसे बाणों से आप दोनों का तूणीर भरा है। इसीलिए वे तूणीर भी देखने योग्य है।	हे शुभदर्शन! यह सम्पूर्ण शीत, बाण, पत्थर से भरे हुए हैं, जीवन के अन्त में अग्नि, अग्नि और पन्नों से भरे हुए हैं।
10	इनमें ‘दीपावली’ प्रधान उत्सव कार्तिक महीने में कृष्ण पक्ष में अमावस्या की तिथि को होता है।	इनमें से दीपावली मुख्य उत्सव कार्तिक महीने के कृष्णपक्ष के अमावस्या तिथि को होता है।
20	दैत्यराज इन्द्र ने बाद में मेरी पुत्री के हाथ से दशग्रीव का हाथ पकड़कर कहा हे राजन्! हे हे हे हे हे हे हे यम! मन्दोदरी जिनका हाथी के गले में बंधी हुई है, उन्हीं के शुभार्थ को मेरा पुत्री ले।	तत्पश्चात् दैत्येन्द्र ने मेरी पुत्री के हाथ से दशग्रीव का हाथ पकड़कर कहा हे राजन्! यह हेम्या के पास धारण की हुई मन्दोदरी मेरे पति के लिये वापस ले लो।
9	बहुत कालतक सन्ध्योपासन करनेके कारण ही ऋषियोंने दीर्घायु, बुद्धि, यश, कीर्ति ( ख्याति) और ब्रह्मतेजकी प्राप्ति की थी	ऋषियों को दीर्घ और सन्धिपूर्वक दीर्घ और दीर्घ आयु प्राप्त होती है। ज्ञान, यश, कीर्ति और ब्रह्मस्वरूप की प्राप्ति होती है।।
1	पड़दा	खिड़की
4	व्यापता है इसलिए विष्णु कहते हैं ।	जासूस है ऐसा विष्णु कहते हैं।
1	प्रकट करो।	उत्पन्न करो
6	बहरा कौन है? जो कल्याणकारी बातें नहीं सुनता हैं।	कौन बधिर है? जो हित नहीं सुनता है।
7	सुचरित्र से मनुष्य महान् बन सकता है।	सुचरित से ही कोई भी मनुष्य बड़ा होना चाहिए।
9	हाल ही में रिपोर्ट आई थी कि वैश्विक समुद्री जल छत्रछाया में वृद्धि का असर द्वीप देशों पर पड़ेगा।	हाल ही में एक रिपोर्ट आई है कि द्वीप राष्ट्र दुनिया भर में समुद्री जल प्रदूषण को बढ़ा सकते हैं।
7	इसके लिये शीघ्र ही यह उपकरण रख दिया जाएगा।	इसके लिए जल्द ही यह उपकरण स्थापित किया जाएगा।
7	श्रीकृष्ण उसके वध की इच्छा करता हुआ उसकी राजधानी में गया।	श्रीकृष्ण उसकी हत्या की इच्छा से उसकी राजधानी गए।
16	क्रिसमस-उत्सव के पूर्व संध्या में प्रकाशित एक संदेश में राष्ट्रपति ने कहा कि येशुमसिह के जन्मस्थान पर क्रिसमस मनाया गया है-उत्सव प्रेम की सद्भावना से भी संदेश देता है।	क्रिसमस-उत्सव की पूर्व संध्या पर प्रकाशित संदेश में राष्ट्रपति ने कहा कि येशुमसिह के जन्म पर क्रिसमस मनाया गया है-उत्सव प्रेम और सद्भावना का संदेश देता है।
4	बर्फ के गिरने सेवेदनाशील क्षेत्रों में मत जाईये।	बर्फबारी के प्रति संवेदनशील क्षेत्रों में न जाएँ।
4	अब करतारपुर पाकिस्तान में है।	अब कर्पूर पाकिस्तान में है।
6	वह धीमे स्वर में संगीत सुन रहा है	वह धीमे स्वर में संगीत सुन रहा है।
6	सभी के मस्तक शीघ्र झुक गए।	सबके सिर तेजी से झुक गए।
19	जो बेटा केवल पिता की इच्छा के लिए अपने पूर्व परंपरा को मानता है, किन्तु कुल के अनुकूल व्रत छोड़ता है, वह पतित न हो सके, अन्य कौन हो सकता है ?	जो पुत्र केवल पैतृक सम्पत्ति पाने के लिए अपना पूर्व परंपरा मानता है, परन्तु कुल के अनुकूल व्रत छोड़ता है, वह गिर नहीं जाता है, दूसरा कौन होगा?
9	लक्ष्मण – आवाज तो भरत की है । कहाँ है वह ?	लक्ष्मण-रावण तो भरत का है। वह कहाँ है?
5	आपकी पेंट की जेब में फिर से देखिये।	अपने रूमाल की जेब में फिर से देखें।
6	प्रकृति के क्रोधों से व्याकुल मनुष्य क्या कर सकता है?	प्रकृति के कारण भयभीत व्यक्ति क्या कर सकता है?
30	और इसके प्रतिभाशाली-कृत्रिम बुद्धिमत्ता के विकास में सक्रिय योगदान के लिए कार्यबल तैयार है-शिखर सम्मेलन में आगामी-विश्वसनीय सहयोग में अपने लिंकेड इन सोशल मीडिया पर श्री मोदी ने कहा कि भारत अपने-नागरिकों को मजबूत करने के लिएकृत्रिम बुद्धिमत्ता पर बड़ा काम करना चाहता है।	साथ ही यह प्रतिभाशाली है-कार्यबल कृत्रिम बुद्धिमत्ता के विकास में सक्रिय योगदान के लिए तैयार है-शिखर सम्मेलन में-श्री मोदी ने वैश्विक सहयोग में अपने लिंकइन में एक सामाजिक इंटरनेट संदेश में कहा कि भारत अपने-नागरिकों को सशक्त बनाने के लिए कृत्रिम बुद्धिमत्ता में बड़ा काम करना चाहता है।
24	हे राम ! रसातल गुल्फ हैं, तलातल जानु, सुतल जंघाएँ, वितल आपके दोनों अरु, अतल और पृथिवी आपके कटि प्रदेश, भूलोक नाभि, स्वर्लोक वक्षः स्थल, महर्लोक ग्रीवा, जनलोक मुख, तप लोक ललाट तथा हे प्रभो ! सत्यलोक आपका मस्तक है ॥	हे रघुश्रेष्ठ! आपके रसातल के समान फूल भी आपके तल के समान ही हैं। आपके कमल के समान कमल कमल है। आपके कमल के समान कमल है। आपके कमल के समान कमल है। आपके कमल के समान कमल है। आपके कमल के समान कमल है। आपके कमल के समान कमल के समान कमल है। आपके कमल के समान कमल के समान कमल है। आपके कमल के समान कमल के समान कमल के समान कमल के समान है। आपके कमल के समान कमल के समान कमल के समान है। आपके कमल के समान ही कमल के समान है। हे भगवन्! आपके कमल के
13	यह सर्वेक्षण राज्य के सभी जिलों में स्कूलों का चयन करके 12 फरवरी से 9 मार्च तक आयोजित किया जाएगा।	यह सर्वेक्षण राज्य के सभी जिलों में स्कूलों का चयन करके 12 फरवरी से 9 मार्च तक आयोजित किया जाएगा।
6	कार्रवाई है-विश्लेषण-हित के रूप में प्रवर्तन के रूप में केंद्र।	वहाँ कर्म-परीक्षा-केन्द्र इस प्रकार ब्याज के रूप में प्रवर्तन होता है।
18	इनमें से सबका राम है'इसका अर्थ स्वभाव से ही भिन्न-भिन्न रूप से जानने जा सकता है, किन्तु सबका सार यह है कि राम सबका ही है।	इनका "सबका राम" इसका अर्थ स्वभाव के अनुसार अलग-अलग रूप में समझा जा सकता है, लेकिन सबका सार है कि राम सबका ही है।
4	सरोवर में शेर पानी पीता है।	सरोवर में शेर पानी पीता है।
4	वे घर जाते हैं	वे घर जाते हैं।
10	जैसे घड़े से कार्य करने वाला कुम्हार जाता है, ''घड़े को करो''।	जैसे घड़े से काम करते हैं कुम्हार जाकर बोलता है,'घड़ा करो'ऐसा।
7	जहाँ, बनियेखंड और चराहे में लघुवृष्टि हुई।	जहाँ, बनीखेते और चुराह में कम वर्षा हुई।
3	हे छात्र	हे छात्र!
14	हमारे सरकार की ओर से केंद्र सरकार ने SMART सिटी योजना के तहत चींटी बनाने के लिए मंजूरी दी है, करोड़ रुपये की भी budget को मंजूरी दी गई है।	हमारे सरकार के प्रयास से केंद्र सरकार ने स्मार्टसिटी योजना के तहत इस गुफा के निर्माण को मंजूरी दी है, करोड़ रुपये की भी घोषणा की गई है।
8	कार्यक्रम की शुरूआत दीप प्रज्ज्वलन से हुई, और अतिथियों को सरस्वती पूजा से हुई।	कार्यक्रम की शुरुआत दीप प्रज्ज्वलन, अतिथियों और सरस्वती पूजा से हुई।
6	चित्रों में सोनाक्षी सरल, लघुकुर्ता-शरारासेट के बीच दिखती है।	चित्रों में सोनाक्षी सरलता से छोटी लड़की-शरारा सेट के बीच दिखाई देती है।
8	पंजाब प्रदेश के स्वसहायत समूह ने भी प्रदर्शनी पर खड़े होने के लिए रिजस्थल को नाबार्ड के समर्थ में मिलाया।	पंजाब के स्वसहायता समूहों ने भी प्रदर्शनी के लिए रिज पर नाबार्ड समरथ मेला पाया।
9	केवल पश्चिम के लोग इस दुरुपयोग को करके देश को अधिराज्य में स्थापित कर दिया।	केवल पाश्चात्यों ने इसका दुरुपयोग करके देश में आधिपत्य स्थापित किया।
12	सेशेल्स-देश के राष्ट्रपति वेवेल रामकलावन ने सभी लोगों को अपने घर पर ही रहने का आदेश दिया।	सेशेल्स-देश के राष्ट्रपति वेवेल रामकलावन ने सभी लोगों को अपने घरों में रहने का आदेश दिया।
6	हम सभी वीर सैनिकों को नमन करते हैं।	हम सभी वीर सैनिकों को नमस्कार करते हैं।
9	वहाँ चतुर्दश वर्ष की उनके अध्ययन के लिए राजेन्द्र अध्यापक जी के संस्कृत स्कूल में नाम दर्ज किया गया।	वहाँ चौदह वर्ष के उनके अध्ययन के लिए राजेन्द्र शिक्षक का संस्कृत टोल में नामांकन हुआ।
5	फिर जमींदारों का साम्राज्य छिन्न-भिन्न हो गया।	इसके बाद जमींदारों का राज्य टूट गया।
4	लव – भगवान् सूर्य।	लव-भगवान ने हजारों दी हैं।
16	गिरिकंदराओं में निवास करने वाले परब्रह्म के ध्यान में मग्न हुए, धन्य योगियों के आनंदाश्रुओं को गोद में बैठे हुए पक्षीगण निःशंक होकर पीते हैं, पर हमलोगों की आयु तो मनोरथमय महल के सरोवर तटों पर स्थित विहार-विपिन में आनंद और प्रमोद करते ही व्यतीत हो जाती है॥	धन्य पर्वतों के तट पर निवास करने वाले, अति ध्यान करने वाले, मन्द नेत्र वाले जल पीते हुए, शकुना के सन्देह से रहित नेत्रों वाले, हमारे तो मनोरथो के द्वारा सुशोभित महल, वाबा तट, खेल के मैदान, केलिका और कुतुक के बीच का जीवन परीक्षित होता है।
7	मैं यहां बन्दर और मृग को देख रहां हूं।	मैं यहाँ बन्दर और मृग को देखता हूँ।
6	धीरे धीरे लैंडर की गति धीमी की गई।	धीरे-धीरे लैंडर की गति धीमी कर दी गई।
11	अब केवल अंतिम तीनों बड़ी गीतों का चित्रोतल करने के लिए शेष हैं।	अब केवल अंतिम तीन बड़े गीतों का चित्रोतलंघन करने बाकी हैं।
15	आजादी के बाद राम जन्मभूमि आंदोलन पुनर्जीवित हुआ। राम जन्मभूमि मुक्ति समिति की स्थापना १९८४ में  की गई	आजादी के बाद पुनः राम जन्मभूमि आंदोलन शुरू हुआ। राम जन्मभूमि मुक्ति समिति की स्थापना सन् 1984 में हुई थी।
9	मंडल की चुराह, भरमौर, पाङ्गी, डल्हौजी में बर्फ लगातार है।	जिले का चुराह, भरमौर, पाङ्गी, डलहौजी में बर्फबारी जारी है।
1	एक खुद की	अपना
8	गुजरात राज्य के मुख्यमंत्री श्री विजय रूपाणी ने सम्मेलन का उद्घाटन किया।	गुजरात के मुख्यमंत्री श्री विजय रुपाणी ने सम्मेलन का उद्घाटन किया।
9	दूसरा विकल्प नहीं देखकर दीवान गौ पालक को न्यायालय ले गए।	दूसरा विकल्प नहीं देखकर दीवान गौपाल को न्यायालय ले गया।
7	पर्वत के आरंभ में मानपुर में हृषीकेश मंदिर है।	पर्वत के आरम्भ में मानपुर में हृषीकेश मंदिर है।
7	भारत-यह सुझाव दिया गया है कि निज्जरा की हत्या कन्नड़ के बीच संबंध को ढीला करने के लिए पिछले सूत्र द्वारा की गई है।	भारत-यह सुझाव दिया गया है कि कनाडा के सम्बन्ध को ढीला करने के लिए एक पूर्व योजना बनाई गई है।
10	किसी आदरणीय व्यक्ति के प्रति शून्य हृदय शकुन्तला ने अपराध कर दिया। (सामने देखकर) और किसी साधारण व्यक्ति के प्रति नहीं।	किसी भी पूजा के योग्य होने पर पर पूज्य और शून्य हृदय वाली (पूर्व में देखकर) शकुंतला वास्तव में इसमें से कुछ भी नहीं है।
6	चालक के आगे दो जने हैं ।	चालक के आगे दो जन हैं।
4	उसके शरीर से पसीना निकल रहा है।	उसके शरीर से पसीना निकल रहा है।
29	फिर कैटरी ने कहा कि जब''मेरी क्रिसमस''फिल्म के निर्देशक श्रीराम ने उसके साथ विजयसेतुपति कास्ट को कहा था-करण के बारे में पूछता था तो मैंने गूगल माध्यम से उसका नाम ढूंढ़ा किस्मरण संस्कारित हो जाए।	उसके बाद कैटरीना ने कहा कि जब "मेरी क्रिसमस" फिल्म के निर्देशक श्रीराम उनके साथ विजयसेतुपति कास्ट-करण के बारे में बात कर रहे थे तब मैंने उनका नाम गूगल के माध्यम से खोज किया कि मेरी स्मृति ताजा हो जाए।
7	संस्कृत (साहित्य) में विद्यमान सूक्तियाँ उन्नति के लिए प्रेरित करता हैं। जैसे-	संस्कृत में विद्यमान उक्तिएँ उन्नति के लिए प्रेरित करती हैं, जैसे -
17	(यमराज ने पुनः कहा) यदि इस वरदान के सदृश (अन्य) वरदान को माँगते हो, तो धन तथा दीर्घकाल तक जीवन के साधन का वरण करो हे नचिकेता ! तुम विशाल पर (उन्नति के साथ) बढ़ो, तुमको समस्त इच्छाओं का या भोगों का भोग करने वाला बनाता हूँ।	यदि तुम इस बात को समझते हो, तो धन और दीर्घायु की गणना करो, क्योंकि तुम महान भूमि पर नहीं रहते हो, मैं तुम्हें अपनी इच्छाओं के अनुसार कामना करता हूँ।
9	हे मित्र ! क्या तुमसवेरे अग्निहोत्र नहीं करते ?	हे मित्र! क्या तुम प्रातः अग्निहोत्र नहीं करते हो?
7	मैं छल करने वालों में द्यूत हूँ और तेजस्वियों में तेज हूँ, मैं विजय हूँ; मैं व्यवसाय (उद्यमशीलता) हूँ और सात्विक पुरुषों का सात्विक भाव हूँ।।	मैं जुआ खेलता हूँ, मैं तेज और तेज का स्वामी हूँ, मैं जन्म से ही व्यवसाय में हूँ, मैं सत्पुरुष हूँ।।
14	जो पुनः पुनः छाया से धूप को लेकर फिर छाया की ओर लौटता है वह तो मूढ़ ही है।	जो बार-बार छप्पर के नीचे जाकर फिर से छप्पर की ओर लौटता है वह तो मूर्ख ही है।
15	रिपोर्ट प्राप्त करने के बाद पता की संख्या निकाली जाएगी और तासों की चयन प्रक्रिया पूरी कर दी जाएगी, अंतिम परिणाम शीघ्र घोषित हो जाएंगे।	रिपोर्ट पाकर जो पदकूट संख्या बाहर निकलेगी उनका चयन प्रक्रिया पूरी कर दी जाएगी, अंतिम परिणाम जल्द ही घोषित हो जाएंगे।
6	जगत् के दो भेद हैं स्थावर और जंगम ॥	लोक दो प्रकार का है, स्थिर और जंगम।
5	आप लेख लिखते हैं क्या ?	आप लेख लिखते हैं क्या?
5	दो महिने पहले गया ।	दो महीने पहले गया था।
3	परन्तु स्मरण करके बताऊँगा।	परन्तु स्मरण करके बोलूँगा।
30	आरंभ का जीवन प्रीति से भरा जा रहा है। शुक्रवार सुबह 10 बजे उत्तर प्रदेश के शाहजहाँपुर के कारावार के निकट खिरनी बाग में मुरलीधर मूलमती दम्पत्ति के द्वितीय पुत्र के रूप में जन्मे।	प्रारम्भिक जीवन को ज्येष्ट शुक्ल एकादशी के दिन शुक्रवार को उत्तर प्रदेश के शाहजहाँपुर के कारवार के पास खिरीनी बाग में, जो उत्तर प्रदेश के शाहजहाँपुर के कारवार के पास स्थित है, यह दिव्यता का जन्म हुआ था, जो मुरलीधर मूलमती दंपति के दूसरे पुत्र थे।
8	दिवंगत महारानी एलिजाबेथ के सम्मान में रविवार को भारत में एक दिन का शोक मनाया जाएगा।	दिवंगत महारानी एलिजाबेथ के सम्मान में भारत में रविवार को एक दिवसीय शोक मनाया जाएगा।
1	प्रजापति	जो
4	मनीषी बुद्धि से मन को जानता है।	ज्ञानी व्यक्ति मनीष के द्वारा मन को प्रसन्न करता है।
1	मेरी ओर से	मेरे वचन से
4	अन्य पात्र छोटे ही हैं।	अन्य पात्र छोटे ही हैं।
10	दिल्ली की राज्यसभा में तीन, सिक्किम में भी एक राज्यसभा-सभा की बैठक में-चुनाव के लिए अधिसूचना जारी है.	दिल्ली की राज्यसभा की तीन, सिक्किम-और राज्य की एक राज्यसभा-आसन-चुनाव के लिए अधिसूचना जारी कर दी गई है.
7	तिल काले हैं, माष भी वैसे ही हैं।	तिल काले हैं वैसे ही मछलियाँ भी।
7	श्रीकृष्ण उसके वध की इच्छा करता हुआ उसकी राजधानी में गया।	श्रीकृष्ण उसकी हत्या की इच्छा से उसकी राजधानी गए।
15	वरिष्ठ वर्ग का कामकाज-आदर्श-परियोजना-प्रतियोगिता में क्रमशः-ज्ञानभारती-लोग-विद्यालय:, :,आर्य-दुल्हन-इंटर-कॉलेज, श्री सिद्धबली-जनता-स्कूलों ने प्रथम, द्वितीय व तृतीय स्थान प्राप्त किया।	वरिष्ठ वर्ग के कार्यशील-आदर्श-परियोजना-प्रतियोगिता में क्रमशः-ज्ञान भारती-जनता-विद्यालय, आर्य-कन्या-इंटर-कॉलेज, श्री सिद्धबली-पब्लिक-स्कूल ने पहले और दूसरे तीसरे स्थान पर रहे।
4	इस प्रकार चिन्ता करते हुए बड़े दूर से श्रीरामचन्द्रजी लौटने लगे। इधर उस मारीच का कहा हुआ शब्द सुनकर अत्यन्त भय और दुःख से व्याकुल हो सीताजी लक्ष्मण से इस प्रकार बोली"लक्ष्मण! तुम जल्दी जाओ तुम्हारे भाई असुरों से पीड़ित हैं ॥	इस प्रकार चिन्ता से व्याकुल होकर श्रीरामचन्द्रजी दूर हो गये।
15	केंद्रीय मंत्री स्मृति ईरानी अश्विनी वैष्णव हरदीप सिंह-पुरी इस पांच दिवसीय कार्यक्रम में भारत का प्रतिनिधित्व करेंगे।	केंद्रीय मंत्री स्मृति ईरानी अश्विनी वैष्णव और हरदीप सिंह-पुरी पांच दिवसीय कार्यक्रम में भारत का प्रतिनिधित्व करेंगे।
1	दो राम के	दो राम में
6	राधवेन्द्र कपिलदेव की तरह क्रिकेट खेलता है।	राधवेन्द्र कपिलदेव के समान क्रिकेट खेलता है।
14	अदालत ने चिकित्सालय द्वारा डिज़ाइन किया गया खोज पत्र कानूनी दृष्टि से दुष्ट माना है, यह भारतीय साक्षीून एस.के. सी. और एक अवहेलना है।	कोर्ट ने अस्पताल द्वारा तैयार किए गए जांच फॉर्म को कानूनी दृष्टि से दुष्ट माना, और भारतीय गवाहों की धारा ए का अवहेलना किया।
6	वह वहीं बैठकर सब कुछ देखता है।	वह वहीं बैठकर सभी को देखता है।
10	मधुमास चैत्र शुक्लपक्ष नवमी तिथि कर्क लग्न में, पुनर्वसु नक्षत्र में जिस समय पाँच ग्रह उच्च राशि पर स्थित थे, सूर्य मेष राशि पर विद्यमान थे, उस समय परमात्मा सनातन जगन्नाथ का आविर्भाव हुआ। उस समय आकाश दिव्य पुष्पों की वर्षा से पूर्ण हो गया ॥	मधु के महीने के सिते दिन नववें कार्तिक पर्व की शुभकामनाएँ। फिर वृक्षों के साथ पृथ्वी के शिखर पर।
4	सुचेता क्या गिनती है ?	सुचेता क्या गिनती है?
3	तुम सेवो ।	तुम सब सेवा करो।
5	आप किसके भाई हैं ?	आप किसके भाई हैं?
3	वह अंधकार से डरता है ।	वह अन्धकार से डरती है।
33	मिनी अंगनबाड़ी कार्यकर्ता 730, सहायक 5500, आशा कार्यकर्ता 500, एमडीएम कार्यकर्ता 4, शिक्षा प्रभाग के जल वाहक 000, पानी रक्षक 5300, जलशक्ति प्रभाग के बहुउद्देश्य कार्यकर्ता 000, परमात्मा के कार्यकर्ता 6300, पंचायत अधिकारी 8000, राजस्व अधिकारी (चौकीदार) 5800 और नम्बरदार 2,200 अंक को प्राप्त करेंगे।	मिनी आंगनवाड़ी कार्यकर्ता 7,000, सहायक 5500, आशा कार्यकर्ता 5500, एमडीएम कार्यकर्ता 4,500, शिक्षा विभाग का जल वाहक 5000, जल रक्षक 5300, जलशक्ति विभाग का बहुउद्देश्य कार्यकर्ता 500, पाराफिटर-ऑपरेटर 6300, पंचायत सेवक 6,000, राजस्व सेवक (चौकीदार) 500, नंबरदार भी 400 का मान प्राप्त करेंगे।
5	बिल्ली तो घर में होती ही है।	बिल्ली तो घर में ही होती है।
4	उसको मिठाई दी ।	उसे मिठाई दी।
1	संतान	पुत्र को
11	शिक्षा मंत्री विजय वाचक ने नियुक्त शिक्षकों के बारे में सदन के बाहर घोषणा की.	इस समय शिक्षा मंत्री विजय चतुर्थी ने नियुक्त शिक्षकों के बारे में सदन के बाहर घोषणा की।
1	लाकर।	खाकर
12	ये मणि तो श्री सीता और राम के साकार मूर्तियाँ दिखाई नहीं देतीं, न उनका नाम ही है।	इन मणिओं में न तो श्रीसीताराम का साकार विग्रह दिखता है और न उनका नाम ही है।
4	हे सरस्वती (वाणी) आप अपनी नवीन वीणा को बजाओ।	वाणी को नए नाम से बुलाओ। वीणा को
4	सुनार अनेक प्रकार के कान के झुमके दिखाता है।	सुनार अनेक प्रकार के कान के ललाट दिखाता है।
4	तब लोग प्रेरणा को वन्दन करते हैं।	तब लोग प्रेरणा को वन्दन करते हैं।
13	[द्रौपदीने कहा-] हे गोविन्द ! हे द्वारकाके रहनेवाले, हे गोपीवल्लभ श्रीकृष्णचन्द्र क्या आप मुझे कौरवोंके द्वारा अपमानित होती हुई नहीं जानते ? ॥	गोविन्द, द्वारिकावासिनी, कृष्ण, गोपियोंकी प्रिया, कौरवों! आप मुझे क्या नहीं जानते?॥
13	पूर्व कांग्रेस नेता राजेन्द्र रण ने कहा कि राज्य में हर जगह बिजली के खंभे, सेवा तारों, मीटर मात्रों का अभाव है।	पूर्व कांग्रेस विधायक राजेन्द्र रण ने कहा कि राज्य में हर जगह बिजली के खम्भे, सेवाधारकों, मीटर-मात्रों का अभाव है।
13	श्रीबाबा नीबकरौरीजी वेद विद्यालय के सभागार में यह कार्यक्रम सुबह 10:00 बजे से शाम 05:00 बजे तक आयोजित किया गया।	श्रीबाबा नीबकरुजी वेद विद्यालय के सभागार में यह कार्यक्रम सुबह <10:00] बजे से शाम <05:00] बजे तक आयोजित किया गया।
12	सभी पाण्डव वन के शमी पेड़ पर अपनेशस्त्रों को छिपाकर अपने वेष को बदलकर अधीपति विराट के प्रासाद में प्रवेश करते हैं।	सभी पाण्डव शमी वृक्ष पर अपने शस्त्रों को रखकर अपने वस्त्र बदलकर राजा विराट के महल में प्रवेश कर गए।
5	दीपक के चारों ओर कीड़े हैं।	दीपक के चारों ओर कीड़े हैं।
4	सुजाता ने बैंक में नौकरी पाई।	सुजाता ने बैंक में नौकरी पाई।
6	किशोर का बेटा विद्यालय से घर नहीं आता है।	किशोर का बेटा विद्यालय से घर नहीं आता है।
8	अतः हे सुग्रीव! बन्दरों के साथ जल्दी से विमान चढ़ो।	इसलिये हे सुग्रीव! वानरों के साथ द्रुत विमान में चढ़ो।
15	उत्तर प्रदेश संस्कृत संस्थान-लेखन के माध्यम से संस्कृत भाषा की शिक्षा के कक्षाओं में जीवन के प्रत्येक क्षेत्र को छूती हुई देववाणी को शिक्षित करने के लिए हम प्रयासरत हैं।	दिसंबर में उत्तर प्रदेश संस्कृत संस्थान-लखनऊ के माध्यम से संस्कृत भाषा शिक्षण कक्षाओं में जीवन के हर क्षेत्र को छूने वाले देववाणी को शिक्षित करने और सिखाने के लिए हम प्रयास कर रहे हैं।
3	कौए ने लड़के के हाथ से रोटी लेली।	बालक ने बालक के हाथ की बोतल पकड़ी।
7	करता हुआ ही यहाँ कर्म, जीने की इच्छा करे सौ वर्ष	करते हुए ही ये सौ कर्म जीते जाएँगे।
4	नहीं, ये दोनों जोर से भौंकते हैं।	नहीं, ये दोनों जोर से भौंकते हैं।
1	अपरिवर्तनीय	हड्डियाँ
10	जो अपेक्षारहित, शुद्ध, दक्ष, उदासीन, व्यथारहित और सर्वकर्मों का संन्यास करने वाला मेरा भक्त है, वह मुझे प्रिय है।।	जो मेरे भक्त हैं, वे मेरे प्रिय हैं, वे निःसन्देह, निष्कपट, उदासीन, उदासीन और निष्कपट हैं।
4	शाम को वह कार्यालय बन्द करता है।	शाम को वह कार्यालय बंद कर देता है।
9	इस प्रकारमुक्त श्रीराम रथ पर चढ़कर और प्रणाम कर उस रथ पर चढ़ गया।	इस प्रकार सेमुक्त श्रीराम ने रथ पर चढ़कर उसका अभिवादन किया।
15	जिस प्रकार सोने की परीक्षा चार प्रकार से की जाती है-उसे कसौटी पर घिसा जाता है, काटकर देखा जाता है, तपाया जाता है और कूटकर उसकी जांच की जाती है, उसी प्रकार मनुष्य कितना श्रेष्ठ है इसकी पहचान भी इन चार बातों से होती है। चाणक्य के अनुसार, इन चारों प्रकारों से की गई परीक्षा में स्वयं को सही सिद्ध करने वाला व्यक्ति ही 'खरा' है। उसकी सज्जनता, उसका चरित्र, उसके गुण और उसका आचार- व्यवहार उसके खरेपन की पुष्टि करते हैं।	जिस प्रकार घिसने, काटने, तापाने, पीटने, पीटने, पीटने, पीटने, पीटने, पीटने, पीटने, पीटने, पीटने, पीटने, पीटने, पीटने, पीटने, पीटने, पीटने, पीटने, पीटने, पीटने, पीटने, पीटने, पीटने, पीटने, पीटने, पीटने, पीटने, पीटने, पीटने, पीटने, पीटने, पीटने, पीटने, पीटने, पीटने, पीटने, पीटने, पीट
11	तख़्ता-भारत गावस्कर कप की मेजबानी कर रहा है-ऑस्ट्रेलियाई क्रिकेट क्रिकेट टूर्नामेंट भारत के नागपुर में शुरू हुआ।	बोडर-भारत गावस्कर कप के लिए आयोजित किया जा रहा है-ऑस्ट्रेलिया क्रिकेट टूर्नामेंट भारत के नागपुर में शुरू हुआ।
6	उसने प्रधानमंत्री को अपना-अपना सन्देश भी दिया.	उन्होंने प्रधानमंत्री को अपना-अपना संदेश भी दिया।
5	उपदेश के बिना प्रथम ज्ञान उत्पन्न हो गया।	उपज्ञा उपदेशक के बिना प्रथम ज्ञान प्राप्त हुई।
12	नील कमलके समान श्याम स्निग्ध निर्मल उत्ताल तरङ्गोंका ताण्डव धारण करनेवाली कलिन्द पर्वतकी कन्या, माता देवि यमुने! हम तुम्हें प्रणाम करते  तुम तुरीया भी हो, क्योंकि मुरदैत्यके शत्रु भगवान् कृष्णकी प्रियतमा हो और उनके बचपन तथा यौवनकी लीलाओंकी अधिष्ठात्री एवं अन्य पटरानियोंमें सबसे अधिक वन्दनीया हो	माता की देवी कालिदास के समान सुन्दर नीलमणि के समान श्यामवर्ण की है, जो स्निग्ध है, कमल के समान श्यामवर्ण है, जो कमल के समान कोमल है, जो कमल के समान कोमल है, जो कमल के समान कोमल है, जो कमल के समान कोमल है, जो कमल के समान श्यामवर्ण है, जो मोरों के प्रिय हैं, जो बालकों के समान सुन्दर हैं, जो लीलाओं को धारण करने वाली हैं, जिनके वध करने वाली हैं और जो महशी के वंश में हैं, उन वन्द्यों को तुम नमस्कार करती हो।
6	जलों को वर्षा काल के चारों ओर से धाराओं के	वह क्या कर सकती है? मैं वर्षा से वायु उत्पन्न करूँगी,
1	macrocrystaline	मोटा कपड़ा
1	शिर में	सिर
7	इसके अलावा, पांच अन्य ग्रीनहाउस पूरी संस्कार के लिए प्रयास कर रहे हैं।	इसके अलावा, अन्य पांच ग्रीनहाउस सड़कों को पूरा करने के प्रयास चल रहे हैं।
9	ओह , इसीलिए मैं भी ठण्ड अनुभव कर रहा हूँ ।	ओह, इसीलिए मैं भी ठंड अनुभव कर रहा हूँ।
6	जनवरी तक या अग्रिम आदेश तक जारी रहेगा।	जनवरी तक या अग्रिम-आदेश तक जारी रहेगा।
3	दोनों ने जनेऊ बदला।	दोनों ने यज्ञोपवीत बदल दिया।
6	आप स्कूल की छुट्टियों में कहाँ घूमना पसंद करते हैं?	आपको छुट्टी पर कहाँ घूमना पसंद है?
9	चन्दन – तो जल्दी ही पूजा करो और प्रसाद को दो	चन्दन-तो जल्दी से पूजा करो और प्रसाद दो।
1	बिलाव	बिल्ला
3	एक निर्धन बोला	एक निर्धन बोला
8	U.एस ने प्रेस लाइसेंस जारी किया और यह सूचना दी गई।	यह सूचना एटीएस द्वारा प्रेस विज्ञापन के बाद दी गई थी।
4	इसके बाद तपस्या करता हुआ तपोदत्त प्रवेश करता है)	तपस्वी तपदत्त वहाँ से प्रवेश करता है।
14	देश के नागरिकों को digital न्यायालय रिपोर्ट निःशुल्क है-यह तकनीकी रूप में न्यायालय के निर्णयों को फैलाएगी।	देश के नागरिकों को डिजिटल कोर्ट रिपोर्ट निःशुल्क दी जाएगी-और तकनीकी प्रारूप में कोर्ट के निर्णयों को प्रसारित किया जाएगा।
7	कार्यक्रम में भारत सरकार के शिक्षा मंत्री धर्मेन्द्र प्रधान मुख्य अतिथि के रूप में रहे।	कार्यक्रम में भारत सरकार के शिक्षा मंत्री धर्मेन्द्र प्रधान विशिष्ट अतिथि के रूप में थे।
1	तैयार	कहा गया
3	कब चले थे ?	कब चले गये?
5	हिमाचल में भी यह चरण निकलता है।	हिमाचल में भी यह चरण बढ़ता है।
9	व्यक्तियों का दृढ़ संकल्प सब कार्य सिद्ध करने में सक्षम है। लोकतन्त्र में कुछ भी हो गया है.	व्यक्ति का दृढ़ संकल्प सब कुछ सिद्ध करने में समर्थ है। लोकतन्त्र में कुछ भी सम्भव नहीं है।
15	इसी क्रम में संस्कृत भारती पंजाब प्रांत के संयुक्त तत्वावधान में शिव मंदिर-शहरी-राज्य-चेहरा1इस जगह में24दिसंबर: 31दिसंबर तक चलने वाले गीता ज्ञान यज्ञ समारोह के तीसरे दिन डाॅश्रीमती ओमान	क्रमशः संस्कृत भारती पंजाब प्रांत के संयुक्त तत्वाधान में शिव मंदिर-अर्बन-स्टेट-फेस1 इस स्थल पर 24 दिसंबर से 31 दिसंबर तक आयोजित गीता ज्ञान यज्ञ समारोह के तीसरे दिन।
9	हे राघव! उसी समय नर्मदा नाम का कोई गन्धर्वी भी था।	हे राघव! उसी समय नर्मदा नाम की कोई गन्धर्वी थी।
4	किसान फसल की रक्षा के लिये प्रार्थना करते हैं।	किसान फसल की रक्षा के लिये प्रार्थना करते हैं।
1	चाहती हूँ	चाहता हूँ।
3	बच्ची को आम पसंद है।	बच्ची को आम पसंद है।
8	एक मिनट की भी देरी होती तो मैं निकल जाता ।	एक मिनट भी देर हो जाए तो मैं चला गया।
6	शायद वह संस्कृत के विकास के लिये काम करेगा	शायद संस्कृत के विकास के लिये वह कार्य करे।
10	हम जानते हैं कि आपका ब्रह्माजी की प्रार्थना पर भूमि का भार हरण करने के लिए ही अवतार हुआ है। आप साक्षात् श्रीहरि, श्रीजानकीजी लक्ष्मी, श्रीलक्ष्मणजी शेषजी का अंश और भरत शत्रुघ्न भगवान् के शंख और चक्र हैं; यह भी हम जानते हैं। अतः आप सर्वप्रथम यहाँ के ऋषियों के दुःख को दूर कीजिए ॥	हे ब्रह्मन्! आप इस पृथ्वी के भारवाहक अवतार के रूप में उत्पन्न हुए हैं। हे जानकी! आप लक्ष्मी, जानकी और लक्ष्मण को जानते हैं।।
7	अध्ययन के नतीजे न्यूरो एपिडेमियोलॉजी पत्रिका में प्रकाशित हुए थे।	अध्ययन का परिणाम न्यूरो एपिडेमियोलॉजी अखबार में ही प्रकाशित हुआ।
5	एक बार हम लोग वैष्णोमन्दिर जायेंगे।	एक बार हम वैष्णोमन्दिर जाएँगे।
7	धृतराष्ट्र ने वीरों के वीरता को सुनने की इच्छा व्यक्त की।	धृतराष्ट्र ने वीरों के शौर्य को सुनने की इच्छा व्यक्त की।
38	पिछले दो दिनों में पश्चिमी वेग की प्रतिघंटा 2030 किमी से 40 किमी तक थी, इसलिए राज्य में अधिकतम तापमान 2 से 4 डिग्री सेल्सियस तक कम कर दिया गया है 11 फरवरी को पटना सहित राज्य में पूर्व गति चल रही है, इससे अधिकतम तापमान 2 सेल्सियस तक बढ़ गया है।	पिछले दो दिनों में पश्चिमी वायु की गति प्रति घंटे 20-30 कि.मी.तः 40 <कि.मी].. तक थी, इसलिए राज्य में सबसे कम तापमान 2 से 4 डिग्री सेल्सियस तक कम कर दिया गया है 11 फरवरी को पटना सहित राज्य में पूर्व वायु प्रवाह के कारण अधिकतम और सबसे कम तापमान 2 से 3 डिग्री सेल्सियस तक बढ़ रहा है।
1	राजा द्वारा	राजा के द्वारा
12	प्रकाशमान रश्मियों के समूह अथवा सूर्यदेव उदित हो रहे हैं ये मित्र, वरुण, अग्नि और सम्पूर्ण विश्व के प्रकाशक ज्योतिर्मय नेत्र हैं। सूर्यदेव ने उदित होकर द्युलोक, पृथ्वी और अन्तरिक्ष को अपने प्रकाश से सर्वतः परिपूर्ण कर दिया है यह सूर्य देव सम्पूर्ण स्थावर जंगम जगत के आत्मा रूप हैं।	देवों, देवों, देवों, देवों, देवों, देवों, देवों, देवों, देवों, देवों, देवों, देवों, देवों, देवों, देवों, देवों, देवों, देवों, देवों, देवों, देवों, देवों, देवों, देवों, देवों, देवों, देवों, देवों, देवों, देवों, देवों, देवों, देवों, देवों, देवों, देवों, देवों, देवों, देवों,
7	हेतु, लक्षण ओर काल को समझने वाले तथा बल और शुद्ध एव अशुद्ध रक्त के वर्ण की पहिचान करने वाले वैद्य को चाहिये कि रक्तस्राव की उपेक्षा उस समय तक करता रहे जब तक कि भयानक रूप धारण न करले, अथवा काई घातक रूप पैदा न करे ॥	जो व्यक्ति लक्षण काल का ज्ञाता है, बलवान् है, रंग का ज्ञाता है, वह जब तक आयु को प्राप्त नहीं कर लेता, तब तक आयु को प्राप्त नहीं कर पाता।
1	उल्लू	उल्लू
6	यह विधेयक पूर्व चुनाव आयोग के पास होगा-विधेयक के पद पर बनेगा।	यह विधेयक पूर्व चुनाव आयोग है-विधेयक के स्थान पर खड़ा होगा।
1	जम्हाई लेना	जम्हाई लेता है।
4	जब वह चुटकुला बोलता है	जब वह चुटकुला बोलता है
4	पाँच लड़कियाँ है।	पाँच लड़कियाँ हैं।
1	नाम से जाना जा सकता है	जानते हो।
17	इस भारत विकसित भारत करने का लक्ष्य देश के सफल प्रधानमंत्री नरेंद्र मोदी ने लिया है, देश उस दिशा में अग्रणी है।	प्रधानमंत्री नरेंद्र मोदी ने इस भारत को विकसित भारत बनाने का लक्ष्य हासिल कर लिया है, और देश उस दिशा में आगे बढ़ रहा है।
3	''लक्ष्य लक्षण पर व्याकरण है यह भाष्यकार है।	"लक्ष्य लक्ष्य में व्याकरण है" भाष्यकार।
1	समाप्ति का	अंतिम
3	उन्होंने भयंकर कष्टों को सहन किया।	वे भयंकर कष्ट सहन नहीं कर सके।
5	आज मैंने अँगूर खाना चाहा।	आज मैं अँगूर खाना चाहता था।
9	सुप्रीम कोर्ट द्वारा जारी मानवाधिकार पत्र पर अवैध धनों को नियंत्रित करने के लिए एकमात्र कानून नहीं होता है।	सुप्रीम कोर्ट द्वारा जारी गैर-चुनाव याचिका अवैध धन पर नियंत्रण के लिए एकमात्र कानून नहीं है।
3	यह अत्यन्त जल्दी लिखता हैं।	भय के समान जल्दी लिखता है।
5	वैद्य रोगी के लिए दवाई देता है।	वैद्य रोगी व्यक्ति को औषधि देता है।
5	क्या आप पात्र में पानी भर देंगे?	बर्तन जल से भरोगे क्या?
6	अतः व्यवसाय में बहुत लाभ नहीं है।	इसलिये व्यवसाय में बहुत लाभ नहीं है।
14	अट्ठाईस राज्य के आठ केंद्र शासित क्षेत्रों में स्थित इन रेलवे स्टेशनों का पुनर्विकास काम लगभग बीस हजार से अधिक रुपये का खर्च किया जाता है।	अट्ठाईस राज्यों के आठ केंद्र शासित प्रदेशों में स्थित इन रेलवे स्टेशनों का पुनर्विकास उन्नीस हजार करोड़ रुपये से अधिक के खर्च से किया जा रहा है।
3	यह महिला है।	ये महिला।
11	उन्होंने कहा कि राज्य सरकार जल्द ही हाड़ी समुदाय के लिए अनुसूचित जाति पदवी प्रदान करने में प्रतिबद्ध है।	उन्होंने कहा कि राज्य सरकार जल्द ही हाड़ी समुदाय को अनुसूचित जाति पद को देने के लिए प्रतिबद्ध है।
1	देवताओं द्वारा स्थापित	देवहित
4	प्रतिदिन पढ़ेंगे क्या ?	रोज पढ\u093Cेंगे क्या?
1	महल	छत
4	कच्ची केरी में हींगहीं डाली जाती है।	कच्चे आम में हींग डाला जाता है।
4	हाँ, आज की जिज्ञासा परायें।	हाँ, आज की जिज्ञासा प्रस्तुत करें।
3	वह वाशिंग मशीन चलाती है।	वह वाशिंग मशीन चलाती है।
10	गोशाला में सोलन जिले के पट्टा और कांगड़ा जिले के पालमपुर में अनुमोदन किया गया था।	गोष्ठी में सोलन जिले के पट्टा और कांगड़ा जिले के पालमपुर में खंड विकास कार्यालयों के उद्घाटन के लिए मंजूरी दी गई।
1	खरीदना	खरीदना
10	लेकिन अभी तक ड्रैड्डी-निर्माताओं को इस विषय पर आधिकारिक वक्तव्य नहीं मिला।	लेकिन अब तक डड्डी-निर्माताओं को इस विषय पर आधिकारिक वक्तव्य नहीं मिला है।
16	उद्घाटन समारोह वाग्देवी सरस्वती की पूजा और दीप प्रज्ज्वलन के साथ शुरू हुआ। दीप प्रज्वलन के दौरान डाॅअंकितासांडिलियेन, सरस्वती वंदना एवं संचालन अनुरुद्ध त्रिपाठी ने किया।	उद्घाटन समारोह की शुरुआत वाग्देवी सरस्वती की पूजा और दीप प्रज्ज्वलन के साथ हुई। दीप प्रज्ज्वलन के दौरान वैदिक मंगलाचरण डॉ. अंकित संदिल्य, सरस्वती वंदना और अनुरुद्ध त्रिपाठी द्वारा विहित।
4	हमें संस्कृत में बोलना चाहिये।	हमें संस्कृत में बोलना चाहिये।
1	हर आत्मा में	प्रत्येक आत्मा को
4	विष क्या है? गुरुओं की अवहेलना।	विष क्या है? अधिराज गुरुजनों में।
11	उन्होंने कहा कि इन आवेदकों ने इस महत्वाकांक्षी योजना में रुचि दिखाई दी है।	उन्होंने कहा कि इन सभी आवेदकों ने इस महत्वाकांक्षी योजना में रुचि दिखाई है।
5	जहाँ परिश्रम हैं, वहाँ असफलता कहाँ?	जहाँ परिश्रम है, वहाँ असफलता कहाँ है?
8	क्षमा करियेगा , मैं वो काम भूल गया / भूल गई।	क्षमा करियेगा, मैं वह काम भूल गई/भूल गई।
7	ओह , सच में नहीं जानता था	ओह, सच में नहीं जानता था।
5	वह शास्त्र का सब ज्ञान जानता है।	वह शास्त्र का सारा ज्ञान जानता है।
7	वे निशाचर वहाँ खड़े रहते हैं, वे हमें सबको प्रभावित करते हैं।	वहाँ स्थित वे राक्षस हम सबको मारते हैं।
18	9 घंटे 44 मिनट की कार सेवा-यह समय था। सुबह के 9 बजकर 10 मिनट हो रहे थे जब मनीराम कैंप के गेट खुले!	9 घंटे 44 मिनट की कार सेवा का समय था। सुबह 9 बजे से 10 मिनट हो गया तब मणिराम शिविर का दरवाजा खुल गया!
1	बात	था
9	दूसरा विकल्प नहीं देखकर दीवान गौ पालक को न्यायालय ले गए।	दूसरा विकल्प नहीं देखकर दीवान गौपाल को न्यायालय ले गया।
7	आपका भार बहुत अधिक है।	ओह, आपका वजन बहुत अधिक है।
8	इसीलिए लघुता विचार करके अधुशब्द की अपेक्षा से साधुशब्द अकेला ही योग्य है।	इसलिए, तुच्छता को विचारकर अशुद्ध शब्द की अपेक्षा साधु शब्दकथा में ही योग्य माना जाता है।
14	प्रधानमंत्री नरेंद्र मोदी आज महाराष्ट्र साढ़े तीस- करोड़ से अधिक विकासों का उद्घाटन और शिलान्यास करेंगे।	प्रधानमंत्री नरेंद्र मोदी आज महाराष्ट्र में साढ़े तीन करोड़ से अधिक के विभिन्न विकास परियोजनाओं का उद्घाटन और शिलान्यास करेंगे।
6	अब मैं भी अपनाकाम स्वयं ही करूँगा ।”	अब मैं भी अपने काम अपने आप करना चाहता हूँ।
1	गरजते हैं	गरजते हुए
6	आठवें दिन फल को हिमाचल प्रदेश से जाना जा सकता है।	आठ तारीख को हिमाचल प्रदेश के साथ परिणाम ज्ञात किया जा सकता है।
1	उदार	उदार
3	वह पेंसिल तीखी कर रही है।	वह पेंसिल तीखी करती है।
9	मैं आपकी माया से मोहित होकर पति पुत्र, धन आदि के लोभ में संसार सागर में मग्न थी, आज सौभाग्यवश आपके चरण कमलों के समीप आयी हूँ ॥	इस संसार सागर में पति और पुत्र के धन आदि में मग्न होकर मैं माया से आपके चरणारविन्द के पास आया हूँ॥
1	ग्रस्त होता है।	प्राप्त होता है।
1	प्रयोजन युक्त	सार्थक
4	दो पहर एक बजे भोजन।	दोपहर एक बजे भोजन।
14	केंद्रीय मंत्री किरेन रिजीजु ने कहा कि यह वित्त-विकल्पना-पत्र भारत के आगे ले जाने के लिए एक आदर्श माध्यम है।	केंद्रीय मंत्री किरेन रिजीजू ने कहा कि यह वित्त-संकल्पना-पत्र भारत को आगे ले जाने के लिए एक आदर्श माध्यम है।
7	पुण्य कर्म में जो रत हैं वे पुण्य फल ही पाएँगे।	पुण्यकर्म करने वाले रतों को पुण्य फल प्राप्त होंगे।
11	उसे बैल का चित्र दीजिए। गणेश! तुझे बालिका का चित्र आचार्या ने दिया क्या ?	उसे बिल्ला का चित्र दीजिये। गणेश! तुम्हें बालिका का चित्र आचार्य ने दिया है क्या?
1	रुई	वजन
3	ईश्वर सुखी लोगों को हंसाएगा।	ईश्वर सुखियों को सुख देगा।
20	नेचर इम्यूनोलॉजी जर्नल में प्रकाशित एक अध्ययन से पता चलता है कि वायरस, SARSCOV, परमाणु हस्तक्षेप के बाद 18 महीने तक मानव श्वसन पथ में रहता है।	नेचर इम्यूनोलॉजी जर्नल में एक शोध प्रकाशित हुआ है कि वायरस, सारस्कोव, संक्रमण के बाद 18 महीने तक मानव फेफड़ों में रहता है।
6	कहा जाता है कि कल नामांकन में प्रवेश किया जाएगा।	कहा जाता है कि कल नामांकन दाखिल होगा।
7	राजा का अपना हित प्रिय नहीं होता है। प्रजाओं का हित ही तो उसे प्रिय होता है।	न राजा का हित है और न प्रजा का हित है।
8	उस समय मैं उसके सामने बहुत दुःखी था।	उस नगर में उसके द्वारा बहुत दुःखी हुआ मैं था।
4	अधिक भोजन का यही फल है ।	अधिक भोजन से ही फल मिलता है।
12	कई लोग और सदस्य पूजा, लोग शाम को पूजा में उपस्थित होते हैं।	बहुत से लोग और सदस्य पूजा करते हैं, लोग शाम को प्रातः पूजा में उपस्थित होते हैं।
3	कार्यालय के पात्र धोता है।	कार्यालय के बर्तन धोता है।
3	और सब एक दिल वाले हैं ।	और सभी एक मन वाले।
3	भूतकाल में वाक्य लिखिये	अतीत में वाक्य लिखिये।
3	तब पथिक ने उन्हें गिना।	राहगीर ने उन्हें गिना।
2	तुम्हारी अभिलाषा	तुम्हारी इच्छा
8	उसी दिन चन्द्रयान ने चंद्र पृष्ठ पर एक सफल उतरान किया।	उसी दिन चन्द्रयान ने चंद्रमा की सतह पर सफल लैंडिंग की।
3	तुम जाते हो क्या?	तुम जाते हो क्या?
1	सींचना	सींचना
4	हमारे स्वतन्त्रता दिवस का समारोह होगा।	हमारा स्वतंत्रता दिवस समारोह होगा।
3	झूला बाग़ में है।	दोला बगीचे में है।
4	मैं पक्षियों को दाना देता हूँ।	मैं पक्षियों को दाना देता हूँ।
4	वह परिवार जनों के साथ जा रहा है।	वह परिवार के सदस्यों के साथ जाता है।
4	खाने योग्य सारी वस्तुएँ आज अशुद्ध (विषैली) वस्तुओं से मिलावटी हो गई हैं। तथा सारी धरती मैली (अशुद्ध) हो चुकी है।	अपवित्र पदार्थ पर आधारित भोजन जल के समान होता है।
8	उसके सींग रत्नमय, खुर मणिमय और नेत्र नील रत्नमय थे। इस प्रकार बिजली की छटा और मनोहर मुखवाला वह मृग श्रीरामचन्द्रजी के आश्रम के पास सीताजी के सामने वन में विचरण करने लगा ॥	वह श्यामवर्ण का, मणि-शिखर वाला, नीला रत्न धारण करने वाला और विद्युत्प्रभा से मोहित होकर वन के मध्य विचरण करने वाला है।।
7	पति – तुम चलो , मैं आता हूँ।	पति-तुम जाओ, मैं आता हूँ।
6	वे सब खेलने के लिए मैदान में गए ।	वे सभी खेलने के लिए मैदान में गए।
5	मुझसे अन्न लेकर उसे दे।	मेरा अन्न लेकर उसको दो।
5	उत्तम लड़की से धन लेता हूँ।	उत्तम बालिका का धन लेता हूँ।
6	और अपने परिवार का सम्मान अवश्य बढ़ेंगे।	अपने परिवार का सम्मान अवश्य बढ़ेगा।
8	1 अप्रैल से नवंबर 19 तक नए मार्गों की कामना शुरू हो गई है.	1 अप्रैल से नवंबर तक नए मार्गों का काम शुरू हो गया।
11	इस्लामी पुरुषों का बहुविवाह, निकाह, सुप्रीम कोर्ट ने हलाल की नैतिकता की जांच के लिए एक नई पीठ बनाने का फैसला किया है।	इस्लामी पुरुषों की बहुपत्नीता, निकाह, सुप्रीम कोर्ट ने हलालों की नीतिगत शुद्धता पर गौर करने के लिए एक नई पीठ बनाने का फैसला किया है।
9	समिति के अध्यक्ष राजेन्द्र रण हिमाचली नायक को धारण करके उसका सम्मान किया।	समिति के अध्यक्ष राजेन्द्र रण ने हिमाचली टोपी पहनकर उनका सम्मान किया।
9	तो इन शब्दों के ज्ञान से धर्म होता है या प्रयोग से ?	तो इन शब्दों का ज्ञान से धर्म होता है या प्रयोग से?
3	ऊपर की ओर साँस छोड़कर	कल के ऊपर नहीं
5	खेलते हुए बालक मुझे अच्छे लगते हैं ।	खेल रहे बच्चों को मुझे पसंद है।
11	अध्यक्ष भाषण में प्राचार्य महोदयों ने भारतीयों के प्रति सनतनीय परंपरा के विषय में एवं लोकसंस्कृतियों के छात्रों के परिचय कराया।	अध्यक्ष के भाषण से प्राचार्य महोदय ने भारतीयों की सनातन परंपरा के बारे में और छात्रों को लोकसंस्कृतियों का परिचय दिया।
14	एक समानांतर सुरंग के ड्रिलिंग ऑपरेशन में''ओगर''छेदने की जो मशीन बुलाई गई थी वह बिना किसी प्रवर्तन के थी। राष्ट्रीय आपदा निवारण बल ने सड़क पर गतिरोध को दूर करने के प्रयास शुरू किए हैं।	समानांतर सुरंग की निगरानी में "ओगर" नामक ऑब्जर्वर निष्क्रिय हो गया। राष्ट्रीय आपदा निवारण बल ने ऑब्जर्वर मार्ग पर हुए ठहराव को रोकने के प्रयास शुरू कर दिए हैं।
22	वित्त- मंत्रालय ने एक वक्तव्य में प्रतिपादित किया है कि इन संधियों के वितरण के तीसरे चरण में स्टेट बैंक चुनाव संधि-पत्र प्रसारण स्थल-वितरित करने के लिए अधिकृत नियुक्त किया गया।	वित्त-मंत्रालय ने एक वक्तव्य में प्रतिपादित किया कि इन संधियों के विक्रय के तीसरे चरण में स्टेट बैंक ने चयनित संधियों का वितरण किया है-पत्रों का प्रसारण उस स्थान पर धन-वितरण के लिए अधिकृत नियुक्त किया गया।
22	सर्वेक्षण के अनुसार ग्रामीण और शहरी क्षेत्रों में लगभग दोगुना वृद्धि हुई है। नीति के मुख्य कार्य करने वाली अधिकारी ने कहा कि सर्वेक्षण के नतीजे के अनुसार शहरी क्षेत्रों की अपेक्षा ग्रामीण। क्षेत्रों में उपभोग तेजी से बढ़ रहा है।	सर्वेक्षण के अनुसार ग्रामीण शहरी क्षेत्रों में उपभोग में लगभग दोगुना वृद्धि हुई है नीति आयोग के मुख्य कार्यकारी अधिकारी ने कहा कि सर्वेक्षण के निष्कर्ष के अनुसार शहरी क्षेत्रों की तुलना में ग्रामीण क्षेत्रों में उपभोग तीव्र हो रहा है।
10	सूचनाप्रसारण मंत्री अनुराग सिंह ठाकुर ने भी आज सशस्त्र सेना के ध्वज दिवस के अवसर पर सभी को नमस्कार किया।	सूचनाप्रसारण मंत्री अनुराग सिंह ठाकुर ने भी सशस्त्र सेना ध्वज दिवस के अवसर पर सभी को नमस्कार किया।
2	शान्त होइए	शान्त हो जाओ
9	हरिद्वार''उन्होंने निर्देश दिया कि उन्हें समर्थन पाने का प्रयास करना चाहिए।	हरिद्वारम् "उन्होंने निर्देश दिया कि इसे समर्थन पाने के प्रयास करने चाहिए।
6	इस संबंध में भारत केरिजर्व बैंक की अनुमति ली गई है।	इसके लिए भारत के रिजर्व बैंक की अनुमति ली गई है।
27	आयुष्मान भारत-प्रधानमंत्री जन-स्वास्थ्य-योजन के तहत राज्य में उत्तम स्वास्थ्य सुविधाएं प्रदान करने के लिए राज्यपाल शिव प्रताप शुक्ल ने शुक्रवार को ऐतिहासिकरिजाल में आयोजित को गणतंत्र दिवस समारोह में इन्दिरागांधी का उद्घाटन किया-आयुुर्विद्या महाविद्यालय के वरिष्ठ चिकित्सितक्षक डॉ. राहुल रण ने प्रशंसा पत्र देकर प्रशंसित किया।	आयुष्मान भारत-प्रधानमंत्री जन-स्वास्थ्य-योजना के तहत राज्य में उत्तम स्वास्थ्य सुविधाएं प्रदान करने के लिए राज्यपाल शिव प्रताप शुक्ल ने शुक्रवार को ऐतिहासिक रिज पर आयोजित को गणतंत्र दिवस समारोह में इंदिरा गांधी-आयुर्विज्ञान कॉलेज के वरिष्ठ चिकित्सा अधिकारी डॉ. राहुल रण ने प्रशंसा पत्र से सम्मानित किया।
4	प्रतीक – जरूर कहूँगा।	प्रतीक-अवश्य बोलूँगा।
7	अयमावासीय प्रबोधनवर्ग जनवरी से जनवरी तक चला।	अयमावासी प्रबोधन वर्ग जनवरी से जनवरी तक चला।
6	तो हम एक छोटा नाटक करते हैं।	तो फिर हम एक छोटा नाटक करते हैं।
6	हारे हुए मुसलमान लोग ब भी उपद्रव शर्थात् धूम धाम नहीं छोड़ते।	पगाजिता भी यवन अब भी द्रव नहीं छोड़ते हैं।
6	जिसके तहत राज्य सरकार अनाथ बच्चों को सभी खर्च करती है।	जिसके तहत राज्य सरकार अनाथ बच्चों का सारा खर्च वहन करती है।
4	बेल के पेड़ से सारे पत्ते गिर गए हैं ।	बिल्व वृक्ष से सभी पत्ते गिर गए।
8	वह बोली – पुत्र ! पानी ठंडा है।	वह बोली-बेटा! पानी ठंडा है।
13	इस सेमिनार के साथ छात्रों के बीच, शोध छात्रों में, प्रतिभागियों को भारतीय शिक्षा प्रणाली और नई शिक्षा नीतियों पर विशेष ज्ञान भी प्राप्त होगा	इस संगोष्ठी से छात्रों में, शोध छात्रों में, प्रतिभागीों में भारतीय शिक्षा प्रणाली और नई शिक्षा नीति के प्रति विशेषज्ञ ज्ञान का प्रवाह होगा।
9	वहाँ निज रामदास की सहायता से उस महापुरुष शंकरदेव का परिचय हुआ।	वहाँ रिश्तेदार रामदास की सहायता से उसका महापुरुष शंकरदेव से परिचय हुआ।
6	नहीं. आज स्नानघर में नहीं गाऊँगा।	न आज स्नानगृह में गाऊँगा।
6	वाट्सएप में तो संस्कृत पाठन बहुत अच्छे से चलता है	कुछ भी-व्यवहार में तो संस्कृत पढ\u093Cना बहुत अच्छा चल रहा है।
21	छात्र उन शिक्षा शिक्षकों से शिक्षण प्राप्त करते हैं, उन्हें अग्रिम काल में वाणी की भावना से अपना जीवन बिताते हैं, देश के विकास के लिए, स्वयं की उन्नति के लिए और कार्य के लिए, जैसे शिक्षा की आवश्यकता होती है।	छात्रों को उन शिक्षा गुरुओं से शिक्षण मिलना चाहिए, वे अग्रिम काल में सुननागरिक के रूप में अपना जीवन बिताने चाहिए, देश के विकास के लिए, और अपने उन्नति के लिए काम करने के लिए शिक्षा की आवश्यकता होती है।
6	घटना के बाद शिक्षक घर से भाग गया है।	घटना के बाद शिक्षक घर से भाग गया है।
5	हम समाज को क्या देते हैं ?	हम समाज को क्या देते हैं?
1	चट्टान	पतन
11	यदि हम हिमाचल में शुरू करते हैं तो बाहर राज्यों को भी अच्छा सन्देश भेजना चाहिये।	यदि हम हिमाचल में शुरू करते हैं तो बाहर के राज्यों को भी अच्छा संदेश भेजा जाएगा।
5	फिर भी सामा बहुत गुणवती है ।	फिर भी सामा बहुत गुणवती है।
15	जयश्रीराम के घोषणों से आकाश काँप गया।''रामलल्ला हम हैं, मन्दिर यहीं बनाये जाते हैं''यह जयघोष था।	जयशंकर राम के घोषणा से आकाश काँप रहा था। "रामलल्ला हम आए हैं, मंदिर यहीं बनेगा, यह जयघोष था।
10	आप केवल खाते हैं, न पढ़ते हैं न कोई कार्य करते हैं ?	आप केवल खाते हैं, नहीं पढ़ते हैं या काम करते हैं।
5	विद्यालय के प्रार्थना सत्र में वह संस्कृत गीत गाती है।	विद्यालय के प्रार्थना सत्र में वह संस्कृत गीत गाती है।
9	उसी क्रम में और बीच में स्नातक पद और स्नातकोत्तर उपाधि प्राप्त हुए।	उसी प्रकार क्रमशः और बीच में स्नातक डिग्री और स्नातकोत्तर डिग्री प्राप्त की।
4	किस राग की वेला है।	किस राग का समय है।
3	कागजातों को फाइल में संगृहीत करता है।	पत्ते रजिस्टर में लपेटता है।
3	विविध व्यंजन मिलते हैं।	विविध व्यञ्जन उपलब्ध हैं।
14	भारत- इंग्लैंड के बीच खेले गए टेस्ट क्रिकेट टूर्नामेंट के पहले मैच में भारतीय गेंदबाजों का प्रदर्शन अच्छा रहा।	भारत-इंग्लैंड के बीच खेले गए टेस्ट क्रिकेट टूर्नामेंट के पहले मैच में भारतीय गेंदबाजों ने अच्छा प्रदर्शन किया।
4	आधी रात एक बजे जागूँगा।	आधी रात को एक बजे जागूँगा।
8	वह कहती है - तुम सबके दोनों चरण संगीत के अनुसार रखो।	वह बोलती है-तुम्हारे दोनों पैर संगीत के अनुसार रख दो।
1	प्रकाशना	प्रकाशना
17	बौद्धिक सत्र में बोलने के रूप में उपस्थित हाटा प्रतापपुर जिले के श्रीकृष्ण-इंतर-महाविद्यालय के प्रिंसिपल डॉ. उमानाथ तिवारी ने कहा कि संस्कृत भाषा के विशेषता का व्याख्यान करते हुए संस्कृत भाषा संस्कारित हो रही है।	बौद्धिक सत्र में वक्ता के रूप में उपस्थित हुए हाटाप्रतापपुर जिले के श्रीकृष्ण-अन्तर-महाविद्यालय के प्राचार्य डॉ. उमानाथ तिवारी ने कहा कि संस्कृत संस्कृत भाषा के विशेषताओं पर व्याख्यान देने के लिए संस्कृत भाषा एक संस्कारित घर प्रदान करती है।
8	पिछले एक वर्ष सरकार ने तीन प्रतिज्ञा पूरी कर ली हैं।	पिछले एक वर्ष में सरकार ने तीन प्रतिज्ञा पूरी कर ली हैं।
5	उसे देखकर सभी प्रसन्न होते हैं।	उसको देखकर सभी खुश होते हैं।
15	इस प्रकार विलाप कर के भयभीत होकर श्रीरामचन्द्रजी बोले हे प्रभो! आपकी कृपा से इस श्मशान के आने हुए का कृत्य करना चाहता हूँ।	इस प्रकार विलाप करते हुए विभीषण ने श्रीराम से कहा-हे भगवन्! आपकी कृपा से मैं इस प्रेतात्मा का कार्य करना चाहता हूँ।
1	अनेक प्रकार की	अनेक प्रकार के
8	रावेल और रेंटिला गांवों के क्षेत्रों में आसमान से गोल चट्टानें गिरीं।	रावल रंतीला नामक गाँवों के क्षेत्रों में ही गोल पत्थर के टुकड़े आकाश में गिर गए।
1	मुसीबत	विपत्ति
22	फिलिस्तीनी स्वास्थ्य मंत्रालय ने कहा कि बुधवार तक गाजा में लगभग 11,000 लोग मारे गए थे। इनमें 4,324 बच्चे शामिल हैं। विश्व स्वास्थ्य संगठन की रिपोर्ट है कि वहां हर दिन औसतन 160 बच्चे मरते हैं।	फिलिस्तीन के स्वास्थ्य मंत्रालय ने बुधवार तक गाजा में लगभग 11,000 लोगों के मारे जाने की घोषणा की है। इनमें से 4324 बच्चे हैं। विश्व स्वास्थ्य संगठन ने कहा कि प्रतिदिन औसतन 160 बच्चों की मौत हो जाती है।
6	मेरे घर में एक ग्रन्थ है।	मेरे घर एक ग्रन्थ है।
3	उससे अण्डे नष्ट हो गए।	उसने अंडों को नष्ट कर दिया।
7	हालांकि तीन साल के समय का आवंटन बढ़ाकर किया गया।	हालाँकि, यह तीन वर्षों के समय के निवेश को बढ़ाकर किया गया है।
8	इस संबंध में मंगलवार को झारमा जरीिस्तान में घटनास्थल से आवश्यक साक्ष्य एकत्र किया गया।	इस संबंध में मंगलवार को झारखंड में जाकर घटनास्थल से आवश्यक साक्ष्य एकत्र किया गया।
3	पासवर्ड मत भूलिये।	पासवर्ड मत भूलिये।
36	इस अवसर पर मुख्यमंत्री श्री पुष्कर सिंह धामी ने देवभूम उत्तराखंड की समस्त जनता की ओर से प्रधानमंत्री श्री नरेन्द्र मोदी का स्वागत किया और कहा कि समय-समय पर भारत में कई महान हस्तियों ने ताज की सुंदरता को बढ़ाने में अपना योगदान दिया है।	इस अवसर पर मुख्यमंत्री श्री पुष्कर सिंह धामी ने देवभूमि उत्तराखंड में सभी लोगों की ओर से प्रधानमंत्री श्री नरेन्द्र मोदी का स्वागत किया और कहा कि समय-समय पर भारत में कई महान पुरुषों ने ताज की सुन्दरता को बढ़ाने में योगदान दिया है। भारत माता ने समाज को सही दिशा में ले जाने का प्रदर्शन किया है।
10	लेकिन इसी समय भवननिर्माण मंत्री, मुख्यमंत्री अखिलेश कुमार और निकट सहायक को स्वीकार किया गया था।	लेकिन इस समय भवन निर्माण मंत्री, मुख्यमंत्री अखिलेश कुमार और निकट सहायक ने स्वीकार किया था।
5	शर्मा सङ्गनेर विधानसभासन से विधायक हैं।	शर्मा संगनेर विधानसभा क्षेत्र से विधायक हैं।
3	लोगों को प्रवृत्त करने के लिए अच्छा समय है।	शीघ्र ही व्यक्त कीजिये।
13	उन्होंने स्वास्थ्य विभाग को निर्देश दिया कि चिकित्सकों के कार्यों को सुव्यवस्थित बनाने के लिए अधिकारियों के विवरणों को डिजीटल किया जाना चाहिए।	उन्होंने स्वास्थ्य विभाग को निर्देश दिया कि चिकित्सकों के कार्यों को सुव्यवस्थित करने के लिए अधिकारियों के विवरणों को डिजिटल किया जाए।
7	इन सुगंधित पदार्थों को छोड़कर देवता का पूजन कभी नहीं होता।	इन सुगन्धित वस्तुओं को छोड़कर देवताओं का पूजन नहीं किया जाता है।
3	शोभना ने आलस छोड़ दिया।	शोभना ने आलस छोड़ दिया।
8	तब उस मारे हुए मृग को लेकर जाते हुए शिकारी ने भयंकर सुअर देखा ।	उसके बाद उस शिकारी ने एक भयंकर आकार वाला सूअर देखा।
18	इस कार्यक्रम में, जो इस महीने की नववीं तारीख से पंद्रह तारीख तक आयोजित किया जाएगा, विभिन्न विषयों पर आधारित प्रदर्शनियां भी संग्रह की जाएगी और वरीवरीयता दी जाने के अर्थ में कला और वास्तुकला का प्रोत्साहित किया जाएगा।	इस महीने की नौ तारीख से पंद्रह तारीख तक चलने वाले इस कार्यक्रम में विभिन्न विषयों पर आधारित प्रदर्शनियाँ भी आयोजित की जाएंगी। यहाँ तेजी से बढ़ती अर्थव्यवस्था के हिस्से के रूप में कला और वास्तुकला को बढ़ावा दिया जाएगा।
8	इस प्रकार परिणामस्वरूप हिन्दू समुदाय खण्डशः विभाजित हो गया।	यहाँ तरह-तरह के परिणाम से हिंदू समाज टुकड़े-टुकड़े में विभक्त हो गया।
5	सुमधुर स्वर में उसने गाने गाए।	सुमधुर स्वर में उसने गीत गाए।
3	मैं भूमि पर गिर गया।	मैं भूमि पर गिर गया।
6	आप फोन कर लें ऐसा कही थीं।	आप फोन करिये ऐसा कहा।
6	तुम्हारे घर किसका वृक्ष है ?	तुम्हारे घर किसका वृक्ष है?
11	मनुष्य को अत्यन्त सरल और सीधा भी नहीं होना चाहिए। वन में जाकर देखो, सीधे वृक्ष काट दिए जाते हैं और टेढ़े-मेढ़े गांठों वाले वृक्ष खड़े रहते हैं।	इस जंगल को देखने के लिए अत्यन्त सरलता से नहीं जाना चाहिए। वहाँ बहुत से पेड़ खड़े होते हैं।
11	इस वर्ष नवम्बर महीने में भारत के विनिर्माण क्षेत्र में कम मूल्य वाला बाजार, कठोर शब्दों से यह लगातार एक अच्छा प्रदर्शन हुआ।	इस वर्ष नवंबर में भारत के विनिर्माण क्षेत्र की कम कीमत वाली बाधाएँ, कठोर मार्गों से एक अच्छा प्रदर्शन किया गया।
21	समारोह में मुख्यमंत्री योगी पाण्डे लखनऊ में रहे आवास पर तिरंगा झंडा फहराया गया. ऑडिशा के भुवनेश्वर शहर में महात्मा गांधी की सड़क पर आज सुबह राज्यपाल रघुबरदास ने राष्ट्रीय ध्वज फहराया.	समारोह में मुख्यमंत्री योगी अखिलेश लखनऊ-नगर में स्थित अपने आवास पर तिरंगा फहराया गया-ध्वज ओडिशा के भुवनेश्वर में महात्मा गांधी ने फहराया-मार्ग में आज सुबह राज्यपाल रघुबरदास ने राष्ट्रीय ध्वज फहराया।
5	सर्प (कुटिलपुरुष) मार्ग में टेढ़ा-मेढ़ा चलता है।	यह हाथी पंथों को भी साँपता है।
2	मैं दूँगा।	मैं दूँगा।
4	वह बुद्धिमान् ( इन्टेलीजेंट ) है ।	वह मेधावी है।
6	जो लोग ब्रह्मा जी के एक दिन की अवधि जानते हैं जो कि सहस्र वर्ष की है तथा एक सहस्र वर्ष की अवधि की एक रात्रि को जानते हैं वे दिन और रात्रि को जानने वाले पुरुष हैं।।	हे मनुष्यो! हजारों युगों तक भगवान् ब्रह्मा को जानते हैं, हजारों युगों तक रात को जानते हैं।
5	उनका सात्विक स्वभाव सबको पसंद आता है।	उनका सात्विक स्वभाव सबको पसंद आता है।
12	विधानसभा अध्यक्ष ऋतुखण्डूरी भूषण तिवारी ने कहा कि यू.एस.सी.बिल पेश करते समय चर्च को काफी समय के लिए हिमसंस्कृत समाचार का प्रचार किया जा रहा है।	विधानसभा अध्यक्ष ऋतुखण्डुरी भूषणित्यन ने कहा कि बिल में चर्चा के लिए हिमसंस्कृतवार्ता के लिए पर्याप्त समय दिया गया है।
7	माता पिता भी इसके पालन की आवश्यकता है।	माता-पिता को भी इसका पालन करने की आवश्यकता है।
8	यहाँ नासिक स्थल की परम्परा-विधि का अद्भुत संयोजन दरीद्रवी ने देखा।	यहाँ नासिक स्थल की परंपरा-तकनीक का अद्भुत संयोजन देखा गया है।
16	न्यायाधीश की न्यायाधीशीय पीठ ने सञ्जीवखन्नावर्य और दीपांकर दत्तावर्य को प्रतिपादित किया था कि वे दिल्लीाबाद न्यायालय के आदेश पर हस्तक्षेप करने के लिए समीप नहीं हैं।	न्यायाधीश की पीठ ने संजीव खन्ना और दीपांकर दत्त को प्रतिपादित किया कि वह इलाहाबाद कोर्ट के आदेश में हस्तक्षेप करने के लिए तैयार नहीं है।
6	राधवेन्द्र कपिलदेव की तरह क्रिकेट खेलता है।	राधवेन्द्र कपिलदेव के समान क्रिकेट खेलता है।
6	जांच के दौरान सत्येन्द्रसिवाल के बारे में सूचना मिली	खोज के दौरान सत्येन्द्रसिवाल के बारे में सूचना मिली।
10	एशिया से दो, अफ्रीका की चार टीमें और दो एसोसिएशन क्वार्टर फाइनल के लिए क्वालीफाई करेंगी।	एशिया से दो, अफ्रीका से दो टीमों के साथ चार खेल टीमें पिछले क्वार्टर फाइनल में जगह बना रही हैं।
10	ब्राह्मण अतिथि अग्नि का सदृश घर में प्रवेश करता है। उसकी इस प्रकार से (चरण धोने हेतु जल देकर) शान्ति करते हैं। हे यम जल ले जाइये।	इस संसार में रहने वाले मनुष्य अपने घरों में प्रवेश कर जाते हैं। इस संसार में रहने वाले हर मनुष्य को इस प्रकार शान्ति प्रदान करते हैं।
14	साथ ही डॉ. रोशनी असवाल ने एवं प्रियम-अग्रवाल ने सफलता के लिए हार्दिक बधाई एवं शुभकामनाएं दीं	साथ ही डॉ. रोशनी असवाल और प्रियम-अग्रवाल ने छात्र की सफलता के लिए हार्दिक बधाई और शुभकामनाएँ दीं।
5	रास्ते में उसने भोजन नहीं खरीदा।	रास्ते में उसने भोजन नहीं खरीदा।
5	अतिथि बहुत समय तक घर में रुका	अतिथि बहुत समय तक घर में रहा।
4	मैं स्नान करना चाहती हूँ	मैं स्नान करना चाहती हूँ।
13	भारत-ऑस्ट्रेलियाई टीमों के बीच मुकाबला-20 क्रिकेट परंपरा के तीसरे और आखिरी मैच में भारत की शानदार जीत.	भारत-ऑस्ट्रेलिया के मध्य में आयोजित टी20 क्रिकेट परंपरा के तीसरे और अंतिम मैच में भी भारत की उज्ज्वल जीत।
6	पत्नी का भाई ने इस मामले को दर्ज किया।	पत्नी के भाई ने यह मामला दर्ज किया।
5	नीम को कितना भी शुद्ध क्यों न किया जाए वह आम नहीं बन सकता।	संस्कृत पिच्चुमन्दो सहयोग नहीं करता है।
5	क्या तुम दही मथते हो ?	क्या तुम दही मथते हो?
1	पर्वत के	पर्वत का
1	प्राप्त हुआ।	गया
5	मैंने इस बाघ के प्राण बचाए,	मैंने इस बाघ के प्राणों की रक्षा की।
13	अन्य छात्रों ने कहा कि पंकज कुमार सर्वकारी फार्मास्युटिकल संस्थान में फार्मास्युटिकल में डिप्लोमा ( 2021-23 सत्र) कर रहे थे।	अन्य छात्रों ने कहा कि पंकज कुमार सरकारी फार्मास्युटिकल संस्थान के फार्मास्युटिकल में डिप्लोमा कर रहे थे।
5	केरल में पर्व का नाम बिशु है।	केरल प्रदेश में पर्व का नाम बिशु है।
1	पलंग	यात्री
4	तू आलसी रहता है उद्योग क्यो नहीं करता ?	तुम माला पर बैठे हो, क्यों नहीं स्नान करते हो?
9	नंबर प्राप्त हुआ-श्रीलंका4 थ्रोइंग राउंड में 105 रन बनाकर आउट हुए।	प्राप्त संख्या-श्रीलंका 19.4 फेंकने के चक्रों में 105 रनों के साथ आउट हो गया।
8	आपके द्वारा क्षोभित होने पर महत्तत्व उत्पन्न होता है। आपकी प्रेरणा से ही महत्तत्व से अहंकार उत्पन्न होता है। महत्तत्व से संवृत अहकार तीन प्रकार का हुआ, वह सात्विक, राजस ओर तामस कहा जाता है। ॥	तुम्हारे द्वारा संघ के द्वारा उस महत्त्व को उत्पन्न किया जाता है। तुम्हारे द्वारा महत्त्व का अहंकार उत्पन्न हुआ।
3	मूर्ख नहीं पढ़ता	जड नहीं पढ़ता है।
5	श्रीमान ने पूरे व्याख्यान का सारांश दिया।	महोदय ने पूरे व्याख्यान के सारांश के रूप में व्याख्यान दिया।
19	पथिक बोला- किस प्रकार हिंसारूप तेरे में विश्वास (हो) ? शेर बोला- “सुन रे पथिक! पहले ही जवानी में ( मैं ) बहुत दुराचारी था।	पानी पीने वाले ने कहा-- तुम पर विश्वास कैसे है? बाघ ने कहा-"सुनो, अरे पीने वाले। जल्दी ही जवानी की अवस्था में मैं बहुत दुःखी था।
5	दरिद्र हमेशा माँगते हैं।	निर्धन हमेशा माँगते हैं।
6	उनकी भाषा भी संस्कृत थी	उनकी भाषा भी संस्कृत भाषा थी।
10	इससे राज्य की प्रतिबिंब को कलंकित कर दिया जाएगा, निवेशक राज्य से दूर रहते हैं।	इससे राज्य का प्रतिबिम्ब कलंकित हो जाएगा, निवेशक राज्य से दूर रहते हैं।
11	भारत-रूस में इस संधियों के सहयोग को देखकर सभी देश आश्चर्यचकित हो जाते हैं।	भारत-रूस के बीच इस संधि सहयोग को देखकर विश्व के सभी देश आश्चर्यचकित हो जाते हैं।
8	जो कोई अनादर पूर्वक भी किसी से अध्यात्मरामायण का श्रवण करता है, वह भी पातकों से मुक्त हो जाता है ॥	जो कोई भी मन में स्थित आत्मरामायण की इच्छा करता है, वह भी दूसरे से सुनकर पापों से मुक्त हो जाता है।
4	सब कुछ संस्कृत भाषा में ही प्रस्तुत किया जा रहा है।	सब कुछ संस्कृत भाषा में प्रस्तुत किया जाता है।
4	शोध की मुख्य विषय है तत्संबंधी विकास की पूर्ण उत्कर्षण।	शोध का मुख्य विषय उसके सम्बन्ध विकास का पूर्ण उत्कर्ष है।
10	न्यायिक विशेषताओं ने लगभग पांच घंटे तक उद्योग के अंदर और बाहर खोज कर प्रतिरूपों को इकट्ठा किया।	न्यायिक विशेषज्ञों ने लगभग पांच घंटे तक उद्योग के अंदर और बाहर खोज करके प्रतिरूप एकत्र किये।
5	अवधेश किसका बड़ा भाई है?	अवधेश किसका बड़ा भाई है?
10	दिसंबर में बर्फबारी के बाद मंदिर बंधन समिति के अध्यक्ष उपविभागीय पदाधिकारी चौपालनारायण चौहान ने चूड़धार यात्रा संबंध में अधिसूचना जारी की।	दिसंबर में बर्फबारी के बाद मंदिर प्रबंधन समिति के अध्यक्ष उपविभागीय अधिकारी चौपालनारायण चौहान ने चूड़धार यात्रा के संबंध में अधिसूचना जारी की।
1	चक्रवाक (चकवा) आदि पक्षी गणों से सुशोभित	चक्रवाक् आदि से सुशोभित।
10	इस कार्यक्रम में कांग्रेस के वरिष्ठ नेता राहुल गांधी और प्रियंका गांधी शामिल होंगी.	इस कार्यक्रम में कांग्रेस पार्टी के वरिष्ठ नेता राहुल गांधी और प्रियंका गांधी भाग लेंगे।
6	जब यह क्रमशः 9 वर्ष है।	जब यह क्रमशः नौ वर्ष है।
1	झगडा	झगड़ा
3	अपने सामर्थ्य अनुसार काम करना चाहिये।	अपनी क्षमता के अनुसार कार्य करना चाहिये।
1	सुनता हूँ	सुनता हूँ।
6	एक दिन वह घर जाने के लिए छुट्टी चाहता था।	एक बार वह घर जाने की छुट्टी चाहता है।
3	भौंरा फूल का मकरंद पी रहा है।	भौंरा फूल चख रहा है।
5	ओह वह नहीं सुनता है ।	ओह वह नहीं सुनता है।
1	अकर्म के प्रति लगाव , दोस्ती ।	आपके कर्मों का संग
5	आज शाम को वह नारियलपाक बनाएगा।	आज शाम वह नारियलपाक बनाएगा।
6	मैं अब काम में फंसा हुआ हूं।	मैं अभी काम में व्यस्त हूँ।
4	वह रंगमंच की व्यवस्था देखती है।	वह रंगमंच की व्यवस्था देखती है।
9	गुरुवार को सेनसेक्स ने दिन के सबसे नीचे से लगभग 1,000 अंकों की बारिश की।	गुरुवार को सेन्सेक्स ने दिन के सबसे निचले स्थान से लगभग 1,000 अंकों की कूद की।
6	कल निवेदिता, विद्यालय की शिक्षिकायें आयी थीं। ।	कल निवेदिता विद्यालय के शिक्षक आए थे।
3	ये पुष्प है ।	यह फूल है।
8	अहमदाबाद में भक्त श्रेष्ठ लादूराम नामक एक ब्राह्मण शिष्य थे।	अहमदाबाद में भक्त श्रेष्ठ लादूराम नामक एक ब्राह्मण सज्जन हुआ।
5	नीम को कितना भी शुद्ध क्यों न किया जाए वह आम नहीं बन सकता।	संस्कृत पिच्चुमन्दो सहयोग नहीं करता है।
11	मेरा विद्वत्ता, मेरा धन, परम पूज्य पूजनीय इत्यादि सब कुछ तुम ही हो यह शुभ है।	मेरी विद्वत्ता, मेरा धन, परमपूज्य उपास्यदेव इत्यादि सब कुछ तुम ही हो, अच्छा है।
4	दीपक आर्य संस्कृत जानता है।	दीपक आर्य संस्कृत जानता है।
5	कल रात सम्मान समारोह हुआ।	कल रात सम्मान समारोह हुआ।
6	विभा – कहाँ है वो ?	विभा-वह कहाँ है?
6	परीक्षा केंद्र में प्रवेश से पहले छात्रों के लिए घनी परीक्षा होगी।	परीक्षा केंद्र में प्रवेश से पहले छात्रों की गहन परीक्षा होगी।
4	स्वरा पिछले सप्ताह इटारसी गई थी।	स्वरा पिछले सप्ताह इटारसी गई थी।
37	आयोग के संचालन के लिए कितने कर्मचारी पर्याप्त होंगे, ऑनलाइन चयन परीक्षा के लिए कितने संसाधनों की आवश्यकता होगी, इसके बारे में भी प्रस्ताव शीघ्र ही तैयार करके सरकार को भेज दिया जाएगा। दिसंबर माह के पहलेसान समिति की सराहना से यह कार्य सफल हो जाएगा ऐसा विश्वास है।	आयोग के संचालन के लिए कितने कर्मचारी पर्याप्त होंगे, ऑनलाइन चयन परीक्षा के लिए कितने संसाधनों की आवश्यकता होगी के बारे में भी प्रस्ताव जल्द ही सरकार को प्रस्तुत किया जाएगा। विश्वास है कि दिसंबर के अंत से पहले साण समिति की अनुशंसा से यह कार्य पूरा हो जाएगा।
7	महान् वीरता को प्रदान करने के लिए गुरुजी सेनापति से किसी प्रकार बाहर निकल गए।	महान् वीरता का प्रदर्शन करते हुए गुरु सेना से किसी प्रकार बाहर निकल गए।
9	नई हिमपात के कारण अटलकन्दरा को कोई भी वाहन की अनुमति नहीं है।	नए बर्फबारी के कारण अटलकन्दरा की ओर किसी भी वाहन की अनुमति नहीं है।
9	कांग्रेस पार्टी की "ट्रैक रिकॉर्ड" प्राक्तन कार्य में लीनताओं और भ्रष्टाचार से भी बचा रहता है।	कांग्रेस पार्टी का "ट्रैक रिकॉर्ड" और पूर्व कार्य से उत्पन्न धोखाधड़ी के भ्रष्टाचार हैं।
11	एक समाचार के अनुसार, चेल्सी इस्लान ने आज ही एस.एस. राव कोमौली के इंस्टाग्राम में अनुसरण किया।	एक समाचार के अनुसार, चेल्सी इस्लान ने आज ही एसएस राजामौली का इंस्टाग्राम पर अनुसरण किया।
9	इसके साथ मुख्यमंत्री कार्यालय ने भी उनसे संपर्क किया है।	इसके साथ मुख्यमंत्री कार्यालय ने भी उनके साथ संपर्क किया है।
11	सब शुद्धियोंमें धनकी पवित्रता हो श्रेष्ठ कही है क्योंकि जो धनमें शुद्ध है वही शुद्ध है मिट्टी और जलकी शुद्धि शुद्धि नहीं कही जाती - [भाव यह है कि जो पराया धन नहीं हरता और न्यायसे धनोपार्जन करता है, वह शुद्ध है और जो अन्यायसे द्रव्य हरता है, किन्तु मिट्टी लगा लगाकर स्नान करता है, वह पवित्र नहीं है]	जो मनुष्य सब प्राणियों में पवित्रता, पवित्रता, अर्थशुद्धि, परम स्मरणशक्ति, पवित्रता, पवित्रता, पवित्रता, पवित्रता, पवित्रता, शुद्धता, शुद्धता, शुद्धता, शुद्धता, शुद्धता, शुद्धता, शुद्धता, शुद्धता, शुद्धता, शुद्धता, शुद्धता, शुद्धता, शुद्धता, शुद्धता, शुद्धता, शुद्धता, शुद्धता, शुद्धता, शुद्धता, शुद्धता, शुद्धता, शुद्धता, शुद्धता, शुद्धता, शुद्धता, शुद्धता, शुद्धता, शुद्ध
6	लोसर के बारे में तिब्बती चर्चा में बहुत उत्साह था।	लोसर के बारे में तिब्बती समुदाय में बहुत उत्साह था।
4	बड़ा बेटा हाँगकाँग रहता है।	बड़ा बेटा हांगकांग में रहता है।
4	अपने मोक्ष के लिए और समाज के कल्याण के लिए।	अपने मोक्ष और जगत् के लिए।
4	कार्तिकेय अच्छा इंजिनियर है ।	कार्तिक श्रेष्ठ इंजीनियर है।
1	बन्दर	बन्दर
12	तीन दिन पहले, फडनिस की स्वास्थ्य के सहसा नष्ट होने के बाद अस्पताल में भर्ती थी।	फडनिस के स्वास्थ्य में अचानक गिरावट के बाद तीन दिन पहले अस्पताल में भर्ती थे।
9	उनका अंतिम विश्राम स्थल लंदन के विंस्टर पैलेस में जॉर्ज VI मेमोरियल चैपल में है।	उनका अंतिम विश्राम लंदन के विन्स्टर पैलेस में जॉर्ज छठी मेमोरियल में होता है।
4	दोनों पुत्र धन भेजते हैं।	दो पुत्र धन भेजते हैं।
17	चिन्त पूर्णी भाजपा के अध्यक्ष रविंद्र द्विवेदी ने कहा कि चिन्त पूर्णी के विभिन्न मार्गों का विस्तार दो करोड़ रुपये के साथ होगा।	चिन्तपूर्णी भाजपा जिले के अध्यक्ष रविन्द्र द्विवेदी ने कहा कि चिन्तपूर्णी के अलग-अलग मार्गों का विस्तार 32 करोड़ रुपये की राशि से होगा।
12	या तो ममत्व बिलकुल छोड़ दे और यदि न छोड़ सके, (ममत्व करना ही हो) तो सर्वत्र करे	हे नासिका! यदि मेरे कार्य को त्यागने की इच्छा हो तो उसे छोड़ देना चाहिये। मेरा कर्तव्य है किन्तु वह सब जगह कर्तव्य है।।
1	बारहवीं नक्षत्र	उत्तर फालगुनी
5	जो कल्याणकारी गुण हो, उन्हें हमें दीजिए	जो अच्छा है, उसे लाओ।
9	विद्यालय परिसर से मिलन-चौक तक बैठकें हुईं। फिर विद्यालय आकर वह पूर्ण हो गया।	सभा विद्यालय परिसर से मिलन चौक तक चली। फिर विद्यालय आकर पूरी हो गई।
10	कमलेश्वर डोडियार ने कहा कि कार्यकर्ताओं ने चुनाव में उसकी शक्ति की मदद की।	कमलेश्वर डोडियार ने कहा कि कार्यकर्ताओं ने चुनाव में उसकी यथाशक्ति सहायता की।
10	इसीलिए उनके लिए निर्णायक उपदेश है कि मन को शान्त करना साधना चाहिए।	उससे उनका निर्णायक उपदेश है कि मन से शान्ति प्राप्त होनी चाहिए।
1	छिपा हुआ	गुप्त
10	हे नाथ हे लक्ष्मीपते! हे दुःखदलन व्रजराज ! हे जनार्दन ! इस कौरवोंकी सभारूपी समुद्रमें डूबती हुई मुझको बचाओ ! ॥	हे नाथ! हे राम! हे व्रजननाथ! हे रमानाथ! हे जनार्दन! आप कौरवों से आसक्त होकर मुझे क्रोधित कीजिये॥
6	आज मेरे मित्र के घर वेदकथा है।	आज मेरे मित्र के घर वेदकथा है।
9	राष्ट्रीय राजधानी के तीर्थ स्थलों पर केंद्रीय मंत्रियों के साथ सफाई अभियान में भाजपा के नेता एक स्वच्छ मंदिर में एकत्रित हैं।	राष्ट्रीय राजधानी में तीर्थ स्थलों पर केंद्रीय मंत्रियों के साथ स्वच्छता यात्रा में भाजपा नेता स्वच्छ मंदिर अभियान में शामिल हैं।
4	कौन कहाँ जा रही है ?	कौन कहाँ जाता है?
7	चित्रकला के प्रतियोगी होने के कारण सूरज बिजलवान ने प्रथम तथा तृतीय पुरस्कार जीते।	चित्रकला प्रतियोगिता में पहला और तीसरा पुरस्कार सूरज बिजलवान को मिला।
8	इसका आरंभ नरेंद्राचार्य ने किया, जिन्होंने 700 सूत्रों में व्याकरण किया।	इसके प्रवर्तक नरेंद्र आचार्य थे जिन्होंने 700 सूत्रों में व्याकरण रचा था।
10	यह नाव 750 किलोमीटर की दूरी तक लहरें पकड़ सकती है।	यह नाव 750 किलोमीटर की दूरी पर उत्पन्न होने वाली लहरों को पकड़ने में सक्षम है।
7	इसने सौ रुपये लिये वा नहीं ?	उस व्यक्ति ने सौ रुपये जुटाए वा नहीं?
11	आंध्र प्रदेश के नंदयाल से गड़बड़ी का पता लगाया गया-विभाग द्वारा ही रोक लगायी गयी है. मानव संसाधन आयोग को अलेके में अनुबंधित रूप से हिरासत में लिया गया है।	आंध्र प्रदेश के नंद्याल से दोषों की खोज-विभाग द्वारा ही गिरफ्तार किया गया। यह गिरफ्तार मानव संसाधन आयोग के अनुबंध से किया गया है।
9	ये दिलचस्प खबरें हैं-विपक्ष के नियमों का पालन कर रहे हित समाचार संगठन, सोशल मीडिया और यूजर्स पर लगेगा जुर्माना.	इन ब्याज समाचारों को-विरोध नियमों के अनुसार ब्याज समाचार संगठनों को, सोशल मीडिया का उपयोग करने वालों को दंड दिया जाएगा।
6	छात्र – तो क्या हो गया ?	छात्र-तो क्या हुआ?
15	हे प्रभो! तुम ही मेरी स्नेहमयी जननी हो, मेरी मित्र (मित्र) हो। तुम ही मेरी मित्र (मित्र) हो।	हे भगवन्! तुम ही मेरी वात्सल्यमयी माता हो, मेरे पालक जनक हो, तुम ही मेरे प्रिय बन्धु और मित्र हो।
30	अर्वाचिनी-परम्परा में भी श्रीदेवराजाचार्य, श्रीवरदाचार्य, श्रीसुदर्शन व्यास भट्टाचार्य, श्री वीरराघवदासाचार्य, श्रीवादिहंसाम्बुजाचार्य, श्रीवेङ्कटनाथ वेदांताचार्य, श्रीमल्लोकाचार्य, आचार्यवरदगुरु, वरदनायक सूरी, अनन्ताचार्य, दोद्याय महाचार्य, सुदर्शन गुरु, श्रीनिवासाचार्य, बुच्चिबेंकटाचार्य, श्रीनिवासदीक्षित जैसे आचार्य अपने ग्रंथों में विशेषता से विद्वत्ता और सिद्धान्त को स्पष्ट रूप में और विस्तृत रूप में लिखेंगे।	अर्वाचीन परंपरा में भी श्रीदेव राजाचार्य, श्रीवरदाचार्य, श्रीसुदर्शन व्यास आचार्य, श्रीवीरराघवाडासाचार्य, श्रीवाद हंसम्बुजाचार्य, श्रीवेङ्कटनथ वेदांतचार्य, श्रीमलोकाचार्य, आचार्यवरद गुरु, वरदनायक सूरी, अनन्ताचार्य, दोदय महाचार्य रामानुजदास, सुदर्शन गुरु, श्रीनिवास आचार्य, बुच्चिबेङ्कटाचार्य, श्रीनिवास दीक्षित और अन्य लोगों ने अपने-अपने आचरणों में विशिष्ट दो-सिद्धान्त स्पष्ट रूप से और विस्तृत रूप से लिखे हैं, यह अच्छा है।
3	जब वो  रुकते हैं	वे जब रुकते हैं
9	2026 में, हिमाचल प्रदेश देश का पहला ग्रीनहाउस राज्य होगा।	2026 में हिमाचल प्रदेश देश का पहला हरित ऊर्जा राज्य होगा।
9	कभी हजारों सिंह, बाघ, भालू, गेंडा, सियार, खरगोशों से व्याप्त जंगलों को नगर बना देते हैं और कभी मन्दिरों, राजमहलों, अट्टालिकाओं, चौराहों, चबूतरों, उपवनों, सरोवरों और गोशालाओं से भरे नगरों को जंगल बना देते हैं।	सिंह, बाघ, भालू, गेंदा, फिरू, खरगोश, हजार फैले हुए वनों को जनपदों में बाँधता है, मन्दिर, महल, हर्म्य, शृंगाटक, चार उद्यान, तालाब और भीड़भाड़ वाले नगरों को भी काटता है।
10	नहीं तो कैसे वह राजर्षि इस प्रकार की मीठी बातें करके इतने दिनों तक एक पत्र भी न भेजता ।	नहीं तो कैसे वह राजर्षि के समान मन्त्रित होकर इस समय का केवल एक लेख भी नहीं छोड़ता है।
12	लोगों के मुख से संबोधित ननु जगति जीवितराजते चिरकाल तक समस्त- राष्ट्र की स्वाधीनता का जय हो संस्कृत को भारत की जय हो।	जनमुख ने कहा-हे भारत! इस संसार में जीवन का शासन सदा चलता रहता है।
1	सज्जनों की बस्ती के	विनम्र रहता है।
1	चला गया।	चला गया
12	विघटित-आयोग के सचिव के साथway जितेन्द्र कुमार की परीक्षा नियंत्रक, भर्ती-वह अभिलेखों और रक्षक के कर्तव्य थे।	विघटित-आयोग के सचिव के साथ अभियुक्त जितेन्द्रकंवर के परीक्षा नियंत्रक, भर्ती-अभिलेखों और रक्षक का दायित्व था।
5	किशोर की पत्नी अस्पताल में नर्स है।	किशोर की पत्नी अस्पताल में नर्स है।
9	सौहार्दपूर्ण वातावरण में आयोजित सम्मेलन में दोनों पक्षों ने भी अपना-अपने दृष्टिकोण प्रकट किये।	सौहार्दपूर्ण वातावरण में आयोजित वार्तालाप में दोनों पक्षों ने भी अपना-अपना दृष्टिकोण व्यक्त किया।
4	व्यक्त वाणी में और मन में जपना	वाणी और मन में
10	हे अनघ ! पत्नी के वियोग का दुःख तो आपने अनुभव किया ही है। अतः आप मुझे शीघ्र ही वाली के पास भेज दीजिये। इससे आपको स्त्रीदान का फल प्राप्त होगा । ॥	तुम्हारी पत्नी का सम्बन्ध टूट जाने से दुःख उत्पन्न हो गया है। हे वाली! तुम मुझे पत्नी के दान का फल देना।।
5	वह हिन्दी नहीं जानता है।	वह हिन्दी नहीं जानता है।
5	मित्र ने हाथ में सफेद सोटी पकड़ी है।	मित्र ने हाथ में सफ़ेद डंडा पकड़ा।
4	यह पुस्तकें चुराता है।	यह पुस्तकें चुराता है।
5	श्रेष्ठ जन अपने पालन करने वाले के उपकार को नहीं भूलते हैं।	वे भोजन की संगति नहीं खाते हैं।
3	पेड़ से पत्ते गिरते है।	वृक्ष से पत्ते गिरते हैं।
8	वाहन चलाने के समय अपना पालन करें और अत्यधिक विश्वास करें।	गाड़ी चलाने के समय अपना पालन-पोषण करिये और अतिविश्वास छोड़िये।
4	वे दोनों वहां स्नान करते हैं ।	वे दोनों वहाँ गाते हैं।
1	हम सब चलते हैं	चलते हैं
4	सिक्खों के पाँच बाहरी चिह्न कौन से हैं?	सिक्खों के पाँच बाहरी लक्षण क्या हैं?
9	और सूर्य और चन्द्रमा के समान अपने तेज से दिशाओं को देदीप्यमान करते हुए उन सर्वलक्ष्मण सम्पन्न राजकुमारों को देखकर पूछा ॥	तब श्रीरघुनाथजी ने कहा-- हे राघव! आप दोनों को देखकर सभी लक्षणों से युक्त सभी दिशाओं को प्रकट करते हुए सूर्य के समान सभी दिशाओं को प्रकट करते हैं॥
14	उन्होंने कहा कि हम ऐसे ही तरह से संस्कृत प्रतिदिन बोलते हैं, तो अन्य लोग भी संस्कृत बोल सकते हैं।	उन्होंने कहा कि हम इसी प्रकार प्रतिदिन संस्कृत बोलते हैं तो अन्य भी संस्कृत बोल सकते हैं।
8	सभी प्रतिभागियों के लिए राशि और स्मृतिचिह्न पुरस्कार के रूप में वितरित कर दिए गए।	सभी प्रतिभागियों के लिए पुरस्कार के रूप में स्मृतिचिह्न जारी किए गए।
3	शोभना ने आलस छोड़ दिया।	शोभना ने आलस छोड़ दिया।
20	इसके साथ पारपत्र-धारकों की भरती में नागरिक कम से कम पंद्रह दिनों की यात्रा के लिए हर छः महीने में एक बार इरान में प्रवेश कर सकते हैं।	इसके साथ पासपोर्ट-धारक भारतीय नागरिक कम से कम पंद्रह दिनों के प्रवास के लिए हर छह महीने में एक बार ईरान में प्रवेश कर सकते हैं।
24	यह एक विशेष प्रवेश परमिट है जो विदेशी नागरिकों को आयुष उपचार के लिए भारत आने की सुविधा देता है। 2012 के प्रवेश परमिट नियमों में अंतर अवश्य आया होगा-केंद्र कि प्रवेश परमिट की खोज की गई थी-स्वास्थ्य मंत्रालय द्वारा लागू।	यह एक विशेष प्रवेश परमिट है जो विदेश में रहने वाले लोगों के लिए आयुष चिकित्सा के लिए भारत आने की सुविधा प्रदान करता है। यह विशेष प्रवेश परमिट 2012 के प्रवेश परमिट नियमों में बदलाव लाने के लिए है-केंद्र ने प्रवेश परमिट की खोज की है-आयुष मंत्रालय ने आवेदन किया।
6	क्योंकि वन में ही सुरक्षित पर्यावरण प्राप्त होता था।	क्योंकि वन में सुरक्षित वातावरण उपलब्ध था।
7	वह कहां है? मुझे दिखाओ” भसूरक ने ऐसा कहा।	वह कहाँ है? दिखाएँ "भासुरक ने कहा।
5	हिमदास ने कल चौथा स्वर्णपदक जीता।	हिमदास ने कल चौथा स्वर्ण पदक जीता।
11	ऐसी सत्य बात बोले जो प्यारी लगे और जो सत्य तो हो; किन्तु प्यारी न लगे ऐसी बात न कहे, और जो प्यारों बात झूठी हो उसे भी न कहे यही सनातनधर्म है	सत्य बोलना ही प्रिय है, सत्य बोलना ही प्रिय है, सत्य बोलना ही प्रिय है, असत्य बोलना ही प्रिय है, धर्म ही सनातन है।
12	पुरस्कार की घोषणा करते हुए, समाचार और वितरण मंत्री अनुराग ठाकुर ने कहा कि यह पुरस्कार फिल्म उद्योग में समग्र योगदान की मान्यता है।	समाचार वितरण मंत्री अनुराग पाठक ने कहा कि यह पुरस्कार फिल्म उद्योग को दिए गए समग्र योगदान को मान्यता देने के लिए है।
5	वहाँ क्या रहे थे ?	वहाँ क्या कर रहे थे?
4	नीलम बहन समाचार उद्घोषिका थीं।	नीलम बहन समाचार उद्घोषिका थी।
4	बच्चे के मुँह पर फुंसियाँ हो गई हैं।	बालक के मुँह में गड्ढे हो गए।
5	वह हिन्दी नहीं जानता है।	वह हिन्दी नहीं जानता है।
1	उदाहरण	प्रदर्शन
18	महावीर उस शूल को लेकर रावण ने श्रीराम को कहा हे राम ! ज्ज्र के समान तुच्छूल को मैंने क्रोध में पकड़ा।	महावीर्या ने रावण को उस सूले पर आकर श्रीराम और परशुराम को कहा हे राम! वज्रतुल्य इस सूले को मैंने क्रोध से पकड़ा।
1	अवमानना	अवज्ञा
19	जो मनमोहन एवं स्नेहमय है, अपनी मनोहारिणी मुरलिकाकी मन्द रसीली तानसे, गोकुलको इन्द्रियविवश तथा व्याकुल कर रहा है, जो श्यामल, सुन्दर, युवकोंका चित्त चुरानेवाला और मनोहर रूपवाला है वह गोपियोंका प्रियतम तेज हमारे चित्तमें नित्य निवास करे ॥	जो मोहित हैं, चिकने हैं, मधुर हैं, मुरली हैं, धर्माध्ययन कर रहे हैं, कर्ण हैं, गोकुल हैं, कुलकुल हैं, कृष्ण हैं, युवा हैं, मोहमय हैं, मोहको प्राप्त करनेवाले हैं, वे सभी हमारे चित्तमें नित्य निवास करें॥
6	प्रांत मंत्री गिरीश चंद्र तिवारी ने परिचयात्मक भाषण दिया।	परिचयात्मक भाषण प्रांत मंत्री गिरीश चंद्र तिवारी ने दिया।
13	उनके राज्य में रात के समय भी युवतियाँ आभूषण पहनाकर अकेले ही घूम रही थीं ।	उस राज्य में रात्रि के समय भी युवतियाँ गहने पहनकर बिना डर के अकेला ही घूमती थीं।
3	हम दोनों यहां खेलते हैं	हम दोनों यहाँ खेलते हैं।
7	महान् वीरता को प्रदान करने के लिए गुरुजी सेनापति से किसी प्रकार बाहर निकल गए।	महान् वीरता का प्रदर्शन करते हुए गुरु सेना से किसी प्रकार बाहर निकल गए।
3	ऐसा क्या ?	\u093C ऐसा है क्या?
8	परमाणु हथियारों के विकास को देखकर सामरिक नीति बदल जाती है। सेना के छोटे टुकड़ों में विभक्त हो जायेंगे।	परमाणु हथियारों के विकास को देखकर सामरिक नीति बदल जाती है। सेनाएँ छोटे समूहों में विभाजित होंगी।
5	दूध पसन्द नहीं है क्या ?	दूध पसंद नहीं है क्या?
1	अन्य	अन्य
1	अंध-परम्परा से चलने वाला	गतानुगतिक
6	इस चलचित्र का निर्देशन शाउना गौतम करेगी।	इस फिल्म का निर्देशन शौना गौतम करेंगे।
3	यज्ञ में आहुति देंगे ।	यज्ञ में आहुति देंगे।
6	तिब्बती समुदाय के लोग अपने घरों की सफाई में व्यस्त हैं।	तिब्बती समुदाय के लोग अपने घरों का सौंदर्य बनाने में व्यस्त हैं।
3	मैं लिखता हूँ |	मैं लिखता हूँ।
12	अल-कायदा के नेता अयमान अल-सवाहिरी को अमेरिकी सेना ने मार गिराया।	अमेरिकी सेना ने आतंकवादी अल-खैदा के नेता अयमान अल-सवाहिरी को मार गिराया है।
4	कष्ट तो है ही ।	कष्ट तो है ही
10	यदि आप धन दिलाते तो सुरेश विषय नहीं बताता ।	यदि आप धन देते तो सुरेश विषय नहीं बोलता।
4	हम लोग सामूहिक गीत गाते हैं।	हम सब सामूहिक गीत गाते हैं।
6	मैं मोरीबी गाँव का निवासी हूँ !	मैं मोरीबी गाँव का निवासी हूँ!
5	वहाँ क्या रहे थे ?	वहाँ क्या कर रहे थे?
8	और अब यह फिल्म अक्टूबर में प्रदर्शित की जाएगी	और अब यह फिल्म अक्टूबर में प्रदर्शित होगी।
4	मार्गशिर पौष हेमंत ऋतु होते हैं ॥	हे हेमन्त! हम दोनों का साथ है॥
10	डॉ. मेघनाद के कथन से दौलतसिंह जी अर्नेस्ट रदरफोर्ड महोदय के पास गए थे।	डॉ. मेघनाद के कथन से दौलतसिंह अर्नेस्ट रदरफोर्ड-महोदय के पास गया था।
5	एक छात्रा उसको मना करती है ।	एक छात्रा उसे मना करती है।
24	एक दिन उसने सभी शिष्यों को बुलाकर एक एक करके एक केले का फल दिया और कहा- "ऐसा स्थान जाकर  केले का फल यहाँ खाईये, जहाँ कोई भी आपको नहीं देख पाता था।	एक दिन वह सभी शिष्यों को बुलाकर एक-एक केला देकर बोला-"ऐसे स्थान पर जाकर केला यह खाओ, जहाँ आपको कोई भी देख नहीं सकता।
4	खोदने के साधन से वह क्यारी बनाता है।	खोदने के साधन से वह जलमार्ग बनाता है।
5	पुनः कब मिलेंगें ?	फिर कब मिलेंगे?
9	हिमाचल प्रदेश विधानसभा क्षेत्र के विधानसभा क्षेत्र में आठवें दिन की कार्यविधि की शुरुआत से पहले भाजपा ने प्रदर्शन किया।	हिमाचल प्रदेश विधानसभा चुनाव के आठवें दिन के कार्य विधेयक से पहले भाजपा ने विधानसभा परिसर में प्रदर्शन किया।
5	मेरी एक दुकान है।	मेरा एक दूकान है।
5	वह निर्धनों का काम नहीं करता है।	वह निर्धनों का काम नहीं करता है।
6	बंधों भी सूजन, दाह, सुरखी, पकजाना, फुन्सी, फोडा हो जाना और राथ रुधिर बहुत बहना इत्यादि दोषयुक्त हों तो वे सिद्ध नहीं होते ॥	बछड\u093Cों में भी शोथ, दाह, रोग, पकौड़े, पिडिका आदि से युक्त कोई भी वस्तु सिद्ध नहीं होती है।
4	सब काम अपने आप करिये।	सब काम अपने आप करिये।
1	वह पृथिवी	भूमि
5	स्वस्थ दाँतों वाले लोग गन्ना भी चबाते हैं।	स्वस्थ दाँत वाले लोग गन्ना भी चबाते हैं।
15	हे राम! आप मन और वाणी से अगोचर हैं, मुझे आपका दर्शन कैसे हो गया। हे देवेश्वर ! आपकी स्तुति करना में नहीं जानती, में क्या करूँ ? आप प्रसन्न होइए ॥	हे देवहंस! मैंने श्रीरामचन्द्रजी को कैसे देखा, जैसे मैंने मन में देखा था, उनकी स्तुति करना मुझे नहीं मालूम था, मैं प्रसन्न होकर क्या करूँ?॥
10	सब धर्मों का परित्याग करके तुम एक मेरी ही शरण में आओ, मैं तुम्हें समस्त पापों से मुक्त कर दूँगा, तुम शोक मत करो।।	सब धर्मों को छोड़कर मुझ पर एक ही शरण लो। मैं तुमसे कहता हूँ कि तुम सब को मुक्त करूँगा, मत कह।।
14	बाइडेन प्रशासन ने कांगग्रेस पक्ष के यूक्रेन देश के लिए अरब अमेरिकी डॉलर-अधिक सहायता के साथ पूरक- सहायता माँगा गया है।	बाइडन प्रशासन ने कांग्रेस-पक्ष से यूक्रेन-देश के लिए अरब-अमेरिकी-डॉलर-अधिक सहायता के साथ पूरक-सहायता की मांग की गई है।
7	अपने विचारों का नाम मन से स्वयं को ही नियंत्रित करना है।	आत्मविचार से मन स्वयं को रोकता है।
3	वह विश्रामघर है।	वह विश्रामगृह है।
11	कुछ समय बाद सूर्यास्त हो गया अतः नौवें दिन का युद्ध भी शंख के साथ स्थगित हो गया।	कुछ समय बाद सूर्यास्त हो गया इसलिये नए दिन का युद्ध भी शंखनाद के साथ निलंबित हो गया।
5	उनका सात्विक स्वभाव सबको पसंद आता है।	उनका सात्विक स्वभाव सबको पसंद आता है।
13	तत्पश्चात् वह दैत्य अति विस्मय पूर्वक बोलामेरी भुजाओं को काटने वाले तुम लोग कोन श्रेष्ठ देवता हो ? इस लोक अथवा स्वर्ग में रहने वाले देवगणों में भी ऐसा समर्थ होना असम्भव है ॥	तत्पश्चात् वह अत्यन्त आश्चर्यचकित हुआ कि तुम दोनों राक्षस कौन हो? मेरे बाहुओं को काटने वाला राक्षस संसार में अथवा देवताओं में कहाँ है?॥
9	शिक्षिका -पुस्तक घर में होती है , पैसा बैंक में होता है ।	शिक्षिका-पुस्तक घर में होती है, धन बैंक में होता है।
1	होश	इन्द्रिय
11	यह कहकर में गदगद कण्ठ होकर उनके चरणों में गिर गया। तदनन्तर वह मुनीश्वर मुझसे बोलेहे नृपश्रेष्ठ ! डरो मत ॥	ऐसा कहकर वह गद्गद अक्षर से गिर पड़ा। तब मुनि ने मुझसे कहा-- "हे मुनि! तुम सबसे अच्छी वेश्या हो।"
4	वक्ता श्रोता को व्याख्यान समझा रहा है।	वक्ता श्रोता को व्याख्यान देता है।
17	कार्यक्रम की अध्यक्षता उत्तराखंड संस्कृत विश्वविद्यालय के कुलपति प्रोफेसर दिनेश चंद्र शास्त्री ने कहा कि खेल हमारे जीवन का अभिन्न हिस्सा है।	कार्यक्रम की अध्यक्षता उत्तराखंड संस्कृत विश्वविद्यालय के कुलपति प्रो दिनेश चंद्र शास्त्री ने की कि खेल हमारे जीवन का अभिन्न हिस्सा है।
7	तुम तो धन की खातिर यहां रह रहे हो ।	तुम तो धन के कारण यहाँ रहते हो।
3	जो शरीर में स्थितहों उनका शरीरके अनुकूल औषधादि करना और जो मनमें हों उनका शब्द आदिकसे प्रतीकार करना सुखदायक होता है ॥	शरीर से गिरे हुए लोगों का तो शरीर से विपरीत क्रम होता है।
12	इसके बाद कांग्रेस-पक्ष उच्च न्यायालय के पास गया था, उच्च न्यायालय ने चुनाव करने के आदेश जारी कर दिए थे।	उसके बाद कांग्रेस पक्ष उच्च न्यायालय के पास गया, उच्च न्यायालय ने चुनाव कराने के आदेश जारी किए थे।
15	मुख्यमंत्री सुखविंदर सिंह सुक्खू ने कहा कि फिल्म निर्माताओं को उत्तमविधान देकर राज्य सरकार उत्तम और अधिक विकसित फिल्में भी प्रदान करेगी	मुख्यमंत्री सुखविंदर सिंह सुक्खू ने कहा कि फिल्म निर्माताओं को उत्तम सुविधाएं प्रदान करने के साथ राज्य सरकार उत्तम और अधिक विकसित शूटिंग स्थलों को भी प्रदान करेगी।
4	सभी वैसे ही हो गए।	सभी लोग वैसे ही हुए।
6	फ्रांस के राष्ट्रपति इमैनुएल मैक्रो जयपुर पहुंचे।	फ्रांस के राष्ट्रपति इमैनुएल मैक्रॉन जयपुर पहुंचे।
4	फिर कभी मिलेंगे।	फिर कभी मिलूँगा।
11	जिस राज्य के भी बाहर कलाकार मातृदेवता की स्तुति गाते थे।	जिस राज्य में भी राज्य के बाहर के कलाकार मातृदेवी की स्तुति गाते थे।
3	मैं रांची नगर में रहता हूँ|	मैं रांची में रहता हूँ।
1	ढेर	राशि
10	लोकप्रिय कवि भोजपुरी बोलने वाले विनय कुमार शुक्ल ने"विनम्रता"अपने कवियों से सभी उपस्थित लोगों को मोहित कर दिया।	लोकप्रिय कवि भोजपुरी भाषी विनय कुमार शुक्ल ने "विनम्र" अपने कवियों से सभी उपस्थित लोगों को मुक्त किया।
11	लोकमात्र के लिए प्रभु (ईश्वर) न कर्तृत्व, न कर्म और न कर्मफल के संयोग को रचता है। परन्तु प्रकृति (सब कुछ) करती है।।	न कर्त्ता है और न कर्म ही लोक की सृष्टि करते हैं, न कर्मों के फल का संयोग ही स्वाभाविक है।।
1	सूर्य	आँख
8	अखिलेश ने कहा कि आज बहुत ही अच्छा दिन है।	अखिलेश ने कहा कि आज बहुत शुभ दिन है।
4	सारे पंखे भी रुक गए।	सभी पंखे भी निलंबित कर दिये।
7	क्योंकि जो जो स्मृति है वह पूर्व अनुभव की है।	क्योंकि जो भी स्मृति है वह अनुभव पूर्वक है।
6	जैसा वैद्य ने कहा वैसा वह कर रहा है।	जैसा वैद्य ने कहा वैसा ही वह करता है।
9	और सियार से कहा- “दोस्त! हम दोनों इसी बर्तन में साथ भोजन करते हैं।”	सियार ने भी कहा-"मित्र! हम दोनों इस बर्तन में साथ ही भोजन करते हैं।"
15	अल्ट्रासाउंड करके वैद्य ने कहा कि अम्लिका बीज बच्चे के फेफड़े में घूमा था, जिसका इलाज यहाँ संभव नहीं है।	अल्ट्रासाउंड करके वैद्य ने कहा कि अम्ल बीज बालक के फेफड़ों में घुस गया है, जिसका चिकित्सा यहाँ सम्भव नहीं होगी।
5	वह नदी से जल लाता है।	वह नदी का जल लाता है।
9	रूपाली आगे बोली कि वह पृथ्वी की नाट्यगृह में नाटक कर रहा था।	रूपाली ने आगे कहा कि वह पृथ्वी नाटक घर में नाटक कर रहा था।
6	ऐसा कहकर देव ब्रह्माजी देवों के साथ अपने स्थान पर गए।	यह कहकर ब्रह्मदेव सुरगणों के साथ अपने स्थान पर चले गए।
1	स्पर्श करके	स्पर्श करके
1	कुचले हुए अग्र भाग वाली	उठा हुआ।
5	उसने अपना मनोरथ माँ को बताया।	उसने अपना मन माँ से निवेदन किया।
8	वह पढ़ना चाहता है, किन्तु मन नहीं लगता है ।	वह पढ़ना चाहता है, लेकिन मन नहीं रमता है।
9	अब एएसआई को दिसंबर को रिपोर्ट देने होंगे	अब एएसआई को दिसंबर को रिपोर्ट देनी होगी।
7	पण्डित मन्यमान प्रायः ऐसे विवादों में कुपित होते हैं।	पण्डित मानियों को प्रायः ऐसे विवादों में गुस्सा आता है।
11	हम सैकड़ों बार भगवान् राम की पूजा करते हुए उनके आदर्शों का अनुसरण करते हैं।	हम शताब्दियों तक भगवान राम की पूजा करते हुए उनके आदर्शों का अनुसरण करते हैं।
5	अभी यह मोरोक्को देश जा रहा है।	अभी यह मोरक्को देश जा रहा है।
11	इसी दौरान मुकेश अग्निहोत्री-पुत्री आस्था ने अपनी माता की पार्थी को दाह स्थान पर ले जाया।	इस दौरान मुकेश अग्निहोत्री-पुत्री आस्था ने अपनी माँ का पार्थिव शरीर दाह स्थान पर ले जाया।
1	गाय	गाय
10	इक्वेटी बेंचमार्क की सूचकांक और बीएसई सेन्सेक्स की निफ्टी एक सौ दिन के बाद फिसल गईं।	इक्वेटी बेंचमार्क सूचकांक, बीएसई सेन्सेक्स और निफ्टी दिन के अंत में एक सौ से अधिक फिसल गए।
7	चित्रांग बोला शिकारी के डर से मैं आप की शरण में आया हूँ।	चित्रांग ब्रूट-मैं लुटेरों से आकर्षित होकर आपकी शरण में आ गया हूँ।
5	गुरु छात्र को शास्त्र स्त्र में ले जाता है।	गुरु छात्र को शास्त्र पढ़ाता है।
4	हम सब अनार खाते हैं।	हम अनार खाते हैं।
4	शास्त्रीय संगीत विषय पर प्रश्न थे।	शास्त्रीय संगीत के विषय में प्रश्न थे।
6	मिथ्याअहंकार से ही पुत्र, स्त्री आदि का संबन्ध होता है और संबन्ध बुद्धि होने से हर्ष, शोक, भय, क्रोध लोभ, मोह, स्पृहा आदि होते हैं ॥	यह मूल है पुत्र, स्त्री, आदि के सम्बन्धों का, हर्ष, शोक, भय, क्रोध, लोभ, मोह और आत्मा आदि का।
10	लेकिन अभी तक ड्रैड्डी-निर्माताओं को इस विषय पर आधिकारिक वक्तव्य नहीं मिला।	लेकिन अब तक डड्डी-निर्माताओं को इस विषय पर आधिकारिक वक्तव्य नहीं मिला है।
6	महिला मंत्री ने न्याय विभाग के विद्यार्थियों को लौकिक मंगलाचरण कराए।	न्याय विभाग के छात्र लोमाराणी मंत्री ने लौकिक मंगलाचरण किया।
9	7 जनवरी 2021 से रूस केधानी शिमास्को में भारतीय दत्तावास के लिए भारत में निगरानी के सहायक के रूप में नियुक्त किया गया है।	अभियुक्त को 2021 से रूसी राजधानी मास्को में भारतीय राजदूत के भारत आधारित सुरक्षा सहायक के रूप में नियुक्त किया गया है।
10	इस मार्ग में कुछ भी भय नहीं है। इसलिए मैं अकेला ही जाऊँगा।	इस मार्ग में कोई भय नहीं है। इसलिये मैं अकेला ही जाऊँगा।
15	भारतीय-उच्चायोग सहित कई मंत्रालयों में साहित्य-अकादमियों में, शैक्षणिक संस्थानों वगैरह में, कई मामलों में विदेशी-मंचों पर, डॉकविता भट्ट के व्याख्यान लगातार आमंत्रित किये जाते हैं।	भारतीय-उच्चायोग के साथ अनेक मंत्रालयों में साहित्य-अकादमियों में, शैक्षणिक संस्थानों में इत्यादि में, अनेक विदेशी-मंचों पर डॉ. कविताभट्ट के व्याख्यान लगातार आमंत्रित किए जाते हैं।
3	कौआ घोसले में प्रवेश करेगा।	कौआ कुल्हाड़ी को देखेगा।
11	उन्होंने सबके हृदय के आधार श्रीराम का आशिर्वाद द्वारा अभिनन्दन किया और धनुष बाण धारण करने वाले श्रीहरि को हाथ जोड़कर बोले ॥	सभी के हृदय में स्थित श्रीरामचन्द्रजी को आपके आशीर्वाद से प्रणाम करता हुआ धनुष और बाणों से धारण किये हुए सभी लोग आपके सामने खड़े हुए॥
4	चौकी पर कुछ पोथियाँ रखी हैं	कुर्सी पर कुछ मोतियाँ रखी हैं।
16	मगरमच्छसंक्रांति-बताया गया है कि मेरे लिए जो कृष्ण तालाबों को अर्पित करते हैं वे अपने जीवन में सुख और समृद्धि लाएंगे।	मकरसंक्रांति-उन्होंने यह भी कहा कि वे अपने जीवन में सुख और समृद्धि लाएंगे।
1	बगला	बिल्ला
9	इस सेब फल की ऋतु की सेब-पैकिंग के लिए एक सार्वजनिक पेटी की व्यवस्था लागू होगी।	हमारे द्वारा सेब के मौसम से सेब पैक करने के लिए एक सार्वभौमिक पेटी की व्यवस्था लागू की जाएगी।
1	के लिए उपालंभ देना	चढ़ना
5	अपने से प्रतिकूल व्यवहार का आचरण दूसरों के प्रति कभी नहीं करना चाहिए।	अपने शत्रुओं को दूसरों के साथ नहीं व्यवहार करना चाहिए।
9	आप सभी के प्रेरण में आने वाले प्रशिक्षण में संस्कृत के साथ संस्कृति को भी प्रकाशनाएँ।	आप सभी के प्रेरणा से आगामी प्रशिक्षणों में संस्कृत के साथ संस्कृति भी प्रकाशित करें।
7	छात्र –मेरी माँ अच्छी शिक्षिका है।	छात्र-मेरी माँ अच्छी शिक्षिका है।
4	प्रत्येक गाँव में बाग़ होता है।	गाँव-गाँव में बाग़ होता है।
9	लाहौल पर्वत में 30 से 60 सेंटीमीटर तक बर्फबारी हुई।	इससे अधिक लाहौल उपत्यका में 30 से 60 सेंटीमीटर तक बर्फबारी हुई।
1	फिर से	अधिक
4	एक सज्जन यवतमाल से आए।	एक सज्जन यवतमाल से आया।
7	भारतीय नौसेना के आठ कमांडरों को कतरन्यायालय ने मृत्युदंड दिया है।	भारतीय नौसेना के आठ-कतर कोर्ट ने पूर्व कर्मचारियों को मौत की सजा सुनाई है।
2	यहाँ लोक है कि, चंद्रमा पृथ्वीको क्रेदित ( आई ) करता है और सूर्य शोषण करताहैइन दोनोंके आश्रय होकर वायु प्रजाका पालन करता है ॥	यहाँ होता है।
17	सम्पत्ति पाकर जिसे (विशेष) हर्ष नहीं होता, विपत्ति पड़ने पर दुःख नहीं होता और युद्ध में डर उत्पन्न नहीं होता. ऐसे तीनों लोकों में श्रेष्ठ विरले पुत्र को (कोई) माता जानती है अर्थात् ऐसा पुरुष कोई विरला ही होता है |	जिसके धन में कोई आसक्ति नहीं है, विपत्तियों में दुःख है और युद्ध में वीरता है, उसे संसार में तीन प्रकार के तिल पैदा करते हैं। उस पुत्र को माता बहुत कम ही उत्पन्न करती है।
6	एक दिन वह घर जाने के लिए छुट्टी चाहता था।	एक बार वह घर जाने की छुट्टी चाहता है।
6	यज्ञ के बाद देवराज भानु को पुस्तकें देता है।	यज्ञ के बाद देवराज भानु को पुस्तकें देता है।
10	मनुष्य का आभूषण सौन्दर्य होता है, सौन्दर्य का आभूषण गुण होता है। और गुण का अलंकार बुद्धि होती है, उसी प्रकार बुद्धि का आभूषण क्षमा होती है।	मनुष्यों का भरण-पोषण, रूपों का भरण-पोषण, गुणों का पालन, गुणों का पालन, ज्ञान, ज्ञान का धारण, क्षमा।
6	ऐसे एक आपका ही निरन्तर अनुसरण करता हुआ अन्य सब मनोरथोंसे सर्वथा रहित और आपका ही ऐकान्तिक नित्यदास होकर मैं इस जीवनको सनाथ मानता हुआ कब आपको सन्तुष्ट करूंगा	आपके अनुवर्तन के अनन्तर मैं शान्तचित्त और निर्मल मनोवृन्द में स्थित होकर सनातन जीविका को एकान्तिक और नित्यानन्द से कब मोहित करूँगा।।
12	इसी बात को आगे बढ़ाते हुए प्रधानमंत्री ने डबल इंजन सरकार के फायदों को दोहराया, जिसके दोहरे प्रयास हर जगह दिखाई दे रहे हैं।	इस भाव के अधिक विस्तार के लिए प्रधानमंत्री ने द्विगुणी इंजन सरकार का लाभ फिर से कहा, जिसके दो प्रयास सब जगह दिखते हैं।
8	अखिलेश खान ने अपने अग्रिम फिल्म का भी चित्रिलन प्रारम्भ किया।	अखिलेश खान ने अपनी अग्रिम फिल्म का शूटिंग भी शुरू कर दिया।
4	एक ही चींटी है।	एक ही चींटी है।
3	अवश्य आईयेगा	अवश्य आओ।
6	अनंतपुरी और कोट्टायम जिलों में एक-एक व्यक्ति की मौत हो गई।	अनंतपुरी, कोट्टायम जिलों में एकमात्र मौत हो गई।
1	मशरूम	मशरूम
4	कल त्रिलोकीनाथ का फोन आया।	कल त्रिलोकीनाथ का फोन आया।
10	मनुष्य का आभूषण सौन्दर्य होता है, सौन्दर्य का आभूषण गुण होता है। और गुण का अलंकार बुद्धि होती है, उसी प्रकार बुद्धि का आभूषण क्षमा होती है।	मनुष्यों का भरण-पोषण, रूपों का भरण-पोषण, गुणों का पालन, गुणों का पालन, ज्ञान, ज्ञान का धारण, क्षमा।
7	मच्चित्त होकर तुम मेरी कृपा से समस्त कठिनाइयों (सर्वदुर्गाणि) को पार कर जाओगे; और यदि अहंकारवश (इस उपदेश को) नहीं सुनोगे, तो तुम नष्ट हो जाओगे।।	हे मच्चित्त! तुम मेरे समस्त दुर्गों की शोभा बढ़ाओगे, और हे महाकाराण! तुम सुनोगे, और विलाप करोगे।।
5	जल के मनुष्यं पानी में डूबकर तीर पर बैठते हैं।	जल मनुष्य अप्सराओं में डूबकर तट दिखाता है।
11	यह खबर हिंदुस्तान एयरोनॉटिक्स के चेयरमैन सीबी अनंत कृष्णा ने दी।	हिंदूस्तान एयरोनॉटिक्स के अध्यक्ष सीबी अनंतकृष्ण ने यह खबर दी.
5	आप क्या काम करते  हैं ?	आप क्या काम करते हैं?
6	उच्च वर्ग वाले उनका मज़ाक उड़ाते हुए कुएँ से जल निकालने के लिए मना कर रहे थे।	उच्च वर्ग के लोगों ने मजाक उड़ाते हुए कुएँ से पानी निकाल दिया।
8	हाँ, जैसे सेवइयाँ ईद का खास पकवान है।	हाँ। जैसे सेवियाँ, ईद पर्व का विशिष्ट पाक है।
8	और अब यह फिल्म अक्टूबर में प्रदर्शित की जाएगी	और अब यह फिल्म अक्टूबर में प्रदर्शित होगी।
11	वे सभी मेरीदर में जीवन बिताए, युद्ध के लिये सत्रधारी और युद्धकला में निपुण थे।	वे सभी मेरे लिए जीवन समर्पित हैं, युद्ध के लिए तैयार हैं और युद्ध कला में निपुण हैं।
1	सम्पूर्ण एश्वर्य को	संसार में
4	वह गन्ने का रस निकालती है ।	वह गन्ना का रस निकालती है।
1	पुण्य तीर्थ	तीर्थ
9	वास्तव में रुपाली गांगुली के पिता अनिल गांगुली सर्वश्रेष्ठ फ़िल्म निर्माता थे।	वास्तव में रूपाली गांगुली के पिता अनिल गांगुली फिल्म निर्माता थे।
7	सौ लीटर-गोपथ औरब्राह्मण में पुराण काल्लेख उपलब्ध है, जिसकी लोकप्रियता का अनुमान किया जा रहा है।	शतपथ-गोपथ ब्राह्मण में भी पुराणों का चित्र मिलता है, जिसकी लोकप्रियता का अनुमान किया जाता है।
4	जिसका अब समाप्ति हो गई।	जिसका अब समापन हो गया है।
10	जब वह पाठशाला नहीं जाता, तब बाग़ भी नहीं जाता।	जब वह पाठशाला नहीं जाता, तब उद्यान भी नहीं जाता।
12	सांसद हत्या के मामले की जांच के बाद, उमेशपाल की सार्वजनिक हत्या के कारण आकी अहमद और उसके भाई अशरफ को गिरफ्तार किया गया।	सांसद हत्या मामले के गवाह उमेशपाल की सार्वजनिक हत्या के कारण अतीक अहमद और उसके भाई अशरफ को गिरफ्तार किया गया।
11	चीन में COVID-19 के प्रसार का कारण बनने वाले BF7 स्ट्रेन के देश में चौदह मामले सामने आए हैं।	चीन में कोविड-19 के प्रसार का कारण बने बी <एफ्.7] देश में अलग होने के 14 मामले सामने आए हैं।
1	स्थिर।	ध्रुवों को
3	तीस वर्षों से पढ़ा रहा है ।	तीस वर्षों से पढ़ाते हैं।
3	जी हाँ गुरुदेव जी के वचनानुसार हैं।	हाँ गुरुजी ठीक यही है।
6	यह क्या है वृक्ष या ठूंठ ?	यह क्या वृक्ष टिका है?
5	आदर्श चिकित्सा संस्थानों में छह विशेषज्ञ अस्पताल नियुक्त किये जायेंगे।	आदर्श चिकित्साालयों में छह विशेषज्ञ चिकित्सालय नियुक्त होंगे।
7	मन्दिर के बाहर बड़ी संख्या में श्रद्धाल् वर आए हैं।	मंदिर के बाहर बड़ी संख्या में श्रद्धालु आए हैं।
1	तैयार	तैयार
5	सभी बच्चों के लिए खेलने की समान की अत्यधिक आवश्यकता है।	सभी बच्चों के लिए खेल के सामान आवश्यक हैं।
9	राजौरी और पुंछ ने क्षेत्रों की अपनी यात्रा में सैन्य योद्धाओं के साथ बातचीत की।	राजौरी-पुंछ-उन्होंने क्षेत्रों की अपनी यात्रा के दौरान सैनिकों के साथ बातचीत की।
4	बिहार में ठंडी जैसी स्थिति है।	बिहार में ठंडी जैसी स्थिति है।
10	वरिष्ठ कांग्रेस पार्टी के नेता ए रेवेंट रेड्डी ने राज्य के दूसरे मुख्यमंत्री के रूप में शपथ ली।	वरिष्ठ कांग्रेस नेता ए रेवन्त रेड्डी ने राज्य के दूसरे मुख्यमंत्री के रूप में शपथ ली।
1	सुस्त	धीरे
12	मंत्रिमण्डल के सत्र में अब पुलिस विभाग में पुलिस अधिकारियों द्वारा नियुक्त महिलाओं को प्रतिशत आरक्षण देने का निर्णय लिया गया है।	कैबिनेट सत्र में अब पुलिस विभाग में आरक्षियों की नियुक्ति पर महिलाओं को प्रतिशत आरक्षण देने का निर्णय लिया गया है।
9	उसके बाद राक्षसराज को उसके चिता में रखकर विभीषण ने विधिपूर्वक अग्नि दी।	फिर राक्षसराज को उसकी कुर्सी पर रखकर विभीषण ने विधिपूर्वक आग लगा दी।
5	ड्राइवर ने पूरा तेल भरने के लिए बिना किसी त्रुटि के तेल भराव दिया।	ड्राइवर ने तेल के भंडार को पूरी तरह से भरने के लिए निर्दोष दिया।
6	मेरी प्यास शान्त हो गई है।	शान्ता मेरी प्यास अब भूख लगी है।
5	कंघी से मेरे बालों को सही करता है	कंघी से मेरे बाल अच्छे करते हैं
1	धर्म	धर्म
6	इसरो अर्थात् भारतीय अन्तरिक्ष अनुसन्धान संस्थान	इसरो भारतीय अंतरिक्ष अनुसंधान संस्थान है।
6	वह आज बहुत आनन्दित है ।	वह आज बहुत खुश है।
7	उससे पहले वे कहाँ रहते थे ?	उससे पहले वे कहाँ रहते थे?
4	स्वरा पिछले सप्ताह इटारसी गई थी।	स्वरा पिछले सप्ताह इटारसी गई थी।
18	चिकित्सकों का यह आवेदन रक्त कोशिकाओं में संग्रहित रक्त कोशिकाओं की संख्या में गिरावट के संदर्भ में किया गया है। फार्मास्युटिकल एलायंस ने बताया कि स्वास्थ्य वैज्ञानिक और आपातकालीन कक्ष के विभिन्न विभाग स्टैंडबाय पर हैं।	डॉक्टरों को यह आवेदन ऐसे समय में आया है जब रक्त कोशिकाओं में छिपे रक्त के थैलों की संख्या कम हो रही है। फार्मास्युटिकल एसोसिएशन ने कहा कि स्वास्थ्य वैज्ञानिकों और अस्पताल के विभिन्न विभाग तैयार हैं।
7	अन्यथा साधनाभावाद भी कोई मनुष्य हमेशा संतुष्ट दिखता है।	अन्यथा साधनाभाव से भी कोई मनुष्य हमेशा संतुष्ट दिखता है।
8	जो झूठ बोलता है, कोई उसका विश्वास नहीं करता।	जो असत्य बोलता है वह अपीत पर विश्वास नहीं करता है।
5	फिर देखने के समय नए मतदाता पंजीकृत हो गए।	समीक्षा के दौरान नए मतदाता पंजीकृत हुए।
6	बंधों भी सूजन, दाह, सुरखी, पकजाना, फुन्सी, फोडा हो जाना और राथ रुधिर बहुत बहना इत्यादि दोषयुक्त हों तो वे सिद्ध नहीं होते ॥	बछड\u093Cों में भी शोथ, दाह, रोग, पकौड़े, पिडिका आदि से युक्त कोई भी वस्तु सिद्ध नहीं होती है।
3	ये पुष्प है ।	यह फूल है।
4	जब वह चुटकुला बोलता है	जब वह चुटकुला बोलता है
6	जन सामान्य के साथ उनका सुमधुर सम्बन्ध था।	उनका जन-जनों के साथ मधुर सम्बन्ध था।
7	सम्यक् अनुष्ठित परधर्म की अपेक्षा गुणरहित स्वधर्म श्रेष्ठ है। (क्योंकि) स्वभाव से नियत किये गये कर्म को करते हुए मनुष्य पाप को नहीं प्राप्त करता।।	अपने धर्म के अनुसार आचरण न करने से मनुष्य को गुणहीन और पराया धर्म का पालन न करने से गुणहीन होने का श्रेय मिलता है। स्वभाव के अनुसार कार्य करने से मनुष्य को कष्ट प्राप्त होता है।।
4	अब वो तरबूज लाती है।	अभी वह तरबूज लाती है।
8	इस प्रकार से उदर रोगी का विरेचन द्वारा शोवन होने पर जागल मास रस के साथ अन्न देना चाहिये । इसके आगे शेप दोष की शान्ति के लिये योगों को कहते है ॥	जङ्गल और प्रतिभोजियों के द्वारा क्रम से जल पिलाना बन्द कर दिया जाता है। शेष दु: ख को निवृत्तिके लिये योग में देखना चाहिये।
4	फिर भी वो कार्यरत थे।	फिर भी वह कार्यरत था।
7	ये नियम प्रतिदिन क्यों नहीं पालते हैं ।	इन नियमों का पालन क्यों नहीं करते हैं?
1	अवर के बीच में सबसे खराब	अधम
1	उत्पन्न हो	उत्पन्न हुआ
9	पिप्पली, मोठ, यवक्षार, कालीजीरी, धनिया, जीरा इन सबको समान भाग लेकर चूर्ण कर लेना चाहिये । इस चूर्ण को फाणित ( रात्र) और घी में मिला कर अनार के रस से खट्टा करके रोगी को देना चाहिये । [ जल्पकल्पतरु मे पिप्पल्यादि के कल्क से घृत सिद्ध करके देना चाहिये ऐसा माना है ] ॥	पिप्पली, नासिका, क्षार, कार, वीन और जीरा के साथ फल का अम्ल मिला कर घी में मिला कर पीना चाहिये॥
22	सभी अंगों के लेन-देन के प्रभाव से बी.एस.सी.एम. ने सूची में रखे हुए कंपनियों की बाजार दर 5.51 लाख रुपये से कम हो गई है, इसका अर्थ है कि निवेशकों को लाख रुपये का नुकसान हुआ है।	व्यापक बिक्री के प्रभाव से बी. एस. ई. में सूचीबद्ध कंपनियों की बाजार कैप में 7.51 लाख रुपये की कमी हो गई, जिसका मतलब है कि निवेशकों को लाख रुपये का नुकसान हुआ है।
6	इससे पहले ही यमुनाचार्य का महाप्रयाण हुआ।	उसके पहले ही यमुनाचार्य की महाप्रयात्रा हुई।
4	वे दोनों वहां स्नान करते हैं ।	वे दोनों वहाँ गाते हैं।
8	यह समिति आगामी महीने अर्थात् दिसंबर में अपना रिपोर्ट देती है।	यह समिति अगले महीने अर्थात् दिसंबर में अपनी रिपोर्ट प्रस्तुत करेगी।
13	पहुंचे समाचार के अनुसार''रोहित शेट्टी''इस फिल्म का''सिंघम अगेन''इस खलनायक की भूमिका के लिए अर्जुन कपूर नियुक्त हैं।	पहुंचे समारोह के अनुसार "रोहित शेट्टी" इस फिल्म का "सिंघम अगेन" अर्जुनकपूर इस फिल्म के खलनायक की भूमिका के लिए नियुक्त हैं।
6	वहाँ चूडाकर्ण नाम का एक संन्यासी रहता था।	वहाँ चूड़ाकर्ण नामक परिवार रहता है।
17	वीथे की प्रशंसा करते हुए उसने कहा कि राष्ट्र निर्माण के विभिन्न क्षेत्रों में प्रधानमंत्री के कई योगदान एक ही स्थान पर उचित रूप से दिखाए गए हैं।	वीथ की प्रशंसा करते हुए उन्होंने कहा कि राष्ट्र निर्माण के विभिन्न क्षेत्रों में प्रधानमंत्री के कई योगदान एक ही स्थान पर सही हैं-रूप में प्रदर्शित किए गए हैं।
36	एक वर्ष में से अधिक सरकारी संस्थानों को बंद करके पांच वर्षों में पांच लाख काम करने की प्रतिज्ञा करने वाले कांग्रेस सरकार ने अकेले ही हजारों बाहरी आवरण से श्रमिकों को राज्य के लोगों के साथ इतना अनुचित रखना आरम्भ किया है तो भी धर्मशाला में कांग्रेस सरकार एक वर्ष के उत्सव के ज्ञान से परे है।	कांग्रेस सरकार ने एक वर्ष से अधिक सरकारी संस्थानों को बंद करके पांच वर्षों में पांच लाख काम देने की प्रतिज्ञा की और एक ही आघात में हजारों बाहरी आधार पर नियुक्त श्रमिकों को बाहर फेंक दिया। राज्य के लोगों के साथ यह अनुचित होता है, फिर भी धर्मशाला में कांग्रेस सरकार एक वर्ष का उत्सव मना रही है।
14	सुश्री जखारव ने कहा कि मास्कोदेश यूक्रेन के कार्यों की निंदा करेगा।	सुश्री जखारवा ने कहा कि मास्को अंतरराष्ट्रीय संगठनों को शीघ्र और बिना शर्त यूक्रेन के कार्यों की निंदा करेगा।
13	विदूषक – यदि इन दोनों के पिता निर्दयी नाम वाले हैं तो इनकी माता उनेक द्वारा अपमानित एवं निकाल दी गई है। इसीलिए इस वचन से बच्चों को धमकाती है।	विदूषक-यहाँ तक कि पिता के द्वारा क्रश नाम का यह जरजनी उनके नाम पर निर्वासित इस वचन से द्वारपालों पर निर्भर करती है।
1	प्राप्त करने के लिए पूरा करने के लिए	होना
3	प्रह्लाद की रक्षा हो गई।	प्रह्लाद की रक्षा हो गई।
1	सृष्टि के पदार्थों ने	प्राणियों को
15	दुर्भाग्यवश जिस के नाखून गल चुके थे और आँखें भी जाती रही थी। सो उस वृक्ष के रहने वाले पक्षी उसके जीवन निर्वाह के लिए कुछ न कुछ निकालकर उसे दिया करते थे। उसी से वह जीता था।	और कृपया उस वृक्ष के रहने वाले पक्षी अपने भोजन से थोड़ा-सा निकालकर उसे देते हैं, इससे वह जीवित रहता है।
7	जोसेफ बोला – मुझे तो मधुमेह है।	जोसेफ ने कहा-मुझे तो मधुमेह है।
8	कार्यक्रम के अंत में सहजिला संयोजक योगेंद्रपाल ने सभी गणमान्य व्यक्तियों का आभार व्यक्त किया।	कार्यक्रम के अंत में सहजिलास संयोजक योगेन्द्रपाल ने सभी गणमान्य लोगों का आभार व्यक्त किया।
1	राष्ट्र पर आपदा आने	राष्ट्र विद्रोह में
10	अगर तुम ऊंचा बोलता है तो मैं तेरी बात सुन सकता हूँ।	यदि तुम जोर से बोलते हो तो मैं तुम्हारा भाषण सुन सकता हूँ।
3	वह मुझसे पूछता है।	वह मुझसे पूछता है।
2	मैं चढ़ता हूँ।	मैं चढ़ता हूँ
9	प्रोत्साहन-लाभ अगले वित्त वर्ष में शुरू होगा और अगले वर्ष में समाप्त हो जाएगा।	प्रोत्साहन-लाभ अग्रिम वित्तीय वर्ष में होने वाले आगामी वर्ष में प्राप्त होता है।
9	दूरदर्शन से हम गीतों, नाटकों, समाचारों इत्यादि को सुनते हैं, और देखते हैं।	दूरदर्शन से हम गीत, नाटक, समाचार इत्यादि सुनते और देखते हैं।
1	पढ़कर के	किया हुआ युगल अलंकार
