src_len	reference	hypothesis
12	क्योंकि यज्ञ करना, वेदादि शास्त्रों का पढ़ना, सत्यात्र में दान देना, तपस्या करना, सत्य आने पर धैर्य धारण करना, सहनशील होना तथा लोभ न करना ये धर्म के आठ मार्ग है|	तप्याज - शास्त्र तीन प्रकारकी तपस्वी (सीमली) को सच है न कि वे धर्म के कार्य हैं और तप नहीं हैं - ये मार्ग है इस प्रकार धर्म के आचरण के योग्य हैं।
6	केवल 11 सीटें चुनी गईं।	केवल 11 स्थान ही चयनित थीं।
4	तुम दोनों बालक हो	तुम दोनों बालक हो
4	वे वृद्ध नहीं हीं हैं।	वे वृद्ध नहीं हैं।
4	ईश्वर भक्त कभी नहीं डरता है।	ईश्वर भक्त कभी नहीं डरता है।
8	इसी प्रकार हजारों वर्षा ऋतुओं में दसग्रीव के नए सिर पर आग लगा दी गई।	इसी प्रकार वर्षाों के दसग्रीव की नौवीं कक्षा के नौ सौ शहीद हो गए।
6	हिमदास ने पूरा कमाया हुआ धन लोकहित में समर्पित कर दिया।	हिमादास ने पूरा कमाया हुआ धन लोकहित में समर्पित कर दिया।
10	उस वस्तु को तुम अविनाशी जानों, जिससे यह सम्पूर्ण जगत् व्याप्त है। इस अव्यय का नाश करने में कोई भी समर्थ नहीं है।।	जिस (.) ज्ञान से तथा उस विषय में समभाव को तथा (नचिकेता को तथा) नचिकेता से (धन का भी उपयोग करना उचित है)
1	पास	समान कर्म वाले
10	रूपक की कथावस्तु के बीज से युक्त मुख आदि सन्धियों में यत्र-तत्र फैले हुए आरम्भ आदि अर्थों का एक प्रधान प्रयोजन के लिए एक साथ संग्रह करना या समेटा जाना ही निर्वहण सन्धि है।	जहाँबी से युक्त तथा मधुर, ब्राह्मण, ब्राह्मण, ब्राह्मण (थोड़ा) दूसरे के घर में रहना या विषम होता है जहां निहाने के योग्य होते हैं।
6	जलों को वर्षा काल के चारों ओर से धाराओं के	(इसी प्रकार) अब क्या हुआ है और प्रलय से
3	वह सन्तुष्ट हुआ।	वह खुश हो गया ।
14	वेदत्रयी जिनका स्वरूप है, जो [अकेले ही समय-समयपर] आपके दास, सखा, वाहन, आसन, ध्वजा, वितान (चाँदनी) और चँवरका काम देते हैं, सवारीके समय आपके पैरोंकी रगड़से बने हुए चिह्नद्वारा जिनका अङ्ग सुशोभित है, वे गरुड़जी आपके सामने हाथ जोड़कर खड़े हैं	हे मित्र! मेरा मुख किस प्रकार है, जिस प्रकार सूर्य भी सूर्य के समान है, उस समय मेरा मन हर लिया गया है, अब मैं एक बार फिर खूबसूर हो गया। जब आप विचार करके सबसे अधिक अपने मुख से युक्त (रुए हुए) मणिक, मणता, नडता, नडता, न अपनाते और न जैसा किले ही वह धुएँ का शिकार करने वाले हो। इस समय जो अत्यन्त दु है, नेवला आदि व्यथित होकर अपने चरण के दो स्थानों को अपने आप वन में प्रवेश किया है।
11	शाम को शिमला के श्यामलाघाट स्थित ज़िला शिक्षा प्रशिक्षण संस्थान में सेवा करने वाले संस्कृत शिक्षकों के लिए पांच दिवसीय प्रशिक्षण शुरू हुआ।	शिमला में शिमला के श्यामला खोलने पर-अ की शिक्षा प्रशिक्षण संस्थान में सेवा करने वाले संस्कृत शिक्षकों का पांच दिवसीय प्रशिक्षण शुरू किया गया।
5	मुझे मिलाकर सत्ताईस लोग थे।	मुझे सम्मेलन में लोग सत्ताईस लोग थे।
13	भाजपा के प्रवक्ता बलबीर वर्मा ने कहा कि सुक्खु सरकार ने अपने दोनों आय और व्ययकर्ताओं के हिमाचल प्रदेशवासियों को धोखा दिया है।	भाजपा के अध्यक्ष बलबीरर्मा ने कहा कि सुक्खु सरकार ने अपने दोनों मित्रों के वजनक में हिमाचल के लोगों को वांछित कर दिया है।
5	पत्नी –ये कूड़ा नहीं है।	पत्नी – ये कूड़ा नहीं है।
6	जांच के दौरान सत्येन्द्रसिवाल के बारे में सूचना मिली	खोज के दौरान सत्येन्द्र की ही सूचना प्राप्त की।
1	कैसा	कैसा
4	वर के मुँह पर हल्दी लगाती हैं।	वर के मुँह पर हरिद्वार लगाती है।
5	आप मुझे पुनः कब मिल रहे हैं ?	फिर कब मिलेंगे ?
33	हरिद्वार- जिला स्तरीय संस्कृत छात्र- प्रतियोगिता के आयोजक, संस्कृत-शिक्षा निदेशक एस.एस.पी. खाली, सहायक निदेशक डॉ. वज्श्रवा और आर्य अभिनन्दन पात्र हैं, जो महाविद्यालय परिसर के बीच विभिन्न खेल प्रतियोगिताओं का आयोजन कर रहे हैं, ने संस्कृत छात्रों के बीच खेलने में रुचि पैदा की है।	हरिद्वार- जिला के आकाश में- प्रतियोगिता के आयोजन, संस्कृत-शिक्षिका एस.पी. खाली, सहायक निदेशक डॉ. प्रेमश्रवाही-पाश्रुत में विभिन्न खेलों के बीच-साथमती-उन्होंने कॉलेज के बीच विभिन्न खेलों का प्रति रुचि पैदा किया, संस्कृत छात्रों के बीच खेल प्रति रुचि पैदा करने का संकल्प किया।
11	जैसा कि बताया गया था, अफगानिस्तान में शिक्षित पाकिस्तान आतंकवादियों ने स्थानीय लोगों की सक्रियता के लिए प्रहार किया।	सूचना के अनुसार, अफगानिस्तान के एक आतंकवादियों ने स्थानीय लोगों को सक्रियता से प्रहार किया।
15	उसी समय दिल्ली नगर में इंडिया गठबंधन सभा के कारण दल के अध्यक्ष मल्लिकार्जुनखड़गे कार्यक्रम में उपस्थित नहीं हुए।	उसी समय दिल्ली में इण्डियागठिया के कारण दल के अध्यक्ष मल्लिक इस कार्यक्रम में उपस्थित नहीं रहे।
8	संसार में सर्वोच्व सत्ता ब्रह्म है जिसने प्रत्येक वस्तु को वश में कर दिया है।	जगत् का सबसे शानसाल को ब्रह्म है जिससे प्रत्येक वस्तु का परिणाम होता है।
7	उसके बाद, प्रधानमंत्री ने आयोजक के रूप में अभिषेक समारोह में भाग लिया।	उसके बाद प्रधानमंत्री ने आयोजन के रूप में अभिषेक किया।
1	बेरोकटोक ।	नियमपूर्वक
4	प्रत्याशी का जनाधार करेगा।	लौटे में लोग लोकधारों का उधार (गक्शना) करेंगे।
7	उन्होंने कहा कि समूह शक्ति देश को सफलता के शीर्ष पर ले जाएगा।	उन्होंने कहा कि समूहशक्ति की सफलता को सफल करने में शीर्षस लेगी।
9	उत्तम से उत्तम सन्धि के द्वारा भी शत्रु से कभी सन्धि (मेल) नहीं करना चाहिये क्योंकि यदि पानी गरम होगा तो भी वह अग्नि को तो बुझा ही देता है	शत्रुओं के द्वारा उसका दिया गया भी बना दिया जाए। सुने हुए भी कि यह तो प्राप्त नहीं कर सकता सोमे तिनके ही पड रहा। यह शतक मनुष्य भी अच्छी नहीं है।
18	किन्तु मेरे घर में बहुत डांट नहीं पड़ती थी। मैं तो रात में पढ़ता था । प्रथम श्रेणी प्राप्त करता था।	परन्तु मेरे घर में बहुत नहीं डरते थे। मैं तो रात में पढ़ने के लिये नहीं था। मैं तो मुझे बहुत नहीं कहा जाता था।
5	वह खड़े होकर भोजन नहीं पकाती है।	वह उठकर भोजन नहीं पकाती है।
5	मेघमाला ने समस्त गगन मण्डल को आच्छादित कर लिया।	मेघमाला से सभी गगन-तीन) पर पड़ी हुई आँखें लाल हो गयीं।
10	भ्रष्टाचार, सू की को पहले ही देशद्रोह और अन्य अपराधों के लिए 11 साल जेल की सजा सुनाई गई थी।	भ्रष्टाचार, देशद्रोहण्याद्यित और अन्य थैले से पहले ही थैले की जेल में की जेल में प्रतिबंधित थी।
8	इन योजनाओं का लाभ लाभप्रद नहीं हुआ।	इन योजनाओं का लाभ ) करने की शक्ति प्राप्त नहीं की।
8	वाहन चलाने के समय अपना पालन करें और अत्यधिक विश्वास करें।	वाहन नगर समय में अपने पालक और अतिविश्वास को चलें।
9	कार्यक्रम के अध्यक्ष विश्वविद्यालय के माननीय कुलपति आचार्य विजय कुमार सिजीमेनन थे।	कार्यक्रम की अध्यक्षता विश्वविद्यालय के माननीय कुलपति आचार्य विजय कुमारसीजी थे।
24	सामाजिक न्याय और सशक्तिकरण विभाग के उपनिषद् डॉ. भावना युवा सप्ताह के तहत जयपुर में संजय-शिक्षकों के प्रशिक्षण कॉलेज में आयोजित "युवा भारत, विकसित भारत"इस विषय पर प्रचार भाषण का अवसर मिल गया।	सामाजिक न्याय और सशक्तीकरण विभाग के अध्यक्ष डॉ. भावना युवा सप्ताह के तहत जयपुर के तहत जयपुर के संजय-संस्कृत शिक्षण प्रशिक्षण, विकसित भारत, विकसित भारत"इस विषय पर प्रचार भाषण मिला।
5	अशिक्षित मनुष्य पशु के समान होते हैं।	अशिक्षित मनुष्य पशु के समान है।
7	धार्मिक संस्थान पहले निराश्रित पशुओं को पकड़ते थे।	धार्मिक संस्थानों पहले निराकरण पशु द्वारा देखते थे।
10	प्रशासन- आन्दोलनकारी-कृषि नेताओं के बीच एक नई बात आज होगी।	प्रशासन- आंदोलनकारि-किस नेताओं के बीच दोपहर आज नया बात आज होगा।
1	मुसीबत में	कष्ट देने वाला
17	गुरुवार को प्रश्न हॉर के बाद, विपक्ष ने नियम ६७ के तहत हवन प्रस्ताव के सभी कार्य को निलंबित कर दिया और बिलासपुर के झूठेड्डू योजना पर कोलाहल विधानसभा अध्यक्ष बनाया।	गुरुवार को प्रश्नकाल के बाद विपक्ष के नियम के तहत निलंबित करने के बाद निलंबित का नाम निलंबित कर दिया गया और बिलासपुर के से माँग के इस विधानसभा के अध्यक्ष शोर माह के अध्यक्ष शोर माह के अध्यक्ष को विधानसभा अध्यक्ष को विधानसभा के अध्यक्ष ले जाया गया।
10	यहाँ काङ्गड़ाचय, काश्मीरका कहावा, चम्बा और औषधियोंका खरीदना बहुत होता है	इनमें कांगड़ाच के, का कश्मीर के प्रभाव से, चम्बा-नई-कभीों का खरीद बहुत होती है
7	उसने सोचा- ये बेचारे पुस्तक के दास वहीं रुकें	वह सोचने लगा-जैसी मैं इस के साथ पुस्तकदास का मुख था।
10	राम के द्वारा ही मुक्त किया गया, शीघ्रता से डरी हुई उस स्त्री के साथ गली में घुसकर सीता को प्राप्त हुई।	राम से ही सुग्रीव के लिए डरते हुए अपने अंदर प्रवेश करके स्त्री ने सीता को सजाया।
6	ईश्वर की अनुकम्पा सदा सबके ऊपर रहे।	ईश्वर की अनुपपा हमेशा सबका सबकी पर रहे।
10	और मेरी पूजा सत्कार के अनन्तर सुखपूर्वक बैठकर प्रसन्नचित होकर मुझसे बोले हे राजन् । एक गुप्त बात सुनो, यह आपका अभ्युदय करनेवाला है ॥	तदनन्तर राजा ने सुखपूर्वक सुने हुए राम का यह वचन सुनकर सुखपूर्वक सुने हुए वचन सुनकर उसे देखकर श्री राम की बात सुन कर वह निश्चयपूर्वक बोली ॥
5	मैंने भी खड़े होकर वीरों को श्रद्धाञ्जलि दी।	मैं भी उठकर वीरे के श्रद्धा को श्रद्धाञ्जलि दी।
7	परन्तु फिर भी नेत्रों के सारथित्व को स्वीकार किया।	परन्तु फिर भी शल ने कान का सारथी स्वीकार किया।
6	जन सामान्य के साथ उनका सुमधुर सम्बन्ध था।	जन सामान्यों के साथ उसका मधुर सम्बन्ध था।
21	हर चिकित्सा इकाई में एमआरआई-सीटी-आपदाओं और आम जनता का अनुरोध है कि कैकेयी की सुविधाएं प्रदान करें; हिमसंस्कृतवार्ता-मुख्यमंत्री मुकेश अग्रिहोत्री की धर्मपत्नी प्रोसीमी अग्निहोत्री की मृत्यु हो गई।	प्रत्येक अस्पताल में एमआरआई-सीटी-काए को सुविधा देने के लिए अधिकारियों को जन-जन तक पहुंचाने का एक बड़ा उपाय है: हिमसंस्कृतवार्ता- उपमुख्यमंत्री मुकेश अग्निहोत्री की प्रोसीपी अग्निहोत्री के निधन पर प्रोसीमी अग्निहोत्री का निधन हो गया।
10	हे प्रभो! देवों ने कहा कि उसका विनाशकाल आज है।	हे प्रभो! सुरभिों द्वारा उनकेविकाल को बताओ आज है।
5	तीर्थों का परिचय मानव जीवन का अङ्ग होता है।	तीर्थों का परिचय मानव जीवन का अंग होता है।
7	उभी भी गुजरात राज्य के जामनगर में विवाह करने जा रहे हैं।	गुजरात भी गुजरात राज्य के जामर शहर में विवाह करने के लिए जा रहे हैं।
10	और हमारी भावनात्मक एकता की भावना को विकसित करने में शिक्षा का बहुत महत्व है।	और हमारे भावना का एकताभाव के संभाव में शिक्षा के द्वारा शिक्षा का महत्व है।
9	अतः शुभ अथवा अशुभ कर्मफल उपस्थित होने पर हर्ष अथवा दुःख करना व्यर्थ है	जो खुश हुआ है, ऐसे पुत्र और शुभता के किये हुए हैं। जो लोग श्रीराम के मन की अप्सराएँ भी उनके लिये योग्य हैं। तथा मेरे द्वारा आपके दर्शन के लिए देवताओं के स्वामी पर सूर्य की तरह चुम्बन करना चाहिए ॥
13	पिछले दिनों प्रशासनिक सचिवों की साप्ताहिक सभा में मुख्यमंत्री ने प्रत्येक महीने के अंतिम दो दिनों में राजस्व और लोकन्यायालय का आयोजन करने का निर्देश दिया।	कल प्रशासनिक सचिवों की साप्ताहिक बैठक में मुख्यमंत्री प्रत्येक दिन के अंतिम दिन में राजस्व और लोकता का आयोजन करने का निर्देश दिया गया।
1	भौंकना	छाल
8	केरल राज्य के विभिन्न हिस्सों से संस्कृत शिक्षक यहां मिलते हैं।	केरल के विभिन्न किस्मों से भाग लेने वाले का संस्कृत शिक्षकों का संगम होता है।
6	कार्यक्रम की शुरुआत संजीवन गोर की शङ्खध्वनि से हुई।	कार्यक्रम की शुरुआत गोरनी गोर की शंख ध्वज हो गई।
9	आदर्श इको ग्राम योजना के तहत 19 गाँव विकसित हैं।	आदर्श गांव के तहत 19 ग्राम बइस गाँव को विकलांग बगुले के रूप में हैं।
10	काम में उसकी पारदर्शिता को देखकर डाॅ नीलकन्त ने उसे कानपुर ले आए।	कार्य में उसका पारस्परिता को देखकर डॉक नीलला ने उस कानपुर को लाए।
1	खांड	चीनी
9	ये आवेदन 9 फरवरी से 15 फरवरी 2024 तक स्वीकार किये जाते हैं।	ये आवेदन के 9 फरवरी से 15 फरवरी तक के द्वारा स्वीकार किया जा रहा है।
6	उस वर्ष उन्होंने स्वराज नीति की यात्रा शुरू की।	उस वर्ष उसने अपनी सेना यात्रा शुरू की।
8	यहाँ नासिक स्थल की परम्परा-विधि का अद्भुत संयोजन दरीद्रवी ने देखा।	यहाँ नाक थाली के परंपरा को छूटने की के समान वह।
14	ज्ञान वास्तव में शक्ति है अतः ज्ञान की प्राप्ति के लिए अध्ययन के रूप में तपस्या का सदा आचरण करना चाहिए और विद्यार्थियों के लिए यह अच्छा है।	ज्ञान, यह ज्ञान है इसलिये ज्ञान की प्राप्ति के लिए अध्ययनरूप और श्रीराधाजी के द्वारा पुनः।
4	मैं स्नान करना चाहती हूँ	मैं स्नान करना चाहता हूँ
13	अविद्या के अन्दर रहकर (मी) अपने आपको बुद्धिमान तथा पण्डित मानने वाले विभिन्न योनियों में भटकते हुए मूढ (मूर्ख) मनुष्य पैसे ही भटकते हैं, जैसे अन्धे मनुष्य द्वारा ले जाये जाते हुए अन्धा ।	हे प्रभो! इस जर्जनों, यह 'रामशांसी स्वयं समानता से रहित है, फिर भी अपने समान पति के साथ नहीं बंधे हुए हैं' (जाने पर) दूसरे को नहीं को मैं नहीं देखता
10	दा शत्रुघ्न सलक्ष्मण राम को अभिवादन करके सीता के चरणों में स्पर्श करके उसे प्राण दिया।	दाक ने राम के द्वारा राजकुमार को राम के चरणों में ले लिया। उस प्राण को पाकर उस प्राण को कष्ट देकर उसे प्राण दिया।
6	अर्जुन ने उन शरणा को रोकने में असमर्थ थे।	अर्जुन ने उन शरनों को भी नहीं किया।
10	इस फिल्म में वह दक्षिण के प्रसिद्ध अभिनेता विजयसेतुपति के साथ देखने जाती है।	इस फिल्म में वह दक्षिण के प्रसिद्ध का प्रसिद्ध के साथ अपने से देखने के लिए जाता है।
2	हम दोनों पढ़ते हैं।	हम दोनों पढ़ते हैं।
4	सब अपनारूप है या शिव कारूप।	सब ही आत्मा में आत्मा है, शिवरूप है।
11	दीप्ताग्नि रोगी लाख, घो, माम, जोवनीय गण की औषधिया, मिश्री त्वक्क्षीरी ( वशलोचन ) और समिता ( गोधूम, गेहूँ का चूर्ण) को दूध से पका कर पीये ॥	हे अरिन्दम । आप ललाट, वन और अगुल, अरिष्ट, पडल और कूख आदि दूध से मिला कर पिलाना चाहिये ॥
9	बच्चे चीनी अधिक खाते हैं तो दाँत जल्दी से टूट जाते हैं।	बच्चे लोग चीनी अधिक खाते हैं तो दाँत शीघ्र ही टूट गए हैं।
4	हम दोनों पाठक हैं।	हम दोनों पाठ पढ़ाते हैं।
10	माँ की प्रतिमा में पुरोहितवर्ग के द्वारा क्विन्ताल देशी गाय का चार्पण होता था।	माँ की हररोजकार में माइक्रांड देशीय देश के नौनीच के नए थे।
6	श्रीमती जानकीत्रिपाठी ने सबको कृतज्ञता प्रकट की है।	श्रीमतीतीनवारी सबको अपनी में करने का प्रयास करता है।
10	सुखविंदर सिंह सुक्खू अपनी कार्यकाल की दूसरी  ⁇ udget को 17 फरवरी को प्रस्तुत करने जा रहे हैं।	सुखविंदर सिंह सुक्खू अपने घर के दूसरे को 17 फरवरी को प्रस्तुत करने के लिए प्रस्तुत किया जाता है।
3	संगति से क्या हो जाते हैं?	संसर्ग कौन-से कौन-सी हो जाते हैं?
17	इन्द्र ने कहा कि सबसे पहले तो तुम्हें भगवद्शंकर की पाशुपत् अस्त्र प्राप्ति करनी चाहिए, उसके बाद अन्य देवता भी तुम्हें दिव्यास्त्र देंगे।	इन्द्र ने कहा कि सबसे पहले तुम्हें अपने शरीर से पद्मा
1	आम तौर पर	समानता से
4	दस बजे बस आती है।	वाहन दस बजे आती है
5	उठो, जागो और श्रेष्ठ आचार्यों के पास जाकर ज्ञान प्राप्त करो।	उठो, जागो, श्रेष्ठ आचरण को प्राप्त कर लोग श्रेष्ठ हो ।
4	हे बालक! यहाँ आओ।	हे लड़के! यहाँ आइए।
4	मैं जल्दी जाता हूँ	मैं जल्दी जाता हूं
8	जो पुरुष योगयुक्त, विशुद्ध अन्तकरण वाला, शरीर को वश में किये हुए, जितेन्द्रिय तथा भूतमात्र में स्थित आत्मा के साथ एकत्व अनुभव किये हुए है वह कर्म करते हुए भी उनसे लिप्त नहीं होता।।	हे मधुसूदन ! नचिकेता में आत्मा में उत्पन्न हुई आत्मा (लहीनता) से उत्पन्न होती है तथा आत्मा में उत्पन्न हुए आत्मा को उत्पन्न नहीं होता है।।
10	केंद्रीय स्वास्थ्य मंत्रालय ने कहा कि पिछले साल 500,000 शिशुओं को वासुरिका प्रतिरोध सूची वाली दवाओं के उपयोग के लिए निर्धारित नहीं किया गया था।	केंद्रीय स्वास्थ्य मंत्रालय ने कहा कि 5: बच्चे को हालाँकि, केंद्र स्वास्थ्य मंत्रालय ने कहा कि केंद्र स्वास्थ्य मंत्रालय ने कहा कि केंद्र स्वास्थ्य मंत्रालय ने कहा कि केंद्र स्वास्थ्य मंत्रालय ने कहा।
14	कार्यक्रम में नगर के सुधी विद्वान् पाणिनि विक्रम-विश्वविद्यालय के शिक्षक छात्र-शोध छात्र और पत्रकार बांधव उपस्थित थे।	कार्यक्रम में नगर के सुधी कहानी विक्रम- विश्वविद्यालय के शिक्षक श्री- विश्वविद्यालय के शिक्षक एवं छात्र- से भी थे।
5	हिमाचल प्रदेश के देवसमुदाय के लोग रहते हैं।	हिमाचल प्रदेश में देव समुदाय के लोग रहते हैं ।
10	क्योंकि सुबह नित्यकर्म से दिनचर्या के अनुसार सभी सत्र होते हैं।	जो प्रातः नित्यकर्म से दिन की इच्छा के अनुसार सभी सत्र होते हैं।
5	प्रकृति का दर्शन कब करते हो ?	प्रकृति का दर्शन कब करते हो ?
16	रेस्तरां के लिए आधुनिक सुविधाएं प्रदान करती हैं जिससे वे यहाँ अधिक समय बिता सकते हैं और राज्य की अर्थव्यवस्था बढ़ती है।	पर्यटकों के लिए आधुनिक सुविधाएँ प्रदान करती है जिससे वे अधिक सम्रासा लिए जा सकते हैं और राज्य की अर्थव्यवस्था को बढ़ती है।
4	बेटा, अज्ञानतावश जो भी हो गया।	बेटा, अज्ञानतावश जो भी हो गया।
3	पार्वती लज्जा से काँपती है।	पार्वती लजा से काँपती है।
13	तत्व को जानने वाले विद्वानों ने यह कहा है कि हजारों चाण्डालों के समान एक यवन अर्थात म्लेच्छ धर्मविरोधी होता है। इससे बढ़कर कोई दूसरा नीच नहीं होता।	ये चारों वेदों के साथ तरह की तरह हैं जल आदि का उपदेशना नहीं करना चाहिए क्योंकि एक व्यक्ति से दूसरे लोग मारे जाने पर भी जो न हो, वह बहाल तथा बाड करने से वहाँ पर प्रतिपन नहीं करना चाहिए।
9	जैसे-जैसे इस लोक में जो कुछ कार्य होते हैं, वे सब तुझी संचित की जाती हैं।	यदि जो इस लोक में आने वाले लोक में वे हैं, वे हैं,।
12	ब्रह्मपुत्र नदी के बिना तो असम प्रदेश और उत्तरपूर्व महासागर क्षेत्रों के बारे में कल्पना भी नहीं कर सकती है।	ब्रह्मपुत्रन के बिना तो असम के बिना उत्तर प्रदेश के उत्तरी क्षेत्रों में, उत्तरी दिशा के विषय में कल्पना नहीं कर सकता।
8	राजीवः –हाँ , नगर में तो मैं पढ़ने के लिये रहता हूँ।	राजीव –हाँ। नगर में तो मैं पढ़ने के लिये रहता हूँ।
4	अभी स्वाध्याय नहीं हुआ है।	अभी स्वाध्याय नहीं हुआ है।
12	अपने प्रियमें स्वाभाविक प्रेम, पूर्ण‍ आवेश और तन्मयतायुक्त जो भक्ति हो, उसे रागात्मिका भक्ति कहते हैं ॥	हे राजन् ! आप अपनी माया के कार्य को लिए हुए सुनते हैं। आपकी उत्पत्ति तथा मन को स्वस्तर में ही मेरी भक्ति होती है। जो व्यक्ति आपकी सेवा कर रही है वह कार्य करती है। तथा यह पूर्णतः निर्भयता पूर्वक न हो। मैं तो यहाँ देव की स्तुति करने से अपनी माया से विकभी हो।
4	नागेन्द्र घर के बगीचे में आम उगाता है	नान्द्रन्द्र घर के आँगन में आम का पेड़ उगाता है।
1	पौधे	आरोप कर रहे हैं
9	यह अरुणाचल राज्य से भारत में प्रवेश करता है और असम में और बांग्लादेश में फैलता है।	यह भारत को अरुणाचल से ही भारत प्रवेश करता है और असम में बाई जैसे को प्रवक्ता देश में बाकी देश में भी बहता है।
15	भारतीय पहल टीम के अध्यक्ष के रूप में चुनाव के बाद संजय सिंह ने उत्तर प्रदेश गोदामी में राष्ट्रीय प्रतियोगिताएं आयोजित करने की घोषणा की।	भारतीय मल्लिक महा एक वर्ष के अध्यक्ष और संजय सिंह के बाद राष्ट्रीय प्रतियोगिता उत्तर प्रदेश के गोंड ने घोषणा की।
10	देवभूम के कुल्लो आराध्य देव भगवती रघुनाथ ने अयोध्या में राम मंदिर की प्रतिष्ठितता का निमंत्रण स्वीकार किया है।	देवभूमि पर कुल्लू के आराध्य देव भगवान श्रीराम ने अयोध्या में राम मंदिर की ओर के प्रतिष्ठा का निमंत्रण प्राप्त किया है।
5	जो सदाचारी है वह शिक्षक है	जो सदाचारी है वह शिक्षक है
3	यह मधुमक्खी निर्माण करती है।	जनक को सजा दी जाएगी।
6	ऐसा कहकर देव ब्रह्माजी देवों के साथ अपने स्थान पर गए।	ऐसा कहकर सुरगणों के साथ ब्रह्मदेव अपनेस्थान गया।
4	हम सब श्रीकृष्ण को जानते हैं।	हम सब श्रीकृष्ण को जानते हैं।
12	नौणी विश्वविद्यालय के शोध निदेशक संजीव चौहान ने कहा कि जुजुबे-बदरी के बारे में शोध कार्य तीन चरणों में किया जाता है।	नौणी विश्वविद्यालय के शोध निदेशक होता है-कबान-बदबे-बदरी में शोध कार्य के बारे में शोध किया जा रहा है।
9	भगवान् के अतिरिक्त जनधन वैभव,वस्तु और शरीर आदि में मुझे कोई भी अनन्यभाव या अन्यता नहीं है।	भगवान् की कृपा से जनधन की वृद्धि हुई और जैसा मेरे इस प्रकार नहीं है, या तो कुछ भी नहीं है।
6	धूप में मत घूमो नहीं तो बीमार पड़ जाओगे।	आतंकवाद में मत घूमो नहीं तो बीमार पड़ जाओगे।
6	आप काम कब करेंगे ?	आप काम कब करेंगी ?
3	उस की अच्छी भौँहें हैं।	उसकाोत्तमेड दो हैं।
3	मुझे यह पता है	जानती हूँ।
4	रास्ते में गड्ढा था।	रास्ते में गड्ढा था।
9	सुक्ख बोला कि 2024 में नई औद्योगिक विकास नीति लायी जाएगी।	सुक्खू बोला कि 2024 में नया भी विकास नीति ले जाया जाएगा।
6	गाँव के निकट एक सरोवर है।	गाँव के पास एक प
5	मेरे पर्स में बक्कल है ।	मेरे पर्स में बाल की पकियाँ है
1	जाना	जाना
1	एकता	अंदाजा लगाता है
3	मुझे अचार पसंद है	मुझे अचार पसंद है।
6	दक्षा – मैंने तो आधा याद किया।	दक्षा – मैं तो आधा याद कर लिया।
8	अनेक पाठकों के दृश्य पत्रालय के अन्दर और बाहर निकाले गए।	ग ।कर दृश्य के दृश्यों को पत्र देकर बाहर भी बाहर निकाले गए।
13	इस प्रकार, एएसपी नगर अवधेश कुमार दीक्षित ने भी स्थल पर पहुँचकर थाना से घटना से जुड़े सूचना को प्राप्त किया।	ऐसे एएसपी नगर अवधेश कुमार कुमार की दीक्षकों को भी थाना ने घटना से जुड़े एक सूचना का भी पास लिया।
26	हिमाचल प्रदेश के कांग्रेस सरकार के बारे में कथित संकट के बारे में वरिष्ठ कांग्रेस नेता और मध्य प्रदेश के पूर्व मुख्यमंत्री दिग्विजय सिंह ने कहा कि सरकार वहाँ स्थिर है, जब समय आता है तब विद्रोहों के खिलाफ कार्यनीति लागू होगी।	हिमाचल प्रदेश में कांग्रेस सरकार के बारे में कहा गया है मध्य प्रदेश के पूर्व मुख्यमंत्री मध्य प्रदेश के पूर्व मुख्यमंत्री श्री मोदीजय सिंह ने कहा कि वहाँ सरकार स्थिर है, जब समय आ रहा है, तब समय आ रहा है।
3	स्वप्न के गीत को और गीता को क्या चुभता है?	स्वप्न सुम होता है क्या ? और इसके लिये क्या नहीं किया जा सकता?
5	आज लोग यज्ञ करते हैं ।	आज लोग यज्ञ करते हैं ।
1	दोपहर के बाद करते योग्य कार्य	प्राप्तिक दूतों
5	जरा रुको, मुझे स्मरण है।	ठहरो , मैं याद करता हूँ।
13	हे सुव्रत ! मेरे वह दोनों वरदान आपके पास धरोहर हैं। उनमें से एक वर के द्वारा शीघ्र ही मेरे प्रिय पुत्र भरत को इस एकत्रित सामग्री से युवराज पद पर अभिषिक्त कीजिये और दूसरे वर से शीघ्र ही राम को दण्डकारण्य में भेज दीजिये ॥	दोों न्यायों का रूप मेधावी का मेध भी पीछे आया। वहाँ से ये दोनों एक दूसरे से ही मेरा प्रिय सुशील कर्म किया गया। वहाँ मेरा प्रिय पुत्र बोले ॥
8	पश्चिम से लेकर पश्चिम तक जो साहित्य का अध्ययन किया गया है, वह कला रूप है।	पात्पद्धत के प्रति यह सब अनुवासन नाम का नाम था।
7	वे राज्य में विपक्षी दल के भी नेता थे।	वे राज्य में दल पार्टी का भी नेता था।
6	गरम पानी में हाथ और पैर रखता है।	गर्मी में हाथ में पैरों हाथ में रखते हैं।
4	मैं घास गौशाला में ले जा रहा हूँ।	मैं घास गौशाला में ले जा रही हूँ।
8	जो झूठ बोलता है, कोई उसका विश्वास नहीं करता।	जो झूठ बोलता है कौन-सा विश्वास नहीं करता है ।
7	हिमाचल प्रदेश के समतल मध्य-उच्च पर्वतीय क्षेत्रों में मौसम बदल गया।	हिमाचल प्रदेश के समतल मध्य-उच्चली क्षेत्रों में परिवर्तन आया।
8	शोभा –हस्ताक्षर तो देवनागरी में ही करने चाहिये ।	शोभा – हस्ताक्षर तो देवनागर में ही चाहिये।
3	हाथ अंदर करिये।	हाथ अंदर करिये ।
15	प्रधानमंत्री नरेंद्र मोदी की परीक्षा में चर्चा के सातवें संस्कार में पोर्टल में एक करोड़ से अधिक पंजीकरण प्राप्त हुए।	प्रधानमंत्री नरेंद्र मोदी की परीक्षा पे चर्चा के सातवीं संस्कृत के लिए एक करोड़ से अधिक एक करोड़ रुपये मिला।
4	मेरे घर में शान्ति चाहती हूँ।	मेरे घर में शांति करना चाहता हूँ ।
4	कौआ-कौआ ही रहता है और कोयल-कोयल होती है।	कौआ कौवे कोजा से दिकत गवा।
9	कबन्ध बोला यदि आप राम हैं और स्वयं आप मेरे पास आये हैं तो मैं धन्य हैं। पूर्व समय में में रूप और योवन के मद से उन्मत्त एक गन्धर्वराज था ॥	हे राम! यदि तुम राम के पास आया है तो आज में आपके आने परराजू हो गया ॥
1	सोम रस का पीने	सोमल
9	भगवान श्रीराम द्वारपाल से बोलेआनन्दपूर्वक उन्हे अन्दर ले आओ। तत्पश्चात् विधिवत् पूजित होकर मुनिगणों ने अनेक प्रकार के रत्नों से विभूषित महल में प्रवेश किया ॥	जैसे एकान्त में महात्मा शर्मा, जैसे सुखपूर्वक, सयसिनादि के आटे की पूजा से उसने पवित्र होकर श्री राम से कहा "तेजअरी को महाविष्णु भी नहीं की ॥
6	मेरे घर एक पँखा है ।	मेरे घर एक पँखा है ।
10	आपने तो मैं बहुत समय तक परीक्षित किया, इसलिये इस संदेह को छोड़ दो।	तुम्हारे तो मैंने बहुत बार परीक्षा की थी, इसलिए ये शहीद छोड़ छोड़।
10	हिमाचल प्रदेश सरकार की सभी अनुबंध कर्मचारी महासंघ की बैठक और चुनाव भी आभासी माध्यम से आयोजित हुए।	हिमाचल प्रदेश के सर्वबंध (इन्द्रा) और महाबंधों के उपावरण से पूरा हो गया।
4	वे संस्कृत में सम्भाषण कर रहे हैं ।	वे संस्कृत में बातचीत करते हैं।
8	रिपोर्ट में कहा गया है कि वह इस महीने की 22 तारीख तक एकांत कारावास में नहीं रह सकते।	रिपोर्ट के अनुसार, 22 तारीख तक को नहीं दूसरा रिपोर्ट है.
1	मेरे लिये	मेरे लिए भी
10	मुख्यमंत्री ने कहा कि बिजली महान देव-रोपवे-निर्माण के लिए केंद्र-राज्य सरकारों के बीच ज्ञापन पर हस्ताक्षर किए गए।	मुख्यमंत्री ने कहा कि भाजपा महा महा-रोपवेल के निर्माण के लिए केंद्र-राज्य सरकार के बीच आयोजित किए गए पत्र में हस्ताक्षर किए गए हैं।
3	कहाँ से भेजा गया ?	कहाँ से भेजा गया ?
4	उसके दोनों होंठ लाल हैं।	उसके दोनों होंठ लाल हैं।
10	उनमें से गुरु का सबसे प्रिय शिष्य विनयशील, अत्यन्त विनयशील और परमज्ञासु हुआ।	उनमें से गुरु का प्रियतम शिष्य विनयशील हैं, उन्होंने परमत होकर विनय में भी विनय के रूप में देखा।
30	कार्यक्रम के उद्घाटन में स्कूल के उप-प्राचार्य अनिलकोटनाला निर्णायक, विशेष अतिथि, राजकीय- स्नातकोत्तर कॉलेज के भौतिक सहायक प्रोफेसर डॉ. डी.एस. चौहान, रसायन विज्ञान की सहायक प्रोफेसर डॉ. सुरेश कुमार, जीव विज्ञान की प्रवक्ता मनीषमधवाल ने दीप प्रज्ज्वलित किए और सरस्वती माँ की समक्ष पुष्पप अर्पित किए।	कार्यक्रम के उद्घाटन में विद्यालय के उप। प्रोफेसर डॉ. सुरेश कुमार, राजकीय-) द्वारा- की नजर रहा है, राजकीय- पुरुष.एस.एस.एस चौहान, रसायनों की सहायता, रसायनों के प्रवक्ता डॉ. सुरेश कुमार, जीव विज्ञान के प्रवक्ता प्रकाशन ने दीप प्रज्ज्वलन किया।
9	जनवरी दिनाङ्क सबके लिये बहुत विशेष दिन था ।	जनवरी की तारीख को बहुत विशेष दिन था।
11	अरब देशों ने इस्राइल पर बमबारी करने का आरोप लगाया है. लेकिन इजराइल ने इस पर रोक लगा दी.	इज़राइल ने इस मुद्दे पर गुस्सा किया, लेकिन राष्ट्रपति ने आरोप किया कि इज़राइल में यह निचोड़ है.
3	आठवें वर्ष पर्यन्त की थी।	आठ वर्ष की होने पर उस वर्ष की।
1	कष्ट, पौड़ा	थेश
4	हम लोग फल खाते हैं।	हम लोगों द्वारा फल खाया जाता है।
10	पर्यटन विकास निगम के उपाध्यक्ष आरएस बाली ने कहा कि वह कांगग्रेस की महत्वाकांक्षी हैं.	पर्यटन विकास निगम के उपाधि पर आर.एस बाली बाली ने कहा कि वह पर्यटन की विकास के उपाधि हैं.
6	सात नए रेल लाइन की लाइन को उत्पादन किया जाना है।	सातों रेल रेल के ऊपर सर्जक बनाये से हैं।
8	पूरे दिन तक (भर) सोता हुआ यह कैसे हमारी रक्षा करेगा।	पूरी दिन तक निलंबित कर दिया गया यह कैसे हम किसी प्रकार की रक्षा करेगा।
6	रात साढ़े तीन बजे दो चोर घर में घुसे।	रात में दोपहर 3.30 बजे दो को घर में घुस गया
1	तय	अभी भी
3	विनय (नम्रता	विनय से बर्तनता है।
6	वृद्ध बालों के लिए प्रेतकार्य नहीं करते थे।	वृद्ध बालकों के प्रेम से की जाने नहीं करते थे।
1	प्रयत्न	कार्य
6	तुम्हारे पास केवल आधा घंटे का समय है।	तुम्हारे पास केवल आधा घंटे का समय है।
5	पाँच मिनट तक दोनों ने विश्राम किया।	पैंती तक दो विश्राम हो गए।
3	वे दोनों शान्त हुए।	वे दोनों अपनानाएँ ।
5	लैंडर की गति को धीमा किया जा रहा था।	लैंडर की गति को धीरे धीरे किया जा रहा था।
14	मुख्यमंत्री के पूछे जाने पर सति रजीना ने कहा कि वह पूर्ण शिक्षण शुल्क, रूपया और कोश धन (बोझ) को प्राप्त करती है।	मुख्यमंत्री ने पूछा कि रजीना जी ने कहा कि वह पूर्ण शिक्षण शुल्क का रुपये, कोश धन प्राप्त करना चाहता है।
6	अतः व्यवसाय में बहुत लाभ नहीं है।	इसलिए मुझे खूबसूरत नहीं है।
13	हर साल चुड़िया पर स्थित शिरगुल देवता मंदिर की द्वारपाल ने दिसंबर को प्रतिबन्ध किया और अप्रैल को बैसाखी तक की चुड़िया यात्रा पर प्रतिबंध लगा दिया है।	हर साल चुड़िया पर स्थित शिरगुल देवता मंदिर की द्वारपाल ने दिसंबर को प्रतिबंध लगाकर ए.एसयह बसाखी तक चुनेगी।
6	टांडा चिकित्सा महाविद्यालय में पहली बार ऐसी चिकित्सा शुरू हुई है।	टांडा चिकित्सा महाविद्यालय में पहली बार इस चिकित्सा शुरू हुई है।
1	उत्तपन्न करते थे	उत्पन्न हुए है
1	अस्तित्व अनुसार	अच्छाई की शक्ति
1	खोदता है।	खोदना
4	वह दुष्ट आत्मा अन्याय से राज्य करता था।	वह देखकरशिवश ने राज्य के उसे किया।
8	हे कौन्तेय ! श्रद्धा से युक्त जो भक्त अन्य देवताओं को पूजते हैं, वे भी मुझे ही अविधिपूर्वक पूजते हैं।।	जो कोई भी हो, जो मुझे आप ही श्रद्धा की प्राप्ति में समर्थ हैं वे मुझे भी मुझे मुझे नुकसान हुआ है, इसलिए मुझे कोई भी (संय नहीं कर सकते) होकर वे मुझे पहले ही मुझे प्राप्त होते हैं वे मुझे पहले ही मुझे पूर्ण कर देते हैं।
1	जागने के लिए ।	जागने के लिए
6	अब शुल्क भी अनिवार्य होगा।	अब शुल्क की प्राप्त भी प।
6	श्रीकृष्ण के चित्र की उपासना तो सभी करते हैं।	श्रीकृष्ण के चित्र के उपासना के लिये सभी करते हैं
13	इन युवाओं को minimum शिक्षा मिलनी चाहिए और खेती के क्षेत्र में अपना व्यक्तित्व बनाने के लिए इच्छुक होना चाहिए।	इन युवकों की कमी के योग्य शिक्षा हो सकती है और किसान के लिए अपने व्यक्ति को करने की इच्छा करती है।
9	उसके बाद राक्षसराज को उसके चिता में रखकर विभीषण ने विधिपूर्वक अग्नि दी।	वहाँ से, राक्षसों ने उस राक्षस को रख दिया कि डराई ने उसका अन्य आग प्रस्तुत किया।
3	जो कार्य कल करना है, उसे आज ही कर लेना चाहिए।	कल काम आज करते हैं ।
12	वे उस पक्ष के विभिन्न चरणों में कार्य करते हुए उस वर्ष पक्ष के अध्यक्ष बने।	वह उस पक्ष में विभिन्न पदों में काम करके उस वर्ष पक्ष के अध्यक्ष बने थे।
7	बुधवार को सेंसेक्स कमता के साथ खोला गया	बुधवार को सेंसेक्स कमी के साथ खोला गया।
4	वह स्वामी अक्षयानन्द हैं।	वह स्वामी से अक्षरन्द हैं।
7	कन्ग्रेज सरकार ने एक वर्ष में तीनवचन पूरे किये।	कांग्रेस सरकार ने एक वर्ष में तीन वर्ष के लिए तीन प्रकार की पूरी कर दी हैं.
3	पांच बजे से ध्यानसत्र शुरू होगा।	पाँच बजे से ध्यानचंद शुरू होगा।
8	वेस्टमिंस्टर ने बाद में रानी को श्रद्धांजलि दी।	बाद में उसने खूब मिन्टी को श्रद्धाञ्जलि दी।
8	अतिथियों का स्वागत प्रांतमंत्री डॉ. चंद्रप्रकाश ने किया।	अतिथियों का स्वागत प्रांत मंत्री डॉ. चंद्रप्रकाश ने उप्रेति किया।
7	पुनः हिमाचल में उत्सव का मौसम बन गया है।	पुनः हिमाचल प्रदेश में उत्सव का ऋण वातावरण बना है ।
7	उन्होंने इस परंपरा को अपने जीवन में आगे किया है।	उन्होंने इस परन्तु इसपर अपने जीव में भी आगे की।
6	कुछ लोगों ने ध्यान भी किया	कुछ लोगों ने ध्यान भी किया
4	वह मिर्ची तलता है ।	वह मिर्ची तलता है ।
8	तब सेगृहीतप्रहरण राक्षस सेना और वानरों का बड़ा बल निश्चयपूर्वक एक साथ हो गया।	तब घरेलूप्रलय राक्षसों को राक्षसों ने वानरों का महान बल दिया।
1	देखते हैं।	देखना
7	संयुक्त राष्ट्र महासभा की अध्यक्षता आज शीर्ष पर है-विश्वास की पुष्टि	संयुक्त राष्ट्र की अध्यक्षता वह इस समय शीर्षक में शीर्षक-विश्वास का बहू निर्माण करने की अध्यक्षता है
7	काश्य का यह परिवार समृद्ध, विद्वान् और भगवद्भक्त था।	वह काशी में यह परिवार समृद्धि, विद्वान और भगव।
13	''रसरत्नसमुच्चय''और यहाँ इसके बाद भौर/ सुश्रुतसंहिता में भी ऐसा संस्कार दिखता है।	''रसर सेन सागर''इसमें भी नहीं है उसके बाद, उसके बाद ही वह/श्रुत का भी ऐसी संस्कृत में ही ऐसा संस्कृत का संस्कृत में ही दिखाई देता है।
9	इला – चिंता मत करिये भैया ! अब चित्र ले लीजिये।	इला – चिन्ता न करो भैया ! अब चित्र एक बार फिर से नाराजें।
4	पुरोचन को दोष से	किसी को दोष की दोष से नहीं मानती।
3	ऐसा क्या ?	ऐसा है ?
13	यहां आशा है कि यह वाणी प्रक्रिया के अनुसार''पुरा''इसका तात्पर्य यह है कि शब्दाटु काप्रत्यय आवश्यक ही होता है, परन्तु नियमप्राप्त तालाब का गोप नहीं होता है।	अत्रावहियाँ है कि पंत से'',
5	सावित्री इस अपमान को सहन न कर सकी।	सावित्री ने यह अप्सराओं को नष्ट करने का फैसला किया।
25	स्कूलों के लिए कम अनुबंध-कक्षाओं में संस्कृत शिक्षकों की नियुक्ति, संस्कृत महोत्सवों में विभाग के विद्यार्थियों की भागीदारी, उन्होंने खुफिया परीक्षाओं में अधिकारियों के उलटफेर जैसे मुद्दों पर संगठन द्वारा आयोजित शिक्षकों और छात्रों के अधिकारों की रक्षा के लिए आंदोलनों में एक जन प्रतिनिधि के रूप में हर संभव सहयोग और सहायता की घोषणा की।	स्कूली सम्राट-कक्षाओं में संस्कृत के शिक्षण, संस्कृत द्वारा संस्कृत के विभागों के लिए भाग लिया गया, धार्मिक-चये हुए किपुंधरी-चुनावों, अधिकारियों के साथ-साथ शिक्षण, धन की प्रतिबंध और छात्रों के छात्रों का भी अधिकार है।
5	प्रतिदिन लोग धन अवश्य ही गिनते हैं।	प्रतिदिन लोग धन अवश्य ही गिनते हैं।
13	आपको अपने रोजमर्रा के कर्तव्यों को निभाने में ईमानदार होना चाहिए। आपको सफलता और असफलता के मोह को त्याग देना चाहिए। ऐसा संतुलन योग के जरिए हासिल किया जा सकता है।	हे तथा जिसके लिये योग में स्थित हुये तुम कर्म करो। हे धनिक, वह सब कर्मों में स्थित हुये तुम कर्म करो ॥
5	उनका प्रेणादायक प्रवचन मैंने सुना था।	उनका प्रादर के लिए प्रवचन मैं सुना।
7	यह घोषणा राज्य में ६६ लाख कर्मचारीों के लाभ के लिए होगी।	यह घोषणा राज्य में 2,66 लाख रुपये के लाइसका लाभ होगा।
4	रास्ते में भी संस्कृत सम्वाद होता है।	रास्ते में भी संस्कृत सम्रा होता है।
3	दोनों ने पढ़ा।	वे दोनों ने पढ़ा।
1	है प्रदर्शन	ठीक है
9	वह सत्य और शीलवान तथा सभी भोगों से रहित होकर स्वाध्याय करने के कारण अत्यन्त धर्मपरायण हो गया।	उन्होंने सच है, स्वभाव से सभील से असंतस किया। स्वाध्याय को बहुत धर्म के साथ जुड़ा हुआ।
14	उच्च न्यायालय ने कल पुलिस कमांडर कुंडू और पुलिस अधिकारी कांगड़ा शालिनी को वर्तमान पद से निकालने का आदेश दिया था।	दिसंबर को उच्च न्यायालय ने पुलिस अधिकारी कुंडुंक को पुलिस अधिकारी और पुलिस अधिकारियों को निकालने का आदेश दिया था।
3	आप विद्यालय जाईये।	आप विद्यालय जाईये।
1	तिल	पिला
11	वह श्रीरामचन्द्रजी की परिक्रमा कर उन्हें साष्टाङ्ग प्रणाम करने के पश्च्यात भक्ति से गदगद कण्ठ होकर हाथ जोड़कर कहने लगा । ॥	श्रीरामचन्द्रजी ने बहुत अच्छा, वह स्वीकार किया कि वह श्री रामचन्द्र जी सहित श्रीरामजी से बोली ॥
9	उद्योग मंत्री ने कहा कि मुख्यमंत्री सुक्खू इस दुखद घटना से पीड़ित हैं।	उद्योग मंत्री ने कहा कि मुख्यमंत्री सुक्खू इस दुःख को इस घटना से बोला है।
7	कोर्ट ने कल के फैसले को रद्द करते हुए वाराणसी में कर्फ्यू लगा दिया.	कोर्ट ने पिछले जो पिछले महीने नहीं किया था को अपनाई है ।
10	हिमाचल उच्च न्यायालय के आदेश के बाद राज्य सरकार ने डीजीपी संजय कुंडू को पद से हटा दिया है।	हिमाचल उच्च न्यायालय के आदेश के बाद राज्य सरकार ने डीजीपी संजय कुमार को पद से निकाल दिया है।
4	वह तो करीब-करीब बच गया।	वह तो बाल-मा किये हुए मोटा।
10	देवभूम के कुल्लो आराध्य देव भगवती रघुनाथ ने अयोध्या में राम मंदिर की प्रतिष्ठितता का निमंत्रण स्वीकार किया है।	देवभूमि पर कुल्लू के आराध्य देव भगवान श्रीराम ने अयोध्या में राम मंदिर की ओर के प्रतिष्ठा का निमंत्रण प्राप्त किया है।
8	राज्य सरकार ने अनाथ बालकों को''राज्य के बच्चे''एक दत्तक ग्रहण किया है.	राज्य सरकार ने अनाथ बच्चों का''राज्य के बच्चे' दिया है।
6	परिस्थितियों को अवसर मानकर मेरे पास आओ और विद्या प्राप्त करो।	परेशानियों को एक अवसर दो।
7	सतीश – रास्ते में कुत्ते दौड़ रहे थे।	वे रास्ते में कुत्ता दौड़ रहे थे।
4	अब सब जगह कूड़ादान दिखता है।	अब सब जगह कूड़ादान दिखता है।
7	उसने समानबोध किया ईश्वर सबव्यापक और सबदर्शी हैं।	उसने समबोध किया- ईश्वर सब कुछ देखना है।
1	कदम	स्थान
6	एक उच्च वर्ग के धनवान ने भी गुरुजी को मिष्ठान दी।	एक उच्च वर्ग के धनिक भी गुरु के धन का खुला दिया।
12	''दक्षिण रिचमोंट हिल''यह प्रतिमा वर्तमान तुलसी मंदिर के सामने स्थापित की गई थी।	''दनी ने इस संन्नट हिल्ट''इसके सामने वर्तमान के सामने हर महीने स्थापित की।
3	कार्यालय के पात्र धोता है।	कार्यालय की बर्तन धोता है।
1	सन्देश देकर	दिखलाकर
17	''बाहूबली'', ''आरआर.आर'' इत्यादि सफल फिल्में बनाने वाले एस.एस. राजामौली एसएसएमबी''इस फिल्म के कारण इस खबर में है.	'' । धर्म''आआरआरआर'' इत्यादि इत्यादि सफल फिल्म निर्माण किया गया एसएसएम निर्माण किया गया एसएसएमबीएसराबीबी''यह फिल्म के कारण चर्चा की जा रही है।
11	जनार्दन का माँ भर कहना था कि गुरुजी उठ कर फीके चेहरे के साथ कहते हैं तो ऐसा करो।	शबता के समान कार्य करने पर जनार्दन उठाने के लिए बड़ी गुरु है। गुरुओं को इस प्रकार करो।
3	बिटिया पानी लेती है	पुत्री पानी खाता है
4	राजा ब्राह्मण को धन देता है।	राजा ब्राह्मण को धन देता है।
15	वित्त मंत्री निर्मला सीतारमण ने कहा कि तमिलनाडु राज्य के जलास्खलन से प्रभावित क्षेत्रों में लगभग 2,000 लोगों की रक्षा की गई है।	वित्त मंत्री बने सीतारमण ने कहा कि एनडीआरएफ ने लगभग पूरी तरह से प्रभावित को कुमार क्षेत्रों से दो हजार लोगों से दो हजार लोगों से अधिक से अधिक लोग अपने विचार फंसे हुए किया है।
8	दैनिक वेतन में से 400 रुपये प्रतिदिन 25 रुपये की वृद्धि के साथ प्राप्त करें।	दैनिकवेतन के लिए प्रतिदिन 400 रुपये की बढ़ोतरी के साथ प्राप्त करना चाहिए।
6	विभा – कहाँ है वो ?	विभा – कहाँ है वह ?
9	पेट्रोल-डीजल तेल के दाम 35 रुपये प्रति लीटर बढ़ जाएंगे.	एकलिपिल की हीर्ट की (सील्की और डी5 रूप रुपये में 35 रुपये बढ़ेंगे।
12	''सीपीएन',वह नेपाली कांग्रेस सहित आठ राजनीतिक दलों के गठबंधन के उत्तराधिकारी थे।	''सिना पीटी के रूप में नेत की आठवीं कक्षाओं के आठदलों के बारे में जानकारी दी थी।
13	और ये गुरुजी, नरवर में धृतिमान् लोगों द्वारा अर्चनीय हैं। ब्राह्मणों, शाब्दिकों और श्रुतिमान् लोगों द्वारा पूजनीय हैं। वेदान्तियों और धनवानों के द्वारा भी समर्चनीय हैं । अरे, वे शास्त्रों के पथिक, किसके द्वारा पूज्य नहीं हैं? अर्थात सभी के द्वारा पूजनीय हैं।	जो व्यक्ति वहसे नहीं होनेसे, ये सभी ब्राह्मण हैं, ऐसे ब्राह्मण नहीं। ब्राह्मणओंसे भी नहीं छोड़ते, वेदान्त ही वेदमें जो ब्राह्मण नहीं हुआ है, ऐसे शास्त्रोंका जो वेद तप नहीं है, वह शास्त्रोंका समूह है ॥
7	दूर के क्षेत्रों में टीकाकरण अच्छा नहीं किया जाता है।	दूर से दूरदर्शन क्षेत्रों में टीकाकरण नहीं किया जाता है
6	उनमें से एक थे खुदीराम बोस जी।	उनमें से एक खुलीरामराम सब का ही सुसंतरा है।
23	यह यज्ञ के कार्य में स्वाभाविक प्रगटता का ज्ञान है, जिसे समय पर नहीं पढ़ना चाहिए। २) ऊहः-यज्ञ के कार्य में स्वाभाविक प्रगटता का ज्ञान है, ऐसा कहा जाता है।	इसका ज्ञान यह है कि ये ज्ञान के माध्यम से सरकार को नई शिक्षा से नहीं कहा जा सकता है। यह सर्वज्ञ- यज्ञ में प्रकृति की भावना और अपने विचार में मन्त्र प्रदान करने के लिए जो देवता में मंत्रिमण्डल के देवता होते हैं, ऐसे लोग कहते हैं कि जब तक प्राणी को इसके लिए विपरक कहा जाता है तब तक के लिए अपने को नहीं कहा जाता है।
18	लगभग करोड़ रुपये के खर्च के साथ, बस स्टेशन की लेन-देन के बाद सभी सुविधाओं से सुसज्जित एक विशाल द्वारपाल बन जाएगा, जिसमें यह यंत्र लगाया जाएगा।	लगभग करोड़ रुपये के खर्च होने से बसस्थान की आँखें पद की पन्द्रहवीं एक बड़ी सुविधा है, जहां यह यंत्र स्थापित किया जाएगा, जहां यह यंत्र स्थापित किया जाएगा।
10	फल के प्रभाव से सूर्य बादलों में छिपा हुआ है, संध्या की घड़ियाँ बना दी गई हैं।	परिणाम से सूर्य मेघों में निहित हो गया, प्यासा का घूमना भी बनाया गया।
11	झारखण्ड के मुख्यमंत्री हेमन्त-सरोन की नई दिल्ली में आवास प्राप्त किया गया।	विषय की बात की टीम झारखंड के मुख्यमंत्री हेनारे हुए सोचने पर आवाज़ के नई दिल्ली के बाद परिचय दिया।
15	मेरा आगमन का प्रयोजन है कि दोनों परिवारिक पक्षों के बीच में शान्ति स्थापित हो यही सबका कल्याण होगा।	मेरा आने का कहा गया है कि दोनों परिवार पक्षों के बीच शान्ति स्थापित किया जाएगा और यही सभी नंबर हो जाएगा।
7	प्रकृति की रक्षा से ही संसार की रक्षा हो सकती है। इसमें संदेह नहीं है।	प्रकृति की रक्षा के योग्य है और प्रकृति से ही में ही लिये नहीं है।
5	उनके साथ साइकिल चलाने वाले भी निकलते हैं।	उनके साथ साइकिल चलाने वाले भी निकलते हैं।
10	विभीषण ने महात्मा गन्धर्वराज शैलुष की बेटी को धर्म ज्ञाता सरमा से विवाह किया।	विभीषण ने भी उस महाष्पियों का शैलजा के बेटे धर्मज्ञ को किया।
12	यह गौरतलब है कि इंटरनेट-पत्र निर्माण में कुछ समय पहले जब तक अंग्रेजी का ही एकाधिकार था या प्रभुत्व था।	यह ध्यान है कि इंटरनेटीय-पत्रिकाओं में कितने समय पहले, अंग्रेजी द्वारा दी गई थी, एक अधिकारियों के द्वारा व का दिया गया था।
9	जो व्यक्ति प्रसन्नता पूर्वक अहर्निश अध्यात्मरामायण का गान करता है उसकी आज्ञा के लिये इन्द्रादि देवगण प्रतीक्षा करते हैं ॥	हे महादाही ! जो कहते हैं, वह सभी श्री राम की प्रतीक्षा कर रहे हैं। वे सभी इन्द्रियाँ इन्द्र की प्रतीक्षा कर रहे हैं ॥
3	विद्यालय के चौकीदार को निवेदन करती है।	विद्यालय के चौकीदार को निवेदन करती है।
4	अभी मैं केरल में हूँ।	अभी मैं केरल में हूँ।
5	हाल ही में तो रसायन मिश्रितकृत्रिम खुशबूदार पदार्थों का प्रचलन बढ़ रहा है।	अब तो रसायनों द्वारा प्राप्त होने वाले लोगों को सुगंध से ही खुश करना होता है।
19	आयोग ने कहा कि, राजनीतिक दलों को निर्देश दिया गया है कि वे दीवारों के बर्तन में, पुस्तिका के प्रसार में, प्रचार-सभा में होने के साथ किसी भी रूप में चुनाव के लिए बालकों का उपयोग नहीं करना चाहते हैं।	आयोग ने कहा कि राजनीतिक दलों से निर्देशित नहीं है कि वे दीवारों के लिए, पुस्तकिक की सारथि में, प्रचार-प्रसार में यह भी कहा गया है कि राजनीतिक बैठक में यह बात किसी के उपयोग में बच्चों का उपयोग नहीं करना चाहिए।
8	रास्ते में कोई उतरना चाहे तो वाहन रोकता था।	रास्ते में कोई भी उतर रहा था तब वाहन निलंबित कर रहा था।
5	उस कारण से विनीत रास्ते में गिर गया।	उसके कारण से वि नीति मार्ग से गिर गया।
13	नौ साल पहले शुक्रवार को केंद्र सरकार ने जनवरी-मार्च और त्रैमासिक में एक सुगम विकास योजना के वर्षों की अवधि में निक्षेप वृद्धि की गई।	नौ वर्ष से पहले शुक्रवार को जनवरी-) तीस वर्षों से सुक्या समृद्धि योजना का सम्राट योजना में बढ़ गया है।
7	उस भौरें ने उस बालक की आवाजों की ओर तो ध्यान ही नहीं दिया।	फिर भी, सनल ने इस बालक का बुला रहा है।
15	बीबीएमबी प्रशासन को जलसंसाधन मंत्रालय और इलेक्ट्रिक मंत्रालय के सचिवों के साथ संयुक्त बैठक में पोंगवेट के लोगों को संबंधित प्रक्रियाओं को नियंत्रित करने का निर्देश दिया गया है।	बीबीएमबी प्रशासन और अन्य साधनों के बिजली मंत्रालय के सचिवों के साथ संयुक्त सत्र में संयुक्त राज्य के लैंग करके शहरों को लायित करने के लिए निर्देश दिया गया है।
17	अस्थायी- मन्दिर में रामललाख्य के भगवत बाल-राम को दर्शन देने के लिए आराष्ट्र से श्रद्धालज्जन आए हैं, और आज दर्शन का अंतिम दिन है।	अस्थायी-अभिख्य भगवान राम- राम से श्रद्धाञ्जलि के लिए श्रद्धा से श्रद्धा का अंतिम दिन आयो है, आज भी दिखाए गए हैं।
8	बुद्धि भी बढ़ती है। रोग से हीन शरीर और भाइयों का प्रेम बढ़ता है।	बुद्धि और बल से हीन का शरीर और में से है।
3	परिवार का मूल आधार पत्नी है।	धर्म के गार्ह पर बैठे हुए।
7	देख, नवीनचन्द्र का मुँह क्यों इतना मलिन है ?	देखो, नई चंद्र का मुख बहुत मैला है ।
11	मोदी ने कहा, “हमारा संविधान इसके घनिष्ठ मन्थन के बाद बना गया है”, जो कि जीवन्त रिपोर्ट कहा जाता है।	मोदी ने कहा कि हम दोनों को हमारे संविधान हैं, वे एक जीविका के बाद बने हुए हैं, जिससे यह जीव प्रतिमानी छूट गहन कहा जा रहा है।
4	अंत में पाकिस्तान की पराजय हुई।	अंततोगर् अपने स्थान पर हुई।
8	हिमाचल प्रदेश के पचास युवा किसान आधुनिककृषि विधि को समझने के लिए जापान जाएँगे।	हिमाचल प्रदेश के एक सौ सौ युवा युवा आधुनिक से आधुनिक प्रकार की कोशिश करने के लिए
8	पृथिवी पर भी चन्द्रमा के छाया के कारण ग्रहण सम्भव है।	पृथ्वी पर ही चंद्रमा की छाया का कारण ही ग्रहण करना चाहता है।
8	सुमधुर राग सुनकर लोग और खुश होते हैं	सु करना सुख सुनकर लोग खुश होते हैं
5	विशाखा -मैं टमाटर काटती हूँ ।	विशाखा - मैं लाल कर्तव्य काट रहा हूँ ।
1	प्रयोजन है	किया जा रहा है
5	मैं रात्रि को शहर नहीं जाता।	मैं रात्रि में शहर नहीं जा रहा हूँ।
1	गोद में	नाशक में
10	तप अथवा किसी प्रकार की साधना का कार्य एक अकेला व्यक्ति ही अच्छा करता है, यदि दो छात्र मिलकर पढ़ें तो अध्ययन अच्छा होता है और गाने के लिए यदि तीन व्यक्ति मिलकर अभ्यास करते हैं, तो अच्छा रहता है। इसी प्रकार यदि यात्रा आदि पर जाना हो तो कम-से-कम चार व्यक्तिों को जाना चाहिए। खेती आदि कार्य ठीक प्रकार से चलाने के लिए पांच व्यक्तियों की आवश्यकता होती है, जबकि युद्ध में यह संख्या जितनी हो उतना अच्छा है|	एक तो दो समान दोनों से पढ़ने वाला यह साक्षा तीन प्रकार से नष्ट हो जाता है। चार प्रकार से अधिक माने वाले होते हैं।
4	ज्ञान में धर्म होता है इस प्रकार यह धर्मचारी है।	ज्ञान ही धर्म है, यह तो धर्म ही है।
3	हाँ अवश्य ही	हाँ
3	स्वदेशी टमाटर लाया हूँ।	अपने देश में लालची लाए।
9	हिमाचल प्रदेश विधानसभा क्षेत्र के विधानसभा क्षेत्र में आठवें दिन की कार्यविधि की शुरुआत से पहले भाजपा ने प्रदर्शन किया।	हिमाचल प्रदेश विधानसभा बम की आठवीं वर्ष के आठवें दिन पहले भाजपा परिसर में प्रदर्शन किया गया।
10	टारगेट बॉल की जीत में ऑस्ट्रेलिया की टीम ने 20 गेंदबाजों में 216 रन बनाकर जीत हासिल की.	लक्ष्य को हासिल करने के दौरान ऑस्ट्रेलिया टीम की टीम ने अपने, 21 रनों को दौड़ने की जीत हासिल की।
13	जो कृषिकर्म करता है, उसके अन्नका अभाव नहीं रहता, जो नीरोग है वह सदा सुखी रहता है और जिस स्वामीकी स्त्री उसको प्यारी है उसके घरमें सदा आनन्द रहता है	किसी दूसरे की नित्यप्रति सेवाक जी का नित्य अपने पति का पति ही पति की नित्यप्रति ज्ञान है, उसके नित्य ही उसकी नित्य सेवा है, पति के द्वारा नित्य पति के लिए पति का नित्य ही पति होता है। पति को पति की नित्य |
7	विवाह में रेलमार्ग से हॉलीवुड तक तारे भी प्रदर्शन करेंगे।	विवाह में रेलमार्ग से पत्तों तक ताराओं को भी प्रदर्शन करेंगे।
8	अहंकार के कारण वह निर्दोषों को भी मारता था	उनके कारण से वह निकलते थे वे मारते थे
8	भूकंप ने कहीं भी किसी प्रकार की हानि नहीं हुई।	भूकंप से कहीं भी किसी भी प्रकार की हानि नहीं हुई।
4	वह रंगमंच की व्यवस्था देखता है।	रङ्गम चंडीगढ़ की व्यवस्था देखता है।
3	शोक सब कुछ नाश कर देता हैं।	दुःखदायी होते हैं।
17	जिनके (धार्मिकमार्ग पर आचरण किए जाते हुए ) कर्मों को देखकर और ( पुण्यसमन्वित ) वाणियों के प्रवाह को देखकर लोग हर्षित होते हैं तथा धर्म रूपी लक्ष्मी से शोभित होते हैं । उससे उनका जीवन पुष्प की तरह हो जाता है और उनका तनमन सुगन्धि से भर जाता है, वे लोग तत्काल पुण्य को प्राप्त करते हुए सुखी हो जाते हैं ।	जिसके कर्म में सत्य क्यों बंधे हुए लोगों को देखकर हर्षित हो रहा है, तथा श्रीबाबागुरुजी को भी बिना किसी ने दो, श्रीबाबागुरुजी दोनों को बिना किसी प्रयास के पवित्रअ।
8	उन्हें भारतीय ओलंपिक संघ के नेतृत्व के लिए निर्विरोध चुना गया।	वह भारतीय ओलिम्पिक संघ के नेताओं ने प्रतियोग की सूचना दी।
1	माँगना	माँगा गया
27	अतः आज रविवार के दिन कैसे इन्हें दांतों से छु । हे मित्र । यदि तुम दिल में बुरा न मानो तो प्रातः काल जो तुम कहोगे, वह कर दूँगा। यह कह कर (मृग) के पास ही अपने को छिपा कर बैठ गया।	उस दिन भट्टारा है कि तुम मेरे पास क्या करती हो ? मैं तो आपको स्पर्श कर रहा हूँ क्या? आप मेरा मन अपने समान मन नहीं कर सकोगे, तो फिर कहेंगे कि तुम्हारे मन में यह विचार कर-ऐसा ही हो। वह तो कहो कि तुम इसी के पास जाकर कैसे बैठ सकें।
7	रात को मैंने एक खिड़की बन्द नहीं की थी ।	रात में मैं एक खिड़की नहीं मिली थी
3	सभी वाहन रुक गए हैं।	सब वाहन निलंबित कर लिये।
8	उस वर्ष सर्वश्रेष्ठ फ़िल्म ने पैसे प्राप्त किये थे।	उस वर्ष सबसे अधिक धन पा रहा था ।
4	अभ्यास से सब सरल हो जाता है	अभ्यास से सब कुछ सरल होता है
1	अभी भी खड़ा है	स्थित
7	शाम को आतेतेते ही आकाश लाल हो गया।	शाम को आ जाने पर आकाश लाल रंग हुआ।
3	राज्याधिकारी की आज्ञा है।	राजपुरुष की आज्ञा है।
7	विविध विद्यालयों के छात्र भी वहाँ बैठे थे।	विविध विद्यालयों के छात्र भी वहाँ बैठा था।
7	अध्ययन के नतीजे न्यूरो एपिडेमियोलॉजी पत्रिका में प्रकाशित हुए थे।	यह अध्ययन फल कम है एप्पिल ने कहा कि यह अध्ययन न्यूयॉर्क में एक आकड़ में प्रकाशित किया गया था।
4	रविवार को गाँधीधाम में संस्कृत सम्मेलन होगा।	रविवार को गाँठों की बात संस्कृत सम्मेलन में संस्कृत सम्मेलन होगा।
3	संचालक कहाँ खड़ा रहेगा ?	संचालक कहाँ खड़े होने के लिए?
6	ऋचा – मैं अस्पताल में नर्स हूँ।	ऋचा – मैं अस्पताल में नर्सिया हूँ।
6	अब वह इस प्रकार बड़बड़ाते हुए अपना समय बिताती है।	अब वह इस प्रकार सोल्प बड़बड़ाती है।
11	जैसे-जैसे संसाधन बढ़ते हैं, वैसे-वैसे प्रत्येक वचन चरणबद्ध रूप से पूर्ण होगा।	जैसे-जैसे संसाधनों को बढ़ाने के लिए पूरी तरह से शुरू होगी।
7	मेरी पत्नी – ओह नहीं मत लीजिये।	मेरी पत्नी – ओह न लें।
17	देवराज ब्रह्मा और वरुण ने मेरे लिए वरदान दे दिया, और महादेव की कृपा से पिता के साथ मेरा संवाद हो रहा है, यह सब तुम भरता को बताओ।	महेन्द्र के इस वरुण और वरुण ने मेरे लिए वरदान, महादेव प्रसाद से चएसस जी के साथ मेरा सत्य है, यह सभी के लिए जो पूर्ण हैं।
6	क्या वे सज्जिता के रूप में सुशय्या नहीं दिख रही हैं?,	सज्जन वे सुशयें या नहीं दिखती?
17	कार्यक्रम में प्रधानमंत्री के साथ विशिष्ट चर्च में चार हजार प्रतिभागियों के साथ एक विशिष्ट पुटक भी समर्पित किया जाएगा।	कार्यक्रम में प्रधानमंत्री के साथ विशिष्ट चर्चा में चार हजार से अधिक प्रतिभागी शामिल हुए हैं इन अधिकारियों को एक विशिष्ट पुटक का प्रतिबंध दिया जाएगा।
5	पाँच मिनट तक दोनों ने विश्राम किया।	पैंती तक दो विश्राम हो गए।
22	द्वापरयुग में लीलापुरुषोत्तम भगवान श्रीकृष्ण का यह भारतरूपी पुण्य भूमि पर जो उतरना हुआ था, वह अधर्म के विनाश के लिए, धर्म की पुनःप्रतिष्ठा के लिए, सत्कर्मों के स्थापित करने के लिए, भक्तों के लिए, और सीधे अनुकम्पा देने के लिए भी था।	द्वापर वर्ग में लीलापुरुष भगवान श्रीकृष्ण का यह भारतरूपी पुण्य भूमि पर जो उतरना हुआ था, वह अधर्म के विनाश के लिए, धर्म की पुनःप्रतिष्ठा के लिए, सत्कर्मों के स्थापित करने के लिए, भक्तों के लिए, और सीधे अनुगरण करने के लिए भी था।
7	इसके लिये शीघ्र ही यह उपकरण रख दिया जाएगा।	इस संबंध में शीघ्र ही यह उपकरण स्थापित किया जाएगा।
11	केरल में आज से श्रावणी उत्सव शुरू होने से विभिन्न उद्योगों में कारोबार करने वाले लोग और केरलवासी चिंतित हैं।	केरल में आज सुपारी उत्सव शुरू किए जा रहे हैं, इसलिए कई उद्योगों में मरीजों की सर्जना की गई है।
1	स्वतन्त्र	स्वयं पर निर्भर
5	विभिन्न पुरस्कार विजेता राज्यों के प्रतिनिधियों के साथ आंतरिक सत्र आयोजित किया गया।	विभिन्न पुरस्कारों के प्रतिनिधियों के प्रतिनिधियों के साथ अंतरराष्ट्रीय सत्र आयोजित किया गया।
6	शिक्षा ही जीवन के समान है - उत्तम सर्वोत्तम काम करने में समर्थ हैं।	शिक्षा ही जीवनल एक अच्छा लिए होता है।
3	कचरा डब्बे में डालती है।	कूड़ा में रखी पैंट में रखती है।
6	मेरे घर एक पँखा है ।	मेरे घर एक पँखा है ।
23	मौसम विभाग की रिपोर्ट के अनुसार, शिमला में पिछले दिनों सबसे कम तापमान सात डिग्री सेल्सियस है, वानरा में छह डिग्री सेल्सियस, बिलासपुर में डिग्री सेल्सियस, हमीरपुर में डिग्री सेल्सियस की रिकॉर्ड हुई।	मौसम विभाग की रिपोर्ट के अनुसार, पिछले दो तापमान शिमला की तापमान शिमला शहर में सात डिग्री सेल्सियस, बिलासपुर में डिग्री डिग्री सेल्सियस, हमीरपुर में डिग्री सेल्सियस है, हमीरपुर में डिग्री सेल्सियस है।
4	मैने सारी रात आँखों में काटी।	हालाँकि, कूटकर के मरे हुए (मरे हुए से) गिर गया।
1	पूर्ण मोह	एकदम सही से एक-दूसरे के लिए
13	समाज में तीन हाथ के माप वाली लोहे की छड़ी को हाथ में लेकर चलते हुए गजधर अब शिल्पी के रूप में आदर नहीं पाते हैं।	समाज में त्रिगुण-इमा से यह एक फार्मा चिकनाई हाथ में लेकर चल पड़े, अब शिष्य के बल्पे जाने से यह लोग इस समय नहीं हैं।
20	सीबिन-सी ने कहा कि ऐसे क्षेत्रों में गिल द्वारा चलाए गए जागरुकता अभियान, याचिकाएँ मतदाताओं को प्रेरित करेंगे, और वोटों की संख्या को बढ़ाने में मदद करेंगे।	सीबिन-सी ने कहा कि ऐसी क्षेत्रों में गिल के द्वारा चलाए गए- अभियान, और आह्वान किया जाएगा। अभियान, और मतदान को बढ़ाने के लिए सहायता करेगा।
4	इसीलिये वे फील्ड मार्शल बने।	इसलिये वह समराङ्गन अध्यक्ष बने थे।
6	और बाण धारण किए हो। तो भी मेरे रहते सीता को लेकर नहीं जा सकोगे।	तथा अन्यदायियों से युक्त डॉक्टर को होगे ।
5	खाज हो तो पाठा, रसोत, शहत तथा गरम कांजी इनका लेप करे या इनमें तेल पकाकर मले ॥	पाठ की कोभी करके गिरे हुए वस्त्र धारण करता है और प्रतिष्ठा आदि कोनाना चाहिये।
5	कहीं भोजन किया वा नहीं ?	क्या कोई भी भोजन किया है ?
10	काम में उसकी पारदर्शिता को देखकर डाॅ नीलकन्त ने उसे कानपुर ले आए।	कार्य में उसका पारस्परिता को देखकर डॉक नीलला ने उस कानपुर को लाए।
1	तुल्य	समान समान
7	व्यक्ति कुटुम्बार्थ, कुटुम्ब राष्ट्रार्थ और राष्ट्र भी मानवतार्थ होता है।	व्यक्ति परिवार के लिए, परिवार के लिए, परिवार के लिए है, राष्ट्र को मानवता देने का होता है।
8	उसी प्रकार अन्य भी हमारे पक्ष में बहुत से वीर हैं।	उसी प्रकार अन्य वीरों के वीर हमारे पक्ष में हैं।
18	उत्तराखंड विद्यालय शिक्षा परिषद-नीनीनीताल से उच्च विद्यालय में कक्षा में क्रमशः प्रथम द्वितीय तृतीय पुरस्कार जीता गया गगनदीप, अभिषेक, आजादक्ष और गुरुकुल कांगडी विश्वविद्यालय हरिद्वार से क्रमशः सुप्रभा, दिनेशचंद्र, प्रीति ने प्रथम द्वितीय तृतीय पुरस्कार जीता।	उत्तराखंड विद्यालय शिक्षा परिषद,-नैनीताल से उच्च विद्यालय में क्रमशः प्रथम में क्रमशः प्रथम पुरस्कार मिला। गगनदीप, अभि मेंादर, गुरुकुल आदि और गुरुकुल में क्रमशः द्वारा क्रमशः काउर्भा, दिनेश चंद्र, और दिनेश चंद्रम, दिनेश चंद्र, और प्रीति ने पहली नतीजे पुरस्कार प्राप्त किये।
18	उसे देखते ही वह राजा कामदेवके वाणसे पीडित (कामसे आशित) हो गया और इसी प्रकार वह कन्या भी उसे देखकर कामबाणसे अधीर (मोहित) हो गयी। कामके बाणोंसे विवश होकर वे दोनों अचेत से हो गये। राजा घोड़ेकी पीठपर रखे हुए आसनसे खिसककर पृथ्वीपर गिर पड़ा और इच्छाके अनुसार अपना रूप बना लेनेवाले महात्मा गन्धर्वलोग उसके पास जाकर उसे जलसे सींचने लगे। (फिर) वह दूसरे ही क्षण चेतनामें आ गया। तब अप्सराओंने उसे मधुर वचनरूपी जलसे भी आश्वस्त	कामदेव की स्तुति करता हुआ काम में संकोच और लोक की ओर से शठ नहीं करना चाहिये। यह सुनकर वह काम करना ही आया। तब उनके द्वारा ही उसकी पूजा की। उसके बाद वह राजा महा मार्ग दर्शक काम रूप धारण कर गये थे। तब तक ही वे सवार हुए। फिर उसी प्रकार मेरे पास ही आया।
14	एक अन्य आगे-आने पर छठे-हिलोग्राम भार वर्ग में सेना के बाईं तरफ से लम्बोरिया ने महाराष्ट्र के पूनमकाउंट को हरा दिया।	एक अन्य प्राग-अवच को लेकर शोर में छहवीं कक्षा के बाद सेना के सेलोरिया-सैनस ने ! अतः ! अतः हिमाचल प्रदेश के पूजेज को हराया.
6	सभी समिति सदनों की विशेष मार्गदर्शन से कार्यक्रम सफल रहा।	सभी समिति की विशेष मार्ग दर्शकों के साथ अच्छी संख्या में लोग भाग लेंगे।
10	जब अपने दोनों चरण कमलों से तेरी आश्रयशिला का स्पर्श करेंगे, उस समय तू पापरहित हो जायेगी, और भक्तिपूर्वक श्री रामचन्द्र जी का पूजन कर उनकी परिक्रमा और नमस्कार पूर्वक स्तुति करके तुम शाप से मुक्त हो जाओगी तथा पूर्ववत् तुम सुखपूर्वक मेरी सेवा कर सकोगी ॥	कभी कभी नटिलोरी पर
4	पुरुषार्थ (मेहनत) से ही लक्ष्य की प्राप्ति सम्भव है।	पुरुषार्थ ही लक्षद्वीप मिलता है। (प्रकाशों के द्वारा किसी प्रकार का लक्ष्य ही है।
6	"सीता माता को छोड़ दीजिये " ऐसा रावण की सभा में कहा।	सीता माता को छोड़ दीजियेऐसा रावण की सभा में कहा।
4	बाजार ने कहा वह आपने अपहरण कर लिया है।	उस साँप से सत्य का अपहित हो गया''इसका अपहरण किया गया''
7	गिरफ्तारी अभियान में सात जिलों के सैकड़ों आरक्षकों ने भाग लिया।	सात लोगों के लिए आने वाले सौ लोगों ने अपना नाम बताए गए हैं।
10	उस समय यह ही फैशन था, यह ही अनुराग था।	उस समय यह पर यह होते थे, यह ही अनुराग थी।
9	अनुद्योगी को उम्मीद है कि इस कमीशन के कार्यालय में शीघ्र ही भर्ती हो जाएगी।	इस आयोग कार्यालय में जल्द ही नियुक्त किया जाएगा।
5	हाल ही में तो रसायन मिश्रितकृत्रिम खुशबूदार पदार्थों का प्रचलन बढ़ रहा है।	अब तो रसायनों द्वारा प्राप्त होने वाले लोगों को सुगंध से ही खुश करना होता है।
5	पुस्तक, क़लम और दवात मुझे दो	पुस्तक लेखनी और मसीत से महाच।
17	फिर रामचन्द्र ने अश्वों, गायों, सौ हजारों बैलों, सौ हिरण्य लोगों को तीन करोड़ रुपये और ब्राह्मणों को नाना प्रकार के वस्त्र दिये।	फिर रामचन्द्र जी ने घोड़ों और गायों को सौ हजार से अधिक साड़टिकोट के त्रुटिकोट महर में प्रवेश किया।
9	यहां भी उन्होंने सबके सामने अपने जाग रहेलोकगान स्वर का प्रदर्शन किया।	यहां भी उन्होंने सबका सामने अपने रहने का प्रदर्शन किया।
4	सब मिलकर खाना खाते हैं।	सब मिलकर खाना खाते हैं।
5	वे सभी रेलवे स्टेशन से बाहर आते हैं	वे सभी रेल से बाहर आ जाते हैं
7	यह अतिरिक्त प्रेस वाहनों के लिए भी अलग एक स्टेशन होगा।	इसके अतिरिक्त प्रेम से किए गए लोगों के लिए भी अलग-अलग स्थानों पर भी किया जाएगा।
8	वे बोलते हैं – तिल के लड्डू खाओ, मीठा मीठा बोलो..!!	वे बोलते हैं – तिलक, तिलक खाओ, मधुर मत बोल
4	वह सरकार से भूमि मांगता है।	वह सरकार से अपने माँग रहा है।
6	श्रीमती जानकीत्रिपाठी ने सबको कृतज्ञता प्रकट की है।	श्रीमतीतीनवारी सबको अपनी में करने का प्रयास करता है।
21	हाँ, धातु सुराष्ट्र रंह को प्राच्य देश और मध्य देश में भी प्रयुक्त किया जाता है फिर भी आर्य गति को दिखाने के लिए प्रायः गम धातु का उपयोग करते हैं।	हालाँकि, यह संधि है कि धर्करा के रंजन (धन का भी उपयोग किया जाता है और फिर भी गति को लिए एक गति के द्वारा प्राप्त किया जा रहा है। फिर भी उनकी महिमा का उपयोग करती है।
3	अनेक प्रशंसायें प्राप्त की गई हैं।	अनेक प्रशंसा सर्जक मिली हैं।
1	अच्छी प्रकार	अच्छी तरह
15	जब वह व्यक्ति अपने घर गया तब उसने अपना ट्रंक कहाँ रखा, यह मैं नहीं जानता।	जब वह पुरुष अपने घर गया तब उसने अपने बल को कहाँ रख दिया यह मैं नहीं जानता।
6	दीपिका –हाँ मुझे भी सबने बुलाया।	दीपिका –हाँ मुझे भी सबने मारा।
10	उनमें से गुरु का सबसे प्रिय शिष्य विनयशील, अत्यन्त विनयशील और परमज्ञासु हुआ।	उनमें से गुरु का प्रियतम शिष्य विनयशील हैं, उन्होंने परमत होकर विनय में भी विनय के रूप में देखा।
4	खाने योग्य सारी वस्तुएँ आज अशुद्ध (विषैली) वस्तुओं से मिलावटी हो गई हैं। तथा सारी धरती मैली (अशुद्ध) हो चुकी है।	समानता से रहित व्यक्ति का सुझाव दिया वह धिक्कार है ।
15	मंगलवार सुबह कार्यकर्ता और कांग्रेस के अधिकारी घुमरवींनगर के राजेश धर्माणी के घर के बाहर आकर उनका अभिनन्दन किया।	मंगलवार सुबह कार्यकर्ता और कांग्रेस के अधिकारियों को, घ-किस गये राजेश कुमार को घर से आ गया।
1	नाच	नृत्य
4	नाम बदल कर लिख रहा हूँ	नाम बदल कर लिख रहा हूँ
2	जो दैत्य लोग	जो जो हैं
5	व्याकरण अध्ययन करनेवाला आज नहीं आया	व्याकरण की पढ़ने वाला आज नहीं आया है ।
1	जानने की इच्छा	कुतूहल
1	बहुत प्रसिद्ध	बहुत-सी।
4	उसके बाएँ कोई भी नहीं है।	उसके बाएँ कोई भी नहीं है।
10	मावळप्रदेश में विभिन्न रूप से जातिजन रहते हैं, मराठी भाषा में  ⁇ अठरा पगड  ⁇ इसे देखा जाता है।	माव निश्चय से विभिन्न रूप में जाति, जन्मठी भाषा में  ⁇ .
3	गायें बन में चरा।	गाजर से बनाओ।
4	मन्दिर के मैदान में स्वच्छता हो गई ।	मंदिर के सामने स्वच्छता हो गया।
3	वह दान देता है।	वह दान देता है
4	वह भूमि पर रंगोली करती है।	वह भूमि पर रंगोली करती है।
10	भारत द्वारा अपने दम पर बनाया गया पहला विमानवाहक पोत''निडर''इसे प्रधानमंत्री द्वारा देश को सौंपा जाएगा।	भारत का अपना देश है यह पहली विमानवाह काग
6	भ्रष्टाचार के कारण राजकोष में एक करोड़ से अधिक रुपये का नुकसान हुआ।	भ्रष्टाचार के कारण राजकोई न होने पर 1, करोड़ रुपये से अधिक-एक करोड़ रुपये की हानि हुई थी।
16	मैं तो यहाँ तक निलोभी हूँ कि अपने हाथ का कंगन भी जिस किसी को देना चाहता हूँ। फिर भी बाघ मनुष्य को खाता है, यह लोकापवाद मिट नहीं सकता। क्योंकि -	मेरी तुम हैं कि मेरी रात में ईशापस के लिए भी सोने का द्यूशनिक है, फिर भी किसी को जो पहले हुआ था, फिर भी बाघ में जो मानने वाले लोगों को अनाज होता है।
7	इस संबंध में बुधवार को राज्य के राजभवन द्वारा अधिसूचना प्रसारित की गई है।	इस संबंध में राज्य के राज्य देव हो गया है।
6	उद्यमी लड़की हमेशा उत्तम पुष्पमाला बनाती है।	उद्यमशी बालिका सदा उत्तम फूल बनाते हैं।
8	पुस्तक के रूप में देने के बाद सराहनीय कार्य किया गया ऐसा उन्होंने कहा।	पुस्तककर देकर प्रशंसा की गई थी कि पुस्तककर देते हुए प्रशंसा के कार्य में प्रशंसा की।
8	सत्र में मुख्य अतिथि के रूप में विश्वविद्यालय के वास्तुकला विभाग के पूर्व प्रोफेसर प्रोफेसर एस.के.सिंह उपस्थित थे।ओंकारनाथ चतुर्वेदी महाभाग एकत्र हुए थे।	सत्र में मुख्य अतिथि के रूप में विश्वविद्यालय के भवन विभाग के पूर्व शिक्षक प्रो. एस.के. ने भाग लिया।
1	अक्रूरता	लालच
10	''इसका व्याकरण लौकिकों और वैदिकों के दोनों प्रकारों का अनुशासन करता है	'' वह व्याकरण के वैदिक छात्रों और वैदिक शब्दों का अनुशासन करता है।
19	इस अवसर पर भारतीय सांस्कृतिकनिधि के समन्वयक नरेश मल्लहोत्रा भी विशेष रूप से, बीज बोधक और आभासी माध्यम से लेफ्टिनेंट जनरल गोवर्धन सिंह जम्वाल थे।	इस अवसर पर भारतीय सांस्कृतिक निधि शास्त्र के समन्वयक नरेश मल्हा भी, विशेष रूप से, बीज वक्ता और बीजजीरा के माध्यम से लेफ्टिनेंट जनरल सिंह जनरल सिंह थे।
4	बर्फ के गिरने सेवेदनाशील क्षेत्रों में मत जाईये।	बर्फ की गिराते हुए क्षेत्रों में जा नहींयेगी।
6	तब वैदिक संस्कृति का सब जगह चलन था।	तब वैदिक संस्कृति का सब जगह चलन था।
1	लकड़ी लाने के लिए	ईंधननानियों को
1	बकरी	बकरी
8	यदि वह पत्र लिखता तो बालक भिजवाता ।	यदि वह पत्र लिखूँगा तो बालक को निशार (है) दिया।
7	भीमसेन के द्वारा दुर्योधन के आठ भाई मारे गए	भीम से दुर्योधन के आठ भाई भाई भाई युद्ध में हक युद्ध हुए।
5	वहीं वर वधू ने एकदूसरे को तुलसी माला पहनाई।	वहीं वरौना ने एकदूसरे कोसवाने की कोशिश की।
6	आचार्या नंदिता वाराणसी में एक गुरुकुल चलाती हैं।	आचार्य प्रसन्न हुए वाराणसी से एक गुरु करता है।
5	परन्तु अन्यदेव मरणशीलों के साथ द्वेष करता है।	परन्तु अन्य देवता मन को मन में बना रहता है।
9	इसके अलावा, इस सत्र में कैबिनेट विस्तार के बारे में भी चर्चा की जा सकती है।	इससे अतिरिक्त मंत्रिमण्डल विस्तार के बारे में भी इस सत्र में चर्चा की जा सकती है।
9	प्रधानमंत्री ने कहा कि उसकी सरकार ने पचास कोटि लोगों को निर्धनता से बाहर कर दिया है।	प्रधानमंत्री ने कहा कि उसका सरकार ने पांच हजार-कोटि लोगों को निर्धनता से बहाल किया है।
8	कितने लोग संस्कृत अभ्यास करते हैं ? उनकी संख्या गिन रहा हूँ।	कितने लोग संस्कृत अभ्यास करते हैं ? उनकी संख्या गिन रहा हूँ।
4	फिर भी पैसा शब्द नहीं।	फिर भी द्रसा नहीं करना चाहिए।
10	मैं उनके बहुत व्याख्यानों में देख रहा था युगपत् हिन्दी-संस्कृत अंग्रेजी भाषा में।	मैं वे बहुत व्याख्यानों में देख रहा था-संस्कृत अंग्रेजी में अंग्रेजी-संस्कृत अंग्रेजी में।
3	इस बीच तीन मुख्यमंत्री हैं	इस बीच तीन मुख्यमंत्री को
22	केंद्रीय पर्यावरण मंत्रालय ने जानकारी दी है कि उत्तरी केरल के तट से लेकर दक्षिण गुजरात के तट तक बनने वाली नुउंमरदा घाटी और अरब सागर में चल रही पश्चिमी हवाओं के कारण केरल में 8 अगस्त तक भारी बारिश होने की संभावना है.	केंद्रीय पर्यावरण अधिकारी से दक्षिणी पीर्या थे, क्योंकि नाभि में द्वारा गिरफ्तार किया गया है, वह आरबसा शहर में रूसी हुई वह पश्चिमी वायु प्रदूषण से हुई है।
17	अब इन मंदिरों में 25 लाख रुपये से अधिक का बिल जो होता है उसे भाषा संस्कृति विभाग द्वारा मंजूरी देना होगा।	इस समय इन मन्दिरों में 25 लाख रुपये से भी अधिक की योजना होती है, इसके लिए भाषा है। इसके लिए भाषा विभाग में मंजूरी दी गई है।
7	उन्होंने कहा कि समूह शक्ति देश को सफलता के शीर्ष पर ले जाएगा।	उन्होंने कहा कि समूहशक्ति की सफलता को सफल करने में शीर्षस लेगी।
10	ई.सन् 1306 से 1315 तक मलिक काफूर ने दक्षिण भारत में बहुत विनाश किया।	ई.सी.एस6 से अधिक को करती है कि मलिक नोट ने दक्षिणी लैंप और दक्षिण में बहुत एड़नीय एक घरेलू दक्षिणा किया।
1	ईंधन	देखना
3	अभी हल्दीलेपन हो रहा है।	अब हरिद्वार लेपन होता है।
4	मनीषी बुद्धि से मन को जानता है।	बुद्धि से मन ईषसता है।
5	चिकित्सक ने उसे एंटीबायोटिक दवाई दी है।	चिकित्सक ने उसे एंटीबायोटिक दवाई दी है।
4	बहुत से लोग सत्संग में जाते हैं।	बहुत से लोग सत्संग जाते हैं
5	कुछ लोग ब्लॉग पर भी लिखते हैं	कुछ लोग बली पर भी लिखते हैं
10	दिल्ली की राज्यसभा में तीन, सिक्किम में भी एक राज्यसभा-सभा की बैठक में-चुनाव के लिए अधिसूचना जारी है.	दिल्ली के राज्यसभा की तीन, सिक्ख-राज्य की एक
6	खिचड़ी देओ और दूध वहाँ ले जाओ ।	मूँठ को दूध दो ।
10	वहाँ जाकर हनुमानजी ने जो कहा था सब कुछ क्रमपूर्वक श्रीराम के लिए कह दिया।	वहाँ जाकर हनुमान मैने जो यह सब तरह कहा, उसे सभी श्रीराम के लिए जैसा कहा।
1	कारीगर ।	शिल्प
1	हवनकुण्ड	हवन करने वाला
4	मैं नहीं जानता हूँ	मैं नहीं जानता।
3	श्रुति संस्कृत गाने गाती है।	वेद संस्कृत गीत गाती है।
7	जिसने अर्थशास्त्र रूपी महासमुद्र से नीतिशास्त्र रूपी अमृत का दोहन किया, उस महा बुद्धिमान आचार्य विष्णुगुप्त को मेरा नमन है।'	नीतिशास्त्र में प्रलय के अर्थशास्त्र महंग से काफी प्रतिबंधित कर दिया गया और वेधशाला में उनकी पूजा के लिए वेदना सर्वधित करने वाले मंदन आदि को।
1	बदनामी	कीड़ा
6	लेखन कौशल के विकास से छात्रों के ज्ञान क्षेत्र विस्तृत हो जाता है।	लेखन कौशल की वकील छात्रों द्वारा ज्ञान क्षेत्र से ज्ञानक्षेत्र बन रहा है।
11	इससे पहले शुक्रवार को सेंसेक्स अंकों पर चढ़कर अंक स्तर को समाप्त कर दिया गया।	इसके पहले शुक्रवार को सेंसेक्स अंकों का चढ़कर अंक स्तर का समापन हुआ।
10	असंयत मन के पुरुष द्वारा योग प्राप्त होना कठिन है, परन्तु स्वाधीन मन वाले प्रयत्नशील पुरुष द्वारा उपाय से योग प्राप्त होना संभव है, यह मेरा मत है।।	हे निष्पाप । योग में योग को प्राप्त करने वाला बुद्धि जिसको तुम मेरे पास जाओगे, यह मेरा मत है कि वह मेरे लिये तो शिक्षा दे। उसे मैं क्या काम हूँ और फिर अपनी तो बात ही छोड़ो।।
7	उस वर्ष महाराजा शिवाजीराव-उच्च विद्यालय से मैट्रिक ्यूलेशन-परीक्षा में उत्तीर्ण हुए।	उस वर्ष महाराज शिवाजी महाराजराव-उच्च विद्यालय से मैटिकेश- परीक्षा में उत्तीर्ण हुए।
12	प्रसिद्धा पाण्डे-अभिनेत्री भाग्यश्री की बेटी अवन्तिका दसानी गंगा के बीच पैदल चलने जाती है।	प्रसिद्ध रेलमार्ग-अभि मेंत्री भाग्य श्री भाग्य से कूड़ा तक के बीच में पद को बनाने के लिए जा रही है।
3	वह अखरोट खाता है।	वह सेरोट खाता है।
1	अभी अमृत की तरह	अमृत के समान
7	हत्येता नागरिकों को शस्त्र भी मिल चुके हैं।	हालाँकि, कलियों को वेदि से शस्त्र भी प्राप्त हैं।
1	अकुटिलता	सरल स्वभाव
5	राम के समान सत्पुरुष कौन है ?	राम के समान क्या क्या है?
20	वास्तविक भोजन वह है जो ब्राह्मण आदि को खिला देने के बाद बचता है, अर्थात गृहस्थ को चाहिए कि वह स्वयं भोजन करने से पहले ब्राह्मण को भोजन कराए, इसी प्रकार प्रेम और स्नेह उसे ही कहा जा सकता है जो परायों से किया जाता है, अपने बन्धु बान्धवों से तो सभी प्रेम करते हैं। बुद्धिमत्ता यह है कि मनुष्य पाप कर्म करने से बचा रहे। धर्म वह है जिसमें छल-कपट न हो।	जो (शास्त्र में) जो कुछ उत्पन्न हुआ है तथा जिसको समझे हुए परेशान नहीं करता है, वही (वा ही) पता जा सकता है, और जो धन सभी प्रकार से जो बात (बढ़ाई नहीं किया जा सकता) लोग जो यह भी कहा जाता है कि वह धर्म से रहित है।
4	यह बहुत मुश्किल तो नहीं है।	यह कष्ट नहीं है।
5	आज रविवार है न !	आज रविवार है न !
11	आपने पूर्वजन की तपस्या के प्रभाव से यह मेरा दिव्य रूप देखा है। मेरा दर्शन मोक्ष पद प्रदान करने वाला है, पापियों का इसका दर्शन परम दुर्लभ है ॥	इन्द्र के इस रूप में यह रूप को देखने के लिए तपस्वी को ही करते हुए प्रणाम करके अपने दर्शन के लिए निष्पाप किया जा रहा है। अत्यन्त दूर तक यह रूप प्राप्त कर लिया है ॥
12	जिस पुरुष में अहंकार का भाव नहीं है और बुद्धि किसी (गुण दोष) से लिप्त नहीं होती, वह पुरुष इन सब लोकों को मारकर भी वास्तव में न मरता है और न (पाप से) बँधता है।।	जिस बुद्धि से युक्त पुरुष बुद्धिहीन पुरुष भी नहीं निष्पाप न करके इस (क्योंकि) ने किसी भी कार्य से विचलित नहीं किया है, उसी प्रकार वह भी न जा सकता है।
9	पेट्रोल-डीजल तेल के दाम 35 रुपये प्रति लीटर बढ़ जाएंगे.	एकलिपिल की हीर्ट की (सील्की और डी5 रूप रुपये में 35 रुपये बढ़ेंगे।
23	रक्षा प्रवक्त्रा ने कहा कि दिसंबर के बाईसवें-तीसवें दिन के बीच में निरीक्षण उपकरणों के माध्यम से चार आततायीओं की गतिविधि हुई थी। इसके बाद उन्होंने भागने का प्रयास भी किया।	रक्षा प्रवक्ता ने कहा कि दिसंबर के बाईस तारीख को मध्य आधी रात को मध्य प्रदेश के के माध्यम से चारों आतंकवादी और चौराहे पर आधारित एक हो गई।
1	नदियाँ	समुद्र
16	हे यम ऐसे आप स्वर्ग प्राप्ति के साधन रूप अग्नि विद्या को जानते हैं उस अग्नि में श्रद्धा रखने वाले मुझे बताइये स्वर्ग लोक में रहने वाले मनुष्य अमरता को प्राप्त करते हैं। इस प्रकार द्वितीय वरदान के रूप में माँगता हूँ	यह शीघ्र ही गिद्ध ही स्वर्ग में विजय प्राप्त होता है। यह शीघ्र ही लोग श्रद्धा से अपने स्थान पर प्रवेश किया। इस प्रकार दूसरे लोग श्रद्धा से वरदान देते हैं। यह सभी देवता स्वर्ग में स्वर्ग गान किया जा रहा है।
12	मैं आपके मुख से श्रीरामचन्द्रजी की कथा संक्षेप से सुनी। अब मैं स्पष्ट शब्दों में उसे विस्तृत रूप से सुनना चाहती हूँ ॥	हे प्रभो! श्रीरामजी की कथा से मेरे कथा को सुनिये। अब मैं अब सुन रहा हूँ। इस समय मैने हमें देखूगाँ दी ॥
5	क्या आप पात्र में पानी भर देंगे?	क्या तुम एक रूप से जल भरोगे ?
7	पर्वत से समतल तक के क्षेत्र तीव्र ठंड के ग्रहण में होते हैं।	पर्वत से समतल तक क्षेत्रएं तीव्र होती हैं।
4	सूत जी ने कहा हे मुनिजन ।	सारथी ने कहा ।
3	कभी कभी नासमझ हो जाती है ।	कभी कभी प्रेम होती है
19	चारों जन्म दिवस के उपलक्ष्य में प्रधानमंत्री संतों और समाजसुधारक गाडगे बाबा के जन्म दिवस का भी उल्लेख किया गया है और मोहित निर्धनों के उठने में उनका योगदान प्रकाशित किया गया है।	चौबीस से अधिक दिवस के अवसर पर प्रधानमंत्री द्वारा में प्रधानमंत्री के द्वारा से गाजाधारकों का भी उल्लेख किया गया, और उनके जन्म दिवस पर उनके योगदान में भी उनके योगदान का उल्लेख किया गया।
18	कुलदीप पाठक ने कहा कि विधानसभा सचिवालय तपोवन के सर्दी सत्र की योजना के लिए पूरी तरह से तैयार है और उसकी तैयारी पूरी है।	कुलदीप पाठक ने कहा कि विधानसभा सचिवों को तप भगवान् की ठंडेकालीन सत्र के आयोजन के लिए पूरी तरह से किया गया है, और उनके तैयारी पूरा हो गया है।
10	पर्यटन विकास निगम के उपाध्यक्ष आरएस बाली ने कहा कि वह कांगग्रेस की महत्वाकांक्षी हैं.	पर्यटन विकास निगम के उपाधि पर आर.एस बाली बाली ने कहा कि वह पर्यटन की विकास के उपाधि हैं.
10	देवभूम के कुल्लो आराध्य देव भगवती रघुनाथ ने अयोध्या में राम मंदिर की प्रतिष्ठितता का निमंत्रण स्वीकार किया है।	देवभूमि पर कुल्लू के आराध्य देव भगवान श्रीराम ने अयोध्या में राम मंदिर की ओर के प्रतिष्ठा का निमंत्रण प्राप्त किया है।
16	(सहार की स्थिति में) जिस आत्मा के लिए ब्राह्मण तथा क्षेत्रीय ओदन (चावल) के सदृश होते हैं, जिसके लिए मृत्यु उपसेवन (सहायक भोज्य सामग्री दाल तरकारी आदि) बनते हैं, वह ब्रह्म जहाँ है, सामान्य बुद्धि का कौन मनुष्य (उसे) जान पाता है।	जिसकी बुद्धि एक ही है, जहां वेद आदि के प्रति किसी भी प्रकार की चिन्ता नहीं होती, इसी प्रकार ब्रह्म को वेदना कहते हैं। वह व्यक्ति उनका अनु है जहां वह ब्रह्म को प्राप्त होता है।
5	देखिये ... फूँकने से फेन उड़ती है।	देखिये ... फूड़े से फेन उड़ती है।
6	हे रोगी ! बाहय और दिव्य मुनि तथा राजऋषि और पर्वत तथा सब नदी और समस्त समुद्र तेरी रक्षा करो ॥	पाठा और पाठाओ ब्राह्मण राजर्षि राजर्षि को हैं।
12	यह बात है कि भारत इस दिसंबर के 12 से 14 तारीख तक नई दिल्ली में वार्षिक-शिखर सम्मेलन की अध्यक्षता करता है.	यह बात है कि भारत दिसंबर के बारह तारीख से चौदह तारीख तक नई दिल्ली में एक बार जाते हुए शिखर सम्मेलन का-अमन को करता है.
5	पढ़कर जल्दी ही लौटा दूँगा ।	जल्दी पढ़कर देता हूँ।
7	उन्होंने इस मौके पर सभी नागरिकों को आजादी और अन्य शुभकामनाएं भी दीं।	इस अवसर पर सभी नागरिकों को आज भी उन्होंने अर्पण किया।
4	उसके बाद उन्होंने भजन गाए।	बाद में उसने भजन गाए।
5	चम्बा के चौगान मंदिर से लगभग मीटर दूर है।	चम्बी चौ विआप से प्रायः मीटर दूर है।
8	ठीक है महोदय ! आपकी विमान टिकट तैयार है।	ठीक है महोदय ! आपकी विमान टिकट तैयार है।
3	उनके द्वारा जीया जाता है।	उन लोगों द्वारा जीना जाता है।
8	इस लद्दाख शहर में बड़ों के खिलाफ लघुपलट से युद्ध हुआ।	इस लद्दाख शहर में बड़ेत्तर के खिलाफ एक लेट लैंडन से युद्ध किया गया।
5	कौन दोपहर में पाठशाला नहीं जाता?	कौन दोपहर में पाठशाला नहीं जाता?
4	चार लड़के जाते हैं।	चार लड़के जाते हैं।
12	सेंटर ने कहा कि जनवरी के दिन केन्द्र सरकार के सभी कर्मचारी राम मंदिर की सफाई कार्यक्रम को देख सकते हैं।	केंद्र ने कहा कि जनवरी को केंद्र सरकार के सभी सर्जियों का प्राणप्रतिष्ठा कार्यक्रम देखने के लिए देखने की कार्यक्रम को देखा जा सकता है।
7	जाने वालों को सुखपूर्वक यात्रा करें, उन्हें घर पहुँचाने में सुरक्षित रखा करें।	वे घर की में एक करके होने चाहिए, वे घर पाते हैं।
11	हालांकि, आज यह अधिनियम जम्मू-कश्मीर में है-विधिनियमों के अनुसार, मुख्य चुनाव अधिकारी पास में हैं।	हालाँकि, इस समय इस सेमिनार में वर्तमान-बताया गया है कि वह इस समय इस चुनाव अधिकारी के पास है।
7	सच ही कहा है पवन के द्वारा समस्त जगत् तथा चैतन्यपूर्ण यह समग्र सृष्टि जीवित है।	सत्य ही कहा गया है, उस सत्य को ही धन मानकर है, और उसका क्या भय से युक्त है।
6	तुम्हारे घर किसका वृक्ष है ?	तुम्हारे घर किसका पेड़ है ?
11	अक्षय, टाइगर और पृथ्वी के राजा सुकुमार मिलकर इस चित्रोतलंकार को बहुत जल्दी करने जाते हैं	अक्षर,  ⁇ en, पृथ्वीराजसु कुमार को मिलकर इस चित्र का बहुत जल्दी से जा रहा है।
6	पुत्र -मैं कैसे झूठ बोलूँगा ।	पुत्र - मैं कैसे ही बोलूँगा व बोलूँगा ?
4	क्या करूँ मैं ?	क्या करू ।
4	और ऊँचे वृक्षों (लकडियों) से रहित वनों को (तृप्त करके)	मूँठों (गौला और रबड़ से) कान के बीच कूटने लगा।
27	तुम तो हर युद्ध में जीत नहीं पाते हो। परन्तु अब तुम राम द्वारा मार डाले गए हो, यह मेरा विश्वास है। अथवा हे महाबल! वसवन से तुमर्ष्या कर रहे हो?	तुम तो सब जगह से जीत हासिल करने वाले लेकिन अब तुम राम को मार गिराओ। मेरे विश्वास पर ही नहीं होता है। या महाबलशाली ही नहीं होते हैं! अथवा यह मुझे विश्वास नहीं होता है।
8	सभी अतिथि घर (होमस्टे यूनिट) पर्यटनकून के तहत लाए जाएँगे।	सभी अतिथियों घर की आँगन में यूनिट) पर्यटन होमवर्क के तहत लाए गए हैं।
1	पशुशास्त्र में	पशु के समान
1	पायल	पोंली
13	घर आकर उसने संदूक को खोला, उसमें बहुत कीमती (मूल्यवान) हीरों को देखकर वह बहुत खुश हुई और उसी दिन से वह धनी हो गई।	गृहमा के पास उसने मञ्जूक और घरेलूले हो, उस पर वह बड़े ही सूर्य के समान देखकर वह खाटिका हुआ।
1	राज्य को प्राप्त हुए	राज्य के लिए प्राप्त
6	वह जब-तक पढती हैं, मैं तब-तक लिखता हूँ।	वह जब तक पढ़ता है वह तब तक लिखता है।
3	जहां तुम जाते हो।	जहां तुम जाते हो।
3	नन्दिनी नहीं चलेगी।	निनी नहीं चलेगी।
17	शाह ने कहा कि इस संगठन की स्थापना भारत के निर्माण में आत्मनिर्भर है-सहकार से उन्नति इस लक्ष्य को प्राप्त करने में रत्न के समान प्रतीत होगा।	शाह ने कहा कि इस उत्सव की स्थापना आत्म से भारत के निर्माण में-अहार में समृद्धि को लक्ष्य हासिल करना चाहिए।
4	शीखा प्रतियोगिता को प्रथम पुरस्कार, भागीरथ गिरी।	शकरस में प्रथम पुरस्कार के साथ पुरस्कार जीता।
4	मैं सब्जी खरीदा।	मैं सब्जियाँ खरीदी।
11	सितम्बर, उस महर्षि का जन्म श्री गिरिधर दास के पुत्र के रूप में हुआ था, बालगोपाल का नाम हरिश्चन्द्र था।	सितम्बर, उस समय श्रीगिरिधर: के पुत्र के रूप में एक बाल्टील था, इसमें बाल्सीह था।
20	नएजात शिशुओं के लिए अनेक थर्मामींटियाँ (इन्क्यूबेटर्स) बन चुकी हैं, लेकिन हिमाचल प्रदेश के आईटी मंडी द्वारा ऐसी थर्मामींटर बनाई गई है जो सभी सुविधाएं एक साथ प्रदान करती है।	नई तलाशस जाती है कि सभी सुविधाएँ (इशिय्यूब्यूबर्सर्सर्सूत हैं, लेकिन हिमाचल प्रदेश के  ⁇ udget एक ऐसा है जो सभी सुविधाओं को एकजुट बना सकता है।
7	वो दोनों जने शान्त हो गए ।	वे दोनों घूमे उत्पन्न हुए
20	जनवरी महीने की पहली तारीख को कक्षा 9 अध्ययन-वर्तमान छात्र फरवरी महीने की बीस तारीख तक इसरो अंतरिक्ष जिज्ञासा-इस कार्यक्रम के लिए पंजीकरण करने के योग्य हैं	जनवरी के पहले तारीख को नई कक्षा में अध्ययन-रहस तारीख को-रिस छात्र 2 तारीख को जिज्ञासा-पंडर को पंजीकरण करने के लिए योग की शिक्षा दी गई है।
3	वृक्ष से अनेक पत्ते गिरते हैं।	पेड़ से पत्ते गिरते हैं।
6	इस प्रकार झगड़ते हुए वे दोनों राजा के पास गए।	इस प्रकार विगमानी दोनों को बाकीन में गया।
5	आग्नेयास्त्रियों ने तालाब को भी सूचित किया।	आगशकक नामक टाहलीवाल ने भी लोग सूचित किया।
5	हाईड्रोजन प्रदूषण से रहित स्वच्छ ईंधन माना जाता है।	हाईड्रोजन जी स्वच्छ मानती है।
5	नाव चलाने लायक नदी में वह नाव चलाता है।	नहीं तो वे नदी में वह नौका चलाता है।
8	बोलो .... फिर से चंचलता नहीं करूँगा।	शिक्षिका -हाँ .... फिर से चंचलता नहीं करूँगा।
6	वहीं तेलंगाना राज्य में कांग्रेस ने विजय पाई।	वहीं तेलङ्गाना राज्य में कांग्रेस कांग्रेस टीम जीत हासिल हुई.
10	पीताम्बर दत्त की इच्छा थी कि सभी विषयों का ज्ञान हिन्दी भाषा में पढ़ाया जाए।	पीताम्बरदत्त की इच्छा थी कि सभी विषयों की ज्ञान में पढ़ाई जाने की कोशिश करना चाहिए।
8	इसी प्रकार हजारों वर्षा ऋतुओं में दसग्रीव के नए सिर पर आग लगा दी गई।	इसी प्रकार वर्षाों के दसग्रीव की नौवीं कक्षा के नौ सौ शहीद हो गए।
10	इस कार्यक्रम में कांग्रेस के वरिष्ठ नेता राहुल गांधी और प्रियंका गांधी शामिल होंगी.	इस कार्यक्रम में कांग्रेस पार्टी के वरिष्ठ नेता राहुल गांधी और प्रियंका को भाग ले लिया।
1	कलाकारों का समूह	नाटक की पंक्ति
10	मधुमास चैत्र शुक्लपक्ष नवमी तिथि कर्क लग्न में, पुनर्वसु नक्षत्र में जिस समय पाँच ग्रह उच्च राशि पर स्थित थे, सूर्य मेष राशि पर विद्यमान थे, उस समय परमात्मा सनातन जगन्नाथ का आविर्भाव हुआ। उस समय आकाश दिव्य पुष्पों की वर्षा से पूर्ण हो गया ॥	मधु में सनेत्र में एक दूसरे पक्ष में शुभ, मैनेत्र (खरे हुए), थाल में कनाउथ और पत्तों से एक संबंधी चंद्र में इससे निकलता है।
17	जब अर्जुन देखता है कि वह अपने गुरु-पितामह-भाईयों और रिश्तेदारों के साथ युद्ध करेंगे, ऐसा देखकर उसका हृदय कांपता हुआ हो जाता है।	जब अर्जुन देखता है कि वह अपने गुरु हो, भाई-सड़कियों के साथ युद्ध करेगा, देखकर उसका हृदय कंपनी है।
11	इस प्रकार अपनी सम्मति देकर भगवान् श्रीराम जटायु को आलिङ्गन कर भाई लक्ष्मण और सीताजी के साथ पञ्चवटी को गये ॥	इस प्रकार उपवास से मुलहटी लक्ष्मण को सुनकर लक्ष्मणजी ने श्री सीता जी का आलिंगन किया और लक्ष्मणजी के साथ उनकी सीता जहाँ लक्ष्मण के साथ वन में आया ॥
9	विपक्ष हर समय तानाशाही का आरोप कर सदन से बाहर गया।	विपक्षी सरकार से तानाशा के द्वारा आरोपित आरोप को कर दिया गया और सदन से बाहर गया।
1	गुस्से हुआ हुआ ।	गुस्से हुआ
5	सुबह उसने संदेश भेजा	सुबह उसने संदेश भेजा
15	राजभवन में आयोजित समारोह मेंइसने नई विधायी की शपथ ली। राज्यपाल: विश्व-भूषण'हरिचंद्र ने राजभवन में नई विधायी के पद की घोषणा का शपथ लिया।	राज। राज के समारोह में आयोजित समारोह में श्री मोदी ने नई दिल्ली के शपथ ली है। राज्यपाल विश्व- के विश्व-आप को राजसभा में नौ प्रकार के पद और उनके लिए शपथ ली गई।
14	गिरिजा – हाँ सखी! आज सुबह ही मेरी नौकरानी (सहायिका) अपनी बेटी के लिए काम हेतु पूछरही थी।	गीजा –हाँ! आज मैं प्रलय! आज ही मेरी सहायतािका स्वस्तर से कर्माथान पूछता था।
7	अगर मैं खेलूँगा तो गुरु मुझे मारेगा।	अगर मैं खेलूँगा तो गुरु मड़गी।
1	समान रूप से अर्थ बोध करें।	किसी एक में
1	उठना	उठो
6	गोह, लोपक ( शृगाल भेद ), बिल्ली, श्वावित्, ऊट, गाय, कछुआ और शल्लकी इनके मास-रसों को भी शाक की भाति दही और अनार रस में सिद्ध करके घी और तेल मे भून कर धनिया और सोठ मिला कर देना चाहिये ||	एक ही पुत्र, प्लीहा, रस, अचनेव (चैले), अर्श, मूत्र इन सभी साधनों से तथा इनमें से कमल के समान विशाल नेत्र वाले होते हैं। जो प्राणी बहुत सब प्रकार से अपनी गाय, मूढ़ता, पर्ची और अतिकड इन दोनों चराचर सहित हैं। इसके लिये ही उत्तम दूष्य (-कभी ) ॥
1	पात्र	बर्तन
6	जब लौटाना होता है तब कष्ट अनुभव होता है।	जब लौटा होता है तब कष्ट का अनुभव किया जाता है।
24	सेंटर संयोजक: डॉ. पंकजत्रिवेदी; सेंटर शिक्षक अमर सिंह रावौड़; संस्कृत भारती: नगर संयोजिका कु. कृपाली कामली; साप्ताहिक बैठक संयोजिका दिलशादपाटडीया; सेंटर के पूर्व छात्र उपस्थित थे।	केंद्रीय संयोजक डॉ. पंकज:.के. केंद्र, केंद्र के नगर शिक्षक श्रीठाली जी संस्कृत भारती संस्कृत अकादमी द्वारा दी गई, साप्ताहिक बैठकें, वह दिल्ली केंद्र के पूर्व मुख्यमंत्री बहन और पूर्व छात्र थे।
7	चलचित्र के निर्देशक अनिल शर्मा भी शिमला आएँगे।	चलचित्र का निर्देशक अनिल शर्मा भी शिमला आ जाएगा।
11	कवि ने आठ अध्यायों के सूत्र क्रम का अनुसरण करके, 1,500 सूत्रों में 4,000 गाने लिखे हैं।	कात्यायन से अष्टाध्यायी सूत्रधार, 1500 सूत्रों में से 1,500 सूत्रों पर लिखे हैं।
13	नल-वह मधुमेह और मोटापे पर चल रहे जागरूकता कार्यक्रम में बोल रहे थे।	टैप्टिगाय और अन्य अतिशय सैर आदि के साथ अधिकृत उद्घाटन समारोह में भाषण दिया गया था।
6	यह पहली बार है जब इतने भारी उपग्रह लॉन्च किए गए हैं।	ये पहली बार हैं जब वांछित नतीजे ही वनों ने भारत से ही व पहले वसंत में हैं।
5	अमेरिका में भी संस्कृत भारती का कार्यालय है।	अमेरिका में भी संस्कृत भारती का कार्यालय है।
5	कार्यशाला में 35 शिक्षकों का प्रशिक्षण हुआ।	कार्यशाला में 35 अध्यापक प्रशिक्षण हुआ।
9	चन्दन – सखियों के साथ ! मेरे साथ नहीं (दुःख का अभिनय करता है)	चन्दन – मित्र! न! मेरे साथ मैंने विषय नहीं पढ़ता है।
9	जिन पाचनों को अतिसार- चिकित्सा मे कहगे उनको पिलाना चाहिये। भोजन से पूर्व हरड को गुड़ के समान भाग में खाना चाहिये । अथवा त्रिफला क्वाथ के साथ निशाथ का चूर्णं देना चाहिये । गुदाश्रित दोष के नष्ट होने पर अर्श स्वय नष्ट हो जाते है ॥	जो मनुष्य एक ही बार पसन्द है, उसका यदि बहुत से पथड़ी हो तो उसका भक्ति मुझे मारना चाहिये। यदि रोगी को कड़वे तो उसके तो हाथ जोड़कर (शुद्धि) के साथ ही उसका स्वरूप हो जाता है, वह तो आपको वन में ही मार डाला ।
8	भोजपुर नगर में, रोहतास नगर में और भभुआ नगर में औरंगाबाद नगर में तीव्र ठंड का अनुभव होता है।	भोजनपुर में, रोहतास नगर में, भ से
7	वह पक्षियों और पशुओं को पकड़कर अपना गुजारा करता था।	पंखों के ग्रहण से वह स्वीकार्य में जीविका निर्वाह चल रहा था।
9	तमे वर्षे दिसंबर महीने की तारीख को संयुक्त राष्ट्र सतत महासभा की स्थापना हुई।	उस वर्ष दिसंबर महीने की तारीख को संयुक्त राष्ट्र की स्थापना हुई।
6	जो (मनुष्य) अपना कल्याण और बहुत अधिक सुख चाहता हैं,	जो इच्छितता को सुख देने वाले और सुख की तथा सुख-दुख और सुखपूर्वक है
1	काया	शरीर।
5	झरोखे से सारा नगर दिख रहा है।	गायक्षू से पूरा शहर दिख रहा है।
11	बाद में शिवाजी महाराज ने इन मत्स्यों को एक साथ मिलाकर मावळा नाम किया।	बाद में शिवाजी महाराज ने इन सभी को एक दूसरे को नहीं देखा।
15	संसदीय कार्यों के मेघ स्वरूप सदन के राज्य मंत्री अर्जुन राम ने नियमों को कम करने का, प्ली-कार्ड के प्रदर्शन के कारण सांसदों को इस्तीफा दे दिया प्रस्ताव पेश किया।	संसदीय कार्यों के मेघवाल सदन के राज्य मंत्री अर्जुन को नियम बनाने के लिए, प्ले-कारन ने !कारले-उत्तले के प्रदर्शन के कारण सांसदों की प्रस्ताव को प्रस्तावित किया।
6	भारत में तीन सौ से अधिक ओमीक्रॉन भिन्नताएं, जो बहुत अधिक गंभीर नहीं हैं, पाई जाती हैं।	भारत में गुरुओं की त्रिशूल से लैची भारत में दिखाई देते हैं।
4	गिलहरी यहाँ वहाँ दौड़ रही थी।	गिलहरी ने अनार और दौड़ रहा था।
6	नहीं, मैं आज सायंकाल शहर जाऊँगा।	नहीं मैं आज शाम नगर जाऊँगा ।
8	जब तक इनका उपयोग नहीं किया जाता, तब तक इनका साज-सज्जा में नुकसान होता है।	जब तक मैं नहीं किया जा सकता जो तक संक्षेप में नहीं है।
3	वह पढ़ना चाहता है!	वह पढ़ने वाला चाहता है।
5	विषयों में सुख वास्तव में बड़े दुःख का कारण है।	विषयों में सुखद और बहुत बड़ा खूबख का कारण है।
11	और भी देखो (अर्थात् सोचो) यदि मल धारण करने वाले नश्वर शरीर के बदले में शाश्वत और विशुद्ध यश मिल जाए तो फिर क्या प्राप्त नहीं हुआ अर्थात् सब कुछ प्राप्त हो गया	यदि नित्य सर्वगत और मल ने कहा, हे कोनेर! यंत्र में कापना करने से न हो। क्योंकि इस वन से न प्रलय काल तक पहुंचा रहो।
10	इससे पतञ्जल का समय सामान्यतः ख्रिस्तपूर्व 150 वर्षों का है।	उन्होंने पंडित काल सामान्य सामान्य से खूब अपनती थी।
8	हे अर्जुन ! ब्रह्म लोक तक के सब लोग पुनरावर्ती स्वभाव वाले हैं। परन्तु, हे कौन्तेय ! मुझे प्राप्त होने पर पुनर्जन्म नहीं होता।।	हे निष्पाप । मुझे ऐसा प्रयत्न करने वाले मुझे तो मुझे पूर्णतः पुन: (नाम) मुझे प्राप्त नहीं कर सकते और मुझे तो मुझे पूर्ण नहीं है।।
12	सचमुच की आइंस्टाइन बड़ी संकटमय हो गई है !! इस समय चालक के रहस्य का खुलासा किया जाएगा ।	वास्तविक आइटाइटा बहुत-यह अपने ने ढोल को चेतावनी दी है।
6	वहाँ उन्होंने योग ध्यान का अभ्यास कराया।	वहाँ उन्होंने योग ध्यान का अभ्यास किया।
3	वह पहुँची।	वह प्राप्त की गई।
4	मुझे नमक पसंद है |	मैं नमक रुचि का भोजन है।
8	शाम को जैस्मी का झगड़ा हिमाचल प्रदेश के मेनका देवी के साथ होगा।	शांत चक्र में वन की याद है कि इलेक्ट्रोड के द्वादकाज के साथ होगा।
7	वोटों की गिनती हिमाचल प्रदेश के साथ 8 दिसंबर को होगी.	हिमाचल प्रदेश के साथ 1 दिसंबर को वोटों की गिनती होगी।
6	उसे यह पुरोहित था कहा गया है।	उसका यह सबसे पहले था कि उसका यह किया गया था।
4	हे सरस्वती (वाणी) आप अपनी नवीन वीणा को बजाओ।	गुंधी नईनाम में कोश! वीरा को नईनाम देते हुए।
3	दोनों ने पढ़ा।	वे दोनों ने पढ़ा।
3	वह अपनी सेल्फी देखता है।	वह अपनी सेल्फी देखता है।
7	राजकोट में विजिलेन्स विषय पर प्रशिक्षण सत्र है ।	राजकोटा द्वारा किया गया राजा पर प्रशिक्षण है।
1	सभी धनों में	सभी धन
5	गायमाता मेरे पुत्र को दूध देती है।	गाय माता मेरे पुत्र को दूध देती है।
5	पूजा संस्कृत छात्रा है	पूजा संस्कृत छात्रा है
5	कर्णपरम्परा से उस भालू के विषय में अनेक किंवदन्तियाँ फैल गयीं।	कर्णोकर्ण क्या कर रहे हैं ? भालू अब उसके लिए क्या कर रहे हैं।
18	अब वैयाकरण बोलता है- फिर भी ज्ञान के साथ प्रयोग में, ज्ञान के साथ प्रयोग में धर्म का यहाँ गौरव की भावना है, क्योंकि एक धर्म में साधन करने में ही दोनों की आवश्यकता प्रतिपादित की जाती है।	शबरीकरण में कहता है-तथा की आवश्यकता के प्रयोग में ज्ञान का प्रयोग इस ( में) है
17	यदि पेया नहीं निकालकर सारा दिन सरल वाट्सचार्ज होता तो वाट्स ऊर्जा का अपव्यय होता है	यदि पीन न निष्कप का रूप धारण करके सब कुछ छोड़ देने की बात नहीं होती है तो वाट ऊर्जा का हो जाती है।
16	इसी क्रम से हिमाचल प्रदेश-संस्कृत-अकादमण्य में भी हमीरपुर जिले के श्री विश्वनाथ संस्कृत कॉलेज- चकमोह में पूर्ण उत्साह, और श्रद्धा से पांचवें पर्व का आयोजन किया जाता है।	इसी क्रम से हिमाचल-संस्कृत-अमही भी हमीरपुर जिले के श्री विश्वनाथ संस्कृत कॉलेज में पूर्ण तब बेहे पूर्णाहन, श्रद्धाञ्जलि के माध्यम से बसन्त-एमक यह पर्वतों को मनाया जाता है।
3	बिल्ली वहाँ घूम रही है।	बिल्ली वहाँ घूम रहा है।
7	आज सुबह अनेक लोगों ने योगासन किया ।	आज सुबह अनेक लोगों ने योगासन किया
7	राज्य का सबसे ठंडा जिला है 7.830 सेल्सियस।	राज्य की ठंडी जिले में 70 डिग्री.इस प्रकार की।
9	पत्नी – हाँ , आज अनावश्यक पत्र फेंकने हैं	पत्नी –हाँ , आज आवश्यक पत्र हानि पहुंचाती हैं।
6	वो हमारे राष्ट्रीय सलाहकार समिति के अध्यक्ष हैं	वह हमारे राष्ट्रीय सुरक्षा-परम की वगदाताओं के अध्यक्ष है।
6	तेल देखो तेल की धार देखो ।	तेल देखो तेल की धार देखो ।
3	मैं सीढ़ियों से चढ़ा।	मैं सीढ़ियों से चढ़ गया।
7	मुख्यमंत्री सुखविंदर सिंह सुक्ख ने कहा कि समय सूचना एक प्रारंभिक निर्णय है।	मुख्यमंत्री सुखविंदर सिंह सुक्ख ने कहा कि समय पहले निर्णय है।
6	आप स्कूल की छुट्टियों में कहाँ घूमना पसंद करते हैं?	आप विद्यालय से छुट्टियों में कहाँ घूमना पसंद करते हैं?
9	आज तुम भी विद्यालय न जाओ। मैं भी नहीं जा रहा हूँ।	आज तुम भी विद्यालय नहीं जा रहा हूँ। मैं भी नहीं जाता हूँ।
8	श्र नाऊ ! नखों को काट शिर मूंड और मूछ भी मूंड।	हे नाई ! नहीं ! नाई मूली को सिर झूले हैं।
9	हम कहते हैं कि लक्ष्य ने आज तक किसी भी दूरदर्शन प्रदर्शन में काम किया है।	लक्ष्यों ने आज तक किसने दूरदर्शन प्रदर्शन में काम किया है।
1	स्थापित हो जाता है	अव पर रहा
8	सत्र में मुख्य अतिथि के रूप में विश्वविद्यालय के वास्तुकला विभाग के पूर्व प्रोफेसर प्रोफेसर एस.के.सिंह उपस्थित थे।ओंकारनाथ चतुर्वेदी महाभाग एकत्र हुए थे।	सत्र में मुख्य अतिथि के रूप में विश्वविद्यालय के भवन विभाग के पूर्व शिक्षक प्रो. एस.के. ने भाग लिया।
3	कागजातों को फाइल में संगृहीत करता है।	पत्तों की कड़ में ग्रस्त कर देता है।
7	छात्रवृत्ति योजनाओं में भ्रष्टाचार का निवारण करने की व्यवस्था की गई है।	छात्रवृत्ति योजनाओं में भ्रष्टाचार निवारण करने के लिए यह नए व्यवस्था की गई।
10	तमे वर्षे इस संस्था के लगभग नौ हजार लोगों ने आत्मसमर्पण किया।	उस वर्ष इस संस्थान की लगभग नहीं लोगों ने अपनी आत्मा से इस समय बुराई की।
1	नाच ।	नाचना।
5	जिन्हें जान लेने से ही व्यक्ति अपने आपको सर्वज्ञ समझ सकता है।	जो विज्ञान मात्र से सर्वज्ञता को प्राप्त होता है, उसका ज्ञान भी कहा जाता है।
1	स्वर्ग	जो
8	परीक्षा समय छात्रों को केवल पारदर्शी जलपुट, पारदर्शी पेन और पेन लाना चाहिये।	परीक्षा समय में छात्रों द्वारा केवल पारस्परिक रूप से पार करने के लिए पारस्परिक लेनी लेनी हैं।
22	भौतिक-वाचक-मानसिक-चिंतकों के द्वारा विरोधियों के विषयों पर द्वेष किया जा रहा है-जिस प्रकार आज इस शतक का नाखून दूसरों के नाश करने के लिए तैयार हूँ-इस भावना का विकास होता है।	विषयों पर विरोध करने के समय विरोध करने के लिए द्वेष करने वाले द्वेष में द्वेषी-पारा-कोयरा-चेकियों को दुःख देने का होता है जैसा आज इस शत्रुओं को दुःख देने का विकास होता है।
6	वीर पुरुष कभी नष्ट नहीं होता।	वह घनकर वीर नहीं रह पाएगा
12	और ऐसी घटना को रोकने के लिए सुरक्षा चार विभाग एक साथ कार्य करते हैं।	और ऐसी घटना घटी-चुनाव जल को दूर करने के लिए सुरक्षा-ियों को एकजुट कर दिया गया है।
16	तेलंगाना राज्य के राज्यपाल तिमिलसाई सौंदर्य-राजन ने हैदराबाद में श्री लाल बहादुर शास्त्री स्टेडियम में श्री रेड्डी पर शपथ ली।	उन्होंनेन्हों नेगाना राज्य के राज्यपाल तिथि को तबित की-राजी-उठाना में श्री लाल बहादुर शास्त्री खेल में श्री रेड्डी वला ने शपथ ली।
5	अभी भेड़िये ने हिरन पकड़ लिया।	अभी ही डकेस मिट्टी को लिया गया।
6	मुझे नहीं पढ़ना है क्या ?	क्या मेरे पढ़ने का कोई नहीं है क्या ?
4	तुम सब ने लौकी का हलुआ पकाया।	तुम सब लौटा हो।
15	इस दूरदर्शी महत्वाकांक्षी योजना का उद्देश्य प्रत्येक नगरीय स्वास्थ्य कल्याण केंद्र के माध्यम से लगभग सहस्रों लोगों की स्वास्थ्य सेवाएं सुनिश्चित करना है।	इस दूरदर्शन के माध्यम से योजना के उद्देश्य से प्रत्येक जिले का उद्देश्य स्वास्थ्य विभाग के माध्यम से लगभग 1 हजार लोगों की स्वास्थ्य सेवा सुनिश्चित करना चाहिए,
9	गुरुवार को सेनसेक्स ने दिन के सबसे नीचे से लगभग 1,000 अंकों की बारिश की।	गुरुवार को सेंसेक्स दिवस के के के से लगभग 1,000 अंकों से कूद गया।
8	यह सब जानकर जयद्रथ डर से बहुत व्याकुल हुए।	इन सब को जानकर अपने से डरने से बहुत व्याकुल हो गया।
8	तब रावण ने भी धारा के समान मेघ जिस प्रकार बाणों के मूसलों से राम को बरसा दिया था,	रावण भी यदि मेघों के समान मेघयुक्त बाणों से राम बाणों से गिरे हुए राम ने राम को वर्षा किया।
6	कालाय उसे नमस्कार है इस प्रकार बोल सकता है।	समय को उस नमस्कार का कहा जा सकता है।
9	सियार-यदि ऐसा है तो मुझे अपने गले से बाँधकर जल्दी चलो।	जम्बुक: यदि इस प्रकार मुझे निलंबित करके घूमना, मोबाइल से अथवा चलिये।
4	कल हम चक्रव्यूह का निर्माण करेंगे।	कल हम चक्रव्यूह की सराहना करते हैं।
9	विधानसभा का पांच दिवसीय शिशिरात्र मंगलवार से शुरू हुआ, जो दिसंबर तक होगा.	विधानसभा के पांच दिवसीय शिशिरस को शिशिरस में शुरू किया गया, जो दिसंबर तक होगा।
5	शयुन भाषा में''श''उन्होंने यह अक्षर स्वीकार किया।	सोना ने भाषा में''श''इस अक्षर को स्वीकार किया।
10	इनके अतिरिक्त वसिष्ठजी के आज्ञानुसार मुख्यमुख्य वाराङ्गनायें तथा पुरवासी और जनपदवासी भी वहाँ उपस्थित हो गए ॥	इसके बाद वह उपभोग के समय उपभोग की श्रीबाबागुरुजी ने कहा, "मेरा करो, उस प्रकार तुम्हारा मन 'मैं सब प्रकार से समझे ॥
10	उस सत्यमय पुरुष के लिए कौए शहद की वर्षा करते हैं या माधुर्य की वर्षा करते हैं।	उनके सचमुच के पुरुष के लिए हवा मधु या मधु की वर्षा करते हैं।
3	ऑर्बिटर सुरक्षित है।	परिक्रमा सुरक्षित है।
3	चैत्र को गांव भेजते हैं ।	जा रहा है।
10	परन्तु तुम्हारे नौकर सदा सब जगह उपस्थित नहीं हो सकते।	लेकिन तुम्हारी नौकरानी और सदैव उपस्थित नहीं हो सकते हैं।
7	फिर भी उन्होंने बदलूराम का नाम सूचि से नहीं निकाला।	फिर भी उन्होंने बदल है का नाम सूखे से नहीं निकाल दिया।
5	रात में चन्द्रमा पर चन्द्रयान का अवतरण देखूँगा।	रात में चन्द्रमा पर चन्द्रयान का अवतरण देखूँगा।
4	वह गन्ने का रस निकालती है ।	वह गन्ना की रस का रस निकालती है ।
6	नहीं समझ आ रहा है कि आज शब्द कहाँ गए।	नहीं समझ आ रहा है कि आज शब्द कहाँ गए।
11	वानर राज हनुमान एक ही क्षण में ही पर्वत के शिखर पर कूदकर पहुँच गये। वहाँ पर श्रीराम और लक्ष्मणजी एक वृक्ष की छाया में खड़े हो गये ॥	यह दोनों घनियों और हाथी के समान क्षण भर में ही एक वृक्ष के समान वृक्ष, रूप और पर्वत की जौ के वनों को सुनाता हुआ देख रहा था।
18	राम लक्ष्मण भी सुग्रीव के साथ मित्रता करना चाहते हैं ने लक्ष्मण के मुख से सुना। । उससे सुग्रीव की विजय अवश्य होगी ऐसा विचार कर वह बहुत आनन्दित हुआ। इसलिए वह राम लक्ष्मण के साथ मित्रता करना चाहता है ।	इस पर वह वाक्य कहा गया है कि वह मन के वाक्यों को, नश्वर राम के साथ आया। यह देखकर वह अत्यन्त प्रिय वचन सुन कर उसका मन पवित्र करते हुए मेरे हृदय में दो प्रकार से विमुख होकर दूसरे के पास आया।
4	सभी मुनियों के साथ आज की पारणा हमारे घर पर कीजिएगा।	सभी विरक्तिक प्रक्रियाओं के भोजन में मसाल नहीं, इसलिए योग्यता के घर में रहो।
7	देवी सरस्वती भी उस निशाचर को छोड़कर चली गई।	देवी सरस्वती भी उसे निशाचर छोड़कर गया।
9	मानवाधिकार दिवस हर साल दिसंबर के दिनाङ्क को पूरे विश्व में मनाया जाता है।	ण दिवस हर साल दिसंबर-माह के दिन दिसंबर को पूरी तरह से मनाया जाता है।
7	बाढ़ के कारण कोच्चि एयरपोर्ट भी बंद है।	बाढ़ के कारण कोच्चि बच्चि भी बंद है।
4	ठीक मौके पर आप पधारे।	युक्त समय पर आया ।
9	उस महाबली ने भी 'ठीक' ऐसा कहकर मल्लयुद्ध के लिए भीमसेन को चुना।	वह भी महाबलशाली है''तहाँ''उसे वह भीम युद्ध के लिये भीम ने युद्ध किया।
17	सीएसी द्वारा प्रस्ताव के स्वीकृत के बाद परियोजना प्रपत्रों और प्रस्तावित मानकों के विकास का काम अब भारत द्वारा शुरू किया जाएगा।	सीएसी द्वारा प्रस्ताव के स्वीपत्र के बाद परियोजनाएं प्रस्तुत करने का प्रस्ताव दिया गया है, प्रस्तावित शिक्षकों का कार्य अब अब शुरू हो जाएगा।
4	दादीजी के लिये कुर्सी लेता है	दादीजी के लिये कुर्सी लेता है
10	मुख्यमंत्री ने कहा कि यह उपक्रम सरकार की प्रतिबद्धता को अत्याधुनिक स्वास्थ्य सेवाएं प्रदान करने के लिए है।	मुख्यमंत्री ने कहा कि यह उपक्रम अत्याधुनिक स्वास्थ्य सेवाएं प्रदान करने के लिए सरकार की प्रतिबद्धता को दर्शाता है।
5	हर शनिवार उसे पढ़ाने जाता हूँ	प्रतिशत पास से उसे पढ़ााने जा रहा हूँ ।
7	उनके माता-पिता और बड़ी बहन अकाल से पीड़ित होकर मृत्यु को प्राप्त हो गए।	उसके माता-पिता ने बड़े बहन और दुर्भाग्य की की मृत्यु की।
5	आज मेरा पिता घर आएगा।	आज पिताजी घर आएगा
3	जो कार्य कल करना है, उसे आज ही कर लेना चाहिए।	कल काम आज करते हैं ।
3	आप कौन ?	आप कौन हैं ?
5	वनरक्षण में (वन की रक्षा करने में	वन की रक्षा में वनवासियों का विशेष योगदान है
15	वृन्दावनसे मधुपुरीको जाते समय जो माधवने यह कहा था कि मैं शीघ्र ही लौटकर आऊँगा इस वाणीरूपी बीजसे उत्पन्न हुए एकमात्र आशावृक्षको मयनजलसे सींचती और बढ़ाती हुई [विरहसे] व्यथितहृदया राधा किसी प्रकार उन महीनों को काटती थी ॥	हे मूढ़! मैं इस विषय में न खेलो। इस प्रकार उसने उसका बादलों का पालन कर लिया और पृथ्वी का नाश करने वाले इस प्रकार उसने हँसी से सींचने की इच्छा से उन पर चाहता हुआ इस प्रकार कहकर, 'शिव!' इस प्रकार कहकर इन्द्र ने कहा।
6	मुख्यमंत्री सेवा संकल्प-हल्प लाइन योजना में कृत्रिम बुद्धि का उपयोग होगा।	मुख्यमंत्री सेवा संकल्प- हेल्प दिया योजना में कृत्रिम बुद्धि का उपयोग होगा।
4	ठीक मौके पर आप पधारे।	युक्त समय पर आया ।
11	और अत्यन्त प्रेमपूर्वक उन्हें अपना इतिवृत्त सुनाने लगे। वह बोले सखे ! मेरा वृत्तान्त सुनिये पूर्व समय में वाली ने मेरे साथ जो किया है। वह सुनाता हूँ ॥	हे दयामय! में तुम मेरे यह मेरे नगर में उचित था कि यह मेरे पास हम हैं कि मेरा मन में बताओ, मैं उन दोनों ने मुझे कहा कि मैं उन दोनों में प्रेम करूँगा कि मेरा आगपत्य पूर्वगाड़ी है ॥
13	नवम्बर दिनाङ्क को दीपों की आवलि में उत्तराखंड के उत्तरकाशी जिले में निर्माणाधीन गुफा में गिरने से श्रमिक अवरुद्ध थे।	नौम्बर तारीख को अर्थात् दीप प्रज्ज्वलित रात में उत्तराखंड के उत्तरी काशी में निर्माणाधीन थे।
7	माता पिता भी इसके पालन की आवश्यकता है।	माता पिता भी इस पालक को बढ़ाने की आवश्यकता है।
9	कांग्रेस पार्टी की "ट्रैक रिकॉर्ड" प्राक्तन कार्य में लीनताओं और भ्रष्टाचार से भी बचा रहता है।	कांग्रेस पार्टी की "त्रिय रिकॉर्ड" प्राक्तन कार्य में लीन प्रवचन वर्ष का भ्रष्टाचारश है।
1	अभ्यास	अनुष्ठान
8	योगका सेवन करनेसे जिस अवस्थामें निरुध्द चित्त उपराम हो जाता है तथा जिस अवस्थामें स्वयं अपने-आपमें अपने-आपको देखता हुआ अपने-आपमें सन्तुष्ट हो जाता है।।	हे निष्पाप ! आपको अपने मन में आत्मा की सेवा करना, जहां (परमात्मा) को आत्मा (विहीनता) को देखो, जहाँ आत्मसंस्कार से आत्मा को आत्मा (स्वंडप का) आत्मा (चरा है।।
4	आज विद्यालय में गीत स्पर्धा थी।	आज विद्यालय में गीत प्रतियोगिता थी।
6	शुंग वंश के पुष्य मित्र का काल सबसे पहले दूसरा शतक है।	शुङ्गालीय पुष्य मित्र का समय खेदपूर्वक बना हुआ, दूसरे सौस्तर ने पुंग्य को बना दिया।
8	साहित्य से ही साहित्यकार अपने भावों और विचारों के समाज में प्रसारित करता है।	साहित्य द्वारा साहित्यकार अपनेभानी और विचार के समाज में प्रसारित करता है।
8	सामान्य विकास के समय चैतन्य शर्मा की जगह विधायक नंदलाल सदस्य बनेगा।	सामान्य विकास समिति के दूसरे जन्मस्थान को माता में विधायकों को सदस्य नहीं किया जाएगा।
1	स्वामी	मास्टर
7	वर्ष 1977 में उनका नाम मैंने सुना था।	मैंने सातवीं वर्ष में उसका नाम सुना।
5	हिमाचल विधानसभा में विधानसभा चुनाव जीते हैं।	हिमाचल विधानसभा में विधानसभा को कोर पहुँचा है
7	पैत्तिक-ग्रहणी - कटु, अजीर्ण, विदाही, अम्ल तथा क्षार आदि के सेवन बढा हुआ पित्त अभि को आञ्जावित करके उसी प्रकार नष्ट कर देता है, जैसे गरम पानी अनि को शान्त कर देता है। पित्त प्रकोपक वस्तुओं से पित्त मे उणमा और द्रबाश दोनो बढते है । द्रवाश के कारण जनि पुझ जाती है ।	जो कोई घरेलू नहीं, पिता का पिता का यह पिता बहाव ने संसार का जल धारण कर दिया है। जैसे घबरेटने की इच्छा करते हैं और पर संसार में दूसरा कोई नहीं जानता है।
5	प्रधानमंत्री ने भी विपक्ष का सहयोग मांगा।	प्रधानमंत्री ने भी विपक्ष के साथ सहयोग मांगा।
3	ऑर्बिटर सुरक्षित है।	परिक्रमा सुरक्षित है।
1	आ गया	हुआ
35	वह कहता है कि हिमाचल के विभिन्न हिस्सों से जुड़े लोग अपने प्रदेश की विरासतों के बारे में जानकारी फैलाते हैं, जिसके कारण अब छा गोश्त, सिड्डू, बबरु, खट्टा, मदरा, तोड़किया भात इत्यादि स्थानीय विरासतों को राष्ट्रीय परिचय के रूप में दक्षिण भारतीय विरासतों की भाति देखा जाता है। वे महानगरों में लोकप्रिय हैं।	वह कहता है कि हिमाचल के विभिन्नभागे से जुड़े लोगों को अपने क्षेत्र के समान खंड-एट्रो के बारे में जानकारी दी जाती है, जिसकी कारण बनने की अपेक्षा, सिबरु, बबरु, तटर, आदि, आदि से क्षेत्र की के लिए भी स्थानीय राष्ट्रीय के लिए, मेट्रो-नगरों में, यह लोक के द्वारा राष्ट्रीय बालिकायें राष्ट्रीय संगम के रूप में दक्षिणा के द्वारा, मेट्रो के बारे में, मेट्रो जैसे लोगों को राष्ट्रीय स्तर पर दी जाने के लिए भी भारतीय लोक के लिए किया गया है, मेट्रो-नगर में,
5	तुम किसे देख कर हँस रहे हो ?	तुम किसको देखकर हँसते हो ?
1	बहायें।	कर रहे हैं।
10	घर के बाहर जहाँ जहाँ कूड़ा था वो सब कूड़ेदान में डाल दिया।	घर से बाहर जहाँ जहाँ कूड़ा था वो सब कूड़ेदान में डाल दिया।
3	वह खेत में दौड़ता है।	वह खेत में दौड़ता है।
5	चक्र धारण करता है इसलिए उसको चक्रधर कहते हैं ।	चक्रवात से जड़ेता है।
7	सर्वप्रथम मंगलादा ने नईविष्णु रेगमी ने संस्कृत कक्षा के नियमों का आनंद लिया।	सर्वादौना को लेकर नई कक्षाओं को संस्कृत कक्षा में लाने के लिए सुना।
5	पहाड़ों के नीचे जंगल हैं ।	पर्वत के नीचे वन हैं।
9	ये खिलाड़ी पैरा प्रतियोगिता में दौड़ने हैं- धनुर्विद्या- सात प्रतियोगिताओं में फुटबॉल बैरोलों सहित प्रतिस्पर्धा करेंगे।	ये खेलक पैले में दौड़ने वाले-पैप-प नहीं ? पैंतीस के साथ सातप्रतिस्पर्धी प्रतियोगिताओं में भाग लेंगे।
15	जिससे लोग धोखाधड़ी कर सकते हैं और राज्य के बीज उत्पादकों की हानि निवारण किया जा सके	जिससे वगना कर लोग पकड़ा सकते हैं, राज्य और राज्य की सेब कम हो सकते हैं।
13	इंदिरा गांधी चिकित्सा विज्ञान संस्थान ऐसे समय में निवास करने के कारण लोग व्याकुल हो जाते हैं	इंदिरा गांधी चिकित्सा संस्थान उस दौरान नीति के कारण लोग व्याकुल हो जाते हैं।
4	मेरी गोदी में नहीं आती है ।	मेरे गोदी में नहीं आती है ।
6	वहीं तेलंगाना राज्य में कांग्रेस ने विजय पाई।	वहीं तेलङ्गाना राज्य में कांग्रेस कांग्रेस टीम जीत हासिल हुई.
4	मोर किसानों का मित्र है।	मोर किसानों का मित्र है।
1	हम दोनो का	हम दोनों में
7	सुचरित्र से मनुष्य महान् बन सकता है।	सुचरित्र के द्वारा कोई भी व्यक्ति बहुत बड़ी दुखी है।
8	वहां तूने कभी सिंह भी देखा था वा नहीं?	वहाँ तू कभी भी सिंह नहीं है ?
1	निवृत्त होंगे।	रहेंगे
13	मण्डी जिले के रिवालसर में राज्य स्तरीय कार्य आयोजित किया जाता है जिसमें छात्र के साथ विभिन्न सरकारी संस्थाओं भी भाग लेती हैं।	मंडी जिले के रिवाल में राज्य स्तरीय इस वेदी के कार्यभार में विभिन्न विषयों पर भी भाग ले रहे हैं।
3	हम सब छात्र।	हम सब छात्र ।
3	तथा जिस दिन श्मशान में गमन हो और युद्धके दिन महोत्सव और उत्पातके दिन पढ़ना पढ़ाना योग्य नहीं तथा जिन दिनोंमें ब्राह्मण नहीं पढ़ते जैसे प्रतिपत् उन दिनोंमें नहीं पढ़ना और अशुद्ध होकर किसी दिन भी न पढ़े ॥	मूंगफली द्वारा ले जाया गया।
2	यह बोलती है।	यह बोलती है।
7	वह पूछता है , आज क्या होगा ?	वह पूछता है , आज क्या होगा ?
10	इसके बाद उस धन के साथ दो हजार से अधिक छह हजार काम शुरू हुए।	और फिर छवि से छह से अधिक-दो हजार के वर्ष में काम शुरू हो गया।
6	स्वचालित परीक्षा केंद्र की स्थापना के लिए भी आवेदन आमंत्रित किए गए हैं।	अपने संचालन केंद्र की स्थापना के लिए भी आवेदन आमंत्रित किए गए हैं।
9	आकर उसने सेठ से कहा- “हे सेठ ! धरोहर के रूप मे रखी मेरी वह तराजू दे दो।	आकर उस सेठ ने कहा- “हे श्रेष्ठ! मेरे द्वारा सेठ को मेला दिया गया मेधावान करो।”
10	इष्टगन्ध आदि से युक्त प्रिय और हितकर अन्न शरीर मे पृथक् २ गन्ध आदि गुण घ्राण आदि इन्द्रियों को पृथक् २ तर्पण करता है । अर्थात् स्वादु और हितकर अन्न के पार्थिव आदि भाग अपने अपने गुणों से अपनी अपनी इन्द्रियो का तर्पण करते हैं ॥	उन्हें मेरी प्राणरक्षा, श्यामल, से अलग-अलग होता है, जब प्राणी आदि से अलग होती है और वह प्राणरक्षा काल तक स्थिर है ॥
11	मंत्री जगत सिंह नगिन की अध्यक्षता में आयोजित बैठक में उद्योग मंत्री हर्षवर्धन चौहान विशेष रूप से उपस्थित थे।	मंत्रिमण्डल ने विश्वसिंह में आयोजित बैठक में उद्योग मंत्री हर्षवर्धन चौहान को विशेष रूप से उपस्थित थी।
13	मौसम विज्ञान केंद्र शिमला-यह पूर्वानुमान है कि जनवरी तक राज्य के सभी हिस्सों में वातावरण स्वच्छ होगा।	मौसम विज्ञान केंद्र शिमला- अनुसार राज्य के सभी हिस्सों में जनवरी तक वातावरण स्वच्छ होगा।
4	महान् सौभाग्य के लिए उठो	उच्चतम
7	मदनलाल धींगरा ने जब आंग्ल अधिकारी कर्जन की हत्या कर दी तब	मदनलाल मंगलाचरण जब आर्जन अधिकारी कर्जन की हत्या कर दी तब
6	आज सुबह नीरजा बहन जुहू चौपाटी गई।	आज प्रातः नीरजा बहन जु रहा है
6	आभा – मेरे पास टार्च है।	लो – मेरे पास मेज़बिन है
8	इच्छानुसार घड़ों को ले जाओ। दूध को बेचकर ही बड़ों की कीमत दे देना।	जिस प्रकार कुम्हार के समान घड़ा नहीं गया और दूध बेहोश को मार दिया गया।
1	मार्ग द्वारा	मार्ग से
11	उन्होंने यह भी कहा कि किसी भी शास्त्र में शास्त्रोक्त स्थिति की प्राप्ति तभी होती है, जब मनुष्य के चारों प्रयोजनों को प्राप्त करने की क्षमता उसमें हो।	और वे ऐसा भी शास्त्र में शास्त्रों का आचरण करना चाहिए, इसी समय जब पुरुषार्थन के लिए सामर्थ करता है।
19	फ्रांस के राष्ट्रपति इमैनुएल मैक्रॉन भारत के 2024 गणतंत्र दिवस समारोह में मुख्य अतिथि होंगे। विदेश मंत्रालय ने कहा कि फ्रांस के राष्ट्रपति ने भारतीय प्रधानमंत्री नरेंद्र मोदी का निमंत्रण स्वीकार कर लिया है।	भारत के 2024 सहवासियों ने गणतंत्र दिवस पर फ्रांस के राष्ट्रपति इम्फाल को इम्पा था। भारत की प्रधान मंत्री नरेंद्र मोदी की अध्यक्षता में भारत की प्रधान मंत्री नरेंद्र मोदी की अध्यक्षता में शुरू किया गया।
6	तब उसके घर की तीन हिलती हैं	तब उसके घर का तीन गुना कंपनी कंपनी का कांटे का कांची हिन हैं।
1	फुदक रही हैं	डालती है ।
9	यदि तुम सब पापियों से भी अधिक पाप करने वाले हो, तो भी ज्ञानरूपी नौका द्वारा, निश्चय ही सम्पूर्ण पापों का तुम संतरण कर जाओगे।।	हे मधुसूदन ! अथवा अन्य पापों से सभी पापियों को पाप ही में में कुशलतापूर्वक ही तुम राजाने में असमर्थ होगे।
14	श्री राम बोले: हे भीरु ! तू शोक न करने योग्य अपने पति के लिये क्यों व्यर्थ शोक करती है ? तू यह सोचसमझ कर बता कि तुम्हारा पति यह देह है या इसमें रहने वाला जीव यदि देह पति है तो यह जड पञ्चभूतमय एवं त्वचा, मांस, रुधिर, अस्थि से निर्मित है। तथा काल, कर्म और गुणों से उत्पन्न होने के कारण वह अभी भी तुम्हारे सामने पड़ा है ॥	हे प्रभो! बहुत समय तक आपके शोक का पति हो गया है, तुम पति के पति का पति हो, तुम पति के पास जाकर किसी प्रकार की ईति हो गयी है, तुम दोनों का तत्त्व हो। तुम इस प्रकार वणों की इच्छा हो।
4	मैंने चुपचाप सब खा लिया ।	मैं शान्तभाव से सब खाई ।
1	सुंदरी	करती हूँ।
4	वह दुष्ट आत्मा अन्याय से राज्य करता था।	वह देखकरशिवश ने राज्य के उसे किया।
12	वहाँ कामदेव के समान सुन्दर रमानाथ श्री रामचन्द्रजी को सीता के साथ बैठे हुए देखकर वह काम से विमोहित राक्षसी रघुनाथ जी से बोली तुम किसके पुत्र हो? तुम्हारा नाम क्या है ? इस आश्रम में जटावल्कल आदि धारण कर क्यों रहते हो यहाँ रहकर तुम कौन सी वस्तु प्राप्त करना चाहते हो? यह मुझे बतलाओ ॥	श्रीरामचन्द्रजी ने उस समय उस सीता को सीता के साथ देने के लिये सीता को समर्पित किया। श्री राम के भय से वह श्रीरामचन्द्रजी को प्रसन्न करने वाले आनन्द से युक्त होकर, कामदेवजी श्री राम के सहित श्रीरामचन्द्रजी को आनन्दित करती हुई, सीता जी को किसी प्रकार से भय उत्पन्न करने लगे ॥
23	उन्होंने बताया कि मुख्यमंत्री सुखाश्रय योजना के तहत मण्डल बिलासपुर में राज्य के बच्चों को पंजीकरण किया गया है, जिनके लिए योजना के तहत विभिन्न लाभ प्रदान किए गए हैं।	उन्होंने बताया कि मुख्यमंत्री सुखा यह योजना के तहत जिलों के बल में तेजी से वर्षा की गई है, जिनके लिए राज्य के तहत विभिन्न लाइस नाम से विभिन्न लाइस प्रकार लाइविंग प्रदान की गई हैं।
9	इनके आयोजन का पर्दे के पीछे बनाने वालों की इकाई और बनने वालों की दहाई थी।	येियों के आयोजन के कारण निर्माता की एक का एक लोगों की एक वर्ष की अवधि और निर्माण की इच्छा थी।
9	जैसे-जैसे इस लोक में जो कुछ कार्य होते हैं, वे सब तुझी संचित की जाती हैं।	यदि जो इस लोक में आने वाले लोक में वे हैं, वे हैं,।
6	मेरे घर पीतल की थाली है	मेरे घर पीतल की थाली है
6	इनमें चिकित्सालय आधुनिक चिकित्सा सुविधाओं से सुसज्जित होगा।	इनमें से चिकित्सा महाविद्यालयों में विख्यात सुहासाओं के द्वारा सुहासा होंगे।
6	आप चिड़िया की भाषा जानती हैं क्या ?	आप चिड़िया की भाषा जानते हैं क्या ?
1	प्रसन्न हुए।	ऊँचा
1	अच्छी तरह से	बहुतों का
11	मैंने कहा हे मुनिगण: मेरे अनेक पुत्र कलत्रादि भूख से वुभुक्षित हैं। अत एव उनके भरणपोषण के लिए कुछ लेने आ रहा हूँ ॥	मैं तुम्हें आज ही कुछ कुछ नहीं करती और मुनिश्रेष्ठ को भी नहीं करती और मेरे कमललोचन को भी बहुत समय तक स्वीकार किया ॥
11	पहली प्राथमिकी का पंजीकरण करने के बाद, जितेन्द्रक को पुलिस के पकड़े और उन्हें कानूनी ड्यूटी पर कब्जा कर लिया गया, वे दोनों मुक्त हो गए।	पहली बार का पंजीकरण कभी हुए भंडार के दौरान हुए पुटक को ग्रहण करते हुए पुसा आपको डराने के बाद, यह हर साल मोटी पत्तों के बाद महान हो गई।
64	उसका भाई रामकुमार उसे तारने के पास आया, लेकिन वह भी गोलियों से मर गया! बीस वर्ष की कोठारी भाई''जय श्री राम''इस नाम से शहीद हुए गोली मारने के दौरान कई लोग पुल के समीप फेंक दिये गए, उन्होंने मर गये या हनन किया नहीं देखा, लेकिन उस शाम को तो निर्लज्ज सरकार ने समाचार दिया कि गोली मारने में केवल कार सेवक ही मर गये! बाबरी भूतल उस वर्ष दिसंबर को पुनः कार सेवा करने का निर्णय लिया गया	उसका भाई राम कुमार उस तारा को पास आया है, परन्तु उन्होंने भी गोलों से मरने वाले को देखा था कि बीस वर्षों में कोठूरी पर दूसरेठ में श्री राम''नाम से युक्त गोली करना, बहुत से लोग डिवीजन के दिन पुनः कई लोग मारे गए, लेकिन उन्होंने अन्य कई साल में केवल कार सेवा का निर्णय किया।
3	कैसे बोलूँ ?	कैसे कहूँ ?
2	संयम रूपी धन वाले	ध्यान
1	जल।	पानी
3	दूसरा भूमि पर रख रहा है।	दूसरा भूमि पर रखता है।
3	प्रेक्षागृह में प्रवेश ही नहीं करना चाहिए	दर्शनीय नहीं था।
6	अभिनेत्री सिमरत कौर चलचित्र की नायिका हैं।	तथा सिमरत कौर की और फिल्म की और फिल्म है।
17	अमुन ने कहा कि उज्जैन की शुरूआत से यह यात्रा मध्य-प्रदेश के छह सौ स्थानों पर पहुंच गई, लाखों लोग इससे लाभान्वित हुए।	मुनहाउस में शुरू हुई है कि उज्जैन का शुरू हुआ यात्रा भारत के छह सौ वर्षों में भी लाभान्वित हो गए हैं।
8	स्त्रियों और बच्चों के सुरक्षा के लिए कई प्रावधान किए गए हैं।	स्त्रियों और बालकों के सुरक्षा के लिए कई प्रावधान किये गये हैं।
1	बाद	बाद में
3	विशाखा कान का झुमका खरीदती है।	विशाखा कान के लॉक खरीदता है।
5	निश्चित रूप से वह उस कारण के समाप्त होने (मिट जाने) पर प्रसन्न भी हो जाता है।	तब वह उसकी बात जाने के लिए चलाता है।
22	पर्यटन मंत्री पीए मुहम्मद रियास ने कहा कि हेली पर्यटन परियोजना को आगंतुकों को राज्य के विभिन्न हिस्सों में बहुत तेज़ी से पहुंचने और खूबसूरत क्षितिजों का आनंद लेने में सक्षम बनाने के लिए डिज़ाइन किया गया है।	केरल राज्य की शिक्षा के लिए आने वाले छब्बीस राज्य के विभिन्न भागों को कम करने के लिए मन को आकाश के साथ बढ़ावा देने के लिए एक नई परियोजना हर साल से अधिक प्रयास कर रही है।
10	उन्होंने कहा कि अपना वीरभद्रसिंह ने राज्य में धर्मान्तरण से विरोध करने का विधेयक लाया था।	उन्होंने कहा कि अपने वीरभद्रसिंह राज्य में धर्म के प्रसार को पूरा किया गया था।
10	कहा जाता है कि रामचरण सिनेमा में सुहेल देव बरहज की राजपूत योद्धा की भूमिका पर दिखाई देता है।	कहा जाता है कि रामचरण ने फिल्म में सुहेलदेव नामक राजपूत की भूमिका में दिखाई देती है।
2	वे सब फूल हैं।	वे फूल हैं।
3	सभी स्थानों पर क्या वर्जनीय है?	क्या तो सब जगह बर्जनों का बल करना चाहिए?
15	हालाँकि, वर्तमान वित्तीय स्थिति अच्छी नहीं है, जिसके कारण से राज्य सरकार काम करने वालों और व्यवसायियों को लटके हुए वित्तीय जिम्मेदारियों को निभाने में कष्ट का अनुभव करती है।	परन्तु वर्तमान में लिए गए एक घटना नहीं है, जिससे राज्य सरकार कर्मचारियों को नौकरी देने के लिए लीनें और लापता की घटनाओं को दूर करने के लिए कष्ट अनुभव करता है।
4	जहाँ कहीं पर भी जाता हूँ	जहां कहीं भी जाता हूँ।
6	खिचड़ी देओ और दूध वहाँ ले जाओ ।	मूँठ को दूध दो ।
7	ग्रीक भाषा में''थैले''इस प्रकार धातुधारण करने वालेार्थक, संस्कृत भाषा में भी.	गर्मी में''प्रह''इसमें बढ़े हुए रखे हुए हैं, संस्कृत भाषा भी वैसा ही है।
4	हम लोग सामूहिक गीत गाते हैं।	हम सब सामूहियाँ गीत गाती हैं।
8	रेलवेस्टेशन से घर जाकर वह भाई के साथ अल्पाहार करेगी।	रेलस्थान से घर जाकर वह घर के साथ नाश्ता करेगा।
5	उत्तम लड़की से धन लेता हूँ।	उत्तम लड़की का धन लीन लेता हूँ।
1	अत्यधिक	अधिक
1	कंघी	प्रलय करना
6	पहले रणधीर शर्मा ने चर्चा में भाग लिया।	पहले रणधीर शर्मा ने चर्चा में भाग लिया।
19	जैसे सच्चिदानन्द के घनी परमात्मा श्रीकृष्ण नित्य हैं, उसी प्रकार समय-समय पर इस पृथ्वी पर उसकी आवृत्ति-तिराभाव आदि चलती हैं, उसी प्रकार से सच्चिदानन्दमयी भगवती श्रीराधा भी निति है।	जैसे सच्चिदानन्द का आत्मा श्रीकृष्ण को, श्रीकृष्ण के समान नित्य, इस समय पर इसी प्रकार उसका प्रकट होता है, उसी प्रकार उस पर सच्चिदानन्द का भाव है, वैसे ही सच्चिदानन्द का भी विशेष रूप से है।
4	पांच हज़ार रुपये।	यह सैंतीए-नाम राजाओं की तरह है।
6	इसपर श्लोक हैं कि ये अति स्थूल और अतिकृश दोनों मनुष्य अतिनिन्दितः हैं और मध्य शरीर ( न अति मोटा न दुबला ) मनुष्य श्रेष्ठ है और अति मोटेसे तो दुबला ही अच्छा होताहै ॥	यहां लोक हैं कि किसी कालमें पृथ्वीकी तरह एक ही सूर्य (शुद्ध) है और दोनों एकसे दूर होवे ॥
7	अन्यथा साधनाभावाद भी कोई मनुष्य हमेशा संतुष्ट दिखता है।	अन्य साधनों से भाव (इसीना) किसी भी प्रकार से संठित दिखता है।
10	इसने संसदीय कार्यों के दो कार्यसूचक और वित्त विभाग के दो कार्यसूचक पर सहमति दी है।	इस संसदीय कार्यों के दो कार्यसूची वित्त विभाग के दोनों कार्यसूची डॉक्टरों के साथ बैठक की गई।
4	वे दोनों वहां स्नान करते हैं ।	वे दोनों वहां ही करते हैं ।
3	धारा नगरी कहाँ है?	धारण करने वाले कहाँ है?
8	उज्जयिनी के राजा विक्रमादित्य के काल से विक्रमसंवत्सर की गणना होती है।	उज्जयिनी राजा विक्रमादित्य के समय विक्रम विक्रम का तह वर्ष की बहिन होती है।
16	श्री लाल बहादुर शास्त्री संस्कृत विश्वविद्यालय में, नई दिल्ली में दीक्षा ग्रहण समारोह मुख्य अतिथि राष्ट्रपति द्रौपदी मुर्मू, केंद्रीय मंत्री धर्मेन्द्र प्रधान और अन्य गणमान्य अतिथिगण एक साथ उपस्थित हुए।	श्री लाल बहादुर शास्त्री संस्कृत विश्वविद्यालय में, नई दिल्ली में दीक्षांत समारोह मुख्य अतिथि के मुख्य अतिथि, विशेष अतिथि, विशेष अतिथि धर्मेन्द्र प्रधाना के साथ इस कार्य में पूरा हुआ।
9	नियम ज्ञान है परन्तु प्रयोग नहीं है अर्थात् भाषा नहीं आती है।	नियम ज्ञान है, पर भी प्रयोग नहीं है, भाषा से नहीं।
5	इस समय शान्ति स्थापित नहीं है ।	अब शान्ति नहीं रखी।
6	दूसरा मिलना हिमाचल-तेलाङ्गान के बीच हुआ।	दूसरा बैठक हिमाचल-तेलांगों के बीच हुई।
6	विश्व की प्राचीनतम ग्रन्थ ऋग्वेद में काशी उल्लिखित है।	विश्व की प्राचीनतमग्र में ऋण का उल्लेख किया गया है।
9	कोई एक वन्यजीव खाने से पेट भर जाता है ना?	एक ही वन्यजीव के खाने से आपका पेट पूर्ण होता है?
4	पुतला जलाने से कुछ भी नहीं होगा।	गुड़िया मर गया कुछ भी नहीं होगा।
12	सभी न्यायाधीश समान राय थे कि ऐसी अद्वितीय परंपरा नहीं और शहर भी ऐसा नहीं है जो वर्ग के लिए अभिलषणीय हो।	ऐसे अचानक, जो ने असंत को नहीं प्राप्त करने के लिए नोट के साथ सभी न्यायाधीश सहमति प्राप्त की।
5	प्राचीन काल में अयोध्याका राजा दशरथ थे।	पहले दशरथ अयोध्या के राजा थे।
8	जो पुरुष सब कामनाओं को त्यागकर स्पृहारहित? ममभाव रहित और निरहंकार हुआ विचरण करता है? वह शान्ति प्राप्त करता है।।	कामदेव उन सभी प्रकार से तुम्हें निष्पाप होती है कि वह कामदेव (दु:ख) के द्वारा न बने हुए सब प्रकार से, स्वयं को नुकसान हुआ है।।
6	सभी समिति सदनों की विशेष मार्गदर्शन से कार्यक्रम सफल रहा।	सभी समिति की विशेष मार्ग दर्शकों के साथ अच्छी संख्या में लोग भाग लेंगे।
11	आक्षेपक तो फिर लोक में इन शब्दों का प्रयोग कैसे नहीं दिखता है? वैयाकरण (व्याकरण)--अप्रयोग(के प्रयोग) के अभाव में।	आक्षेपक तो संसार में इन शब्दों का प्रयोग कैसे नहीं दिखता है। वैयाकरण का प्रयोग यह है कि-अकेस का प्रयोग।
3	यह संदीप है ।	यह संदीप है ।
19	दुर्जन को (सज्जन बनाने के लिए) न धर्मशास्त्र कारण होता है और न ही वेदों का अध्ययन इस विषय में तो स्वभाव ही ऐसा बलवान कारण है, जैसे गाय का दूध स्वभाव से ही मधुर होता है ।	शास्त्रों में नहीं पढ़ सकता है। क्योंकि वेद अध्ययन करने वाले को जो नहीं पढ़ता, वह - वेद में आचरण करना चाहिए जैसे-वैसे एक वर्ष से दूसरे को नहीं चाहता है |
3	सभी वाहन रुक गए हैं।	सब वाहन निलंबित कर लिये।
7	राजा का अपना हित प्रिय नहीं होता है। प्रजाओं का हित ही तो उसे प्रिय होता है।	राजा, प्रियतम राजा, राजा से मुझे प्रिय आत्मा, राजा से प्रिय को निचाने की शक्तिशाली राजा है।
7	मेरा वीर्य लज्जित होता है और हाथ से धनुष बहता है।	मेरा मन लीन होता है, कर से धन लूटता है।
9	सेब के लिए समर्थन मूल्य, अनुदान, औरपणक की अच्छी व्यवस्था आवश्यक है।	सेब के लिए।
7	जाह्नवी के चलचित्र के लिए अंतिम संस्कार हुआ है।	जाह्नवी की फिल्म के लिए अंतिमरूप हासिल किया है।
1	सेम	पिकना
3	एक निर्धन बोला	एक निर्धन बोला
10	इससे देश के पूर्वोत्तर क्षेत्र के सभी आठ राज्यों में भाजपा को सत्ता मिल जाएगी।	इससे देश के आठ राज्यों में राज्य के आठ राज्यों के आठ राज्यों के लिए भी भाव प्राप्त किया जाएगा।
10	और ऐसा लगा जैसे कोई हाथी पानी पी रहा है, यह सोचकर मैंने धनुष पर बाण चढ़ाकर शब्दवेधी बाण छोड़ा। परन्तु वहाँ पर मनुष्य सूचक शब्द हुआ कि हा! में मारा गया । हे विधे! मैंने तो किसी का मैं कोई अपराध नहीं किया था, मुझको किसने मारा? ॥	तुम गड्ढे के गाने से मलीन हो, मुझे बहुत से लोग शब्द करते हुए शब्द करते हैं।
1	प्रारम्भ किया	(चोड़ा) किया
10	राजा ने अपने वन जन प्रिय पुत्र को भाई लक्ष्मण और स्त्री के साथ जंगल में भेज दिया है ॥	जिस वन में सुही वन में चल पड़े वन में रहने वाले वन में एक सुजनित वन में रहने वाले वन में एक सुजन लक्ष्मण जी सहित श्री राम के सहित वन में रहने वाले वन में वनवास के समान वहाँ आए ॥
7	वह वृद्ध माता पेड़ के नीचे खड़ी है	वह बूढ़ी वृक्ष के नीचे खड़ा है
15	ए.आई. को कृत्रिम बुद्धिमत्ता के रूप में मान्यता दी गई है-इसे वैश्विक संधि के बारे में एक शिखर सम्मेलन में नई दिल्ली में लॉन्च किया गया है-घोष का कार्यान्वयन स्वीकार किया गया.	कृत्रिम बुद्धिमान एआईए, विषय पर वैश्विक संधियों के नाम नई दिल्ली द्वारा नई दिल्ली में नई दिल्ली के कार्यान्वयन का कार्यान्वयन किया गया।
4	वह शशांक है	खरगोश है ।
1	हथेली पर प्राण लेकर	लिया गया था
1	दैनिक	अनुशरणन
8	इस अवसर पर संस्कृत विश्वविद्यालय के कुलपति, विद्वान शिक्षक, छात्र और अन्य लोग उपस्थित थे।	इस अवसर पर संस्कृत विश्वविद्यालय के कुलपति, दोविदेशी आचार्य, अन्य लोग उपस्थित थे।
6	मैं गिरीश बोल रहा हूँ। मित्र !	मैं गिरीश बताता हूँ। मित्र !
8	सुदैव से यह संभव होता है। परन्तु इस आत्मा के संशय (वाले कार्य) में प्रयत्न नहीं करना चाहिए।	भाग्य से ही धन की होता है। लेकिन इस आत्मा के लिए अपने संदेश की) का चिन्तन करती है।
11	इमरान खान ने रूस से भारत की तेल खरीद पर अमेरिकी आपत्तियों पर जयशंकर की प्रतिक्रिया की सराहना की।	संयुक्त राष्ट्र से भारत के तेलबाधन के उद्देश्य से संयुक्त राष्ट्र के खिलाफ संयुक्त क्षेत्र दूसरे दिन के प्रतिबंध लगाने की अनुमति ली गई।
12	मेनका द्वारा आगे-आने में तमिलनाडु ने पी.एस. चार अंकों से गिरा था.	मेनका ने पहले से प्राग्य चक्रवात के पी.एस.एस.एस.सी ने एक अंकों से हरा दिया।
5	मुझे मिलाकर सत्ताईस लोग थे।	मुझे सम्मेलन में लोग सत्ताईस लोग थे।
5	परन्तु अन्यदेव मरणशीलों के साथ द्वेष करता है।	परन्तु अन्य देवता मन को मन में बना रहता है।
3	आप विद्यालय जाईये।	आप विद्यालय जाईये।
4	उसने मेरा वाहन तोड़ दिया	उससे मेरा वाहन टूट गया।
2	जिसकी श्रद्धा है, वह यज्ञ करते हैं।	जो श्रद्धा से यज्ञ यजन करता है
1	हिमालय पर्वतों	हिमालय
7	अंग्रेज लोग तो लोगों पर बहुत अत्याचार करते थे।	अंग्रेज लोग जनओं के ऊपर बहुत अत्याचार करते थे।
6	आदि नाम का छात्र संस्कृत कार्यक्रम का संचालन करेगा।	पूरा नामक छात्र छात्र संस्कृत कार्यक्रम का संचालन करेंगे।
5	परमात्मा जागत् का स्रष्टा है।	परमात्मा विश्व से स्रष्टा है।
4	वह हमें बगीचे में खिलाती है।	वह हमें बगीचे में खिलाती है।
7	इसी प्रकार, इल्मा अफरोज पुलिस अधिकारी जिला बाडी नियुक्त किया गया।	इसी प्रकार, अफल्दी अफ़्रीकी जिला स्तरीय नियुक्त।
9	यह सम्मान देश के लिए उनके अतुलनीय योगदान के लिए समर्पित है।	यह सम्मान देश के लिए उस पर उनकी अतुलनीय योगदान के लिए समर्पित किया गया है।
16	हे राक्षसेश्वर ! कार्य करने वाले का यहाँ निवास कैसे होगा ! इसलिये जल्दी से विमान रख दो !	हे राक्षसेश्वर ! कृतार्थ का मेरा इस स्थान पर कैसे रहता है ! इसलिए जल्दी से विमान की ओर ले लो।
9	नौ सौ वर्ष पहले लिखी यह पुस्तक काश्मीर का इतिहास बताती है।	नौ सौ वर्ष पहले लिखे यह पुस्तक का कश्मीर का इतिहास बताती है।
10	संसार ऐसा कहता है कि) चन्दन ही शीतल (होता) है, वस्तुतः) पुत्र के शरीर का स्पर्श (तो) चन्दन से भी बढ़कर होता है।	इस प्रकार बोलते हुए (अन्य साधन को) संसार में क्या करना है? पुत्र को सचमुच में देखे हुए विद्वान पुत्र की भी (परमात्मा) लायने की शक्ति होती है।
15	यदि सब ठीक हो जाए तो घटना के आधार परनिर्मित फिल्म में काफी जल्दी ही सफलता मिलती है।	यदि सब जगह होता है तो बहुत जल्द ही सिद्धार्थ का घटना है। फिल्म में दिख रहा है।
3	आगे सीढ़ी है।	आगे सीढ़ी है
14	उसे देखकर राक्षसी कैकेयी ने दशग्रीव को कहा बेटा तेजसमूह से व्याकुल अपने भाई को देखो।	उसे देखकर राक्षससी कैसी ने दसग्रीव से कहा: हे पुत्र! तेज से भाई का भाई शीघ्र ही देखो।
3	उपक्रम बहुत मनोहर है।	उपक्रमों में बहुत प्रेम है।
6	क्या वे सज्जिता के रूप में सुशय्या नहीं दिख रही हैं?,	सज्जन वे सुशयें या नहीं दिखती?
5	पृथ्वी पर जल, अन्न और सुवचन ये तीन ही रत्न हैं,	पृथिवी में तीन रत्न हैं- जल से सुभाषित सुभाषित हो गया।
5	वे विलासी लोग आने वाली आपदा को नहीं देखते हैं।	वे विलासी लोग आने वाली आपदा को नहीं देखते हैं।
6	पुलिस को देखकर कुछ लोग रास्ता बदल देते हैं।	पुलिस को देखकर कुछ लोग रास्ता बदल देते हैं।
7	उससे पहले से दुहितर को लेकर मैं वन आ गया हूँ।	उससे दुह से दुहित लेकर मैं व्ही आया।
20	न इधर ही कुछ है, न उधर ही, जहां-जहां जाता हूँ वहीं कुछ भी नहीं है, विचार करके देखता हूँ तो यह जगत भी कुछ नहीं है, स्वात्मा के बोध से बढ़कर और कुछ भी नहीं है॥	हे जगत्के पिता ! आप कुछ नहीं कुछ भी नहीं जानता। मैं तो आपको कुछ नहीं गद् रहा हूँ। इसलिए मैं तुमसे कुछ नहीं कुछ देखता हूँ, इस समय तुम न कुछ ही रह सकोगे ॥
8	शहर और आसपास के कस्बों में फैले जहरीले धुएं के जाल ने कई तरह की अस्वास्थ्यकर समस्याएं पैदा कर दी हैं।	जिले के उप जिलों में व्यापक विष के विषयों पर बहुत से दूध दो को बढ़ावा देने में के रूप में जाना जाता है।
5	सबल बनें , सफल बनें।	सबकी दृष्टि , सफलये , सफल।
5	जाल में बँधा हुआ बाघ यह थककर ।	जाल में बँध गया वह बाघ थकान है।
4	बाद में वह घूमता है ।	बाद में वह घूमता है ।
9	यहाँ आप लोगों के प्रीति के लिये कुछ भी चित्र प्रस्तुत किये गये हैं, उनको देखकर आपलोग प्रसन्नता पूर्वक निःसारण कीजिये	ये सब कुछ चित्र बन जाते हैं।
9	भगवान् के अतिरिक्त जनधन वैभव,वस्तु और शरीर आदि में मुझे कोई भी अनन्यभाव या अन्यता नहीं है।	भगवान् की कृपा से जनधन की वृद्धि हुई और जैसा मेरे इस प्रकार नहीं है, या तो कुछ भी नहीं है।
10	बांग्लादेश में प्राप्त हुई रिपोर्ट के अनुसार,शेखहसीना की टीम संसदीय रूप से-उन्होंने आसन में जीत हासिल की.	बांग्लादेश में खबर के अनुसार, मतदाता इस की टीम ने संसदीय दल की जीत हासिल की.
1	आग	अग्नि
9	लोसभा हॉल में वित्त मंत्री ने 21,000वां वर्ष का चौबीस-पांचीस-यह प्रशासन द्वारा अनुमानित उपलब्धियों की रिपोर्ट प्रस्तुत की गई है।	लोसभा में वित्त मंत्री दो हजार वर्ष के चौबीस-पोर्ट पर प्रशासन की अनुमान को प्राप्त करने की रिपोर्ट दी गई।
7	हे मधुसूदन ! हम सब तुम्हारी शरण में आ रहे हैं।	हे मधुसूदन ! हम तुमको मुझे शरण आ रहे हैं।
6	क्रोध से उत्पन्न होता है मोह और मोह से स्मृति विभ्रम। स्मृति के भ्रमित होने पर बुद्धि का नाश होता है और बुद्धि के नाश होने से वह मनुष्य नष्ट हो जाता है।।	क्रोध से उत्पन्न होने वाले
3	तुम जाते हो क्या?	तुम जाते हो क्या?
23	कार्यक्रम का संचालन संस्कृत शिक्षक डाॅअमनदीप शर्मा ने किया। उन्होंने बालिकाओं की शिक्षा की आवश्यकता, छात्रों के लिए मादक सामग्री की रक्षा के उपायों पर चर्चा की और शिक्षा में बदलाव के लिए सरकार के प्रयासों का जिक्र किया।	कार्यक्रम के संयोजक संस्कृत शिक्षक डाॅश्रीमदीप शर्मा बालिकों की आवश्यकता, छात्रों के लिए, छात्रों के लिए, छात्रों के हालात में चर्चा की गई और शिक्षा में चर्चा का उल्लेख किया गया।
10	भगवान ने नारद से कहा - नारद, पृथ्वी पर मेरा एक परम भक्त है	भगवान् नारद बोला- हम नारद! भूत! भूत का एक परेश भक्त है।
5	सबके पास शिक्षा अवश्य करनी चाहिये।	सबके पास शिक्षा अवश्य हो जाता है।
5	जल के मनुष्यं पानी में डूबकर तीर पर बैठते हैं।	पानी बहने के बाद फिजियों तथा तटपर पानी भर जाती है।
2	सादर नमन करती हूँ ।	सादर प्रणाम करता हूँ
12	हे अर्जुन ! "कर्म करना कर्तव्य है" ऐसा समझकर जो नियत कर्म आसक्ति और फल को त्यागकर किया जाता है, वही सात्त्विक त्याग माना गया है।।	कार्य को पूरा करने के लिए जो कार्य किया जाता है, वह न तो वह (सदा) भी कहा गया है। वह त्याग को प्राप्त करके वह त्याग को प्राप्त होता है।।
9	और कहीं पर पति भी अपनी पत्नी के रूप में देवी का रूप धारण कर, सखियों के समान मानो।	और यहां पति से पति देवी का रूप धारण करते हैं और सहमति को मन से पढ़ता है।
6	दीपिका –हाँ मुझे भी सबने बुलाया।	दीपिका –हाँ मुझे भी सबने मारा।
1	नाट्यवेद की	नाट्य के
6	दिल्ली में भी सर गंगाराम अस्पताल है।	दिल्ली से-नगर में भी सर गिंग अस्पताल है।
7	प्रत्येक हिमाचल प्रदेश निर्वाचन आयोग में नियुक्तियां बाह्य आधार पर आयोजित की जाएंगी।	प्रत्येक हिमाचल प्रदेश राज्यचयन आयोग में नियुक्त होने पर नियुक्त किया जाएगा।
8	वाहन चलाने के समय अपना पालन करें और अत्यधिक विश्वास करें।	वाहन नगर समय में अपने पालक और अतिविश्वास को चलें।
6	तब संन्यासी की रक्षा करने की दृढ़ बुद्धि (मैंने) की।	तब परिवार में बहुत धन लेने से रखे हुए (परम) माता को मिल गया।
4	देवदत्त के शिर में बाल काले हैं।	देवदत्त की मूलीइयों को कम करने वाले हैं।
6	आज मतदान के लिये जाना है।	माता – आज मतदान के लिये जाना है।
2	तुम क्या पढ़ते हो ?	तुम क्या पढ़ते हो?
8	संजय ने कहा -- इस प्रकार मैंने भगवान् वासुदेव और महात्मा अर्जुन के इस अद्भुत और रोमान्चक संवाद का वर्णन किया।।	संजय ने कहा -- हे पार्थ ! मैं, हे पार्थ ! मैं, हे अर्जुन ! मैं, हे ब्राह्मणश्रेष्ठ ! मैं रोती हूँ, हे ब्राह्मण! हे महान् इस प्रकार ने मुझसे कहा।।
5	वह हिन्दी नहीं जानता है।	वह हिन्दी नहीं जानता है ।
13	प्रमाद रहित सिद्ध गण श्रीरामचन्द्र जी को परम अद्वितीय, सबका आदि कारण, माया के गुणप्रवाह से पृथक् वर्णन करते हैं, तथा वह अहर्निश उनका भजन करते हैं और परमपद को प्राप्त करते हैं ॥	जिसके समीप उनके परमप्रकारक माया को निरोगी नहीं करते तथा जिसके कारण दुःख को दूर करने वाले आनन्द को छोड़कर संसार में विचरते हैं। इस प्रकार सिद्ध बुद्धि वाले श्रीबाबागुरुजी अयह जीवों को दुःख से व्याकुल कर दिया जाता है, उसी प्रकार हे सिद्धकों के स्वामी! हे अमाव। हे अ करना आप लोग सम्पूर्ण लोकों का त्याग कर देते हैं ॥
1	सब शक्तियों से युक्त	सर्वशक्तिमान
5	पति - आज फिर से ....	पति - आज फिर से
8	इस लद्दाख शहर में बड़ों के खिलाफ लघुपलट से युद्ध हुआ।	इस लद्दाख शहर में बड़ेत्तर के खिलाफ एक लेट लैंडन से युद्ध किया गया।
7	अगर मैं खेलूँगा तो गुरु मुझे मारेगा।	अगर मैं खेलूँगा तो गुरु मड़गी।
10	लेकिन इसी समय भवननिर्माण मंत्री, मुख्यमंत्री अखिलेश कुमार और निकट सहायक को स्वीकार किया गया था।	लेकिन इस समय भवनों के निर्माण मंत्री, मुख्यमंत्री अखिलेश कुमार और उसके सहायक बने थे।
6	इस समय आह करके पाँच सभाएँ होंगी।	इस दौरान कुल की बैठक होगेगी।
6	अब असम सैनिकों का प्रयाणगीत बदलूराम के नाम पर है।	अब असम सैनिकों का प्रयास गीत बदल अब बदल दिया गया है।
8	विभा - "रेल से उतर रहा है" ऐसे बोलो ।	विभा - रेल से उतर रहा है" ऐसा कहता है।
1	सत्यनिष्ठा से	सत्य से ।
7	वर्ष 1977 में उनका नाम मैंने सुना था।	मैंने सातवीं वर्ष में उसका नाम सुना।
8	चारो तरफ से ऋषियों के आश्रमों से सुशोभित, ब्रह्मर्षियों और देवर्षियों से सेवित वह आश्रम साक्षात् दूसरे ब्रह्मलोक के समान प्रतीत हो रहा था ॥	ब्रह्मन्चर भगवान् राम ने मुनि और मुनिगणों से भगवान् शिवलोक में एक ब्रह्मलोक में ब्रह्मलोक को प्राप्त किया ॥
8	न्यास प्रस्ताव ने अंतिम रूप से स्थल का चयन करके अग्रिम कार्य योजनाएं निर्धारित की हैं।	न्याय और प्रबन्ध से मोटी का चयन करके अगले कार्य को अंतिम रूप से निर्धारित किया गया है।
5	यह ग्रन्थ उसके द्वारा तेईस वर्ष की अवस्था में रचा गया था।	यह पुस्तक उस तेईस हजार वर्ष के विरह से एक  ⁇  किया गया।
8	ये वस्तुएँ बनाने में प्रायः एक सप्ताह होता है।	ये वस्तुएँ बनाने का प्रायः 1 सप्ताह होता है।
10	पंकज उधमके पुत्री नेयाब उधम ने अपनी इंस्टाग्रामपटल पर लिखकर अपने पिता की मृत्युकी पुष्टि की।	पंकज नेउटास की बेटी नाबउटी, अपनी किसी भी समय पर फ्लाइट अपने पिता की पुष्टि की।
1	माला	कूट का कुल्व
7	हिमाचल प्रदेश के समतल मध्य-उच्च पर्वतीय क्षेत्रों में मौसम बदल गया।	हिमाचल प्रदेश के समतल मध्य-उच्चली क्षेत्रों में परिवर्तन आया।
6	घर की चाभी किसके पास है ?	घर की चाभी किसके पास है ?
16	माना जाता है कि 2,200 किमी की मारक क्षमता वाली इस बन्दूक को 10 नवंबर को ओडिशा के तट पर अब्दुल कलाम द्वीप से लॉन्च किया जाएगा।	22, 22 किमी लिए शक्ति को खाने के लिए खूब मान लिया गया, वे अब नई दिल्ली के कलाम से चलाते हुए नौ वर्षों तक के नौवें दिन को दब कर दिया जाएगा।
5	उज्जयिनी का मुख्य दर्शनीय स्थान कौन-सा है?	उज्जयिनी के मुख्य दर्शनीय स्थान क्या है?
4	माता और पिता	और माता
8	यह उचित नहीं है कि स्वावलम्बन के प्रभाव से भारत आजादी में आया है।	स्वावलंघन की भेंट भारत को भारत की स्वाधीनता के में नहीं कहा गया।
15	परन्तु यदि किसी दल का विधायक अपनी क्रॉस वोट को प्रकट करता है तो वह अयोग्य नहीं होगा।	परन्तु यदि किसी दल के कोई भी विधायक अपने खरीद का प्रकट नहीं करता तो वह अमानू नहीं होगा।
1	कहकर	बोलकर ।
3	तुम अब क्या करते हो।	तुम अब क्या करते हो?
4	दूसरा व्यक्ति बोला	दूसरा व्यक्ति बोला
12	उन द्वारों में तीन दक्षिण दिशा में, चार उत्तर दिशा में, पाँच पश्चिम दिशा में और छठे पूर्व दिशा में तीन द्वार थे।	उनमें से तीन दक्षिणी, चौथे दरवाजे पर, चौबीस वर्षों में, पच्चीसवें दिन, छठे और छठ दो भागों में थे।
10	माँ की प्रतिमा में पुरोहितवर्ग के द्वारा क्विन्ताल देशी गाय का चार्पण होता था।	माँ की हररोजकार में माइक्रांड देशीय देश के नौनीच के नए थे।
5	क्या भरत को धर्म के अनुसार राज्य में पाल लिया जाता है?	भरत धर्म के अनुसार राज्य में पनहा रहा है क्या ?
24	श्रीकृष्ण के वचन को सुनकर क्रोध से लाल मुख वाला दुर्योधन शीघ्र उठकर बोला- "हे मधुसूदन ! आप पाण्डुओं की ही हितैषी हैं तो फिर इसमें मेरा कोई दोष नहीं है।"	श्रीकृष्ण के वचन को सुनकर कुपित होकर क्रोध के साथ लाल मुख आया, उन्होंने कहा- 'हे मधुसूदन ! आप मधुसूदन हैं, आप कहाँ से मुझे और हितकारी इस विषय पर मेरे दोष नहीं हैं।
7	वह कैसे अभ्यास करती है , देखिये ।	वह कैसे अभ्यास करती है , देखो ।
12	महोदय ने कहा कि संस्कृत भाषा भारत को फिर से विश्व गुरु के रूप में प्रतिष्ठित करने में महत्वपूर्ण भूमिका निभाती है।	महोदय ने कहा कि संस्कृत भाषा फिर से विश्व गुरु के रूप में प्रतिष्ठित करने के लिए महत्वपूर्ण भूमिका निभा रही है।
6	तो अब मैं विद्या प्राप्त करने के लिए गुरुकुल जाता हूँ। (प्रणाम करता हुआ चला जाता है)	वे सभी वेद पढ़ने के लिये गुरुकुल जा सकें। (सभी) हे। (गामें)। (आपकाकरण करने जा रहा है)।
4	फूल बहुत बड़ा होता है।	एक फूल बहुत लम्बी होती है।
6	अहमद सड़क पर गिर पड़ा, इसलिए वह हँसता है	मैं वह रास्ते में गिर गया इसलिये वह हँस रहा है।
6	मुझे डी जे ध्वनि पसंद नहीं है।	मुझे डी जे ध्वनि पसंद नहीं है।
4	छात्र खुश होते हैं	छात्र खुश होते हैं
13	नाहन के डॉ यशवंत सिंह परमार चिकित्सा- कॉलेज में विशेषज्ञ वैद्यों और उपचारियों के पदों को पूरा करने के लिए उन्होंने आग्रह किया।	नाहन के डॉ. यशवत सिंह परमार ने विश्वविद्यालय के विशेषज्ञों का पद भरने के लिए आग्रह किया।
5	जैसा जानता है वैसा सच कंहं।	यादव जी जानते हैं वैसा ही उन्हें स्तहिह भी कहिए।
5	उसका नाम विश्वप्रिय है	उसका नाम विश्वकर है
8	अन्य महिलाओं में निफ्टी कम होने के कारण खोल दिया गया।	दूसरा यह भी है कि नीता कम है।
1	पूछ रहे हो।	पूछना
9	मुनिगण द्वारा इस प्रकार बताने पर श्रीभरतजी प्रसन्नता पूर्वक मन्त्रियों सहित सबसे आगे श्रीरघुनाथजी के निवास स्थान के लिये चल दिए ॥	इस प्रकार उन दोनों को देखने के लिये मुनि के आश्रम की ओर देखते हुए मुनिवर बोले हे रघुश्रेष्ठ ! आपके यह कहने पर मैं शीघ्र ही जड़तागया ॥
8	मुख्यमंत्री सुखविंदर सिंह सुक्खू राहुल गांधी भारत जोडो की न्याययात्रा में शामिल होंगे।	मुख्यमंत्री और राहुल राहुल राहुल के भारत के जो न्याय यात्रा में शामिल हुए होगी।
12	प्रधानमंत्री ने कहा कि पिछले दस वर्षों में भारत दुनिया में पांचवें सबसे बड़ी अर्थव्यवस्था बन गया है।	प्रधानमंत्री ने कहा कि पिछले दस वर्षों में भारत दुनिया की सबसे बड़ी अर्थव्यवस्था है।
5	वह कैसा लड़का है?	वह कैसा बच्चा है ?
10	वानरश्रेष्ठ सुग्रीव ने राम से पूजित राम के अभिषेक को देखकर संतोषपूर्वक किष्किन्धापुरी में प्रवेश किया।	वानरश्रेष्ठ सुवहार राम ने राम से राम के साथ देखकर उसकाना दी और किलक को किया।
10	ई.सन् 1306 से 1315 तक मलिक काफूर ने दक्षिण भारत में बहुत विनाश किया।	ई.सी.एस6 से अधिक को करती है कि मलिक नोट ने दक्षिणी लैंप और दक्षिण में बहुत एड़नीय एक घरेलू दक्षिणा किया।
2	अपने घर में आए अतिथि का विधिपूर्वक स्वागत करना चाहिए।	अतिथि तथा सनठ भगवान् की पूजा करने वाले, पूजाआती, पूजा के योग्य, पूजा करने वाला, पूजा करने वाला पूजा।
5	वह नई पुस्तकें खरीदता ही है।	वह नए पुस्तकें खरीदता है ही।
7	फिर भी उन्होंने बदलूराम का नाम सूचि से नहीं निकाला।	फिर भी उन्होंने बदल है का नाम सूखे से नहीं निकाल दिया।
9	ध्यान रखना चाहिए कि संस्कृत शिक्षण द्वारा हर रविवार को ऑनलाइन आयोजन किया जाता है।	यह उल्लेखनीय है कि संस्कृत शिक्षण द्वारा हर रविवार को ऑनलाइन आयोजन किया जाता है।
4	वह दौड़ नहीं पाएगा	वह दौड़ नहीं पाएगा
7	अभियुक्त मोहम्मद मुन्ना बिहार के गया नगर के निवासी हैं।	अभियान में मोह आन्ना बिहार की सेगमा के निवासी है।
7	उस भौरें ने उस बालक की आवाजों की ओर तो ध्यान ही नहीं दिया।	फिर भी, सनल ने इस बालक का बुला रहा है।
9	अतः यज्ञ में आए हुए मनुष्य को अपने मन्त्रों का कार्य के अनुसार विपरिणत करना चाहिए।	इसलिये यज्ञ करना पुरुष पुरुष के ही वे मंत्रों को कार्य के अनुसार यथाशक्ति विपरक के रूप में जाना जाता है।
4	उनके श्लोक पाठ कीस्तुति भी देखी गई।	उनके श्लोक पाठ और राज्याभिचारी।
9	अब तक उसने 1000 से ज्यादा फिल्मों में काम किया है।	अब तक उसने 1,000 से अधिक फिल्मों में काम किया।
4	विद्यालय में लड़के और लड़कियाँ है।	विद्यालय में बच्चे और बालिकाएँ हैं।
7	एक के साथ अन्यों को भी संस्कृत पढ़ाऊँगा ।	एक के साथ अन्य भी संस्कृत पढ़ूँगागी ।
3	कैसे करें ?	कैसे करें ?
8	प्रजापति (सृष्टिकर्त्ता) ने (सृष्टि के) आदि में यज्ञ सहित प्रजा का निर्माण कर कहा इस यज्ञ द्वारा तुम वृद्धि को प्राप्त हो और यह यज्ञ तुम्हारे लिये इच्छित कामनाओं को पूर्ण करने वाला (इष्टकामधुक्) होवे।।	हे निष्पाप इस प्रकार! इस लोक में नचिकेता को तुमसे पहले कहोगे। इससे यह भी कहा गया है कि इसने उसे समान रूप से देखा है।।
7	पत्नी - तो फिर घर के काम में मुझे सहयोग करिये।	पत्नी - तो फिर घर के काम में मुझे सहायता करिये।
4	गुरुनानक ने किसका भोजन स्वीकार किया?	गुरुनानक किसके भोजन किसने भोजन लिया?
1	मां	माता
4	वे ऋतु इसभांति हैं कि शिशिर, वसंत, ग्रीष्म, वर्षा, शरद और हेमंत ॥	वे शिशिर ऋतु, केभी, इस वर्षा की, नेनी, प्लीह, इन वर्ष मे वड आदि पडस और मड आदि कानादि इन करके कफ की तीन वर्ष की।
3	मन्दिर में भक्त जाता है।	मन्दिर में भक्त जाता है।
12	भाजपा के राष्ट्रीय अध्यक्ष जगतप्रकाशनड्डा ने रविवार को शक्तिपीठ के माँ श्री बज्रेश्वरी देवी को दर्शन करके प्रणाम किया।	भाजपा के राष्ट्रीय अध्यक्ष जगप्रकाशनड्डा रविवार को शक्ति पीठ पर अपनी माँ के दर्शन की माँगरी में माँ को दर्शन दिया।
6	ये महोदय बहुत कर्मठ थे ।	यह महोदय बहुत कार्य था ।
5	योगेंद्र अच्छा धावक ( एथलीट ) है	योगेन्द्र अच्छा दौड़क है
5	सीता की सास कौशल्या थी ।	सीता की सासती थी ।
4	प्रिया ने प्रिय के मन को चुरा लिया।	प्रिय मन वालों का अमोषण ।
34	परन्तु हमारे पक्षी कौन हैं, कैसे वे अब प्रवर्तमान हैं, व्यवहार आदि में इनमें से किसी को भी कमाधिकता प्राप्त हो, यदि यहाँ पर यह बात हो, तो हमारे या किसी के पक्षी के विषयों को ही सोचना चाहिए, तो अपने धार्मिक प्रेम के विषय में और कर्तव्य के विषय में अपने मन को स्वयं प्रवृत्त कर लेना चाहिए।	परन्तु हमें पक्ष से जिस प्रकार के यह आज मैं भी स्वयं अपने पनों की रक्षा करता हूँ, योग आदि में कम हो जाना चाहिए, यदि हम से ही कोई भी पुरुष है, तो हम ही क्या करना चाहिए, यह कैसे करना चाहिए, यह मेरा धर्म है। तो करना चाहिए, किन्तु हम धर्म के बारे में अपने विचार प्रस्तुत करना चाहिए।
7	पांडव लोमाश ऋषि के साथ तीर्थों के दर्शन के लिए चल पड़े।	लोमाही ने प्रतिबंध के साथ वन में एक दर्शन के लिए प्रस्थान किया।
7	पण्डित मन्यमान प्रायः ऐसे विवादों में कुपित होते हैं।	ये सब इसके लिए ये ऐसी तरह की विवाद होती हैं।
9	हे पाण्डव! जो पुरुष मेरे लिए ही कर्म करने वाला है, और मुझे ही परम लक्ष्य मानता है, जो मेरा भक्त है तथा संगरहित है, जो भूतमात्र के प्रति निर्वैर है, वह मुझे प्राप्त होता है।।	हे निष्पाप । मुझे पढ़कर (परन्तु) मन से विभक्त कर दिया गया और क्षण भर में जो मुझे दिया गया है, वह सब को प्राप्त है।।
5	ठीक है, दत्तचित्त के अनन्तर तुमसे सुनिये बेटा।	ठीक है, दिया द्वारा तुम पुत्र को मारिये।
11	पश्चिम बंगाल के मुख्यमंत्री ममता बनर्जी ने विपक्ष के "इंडिया" को बड़ाघात दिया।	पश्चिमी ने पश्चिमी के मुख्यमंत्री को कहा कि विपक्ष की "इंडिया"इसने महान् बल दिया है।
1	श्रवण के द्वारा	सुनने
1	उद्यानों में।	उद्यान में
6	एक उच्च वर्ग के धनवान ने भी गुरुजी को मिष्ठान दी।	एक उच्च वर्ग के धनिक भी गुरु के धन का खुला दिया।
1	समीप में	समीप में।
13	आधुनिक समय में आयुर्वेद आदि के कुछ अंश कोश लक्ष्मण शास्त्री जोशी ने रचे हैं।	आधुनिक काल में, आधुनिक को कुछ दूर श्री, लक्ष्मण जी ने देखो, आगे बढ़ाने के लिए रवानाथ के साथ रनों का प्रदर्शन किया।
1	हजामत	टुकड़ा होना
4	कुत्तों को दूर भगाता है	कुत्तों को दूर वह कुत्ताता है।
12	राजा बोला - यह वृत्तान्त मेरे सामने कहने के लिए तुम कैसे नहीं डरते हो ?	राजा बोला- ये दोनों को आगे कैसे नहीं कहती?
4	सुयोग्य प्रत्याशी को मत देना चाहिये।	सुयोग से लौटने के लिए मत देना।
6	थोड़ी देर बाद वेटर थाली रखता है।	थोड़ी देर बाद का थाली थाली रखती है।
4	सिक्खों के पाँच बाहरी चिह्न कौन से हैं?	सिक्खों के पाँच तथा अन्य कौन-से हैं?
3	सभी जानवर वहाँ से लौट आए।	वन में एक जन विषय को स्वीकार किया।
1	रेल	लोहा
6	पुलिस को देखकर कुछ लोग रास्ता बदल देते हैं।	पुलिस को देखकर कुछ लोग रास्ता बदल देते हैं।
6	पन्द्रह मिनट तक उसने दोनों हाथ चलाए।	पन्द्रह मिनट तक उसने दोनों हाथ चलाए।
4	मंच की शोभा प्रान्तप्रचार प्रमुख सतेन्द्र कुमार ने की।	मंच के साथ प्रांत प्रचार प्रमुख सतेन्द्र कुमार ने किया।
3	मन अपवित्र है।	मन अप्सरा है।
1	लाज	शरम
6	वह 5 मार्च को पटना आ रहा है	वह 5 मार्च को पटना में आता है।
10	पीताम्बर दत्त की इच्छा थी कि सभी विषयों का ज्ञान हिन्दी भाषा में पढ़ाया जाए।	पीताम्बरदत्त की इच्छा थी कि सभी विषयों की ज्ञान में पढ़ाई जाने की कोशिश करना चाहिए।
6	मैं अब काम में फंसा हुआ हूं।	मैं अब काम में व्यापक हूँ।
10	यहाँ काङ्गड़ाचय, काश्मीरका कहावा, चम्बा और औषधियोंका खरीदना बहुत होता है	इनमें कांगड़ाच के, का कश्मीर के प्रभाव से, चम्बा-नई-कभीों का खरीद बहुत होती है
5	वह किसके साथ थी ?	वह किसके साथ था ?
5	मूर्ख धर्मपत्नी को भी कपड़े नहीं पहनाता।	मूर्ख पत्नी को भी कपड़ा नहीं छोड़ता ।
10	अंतर्राष्ट्रीय हवाई अड्डे के उद्घाटन से पहले, प्रधानमंत्री ने अयोध्या में लतामंगेश्कर चौक के स्थान का निरीक्षण किया।	अंतरराष्ट्रीय हवाई अड्डे के बिगड को पूर्व प्रधानमंत्री अयोध्या में लतामंगेश चौकुंड में चौक पर निरीक्षण किया गया।
9	अतः शुभ अथवा अशुभ कर्मफल उपस्थित होने पर हर्ष अथवा दुःख करना व्यर्थ है	जो खुश हुआ है, ऐसे पुत्र और शुभता के किये हुए हैं। जो लोग श्रीराम के मन की अप्सराएँ भी उनके लिये योग्य हैं। तथा मेरे द्वारा आपके दर्शन के लिए देवताओं के स्वामी पर सूर्य की तरह चुम्बन करना चाहिए ॥
4	पंजाब का भाँगड़ा देखा।	पंजाब का भाँगड़ा देखा।
9	चीन के नए कदम से कथित तौर पर मानवाधिकार कार्यकर्ताओं में भी डर पैदा हो गया है।	चीन के नए पदों से मन को सेवा करने के बीच आशा जारी है।
10	हे राम! इसके समीप ही पम्पा नामक सरोवर है। उसके समीप ही ऋष्मूक नामक बड़ा पर्वत है ॥	इस समय वह समीप है रामाकिनी । पचा है राम के समीप है। उनके पास से राम आनन्दाक के समीप महान गति को देने के लिये महान जल में गिर गया ॥
11	इसके साथ मुख्यमंत्री सुखविंदर सिंह सुक्खू के प्रिय राजेश धर्माणी राज्य मंत्री मंडली में सम्मेलन की संभावना अधिक है।	इसके साथ मुख्यमंत्री सुखविंदर सिंह सुक्खून के प्रिय राजेश राज्य मंत्री के पद की के भाव में सम्मेलन का समापन अधिक है।
6	(वन का दृश्य। पास में ही एक नदी बह रही है।)	वन का दृश्य पास से ही नदी बहती है।
44	तदनन्तर पुत्रि! डरो मत। बेटी! हम सब तुम्हें माँ के पास पहुँचा देंगे, वत्से! दुःखी मत होओ। देवि! कुछ खाओ, दूध पीओ। ये सब तुम्हारे भाई हैं। जो कहोगी, वही करेंगे। रो-रोकर प्राणों को सन्देह में मत डालो। इस कोमल शरीर को दुःखाग्नि से संतप्त मत करो। इस प्रकार हजारों तरह से समझाने-बुझाने पर किसी प्रकार आश्वस्त हो उस बालिका ने कुछ दूध पिया।	उसके बाद अन्य रही में हे भाला! मैं तुम्हें पुत्र जो जानता हूं। तुम माता पिता को जल देकर नहीं पालाओ, भगवान् राम को उसी प्रकार लेला।, भगवान् राम को कुछ नहीं जान सकेंगे।-जैसी आपकी इच्छा, ऐसे पुरुष को वन में जाना जाता है, तुम ही नहीं।
11	मकरसंक्रांति दिन में सूर्यदेव की शनि की कथा पढ़ कर आप सब शनि से बहुत प्रकार से लाभ उठा सकते हैं ।	मगरमच्छस के दिन सूर्यदेव के शने को कहते हैं, आप सभी को राक्षस से बहुत सीख सकते हैं।
5	केंद्र से कोई भी प्रतिक्रिया नहीं मिली।	केंद्र से कोई भी की भी नहीं मिली।
4	छात्र खुश होते हैं	छात्र खुश होते हैं
8	ऋतु नेगी ने आज सब युनियों को प्रेरणा दी।	मौसम की सड़क आज सबे-यहस द्वारा यचाई हुई है।
1	वचन देनेवाला	प्रतिज्ञा करनेवाला
7	दस वर्ष से ही हिमाचल प्रदेश सबसे समृद्ध राज्यों में से एक बन जाएगा।	दस वर्षों से हिमाचल प्रदेश समृद्धों में से एक है।
8	नए नियमों में उन्मत्त लोगों की हत्या के संदर्भ में मृत्युदंड की व्यवस्था की गई है।	नए नियमों में पाइप समूह की और हत्या के संबंध में मृत्यु की व्यवस्था है।
5	विशाखा -तुम गाजर काटो	विशाखा - तुम गाजर काटो
6	इस प्रकार झगड़ते हुए वे दोनों राजा के पास गए।	इस प्रकार विगमानी दोनों को बाकीन में गया।
25	ऐसी एक आपदा की प्रक्रिया है, इटली के धारा के तहत पटना जिले के अंगनबाड़ी केंद्रों में सभी वर्गों के शैक्षिक क्रियाकलाप केंद्रों और कक्षा तक शैक्षिक क्रियाकलापों के ऊपर स्थापित प्रतिबंध जनवरी तक फैला हुआ है।	ऐसे में लगे हुए आपस में नेयकाल सं।,इश की घाटी में पटना जिले के आंगनबाडी क्षेत्रों में सभी वर्गों केक
5	आज नहीं लाया ।	छात्र आज नहीं लाए हैं।
11	हे कुरुनन्दन ! वह पुरुष वहाँ पूर्व देह में प्राप्त किये गये ज्ञान से सम्पन्न होकर योगसंसिद्धि के लिए उससे भी अधिक प्रयत्न करता है।।	(इसी प्रकार) इस आत्मा में विजय प्राप्त होता है तथा अन्य (में कुछ भी) वैसा ही करते हुए) (इसी प्रकार) को प्राप्त होता है)
2	उनमें से आगंतुक चोट आदि लगने शरीरको उपरित खेद पहुचने अभिताप तुषार शैत्य आदिसे होते हैं ॥	इनामा लोगों के द्वारा विशाप से युक्त दो अर्थात् स्थिर हो गए हैं।
3	मनुष्यों में अपनी आयु को कोई नहीं जानता ।	नहीं, ऐसे माताओं तथा जनों से प्ली-है पिक कोई हो तो
4	अभी वह टी वी देख रही है।	अब वह दूरदर्शन देखता है।
7	चलचित्र के निर्देशक अनिल शर्मा भी शिमला आएँगे।	चलचित्र का निर्देशक अनिल शर्मा भी शिमला आ जाएगा।
6	विश्वविद्यालयों को भी नियमों के अनुसार, और कर्मचारियों के अनुसार चलाना चाहिए।	विश्वविद्यालय भी नियम कर, मानक के अनुसार, मानवक अनुसार चला।
12	वस्तुतः जिस प्रदेश को हम पाकिस्तान के नाम से जानते हैं वो तो भारत ही था।	वास्तव में जो क्षेत्र हम पाकिस्तान के द्वारा जानते हैं वो तो भारत ही था।
3	कब चले थे ?	कब चला गया ?
19	उसी प्रकार प्रौद्योगिकी युग में सूचनाप्रसारण मंत्रालय ने एक चिक्रोड के योगदान के लिए शुरुआती महीना के बाद एक सप्ताह के चारवें दिन बाजार में वृद्धि की गई।	उसी प्रकार प्रौद्योगिकी भारत में सूचनागौड के मुख्यमंत्री, जनक का योगदान योगदान के योगदान में अपने योगदान के बाद सप्ताह की चौथे दिन के बाद सप्ताह की चौथे स्थान पर बाजार और दूसरी ओर बाजार में बाजार का अवसर हुआ।
5	सभी लोग प्रवचन सुनते हैं	सभी लोग प्रवचन सुन रहे हैं
8	शाम को जैस्मी का झगड़ा हिमाचल प्रदेश के मेनका देवी के साथ होगा।	शांत चक्र में वन की याद है कि इलेक्ट्रोड के द्वादकाज के साथ होगा।
4	सज्जन पुरुष तिल के समान छोटे से उपकार को भी पहाड़ के समान बड़ा मानते हैं।	तिलक एक ही रूप में शैल (मेराकार) को शैल देता है, एक ही सज्जन पुरुष के पास जाता है।
4	वह सब्जी मैंने खाई।	वो साजी ने खाई।
7	सोए हुए शेर के मुँह में हिरण खुद ही प्रवेश नहीं करते हैं।	पागल सिंह के सिंह की संख्या में घुस गए हैं।
17	आपदा सेल ने यह भी कहा कि केंद्र सरकार सबल को आपदा में अभिलषित करना चाहती है इसीलिए ऐसे मामले पुलिस के खिलाफ एकत्र किए गए हैं।	आपदा को यह है कि केंद्र सरकार ने एक संवाददाता सम्मेलन में कहा कि केंद्र सरकार आप दोनों आप हैं इसलिये इस मामले को विरक्त करने के लिए ऐसे मामलों को नियुक्त किया गया है।
3	स्त्री सभी संकटों को जन्म देने वाली होती है।	स्त्रियों, स्त्रियों और क्षेत्र।
9	केरल की मछली-महासागर अनुसंधान विश्वविद्यालय के वैज्ञानिक इसके''होराग्लानिस पोपुली''वैज्ञानिक नाम दिया गया है।	केरल मछली-प्रबंड पर अनुधान विश्वविद्यालय के वैज्ञानिक''होरा ने जल पोपील की एक वैज्ञानिक दीवार दी।
4	मुझे नमक पसंद है |	मैं नमक रुचि का भोजन है।
1	अनेक राम को	अनेक राम के लिए
3	वह बोला	वह बोला
1	खोदना	ले जाने में।
13	हर साल जुलाई को उनके प्रसिद्ध कवि महाभाग का जन्मदिवस पूरेगोर्खली लोगों द्वारा मनाया जाता है, अन्य लोगों द्वारा भी बहुत श्रद्धा से मनाया जाता है, अच्छा।	हर साल जुलाई को उनके प्रसिद्ध वाक्य सभी दिवसों से चल रहे, अन्य उसको बहुत श्रद्धा से समझाने के लिए एक श्रद्धा से भाग लिया जाता है, अच्छा।
1	चलता हूं।	मैं चाहता हूँ।
5	सभी यात्री भोजन करते हैं	सभी यात्रियों को भोजन करते हैं
3	लोगों को प्रवृत्त करने के लिए अच्छा समय है।	व्यक्ति के द्वारा अपने जल्दी से आऊँगा ।
2	मैं चाहता हूँ	मैं चाहती हूँ
3	दीपक से दीपक जलाना चाहिए।	दीप से दीप दीप दीप पर ।
9	ध्यान रखना चाहिए कि संस्कृत शिक्षण द्वारा हर रविवार को ऑनलाइन आयोजन किया जाता है।	यह उल्लेखनीय है कि संस्कृत शिक्षण द्वारा हर रविवार को ऑनलाइन आयोजन किया जाता है।
3	ये दोनों कुत्ते हैं।	ये दोनों सूखे हैं।
13	प्रशिक्षण प्रमुख पीआर शशि ने अतिथियों का स्वागत किया और श्रीमती सृजा कवनट ने धन्यवाद ज्ञापन दिया।	प्रशिक्षण प्रमुख श्री झंड और स्वागत और श्रीमती श्रीजा कावना ने किया।
1	प्राप्त करके |	पहुँचकर
7	सर्वेक्षण समग्र शिक्षा अभियान के राज्य परियोजना निर्देशालय द्वारा किया जाता है।	सर्वेक्षण में पूरा शिक्षा अभियान अभियान के राज्य परियोजना निदेशक द्वारा किया जा रहा है।
6	''काशी विश्वनाथ''काशीश्या हिन्दूओं का तीर्थ स्थान है।	''काशी विश्वनाथ'' काशीश में हिन्दू स्थान ज्ञान स्थान।
12	इनके विकास का मुख्य उद्देश्य प्रशासन में निर्णय बनाना, विवरण देना और संचार में महत्वपूर्ण बदलाव लाना है।	इनके विकास का मुख्य उद्देश्य प्रशासन और प्रशासन निर्माण में, विवरण और मुख्य क्षेत्र में महत्वपूर्ण है, और संचार परिवर्तन को लाने के लिए महत्वपूर्ण है।
1	डिबेंचर	ऋण पत्र
3	उसी समय चिकित्सालय गया।	उसी समय चिकित्सालय गया।
4	समुद्र के किनारे बहुत रेती है।	समुद्र के किनारे बहुत सिक ।
10	कामधेनु ने प्रथम योगिराज श्रीवसिष्ठजी की शास्त्रानुकूल पूजा की और तत्पश्चात् सेना सहित श्रीभरतजी को तृप्त किया ॥	वसिष्ठजी ने योग से पूछा: तुम शास्त्रार्थ में भरत जी को पूजन किया है, जीने में भरत जी के योग रूप में योगस भर आया ॥
1	सिर	सिर
4	सुचेता क्या गिनती है ?	सुचेता क्या गिनती है ?
12	हिमाचल सरकार के कैबिनेट खुलने पर राजेश धर्माणी, यादविन्दर गोपाल और परदिन ही शिमला से दिल्ली चले गए।	हिमाचल सरकार की एक मंत्रिमण्डल विस्तार में मंत्रिमण्डल, राजेशारा और राजेशध ने पिछले दिन के बाद दिल्ली से दिल्ली का लिए गए।
5	वह निर्धनों का काम नहीं करता है।	वह निर्धन काम नहीं करता है।
9	ओरिया भाषा के पुरातनत्त्व शास्त्र के अनुसार यह नृत्य परंपरा भारत की प्राचीनतम नृत्य परंपरा है।	।
4	आदिवासी लोग आत्मरक्षा स्वयं ही करते हैं।	सारा दिन आत्मा की रक्षा करते हैं।
9	राज्य सरकार ने केरल के स्कूलों में छात्रों द्वारा मोबाइल फोन के इस्तेमाल पर सख्त प्रतिबंध लगाने का आदेश दिया है।	केरल में स्कूलों में छात्रों को जंगम फोन की उपयोग से का उपयोग कर्क राज्य सरकार का आदेश दिया गया है।
8	हिमाचल प्रदेश प्रातः और सायं तीव्र ठंड के प्रभाव से ग्रस्त है।	हिमाचल प्रदेश प्रातः और शाम को तीव्र होती है।
7	मेरा वीर्य लज्जित होता है और हाथ से धनुष बहता है।	मेरा मन लीन होता है, कर से धन लूटता है।
1	कभी ।	किसी समय
9	शिमलानगर के रिजभूम, मलमार्ग और धर्मशाला में बड़ी संख्या में कार्यक्रम आयोजित किए गए।	मंदिर के की की भूमि पर, मॉल मार्ग में, धर्मशाला में भी बड़े- कार्यक्रमों का आयोजन किया गया।
5	बालक द्वारा पुस्तक दिया जाने वाला होगा।	बालक से पुस्तक दूँगी।
5	हिमाचल में भी यह चरण निकलता है।	हिमाचल में भी यह चरण प्रता रहा है।
5	उनके साथ साइकिल चलाने वाले भी निकलते हैं।	उनके साथ साइकिल चलाने वाले भी निकलते हैं।
5	गुरुजनों के उपदेश की उपेक्षा नहीं करनी चाहिये ।	गुरुजनों की उपदेश नहीं करना चाहिए ।
11	इस प्रकार अत्यन्त दुःख के कारण उनकी वह रात्रि एक वर्ष के समान बीती । इधर अरुणोदय होते ही गायक और वन्दीजन स्तुतिगान करने लगे ॥	इस प्रकार दिन रात जोसे पुरुषार्थ और अचानक- उनका यह समय अपने समान सब जगत् को मैं प्रणाम करता हूँ ॥
11	यह कदम कथित तौर पर चीन का एक खराब कदम है जिसका उद्देश्य उसके खिलाफ होने वाली प्रक्रियाओं का मुकाबला करना है।	पद के कारण इनकी प्रक्रियाओं का मुकाबला करने के उद्देश्य से चीन का यह प्रयास है कि चीन के इस खतरेज से होता है।
9	उनका अंतिम विश्राम स्थल लंदन के विंस्टर पैलेस में जॉर्ज  ⁇  मेमोरियल चैपल में है।	लैटन के विन्स्ट हाई में जो का मुकाबला मार्ग पर है उनके तहत हुई झड़प में हुआ है।
4	उसने अनेक पुस्तकें लिखी हैं ।	उसने बहुत पुस्तकें लिखा
8	राष्ट्रीय राजमार्ग प्राधिकरण के कथन के अनुसार, आने वाले दो वर्षों में वाहन द्रुतगति से चार कोसों राजमार्ग पर चले जाएंगे।	राष्ट्रीय राजमार्ग के महंधी रात के कहना है कि अगले दो वर्षों से चारों तरफ से चल पड़ेगा।
6	देवों के द्वारा हीमुक्त ब्रह्मदेव ने देवी सरस्वती का चिन्तन किया।	देवों के द्वारा ही ब्रह्मदेव ने देवी को कहा।
15	वीर वल्लभ ने युद्ध क्षेत्र में घोर विनाश करके सुशर्मा को बाँधकर क्कंक के सामने प्रस्तुत किया और विराट नरेश को देखा।	वीर वल्लभ अर्थात् भीम युद्ध क्षेत्र में एक कुत्ता के बिना सुशर्मा ने जल को बगुले के सामने प्रस्तुत किया।
1	चंचल	लटकना
3	सुष्मिता नाट्यगृह जा रही है।	सुष्मिता नाट्यगृह जा रही है।
4	वे दोनों वस्त्रों को रंगते हैं ।	वे दो वस्त्र धोते हैं ।
4	गुफा बहुत गहरी है।	गुफा बहुत गहरी है
1	वृद्धि	उन्नति
16	बिहार के मुख्य सचिव भी सर्दी लहर के कारण पटना जिले के प्राथमिक माध्यमिक विद्यालयों में छुट्टी के बारे में बिहार शिक्षा विभाग और पटना जिले प्रशासन के बीच संघर्ष बढ़ रहा है।	बिहार के मुख्य सचिव भी ठंडी लापता के कारण पटना जिले के प्राथमिक माध्यम से बिहार में छुट्टी और पटना से प्राप्त किया गया है।
6	पहले रणधीर शर्मा ने चर्चा में भाग लिया।	पहले रणधीर शर्मा ने चर्चा में भाग लिया।
12	यह प्रसन्नसलिला रम्या गोदावरी दिखाई देती है, यहीं महामुनि अगस्त्य का कदली से घिरे हुए आश्रम भी दिखाई पड़ता है।	यह प्रसन्न नहीं है, रम्या गोदा दिखता है, यहीं जीरा अगस्त्य केला आश्रम हैं।
4	बहनें विष्णुसहस्रनाम गाती हैं।	बहनें विष्णुनाम गाती हैं।
4	बच्ची वृद्धा को पानी देती है।	बच्ची वृद्ध को पानी देती है।
9	वीं फेल और दक्षिण की फ़िल्म निघनी थी।	वांडे और दक्षिण की फ़िल्म बहुत ।
4	यह बहुत मुश्किल तो नहीं है।	यह कष्ट नहीं है।
10	चयन समिति नामों को लघूसूची करके एक पटल बनाएगी और शीर्ष नेता को मंजूरी देगा।	चयन समिति के नाम श्री छोटीसूची करके एक टिचय के लिए मंजूरी के लिए मंजूरी देगी।
4	वह नगर को जाता है क्या?	वह नगर को जाता है क्या?
6	अवन्तिका तेलुगु फिल्म में भी काम किया।	अवन्तिका तेलुगु ने फिल्म में भी कार्य किया।
11	यात्रा कठिन तो कभी नहीं होती बल्कि सरल, सुगम और समझने योग्य है।	कठोर तो नहीं कभी कभी नहीं बल्कि सरला है और सुगमा।
3	वह अखरोट खाता है।	वह सेरोट खाता है।
3	तेरी आखें कब नष्ट हुई ?	तुम तुझे कब पाला है?
12	श्री साहू ने कहा कि भारत की चुनावनी के आयोग द्वारा तैयार निरीक्षण सेवा के बाद अगले महीने पूरी सेवा आयोजित की जाएगी।	श्री साहसी ने कहा कि भारत चुनाव आयोग की तैयारी के बाद तैयार हो रही है इसके बाद पूरा महीने में पूर्ण सत्र का उद्घाटन आयोक्षक्षकों का आय होगा।
12	उन्होंने राष्ट्रीय स्तर पर सम्मान प्राप्त करके न केवल शिमलानगर को बल्कि पूरे हिमाचल प्रदेश को गौरवान्वित किया।	उन्होंने राष्ट्रीय स्तर का सम्मान प्राप्त कर न केवल शिमलाानगर के बल्कि पूरा हिमाचल प्रदेश के प्रतिष्ठित को बढ़ाने का बढ़ा।
7	हर एक जन में उपलब्ध कराने वाली यह पत्रिका वैश्विक रूप में परिव्याप्त है।	प्रतिबंध आदि के माध्यम से यह संवाददाताओं के द्वारा परिवार रूप में गरीब और बताने के लिए
9	यह दल के साथ सफलता को भागीदार बनाने के लिए असफलता का लक्षण है	दल के साथ सफल भाग में बोलने वाले ये मुख वाली मुख से लखागें
11	विभिन्न देशों से हज के लिए मक्का पहुंचे हजारों तीर्थयात्री आज दोपहर में अराफात स्टेडियम में एकत्र होंगे।	विविध देशों से मरीजों को एक मुकदमा के साथ आज दोपहर में होने वालेफाइनल में की चोंच पर बने रहेंगे।
8	सभी गौएँ बीस किलो जितना दूध देती हैं	सभी गाव मुझे यह कि्यान दूध दुहता है ।
7	इस प्रकार सुविज्ञ होकर हनुमान भीम के मार्ग पर जाकर सो गया।	इसी प्रकार सुविज्ञाय हनुमान जी ने भीम के रास्ते में जाकर
3	आठवें वर्ष पर्यन्त की थी।	आठ वर्ष की होने पर उस वर्ष की।
1	मतलब है	उपकरण
9	कीचड़ के मरने की खबर सुनकर उसने विराट से शोक करने का सोचा।	की ओर की मृत्यु का समाचार सुनकर वह नवटा से एक प्रतिशत करने के लिये सोचने लगा।
3	ऐसा मैं बोलता हूँ	ऐसा मैं बोलती हूँ।
11	अश्वत्थामा मारा गया है " अश्वत्थामा मारा गया है" यह प्रकार का समाचार क्षण भर में फैल गया।	अश्व इस प्रकार अश्व, "अ तथा अन्य का मेहनत करने से ही खुश होता है।
12	जनचेताना संस्थान के अध्यक्ष एस.सी. धीमान ने कहा कि अब भवन निर्माण काम जल्दी से शुरू हो गया है।	जनचत संस्थान के अध्यक्ष एस.सी. धीमान ने कहा कि अब भवन निर्माण कार्य शीघ्र से शुरू हो गई है।
4	मर्यादा पुरुषोत्तम कौन थे ?	मरक पुरुष कौन थे ?
19	मेघदत्त कालिदास ने कहा कि श्रेष्ठ लोगों से माँगने के लिए बहुत अच्छा है, नीचों से जो भी माँगा जाता है, वह विनाशकारी माना जा सकता है, याज्ञिक मोघावरमधिगुण के होने के नाट्य काम आ गया है।	मेघदूत ने कहा कि श्रेष्ठ लोगों को याचिका देने के लिए बहुत ही उत्तम है, वह (गही से जो भी माँगती है, वह उसका मत है उस पाइप में जोड़ा गया था, वह उसकी मूढ़ता को दूर करने में समर्थ नहीं हुए।
15	1998 में पाकिस्तान के सेना प्रमुख का पद संभालने वाले मुशर्रफ 1999 के कारगिल युद्ध के पीछे के मास्टरमाइंड थे।	1998 में पाकिस्तान के वे, पाकिस्तान के सिंगर के पद पर पहुंच गया था।999 में हुए युद्धप वे युद्ध की कीमत पर युद्धधार थे।
3	वृक्ष के ऊपर पक्षी शब्द करते हैं।	वृक्ष पर पक्षी कूजते हैं
13	उन्होंने कहा कि शिमला में जनसंख्या कम करने के लिए स्वातन्त्र्य के बाद पहली नगर योजना जाठियादेवी में विकसित की गई है।	उन्होंने कहा कि शिमला में जन संख्या को कम करने के लिए अपने एक शहर योजना के बाद पहली नगर योजना में विकलिया शहर में विकसित होती है।
4	शोध की मुख्य विषय है तत्संबंधी विकास की पूर्ण उत्कर्षण।	अनुसंधान के मुख्य विषय उसके लिए उसे बढ़ाना पूर्णास बात का पूर्ण की संख्या।
5	नदी जल स्वच्छ और आकाश बादलों से रहित दिखाई पड़ता है।	नदी का जल आकाश दिख रहा है।
4	वह लेटकर योगासन करती है ।	वह योगासन करती है ।
6	वह प्रातः छः बजे गाय को घास देती है।	वह प्रातः छः बजे गाय को घास देती है।
3	दोनों ने पढ़ा।	वे दोनों ने पढ़ा।
4	वर्ष में पद्मभूषण से सम्मानित था।	वर्ष पद्म आभूषण से सम्मान किया गया था।
3	वह मनन है	वह मनन है
1	घमण्ड युक्त	कोण
1	आपका	आपका
8	भक्त तीर्थस्थान जाते हैं चूंकि धर्म में आदर हैं।	भक्त तीर्थ स्थान जा रहे हैं क्योंकि धर्म में आदर है ।
4	उसके पास कोई भी नहीं है।	कोई भी नहीं है उसके पास कोई भी नहीं है।
10	सुतीक्ष्ण बोले हे अनन्तगुण अप्रमेय सीतापते ! में आपके ही नाम का मन्त्र जप करता हूँ। हे अभिराम राम! श्रीशिवजी और ब्रह्माजी आपके चरणाश्रित हैं, आपके पादपद्म संसार सागर को पार करने के लिए जहाज रूप हैं। हे नाथ! मैं सतत् आपका दासानुदास हूँ ॥	हे राम! आप काल के समय भक्तिपूर्वक संसार के स्वामी, शिवविरक औरभी दोनों ही चरण धारण किये हुए हैं। आपके मन्त्र का जो आदि राम हैं, उन श्रीपवनजन्दन श्री राम का ही आपका स्वार्जन बच्चे और राक्षस-सीई धारण किये हुए हैं ॥
6	और हे भारत ! तमोगुण को अज्ञान से उत्पन्न जानो; जो समस्त देहधारियों (जीवों) को मोहित करने वाला है। वह प्रमाद, आलस्य और निद्रा के द्वारा जीव को बांधता है।।	हे भारत ! तुम समस्त भूतों का मोह दूर करो। (है) ज्ञान की उत्पत्ति (सीचे हुए) ज्ञान से) प्रलय काल तक स्थिर है।
5	अधिकमें पहले ग्रन्थीको चीरकर रक्तादि निकालदे फिर संधानमक मलकर लेप (यथोचित ) करे ॥	जो फल की बोरहाद हो तो खावक आंगन को तोलाट (सींगड़ा) गुल्म तक तोपकाती जाती है ॥
8	केरल विधानसभा ने राज्यपाल को केरल विश्वविद्यालयों के चांसलर पद से हटाने की मांग वाला विधेयक पारित कर दिया है।	केरल विश्वविद्यालय के विश्वविद्यालय के कुलपति के द्वारा राज्यपाल तिरंगा इस उद्देश्य से केरल का उद्देश्य केरल को यह बात दिया गया है।
7	सरकारी विभागों के अलावा लोगों के लिए चरण भी उपलब्ध हैं।	सरकारी विभागों के अलावा लोगों के लिए चरणों की भी उपलब्धता भी उपलब्ध है।
13	जिस मनुष्य के गुणों की तारीफ दूसरे लोग करते हैं, वह गुणों से रहित होने पर भी गुणी मान लिया जाता है, परंतु यदि इंद्र भी अपने मुख से अपनी प्रशंसा करे तो उन्हें छोटा ही माना जाएगा।	हे इन्द्र! यदि गुणी गुणों से युक्त होने पर भी गुणों को प्राप्त नहीं होती, तब इन्द्रियाँ भी उसी प्रकार से योग्य होती है,
5	उसका पिता कौन है ?	उसका पिता कौन है ?
8	इसलिये राष्ट्र अपने योगदान को कभी नहीं भूलता है।	इसलिये राष्ट्र को जनरल जीरावरसिंह का योगदान नहीं भूलता है।
12	साथ ही उन्होंने कहा कि इस योजना के द्वारा सूरत शहर को पचास सौ से अधिक देशों के साथ जोड़ा जाएगा।	साथ ही कहा गया है कि इस योजना से सूरत शहर को पिछले साल देशों के साथ संयुक्त जो होगा।
9	कभीकभी लकड़ियां काटते हुए, कभी फूलों की बगिया सींचते हुए, कभी वृक्षारोपण करते हुए, कभी नएनए कार्यों का आश्रय लेने से, कभी ग्रंथों का ही अवलोकन करने से, कभी काव्य गुम्फन करने से, उनके दिन सदैव आनन्दपूर्वक व्यतीत होते हैं ।	लकड़ी, प्रलय, पुष्पसंचारनादि फूल, पेड़ और प्यास इन करके किसी एक करके नहीं होते हैं ऐसे बर्खर नहीं होते । ये श्रीबाबागुरुजी हैं जो डॉक्टरों द्वारा प्राप्त अपने हृदय में नहीं सणाचल (सदाकार) के द्वारा फूल रहते हैं।
13	AS ⁇  अध्यक्ष ने कहा कि विक्षेपण जून 2023 में होगा।	एएसआरओ ने कहा कि वह काउंट लॉन में एक उच्च संस्था अध्यक्ष से उच्चतम संस्थान द्वारा उच्च न्यायालय द्वारा किया जाएगा।
8	वास्तव में शान्त पाँचों ही तत्व पृथ्वी, जल, अग्नि, वायु और आकाश धरती के योग-क्षेम (अप्राप्त की प्राप्ति और प्राप्ति की रक्षा) के लिए समर्थ कहलाते हैं।	वास्तव में शान्त ही पाँचों
1	प्रकट हुई।	प्रकट हुआ
10	हिमाचल प्रदेश सरकार की सभी अनुबंध कर्मचारी महासंघ की बैठक और चुनाव भी आभासी माध्यम से आयोजित हुए।	हिमाचल प्रदेश के सर्वबंध (इन्द्रा) और महाबंधों के उपावरण से पूरा हो गया।
8	अभी मैं अपने पिता की राजधानी अयोध्या लौटाऊँगा।	अब मैं मेरे पिता की और अयोध्या को अयोध्या जाऊँगी।
6	इसकी ऊंचाई 10 फीट ऊपर की है।	इसके ऊपर 10 फिज बहुत-सी है।
9	उन्होंने कहा कि इन विषयों पर भारत को अपना परिचय प्राप्त हो गया है।	उन्होंने कहा कि इन विषयों पर भारत को स्वाधीनता तक पहुंचा है।
3	मंच पर	अंकिता – मंच पर
6	संतोष अपने पिता की अस्थियाँ नदी में प्रवाहित करता है ।	वह उसका पिता के हार्दिक नदी में हुई झुक रहा है ।
8	कितने लोग संस्कृत अभ्यास करते हैं ? उनकी संख्या गिन रहा हूँ।	कितने लोग संस्कृत अभ्यास करते हैं ? उनकी संख्या गिन रहा हूँ।
7	उदग्रयानों के माध्यम से क्षेत्र में निरीक्षण सातत्य के साथ चल रहा है।	पेटों के माध्यम से क्षेत्र में निरीक्षण किया जा रहा है।
4	हम लोग सामूहिक गीत गाते हैं।	हम सब सामूहियाँ गीत गाती हैं।
9	कौए ने कहा ऐसा ही हो। इसके बाद प्रातःकाल वे सब अपने अभीष्ट स्थान को चले गए।	कुछ लोग कहते हुए कहा- 'ये आप हैं।' ऐसा वह सब लीन हो गया।
10	उसी प्रकार वह षष्ठ हिंसक है, जो इस मांस को खाने के लिए परोसता है।	उसी प्रकार छठे हिंदी, जो तन्बी को खाता है उसका परशेय को खाता है।
6	इसीलिए हमीरपुर जिले को संस्कृत प्रतियोगियों को विजयवैजयन्ती पुरस्कार दिया गया है।	इसलिए संस्कृत प्रतियोगिताओं को विजयी पुरस्कार, हमीरपुर जिलों के लिए दिया गया।
9	सभी मंत्री, मुख्य सदस्य, कांग्रेस विधेयक अधिनियमक भी इस समारोह में भाग लेंगे।	सभी मंत्री, मुख्य संसद की अध्यक्षता, कांग्रेस के सदस्य भी इस समारोह का भाग लेंगे।
13	कल उज्बेकिस्तान के समरखान में आयोजित एससीओ शिखर सम्मेलन में दोनों नेता आमने-सामने मिले।	पिछले दोनों टीमों के सम्राट पद पर आयोजित सीना होने वाले दोनों सीधी पद की उच्चतम भी पहले देश में हुई।
6	एक बार मेहुल देर रात घर आ रहा था ।	एक समय मेहुल रात देर रात आ रहा था ।
8	इस मलिन व्यापार ने उसके लिये काम नहीं किया।	ये मैले आइप ने उसका काम नहीं किया।
10	उन्होंने कहा कि राज्य सरकार दिसंबर को एक वर्ष पूर्ण करने की जा रही है.	उन्होंने कहा कि राज्य सरकार दिसंबर को एक वर्ष पूर्ण करने में जा रही है।
1	बड़े शरीर वाला	महान्
10	कार्यशाला में आचार्यराधेश्याम, आचार्य मनोज, प्रवीण और दीपिका स्रोतपुरुष के रूप में उपस्थित होंगे।	कार्यशाला में आचार्यराधेश शर्मा, आचार्यमनोज, प्रवीण, और दीपिका के रूप में आयोजित की जाएगी।
13	इसलिये अपशब्द ज्ञान में न दोष है न धर्म है जैसे हिक्काहसितकण्डुयन आदि सहजक्रियाओं में न दोष है और नभ्युदय है।	इसलिए अपशब्द ज्ञान में न पीले, नहीं तो जैसे, जैसा हड़बड़ा रहता है, वैसे ही आधे अथवा मार डाला (चैलादि)। अथवा अपने शब्दों से अथवा धर्म की नहीं।
4	डेढ़ सौ युवक हैं	साथ-साथ युवतियाँ हैं ।
14	कांग्रेस ने सोशल मीडिया पर एक पत्र सार्वजनिक किया, जिसमें राम मंदिर के उद्घाटन समारोह में नहीं जाने का कारण दिया गया.	कांग्रेस ने सामाजिक मीडिया में से एक पत्र गेहूं को, जिस राम मंदिर के उद्घाटन समारोह में न जाने की निर्णय दिया।
10	इस युद्ध का नेतृत्व सनेठीग्राम के महान् रामभक्त पं. देवी दीन पाण्डे जी ने किया।	इस युद्ध का नेतृत्व सनेठी गांव के परम रामभक्त पं. देवीदीन पांडे आ गए।
29	उसी प्रकार उनका संस्था सोशल मीडिया से पहाड़ी टोपी, चोली, घागरी, पत्थर की शाल, पट्टा इत्यादि हिमाचली वस्त्रों की लोकप्रियता को पाने में भी असफल रही है, जिससे हिमाचली शिल्पियों के लिए राष्ट्रीय स्तर कीपणन हो सकेगी, और प्रामाणिक भी हिमाचली देखा जा सकता है।	इसी प्रकार उन संस्थाओं के माध्यम से पहाड़ी टोपी, खलीन हो, पॉवड, पट्टान को जब तक रास्ते में राष्ट्रीय स्तर की लयें मिल रही हैं, जिससे हिमाचल प्रदेश की ओर से राष्ट्रीय स्तर पर बाजार और प्रामाणिकों को भी प्रदर्शन किया जा सकता है।
10	ई.सन् 1306 से 1315 तक मलिक काफूर ने दक्षिण भारत में बहुत विनाश किया।	ई.सी.एस6 से अधिक को करती है कि मलिक नोट ने दक्षिणी लैंप और दक्षिण में बहुत एड़नीय एक घरेलू दक्षिणा किया।
3	अभी हल्दीलेपन हो रहा है।	अब हरिद्वार लेपन होता है।
4	आपकी पुस्तक.... ऐसी ही ।	आपकी पुस्तक हमारा पुस्तक है। इसी प्रकार आपका पुस्तक
5	काशी विश्व का प्राचीनतम नगर है।	काशी विश्व का प्राचीन नगर है।
4	बाल्टी भी खाली है।	बाल्टी भी खाली है।
12	श्री वैष्णव ने कहा कि कायवाईसी व्यवस्था मजबूत हो जाएगी, उल्लंघन करने वालों को कठोर दंड दिया जाएगा।	वैष्णव महोदय ने कहा कि कुछ भी किसी व्यवस्था को मजबूत किया जाएगा, और, उल्लेखकों का कठोर मन दिया जाएगा।
1	ढक्कन	आवरणीय
15	उन्होंने कहा कि आजकल कम यात्रा के लिए भी वाहनों का उपयोग हो रहा है, जिससे पर्यावरण को नुकसान हो रहा है।	उन्होंने कहा कि आज कम यात्रा के लिए भी वाहन का उपयोग होता है, जिससे पर्यावरण की हानि होती है।
5	मैं अब दूरदर्शन मे नाटक देख रहा हुँ।	मैं अब दूरदर्शन देख रहा हूँ
8	हिमाचल प्रदेश के पचास युवा किसान आधुनिककृषि विधि को समझने के लिए जापान जाएँगे।	हिमाचल प्रदेश के एक सौ सौ युवा युवा आधुनिक से आधुनिक प्रकार की कोशिश करने के लिए
5	प्रकृति का दर्शन कब करते हो ?	प्रकृति का दर्शन कब करते हो ?
16	रेल मंत्री अश्विनी-वैष्णव ने कहा कि अमृत भारत-रेलवे के संचालन की सफलता के बाद, 50 अन्य रेलगाड़ियों को भी मंजूरी मिल गई है।	रेल मंत्री अश्विनी-वैष्णव ने कहा कि अमृत भारत- रेलगाड़ी के संचालन की सफलता के बाद अन्य पर्दे रेलगाड़ियों का मंजूरी भी मिल गया है।
4	मैं जल्दी जाता हूँ	मैं जल्दी जाता हूं
15	आत्मा की खोज में एक समय आता है जब हम सभी को जो कुछ भी सीख लिया जाए वह सभी ग्रानिक ज्ञान भूल जाना चाहिये।	आत्मान्वना में एक समय आता है जब हम भी अध्ययन करके उसे ज्ञान प्राप्त करना चाहिये।
5	विशाल कुल में उत्पन्न होने से क्या, यदि मनुष्य विद्याहीन है	कुल ने विशाल और विद्या से रहित के दिल्ली।
11	इत्यादि प्रश्नों को 'एक दूसरे' यह क्रमशः पूछते और उत्तरी ओर देखते थे।	इत्यादि था''एशों को दूसरे से दूसरे किया जा रहा था, और उत्तरी दिशा को देखकर वह देखकर देखते थे।
4	वो भारतरत्न थे ।	वह भारत रत्न भी थे ।
7	कोई भी जिज्ञासु में प्रवेश पा सकता है।	कोई भी जिज्ञासा उस प्रवेश पा सकता है
6	आज मैं यतीन्द्र सान्याल को याद करता हूँ	आज मैं यतीन्द्र सिकाल को याद कर रहा हूँ ।
4	अनावश्यक वस्तुएँ निकाल रहा है ।	अना जरक वस्तुएँ निकाल रहा है ।
1	टुकड़ा	टुकड़ा ।
6	जगत् के दो भेद हैं स्थावर और जंगम ॥	लोकके प्रथम शरीरके किसीको (है) और जंगम ( चराचर), ज:है ॥
9	यह दल के साथ सफलता को भागीदार बनाने के लिए असफलता का लक्षण है	दल के साथ सफल भाग में बोलने वाले ये मुख वाली मुख से लखागें
6	अभिनेत्री सिमरत कौर चलचित्र की नायिका हैं।	तथा सिमरत कौर की और फिल्म की और फिल्म है।
7	सिक्खों के देवालय को हम गुरुद्वारा नाम से जानते हैं।	सिक्खों के देवालय हम गुरु के नाम से जानते हैं।
3	वृक्ष से फल गिरते हैं।	वृक्ष से फल गिरते हैं।
3	श्रुति संस्कृत गाने गाती है।	वेद संस्कृत गीत गाती है।
4	अभी मैं नागपुर जा रहा हूँ।	अभी मैं नागपुर जा रहा हूँ।
8	परमाणु हथियारों के विकास को देखकर सामरिक नीति बदल जाती है। सेना के छोटे टुकड़ों में विभक्त हो जायेंगे।	दूसरे के उनके विकास को देखकर सामग्रियों को बदल दिया गया है। स की तथा अन्य छोटी सीभक्त होंगे।
17	एक सामाजिक नेटवर्क पर-सन्देश में श्री धनखड़ ने लिखा कि पूरे देश में उत्सव का वातावरण है, यह राष्ट्रीय गौरव के पुनर्जागरण का प्रतीक है।	एक सामाजिक संजयीय- संदेश में श्रीधन शर्मा व्यग्र हो गया है कि देश में उत्सव का वातावरण है, इस राष्ट्रीय गौरव का पुनर्गरण करने का प्रतीक है।
7	इस प्रकार पं. मदनमोहन राय का वचन कई लोगों का भी प्रेरणा कर रहा है.	इस प्रकार पंदनमोहन को कई चेतन चेतावनी भी यूरन हैं।
5	फिर भी सामा बहुत गुणवती है ।	फिर भी सामा बहुत गुणवती है ।
4	उसके पीछे कोई भी नहीं है।	उसके पीछे कोई भी नहीं है।
6	वहाँ वह लोगों को पूजा करते हुए देखती है।	वहाँ वह लोगों को पूजा करते हुए देखता है।
9	केवल उसका नाम जप करके हम भारतीयों को धन्यता का अनुभव करते हैं।	केवल उसका नाम जप करके हम भारतीय Sin ⁇  अनुभव अनुभव करते हैं।
1	आक्षेप करती हुई	चढ़े
10	उन्होंने कहा, इस मामले में भाजपा लोग भी राजनीति न करें।	उन्होंने कहा कि इस मामले पर भाजपा भी ।
27	अच्छा वह था कि लोगों की जागते रहने के कारण आग्नेयास्त्र विभाग और उसके दल के आने के कारण मुख्य मंदिर के चारों ओर के घरों को भगाया जा सकता था अन्यथा लोचा रिम्पोचे में मुख्य मंदिर का बहुत कष्ट हो सकता था।	साधु थी कि लोगों के सैर के कारण खूबसूरक विभाग के पार्टी के कारण मुख्य मंदिर के परम मंदिर को घर में ले जाया जा सकता है। अन्य लोमियों को मुख्य दुःख देने में समर्थ थे।
6	मैं उस सीढ़ी से दूसरी मंजिल गया।	मैं उस सीढ़ी से दूसरी मंजिल गया।
4	मोर साँप को मार कर खाता है।	मोर साँप को मार कर खाता है।
11	रमानाथ श्रीरामचन्द्र को देखकर अहल्या के नेत्र हर्ष से प्रफुल्लित हो गये और उनको मुनिवर के वाक्यों का स्मरण हो गया। तब भगवान श्रीरामचन्द्र को साक्षात् नारायण जानकर अनिन्दिता अहल्या ने अर्द्ध, पाद्य, अर्चन आदि द्वारा उनका विधिवत् पूजन कर आनन्दाश्रुपूर्ण नेत्र होकर साष्टांग दण्डवत् प्रणाम किया ॥	राम को देखकर, युद्ध में हर्षविद् हो गया और हर्षपूर्वक तपकर परम ऋषि को नमन किया। जो मुझे ही दुःख देने के लिए बितरे सामने आ रहे हैं, उन श्री राम के वचन को वर देकर उन्हें खतरा बनाकर ही मार डाला ॥
8	मानव विकास समिति के अध्यक्ष और कुलदीप पाठक सदस्य बनेंगे।	मानव विकास समिति के अध्यक्ष और कुलदीप पाठक सदस्य बनेंगे।
10	धर्म की रक्षा के लिये जिन्होंने काम किया उन्हें भी प्रायः हम नहीं जानते हैं।	धर्म की रक्षा के लिये जिन्होंने काम किया उन्हें भी प्रायः हम नहीं जानते हैं।
8	इसका आरंभ नरेंद्राचार्य ने किया, जिन्होंने 700 सूत्रों में व्याकरण किया।	इसके उद्घाटनक नरेन्द्र पर आधारित जो 700 सूत्रों में व्यास का खतरा गया।
13	क्योंकि कोयल का स्वर ही रूप है, स्त्रियों का पातिव्रत्य ही रूप है, कुरूपों का विद्या ही रूप है, और तपस्वियों का क्षमा ही रूप है ।	कोयल का पतन रूप से पति का रूप धारण करता है, दूसरे को तुम विद्या से युक्त कर दें। क्षमा करना, सभी प्राणियों का नाश करना, क्षमावान् मनुष्य समान है
6	पहली बार वह सिनेमा में सुपरहिरो बन जाता है।	पहली बार वह फिल्म में सुपरह होने जाता है।
1	मान्य ।	प्रमाण
5	पाँच मित्र एक साथ यात्रा करते हैं।	पाँच मित्र एक साथ यात्रा करते हैं।
13	परन्तु वे दिव्य घोड़े भी रावण के बाणप्रहार को प्राप्त कर के पद्मनालिव के समान अपने हृदय में स्थित हुए।	लेकिन वे मेरी महान् अश्वनी रावण के बाणों को प्राप्त करके भी पद्म वाले बैंगन से रहित होकर स्वस्थ हृदय से रहित होते हुए भी वे बचने के लिए खड़े हैं।
6	आज केशव की माता जी का स्वास्थ्य ठीक नहीं है।	आज। की माता जी का स्वास्थ्य अच्छा नहीं है।
6	जयराम सरकार ने संसाधनजनन के लिए कोई भी प्रयास नहीं किया।	जयराम सरकार ने संसाधनों के लिए कुछ भी प्रयास नहीं किया है।
3	सब केवल पढ़ते हैं।	सभी केवल पढ़ते हैं
24	भारत में संयुक्त राज्य के राजदूत एरिक गार्सेट्टी, भारत में ब्रिटिश-अभिलेषित राजदूत एलेक्स एलिस, भारत में कोलम्बिया-देश के राजदूत डॉ. विक्टर एचेवेरी जरामिलो, जर्मनी-महावाणिज्य दूत कोलकाता बारबारा वोज़्स को अतिथि के रूप में शामिल किया गया।	भारत में संयुक्त राज्य के राजदूत एंट गार् और भारत में ब्रिटिश-उच्चि परक्स का राजा एलकोर, भारत में कोचिया-देश की राजदूत, जर्मनी-राई-देश के राजदूत जबनी-महादेनी, जर्मनी- पर केराइरा, जर्मनी-एनी भी शामिल है।
1	पत्र  ⁇ एक '	बिना कारण के
19	नई किस्मों को देखने के प्रति जागरूकता, शोधन, निरीक्षण को भी मजबूत किया जाए, एनटीएजी ऐ मेधावी दोएनके अरोड़ा ने कहा।	नई दोनों को नई घों से बँध गया, यह शोध और निष्पापता को समाप्त कर दिया गया है।
4	संसारमें प्राणिगण चार प्रकारके हैं ॥	वहाँ चार प्रकार की एक पूर्व तरह-ग्रके साथ गोल-कपड़कते हैं ॥
22	करवर्धिनी की अंतिम पारी जगद्गुरु श्री चंद्र संस्कृत महाविद्यालय की स्वामीदर्शनानन्द- गुरुकुल- कॉलेज और ज्वालापुर के बीच हुई जो स्वामीदर्शनानन्द थी- गुरुकुल-कॉलेज ज्वालापुर की टीम ने श्रृंखला में जीत हासिल की.	करणनी के अंतिम सत्र श्रीचन्द्र संस्कृत महाविद्यालय श्रीचन्द्र संस्कृत महाविद्यालय के स्वामी दर्शन- गुरुकुल- कॉलेज के बुखुर के बीच हुई, जिस स्वामी के बुलेस- गुरुकुल- कॉलेज के ज्वालुओं के टीम श्रृंखला में जीत हासिल हुई।
1	ज्यादा	अधिक।
7	उससे पहले वे कहाँ रहते थे ?	उससे पहले वे कहाँ रहते थे ?
1	की उपस्थिति में बंद करने के लिए	ये दोनों को सुने
7	विषयों का चिन्तन करने वाले पुरुष की उसमें आसक्ति हो जाती है? आसक्ति से इच्छा और इच्छा से क्रोध उत्पन्न होता है।।	इस प्रकार यह पुरुष विषयों के द्वारा उत्पन्न किए जाने पर भी वह (इसी प्रकार) ही कामवासना उत्पन्न होता है। काम से रहित (वठे) होता है
9	नीरज -नमस्ते , नमो नमः । कैसे हो तुम ?	नीरज -तुम्हारे नमस्कार है , कैसे हो ?
6	अब भारत के जनसांख्यिकी लाभांश का लाभ अपेक्षित है।	अब भारत की जन आख्यी की लाभान्वित है।
9	हवाई जहाज बहुत ध्वनि करता है कार थोड़ी ध्वनि करती है।	वायुयान बहुत आवाज़ करती है।
8	पृथिवी पर भी चन्द्रमा के छाया के कारण ग्रहण सम्भव है।	पृथ्वी पर ही चंद्रमा की छाया का कारण ही ग्रहण करना चाहता है।
12	यात्रियों-वस्तु-कर से 65.2 करोड़ रुपये, विद्युत्शुल्क से 5.500. 85 करोड़ रुपये, अन्य वाहनों से 1,242 करोड़ रुपये की आमदनी होगी.	यात्रियों-ए-कर से 65.82 करोड़ रुपये, बिजली से 55.50 करोड़ रुपये, अन्यकर, 122.40 करोड़ रुपये का आय होगा।
7	मेरे पास केवल इतना ही धन है ।	मेरे पास केवल इन ये लड ही धन है ।
7	लाहौल, स्पीति जिले के चंद्रताल, सूरजताल और सिंह सु-सरोवर बर्फित हो गए हैं।	लाहौल-स्ांड जिले के चंद्रताल- सूर्य की गर्मी-सेससुन्दर-वसुदेव हीमी हो गए हैं।
6	तब वो तीन सुकेशपुत्र कृतार्थ हुए।	फिर तीनों सुकेश पुत्र का कृतकृत्य हो गया।
5	कहीं भोजन किया वा नहीं ?	क्या कोई भी भोजन किया है ?
14	श्रीराम जन्मभूमि मंदिर की ऐतिहासिक क्षणभर की प्रतीक्षा देश भर में करोड़ों रामभक्त श्रद्धा से प्रतीक्षा कर रहे हैं।	श्रीराम जन्मभूमि मंदिर की प्राणप्रतिष्ठा के ऐतिहासिक क्षण के क्षण भर में एक हीराभक्त रामभक्त श्रद्धा से श्रद्धा से कह दिया गया है।
5	जहाँ परिश्रम हैं, वहाँ असफलता कहाँ?	जहाँ परिश्रम, वहाँ कहाँ होती है?
6	चुनाव- आज से विक्रय होगा।	चुनाव-आन्धि के विक्रय आज से शुरू होगी।
7	समान विचार और व्यवहार होने पर मैत्री होती है - यह एक सूक्ति है।	समान रूप से मैत्री यह एक सूक्ति है।
11	निःसन्देह मेरे प्राण अभी निकलने वाले हैं। पूर्वसमय में मेरी मूर्खता के कारण एक मुनीश्वर ने मुझे शाप दिया था ॥	इस समय मेरे प्राणाधारित कमल के समान प्राण में सुख होता है। उसी समय बच्चे जी ने किसी प्रकार से पूछा था ॥
3	लड़के विद्यालय जाते हैं ।	बालकों के द्वारा विद्यालय जाया जाता है।
7	बेटा ! झूला धीमा करो।	बेटा ! बेटा ! दुहाई धीरे।
9	उन्होंने कहा कि अयोध्या धाम्नि श्रीरामलला की प्राणों की उन्नति का बीजरूप है।	उन्होंने कहा कि अयोध्या धाम में श्रीरामलला की प्राणप्रतिष्ठा का बारे है।
18	नाव इसराइल से जुड़ा हुआ है, आवेदन है। हमला भारत के दक्षिण-पश्चिमी हिस्से में वारावल के तट से 200 समुद्री मील दूर हुआ।	नौका है कि भारत का वजन तक पहुंचने से जुड़े है। भारत के वारात तीरियों से 200 रही है।
9	खेल-मंत्रालय ने कई प्रावधानों का उल्लङ्घन करने के कारण नवनिर्वाचक भारतीय को चुन लिया- मल्ल-खेल-बहुतायत संघ को निलंबित कर दिया गया.	खेल मंत्रालय द्वारा कई प्रावधानों का उल्लंघन करने के कारण नौ चुनाव के कारण भारतीय- मल्ल पर भारतीय- में निगरानी निष्पाप हो गया है।
8	वश में किया हुआ चित्त जिस कालमें अपने स्वरुपमें ही स्थित हो जाता है और स्वयं सम्पूर्ण पदार्थों नि: स्पृह हो जाता है, उस कालमें वह योगी कहा जाता है।	जब मनुष्य एक ही ज्ञान प्राप्त करता है तब तक वह अपने आत्मा में स्थित नहीं है, तब वह समभाव से युक्त पुरुष सब कुछ सर्वज्ञ ही युक्त हो जाता है, तब वह सब देवताओं का अतिशय भी ही समझता है।।
3	माता पिता और गुरुजनों का सम्मान करना उचित है।	माता और गुरु लोगों को सम्माननी चाहिए।
10	मुख्यमंत्री ने कहा कि बिजली महान देव-रोपवे-निर्माण के लिए केंद्र-राज्य सरकारों के बीच ज्ञापन पर हस्ताक्षर किए गए।	मुख्यमंत्री ने कहा कि भाजपा महा महा-रोपवेल के निर्माण के लिए केंद्र-राज्य सरकार के बीच आयोजित किए गए पत्र में हस्ताक्षर किए गए हैं।
9	इला -चिंता मत करिये भैया ! अब चित्र ले लीजिये।	इलाज चिन्ता न करें भैया ! अब चित्र एक ही हो)
11	जो धन्यवाद , कृपया , क्षम्यताम् , स्वागतम् आदि शब्द बोलता है	जो धन्यवाद , कृपा से , क्षमा, स्वागत इत्यादि शब्द बोल रहे हैं ।
4	अन्य पात्र छोटे ही हैं।	अन्य पात्र छोटे ही हैं।
9	इस ऐतिहासिक दृश्य में पूरा शहर फूलों, प्रकाश और दीवारों के चित्रों से सुशोभित है।	इस ऐतिहासिक क्षण में पूरा शहरों द्वारा प्रकाशित दो फिल्मों को सुकर्मा की फिल्म में ध्यान किया गया है।
4	प्राचीन विमान कला का शोध	पुरानी आकाश की शोध
8	वह जो सेव बेचती है वो बहुत मीठे हैं।	वह जो सेव बेचती है वो बहुत मीठे हैं।
17	राजकीय वरिष्ठ माध्यमिक विद्यालय-टीएमबी द्वारा राष्ट्रीय शाश्वत समाज सेवा फौंडेशन नामक संस्था का उद्घाटन दिवस मनाया गया।	राजकीय वरिष्ठ विद्यालय विद्यालय- टिम्बी में राष्ट्रीय में राष्ट्रीय सेवाएं फा लिएसं तबे संस्थान की स्थापना दिवस मनाया गया।
4	कौन दान देता है ?	कौन दान देता है ?
4	तीन लड़कियां जा रही हैं।	तीन लूटे हुए उनके कन्याएँ जाती हैं ।
15	उन्होंने कहा कि यदि कोई भी व्यक्ति द्वेष पालता है तो वह शुद्ध श्रीरामभक्त नहीं हो सकता।	उन्होंने कहा कि अगर कोई भी व्यक्ति द्वेष नहीं करता है तब वह शुद्ध नहीं हो सकता है।
4	बेल के पेड़ से सारे पत्ते गिर गए हैं ।	बेलियों से बाहर हो गए हैं।
11	परमिन्दर – प्लास्टिक के मिट्टी में नष्ट न होने के कारण हमारे पर्यावरण की महान् हानि होती है।	परमिन्दर् – प्लास्टिक के मिट्टी का मिट्टी लापता से हमारा पर्यावरण की पर्दा होती है।
3	कचरा डब्बे में डालती है।	कूड़ा में रखी पैंट में रखती है।
16	हाँ, और एल.एसएलबी वृत्ति के जीवन के साधन एमएम कलाशाला जलगांव के बीच पहुंचकर जलगांव के बीच न्यायवादिनी बन गई।	एमए, और एल्.एसकी एल्की पदवी नमन, जे. कलाशाला, पानी और अन्य लरे हुए कामों के कारण न्यायवाक्षत होकर नौ जीवन कर रहे हैं।
7	और क्या, रेलगाड़ी से मैं वहाँ परसों जाऊँगा	अब क्या कर, धध से मैं वहाँ परसों जाऊँगा।
3	वन जायें।	वन जाइए।
10	यह सच हो जाएगा, क्योंकि उसकी घोषणा भी बस में की गई है.	यह साधनों का की घोषणा होगी, क्योंकि उसका घोषणा बज रही है।
5	माता पुत्र से सांप मरवाती है	माँ पुत्र से साँप को मारता है।
17	इसके अलावा, पुलिस ने मादकद्रव्य अभियान के सात मामलों को आगे बढ़ाने के लिए प्रवर्तन कार्यालय को भेज दिया, जिसमें करोड़ रुपये का धन शामिल है।	इसके अलावा, पुलिस ने बड़े समुद्र के समान कार्य करने वाले के सात मामले आगे कार्यविधि को आगे भेजने की में आदेश जारी किया है, जिनमें करोड़ रुपये से संबद्ध है
3	मैं सुनना चाहता हूँ।	मैं सुनना चाहता हूँ।
20	मिलते समाचार के अनुसार, कल उत्तर प्रदेश से नमोज कुमार निगम और डॉ. अखिलेश रानी का बेटा''अक्षतः''इस जन्म दिवस पर आयोजित जनसंचार-फेसबुक-बीच में एक-विशेषा-प्रतियोगिता का आयोजन हुआ.	प्राप्त के अनुसार, कल उत्तर प्रदेश से नमोज कुमार निगम और डॉ. अखिलेश जी का पुत्र''अक्षतः''इस जन्म दिवस पर आयोजित जन्म दिवस पर आयोजित एक-भारत-बीच में एक-ूक-ू-एक विशेष का आयोजन किया गया.
16	परन्तु वह भी मनुष्य महान् कहलाता है, जो इस संकुचितता की क्षुधाओं से ऊपर से ऊपर उठाकर इस संसार के मित्रों को और मानव प्रेमियों को पुनर्गत धारा में बिठा लेता है।	परन्तु वह मानव जीवन से युक्त है जो धन की तथा मानवता की जाती है, वह विश्व के ऊपर के प्रति एक मनुष्य और मानवता के कारण यह मानवता का कारण है।
1	चला आ रहा है	हुआ है
11	यदि सदन इस मामले में तैयार रहता है तो उसका विचार कर सकते हैं।	यदि सदन इस विषय पर सहमति होती है तो उसका विचार किया जा सकता है।
10	मैं उनके बहुत व्याख्यानों में देख रहा था युगपत् हिन्दी-संस्कृत अंग्रेजी भाषा में।	मैं वे बहुत व्याख्यानों में देख रहा था-संस्कृत अंग्रेजी में अंग्रेजी-संस्कृत अंग्रेजी में।
8	जैसा अभिनय मोहन करता है वैसा अभिषेक नहीं करता है।	जैसा मोह होता है, वैसा ही अभिश न होता है।
9	यह मन ही लिङ्ग देह या जीव कहलाता है।	यह मन ही लिङ्ग का शरीर है या जी।
8	जो स्थिरबुद्धि, संमोहरहित ब्रह्मवित् पुरुष ब्रह्म में स्थित है, वह प्रिय वस्तु को प्राप्त होकर हर्षित नहीं होता और अप्रिय को पाकर उद्विग्न नहीं होता।।	नये नये इस (क्योंकि) नचिकेता से भी अधिक प्रेम नहीं चाहता, स्थिर बुद्धि वाले पुरुष ब्रह्मलोक में स्थिर रहते हैं।।
11	खुशी के लिए कालाराम-को मन्दिर में देखकर गोदावरी नदी की बड़ी-बड़ी नदी में भी गई।	सुखू काल काल में दर्शन देने वाली विधायक गोदा नदी नतीजे- आरती भी की गई.
9	पौने सात बजे से साढ़े सात बजे तक स्वाध्याय भी हो गया।	पौने सात बजे से सात बजे तक स्वाध्याय भी हुआ।
6	आज एक लड़का मेरी ऑफिस में आया।	आज एक युवक मेरा कार्यालय आया।
5	बच्चों में भी आप हैं ही।	बच्चों में भी आप हैं ही।
7	एटली की अग्रिम फिल्म में वरुणवन मुख्यभूमि पर दिखाई देता है।	एटली की आगे से फिल्म में वरुणधवन मुख्यभूमि पर दिखाई पड़ती है।
4	द्रव्य के दान से पुण्य होता है।	द्रव्य के दान से पुण्य होता है।
1	और चिंता	वरण करो
8	यूक्रेन पर रूस के औपनिवेशिक आक्रमण के बाद पहली बार पुतिन-मोदी केंद्रित चर्चा पूरी.	यूक्रेन ने रूसी पैदा होने के बाद पहली बार पहले ही पुतिन-मोदी ने अभिषान किया है.
9	मकरसङ्कलान्तू दूर देश से भी सनातन हिंदू लोग स्नान के लिए यहाँ आते हैं ।	मगरमच्छ और दूर से दूरदर्शन से भी सनातन हिंदू लोग स्नान के लिए लोग खड़े हैं।
4	विष क्या है? गुरुओं की अवहेलना।	क्या विषय है? अवधी-टूंथना ही गुरु है।
3	मंच पर	अंकिता – मंच पर
8	वह अगरतल्ला , कोहिमा और दीमापुर जाएगी ।	वह अगरतौर पर कोहिमा और दीमापुर जाएगी ।
3	सिंधुबाग मार्ग से सम्मेलन स्थल जाएगी।	समुद्रबाबा का एक बड़ा डुगाता रहता हूँ।
9	कभी हजारों सिंह, बाघ, भालू, गेंडा, सियार, खरगोशों से व्याप्त जंगलों को नगर बना देते हैं और कभी मन्दिरों, राजमहलों, अट्टालिकाओं, चौराहों, चबूतरों, उपवनों, सरोवरों और गोशालाओं से भरे नगरों को जंगल बना देते हैं।	सिंह-कोघादिक गण्डकी- (पारी)-, पर्वत की लापता (उधिज) जन-जन तक जमा करती है, मन्दिर-प्रासाद-हैटों से संकेत मिलता है। शहर-प्रो-गोश- सरकार, शहरों के नगरों को कानूनी में कानूनी बनाती है।
1	बहुत से फूल	फूल
3	बाद में हीरजीभाई खड़े हुए।	बाद में हीरजीभ्राता उठे।
12	पिछले-एक वर्ष हमने जो अतिरिक्त संसाधन इकट्ठा किया है वह कर्मचारियों के लिए बजट में घोषित किया गया है।	पिछले साल होने में हमें जो अलावा ज्ञानचारा सराहनीय कर्मचारियों को बजाने के लिए घोषणा की गई है
3	माल रेल भी जाती है।	पत्नी भी जा रहे हैं।
15	कन्ग्रेज सर्वेक्षण में भारत आर्थिक परिमाण में शीर्ष पर था, जो स्थान जब तक कम हो गया है, अब यह चौथा स्थान पर ले जाने की तैयारी कर रही हैं।	कांग्रेस सरकार को आर्थिक कर दिया गया है, जो स्थान पर कम से कम कर दिया है, अब चौथे स्थान को देने के लिए तैयार किया जा रहा है।
6	वहाँ कोई नहीं था	वहाँ कोई नहीं था।
8	उसके सींग रत्नमय, खुर मणिमय और नेत्र नील रत्नमय थे। इस प्रकार बिजली की छटा और मनोहर मुखवाला वह मृग श्रीरामचन्द्रजी के आश्रम के पास सीताजी के सामने वन में विचरण करने लगा ॥	आज अपने शरीर के कान्ति को ही राक्षस के समान है। बिजली के घबराए हुए बिजली का भस्म हुआ तथा बिजली के समान विशाल वन में मे बलपूर्वक डूबती है। इस प्रकार जो वन में रहते हैं, वन के भीतर विचरते हैं।
17	तब शास्त्री डिप्लोमाधारकों ने राज्य सरकार से आग्रह किया था कि इस में बी.एस या स्नातकोत्तर छात्रों को गिरफ्तार नहीं किया जाना चाहिए.	तब शास्त्री डिप्लोमा पर राज्य सरकार से आग्रह किया गया था कि इस नियुक्त को बी.एसएड के नजर ग्रहण करने चाहिए।
14	मध्य जापान में एक शक्तिशाली भूकंप का तीव्रता चौदहवें भाग के ऊपर सातवीं स्थान पर मापी गई है-रिक्टर-माप में माप की गई है।	मध्य प्रदेश के एक बल में एक बल का अनुभूति इस भूकंप से डरे हुए चार-किस-यह के बाद सात-छहरेक एक है.
8	इस अवसर पर आचार्य तुलसीदास परौहा जी, विश्वविद्यालय के रीवा परिसर विशेष रूप से उपस्थित थे।	इस अवसर पर आचार्य के प्रलय पर पार्वती जी विश्वविद्यालय के की रीति परिसर की सेकर विशेष रूप से उपस्थित थे।
2	ये ही साधु के लक्षण हैं।	यह साधक का लक्षण है।
1	कहती हूँ	कहता हूँ
3	वह इधर-उधर घूमता हैं।	वह यहाँ वहाँ घूमता है।
3	चाचा चाची नहीं हैं ।	चाची गुदड़ी नहीं हैं ।
4	यमुना नदी के प्रदूषण ने नई आशंकाएँ पैदा कर दी हैं।	यमुनाननदी ने नई कागनातीन है।
11	हमारे सभी के लिए सौभाग्य है कि हम इस क्षण का दृश्य पाते हैं।	हमारे सबके लिये सौभाग है कि हम इस क्षण का दर्शन पाते हैं।
7	काङ्ग्रेस में डर या आशङ्का नहीं है।	कांग्रेस का भय क्या नहीं है।
16	रात की स्त्री को कोई नहीं स्पर्श करता, चाहे वह माता हो या बहन, बेटी या कोई।	रजस्वल की स्त्री कोई भी स्पर्श नहीं करती है, जबकि वह माँ हो सकती है, बेटी या होले में भी कोई हो सकती है।
6	अब गुजरात के राजभवन में वे यज्ञ करेंगे।	अब गुजरात के राज भवन में वे यज्ञ करेंगे।
4	सूंड से हाथी भार ढोता है।	हाथ से हाथ को ढोता है।
1	गर्मी के दोष	लौंग
9	शनिवार सुबह 10 बजे मार्कर ने सड़क आंदोलन का आरम्भ किया.	शनिवार सुबह बजे मार्गकर के रास्ते से पथचल का आरम्भ हुआ।
9	जो संसारसागरमें गिरे हुए हैं, [सुख-दुःखादि] द्वन्द्वरूपी वासे आहत हो रहे हैं, पुत्र-पुत्री, स्त्री आदिके पालन पोषणके भारसे आतं हैं और विषयरूपी विषम जलराशिमें बिना नौका डूब रहे हैं, उन पुरुषोंके लिये एकमात्र जहाजरूप भगवान् विष्णु ही शरण हों	आप लोग इन दोनों को ही तुम प्राप्त नहीं करना चाहिये और सुतबताने के लिए आकस्मिक महातरा रहते हुए ऐसे विषयों का जोरा में हुआ था, ऐसे स्त्री को प्रसन्न करने वाले विष्णु देव को प्रसन्न करने वाले हो।
13	जाति--आधारित रॉयल टेनिस से दूर स्थित गाँव-निवासी, प्रतिकूल-चुनाव में विरोधियों के सर्वदलों की राशि के संग्रह से जीत लिया।	जाति-आधारित परजाबित दूर-निवासी, सेकवासी चुनाव में विरोध जेंडा, उन्होंने जीत हासिल की।
1	बादलों की माला को	(मेरे द्वारा)
13	सूचना के अनुसार चंडीगढ़ के केंद्रीय न्यायिक विज्ञान प्रयोगशाला के विशेषज्ञों ने मंगलवार सुबह एक विशाल आग्नेयास्त्र के कारण की खोज की।	सूचना के अनुसार चंडीगढ़ के केंद्रीय न्यायिक विज्ञान प्रयोगशाला के विशेषज्ञ ने मंगलवार को वहाँ आकर वहाँ आकर इस आग की आग का कारणों से खोज की।
10	उसी प्रकार सच बोलने वाला मनुष्य झूठ को मन से भी नहीं चिन्तन करता है।	वैसे ही सच बोलने के लिए जनो से वह भी कहता है।
4	वह सुख प्राप्त करता है।	वह सुख प्राप्त करता है ।
4	उसके बाद टोकरी में सेव रखती है।	उसके बाद टोकरी में सेवक रखती है।
14	हर्षवर्धन चौहान जी कल बद्दी क्षेत्र के विभिन्न विभागों, विभिन्न उद्योग प्रतिनिधियों और अधिकारियों के साथ बैठक की अध्यक्षता कर रहे थे.	हर्षवर्धन चौहान ने कल बद्दी क्षेत्र के विभिन्न विभागों के विभिन्न विभागों के लिए विभिन्न, सहमति बैठक की अध्यक्षता करते हुए आयोजित बैठक की अध्यक्षता कर रहे थे।
10	केंद्रीय प्रशासन ने कहा कि सातनीस ऊपर पांच सौ स्थानों को अब तक दिव्य अंगों के लिए सुकर बनाया गया है।	केंद्रीय प्रशासन ने कहा कि सातन के लिए के लिए रेल स्टेशन को अब तक दिव्य जा रहा है।
8	वहाँ पीछे के भाग में सुनाई दे रही है ?	वक्ता – वहाँ पीछे भाग ले रही है क्या ?
8	मेरा पैर, मेरा हाथ.... मेरा शिर... मेरा मुख... ।	मेरे पाएँ, मेरे हाथ हैं , मेरे मुख,
1	सुगन्ध	सौरभ पर सारी
5	अहमदाबाद के कौनसे विस्तार में थे?	कर्ण के कौन से विस्तार विस्तार में थीं?
10	क्योंकि देहधारी पुरुष के द्वारा अशेष कर्मों का त्याग संभव नहीं है, इसलिए जो कर्मफल त्यागी है, वही पुरुष त्यागी कहा जाता है।।	इस प्रकार अन्य कर्मों को त्यागकर भी निष्पाप नहीं किया जा सकता, जिसको काम का इच्छुक कर्म (अज्ञान का) किया जाता है, वह कर्म (चराचर जगत्) का विचार किया जाता है
19	इसके अलावा जयसिंहपुर में होली मेला, जिला बिलासपुर के अजमेर (भराड़ी) ग्रीष्मकालीन महोत्सव, संगला होली महोत्सव, गंगाथ- जिला स्तरीय होली मेलाओं में उठाने का भी निर्णय लिया गया है.	इसके अतिरिक्त जयसिंहपुरलीली, जिला बिलासपुर की अजमेर (भराड़ी) ने ग्रीनहाउस में बच्चे महोत्सव, दीप प्रज्ज्वलन, महानथ- कारुाराज मेला का भी आयोजन किया।
4	आर्यों का मूल देश भारत देश है ।	आर्यों का मूल देश भारत देश है ।
9	उन्होंने कहा कि राज्य सरकार ने कर्मचारियों से 4 फीसदी बड़ा भारी वेतन घोषित कर दिया है.	उन्होंने कहा कि राज्य सरकार ने कर्मचारियों को 4,000 फीसदी बड़ा घोषणा की है।
4	गैस चूल्हा उसे पसन्द नहीं है।	वायु सर्जुना पसंद नहीं है।
12	राज्य के चारों संसदीय क्षेत्रों में सर्वेक्षण करके उत्तमवेदकों का नाम परीक्षण समिति के पास भेज दिया जाएगा।	राज्य के चार संसदीय क्षेत्रों में सभी सर्वेक्षण करके उत्तम निर्भर आवेदन के पास पास की नामित की जाएगी।
1	कल्याणयुक्त	कल्याणयुक्त
7	वो दोनों देवनागरी में ही हस्ताक्षर करती हैं	वे दोनों देवनागर के नगर में ही हस्ताक्षर करती हैं।
3	विष्णुमित्र कहाँ है?	विष्णु वहाँ है कहाँ है?
6	इस प्रकार, 1,200 लड़कियाँ जहरीली गैस के प्रयोग से पीड़ित हुईं।	इस प्रकार 1200 बालिकाएँ इस प्रकार के -अलिष्टी हैं।
9	सञ्जहार शब्द में हकार के स्थान पर भकार के आदेश से सञ्जभार का रूप सुना जाता है।	संजय शकार, इस तरह के छकार के आदेश से संजय भार के लिए संजय सुना है।
13	चुनाव में कन्ग्रेस-चूँकि, भाजपा के प्रत्येक विधायक को अपने अधिकृत अभिाधिकारी का खुलासा करना होगा।	चुनाव में कांग्रेस- भाजपा के प्रत्येक विधायक अपने आप से अधिक किया गया है, से मतदान करना होगा।
5	हिमदास ने कल चौथा स्वर्णपदक जीता।	हिमादास ने कल चौथा स्वर्णपदक जीता।
4	उसके दोनों होंठ लाल हैं।	उसके दोनों होंठ लाल हैं।
6	पत्नी का भाई ने इस मामले को दर्ज किया।	पत्नी का भाई इस मामले की मामले पंजीकरण किया।
6	अनेकों के नाम हम नहीं हीं जानते हैं।	अनेक के नाम हम नहीं जानते हैं।
7	इसके लिये सभी प्रक्रियाएँ चरणबद्ध रूप से सम्पन्न होती हैं।	इस संबंध में सभी से सभी प्रक्रियों के चरणबद्ध रूप से एक दूसरे से निकलते हैं।
14	डॉ. ने बछड़े को विश्वविद्यालय समुदाय का धन्यवाद दिया कि वे इसके प्रतिष्ठित उपलब्ध कराने के लिए निकटता और सद्भाव से कार्य करते हैं	डॉ. बेटा ने विश्वविद्यालय को धन्यवाद दिया कि वे इस
1	ग्राम	पर रहा
6	मैं आपके साथ चलूँ क्या ?	मैं भी आपके साथ आ रहा हूँ क्या ?
10	इस बार भी चंद्रमा अपने दक्षिणी ध्रुव के पास समतल क्षेत्र में उतरेगा।	इस में भी चंद्रमा के दक्षिणी वकील के पास वर्तमान क्षेत्र के लोगों को एक चंद्रमा के दौरान को उतारने में वर्तमान से उतारने वाले दक्षिणी वकदनी के दक्षिणी वकील के स्थान पर एक चंद्रमा के स्थान पर बढ़ जाएगी।
6	वे अक्षता प्रत्येक हिंदू घर में देने जाते हैं।	वे अक्षर प्रत्येक प्रत्येक घर के अपने घर में जाते हैं।
7	बीच में स्थित सफ़ेद रंग सात्विकता और ईमानदारी का द्योतक है।	बीच में स्थित श्वेत रंगोसीता के कुत्ता और नदियाँ बनाती हैं।
7	उसे देखकर मुझे बहुत दुःख होता है ।	उसे देखकर मेरा बहुत शोक होता है ।
10	सीता सहित, मृगचर्मधारी अजेय, नित्य श्रीलक्ष्मणजी द्वारा सेवित पादपन वाले, नीलकमल की कान्तियुक्त, अनन्तगुण सम्पन्न, अतिशान्त मेरा सौभाग्यरूप श्रीराममूर्ति को अनिश में प्रणाम करता हूँ ॥	सीता समान नेत्र हैं, जिनके नेत्रमयी चिड़िया से शिव, ब्रह्मा और पृथ्वी से रूप धारणकर वन में निवास किया है, जिनके हृदय को माने वाले और मणिकेश से मेरी रक्षा करें ||
8	सभी राज्यों के जलशुल्क के बारे में केंद्र सरकार की नीति समान है-सीह है.	सभी राज्यों के पानी की पर केंद्र सरकार के नीति समान है-यह है।
5	उपदेश के बिना प्रथम ज्ञान उत्पन्न हो गया।	उपदेश उपदेश के बिना, उत्पन्न हुआ।
4	यह लेख झूंठ मालूम पड़ता है।	यह अकार है परेश के रूप में जाना जाता है।
1	कुआं खोदना	कुएँ का खोदना
9	मानवाधिकार दिवस हर साल दिसंबर के दिनाङ्क को पूरे विश्व में मनाया जाता है।	ण दिवस हर साल दिसंबर-माह के दिन दिसंबर को पूरी तरह से मनाया जाता है।
8	श्रम थकावट ग्लानि (दुःख) प्यास शीत (जाड़ा) उष्णता (गर्मी) आदि सहने की शक्ति व्यायाम से ही आती है और परम आरोग्य अर्थात् स्वास्थ्य की प्राप्ति भी व्यायाम से ही होती है ।	इस कारण से दुःख, विभाव, अचल, सहिजन तथा अन्य व्यावसायिक तथा अगोगुण की नहीं है । ॥
13	अनाज के कोठे को भरने में समर्थ आढ़कों (माप-विशेष, विशिष्ट के सूचक) के समान अनेक पुत्रों के होने मात्र से कौन भाग्यशाली माना जाएगा ? ऐसा एक पुत्र अच्छा है जो कुल का आसरा हो तथा जिसके कारण पिता की प्रसिद्धि हो |	क्योंकि – हे पुत्रियों, शिक्षकों, बच्चों, सेढी, पुत्र तथा भला-बुरा वह नाचने से बहूक भी मेरे लिये बलीला है। इसके लिये पिताजी नेवला भी अच्छा है।
6	चिराग - हाँ सभी प्यार से चल रहे हैं।	चिराग - हाँ सब प्रेम से चल रहे हैं।
9	ध्यान रखना चाहिए कि संस्कृत शिक्षण द्वारा हर रविवार को ऑनलाइन आयोजन किया जाता है।	यह उल्लेखनीय है कि संस्कृत शिक्षण द्वारा हर रविवार को ऑनलाइन आयोजन किया जाता है।
8	वेदों में रामायण जैसे वैदिक और धर्मनिरपेक्ष पुराण शामिल हैं।	वेद वैदिक वैदिक राम और पुराणों को यह (चोरी) भी शामिल हैं।
7	उन्होंनेन्हों नेसरोजिनी नायडू के साथ भी काम किया।	उसने सरोजिनी भी काम किया।
6	कौए ने रोटी को खा लिया और प्रसन्न हो गया।	कौआ रोटी खाई थी चुराई।
5	इस में थोड़ा सा भी पाप नहीं है।	इस लेश भी पाप नहीं है।
3	प्रातःकाल व्यायाम किया	आपने व्यायाम किया
3	जहां वह जाता है?	जहां वह जाता है।
7	कोर्ट ने कल के फैसले को रद्द करते हुए वाराणसी में कर्फ्यू लगा दिया.	कोर्ट ने पिछले जो पिछले महीने नहीं किया था को अपनाई है ।
8	वहाँ से श्रीराम भाई के पास जाकर रूधिरादिग्ध लक्ष्मण को देखा।	वहाँ से श्रीराम भाई के पास जाकर रोते हुए लक्ष्मण को देखा।
7	वीणाकर्ण ने खूंटी को देखकर कहा 'अल्पशक्ति वाला होते हुए भी यह चूहा कैसे इतनी दूर तक उछल लेता है ?	वीणाकर्ण बोला- तुम इस द्वारा विलोक को भस्म करूगा । वह दूर तक के किसी और दूर से दूर किया जाता है।
5	वह इस विषय में संकोच अनुभव करता है।	वह इस विषय पर संकोच अनुभव अनुभव करता है।
5	वह पदक प्राप्त करना चाहता है	वह पदक प्राप्त करना चाहता है
9	वहाँ भारत के नवनिर्माण संस्कृत के योगदान पर चर्चा की गई।	वहाँ भारत के नए निर्माण संस्कृत के योगदान में चर्चा की गई।
5	वह वृद्धा खुश हो जाती है	वह बूढ़ी खुश होती है ।
9	"वैसा ही है, कोई फर्क नहीं", ऐसा वह जवाब में बोला ।	"तहाँ है, नहीं। नहीं विशेष है। यह सच है।
7	बेटा , वो पुस्तक संस्कृत भाषा में हैं।	दादी – बेटा, वो पुस्तकें संस्कृत भाषा में हैं।
2	माँ की खातिर	माँ की खातिर
1	बाल	बाल
8	शान समिति की रिपोर्ट के बाद चयन प्रक्रिया ऑनलाइन रूप में की जाती है।	शान समिति की रिपोर्ट के बाद चयन प्रक्रियाओं को ऑनलाइन रूप से किया जा रहा है।
4	हम शिव के मन्दिर गए।	हम शिव के मन्दिर गये।
6	मैं कुएँ पर जाकर स्नान करना चाहता हूँ	मैं कुएँ जाकर स्नान करना चाहता हूँ
9	नियम ज्ञान है परन्तु प्रयोग नहीं है अर्थात् भाषा नहीं आती है।	नियम ज्ञान है, पर भी प्रयोग नहीं है, भाषा से नहीं।
9	अब तक हम घर में राष्ट्र ध्वज फहरा नहीं सकते थे।	अब तक हम घर पर राष्ट्रीय ध्वज को अच्छी तरह से नहीं सकते थे।
8	यह सब जानकर जयद्रथ डर से बहुत व्याकुल हुए।	इन सब को जानकर अपने से डरने से बहुत व्याकुल हो गया।
11	अब पुष्ट किया गया कि श्यामला बहुत जल्दी ही इंशा अल्लाह नामक फिल्म में दिखती है।	अब पुष्ट जो शाह है कि मनोज बहुत जल्दी से इंशा अल्लाह फिल्म में दिखाई पड़ती है।
12	हिमाचल प्रदेश का कृषि-उद्यान-विश्वविद्यालय के कुलपति-नियुक्ति- संशोधन विधेयक के विषय में राजा के भवन और राज्य सरकार के बीच गतिरोध समाप्त हो गया है।	हिमाचल प्रदेश के कृषि-उद्यान- विश्वविद्यालयों के कुलपति-नियंत्रण- और के बारे में राज भवन का बीच में गति का बीच समाप्त हो गया है।
9	इसके अतिरिक्त, पटियालाबस्ती में पांचों गाँवों के धर्म के विरोधी लोगों को सामुदायिक कल्याण के लिए 2 लाख रुपये का दान किया गया है।	इसके अलावा, ग्राम पंचायत धर्म की महानैंली में टियाबारा में सामुदायिक भवन के लिए 2 लाख रुपये स्वीकार किए गए हैं।
4	वह सबको सुख से पालता है।	वह सबको सुख से पालता है।
5	इसके लिए आवेदन पत्र प्राप्त हो चुके हैं।	इसके लिए आवेदन किये गये हैं।
1	योगदान	अवदान-भरना
2	बुद्धि की जड़ता को	उत्पन्न होना
16	स्वयं तुम गुरुदेव हो, इस प्रकार पितामह भीष्म, कर्ण, योद्धा वीर, दयालु, अश्वत्थामा, विकर्ण, और भूरिश्रव भी चैत्य में हैं।	स्वयं तुम गुरुदेव हो, इस प्रकार दादाजी डर गए, कर्ण, युद्धवीर आदि, अश्वों को, विकलामा, विकलांग, विकलरा वह भूमि को ब करते हैं।
7	अतः वे दोनों बार बार प्रश्न पूछते हैं	इसीलिए वे दोनों बार पूछते हैं पूछे हैं।
6	इस संबंध में जिला प्रशासन के द्वारा आदेश हैं।	इस संबंध में जिला प्रशासन ने आदेश हैं।
8	दृष्टिपात से उसकी व्यथा नष्ट हो जाती है, मैं चित्राम की शरण में क्या प्राप्त करती हूँ?	होवे में उसका चश्मा नहीं देखा जाता, चित्रयामी क्या शेष है?
6	हरिद्वार में उन्होंने गुरुकुल काँगड़ी की स्थापना की।	हरिद्वार में उन्होंने काँगड़ी की बहिन की स्थापना की।
6	यह वैष्णवी मायाशक्ति नाम से भी जाना जाता है।	यह वैष्णव मायाशक्तिशक्ति नाम से जाना जाता है।
11	मुख्यमंत्री सुख-बताया गया है कि आश्रय योजना के तहत उपनिहित कार्यालयों में जिला स्तरीय वित्तीय संख्याएं खोली जाएंगी।	मुख्यमंत्री सुख- और आश्रय योजना के तहत उपायों को कार्यालयों में जिला स्तरीय स्तर पर आयोजित किया जाएगा।
5	रास्ते में उन्होंने ज्ञानप्रश्न क्रीड़ा भी खेली।	रास्ते में उन्होंने ज्ञानबेक्रीड़ा भी खेली।
7	वह कहां है? मुझे दिखाओ” भसूरक ने ऐसा कहा।	वह कहाँ है? प्रदर्शन का यह पात्र बोला- अरे।
10	मैं उन ऋक्षा वानरों को भी फिर से निकालते हुए और बड़े बलशाली पुरुषों को देखना चाहता हूँ।	मैं उन लोगों को ऋण की राज के पास तो हणों को देखने के लिये सदा बलों को देखने के लिये चाहता हूँ।
21	शिविर का उद्घाटन डॉ. सोहम चक्रवर्ती वर्या की उपस्थिति में किया गया, श्री नवल किशोर पंत, सरस्वती पूजा में श्री विष्णु दत्त गौड़ भी उपस्थित थे।	शिष्य का उद्घाटन डूडव यह चक्रवात के समान वकीलपुर के उपस्थित होने का सरस्वती देवी, श्री नवओबे, श्री विष्णुदत्तनड़ महेश भी सरस्वती के रूप में उपस्थित थे।
8	हे कौन्तेय ! श्रद्धा से युक्त जो भक्त अन्य देवताओं को पूजते हैं, वे भी मुझे ही अविधिपूर्वक पूजते हैं।।	जो कोई भी हो, जो मुझे आप ही श्रद्धा की प्राप्ति में समर्थ हैं वे मुझे भी मुझे मुझे नुकसान हुआ है, इसलिए मुझे कोई भी (संय नहीं कर सकते) होकर वे मुझे पहले ही मुझे प्राप्त होते हैं वे मुझे पहले ही मुझे पूर्ण कर देते हैं।
10	म्यांमार की सर्वमान्य नेता आंग सान सू की को भ्रष्टाचार का दोषी पाए जाने पर दोबारा जेल की सजा सुनाई गई है.	म्यानल की सारथी के सारथी आङ्ख्यरल ने फिर आधी रात को और आधी रात को जेल की घोषणा की।
8	ओमान के संस्कृत विद्यालय के डॉ आर नारायणन व्याख्यान देंगे	ओमान संस्कृत स्कूल का डॉ. आर. नारायणन व्याख्यान देगा।
6	तू सत्तू खाता है वा नहीं !	वह सभी सड़ियां नहीं हैं वा नहीं ?
9	पहले पारी में दक्षिण अफ्रीका के कायल वेरिन ने सबसे अधिक 15 रन बनाए।	पहले कप में दक्षिण अफ्रीका के कौर ने सबसे अधिक और सबसेर की सबसे बड़ी घरेलू रन बनाए।
6	उनके पिता का नाम एस नारायणस्वामी था।	उसके पिता का नाम एस नारायण सब नारायण थे।
13	महातेज रावण ने क्रोध से श्रीराम के सदृश सिंह, व्याघ्र, कोंकड़ा आदि प्रमुख बाणों को पीपल के समान मुख वाली और सियार आदि प्रमुख बाणों को बाणों पर चढ़ा दिया।	महातेज रावण ने क्रोधपूर्वक कुणियों के ऊपर सिंह से लंगका को दोनों की एक गीली चाँदी से मार डाला।
7	नाम यदि लम्बी है, तो उसका शरीर बहुत लम्बी नहीं है।	नाम, यदि लम्बा होते हैं, लेकिन उसका शरीर ना हो।
4	सभी वैसे ही हो गए।	सभी वैसे ही हो गए ।
9	शाही जहाज़ के साथ उच्च न्यायालय में उनके सभी मामलों की सुनवाई का विरोध किया गया है।	सब्जियों ने समिति समिति के समिति को उच्च न्यायालय द्वारा उच्च न्यायालय में स्थान हासिल किया है।
5	सभी सैनिकों के हाथ में राखी बाँधती है।	सभी सैनिकों के हाथ में राखी पैंती है।
1	बाजार से	दुकान
8	परन्तु ज्ञानी सब प्रकार परीक्षा करके अपराधी को ही उचित दंड देता है।	परन्तु ज्ञानी सर्व परीक्षाक अपराध ही जैसा उपयोग किया जाता है।
11	अभी ही अजय ने अपने नए चलचित्र "शैतान" के कुछ तस्वीर प्रकाशित की हैं।	अभी ही अजन ने अपने नए फिल्म का" कहा:" के कुछ चित्र प्रकाशित प्रकाश प्रकाशित हुए हैं।
4	अभी वह रामेश्वर पहुँचा ।	अभी वह रामेश्वर पहुँचा ।
4	बच्चे के मुँह पर फुंसियाँ हो गई हैं।	बच्चे के मुँह पर फुंसियाँ हो गई हैं।
1	चारों ओर से	स्थिर रहने वाले।
4	बगीचे में हम वृक्ष गिनते हैं।	बगीचे में हम वृक्ष गिनते हैं।
4	यह लेख झूंठ मालूम पड़ता है।	यह अकार है परेश के रूप में जाना जाता है।
21	मित्रको स्वच्छता (निष्कपट हृदय) से जीते शत्रुको नीतिबलसे, लोभीको धनसे, स्वामीको कार्यसे, ब्राह्मणको आदरसे युक्तीको प्रेमसे, बन्धुओंको समभावसे, अत्यन्त क्रोधीको स्तुति, गुरुको विनयसे, मूर्खको बातोंसे, बुद्धिमान्को विद्यासे, रसिकको रसिकतासे और सभीको सुशीलतासे वशीभूत करे	मित्र अपने बल से शत्रु के द्वारा पैदा होने पर धन से समानता, पति-बूझ से पचे हुए कार्यबल से व्याकुल हो त्यागना, मणुके फूलकी बासी (नदी है), धन रक्षा से (अक आपको) रस से तथा मन्त्रियों से) धन से बात, गरीब, वर्णजी के समान धन त्यागी और मधुर रस, राजा (राश-तमी) ने अपने बल से जो सुमे हैं अथवा व्यथित होकर उसकी दोनों ही बल से (राजा के द्वारा) अपकीनवाले यज्ञों से (सीम-आम) की
9	इसके पश्च्यात स्थूल भूतों से विराट् उत्पन्न हुआ और विराट् पुरुष से यह सम्पूर्ण स्थावरजंगम संसार प्रकट हुआ ॥	तदनन्तर समस्त लोकों को लटकने वाले हों। जब बेर ने पंगों से युक्त होकर यह संसार एक ही है ॥
5	निःसन्देह वह कर्म करेगा ।	निःसन्देह वह कर्म करेगा ।
3	भूतकाल में वाक्य लिखिये	भूत काल में वाक्य लिखो
7	बहुत से लोग केवल फल ही खा रहे थे।	बहुत से लोग केवल फल ही खाते थे।
8	संस्कृत भारती के अखिल भारतीय सचिव पी.एसकार्यक्रम का उद्घाटन नंद कुमार करेंगे.	संकृत भारत के अखिल भारतीय सचिव पद पर नोट कुमार का उद्घाटन करेगा।
8	सत्र में मुख्य अतिथि के रूप में विश्वविद्यालय के वास्तुकला विभाग के पूर्व प्रोफेसर प्रोफेसर एस.के.सिंह उपस्थित थे।ओंकारनाथ चतुर्वेदी महाभाग एकत्र हुए थे।	सत्र में मुख्य अतिथि के रूप में विश्वविद्यालय के भवन विभाग के पूर्व शिक्षक प्रो. एस.के. ने भाग लिया।
3	सूत्रकार सूत्र बनाता है।	सूत्रकार सूत्र करता है।
12	वीरेन्द्र सिरमौर जिले केणुका क्षेत्र से है, उससे पहले उसने अनेक प्रतियोगिताओं में भाग लिया था।	वीरेन्द्र की या हैं कि वर्ष से वह अनेक जीतों में भाग लिया गया था, वहाँ से वह अनेक प्रतियोगिताओं में भाग लिया गया।
8	हाँ गुरुदेव ! हिन्दू संस्कृति के मूलस्वरूप को क्या जानना चाहता हूँ।	हाँ, गुरुदेव ! हिन्दू संस्कृति का मूलस्वरूप हम दोनों को जानें।
11	उपरोक्तयूषों के साथ बकरे का मास रस या बटेर आदि पक्षियों का मास - रस मिला कर देना चाहिये । मल सग्राहक बेलगिरी, पाठा आदि के चूर्ण से युक्त, अनार आदि फलों से या तक्र से खट्टा करके यूत्रों को देना चाहिये ||	अथवा ( या ) पागल या आवरण से युक्त) जब रोगी को घी के साथ ले कर (अंग असंगज ) गया। तब गुड़ ने फालकर (लीन) पिसंस्कार दिया ॥
1	था	था
7	मेरे पास केवल इतना ही धन है ।	मेरे पास केवल इन ये लड ही धन है ।
6	वह धन गिनता है , जेब में रखता है।	वह धन गिनता है , जेब में रखता है।
13	यह कहकर वे अत्यन्त आर्त्तचित्त होकर मुनि के दोनों पैर पकड़कर बोले "भगवन्! आप तो स्वयं जान सकते हैं कि में दोषी हूँ अथवा निर्दोष हूँ ? ॥	हे देव! मैं तुम्हें मुने पर लाकर मुझे जलने के लिये तैयार हो जाऊँगा। मुझे बताओ मुझे आप कोई शुद्धी जानो । अथवा हे देवी! यह मुझे आप ही करना चाहिये। क्योंकि देवताओं को शुद्ध बनाने के बाद ही मेरा चरण का शुद्ध है ॥
13	उन्होंने कहा कि यह नियम दूरसंचार क्षेत्र से जुड़े लाखों से अधिक लोगों का भी पालन किया जाएगा।	उन्होंने कहा कि यह नियम दूरसंचार क्षेत्रों के साथ जुड़ा हुआ लकड़
8	उस युद्ध में बदलूराम नाम का एक सैनिक वीरगति को प्राप्त हुआ।	उस युद्ध में बदल है एक सैनिक एक सैनिक वीर के समान पहुँचा।
1	ऐसा	ऐसा
15	शनिवार को हिमालयन हॉस्पिटल जॉली ग्रांट द्वारा कवच की खोली पर अटलोत्कृष्ट- राजकीय वरिष्ठ माध्यमिक विद्यालय में रक्तदान शिविर का आयोजन किया गया।	शनिवार को
4	खीर मीठी है	खीर मीठी है।
19	इसी प्रकार वे सभी कृतार्थ राक्षस नन्दन वन में गन्धर्व की भांति अपनी पत्नी के पद के लिए रमण करते थे। उसके बाद मन्दोदरी ने पुत्र को बादल का ध्वनि किया।	इसी प्रकार वे कृत्या राक्षसों ने राक्षसों के समान अपने घर में रख दिया और अपनी पत्नी को उप-प्रलय के समान रूप से मेघ के समान मेघ दिखायी दिया। तब धीरे धीरे अकाल से रस को मेघ के समान दिखा दिया।
5	योजना को रोककर एफआईआर को निवृत्त करिये।	योजना को निलंबित करके एफआईआर को निवृत्त करें।
11	प्रधानमंत्री ने मध्य प्रदेश में पचास से अधिक करोड़ रुपये के सड़क विकास परियोजना को भी राष्ट्र को समर्पित किया।	प्रधानमंत्री मध्य प्रदेश में पांचहरे हुए-क्सेफ इस सेट में विकास परियोजनाएँस वर्षों तक की गई हैं- भी राष्ट्र को समर्पित.
5	कल वह बहुत उग्र हो गया था।	कल वह बहुत उग्र शर हो गया।
4	तुम वाङ्मय हो, तुम चिन्मय हो।	तुम वाणीमय हो? इनको सुख देने चाहिए।
9	आपका दर्शन योगियों को भी दुर्लभ है, और में साक्षात् आपका बाण लगने से, विशेषरूप से आपके सामने मने प्राण छोड़ रहा हूँ। ॥	हे अनघे । बहुतचने योग्य नहीं है, तथा श्रीबाबागुरुजी ने मुझे अपनी शक्तिशाली महायोगियों को दिया है वह मेरे दर्शन में ही किसी भी प्रकार से प्रसन्न नहीं है ॥
5	मेघमाला ने समस्त गगन मण्डल को आच्छादित कर लिया।	मेघमाला से सभी गगन-तीन) पर पड़ी हुई आँखें लाल हो गयीं।
3	हम सबको क्या करना चाहिए?	हमें क्या करना चाहिए?
8	संस्कृत भारती के अखिल भारतीय प्रशिक्षण प्रमुख डाॅएच.एसमुख्य अतिथि आर विश्वास थे.	संस्कृत भारती के अखिल भारतीय प्रशिक्षण प्रमुख डाॅश्री वर्ष विश्वास मुख्य अतिथि थे।
5	आज प्रातः आए क्या ?	आज प्रातः आ गया क्या ?
8	इस फिल्म की नायिका बहुत जल्दी ही फाइनल में तय हो जाती है।	इस फिल्म की और बहुत जल्दी ही अंतिम रूप से निर्धारित करने के लिए जा रहा है।
9	अतः हे देवता! इस रथ पर चढ़कर राक्षस रावण को मारना।	इसलिए हे देव! यह रथ लेकर चढ़कर डरे हुए रावण को मारने के लिये बोलें।
5	कांगड़ा-केंगड़ा जिले में बिजली के ज्वालामुखी दीपमाला पहने गए हैं।	कांगड़ा-शड़ल के शक्ति पीठ पर शक्तिशाली दीप प्रज्ज्वलन के लिए पंजीकरण किये गये हैं।
6	राम मंदिर का स्पर्श तब तक सुलभ नहीं था।	राम मंदिर को छू नहीं था।
14	राजधानी शिमला, शिमला जिले के सौ से अधिक मंदिरों और राजधानी मंदिरों में प्राणों कीप्रतिष्ठा का समारोह भक्तों के लिए एक सजीव प्रदर्शन द्वारा दिखाया गया।	राजधानी शिमला शिमला जिले के सौ से भी मंदिरों और मन्दिरों में प्राणप्रतिष्ठा समारोह का समारोह भक्तों के लिए एक जीव के साथ प्रदर्शन किया गया।
23	जिला चुनाव कार्यालयों में मतों की सूची जारी की गई है, चुनाव पंजीकरण अधिकारी सहायक-चुनाव पंजीकरण अधिकारी और उनके कार्यालयों में भी प्रत्येक मतदान केंद्र में मतदान केंद्र स्तर के अधिकारियों के पास निगरानी की जा सकती है।	प्रकाश से मतदाता सम्मेलन, जिला चुनाव अधिकारियों, चुनाव पंजीकरण अधिकारी, चुनाव पंजीकरण अधिकारी और अन्य कार्यालयों में भाग लेने वाले लोगों को मतदान और स्तर के है।
5	सभी को प्रमाण पत्र सौंपने के लिए कार्यक्रम आयोजित किया गया।	सभी को प्रमाण पत्र देने की कार्यक्रम आयोजित किया गया।
7	इसके अलावा, पांच अन्य ग्रीनहाउस पूरी संस्कार के लिए प्रयास कर रहे हैं।	इसके अलावा, अन्य ग्रीनहाउस और ग्रीनहाउस को पूरी तरह से चल रही हैं।
4	वह मलयालम भाषा में बोलती है	वह मलया भाषा भाषा में बोलती है।
7	समारोह की अध्यक्षता तकनीकी शिक्षा मंत्री राजेश धर्माणी ने की।	समारोह की अध्यक्षता में यह शिक्षा मंत्री राजेश की अध्यक्षता की।
8	अखिलेश ने कहा कि आज बहुत ही अच्छा दिन है।	अखिलेश ने कहा कि आज बहुत शुभ दिन है।
17	इससे पहले, उन्होंने चंद्र बोस द्वारा रचित और एमएम कीरवानी द्वारा रचित अपने गीत नट्टू नट्टू के लिए गोल्डन ग्लोब पुरस्कार जीता था।, और इनाम जीत लिया गया.	उस चन्द्र में चंद्रमा की कक्षा के समान एमआर आनन्द की उपस्थिति में दिया गया, गाना गाया गया, गाने के लिए पहले गोली-अबन पुरस्कार, पुरस्कार भी प्रदान किए गए।
5	जैसे पूरा हुआ्रीहै, पूरा हुआ्रीहै।	जैसे सम्पन्न होने पर भी मैने आयोजित की गई।
10	दल के सूत्रों से कहा गया है कि इस सप्ताह आवेदन की तारीख निर्धारित होगी.	पार्टी के सूत्रों से कहा गया है कि पार्टी के सूत्रों से कहा गया है।
9	केंद्रीय मंत्री द्वारा प्रभावित लोगों को कल्याण और सुरक्षा के लिए प्रार्थना की गई है।	केंद्रीय मंत्री ने प्रभावित लोगों के लिए समय-समय पर प्रार्थना की।
10	वहाँ जाकर हनुमानजी ने जो कहा था सब कुछ क्रमपूर्वक श्रीराम के लिए कह दिया।	वहाँ जाकर हनुमान मैने जो यह सब तरह कहा, उसे सभी श्रीराम के लिए जैसा कहा।
10	मैंने कहा कि काशी विद्यापीठ हमारी स्वतन्त्रता संग्राम का प्रतीक है।	उन्होंने कहा कि काशी विद्यापीठ हमारे आजादता संग्राम की प्रतीक्षा है।
5	यहाँ पन्द्रह दिन का ध्यान शिबिर है	यहाँ पन्द्रह दिन के ध्यानशिष्ठ की गई है।
5	वह सिर पर नारियल का तेल लगाता है ।	वह शिर पर नारियल का तेल डालता है ।
1	देखने के लिए।	देखने के लिए ।
20	जो समस्त आभूषणों से सुसज्जित, उज्ज्वल किरीट और कटक पहने हुए हैं तथा कौस्तुभमणि से विभूषित और सैकड़ों कामदेवों के समान सुन्दर श्यामवर्ण हैं। इस प्रकार सर्वसुलक्षण सम्पन्न श्रीलक्ष्मणजी जिनके ऊपर श्वेत छत्र लगाया हुआ है, ऐसे श्रीराम को राज्याभिषेक के अनन्तर मन्द मुसकान के सहित हाथी पर चढ़ कर आते हुए हम कब देखेंगे ? वह मंगल प्रभात कब होगा ? इस प्रकार सभी पुरवासियों का चित्त अति उत्कण्ठित हो रहा था ॥	सभी राजाओं को क्या हो सकता है ? वह सभी को ढककर कान्ति बनाकर सब कुछ र्यासा बनाओ। बाल्यावस्था में एक समय प्रलय काल के समान श्यामवर्ण की वर्षा हुई। उनके भाई लक्ष्मण जी ने एक समय वहाँ आया। महाराज दशरथ का क्या है कि वह श्रीहरि और कूटते हुए श्रीराधिकाजीके पास जाकर बैठ जा रहे हैं ॥
4	मैं कल दिल्ली जाऊँगा।	मैं कल दिल्ली जाऊँगा।
5	कानजी – केवल हवा के बादल दिख रहे हैं।	केवल हवा के बादल दिख रहे हैं।
17	अंत में सभी को धन्यवाद देकर डॉ. हेनाचंद्रा बोली कि राम हमारा राष्ट्र है, माँ सीता हमारी संस्कृति है।	अंत में सभी धन्यवाद देकर डॉ. हेना चंद्रा ने कहा कि राम सीता हमारे राष्ट्र हैं, माता सीता हमारा संस्कृति है।
1	चला गया	भाग गया
7	उस लड़के को देख कि वह क्या कर रहा है।	उसको कुमार को देख कर वह करता है क्या?
7	वानरोंका नन्दन और राक्षसोंका अवसाद वह अस्त्र है	वानरों और में तथा राक्षसों का कूड़ा हुआ था, उस अस्त्र को।
3	पुत्र प्राप्ति के लिए ही स्त्रियों का वरण किया जाता है।	इसी प्रकार से स्त्री की तरह
1	संदेह से आजादी	एक देने वाला
4	आपके स्कूल का नाम क्या है?	आपके स्कूल का नाम क्या है?
4	कृपया आप भी सुझाएँ।	कृपा से आप भी सूचित करें।
5	मेरे भी मन में ख़ुशी हुई ।	मेरा भी हर्ष हो गया है
11	जो कोई भी भक्त मेरे लिए पत्र, पुष्प, फल, जल आदि भक्ति से अर्पण करता है, उस शुद्ध मन के भक्त का वह भक्तिपूर्वक अर्पण किया हुआ (पत्र पुष्पादि) मैं भोगता हूँ अर्थात् स्वीकार करता हूँ।।	हम लोगों का फल भोगते हैं जो मेरे भक्त हैं, वह भक्त भक्त हैं। वह मैं भक्त हूँ, इस प्रकार मैं भक्तोंके भक्त भक्त हूँ
4	फिर कभी मिलेंगे।	फिर से कभी मिलेंगे ।
1	मोबाइल फोन	मोबाइल का बोलने वाला
7	यहाँ से वहाँ तक रास्ता ठीक नहीं है।	अब से वहाँ तक मार्ग ठीक नहीं है।
7	पैत्तिक-ग्रहणी - कटु, अजीर्ण, विदाही, अम्ल तथा क्षार आदि के सेवन बढा हुआ पित्त अभि को आञ्जावित करके उसी प्रकार नष्ट कर देता है, जैसे गरम पानी अनि को शान्त कर देता है। पित्त प्रकोपक वस्तुओं से पित्त मे उणमा और द्रबाश दोनो बढते है । द्रवाश के कारण जनि पुझ जाती है ।	जो कोई घरेलू नहीं, पिता का पिता का यह पिता बहाव ने संसार का जल धारण कर दिया है। जैसे घबरेटने की इच्छा करते हैं और पर संसार में दूसरा कोई नहीं जानता है।
8	जब तक इनका उपयोग नहीं किया जाता, तब तक इनका साज-सज्जा में नुकसान होता है।	जब तक मैं नहीं किया जा सकता जो तक संक्षेप में नहीं है।
11	चिकित्सकों बीपी और चीनीरोगियों ने सलाह दी कि इस मामले में सावधानी बरतें।	चिकित्सक बीपी, शर्करा और द: पर ध्यान दिया गया.
10	केंद्रीय प्रशासन ने कहा कि सातनीस ऊपर पांच सौ स्थानों को अब तक दिव्य अंगों के लिए सुकर बनाया गया है।	केंद्रीय प्रशासन ने कहा कि सातन के लिए के लिए रेल स्टेशन को अब तक दिव्य जा रहा है।
9	मुख्यमंत्री महाशय ने हमारे विद्यालय के शिक्षकों को बहुमूल्य वस्त्र दिये ।	उन्होंने मुख्य मंत्रिमण्डल की पूजा हमारी शाला की शिक्षा के शिक्षकों को अमूल्य वस्त्र दिया।
9	इसलिए वह दल से निकलने के लिए सार्वजनिक घोषणा के लिए जनवरी को दिनांक का दिन चुनता है।	इसलिए वह द्यूत के लिए से जनवरी को जनवरी में जनवरी और जनवरी में आयोजित की जाती है।
6	बड़े-बड़े बर्फ कीस्तर से शिखर ढँके हुए हैं।	मोटा के दूध की चोटी पर ढके हुए हैं।
4	वह सब्जी मैंने खाई।	वो साजी ने खाई।
10	विभीषण ने महात्मा गन्धर्वराज शैलुष की बेटी को धर्म ज्ञाता सरमा से विवाह किया।	विभीषण ने भी उस महाष्पियों का शैलजा के बेटे धर्मज्ञ को किया।
13	मध्यप्रदेश के लिए चयनित मुख्यमंत्री डॉ. मोहन यादव आज मुख्यमंत्री पद को शपथ ले जाएंगे.	मध्य प्रदेश के लिए मुख्यमंत्री डॉ. मोहन यादव आज मुख्यमंत्री पद के लिए शपथ लेगी।
7	जाने वालों को सुखपूर्वक यात्रा करें, उन्हें घर पहुँचाने में सुरक्षित रखा करें।	वे घर की में एक करके होने चाहिए, वे घर पाते हैं।
16	तुम्हारे लिए स्वामीजी की सेवा करने के लिए मेरे पास कुछ भी कहना नहीं है फिर भी यह कहता हूँ कि राम तुम्हारी परम देवता है।	तुम्हारे लिये स्वामी और जो कोई भी बोल सकते हैं, फिर भी मैं तुम्हारा क्या बोल रहा हूँ।
8	यह युद्ध सैकड़ों वर्षाों का नहीं है, यह लाखों रामभक्तों का बलिदान है।	न सैकड़ों वर्षों का यह युद्ध, लक्षद्वीप और लक्षद्वीपों का बलिदान होता है।
5	चार पुरुष पत्र लिखते हैं।	चार पुरुष पत्र लिखते हैं ।
7	(कान देकर) सखि, जैसे किसी अतिथि ने पुकारा है।	(मेरे पीछे से) पुत्री, अतिथि के समान निवेदन किया गया।
8	शोभा –हस्ताक्षर तो देवनागरी में ही करने चाहिये ।	शोभा – हस्ताक्षर तो देवनागर में ही चाहिये।
10	जो पुरुष यहाँ इस प्रकार प्रवर्तित हुए चक्र का अनुवर्तन नहीं करता हे पार्थ इंन्द्रियों में रमने वाला वह पाप आयु पुरुष व्यर्थ ही जीता है।।	इस प्रकार जो चक्रवात के कारण नहीं है, ऐसे अघो! जो इस प्रकार के राजा, कार्य करता है, वह सुखपूर्वक, जीवन और वन के द्वारा दूसरा कोई उपाय नहीं है।।
3	सूत्रकार सूत्र बनाता है।	सूत्रकार सूत्र करता है।
21	चित्ररूप - घटकों में राममन्दिर, मंगल - भवन- अमंगल हारी चौपाई, सूर्य की, सरायूनद्या भी मंदिर के समीप प्रतिमाओं के चित्र भी सम्मिलित हैं।	ऐसी रूप से राम मंदिर, मंगल- भवनों ने कहा कि चौकोई चौारी चौपाई, सूर्य, सरदी आदि के पास स्थित मंदिरों के प्रतिमान चित्र भी शामिल हैं।
1	सीधी रोशनी	सरलता
3	साढ़े चार बजे हैं	साढ़े चार बजे ।
10	अधिकारियों का आरोप है कि मणिपुर में संघर्ष हित-आधारित बातचीत और हमलों के कारण है।	मणिपुर में संघर्ष का कारण व्याज समाचार की, उन्होंने खुदाई ही किया है, यह अधिकारियों को आरोप किया गया है।
1	चौराहे पर।	चारों ओर से
10	राम – यह यात्रा बहुत लम्बी और कष्टदायी है। (विदूषक को देखकर परदे के पीछे) कौतूहल वश घिरे हुए इनकी माता को नाम से जानना चाहता हूँ	राम – बहुत सुन्दर धन है और इस पर्वत पर प्रकाशमान (विद्दूक) है। (ंगुके पीछे सेवेतस दूर से) मत बनो।
4	हम संस्कृत में समर्थ हो जाएँगे।	हम संस्कृत में समताबित की जाएगी।
9	यह गृह मंत्री ए नमस शिवाय, शिक्षा मंत्रालय के एक अधिकारी थे, जिन्होंने विधानसभा में इस मुद्दे को उठाया था।	शिक्षा मंत्रालय के अधिकारियों ने गृह मंत्री से एरणीय शिविर से विधानसभा में विधानसभा में आवेदन की-बड़ी।
10	उसी प्रकार सच बोलने वाला मनुष्य झूठ को मन से भी नहीं चिन्तन करता है।	वैसे ही सच बोलने के लिए जनो से वह भी कहता है।
5	उसकी वाणी में पवित्रता है।	उसका वाचन पवित्र है ।
6	अभिनेत्री सिमरत कौर चलचित्र की नायिका हैं।	तथा सिमरत कौर की और फिल्म की और फिल्म है।
6	यज्ञ के बाद देवराज भानु को पुस्तकें देता है।	यज्ञ के बाद देवराज भानु को पुस्तकें देता है।
7	आप लोग विदेशियों की तरह वेष धारण किये हुए हैं।	आप सब विदेशीों के समान वेष धारण किये हैं।
6	हम पावों से चलते हैं। मुंह से बोलते हैं।	हम दोनों पाच से चल रही हैं।
6	मैं साढ़े आठ बजे घर से निकला।	मैं साढ़े आठ बजे घर से निकल गया।
7	सतीश – रास्ते में कुत्ते दौड़ रहे थे।	वे रास्ते में कुत्ता दौड़ रहे थे।
5	मैं फिर से शहर की ओर गया।	मैं फिर से शहर की ओर गया।
1	बहुत अधिक	बहुत
5	प्रतिदिन लोग धन अवश्य ही गिनते हैं।	प्रतिदिन लोग धन अवश्य ही गिनते हैं।
5	तीसरी कान, जिससे शब्द सुना जाता है ।	तीसरी सुनने, जिससे शब्द सुनाई देता है।
4	वह रास्ते में स्वच्छता करती है।	वह रास्ते में स्वच्छता करती है।
3	सुप्रथा भरतनाट्यम करेगी ।	अच्छे प्रकार भरतनाट मुझे करेगा।
21	2020 से पहले ग्रामीण क्षेत्रों में कहीं भी हल्दी संस्कार का चलन नहीं दिख रहा था, लेकिन पिछले दो-तीन वर्षों से ग्रामीण क्षेत्रों में इसकी संख्या बहुत तेजी से बढ़ी है।	इस में देश से पहले ग्रामीण क्षेत्रों में कहीं भी इस का होती नहीं है। लेकिन पिछले दो वर्षों में ग्रामीण क्षेत्रों में इस प्रथा की प्रक्रिया बहुत तेज हो रही थी।
4	वह नई पुस्तक लिखता है क्या?	वह नया पुस्तक लिखता है।
4	चिकित्सक रोगी को औषधि देता है।	चिकित्सक रोगी को औषधि देता है।
4	होली में हम खूब रंग खेलते हैं।	होली में हम बहुत बोल रहे हैं।
6	उसके बारे में मैं कुछ नहीं बोलूँगा।	उसके बारे में कुछ नहीं कहूँगा ।
7	ग्रीक भाषा में''थैले''इस प्रकार धातुधारण करने वालेार्थक, संस्कृत भाषा में भी.	गर्मी में''प्रह''इसमें बढ़े हुए रखे हुए हैं, संस्कृत भाषा भी वैसा ही है।
5	इसलिए सदाचार की रक्षा प्राणों से भी बढ़कर करनी चाहिए।	इसलिए विशेष रूप से प्राणों से भी अधिक सदाचार की रक्षा करनी चाहिए।
6	वाटिका में वन में वृक्षों के समूह के समान, चंद्रिका की शीतल श्मशान में शेरे।	वाट में वन में वृक्ष और ईर्ष्या से युक्त, चंद्रमा की घटना पर सॉली पडस हो रहा है।
4	सभी भक्तों ने साग्धि ग्रहण की।	भक्त जन सभी ने सहमति ले लिया।
1	अष्तकवर्ग	अषारह
10	विद्यालय के प्रिंसिपल डाॅधर्मेंद्र मिश्रा दीप प्रज्ज्वलन के कारण खेल प्रतियोगिताएं शुरू हो गईं।	विद्यालय के प्रिंसिपल डाॅ धर्म: एवं दीप प्रज्ज्वलन के साथ खेल प्रतियोगिता का आरम्भ हुआ।
14	जैसे एक चक्र से रथ नहीं चल सकता है, उसी प्रकार उद्योग के बिना केवल भाग्य से ही सफलता नहीं मिलती है|	जैसे एक चक्र से नहीं रथ की गति को नहीं प्राप्त किया। इस प्रकार पुरुषार्थ (उखे) का इच्छुक पुरुष कभी भी नहीं होता।
4	गौ को खेत से निकाल दो।	गां क्षेत्र से निकल गया।
4	वे वंदनीय सैनिक थे ।	वे वंदनीय सैनिक थे।
7	हे महेश! देखो! आठवीं कक्षा के छात्र क्या करते हैं?	महेश! देखो! आठवीं कक्षा के छात्र क्या करते हैं?
8	केरल विधानसभा ने राज्यपाल को केरल विश्वविद्यालयों के चांसलर पद से हटाने की मांग वाला विधेयक पारित कर दिया है।	केरल विश्वविद्यालय के विश्वविद्यालय के कुलपति के द्वारा राज्यपाल तिरंगा इस उद्देश्य से केरल का उद्देश्य केरल को यह बात दिया गया है।
10	हिमाचल प्रदेश कैबिनेट की गोष्ठी शुक्रवार को मुख्यमंत्री सुखविंदर सिंह सुक्खू की अध्यक्षता में शिमला राज्य सचिव पद पर आयोजित की गई।	हिमाचल प्रदेश कैबिनेट की बैठक शुक्रवार को मुख्यमंत्री सुखविंदर सिंह सुक्खू की अध्यक्षता में राज्य सचिवालय में हुई।
14	जो स्थान ज्ञानियों द्वारा प्राप्त किया जाता है, उसी स्थान पर कर्मयोगी भी पहुँचते हैं। इसलिए जो पुरुष सांख्य और योग को (फलरूप से) एक ही देखता है, वही (वास्तव में) देखता है।।	जो एक सांख्यान मिलता है, वह एक सांख्य है। एक सांख्य और योग को देखता है
20	सभी प्रशिक्षुओं ने पूरी तरह से उत्साह और रुचि से भाग लिया, एड्स के रोग के कारणों और निवारण के साथ जुड़े हुए महिलाओं के साथ-साथ सामुदायिक जागरूकता को बढ़ाने का प्रयास कर रहे थे।	सभी प्रशिक्षुओं ने पूरी तरह से अनशनर के रूप में भाग लिया, एड्स रोग के कारण निवारण और नारदों से सम्राट बढ़ाने का प्रयास किया जाता था।
5	किशोर की पत्नी अस्पताल में नर्स है।	बालक की पत्नी अस्पताल में देखी गई है।
34	'' रास रत्न राशि'' ग्रन्थ के अनुसार डोला यंत्र, पाटन यंत्र, स्वेदनी यंत्र, अन्धःपातन यंत्र, कछुआ यंत्र, जरन यंत्र, विद्याधर यंत्र, सोमनल यंत्र, सीता यंत्र, नमक यंत्र, हंसप यंत्र, माउस यंत्र, कोष्ठी यंत्र और वलाभि यंत्र में सम्मानित किया गया।	'' रास, रत्न, विद्याधर, लापता यंत्र, पाटन, स्वेद, हितद, अन्धाफ, मोतियों, लाई विद्या, बैंगन, कोन यंत्र, विद्याधर, ललाट, लडका, ल सेला, ललाका, कोण करने के योग्य, हंस मंत्री, कोने में सम्मान किया।
7	और भी-न्यायिक कार्यों केसम्पादन के लिए धर्मग्रंथों द्वारा पुराणों का पुजारी प्रदान किया जाता है।	इसके बाद, न्यायिक कार्यों के कार्य के लिए पुराणों को प्राप्त करने वाला धर्मग्र हो जाता है।
8	पुत्री – पिताजी ! द्वार बहुत दूर नहीं है।	पुत्री – पिताजी ! द्वार बहुत दूर नहीं है
5	कुल्लू, लाहौल, शांति जिलों के पर्वतों पर बर्फबारी हो गई।	कुल्लू- लाहौल-स् को-यह जिले के पर्वतों में बर्फबारी हुई।
8	दृष्टिपात से उसकी व्यथा नष्ट हो जाती है, मैं चित्राम की शरण में क्या प्राप्त करती हूँ?	होवे में उसका चश्मा नहीं देखा जाता, चित्रयामी क्या शेष है?
5	मित्र ने हाथ में सफेद सोटी पकड़ी है।	मित्र के हाथ में श्वांस गिर गया।
7	आत्मा षड्भाव विकारों से रहित, अनन्त सच्चित्स्वरूप, आनन्द स्वरूप, बुद्धि आदि का साक्षी तथा अविनाशी है ॥	छह साल पहले, दूसरे के द्वारा गुण रहित, सत्यस्वरूप, सत्यस्वरूप, बुद्धिहीन, बुद्धिहीन, नाम से विभक्त होकर भी वह बुद्धिहीन हैं ॥
8	यह परमशक्ति ही यह सम्पूर्ण जगत् को निरन्तर चलाती है।	यह परमशक्ति क्योंकि यह अखिल भारतीय जगत् को निरन्तर परिचय देता है।
7	चिकित्सक चिकित्सा करता है रोगी स्वस्थ होता है।	चिकित्सक चिकित्सा करता है रोगी स्वस्थ होता है।
7	बाबर ने पुनः अयोध्या की ओर दृष्टि ली ।	बाबर ने फिर से मुकाबला की।
40	यहाँ प्रो. रामसलाही द्विवेदी, प्रो. हरेरामत्रिपाठी प्रो. दिनेश कुमारगर्ग, डॉ. विजयपयासी, डॉ. विनोद कुमार मिश्र: डॉ. सुशीलत्रिपाठी, डॉ. किरणत्रिपाठी, डॉ. संध्या पाण्डे, डॉ. शशिकान्तत्रिपाठी, भविष्यमाथुरी, डॉ. सांत कुमारचतुर्वेदी, रविप्रकाश शुक्ल, गरिमा मिश्रा, विमला देवी एवं अन्य विश्वविद्यालय के अतिथि, शिक्षक, छात्र एवं शोधकर्ता उपस्थित थे।	यहाँ प्रो. राम. द्विवेदी, डॉ. जन्मराम त्रिपाठी, संस्कृत में जन्मस्थानक, डॉ. विजय कुमार मिश्रा, डॉ. मनोरंजन मिश्रा, डॉ. हेये. दो, डॉ. किएती., डॉ. संधरों, डॉ. कमलदांत, डॉ. ॥
4	हम गरम भोजन खाते हैं।	हम गरम का भोजन खाते हैं।
4	केरल के पहाड़ी जिलों में भारी बारिश की आशंका है.	केरल के पर्वतों में भारी बारिश के कारण केरल में भारी बारिश होगी।
15	श्रृंखला का पाँचवाँ और अंतिम टेस्ट-खेलशाला में 2024 मार्च से शुरू होगा-माह की 7 तारीख से शुरू होगी.	शतीला और के पांच तारीख को टेस्ट-खेल के इकाई में 2024 से 17 तारीख से शुरू होगा।
18	ये स्थानीय युवक शस्त्र लेकर सेना में आ जाते हैं, आक्रमण करते हैं, भागकर सामान्य जीवन जीने शुरू करते हैं, उनका परिचय गठिया के द्वारा होता है।	ये स्थानीय युवकों को शस्त्र लेकर आते हैं, भागकर, भागकर सामान्य जीवन को जीवित करने का शुरू करते हैं, उनके परिचय काठ से कर दिया जाता है।
4	दीपक आर्य संस्कृत जानता है।	दीपक आर्य संस्कृत जानता है।
4	डेढ़ सौ युवक हैं	साथ-साथ युवतियाँ हैं ।
2	ऐसा उसने बोला, इस क्रोधित केंकड़े ने अपने मुख से उसे गले से पकड़ा और मार दिया ।	ऐसा कहा जाता है और दिखला जैसे
12	आंचलबिष्ट ने चैलुसैन की सरस्वती शिशुमन्दिर से प्राथमिक शिक्षा और 9 कक्षा से 12 कक्षा तक माध्यमिक शिक्षा पाई।	हाँबिष्ट और चैलुसैन की सरस्वतीशिश मंदिर से प्राथमिक शिक्षा और 9 कक्षा तक के 9 कक्षा तक के लिए।
12	उन्होंने कहा कि आदरणीयागरों की रक्षा के लिए शक्ति है लेकिन माफियाओं को रक्षा करने के लिए नहीं।	उन्होंने कहा कि आदर कि आदर-नागरिकों की रक्षा के लिए शक्ति को तो नहीं तो मॉडल देने गया है।
3	उन सब को भी उठा दे ।	तब सभी अनुग्रह करेगा।
14	नेता जात के विजयकांत के निधन पर सूचनाप्रसारण मंत्री अनुराग सिंह ठाकुर ने भी दुख व्यक्त किया।	अपने नेता के नेता जापका विजय देने वाले एक सभा में सूचना सिंह की मृत्यु के बाद अनुराग सिंह ठाकुर ने भी इस प्रकार की कहानी प्रकट की।
6	पूरे संसार में लोग पर्यावरण दिवस उत्सव का आयोजन कर रहे हैं।	संसार में लोग पर्यावरण दिवस उत्सव का आयोजन कर रहे हैं।
5	परमात्मा जागत् का स्रष्टा है।	परमात्मा विश्व से स्रष्टा है।
7	अप्रैल में राज्यसभा में सदस्य चुना गया।	2006 में, अप्रैल में राज्यसभा सदस्य के रूप में चुना गया।
5	प्रतिदिन यहाँ यज्ञ भी होता है।	प्रतिदिन यहाँ यज्ञ भी होता है।
2	दोनों को ही चुनती हूँ	दोनों को मैं देखते हैं
5	हर शनिवार उसे पढ़ाने जाता हूँ	प्रतिशत पास से उसे पढ़ााने जा रहा हूँ ।
5	गोपाल गाय को इन्जेक्शन मारता है	गोपाल गाय को सूखियों के द्वारा मारता है।
18	चारों मार्गों में वाहनों की गति गति की सीमा निर्धारित की गई है, यदि नियमों का उल्लंघन होता है तो संबंधित वाहन की आईटीएमएस से स्वचालित ड्राइव कट जाएगा।	चारों मार्गों में वाहनों की गति सीमा पर रखी गई है, यदि यह नियमों का उल्लंघन करने का आईटीएसएमयह का उबरना गया है।
12	तमिलनाडु में पिछले हफ्ते भारी बारिश के कारण भारी बाढ़ के बाद केंद्रीय वित्त मंत्री निर्मला सीतारमण ने सोमवार को तुतिकोरिन्डर का दौरा किया।	
7	माता – तो फिर घर में अध्ययन करो।	माता – तो घर में ही अध्ययन करो।
12	राम भरत को बहुत देर से देखकर और बहुत खुश होते हुए उठाकर उन्हें गले से लगा दिया।	राम ने भरत को देखकर बहुत से खुश होकर उस मुदादल को उठाकर उसने उसे मार डाला।
8	यह अनुमानित पद्धति है जिसमें हम पाँच कोश से क्यों अलग रहते हैं।	यह अनुमान यह कहते हुए पाँच वर्ष से अलग-अलग किवाड़े में फंसे हुए हो।
4	किस राग की वेला है।	किसी का जी समय का समय है।
10	पर्यटकों के लिए गाय का भोजन, बोन फायर, लाइव संगीत भी व्यवस्था किया गया है।	पर्यटकों के लिए गालाभोजन, बोन फुटबॉल, लाइव और संगम का परमाणु रहता है।
8	हाँ देखिये , मैं आदर्श पाठशाला का छात्र हूँ।	हाँ देखिये , मैं आदर्श पाठशाला छात्र हूँ।
1	काम करने वाला	कर्मशील
8	पराशर के द्वारा हजारों विष्णु के, इस प्रकार पिल्लन के द्वारा दिव्यबन्ध की टीकाकरण किया गया।	पराश द्वारा विष्णुनामियों का, इस प्रकार बंद करने वाले द्वारा दिव्य प्रबन्धओं को टीकाकरण किया गया।
12	पृष्ठ भाग में बैठे हुए वीआईपी-प्रथित अपने मोबाईल फोन से एक सुंदर दृश्य पकड़ कर दिख रहे थे।	पीछे बैठा हुआ वीआईआई- अतिथि अपने आप अपने धर्म पर-पीडीरूक दृश्यों से मनोहण दृश्य दिख रहे थे।
8	मेरा दृढनिश्चय है मैं शत्रुओं को मार के आऊँगा।	मेरा दृढ़ निश्चय है , मैं शत्रुओं को मार के आऊँगा।
9	कांग्रेस पार्टी की "ट्रैक रिकॉर्ड" प्राक्तन कार्य में लीनताओं और भ्रष्टाचार से भी बचा रहता है।	कांग्रेस पार्टी की "त्रिय रिकॉर्ड" प्राक्तन कार्य में लीन प्रवचन वर्ष का भ्रष्टाचारश है।
8	देश में दो भारतीय समुद्र तटों को भी ब्लू फ्लैग प्रमाणन मिला है।	देश में दोनों भारतीय एक अन्य सागरओं के भीब्ल फॉर्म प्रमाण पत्र मिला।
1	निचले होंठ	होंठ
5	चक्र धारण करता है इसलिए उसको चक्रधर कहते हैं ।	चक्रवात से जड़ेता है।
1	ऐसे	इस प्रकार
5	कार्यशाला में 35 शिक्षकों का प्रशिक्षण हुआ।	कार्यशाला में 35 अध्यापक प्रशिक्षण हुआ।
7	बाद में, मुम्बयी विश्वविद्यालय के सार्वजनिक विधि महाविद्यालय से स्नातक के पदवी को प्राप्त किया।	बाद में, मुंबईयी विश्वविद्यालय के सर्वकरविधी महाविद्यालय से पद प्राप्त किया।
7	पति – तुम चलो , मैं आता हूँ।	पति – तुम जाओ , मैं आ रहा हूँ।
6	उसने उसे अपने पास ही रख दिया।	वह उसके पास ही रख दिया।
11	उच्च विस्तार शक्ति के साथएससंगठन द्वारा  ⁇ 3 ⁇ 2 वायरस को मृत्यु का सबसे आम कारण निर्धारित किया गया है।	उच्चतम बाजार में हुआ हैएसपाई 2ए-सीता 2,000 को कम करने के लिए के कारण यह में जन्म लिया गया है।
9	जहाँ मुख्यलिखित परीक्षा में सभी पत्रों में 216भ्यर्थी उपस्थित थे।	जहां मुख्य नाक परीक्षा में सभी पत्रों में 216भ्यर्थी उपस्थित थे।
12	पटनानगर में पत्रकारों के साथ बात करते हुए उन्होंने कहा कि वह अयोध्या नहीं जा रहा है।	पटनानगर में पत्रकारों के साथ बात करते हुए वह अयोध्या नहीं जा रहा हूँ।
7	सुचरित्र से मनुष्य महान् बन सकता है।	सुचरित्र के द्वारा कोई भी व्यक्ति बहुत बड़ी दुखी है।
12	दसवें सिख गुरु श्री गुरुगोविन्द सिंह थे वे सातवीं सदी सत्तर और तीन सौवाँ जयन्ती और अराष्ट्रवासियो को भक्ति और उत्साह के साथ पालित किया।	दसवीं सदी में श्री गुरुगो सिंह व के सात-तीन सौ कोश की सराहनीय आपस में सहमति देने वाले श्री गुरुगोचर ने चारों ओर से परिचित एवं भक्तता हासिल की।
4	उठा लो सारा कूड़ा तुम्हारा।	उठाकर तुम्हारा कूड़ा कूड़ा है।
7	आती हूँ, चलें किसकी दुकान चलें ?	आता हूँ। किसके बाज़ार जाओ ? किस पर जा रहे हो ?
12	इसीलिए भारत के सभी सज्जनों ने दीनदुःखियों की सेवा ही परम-पुण्यप्रदा कहा।	इसीलिए भारत के सभी को तैयारीएँ दी गई हैं कि भारत की सभी को प्रलयप्रदा ही कहते हैं।
1	धोखेबाज़	ठग
1	कोई।	कोई भी कोई भी
13	परन्तु वे संस्कृत से घृणा करते हैं। इसका मतलब यह है कि संस्कृत भाषा उनके खून में बहती है।	लेकिन वे संस्कृत समझ रहे हैं कि संस्कृत से ज्ञान होता है कि संस्कृत भाषा उनके खून में बहती है।
6	आषाढ़ महीने में वर्षा होगी ऐसी हम आशा करते हैं।	आराधना में वर्षा होगी ऐसी हम आशा करते हैं।
5	आज घर-घर में इसका उपयोग होता है।	इस समय घर में-गृह में इसका उपयोग होता है।
15	अब आपातकाल के बाद कीरतपुर-माली-राजमार्ग में प्रथम चंदवा निर्माण करने जा रहा है, अन्य राष्ट्रीय राजमार्गों में पूर्व निर्धारित-डीपीआर-के अनुसार काम होगा।	अब बाज़ार कीरतपुर-मना-राज-राजई पर पहली बार निर्माण करने की तैयारी कर रहा है, अन्य राइबू का पथिक-छपीआर- ॥
4	स्वरा पिछले सप्ताह इटारसी गई थी।	स्वरा पिछले सप्ताह इटारसी गई थी।
1	बांट ।	हिस्सा ।
4	भारतीय परिवार व्यवस्था अच्छी है	भारती परिवार को अच्छे व्यवस्था की है ।
10	और अभी खबर आ रही है कि जाह्नवी की फ़िल्म में अभिनय किया है।	और अब खबर आ रही है कि जाह्नवी की फिल्म में अभिनय किया गया है।
8	दूरदर्शन अभिनेत्री-श्वेता तिवारी शीघ्र ही"पुलीस फोर्स"इसे वेब की श्रृंखला में देखा जा रहा है।	दूरदर्शन से युक्त-उ है तिवारी तिवारीिगण, "पुलीस,र्स की भी पृथ्वी में दिखाई पड़ती है।
7	सभा में राज्यों के विधानसभा चुनावों के बारे में भी चर्चा हुई।	सभा में राज्य विधानसभा चुनाव के बारे में भी चर्चा की गई।
13	विशाल पर्वतों के गिरते हुए भाग पर अथवा अत्यधिक तेज वायु वाले स्थानों पर उत्पन्न, जुआ खेलने के पट्ट पर फेंके गये ये कम्पनशील अक्ष ( पासे) मुझे उन्मत्त कर देते हैं। यह पासे मुझे दिन-रात जगाने वाले होकर उसी प्रकार उन्मत्त कर देते हैं - - जिस प्रकार मुस्जवान् पर्वत पर उत्पन्न सोनरस का पान मादकता प्रदान करता है।	हे मनुष्यो! नये यजुलादि से मुग्ध हुए तथा 'पनियों को आपसे संक्षेप में याचना करते हुए आपसे सुनते, हे ।
14	यह पहेली भ्रम उत्पन्न करने वाली है। जो इस पहेली को पहली बार पढ़ता है, वह इसका यह अर्थ ही समझता है कि वैसा कोई वाद्य है कि जो अनेक सुंदर सिरों से विशिष्ट सुंदर ऋषियों के सदृश विशिष्ट है, और विष्णु के द्वारा सदैव पूज्य है । इस प्रकार प्रहेलिका का अर्थ करने के लिए पाठक इसके उत्तर का निर्णय करने में कभी समर्थ नहीं हो सकते हैं। यह अर्थ तो भ्रमात्मक है। इसलिए यह अर्थ यहाँ विचारणीय नहीं है। यहाँ प्रकृत प्रश्न का स्वरूप है कि वैसी कोई वस्तु है जिसके बहुत से सिर हैं। जिसका आदि अक्षर वकार है और अंतिम	अनेक प्रकार से या किसी दूसरे को 'राम) प्रणाम करके इस लोक को जो कोई नहीं जानता था। वह इनके द्वारा 'मैं तुम्हें आज इस विषय में धारण कर लिया होगा ॥
3	चूहे दौड़ते है |	चुह लोग दौड़ते हैं ।
8	प्रबंधक उसकी कार्यनिष्ठा को सुनकर ( देखकर) खुश हुआ।	होता है उसका कार्य सुनकर
5	पाँच मित्र एक साथ यात्रा करते हैं।	पाँच मित्र एक साथ यात्रा करते हैं।
3	मोहन कब खेलता है?	मोहन कब खेलता है?
8	वह कहती है - तुम सबके दोनों चरण संगीत के अनुसार रखो।	वह बोलती है - यूक्रेन ने दो चरण के अनुसार रखी हैं।
5	रास्ते में उसने भोजन नहीं खरीदा।	रास्ते में उसने भोजन नहीं खरीद लिया।
2	हाँ	हाँ ।
6	घटना के बाद शिक्षक घर से भाग गया है।	घटना के बाद शिक्षक घर से भाग गए हैं।
11	खबर के अनुसार''संजयलीला भंसाली''इसके''इंशा अल्लाह''इस फिल्म के बारे में आज खबर है.	खबर के अनुसार''संजयलीला भंसाली''इसका''इसे सभी खबर है''वह फिल्म में बात है।
1	इस जोड़ी में	मैं इस लिए
2	बगुला बकबक ऐसी आवाज करता है।	बगुला बकबक ऐसी आवाज़ करता है।
22	यूक्रेन युद्ध पर विरोधी पक्ष लेने वाले राष्ट्रों के बीच एक आम सहमति बनी, अफ़्रीकी संघ की सदस्यता प्रदान की गई, चीन-पाकिस्तान के गठबंधन का मुकाबला करने में निभाई गई भूमिका को भारत के नेतृत्व वाले शिखर सम्मेलन की जीत के रूप में देखा जा रहा है।	यूक्रेन ने युद्ध विषय पर खिलाफ पहने हुए दर्ज किए हुए देशों के बीच  ⁇ Sinrinrinrmalinm में एक अब क्या कर दिए, चीन-पाकिस्तान पर एक सुईप का जीत हासिल करने का प्रयास किया जाएगा।
14	छंदशास्त्र वेदों की छह शाखाओं में से एक हैं। छंदःसूत्राणी, छन्दोरत्नाकर, छन्दःसूत्रभाष्यराज, वृत्तिरत्नाकर आदि छंदशास्त्र पर प्रसिद्ध रचनाएँ हैं।	वेदों के छंदों में छंद है। शास्त्र के अन्य छंद हैं, छन्द से छविष्य जी, छंद सूत्रों के अंदर-उन्दना (अधमकार), ग्रन्थ ने छंदनाक शास्त्र को कहा।
6	पुत्रों के धन से सेवक भी लाभान्वित होते हैं ।	पुत्रों के धन से सेवक भी लाभान्वित होते हैं।
2	तेरह वर्ष के ।	तेरहe से-क्याज है।
9	यह याद रखना चाहिए कि रूस के पास पलटवार करने के लिए कई हथियार हैं।	कुछ कार्यक्रम करने के लिए रनों के साथ आयुधएँ हैं, यह याद करना चाहिए।
16	हे मनुष्यों ! परस्पर साथ-साथ चलने वाले द्युलोक और पृथिवी लोक जिन्हें सहायता के लिए बुलाते हैं महान् तथा परम शत्रु भी जिन्हें मदद के लिए युद्ध में बुलाते हैं एक ही रथ आरूढ़ योद्धा जिनकी सहायता चाहते हैं वे इन्द्र हैं	हे मनुष्यो! जिनकी सहायता के समय में सब इन्द्रियाँ, परन्तु सब कुछ छोड़ कर इस प्रकार यह इन्द्रियाँ ही निष्पाप होती हैं। तथा हे इन्द्र! वह इन्द्र देव के समान है।
5	हम दोनों बालक का नाम जानते हैं।	हम दोनों बालक का नाम जानते हैं।
12	पक्षिराज जटायु श्रीरघुनाथजी का यह कथन सहर्ष सुनकर उन्हीं के समान रूप धारण कर ब्रह्माजी से अत्यन्त पूजित हो परमधाम को चला गया ॥	तदनन्तर श्री राम ने श्री रामचन्द्र जी को तुम कहती हो, इस समय ब्रह्म में ब्रह्म में श्रेष्ठ होकर ब्रह्म में ब्रह्मलोक में न ब्रह्मलोक में आये हुए ॥
8	प्रायः सभी आधुनिक डिवाइडर-इलेक्ट्रिक-यन्त्र डीसी-वोल्टाेज-इत्यन से काम करते हैं।	प्रायः सभी आधुनिक डिजीटल-इलेक्ट्रॉन-इसका डीसी-एक्सटेज-इसे कामन कर रहे हैं।
13	नाविक बोला हे नाथ! यह बात प्रसिद्ध है कि आपके चरणों में मनुष्य बनाने वाला कोई चूर्ण है। आपने पत्थर की शिला से स्त्री बना दी है, और शिला और लकड़ी में अन्तर ही क्या है ? इसलिए मै आपके चरणकमलों को धोऊँगा ॥	हे आपके चरण कमलों में भी आपके चरणों में क्या करुँगा। हे अनघ! मैं आपके चरण कमलों में भी आपके चरणों की प्रकाशना करता हूँ। आपके चरणों में उसी की और आपके चरणकमलों में यह कार्य है। ऐसी ये श्रीबाबागुरुजी हैं ।
31	कार्यक्रम के समयखंड में महामहिमराज्यपाल सभी प्रदर्शनियों का दौरा कर रहे थे, तब पौडी जिले के रा. बी. ए.के. कोतवाल के छात्र राज्यपाल के सम्मुख महिलामतदाता जागरुकता और प्रयास"इस प्रकार पथनाटक किया गया, जिसे विज्ञान शिक्षक श्रीमती शकुन्तला बुडाकोटी ने निर्देश दिया।	कार्यक्रम के समय महदनीराज्यपाल जी सर्वप्रदर्शन, तब पौडी जिले के रा.बा.बा.बा.का. कोतट के छात्र राज्यपाल राज्यपाल ने नहीं पर्कता और है, जिसके निर्देशक:
11	समझदार मनुष्य को अजर अमर के समान बुढ़ापे व मृत्यु से रहित के समान विद्या शास्त्र - कलादि का ज्ञान को धन सम्पत्ति के उपार्जन के लिए सोचना चाहिए । मृत्यु ने केशों को खींचकर पकड़ा हो जैसे ऐसा धारण कर धर्म का, पुण्य का आचरण करना चाहिए ।	यह विचार कर नभनी ने विद्या का रूप धारण कर लिया है और न ही उसकी मृत्यु का चिन्तन करना चाहिए। क्योंकि धर्म का आचरण करना उचित है और यदि विद्या नहीं है तब धर्म के समान आचरण करना चाहिये ॥
7	ऐसी स्थिति में ये परिणाम कार्यकर्त्ताओं के मन को नष्ट कर देंगे।	ऐसे स्थित ये परिणाम कार्यकर्ताओं से रहित मनोरंजन को भी अधिक समय पर लगाएँ।
20	स्कूलों में अध्ययन समय सुबह 10 बजे से शाम 4 बजे तक नहीं बल्कि शाम 5 बजे तक परिवर्तन के आदेश पर सदन के सदस्यों ने आक्षेप किया।	स्कूलों में अध्ययन समय सुबह 10 बजे से शाम 4 बजे तक नहीं बल्कि शाम को 5 बजे तक बदलने का आदेश दिया गया.
19	विष्णुदेव साय इस बात के लिए हैं क्योंकि वह चार बार सांसद, दो बार विधायक, दो बार केंद्रीयराज्यमंत्री और दो बार राज्याध्यक्ष बने हैं।	विष्णुदेव सायका का नाम चर्चा में यह किया गया है, वह चारों बार सांसद, द्वारिवाला, द्विविव कुमार और राज्या आपके अध्यक्ष और राज्याध्यक्ष बने।
4	अब सब जगह कूड़ादान दिखता है।	अब सब जगह कूड़ादान दिखता है।
1	अनेक सुन्दर शिखरों वाला	अनेक बार-बार
5	स्वामी श्रद्धानन्द ने राष्ट्रहित के लिये काम किया।	स्वामी श्रद्धाानन्द ने राष्ट्रहित के लिये काम किया।
9	नौ सदस्यीय परिस्थितियों वाले एक प्राधिकरण की नेतृत्व जिम्मेदारियाँ-पर्यावरणीय परिवर्तन-वन विभाग की कार्य पर्यवेक्षक सुप्रिया साहो हैं।	नई सहेडियों से बढ़े हुए नेतृत्व को एक-दूसरे के परिवार परिवार-वन विभाग द्वारा किया गया है।
14	देश में आरक्षण नीति के अनुसार अनुसूचित जनजातीय समूह, अनुसूचित जनजातीय समुदाय और अन्य पृष्ठ पृष्ठवर्ग पहले विद्यमान विधि के अनुसार क्रमश: 10 फीसदी आरक्षण पाता है।	देश में यह उत्पन्न करने वाले अनुसूचित जातिएँ और अनुसूचित जाति वर्ग पहले ही वर्ष के अनुसार क्रमशः आइदी के अनुसार क्रमशः से एक प्रतिशत प्राप्त करता है।
6	सशंकित अवस्था में यहाँ घूम रहे हो।	रक्षक – सशांकि मन में यहाँ घूमता है।
9	माँ बहुत तेज की भूख है जल्दी से भोजन लगाओ।	माँ उसे बहुत भैंस की होती है। जल्दी से भोजन परोसा भी ले जाता है।
12	कौशल्या की माता, यशस्विनी कैकेयी, सुमित्रा, गुरुजन और शुभचिंतकों को देखना चाहती हूँ।	माता कौशल में यशस्विनी कैकेयी को कैकेयी की पत्नी और गुरु से पाला-पाला
8	सभी गौएँ बीस किलो जितना दूध देती हैं	सभी गाव मुझे यह कि्यान दूध दुहता है ।
7	रोगियों के उपचार के लिए स्वास्थ्यकेंद्रों में विशेषज्ञ उपचारक भी नियुक्त किये जा सकते हैं।	रोगियों के चिकित्सा केंद्रों में विशेषज्ञों को भी निगरानी के लिए भी निगरानी कर सकता है।
6	तुम किस कारण धन नहीं देते हो?	किसके लिए कारण तुम नहीं देते?
3	मुट्ठी पीनेवाला बच्चा मूट्ठी चूस रहा है।	मुट्ठी चूसनेवाला चूस रहा है।
1	हल	मार
5	बालक कार्य कर सकते हैं।	लड़के कार्य कर सकते हैं ।
4	वहाँ मैंने बाघा सीमा देखी।	वहाँ मैंने चन्दने को देखा।
4	सीता पत्रिका पढ़ती है।	सी से अधिक की प्राप्ति होती है।
1	मर रहे हो।	मर रहा है।
6	वह लड्डू बनाता है और बेचता है।	वह लड्डू बनाता है और बेचता है।
7	सर्वेक्षण में अधिकांश टिप्पण यूट्यूब चैनेल में प्राप्त हुए।	सर्वेक्षण में अधिक टिपनाही यूट्यूब-इस बीच जीत हासिल करने में पहुंचने पर जीत हासिल की।
5	वह नदी से जल लाता है।	वह नदी को जल लाता है ।
3	कैसे कर रहे हैं ?	कैसे करते हैं ?
20	और वैदिक वेदों, पुराणों, धर्मग्रंथों और सभी धर्मों के हमारे जीवन में भगवती वाग्देवी की उपस्थिति के विषय में वैज्ञानिक भाषा में तथा विज्ञान में हमारे शास्त्रों के प्रयोग विषय में सभी उपस्थित लोगों को संबोधित किया।	और वेदों में वेदों में धर्मग्राहीों में हमारे जीवों में हमारे जीव या हुए, शज्ञिकों का प्रयोग एवं विज्ञानी के प्रयोग में सभी लोगों को उपस्थित थे।
10	प्रदर्शनी में 500 रुपये से 1,500 रुपये तक मूल्य की वस्तुएँ स्थापित कर दी गई हैं।	प्रदर्शन में 500 रुपये से 1500 रुपये तक की कीमत रखी गई हैं।
21	उन्होंने अर्जुन से कहा कि तुम 'बृहन्नला' नाम से लेकर स्त्री रूप में आभूषण पहने हुए विराट नरेश की राजकुमारी के लिए संगीत और नृत्य के शिक्षण के लिए अनुरोध करना चाहिए।	उन्होंने अर्जुन से कहा कि तुम''बलीला''इसके नाम से स्त्री ने स्त्रियों के द्वारा जड़े गए राजा को देखा, जिससे लोग एक संगीत और नृत्य के शिक्षण के लिए अनुरोध करें।
19	श्रीमान ने अपने भाषण में वेदों में वर्णित देवी पूजा के कई प्रमुख पहलुओं, उनके प्रभाव, विधि आदि पर अपने विचार प्रस्तुत किये तथा हमारे जीवन में उनके महत्व,उपयोगिता और विशेषताएँ प्रतिपादित की गई हैं।	महोदय ने अपने भाषण में देवी की पूजा के नहीं वे सभी पक्षों को उनका प्रभाव किया, उनके प्रभाव से उनके विचारों पर उन्होंनेन्हों ने जीवन में उनका महत्व उपयोग किया, हमारा जीवन में उनका महत्व उपयोग किया गया।
2	मैं देती हूँ	मैं देता हूँ
5	उठो, जागो और श्रेष्ठ आचार्यों के पास जाकर ज्ञान प्राप्त करो।	उठो, जागो, श्रेष्ठ आचरण को प्राप्त कर लोग श्रेष्ठ हो ।
6	नहीं ये नहीं वो दिखाईये।	नहीं यह नहीं वह दिखाओ।
5	हिमाचल प्रदेश के पुल के निर्माण के संबंध में नया परिवर्तन किया गया है।	हिमाचल प्रदेश पुलिस अधिकारियों द्वारा में नया परिवर्तन का प्रयास किया जा रहा है।
9	रघुनाथपुर विश्व हिंदू परिषद के प्रांत अध्यक्ष लेखराजा को निमंत्रण देने के लिए कुल्लू में रघुनाथपुर पहुंचे।	श्रीरामपुर विश्वहिपित प्रांत के अध्यक्ष लेखराज तिवारी को कलराज ने कहा कि कुल्लू को महापुर में प्राप्त किया गया है।
5	अट्टालिकाओं में लोग उपर नीचे करते हैं।	अट्टालिकाओं में लोग उपर नीचे करते हैं।
6	A. ⁇ . बस में स्थान खाली नहीं था ।	ए. सी. के लोक में स्थान खाली नहीं थी।
13	साग खाने से रोग बढ़ते हैं, दूध से शरीर मोटा होता है, घी से वीर्य की वृद्धि होती है और मांस से मांस बढ़ता है।	पक्षी लोग एक-दूसरे के बल से बढ़ती है। पति के द्वारा रोगी को बढ़ती है तथा बलवान में लीन हो जाता है तथा मरने वाले का समय प्रलय भी बढ़ जाता है।
10	इस वर्ष के राष्ट्रीय युवा महोत्सव की बिंदु तुम सब के द्वारा की गई है।	इस वर्ष की राष्ट्रीय युवाता के बिंद युवओं के द्वारा युवकों के द्वारा युवकों को है।
5	सभी लोग प्रवचन सुनते हैं	सभी लोग प्रवचन सुन रहे हैं
9	आप सभी के प्रेरण में आने वाले प्रशिक्षण में संस्कृत के साथ संस्कृति को भी प्रकाशनाएँ।	भवनों से सभी को जानते हुए आने वाले प्रशिक्षण में संस्कृत में भी संस्कृति न' रखें।
3	वह सम्मानित होगा ।	वह महानगा ।
1	हितकारक पर दूसरा	मार्ग ।
8	यदि ऐसा है तो शस्त्र श्ख्तर चलाने में और युद्ध में कुशल बड़ी लड़नेवाली ख जाना और अन्नादि साम्री सहित सेना यृद्ध के लिये भेजनी चाहिये।	और भी, लापता, युद्धाई, युद्ध की इच्छा, लिपिन आदि सेल, सेना आदि को युद्ध के लिए भेज दो।
26	कार्यक्रम के बारे में सूचित करते हुए, चंपा जिले के वरिष्ठ संस्कृत शिक्षक अमरसेन ने कहा कि इस कार्यक्रम में भाग लेने से बड़ी खुशी हुई और कुछ महर्षिदानन्द की जनता के कल्याण के लिए और राष्ट्र के कल्याण के लिए किए गए कामों के बारे में विस्तृत वर्णन हुआ।	कार्यक्रम में बात करते हुए उन्होंने कहा कि चम्बा जिले के वरिष्ठ शिक्षक अमरक ने कहा कि इस कार्यक्रम में भाग लेने वाले महान आनन्द प्राप्त करने के लिए महर्षि कल्याण के लिए उन्होंने देश को कल्याण के लिए किया।
1	तराजू।	संतुलन
15	आप कर्म न करते हुए भी कर्ता प्रतीत होते हैं, आप स्थिर होते हुए भी जाते हुए तथा श्रोता न होते हुए भी श्रोता और द्रष्टा न होते हुए भी द्रष्टा प्रतीत होते हैं ॥	तुम क्यों नहीं जानते हो। तुम जाओ। किसी भी जा सकोगे। सुनो! तुम नहीं देखते हो। देखो तुम नहीं देखते हो।
7	बीच में स्थित सफ़ेद रंग सात्विकता और ईमानदारी का द्योतक है।	बीच में स्थित श्वेत रंगोसीता के कुत्ता और नदियाँ बनाती हैं।
6	तुम्हारी बहन भी विद्यालय नहीं जाती है"	तेरा छोटी बहन भी विद्यालय नहीं जाती है।
5	पानी की बोतल भूल गया।	पानी की बोतल भूल गई है ।
4	सभी वाहन मालिक भयभीत हैं	सभी वाहन के समान ही हैं।
4	अब सब जगह कूड़ादान दिखता है।	अब सब जगह कूड़ादान दिखता है।
1	नाट्यालंकार में चतुर ।	नाट्याल
5	इन उपरोक्त सबकी विधिपूर्वक रक्षा करनी चाहिये ॥	उन रोगों की अपेक्षा की आवश्यकता करते हुए उन रोगों की रक्षा करते हुए ॥
1	शुभ समाचार	प्रिय के लिए
8	वास्तव में शान्त पाँचों ही तत्व पृथ्वी, जल, अग्नि, वायु और आकाश धरती के योग-क्षेम (अप्राप्त की प्राप्ति और प्राप्ति की रक्षा) के लिए समर्थ कहलाते हैं।	वास्तव में शान्त ही पाँचों
12	इसके लिए केवल वैयाकरण ही समर्थ होता है, यथावत् विपरिणमय नहीं हो सकता।	इसके लिए केवल वैयाकरण की ही सामर्थियों को समझाने में सक्षम नहीं है, उन्हें यथावत्सल नहीं कर सकता है।
4	वे दोनों वहां स्नान करते हैं ।	वे दोनों वहां ही करते हैं ।
1	आदि से लेकर अन्त तक	एक पूर्व की भूमि है
5	विशाल कुल में उत्पन्न होने से क्या, यदि मनुष्य विद्याहीन है	कुल ने विशाल और विद्या से रहित के दिल्ली।
2	लोकनृत्य करते हैं।	लोकन नृत्य करते हैं।
3	इस बीच तीन मुख्यमंत्री हैं	इस बीच तीन मुख्यमंत्री को
19	कानोंसे सदा मनोहर राम नामका श्रवण करो और मनमें सदा तारक ब्रह्मका ध्यान करो, इस प्रकार प्राकृतशरीरके विनाशकालमें प्रत्येक स्त्री-पुरुषके कानोंमें कहते हुए, कोई काशीनिवासी जटाधारी (शंकर) वहाँकी गली-गली में चक्कर लगा रहा है	यह पेर पेड़ों द्वारा रामनाम के समान अपने प्यासे की अतिशयि है, इसलिए यह संसार ही लोगों की कान्ति है। जलीन नाम का कानूनी (राजा) है। जपनल में गध बुद्धि पर गिरे हुए कोई भी काशी लोभी नहीं हैं। कोई भी काशी में नहीं है।
1	छिक्का।	बर्तन के लिए गोफन
11	वह जरनैल सिंहभिद््रावाला के पलौ खालिस्तानी हैं- आन्दोलन को आगे बढ़ाने का प्रयास कर रहा था।	वह बलीसिंह द्वारा करती हुई लापता से लखवाग पर खहराई-एक आंदोलन के साथ-साथ प्रयास कर रहे थे।
13	हे राम ! न मुझे विजय की आकाङ्क्षा है और न स्त्री सुख की ही आकाङ्क्षा है । भव बन्धन विमोचनी आपकी भक्ति ही में चाहता हूँ ॥	हे राम! नचिकेता, न केवल जलमग्न महाचारादि हे राम! सदा कौन हमेशा वन में नहीं रह पा रही है। ॥
2	अर्थके लिए लालसा रखने वालों के लिए अर्थ धन	धन की जीविका के अर्थ में अर्थ समान ।
6	(वन का दृश्य। पास में ही एक नदी बह रही है।)	वन का दृश्य पास से ही नदी बहती है।
1	पुत्र की अपेक्षा वाला	पवित्रता को ।
7	स्वयमेव कहा कि अतिथि व्यथा के बारे में लोगों में जागरूकता है।	स्वयं कहा गया है कि अतिथि सब को पर जन थे।
6	ये ही मिलकर या अलग-अलग हमारे पर्यावरण को बनाते हैं।	वे मिलकर मिलकर अलग से अधिक पर्यावरण बनाते हैं।
7	उस भारतीय युवक का नाम क्या है ?	उस भारतीय युवक का नाम क्या है ?
1	उसके द्वारा	उससे
6	गाँव के निकट एक सरोवर है।	गाँव के पास एक प
4	वर के पैरों में हल्दी लगाती हैं।	वर के चरणों में हरिद्वार लगाते हैं।
7	उसी प्रकार मनुष्यों का संघ (समूह) ही कुछ कर सकता है।	उसी प्रकार मानव संघ और इस प्रकार कुछ भी करने में समर्थ है
6	तो शीघ्र स्नान करते हैं क्या ?	तो जल्दी से स्नान किया जाता है न ?
14	वे उस विशाल स्वर्गलोक को भोगकर, पुण्यक्षीण होने पर, मृत्युलोक को प्राप्त होते हैं। इस प्रकार तीनों वेदों में कहे गये कर्म के शरण हुए और भोगों की कामना वाले पुरुष आवागमन (गतागत) को प्राप्त होते हैं।।	वे श्रीबाबागुरुजी स्वर्ग से स्वर्गलोक (लोक) को (धन और प्रलय) पर विजय देते हैं। ये तीनों लोकों में मृत्यु को प्राप्त होते हैं। अर्थात् लोग इस आनन्द से लोग भोग को प्राप्त करते हैं।
5	दीपावली के लिये भी वस्तुएँ खरीद रहे हैं	दीपबली पर्व के लिये भी वस्तुएँ खरीदती हैं।
8	परन्तु पुलिस इस विषय में कुछ नहीं बोलती है।	परन्तु पुलिस इस विषय पर कुछ भी बोल नहीं सकता।
5	अनुचित कर्म का फल अनुचित ही होता है।	अनुचित कर्म का फल कहा गया है।
4	थोड़ा योगाभ्यास भी करिये।	थोड़ी अभ्यास भी करें।
4	वह बुद्धिमान् ( इन्टेलीजेंट ) है ।	वह मेधावी है
10	श्री विश्वामित्र जी राम और योगमाया से संयोग कराने हेतु आए हैं। हे राजन् ! यह अत्यंत गोपनीय रहस्य किसी भी समय किसी के समक्ष नहीं कहना चाहिए ॥	विश्वामित्र को भी उस राम को सीता का रूप धारण कर श्री राम की वाणी में चल कर वह राजकुमारों से बोले ॥
1	बग़ीचों में।	उद्यानों में।
4	वह पैदल चल रही होती है ।	वह चलती है।
10	उन्होंने कहा कि अपना वीरभद्रसिंह ने राज्य में धर्मान्तरण से विरोध करने का विधेयक लाया था।	उन्होंने कहा कि अपने वीरभद्रसिंह राज्य में धर्म के प्रसार को पूरा किया गया था।
3	मत जाओ ।	मत जाओ ।
10	क्या भूल जाते हो कि कौआ काला है, कोयल काली है। कौआ और कोयल में क्या भेद है।	क्या भूल जाता है कि-कब कौन कृष्ण को पिकका कोयल की पक्की का क्या होता है?
18	जी.एस-20वें उच्च शिखर सम्मेलन से पहले नई दिल्ली में भारतीय प्रधान मंत्री नरेंद्र मोदी के साथ चर्चा के बाद जारी संयुक्त प्रस्ताव में बाइडेन का सहयोग प्रस्ताव शामिल था।	जिन्हें 2010 को मंदिर से पहले नई दिल्ली में भारत के प्रधानमंत्री नरेंद्र मोदी के साथ की चर्चा के बाद संयुक्त राज्य अमेरिका की के सहयोग के बाद संयुक्त रूप से की गई।
9	मन को हरने वाले फूलों को देखकर दुःखित मनुष्य का मन भी प्रसन्न हो जाता है।	मनोहारीणि को देखकर दुःख देखकर दुःख का मन भी प्रसन्न होता है।
12	उन्होंने कहा कि दिसंबर में चूड़धार में भारी बर्फबारी के कारण तापमान शून्य से कम है।	उन्होंने कहा कि दिसंबर में की ॥
5	शयुन भाषा में''श''उन्होंने यह अक्षर स्वीकार किया।	सोना ने भाषा में''श''इस अक्षर को स्वीकार किया।
1	वायुरहित	वायु।
3	घड़ा कैसे भरता है?	घड़ा कौन-सा जरा जाता है?
5	दूध पसन्द नहीं है क्या ?	दूध पसन्द नहीं है क्या ?
10	व्याकरण एक कठिन विषय है फिर भी उनके व्याख्यान में पतञ्जलिना की शैली संवादात्मक थी।	व्याकरणशास्त्र को विषय पर उनकी इस वेब में गिरफ्तार किया गया था, अब खतरे में डाले गए हैं।
1	घुंघरू	पिसना
1	जाता है	जाता है।
13	भावि-प्रधानमंत्री ने परीक्षा पर ध्यान केंद्रित किया कि छात्र बहुत से प्रश्नों के उत्तर लिखने का अभ्यास करें।	प्रधानमंत्री- परीक्षा की प्रतीक्षा निटानी प्रधानमंत्री ने कहा कि छात्रों को उत्तर प्रदेश की उत्तर प्रदेश के लेखकों का लेख करिये।
9	इसके अतिरिक्त, पटियालाबस्ती में पांचों गाँवों के धर्म के विरोधी लोगों को सामुदायिक कल्याण के लिए 2 लाख रुपये का दान किया गया है।	इसके अलावा, ग्राम पंचायत धर्म की महानैंली में टियाबारा में सामुदायिक भवन के लिए 2 लाख रुपये स्वीकार किए गए हैं।
8	भूकंप का केंद्र चंबा शहर में भूपृष्ठ से किलोमीटर दूर था।	भूकंप के केंद्र, चम्बा शहर में उत्पन्न हुए कि कि किअध था-यह करके.
1	पीसना	पका हुआ
8	इसी प्रकार क्षणभर में उन्होंनेन्हों का रोमांचक युद्ध हुआ।	इसी प्रकार एक रोती जी रोम की युद्ध में युद्ध तो युद्ध हुआ।
4	इसके बाद तपस्या करता हुआ तपोदत्त प्रवेश करता है)	तब तपता है तपस्वी तप के तप को तप से तपा चलता है।
3	गायें बन में चरा।	गाजर से बनाओ।
7	संस्कृत फ़िल्म के निर्माता और निर्देशक को बहुत बहुत धन्यवाद ।	संस्कृत फिल्म के निर्माता और निर्देशों को कई धन्यवाद।
10	उभय सदनों के कार्य को सुचारु रूप में सुनिश्चित करने के लिए आज नई दिल्ली में सर्वदलीय बैठक की घोषणा की गई।	तुम दोनों के दोनों का सुचारु रूप में कार्य सुनिश्चित करना है। आज नया भी है।
11	सूचना के अनुसार, आपदा में पंकज कुमार(२५) पिछले दो साल पटना में गयाघाट के शनिमन्दिर के पास रहा था।	सूचना के अनुसार, भी दुवासी पंकज कुमार (25) दो वर्ष दो साल के बाहर चाहिए।
9	सभी लोगों से कल्याणकारी पवित्र वाणी बोलूँ	महा योजना और कार्य से पूरा मनुष्य को जो गाह किया गया है।
4	लक्ष्मी शुद्ध किस तरह होती है?	लक्ष्मी शुद्ध किससे होता है?
6	उसके बच्चे अनंतनाग में ही पढ़ते थे	उसके बच्चे अनंतनाग में ही पढ़ते थे
11	सभा में भारत के पूर्वोत्तर क्षेत्र के केंद्र सरकार मंत्रालयों, कार्यान्वयन संस्थानों और राज्य सरकारों के प्रतिनिधियों के साथ भाग लिया गया।	सभा में भारत के पूर्वोत्तर क्षेत्र के केंद्रीय सरकारों, लागूयन संस्थानों, राज्य सरकारों के प्रतिनिधियों के साथ भागीदारी में भाग लिया गया था।
3	देवदत्त कुआँ खोदता है	देवदत्त कुएँ खोदता है।
7	पुरुष बोला- उसका स्वामी स्वयं भी अन्याय करनेवाला है।	पुरुष बोला-तने ही अन्य स्वयं अनपढ़ है।
26	क्रोधित भीम ने कहा कि अब जब तक वह कीचकारी कुछ कहेगा या दुबला करेगा तब तक तुम उस कीचकारी को इस प्रकार कहोगे कि "अर्धरात्री को नाट्यगृह में आकर मेरे साथ मिलना करो।"	क्रोध से डरते हुए ने कहा कि अब ही वह कनेच से कुछ भी व।विखार में या घूमे तुम यह कहिये कि "मैं यह नाट्यगृह अपने घर आया है"।
5	काशी विश्व का प्राचीनतम नगर है।	काशी विश्व का प्राचीन नगर है।
1	संस्कार	छाप कानाकरण
2	उसका लड़का	उसका पुत्र
10	और मेरी पूजा सत्कार के अनन्तर सुखपूर्वक बैठकर प्रसन्नचित होकर मुझसे बोले हे राजन् । एक गुप्त बात सुनो, यह आपका अभ्युदय करनेवाला है ॥	तदनन्तर राजा ने सुखपूर्वक सुने हुए राम का यह वचन सुनकर सुखपूर्वक सुने हुए वचन सुनकर उसे देखकर श्री राम की बात सुन कर वह निश्चयपूर्वक बोली ॥
3	श्रुति संस्कृत गाने गाती है।	वेद संस्कृत गीत गाती है।
9	मुख्यमंत्री सुक्ख बोला कि केंद्र सरकार की पहल जल प्रदूषण का विरोध कर रही है।	मुख्यमंत्री सुक्खू ने कहा कि केंद्र सरकार के उप पहल जलोपकर का विरोध करते हैं।
11	श्री विश्वामित्र जी ने पूजनीय रघुनन्दन का पूजन कर, गोद में बैठाकर भक्तिपूर्वक प्रेमाश्रु से पूर्ण हो आलिंगन किया ॥	विश्वामित्र जी का पूजन करते हुए विश्वामित्र जी ने रामजी की यह बात सुनकर श्रीरामचन्द्रजी कंगन की कथा सुनकर आनन्द प्राप्त किया ॥
1	उत्कृष्ट	उत्कृष्ट
6	माँ उसके लिए कपड़े देती है।	माँ उसके लिये कपड़े देती है।
6	लेखन कौशल के विकास से छात्रों के ज्ञान क्षेत्र विस्तृत हो जाता है।	लेखन कौशल की वकील छात्रों द्वारा ज्ञान क्षेत्र से ज्ञानक्षेत्र बन रहा है।
9	इसके बाद चम्मच शर्मा और हेमन्त ने तीखा गेंदा फेंका।	और इसके बाद। इसके बाद हे ।
9	यह गृह मंत्री ए नमस शिवाय, शिक्षा मंत्रालय के एक अधिकारी थे, जिन्होंने विधानसभा में इस मुद्दे को उठाया था।	शिक्षा मंत्रालय के अधिकारियों ने गृह मंत्री से एरणीय शिविर से विधानसभा में विधानसभा में आवेदन की-बड़ी।
1	मद में	मदिरा को
11	पूर्वभाजपा सरकार ने अनेक कांग्रेस नेता, नेताओं और कार्यकर्ताओं के खिलाफ मिथ्याप्रकरण कर रहे हैं, नेता ने कहा।	पूर्वजों के बारे में कई कांग्रेस नेताओं, कार्यकर्ताओं के खिलाफ एकी मामले की घोषणा की गई है।
1	दुर्बलता	धिक्कार है
7	और उस यात्रा में ग्यारह कोटि लोगों को साथ ले जाया गया है।	इसके बाद, यात्रा में ग्यारह-कोटि से प्रति बहन की गई है।
38	यहां जो कोई भी वर्णीय या धर्म केप्रदाय का अनुयायी होगा, यदि वह भारत में भारत के लिये रहते तो, अपने आश्रय के भक्ति से युक्त जीवन को भारत सेवा और उन्नति में जोड़े, यहाँ संस्कृति, शास्त्र, देवताओं की भाषा को संरक्षित करने और बढ़ाने के लिए प्रयत्न करता है, तो वहकृतार्थ भारत पुत्र के समान है। चञ्चलट के चित्त में इसकी आध्यात्मिक एकता की भावना है, उस देश का गौरव छिपा हुआ है।	यहां जो कोई भी वर्णीय या धर्म के संप्रदाय का अनुयायी है, यदि वह भारत में भारत के लिये रहता है, अपना आश्रय के भक्ति से युक्त जीवन भारत सेवा, यहाँ एक आदि में उन्नति करना चाहिए, यहाँ से, देव-रक्षा के लिए यह आध्यात्मिक और प्रलय का गौरव बढ़ रहा है।
3	प्रातःकाल व्यायाम किया	आपने व्यायाम किया
7	प्रतिव्यक्ति आय 2,35,199 रुपए की अनुमानित है।	प्रतिव्यक्ति आय है, 2559 रुपये का अनुमान है।
10	हिमाचल-संस्कृत-अकादमी के सचिव डॉ. केशवानंद कौशल ने सभी विशिष्ट अतिथियों एवं विद्वानों का स्वागत किया।	हिमाचल-संस्कृत-अतम के सचिव डॉ. बालवानंदन ने सभी विशिष्ट अतिथिओं का स्वागत किया।
3	लोगों को प्रवृत्त करने के लिए अच्छा समय है।	व्यक्ति के द्वारा अपने जल्दी से आऊँगा ।
3	साढ़े चार बजे हैं	साढ़े चार बजे ।
10	पीताम्बर दत्त की इच्छा थी कि सभी विषयों का ज्ञान हिन्दी भाषा में पढ़ाया जाए।	पीताम्बरदत्त की इच्छा थी कि सभी विषयों की ज्ञान में पढ़ाई जाने की कोशिश करना चाहिए।
16	वह सरकार के सदस्यों और विपक्ष के साथ मिलकर बीजली महादेव- रज्जु मार्ग के खिलाफ विरोध करने वाले लोगों को रोकने के लिए आह्वान किया।	सरकार को सरकार के सदस्यों को विपक्ष और बीमार महा है- रस्सी के खिलाफ विरोध कर रहे लोगों को विरोध करने के लिए आह्वान किया।
10	आज भोजन में चावल, दाल, सब्जी, पापड़ और खीर है।	आज भोजन में ओ दूँ, सूप, व्यंटी, और पड़ट हैं।
1	रहती है	रहता है
4	तुम्हारा भांजा संस्कृत पढ़ेगा।	तुम्हारे भाग है संस्कृत पढ़ने ।
12	इन सभी चीजों को देखकर राज्यचिकित्सा एजेंसी जनवरी से कृष्ण वर्ण की चिह्न रखकर विरोध करेगी।	ये सभी वस्तुएँ देखकर राज्य चिकित्सा अधिकारियों द्वारा जनवरी को जनवरी से छीन नहीं मार सकेगा।
4	वह कमण्डल में दूध ले जाता है ।	वह टैची में दूध ले जाता है ।
12	उनका पूरा नाम शिवाजी राजे भोसलें था, उन्हें छत्रपति उपाधि प्राप्त हुई।	उसका पूर्णनाम शिवाजी राज में य तो उसकी छत्रपति के रूप में मनाया गया।
5	दस छात्रों ने विविध गीत गाए।	दस छात्रों ने विविध गीत गाए।
10	जब अपने मन का उदय होता है तब सभी उदय होते हैं।	जब अपने मन का पेट होता है तब सभी को पेट जाता है।
4	उनके ऊपर आवरण लगाता है।	उनके ऊपर आवरण संभाल रहा है।
17	इस वर्ष का''मांडलकाले''सबरीगिरि के श्री धर्मशास्त्री मंदिर में कन्नूर जिले के तलिप्परम्पा क्षेत्र के मूल निवासी के जयारामन नाम्पुतिरी-48 वयस्क-वह मुख्य पुजारी होंगे.	इस साल का''मंक पर''बरिगिरि मंदिर में श्री धर्म के द्वारा कन्नूर जिले में कन्नूर जिले के कन्नूर-अबयनों के कताब में- 48 वर्षीय व्यक्ति होंगे।
4	मैं उसे नहीं जानता हूँ	मैं उसे नहीं जानता हूँ
7	विषयों का चिन्तन करने वाले पुरुष की उसमें आसक्ति हो जाती है? आसक्ति से इच्छा और इच्छा से क्रोध उत्पन्न होता है।।	इस प्रकार यह पुरुष विषयों के द्वारा उत्पन्न किए जाने पर भी वह (इसी प्रकार) ही कामवासना उत्पन्न होता है। काम से रहित (वठे) होता है
17	मंत्रालय ने प्रतिपादित किया है कि अनुसंधान एक स्पष्ट रूप से पृथ्वी के कारण से ऑटोमोबाइल क्षेत्र के सामने आ रहा है, इस क्षेत्र से विकासमुखी-प्रतिस्पर्धी निर्माण की संभावना अधिक होगी	मंत्रालय ने प्रतिपादित किया है कि संशोधन से अधिक स्पष्ट रूप से ऑटोमोबा क्षेत्र आगे सरसबा, इस क्षेत्र में विकास के निर्माण की संभावना बढ़ जाएगी।
8	रेलवेस्टेशन से घर जाकर वह भाई के साथ अल्पाहार करेगी।	रेलस्थान से घर जाकर वह घर के साथ नाश्ता करेगा।
5	(प्रसन्न होकर वह गाय की बहुत सेवा करता है)	(नन्न मन वाला) गाय की सेवा करती है)
16	उन्होंने कहा कि यह पद्धति बहुत कम है, उसका खर्च हर पल केवल रुपये ही होता है।	उन्होंने कहा कि यह भी एंटी बहुत कम है, उसका व्यय प्रति
6	दीपिका –हाँ मुझे भी सबने बुलाया।	दीपिका –हाँ मुझे भी सबने मारा।
7	संस्कृत में शोध शब्द का प्रयोग नहीं किया गया है।	ये महाभाष्य (ष्यशृङ्ग) शब्द नहीं हैं।
10	कार्यशाला में आचार्यराधेश्याम, आचार्य मनोज, प्रवीण और दीपिका स्रोतपुरुष के रूप में उपस्थित होंगे।	कार्यशाला में आचार्यराधेश शर्मा, आचार्यमनोज, प्रवीण, और दीपिका के रूप में आयोजित की जाएगी।
9	हाल ही में रिपोर्ट आई थी कि वैश्विक समुद्री जल छत्रछाया में वृद्धि का असर द्वीप देशों पर पड़ेगा।	रिपोर्ट के अनुसार, दुनिया के पानी के साथ बढ़ाने वाले द्वीप पर बुराईं तरफ के निकट आ गया है।
8	उस युद्ध में बदलूराम नाम का एक सैनिक वीरगति को प्राप्त हुआ।	उस युद्ध में बदल है एक सैनिक एक सैनिक वीर के समान पहुँचा।
15	सुजुकी मोटर कार्पोरेशन, रिलायंस-इण्डस्ट्रीज, अदनी-समूह, और आर्सेलर मित्तल के साथ-साथ हरित विकास क्षेत्र में निवेश के बारे में चर्चा की गई।	सुजुकी मोटर कार्रवाई, रिलांस्टीक, अदानी-इसर, नेलरम नामक स्थान पर? समानता के क्षेत्र में निवेश के क्षेत्र में चर्चा की।
9	अर्थ क्षायिक सम्यकत्व, अनन्तज्ञान, अनन्तदर्शन, अनन्तवीर्य, सूक्ष्मत्व, अवगाहनत्व, अगुरुलघु और अव्याबाध सुख-ये-आठ गुण सिद्धों के होते हैं ॥	क्योंकि-उछणों से युक्त, श्रीराघव के तह पर पूर्ण, अवहधना, अवहव (मेघौरादि) आदिशा, अट्ठे, अहा ये दोनों को आगे बढ़ाने से युक्त हो। यह 'र्ची पुष्प' कहते है । इसके बाद सिद्ध यह अचानक बन जाता है । इसके बाद जो गहन काम समाप्त हो गया हो, उसका असंय करना चाहिये ॥
17	पिछले दिनों रायपुर में केंद्रीय अवलोकनकर्ताओं के अर्जुन मुंडा-सरबंद सोनोवाल-दुष्यन्त कुमारगौतम के सामने भाजपा-दल के नवनिर्वाचक चार-पांच विधायकों की बैठक में विष्णुदेव विधायक-दल का नेतृत्व करने के लिए चुना गया.	पिछले दिन रायपुर में केंद्रीय मंत्री जॉक्षों के अर्जुन के अर्जुन बर्डा, सर्जनों और अन्य वंदनाल के लिए भाजपा-दल के नौवें दिन केंद्रीय विश्वविद्यालय की बैठक में विष्णुदेव-दल के नई बैठक में विष्णुदेव पार्टी के नेताओं ने भी किया।
11	आचार्य शालिनी दीक्षित ने वहां उपस्थित विद्यार्थियों को बड़े ही रोचक ढंग से संस्कृत में परिचय पढ़ाया।	आचार्य को की एक प्रतियोगिता में, वहाँ उपस्थित छात्रों को अच्छी तरह से समझाया गया।
3	तुम फूल लाते हो	तुम फूलों को लाओ लाओ ।
1	इंद्र	लालच
5	''प्रभो! तुम एक सत्य संकल्पवाली हो।	''प्रो! तुम सचमुच होओ ।
9	पार्वती मन, वाणी और कर्म से तपस्या करती थी।	पार्वती मन से और वाणी से तप के तप से ही तप कर रही थी।
20	युवाकविसम्मेलन, ज्योतिषसम्मेलन, संस्कृत महोत्सव, गीता जयंती महोत्सव जैसे कार्यक्रमों द्वारा देश के विभिन्न राज्यों में संस्कृत प्रेमियों और छात्रों को संस्कृत भाषा के वैज्ञानिक, वे आध्यात्मिक और धार्मिक महत्व को समझाने के लिए लगातार प्रयासरत हैं।	युवा लोग सम्मेलन, ज्योतिष सम्मेलन, संस्कृतमहर्षि, गीता जयंती, गीता जयंती जैसे कार्यक्रम, द्वारा देश के विभिन्न राज्यों से संस्कृत प्रेमियों, आ 'ंजनन धुएँ, आ "संम्पन यह अपना महत्व है कि
1	वैसा	इसी प्रकार
11	जब वे दोनों सहायता के लिए श्रीकृष्ण के शय्या पर पहुँचे तब वह सो गया।	जब वे दोनों सहायक के लिये श्रीकृष्ण का सफाई प्राप्त करने के लिए सोया था।
9	मालिनी – परंतु यह तो कम उम्र की दिखाई देती है। क्या काम करेगी यह?	मालिनी – परन्तु ब्रह्मवेत्ताओं का प्रतीत होता है। क्या काम है?
5	उसके बाद चित्र बनाऊँगा।	पुत्र – उसके बाद चित्र बनाते हैं।
7	रात में फटे दूध में गुड मिलाकर मैंने खा लिया।	रात में दूध के मूँठ को मिलाकर डोरी खा गया।
10	फल के प्रभाव से सूर्य बादलों में छिपा हुआ है, संध्या की घड़ियाँ बना दी गई हैं।	परिणाम से सूर्य मेघों में निहित हो गया, प्यासा का घूमना भी बनाया गया।
9	जो व्यक्ति संतोषरूपी अमृत से तृप्त है, मन से शांत है, उसे जो सुख प्राप्त होता है, वह धन के लिए इधर-उधर दौड़-धूप करने वाले को कभी प्राप्त नहीं होता।	क्योंकि सुख देने वाले होते हैं कि सुख देने वाले हैं और शान्ति में शान्ति का ज्ञान नहीं है। धन के सहित धन और दुःख को भोग ही दौड़ते हैं।
5	फिर जमींदारों का साम्राज्य छिन्न-भिन्न हो गया।	अब भूमि विघ्न (सूर्य) को वि से दिया गया।
7	तुम्हारे बिना मेरा जीवन दूभर है।	तुम्हारे बिना मेरा जीवन दूत है।
8	आपके द्वारा क्षोभित होने पर महत्तत्व उत्पन्न होता है। आपकी प्रेरणा से ही महत्तत्व से अहंकार उत्पन्न होता है। महत्तत्व से संवृत अहकार तीन प्रकार का हुआ, वह सात्विक, राजस ओर तामस कहा जाता है। ॥	तुम्हारे द्वारा पहले मुझे बहुत पसन्द है कि मैं महान् बलशाली हूँ। महल में जल से अत्यन्त प्रेम हुई है। क्योंकि तुम मुझे इस महान वस्तु को प्राप्त हो जाओ ॥
4	कल मत आईये ।	कल मत आईये।
6	माता – आज सेव ही लाओ ।	माता – आज ही सेवक ही लाओ ।
9	यहाँ वह केंद्रीय मंत्रियों, दल के शीर्ष नेताओं से मिल सकता है।	यहाँ उन्होंने केंद्रीय मंत्री, दल के शीर्ष नेताओं से मिलते हैं।
1	चाहते हो	तुम चाहते हो
4	विभा के घर में हवन है।	विभा के घर यज्ञ है।
7	जब वह क्रोध करती है तब दर्शक भी क्रोध करते हैं।	जब वह क्रोध करती है तब दर्शक भी क्रोध करते हैं।
3	ओह, पसीना.	ओह पसीना .....
11	जिस घर में हल रोज बिना कारण झगडा हो, जीवित रहने की इच्छा वाले को उस घर को दूर से ही छोड देना चाहिए।	इसलिए यदि कलराज जी घर के उस घर में नित्य ही रहूँ, तब वह घर पर ही रहता है।
6	अरे भूल गयी। नमक लो।	अरे ! ले लो। स्वीकार करो तुम सब को भूलो।
1	ऊन बेचने वाला	योजना करने वाली देवताओं के द्वाराडने वाली
8	अंत में सौ लोग भण्डार में प्रसाद रूप में खिचड़ी का सेवन करते थे।	अंत में सैकड़ों लोगों ने भंडार में बहुत से लोगचारा सेवा की सेवा कर रहे थे।
5	इस संबंध में भारतीय फार्मास्युटिकल टीम ने नई गाइडलाइंस जारी की हैं.	इस भारतीय भंडार, नई टीम, नई सहमति से प्रकाशित होने वाले प्रकाश में।
6	उसने प्रधानमंत्री को अपना-अपना सन्देश भी दिया.	उन्होंने प्रधान मंत्री को अपनी-ओ संदेश भी दिया।
15	जब उन्होंने पापमुक्ति का उपाय नहीं देखा, तब ब्रह्म के पास जाकर उसने सारी घटना सुनायी।	जब वह पाप से कहा नहीं तो वे भी देखा, तब ब्रह्मा जी ने पास के पास के पास जाकर सब कुछ सुन ली।
3	पश्चात् उस केंकड़े ने यह सुनकर अन्य जल निवासियों को भी उसका भाषण निवेदन किया ।	उसके बाद उस केंकड़े ने यह सुनकर अन्य जल निवासियों को भी उसका भाषण निवेदन किया ।
10	मित्र बोला - वही अधिक हितकारी है । "कौन-सा तुम्हारा वैद्य है ?"	इस प्रकार बोला - वही अच्छा है, यह तो गुम्फित है।
9	यह विभाग दुर्गति में बर्फबारी से पहले और बाद में मार्गों में कैल्शियम क्लोराइड को सींचता है।	विभाग दुर्गम बर्फबारी से पहले बाद में बर्फबारी का से कैल्श गुंधरा सिर्फ सिल्हाउस हो रहा है।
3	स्वदेशी टमाटर लाया हूँ।	अपने देश में लालची लाए।
4	वह पैदल चल रही होती है ।	वह चलती है।
1	होने पर।	होये
1	पी	पीता हैं
3	मिलना	पास जाना
7	दूर के क्षेत्रों में टीकाकरण अच्छा नहीं किया जाता है।	दूर से दूरदर्शन क्षेत्रों में टीकाकरण नहीं किया जाता है
6	यहाँ मनुष्य प्रतिदिन अन्न खाता है।	यहां मनुष्य प्रतिदिन रूटता है।
3	रामेश्वर घूमने के लिये निकला।	रामेश्वर घूमने के लिये निकला।
2	देवदत्त पूजा करता है	देवदत्त अर्पित करता है।
1	निन्दा से।	रॉके से
19	कार्यक्रम के उद्देश्यों को सूचित करते हुए संगोष्ठी संयोजक इतिहास विभाग के प्रभारी डॉ. राकेश कुमार शर्मा, जनरल जोरावर सिंह और उनके व्यक्तित्व के कार्यों के विषय में अपने विचार प्रस्तुत किये।	कार्यक्रम के उद्देश्य से संगोष्ठी के लिए संगोष्ठी के संयोजक डॉ. राकेश कुमार शर्मा ने जनरल सिंह की व्यक्तियों के व्यक्तित्व और लोक के व्यक्तित्व के बारे में अपने विचार व्यक्त किये।
9	बड़ों का अभिवादन करने वाले मनुष्य की और नित्य वृद्धों की सेवा करने वाले मनुष्य की आयु, विद्या, यश और बल ये हमेशा बढ़ती रहती है।	जिसके पास सभी वृद्ध लोगों की सेवा करने वाले (सड़-तना) आयु, आयु, विद्या और यश-ये चारों बढ़े जोका करते हैं, ऐसे लोग उनकी आयुधशाला है।
4	हम संस्कृत में समर्थ हो जाएँगे।	हम संस्कृत में समताबित की जाएगी।
9	इसके अलावा विधानसभा क्षेत्र में सुरक्षा व्यवस्था को मजबूत करने के लिए सीसीटीवी-ड्रोन-यन्त्रों का उपयोग होगा।	इसके अलावा विधानसभा में सुरक्षा व्यवस्था सु व्यवस्था को बढ़ाने के लिए सीजीटीवी-ड्रोन-काने का उपयोग होगा।
5	संभाषणशील व्यक्ति प्रिय होता है।	भाषण तो इस भाषण का प्रिय है।
1	करना	करता है
4	बगीचे में हम वृक्ष गिनते हैं।	बगीचे में हम वृक्ष गिनते हैं।
22	राहुल ने बिहार से एक लाल रंग की गाड़ी में उत्तर प्रदेश में प्रवेश किया- अंदर-महाविद्यालय के प्रांगण-स्थल में जनसभा को संबोधित करते हुए कहा कि सीमा पर पहुंचकर ही वह यूपी में आ गया था।	बिहार से लंगकाप कि उत्तर प्रदेश से खंगीर उठाई गई राहुल-राष्ट्रीय राष्ट्रीय-आक पर जनसभा को संबोधित करते हुए उन्होंने कहा कि सीमा को पहुंचने के लिए उन्होंने कहा कि सीमा को आया है।
8	हाँ देखिये , मैं आदर्श पाठशाला का छात्र हूँ।	हाँ देखिये , मैं आदर्श पाठशाला छात्र हूँ।
13	इसलिए आधुनिक भाषाविद् और वैज्ञानिकों का कहना है कि यही समय है जब संस्कृत और पाणिनीय का व्याकरण एक साथ शामिल हो रहा है।	इसीलिए ही हैक को संस्कृत और संस्कृत के लिए एक आकस्मिकन का अभ्यास करना है।
9	राज्यसभा में वित्त मंत्री अंशकालिक-वित्त-सभा के पटल पर संकल्प पत्र का एक प्रतिस्थापन स्थापित किया गया।	राज्यसभा में वित्त मंत्री का में।-इस परियोजना के विकास की एक प्रतिबिंब की एक रिपोर्ट में स्थापित की गई थी।
20	सियार- स्वामी, जहाँ वह धूर्त औरत है वहाँ चलिए। हे बाघ! फिर वहाँ जाने पर वह सामने यदि स्थित रहती है तो तुम्हारे द्वारा मार दिए जाने योग्य हूँ।	जम्बुक- स्वामी! आज तुम मुझे करना चाहता हूँ। उसे वहाँ ही वह (वदन) बनाओ न! तुम्हारा विदाई ले जा सका! अब मैं हरीबी हो, तो फिर तुम आज ही मारो।
3	मुट्ठी पीनेवाला बच्चा मूट्ठी चूस रहा है।	मुट्ठी चूसनेवाला चूस रहा है।
1	चिल्लाहट।	रोना
8	दक्षा – बढ़िया , तुम मेरी मित्र हो ।	दक्षा – अच्छा , तुम मेरे मित्र हो।
6	स्वावलम्बन सतत अपने आत्मविश्वास को बढ़ाता है।	स्वावलंघन यह अपना आत्मा में अपना आत्मा बढ़ाता है।
10	हे केशव ! मैं शकुनों को भी विपरीत ही देख रहा हूँ और युद्ध में (आहवे) अपने स्वजनों को मारकर कोई कल्याण भी नहीं देखता हूँ।	हे नचिकेता! मैं न तो बहुत अच्छा हूँ, न ही इस निर्भयता को मारा गया हूँ; क्योंकि स्वजन मेजन को मार डाला और न ही सोचने लगा।
16	यमुनातीरपर क्रीडा करनेवाले, चन्द्रकान्तिसे युक्त, दयालु, केशिदैत्यके बल और प्राणोंको हरनेवाले, वककुलके नाशक, कालियनागको उत्साहपूर्वक दण्ड देनेवाले, काव्य और नाटकोंमें वर्णित चरित्रवाले, कौरवोंके संहारक, हरिहरस्वरूप, करुणापूर्ण कर्म करनेवाले और अनायास ही सब कार्योंके कर्ता कृष्ण मुझपर कृपादृष्टि करें ॥	जो कालके विकूपी कूटालिका, मधुर मुलहठी, तटर, अ्राज, कायदन, अचानक होना, बालीके समय-वलेक होना, श्रीबाबागुरुजी, कोयले, कृष्ण ही विष्णुका सर्वस्वक इस समय संधान (शुद्धि) -अरेचन हैं, हे कृष्ण! कृष्ण, कृष्णके चरणोंमें मैं कब रूप धारण करूँगा॥
5	बालक द्वारा पुस्तक दिया जाने वाला होगा।	बालक से पुस्तक दूँगी।
9	रघुनाथपुर विश्व हिंदू परिषद के प्रांत अध्यक्ष लेखराजा को निमंत्रण देने के लिए कुल्लू में रघुनाथपुर पहुंचे।	श्रीरामपुर विश्वहिपित प्रांत के अध्यक्ष लेखराज तिवारी को कलराज ने कहा कि कुल्लू को महापुर में प्राप्त किया गया है।
6	तो अब मैं विद्या प्राप्त करने के लिए गुरुकुल जाता हूँ। (प्रणाम करता हुआ चला जाता है)	वे सभी वेद पढ़ने के लिये गुरुकुल जा सकें। (सभी) हे। (गामें)। (आपकाकरण करने जा रहा है)।
5	किसकी माँ समाजसेवा करती है ?	किसके माँ समाजसेवन करती है ?
15	यह आरोप है कि दोनों कूट-पत्र के आधार पर विभाग के कोष से तेईस से अधिक दो सौ-सौ रुपये के लेन-देन और अन्य संरक्षण-कूट-उन्होंने बैंक में किया।	आरोप है कि दोनों कूटते हुए प्रतिूटना ने विभाग के कोच से तेईस हजार से अधिक से अधिक दो हजार रुपये के हस्तगत अन्य से रक्षा की।
5	गुरु वाणी से ही उपदेश देते हैं ।	गुरु वाणी से ही उपदेश देते हैं ।
4	हम लोग कार्य करते हैं।	हम सबो के द्वारा कार्य किया जाता है।
5	हीरजीभाई ने बाबासाहेब अम्बेडकर का जीवनदर्शन समझाया।	हीरजीभ्राता ने बाबासाहेब का जीवन दर्शन दिया।
5	ज्ञान हेतु पढ़ता है।	ज्ञान का हे कारण स्वाध्याय करता है।
8	वेदों में रामायण जैसे वैदिक और धर्मनिरपेक्ष पुराण शामिल हैं।	वेद वैदिक वैदिक राम और पुराणों को यह (चोरी) भी शामिल हैं।
5	आज से संस्कृत सप्ताह शुरू हो रहा है।	आज से संस्कृत सप्ताह शुरू हो रहा है।
10	तुम एकमात्र सत्यस्वरूप हो, सबका आधार हो, कुछ भी स्वयं निराधार हो ।	तुम एकमात्र सत्य हैं, सबकी आधार है, कुछ भी स्वयं निराधार हो ।
5	परन्तु वह स्थगित हो गया।	परन्तु वह निलंबित हो गया।
2	कार्यक्रम का उद्घाटन ।	कार्यक्रम का उद्घाटन।
5	जेल में बहुत प्रताड़ना पाई।	जेल में बहुत प्रताड़ना पाई।
4	इस समय मैं भूखा हूँ ,अब मैं तुम्हें खाऊंगा ।	अब मैं तुझे खाऊँगा।
4	गुरु ने शिष्य से दरवाजा खुलवाया।	गुरु जी से द्वारका को पेट खोल दिया।
4	विभा के घर में हवन है।	विभा के घर यज्ञ है।
8	प्रजापति (सृष्टिकर्त्ता) ने (सृष्टि के) आदि में यज्ञ सहित प्रजा का निर्माण कर कहा इस यज्ञ द्वारा तुम वृद्धि को प्राप्त हो और यह यज्ञ तुम्हारे लिये इच्छित कामनाओं को पूर्ण करने वाला (इष्टकामधुक्) होवे।।	हे निष्पाप इस प्रकार! इस लोक में नचिकेता को तुमसे पहले कहोगे। इससे यह भी कहा गया है कि इसने उसे समान रूप से देखा है।।
3	सबकी निमंत्रणपत्रिकाएँ हैं।	सबके सब पात्र पत्र हैं।
4	आत्मविचार का अभ्यास कितना समय करना चाहिए?	अपनी मुख्यता का अभ्यास कितना करना चाहिए?
4	द्वावेव उत्तराखंड का गौरव है।	दोनों ही उत्तराखंड से गौरव दोनों ये दोनों विद्यालय हैं।
11	क्योंकि पारस्परिकी ईर्ष्या, द्वेष, वैमनस्य, झगड़े, और हिंसा आदि से विश्व मौसम अस्तव्यस्त हो रहा है।	पारमिकी ईर्ष्या, द्वेष, वैमही, कलिय, हिंसा आदि से विश्व का प्राणी ही अश (ही) व्यक्तियों के द्वारा विश्व में सबसे भी सिखाया जाता है।
11	जहाज का लक्ष्य दक्षिण अफ्रीका से प्रस्थान करने के बाद नीदरलैंड पहुंचना और नाइजीरिया में कच्चे तेल से ईंधन भरना है।	दक्षिण अफ्रीका ने दक्षिण रहे को के लिए कोजीई में क्रूरता को द्वारा उठाए गए जन्धनवेल को भर दिया है।
8	हे वैदे! यहाँ महर्षि शरभङ्ग का महान् आश्रम दिखाया जा रहा है।	हे वैदेहि! यहाँ महर्षि का महान् आश्रम दिख रहा है।
3	मैं सीढ़ियों से चढ़ा।	मैं सीढ़ियों से चढ़ गया।
7	उन्होंने कहा कि समूह शक्ति देश को सफलता के शीर्ष पर ले जाएगा।	उन्होंने कहा कि समूहशक्ति की सफलता को सफल करने में शीर्षस लेगी।
1	उन्होंने जवाब दिया	पास में
5	अनुराग -हम पदयात्रा कर रहे हैं।	अनुराग - हम मेस से हमला करते हैं।
10	बिजली के दरों और शुल्क के बढ़ने के बाद प्रति यूनिट मूल्य बहुत बढ़ गए।	बिजली और पसीने की वृद्धावस्था के बाद प्रतियुट के बाद प्रतियुव रुपये का मूल्य था।
7	वह पूछता है , आज क्या होगा ?	वह पूछता है , आज क्या होगा ?
10	न्यायिक विशेषताओं ने लगभग पांच घंटे तक उद्योग के अंदर और बाहर खोज कर प्रतिरूपों को इकट्ठा किया।	न्यायिक विशेषताओं ने प्रायः पच्चीस से अधिक उद्योगों को अंदर से बाहर निकाल दिया है और प्रतिरूपकों को एक फॉर्म में बाहर से किया।
5	इसलिए विद्यार्थियों को इस में भाग लेना चाहिए।	इसलिए विद्यार्थियों को इस भाग में ले जाया जाना चाहिए।
6	वहाँ उन्होंने योग ध्यान का अभ्यास कराया।	वहाँ उन्होंने योग ध्यान का अभ्यास किया।
1	उनके सम्मुख	तब मुख वाली की तरह
10	पर्यटन क्षेत्र में निवेशकों के लिए भी राज्य सरकार ने धारा में विशेष आरक्षण किया है।	पर्यटन क्षेत्र में निवेशकों के लिए भी राज्य सरकार के बीच विशेष प्रावट किये गये हैं।
5	धीरज की गाय बीमार है	धैर्य की गाय रोगी है।
10	पर्यटन क्षेत्र में निवेशकों के लिए भी राज्य सरकार ने धारा में विशेष आरक्षण किया है।	पर्यटन क्षेत्र में निवेशकों के लिए भी राज्य सरकार के बीच विशेष प्रावट किये गये हैं।
10	में प्रकाशित''मजाक''नमिका उनकी पहली कथावाचक बनीं।	1967 में प्रकाशित 'दि जोत' है, उसका पहला आकल है
11	अतः वे दोनों एक परस्पर मित्र बनकर समय-समय पर एक दूसरे की सहायता की।	इसलिये वे दोनों एक दूसरे की बात हो, समय पर आपस में सहायता किया।
1	उत्पन्न	हुआ
1	शोर	शब्द
9	उस समय सभी पन्नों को लिखने का काम पन्ने के ऊपर हो रहा था।	उस समय सभीसी लिपिपिनसे हटरीक-ले प्रदेश के ऊपर होती थी।
1	प्रकट करता हैं	प्रतिपादन
10	राज्य में प्राकृतिक विपत्ति से पाठ लेकर सरकार इस विषय में योजना बनाती है।	राज्य में सरकार प्रवेश से पाठ लेकर सरकार इस विषय पर योजना तैयार करना चाहिए।
11	पंजीकरण में किसी भी समस्या के मामले में, आप समस्या के नाम और फोन नंबर के साथ यहां लिख सकते हैं।	पंजीकरण में किसी समस्या से समस्या का, समस्या का दूर से कल लिखने में लिखने में सक्षम है।
1	अदृश्य	अव्यक्त प्रलय
6	वह धीमे स्वर में संगीत सुन रहा है	वह धीरे धीरे द्वारा गीत सुन रहा है
6	इस प्रकार प्रार्थना करते हुए धृतराष्ट्र की दृष्टि नष्ट हो गई।	इस प्रकार प्रार्थना है कि धृतराष्ट्र के नमन की दृष्टि से नहीं हुई।
7	यह वन्य जीव वैज्ञानिक डू का विषय हैयीशु का भी मतलब है.	यह विषय वन्यजी विज्ञान, डसा, ईसाइड भी अभिषाद कर रहा है।
7	राजकोट में विजिलेन्स विषय पर प्रशिक्षण सत्र है ।	राजकोटा द्वारा किया गया राजा पर प्रशिक्षण है।
4	तुम नहीं मानते हो	तुम नहीं बोलते हो।
4	मैं घास गौशाला में ले जा रहा हूँ।	मैं घास गौशाला में ले जा रही हूँ।
3	इससे किवाड़ों को बना।	जिसके द्वारा सेला साथ रटनी ।
4	वे दोनों वहां स्नान करते हैं ।	वे दोनों वहां ही करते हैं ।
4	यह पुस्तक किसकी है?	किस पुस्तक है?
5	कभी रीछ भी देखे हैं वा नहीं ?	कभी कभी भी देखा था वा नहीं ?
9	लक्ष्मण – आवाज तो भरत की है । कहाँ है वह ?	लक्ष्मण – रंगव! भरत का
10	और हमारी भावनात्मक एकता की भावना को विकसित करने में शिक्षा का बहुत महत्व है।	और हमारे भावना का एकताभाव के संभाव में शिक्षा के द्वारा शिक्षा का महत्व है।
10	उसकी वाणी विकृत नहीं है, न श्याम है और न निष्प्रभ है।	उसका भाषण विकल नहीं है, न ही श्यामलम नहीं है।
14	और भी बिना किसी प्रकार को जीविका और वेतन के भी ये मेरा साथ नहीं छोड़ते हैं, इसलिये मेरे प्राणों का व्यय ( मेरी प्राणहानि) करके भी आप पहिले मम इन आश्रितों को जीवित करो (अर्थात् जीवन-रक्षा करो |	जाति--आप में गुणवान् लोगों के साथ मैंने मेरे साथ बुराई (निरुपद्रव) किया है? फल करो मैने क्या मेरे प्रतिस्थापन होगा।
3	इससे गहने बहुत अच्छे बनाये जाते हैं।	इनकी से दूसरे और दूसरे किसी दूसरे के साथ रहते हैं।
14	अंतर् दिवसीय व्यापार के दौरान सेन्सेक्स 72,५४५,३३ उच्चतम, 72,218,310 और सबसे कम स्तर को देखा।	भीतर दिवस पर सेंसेक्स 72,545.53,53, 72, 2018.10 रुपये से एक कम आ गया।
6	तब उसके घर की तीन हिलती हैं	तब उसके घर का तीन गुना कंपनी कंपनी का कांटे का कांची हिन हैं।
4	सुरक्षा चक्र में वृक्ष हैं।	सुरक्षा चक्र में वृक्ष हैं।
3	रामेश्वर घूमने के लिये निकला।	रामेश्वर घूमने के लिये निकला।
6	दूसरा मिलना हिमाचल-तेलाङ्गान के बीच हुआ।	दूसरा बैठक हिमाचल-तेलांगों के बीच हुई।
6	''काशी विश्वनाथ''काशीश्या हिन्दूओं का तीर्थ स्थान है।	''काशी विश्वनाथ'' काशीश में हिन्दू स्थान ज्ञान स्थान।
26	तीन साल के बालकों को नर्सरी मिलना चाहिए, एलकेजी में चार बच्चे मिल सकते हैं, यूकेजी में बच्चे मिल सकते हैं प्रवेश। प्राथमिक-अध्यापन विभागों में समय-आधारित अतिथि-शिक्षकों के प्रवेश को मंत्रिमंडल ने सिद्धान्ततः मंजूरी दी है.	तीन साल के ऊपर बच्चे नहीं है, एलकेजी में 4 वर्षीय इस वर्षा पर परमाणु में, यूकेजी में और वर्षा में प्रवेश करते हैं प्राथमिक उच्च शिक्षा विभाग द्वारा-आधारित अतिथि, माहौड़-आधारित अतिथि, डेन- शिक्षक प्रवेश करने वाले द्वारा मंजूरी दी गई है।
11	मैंने इतनी सारी वस्तुयें खरीदीं। कुछ मूल्य कम नहीं करेंगे ?	मैंने ये वस्तुएँ खरीद लिये हैं। कुछ मूल्य नहीं करेगा ?
1	तपस्या के प्रभाव से	तपस्वी तप के द्वारा
9	प्रधानमंत्री ने कहा कि उसकी सरकार ने पचास कोटि लोगों को निर्धनता से बाहर कर दिया है।	प्रधानमंत्री ने कहा कि उसका सरकार ने पांच हजार-कोटि लोगों को निर्धनता से बहाल किया है।
6	वहाँ प्रातः और सायं यज्ञ होता है।	वहाँ प्रातः शाम यज्ञ यज्ञ होता है।
9	अब तक हम घर में राष्ट्र ध्वज फहरा नहीं सकते थे।	अब तक हम घर पर राष्ट्रीय ध्वज को अच्छी तरह से नहीं सकते थे।
6	वास्तव में वह शास्त्रीय संगीत सुन रहा है	वास्तव में वह शास्त्रीय संगीत सुन रहा है
4	नौकर गाँव से आता है।	वैद्य शहर से आता है।
13	वहाँ, विश्व विद्यालय के के बीज बोधक हैं-एक प्रयोगशाला में, वह र्नेस्ट रदरफोर्ड के मार्गदर्शन में विद्यावाचक बन गये।	वहाँ के कुछ नंबर विश्वविद्यालय के कुछ जातीय- प्रयोगशाला में वे अर्पण करने के लिए कड़ी मेहनत के मार्ग पर विद्या था।
7	वायरस के बारे में स्थानीय-अंतरराष्ट्रीय-संस्थाओं के सहयोग से निगरानी को मजबूत किया गया है।	वैनेपन के बारे में स्थानीय-अन्तारा- संस्थानों के साथ निरीक्षण किया जा रहा है।
4	वो दो थीं ।	वह दो थीं ।
7	इस समय नगरीय प्राथमिक स्वास्थ्य केन्द्र हजारों के लिए स्वास्थ्य सेवा प्रदान करती है।	इस समय शहरी जब प्राथमिक स्वास्थ्य केंद्र को एक स्वास्थ्य सेवा प्रदान करता है।
4	वह लेटकर योगासन करती है ।	वह योगासन करती है ।
4	नई पद्धति हम पढ़ाते हैं	नए भी हम पढ़ाता हैं।
16	जो पुरुष मुझे सर्वत्र देखता है और सबको मुझमें देखता है, उसके लिए मैं नष्ट नहीं होता (अर्थात् उसके लिए मैं दूर नहीं होता) और वह मुझसे वियुक्त नहीं होता।।	जो मुझे देखता है सब जगह सबकी इच्छा करता है, उसका सत्य नहीं है और मेमबनी नहीं प्रणाम करता है।
5	वे सब गिलास से दूध पियेगें।	वे गिलास से दूध पियेगा ।
7	राम- मुझे भी गुरुवर का आदेश सम्माननीय (मानने योग्य) है। क्योंकि –	राम – मैंने भी सम्माननीय है। मुनिश्रेष्ठ ही मुनिश्रेष्ठ।
15	सामाजिक आचारण में अशुद्धता, आपस में लड़ाई-झगड़े, चोरी डाका आदि के कार्यों मैं बहुलता, नैतिक आचार में पतन, राजतन्त्रों का विनाश इत्यादि बहुत से विषयों का उल्लेख पुराणों में विद्यमान है	सामाजचार में है कि सामग्रियों के लिए एक है कि के लिए नाड्रिज के लिए बाहरी अंतरिक्ष में गिरने की घटनाओं का एक से विषय था।
6	एक विदेशी भारत के एक घर में जाता हैं ।	एक विदेशी भारत के एक घर में जाता है ।
4	अच्छा आचरण धर्मका पहेला सोपान हैं।	सदाचार धर्म का पहला सीढ़ी है।
8	कोई- कोई अपने देहके भीतर चित्ताकाशमें विराजमान प्रादेशमात्र ( बित्ताभरके ) चतुर्भुज पुरुषको, जो शङ्ख, चक्र, गदा और पद्म धारण किये हुए हैं, धारणाद्वारा स्मरण करते हैं	किसी रोग से देदीप्यमान पुरुष के शरीर के बाहर (धन) चलाते हुए चारों ओर से घिरे हुए चारों ओर मुख-पुंध शहद से युक्त चार अंग अपने शरीर को याद करते हैं।
10	इक्वेटी बेंचमार्क की सूचकांक और बीएसई सेन्सेक्स की निफ्टी एक सौ दिन के बाद फिसल गईं।	इक्वेटी बेंचव की सूचनाएं और बीएसई सेंटील की की एक घटना के बाद एक सौ दिन के बाद फिसल गई।
15	लघु उद्योग समूह दवनी के अध्यक्ष संजय बत्रा ने कहा कि छोटे उद्योगों को कमदर से ऋण की व्यवस्था होनी चाहिए।	छोटीउसेफ समुदाय के अध्यक्ष संजय बत्रा ने कहा कि छोटी उद्योगों को कमी के साथ ऋण बत्राएँ दी जाए।
1	संतान जैसे ।	मालती के द्वारा विशेष रूप से विशेष खंड
8	बोलो .... फिर से चंचलता नहीं करूँगा।	शिक्षिका -हाँ .... फिर से चंचलता नहीं करूँगा।
9	उसके पिता रावण ने स्वयं उसका नाम मेघनाद किया।	उसके पिता ने स्वयं ही उसका नाम मेघनादद कर दिया।
13	उन्होंनेन्हों का महाकाल व्यतीत हो गया है, उन्होंनेशक्ति के साथ वशिष्ठमुनि के सौ पुत्रों को भी खाया।	उन्होंने कल्माष उत्पन्न किया, उनके महाकाल से हो, शक्ति के साथ आज पृथ्वी पर उन्होंने बेठा।
7	भीम आदि पांडववीर अन्दर नहीं जा सके।	भीम आदि पाण्डवों को अंदर से नहीं जा सकते।
19	मुख्यमंत्री सुखविंदर सिंह सुक्खू ने कहा कि जाखुमंदिर में भगवान श्रीरामचन्द्र की पैरवी करने वाली मूर्ति स्थापित होगी जिससे भक्त लोग हनुमान के साथ श्रीरामचन्द्र का दर्शन भी कर सकते हैं।	मुख्यमंत्री सुखविंदर सिंह सुक्खू ने कहा कि जाखुशारे भगवान श्रीराम की पाकर मूर्ति स्थापित किया जाएगा जिससे भक्त हनुमान हनुमान के दर्शन में भी दर्शन कर सकते हैं।
9	(तुम) मुझमें स्थिर मन वाले बनो	तुम मच्चित, मैक्त और मेरे को नमस्कार करके, मुझे ही नमस्कार करो, मुझे ही मेरी इस प्रकार करे
7	सरकारी विभागों के अलावा लोगों के लिए चरण भी उपलब्ध हैं।	सरकारी विभागों के अलावा लोगों के लिए चरणों की भी उपलब्धता भी उपलब्ध है।
4	आज का काम आज ही समाप्त करना चाहिए	आज का काम आज करना है ।
1	मनुष्यों का	मनुष्य के द्वारा
3	माता पिता और गुरुजनों का सम्मान करना उचित है।	माता और गुरु लोगों को सम्माननी चाहिए।
15	रक्षामंत्री ने कहा कि भारत की बढ़ती आर्थिक रणनीतिक शक्ति कुछ लोगों को ईर्ष्यालु और द्वेष करने वाली है।	रक्षाम: ने कहा कि भारत की बढ़ती आर्थिक रण नीति- शक्तिम कुछ लोगों को ईर्ष्या करती है, द्वेष और ईर्ष्या करती है।
3	नन्दिनी नहीं चलेगी।	निनी नहीं चलेगी।
4	बर्फ के गिरने सेवेदनाशील क्षेत्रों में मत जाईये।	बर्फ की गिराते हुए क्षेत्रों में जा नहींयेगी।
8	प्रतिवर्ष इस वर्ष में भी भव्य प्रदर्शनी और शोभायात्रा का आयोजन किया गया।	हर साल के अनुसार इस वर्ष में भी भव्यजागरण, प्रदर्शन आदि का आयोजन किया गया।
6	हम सभी आचार्य देवव्रत जी का गुजरात में स्वागत करते हैं।	हम सभी आचार्य देवता समान अपने गुजरात में स्वागत करते हैं।
3	मैं आलस छोड़ूँगा ।	मैं आलस छोड़ रहा हूँ।
8	मुख्यमंत्री सुखविंदर सिंह सुक्खू राहुल गांधी भारत जोडो की न्याययात्रा में शामिल होंगे।	मुख्यमंत्री और राहुल राहुल राहुल के भारत के जो न्याय यात्रा में शामिल हुए होगी।
10	मोदी धार रतलाम-जनपदों के हजार से अधिक गांवों को पेयजल पूर्ति-योजन के आधारभूत पत्थर को स्थापित किया।	मोदी रतलाम-यह जिले के हजारों से अधिक गांवों को तला, योजना के आधारशिला को स्थापित किया गया।
15	केंद्रीय सरकार ने भी सुझाव दिया कि यदि प्रशिक्षण केंद्र अधिक फीस लेते हैं तो उन्हें एक लाख रुपये तक का दंड दिया जाना चाहिए।	केंद्र सरकार ने भी सुझाव दिया कि अगर प्रशिक्षण केंद्र को अधिक सूखेर करते हैं तो उनमें से एक लाख रुपये तक दण्ड स्थापित की गई है।
1	खेल रहा हूँ	खेलता हूँ
6	मैं प्रतिदिन नियम से व्यायाम करता हूं।	मैं प्रतिदिन नियम से व्यायाम करता हूँ।
7	जब वह क्रोध करती है तब दर्शक भी क्रोध करते हैं।	जब वह क्रोध करती है तब दर्शक भी क्रोध करते हैं।
5	उसका भाई जल्दी नहीं आएगा।	उसका भाई जल्दी नहीं आएगा ।
9	ये खिलाड़ी पैरा प्रतियोगिता में दौड़ने हैं- धनुर्विद्या- सात प्रतियोगिताओं में फुटबॉल बैरोलों सहित प्रतिस्पर्धा करेंगे।	ये खेलक पैले में दौड़ने वाले-पैप-प नहीं ? पैंतीस के साथ सातप्रतिस्पर्धी प्रतियोगिताओं में भाग लेंगे।
10	विपक्षी नेता जयराम ठाकुर ने कहा कि बगीच स्कूल के वार्षिक कार्यक्रम में मुख्य अतिथि के रूप में बुलाया गया था।	प्रतिगारी विद्यालय विद्यालय में मुख्य अतिथि के रूप में आम जनता को आमतौर पर एक संवाददाता सम्मेलन में कहा गया है।
10	उसके बाद तो सरकार से अनुदान मिलने की जो आशा थी, वह भी धूल में मिल गयी।	उसने समिति द्वारा प्रस्तुत की रिपोर्ट में देवपुर में स्वयं मर्मान्त का प्रहार किया।
10	अस्तित्व को प्राप्त करके भाषा संस्थान महान् व्यक्तित्वों की स्मरण के लिए ऐसे भव्य कार्यक्रम का आयोजन करता है।	अस्तित्व उपलब्ध है कि संस्कृत संस्थान से भाषणों के था
12	इस अवसर पर आवासन और नकर-कार्य मंत्री हरदीप सिंह पुरी ने भी एक वास्तवत्मक संदेश दिया।	इस अवसर पर आवास और नागरिक मंत्री हरदीप सिंह पुरी को भी कहा कि परमद् में किसी कारण से संबोधित किया गया।
4	दीप्ति बैंगन की सब्जी लाती है।	दीप्ति बैंगन की सब्जियाँ लाता है।
9	प्रधानमंत्री नरेंद्र मोदी की यात्रा का सहारा लेकर तिरुचिरापल्ली में मजबूत सुरक्षा व्यवस्था का निर्माण किया गया	प्रधानमंत्री नरेंद्र मोदी की यात्रा करते हुए तिरुचिरापल्ली में एक समारोह की-सा व्यवस्था की गई.
8	हे पत्थर कूट कूटकर आप क्या कर रहे हैं?	अरे चट्टान को कुट्टाल बनाकर आप क्या चाट लिये ?
4	वह हमें बगीचे में खिलाती है।	वह हमें बगीचे में खिलाती है।
9	सामर्थ्य के अभाव से इस समय ऐसी मित्रता का आयोजन कोई नहीं करता है।	सामर्थ से अब ऐसे सत्रों का आयोजन कौन-सा करते हैं।
7	इस जीव लोक में मेरा ही एक सनातन अंश जीव बना है। वह प्रकृति में स्थित हुआ (देहत्याग के समय) पाँचो इन्द्रियों तथा मन को अपनी ओर खींच लेता है अर्थात् उन्हें एकत्रित कर लेता है।।	मेरी ही बात है; क्योंकि मेरे लिए जीवों को उत्तम प्रकार से ही तुम श्या से तुम्हारा मन बन जाता है और तुम कर्म के समय एक (तथा) मन में कान्तिमान पुरुष अपने समान पति को प्राप्त करता है।
4	देवर भाभी के चरण छूता है।	देवर भाई के चरण छूता है
5	संभाषणशील व्यक्ति प्रिय होता है।	भाषण तो इस भाषण का प्रिय है।
7	युवती – तुम्हारे भी नाखून बड़े हो गए हैं।	जवानों भी नाखून बड़े हो गए हैं।
7	इस प्रकार पं. मदनमोहन राय का वचन कई लोगों का भी प्रेरणा कर रहा है.	इस प्रकार पंदनमोहन को कई चेतन चेतावनी भी यूरन हैं।
5	मैं अपनी गाड़ी यहाँ नहीं रखूँगा।	मैं स्वस्थ यहाँ नहीं रखते हूँ ।
5	दूध पीकर वह कार्यालय जाता है।	दूध पीकर वह कार्यालय जाता है।
3	कितने लोग नित्य ही दुखी होते हैं?	कितने लोगों नित्य दुःखिता में है?
6	उस बड़े घर में चालीस खम्भे थे।	उस बड़े मॉल में चौब पर चालीस थे।
10	अर्जुन ने शिकारी के प्रति क्रोधित होकर उस शिकारी को मारने के लिए बाण का प्रहार किया।	अर्जुन ने लुटेरे प्रतिपकने में एक बार और मारने के लिए शरहरे का नाश किया।
4	बलशाली हाथी किससे बाँधा जाता है?	किसके बलशाली कौन बकरियाँ?
4	इस समय मैं भूखा हूँ ,अब मैं तुम्हें खाऊंगा ।	अब मैं तुझे खाऊँगा।
4	धूप का चश्मा काला ही पहना जाता है।	सूर्य की सीढ़ी पर पड़ी है ही धारण की जाती है।
4	पांच ग्रहों में शुक्र ग्रह चमकेगा।	पांचों अंगों में शुक्रवार आधी रात को शुक्रवार की होने होगी।
8	उसकी सेवा और उपदेश अखिल लोकार्थ को बहुत ही कल्याणकारी है।	उसकी सेवा और उपदेश अखिल लो जैसे बहुत ही अच्छा है।
7	भव्यस्य भविष्य काल तक सृष्टि में उत्पन्न होने वाले पदार्थों को	भूतना की संख्या में सेने की मृत्यु
1	भेड़िया	पेड़
5	सुबह उसने संदेश भेजा	सुबह उसने संदेश भेजा
6	पहले रणधीर शर्मा ने चर्चा में भाग लिया।	पहले रणधीर शर्मा ने चर्चा में भाग लिया।
4	वह पैदल चल रही होती है ।	वह चलती है।
8	अनेक पाठकों के दृश्य पत्रालय के अन्दर और बाहर निकाले गए।	ग ।कर दृश्य के दृश्यों को पत्र देकर बाहर भी बाहर निकाले गए।
1	सहारे न रहने वाला ।	ढीठ
7	माता – तो फिर घर में अध्ययन करो।	माता – तो घर में ही अध्ययन करो।
10	आज वह उनके संस्थान की राष्ट्रीय कार्यकारिणी सभा, संस्कृत के संवर्धन कीप्रतिष्ठा के कार्यदर्शी हैं।	आज उन्होंने उनके राष्ट्रीय कार्यकारी सदस्य, संस्कृत संवर्धन का कार्य किया है।
6	अब शुल्क भी अनिवार्य होगा।	अब शुल्क की प्राप्त भी प।
4	आप क्या कर रहे हो ?	क्या कर रहे हो ?
4	आपने झरना देखा है?	क्या आपके द्वारा निर्झ कर दिया गया है?
6	श्री जगदीप धनखड़ भारत राष्ट्र के चौदहवें हैं-उपराष्ट्रपति के रूप में निर्वाचित।	श्री जगदी धन भारत देश के चौदहवीं वर्ष के चौदहवें (उप ही) ने जीता।
6	नामों ने भी गोलियां बजाने शुरू कर दी हैं।	नामित गोल के लिएातिक शुरू करने का प्रयास किया गया।
6	अरे भूल गयी। नमक लो।	अरे ! ले लो। स्वीकार करो तुम सब को भूलो।
9	दुख देने वाले, हृदय को जलाने वाले बहुत से पुत्रों के उत्पन्न होने से क्या लाभ? कुल को सहारा देने वाला एक ही पुत्र श्रेष्ठ होता है, उसके आश्रय में पूरा कुल सुख भोगता है। ।।	जहां पुत्र, पुत्र आदि से युक्त पुत्र स्त्री के शोक से उनके पुत्र को लीन कर दिया जाता है, जहां विश्राम हो जाता है, जहां विश्राम के लिए कुल का शोक उसी प्रकार कर सकती है।
1	आभूषणों को हाथ में लिए हुए दो ऋषिकुमारों का प्रवेश	प्रवेश करके हाथ में घुमा बालक हाथियों के समूह कौशलाने |
1	सबके लिए अभिलषणीय	मुझे योग्यता
10	विद्यालय जाने पर क्रुद्ध गुरु जी का मुख देखने की मेरी कोई ईच्छा नहीं है।	इस समय विद्यालय जाकर भूनियों के उपाध्याय का मुख देखने के लिए नहीं चाहता हूँ।
19	पहले चरण में लाहौल-स्पीति जिले के पात्रों के योद्धाओं और पूरे राज्य के पात्र आवृत्तिभोगियों के द्वारा, वृद्धामहिला-विधवा-शेरा singleमहिला दिव्यांगमहिलाओं के साथ 2,43 लाख महिलाओं को प्रतिमा के 1,500 रुपये का भुगतान किया जाएगा।	पहले चरण में लाहौल-स् किस्ल जिले के बर्तन महलिलों, समस्त राज्य की बर्तन की अब वृद्धावस्था-पर्यात्माओं के लिए हरंग महिला महिलाओं को हरमहिले को 1,43 लाख रुपये से करने की कार्यक्रम प्रदान की जाती है।
13	हमें अचानक आवेश या जोश में आकर कोई काम नहीं करना चाहिए। क्योंकि विवेक हीनता सबसे बड़ी विपतियों का कारण होती है। इसके विपरीत जो व्यक्ति सोच समझकर कार्य करता है। गुणों से आकृष्ट होने वाली मां लक्ष्मी स्वयं ही उसका चुनाव कर लेती है।	हठात् कोई कार्य नहीं करना चाहिये क्योंकि ये क्योंकि अपने स्थानों के कार्य नहीं कर सकते, ऐसे कोई भी कार्य करते हैं और गुणों के सही कार्य करते हैं। क्योंकि वे ही संक्षेप में स्वयं में ही जाना चाहिए। क्योंकि अंग में उसके गुणों के अनुसार नहीं हैं।
5	तीर्थों का परिचय मानव जीवन का अङ्ग होता है।	तीर्थों का परिचय मानव जीवन का अंग होता है।
8	बहुत मिर्च है ? मिर्च से क्या कर रही हो ?	बहुत अच्छा निर्ची हैं न ? मरीजों से क्या कर रही है ?
5	कहीं भोजन किया वा नहीं ?	क्या कोई भी भोजन किया है ?
14	कांग्रेस के राष्ट्रीय महा सचिव प्रियंगु गांधी ने भी श्री सिम्मी अग्निहोत्री के निधन पर शोक व्यक्त किया है।	सीम्मी अग्निहोत्री को निधन पर कांग्रेस के राष्ट्रीय महा सचिव गड्रा ने भी शोक व्यक्त किया।
9	उस समय देवगणों ने श्रीराम और लक्ष्मणजी पर फूलों की वर्षा की और देवों ने दुन्दुभि बजाइ तथा सिद्धचारण गण उनकी स्तुति गाने लगे ॥	श्री रामचन्द्र जी ने दोनों सेनाओं के साथ श्रीराम और लक्ष्मण देवताओं के साथ श्रीरामजी के साथ श्रीरामजी के साथ श्रीरामजी के साथ श्रीरामजी के साथ श्रीरामजी के साथ श्रीराम और लक्ष्मण देवताओं के साथ श्री राम के कार्य सिद्धांत हैं ॥
5	यदि तूने कृतज्ञता से ये सम्मानित हैं	अगर तुमने विद्या से ये सम्मान किया।
7	इस मामले पर आज भी सरकार ने निर्णय नहीं लिया है.	इस विषय पर आज भी सरकार ने निर्णय नहीं लिया है।
9	ऊर्जापूर्ति-समस्या से ग्रस्त जापान का चंद्रमा-लैंडर ने सप्ताह के बाद फिर से प्रक्षेपण शुरू किया।	ऊर्जा की चंद्रमा की संख्या, लापता के चंद्रमा पर, इंग्लैंड की चंद्रमा की ओर से प्रलय फिर शुरू हुई।
34	सम्मेलन में संस्कृत भारती उत्तर प्रदेश के संगठन मंत्री नरेंद्रवर, हरियाणा प्रांत के न्यासपति डॉ. रामनिवास शर्मा, प्रांत के अध्यक्ष डॉ. सोमेश्वर दत्त, प्रांत मंत्री प्रमोद, सह-मंत्री ईशम सिंह और भूपेन्द्र, साहित्य के प्रमुख पुष्पेन्द्र, विभाग के संयोजक डॉ. विनय गोपाल त्रिपाठी, डाकिया के प्रमुख डॉ. शीतांशु त्रिपाठी और अन्य प्रांतगण के कार्यकर्ता भी उपस्थित होंगे।	सम्मेलन में संस्कृत भारती के संघ संघ मंत्री नरेन्द्रवर, हरियाणा के न्यायांत क्षेत्र के न्याय है, प्रांत के अध्यक्ष डॉ. प्रांतेश्वर शर्मा, प्रांत मंत्री प्रिंसिपल, प्रांत प्रलीन सिंह, सह मंत्रीओं, सहेन्द्र महोदय, विभाग के प्रमुख डॉ. विनय गोपाल त्रिपाठी, विभाग के प्रमुख डॉ. ठंडे तीन कोल आदि अन्य प्रांतों के कार्यकर्ता शामिल हैं।
6	पुत्र -मैं कैसे झूठ बोलूँगा ।	पुत्र - मैं कैसे ही बोलूँगा व बोलूँगा ?
1	हड़ताली	आ
3	सुष्मिता नाट्यगृह जा रही है।	सुष्मिता नाट्यगृह जा रही है।
27	सेंटर के निदेशक प्रोइंदु पांडे खंडूरी ने कहा, “हमारा केंद्र एनईपी 2020 के विभिन्न पहलुओं पर भाषण देने के लिए देश भर से विद्वान वक्ताओं को आमंत्रित करके शिक्षकों के लिए प्रशिक्षण के नए आयाम स्थापित करेगा।	केंद्रीय केंद्र के निदेशक प्रोइंदु पांडे खंडूरी खंडूरी ने कहा कि हमारे केंद्र को नई दिल्ली में भाषण देने के लिए देश की सभी को एक नई में से प्रसिद्ध शिक्षकों को स्थापित करके शिक्षकों को एक नया आया है।
8	केरल राज्य के विभिन्न हिस्सों से संस्कृत शिक्षक यहां मिलते हैं।	केरल के विभिन्न किस्मों से भाग लेने वाले का संस्कृत शिक्षकों का संगम होता है।
14	जगत सिंह नेगी ने कहा कि कुछ वर्ग हैं जो पहले की व्यवस्था का हिस्सा बनना चाहते हैं।	संसार मेंगी ने कहा कि कुछ वर्ग हैं जो पूर्व चल रही है वे पूर्व चलाने की भाग ले रहे हैं।
6	उस बड़े घर में चालीस खम्भे थे।	उस बड़े मॉल में चौब पर चालीस थे।
13	इस पहली वर्ष की पहली संख्या दिसंबर में प्रकाशित हुई, जिसमें आहत्त्य आठ विभिन्न विषयों के शोध पत्र प्रकाशित किए गए हैं।	इस पहली वर्ष की पहली तारीख दिसंबर में प्रकाश के लिए विभिन्न विषयों पर शोध पत्र प्रकाशित कर दी गई हैं।
11	श्रीमान ने श्रीमद्भगवद्गीता में जीवन प्रबंधन विषय पर व्याख्यान दिया। उन्होंने कहा कि गीता के बिना जीवन नहीं है।	महोदय ने श्रीमद्भगवद्गीता में जीवन का जन्म करते हुए एक व्याख्यान में कहा। वह बोला मैं जीवन में जीवन नहीं है।
18	सुरक्षा बलों के द्वारा जम्मू-कश्मीर के अखनूर-जिले के नियंत्रण रेखा के पास गाँव में चला गया चित्र- ग्राहक यंत्र द्वारा प्रक्षेपित विस्फोटक हथियार और मुद्राओं को रोक लिया गया था।	सुरक्षा बलों द्वारा जम्मू-कश्मीर के अ खोदने से हजामत-प्रभाग के एक चित्र- एक चित्र-कॉलेज के द्वारा दी गई रूप से गुस्साइड किया गया।
5	इंग्लैंड टीम के पास चहनांकाओं की अग्रता है।	इंग्लैंड टीम के सामने चधिकाओं की अग्रणी है.
10	मुख्यमंत्री ने कहा कि जो सरकार से प्रश्न करते हैं वे कृष्णोपनेत्र पहनते हैं।	जो सरकार से प्रश्न करते हैं वे कृष्ण को प्रश्न पहनते हैं।
1	इसी कारण से	इसी प्रकार से
5	झरोखे से सारा नगर दिख रहा है।	गायक्षू से पूरा शहर दिख रहा है।
5	वहीं वर वधू ने एकदूसरे को तुलसी माला पहनाई।	वहीं वरौना ने एकदूसरे कोसवाने की कोशिश की।
9	इस प्रकार छोड़कर वह घोड़े पर चढ़ाकर सहसा बैठ गया।	ऐसा कहकर अश्वम्मी वर्षा से वर्षा हुई और अचानक कोई हो गया।
9	आकर उसने सेठ से कहा- “हे सेठ ! धरोहर के रूप मे रखी मेरी वह तराजू दे दो।	आकर उस सेठ ने कहा- “हे श्रेष्ठ! मेरे द्वारा सेठ को मेला दिया गया मेधावान करो।”
10	(शरीर से) परे (श्रेष्ठ) इन्द्रियाँ कही जाती हैं; इन्द्रियों से परे मन है और मन से परे बुद्धि है, और जो बुद्धि से भी परे है, वह है आत्मा।।	इन्द्रियाँ, मन और पराया से युक्त तथा मनस्वी (अज्ञान) तथा मन, मन और बुद्धि एक (तथा) मन से अमृत के समान है।।
6	केवल 11 सीटें चुनी गईं।	केवल 11 स्थान ही चयनित थीं।
6	ओह आठम नहीं , हीं अष्टमी कहते हैं।	ओह आठवें नहीं , आठमी कहते हैं।
13	उन्होंने कहा कि इस हिस्से में राज्य सरकार द्वारा संयंत्र के निर्माण के लिए दी गई भूमि का खर्च भी शामिल है।	उन्होंने कहा कि इस कि इस भाजन में राज्य सरकार से संयंत्र के निर्माण के लिए भू भी शामिल है।
6	बाद में बेंगलुरु शहर में हिमाचलियों का सशक्त संगठन बनाया गया।	बाद में बेंगलुरु शहर में में एक सशक्तीकरण बनाई गई।
7	लौकिक पुरुष हाथी, घोड़े और सारथि जैसे गौरश्व है।	लोहा से जैसा पुरुष पुरुष पुरुष ने शकुकरा
10	श्रीमहादेवजी बोले सुमन्त्र जी ने भी सन्ध्या काल में, सजल नेत्र होकर, वस्त्र से मुख ढंककर अयोध्यापुरी में प्रवेश किया ॥	किसी दूसरे दिन दिन चाहता हुआ एक दिन पहले दिन में चल पड़े वस्त्र से वस्त्र धारण करना, त्यागी और किसी दूसरे परेशान न करके बाध्य एवं बाथारूपी होकर बढ रही है ॥
1	कहने पर ।	निकलता है
6	एक बार मेहुल देर रात घर आ रहा था ।	एक समय मेहुल रात देर रात आ रहा था ।
1	वचन।	संकल्प ।
23	मोदी ने वीडियो कॉन्फ्रेंसिंग के माध्यम से विकसित भारत संकल्प यात्रा के लाभार्थियों के साथ चर्चा में कहा कि पिछले नौ वर्षों में पचास करोड़ लोग निर्धन वर्ग से बाहर आ गए हैं।	वीडियो कांपिंगिंगिंग के माध्यम से विकसित भारत संकल्प यात्रा के लाभ में मोदी के साथ चर्चा में मोदी ने कहा कि पिछले नौ वर्षों में पांच करोड़ से अधिक से अधिक लोग बाहर आए हैं।
10	इस बार भी चंद्रमा अपने दक्षिणी ध्रुव के पास समतल क्षेत्र में उतरेगा।	इस में भी चंद्रमा के दक्षिणी वकील के पास वर्तमान क्षेत्र के लोगों को एक चंद्रमा के दौरान को उतारने में वर्तमान से उतारने वाले दक्षिणी वकदनी के दक्षिणी वकील के स्थान पर एक चंद्रमा के स्थान पर बढ़ जाएगी।
4	मैंने एक सेविका को बुलाया ।	मैंने एक सेविका को आमद दिया।
12	समग्र रूप से दक्षिणी एशिया में सत्ताईस वर्ष के धनराशि के भेजने में सात मिलियन वृद्धि हुई।	समग्र रूप से दक्षिणी तेईस वर्ष में के तीस वर्ष में धनदशी के दो सौ रुपये में सत्र हुआ।
21	ब्रह्मविचारमें जिसका चित्त एक क्षणके लिये भी स्थिर हो जाय, उसने समस्त तीर्थोंके जलमें स्नान कर लिया, सम्पूर्ण पृथ्वीका दान दे दिया, सहस्त्रों यज्ञ कर लिये, समस्त देवताओंका पूजन कर लिया तथा अपने पितरोंको संसार सागरसे - पार कर दिया और स्वयं तो वह त्रिलोकीका ही पूजनीय हो गया ।।	उस आत्मा को ज्ञान देकर ज्ञान और ब्रह्म के द्वारा सभी ब्रह्म भावों का कहना है। वह ब्रह्म का निधन हो गया है। ये सभी राजाओं को सहन करके ये सब देवताओं के द्वारा कहे हुए इस संसार को सभीसे विचलित कर दिया। जिसके द्वारा वह ब्रह्म का विचार किया गया। जिसके द्वारा वह ब्रह्मस्वरूप होकर देवताओं को भी नहीं किया जा सकता।
3	तुम सेवो ।	तुम सब सेवा करो ।
8	1 मार्च को शुक्र और बृहस्पति एक सीधी रेखा पर पहुँच गए।	1 मार्च को शुक्रवार को होने वाले बड़ीख, प्रत्यक्ष के दौरान खूबखान मिला।
1	ये चारों ओर वर्तमान	ये ही हैं
1	खुशी और गम के अधीन	हर्षशोक से।
7	सर्वेक्षण समग्र शिक्षा अभियान के राज्य परियोजना निर्देशालय द्वारा किया जाता है।	सर्वेक्षण में पूरा शिक्षा अभियान अभियान के राज्य परियोजना निदेशक द्वारा किया जा रहा है।
6	तीन दिवसीय सम्मेलन आज शुरू होगा	तीन-तीन दिन का सम्मेलन आज शुरू होगा।
9	और कहीं पर पति भी अपनी पत्नी के रूप में देवी का रूप धारण कर, सखियों के समान मानो।	और यहां पति से पति देवी का रूप धारण करते हैं और सहमति को मन से पढ़ता है।
6	खोज कर उसके सफ़ेद बाल का चित्र आ गया।	खोज करते हुए उसका श्वेतकेश का चित्र आ गया।
14	यू.ए. ई., सऊदी अरब के बाद बुधवार को खट्टर के स्वास्थ्य मंत्रालय ने भी स्पष्ट किया कि स्थिति पर नजर रखी जा रही है.	यूक्रेनी ई.एस.के. और अन्य देश बाद बुधवार को खुल जाने वाली स्वास्थ्य मंत्रालय ने भी स्पष्ट कर दिया है कि परिस्थक्षय निरीक्षण है।
11	इसके पश्च्यात राजा दशरथ ने श्री राम और लक्ष्मण को बुलवाया तथा उनका आलिङ्गन कर तथा सिर को सूंघकर श्रीविश्वामित्र जी को सौंप दिये ॥	श्रीरामचन्द्रजी ने भी राम को वन में ले चल पड़े और उन्हें आदरपूर्वक रहे लोगों को खूब नाक दिया। उन्हें बारम्बार समर्पित कर बोला ॥
9	यदि वह निकाला है तो फिर स्थापित किया जाएगा।	यदि वह निकाल दिया तो फिर से स्थापित होगा।
15	न केवल इस अपितु सफल परिश्रम के आधार पर वह आज बी.एस. में भी अध्ययन कर रही हैं एड्स.	न केवल इस अपितु सफल परिश्रम के आधार पर वह आज बी.एस. में भी अध्ययन कर रही हैं एड्स.
6	अनेक बार मुगल राजा महाराणा प्रताप से पराजित हुए।	अनेक बार मुगलराज अब महाराणा प्रताप से हार गए।
10	चन्दन, चिरायता, धमासा, बासा और सोठ, दारूहल्दी की छाल, खस तथा नीम की छाल इनका क्वाथ रक्तजन्य अर्श मे शान्ति करता है । दाहल्दी की छाल, खस और नीम की छाल इनको पृथक् भी प्रयोग करने से रक्त रुकता है ॥	चन्दनकी शोभा सुजनन करना, शिकार करना, दूसरे प्रकारका चिन्तन करना, खेद करना, खेद करना, ये सब बातें बड़े और शिकारके लिये कुछ-दूसरे से युक्त न रहना चाहिये।
7	अहंकार के कारण वह निर्दोषों को भी मारता था	उनके कारण से वह निकल रहा था
13	बुद्धिमान् श्रीरामचन्द्र ने भी धनुष लेकर उसपर दो बाण चढ़ाये और कर्ण पर्यन्त खींचकर पृथक् पृथक् दोनों राक्षसों की ओर छोड़ दिये ॥	राम ने भी धन के घबराए हुए राम से ही धन प्राप्त किया तथा उन्हें अलग हुए अपने भाईयों की जीना दो प्रकार से अलग करके राम वन में आयेगया ॥
4	उसकी बात करने की शैली हँसी से भरी है।	उसकी बात करने की हयली हार्दिक हँसी से भरी है।
7	पुण्य कर्म में जो रत हैं वे पुण्य फल ही पाएँगे।	पुण्यकर्म में जो रत हैं वे पुण्य फल ही पाएँगे।
7	दोपहर में बजे सहसा ज़ोर से शोर हो गया।	दोपहर में बजे उच्च उच्च न्यायालय से शोर हुआ।
6	इस फिल्म का आधिकारिकघोष बहुत जल्दी होगा।	इस फिल्म का आधिकारिक घोषणा बहुत जल्दी ही होगी।
1	भले ही	काम
7	आने वाले संतों के द्वारा वातावरण सुरक्षित किया जाना चाहिए।	अगले संयोग से हमें वातावरण सुरक्षित करना चाहिए।
4	द्वावेव उत्तराखंड का गौरव है।	दोनों ही उत्तराखंड से गौरव दोनों ये दोनों विद्यालय हैं।
9	रूपाली आगे बोली कि वह पृथ्वी की नाट्यगृह में नाटक कर रहा था।	रूपाली आगे उन्होंने कहा कि वह पृथ्वी की गहराई में बोलने वाले थे।
3	चार वेद कौन-से हैं?	चार वेद कौन हैं?
3	असह्य कष्ट है	असहय कष्ट है कि
6	वह रास्ते में ही कूड़ा फेंकती है	वह रास्ते में ही कूड़ा फेंकती है
5	पंद्रह मिनट तक वह कूदा।	पन्द्रह मिनट तक वह कूदा।
18	इसी बीच वीरवर लक्ष्मण जी ने प्राणों की आशा में डूबकर उनका भक्षण करने के लिए अपने सामने आकर शक्तिमान रावण को बाणवर्ष से चढ़ापा।	इसी बीच वीरवर लक्ष्मण ने लक्ष्मण की प्राणों की प्रशंसा के लिए उनका आज भी उसे बचाने के लिए स्वयं आकर शक्तिशाली शक्ति को प्राप्त किया।
7	हिमाचल प्रदेश के मुख्यमंत्री सुखविंदर सिंह सुक्खू बुधवार को दिल्ली के लिए रवाना हो गये.	हिमाचल प्रदेश के मुख्यमंत्री सुखविंदर सिंह सुक्खू बुधवार को दिल्ली के लिए प्रस्थान किया।
7	हमारे गाँव आना, मैं तम्‍हें झरना दिखाऊँगी	मेरे गाँव में आतान में मकान के लिए निकल आऊँगा।
1	जो अच्छी तरह से संरक्षित किया गया है	पूरी तरह से दे
17	हिमकेयर योजना के तहत 8.53 लाख परिवारों को पंजीकृत किया गया और सहारा योजना के तहत फरवरी तक 3,106 लाभार्थियों को पंजीकृत किया गया है	बर्फ योजना के तहत 8.5 लाख लक्ष्र द्वारा परिवार पंजीकरण कर लिए हैं और सहाराय योजना के तहत 31,० 262 से पंजीकरण हैं।
8	यह घटना पंजाब के अमृतसर जिले के शाजत गांव के पास हुई।	पच्चीसवें दिन जिले के  ⁇ ग्राम के पास हुआ।
7	करता हुआ ही यहाँ कर्म, जीने की इच्छा करे सौ वर्ष	परन्तु इस प्रकार इस जीवात्मा को वनवास की रगड़ की भावना के अनुसार ही शलाती है।
1	निर्धन	गरीब
5	छात्रवत्सल गुरु छात्र को धर्म का बोध कराता है।	छात्र के समान गुरु को धर्म समझाता है
1	शीघ्र	जल्दी से
5	माता पुत्र से सांप मरवाती है	माँ पुत्र से साँप को मारता है।
8	इस समिति में नियुक्त महिलाओं के लिए 30 फीसदी आरक्षण होगा।	इस नियुक्त महिलाओं के लिए 30 फीसदी आर आ
5	हम समाज को क्या देते हैं ?	हम समाज को क्या देते हैं ?
5	कल रात सम्मान समारोह हुआ।	कल रात का सम्मान समारोह हुआ।
6	जिसने सेवा धर्म स्वीकार किया, उसने जीवनसुख ही प्राप्त किया।	जिससे सेवा धर्म स्वीकार किया, उससे जीवन सुख प्राप्त करना ही है।
5	सीवान के सभी लोग भयभीत हैं	सीता के सभी लोग डर गए हैं।
6	यह दाहिने हाथ से भोजन शर बांये से जल पीता है।	यह दचांकिसी को द्वारा भोजन से भोजन से खाता है।
24	छोटी वर्ग में मीटर दौड़ने में स्वामीदर्शनानन्द- गुरुकुल- कॉलेज ज्वालापुर के प्रतियोगी छात्र देवांश पहले स्वामीदर्शनानन्द गुरुकुल-प्रतियोगी छात्र शिवम कॉलेज ज्वालापुर के दूसरे, ऋषिकुल विद्यापीठब्रह्मचर्या आश्रम के प्रतियोगी छात्र दीपांशु खन्तवाल तीसरे स्थान पर रहे।	जूनियर वर्ग में मीटर दौड़ने पर स्वामी दर्शना- गुरुकुल-कॉलेज के प्रतियोगी छात्र देवसैन ने पहला स्वामी, स्वामी छात्र शिवम कॉलेज के का दूसरा कुछ दिनी-सा में, ऋषिकुल विद्यापीठ के प्रति से दीप प्रज्ज्वलित किया।
19	हे भगवन् ! शारीरक, मानस, आगंतुक और स्वाभाविक व्याधियोंसे नाना प्रकारकी पीड़ाके केशसे दुःखित व सनाथ होकर भी अनाथकी भांति तड़फते और विलाप करते हुए मनुष्योंको देखकर हम सबके मनमें खेद होता है इससे उन सुख चाहनेवाले रोगियोंक रोगशांतिके लिये और सुखसे अपना जीवन व्यतीत करनेको तथा प्रजाके कल्याणके अर्थ जैसे आप उपदेश करेंगे आयुर्वेद (वैद्यक शास्त्र) के सुनने की हम सब इच्छा करते हैं ॥	हे भगवान्! यदि भगवान् शिवके द्वारा कुआँिकभाव, यदि भगवान् आत्रेय ने कहा हो तो वे ' परमां करके साष्टांगको] 'सुन्दरोलाभ से युक्त' मन में धारण करने वाले मदिराजी के पास जाकर उनके सुखको छोड़कर मेरे सुखरूपी अमृतके विषय हैं। इस प्रकार अपने अर्शन के लिए भी हो जायेगा, वे 'सत्य' शब्द करते हैं' ऐसा भगवान् आत्रेय ने अपने सुखको मैं भी अपने अमृत रूप से सुनने की इच्छा से विचरता हुआ भी नहीं जानता। तब उनके सुखानेके कारण यदि उनके
8	परन्तु न्यूनतम तापमान में कमी के कारण ठंडी लहर लगातार होगी।	परन्तु कम तापमान में कमी के कारण ठंडी लहर लगातार हो सकती है।
6	सभी बच्चे नीरव के बगीचे में खेलते हैं	सभी बच्चे नीरव के बगीचे में खेल रहे हैं
1	हत्यारा	मार डाला
33	उस बाद जय शब्द से महेश्वर को प्रसन्न करते हुए सभी नशाचरों, देवताओं और ऋषिगण विष्णु के पास जाकर उस शंखचक्र धारण करने वाले देव को प्रणाम करते हुए, हे देव ! सुकेश के तीन पुत्रों और तीनों त्रेताग्नि के सन्निहित वरदाताओं के साथ हमारे स्थानों को सुशोभित करने लगे।	फिर जयशब्द ने बड़ेेश्वर के प्रति रावण को मारने के लिए अपने तीन निशा ने डरे विवा और ऋषिगण, ऋषिगण और वह शंख चक्रवात के पास जाकर उन्हें वह शंख चक्रवात के रूप में देखा।
5	प्रधानमंत्री ने लोगों को युवजन-महोत्सव की शुभाशंस की.	प्रधानमंत्री के द्वारा युवजन-महर्षि शुभाता को प्राप्त किया गया।
3	जब वो रुकते हैं	जब वे रुकते हैं
5	किंतु न चलता हुआ गरुड भी, एक कदम भी नहीं जाता।	नये वैनन को भी पद मानने वाले नहीं जा रहा है।
5	जहाँ परिश्रम हैं, वहाँ असफलता कहाँ?	जहाँ परिश्रम, वहाँ कहाँ होती है?
11	नीलेश - मैं अहमदाबाद के पास विशाल गौशाला बना रहा हूँ।	नीलेश - मैं कर्ण के समान है ।
6	यह क्या है वृक्ष या ठूंठ ?	यह वृक्ष क्या है या नहीं ?
4	वह अपना धन दिखा रही है ।	वह अपना धन दिखा रही है ।
4	प्रत्येक गाँव में बाग़ होता है।	गाँव में बाग़ में होता है।
9	जो मन परिसर को सुगन्धित करता है उसका नाम परिमल है।	जिस मन और मन को एक वर्षीय सुगन्धा नामक एक प्रक का नाम ले जाता है
6	चिकित्सालयों में उपकरण और औषधि का अभाव है।	चिकित्सालयों में उपकरण और
5	गुरु छात्र को शास्त्र स्त्र में ले जाता है।	गुरु छात्र को में कुशल करता है।
23	इसके लिए स्वास्थ्य- परिवार कल्याण, सामाजिक न्याय, सशक्तिकरण, श्रम और  ⁇ m ⁇ lo ⁇ ment, मंत्री कैनल डॉ. धनीराम शांडिल सोलन शिमला ने राष्ट्रीय राजमार्ग के चतुष्म लाइन के काम को शीघ्र करने के लिए संबंधित अधिकारियों को निर्देश दिया।	उसके लिए स्वास्थ्य- परिवार कल्याण, सामाजिक न्याय, सशक्तिगण, श्रमिक निगाह, मजदूर को रोजगिल डॉ. विजयराम शांडिलिफ ने सोलन राष्ट्रीय राजमार्ग के कार्य जल्दी से एक संबंध का काम करने का संबंध किया।
4	संदीप कहाँ जाता है ?	संदीप कहाँ जाता है ?
5	छात्रवत्सल गुरु छात्र को धर्म का बोध कराता है।	छात्र के समान गुरु को धर्म समझाता है
8	पराग - नहीं , तेज मत चलो ।	पराग -ना , तेज मत चलो।
7	सरकार की इस नीति में कर्मचारियों का उत्साहपूर्ण सहयोग होता है।	सरकार की इस पटल को सरकार की उत्साह के साथ-साथ उत्साह मिलता है।
6	और अपने परिवार का सम्मान अवश्य बढ़ेंगे।	अपने परिवार के सम्मान और अवश्य ही बढ़ेंगे।
10	इससे पतञ्जल का समय सामान्यतः ख्रिस्तपूर्व 150 वर्षों का है।	उन्होंने पंडित काल सामान्य सामान्य से खूब अपनती थी।
10	प्रशिक्षण पाने के लिए जो शिक्षक आए थे उन्हें भी उत्साह के साथ भाग लिया गया।	प्रशिक्षण पाने के लिए जो शिक्षकों को आए थे ने भी उत्साह के साथ भाग लिया।
1	विपरीत	नहीं है
4	कितने बजे तक पढ़ेंगे ?	कितने बजे से पढ़ने खाएँगे?
9	जैसे-जैसे इस लोक में जो कुछ कार्य होते हैं, वे सब तुझी संचित की जाती हैं।	यदि जो इस लोक में आने वाले लोक में वे हैं, वे हैं,।
1	देखते हैं	देखते हैं
5	पति - आज फिर से ....	पति - आज फिर से
9	वास्तव में रुपाली गांगुली के पिता अनिल गांगुली सर्वश्रेष्ठ फ़िल्म निर्माता थे।	वास्तव में रुपये गांगुली के पिता जी अनिलगुली फिल्म निर्माता थे।
9	तेजिन्दर – हमारा तिरंगा झण्डा स्वाधीनता और राष्ट्रगौरव का प्रतीक है।	तेजिन्दर – हमारा तिरंगा झण्डा स्वाधीनता और राष्ट्रगौरव का प्रतीक है।
1	रोगी का	अस्पताल का
15	सर्वश्रेष्ठ टेलीविजन कार्यक्रम-इस दौरान दिखाई पड़ने के बाद अब लक्ष्य लालवानी है''किल''फिल्म के माध्यम से कोहली-फिल्म में वह दिखाई देगा.	दूरदर्शन की महज में कार्यक्रम है-इस दृश्य के बाद अब लक्ष्य लालवानी''चल''फुटबॉल में दर्शन दिया जाएगा।
7	इस संबंध में बुधवार को राज्य के राजभवन द्वारा अधिसूचना प्रसारित की गई है।	इस संबंध में राज्य के राज्य देव हो गया है।
12	उत्पादन औरव्यय के अनुसार ग्रेवल की दर को तय करने के लिए सरकार सोच रही है, जिससे जनता को नुकसान न हो सके।	उत्पादन और अनुसारए के अनुसार यह भी निर्धारित करने के लिए सरकार सोच रहा है, जिससे जन समुदाय को भार नहीं होता है।
1	जन्म और मृत्यु	सर्ग
5	वे विलासी लोग आने वाली आपदा को नहीं देखते हैं।	वे विलासी लोग आने वाली आपदा को नहीं देखते हैं।
6	दिल्ली के उपमुख्यमंत्री मनीष सिसोयी को फरवरी में गिरफ्तार किया गया है.	दिल्लीनगर के उपमुख्यमंत्री। आदिोदि इस फरवरी को ही लिया गया।
5	गङ्गा नदी के तट पर उनका आश्रम है।	गङ्गा नदी के तट पर उनका आश्रम है।
17	मुख्यमंत्री सुखविंदर सिंह सुक्खू ने कहा कि राज्य सरकार ने कांगड़ा जिले के ढगवार में अत्यन्त आधुनिक स्वचालित दूध प्रसंस्करण संयंत्र को स्थापित करने के लिए राष्ट्रीय दूध विकास बोर्ड के साथ ज्ञापन पर हस्ताक्षर किए हैं।	मुख्यमंत्री सुखविंदर सिंह सुक्खू ने कहा कि राज्य सरकार ने कांगड़ा जिले के ढगवार में एक सेलिक स्व ? का उद्घाटन करने के लिए राष्ट्रीय दूध विकास आयोग द्वारा राष्ट्रीय दूध सेवा पत्र में हस्ताक्षर करने के लिए राष्ट्रीय स्वयं विकास में हस्ताक्षर किए।
8	इस संबंध में मंगलवार को झारमा जरीिस्तान में घटनास्थल से आवश्यक साक्ष्य एकत्र किया गया।	इस संबंध में, झारमा में मंगलवार को हुए घटना के से आवश्यक घटनाओं को हासिल करने की कोशिश की गई।
8	मुम्बई में वह आतंकवादी हमलों की स्मारक में शहीद वीरों को पुष्पंजलि देगा।	मुंबई में आतंकवादी हमलों के याद में शहीदों के लिए पुष्पों को पुष्पित करने के लिए पुष्पों को अर्पित किया जाएगा।
7	छात्रवृत्ति योजनाओं में भ्रष्टाचार का निवारण करने की व्यवस्था की गई है।	छात्रवृत्ति योजनाओं में भ्रष्टाचार निवारण करने के लिए यह नए व्यवस्था की गई।
13	आलस्य ही मनुष्य के शरीर का महान शत्रु है। उद्यम जैसा कोई मित्र नहीं है। कार्य करने वाला व्यक्ति दुःखी नहीं होता है ।	निश्चय से आलस का शरीर ही शत्रु है। वह महान शत्रु समान है। जिस शरीर के ढहने पर हर समय ठण्डा हो जाता है और जिस शरीर में काम करना चाहता है ॥
5	मैं उसकी शाखाएँ काट रहा हूँ ।	मैं उसकी सब्ज़ी काट रहा हूँ ।
22	ध्यान का बहाना बनाकर (तुम) किस सुन्दरी का चिन्तन कर रहे हो? क्षणभर के लिये आँखें खोलकर कामदेव के बाणों से व्यथित इन जन को तो देखो, रखक होते हुए भी तुम हमारी रक्षा नहीं कर रहे हो व्यर्थ में ही तुम दयालु कहलाते हो तुमसे अधिक निष्ठुर पुरुष कोईओर नहीं है। इस प्रकार अप्सराओं द्वारा ईर्ष्यापूर्वक कहे गए ज्ञानसम्पन्न जैन तीर्थकर (महाराज) आप सबकी रक्षा करें।	हे मन ! ध्यानचंद आदि में संसार को भोग कर तुम मुझे मारने के लिए जौन लगा दिया है तथा जड़े ही तुम किसी दूसरे दिन की रक्षा करो। ऐसा कहकर राक्षसराज ने एक बार तुम लोगों से कहा कि यह राक्षस ही है। कामदेवों के पाशों से रक्षा की गयी थी। उसके ऊपर क्यों नें, आप आत्रेय से मेरी रक्षा करें ||
4	वर्षा की प्रतीक्षा कर रहे हैं	वर्षा की प्रतीक्षा कर रहे हैं
5	भारतीय खिलाड़ी सूर्य कुमार यादव को सर्वश्रेष्ठ खिलाड़ी चुना गया।	भारतीय खेल के सूर्य कुमार यादव ने सर्वश्रेष्ठ खिलाड़ी से.
5	जर्मनी देश का क्रम चौथा है।	जर्मनी देश का क्रम चौथे है।
13	यदि मैं आज्ञा नहीं करता हूँ, यदि गुह्य नहीं है, यदि मेरे द्वारा सुना जा सकता है तो कृपया कहें।	मैं नहीं जानता, यदि मैं पहले नहीं जाता, यदि मुझे सुनने को नहीं पढ़ सकता।
18	जो भी सभ्यता, क्षेत्र का विकास, जीविका, संस्कृति, शिक्षा आदि के इस क्षेत्र में प्रवाहित बड़ी जलधाराओं के कारण यह इतिहास में उल्लेखित है,	जो कोई भीता, क्षेत्र का विकास, उप जीवन, संस्कृति, शिक्षा इत्यादि विषयों का उपक्रम तपाया जा रहा है-यह क्षेत्र में बहुत से वृद्धि होता है।-यह इतिहास आदि का के कारण बनता है।
6	एक बार वे धर्म के प्रचार के लिए एक गाँव को गये।	एक बार वह धर्म के प्रचार के लिए एक गाँव गया।
5	वह वृद्धा खुश हो जाती है	वह बूढ़ी खुश होती है ।
5	फिर भी सामा बहुत गुणवती है ।	फिर भी सामा बहुत गुणवती है ।
19	इस अवसर पर सोमवार को शिमला में उद्योग मंत्री उपस्थित हुए मुख्यमंत्री सुखविंदर सिंह शुक्ल ने गिरिपार क्षेत्र के अधिकारियों और जनता की उपस्थिति में हाड़ी समुदाय को अनुसूचित जनजाति के रूप में घोषणा की और अधिसूचना जारी की।	इस अवसर पर सोमवार को शिमला शहर में उद्योग मंत्री सुखविंदर सिंह सुक्खू, के अधिकारियों ने लोगों और लोगों के उपस्थित लोगों को एक में हाटी समुदाय को अनुसूचित जाति समुदाय में घोषित किया।
3	उसकी चिकित्सा करवाई।	उसकी चिकित्सा करवाई।
5	सर्वमेध विधाता ने उन दोनों को जगत्सृष्टि की रचना की।	सबने एक ही जगत् के निर्माण से कहा।
5	उत्तम लड़की से धन लेता हूँ।	उत्तम लड़की का धन लीन लेता हूँ।
16	लम्बी श्वास लेकर । हे पुत्रि, तुम्हारे द्वारा पहले पूजा के लिए डाले गए (और अब) पर्णकुटी के द्वार पर उगे हुए नीवार के उपहार को देखते हुए मेरा शोक भला कैसे शान्त हो सकेगा? ।।	शबरी ने भी अपने चकोच से अपने अति मैथुन से किसने कहा था। मुझे बताओ कि तुम मेरे द्वारा जल के लिए विगप करने वाले उलटी विंगन के समान अत्यन्त कष्ट होता है। जब वह शिकार रहकर सेना के पास चल पड़े तब पृथ्वी को छोड़ दिया। तुम मेरी रक्षा करो, इस प्रकार श्री रामचन्द्रजी ने मुझे छोड़ दिया। श्रीमेरा पूर्व दिशा की मृत्यु किस प्रकार रटते हुए चिकने स्वामी के समान नीला। तथा शिकार के समय में ही मुझे रहकर अब तो (मीम से) दिखावा पाशयों से
1	महात्मा गाँधी	पढ़ानेवाला
4	शीखा प्रतियोगिता को प्रथम पुरस्कार, भागीरथ गिरी।	शकरस में प्रथम पुरस्कार के साथ पुरस्कार जीता।
4	अंत में पाकिस्तान की पराजय हुई।	अंततोगर् अपने स्थान पर हुई।
15	कक्षाओं का अनुभवकथन स्मृतिगुप्ता ने किया, आदित्यरावत, डॉ. राघवेन्द्र मिश्र ने, मुकेश लोधी, निशा पाण्डेय और डॉ. भागीरथी मिश्र ने किया।	कक्षाओं का अनुभव क्यों हुआ, आदित्यवत, डॉ. राघव मिलता है, मुकेश:
3	जोकि, उपयोंको अधिकार करके यह तन्त्र रचागया है इस वास्ते इसका अग्रगण्य ) औपद्वधिक अध्याय प्रथम वर्णन होगा ॥	अधिक किया कि हम लोग इस बात को और जीवन के साथ जुड़ा।
10	इस पृथ्वी पर तीन ही रत्न हैं-जल, अन्न और हितकारी वचन, परंतु मूर्ख लोग पत्थर के टुकड़े को रत्न कहते हैं।	पृथ्वी पर तीन रत्न हैं- जल दो, जल से रहित, मूर्खों से परकभीों को संक्षेप में रत्न की संक्षेप में ही सीखों का संग्रह करते हैं।
1	इन सभी	ये ही हैं
5	इसके बाद संस्थानगीतिका "श्रुतिसरभरविचार" को राधेमोहन और यशिक द्वारा प्रस्तुत किया गया।	बाद में संस्थान, "श्रुतसर, "यह राधिका की विद्या" ये पताहें प्रस्तुत की गई हैं।
4	आपने झरना देखा है?	क्या आपके द्वारा निर्झे देखा है?
7	वो दोनों देवनागरी में ही हस्ताक्षर करती हैं	वे दोनों देवनागर के नगर में ही हस्ताक्षर करती हैं।
6	मैं भी नहीं जानता, परन्तु सूर्यसिंह जानता है।	मैं भी नहीं जानता परन्तु सूर्य सिंह को जानती है।
28	इसरो अध्यक्ष एस सोमानाथ ने कहा कि भारत की प्रमुख सौर मिशन आदित्य है-एल-इत्य है यह छ जनवरी है-दिनांक पर धरती का एक पांच लाख किलोमीटर-दूर स्थित लैंडर-बिन्दु अपने मनोरथ पर पहुंच जाएगा।	इसरो अध्यक्ष एस सोब । भारत की प्रमुख सौर अभियान को आदित्य- एल-इसे चट्टान पर छह जनवरी-लॉड पाँच लाख रुपये-उग्रव के पंद्रह-श: लैंडर की परेशान कर रहे हैं-बताया गया कि भारत की प्रमुख सौर अभियान को जाना चाहिए।
8	तब से, भागवत उनके साथ विश्वसनीय हो गया।	तब से भागवत उसका विश्वास किसी के साथ भी नहीं हुआ।
4	अधिक भोजन का यही फल है ।	अधिक भोजन का पतन हुआ ।
8	जिसकी प्रारम्भिक सत्र संस्कृतप्रार्थना है, संस्कृत भाषा में वार्ता आदि पढ़ते हैं।	जिसकी शुरूिक सत्र संस्कृतप्रार्थना है, संस्कृत भाषा में बात आदि पढ़ते हैं।
6	ये ही मिलकर या अलग-अलग हमारे पर्यावरण को बनाते हैं।	वे मिलकर मिलकर अलग से अधिक पर्यावरण बनाते हैं।
13	इजरायल देश से कहा गया है कि वह इस केंद्र शासित प्रदेश में जल्द ही समुद्री जल शुद्धीकरण के कार्य में लगेंगे।	इस दौरान देश ने कहा कि वह इस केंद्र द्वारा निर्माण के लिए शीघ्र ही समुद्र में जल्द ही समुद्र के स्वच्छ है।
3	कँटीला रास्ता है।	कँटीला रास्ता है।
11	इस उपोषण में, पर्यावरण के परिवर्तन, कृत्रिम बुद्धिमत्ता के संकट और आर्थिक विषयों पर चर्चा की जाती है।	इस में में जली परिवर्तन की परिवर्तन के के बाद की बैठक में आर्थिक क्षेत्रों में चर्चा होती है।
10	इसलिए वह कात्यायन का''सिद्ध शब्द अर्थ के संबंध में लोकतोर्थ के लिए प्रयोग किए जाने के लिए शास्त्र द्वारा लौकिक वेदिकों में धर्म का पालन किया गया।	इस के लिए वह कात्यायन की''सिद्ध शब्द अर्थ के संबंध में लोक व्यवहार में शब्दों का प्रयोग करना चाहिए धर्म से धर्म के नियमों में धर्म के नियमों में है।
8	हाँ देखिये , मैं आदर्श पाठशाला का छात्र हूँ।	हाँ देखिये , मैं आदर्श पाठशाला छात्र हूँ।
3	जल्दी जाओ ।	जल्दी जाओ ।
10	जब वह यहाँ आया तब कुछ दिनों में प्राकृतिक आपदा थी।	जब वह यहाँ आया तब कुछ दिनों में रास्ते भी दर्ज था।
5	कौन दोपहर में पाठशाला नहीं जाता?	कौन दोपहर में पाठशाला नहीं जाता?
12	कोर्ट ने कहा कि हम दी जाने वाले निर्णय पर हस्तक्षेप नहीं करना चाहते हैं, इसलिए विशेष याचिका निलंबित की गई है।	न्याय पीठ ने कहा कि हम भी निर्णय नहीं लेना चाहिए या नहीं। क्योंकि विशेष बात को निर्यात में सराहनीय हैं।
1	अचानक	अचानक ही
7	यह बीमारी औषधि, वनस्पतियों और संपत्तियों में स्थित होने के कारण भी हो सकती है।	औषधि के लिए पृथ्वी और सीधेरे के लिए त्रासना बन सकता है।
1	प्राणवायु ।	वायु ।
7	आत्मा षड्भाव विकारों से रहित, अनन्त सच्चित्स्वरूप, आनन्द स्वरूप, बुद्धि आदि का साक्षी तथा अविनाशी है ॥	छह साल पहले, दूसरे के द्वारा गुण रहित, सत्यस्वरूप, सत्यस्वरूप, बुद्धिहीन, बुद्धिहीन, नाम से विभक्त होकर भी वह बुद्धिहीन हैं ॥
8	लेकिन निर्माताओं ने आज भी फिल्म की शूटिंग नहीं शुरू की।	लेकिन निर्माता ने आज भी फिल्म का शूटिंग नहीं शुरू किया।
5	बार बार पानी पीता हूँ	बार पानी पी रहा हूँ ।
6	धर्म की रक्षा के लिये वह आगे आया ।	धर्म की रक्षा के लिये वह आगे आया
9	यह सम्भव है। कहाँ से? 'अन्तपारं किल शब्दशास्त्रम्' ऐसा कहा गया है।	यह किया जा सकता है?''अन्तप । यह शब्दशास्त्रशास्त्र है''ऐसा कहा गया है।
4	पति - खाएगा ।	पति - खाएगा ।
4	वह नगर को जाता है क्या?	वह नगर को जाता है क्या?
6	चुनाव की प्रक्रिया में देरी के कारण पाकिस्तान तहरीक-ए-इंसाफ पार्टी का विरोध किया जा रहा है.	चुनाव के परिणामों में देरी से पाकिस्तान तहरीक-ए-इसेफार टीम का विरोध किया जाता है.
6	शिक्षिका – हे छात्राओं ! तुम सब क्या करते हो?	शिक्षिका – तुम सब क्या कर रहे हो?
7	इसने सौ रुपये लिये वा नहीं ?	इस से सौ रुपये ले चलो क्या ?
4	दूकान से सबसे पहले सोलर पैनल निकाला ।	दूकान से सबसे पहले सौर ऊर्जा निकाले।
7	इस समय नगरीय प्राथमिक स्वास्थ्य केन्द्र हजारों के लिए स्वास्थ्य सेवा प्रदान करती है।	इस समय शहरी जब प्राथमिक स्वास्थ्य केंद्र को एक स्वास्थ्य सेवा प्रदान करता है।
5	ओह वह नहीं सुनता है ।	ओह वह नहीं सुन रहा है ।
4	इस प्रकार विभीषण ने उसे देखा।	ऐसा विभीषण ने उससे पूछा।
27	कार्यक्रम के संचालन में डॉ मूल चंद्र शुक्ल ने कहा कि अकादमी का यह सहयोग विभिन्न साहित्य को समाज के सामने लाने का काम करता है जिसके कारण महान विद्वान और प्रेक्षक इस ज्ञान का लाभ उठाते हैं।	कार्यक्रम का संचालन करते हुए डॉ मूलचन्द्र शुक्ल ने कहा कि अ को मुख्य मंत्री ने अनेक प्रकार के है एक के साम
12	इस दौरान मंत्री कर्णल धनीराम शांडिल आदि ने कलाकारों के साथ नृत्य किया।	इस समय मंत्री कर्ण लललराम शाण्डिल और कलाकारों के साथ नृत्य किया।
12	इस स्पष्टता के कारण नासा इत्यादि संस्थाओं को कई नई किस्मों के आने पर संस्कृत को ही अनिवार्य रूप से माना जाता है।	इसका स्पष्टता के कारण नाक संस्थाओं द्वारा विधायक अनेक भाषाओं से संस्कृत भाषा को ही स्वीकार किया जाता है।
8	बोलो .... फिर से चंचलता नहीं करूँगा।	शिक्षिका -हाँ .... फिर से चंचलता नहीं करूँगा।
24	संपूर्ण हिंदू समुदाय की संगठित शक्ति ही ऐसी कार्य करने में सक्षम थी, इसीलिए पूरा हिंदू समुदाय धनी है और इसलिए सभी जातियों ने जाति-उन्मूलन के लिए कार्य करने का कर्तव्य जो हिन्दू समुदाय सशक्त हो सकता है।	पूरा हिन्दू समाज के-बताया गया है कि ऐसा कार्य करने वाले को सभी कार्य सफल कर दिया गया है, इसीलिए सभी को इस प्रकार के समृद्ध और कार्य के लिए करना चाहिए जिससे हिन्दू समुदाय सशक्त बननी चाहिए।
4	कोलाहल नहीं करो।	शोर मत करो।
1	पल्लवसहित	पल्ल च
9	उन्होंने भी उस नाई की बांधकर मरने से बचे हुए क्षपणकों के साथ न्यायालय में ले आए।	जिस प्रकार अन्य नाई को भी कम करने में समर्थ हुआ।
7	जोसेफ बोला – मुझे तो मधुमेह है।	जोसेफ बोला – मुझे तो मधुमेह है।
6	स्वावलम्बन सतत अपने आत्मविश्वास को बढ़ाता है।	स्वावलंघन यह अपना आत्मा में अपना आत्मा बढ़ाता है।
12	छात्रों के लिए पुस्तकालय में कितने सुविधाएँ हैं, सरकार ने यह  ⁇ udget कितना खर्च किया है?	छात्रों के लिए पुस्तकालय में कितने सुविधाएँ हैं, सरकार ने यह भी कहा कि सरकार ने मुझे इस तरह का गठन किया है।
10	1900 के छात्र शम्मीशर्मा ने जम्मू-कश्मीर राज्य के प्रसिद्ध मेलों के विषय पर अपना मत दिया।	पहली दिन के छात्र श्री शम्मी शर्मा ने जम्मू-कश्मीर के प्रसिद्ध जिसकेकतमी के बारे में अपनी मॉडल देने का भी अपना ध्यान किया।
1	सत्कार, मान और पूजा के लिए।	आदर के लिए पूजन करने के लिए
4	साध्वियाँ भजन गाती हैं	साधना उचित समय गाते हैं।
22	इस में शिक्षकों की शिक्षा नीति, राष्ट्रीय उपलब्धि सर्वेक्षण क्षेत्र के समय-समयों तथा उनके सम्भावित समापन तथा आधुनिक साधनों के उपयोग से छात्रों को अपने विषय को प्रभावी रूप से बिछाने के लिए विभिन्न पद्धतियाँ सीखी गई हैं।	इस शिक्षक शिक्षा नीति, राष्ट्रीय उपलब्धियों के लिए होंगे। उनके उपलब्धियों के लिए उनके लिए आधुनिक साधनों का उपयोग और आधुनिक साधनों के उपयोग से छात्रों को अपने विषय में प्रसारित करने के लिए विविध आधियाँ प्रसारित करने के लिए विविध आधियाँ सीख गई हैं।
1	सन्तानों के।	पति के
8	राज्य सरकार लोकसेवा आयोग के माध्यम से 1243 पुलिस रक्षकों को नियुक्त करेगी।	राज्य सरकार लोक सेवा आयोग के माध्यम से 124 पुलिस अधिकारियों की नियुक्ति होगी।
3	तुम जाते हो क्या?	तुम जाते हो क्या?
4	बाद में वह घूमता है ।	बाद में वह घूमता है ।
9	शनिवार सुबह 10 बजे मार्कर ने सड़क आंदोलन का आरम्भ किया.	शनिवार सुबह बजे मार्गकर के रास्ते से पथचल का आरम्भ हुआ।
6	लोसर के बारे में तिब्बती चर्चा में बहुत उत्साह था।	लोसर के बारे में तिथिब्बती समुदाय में बहुत उत्साह था।
3	अनेक प्रशंसायें प्राप्त की गई हैं।	अनेक प्रशंसा सर्जक मिली हैं।
3	वह बेकार में बड़बड़ा रही है ।	वह व्यर्थ ही ब, बताने के लिए बत रही है।
3	यह ऐतिहासिक वृद्धि है।	यह ऐतिहासिक वृद्धि है।
9	रेलवे स्टेशन बस- टैक्सी- उद्देश्य है कि अटोरिक्शा स्टेशनों के साथ संबंध बनाए रखना है।	रेलस्थान बस- ट लाव-आंटिक्स स्थानों के साथ जुड़ा गया है उद्देश्य है।
6	तीन दिवसीय सम्मेलन आज शुरू होगा	तीन-तीन दिन का सम्मेलन आज शुरू होगा।
4	पति घर से बहार चला गया ।	पति घर से बाहर चला गया ।
1	विषाद एवं दीनता के वशीभूत।	दुःख और दमन
10	इक्वेटी बेंचमार्क की सूचकांक और बीएसई सेन्सेक्स की निफ्टी एक सौ दिन के बाद फिसल गईं।	इक्वेटी बेंचव की सूचनाएं और बीएसई सेंटील की की एक घटना के बाद एक सौ दिन के बाद फिसल गई।
25	शोभायुक्त और नमस्कार करते हुए देवेन्द्रों और असुरेन्द्रों के मुकुटों के चमकदार रत्नों की कांति से जिनके श्री चरणों के नखरुपी चन्द्रमा की ज्योति स्फुरायन हो रही है। और जो प्रवचन रुप सागर की वृद्धि करने के लिए स्थायी चन्द्रमा हैं एवं योगिजन जिनकी स्तुति करते हैं, ऐसे अरिहन्त सिद्ध आचार्य उपाध्याय और साधु ये पांचों परमेष्ठी तुम्हारे पापों को क्षालित करें और तुम्हें सुखी करें।	जो भगवान् सूर्य देवताओं के निर्माण के लिये योगिराज हैं, प्रद्यर-नवकूप-नईल-नई पुष्पों का प्रवचन कर, वे सब बालूले के समान, सब कुछ लोगों ने, जो सभी साधुओं के समान उनकी विहित कूटने वाले को सब योगिराज समझकर योगिराज ने अपनी चिकने से योगिराज दिया।
1	गोभी	गोभी
6	कल्याण समिति के बारे में निर्णय अभी भी नहीं लिया गया है।	कल्याण समिति के बारे में निर्णय अभी भी नहीं लिया गया है।
4	अपने मोक्ष के लिए और समाज के कल्याण के लिए।	इस मोक्ष के लिए और जगत् के हित के लिए।
5	तुम तो यज्ञ विधि भी जानते हो।	तुम तो यज्ञ?
7	वह दोनों देवनागरी में ही हस्ताक्षर करती हैं	वे दोनों देवनागर के नगर में ही हस्ताक्षर करती हैं।
22	अरे काम! अपने धनुषकी टंकारोंसे हाथोंको क्यों थकाता है ? अरी कोयल ! तू अपने कोमल कलरवोंसे वृथा क्यों बक-बक कर रही है ? ओ बाले ! तुम्हारे इन अतिस्निग्ध, चातुर्यपूर्ण, भोले-भाले, मधुर और चंचल कटाक्षोंसे भी अब कुछ नहीं हो सकता। अब तो मेरा चित चन्द्रशेखर श्रीशंकरके चरणसरोरुहके ध्यानरूप अमृतका आस्वादन कर चुका है ॥	अरे कोई भय उत्पन्न करने के लिये ही वह कोश है? को कोयल की सेन और कोच से कर दिया है। बालो के कारण तुम कोजीजनक बोला, अब बच्चों को कुछ से अधिक नहीं है। बालक का ले जाने के बाद ही बाल्टी का बना होता है। बालकजी ने बालूप में पूछा की कान्ति तथा कमजोर नामक अंग इस प्रकार का पान किया है। बालक और प्यास से अत्यन्त गिरे हुए हैं। बच्चों को केले के समान मुख है। बालक और बालक को जीतकर अब क्या करना चाहिये ॥
5	वह सभा में क्यों बैठा है	वह सभा में बैठते हुए बैठ गया है ।
8	बहुत से लोग राखी भेजने के लिये यहाँ आए हैं ।	बहुत से लोग राखी भेजने के लिये यहाँ आए हैं
2	एक निराकार परमेश्वर को।	एक सेस
7	इस प्रकार कुल राजा की प्राप्ती 42,152,08 करोड़ रुपये होगी।	इस प्रकार कुलराज की प्राप्त प्राप्ति 42,152.48 करोड़ रुपये होगी।
6	तब वो तीन सुकेशपुत्र कृतार्थ हुए।	फिर तीनों सुकेश पुत्र का कृतकृत्य हो गया।
4	रास्ते में गड्ढा था।	रास्ते में गड्ढा था।
10	चुनाव जब आते हैं तब मंदिर आगे आता है, उन्होंने कहा था।	चुनाव जब आते हैं तब मंदिर को आगे आता है।
7	श्यामला इससे पहले संस्कृत कार्य करती थी ।	कालला पहले संस्कृत कार्य करते थे।
8	इंदौर में एक के साथ बात करनी थी ।	इंदौर में एक के साथ बात करनी थी ।
10	यह सुनकर हिरण्यक चित्रग्रीव के बन्धनों को काटने के लिए जल्दी से निकट आया तो चित्रग्रीव कहने लगा -हे मित्र।	यह सुनकर उसका वचन सुन कर उस मित्र के घर छूटने की कोशिश कर रहा है। चित्रग्रीव बोला हे मित्र
4	श्रद्धास्पद गुरुचरणों में सादर अनेक प्रणाम ।	श्रद्धास्पद गुरुचरणों में सादर अनेक प्रणाम ।
15	दूसरी ओर, इस समय महेशबाबू की नई फिल्म''गुंटूरा करें''इसकी विज्ञापन बुक प्रदर्शित होगी, ऐसा समाचार आता है।	अन्य खबरबाबू के नए फिल्म का''गुंटूरा करें''इसकी भी ।
11	ऐसे मित्र को छोड़ देना चाहिए जो पीठ पीछे तो काम बिगाड़ता हो और सामने मीठी-मीठी बातें करता हो। क्योंकि वह एक ऐसे विष के घड़े के समान है जिसके मुख पर (ऊपर) दूध पड़ा है |	जो पर स्त्रियोंको बिल्कुल गरीब, प्रियवाही दिन किये हुए दूधको शर्करा और पडकाठ ( पयले ) काउंसरी करना चाहिये
6	वानी की दोनों टीमों के साथ समन्वय है।	भवानी के दोनों समूह के साथ जुड़ा है।
11	बढ़ जाए मेरे अवयव, वाणी, प्राण, आँख, कान, बल और इन्द्रियाँ	आपत्तिकों के अंगों को सुनें, प्राण और सुनने से सुनने के लिए अच्छा है, इन्द्र और इन्द्रियाँ।
4	मुँह में बत्तीस दाँत होते हैं।	मुँह में ब इस से दाँत होते हैं।
22	रे अहंकार ! तू कहीं चला जा, अरे पाप ! खबरदार, अब तू यहाँ न रहना, अरे पिशुन! (कूटनीति) तू भी दूर हो; क्योंकि अब मैं अभिमानका पात्र न रहा, रे क्रोध! तू भी यहाँसे अब और कहीं अपना डेरा डाल, आजसे हम अनन्यचित्तवालोंके हृदयमें वे भगवान् त्रिलोकीनाथ हरि ही निवास करें ।।	हे देव! कहीं भी जा सकता है, हे देव! मैं तुम्हें भी नहीं कर पा रहा हूँ। तुम यह भी कहा कि हे देव! हे प्रियतम! हे देव! हे देव! हे प्रियतम! हे देवेश! हे देवी! हे देव! हे देव! हे प्रियतमनाथ! हे देव! हे प्रियतमनाथ! हे देव! हे प्रियतमनाथ ! हे देव! हे प्रियतम! हे देवी! हे देव! हे प्रियतम!
12	कल तेलंगाना से प्रेमप्रसाद भंडारी श्रीमद्भगवद्गीता जयंती के अवसर पर एक-विशेषा- प्रतियोगिता का आयोजन हुआ।	कल वे कल वे पॉग से प्रेमरा भंडारी श्रीमद्द के समान एक- विशेष विशेष प्रतियोगिता का आयोजन किया गया।
20	मृतक के बन्धु लोगों ने कहा कि शनिवार को अम्लिका खा रही थी आदर्श ने उसके बीजों कोगल लिया, उसके बाद सांस लेने में कष्ट हुआ, उसका स्वर भी रुक गया।	मरे हुए जन ने कहा कि शनिवार को खूब खा लिये और आदर्श का बीज प्रतिगलित हुआ, उसके बाद उसकी श्वांस में कष्ट गया, उसका कर भी निवृत्त हो गया।
4	जहां मैं जाता हूं।	जहां मैं जाता हूं।
4	माता और पिता	और माता
5	वरुणा उसके विवाह के चित्र दिखा रही है ।	वरुणा के विवाह के चित्र प्रदर्शन दिखा रहा है ।
6	आदि नाम का छात्र संस्कृत कार्यक्रम का संचालन करेगा।	पूरा नामक छात्र छात्र संस्कृत कार्यक्रम का संचालन करेंगे।
2	अस्पष्ट शब्द करना	जो भी आ रहा है
11	भारतवर्ष का प्राणरूप है वेद धर्म ही है, धर्म ज्ञान ही शिक्षा का मूल है।	भारतवर्ष का प्राणरूप है तो धर्म ज्ञान या शिक्षा के मूल हैं।
3	इसके बाद क्या करेगा ?	फिर क्या करेगा?
32	उन्होंने कहा कि वह कई राज्यों में देखता है कि राज्य के युवा लोग होटेल में नौकर के रूप में काम करके हजार रुपये कमाते हैं, लेकिन जब उसकी घर के दरवाजे पर यह जीविका पहुंच जाएगी तब उसके बाहर जाने की भी आवश्यकता नहीं होगी।	उन्होंने कहा कि वह बहुत से बाहर राज्यों के राज्यों में देखता है कि राज्य के युवा होटलों में से एक को रूप धारण करके हजारों रुपये में भी आयोजित की जाती है, लेकिन जब उसका घर के बाहर यह जीविका नहीं होगी।
6	अभियुक्त शिक्षक को ग्रहण करने के लिये पुलिस बल व्यस्त है।	अभियान में कहा जा सकता है कि पुलिस बल के कोल् ने व्यस्त किया है।
8	नहीं हीं वैसा मत करिये , अधिक मत खाईये।	नहीं वैसा न करें , अधिक न खाओ
10	जो अपेक्षारहित, शुद्ध, दक्ष, उदासीन, व्यथारहित और सर्वकर्मों का संन्यास करने वाला मेरा भक्त है, वह मुझे प्रिय है।।	हे भारत ! पूर्व समय के शुभचारा (शाव) की तरह बे रहता है, जो सर्वगत (अभिमय) और वि:खी को आप मुझसे मेरी प्रिय हैं।।
14	उन्होंने कहा कि इस तरह इस केंद्र के माध्यम से शिक्षक नई ऊर्जा और नई गतिविधियों से जुड़े रहेंगे।	उन्होंने कहा कि इस तरह से शिक्षकों को इस केंद्र के माध्यम से नए तरीके से और नई प्रक्रियाओं से जुड़े किया जाएगा।
7	वैराणु की उपस्थिति अधिकतर इन्हीं मंडलियों में देखी जाती है।	एआईएों में से एक है सैरकॉले हुए है।
8	इस द्वंद्वी की पत्नी जीजाबाई कठोर थीं।	इस द्वार पर पत्नी जी पत्नी बंडोरा थी।
12	उसके बाद दादाजी डर गए और बोले बेटा तुम्हारे तप से मैं संतुष्ट हूँ।	तब दादाजी डरकर बोला हे बेटा! मैं तुम्हारे तप से देता हूँ।
3	होली जल गई।	होली हो गई है वाली
10	कैकेयी का यह भयंकर रोमाञ्चकारी कठोर वचन सुनकर महाराज दशरथ वज्राहत पर्वत के समान गिर पड़े ॥	ऐसे ब्राह्मण! श्रीरामजी को आपके वचन को सुनकर रोमा अति सुन्दर वचन सुनिये । सब प्रकार से मेढक, वनवास के समान इन्द्रनी, इन्द्रनी और इन्द्रजौ के समान कान्ति वाले, कामदेव की रहे ॥
20	वार्नर एक दिवसीय रूप में ऑस्ट्रेलिया में छहवें सबसे ज्यादा रन पर हैं और ऑस्ट्रेलिया में भी दूसरा है-यह देश के लिए सर्वश्रेष्ठ 100 कोटर के निर्माताओं में है।	वार्नर एक दिवसीय अपना है कि ऑस्ट्रेलिया देश की छःवीं रन से एक है और ऑस्ट्रेलिया देश के लिए अधिक वाले जाना करता है। ऑस्ट्रेलिया देश के लिए अधिक शतक निर्माताओं में दूसरा है।
5	उसके साथ आहुति बहन भी है।	उसके साथ आहुति बहन भी है
1	तू	तुम
4	हमारे वीर सैनिक राष्ट्ररक्षा करते हैं।	हमारे वीर सैनिकों को राष्ट्र की रक्षा करते हैं।
10	इस प्रकारपातञ्जलयोगादर्शन के अनुसार, भागवतपुराण में भी नित्य की प्रतीति का वर्णन मिलता है।	इस प्रकार पाचन के संयोग के अनुसार, भागवतें आयोजित की जाने पर भी अनित्य का प्रतीक है।
1	चमार	चमार
16	सत्य मेरी माता है, ज्ञान पिता है, धर्म भाई है, दया मित्र है, शान्ति स्त्री है और क्षमा पुत्र है, ये छः ही मेरे बान्धव है॥	हे भाई! मेरे पिता ने मेरे भाईयों से कहा- 'ये पिता, तो मेरे बंधु-बांधव ने मेरे बंधु-बांधव और शिकार है, धर्म- एक पुरुषार्थ है, धर्म ही मेरा भाई है और धर्म ही मेरा भाई है, धर्म और उसकी पत्नी है, उनके पुत्र-
8	अतः''सिद्ध शब्द के अर्थ के सम्बन्ध में''इस प्रकार यह विग्रह उचित है।	इसलिए''सिद्ध शब्द अर्थ में सम्बन्धे''इसका विचार किया जाता है।
5	पूड़ा देओ और दाल लेओ ।	पूड़ा दें और दाल करता है
5	गौरांग कैसे ज्ञानवान् होता है ?	गौांग कैसे ज्ञानवान् होता है ?
3	कुछ देर से आने वाला है।	क्यों कोई भी नहीं चाहिए।
6	हिमाचल के उत्पाद भी लोगों को बहुत पसंद हैं।	हिमाचल प्रदेश के उत्पादन भी लोगों द्वारा बहुत रो होते हैं।
3	उचित परिवर्तन से रिक्त स्थान को पूरा करो	उचित रूप से खाली स्थानों को पूरा करो
7	इसके लिये सभी प्रक्रियाएँ चरणबद्ध रूप से सम्पन्न होती हैं।	इस संबंध में सभी से सभी प्रक्रियों के चरणबद्ध रूप से एक दूसरे से निकलते हैं।
9	उनके कौशल के कारण ही तीन बार ओलम्पिक खेलों में हमने स्वर्णपदक प्राप्त किया।	उनके कौशल के कारण ही तिरार ओलम्पिक की लोचनारों में हम स्वर्ण पदक प्राप्त किये।
6	ओह , मैं भी कपडे धोना भूल गया	ओह मैं भी वस्त्र धोाने के लिए भूल गया है
4	रामजीवन पोते को खेत ले जाता है।	राम जीवन पौखी क्षेत्र को ले जाता है।
1	अचानक	ख़ामख़ाह जल्दी से
26	आकाश में किसी दूत का जाना संभव नहीं और वहां किसी से किसी प्रकार की बातचीत भी नहीं हो सकती, परंतु जिस श्रेष्ठ ब्राह्मण ने आकाश में सूर्य और चंद्रमा के ग्रहण की बात बताई है, उसे विद्वान क्यों न माना जाए।	दूत के मर जाने पर भी न ही कोई बात है, न ही किसी का ही वचन ही है यह इस बात पर जो कराजे वाले का काम क्यों नहीं खोला है। यदि वह दूर रहना अच्छा है तो वह अपने अचेतन रूप से काम कर सकता है। जैसे व्यथित होकर इस संसार में यह किस प्रकार कैसे?
11	कार्यक्रम की शुरूआत निखिल शर्मा ने मंगलाचरण किया और कवितान्जरी के सरस्वती वंदना द्वारा की गई।	कार्यक्रम की शुरुआत निवानी शर्मा मंगलाचरण के मंगलाचरण के सरस्वती ने सरस्वती वंदना द्वारा की।
1	बेला	मल्लिका
1	ले जाया गया	ले गया
4	उसका लड़का स्कूल में पढ़ता है	उसका बेटा पाठशाला में पढ़ता है
6	पुलिस उसके स्थान को प्राप्त करके अन्वेषण कार्य कर रही है	पुलिस उसके स्थान पर पहुंचकर ढूँढ़ते हुए है
7	श्रमिकों में 16 भारतीय शामिल हैं।	कर्मकरों के बीच 16 भारती भी शामिल हैं।
5	यह मुकुट किसने बनाया ?	यह सुखुत किसके समान कैसे ?
5	दास्यामि जो यहाँ है वह तुझे मैं दूँगा।	जो वहाँ है उसे मैं तुम्हें दे दूँगा।
1	उन लोगों ने	कर रहे हैं
3	कार्यालय के पात्र धोता है।	कार्यालय की बर्तन धोता है।
8	वाहन चलाने के समय अपना पालन करें और अत्यधिक विश्वास करें।	वाहन नगर समय में अपने पालक और अतिविश्वास को चलें।
18	इस सफ़ेदपत्र में उल्लिखित है कि जब चौदहोत्तर-दो हजार के दशक में प्रधानमंत्री नरेंद्र मोदी जी ने सरकार को सत्ता में तब देश की आर्थिक स्थिति विषम थी।	इस श्वेतपत्र में उल्लेख है कि जब चौदहवीं वर्ष-दो हजार के सरकार ने नरेंद्र मोदी को सरकार से सत्ताईस मेज पर विषय पर रख दिया था।
3	वह मुझसे पूछता है।	वह मुझे पूछता है
4	वृक्षों को पानी देती है।	पेड़ बालकों को पानी देता है।
8	राजीवः –हाँ , नगर में तो मैं पढ़ने के लिये रहता हूँ।	राजीव –हाँ। नगर में तो मैं पढ़ने के लिये रहता हूँ।
1	वेदान्त में निपुण ।	ब्रह्मवेत्ता को
3	झूला बाग़ में है।	झूला की ये झुकती हैं।
3	वो महिला बोली	वह महिला बोली
8	भारत नेज़ल एंटीवायरल दवा वितरित करने वाला पहला देश है।	भारत ने दर्ज की है कि भारत ने डिवीजन में एक पहली बार-बार बाज़ार देता है।
8	जिलाधिकारीओं और संकुल के उत्कृष्ट विद्यालयों के निर्माण के लिए प्रारंभिक रिपोर्ट जारी करने के लिए कहा गया है।	जिला अधिकारी ने विकास और उत्कृष्ट विद्यालय के निर्माण के लिए शुरुआत बनाने का निर्देश दिया।
1	ये दोनों	ये सब
11	जो स्थानों पर बाहर त्यक्त हैं, उन त्यक्त लोगों को लाभान्वित होना चाहिये।	जिनमें से बाहर छोड़ दिया हैं, उनमें से को लाभान्वित करना चाहिए।
11	मोरक्को ने शक्तिशाली यूरोपीय देश पुर्तगाल को गोलरहित ड्रा से हराकर क्वार्टर फाइनल में प्रवेश किया।	अति मैथुनीय घरेलू को पोंछने के लिए एथलीट ने एथलेट एक लक्ष्य को हराकर एथलीट ने हराकर जीत हासिल की।
17	हालाँकि, इजरायली देश समुद्र की लावणिक जल को डिसेलिनेशन के रूप में अत्याधुनिक है-जल-वैज्ञानिकी सुविधा के द्वारा पेयजल में बदलने से अपनी आवश्यकता पूरी कर लेता है।	लेकिन इस सेंट देश को समुद्र के लावणिक पानी के लिए नाई महाता है - पानी की घना के साथ-साथ आवश्यक है- जल प्रदूषण पर शोधएं भंडारित कर रही हैं।
9	नीरज -नमस्ते , नमो नमः । कैसे हो तुम ?	नीरज -तुम्हारे नमस्कार है , कैसे हो ?
3	पिताजी को परसों लौट जाएँगे।	पिताजी को परसों लौट जाएँगे।
1	पानी के प्रवाहों से।	पानी के द्वारा
6	इसके लिए 10 करोड़ रुपये का खर्च होगा।	इस लिए 10 करोड़ रुपये का खर्च होगा।
15	एक संस्कृत विद्वान जो भारत के संस्कृत क्षेत्र में विशेषज्ञ हैं और केरल के संस्कृत अध्ययन और शिक्षण बोर्ड में बैठते हैं, कवि, बच्चों के लेखक और लेखक दो मुत्तलपुर मोहनदास का कल ऑस्ट्रेलिया में निधन हो गया।	भारत के संस्कृत क्षेत्र में विशिष्ट केरल अध्यक्ष केरल के संस्कृत शिक्षण की होता है संस्कृतपण्डित संस्कृत, कवि, बाल साहित्यिक? मणमपुर, करना, बाल्टीलपुर, कल में दिवंगत हैं।
7	संस्कृत सम्वाद नहीं होता है तो सुख अनुभव नहीं करता हूँ।	संस्कृत सम्राट नहीं होता है तो सुख अनुभव नहीं करता हूँ।
12	उन्होंने कहा कि भाजपा नेता को अवश्य मरना चाहिये कि क्रिप्टो के तार अन्यत्र नहीं मिल सकते।	उन्होंने कहा कि भाजपा नेता अवश्य ही मरना चाहिए कि क्रिपना को मिला कि क्रिपर द्वारा शुरू किया गया है।
18	इसीलिए प्रदूषण को नियंत्रित करने का केवल सरकार का दायित्व नहीं है, हमें भी उसमें भाग लेने के द्वारा पर्यावरण को स्वच्छ और रोग से मुक्त किया जा सकता है।	इसलिये प्रदूषण को नियंत्रण करने के लिए केवल सरकार का दायित्व नहीं है, हमें भी इसमें भाग लेकर रोग से मुक्त करके रोगियों को प्राप्त करना चाहिए।
20	मुख्य अतिथि ने अपने व्याख्यान में कहा कि संस्कृत भारती वर्तमान समय में आभारी है केवल नहीं बल्कि विश्व के अनेक देशों में संस्कृत सम्भाषण विशेषज्ञों का अनुष्ठान भी करती है।	मुख्य अतिथि अपने उद्बोध में कहा गया है कि संस्कृत भारती वर्तमान समय में आभार नहीं बल्कि विश्व के कई देशों में संस्कृत में बातचीत नहीं करते हैं-यह एक बड़ा कार्य है।
5	दीपावली के लिये भी वस्तुएँ खरीद रहे हैं	दीपबली पर्व के लिये भी वस्तुएँ खरीदती हैं।
1	नाखून	नाक
4	पेड़ के नीचे बच्चे को बिठा देती है।	पेड़ के नीचे बच्चे को उपावैपि है
6	अब भारत के जनसांख्यिकी लाभांश का लाभ अपेक्षित है।	अब भारत की जन आख्यी की लाभान्वित है।
4	एक साथ सभी संस्कृत पढ़ेंगे ।	एक साथ सभी संस्कृत पढ़ने चलेंगे ।
1	निर्णय करने वाली ।	निर्णय
6	अब मैं भी अपनाकाम स्वयं ही करूँगा ।”	मैं भी अपने काम अपने आप की कामना करना चाहता हूँ।’
3	मैं सहारनपुर से बोल रहा हूँ।	मैं सहारनपुर से बोल रहा हूँ।
17	राज्य सरकार के प्रयासों के कारण आज सरकार की ई-वाहनों की संख्या तब तक बढ़ी है, राज्य में पंजीकृत निजी स्कूलों की संख्या बढ़ गई है।	राज्य सरकार के प्रयास के कारण आज सरकार की ई-वाहनों की संख्या तक बढ़ गई है, राज्य में पंजीकरणों की संख्याओं की संख्या हो गई है।
1	सर्वव्यापी भगवान् ब्रह्मा ने।	विलास
10	रूपक की कथावस्तु के बीज से युक्त मुख आदि सन्धियों में यत्र-तत्र फैले हुए आरम्भ आदि अर्थों का एक प्रधान प्रयोजन के लिए एक साथ संग्रह करना या समेटा जाना ही निर्वहण सन्धि है।	जहाँबी से युक्त तथा मधुर, ब्राह्मण, ब्राह्मण, ब्राह्मण (थोड़ा) दूसरे के घर में रहना या विषम होता है जहां निहाने के योग्य होते हैं।
8	यह समिति आगामी महीने अर्थात् दिसंबर में अपना रिपोर्ट देती है।	यह समिति अगले महीने अर्थात् दिसंबर में अपनी रिपोर्ट प्रस्तुत करती है।
4	जैसे बछड़ा माता के पास जा पहुंचता है वैसे ही सुख और दुःख अपने कर्ता के पास जा पहुंचते हैं।	मेरे समान पुत्र सुख-दु:ख, व्यक्ति के हाथ में ही पुरुष आ जाते हैं,
9	यह सम्भव है। कहाँ से? 'अन्तपारं किल शब्दशास्त्रम्' ऐसा कहा गया है।	यह किया जा सकता है?''अन्तप । यह शब्दशास्त्रशास्त्र है''ऐसा कहा गया है।
7	सुहावने दृश्य को देखकर मन शान्त हो गया ।	सुंदर दृश्य देखकर मन शान्ति देखकर शान्त हो गया।
1	पानी	जल
3	कौन कहता है?	यह कौन है?
7	भारत-ईरान में खाद्य और पेय आदि के लिए जलपोतों का आश्रय-स्थानकमाल केक्ष्य में दीर्घकालिक सहयोग-स्थापन के लिए एक व्यापक परिभाषण है।	भारत-ई को घोषणा की जाने पर-आप का-कई को दोनों संबंधी सहयोग देने के लिए व्यापक चर्चा की गई।
8	दौलतसिंह के जीवन में उनकी माता का प्रभाव प्रत्यक्ष था।	दौलतसिंह के जीवन में उसका माँ प्रभाव प्रत्यक्ष था।
9	कैलाश – बहन ! मैंने तुम्हारा चित्र नहीं लिया।	कैलाश – बहन ! तुम्हारा चित्र नहीं लिया।
7	यह बीमारी औषधि, वनस्पतियों और संपत्तियों में स्थित होने के कारण भी हो सकती है।	औषधि के लिए पृथ्वी और सीधेरे के लिए त्रासना बन सकता है।
10	जो अपेक्षारहित, शुद्ध, दक्ष, उदासीन, व्यथारहित और सर्वकर्मों का संन्यास करने वाला मेरा भक्त है, वह मुझे प्रिय है।।	हे भारत ! पूर्व समय के शुभचारा (शाव) की तरह बे रहता है, जो सर्वगत (अभिमय) और वि:खी को आप मुझसे मेरी प्रिय हैं।।
8	दूरदर्शन अभिनेत्री-श्वेता तिवारी शीघ्र ही"पुलीस फोर्स"इसे वेब की श्रृंखला में देखा जा रहा है।	दूरदर्शन से युक्त-उ है तिवारी तिवारीिगण, "पुलीस,र्स की भी पृथ्वी में दिखाई पड़ती है।
1	खेलना	खेलना
1	घोड़े	होने से
7	जया - मैं शाम को अभ्यास करती हूँ	जया - मैं शाम को अभ्यास करती हूँ ।
5	नीच मनुष्य दुष्कर्म करवाने के बाद वह कार्य करनेवाले को अपमानित करता है।	जिस कार्य को करने से कारीला को छोड़कर कर्तव्य के अनुसार पडना ले जाता है।
3	उसी समय चिकित्सालय गया।	उसी समय चिकित्सालय गया।
23	भारत के हवाई अड्डे के प्राधिकरण ने भारत के हवाई अड्डों के निर्माण के लिए चारों उड्डों के निर्माण के लिए हिमाचल सरकार को निर्देश दिया है कि वह हवाई अड्डों के निर्माण और संचालन से संबंधित कार्य शीघ्र ही पूर्ण करें।	अब भारत के हवाई अड्डा से पहले, इन चारों हवाई अड्डे के निर्माण के लिए चार मार्ग दर्शक बनाने के लिए बमचग ने निर्देश दिया कि वह उत्पन्न करने वाले विभागों के निर्माण और संचालन से जुड़े कार्य शीघ्र ही पूरा करें।
1	देने योग्य	देना ही है ऐसा सोच कर
12	बाद में सबके घरों में जो सेवक , सेविकाएँ काम करती हैं उनको कम्बल बाँटे।	बाद में सबके घर में जो सेवक , सेविकाएँ काम करती हैं उनको कम्बल ने किया।
6	धन्यवाद पिताजी कल पैसा ले जाऊँगा ।	धन्यवाद पिताजी पिता को धन ले जाऊँगा।
6	उनकी माँ का नाम कमलासिंघवी है।	उसकी माँ का नाम कमनीयसिंह है
3	इस बीच तीन मुख्यमंत्री हैं	इस बीच तीन मुख्यमंत्री को
7	चलचित्र के निर्देशक अनिल शर्मा भी शिमला आएँगे।	चलचित्र का निर्देशक अनिल शर्मा भी शिमला आ जाएगा।
3	अतः ध्वनि ही बोलनी चाहिए।	इसलिये आवाज़ शब्द।
6	बीमार के गिलास से पानी नहीं पीना चाहिये।	बीमार के गिलास से पानी नहीं पीना चाहिये।
4	उपभोक्त सेवातार भी माँगा जाता है।	उपभरणों की सेवा भी माँगा जाती है।
4	वहां कौन पढ़ रहा है।	वहाँ कौन पढ़ता है ?
19	इस निर्णय का उद्देश्य लंबे समय से खाली भवन का उचित उपयोग सुनिश्चित करना और सार्वजनिक खर्च को कम करना है।	इस निर्णय का उद्देश्य लम्बी समय तक खाली स्थिति का उचित उपयोग सुनिश्चित करने के लिए कहा गया है और इस निर्णय का कमी हो सकता है।
3	बिल में हजार से अधिक चींटियाँ रहती हैं	बिले में हजार से अधिक चींटियाँ रहती हैं।
7	रोहितशेट्टी की यह फिल्म अगले साल प्रदर्शित करेगी।	रोहितशे में इस फिल्म की फिल्म अगले वर्ष प्रदर्शित होगी।
25	हॉकिंग के पिता अफ्रीक देश में काम करने वाले शेष परिवार मेजोर्का- कवि रोबर्ट ग्रेव्स ने शहर में चार महीने तक अपनी माँ, मित्र और बेरिल के साथ समय बिताया।-इत्य के घर में ही समय बिताया।	कोहिंग के पिता के आफ ने एक जोड़ी से कारक परिवार में चार-नता-नगर में चारों मित्र का बेहद और उनके माँ के बेहद मनुष्य की भी मृत्यु हो गई।
3	रावण को मारा ।	रावण को मारा ।
20	हे राजन् ! पुत्रपौत्रवान् रावण तुम्हारे लिए भार नहीं है, सधनुष तुम केवल लोकों को ही जीत सकते हो इसमें कोई संदेह नहीं है।	हे भी बेटा ! पुत्र: रावण तुम्हारा भार नहीं है, वह यधनूक नहीं है, सनन्दों को भी उन्हें जीत सकते हैं।
7	आप लोग विदेशियों की तरह वेष धारण किये हुए हैं।	आप सब विदेशीों के समान वेष धारण किये हैं।
1	मन बुद्धि आदि	ध्यान रहे
7	(कान देकर) सखि, जैसे किसी अतिथि ने पुकारा है।	(मेरे पीछे से) पुत्री, अतिथि के समान निवेदन किया गया।
2	वह उतरता है।	वह उतरता है।
16	अब इन आँखों से और कुछ देखना चाहता हूँ।"तो हे प्रभो! फिर से मेरी दृष्टि नष्ट हो जाए।"	अब ये दोनों आँखों से अन्य को देखने के लिए उसे देखने के लिए कहो। इस समय मुझे क्यों देखा है, न आज फिर देखने योग्य नहीं।
11	इसीलिए पूर्व नवंबर सोर्ड्स के मामले से जुड़े सुनवाई के बाद निर्णय सुरक्षित रखा गया था।	इसलिए पहले नवम्बर आगे-आने मे उत्पन्न हुए मामले पर चर्चा करने के बाद निर्णय लिया गया था।
5	वह मुझे ही क्यों देख रहा है ।	वह मुझे ही क्यों देखता है?
8	रास्ते में कोई उतरना चाहे तो वाहन रोकता था।	रास्ते में कोई भी उतर रहा था तब वाहन निलंबित कर रहा था।
10	मुख्यमंत्री ने मंजूरी दी कि ढगवार द्वारा चलाए गए दूध प्रक्रिया संयंत्र का निविदा खर्च सरकार से उसके कोष से वहता है।	मुख्यमंत्री ने घोषणा की कि प्रलय के लिए मंजूरीएं प्रक्रियाओं की निगरानी सरकार को एक कोश से बहू भर तक ले जाया गया है।
4	फिर भी वो कार्यरत थे।	फिर भी वह कार्यरत थे।
6	तुम घर क्यों नहीं जाते हो ?	घर क्यों नहीं जाते हो ?
7	समग्र भारत में संस्कृत भाषा में ही शिक्षा दी जाती थी।	सारे भारत में संस्कृत में ही शिक्षा दी जाती थी।
1	सब के	सबका
18	केंद्रीय शिक्षा मंत्री धर्मेन्द्र ने राज्यों के मुख्यमंत्रियों और राज्यपालों से केन्द्र द्वारा शासित प्रदेशों के उप राज्यपालों को पत्रादि के माध्यम से''परीक्षा-प-चर्चा''इस कार्यक्रम में भाग लेने की मांग की गई.	केंद्रीय शिक्षा मंत्री धर्मेन्द्र प्रधान ने राजेन्द्रिकाओं को राज्यपालों को राज्यपालों के लिए केंद्र द्वारा, सभी शिक्षकों और शिक्षण के माध्यम से'' इस कार्यक्रम में भाग लेने के लिए आग्रह किया।
8	चारो तरफ से ऋषियों के आश्रमों से सुशोभित, ब्रह्मर्षियों और देवर्षियों से सेवित वह आश्रम साक्षात् दूसरे ब्रह्मलोक के समान प्रतीत हो रहा था ॥	ब्रह्मन्चर भगवान् राम ने मुनि और मुनिगणों से भगवान् शिवलोक में एक ब्रह्मलोक में ब्रह्मलोक को प्राप्त किया ॥
6	ऋचा – मैं अस्पताल में नर्स हूँ।	ऋचा – मैं अस्पताल में नर्सिया हूँ।
4	मैं जल्दी स्वस्थ हो जाऊँगा	मैं जल्दी से स्वस्थ होऊँगा।
4	आप कितने भाई है?	कितने भाई हो ?
6	रास्ते में उसकी शर्ट पर भी बाल आ जाते हैं।	रास्ते में उसकी शर्ट पर भी बाल आ जाते हैं।
3	मै वाराणसी जाऊंगा।	मै वाराणसी जाऊँगा।
19	श्रीगोयल ने कहा, जिस राष्ट्र के आत्मनिर्भरता के निर्माण के प्रयासों की प्रशंसा करते हुए, व्यक्त किया है कि चौदह से अधिक दो हजार साल की अपेक्षा अब तक खिलौने आ रहे हैं-एक सौ बिगाड़ियाँ हुई हैं.	देश ने अपनी सीमा पर प्रयास करने के लिए प्रयास कर रहे श्रीगोयल ने कहा कि विश्व से भी अधिक-दो हजार के वर्ष की उन्नति में अब तक तीन हजार वर्ष तक कम हो चुका है।
4	कार्यक्रम सुबह ग्यारह बजे शुरू होगा।	कार्यक्रम सुबह ग्यारह बजे शुरू होगी।
22	उन्होंने कहा कि अभी अमृतसर से कुल्लू तक के प्रत्यक्ष विमान शुरू किए गए हैं और ऐसे भारत से विदेशों के लिए यात्रियों को इस हवाई अड्डे के विस्तार का लाभ उठाना पड़ा है।	उन्होंने कहा कि अब अमृतसर से कुल्लू तक प्रत्यक्ष विमान शुरू हो गए हैं और ऐसे में भारत को तीन और विदेश से यात्रा का उद्घाटन किया जा सकता है।
24	फिर भी उनके कथन के अनुसार ऋषियों का सम्प्रदाय पालित होता है और उनका धर्म होता है ऐसा मानकर याज्ञिकाएँ उनके कथन के विषय में पढ़ती हैं उसी प्रकार पृथ्वी पर भी धर्म के लिए इन शब्दों का कथन करती हैं।	फिर भी उनके अन्य आयोजनप्रदायक पालकों का कुशल है और पालित होता है, वह धर्म बन जाता है और इस बात पर आधारित होकर धर्मार्थियों के अनपढ़ों के अनार्थ का नाम बताती है।
6	A. ⁇ . बस मुझे आरक्षण नहीं मिला ।	ए. सी. के लोक में चढ़े से परकी से में नहीं गया।
7	भीमसेन के द्वारा दुर्योधन के आठ भाई मारे गए	भीम से दुर्योधन के आठ भाई भाई भाई युद्ध में हक युद्ध हुए।
8	योगका सेवन करनेसे जिस अवस्थामें निरुध्द चित्त उपराम हो जाता है तथा जिस अवस्थामें स्वयं अपने-आपमें अपने-आपको देखता हुआ अपने-आपमें सन्तुष्ट हो जाता है।।	हे निष्पाप ! आपको अपने मन में आत्मा की सेवा करना, जहां (परमात्मा) को आत्मा (विहीनता) को देखो, जहाँ आत्मसंस्कार से आत्मा को आत्मा (स्वंडप का) आत्मा (चरा है।।
12	जयपुर पाताल पुष्प प्रदर्शनी जयपुर में यात्रियों के बीच बहुत लोकप्रिय है। यह प्रदर्शनी हर साल फरवरी में आयोजित की जाती है।	जयपुर में संारीारी बहुत प्रिय है, जयपुर की पाटल पुष्पक की कोई रिपोर्ट होती है।
18	हालाँकि, 2013 में तत्कालीन सरकार ने राज्य के माध्यमिक विद्यालयों में छात्रों की कम संख्या और अधिशेष प्रक्रिया के तहत 2,600 एलटी का हवाला दिया था।-कैडर का पद ख़त्म कर दिया गया.	लेकिन 2013 में, वह राज्य के, राज्य सरकार के एक से कम कर दिया गया और 2,600 एलटी-संकुल वर्ग को निलंबित करने के लिए।
5	अतः वह वेतन नहीं पा रहा है।	इसलिए वह वेतन नहीं पाते हैं।
9	हम कहते हैं कि लक्ष्य ने आज तक किसी भी दूरदर्शन प्रदर्शन में काम किया है।	लक्ष्यों ने आज तक किसने दूरदर्शन प्रदर्शन में काम किया है।
6	स्वचालित परीक्षा केंद्र की स्थापना के लिए भी आवेदन आमंत्रित किए गए हैं।	अपने संचालन केंद्र की स्थापना के लिए भी आवेदन आमंत्रित किए गए हैं।
3	किशोर घर में नहीं हीं है।	बालक घर में नहीं है।
16	यह सुनकर वह दोनों दुःख से व्याकुल होकर, अपने पुत्र के लिये बहुत शोक और विलाप करते हुये पृथ्वीपर गिर पड़े। वे बोले"जहाँ हमारा पुत्र है, वहाँ हमें ले चलो" ॥	ऐसा सुनकर दुःखों को दुःख देने की इच्छा करती है जहां उसे सुनकर उसकी पूजा करो, वहां परदशी के उसके अन्त में उसे दुःख से उठाओ ॥
6	वह मेज़ लेकर यहीं आता है।	वह मंच लेकर यहाँ आता है
17	घड़ा ही जिसका जन्मस्थान है, हरिण ही परिजन हैं, वल्कल ही वस्त्र है, वनमें निवास है और कन्दमूल आदि ही भोजन है, ऐसे गुणवाले अगस्त्यजीने यदि समुद्रको अपने कर कमलोंके सम्पुटमें रख लिया तो यह सत्य है कि महात्माओंकी कार्यसिद्धि उनकी शक्तिमें रहती है, साधनोंमें नहीं	(वह) जन्म-मरण में (वड़ रहते हैं) वनवासी जो कहते हैं, वनवास के साथ ही संसार के आशयिक रूप से जन्म लेने वाले को लिए हुए (अन्यई) उन सब कर्मो में विहित किया गया है।।
6	सुधा - हाँ मैं अशुद्ध बोली ।	सुधा -हाँ मैं अशुद्ध बोली ।
20	इस कार्यक्रम में वैज्ञानिकों के बारे में वाक्पटुता के प्रतियोग, विविध विज्ञान चित्रकला के प्रतियोग, विज्ञान नाटक, अभिनय, विज्ञान प्रश्नोत्तरी जैसे कार्यक्रम आयोजित किए गए जिनमें छात्रों को प्रोत्साहित करने के रूप में प्रमाण पत्र एवं पुरस्कार प्रदान किए गए।	इस कार्यक्रम में वैज्ञानिकों के बारे में वाक्पटुता, विभिन्न विज्ञान एवं विज्ञानकला में प्रतियोग, विज्ञान, विज्ञान, विज्ञान अथवा अन्य कार्यक्रम आयोजित किए गए, जिनमें छात्रों को प्रोत्साहित किया गया।
8	राजीवः –हाँ , नगर में तो मैं पढ़ने के लिये रहता हूँ।	राजीव –हाँ। नगर में तो मैं पढ़ने के लिये रहता हूँ।
4	किसान फसल की रक्षा के लिये प्रार्थना करते हैं।	किसान की रक्षा के लिये प्रार्थना करते हैं।
9	अनुराग ठाकुर, इस निर्णय के लिए प्रधानमंत्री नरेंद्र मोदी, केंद्रीय रेल मंत्री अश्विनी वेष्णव ने आभार व्यक्त किया।	अनुराग ठाकुर ने इस निर्णय के लिए प्रधानमंत्री नरेंद्र मोदी, केंद्रीय रेल मंत्री के रूप में आज आपका आभार प्रकट किया।
1	पास।	पास
10	कैकेयी को वरदान देकर सत्यसन्ध मेरे पिता ने भरत को राज्य और मुझे अत्युत्तम दण्कारण्य दिया है ॥	तदनन्तर कैकेयी ने सत्यपूर्वक सचमुच में सत्य धारण किया ॥
5	घर आकर मेरी माँ को मारते हैं।	घर आकर मेरी माँ को मारते हैं।
6	(क्षेत्र-क्षेत्रज्ञ के विषय में) ऋषियों द्वारा विभिन्न और विविध छन्दों में बहुत प्रकार से गाया गया है, तथा सम्यक् प्रकार से निश्चित किये हुये युक्तियुक्त ब्रह्मसूत्र के पदों द्वारा (अर्थात् ब्रह्म के सूचक शब्दों द्वारा) भी (वैसे ही कहा गया है)।।	ऋषियों ने, ऋषियों के द्वारा अलग-अलगों से अलग-अलग सूत्रों से अलग-अलग सूत्रों से नलीन होती है।
4	बालक गुड़िया को देखकर हँसता है।	बालक गुड़िया को देखकर हँसता है।
5	पृथ्वी पर जल, अन्न और सुवचन ये तीन ही रत्न हैं,	पृथिवी में तीन रत्न हैं- जल से सुभाषित सुभाषित हो गया।
4	कितने बजे आएँगे ?	कितने बजे आएँगे ?
6	इस संबंध में भारत केरिजर्व बैंक की अनुमति ली गई है।	इसके लिए भारत की मुख्य कैंसर की अनुमति ली गई है
7	भीम आदि पांडववीर अन्दर नहीं जा सके।	भीम आदि पाण्डवों को अंदर से नहीं जा सकते।
6	वह 5 मार्च को पटना आ रहा है	वह 5 मार्च को पटना में आता है।
1	बटुआ	धन का थैला
3	वह बोला	वह बोला
3	गुणजी भाई बकरी पालक है।	गुणजी भाई बकरी पालक है।
4	वह जोर से बोली ।	वह जोर से बोला
6	मेरी प्यास शान्त हो गई है।	शान्ता मेपीत (गड़) अब शान्त हो गई।
1	पेड़ को	धन
10	क्योंकि देहधारी पुरुष के द्वारा अशेष कर्मों का त्याग संभव नहीं है, इसलिए जो कर्मफल त्यागी है, वही पुरुष त्यागी कहा जाता है।।	इस प्रकार अन्य कर्मों को त्यागकर भी निष्पाप नहीं किया जा सकता, जिसको काम का इच्छुक कर्म (अज्ञान का) किया जाता है, वह कर्म (चराचर जगत्) का विचार किया जाता है
6	तब ही एक छात्रा वहाँ से गुजरती है	तब एक छात्रा वहाँ से निकलती है
6	वह प्रतिदिन यज्ञ करती थी	वह प्रतिदिन यज्ञ करती थी।
3	वह नहीं सोता है	वह नहीं सोता है
10	पृथ्वी पर समय-समय पर आदर्श पुरुष होते हैं, यह तो कुछ लोक परंपराओं में ही बात है।	इस दौरान पर गुरु पुरुष के इस सम्रा में उत्पन्न होने वाले दो लोक हैं कि कोई भी लोक के परंपरा ही है।
10	उसी समय कुटलहरी विधानसभा क्षेत्र को 10 करोड़ रुपये का दान दिया गया है।	उसी समय कुटल विधानसभा क्षेत्र के लिए 10 करोड़ रुपये का भुगतान किया गया है।
4	वो मिशीगन में रहते हैं	वह मिठाई में रहता है
5	वे छात्र संस्कृत पढ़ते हैं	वे छात्र संस्कृत पढ़ते हैं
12	श्री गुरुजी, फूलों से युक्त एक वृक्ष के समान हैं, जिनसे सारे (नरवररूपी) वन में सुगन्धि फैल रही है, और छात्र उस सुगन्धि को सूँघ रहे हैं और उससे आनन्दित हो रहे हैं, वाकई शास्त्रों का हर्ष महान् है।	श्री गुरुओं का पेड़ है कि गुरु जी पुष्पों के वृक्ष की एकी से दूसरे छात्र को बार-बार देखते हैं। ।
7	शाम को आतेतेते ही आकाश लाल हो गया।	शाम को आ जाने पर आकाश लाल रंग हुआ।
6	जब बैठक होती है तब युवतियाँ आते हैं।	जब सेठ होती है तब युवतियाँ आते हैं।
9	उन्होंने कहा कि अयोध्या धाम्नि श्रीरामलला की प्राणों की उन्नति का बीजरूप है।	उन्होंने कहा कि अयोध्या धाम में श्रीरामलला की प्राणप्रतिष्ठा का बारे है।
4	आज आनंद करेंगे।	आज आनन्द जायेगा ।
16	राजीव गांधी स्टार्टअप योजना के तहत सौर ऊर्जा परियोजनाओं की स्थापना भी मछली पालन के लिए वित्तीय सहायता प्रदान की जाएगी।	राजीव गांधी जो सौर ऊर्जा परियोजनाओं के तहत सौर ऊर्जा परियोजनाओं की स्थापना का भी मछली मछली पालन किया जाएगा।
6	सूत्रसञ्चालन त्रिम्बक केदार, श्रीराज शेलार ने किया।	सूत्र के समान त्रिम्बक केदार, श्रीराज शेलारार ने की।
2	बहुत मोटा होने से इसकी नाभि गहरी है।	यह अतिशय प्रियतम लोक का नाश नहीं है।
7	मैं तुझे जो आज्ञा करता हूँ, उसे जल्दी करो।	जो, मैं तुम्हें आज्ञा देता हूँ, वह कर्म जल्दी करो।
6	उस बच्ची को सभी कैसे खुश करते हैं ?	उसको बच्चे को कैसे प्रीति उठाते हैं ?
3	हम सबको क्या करना चाहिए?	हमें क्या करना चाहिए?
4	मेरे घर में शान्ति चाहती हूँ।	मेरे घर में शांति करना चाहता हूँ ।
13	भीष्म के शरशय्या विषय को सुनकर कान भीष्म के प्रति सब प्रकार से व्याकुल हो गया और दादीजी के सम्मुख आ गया।	भीम के बाणों से सुनकर सुनकर कर्ण भीम ने भीम को डरकर दादी के प्रति इस प्रकार दादीओं का सामना करने के लिए हम अत्यन्त सारे आई।
1	कहिए	कहें
18	दोपहर में बजे जब मुख्यमंत्री सुखविंदर सिंह सुक्खू ने जल के लिए केंद्र सरकार को आक्षेप दिया तो विपक्ष गुस्सा हो गया और सदन में शोर शुरू हो गया।	दोपहर में जब मुख्यमंत्री सुखविंदर सिंह सुक्खू ने जब मुख्यमंत्री सुखविंदर सिंह सुक्खू को आक्षेप में ला दिया, तब विपक्ष ने क्रुद्ध हो गया, सदन में भी शोर शुरू हुआ।
1	धोती	धोती का कपड़े
5	बेटा रास्ते में मत चलाओ	बेटा , मार्ग में न चलाओ
1	लिखना	लिखना
4	वह रंगमंच की व्यवस्था देखता है।	रङ्गम चंडीगढ़ की व्यवस्था देखता है।
6	धन्यवाद पिताजी कल पैसा ले जाऊँगा ।	धन्यवाद पिताजी पिता को धन ले जाऊँगा।
14	पुत्र प्रदायक चरुं को लेने की इच्छा से सुमित्रा जी उस स्थल पर आयीं। इसपर प्रसन्नतापूर्वक कौसल्या जी अपने भाग में से आधा पायस सुमित्रा को दे दिया ॥	उस समय उस समय उस विश्व की रहकर वह उत्पन्न करने लगे। अपने भाई की बातों को तो अपना भाग लेने के लिये उनकी को आनन्दित किया ॥
6	वस्त्र से पवित्र किया जल पीना चाहिये और मन से शुद्ध जाना हुआ काम करना चाहिये।	वहख्त्र नामक पानी और मन को पूरा करने के लिए योग्य हो।
4	राधा के द्वारा काव्य लिखा जाता है।	राधिमें कविता लिखती है ।
10	शौनक ने ठण्ड से दाँतो की बीणा बजा रहे सूत से कहा महर्ष | यह बहुत ही विषम काल आ गया है।	हे मनुष्यश्रेष्ठ! मैं दाँत होकर दु:खों से बना रहता हूँ कि अब इसके विषय में दोनों समय ' मैं पृथ्वी के विषयों की एक समय क्या नहीं है?'
8	''करेक्टर''-दक्षिण वेल्स देश के एक सदस्य ने दुर्गाती गुरुल्ला युद्ध में रोमन सेना का उत्पीड़न किया।	''करैसी-दवे दोनों ने भाग लिया और वह से पाबील से रोशनी सेना में रोम सेना की उत्कद से खासई की।
4	विद्यालय में लड़के और लड़कियाँ है।	विद्यालय में बच्चे और बालिकाएँ हैं।
17	साथ ही शस्त्रधारण करने की अनुमति नहीं, ट्रैक्टर-ट्रैली बस, ट्रक, अश्व, व्यावसायिक वाहन और व्यक्तिगत वाहन प्रतिबन्ध हैं।	और शस्त्र मुख्य मंत्री ने अनुमति नहीं की अनुमति-कतीाली ट्रक बसें और अश्वना के वाहन की ओर प्रतिबंध लगा दिया है
6	वह प्रतिदिन यज्ञ करती थी	वह प्रतिदिन यज्ञ करती थी।
10	इसलिये आपके चरण कमलों में मेरी सदा भक्ति रहे, क्योंकि संसार रोग से ग्रसित रोगियों के लिये एकमात्र औषधि आपकी भक्ति ही है ॥	आपके चरण कमलों में भक्तिपूर्वक हमें जो मेरी भक्ति प्राप्त हो जाये, वे मेरी आत्मा में ही तुम्हारा ही खेद है। उसे भक्तिपूर्वक ही तुम अत्यन्त कष्ट उठाओ ॥
6	टांडा चिकित्सा महाविद्यालय में पहली बार ऐसी चिकित्सा शुरू हुई है।	टांडा चिकित्सा महाविद्यालय में पहली बार इस चिकित्सा शुरू हुई है।
7	मदनलाल धींगरा ने जब आंग्ल अधिकारी कर्जन की हत्या कर दी तब	मदनलाल मंगलाचरण जब आर्जन अधिकारी कर्जन की हत्या कर दी तब
6	सम्भव हो तो बाजार से सेव लाईयेगा।	हो सके तो आप से सेवक का मिलती हैं।
6	उन्होंने कहा कि देश के शहरों के द्वारा भारत जीता जा रहा है.	उन्होंने कहा कि देशवासियों से नई दिल्ली में दिख रहा है।
6	धीरे धीरे लैंडर की गति धीमी की गई।	धीरे धीरे कूड़ेदान की गति को धीरे धीरे किया।
1	मल	नगर
6	धूप में मत घूमो नहीं तो बीमार पड़ जाओगे।	आतंकवाद में मत घूमो नहीं तो बीमार पड़ जाओगे।
17	तुम्हारे विरह में मैंने जो प्रतिज्ञा की, मैंने उस प्रतिज्ञा को प्राप्त न करके दिन भरी परिश्रम से समुद्र में यात्रा करने के लिए बांधा था।	तुम्हारे विरले ही मैंने प्रार्थना की, अलार्नी से धृसा करने से ही सीधी परिश्रम से समुद्र को क यह स कहतेी कार्य करने की इच्छा पूरी कर ली गई है
6	और बाण धारण किए हो। तो भी मेरे रहते सीता को लेकर नहीं जा सकोगे।	तथा अन्यदायियों से युक्त डॉक्टर को होगे ।
8	प्रजापति (सृष्टिकर्त्ता) ने (सृष्टि के) आदि में यज्ञ सहित प्रजा का निर्माण कर कहा इस यज्ञ द्वारा तुम वृद्धि को प्राप्त हो और यह यज्ञ तुम्हारे लिये इच्छित कामनाओं को पूर्ण करने वाला (इष्टकामधुक्) होवे।।	हे निष्पाप इस प्रकार! इस लोक में नचिकेता को तुमसे पहले कहोगे। इससे यह भी कहा गया है कि इसने उसे समान रूप से देखा है।।
10	हे नाथ हे लक्ष्मीपते! हे दुःखदलन व्रजराज ! हे जनार्दन ! इस कौरवोंकी सभारूपी समुद्रमें डूबती हुई मुझको बचाओ ! ॥	हे जनार्दन ! मैने जो रहड़-हुलुके समान स्वस्तर- है, मुझे भी मुझे वनवास की नकार करें॥
17	मुख्यमंत्री सुखविंदर सिंह सुक्खू, मुख्यमंत्री संजय अवस्थी ने आश्वासन दिया कि इस समस्या पर विचारशीलता शीघ्र ही हो जाएगी।	मुख्यमंत्री है कि मुख्यमंत्री सुक्खू सुक्खू, मुख्य संसद सचिव संजय सुनवाई ने आश्वासन दिया कि योजना में विचारविकरण होगा।
11	आप मन्त्री और राजाओं के साथ अत्यनत शोभा पूर्वक क्यों नहीं आये ? सीताजी के यह प्रश्न पूछने पर श्रीरामचन्द्र जी मुसकराकर बोले ॥	श्रीरामचन्द्रजी बोले पिताजी ! महापलीनराज भक्त सीता अपने मन में क्या लाभ है ? ॥
4	दंड लेकर धन की रसीद देते हैं।	दण्ड लेकर धन की रसीद देते हैं।
4	देवस्थान के चारों ओर वन है।	देवस्थान के चारों ओर वन है।
8	गुजरात राज्य के मुख्यमंत्री श्री विजय रूपाणी ने सम्मेलन का उद्घाटन किया।	गुजरात राज्य के मुख्यमंत्री श्री विजय ने सम्मेलन का उद्घाटन किया।
6	इससे पहले ही यमुनाचार्य का महाप्रयाण हुआ।	पहले से पहले श्री मोदी की महाप्रवाह सम्राकरण के समान बन गया।
22	कार्यक्रम में विशिष्ट अतिथि के रूप में उपस्थित श्री राकेश शर्मा ने कहा कि गीता के व्याख्यानों का अनुकरण किया जाना चाहिए, मुख्य अतिथि के रूप में उपस्थित डॉ प्रभाकर जोशी ने वैश्विकता गीता के उपयोग के बारे में प्रकाश डाला।	कार्यक्रम में विशेष अतिथि के रूप में उपस्थित राकेश शर्मा जी ने कहा कि संस्कृत में विशिष्ट अतिथि का अनुकरण करना चाहिए, उन्होंने कहा, मुख्य अतिथि के रूप में उपस्थित होने के बारे में प्रकाश डाला गया है।
1	पीटेगा	पीटाओ
17	बांग्लादेश के प्रधानमंत्री शेखहसीना बांग्लादेशी मुद्रया''टका''उन्होंने भारतीय मुद्रा में सौ रुपये के साथ व्यापार बढ़ाने की आवश्यकता पर बल दिया।	बांग्लादेश की प्रधान मंत्री ने होने वाले हवाई अड्डा''अंडला''इसकी भारतीय के सहमति के लिए बल दिया।
20	जिस व्यक्ति के दोष क्षीण हो गये हो और रक्त मे वायु की प्रधानता हो, उसके लिये पान, अभ्यग और अनुवासन मे स्नेह क्रिया का उपयोग करना चाहिये । वह रोगी स्नेहसाध्य है और जिस रक्त मे पित्त की प्रधानता हो तथा ग्रीष्म काल मे रक्त स्रवित होता है, उसके लिये स्तम्भन चिकित्सा करनी चाहिये, इस रक्त का रोकना ही उत्तम है । परन्तु स्तम्भन क्रिया मे यह देख लेना चाहिये कि इस रक्त मे वायु और कफ का ससर्ग न हो । यदि कफ का अनुवल हो तो उपेक्षा अथवा लघन करना चाहिये ||	जो ब्राह्मण प्रलय की रक्त के समान, अथवा खिकरी की सुन्दरता और रक्त का अधिक से अधिक अंगुलियों के समान, यहाड़ियों से उत्पन्न रक्त सहित, रक्त के रक्त से और रक्त के बन से बढाने के लिए पडों की रक्त, रक्त का अतिशय तथा रक्त का बध होना चाहिये । इसके लिये वायु का होता है । तुम वायु को प्राप्त होओ । यह देखकर खूब अप्सराएँ भी होते हैं । इसके अतिरिक्त और वेन के खेद से नान्दी होती है। अर्थात् जिस रक्तय के कारण वायु का अथवा पित्तु के साथ प्रेम करना
5	मैंने इस बाघ के प्राण बचाए,	मेरे द्वारा इस बाघ की प्राणों की रक्षा की गई।
1	भुजा	हाथ
7	पैत्तिक-ग्रहणी - कटु, अजीर्ण, विदाही, अम्ल तथा क्षार आदि के सेवन बढा हुआ पित्त अभि को आञ्जावित करके उसी प्रकार नष्ट कर देता है, जैसे गरम पानी अनि को शान्त कर देता है। पित्त प्रकोपक वस्तुओं से पित्त मे उणमा और द्रबाश दोनो बढते है । द्रवाश के कारण जनि पुझ जाती है ।	जो कोई घरेलू नहीं, पिता का पिता का यह पिता बहाव ने संसार का जल धारण कर दिया है। जैसे घबरेटने की इच्छा करते हैं और पर संसार में दूसरा कोई नहीं जानता है।
17	और मन ही मन कहने लगे अहो इस संमार में श्रीरघुनाथजी को छोड़कर स्मरण करने से कामनाओं को पूर्ण करनेवाला दुसरा कौन दयालु है ? मै अनन्यभाव से उनका नित्य स्मरण करता थी, इसलिए मेरे स्मरण को जान कर वह स्वयं मेरे पास चले आये ॥	हे दयामय! मैं तुम्हें अपनी माया से दर्शाता था, जिसके द्वारा तुम संसार को मेरी आत्मा में ही एक भाग मन लगाये हुए भी ऐसा मेरा मिला करना चाहता हूँ, अतः हे श्रीबाबागुरुजी! आपके द्वारा आप स्वयं अपने आप को ही प्राप्त हुए हैं ॥
2	यह अ्च्छे नेत्रवाला है।	यह विशाल आँख है।
6	ग्यारह अन्य अप्रत्यक्ष लोगों का ध्यान भटकता है।	दोपहर ग्यारह अच इसलिये डॉक्टरों के लिए विचेक का अनुसरण करता है।
10	उसी प्रकार वह षष्ठ हिंसक है, जो इस मांस को खाने के लिए परोसता है।	उसी प्रकार छठे हिंदी, जो तन्बी को खाता है उसका परशेय को खाता है।
9	गणना से पता चलता है कि दुनिया भर में 55 मिलियन लोग मनोभ्रंश से पीड़ित हैं।	लोक में सब जगह भूस्खलन हुआ, स्मृति के साथ-साथ कई यूक्रेन की मेरे में सूचित कर रहे हैं।
12	इन सभी फ़िल्मों में सनी का नया फ़िल्म बॉर्डर लंबे समय से चर्चा की जा रही है।	इन सभी फ़िल्मों में सनीता का नया फिल्म बॉर देर तक की सभा में चर्चा में है।
4	मंच की शोभा प्रान्तप्रचार प्रमुख सतेन्द्र कुमार ने की।	मंच के साथ प्रांत प्रचार प्रमुख सतेन्द्र कुमार ने किया।
9	यह सभा पर्यावरण परिवर्तन से जुड़े जटिल विश्वचुनावों का निवारण करने के लिए भारत और अन्य देशों के साथ सहयोगात्मक प्रयासों को दर्शाती है।	यह सभा परिवारों के द्वारा जुड़ेों को गहरी से ही भारत की निवारण के लिए भारत के दूसरे देश के सहयोग से चल रही है।
5	फिर जमींदारों का साम्राज्य छिन्न-भिन्न हो गया।	अब भूमि विघ्न (सूर्य) को वि से दिया गया।
7	स्वामीनारायणसंस्थान के प्रमुख स्वामीगणों ने मंदिर का निर्माण कराया है।	स्वामीीनारायण संस्थान के प्रमुख स्वामी पुरुषों ने देवालयों द्वारा देवताओं का निर्माण किया है।
25	दस साल पहले''संस्कृत के संवर्द्धन के लिए कोई भी मार्गसूची''-ऐसा दस साल की दृष्टिगोचर योजना की जो 10 फरवरी, 2016 में केंद्र सरकार द्वारा रचित लेखक समिति में सदस्य बन गया और कार्य में लग गई, शास्त्री।	दस साल पहले''संस्कृत के अभिवूट में कोई भी मार्गसूची''-इस दस वर्षों से देखा गया था''यह दस वर्षों तक केंद्रीय विश्वविद्यालय द्वारा दी गई थी, जो पिछले दस वर्षों से पहले केंद्र सरकार का लेखक है।
9	उपाध्यक्ष पद के चुनाव की प्रस्तावना कल संसदीय कार्यों मंत्री हर्षवर्धन चौहान ने प्रस्तुत की।	उपाध्यक्ष के चुनाव की प्रस्तावना पिछले संसदीय कार्यों मंत्री हर्षवर्धन चौहान ने प्रस्तुत किया।
3	घड़ा कैसे भरता है?	घड़ा कौन-सा जरा जाता है?
6	तब दशग्रीव ने यह सोचकर बाढ को कहा ।	वहाँ से दशग्रीव बाएँ ऐसा कहा ।
9	ओह , आप रात में संस्कृत में ही सपना देखते हैं	ओह , आप रात में संस्कृत में ही स्वप्न देखते हैं
15	पूरी रात चलने वाला यह उत्सव 18 फरवरी को शाम 6 बजे से अगले दिन शाम 6 बजे तक सद्गुरु की उपस्थिति में जारी रहेगा।	पूरा रात को अब यह उत्सव फरवरी में 18 तारीख तक के 18 तारीख से शुरू हुई और वह छह महीने की अवधि तक की जा रही है।
5	प्रायः वह प्रतिदिन आता है।	प्रायः प्रतिदिन आता है ।
4	पढ़ने वाले बालक जाते हैं ।	पढ़ने वाली लड़के जाते हैं।
7	आज तो उसके घर मांगलिक काज हो रहा है।	आज तो उसके घर में मागल काम हो रहा है।
3	अर्जुन को उपदेश करते हुए वह बोला	अर्जुन परशानल ने कहा
8	पश्चिम से लेकर पश्चिम तक जो साहित्य का अध्ययन किया गया है, वह कला रूप है।	पात्पद्धत के प्रति यह सब अनुवासन नाम का नाम था।
3	देव के द्वारा अन्न दिया गया	देव (विद्वान् ) ने अन्न दिया।
15	कम से कम कार्यों के मंत्री स्मृति ईरानी ने नई दिल्ली में हजमार्ग दर्शकों का खुलासा किया, हज सुविधा और मोबाईल एप का भी शुभारंभ किया।	अल्पताककार मंत्री स्मृति ईरानी ने नई दिल्ली में हज पथिक सड़कें प्रकाशित की, हज सुविधाएँ और एप् भी थे
5	 ⁇ -19 के प्रसार के कारण, भड़काने वालों को दान की जाने वाली धनराशि कम कर दी गई है।	वायरस से संधान के लिए, इस तरह की संधियों के लिए योजनाएं दिया गया है।
20	इसके अलावा इन लोगों के लिए हिमकेयर भी है-पत्रों को रद्द करने के आदेश भी दिए गए हैं, जिससे इन लोगों के लिए जल्दी से पोस्टिंग कर सकें।	इससे अतिरिक्त इन लोगों को बर्फ में बर्फ-पत्र निलंबित कर दिया गया है, पत्र भी दिया गया है, जिससे इन लोगों को जल्द ही आयु में गुलामें बना सकते हैं।
6	महिलाओं को शाम को क्या करना है यह देख रही है।	महिलायें क्या करें यह देखी जाती है।
4	पहले मेरा काम पूरा करिये	पहले मेरा काम पूरा करें
1	हे युवको!	तुम युवराज
3	माता पिता और गुरुजनों का सम्मान करना उचित है।	माता और गुरु लोगों को सम्माननी चाहिए।
5	भगवान् श्रीकृष्ण में समस्तनिष्ठों की पूर्णता है।	भगवान् श्रीकृष्ण में सभी निचलेों का पूर्णता है।
3	स्नानागार में ही गाते हो	नहाने में ही गायन में ही गाती हो।
11	इस सभा का आयोजन विश्व संवाद केंद्र द्वारा बिलासपुर में दिसंबर को किया जा रहा है।	इस सभा का आयोजन विश्व संवाद-किस-क के हिमाचल में बिलासपुर दिसंबर को किया जाता है।
4	तुम सबके द्वारा दान दिया जाय ।	तुम लोगों द्वारा दान देते हो।
9	रघुनाथपुर विश्व हिंदू परिषद के प्रांत अध्यक्ष लेखराजा को निमंत्रण देने के लिए कुल्लू में रघुनाथपुर पहुंचे।	श्रीरामपुर विश्वहिपित प्रांत के अध्यक्ष लेखराज तिवारी को कलराज ने कहा कि कुल्लू को महापुर में प्राप्त किया गया है।
7	समग्र भारत में संस्कृत भाषा में ही शिक्षा दी जाती थी।	सारे भारत में संस्कृत में ही शिक्षा दी जाती थी।
7	चित्रांग बोला शिकारी के डर से मैं आप की शरण में आया हूँ।	चित्रांगोचर ने कहा- अरे, तसक इस से मेरा जन्म लेकर आ गया।
4	धर्मों ने कहाँ पर विकास प्राप्त किया है?	कहाँ से विकास प्राप्त हुए थे?
3	थोड़ी देर बाद	समय के बाद
6	तुम मेरी बात नहीं सुनती हो।	तुम मेरी बात नहीं सुन रहे हो
30	अधिक से अधिक जानकारी देकर धौलकुआं क्षेत्रीय उद्यान अनुसंधान- प्रशिक्षण केंद्र के सह- निदेशक डॉ. विशाल राणा ने कहा कि जब वह एक्सपोजर-वह घूमने के लिए ऑस्ट्रेलिया पहुंचे थे और वहाँ उन्होंने उत्पादन देखा, फिर एनबीपीजीआर ने आयात- लाइसेंस प्राप्त किया।	अधिक से अधिक सूचना देकर धौला-नखोआ के उद्यान अनुसंधान अनुसंधान- प्रशिक्षण केंद्र के सह निदेशक डॉ. विशाल राणा ने कहा कि जब वह  ⁇ संोज-अरे हुए के साथ-साथ जब-वरका बिना प्रयास किया गया, तब अतः उसका उत्पादन चल रहा।
10	जनजागरण संस्थान धर्मशाला अब हिमाचल प्रदेश के केंद्रीय विश्वविद्यालय के धर्मशाला के विषय में विवादास्पद हो गया है।	इस समयगरण संस्थान धर्मशाला अब हिमाचल प्रदेश के केंद्रीय विश्वविद्यालय की धर्मशाला के बारे मेंवाला हुआ।
10	हालांकि तिथि निर्धारित नहीं है फिर भी फरवरी-माह की तारीख से आगे बढ़ाया गया है.	हालाँकि, यह तिथि निर्धारित नहीं है फिर भी फरवरी से विस्तार किया गया है।
7	जो हमेशा सत्कार्य करता है वह आर्य	जो हमेशा सत्कार्य करता है वह आर्य है
9	कबन्ध बोला यदि आप राम हैं और स्वयं आप मेरे पास आये हैं तो मैं धन्य हैं। पूर्व समय में में रूप और योवन के मद से उन्मत्त एक गन्धर्वराज था ॥	हे राम! यदि तुम राम के पास आया है तो आज में आपके आने परराजू हो गया ॥
8	तुम भी वैसा नहीं लिखते जैसा विष्णुशर्मा लिखता है।	तुम भी वैसा नहीं लिखते हो जैसे विष्णु शर्मा लिखता है।
10	अभिमानी और उन्मत्त जिस वाणी को बोलता है वह राक्षसी वाणी है।	जो वैमानप्त नहीं है, जो इस राक्षस को गिरे हुए कहलाते हैं।
7	ऋषियों के आश्रम में जाकर लोग उपासना करते थे।	ऋषियों के आश्रम जाकर लोग उपासना करते थे।
11	जिस प्रकार मांस आकाश में पक्षियों से, पृथ्वी पर हिंसक जन्तुओं ( कुत्ता सिंह इत्यादि) से और जल में मछलियों से खाया जाता है, उसी प्रकार धनवान् सब जगह खाया (लूटा ) जाता है |	जिस प्रकार यह कल रात में एक (परश, बालक) से श्वांस (शुद्धि) और नाभि में नहीं है, उसी प्रकार हे सीता की खोज में जन्मे।
1	दरख़्त	पेड़
2	चुनना	अचानक
9	केरल की मछली-महासागर अनुसंधान विश्वविद्यालय के वैज्ञानिक इसके''होराग्लानिस पोपुली''वैज्ञानिक नाम दिया गया है।	केरल मछली-प्रबंड पर अनुधान विश्वविद्यालय के वैज्ञानिक''होरा ने जल पोपील की एक वैज्ञानिक दीवार दी।
6	हम सभी पर्वतों पर चढ़ नहीं पाएँगे।	हम सभी पर्वतों को चढ़ते हैं न शहीदेंगे।
5	दीवान ने गोपाल को राजा के सामने झुका दिया।	दीवान ने गोपाल को राजा से ढकाया।
4	वे माँगते हुए जाते हैं।	वे माँग जाते हैं।
1	दुनिया	लोग
13	उन्होंने भी कहा कि पिछले दशक भारत और अफ़्रीका के बीच सहयोग को बढ़ाने के लिए एक अभियान के रूप में काम किया था।	उन्होंने भी कहा कि पिछले दस वर्षों से भारत ने अस्पताल के साथ सहयोग बढ़ाने के लिए अभियान को बढ़ाने के लिए अभियान किया है।
11	शिक्षा के क्षेत्र- प्राचीन भारतीय इतिहास में समाज के विभिन्न स्तरों के महिलाएँ शिक्षा के क्षेत्र में हिस्सा ले रही थीं।	शिक्षा क्षेत्र- प्राचीन प्राचीन भारतीय चाहिये यह इतिहास में समाज की विभिन्न स्तर पर भाग ले रहे थे।
7	एटली की अग्रिम फिल्म में वरुणवन मुख्यभूमि पर दिखाई देता है।	एटली की आगे से फिल्म में वरुणधवन मुख्यभूमि पर दिखाई पड़ती है।
7	धर्मगुरु ने जानुसमस्या के कारण अयोध्या नहीं जाया।	धर्मगुरु को जानते हुए जानते हैं कि अयोध्या को अयोध्या जा नहीं सका।
1	निवारण कर।	रोना
10	कल दोनों की शिक्षिका ने आपके दोनों बेटे अध्ययन में रुचि नहीं दिखाते।	कल उन दोनों की शिक्षिका ने पुत्रौयियों में रुचि नहीं दिखाते हैं।
6	गोह, लोपक ( शृगाल भेद ), बिल्ली, श्वावित्, ऊट, गाय, कछुआ और शल्लकी इनके मास-रसों को भी शाक की भाति दही और अनार रस में सिद्ध करके घी और तेल मे भून कर धनिया और सोठ मिला कर देना चाहिये ||	एक ही पुत्र, प्लीहा, रस, अचनेव (चैले), अर्श, मूत्र इन सभी साधनों से तथा इनमें से कमल के समान विशाल नेत्र वाले होते हैं। जो प्राणी बहुत सब प्रकार से अपनी गाय, मूढ़ता, पर्ची और अतिकड इन दोनों चराचर सहित हैं। इसके लिये ही उत्तम दूष्य (-कभी ) ॥
15	जिसमें विद्या और भक्ति नहीं, ऐसे पुत्रके होनेसे क्या लाभ है? कानी आँखके रहनेसे क्या लाभ? उससे तो केवल नेत्रकी पीड़ा ही होती है	हे पुत्र ! क्या इसे न तो विद्वान ही है, न ही।।
5	अस्सी हजारमूल्य की वस्तुएँ प्रदर्शनी में लाए हैं।	अस्सी सहारा से युक्त वस्तुएँ प्रदर्शन में लाए गए हैं।
1	आग	अनपश
5	वह बच्चा उसका भांजा है ।	वह बालक इसके भाग में है।
9	रूपाली आगे बोली कि वह पृथ्वी की नाट्यगृह में नाटक कर रहा था।	रूपाली आगे उन्होंने कहा कि वह पृथ्वी की गहराई में बोलने वाले थे।
3	मन्दिर में नगाड़ा ज़ोर से ध्वनि कर रहा है।	मंदिर में ऊँचे से ऊँची ढक रहा है।
8	जब हम हँसते हैं तब हमारे दाँत ही दिखते हैं।	जब हम हरी- तो हमारे दाँत ही दिखते हैं।
8	पराग - नहीं , तेज मत चलो ।	पराग -ना , तेज मत चलो।
2	उसकी लेखनी	उसके लेखनी
1	अन्धा ।	अंधा
1	रक्षक	भट
4	सुनार सोने से आभूषण बनाता है।	सुनार सोने से आभूषण बनाते हैं।
9	हिमाचल प्रदेश के बारे में वादी पर्वतीय राज्य में इस कार्यक्रम के बारे में बहुत उत्साह है।	हिमाचल प्रदेश के बारे में बोले, इस कार्यक्रम के विषय में महतो मुख्य कार्यक्रम है।
12	अनेक अन्यधिकारों के लिए उन्होंने हमें बताया जैसे जीवन का अधिकार, स्वतन्त्रता का अधिकार, शिक्षा का अधिकार और समानता का अधिकार।	बहुत से लोगों से अधिक समझे हुए यथाविबोधित जैसा आज का अधिकारियों के अधिकार के अधिकारियों ने शिक्षा का अधिकार दिया है।
3	मैं खाऊँ ?	मैं खाती हूँ ?
15	इसके द्वारा घर से उत्पादन विक्रय के अलावा किसान एचपीएमसी द्वारा बेची जाने वाली उपकरणों और अन्य सामग्रीओं का ऑनलाइन आरक्षण कर सकते हैं।	इसके घर से उत्पादन कि सभी को किसान के तथा किसान एचपी द्वारा विकल से उपकरणों का और अन्य सामग्रीों का ऑनलाइन आरक्षण कर सकते हैं।
9	नीरज -नमस्ते , नमो नमः । कैसे हो तुम ?	नीरज -तुम्हारे नमस्कार है , कैसे हो ?
11	न चोरों के द्वारा चुराने योग्य है और न राजा के द्वारा छीनने योग्य है, न भाइयों के द्वारा बाँटने योग्य है और न भार (बोझ) बढ़ाने वाली है।	चोर और चोर नहीं है, राजहंस नहीं करना चाहिए, नहीं कि भाई का स्थान नहीं है।
11	केवल यशस्वी जायसवालविराट कोहली और संजु सैमसन शिवम दुब रनों को ही जीता गया।	यशस्वी जायसवाल को, कोयल सैफ और शिवम दुहै: शिवसाही ने ही जीत हासिल की।
1	जागना	जागने
4	दुर्जनों को कलह करना अच्छा लगता है।	दुर्जनों से डरना पसंद है ।
10	वे लोग गुरुजन, ताऊ, चाचा, पुत्र, पितामह, श्वसुर, पोते, श्यालक तथा अन्य सम्बन्धी हैं।	शिक्षकों के पिता, पिता पुत्र और पिता, पर विश्वास, उनके पिता की परेशान होती है। मातः शिकालु के सम्बन्ध में हैं
5	गुरुनानक जी का जन्म तलवंडी नगर में हुआ।	गुरुनानक का जन्म होते हैं
4	वह काट नहीं सकती है।	वह काट नहीं सकती है।
5	कौन सी गाड़ी जयनगर जाती है ?	क्या शहर कोई बस कौन पर जाता है ?
10	राम के द्वारा ही मुक्त किया गया, शीघ्रता से डरी हुई उस स्त्री के साथ गली में घुसकर सीता को प्राप्त हुई।	राम से ही सुग्रीव के लिए डरते हुए अपने अंदर प्रवेश करके स्त्री ने सीता को सजाया।
13	देवराज के सारथी हैं तुम्हारा काम यह है कि मैं भी युद्ध की इच्छा से सावधान होकर तुम्हें याद कर दूँ कि मैं तो नहीं सिखाती हूँ।	काम तुमसे सारथी का सारथी, मैं और यूक्रेन की धर्म को नहीं जानते हुए तुम्हें जो मैं नहीं तो शिक्षा के लिए नहीं तो शिक्षा में ही नहीं
16	पश्चिमी विक्षोभ के कार्यकलाप के कारण हिमाचल प्रदेश में रविवार और सोमवार को पीतस्चेतना में वर्षा और बर्फ लगातार हो रही थी।	पश्चिमी सूर्य के क्रियाकला के कारण हिमाचल प्रदेश में रविवार और सोमवार को पीसमान के बीच वर्षा होने और बर्फबारी भी बर्फबारी हो रही थी।
7	विधानसभा की बजट सभा के लिए पुलिस प्रशासन ने यातायात योजना की है।	विधानसभा के  ⁇ udget सत्र के लिए पुलिस प्रशासन ने सड़क की है।
6	अतिअहिंसावाद के कारण लोग कायर बन रहे थे।	बहुत बड़ी संख्या की कार्रवाई के कारपुंह से लोग खा जाते थे।
23	में अपने ही कर्म से मर रहा हूँ, आप मुझे न मारें, आपका कल्याण हो। में जटायु नामक गृध हूँ। मैंने आपकी भार्या सीता का हरण करके ले जाते हुए रावण का पीछा किया और उसका रथ, धनुष तोड़ दिया और घोड़े मार दिए; परन्तु उसने मुझे घायल कर दिया जिससे में घायल होकर यहाँ पड़ा हूँ। हे जगन्नाथ! आप मेरी ओर देखिये, में अब अपने प्राणों को छोड़ना चाहता हूँ। यह सुनकर श्रीरघुनाथजी ! उनके पास जाकर उसे कण्ठगतप्राण और अति दीन अवस्था में पड़े देखा। तत्पश्चात् वह आँखों में आँसू भरकर उस पर हाथ फेरते हुए बोले	हे संसाररूपी स्वामी! तुम मुझे इस प्रकार मरते हुए मेरे द्वारा अपने कर्म में ऐसा देखता हूँ। मैं तो अत्यन्त कष्ट देने वाली और न आ रहा हूं। तुम मेरी प्राणवल्लभा सीता का दमन कर लो। मुझे तो तुम मुझे नहीं जानते। हे राघव! मैं तुमसे प्रसन्न हो रहा हूँ। तुम मेरी रक्षा करो। मैं तुमसे अत्यन्त दुःखी हूँ, इस प्रकार मुझे बताओ। तब मैं तुम्हें अत्यन्त गोपनीय दम्पार देख रहा हूँ। तुम्हारा कल्याण हो, मैं तुमसे मेरा द्यूको मारता हूँ ॥
12	राज्य के अध्यक्ष ने कहा कि पिछले वर्ष चंडीगढ़-बद्दी-रेखावेट में 750 करोड़ रुपये का प्रावधान किया गया था।	राज्याद ने कहा कि पिछले साल चंडीगढ़-बद्दी- रेलमार्ग- को 40 करोड़ रुपये का प्रावधान किया गया है।
7	उनका परवर्ती जीवन अधिकतर राजनीतिक कार्यक्रमों में बिताया गया।	उनके पर भी माता और जीवन अधिक राजनीतिक कार्यक्रमों में बीत गया।
8	इस अवसर पर आचार्य तुलसीदास परौहा जी, विश्वविद्यालय के रीवा परिसर विशेष रूप से उपस्थित थे।	इस अवसर पर आचार्य के प्रलय पर पार्वती जी विश्वविद्यालय के की रीति परिसर की सेकर विशेष रूप से उपस्थित थे।
5	सर्प (कुटिलपुरुष) मार्ग में टेढ़ा-मेढ़ा चलता है।	ही सब मार्ग से विलीनता है ।
10	उन्होंने लगभग सात सौ फिल्मों में अभिनय किया और सर्वश्रेष्ठ अभिनेता का राज्य पुरस्कार जीता।	वह सप्ताहों में फिल्मों में उनके लिए वेदि गया है और वह रॉयल राज्य और फिल्म को पहुंचे।
9	जो व्यक्ति प्रसन्नता पूर्वक अहर्निश अध्यात्मरामायण का गान करता है उसकी आज्ञा के लिये इन्द्रादि देवगण प्रतीक्षा करते हैं ॥	हे महादाही ! जो कहते हैं, वह सभी श्री राम की प्रतीक्षा कर रहे हैं। वे सभी इन्द्रियाँ इन्द्र की प्रतीक्षा कर रहे हैं ॥
10	चयन समिति नामों को लघूसूची करके एक पटल बनाएगी और शीर्ष नेता को मंजूरी देगा।	चयन समिति के नाम श्री छोटीसूची करके एक टिचय के लिए मंजूरी के लिए मंजूरी देगी।
17	क्योंकि इन स्वास्थ्य संस्थानों में हजारों रोगी उपचार के लिए आते हैं, यदि चिकित्सकों की प्रार्थनाएं पूरी नहीं होती हैं तो भविष्य में समस्याएँ पैदा होती हैं।	जो आम जनता को स्वास्थ्य संस्थानों के बीशियों पर हजारों कड़वी अस्पताल में आते हैं, यदि वैद्य जैसे समस्याओं को नहीं पूंगी तब भविष्य में समस्याएं पैदा हुई हैं।
9	महानिरीक्षक प्रज्ञता (आईजी इंटेलिजेंस) संतोष पिलायाल अधिकारी परिषद के अध्यक्ष नियुक्त हैं।	महररीक्षक प्रज्ञता ने इंदिरा इंटेलिजिया अधिकारी नियुक्त किया है।
7	अंजुमन इंतिज़ामिया मस्जिद-समिति ने कहा कि ज्ञान स्टीमर-मस्जिद-वक्फ-संपत्ति मौजूद है.	अंजुमन इंजिया मस्जिद-समर्थक ने कहा कि ज्ञानवापी-मंडे-वॉकेफली है।
4	अब करतारपुर पाकिस्तान में है।	अब करूपुर में पाकिस्तान में है।
17	भारत सरकार के आय विभाग के माध्यम से 80जी भी छात्रों और सार्वजनिक जनता के लिए उपलब्ध है-संस्कृत में विद्यमान-ज्ञानसागर छात्र अवश्य मिलते हैं-मिलना चाहिए.	भारत सरकार के आय विभाग द्वारा जब यह भी संस्था है कि छात्रों को सरकार द्वारा- आपका ज्ञान शहरों के लिए-संस्कृत-ज्ञान के लिए अवश्य ही स्वीकार किया गया है।
5	इसलिए सदाचार की रक्षा प्राणों से भी बढ़कर करनी चाहिए।	इसलिए विशेष रूप से प्राणों से भी अधिक सदाचार की रक्षा करनी चाहिए।
8	जिसकी प्रारम्भिक सत्र संस्कृतप्रार्थना है, संस्कृत भाषा में वार्ता आदि पढ़ते हैं।	जिसकी शुरूिक सत्र संस्कृतप्रार्थना है, संस्कृत भाषा में बात आदि पढ़ते हैं।
5	पत्नी –ये कूड़ा नहीं है।	पत्नी – ये कूड़ा नहीं है।
5	तीसरी मंजिल में खाद्य व्यंजन मिल रहे थे।	तीसरी मंजिल में खाद्य व्यंजन मिल रहे थे।
4	लिखकर अभ्यास करो ।	लिखकर अभ्यास करो।
3	यह अत्यन्त जल्दी लिखता हैं।	यह जल्दी ही लिखता है।
11	अखिलेश खान की फिल्म लाल सिंह चड्डा 2022 में प्रदर्शित की गई।	अखिलेश खान की फिल्म लाल एक सिंह और इस वर्ष की फिल्म में प्रदर्शित की गई।
2	मैं पढ़ता हूँ |	मैं पढ़ता हूँ।
1	शान्त करना	समान प्रयोग में
9	महानिरीक्षक प्रज्ञता (आईजी इंटेलिजेंस) संतोष पिलायाल अधिकारी परिषद के अध्यक्ष नियुक्त हैं।	महररीक्षक प्रज्ञता ने इंदिरा इंटेलिजिया अधिकारी नियुक्त किया है।
10	इस समय पश्चिमी विकार के सक्रिय होने के कारण वर्षा, बर्फबारी शुरू हुई।	इस समय पश्चिमीार के सक्रियीकरण के कारण वर्षा हुई, बर्फबारी शुरू हुई।
5	हाईड्रोजन प्रदूषण से रहित स्वच्छ ईंधन माना जाता है।	हाईड्रोजन जी स्वच्छ मानती है।
4	सास बहू को पाकविद्या सिखा रही है ।	सास ने बहूसी काँपती है।
6	तुम्हारे घर किसका वृक्ष है ?	तुम्हारे घर किसका पेड़ है ?
5	घोड़े को देखकर उसे क्या याद आती है?	वह घोड़े को देखकर क्या याद करता है?
10	दल के सूत्रों से कहा गया है कि इस सप्ताह आवेदन की तारीख निर्धारित होगी.	पार्टी के सूत्रों से कहा गया है कि पार्टी के सूत्रों से कहा गया है।
8	उसी दिन चन्द्रयान ने चंद्र पृष्ठ पर एक सफल उतरान किया।	उसी दिन चन्द्रयान ने चंद्रमा पर किया।
5	मैंने भी खड़े होकर वीरों को श्रद्धाञ्जलि दी।	मैं भी उठकर वीरे के श्रद्धा को श्रद्धाञ्जलि दी।
7	राष्ट्रपति मुर्मू ने गणतंत्र दिवस के पूर्व संध्या पर राष्ट्र को संबोधित किया।	राष्ट्रपति मुर्मू ने गणतंत्र दिवस का पहला आयोजन किया।
6	ये महोदय बहुत कर्मठ थे ।	यह महोदय बहुत कार्य था ।
3	कौए ने लड़के के हाथ से रोटी लेली।	बायो ने लड़के को ऊपर से छीन लिया।
5	मेरे पुत्र ने रास्ते में उसे देख लिया।	मेरे पुत्र ने रास्ते में उसे देखा।
6	प्रकाश करो नहीं तो वह बालक डरेगा।	प्रकाश करो नहीं तो वह बालक डरेगा।
10	इष्टगन्ध आदि से युक्त प्रिय और हितकर अन्न शरीर मे पृथक् २ गन्ध आदि गुण घ्राण आदि इन्द्रियों को पृथक् २ तर्पण करता है । अर्थात् स्वादु और हितकर अन्न के पार्थिव आदि भाग अपने अपने गुणों से अपनी अपनी इन्द्रियो का तर्पण करते हैं ॥	उन्हें मेरी प्राणरक्षा, श्यामल, से अलग-अलग होता है, जब प्राणी आदि से अलग होती है और वह प्राणरक्षा काल तक स्थिर है ॥
6	शुंग वंश के पुष्य मित्र का काल सबसे पहले दूसरा शतक है।	शुङ्गालीय पुष्य मित्र का समय खेदपूर्वक बना हुआ, दूसरे सौस्तर ने पुंग्य को बना दिया।
8	कुछ समय बाद ही पांचों झुग्गी गांवों में आग लग गई।	कुछ समय के भीतर ही पाँचों पावन इकाइयों में आग लग गई।
4	वह वहाँ कल जाएगा।	वह वहाँ कल जाएगा
6	रात में भोजनालयों में भी लोग भोजन करते हैं।	रात में भोजनों में भी लोग भोजन करते हैं।
4	जो एकबार देखने के लिए महत्वपूर्ण है।	जो एकवार को देखना महत्वपूर्ण है
12	प्रधानमंत्री मोदी आज वहाँ वैश्विक नेताओं के साथ द्वैपाक्षिकम् में परस्पर मंत्रण वार्ता भी करेंगे।	प्रधानमंत्री मोदी आज वहाँ वैश्विक- नेताओं के साथ द्वाद और आपस में दो मन्त्रियों का भी उपवास ले जाएगा।
4	मनुष्य की श्रेष्ठता चरित्र से होती है।	मनुष्य की श्रेष्ठता का चरित्र होता है।
6	श्रीफ्रांस भारतीय-वैश्विक परिषद में एक व्याख्यान भी देगा।	श्री
9	उस मन्त्री ने प्रजाओं को 'पेट तथा अंगों की कथा सुनाकर उनकी अनुकूलता प्राप्त कर ली।	वह अनमाया प्रजा 'उदच' कहते हैं। वह सभी बताए ।
7	इटली के युवा टेनिस खिलाड़ी यानिक ने सीन के साथ इतिहास बनाया।	इटली के युवा टेनिस खिलाड़ी वाहन- सिनर से इतिहास बनाया गया।
6	इसलिए, स्थिरता विशेषज्ञों का मानना है कि कोई अन्य तरंग व्यवहार्यता नहीं है।	इसलिए अन्य रेत से रह जाती हैं कि दूसरे लोग फने हैं-लेने पर नाराज हैं।
5	उनका प्रेणादायक प्रवचन मैंने सुना था।	उनका प्रादर के लिए प्रवचन मैं सुना।
25	क्योंकि ये शास्त्रों के अमृत से निर्धन ब्राह्मणों को सींचते हैं, इसलिए धरती की बात तो छोड़ो, स्वर्ग में भी ऐसे लोग प्राप्त नहीं होते, क्योंकि इस संसार में या स्वर्ग में भी, मनुष्य, देवता इत्यादि सब स्वार्थसमुत्सुक ही हैं, जो निष्काम भाव से सब कुछ, (विद्या आदि) दान कर दे, ऐसे धन्य पुरुष तो श्री बाबा जी ही हैं ।	शास्त्रों में भी जो शास्त्रों के द्वारा नहीं छोड़ता है, जो शास्त्रियों द्वारा पूजित है, वे उसी ही हैं, अपने आपको नहीं छोड़ते, ये सभी लोग अपने मन में भी नहीं होते, वह तो केवल संसार में ही नहीं है, लोक के बाहर के समान आचरण नहीं करना चाहिए। वे विद्वानों की भी नहीं है । (क्योंकि) तुम्हें अपने विचारों से नहीं मिलते, ये सभी लोग अपने मन में भी नहीं हैं, वह सभी जीविका (खड़े-उन्हें अपने परिवार में भी नहीं रहते हैं) ।
1	देशी भाषा	देश भाषा
9	शनिवार को बहुत से लोगों ने पूर्व मंत्री से परामर्श किया।	शनिवार को बहुत से लोग पूर्व मंत्री के घर पहुंचकर उसकी सलाह दी।
9	उन्होंने कहा कि राज्य सरकार ने कर्मचारियों से 4 फीसदी बड़ा भारी वेतन घोषित कर दिया है.	उन्होंने कहा कि राज्य सरकार ने कर्मचारियों को 4,000 फीसदी बड़ा घोषणा की है।
8	हे रघुश्रेष्ठ ! यह संसार आपकी माया का विलास है और मैं आपका ही अंश हूँ । अतः अपने चरणारविन्द की भक्ति मुझे देकर भव संकट से रक्षा कीजिये ॥	हे तीन बार आपके लोभीजी अपनी मुझे से मुझे प्रसन्न होकर मुझे भी मुझे वन में चलना मुझे प्रसन्न करना मुझे नमस्कार है ॥
4	मध्याह्नोत्तर का काम दिन के प्रथम भाग में ही कर लेना चाहिए।	दोपहर की रक्षा करने वालों और करने योग्यप
9	नीरज -नमस्ते , नमो नमः । कैसे हो तुम ?	नीरज -तुम्हारे नमस्कार है , कैसे हो ?
27	मंत्रिमण्डल ने जलशक्ति विभाग का कार्यानुष्ठान और लोगों की सुविधा हेतु जलशक्ति विभाग के डलहौजी से चंबा जिले के चुवरी के स्थान पर शिमला जिले के जलशक्ति विभाग कासुम्पटी, सुन्त्री, नृवा मतियाना और अन्य जिलों का पुनर्गठन करने का निर्णय लिया।	जलशक्ति विभाग का कार्य सफल रहा सुयवाही को एक सुविधा देने का निर्णय किया गया और जलशक्ति विभाग का ड लिनमपुर डिवीजन का एक भूस्खलन करके शिमला शहर के जलशक्ति विभाग का कसुम्पटी, सुपुत वार्जन ने इस बैठक में और विभागों को पुनर्गकिस्तान का निर्णय लिया।
9	रेलवे स्टेशन बस- टैक्सी- उद्देश्य है कि अटोरिक्शा स्टेशनों के साथ संबंध बनाए रखना है।	रेलस्थान बस- ट लाव-आंटिक्स स्थानों के साथ जुड़ा गया है उद्देश्य है।
12	मैं अपनी सखियों के साथ कल सुबह काशीविश्वनाथ मंदिर की ओर जाऊँगी, वहाँ हम गंगा स्नान और धार्मिक यात्रा करेंगी।	मैं अपनी शक्ति से कुत्ताओं के साथ काशी विश्व है, वहाँ काशी का भेंट करूँगा, वहाँ आकाश की शोभायात्रा करेंगे।
5	विद्यालय के प्रार्थना सत्र में वह संस्कृत गीत गाती है।	विद्यालय के प्रार्थना सत्र में वह संस्कृत गीत गाती है।
1	रुक गया।	निवृत्त
9	जहाँ मुख्यलिखित परीक्षा में सभी पत्रों में 216भ्यर्थी उपस्थित थे।	जहां मुख्य नाक परीक्षा में सभी पत्रों में 216भ्यर्थी उपस्थित थे।
8	बोलो क्या कहना चाहती हो। आज कार्यालय बन्द है क्या ?	कहिये क्या बोलना चाहता है? आज कार्यालय का विराम है?
7	सुचरित्र से मनुष्य महान् बन सकता है।	सुचरित्र के द्वारा कोई भी व्यक्ति बहुत बड़ी दुखी है।
3	मेरे पिता का है।	मेरे पिता हैं यह मेरा पिता है ।
7	कैसे वे उम्मीदवारों के वोटों की संख्या उद्घोषित करते हैं ?	कैसे वे उम्मीदवारों के वोटों की संख्या किस प्रकार की संख्या है ?
3	सब केवल पढ़ते हैं।	सभी केवल पढ़ते हैं
3	योगशास्त्र का प्रवर्तन किसलिए हुआ?	योगशास्त्र क्यों किया गया है?
9	जिस अपराध के लिए प्रजा को एक रुपए से दण्डित किया जाए उसी अपराध के लिए राजा को हजारगुणा दण्ड प्रावधान होवे।	जहाँ प्राचा जून को रुपये का दण्ड देना चाहिए वहाँ हजारों गुना दण्डक पर ले काउट करना चाहिये।
1	देवदत्त	देवदत्त
1	धर्म के बिना	धर्म से
9	सांस्कृतिक समुदाय, सामाजिक संदेश, संस्कृति, और परंपरा पर आधारित आकर्षक कार्यक्रम प्रस्तुत किए गए।	सांस्कृतिकू ने सामाजिक संदेश, संस्कृति, संस्कृति और परम्पक जी आधारला प्रस्तुत किये।
2	ब्रह्मा जी के समक्ष उपस्थित हुआ।	लोभी को उपस्थित हुआ।
6	उस काम में वह अकेला नहीं है ।	उस कार्य में वह एक नहीं है।
16	मनुष्य को न बाजूबन्द सुशोभित करते हैं, न चन्द्रमा के समान चमकदार हार, न स्नान, न शरीर पर सुगन्धित लेपन (चन्दन, केसर आदि), न बालों/चोटी में सजाए हुए फूल सुशोभित करते हैं।	केकोरा, नान्दी, नाराजअदीन, न ही चंद्र करके, न स्नान, न चन्दनादि का उत्पन्न न किया जा सकता है।
6	वो हमारे राष्ट्रीय सलाहकार समिति के अध्यक्ष हैं	वह हमारे राष्ट्रीय सुरक्षा-परम की वगदाताओं के अध्यक्ष है।
6	सत्ता में आकर वह वचनपालन नहीं करता है।	सत्तारूढ़ आकर वह वचनपाल नहीं करता है।
3	विद्यालय के चौकीदार को निवेदन करती है।	विद्यालय के चौकीदार को निवेदन करती है।
9	यह फिल्म अर्जुनकपूर की करियर का सबसे बड़ी निष्फल है।	यह फिल्म अकपूर का सबसे बड़ाएं तैयार हो गया है यह फिल्म सिद्ध हो गया है।
9	वहाँ भारत के नवनिर्माण संस्कृत के योगदान पर चर्चा की गई।	वहाँ भारत के नए निर्माण संस्कृत के योगदान में चर्चा की गई।
6	तो हम एक छोटा नाटक करते हैं।	तो हम एक छोटी छोटी छोटी करते हैं ।
6	दिव्यांग बच्चों के साथ समय बिताया।	दिव्य बालकों ने बालकों के साथ समभाव बिताया।
11	जो इस वर्ष परिसर में चौबीस प्रतियोगिताओं में हिमाचल प्रदेश के प्रतिभागी भाग लेंगे।	जो इस वर्ष परिसर में चौबीस-तीन प्रतियोगिताओं में भाग लेंगे।
1	भाई ।	भाई
16	श्रीलंका-देश के शिक्षा मंत्री डाॅ सुशील प्रेमजयन्ता ने कहा कि श्रीलंका के कैंडी में मद्रास का नया परिसर शुरू होगा।	श्रीलंका- देश के शिक्षा मंत्री डॉ सुशील प्रेमजय
6	''श्रुश्रुत-तन्त्र:''यह ग्रन्थ सेवा के द्वारा ही लिखा गया है।	''श्रुत-कभी हैं''यह अपने साश्रुत द्वारा ही लिखा गया है।
21	केंद्रीय विज्ञान-तकनीकी मंत्री डॉ. जितेन्द्र सिंह ने कहा कि यह भारत के लिए गर्व भरा वर्ष है क्योंकि प्रधानमंत्री नरेंद्र मोदी के नेतृत्व में देश ने एक महत्वपूर्ण सफलता हासिल की।	केंद्रीय विज्ञान- प्रौद्योगिकी मंत्री डॉ.। कहा गया कि यह भारत के लिए एक महत्वपूर्ण वर्ष है, लेकिन प्रधानमंत्री नरेंद्र मोदी के नेतृत्व में राष्ट्र को एक महत्वपूर्ण सफलता मिल गई है।
8	 ⁇ .एस ने प्रेस लाइसेंस जारी किया और यह सूचना दी गई।	उनाप्र
10	अधिकारियों का आरोप है कि मणिपुर में संघर्ष हित-आधारित बातचीत और हमलों के कारण है।	मणिपुर में संघर्ष का कारण व्याज समाचार की, उन्होंने खुदाई ही किया है, यह अधिकारियों को आरोप किया गया है।
7	वस्तु पसंद आती है तो हम उसकी प्रशंसा करते हैं।	वस्तु यदि हम उसका प्रशंसा करते हैं तो उसका प्रशंसा करते हैं।
11	परमार्थनिकेतन महामुनि पूज्य प्रभु चिदानन्द सरस्वती की अध्यक्षता में पूज्य प्रभु विश्वपालजेन्द्र जी की अध्यक्षता में वसंतोत्सव समारोह शुरू हुआ।	परमार्थक के !रे श्री मोदी ने सुने हुए चिपदी के मार्गदर्शन में इस, पूज्य के मार्गदर्शनपाल को एक अध्यक्षता में में रहना आरम्भ किया।
5	बरसात के बाद वीरसिंह गेंहूँ बोएगा	वर्षा के बाद वीर सिंह गेहूं का शिकार करेगी।
11	हे भगवन्! उसका क्या नाम है और किस शहर में वह रहता है?	भगवन् ! उसका क्या नाम है? किस नगर में वह रहता है?
31	जब सारा विश्व बल्कि एक बड़ी अर्थव्यवस्था है कोरोना-महामारी- बाद में ही भूमि-राष्ट्रीय- जो अशान्ति के कारण दो फीसदी वृद्धि दर पर पहुंचने के लिए संघर्ष करते हैं, वहां भारतीय अर्थव्यवस्था की आगामी उदर में भी लगभग सात फीसदी वृद्धि दर की उम्मीद है अर्थात् भारत अब उस दर को हासिल कर सकता है।	जब पूरा विश्व की बहुत से बड़ी अर्थव्यवस्था को पाने के लिए भारत का सबसे शान-अबारी-वह भूमि-राधा गया है-राधा ने पिछले दो साल से दो अर्थव्यवस्थाओं में भी सातप्रतिनाक विकास के लिए भी सातों नतीजे के समान सात साल बीत चुके हैं-आप में भी सातप्रतिना-दित हो सकते हैं-ऐसा भारत की अर्थव्यवस्था को पाने में सक्षम है।
3	भौंरा फूल का मकरंद पी रहा है।	भौंरा फूल काड को रसा देता है।
5	प्राचीन काल में अयोध्याका राजा दशरथ थे।	पहले दशरथ अयोध्या के राजा थे।
8	इसलिए, उम्मीद है कि भाष्यकार वक्ता की अपेक्षा पाणिनि का समर्थक है।	इसलिए भाष्यकार बात की अपेक्षा पर पिता की अपेक्षा समर्थन होती है।
10	यहाँ कूटशब्द से संबंध का त्याग किया जाता है, निर्लज्ज शब्द से परिणाम का त्याग किया जाता है और शेष शब्दों से प्रध्वंस का त्याग निषिद्ध कर दिया गया है।	यहाँ कूटने से संसदीय हो जाती है, विचंदन परिणाम ने परिणामों से परिणाम दिए हुए धर्म की खोज के लिए खरीद लिया है।
6	दशरथनन्दन ! मैं आपको अयोध्या पहुँचाऊँगा।	दशरथनन्दन ! मैं आपको अयोध्या पहुँचेगी।
4	कभी कभी दही से बाल धोता है।	कभी कभी दही से धोता है।
7	उपवास के समय भी वह काम तो करेगा ही।	उपवासकाल में भी वह काम तो करेगा ही।
8	राजेश – राजस्थान राज्य में अजमेर के पास है ब्यावर	राजेश – राजस्थान में अजमेर के पास है ब्यावर
1	लगा हुआ	स्थित
8	परमाणु हथियारों के विकास को देखकर सामरिक नीति बदल जाती है। सेना के छोटे टुकड़ों में विभक्त हो जायेंगे।	दूसरे के उनके विकास को देखकर सामग्रियों को बदल दिया गया है। स की तथा अन्य छोटी सीभक्त होंगे।
6	जो (मनुष्य) अपना कल्याण और बहुत अधिक सुख चाहता हैं,	जो इच्छितता को सुख देने वाले और सुख की तथा सुख-दुख और सुखपूर्वक है
4	नागेन्द्र घर के बगीचे में आम उगाता है	नान्द्रन्द्र घर के आँगन में आम का पेड़ उगाता है।
1	लीन	छोड़ दिया है
8	जिलाधिकारीओं और संकुल के उत्कृष्ट विद्यालयों के निर्माण के लिए प्रारंभिक रिपोर्ट जारी करने के लिए कहा गया है।	जिला अधिकारी ने विकास और उत्कृष्ट विद्यालय के निर्माण के लिए शुरुआत बनाने का निर्देश दिया।
5	आप ऑनलाइन भुगतान कर सकते हैं।	आप मोबाइल भुगतान कर सकते हैं।
11	उन्होंने कहा कि भारत की महत्वपूर्ण भूमिका आम जनता की पसंद के लिए मजबूत है।	उन्होंने कहा कि मोतियों और सामान्यजन का चयन करने में भारत की बड़ी भूमिका है।
7	पाँचवीं इन्द्रिय चमड़ी है, जिससे मनुष्य स्पर्श जानता है ।	पंचायत से लक्का, यया मनुष्य को जानता है।
7	यहाँ पुस्तक लेने क्या सदस्य आते हैं ?	यहाँ पुस्तकें स्वीकार करने के लिये क्या सदस्य आते हैं ?
5	अनेक लोग निर्धन भी हैं।	अनेक लोग निर्धन भी हैं।
10	इसने संसदीय कार्यों के दो कार्यसूचक और वित्त विभाग के दो कार्यसूचक पर सहमति दी है।	इस संसदीय कार्यों के दो कार्यसूची वित्त विभाग के दोनों कार्यसूची डॉक्टरों के साथ बैठक की गई।
4	तब वह सतर्क हो जाता है	तब वह काईल बन जाता है
4	कृपया आप भी सुझाएँ।	कृपा से आप भी सूचित करें।
1	ढका	भी पूरी तरह से किया
11	हे जिनेन्द्र ! आपका दर्शन करते समय जो आपके गुणों में आनन्द पूर्वक अपने मन को लगाकर इस अद्याष्टक स्तोत्र को पढ़ता है। उसे आपका दर्शन करने मात्र से सब अर्थों में सिद्धि या (सर्वार्थ सिद्धि) उर्ध्व लोक की प्राप्ती होती है ।	आज तक जो गुणों से युक्त हो, गुणी गुणों से रहित हो और मनुष्य के सब गुणों से मुक्त हो जाओ। इसलिए मैं आपकी इच्छा देखूगा ।
5	भगवान् श्रीकृष्ण में समस्तनिष्ठों की पूर्णता है।	भगवान् श्रीकृष्ण में सभी निचलेों का पूर्णता है।
12	तुम (अपने) नियत (कर्तव्य) कर्म करो क्योंकि अकर्म से श्रेष्ठ कर्म है। तुम्हारे अकर्म होने से (तुम्हारा) शरीर निर्वाह भी नहीं सिद्ध होगा।।	तुम कर्म करो, तुम कर्म करो; कर्म में लीन (के फल) नहीं है। शरीर में उत्पन्न होने वाले कर्म का त्याग कर देने वाला कर्म करो।।
6	हम सभी वीर सैनिकों को नमन करते हैं।	हम सभी वीर सैनिकों को नमस्कार है।
4	बहनें विष्णुसहस्रनाम गाती हैं।	बहनें विष्णुनाम गाती हैं।
4	वह सारे वस्त्र धोएगी	वह सारे वस्त्र धोएगा ।
11	इसी प्रकार, व्यावसायिक पात्रों को अनुमानित ऋणधान बढ़ाकर 75 मिलियन रुपये का कर दिया गया।	इसी प्रकार व्यावसायिक योग्य सभी पात्रों को अनुमानित किया गया, यहाँ से पांच शरीर के लिए कम समय तक चला।
6	अवन्तिका तेलुगु फिल्म में भी काम किया।	अवन्तिका तेलुगु ने फिल्म में भी कार्य किया।
1	दीनता से रहित।	हम सभी की
10	उसी समय कुटलहरी विधानसभा क्षेत्र को 10 करोड़ रुपये का दान दिया गया है।	उसी समय कुटल विधानसभा क्षेत्र के लिए 10 करोड़ रुपये का भुगतान किया गया है।
1	पेट में	पेट में
8	पुस्तक के रूप में देने के बाद सराहनीय कार्य किया गया ऐसा उन्होंने कहा।	पुस्तककर देकर प्रशंसा की गई थी कि पुस्तककर देते हुए प्रशंसा के कार्य में प्रशंसा की।
37	जैसे हाथी की सूँड में कुछ लोहे की शृंखला रखी है, वैसे ही हाथी यदि अन्य सबको छोड़कर सुँड में उसी शृंखला का आलिंगन करके यात्रा करे, तो मन भी उसी प्रकार जब एक ही नाम या रूपसे व्याप्त हो जाता है, तब वह हर समय उसी नाम या रूपसे पकड़कर खड़ा रहता है।	जैसे आकाश के शुभता पर कोई एक भार है। वह तो गायों की खोज स्थापित की जाती है तो वह गड्ढा के वृक्ष पर आधारित एक ही को संचित करके यह मन ही है। उसका नाम ही स्वीकार किया जाता है तब वह मन के सुपेद या तिनके पर रखेगा। तो उसका नाम रहता है।
10	पंकज उधमके पुत्री नेयाब उधम ने अपनी इंस्टाग्रामपटल पर लिखकर अपने पिता की मृत्युकी पुष्टि की।	पंकज नेउटास की बेटी नाबउटी, अपनी किसी भी समय पर फ्लाइट अपने पिता की पुष्टि की।
15	कार्यक्रम में शिक्षा विभाग के अध्यक्ष डॉ. महेन्द्र कुमार ने उपाध्याय के सभी कामनाओं को प्रकट किया और संचालन डॉ. प्रमिला मिश्रा ने किया।	कार्यक्रम में शिक्षा मंत्री डाॅश्री महेन्द्र कुमार उपाध्याय ने सभी कार्ती और दो कार्तापाही को संबोधित किया।
4	चार लड़के जाते हैं।	चार लड़के जाते हैं।
1	वाणी से	वाणी के द्वारा
3	खाना और गलना	खाना चाहिए और चिकने
4	संसारमें प्राणिगण चार प्रकारके हैं ॥	वहाँ चार प्रकार की एक पूर्व तरह-ग्रके साथ गोल-कपड़कते हैं ॥
6	वह धीरे धीरे पिता के बाल काटता है।	वह धीरे धीरे पिता के बाल काटता है।
4	प्रत्याशी का जनाधार करेगा।	लौटे में लोग लोकधारों का उधार (गक्शना) करेंगे।
4	आवेदक बिहार के स्थायी निवासी होने के योग्य है।	आवेदन बिहार की थकान में और गाने का सामना नहीं करना चाहिए।
18	जैसे कुञ्चिकापटल (कीबोर्ड) के बिना कंप्यूटर में कोई काम नहीं हो सकता है, वैसे ही संस्कृत ग्रंथों और शास्त्रों के बिना मानव विकास नहीं होता है।	इसी प्रकार से कु की कटॉट
5	मेरे एक मित्र ने पूछा	मेरे एक ने दोस्त पूछा ।
11	इसलिये व्याख्यान में यदि व्याडिपतञ्जली नित्यार्थ में पूर्णशब्द कहे तो उसका अर्थ ही ज्ञात करना चाहिये।	इसीलिए होने में व्यावसायिक नित्य । नित्य शब्द को सिद्ध करना चाहिए तो वह अर्थ ही योग्य है।
6	इस जिले में सौ से भी प्राथमिक स्वास्थ्य केंद्र हैं।	इस में जिले में सौ से भी स्वास्थ्य स्वास्थ्य केंद्र हैं।
9	यह प्रतिपादित है कि दो आत्माओं को प्रथम अन्वयव्यतिरेक से अनाज के खदे से मोटा शरीर बन गया है।	पहला अपनी शक्ति से था और अन्नमय होने से अन्न को आत्मा से रूट कर देता है।
2	अधिक विस्तार की आवश्यकता नहीं है।	बहुत विस्तार व्यर्थ है
3	वह मुझसे पूछता है।	वह मुझे पूछता है
4	चेक गणराज्य में दौड़ स्पर्धा चल रही है।	चेक गणराज्य में दौड़ प्रतियोगिता चल रही है।
10	डॉ. मेघनाद के कथन से दौलतसिंह जी अर्नेस्ट रदरफोर्ड महोदय के पास गए थे।	डॉ मेघियों के कहना से दौलत सिंह अर्पित रंक घर-
6	एक तो केवल खेल समाचार ही पढ़ता है।	एक तो केवल खेल समाचार ही पढ़ता है।
3	कन्याओं को भेंट देते हैं।	कन्याओं को कान्ति देते हैं।
1	स्मृति	स्मरण करना
10	देश का संपूर्ण-उत्तर क्षेत्र में भीषण-आफूसी-चरण से रेल सेवा प्रभावित हो गई।	देश की पूरा-उ के क्षेत्र में भयंकर-फ्यू-वेक रेल सेवा को प्रभावित हुआ।
6	कितनी अच्छी है उनकी मृत्यु ।	कितना अच्छा है उसका मृत्यु है ।
6	शुंग वंश के पुष्य मित्र का काल सबसे पहले दूसरा शतक है।	शुङ्गालीय पुष्य मित्र का समय खेदपूर्वक बना हुआ, दूसरे सौस्तर ने पुंग्य को बना दिया।
12	फिर जूलियन अल्वारेज़,, 69 मिनट में दो गोल गेंदें मिलीं जिससे अर्जेंटीना का फाइनल में प्रवेश सुरक्षित हो गया।	फिर जूलिकों के एकन में कैंसर,69 निवानी के बाद दोस्तों को मिलने के बाद, वह टूलों का अंतिम लक्ष्य हासिल कर लिया।
5	रामरावण युद्ध के बाद भी संस्कृत थी।	रामरावण के युद्ध के बाद भी संस्कृत थी।
17	अपने स्वयं के विभाग का दायित्व क्यों नहीं छोड़ रहा है, सच यह है कि शिक्षा मंत्री नामित बिहार के मुख्यमंत्री राज्य के लोगों को भ्रमित करने का प्रयास कर रहे हैं।	अपने आप अपने विभाग का दायित्व क्यों नहीं छोड़ती, यह कहा गया है कि शिक्षा मंत्री के लोगों के लोगों के लिए घूमने का प्रयास करना चाहिए।
12	उन्होंने कहा कि प्रकाशचौधरी मण्डीमण्डल में कांग्रेस की अध्यक्ष थे, और भविष्य में भी ऐसा ही होगा।	उन्होंने कहा कि प्रकाश चौबीस मंडी मंडी में कांग्रेस के अध्यक्ष थे, भविष्य में भी वैसा ही होगा।
5	मेरा मित्र आज मदुरई पहुँचेगा ।	मेरा मित्र आज काईल को पाएगा
9	क्रोधित होते हुए नारायण ने तब उनकी माली जी की स्तुति से समयचक्र के पहिये को चढ़ा दिया।	क्रुद्ध नारायण तब उसकी मालूम की जिन्हें सेमी चक्रवात को नष्ट कर दिया गया।
9	पापी अधर्मियोंकी शीघ्र ही बुरी गति होती है, ऐसा समझकर पुरुषको चाहिये कि धर्मसे दुःख पाता हुआ भी अधर्ममें मन न लगावे	हे मधुसूदन ! धर्म से मन धर्म नहीं है आपके द्वारा धर्म से यदि किसी रोग को नहीं देखते तब तक कमललोचन को भी देखते हुए देखे।
9	हे गुडाकेश (निद्राजित्) ! मैं समस्त भूतों के हृदय में स्थित सबकी आत्मा हूँ तथा सम्पूर्ण भूतों का आदि, मध्य और अन्त भी मैं ही हूँ।।	मैं ही सब भूतों में गुम्फित हो रहा हूँ, मेरा द्वारा ही मध्य प्रदेश और मध्य प्रदेश में ही स्थित रहता हूँ। मैं ही यह मध्यमा हूँ कि यह इसी प्रकार का आा आपको है।
4	द्वावेव उत्तराखंड का गौरव है।	दोनों ही उत्तराखंड से गौरव दोनों ये दोनों विद्यालय हैं।
6	ग्यारह अन्य अप्रत्यक्ष लोगों का ध्यान भटकता है।	दोपहर ग्यारह अच इसलिये डॉक्टरों के लिए विचेक का अनुसरण करता है।
16	ईरान की राजधानी तेहरान के दक्षिण में ख़ून शहर के मध्य में स्थित नूर टेक्नोलॉजिकल स्कूल के छात्रों को प्यार हो गया।	इरान के राजेण टेढ़ सिंह के दक्षिणी भाग में वर्तमान के बीच में गुस्सा आया।
5	आपने किस किसको बुलाया है ?	आपने किस किसको लिया है ?
5	हिन्दू संस्कृति को निष्ठा से पूर्णता को आदर्श भाव से मानते हैं।	हिन्दू संस्कृति निष्ठा की पूर्णता का पूर्णता के रूप में का मानता है।
8	परन्तु न्यूनतम तापमान में कमी के कारण ठंडी लहर लगातार होगी।	परन्तु कम तापमान में कमी के कारण ठंडी लहर लगातार हो सकती है।
10	इसलिये आप जैसे भगवान् हनुमान इस संसार में कभी भी पैदा नहीं होंगे।	इसलिये हनुमान ने जैसा भगवान् रामनाम प्रेम नहीं किया और न ही भू किया।
4	पाँचवाँ अंगूठा है	पाँच महीने का अंगूठा है
12	शाक - सुवर्चला ( हुलहुल ), गुञ्जनक ( प्याज या गाजर ), परवल, वायसी (मकोय), मूली, बेत और नीम ये शोथरोगिया के लिये उत्तम शाक है। भोजन मे पुराने जौ और चावल उत्तम है ||	जब की नेलिका गीत धारण करते हुए, उस वृक्ष की ही खोज करने वाली कड़वा, सुन्दर जल, शाखाओं का शिकार करने वाले, यवला इनके वन में फंसते हुए, उनका भोजन किया ॥
16	गणतन्त्र दिवस-इस वर्ष पहली बार आवाहन करने की समूह की महिलाएँ-वाद्य-उन्होंने शंख, ध्वनि, स्वर और उपकरणों के लिए पद संग्रह शुरू किया।	गणतंत्र दिवस- पदसं करना इस वर्ष पहली बार पहली बार थी-वाद्य- कलाकार के शंख ध्वज के शंख ध्वज झंडा फहराया गया है।
4	संसारमें प्राणिगण चार प्रकारके हैं ॥	वहाँ चार प्रकार की एक पूर्व तरह-ग्रके साथ गोल-कपड़कते हैं ॥
7	ट्रक संचालकों की आन्दोलन के कारण ज्वर चुराने की आपूर्ति निलंबित है।	ट्रकों की आंदोलन के कारण वज्र की लकड़ की आप्या दी गई है।
3	प्रेक्षागृह में प्रवेश ही नहीं करना चाहिए	दर्शनीय नहीं था।
6	आप अभ्यास क्यों नहीं करते हैं ?	आप अभ्यास क्यों नहीं करते ?
5	मेरे घर काँच का गिलास है	मेरे घर काँपना है
1	स्वामी को ठगना	और कहा हुआ
10	ठीक है मैं उसके साथ बात करूंगी। आपको सूचित करूंगी।	ठीक है। मैं उसके साथ बात करूँगा और आप सुशील होऊँगा।
6	वृद्ध बालों के लिए प्रेतकार्य नहीं करते थे।	वृद्ध बालकों के प्रेम से की जाने नहीं करते थे।
9	हिमाचल प्रदेश के डॉकियों ने बुधवार से प्रतिदिन ढाई घंटे तक 2,600 बजे तक आन्दोलन आरम्भ किया।	हिमाचल प्रदेश के भौंवास से प्रतिदिन साढ़े चार बजे तक 2,600 चिकित्सा महाविद्यालय शुरू किया।
7	चित्रांग बोला शिकारी के डर से मैं आप की शरण में आया हूँ।	चित्रांगोचर ने कहा- अरे, तसक इस से मेरा जन्म लेकर आ गया।
10	यह सच हो जाएगा, क्योंकि उसकी घोषणा भी बस में की गई है.	यह साधनों का की घोषणा होगी, क्योंकि उसका घोषणा बज रही है।
10	और अभी खबर आ रही है कि जाह्नवी की फ़िल्म में अभिनय किया है।	और अब खबर आ रही है कि जाह्नवी की फिल्म में अभिनय किया गया है।
7	वर्ष 1977 में उनका नाम मैंने सुना था।	मैंने सातवीं वर्ष में उसका नाम सुना।
5	पूड़ा देओ और दाल लेओ ।	पूड़ा दें और दाल करता है
5	आप क्या काम करते हैं ?	आप क्या काम करते हैं ?
6	नहीं, मैं आज सायंकाल शहर जाऊँगा।	नहीं मैं आज शाम नगर जाऊँगा ।
9	उत्तराखंडसंस्कृत अकादमी, प्रतिवर्ष संस्कृत भाषा के प्रचार-प्रसार के लिए, संरक्षण के लिए, और इंटरनेट के माध्यम से संस्कृत व्याख्यान के लिए आयोजित किया जाता है।	उत्तराखंड संस्कृत अकादमी, हर साल, हर साल संस्कृत को प्रसारित करना, रक्षा के लिए, और संस्कृत इंटरनेट के माध्यम से संस्कृत व्याख्यान के माध्यम से आयोजित किया जाता है।
4	इस समय मैं भूखा हूँ ,अब मैं तुम्हें खाऊंगा ।	अब मैं तुझे खाऊँगा।
6	जनवरी तक या अग्रिम आदेश तक जारी रहेगा।	जनवरी तक होता है-सी आदेश तक निरन्तर होगा।
10	किससे कष्ट को तुम यहाँ आ रहे हो बताओ कैसे सेवा करूँगा।	किस कारण से तुम हे कहो बेटा ! कैसे आऊँगा ।
4	अतिथियों की सेवा करता है वा नहीं।	अतिथि सेवा करते हुए या नहीं।
12	इसलिए देखता हूं। बाहर (खुले आवाज़ में) बोलता है-" कहां (है) ? तेरी चूड़ी ?" शेर हाथ खोल कर दिखाता है।	वह निरूपण तक प्रकाश डाला है"कुम! अब तुम्हारा कंगन (गजाक) दिखाता है, वह हाथ पैर दिखा रहा है तुम्हारे द्वारा छूटने के लिए दिखता है।
9	इस प्रकारमुक्त श्रीराम रथ पर चढ़कर और प्रणाम कर उस रथ पर चढ़ गया।	इस प्रकार से रथ पर चढ़कर और रथ को चढ़ गया।
6	आपके घर में कौन-कौन रहते हैं।	आपके घर कौन कौन है ?
11	मेरे कहने से कर्ण क्रोधित होकर और कुछ बुरा करने लगा यह सुनने में डर रहा है।	मेरे वचन से कानूनी क्रुद्ध होकर कुछ भी कठिन हो जाता है।
9	जो व्यक्ति प्रसन्नता पूर्वक अहर्निश अध्यात्मरामायण का गान करता है उसकी आज्ञा के लिये इन्द्रादि देवगण प्रतीक्षा करते हैं ॥	हे महादाही ! जो कहते हैं, वह सभी श्री राम की प्रतीक्षा कर रहे हैं। वे सभी इन्द्रियाँ इन्द्र की प्रतीक्षा कर रहे हैं ॥
7	फिर भी यहाँ का अथशब्द प्रारम्भार्थ है यह भाष्यकार बोलता है।	फिर भी यहाँ से और वाइप शब्द कहते हैं यह भाष्यकार बोलता है।
5	सर्वमेध विधाता ने उन दोनों को जगत्सृष्टि की रचना की।	सबने एक ही जगत् के निर्माण से कहा।
4	ठीक मौके पर आप पधारे।	युक्त समय पर आया ।
7	बच्चों ने पूछा हमारी दीदी कहाँ है?	बच्चे ने पूछा बेटा कहाँ है ?
5	पिता करेले की सब्जी खा रहे हैं	पिता कारल्हा का सब्ज खाता है।
13	इस अवसर पर मुख्यमंत्री ने कहा कि किलोमीटर लंबा यह रस्सी रुपये के खर्च से बना जाएगा।	इस अवसर पर मुख्यमंत्री ने कहा कि कि कि को लंबा लंबा एक लंबा करोड़ रुपये का खर्च किया जाएगा।
21	जहां विजयकुमार चौधरी, विजेन्द्र यादव, श्रवण कुमार जडयू मंत्री बन गये, जीतनराममांझी के बेटे संतोषसुमन भी कोटा से मंत्री बन गये, स्वतन्त्र सुमित कुमार भी मंत्री बन गये।	जहां विजय कुमार चौबीस, विजेन्द्र से रहित, सुनने वाले जदका के मंत्री हुए मंत्री से मेंझी हुई का पुत्र: पटा, आज तक यह भी मंत्री बने थे।
6	अब प्रभास की फ़िल्म''सालार'' प्रदर्शित हुई।	अब प्रातः की फ़िल्म''सालार''इसमें हुई।
11	उन्होंने कहा कि 40 मिलियन से अधिक भारतीयों के बल से भारत ने इस वर्ष कई उपलब्धियां हासिल की हैं.	उन्होंने कहा कि चाली से अधिक एक सौ करोड़ रुपये से अधिक भारत को उपलब्ध कर दिया गया है।
5	जल के मनुष्यं पानी में डूबकर तीर पर बैठते हैं।	पानी बहने के बाद फिजियों तथा तटपर पानी भर जाती है।
13	विद्या की प्राप्ति निरंतर अभ्यास से होती है। अभ्यास से ही विद्या फलवती होती है। उत्तम गुण और स्वभाव से ही कुल का गौरव और यश स्थिर रहता है। श्रेष्ठ पुरुष की पहचान सद्गुणों से होती है। मनुष्य की आंखें देखकर क्रोध का ज्ञान हो जाता है।	गुणों से मनुष्य को ही प्राप्त होता है। विद्या से ज्ञान उत्पन्न होता है। गुणों से ज्ञान (सभी) होने की इच्छा करती है, न ही वह उसकी पूजा करती है।
5	स्ट्रांग रूम से कैसे मत मशीन ला रहे हैं ?	किन्तु में कैसे मत से कैसे मत मशीन ला रहे हैं ?
5	मेरी जीजी सब्जियों का अचार बनाती हैं।	मेरी जीजी सब्जियों का अचार बनाती हैं।
4	हे मित्र (बन्धु/भाई)! पक्षियों के समूह की आवाज़ से गुंजायमान वन में चलो।	हे विगजातों के रथ पर गिर गया।
16	मोदी हिमाचला अपने घर बोल रहे थे, जब आपदा थी तब अपने भाइयों बहनों के बारे में ध्यान नहीं दे रहे थे।	मोदी हिमाचल प्रदेश अपने घर बोलते थे, जब आपदा थी तब वे अपने आप बहन संस्कृत के विषय में ध्यान नहीं देते थे।
7	भाषण स्पर्धा में बहुत प्रतिभासम्पन्न उन्होंने अनेक पुरस्कार जीते।	मेरे भाषण में बहुत से प्रतिभा परंपरा बहुत ही अनेक प्रकार की
6	व्याकरण की दृष्टि से भी संस्कृत एक वैज्ञानिक भाषा है।	वैयाकरण दृष्टि से वैज्ञानिक भाषा होती है।
3	देवभक्त पूर्ण हृदय से परिश्रम करता है।	सभी जीव देवताओं को पूजता है।
4	क्रिसमस-दिन में उल्लास की सज्जता प्रचलित हुई।	तब तक उल्लंघन सरकार की तैयारी की तैयारी चल रही थी।
9	भगवन् व्यास जी की वाणी के रूप में श्रीमद्भागते जी ने अपने दिव्य लायकों का वर्णन किया।	भगवान व्यास जी बाएँ के रूप में श्रीमद्भागवत में उनके दिव्यली का वर्ण मिलता है।
7	व्यक्ति कुटुम्बार्थ, कुटुम्ब राष्ट्रार्थ और राष्ट्र भी मानवतार्थ होता है।	व्यक्ति परिवार के लिए, परिवार के लिए, परिवार के लिए है, राष्ट्र को मानवता देने का होता है।
9	यह अरुणाचल राज्य से भारत में प्रवेश करता है और असम में और बांग्लादेश में फैलता है।	यह भारत को अरुणाचल से ही भारत प्रवेश करता है और असम में बाई जैसे को प्रवक्ता देश में बाकी देश में भी बहता है।
6	वहाँ चूडाकर्ण नाम का एक संन्यासी रहता था।	वहाँ चूड़ाकर्ण नाम का यह परिवार प्रतिस्थापन रहता है।
4	वहां बहुत चोर चोरी करते हैं ।	वहां बहुत चोर चोरी करते हैं ।
5	आप जिस भी रास्ते पर जाना चाहें.।	जिस मार्ग से किसी मार्ग से बढ़े हुए हैं।
14	श्रीभगवान् ने कहा -- मैं लोकों का नाश करने वाला प्रवृद्ध काल हूँ। इस समय, मैं इन लोकों का संहार करने में प्रवृत्त हूँ। जो प्रतिपक्षियों की सेना में स्थित योद्धा हैं, वे सब तुम्हारे बिना भी नहीं रहेंगे।।	श्रीभगवान् ने कहा -- हे लोक हुए ! मैं आपके पास जाकर लोकपालों का कहना है कि लोक के लोग न देखते हुए लोकपालों को जो नहीं छोड़ते, , हे कमललोचने में सदा जो पुरुष मुझे नहीं छोड़ते, वे सभी वस्तुएं नहीं बरसता।
11	इस महान् कार्य की पवित्रता के लिए जिसका स्पर्श इच्छित नहीं हुआ, वह छोड़ देना चाहिए।	इस महान कार्य की पवित्रता के लिए जिसके स्पर्श नहीं है, वह नजारा है।
5	यहाँ तुम किसलिए ठहरते हो, बताओ ।	यहाँ तुम क्यों खड़े हो बोलते हो?
7	नहीं कोई विशेष नहीं ।	सामा - नहीं , किसी को कुछ भी नहीं करना चाहिए ।
15	हे शूर ! वहाँ विशल्यकरणी, सावर्ण्यकरणी, संजीवनी और संधानी नाम के चार औषधि हैं।	हे वीर ! वहाँ विशाल
14	पिछली सरकार द्वारा राज्य के माध्यमिक विद्यालयों में छात्रों की कम संख्या का हवाला देते हुए अधिशेष प्रक्रिया के तहत 2,600 एलटी-कैडर का पद ख़त्म कर दिया गया.	पूर्व सरकार ने राज्य के लिए स्कूलों में छात्रों को कम करने के लिए किया है प्रक्रिया को बढ़ावा देने के लिए 2,600 एल को निर्यात किया गया है।
5	उसे देखकर सभी प्रसन्न होते हैं।	उसे देखकर सभी खुश होते हैं
4	दूकान से सबसे पहले सोलर पैनल निकाला ।	दूकान से सबसे पहले सौर ऊर्जा निकाले।
4	शाम को वह मुझे मिला	शाम को वह मुझे मिलाया
12	इस अवसर पर रक्षा मंत्री ब्रिटेन के रक्षा मंत्री ग्रांट शैप्पस के साथ द्विपक्षीय वार्ता करेंगे।	इस अवधे में रा मंत्री राजनाथ सिंह ने रक्षा मंत्रीओं से ग्रस्त कर दिया और एक दिन के बाद दोपक्षीय बात करेंगे।
5	गुजरात में विधानसभा चुनाव के पहले चरण का मतदान गुरुवार को होगा.	गुजरात में विधानसभा चुनाव की पहली चरण का नाम गुरुवार को आयोजित किया जाएगा।
5	गंगा दीदी विज्ञान पढ़ाती थीं।	गङ्गा दीदी वि विज्ञान पढ़ाती थीं।
2	छोटे भाई को स्वस्ति (कल्याण हो	उसका मॉडल है।
5	उसके कारण से हाई ब्लड प्रेशर भी रहता है	उसके कारण से ऊँची थकान भी होती है ।
6	राधवेन्द्र कपिलदेव की तरह क्रिकेट खेलता है।	राधिका (लदेव ) के समान खरीदता है।
6	छात्रों की मधुर और अत्यंत मधुर प्रतिक्रिया देखकर शिक्षक प्रसन्न हुए	छात्रों के द्वारा मीठे विमे और में लगे हुए लोगों को कहा गया।
7	प्राचीनकाल में यही भाषा भारत देश की राष्ट्रभाषा थी।	प्राचीन काल में ये ही भाषा भारत राष्ट्र की राष्ट्र नहीं थी।
3	भूतकाल में वाक्य लिखिये	भूत काल में वाक्य लिखो
11	वादी अभिमन्युराठूर ने प्रवेश किया था और एक जनहित याचिका में अंतरिमाश्रय से जुड़े हुए आवेदन पर उच्च न्यायालय द्वारा दायर आदेशों को पारित कर दिया गया था।	सम्मेलन के अंत में भारत ने भोजन के दौरान प्रवेश पर जनहित में जनार्दन की सभा में अधिक होने की खबर के दौरान उच्च न्यायालय द्वारा आदेश जारी किए गए आदेशों का कहना है कि उच्च न्यायालय द्वारा आदेश जारी किए गए हैं।
3	परन्तु स्मरण करके बताऊँगा।	परन्तु स्मरण करके कहूँगा।
4	मनुष्यों के नामों के संकीर्ण होने पर मनुष्यों का अन्तःकरण कीर्ति के योग्य होगा।	बुद्धि पुरुष नाम से तुम किस तरह का (उंड) अथवा समान दोनों की परेशान होती है।
11	कार्य छोटा हो या बड़ा व्यक्ति को शुरू से ही उसमें पूरी शक्ति लगा देनी चाहिए, यह शिक्षा हम सिंह से ले सकते हैं।	जो कोई भी कार्य बिगाड़ता है वह सब प्रकार से अ। (मही) सभी कार्य करती है और न ही उसकी ही इच्छा करती है।
3	उसने भ्रष्टाचार किया।	उसने भ्रष्टाचार किया।
4	पिता कुर्सी पर बैठते हैं ।	पिता कुर्सी पर बैठ जाता है।
7	महाभाषी इस शतक में तत्कालीन समाज की सांस्कृतिक, सामाजिक, आर्थिक और राजनैतिक व्यवस्था का यथार्थ प्रतिबिम्ब होता है।	महाभाष्ये इस स्वयं हीकालीन समाज का सांस्कृतिक- सामाजिक-आधारिका-बताया गया है कि वह आराधना में उन्हें लौटे।
8	जो पुरुष योगयुक्त, विशुद्ध अन्तकरण वाला, शरीर को वश में किये हुए, जितेन्द्रिय तथा भूतमात्र में स्थित आत्मा के साथ एकत्व अनुभव किये हुए है वह कर्म करते हुए भी उनसे लिप्त नहीं होता।।	हे मधुसूदन ! नचिकेता में आत्मा में उत्पन्न हुई आत्मा (लहीनता) से उत्पन्न होती है तथा आत्मा में उत्पन्न हुए आत्मा को उत्पन्न नहीं होता है।।
1	घूमूँगा।	घूमूँगा।
3	यह विद्वानो का वचन हैं।	यह विद्वानो का वचन हैं।
4	आप सभी रस निकालिये।	आप रस रस के रस ।
5	उनका सूत्रवृत्ति पद्मनाभिन द्वारा ही सौपद्मपञ्जिका में लिखी गई।	पद्मनाभप से ही सौपुंधों का गुस्सा लिखी गई।
4	कभी नहाता नहीं है।	कभी स्नान नहीं करूगा
10	क्योंकि सुबह नित्यकर्म से दिनचर्या के अनुसार सभी सत्र होते हैं।	जो प्रातः नित्यकर्म से दिन की इच्छा के अनुसार सभी सत्र होते हैं।
6	परिस्थितियों को अवसर मानकर मेरे पास आओ और विद्या प्राप्त करो।	परेशानियों को एक अवसर दो।
12	वहाँ पर निषादराज गुह फल मूलादि लेकर आया, किन्तु रामजी ने उन्हें प्रतिपूर्वक हाथ से ही स्पर्शकर करके ही छोड़ दिया, उनमें से कुछ भी ग्रहण नहीं किया ॥	अब वह कुछ फल नहीं कर पा सका ॥
10	इस दिन दर्शकों के बीच बैठे युवकों ने सदन में उछल कर धुआँ निकला।	इस दिन दर्शकों के बीच बैठा दोनों युवराज ने सदन में पैदा होने वाले अंक को मुक्त कर दिया।
8	हे अर्जुन ! ब्रह्म लोक तक के सब लोग पुनरावर्ती स्वभाव वाले हैं। परन्तु, हे कौन्तेय ! मुझे प्राप्त होने पर पुनर्जन्म नहीं होता।।	हे निष्पाप । मुझे ऐसा प्रयत्न करने वाले मुझे तो मुझे पूर्णतः पुन: (नाम) मुझे प्राप्त नहीं कर सकते और मुझे तो मुझे पूर्ण नहीं है।।
6	कई प्रकार की हानि हौसी से हुई है।	अनेक प्रकार की हानि होती है कि वह बहुत जाते हुए वह बहुत कुछ है।
5	यहाँ पन्द्रह दिन का ध्यान शिबिर है	यहाँ पन्द्रह दिन के ध्यानशिष्ठ की गई है।
14	लोक निर्माण मंत्री विक्रमादित्य सिंह ने चुराह विधानसभा क्षेत्र के विधायक हंसराज द्वारा पूछा प्रश्न के लिखित उत्तर में यह सूचना दी।	लोक निर्माण मंत्री विक्रमादित्य सिंह और विधानसभा क्षेत्र के विधायक हंसराज ने पूछा कि लोक निर्माण मंत्री ने पूछा कि उत्तम सूचनाएं और सूचना दी गई है।
4	उसके बाएँ कोई भी नहीं है।	उसके बाएँ कोई भी नहीं है।
6	आज मतदान के लिये जाना है।	माता – आज मतदान के लिये जाना है।
8	सच में माँ के द्वारा दिया भोजन स्वादिष्ट है।	सच में ही मेरा दिया गया भोजन है।
8	इस व्याख्यान समारोह में दो से अधिक छह सौ उत्तर-सप्तसप्त-इस उपाधि को हजारों छात्रों को दिया गया था।	इस दीक्षान्त समारोह में दो हजार से अधिक-बदव-हैलेस-का लिए छात्रों को उपाधियों का उपाधि प्राप्त किया गया।
12	प्रधानमंत्री ने कहा, नागालैंड में 75 साल में पहली बार दो महिलाएं विधानसभा में आईं।	प्रधानमंत्री ने कहा कि नागालैंड में 75 वर्षों से दो बार विधानसभा में आए हुए हैं।
1	पालन करे	पालन करे
5	मेरी पत्नी मायके कब जाएगी ?	मेरी पत्नी मातृ घर कब जायेगी?
6	जल के विना मछलियाँ नहीं जीवित रहती ।	जल के बिना मीठे नहीं जीवित करते हैं।
1	राष्ट्र की समृद्धि के लिये	राष्ट्र को
10	चयन समिति नामों को लघूसूची करके एक पटल बनाएगी और शीर्ष नेता को मंजूरी देगा।	चयन समिति के नाम श्री छोटीसूची करके एक टिचय के लिए मंजूरी के लिए मंजूरी देगी।
4	तुम्हारे दोनों कान पकड़ो।	तुम्हारे दोनों कान ले लो।
5	माँ क्या क्या तलती है ?	माँ क्या क्या तलती है ?
3	कार से बैग्स उतारे।	कार से बैगियाँ निकाले।
9	उसके बाद, रात्रि में स्थिरप्रतिज्ञ अपनी जनता से घिरे हुए श्रीराम देवराज इन्द्र के समान शोभा पा रहे थे।	फिर जब उसके इक्कीस अ लोगों की प्यासा ही श्रीराम जी की स्तुति के समान श्रीरामचन्द्रजी उनकी स्तुति करते थे।
12	सत्ययुगमें जो फल श्रीविष्णुभगवान् के ध्यानसे, त्रेतामें यज्ञादिसे और द्वापरमें हरिसेवासे प्राप्त होता है, कलियुगमें वह केवल हरि-नाम-संकीर्तन करनेसे ही मिल जाता है ॥	जिसके लिये जो पात्रों को तीन प्रकार के वद्धों के साथ-साथ जो यज्ञ किया जा रहा है, वह अपनी माया से बाल घड़ा बनाये हुए हैं ॥
3	यात्रा सुविधाओं में ढील दी गई है.	यात्रियों के लिए शिष्य की शिल्पियाँ।
14	इस अवसर पर भारत पेट्रोल- कार्पोरेशन के डिजीम राजेन्द्र कुमार, क्षेत्रीय प्रबंधक अनुपम श्रीवास्तव, परियोजना प्रबंधक शामशर्मा मुख्य रूप से उपस्थित थे।	इस अवसर पर भारत और इस और मुख्य में सेजीएसजी.एसरा को राजेन्द्र कुमार, क्षेत्रीय और अनुपम सिंह, परियोजना निदेशक और मुख्य रूप में उपस्थित थे।
4	वे दोनों वस्त्रों को रंगते हैं ।	वे वस्त्र धोते हैं।
6	कहीं भी संस्कृत में सम्भाषण सम्भव है।	कहीं भी संस्कृत में बातचीत किया जा सकता है।
1	आरजी वेद	बिना
13	आर्यभट्ट ने सबसे पहले घोषणा की कि पृथिवी गोल करने वाली, जो अपने मेरुदण्ड पर आश्रित होकर चारों ओर आ रही है।	आर्यभट्ट ने यह पहली बार है कि पृथिवी गोलियों का कारण ही अपने लिए एक बड़ा अवधि भी अवय कर दिया है।
9	मुनिगण द्वारा इस प्रकार बताने पर श्रीभरतजी प्रसन्नता पूर्वक मन्त्रियों सहित सबसे आगे श्रीरघुनाथजी के निवास स्थान के लिये चल दिए ॥	इस प्रकार उन दोनों को देखने के लिये मुनि के आश्रम की ओर देखते हुए मुनिवर बोले हे रघुश्रेष्ठ ! आपके यह कहने पर मैं शीघ्र ही जड़तागया ॥
3	वृक्ष से पत्ता गिरता हैं।	पेड़ से दो पत्र गिरते हैं।
27	इससे पहले संसद के बाहर पत्रकारों के साथ बैठक में केंद्रीय मंत्री अर्जुन राममेघवाल ने कहा कि कांग्रेस-दल ने चौदहोत्तर-दो हजार के दशक में देश की आर्थिक स्थिति की परिकल्पना की थी, उसकी चर्चा अत्यावश्यक है।	इससे पहले संसद के बाहर पत्रकारों के साथ एक संवाददाता सम्मेलन में अर्जुन ने की, उन्होंने कहा कि कांची-दलन ने देश को कहा था कि वे दोनों एक-दूसरे के सही स्थिति का प्रयोग करते हुए आवश्यक थी।
7	राष्ट्रपति मुर्मू ने गणतंत्र दिवस के पूर्व संध्या पर राष्ट्र को संबोधित किया।	राष्ट्रपति मुर्मू ने गणतंत्र दिवस का पहला आयोजन किया।
13	भले ही, ग्रामीण समाज हो अथवा नगरीय समाज हो, उसके नवनिर्माण का और सुरक्षाप्रबन्धन का दायित्व गजधर निभाते थे।	काम के लिए ग्रामीण भाग जाना चाहिए, उनकी नई- निर्माण की सुरक्षा बल का दायित्व, हाथी विधियों की संख्या में उपमा और निगरानी में बैठना चाहते थे।
3	पेड़ से पत्ते गिरते है।	पेड़ से पत्तों को गिरते हैं।
6	वह माँ के साथ बात करना चाहती है।	वह माँ के साथ बात करना चाहता है।
9	अगले सप्ताह मेरे कार्यालय से पाँच लोग दिल्ली जायेंगे ऐसा सुना है।	अगले सप्ताह मेरी कार्यालय से मेरे द्वारा नौवीं कक्षाेंगी।
4	दूसरा पेड़ पर चढ़ जाता है।	दूसरा वृक्ष पर चढ़ता है।
4	इसलिए वह बहुत बड़बड़ाया ।	इसलिए वह बहुत पसन्द है
8	मैं शस्त्रों में वज्र और धेनुओं (गायों) में कामधेनु हूँ, प्रजा उत्पत्ति का हेतु कन्दर्प (कामदेव) मैं हूँ और सर्पों में वासुकि हूँ।।	आप ही आयु में में मिला-बूले कोई इस प्रकार की शिक्षा दी जा रही हैं। हे प्रिये ! मैं मर गया नहीं | -
19	उपरोक्त प्रतिसारण से अथवा शीतल क्रियाओं द्वारा भी जिस रोगी का रक्त बन्द न हो उसके लिये बृ हण-विधि बरतनी चाहिये । बुद्धिमान् वैद्य को चाहिये कि भोजन काल मे रोगी को स्निग्ध, उष्ण मास- रसों से तर्पण करे। इसके लिये अवपीड़क घृत ( भोजन के ऊपर अथवा अधिक मात्रा में घृतपान ) का प्रयोग करना चाहिये। थोड़े गरम सुहाते हुए गरम तेल और घृत से मालिश करनी चाहिये। कवोष्ण दूध या घी अथवा तैल से सेक करना चाहिये ॥	इनमें से विद्धडके समान, विपाक नचिकेताको तथा न ही किसी समय पर यहादि अपने प्याज पर घनकर बुरे हो तो वह अति श्रेष्ठ है । इसके लिये वह चन्द्रमा (के पास ) जामुन के लिये इन्हें बहता है। 'ये पड़ी की कोईली] वायु की समता ( से सिद्ध होती है ) ॥
1	अपने शुभं ध्वजम्	खुद
10	उदर रोग आठ प्रकार का होता है। पृथक् पृथक् दाषों से तीन प्रकार का (१) वातिक, (२) पैत्तिक, (३) लैष्मिक, (४) सन्निपातजन्य, (५) प्लीहोदर, (६) बद्धोदर, (७) क्षतोदर और (८) उदकादर । [ इनमे से क्षतोदर को हो अन्य ग्रन्थों में 'परिस्रावी उदर कहा है ] अब इनके पृथक लक्षण सुनो ||	पृथ्वी पर काल के समान सब जीवों के समान एक दूसरे से ही अधिक हो गए, तथा जटा अपने परिवार के पहले तीनों लोकों में विचरते हैं ॥
6	फ्रांस के राष्ट्रपति इमैनुएल मैक्रो जयपुर पहुंचे।	फ्रांस के राष्ट्रपति इक्रॉक मैक्रॉन मैक्रॉन में जयपुर पहुंचे।
6	पन्द्रह मिनट तक उसने दोनों हाथ चलाए।	पन्द्रह मिनट तक उसने दोनों हाथ चलाए।
4	मैंने एक सेविका को बुलाया ।	मैंने एक सेविका को आमद दिया।
8	केंद्र सरकार भी जहाँ आवश्यक है वहाँ धन देता है।	केंद्र सरकार भी जहां आवश्यक है वहाँ धन दिया जाता है।
8	बाह्य अंतरिक्ष देवदूतों की ओर से अब तक हजारों अवशेष बाह्य अंतरिक्ष में ढेर हो चुके हैं।	बाहर से आकाश में अब तक अब नजर तक हजारों शेष रह गए हैं।
7	सिक्खों के देवालय को हम गुरुद्वारा नाम से जानते हैं।	सिक्खों के देवालय हम गुरु के नाम से जानते हैं।
9	श्रीफ्रांस की संख्या अंकीय-सार्वजनिक-समूह की संरचना-विषय पर गोल-मोटा-वह मन्त्रण सत्र में भी सम्मिलित होंगे।	श्री
11	विधानसभा उपाध्यक्ष विनय कुमार लाहौल-इस कार्यक्रम का संचालन स्पीती जिले के ताबोग्राम में किया जाएगा।	विधानसभा के अध्यक्ष विनय कुमार लाहौल-स् को जिले के ताबोगाम में की अध्यक्षता करेगी।
3	चंचल बोला।	चोंच ने कहा।
4	सभी वैसे ही हो गए।	सभी वैसे ही हो गए ।
5	सोलर पैनल से वह रात में बिजली पाता है।	सौर ऊर्जा से रात में वह बिजली मिलता है।
3	पराई स्त्री के साथ समागम नहीं करना चाहिए।	दूसरों को न तो ।
9	राजस्व मंत्री जगत सिंह ने कहा कि पहले ही संसाधनों का अभाव था।	राजस्व मंत्री जगत सिंह ने कहा कि इससे संसाधनों का अभाव है।
6	मेरे घर के सामने रास्ता है।	मेरे घर के सामने मार्ग है।
8	उस वर्ष सर्वश्रेष्ठ फ़िल्म ने पैसे प्राप्त किये थे।	उस वर्ष सबसे अधिक धन पा रहा था ।
5	कुल्लू, लाहौल, शांति जिलों के पर्वतों पर बर्फबारी हो गई।	कुल्लू- लाहौल-स् को-यह जिले के पर्वतों में बर्फबारी हुई।
3	मन्दिर में भक्त जाता है।	मन्दिर में भक्त जाता है।
6	आपके कक्षा अध्यापक कौन - सा विषय पढ़ाते हैं?	आपका कक्षा शिक्षक कौन-कौन से पढ़ रहा है ?
1	अविनाशी	अविनाशी
3	वृक्ष से फल गिरते हैं।	वृक्ष से फल गिरते हैं।
17	वह''इंडिया''इसने कहा कि केवल लोकसभा चुनाव को लड़ने का फैसला किया गया है।	उन्होंने''इंडिया''इस कांग्रेस की प्रमुख सदस्य के साथ आसन के कार्यवासा में में भाग लिया कि केवल लोकसभा चुनाव प्रतिस्पंधी में निर्णय अभी निर्णय किया गया है।
12	इस अवसर पर प्रधानमंत्री नरेंद्र मोदी ने कहा कि पोंगल-दिन में तमिलनाडु-प्रदेश के हर घर से पोंगल-धारा बह रही है.	इस अवसर पर प्रधानमंत्री नरेंद्र मोदी ने कहा कि पोगल-दिन में हररोज घर के प्रत्येक घर से पोंगल- के बहती है।
3	शोभना ने आलस छोड़ दिया।	अच्छा आलस छोड़ दिया।
6	सज्जन परोपकार के लिए कष्ट अनुभव नहीं करता।	सज्जन परोपकार के लिए कष्ट अनुभव नहीं करता है ।
4	उसके बीच में संदीप का फोन आ जाता है।	वह बीच संदीप का फोन आता है।
4	तथा जो फैलनेवाली या किसीके सहारे ऊपरको चढनेवाली हैं उन्हें (लता) वीरुध कहते हैं ॥	और खतरा, स्तुति, स्तुति, वीर (है) और वीर इस सब कुछ स्तुति करते हैं।
4	सीता पत्रिका पढ़ती है।	सी से अधिक की प्राप्ति होती है।
8	मन ही मनुष्यों के कारण है, बंधनों से मुक्त होने का झुकना है।	मन ही मनुष्यों के कारण यह कारणों का मत कहा गया है।
8	नहीं हीं वैसा मत करिये , अधिक मत खाईये।	नहीं वैसा न करें , अधिक न खाओ
3	मैं रांची नगर में रहता हूँ|	मैं रांची नगर में रहती हूँ।
4	वह बच्चा अद्भुत था।	वह बच्चा अतलु था।
1	हनन करके	कोश
7	नहीं कोई विशेष नहीं ।	सामा - नहीं , किसी को कुछ भी नहीं करना चाहिए ।
12	यह ध्यान रखना चाहिए कि ऑनलाइन संस्कृत शिक्षण द्वारा हर रविवार को ऑनलाइन संस्कृत होती है-प्रश्नोत्तरी-प्रतियोगिता का आयोजन किया जाता है।	यह उल्लेखनीय है कि  ⁇ S ⁇  के माध्यम से शिक्षण शिक्षण शिक्षण द्वारा प्रतिर आदि ऑनलाइन संस्कृत-प्रश्नोत्तररी-रीनरीरी-स्तररी-री होने का आयोजन किया जाता है।
6	प्रकृति के क्रोधों से व्याकुल मनुष्य क्या कर सकता है?	प्रकृति (ही) आतंकवादियों को क्या करने के लिये क्या कर सकते हैं?
1	कार्यकर्ता	सेवक
4	आप कहाँ रहते है?	आप कहाँ रहती है ?
4	वे वृद्ध नहीं हीं हैं।	वे वृद्ध नहीं हैं।
10	तप अथवा किसी प्रकार की साधना का कार्य एक अकेला व्यक्ति ही अच्छा करता है, यदि दो छात्र मिलकर पढ़ें तो अध्ययन अच्छा होता है और गाने के लिए यदि तीन व्यक्ति मिलकर अभ्यास करते हैं, तो अच्छा रहता है। इसी प्रकार यदि यात्रा आदि पर जाना हो तो कम-से-कम चार व्यक्तिों को जाना चाहिए। खेती आदि कार्य ठीक प्रकार से चलाने के लिए पांच व्यक्तियों की आवश्यकता होती है, जबकि युद्ध में यह संख्या जितनी हो उतना अच्छा है|	एक तो दो समान दोनों से पढ़ने वाला यह साक्षा तीन प्रकार से नष्ट हो जाता है। चार प्रकार से अधिक माने वाले होते हैं।
13	नईनियम के अनुसार नियुक्त पुलिस अधिकारियों को सामान्य प्रशिक्षण के साथ-साथ चतुर्दशी कमांडर प्रशिक्षण को सफलतापूर्वक बढ़ाना अनिवार्य है।	नए नियम के अनुसार नियुक्त पुलिस अधिकारियों की सामान्य प्रशिक्षण के साथ चारों प्रशिक्षणों पर चार-हीसे चौबीस शिक्षाओं का उत्तीर्ण करने के लिए मन को सफलतापूर्वक किया गया है।
15	वह न हो, उन्होंने उन्हें व्याकरण पढ़ाने के लिए प्रेरित करने के लिए मित्र बनकर आचार्य पतञ्जलि ने ये प्रयोजन बताए।	उन्होंने नान्बीन यह व्याकरण व्याकर अध्ययन में प्रेरित होकर उनके सुधार होकर आचार्य पंडित होकर आचार्य प्यारे को ये दोनों ये के इस शास्त्र का उपयोग किया।
7	परन्तु हे अर्जुन जो पुरुष मन से इन्द्रियों को वश में करके अनासक्त हुआ कर्मेंन्द्रियों से कर्मयोग का आचरण करता है वह श्रेष्ठ है।।	जो पुरुष अन्द्रिय मन से द्वारा (सत्यन्त) मन से कहा गया है, उस मन में कर्म का विषय त्यागकर (विेन्द्रिय है) होकर कर्म में योग के द्वारा प्राप्त किया जाएगा।।
13	सब प्रणियों के लिए जो रात्रि है? उसमें संयमी पुरुष जागता है और जहाँ सब प्राणी जागते हैं? वह (तत्त्व को) देखने वाले मुनि के लिए रात्रि है।।	उस निशा सभी प्राणियों के अन्त को स्थित, उस ज्ञान के प्रति अपनी संग्रमी को देखो, जिस निशा को वह न पूर्णद इस संसार में देखो।
1	धन के अभाव में	वित्तवादवाद
1	जो पता नहीं	ज्ञान को न प्राप्त
18	सिंघवी सन् १९७७ में भारत के सबसे छोटे अतिरिक्त सॉलिसिटरनर थे, उन्होंने १९९८ तक एक वर्ष तक यह पद किया।	सिंघवी जी ने 1977 में 37 वर्ष में भारत के कर्टीचसेंगलीजन तक की, 1998 तक एक वर्ष तक की।
7	मध्य प्रदेश में लगभग द्वितीय तृतीयांश बहुमत के साथ भाजपा सत्ताधारण कर रही है।	मध्य प्रदेश में लगभग दो से अधिक से अधिक भाजपा को धारण करता है।
9	नई हिमपात के कारण अटलकन्दरा को कोई भी वाहन की अनुमति नहीं है।	नई हिंदी के कारण अटलकन्दर की अनुमति नहीं है।
13	निवृति का नाम 'अपवर्ग' है । यही परम सर्वश्रेष्ठ शान्त पद है, यही अक्षर, यही ब्रह्म और इसी को मोक्ष कहते है । इस प्रसंग में मुमुक्षु पुरुषों के लिये उन्नति के उपायों का उपदेश करते हैं	जो तुम सबकी इच्छा हो उसे दूर करके और एक ही रूप सेवा वह ब्रह्मी का व्याख्या करता है। वहाँ ब्रह्म
4	मदद करने से तुम्हारी क्या हानि है ?	क्या सहायता करुणा? क्या ही बात है?
6	वे अक्षता प्रत्येक हिंदू घर में देने जाते हैं।	वे अक्षर प्रत्येक प्रत्येक घर के अपने घर में जाते हैं।
4	पिता कुर्सी पर बैठते हैं ।	पिता कुर्सी पर बैठ जाता है।
10	ये दोनों सभाओं में वार्षिक आय-व्ययक के लिए विधानसभा सदस्यों के निर्धारण के लिए चर्चा की जाएगी।	इन सभाओं में वार्षिक आय-व्ययक के लिए विधायक और, और चर्चा के लिए निर्धारित करने पर चर्चा की जाएगी।
6	हालांकि, इस आमोद-प्रमोद के श्रीकृष्ण जन्मभूमि सेवा संघ को तोड़ दिया गया।	हालाँकि, इस साहमत्य के श्रीकृष्ण जन्मभूमि सेवा संघ से भरी हुई थी।
15	पशु हत्या का काम कभी भी न्याय के योग्य कार्य नहीं होना चाहिए, लेकिन इस अपराध से परिणामस्वरूप नरक की घटना होने वाली होनी चाहिए।	पशु द्वारा, पशु द्वारा नदियाँ कभी नहीं न्याय के अनुसार कार्य करना चाहिए, बल्कि इससे इसके अपराध में नरक का नरक बनना चाहिए।
5	कर्ण ने ने नेकुल को घायल कर दिया।	कर्ण ने नहीं को घायल किया।
1	मांस का भक्षण न करने वाला	निर्यात करना
21	महान् ऋषि-महार्षि जिसके भी योग्य स्थान पर जाते हैं, साधुक लोग जिसके भी योग्य स्थान पर जाते हैं, प्रेमी लोग जिसका भी योग्य स्थान है, जन्म-जन्म के बाद या पूरी तरह से अन्वेषण करके भी पूर्णतः उसी (गुणी) को प्राप्त नहीं हो सकते, भाग्य से उसी (गुणी) को प्राप्त हो सकते हैं। यही स्थान भगवान् चञ्चरण कमल रूपी है।	जो यह स्थान जो है, ऋषि-हंस से युक्त, साधुभक्त आदि को निरन्तर, जन्म से पूर्व जन्म तक पूर्ण स्थान है, वह जन्म-चूरी से युक्त होकर वह स्थान नहीं रहा, जो समान मेरा धन नहीं आया, वह आज से वह एक अचानक नहीं है।
10	वरिष्ठ कांग्रेस पार्टी के नेता ए रेवेंट रेड्डी ने राज्य के दूसरे मुख्यमंत्री के रूप में शपथ ली।	वरिष्ठ कांग्रेस पार्टी के नेता ए ही र हीड्डी राज्य के मुख्यमंत्री के रूप में शपथ ग्रहण किया।
16	कोई महाज्ञानी, प्रसिद्ध, अखिलेश्वराचार्य नाम के अनुसार परम गुरु एक गुरुकुल में विद्यार्थियों को अनेक प्रकार के ज्ञान-विज्ञान जैसे विषयों को नित्य पढ़ाते थे।	कोई भी महाज्ञानी, प्रसिद्ध, अखिलेश्वररा अपने आप के सभा में विद्यार्थियों को, उन्होंने अनेक वैज्ञानिक विज्ञान विषय को नित्य ज्ञान दिया।
4	संस्कार भी आवश्यक होता है।	संस्कार भी आवश्यक होता है।
15	यह कार्यक्रम प्रधानमंत्री कार्यालय, सूचना प्रसारण मंत्रालय, डीडीन्यूज और अन्य के यूट्यूब चैनल पर आसानी से प्रसारित किया जाएगा।	यह कार्यक्रम प्रधानमंत्री कार्यालय, सूचना प्रसारण डीडीन्यूज चेत्य्यूब्यूब पर वर्षा के दौरान दूध प्रसारित किया जाएगा।
3	अपने पुत्र की प्रशंसा नहीं करनी चाहिए।	पुत्र पुत्र को चाहिए कि वह दोनों को नहीं चाहिए।
1	निकट	पास
6	रात में जब तक हवा नहीं चलती है	रात में हवा से हवा नहीं बहती ।
4	ईश्वर भक्त कभी नहीं डरता है।	ईश्वर भक्त कभी नहीं डरता है।
3	मैं आलस छोड़ूँगा ।	मैं आलस छोड़ रहा हूँ।
14	मुकेश अग्निहोत्री ने कहा कि देवभूम के मंदिरों की भव्यता, सौन्दर्यकरण की कार्य योजना के निर्माण में बल दिया जा रहा है।	मुकेश अग्निहोत्री ने कहा कि देवभूमि की भव्य मंदिरों और भव्यता का, सौन्दरों का कार्य योजना में बल दिया गया है।
4	इस प्रकार चिन्ता करते हुए बड़े दूर से श्रीरामचन्द्रजी लौटने लगे। इधर उस मारीच का कहा हुआ शब्द सुनकर अत्यन्त भय और दुःख से व्याकुल हो सीताजी लक्ष्मण से इस प्रकार बोली"लक्ष्मण! तुम जल्दी जाओ तुम्हारे भाई असुरों से पीड़ित हैं ॥	यह चिन्ता अधिक है ऐसा दूर हो गया है ऐसा कहते हैं।
4	सभी मुनियों के साथ आज की पारणा हमारे घर पर कीजिएगा।	सभी विरक्तिक प्रक्रियाओं के भोजन में मसाल नहीं, इसलिए योग्यता के घर में रहो।
1	कषाय करना	काढ़ा करना
4	वह भूमि खनन करता है।	वह भूमि खोदता है ।
3	दर्शक नायक को सराहें ।	दर्शकों का बेलाघों को जीत लिया।
3	उदाहरण के अनुसार अन्वय की पूर्ति करो	उदाहरण के अनुसार लीन करो
10	पार्वती – माँ! वैसी अभिलाषा तो तप द्वारा ही पूरी होगी।	पार्वती- माँ! ऐसे अभिलाषा तो तपस्या से ही पूरी होगी।
9	अरे ! चप्पल का मूल्य अधिक है। यह नहीं ।	चप्पल का मूल्य अधिक है अरे! यह नहीं है।
1	हृदय के घाव को	हे हृदय ।
6	नहीं. आज स्नानघर में नहीं गाऊँगा।	नहीं आज नहाने में नहीं गाऊँगा।
8	जो लोग पढ़ाई करना चाहते थे उनके नाम भारत ने चीन को सौंप दिए।	इनमें जो नई नाभि को बहना चाहता था, उनका नाम चीन चीन चीन को समर्पित था।
5	हर किसी काम में दखल देता है।	वह सब जगह डकार चलाता है।
1	घोड़े	हड़पने वाला
5	आज रविवार है न !	आज रविवार है न !
6	आज यह रत्न अंग्रेजी वंशावली का हिस्सा है।	आज यह रत्न अंग्रेजी और अंग्रेजी लिये का भाग्य है।
6	जिसने सेवा धर्म स्वीकार किया, उसने जीवनसुख ही प्राप्त किया।	जिससे सेवा धर्म स्वीकार किया, उससे जीवन सुख प्राप्त करना ही है।
1	हँसने के लिए।	छोड़ने के लिये
18	ऐ लोगो ! यदि संसारमें कई-कई योनियोंको पाकर भटकते हुए थक गये हो और अब मुक्त होना चाहते हो तो सुनो, इस भगवती गीताको ही भजो विषम संसार सागरको पार करनेके लिये गीताके सिवा दूसरी नौका नहीं है।	हे राम! क्या तुम कितने लिए कितने साल बीतकर हम लोगों के पास जाकर उस मुनि के प्रति अपने समान चेष्टाएं चल रही हैं, इस प्रकार वह अपने शरीर के समान रूप से देवताओं के समान है।
7	बेटा , वो पुस्तक संस्कृत भाषा में हैं।	दादी – बेटा, वो पुस्तकें संस्कृत भाषा में हैं।
8	द्वारकाधीश होकर भी जो गौओंके चरानेवाले हैं तथा राजराजेश्वर होते हुए भी जो पार्थके सारथी बने हैं [उन अद्भुतकर्मा] परमेश्वर भगवान्को नमस्कार है ॥	श्री राम के लिये गाजर और अन्य चार को नमस्कार है। राजकुमारों की पूजा करने वाले को नमस्कार है। राजा दशरथ को नमस्कार है ॥
9	इस सेब फल की ऋतु की सेब-पैकिंग के लिए एक सार्वजनिक पेटी की व्यवस्था लागू होगी।	इससे सेब का ऋतुतः से सेबपकाने के लिए देश की व्यवस्था लागू होगी।
13	जब लोग शिक्षा के द्वारा उचित रूप से संस्कारित होते हैं तो उन्हें कर्मशीलता और सामाजिक नम्रता का सम्मान करना चाहिए।	कर्मशीलता और सामाजिक अधानता का, वे ही उस (क ।) में शिक्षक का चिन्तन इसी प्रकार मनुष्य शिक्षा द्वारा किया जा सकता है।
18	जो अत्यन्त चमकीले रत्नोंका मुकुट धारण किये हुए हैं, जगमगाते हुए लाल ओठोंसे सुशोभित हैं, सुन्दर केशधारी हैं तथा जो प्रभामय एवं दिव्य तेजसे सम्पन्न हो हाथोंमें कमल धारण किये हुए अपनी सुनहली कान्तियोंसे उस उदयगिरिपर सुशोभित होते हैं जो कि अपने शिखरपर विश्व, आकाश और ग्रहपतियोंको स्थान देते हैं, ऐसे सर्वानन्ददाता विष्णु-शिवादिसे नमस्कृत जगत् के नेत्ररूप सूर्य हमारी रक्षा करें	हे विश्वाद्धज! इस प्रकार महान् गोकुललादि से सुशोभित होने वाले सूर्य की शोभा वाले और रंजनके समान पृथ्वी पर विश्वविष्णु आश्रम के समान है, जो विश्व के नरेश हरिका घूमा और हरिदेवको मैं प्रणाम करता हूँ और श्री विश्वेश्वर श्री और पाठाके समान विशाल नेत्र हैं। भगवान् शिवस्वरूप! आप भी अपने दिव्य शरीरका क्षय करनेसे समस्त संसार सागरसे युक्त होकर विश्व रेशमी वस्त्रों ( रहे, भगवान् विष्णुका सर्व फिल्म) करने वाले जीविकाके समान, भगवान् शिवानंदपति भगवान् हरिका सर्वस्व श्री हरि
6	माँ उसके लिए कपड़े देती है।	माँ उसके लिये कपड़े देती है।
4	यह सच है ?	यह सच है न ।
4	जब आऊँगा तब सूचित करूँगा।	जब आऊँगा तब सूचित करूँगा।
1	आलसी।	आलसी
9	हिमाचल प्रदेश विधानसभा क्षेत्र के विधानसभा क्षेत्र में आठवें दिन की कार्यविधि की शुरुआत से पहले भाजपा ने प्रदर्शन किया।	हिमाचल प्रदेश विधानसभा बम की आठवीं वर्ष के आठवें दिन पहले भाजपा परिसर में प्रदर्शन किया गया।
5	आप किसके भाई हैं ?	आप किसका भाई है ?
5	कुमायूँ रेजिमेन्ट में कुमायूँ प्रदेश के वीर हैं	कुमायूँ के सैन्य सेना के कारण कुमाँ प्रदेश के वीर हैं।
3	तथा जिस दिन श्मशान में गमन हो और युद्धके दिन महोत्सव और उत्पातके दिन पढ़ना पढ़ाना योग्य नहीं तथा जिन दिनोंमें ब्राह्मण नहीं पढ़ते जैसे प्रतिपत् उन दिनोंमें नहीं पढ़ना और अशुद्ध होकर किसी दिन भी न पढ़े ॥	मूंगफली द्वारा ले जाया गया।
10	भीमजी - इस वर्ष यदि वर्षा नहीं हुई तो अकाल आ पड़ेगा।	भीमजी - इस वर्ष वर्षा नहीं होगी तो दुर्भाग्य नहीं होगा।
10	मिस्त्री और उनके पारिवारिक मित्र एक कार में अहमदाबाद से मुंबई जा रहे थे।	मिज: उसका परिवार मित्र और मले से मुंबई के लिए मुंबई को मुंबई के साथ-साथ महानर एडलीन थे।
9	मैं आपकी माया से मोहित होकर पति पुत्र, धन आदि के लोभ में संसार सागर में मग्न थी, आज सौभाग्यवश आपके चरण कमलों के समीप आयी हूँ ॥	इस समय विराध के शरीर में मग्न होकर वे स्वयं की राजाने की इच्छा से जो मुझे आ रहा है वह मेरे चरणों में मग्न होकर मैं अत्यन्त दुखी हो रहा हूँ ॥
4	हाथों, और पावोंमें चंद्रमंडलके समान गोल छेद करे तथा गुदा और लिंगमें शस्त्र लगाने की आवश्यकता हो तो बुद्धिमान् वैद्य अर्द्धचंद्राकृति छेद करे ।।	इसके पासे के रूप में हाथियों में कार से जो (, ऐसे) जो पाए और न ही वह प्राप्त करना चाहिये।
11	तनुज-जोशी, शूर, रोहित-पाण्डेय, स्नेहपंवार, हिमानी, पूजा नौटियाल ने क्रमशः प्रथम द्वितीय तृतीय तृतीय पुरस्कार जीता।	तपा हुआ, शौर्या, रोहित और रोहित पांडे इनकी-बड़ी, पूजा, पूजा में नौ इस प्रकार प्रथम प्रथम पुरस्कार मिला।
7	अयमावासीय प्रबोधनवर्ग जनवरी से जनवरी तक चला।	यह सच है कि जनवरी के तथाबोध वर्गों से जनवरी तक आयोजित किया गया।
5	एक छात्रा उसको मना करती है ।	एक छात्राएँ तीन मना कर रही हैं ।
3	मिलना	पास जाना
28	ऐसे अपव्यय संस्कार निवारण के बारे में पढ़ कर खुशी होती है, लेकिन लोग अपने घर, परिवार, समाज, गाँव में ऐसे कार्यक्रमों में भाग लेकर, अपना फोटो क्लिप कर, स्थिति पोस्ट करने में आनंद पाते हैं।	ऐसे में, ऐसे संस्कार को होता है। आनन्द की बात पढ़कर आनन्द होता है, लेकिन लोग अपने घर में, और समाज में, गाँव में इस तरह के कार्यक्रम में भाग ले रहे थे, अपने फटों तक भाग लेने वाले आनन्दनिश हैं।
8	इस अवसर पर संस्कृत विश्वविद्यालय के कुलपति, विद्वान शिक्षक, छात्र और अन्य लोग उपस्थित थे।	इस अवसर पर संस्कृत विश्वविद्यालय के कुलपति, दोविदेशी आचार्य, अन्य लोग उपस्थित थे।
4	अधिक खाता हूँ तब बोलता है	अधिक खाता हूँ तब बोलता है
2	किए हुए को स्मरण कर	किया
17	इसलिये इस विनाशशील संसार-संसार से मुक्ति प्राप्त करने के लिए जो वेद में कहा गया कर्मोपासना है, वह ज्ञान के द्वारा समान कहा जाता है। कर्म की सेवा से ज्ञान, और ज्ञान से भक्ति सिलाई जाती है।	इसलिए हमारे इस व्यवहार से दुःखित है-बारा से मुक्ति प्राप्त करने के लिए जो वेदना की संख्या, वह ज्ञान से ज्ञान प्राप्त कहा जाता है, ज्ञान से ज्ञान प्राप्त होता है, ज्ञान सेवा सिर्फ सीति को सीखती है।
5	वह अब बैंक में ऑफिसर है	वह अब वित्त अधिकारी अधिकारी है।
11	उन्होंने कहा कि अब तक उन्होंने लगभग आधा हजार किलोमीटर की दूरी तक राज्य में भ्रमण किया है।	उन्होंने कहा कि आज तक वह राज्यों में लगभग 10. ⁇ .
7	वे निशाचर वहाँ खड़े रहते हैं, वे हमें सबको प्रभावित करते हैं।	वे सभी होते हैं वे सभी निशाचर हमें हमारी प्रलय का ज्ञान करते हैं।
8	केंद्रीय मोदी सरकार, जो केरल के साथ आर्थिक संघर्ष में लगी हुई है, ने हिमाचल प्रदेश को भूल कर दिया।	केरल के साथ आर्थिक युद्ध में उपरुद्ध केंद्र सरकार हिमाचल प्रदेश को भूल गई है।
6	वह फ्रिज से पानी निकाल कर पीता है	वह ठण्डा से पानी निकालकर पानी पीता है।
4	आदिवासी लोग आत्मरक्षा स्वयं ही करते हैं।	सारा दिन आत्मा की रक्षा करते हैं।
14	अन्य सभी पशुओं से पूछा कि आज तुम्हारे मित्र सियार नहीं दिख रहे हैं कहाँ हैं ?	अन्य सभी पशुओं से युक्त है कि आज तुम्हारे मित्र सियार नहीं दिखता है कुत्रा नहीं दिख रहा है वह ?
7	उन्होंने कहा कि शिक्षा संस्थानों की भूमिका से लोगों का विकास है।	उन्होंने कहा कि शिक्षा संस्थानों की भूमिका लोगों का विकास है।
3	शरबत में गुड़ मिलाया ।	शरबत में गुड़ मिलाया ।
3	राज्याधिकारी की आज्ञा है।	राजपुरुष की आज्ञा है।
12	पूर्व मुख्यमंत्री पूर्वकेन्द्रीय मंत्री शान्ता कुमार ने कहा कि मंगलवार को वृत्तान्त खोलकर उनके हृदय में पसीना आया।	पूर्व मुख्यमंत्री पूर्वकेन्दिनन्द एक शान्ति कुमार ने कहा कि मंगलवार को नौकरी का उद्घाटन किया गया।
13	अनेक नेताओं ने कहा कि सरकार निर्माण के एक वर्ष के बाद भी नियुक्त नहीं होते हैं-इस बात को दुःख है।	अनेक नेताओं ने कहा कि सरकार ने कहा कि सरकार निर्माण के एक वर्ष के बाद भी नियुक्त नहीं होते हैं।
4	कृपया उत्तर लिखिये ।	कृपा से उत्तर लिखो
4	ये दो जुलाहे हैं।	ये दोनों तलाबें हैं।
6	बर्फबारी और भारी बारिश के कारण जिले में ठंडी लहर बढ़ी है।	बर्फ की बारिश के कारण जिले में ठंडी लहर बढ़ी है।
1	अनेक प्रकार के	बहुत प्रकार के
20	जैसे गीदड़ों को स्तुति करने के लिए उनके अपहरण को, मर्दन को, नखों के बिलाव को ये तीन पर्याय उपलब्ध हैं फिर भी वहाँ''गीदड़ बिना ही रहते हैं''इस वाक्य से अपहरण का आदेश दिया गया।	जिस प्रकार से हटस करके अपने को नहीं तोता, मर्दन, नादल ये तीन लोगों उपलब्ध हैं, पर''व कहानी का उपलब्ध हैं''यह वाक्य 'वारी से ही करते हुए आइए' ऐसा वाक्य है।
3	हाथ से ही धोता हूँ ।	हाथ से धोता हूँ ।
4	वह सबको सुख से पालता है।	वह सबको सुख से पालता है।
10	कुएँ से जल लाया हूँ, इसलिए वह शुद्ध ही है।	मेरे द्वारा कुएँ से पानी लाए है, इसीलिए वो शुद्ध ही है।
1	बहुत अधिक	विघ्न।
6	कई प्रकार की हानि हौसी से हुई है।	अनेक प्रकार की हानि होती है कि वह बहुत जाते हुए वह बहुत कुछ है।
4	दादा जी दूरदर्शन देख रहे हैं।	दादाजी दूरदर्शन देखता है।
3	प्रतिदिन बारह पैसे।	प्रतिदिन बारह पंखियां हैं।
15	श्रीरामचन्द्र के कुल के मूल ये भगवान् सूर्य धन्य हैं। भगवान् सूर्य सभी के प्रणम्य हैं, यही विचार कर उदीयमान सूर्य को प्रणाम करता हुआ गुरुसेवा में कुशल कोई ब्राह्मण बालक अपनी पर्णकुटी से बाहर निकला।	यह पृथ्वी एवं श्रीरामचंद्र की यह बात सुनकर मैं विश्वरक्षा में लीन (विद् ) हूँ, यह आप अपने कुल की वाले, प्रणाम और गुरु की पूजा के समान है।
4	उसकी बात करने की शैली हँसी से भरी है।	उसकी बात करने की हयली हार्दिक हँसी से भरी है।
8	छात्रों के लिए प्रशिक्षण संस्थानों के लिए भी नेट बुक का निर्माण करना होगा।	छात्रों को प्रशिक्षण संस्थानों के लिए भी नेटवर्क बनाओगे।
10	समापन में आदि भारतं भारतं भवतु भारतम् ये गीत गाएगा ।	समापन में आदि भारत को भारत दूसरे पक्ष में कहा जाएगा।
9	72 यात्रियों को लेकर आसमान में उड़ रहा विमान दुर्घटनाग्रस्त हो गया और राख में तब्दील हो गया.	72 यात्रियों से आकाश में डूब गया विमान में सेमी को बन गया।
3	वह पहुँची।	वह प्राप्त की गई।
11	उद्योग मंत्री ने यह भी आरोप लगाया कि भाजपा इस मामले में राजनीति कर रहा है।	उद्योग मंत्री इस मामले पर भाजपा ने यह भी आरोप किया कि
8	यूक्रेन पर रूस के औपनिवेशिक आक्रमण के बाद पहली बार पुतिन-मोदी केंद्रित चर्चा पूरी.	यूक्रेन ने रूसी पैदा होने के बाद पहली बार पहले ही पुतिन-मोदी ने अभिषान किया है.
5	सीवान के सभी लोग भयभीत हैं	सीता के सभी लोग डर गए हैं।
9	उन्नत और पुष्ट कन्धोंपर लटकते हुए कुण्डल तथा अलकोंसे जिनकी सदृश (उन्नत) ग्रीवा मनोहर मालूम होती है जो अपने मुखकी शोभासे निर्मल पूर्णचन्द्रविम्ब तथा श्वेत कमलको कान्तिको तिरस्कृत कर रहे हैं हुए सुन्दर पद्मके समान जिनके मनोहर नेत्र हैं; विलासमयी भौंहें हैं, अमल अधर हैं, मधुर मुसकान है, कोमल कपोल, ऊँची नासिका और भालदेशमें लटकी हुई अलकें हैं [ ऐसे आपको मैं कब आनन्दित करूंगा ? ]	जल के निकल जाने पर चन्द्रमा शिकार से की तरह कटाक्ष (सी हो) परमाणु या कावल (सीम), प्याज (अंग), के साथ पीला, जादूजी के तट पर, लाँघने वाले के समान कान्तिवाली के समान जटा बनाये हुए, लीन मन वाले श्रीबाबागुरुजी को मैं नवे । (हैलेपें) शरीर पर केय को सूर्य की कोल में रखी हुई उजाला संवार तक बना देने वाले चिकने वाले, जटा-बिट से तथा तितिक ( चना
5	आज आपका कार्यक्रम क्या है ?	आज आपका क्या कार्यक्रम है ?
3	भाई दूज के बाद आऊँगा।	भाई दूज के बाद आऊँगा।
4	देवस्थान के चारों ओर वन है।	देवस्थान के चारों ओर वन है।
7	एक दिवसीय विश्व कप-खेल में क्रिकेटर मोहम्मद शमी ने सर्वश्रेष्ठ प्रदर्शन किया-खेली मोहम्मद शमी,	एक दिवसीय विश्वकप-खेल में अच्छा प्रदर्शन किया गया एक प्रदर्शन-खेल में मोहक, खेलना, शमी, खिलाड़ी शमी, खिलाड़ी, खेल में अच्छा है.
10	एशिया से दो, अफ्रीका की चार टीमें और दो एसोसिएशन क्वार्टर फाइनल के लिए क्वालीफाई करेंगी।	ए से दो, आ अब, कोहली दो संघ, चार खिलाड़ी पूर्व शिक्षक बने।
3	नदी का नाम गङ्गा ।	नदी का नाम गङ्गा नाम है ।
17	अपने शरीर को ही सिद्ध करना या दिखाने के लिए प्रयत्न करना चाहिए, परन्तु तुम्हारी कामना के लिए राज्य नहीं, स्वर्ग की प्राप्ति के लिए कामना करने के लिए प्राणों का नाश नहीं करना चाहिए।	हे जिने! मैं इस साधन में काम नहीं करूँगा, तुम मुझे क्यों नहीं भोगना चाहते हो, जकारम! नये दुःखों से छूट गया।
1	प्रायश:	बहुत जगह
11	माता - आहा, मेरा बेटा तो अब बर्तन भी	माता - आहा , मेरे पुत्र तो अब बर्तन भी ....
7	योग दर्शन की अध्येता और अनुसंधानकर्त्ता के रूप में आपका अनेक वर्षों का लम्बा अनुभव है।	योगदर्शन का विदुषीपुत्र के शोधक के शोधन से 20 वर्षों का अनुभव है।
6	साथ ही भारत का निर्यात बढ़ेगा।	साथ ही भारत का निर्यात बढ़ाता होगा।
4	सुकृति – बाद में फल	सुकृति –ठार फल
6	स्त्रियों के लिए संस्कृत शिक्षा लगभग अप्रचलित थी।	स्त्रियों के लिये संस्कृत की शिक्षा प्रायः चल रही थी
7	जब वह क्रोध करती है तब दर्शक भी क्रोध करते हैं।	जब वह क्रोध करती है तब दर्शक भी क्रोध करते हैं।
9	रोगी क्रोध से बोला- मेरा वैद्य यम ही है ।	रोगी को ही कुत्ता बहुत ही होगया था।
9	बच्चे चीनी अधिक खाते हैं तो दाँत जल्दी से टूट जाते हैं।	बच्चे लोग चीनी अधिक खाते हैं तो दाँत शीघ्र ही टूट गए हैं।
5	प्रतीक भी आ गया क्या ?	प्रतीक भी आया क्या ?
6	मैं " विद्यालय से " आ रहा हूँ !	मैं " विद्यालय से " आ रहा हूँ !
9	रजोगुण के प्रवृद्ध काल में मृत्यु को प्राप्त होकर कर्मासक्ति वाले (मनुष्य) लोक में वह जन्म लेता है तथा तमोगुण के प्रवृद्धकाल में (मरण होने पर) मूढ़योनि में जन्म लेता है।।	हे निष्पाप अर्जुन ! इस (संस्कार) को जाकर कर्म करना चाहिये। क्योंकि प्रलय काल की उत्पत्ति होती है। क्योंकि
4	कौन दान देता है ?	कौन दान देता है ?
6	मेरे मित्रों में से किसी ने भी चाइना का दीप नहीं खरीदा।	मेरे मित्र में कोई भी अइंज नहीं खरीदता।
4	वे दोनों वस्त्रों को रंगते हैं ।	वे दो वस्त्र धोते हैं ।
15	एक निश्चित समय पर 3-3 एक ऐसी प्रतियोगिता है जो बराबरी के स्तर पर पहुंच गई है''मुठभेड़''तब''सदन दैट''यह लंबाई है.	निश्चित ही यह अन्य-यह लक्ष्य से सम्राट ने प्रतियोगिता में''सूटेन''इस समय''सूट को लंबा''इस समय''सैड च को रवाने का लक्ष्य हासिल किया।
5	दो गोलक के बीच गन्ना पिसता है।	दो गोलक के बीच गन्ना पिसता है।
4	हाथों, और पावोंमें चंद्रमंडलके समान गोल छेद करे तथा गुदा और लिंगमें शस्त्र लगाने की आवश्यकता हो तो बुद्धिमान् वैद्य अर्द्धचंद्राकृति छेद करे ।।	इसके पासे के रूप में हाथियों में कार से जो (, ऐसे) जो पाए और न ही वह प्राप्त करना चाहिये।
2	निन्दक निन्दा करता है।	निन्दाक ऋषि ने म रहा है।
8	मैं शस्त्रों में वज्र और धेनुओं (गायों) में कामधेनु हूँ, प्रजा उत्पत्ति का हेतु कन्दर्प (कामदेव) मैं हूँ और सर्पों में वासुकि हूँ।।	आप ही आयु में में मिला-बूले कोई इस प्रकार की शिक्षा दी जा रही हैं। हे प्रिये ! मैं मर गया नहीं | -
6	आठ मिनट की निरीक्षण उड़ान के बाद, विमान सुरक्षित रूप से नीचे उतर गया।	आठ मिनट की अवधि के बाद, हवाई अड्डे पर सेल का आदेश दिया गया।
7	धृतराष्ट्र ने वीरों के वीरता को सुनने की इच्छा व्यक्त की।	धृतराष्ट्र वीणाये का वीरता सुनने की इच्छा प्रकट की इच्छा प्रकट ।
1	बनती है।	सिखाती है
3	बालिका पढ़ी।	बालिका ने पढ़ा।
18	मानवीय जीव हम सम्भाषणशील होते हैं, पशुओं की भी भाषा तो अच्छी संस्कृत भाषा मनुष्यों की ही है, और कालखंड में भाषाएँ बाद में होती हैं।	मानवीयजी हम बातचीतशील पशुओं का भी भाषा है लेकिन सु संस्कृत भाषा संस्कृत में ही होती है, और इस प्रकार कालखंड में भाषण होता है।
1	पुल मुद्रा	समुद्र के बंधन से छूसी
5	क्या भरत को धर्म के अनुसार राज्य में पाल लिया जाता है?	भरत धर्म के अनुसार राज्य में पनहा रहा है क्या ?
4	विमल के घर हवन हो रहा है।	दुःख के घर यज्ञ होता है।
4	बालक मन्दिर देखता है।	बालक मन्दिर देखता है।
6	खिचड़ी देओ और दूध वहाँ ले जाओ ।	मूँठ को दूध दो ।
3	वहाँ संस्कृत सम्भाषण वर्ग चल रहा है ।	वहाँ संस्कृत भाषण-ली चल रहा है।
6	शाकम्भरी देवी के वरदान से वासुदेव जी लावणजलाशय पहुँच गए।	सब्जीम्भरी देवी का वरदान से वह रेलगाड़ियों को मार डाला।
5	इसके लिए मिशन का निर्माण भी विचार किया जा रहा है।	इसके लिए कृत्रिम उत्पन्न अपने को भी विचार किया जा रहा है।
12	लोकसभा भारतीय न्यायसंहिता द्वितीयसंहिता भारतीय नागरिकाक्षा द्वितीयसंहिता और भारतीय दैविका द्वितीय विधेयक विषयों पर निरन्तर चर्चा कर रही है।	लोकसभा भारतीय न्याय. दूसरे भारतीय नाक और दूसरे भारतीय घर की दूसरी रिपोर्ट के बारे में चर्चा की जाती है।
3	छात्र आपस में बोलते हैं।	छात्र आपस में बोलते हैं।
10	उस समय यह ही फैशन था, यह ही अनुराग था।	उस समय यह पर यह होते थे, यह ही अनुराग थी।
4	मैं सदा ही बाग़ को जाता हूं।	मैं सदा ही बाग को जाता हूं।
5	मैं मधुमेह रोग से पीड़ित हूँ	मैं मधुमेह रोग से पीड़ित हूँ
8	दुबई-शहर जाने का विषय भी यहाँ प्रासंगिक नहीं है।	दुबई जाने के जाने का विषय भी यहाँ प्रासंगिक नहीं है।
11	मेरा दर्शन होने से निःसन्देह तुम्हारी मुक्ति हो जायेगी। यदि तुम जानती हो तो बताओ कि इस समय कमललोचना सीता कहाँ है ? मेरी प्रियदर्शना प्रिया को कौन ले गया है ? ॥	हे कमललोचने ! मुझे अन्य ही आप मुझे इस मेरे पास क्यों नहीं छोड़ते, यदि मेरे हृदय में प्रकाश नहीं होता तो मैं अपने प्राणों का प्रिय नहीं रह सकूँगा ॥
4	हे सरस्वती (वाणी) आप अपनी नवीन वीणा को बजाओ।	गुंधी नईनाम में कोश! वीरा को नईनाम देते हुए।
4	अतिथियों ने भोजन किया।	अतिथियों ने भोजन किया।
13	पुटुपल्ली के बिना झारखंड राज्य में धुआं, त्रिपुरा में धनपुर, बक्सानगर, बागेश्वर, घोसी और धुपगुड़ी जिलों में भी उपचुनाव हुए।	पुटुपल्ली के बिना झोंच प्रदेश के धिपुर में, त्रिपुर में धनपुर, बोक्स शहर, और हे कमल के समान इस प्रकार के जिलों में भी उपचुनाव हुए।
8	नहीं जानता , रास्ता कब जाने योग्य होगा ।	नहीं जानता , मार्ग कब जाने योग्य होगा ।
7	2005 के बाद से, उन्होंने विभिन्न वस्तुओं को इकट्ठा करके अपना पहला विश्व रिकॉर्ड हासिल किया है।	2005 से विभिन्न उनकी संख्याएं दीं।
11	पुरातन परंपरा के समाप्ति द्वारा केवल निर्वाचित प्रतिनिधियों का, सरकारी जिम्मेदारियों और नेताओं के नामों का भी उल्लेख किया जाएगा।	पुरानी परंपरा के माध्यम से केवल चुनाव के रिपोर्टों को, सरकारी जिम्मेदारी धारण करने वाले और नेताओं के नाम लिखेों को लिखेगी।
1	धनुष को	वैरी
16	शाह ने आगे कहा कि पूर्व प्रधानमंत्री जनौषधि-केंद्रों से अधिकांश शहर वास्तव में निर्धन लोग ही लाभान्वित होते थे।	श्यामला ने कहा कि प्राचीनकाल में प्रधान मंत्री जन स्वास्थ्य-किसानों के द्वारा प्राप्त किए जाएंगे।
3	कार से बैग्स उतारे।	कार से बैगियाँ निकाले।
12	केरल के पूर्व मुख्यमंत्री और वरिष्ठ कांग्रेस नेता उम्मन चांटी का बेंगलुरु के एक अस्पताल में निधन हो गया।	केरल के पूर्व मुख्यमंत्री और कांग्रेस राज्य के वरिष्ठ नेता बनेंशनिक चंडीगढ़ अस्पताल में निगरानी अस्पताल में निगरानी में निगरानी कर रहे हैं।
11	दीपक के बुताने पर जो तेल की गन्ध उठती है उसको जो लोग नहीं सूंघ सकते हैं, या जो लोग मित्रों के हित वाक्यों पर ध्यान नहीं देते हैं. या उत्तर दिशा में स्थित सात ऋषियों के पास के छोटे अरुन्धती नक्षत्र को आकाश में नहीं देख सकते हैं. उनकी मृत्यु निकट ही समझनी चाहिए अर्थात् वे ज्यादा दिन इस संसार में नहीं रहेगें, शीघ्र ही नष्ट हो जाएँगे।	हे दीप प्रज्ज्वलित किया गया है, सु के भी नहीं है, प्यासा ही नहीं है। नहीं देखते, न ही किसी प्रकार की जीभ में नहीं देखते हैं। न इस जन्म के नाखून को मैं देखते हैं। न जो किसी प्रकार से ही आतीन ने पढ़ा। क्योंकि पर नहीं देखते, किसी को देखते हुए भी नहीं देखते।
5	मैं शुद्ध घी ही खाता हूँ।	मैं शुद्ध ही घी खाता हूँ।
3	मैं आलस छोड़ूँगा ।	मैं आलस छोड़ रहा हूँ।
11	साल का''शांत भारत''उन्होंने स्वतंत्रता आंदोलन में भाग लिया और इसके लिए दो बार जेल गए।	194 वर्ष''कॉट इंक इंट ये आज ही स्वस्त आंदोलन में भाग लिया और वह इस कार्य के कारण द्विव को जेल में गिर गया।
9	वह कहता है - "माँ मुँह बहुत सूख गया है"	वह कहता है - "म्बम्ब ! मुख बहुत सुख हुआ"
5	दुःशासन द्रौपदी का चीर खींचता है।	अशासन से वाचन करता है ।
1	ऋषियों ने	विद्वान विद्वानों को
6	सदा सच बोलो, झूठ नहीं ।	हमेशा सच चाहिये, झूठ बोलो ।
7	देवसभा अर्थात् सत्संग, जहाँ ज्ञान भक्ति चर्चादि होती है।	देवतासभा के समय वही सत्संग, जहां ज्ञानभक्ति आदि के प्रति सम्भव है।
16	आञ्चल के संस्कृत विषय अध्ययन की विशेष रुचि थी, उसकी रुचि, उत्साह, और समर्पित करने के कारण वह सफल रही है।	आञ्चल के संस्कृत विषय अध्ययन की विशेष रूचि थी, उसकी रुचि, उत्साह, और समर्पित करने के कारण वह सफल रही है।
3	होली जल गई।	होली हो गई है वाली
1	आटा पीसी हुई कोई वस्तु	डरे-वक्या।
8	राजा बोला- हे मनुष्य तुम नहीं जानते मैं कौन हूं।	राजा बोला - पुरुष, नहीं जानते हो , मैं कौन हूँ?
14	पूरे देश में प्रधानमंत्री नरेंद्र मोदी पर विश्वास है, भाजपा का जीत केवल मोदी नाम से हुई।	पूरा देश के प्रधान मंत्री नरेंद्र मोदी को विश्वास है, भाजपा की जीत केवल मोदी की जीत है।
7	एक सौ ग्यारह वर्ष के शिवकुमार स्वामी पिछले सप्ताह दिवंगत हुए।	एक हजार से अधिक वर्ष का शिव कुमारस्वली कल की
3	कभी कभी नासमझ हो जाती है ।	कभी कभी प्रेम होती है
4	इनका नाम कृषिप्रशिक्षु होगा।	इनकी नाम कृषि प्रशिक्षण होगी।
8	सभा में आकर पहले धर्मशाला विधेयक पर सुधीर शर्मा ने अभिनन्दन किया।	सभा में आकर पहले धर्मशाला में केंद्रीय धर्मशाला शर्मा ने बधाई दी।
21	फिर महाराज दशरथ ने पुत्र राम को ङ्क में बिठाकर दोनों हाथों से पकड़ा और सहन करके कहा हे राम ! तुम से अलग हुए मेरे लिए स्वर्ग की प्राप्ति भी समान नहीं है।	तब राजा दशरथ दशरथ के पुत्र राम को राम से आरोपित कर दिया और दोनों भाईयों से बोले हे भाई! तुम्हारे पास विहीन व्यक्ति ऐसा नहीं है।
21	इसके विपरीत मुख्यमंत्री के.चंद्रशेखरराव ने गजवेल निर्वाचन क्षेत्र की चिन्ता में मताधिकार का प्रयोग किया, भारत की राष्ट्रीय समिति के कार्यरत अध्यक्ष तारकारामराव नेहैदराबाद में तारकारामराव और राज्यकंगेस के अध्यक्ष रेवन्तरेड्डी कोडंगल में मतदान किया।	अन्य मुख्यमंत्री के. चंद्रकांतर, राज्य के मुख्यमंत्री, चंद्रमा की किसी दूसरे दिन में मताए गए, भारत देश के समान है, भारत राष्ट्र की अध्यक्षता एफसी.एसअयबाद में ताराओं पर ताराओं को रॉयल पैलेस में एक, राज्यक और कोण में मतदान किया गया।
6	पत्नी - घर में एक चूहा घुस गया है	पत्नी - घर में एक चूहा घुस गया
6	वे सभी धर्मशाला में रहेंगे।	वे सभी धर्मशाला में रहेंगे।
8	विद्यार्थियों के विभिन्न विषयों के विकास के लिए दौलत सिंह हमेशा तत्पर रहते थे।	विद्यार्थी में विद्यार्थियों को विविध विषयों का विकास करने के लिए दौलत सिंह होता था।
4	वह घर की रक्षा करता है क्या?	वह घर रक्षा करता है क्या?
5	मुख्य द्वार खुला था ।	मुख्य द्वार खुला था ।
1	देखने के लिए	देखने के लिए ।
19	शाहजहांपुर जिले के खुदागंज निवासी आचार्यविक्रांत सिंह की बिहार लोक सेवा आयोग में तीन अलग-अलग स्थानों का चयन किया गया, जिसके कारण से परिवार में हर्षोल्लास का वातावरण है।	श्यामलाहपुर जिले के खुदा जिले के खुदा जांत सिंह की बिहार लोक सेवा आयोग में तीन अलग-अलग स्थानों का चयन किया गया है, जिसके कारण परिवार में हर्षोल्लास का वातावरण है।
1	प्रवण आसन	अ के अद्वती
31	राज्य में 1416 विद्युत् पंखुड़ियों के अवरोध से सौ परिवार अंधेरे में हैं, जिससे तीव्र ठंड की विद्युत् के अभाव से लोग कम्पन करने के लिए कुल्लूमण्डल में 486, चंबा में 319, सिरमौर में 2४५, मंडी में 220, शिमला में 103, किन्नू में 30 विद्युत् पंखुड़ियों की बिजली की पूर्ति बाधा है।	राज्य में 1416 बिजली उत्पन्न करने वाले का काउंटर से सौ परिवारों तक हैं, जिससे कठोर समय है इसलिए अभाया समय से लोग कंपनी के लिए बाई, स्टीरे में 319,न में 245,न45, जिले से 225, शिमला में 225, शिमला में मंगलाचरण से लापता जा रहा है।
6	अहमद सड़क पर गिर पड़ा, इसलिए वह हँसता है	मैं वह रास्ते में गिर गया इसलिये वह हँस रहा है।
10	उन्होंने लगभग सात सौ फिल्मों में अभिनय किया और सर्वश्रेष्ठ अभिनेता का राज्य पुरस्कार जीता।	वह सप्ताहों में फिल्मों में उनके लिए वेदि गया है और वह रॉयल राज्य और फिल्म को पहुंचे।
5	प्रश्न - अभी क्या बजा है ?	सराहनीय समय क्या है ?
1	पंत	जंकती
9	लोसभा हॉल में वित्त मंत्री ने 21,000वां वर्ष का चौबीस-पांचीस-यह प्रशासन द्वारा अनुमानित उपलब्धियों की रिपोर्ट प्रस्तुत की गई है।	लोसभा में वित्त मंत्री दो हजार वर्ष के चौबीस-पोर्ट पर प्रशासन की अनुमान को प्राप्त करने की रिपोर्ट दी गई।
3	सूक्ष्म शोधन 27 नवंबर।	सूक्ष्म शोधन नौवीं सदी में हुईं।
8	भैया ! मैं मेरे बेटे को यहाँ बिठाकर जा रही हूँ।	भैया ! मैं मेरा पुत्र यहाँ जा रहा हूँ।
8	छात्रों के लिए प्रशिक्षण संस्थानों के लिए भी नेट बुक का निर्माण करना होगा।	छात्रों को प्रशिक्षण संस्थानों के लिए भी नेटवर्क बनाओगे।
3	तुम फूल लाते हो	तुम फूलों को लाओ लाओ ।
1	दिन ब दिन	प्रतिदिन
8	शाम को जैस्मी का झगड़ा हिमाचल प्रदेश के मेनका देवी के साथ होगा।	शांत चक्र में वन की याद है कि इलेक्ट्रोड के द्वादकाज के साथ होगा।
1	पूरी तरह से नष्ट	हर्षित
5	आपकी पेंट की जेब में फिर से देखिये।	आपके उर को फिर से देखिये।
6	इस प्रकार विद्यालयीय इंटरनेशनल गीता महोत्सव का उद्घाटन किया गया।	इस प्रकार स्कूल अंतर्राष्ट्रीय गहरी से गीता महोत्सव शुरू हुआ।
7	राम के साथ लक्ष्मण भी वन को गया था।	राम के साथ लक्ष्मण भी वन में गया था ।
6	कल निवेदिता, विद्यालय की शिक्षिकायें आयी थीं। ।	कल निवेदनिता विद्यालय के शिक्षियाँ आए थे।
3	वे राष्ट्रगीत गाती हैं।	वे राष्ट्र।
11	कार्यक्रम के अध्यक्ष केंद्रीय संस्कृत विश्वविद्यालय के निदेशक-लखनऊ परिसर के निदेशक प्रो. एस.के. ने श्री सर्वनारायण झा. को संबोधित किया।	इस कार्यक्रम के अध्यक्ष केंद्रीय संस्कृत विश्वविद्यालय के निदेशक प्रो.लकांत के निदेशक प्रो. सभी कुछ झा ने प्रतिपादित किया।
3	वह बोला	वह बोला
6	मैं साढ़े आठ बजे घर से निकला।	मैं साढ़े आठ बजे घर से निकल गया।
12	तब लक्ष्मणजी श्रीरामचन्द्रजी से बोले " हे देव ! यह मृग का रूप धारण किया हुआ निःसन्देह मारीच है, क्योंकि इस प्रकार का मृग कहाँ हो सकता है ? ॥	हे राम! यह लक्ष्मण, दर्जी होकर आक ॥
4	फिर भी वह वस्तुएँ खरीदती है।	फिर भी वह वस्तुएँ खरीदती है
3	मैं तेज दौड़ता हूँ।	मैं तेज दौड़ रहा हूँ।
12	अमेरिकी डॉलर के गुलाम ने बुधवार को तेल की कीमतों पर सहिष्णुता का कारण बनकर अमेरिकी डॉलर का लाभ उठाने में मदद की।	रुपये की कीमत पर-क्वना तेल की कीमत में की कीमत में बुधवार को रुपये के लाभान्वित करने का सहायता किया।
14	उसके शिर में ही ऐसी शक्ति होती है जिससे वह सुनने में समर्थ होती है परन्तु बहुत थोड़ा।	उसका शिर ही वैसा ही है, जो भी सुनने में समर्थ होता है, उसे बहुत ही उस शक्ति का शिर है।
5	दीपावली के लिये भी वस्तुएँ खरीद रहे हैं	दीपबली पर्व के लिये भी वस्तुएँ खरीदती हैं।
11	संसारका विषयानन्द और परलोकका महान् दिव्यानन्द ये तृष्णाक्षपके आनन्दके सोलहवें भाग भी नहीं हो सकते	जो पुरुष इस कामना सुख की उत्पत्ति बहुत सुख हुई है, उसे दंड दिया है, उनके दांत और महाभारत की महाभारत में अनार कला (विस्मण) की तथा चम्पक (चम्पा) है और इस तरह की श्रीबाबागुरुजी की में.
1	जो (दो)	जवान
8	पर्यटकों ने अपने मोबाइल फोन से महानाटमी को पकड़ कर स्वभाव चित्र लिया।	पर्यटकों ने अपने मोबाइल से महानाटी लेकर अपने चित्रों को लिया।
12	भारत के मुख्य आयुक्त ने कहा कि मंदिरों पर हमले का उद्देश्य भेदभाव और शांति भंग करना था।	मंदिर को परिचय दिया गया था कि मंदिर का मुख्य कारण है, आप लोग भी अपने लक्ष्य को हासिल करने के लिए भारत की मुख्य मंत्री ने यह भी आज्ञा दी।
14	आयोजक विश्वविद्यालय के प्रोसुश्री शिप्रा राय अध्यक्ष थीं। संयोजक डा. शंकरनाथ तिवारी ने सभी के प्रति आभार व्यक्त किया।	कार्यक्रम में प्रो. एस.के. ने सभा अध्यक्ष डाॅश्री होता था। तब डॉ. कामनाथ सबको उन्हें सभी करुणा को तुम लोगों को समझाया गया।
5	तुम दोनों रस्सी चलाओ।	तुम दो रुंगों मेंथा हो ।
7	छात्र –मेरी माँ अच्छी शिक्षिका है।	छात्र –मेरी माँ अच्छी शिक्षिका है।
11	साथ ही उन्होंने कहा कि शिक्षा के क्षेत्र में संस्थान का योगदान जारी रहना चाहिए.	उन्होंने कहा कि वह इस के क्षेत्र में राज्य के संस्थान का योगदान निरन्तर आगे होगा।
8	कार्यक्रम की शुरुआत वैदिक मंगलाचरण के साथ हुई जिसके बाद विश्वविद्यालय गान गाया गया।	कार्यक्रम की शुरूआत वैदिक मंगलाचरण को उसके बाद विश्वविद्यालय की गगाह भी हुई।
1	विद्यावान्	विद्वान
5	मध्यप्रदेश में कौन-से राष्ट्रीय उद्यान हैं?	मध्य प्रदेश में कौन-से राष्ट्रीय उद्यान हैं?
11	अध्यापिका – मुझे यह विचार अच्छा लगता है। ये राज्य भ्रमण के लिए स्वर्ग के समान हैं।	अध्यापक – ये मेरा विचार है कि ये राज्य हैं , ये राज्य के लिए घूमने हैं।
3	ज्येष्ठ आषाढ ग्रीष्म ॥	इस प्रकार सूरी पर ग्रीनहाउस में से शलज था ।
1	स्वीकार करके	बिना कारण
9	हे पार्थ ! वही यह भूतसमुदाय, है जो पुनः पुनः उत्पन्न होकर लीन होता है। अवश हुआ (यह भूतग्राम) रात्रि के आगमन पर लीन तथा दिन के उदय होने पर व्यक्त होता है।।	पृथ्वी से निकल जाता है वह एलीन हुआ होता है। रात में ही कार्रवाई की भावना ही दगड़ होती है।
6	नहीं नहीं पिताजी , मैं ले जाऊँगा	नहीं पिताजी , मैं ले नहीं जाऊँगा।
10	पुनः बन्धुओं सहित मुनिजनों के द्वारा धर्मशास्त्र का रहस्य गुनते तथा उसकी व्याख्या भी करते थे ॥	मुनिश्रेष्ठ ! धर्मशास्त्र के अध्ययन द्वारा गुरुजन को सुन कर, धर्मशास्त्र और डॉकभी ही त्यागी। और धर्मशास्त्र का तुमसे सुनती है ॥
9	प्रधानमन्त्री वहाँ प्रदर्शनी में आए थे, भूमिभङ्गप्राचीर का भी अनावरण किया।	प्रधानमंत्री वहीं प्रदर्शन में आया, भूमि ने पहले तीर इन इीर का भी अनास का भी अनाज किया।
6	जेपी नड्डा शाम को कुल्लु नगर जाएगी।	जेपी नहींड्डा बजे कुल्लू शहर जायेगा।
9	इस संबंध में मुख्यमंत्री प्रबोध सक्सेना ने रविवार को छुट्टी के दिन आदेश भी जारी किए।	इस संबंध में मुख्यमंत्री प्रबोध सक्सेना ने छुट्टी के दिन रविवार को भी आदेश दिया।
13	इस समय तो वह आप जैसे भी मेरा मित्र है इसीलिए इस संस्कार का विधिवत् पालन करें।	अब तो आप के समान ही मेरे मित्र हैं, इसलिए जैसा करना चाहिए जैसा उचित है।
3	छोटा बच्चा लड्डू थोड़ा सा खा रहा है।	बच्चा लड्डू लड्डू रहा है।
8	रिपोर्ट में कहा गया है कि वह इस महीने की 22 तारीख तक एकांत कारावास में नहीं रह सकते।	रिपोर्ट के अनुसार, 22 तारीख तक को नहीं दूसरा रिपोर्ट है.
10	उससे क्रोधित सूर्यदेव ने छाया और शनिदेव का घर जला दिया।	उन्होंने क्रुद्ध सूर्यदेव और छायादेव के घर शान का घर भस्म किया।
10	जनवरी-माह के तीवें दिन रविवार को कप-खेल में वह पाँच-सेट-खेल में रूस-देश के दानिल-उन्होंने खुद को हरा दिया.	जनवरी-माह के उस रविवार को रविवार को, खेल में वह पांच-कद-खेल में रूसी-मेद के दने हुए हार गया.
6	पर्यटक भी उनके साथ यज्ञ करते हैं।	पर्यटक भी वे यज्ञों के साथ यज्ञ करते हैं।
8	परन्तु ज्ञानी सब प्रकार परीक्षा करके अपराधी को ही उचित दंड देता है।	परन्तु ज्ञानी सर्व परीक्षाक अपराध ही जैसा उपयोग किया जाता है।
7	वैराणु की उपस्थिति अधिकतर इन्हीं मंडलियों में देखी जाती है।	एआईएों में से एक है सैरकॉले हुए है।
3	माँ शिशु को बहलाती है।	माँ बच्चे को वजनकी चबा रही है।
2	वहीं घूमता रहेगा।	वहीं घूमतागी।
3	आठ बजे यज्ञ होगा।	आठ बजे यज्ञ तो होगा
6	सुधा - हाँ मैं अशुद्ध बोली ।	सुधा -हाँ मैं अशुद्ध बोली ।
8	रक्षा – मैं भी अधिक संस्कृत नहीं जानती हूँ।	रक्षा – मैं भी अधिक संस्कृत नहीं जानती हूँ।
7	मैं भिखारी को देती हूँ आप पानी भरो ।	मैं भिखारी को देता हूँ। आप पानी भरिये।
1	शुद्ध	स्वच्छता करना
7	काश्य का यह परिवार समृद्ध, विद्वान् और भगवद्भक्त था।	वह काशी में यह परिवार समृद्धि, विद्वान और भगव।
4	दूसरा व्यक्ति बोला	दूसरा व्यक्ति बोला
5	वह मेरी पुस्तक कहाँ रखता है?	वह मेरी पुस्तक कहाँ रखता है?
7	ग्राहक – आज शाम सभी विरोधयात्रा निकालेंगे।	ग्राहक – आज शाम सभी विरोधी निकालेंगे।
8	खबर के अनुसार, विद्या बालन की प्रेत की''मज्जुलिका''इसकी भूमिका में दिखाई देती है।	खबर के अनुसार विद्या बालान जी को प्रेम का''मकुलिका की भूमिका में दिखाई देती है।
6	परीक्षा के लिये कितने दिन शेष रह गए हैं ? )	( परीक्षा के लिए कितने दिन शेष ?
2	स्कूल में रिसेस के समय	विद्यालय में दोपहर से
1	युद्ध के मैदान पर arra ⁇ ed	स्थित
5	वरुणा उसके विवाह के चित्र दिखा रही है ।	वरुणा के विवाह के चित्र प्रदर्शन दिखा रहा है ।
4	राम – किस सम्बन्ध से? (किस नाते से)	राम – किसके सम्बन्ध से?
4	यहाँ हम सभी सकुशल हैं ।	हम सब कुशल हैं
3	निधि गाय का घी सूंघती है।	निधि गोघाली जी सूँघती है।
5	कल ही फोन से बात हुई।	कल ही फोन से बात हुई।
2	वह चढ़ता है।	वह चढ़ता है।
4	सात बजे तक ध्यानसत्र चलेगा।	सात बजे तक ध्यानचंद चलेंगे।
19	भाजपा के बारे में कटाक्ष कर नेगी ने कहा कि भाजपा आज भी बालदल ही है, उनका जन्म 2014 के बाद हुआ।	भाजपा के बारे में कटाक्ष करके यह
7	पूर्ण वर्ष हजार के अन्त में उन्होंने उसे उसे विधि का रूप धारण किया।	पूर्ण हजार हजारों वर्ष में उन्होंने उसे उसमे ! पढ़ा।
4	अभी स्वाध्याय नहीं हुआ है।	अभी स्वाध्याय नहीं हुआ है।
6	शालिसा धाम्या ने भारतीय वायुसेना में नया करियर बनाया है।	भारतीय वायुसेना में छहों सागर की एक नया चरित्र के साथ शुरू हुआ।
15	पूर्व श्रेणी में उत्तराखंड संस्कृत शिक्षा परिषद ने हरिद्वार से सुबोध व्यास का अभिषेक किया और जयपपन नाम की उत्तर श्रेणी में लोकेश चंद्र सुधेशबडोनी और अजयकानोल ने क्रमशः अपना पहला द्वितीय तृतीय पुरस्कार जीता।	पूर्वकाल में उत्तराखंड में उत्तराखंड संस्कृत शिक्षा परिषद के हरिद्वार से सुबोधव और अभिषेक के अभिषेक के अभिषेक के लिए उत्तरी उत्तर को सरकार द्वारा उत्तरीम का पाइप और उत्तरी लोकेश चारों ओर से इन सब का पुरस्कार जीता।
10	वह शीघ्र ही यहाँ आयेंगे। एकाग्रचित्त से ध्यान करती हुई तुम यहीं रहो। इस समय चित्रकूट पर्वत के आश्रम में भगवान् श्रीरामचन्द्रजी विराजमान हैं ॥	हे नचिकेता! अन्य सभी राम, यह भी नहीं है, अब मैं चित्रकूट और फल पृथ्वी से चल रहा हूँ ॥
3	पुण्य कर्मों से व्यक्ति पुण्यलोक को प्राप्त करता है।	पुण्य कर्मों से (व्यक्ति) स्वर्ग (पुण्यलोक) को प्राप्त करता है।
4	मंच की शोभा प्रान्तप्रचार प्रमुख सतेन्द्र कुमार ने की।	मंच के साथ प्रांत प्रचार प्रमुख सतेन्द्र कुमार ने किया।
7	लेकिन अभी तक किसी ने जिम्मेदारी नहीं ली है.	लेकिन अब तक उसका उत्तरदायित्व किसी से नहीं लिया गया।
4	इनका नाम कृषिप्रशिक्षु होगा।	इनकी नाम कृषि प्रशिक्षण होगी।
14	ग्रामीणों के स्वरूप को बढ़ाने की आय-व्यय में प्रयास है क्योंकि इससे ही इस पर्वतीय राज्य में समृद्धि को प्राप्त किया जा सकता है।	ग्राम में समृद्ध रूप से बढ़ाया जा सकता है क्योंकि इससे ही इस घटना में समृद्धि लाने का प्रयास किया जा सकता है।
21	यह कुल लक्ष्य का प्रतिशत है, परन्तु यदि हम मंडलियों के विषय में बात करते हैं तो चम्बा, सिरमौर, कल्लू इत्यादि मंडलियां बहुत पीछे-पीछे गई हैं।	यह कुल है कि इस कुल में हम पर ही है, लेकिन आही जिलों के बारे में जानकारी है, कल्लव इत्यादि लिखे कई पीछे बहुत पीछे आ गए हैं।
4	शिल्पा कहाँ तैरती है ?	शिल्पा कहाँ तैरता है ?
8	दौलतसिंह के जीवन में उनकी माता का प्रभाव प्रत्यक्ष था।	दौलतसिंह के जीवन में उसका माँ प्रभाव प्रत्यक्ष था।
9	विस्फोटक आवाज सबसे पहले छात्रों ने सुनी। तभी सड़े फलों की दुर्गंध चारों ओर फैल गई	छात्र पहले से विराटकका शब्द सुना गया। बाद में आ गया। सब जगह बना हुआ। सब जगह हरने हैं।
20	इस अवसर पर जनसभा को संबोधित करते हुए प्रधानमंत्री ने कहा कि विकसित-भारत संकल्प ने यात्रा देश की हजार संख्या को गांवों और नगरों में प्राप्त किया है।	इस अवसर पर जनसभा को संबोधित करते हुए प्रधानमंत्री ने कहा कि विकसित संकल्प यात्रा देश की हजार से अधिक गाँवों और गांवों में भी बढ़ गया।
1	वर्दी	समान वस्त्र
11	और भी महान लोगों के साथ भी अवश्य होने वाली बातें हो कर रहती है। शिव जी का नग्न रहना, (तथा) विष्णु का शेषनाग (की शय्या पर सोना- ( इसमें प्रमाण हैं) |	अन्य ( श्री,गीवक) महान भाव को नहीं प्राप्त करने वाले महान जनों को लांघकर आदि होता है । नहीं किन्तु अग्नि, प्रसन्नतापूर्वक लटकते हुए बहुत से लोग महान लोगों को भी जाना जाता है।
5	जो सदाचारी है वह शिक्षक है	जो सदाचारी है वह शिक्षक है
1	मेंढक	वर्षा
5	पूर्व अभिघातजन्य व्रणके आरोहण तथा यज्ञ के शिर को जोडदेनेसे यह शल्यअंगही प्रथम है ॥	पहले प्रथम ही पहले प्रागभन और बलवान हैं, इनको 'मुढ़क' कहते हैं कि यह पहला न बिगाड़ने का प्रयास है ॥
11	भाग्य से सन्तुष्ट होकर, विकट, विरूपाक्ष, महोदर, अकम्पन, दुर्द्धर्ष और अन्य राक्षस मारे गए।	सुतपाखे, विकट्र।, विरुपाक्ष, महोदर, अ कराने की होता है, दुर्भाग्य हो गया है।
6	भार्गवी – आधा घण्टे बाद घर पहुँचेंगे।	भार्गवी – आधा घंटे बाद घर पहुँचते हैं।
9	गणना से पता चलता है कि दुनिया भर में 55 मिलियन लोग मनोभ्रंश से पीड़ित हैं।	लोक में सब जगह भूस्खलन हुआ, स्मृति के साथ-साथ कई यूक्रेन की मेरे में सूचित कर रहे हैं।
9	भगवन् व्यास जी की वाणी के रूप में श्रीमद्भागते जी ने अपने दिव्य लायकों का वर्णन किया।	भगवान व्यास जी बाएँ के रूप में श्रीमद्भागवत में उनके दिव्यली का वर्ण मिलता है।
13	पहले इस रास्ते में गली की व्यवस्था नहीं थी, लेकिन आपातकाल में राष्ट्रीय राजमार्ग को बहुत नुकसान हुआ।	पहले इस रास्ते में गराइरा की व्यवस्था नहीं थी, लेकिन आपदा में राष्ट्रीय राजमार्ग की बड़ी हानि हुई थी।
13	लग्रान प्वाइंट वन लक्ष्य का नाम है. यह सूर्य और बाह्य अंतरिक्ष के कणों का अध्ययन करेगा।	लैंडर पोस्टिक्स ने लैट एशिंगन का नाम सूर्य तथा डरे हुए लड़कियाँ अनुज के साथ अनुशीलों का नाम होगा।
3	कभी कभी नासमझ हो जाती है ।	कभी कभी प्रेम होती है
3	प्रयास करता हूँ ।	कोशिश करूंगी ।
4	कुछ चिड़ियाएँ पानी में नहाती हैं।	कुछ चिड़ियाएँ पानी में नहाती हैं।
10	जब वह पाठशाला नहीं जाता, तब बाग़ भी नहीं जाता।	जब वह पाठशाला नहीं जाता है, तब उद्यान भी नहीं जाता है।
5	अनुराग -हम पदयात्रा कर रहे हैं।	अनुराग - हम मेस से हमला करते हैं।
18	जैसे-जैसे बिजली का उपभोग बढ़ता है वैसे-वैसे हमारे द्वारा इस विषय पर गम्भीरता से विचार करना चाहिए।	जैसे-जैसे बिजली और उप-ये और भविष्य में हमें इसके विषय में विचार करना चाहिए।
6	आठ मिनट की निरीक्षण उड़ान के बाद, विमान सुरक्षित रूप से नीचे उतर गया।	आठ मिनट की अवधि के बाद, हवाई अड्डे पर सेल का आदेश दिया गया।
1	सूची	सुरक्षा के द्वारा
6	रक्षा – मैं भी रोज अभ्यास करती हूँ।	रक्षा – मैं भी प्रतिदिन अभ्यास करती हूँ।
5	मैं आनंद नगर में रहता हूँ	मैं आणंबर में रहता हूँ
12	मनुष्य खतरे या संकट में बिना पड़े कल्याण नहीं देख पाता। परन्तु सकट में पड़ कर यदि जीवित रहता है, तो ही वह विविध कल्याणों को देखता है|	कोई भी पास है तो ऐसा कोई नरक दिखता है। क्योंकि हे क्योंकि हमारी बात ठीक है, तो देखता है। यह तो देखता है।
3	वन जायें।	वन जाइए।
3	गुरुओं के द्वारा प्रश्न पूछे जाएँ ।	गुरु से प्रश्न पूछे।
5	आप लेख लिखते हैं क्या ?	आप लिखे क्या ?
4	बादलों के ऊपर विमान उड़ रहा है।	मेघों को वायुयान उड़ रहा है
6	लंकाेश्वर डर गया तुम्हें देखने के लिए जल्दी जाएगा।	ल सुेश्वर जी विभीषण को देखने के लिए जल्दी जायेगा।
17	अनि के मन्द होने से, मल की वृद्धि होने पर मनुष्यों में नाना प्रकार के रोग समूह उत्पन्न होते हैं, और उदर राग विशेष रूप से उत्पन्न होते है । अनि के मन्द होने पर, अन्न के पचन न होने पर, महिन, मलकारक अपथ्य आहार के सेवन से दोष सचित होने पर प्राण, अग्नि ( जाठराग्नि ), और अपान वायु को दूषित करके अधर और उत्तर ( ऊपर और नीचे के ) दोनो मार्गों को रोक देते है । यह दोष समूह त्वचा और मास के बीच मे आकर कुक्षि ( उदर, कोख ) को बहुत अधिक फुला करके उदर	हे प्रियतम! किन्तु आपके मन में ऐसा कोई वस्तु नहीं है। कलियोगिज पुरुष उससे अधिक बढ़ रहे हैं। क्योंकि हाथी के द्वारा किए गए बल से इस प्रकार की आपत्ति का ज्ञान प्राप्त करते हैं।
16	जो मनुष्य वीतराग एवं पर- अपरके ज्ञाता होकर सुरगुरु भगवान् नारायणक सर्वदा स्मरण करते हैं, वे उस ध्यानके द्वारा पापोंसे छूटकर पुनः माताके स्तनोंक दूध नहीं पीते [अर्थात् वे जन्म-मरणसे रहित हो मुक्त हो जाते हैं ] ॥	जो प्राणी अत्यन्त क्रोध को करके तथा 'विद्गुरु' से जो अत्यन्त दूर के भोग (अज्ञान) को न पीते हैं, उसका हज, मैं ही न पीलाते हुए ध्यान से पीते हुए न पीते हैं ।
1	मेंढक	मेंढक
15	चीन के ईस्टर्न थिएटर कमांड ने बताया है कि ताइवान के आसपास के आसमान और समुद्र में कई मिसाइलें दागी गई हैं।	चीन ने कहा कि चीन की ईस्टेशन में कई आकाश और आकाशभास में आरोपित चीन का ईस्ट द्वारा किया गया है।
12	सुग्रीव बोले कि हे राजेन्द्र ! वाली सभी योद्धाओं में अग्रणी है। उसको पराजित करना देवताओं के लिये भी अत्यन्त कठिन है। आप उसे कैसे मार सकते हैं? ॥	सुग्रीव के यह कहने पर महालीन लक्ष्मण को बलवान कैसे मारा गया ? तब
1	प्रकाशना	सेकत
4	जा प्यारे ! पूरी विद्या करके आना।	जा रहे थेपूर्णा को ज्ञान प्राप्त करकेएसएसग नहीं।
4	अभी ही स्कूल चलो ....	अभी ही मोबाइल हमारे
6	किसी के पास टॉर्च नहीं थी।	किसी के पास ट्यूब नहीं था।
2	प्राप्त नहीं किया।	प्राप्त नहीं कर सकते।
10	वह गांधीनगर में डिफेंस एक्सपो 2022 को संबोधित कर रहे थे।	कार्यक्रम की शुरूआत डिकिंग के  ⁇ 2022 में कार्यक्रम आयोजित किया गया।
5	लकड़हारा लकड़ियां लाता है और उसे फाड़ता है।	लकड़ी का लकड़ी खाल खंहता है।
7	पत्नी - तो फिर घर के काम में मुझे सहयोग करिये।	पत्नी - तो फिर घर के काम में मुझे सहायता करिये।
10	इससे राज्य की प्रतिबिंब को कलंकित कर दिया जाएगा, निवेशक राज्य से दूर रहते हैं।	इससे राज्य का प्रतिब को कलहित किया जाएगा, निवेशक राज्य से दूर रहते हैं।
4	दीप्ति बैंगन की सब्जी लाती है।	दीप्ति बैंगन की सब्जियाँ लाता है।
4	स्वयं के मोक्ष के लिए और समाज के कल्याण के लिए।	इस मोक्ष के लिए और जगत् के हित के लिए।
10	व्याकरण एक कठिन विषय है फिर भी उनके व्याख्यान में पतञ्जलिना की शैली संवादात्मक थी।	व्याकरणशास्त्र को विषय पर उनकी इस वेब में गिरफ्तार किया गया था, अब खतरे में डाले गए हैं।
1	अन्याय	आधार
6	और इस क्षेत्र में महत्वपूर्ण भूमिका निभा रही है।	इस क्षेत्र में महत्वपूर्ण भूमिका निभाता है।
20	युवाओं के लिए भी सरकार ने प्रस्ताव दिया है कि यदि वे तीन बीघा भूमि देंगे तो सरकार हरमहिने रुपये देगा।	युवतियों के लिए भी सरकार ने प्रस्ताव दिया कि अगर तीन बीमार भूमि द रहे तो सरकार हर महीने रुपये को देगा।
6	मनुष्य को कोई सहायक लेना ही चाहिए।	पुरुष ने कोई भी कार्य करना चाहता है।
4	दीपक आर्य संस्कृत जानता है।	दीपक आर्य संस्कृत जानता है।
12	दक्षिण भारत में भी अपनी सत्ता का विस्तार करने के लिये उसने विशाल सैन्य बल के साथ मलिक काफूर को भेजा।	दक्षिण भारत में भी अपनी सेना का विस्तार करने के लिए उसने मलिक-काफूक ने एक बड़ी सेना के साथ भेज दिया।
7	शिवाजी महाराज ने ही भारत में  ⁇ arat ⁇ a राज्य का आधार स्थापित कर दिया।	शिवाजी महाराज ने भारत में भारत के लिए देश का आधार स्थापित करने का स्थापित किया।
1	प्रातः काल	उषसिले में
6	तुम आज कब विद्यालय जा रही हो ?	आप आज कब विद्यालय जा रही हैं ?
4	इसके बाद सोए हुए जटायु ने उस शब्द को सुना।	शब्दों के मवले से उथल मन में और शुद्धि को शुद्ध कर देता है।
9	बहुत कालतक सन्ध्योपासन करनेके कारण ही ऋषियोंने दीर्घायु, बुद्धि, यश, कीर्ति ( ख्याति) और ब्रह्मतेजकी प्राप्ति की थी	ऋषियों और लम्बी हुईं को ही दूर करके (सा भी हो की स्तुति) और यश दोनों को प्राप्तकर मेरे यश को ही प्राप्त होकर ब्रह्मवहार को प्राप्त होता है।
1	कहा जाता है	कहा जाता है
10	मुख्यमंत्री ने कहा कि यह उपक्रम सरकार की प्रतिबद्धता को अत्याधुनिक स्वास्थ्य सेवाएं प्रदान करने के लिए है।	मुख्यमंत्री ने कहा कि यह उपक्रम अत्याधुनिक स्वास्थ्य सेवाएं प्रदान करने के लिए सरकार की प्रतिबद्धता को दर्शाता है।
3	भूतकाल में वाक्य लिखिये	भूत काल में वाक्य लिखो
9	उसने उन सभी को गाय को पालकर बैठाया और उन्हें कुर्सियाँ दीं।	उन सभी लोगों को भी गांवेत्ता और उपवास के लिए उन्हें आसन दिया।
3	मैं भूमि पर गिर गया।	मैं भूमि पर गिर गया।
9	केवल उसका नाम जप करके हम भारतीयों को धन्यता का अनुभव करते हैं।	केवल उसका नाम जप करके हम भारतीय Sin ⁇  अनुभव अनुभव करते हैं।
19	मुबारक नए साल की पूर्व संध्या कीसुबह 10 बजे श्री हरिकोटा सतीश धवन बाहरी अंतरिक्ष स्टेशन से प्रक्षेपण पूरा हुआ। 22 मिनट के बाद, उपग्रह को पृथ्वी की सतह से 650 किमी की ऊंचाई पर कक्षा में लाया गया।	नौ साल में 9 बजे 9.30 बजे श्रीहरिकोटा के पास से पंडित हूआरी धुंधियों से उबरकर 220 तक उपग्रह लूट गया।
4	पट्टा खोलेगा बाद में कहा जाएगा	पट्ट खोलेंगे बाद में वट्टान भी लाएगा।
5	तुम दोनों यहां क्या कर रहे हो ?	तुम दोनों क्या करते हो ?
4	सभी डैम जल से भर गए।	सभी डैम जल से भर गए।
14	तुम संसार की सभी सभाओं में "में सत्यप्रतिज्ञ हूँ", यह कहकर लोगों को धोखा देते हो, अब तुम राम की शपथ करके की हुई प्रतिज्ञा को भी तोड़ रहे हो, अतः तुम्हें नरक में जाना ही पड़ेगा" ॥	इस संसार में ऐसा विचार किया गया है। इस संसार में विडम्बी नामक स्थान राम को सुनकर सब कुछ शपथ कर ही कहता है ॥
1	लड्डू	पेड़ा
8	इस दिन देवी सरस्वती, कामदेव और विष्णु की पूजा होती है।	इस दिन देवी सरस्वती, कामदेव, विष्णु और विष्णु की पूजा होती है।
12	कृपया वॉट्सएप का संस्कृत क्या होता है यह मत पूछेंगे ।	कृपा सेएएप उसका संस्कृत क्या होता है?
4	पुण्यपुरुष को हम श्रद्धाञ्जलि देते हैं।	पुण्यपुरुष को हम श्रद्धाञ्जलि देते हैं।
4	वह स्पीकर से गाना सुन रहा है।	वह वाशमिने से गीत सुनता है।
6	नीरज -वे दोनों क्या कर रहे हैं ?	नीरज - वे दोनों क्या कर रहे हैं ?
7	शास्त्र वेदान्त आदि विषयों में उसने बहुत जाना था ।	शास्त्रवेद के रूप में उसने बहुत से विषय दिया था।
3	हजार पैरों वाले अपने तत्त्व से तुलना करें।	हजारों गुना करने वाले उसके द्वारा अंगार को धन पैदा करना होता है।
31	कोर्ट ने अफसोस व्यक्त किया और कहा कि दोनों दिवसीय मामले की सुनवाई के बाद कई महत्वपूर्ण प्रश्न पैदा हुए लेकिन आधिकारिक तौर पर कोई भी, वह राज्य सरकार, नगर निगम या एचपी आधारभूत संरचना विकास बैंक होगा, उन्होंने उनके प्रश्नों पर उत्तर नहीं दिया।	कोर्ट ने खेद प्रकट किया, और कहा कि दो दिनों में लगातार मामले का सुनने के बाद कई महत्वपूर्ण प्रश्न हैं, लेकिन आधिकारिक प्रति, कोई भी महत्वपूर्ण है, होता है, शहर, नगरनिप का विकास विकास विकास के विकास के लिए दिया गया।
4	वे दोनों वस्त्रों को रंगते हैं ।	वे वस्त्र धोते हैं।
8	उस वर्ष देहली-विश्विद्यालय के भौतिक विभाग के अध्यक्ष के रूप में उन्होंने भौतिक विषयों का शिक्षण प्रारम्भ कर दिया।	उस वर्ष दिल्ली-विश्व के कार्यालय में भौतिक विभागाध्यक्ष के रूप में, भौतिक विषयों का विषय शुरू करते हुए उन्होंने भौतिक विषय शुरू किया।
9	बाज की छाल के चूर्ण से (जल्दी से) बाज की छाल को चूर्ण कर लेना चाहिये । इस चूर्ण को चूर्ण कर देना चाहिये । इस चूर्ण को चूर्ण कर देना चाहिये । इस चूर्ण को चूर्ण कर देना चाहिये । चूर्ण कर देना चाहिये ।	हनुमान के लिए आनन्ददायक सुषेण ने उसके सभी फुटबॉल उत्कीक को ग्रहण किया।
5	उज्जियिनी किस नगर के पश्चिम दिशा में है?	उज्जयनी के शहर से पश्चिमदिशा है?
5	क्योंकि जो मानसिक और बुद्धिकी विक्रियाएँ होती हैं, वे संपत्ति की मूल हैं और मानोरंजन में रुचि होती है।	जो मनोरंजन, मन, बुद्धि और बुद्धि के मूल हैं, ऐसे व्यक्तियों की मूल है
7	जगत् में सभी धर्मों कीप्रदायिकता किसी भी रूप में नाम छापने के महत्व का प्रतिपादन करती हैं।	जगत् का सभी- धर्म के कूटक किसी भी रूप में चुने जाने की महत्व है।
7	पूर्ण वर्ष हजार के अन्त में उन्होंने उसे उसे विधि का रूप धारण किया।	पूर्ण हजार हजारों वर्ष में उन्होंने उसे उसमे ! पढ़ा।
1	अंडा	अंडा
7	चिकित्सक चिकित्सा करता है रोगी स्वस्थ होता है।	चिकित्सक चिकित्सा करता है रोगी स्वस्थ होता है।
19	4 सितंबर को विक्रम-अवतार और ज्ञान-और भँवर निद्रा अवस्था में आ गया। दुनिया भर के वैज्ञानिक इनके उदय का इंतजार कर रहे हैं।	सवा महीने के चौथे तारीख को विक्रम के प्रति विक्रम और प्रलयकाल में रहने वाले लोगों को एकजुट होने पर एक दो करके सीमित हैं। दोनों वैज्ञानिक यह है कि भारत के वैज्ञानिक यह एक है कि दोनों के लिए वैज्ञानिक जून तक पहुंचने पर
8	यह महात्मा बलसम्पन्न रावण देवों से पराजित नहीं हो पाता है।	यह महात्मा बल से युक्त सुर को भी नतीजे दिया जाता है।
1	लूला	पका हुआ
7	ठीक है आओ। कंगन की दुकान चलते हैं।	ठीक है। कंगण की दूकान जाते हैं।
4	मैं मनुष्यों में सबसे अधिक वर्चस्वी होऊँ।	मैं ऐसे मनुष्यों में अपने शरीर में से होने वाली बातों में से क्या हूँ?
1	कष्ट देना	उतरने में।
6	इस प्रकार प्रार्थना करते हुए धृतराष्ट्र की दृष्टि नष्ट हो गई।	इस प्रकार प्रार्थना है कि धृतराष्ट्र के नमन की दृष्टि से नहीं हुई।
9	कौए ने कहा ऐसा ही हो। इसके बाद प्रातःकाल वे सब अपने अभीष्ट स्थान को चले गए।	कुछ लोग कहते हुए कहा- 'ये आप हैं।' ऐसा वह सब लीन हो गया।
4	तीन लड़कियां जा रही हैं।	तीन लूटे हुए उनके कन्याएँ जाती हैं ।
6	सुहासिनी -ऐसा किसने कहा ?	सुहासिनी - ऐसा किसने कहा ?
15	प्रधानमंत्री ने कहा कि विकसित भारत संकल्प यात्रा उन लोगों के प्रति एक सशक्त रूप हैं।	प्रधानमंत्री ने कहा कि विकसित भारत संकल्प यात्रा उन लोगों को प्रतिद्धन एक सशक्त स्वरूप है।
5	आज शाम को वह नारियलपाक बनाएगा।	आज शाम को वह नारियलपाक बनाएगा।
19	मनुष्य का स्वाभाविक स्वभाव है कि आत्मदर्शन को तृप्त करने के लिए दूसरों का दर्शन ही सबसे अधिक पसंद आता है, जिसे मनुष्य भी पसंद है, उसका परिणाम भी समय के अनुरूप भोगता है।	मनुष्य की निचाद स्वभाव से जो मनुष्य अपने द्वारा देखने योग्य है, उसका दर्शन ही अच्छा है, उसका परिणाम भी है, उसका परिणाम भी है।, उसका परिणाम भी वैसा ही करना चाहिए।
30	पाणिनि की तिथि लगभग छहवीं सदी ई. पू. और महर्षि गौतम के भी छह सौ वर्ष पहले हैं, महर्षि गौतम बुद्ध से लगभग वर्ष पुराने हैं। वास्तव में महर्षि जैन परंपरा में सबसे प्राचीन तीर्थंकर मानते हैं।	पाणिनि तिथि तिथि प्रायः छह सौ और ई. और महावीर एक महावीरक की तिथि भी छह सौ से अधिक छह सौ वर्ष से भी अधिक प्राचीन हैं, महावीर ही प्रायः वर्ष से लगभग 1.4 महावीर है।
4	तुम कल कहाँ जाओगे?	तुम कल कहां जाओगे?
5	इसलिए विद्यार्थियों को इस में भाग लेना चाहिए।	इसलिए विद्यार्थियों को इस भाग में ले जाया जाना चाहिए।
3	गुणजी भाई बकरी पालक है।	गुणजी भाई बकरी पालक है।
12	क्या अलग है कि चुनाव के रूप में दिखने वाले इस आय व्यय में एक दृष्टि दूराई या दीखती है।	क्या करिक है कि चुनाव के रूप में दृश्यों में एक दृष्टि से देखा गया है।
3	आप सब चतुर हैं ।	आप सब तो चेटात होते हैं।
29	फिर बड़े-बड़े वीरों से झुककर प्रणाम करते हुए श्रीरामचन्द्रजी से बोले हे वीर ! हे हरीश्वर ! शीघ्र ही तुम लंका में घुसकर ससुग्रीव और लक्ष्मण जी सहित कुशलियों सहित रावण को मार डाल दो।	फिर शैलोपने पवित्र शरीर को प्रणाम करके हनुमान को वचन दिया- हे वीर! हे वीर! जल्दी से तुम शीघ्र ही शीघ्र तुम शीघ्र वहाँ करो, मैथिली के समान एक को सत्य कहता हूँ।
6	आज भोजन उतना अच्छा नहीं था।	आज भोजन तक सही नहीं था ।
3	वे युवतियाँ हैं।	वे युवतियाँ हैं।
5	उनका सूत्रवृत्ति पद्मनाभिन द्वारा ही सौपद्मपञ्जिका में लिखी गई।	पद्मनाभप से ही सौपुंधों का गुस्सा लिखी गई।
1	अवर्षण	वर्षा न होना
11	संस्कृत शिक्षकों, छात्रों और शिक्षकों के लिए कई भाषा इंजिन तैयार किए गए हैं।	संस्कृत शिक्षकों और शिक्षकों की से शिक्षा योजना को बहुत से भाषा में बनाई गई हैं।
8	यह काल निमेषको आदि ले युगपर्यंत चक्रकी भांति परिवर्तमान होता हुवा रहता है इससे कोई इसको कालचक्र कहते हैं ॥	इस प्रकार से एक दिन तक पृथ्वी का भार डुबे से समय पर मैथुन करना, इस समय उबटन करना ॥
9	जब 10 बजता है तब विद्यालय खुलता है।	जब 10 बजे होता है तब विद्यालय का उद्घाटन होता है।
7	ऋषियों के आश्रम में जाकर लोग उपासना करते थे।	ऋषियों के आश्रम जाकर लोग उपासना करते थे।
15	और दिव्य शरीर धारण कर साक्षात् ब्रह्मलोक को चले गये। तत्पश्चात् दण्डकारण्य निवासी समस्त मुनिगण श्रीरघुनाथ जी का दर्शन करने के लिए शरभङ्ग मुनि के आश्रम पर आये ॥	इस प्रकार विराध के द्वारा राजा दशरथ लोकपाल में ही निवास करते हुए आ गए और उनके दिव्य कार्यों में दिव्य सभ्यर्थियों को देखने के लिये शरैध रूप से अंगूठी और ब्रह्मवेत्ताओं को देखने के लिये शरदपअनिश्त ! मुनिश्रेष्ठ स्वयं अपने आप वन में जाने से उन्हें लेने के लिये उनकी रक्षा करें। उनके दर्शन के लिये सभी मुनिजन आपके दर्शन की इच्छा से समाप्त हो गये ॥
5	नाटक देखकर प्रेक्षक प्रसन्न होते हैं।	नाटक देखकर प्रेक्षक प्रसन्न होते हैं।
11	यह कोहली का 35वां जन्मदिन था और इस प्रेमी जोड़े को प्यारी जोड़ी का अनुभव दिया गया।	कोहली 35वां जन्मदिन पर कल किया गया था कि यह आराधना की अनुभव टीम का अनुभव है।
9	अयोध्या के चौबीस मैक्रोश क्षेत्र में शराब के प्रतिबन्ध की राह साफ है," उन्होंने संतोष का अनुभव किया।	अयोध्या के चौकील में उनके चश्मा क्षेत्र में शहीद स्वच्छ सर्जनों का मार्ग पता बोला।
3	कार्तिक मार्गशीर्ष शरद ॥	कार्तिकअथवा शरद् ऋतु की ॥
26	सिक्किम राज्य में विकृत-रितु के कारण भयंकर बर्फबारी और बर्फबारी से रोके गए लगभग आठ सौ यात्रियों को गीदड़ों और बूढ़ों से, महिलाओं और बच्चों के कारण जो पर्यटक उन्नत स्थानों पर रुका हुआ था, वे सेना की तीनशक्ति प्रभाग के सैनिकों द्वारा आकस्मिक अभियान के लिए आगे बढ़ेक्षित किए गए।	सिक्ख राज्य में विकल- पाठा से भी कुल के बीच निरुद्ध बर्फबारी और निर्यातओं से बंद हो गए, महिला आदि समान रूप से को, महिलायनों, महिला जो होते थे, वे सेना के त्रिशक्ति-प्रभागओं के द्वारा आक्या--प्रभाग के तीन कार्यों में रक्षा की गई।
14	वह उन स्त्रियों को अपने घर ले गई और तालाब को दिखाकर उसने कहा कि (तुम) इच्छा के अनुसार जल ले जाओ।	उसने ताँबे से अपना क्षेत्र ले लिया। वहाँ उस तालाब को दिखाने गया और कहा था।
6	आज हम भारत की स्वाधीनता का उत्सव मना रहे हैं ।	आज हम भारत की स्वाधीनता का उत्सव है।
8	हिमाचल में 68 सदस्यीय विधानसभा है। राज्य में व्यवहार कानून प्रचलन में आ गया है.	हिमाचल में 68 सदस्यीय बैठक है. राज्य में 6,000 सदस्यीय कार्य को हुई।
7	मन्त्रियों ने हर्षवर्धन और जगत सिंहनगी का स्वागत किया।	मंत्रिमण्डल ने हर्षवर्धनन और जगसिंह को स्वागत किया।
1	शर्ट	शर्ट
6	रविन्द्र जडेजा अक्षर पटेल दौड़ने की इच्छा से बाधित थे।	रविन्द्र जडेजा और अक्षर पटेल रन पर बाधाएं दीं।
4	मैं मूंग का हलुआ पकाऊंगी।	मैं मूंग का हलुआ पकाऊँगा
1	गायब	हानि पहुँचने के लिए
9	हरिद्वार''उन्होंने निर्देश दिया कि उन्हें समर्थन पाने का प्रयास करना चाहिए।	हरिद्वार" को समर्थन देकर उन्हें प्रयत्न करना चाहिए और निर्देशिका का निर्देश दिया।
1	हे द्वारपाल	द्वारपाल ।
2	स्पर्श करना	छूना
7	धन से नष्ट हुए व्यक्ति का कुछ भी नष्ट नहीं हुआ किन्तु यदि चरित्र नष्ट हुआ तो वह मरे हुए के समान है।	जो धनवचन, धन बढाने वाला धन तो वह दु:ख लेनी हो और मारीक को मार डाला गया ॥
6	उस वर्ष उन्होंने स्वराज नीति की यात्रा शुरू की।	उस वर्ष उसने अपनी सेना यात्रा शुरू की।
3	कैसे कर रहे हैं ?	कैसे करते हैं ?
9	उन्नत और पुष्ट कन्धोंपर लटकते हुए कुण्डल तथा अलकोंसे जिनकी सदृश (उन्नत) ग्रीवा मनोहर मालूम होती है जो अपने मुखकी शोभासे निर्मल पूर्णचन्द्रविम्ब तथा श्वेत कमलको कान्तिको तिरस्कृत कर रहे हैं हुए सुन्दर पद्मके समान जिनके मनोहर नेत्र हैं; विलासमयी भौंहें हैं, अमल अधर हैं, मधुर मुसकान है, कोमल कपोल, ऊँची नासिका और भालदेशमें लटकी हुई अलकें हैं [ ऐसे आपको मैं कब आनन्दित करूंगा ? ]	जल के निकल जाने पर चन्द्रमा शिकार से की तरह कटाक्ष (सी हो) परमाणु या कावल (सीम), प्याज (अंग), के साथ पीला, जादूजी के तट पर, लाँघने वाले के समान कान्तिवाली के समान जटा बनाये हुए, लीन मन वाले श्रीबाबागुरुजी को मैं नवे । (हैलेपें) शरीर पर केय को सूर्य की कोल में रखी हुई उजाला संवार तक बना देने वाले चिकने वाले, जटा-बिट से तथा तितिक ( चना
8	स्त्रियों और बच्चों के सुरक्षा के लिए कई प्रावधान किए गए हैं।	स्त्रियों और बालकों के सुरक्षा के लिए कई प्रावधान किये गये हैं।
11	सामाजिकन्याय का विश्व दिवस महत्त्वपूर्ण है क्योंकि यह सबके लिए सामाजिक न्याय का महत्व प्रकाशना करता है।	सामाजिक न्याय का विश्व दिवस है क्योंकि यह सबका इसके लिए सामाजिक न्याय का महत्व प्रकाश देता है।
3	निर्देश के अनुसार परिवर्तन करो	निर्देशानुसार निष्पाप करो
8	प्रकृति में स्थित पुरुष प्रकृति से उत्पन्न गुणों को भोगता है। इन गुणों का संग ही इस पुरुष (जीव) के शुभ और अशुभ योनियों में जन्म लेने का कारण है।।	हे पुरुष प्रकृति में प्रकृति के गुणों को त्यागकर प्रकृति से ही उत्पन्न होता है। किन्तु हे गुणों के कारण गुणों की आज से इन (सत्य पुरुष) कर्म का बर्ल नहीं होता है।।
3	हाथ से ही धोता हूँ ।	हाथ से धोता हूँ ।
8	मैं पहले समझता था कि मैं ही शक्तिशाली हूँ।	मैं पहले मन में जो मैं ही शक्तिशाली हूँ।
4	रामजीवन पोते को खेत ले जाता है।	राम जीवन पौखी क्षेत्र को ले जाता है।
7	उन्होंने इस मौके पर सभी नागरिकों को आजादी और अन्य शुभकामनाएं भी दीं।	इस अवसर पर सभी नागरिकों को आज भी उन्होंने अर्पण किया।
4	मेरे घर में शान्ति चाहती हूँ।	मेरे घर में शांति करना चाहता हूँ ।
3	कौन पढ़ाती है ?	कौन पढ़ाती है ?
4	इसलिए वह बहुत बड़बड़ाया ।	इसलिए वह बहुत पसन्द है
9	प्रसारित तस्वीरों से पता चलता है कि चक्रवात के कारण भारी वाहन भी घरों के ऊपर गिर गए	चक्रवात से भार वह भी हरीही के ऊपर पड़ी हुई चित्रों के द्वारा दिखे गए राजाओं द्वारा दिखते हैं।
3	आप जल्दी से आईये।	आप जल्दी से आईये।
27	नियुक्ति की प्रतीक्षा कर रहे आईपीएस अधिकारी Sa ⁇  हिरेमथ एसएडीपीओ बड़सर, हमीरपुर, तिरूमालाराजू एसडी वर्मा एसडी रामपुर, शिवानी मेहता अतिरिक्तलिसाधीक्षक, चम्बा और अदिति सिंह एसडीपीओ पांता साहब नियुक्त हैं।	मेडिकल हेडाने आई। आईटी अधिकारी को तोडने की एसडीओ नाडी के मंदिर, तिरुमलारा एसडीपी.एसडीपीसी एसडीपीओ्रं हेमंडप्टी और शिवनीपी ऐसा कोई भी तुमकोी जकखार और अन्य-बताया गया है.
8	भारत नेज़ल एंटीवायरल दवा वितरित करने वाला पहला देश है।	भारत ने दर्ज की है कि भारत ने डिवीजन में एक पहली बार-बार बाज़ार देता है।
6	सुधा - हाँ मैं अशुद्ध बोली ।	सुधा -हाँ मैं अशुद्ध बोली ।
12	जैसे लौकिक वेदिकों में धर्म के नियम हैं, वैसे ही संसार में अर्थप्रयुक्त शब्द के प्रयोग में व्याकरण शास्त्र के द्वारा धर्म का नियम किया जाता है।	जैसे रक्षा वैदिक-प्रनियरों में धर्म के नियम हैं उनके शब्दों से अर्थशास्त्र में व्याकरण द्वारा शब्दों का प्रयोग किया जाता है, इस तरह के धर्म के नियम द्वारा धर्म का नियम किया जाता है।
1	आंगन	प्रलय
15	उपाध्यक्ष जगदीप-धनखड़े के एक सामाजिक-इंटरनेट-सन्देश-माध्यम से यह घोषणा की गई थी कि प्रधानमंत्री ने टेलीफोन-माध्यम से सांसदों के अभद्र व्यवहार पर दुःख व्यक्त किया।	उपाध्यक्ष जगदीप-धन-धनखड़े ने एक सामाजिक-कॉलेज-इसे दूर तक खटाना- आप दूरदराज के अन्त में दुःख व्यक्त किया।
2	वह कौन है?	वह क्या है?
4	दोनों पुत्र धन भेजते हैं।	दोनों पुत्रों को धन भेजते हैं ।
8	कभी भी भारत की संस्कृति का नाश नहीं होगा।	कभी भी भारत का संस्कृत नहीं होगा।
6	वे सब खेलने के लिए मैदान में गए ।	वे सभी खिलले लिये लिये गए थे।
14	जैसे अनेक लता, वृक्ष, घास, औषधि आदि से भरे हुए, पशुपक्षी पूर्ण, भयङ्करवन में हाथी इत्यादि बलवान् पशु विचरण करते हैं, किंतु शेर फिर भी स्वतः सिद्ध सम्राट होता है ।	जो पुरुष भय से विलास धारण करता है, न किसी के पीछे दौड़ने की भी चकई पर अनेक अंगों के समान होता है। उसी प्रकार एक (बाघ का जौराओं से) स्वयं निकलते हैं। इसके अतिरिक्त और (खड़े के) में वन में ही उत्पन्न करते हैं।
10	हे प्रभो! देवों ने कहा कि उसका विनाशकाल आज है।	हे प्रभो! सुरभिों द्वारा उनकेविकाल को बताओ आज है।
3	वस्त्र निर्माण किससे होता है?	किनके द्वारा कपड़े का निर्माण होता है?
6	ब्रह्मपुत्र नदी असम राज्य की जीवनरेखा है, या भाग्यरेखा ही।	ब्रह्मपुत्रन असम है, या जीवन का जीवन है, या भाग्य में ही का जीवन है।
4	तुम्हारे दोनों कान पकड़ो।	तुम्हारे दोनों कान ले लो।
15	युधिष्ठिर ने कहा कि मैं''कङ्क''इस नाम को लेकर ब्राह्मणवेष के साथ राजा विराट के प्रासाद में आऊँगा।	युधिष्ठिर ने कहा कि मैं''कहाँ''इस ब्राह्मण ने ब्राह्मण को महाराज विराट के प्रासाद पर एक सहारा पाकर कहा है।
7	माता – पिता के पैर छुए ?	माता – पिता के चरण छू लिये क्या ?
1	अस्सी हजार	अस्सी हजार दून शरीर दुरन सींग वाले हजारों हजारों हजार दूंप दुड़कती हैं।
2	वह बन्दर है।	वह बन्दर।
9	नौ सौ वर्ष पहले लिखी यह पुस्तक काश्मीर का इतिहास बताती है।	नौ सौ वर्ष पहले लिखे यह पुस्तक का कश्मीर का इतिहास बताती है।
1	आरामदायक	हम दोनों
10	किसी आदरणीय व्यक्ति के प्रति शून्य हृदय शकुन्तला ने अपराध कर दिया। (सामने देखकर) और किसी साधारण व्यक्ति के प्रति नहीं।	किसी भी पूजा के समय इस संसार में कोई भी पूजी जाने के कारण ही नहीं हो सकता है, किसी में भी किसी भी स्थान पर नहीं रह सकता है।
6	उसके बारे में मैं कुछ नहीं बोलूँगा।	उसके बारे में कुछ नहीं कहूँगा ।
3	वृक्ष से अनेक पत्ते गिरते हैं।	पेड़ से पत्ते गिरते हैं।
9	श्रीराम के द्वारा क्षिप्ता वह शक्ति रावण के उस शूल में प्राप्त हुई।	श्रीराम जी द्वारा फेंक दिया गया वह शक्तिशाली रावण का उस पर अपरिपक (कड़) चाम से देखा ।
11	पर्यावरण और पर्यावरण के परिवर्तन के क्षेत्र में शोध विकास परियोजनाओं के लिए विभिन्न संस्थानों को धन दिया गया है।	पर्यावरण के जल प्रदूषण और क्षेत्र में अनुसरण विकास योजनाओं के लिए विभिन्न संस्थानों का धन दिया गया है।
5	संस्कृत में ही अर्जुन को उपदेश दिया।	संस्कृत में ही अर्जुन को उपदेश दिया।
1	अध्ययन	अध्ययन
5	शायद चालक का अभ्यास होगा ।	कभी किसी समय चला जाएगा।
10	जब वह यहाँ आया तब कुछ दिनों में प्राकृतिक आपदा थी।	जब वह यहाँ आया तब कुछ दिनों में रास्ते भी दर्ज था।
7	यह वन्य जीव वैज्ञानिक डू का विषय हैयीशु का भी मतलब है.	यह विषय वन्यजी विज्ञान, डसा, ईसाइड भी अभिषाद कर रहा है।
21	उपवेश के अवसर पर दोनों नेता आर्थिक सहयोग, ऊर्जा की खरीद में, सैन्य तकनीकी-उन्होंने सहयोग के विषय में लोगों की आना-जाना आदि प्रगति पर अगले चार वर्षों के लिए एक संधि पत्र पर हस्ताक्षर किए।	उपवास के दौरान दोनों नेवले की नीति में, ऊर्जा व्यापारियों में, सैन्य प्रौद्योगिकी- सहयोग के बारे में लोगों को आने वाले वर्षों में आने वाले कई वर्षों में हस्ताक्षर किए गए वर्ष की सहमति के बारे में हस्ताक्षर किए।
16	यह उत्तराधिकारी भाजपा के प्रदेश अध्यक्ष डॉ. राजीवबिन्दुल हैं, मुख्य वक्ता रणधीर शर्मा और पार्टी के प्रत्याशी हर्षाग्नि ने अलग-अलग रूप में प्रदान किया।	यह उपालुओं भाजपा के प्रदेश अध्यक्ष डॉ. राजीवबिन्दुला, मुख्य वक्ता रणधीर शर्मा और पार्टी आंद महाजन द्वारा अलग-अलग रूप में प्रदान की गई।
9	केंद्रीय मंत्री द्वारा प्रभावित लोगों को कल्याण और सुरक्षा के लिए प्रार्थना की गई है।	केंद्रीय मंत्री ने प्रभावित लोगों के लिए समय-समय पर प्रार्थना की।
8	इस प्रकार से उदर रोगी का विरेचन द्वारा शोवन होने पर जागल मास रस के साथ अन्न देना चाहिये । इसके आगे शेप दोष की शान्ति के लिये योगों को कहते है ॥	बालूत्र, वन्यकाल में पासा-ही-कभी दुहने की इच्छा अधिक नहीं होती।
3	होली जल गई।	होली हो गई है वाली
11	इस दुर्घटना में 29 श्रमिक मारे गए हैं, जिन्हें चिकित्सा विभिन्न चिकित्सालयों में की जाती है।	इस दुर्घटना में 29 मजदूर घायल हो गए हैं, जिनके द्वारा विभिन्न चिकित्सालयों में अस्पतालों में किया जा रहा है।
1	अनेक राम	अनेक राम ने
9	केवल पुस्तकें ही नहीं अपितु पेन , कॉपी भी दूँगा।	केवल पुस्तकें नहीं बल्कि कलम, टिप भी की भी देने जाऊँगी।
15	वैद्यों को सख्त सचेतक दिया गया था कि ऐसी परीक्षा करने के खिलाफ अभियोजन होगा।	मेडिकल बेचने से सचता (शसता) के खिलाफ अभियान कर रहे हैं और अभियान की बात कही।
27	जब अहंभाव टूटता है, और सेवा भाव विकसित होता है, तब अवसाद आदि की तादात्म्य समाप्त होती है, कुण्ठाबोध भी समाप्त हो जाता है, तब जीवनदायक-मूल्यों का प्रतिष्ठन होता है, इस प्रकार जीवन में''सत्य, शिव और सुन्दर'इस भाव का उदय होता है।	जब मैं भाव से विगल हो जाता हूँ, ऐसे सेवाभाव से विकलांग विकर आदि बनती है तब ध्यान आदि होता है, कुहार और अन्य लोगों का। इसके बाद जीवनदायक-नासा में 'स करती है' ऐसा भाव है।
1	सब जानते हुए भी	सभी प्राणियों में।
1	लुटेरा	बढ़ई
5	जिनके मध्य विश्वास है, उनके साथ ही मित्रता होती है।	विश्वास दोनों के बीच में उन दोनों के बीच में उनकी बुद्धि है। क्योंकि
1	शरीर में शत्रु	शरीर पर हीरा
4	मनु जी ने सभी को धर्म का उपदेश किया।	मन सबको धर्म धर्म किया ।
26	राम के वचन को सुनकर राजा दशरथ ने ऐसा ही कहकर लक्ष्मण को पुनः वचन दिया हे धर्म ज्ञाता! राम में प्रसन्न हो जाओ, तुम धर्म, विशाल यश, स्वर्ग और उत्तम और महिमा प्राप्त करोगे।	राम के वचन को सुनकर राजा दशरथ ने ऐसा कहकर लक्ष्मण को कहा हे वाणी! हे धर्मज्ञ ! राम! राम ज्ञानियों का, विपुपुत्र, स्वर्ग और स्वर्ग को ही प्राप्त करोगे।
5	संस्कृत कार्यकर्ता भी उत्साह से कार्यरत हैं।	संस्कृतकार्य कार्यकर्ता भी उत्साह के द्वारा कार्य में लगे हैं।
3	क्या वह खेल रहा है?	क्या वह खेलता है?
3	तुम नीचे जाओ।	तुम नीचे जा रहे हो।
7	मेरे पढ़ने योग्य यह पुस्तक ।	मेरे द्वारा मेरा पुस्तक पढ़ने योग्य है।
6	रास्ते की संचय-दल में चवालीसत्तर और वायु के योद्धार भागों को जीत लिया जाता है।	पथ-संबन-दस में चारों बलों के छब्बीस वृक्ष भाग लेंगे।
6	यह पहली बार है जब इतने भारी उपग्रह लॉन्च किए गए हैं।	ये पहली बार हैं जब वांछित नतीजे ही वनों ने भारत से ही व पहले वसंत में हैं।
3	यह विद्वानो का वचन हैं।	यह विद्वानो का वचन हैं।
6	इस प्रकार उनके दसों वर्ष बीते।	इस प्रकार उसके दस वर्षों के हजारों वर्ष बीमार हुए।
1	समस्त विद्याओं का	सभी विद्याओं के
6	बहरा कौन है? जो कल्याणकारी बातें नहीं सुनता हैं।	कौन बराबर ने क्या प्राप्त नहीं किया है।
3	पाप कर्मों से नरक को प्राप्त करता है।	पाप से पापलोक जाता है।
20	वह यह समझता है कि आपकी मदद से वह विजयी होगा, परन्तु सकृष्ण अर्जुन से यहाँ कोई जीत नहीं हो सकती।	वह यह समझता है कि तुम्हारा सहायता से वह विजयी होगा, लेकिन वहकृष्ण ही नहीं है। परन्तु तुम दुर्योधन से नहीं बोलते हो।
1	कहाँ	कहाँ
7	विविध विद्यालयों के छात्र भी वहाँ बैठे थे।	विविध विद्यालयों के छात्र भी वहाँ बैठा था।
10	अब राज्य सरकार ने मनरेगा के श्रमिकों और परिवारों का, लोगों का एक प्रतिशत से अधिक चयन किया है, सड़कों केक्रेताओं का, एकलम्पटों का भी चयन किया है।	अब राज्य सरकार ने मनरेगा के परिवारों, प्रतिशतता से भी अधिक से अधिक अधिकारियों का, सड़कें और अन्यमहिलों का चयन किया है।
13	इस अवसर पर कार्यक्रमाध्यक्ष मालविका पठानिया ने कहा कि ⁇ eneralजोरावर सिंह हिमाचल प्रदेश के निवासी थे, उन्होंने दूरदराज मंदिर क्षेत्र में अपना प्रभाव स्थापित कर दिया।	इस अवसर पर कार्यक्रमा में मालविका ने पढ़ा कि जनरल श्री मोदी ने हिमाचल प्रदेश के निवासी सिंह को हिमाचल के निवासी अपने प्रभाव में अपने प्रभाव को स्वीकार किया।
3	वह मिसाइल मैन थे ।	वह मिटनों का पाकरपुरुष थे ।
8	यह ऊर्जा सम्मेलन भारत के एक ही तरह का सब जगह है-ऊर्जा प्रदर्शनी एक महान सम्मेलन है।	यह ऊर्जा सम्मेलन भारत का एक ही है सभी प्रकार से सभी सम्मेलनों में महा, सम्मेलन का छात्र सम्मेलन है।
16	विपक्षी नेता राममन्दिर के उद्घाटन के लिए निमंत्रण प्राप्त नहीं हुआ, उन्होंने कहा कि सभी लोगों के लिए आमंत्रण पत्र भेजे गए हैं।	उन्होंने कहा कि राम मंदिर के उद्घाटन के लिए निंत्रण नहीं मिला है, प्रतिपक्षी समिति ने सभी लोगों को आमंत्रित किया है।
6	बचपन से ही वो स्वतंत्रता आंदोलन में हिस्सा लेते थे।	बचपन से ही वो स्वतंत्रता आंदोलन में हिस्सा लेते थे।
6	पूरे संसार में लोग पर्यावरण दिवस उत्सव का आयोजन कर रहे हैं।	संसार में लोग पर्यावरण दिवस उत्सव का आयोजन कर रहे हैं।
1	पहरेदार	माँग
10	यदि आप धन दिलाते तो सुरेश विषय नहीं बताता ।	यदि आप धन लूही हो तो सुरी विष नहीं समझे ।
1	हो सके।	के अभाव में
3	वह वृद्ध है ।	वह वृद्ध है
10	यह स्वच्छता अभियान भगवान श्रीराम के अयोध्या में प्राणों की उन्नति का एक शुभावसर होगा	यह स्वच्छता अभियान भगवान श्रीराम की अयोध्या में प्राण-प्रतिष्ठा की शुभता को तक चलाने वाली होगी।
9	उन्हें परसंस्कृति बहुत पसंद है, न स्वसंस्कृति ।	कारण उन्हें बीत गया है आकत अब अपने संस्कृति से पसंद नहीं है।
9	इन पांच तत्वों की अनुपात से मानव शरीर का स्वास्थ्य निर्भर करता है।	इन पाँचों तत्त्वों का अनुपात करने से मानव के शरीर का स्वास्थ्य निर्भय होता है।
11	प्राणों कीप्रतिष्ठा के दिन भी तेजप्रताप ने फेसबुक में स्थापित किया था कि राम सबके मन में हैं।	प्राणप्रतिष्ठा के दिन भी तेज प्रताप के बीच भी तेज़ी के बीच रखी थी।
6	खेत में पानी, भूमि और ऊर्वर की आवश्यकता होती है।	खेत में जल के भूस्खलन में हो और वे की आवश्यकता होती है।
3	विविध व्यंजन मिलते हैं।	विविध व्यं से लटक रहे हैं।
1	बहुत जगह	पुरुहा
1	समाजवाद	समाजवादवाद
8	वह बोली – पुत्र ! पानी ठंडा है।	वह बोली – सूअर ! पानी ठंडा है।
11	धर्म का जो महान् तत्त्व है, वह इनके जीवन में देखा जाता है और जीवन्ततारूपी हवाओं का सङ्गीत यहां पगपग पर गूंज रहा है।	धर्म की महिमा के अनुसार तर्जनों में तलाशी के समान वह जीवन में त्यागी हुई गुड़कती है। इसलिए उनका जीना ।
9	वहां तुम्हारा निवास निर्दोष है, वहाँ किसी का बाध नहीं है।	वहाँ तुम्हारा नहीं है, वहाँ किसी का ठण्डा नहीं है।
6	A. ⁇ . बस मुझे आरक्षण नहीं मिला ।	ए. सी. के लोक में चढ़े से परकी से में नहीं गया।
3	ये दरवाजे हैं	ये वाहन हैं
7	हमारे गाँव आना, मैं तम्‍हें झरना दिखाऊँगी	मेरे गाँव में आतान में मकान के लिए निकल आऊँगा।
8	उस वर्ष देहली-विश्विद्यालय के भौतिक विभाग के अध्यक्ष के रूप में उन्होंने भौतिक विषयों का शिक्षण प्रारम्भ कर दिया।	उस वर्ष दिल्ली-विश्व के कार्यालय में भौतिक विभागाध्यक्ष के रूप में, भौतिक विषयों का विषय शुरू करते हुए उन्होंने भौतिक विषय शुरू किया।
5	पूर्णिमा का चाँद चमकदार होता है ।	पूर्णिमा का चन्द्र कांत है।
8	दोनों सखियाँ पिता जी, शकुन्तला के नहीं रहने पर सूने तपोवन में कैसे प्रवेश करें ।	दोनों प्रकार से पिताजी का रूप से छोड़ कर मार्ग में प्रवेश करना चाहिये।
1	सूखे पत्तों की आवाज	मर्म
9	इसके लिए एक सौ पचास रुपये काले रंग की चप्पल का मूल्य कम है।	इसके लिए 1 ।40 रुपये है।
8	मंगलवार को मुख्यमंत्री अखिलेश जी पाठक के बारे में नाराज हुए।	मंगलवार को मुख्यमंत्री अखिलेश कुछ के पाठक के बारे में क्रुद्ध हो गया।
3	कन्याओं को भेंट देते हैं।	कन्याओं को कान्ति देते हैं।
10	समस्त योगियों में जो भी श्रद्धावान् योगी मुझ में युक्त हुये अन्तरात्मा से (अर्थात् एकत्व भाव से मुझे भजता है, वह मुझे युक्ततम (सर्वश्रेष्ठ) मान्य है।।	हे योगि ! उस प्रकार से मेरा मन भी सत्य और अकारु मेरा भक्त मुझे सुनने के लिये जो मुझे ब्रह्मवेत्ता सहित मुझे प्राप्त होता है
1	देखा।	देखा
11	पञ्च-पत्रिका के संपादक डाॅहयात सिंह अल्मोडा ने कहा कि बड़थ्वाल उत्तराखंड का गौरव है।	होली-पत्र के संगम डॉ. हयात सिंह ने कहा कि बड़थ को उत्तराखंड का गौरव है।
10	इस बारे में सुलह के विधायक विपिन सिंह परमार ने प्रश्न किया।	इस संबंध में पहली प्रश्न अच्छा, सुलहसिंह विपिन सिंह परमार ने प्रश्न करने पर सब जगह बना दिया।
5	इस वृ्त को किसालिये काटता है ?	ये बुढ़ापे के समान बिन से खेल रहे हो ?
9	हे पुत्र सुति! स्वप्न के लोक में प्रस्थान करने के लिए चल पड़ो। तालाब में, तुम गीता को सुती के लिए गाता हूँ।	स्वप्न के समय प्रयास कर सुतीक्ष्ण! वह वहाँ ले जा रहा हूँ सु हम को सुता हूँ वे।
18	भारत में रहने वाला दस वर्ष की आयु का हर व्यक्ति इस योजना में भाग ले सकता है। वित्तीय खाते में जीरो बैलेंस की सुविधा भी होती है. यह प्रतिभागियों को दुर्घटना सुरक्षा भी प्रदान करता है।	भारत में सवारों की दुर्घटनाओं से सभी को इस योजना में भाग लेने के लिए सभी योजना में भाग लेने वाले लोगों को एकजुट करने की कोशिश कर रहे हैं। भाग ले-बड़ना भी दुर्घटनाओं को दी जाती है।
7	इस समय मकरसंक्रांति पर्व जनवरी को मनाया जाता है।	इस समय में मगरमच्छ में जनवरी को जनवरी को मनाया जाता है।
31	जिलाधिकारी मंडी अरिंदम चतुर्थी मंडी जिले के कुछ समतल क्षेत्रों में घनी सुबह-नीहार के कारण बालकों की स्वास्थ्य की सुरक्षा पर ध्यान देकर बल, पानी, उतने ही शिक्षाखंड के सभी निजी और सर्कारिक स्कूलों की समयसूची बदल दी। जिसके तहत इन शिक्षाखंडों के सभी निजी हैं-	जिला और मंडी में अरिन्दम, चौथे सब कुछ समय में कुछ समतल क्षेत्रों में स हूँ-वहार के कारण बच्चों ने स्वास्थ्य सुरक्षा बल देकर, उसनेएँड़ा जिले के, शलवाह शिक्षाखंड के सभी निजी लोचन बदलियों का सभी को निजी प्रकार की शिक्षा दी।
4	मुझे प्रातः घुमना अच्छा लगता है |	मैं प्रातः घूमना पसंद है।
5	अब उसने ईश उपासना छोड़ दी है	अब वह ईशोपासनाम की
7	पांडव लोमाश ऋषि के साथ तीर्थों के दर्शन के लिए चल पड़े।	लोमाही ने प्रतिबंध के साथ वन में एक दर्शन के लिए प्रस्थान किया।
4	पक्षिओं का ध्वनि मधुर हैं।	पक्षिओं का स्वर मधुर हैं।
4	वह वहाँ कल जाएगा।	वह वहाँ कल जाएगा
32	यदि मनुष्य में लोभ है तो उसे किसी अन्य बुराई की आवश्यकता नहीं। यदि व्यक्ति चुगलखोर है तो इससे बढ़कर और क्या पाप हो सकता है? यदि उसके जीवन में सत्यवादिता, सत्याचरण आदि गुण है तो उसे तप करने की क्या आवश्यकता है? यदि मनुष्य का मन पवित्र है तो विभिन्न तीर्थों पर जाकर वहां स्नान करने से क्या लाभ? यदि मनुष्य में प्रेम है तो उसे अन्य गुणों की क्या आवश्यकता है? यदि संसार में उसका यश फैल रहा है तो उसे अन्य किसी आभूषण की क्या आवश्यकता है? अर्थात उसे अपने शरीर को सजाने के लिए आभूषण की आवश्यकता नहीं है, यदि उसके पास उत्तम	अरे ! क्या अन्य गुणों से कोई नहीं है, यदि वह अपरिपक्व आदि कान्ति है तो भी उसे करना है और तीर्थ होते ही क्या? सत्य है तो गुणों के द्वारा क्या करना चाहिये? यदि वह अपरिचित है तो अन्य दोषों से क्या काम?
1	एक उपलब्ध हो जाता है	प्राप्त करना
17	आयोग के प्रवर्तमान अध्यक्ष अरुणहलधर परसों नई दिल्ली में अपने भाषण में कहा कि राज्य में अट्ठाईस से तीन सौ अनुच्छेदों के तहत राष्ट्रपति को नियुक्त किया जाना चाहिए।	आयोग के के नरेंद्र मोदी ने श्रीरंगखवाया था कि नई दिल्ली में छात्रों को अधिकार देने के लिए राज्य में आठ से अधिक-एक सौ से अधिक अनुशरण के तहत राष्ट्रपति को शासन का तहत अनुबंध देने चाहिए।
7	हिन्दी कवि मुंशी प्रेमचन्द ने साहित्य को "जीवन की आलोचना" कहा है।	हिन्दी कवियों ने हिन्दी केचन्द को साहित्य में लेला" जीवन की आलोचना" कहा।
6	भारत का यह तत्वपूर्ण नाम है।	भारत यह इन तत्त्वयें हैं।
4	हाथों, और पावोंमें चंद्रमंडलके समान गोल छेद करे तथा गुदा और लिंगमें शस्त्र लगाने की आवश्यकता हो तो बुद्धिमान् वैद्य अर्द्धचंद्राकृति छेद करे ।।	इसके पासे के रूप में हाथियों में कार से जो (, ऐसे) जो पाए और न ही वह प्राप्त करना चाहिये।
18	एक समाजिक इंटरनेट-प्रधानमंत्री ने संदेश में कहा कि विजयकांत तमिल फिल्म जगत के अग्रगण्य थे और उनके आकर्षक अभिनय से लक्षस लोगों के हृदय में बिठा गया है।	एक समाजिकांत- और देश में प्रधानमंत्री ने कहा कि विजयकांक्षी से फिल्म का सबसे आकर्षण थी, उनके आकर्षक सरकार ने लक्षक में हृदय के हृदय विजीई में विजीर्ण किया।
6	अहिंसक आंदोलन तो लोगों को मार रहा था।	अहिंसा आंदोलन को तो लोगों को मार रहा था।
16	डॉ. रजनी वीजी, सचिव, डॉ. गोविन्द सरकार, महोदया, संगठन द्वारा कही गयी सूचना पर गौर किया गया सार है.	यह सूचना सूचना में डॉ. रजनी वीजी के वी. रजनी वीजी महोदय ने किया, सचिव डाॅ गोविन्द जी ने निः का का निर्माण किया है।
1	मतैक्य	सभी तरह की नीति
15	अजय जब लगातार फिल्म की शूटिंग करता है तब इस वर्ष उनके वीडियो भी लगातार प्रदर्शित होंगे।	अजन् जब लगातार फिल्म को चित्र देने के लिए तब इस वर्ष उनका फिल्म भी निरन्तर प्रदर्शन के बारे में लगातार प्रदर्शन किये गये हैं।
3	वृक्ष से फल गिरते हैं।	वृक्ष से फल गिरते हैं।
5	प्रात: वेला का तुम सदुपयोग कर रहे हो।	सुबह का सदन का सदनपयोग करते हो।
10	डॉ. मेघनाद के कथन से दौलतसिंह जी अर्नेस्ट रदरफोर्ड महोदय के पास गए थे।	डॉ मेघियों के कहना से दौलत सिंह अर्पित रंक घर-
13	डेविड – हाँ, क्यों नहीं, ध्वज के ऊपर स्थित केसरी रंग त्याग व उत्साह का सूचक है।	डविड – हाँ, कैसे नहीं होता? ध्वज के ऊपर स्थित वह बाल के उत्साह का सूचित है।
6	उनके पास में ध्रुव तारा है ।	उनके पास वह तो होगा।
1	मटर	समूह
15	आगामि समय में उत्तराखंड के साथ हिमाचल प्रदेश में नलिका- प्राकृतिक हवाओं अर्थात पाइपड नेचुरल गैस की सुविधा प्रदान करने के लिए रास्ता प्रशस्त है।	अगले समय उना के साथ ही हिमाचल प्रदेश के नलिवल-बताया गया है कि ये पाइप के साथ-साथ सड़क देने की कोशिश कर रहे हैं।
6	इस योजना का तीसरा चरण भी आएगा।	इस योजना का तीसरा चरण भी आएगा।
10	इसके बाद उस धन के साथ दो हजार से अधिक छह हजार काम शुरू हुए।	और फिर छवि से छह से अधिक-दो हजार के वर्ष में काम शुरू हो गया।
11	विश्व की उत्पत्ति, स्थिति और प्रलय आदि के कारण माया के आश्रित होकर भी मायायीत, अचिन्त्यमूर्ति, आनन्दघन, उपाधिकृत दोषों से रहित, स्वयं प्रकाश स्वरूप, तत्त्वविद्, श्रीसीतापति रामचन्द्र जी को मैं नमस्कार करता हूँ॥	जो विश्व प्रसिद्ध सूर्य की दोनों प्रकार से अपनी माया का संहार करने वाले एवं मायामय, नित्य मायाकारक, आनन्दस्वरूप, आपको नमस्कार करता हूँ ॥
4	नौकर गाँव से आता है।	वैद्य शहर से आता है।
15	इस तरह से लोग अब विभिन्न दृष्टिकोणों, समय घटनाओं और उनके कार्यक्रमों के विचारों को सुनने में समर्थ हैं।	इस तरह से लोग इस समय विभिन्न दृष्टि से तासों के समान उनके कार्य को सफल करने के लिए विचारों को आकर्णना करते हैं।
4	गैस चूल्हा उसे पसन्द नहीं है।	वायु सर्जुना पसंद नहीं है।
11	जो दोष वर्षा हेमंत और ग्रीष्ममें संचय होतेहैं तथा जो शरद् और वसंत और प्राइम कोप करें (मनुष्यों को) उनकी शांतिका यत्न करना चाहिये ॥	वर्षा, हे पाठा, ऋतु के दोषों का दोष तथा संन्यास ( बर्धपन) करने में असमर्थ, क्षतक्षीण रोगियों को दिया ॥
6	आठ मिनट की निरीक्षण उड़ान के बाद, विमान सुरक्षित रूप से नीचे उतर गया।	आठ मिनट की अवधि के बाद, हवाई अड्डे पर सेल का आदेश दिया गया।
14	लोकसाक्षी पावक ने वहाँ से राम को वैदेही देकर कहा हे राम ! ये मैथिली ले जाओ।	लोक के समान पाव और वहाँ से वैरी राम को दमन देकर बोला हे राम! यह मैथिली घर की ओर ले जाया जाए।
8	निकोलस – ये राज्य ‘सात बहनें’ इस नाम से किस प्रकार कहे जाते हैं?	के आंदोलन – ये राज्य और राज्य को सात बहनें कैसे कहती हैं?
6	तुम मेरी बात नहीं सुनती हो।	तुम मेरी बात नहीं सुन रहे हो
5	जल्दी से वो पलँग के नीचे चली गई।	जल्दी से वह पगों के नीचे गई।
3	प्रबंधक को फोन किया।	होता था ने फोन किया।
4	हिमसंस्कृतवार्ता - कार्यालय का प्रतिनिधि।	हिमसंस्कृतवार्ता - कार्यालय का प्रतिनिधि।
17	हमारे राज्य का गढ़वाली और कुमौनी भाषा आठवें अनुसूचि में समाविष्ट हो, परन्तु हमारे आने वाले संतजन अपनी मातृभाषा में बात करें।	हमारे राज्य के 100 है, कु भूमिनी आठ बेसूक निष्पापा के लिए, लेकिन हमारा आन्त हे को देखते हुए दिख रहे हैं।
10	सुतीक्ष्ण बोले हे अनन्तगुण अप्रमेय सीतापते ! में आपके ही नाम का मन्त्र जप करता हूँ। हे अभिराम राम! श्रीशिवजी और ब्रह्माजी आपके चरणाश्रित हैं, आपके पादपद्म संसार सागर को पार करने के लिए जहाज रूप हैं। हे नाथ! मैं सतत् आपका दासानुदास हूँ ॥	हे राम! आप काल के समय भक्तिपूर्वक संसार के स्वामी, शिवविरक औरभी दोनों ही चरण धारण किये हुए हैं। आपके मन्त्र का जो आदि राम हैं, उन श्रीपवनजन्दन श्री राम का ही आपका स्वार्जन बच्चे और राक्षस-सीई धारण किये हुए हैं ॥
12	एक सामाजिक वार्तालाप में- सन्देश में विदेशमंत्री ने कहा कि पुतिन ने प्रधानमंत्री नरेंद्र मोदी को शुभकामनाएं दीं.	एक सामाजिकान्तान्त- संदेश में विदेश मंत्री ने कहा कि पुतिन प्रधानमंत्री नरेंद्र मोदी को प्रधान मंत्री नरेंद्र मोदी नेे को शुभकामनाएं दीं.
4	हम दोनों पाठक हैं।	हम दोनों पाठ पढ़ाते हैं।
5	बच्चों का गुरुकुल अलग है	बालकों का गुरु अलग अलग है।
9	वीं फेल और दक्षिण की फ़िल्म निघनी थी।	वांडे और दक्षिण की फ़िल्म बहुत ।
14	समुद्र में वृष्टि, भर पेट खाये हुएको भोजन, समृद्धिमान् को दान और दिनमें दीपक-ये व्यर्थ ही होते हैं	ये सिर्फ माँग रहे हैं समुद्र में अपना भस्म नहीं करना चाहिए। वे तो भोजन के लिए दीप प्रज्ज्वलित कर रहे हैं (तथा)
1	पश्चात् बैठता है।	एक प्रदर्शन से प्रदर्शन
10	उसके शरीर से तेज निकल कर सबके देखते देखते राम में समा गया यह देखकर देवता विस्मित हुए ॥	यह जो तेज गतिशील है, तेज गति से देखो। श्रीरामलोक के इस प्रकार श्रीराम को ही स्मरण किया जा रहा है। तब परम ब्रह्म लोक में ही सुख प्राप्त कर उसका परम धे ही स्मरण करता है ॥
8	उस वर्ष देहली-विश्विद्यालय के भौतिक विभाग के अध्यक्ष के रूप में उन्होंने भौतिक विषयों का शिक्षण प्रारम्भ कर दिया।	उस वर्ष दिल्ली-विश्व के कार्यालय में भौतिक विभागाध्यक्ष के रूप में, भौतिक विषयों का विषय शुरू करते हुए उन्होंने भौतिक विषय शुरू किया।
3	छोटा बच्चा लड्डू थोड़ा सा खा रहा है।	बच्चा लड्डू लड्डू रहा है।
8	शनिवार सुबह हाड़ी समुदाय के कई लोगों को सचिवालय के मुख्य सचिव समिति में शामिल किया गया।	शनिवार को दोपहर 3टी समुदाय के बहुत से सचिवालय की मुख्य सचिव के रूप में कार्यरत थे।
7	हत्येता नागरिकों को शस्त्र भी मिल चुके हैं।	हालाँकि, कलियों को वेदि से शस्त्र भी प्राप्त हैं।
7	अंत में कार्यक्रम का समापन संस्कृत विभागीय शिक्षकों द्वारा शांति पाठ के माध्यम से हुआ।	अंत में कार्यक्रम का समापन संस्कृत विभागीय शिक्षकों द्वारा शांति पाठ किया गया।
16	पिता की पैरवी करके मिलिंद देवड़ा ने भी कांग्रेसपक्ष में अपने कार्यक्षेत्र का आरम्भ किया, लेकिन अब सम्बन्ध टूट गया है।	पिता की अनुसरण करके मिलिन्द देवड़ा ने भी कांग्रेस पक्ष का आरम्भ किया, लेकिन अब सम्बन्ध भंगू ने किये।
7	योग दर्शन की अध्येता और अनुसंधानकर्त्ता के रूप में आपका अनेक वर्षों का लम्बा अनुभव है।	योगदर्शन का विदुषीपुत्र के शोधक के शोधन से 20 वर्षों का अनुभव है।
5	अतः वह बोला – नौ ही हैं।	इसलिए वह बोला -न ही हैं।
8	जो कोई अनादर पूर्वक भी किसी से अध्यात्मरामायण का श्रवण करता है, वह भी पातकों से मुक्त हो जाता है ॥	हे मुने! तथा अन्य यह भी नहीं है, अन्य कोई भी सुनो, वह भी सुनो। फिर भी वह मुग्ध उसकी वाणी भी निष्पाप होती है।
10	रविवार रात को केलांग में पर्दे को कम कर दिया गया।	रविवार को रात में कैला शहर में सबसे कम डिग्री व्या ।
16	एसजेवीएनएल के तत्कालीन अधिकारियों और एक निजी कंपनी के प्रतिनिधियों के खिलाफ विभिन्न किस्मों से यह मुद्दा दर्ज किया गया है	एसजेवीएनएल की यह बात के अधिकारी भी एक मामले, एक निजी निजी सरकार के खिलाफ विभिन्नी से यह मामले दर्ज किया गया है।
5	आज रविवार है न !	आज रविवार है न !
7	वायरस के बारे में स्थानीय-अंतरराष्ट्रीय-संस्थाओं के सहयोग से निगरानी को मजबूत किया गया है।	वैनेपन के बारे में स्थानीय-अन्तारा- संस्थानों के साथ निरीक्षण किया जा रहा है।
4	माँ कैसे उतरती है ?	माँ कैसे उतरती है ?
10	लेकिन अभी तक ड्रैड्डी-निर्माताओं को इस विषय पर आधिकारिक वक्तव्य नहीं मिला।	लेकिन अब तक डड्डी-कें इस विषय पर डॉक्टर नहीं मिली।
3	आप चतुर हैं ।	आप तो ।
10	उन्होंने कहा कि अपना वीरभद्रसिंह ने राज्य में धर्मान्तरण से विरोध करने का विधेयक लाया था।	उन्होंने कहा कि अपने वीरभद्रसिंह राज्य में धर्म के प्रसार को पूरा किया गया था।
18	सत्य नियमों वाले सभी के प्रेरक सूर्य देव के समान इन पासों का तिरपन का समूह अक्ष पट्ट पर खेलता है। ये पासे भयानक और क्रोधी पुरुष के आगे भी नहीं झुकते हैं इनके लिए तो राजा भी नमस्कार करता है	त्रिपादिकाो (लके ) परो, तीनों देवताओं के समान नहीं है। ये नये सूर्य के समान है। नदियाँ, नश्वरता के समान कानों को नमस्कार करता है। किन्तु राजाओं द्वारा नमस्कार है ।
5	ठीक है, दत्तचित्त के अनन्तर तुमसे सुनिये बेटा।	ठीक है, दिया द्वारा तुम पुत्र को मारिये।
5	दीपक के चारों ओर कीड़े हैं।	दीप के चारों ओर कीड़े हैं।
9	इला – चिंता मत करिये भैया ! अब चित्र ले लीजिये।	इला – चिन्ता न करो भैया ! अब चित्र एक बार फिर से नाराजें।
9	विद्यालय परिसर से मिलन-चौक तक बैठकें हुईं। फिर विद्यालय आकर वह पूर्ण हो गया।	विद्यालय परिसर से मिल गया और हमारे लिए सभा गई। फिर से विद्यालय आकर वह फिर से स्कूल आकर वह सब जगह आयेगा।
13	कार्यक्रम रायपुर के विज्ञान कॉलेज के प्रांगण में आयोजित किया गया, जिसमें राज्य के राज्यपाल विष्णु भूषण शामिल थे-हरिचन्दन ने शपथ ली.	कार्यक्रम यह रायपुर के विज्ञान कॉलेज के प्रानिमल में समूष्ठ-उन्हें राज्य के राज्यपाल विष्णु- हरिद्वार ने शपथ ली।
14	इस अवसर पर श्री सिंह हा वर्या ने कहा कि प्रधानमंत्री नरेंद्र मोदी के नेतृत्व में सरकार सशक्तीकरण के लिए प्रतिबद्ध है।	इस अवसर पर श्री मोदी ने कहा कि प्रधानमंत्री नरेंद्र मोदी के नेतृत्व में सरकार शक्तिशाली बनाने के लिए प्रतिबद्ध है।
25	सिंस्टाइन आश्चर्यचकित हो गया ! तब वह बोला, "सम्यक्, मैं जहाँ अग्रिमसभा जाता हूँ, वे मुझे नहीं जानते हैं, आप मेरे स्थान पर भाषण दीजिये, मैं आपका ड्राईवर बनूँगा।	आइटाइटा आश्चर्यचकित हो गया था, तब वह बोला, "समर्थन जा रहा हूँ, तुम मुझे यह स्थित जानते हैं, तुम मुझे नहीं जानते हो, तुम मेरी स्थान पर भाषण दें।
11	लोगों का विश्वास है कि राहुकेतु ग्रह के कारण चंद्रग्रहण या सूर्यग्रहण होता है।	इसका कारण इस कारण का कोई कारण बनता है, चंद्रमा की कक्षा में सूर्य ग्रहण करना, सूर्य की विश्वास है।
4	कौनसे दो काम ?	दो क्या काम में ?
8	मुख्यमंत्री आयव्ययक की प्रस्तुति के बाद वे मीडिया के साथ बात कर रहे थे।	मुख्यमंत्री आयव्ययक के प्रस्तुत के बाद मीडिया के साथ बात करते थे।
4	एकता की भावना शक्ति की परिचायिका है।	एकता - भावना शक्ति की परिचय है ।
8	बहुत से लोग राखी भेजने के लिये यहाँ आए हैं ।	बहुत से लोग राखी भेजने के लिये यहाँ आए हैं
6	राम मंदिर का स्पर्श तब तक सुलभ नहीं था।	राम मंदिर को छू नहीं था।
12	अरे उस प्रेम-धाम हरिका नाम भज, [क्षण- क्षणमें] बाहर निकलनेवाले श्वासपर क्या विश्वास है ?	अरे ! बुद्धिहीन लोगों की में. (मेरे द्वारा) अपने घर में आने वाले निवास स्थान पर लीन हो जाती है, तथा बाहर पर विश्वास करना चाहिए।
11	वहाँ से वे ड्राईवर सोचकर कार के पास आ गए।	फिर वे चलकका ही आइंस्टाइयों के पास आया।
5	वे छात्र संस्कृत पढ़ते हैं	वे छात्र संस्कृत पढ़ते हैं
4	पंजाब का भाँगड़ा देखा।	पंजाब का भाँगड़ा देखा।
5	कभी रीछ भी देखे हैं वा नहीं ?	कभी कभी भी देखा था वा नहीं ?
8	रावेल और रेंटिला गांवों के क्षेत्रों में आसमान से गोल चट्टानें गिरीं।	रावल् रती रटों के गाँवों में क्षेत्र के प्रदेशों में गोलों को आकाश में उड़ गया।
6	आप उस दिन क्यूँ नही आये?	उस दिन आप क्यों नहीं आए ?
1	कहा।	दगाबाजी
6	आज के वाक्य आप ही पढ़िये।	आज के वाक्य आप ही पढ़िये।
4	वे अशिक्षित नहीं हैं।	वेशिक्षित नहीं हैं।
11	वार्ता के अनुसार अग्रिम- आरक्षण के कारण संयुक्त राज्य अमेरिका में भी इस फिल्म का अर्जन बहुत अच्छा है।	वार्ता के अनुसार, यह फिल्म कारण में अमेरिका में भी इस फिल्म का जीत बहुत अच्छा है।
10	1 दिसंबर को इस फिल्म की विज्ञापन बुक प्रदर्शित होगी, ऐसा कहा गया था।	कहा जाता था कि 1 दिसंबर को इस फिल्म की स्थापना प्रदर्शित की जाएगी।
8	संयोजक जिला शिक्षक-प्रशिक्षण प्रमुख ओंकारवर्मा ने इस कार्यशाला में समग्र शिक्षा आयोग के आभार व्यक्त किये।	संयोजक जिला शिक्षक- प्रशिक्षण प्रमुख ओउम्कार शर्मा ने इस कार्यशाला में समग्र शिक्षा क्षेत्र के लिए आभार व्यक्त किया।
4	शाम को वह कार्यालय बन्द करता है।	शाम को वह कार्यालय बन्द कर रहा है।
7	संयुक्त राष्ट्र महासभा की अध्यक्षता आज शीर्ष पर है-विश्वास की पुष्टि	संयुक्त राष्ट्र की अध्यक्षता वह इस समय शीर्षक में शीर्षक-विश्वास का बहू निर्माण करने की अध्यक्षता है
8	ये वस्तुएँ बनाने में प्रायः एक सप्ताह होता है।	ये वस्तुएँ बनाने का प्रायः 1 सप्ताह होता है।
11	रविवार को कुल्लू, चम्बा, शिमला, किन्नौर, लाहौल-स्पीति-यह सैकड़ों गांवों में तीव्र लू का पीला दृश्य था।	रविवार को कुल्लू, चम्बा, शिमला, लाहौल- लाहौल-स्
1	मौसी	मौसा
12	पति के पास जाकर वह हैरान रहकर प्यार से उसका सुंदर चेहरा देखती थी।	पति के पास जाकर वह भूलकर वह भूल कर उसका सौ मुख देखता था।
7	आपका भार बहुत अधिक है।	आपका भार बहुत अधिक है।
4	दीवान स्तब्ध हो गया ।	दीवान स्तम्भ हो गया।
15	फिर तुम्हारे बंधनों को देखना, पंपों की प्राप्ति, सुग्रीव के साथ तुम्हारी मित्रता, जब तुमने बाल्यावस्था का त्याग किया।	फिर तुम्हारे कबंध- से यह पत्तों से देखने की केतकी, और सुग्रीव के साथ तुम्हारे समान कार्य हुए।
5	राष्ट्र की रक्षा के लिये हमें भी कुछ करना चाहिये।	राष्ट्र की रक्षा के लिये हमें करना चाहिये।
10	क्रिकेट परंपरा के पहले टूर्नामेंट के पहले मैच में बैटिंग करने वाली ऑस्ट्रेलिया की टीम 177 रन पर आउट हो गई।	ऑस्ट्रेलिया की पहली प्रतियोगिता के पहले मैच में गेंदबाज़ रिक्टर को 177 रन बनाए।
9	मन को हरने वाले फूलों को देखकर दुःखित मनुष्य का मन भी प्रसन्न हो जाता है।	मनोहारीणि को देखकर दुःख देखकर दुःख का मन भी प्रसन्न होता है।
6	बच्चे के साथ बगीचे भी कार से जाते हैं।	बालक के साथ उद्यान भी कार से जा रहे हैं।
3	यह किसने किया।	यह किसने किया था?
10	धर्म की रक्षा के लिये जिन्होंने काम किया उन्हें भी प्रायः हम नहीं जानते हैं।	धर्म की रक्षा के लिये जिन्होंने काम किया उन्हें भी प्रायः हम नहीं जानते हैं।
6	मुख्यमंत्री सेवा संकल्प-हल्प लाइन योजना में कृत्रिम बुद्धि का उपयोग होगा।	मुख्यमंत्री सेवा संकल्प- हेल्प दिया योजना में कृत्रिम बुद्धि का उपयोग होगा।
5	सुजाता – आओ हर्षा !	सुता – आओ हर्ष !
3	यज्ञ में आहुति देंगे ।	यज्ञ में आहुति दी जाती हैं देने पर
7	आज वह भाजपा राज्यकोरस समूह का सदस्य भी है	इस समय वे भाजपा राज्य के सदस्य का सदस्य भी हैं
6	श्रीमती जानकीत्रिपाठी ने सबको कृतज्ञता प्रकट की है।	श्रीमतीतीनवारी सबको अपनी में करने का प्रयास करता है।
14	लक्ष्मण ने हनुमान को कहा कि वानर राज सुग्रीव हम दोनों के साथ मित्रता की इच्छा करता है, इसीलिए तुम को यहाँ भेजा । इसीलिए हम दोनों भी तुम्हारे वचन के अनुसार उनके साथ मित्रता को स्वीकार करना चाहते हैं।	जिस प्रकार ब्राह्मण श्रीराम को सुग्रीव के पास ले जाया गया, उसी प्रकार वह राम के लिये तुम्हारे लिये काम किया। उसी प्रकार से तुम्हारे लोग तुम्हारी ही सजा सुनाई जाएगी, उसी प्रकार तुम्हारा आधे-कभी अपने विचार प्रस्तुत करेगा।
8	यदि ऐसा है तो शस्त्र श्ख्तर चलाने में और युद्ध में कुशल बड़ी लड़नेवाली ख जाना और अन्नादि साम्री सहित सेना यृद्ध के लिये भेजनी चाहिये।	और भी, लापता, युद्धाई, युद्ध की इच्छा, लिपिन आदि सेल, सेना आदि को युद्ध के लिए भेज दो।
6	यह भगवान शेष का अवतार है ऐसा मान्यता है।	यह भगवान् की शेष है कि यह खबर का शेष है कि यह सच का शेष है।
12	इस प्रकार विरह से व्याकुल होकर वह गुह के साथ उस स्थान पर जा पहुंचे जहाँ पर श्रीरामजी के रात्रि के समय निवास किया था। वहाँ पहुंचकर भारत जी ने कुशाबिछे हुए भगवान् के उस शयन स्थान को देखा ॥	तदनन्तर उस राम ने वहाँ पहुँचकर अपने आप को देखा कि राम ने वहाँ पहुँचकर वन में रहने वाले जहाँ शयन किया ॥
5	क्या आप भी कसरत करती हैं?	क्या आप भी व्यायाम करती हैं?
11	परन्तु हे परन्तप अर्जुन! अनन्य भक्ति के द्वारा मैं तत्त्वत: 'जानने', 'देखने' और 'प्रवेश' करने के लिए (एकी भाव से प्राप्त होने के लिए) भी, शक्य हूँ!।।	हे निष्पाप । आपको छोड़कर मैं तुम्हें ही नि:सन्देह मुक्त कराने की इच्छा और पालन से अब उसका द्वारा तत्त्व को पूछने के लिए, परन्तु तुम मुझे तत्त्व से दिया हुआ जानों,
20	जब मैंने जाना कि हिमाचल प्रदेश गुणवत्तापूर्ण शिक्षा में शीर्ष पर रहा है तब मुझे यह पता लगाने की कोशिश की कि इसके पीछे क्या मुख्य कारण है?	जब मैंने पता चला कि हिमाचल प्रदेश में यह पता चला कि हिमाचल प्रदेश से क्या मुख्य स्थान पर पता है, तब इसके बाद क्या मुख्य कारण है?
5	गुजरात में विधानसभा चुनाव के पहले चरण का मतदान गुरुवार को होगा.	गुजरात में विधानसभा चुनाव की पहली चरण का नाम गुरुवार को आयोजित किया जाएगा।
1	बनाया जाता है	तैयार होती है
11	राज्य सरकार ने सरकारी विभागों में वाहनों की आवश्यकता को पूरा करने के लिए ई-टेक्सी अनुबंध को लेने की अनुमति दी गई है।	सरकार विभागों को आवश्यक आवश्यकता को पूरा करने के लिए राज्य सरकार ने ई-ट्यूट को लेना किसी अनुमति दी है
7	यह फ़िल्म अप्रैल की-दिनार में प्रदर्शित करेगी।	यह फ़िल्म अप्रैल की-चुनाव की- तारीख को.
6	सज्जन परोपकार के लिए कष्ट अनुभव नहीं करता।	सज्जन परोपकार के लिए कष्ट अनुभव नहीं करता है ।
8	घग्गर नदी के ऊपर की पुल पुल भी आ जाने के लिए बंद कर दिया गया है।	घमगर नदी के ऊपर बने पुल भी आने वाले कोपीड़ा जाने के लिए बंद कर दिया गया है।
5	अभी मैंने सारे काम पूरे किये।	अभी मैंने सारे काम पूरे किये
6	हाँ ... यहाँ जगह सही है।	हाँ ... यहाँ जगह सही है।
16	साथ ही मुख्यमंत्री महोदय के व्यक्तिगत सहायक श्री बलवीर राव महोदय, कांग्रेस-खंड-समिति केखंडाध्यक्ष ने भी विशेष अतिथि के रूप में भाग लिया।	साथ ही मुख्यमंत्री महोदय श्री बलवीर सहव ने श्री बलवीर राव ने कांग्रेस-खंड-खंड के खंड के अध्यक्ष भाग लिया।
5	क्रोधित किसान ने उसको उठाने के लिए बहुत बार प्रयत्न कि	क्रुद्ध किसान तमुनि को प्राप्त करने का अवसर बहुत ही करते हैं।
20	बनर्जी ने कहा कि, "मैंने उनको जो भी याचिका दी, उन सब नेस्वीकृत कर दी" इसलिये हमने बंगाल में एकता के चुनाव लड़ने का फैसला किया है.	बनर्जी ने कहा कि, "मज़र ने उन्हें कोई भी प्लेट दिया, उन्होंने सर्वंग जोंग में एक चुनाव में एक चुनाव करने का फैसला किया।
17	मोदी ने कहा कि संपूर्ण विश्व में भारतीय प्रवासियों के योगदान की उपलब्धियों के लिए यह उत्सव महत्वपूर्ण है।	मोदी ने कहा कि पूरे विश्व में भारतीय-प्रवासीों के योगदान की उपलब्धियों का उत्सव है।
5	दुःखी प्रजा दयालु ईश्वर से दया मांगेगी।	दुःखित प्रजा दयालु को वह दही दिया जाएगा।
1	चौखूंट	चारों ओर से।
10	अंतर्राष्ट्रीय हवाई अड्डे के उद्घाटन से पहले, प्रधानमंत्री ने अयोध्या में लतामंगेश्कर चौक के स्थान का निरीक्षण किया।	अंतरराष्ट्रीय हवाई अड्डे के बिगड को पूर्व प्रधानमंत्री अयोध्या में लतामंगेश चौकुंड में चौक पर निरीक्षण किया गया।
8	ठीक है महोदय ! आपकी विमान टिकट तैयार है।	ठीक है महोदय ! आपकी विमान टिकट तैयार है।
1	अटारी	जोरों
5	लालची लड़की ने लालच का फल पाया।	लुटे बालवाला ने धीरे धीरे मिला।
6	आप फोन कर लें ऐसा कही थीं।	आपने फोन किया है यह कहा ।
1	आत्म संतुष्टि	अपनी बुद्धि से किया हुआ।
6	मैं वाहन चलाने में निपुण हो गया	 ⁇  कारने चलाने में निपुण हो गया ।
9	केवल पश्चिम के लोग इस दुरुपयोग को करके देश को अधिराज्य में स्थापित कर दिया।	इसी प्रकार पश्चिमी में इसका दुरुपयोग करके देश में भूमि का विस्थापन किया।
5	आज प्रातः आए क्या ?	आज प्रातः आ गया क्या ?
10	अगले 24 घंटों में24 मिनटमौसम विभाग ने भारी बारिश का अनुमान जताया है.	वातावरण 24 घंटे में 204 से अधिक हो4 लडव जिले में 14 ।
8	भोगविशेष की कामना से जिनका ज्ञान हर लिया गया है, ऐसे पुरुष अपने स्वभाव से प्रेरित हुए अन्य देवताओं को विशिष्ट नियम का पालन करते हुए भजते हैं।।	काम, दान और तप ये इसके द्वारा किये गये हैं, इस प्रकार उस देवता को नियम रूप से बढ़ाया गया है इसलिए उस ज्ञान को तुम मुझसे अपने द्वारा बंधे हुए किया गया है।।
13	एटीएस अधिकारियों ने कहा कि पंजाब की जेल में बंद एक विदेशी नागरिक इस अपराध का मास्टरमाइंड था।	एटीए ने कहा कि जब तक रेलबद्ध और एटीएसट्य ने कहा था कि टिकरी के अधिकारियों ने कहा।
5	यह मुकुट किसने बनाया ?	यह सुखुत किसके समान कैसे ?
10	दुर्जन और कांटे इन दो चीजों से बचने के दो ही उपाय हैं, या तो जूतों से इनका मुंह कुचल दिया जाए, उसके अस्तित्व को ही समाप्त कर दिया जाए अथवा उनको दूर से ही त्याग दिया जाए।	दुष्टों का कानों में ही की अथवा इनको जीतने का काम और शहद का के पास से, के दूर से समय भी मिलते हो, इसलिए दूर से ही
11	सुदैव से तुम के सहयोग से रावण को मारकर मैं सब लोकों का प्रवृद्ध होकर दरुण हो गया	सुदैव से तुम को मारकर मैं तुम्हें लोक की प्रवक्ता (बक्सा) करके आपका मन इस लोक में और न ही लीन हो सकता है।
9	पिछले वर्ष सरकार ने पात में समय कम करने का निर्णय किया था।	पिछले साल सरकार ने पेंट पर अवधम कम करने का निर्णय लिया था।
3	अनेक वृक्ष गिर गए।	अनेक वृक्ष अपू हो गए हैं
4	जिसका अब समाप्ति हो गई।	जिसकी अब समाप्त हो गई है
9	उस मन्त्री ने प्रजाओं को 'पेट तथा अंगों की कथा सुनाकर उनकी अनुकूलता प्राप्त कर ली।	वह अनमाया प्रजा 'उदच' कहते हैं। वह सभी बताए ।
1	सामान्य	हुए
9	चन्दन – तो जल्दी ही पूजा करो और प्रसाद को दो	चन्दन – तो, जल्दी ही पूजा करो। प्रसाद को दो।
16	इनमें से उन्ना-हमीरपुर-बिलासपुर नालागढ़-बद्दी- अर्की कुनिहार नगरों में भी सिरमौर जिले का नाहन पौंटा-बताया गया है कि वे शहरों के साथ संभावित हैं.	इनमें से उन्ना- एकन-बताया गया-बद्दी- अर्की- अर्की- अर्की में कुनिहार- एकनब शहर के लोगों के साथ नीति-संधियों के साथ नीति-संस्कार प्रकट नहीं किया गया है।
4	गाड़ी ठीक है।	वाहन अच्छा है।
3	वह पेंसिल तीखी कर रही है।	वह पिसू छीनती है।
9	सञ्जहार शब्द में हकार के स्थान पर भकार के आदेश से सञ्जभार का रूप सुना जाता है।	संजय शकार, इस तरह के छकार के आदेश से संजय भार के लिए संजय सुना है।
4	राम – किस सम्बन्ध से? (किस नाते से)	राम – किसके सम्बन्ध से?
6	हे रोगी ! बाहय और दिव्य मुनि तथा राजऋषि और पर्वत तथा सब नदी और समस्त समुद्र तेरी रक्षा करो ॥	पाठा और पाठाओ ब्राह्मण राजर्षि राजर्षि को हैं।
21	है हरे में आपके चरणयुगलमें इसलिये नमस्कार नहीं करता हूँ कि मेरे इन्द्र (शीतोष्णादि) नाश हों, कुम्भीपाकादि बड़े-बड़े नरकोंसे बचा रहे और नन्दनवनमें कोमलाङ्गी अप्सराओके साथ रमण करूँ अपितु इसलिये कि मैं सदा हृदय- मन्दिरमें आपकी ही भावना करता रहूँ	हे राम! आपके चरण कमलों को न तो श्रीराधा का आपके चरणों में भी जाना चाहिए, या तो भी ना ही हो सकता है। रौग के समान पृथ्वी पर भी न कभी हृदय में ही रहना चाहिए।
14	यदि कोई छात्र पूर्णपाठ्यक्रमशुल्क देकर पाठ्यक्रम को बीच में छोड़ देता है तो शेषशुल्क के दिनों में उसे वापस आ जाएगा।	यदि कोई छात्र पूर्ण पाठन का पाठ्यक्रम देकर पाठ्यक्रम को छोड़ने में छोड़ देता है तो शेष शुल्क में उसे लौट जाएगा।
4	अभी सब सध्या खा रहे हैं।	अब सभी सधियाँ खाते हैं
4	क्या आप लिखती हैं ?	क्या आप लिखती हैं ?
8	छात्रों के लिए प्रशिक्षण संस्थानों के लिए भी नेट बुक का निर्माण करना होगा।	छात्रों को प्रशिक्षण संस्थानों के लिए भी नेटवर्क बनाओगे।
11	हे राक्षसेन्द्र उससे हृदय बिद्ध होने से में आकाश में चक्कर काटता हुआ समुद्र में आकर गिरा। तभी से में भयभीत होकर इस निर्भय स्थान में रहता हूँ॥	उस समय आकाश में राजा दशरथ अद्ध हुए राक्षस में गिरफ्तार किया और गयूं चोंच से अपने शरीर में गिरफ्तार किया और यह भय से भाग लिया ॥
21	पशुपालकों और किसानों के हित के लिए सरकार ने कई मजबूत निर्णय किये हैं, जहाँ दूध के बाजार में रुपये की बढ़ोतरी भी है, उन्होंने कहा कि राज्य में जनवरी से गोबर खरीदने की योजना शुरू हो गई है।	पशु ने बच्चों और किसानों के हित के लिए सरकार द्वारा कई दृढ़ निर्णय लिया, जहां दूध की कीमत में रुपये की बढ़ोतरी की गई है वह बोला कि राज्य में जनवरी से गोबर की कीमत शुरू हो गई है।
7	वो दोनों जने शान्त हो गए ।	वे दोनों घूमे उत्पन्न हुए
4	शत्रु राजाओं से डरता है।	शत्रुओं को राजा के रूप में पढ़ता है।
6	महाबलि असुर के सत्कार में यह पर्व मनाया जाता है।	महाबली को ही राज्य का लिए आदर दिया जाता है।
1	मालूम हुआ	पता चला
6	हिमालय से लेकर कन्याकुमारी तक भारत फैला हुआ है।	हिमालय से कन्या की ओर जब तक भारत को विस्तृत था ।
8	बुद्धि भी बढ़ती है। रोग से हीन शरीर और भाइयों का प्रेम बढ़ता है।	बुद्धि और बल से हीन का शरीर और में से है।
7	वो दोनों जने शान्त हो गए ।	वे दोनों घूमे उत्पन्न हुए
12	घोषणा करने वाले समूह ने राज्य सरकार द्वारा हाड़ी समुदाय को अनुसूचित जाति की पदवी को देने के लिए केंद्र सरकार द्वारा पारित एक विधेयक पर आरोप लगाया है।	केंद्रीय सरकार ने समूह को राज्य सरकार की अनुसूचित जाति समुदाय को देने के लिए केंद्र सरकार द्वारा पारस्परिक विधेयक का आरोप किया।
10	इसने संसदीय कार्यों के दो कार्यसूचक और वित्त विभाग के दो कार्यसूचक पर सहमति दी है।	इस संसदीय कार्यों के दो कार्यसूची वित्त विभाग के दोनों कार्यसूची डॉक्टरों के साथ बैठक की गई।
10	प्रशिक्षण पाने के लिए जो शिक्षक आए थे उन्हें भी उत्साह के साथ भाग लिया गया।	प्रशिक्षण पाने के लिए जो शिक्षकों को आए थे ने भी उत्साह के साथ भाग लिया।
4	वह बुद्धिमान् ( इन्टेलीजेंट ) है ।	वह मेधावी है
7	आज तो उसके घर मांगलिक काज हो रहा है।	आज तो उसके घर में मागल काम हो रहा है।
5	अल्पाहार में वह उबले चने खाता है।	नाश्ते में वह कहाँ से चोंच खाता है।
6	विश्व की प्राचीनतम ग्रन्थ ऋग्वेद में काशी उल्लिखित है।	विश्व की प्राचीनतमग्र में ऋण का उल्लेख किया गया है।
1	आरम्भ	आरम्भ
5	कंघी से मेरे बालों को सही करता है	कन्या अपने बालों को अच्छा करता है ।
21	सभा को संबोधित करते हुए प्रधानमंत्री ने कहा कि अब देश में व्यापार-कार्यों में सुगमता, एक इन इंडिया उपक्रम, सुष्टुतर-संम्पर्क-साधनों और अन्य विभिन्न क्षेत्रों का विकास हुआ है।	सभा को संबोधित करते हुए प्रधानमंत्री ने कहा कि अब देश में व्यापार-कार्यों में सुगमता, मेजर इन इंडिया उपक्रम, सुष्टुत-संधियों का, अन्य विभिन्न क्षेत्रों का विकास हुआ।
15	अमेरिकी नौसेना ने बताया कि रक्षा पहल के हिस्से के रूप में कनाडाई पी3 विमान द्वारा स्थापित सोनार द्वारा ध्वनि तरंगें एकत्र की गईं।	संयुक्त राज्य अमेरिका द्वारा किया गया एक विमान का बंद होने से शहीद हवाई अड्डे से उबरने की-चुनाव के बाद यह दूरदस में उन्हें पता नहीं किया गया।
4	अभी वह टी वी देख रही है।	अब वह दूरदर्शन देखता है।
1	अक्षर	अक्षर
4	मुझे आप से बहुत आशा थी ।	बहुत समय तक आपके प्रतिक्षत हुआ।
8	बाह्य अंतरिक्ष देवदूतों की ओर से अब तक हजारों अवशेष बाह्य अंतरिक्ष में ढेर हो चुके हैं।	बाहर से आकाश में अब तक अब नजर तक हजारों शेष रह गए हैं।
9	वहीं बुधवार दोपहर 12 बजे प्रधानमंत्री नरेंद्र मोदी लक्षद्वीप के कवरती पहुंचेंगे.	वहीं बुधवार दोपहर बारह बजे प्रधानमंत्री नरेंद्र मोदी को लक्षद्वीप के कवर-ेग पर कवर का कवर को पाएगा।
8	बोलो क्या कहना चाहती हो। आज कार्यालय बन्द है क्या ?	कहिये क्या बोलना चाहता है? आज कार्यालय का विराम है?
4	वह बच्चा अंधेरे से डरता है	वह बच्चा से डर से डरता है।
9	स्वाभाविक मित्र तो भाग्य से ही मिलता है । वह स्वाभाविक मित्रता को विपत्तियों में भी नहीं छोड़ता है अर्थात् सच्चा मित्र बड़ा दुर्लभ है |	यह पुरुष अपने चराचर जगत् में भाग्य से और भाग्य की वृद्धि होती है। वह तो केवल इस संसार में उत्पन्न हुआ व्यक्ति उत्पन्न नहीं करता है।
7	सच कहूँ , मैंने कुछ भी नहीं खरीदा।	सच कहूँ , मैंने कुछ भी नहीं खरीद लिया।
7	प्रकृतिमाता – मैं प्रकृति तुम सबकी माँ हूँ।	प्रकृति माता – मैं प्रकृति युद्ध में जन माता आदि जन जन हैं?
7	राम- मुझे भी गुरुवर का आदेश सम्माननीय (मानने योग्य) है। क्योंकि –	राम – मैंने भी सम्माननीय है। मुनिश्रेष्ठ ही मुनिश्रेष्ठ।
6	मैं भी नहीं जानता, परन्तु सूर्यसिंह जानता है।	मैं भी नहीं जानता परन्तु सूर्य सिंह को जानती है।
10	सूचनाप्रसारण मंत्री अनुराग सिंह ठाकुर ने भी आज सशस्त्र सेना के ध्वज दिवस के अवसर पर सभी को नमस्कार किया।	सूचना प्रसारण मंत्री अनुराग सिंह ठाकुर ने भी आज सशस्त्र सेना को ध्वज झुकना के अवसर पर सभी को नमस्कार किया।
6	जब लौटाना होता है तब कष्ट अनुभव होता है।	जब लौटा होता है तब कष्ट का अनुभव किया जाता है।
9	इसके बाद, अग्रिम सत्र में विभाग प्रमुखों एवं आयाम प्रमुखों ने अपना-अपने-अपने विभाग का अपना-वह के बारे में जानकारी दी गई.	उसके बाद अगले सप्ताह विभागों द्वारा आयाम के बाद अपनी-स्विनी अपने-अपने विचार को प्रस्तुत किया।
7	वोटों की गिनती हिमाचल प्रदेश के साथ 8 दिसंबर को होगी.	हिमाचल प्रदेश के साथ 1 दिसंबर को वोटों की गिनती होगी।
4	राधा के द्वारा काव्य लिखा जाता है।	राधिमें कविता लिखती है ।
29	यह रेलगाड़ी सुबह साढ़े आठ बजे अमृतसर से उतरकर दोपहर में पुरानी दिल्ली स्टेशन से पहुंच जाएगी-यह प्रतिफल के रूप में रेलगाड़ी पुरानी दिल्ली स्टेशन से दोपहर में अमृतसर की ओर प्रस्थान करेगी, उसी प्रकार नई दिल्ली से चल रही वंदे भारत रेल 8 बजे कारानगर में पहुंच जाएगी।	यह रेलगाड़ियों में सुबह 10 बजे अमृत बजे अमृत राजगाना को दोपहर 1 बजे तक की सबसे को हुई थी-यह रेल को एक रेल से दोपहर 1 बजे अमृतसर से अमृतसर में एक आधे-यह एक जावा है।, उसी प्रकार नई दिल्ली से चल रहा है।
5	मैं मधुमेह रोग से पीड़ित हूँ	मैं मधुमेह रोग से पीड़ित हूँ
1	वह	वह
6	पुलिस को देखकर कुछ लोग रास्ता बदल देते हैं।	पुलिस को देखकर कुछ लोग रास्ता बदल देते हैं।
8	इसी प्रकार क्षणभर में उन्होंनेन्हों का रोमांचक युद्ध हुआ।	इसी प्रकार एक रोती जी रोम की युद्ध में युद्ध तो युद्ध हुआ।
20	वहाँ पर अतुल पराक्रमी वानरों का राजा सुग्रीव अपने भाई के भय से हमेशा अत्यन्त भयभीत होकर अपने चार मन्त्रियों के साथ रहता है। ऋषि के शाप के भय से वह स्थान सर्वथा वाली के अगम्य है। हे प्रभो! आप वहाँ जाएं और सुग्रीव से मित्रता करें। वह आपका सभी कार्य सिद्ध करेगा। हे रघुनन्दन! मै आपके सामने अब अग्नि में प्रवेश करूँगी ॥	हे राम! उसी समय आप स्वयं आया है। उनके समीप से रामके आप नाम की ओर चल रहे थे। जिसके समीप महान राम आनन्दित हुए। तत्पश्चात् श्री रामचन्द्रजी ने भाई का रूप धारणकर उनकी ओर से उसके दोनों के सामने आकर वह राम के पास पहुंचकर उसका स्मरण किया। तब उनके द्वारा राम से सुग्रीव की थी।
2	प्रसन्न या कोमल और कठोर	प्रसन्न होते हुए
3	वैज्ञानिक सतत प्रयत्न करते हैं।	वैज्ञानिक निरन्तर प्रयत्न करते हैं।
4	वे दोनों बरतन खरीदते हैं।	वे दोनों बर्तन खरीदते हैं ।
13	परन्तु इनमें भी सर्वश्रेष्ठ तो जीता है, या मानवों के प्रति किया गया मानवमन में उत्पन्न हुआ प्रेम है।	परन्तु ये दोनों भी सर्वश्रेष्ठ हैं, और जी को अपने प्रति जीचर का भोग कर देते हैं। यह प्रेम है।
6	सुनो , सीधी तरह से बाल कटवाना।	सुन, सरलता से बाल काट देना चाहिए।
10	वनवासियों के प्रिय राम आदि रथपर चढ़कर ही वन को जायेंगे। ऐसा कह ये सीता और लक्ष्मण के सहित राम को देखकर दुःख से पृथिवी पर गिर पड़े और आँखों में आँसू भरकर रोने लगे। तब रामजी के देखतेदेखते शीघ्र ही सीताजी रथ पर चढ़ीं ॥	हम रथ पर चढ़िये और वन को जाने के लिये वन में चलें। ऐसा कहकर सीता और लक्ष्मण के साथ रामजी के साथ सीता को आलिङ्गन करके वन को चल दिया। तत्पश्चात् सीता, लक्ष्मणजी के साथ वन है। वह सीता और लक्ष्मण के साथ वन में चल पड़े ॥
6	रक्षक – तुम्हारा परिचयपत्र दिखाओ।	चन्द्र – तुम्हारा परिचयपत्र दिखाया।
11	उदर रोगी को जितेन्द्रिय ढोकर एक मास तक चीता और देवदारु के कल्क को अथवा हस्तिपिप्पली ( अष्टागसग्रह के मत से चविका ) और सोठ इनके कल्क का दूध के साथ पीना चाहिये ||	चित्रकारी के अभ्यास से दूध होता है, न पीले के दूध से । न तो जल का त्याग कर जाता है और न ही किसी के द्वारा ही हैं |
7	देवव्रत रोगियों की सेवा करता है चूंकि सेवा भाव है।	देवव्रत रोगी का सेवा करता है चूंकि सेवा भावना है।
5	तिलक के प्रभाव से देश में क्या हो गई?	तिलक के प्रभाव से देश में कौन-सीता?
6	नहीं ये नहीं वो दिखाईये।	नहीं यह नहीं वह दिखाओ।
3	संगति से क्या हो जाते हैं?	संसर्ग कौन-से कौन-सी हो जाते हैं?
7	विधानसभा की बजट सभा के लिए पुलिस प्रशासन ने यातायात योजना की है।	विधानसभा के  ⁇ udget सत्र के लिए पुलिस प्रशासन ने सड़क की है।
9	यह याद रखना चाहिए कि रूस के पास पलटवार करने के लिए कई हथियार हैं।	कुछ कार्यक्रम करने के लिए रनों के साथ आयुधएँ हैं, यह याद करना चाहिए।
6	दिल्ली के उपमुख्यमंत्री मनीष सिसोयी को फरवरी में गिरफ्तार किया गया है.	दिल्लीनगर के उपमुख्यमंत्री। आदिोदि इस फरवरी को ही लिया गया।
18	संयुक्त राष्ट्र की सुरक्षा परिषद ने गाजरं में फिलिस्तीनी लोगों के जीवनरक्षा के लिए मानवीय सहायता के प्रसार को बढ़ावा देने के लिए कई लाभों के लिए एक उचित प्रस्ताव भी भेजा है।	संयुक्त राष्ट्र की सुरक्षा परिषद, गाजा की डिलिस्तापट्ट में फिजिक्टर के जीवन आगग्रन को बढ़ाने के लिए कई एक विद्वान के रूप में एक पुरुष को भेज दिया गया है।
1	किरणों से	सूर्य की स्तुति करने वाले ऋषि ने
3	अन्वेषण करना	एक साथ लगना
13	भारत सरकार का उड़ान-5.1क्षेत्रीय अनुसंधान योजना के तहत हिमाचल प्रदेश के चार विधानसभा क्षेत्रों में उड़ान भरे हुए स्थलों का निर्माण किया जाएगा।	भारत सरकार के उड़ान- 5.1 क्षेत्रीय हेआरसी आप हिमाचल प्रदेश के चार विधानसभा क्षेत्रों में निर्माण से निर्माण क्षेत्रों का निर्माण होगा।
6	धीरे धीरे लैंडर की गति धीमी की गई।	धीरे धीरे कूड़ेदान की गति को धीरे धीरे किया।
9	स्वाभाविक मित्र तो भाग्य से ही मिलता है । वह स्वाभाविक मित्रता को विपत्तियों में भी नहीं छोड़ता है अर्थात् सच्चा मित्र बड़ा दुर्लभ है |	यह पुरुष अपने चराचर जगत् में भाग्य से और भाग्य की वृद्धि होती है। वह तो केवल इस संसार में उत्पन्न हुआ व्यक्ति उत्पन्न नहीं करता है।
10	इस प्रकार के राज्यों के विकास में सहयोग करने के लिए आप सभी का दायित्व है।	ऐसे में राज्य के विकास में सह काम करने के लिये आप सभी को दिया गया है।
3	और परिजन	और अन्य लोग
5	वे सब भी उसको द्वेष करते थे ।	वे सब भी उसको द्वेष करते थे।
6	वह माँ के साथ बात करना चाहती है।	वह माँ के साथ बात करना चाहता है।
3	भोजन से पूर्व आंवला हितकर है ।	भोजन न करके आंवला हितकर है ।
5	पानी पीते समय शेर यहाँ वहाँ देखता है।	पानी पीते समय शेर यहाँ वहाँ देखता है।
4	अभी वह रामेश्वर पहुँचा ।	अभी वह रामेश्वर पहुँचा ।
3	वह पेंसिल तीखी कर रही है।	वह पिसू छीनती है।
6	कहीं भी संस्कृत में सम्भाषण सम्भव है।	कहीं भी संस्कृत में बातचीत किया जा सकता है।
1	शक्तिशाली महान	उग्र रूप से
1	बोला ।	ऊँचा
1	और भी	भी
4	वह श्रेष्ठ अभिनेत्री है।	वह श्रेष्ठ तथा अन्य आलीन आ रही है।
9	यह सम्भव है। कहाँ से? 'अन्तपारं किल शब्दशास्त्रम्' ऐसा कहा गया है।	यह किया जा सकता है?''अन्तप । यह शब्दशास्त्रशास्त्र है''ऐसा कहा गया है।
5	दे दो , मेरी गेंद दे दो ।	दे , मेरी गेंद दो ।
11	आवेदन पत्र में सभीवेदकों ने निवेदन किया-अवारोध की समस्या को सामने नहीं लाते हैं, यह भी विशेष ध्यान दिया जाता है।	आवेदन के दौरान आवेदन सर्ववर-अवरोध की समस्या से नहीं नहीं करते यह भी विशेष की संख्या को नहीं की जा सकती है।
4	सूत जी ने कहा हे मुनिजन ।	सारथी ने कहा ।
8	इस प्रकार परिणामस्वरूप हिन्दू समुदाय खण्डशः विभाजित हो गया।	गली से परिणाम समूहों को हिन्दू समुदाय को विभाजन घड़ा हुआ।
10	ऐसे अनेक प्रकार के यज्ञों का ब्रह्मा के मुख अर्थात् वेदों में प्रसार है अर्थात् वर्णित हैं। उन सब को कर्मों से उत्पन्न हुए जानो	इस प्रकार बहुत प्रकार के यज्ञ को यज्ञ, तप, दान आदि के मुँह में रूटो ओर मुझे देखकर तुम सभी को जानो कि वह सर्वविध को जान लिया है।।
7	रात को मैंने एक खिड़की बन्द नहीं की थी ।	रात में मैं एक खिड़की नहीं मिली थी
14	अब मैं तुम्हें तापत्रयहारी अध्यात्मरामायण सुनाता हूँ, जिसके श्रवणमात्र से जीव अज्ञान से उत्पन्न महाभय से छूटकर परम ऐश्वर्य, दीर्घायु और पुत्र पौत्रादि को प्राप्त करता है ॥	तत्पश्चात् महाराज ने अपने आप को राक्षस से विदाई ले लिया है मुझे आज इस वन की प्राप्ति के विषय को स्मरण कर कहता है। यह सुनकर इन्द्र ने श्री रामचन्द्र जी का पुत्र किसी प्रकार एक पुत्र में ही मार डाला। तब प्रसन्न होकर मुनिवर बोले हे पावदन में! तुम मुझे क्यों न पाओ। यह निश्चय है कि मुझे कभी नहीं छोड़ते ॥
23	वह कहता है कि समय और दूर के अभाव से अब तक अधिकांश बैठकें इंटरनेट के द्वारा आयोजित की गई हैं, परन्तु भविष्य में सभी लोगों को केंद्रबिन्दु पर संग्रह करने के प्रयास होंगे।	वह कहता है कि समय के और दूर से अब तक अब तक अधिक सभाएं आयोजित की जाएगी, लेकिन भविष्य में सभी लोगों को केंद्र ले जाएगा।
1	सत्यता से	सत्य से
1	गर्वविशेष	घूमा
13	उसका प्रबोधन करने के लिए पति बहुत जल्द सभी तरह की हिंसा से निवृत्त हो गया और भगवद्भजन के लिए वह बहुतवृत्त हो गया, अच्छा है।	उसका प्रबोधन से पति अ में सभी प्रकार का अविध हो गया, भगवान् सूर्य में होने से बहार हुआ, अच्छा।
9	अब एएसआई को दिसंबर को रिपोर्ट देने होंगे	अब एएसआई ने दिसंबर को रिपोर्ट देने का प्रयास किया है।
9	रूमतेक-घैयालवा कर्मपा उद्यान-इस परियोजना के आधारशिलाएँ भीवर्चुअल रूप में रखींगी।	रुधिर-ग्यालवा में या कार्य की आधार प्राप्त करने वाले परियोजना भी एक दूसरे के रूप में स्थापित करेंगे।
8	इनमेंसे यथार्थ (शीतोष्णवर्षावाली) ऋतु में औषधि (अत्र शाक आदि ) तथा जलभी ठीक रहते हैं और वे यथोचित अन जलादिक उपयोगमें आये हुए ( सेवन किये हुए ) मनुष्योंको प्राण, आयुर्बल, पराक्रम और ओज यथार्थ उत्पन्न करते हैं ॥	इनमेंभी मे उसका ओज है। इस प्रकार ये सब प्राणवनों का मुकाबला (गजाने के समय) ओउचें समान है ये तीनों दोषियों से मुक्त हो रही हैं ॥
4	लेखनी नहीं लिखती है।	कलम नहीं लिखती है।
8	इन योजनाओं का लाभ लाभप्रद नहीं हुआ।	इन योजनाओं का लाभ ) करने की शक्ति प्राप्त नहीं की।
10	इस बार भी चंद्रमा अपने दक्षिणी ध्रुव के पास समतल क्षेत्र में उतरेगा।	इस में भी चंद्रमा के दक्षिणी वकील के पास वर्तमान क्षेत्र के लोगों को एक चंद्रमा के दौरान को उतारने में वर्तमान से उतारने वाले दक्षिणी वकदनी के दक्षिणी वकील के स्थान पर एक चंद्रमा के स्थान पर बढ़ जाएगी।
8	परीक्षा समय छात्रों को केवल पारदर्शी जलपुट, पारदर्शी पेन और पेन लाना चाहिये।	परीक्षा समय में छात्रों द्वारा केवल पारस्परिक रूप से पार करने के लिए पारस्परिक लेनी लेनी हैं।
4	वह तो करीब-करीब बच गया।	वह तो बाल-मा किये हुए मोटा।
11	भारतीय मौसम विभाग के साथ-साथ हिमाचल प्रदेश के साथ-मध्य प्रदेश के साथ-बिहार-पश्चिम बंगाल-और झारखंड के साथ भयंकर भय- कुज्झिटिका-बताने की संभावना स्पष्ट है।	भारतीय मौसम विभाग ने मौसम विभाग द्वारा हिमाचल-प्रदेश में-मध्य प्रदेश में-बिहार-
10	लेकिन यह आशंका है कि बिना अनुमति के दवाएं बेची जा रही हैं।	लेकिन बिना यह पता चला कि वे बिना सोचे ही औषधि दी जाती हैं
4	अपने धन का ध्यान रखो।	धन के विषय में जागते हुए हो ।
10	इसके तहत राज्य की काङ्ग्रेस- सरकार ने एक वर्ष में हजारों काम प्रदान किये हैं।	इसके तहत राज्य की कांग्रेस- सरकार ने एक वर्ष में हजारों वर्ष के काम जारी किये हैं।
6	तो हम एक छोटा नाटक करते हैं।	तो हम एक छोटी छोटी छोटी करते हैं ।
6	घटना के बाद शिक्षक घर से भाग गया है।	घटना के बाद शिक्षक घर से भाग गए हैं।
1	रक्षा करने योग्य	रक्षा करनी चाहिए।
12	इस समारोह में विद्यालय के बच्चों के अभिभावकों ने बड़ी संख्या में भाग लिया और कार्यक्रमों का आनंद लिया।	इस समारोह में विद्यालय के बच्चों को अभिभावकों द्वारा बहुत से भाग लिया गया।
3	उससे थैला ले जाना चाहिए।	उससे थैला रह चाहिए।
8	इस प्रकार परिणामस्वरूप हिन्दू समुदाय खण्डशः विभाजित हो गया।	गली से परिणाम समूहों को हिन्दू समुदाय को विभाजन घड़ा हुआ।
8	कुछ दिन पहले अजय रेड का चित्रोतलन शुरू हुआ।	कुछ दिन पहले अजियाँ ने चित्रों का चित्रण शुरू किया।
10	फल के प्रभाव से सूर्य बादलों में छिपा हुआ है, संध्या की घड़ियाँ बना दी गई हैं।	परिणाम से सूर्य मेघों में निहित हो गया, प्यासा का घूमना भी बनाया गया।
1	लगाई।	आकांक्षी
5	ठीक है। मध्यप्रदेश के पन्ना मण्डल में ‘हीरे’ रत्नों की खान की भूमि है।	ठीक है। मध्य प्रदेश में पन्नाम हीरा के सेन भूमि भूमि पर डाल दिया गया है।
1	अनेक राम से	अनेक राम के लिए
11	निगम की वायु अनुकूल भंडार का आरक्षण भी करने के लिए यह ऑनलाइन सुविधा उपलब्ध होगी।	निगम की वायु. सी. के भंडार की, यह ऑनलाइन सुविधा उपलब्ध है।
11	महाराज को मूर्च्छित देख कर रनिवास की समस्त महिलायें रोने लगीं। तब यह सोच कर कि "यह रुदन क्यों हो रहा है ?" वहाँ वसिष्ठ जी भी चले आये ॥	राजा दशरथ ने सर्वगत को कान्ति देने का प्रयत्न किया। श्री राम के लिये सम्पूर्ण प्रकार का बैठी । सब कुछ जानने का अवसर क्यों न हो, अब उनके पास कभी कैसे चला ॥
15	यदि शब्द ज्ञान में धर्म कहा जाए तो साधु शब्द ज्ञान से अपशब्द ज्ञान अधिक होगा। उससे धर्म को अधिक प्राप्त करना होगा।	यदि शब्द को ज्ञान में धर्म कहा जाता है तो साधुशब्द ज्ञान से वह धर्म उस अधर्म से अधिक अधर्म प्राप्त होता है।
12	अमुना ने यह भी कहा कि शिक्षा के क्षेत्र में चाइल्ड एजुकेशन सोसाइटी का लंबा योगदान बेहद सराहनीय है.	शिक्षा के क्षेत्र में निष्पापितारों को सोचने के लिए उन्होंने संस्थाओं का सुदीप्त किया है, इस प्रकार भी किया गया है।
13	इसीलिए मैं कहता हूँ नहीं! यह विषय केवल विश्वास के साथ ही सीमित नहीं हो सकता है।	इसलिए मैं कहता हूँ न! यह विषय केवल विश्वा से नहीं है।
11	कांगड़ा जिले के डॉडासीबा क्षेत्र मेंरैल पांचवीं बनूड़ी गौशाला का निर्माणकार्य चल रहा है।	कांगड़ा जिले के दोडबाबा खेत के तहत रैल पंचायत के फल को बेर से उठाने का भव्य मंदिर है।
4	कुत्तों को दूर भगाता है	कुत्तों को दूर वह कुत्ताता है।
3	विनाश को प्राप्त न हुआ	प्रतिदिन नहीं गया।
4	उसका लड़का स्कूल में पढ़ता है	उसका बेटा पाठशाला में पढ़ता है
4	आपकी पुस्तक.... ऐसी ही ।	आपकी पुस्तक हमारा पुस्तक है। इसी प्रकार आपका पुस्तक
9	लॉन्चर के सफल परीक्षण से इसके सभी उद्देश्य पूरे हो गए।	वाचन दिन के सफल परीक्षण से इस सभी उद्देश्य से हुए थे।
9	उत्तर प्रदेश संस्कृत संस्थान जल्द ही जिला स्तरीय समन्वयकों की नियुक्ति करेगा, सिर्फ ऑनलाइन नहीं	उत्तर प्रदेश के संस्कृत संस्थान की संस्कृत स्थान पर जिला स्तरीय स्थापित नहीं करेगा, न केवल ऑनलाइन ऑनलाइन है।
19	समय से काम करना चाहिए कभी भी निरीक्षण हो सकता है।	समय से काम करना चाहिए कभी भी निरीक्षण का निरीक्षण हो सकता है। समय से काम करना चाहता है।
6	तो फिर घर के दरवाजे पर मुझे दीजियेगा	तो फिर घर के दरवाजे पर मुझे दो।
4	उसी समय मैंने कह दिया था न ?	तब ही बोला न ?
5	पत्नी –ये कूड़ा नहीं है।	पत्नी – ये कूड़ा नहीं है।
13	मुख्यमंत्री ने कहा कि राज्य सरकार ने राज्य में कम से कम 10 फीसदी फिल्में निर्माण की हैं और सर्वश्रेष्ठ फिल्मों के लिए वार्षिक फिल्म पुरस्कार शुरू किए हैं।	मुख्यमंत्री ने कहा कि राज्य सरकार राज्य में कम से कम 10 फीसदी कमजोरिंग और उत्तम फिल्म पुरस्कार शुरू हो रही है।
15	परन्तु ऐसा नहीं हुआ कि कोई दूषितभाव से युक्त, घृणा से भरा हुआ, हिंसा से भरा हुआ और काल से युक्त होने पर दूसरा व्यक्ति दुखी न हो।	परन्तु इस प्रकार न हों कि एक पास से कोई विषय नहीं है, घूतप में, हिंदी से समय पर सब दस को होता हैं।
3	तब पथिक ने उन्हें गिना।	रास्ते को उन अगणों को गाने का कार्य किया।
2	यह मानचित्र है।	ये मानव के रूप में हैं?
5	तो कहो सोने से बनी हुई, चाँदी से बनी हुई अथवा ताँबे से बनी हुई।	उस पर वह सोने का चाँदी की अथवा ताँबे की, किसका द्वारा स्वर्णमय चाँदी की,”
7	मेरा भाई अब कहाँ गया है, मैं नहीं जानता	मेरा भाई अब कहाँ गया है, नहीं जानता
8	उस समय वह सर्वान्तर्यामी दूर्वादल के समान श्यामवर्ण, कमलनयन, चीराम्बरधारी, स्निग्ध जटाजूट वाले श्रीरामचन्द्र का सीता और लक्ष्मण के सहित बहुत देर तक ध्यान करते रहे ॥	इस दुर्जनों की समृद्धि का उपभोग करने वाले ये श्री श्यामसुन्दर महातेज को सीता के साथ देने वाले वनवासियों के साथ श्रीरामचन्द्रजी ने उसे रोका ॥
8	अहमदाबाद में भक्त श्रेष्ठ लादूराम नामक एक ब्राह्मण शिष्य थे।	मैं भी अधिकारी श्रेष्ठ हो, लादर नाम के एक ब्राह्मण था।
8	अखिलेश ने कहा कि आज बहुत ही अच्छा दिन है।	अखिलेश ने कहा कि आज बहुत शुभ दिन है।
10	गाजा पर हवाई हमलों ने हमास की 10 भूमिगत सुरंगों और हथियार निर्माण सुविधाओं को नष्ट कर दिया है। इसराइल इसी बात पर घमंड करता था।	इज़राइल में व्यस्त होने पर 10-कभी 10 भूस्खलन और हथियारों ने शस्त्र निर्माण की अनुमति दी।
10	में प्रकाशित''मजाक''नमिका उनकी पहली कथावाचक बनीं।	1967 में प्रकाशित 'दि जोत' है, उसका पहला आकल है
22	केरल के राज्यपाल आरिफ मुहम्मद खान, मुख्यमंत्री पिनाराई विजय, नौसेना के कमांडर आर. हरिकुमार, कार्यक्रम में दक्षिण मंडल अधिकारी एमए हम्पी होली ने भाग लिया.	केरल के राज्यपाल आरिफ मुसल खली, मुख्यमंत्री पिनाराई विजय, नौसेना के अध्यक्ष आर हरिकुमार और दक्षिणी जिले के से अधिक एम आपको पहला है।
4	सोलन के सरकारी महाविद्यालय से स्नातक पदवी पाई।	सोचने की राजकीय महाविद्यालय विद्यालय से स्नानपदवी को प्राप्त हुई।
7	मन्दिर के बाहर बड़ी संख्या में श्रद्धाल् वर आए हैं।	मंदिर के बाहर बड़े संख्या में श्रद्धा से आए हैं।
6	मन्दिर के ऊपर सुन्दरता से हाथी उछले हुए हैं।	देवालय के ऊपर सुन्दरता से हाथी भी पैदा हैं।
10	खाने की चीजें , सौन्दर्यप्रसाधन , स्वच्छता की वस्तुएँ खरीद सकते हैं।	खाने की चीजें , सुंदर साधन , स्वच्छता की वस्तुएँ खरीद सकते हैं।
7	और भी घर में बहुत काम होने से निरन्तर पढ़ना ही नहीं होता।	अन्य घर में काम गति से निरन्तर निरन्तर नहीं होता।
4	प्रतिशत लोग गांवों में रहते हैं।	प्रतिशत से गाँवों में रहते हैं।
1	आने के लिए	आने वाले को
6	सर दोराबजी टाटा उनमें से एक थे।	सर झैजी में एक था।
1	तुम में	तुमको
4	आज धोबी नहीं आया।	आज धोबी नहीं आया।
9	प्रसारित तस्वीरों से पता चलता है कि चक्रवात के कारण भारी वाहन भी घरों के ऊपर गिर गए	चक्रवात से भार वह भी हरीही के ऊपर पड़ी हुई चित्रों के द्वारा दिखे गए राजाओं द्वारा दिखते हैं।
4	तुम वाङ्मय हो, तुम चिन्मय हो।	तुम वाणीमय हो? इनको सुख देने चाहिए।
6	पुत्र -वहाँ आपने साड़ी लटका दी थी	पुत्र -माँ ने साड़ी को लटक रही है ।
12	प्रधानमंत्री श्री नरेंद्र मोदी ने नई दिल्ली में श्रीराम जन्मभूमि को-मन्दिर की स्मारक डाक टिकट का परिचय दिया-मुद्रा ङ्कन ने पहले घोषणा की।	प्रधानमंत्री श्री नरेन्द्र मोदी ने नई दिल्ली में श्रीराम जन्म- मंदिर के यादक टिकटक टैट नाम के प्रैसीजन की।
14	आदिलाबाद, निर्मल, मुलुगु, मेदक जैसे जिलों में तीव्र गति से मतदान हुआ, हैदराबाद में मतदान की गति धीमी थी.	आदिलाबाद, हे मुलाका, मेदक जैसे जिलों में तीव्र जिलों में मतदान हो गया, हैबाद में मतदान के गब्बा धीरे धीरे धीरे धीरे धीरे धीरे धीरे धीरे धीरे धीरे धीरे धीरे धीरे धीरे धीरे धीरे धीरे धीरे धीरे धीरे धीरे धीरे धीरे धीरे धीरे धीरे धीरे धीरे धीरे धीरे धीरे धीरे धीरे धीरे धीरे धीरे धीरे धीरे धीरे धीरे धीरे धीरे धीरे धीरे धीरे धीरे धीरे धीरे धीरे धीरे धीरे धीरे धीरे धीरे धीरे धीरे धीरे धीरे धीरे धीरे धीरे धीरे धीरे धीरे धीरे धीरे धीरे धीरे धीरे धीरे धीरे धीरे धीरे धीरे धीरे धीरे धीरे धीरे धीरे धीरे धीरे धीरे धीरे धीरे धीरे धीरे धीरे धीरे
5	रेलवे स्टेशन में लोग प्रतीक्षा कर रहे हैं।	रेलस्थान पर लोग प्रतीक्षा कर रहे हैं।
1	व्यर्थ	बल
13	2008 में, लिंका ने 3,500 कंगनों के संग्रह के साथ बुक ऑफ वर्ल्ड में प्रवेश किया।	इसके बाद, 2008 से 3,500 कंगन के पास से लैंग मे का का के द्वारा लीन किए गए उसकानाए था।
4	चिकित्सक रोगी को औषधि देता है।	चिकित्सक रोगी को औषधि देता है।
5	हिमाचल में भी यह चरण निकलता है।	हिमाचल में भी यह चरण प्रता रहा है।
11	जब शिकारी ने अपने निकट आये हिरण की करुण दृष्टि देखी तो उसका हृदय दया से भर गया	अपने पास आने वाले हरसैन को हादसा दॉक के हृदय में एक संवाददाता सम्मेलन कर दी गई।
6	हम सभी पर्वतों पर चढ़ नहीं पाएँगे।	हम सभी पर्वतों को चढ़ते हैं न शहीदेंगे।
1	मरघट	मूंगफली
8	साहित्य से ही साहित्यकार अपने भावों और विचारों के समाज में प्रसारित करता है।	साहित्य द्वारा साहित्यकार अपनेभानी और विचार के समाज में प्रसारित करता है।
4	हम शिव के मन्दिर गए।	हम शिव के मन्दिर गये।
11	केवल दूध पर रहते हुए वर्धमान-पिप्पली विधि से एक हजार हरड़ो का सेवन करना चाहिये । अथवा शिलाजतु की विधि से शिलाजीत या गुग्गुल का प्रयोग करना चाहिये ॥	अंगूत यातकी अंगुलकर प्लेटफॉर्म (नचारा) पर गुड़ (जीने) के लिए प्रलय इस को कार्य करना चाहिये।
4	मैं असत्यभाषण नहीं चाहती हूँ।	मैं झूठ बातचीत नहीं चाहता हूँ।
14	जब तक रास्ता नहीं रुकाता है तब तक केवल 4 ⁇ 4 वाहन ही मिल सकते हैं-अवरोध प्राप्त कर सकते हैं।	जब तक सड़क की स्थिति नहीं होती तब तक केवल 44 वाहन ही सोचने लगा-कवरोध को प्राप्त कर सकते हैं।
13	विपक्षी त्रियुंडा शुल्क लिया जाता है, विमानस्थानक-विस्थापित लोगों को पुनर्वास के साथ अन्य मामलों में धैर्य देता है।	विपक्षी त्रुचेंपल्फ घर की बढ़ती है, हवाई अड्डे के पुनर्वास से एक अन्य विषयों पर धारण किए जाते हैं।
4	पाँच लड़कियाँ है।	पाँच लड़कियाँ हैं।
17	 ⁇ imes ऑफ इण्डिया पत्रिका के समाचारानुसार "बुच्ची बाबू सना" के''आरसी 16''इसे पैना इण्डिया फिल्म है।	 ⁇ S ⁇   ⁇  की ओर से पत्र के समाचार के अनुसार,"लच्चि बाबू''इसका''आरसी 16''इसका पण्डिया फिल्म है।
8	खबर के अनुसार, विद्या बालन की प्रेत की''मज्जुलिका''इसकी भूमिका में दिखाई देती है।	खबर के अनुसार विद्या बालान जी को प्रेम का''मकुलिका की भूमिका में दिखाई देती है।
1	अवश्य होनेवाला	करने योग्य
1	दुश्मन	दुखी
1	पगडंडी	एक राजा
5	दादा पौत्र को पत्र लिखाता है।	दादाजी पोते को पत्र लिख रहे हैं ।
4	आजकल रास्ते में पुलिस रक्षक खड़े रहते हैं।	इस समय मार्ग में पुलिस इकाइयों खड़े रहते हैं।
8	गुजराती भाषा में बावड़ कहते हैं	गुजरात भाषा में " बावड़" कहा जाता है।
23	कुछ लोगों ने कहा दृ वह भालू बहुत छवीला है, वह सूर्य अस्त हो जाने के बाद छिप कर आता है और कामदेव के समान सुन्दर अपना शरीर युवतियों तथा किशोरियों को दिखाता है। इस समय किसी का भी शील सुरक्षित नहीं है।	कोई भी मनुष्य अन्य के द्वारा छूट गया है। आज से छविहीन जिसकी छालता को प्राप्त हो रही थी। कामवासना से युक्त होकर नहीं वह अपने मुख से छीन रही है। अब मैं इनकी छाल को लाकर नहीं छोड़ता।
6	अजी ! क्यों जा रहे हैं ?	यह ठीक है , क्यों जा रहा है ?
6	रक्षा पहल राष्ट्रीय-राज्य दुरंत निवारण सेना के, और रिजर्व बल के नेतृत्व में.	रक्षा पहल के नेतृत्व में राष्ट्रीय-राज्य को आपदा द्वारा लागू की गई है, स्वास्थ्य बल के नेतृत्व में चल रही हैं।
8	सूर्य वक्षस्थलकी, दिशा कर्णेदिय की, चंद्रमा मनकी, तारागणरूपकी और रात्री छायाकी रक्षा करो ॥	वह सूर्य सूर्य की दिशा में सूर्य की पाश नहीं है
11	तत्पश्चात् सेठ को बुलाकर उन्होंने कहा 'अरे! सेठ, क्या तुमने किसी क्षपणक को मारा है?	फिर सेठ ने कहा- तुम भरे हुए वृक्ष को कहा- अरे मन से क्या प्राप्त किया है ? तुम कौन हो?
5	गाँव के चारों ओर क्षेत्र हैं।	गाँव के चारों ओर क्षेत्र हैं।
18	भला आपके सिवा और किसके उदरमें शिव, ब्रह्मा आदि यह सारा प्रपञ्च स्थित है, कौन इसकी रक्षा करता और किसकी नाभिसे यह उत्पन्न होता है? आपको छोड़कर कौन इसे अपने पैरोंसे मापकर (प्रलयकालमें] निगल जाता और पुनः [सृष्टिकालमें] बाहर प्रकट कर देता है; यह प्रपञ्च किसी दूसरेके अधीन है ⁇ ऐसी शङ्का भी कौन कर सकता है?	इनमें से उठी हुई झपड़के ऊपर की ओर,  ⁇ -शराफ हो रहा है, इस खरादि के मत को कौन प्राप्त किया जा सकता है। फिर उस 125 के लिए तो केवल 12 के समान है।
4	उसने मेरा वाहन तोड़ दिया	उससे मेरा वाहन टूट गया।
4	सास बहू को पाकविद्या सिखा रही है ।	सास ने बहूसी काँपती है।
13	धन से धर्म की रक्षा की जाती है। विद्या को योग के द्वारा बचाया जा सकता है। मधुरता के कारण राजा को बचाया जा सकता है और अच्छी स्त्रियां घर की रक्षक होती हैं।	धन से ही धन की प्राप्ति होती है। योग द्वारा रक्षा की जाती है। अब बराबर उस घर से रक्षा की जा सकती है।
4	वह रोशनी है	वह रोशनी है
6	तब ही एक छात्रा वहाँ से गुजरती है	तब एक छात्रा वहाँ से निकलती है
3	हम सब पकाते हैं ।	हम सब पकाते हैं।
8	वश में किया हुआ चित्त जिस कालमें अपने स्वरुपमें ही स्थित हो जाता है और स्वयं सम्पूर्ण पदार्थों नि: स्पृह हो जाता है, उस कालमें वह योगी कहा जाता है।	जब मनुष्य एक ही ज्ञान प्राप्त करता है तब तक वह अपने आत्मा में स्थित नहीं है, तब वह समभाव से युक्त पुरुष सब कुछ सर्वज्ञ ही युक्त हो जाता है, तब वह सब देवताओं का अतिशय भी ही समझता है।।
13	सामाजिकन्याय के विश्व दिवस सामाजिकन्याय के युद्ध में हुई प्रगति को चिन्तन करने के लिए, बाकी के आह्वानों को भी चिन्तन करने का अवसर है।	सामाजिक न्याय का विश्व दिवस सामाजिक न्याय के युद्ध में किया, शेष उनके आह्वान करने के लिए, शेष आह्वान किया जा रहा है।
1	उन्नीस	नौ दस
17	ये विधेयक इस वर्ष अगस्त में लोकसभा में पेश किये गये थे, पारित होने के बाद ये विधेयक अंग्रेजी में- शासन के ढह के स्थान पर आए।	ये विधेयक इस वर्ष के अगस्त महीने में लोकसभा में प्रस्तुत किया गया, इस विधेयक के विधेयक को अंग्रेजी- शासन के कानून में आ गए थे।
8	संगीता रेलमार्ग, नन्दिनी नैथानी कार्यक्रम के संयोजक के रूप में थे।	सं। राव से दो और नहींथानी कार्यक्रम के रूप में रहे थे।
4	हम दोनों कार्यकर्ता हैं।	हम दोनों कार्यकर्ता अपने हैं।
3	हम दोनों यज्ञ करते हैं ।	हम दोनों यज्ञ करते हैं।
23	इस अवसर पर मुख्य अतिथि बालिकाएँ-छात्रों की उपलब्धियों को बधाई देते हुए उन्होंने कहा कि आज लड़कियों की युग है और बेटी की हर कार्य में पुत्रों की कमी नहीं है।	इस अवसर पर मुख्य अतिथि बालिकाओं की उपलब्धियों को बधाई दी गई है कि आज कन्याओं का एक वर्ष है और पुत्रों की कार्य प्रत्येक कार्य में कम नहीं हैं।
4	छात्र खुश होते हैं	छात्र खुश होते हैं
3	अमिता मूँगफली की कतली खा रही है।	अमिता मूँगफली की चिकी खा रही है।
7	हिरणी माँ डर गई और वहाँ से नहीं हटी	माँ ने लक्ष्मी भय से स्वीकार नहीं किया।
1	कंघा	कंघी
6	उसका पोता रास्ते में साइकिल चला रहा है	उसकी पोते को साइकिल में पकाती है ।
4	जल्दी जल्दी वस्तुएँ रखो।	जल्दी जल्दी वस्तुएँ रखिये ।
7	कभी कभी मेरे साथ भी बात करते हैं	कभी कभी मैं भी बात करता है ।
4	दीपावली पर लक्ष्मी की पूजा कब होती है?	दीप प्रज्ज्वलित में लक्ष्मी कब पूजा होती है?
7	एसआईटी कहता है कि अभियुक्तों के खिलाफ दृढ़ साक्षी हैं।	कहा जा सकता है कि भक्ति भी मजबूत करने के प्रयास हैं।
5	उसका सूत्रग्रन्थ 'शब्दानुशासन' है।	उसका सूत्र ग्रन्थ है''शब्बीशासन बहुत है।
10	चार प्रकार के अम्लो ( वृक्षाम्ल, अम्लवेतस, अनार और बेर अथवा कैथ, चौपतिया, वृक्षाम्ल ओर अनार ) का एक प्रस्थ, सोठ, मरिच और पिप्पली मिलित तीन पल, पाचो नमक ( सैन्धव, रुचल, सामुद्र, विड् और उद्भिद ) मिलित चार पल, शर्करा आठ पल मिला कर चूर्ण कर लेना चाहिये । इस चूर्ण को शाक, दाल, राग ( व्यञ्जन विशेष ) आदि में मिलाना चाहिये । यह चूर्ण कास, अ	चारों ओर से पानी, डरे हुए स्तनों और डायों से भरकर नमक का चार शर से भाग लेने का भाग लेता था।
5	अवधेश किसका बड़ा भाई है?	विगजेश किसकी अग्रणी है?
3	आप विद्यालय जाईये।	आप विद्यालय जाईये।
10	उनका जन्म 1924 में मध्य प्रदेश के सिवनी जिले के एक कस्बे डिगोरी में हुआ था।	1924 में मध्य प्रदेश के सियो जिले में डिगोभीनामक के सिलसिले में इस वर्ष का जनन है।
4	सूत जी ने कहा हे मुनिजन ।	सारथी ने कहा ।
6	इस विश्व प्रसिद्ध घाट में कुम्भमेला बनती है।	इस विश्व प्रसिद्ध घाटे पर घूमे
5	अशिक्षित मनुष्य पशु के समान होते हैं।	अशिक्षित मनुष्य पशु के समान है।
9	वीं फेल और दक्षिण की फ़िल्म निघनी थी।	वांडे और दक्षिण की फ़िल्म बहुत ।
5	वह मुंबईनगर के तोंग-अस्पताल में घुस थे।	वह मुम्बईनगर के तो सोडा में घुस गया था।
1	कीड़ा भी	कीड़े भी।
7	मेरे पिता मद्यपान छोड़ दें यह मैं चाहती हूँ।	मेरे पिता शराब पीना छोड़ दें यह मैं चाहती हूँ।
7	वह दादाजी को प्रणाम करके सब कुछ पूछता है	वह दादीजी को प्रणाम करता हूँ ।
4	उनके ऊपर आवरण लगाता है।	उनके ऊपर आवरण संभाल रहा है।
7	वानरोंका नन्दन और राक्षसोंका अवसाद वह अस्त्र है	वानरों और में तथा राक्षसों का कूड़ा हुआ था, उस अस्त्र को।
4	सज्जन पुरुष तिल के समान छोटे से उपकार को भी पहाड़ के समान बड़ा मानते हैं।	तिलक एक ही रूप में शैल (मेराकार) को शैल देता है, एक ही सज्जन पुरुष के पास जाता है।
19	लोकसभा चुनाव से पहले बहुजन समुदाय के सांसद रितेश पांडे ने रविवार को उत्तर प्रदेश के उपमुख्यमंत्री ब्रजेश पाठक और भारतीय जनता पार्टी के नेताओं की उपस्थिति में दिल्ली में भाजपा की अध्यक्षता की।	लोकसभा चुनाव से पहले बहुजन के सांसद सांसद रितेश पांडे रविवार को उत्तर प्रदेश के उपमुख्यमंत्री ब्रजेश कुमार पाठक अन्य भारतीय जनता पार्टी के अन्य लोगों और अन्य दिल्ली में दिल्ली में शामिल हुए।
15	इसी प्रकार श्रीरामचन्द्रजी के बाणों से रावण के समान वर्त्तमान सिर पर एक सौ खरोटियाँ टूट गईं यदि भी उसके अन्दर नहीं दिख रही थीं।	इसी प्रकार श्रीराम जी रावण का तुम्हीं अचानक शहीदों का शिर नहीं दिख रहा था।
4	प्रारम्भिक धर्म का साधन क्या है?	आद्य धर्म का साधन क्या है?
11	पर्यावरण विभाग ने कहा कि हिमाचल प्रदेश में दो दिन और उत्तराखंड में चार दिन तक बारिश जारी रहेगी.	पर्यावरण विभाग ने कहा कि वह पर्यावरण विभाग दो दिनों तक उत्तरी है और जब तक हुई है
18	राज्य के प्रमुख औद्योगिक संस्थानों और उद्यमियों ने औद्योगिक क्षेत्रों में आधारभूत संरचनाओं को मजबूत करने के लिए बड़े पैमाने पर घोषणा की आशा व्यक्त की है, वहाँ नई नई नई उत्पत्तियों के लिए आकर्षण की भी आशा करते हैं।	राज्य के प्रमुख और अन्य उद्यमशीलों के विकास में आधारभूत संरचनाओं को मजबूत करने के लिए बड़ी घोषणा की गई, वहां नयापुराण और उद्योगों के प्रोत्साहित के लिए अप में आदि करते हैं।
1	प्राप्त हुई	वाली
4	पहले मेरा काम पूरा करिये	पहले मेरा काम पूरा करें
4	आज्ञा को पाकर दोनों चल पड़े।	यह आदेश प्राप्त करके दोनों ही प्राचीन ।
12	हे पुरुषोत्तम ! तुम्हारे लिये कैकेयी राजादशरथ से राज्य की याचना की थी। सत्यसन्ध राजा दशरथ ने प्रतिज्ञा पूर्वक कैकेयी को वर दिया था ॥	हे ईश! मैं इन अधिकारियों ने आपको राज्य दिया है और सत्य प्रतिज्ञा करने पर मैं आपको सत्य कहूँगा। यह कहकर वह प्रतिज्ञा की ॥
25	इस संबंध में अस्पताल के प्रशासन को और सरकार को कई अनुरोध किये गये, लेकिन उनके अनुरोध पूरी नहीं हो रहे हैं, जिसके कारण से वे कार्य को शुरू कर रहे हैं, मंगलवार से चार घंटे तक आन्दोलन करेंगे।	इस बारे में चिकित्सालय प्रशासन को, सरकार से कई को नहीं बताया गया, लेकिन उनके अंदर से, जड़ताव, जो कारण वे कार्य निलंबित कर दिया गया, वे ।
3	एक कारखाने में काम कर रहा हूँ।	कारखाना में उद्योग ।
10	श्रीकण्ठ बोला ⁇ ”मित्र! तुम्हारे वचनों को सुनकर मेरे मन में बहुत प्रसन्नता हुई।	श्री माता ने कहा- “मेरे! तुम्हारा वचन सुनकर मेरे मन में एक प्रसन्नता हुई।
8	सुदैव से यह संभव होता है। परन्तु इस आत्मा के संशय (वाले कार्य) में प्रयत्न नहीं करना चाहिए।	भाग्य से ही धन की होता है। लेकिन इस आत्मा के लिए अपने संदेश की) का चिन्तन करती है।
10	अस्तित्व को प्राप्त करके भाषा संस्थान महान् व्यक्तित्वों की स्मरण के लिए ऐसे भव्य कार्यक्रम का आयोजन करता है।	अस्तित्व उपलब्ध है कि संस्कृत संस्थान से भाषणों के था
1	मैं जानती हूँ ।	मैं जानता हूँ
5	वह हिन्दी नहीं जानता है।	वह हिन्दी नहीं जानता है ।
6	ये महोदय बहुत कर्मठ थे ।	यह महोदय बहुत कार्य था ।
8	फिर उन्होंने चीन का राष्ट्रीय ध्वज फहराया. बाद में, राष्ट्रों के बीच मार्च अंग्रेजी वर्णमाला के क्रम का पालन किया गया।	फिर चीन के राष्ट्रीय ध्वज फहरा गया। इसके बाद, आंगल में एक करके राष्ट्रपति की सड़क का संधियों का प्रदर्शन किया गया।
4	दीप्ति बैंगन की सब्जी लाती है।	दीप्ति बैंगन की सब्जियाँ लाता है।
9	कन्या के सहायक को देखकर निशाचर दशग्रीव ने पूछा – आप कौन हैं?	कन्या ने उस में देखकर निशाचर दशग्रीव ने उस से पूछा क्या ?
9	आज तुम लोगों के साथ रमेश नहीं आयेगा ऐसा है न ?	आज तुम लोगों के साथ रमते नहीं हैं। इस प्रकार नहीं ?
3	मैं देशभक्ति गीत गा रहा हूँ।	मैं देशभक्ति गीत गा रहा हूँ।
15	पारंपरिक-इंक्यूबेटर-इत्या के खिलाफ यह यन्त्र हर शिशु के लिए विशिष्ट है- आवश्यकताओं के अनुकूलता करके स्वतन्त्र पकाने वाला-इंक्यूबेटर-इत्या इन दोनों के रूप में काम करता है।	इसेंसक्यूब्यूबों का के करते हुए यह यंत्र प्रत्येक बच्चे को विशिष्ट-छकका अनुकूलता का अनुकूल है- प्रतापक्यूब्यून-इसका रसता है।
22	महँगाई, सेब के उर्वर कीटनाशक के आयात शुल्क कम करने जैसे विषयों पर सम्मेलन में चर्चा की जाएगी, इससेब के उत्पादन की कीमत में दोगुना हो गई है कि भविष्य की रण नीति का निर्णय किया जाएगा।	महार्घता, सेब की उर्वरक को आया है कि महान बलों को आया है कि भविष्य की रणनी और निर्णयों पर चर्चा की जाएगी।
8	अंत में सौ लोग भण्डार में प्रसाद रूप में खिचड़ी का सेवन करते थे।	अंत में सैकड़ों लोगों ने भंडार में बहुत से लोगचारा सेवा की सेवा कर रहे थे।
6	जो प्रशिक्षण देती हैं वे प्रशिक्षिकायें।	जो प्रशिक्षण देते हैं वे प्रशिक्षुओं को।
4	सबके नाम लिखने होते हैं।	सबके नाम लिखने होते हैं।
1	महिला	चाहता है
3	सभी स्थानों पर क्या वर्जनीय है?	क्या तो सब जगह बर्जनों का बल करना चाहिए?
13	जब अमेरिकी विदेश मंत्री एंथनी ब्लिंकन चीन की यात्रा के लिए रवाना हो रहे थे तभी आसमान में चीनी एयर बैलून देखा गया।	चीन ने संयुक्त राज्य अमेरिका के राज्यकार्य और ब्लडेज चीन ने चीन की उपस्थिति में चीन का मानना पहना है। चीन की एक यात्रा में देखा गया है।
1	जरद्गव ने	जरूरी
4	कहीं पर एक बुढ़िया मिलती है।	कहीं एक वृद्ध मिलती है।
8	केंद्र सरकार भी जहाँ आवश्यक है वहाँ धन देता है।	केंद्र सरकार भी जहां आवश्यक है वहाँ धन दिया जाता है।
13	डॉक्टर नाराज हैं क्योंकि चिकित्सा महाविद्यालय के प्राचार्यों और चिकित्सा अधीक्षकों का अधिकार नहीं लौट रहा है।	अस्पताल में डॉक्टरों को चिकित्सा करने के लिए चिकित्सा द्वारा डॉक्टरों को अधिकार नहीं लौटे हैं।
6	सम्भव हो तो बाजार से सेव लाईयेगा।	हो सके तो आप से सेवक का मिलती हैं।
10	किससे कष्ट को तुम यहाँ आ रहे हो बताओ कैसे सेवा करूँगा।	किस कारण से तुम हे कहो बेटा ! कैसे आऊँगा ।
16	एक सामाजिक संदेश में उपराष्ट्रपति ने कहा कि फली नरीमन सत्रह वर्ष की अवधि के दौरान भारतीय विधि-प्रणाली में महान् व्यक्ति थे।	एक सामाजिक-अंतरिक संदेश में उपाध्यक्ष, पूर्णली नहीं कहा गया है कि फर नहींरीमन को सौ से अधिक व्यक्ति थे।
15	कर्मा दोरज ने कहा कि यह सफलता ईश्वर की, पिता की, शिक्षकों द्वारा आशीर्वाद के मार्गदर्शन का फल है।	कर्मा ने दोरजे कहा कि यह सफलता ईश्वर का, और पके, और शिक्षक भी होका के फल का फल है।
5	वह पति के साथ घूमने गई थी।	वह पति के साथ घूमने गई थी।
6	इस समय कलियुग का प्रथम चरण चल रहा है।	अब कलियुग के प्रथम चरण चल रहा है।
4	वो दो थीं ।	वह दो थीं ।
1	नेत्रों की पलक गिरने का समय	आँख झपकने की डोरी
4	पुरुषार्थ (मेहनत) से ही लक्ष्य की प्राप्ति सम्भव है।	पुरुषार्थ ही लक्षद्वीप मिलता है। (प्रकाशों के द्वारा किसी प्रकार का लक्ष्य ही है।
18	उन्होंने कहा कि सरकारी कार्यालयों में ई-टेक्सी-यान भी स्थापित हो जाएंगे जिससे युवा लोग भी निश्चित आय स्रोतों को प्राप्त कर सकते हैं।	उन्होंने कहा कि सरकारी कार्यालयों में ई-ट से-यान भी स्थापित हो जाएंगे जिससे युवा लोग भी नियम के हर का अवसर प्राप्त कर सकते हैं।
3	भैंस आंगन में रहती थी।	प्राष्यश
19	नरेंद्र मोदी के आतंकवादी हमलों के खिलाफ शून्य सहनशीलता की नीति से यदि कोई भी व्यक्ति, संस्था या भारत के खिलाफ गतिविधियों में लगे दिखता है तो उसका दण्ड नहीं होगा।	नरेंद्र मोदी की आतंकवादियों का कहना है कि उनके पास से आतंकवाद का नीति है यदि कोई भी व्यक्ति कार्य में असमर्थ है तो उसका नागाध्यक्ष में शामिल हो जाएगा।
20	सदन में शोर हो गया, इसके बाद- विधानसभा के उपसभापति चुनाव के लिए दोनों ओर से- प्रस्ताव किया गया, और सभी एक में विनय कुमार नाम के लग गये।	सदन में शोर हुआ, उसके बाद- विधानसभा के उपसभापति चुनाव के लिए दोनों से- प्रस्ताव किया गया, और सभी एक नाम विनय कुमार और अन्य के साथ एक इस बैठक में आए थे।
6	स्वरा – इनकी दूसरी भी कोई विशेषता है।	स्वरा – अन्य लोग कुछ भी नहीं है।
10	मुख्यमंत्री सुखविंदर सिंह सुक्खू ने कहा कि इस तालाब के शुरू होने से परिसर के अक्षात्कार में इसका उपयोग हो गया है।	मुख्यमंत्री सुखविंदर सिंह सुक्खू ने कहा कि इस पटल की शुरुआत से एक कोच नाम का उपयोग हो गया है।
8	मेरा पैर, मेरा हाथ.... मेरा शिर... मेरा मुख... ।	मेरे पाएँ, मेरे हाथ हैं , मेरे मुख,
3	पुत्र प्राप्ति के लिए ही स्त्रियों का वरण किया जाता है।	इसी प्रकार से स्त्री की तरह
20	अखिल भारतीय कांग्रेस समिति के अध्यक्ष मल्लिकार्जुन खरगे, वरिष्ठ नेता सोनिया गांधी, राहुल गांधी, प्रियंका गांधी भी शपथ ग्रहण समारोह में उपस्थित थे।	अखिल भारतीय कांग्रेस समिति के अध्यक्ष मल्लिक। वरिष्ठ ही है, वरिष्ठ नेताओं, प्रियंका भी शपथ ग्रहण समारोह में उपस्थित थे।
20	जब मुख्यमंत्री ने कहा कि स्थायी घर बन रहा है तब विकास ने कहा कि हाँ महोदय, आपकी सहायता से उत्तम घर बन जाता है।	जब मुख्यमंत्री ने कहा कि खड़े घर बना रहा है तब विकास बोला कि हाँ महोदय, आपका क्या घर बन जाता है।
9	शिमलानगर के रिजभूम, मलमार्ग और धर्मशाला में बड़ी संख्या में कार्यक्रम आयोजित किए गए।	मंदिर के की की भूमि पर, मॉल मार्ग में, धर्मशाला में भी बड़े- कार्यक्रमों का आयोजन किया गया।
7	देवव्रत रोगियों की सेवा करता है चूंकि सेवा भाव है।	देवव्रत रोगी का सेवा करता है चूंकि सेवा भावना है।
22	कार्यक्रम में प्रोफेसर एस.के. उपस्थित थेसविता शर्मा, प्राकृत भाषा विभाग के अध्यक्ष प्रोसुदीप कुमार जैन, श्री आदित्य पंचोली, कम्प्यूटर विभाग के प्रो, प्रकाशन विभाग के सहायक डाॅज्ञानधर पाठक, शोध विभाग के प्रमाण शोधकर्ता डाॅजीवन कुमार भट्टराई, अनुसंधान सहायक तरूणा-अवस्थी एवं विश्वविद्यालय के अन्य शिक्षक उपस्थित थे।	कार्यक्रम में आधुनिक विषयों पर प्रो. एस.के. शर्मा, प्राकृत पढ़ाईलाने प्रो.सुदीप कुमार जलीन,लीला विभागाध्यक्ष श्रीआदित्य पाठ, प्रकाशन विभाग के सहायक प्रोफेसर डॉ. ज्ञानधर पाठक, शोध विभाग के प्रमुख डाॅश्री जीवन कुमार तिवारी, शोध विभाग के प्रमुख प्रो. एस.एस. राव ने शिक्षण से, शोध विभाग के प्रमुख डॉ. विवफ कुमार तिवारी, शोध महाविद्यालय के प्रमुख प्रो. एस.एसमा.
3	चन्द्रमा रात्रि करता है।	निशा कौए को बनाते हैं।
3	यहाँ दौड़ स्पर्धा नहीं है।	यहाँ दौड़ने प्रतियोगिता नहीं है।
3	आप जल्दी से आईये।	आप जल्दी से आईये।
8	गृह विभाग, हिमाचल प्रदेश-लोकसेवा- कमीशन के माध्यम से नियुक्त नए मानकों का निर्धारण किया गया है।	गृह विभाग ने हिमाचल प्रदेश-लोक सेवा- आयोग के माध्यम से नियुक्त नए नए में और एक नए में नें।
11	इस वार्तालाप में दोनों देशों के विशेष कार्य-नीति को समानता के उद्देश्य से मन्त्रण किये गये।	इस बातचीत में दोनों देशों की विशेष कार्य- नीति की सहायता के लिए निगरानी की गई हैं।
6	चित्रों में सोनाक्षी सरल, लघुकुर्ता-शरारासेट के बीच दिखती है।	छाया से सोनाक्षीक्षी सरल राम से छोटे-छाटी में दिखाई पड़ती है।
9	बच्चे चीनी अधिक खाते हैं तो दाँत जल्दी से टूट जाते हैं।	बच्चे लोग चीनी अधिक खाते हैं तो दाँत शीघ्र ही टूट गए हैं।
6	तो शीघ्र स्नान करते हैं क्या ?	तो जल्दी से स्नान किया जाता है न ?
7	वह यहाँ विधानसभा उपाध्यक्ष विनय कुमार की जगह खड़े होंगे.	वह यहाँ विधानसभा उपाध्यक्ष विनय कुमार के स्थान पर खड़े होंगे।
9	तमे वर्षे दिसंबर महीने की तारीख को संयुक्त राष्ट्र सतत महासभा की स्थापना हुई।	उस वर्ष दिसंबर महीने की तारीख को संयुक्त राष्ट्र की स्थापना हुई।
7	नाम यदि लम्बी है, तो उसका शरीर बहुत लम्बी नहीं है।	नाम, यदि लम्बा होते हैं, लेकिन उसका शरीर ना हो।
5	सभी यात्री भोजन करते हैं	सभी यात्रियों को भोजन करते हैं
3	अभ्यास से निपुणता बढ़ती है।	अभ्यास से निपुणता बढ़ती है।
10	(शरीर से) परे (श्रेष्ठ) इन्द्रियाँ कही जाती हैं; इन्द्रियों से परे मन है और मन से परे बुद्धि है, और जो बुद्धि से भी परे है, वह है आत्मा।।	इन्द्रियाँ, मन और पराया से युक्त तथा मनस्वी (अज्ञान) तथा मन, मन और बुद्धि एक (तथा) मन से अमृत के समान है।।
8	छात्र - हाँ , पुस्तक से ही प्रश्न पूछा है	छात्र -हाँ पुस्तक से ही है, प्रश्न।
3	बच्चा तरणताल में तैरता है ।	बालक मरण भर में तैरती है ।
2	उस प्रजापति नामक देवता के लिए	उस के लिए
8	यह अत्याधुनिक परिवहन व्यवस्था प्रति घंटे यात्रियों की दोनों दिशाओं में यात्रा सुनिश्चित करेगी।	यह अत्याधुनिक परिवहन व्यवस्था प्रतिहोरओं के दोनों यात्रियों को अपने घर में भेज दिया जाएगा।
9	यदि तुम सब पापियों से भी अधिक पाप करने वाले हो, तो भी ज्ञानरूपी नौका द्वारा, निश्चय ही सम्पूर्ण पापों का तुम संतरण कर जाओगे।।	हे मधुसूदन ! अथवा अन्य पापों से सभी पापियों को पाप ही में में कुशलतापूर्वक ही तुम राजाने में असमर्थ होगे।
7	पंचब भटिंडा, आगरा, आदि। दृश्य परिधि शून्य थी।	पचास भूस्खलन, आग्रा, जैसे स्थानों पर दृश्य दूसरे स्थान पर रहा।
14	तत्पश्चात् मुनि ने भी, अनार के फूलों के बिछौने से ढँकी हुई सी, गाढे खून से लथपथ हो रही, जलते अड्गारों वाली चिता के समान, पृथ्वी पर पड़े हुए, बिछुड़ती हुई भारत भूमि का आलिङ्गन करते हुए से, निर्जीव हो रही अंग संधियों को हिलाते हुए,	मुनि ने भी दयाने से लंगका के साथ मुलहटी पर पड़ी हुई गाढ़ की तरह जटाओं को ठगने में प्रकट किया- एवं ने सभी को शहीदों के समान एवं कीम पर गुंढे पर शिकार की तरह निकलती हुई दोनों नेत्र से शिकारके लिये बना दिया-, परशुराम जीने से लीन हो। वह बाली के वृक्ष के समान है।
3	मन्दिर में नगाड़ा ज़ोर से ध्वनि कर रहा है।	मंदिर में ऊँचे से ऊँची ढक रहा है।
1	कर	करो
7	वे मद्रास विधानमण्डल की सदस्य भी चुनी गईं।ईं	वह मद्रास विधानसभा जिले के सदस्य भी हासिल की गई।
5	राष्ट्र की रक्षा के लिये हमें भी कुछ करना चाहिये।	राष्ट्र की रक्षा के लिये हमें करना चाहिये।
6	आलोक जी कृपया सुबह स्वस्तिवाचन पढ़िये।	आलोक , नहीं, सुबह अपने है चलिये।
4	जिसका विनाश निकट होता है वह अपने हित की बात नहीं सुनता।	मार्ग में विनाक के मार्ग को नहीं सुनते हैं
5	गुरुजनों के उपदेश की उपेक्षा नहीं करनी चाहिये ।	गुरुजनों की उपदेश नहीं करना चाहिए ।
5	रेलवे स्टेशन में लोग प्रतीक्षा कर रहे हैं।	रेलस्थान पर लोग प्रतीक्षा कर रहे हैं।
4	सब मिलकर वेदपाठ करते हैं।	सब मिलकर वेद पाठ करते हैं।
3	पाप कर्मों से नरक को प्राप्त करता है।	पाप से पापलोक जाता है।
6	आती हुई गाड़ी को देखकर सावधानी से चलो ।	आईये वाहन देखकर सावधान करके चल रहा है।
27	उल्लेखनीय है कि यह अवार्ड योगदर्शन केद्रित शैक्षणिक लेखन, व्याख्यानों तथा इसके वैश्विक प्रसार हेतु समर्पित महिलाओं को प्रदान किया जाता है, जिसके लिए वैश्विक स्तर पर आवेदन आमंत्रित किए जाते हैं। चयन-समिति गुणवत्तापरक कार्य के आधार पर सुयोग्य पात्रों का चयन करती है।	उल्लेखनीय है कि यह पुरस्कार योगदर्शन से युक्त शैक्षणिक लेखन, शैक्षणिक संस्थानों, उनके वैश्विक प्रसार के लिए समर्पित महिलाओं को प्राप्त और राज्य को वैश्विक स्तर पर दिया जाता है, चयन समिति के आवेदन में आमंत्रित करने के लिए योग्य लोगों को, चयन की पात्रता के आधार पर योग्य है।
6	इस फिल्म का शूटिंग पूरा हो गया।	इस फिल्म का शूटिंग समाप्त हो गया।
3	विनय (नम्रता	विनय से बर्तनता है।
1	भयानक	पुत्र
1	एकता में	एक रूप में
4	आप कहाँ रहते है?	आप कहाँ रहती है ?
6	सब कुछ पीले रंग का ही होगा।	सभी भी पीले रंग का ही होगे।
3	लड़की का कपड़ा ले आ	बच्ची की कपड़े ले लें।
8	तब से, भागवत उनके साथ विश्वसनीय हो गया।	तब से भागवत उसका विश्वास किसी के साथ भी नहीं हुआ।
6	A. ⁇ . बस में स्थान खाली नहीं था ।	ए. सी. के लोक में स्थान खाली नहीं थी।
9	इसलिए संस्कृत अवश्य पढ़नी चाहिए। आधुनिक काल में भी संस्कृत भाषा का प्रयोग अपरिहार्य माना जाता है।	इसलिए संस्कृत अवश्य पढ़नी चाहिए। आधुनिक काल में भी संस्कृत भाषा के प्रयोग की आवश्यकता का अनुसरण कर रहा है।
9	आदर्श इको ग्राम योजना के तहत 19 गाँव विकसित हैं।	आदर्श गांव के तहत 19 ग्राम बइस गाँव को विकलांग बगुले के रूप में हैं।
5	मैं अपनी गाड़ी यहाँ नहीं रखूँगा।	मैं स्वस्थ यहाँ नहीं रखते हूँ ।
14	जिस समय वातादि तीनो दाष अपने कारणो से कुपित होकर शिर में भयानक शोथ उत्पन्न करते है और गले के अन्दर घुरघर शब्द उत्पन्न कर देते हैं, तब इसका 'शालूक' कहते है, इस शोध के कारण श्वास मार्ग रुक जाता है ॥	बिना पचे ही क्रोध होती है, बिना सोचे ही दुखी नहीं होता है। अत्यन्त दुखी हुआ है तथा अत्यन्त दुखी हुआ है, तथा उसके भय से छोटी दुखी हुआ है तथा जिसके कड़वा हडना हुए हैं और कोण तथा अ।
6	किसी प्रकार उसने अपने पात्र को घर के अंदर ले लिया।	कुछ भी उन्होंने अपने आप को घर के अंदर ले जाया।
12	शुक्ल ने सुखविंद सिंह सुक्खू को सुख और सरकार के नेतृत्व वाले ऊर्जावान उपमुख्यमंत्री मुकेश अग्निहोत्री को संबोधित किया।	शुक्ल ने कहा कि सरकार ने सुखद को सुख देने के लिए उपमुख्यमंत्री मुकेश अग्निहोत्री और उपमुख्यमंत्री मुकेश अग्निहोत्री को संबोधित किया है।
3	बच्ची को आम पसंद है।	बच्चे को आम पसंद है।
5	हिमाचल विधानसभा में विधानसभा चुनाव जीते हैं।	हिमाचल विधानसभा में विधानसभा को कोर पहुँचा है
4	बाजार ने कहा वह आपने अपहरण कर लिया है।	उस साँप से सत्य का अपहित हो गया''इसका अपहरण किया गया''
14	केंद्रीय संयोजक श्री डॉ. पंकज त्रिवेदी ने संस्कृत जीवन के निर्माण के लिए विषय पर प्रेणादायक भाषण दिया।	केंद्रीय विश्वविद्यालय श्री डॉ. पंकज ने त्रुटबॉल के निर्माण के लिए संस्कृत जीवन के निर्माण के लिए संस्कृत विषय को भाषण दिया।
11	(कान देकर ) अनसूये, शीघ्रता करो। निश्चय से ये हस्तिनापुर जाने वाले ऋषि पुकारे जा रहे हैं।	कर्ण देकर अनसूया में अनसूया हो। तुम ये ब्राह्मण हो।
7	अगस्त्य मुनि का आश्रम सभी ऋतुओं के फूल और फलों से परिपूर्ण, विविध वन्य पशुओं से युक्त, विविध पक्षियों से गुञ्जित नन्दनवन के समान सुशोभित था॥	जो सभी प्राणियों के लिए जैसा समय व्यतीत नहीं हुआ है, वह सभी पक्षों के समान नहीं। सभी पक्षों के समान केवल विविध प्रकार की अवधि (कभी) ऊपर की ओर जाते हैं। फिर वह विरेचन नहीं कि कोई कारण अथवा अपने किए हुए इस प्रकार करे।
4	इसके बाद सोए हुए जटायु ने उस शब्द को सुना।	शब्दों के मवले से उथल मन में और शुद्धि को शुद्ध कर देता है।
3	मारनेवाले ने शेर मारा	मारा गया।
8	हिमाचल में 68 सदस्यीय विधानसभा है। राज्य में व्यवहार कानून प्रचलन में आ गया है.	हिमाचल में 68 सदस्यीय बैठक है. राज्य में 6,000 सदस्यीय कार्य को हुई।
8	इस दौरान भाजपा विधायक रणधीर शर्मा की अपने घायल शरीर को देखा गया।	इस समय भाजपा विधायक रणधीर शर्मा ने अपने घायल की दृष्टि से देखा।
7	जया - मैं शाम को अभ्यास करती हूँ	जया - मैं शाम को अभ्यास करती हूँ ।
5	योजना को रोककर एफआईआर को निवृत्त करिये।	योजना को निलंबित करके एफआईआर को निवृत्त करें।
10	मरते समय जिनके नाम का स्मरण कर अज्ञ भी जिनमें लीन हो जाते हैं, उनको सामने देखते हुए और उन्हीं के हाथों से वध हुए, उस राक्षस के विषय में कहना ही क्या ? ॥	जो कोई भी विषय नहीं था, वह वहाँ ही आ गये। उसके बाद वन में ही चल पड़े। "मैं की आज्ञा को देखकर मेरे घरपर चल पड़े" ॥
4	कल उनका देहावसान हुआ	कल वो दिवंगत हो गए।
4	पेड़ के नीचे बच्चे को बिठा देती है।	पेड़ के नीचे बच्चे को उपावैपि है
16	ज्ञात हो कि राज्य सरकार ने राज्य में कार्बन उत्सर्जन को कम करने के लिए एकतम वर्ष तक हिमाचल को हरित ऊर्जा राज्य बनाने का लक्ष्य निर्धारित किया है।	गौरतलब है कि राज्य सरकार ने राज्य में एक सुबन उत्सव को कम करने के लिए एक वर्ष तक हिमाचल को हराया है।
3	ऐसा मैं बोलता हूँ	ऐसा मैं बोलती हूँ।
1	राजा का	राजा से
4	बच्ची वृद्धा को पानी देती है।	बच्ची वृद्ध को पानी देती है।
3	जनजीवन अस्तव्यस्त हो गया है।	जन जीवन अस्तव्यस्त हो गया है।
12	सामान्य लक्षण - अगो मे भारीपन, सूजन, शोथ की चन्चलता, अस्थिरता ( वायु के कारण ), सूजन, उष्णिमा और शिराओ का पतलापन, रोमहर्प, अग की विवर्णता ये शोथ के सामान्य लक्षण है ॥	वह सनल करने वाले, जड़ तक के समान हो, इस समय ये चारो न होते हैं तब आधे रात के लिए सामान्य फल देने वाला, उसको सामान्य फल देने वाला, सामान्य होने पर भी सामान्य और अथार है । ये भगवान् आत्रेय ने सामान्य के समय को आमतौर पर सामान्यटी का उपदेश करने के लिए सामान्यंगली की थी। फिर भी सामान्य होने के कारण सामान्य और अयन को उत्पन्न करता है।
13	सरल संस्कृत में, भारतीय भाषा समिति के उद्देश्यों के अनुसार इस कार्यशाला में विद्यार्थियों द्वारा अपने उद्देश्यों का आकलन किया गया है। हिन्दी-अंग्ल भाषाओं में अनुवाद कार्यक्रम आयोजित किया गया।	भारतीय भाषाओं के उद्देश्य से उद्देश्य और अन्य कार्य में विद्वानों द्वारा शिक्षण किया गया है, वह कार्यशाला में विद्वानों द्वारा सीथों, हिन्दी में होता है। हिन्दी और अंग्रेजी भाषा में भाग लिया गया।
13	नीलेश - मैं खुश हूँ , स्वस्थ हूँ । आप कैसे हैं ?	नीलेश - मैं खुश हूँ। मैं स्वस्थ हूँ। मैं मेरा कैसे हूँ ?
5	छात्र शिक्षक का अनुसरण करते हैं	छात्रा शिक्षक का अनुसरण करते हैं
9	समिति ने हिमाचल के दर्शन के लिए भी आमंत्रित किया, वह उसने हर्ष के साथ स्वीकार किया।	समिति ने हिमाचल प्रदेश के दर्शन के लिए भी आम, वह खुश किया।
4	हे पुत्र! इस सबको हृदय में धारण कर लो। ( अच्छी प्रकार से समझ लो )	बेटा! इन दोनों को हृदय से ही मार रही हो।
5	वे सभी रेलवे स्टेशन से बाहर आते हैं	वे सभी रेल से बाहर आ जाते हैं
8	प्रकृति में स्थित पुरुष प्रकृति से उत्पन्न गुणों को भोगता है। इन गुणों का संग ही इस पुरुष (जीव) के शुभ और अशुभ योनियों में जन्म लेने का कारण है।।	हे पुरुष प्रकृति में प्रकृति के गुणों को त्यागकर प्रकृति से ही उत्पन्न होता है। किन्तु हे गुणों के कारण गुणों की आज से इन (सत्य पुरुष) कर्म का बर्ल नहीं होता है।।
9	उसके बाद, रात्रि में स्थिरप्रतिज्ञ अपनी जनता से घिरे हुए श्रीराम देवराज इन्द्र के समान शोभा पा रहे थे।	फिर जब उसके इक्कीस अ लोगों की प्यासा ही श्रीराम जी की स्तुति के समान श्रीरामचन्द्रजी उनकी स्तुति करते थे।
3	परदादी राब खाए।	परदादर ने फल खाया था।
1	दूर ही	बिना
1	सियार	लूटी
12	यह कहते हुए महाराज दशरथ प्राणों को छोड़कर स्वर्गलोक चले गये। उस समय कौसल्या सुमित्रा और अन्य रानियाँ छाती पीटपीट कर रोने तथा विलाप करने लगीं। प्रातः काल होने पर मन्त्रियों के साथ वहाँ वसिष्ठजी आये ॥	बोले हे ब्राह्मण! मेरे प्राण और प्राण से रहित, जो हम को प्राप्त हो गए हैं, आप को ही तुम आज की स्तुति करो और राज सही को राजसी ही समझ दो ॥
9	आपके तत्त्ववेत्ता भक्तजन आपकी भक्ति ही चाहते हैं, अत: मेरी भी सदा आपके चरणोंमें भक्ति बनी रहे ॥	हे नचिकेता! मेरे भक्ति से सारथी मुझे भक्ति से मेरी भक्ति प्राप्त हो जाती है। अतः मे भक्ति से भक्ति प्राप्त नहीं हो सकती ॥
5	पुस्तक, क़लम और दवात मुझे दो	पुस्तक लेखनी और मसीत से महाच।
8	हाँ, जैसे सेवइयाँ ईद का खास पकवान है।	हाँ! जैसे सेवाई से यह ईद पर्व की विशिष्ट पाकिंग है।
3	वह मुझसे पूछता है।	वह मुझे पूछता है
10	संस्कृत भारती के प्रांतीय समन्वय मंत्री गौरव शास्त्री, डॉ. अरविन्दनारायण मिश्र ने संस्कृत भारती ग्रन्थ को लॉन्च करके बधाई दी।	संस्कृत भारती के प्रांतीय संगठन मंत्री गौरव शास्त्री, डॉ. झंडन्दन ने कहा कि संस्कृत भारती ग्रन्थ ग्रन्थ प्रस्तुत किये।
10	इस समय सोशल मीडिया पर सक्रिय सोनाक्षी सिंह ने सोशल मीडिया पर कुछ तस्वीरों का प्रसार किया है।	इस समय सोशल मीडिया पर अपने-अपने निधन पर-जाने वाले पर कुछ तस्वीर प्रसारित की गई।
17	जो ब्रह्म वेत्ता महापुरुष, पाँच प्रकार की अग्नियों का सेवन करने वाले और तीन बार नचिकेत नामक अग्नि का चयन करने वाले बताते है. शुभ कर्मों के फलस्वरूप यज्ञ फल का भोग करने वाले इस संसार में बुद्धि रूपी गुफा में हृदयाकाश में प्रविष्ट छाया और धूप के सदृश कहते हैं।	संसार में जो धन दूसरों के घर में रखे हुए हैं, वे दोनों को तोप को पालना और अपनाने पर ये पाँचों का पाठ करते हैं, उनके द्वारा तीन बार देखने में इस प्रकार एक बड़ा द्वारा चुराई पर वे दोनों वर्षा कर दी जाती हैं।
14	लज्जाजनक यह है कि सत्तारूढ़ विधायकों और प्रशासन जनों का सहयोग इस पूरे विषय में प्रकाश प्राप्त किया गया है।	सत्तारूढ़ विधायकों और प्रशासन के लोगों के भागीदारी को इस पूरा विषय में प्रकाश डाला गया है।
8	युवक यह कभी प्रसिद्ध ब्रह्मचारीप्रभुदत्त को देखने गया है।	युवक ये कभी प्रसिद्ध हो गया यह केकदत्त देखने गया था।
8	उन्होंने कहा कि संस्कृत सभी भाषाओं की जननी है।	उन्होंने संस्कृत सभी भाषाओं की माताओं की माँग दी है।
3	बालक आतिशबाजी जलाते हैं।	बच्चे आग लगने पर बुझू बुखार देते हैं।
15	दुष्ट राजा के शासन में प्रजा को सुख नहीं मिल सकता, धोखेबाज मित्र से सुख की प्राप्ति नहीं हो सकती, दुष्ट स्त्री को पत्नी बनाने से घर में सुख और शांति नहीं रह सकती, इसी प्रकार खोटे शिष्य को विद्या दान देने वाले गुरु को भी अपयश ही मिलता है।	क्योंकि – हे वैदेही! यदि जिस राज्य में यदि कामदेव और कहाँ से कुण्डल वाले इन दोनोंका जो घर है, वह कुत्ता ही, कुण्डल से युक्त, कुपहरे द्वारा कुपित उस घर में रंभा हुआ करते हुए घर में रहना क्यों करते हैं, इसके द्वारा कुपित राज्य में कामबल के कुपित हुए हैं। इसके अतिरिक्त वह कुत्ता उत्पन्न हो रहा है। क्योंकि उस घर में प्रेम से अत्यधिक प्रेम उत्पन्न हो रहा है। क्योंकि उसे ही धन देने से कुतली का घर छोड़ दिया है। क्योंकि स्वामी को यहाँ से छूटकर कुपित होता है।
14	मेरे पुत्र के नाश और अपनी मृत्यु को आमंत्रित करने के लिए बलपूर्वक उनकी स्त्री सीता को आप क्यों हरण कर लाये ? ॥	उसकी पत्नी श्री राम से हीन हो गयी सीता को वनवास के समान आचरण करना चाहिए। इस प्रकार मेरी भी मैने तुम मेरी भी सदा निष्पापता के लिये अपनी पत्नी को प्रेम करने वाले सीता के द्वारा उसे भी निष्पाप हो जाओ ॥
3	उदाहरण के अनुसार अन्वय की पूर्ति करो	उदाहरण के अनुसार लीन करो
5	मैं पहले सुनता हूँ बाद में बोलता हूँ।	मैं पहले सुनता हूँ बाद में बोलता हूँ।
10	महापौर के लिए भाजपा ने कुल मिलाकर वोट लिया, बीजेपी को मार गया.	महापौर के लिए भाजपा ने मुझे माह से और अन्य लोगों को भी नहीं मिला।
3	एक प्रश्न पूछता हूँ।	एक प्रश्न पूछता हूँ।
16	सिंगापुर के पृथ्वी अवलोकन उपग्रह और छह छोटे उपग्रहों को आज सुबह श्रीहरिकोटा के सतीश धवन बाह्य अंतरिक्ष केंद्र से एक विक्षेपित उपग्रह वाहक द्वारा कक्षा में प्रक्षेपित किया गया।	श्रीहरिकोटा में स्थित श्रीरामचन्द्रजी ने उन्हें आकाश से आज रात तक के वोटों के कारण आज सुबह 3 बजे से उपग्रह सोये गये छह कोहली सराहनीय है।
19	भारत सरकार द्वारा लागू की गई दूरदर्शी नई शिक्षा नीति के विभिन्न पहलुओं पर केंद्रित पंद्रह दिवसीय कार्यक्रम उत्तराखण्ड के श्रीनगर गढ़वाल का है.न. 15 फरवरी 2024 से गढ़वाल विश्वविद्यालय के मालवीय मिशन शिक्षक प्रशिक्षण केंद्र द्वारा शुरू किया गया है।	भारत सरकार द्वारा लागू की गई दूरदर्शन शिक्षक प्रशिक्षण केंद्र की विभिन्न पहलुओं पर केंद्रित पांच दिवसीय कार्यक्रम उत्तराखंड के श्रीनगरगढ़वाल के है.न. हुई में 10 फरवरी से के मालग्रेस विश्वविद्यालय के मालूम शिक्षक प्रशिक्षण केंद्र द्वारा 15 फरवरी से 15 फरवरी तक आयोजित किया गया है।
2	कौन बुलाती है ?	बुला रहा है ?
4	रद्दी मानकर पुस्तकें बेच देते हैं ।	ये दोनों सर्वस्वम विकराल होते हैं
3	आरक्षियों द्वारा पूछताछ इस प्रकार है।	पुलिस द्वारा परिपक्व होती है।
5	यहाँ पन्द्रह दिन का ध्यान शिबिर है	यहाँ पन्द्रह दिन के ध्यानशिष्ठ की गई है।
9	हे राजन् । आप शीघ्र ही उस धनुष को अमित तेजस्वी श्रीरामचन्द्र को दिखाइये। इस प्रकार मुनीश्वर विश्वामित्र जी के कहते ही बलवान्  ⁇  पाँच हजार धनुषवाहक उस धनुष को लेकर वहाँ आ पहुंचे, वह धनुष सैकड़ों घंटियों, हीरे और मणि आदि रत्नों से विभूषित था ॥	हे ब्रि ! इस प्रकार शीघ्र ही दिखायी देता है। हे राम! इस प्रकार कहकर फिर कभी देखते हुएसे कहता है इस प्रकार हम इस प्रकार अपनी श्री राम से ही भेंट हो गये।
5	राजा दुष्टों को कल दण्ड देगा ।	राजा दुष्ट कल दरी पर दण्ड देगी।
5	क्रमश:, सुधा साठ्ये मुंबई।	क्रमश: बेठ में रेल ।
7	मन में जैसी सरलता हो, वैसी ही यदि वाणी में हो,	यदि मन छल कपट से रहित होते हुए भी यदि मनच में होता है तो जब मन में भी मन में प्रेम होता है, वैसा ही मन में।
6	चुनाव- आज से विक्रय होगा।	चुनाव-आन्धि के विक्रय आज से शुरू होगी।
1	पीड़ित	दुःखित
4	मार्गशिर पौष हेमंत ऋतु होते हैं ॥	हे इसके साथ हे इसके अन्य दोष हैं ॥
1	निराशा से होकर	निष्पाप न होने से।
4	स्वयं के मोक्ष के लिए और समाज के कल्याण के लिए।	इस मोक्ष के लिए और जगत् के हित के लिए।
4	मैं निश्चय ही पुस्तक पढूँगा।	मैं निश्चय से पुस्तक पढ़ूँगा।
17	पतंग दीपकके दाहक स्वरूपको न जाननेके कारण ही उसपर गिरता है, मत्स्य भी अज्ञानवश ही मांसखण्डको निगलता है, किन्तु हम कामनाओंको विपत्समूहसे संकीर्ण जानकर भी उन्हें नहीं त्यागते, अहो ! मोहकी महिमा भी बड़ी ही प्रबल है ॥	वह शिकार, नट पर समय, 'पशांक' शब्द में सवार होकर और ज्ञान प्राप्त करता है, यह 'विद् अतः ज्ञान रूपी प्यास से व्याकुल होकर भी तुमसे मेरी भक्ति धारण करो' यह कहकर वह भी नहीं है । विराध के पास ही वह बलवान भी है ।
5	प्रायः वह प्रतिदिन आता है।	प्रायः प्रतिदिन आता है ।
9	हे राजन् । आप शीघ्र ही उस धनुष को अमित तेजस्वी श्रीरामचन्द्र को दिखाइये। इस प्रकार मुनीश्वर विश्वामित्र जी के कहते ही बलवान्  ⁇  पाँच हजार धनुषवाहक उस धनुष को लेकर वहाँ आ पहुंचे, वह धनुष सैकड़ों घंटियों, हीरे और मणि आदि रत्नों से विभूषित था ॥	हे ब्रि ! इस प्रकार शीघ्र ही दिखायी देता है। हे राम! इस प्रकार कहकर फिर कभी देखते हुएसे कहता है इस प्रकार हम इस प्रकार अपनी श्री राम से ही भेंट हो गये।
7	इस संबंध में बुधवार को राज्य के राजभवन द्वारा अधिसूचना प्रसारित की गई है।	इस संबंध में राज्य के राज्य देव हो गया है।
3	अपने आप वाक्य लिखिये।	अपने आप वाक्य लिखिये
9	पुत्र - देखिये माँ , मेरे दोनों हाथ साफ हैं।	पुत्र - देखिये माँ , मेरे दोनों हाथ साफ हैं।
4	पति गन्नों को यंत्र में पीलता है	पति गन्ना यंत्र में पीपी ले जाता है।
19	असाध्य रोगी - जिस रोगी को आखे सूज जाये इन्द्रिय (लिङ्ग ) कुटिल ( टेड़ा) हो जाये, रागों की त्वचा लिन ( विकासयुक्त ) और पतली हा, बल, रक्त, मास जोर अभि क्षीण हो जाये, ऐसे रोगी की चिकित्सा न करे। यदि हृदय आदि सब मर्म स्थानो पर गोथ हो जाये, रोगी को श्वास, हिचकी और मूर्च्छा, अरुचि, बमन तथा अतिसार हो उस रोगी को उदर रोग मार ही देता है । वैद्य उसको असाध्य समझे और छोड दे ।	जो बिना परीक्षा के किये हुए, भूखा नहीं हो, उस समय जिस प्रकार एक-दूसरे से (तथा) गोपियाँ सब कुछ नहीं जानते, जैसे कुर्सी की सत्य से दूसरे - नचिकेता से युक्त होते हुए भी जो अर्श रोग की उत्पत्ति का बाहर हो वह सच है, वह सभी बलों से युक्त होकर शिकार की शोभा को वायु करता है।
13	जीवनका एक क्षण भी कोटि स्वर्णमुद्रा देनेपर नहीं मिल सकता, वह यदि वृथा नष्ट हो जाय तो इससे अधिक हानि क्या होगी ?	वह आयु (बन्दरी) समय पर अपने आप को पैंतीस के समान है । वह एक आनन्द से दूसरे का नुकसान हुआ है और वह झुक जाने पर भी उसका हानि पहुंचाता रहता है।
13	जब केंद्र सरकार ने 2006 में इस मुद्दे पर चर्चा फिर से शुरू की, तो कुछ वैज्ञानिकों ने विरोधी विचार व्यक्त किए।	जब केंद्र सरकार ने 2006 में इस मुद्दे पर चर्चा फिर से शुरू की, तो कुछ वैज्ञानिकों ने विरोधी विचार व्यक्त किए।
9	इसे राष्ट्रीय स्वास्थ्य मिशन के वित्तीय अभाव के कारण बताया गया है।	राष्ट्रीय स्वास्थ्य मिशन की धन की तथा खूबसूरत है।
5	भारत को ग्रुप खेल में ताज जीते हुए केवल पांच साल ही हुए हैं।	पांच साल बाद ही भारत की किसी समूह (दॉजी) में एक समूह का किरीट प्राप्त करना है।
7	इन सुगंधित पदार्थों को छोड़कर देवता का पूजन कभी नहीं होता।	इन सुगन्धों को छोड़ नहीं चाहता और तो देवता यदि बहुत ही है तब देवता नहीं सुनती ।
11	सामान्य रूप मे - जो कुछ मधुर, जो कुछ मेध्य (मेदुर मेद बहुल), कफ बहुल और गुरु होता है, वह सब भोजन अनि वृद्धि को शान्त करने के लिये हितकारी है, इसी प्रकार से भोजन करके दिन मे सोना भी लाभदायक है ॥	जो प्राणी कुछ भी नहीं जानता, मेरी बुद्धि मेधावक, पाचिका तथा मेधावी है, ऐसी सूर्य भी अपनी बुद्धि के बल को और सब:क जीना चाहिये ॥
10	मुख्यमंत्री ने कहा कि बिजली महान देव-रोपवे-निर्माण के लिए केंद्र-राज्य सरकारों के बीच ज्ञापन पर हस्ताक्षर किए गए।	मुख्यमंत्री ने कहा कि भाजपा महा महा-रोपवेल के निर्माण के लिए केंद्र-राज्य सरकार के बीच आयोजित किए गए पत्र में हस्ताक्षर किए गए हैं।
9	माता - बेटा , आज मौसीजी के साथ बगीचे जाओ ।	माता - बेटा बेटा , आज मातृस्वान के साथ बाग़ेद जा रहा है ।
5	जनक न राम को धनुष पकड़ाया ।	पिता ने राम को धन प्राप्त किया।
5	अब उसने ईश उपासना छोड़ दी है	अब वह ईशोपासनाम की
20	अर्थातुरों (स्वार्थियों) को न कोई गुरु होता है न बन्धु, कामातुरोंको न भय रहता है न लज्जा, विद्यातुरों (विद्याप्रेमियों) को न सुख रहता है न नींद तथा क्षुधातुरोंके लिये न स्वाद होता है न भोजन करनेका कोई नियत समय ही	हे निष्पाप लोगोंको विद्या नहीं करता, कामी पुरुषोंका नहीं। विद्या ही विद्या मनुष्यका नहीं, विद्याके बिना विद्या नहीं हो, जीभ नहीं हो सकती
9	उन्होंने कहा कि राज्य सरकार ने कर्मचारियों से 4 फीसदी बड़ा भारी वेतन घोषित कर दिया है.	उन्होंने कहा कि राज्य सरकार ने कर्मचारियों को 4,000 फीसदी बड़ा घोषणा की है।
4	वह सरकार से भूमि मांगता है।	वह सरकार से अपने माँग रहा है।
4	तब लोग प्रेरणा को वन्दन करते हैं।	तब लोग को उसकी माँगता है।
9	भारत के उच्चायुक्त संतोषजो ने आज कोलम्बो शहर की भारत-बात में राष्ट्रीय ध्वज फहराया.	भारत के उच्च न्यायालय ने आज कोझाव आज कोनका शहर में राष्ट्रीय- भवन में राष्ट्रीय ध्वज फहराया।
25	यमुना समझकर प्यासी गायोंका समूह जिसकी ओर दौड़ा जा रहा है, श्यामघटा समझकर मोरसमुदाय जिसे |देखनेको उत्कण्ठित हो रहा है, तमालपत्र समझकर गोपियोंका समूह जिसे कर्णफूल बनानेके लिये लालायित हो रहा है ऐसी कालियदमनकारी श्रीकृष्णके शरीरकी पवित्र [दिव्य एवं अद्भुत] कान्ति हमारी रक्षा करे ॥	जो वृक्ष एक कोस हो गया था, कोश, पिचली, गुंध, कचादि इन का द्वारा ( जो) देखने पर निकल जावे और वकील की एक कर्ष (दु:ख, माथा ) धनों से तथा पनते हुए उसकी रक्षा करें हुए हैं। वह पावन वर्णिका लीन हो जाने पर, जब तक जल भी बना जाए तो उसे '-उठ' कहते है । यह देखकर उसका पागल अतिशयित करना चाहता है। इसके बाद इन्हें बहाल-यदि वाले श्रीबाबागुरुजी हैं, शरीर पर भी इनकी स्तुति करने के
26	हे मातः । सेवा, पूजा और नमनकी विधियाँ तो अल्पन्त दूर रहें, आपके युगल चरणारविन्दोंको कभी-कभी की हुई स्मृति भी गूँगेको वाक्शक्ति देकर बृहस्पति बना देती है और दरिद्रको लक्ष्मी देकर इन्द्रके समान कर देती है। संसार स्वयं वाणी या लक्ष्मीको नहीं प्राप्त कर सकता। [आपकी कृपा होनेपर ] कलिकी दुष्टता क्या कर सकती है?	जो पुरुष सेवा के मन को अपने वश में नहीं कर सकता, वह किसी भी प्रकार की स्मृति के साधन से शोभा पा रहा है, जो सुरंगों की उत्पत्ति पर भी प्रकाश है, उसका कोई भी कल है, वह कोई नहीं है।
9	यह प्रतिपादित है कि दो आत्माओं को प्रथम अन्वयव्यतिरेक से अनाज के खदे से मोटा शरीर बन गया है।	पहला अपनी शक्ति से था और अन्नमय होने से अन्न को आत्मा से रूट कर देता है।
1	कर डाले	आया
10	इस मार्ग में कुछ भी भय नहीं है। इसलिए मैं अकेला ही जाऊँगा।	इस रास्ते में कोई भी भय नहीं है इसलिये मैं अकेला ही जाऊँगा।
3	विष्णुमित्र कहाँ है?	विष्णु वहाँ है कहाँ है?
4	उसने (दो) कानों में (एक-एक) भूषण (ज़ेवर) धारण किए।	उसने कानूनी (धियों पर बहिन करने का दोनों कान लगा दिया।
1	एकाग्र मन से।	मन की।
3	बालक आतिशबाजी जलाते हैं।	बच्चे आग लगने पर बुझू बुखार देते हैं।
7	रामलल्ला जी सुशोभित हैं, सुख खुशी का विषय हैं।	रामलल्ला सुशोभित है, सुख का आनन्द का विषय है
4	उन्होंने वेदों का अध्ययन किया है।	वे वेदों का अध्ययन किया।
5	उत्तम उत्तम ही रहता है।	उत्तम उत्तम ही रहता है।
10	अध्ययन के बिना स्वान्तःकरण की अज्ञानता, अन्धकारत्व को कभी नहीं समाप्त करना चाहिए ।	बिना अध्ययन अपनेान्त की ही भाव है, अंधे अथवा कभी कभी नहीं करना चाहिए।
1	आत्माओं का सम्भव होना	रेशमी वस्त्रों को प्राप्त करने वाले
1	नाश	नाश
5	जो सदाचारी है वह शिक्षक है	जो सदाचारी है वह शिक्षक है
1	एक निर्धारित शुल्क में	अपने धर्म में
6	तू उसको क्यों क्षमा नहीं करता ?	तुम उसे क्यों क्षमा नहीं करते ?
4	इसके बाद सोए हुए जटायु ने उस शब्द को सुना।	शब्दों के मवले से उथल मन में और शुद्धि को शुद्ध कर देता है।
7	इस अवसर पर उसने लोगों को भी संबोधित किया।	इस अवसर पर उन्होंने लोगों को भी संबोधित किया।
5	गुरु वाणी से ही उपदेश देते हैं ।	गुरु वाणी से ही उपदेश देते हैं ।
3	वह बहुत सरल नहीं है	वह बहुत रूठ गया।
8	प्राचीनकाल में, जैसा समय था, गुरु के पास पहुंचकर शिष्य गुरु को प्रणाम कर खड़ा हो गया।	पूर्व समय में, जैसे गुरु के पास जाकर शिष्य के समान प्रणाम करके शिष्य के समान प्रणाम किया।
1	देवताओं ने	देवता गण
3	आपका मोबाइल नंबर बोलिये।	आपका मोबाइल नंबर बोलिये।
4	मुझे प्रातः घुमना अच्छा लगता है |	मैं प्रातः घूमना पसंद है।
2	हम दोनों द्वारा पढ़ा हुआ	हम दोनों में पढ़ा हुआ
3	प्रह्लाद की रक्षा हो गई।	प्रलयद की रक्षा हुई।
8	सास - बहू ! देखो वह आगे बढ़ रहा है।	सास – वध करो , देखो वह आगे बढ़ रहा है।
6	नहीं. आज स्नानघर में नहीं गाऊँगा।	नहीं आज नहाने में नहीं गाऊँगा।
20	तब सलिलेन वसवा वसिष्ठ जी की भाँति ऋषियों के बाण, जबालती, विजय, कश्यप, कात्यायन, गौतम और वामदेव ने सुगन्धि के द्वारा राम को बाण से भिगो दिया।	फिर उस पानी से वस्त्र धारण करके ऋषि के समान है, हे ऋषि! जादूत, विजय, कश्यप, कश्यप, कश्यप, कात्यायन, गौड़ के पुत्र, गौड़ के सुपेद किया।
3	कहाँ प्रज्ज्वालित किये।	कहाँ पर उन्होंने लिये थे।
5	आग्नेयास्त्रियों ने तालाब को भी सूचित किया।	आगशकक नामक टाहलीवाल ने भी लोग सूचित किया।
11	प्रशासन की संसदीय स्थायी समिति की सराहना-संशोधन में तीन और अधिक विधेयक प्रस्तुत किये गये।	प्रशासन ने संसदीय करती की भी समिति द्वारा संस्तर- परिवर्तन से तीन एक विधेयक के लिए विधेयक को प्रस्तुत किया।
41	यही दिन और रात के जनक हैं। यही वर्ष को बारह भागों में विभक्त करते हैं। ये ही छः ऋतुओं के कारण हैं। ये ही उत्तरायण और दक्षिणायन स्वीकार करते हैं। इन्होंने ही सतयुग, त्रेता, द्वापर और कलियुग का भेद किया है। इन्होंने ही कल्पों का विभाजन किया है। इनका आश्रय लेकर ही ब्रह्मा की परार्द्ध संख्या पूरी होती है। यही भगवान् सूर्य बार-बार जगत् की उत्पत्ति, पालन और संहार करते हैं। वेद इन्हीं की वन्दना करते हैं। गायत्री इन्हीं का गान करती है। ब्रह्मनिष्ठ ब्राह्मण प्रतिदिन	यह अरे, बिना सोचे ही अरे यह बेटा बारह वर्षों में से नजीजन है, यह ही कारण हैमशर का ही विषय है, यह एसा ही भारत की दूकान, एक ही आत्यन्तारी है।, एसा भी को ही, यह तो सुयश, तजादिका (खुशी में) ही हम ही योग्य है, या फिर से ही यह सब थोड़े ही अथवा राजा से ही प्राप्त करते हैं।
18	उन्होंने इस अवसर पर कहा कि भारत दुनिया का पाँचौथा है-शीर्ष-अपने अर्थव्यवस्थाओं में सबसे बड़ा है। यूनान का आदर्श स्वामी-विवेकानन्द जी के जयंती समारोह में महोत्सव का आयोजन किया जाता है।	इस अवसर पर उन्होंने कहा कि भारत दुनिया की पांच-शीर्ष- अर्थव्यवस्था में अन्य किसी अन्य ने । यूनिट को स्वामी का आयोजन किया जाता है। इस अवसर पर श्री मोदी ने दुनिया का आयोजन किया।
10	तप अथवा किसी प्रकार की साधना का कार्य एक अकेला व्यक्ति ही अच्छा करता है, यदि दो छात्र मिलकर पढ़ें तो अध्ययन अच्छा होता है और गाने के लिए यदि तीन व्यक्ति मिलकर अभ्यास करते हैं, तो अच्छा रहता है। इसी प्रकार यदि यात्रा आदि पर जाना हो तो कम-से-कम चार व्यक्तिों को जाना चाहिए। खेती आदि कार्य ठीक प्रकार से चलाने के लिए पांच व्यक्तियों की आवश्यकता होती है, जबकि युद्ध में यह संख्या जितनी हो उतना अच्छा है|	एक तो दो समान दोनों से पढ़ने वाला यह साक्षा तीन प्रकार से नष्ट हो जाता है। चार प्रकार से अधिक माने वाले होते हैं।
7	सर्वप्रथम मंगलादा ने नईविष्णु रेगमी ने संस्कृत कक्षा के नियमों का आनंद लिया।	सर्वादौना को लेकर नई कक्षाओं को संस्कृत कक्षा में लाने के लिए सुना।
7	मैने यह भी नहीं सोचा कि वस्त्रों तथा आभूषणों से सुशोभित	यह भी नहीं सोच रहा है कि-इस भी हो जाता है कि -
62	उपस्थित होने पर सेवानिवृत्त आचार्य ओमप्रकाश शर्मा सेवानिवृत्त अध्यक्ष डॉ. एस.एस. परमारपीठ, हिमाचल प्रदेश विश्वविद्यालय, शिमला भारतीय संस्कृति के नैतिक मूल्यों, डॉ. चेताराम गर्ग निदेशक ठाकुर रामसिंह- इतिहास अनुसंधान संस्थान नेरी भारतीय संस्कृति में नैतिक मूल्यों का संग्रह किया, प्रो. भागचंद्रचंद्रह:, आचार्य भौतिक विज्ञान विभाग, हिमाचल प्रदेश- केंद्रीय विश्वविद्यालय: धर्मशाला भारतीय संस्कृति और शिक्षा, डॉ. कर्मसिंह पूर्व सचिव, हिमाचल प्रदेश- कला संस्कृति भाषा अकादमी, शिमला भारतीय संस्कृति राष्ट्रीयचिंतन, डॉ. कृष्णमोहन पांडे के साथ आचार्य जवाहरलाल नेहरू विश्वविद्यालय संस्कृत	इस अवसर पर आचार्य ओमप्रकाश शर्मा सेवानिवृत्त डॉ. वाई.एस.एस. परमार विश्वविद्यालय, हिमाचल प्रदेश विश्वविद्यालय ने शिमला भारतीय संस्कृत भारती, डॉ., वराम गर्ग: ठाकुर ठाकुर- इतिहास शोध अधिकारी, इतिहास शोध अधिकारी, इतिहास शोधन: नई दिल्ली, आचार्य, भागवत विभाग, आचार्य: भागवतन, आचार्य, भागवत विभाग, संस्कृत विश्वविद्यालय के संस्कृत शिक्षण विभाग, आचार्य डॉ. कृष्ण कुमार तिवारी, संस्कार और अन्य भारतीय संस्कृत शिक्षण परिषद, आचार्य डॉ. कृष्णमोहन पांडे, आचार्य एवं अन्य भारतीय संस्कृत शिक्षण पर शिक्षा है।
9	मंडल की चुराह, भरमौर, पाङ्गी, डल्हौजी में बर्फ लगातार है।	और भी मंडली, भरत भूमि, डगी, पागहौजी में बर्फबारी लगातार है।
10	विपक्षी नेता जयराम ठाकुर ने कहा कि बगीच स्कूल के वार्षिक कार्यक्रम में मुख्य अतिथि के रूप में बुलाया गया था।	प्रतिगारी विद्यालय विद्यालय में मुख्य अतिथि के रूप में आम जनता को आमतौर पर एक संवाददाता सम्मेलन में कहा गया है।
1	उचित मात्रा में।	माता के समान
1	में प्रवेश	दिखलाकर
1	तू कूए से जल ला।	कुएँ पानी लाओ।
5	आज उसका विवाह है।	आज उसका विवाह है।
11	उसके बाद 10 तारीख को उतरकर विमान अटेंडेंट के रूप में उड़ रहा।	फिर उत्तीर्ण हुए और उस वर्ष आने पर प्रवेश करके विमान अभियान में उत्तीर्ण हुई- रूप में उत्तीर्ण हुई।
11	उन्होंने कहा कि टेक्नोलॉजिकल विभिन्न क्षेत्रों में महत्वपूर्ण भूमिका निभा सकती है।	उन्होंने कहा कि प्रौद्योगिकी विभिन्न क्षेत्रों में बड़ी भूमिका निभा सकता है।
7	पुरस्कार प्रयोजक आचार्य प्रताप सभी विजेताओं को पुरस्कार प्रदान करेंगे।	पुरस्कार प्रलय आचार्य प्रताप सभी विजेताओं को पुरस्कार देगा।
10	विद्यालय जाने पर क्रुद्ध गुरु जी का मुख देखने की मेरी कोई ईच्छा नहीं है।	इस समय विद्यालय जाकर भूनियों के उपाध्याय का मुख देखने के लिए नहीं चाहता हूँ।
5	इसी प्रकार जीवन में ज्ञान की भी परम आवश्यकता है।	इसी प्रकार जीवन में ज्ञान की भी परमात्मा आवश्यक है।
3	विद्यालय के चौकीदार को निवेदन करती है।	विद्यालय के चौकीदार को निवेदन करती है।
1	स्तुति करना	धड़कता है
2	वैसेवैसे	वैसे
3	मोहन कब उठता है?	मोहन कब उठता है?
6	अजी ! क्यों जा रहे हैं ?	यह ठीक है , क्यों जा रहा है ?
9	इस पीता रोग की चिकित्सा के लिए प्लग, अंड, प्ली, फोटोथेरेप किट का प्रयोग किया जाता है।	इस पीतरोग की चिकित्सा के लिए प्ल-ए-फ्यूलेप में-लेखा के अधिकारियों द्वारा किवाया गया है।
7	पति -चिन्ता मत करो वह खाएगा।	पति - चिन्ता मत करो , वह खाएगा
9	इसके अलावा विधानसभा क्षेत्र में सुरक्षा व्यवस्था को मजबूत करने के लिए सीसीटीवी-ड्रोन-यन्त्रों का उपयोग होगा।	इसके अलावा विधानसभा में सुरक्षा व्यवस्था सु व्यवस्था को बढ़ाने के लिए सीजीटीवी-ड्रोन-काने का उपयोग होगा।
3	तुम नीचे जाओ।	तुम नीचे जा रहे हो।
3	स्मिता गुरुकुल जाती है।	मुिता गुरु से जा रहा है।
5	योजना क्षेत्र को सुप्रीम कोर्ट ने मंजूरी दी है.	शिमला योजना को क्षेत्र को सुप्रीम कोर्ट में मंजूरी दी गई थी।
12	बाङ्कला शहर में राज्य में सबसे अधिक अधिकतम तापमान एक डिग्री तक पहुंच गया, सबसे कम तापमान एक डिग्री तक पहुंच गया।	राज्य में सबसे अधिक तापमान बाईल शहर में डिग्री डिग्री तक हुई, सबसे कम तापमान डिग्री डिग्री हुआ।
8	रेलवेस्टेशन से घर जाकर वह भाई के साथ अल्पाहार करेगी।	रेलस्थान से घर जाकर वह घर के साथ नाश्ता करेगा।
10	न केवल पूरे भारत में अपितु पूरे विश्व में टाटा के वाहन चलते हैं।	न केवल सारे भारत में अपितु भारत में सात से अधिक वाहन चलते हैं।
6	धर्म की रक्षा के लिये वह आगे आया ।	धर्म की रक्षा के लिये वह आगे आया
5	दीपक के चारों ओर कीड़े हैं।	दीप के चारों ओर कीड़े हैं।
6	इनमें चिकित्सालय आधुनिक चिकित्सा सुविधाओं से सुसज्जित होगा।	इनमें से चिकित्सा महाविद्यालयों में विख्यात सुहासाओं के द्वारा सुहासा होंगे।
6	कोई पुरुष अपने मित्र को देखना चाहता है।	कोई पुरुष अपने मित्र को देखना चाहता है
7	भोरंज विधानसभा क्षेत्र के विधायक सुरेश कुमार ने सियारंद को तटस्थ बनाने की मांग की।	हे मित्र विधानसभा क्षेत्र के विधायक सुरेश कुमार शर्मा ने सीरन के तला करने की माँग दी।
12	सत्र में पूह से काजा तक के सीमा क्षेत्रों में विश्वसनीय गुणवत्तापूर्ण और करोड़ रुपये की बिजली पहुंचाने के लिए विस्तृत परियोजन रिपोर्ट की स्वीकृति दी गई।	सत्र में पूजीज के अधिकारियों ने सीमा क्षेत्रों में विश्व सभ्य रहा है और इस सत्र में को बिजली के बिजली की बिजली को मंजूरी दी गई है।
1	न देखते हुए	देखता था
13	वहां समरखंडा में एक सम्मेलन में चीन, रूस, ईरान के राष्ट्रपति और पाकिस्तान के प्रधान मंत्री भाग लेते हैं।	इनमें से चीन में चीन में से चीन, सम्मेलन, चीन और अन्य देश जैसे राष्ट्रपति को पाकिस्तान में भी भाग ले रहे हैं।
6	संसार के रूप में समुद्र में नौका के रूप में सुरक्षक तुम ही हो ।	संसार के महान् रूप में समुद्र का पृथ्वी सुरक्षित है, तुम ही इन दोनों के साथ।
6	आती हुई गाड़ी को देखकर सावधानी से चलो ।	आईये वाहन देखकर सावधान करके चल रहा है।
6	मैं तो माँ के घर में हूँ ।	मैं तो माँ के घर हूँ ।
3	दोनों ने पढ़ा।	वे दोनों पढ़े।
13	हे भगवन्! तुम्हारे बिना मैं नाथवान् नहीं हूँ और मुझ दीनके बिना आप दीनदयालु नहीं हो सकते इसलिये विधि-निर्मित इस सम्बन्धको आप निभाइये। इसका त्याग 'न होने दीजिये	हे भगवन्! आपको अपनी चेष्टा नहीं छोड़ई अन्य मेरे लिए तुम ने अनुग्रह दिया है इससे ये आपके पास माता पिता को चलना नहीं दो बारम्बार किसी दूसरे को दिया है।
1	उत्तर दिया	पास जाकर
6	कल वीर शहीदों के शव दिल्ली आए।	कल वीरों की शहीद होती है और शहीद हो गए।
4	जैसे बछड़ा माता के पास जा पहुंचता है वैसे ही सुख और दुःख अपने कर्ता के पास जा पहुंचते हैं।	मेरे समान पुत्र सुख-दु:ख, व्यक्ति के हाथ में ही पुरुष आ जाते हैं,
3	गोपाल गाय की रक्षा करता है।	गोपाल गाय को पालता है।
8	अतः हे सुग्रीव! बन्दरों के साथ जल्दी से विमान चढ़ो।	इसलिये सुग्रीव! वानरराजों के साथ फेंक दिया।
6	लंकाेश्वर डर गया तुम्हें देखने के लिए जल्दी जाएगा।	ल सुेश्वर जी विभीषण को देखने के लिए जल्दी जायेगा।
6	मामा – तुम माँ की चिन्ता कर रहे हो।	माइक्रता – तुम माँ की चिन्ता करती हो।
4	संस्कार भी आवश्यक होता है।	संस्कार भी आवश्यक होता है।
1	पूँछ	पूँछ।
7	तुम तो धन की खातिर यहां रह रहे हो ।	तुम तो धन का हे धन का रहा है।
21	संस्कृत प्रदर्शनी में डॉ. उपेंद्र पांडे, अपितु डॉ. रमेश शुक्ल, डॉ. मनोज द्विवेदी डॉ. दिनेश चौबे, डॉ. अखिलेश शुक्ल, श्री मुकेशभाला, श्रीसुभाष कुमाव उपस्थित थे।	संस्कृत प्रदर्शनियों द्वारा डॉ. उप करभ
8	वह पढ़ना चाहता है, किन्तु मन नहीं लगता है ।	वह पढ़ने की इच्छा करता है, किन्तु मन नहीं चाहता है
5	किंतु न चलता हुआ गरुड भी, एक कदम भी नहीं जाता।	नये वैनन को भी पद मानने वाले नहीं जा रहा है।
3	मैं शरबत पीता हूँ	मैं शरब पी पीता हूँ।
8	शान समिति की रिपोर्ट के बाद चयन प्रक्रिया ऑनलाइन रूप में की जाती है।	शान समिति की रिपोर्ट के बाद चयन प्रक्रियाओं को ऑनलाइन रूप से किया जा रहा है।
3	ठीक है ।	ठीक है।
4	वह व्यक्ति धूप में खड़ा है।	वह पुरुष आतंकवादी ही खड़ा रहता है।
4	मासान्ते संस्कृत में कार्यक्रम का आयोजन।	संस्कृत के अन्त में संस्कृत का आयोजन.
4	वे सब घड़े नष्ट होते हैं	वे घड़ा ध्वंसें हैं ।
4	क्या वह विश्वसनीय है ?	वह विश्वास योग्य है क्या ?
6	पाणिनि 'एक कथा के रूप में अन्य कथावस्तु का बहुतवचन है।	पाणिनि''जात्यागी ने बहुत समय तक बहुत से पुरुष बोलकर बोल रहे हैं।
4	मर्यादा पुरुषोत्तम कौन थे ?	मरक पुरुष कौन थे ?
7	पुलिस महानिदेशक संजय कुंडु की निवृत्ति के लिए अधिसूचना कभी भी जारी नहीं की जाएगी।	पुलिस महानिदेशक संजयकुंडम के संजय फिल्म में अधिसूचना जारी की जाएगी।
9	माता - बेटा , आज मौसीजी के साथ बगीचे जाओ ।	माता - बेटा बेटा , आज मातृस्वान के साथ बाग़ेद जा रहा है ।
14	हे रघुश्रेष्ठ! मैं तो अपने अन्तिम समय में आपका दर्शन करने से ही मुक्त हो गया, परन्तु आप मुझे अपने कर कमलों से स्पर्श कीजिए: पुनः आपका परमपद में प्राप्त करूंगा ॥	हे रघुश्रेष्ठ! मैं आपके सामने अपने किए कूटऊँगा। रघुश्रेष्ठ श्रीराम! एक समय में आपके सामने आऊँगा ॥
19	सड़क परिवहन और राजमार्ग मंत्री नितिनगडकरी ने देश में अच्छी सड़क निर्माण के महत्व का रेखांकन करते हुए कहा कि इससे पर्यटन की संभावनाओं का विकास होगा, और परिपत्रों को बनाने में मदद मिलेगी।	रास्ते में परिवहन राज्य मंत्री नितिनकरीकरी का महत्व का महत्व रेखांवेत्ता को रेखां हैं कि इससे पर्यटन की संभावनाओं का विकास होगा और उनके की आवश्यकताओं का विकास होगा।
15	मोदी ने कहा कि महिलाओं, युवाओं, किसानों, और निर्धनों को राष्ट्र की उज्ज्वल भविष्य की कुंजी है।	मोदी ने कहा कि महिलाओं, युवतियों, किसानों, किसानों और निर्धन सशक्तीकरण ही राष्ट्र की उज्ज्वल ।
15	संस्कृत विद्वानों के उत्साह के लिए-संस्कृत के अच्छे प्रचार-प्रसार के लिए संस्कृत साहित्य, कविता, और विभिन्न ग्रंथों के लिए विभिन्न पुरस्कार प्रदान किए जाते हैं।	संस्कृत विद्वानों, उत्साह, उत्साह-
9	सुरभि की इस दशा को देखकर देवताओं के राजा (इन्द्र) ने उससे पूछा- “अरी शुभ लक्षणों वाली! क्यों इस तरह रो रही हो? बोलो”।	देवताओं के रोने की इच्छा देखकर सुरखी की पति से उसे राजा से लीन कर दिया है। इसी प्रकार तुम इसी प्रकार रोते हुए रोने लगी ?
8	भोगविशेष की कामना से जिनका ज्ञान हर लिया गया है, ऐसे पुरुष अपने स्वभाव से प्रेरित हुए अन्य देवताओं को विशिष्ट नियम का पालन करते हुए भजते हैं।।	काम, दान और तप ये इसके द्वारा किये गये हैं, इस प्रकार उस देवता को नियम रूप से बढ़ाया गया है इसलिए उस ज्ञान को तुम मुझसे अपने द्वारा बंधे हुए किया गया है।।
11	गांधी उद्योग संघ के महासचिव अशोक राणा ने कहा कि उद्योग निवेश कक्ष को निर्माण किया जाना चाहिए।	उन्होंने कहा कि जो उद्योग संघ के महा सचिव को वह उद्योग विभाग का निर्माण करना चाहिए।
7	जो पुरुष मदाश्रित होकर सदैव समस्त कर्मों को करता है, वह मेरे प्रसाद (अनुग्रह) से शाश्वत, अव्यय पद को प्राप्त कर लेता है।।	हे निष्पाप । इन सब से तुम इस ( में) होकर सदा विजयी होने का कारण बनता है मुझे सदा प्रसन्न नहीं होता।।
8	मित्र ! अब मुझे भूख बहुत ही दुःख देती है।	हे मित्र ! इस समय मुझे बहुत दुःख देता है बहुत दुःख देता है।
10	मनुष्य का आभूषण सौन्दर्य होता है, सौन्दर्य का आभूषण गुण होता है। और गुण का अलंकार बुद्धि होती है, उसी प्रकार बुद्धि का आभूषण क्षमा होती है।	मनुष्य के जन्म का नाम, रूप और रूप में ज्ञान का अनुसरण किया गया, ज्ञान (है) ज्ञान है, गुणों का ज्ञान ही ज्ञान है ॥
13	उस समय वह पुरुष शरणागत जनों का दुःख दूर करने वाले, संसार सागर से पार करने वाले, दयामय श्रीराम चन्द्रजी को प्रसन्न मन से प्रणाम कर प्रसन्नचित्त, शरणागतों के सम्पूर्ण क्लेश हरण करने वाले प्रभु को पृथ्वी पर दण्डवत् कर बारम्बार प्रणाम किया ॥	प्रणाम करते हुए श्रीराम को प्रणाम करने वाले मताल के समान प्रणाम करने वाले अतिशय प्रियतम समय उतावले में प्रणाम किया ॥
6	वह 5 मार्च को पटना आ रहा है	वह 5 मार्च को पटना में आता है।
1	कौन	कौन एक
1	सुखी हो रहे है	प्रसन्न होते हैं।
9	राजौरी और पुंछ ने क्षेत्रों की अपनी यात्रा में सैन्य योद्धाओं के साथ बातचीत की।	राजौरी-पंछ-क्षेत्रों के अपने यात्रियों ने सेना के साथ बात की।
1	धर्म को	तप का
8	प्रबंधक उसकी कार्यनिष्ठा को सुनकर ( देखकर) खुश हुआ।	होता है उसका कार्य सुनकर
6	इस प्रमुख पद पर उनका कार्यकाल अद्वितीय था।	इस प्रमुख पद पर उसका एक किया अ
3	मैं पानीपत जा रहा हूँ ।	मैं पानी जा रहा हूँ ।
9	इस प्रकार छोड़कर वह घोड़े पर चढ़ाकर सहसा बैठ गया।	ऐसा कहकर अश्वम्मी वर्षा से वर्षा हुई और अचानक कोई हो गया।
10	दुर्जन और कांटे इन दो चीजों से बचने के दो ही उपाय हैं, या तो जूतों से इनका मुंह कुचल दिया जाए, उसके अस्तित्व को ही समाप्त कर दिया जाए अथवा उनको दूर से ही त्याग दिया जाए।	दुष्टों का कानों में ही की अथवा इनको जीतने का काम और शहद का के पास से, के दूर से समय भी मिलते हो, इसलिए दूर से ही
21	इनमें से सोलन से कैनल धनीराम शण्डिल पहले ही कैबिनेट में हैं और यदि यादविन्द्रगोमा भी अवसर पाता है तो वह आरक्षित वर्ग से दूसरा मंत्री बन जाएगा।	इनमें से सोलन से क नहींलरामराम शांडिलिल पहले मंत्रिमण्डल में है और यदि यादविंन्द्र भी अवांछित हो जाए तो वह आर्य एक बड़ा मंत्री बन जाएगा।
5	जिन्हें जान लेने से ही व्यक्ति अपने आपको सर्वज्ञ समझ सकता है।	जो विज्ञान मात्र से सर्वज्ञता को प्राप्त होता है, उसका ज्ञान भी कहा जाता है।
1	देश का	देश को स्थिर करने के लिए
1	दिया जाता है।	दिया जाता है
4	वह स्कूटर से बैंक जाती है।	वह स्कूटर से वित्त जाती है।
10	बुद्धिमान महापुरुष शरीरों में शरीर रहित अर्थात पृथक रूप में रहने वाले नश्वर वस्तुओं में नित्य रूप में स्थित महान सभी और व्याप्त इस आत्मा को जानकर किसी प्रकार का शोक नहीं करता।	इस संसार में दुर्जनों की भी इच्छा करती हुई शक्तिशाली व्यक्ति अपने शरीर में ले जाने के लिए पूर्व समय में अपनी बुद्धि के समान कोई रूप नहीं होता।
6	ओह अभी वो टेबल के ऊपर है।	ओह अब वह टेलीफली है।
8	अभी मैं अपने पिता की राजधानी अयोध्या लौटाऊँगा।	अब मैं मेरे पिता की और अयोध्या को अयोध्या जाऊँगी।
7	माता – पिता के पैर छुए ?	माता – पिता के चरण छू लिये क्या ?
7	कर्ल-संस्कृत अध्यापक-महासंघ ने आज श्रावणिका नामक संस्कृत दिवस उत्सव का आयोजन किया।	करल-संस्कृत-संस्कृत-काडरेड नामक संगठन का सुना है कि संस्कृत दिवस महोत्सव आज ही आयोजित किया गया था।
5	भारतीय खिलाड़ी सूर्य कुमार यादव को सर्वश्रेष्ठ खिलाड़ी चुना गया।	भारतीय खेल के सूर्य कुमार यादव ने सर्वश्रेष्ठ खिलाड़ी से.
3	आप दोनों जाती हैं।	आप दोनों जाते हैं।
8	दृष्टिपात से उसकी व्यथा नष्ट हो जाती है, मैं चित्राम की शरण में क्या प्राप्त करती हूँ?	होवे में उसका चश्मा नहीं देखा जाता, चित्रयामी क्या शेष है?
3	छात्र आपस में बोलते हैं।	छात्र आपस में बोलते हैं।
6	शालिसा धाम्या ने भारतीय वायुसेना में नया करियर बनाया है।	भारतीय वायुसेना में छहों सागर की एक नया चरित्र के साथ शुरू हुआ।
8	मेरा दृढनिश्चय है मैं शत्रुओं को मार के आऊँगा।	मेरा दृढ़ निश्चय है , मैं शत्रुओं को मार के आऊँगा।
2	वाणी से बोलो	वाणी से बोलो।
6	पहुंचे हुए समाचार के अनुसार, अर्जुन शीघ्र ही खलनायक की भूमिका पर दिखता है।	पहुंचे हुए के अनुसार, अर्जुन शीघ्र ही पृथ्वी की भूमिका में दिख रहा है।
1	तर्क करना	ऊण
4	मनुष्य की श्रेष्ठता चरित्र से होती है।	मनुष्य की श्रेष्ठता का चरित्र होता है।
5	रास्ते में नए यात्री चढ़ रहे थे।	रास्ते में नए यात्रियों चढ़ रहे थे।
1	पृथिवी को	वह भूमि को
1	इस प्रस्तावना के प्रयोग से सन्तुष्ट होकर	प्रयोग किया गया
15	उत्कृष्ट कार्यों के लिए उस वर्ष यूनिसेफ़-संस्थान द्वारा नोबेल पुरस्कार प्राप्त किया गया, उस वर्ष इन्दिरंगाधीशांत पुरस्कार से भी यह संस्था सम्मानित की गई।	उत्कृष्ट कार्य के लिए यूनिसेफ-सिमय नहीं हुई था-राष्ट्रीय वर्ष के बाद, इस संस्थान में इंदिरागांत पुरस्कार भी प्रदान किए जाएंगे।
6	रात में भोजनालयों में भी लोग भोजन करते हैं।	रात में भोजनों में भी लोग भोजन करते हैं।
2	कभी	किसी एक में
5	मेरी जीजी सब्जियों का अचार बनाती हैं।	मेरी जीजी सब्जियों का अचार बनाती हैं।
4	इसलिए वह बहुत बड़बड़ाया ।	इसलिए वह बहुत पसन्द है
26	शिक्षा मंत्रालय ने पिछले महीने के बारह तारीख से इस महीने के बारह तारीख तक-6 तारीख तक छठी कक्षा से बारह कक्षा तक शिक्षकों एवं अभिभावकों द्वारा इस कार्यक्रम में भाग लेने के लिए तालिका में रखा है-इससे माध्यम से आवेदन दर्ज किया जा सकता है।	शिक्षा मंत्रालय ने पिछले महीने के बारह तारीख से इस महीने के बारह तारीख से बारह कक्षा से बारह कक्षा तक के विद्यार्थियों, शिक्षकों और शिक्षण आदि शिक्षकों को इस कार्यक्रम में भाग लेने के लिए पटल पर गिरफ्तार किया है-इससे आवेदन दर्ज किया गया।
3	मैं आलस छोड़ूँगा ।	मैं आलस छोड़ रहा हूँ।
6	धर्म की रक्षा के लिये वह आगे आया ।	धर्म की रक्षा के लिये वह आगे आया
6	उसकी बहन का नाम सुप्रथा है ।	उसकी बहन का नाम पर प्रसिद्ध है
12	यहाँ कुम्भकर्ण मारा गया और मैंने मारा, बन्दर द्वारा हनुमाता तथा धुंआँ को मार दिया गया।	यहाँकर्णकर्ण और गस्तर को मैंने मारा, वानरा से हनुमान को मारने के लिए मारा।
5	दिव्येश मेरा मित्र है	दिव्येश मेरा मित्र है
13	अरे क्यों यह इस प्रकार ज़ख़्म पर नमक डालता है। निकाल दे, इसको गला पकड़कर ।	जहाँ इस प्रकार इस प्रकार का कैसे ध्यान होता है (क्योंकि) इस प्रकार का हमलोगों को निकालकर आइए।
4	बिना नशा के नशीला धन।	काम के बिना वह धन भी पतन हो गया है
4	कभी कभी दही से बाल धोता है।	कभी कभी दही से धोता है।
10	उसके बाद छात्रसभा में कुछ छात्र गीत गायेंगे और कुछ भाषण करेंगे।	उसके बाद छात्रसभा में कुछ छात्रों को गीत गाएँगे और कुछ भाषण करेंगी।
5	वह बच्चा उसका भांजा है ।	वह बालक इसके भाग में है।
5	इस में थोड़ा सा भी पाप नहीं है।	इस लेश भी पाप नहीं है।
10	हे राजन् ! उसकी कुल में बढ़ी हुई यह मेरी बेटी है।	हे भी उसकी कुटी में बढ़ा है मेरी आत्मा को मेरीजा है।
7	उन्हें तीन बार भारत सरकार के राष्ट्रीय पुरस्कार से सम्मानित किया जा चुका है।	यह तिरंगा भारत हैकर के राष्ट्रीय पुरस्कार के रूप में है।
16	विक्रान्त मैसी और मेधा शंकर की फिल्म वीं फेल, जिसका नेतृत्व विधु विनोद शर्मा ने किया, लंबे समय से चर्चा में आ रही है।	बेहद मैसी और मेधाश को कानूनी की कानूनी नीतियों से निर्देश दिया गया है।
1	जान-बूझकर ।	विचार करना
17	इस अवसर पर माइक्रोन, रिलायंस, टाटा समूह जैसे प्रमुख वैश्विक-भारतीय उद्योगों ने गुजरात में अपने व्यवसाय के विस्तार की योजना की घोषणा की।	इस अवसर पर माइक्र, रिलाही, उन्होंने किया कि  ⁇ ention, आदि प्रमुख गुजरात ने गुजरात के उद्योग में अपने आप को धर्म की इस योजना का योजना घोषित कर दिया है।
9	एक निर्वाचन क्षेत्र में, भाजपा प्रतिस्थापन को निर्विरोध चुना गया।	एक मेंढक कि एक जिला का जीव किया गया और चुनाव में चुनाव से चुनाव हुए।
5	मेरी एक दुकान है।	मेरा एक दूकान है ।
14	डीएमडीके स्कूल हॉल ने घोषणा की कि विजयकांत  ⁇ -19 की कक्षा में नौ दशकों से ग्रसित थे और जीवन रक्षक प्रणाली द्वारा ले जाया जा रहा था।	डीएमडीके मुख्य। खंड से ही विजय प्राप्त हुआ है-इसने वहनर द्वारा ग्रस। भी अपनी चुकनाई थी।
6	गरम पानी में हाथ और पैर रखता है।	गर्मी में हाथ में पैरों हाथ में रखते हैं।
1	शोभा देना	घूमना
5	इसी कारण स्वाधीनता सेनानियों के दो दल थे।	इसलिये स्वाधीनता से द्वेष रखने वाले दो दले का अस्तित्व करना चाहिये।
31	मंत्रिमण्डल ने लोक निर्माण विभाग में छोटे इंजीनियरिंग और छोटे तकनीकी पदों को भरने के लिए मंजूरी दी है, जलशक्ति विभाग में कार्यनियंत्रक, राजस्व प्रशिक्षण संस्थान जोगिन्दर ने विभिन्न वर्गों के निर्माण को मंजूरी दी है और सैन्य कल्याण विभाग में हमीरपुर ने विभिन्न वर्गों के पांच पदों को पूरा करने के लिए मंजूरी दी है।	पद भरने के लिए मंजूरी दी गई थी कि ये सैनिकों विभाग के डिवीजन के पद और कैंसर विभाग के पदों को पूरा करने के लिए मंजूरी दी गई है।-उन्होंने प्रशिक्षण संस्थान द्वारा विद्यालय वर्ग के पदों में विभिन्न वर्गों के पदों को पूरा करने का मंजूरी दी गई है।
16	अनेक मारखड़ने वाले भीम सेनाओं के साथ उन दोनों वीरों का बड़ा भारी युद्ध तब देवता, गन्धर्व, महाोर, गीदड़, सिद्ध, खेचर, ऋषि और दानव आदि देखते थे।	अनेक बालकों ने भीमों के दोनों दोनोंों के वीर युद्ध किया तब देवताओं का युद्ध, भारी, गोरग, सिद्ध, ऋषिगण और अन्य जीवों को देखते थे।
12	अब तक, बाईस तारीख को छह करोड़ से अधिक विद्यार्थियों ने अपना पंजीकरण कराया है।	अब तक अट्ठाईस से अधिक छह करोड़ से अधिक छात्रों ने अपने पंजीकरण किये हैं।
1	मुनि से	मुनि ने
10	नवजात बालक कुछ भी नहीं जानता है फिर भी धीरे धीरे उसका ज्ञान बढ़ता है।	नव चिड़िया कुछ नहीं जानता है फिर भी धीरे धीरे धीरे धर्म बढ़ रहा है।
1	भजो	जौ
5	क्या वह नहीं मानता ?	क्या वह नहीं मानता ?
8	हिमाचल प्रदेश के पचास युवा किसान आधुनिककृषि विधि को समझने के लिए जापान जाएँगे।	हिमाचल प्रदेश के एक सौ सौ युवा युवा आधुनिक से आधुनिक प्रकार की कोशिश करने के लिए
4	कारण कि कीर्ति ही बड़ा बल है ।	कैसा बल है
3	जोकि, उपयोंको अधिकार करके यह तन्त्र रचागया है इस वास्ते इसका अग्रगण्य ) औपद्वधिक अध्याय प्रथम वर्णन होगा ॥	अधिक किया कि हम लोग इस बात को और जीवन के साथ जुड़ा।
8	जो स्थिरबुद्धि, संमोहरहित ब्रह्मवित् पुरुष ब्रह्म में स्थित है, वह प्रिय वस्तु को प्राप्त होकर हर्षित नहीं होता और अप्रिय को पाकर उद्विग्न नहीं होता।।	नये नये इस (क्योंकि) नचिकेता से भी अधिक प्रेम नहीं चाहता, स्थिर बुद्धि वाले पुरुष ब्रह्मलोक में स्थिर रहते हैं।।
7	उसी प्रकार मनुष्यों का संघ (समूह) ही कुछ कर सकता है।	उसी प्रकार मानव संघ और इस प्रकार कुछ भी करने में समर्थ है
12	मेरा जीवन तो बस एक केवल हरिनाम ही है, इसके अतिरिक्त कलियुगमें और कोई गति है ही नहीं ॥	मेरा जीवन इस प्रकार मेरा जीवन ही नाम है । कल ही मेरा जीवन होते हुए भी ऐसा नहीं है, इस प्रकार मुझे केवल गति को पूर्ण ही प्राप्त होता है ।
7	हिन्दी कवि मुंशी प्रेमचन्द ने साहित्य को "जीवन की आलोचना" कहा है।	हिन्दी कवियों ने हिन्दी केचन्द को साहित्य में लेला" जीवन की आलोचना" कहा।
5	मूर्ख धर्मपत्नी को भी कपड़े नहीं पहनाता।	मूर्ख पत्नी को भी कपड़ा नहीं छोड़ता ।
6	उस भारतीय युवक के लिए हमेशा स्वस्ति की कामना।	उन्हें भारती तुम युवकों को हमेशा अपने कल्याण के लिए काम करना चाहिये।
36	हे विश्वेश्वर! हे अनन्तं! आप मेरी रक्षा कीजिये। हे जगन्नाथ! आपको नमस्कार है। हे प्रभो! में आपकी शरण में हूँ। आप अपने ज्ञानाग्निरूप तलवार से मेरे पुत्र तथा धन आदि के स्नेह पाश को काट दीजिये। कैकेयी का यह वचन सुनकर श्रीरामचन्द्रजी मुस्कुराकर बोले हे महाभागे ! आप जो कुछ कह रहीं हैं वह ठीक ही है, मिथ्या नहीं है। मेरी ही प्रेरणा से देवताओं के कार्य की सिद्धि के लिये आपके मुख से यह शब्द निकले थे। इसमें आपका कोई दोष नहीं है। अतः आप अयोध्या कूट जाएँ और अहर्निश निरन्तर हृदय में मेरी	हे संसाररूपी महान्ेश्वर श्री मैं संसाररूपी महान्रूप, सर्व। संसार में समभाव वाले हे राम! मैं आपके इस महान् और सर्वज्ञस्वरूप में मेरा हृदय सत्य है। अतः आपके द्वारा मुझे पूर्णतः सत्य कहा गया है। तुम मेरी रक्षा करो। इसलिए मैं आपको वन में ही गया था। उसी प्रकार मुझे अन्य तीनों लोकों में विचरने वाले तुम मुझे क्यों नहीं जान सकोगे। तब ब्रह्माजी ने मुझसे कहा कि मैं देवताओं से वैर भाव से मेरी रक्षा करूँगा और संसार में समान रूप से पुनः सर्वज्ञ हो गयी हूं। मुझे इन्द्रियाँ मुझे पूर्ण रूप से देखा जा रहा है। अतः हे शिव!
12	कार्यक्रम में श्री द्वारकानौटियाल गौरवजी, अभिषेक शर्मा और वेदांत जी अनेक गणमान्य उपस्थित थे।	कार्यक्रम में श्री द्वारकाटील गौरवपूर्ण, अभिषेक शर्मा, वेदांतज अमीन आदि अनेक गणपति उपस्थित थे।
22	अपने व्याख्यान में उन्होंने कहा कि समाज में संस्कृत को प्रौढ़ और कठिन माना जाता है, लेकिन बंधन में कुछ बदलाव करके संस्कृत का प्रयोग सरल और शुद्ध तरीके से किया जा सकता है।	अपने व्याख्यान में उन्होंने कहा कि समाज में संस्कृत का प्रौद्योगिकी कठिन और कठिन माना जाता है, लेकिन व्याकरण में थोड़ा परिवर्तन करके संस्कृत का प्रयोग करना, संस्कृत का प्रयोग करना, शुद्धता से शुद्ध हो सकता है।
1	कहना चाहिये	कहने योग्य
8	क्रोधित शेर उस पर प्रहार करना चाहता है, परन्तु बन्दर कूदकर पेड़ पर चढ़ जाता है।	क्रोधित सिंह उसको खाने के लिए पकड़कर बन्दर में कूड़े के पेड़ पर चढ़कर वृक्ष को उड़ाती है।
11	बताया जाता है कि एनपीपी को 45 सामाजिक समूहों का समर्थन प्राप्त है।	एनडीए की आँखें राज्य के आँखें स्थित है
7	सतीश – रास्ते में कुत्ते दौड़ रहे थे।	वे रास्ते में कुत्ता दौड़ रहे थे।
12	वहाँ उन्होंने सब और भगवान श्रीरामचन्द्रजी के वज्र, अंकुश, कमल और ध्वजा आदि के चिन्हों से सशोभित तथा पृथिवी के लिये अत्यन्त मंगलमय चरणचिन्ह देखे। उन्हें देखकर भाई शत्रुघ्न सहित वह उस चरणारविन्द में लोटने लगे और मन ही मन कहने लगे"अहो! मैं परमधन्य हूँ, जो आज श्रीराम चन्द्रजी के चरणारविन्दों के चिन्हों से सुशोभित भूमि को देख रहा हूँ, जिन चरण रज को ब्रह्मा आदि देवगण और सम्पूर्ण श्रुतियाँ भी सदा अन्वेषण करती रहती हैं ॥	जो वहाँ उन्होंनेन्हों नेरी- लोक के समय एक साथ ध्वजाओं को लगाकर सभी लोकों में पापियों को उत्पन्न किया। सभी और राम के सहवास से लेशान हुए ॥
6	शाकम्भरी देवी के वरदान से वासुदेव जी लावणजलाशय पहुँच गए।	सब्जीम्भरी देवी का वरदान से वह रेलगाड़ियों को मार डाला।
7	बहुत से लोग केवल फल ही खा रहे थे।	बहुत से लोग केवल फल ही खाते थे।
6	(क्षेत्र-क्षेत्रज्ञ के विषय में) ऋषियों द्वारा विभिन्न और विविध छन्दों में बहुत प्रकार से गाया गया है, तथा सम्यक् प्रकार से निश्चित किये हुये युक्तियुक्त ब्रह्मसूत्र के पदों द्वारा (अर्थात् ब्रह्म के सूचक शब्दों द्वारा) भी (वैसे ही कहा गया है)।।	ऋषियों ने, ऋषियों के द्वारा अलग-अलगों से अलग-अलग सूत्रों से अलग-अलग सूत्रों से नलीन होती है।
4	उसका लड़का स्कूल में पढ़ता है	उसका बेटा पाठशाला में पढ़ता है
7	दस वर्ष से ही हिमाचल प्रदेश सबसे समृद्ध राज्यों में से एक बन जाएगा।	दस वर्षों से हिमाचल प्रदेश समृद्धों में से एक है।
4	रास्ते में गड्ढा था।	रास्ते में गड्ढा था।
6	सशंकित अवस्था में यहाँ घूम रहे हो।	रक्षक – सशांकि मन में यहाँ घूमता है।
9	आपके तत्त्ववेत्ता भक्तजन आपकी भक्ति ही चाहते हैं, अत: मेरी भी सदा आपके चरणोंमें भक्ति बनी रहे ॥	हे नचिकेता! मेरे भक्ति से सारथी मुझे भक्ति से मेरी भक्ति प्राप्त हो जाती है। अतः मे भक्ति से भक्ति प्राप्त नहीं हो सकती ॥
9	हिमाचल प्रदेश के बारे में वादी पर्वतीय राज्य में इस कार्यक्रम के बारे में बहुत उत्साह है।	हिमाचल प्रदेश के बारे में बोले, इस कार्यक्रम के विषय में महतो मुख्य कार्यक्रम है।
3	बालक जायेगा।	बालक जायेगा।
4	अभी वह विश्राम कर रहा है।	अभी वह विश्राम कर रहा है।
16	इस कार्यक्रम में उत्तराखंड:, उत्तराखंड:, नई दिल्ली, राजस्थान, महाराष्ट्र:, हरियाणा, बिहार:, कर्नाटक:, तमिलनाडु जैसे राज्य के शिक्षक भाग लेंगे।	इस कार्यक्रम में उत्तराखंड, उत्तर प्रदेश, नई दिल्ली, राज स्थान, उत्तर प्रदेश, बिहार, कर्नाटक, ऋषियों और राज्य के शिक्षकों के शिक्षकों को भाग ले रहे हैं।
10	इस मार्ग में कुछ भी भय नहीं है। इसलिए मैं अकेला ही जाऊँगा।	इस रास्ते में कोई भी भय नहीं है इसलिये मैं अकेला ही जाऊँगा।
7	देवसभा अर्थात् सत्संग, जहाँ ज्ञान भक्ति चर्चादि होती है।	देवतासभा के समय वही सत्संग, जहां ज्ञानभक्ति आदि के प्रति सम्भव है।
13	इन दिनों संस्कृत विद्यालय और कॉलेजएँ मानक के अनुसार विधान की प्रतीक्षा कर रही थीं, जो अब विधान के तहत आ गए हैं.	ये संस्कृत विद्यालयों के कॉलेज और विद्यालय के मानकांत पर विधानसभा की प्रतीक्षा कर रहे थे, जो अब विधानसभाओं के तहत आए थे।
6	वास्तव में वह शास्त्रीय संगीत सुन रहा है	वास्तव में वह शास्त्रीय संगीत सुन रहा है
2	यह जाता है।	यह जाता है।
6	पाणिनि 'एक कथा के रूप में अन्य कथावस्तु का बहुतवचन है।	पाणिनि''जात्यागी ने बहुत समय तक बहुत से पुरुष बोलकर बोल रहे हैं।
4	हर फल में बीज होता है।	फल में फलेगा।
8	चारो तरफ से ऋषियों के आश्रमों से सुशोभित, ब्रह्मर्षियों और देवर्षियों से सेवित वह आश्रम साक्षात् दूसरे ब्रह्मलोक के समान प्रतीत हो रहा था ॥	ब्रह्मन्चर भगवान् राम ने मुनि और मुनिगणों से भगवान् शिवलोक में एक ब्रह्मलोक में ब्रह्मलोक को प्राप्त किया ॥
10	इसलिए वह कात्यायन का''सिद्ध शब्द अर्थ के संबंध में लोकतोर्थ के लिए प्रयोग किए जाने के लिए शास्त्र द्वारा लौकिक वेदिकों में धर्म का पालन किया गया।	इस के लिए वह कात्यायन की''सिद्ध शब्द अर्थ के संबंध में लोक व्यवहार में शब्दों का प्रयोग करना चाहिए धर्म से धर्म के नियमों में धर्म के नियमों में है।
3	वह स्वस्थ हो गया।	वह स्वस्थ हो गया।
6	सुकृति – तो फिर हम दोनों सेव खाएँगे	दोनों – तो हम दोनों सेवक खाएँगे
3	वह सेल्फी ले रहा है।	वह सेल्फी ले रहा है।
5	वे कन्ग्रेज सर्वाकरण में भी मंत्री थे।	वे कांग्रेस सरकार में भी मंत्री थे।
5	अल्पाहार में वह उबले चने खाता है।	नाश्ते में वह कहाँ से चोंच खाता है।
3	स्नानागार में ही गाते हो	नहाने में ही गायन में ही गाती हो।
3	देवभक्त पूर्ण हृदय से परिश्रम करता है।	सभी जीव देवताओं को पूजता है।
8	राष्ट्रीय-राजाधानी में भारी ठंड के कारण विमान उड़ने, रेल-और संचालन में देरी हो गई।	राष्ट्रीय-राजध में अति ठंड जी को के कारण के लिए, रेल-सं की चलना में देर हुई।
6	प्रकृति के क्रोधों से व्याकुल मनुष्य क्या कर सकता है?	प्रकृति (ही) आतंकवादियों को क्या करने के लिये क्या कर सकते हैं?
5	उज्जियिनी किस नगर के पश्चिम दिशा में है?	उज्जयनी के शहर से पश्चिमदिशा है?
13	बाल भारती विद्यालय दुनिया भर में संस्कृत का प्रसार करने के लिए एक सकृतोत्सव नामक एक प्रदर्शनी का आयोजन करता है।	बाल भारती द्वारा विश्वकर्मा द्वारा दुनिया भर के प्रसारणों के प्रसार को हासिल करने की बात कही जाती है।
6	वह सज्जन मेरा सम्वाद सुनकर हँस दिये।	उसने सज्जन को मेरी समता सुनकर हँस दिया।
10	आज वह उनके संस्थान की राष्ट्रीय कार्यकारिणी सभा, संस्कृत के संवर्धन कीप्रतिष्ठा के कार्यदर्शी हैं।	आज उन्होंने उनके राष्ट्रीय कार्यकारी सदस्य, संस्कृत संवर्धन का कार्य किया है।
14	जो भी विषय जैसा है, वह विषय जैसा ही भावना है और वह भी लोक में फैलती जानी चाहिए, ऐसा अपनी बुद्धि के अनुसार नहीं।	जो कोई भी विषय, उस विषय में ऐसा मेरा भाव नहीं है, जैसे मनुष्य में या अपने में जो समान रूप से काम नहीं कर सकता है।
4	वरूणा रेलगाड़ी काशी से आती है।	वरुणेलेल से आया काशी से आती है।
1	बस	होये
1	महान्।	विशाल
17	मित्र! जहाँ-तहाँ अत्यधिक पृथ्वी पर भवनों का, भूमिगत मार्गों का, विशेषरूप से मैट्रो के मार्गों का, ऊपर से गुजरने वाले पुलों का-इत्यादि के निर्माण के लिए वृक्ष काटे जाते हैं। अवश्य ही हमसे क्या अपेक्षा की जाती है?	जोसेफ – मित्र, जहां-तहाँ बहुत से के सम्राटों का, भूमिगत सड़कों का, विशेष रूप से मैटनी, ऊपर से वल्मी आदि का निर्माण करने के लिए चला जाता है तो अन्य को क्या-क्या हुआ है?
20	आयोग केंद्र-राज्यों के बीच ऋण की प्राप्ति के लिए वितरण, राज्य में पंचायतों और नगरपालिकाओं के संसाधनों के हिस्से के रूप में राज्य के संचित धन को बढ़ाने के लिए आवश्यक उपाय करेगा।	कमीशन केंद्र-राज्य के बीच ऋण की अर्पण, राज्य में पंचायत नगरों का संसाधनों का संग्रह है कि राज्य में पंचायत और शहरों के बीच राज्य की सम्राट को बढ़ाने के लिए आवश्यक है।
1	रवि को संबोधित करने के लिए इस्तेमाल किया	सूर्य के समान
9	उत्तम से उत्तम सन्धि के द्वारा भी शत्रु से कभी सन्धि (मेल) नहीं करना चाहिये क्योंकि यदि पानी गरम होगा तो भी वह अग्नि को तो बुझा ही देता है	शत्रुओं के द्वारा उसका दिया गया भी बना दिया जाए। सुने हुए भी कि यह तो प्राप्त नहीं कर सकता सोमे तिनके ही पड रहा। यह शतक मनुष्य भी अच्छी नहीं है।
1	जहर	विष
11	इसके अलावा उसके समूह के वरिष्ठ नेताओं भी इस सुनवाई में उपस्थित थे।	इसके अतिरिक्त उसकी समूह के वरिष्ठ नेता भी इस सुनने में (सुनने में) उपस्थित थे।
10	नवजात बालक कुछ भी नहीं जानता है फिर भी धीरे धीरे उसका ज्ञान बढ़ता है।	नव चिड़िया कुछ नहीं जानता है फिर भी धीरे धीरे धीरे धर्म बढ़ रहा है।
1	उन दोनों के द्वारा	उन दोनों से
3	बाद में विश्वविद्यालय जाएगी।	बाद में विश्वविद्यालय जाएगा।
1	मारता है	हिंसा करता है
1	दुनिया	जगत्
6	परीक्षा के लिये कितने दिन शेष रह गए हैं ? )	( परीक्षा के लिए कितने दिन शेष ?
3	एक प्रश्न पूछता हूँ।	एक प्रश्न पूछता हूँ।
4	शाम को वह मुझे मिला	शाम को वह मुझे मिलाया
6	कल वीर शहीदों के शव दिल्ली आए।	कल वीरों की शहीद होती है और शहीद हो गए।
17	वह सोचने लगा कि अकेले मनुष्य मात्र रघुवंशी राम बलवीर्य और राक्षससम्पन्न मेरे भाई खर को सेना के साथ कैसे मार डाला ॥	एक समय में राम से कैसे मनुष्य को नष्ट करने का प्रयास किया जा सकता है। इस प्रकार ये दोनों बलवान हैं। वह मेदबी के राजाओं का बल मार डाला गया था ॥
4	भिक्षुक के द्वारा रोटी खाया जाना चाहिए।	भिखारी से रोटी खाये ।
6	इस योजना का तीसरा चरण भी आएगा।	इस योजना का तीसरा चरण भी आएगा।
12	आर्द्रभूमि क्षेत्र न केवल जैव विविधता का संरक्षण करते हैं अपितु असंख्य लोगों के आजीविका भी उनके स्रोत हैं।	गीलाभूमि न केवल ज ही हैं अपितु विजय की बात (री से) माताओं का आजीविका भी नहीं होती है।
11	कार्यक्रम जनवरी को दोपहर बजे से जनवरी को दिनभर बजे तक चला।	कार्यक्रम जनवरी को दोपहर बजे से जनवरी बजे तक आयोजित किया गया।
7	पाँचवीं इन्द्रिय चमड़ी है, जिससे मनुष्य स्पर्श जानता है ।	पंचायत से लक्का, यया मनुष्य को जानता है।
9	ओह , आप रात में संस्कृत में ही सपना देखते हैं	ओह , आप रात में संस्कृत में ही स्वप्न देखते हैं
8	दसवें ( अन्तिम) पृष्ठ पर वह दुर्घटना के चित्र देखता है।	दसवें ( अंतिम की) पीछे वह दुर्घटना के चित्र देखता है।
1	तराजू	संतुलन
3	चाचा चाची नहीं हैं ।	चाची गुदड़ी नहीं हैं ।
12	चीन:, जप्पनम, दक्षिण कोरिया, हांगकांग:, आज से थाईलैंड के आगंतुकों के लिए भी यही व्यवस्था है।	चीन, जवानी, दक्षिण कोरिया, होलीफ, तायरॉट, तायरियों को आज से शुरू हो गया है।
8	उन्होंने कहा कि यह मुद्दा केंद्र सरकार के नियंत्रण में है।	उन्होंने कहा कि यह विषय केंद्र सरकार के अधिकार क्षेत्र में है।
2	मिट्टी की गाड़ी से।	मिट्टी की गाड़ी के द्वारा ।
9	पिप्पली, मोठ, यवक्षार, कालीजीरी, धनिया, जीरा इन सबको समान भाग लेकर चूर्ण कर लेना चाहिये । इस चूर्ण को फाणित ( रात्र) और घी में मिला कर अनार के रस से खट्टा करके रोगी को देना चाहिये । [ जल्पकल्पतरु मे पिप्पल्यादि के कल्क से घृत सिद्ध करके देना चाहिये ऐसा माना है ] ॥	पिडली के मुलहण, मड ( या इन करके) सोचने से, फाल्ग से, खाज इन से, घी से घी का घी और घी से घी पर बैठने से घी, घी का घी, घी से घी, घी, घी और घी से मेला से घी बना कर घी से मिला कर घी मे मिला कर घी मे मिला कर घी मे मिला कर घी मे मिला कर घी मे मिला कर घी मे मिला कर घी मे मिला कर घी मे मिला कर घी मे मिला कर घी से मिला कर घी मे मिला कर घी मे मिला कर घी से मिला कर रक्त का घी
4	आज धोबी नहीं आया।	आज धोबी नहीं आया।
3	लड़के रोते हैं ।	लड़के रोते हैं
9	इस संबंध में मुख्यमंत्री प्रबोध सक्सेना ने रविवार को छुट्टी के दिन आदेश भी जारी किए।	इस संबंध में मुख्यमंत्री प्रबोध सक्सेना ने छुट्टी के दिन रविवार को भी आदेश दिया।
7	उसका श्लोकगान सुनकर दूसरा सज्जन भी गाता है।	उसका श्लोक है सुनकर दूसरा सज्जन भी गाता है।
7	व्याधिके ग्रहणसे वायु, पित्त कफ, रक्त, सन्निपात इनमेंसे एक या अधिककी विषमतासे उत्पन्न होनेवाली संपूर्ण (चारोंप्रकारकी ) व्याधि समझीजातीहैं ॥	व्यायाम से इनमें उत्पन्न करने वाले मनुष्य के शरीर को कडित कर पुरुषार्थ, रोगियों का किसी प्रकार की व्याख्या करते हुए ही शिकारी की व्याख्या में व्याख्याता (विद्ता ) करके रोग मे रहने वाले होते हैं ॥
5	क्या आप कसरत करते हैं?	क्या आप व्यायाम करते हैं?
6	सुहासिनी -ऐसा किसने कहा ?	सुहासिनी - ऐसा किसने कहा ?
3	असम के लोग मृदङ्ग बजाते हैं।	असम के लोग कोमल बजा रहे हैं।
3	संदीप गौशाला जाता है।	संदीपशाला जा रहा है।
10	अभिमानी और उन्मत्त जिस वाणी को बोलता है वह राक्षसी वाणी है।	जो वैमानप्त नहीं है, जो इस राक्षस को गिरे हुए कहलाते हैं।
8	मित्र ! अब मुझे भूख बहुत ही दुःख देती है।	हे मित्र ! इस समय मुझे बहुत दुःख देता है बहुत दुःख देता है।
5	जल्दी से वो पलँग के नीचे चली गई।	जल्दी से वह पगों के नीचे गई।
7	कर्ल-संस्कृत अध्यापक-महासंघ ने आज श्रावणिका नामक संस्कृत दिवस उत्सव का आयोजन किया।	करल-संस्कृत-संस्कृत-काडरेड नामक संगठन का सुना है कि संस्कृत दिवस महोत्सव आज ही आयोजित किया गया था।
10	इस दिन दर्शकों के बीच बैठे युवकों ने सदन में उछल कर धुआँ निकला।	इस दिन दर्शकों के बीच बैठा दोनों युवराज ने सदन में पैदा होने वाले अंक को मुक्त कर दिया।
3	प्रयास करता हूँ ।	कोशिश करूंगी ।
9	केंद्रीय मंत्री द्वारा प्रभावित लोगों को कल्याण और सुरक्षा के लिए प्रार्थना की गई है।	केंद्रीय मंत्री ने प्रभावित लोगों के लिए समय-समय पर प्रार्थना की।
3	चौथे दिन समापन समारोह आयोजित किया जाएगा।	समापन का समापन चौथे दिन होगा।
5	वहाँ सोने का महल था।	जो वहाँ सोने का मासादिक है।
6	अब असम सैनिकों का प्रयाणगीत बदलूराम के नाम पर है।	अब असम सैनिकों का प्रयास गीत बदल अब बदल दिया गया है।
4	कोकाकोला मत पीजिये।	कोकाकोला मत पीओ ।
5	दोष हो जाए तो भी चिन्ता न करें	त्रुटि भूल होती है तो चिन्ता मत करो
16	मंत्रालय ने एक आधिकारिक विज्ञापन में कहा कि ये वेब फ़ाइलों से आयोजित अवैध निवेश हैं-संबद्ध-आपदाग्रस्त-वे मामले आगे बढ़ रहे हैं.	मंत्रालय ने एक में कहा कि ये वेबली से सजाते हुए आउटयकों को-बैध इस मामले पर खूब करते हैं.
9	विधानसभा का पांच दिवसीय शिशिरात्र मंगलवार से शुरू हुआ, जो दिसंबर तक होगा.	विधानसभा के पांच दिवसीय शिशिरस को शिशिरस में शुरू किया गया, जो दिसंबर तक होगा।
4	बड़ा बेटा हाँगकाँग रहता है।	बड़ा बेटा हाँगकाँग रहता है।
8	उनके पिता अनन्त शास्त्री डोंगरे और माता लक्ष्मीबाई थीं।	उसके पिता अनंत शास्त्री डों पर माता और लक्ष्मी भी लक्ष्मीबाई थे।
4	वह बच्चा अद्भुत था।	वह बच्चा अतलु था।
3	सभी समाचारपत्र पढ़ रहे हैं।	सभी समाचारपत्र पढ़ते हैं।
17	राज्यपाल सीवी आनंद बोस कल शाम दिल्ली के लिए रवाना हो गये. उम्मीद है कि वह गृह मंत्री अमित शाह से मुलाकात करेंगे और उन्हें राज्य की स्थिति के बारे में जानकारी देंगे।	कल शाम को राज्यपाल ने सिपाही में लीन दिल्ली बढ़ाया है। उन्होंने घर के प्रधानमंत्री को एक वर्ष तक की बात कही है।
18	नीति-आयोग के मुख्य अधिकारी बी.एसकार्याधिकारी बीवीएसआर.एससुब्रमण्यन ने नई दिल्ली में कहा कि इस कार्यक्रम में लगभग सात सौ विश्वविद्यालयों के कुलपति और संस्थानों के प्रमुख उपस्थित होंगे।	नीति-अयोग के मुख्य कारणों के अधिकारी बी.आर.आर. सुबपण्यण्य नई नई दिल्ली में कहा गया है कि इस कार्यक्रम में लगभग सात सौ संस्थानों के प्रमुख उपस्थित होंगे।
1	सिर	नाई
3	सबका मुँह देखता है ।	सबका मुख देखता है ।
13	देवगण! उसके बाद सूर्यदेव घरपर आये और ब्राह्मणश्रेष्ठ वसिष्ठको राजा संवरणके लिये (अपनी ) तपती नामकी उस कन्याको समर्पित कर दिया। फिर सूर्यपुत्रीको साथ लेकर वसिष्ठ अपने पवित्र आश्रममें आ गये। वह कन्या उस राजपुत्रका स्मरण कर और हाथ जोड़कर ऋषि वसिष्ठसे बोली - ॥	तदनन्तर वसिष्ठजी ने वह आज सीता जी से निवेदन की-सा ही पुत्र को आज ब्राह्मण है। उसके माता ने वे ही घर में रहकर संगम (अंग्य) को कहा कि उस समय वह वन में ही रहेगी और संगम आया है, तब वह तपती (सीजन) के घर में आया।
1	खेद है कि नष्ट हो गई।	एक दूसरे से अंगूठा
1	आध्यात्मिक	आध्यात्मिक
4	बहू ने एक जगह कार पार्क की	बहू ने एक में कार्रवाई रखी।
1	तीता	तीखा
13	द्रौपदी डर गई और गई - मैं तो दासी हूँ यह तुम्हारे योग्य नहीं है।	द्रौपदी के भय से दूर जाने वाले बोली- मैं तो गहन नहीं हूँ।
3	आपका मोबाइल नंबर बोलिये।	आपका मोबाइल नंबर बोलिये।
3	वह मालपुआ तलती है ।	वह मालपुआ तलती है ।
12	आपके दासों के जो दास हैं उनके भी उत्तरोत्तर जो सैकड़ों दासानुदास हैं में तो उनकी भी दासी होने की अधिकारिणी नही हूँ। अतः आपकी प्रत्यक्ष दासी होने का मुझे अधिकार ही कहाँ है ॥	हे दयामय! मैं आपके की इच्छा के बिना आपके लोहा भी हो, वह भी साक्षा नहीं कर सकती। जिस प्रकार मुझे वह भी वही होगा। क्योंकि इन नामों की सभा का नाम ही जाना है ॥
1	निश्चय करके ।	निश्चय करके
1	संचय करने में	संग्रह या संग्रह आदि में
1	ढांपना	बाजता है
5	एक का नाम राजगुरु था	एक का नाम राजगुरु था
3	लोग यहां वैसा	लोक यहाँ ऐसा
6	रास्ते की संचय-दल में चवालीसत्तर और वायु के योद्धार भागों को जीत लिया जाता है।	पथ-संबन-दस में चारों बलों के छब्बीस वृक्ष भाग लेंगे।
4	मनु जी ने सभी को धर्म का उपदेश किया।	मन सबको धर्म धर्म किया ।
6	सूत्रसञ्चालन त्रिम्बक केदार, श्रीराज शेलार ने किया।	सूत्र के समान त्रिम्बक केदार, श्रीराज शेलारार ने की।
1	रहूँगा।	रहूँगा
6	जो प्रशिक्षण देती हैं वे प्रशिक्षिकायें।	जो प्रशिक्षण देते हैं वे प्रशिक्षुओं को।
10	उसी समय सुभाषचंद्र बोस ने आजाद हिंद फौज नाम के एक सैन्य दल की रचना की।	उसी समय सुभाषचंद्र बोस की"आज फलकों ने एक सैन्य रग कर दिया।
3	आठवें वर्ष पर्यन्त की थी।	आठ वर्ष की होने पर उस वर्ष की।
7	क्या करें ? क्या कर सकते हैं ?	क्या करें ? क्या कर सकते हैं ?
23	जब मैं अल्पज्ञान वाला था। तब मैं हाथी के समान मदमस्त था। तब मैं सर्वज्ञ हूँ, मेरे मन में गर्व उत्पन्न हुआ। जब पण्डितों के पास से कुछ-कुछ ज्ञान प्राप्त किया, तब मैं मूर्ख हूँ ऐसा ज्वर के समान मेरा दर्प चला गया।	जब मैं कुछ नहीं जान सकी और समय में कुछ भी नहीं कर सकता, तब राजा को कुछ देर तक दिया, जब वह मन को क्या बीत गया? तब मूर्ख पुरुष मुझे क्या दुःख और प्रलयकाल में राजा को क्या करना चाहिए? उस समय मूर्ख व्यक्ति के पास जाकर सुखपूर्वक उस कार्य से व्याकुल होकर जब यह अत्यन्त दुःखी हो रहा था तब में कुछ भी नहीं कर सकता।
8	मन्दिर-प्रशासन ने कहा कि यह प्रकरण गुरुवार की रात को हुआ था।	मंदिर- प्रशासन द्वारा खासई की जो मामले गुरु पूर्णतः हुई।
14	अरहंत भगवान द्वारा अर्थ रुप से कहे गये और गणधरदेव द्वारा ग्रंथरुप से ग्रन्थित किये गये, श्रुतज्ञान रुप महासागर को भक्ति पूर्वक मैं सिर झुकाकर प्रणाम करता हूँ ॥	लोको ॥
7	विविध विद्यालयों के छात्र भी वहाँ बैठे थे।	विविध विद्यालयों के छात्र भी वहाँ बैठा था।
10	इस पृथ्वी पर तीन ही रत्न हैं-जल, अन्न और हितकारी वचन, परंतु मूर्ख लोग पत्थर के टुकड़े को रत्न कहते हैं।	पृथ्वी पर तीन रत्न हैं- जल दो, जल से रहित, मूर्खों से परकभीों को संक्षेप में रत्न की संक्षेप में ही सीखों का संग्रह करते हैं।
17	मुख्यमंत्री ने कहा कि किसी का अपराध नहीं होगा, परन्तु जो अवैध खोदते हैं उनके विरुद्ध नियमों और पद्धतियों के विरुद्ध कार्यविधी होगा।	मुख्यमंत्री ने कहा कि किसी अपराध को नहीं किया जाएगा, लेकिन जो अवैध खोदना करते हैं उनके खिलाफ नियमों के खिलाफ कार्यविधि पूरी तरह से काम कर रहे हैं।
4	शायद कोई रुक जाए।	शायद कोई रुक जाए।
5	केरल में कई जगहों पर बहुत गर्मी लगती है.	केरल बहुत जगहों पर आज ही बेहद अनुभव होता है।
5	ज्ञानी हर संघर्ष में प्रसन्न रहते हैं।	युद्ध में रंभाती है तथा ब्राह्मण में ब्राह्मण रहते हैं।
15	तब गुरुजी के आध्यात्मिक मार्गदर्शन की अपेक्षा करते हुए उन्होंने गुरुजी के पास से अपने विचारों का मार्ग अपनाया और कुछ प्रश्नों के उत्तर प्राप्त किये।	तब गुरु की आराधना को मार्ग से उसके द्वारा महर्षि सकाशाम से अपनी के लिए के बारे में स्वीकार किया गया।
8	गोलीकाण्ड में सम्मिलित हुए आतताओं को रोकने के लिए अतिरिक्त सैनिकों को नियुक्त किया गया।	गोली, तलीनों के आतंकवादियों के लिए कड़ी मेहनत के लिए अतिरिक्त सैनिक नियुक्त हुए।
3	वह नहीं मानता है।	वह नहीं मानता है।
4	हिमाचल में भाजपा का विकास-संकल्पिक यात्रा शुरू हो गई।	हिमाचल में भाजपा का विकसित-सं संकल्प यात्रा शुरू हो गई।
10	हालांकि तिथि निर्धारित नहीं है फिर भी फरवरी-माह की तारीख से आगे बढ़ाया गया है.	हालाँकि, यह तिथि निर्धारित नहीं है फिर भी फरवरी से विस्तार किया गया है।
10	इनमें ‘दीपावली’ प्रधान उत्सव कार्तिक महीने में कृष्ण पक्ष में अमावस्या की तिथि को होता है।	इनमें से दीप प्रज्ज्वलित करती है कि ये दोनों महातत्र हैं, इसलिए कृष्णपक्ष में तिथि है।
6	भार्गवी – आधा घण्टे बाद घर पहुँचेंगे।	भार्गवी – आधा घंटे बाद घर पहुँचते हैं।
7	फिर द्विभाषीता, त्रिभाषा बोलने के विषय में कुछ छोटे-बड़े-कोषों का निर्माण किया गया।	बाद में दो बोलने वाले त्रिभाषी आदि पर से कुछ छोटे-बारे से-बदा बने हुए हैं।
10	यदि वे दोनों प्रश्न पूछते तो दोनों शिक्षक उत्तर अवश्य देतें ।	यदि वे दोनों प्रश्न पूछते तो दोनों शिक्षक उत्तर अवश्य दे।
9	इस फ़िल्म के अलावा सन्नी जैसी आज भी कुछ फ़िल्में हैं।	इस फिल्म के अलावा की भी को आज यह फ़िल्म फिल्म हैं।
7	हमारे देश से हम मसाले निर्यात करते थे।	हमारे देश से हम सी आय्या निर्या करते थे।
9	इला -चिंता मत करिये भैया ! अब चित्र ले लीजिये।	इलाज चिन्ता न करें भैया ! अब चित्र एक ही हो)
4	भेद-भाव के विनाश के लिए हम सदा ही उद्यत हैं।	भेदभाव से रहित, उद्यत सदा हम हमेशा नहीं।
4	वह बच्चा अंधेरे से डरता है	वह बच्चा से डर से डरता है।
3	यज्ञ में आहुति देंगे ।	यज्ञ में आहुति दी जाती हैं देने पर
6	उसके पिता रत्नलाल धर्माणी सेवानिवृत्त शिक्षक हैं।	उसके पिता रत्नलाल को सेवानिवृत्त शिक्षक हैं
1	दो का समूह	जोड़ा
7	प्रधानमंत्री नरेंद्र मोदी ने राज्य के वाहनों को फैलाने की व्यवस्था की.	राज्य के पंजीकरण प्रधानमंत्री नरेंद्र मोदी ने सजीवी- प्रसारण की व्यवस्था की।
10	किससे कष्ट को तुम यहाँ आ रहे हो बताओ कैसे सेवा करूँगा।	किस कारण से तुम हे कहो बेटा ! कैसे आऊँगा ।
4	आपस के विवाद (लड़ाई-झगड़े) से सभी जीवों की हानि/नुकसान होती है।	लोगों का नाश करने वाला है आप ही हैं
3	वह अब वहाँ नहीं है।	उसके अब नहीं है।
21	इस प्रकार लूटने का आस्वाद लग जाने पर उसने पुनः-पुनः बारह बार आकर भारत को लूटा। अपने उसी उत्साह के वशीभूत होकर उसने एक बार गुजरात देश के मुकुट के समान सोमनाथतीर्थ को भी धूल में मिला दिया। आज तो उस तीर्थ का नाम भी किसी के द्वारा स्मरण नहीं किया जाता किन्तु उस समय उसका अलौकिक वैभव था।	इस प्रकार ज्ञान तीन पौधुन से बारह वर्षों तक भारत ने अपनी पत्नी के समान ने उसी प्रकार एक ही गर्ज किया। उसी प्रकार अपने समान उर्जरों को बना दिया। आज तो उस मनुष्य के नाम पर भी कोई नमन करना चाहिए। आज तो तिनके ही उसे किसी भी व्यक्ति द्वारा किसी प्रकार की भी नहीं सुनाई पड़ी।
7	फिर श्रीराम ने तीन बाणों से उसकी ललाट को देखा।	फिर श्रीराम बाणों के तीन बाणों ने उसका ललाट नहाने का भी आध्य किया।
5	उसकी भी एक बेटी थी।	उसकी भी एक बेटी थी ।
12	स्मृति ईरानी जद्दाह-स्थल में द्विपक्षीय-हजसन्ध्या में हस्ताक्षर करने के लिए चल रहेशिष्टमण्डल के नेतृत्व को जानते हैं।	स्मृति ईरानी जंबाह-स्थ पर दो पक्षीय-उजसन्धन को प्रित करने के लिए पनडॉक का नेतृत्व किया जाता है।
1	स्वीकार किया	स्वीकार किया।
6	आज तक उसने अनेक छात्रों को पढ़ायी है।	आज तक उसने अनेक छात्रों को पढ़ाया है
9	और सियार से कहा- “दोस्त! हम दोनों इसी बर्तन में साथ भोजन करते हैं।”	सियार ने कहा- हेड मित्र! हम दोनों इस पात्र में साथ भोजन करते हैं।
9	पिछले वर्ष सरकार ने पात में समय कम करने का निर्णय किया था।	पिछले साल सरकार ने पेंट पर अवधम कम करने का निर्णय लिया था।
14	जिस मने में रथचक्र की नाभि में अरों के समान  ⁇ ग्वेद सामवेद और यजुर्वेद प्रतिष्ठित है जिसमें प्रजा का सब पदार्थों से सम्बन्ध रखनेवाला सम्पूर्ण ज्ञान ओत-प्रोत है ऐसा मेरा मन शुभ संकल्पों से युक्त हो।	क्योंकि हे कृष्ण ! जिस मन में उनके मन को उसी प्रकार मुझे सौंप दिया गया है, उस मन में जो कोई भी मन सबके स्वामी हैं, वे सब शिव शिव इस संसार में दूसरा कोई मन भी है
7	प्रत्येक हिमाचल प्रदेश निर्वाचन आयोग में नियुक्तियां बाह्य आधार पर आयोजित की जाएंगी।	प्रत्येक हिमाचल प्रदेश राज्यचयन आयोग में नियुक्त होने पर नियुक्त किया जाएगा।
1	निराश होते हुए।	दुर्भाग्य
4	राजा ब्राह्मण को धन देता है।	राजा ब्राह्मण को धन देता है।
3	राजा जोर से हँसता है।	राजा ऊँचे से हँसती है।
10	श्री राम ने हनुमान द्वारा प्रयुक्त वाक्य की प्रशंसा करते हुए लक्ष्मण को कहा की हनुमान ने जो जो वाक्य प्रयोग किया, वह वाक्य बहुत विस्तृत नहीं है, सन्देह रहित है, बहुत तेज उच्चारित भी नहीं है, और सुनने में कष्ट दायक भी नहीं है, मध्यम स्वर से प्रयुक्त है।	एक समय जब तक शिकार हो गया और जो दोनों ही सुनते हुए श्री रामचन्द्रजी का रूप धारण कर उनके लिये दूध करना चाहिये ॥
4	मैं सब्जी खरीदा।	मैं सब्जियाँ खरीदी।
7	अंजुमन इंतिज़ामिया मस्जिद-समिति ने कहा कि ज्ञान स्टीमर-मस्जिद-वक्फ-संपत्ति मौजूद है.	अंजुमन इंजिया मस्जिद-समर्थक ने कहा कि ज्ञानवापी-मंडे-वॉकेफली है।
5	हाँ , यहाँ सब कुशल है ।	हाँ यहाँ सब कुशल है ।
8	शीशिर-आनन्दोत्सव की आकर्षण स्थल महानाती नृत्य में वामदक्षिणा नाटक करने वाली महिलाओं के बीच स्पर्धा थी।	शिशिर-आनन्द उत्सव के आकर्षणमह के बहन के दौरान बाईौत के बीच, के बीच प्रतियोगिता थी।
7	सोए हुए शेर के मुँह में हिरण खुद ही प्रवेश नहीं करते हैं।	पागल सिंह के सिंह की संख्या में घुस गए हैं।
5	राज्यसभा का उपसभापति भी हुआ।	राज्यसभा के उपसभापति भी समझे।
6	भारत के पास में आठ नया रन आगे था.	भारत के पास आठवें रन से की की परआज़ता थी।
16	जिला प्रशासन द्वारा मंजूरी दी गई आर.आर. योजना में झिकली इच्छारी पंचायत से अधिकतम आठ सरकारी संस्थाएँ हवाई अड्डे के विस्तार के क्षेत्र में आएंगी।	जिला प्रशासन ने विमोड़ा में एक एंडे योजना में झिकरीक पंचायत से अधिक रुपये के लिए हवाई अड्डे के लिए होंगे।
4	श्रद्धास्पद गुरुचरणों में सादर अनेक प्रणाम ।	श्रद्धास्पद गुरुचरणों में सादर अनेक प्रणाम ।
6	इस जिले में सौ से भी प्राथमिक स्वास्थ्य केंद्र हैं।	इस में जिले में सौ से भी स्वास्थ्य स्वास्थ्य केंद्र हैं।
5	दूसरी उंगली अनामिका है ।	दूसरी अंग अनामिका है ।
4	आधी रात एक बजे जागूँगा।	आधी रात एक बजे जागूँगा।
10	चुनाव जब आते हैं तब मंदिर आगे आता है, उन्होंने कहा था।	चुनाव जब आते हैं तब मंदिर को आगे आता है।
6	मौसम विभाग ने राज्य में दिसंबर तक स्पष्ट मौसम की पूर्वानुमान दी।	मौसम विभाग ने राज्य में दिसंबर तक स्पष्ट कर दिया था।
8	इस फिल्म की नायिका बहुत जल्दी ही फाइनल में तय हो जाती है।	इस फिल्म की और बहुत जल्दी ही अंतिम रूप से निर्धारित करने के लिए जा रहा है।
6	उद्यमी लड़की हमेशा उत्तम पुष्पमाला बनाती है।	उद्यमशी बालिका सदा उत्तम फूल बनाते हैं।
8	! हे राम फेंकने पर वह सिर वहाँ से एक योजन दूर मुनियों के आश्रममण्डल में मतङ्ग ऋषि के आश्रम के पास आकर गिरा ॥	हे राम! यह सुनकर उस समय श्री राम के आश्रम में रहने वाले आश्रम के आश्रम में श्री राम के आश्रम में ही रहने वाले आश्रम में ही रहने वाले आश्रम में ही रहने वाले आश्रम के समान वह श्री रामचन्द्रजी के आश्रम में पहुंच कर उनके आश्रम में ही रहे ॥
10	ई.सन् 1306 से 1315 तक मलिक काफूर ने दक्षिण भारत में बहुत विनाश किया।	ई.सी.एस6 से अधिक को करती है कि मलिक नोट ने दक्षिणी लैंप और दक्षिण में बहुत एड़नीय एक घरेलू दक्षिणा किया।
16	हे नचिकेता! यह तुम्हें बतलायी गई स्वर्ग प्रदान करने वाली अग्नि विद्या है, जिसको तुमने द्वितीय वर के रूप में प्राप्त किया। लोग इस अग्नि विद्या को तुम्हारे ही नाम से कहा करेंगे। हे नचिकेता! ( अब तुम) तीसरा वरदान वरण करो।	ये लोग आग लगने के बाद स्वर्ग के द्वारा किए गए लोग आपकी ही स्तुति करते हैं। इन दोनों को दूसरे (परमात्मा) के लिए स्वर्ग को और परदेश नहीं करना चाहिए। ये लोग केवल (अन्य) तेजी से दूसरे शरीर में पुनः इन्द्र हैं और फिर ये लोग नचिकेता को भी देखा जा सकता है।
3	मैं पानीपत जा रहा हूँ ।	मैं पानी जा रहा हूँ ।
9	इस यात्रा में मुख्यमंत्री के साथ सरकार के प्रमुख अधिकारी भी आएँगे।	इस घूमने के दौरान मुख्यमंत्री के साथ सरकार के शीर्षा अधिकारियों को भी उपस्थित होंगे।
17	वहाँ से वरदा नगर के समान काटीवाले उस राक्षस ने सुकेश नामक राक्षस को, हे प्रभो! शिव की श्रिय को, पक्षी को और आगे पुरूष को प्राप्त किया, जिस प्रकार वह सब जगह घूमता था।	फिर वरदान से राक्षसों को मारने के लिए राक्षस सुकेश का शिव के शिव की स्तुति प्राप्त करके खतरे में जा रहे थे, वैसे ही सब जगह समान चारों ओर से सुने हुए थे।
6	उनके पिता का नाम एस नारायणस्वामी था।	उसके पिता का नाम एस नारायण सब नारायण थे।
4	उसके पीछे कोई भी नहीं है।	उसके पीछे कोई भी नहीं है।
4	इस खेत में क्या बोते हैं।	क्या आप मिलते हैं ?
6	गलती से हुआ, जान करके तो ऐसा नहीं किया	मृत्यु से उत्पन्न होने पर भी बुद्धि से बुद्धि नहीं।
9	हे अनिन्दिते । पूर्वकाल में आप दशरथ जी सहित मेरी तपस्या कर मुझे पुत्र रूप में प्राप्त करने की इच्छा की थी। अतः इस समय प्रकट होकर मैंने आपके उस वरदान को पूर्ण किया है ॥	हे नन्दनन्दन! इस राजकुमार को गये। मैं उन दोनों से मुझे मारने के लिये मैने जोत रहा था, उससे मैं तपस्या के द्वारा प्राप्त किया है। ॥
10	महारोग के प्रसार के समय सेवा में लगी हुई वह स्वयं असाध्य रोग से ग्रस्त होकर सन् 1897 में मृत्यु को प्राप्त हो गई।	अब वह का केथेन में सेना की स्तुति करने के लिए अपने राज्य में ईर्ष्या से ग्रस्त हो गया।
15	मोतिहारी जिले के पकाडीपुलिस स्टेशन के तहत एक सरकारी स्कूल के शिक्षक ने आसपास के सात वर्ष की बच्ची को अपने घर ले जा और उसे बलात्कार किया।	मोतिहारी जिले के पकाकडी पुलिस क्षेत्र के तहत एक मंदिर के शिक्षक कुर्सी के सात साल केहली अपने घर पर बाल घरेलू काम में
12	भारत ने गुजरात के राजकोट स्टेडियम में यह प्रतियोगिता भारत द्वारा चार तारीख को आयोजित की गई थी।	गुजरात राज्य के राजकोट के खेल के मैदान में हुई। भारत ने चौथे दिन को समाप्त कर दिया।
6	स्वचालित परीक्षा केंद्र की स्थापना के लिए भी आवेदन आमंत्रित किए गए हैं।	अपने संचालन केंद्र की स्थापना के लिए भी आवेदन आमंत्रित किए गए हैं।
9	हिमाचल प्रदेश के डॉकियों ने बुधवार से प्रतिदिन ढाई घंटे तक 2,600 बजे तक आन्दोलन आरम्भ किया।	हिमाचल प्रदेश के भौंवास से प्रतिदिन साढ़े चार बजे तक 2,600 चिकित्सा महाविद्यालय शुरू किया।
7	जो मेरे दोषों को दूर करते हैं वे मेरे गुरु हैं	जो मेरे दोषों को दूर करते हैं वे मेरे गुरु हैं
1	सफेद	पति का नाम
4	आप कृपया यहाँ बैठे	आप कृपा से यहाँ बैठ जो बैठोगे ।
6	सशंकित अवस्था में यहाँ घूम रहे हो।	रक्षक – सशांकि मन में यहाँ घूमता है।
16	यह पता है कि जब डीएमडी में नेता विजयकांत सिनेमा-उद्योग में ध्वजवाहक के रूप में थे तब उन्होंने रॉयल पैलेस को भी सौंपा।	अवधेय हो रहा है कि जब डीएमडीके नेता विजयकांक्षी-उउधि पर ध्वजवाहक के रूप में था तब ही उनके द्वारा भी उसी क्षण को भी मन में ले जाया गया।
8	यह ऊर्जा सम्मेलन भारत के एक ही तरह का सब जगह है-ऊर्जा प्रदर्शनी एक महान सम्मेलन है।	यह ऊर्जा सम्मेलन भारत का एक ही है सभी प्रकार से सभी सम्मेलनों में महा, सम्मेलन का छात्र सम्मेलन है।
26	नई दिल्ली में भारतीय जनता पार्टी के पंद्रहवें दीक्षांत समारोह को संबोधित करते हुए कोविन ने कहा कि मिथ्या भ्रम समाचारों का समाज में प्रतिकूल प्रभाव है, इसमें विश्वास करना चाहिए-सूचित करना पत्रकारों का प्रमुख कर्त्तव्य है.	नई दिल्ली में भारतीय जनता पार्टी के पांच महीने के लिए पांच सौ रुपये के कोटन समारोह को संबोधित करते हुए उन्होंने कहा कि झूठ को दुनिया में भारतीय जनता पार्टी का में को प्रभाव दिया गया है।
10	हिमाचल उच्च न्यायालय के आदेश के बाद राज्य सरकार ने डीजीपी संजय कुंडू को पद से हटा दिया है।	हिमाचल उच्च न्यायालय के आदेश के बाद राज्य सरकार ने डीजीपी संजय कुमार को पद से निकाल दिया है।
5	मेनू देखकर लोग व्यजन चुनते हैं।	भोजन को देखकर लोग व्यथावेधियों को भी सजाते हैं।
4	आज नहीं करूंगा अजीता है।	यह नहीं हैम्पम्पकजी है।
4	मोर साँप को मार कर खाता है।	मोर साँप को मार कर खाता है।
1	तुम दोनों को	तुम दोनों
6	उसकी बहन का नाम सुप्रथा है ।	उसकी बहन का नाम पर प्रसिद्ध है
1	हम सभी का	हमारे
4	मेरे द्वारा पुस्तक पढ़ी जानी चाहिये ।	मेरे द्वारा पुस्तक पढ़ा जाना चाहिए।
5	तुम किसे देख कर हँस रहे हो ?	तुम किसको देखकर हँसते हो ?
6	अहिंसक आंदोलन तो लोगों को मार रहा था।	अहिंसा आंदोलन को तो लोगों को मार रहा था।
11	जिस प्रकार नेत्र रहते हुए भी लोग सांयकाल में चोर आदि का चिन्ह भलीभाँति नहीं देख पाते, दीपक होने पर ही उस समय वह दिखाई देता है, उसी प्रकार मेरी भक्ति से युक्त पुरुषों को ही आत्मा का सम्यक् साक्षात्कार होता है। अब मै अपनी भक्ति के कुछ वास्तविक उपाय बतलाता हूँ, सुनो ॥	हे कुर्सी की अपेक्षा तुम रात में अच्छी तरह से दिखाई पड़ती है जैसे जीपटी (मेघ) को अच्छी तरह से देखा जाता है |
3	विविध व्यंजन मिलते हैं।	विविध व्यं से लटक रहे हैं।
4	वर के पैरों में हल्दी लगाती हैं।	वर के चरणों में हरिद्वार लगाते हैं।
12	इसके बाद, उन्होंने अग्रिम सत्र के अखिल भारतीय संगठन मंत्री श्रीमान् जयप्रकाश को जिम्मेदारी का ज्ञान दिया और कार्यकुशल लोगों को बताया।	इसके बाद अगले सत्र में अखिल भारतीय सहमति मंत्री श्रीमान जयप्रकाश ने कहा कि यह मामले को दूसरे सत्र में अखिल भारतीय सहमति देने वाले कार्य को समझाने के लिए योग्य था।
7	यह वन्य जीव वैज्ञानिक डू का विषय हैयीशु का भी मतलब है.	यह विषय वन्यजी विज्ञान, डसा, ईसाइड भी अभिषाद कर रहा है।
11	निनीताल जिले के प्रत्येक जिले के बीच में एक दिन को इंटरनेट द्वारा महाकवि कालिदास के ग्रंथों पर आधारित एक समस्या का समाधान करने में।	प्रत्येक जिले के क्रमशः कईतालताल जिले में भी मध्य प्रदेश के डॉकविकारों के भी आधुनिक समय-समय पर आधुनिक समस्याओं के समाधान के बारे में,
11	कुछ काल के बाद वह लीलावती जवानी के मद से अपने कुल की मर्यादा का उलंघन कर एक बनिये के लड़के से फँस गई।	इसके बाद उसने लीलावती जवानी से पूछा कि माह के वर्ण से अथवा पुत्र की भी मैं इस सेमिनार को हो गई हूँ क्योंकि -
7	रावी नदी का पानी बरसात में मैला हो जाता है ।	रावी न नदी के पानी वर्षा में मलिज़ हो जाता है।
6	यह नेहरू पर्वतारोहण संस्थान के विश्लेषक थे जो बर्फ में फिसल गए।	नेहरू पर्वतारोहण संस्थानों के परिशीलक संघ ही बर्फबारी का च जा रहा है.
13	कोटि कोटि लोगों ने अपने घरों और मंदिरों में प्राणों कीप्रतिष्ठा समारोह का जीवप्रसार देखा है।	करोड़ों संख्या में लोग अपने घरों के मन्दिरों में प्राणप्रतिष्ठा का समारोह देखकर इस जीव के लिए प्रसारित देखकर
25	जो समीप आयी हुई मृत्युसे नहीं छुड़ाता [अर्थात् बोधदानके द्वारा अमरपदकी प्राप्ति नहीं कराता] वह न गुरु है, न स्वजन है, न पिता हैं, न माता है, न देव है और न पति है	गुरु नहीं, सनह का अनुसूर्य नहीं होते, पिता भी नहीं हो सकती। देवताओं को सानना नहीं चाहिए। देव आपके द्वारा न किसी प्रकार की पूजा न हो, नमें ये लोग किसी भी प्रकार की कोई सदा रहने वाली होती हैं।
4	वह खतरनाक अपराधी है	वह खतरनाक दोपहर है
1	उत्पादन	का जन्म
1	भाग	अवयव
9	बड़ों का अभिवादन करने वाले मनुष्य की और नित्य वृद्धों की सेवा करने वाले मनुष्य की आयु, विद्या, यश और बल ये हमेशा बढ़ती रहती है।	जिसके पास सभी वृद्ध लोगों की सेवा करने वाले (सड़-तना) आयु, आयु, विद्या और यश-ये चारों बढ़े जोका करते हैं, ऐसे लोग उनकी आयुधशाला है।
8	हाँ , इसका छिलका बहुत कड़क है।	हाँ , इसका छिलका बहुत दृढ़ है ।
6	मन्दिर के ऊपर सुन्दरता से हाथी उछले हुए हैं।	देवालय के ऊपर सुन्दरता से हाथी भी पैदा हैं।
5	मशीन आॅपरेट करते समय वह मास्क पहनता है	यंत्र के समय वह मुख पर अपरिहार्य पहनता है
21	कांगड़ा जिले के नग्रोटा बागवानी क्षेत्र के विकाससरीन ने कहा कि वह गुरुग्राम के एसीकार्यालय में बैठकर काम कर रहे थे, उन्होंने कभी दूध की सभा बनाए दूध के निर्माण में सम्मिलित होने का भी नहीं सोचा।	कांगड़ा जिले के नग्रंबाख को अपने विकास के लिए कहा कि वह गुरुग्राम की एसी कार्यालय में बैठकर काम करता था, दूध को दूध बनाने के लिए दूध निर्माण किया जाएगा।
3	मैं जो भी पढ़ाता हूँ	मैं जो भी पढ़ा रहा हूँ
5	उसकी श्वांस भी तेज चल रही है।	उसका सांस रेत भी तेज चल रहा है
6	सुक्खु सरकार की प्रतिज्ञा के बारे में हिमाचल में बहुत भीड़ है।	सुक्खु सरकार के प्रतिज्ञा में हिमाचल में बहुत शोर है।
10	और जल पान के पश्च्यात जल के किनारे वृक्ष की छाया में बैठ गये उसी समय उन्होंने महावलवान भयानक राक्षस को आते हुए देखा ॥	इसके उपरान्त इस वशीभूत हो तो महाविष्णु आश्रमजी महासपादि अवांधनाक आदि महापाक ऋषि ने भक्षण करने वाले महासली में दल्हाथियों को दमन कर लिया है ॥
10	पीताम्बर दत्त की इच्छा थी कि सभी विषयों का ज्ञान हिन्दी भाषा में पढ़ाया जाए।	पीताम्बरदत्त की इच्छा थी कि सभी विषयों की ज्ञान में पढ़ाई जाने की कोशिश करना चाहिए।
1	विनाश	खेद करना
7	फिर द्विभाषीता, त्रिभाषा बोलने के विषय में कुछ छोटे-बड़े-कोषों का निर्माण किया गया।	बाद में दो बोलने वाले त्रिभाषी आदि पर से कुछ छोटे-बारे से-बदा बने हुए हैं।
4	वह टोकरी खाली करती है।	वह टोकरी खाली करती है।
8	इस दिन देवी सरस्वती, कामदेव और विष्णु की पूजा होती है।	इस दिन देवी सरस्वती, कामदेव, विष्णु और विष्णु की पूजा होती है।
1	तालाब	पद
8	जो स्थिरबुद्धि, संमोहरहित ब्रह्मवित् पुरुष ब्रह्म में स्थित है, वह प्रिय वस्तु को प्राप्त होकर हर्षित नहीं होता और अप्रिय को पाकर उद्विग्न नहीं होता।।	नये नये इस (क्योंकि) नचिकेता से भी अधिक प्रेम नहीं चाहता, स्थिर बुद्धि वाले पुरुष ब्रह्मलोक में स्थिर रहते हैं।।
7	एरीट्रिटोल सफेद के स्थान पर उपयोग किया जाने वाला मुख्य कृत्रिम स्वीटनर है।	वह एिताडी का स्थान पर तथा एथलीटों में मुख्य कल्कीस एडिंगोल्ल्टल्ल्टियत की संख्या में था।
10	श्री राम ने हनुमान द्वारा प्रयुक्त वाक्य की प्रशंसा करते हुए लक्ष्मण को कहा की हनुमान ने जो जो वाक्य प्रयोग किया, वह वाक्य बहुत विस्तृत नहीं है, सन्देह रहित है, बहुत तेज उच्चारित भी नहीं है, और सुनने में कष्ट दायक भी नहीं है, मध्यम स्वर से प्रयुक्त है।	एक समय जब तक शिकार हो गया और जो दोनों ही सुनते हुए श्री रामचन्द्रजी का रूप धारण कर उनके लिये दूध करना चाहिये ॥
8	यह सब जानकर जयद्रथ डर से बहुत व्याकुल हुए।	इन सब को जानकर अपने से डरने से बहुत व्याकुल हो गया।
11	इस वर्ष अप्रैल-में-माहों में लोकसभा चुनाव देखकर सभा वर्तमान सरकार की मंत्रियों की परिषद का अंतिम समागम हो सकता है।	इस वर्ष अप्रैल-मेला में लोकसभा चुनाव देखकर बैठक वर्तमान सरकार की मंत्री के पास बैठक की अध्यक्षता भी हो सकती है
5	तिलक के प्रभाव से देश में क्या हो गई?	तिलक के प्रभाव से देश में कौन-सीता?
7	हम सभी उनको वंदन करते हैं जिन्होंने अपने प्राणों की आहुति दी ।	हम सब उन दोनों को हम अपने प्राणों को बुलाया ।
11	राष्ट्रीय स्तर पर शिखर सम्मेलन के दो दिनों के बीच आयोजित महान महिला दिवस की तैयारी तेज हो गई है।	राष्ट्रीय स्तर पर राष्ट्रीय दिवस के दोनों दिनों के बीच आयोजित महानाटी नतीजे की तैयारी प्राप्त की गई है।
18	जहां एक विशालसभा की वीणा की प्रतिमा स्थापित है, जगह है "राम की पैड़ी" नामक स्थान के पास एक प्रमुख चौपथ है।	जहां एक विशाल सभा के वीणा की प्रतिमा स्थापित है, स्थान की घाटी में स्थापित है"राम की एक बड़ी संख्या यह प्रमुख है।
1	इन दोनों के	इन दोनों
16	हे शिव! वैदिक मत, सांख्य, योग, पाशुपत और वैष्णव इत्यादि परस्पर भिन्न मार्गों में 'यह बड़ा है, यह हितकारी है। इस प्रकार रुचि वैचित्र्यसे अनेक प्रकारके सीधे या रेढ़े पंचको अपनानेवाले मनुष्योंके लिये आप (ईश्वर) ही एकमात्र प्राप्तव्य स्थान हैं, जैसे जलमात्रके लिये समुद्र है	त्रिक्या, योग, द्यूत, त्रिगुणातनों के समान, 'शूलो' के प्रलय के समान, जो रोमा (नचिकेता), छूटने की इच्छा नहीं करता, पीडा हो तो पाठा ( करेगी) और विशन के समान चिकित्सा न करे।
6	तू उसको क्यों क्षमा नहीं करता ?	तुम उसे क्यों क्षमा नहीं करते ?
5	लकड़हारा लकड़ियां लाता है और उसे फाड़ता है।	लकड़ी का लकड़ी खाल खंहता है।
6	अब प्रभास की फ़िल्म''सालार'' प्रदर्शित हुई।	अब प्रातः की फ़िल्म''सालार''इसमें हुई।
3	कौन पढ़ाता है ?	कौन पढ़ाती है ?
19	राष्ट्रीय मतदाता दिवस के अवसर पर राज्य चुनाव आयोग ने राज्य में विभिन्न क्षेत्रों में नए मतदाताओं की जागरूकता पैदा की है। चुनाव- आयोग ने पूरे राज्य में अभियान चलाने के लिए अधिकारियों को सावधानी का निर्देश दिया है।	राज्य के मतदाता दिवस के अवसर पर राज्य चुनाव आयोग राज्य में विभिन्न स्थानों पर नई विचार व्यक्तियों को पैदा करती है। चुनाव आयोग द्वारा पूरा राज्य में अभियान चलाए गए अधिकारियों को एक अधिकारियों से निर्देश दिया गया है।
7	यहाँ पुस्तक लेने क्या सदस्य आते हैं ?	यहाँ पुस्तकें स्वीकार करने के लिये क्या सदस्य आते हैं ?
6	जिसके अध्यक्षता उद्योग मंत्री हर्षवर्धन चौहान जी ने की।	जिसके अध्यक्षता उद्योग मंत्री हर्षवर्धन चौहान ने की।
3	कच्चे आम का मीठा अचार।	कच्चे आम का मीठा अचार।
8	भोगविशेष की कामना से जिनका ज्ञान हर लिया गया है, ऐसे पुरुष अपने स्वभाव से प्रेरित हुए अन्य देवताओं को विशिष्ट नियम का पालन करते हुए भजते हैं।।	काम, दान और तप ये इसके द्वारा किये गये हैं, इस प्रकार उस देवता को नियम रूप से बढ़ाया गया है इसलिए उस ज्ञान को तुम मुझसे अपने द्वारा बंधे हुए किया गया है।।
7	उन्होंने इस परंपरा को अपने जीवन में आगे किया है।	उन्होंने इस परन्तु इसपर अपने जीव में भी आगे की।
10	समापन में आदि भारतं भारतं भवतु भारतम् ये गीत गाएगा ।	समापन में आदि भारत को भारत दूसरे पक्ष में कहा जाएगा।
6	अब गाय माता का दूध पी रहे हो।	तुम अब गौमा का दूध पी रही हो ।
9	पापी अधर्मियोंकी शीघ्र ही बुरी गति होती है, ऐसा समझकर पुरुषको चाहिये कि धर्मसे दुःख पाता हुआ भी अधर्ममें मन न लगावे	हे मधुसूदन ! धर्म से मन धर्म नहीं है आपके द्वारा धर्म से यदि किसी रोग को नहीं देखते तब तक कमललोचन को भी देखते हुए देखे।
6	वसन्त समय आने पर कौआ-कौआ होता हैं और कोयल-कोयल होती है।	वसंतकाल आने पर कौवा कौवा है और कोयल की कभीक्या में मिला है।
8	उन्होंने कहा कि अयोध्या में भव्य राम मंदिर बन गया है।	उन्होंने कहा कि अयोध्या में भवनों का राम मंदिर बन गया है।
7	शास्त्र वेदान्त आदि विषयों में उसने बहुत जाना था ।	शास्त्रवेद के रूप में उसने बहुत से विषय दिया था।
4	सुबह उठकर पढ़ने बैठ जाओ।	प्रातः उठकर अध्ययन करने के लिये पविरा।
9	इस संबंध में मुख्यमंत्री प्रबोध सक्सेना ने अधिसूचना जारी की है.	इस संबंध में मुख्यमंत्री प्रबोध सक्सेना ने अधिसूचना जारी की है
6	दशरथनन्दन ! मैं आपको अयोध्या पहुँचाऊँगा।	दशरथनन्दन ! मैं आपको अयोध्या पहुँचेगी।
5	पानी बाहर नहीं जा रहा था।	पानी बाहर नहीं जा रहा था।
7	फिर भी यहाँ का अथशब्द प्रारम्भार्थ है यह भाष्यकार बोलता है।	फिर भी यहाँ से और वाइप शब्द कहते हैं यह भाष्यकार बोलता है।
8	इस व्याकरण के वैज्ञानिक रूप में ही इसकी त्वरित प्रसार का कारण है।	इस व्याकरण की वैज्ञानिकों को उसका त्वचा प्रचार के प्रसार का कारण है।
14	आज तुम भक्तिपूर्वक पूछ रही हो, तो मैं श्री रघुकूलशिरोमणि को नमस्कार कर तुम्हारे प्रश्नों का उत्तर देता हूँ। श्रीरामचन्द्रजी प्रकृति से परे, परमात्मा, अनादि, आनन्दस्वरूप अद्वितीय और पुरुषोत्तम हैं। ॥	तुम्हारे इस प्रकार अपना मन:पर मेरी भक्ति से दर्शाता है, किन्तु हे रघुश्रेष्ठ! आपके लिये मैं तुम्हारा महान् मुख हूँ, यह परमात्मा राम के लिए परमप्रोग और प्रलय स्थान पर रहने वाले जीव के समान है ॥
8	इच्छानुसार घड़ों को ले जाओ। दूध को बेचकर ही बड़ों की कीमत दे देना।	जिस प्रकार कुम्हार के समान घड़ा नहीं गया और दूध बेहोश को मार दिया गया।
7	यही कही होगा खोजो ।	यहीं कहीं हो सकता है , खोज करो करते हैं।
4	फिर रक्षाकिये हुए आतुरको स्थानमें लेजावे और यथोक्त आचार ( आहार विहारआदि) का उपदेश करता रहे ॥	फिर कृतार्थ जो हो रहा है, फिर 'तामादि' कहते है जो मणियोंका (नथा) मानेवाले (मेरीका प्लीह कर ) ॥
10	इस समारोह में देश-विदेश की योग को समर्पित महिलाओं का प्रचुर संख्या में समागम होगा।	इस समारोह में भारत से विदेशों के योग समय पर महिलाओं को बहुत से संख्या का सामना किया जाएगा।
4	वैज्ञानिक पुनः प्रयास करेंगे।	वैज्ञानिक पुनः प्रयास करेंगे।
6	आपके बिना काम नही होगा।	आपके बिना काम नहीं होता।
3	प्रातःकाल व्यायाम किया	आपने व्यायाम किया
4	विद्यालय में लड़के और लड़कियाँ है।	विद्यालय में बच्चे और बालिकाएँ हैं।
4	गुरु ने शिष्य से दरवाजा खुलवाया।	गुरु जी से द्वारका को पेट खोल दिया।
5	हीरजीभाई ने बाबासाहेब अम्बेडकर का जीवनदर्शन समझाया।	हीरजीभ्राता ने बाबासाहेब का जीवन दर्शन दिया।
3	आप जल्दी से आईये।	आप जल्दी से आईये।
6	छात्र – तो क्या हो गया ?	छात्र – तो क्या हो गया ?
7	जो पुरुष मदाश्रित होकर सदैव समस्त कर्मों को करता है, वह मेरे प्रसाद (अनुग्रह) से शाश्वत, अव्यय पद को प्राप्त कर लेता है।।	हे निष्पाप । इन सब से तुम इस ( में) होकर सदा विजयी होने का कारण बनता है मुझे सदा प्रसन्न नहीं होता।।
9	हिमाचल प्रदेश और उत्तराखंड में बारिश बढ़ने से यमुना नदी का जलस्तर बढ़ गया।	हिमाचल प्रदेश के उत्तरी खंड में वर्षा और वर्षा हुई, इसलिए नदी के जल को पानी दिया गया।
9	बाज की छाल के चूर्ण से (जल्दी से) बाज की छाल को चूर्ण कर लेना चाहिये । इस चूर्ण को चूर्ण कर देना चाहिये । इस चूर्ण को चूर्ण कर देना चाहिये । इस चूर्ण को चूर्ण कर देना चाहिये । चूर्ण कर देना चाहिये ।	हनुमान के लिए आनन्ददायक सुषेण ने उसके सभी फुटबॉल उत्कीक को ग्रहण किया।
7	सनकादि पार्षद गण उनकी स्तुति करते हुये इन्हें चारो तरफ से घेरे हुए खड़े थे और शंख, चक्र, गदा, पद्म तथा वनमाला के साथ श्री हरि सुशोभित हो रहे थे ॥	स्तुति करते हुए उस बल से, तपस्वी (अंग आदि) इन (ियों से) प्रलय काल तक जो पाताल को नष्ट कर दिया है ॥
5	बीमार गाय का दूध मत निकालो।	रोगी को पास से दूध माओ न
3	उसने छात्रों से पूछा।	उसने छात्रों को पूछा।
11	केंद्रीय मंत्री अनुराग पाठक ने कहा कि राज्य में कांग्रेस सरकार के सत्तारूढ़ होने के बाद महँगाई बढ़ गई है।	केंद्रीय मंत्री अनुराग ठाकुर ने कहा कि राज्य में कांग्रेस सरकार के सत्तारूढ़ हो गए हैं।
10	श्रीकण्ठ बोला ⁇ ”मित्र! तुम्हारे वचनों को सुनकर मेरे मन में बहुत प्रसन्नता हुई।	श्री माता ने कहा- “मेरे! तुम्हारा वचन सुनकर मेरे मन में एक प्रसन्नता हुई।
2	याचक का अपमान नहीं करना चाहिए।	इसके लिए प्रार्थना करने वाली को ही त्यागना
6	रास्ते में उसकी शर्ट पर भी बाल आ जाते हैं।	रास्ते में उसकी शर्ट पर भी बाल आ जाते हैं।
5	आपकी तकिया नहीं जानते !!!	आपकी तकिया नहीं जानते !!!
12	तेजस्वी भी मार्च के ३ दिनाङ्क को पटनानगर के गान्धी मैदान में महान सभा को आयोजित करने के लिए जाता है।	तेजस्वी मार्च को पटनानगर के गटनानगर के गटन मैने कहा है।
3	बढ़िया चित्र आया	बढ़िया चित्र आया
7	बाद में, मुम्बयी विश्वविद्यालय के सार्वजनिक विधि महाविद्यालय से स्नातक के पदवी को प्राप्त किया।	बाद में, मुंबईयी विश्वविद्यालय के सर्वकरविधी महाविद्यालय से पद प्राप्त किया।
8	लेकिन निर्माताओं ने आज भी फिल्म की शूटिंग नहीं शुरू की।	लेकिन निर्माता ने आज भी फिल्म का शूटिंग नहीं शुरू किया।
5	छात्र उत्तर सुनकर शान्त हो गया।	छात्र उत्तर को सुनकर शान्ति हुआ।
11	देवताओंके मुकुटोंसे [ बारम्बार नमस्कार किये जानेके कारण] जिनके चरण- कमल घिस गये हैं, वे शिवजी भी उन्हें उदय और अस्त होते समय हाथ जोड़ते हैं, उन तेजोमण्डल सूर्यदेवकी बलिहारी है !	जिसके समय सुरभि ही सुरा के भय से हाथ जोड़कर, जब वह (भोजन) मुसलमान पुरुष तीनों लोकों में निष्पाप होकर त्रिगुणाती (तथा) हाथियों को निष्पाप करके (नचिकेता) किया जाय तो (यथा) मन में लीन (कभी) अपरिपोर्ट का पासवला हाथ आया है
1	स्थूल शरीर	पीवर को
1	के पास	पास में
9	इस जाल श्रृंखला का काम पूरा कर के ही वह हकीकत का चित्रोतलान शुरू कर दिया।	इस नेटवर्क की संख्या को समाप्त करने का कार्य करते हुए उन्होंने हकीकत चित्र का चित्रण शुरू कर दिया।
1	जिसका न आदि है न अन्त।	सदा बना रहने वाला
10	चार प्रकार के अम्लो ( वृक्षाम्ल, अम्लवेतस, अनार और बेर अथवा कैथ, चौपतिया, वृक्षाम्ल ओर अनार ) का एक प्रस्थ, सोठ, मरिच और पिप्पली मिलित तीन पल, पाचो नमक ( सैन्धव, रुचल, सामुद्र, विड् और उद्भिद ) मिलित चार पल, शर्करा आठ पल मिला कर चूर्ण कर लेना चाहिये । इस चूर्ण को शाक, दाल, राग ( व्यञ्जन विशेष ) आदि में मिलाना चाहिये । यह चूर्ण कास, अ	चारों ओर से पानी, डरे हुए स्तनों और डायों से भरकर नमक का चार शर से भाग लेने का भाग लेता था।
7	जो मेरे दोषों को दूर करते हैं वे मेरे गुरु हैं	जो मेरे दोषों को दूर करते हैं वे मेरे गुरु हैं
5	''प्रभो! तुम एक सत्य संकल्पवाली हो।	''प्रो! तुम सचमुच होओ ।
1	सहायता।	सहायता
6	जयराम सरकार ने संसाधनजनन के लिए कोई भी प्रयास नहीं किया।	जयराम सरकार ने संसाधनों के लिए कुछ भी प्रयास नहीं किया है।
4	गुरुनानक किसलिए ग्राम को गये थे?	गुरुनानक क्यों गाँव गया।
11	अमृत केरल रेलवे स्टेशन को नवीन करने के लिए भी 22 करोड़ रुपये स्वीकृत हैं, जिसका काम पूरी तरह से चल रहा है।	अमृत समय रेल स्टेशन की नई नीति भी 22 करोड़ रुपये का भुगतान किया गया है, जिसके काम पूरी तरह से चल रहा है।
8	उसके द्वारा पढ़ाए हुए छात्र आज उसके घर आए।	उसके द्वारा पढ़ाए हुए छात्र आज उसके घर आए।
8	इन दोनों से ही स्थावर जंगम संसार उत्पन्न होता है। अत: श्रीराम और सीता स्थावर जंगम इस जगत् के मातापिता हैं। हे पृथिवीपाल ! कोई उनका शत्रु कैसे हो सकता है ? बिना जाने ही जगन्माता जानकीजी को आप ले आये हैं॥	जो इस संसार में पिता के समान स्व तथा स्वरूप वन में उत्पन्न हुए हैं, इसलिए दूसरे स्थान पर है। ऐसा कहकर वह उनके दोनों चरण-नामक प्राणी शरीर में रहते हैं।
4	धूप का चश्मा काला ही पहना जाता है।	सूर्य की सीढ़ी पर पड़ी है ही धारण की जाती है।
7	सच कहूँ , मैंने कुछ भी नहीं खरीदा।	सच कहूँ , मैंने कुछ भी नहीं खरीद लिया।
10	मेघालय में कोनराड संगमा के नेतृत्व वाली नई कैबिनेट आज शपथ लेगी।	मेघालय राज्य में कोण्रा करते हुए के नेतृत्व में नया मंत्रिमण्डल का नेतृत्व आज सत्य है।
10	शिक्षिका -तुमने तो परीक्षाशुल्क भी नहीं दिया	शिक्षिका - तुम तो परीक्षाएँ भी नहीं दी गई हो।
3	हे छात्र	हे बहुत छात्रों
4	प्रतिदिन अभ्यास करिये ।	प्रतिदिन अभ्यास करें ।
9	इस मौके पर रक्षा प्रमुख जनरल अनिल-चौहान और सेना के अन्य वरिष्ठ अधिकारी उपस्थित थे।	इस अवसर पर रक्षा प्रमुख जनरल जी- चौहान सेना के अन्य वरिष्ठ अधिकारी और अन्य अधिकारियों के अधिकारी उपस्थित थे।
13	बिना अभ्यास के विद्या विष के समान है, अजीर्ण ( अपच) होने पर भोजन विष के समान है, दरिद्र के लिए सभा सम्मेलन विष (तुल्य) है (तथा) बूढ़े व्यक्ति के लिए युवती स्त्री विष के समान है।	बिना अभ्यास किये पढ़ी हुई विद्या, बिना पचे ही किया हुआ भोजन, वृद्धावस्था का विषय है, वृद्धावस्था का विषय है। वृद्धावस्था का विषय है।
8	देश में दो भारतीय समुद्र तटों को भी ब्लू फ्लैग प्रमाणन मिला है।	देश में दोनों भारतीय एक अन्य सागरओं के भीब्ल फॉर्म प्रमाण पत्र मिला।
6	इस प्रकार विद्यालयीय इंटरनेशनल गीता महोत्सव का उद्घाटन किया गया।	इस प्रकार स्कूल अंतर्राष्ट्रीय गहरी से गीता महोत्सव शुरू हुआ।
7	परन्तु मैं फिर भी इस युद्ध के लिये तैयार हूँ।	परन्तु फिर उस युद्ध के लिये तैयार हो गया।
9	वह दूध बिल्ले ने आज पिया, इसलिए वहाँ दूध नहीं है।	वह दूध बिल्ली में अब पिया, इसलिए वहाँ दूध नहीं है
8	वहाँ विद्याधर गन्धर्व के साथ उसका सम्पर्क हुआ।	वहाँ विद्याधर नाम से उसका संपर्क हुआ।
13	यहां की शिक्षिका सुनीता एस प्रभु स्थानांतरण के बाद पेरुम्बल देश के एक स्कूल में चली गईं थीं।	यहाँ से शिक्षण को पग से युक्त स्थान देकर स्थान पर पहुंचकर पेड़ों को विद्यालय में गया था।
2	कुतिया भौंकती है।	कुत्ता सर्जनों द्वारा खाता है।
11	क्या वह सो रहा? उसे आप ने दवा दिया क्या ?	क्या उन्होंने नींद को कहा क्या ? उसे क्या दिया है न ?
6	सात नए रेल लाइन की लाइन को उत्पादन किया जाना है।	सातों रेल रेल के ऊपर सर्जक बनाये से हैं।
3	उसने भ्रष्टाचार किया।	उसने भ्रष्टाचार किया।
5	सभी बच्चे माताओं के साथ खेलेंगे।	सभी बच्चे मातृ-ओं के साथ खेलेंगे।
1	नहीं तो	यदि नहीं तो।
9	अतः हे देवता! इस रथ पर चढ़कर राक्षस रावण को मारना।	इसलिए हे देव! यह रथ लेकर चढ़कर डरे हुए रावण को मारने के लिये बोलें।
5	तिलक के प्रभाव से देश में क्या हो गई?	तिलक के प्रभाव से देश में कौन-सीता?
20	गरीबी से लज्जा प्राप्त होती है, लज्जाशील का पराक्रम (सत्व) नष्ट हो जाता है। पराक्रम नष्ट होने से (बलहीन ) अपमानित होता है। अपमान होने से दुःख प्राप्त होता है। दुःख से शोक प्राप्त होता है, शोक से मारा गया बुद्धिहीन हो जाता है। बुद्धिहीन का नाश हो जाता है ओह निर्धनता सब मुसीबतों का स्थान है।	जो प्राणी नचिकेता को प्रिय लगने वाला अपने चरण-राप के द्वारा उपचुनाव से विचलित होकर सब प्रकार से विचलित होता है। क्योंकि निर्भयता से रहित होकर अपहरण करने वाले (नामक मन की) बुद्धिहीन बुद्धि के कारण (परमलादि) तथा भस्म को जन्म दिया जाता है।
5	गुरु जी का निर्देश दिया गया नियम भी पालता है।	गुरु से निर्देश दिया गया है और नियम को पालता है।
4	जो एकबार देखने के लिए महत्वपूर्ण है।	जो एकवार को देखना महत्वपूर्ण है
8	सभी राज्यों के जलशुल्क के बारे में केंद्र सरकार की नीति समान है-सीह है.	सभी राज्यों के पानी की पर केंद्र सरकार के नीति समान है-यह है।
3	योगशास्त्र का प्रवर्तन किसलिए हुआ?	योगशास्त्र क्यों किया गया है?
4	ऋषिदेव रविवार को मौनव्रत पालता है	ऋषिदेव रविवार को मौनव्रत पालता है
11	द्वादशे में प्रातः दीक्षान्त समारोह आयोजित किया गया जिसमें डॉ. शीता शुक्ल पाठक ने पथ्य प्रदान किया।	दो महीने में प्रातः दीक्षान्त समारोह का आयोजन हुआ, जिसमें डॉ. ठंड जीतीत त्रि::::::::::::::::::::::::::::::::::::::::::::::::::::::::::::::::::::::::::::::::::::::::::::::::::::::::::::::::::::::::::::::::::::::::::::::::::::::::::::::::::::::::::::::::::::::::::::::::::::::::::::::::::::::::::::::::::::::::::::::::::::::::::::::::::::::::::::::::::::::::::::::::::::::::::::::::::::::::::::::::::::::::::::::::::::::::::::::::::::::::::::::::::::::::::::::::::::::::::::::::::::::::::::::::::::::::::::::::::::::::::::::::::::::::::::::::::::::::::::::::::::::::::::::::::::::::::::::::::::::::::::::::::::::::::::::::::::::::::::::::::::::::::::::::::::::::::::::::::::::::::::::::::::::::::::::::::::::::::::::::::::::::::::::::::::::::::::::::::::::::::::::::::::::::::::::::::::::::::::::::::::::::::::::::::::::::::::::::::::::::::::::::::::::::::::::::::::::::::::::::::::::::::::::::::::::::::::::::::::::::::::::::::::::::::::::::::::::::::::::::::::::::::::::::::::::::::::::::::::::::::::::::::::::::::::::::::::::::::::::::::::::::::::::::::::::::::::::::::::::::::::::::::::::::::::::::::::::::::::::::::::::::::::::::::::::::::::::::::::::::::::::::::::::::::::::::::::::::::::::::::::::::::::::::::::::::::::::::::::::::::::::::::::::::::::::::::::::::::::::::::::::::::::::::::::::::::::::::::::::::::::::::::::::::::::::::::::::::::::::::::::::::::::::::::::::::::::::::::::::::::::::::::::::::::::::::::::::::::::::::::::::::::::::::::::::::::::::::::::::::::::::::::::::::::::::::::::::::::::::::::::::::::::::::::::::::::::::::::::::::::::::::::::::::::::::::::::::::::::::::::::::::::::::::::::::::::::::::::::::::::::::::::::::::::::::::::::::::::::::::::::::::::::::::::::::::::::::::::::::::::::::::::::::::::::::::
6	पेंसिल छील कर वह सुंदर चित्र बनाता है।	पेंसिल छील कर वह सुंदर चित्र बनाती है।
11	उसके सिंहनाद से वाली की आँखे क्रोध से लाल हो गयीं ओर वाली ने बाहर आकर उसको बड़े जोर से एक मुक्का मारा ॥	सिंह के द्वारा बहुत समय तक उसके लिए गया। उसके बाद वन में ही उसके समीप गये ॥
8	गृह विभाग, हिमाचल प्रदेश-लोकसेवा- कमीशन के माध्यम से नियुक्त नए मानकों का निर्धारण किया गया है।	गृह विभाग ने हिमाचल प्रदेश-लोक सेवा- आयोग के माध्यम से नियुक्त नए नए में और एक नए में नें।
8	वह रोगी बालक मीठा दूध नहीं पीता ।	वह रोगी बालक को मीठे दूध नहीं पी रहा है
17	हे श्रीकृष्ण, श्यामसुन्दर, राधावल्लभ, यदुनाथ, यमुनातीरविहारी, एकमात्र वृन्दावनमें निवास करनेवाले माधुर्यमय चन्द्रके समान मुखवाले, स्निग्ध स्वरूपवाले व्रजेश्वर हे वंशी टेरनेमें मग्न, मालाओंकी सुगन्धसे युक्त, मोरपंखसे आच्छन्न मस्तकवाले और अंग-अंगमें लक्ष्मीके निवासभूत हे श्रीकृष्ण! मेरे हृदयमें अपनी भक्तिका प्रकाश फैलाइये ॥	श्रीकृष्णकी मधुरराजके प्रेमरूपी प्रकाश से सुशोभित, जिसके द्वारा श्यामवर्ण, श्रीग्मीकिजीका जो मेहनत, अध क्योंकि प्रियतम हुए श्रीकृष्णकी सेवा करते हुए श्रीकृष्णके पुत्र, समस्त भूतों में मेरी चिकी-सीता प्रदान करती है, उन श्रीराधिकाजीको मैं कब पाऊँगी ॥
16	'पुरुष' यह कहकर कृष्ण ने जोर से ध्वनि की, इसलिये द्रोणाचार्य "पुरुष"	नर''देक्षा से एक उच्च उच्च न्यायालयों से शिंग किया, इसलिये सेटकों, शास्त्रों,,न,","," आगे बात सुनने को नहीं पा सकता।
4	वहाँ बहुत सी वस्तुएँ मिलती हैं।	वहाँ बहुत वस्तुएँ लभ्यर्थी होती हैं।
17	बोर्ड द्वारा लिखित परीक्षाओं से पहले व्यावहारिक परीक्षाएं आयोजित की जाती हैं, जो 21 फरवरी से 29 फरवरी तक आयोजित की जाएंगी, जिसकी समयसूची बोर्ड ने पहले प्रकाशित की है।	लिखित परीक्षा पूर्व से व्यावहारिक परीक्षाएं बोर्ड से 29 फरवरी से 29 फरवरी तक आयोजित की जाएगी, जिसके समयसूची बोर्ड ने पहले से प्रकाशित किया है।
27	यदि गर्भ की उत्पत्ति मे माता पिता कारण हों तो बहुत सी स्त्रियों और बहुत से पुरुष पुत्रकामना और कन्याकामना वाले होते है । वे पुत्र की कामना से पुत्रों और कन्या की कामना से कन्याओं को उत्पन्न कर लिया करें। कोई भी स्त्री वा पुरुष विना सतान के न रहे। कोई सतान की इच्छा वाले स्त्री वा पुरुष सतान के लिये कभी दुःखी न हों और न विलाप किया करे	क्योंकि माता पिता के गर्भ के लिए जनका ही उत्पन्न होता है, जब तक माता पिता और पत्नी के प्रति भी मैथुन से उत्पन्न हुई, तब सभी माताओं और गर्भों से पूर्ण दर्त धर्म की स्थिति को और उनके पुत्र को कोई भी प्रकार से नहीं जान सकते। कोई तो जनक की कथा के विषय में या अथुन से ही उत्पन्न हो गये।
21	वहाँ प्रशिक्षक ने वर्ग के पहले दिन ध्येयमन्त्र, वर्ग गान, संस्कृत में परस्पर परिचय, वस्तुओं का परिचय, यह शब्दों का तीनों लिङ्गों में प्रयोग, स्थानवाचक शब्दकोश का प्रयोग और अन्य बिन्दुओं पर आधारित पाठ किया।	वहाँ प्रशिक्षक-कार्य के पहले दिन पर ध्यान किया गया, वर्ग के गीत, संस्कृत में आपसी परिचय, वस्तुओं का परिचय, यह-तत्-का शब्दों में तीन लिङ्गों के प्रयोगों, स्थान-रिवाहीों का प्रयोग किया गया।
10	परन्तु तुम्हारे नौकर सदा सब जगह उपस्थित नहीं हो सकते।	लेकिन तुम्हारी नौकरानी और सदैव उपस्थित नहीं हो सकते हैं।
10	सूचनाप्रसारण मंत्री अनुराग सिंह ठाकुर ने भी आज सशस्त्र सेना के ध्वज दिवस के अवसर पर सभी को नमस्कार किया।	सूचना प्रसारण मंत्री अनुराग सिंह ठाकुर ने भी आज सशस्त्र सेना को ध्वज झुकना के अवसर पर सभी को नमस्कार किया।
4	दो पहर एक बजे भोजन।	दोपहर में एक बजे भोजन।
1	विश्राम करके।	घूमे
7	आती हूँ, चलें किसकी दुकान चलें ?	आता हूँ। किसके बाज़ार जाओ ? किस पर जा रहे हो ?
14	भविष्य में इसके लिए प्रयत्न किये जा रहे हैं। जल्द ही यह आशीर्वाद पूरा कैबिनेट को अयोध्या में जाकर रामलल्ला का दर्शन किया जाएगा।	भविष्य में इसके लिए प्रयास कर रहे हैं। शीघ्र ही पूरी तरह से अयोध्या के दर्शन के लिए शीघ्र ही प्लागाई ले आएँगे।
4	जब वह चुटकुला बोलता है	जब वह चुटकुला बोलता है
9	केवल पश्चिम के लोग इस दुरुपयोग को करके देश को अधिराज्य में स्थापित कर दिया।	इसी प्रकार पश्चिमी में इसका दुरुपयोग करके देश में भूमि का विस्थापन किया।
8	जब वह हृदय के स्थान पर ही रहता है तब नामरूपी फल मिलते हैं।	जब वह हृदय स्थान पर ही रहता है तब नामित हो जाता है।
8	इसीलिए लघुता विचार करके अधुशब्द की अपेक्षा से साधुशब्द अकेला ही योग्य है।	इसलिए छोटे-छुशब्द की असाधुशब्दों की योग्यता के योग्य ही योग्य है।
4	मोर किसानों का मित्र है।	मोर किसानों का मित्र है।
1	क्षेत्र का ज्ञाता	और क्षेत्र का ज्ञाता
10	डॉश्री छबिलाल नूपाने ने अपने व्याख्यान में कहा कि प्रकृति सभी प्राणियों की रक्षा के लिये प्रयत्नशील रहती है।	डॉक्टरों को के जाने के लिए अपने व्याख्यान में कहा कि प्रकृति सभी को प्रलयि करते हुए प्रयास में कहा जाता है।
15	श्री मोदीना एन.डी.ए. ने चार सौ सीटें जीत का लक्ष्य रखा है, क्योंकि ऑर्डर टीम में सात सौ से अधिक तीन सौ सीटें हैं।	श्री मोदी ने एनए.एसए.एसअशत ने विजय जीत हासिल की, जिस किसी तीन सौ से तीन सौ सीटें जीतीं हैं।
10	हे केशव ! मैं शकुनों को भी विपरीत ही देख रहा हूँ और युद्ध में (आहवे) अपने स्वजनों को मारकर कोई कल्याण भी नहीं देखता हूँ।	हे नचिकेता! मैं न तो बहुत अच्छा हूँ, न ही इस निर्भयता को मारा गया हूँ; क्योंकि स्वजन मेजन को मार डाला और न ही सोचने लगा।
7	वह पक्षियों और पशुओं को पकड़कर अपना गुजारा करता था।	पंखों के ग्रहण से वह स्वीकार्य में जीविका निर्वाह चल रहा था।
9	उस महाबली ने भी 'ठीक' ऐसा कहकर मल्लयुद्ध के लिए भीमसेन को चुना।	वह भी महाबलशाली है''तहाँ''उसे वह भीम युद्ध के लिये भीम ने युद्ध किया।
5	उनके ही नेतृत्व में विश्व क्रिकेट स्पर्धा में वर्ल्ड कप पाया।	उसी नेतृत्व में विश्वक्रिक प्रतियोगिता में विश्वपदक प्राप्त किया गया।
2	दूसरा दीजिये।	दूसरा दीजिये।
15	बार्यावटग, चीता, दन्ती, चव्य, सोठ, मरिच, पिप्पली प्रत्येक दो शाण लेकर चतुर्गुण जल में दूध सिद्ध करके पीने से उदर रोग शान्त होता है ||	बायविडंग, चीता, सोठ, चन्दकों, काट्रल, काल, पर्दन, पिडली, बुलार, पडिल और पीला मिला कर दे।
6	प्रांत मंत्री गिरीश चंद्र तिवारी ने परिचयात्मक भाषण दिया।	प्रास्तिकों को संबोधित करते हुए गिरीश चंद्र पर गिरीश चंद्र जी ने किया
1	गरजते हो	गरजते हो
6	वे छात्र फिर से लिखते हैं तब	वे छात्र फिर से लिखते हैं तब ....
3	वह खेत में दौड़ता है।	वह खेत में दौड़ता है।
3	मन्दिर में भक्त जाता है।	मन्दिर में भक्त जाता है।
11	इनमें से दूरसंचार, पेयजल सौर ऊर्जा और स्वास्थ्य जैसे क्षेत्रों में संबद्ध सभी विकास परियोजनाएं सम्मिलित हैं।	इनमें से दूरसंचार-पैर पानी सौर ऊर्जा- स्वास्थ्य-सैर के क्षेत्रों में जुड़ाई परियोजनाएँ शामिल हैं।
13	क्योंकि - - सिंह, गुणी पुरुष, हाथी - ये अपने स्थानों को छोड़कर भी अन्यत्र जाकर प्रतिष्ठा प्राप्त करते हैं। परन्तु कौवा, कापुरुष, हरिण ये एक जगह रहकर ही जन्म बिता देते हैं और वहीं मर भी जाते हैं ।	अरे ! सिंहापक इस प्रकार सिंह, सिंपुरु, हाथी (हचिकेता) वहीं जाता है, काँपो (विद्दूज) ये सब मृग दूसरे को ही जाते हैं।
9	दस वर्ष पहले मेरे बेटे का यज्ञोपवीत आपने कराया था	दस वर्ष पहले मेरे पुत्र के यज्ञोपवीत किया गया ही कार सेवित किया गया।
15	कल शाम प्रधानमन्त्री मोदी ने राजस्थान के जयपुर में फ्रांस के राष्ट्रपति इमैनुएल मैक्रॉन के साथ द्विपक्षीय सत्र में भाग लिया।	पिछले शाम को प्रधानमंत्री मोदी की जयपुर में फ्रांस के राष्ट्रपति इ बोलॉन नेठ में मैक्रॉन के उपवास में भाग लिया।
3	आप दोनों जाती हैं।	आप दोनों जाते हैं।
6	कहा जाता है कि कल नामांकन में प्रवेश किया जाएगा।	कल नामांकन प्रवेश किया जाएगा यह कहा जाता है।
6	ओह , मैं भी कपडे धोना भूल गया	ओह मैं भी वस्त्र धोाने के लिए भूल गया है
10	हिमाचल-संस्कृत-अकादमी के सचिव डॉ. केशवानंद कौशल ने सभी विशिष्ट अतिथियों एवं विद्वानों का स्वागत किया।	हिमाचल-संस्कृत-अतम के सचिव डॉ. बालवानंदन ने सभी विशिष्ट अतिथिओं का स्वागत किया।
1	मुझे पाना चाहिए	प्राप्त करना
4	वह यज्ञ करता है	वह यज्ञ कर रहा है ,
3	वह पैसा चुराता है।	वह धन चुराता है।
4	आजकल रास्ते में पुलिस रक्षक खड़े रहते हैं।	इस समय मार्ग में पुलिस इकाइयों खड़े रहते हैं।
12	हे मुनिसत्तम् ! यह सब कुछ तुम्हारा अपकार करने वाला राक्षस किया है। बिना विचारे ही मैंने तुम्हें शाप दे दिया ॥	हे मुनिश्रेष्ठ ! आपके यह सम्पूर्ण लोकों में मेरी
6	दिल्ली में भी सर गंगाराम अस्पताल है।	दिल्ली से-नगर में भी सर गिंग अस्पताल है।
6	रात साढ़े तीन बजे दो चोर घर में घुसे।	रात में दोपहर 3.30 बजे दो को घर में घुस गया
4	सब अपनारूप है या शिव कारूप।	सब ही आत्मा में आत्मा है, शिवरूप है।
7	हेतु, लक्षण ओर काल को समझने वाले तथा बल और शुद्ध एव अशुद्ध रक्त के वर्ण की पहिचान करने वाले वैद्य को चाहिये कि रक्तस्राव की उपेक्षा उस समय तक करता रहे जब तक कि भयानक रूप धारण न करले, अथवा काई घातक रूप पैदा न करे ॥	हे कैगव (क और शुभ तथा मेडजाना) की बात ही है, क्योंकि काल के समय आप इस रूप को प्राप्त होते हैं जो (इसी प्रकार) समय के विषय में ही समय की स्थिति को स्वीकार करे।
6	अनंतपुरी और कोट्टायम जिलों में एक-एक व्यक्ति की मौत हो गई।	अनंत उत्पन्न हुआ कोट्टायम जिले के एक की मृत्यु के बाद की गई।
5	हिमसंस्कृतवार्ता: जगदीश डाभी, मुम्बई ।	हिमसंस्कृतवार्ता: जगदीश डाभी, मुम्बई ।
13	जालगर्दभ - अपने कारणों से कुपित वातादि दोप, पित्तोल्वण और मन्द वात क्फ की अवस्था में अति दाहकारक, अल्प, लालरग के शोध को उत्पन्न करते है, यह शोथ थाडा पकता है । इसके कारण रोगी को ज्वर और प्यास रहता है, यह शो विसर्प के समान फैलता है इसको 'जालगर्दभ' कहते है ॥	मन्दाकिनी के प्रदीप्त नहीं होते हुए सुतीक्ष्णजी के साथ उसकी सुतीक्ष्ण को भी अपने शरीर में देने से इस चरण में अनेक प्रकार की शिकार (बर्टी) के साथ पीवे। तब कर्ण कहता है कि इन्द्र ने इनके कंगड़ा मे कहे। इस समय भक्षण ठों को भी स्वीकार किया जा रहा है। जैसे मधुर ग है अथवा इस कारण अथवा सुशीलता को भी स्वीकार किया जा रहा है। जैसे कुटनी भी।
4	ज्ञान में धर्म होता है इस प्रकार यह धर्मचारी है।	ज्ञान ही धर्म है, यह तो धर्म ही है।
1	घृणा योग्य	निर्भयता
15	मनुष्यकी मृत्युके पश्चात् उसका धन पृथ्वीमें गड़ा रह जाता है, पशु गोष्ठमें बँधे रह जाते हैं, स्त्री घरके द्वारपर छूट जाती है; और परिजन श्मशानतक तथा शरीर चितातक साथ देता है, परलोकके मार्गमें केवल धर्मको साथ लेकर जीव अकेला ही जाता है	हे जनार्दन ! मुझे न तो पृथ्वी पर स्त्रियों के स्वामी, माताओं के गृहअंग, जीने की परलोक में धर्म, स्त्री-कर्म में धर्म की परेशान रहता है, उपभोग के लिए धर्म ही जीव जाता है ।
7	और अगले वर्ष दीपावली-अवसर की फ़िल्म प्रदर्शित होगी।	अगले वर्ष के और दीप प्रज्ज्वलन-अतरंग प्रदर्शित करने लगा होगा।
7	छात्र – तो मेरे साथ करो ।	छात्र – तो मैं साथ
7	मैने यह भी नहीं सोचा कि वस्त्रों तथा आभूषणों से सुशोभित	यह भी नहीं सोच रहा है कि-इस भी हो जाता है कि -
6	माता – आज सेव ही लाओ ।	माता – आज ही सेवक ही लाओ ।
3	वह पैसा चुराता है।	वह धन चुराता है।
6	दशरथनन्दन ! मैं आपको अयोध्या पहुँचाऊँगा।	दशरथनन्दन ! मैं आपको अयोध्या पहुँचेगी।
6	महाबलि असुर के सत्कार में यह पर्व मनाया जाता है।	महाबली को ही राज्य का लिए आदर दिया जाता है।
6	इसपर श्लोक हैं कि ये अति स्थूल और अतिकृश दोनों मनुष्य अतिनिन्दितः हैं और मध्य शरीर ( न अति मोटा न दुबला ) मनुष्य श्रेष्ठ है और अति मोटेसे तो दुबला ही अच्छा होताहै ॥	यहां लोक हैं कि किसी कालमें पृथ्वीकी तरह एक ही सूर्य (शुद्ध) है और दोनों एकसे दूर होवे ॥
12	और भी विपत्ति आने पर विचार कर कार्य करना ही पाण्डित्य (बुद्धिमत्ता) है। बिना विचारे काम करने वाले प्राणियों पर तो पद-पद में विपत्तियाँ आती हैं।	जब राजा के पास अधिक हानि, जब तक मृत्यु की होती है तब उस राजा के लिए जल के पात्र बनने पर उसी प्रकार निकलते हैं।
1	अशुद्ध	बीमार
11	प्रधानमंत्री ने कहा कि ऐसे प्रयासों से देश को समृद्ध सांस्कृतिक संपदा की रक्षा में मदद मिलती है	प्रधानमंत्री ने कहा कि ऐसे प्रयासों से देश की समृद्ध सांस्कृतिक- सांस्कृतिक-संपद को
4	कोर्ट खारिज हो गया है.	न्यायालय निरस्त हो गया।
7	ग्रीक भाषा में''थैले''इस प्रकार धातुधारण करने वालेार्थक, संस्कृत भाषा में भी.	गर्मी में''प्रह''इसमें बढ़े हुए रखे हुए हैं, संस्कृत भाषा भी वैसा ही है।
4	मनु जी ने सभी को धर्म का उपदेश किया।	मन सबको धर्म धर्म किया ।
5	हे मित्र ! यज्ञ करिये।	हे मित्र ! यज्ञ करिये।
3	प्रयास करता हूँ ।	कोशिश करूंगी ।
3	कैसे करें ?	कैसे करें ?
9	साथ ही अनला नाम एक सुन्दरी कन्या भी हुई।	साथ ही अनला नाम एक सुंदर कन्या भी हुई।
13	केंद्रीय-आदिवासी विषय मंत्री अर्जुन मुण्डा ने नई दिल्ली में दो दिवसीय आदिवासी जागरूकता कार्यक्रम का उद्घाटन किया।	केंद्रीय-आदिवासी मंत्री अर्जुन मुकाबला ने नई दिल्ली में दो दिवसीय संस्कृत भाषा का उद्घाटन किया।
3	वह खेत में दौड़ता है।	वह खेत में दौड़ता है।
9	लाहौल पर्वत में 30 से 60 सेंटीमीटर तक बर्फबारी हुई।	इन लाहौल उपर की 30 से 60 से 60 बजे तक बर्फबारी हुई।
6	अभी दोपहर में भी लोग वोट देने जा रहे हैं।	अब दोपहर में भी लोग मतदान के लिये जाते हैं
10	इस प्रकार तुम्हारे प्रश्नों के अनुसार सम्पूर्ण जानने योग्य बातें मैंने तुम्हे बताई है। जो व्यक्ति अपने मन को इसमें लगाकर रहता है, वह मोक्ष प्राप्त कर लेता है । है लक्ष्मण मेरी भक्ति से विमुख पुरुषों से इसे सावधानी पूर्वक नहीं कहना चाहिये और मेरे भक्तों को प्रयत्नपूर्वक भी बुलाकर इस रहस्य को सुनाना चाहिये ॥	हे अर्जुन! मेरे इस प्रश्न का यह प्रश्न है कि इस तरह का पुरुषार्थ करने वाले जो व्यक्ति आपकी ही स्तुति करते हैं वे ही यह 'विद्ति' है।
8	उसकी सेवा और उपदेश अखिल लोकार्थ को बहुत ही कल्याणकारी है।	उसकी सेवा और उपदेश अखिल लो जैसे बहुत ही अच्छा है।
3	बढ़ई लकड़ी छीलता है।	तुम लकड़ी छाल रही हो।
7	आने वाले संतों के द्वारा वातावरण सुरक्षित किया जाना चाहिए।	अगले संयोग से हमें वातावरण सुरक्षित करना चाहिए।
3	सभी समाचारपत्र पढ़ रहे हैं।	सभी समाचारपत्र पढ़ते हैं।
18	राज्य उच्च न्यायालय ने हिमाचल प्रदेश पुलिस महानिदेशक संजय कुमार की पुलिस अधिकारी शालिनी अग्निहोत्री और कांगड़ा के स्थान पर जाने के आदेश को निलंबित करने के लिए याचिका दायर की है।	राज्य उच्च न्यायालय ने हिमाचल प्रदेश के पुलिस महानिदेशक संजय कुमार की फिर सेलिसाई आपसील की कक्षा का आदेश दिया है।
7	उन्होंने कहा कि शिक्षा संस्थानों की भूमिका से लोगों का विकास है।	उन्होंने कहा कि शिक्षा संस्थानों की भूमिका लोगों का विकास है।
8	हाँ , इसका छिलका बहुत कड़क है।	हाँ , इसका छिलका बहुत दृढ़ है ।
1	गुस्सा	अनार में
11	हमारे यहाँ अमरूद और पपीता ज्यादा मिलते हैं। लेकिन मुझे केला पसंद है।	हमारे क्षेत्र में दृढ़बी और पपीले से अधिक से अधिक पसंद है लेकिन मुझे केला पसंद है।
8	रावेल और रेंटिला गांवों के क्षेत्रों में आसमान से गोल चट्टानें गिरीं।	रावल् रती रटों के गाँवों में क्षेत्र के प्रदेशों में गोलों को आकाश में उड़ गया।
11	विदेश- मन्त्रालय, विदेशों में भारतीय- ठक्कर भी प्रतिवर्ष हिन्दी-दिवस का आयोजन करते हैं	विदेश- मंत्रालय, विदेशों में भारतीय- दूतावास की भी हर साल हिन्दी- दिवस का आयोजन करते हैं.
9	प्रधानमंत्री नरेंद्र मोदी की यात्रा का सहारा लेकर तिरुचिरापल्ली में मजबूत सुरक्षा व्यवस्था का निर्माण किया गया	प्रधानमंत्री नरेंद्र मोदी की यात्रा करते हुए तिरुचिरापल्ली में एक समारोह की-सा व्यवस्था की गई.
5	गीदड़ दुखी होकर वहाँ से चला गया।	सियार दुखी हो गया और वहाँ से गया।
4	कच्ची केरी में हींगहीं डाली जाती है।	कच्ची केरी में हींग डाली जाती है।
9	हिमाचल प्रदेश के 59 शहरों के लिए एक नई विकास योजना बनाई जाएगी।	हिमाचल प्रदेश के 59 नगरों के लिए नया विकास योजना बनाई जाएगी।
5	मेरे भी मन में ख़ुशी हुई ।	मेरा भी हर्ष हो गया है
3	कार्यालय के पात्र धोता है।	कार्यालय की बर्तन धोता है।
14	ईश के याद से ईश स्पर्श की प्रतीति होती है, एक अलग-अलग ओज का आभास अनुभूत होता है, इस प्रकार एक विलक्षणता भी तृप्ति को प्राप्त होती है।	ईश, एक तो ईश-कदान के प्रतीक हो रहा है, एकवि। ओज का अनुभूठे होता है, ही एक विज़न द्वारा मरने वाले हैं।
1	प्रेरणा किया हुआ ।	चल पड़ेगा।
1	कभी भी	कभी
5	सभी बहुत पीले वस्त्र पहनते हैं।	सभी बहुत पसन्द हैं वस्त्र पहनते हैं।
8	हे वैदे! यहाँ महर्षि शरभङ्ग का महान् आश्रम दिखाया जा रहा है।	हे वैदेहि! यहाँ महर्षि का महान् आश्रम दिख रहा है।
3	ऊँचा मत हसो।	ऊँचा से मातर मत करो।
13	समारोह को संबोधित करते राष्ट्रपति ने कहा कि इस वर्ष पूरे राष्ट्र में आम मतदान होगा।	समारोह को संबोधित करते राष्ट्रपति ने कहा कि इस वर्ष पूरा देश सामान्य मतदान होगा।
2	वही।	वही ही
4	अधिक खाता हूँ तब बोलता है	अधिक खाता हूँ तब बोलता है
6	विश्व का प्रथम ग्रन्थ ऋग्वेद कहलाता है।	विश्व की प्रथम ग्रन्थ का ऋण लिया जाता है।
6	आज यह रत्न अंग्रेजी वंशावली का हिस्सा है।	आज यह रत्न अंग्रेजी और अंग्रेजी लिये का भाग्य है।
5	वे विलासी लोग आने वाली आपदा को नहीं देखते हैं।	वे विलासी लोग आने वाली आपदा को नहीं देखते हैं।
6	वह जब-तक पढती हैं, मैं तब-तक लिखता हूँ।	वह जब तक पढ़ता है वह तब तक लिखता है।
3	धार्मिक धर्म को धारण करता है।	धर्म से धर्म को प्राप्त करता है।
10	कमलेश्वर डोडियार ने कहा कि कार्यकर्ताओं ने चुनाव में उसकी शक्ति की मदद की।	कमलेश्वर ड: उन्होंने कहा कि कार्यकर्ता चुनाव की ओर उसका जैसाशक्ति की सहायता की।
3	एक कारखाने में काम कर रहा हूँ।	कारखाना में उद्योग ।
12	और इससे पर्यावरण की रक्षा होगी. इन्हीं प्रकृति से ईश्वर की अभिव्यक्ति होती है, और उपहार के रूप में प्रस्तुत किया गया।	उन्होंने पर्यावरण का रक्षा किया होगा। इन प्रकृति को ईश्वर का अभरन, उपहार का रूप धारण करने वाले और प्रतिपादित किया गया।
6	बच्चे के साथ बगीचे भी कार से जाते हैं।	बालक के साथ उद्यान भी कार से जा रहे हैं।
9	मंडल की चुराह, भरमौर, पाङ्गी, डल्हौजी में बर्फ लगातार है।	और भी मंडली, भरत भूमि, डगी, पागहौजी में बर्फबारी लगातार है।
10	मरते समय जिनके नाम का स्मरण कर अज्ञ भी जिनमें लीन हो जाते हैं, उनको सामने देखते हुए और उन्हीं के हाथों से वध हुए, उस राक्षस के विषय में कहना ही क्या ? ॥	जो कोई भी विषय नहीं था, वह वहाँ ही आ गये। उसके बाद वन में ही चल पड़े। "मैं की आज्ञा को देखकर मेरे घरपर चल पड़े" ॥
5	दरिद्र हमेशा माँगते हैं।	निर्धन हमेशा माँगते हैं।
9	भारतीय सांस्कृतिक परंपरा के हिमाचल प्रदेश समन्वयक मालविका पाठक ने कार्यक्रम का अध्यक्षता की।	भारतीय संस्कारिक, हिमाचल प्रदेश के समन्वयक मालविका ने मालविका को इस कार्यक्रम की अध्यक्षता की।
1	मना किया हुआ	मना किया गया।
10	दा शत्रुघ्न सलक्ष्मण राम को अभिवादन करके सीता के चरणों में स्पर्श करके उसे प्राण दिया।	दाक ने राम के द्वारा राजकुमार को राम के चरणों में ले लिया। उस प्राण को पाकर उस प्राण को कष्ट देकर उसे प्राण दिया।
7	एक यात्री रेलवे स्टेशन से पूड़ियाँ और सब्जी लाता है।	एक सहमति से रेल स्टेशन से पूर्ति करता है।
4	गुणजी एक बकरी को दुहता है।	गुणजी एक अजित दुहता है।
8	अनेक पाठकों के दृश्य पत्रालय के अन्दर और बाहर निकाले गए।	ग ।कर दृश्य के दृश्यों को पत्र देकर बाहर भी बाहर निकाले गए।
18	समारोह में गढ़वाली गीत की संगम संगीत कमेटी के कलाकारों द्वारा सांस्कृतिक कार्यक्रम "जय भगवती नंदा" आयोजित किया गया, जिसमें सभी अतिथिगण मंत्रमुग्ध हुए।	समारोह में संगम सांस्कृतिक समिति के कलादून की कला कार्यक्रमों द्वारा सांस्कृतिक कार्यक्रमों का"जय बहन नहीं है,"जय बहन ने नलीन का कार्यक्रम आयोजित किया, जिसमें सभी आमोदू मालूम हैं।
7	मैं छल करने वालों में द्यूत हूँ और तेजस्वियों में तेज हूँ, मैं विजय हूँ; मैं व्यवसाय (उद्यमशीलता) हूँ और सात्विक पुरुषों का सात्विक भाव हूँ।।	मैं ही इन ( रहा) को प्राप्त होऊँगी तथा - हूँ
1	नेता	ही नहीं है
5	अल्पाहार में वह उबले चने खाता है।	नाश्ते में वह कहाँ से चोंच खाता है।
1	पर्वत	पर्वत
5	नदी जल स्वच्छ और आकाश बादलों से रहित दिखाई पड़ता है।	नदी का जल आकाश दिख रहा है।
3	और सब एक दिल वाले हैं ।	सभी एकचेत
2	हे देवता!	हे अनेक देवताओं!
4	रमा चन्द्रमा देखती है।	रमण चंद्रमा पर चन्द्र समान है।
4	शायद कोई रुक जाए।	शायद कोई रुक जाए।
8	सभी अतिथि घर (होमस्टे यूनिट) पर्यटनकून के तहत लाए जाएँगे।	सभी अतिथियों घर की आँगन में यूनिट) पर्यटन होमवर्क के तहत लाए गए हैं।
12	प्रधानमंत्री ने कहा कि देश के प्रत्येक निर्धन वंचित व्यक्ति उसकी पूजा के योग्य है।	प्रधानमंत्री ने कहा कि देश के प्रत्येक निर्धन को वंश हुआ व्यक्ति उसके लिए पूज्य हैं।
4	पोता आगे बढ़ता है।	पोता आगे बढ़ती है।
5	यहाँ आओ मीठा फल खाओ,	यहाँ आओ और मधुर फल खाओ ।
9	पापी अधर्मियोंकी शीघ्र ही बुरी गति होती है, ऐसा समझकर पुरुषको चाहिये कि धर्मसे दुःख पाता हुआ भी अधर्ममें मन न लगावे	हे मधुसूदन ! धर्म से मन धर्म नहीं है आपके द्वारा धर्म से यदि किसी रोग को नहीं देखते तब तक कमललोचन को भी देखते हुए देखे।
9	उत्तराखंडसंस्कृत अकादमी, प्रतिवर्ष संस्कृत भाषा के प्रचार-प्रसार के लिए, संरक्षण के लिए, और इंटरनेट के माध्यम से संस्कृत व्याख्यान के लिए आयोजित किया जाता है।	उत्तराखंड संस्कृत अकादमी, हर साल, हर साल संस्कृत को प्रसारित करना, रक्षा के लिए, और संस्कृत इंटरनेट के माध्यम से संस्कृत व्याख्यान के माध्यम से आयोजित किया जाता है।
9	इन पांच तत्वों की अनुपात से मानव शरीर का स्वास्थ्य निर्भर करता है।	इन पाँचों तत्त्वों का अनुपात करने से मानव के शरीर का स्वास्थ्य निर्भय होता है।
12	उनके चर्चा में व्यापार, निवेश, प्रौद्योगिकी, अन्तरिक्ष, शिक्षा, सांस्कृतिक और आदान-प्रदान के साथ द्विपक्षीय सहनशीलता के लिए विभिन्न पक्ष एकत्रित थे।	उनके चर्चा में व्यापार-विमण-हवाई- शिक्षा- सांस्कृतिक-आदान-आदान- प्रदान के साथ दो दिवसीय सूचना शामिल थे।
8	इन कलाओं से भारतीय संस्कृति और संस्कृत का विकास होगा।	इन कलाओं के द्वारा भारतीय संस्कृति और संस्कृत का विकास होना चाहिए।
4	वह भूमि पर रंगोली करती है।	वह भूमि पर रंगोली करती है।
5	मेरे दो काम रह गए।	मेरे द्वेष में शेष कार्य में शेष है।
3	वे दोनों खेलते हैं |	वे दोनों खिलौना ।
6	वाटिका में वन में वृक्षों के समूह के समान, चंद्रिका की शीतल श्मशान में शेरे।	वाट में वन में वृक्ष और ईर्ष्या से युक्त, चंद्रमा की घटना पर सॉली पडस हो रहा है।
14	उन्होंने कहा कि स्मार्ट-मार्ग की कामना में अधिक सुधार करना चाहिए, जिसमें बसस्थानों के साथ शौचालय भी बनाया जाए।	उन्होंने कहा कि याद- मार्ग के कार्य में अधिक अच्छी तरह से करना चाहिए, जिस बस स्टेशनों के साथ में से से शुरू करना चाहिए।
7	मेरा भाई अब कहाँ गया है, मैं नहीं जानता	मेरा भाई अब कहाँ गया है, नहीं जानता
5	मैं अभी-अभी आया।	मै अभी आ गया ।
12	शिक्षा निदेशक ने कहा कि वह शिक्षा मंत्री के लिए भेजे जाएंगे और जिलों की रिपोर्टों को प्राप्त करके विस्तृत प्रस्ताव देंगे।	शिक्षा निदेशक ने कहा कि जिले के प्रति रिपोर्ट पहुंचकर और विस्तृत प्रस्ताव में शिक्षा के में पत्र भेज दिया जाएगा।
8	सोशल मीडिया उपयोक्ता उस दक्षिण भारती वेष की प्रशंसा करते हैं।	सोशल मीडिया पर हमला करने की सजा सुनाईती है।
13	उसकी पहली तस्वीर भी प्रसारित हुई, जिसमें उसकी सिंह के साथ तुलना की गई है।	उसका पहलारूप का चित्रण भी प्रसारित किया गया, जिस शेर के साथ अत्यन्त तीन गुना की गई है।
6	तुम्हारे पास केवल आधा घंटे का समय है।	तुम्हारे पास केवल आधा घंटे का समय है।
8	''करेक्टर''-दक्षिण वेल्स देश के एक सदस्य ने दुर्गाती गुरुल्ला युद्ध में रोमन सेना का उत्पीड़न किया।	''करैसी-दवे दोनों ने भाग लिया और वह से पाबील से रोशनी सेना में रोम सेना की उत्कद से खासई की।
3	गुस्सैल महिला पड़ोसी वपर क्रोध कर रही है।	चंडीगढ़ के उपचुनाव
14	आचार्य राजेश कुमार शर्मा ने कहा कि ये दोनों समूह विश्वविद्यालय, विभाग और समाज को कार्य करने के लिए संकल्पबद्ध होंगे।	आचार्य राजेश कुमार शर्मा ने कहा कि ये समूह विश्वविद्यालय विश्वविद्यालय, विभाग, समाज और समाज को करने के लिए भी कार्रवाई की जाती हैं।
4	हमें संस्कृत में बोलना चाहिये।	हमें संस्कृत में बोलना चाहिये।
22	भूटान के लिए सूचित की गई परिमाण में चौदह हजार एक सौ चौबीस मेट्रिक टन गाय का, पांच हजार तीन सौ बीस मेट्रिक टन पकाया गया, पांच हजार दो सौ ईस मेट्रिक टन खाना हुआ, इक्कीस हजार आठ सौ मिलियन और टूटे हुए चावलों का भी मेट्रिक टन है।	कई हजार के लिए सूचित किया गया था। चौदह हजार एक सौ वर्षीय मेटेशनटिक्ट एंटिक, पच्चीस सौ छह सौ छूट, पंद्रह सौ वर्ष बैंगन दो सौ से अधिक दो हजार छटों ने आठ सौ ईट कि आठ हजार आठ साल में भी आठ सौ रुपये से भी नहीं रटनाट कि आठ हजार आठ सौ से अधिक तीन सौ रुपये हुए हैं।
1	दिया गया	दिया
10	हे राम! इसके समीप ही पम्पा नामक सरोवर है। उसके समीप ही ऋष्मूक नामक बड़ा पर्वत है ॥	इस समय वह समीप है रामाकिनी । पचा है राम के समीप है। उनके पास से राम आनन्दाक के समीप महान गति को देने के लिये महान जल में गिर गया ॥
6	उसे यह पुरोहित था कहा गया है।	उसका यह सबसे पहले था कि उसका यह किया गया था।
6	तब ही एक छात्रा वहाँ से गुजरती है	तब एक छात्रा वहाँ से निकलती है
51	इस कार्यशाला में डॉ. शिव कुमार ने राज्य के संसाधनों के प्रतीक के रूप में शिक्षा नीति के रूप में व्यावहारिक संस्कृत, मूल्याङ्कन विषयों पर चर्चा की, ललित शर्मा उच्च माध्यमिक स्तर की शिक्षाशास्त्रीय प्रक्रिया, पठन कौशल, साहित्यिक सामग्री के प्रयोग, डॉ. अमनदीप सरल मनक संस्कृत, संस्कृत सम्भाषण, काव्य पाठ की विधि, अध्यापन के क्षेत्र में प्रौद्योगिकी प्रयोग, डॉ. अमित शर्मा, लेखन कौशल के बारे में, डॉ. मनोजशैली संस्कृत के शिक्षण पर मूल्याङ्कन, डॉ. देवर्षी अगस्त्य ने प्रथम द्वितीय तृतीय भाषा के रूप में संस्कृत	इस कार्यशाला में डॉ. शिव कुमार: शिक्षा नीति के शिक्षा नीति, डॉ. अमित शर्मा, मूल्यों, मूल्यों पर चर्चा,,तीन उच्च स्तर की शिक्षाशाशा, निर्देशन, उच्च-मी.एस, साहित्यिक, बातचीत आदि शिक्षण के के रूप में संस्कृत, शिक्षण के शिक्षण का पुनः परिचय, डॉ. मनोज शर्मा, लेखन शिक्षण, शिक्षण के क्षेत्र में प्रौद्योगिकी प्रयोग, शिक्षण के क्षेत्र में प्रौद्योगिकी प्रयोग, शिक्षण के क्षेत्र में प्रौद्योगिकी प्रयोग, शिक्षण के क्षेत्र में प्रौद्योगिकी प्रयोग, शिक्षण के क्षेत्र में प्रौद्योगिकी प्रयोग, शिक्षण के क्षेत्र में प्रौद्योगिकी प्रयोग, शिक्षण के क्षेत्र में प्रौद्योगिकी प्रयोग, शिक्षण के क्षेत्र में
9	सभी लोगों से कल्याणकारी पवित्र वाणी बोलूँ	महा योजना और कार्य से पूरा मनुष्य को जो गाह किया गया है।
15	सरकार ने यह कदम स्वीकार कर लिया है कि सरकार के पतन की पहली यात्रा में असफलता के भाजपा के सामने कोई भी कदम नहीं उठाया गया है।	सरकार ने सरकार की पारी में ही नहींता की आगे से कोई भी पद नहीं और सरकार द्वारा दी गई है कि सरकार ने इस पद से हटाने की पहली विजीना की है।
20	कुल्लू-निवासी रीनादेवी ने भी दूध के बिक्री मूल्य को लगभग  ⁇ 2 मिलियन बढ़ाने के लिए राज्य सरकार की आभारी है, उन्होंने कहा कि इससे लगभग  ⁇ 2 मिलियन की बढ़ोतरी हुई है।	कुल्लू-निवासीवासीदेवी ने भी दूध की कीमत को छह रुपये में बढ़ाने के लिए राज्य सरकार का, इसीलिए उसका आय: लगभग 400 रुपये की बढ़ोतरी हुई है।
6	वो हमारे राष्ट्रीय सलाहकार समिति के अध्यक्ष हैं	वह हमारे राष्ट्रीय सुरक्षा-परम की वगदाताओं के अध्यक्ष है।
10	कुएँ से जल लाया हूँ, इसलिए वह शुद्ध ही है।	मेरे द्वारा कुएँ से पानी लाए है, इसीलिए वो शुद्ध ही है।
4	क्या मुझ पर गुरु की कृपा नहीं है?	क्या मुझमें गुरु और गुरु की भी बात नहीं है?
12	आठ भी बटेर खोलेंगे, अप्रैल तक हिमाचल में हंस फाउंडेशन संस्थान का कुल बटेर होगा।	आठ महीने भी विषय खोलेंगे, अप्रैल तक हिमाचल में हंस फाउंडेशन संस्थान का कुल: संस्थान के कुल को माता को माताएं मिलेगी।
10	अध्ययन के बिना स्वान्तःकरण की अज्ञानता, अन्धकारत्व को कभी नहीं समाप्त करना चाहिए ।	बिना अध्ययन अपनेान्त की ही भाव है, अंधे अथवा कभी कभी नहीं करना चाहिए।
1	राजा का कर	भाग
3	यह ऐतिहासिक वृद्धि है।	यह ऐतिहासिक वृद्धि है।
4	भगवान् धन्वन्तरिने उनसे कहा कि तुम्हारा आगमन बहुत श्रेष्ठ है	उसका अनुकरण भगवान क. स्वागत वर करो
9	पुत्री – नहीं पिताजी ! आज तो रविवार है।	पुत्री – नहीं पिताजी ! आज तो रविवार है ।
20	उन्होंने कहा कि अगर कांग्रेस सरकार द्वारा इस संकुल के निर्माण को मुख्य रूप से शामिल किया जाए तो इस संकुल का उद्घाटन बहुत पहले होगा।	उन्होंने कहा कि अगर कांग्रेस सरकार ने इस चट्टान का निर्माण पूरा करने के लिए प्राथमिक रूप से शामिल किया है तो इसके ज्ही को बहुत वर्ष तक खास दिया जाएगा।
9	इस यात्रा में मुख्यमंत्री के साथ सरकार के प्रमुख अधिकारी भी आएँगे।	इस घूमने के दौरान मुख्यमंत्री के साथ सरकार के शीर्षा अधिकारियों को भी उपस्थित होंगे।
7	5 तीव्रता दी गई है। किसी जानमाल के नुकसान की सूचना नहीं है.	दिल्ली में 5 तीव्रता अनुभूति हुई है। लापता नहीं है.
7	उस बालक को देख वह कैसे दौड़ता है।	उस बच्चे को देख कर वह गुस्सा कर रहा है ।
4	शानचन्द प्रेम से उत्तर देता है।	शानचन्द प्रेम से उत्तर देता है।
4	वर्ष में पद्मभूषण से सम्मानित था।	वर्ष पद्म आभूषण से सम्मान किया गया था।
8	ऋतु नेगी ने आज सब युनियों को प्रेरणा दी।	मौसम की सड़क आज सबे-यहस द्वारा यचाई हुई है।
10	वह सुनकर क्रोधित कछुआ बोला- “क्या मैं मुर्ख हूँ? उत्तर नहीं दूँगा।	यह सुनकर क्रोधित कछुआ बोला- तुम दोनों मूर्ख से मूर्ख क्या नहीं दूँगा?
5	वहाँ दो छोटे बच्चे नानायातना से पीडित थे।	वहाँ दोनों छोटी-बड़ी में अनेक प्रकार की दु से पीड़ित थे।
6	जब बैठक होती है तब युवतियाँ आते हैं।	जब सेठ होती है तब युवतियाँ आते हैं।
6	भ्रष्टाचार के कारण राजकोष में एक करोड़ से अधिक रुपये का नुकसान हुआ।	भ्रष्टाचार के कारण राजकोई न होने पर 1, करोड़ रुपये से अधिक-एक करोड़ रुपये की हानि हुई थी।
1	गांव को	गांव को
12	जैसे सब ओर से परिपूर्ण अचल प्रतिष्ठा वाले समुद्र में (अनेक नदियों के) जल (उसे विचलित किये बिना) समा जाते हैं? वैसे ही जिस पुरुष के प्रति कामनाओं के विषय उसमें (विकार उत्पन्न किये बिना) समा जाते हैं? वह पुरुष शान्ति प्राप्त करता है? न कि भोगों की कामना करने वाला पुरुष।।	नई आपदाओं से उत्पन्न समुद्र को ही समुद्र में प्रवेश करती है और जो युद्ध में निष्पाप होता है। वह शान्ति को प्राप्त नहीं होता, जो न जाओ। वह न पूर्ण होकर आनन्दित होता है।
9	वैभव – अरे परमिन्दर्! क्या तुम भी बिजली के अभाव से पीड़ित होकर बाहर आ गए हो?	वैभव – अरे पर तो परमिन्दर् ! और भी तुम भी बिजली से पीड़ित हो। क्योंकि अरे मन में बहुत होता है?
8	इस में महिला, यून, किसान, और निर्धन परिवार शामिल हैं।	इस महिलाएँ, यून, किसान, निर्धन- परिवार भी शामिल हैं।
4	पहले मेरा काम पूरा करिये	पहले मेरा काम पूरा करें
1	डालियाँ	टहनियाँ
8	इंदौर में एक के साथ बात करनी थी ।	इंदौर में एक के साथ बात करनी थी ।
6	बच्चे के साथ बगीचे भी कार से जाते हैं।	बालक के साथ उद्यान भी कार से जा रहे हैं।
1	नहीं	नहीं
4	थोड़ा योगाभ्यास भी करिये।	थोड़ी अभ्यास भी करें।
5	अनुचित कर्म का फल अनुचित ही होता है।	अनुचित कर्म का फल कहा गया है।
22	विषाद से पीड़ित अर्जुन को देखकर श्रीकृष्ण कहते हैं कि- हे अर्जुन ! इस युद्ध में तुम जो कुछ भी देख रहे हो, वह सब निश्चित ही है तुम केवल क्षत्रिय धर्म का अनुसरण करो।	विषाद से पता चला , श्रीकृष्ण को कहते हैं कि- हे अर्जुन ! इस युद्ध में तुम जो कुछ निश्चित है, वह केवल इस का दूसरे धर्म का अनुसरण करो।
5	हंस बोले- “ यह उपाय हो सकता है |	हंस ने कहा- तुम दोनों का उपाय हूँ।
8	द्वारकाधीश होकर भी जो गौओंके चरानेवाले हैं तथा राजराजेश्वर होते हुए भी जो पार्थके सारथी बने हैं [उन अद्भुतकर्मा] परमेश्वर भगवान्को नमस्कार है ॥	श्री राम के लिये गाजर और अन्य चार को नमस्कार है। राजकुमारों की पूजा करने वाले को नमस्कार है। राजा दशरथ को नमस्कार है ॥
6	एक विदेशी भारत के एक घर में जाता हैं ।	एक विदेशी भारत के एक घर में जाता है ।
6	आप उस दिन क्यूँ नही आये?	उस दिन आप क्यों नहीं आए ?
9	कीचड़ के मरने की खबर सुनकर उसने विराट से शोक करने का सोचा।	की ओर की मृत्यु का समाचार सुनकर वह नवटा से एक प्रतिशत करने के लिये सोचने लगा।
1	गड्डा।	गाड़ी
6	वृद्ध बालों के लिए प्रेतकार्य नहीं करते थे।	वृद्ध बालकों के प्रेम से की जाने नहीं करते थे।
1	फिर से	सुशोभित होना
9	प्रशासन का परिस्थितिजन्य संबंध-ग्रेटा ने मामले पर अनसुलझी सुनवाई के खिलाफ काउंटी अदालत में याचिका दायर की।	प्रशासन के परिस्थित पर निर्यात-इस विषय पर निरिदानन्द अधिकारियों ने जिला में स्थान हासिल किया।
10	विद्वान कहते हैं की शिक्षा, व्याकरण, छन्द, निरुक्त, ज्योतिष, कल्प वेदों के छः अंग होते है।	शिक्षा व्याकरण छन्द को छिलो की तथा खूब पीछा है। ये कोई वेदना छन्द को नहीं जानते हैं। कल्पना करते हैं ।
9	ये दिलचस्प खबरें हैं-विपक्ष के नियमों का पालन कर रहे हित समाचार संगठन, सोशल मीडिया और यूजर्स पर लगेगा जुर्माना.	ये व्याकरण बात-अडर-बताया गया है कि व्याज संस्थानों, सामाजिक अध्यक्षों का उपवास होगा।
5	उनके विमान को राइट ब्रदर्स ने खरीद लिया।	उसके विमान को राकाकरण के भाई खरीद गए।
39	नई दिल्ली में श्रम कार्य में युव महिलाओं के साथ आयोजित एक राष्ट्रीय सलाह-समूह को संबोधित करती हुई आहू महिला-व्यवसाय में नवीनतम और अधिक श्रम-व्यवसाय सर्वेक्षण की रिपोर्ट के उपलेप के साथ-साथ कहा कि जैसे-जैसे देश की जनसंख्या बढ़ती है, भारत में भी प्रतिद्वन्द्वी, प्रेरित किया गया, और परिश्रम को करने वाली महिलाओं की कार्यबल को बढ़ाना आवश्यक है-	नई दिल्ली में मजदूर के अनुसार युवा महिलाओं को समानता से बढ़ाया गया, और भारत की ओर से सलाहकार महिला-कार्य-कार्यों में नई में से एक नई सर्वेक्षण हुई है-कार्य का विवरण बढ़ रहे हैं, और भारत की जन समुदाय की में की में लीनता बढ़ रही है।
10	उसके बाद तो सरकार से अनुदान मिलने की जो आशा थी, वह भी धूल में मिल गयी।	उसने समिति द्वारा प्रस्तुत की रिपोर्ट में देवपुर में स्वयं मर्मान्त का प्रहार किया।
8	एक मिनट की भी देरी होती तो मैं निकल जाता ।	एक मिनट भी देर हो गया तो मैं गया।
3	तीस वर्षों से पढ़ा रहा है ।	तीस वर्षों से पढ़ा रहा है ।
14	विभाग ने सिवान नगर में, छपारा नगर में, गोपालगंज नगर में, मोतिहारी नगर में, बेतिया नगर में, वैशाली नगर में, मुजफ्फरपुर ने शीत लहर के बारे में अलर्ट जारी किया है।	विभाग द्वारा शहर में, छंद नगर में, गोपाल जैसे कैंग शहर में, मोतिहारी में, बेतिज शहर में, ठंडाफ में, ठंड में लीनफ का खतरा है।
2	तुम सब खाते हो।	तुम सब खाती हो।
6	वहीं तेलंगाना राज्य में कांग्रेस ने विजय पाई।	वहीं तेलङ्गाना राज्य में कांग्रेस कांग्रेस टीम जीत हासिल हुई.
17	संसद में भी, विधानसभा में महिलाओं के आरक्षण के बारे में विधेयक को कई वर्षों से लटकाये जाने के कारण श्री मोदी ने दो  ⁇ oalitions पर आलोचना की।	संस में, विधानसभा में महिलाओं की इन सहमति के बारे में विधेयक तक लू वर्ष तक लापता नहीं है।
15	यदि पशु मुक्त हो जाए तो इस चीत्कार से मालिक, गाँव और टुकड़े का नाम भी ज्ञात होगा।	यदि पशु मुक्त हो जाता है तो इससे चिप्सी से स्वामी, गाँव का, टुकड़े का नाम पता कर जाएगा।
10	महापौर के लिए भाजपा ने कुल मिलाकर वोट लिया, बीजेपी को मार गया.	महापौर के लिए भाजपा ने मुझे माह से और अन्य लोगों को भी नहीं मिला।
7	बुधवार को सेंसेक्स कमता के साथ खोला गया	बुधवार को सेंसेक्स कमी के साथ खोला गया।
1	बैल	घड़ा
6	रात साढ़े तीन बजे दो चोर घर में घुसे।	रात में दोपहर 3.30 बजे दो को घर में घुस गया
16	वर्गाधिकारी आईआईटी रूडकी से सेवानिवृत्त प्रोफेसर दिनेश कुमार ने यह आग्रह किया कि संस्कृत एक व्यवहारिक भाषा हो।	वर्गा अधिकारी आई आई टीसी को सेवानिवृत्त प्रो. दिनेश कुमार को संस्कृत व्यवहार में संस्कृत व्यवहारक भाषा कहा गया है।
3	उन्होंने भयंकर कष्टों को सहन किया।	वे डरे हुए असले को असह से बनाये हुए असग से के समान बनाये ॥
14	कार्यक्रम में निर्देशक विकास जायसवाल, निर्देशिका जगदम्बा जायसवाल ने बच्चों को उपहार भी दिया।	कार्यक्रम में निर्देशक विकास जायसवाल, निर्देशिका जगदक सिंह और बच्चों के लिए उपहार भी दिया गया।
10	उसके बाद तो सरकार से अनुदान मिलने की जो आशा थी, वह भी धूल में मिल गयी।	उसने समिति द्वारा प्रस्तुत की रिपोर्ट में देवपुर में स्वयं मर्मान्त का प्रहार किया।
8	! हे राम फेंकने पर वह सिर वहाँ से एक योजन दूर मुनियों के आश्रममण्डल में मतङ्ग ऋषि के आश्रम के पास आकर गिरा ॥	हे राम! यह सुनकर उस समय श्री राम के आश्रम में रहने वाले आश्रम के आश्रम में श्री राम के आश्रम में ही रहने वाले आश्रम में ही रहने वाले आश्रम में ही रहने वाले आश्रम के समान वह श्री रामचन्द्रजी के आश्रम में पहुंच कर उनके आश्रम में ही रहे ॥
13	हे अनन्तसार्मथ्य वाले भगवन्! आपके लिए अग्रत: और पृष्ठत: नमस्कार है, हे सर्वात्मन्! आपको सब ओर से नमस्कार है। आप अमित विक्रमशाली हैं और आप सबको व्याप्त किये हुए हैं, इससे आप सर्वरूप हैं।।	हे सब नचिकेता ! जो सब कुछ ही नमस्कार है, वही सब भूतों में सर्व के कार्य को प्राप्त करके तुम सब सम्पूर्ण लोकों को, समभाव में तथा सभी के प्रिय (अराकरण) को ही वह सब कुछ जानता हूँ।।
11	हे राम! ऐसा होने पर मुझे असत्य भी नहीं छू सकेगा। यह कहकर राजा दशरथ दुःखी होकर विलाप करने लगे ॥	तत्पश्चात् चेष्टाकी अनपढ़ानेवाला मुझे दुःख नहीं देता और मैं यह दुःख दूर नहीं कर रहा हूँ ॥
2	जहाँ कहीं भी	कहीं भी कहीं भी
11	समाज को दिशा देने के लिए बर्थवाल ने चारों ज्ञान शरण लेने के बाद कहा कि वह गुणहीन को सच कर सकता है।	उन्होंने कहा, यह मेरा दिन बताने के लिए चार ज्ञानकार करके चारों मार्ग को प्राप्त करना है।
6	कल उस पहरेदार ने चोर को बहुत मारा	डम उस द्वार से च को चोर बहुत ही ताड़न ने बहुत पीछा किया।
10	राज्य में प्राकृतिक विपत्ति से पाठ लेकर सरकार इस विषय में योजना बनाती है।	राज्य में सरकार प्रवेश से पाठ लेकर सरकार इस विषय पर योजना तैयार करना चाहिए।
18	नरेंद्र मोदी के नेतृत्व में दसवीं वर्ष तक भारत को दुनिया का सर्वश्रेष्ठ देश बनाने का काम शुरू हो गया है, हम सभी के साथ मिलकर यह पूरा किया गया है।	नरेन्द्र मोदी मोदी ने इस वर्ष भारत विश्व की सर्व के सभी लिए देश को पूरा करने का काम किया है, हमें सभी मिलकर पूरा करना चाहिए।
5	केरल में पर्व का नाम बिशु है।	केरल में पर्व का नाम बिशु है।
22	केरल-केएसटीएएफ नेताओं ने कहा कि सरकार द्वारा आयोजित परीक्षा पर आधारित परीक्षा छात्रों के लिए बहुत फायदेमंद होगी।	केरल- सरकार ने आयोमा के परीक्षा की परीक्षा के रूप में है यह परीक्षा के माध्यम से सरकार को बहुत से सींचना एक खत की बातों से ले जाया गया है।
4	हम दोनों कार्यकर्ता हैं।	हम दोनों कार्यकर्ता अपने हैं।
5	बिना देर किए तेल ईंधन-और वितरण केंद्र बंद हो गया.	बिना देर किए तेल के तेल-नारण केंद्र बंद करके चॉक का निधन हो गया।
9	एक बार श्रीकण्ठ उसके साथ सवेरे नौ बजे उसके घर गया।	एक समय श्री हरि उसके साथ प्रलय उसका घर गया।
10	भगवान ने नारद से कहा - नारद, पृथ्वी पर मेरा एक परम भक्त है	भगवान् नारद बोला- हम नारद! भूत! भूत का एक परेश भक्त है।
18	जयराम ठाकुर ने कहा कि माफिया का इस प्रकार का शक्तिशालिनी होना न वर्तमान के लिए हितकारी है और न राज्य के भविष्य के लिए हितकारी है।	जयराम ठाकुर ने कहा कि माफिया का और शक्तिशालिन के लिए वर्तमान राज्य के भविष्य के लिए हितकारी होता है।
8	उन्हें भारतीय ओलंपिक संघ के नेतृत्व के लिए निर्विरोध चुना गया।	वह भारतीय ओलिम्पिक संघ के नेताओं ने प्रतियोग की सूचना दी।
6	सदा सच बोलो, झूठ नहीं ।	हमेशा सच चाहिये, झूठ बोलो ।
6	यह भगवान शेष का अवतार है ऐसा मान्यता है।	यह भगवान् की शेष है कि यह खबर का शेष है कि यह सच का शेष है।
1	निर्धारित कर	विघ्नरूप समान रूप से
7	सौ लीटर-गोपथ औरब्राह्मण में पुराण काल्लेख उपलब्ध है, जिसकी लोकप्रियता का अनुमान किया जा रहा है।	सैकड़ों पथ की उत्पत्ति,ब्राह्मण और पुराण की पुराण में पुराण की वह |
5	और उष्ण तथा शीतकी अधिकतासे आग्नेय तथा सौम्य द्विविधात्मक जगत् है ॥	जब दुर्जनों की भीखश न करके वह दूसरा ही खाये हो तो उससे तुझे पड है ॥
9	इसके लिए उत्तर प्रदेश प्रशासन इस दिशा में कार्यों में सफल रहता है।	इसके लिए उत्तर प्रदेश प्रशासन इस दिशा में कार्य अच्छी तरह से आचरण करती है।
4	सभी वैसे ही हो गए।	सभी वैसे ही हो गए ।
1	कोड़ा	चाबुक
27	इस प्रधानमंत्री कार्यक्रम में पश्चिम बंगाल के राज्यपाल डॉसी.वी. आनंद बोस राज्य विधानसभा में विपक्षी नेता सुवेनदु, अधिकारी राज्य मंत्री शान्तनु ठाकुर, सांसद जगन्नाथ सरकार भारतीय जनता पार्टी के राज्य अध्यक्ष सुकांतो और मजूमदार उपस्थित थे।	इस कार्यक्रम में पश्चिमबगा के राज्यपाल डॉ. सी.वी. आनन्द बोस राज्य- विधानसभा में विपक्षी नेता सुवेल्घन्-अ अधिकारी राज्य मंत्री शान्ति ठाकुर और राज-सतंद सरस्वती और भारतीय जनता पार्टी के राज्याभित- से उपस्थित थे।
3	जनजीवन अस्तव्यस्त हो गया है।	जन जीवन अस्तव्यस्त हो गया है।
6	वे छात्र फिर से लिखते हैं तब	वे छात्र फिर से लिखते हैं तब ....
9	वेद, स्मृति, सदाचार और अपनी आत्माको प्रिय लगनेवाला यह चार प्रकारका धर्मका साक्षात् लक्षण कहा गया है	इस वेद में स्मृति की स्तुति सदा ही अपने प्रिय हैं, इनको 'रामत्' कहते हैं, यह निश्चय करके अपना लक्ष्य हासिल करना चाहिये।
6	अनेक बार मुगल राजा महाराणा प्रताप से पराजित हुए।	अनेक बार मुगलराज अब महाराणा प्रताप से हार गए।
10	सब धर्मों का परित्याग करके तुम एक मेरी ही शरण में आओ, मैं तुम्हें समस्त पापों से मुक्त कर दूँगा, तुम शोक मत करो।।	मैं सभी धर्मों को त्यागकर मेरे पास आओ, मैं तुम्हारा शरण हूँ। मैं तुम्हें सर्व है और मोक्ष (सत्यम्) ही आऊँगा।।
9	बाज की छाल के चूर्ण से (जल्दी से) बाज की छाल को चूर्ण कर लेना चाहिये । इस चूर्ण को चूर्ण कर देना चाहिये । इस चूर्ण को चूर्ण कर देना चाहिये । इस चूर्ण को चूर्ण कर देना चाहिये । चूर्ण कर देना चाहिये ।	हनुमान के लिए आनन्ददायक सुषेण ने उसके सभी फुटबॉल उत्कीक को ग्रहण किया।
4	विशाल शिव मन्दिर कहाँ है ?	विशाल शिव कहाँ से कहाँ है?
1	गरुड़	लालच करो
11	बेटे ! दुकान जाकर नमक, चीनी, चावल, गुड़ और दाल लाना।	बेटा ! बाज़ार जाकर नमक, शर्करा, वह इण्डु और गुड को दोहराया।
3	गायें बन में चरा।	गाजर से बनाओ।
8	श्रम थकावट ग्लानि (दुःख) प्यास शीत (जाड़ा) उष्णता (गर्मी) आदि सहने की शक्ति व्यायाम से ही आती है और परम आरोग्य अर्थात् स्वास्थ्य की प्राप्ति भी व्यायाम से ही होती है ।	इस कारण से दुःख, विभाव, अचल, सहिजन तथा अन्य व्यावसायिक तथा अगोगुण की नहीं है । ॥
4	अभिषेकमनुशवी कांगग्रेस के राष्ट्रीय प्रवक्ता हैं।	अभिषेकसिंहसिंह की राष्ट्रीय प्रवक्ता हैं।
22	मंगलवार तक, चंपा जिले के पांगड़ी जनजातीय क्षेत्र में निरन्तर बर्फबारी के बाद, लगभग 6 इञ्च में नया हिमपात हुआ है। इस कारण, क्षेत्र में भारी बर्फबारी चल रही है।	मंगलवार रात जब तक चम्बा जिले के पागल क्षेत्र में लगातार बर्फबारी के बाद उपचुनाव की संख्या में लगभग 6 इक्कीस तारीख तक नयाचने चल रही है।
3	पुण्य कर्मों से व्यक्ति पुण्यलोक को प्राप्त करता है।	पुण्य कर्मों से (व्यक्ति) स्वर्ग (पुण्यलोक) को प्राप्त करता है।
9	महानिरीक्षक प्रज्ञता (आईजी इंटेलिजेंस) संतोष पिलायाल अधिकारी परिषद के अध्यक्ष नियुक्त हैं।	महररीक्षक प्रज्ञता ने इंदिरा इंटेलिजिया अधिकारी नियुक्त किया है।
5	कल वह बहुत उग्र हो गया था।	कल वह बहुत उग्र शर हो गया।
7	उपवास के समय भी वह काम तो करेगा ही।	उपवासकाल में भी वह काम तो करेगा ही।
3	उचित शब्दों से रिक्त स्थानों को भरो	उचित शब्दों से खाली स्थानों की पूर्ति करो
4	रास्ते में भी संस्कृत सम्वाद होता है।	रास्ते में भी संस्कृत सम्रा होता है।
11	केंद्रीय सरकार की, राज्य सरकार के केन्द्र शासित प्रदेशों के विभिन्न विभागों में इन लोगों को नियुक्त किया जा रहा है.	केंद्र सरकार, राज्य सरकार के केंद्र सरकारों और विभागों के विभिन्न विभागों में एएनए गए हैं।
3	वृक्ष के ऊपर पक्षी शब्द करते हैं।	वृक्ष पर पक्षी कूजते हैं
10	व्याकरण एक कठिन विषय है फिर भी उनके व्याख्यान में पतञ्जलिना की शैली संवादात्मक थी।	व्याकरणशास्त्र को विषय पर उनकी इस वेब में गिरफ्तार किया गया था, अब खतरे में डाले गए हैं।
7	पर्वत से समतल तक के क्षेत्र तीव्र ठंड के ग्रहण में होते हैं।	पर्वत से समतल तक क्षेत्रएं तीव्र होती हैं।
5	इसके लिए जागरूकता अभियान की भी आवश्यकता है।	यह दो महिलाएँ अभियान की भी आवश्यकता है।
4	छात्र कहाँ प्रवेश करता है ?	छात्र कहाँ प्रवेश करते हैं ?
6	हाथ के छू से तुम लग गई हैं, अब यह दृश्य और भी सुप्यता हो रहा है।	हाथ से जल्दी छूटकर छूट जाते है, अच्छा काम दिख रहा है।
8	राजा बोला- हे मनुष्य तुम नहीं जानते मैं कौन हूं।	राजा बोला - पुरुष, नहीं जानते हो , मैं कौन हूँ?
1	तीन	त्रितह
4	मूत्रके क्षयमें वस्तिस्थान में दरद ( पीडा) और अल्प सूत्र हो ॥	वे सूत्रोंमें से एक-दूसरेका और बँधखवाले (लेकरहां) हो जाता है ॥
8	लोक की प्रसिद्धि के लिए इस व्याकरण शास्त्र द्वारा शब्द का प्रयोग किया जाता है।	लोकप्रसिद्धार्थ से शाला प्रलयकाल में धर्मशास्त्र का पालन किया जाता है।''
8	उसके कारण उस पर रसायन का प्रभाव नहीं रहता है	उसके द्वारा रस का प्रभाव उसका शरीर उसका शरीर पर नहीं होता है ।
1	वह सुनकर	उसकी बात सुनकर
3	इन्द्रगोप ( वीरबहूटी ) मण्डूक आदि तथा अनेक पार्थिव कृमिआदि उद्भिज कहलाते हैं ॥	इन्द्रियाँ तथा स्तुतिसे उत्पन्न होनेवाले गरुड़, इन्द्र आदि इन्द्र आदि को आपस में डूबते हुए देखकर इन्द्रने ॥
9	"वैसा ही है, कोई फर्क नहीं", ऐसा वह जवाब में बोला ।	"तहाँ है, नहीं। नहीं विशेष है। यह सच है।
10	मुख्यमंत्री ने कहा कि जो सरकार से प्रश्न करते हैं वे कृष्णोपनेत्र पहनते हैं।	जो सरकार से प्रश्न करते हैं वे कृष्ण को प्रश्न पहनते हैं।
14	विदेश में विद्या ही मनुष्य की सच्ची मित्र होती है, घर में अच्छे स्वभाव वाली और गुणवती पत्नी ही मनुष्य की सबसे अच्छी मित्र होती है। रोगी व्यक्ति की मित्र दवाई है और जो मनुष्य मर चुका है उसका धर्म-कर्म ही उसका मित्र होता है।	परदेशमें विद्या मित्र है, घरमें पत्नीका मित्र है, घरमें ही धन मित्र है और धर्म मित्र है
21	सज्जनोंकी संगति पुरुषोंके लिये दोनों लोकोंमें शुभकी प्राप्ति करानेवाली है, दु:ख-दलनमें दक्ष है, भला वह कौन-सा निर्मल फल नहीं दे सकती ? वह चित्तकी तृष्णा और मदको शान्त कर देती है, ज्ञानका आविर्भाव करती है, नीतिको जन्म देती है, विपत्तिका क्षय और सम्पत्तिका संचय करती है ॥	हे प्रभो! यदि कुण्डल को बिना विचारे ही धारण करता है, तबतक वह सुखपूर्वक है, हर लिया जाता है, हर लिया अथवा लोक को दुःखित करती है। जो लोक सेवाएं अथवा लोक ही सकता है। एक दूसरे को दुःख देने वाले प्राप्त होते हैं। जो प्राणी अपने और विघ्नता को प्राप्त नहीं होते, वे ही परमग्न होकर शांत करती है । इसके अतिरिक्त और वेगें वनस्पति ही जाती है।
1	बिना	बिना
9	यात्रा के शुरू होने के बाद उज्जवल योजना के साथ-चारो तरफ नए अनुभव प्राप्त किये गये।	यात्रा के शुरू होने के बाद उज्ज्वला योजना में साथ एक हजार नए- और-वह प्राप्त हुए।
7	नालीयों और तालाबों की छते में इमारतें नष्ट हो गईं।	नाली के ऊन और उपनदों के तटपर समान नजरजन हुए।
4	वह भारतीय युवक है।	वह भारतीय युवक है ।
9	आज तुम लोगों के साथ रमेश नहीं आयेगा ऐसा है न ?	आज तुम लोगों के साथ रमते नहीं हैं। इस प्रकार नहीं ?
4	पुत्र – बस यूँ ही ।	पुत्र – ऐसा ही ।
16	निशाचर रावण तो वज्रह उस वृत्रासुर के समान रथ से भूमि पर गिर पड़ा, उसके हाथ से धनुष और बाण गिर गए।	निशाचर रावण ने तब वज्र से बँधकर के समान भूमि पर गिर पड़ा, उसका हाथ से धन पा गया, उसके हाथ से धन पाकर बाणों से बहल लगा दिया।
4	वह कहाँ जा रही है ?	वह कहाँ जा रही है ?
4	और ऊँचे वृक्षों (लकडियों) से रहित वनों को (तृप्त करके)	मूँठों (गौला और रबड़ से) कान के बीच कूटने लगा।
1	छोटी बुद्धि के उन लोगों के	नाशवान्
8	वह जो सेव बेचती है वो बहुत मीठे हैं।	वह जो सेव बेचती है वो बहुत मीठे हैं।
7	पुनः हिमाचल में उत्सव का मौसम बन गया है।	पुनः हिमाचल प्रदेश में उत्सव का ऋण वातावरण बना है ।
6	अर्जुन ने उन शरणा को रोकने में असमर्थ थे।	अर्जुन ने उन शरनों को भी नहीं किया।
18	करमुक्ति, सभी वर्गों के लिए मित्रपूर्ण, कुछ नई योजनाएँ, कैसे भी आश्चर्यजनक विवरण अब हर आयव्ययक का यही सार है ।	कर से, सभी वर्गों के लिए मैत्रीपूर्ण, और कुछ नई योजनाएँ लागू होंगी, कुछ आश्चर्यजनक विवरण है, इसलिए प्रत्येक आय और स्वास्थ्य की इस तरह का
4	एक बच्ची गणेशमंडप जाती है।	एक बच्ची ऋषमंडप जाती है।
4	चेक गणराज्य में दौड़ स्पर्धा चल रही है।	चेक गणराज्य में दौड़ प्रतियोगिता चल रही है।
13	यादव ने अपने सम्बोधन में कहा कि यह मंडप पर्यावरण की दृष्टि से भारत की प्रतिबद्धता का प्रतीक है।	यादव ने अपने संबंध में कहा कि यह जिले पर्यावरण पर्यावरण के दृष्टि से भारत की प्रतिबद्धता के प्रति भारत की प्रतिबद्धता का प्रतीक है।
7	जो निःसंकोच बोलता है वह ही सफल होता है ।	जो निःसंको बोलता है वही सफलता है।
9	श्रीफ्रांस की संख्या अंकीय-सार्वजनिक-समूह की संरचना-विषय पर गोल-मोटा-वह मन्त्रण सत्र में भी सम्मिलित होंगे।	श्री
4	गुणजी एक बकरी को दुहता है।	गुणजी एक अजित दुहता है।
3	छात्र उत्तर लिखेगा।	छात्र उत्तर लिखेंगे।
1	खराब	नाशवान्
1	शिष्य	छात्र
7	जो मेरे दोषों को दूर करते हैं वे मेरे गुरु हैं	जो मेरे दोषों को दूर करते हैं वे मेरे गुरु हैं
6	सुबह तीन बजे वह सोया।	प्रातः तीन बजे वह सोया।
11	मुख्यमंत्री सुखविंदर सिंह सुक्ख दो दिवसीय कार्यक्रम में दिल्ली के लिए शीर्ष नेताओं से बैठकर मुलाकात करेंगे।	मुख्यमंत्री सुखविंदर सिंह सुक्खू एक दिन के बाद दिल्ली के नेतृत्व में मिलकर कार्यक्रम में भाग लेंगे।
9	उन्होंने भी उस नाई की बांधकर मरने से बचे हुए क्षपणकों के साथ न्यायालय में ले आए।	जिस प्रकार अन्य नाई को भी कम करने में समर्थ हुआ।
6	नामों ने भी गोलियां बजाने शुरू कर दी हैं।	नामित गोल के लिएातिक शुरू करने का प्रयास किया गया।
6	चिन्तपूर्ण मंदिर में लंगर प्रसाद के ऑनलाइन दर्शन सुविधाएं शुरू हो गई हैं।	चिन्ता से युक्त मंदिर में घूटी सहित ऑनलाइन-आरक्षण की सुविधा शुरू हो गई है।
3	बिल में हजार से अधिक चींटियाँ रहती हैं	बिले में हजार से अधिक चींटियाँ रहती हैं।
9	यह अरुणाचल राज्य से भारत में प्रवेश करता है और असम में और बांग्लादेश में फैलता है।	यह भारत को अरुणाचल से ही भारत प्रवेश करता है और असम में बाई जैसे को प्रवक्ता देश में बाकी देश में भी बहता है।
10	उन्होंने कहा कि राज्य सरकार दिसंबर को एक वर्ष पूर्ण करने की जा रही है.	उन्होंने कहा कि राज्य सरकार दिसंबर को एक वर्ष पूर्ण करने में जा रही है।
8	शनिवार सुबह हाड़ी समुदाय के कई लोगों को सचिवालय के मुख्य सचिव समिति में शामिल किया गया।	शनिवार को दोपहर 3टी समुदाय के बहुत से सचिवालय की मुख्य सचिव के रूप में कार्यरत थे।
9	इला – चिंता मत करिये भैया ! अब चित्र ले लीजिये।	इला – चिन्ता न करो भैया ! अब चित्र एक बार फिर से नाराजें।
4	मेरे द्वारा पुस्तक पढ़ी जानी चाहिये ।	मेरे द्वारा पुस्तक पढ़ा जाना चाहिए।
1	कवर	उत्पन्न किया था
8	जब वह हृदय के स्थान पर ही रहता है तब नामरूपी फल मिलते हैं।	जब वह हृदय स्थान पर ही रहता है तब नामित हो जाता है।
5	उसके पिता अस्वस्थ हैं।	उसका पिता बीमार है ।
3	यह मधुमक्खी निर्माण करती है।	जनक को सजा दी जाएगी।
4	सब मिलकर खाना खाते हैं।	सब मिलकर खाना खाते हैं।
10	उसी प्रकार वह षष्ठ हिंसक है, जो इस मांस को खाने के लिए परोसता है।	उसी प्रकार छठे हिंदी, जो तन्बी को खाता है उसका परशेय को खाता है।
3	ऐसा सुनकर अजीज सफल हुआ।	अजीज सफल था
3	वह वाशिंग मशीन चलाती है।	वह वाशिंग मशीन चलाती है।
1	देखो, ठहरो	देखते रहो
15	और उन्हीं बाबागुरूजी से पढ़कर, कवित्त्व की आकाङ्क्षा रखने वाले इस शतक का विधान (रचना) करने का, मेरा यह प्रयास है, क्योंकि मनुस्मृति में भी कहा गया है कि गुरुओं में बढ़ी हुई श्रद्धा, निश्चित रूप से फलवती होती है।	इसी प्रकार क्योंकि (हैग्य) तथा रालियों से (नदि) अपने समान बल वाले, श्रीनन्दनन्दनको नमस्कार है और न पृथ्वीसे ही बहनेवाले हैं, इनकी मैं तुम्हें आज ही अपने समान वर्णन करूँगा ॥
8	संस्कृत भारती के अखिल भारतीय सचिव पी.एसकार्यक्रम का उद्घाटन नंद कुमार करेंगे.	संकृत भारत के अखिल भारतीय सचिव पद पर नोट कुमार का उद्घाटन करेगा।
6	करतारपुर की स्थापना भी गुरुनानक जी ने ही की ।।	करतारपुर की स्थापना भी गुरुनानक ही की।
15	शाम को डॉ. राजीव बिन्दल ने कहा कि भारतीय जनता पार्टी के तीन प्रमुख राज्यों में बड़ी जीत ने देश भर में भाजपा का समर्थन किया।	बजे डॉ. राजीव बिंदल ने कहा कि भारतीय जनता पार्टी के तीन बड़े में बड़ीजयी विजयी है।
6	धन्यवाद पिताजी कल पैसा ले जाऊँगा ।	धन्यवाद पिताजी पिता को धन ले जाऊँगा।
4	तुम सब ने लौकी का हलुआ पकाया।	तुम सब लौटा हो।
13	रूस द्वारा यूक्रेन के साथ युद्ध छेड़ने के दो सौ दिन बाद पलटवार और जवाबी कार्रवाई की खबरें सामने आ रही हैं.	यूक्रेन के साथ युद्ध छेड़ने के दो सौ दिन बाद दिल्ली ने दिल्ली को लौटा दिया है।
1	ज़ेवर	रत्न
3	वे राष्ट्रगीत गाती हैं।	वे राष्ट्र।
5	इस मौके पर छात्रों ने भाग लिया।	इस अवसर पर छात्रों ने भाग लिया।
10	परन्तु तत्त्वज्ञानी पुरुष सभी रूपों में केवल तुम ही देखते है'यह अच्छा है।	परन्तु तत्त्वज्ञ पुरुष सभी रूपों में केवल रूप ही देखता है' यह शुभ है।
9	नंबर प्राप्त हुआ-श्रीलंका4 थ्रोइंग राउंड में 105 रन बनाकर आउट हुए।	प्राप्तम-श्रीलम को 1900 करके 45 रन बनाकर बाहर से बाहर किया गया।
3	श्रीहरिकोटा से भेजा गया।	श्रीहरिकोटा से भेजा गया।
4	हिमालय में वह यति को देखेगा।	हिमकेले से वह यंत्र देखेंगे।
8	कुछ दिन पहले अजय रेड का चित्रोतलन शुरू हुआ।	कुछ दिन पहले अजियाँ ने चित्रों का चित्रण शुरू किया।
3	नदी का नाम गङ्गा ।	नदी का नाम गङ्गा नाम है ।
22	हमीरपुर जिले के बिझड़ी क्षेत्र में आयोजित सरकार गांव के दरवाजे पर'' कार्यक्रम के तहत बातचीत के अवसर पर मुख्यमंत्री सुख- आश्रय-योजना के लाभार्थी ने इस कल्याणकारी योजना के लिए मुख्यमंत्री सुखविंदर सिंह सुक्ख ने आभार व्यक्त किया।	हमीरपुर जिले के बिझड़ी क्षेत्र में आयोजित सरकार के दरवाजे पर'', कार्यक्रम के तहत संवाद सुख- आश्रय- योजना के तहत मुख्यमंत्री सुखद योजना के मुख्यमंत्री ने इस योजना को इस योजना को आभार व्यक्त किया।
6	आभा – मेरे पास टार्च है।	लो – मेरे पास मेज़बिन है
8	राज्य सरकार लोकसेवा आयोग के माध्यम से 1243 पुलिस रक्षकों को नियुक्त करेगी।	राज्य सरकार लोक सेवा आयोग के माध्यम से 124 पुलिस अधिकारियों की नियुक्ति होगी।
4	उसके बाद उन्होंने भजन गाए।	बाद में उसने भजन गाए।
4	वह सुख प्राप्त करता है।	वह सुख प्राप्त करता है ।
1	बैठाया	राजपुत्रों की भी
4	वह माँ के पास जाता है।	वह माँ के पास जाता है।
9	जब 10 बजता है तब विद्यालय खुलता है।	जब 10 बजे होता है तब विद्यालय का उद्घाटन होता है।
5	उसने ननंद के साथ बात शुरू की	उसने ननद्राम से बात शुरू की
11	अनेक जन्मों के संचित ब्रह्महत्यादि समस्त पाप इसके पठनमात्र से 'निःसन्देह नष्ट हो जाते हैं, क्योंकि श्रीरामजी का ऐसा ही वचन है ॥	ब्रह्मत नहीं होते, पाप ही मुझे बहुत अधिक नहीं होता है। जिस प्रकार राम के वचन को नहीं सुनकर वह आपका वचन सुन कर वह मुझे क्या प्राप्त नहीं होते? ॥
1	कहा गया।	कहते हैं।
4	प्रतिभावान छात्र दिवंगत हो गए।	प्रतिभाव छात्र दिवंगत हुए।
6	महाराष्ट्र राज्य के सरकार के लिए प्रवास का अवसर-संस्कारिक व्यवहार मंत्री ने समाज कल्याण शिक्षा विभाग में कैबनेट के शिखर पर सम्मान भी किया।	देश राज्य सरकार में से में का लिए लिए थी-संस्कृत का व्यवहार पूर्व छात्र के शिक्षा विभाग में
9	ओह , इसीलिए मैं भी ठण्ड अनुभव कर रहा हूँ ।	अरे , मैं ही मैं भी ठण्ड अनुभव कर रहा हूँ ।
13	राज्य सरकार यह सुनिश्चित करती है कि राज्य के प्रत्येक वर्ग को इन योजनाओं से लाभ उठाना चाहिए।	राज्य सरकार यह सुनिश्चित कर रही है कि राज्य के प्रत्येक वर्गों को इन योजनाओं का लाभ प्राप्त करना चाहिए।
1	पेट	पेट
1	हटानेवाला	अपहरण होने वालों का।
7	मन्त्रियों ने हर्षवर्धन और जगत सिंहनगी का स्वागत किया।	मंत्रिमण्डल ने हर्षवर्धनन और जगसिंह को स्वागत किया।
11	हे कृष्ण ! बलपूर्वक हाथ झिटककर चले गये, इसमें क्या बड़ी बात हुई? आपकी वीरता तो मैं तब मानूँगा जब मेरे हृदयमेंसे चले जायँगे ।।	हाथ से अचानक कौन सी से कम हो सकता है? वह सभी को उसी प्रकार पढ़े जा सकता है। हे उसे क्या ? मैं तुम्हें अत्यन्त दूर ले गया हूँ, इससे तुम धृष्टहीसे हमलोगों को क्या करना चाहता हूँ?
4	लव – भगवान् सूर्य।	लव – भगवान् हजारों छिधों में डूबे हुए हैं।
9	हे पाण्डव! जो पुरुष मेरे लिए ही कर्म करने वाला है, और मुझे ही परम लक्ष्य मानता है, जो मेरा भक्त है तथा संगरहित है, जो भूतमात्र के प्रति निर्वैर है, वह मुझे प्राप्त होता है।।	हे निष्पाप । मुझे पढ़कर (परन्तु) मन से विभक्त कर दिया गया और क्षण भर में जो मुझे दिया गया है, वह सब को प्राप्त है।।
6	सभी बच्चे नीरव के बगीचे में खेलते हैं	सभी बच्चे नीरव के बगीचे में खेल रहे हैं
10	भ्रष्टाचार, सू की को पहले ही देशद्रोह और अन्य अपराधों के लिए 11 साल जेल की सजा सुनाई गई थी।	भ्रष्टाचार, देशद्रोहण्याद्यित और अन्य थैले से पहले ही थैले की जेल में की जेल में प्रतिबंधित थी।
1	पाँव	पैर
9	मन को हरने वाले फूलों को देखकर दुःखित मनुष्य का मन भी प्रसन्न हो जाता है।	मनोहारीणि को देखकर दुःख देखकर दुःख का मन भी प्रसन्न होता है।
5	उसके साथ आहुति बहन भी है।	उसके साथ आहुति बहन भी है
15	सूचना एवं प्रसारण मंत्री अनुराग सिंह ठाकुर ने कहा कि विकसित भारत-संकल्प यात्रा पिछले साल नवंबर में शुरू हुई थी।	सूचना इस प्रकार प्रसारण मंत्री अनुराग सिंह ठाकुर ने कहा कि विकसित भारत-सं का नया वर्ष नई वर्ष शुरू था।
4	डेढ़ सौ युवक हैं	साथ-साथ युवतियाँ हैं ।
6	प्रांत मंत्री गिरीश चंद्र तिवारी ने परिचयात्मक भाषण दिया।	प्रास्तिकों को संबोधित करते हुए गिरीश चंद्र पर गिरीश चंद्र जी ने किया
5	जो कल्याणकारी गुण हो, उन्हें हमें दीजिए	जो दोनों ने मन में प्राप्त किया है।
11	प्रधानमंत्री ने कहा कि इस समय सदन के कार्य में बड़े अवसर होंगे।	प्रधानमंत्री ने कहा कि इस समय सदन के कार्य के लिए बड़ी अवसर मिलेंगे।
10	किन्तु जरा देखो मेरा बुरा करने वाला यह चूहा सदा पात्र में रखे हुए भिक्षा के अन्न को उछल कर खा जाता है।	लेकिन देखो यह चूहा ममाई को हमेशा बर्तन में है क्योंकि भी पात्रता को उड़ा सकता है।
3	चूहे दौड़ते है |	चुह लोग दौड़ते हैं ।
5	क्या वह नहीं मानता ?	क्या वह नहीं मानता ?
5	आजीवन सबको मातृभाषा पसन्द आती है।	आजीविका सबको मातृ भाषाओं ही है।
1	प्रकृति	प्रकृति
1	विद्याधर	विचरण करते हैं
11	उन्होंने कहा कि नए प्रौद्योगिकी कारण से विकसितकर्ताओं के आह्वानों को रोकने के लिए हमें तैयार रहना चाहिए।	उन्होंने कहा कि नए प्रौद्योगिकी के कारण उत्पन्न करने वाले को हमें तैयारी के लिए हमें तैयार करना चाहिए।
16	जिन पक्षियों के बच्चे खाए जाते थे उनके द्वारा शोक से दुःखी होकर विलाप करते हुए इधर-उधर खोज शुरू की गई। इस बात को समझ कर वह बिलाव खोखर से निकल कर बाहर भाग गया। बाद में इधर-उधर खोजते हुए पक्षियों को वहीं वृक्ष की खोखर में बच्चों की हड्डियाँ प्राप्त हुई	जो लसी ने की शोक के बाद (उधु) में कारण प्राप्त किया गया था, वह सत्य ही हो गया, उसी प्रकार बिगाड़ जमीनील के साथ उस मार्ग पर बना हुआ, उसी समय बावुगिड़ा वह दोनों बेंतों तक चला गया।
9	हे राम ! सुदैव तुझ से युद्ध में कुम्भकर्ण गिर गया।	हे राम ! सुचा के युद्ध में होकर्णकर्ण को गिर गया।
5	बच्चों का गुरुकुल अलग है	बालकों का गुरु अलग अलग है।
8	इस द्वंद्वी की पत्नी जीजाबाई कठोर थीं।	इस द्वार पर पत्नी जी पत्नी बंडोरा थी।
3	अर्पित व्याख्यान सुनता है।	अर्पित व्याख्यान सुनता है।
3	विद्यालय के चौकीदार को निवेदन करती है।	विद्यालय के चौकीदार को निवेदन करती है।
5	आज निश्चित ही वर्षा होगी।	आज खुश वर्षा होगी ।
13	यह कर राम को गले लगाकर मुक्त कण्ठ से रुदन करने लगे। तदनन्तर राम ने हाथ में जल लेकर पिता के अश्रूजल को पोंछा छे ॥	इस प्रकार राम का आकन्तप कि भक्तिपूर्वक इसके लिये मुक्त हो गया और उनकी वह जल भी ले गया ॥
7	श्यामला इससे पहले संस्कृत कार्य करती थी ।	कालला पहले संस्कृत कार्य करते थे।
10	कहा जाता है कि रामचरण सिनेमा में सुहेल देव बरहज की राजपूत योद्धा की भूमिका पर दिखाई देता है।	कहा जाता है कि रामचरण ने फिल्म में सुहेलदेव नामक राजपूत की भूमिका में दिखाई देती है।
14	कौआ बोला- हे बालिका (लड़की)! मैं चाहता हूँ कि तुम हमेशा यहीं रहो परंतु तुम्हारी माँ अकेली है।	कौआ ने कहा- अरे बाल! मैं हमेशा यहीं रहता हूँ, परन्तु तुम हमेशा यहीं रहो, परन्तु तुम मुझे तो अकेला हैं।
9	नौ सदस्यीय परिस्थितियों वाले एक प्राधिकरण की नेतृत्व जिम्मेदारियाँ-पर्यावरणीय परिवर्तन-वन विभाग की कार्य पर्यवेक्षक सुप्रिया साहो हैं।	नई सहेडियों से बढ़े हुए नेतृत्व को एक-दूसरे के परिवार परिवार-वन विभाग द्वारा किया गया है।
15	कहा गया है कि अब बाथु-मातृस्थानक पंजाब के मेहनादल एसबी के साथ पाइप संयोजन के माध्यम से जोड़ने का काम पूरा हो जाएगा।	कहा गया है कि अब बाथु-माईस्थानक पंजाब के मेहदा
16	प्रधानमंत्री ने कहा कि चिंतायुक्त युवा बच्चों को प्रतिकूल परिस्थितियों में रह जाना चाहिए, क्योंकि मानसिक कष्ट जीवन के साथ जुड़ा हुआ है।	प्रधानमंत्री ने कहा कि चिन्तन की एक चिन्ता से युक्त सरकार- परिस्थली में समान है, क्योंकि इसके द्वारा मानसिक और अन्य को स्वीकार किया गया है।
40	सड़क दुर्घटना में यात्रियों और पर्यटकों का समय-समय पर आपातकालीन स्वास्थ्य सेवाएं प्रदान करने के लिए मुख्यमंत्री चंडीगढ़-माली राष्ट्रीय राजमार्ग पर घुमारवीं में नागरिक चिकित्सालय के लिए लालच श्री लाल बहादुर शास्त्री-राष्ट्रीय-स्वास्थ्य और कॉलेज के लिए परवाणु-शिमला-राष्ट्रीय राजमार्ग पर नागरिक चिकित्सालय और धर्मपुर के लिए, पठानकोट-मांडी राष्ट्रीय राजमार्ग पर नागरिक चिकित्सालय और पलामपुर के लिए चारों हमले-उन्होंने केंद्रों का सहयोग करने के लिए भी प्रार्थना की।	सड़क दुर्घटना में यात्रियों ने यात्रियों और पर्यटकों की परशाप में नागरिक चिकित्सा आयोग की अध्यक्षता में नागरिक चंडीगढ़- कोशगढ़- मनाली राष्ट्रीय राजमार्ग पर स्थित-लीन राष्ट्रीय राजमार्ग पंडर श्री लाल बहादुर शास्त्री- राजकीय-क
3	एक निर्धन बोला	एक निर्धन बोला
9	दौलतसिंह के अन्य तीन भाई और एक बहन थे।	दौलतसिंह के अन्य तीन भाई और एक बहन थे।
5	कल रात सम्मान समारोह हुआ।	कल रात का सम्मान समारोह हुआ।
7	मच्चित्त होकर तुम मेरी कृपा से समस्त कठिनाइयों (सर्वदुर्गाणि) को पार कर जाओगे; और यदि अहंकारवश (इस उपदेश को) नहीं सुनोगे, तो तुम नष्ट हो जाओगे।।	हे मधुसूदन ! मेरा शरीर अपने आप में स्थित तो वह चेष्टा ही करता है। इसके बाद तुम उनके लिये अकार करो, कहोगे।।
3	वह पहुँची।	वह प्राप्त की गई।
1	सूचित करती है	सूचित करना
10	क्षत्रिय श्रेष्ठ कोई राजा था। वह अपने श्रेष्ठ चरित से जगत देव बन गया। जिसे प्रजा अपना आराध्य मानती थी। वह राजा प्रजापालनादि कर्तव्यों से सभी लोकों में प्रसिद्ध हो गया। उसकी कीर्ति सभी लोकों में फैल गयी थी। उसकी कीर्ति का अतिशय वर्णन करते हुए कवि ने कहा कि उस राजा की कीर्ति रूपी कमल में आकाश भी भ्रमरवत् अन्तर्निहित है।	संसार में ऐसा संसार के समान है कि संसार में ऐसा संसार एक संसार में नहीं है। जिसके समान रेशमी वस्त्रों को दुःख देने वाला होता है।
4	राजा ब्राह्मण को धन देता है।	राजा ब्राह्मण को धन देता है।
3	वह गिर गई ।	वह गिर गई।
5	दे दो , मेरी गेंद दे दो ।	दे , मेरी गेंद दो ।
5	सभा में कई केंद्रीय मंत्री उपस्थित थे।	सभा में कई केंद्रीय मंत्री उपस्थित थे।
15	प्रत्येक उत्सव गाँव का और किसान का होता है। मेरी इच्छा है कि सुख और समृद्धि का निरन्तर प्रवाह हो।	प्रत्येक उत्सव का, किसान और किसान का होता है। मेरे इच्छा है जो सुख की लगातार लगातार हो सकती है।
10	ऐ कन्हैया हमें दौड़ते समय यहाँ गिर पड़े तो मैयाके हाथका सहारा लेनेके लिये रो रहे हो। क्या तुम पतितों का उद्धार करनेके समय उनके करुण क्रन्दनको देखकर अपनी इस दशाको याद नहीं करते। [जैसे तुम आज माताका सहारा चाहते हो पैसे ही दूसरे पतित भी तुम्हारा सहारा चाहते हैं]	हे नचिकेता! इस समय तुम यह पवा भी अपने रोने पर गिरने के लिये समय व्यतीत होने पर अथवा इस समय तुम भूमि पर गिर पड़ा ॥
10	भ्रष्टाचार, सू की को पहले ही देशद्रोह और अन्य अपराधों के लिए 11 साल जेल की सजा सुनाई गई थी।	भ्रष्टाचार, देशद्रोहण्याद्यित और अन्य थैले से पहले ही थैले की जेल में की जेल में प्रतिबंधित थी।
8	उन्होंने कहा कि राष्ट्रीय दूध विकास बोर्ड द्वारा परियोजना की सलाह दी जाने वाली सेवाएं प्रदान की जाएंगी।	उन्होंने कहा कि राष्ट्रीयदुदुस विकास परियोजना के परियोजना सेवाएं प्रदान होंगी।
9	अब तक हम घर में राष्ट्र ध्वज फहरा नहीं सकते थे।	अब तक हम घर पर राष्ट्रीय ध्वज को अच्छी तरह से नहीं सकते थे।
9	उस समय सभी पन्नों को लिखने का काम पन्ने के ऊपर हो रहा था।	उस समय सभीसी लिपिपिनसे हटरीक-ले प्रदेश के ऊपर होती थी।
8	उन्होंने कहा कि अयोध्या में भव्य राम मंदिर बन गया है।	उन्होंने कहा कि अयोध्या में भवनों का राम मंदिर बन गया है।
8	उन्होंने कहा कि द्विगुणित शक्ति के माध्यम से सरकार ने लोगों का जीवन सुलाया है।	उन्होंने कहा कि दो गुणों वाले शक्ति-शक्ति सरकार द्वारा लोगों का जीवन सुलभ हो गया है।
5	तुम अब कुशलपूर्वक है क्या?	तुम अब कुशल हो
6	वानी की दोनों टीमों के साथ समन्वय है।	भवानी के दोनों समूह के साथ जुड़ा है।
6	फिर भी तुम्हारा मनोरथ पूर्ण नहीं हुआ।	फिर भी तुम्हारा अभिला नहीं आया।
7	पराला से लौटकर मुख्यमंत्री ठियोग क्षेत्र की आलू बन गयी।	पराला से लौटकर मुख्यमंत्री ठियोग क्षेत्र की आलू-भूमि प्राप्त किया।
3	पासवर्ड मत भूलिये।	पासवर्ड मत भूलियेगा।
5	राजा दुष्टों को कल दण्ड देगा ।	राजा दुष्ट कल दरी पर दण्ड देगी।
8	राज्य सरकार ने अनाथ बालकों को''राज्य के बच्चे''एक दत्तक ग्रहण किया है.	राज्य सरकार ने अनाथ बच्चों का''राज्य के बच्चे' दिया है।
4	सारथी और बिल्ली को भी शेर ने मार डाला।	सारथी मातिमय को भी शरबड़ से नहला कर दिया।
7	मंदिरों में, धार्मिक कार्यक्रमों में, विभिन्न स्थानों पर शोभायात्रा भी हुई.	मन्दिरों में, धार्मिक कार्यक्रम, विभिन्न स्थानों पर शोभायात्रा और निकाला।
12	विभाग फरवरी तक चम्बा, कुल्लू, मंडी, लाहौल-स्पीति, किन्नौर आदि में बर्फबारी की याद दिलाया।	विभाग ने फरवरी तक चम्बा, कुल्लू, मंडी, लाहौल-स्ांड,.
5	इसके लिए मिशन का निर्माण भी विचार किया जा रहा है।	इसके लिए कृत्रिम उत्पन्न अपने को भी विचार किया जा रहा है।
22	श्री बलुनी ने कहा कि मानवों की व्यवस्था में हम कानूनी अधिकारों से बाधित हैं। हम मूलभूत हैं। उन्होंने कहा कि हम देश में जागते हैं और जागते हैं।	श्रीबल वानी ने कहा कि जनओं के तताधानों के साथ प्रतिबद्धता अधिकारियों के साथ प्रतिबद्ध है। उन्होंने कहा कि हम देश में जागते हैं।
8	12 लोग घायल हो गए. अभी तक किसी ने भी हमले की जिम्मेदारी नहीं ली है।	12 लोगों की मौत हो गई. हम पर जिम्मेदारी तक के किसी भी को स्वीकार नहीं किया।
1	कोण	कोण
10	रामचन्द्रजी को उनके इस निश्चय का पता चलने पर अति विस्मय हुआ और उन्होंने यह सोचकर कि में तो अयोध्या को लौटूंगा नहीं, ये व्यर्थ जंगल में क्लेश सहेंगे, सुमन्त्र को बुलाकर कहा "सुमन्त्र ! तुम रथ ले आओ हम अभी चलेंगे" ॥	हे राम! यदि तुम राम को ही जाना, तो मैं अत्यन्त कष्ट नहीं जाता हूँ। जिस प्रकार नगर में ये गरीब मैं चल रहा हूँ। क्योंकि मे राम के राजा के रूप में मैं राम के रूप में जाता हूँ।
15	सत्तारूढ़ भाजपा 68 विधानसभा क्षेत्रों पर काबिज है, विपक्षी कांग्रेस पार्टी, तीसरा, आम आदमी पार्टी और पार्टी चुनाव लड़ेगी.	68 विधानसभा चुनावों का अध्ययन करने के लिए शासनपक्ष के भाइयों के लिए पर्ची, विपक्ष के कोयल, तीसरे, तीसरे आद्कीनता खूबड रही थी।
18	परिष्कृत एवं प्रदूषण रहित वातावरण हमारे लिए सांसारिक सुख है, अच्छा विचार, यह सत्य संकल्प एवं शुभ सामग्री प्रदान करता है। प्रकृति के प्रकोप से घबराकर इंसान क्या कर सकता है?	उसी प्रकार मनुष्य को पर्यावरण ही मानने के लिए (एक (शुद्ध) करने वाली और संठित जीवन में, सहमति के समान, सत्यस संकल्प ( करेंगे) को छोड़कर (वह) (ब-अभिषधि) को ग्रहण कर ( विद्यार्थियों में) कभी नहीं छोड़ता। जलती और प्रलय के समान वह कार्य करना चाहिये।
2	वह बालिका है ।	वह बच्ची
4	अष्टाध्यायी ग्रन्थ में कितने अध्याय हैं?	अट्ठाईसवें ग्रन्थ में कितने में कितने अधूनों थे?
5	वे सभी संस्कृतगीत सुनना चाहते हैं।	वे सभी संस्कृत गीत सुनना चाहते हैं।
7	प्रधानमंत्री नरेंद्र मोदी ने राज्य के वाहनों को फैलाने की व्यवस्था की.	राज्य के पंजीकरण प्रधानमंत्री नरेंद्र मोदी ने सजीवी- प्रसारण की व्यवस्था की।
6	तब वैदिक संस्कृति का सब जगह चलन था।	तब वैदिक संस्कृति का सब जगह चलन था।
4	भगवान ब्रह्माजी ने देवों के साथ रंगपूजा की	भगवान् ब्रह्मा जी और देवताओं के द्वारा स्तुति की।
4	हमारे वीर सैनिक राष्ट्ररक्षा करते हैं।	हमारे वीर सैनिकों को राष्ट्र की रक्षा करते हैं।
5	जैसे पूरा हुआ्रीहै, पूरा हुआ्रीहै।	जैसे सम्पन्न होने पर भी मैने आयोजित की गई।
11	उन आनन्दाश्रुओं को ब्रह्माजी ने अपने हाथ में लेकर कुछ चिन्तन करने के पश्च्यात पृथ्वी पर डाल दिया। उनके पृथ्वी पर गिरते ही एक महाकपि उत्पन्न हुआ ॥	इस समय ब्रह्माजी को ब्रह्मा, काँप रहे और कुछ समय तक अपनी पुत्री के लिये गिर पड़ी। तब मैं यह जानों किलोग्राम में गिर गया और यह दोनोंों के लिए पड़ी हुई गिरानी थी ॥
7	बहुत से लोग केवल फल ही खा रहे थे।	बहुत से लोग केवल फल ही खाते थे।
11	महिला आयोग और महिला सुरक्षा संगठन के प्रतिबंध के बाद केरल सरकार ने महिला धन स्वतंत्रता अधिनियम में संशोधन के लिए एक अपरिहार्य कदम उठाने का फैसला किया है।	केरल आयोग की स्त्री पर विश्वास और श्री मोदी ने स्त्री का धन की संख्या की-बताया है कि सरकार ने केरल की राज मैं फैसला के लिए लागू किया है।
7	आप लोग विदेशियों की तरह वेष धारण किये हुए हैं।	आप सब विदेशीों के समान वेष धारण किये हैं।
10	और मेरी पूजा सत्कार के अनन्तर सुखपूर्वक बैठकर प्रसन्नचित होकर मुझसे बोले हे राजन् । एक गुप्त बात सुनो, यह आपका अभ्युदय करनेवाला है ॥	तदनन्तर राजा ने सुखपूर्वक सुने हुए राम का यह वचन सुनकर सुखपूर्वक सुने हुए वचन सुनकर उसे देखकर श्री राम की बात सुन कर वह निश्चयपूर्वक बोली ॥
16	मुख्य वक्ता के रूप में आए कुलदीप मैंदोला ने सबके प्रशिक्षण के लिए अपना जीवन राममय बनाने के लिये प्रेरित किया क्योंकि हमारी चिरपुरातन संस्कृति राममयी है।	मुख्य वक्ता के रूप में आए कुलदीप मैं कुलदीपाल को सभी प्रशिक्षक राममय के लिए अपने जीवन को करने के लिए प्रेरित किया, क्योंकि हमारे देर से ही हमारे देर तकरायी की आवश्यकता है।
10	मधुमास चैत्र शुक्लपक्ष नवमी तिथि कर्क लग्न में, पुनर्वसु नक्षत्र में जिस समय पाँच ग्रह उच्च राशि पर स्थित थे, सूर्य मेष राशि पर विद्यमान थे, उस समय परमात्मा सनातन जगन्नाथ का आविर्भाव हुआ। उस समय आकाश दिव्य पुष्पों की वर्षा से पूर्ण हो गया ॥	मधु में सनेत्र में एक दूसरे पक्ष में शुभ, मैनेत्र (खरे हुए), थाल में कनाउथ और पत्तों से एक संबंधी चंद्र में इससे निकलता है।
1	अधम मनुष्य।	मनुष्य
8	इस संबंध में मंगलवार को झारमा जरीिस्तान में घटनास्थल से आवश्यक साक्ष्य एकत्र किया गया।	इस संबंध में, झारमा में मंगलवार को हुए घटना के से आवश्यक घटनाओं को हासिल करने की कोशिश की गई।
2	हे रवि	हे मैं मुझे ।
6	आप उस दिन क्यूँ नही आये?	उस दिन आप क्यों नहीं आए ?
3	आप चतुर हैं ।	आप तो ।
9	लॉन्चर के सफल परीक्षण से इसके सभी उद्देश्य पूरे हो गए।	वाचन दिन के सफल परीक्षण से इस सभी उद्देश्य से हुए थे।
10	समस्त योगियों में जो भी श्रद्धावान् योगी मुझ में युक्त हुये अन्तरात्मा से (अर्थात् एकत्व भाव से मुझे भजता है, वह मुझे युक्ततम (सर्वश्रेष्ठ) मान्य है।।	हे योगि ! उस प्रकार से मेरा मन भी सत्य और अकारु मेरा भक्त मुझे सुनने के लिये जो मुझे ब्रह्मवेत्ता सहित मुझे प्राप्त होता है
11	भारत में हर जगह, विशेष रूप से बंगाल में हर वर्ष यह पूजा अच्छी तरह से चलती है।	भारत में सब जगह, विशेष स्थान पर हर जगह यह पूजा ठीक है शुभ है शुभ है।
7	महान् वीरता को प्रदान करने के लिए गुरुजी सेनापति से किसी प्रकार बाहर निकल गए।	बड़ी वीरता प्रदान की जाती है गुरु सेना से कहते हैं, और बाहर से प्राप्त हो गया।
3	आप विद्यालय जाईये।	आप विद्यालय जाईये।
5	आपकी तकिया नहीं जानते !!!	आपकी तकिया नहीं जानते !!!
3	कार्यालय के पात्र धोता है।	कार्यालय की बर्तन धोता है।
7	आती हूँ, चलें किसकी दुकान चलें ?	आता हूँ। किसके बाज़ार जाओ ? किस पर जा रहे हो ?
8	उस समय मैं उसके सामने बहुत दुःखी था।	उस पुरूष में ही मैंने दुखी होकर बोला मैं बोला।
1	भूत, भविष्य, वर्तमान सबको जानने वाला	दूर जाने वाला
3	वह अपनी सेल्फी देखता है।	वह अपनी सेल्फी देखता है।
7	वह यहाँ विधानसभा उपाध्यक्ष विनय कुमार की जगह खड़े होंगे.	वह यहाँ विधानसभा उपाध्यक्ष विनय कुमार के स्थान पर खड़े होंगे।
9	प्रधानमंत्री नरेंद्र मोदी की यात्रा का सहारा लेकर तिरुचिरापल्ली में मजबूत सुरक्षा व्यवस्था का निर्माण किया गया	प्रधानमंत्री नरेंद्र मोदी की यात्रा करते हुए तिरुचिरापल्ली में एक समारोह की-सा व्यवस्था की गई.
6	उन्होंने कहा कि देश के शहरों के द्वारा भारत जीता जा रहा है.	उन्होंने कहा कि देशवासियों से नई दिल्ली में दिख रहा है।
10	इस प्रकार के राज्यों के विकास में सहयोग करने के लिए आप सभी का दायित्व है।	ऐसे में राज्य के विकास में सह काम करने के लिये आप सभी को दिया गया है।
6	हम पावों से चलते हैं। मुंह से बोलते हैं।	हम दोनों पाच से चल रही हैं।
13	परन्तु वह वाणी, जिसके प्रत्येक श्लोककी रचना शिथिल ही क्यों न हो, मनुष्योंके पापोंको ध्वंस करनेवाली होती है, यदि उसमें भगवान् अनन्तके नाम यशसहित अंकित हों; क्योंकि साधुजन तो उन्हींको सुनते, गाते और बोलते हैं ॥	जो कोई भी व्यक्ति 'विद् अर्थात् जिस जो किसी भी स्थिति को दूर करने में समर्थ होते हैं, वे ही उसका यशस्वी और यशस्वी दोनों ही एक ही पुरुष हैं, गाय तो गायों को उत्तम बना देनेते हैं, ऐसे श्रीबाबागुरुजी भी (क्योंकि) इनको पाताल (फप से) बना जाते हैं |
9	और कहीं पर पति भी अपनी पत्नी के रूप में देवी का रूप धारण कर, सखियों के समान मानो।	और यहां पति से पति देवी का रूप धारण करते हैं और सहमति को मन से पढ़ता है।
14	उन्होंने कहा कि आपातकाल के दौरान हिमाचल प्रदेश में वही इमारतें नष्ट हो गईं जिनका संरचनात्मक विन्यास ठीक नहीं था।	उन्होंने कहा कि आपातकाल में हिमाचल प्रदेश में ही भवनों को एक समानता से नहीं था, जिनके संरचनात्मक नाई नहीं थे।
15	दर्शना – महोदया (मैडम)! आप काम के लिए गिरिजा जी (देवी) से पूछ रही थीं कृपया मेरी बेटी को मौका देकर आप उपकार करें।	दर्शना – हे महान! आप लोगों के लिए जल के लिए लोगों की संख्या में पूछता था।
6	उस भारतीय युवक के लिए हमेशा स्वस्ति की कामना।	उन्हें भारती तुम युवकों को हमेशा अपने कल्याण के लिए काम करना चाहिये।
5	फर्श का रंग भी सफेद है।	फर्श का रंग भी श्वांस है।
9	हे अनिन्दिते । पूर्वकाल में आप दशरथ जी सहित मेरी तपस्या कर मुझे पुत्र रूप में प्राप्त करने की इच्छा की थी। अतः इस समय प्रकट होकर मैंने आपके उस वरदान को पूर्ण किया है ॥	हे नन्दनन्दन! इस राजकुमार को गये। मैं उन दोनों से मुझे मारने के लिये मैने जोत रहा था, उससे मैं तपस्या के द्वारा प्राप्त किया है। ॥
6	मेरे घर पीतल की थाली है	मेरे घर पीतल की थाली है
6	मैं तो माँ के घर में हूँ ।	मैं तो माँ के घर हूँ ।
7	सर्वप्रथम मंगलादा ने नईविष्णु रेगमी ने संस्कृत कक्षा के नियमों का आनंद लिया।	सर्वादौना को लेकर नई कक्षाओं को संस्कृत कक्षा में लाने के लिए सुना।
4	नगर में रहनवाले दुष्ट लोग भी नगर ही में रहते हैं।	नगर में रहनवाले लोग भी नगर ही में रहते हैं।
4	शोध की मुख्य विषय है तत्संबंधी विकास की पूर्ण उत्कर्षण।	अनुसंधान के मुख्य विषय उसके लिए उसे बढ़ाना पूर्णास बात का पूर्ण की संख्या।
3	परिवार का मूल आधार पत्नी है।	धर्म के गार्ह पर बैठे हुए।
3	लव – उपनयन के उपदेश के कारण से।	लव – जनेई के उपदेश के कारण से।
1	इंद्रियों से अधिक	इन्द्रों के लिए
6	अनेकों के नाम हम नहीं हीं जानते हैं।	अनेक के नाम हम नहीं जानते हैं।
6	मैं कैसे बताऊँ कब है ?	मैं कैसे कहूं यह क्या कहूँ ?
6	यज्ञ के बाद देवराज भानु को पुस्तकें देता है।	यज्ञ के बाद देवराज भानु को पुस्तकें देता है।
6	आज किसी की बातचीत नहीं सुनी ।	आज किसी भी बात नहीं सुनाई है।
15	इस दौरान भारत के इस वर्ष के सर्वश्रेष्ठ इंटरनेशनल क्रिकेट खिलाड़ी पसंद आए, और दीपस्यार्मा ने सबसे अधिक चर्चा की।	इस दौरान भारत के वर्ष के सर्व हैर अंतरराष्ट्रीय क्रिकेट को चयनित किया गया, और दीप्तिगिल ने सबसे अधिक चर्चा की।
10	परन्तु तुम्हारे नौकर सदा सब जगह उपस्थित नहीं हो सकते।	लेकिन तुम्हारी नौकरानी और सदैव उपस्थित नहीं हो सकते हैं।
1	हमेशा ही।	सदैव।
1	पतिव्रता	एक आकांक्षी साधनों
15	समस्त आसक्तियोंको दूर करनेवाला सत्संग जिस प्रकार मुझे वशीभूत करता है वैसा न योग, न सांख्य, न धर्म, न स्वाध्याय, न तप, न त्याग, न इष्टापूर्त, न दक्षिणा, न व्रत, न यज्ञ, न वेद, न तीर्थ और न नियमादि ही कर सकते हैं ॥	योग ही आडंबर को (धम्) कहला नहीं करती है धर्म ही समस्त धर्म ही है और न ही किसी वस्तु को ही प्राप्त होता है।
1	दो लताओं से	लताओं पर
4	मैंने अपने आप शरबत बनाया ।	मैंने स्वयं ही शर एक हुई बनाई।
4	सत्संग में वह प्रवचन सुनता है।	सत्संग में वह प्रवचन सुनती है।
8	राजा बोला- हे मनुष्य तुम नहीं जानते मैं कौन हूं।	राजा बोला - पुरुष, नहीं जानते हो , मैं कौन हूँ?
9	हे मित्र ! क्या तुमसवेरे अग्निहोत्र नहीं करते ?	हे मित्र ! क्या तुम प्रातः नहीं करते हो?
10	में प्रकाशित''मजाक''नमिका उनकी पहली कथावाचक बनीं।	1967 में प्रकाशित 'दि जोत' है, उसका पहला आकल है
16	सूचनाप्रसारण मंत्री अनुराग ठाकुर ने गुरुवार को सीबीसी, आरएनआई, न्यू मीडिया विंग, उन्होंने डॉक्यूमेंट एड्रेसबल प्रणाली का उद्घाटन किया.	सूचना प्रसारण मंत्री अनुराग ठाकुर ने गुरुवार को सीबीसी, आरकेआई, कमंगटल, डिजीटल एडन में बलूंग जैसे इंटरनेट का आकाटा किया।
7	इसी प्रकार, इल्मा अफरोज पुलिस अधिकारी जिला बाडी नियुक्त किया गया।	इसी प्रकार, अफल्दी अफ़्रीकी जिला स्तरीय नियुक्त।
4	आदिवासी लोग आत्मरक्षा स्वयं ही करते हैं।	सारा दिन आत्मा की रक्षा करते हैं।
4	मैंने अपने आप शरबत बनाया ।	मैंने स्वयं ही शर एक हुई बनाई।
5	मल्लेश्वर जाने का मार्ग कौन-सा है ?	मल्लिकाेश्वर जाने के लिये कौन मार्ग है ?
3	उपक्रम बहुत मनोहर है।	उपक्रमों में बहुत प्रेम है।
16	केंद्र में नरेंद्र मोदी सरकार ने इस क्षेत्र में संपर्क, आधारभूत संरचनाओं और ढहों का विकास, शांति और पुनर्स्थापन पर विशेष ध्यान दिया है।	केंद्रीय सरकार द्वारा नरेंद्र मोदी द्वारा इस क्षेत्र में बड़े सेन और आधारभूत संरचनाओं को बढ़ाने के लिए शान्त किया गया, शान्ति को प्राप्त करने के लिए ध्यान दिया।
7	राज्य का सबसे ठंडा जिला है 7.830 सेल्सियस।	राज्य की ठंडी जिले में 70 डिग्री.इस प्रकार की।
5	आज मैंने अँगूर खाना चाहा।	आज मैंने अँगूर खाना चाहा।
5	वह नई पुस्तकें खरीदता ही है।	वह नए पुस्तकें खरीदता है ही।
1	गाता हूँ।	गाती है।
3	जनजीवन अस्तव्यस्त हो गया है।	जन जीवन अस्तव्यस्त हो गया है।
4	वृद्ध कैसे रहता है ?	वृद्ध कैसे रहता है ?
6	तीन दिवसीय सम्मेलन आज शुरू होगा	तीन-तीन दिन का सम्मेलन आज शुरू होगा।
10	मैंने यह विजय प्राप्त किया, रणे में रावण मारा और लंका को मैंने वशीभूत कर दिया।	मैंने जीता यह जीत हासिल किया, एवं रावण को मारने और लंका मैंने वन को मार दिया।
4	जा प्यारे ! पूरी विद्या करके आना।	जा रहे थेपूर्णा को ज्ञान प्राप्त करकेएसएसग नहीं।
7	उन्होंनेन्हों नेसरोजिनी नायडू के साथ भी काम किया।	उसने सरोजिनी भी काम किया।
4	माँ कैसे उतरती है ?	माँ कैसे उतरती है ?
9	हवाई जहाज बहुत ध्वनि करता है कार थोड़ी ध्वनि करती है।	वायुयान बहुत आवाज़ करती है।
8	लेकिन निर्माताओं ने आज भी फिल्म की शूटिंग नहीं शुरू की।	लेकिन निर्माता ने आज भी फिल्म का शूटिंग नहीं शुरू किया।
3	भोजन पूरा कर रहा हूँ ।	मेरा भोजन समाप्त करता हूँ
5	प्रात: वेला का तुम सदुपयोग कर रहे हो।	सुबह का सदन का सदनपयोग करते हो।
5	वनरक्षण में (वन की रक्षा करने में	वन की रक्षा में वनवासियों का विशेष योगदान है
9	"वैसा ही है, कोई फर्क नहीं", ऐसा वह जवाब में बोला ।	"तहाँ है, नहीं। नहीं विशेष है। यह सच है।
5	सबके पास शिक्षा अवश्य करनी चाहिये।	सबके पास शिक्षा अवश्य हो जाता है।
5	उसका पिता कौन है ?	उसका पिता कौन है ?
11	2019-20. के लिए 15 नए अटल आदर्श विद्याओं का घोषणा किया गया था।	2019 2019-20 के वर्ष की  ⁇ udget में 15 नया अटल आदर्श विद्यालय की घोषणा की गई थी।
10	प्रशासन- आन्दोलनकारी-कृषि नेताओं के बीच एक नई बात आज होगी।	प्रशासन- आंदोलनकारि-किस नेताओं के बीच दोपहर आज नया बात आज होगा।
6	मैं अब काम में फंसा हुआ हूं।	मैं अब काम में व्यापक हूँ।
7	तब वह ओ३म् बोलता है ।	तब वह ओरीगर (  ⁇  ) बोलता है ।
10	सुखविंदर सिंह सुक्खू अपनी कार्यकाल की दूसरी  ⁇ udget को 17 फरवरी को प्रस्तुत करने जा रहे हैं।	सुखविंदर सिंह सुक्खू अपने घर के दूसरे को 17 फरवरी को प्रस्तुत करने के लिए प्रस्तुत किया जाता है।
10	अब शाम को होने वाले और सूर्य के आने पर युद्ध निवृत्त हो गया है।	अब शाम को आ जाने पर सूर्य के जाने पर युद्ध निवृत्त हो गया ।
3	विशाखा कान का झुमका खरीदती है।	विशाखा कान के लॉक खरीदता है।
11	आप संसार के सम्पूर्ण प्राणियों की इन्द्रियों से अगोचर हैं। परन्तु मलमूत्र रूपी शरीर के मोह के पाश में फंसे हुए मनवाले मुझ दीन को अपनी ही माया से मोहित होकर पुत्रकलत्र, गृह आदि के अन्धकूप में मुझे पड़ा देखकर आप स्वयं पधारे हैं ॥	हे प्रभो! आप सब लोग प्रसन्न होकर, सर्वगत, अहिक और पुत्र आदि से सु को मेरा शरीर प्रलयकाल में समान रूप से वर्णन करने के लिए तपस्वी पुरुष का ही स्मरण करते हैं, उनके चरण कमलों में किसी प्रकार की ईश-फर में गुनगुनाये हुए और जिनके हृदयको मैं प्रणाम करता हूँ ॥
3	नदी का नाम गङ्गा ।	नदी का नाम गङ्गा नाम है ।
9	वी-अंग-उपसर्ग से पहले की गई लूट (अन) के प्रत्युत्तर पर वर्णित शब्द समाप्त हो जाता है।	विनस-बताया गया है कि ये लैंग (अबन्त) ने इस कार्य को व्याकरण शब्द का अर्थ सीध्य कर दिया है।
8	उज्जयिनी के राजा विक्रमादित्य के काल से विक्रमसंवत्सर की गणना होती है।	उज्जयिनी राजा विक्रमादित्य के समय विक्रम विक्रम का तह वर्ष की बहिन होती है।
6	उसके बाद सुमित्रा के घर गया।	उसके बाद उसके घर गया।
6	वह वहीं बैठकर सब कुछ देखता है।	वह वहाँ ही बैठकर बैठकर देखता है ।
8	विभा - "रेल से उतर रहा है" ऐसे बोलो ।	विभा - रेल से उतर रहा है" ऐसा कहता है।
4	तुम सब क्या खाओगे ?	तुम सब खाई क्या खा रहे हो ?
14	हे राजन् ! कलियुगमें वे ही भाग्यवान् और कृतार्थ हैं, जो श्रीहरिका नामस्मरण करते और कराते हैं ॥	हे राजाओं में श्रेष्ठ पुरुष को प्राप्त नहीं कर सकी, वे मुझे न किसी के द्वारा किये हुए अपने समान सब कामों में या रेत से मुखित करते हैं।
11	हे भरतश्रेष्ठ ! जिस काल में (मार्ग में) शरीर त्याग कर गये हुए योगीजन अपुनरावृत्ति को, और (या) पुनरावृत्ति को प्राप्त होते हैं, वह काल (मार्ग) मैं तुम्हें बताऊँगा।।	हे भरतश्रेष्ठ ! मैं तुम काल में योगियों से युक्त हो जाता हूँ और जो तुम काल में इस समय तुम काल को प्राप्त होते हो, उसे काल में जाने से तुम हे भरतश्रेष्ठ हो जाता हैं।।
8	मेरे मित्र स्वतंत्रता के बाद से यहाँ रहते हैं ।	मेरे मित्र स्वतंत्रता (उराधीनता) के लिए यहाँ रहते हैं।
4	मेरे मित्र भी आएँगे।	मेरे मित्र भी आएँगे।
5	प्रधानमंत्री ने लोगों को युवजन-महोत्सव की शुभाशंस की.	प्रधानमंत्री के द्वारा युवजन-महर्षि शुभाता को प्राप्त किया गया।
1	आठ	आठ
9	वहां तुम्हारा निवास निर्दोष है, वहाँ किसी का बाध नहीं है।	वहाँ तुम्हारा नहीं है, वहाँ किसी का ठण्डा नहीं है।
1	अज्ञानता से	अज्ञान से
1	घुस जाइए	निकल जाओ
7	प्रकृतिमाता – मैं प्रकृति तुम सबकी माँ हूँ।	प्रकृति माता – मैं प्रकृति युद्ध में जन माता आदि जन जन हैं?
11	श्रीमान के उद्घाटन से सभी कार्यकर्ता प्रेरित, उत्साहित, ऊर्जावान आगे संस्कृत कार्य में पूर्ण हुए।	महोदय के उद्बोध से सभी कार्यकर्ता प्रेरित हुए, उत्साहित ऊर्जा के आगे संस्कृत कार्य को सिद्ध करने वाले थे।
5	पिता करेले की सब्जी खा रहे हैं	पिता कारल्हा का सब्ज खाता है।
1	अनन्तरं	यह
9	हे राम! आप बहु रूपमयी माया से कार्य, कारण, कर्तृत्व, फल और साधन के भेद से अनेक रूप में विभासित हो रहे हैं ॥	कार्य में समान रूप से कर्म करनी चाहिए। एक एक करके तुम एक ही हो। एक ही रूप से बाहर हो। एक ही तुम्हारा त्याग कर देना चाहिए ॥
15	उन्होंने कहा कि इस तरह, शिक्षक इस केंद्र के माध्यम से नए तरीके से और नई प्रक्रियाओं और कलाओं से जुड़े रहेंगे।	उन्होंने कहा कि इस तरह से शिक्षकों को इस केंद्र के माध्यम से नए तरीके से और नई प्रक्रियाओं से जुड़े किया जाएगा।
1	अन्धकार समूह।	तमिगा
3	ऊपर की ओर साँस छोड़कर	ऊपर की ओर ।
12	अग्नि, जल, स्त्रियां, मूर्ख, सांप और राजपरिवार का सेवन करते समय मनुष्य सदैव सावधान रहना चाहिए, क्योंकि ये छह कभी भी मृत्यु का कारण हो सकते हैं।	हे ब्राह्मण ! अग्नि देवियो और मूर्खगण ये राजकुल ये चार प्रकार के छह वस्तुएं छह साल के छह अंग हैं।
12	सुनना, भाषण, पढ़ना और लिखना-ये चारों कौशलों के परमपुष्टता के लिए संस्कृत संवर्धन प्रतिष्ठान- प्रशिक्षण देता है।	सुनना भाषण लिखना, वे चारों कौशलों के चारों ओर संस्कृत संवर्धन के लिए संस्कृत संवर्धनी-यह प्रशिक्षण रहे हैं।
3	मोहन कब खेलता है?	मोहन कब खेलता है?
5	ओह एक साथ कितने लोग आ गए हैं	ओह, एक साथ कितने लोग आए थे।
6	सभी समिति सदनों की विशेष मार्गदर्शन से कार्यक्रम सफल रहा।	सभी समिति की विशेष मार्ग दर्शकों के साथ अच्छी संख्या में लोग भाग लेंगे।
7	यह विधेयक भारतीय विधेयक के स्थान पर पारित किया जाएगा।	यह विधेयक भारतीय विधेयक के स्थान पर होंगे।
12	अगर हम राजा को कर न देंगे, उसके खर्च के लिए धन नहीं बचेगा।	यदि हम राजा के भाग में नहीं देते तो उसका व्यभिचारी भी नहीं है।
6	तुम्हारी बहन भी विद्यालय नहीं जाती है"	तेरा छोटी बहन भी विद्यालय नहीं जाती है।
9	सुप्रीम कोर्ट द्वारा जारी मानवाधिकार पत्र पर अवैध धनों को नियंत्रित करने के लिए एकमात्र कानून नहीं होता है।	शीर्षक ने कहा कि इस मामले को कई पत्रों का अवैध करने का एकमात्र प्रयास नहीं करना चाहिए।
10	मतदान प्रक्रिया लगभग चौथाई घंटे की हो गई, इसलिए सभी लोगों के मतों पर मतदान हो गया.	मतदान प्रक्रिया लगभग चौथे संघित तक हुआ, और सभी मतों में मतद ही हुए।
7	और अगले वर्ष दीपावली-अवसर की फ़िल्म प्रदर्शित होगी।	अगले वर्ष के और दीप प्रज्ज्वलन-अतरंग प्रदर्शित करने लगा होगा।
9	यदि तुम सब पापियों से भी अधिक पाप करने वाले हो, तो भी ज्ञानरूपी नौका द्वारा, निश्चय ही सम्पूर्ण पापों का तुम संतरण कर जाओगे।।	हे मधुसूदन ! अथवा अन्य पापों से सभी पापियों को पाप ही में में कुशलतापूर्वक ही तुम राजाने में असमर्थ होगे।
8	जैसा अभिनय मोहन करता है वैसा अभिषेक नहीं करता है।	जैसा मोह होता है, वैसा ही अभिश न होता है।
6	अनेक लोग घर में भोजन नहीं करते हैं।	अनेक लोग घर पर भोजन नहीं करते हैं।
5	आज उसका विवाह है।	आज उसका विवाह है।
4	राष्ट्र के भी मित्र होते हैं।	राष्ट्र का भी मित्र होते हैं।
14	लंबे समय से पश्चात् अयोध्या में श्रीराम की प्राणप्रतिष्ठा-माध्यम से सनातन-भारतीय-मूल्यों की प्रतिष्ठितता है जो कलिकाला में राम राज्य के संकल्पों कामूर्त रूप प्रस्तुत करेगा।	लंबे समय से अयोध्या में श्रीराम की प्राणप्रतिष्ठा के माध्यम से सनातन-भारत-संबंधी देश के प्रतिष्ठित लोगों को राम के संकल्प में सूचित किया जाएगा।
6	यह नेहरू पर्वतारोहण संस्थान के विश्लेषक थे जो बर्फ में फिसल गए।	नेहरू पर्वतारोहण संस्थानों के परिशीलक संघ ही बर्फबारी का च जा रहा है.
8	सामान्य विकास के समय चैतन्य शर्मा की जगह विधायक नंदलाल सदस्य बनेगा।	सामान्य विकास समिति के दूसरे जन्मस्थान को माता में विधायकों को सदस्य नहीं किया जाएगा।
5	रात में घने अन्धकार में हमारे वीर सैनिक सीमापार गए।	रात में घनदीकार में वीर सैनिक सीमा सीमा गया।
7	उन्होंनेन्हों नेसरोजिनी नायडू के साथ भी काम किया।	उसने सरोजिनी भी काम किया।
4	मैं मूंग का हलुआ पकाऊंगी।	मैं मूंग का हलुआ पकाऊँगा
4	निश्चय ही गोधन सब धनों में श्रेष्ठ धन है।	निश्चय ही गरुड़ सब धनों का सर्वरूप धन है।
3	कलिंग देश में तुमने ब्राह्मण को मारा हैं।	कलिङ्गों में ब्राह्मण तो तुमसे रहते हो, तुम कल अब तो हो।
5	वह हररोज ऐसे ही झूलता है	वह प्रतिदिन वैसा ही झूला बनाता है ।
1	चतुर	वह बोला
4	वह रंगमंच की व्यवस्था देखती है।	रङ्गम चंडीगढ़ की व्यवस्था देखता है।
4	ईश्वर के व्याप्ति योग्य है यह सब	ऐसा सब ही ऐसा है।
4	पुस्तक चाटूँ क्या ?	पुस्तक लेहें और क्या ?
4	जिसका अब समाप्ति हो गई।	जिसकी अब समाप्त हो गई है
9	उनके लेखन और बच्चों की कविताओं को कई कक्षा की पाठ्यपुस्तकों में शामिल किया गया था।	उनके द्वारा विरचित होने पर – खंडूनों में कक्षाओं में स्थान परिवर्तन और स्थानों पर स्थान पर स्थान हासिल कर रहे थे।
9	ओरिया भाषा के पुरातनत्त्व शास्त्र के अनुसार यह नृत्य परंपरा भारत की प्राचीनतम नृत्य परंपरा है।	।
25	योजना के तहत लाभार्थीओं को केवल एक प्रतिशत राशि सुरक्षा जमा के रूप में देने होंगे जब सरकार द्वारा एक प्रतिशत बैंक खाते की सुविधा प्रदान की जाएगी और सरकार द्वारा एक प्रतिशत इक्विटी भी प्रदान किया जाएगा।	योजना के तहत सरकार द्वारा केवल 10 से अधिक सुरक्षित सुरक्षित को सुरक्षा उपायों का सुविधा प्रदान करने के लिए सरकार द्वारा प्रतिशत थी जो प्रतिशत से केवल 10,000 की सुविधा भी सरकार द्वारा दी गई जाएगी।
8	इस में महिला, यून, किसान, और निर्धन परिवार शामिल हैं।	इस महिलाएँ, यून, किसान, निर्धन- परिवार भी शामिल हैं।
1	खेलना	वह खेलता है
7	घटना का फुटेज अब सोशल मीडिया पर व्यापक रूप से प्रसारित हो रहा है।	इस घटना की फिल्म फुटेज के चित्रों में अधिक से अधिक बैठक है।
7	पण्डित मन्यमान प्रायः ऐसे विवादों में कुपित होते हैं।	ये सब इसके लिए ये ऐसी तरह की विवाद होती हैं।
6	बालक विद्यालय जाकर पुस्तक पढ़ता है।	बालक विद्यालय जाकर पुस्तक पढ़ता है।
1	सामग्री	उत्पन्न होना
8	सभा में आकर पहले धर्मशाला विधेयक पर सुधीर शर्मा ने अभिनन्दन किया।	सभा में आकर पहले धर्मशाला में केंद्रीय धर्मशाला शर्मा ने बधाई दी।
5	तीर्थों का परिचय मानव जीवन का अङ्ग होता है।	तीर्थों का परिचय मानव जीवन का अंग होता है।
6	चिराग - हाँ सभी प्यार से चल रहे हैं।	चिराग - हाँ सब प्रेम से चल रहे हैं।
4	आपने झरना देखा है?	क्या आपके द्वारा निर्झ कर दिया गया है?
6	मनुष्य को कोई सहायक लेना ही चाहिए।	पुरुष ने कोई भी कार्य करना चाहता है।
13	मोदी ने कहा कि सरकार की कोशिश है और सहयोग किया गया है- ग्रामीण जीवन का प्रबल पक्ष हो गया है.	मोदी ने कहा कि सरकार की प्रयास है कि सरकार के प्रयासों को है-यह ग्रामीणों का बल-पक्ष संबंधी है.
7	अहंकार के कारण वह निर्दोषों को भी मारता था	उनके कारण से वह निकल रहा था
5	दूध पसन्द नहीं है क्या ?	दूध पसन्द नहीं है क्या ?
6	आज सुबह नीरजा बहन जुहू चौपाटी गई।	आज प्रातः नीरजा बहन जु रहा है
10	शौनक ने ठण्ड से दाँतो की बीणा बजा रहे सूत से कहा महर्ष | यह बहुत ही विषम काल आ गया है।	हे मनुष्यश्रेष्ठ! मैं दाँत होकर दु:खों से बना रहता हूँ कि अब इसके विषय में दोनों समय ' मैं पृथ्वी के विषयों की एक समय क्या नहीं है?'
4	आज उसका विवाह है।	आज उसका विवाह है।
9	उसी क्रम में और बीच में स्नातक पद और स्नातकोत्तर उपाधि प्राप्त हुए।	उसी प्रकार क्रमश वैसा आदि स्नान करके द्वारा की गई।
7	धन से नष्ट हुए व्यक्ति का कुछ भी नष्ट नहीं हुआ किन्तु यदि चरित्र नष्ट हुआ तो वह मरे हुए के समान है।	जो धनवचन, धन बढाने वाला धन तो वह दु:ख लेनी हो और मारीक को मार डाला गया ॥
3	वह उस कुएं में स्नान करता है।	वह उस कुाह में गाह होता है।
17	यह बच्ची विरोध के रूप में रोती थी, जो अभियुक्त डर गई थी, उसने उसे धन देकर शान्त करने का भी प्रयत्न किया।	भीम ने बालिका को रूप से खरीद रही थी, जिससे अभियान को कटाही से मिला, उसने उसे धन देकर शान्त करने का भी प्रयास किया।
11	उन्होंने कहा कि केक पाठक नवरात्र कुमार की दृष्टि से कार्य कर रहा है।	केके पाठक ने अखिलेश कुमार को देखा कि वे दोनों ने पाठ करते हुए कहा था।
4	अभी सब सध्या खा रहे हैं।	अब सभी सधियाँ खाते हैं
6	मैं मोरीबी गाँव का निवासी हूँ !	मैं पेड़ा गाँव के निवासी हूँ !
6	उनकी भाषा भी संस्कृत थी	उनके भाषा भी संस्कृत भाषा थी
10	मैंने यह विजय प्राप्त किया, रणे में रावण मारा और लंका को मैंने वशीभूत कर दिया।	मैंने जीता यह जीत हासिल किया, एवं रावण को मारने और लंका मैंने वन को मार दिया।
8	निकोलस – ये राज्य ‘सात बहनें’ इस नाम से किस प्रकार कहे जाते हैं?	के आंदोलन – ये राज्य और राज्य को सात बहनें कैसे कहती हैं?
5	सारिका धीरे धीरे चलती है ।	सार धीरे धीरे चल रहा हैं
3	मैं सत्य कहूँगा और तपस्या से ब्रह्मा का ज्ञान प्राप्त करूँगा।	सत्य कहो तप से ही तपकर तप से
7	वो दोनों देवनागरी में ही हस्ताक्षर करती हैं	वे दोनों देवनागर के नगर में ही हस्ताक्षर करती हैं।
6	तिब्बती समुदाय के लोग अपने घरों की सफाई में व्यस्त हैं।	तिब्बती समुदाय के लोग अपने घर की सुख देने वाले सौ-यह एक पंजीकरणएँ हैं।
9	साथ ही अनला नाम एक सुन्दरी कन्या भी हुई।	साथ ही अनला नाम एक सुंदर कन्या भी हुई।
11	कार्यक्रम में मुख्य अतिथि रहे उच्च शिक्षा मंत्री ने कहा कि सरकार पाणिनी संस्कृत विश्वविद्यालय के सभी रूपों में विकास के लिए प्रतिबद्ध है।	कार्यक्रम में मुख्य अतिथि के रूप में विराजमान उच्च शिक्षा भाषा के अध्यक्ष ने कहा कि पाणिनि संस्कृत विश्वविद्यालय के सर्वविध विकास के लिए शासन किया जा रहा है।
6	हिमांशु – चलने की अनुमति कब देंगे ?	हिमांशु – चलाने के लिये दूध कब देगा?
9	वास्तव में विपक्षी दल के सदस्य गोमय को लेकर विधानसभा परिसर में पहुंचे थे।	वास्तव में विपक्ष के सदस्यों गोम को लेकर विधानसभा परिसर में पहुँचे थे।
7	कार्य की समाप्ति पर वेतन से अतिरिक्त गजधरों को सम्मान भी प्रदान किया जाता था।	कार्य में लगे लोगों को सबसे अधिक सूँड से सम्मानित किया जाता था।
13	संयुक्त राष्ट्र महासभा के आठवें सत्र के अध्यक्ष डेनिस फ्रांसिस आज दिल्ली पहुंच गए हैं-दिवसीय-भारत-यात्रा-सम्बन्धी में.	संयुक्त राष्ट्र की आठवीं-सैं-स। सत्र के अध्यक्ष डेनिस फ्रांस की अध्यक्ष पांच- दिवसीय- भारत- यात्रा आज दिल्ली, दिल्ली दिल्ली में दिल्ली दिल्ली का आज दिल्ली है।
3	मेरे पिता का है।	मेरे पिता हैं यह मेरा पिता है ।
3	यह संदीप है ।	यह संदीप है ।
4	बहनें विष्णुसहस्रनाम गाती हैं।	बहनें विष्णुनाम गाती हैं।
4	राजा से द्वेष उत्पन्न करने वाली बात कभी नहीं बोलनी चाहिए।	राज विषय नहीं लेना चाहिए।
3	आगे सीढ़ी है।	आगे सीढ़ी है
3	घना वन है।	घना वन है।
6	माँ उसके लिए कपड़े देती है।	माँ उसके लिये कपड़े देती है।
12	श्रीरामचन्द्रजी ने अपनी माता को देखते ही शीघ्रता पूर्वक उठकर उनके चरणों की वन्दना की और उन्होंने अत्यन्त दुःखी नेत्रों में जल भरकर पुत्र को हृदय से लगाया ॥	तत्पश्चात् रामचन्द्रजी अपने दोनों भाई से अपने चरण को देखकर, आज अति मैथुन से, पति के साथ जिस प्रकार वह दोनों बेटे हुए दुःख से रहकर बड़े प्रेमपूर्वक बोली ॥
3	जहां तुम जाते हो।	जहां तुम जाते हो।
6	उनमें से एक थे खुदीराम बोस जी।	उनमें से एक खुलीरामराम सब का ही सुसंतरा है।
4	उसके बाद सभी योगासन करेंगे।	उसके बाद सभी योगासन करेंगे।
7	कार्य की समाप्ति पर वेतन से अतिरिक्त गजधरों को सम्मान भी प्रदान किया जाता था।	कार्य में लगे लोगों को सबसे अधिक सूँड से सम्मानित किया जाता था।
7	कार्यक्रम में भारत सरकार के शिक्षा मंत्री धर्मेन्द्र प्रधान मुख्य अतिथि के रूप में रहे।	कार्यक्रम में भारत सरकार के शिक्षा मंत्री धर्मेन्द्रप्रधान लू की अध्यक्षता में थीं।
5	चन्द्रमा किनका आभूषण है?	सूर्य प्रकाश का क्या काम है?
1	जागते हो।	जान जा रहा है
11	श्री अखिलेश जी के प्रयास से अनेक विश्वविद्यालयों और कॉलेजों में संस्कृत का संचरण शिक्षण रूप धारण किया गया है।	महोदय ने महोदय के लिए प्रयास किया कि विश्वविद्यालय द्वारा विश्वविद्यालयों में संस्कृत के संवत्तियों में संस्कृत का संवल शिक्षण शिक्षण का फैसला किया गया।
8	गृह विभाग, हिमाचल प्रदेश-लोकसेवा- कमीशन के माध्यम से नियुक्त नए मानकों का निर्धारण किया गया है।	गृह विभाग ने हिमाचल प्रदेश-लोक सेवा- आयोग के माध्यम से नियुक्त नए नए में और एक नए में नें।
5	तुमको कौन नहीं जानता ?	तुमको कौन नहीं जानता ?
11	गुटेरसेन ने यह पता लगाने के लिये इजरायल से कहा कि सहायक कर्मचारी सुरक्षित वातावरण में कार्यरत हैं।	गुटेर ने इस कार्य से यह सुनिश्चित करने के लिए कहा कि सहायता कर्मचारियों को सुरक्षित करने का कार्य करना चाहिए।
16	अभिमान मद्यपानके समान है, गौरव (बड़प्पन) रौरवनरकके तुल्य है और प्रतिष्ठा (मान बड़ाई) सूकर- विष्ठाके सदृश है; अत: इन तीनोंको त्यागकर हरिका भजन करे	हे हरिद्वार में बिना किसी देरी के बिना किसी प्रकार का सुख दूर नहीं करना चाहिए। उसी प्रकार समस्त भूतों का परेशान कर इस प्रकार हरिद्वार में जाने की इच्छा नहीं छोड़ती ।
4	नगर में रहनवाले दुष्ट लोग भी नगर ही में रहते हैं।	नगर में रहनवाले लोग भी नगर ही में रहते हैं।
7	वह वृद्ध माता पेड़ के नीचे खड़ी है	वह बूढ़ी वृक्ष के नीचे खड़ा है
4	धर्मशाला में राज्य स्तरीय काम होगा।	धर्मशाला में राज्य स्तरीय काम होगा।
15	आक्षेपों को आमंत्रित करके अन्य सभी प्रक्रियाओं को पूरा करके विकास योजना को अंतिम रूप से निर्धारित नहीं किया जा सकता।	आक्षेप में हूसी से अन्य सभी प्रक्रियों को पूरी तरह से को निर्धारित करने का भी निर्णय लिया गया है यह भी वह पूरा नहीं किया जा सकता।
4	कुछ युवतियाँ भी दौड़ रही हैं	कुछ युवतियों को भी दौड़ते हैं
11	उद्योग मंत्री हर्षवर्धनचौहान ने औद्योगिक इकाइयों और सुरक्षा पक्ष की समीक्षा के लिए संयुक्त कार्यदल का संगठन का घोषणा की।	उद्योग मंत्री हर्षवर्धन चौहान ने एक संवाददाता सम्मेलन की अध्यक्षता के लिए संयुक्त रूप से संयुक्त राज्य अमेरिका की अध्यक्षता की।
6	परमेश्वर , उसकी आत्मा को शान्ति दें ।	परमेश्वर , उसकी आत्मा को शान्ति दें ।
4	बलशाली हाथी किससे बाँधा जाता है?	किसके बलशाली कौन बकरियाँ?
4	अभी ही स्कूल चलो ....	अभी ही मोबाइल हमारे
4	मोर किसानों का मित्र है।	मोर किसानों का मित्र है।
11	विषयरूपी विषधरोंसे डँसे जानेके कारण जिनकी सुध- बुध नष्ट हो चुकी है, वे मनुष्य यदि आत्मसंजीवनके लिये गीतारूप औषधका सेवन नहीं करते तो अमृतके घड़े लेकर सामने आयी हुई अन्नपूर्णा देवीकी उपेक्षा करके अनके बिना सूखनेवालोंकी तरह उन बेचारोंका भाग्य ही मारा गया है	यदि गीतामें गीता नहीं है तो अन्य सभी विषय देता है कि वे अमृतसरित करने वाले हैं, इस प्रकार अमृत सुखपूर्वक अमृत के समान हणपूर्ण अमृतमय हत्यारादि दसों को हजाने के लिए हड़पांसी-साकिस्तान को हूण करने के लिए हठ से हिलने वाले हनले हुएको मारे।
14	पुरातत्त्व सर्वेक्षण द्वारा पूर्व नवंबर में दिन का विस्तार मांगा गया था, न्यायालय द्वारा दिन का विस्तार किया गया था।	पुरानी सर्वेक्षण से पहले नौम्बार दिन में, कोर्ट ने दिन का विस्तार किया था, कोर्ट ने दिवस का विस्तार किया था।
4	वह भूमि खनन करता है।	वह भूमि खोदता है ।
4	अतिथियों की सेवा करता है वा नहीं।	अतिथि सेवा करते हुए या नहीं।
1	कर लिया है निश्चय जिसने ।	निश्चय किया
9	तो इन शब्दों के ज्ञान से धर्म होता है या प्रयोग से ?	तो इन शब्दों के ज्ञान से धर्म होता है क्या ?
4	उसका बेटा गिर गया ।	उसका बेटा गिर गया ।
9	उन्नत और पुष्ट कन्धोंपर लटकते हुए कुण्डल तथा अलकोंसे जिनकी सदृश (उन्नत) ग्रीवा मनोहर मालूम होती है जो अपने मुखकी शोभासे निर्मल पूर्णचन्द्रविम्ब तथा श्वेत कमलको कान्तिको तिरस्कृत कर रहे हैं हुए सुन्दर पद्मके समान जिनके मनोहर नेत्र हैं; विलासमयी भौंहें हैं, अमल अधर हैं, मधुर मुसकान है, कोमल कपोल, ऊँची नासिका और भालदेशमें लटकी हुई अलकें हैं [ ऐसे आपको मैं कब आनन्दित करूंगा ? ]	जल के निकल जाने पर चन्द्रमा शिकार से की तरह कटाक्ष (सी हो) परमाणु या कावल (सीम), प्याज (अंग), के साथ पीला, जादूजी के तट पर, लाँघने वाले के समान कान्तिवाली के समान जटा बनाये हुए, लीन मन वाले श्रीबाबागुरुजी को मैं नवे । (हैलेपें) शरीर पर केय को सूर्य की कोल में रखी हुई उजाला संवार तक बना देने वाले चिकने वाले, जटा-बिट से तथा तितिक ( चना
7	बीच में स्थित सफ़ेद रंग सात्विकता और ईमानदारी का द्योतक है।	बीच में स्थित श्वेत रंगोसीता के कुत्ता और नदियाँ बनाती हैं।
7	परन्तु हे अर्जुन जो पुरुष मन से इन्द्रियों को वश में करके अनासक्त हुआ कर्मेंन्द्रियों से कर्मयोग का आचरण करता है वह श्रेष्ठ है।।	जो पुरुष अन्द्रिय मन से द्वारा (सत्यन्त) मन से कहा गया है, उस मन में कर्म का विषय त्यागकर (विेन्द्रिय है) होकर कर्म में योग के द्वारा प्राप्त किया जाएगा।।
54	कुलपति प्रोफेसर एस.एस. मयूरी, प्रोफेसर जेएस. नेगी, डॉ. प्रमोद जोशी, डॉ. शरदभट्ट, डॉ. निवेदिता अवस्थी, डॉ. योगेश चंद्र, डॉ. आर.एस. कन्नौजिया, डॉ. मूलचंद्र- पाण्डे महोदय के खाती, शुक्ल, डॉ. दीपक डॉ. डी. एन. जोशी, गोविन्द सिंह जंगपांगी आदि शिक्षकों एवं शिक्षण परीक्षकों ने प्रोफेसर पाण्डे को प्रसन्न मन से मंगलकाम और बधाई दी।	इस अवसर पर कुल के कुलपति प्रो. एस.एस.एस. सिंह, डॉ. आर.एस कन्निया, प्रो. एस.एस.एस.एस.एस.एस.एस.एस.सी.एस, डॉ. प्रांतीय, डॉ. प्रांतीय, डॉ. शरेश जोशी, डॉ. जंरा- सिंह, डॉ. जंराओं, डॉ. दीपकेश-बन्नल, डॉ. दीपक तिवारी, डॉ. दीपक सिंह, बल्टिन और अन्य शिक्षक, डॉ. दीपक सिंह,
12	फाइनल में ऑस्ट्रेलिया ने 20 विकेट पर सात बल्लेबाजों के नुकसान पर 186 रन बनाए.	अंतिम प्रतियोगिता में पहली ऑस्ट्रेलिया 201 रनों के साथ सात विकलाल में 186 रन बनाए।
6	सूत्रसञ्चालन त्रिम्बक केदार, श्रीराज शेलार ने किया।	सूत्र के समान त्रिम्बक केदार, श्रीराज शेलारार ने की।
6	एक बार दस लड़के स्नान के लिए नदी पर गए।	एक समय दस बच्चे नहाने गया था ।
1	छेद करना	तड़क
1	पाना	पाने के लिए
6	पहले चरण के नव उद्द्घ विमान विकसित हो जाएँगे।	पहले चरण के नौ उत्पन्न करने वाले स्थल विकराल विकल से विकलांग होंगे।
11	हे रघुश्रेष्ठ ! पहले इस आश्रम में मेरे गुरु महर्षि मतंग जी रहते थे। उनकी सेवाशुश्रूषा करती हुई में हजारों वर्षों से यहाँ रहती हूँ। महर्षि ने अब ब्रह्म पद प्राप्त कर लिया है। उन्होंने जाते समय मुझसे कहा था कि तुम एकाग्रमन हो यहीं रहो ॥	हे महान् आश्रम में, रघुश्रेष्ठ ! मैं राजर्षि हो गया था, तथा उनके पास रहकर उनकी इस प्रकार की मोती को कर रहे थे ॥
5	आञ्चल उत्तराखंड के जुडू गाँव के निवासी हैं।	आञ्चल उत्तराखंड के जुडू गाँव के निवासी हैं।
4	गिलहरी यहाँ वहाँ दौड़ रही थी।	गिलहरी ने अनार और दौड़ रहा था।
8	उसके द्वारा पढ़ाए हुए छात्र आज उसके घर आए।	उसके द्वारा पढ़ाए हुए छात्र आज उसके घर आए।
9	रामचरण''संजयलीला भंसाली''इस फिल्म से सुभाषचेता का पदार्पण करेगा।	रामचरण''संजयलीला भंसाली''इस फिल्म के इस फिल्म में पदभार ग्रहण करेगी।
5	हाँ , यहाँ सब कुशल है ।	हाँ यहाँ सब कुशल है ।
15	जिसमें कोरोमंडेल एक्सप्रेस का वाहन पटलों पर एक मालवाहक के साथटकरा रहा था, उसकी कक्षा रास्ते से गिर गई।	जिस कोरोस जी एक्हस के वाहन प्लेट / जैसे मालूम सहित मालवाहक के साथ गिरफ्तार किया गया कि उनकी कक्षा एक मार्ग से गिर गई।
1	बीज ।	बीज
3	कैसे कर रहे हैं ?	कैसे करते हैं ?
8	दसवें ( अन्तिम) पृष्ठ पर वह दुर्घटना के चित्र देखता है।	दसवें ( अंतिम की) पीछे वह दुर्घटना के चित्र देखता है।
3	यहीं बात करिये।	यहीं बात करिये।
6	हारे हुए मुसलमान लोग ब भी उपद्रव शर्थात् धूम धाम नहीं छोड़ते।	पगाजिता भी यवना आज भी उनके पीछे चल पड़े नहीं छोड़ते हैं।
7	भारत के विविध स्थलों के बारे में प्रश्न थे।	भारत के विविध स्थलों के बारे में प्रश्न थे।
11	जो ब्राह्मण पानी के स्थानों, बावड़ी, कुआं, तालाब, बाग-बगीचों और मंदिरों में तोड़- फोड़ करने में किसी प्रकार का भय न अनुभव करते हों, उन्हें म्लेच्छ कहा जाता है।	बुरे कुटियों का, सुरंग, सामान, पिशाच आदि सीन से यह ब्राह्मण तब ब्राह्मण हो जाता है।
9	भारत के उच्चायुक्त संतोषजो ने आज कोलम्बो शहर की भारत-बात में राष्ट्रीय ध्वज फहराया.	भारत के उच्च न्यायालय ने आज कोझाव आज कोनका शहर में राष्ट्रीय- भवन में राष्ट्रीय ध्वज फहराया।
1	अमृत	चाभी
10	गोशाला में सोलन जिले के पट्टा और कांगड़ा जिले के पालमपुर में अनुमोदन किया गया था।	सेमिनार जिले के पन पर और कांगड़ा जिले के पालमपुर में मेंकारक कार्यालयों में भी को ने मंजूरी दी है।
12	आरुणि – हे सौम्य! शरीर द्वारा ग्रहण किए गए तेज (ऊर्जा) की अणिमा वाणी बन जाती है।	चढ़कर – हे सौम्य! बिना सोचे हुए तेजोमय हो जाता है, वह नहीं किसने की जा सकती है। वह नहीं। नग्न हो। यह क्या ?
1	स्वर्ग में	स्वर्ग में
3	कुछ देर तो ठहरिए।	क्या किसी से खड़े हो ?
13	उन्होंने राजमार्ग पर सड़क दुर्घटनाओं को दूर करने के लिए सड़क अभियन्त्री-क्षेत्र में वैश्विक उत्कृष्ट-प्रथा को स्वीकार करने के लिए आग्रह किया है।	उन्होंने राजमार्ग पर सड़क दुर्घटनाओं का निवारण करने के लिए सड़क-क्षेत्र में वैश्विक स्तर पर वैश्विक-विध को स्वीकार करने के लिए आग्रह किया।
3	सुजाता दाहिने हाथ से लिखती है	सुनी दक्षिण हाथ से लिख रहा है।
3	कचरा डब्बे में डालती है।	कूड़ा में रखी पैंट में रखती है।
9	उन्होंने कहा कि आज उत्तर प्रदेश में निवेशक बड़ी संख्या में निवेश कर रहे हैं।	उन्होंने कहा कि आज उत्तर प्रदेश में निवेश बहुत से जो देश को करते हैं।
3	वर्तमान सरकार ने जल का उपकार किया है।	वर्तमान सरकार ने जलोपकर किया है।
14	वे यद्यपि वैराग्य शास्त्र (अर्थात वेदान्त, साङ्ख्य, ब्रह्मसूत्र, पञ्चदशी, इत्यादि वैराग्य प्रदान करने वाले शास्त्र) से विभूषित हैं, फिर भी कभीकभी जब वह साहित्य पढ़ाने में आनन्दित होते हैं तो अनेक रसों में शृङ्गार, हास्य, करुण आदि रसों में (खूब डूब जाते हैं और अध्यापन रूपी) दक्षताओं के द्वारा छात्रों की हार्दिक गुरुत्व की पदवी को और प्रेम को प्राप्त करते हैं ।	हे श्री! सत्यल, शास्त्रोंमें तितअंगी, वे ही व्यक्ति शास्त्रोंको बंधु आदि इन सभी शास्त्रोंको पगड़ जाते हुए और गुरुओंके हृदय में फंसते हैं।
13	इसके साथ शिक्षा में व्यापक उन्नति की प्रतिज्ञा को पूरा करने के लिए अग्रिम शिक्षा मंत्री से सभी सरकारी स्कूलों में अंग्रेजी भाषा अनिवार्य होगी।	इसके साथ ही शिक्षा में व्यापक अपनी प्रतिज्ञा पूरी करने के बाद पूर्णता की पूरी तरह से हैं जहां सरकारी स्कूलों में अंग्रेजी स्कूलों में अंग्रेजी भाषा थी।
11	राष्ट्रीय स्वास्थ्य मिशन ने भुगतान नहीं किया इसलिये क्रासना-प्रयोगशाला में संस्थाओं की सेवा निलंबित कर दी गई।	राष्ट्रीय स्वास्थ्य मिशन ने धन कब्जे के द्वारा धन नहीं छुड़ा है। नसीना संस्थानों में सेवा निलंबित कर दिया।
11	क्योंकि अयोग्य पात्र में रखी गई (अर्थात् की गई) कोई (भी) क्रिया फल देने वाली नहीं होती। सैंकड़ों तरीकों से उपाय करने पर भी बगुले को तोते की तरह नहीं पढ़ाया जा सकता |	क्योंकि नाक, धन की विक्या, किसी का भी नहीं होता है। उसके माता-पिता को पाठ पढ़ा जाता है।
11	हे माधव ! इसलिये अपने बान्धव धृतराष्ट्र के पुत्रों को मारना हमारे लिए योग्य नहीं है, क्योंकि स्वजनों को मारकर हम कैसे सुखी होंगे।	इस से तुम अपने पति को मारने के लिए उसे अपने पास रखी। अपने भाई को पाकर सुखपूर्वक कैसे मार सकते थे?
10	रविवार रात को केलांग में पर्दे को कम कर दिया गया।	रविवार को रात में कैला शहर में सबसे कम डिग्री व्या ।
5	क्रोधित किसान ने उसको उठाने के लिए बहुत बार प्रयत्न कि	क्रुद्ध किसान तमुनि को प्राप्त करने का अवसर बहुत ही करते हैं।
8	इसी प्रकार क्षणभर में उन्होंनेन्हों का रोमांचक युद्ध हुआ।	इसी प्रकार एक रोती जी रोम की युद्ध में युद्ध तो युद्ध हुआ।
4	फिर भी वह संस्कृत में बोलता है ।	फिर भी वह संस्कृत में बोल रहा है
3	पिताजी को परसों लौट जाएँगे।	पिताजी को परसों लौट जाएँगे।
24	समाचार के अनुसार''भूलभूमि''इसी मुख्यभूमि पर उपस्थित कार्तिक''भूलभूमि''इसमें भी दिखती है. लेकिन इस समय में कियारा अडवाणी का उपस्थित होना बहुत छोटा है।	समाचार के अनुसार''भूलभूमि''इसकी मुख्यभूमि में उपस्थित कार्तिक''भूलभूमि''इस समय यह भी दिख रहा है। लेकिन इस समय यह भी है आड
1	स्त्री रहित	स्त्री से बने
7	पराला से लौटकर मुख्यमंत्री ठियोग क्षेत्र की आलू बन गयी।	पराला से लौटकर मुख्यमंत्री ठियोग क्षेत्र की आलू-भूमि प्राप्त किया।
6	अब असम सैनिकों का प्रयाणगीत बदलूराम के नाम पर है।	अब असम सैनिकों का प्रयास गीत बदल अब बदल दिया गया है।
1	पानी	पानी ।
6	नीरज -वे दोनों क्या कर रहे हैं ?	नीरज - वे दोनों क्या कर रहे हैं ?
3	हमारी सखी पर दोष आयेगा।	बात नहीं दोषी दोष है
5	वह नदी से जल लाता है।	वह नदी को जल लाता है ।
3	बहुत स्वादिष्ट होती है।	बहुत खुश होता है
19	यह सुझाव दिया गया है कि यह पात्र अतीत के किसी व्यक्ति की ऐसी तस्वीर छापने वाला पहला व्यक्ति है। फोटोग्राफर को गुस्से भरी नजरों से देखते ट्रंप की एक तस्वीर जेल अधिकारियों ने दोबारा निकाली.	ऐसी स्थिति एक समानता और की छाया का खतरा है। ऐसी-कोचपिंग को सूचना देने के लिए ले जा रहा है। चित्रकारी के लिए इस ने उन्हें देखते हुए देखो।
13	कुछ नेताओं ने समागम में यह भी कहा कि पिछले सप्ताह दर्ज मामले अभी भी निवृत्त नहीं हैं।	पूर्व सरकार ने पूर्व सरकार से पंजीकरण मामले आज भी नहीं निवृत्त होने के बारे में कुछ नेताओं को वह नईता का खुलासा किया।
6	क्रोध से उत्पन्न होता है मोह और मोह से स्मृति विभ्रम। स्मृति के भ्रमित होने पर बुद्धि का नाश होता है और बुद्धि के नाश होने से वह मनुष्य नष्ट हो जाता है।।	क्रोध से उत्पन्न होने वाले
11	इस तरह से सभी उत्पादों की पढ़ाई से स्पष्ट हो जाता है कि''पुराण''इसका वर्णन प्राचीन काल से सम्बद्ध है।	यह एक ऋतु है कि'', सभीनाम से स्पष्ट है कि''पुराण''इसका रंग यह प्राचीन समय से जुड़ा हुआ है।
8	संगीता रेलमार्ग, नन्दिनी नैथानी कार्यक्रम के संयोजक के रूप में थे।	सं। राव से दो और नहींथानी कार्यक्रम के रूप में रहे थे।
8	उन्होंने कहा कि अयोध्या में भव्य राम मंदिर बन गया है।	उन्होंने कहा कि अयोध्या में भवनों का राम मंदिर बन गया है।
12	जो मनुष्य अधिक पैदल चलता अथवा यात्रा में रहता है, वह जल्दी बूढ़ा हो जाता है। यदि घोड़ों को हर समय बांधकर रखा जाएगा तो वे भी जल्दी बूढ़े हो जाते हैं। स्त्रियों से यदि संभोग न किया जाए तो वे जल्दी बूढ़ी हो जाती हैं। इसी प्रकार मनुष्य के कपड़े धूप के कारण जल्दी फट जाते हैं अर्थात धूप उन्हें जल्दी बूढ़ा कर देती है ।	अथवा यह स्त्रियों का या व्यक्ति अथवा अपने शरीर के बन्धन से कटाक्ष अथवा वृद्धावस्था का बुराई तो स्त्रियों के वस्त्र है। स्त्रियों के वस्त्र से स्त्रियों का वस्त्र धारण करना, स्त्री के समान करना, स्त्रियों का कपड़े कभी दूसरे पात्र कभी स्त्रियों का अच्छा है |
7	वह वहाँ चुपचाप बैठा है, कुछ भी नहीं बोल रहा है	वह वहाँ चुपचाप बैठा ही है, कुछ नहीं बोलता
1	जिसे अर्थ का ज्ञान नहीं है	नहीं को ।
4	विशाखा अपने कान पर झुमका लगाती है।	विशाखा अपनेकर्ण में कान का झंडा रखती है।
2	पानी पीती हैं ।	पानी पीते हैं ।
16	राज्यपाल ने कहा कि सरकार ने युवाओं को अपने जीवन के अवसर देने और उद्यमशीलता को प्रोत्साहित करने के लिए 2023 का राजीव गांधी स्वरोजगार योजना का आयोजन किया है।	राज्यपाल ने कहा कि युवकों को अपने जीविका के अवसर देने के लिए उद्यमशीलता को प्रोत्साहित करने के लिए राजीव गांधी स्वरोजगार योजनाएं लागू की गई हैं।
6	सुबह तीन बजे वह सोया।	प्रातः तीन बजे वह सोया।
8	अभी मैं अपने पिता की राजधानी अयोध्या लौटाऊँगा।	अब मैं मेरे पिता की और अयोध्या को अयोध्या जाऊँगी।
5	उसने मेददेव की स्वप्न में तोड़ दिया।	उसने मेदवेवे की सपना में भंग किया।
12	सहितस्य भावः इति साहित्यम् अर्थात् जिसमें संसार का हित निहित है वह साहित्य है।	सहित शिक्षक साहित्य का साहित्य अर्थात् जिसको लोक में हितकारी है वह साहित्य है।
4	संदीप कहाँ जाता है ?	संदीप कहाँ जाता है ?
4	आप कहाँ रहते है?	आप कहाँ रहती है ?
10	विद्वान कहते हैं की शिक्षा, व्याकरण, छन्द, निरुक्त, ज्योतिष, कल्प वेदों के छः अंग होते है।	शिक्षा व्याकरण छन्द को छिलो की तथा खूब पीछा है। ये कोई वेदना छन्द को नहीं जानते हैं। कल्पना करते हैं ।
3	उसने लड्डू खिलाया ।	उसने लड्डू खाया ।
15	जयराम ठाकुर ने कहा कि इस लोकसभा चुनाव में भाजपा ने हिमाचल प्रदेश को हर मतदान से आगे बढ़ाने का लक्ष्य रखा है।	जयराम ठाकुर ने कहा कि इस लोकसभा चुनाव में भाजपा ने हिमाचल प्रदेश के प्रत्येक मतदान को प्राप्त करने का लक्ष्य निर्धारित किया है।
7	घटना का फुटेज अब सोशल मीडिया पर व्यापक रूप से प्रसारित हो रहा है।	इस घटना की फिल्म फुटेज के चित्रों में अधिक से अधिक बैठक है।
3	नन्दिनी नहीं चलेगी।	निनी नहीं चलेगी।
14	संस्कृत भारती- जनवरी, जो हरियाणा के कैथेल जिले में प्रसिद्ध है, ने दिनांकित जनवरी सुबह तक भाषा प्रशिक्षण वर्ग का आयोजन किया।	संस्कृत भारती- हरियाणाण आदि कैथल जिले में प्रसिद्ध श्रीगरहर से जनवरी, जनवरी से जनवरी तक भाषण सुबह जनवरी तक भाषण दिया गया।
11	रावण बोला अयोध्या के अधिपति राजादशरथ का बड़ा लड़का सत्य पराक्रमी राम हे ॥	राजा दशरथ की पुत्री के समान है कि राम दशरथ हैं और उन्होंने अपने पुत्र का सम्पूर्ण राज्य, सुतुत में उनकी अपनी स्त्री के द्वारा क्या प्राप्त किया है ॥
8	ऋषियों के द्वारा वेद मंत्रों की व्याख्या, समीक्षा और भाष्य किया जाता था।	ऋषि-नाम मंत्रों का व्याख्या,, में भाष्य को भी किया जाता था।
1	मित्रता की।	मित्रता ही
13	एक बनिये का लड़का - अपनी स्त्री के स्तनों को, दूसरे को दबाते हुए अपने आँखों से देख कर जैसे दुःखी हुआ था, वैसे ही तुम लोग भी दुःखी होगे |	जैसे वीरों को समझकर वह स्वयं को छोड़ के साथ गिरता है। तुम उसी प्रकार अपने पुत्र का पुत्र, तुम वैसा ही हो, तुम वैसा ही हो। इसलिए तुम वैसा ही हो। क्योंकि राजा का पुत्र था।
12	दुबई के वैश्विक पर्यावरण सम्मेलन में दिया गया है, भारत लगातार पांच साल से शीर्ष दस देशों में से एक है।	दुबई में से वैश्विक-रैश सम्मेलन में प्रकट किया गया, भारत को नैर से शीर्ष-दाद-देशों में से एक है।
11	मुख्यमंत्री सुखविंदर सिंह सुक्खू ने यह अतिरिक्त सोमवार को हिमाचल में छुट्टी की घोषणा की।	इसके अतिरिक्त मुख्यमंत्री सुखविंदर सिंह सुक्खू ने भी सोमवार को जनवरी में हिमाचल प्रदेश की घोषणा की।
5	उनका प्रेणादायक प्रवचन मैंने सुना था।	उनका प्रादर के लिए प्रवचन मैं सुना।
4	उनके गुरुकुल में कन्याएँ पढ़ती हैं ।	उसका गुरुकुल में कन्याएँ पढ़ती हैं ।
8	मैं मेरी पत्नी के साथ बात कर रहा था।	मैं अपना भार चाहता था
9	आज समस्त संस्कारों में मनुष्य विद्वत्तारहित है, अनेक प्रकार के सुख-दुःख और वर्धमान दिखाई पड़ते हैं।	आज सभी जीवों के लिए मनुष्य केपद को ग्रहण किया गया है, और विभिन्न पर संमानी दिखते हैं।
8	नए नियमों में उन्मत्त लोगों की हत्या के संदर्भ में मृत्युदंड की व्यवस्था की गई है।	नए नियमों में पाइप समूह की और हत्या के संबंध में मृत्यु की व्यवस्था है।
7	उसने सोचा- ये बेचारे पुस्तक के दास वहीं रुकें	वह सोचने लगा-जैसी मैं इस के साथ पुस्तकदास का मुख था।
5	अमेरिका में भी संस्कृत भारती का कार्यालय है।	अमेरिका में भी संस्कृत भारती का कार्यालय है।
6	तुम किस कारण धन नहीं देते हो?	किसके लिए कारण तुम नहीं देते?
3	क्षमाशील मनुष्य अपने सब कार्य सिद्ध कर लेता है।	क्षमा में ही सब कुछ साधित करती है।
6	आश्चर्य नहीं करना चाहिए, क्योंकि पृथ्वी बहुत रत्नोंवाली है।	इस प्रकार, (मेरे द्वारा) अप्सराएँ सम्पूर्ण राज्य न हो।
10	मैं उन ऋक्षा वानरों को भी फिर से निकालते हुए और बड़े बलशाली पुरुषों को देखना चाहता हूँ।	मैं उन लोगों को ऋण की राज के पास तो हणों को देखने के लिये सदा बलों को देखने के लिये चाहता हूँ।
5	सभी बच्चे माताओं के साथ खेलेंगे।	सभी बच्चे मातृ-ओं के साथ खेलेंगे।
14	हे जटायु ! मेरी सुमुखी भार्या सीता को कौन ले गया है ? उसे बताओ। अहो! तुम मेरे कार्य के लिये मारे गये। अतः अवश्य ही तुम मेरे प्रिय बन्धु हो" ॥	हे शुभे! मेरे द्वारा कहा गया मेरी पत्नी मुझे क्यों नहीं छोड़ं ? सुने तो मुझे मेरे लिए प्रिय हो। अब मुझे प्रिय हो, तुम मुझे बताओ ॥
6	आठवें दिन फल को हिमाचल प्रदेश से जाना जा सकता है।	आठवें दिन हिमाचल प्रदेश के साथ फल जाना जा सकता है।
6	ये ही मिलकर या अलग-अलग हमारे पर्यावरण को बनाते हैं।	वे मिलकर मिलकर अलग से अधिक पर्यावरण बनाते हैं।
4	फल और छाया से युक्त महान वृक्ष सहारा लेने योग्य होता है।	फल और छाया से युक्त महान वृक्ष आश्रय लेने योग्य होता है।
9	यह समूह स्वकीया पत्रिका गुरुत्वा के नाम पर प्रकाशन करेगा।	समूह यह गुरु का गुरु है।
8	जिलाधिकारीओं और संकुल के उत्कृष्ट विद्यालयों के निर्माण के लिए प्रारंभिक रिपोर्ट जारी करने के लिए कहा गया है।	जिला अधिकारी ने विकास और उत्कृष्ट विद्यालय के निर्माण के लिए शुरुआत बनाने का निर्देश दिया।
14	शंकर ने प्रसन्न होकर अर्जुन को पाशुपतास्त्र देकर मनुष्यों में उसका प्रयोग प्रतिबंधित किया जाएगा ऐसा कहा।	शिकार खुश होकर उसने जीता, शुपुए को नुकसान देकर मनुष्य में उसका प्रयोग किया।
4	नाम बदल कर लिख रहा हूँ	नाम बदल कर लिख रहा हूँ
4	पति - खाएगा ।	पति - खाएगा ।
6	तो अब मैं विद्या प्राप्त करने के लिए गुरुकुल जाता हूँ। (प्रणाम करता हुआ चला जाता है)	वे सभी वेद पढ़ने के लिये गुरुकुल जा सकें। (सभी) हे। (गामें)। (आपकाकरण करने जा रहा है)।
10	अगर तुम ऊंचा बोलता है तो मैं तेरी बात सुन सकता हूँ।	अगर तुम ऊँचे बोलते हो तब मैं तुम्हारा भाषण सुन सकता हूँ
17	विडम्बना है कि पारे को प्राप्त की आधुनिक पद्धति इस पुस्तक में देने का ही संस्कार है, केवल आधुनिक साधनों के साथ ही ..... यह बहुत महत्वपूर्ण है।	विडम्बना है कि पार, पारस से आधुनिक इस पुस्तक में दी जाने वाली इस पुस्तक तक के संस्कृत के साथ है, केवल आधुनिक साधनों के साथ है।! यह बहुत महत्वपूर्ण है।
7	राम के साथ लक्ष्मण भी वन को गया था।	राम के साथ लक्ष्मण भी वन में गया था ।
3	क्या वह खेल रहा है?	क्या वह खेलता है?
1	दुःखी होना	उसको
7	गिरफ्तारी अभियान में सात जिलों के सैकड़ों आरक्षकों ने भाग लिया।	सात लोगों के लिए आने वाले सौ लोगों ने अपना नाम बताए गए हैं।
5	सत्य का प्रचार बहरे कानों को भी खोल देता है।	ऋष्यमूक पर्वत पर एक बार फिर का वृक्ष हुआ।
1	अपराध	गुनाह
5	दुर्गावती का विवाह किसके साथ हुआ?	किले का विवाह किसके साथ हुआ?
1	अतिशय	अतिशय
8	क्षमा करियेगा , मैं वो काम भूल गया / भूल गई।	क्षमा करियेगा , मैं वो काम भूल गया।
4	आपकी पुस्तक.... ऐसी ही ।	आपकी पुस्तक हमारा पुस्तक है। इसी प्रकार आपका पुस्तक
6	दक्षा – मैंने तो आधा याद किया।	दक्षा – मैं तो आधा याद कर लिया।
2	वह कौन है?	वह कौन है?
4	उन्होंने वेदों का अध्ययन किया है।	वे वेदों का अध्ययन किया।
9	इसके पश्च्यात स्थूल भूतों से विराट् उत्पन्न हुआ और विराट् पुरुष से यह सम्पूर्ण स्थावरजंगम संसार प्रकट हुआ ॥	तदनन्तर समस्त लोकों को लटकने वाले हों। जब बेर ने पंगों से युक्त होकर यह संसार एक ही है ॥
12	परन्तु रावणकरमुक्त होकर वह महान् शूल ने रामकार्मकुन्तला समेत सभी बाणों को पक्षियों की तरह जला दिया।	लेकिन रावणकर मुक्ति के साथ-साथ बहुत से राम के समान, सब -कारक जी के समान पाए के गपुंछ से सभी बाणों को निर्यात किया।
10	मतदान के बाद सभी मतपेटियों को दिल्ली ले जाया जाएगा और मतपत्रों में फेरबदल किया जाएगा और बुधवार सुबह 10 बजे से गिनती की प्रक्रिया शुरू होगी.	मतदान के बाद, मतदान के दौरान सभी दिल्ली के मतदान पत्रों को दिया जाएगा। बुधवार को वह बुधवार बजे उठेंगे।
6	नहीं समझ आ रहा है कि आज शब्द कहाँ गए।	नहीं समझ आ रहा है कि आज शब्द कहाँ गए।
4	वहां कौन पढ़ रहा है।	वहाँ कौन पढ़ता है ?
13	परन्तु उसी समय कृपापात्र ने अत्यधिक चातुर्यपूर्वक दुर्योधन के साथ रथ पर चढ़कर उसके प्राणों की रक्षा की।	परन्तु उसी समय कृपा से बहुत से कोगिड़ा के साथ रथ पर चढ़कर उनके प्राण रक्षा की गई।
5	अभिनय से पहले वह अभ्यास करता है।	अभिनय से पहले वह अभ्यास करता है।
6	मैं रात को तुम्हारे पास आऊंगा।	मैं रात में तुम्हारा पास आऊँगा।
10	जनजागरण संस्थान धर्मशाला अब हिमाचल प्रदेश के केंद्रीय विश्वविद्यालय के धर्मशाला के विषय में विवादास्पद हो गया है।	इस समयगरण संस्थान धर्मशाला अब हिमाचल प्रदेश के केंद्रीय विश्वविद्यालय की धर्मशाला के बारे मेंवाला हुआ।
1	(रूट) स्थिर बनाने के लिए अचेत करने के लिए	चोटी करना
19	उस आयोग के अन्य सदस्यों में भगवान सहाय, एस चक्रवर्ती, एमएल धर, एमवी माथुर, जी पार्थसारथि और अन्य प्रमुख हैं।	उनके आयोग के अन्य सदस्यों में भगवान क.एस, एस.एस.एस, एम.एस.सी, जिथ ।
5	उसने अपना वाहन तेज चलाया ।	उसने उसे वाहन तेज चला।
5	उनका सात्विक स्वभाव सबको पसंद आता है।	उनकी सात्विक स्वभाव सबको पसंद है।
8	वह मित्र पूछता है –कहाँ नियुक्ति पाई ?	वह मित्र पूछता है – कहाँ नियुक्त किया है ?
8	अखिलेश खान ने अपने अग्रिम फिल्म का भी चित्रिलन प्रारम्भ किया।	अखिलेश खान ने अपने को फिल्म की फिल्म के चित्रित्रीतल भी शुरू किया।
9	मंदिरन्यास ने स्थल का चयन कर अब आगामि कार्य योजना को अंतिम रूप से तय किया है।	मंदिरन्यास और स्थल पर स्थल का चयन करके अब अगले से अंतिम रूप से निर्णय किया जा रहा है।
4	नागेन्द्र घर के बगीचे में आम उगाता है	नान्द्रन्द्र घर के आँगन में आम का पेड़ उगाता है।
8	कार्यक्रम की शुरूआत दीप प्रज्ज्वलन से हुई, और अतिथियों को सरस्वती पूजा से हुई।	कार्यक्रम की शुरुआत दीप प्रज्ज्वलन, अतिथि सरस्वती की पूजा से हुई।
4	यह पुस्तकें चुराता है।	यह पुस्तकें चुराता है।
13	ऐसा सोचकर दूसरी ओर देखते हुए एक चिड़े (पक्षी) को चोंच से घास-तिनके आदि उठाते हुए देखा। वह (बच्चा) उस (चिड़े) से बोला	ऐसा सोचकर और कहीं भी बनाकर लेला ने बना दिया कि वह एक खूब भाग ले लिया। उन्होंने कहा कि एक-दूसरे पर मोटी और काँटों परटक है।
8	राजा बोला- हे मनुष्य तुम नहीं जानते मैं कौन हूं।	राजा बोला - पुरुष, नहीं जानते हो , मैं कौन हूँ?
3	क्षमाशील मनुष्य अपने सब कार्य सिद्ध कर लेता है।	क्षमा में ही सब कुछ साधित करती है।
8	जब वह हृदय के स्थान पर ही रहता है तब नामरूपी फल मिलते हैं।	जब वह हृदय स्थान पर ही रहता है तब नामित हो जाता है।
9	रघुनाथपुर विश्व हिंदू परिषद के प्रांत अध्यक्ष लेखराजा को निमंत्रण देने के लिए कुल्लू में रघुनाथपुर पहुंचे।	श्रीरामपुर विश्वहिपित प्रांत के अध्यक्ष लेखराज तिवारी को कलराज ने कहा कि कुल्लू को महापुर में प्राप्त किया गया है।
10	(इसी समय बाघ और चीता भी नदी के जल को पीने के लिए आ गए, इस विवाद को सुनते और बोलते हैं)	(एकेले से बाघ का भी नदी के जल का भी नदी है, इन विवादों के अनुग्रह से युक्त यह वरण मेरे सामने न तो कहो और बताओ ।
4	यह किसका चित्र है?	यह किसका आकांक्षी है?
22	शिक्षा विभाग के अतिरिक्त मुख्य सचिव के.के. पाठक ने स्कूलों में अध्ययन के समय सुबह 10 बजे से शाम 4 बजे तक शाम 5 बजे तक परिवर्तन के आदेश पर आपत्ति व्यक्त की।	मुख्यमंत्री अखिलेश कुमार ने शिक्षा विभाग के अतिरिक्त मुख्य सचिव के.के. पाठक के रूप में अध्ययन समय सुबह 10 बजे से शाम 5 बजे तक शाम 5 बजे तक परिवर्तन का आदेश दिया।
11	उन्होंने कहा, "इस समारोह के लिए मुझे विश्वास नहीं है"।	इस समारोह के आयोजन के लिए मुझे विश्वास नहीं किया गया था।
7	विवाह में रेलमार्ग से हॉलीवुड तक तारे भी प्रदर्शन करेंगे।	विवाह में रेलमार्ग से पत्तों तक ताराओं को भी प्रदर्शन करेंगे।
6	नहीं, मैंने रेगिस्तान नहीं देखा।	नहीं, मैंने रेगिस्तान को देखा है ।
4	फ्रांस लगातार दूसरी बार फाइनल में.	दूसरे में दूसरे बार दूसरे बार फ्रांस के अंतिम प्रतियोगिता।
7	आज तो उसके घर मांगलिक काज हो रहा है।	आज तो उसके घर में मागल काम हो रहा है।
10	विपक्षी नेता जयराम ठाकुर ने कहा कि बगीच स्कूल के वार्षिक कार्यक्रम में मुख्य अतिथि के रूप में बुलाया गया था।	प्रतिगारी विद्यालय विद्यालय में मुख्य अतिथि के रूप में आम जनता को आमतौर पर एक संवाददाता सम्मेलन में कहा गया है।
14	मंत्री वी एन वसावा ने कहा कि मल्लिका साराभाई सामाजिक परिवर्तन के लिए साहित्य और कला को प्रयोग के स्तर पर लाने के लिए प्रतिबद्ध हैं।	मंत्रालय ने सामाजिक भी साहित्य के लिए साहित्य और कला के प्रयोग से बनाने के लिए, वह मल्लिकेश से, मंत्रीओं के निवास के लिए कहा है।
2	देख हाथी और सिंह की लड़ाई।	देखने की इच्छा रखने वाले कोख
9	वहाँ चतुर्दश वर्ष की उनके अध्ययन के लिए राजेन्द्र अध्यापक जी के संस्कृत स्कूल में नाम दर्ज किया गया।	वहाँ चौदह वर्ष की अध्ययन के लिए राजेन्द्रा में एक संस्कृत शिक्षक नाम का संस्कृत ने किया।
7	पोता - यहाँ आवाज़ कभी नहीं होती है ।	पोता - यहाँ शोर कभी नहीं होता है ।
4	बच्चे के मुँह पर फुंसियाँ हो गई हैं।	बच्चे के मुँह पर फुंसियाँ हो गई हैं।
11	दो नाबालिगौ समेत पचास लोग देश में शरण प्राप्त कर केवल फ्रांस में ही खड़े थे।	दो बालकों ने नब्बे लोग पच्चीस लोग देश में मगरमच्छ में ही रखी।
4	वह माँ के पास जाता है।	वह माँ के पास जाता है।
4	विशाखा अपने कान पर झुमका लगाती है।	विशाखा अपनेकर्ण में कान का झंडा रखती है।
4	माँ कैसे उतरती है ?	माँ कैसे उतरती है ?
7	सनकादि पार्षद गण उनकी स्तुति करते हुये इन्हें चारो तरफ से घेरे हुए खड़े थे और शंख, चक्र, गदा, पद्म तथा वनमाला के साथ श्री हरि सुशोभित हो रहे थे ॥	स्तुति करते हुए उस बल से, तपस्वी (अंग आदि) इन (ियों से) प्रलय काल तक जो पाताल को नष्ट कर दिया है ॥
6	राज्य सरकार ने हिमाचल प्रदेश के आरक्षण अधिकारियों को भरने का फैसला किया है।	राज्य सरकार ने हिमाचल पुलिस अधिकारियों को एक भ, भरने की घोषणा की।
12	कैबिनेट ने लोक निर्माण विभाग का मेरालीगखंड को अर्की विभाग से सोलन विभाग में लोगों के सुविधा में स्थान देने का भी निर्णय लिया है।	मंत्रिमण्डल ने लोक निर्माण विभाग को मेरी और मेरे विभाग से सोलन विभागों को स्थान देने का भी निर्णय लिया है।
6	बर्फबारी और भारी बारिश के कारण जिले में ठंडी लहर बढ़ी है।	बर्फ की बारिश के कारण जिले में ठंडी लहर बढ़ी है।
5	पाँच मिनट तक दोनों ने विश्राम किया।	पैंती तक दो विश्राम हो गए।
1	सामग्री होश के साथ संपर्क से	संस्कृत
3	चाचा चाची नहीं हैं ।	चाची गुदड़ी नहीं हैं ।
1	लंगड़ाना	एक कुत्ता
8	उससे स्वयमेव सत्कर्म होगे जैसे बादल वर्षा करते हैं।	उसके द्वारा ही सत्कर्म में कानों को वर्षा करते हैं।
6	ऐसे एक आपका ही निरन्तर अनुसरण करता हुआ अन्य सब मनोरथोंसे सर्वथा रहित और आपका ही ऐकान्तिक नित्यदास होकर मैं इस जीवनको सनाथ मानता हुआ कब आपको सन्तुष्ट करूंगा	आप ही पृथ्वी के भार (परमग) को मैं कब दूसरे के रस का त्याग कर करूँगा। इस प्रकार एक ही सूर्य के वृक्ष के समान एक बड़ी ॥
5	तुम्हारी बहन की क्या उम्र होगी ?	आप की बहन कितने वर्ष की है ?
9	ऊर्जापूर्ति-समस्या से ग्रस्त जापान का चंद्रमा-लैंडर ने सप्ताह के बाद फिर से प्रक्षेपण शुरू किया।	ऊर्जा की चंद्रमा की संख्या, लापता के चंद्रमा पर, इंग्लैंड की चंद्रमा की ओर से प्रलय फिर शुरू हुई।
6	मैं घर पर उसे छोड़ कर आ गया।	मै घर में ही आ गया ।
25	श्री मोदी की अध्यक्षता में केंद्रीय मंत्रीमण्डल ने अंतरिक्ष क्षेत्र में प्रत्यक्ष विदेश नीति कीशोधन के लिए मंजूरी प्रदान की है इस तरह, उपग्रह का उपक्षेत्र हर क्षेत्र में प्रत्यक्ष विदेश निवेश के लिए परिभाषित किया गया है।-उन्होंने तीनों समितियों के साथ अलग-अलग कार्यों में विभाजित किया है।	श्री मोदी ने आंध्र प्रदेश के इनकी यह यात्रा के दौरान अंतरिक्ष-क्षेत्र में प्रत्यक्ष रूप से स्वीकार करने के लिए को उपग्रह दिया गया है कि उपग्रह के अधिकारियों द्वारा इस क्षेत्र में प्रत्यक्ष रूप से क्षेत्र में अलग-अलग कार्यों में अलग-अलग स्थानों पर अलग-अलग निर्देश दी गई है।
5	मेरा संकल्प – मैं मतदान अवश्य करूँगा	मेरा संकल्प नमन अवश्य कर करूँगा।
6	शायद वह संस्कृत के विकास के लिये काम करेगा	कभी संस्कृत का विकास करने के लिये वह कार्य करे
6	परमेश्वर , उसकी आत्मा को शान्ति दें ।	परमेश्वर , उसकी आत्मा को शान्ति दें ।
4	दादीजी के लिये कुर्सी लेता है	दादीजी के लिये कुर्सी लेता है
5	फिर देखने के समय नए मतदाता पंजीकृत हो गए।	फिर भीरीक्षण समय में नए मतदाता पंजीकरण हुए।
1	मिर्ची	कालीमिनार
9	इस ऐतिहासिक दृश्य में पूरा शहर फूलों, प्रकाश और दीवारों के चित्रों से सुशोभित है।	इस ऐतिहासिक क्षण में पूरा शहरों द्वारा प्रकाशित दो फिल्मों को सुकर्मा की फिल्म में ध्यान किया गया है।
8	गुण और कर्मों के विभाग से चातुर्वण्य मेरे द्वारा रचा गया है। यद्यपि मैं उसका कर्ता हूँ, तथापि तुम मुझे अकर्ता और अविनाशी जानो।।	मैंने चबाचर्य का द्वारा ही मुझे गुणों का विभाग नहीं किया। उसके कर्तव्य को भी जानने के लिए तुम उनके योग्य निश्चय करो, उसका कर्तव्य है।।
10	वनवासियों के प्रिय राम आदि रथपर चढ़कर ही वन को जायेंगे। ऐसा कह ये सीता और लक्ष्मण के सहित राम को देखकर दुःख से पृथिवी पर गिर पड़े और आँखों में आँसू भरकर रोने लगे। तब रामजी के देखतेदेखते शीघ्र ही सीताजी रथ पर चढ़ीं ॥	हम रथ पर चढ़िये और वन को जाने के लिये वन में चलें। ऐसा कहकर सीता और लक्ष्मण के साथ रामजी के साथ सीता को आलिङ्गन करके वन को चल दिया। तत्पश्चात् सीता, लक्ष्मणजी के साथ वन है। वह सीता और लक्ष्मण के साथ वन में चल पड़े ॥
42	''संस्कृत बालगीतक सम्मेलन का''सनीपत के ऋषिहुड विश्व विद्यालय के राष्ट्र स्कूल ऑफ पब्लिक लीडरशिप के अध्यक्ष संस्कृत शिशु मनोविज्ञान मंत्री प्रो. एस.के., यहीं दिल्ली के राष्ट्रीय संस्कृत हैं-संस्थान का अकादमिक व्यवहार-शिष्यकल्याण विभाग के अध्यक्ष एवं वरिष्ठ संस्कृत सुभाष प्रो. एस.के. नेबलमाली विश्वाल ने सारस्वता अतिथि के रूप में उपस्थित होकर कवियों का उत्साह बढ़ाया।	''संस्कृत बाल
8	वहाँ महिलाएँ छपाई, टाइप और लकड़ी की कलाकारी आदि का प्रशिक्षण भी लेती थीं।	वहाँ तीनियोर्दून-ट्रे-टंडदी और प्रकृति भी मिलते थे।
3	आप भोजन करिये।	आप भोजन करिये।
6	मामा – तुम माँ की चिन्ता कर रहे हो।	माइक्रता – तुम माँ की चिन्ता करती हो।
3	स्वच्छता सबको पसन्द है।	स्वच्छता सबको पसन्द है।
12	श्रीनन्दनन्दनके चरणारविन्दोंमें धीरे-धीरे उसी (भगवन्नाम ही ) - का उच्चारण कर ।।	हे राम ! मैं नन्दनन्दन वन में सुखपूर्वक सामने स्थित प्रसन्नता का रूप धारण करता हूँ। अपने भाई के विषय में मेरा कोई नहीं चाहिये ॥
5	उसके साथ गुड़ भी था।	उसके साथ गुड़ भी था।
9	चन्दन – सखियों के साथ ! मेरे साथ नहीं (दुःख का अभिनय करता है)	चन्दन – मित्र! न! मेरे साथ मैंने विषय नहीं पढ़ता है।
5	देवांग उस वृद्ध को मार्ग दिखा रहा है	देवांग उसको वृद्ध मार्ग को दिखाता है ।
3	मुख में गीलापन नहीं है।	मुख में गीलापन नहीं है।
10	वह सीता मैथिली, वैदेही, द्रौपदी, पाञ्चाली, येज्ञसेनी इत्यादि अनेक नामों से विख्यात हैं।	वह सीता मैथिली, वैदेही, द्रौपदी और द्रौपदी की वह अनेक प्रकार की प्रसिद्ध हैं।
6	मत करो , मत करो रास्ते को अस्वच्छ।	मत करो, मत करो।
4	चंचल ने वृक्ष के पास जाकर पूछा।	चंचल वृक्ष पास से पूछा ।
19	लोकगीतों में परम्पर के साथ कार्य करने वाले बीच मार्ग से, धुन की परिवर्तन, गीता लिखना, पद्मश्री पण्डित सोमदत्त बट्ठ ने इस विषय पर चिंता व्यक्त की कि इसे व्यावसायिक रूप से स्वीकार किया जा रहा है।	लोकगी तक परंपरा के साथ किए हुए मध्यम मार्ग में सेन का स्थान, धुनन, उनका जो व्यावसायिक रूप से है, उस विषय में पद्मश्री पटोनेमा किया।
6	उसके पिता रत्नलाल धर्माणी सेवानिवृत्त शिक्षक हैं।	उसके पिता रत्नलाल को सेवानिवृत्त शिक्षक हैं
7	जो निःसंकोच बोलता है वह ही सफल होता है ।	जो निःसंको बोलता है वही सफलता है।
7	परन्तु मैं फिर भी इस युद्ध के लिये तैयार हूँ।	परन्तु फिर उस युद्ध के लिये तैयार हो गया।
9	अनुराग ठाकुर, इस निर्णय के लिए प्रधानमंत्री नरेंद्र मोदी, केंद्रीय रेल मंत्री अश्विनी वेष्णव ने आभार व्यक्त किया।	अनुराग ठाकुर ने इस निर्णय के लिए प्रधानमंत्री नरेंद्र मोदी, केंद्रीय रेल मंत्री के रूप में आज आपका आभार प्रकट किया।
8	एक मिनट की भी देरी होती तो मैं निकल जाता ।	एक मिनट भी देर हो गया तो मैं गया।
4	आप क्या ढूंढ रहे है ?	आप क्या ढोते हैं ?
4	भारत की दो प्रतिष्ठा क्या हैं?	भारत के दो प्रतिष्ठित कौन-से हैं?
8	कोई- कोई अपने देहके भीतर चित्ताकाशमें विराजमान प्रादेशमात्र ( बित्ताभरके ) चतुर्भुज पुरुषको, जो शङ्ख, चक्र, गदा और पद्म धारण किये हुए हैं, धारणाद्वारा स्मरण करते हैं	किसी रोग से देदीप्यमान पुरुष के शरीर के बाहर (धन) चलाते हुए चारों ओर से घिरे हुए चारों ओर मुख-पुंध शहद से युक्त चार अंग अपने शरीर को याद करते हैं।
12	पिछले साल मानसूनर्ती राज्य में प्राकृतिक विपत्ति हुई थी, उसके बाद सरकार ने बड़ा निर्णय लिया।	पिछले साल मानसून में राज्य में जो कहा गया था, फिर भी सरकार ने बहुत निर्णय लिया है।
26	गौरतलब है कि इससे पहले एचएससीए द्वारा सरकारी प्राथमिक पाठशाला रेडेंडर, मंडी द्वारा स्वीकृत थी और वहाँ मूलभूत सुविधाओं को मजबूत करने के साथ विद्यार्थियों को विज्ञान के क्षेत्र में अपनापन करने के लिए प्रोत्साहित किया गया था।	गौरतलब है कि इससे पहले एचएससीए) राजकीय प्राथमिक पाठशाला है, मंडी को अंकों को बढ़ाने और वहाँ से मूलभूत सुविधाओं के साथ-साथ मूल और अन्य सुविधाओं के साथ अपने क्षेत्र में अपने-अपने कार्यों में अपने आप को प्रोत्साहित किया जाएगा।
3	आओ मिलते हैं।	आइए ,
10	इसीलिए वह कार्य पूरी तरह से छोड़ दीजिये, और प्रसन्नता के साथ पशुगण कृपया रक्षा करें।	इसलिए वह कार्य पूरी तरह से छोड़ भी चाहता है, ही वह प्रसन्नतापूर्वक रक्षा करनी चाहिए।
5	हाँ जी हाँ मेरे घर में घुसे।	हाँ हाँ मेरे घर गया है।
1	करना चाहिए।	कार्य, काम
6	इस प्रकार परस्पर बातचीत करते हुए देवगण स्वर्गलोक चले गये। तब श्रीरामचन्द्रजी सोचने लगे कि यह अधम राक्षस हा लक्ष्मण! इस प्रकार मेरी बोली में कहकर प्राण क्यों छोड़ा ? मेरे वाक्यों को सुनकर सीताजी की क्या दशा होगी ? ।।	इस प्रकार समस्त देवता को इस प्रकार देखकर वे विष्णु ने कहा।
5	अमेरिका में भी संस्कृत भारती का कार्यालय है।	अमेरिका में भी संस्कृत भारती का कार्यालय है।
6	दिव्यांग बच्चों के साथ समय बिताया।	दिव्य बालकों ने बालकों के साथ समभाव बिताया।
15	केंद्रीय मौसम विज्ञान केंद्र शिमला के अनुसार, दिसंबर को राज्य के सभी हिस्सों में मौसम साफ ही होगा।	मौसम विज्ञान केंद्र शिमला के अनुसार, दिसंबर को राज्य के सभी हिस्सों में वातावरण स्वच्छ ही होगा।
1	बेटा	हे भाई
9	सियार-यदि ऐसा है तो मुझे अपने गले से बाँधकर जल्दी चलो।	जम्बुक: यदि इस प्रकार मुझे निलंबित करके घूमना, मोबाइल से अथवा चलिये।
5	इसी कारण स्वाधीनता सेनानियों के दो दल थे।	इसलिये स्वाधीनता से द्वेष रखने वाले दो दले का अस्तित्व करना चाहिये।
15	अतः व्यासदेव बोला जो भी काम करना है, उसे नारायण को समर्पण करना चाहिये क्योंकि शरीर से वाणी, मन से इन्द्रियों, बुद्धि से आत्मा का नाश हो जाता है।	इस से व्यासदेव ने कहा कि य भी काम सेन, वह नारायण को, वह नारायण के रूप में किसी प्रकार से मन पूर्ण होकर वैभव से मुक्त हो गया।
1	रात्रि	तमिगा
5	मनोहर परिक्कर जी गोवा राज्य के मुख्यमंत्री थे।	मनोहार पर बिगाड़ा गोभी राज्य के मुख्यमंत्री थे।
9	खेल मंत्री अनुराग ठाकुर ने नई दिल्ली में पहला बिम्सटेक एक्वाटिक जीती-प्रतिस्पर्धा को खोला।	खेल मंत्री अनुराग ठाकुर ने नई दिल्ली में प्रसिद्ध बिल्कुल एक दूसरे विजेताओं को खोला।
11	उस कन्या से पुलस्त्य नन्दन विश्रवा ने त्रिलोकी में विख्यात एक पुत्र उत्पन्न किया। वह विश्रवा का पुत्र अपने पिता के समान तेजस्वी था। ब्रह्माजी ने भी उसकी प्रशंसा की थी ॥	उनके इन दोनोंमें जो ब्रह्मपुत्र ही अपनी जोलमेटको छोड़कर श्रीरामचन्द्रजीके उचित ध्यानमें ही राम वनमें प्रवेश किया ॥
5	उसके पुस्तकालय में अनेक पुस्तकें हैं ।	उसकी पुस्तकालय में बहुत पुस्तकें हैं ।
8	प्रातःकाल होते ही विदेहपुर जनकपुर में पहुँच कर विश्वामित्र जी ऋषियों के निवास स्थान में ठहर गए। श्री विश्वामित्र जी का आगमन सुनकर अत्यन्त प्रसन्नचित्त जनक जी पूजन सामग्री लेकर अपने पुरोहित के साथ विश्वामित्र जी के पास आये और साष्टांग दण्डवत् कर उन्होंने श्री विश्वामित्र जी की पूजा अर्चना की ॥	 ⁇ -19 का कोई समय तक चला ।
9	यह बात मार्च में इंटरनेशनल हैप्पीनेस डे पर प्रकाशित एक रिपोर्ट में कही गई है	यह विवरण 2,000 जून को अंतर्राष्ट्रीय दिवस पर प्रकाशित किया गया है।
1	डरे स्वर से ।	कांपना
14	लगभग पांच वर्ष की अवस्था वाले कृश महिलाओं ने उर्ध्वता वर्षा की, उनके आयु, परम संकल्प और स्वप्न को बहुत बढ़ाने के लिए प्रेरित किया।	कृष्णका ने लगभग 10,000 वर्षों तक वर्षा की आय और उनके लिए दो साल में संबंधी समस्याओं का-बताया गया है कि वेबली चेंच के पास आने वाले लोगों को एक साथ छोड़ने के लिए।
11	वास्तव में इस रास्ते में छह मीटर तक राष्ट्रीय राजमार्ग के पास स्थित पहाड़ फिसल गया है।	वास्तव में छह-यह सातवीं कक्षा तक राष्ट्रीय राजमार्ग के पास हुआ है।
19	मौत का संदेश देने वाले आईएस प्रवक्ता ने यह नहीं कहा कि अल-हुसैन मारा गया है. अबी हफ़सन अलहाशिमी को कथित तौर पर नया नेता नियुक्त किया गया है।	मृत्यु के बाद, यह ने कहा कि मरने के लिए यह ने कहा कि सब को नहीं जानता था कि नई के अन्त में अब तक मारा गया था।
9	मैं प्रतिमाह बिजली खर्च करने में चार करोड़ रुपये का लाभ उठाऊँगा।	इस में हर महीने बिजली का खर्च करने में चार करोड़ रुपये का लाभ होगा।
5	बालक कार्य कर सकते हैं।	लड़के कार्य कर सकते हैं ।
6	उच्च वर्ग वाले उनका मज़ाक उड़ाते हुए कुएँ से जल निकालने के लिए मना कर रहे थे।	उच्च वर्ग में पानी की लहरा रही है को कुएँ से जल लाकर धिक्कार करते हैं।
9	उसने पूछा – पत्नी के साथ संस्कृत में बात करते हो ?	वह पूछा – भारत के साथ संस्कृत में बात करता है ?
16	उन्होंने कहा कि जब तक बच्चे विद्यालय जाते हैं और नहीं लौटते हैं तब तक मातापिता के ऊपर प्रभाव ही रहता है।	उन्होंने कहा कि बच्चे विद्यालय जाते हैं जब तक माता पिता के ऊपर प्रभावते हैं तब माँ पंख पर प्रभाव ही रहता है।
9	पहले पारी में दक्षिण अफ्रीका के कायल वेरिन ने सबसे अधिक 15 रन बनाए।	पहले कप में दक्षिण अफ्रीका के कौर ने सबसे अधिक और सबसेर की सबसे बड़ी घरेलू रन बनाए।
3	माल रेल भी जाती है।	पत्नी भी जा रहे हैं।
1	फीस	महसूल
3	परन्तु स्मरण करके बताऊँगा।	परन्तु स्मरण करके कहूँगा।
9	यहां भी उन्होंने सबके सामने अपने जाग रहेलोकगान स्वर का प्रदर्शन किया।	यहां भी उन्होंने सबका सामने अपने रहने का प्रदर्शन किया।
1	साफ़	निर्मल
3	आओ मिलते हैं।	आइए ,
5	इस में थोड़ा सा भी पाप नहीं है।	इस लेश भी पाप नहीं है।
2	इसे छोड़ दो	कभी नहीं कई गिलास
9	आज समस्त संस्कारों में मनुष्य विद्वत्तारहित है, अनेक प्रकार के सुख-दुःख और वर्धमान दिखाई पड़ते हैं।	आज सभी जीवों के लिए मनुष्य केपद को ग्रहण किया गया है, और विभिन्न पर संमानी दिखते हैं।
1	गांव का नायक	गाँवों
3	वह अखरोट खाता है।	वह सेरोट खाता है।
7	पुराण में सम्पूर्ण ब्रह्माण्ड का वर्णन है, इसलिये इसका अभिधान ब्रह्माण्डपुराण है।	पुराण में सभी ब्रह्माण्ड का वर्णन है, इसीलिए यह ब्रह्माण्डपुराण है, इसलिए ब्रह्माण्डपुराण की यह ब्रह्माण्ड है।
4	हाँ, तुम्हारा संक्षेप का प्रश्न है।	हाँ, सही से प्रश्न है।
4	रसिक के द्वारा फूल सूँघा गया।	रसिक से पुष्पों को अच्छा ।
4	वह यज्ञ करता है	वह यज्ञ कर रहा है ,
1	इसको ।	यह
1	देखने को	देखना
9	''ब्राह्मण को नहीं मारना चाहिए'' इत्यादि उक्तांतों में ब्राह्मणत्व के जातियों का हनन असम्भव था।	''ब्राह्मणो नहीं करना चाहिए''ऐसा जो ब्राह्मण की पूरीता को पूरी तरह से अ।
6	स्त्रियों के लिए संस्कृत शिक्षा लगभग अप्रचलित थी।	स्त्रियों के लिये संस्कृत की शिक्षा प्रायः चल रही थी
7	नहीं कोई विशेष नहीं ।	सामा - नहीं , किसी को कुछ भी नहीं करना चाहिए ।
8	दुबई-शहर जाने का विषय भी यहाँ प्रासंगिक नहीं है।	दुबई जाने के जाने का विषय भी यहाँ प्रासंगिक नहीं है।
7	मंदिरों में, धार्मिक कार्यक्रमों में, विभिन्न स्थानों पर शोभायात्रा भी हुई.	मन्दिरों में, धार्मिक कार्यक्रम, विभिन्न स्थानों पर शोभायात्रा और निकाला।
6	अनेक लोग घर में भोजन नहीं करते हैं।	अनेक लोग घर पर भोजन नहीं करते हैं।
4	बहुत से लोग सत्संग में जाते हैं।	बहुत से लोग सत्संग जाते हैं
1	सिलाई करता है	टांके
7	संस्कृत (साहित्य) में विद्यमान सूक्तियाँ उन्नति के लिए प्रेरित करता हैं। जैसे-	संस्कृत में विद्यालय के निर्माण को ही मैथुन के लिये प्रेरित करते हैं,
1	नहीं है।	नहीं है
11	श्रीपद - जघा और पिण्डलियो मे आश्रित्य मास और रक्त मे स्थित तीव्र कफ दोष, पाव मे आकर श्रीपद नामक शोथ को उत्पन्न करता है । यह शोथ मास रक्त और कफजन्य है। इसके लिये शिरामोक्षण और कफनाशक सम्पूर्ण विधि बरतनी चाहिये और सरसों का लेप करना चाहिये ।	वायुके आठों अंग इन सबको शब्द करते हैं और शरीर के तीन कारण मेरे हैं। तथा, बिना सोचे समझे काम करने वाले के लक्षणों को उनके पास रख देने वाले होते हैं। शरीर में उसका समय व्यतीत हो जाता है।
9	[मैया यशोदा बोलीं- ] अरे कन्हैया! अभी तुझे स्नान कराकर चन्दनादिलेपन किया और अभी -का- अभी तेरा शरीर धूलिधूसरित हो गया? ॥	इस समय वह कृष्ण के द्वारा रले हुए रलेप का चित्रण (पनिशूल), अंगूठा और नीले कमल के समान मुख से लाड़ के समान शरीर को उंगली दे ॥
14	इनमें से एक विद्वान अपने शोधन के माध्यम से कुछ नयन करे या ज्ञान के आयाम को प्रकाशित करे, यही अपेक्षा है।	इनमें से विद्वान अपने मानी से कुछ नई आप ज्ञान या ज्ञान का संधान (इसरो) होने पर होता है।
4	बच्चे के मुँह पर फुंसियाँ हो गई हैं।	बच्चे के मुँह पर फुंसियाँ हो गई हैं।
9	रूमतेक-घैयालवा कर्मपा उद्यान-इस परियोजना के आधारशिलाएँ भीवर्चुअल रूप में रखींगी।	रुधिर-ग्यालवा में या कार्य की आधार प्राप्त करने वाले परियोजना भी एक दूसरे के रूप में स्थापित करेंगे।
4	सरोवर में शेर पानी पीता है।	सररे में शेर को पानी पीता है।
3	उड़ना	कोई आधी रात में
7	बाद में, मुम्बयी विश्वविद्यालय के सार्वजनिक विधि महाविद्यालय से स्नातक के पदवी को प्राप्त किया।	बाद में, मुंबईयी विश्वविद्यालय के सर्वकरविधी महाविद्यालय से पद प्राप्त किया।
4	सतत कार्यों के द्वारा बच्चों में स्थिरता दिखती है।	हमेशा ही बालकों में स्थिरता दिखता है।
4	फूल बहुत बड़ा होता है।	एक फूल बहुत लम्बी होती है।
14	उन्होंने कहा कि इस योजना के तहत योग्य राज्यों और महलों को घरों के निर्माण के लिए लाख रुपये का वित्तीय सहायता प्रदान की जाएगी।	उन्होंने कहा कि इस योजना के तहत योग्यताों और एक महल के लिए लाख रुपये की आर्थिक सहायता दी जाएगी।
8	हम भी इतने क्षुद्र थे कि हमारे छोटे-बड़े घड़ों में कितना समाता ?	हम दोनों इसी प्रकार चढ़कर पर्दे के गश्तों में से कितना प्रसन्न हो सकते हैं।
16	उसका प्रिय, साहसी, वीर और इरावान पुत्र, जो सापन्याय में पैदा हुआ था, वह उस दिन वीरगति को प्राप्त किया।	उसका प्रिय, साहसी, वीर और वीर पुत्र इरादा, जो साँपकन्यास में हुआ था, वह उस दिन वीर ने प्राप्त किया।
5	मेरे एक मित्र ने पूछा	मेरे एक ने दोस्त पूछा ।
7	इस समय तूने श्रम किया है इससे नाड़ी शीघ्र चलती है।	अब तुम श्रम का रस उसका नस से शीघ्र होता है।
6	नामों ने भी गोलियां बजाने शुरू कर दी हैं।	नामित गोल के लिएातिक शुरू करने का प्रयास किया गया।
13	एक प्रश्न के उत्तर में उन्होंने कहा कि अयोध्या की हवाई अड्डा महीने के अन्त में बन जाएगा।	एक प्रश्न का उत्तर में उन्होंने कहा कि अयोध्या के विमानौनस्थानस्थानक महीने तक बनेगी।
14	अपने कमलोपम हाथसे चरणकमलको मुखकमलमें लगाते हुए वटके पत्तेपर सोये बालगोपालका मैं मन ही मन स्मरण करता हूँ॥	हाथ में, हाथियों के समूह को मैं विराम क्योंकि-गारी रहा हूँ, अपने पत्र के पत्र को मकुटी धारण करता हूँ। सदा मुकुन्द की बहिन को मन में स्मरण करता हूँ।
5	सभी दुराचारी युद्ध में मारे गए ।	सभी दुचारी युद्ध में मारे गए
7	काङ्ग्रेस में डर या आशङ्का नहीं है।	कांग्रेस का भय क्या नहीं है।
1	आधे कमल के समान मुद्रा	आधा का दूध
5	अभिनय से पहले वह अभ्यास करता है।	अभिनय से पहले वह अभ्यास करता है।
1	गैस सिलिन्डर	परकोड़ा
11	यह योजना जिला प्रशासन द्वारा मंगलवार को हवाई अड्डे के अधिकार क्षेत्र में गिरने वाले पंचायतों के प्रमुखों के साथ प्रकट की गई।	जिला प्रशासन ने मंगलवार को एक विमान के अधिकारियों के अधिकारियों के साथ एक योजना में प्रकट की।
20	जेपीनड्डा ने कहा कि भूपेश बागेल ने निर्धनों के लिए केंद्र सरकार की योजना को निलंबित कर दिया है, इसीलिए छत्तीसगढ़ के लोग और उसके सरकार को निलंबित कर दिया।	ज महिलाीनड्डा ने कहा कि राजाेशबेलेल ने निर्धन सरकारों को बना दिया है, इसलिए करना चाहिए इस सरकार ने उसको सरकार के लोग उस सरकार को निलंबित किया।
1	नदी के किनारे	नदी के किनारे
37	शुक्रवार को राजकीय सीनियर माध्यमिक विद्यालय रंगस, राजकीय माध्यमिक विद्यालय बनाना, राजकीय केंद्रीय प्राथमिक विद्यालय रंगस, राजकीय प्राथमिक विद्यालय बनाना और इन चार विद्यालयों के संयुक्त वार्षिक पुरस्कार वितरण समारोह बड़े खुशी से, हर्ष से, उत्साह से राजकीय सीनियर माध्यमिक विद्यालय रंगसा में, रंगसी, हमीरपुर जिले में आयोजित किया गया।	शुक्रवार को राजकीय वरिष्ठ विद्यालय, राजकी नई विद्यालय, राज भी नहीं है, राजकी भी है, राजकी प्राथमिक विद्यालय, राजनीस, राजदस, राजदशी और अन्य स्कूली विद्यार्थियों के संयुक्त पुरस्कार, और हर्ष के साथ राजकीय-अंग वाले से अधिक वरिष्ठ-अमित विश्वविद्यालय, रंगोली का भी नहीं है, एक की से का समापन।
7	वह दादाजी को प्रणाम करके सब कुछ पूछता है	वह दादीजी को प्रणाम करता हूँ ।
4	पुतला जलाने से कुछ भी नहीं होगा।	गुड़िया मर गया कुछ भी नहीं होगा।
4	शारीरिक शिक्षकों के लिए नियुक्त किया गया प्राधान दिया जाता है।	की में शिक्षकों की नियुक्ति आयोजित की जाती है।
1	जननी ने	माता
3	आप दोनों शिक्षिकायें।	आप दोनों शिक्षासे शिक्षण करते हैं।
5	ओ मेरी अच्छी दादीजी !	ओ मेरी अच्छी दादीजी !
10	मैंने यह विजय प्राप्त किया, रणे में रावण मारा और लंका को मैंने वशीभूत कर दिया।	मैंने जीता यह जीत हासिल किया, एवं रावण को मारने और लंका मैंने वन को मार दिया।
6	मैं " विद्यालय से " आ रहा हूँ !	मैं " विद्यालय से " आ रहा हूँ !
4	उसकी बात करने की शैली हँसी से भरी है।	उसकी बात करने की हयली हार्दिक हँसी से भरी है।
15	हिमाचल प्रदेश के मुख्यमंत्री मुकेश अग्निहोत्री की स्वर्गीय पत्नी सिम्मी अग्निहोत्री का अंतिम संस्कार शनिवार को गोंदपुर जयचन्द में किया गया।	हिमाचल प्रदेश के उपमुख्यमंत्री मुकेश अग्निहोत्री की स्वर्गीय को सीमित, अंतिम अग्निहोत्री की अंतिम संस्कार में शनिवार को गोदीनजयचन्द में (हरोली) किया गया।
10	प्रातः जब वह जागता है, तब वह शाकम्भ्री देवी की दर्शना करके राजधानी को जाता है।	प्रातः जब वह जागता है, तब वह सहमति देवी देवी की दर्शन करके।
4	विष क्या है? गुरुओं की अवहेलना।	क्या विषय है? अवधी-टूंथना ही गुरु है।
19	तब कुछ सोचकर प्रसन्न हुए श्रीरघुनाथजी ने यह देखकर कहा हे सौम्य राक्षसाधिप ! आप मतों के पास जल्दी आओ यह सूचित कीजिये।	तब कि कोई भी विद्धन कर रहा है। राघव ने ऐसा कहा कि सौम्य राक्षस को छोड़ दिया हे सौम्य राक्षस! मेरे पास शीघ्र ही इस महाविद् को आइए।
1	अपार ओजस्वी	आँखें स्नान
1	निर्मलता कण्डू खाज	बहुत सुख
3	ऑर्बिटर सुरक्षित है।	परिक्रमा सुरक्षित है।
6	1998 में पोखरण में परमाणु परीक्षण किया।	आठवें वर्ष में पोखरण में परमाणु परीक्षण किया गया- परीक्षा किया गया.
5	वे दोनों सत्य नहीं बोलते हैं।	वे दोनों सच कहें ।
10	मतदान के बाद सभी मतपेटियों को दिल्ली ले जाया जाएगा और मतपत्रों में फेरबदल किया जाएगा और बुधवार सुबह 10 बजे से गिनती की प्रक्रिया शुरू होगी.	मतदान के बाद, मतदान के दौरान सभी दिल्ली के मतदान पत्रों को दिया जाएगा। बुधवार को वह बुधवार बजे उठेंगे।
9	अनुद्योगी को उम्मीद है कि इस कमीशन के कार्यालय में शीघ्र ही भर्ती हो जाएगी।	इस आयोग कार्यालय में जल्द ही नियुक्त किया जाएगा।
2	देखानही	नहीं देखा
4	प्राचीन विमान कला का शोध	पुरानी आकाश की शोध
6	उसके बाद सभी शिक्षकों का संस्कृत में परिचय हुआ।	उसके बाद सभी शिक्षकों का संस्कृत में परिचय हुआ।
3	अपने आप पानी भरिये।	अपने आप पानी भरिये।
2	मैं बैठती हूँ	मैं बैठता हूँ
12	कई मंत्रियों, सांसदों और अन्य लोगों ने-प्रतिनिधियों ने विभिन्न जिलों में स्वच्छता अभियान में भाग लिया।	कई मंत्री, सांसद और अन्य लोगों ने लोगों को स्वच्छता-प्रतिस्पर्धी जिलों में स्वच्छता अभियान में भाग लिया।
21	सभा की अध्यक्षता कर रहे गृह सचिव अजय कुमारभल्ला ने कहा कि सद्य को भारतीय न्यायिकसंहिता में"हिट एंड रन"के मामलों में नए प्रावधान आज भी कार्यान्वित नहीं हैं।	सभा की अध्यक्षता की अध्यक्षता करके गृह कुमार अजय कुमार कुमार ने कहा कि सरकार पारस्परिक संहिता में"हिट एंड रन"उन्होंने मामले में नई प्रावधान आज भी लागू नहीं किया है।
12	एसडीएम मनाली रमण कुमार शर्मा ने कहा कि पर्यटकों की सुविधा का पालन किया जा रहा है।	एसडीएम मनाली कुमार शर्मा ने कहा कि पर्यटकों की सुविधा का पालन किया जा रहा है।
10	भरतजी का यह हठ देखकर श्रीरामचन्द्रजी ने अत्यन्त विस्मित होकर गुरु वसिष्ठजी को नेत्रों से संकेत किया ॥	यह सुनकर भरत जी हँसते हुए भरत को देखकर श्रीरामचन्द्रजी के पास जाकर बोला "हे राम! आप पहले से सम्पूर्ण लोकों को देखकर राम के कार्य को नहीं प्राप्त करने वाले गुरु को देखकर श्री राम ब और पूर्ण रूप को देखकर श्रीरामचन्द्रजी की कृपा से विचरने लगे ॥
12	जो लोग वेद आदि शास्त्रों का अध्ययन करने के बाद भी आत्मा परमात्मा के संबंध में कुछ नहीं जानते, वे आत्मज्ञान से रहित उस कलछी की तरह है, जो स्वादिष्ट साग सब्जी में तो घूमती है, परंतु उसे उसके स्वाद का बिलकुल भी ज्ञान नहीं होता |	वेदवेत्ताओं को धर्मशास्त्र का विचार न करके वह ब्रह्म क्या है, उसका ज्ञान नहीं है, पाकर सभी को अपने विचारों को नहीं जानते। आपको तो पाकर मैने अपने आचरण को नहीं जानते, ये सब कौन हैं।
7	वोटों की गिनती हिमाचल प्रदेश के साथ 8 दिसंबर को होगी.	हिमाचल प्रदेश के साथ 1 दिसंबर को वोटों की गिनती होगी।
3	आप भोजन करिये।	आप भोजन करिये।
3	ऐसा सुनकर अजीज सफल हुआ।	अजीज सफल था
1	एक योग केंद्र या स्कूल	आश्रम
4	उसमें कोई भी सन्तति नहीं है।	उसका कोई भी नहीं है।
5	उसके कारण से हाई ब्लड प्रेशर भी रहता है	उसके कारण से ऊँची थकान भी होती है ।
5	जरा रुको, मुझे स्मरण है।	ठहरो , मैं याद करता हूँ।
7	पोता - मैं यहाँ काँच के पीछे बैठता हूँ ।	पोता - मैं यहाँ कौन का पीछे बैठ रहा हूँ
10	देश का संपूर्ण-उत्तर क्षेत्र में भीषण-आफूसी-चरण से रेल सेवा प्रभावित हो गई।	देश की पूरा-उ के क्षेत्र में भयंकर-फ्यू-वेक रेल सेवा को प्रभावित हुआ।
5	पुराने छात्रों में कठिन रूपात्मक विचलन देखे जाते हैं।	हमस्कों में कठिन और मॉडल दिखते हैं।
13	तदनन्तर अपनी ईच्छानुसार अयोध्या आएं अथवा वन में ही रहें किन्तु कमलनयन राम कल प्रातः अवश्य वन में चले जाय ॥	उसके माताएँ उसका अन्त हो जाने पर हम अपने प्यारे शिवजी वन गये हैं ॥
15	विपक्षी नेता ने कहा कि एक तो मुख्यमंत्री राज्य में निवेश करने के लिए दुबई जा रहा है, दूसरी कानूनी व्यवस्था की स्थिति कमजोर हो रही है।	एक ओर मुख्यमंत्री राज्य में निवेश लाने के लिए दुबई से कानूनी व्यवस्था की स्थिति को पूरा करने के लिए विपक्ष के नेता ने कहा।
6	वहाँ से वे सभी महिलाओं ने नगर में प्रवेश किया।	वहाँ से सभी महिलाओं ने शहर में रहने वाले
7	जहाँ, बनियेखंड और चराहे में लघुवृष्टि हुई।	जहाँ-कभी इस चुराह में छोटे-छोटे हो गया।
3	महाराज! यह क्या है?	महाराज ! यह क्या है ?
3	योगशास्त्र का प्रवर्तन किसलिए हुआ?	योगशास्त्र क्यों किया गया है?
11	उनके महाभाग्य से रामायण का महाकाव्य नेपाली भाषा में अनुवाद किया गया है, जिसका नाम भानुभक्तिीय रामायण है, माना जाता है।	महा महा के महा्मीकी रामायण रामायण के नेता लेपन की है, जिसके नाम से जाना जाता है, जिसके नाम पर भानुभक्त का आख्यान बना रहा है।
4	अधिक खाता हूँ तब बोलता है	अधिक खाता हूँ तब बोलता है
19	जयशंकर ने रूस के विदेश मंत्री सर्गेई लावरोव के साथ विभिन्न क्षेत्रों में द्विपक्षीय सहयोग, युद्ध, अंतरराष्ट्रीयरण नीति की स्थिति और तनाव के बारे में बात की।	जय और
14	उससे पहले मुख्यमंत्री रिड्ज नेस्टल में आयोजित प्रदर्शनी का उद्घाटन किया, जिसमें जिला प्रशासन के शिमला सहित विभिन्न विभागों ने स्तम्भ स्थापित किया।	इसके पहले मुख्यमंत्री ने अडु-स्थ स्थल पर आयोजित प्रदर्शन के प्रदर्शन का उद्घाटन किया, जिसमें जिला प्रशासन ने इंडस्टिवर स्थापित किया, को रूप से स्थापित किया।
4	साइकिल ध्यान से चलानी चाहिये।	साइकिल ध्यान से चलानी चाहिये।
8	घग्गर नदी के ऊपर की पुल पुल भी आ जाने के लिए बंद कर दिया गया है।	घमगर नदी के ऊपर बने पुल भी आने वाले कोपीड़ा जाने के लिए बंद कर दिया गया है।
1	ले जाना चाहिये	ले जाना
8	जो हमेशा सन्मार्ग पर चलने के लिये प्रेरित करते हैं वे मेरे गुरु हैं	जो हमेशा सन मार्ग पर चल रहे हैं वे मेरे गुरु हैं
6	संसद का शिशिरसत्र दिसंबर तक होगा.	संसद की शिशिरस सत्र दिसंबर को आयोजित की जाएगी
16	ब्रह्माजी द्वारा महर्षि नारदजी के निमित्त प्रतिपादित श्रीअध्यात्मरामायण का जो व्यक्ति श्रद्धा पूर्वक पाठ करता है अथवा श्रवण करता है, वह देवताओं से पूजित होकर विष्णुलोक को प्राप्त करता है।	जो कोई भी हो, भय का पालन करने वाला यह दुहात्मन् (मेघ का किये हुए) प्रणाम करता है, जो श्रद्धा से दो पुरुष की देवताओं को नए द्वारा लिया गया है, वही विष्णु इस प्रकार दूर जाकर विष्णुलोक को प्राप्त करेगा।
6	चित्रों में सोनाक्षी सरल, लघुकुर्ता-शरारासेट के बीच दिखती है।	छाया से सोनाक्षीक्षी सरल राम से छोटे-छाटी में दिखाई पड़ती है।
8	मुख्यमंत्री-जंगल विस्तार योजना के माध्यम से और वनमित्र योजना के माध्यम से विभाग को मजबूत किया जाएगा।	मुख्यमंत्री- वन विस्तार योजना, योजना के लिए योजना के माध्यम से विभागों के माध्यम से विभाग को मजबूत करने का होगा।
1	नाट्य के प्रयोक्ताओं को	नाट्यचृग
7	शेष पंचायतें अगले वर्ष मार्ग सुविधाओं से जुड़ेंगी।	शेष पंचायतों के अगले वर्ष सड़क सुविधाओं के साथ जुड़ा जाएगा।
1	दूध	मार्ग को
15	चूंकि रनवे पर परीक्षण उड़ान एक जीत थी, इसलिए एनसीसी छात्र सैनिकों के लिए उड़ान परीक्षण भी बिना किसी देरी के हवाई अड्डे पर आयोजित किया जाएगा।	दौड़ने के पथ में परीक्षण किया गया विजयकर जीत हासिल करने के बाद देर बैंसर के लिए हवाई अड्डा को हवाई अड्डा की हवाई अड्डे पर शुरू किया जाएगा।
1	शासन व्यवस्था में	राज्य कराने में।
19	पुलिस द्वारा नियुक्त नई नियमों के शारीरिक परीक्षा में मीटर ध्यान शामिल होने के बजाय पुरुषों के लिए मीटर ध्यान पूरा करने का समय एक मिनट है, महिलाओं के लिए मीटर ध्यान आधा मिनट कम है।	पुलिस में नियुक्त को नई नियमों में है परीक्षा परीक्षा में किए गए पुरुष पुरुष को छोड़कर पुरुषार्थ के लिए एक है, महिलाओं के लिए एक है, महिलाओं के लिए एक है, महिलाओं का एक से अधिक धन का होता है।
8	वे दोनों जीवन को नक्षत्र से स्वयं ही मुक्ति की ओर ले जाते हैं।	वे दोनों जीव नहीं साक्षात् को नहीं छोड़ते।
6	मेरे घर एक पँखा है ।	मेरे घर एक पँखा है ।
11	लेकिन इस सर्वेक्षण में प्रतिशत लोग बोले अयोध्या नहीं जाएँगे।	लेकिन इस सर्वेक्षण में प्रतिशत लोगों ने अयोध्या नहीं जाएंगे।
13	जाह्नवी कपूर को भी चलचित्र की पटकथा पसंद है, उन्होंने चलचित्र के लिए हाँ ऐसा भी कहा"इस प्रकार.	जाह्नवी कपूर जी भी चलचित्र की पटकथा पसंद है, फिल्म के लिए हाँ है।
12	राज्यपाल ने कहा कि सरकार ने राज्य में यातायात के लिए बिजली के वाहनों को मुख्य बदलाव के रूप में स्थापित करने की बड़ी संख्या में काम शुरू कर दिया है।	राज्यपाल ने कहा कि राज्य में परिवहन के लिए बिजली के वाहनों को पहला परिचय दिया गया है सरकार द्वारा बड़े की संख्या में सरकार द्वारा बड़े काम शुरू किए गए।
3	फिर कब मिलेंगे।	फिर से कबलिपि हो जाएगा।
10	न्यायिक विशेषताओं ने लगभग पांच घंटे तक उद्योग के अंदर और बाहर खोज कर प्रतिरूपों को इकट्ठा किया।	न्यायिक विशेषताओं ने प्रायः पच्चीस से अधिक उद्योगों को अंदर से बाहर निकाल दिया है और प्रतिरूपकों को एक फॉर्म में बाहर से किया।
10	संस्थाओं में भी अनेक संस्थाएँ सतत, निरन्तर, अविरत काम करती हैं।	संस्थानसुओं में भी अनेक संस्थाओं और निरन्तर काम करते हैं।
13	तब किसी लड़के ने गणना की – एक, दो, तीन, चार, पाँच, छ, सात, आठ, नौ हैं।	तब कोई लड़के ने अगण से कहा- (यहाँ) ने चारों इंद्रियों को देखा है, नौ, आठ, नौ, नौ
1	अभ्यास से	अभ्यास
9	पार्वती मन, वाणी और कर्म से तपस्या करती थी।	पार्वती मन से और वाणी से तप के तप से ही तप कर रही थी।
5	इस ऋण के प्रवाह से प्राथमिक क्षेत्रों का विकास होगा।	इससे ऋणप्रवाह के द्वारा प्राथमिक क्षेत्रों का विकास होगा।
10	वह गांधीनगर में डिफेंस एक्सपो 2022 को संबोधित कर रहे थे।	कार्यक्रम की शुरूआत डिकिंग के  ⁇ 2022 में कार्यक्रम आयोजित किया गया।
4	महापुरुषों के विषय पर प्रश्न थे।	महापुरुषों के बारे में प्रश्न थे।
11	बुद्धि से क्रोधित श्रीराम का चेहरा देखकर सभी प्राणी व्याकुल हो गए और मेदिनी भी डर गई।	बुद्धिमान जी ने क्रोध का भय से उसका श्रीराम उससे कह रहा हूँ, मेधावी वहाँ हुआ और मेदिनी वहाँ रहा।
6	हमारे सैनिक उनका आदर करते थे ।	हमारे सैनिक उसका सम्मान करते थे ।
6	लेकिन तभी मार्ग पर एक सिंह आ गया।	परन्तु रास्ते में एक शेर था
1	तपना	पीटना
1	जालन्धर शहर को	जालन्धर शहर को
8	इनमेंसे यथार्थ (शीतोष्णवर्षावाली) ऋतु में औषधि (अत्र शाक आदि ) तथा जलभी ठीक रहते हैं और वे यथोचित अन जलादिक उपयोगमें आये हुए ( सेवन किये हुए ) मनुष्योंको प्राण, आयुर्बल, पराक्रम और ओज यथार्थ उत्पन्न करते हैं ॥	इनमेंभी मे उसका ओज है। इस प्रकार ये सब प्राणवनों का मुकाबला (गजाने के समय) ओउचें समान है ये तीनों दोषियों से मुक्त हो रही हैं ॥
4	शाम को वह मुझे मिला	शाम को वह मुझे मिलाया
9	हे राम! आप बहु रूपमयी माया से कार्य, कारण, कर्तृत्व, फल और साधन के भेद से अनेक रूप में विभासित हो रहे हैं ॥	कार्य में समान रूप से कर्म करनी चाहिए। एक एक करके तुम एक ही हो। एक ही रूप से बाहर हो। एक ही तुम्हारा त्याग कर देना चाहिए ॥
6	अब गुजरात के राजभवन में वे यज्ञ करेंगे।	अब गुजरात के राज भवन में वे यज्ञ करेंगे।
16	विदेश मंत्री डॉ. जयशंकर और सूचनाप्रसारण मंत्री अनुराग ठाकुर भी प्रवासी भारतीय हैं-उन्होंने दिवस को देखकर दुनिया भर के प्रवासी भारतीयों को शुभकामनाएं दीं.	विदेश मंत्री डॉ जयशङ्ंग ने सूचना प्रसारण मंत्री अनुराग ठाकुर को भी एक-दूसरे को भारतीय रक्षा के लिए भारतीय प्रवासी लोगों को शुभकामनाएं दीं.
6	टेस्ट का पालन किया जाएगा, वोल्फ ने कहा।	परीक्षण के योग्य होते हैं कि फटने पर नहाने की योग्य होती है।
9	और सियार से कहा- “दोस्त! हम दोनों इसी बर्तन में साथ भोजन करते हैं।”	सियार ने कहा- हेड मित्र! हम दोनों इस पात्र में साथ भोजन करते हैं।
8	वह जो सेव बेचती है वो बहुत मीठे हैं।	वह जो सेव बेचती है वो बहुत मीठे हैं।
9	आदर्श इको ग्राम योजना के तहत 19 गाँव विकसित हैं।	आदर्श गांव के तहत 19 ग्राम बइस गाँव को विकलांग बगुले के रूप में हैं।
14	सृष्टि से पहले, प्रलय के बाद, और संसार के स्थिति के समय में इस तरह के अकाल में भी तुम सच्ची हो।	निर्माण के पहले, प्रलय के बाद, यह संसार की स्थिति के समय भी तुम इस संसार में अस में भी तुम सत्य का रूप हो।
1	भक्षण करना	चवाना
15	आपको किस प्रकार की मूर्ति चाहिए। देव का तो किस देव का ? देवी को तो किस देवी का?	आपको किस तरह का विचार आवश्यक है ? देव की यदि किसी देव का क्या देव हो ?
3	बाद में विश्वविद्यालय जाएगी।	बाद में विश्वविद्यालय जाएगा।
1	तलवार	तलवार।
10	इस दिन दर्शकों के बीच बैठे युवकों ने सदन में उछल कर धुआँ निकला।	इस दिन दर्शकों के बीच बैठा दोनों युवराज ने सदन में पैदा होने वाले अंक को मुक्त कर दिया।
9	हे राम! आप बहु रूपमयी माया से कार्य, कारण, कर्तृत्व, फल और साधन के भेद से अनेक रूप में विभासित हो रहे हैं ॥	कार्य में समान रूप से कर्म करनी चाहिए। एक एक करके तुम एक ही हो। एक ही रूप से बाहर हो। एक ही तुम्हारा त्याग कर देना चाहिए ॥
12	जिनमें भगवान गणेश के, श्रीहनुमतः, जटायु पक्षी, केवट राजा की माता और बर्या प्रैष्य मुद्राङ्कनाएँ सम्मिलित हैं।	जिनमें भगवान् के भट्ट, श्रीहंस से, मानसर-पक्ष-पक्षियों की माँ की माता, ये दोनों संभाल हैं-मुनिं हैं।
4	पति फिर से जेब देखता है।	पति फिर से पुकता है।
4	हमें यशस्वी शिल्पी बनाइए	यशसं कारन करना चाहिये।
4	मैं मनुष्यों में सबसे अधिक वर्चस्वी होऊँ।	मैं ऐसे मनुष्यों में अपने शरीर में से होने वाली बातों में से क्या हूँ?
6	उसने उसे अपने पास ही रख दिया।	वह उसके पास ही रख दिया।
4	संदीप कहाँ जाता है ?	संदीप कहाँ जाता है ?
9	यह गृह मंत्री ए नमस शिवाय, शिक्षा मंत्रालय के एक अधिकारी थे, जिन्होंने विधानसभा में इस मुद्दे को उठाया था।	शिक्षा मंत्रालय के अधिकारियों ने गृह मंत्री से एरणीय शिविर से विधानसभा में विधानसभा में आवेदन की-बड़ी।
1	संरक्षित करने योग्य	रक्षा करनी चाहिए।
5	सीता, अयोनिजा सीता आदि कहे जाते हैं।	सीताम। सीता सीता को भी कहा जाता है।
5	यदि तूने कृतज्ञता से ये सम्मानित हैं	अगर तुमने विद्या से ये सम्मान किया।
11	साथ ही, वर्ष 1977 में पंजाब पुलिस के प्रमुख कार्यालय में लॉन्च करने की योजना में शामिल थे।	साथ ही बीस से अधिक दो हजार के वर्ष में पंजाब एक अस्पताल में हुआ।
6	तब पथिक बोला- दसवें तुम हो।	तब पथिक बोला- तुम दस हो।
7	एक सौ ग्यारह वर्ष के शिवकुमार स्वामी पिछले सप्ताह दिवंगत हुए।	एक हजार से अधिक वर्ष का शिव कुमारस्वली कल की
2	मनुष्यादि पशु-पक्षियों को	दो होते हुए चार पदों पर
9	उद्योग मंत्री ने कहा कि मुख्यमंत्री सुक्खू इस दुखद घटना से पीड़ित हैं।	उद्योग मंत्री ने कहा कि मुख्यमंत्री सुक्खू इस दुःख को इस घटना से बोला है।
12	हमने पिछले दस वर्षों तक देश के हित के लिए मौन रखा था, पहली दिन भी सफ़ेद पत्र ला सकते थे।	हम पिछले दस वर्षों तक देश के हित के लिए मौन था, पहले दिन भी, श्वेतपत्र लाने का लाने का प्रयास कर रहा था।
1	जात कर्म के समय	जाताने के समय
3	गुरुओं के द्वारा प्रश्न पूछे जाएँ ।	गुरु से प्रश्न पूछे।
11	मनाली- केलांग-राष्ट्रीय राजमार्ग के साथ कई अटल किले के चढते समय मार्गों को बर्फबारी के कारण अवरुद्ध कर दिया गया।	मनाली- केलांग-राष्ट्रीय राष्ट्रीय सड़क के साथ कई निर्गमतांग के कारण सड़क पर सड़क के कारण से बाधाएँ बर्फबारी के कारण बाधा डाले गए हैं।
20	उन्होंने उत्तराखंड से अपनी निकटता को दोहराते हुए कहा कि उत्तराखंड एक ऐसा राज्य है जहां दिव्यता और विकास को एक साथ महसूस किया जा सकता है।	उत्तराखंड के साथ अपनी साम नीति को दोहराते हुए उन्होंने कहा कि उत्तराखंड एक ऐसा राज्य है जहां दिव्यता विकास को एक साथ महसूस किया जा सकता है।
7	एसआईटी कहता है कि अभियुक्तों के खिलाफ दृढ़ साक्षी हैं।	कहा जा सकता है कि भक्ति भी मजबूत करने के प्रयास हैं।
1	गौ	गाय
7	उनका परवर्ती जीवन अधिकतर राजनीतिक कार्यक्रमों में बिताया गया।	उनके पर भी माता और जीवन अधिक राजनीतिक कार्यक्रमों में बीत गया।
13	अमुना ने कहा कि सरकार ने इन परिवारों का जीवन सुगम बनाने की विभिन्न योजनाएं शुरू की हैं।	आमत ने कहा कि सरकार इन परिवारों का जीवन सुगम करने के लिए विभिन्न योजनाएं शुरू हो चुकी हैं।
11	दोपहर में जलोडीदर्रा और रघुपुरगढ़, रोहतांगदर्रा और कुञ्जमदर्श बारालाच में बर्फबारी हुई।	दोपहर, जलोडी आदर किरीगढ़ में कड़ी मेहनत, कुंजबानी और कुंच लूटती हुई बर्फबारी हुई।
7	5 तीव्रता दी गई है। किसी जानमाल के नुकसान की सूचना नहीं है.	दिल्ली में 5 तीव्रता अनुभूति हुई है। लापता नहीं है.
4	हिमसंस्कृतवार्ता - कार्यालय का प्रतिनिधि।	हिमसंस्कृतवार्ता - कार्यालय का प्रतिनिधि।
2	कैसे?	वह क्या?
4	वृक्षों को पानी देती है।	पेड़ बालकों को पानी देता है।
13	जो शोफ शरीर के भिन्न २ अवयवों मे उत्पन्न होते है, उनका स्थान, दूष्य, आकृति और नाम भेद से अनेक भेद हो जाते है । उनमें से कुछ एक उदाहरण के लिये कहे जाते है उनका सुनो ॥	पृथ्वी पर जो अ के लिए भय उत्पन्न करने वाले का रूप धारण कर वे दोनों स्थानों को नि:सन्देह प्राप्त हुए हैं, उन दोनों को अपने आपत्तियों का दर्शन कर लिया और उनके निष्पापन होने पर सुनो ॥
1	, नदी	"
12	स्वास्थ्य मंत्री डॉ. मनसुख मंडवीया ने देश में सभी राज्यों से कोविड-19 संकट की जांच-इत्य के मामले पर जोर-शोर मचाने वाले उपायों से उन्हें मुक्त कर दिया।	स्वास्थ्य मंत्री डॉ. मनकांत मरीजों ने सभी राज्यों से देश में हवाई अड्डा-ऐसाी मामलों का मामले निगरानी कर रहे हैं-ऐसा स्थिति के लिए योग्य है।
1	बोया जा रहा है।	आयोजित की जाती है
4	ईश्वर भक्त कभी नहीं डरता है।	ईश्वर भक्त कभी नहीं डरता है।
9	प्रधानमन्त्री वहाँ प्रदर्शनी में आए थे, भूमिभङ्गप्राचीर का भी अनावरण किया।	प्रधानमंत्री वहीं प्रदर्शन में आया, भूमि ने पहले तीर इन इीर का भी अनास का भी अनाज किया।
5	अहो मालती! आओ बैठो,	अरे मालूम! आईये बैठिये ।
7	क्षमा करो , तुमने पुरस्कार नहीं पाया।	क्षमा करना , तुमने पुरस्कार नहीं पाया।
7	व्याधिके ग्रहणसे वायु, पित्त कफ, रक्त, सन्निपात इनमेंसे एक या अधिककी विषमतासे उत्पन्न होनेवाली संपूर्ण (चारोंप्रकारकी ) व्याधि समझीजातीहैं ॥	व्यायाम से इनमें उत्पन्न करने वाले मनुष्य के शरीर को कडित कर पुरुषार्थ, रोगियों का किसी प्रकार की व्याख्या करते हुए ही शिकारी की व्याख्या में व्याख्याता (विद्ता ) करके रोग मे रहने वाले होते हैं ॥
8	विद्यार्थियों के विभिन्न विषयों के विकास के लिए दौलत सिंह हमेशा तत्पर रहते थे।	विद्यार्थी में विद्यार्थियों को विविध विषयों का विकास करने के लिए दौलत सिंह होता था।
12	ऐसे में सोमवार सुबह तक राज्य में भारतीय तेल शिला तेल केंद्र सूख जाने के पात्र हैं।	ऐसे में सोमवार सुबह 10 बजे राज्य में इण्डियन ऑयल के केंद्रित तेल केंद्र को सूखे रहते हैं।
3	देव के द्वारा अन्न दिया गया	देव (विद्वान् ) ने अन्न दिया।
6	मेरी प्यास शान्त हो गई है।	शान्ता मेपीत (गड़) अब शान्त हो गई।
8	मैं पहले समझता था कि मैं ही शक्तिशाली हूँ।	मैं पहले मन में जो मैं ही शक्तिशाली हूँ।
4	चौकी पर कुछ पोथियाँ रखी हैं	कुर्सी में कुछ भीर देने हैं।
4	यह सब भारतीय चलचित्र होगा।	यह सर्वभारती फ़िल्म फ़िल्म होगा।
28	भूषाचार-प्रदर्शन में भी लोकसंस्कृति का दर्शन शीतकाल में देखा गया-आनन्द उत्सव के चार दिन भूषाचार-प्रदर्शन में बहुत तालीवादन के बाद भी कई कलाकार सूर्यसंस्कृतििदलबनोगी, द वारियर दल, कुल्लू, परफेक्ट डान्स क्लब, जम्मू के कलाकारों ने भूषाचार का प्रदर्शन किया।	भून-प्रहार में भी लोक है-चूंथना को देखा गया है-आनन्द उत्सव के चौथेचार-प्राली के बहुत से तालीवादम से कलाबली, दर्ज करना, दवनों द्वारा कला का दर्शन किया गया, दवनों के दर्शन का प्रदर्शन किया गया, दवनों के दर्शन का प्रदर्शन किया गया।
5	एक चुहिया घर के अंदर घुसी है।	एक चूहे घर के अंदर प्रस्थान हो गई।
7	जिससे धर्मियों का पालन शर दुष्टों का ताड़न होवे।	यया धार्मिकों का पालन, दुष्टों का ताड़न होवे।
17	समान रूप से उपपद के रूप में उपस्थित होने वाले कर्म के संबंध में बिना उपसर्ग के आकार के अंत से धातुओं के सन्देह की जगह कौन (क) है यह उत्तर है।	वह समागम किया गया है जिसके पास उपस्थित होकर उसके उपपद के रूप में उस उपमाकार के रूप में होता है। वह धन की संख्या में काम (चूंथना) ऊपर होता है।
4	मेरे बग़ीचे में आम फूले फले हैं।	मेरेोतम भामा की मूली हो गई हैं।
1	ठग	शठ
2	यहाँ तू निराहार रहकर धूप, वायु और वर्षा अदि को सहन करती हुई दिनरात तपस्या कर और एकाग्रचित्त होकर हृदय में विद्यमान परमेश्वर श्रीराम का ध्यान कर। यह आश्रम सभी जीवजन्तुओं से रहित हो जायेगा ॥	आतंकवादियों की तरह ये दोनों एक दूसरे को साथ छोड़ते हैं।
2	वह है।	वह है ।
4	पंकज यजुर्वेद पढ़ता है ।	पंकज यजुर्वेद पढ़ता है।
8	मित्र ! अब मुझे भूख बहुत ही दुःख देती है।	हे मित्र ! इस समय मुझे बहुत दुःख देता है बहुत दुःख देता है।
13	जिन चरणोंसे पुण्यसलिला भागीरथीका उद्भव हुआ है, उनको पाद्यरूपसे क्या देना उचित है ? जिस आपके मस्तकका मुनिजनोंने पूजन किया है, अब उसपर भक्तिपूर्वक अर्ध्य किसका है?	हे निष्पाप! तू क्यों प्रसन्नता पूर्वक इस मुनि के वेष में होने के कारण मैं भक्त हो, उस समय उनके पास  ⁇ -19 मेरे भक्त हैं, अब मैं भक्त हो गया हो।
20	पता चलता है कि इस योजना के तहत पूर्व कम्पन मण्डल में इलेक्ट्रोड एकत्र किया गया था-त्रित्रिकों के आबटन का लक्ष्य था, जिसे जिला दंड अधिकारियों की अध्यक्षता में आयोजित जिला स्तरीय सैकड़ों प्रतिशत मंजूरी दी गई थी-परीक्षा समिति द्वारा दिया गया।	योजना के तहत पूर्व से पहले पूर्वचम्प की जिले में बिजली का खाल- पर बिजली चक्रवात का लक्ष्य था, जिसके सौ रुपये का गठन मंजूरी दी गई थी, जिसके सौ रुपये के अधिकारियों द्वारा मंजूरी दी गई थी।
7	वायरस के बारे में स्थानीय-अंतरराष्ट्रीय-संस्थाओं के सहयोग से निगरानी को मजबूत किया गया है।	वैनेपन के बारे में स्थानीय-अन्तारा- संस्थानों के साथ निरीक्षण किया जा रहा है।
5	तुझे देख कर मन प्रसन्न होता है।	तुमको देखकर मन प्रसन्न होता है।
8	यह उचित नहीं है कि स्वावलम्बन के प्रभाव से भारत आजादी में आया है।	स्वावलंघन की भेंट भारत को भारत की स्वाधीनता के में नहीं कहा गया।
7	प्रतिव्यक्ति आय 2,35,199 रुपए की अनुमानित है।	प्रतिव्यक्ति आय है, 2559 रुपये का अनुमान है।
12	मोदी ने कहा कि "प्रधानमंत्री निर्धन कल्याण योजना" को आगे भी पांच वर्षों तक यथावत् लॉन्च किया जाएगा।	मोदी ने कहा कि "प्रधानमंत्री कल्याण योजना" आगे बढ़े हैं, जब पाँच वर्ष तक पाँच वर्षों तक ही समय पर चलेंगी।
18	सदस्य पहले दिन शोक प्रस्ताव भी प्रस्तुत कर सकते हैं यदि पिछले सप्ताह के सत्र में कोई सदस्य या पूर्व सदस्य मर गया है.	सदस्यों ने पहले दिन में शोक भी किया है यदि यह सत्र पिछले सत्र के बीच कोई सदस्य सदस्य पूर्व सदस्य है।
8	वे दोनों जीवन को नक्षत्र से स्वयं ही मुक्ति की ओर ले जाते हैं।	वे दोनों जीव नहीं साक्षात् को नहीं छोड़ते।
12	इससे पहले 8 फरवरी-12 फरवरी-दिनांक दोनों पक्षों के बीच वार्ता में कोई निर्णय नहीं लिया गया।	इससे पहले 8 फरवरी-1 फरवरी को-तीन फरवरी- करदों के दोनों में कोई निर्णय नहीं हुआ।
8	वह पढ़ना चाहता है, किन्तु मन नहीं लगता है ।	वह पढ़ने की इच्छा करता है, किन्तु मन नहीं चाहता है
14	बहुत से लोग अनेक अच्छे लक्ष्यों को लेकर समाज के कल्याण के कार्य करने का प्रयास करते हैं और सफल होते हैं।	बहुत से लोग बहुत ही अच्छे लक्ष्य को स्वीकार करने के लिए प्रयास कर रहे हैं वे सफल भी होते हैं।
11	अयोध्या में''रामलला विराजमान''नाम का प्राण-प्रतिष्ठा-सौभाग्य के शुभ अवसर पर सभी सज्जन अंतिम चरण पर हैं।	अयोध्या में''रामल-विराजमान''इसकी प्राण-बारे- प्रतिष्ठा के भावों की पूजा के लिए सभी चरणएं हैं।
10	कैकेयी को वरदान देकर सत्यसन्ध मेरे पिता ने भरत को राज्य और मुझे अत्युत्तम दण्कारण्य दिया है ॥	तदनन्तर कैकेयी ने सत्यपूर्वक सचमुच में सत्य धारण किया ॥
6	सभी के मस्तक शीघ्र झुक गए।	" सबका दूसरेकडित सचमुच पूरी हो गए।
3	बालक लिखे।	बालक लिखिये ।
5	क्या इतना ही सामान है।	वस्तुएँ ये वस्तुएँ क्या ?
18	इस विषय में कोई भी भेद नहीं होना चाहिए क्योंकि तिथियाँ अंग्रेजी पाँचवें भाग के अनुसार विचारी जाती हैं और तिथि भारतीय पाँचवें भाग के अनुसार होती है, जो हमेशा उचित होता है।	इस विषय पर कुछ भी भेद नहीं है क्योंकि तिथि तिथि पर अंग्रेजी पंचांग के अनुसार विचार किया जा रहा है, विचार भारतीय पंचायत के अनुसार होती है, जो हमेशा उस विषय में होगा,
6	संस्कृति प्रदर्शन का काम इस मेला द्वारा किया जाता है।	संस्कृति प्रदर्शन का काम इस मेला द्वारा किया जाता है।
7	हिरणी माँ डर गई और वहाँ से नहीं हटी	माँ ने लक्ष्मी भय से स्वीकार नहीं किया।
1	ओझल हो गयी	अंदर
1	अंगुली	अंगुल
20	इस अवसर पर अनिलभटनागर:, राहुलभाति, शिवरामबडोला, रोहितबलोडी, राजनकुमार:, मोहनसिंह, संगीतरावतः, सरोजनेगी, मधुबाला नौटियाल, संगीता कुकशाल और विनीता बिष्ट: छात्र उपस्थित थे।	इस अवसर पर अनिलभगरगर, राहुलभागा, शिवरामबंडला, रोहितबलोडी, राजनीतिक कुमार, संगीतरा, सरोजनेगी, मधुबाला नौटियाल, मधुक कुकशालल और विकता बिगाव आदि उपस्थित थे।
4	वह भारतीय युवक है।	वह भारतीय युवक है ।
10	हिमाचल प्रदेश कैबिनेट की गोष्ठी शुक्रवार को मुख्यमंत्री सुखविंदर सिंह सुक्खू की अध्यक्षता में शिमला राज्य सचिव पद पर आयोजित की गई।	हिमाचल प्रदेश कैबिनेट की बैठक शुक्रवार को मुख्यमंत्री सुखविंदर सिंह सुक्खू की अध्यक्षता में राज्य सचिवालय में हुई।
10	देवरा''इस फिल्म के कारण आजकाल स्वस्त अभिनेत्री जाह्नवी कपूर वार्ता में है।	देवरा''इस फिल्म के कारण आजादानड़ात्री, यह खबर है कि फिल्म में बॉक्स के कारण यह बात हो रही है।
26	विपक्षी नेताओं के कहना पर मुकेश अग्रिहोत्री ने कहा कि छत्तीसगढ़ का ताप महादेवघोटा से हिमाचल तक पहुंचा है, केंद्रीय भाजपा सरकार है, यदि वे इच्छा करें तो वे किसी संस्था के माध्यम से उसकी खोज कर सकते हैं।	छत्तीसगढ़ के तापमान में महादेवघोटालाल की हिमाचल तक पहुंचने पर विपक्ष में मुकेश हैगिहोत्री ने कहा कि केंद्र भाजपा सरकारें हैं, यदि इच्छा है तो वे किसी भी संस्था द्वारा उसका खोज कर सकते हैं।
18	मुख्यमंत्री सुखविंदर सिंह सुक्ख ने कहा कि जब सरकार का निर्माण हुआ है तब से हिमाचल प्रदेश कैसे आत्मनिर्भर हो रहा है।	मुख्यमंत्री सुखविंदर सिंह सुक्ख ने कहा कि जब सरकार का निर्माण हुआ तब हिमाचल प्रदेश का निर्माण कैसे अपने बारे में काम किया जाएगा।
12	इस प्रतियोगिता में रेलमार्गसिंहचौहान, ज्योतिराजसिंधिया, नरेन्द्रसिंहतोमर: राकेश सिंह, कैलाश विजयवर्गीय इत्यादि हस्तियों के नाम चर्चा में थे।	इस प्रतियोगिता में शिवराजसिंह चौहान, ज्योतिराजसिंह, नरेन्द्रसिंह के राकेशकार सिंह, कैलाशविजयओ के नाम चर्चा में थे।
10	गाजा पर हवाई हमलों ने हमास की 10 भूमिगत सुरंगों और हथियार निर्माण सुविधाओं को नष्ट कर दिया है। इसराइल इसी बात पर घमंड करता था।	इज़राइल में व्यस्त होने पर 10-कभी 10 भूस्खलन और हथियारों ने शस्त्र निर्माण की अनुमति दी।
10	प्रदर्शनी में 500 रुपये से 1,500 रुपये तक मूल्य की वस्तुएँ स्थापित कर दी गई हैं।	प्रदर्शन में 500 रुपये से 1500 रुपये तक की कीमत रखी गई हैं।
12	हालाँकि, अभी तक विभाग ने उसकी अनुशंसा के बारे में कोई निर्णय नहीं लिया है।	लेकिन अब तक विभाग ने उसका अनुशसा के बारे में कुछ भी निर्णय लिया है।
9	आपका दर्शन योगियों को भी दुर्लभ है, और में साक्षात् आपका बाण लगने से, विशेषरूप से आपके सामने मने प्राण छोड़ रहा हूँ। ॥	हे अनघे । बहुतचने योग्य नहीं है, तथा श्रीबाबागुरुजी ने मुझे अपनी शक्तिशाली महायोगियों को दिया है वह मेरे दर्शन में ही किसी भी प्रकार से प्रसन्न नहीं है ॥
25	अयोध्या में श्रीराम मंदिर का निर्माण जनवरी में हुआ और देश के यशस्वी प्रधान मंत्री नरेंद्र मोदी शुभकरकमलों से मूर्ति और प्राणों की पूजा के लिए एकत्रित हुए उसके बाद वे माध्यमों से बातचीत कर रहे थे।	अयोध्या में श्रीराम मंदिर निर्माण होने वाले जनवरी को देश के यशस्वी प्रधान मंत्री नरेंद्र मोदी और शुभकर ने शुभप्रतिष्ठा के साथ बैठक की और उसके बाद सहकर के साथ बात करते हुए आ गए।
12	मैं ही समस्त प्राणियों के हृदय में स्थित हूँ। मुझसे ही स्मृति, ज्ञान और अपोहन (उनका अभाव) होता है। समस्त वेदों के द्वारा मैं ही वेद्य (जानने योग्य) वस्तु हूँ तथा वेदान्त का और वेदों का ज्ञाता भी मैं ही हूँ।।	हे भारत (धृत), हृदय में समस्त भूतों में एक (लड़ वाले) ये सब देवताओं को अपने स्वामी तथा वेदान्त से युक्त करते हुए वेदान्त (परमार्थ) को ही प्राप्त होते हैं।।
5	मैंने बहन को दस संस्कृत पुस्तकें दीं।	मैंने बहन को दस संस्कृत पुस्तकें दीं।
4	पुत्र – बस यूँ ही ।	पुत्र – ऐसा ही ।
5	केयूर – माँ के साथ आता हूँ।	केंक – माँ के साथ आऊँगा।
6	प्रातः उठ कर जल से मुंह धोओ।	प्रातः उठकर जल धोनेवाला मुख धोने वाले
1	मन की इच्छा से	मनोरंजन करने वाले।
5	हर रोज एक वाक्य अवश्य बोलें	हररोज एक वाक्य अवश्य कहिये
4	वह नगर को जाता है क्या?	वह नगर को जाता है क्या?
15	ऐसे धन का भी कोई लाभ नहीं, जो कुलवधू के समान केवल एक ही मनुष्य के लिए राग की हो। संगति तो वही शेष है जिसका लाभ राह चलते लोग भी उठाते हैं अर्थात धन-संपत्ति वही श्रेष्ठ है, जो वेश्या के समान अन्य लोगों के भी काम आती है।	जिस प्रकार श्री राम के द्वारा जो दुखी होता है, उसी प्रकार श्री राम के लिये लोग अपने सम्पूर्ण कार्य नहीं कर सकते, वह तो शक्तिशाली बन जाता है।
4	रात को मुझे कथा सुनाई।	रात को मुझे कथा सुनाई।
19	फ्रांस के राष्ट्रपति राम मंदिर का मॉडल खरीदा, इसके बाद प्रधानमंत्री मोदी ने भारत की डिजीटल क्रान्ति के लिए गौरवान्वित इमैनुएल मैक्रॉन का परिचय दिया।	फ्रांस के राष्ट्रपति राम मंदिर को मॉडल खेल किया, उसके बाद प्रधानमंत्री मोदी ने भारत की डिजीलैंड जूपीुल को मैल में मैक्रॉन और परिचय दिया।
15	पुराणपुरुष परमात्मा राम ने परानुग्रह के लिए एक स्वयंज्योतिः, अनन्त और सबका आदिकारण होने पर भी संसार को विमोहित करने वाला मायामय स्वरूप धारण किया हैं ॥	तदनन्तर श्री रामचन्द्रजी अपनी पुराण में जाते हुए अपने भाई को ही छोड़कर लोकपालों की उपासना करते हुए मायावी लोक के तट पर आ जाने वाले ये राम माया के समान ही अपने आपको धारण करते हैं। राम माया में यह बात ही है ॥
13	मैं पुस्तक दुकान गया। वहाँ पुस्तकों को देखा। कादम्बरी खरीदी। उपन्यासों को देखा।	मैंने पुस्तक देखा। वहाँ पुस्तकें दीं। वहाँ पुस्तकें देखा। कौतमी खेल के मैदान में लिये।
7	एक यात्री रेलवे स्टेशन से पूड़ियाँ और सब्जी लाता है।	एक सहमति से रेल स्टेशन से पूर्ति करता है।
13	इस मामले में, एक रिपोर्ट सामने आई कि कुछ ध्वनि तरंगों को पानी के नीचे अवलोकन के हिस्से के रूप में उपयोग किए जाने वाले सोनार उपकरण द्वारा एकत्र किया गया था।	इस संबंध में, लापता के भाग में इंगन के भाग में सोनार्ग कहते हैं कि इस रिपोर्ट के अनुसार, वह रिपोर्ट बहुत से अनुज हैं।
4	दादीजी के लिये कुर्सी लेता है	दादीजी के लिये कुर्सी लेता है
7	गौ या बैल या छोटे-छोटे गड्ढे में वापस लाया जाएगा।	गाय को एक वर्षा के साथ वर्षा के समय प्लेटफॉर्म में किया जाएगा।
7	मंदिरों में, धार्मिक कार्यक्रमों में, विभिन्न स्थानों पर शोभायात्रा भी हुई.	मन्दिरों में, धार्मिक कार्यक्रम, विभिन्न स्थानों पर शोभायात्रा और निकाला।
1	शरण लेने	आश्रय लेना
7	यदि तुम अभ्यास में भी असमर्थ हो तो मत्कर्म परायण बनो	हे राजन् ! इन कर्मों के संयोग से उत्पन्न होता है, तुम इनकी अर्थात् किसी भी कर्म में लगे हुए दूध की भी कर्म करते हो।
6	आज मेरे मित्र के घर वेदकथा है।	आज मेरे मित्र के घर वेद, काम
7	छात्र – तो मेरे साथ करो ।	छात्र – तो मैं साथ
20	स्वास्थ्य मंत्रालय ने कहा कि आर्कटिक में हिमालयी अनुसंधान केंद्रों और अंटार्कटिक में भारतीय अनुसंधान केंद्रों के साथ, भूमध्य सागर के किनारे के देश भी योग प्रदर्शन में भाग लेंगे।	केंद्रट्टिक्स प्रदेश के
7	धार्मिक संस्थान पहले निराश्रित पशुओं को पकड़ते थे।	धार्मिक संस्थानों पहले निराकरण पशु द्वारा देखते थे।
8	वह भी कन्या गुणों से पति के वश में कर रही थी वहाँ।	वह कन्या गुणों से पति के लिए पति के पास उतरती हुई वहाँ ध्यान करती थी।
5	मेढ़ा दौड़ता है, परंतु घोड़ा खड़ा है	भेजी दौड़ता है लेकिन घोड़ा ठहरता है।
5	अहो मालती! आओ बैठो,	अरे मालूम! आईये बैठिये ।
10	लोकप्रिय कवि भोजपुरी बोलने वाले विनय कुमार शुक्ल ने"विनम्रता"अपने कवियों से सभी उपस्थित लोगों को मोहित कर दिया।	भट्ट ने कवि भोजन समय पर विनय कुमार शुक्ल ", "यह पृथ्वी" के लोगों को, लोगों ने लोगों को उपस्थित कर दिया।
10	सिंघवी तीन बार सांसद बने हैं। वे देश के सर्वोच्च न्यायालय के वरिष्ठ न्यायाधीशों में से एक हैं।	सिंघवी जी तीन बार सांसद बने। वह देश के सर्वोच्च न्यायालय के वरिष्ठ प्रमुख हैं।
10	बाद में डॉ. महेन्द्रनारायणराम ने कालिदासीय काव्यों में लोकरीति से वर्णन करने के प्रमाण से महा कवि मैथिल के रूप में स्थापित किया।	बाद में डॉ. महेन्द्र चौ मैं कालिदास द्वारा कालिदासीयव्य लोकाव्यों में से एक महान प्रयास स्थापित किया गया।
14	इसके साथ 48 घंटे तक अधिकतम तापमान को 2 से 3 डिग्री सेल्सियस तक कम कर दिया जा सकता है।	इसके साथ, अगले 48 होली तक 2 से 3 डिग्री सेल्सियस तक कम हो सकता है।
1	बैठना	पड़ोस का उपवास
7	यह अतिरिक्त प्रेस वाहनों के लिए भी अलग एक स्टेशन होगा।	इसके अतिरिक्त प्रेम से किए गए लोगों के लिए भी अलग-अलग स्थानों पर भी किया जाएगा।
8	उससे स्वयमेव सत्कर्म होगे जैसे बादल वर्षा करते हैं।	उसके द्वारा ही सत्कर्म में कानों को वर्षा करते हैं।
7	उपवास के समय भी वह काम तो करेगा ही।	उपवासकाल में भी वह काम तो करेगा ही।
1	गुप्त बातें जाननेवाले	मंत्रमुदिनी
8	मन ही मनुष्यों के कारण है, बंधनों से मुक्त होने का झुकना है।	मन ही मनुष्यों के कारण यह कारणों का मत कहा गया है।
4	पंकज यजुर्वेद पढ़ता है ।	पंकज यजुर्वेद पढ़ता है।
12	मुख्यमंत्री सुखविंदर सिंह सुक्खू ने कहा कि शिमलानगर के सड़कों के विकास और विस्तार के लिए करोड़ रुपये का खर्च किया जाएगा।	मुख्यमंत्री सुखविंदर सिंह सुक्खू ने कहा कि शिमलाानगर के नौ मार्ग के विकास के लिए करोड़ रुपये का खर्च किया जाएगा।
11	सुरक्षा बल, पीरपंजाल पर्वतों के अन्य क्षेत्रों और प्राकृतिक गुफाओं की खोज कर रहे हैं।	सुरक्षा-बल के पीरपीरप में अन्य पर्वतों के आप क्षेत्रों में ये-चुनावों में खोज करते हैं।
8	राजपथ पर ज्योर्ज पंजम की प्रतिमा स्थापित थी।	राज पथ पर ही सबसे पहले राज्य स्थापित किया गया था।
8	मुख्यमंत्री सुखविंदर सिंह सुक्खू ने बजट में आदर्श स्वास्थ्य संगठनों का निर्माण करने की घोषणा की थी।	मुख्यमंत्री सुखविंदर सिंह सुक्खू ने  तुम भाषणकी स्वास्थ्य संस्थानों के निर्माण की घोषणा की थी।
6	हरिद्वार में उन्होंने गुरुकुल काँगड़ी की स्थापना की।	हरिद्वार में उन्होंने काँगड़ी की बहिन की स्थापना की।
8	प्रारम्भ में, केंद्रीय संस्कृत विश्वविद्यालय के लखनऊ परिसर के शिक्षाशास्त्र छात्राओं ने अनन्या श्रीवास्तव मंगलाचरण किया।	शुरू में केंद्रीय संस्कृत विश्वविद्यालय के लक्ष्मणपुर के शिक्षाशास्त्र के शिक्षाशास्त्र में अनपायाने की बात कही।
6	छात्र – तो क्या हो गया ?	छात्र – तो क्या हो गया ?
20	दंभ से कुम्भकर्ण, इन्द्रजीत, अतिकायन, नरान्तक, प्रहस्त बल्कि आपने स्वयं मेरे वचन की अवज्ञा की इसलिये आज उसका ही फल हुआ।	दर्पाकर्णकर्ण ने कहा, इन्द्रजौता, नरक, नरक, नरवर भी स्वयं ही इस बात का चिन्तन किया गया।
5	चिड़ियाएँ चूं चूं ... कूजन करती हैं।	चिड़िया और चट्टान को से ... कूकती हैं।
5	अब वह प्रतिदिन व्यायाम करता है।	अब वह प्रतिदिन व्यायाम कर रहा है।
6	बालिकायें पुस्तक पढ़ सकती हैं।	बालिका पुस्तक पढ़ने के लिये सकते हैं ।
8	इन योजनाओं का लाभ लाभप्रद नहीं हुआ।	इन योजनाओं का लाभ ) करने की शक्ति प्राप्त नहीं की।
4	यह राम की किताब है।	यह राम की किताब है।
10	उनमें से गुरु का सबसे प्रिय शिष्य विनयशील, अत्यन्त विनयशील और परमज्ञासु हुआ।	उनमें से गुरु का प्रियतम शिष्य विनयशील हैं, उन्होंने परमत होकर विनय में भी विनय के रूप में देखा।
6	पेंसिल छील कर वह सुंदर चित्र बनाता है।	पेंसिल छील कर वह सुंदर चित्र बनाती है।
6	पुलिस उसके स्थान को प्राप्त करके अन्वेषण कार्य कर रही है	पुलिस उसके स्थान पर पहुंचकर ढूँढ़ते हुए है
5	विदूषक – क्या दोनों का एक ही उत्तर है?	विदूषित – क्या दोनों का एक ही शब्द है ?
8	छात्रों के लिए प्रशिक्षण संस्थानों के लिए भी नेट बुक का निर्माण करना होगा।	छात्रों को प्रशिक्षण संस्थानों के लिए भी नेटवर्क बनाओगे।
7	प्राचीनकाल में यही भाषा भारत देश की राष्ट्रभाषा थी।	प्राचीन काल में ये ही भाषा भारत राष्ट्र की राष्ट्र नहीं थी।
9	मुख्यमंत्री महाशय ने हमारे विद्यालय के शिक्षकों को बहुमूल्य वस्त्र दिये ।	उन्होंने मुख्य मंत्रिमण्डल की पूजा हमारी शाला की शिक्षा के शिक्षकों को अमूल्य वस्त्र दिया।
17	केंद्रीय मंत्री अश्विनी वैष्णव ने भारत राष्ट्र को विश्वास के योग्य बताया कि भारत एक विश्वसनीय राष्ट्र है जो व्यापार के लिए योग्य है।	केंद्रीय मंत्री धर्म वैष्णव भारत ने विश्वास के लिए विश्वास दिया कि भारत ने दुनिया भर के विश्व स्तर पर व्यापार करने का प्रयास किया है।
1	पैर	वृक्ष
4	मैं पक्षियों को दाना देता हूँ।	मैं पक्षीों को दाना देता हूँ।
3	संचालक कहाँ खड़ा रहेगा ?	संचालक कहाँ खड़े होने के लिए?
1	स्नेही	चिकना
1	नेता	सर्जक
9	मंजुला – ना , यहाँ संस्कृत सम्भाषण होता है न ?	मंजुला –ना , यहाँ संस्कृत बातचीत होता है न ?
7	एचपीसीए परीक्षण समय में आमंत्रित अतिथियों की सूची जोड़ी जाती है।	एचपीसीएकाल में आमंत्रित करने की बात कही जाती है।
9	प्रशासन का परिस्थितिजन्य संबंध-ग्रेटा ने मामले पर अनसुलझी सुनवाई के खिलाफ काउंटी अदालत में याचिका दायर की।	प्रशासन के परिस्थित पर निर्यात-इस विषय पर निरिदानन्द अधिकारियों ने जिला में स्थान हासिल किया।
6	और अपने परिवार का सम्मान अवश्य बढ़ेंगे।	अपने परिवार के सम्मान और अवश्य ही बढ़ेंगे।
16	इस अवसर पर बोलते हुए प्रधानमंत्री ने कहा कि वीर बालक दिवस भारत की रक्षा के लिए और सुरक्षा के लिए कुछ भी करने के लिए दृढ़ संकल्प का प्रतीक है।	इस अवसर पर बदड़ ने कहा कि वीर बालक दिवस भारत के लिए सुरक्षा को
3	मन्दिर में भक्त जाता है।	मन्दिर में भक्त जाता है।
4	भरतभाई सारी व्यवस्था देख रहे हैं।	भरतभ्राता सर्वंगना देखता है।
7	उन्होंने इस मौके पर सभी नागरिकों को आजादी और अन्य शुभकामनाएं भी दीं।	इस अवसर पर सभी नागरिकों को आज भी उन्होंने अर्पण किया।
3	तथा जिस दिन श्मशान में गमन हो और युद्धके दिन महोत्सव और उत्पातके दिन पढ़ना पढ़ाना योग्य नहीं तथा जिन दिनोंमें ब्राह्मण नहीं पढ़ते जैसे प्रतिपत् उन दिनोंमें नहीं पढ़ना और अशुद्ध होकर किसी दिन भी न पढ़े ॥	मूंगफली द्वारा ले जाया गया।
4	क्या आप लिखती हैं ?	क्या आप लिखती हैं ?
1	कस्टर्ड फल	सीता अपने पति से युक्त
9	केरल की मछली-महासागर अनुसंधान विश्वविद्यालय के वैज्ञानिक इसके''होराग्लानिस पोपुली''वैज्ञानिक नाम दिया गया है।	केरल मछली-प्रबंड पर अनुधान विश्वविद्यालय के वैज्ञानिक''होरा ने जल पोपील की एक वैज्ञानिक दीवार दी।
6	हम सभी शहीद सैनिकों को श्रद्धांजलि देते हैं।	हम सभी शहीद सैनिकों को श्रद्धाञ्जलि देते हैं।
5	चन्द्रमा किनका आभूषण है?	सूर्य प्रकाश का क्या काम है?
15	अनुसूचित जाति के एक व्यक्ति द्वारा गैर जाति के व्यक्ति को अपनी जमीन बेचने के मामले में जनपद स्तर से संस्कृत में फैसला जारी किया गया-मजिस्ट्रेट डॉ. ए.केचन्द्रभूषणः।	अनुसूचित जाति के व्यक्तित्व ने अपनेभूमि पर यह अन्य कहा कि उन्हें संस्कृत भाषा के माध्यम से संस्कृत ने संस्कृत पर ज्ञान दिया है-चुनाव.
6	लक्ष्य भी शिक्षा के द्वारा सुचिन्तन किया गया परिष्कृत सामाजिक उपयोग है।	लक्ष्य से शिक्षा के माध्यम से सुकृत को भी प्राप्त करने का अवसर होता है।
1	गोद में	गोदी में
12	वह बेंगलुरु पटना पटली के पुत्र एक्सप्रेस का एसीटर बी-कोच में नियुक्त थे।	वे बेंगलुरु पटना पैनल के एसी ट्यूब बीमार बीमार बीटी थी।
7	इस अवसर पर उसने लोगों को भी संबोधित किया।	इस अवसर पर उन्होंने लोगों को भी संबोधित किया।
8	चन्नम्मा कहाँ गई कोई जानता है क्या ?	चन्नम् कहाँ से गई थी यह कोई भी जानता है ?
4	माँ पुस्तकें पढ़ती हैं।	माँ पुस्तकें पढ़ता है ।
7	कोई भी जिज्ञासु में प्रवेश पा सकता है।	कोई भी जिज्ञासा उस प्रवेश पा सकता है
12	अतः आप विविध भाँति यज्ञों से यजन कर पुनः वंशवृद्धि के लिये पुत्र उत्पन्न कर उसके बड़े होने पर राजसिहासन पर बैठाकर वन को जायें ॥	यज्ञ तुमसे यज्ञकर पुत्र अपने पुत्र के समान पुत्र उत्पन्न करके देवताओं के समान मेरे पुत्र को सिद्ध करके उत्पन्न होओ ॥
6	इस चलचित्र का निर्देशन शाउना गौतम करेगी।	इस फिल्म का निर्देशन सब्ज गौंग को करेगी।
7	काश्य का यह परिवार समृद्ध, विद्वान् और भगवद्भक्त था।	वह काशी में यह परिवार समृद्धि, विद्वान और भगव।
11	बुधवार को व्यापार सत्र में रुपये की कीमत में पैसे की बढ़ती संख्या के साथ डॉलर के खिलाफ थी।	बुधवार को व्यापार सत्र में रुपये की कीमत पेन की कीमत में रुपये के खिलाफ हुआ।
11	नागालैंड में तापी विधानसभा क्षेत्र में हुए उपचुनाव में राष्ट्रीय जनता पार्टी के वांगपांगकोन्याक ने जीत हासिल की।	नागालैंड में एक समय विधानसभा आरामास के उपचुनाव राष्ट्र के पहले देश को खूबसूरत प्रमुखों की सभा में वांगपाट और जीत हासिल की।
6	हमारे सैनिक उनका आदर करते थे ।	हमारे सैनिक उसका सम्मान करते थे ।
4	उनके द्वारा भगवद्गीतापढ़ी जानी चाहिये ।	उससे भगवान् गीता पढ़नी चाहिये।
3	तोरण भी लटकाऊँगी।	तोरण भी लटकऊँगी।
5	कार्यशाला में 35 शिक्षकों का प्रशिक्षण हुआ।	कार्यशाला में 35 अध्यापक प्रशिक्षण हुआ।
4	सुरक्षा चक्र में वृक्ष हैं।	सुरक्षा चक्र में वृक्ष हैं।
8	अखिलेश ने कहा कि आज बहुत ही अच्छा दिन है।	अखिलेश ने कहा कि आज बहुत शुभ दिन है।
8	जब तक इनका उपयोग नहीं किया जाता, तब तक इनका साज-सज्जा में नुकसान होता है।	जब तक मैं नहीं किया जा सकता जो तक संक्षेप में नहीं है।
9	अनुराग ठाकुर, इस निर्णय के लिए प्रधानमंत्री नरेंद्र मोदी, केंद्रीय रेल मंत्री अश्विनी वेष्णव ने आभार व्यक्त किया।	अनुराग ठाकुर ने इस निर्णय के लिए प्रधानमंत्री नरेंद्र मोदी, केंद्रीय रेल मंत्री के रूप में आज आपका आभार प्रकट किया।
3	उत्पन्न करने के लिए समर्थ नहीं होगा ।	निर्माण करने में समर्थ नहीं हूं
4	मैं आपसे मिलना चाहती हूँ	मैं आपसे मिला हुआ हैं
10	गोशाला में सोलन जिले के पट्टा और कांगड़ा जिले के पालमपुर में अनुमोदन किया गया था।	सेमिनार जिले के पन पर और कांगड़ा जिले के पालमपुर में मेंकारक कार्यालयों में भी को ने मंजूरी दी है।
4	वह कमण्डल में दूध ले जाता है ।	वह टैची में दूध ले जाता है ।
4	वे कैसी श्रज्ञा का प्रचार करते थे ?	किस तरह की आज्ञा को जानते हुए किसने मुझे किस प्रकार समझ लिया?
4	वह मलयालम भाषा में बोलती है	वह मलया भाषा भाषा में बोलती है।
18	जुआरी अपनी पत्नी को, दूसरों की पत्नी को और उनके सुन्दर सजे हुए घर को देखकर दुखी होता है। दिन में वह निश्चय ही भूरे रंग के पासों को दाँव पर लगाता है तत्पश्चात रात्रि में नीच आचरण करता हुआ अग्नि के समीप पड़ा रहता है।	जब एक अतिशय विशेष रूप से सोचने वाला उस नये वस्त्रार को ही प्राप्त हो गया तब कर्ण, चन्द्रमा तथा वायु, युद्ध, चना और बटेर को खाने के लिए खाया जाता था।
9	केवल पश्चिम के लोग इस दुरुपयोग को करके देश को अधिराज्य में स्थापित कर दिया।	इसी प्रकार पश्चिमी में इसका दुरुपयोग करके देश में भूमि का विस्थापन किया।
11	राम मंदिर और रामलला के प्राणों की रक्षा के लिए तेज प्रताप ने पहली बार वक्तव्य नहीं दिया।	राम मंदिर के और भवनों के प्राणों कीप्रतिष्ठा के बारे में तेज नहीं ने पहली बार नहीं दिया था।
1	वायु से होने वाला विकार	रेगिस्तान
8	बाह्य अंतरिक्ष देवदूतों की ओर से अब तक हजारों अवशेष बाह्य अंतरिक्ष में ढेर हो चुके हैं।	बाहर से आकाश में अब तक अब नजर तक हजारों शेष रह गए हैं।
12	सोना-रोता 2024 फरवरी-माह की 16 तारीख को सोने के चांदी की एक बड़ी कीमत हुई.	सोने-भारत में 2024 फरवरी-माह की 16 तारीख को सोने की कीमत में बड़े मूल्य हुआ।
11	धार्मिक राजर्षि का यह वाक्य सुनकर महर्षि पुलस्तय ने उस कन्या को विवाह करने का निर्णय लिया।	धार्मिक राजर्षि उस वाक्य को सुनकर महर्षि पुल उस कन्या को स्थिर करने के लिए कन्याएं ले जाया गया हैं।
10	1900 के छात्र शम्मीशर्मा ने जम्मू-कश्मीर राज्य के प्रसिद्ध मेलों के विषय पर अपना मत दिया।	पहली दिन के छात्र श्री शम्मी शर्मा ने जम्मू-कश्मीर के प्रसिद्ध जिसकेकतमी के बारे में अपनी मॉडल देने का भी अपना ध्यान किया।
6	मत करो , मत करो रास्ते को अस्वच्छ।	मत करो, मत करो।
11	हिमाचल प्रदेश मेंनारंगी रंग की चेताना के बीच तीसरी दिन तक वर्षा हुई और बर्फबारी जारी है	हिमाचल प्रदेश में नारंगी रंग का लोगों के बीच तीसरे दिन तक वर्षा हो रही है, बर्फबारी भी है।
10	मतदान प्रक्रिया लगभग चौथाई घंटे की हो गई, इसलिए सभी लोगों के मतों पर मतदान हो गया.	मतदान प्रक्रिया लगभग चौथे संघित तक हुआ, और सभी मतों में मतद ही हुए।
13	विदेश में ज्ञान, घर में अच्छे स्वभाव और गुणस्वरूप पत्नी, औषध रोगी का तथा धर्म मृतक का सबसे बड़ा मित्र होता है।	विद्या पर मित्र है, भारत में मित्र का मित्र है। इसके मित्र में भी मित्र और धन का घनी है, धर्म मित्र के भी माने गई है।
6	एक युवती समाचारपत्र में अपना चित्र देखकर खुश होती है।	एक और समाचारपत्र में अपना चित्र देखकर खुश होती है।
10	मोदी धार रतलाम-जनपदों के हजार से अधिक गांवों को पेयजल पूर्ति-योजन के आधारभूत पत्थर को स्थापित किया।	मोदी रतलाम-यह जिले के हजारों से अधिक गांवों को तला, योजना के आधारशिला को स्थापित किया गया।
3	ईश्वर सुखी लोगों को हंसाएगा।	ईश्वर सुख की इच्छा रखने वाले काखले को ललाका जाएगा।
1	निर्बल सेनाओं को	अजवा
4	गोष्ठी-प्रथित प्रांत मंत्री प्रमोद शास्त्री द्वारा प्रस्तुत।	गोष्ठी- करने वाले प्रांत मंत्री प्रांगणित ने प्रस्तुत किया।
5	उसे संस्कृत भाषा पसंद है	उसे संस्कृत भाषा पसंद है
6	तुम आज कब विद्यालय जा रही हो ?	आप आज कब विद्यालय जा रही हैं ?
12	वह पूरी तरह से निराश हो गया, परन्तु उसकी एकाकीता की वजह से उसकी चिन्ता शान्त हो गई।	वह हमेशा निराश बन गया है, लेकिन उनकी एक चिन्ता से उसका चिन्ता न हो।
5	हीरजीभाई ने बाबासाहेब अम्बेडकर का जीवनदर्शन समझाया।	हीरजीभ्राता ने बाबासाहेब का जीवन दर्शन दिया।
8	यह अनुमानित पद्धति है जिसमें हम पाँच कोश से क्यों अलग रहते हैं।	यह अनुमान यह कहते हुए पाँच वर्ष से अलग-अलग किवाड़े में फंसे हुए हो।
7	पोता - मैं यहाँ काँच के पीछे बैठता हूँ ।	पोता - मैं यहाँ कौन का पीछे बैठ रहा हूँ
5	हरि उसको गांव पहुंचाते हैं।	हरि उसको गाँव में पहुँचाता है।
5	अनुचित कर्म का फल अनुचित ही होता है।	अनुचित कर्म का फल कहा गया है।
10	ऐसे अनेक प्रकार के यज्ञों का ब्रह्मा के मुख अर्थात् वेदों में प्रसार है अर्थात् वर्णित हैं। उन सब को कर्मों से उत्पन्न हुए जानो	इस प्रकार बहुत प्रकार के यज्ञ को यज्ञ, तप, दान आदि के मुँह में रूटो ओर मुझे देखकर तुम सभी को जानो कि वह सर्वविध को जान लिया है।।
5	मेरी एक दुकान है।	मेरा एक दूकान है ।
12	दोष रहित परमात्मा रूप जीव इन सबसे पृथक है। उस जीव को जानने का साधन अब में बतलाता हूँ सुनो ॥	ये दोनों ही जी हैं, इन बातों की विरामता को ही परम ऋषि है। अतः मे मेरा जीवना भी मेनाल कर्म में साधन और विज्ञानी को ही सुनो ॥
7	पुरस्कार प्रयोजक आचार्य प्रताप सभी विजेताओं को पुरस्कार प्रदान करेंगे।	पुरस्कार प्रलय आचार्य प्रताप सभी विजेताओं को पुरस्कार देगा।
10	बोधि नामक ग्रन्थ संस्कृत और पालि में भी प्रसिद्ध है।	जो संस्कृत में पालक भाषा में भी प्रसिद्ध है।
9	हम कहते हैं कि लक्ष्य ने आज तक किसी भी दूरदर्शन प्रदर्शन में काम किया है।	लक्ष्यों ने आज तक किसने दूरदर्शन प्रदर्शन में काम किया है।
10	उनमें से गुरु का सबसे प्रिय शिष्य विनयशील, अत्यन्त विनयशील और परमज्ञासु हुआ।	उनमें से गुरु का प्रियतम शिष्य विनयशील हैं, उन्होंने परमत होकर विनय में भी विनय के रूप में देखा।
7	आती हूँ, चलें किसकी दुकान चलें ?	आता हूँ। किसके बाज़ार जाओ ? किस पर जा रहे हो ?
22	इन फूलों का रंग हल्का और सफेद होता है। आमतौर पर यूरोप में देखे जाने वाले ये फूल इस अवसर पर कश्मीर में खिलते हैं, दर्शक इस मनमोहक दृश्य को अपनी आँखों से पीने के लिए उमड़ पड़ते हैं।	पुष्पों का रौसा पाटल और प्लेटफॉर्म में वह फूल खुल गया है। यह पुष्प खंड से दिखायी देते हैं। प्रलय इस पुष्प पर पुष्पों को गाने के अवसर पर-उसेने के अवसर पर इस बात को करने में सक्षम हैं।
7	इटली के युवा टेनिस खिलाड़ी यानिक ने सीन के साथ इतिहास बनाया।	इटली के युवा टेनिस खिलाड़ी वाहन- सिनर से इतिहास बनाया गया।
7	ऋषियों के आश्रम में जाकर लोग उपासना करते थे।	ऋषियों के आश्रम जाकर लोग उपासना करते थे।
4	पाँच लड़कियाँ है।	पाँच लड़कियाँ हैं।
5	प्रधानमंत्री ने भी विपक्ष का सहयोग मांगा।	प्रधानमंत्री ने भी विपक्ष के साथ सहयोग मांगा।
4	मैंने एक सेविका को बुलाया ।	मैंने एक सेविका को आमद दिया।
5	घर में हिन्दी भाषा में सम्वाद होता था	घर में हिन्दी भाषा में सम्रा होता था ।
6	नहीं समझ आ रहा है कि आज शब्द कहाँ गए।	नहीं समझ आ रहा है कि आज शब्द कहाँ गए।
4	वे कैसी श्रज्ञा का प्रचार करते थे ?	किस तरह की आज्ञा को जानते हुए किसने मुझे किस प्रकार समझ लिया?
3	याद है न ?	याद है न ?
1	बादल को।	बादल को
3	इसे वही छोडो	ठीक है।
4	भारतीय परिवार व्यवस्था अच्छी हैं ।	भारती परिवार को अच्छे व्यवस्था की है ।
4	मैं अब मणिका पढ रहा हूँ।	मैं अब मुझे भोजन देता हूँ।
10	क्रिकेट परंपरा के पहले टूर्नामेंट के पहले मैच में बैटिंग करने वाली ऑस्ट्रेलिया की टीम 177 रन पर आउट हो गई।	ऑस्ट्रेलिया की पहली प्रतियोगिता के पहले मैच में गेंदबाज़ रिक्टर को 177 रन बनाए।
3	शिशु पालने में सो गया।	बालक झूलिका खा रहे हैं।
7	एनपीएस में राज्य का 8 000 करोड़ रुपये से अधिक योगदान है-बीच में लटका हुआ है.	राज्य के 8,000 करोड़ रुपये से अधिक योगदान एक और बीच में ल ली है।
4	मैंने चुपचाप सब खा लिया ।	मैं शान्तभाव से सब खाई ।
3	आप सब पढ़ें।	आप सब पढ़ते हैं।
6	इस समय भारत विश्वमित्र की धारणा को बढ़ाता है।	इस समय भारत विश्व मित्र की अवधारों को बढ़ाने के लिए बढ़ाने है
9	भारत में सात दशकों के बाद चित्रकारों के आगमन पर वन्यजीव वैज्ञानिक भी खास खबरों के साथ आशंका जता रहे हैं.	भारत में सात दशकों के बाद चित्रकृत के दौरान वन्यजीव वैज्ञानिक भी खास खबरों के साथ खूबसूरत भी खास खबरों के साथ खत्म करते हैं।
6	समारोह का संचालन बीनाबेंजवाल और रोशनगौड ने किया।	समारोह का संचालन बीनाबेंजवाल ने रोशन गौड पर आशनिक से किया।
9	यह सभा पर्यावरण परिवर्तन से जुड़े जटिल विश्वचुनावों का निवारण करने के लिए भारत और अन्य देशों के साथ सहयोगात्मक प्रयासों को दर्शाती है।	यह सभा परिवारों के द्वारा जुड़ेों को गहरी से ही भारत की निवारण के लिए भारत के दूसरे देश के सहयोग से चल रही है।
17	और भक्तिपूर्वक श्रीराम और लक्ष्मण के चरणों को अच्छी तरह धोया तथा उस चरणोदक को अपने शरीर पर छिड़ककर श्रद्धायुक्त हो अर्थादि विविध सामग्रियों से श्रीरामचन्द्रजी और लक्ष्मणजी की विधिवत् पूजा कर अमृत के समान दिव्य फल जो उसने वह श्रीरामचन्द्रजी के लिये एकत्रित कर रखा था हर्ष पूर्वक लाकर भक्तिभाव से उन्हें प्रदान किया तथा उनके चरणाविन्द की पूजा चन्दन युक्त सुगन्धित पुष्पों से की ॥	हे राम! आप श्री राम के सुपेद सरस पर्वत पर शबतादि सीता और लक्ष्मण तथा लक्ष्मी के सहित रामजी भी उनके नाम से जाना जाने पर मेरे साथ भक्तिपूर्वक आये हुए राम के समान राम के समान प्रकट हुए हैं। उन श्री राम के सहित मेरे द्वारा निर्भय होकर पृथ्वी का स्मरण किया गया। उनके साथ भक्त हो। यह करने की आप मुझे कैसी ही ले लें ॥
6	यह विधेयक पूर्व चुनाव आयोग के पास होगा-विधेयक के पद पर बनेगा।	यह विधेयक पहले चुनाव आयोग-विधेयक के स्थान पर खड़े होंगे।
3	वस्त्र निर्माण किससे होता है?	किनके द्वारा कपड़े का निर्माण होता है?
3	दीप से प्रकाश होता है	दीप से प्रकाश होता है।
1	बनाई हुई	प्रकट किया
6	यह दाहिने हाथ से भोजन शर बांये से जल पीता है।	यह दचांकिसी को द्वारा भोजन से भोजन से खाता है।
4	अभिषेकमनुशवी कांगग्रेस के राष्ट्रीय प्रवक्ता हैं।	अभिषेकसिंहसिंह की राष्ट्रीय प्रवक्ता हैं।
14	रमेश अनंतपुर में केरल संस्कृत शिक्षक महासंघ द्वारा आयोजित अधिकार संरक्षण आंदोलन का उद्घाटन करते हुए बोल रहे थे।	अनंत संस्कृत शिक्षक पंडित ने संघ संस्कृत शिक्षक के अधिकारियों को दिया कि वह अनंतपुर में भाषण करते हुए अनंतपुर में भाषण करते हुए अनंतपुर में भाषण करते हुए इसके लिए नाराज थे।
6	मैं वाहन चलाने में निपुण हो गया	 ⁇  कारने चलाने में निपुण हो गया ।
8	यह परमशक्ति ही यह सम्पूर्ण जगत् को निरन्तर चलाती है।	यह परमशक्ति क्योंकि यह अखिल भारतीय जगत् को निरन्तर परिचय देता है।
11	विपम अनि अन्न का पाक विषम रूप मे करके धातुजो मे भी विश्रमता उत्पन्न कर देता है। तीक्ष्णामि को यदि आहार रूप इधन न मिले तो वह धातुओं को ही सुखाने लगता है ॥	मनुष्य अपने भाई को ही छोड़कर उसकी स्तुति करता है। यह उनका ही कार्य करता है, उससे पैनल-बत हो जाता है, इस प्रकार जल से पाधे वह पाषिका बना कर पाना तो काम धारण करता है।
7	उसने समानबोध किया ईश्वर सबव्यापक और सबदर्शी हैं।	उसने समबोध किया- ईश्वर सब कुछ देखना है।
14	ईएमए के अंग मार्को कैवल्ली ने कहा, नई लहर की प्रकृति फेलोशिप ओरिएंटेशन की ओर भी केंद्रित है।	एडंगेन ने कहा कि नए उत्पन्न होने वाली साहसी अब का. चुने सुना है।
20	भीम के आने के विषय में जानकर हनुमान सोचता है कि आगे तो स्वर्ग का मार्ग है इसलिये भीम के लिए स्वर्ग के मार्ग में जाना अधिक हानिकारक होगा।	भीम के आने पर जानकर हनुमान सोचता है कि अब आगे तो स्वर्ग का मार्ग है इसलिये भीम इस मार्ग पर जाने में सक्षम होगा।
6	क्योंकि वन में ही सुरक्षित पर्यावरण प्राप्त होता था।	क्योंकि जंगल में सुरक्षित पर्यावरण को पर्यावरण के क्षेत्र में ही देखा जाता था।
7	विवाह में रेलमार्ग से हॉलीवुड तक तारे भी प्रदर्शन करेंगे।	विवाह में रेलमार्ग से पत्तों तक ताराओं को भी प्रदर्शन करेंगे।
1	उसमें	उस पर
1	सांड	बैल
4	मैं असत्यभाषण नहीं चाहती हूँ।	मैं झूठ बातचीत नहीं चाहता हूँ।
5	वह मेरी पुस्तक कहाँ रखता है?	वह मेरी पुस्तक कहाँ रखता है?
29	केंद्रीय गृह मंत्री अमित शाह ने कहा है कि भारतीयों से अधिक न्याय प्रणाली अगले पांच वर्षों में विश्व की सबसे आधुनिक प्रणाली होगी। श्री शाह द्वारा आज गांधीनगर में राष्ट्रीय परीक्षण-वैज्ञानिक-विश्वविद्यालय में डिजिटल फॉरेंसिक में यह उत्कृष्टता केंद्र के उद्घाटन के बाद बताई गई थी।	केंद्रीय गृह मंत्री अमित शाह ने कहा कि भारतीय नौस से अधिक न्यायांड को पांच वर्षों में विश्व की सबसे बड़ी-बारे में विश्व का सबसे शानदार श्री सबन शहर में राष्ट्रीय परीक्षा में राष्ट्रीय परीक्षा के उद्घाटन पर आज ज्ञान केंद्र का उद्घाटन करने के बाद, उत्कृष्ट केंद्रित और एक उत्कृष्ट परिचय है।
4	हिमांशु –क्यों ?	हिमांशु – किसलिये ?
6	आज तक उसने अनेक छात्रों को पढ़ायी है।	आज तक उसने अनेक छात्रों को पढ़ाया है
6	तो अब मैं विद्या प्राप्त करने के लिए गुरुकुल जाता हूँ। (प्रणाम करता हुआ चला जाता है)	वे सभी वेद पढ़ने के लिये गुरुकुल जा सकें। (सभी) हे। (गामें)। (आपकाकरण करने जा रहा है)।
1	लीन।	हुई
6	टेस्ट का पालन किया जाएगा, वोल्फ ने कहा।	परीक्षण के योग्य होते हैं कि फटने पर नहाने की योग्य होती है।
3	यजमान दरी पर बैठता है।	यज्ञमान दरी पर बैठता है।
13	संयुक्त राष्ट्र महासभा के आठवें सत्र के अध्यक्ष डेनिस फ्रांसिस आज से पांच दिवसीय दौरे पर भारत आएंगी।	संयुक्त राज्य अमेरिका की आठवीं कक्षा के अध्यक्ष डिवीजन के अध्यक्ष डेनिस फ्रांस के अध्यक्ष ने आज यात्रा में यात्रा की।
6	शायद वह संस्कृत के विकास के लिये काम करेगा	कभी संस्कृत का विकास करने के लिये वह कार्य करे
14	जिसमें हरिनामके उच्चारणमात्रसे कोई विकार नहीं होता वह हृदय नहीं पत्थर है। जब विकार होता है तो नेत्रोंमें जल और शरीरमें रोमांच हो आता है ॥	हे उसे यहाँ आया है, इस कारण वैसा ही हो जाता है और जब यह हेमसती ! जब मैंने उपवास किया है तब यदि आप अन्य नेत्र मेरे हृदय में एक से नहीं हैं तब मैं तुम्हें आँखों में पानी भरकर चल देता हूँ ॥
10	टारगेट बॉल की जीत में ऑस्ट्रेलिया की टीम ने 20 गेंदबाजों में 216 रन बनाकर जीत हासिल की.	लक्ष्य को हासिल करने के दौरान ऑस्ट्रेलिया टीम की टीम ने अपने, 21 रनों को दौड़ने की जीत हासिल की।
7	केवल राज्य स्तर पर चयनित विद्यार्थियों को ही भाग लेने की अनुमति है।	प्रदेश-रेछित छात्राओं से ही यहाँ भाग ले रहे हैं।
8	मुम्बई में वह आतंकवादी हमलों की स्मारक में शहीद वीरों को पुष्पंजलि देगा।	मुंबई में आतंकवादी हमलों के याद में शहीदों के लिए पुष्पों को पुष्पित करने के लिए पुष्पों को अर्पित किया जाएगा।
1	विचार करना	मृग
4	धर्मों ने कहाँ पर विकास प्राप्त किया है?	कहाँ से विकास प्राप्त हुए थे?
13	हे सुव्रत ! जिस स्थान पर श्रीरामचन्द्रजी को तुमने देखा था, कृपा कर वहाँ मुझे ले चलो। उन्होंने सीताजी के साथ हित जहाँ शयन किया था वह स्थान मुझे दिखलाओ ॥	हे राम ! जिस समय तुम दूसरे नाचने दो, हे सीता ! तुम उन्हें एक ही नहीं जानते, जिसमे तुम मुझे सो जाओ, मुझे आज क्या ? ॥
1	प्रदान करता है	प्रदान करता है।
10	आमोद-प्रमोद के अनुसार वाणीकपूर रेड ने अजय के खिलाफ''कास्ट' किया।	पहुंचे समारोह के अनुसार, वाणीकपूर ने किया है कि''कास्ट''इसका''इसे किया गया है।
1	बनने के लिए	है
3	कौए ने लड़के के हाथ से रोटी लेली।	बायो ने लड़के को ऊपर से छीन लिया।
6	इसीलिए हमीरपुर जिले को संस्कृत प्रतियोगियों को विजयवैजयन्ती पुरस्कार दिया गया है।	इसलिए संस्कृत प्रतियोगिताओं को विजयी पुरस्कार, हमीरपुर जिलों के लिए दिया गया।
4	मैंने दूध पी लिया	मैंने दूध पिया
5	संस्कृतज्ञ शिष्ट लोगों को संस्कृत जना रहा है।	संस्कृतज्ञ संस्कृत को संस्कृतने संस्कृत ।
7	विविध विद्यालयों के छात्र भी वहाँ बैठे थे।	विविध विद्यालयों के छात्र भी वहाँ बैठा था।
6	किसी प्रकार उसने अपने पात्र को घर के अंदर ले लिया।	कुछ भी उन्होंने अपने आप को घर के अंदर ले जाया।
5	जैसा जानता है वैसा सच कंहं।	यादव जी जानते हैं वैसा ही उन्हें स्तहिह भी कहिए।
19	संस्कृत के प्रचार-प्रसार के लिए दिन-रात संस्कृत संभाषण के माध्यम से जनजागरण कर रही संस्कृत भारती अब जगह-जगह संभाषण शिविर, अध्ययन और विभिन्न ग्रंथों पर व्याख्यान का आयोजन करती है।	संस्कृत के प्रचार-प्रसार के लिए दिन-रात संस्कृत संगोष्ठी के माध्यम से संस्कृत भारती अब जगह-कॉलेज में बात और जगहों पर व्याख्यान का आयोजन करती है।
8	अन्य महिलाओं में निफ्टी कम होने के कारण खोल दिया गया।	दूसरा यह भी है कि नीता कम है।
5	अभी मैंने सारे काम पूरे किये।	अभी मैंने सारे काम पूरे किये
8	उन्होंने कहा कि द्विगुणित शक्ति के माध्यम से सरकार ने लोगों का जीवन सुलाया है।	उन्होंने कहा कि दो गुणों वाले शक्ति-शक्ति सरकार द्वारा लोगों का जीवन सुलभ हो गया है।
8	साथ ही ब्लॉक-जिला-राज्य-स्तरों के अधिक छात्रों ने भी भाग लिया।	साथ ही खिल्ला-राज्य-राज्य-राज्य-स्तर पर भी भाग लिया गया।
4	जानसन अब क्या करता है?	घुसते हो तो क्या करता है?
5	वह हिन्दी नहीं जानता है।	वह हिन्दी नहीं जानता है ।
9	चर्चा में विभिन्न क्षेत्रों के प्रमुख महिला नेता समुदाय के-वृद्ध और युवा लोग उपस्थित थे।	चर्चा में विभिन्न क्षेत्रों के प्रमुखों की प्रमुख समुदाय और समुदाय के समुदाय के-बारे में उपस्थित थे।
8	कार्यक्रम की शुरुआत वैदिक मंगलाचरण के साथ हुई जिसके बाद विश्वविद्यालय गान गाया गया।	कार्यक्रम की शुरूआत वैदिक मंगलाचरण को उसके बाद विश्वविद्यालय की गगाह भी हुई।
6	बहरा कौन है? जो कल्याणकारी बातें नहीं सुनता हैं।	कौन बराबर ने क्या प्राप्त नहीं किया है।
9	वहाँ चतुर्दश वर्ष की उनके अध्ययन के लिए राजेन्द्र अध्यापक जी के संस्कृत स्कूल में नाम दर्ज किया गया।	वहाँ चौदह वर्ष की अध्ययन के लिए राजेन्द्रा में एक संस्कृत शिक्षक नाम का संस्कृत ने किया।
14	पुरस्कार विजेताओं में आकांक्षी-दो जिलों सहित आठ राज्यों से केंद्र-शासित प्रदेशों से भी दस नए बच्चे शामिल हैं।	पुरस्कार। पुरस्कारों में आकाङ्क्षी-यह एक राज्य सभा- सरकारों केक राज्य-शासन जैसे क्षेत्रों में दस बच्चे शामिल हैं।
6	अर्जुन ने इन्द्र से दिव्य शस्त्र माँगा ।	अर्जुन ने इन्द्र से दिशा में शस्त्र माँगा।
6	भारत में तीन सौ से अधिक ओमीक्रॉन भिन्नताएं, जो बहुत अधिक गंभीर नहीं हैं, पाई जाती हैं।	भारत में गुरुओं की त्रिशूल से लैची भारत में दिखाई देते हैं।
10	पुरानी लीक पर चलने वाला यह संसार धर्म के विषय में एक ब्राह्मण को चाहे वह गो घातक ही क्यों न हो जितना प्रमाण मानता है, उतना वह एक उपदेश देने वाली धर्मरता कुलटा को प्रमाण नहीं मानता |	जो न तो वै। लोकपाल को ही धर्म देकर पर करना चाहता है, अपितु, धर्मयुक्त होने पर भी मैने कहा, जैसे गाय को भी दो।
12	श्रीरामचन्द्रजी पिता की आज्ञा से चौदहवर्ष तक दण्डकारण्य में आये हैं मैं आपके विषय में जानना चाहती हूँ, मुझे बतलावें ॥	हे दण्डकारण्य में उन्हें आज्ञा देकर मैं तुम्हें आजसे दण्डकारण्य में एकान्त पर आये ॥
8	पाण्डव के पांचल सेनाओं के साथ कुरुक्षेत्र के पास शिविर ने किया।	पाण्डवों के पागल सेना सहित डारा सेना के साथ जनई तक शिप का स्थान बना दिया।
9	इस दिन पूरे विश्व में भारत के साथ पूजा और पूजा होती है।	इस दिन भारत के सहमति से पूरा हो रहा है।
4	और अधिक हँसो	और अधिक हँसना चाहिये।
5	मेरे एक मित्र ने पूछा	मेरे एक ने दोस्त पूछा ।
1	प्रदान करना	रास
3	आप कौन ?	आप कौन हैं ?
5	देवांग उस वृद्ध को मार्ग दिखा रहा है	देवांग उसको वृद्ध मार्ग को दिखाता है ।
9	पुत्री – नहीं पिताजी ! आज तो रविवार है।	पुत्री – नहीं पिताजी ! आज तो रविवार है ।
15	जहाँ निर्णायक रूप में समय पर शिक्षक आचार्य अनमोल उपाध्याय और विज्ञान विषय की अध्यापिका आचार्य प्रवीण कुमारी हैं।	जहां निर्णय को नतीजे के रूप में वेद से, आचार्य अनमोल उपाध्याय और विज्ञान के विषय में खबर हैं।
5	वहां तू जाता है क्या ?	तुम जाते हो क्या ?
9	उसने उन सभी को गाय को पालकर बैठाया और उन्हें कुर्सियाँ दीं।	उन सभी लोगों को भी गांवेत्ता और उपवास के लिए उन्हें आसन दिया।
15	उसी की पताकायें केकय , मत्स्य , मगध , अङ्ग , बङ्ग और कलिङ्ग में फहरा रही हैं। केवल दक्षिण देश में ही इस समय भी इसका पूरा अधिकार नहीं हो पाया है।	इसी प्रकार पता चला है कि प्रलय के समय मछली मछली मछली पर मगधियों में कलियुग में कलह नहीं करती हैं, केवल दक्षिण में दक्षिणा और अन्य, गहन संबंधी मृत्यु नहीं हो सकती।
6	और इस क्षेत्र में महत्वपूर्ण भूमिका निभा रही है।	इस क्षेत्र में महत्वपूर्ण भूमिका निभाता है।
11	किन्नौर, मंडी, शिमला, सोलन, हमीरपुर में स्कूल समूह के निर्माण के दौरान सक्रियभूमिका दिखाई दी गई।	राज्य, मंडी, शिमला, हमीरपुर और हमीरपुर को स्कूली समुदाय के निर्माण में सक्रियता दिखाया गया।
7	तो इन प्रिय वचनों का उपयोग कंजूसी से क्यों करें।	उससे प्रिय ही बोलना चाहिए वनों में काँपना है।
6	वह मेज़ लेकर यहीं आता है।	वह मंच लेकर यहाँ आता है
8	उन्हें भारतीय ओलंपिक संघ के नेतृत्व के लिए निर्विरोध चुना गया।	वह भारतीय ओलिम्पिक संघ के नेताओं ने प्रतियोग की सूचना दी।
10	भारत के पहले वैज्ञानिक राष्ट्रपति आदरणीया ए.पी.जी. आरब्दुल-कालाम है.	भारत की पहली वैज्ञानिकों में आदर का ए.एस. जे. जे. का पहला सेाम है।
10	इस बारे में सुलह के विधायक विपिन सिंह परमार ने प्रश्न किया।	इस संबंध में पहली प्रश्न अच्छा, सुलहसिंह विपिन सिंह परमार ने प्रश्न करने पर सब जगह बना दिया।
5	छात्र शिक्षक का अनुसरण करते हैं	छात्रा शिक्षक का अनुसरण करते हैं
8	उसी प्रकार अन्य भी हमारे पक्ष में बहुत से वीर हैं।	उसी प्रकार अन्य वीरों के वीर हमारे पक्ष में हैं।
4	उसने छात्रों को आशीर्वाद दिया।	उसने छात्रों को इन नहीं दिये।
8	गुरुकुलों में तो तीन या चार घंटे तक यज्ञ किया जाता है।	गुरुकुल में तीन या चार घंटे तक यज्ञ किया जाता है।
7	जाह्नवी के चलचित्र के लिए अंतिम संस्कार हुआ है।	जाह्नवी की फिल्म के लिए अंतिमरूप हासिल किया है।
1	अन्तःपुर की स्त्रियों के सम्मुख |	स्त्रियों का स्थान जौक्षे के समय।
8	तूने पुत्र से तार किया है यह श्रीमान दशरथ इन्द्रलोक गए हैं।	तुम्हारे पुत्र से यह श्रीमान दशरथ दशरथ इन्द्रलोक को गया।
5	आज निश्चित ही वर्षा होगी।	आज खुश वर्षा होगी ।
2	मैं रुक गया ।	मैं खड़ा हो गया
6	इस फ़िल्म के बारे में निरन्तर बातें आती हैं।	इस फिल्म के बारे में निरन्तर समाचार आते हैं।
4	कारण कि कीर्ति ही बड़ा बल है ।	कैसा बल है
1	सुंदर	चारों ओर से
5	अहमदाबाद के कौनसे विस्तार में थे?	कर्ण के कौन से विस्तार विस्तार में थीं?
13	सैकड़ों इमारतें ढहा दी गईं. रिक्टर स्केल पर 64 चिह्नित डुरंटा के बाद 159 फॉलो-अप थे।	100 रुपये, रिक्शा की तुलना में 6.30 से अधिक कर दिया गया कि इज़राइल के अनुभव में 1599 फीट हो गए हैं।
9	जब बालक बोलना शुरू करता है तब वह मातृभाषा का अनुकरण करता है।	जब बच्चा बातचीत करता है तब वह मातृ संस्कृत का अनुकरण करता है।
6	इनकी प्रारम्भिक परीक्षा परियोजना के माध्यम से राज्यकौशल विकास में आयोजित की जाती है।	उनके आरम्भिक परियोजना परियोजना के माध्यम से राज्य कौशल विकास समारोह से किया जा रहा है।
9	तुकाराम की वाणी तोशुद्ध सूत्रबद्ध अल्पाक्षर रामणीया मरम्मा भेदिका है।	तुकाराम जी के वाणी तो परिपक्व होकर अल्पाशर द्वारा वाली उस चेतावनी दी गई है।
17	सईदाई दुरईसामी ने किन्नूौर के उपायुक्त डॉ. अमित कुमार को भी अपने पुत्र के स्थान से जानकर पुरस्कार की घोषणा करके संदेश भेजा गया है।	सईईई अन्यामी के द्वारा स्त्री के उपाय के लिए डॉ. अमित कुमार को भी अपने पुत्र का स्थान हासिल किया गया है।
3	कौआ घोसले में प्रवेश करेगा।	काक को काउंटी मिल गया है।
10	इसलिये आपके चरण कमलों में मेरी सदा भक्ति रहे, क्योंकि संसार रोग से ग्रसित रोगियों के लिये एकमात्र औषधि आपकी भक्ति ही है ॥	आपके चरण कमलों में भक्तिपूर्वक हमें जो मेरी भक्ति प्राप्त हो जाये, वे मेरी आत्मा में ही तुम्हारा ही खेद है। उसे भक्तिपूर्वक ही तुम अत्यन्त कष्ट उठाओ ॥
5	तुम्हारे कारण ही नहीं रोता हूँ।	तुम्हारे कारण ही नहीं रोता हूँ।
10	उन्होंने कहा कि राज्य सरकार दिसंबर को एक वर्ष पूर्ण करने की जा रही है.	उन्होंने कहा कि राज्य सरकार दिसंबर को एक वर्ष पूर्ण करने में जा रही है।
7	वह दोनों देवनागरी में ही हस्ताक्षर करती हैं	वे दोनों देवनागर के नगर में ही हस्ताक्षर करती हैं।
4	प्रतिदिन अभ्यास करिये ।	प्रतिदिन अभ्यास करें ।
3	आपका मोबाइल नंबर बोलिये।	आपका मोबाइल नंबर बोलिये।
9	नई दिल्ली के कर्तव्यपथ में गणतंत्र दिवस पर लगभग छब्बीसकृतियां हिस्सा ले रही हैं।	नई दिल्ली के कर्तव्य पथ में गणतंत्र दिवस पर लगभग छब्बीस को छब्बीस आंगन भाग ले रहे हैं।
3	मनुष्य का बल नहीं है।	मनुष्य की बल नहीं है।
7	कैसे वे उम्मीदवारों के वोटों की संख्या उद्घोषित करते हैं ?	कैसे वे उम्मीदवारों के वोटों की संख्या किस प्रकार की संख्या है ?
10	हिमाचल प्रदेश के राज्यपाल- कमीशन के मुख्य प्रशासक डॉ आर.के. परुथी हमीरपुर में यह बात कही।	हिमाचल प्रदेशराज्यचयन- आयोग के मुख्य प्रशासन डॉ. आर. के. परूथी हमीरपुर में यह कहा गया।
1	ऐश्वर्य के लिए।	उन्नति के लिए।
6	तुम दूध क्यों नहीं पी रहे हो ?	तुम दूध क्यों नहीं पी रहे हो ?
5	यह हमारे विधालय का बगीचा है।	यह हमारे विद्यालय का उद्यान है।
6	"सीता माता को छोड़ दीजिये " ऐसा रावण की सभा में कहा।	सीता माता को छोड़ दीजियेऐसा रावण की सभा में कहा।
6	यह सूत्रग्रन्थ शाकटायन शब्दानुशासन नामक ग्रंथ द्वारा रचित है।	उनके सूत्र की लीन पत्तों की दो तरह से बाज़ारों की सराहना की गई है।
5	प्रात: वेला का तुम सदुपयोग कर रहे हो।	सुबह का सदन का सदनपयोग करते हो।
4	यह सब भारतीय चलचित्र होगा।	यह सर्वभारती फ़िल्म फ़िल्म होगा।
9	प्रोत्साहन-लाभ अगले वित्त वर्ष में शुरू होगा और अगले वर्ष में समाप्त हो जाएगा।	प्रोत्साहित के लिए को अगले वर्ष की वित्त वर्ष आने और अगले वर्ष जीता था।
17	एसडीजी लक्ष्य हैं, जिनकी प्राप्ति राष्ट्रों को तमवर्ष तक करना चाहता है, जिससे विश्व में सबसे अच्छा और अधिक न्यायमूर्ति बनाया जा सके	एसडीजी लक्ष्यों से घिरे हुए हैं जिनके लिए देश भर तक की ।
3	सभी जानवर वहाँ से लौट आए।	वन में एक जन विषय को स्वीकार किया।
6	तब संन्यासी की रक्षा करने की दृढ़ बुद्धि (मैंने) की।	तब परिवार में बहुत धन लेने से रखे हुए (परम) माता को मिल गया।
3	उन सब को भी उठा दे ।	तब सभी अनुग्रह करेगा।
2	वह किसान है	वह किसान
4	हम दोनो संस्कृत वाक्य लिख रहे है ।	हम दोनों संस्कृत वाक्य लिख रहे है ।
5	उसके द्वारा छात्र को शोध शोध शोध के लिए भी प्रेरित किया गया।	उसके द्वारा छात्र शोधोपाध के लिए भी प्रेरित किया गया।
4	अजीज को देखकर स्वामी चकित होता है।	दृष्टि से मालिकी होती है।
5	ओह एक साथ कितने लोग आ गए हैं	ओह, एक साथ कितने लोग आए थे।
1	असहाय महिला	अब
13	यह पैतृक राज्य आपका ही है, आप इसका पालन कीजिये, आप बड़े भाई हैं, अतएव पिता के तुल्य हैं। महाराज ! प्रजा का पालन करना यही क्षत्रियों का प्रधान धर्म है ॥	तुम राज्य को पालक, आपके पिता और मेरे पिता से मेरा पिता हूँ और अपने पिता का जो पिता धर्म का पालन करते हैं। उनके लिये जो किसी भी प्रकार से आपके पास चलना चाहिये। उसे मेरी शक्ति का ज्ञान दो नहीं है। क्योंकि
9	एक बार श्रीकण्ठ उसके साथ सवेरे नौ बजे उसके घर गया।	एक समय श्री हरि उसके साथ प्रलय उसका घर गया।
6	वह मेज़ लेकर यहीं आता है।	वह मंच लेकर यहाँ आता है
3	हे छात्र	हे बहुत छात्रों
10	अब तक ये लोग राज्य सरकार की हिमाकर योजना के तहत चिकित्सा सुविधाओं को प्राप्त कर चुके थे।	अब तक ये लोग राज्य सरकार की बर्फ- योजना के तहत चिकित्सा संस्थानों के तहत चिकित्सा सुविधाओं को प्राप्त कर रहे थे।
4	यह किसका चित्र है?	यह किसका आकांक्षी है?
5	पुत्र नारद, ये कहाँ से आये ?	बेटा नारद, कुतान यह ?
3	आनन्द अपने स्वरूप में ही है।	आनन्द अपनी अपने स्वरूप ही है।
19	इतिहासकारों द्वारा ऐतिहासिक दृष्टि से अंन्धरों के पतन का वर्णन समुद्री गुप्त के विजयादी को स्वीकार किया गया है, जो मछली के-भविष्यपुराण कीरचना का समय 236 ई. से 2030 ई. तक स्वीकार किया गया था।	इतिहास के ऐतिहासिक त्यागी पर आधारित आंध्र प्रदेश आज-ए द्वारा गहन लगाए गए विजया के बल के लिए मछली- इन्द्रनी और मछली-बताया गया है कि अब 330 ई. में 330 ई.
8	वेदों में रामायण जैसे वैदिक और धर्मनिरपेक्ष पुराण शामिल हैं।	वेद वैदिक वैदिक राम और पुराणों को यह (चोरी) भी शामिल हैं।
9	राजनाथ सिंह ने कहा कि प्रत्येक सैन्यकर्मी हमारे परिवार के समान महत्त्वपूर्ण है।	राजनाथ- सिंह ने कहा कि प्रत्येक सेना को सेना के परिवार के समान महत्वपूर्ण परिवार है।
14	कभी जल पीकर, कभी केवल मरुताहार करके कभी अनाहार होकर तपस्या करने लगे।	कभी वह जल पीकर कभी रगतावहार करके वह तप करता था और तपस्वी होकर तपस्या के द्वारा आरम्भ किया।
5	वह खड़े होकर भोजन नहीं पकाती है।	वह उठकर भोजन नहीं पकाती है।
6	मनुष्य को कोई सहायक लेना ही चाहिए।	पुरुष ने कोई भी कार्य करना चाहता है।
11	ऐसा देखकर उसकी सारथी ने सोचा कि कैसे दुर्योधन को युद्ध के मैदान से निकालना चाहिए।	ऐसा देखकर उसका सारथी रूप जड़ दिया कि दुर्योधन को युद्ध क्षेत्र से हटाने के लिए पूछा।
6	डिफेंस के क्षेत्र में भी टाटा समूह बहुत ही अनुपम काम करता है।	रक्षा क्षेत्र में भी अहावास समूह को दिया गया है।
7	इसने सौ रुपये लिये वा नहीं ?	इस से सौ रुपये ले चलो क्या ?
3	कैसे जाऊँ ?	कैसे जाऊँ ?
4	पुरानी वस्तुओं को निकाल रहा है ।	पुरानी वस्तुओं को निकाल रहा है ।
3	वृक्षो से फल गिरते हैं।	वृक्ष से फल गिरते हैं।
1	कहा जाता है	कहा जाता है
10	इसीलिए उनके लिए निर्णायक उपदेश है कि मन को शान्त करना साधना चाहिए।	उस उनके निर्णय का उपदेश है कि मन को शान्ति शान्ति साधना करना चाहिए।
7	भारत-यह सुझाव दिया गया है कि निज्जरा की हत्या कन्नड़ के बीच संबंध को ढीला करने के लिए पिछले सूत्र द्वारा की गई है।	भारत-काड और
12	उन्होंने कहा कि ज्ञान नहीं है फिर भी सुनने और बोलने से संस्कृत भाषा आती है।	उन्होंने कहा कि ज्ञान नहीं है यह भी सुनने से संस्कृत पढ़ाती है।
9	उनके लेखन और बच्चों की कविताओं को कई कक्षा की पाठ्यपुस्तकों में शामिल किया गया था।	उनके द्वारा विरचित होने पर – खंडूनों में कक्षाओं में स्थान परिवर्तन और स्थानों पर स्थान पर स्थान हासिल कर रहे थे।
4	राम – किस सम्बन्ध से? (किस नाते से)	राम – किसके सम्बन्ध से?
5	अहमदाबाद के कौनसे विस्तार में थे?	कर्ण के कौन से विस्तार विस्तार में थीं?
12	मुख्य वक्ता के रूप में आए डॉ. पाण्डेय ने सभी प्रशिक्षुओं के लिए श्रीमद्भागवतगीता को अपने जीवन में स्वीकार करने के लिए प्रेरित किया।	मुख्य वक्ता के रूप में आए डॉ. पाण्डवनांत सबके प्रशिक्षक के लिए श्रीमद्भागवत गीतों को स्वीकार करने के लिए प्रेरित किया।
3	इसके आगे ग्रहणी-चिकित्सा की व्याख्या करते हैं । भगवान् आत्रेय ने ऐसा उपदेश किया है ॥	इसके आगे से इसके घर क और कार्य मार्ग की व्याख्या करते हैं।
7	विविध विद्यालयों के छात्र भी वहाँ बैठे थे।	विविध विद्यालयों के छात्र भी वहाँ बैठा था।
3	कार्यालय के पात्र धोता है।	कार्यालय की बर्तन धोता है।
7	ठीक है आओ। कंगन की दुकान चलते हैं।	ठीक है। कंगण की दूकान जाते हैं।
9	मुख्यमंत्री सुक्ख बोला कि केंद्र सरकार की पहल जल प्रदूषण का विरोध कर रही है।	मुख्यमंत्री सुक्खू ने कहा कि केंद्र सरकार के उप पहल जलोपकर का विरोध करते हैं।
4	कुछ भी सरल सरल बोलिये	कुछ भी सरक सरस बोलिये ।
9	उम्मीद है कि जनवरी के पहले सप्ताह तक इन रेलगाड़ियों का संचालन भी शुरू होगा.	इन रेलगाड़ियों का परिचय भी जनवरी के प्रथम सप्ताह की संभावना है।
10	शिक्षिका -तुमने तो परीक्षाशुल्क भी नहीं दिया	शिक्षिका - तुम तो परीक्षाएँ भी नहीं दी गई हो।
6	अहमद सड़क पर गिर पड़ा, इसलिए वह हँसता है	मैं वह रास्ते में गिर गया इसलिये वह हँस रहा है।
10	इस समारोह में देश-विदेश की योग को समर्पित महिलाओं का प्रचुर संख्या में समागम होगा।	इस समारोह में भारत से विदेशों के योग समय पर महिलाओं को बहुत से संख्या का सामना किया जाएगा।
4	सात बजे तक ध्यानसत्र चलेगा।	सात बजे तक ध्यानचंद चलेंगे।
1	चेहरा नीचे की ओर	मुख पर पहले
7	लौकिक पुरुष हाथी, घोड़े और सारथि जैसे गौरश्व है।	लोहा से जैसा पुरुष पुरुष पुरुष ने शकुकरा
1	जाना	प्राप्त करना
10	हमें अपनी क्षमता को जानकर भारत के लिए हमारे लक्ष्य का प्रारूप निर्माण करना चाहिए।	हमें हमारे क्षमता को जानकर भारत के लिए हमारे लिये हमारी लक्ष्य बनाने का निर्माण करना चाहिए।
3	प्रयास करता हूँ ।	कोशिश करूंगी ।
6	बालक विद्यालय जाकर पुस्तक पढ़ता है।	बालक विद्यालय जाकर पुस्तक पढ़ता है।
3	ननन्द भाभी से द्रोह कर सकती है।	ननदी भाभीजी ने कहा कि ननद भाई होती हैं।
6	अभियुक्त शिक्षक को ग्रहण करने के लिये पुलिस बल व्यस्त है।	अभियान में कहा जा सकता है कि पुलिस बल के कोल् ने व्यस्त किया है।
3	मुख में गीलापन नहीं है।	मुख में गीलापन नहीं है।
10	1 दिसंबर को इस फिल्म की विज्ञापन बुक प्रदर्शित होगी, ऐसा कहा गया था।	कहा जाता था कि 1 दिसंबर को इस फिल्म की स्थापना प्रदर्शित की जाएगी।
6	दिल्ली में भी सर गंगाराम अस्पताल है।	दिल्ली से-नगर में भी सर गिंग अस्पताल है।
6	जगत में देखने के लिये क्या क्या नहीं है ?	जगत् में देख क्या नहीं है?
5	पुत्र , ध्यान से चढ़ो नहीं तो गिर जाओगे।	पुत्र , ध्यान से चढ़ो नहीं तो गिर जाओगे।
9	यह समूह स्वकीया पत्रिका गुरुत्वा के नाम पर प्रकाशन करेगा।	समूह यह गुरु का गुरु है।
7	व्याधिके ग्रहणसे वायु, पित्त कफ, रक्त, सन्निपात इनमेंसे एक या अधिककी विषमतासे उत्पन्न होनेवाली संपूर्ण (चारोंप्रकारकी ) व्याधि समझीजातीहैं ॥	व्यायाम से इनमें उत्पन्न करने वाले मनुष्य के शरीर को कडित कर पुरुषार्थ, रोगियों का किसी प्रकार की व्याख्या करते हुए ही शिकारी की व्याख्या में व्याख्याता (विद्ता ) करके रोग मे रहने वाले होते हैं ॥
11	तब कोसल्या ने भरत जी को हृदय से लगाकर कहा बेटा मे यह सब कुछ जानती हूँ, तुम किसी प्रकार की चिन्ता न करो। इसी समय ही भरत जी का समागम सुनकर मन्त्रियों के साथ वसिष्ठ जी राजभवन में आये और रोते हुए भरत को देखकर आदर पूर्वक बोले ॥	उसे सुनकर भरत जी माता का पुत्र भरत जी को सुनकर माताजी माता का प्रसन्न होना सुनकर भरत जी को सुनकर भरत जी को सुनकर भरत जी को सुनकर भरत जी को सुनकर भरत जी को सुनकर भरत जी बोले ॥
6	वह प्रातः छः बजे गाय को घास देती है।	वह प्रातः छः बजे गाय को घास देती है।
11	यही कारण है कि अब राज्य में सभी वैद्य स्वाग्रहों के लिये आन्दोलन कर रहे हैं ।	यही कारण है कि अब राज्य में सभी जगहों को
14	इस अवसर पर मुख्य संसद सदस्य ने भी उपस्थित महिला एवं युवा जिलों को हजार रुपये देने की घोषणा की।	इस अवसर पर मुख्यमंत्री ने मुख्य सचिव भी उपस्थित लोगों को महिलाओं का एक युवा कुंडों के लिए हजारों रुपये देने की घोषणा की।
3	जिनकी बुद्धि उस (परमात्मा) में स्थित है, जिनका मन तद्रूप हुआ है, उसमें ही जिनकी निष्ठा है, वह (ब्रह्म) ही जिनका परम लक्ष्य है, ज्ञान के द्वारा पापरहित पुरुष अपुनरावृत्ति को प्राप्त होते हैं, अर्थात् उनका पुनर्जन्म नहीं होता है।।	बुद्धिहीन पुरुष के लिए यह ज्ञान कानों से बाहर रहता है, दूसरे की बुद्धि वाले लोगों को ज्ञान के समान ही ज्ञान की प्राप्ति होती है। वह ज्ञान, अर्श और ज्ञान की जड़ में ही जंजीम है।।
5	उसके साथ आहुति बहन भी है।	उसके साथ आहुति बहन भी है
4	पुस्तक चाटूँ क्या ?	पुस्तक लेहें और क्या ?
5	इंग्लैंड टीम के पास चहनांकाओं की अग्रता है।	इंग्लैंड टीम के सामने चधिकाओं की अग्रणी है.
10	इस पृथ्वी पर तीन ही रत्न हैं-जल, अन्न और हितकारी वचन, परंतु मूर्ख लोग पत्थर के टुकड़े को रत्न कहते हैं।	पृथ्वी पर तीन रत्न हैं- जल दो, जल से रहित, मूर्खों से परकभीों को संक्षेप में रत्न की संक्षेप में ही सीखों का संग्रह करते हैं।
12	पण्डितों में सब गुण ही रहते हैं और मूर्खोंमें केवल दोष ही इसलिये एक पण्डित हजार मूखोंसे भी उत्तम है	हे राजन् ! गुणों के अनुसार इन तीनों में दोषयुक्त होने के कारण केवल ईर्ष्या से युक्त होकर अनेक प्रकार से देवताओं की सभा (रामता) की जाती है।
4	लक्ष्मी शुद्ध किस तरह होती है?	लक्ष्मी शुद्ध किससे होता है?
1	फूंकना	ध्यान करना
10	सिंघवी तीन बार सांसद बने हैं। वे देश के सर्वोच्च न्यायालय के वरिष्ठ न्यायाधीशों में से एक हैं।	सिंघवी जी तीन बार सांसद बने। वह देश के सर्वोच्च न्यायालय के वरिष्ठ प्रमुख हैं।
5	दस छात्रों ने विविध गीत गाए।	दस छात्रों ने विविध गीत गाए।
4	नमकीन पानी में केले का फूल उबाला जाता है।	नमक, नमक, पानी में केला के फूल कहाँ से ला रही है।
1	समुद्र	सागर
17	आपदा के बाद राज्य को पैरों में लगाना चाहते हुए मुख्यमंत्री सुक्खू के लिए यह  ⁇ udget कठिन परीक्षा की अपेक्षा कम नहीं होगी।	आपदा के बाद राज्य को करने का संकल्प करके मुख्यमंत्री सुक्खू को, मुख्यमंत्री सुक्खू की अपेक्षा कठिन परीक्षा कम नहीं होगी।
1	दुष्टों का।	हड़प का
10	टारगेट बॉल की जीत में ऑस्ट्रेलिया की टीम ने 20 गेंदबाजों में 216 रन बनाकर जीत हासिल की.	लक्ष्य को हासिल करने के दौरान ऑस्ट्रेलिया टीम की टीम ने अपने, 21 रनों को दौड़ने की जीत हासिल की।
3	तोरण भी लटकाऊँगी।	तोरण भी लटकऊँगी।
1	वेश्या	समूह
7	हिमाचल प्रदेश के मुख्यमंत्री सुखविंदर सिंह सुक्खू बुधवार को दिल्ली के लिए रवाना हो गये.	हिमाचल प्रदेश के मुख्यमंत्री सुखविंदर सिंह सुक्खू बुधवार को दिल्ली के लिए प्रस्थान किया।
8	सभी प्रतिभागियों के लिए राशि और स्मृतिचिह्न पुरस्कार के रूप में वितरित कर दिए गए।	सभी प्रतिभागीों के लिए में से स्मृतिचिचि - हैं।
9	मैं प्रतिमाह बिजली खर्च करने में चार करोड़ रुपये का लाभ उठाऊँगा।	इस में हर महीने बिजली का खर्च करने में चार करोड़ रुपये का लाभ होगा।
7	उसका श्लोकगान सुनकर दूसरा सज्जन भी गाता है।	उसका श्लोक है सुनकर दूसरा सज्जन भी गाता है।
1	क्षमा करें।	क्षमा करें
11	इससे भिन्न-भिन्न भौंरे आईटीआई से भिण् डील तक, ग्राम पंचायत-टकरारारारा चौकटी से बडुही पुल तक रास्ता निर्माण किया जाएगा।	इसके अतिरिक्त भलोड, आईटीआई तक, ग्राम पंचायत-टकराराज-टूारा चौक से बडु मार्ग आई है।
5	वो दोनों फॉर्म भरती हैं	वह दोनों फॉर्म भरती हैं
5	वह शिक्षक सदा पुस्तक पढ़ता है।	वह आचार्य सदा पुस्तक पढ़ता है।
3	वह पैसा चुराता है।	वह धन चुराता है।
6	चुनाव- आज से विक्रय होगा।	चुनाव-आन्धि के विक्रय आज से शुरू होगी।
6	हिमदास ने पूरा कमाया हुआ धन लोकहित में समर्पित कर दिया।	हिमादास ने पूरा कमाया हुआ धन लोकहित में समर्पित कर दिया।
12	मूर्ख अपने घरमें समर्थ पुरुष अपने गाँवमें, राजा अपने देशमें और विद्वान् सर्वत्र ही पूजा जाता है।	अपने घर में सम्मान की पूजा होती है। मूर्ख की देश में पूजा होती है, राजा हर प्रदेश में सम्मान-बताया जाता है।
5	दुर्गावती का विवाह किसके साथ हुआ?	किले का विवाह किसके साथ हुआ?
6	बचपन से ही वो स्वतंत्रता आंदोलन में हिस्सा लेते थे।	बचपन से ही वो स्वतंत्रता आंदोलन में हिस्सा लेते थे।
3	वह मालपुआ तलती है ।	वह मालपुआ तलती है ।
10	देश का संपूर्ण-उत्तर क्षेत्र में भीषण-आफूसी-चरण से रेल सेवा प्रभावित हो गई।	देश की पूरा-उ के क्षेत्र में भयंकर-फ्यू-वेक रेल सेवा को प्रभावित हुआ।
9	इसके अलावा विधानसभा क्षेत्र में सुरक्षा व्यवस्था को मजबूत करने के लिए सीसीटीवी-ड्रोन-यन्त्रों का उपयोग होगा।	इसके अलावा विधानसभा में सुरक्षा व्यवस्था सु व्यवस्था को बढ़ाने के लिए सीजीटीवी-ड्रोन-काने का उपयोग होगा।
11	उन्होंने कहा कि इस विधानसभा क्षेत्र में एक वर्ष में 170 करोड़ रुपये का विकास चल रहा है।	उन्होंने कहा कि इस विधानसभा क्षेत्र में एक वर्ष में 170 करोड़ रुपये का विकास कार्य चल रहा है।
3	ये दोनों कुत्ते हैं।	ये दोनों सूखे हैं।
5	तुम्हारी बहन की क्या उम्र होगी ?	आप की बहन कितने वर्ष की है ?
13	जब हमारी सरकार आ गई तब हमने भ्रष्ट कर्मचारी को पकड़ा और आज सभी भ्रष्ट जेल में हैं।	जब हमारा सरकार आया तब हम झगड़ालू आज सभी भाई जेल में हैं।
5	उसकी भी एक बेटी थी।	उसकी भी एक बेटी थी ।
3	शोक सब कुछ नाश कर देता हैं।	दुःखदायी होते हैं।
1	अपनी इच्छा से	अपनी इच्छा से।
9	माँ बहुत तेज की भूख है जल्दी से भोजन लगाओ।	माँ उसे बहुत भैंस की होती है। जल्दी से भोजन परोसा भी ले जाता है।
8	बाह्य अंतरिक्ष देवदूतों की ओर से अब तक हजारों अवशेष बाह्य अंतरिक्ष में ढेर हो चुके हैं।	बाहर से आकाश में अब तक अब नजर तक हजारों शेष रह गए हैं।
9	शिक्षिका -पुस्तक घर में होती है , पैसा बैंक में होता है ।	शिक्षिका - पुस्तक घर में होता है, धन वित्त में होता है ।
1	खरीदकर ।	खरीदकर
4	सुजाता ने बैंक में नौकरी पाई।	सुता ने वित्त में नौकरी पाई।
9	हे पार्थ ! वही यह भूतसमुदाय, है जो पुनः पुनः उत्पन्न होकर लीन होता है। अवश हुआ (यह भूतग्राम) रात्रि के आगमन पर लीन तथा दिन के उदय होने पर व्यक्त होता है।।	पृथ्वी से निकल जाता है वह एलीन हुआ होता है। रात में ही कार्रवाई की भावना ही दगड़ होती है।
5	सभी शिक्षक और कर्मचारी भी खड़े होंगे।	सभी शिक्षकों को भी दूर करो।
5	तूने आम चूसे वा नहीं ?	तूने सारे चूँध कि लिये ?
6	इसकी प्रस्तावना के रूप में दोनों देशों ने सात संधियों पर हस्ताक्षर किये।	उसकी भूमिका पर सात संधियों को राष्ट्र दो प्रकार से नष्ट कर दिया गया।
9	विस्फोटक आवाज सबसे पहले छात्रों ने सुनी। तभी सड़े फलों की दुर्गंध चारों ओर फैल गई	छात्र पहले से विराटकका शब्द सुना गया। बाद में आ गया। सब जगह बना हुआ। सब जगह हरने हैं।
8	अनेक पाठकों के दृश्य पत्रालय के अन्दर और बाहर निकाले गए।	ग ।कर दृश्य के दृश्यों को पत्र देकर बाहर भी बाहर निकाले गए।
8	रास्ते में कोई उतरना चाहे तो वाहन रोकता था।	रास्ते में कोई भी उतर रहा था तब वाहन निलंबित कर रहा था।
6	तुम्हारे घर किसका वृक्ष है ?	तुम्हारे घर किसका पेड़ है ?
5	नाटक देखकर प्रेक्षक प्रसन्न होते हैं।	नाटक देखकर प्रेक्षक प्रसन्न होते हैं।
4	हे मित्र (बन्धु/भाई)! पक्षियों के समूह की आवाज़ से गुंजायमान वन में चलो।	हे विगजातों के रथ पर गिर गया।
8	वह अध्ययन के साथ ही विभिन्नगतिविधियों में भी भाग लेने के लिए सबको प्रेरित कर रही थीं।	उन्होंने अध्ययन के साथ ही विभिन्न की गति गहन भी भाग लेने के लिए सभी को प्रेरित किया।
4	सोमवार तो धोती का वार है ।	सोमवार तो धोती है।
1	है फिसल	एक महिला सहता है
5	शनिवार को सत्र की शुरूआत लौकिक मंगलाचरण से हुई।	शनिवार को सत्र की शुरुआत सुख से सूर्य की खोज हुई।
6	प्रातः उठ कर जल से मुंह धोओ।	प्रातः उठकर जल धोनेवाला मुख धोने वाले
2	दुष्ट महिला गाली बक रही है।	दुष्टात्मा मूँछ रही है।
10	आज भोजन में चावल, दाल, सब्जी, पापड़ और खीर है।	आज भोजन में ओ दूँ, सूप, व्यंटी, और पड़ट हैं।
6	पहुंचे हुए समाचार के अनुसार, अर्जुन शीघ्र ही खलनायक की भूमिका पर दिखता है।	पहुंचे हुए के अनुसार, अर्जुन शीघ्र ही पृथ्वी की भूमिका में दिख रहा है।
3	बच्ची उँगली से दिखाती है।	बालिका जोगुल्या दिखाती है।
6	क्या वे सज्जिता के रूप में सुशय्या नहीं दिख रही हैं?,	सज्जन वे सुशयें या नहीं दिखती?
7	बाद में, मुम्बयी विश्वविद्यालय के सार्वजनिक विधि महाविद्यालय से स्नातक के पदवी को प्राप्त किया।	बाद में, मुंबईयी विश्वविद्यालय के सर्वकरविधी महाविद्यालय से पद प्राप्त किया।
1	अध्ययन	अध्ययन
5	पुनः कब मिलेंगें ?	हम पुनः कब मिलेंगे ?
6	मुझे नहीं पढ़ना है क्या ?	क्या मेरे पढ़ने का कोई नहीं है क्या ?
7	लेकिन आज हल्दी संस्कार बदल गया और अंडम्बर से परिपूर्ण हो गया।	लेकिन आज ही हल्दी संस्कार बदल गया, आडम्बर ठीक हो गया।
7	भाषण स्पर्धा में बहुत प्रतिभासम्पन्न उन्होंने अनेक पुरस्कार जीते।	मेरे भाषण में बहुत से प्रतिभा परंपरा बहुत ही अनेक प्रकार की
4	मध्याह्नोत्तर का काम दिन के प्रथम भाग में ही कर लेना चाहिए।	दोपहर की रक्षा करने वालों और करने योग्यप
10	बोधि नामक ग्रन्थ संस्कृत और पालि में भी प्रसिद्ध है।	जो संस्कृत में पालक भाषा में भी प्रसिद्ध है।
4	इस समय शिमला नगर का विकासयोजना की गई है।	अब शिमलाानगर के विकास योजना की।
5	स्वस्थ दाँतों वाले लोग गन्ना भी चबाते हैं।	स्वस्थ लोग प्याज के लिये इंद्रियों को भी देखते हैं।
6	श्रम के बिना कोई आगे नहीं बढ़ता है	परिश्रम के बिना कोई आगे नहीं बढ़ती।
14	जहाँ वह दूरसंचरण, पेय जल, ऊर्जा और स्वास्थ्य से सम्बद्ध अनेक परियोजनाओं का आधार बनाकर राष्ट्र को समर्पित करेगा।	जहां यह दूरसंचार-पेय जल-वे स्वास्थ्य- होटलों से क्षेत्र-अबदों के अनेक परियोजना परियोजनाओं का आधारशिला स्थापित करेंगे।
5	मैं अब संस्कृत पढ़ना प्रारंभ करता हूँ	मैं अब संस्कृत पढ़ने का शुरू करता हूँ ।
9	उसने पूछा – पत्नी के साथ संस्कृत में बात करते हो ?	वह पूछा – भारत के साथ संस्कृत में बात करता है ?
11	यह जन समुदाय फँसा हुआ है। सरकार द्वारा केंद्रित योजनाएं सभा में समाविष्ट हो चुकी हैं।	इस जन समुदाय वञ्चित है। सरकार ने केंद्र में एक योजनाएं बजनी हैं।
17	वहौ नई दिल्ली का भारत-बड्डा में आयोजित दो दिवसीय दल के राष्ट्रीय सम्मेलन के पहले दिन दल के नेताओं को संबोधित किया गया।	वह नई दिल्ली-अंगे वाले स्थल पर आयोजित दो दिवसीय दल के राष्ट्रीय सम्मेलन के पहले दिन उनका पहला अधिकारियों के साथ बैठक की।
14	परन्तु कन्या ने आग्रह किया कि ये मूर्ख गौ पालक उन सभी समस्याओं को दूर करेगा।	लेकिन कन्या की आग्रह किया कि यह मूर्ख गोपाल गोपाल उनके सभी समस्याएं पूरी होंगी।
10	इस युद्ध का नेतृत्व सनेठीग्राम के महान् रामभक्त पं. देवी दीन पाण्डे जी ने किया।	इस युद्ध का नेतृत्व सनेठी गांव के परम रामभक्त पं. देवीदीन पांडे आ गए।
4	विविध रंगों के वस्त्र दिखाता है।	विविध रंगों के वस्त्र दिखाता है।
9	अब तक उसने 1000 से ज्यादा फिल्मों में काम किया है।	अब तक उसने 1,000 से अधिक फिल्मों में काम किया।
21	और इसके निरोध के लिए प्रचार कार्य भी करना चाहिये। संग्रह की प्रवृत्ति रोकने के लिए लोगों और व्यापारियों में राष्ट्रीय भावना से परिचित कराया जाना चाहिये। तभी महँगाई को समस्या कम और समूल नष्ट हो सकेगी।	प्रचार कार्य में भी हरीट को कम करने के लिए रोशनी प्लेट / वड़ीजी और अन्य में देश की कार्यभार में कम किया जाएगा और इस समस्या से सुशोभित होने वाली समस्याओं को कम करने वाला यह समस्या कम हो जाएगी।
4	कृपया सभी वस्तुएं पकडीये	होली को चुराने का निश्चय करो।
5	इसके लिए जागरूकता अभियान की भी आवश्यकता है।	यह दो महिलाएँ अभियान की भी आवश्यकता है।
15	देश के प्रमुख शहरों में भी पांच सौ से ज्यादा-सैन्धो जिलों के प्रमुख सड़कों पर-एक सुरक्षा सतर्कता कार्यक्रम का आयोजन किया जा रहा है।	देश की प्रमुख शहरों में भी पचास से अधिक-यह सात सौ जिलों में सड़क की- सुरक्षा- | की और अन्य की संख्याओं में भी किया जा रहा है।
4	एकतः ओषधीनां पतिः अस्तशिखरं याति एकतः अरुणपुरःसरः अर्कः आविष्कृतः, लोकः तेजोद्वयस्य युगपद् व्यसनोदयाभ्यां आत्मदशान्तरेषु नियम्यत इव।	वहाँ से प्रवेश किया हुआ शिष्य शिष्य के शिष्य के पास प्रवेश करता है।
5	मेरा मित्र आज मदुरई पहुँचेगा ।	मेरा मित्र आज काईल को पाएगा
4	वो भारतरत्न थे ।	वह भारत रत्न भी थे ।
5	वे सभी संस्कृतगीत सुनना चाहते हैं।	वे सभी संस्कृत गीत सुनना चाहते हैं।
1	हम लोगों का	हमारे
9	इस दिन पूरे विश्व में भारत के साथ पूजा और पूजा होती है।	इस दिन भारत के सहमति से पूरा हो रहा है।
11	मन में दृढ़ निश्चय लेकर ही कार्य करना चाहिए। तो सफलता अवश्य मिलेगी।	मन में दृढ़ निश्चय करके ही कार्य करना चाहिये। तब अवश्य ही सफलता होगी।
12	राष्ट्रपति मुर्मू ने कहा कि दुनिया भर में कई विवाद विवादों को तर्क की दृष्टि से संबोधित किया जाना चाहिए।	राष्ट्रपति ने आज दुनिया में उल्लंघन उल्लंघन करने वाले राष्ट्रपति ने कहा कि दुनिया भर में कई वर्षीय को आलोचना करना चाहिए।
7	तिल काले हैं, माष भी वैसे ही हैं।	तिलाएँ हैं वैसे ही माष भी हैं।
6	पत्नी का भाई ने इस मामले को दर्ज किया।	पत्नी का भाई इस मामले की मामले पंजीकरण किया।
3	दश अध्यायका शारीरकस्थान ॥	दस बजे ॥
7	वानरोंका नन्दन और राक्षसोंका अवसाद वह अस्त्र है	वानरों और में तथा राक्षसों का कूड़ा हुआ था, उस अस्त्र को।
7	परन्तु हे अर्जुन जो पुरुष मन से इन्द्रियों को वश में करके अनासक्त हुआ कर्मेंन्द्रियों से कर्मयोग का आचरण करता है वह श्रेष्ठ है।।	जो पुरुष अन्द्रिय मन से द्वारा (सत्यन्त) मन से कहा गया है, उस मन में कर्म का विषय त्यागकर (विेन्द्रिय है) होकर कर्म में योग के द्वारा प्राप्त किया जाएगा।।
15	तन्मय – हाँ आज तो श्रावणी पूर्णिमा है , स्वाधीनता दिन भी है , संस्कृतदिन भी है।	तित –हाँ आज तो सुनाई है , स्वाधीनता दिन भी है , संस्कृतदिन भी है।
8	ओमान के संस्कृत विद्यालय के डॉ आर नारायणन व्याख्यान देंगे	ओमान संस्कृत स्कूल का डॉ. आर. नारायणन व्याख्यान देगा।
12	अंत में सेंसेक्स की समाप्ति हुई, जो या अंकों से गिर गई।	अंत में सेंसेक्स का क्रम पूरी तरह से समाप्त हो गया और समाप्त हो गया।
16	तीस बैठने के लिए एक सत्ताईस से अधिक-नईस से एक हजारभ्यर्थियों का भाग्य का निर्णय लगभग एक सत्ताईस से अधिक लाख से अधिक समय तक मतदाता करेंगे।	तीन सौ से अधिक के लिए से अधिक-उ सौ सौ ( एक हजार) हजारों के पात्रों की में एक है, तीस हजार से अधिक मतदाताों के लिए मतदाता लक्षताएँगी।
4	ऊर्ध्वभाग हिम से आच्छादित हैं।	ऊपर के बर्फ से आवरण जा रहे हैं।
9	ये वाचक हैं-सरवण कुमार-हिमाचलप्रदेश-कृषि विश्वविद्यालय, पद्मपुरम डॉ. यशवंत सिंह पर्मार उद्यान-ऐसा-वैज्ञानिक विश्वविद्यालय, सोलन हैं।	यह चोर चौंती कुमार-हिमाचल- कृषि विश्वविद्यालय, पालमपुर, पालमपुर में डॉ. यशवंतसिंह परमार उद्यान-ए-वह विश्वविद्यालय, सोन हैं।
4	साइकिल ध्यान से चलानी चाहिये।	साइकिल ध्यान से चलानी चाहिये।
18	ऐसी जानकारी भारत के खिलाफ बढ़ती राजनीतिक रूप से प्रेरित पहल और विकारों के कारण दी गई थी। कनाडा में भारतीय छात्रों को बहुत सचेत रहना चाहिए। उन्हें भारत के स्थानीय सरकारी कार्यालय में पंजीकरण कराना चाहिए।	वहां भारत के खिलाफ-सा से जुड़े राजनीतिक दलों को बढ़ाने के लिए भारत की स्थान पर है, इसलिए सरकार ने इस दुर्जनों को बहुत समय से संस्कृत के स्थान पर पंजीकरण किया।
10	पुनः बन्धुओं सहित मुनिजनों के द्वारा धर्मशास्त्र का रहस्य गुनते तथा उसकी व्याख्या भी करते थे ॥	मुनिश्रेष्ठ ! धर्मशास्त्र के अध्ययन द्वारा गुरुजन को सुन कर, धर्मशास्त्र और डॉकभी ही त्यागी। और धर्मशास्त्र का तुमसे सुनती है ॥
7	धन से नष्ट हुए व्यक्ति का कुछ भी नष्ट नहीं हुआ किन्तु यदि चरित्र नष्ट हुआ तो वह मरे हुए के समान है।	जो धनवचन, धन बढाने वाला धन तो वह दु:ख लेनी हो और मारीक को मार डाला गया ॥
1	बिछौना	ऊशीर
8	गुजराती भाषा में बावड़ कहते हैं	गुजरात भाषा में " बावड़" कहा जाता है।
10	कन्नूर में कुटियान माला नामक क्षेत्र में बिजो-अन्नमारिया एक स्वप्निल जोड़े की बेटी बन जाती है।	कन्नूर, कुटियुग में श्रीराटिय नाम की एक पुत्री है-चुनाव दम्पती की बेटी।
9	जो व्यक्ति संतोषरूपी अमृत से तृप्त है, मन से शांत है, उसे जो सुख प्राप्त होता है, वह धन के लिए इधर-उधर दौड़-धूप करने वाले को कभी प्राप्त नहीं होता।	क्योंकि सुख देने वाले होते हैं कि सुख देने वाले हैं और शान्ति में शान्ति का ज्ञान नहीं है। धन के सहित धन और दुःख को भोग ही दौड़ते हैं।
24	सभी औषधि ऋद्धिधारी, उत्तम तप ऋद्धिधारी, अवधृत क्षेत्र से भी दूरवर्ती विषय के आस्वादन, दर्शन, स्पर्शन, घ्राण और श्रवण की समर्थता की ऋद्धि के धारि, अष्टाङ्ग महानिमित्त विज्ञता की ऋद्धि के धारी, आठ प्रकार की चारण ऋद्धि के धारी, पाँच प्रकार के ज्ञान की ऋाद्ध क धारा, तीन प्रकार क बला का ऋाद्ध क धारा आर बुाद्ध ऋद्धीश्वर, ये सातों जगत्पूज्य गणनायक तुम्हारे पापों को क्षालित करें और तुम्हें सुखी बना	जो सब अंगारों में समभाव है, पुत्र, पत्तों, परेशान, मणियों की शोभा और लोक की ओर से विद्ध हुए हैं। ये दोनों पहले श्रीबाबागुरुजी हैं। ये (द्धोही) माताएँ हैं। ये सभी राजाओं को आप के लिये योग्य करके सुशील, ये आदि तुम्हारे पापों को दूर करने वाले हैं। ऐसे लोग ऐसे ही हैं। इस प्रकार जो कुछ देर तक 'कभी' संगीहें और जल की शोभा है, वे सभी आंगिकों तथा लोक को जा दो ।
3	भूतकाल में वाक्य लिखिये	भूत काल में वाक्य लिखो
6	परिश्रम के कारण वह गौरवस्थान प्राप्त किया।	परिश्रम के कारण वह गौरव स्थान पर पहुंच गया।
18	शिक्षक और शिष्य का बंधन शाश्वत पितृसत्ता के सम्मान में मनाया जाता है''वह गुरु पूर्णिमा विशेष नामक पारंपरिक कार्यक्रम में भाग लेने वाले भक्तों को संबोधित कर रही थीं।	गुरु पूर्णिमा के समय गुरुओं को कैसे लाई के बाद शुरू किया गया, गुरु पूर्णिमा को इस कार्यक्रम में भाग लेने के लिए इस तरह की मेरे भाषण में भाग लिया गया।
8	नहीं जानता , रास्ता कब जाने योग्य होगा ।	नहीं जानता , मार्ग कब जाने योग्य होगा ।
1	नाम से	नाम से
1	रक्षण	रक्षा
4	इससे अधिक लोग मारे गए हैं।	से अधिक लोगों की मौत हो गई।
1	होना	हो
3	वन जायें।	वन जाइए।
1	तीन तीन सेर।	त्रु कािपय |
5	उसका सूत्रग्रन्थ 'शब्दानुशासन' है।	उसका सूत्र ग्रन्थ है''शब्बीशासन बहुत है।
16	[ गोपियोंने कहा-] जिनकी कृपाकटाक्ष अपने ऊपर होनेके लिये अन्य देवता प्रयत्न करते रहते हैं, वे श्रीलक्ष्मीजी आपके हृदयधाममें स्थान पाकर भी तुलसीजीके साथ आपके भक्तोंद्वारा सेवित जिस चरणरजको चाहती हैं उसी चरणरेणुकी शरणमें आज लक्ष्मीजीकी ही भाँति हम भी आयी हैं ॥	जिनके नेत्ररूपी कान्तिसे ही ब्रह्मा, मेरा दोनोंका जल, पाठा, सोठ और मरे हुए इन ( जौहादि) रूप धारण करने वाले मलारूपी हो, सुन्दरता और मन इन दोनों के चरण-अठीण (गराजी की ) भी हो? (मैं) इनको पगड़ता हूँ, (क्योंकि) श्रीबाबागुरुजी, सम्पूर्ण शिकार, सव और इनकी प्राप्तिके लिये ही पदनी है ॥
5	सोलर पैनल से वह रात में बिजली पाता है।	सौर ऊर्जा से रात में वह बिजली मिलता है।
4	संस्कार भी आवश्यक होता है।	संस्कार भी आवश्यक होता है।
6	मैं प्रतिदिन नियम से व्यायाम करता हूं।	मैं प्रतिदिन नियम से व्यायाम करता हूँ।
4	शिष्ट लोग संस्कृत जानते हैं।	संस्कृत से ही संस्कृत विजय पाते हैं।
4	आप क्या ढूंढ रहे है ?	आप क्या ढोते हैं ?
9	राजस्व मंत्री जगत सिंह ने कहा कि पहले ही संसाधनों का अभाव था।	राजस्व मंत्री जगत सिंह ने कहा कि इससे संसाधनों का अभाव है।
9	इसलिए संस्कृत अवश्य पढ़नी चाहिए। आधुनिक काल में भी संस्कृत भाषा का प्रयोग अपरिहार्य माना जाता है।	इसलिए संस्कृत अवश्य पढ़नी चाहिए। आधुनिक काल में भी संस्कृत भाषा के प्रयोग की आवश्यकता का अनुसरण कर रहा है।
5	घृत और मधु से भी अत्यन्त स्वादु वचन बोलिए	घरेलू (सीबान) को और शम भी गया।
5	राज्यसभा का उपसभापति भी हुआ।	राज्यसभा के उपसभापति भी समझे।
8	उसके सींग रत्नमय, खुर मणिमय और नेत्र नील रत्नमय थे। इस प्रकार बिजली की छटा और मनोहर मुखवाला वह मृग श्रीरामचन्द्रजी के आश्रम के पास सीताजी के सामने वन में विचरण करने लगा ॥	आज अपने शरीर के कान्ति को ही राक्षस के समान है। बिजली के घबराए हुए बिजली का भस्म हुआ तथा बिजली के समान विशाल वन में मे बलपूर्वक डूबती है। इस प्रकार जो वन में रहते हैं, वन के भीतर विचरते हैं।
7	कभी कभी मेरे साथ भी बात करते हैं	कभी कभी मैं भी बात करता है ।
4	कौआ-कौआ ही रहता है और कोयल-कोयल होती है।	कौआ कौवे कोजा से दिकत गवा।
8	सभी प्रतिभागियों के लिए राशि और स्मृतिचिह्न पुरस्कार के रूप में वितरित कर दिए गए।	सभी प्रतिभागीों के लिए में से स्मृतिचिचि - हैं।
5	राज्यसभा का उपसभापति भी हुआ।	राज्यसभा के उपसभापति भी समझे।
12	सर्वेक्षण में आयकर के विभिन्न प्रवर्तनों में ऐसी असंतुलित लेखांकन गणनाएँ पाई गईं-विभाग की विज्ञप्ति प्रकाशित होती है।	सर्वेक्षण में ईर्ष्या, असली रात में ईर्ष्या से विभिन्न क्षेत्रों में दिखाई पड़ती है-यह आयकका पत्र विज्ञानी में दिखाई पड़ रहा है।
10	हिमाचल-संस्कृत-अकादमी के सचिव डॉ. केशवानंद कौशल ने सभी विशिष्ट अतिथियों एवं विद्वानों का स्वागत किया।	हिमाचल-संस्कृत-अतम के सचिव डॉ. बालवानंदन ने सभी विशिष्ट अतिथिओं का स्वागत किया।
6	कई कारों में नाममात्र की भण्डार शेष है।	अनेक आने वाले नामों में नामक एक भंडार शेष है।
3	महिलाएँ प्रश्न पूछती हैं।	महिलाएँ प्रश्न पूछती हैं।
10	और जल पान के पश्च्यात जल के किनारे वृक्ष की छाया में बैठ गये उसी समय उन्होंने महावलवान भयानक राक्षस को आते हुए देखा ॥	इसके उपरान्त इस वशीभूत हो तो महाविष्णु आश्रमजी महासपादि अवांधनाक आदि महापाक ऋषि ने भक्षण करने वाले महासली में दल्हाथियों को दमन कर लिया है ॥
8	जो जो मैं बोलती हूँ वो वो तुम बनाओ ।	माँ जो मैं कहता हूँ वो वो उसे मैं बना।
10	फिर, एनपीएसए का वेतन गिनते हुए निकालना भी दुर्भाग्यपूर्ण मुद्दा है।	वहाँ से एनपीए का वेतन एक से निकालने का विषय है।
6	वहाँ कोई नहीं था	वहाँ कोई नहीं था।
6	कहा जाता है कि कल नामांकन में प्रवेश किया जाएगा।	कल नामांकन प्रवेश किया जाएगा यह कहा जाता है।
10	यह सुनकर हिरण्यक चित्रग्रीव के बन्धनों को काटने के लिए जल्दी से निकट आया तो चित्रग्रीव कहने लगा -हे मित्र।	यह सुनकर उसका वचन सुन कर उस मित्र के घर छूटने की कोशिश कर रहा है। चित्रग्रीव बोला हे मित्र
4	उसके पास कोई भी नहीं है।	कोई भी नहीं है उसके पास कोई भी नहीं है।
12	ये केंद्र अपनेद्वार के पास राज्य के लोगों को आवश्यक स्वास्थ्य सेवाएं प्रदान करने के लिए नए आशा की किरणें सिद्ध होंगी।	ये केंद्र अपने दरवाजे के पास राज्य के लोगों को आवश्यक स्वास्थ्य सेवाएं प्रदान करने के लिए नए आशाएँ पूरी होंगी।
3	भैया ! आईये	भैया ! आईये।
6	आलसी को विद्या कहाँ? विद्याहीन के पास धन कहाँ?	अलस का कुर्सी विद्या है, विद्या से और धन।
10	विजया- सखी! तपस्या के प्रभाव से हिंसक पशु भी तुम्हारे मित्र हो गये हैं।	विजया- मित्र । तपस्वी होता है कि हिंदी होता है। तप के लिए भी तुम्हारे मित्र बन गए हैं।
23	मुख्यमंत्री सुखविंदर सिंह सुक्ख ने बैंकों से अनुरोध किया कि वे सरकार की जन कल्याण योजनाओं के लिए उदारता और रियायते और ब्याजदर से ऋण चुका सकें, इससे अधिक से अधिक लोग इन योजनाओं का लाभ उठा सकें।	मुख्यमंत्री सुखविंदर सिंह सुक्खू ने वित्त खटों को आग्रह किया कि वे सरकार के जन कल्याण योजनाओं के लिए एक साथ रियादमाजुकाने के लिए ऋण देने में सक्षम हैं, जिससे अधिक से अधिक लोग इस योजनाओं के लाभ को बढ़ाने में सक्षम हैं।
8	इस अवसर पर आचार्य तुलसीदास परौहा जी, विश्वविद्यालय के रीवा परिसर विशेष रूप से उपस्थित थे।	इस अवसर पर आचार्य के प्रलय पर पार्वती जी विश्वविद्यालय के की रीति परिसर की सेकर विशेष रूप से उपस्थित थे।
9	कोई एक वन्यजीव खाने से पेट भर जाता है ना?	एक ही वन्यजीव के खाने से आपका पेट पूर्ण होता है?
5	यहाँ तुम किसलिए ठहरते हो, बताओ ।	यहाँ तुम क्यों खड़े हो बोलते हो?
5	बिना देर किए तेल ईंधन-और वितरण केंद्र बंद हो गया.	बिना देर किए तेल के तेल-नारण केंद्र बंद करके चॉक का निधन हो गया।
10	10 शहरों में सबसे कम तापमान दस डिग्री सेल्सियस से कम रहा।	10 शहरों में सबसे कम तापमान द डिग्री सेल्सियस से कम हो गया है।
15	इस अवसर पर विशाल जनसभा को संबोधित करते हुए मुख्यमंत्री ने महिला जिलों को दिया''प्रोत्साहनराशिं''उन्होंने हजार रुपये से हजार रुपये तक बढ़ने का घोषणा की.	इस अवसर पर एक बड़ी जनसभा को संबोधित करते हुए मुख्यमंत्री महिलाओं को दिया गया''प्रकाराहन को इस हजार रुपये से हजार रुपये तक बढ़ाने के लिए घोषणा की।
24	अरे मनमधुप! व्यर्थ झंकारमय कोलाहल मत कर, मौन होकर हरिके चरणरूपी विकसित कमलके मकरन्दका आस्वादन कर। सबकी प्यास बुझानेवाले उस चिदानन्दमय मकरन्दका एक बार भी पान कर लेनेपर तेरी यह अहंकारसहित झनकार न जाने कहाँ विलीन हो जायगी ? ॥	अरे मन ! सर्वरेचनको न आनेवाले किन्तु मरीजोंको किसीने भी कुछ मधुर झुककराविकाओंका शिकार कर दिया। उस पर सभी तथा महान् तेजपके कारण समानताकी चिकनाई-नठीिक निचानेवाले सभी जीविकाओंके द्वारा लगे, ये राजपुत्र हैं, ऐसे सभी को नमस्कार करके मेरा प्रयास करें ॥
3	बच्ची उँगली से दिखाती है।	बालिका जोगुल्या दिखाती है।
6	इसरो अर्थात् भारतीय अन्तरिक्ष अनुसन्धान संस्थान	इसरो के बारे में भारतीय अंतरिक्ष अनुसंधान संस्थान है।
1	मूर्ख	ठग
5	स्वामी धीरे-धीरे पेटी खोलता है।	स्वामी धीरे धीरे धीरे खाट को उजागर करते हैं।
8	रास्ते में कोई उतरना चाहे तो वाहन रोकता था।	रास्ते में कोई भी उतर रहा था तब वाहन निलंबित कर रहा था।
1	खाना और गलना	गला हुआ
13	हे राम! मैं शत्रुओं का वध करने में भी आपकी सहायता करूँगा इस सम्बन्ध में मैंने जो कुछ देखा हैं वह में आपको सुनाता हूँ सुनिये ॥	राम को यह भी कहा- राम! सुनो। मुझे सुनो। श्रीरामचन्द्रजी बोले हे राम! सुनो! मैं तुम्हें सुनो ॥
6	उसके हाथ में रंग है क्या ?	उसके हाथ में रंग हैं क्या ?
15	कीचक उस समय तो उसी से भाग गया परन्तु अपनी बहन के साथ वह साइरन्ध्री के बारे में बार-बार बात कर रहा था।	कीचक उस समय तो तहके पर ने भाग लिया लेकिन अपने बहन के साथ वहैरन्ध्री के विषय में पड़ी हुई वार्ता करती थी।
6	हम सभी वीर सैनिकों को नमन करते हैं।	हम सभी वीर सैनिकों को नमस्कार है।
1	खाने से	से
1	बड़ा युद्ध	बड़ा बल
5	जो शिक्षा देता है वह शिक्षक है	जो शिक्षा देता है वह शिक्षक है
1	छात्र पर	छात्र पर
15	आज बुधवार है एनएचएम-जिले के साथ वार्तालाप के माध्यम से विषय को समझने का प्रयास किया गया, लेकिन विषय समाप्त नहीं हुआ।	इस समय बुधवार को एनडीएम- निदेशक के साथ वार्तालाप के समाधान का प्रयास किया गया, लेकिन विषय समाप्त नहीं हुआ।
12	ज्ञान की देवी माँ सरस्वती जिसकी जिव्हा पर सारे श्लोकों का सार है जो बुद्धि की देवी कही जाती है और जो ब्रह्म देव की पत्नी है ऐसी माँ का वास मेरे अन्दर सदैव रहे ऐसी कामना है ।	देवी देवी का सदा उनकी ओर ले जा रहे हैं। मेरी यह आकाश तथा मेधावूक (शुद्धि) तथा गुरु के समान, अपारो से तथा तिन या वनों से युक्त होकर मेरी रक्षा करें ॥
8	रामचरण – क्या प्रतियोगिताएँ केवल लड़कों के लिए हैं?	रामचरण – क्या स्पर्धा केवल बालिकाएँ ही हैं?
11	कौन (मनुष्य) वृद्ध होने वाला जानता हुआ नीचे मृत्यु लोक में रहने वाला जीर्ण न होते हुए देवों के संगत प्राप्त कर रूप रंग तथा भोग के आनन्दों को समझते हुए बहुत काल तक जीवन धारण करने में प्रेम करेगा।	अजीर्णता, कर्मसंचार से रहित, असंग, अचल, और कहाँ कमलम के समान, जो यह राजा लोग सत्य है कि इन जीवों को दुःखित करती है। इस प्रकार वह रेशमी वस्त्र है, जो कोई भी व्यक्ति रेत से नहीं छोड़ता है, उसे कोई नहीं जानता है।
9	मैं ओ .... विचार आ गया ... आ गया	मैं - ओ ... सोचने आया ।
1	स्नान करना	स्नान
9	हे महाबाहो ! सत्त्व, रज और तम ये प्रकृति से उत्पन्न तीनों गुण देही आत्मा को देह के साथ बांध देते हैं।।	हे गुणों की वृद्धि अपनी गुणों को प्रकृति मानती है। उनके बल में समान रूप से दिल्ली को मैं छोड़ता है, इसलिए दिल्ली के रूप में बंधकर निष्पाप होकर (जटकर उनकी जडना में ही समान रूप से जौनी (चोड़ कर) रूप में धारण किए हुए होते हैं।।
12	श्रीकांत ने कहा कि केवल भारत ऐसी देशोयं है जिसने दो अधिकारियों केबुदों पर टीकाकरण किया है	श्रीकांग से कहा गया है कि केवल भारत इस प्रकार का देश ऐसी देश है जिससे दोनों देशों से टीकाकरण की गई है।
9	वहाँ पर अग्नि को स्थापित करने के लिए विधि पूर्वक उसे प्रज्वलित करने के पश्च्यात अनेक रत्नों से विभूषित सीता को साथ लेकर महारानी सहित महाराज जनक जी कमलनयन श्रीरामचन्द्र के पास आये। 'श्रीरामचन्द्र का विधिवत् चरणों को धोकर तथा चरणोदक को उसी प्रकार अपने सर पर धारण किया जैसे शिव ब्रह्मा तथा मुनिजन सदा अपने मस्तक पर धारण करते हैं । ॥	वह (तथा) सूर्य के समान अपने शरीर को प्रकट कर ध्यान देकर, जैसे सीता सहित सीता को लेकर अपने में बैठे हुए (के आपको) दूसरे से हँसकर धर्म से करना ॥
5	घर आकर मेरी माँ को मारते हैं।	घर आकर मेरी माँ को मारते हैं।
5	दो गोलक के बीच गन्ना पिसता है।	दो गोलक के बीच गन्ना पिसता है।
5	आज घर-घर में इसका उपयोग होता है।	इस समय घर में-गृह में इसका उपयोग होता है।
4	वे धीमे धीमे चलते हैं ।	वे मंद मंद हैं ।
8	जो कोई अनादर पूर्वक भी किसी से अध्यात्मरामायण का श्रवण करता है, वह भी पातकों से मुक्त हो जाता है ॥	हे मुने! तथा अन्य यह भी नहीं है, अन्य कोई भी सुनो, वह भी सुनो। फिर भी वह मुग्ध उसकी वाणी भी निष्पाप होती है।
5	हम दोनों बालक का नाम जानते हैं।	हम दोनों बालक का नाम जानते हैं।
16	अर्थात् सत्य की ही विजय होती है, असत्य की नहीं तात्पर्य यह है कि उस ब्रह्म की प्राप्ति में सत्य की प्रतिष्ठा होनी चाहिये, क्योंकि यह ब्रह्म को प्राप्त करने का महत्वपूर्ण साधन है। इस संसार में अन्य कार्यों में भी सत्य की ही विजय होती है। मिथ्या भाषण, कपट आदि का सहारा लेने वालों को दुःख और निराशा ही हाथ लगती हैं। अतएव बुद्धिमान प्राणी सत्य भाषण और सदाचार को ही अपनाते हैं, झूठ को नहीं । ऐसे लोग जिनकी वासना सर्वथा समाप्त हो गई है, जिस मार्ग से वहाँ पहुँचते हैं, उस मार्ग में सत्य पूर्णाधार ब्रह्म स्थित हैं उस परम	सत्य की ही विजय होती है, सचमुच में सत्य ही त्यागी है, उस ब्रह्म की प्राप्ति में सत्य की प्रतिष्ठा ही ऐसा पूर्ण है, क्योंकि यह ब्रह्म की ही विजय होती है। जिस मार्ग से वहाँ पहुँचकर वह सत्य को प्राप्त करने का प्रयास करता है, उसी प्रकार सत्य की ही विजय होती है। जिस मार्ग से वहाँ पहुँचकर देवताओं को 'अस' कहते है, यह सच है, ऐसा मानकर, सत्य ही त्यागी, उस संसार में सदा ही सत्य पूर्ण हो जाता है। ऐसे व्यक्ति को इस प्रकार नहीं जानता।
14	श्रीभगवान् ने कहा -- हे पाण्डव ! (ज्ञानी पुरुष) प्रकाश, प्रवृत्ति और मोह के प्रवृत्त होने पर भी उनका द्वेष नहीं करता तथा निवृत्त होने पर उनकी आकांक्षा नहीं करता है।।	श्रीभगवान् ने कहा -- हे पाण्डव ! जिस (परमात्मा) से स्थित वह अपरिचित (शुद्ध) नहीं निवृत्ति के योग्य (अंगत, उसका दिखाच अ लेकिन देखता है) बुरा (कोय नहीं जा सकती) है।
10	जब वह पाठशाला नहीं जाता, तब बाग़ भी नहीं जाता।	जब वह पाठशाला नहीं जाता है, तब उद्यान भी नहीं जाता है।
3	वर्तमान सरकार ने जल का उपकार किया है।	वर्तमान सरकार ने जलोपकर किया है।
4	मुझे आप से बहुत आशा थी ।	बहुत समय तक आपके प्रतिक्षत हुआ।
20	मैं विष्णु हूँ, मैं रुद्र हूँ, मैं वरुण हूँ, मैं यम हूँ, मैं चंद्र हूँ, मैं सूर्य हूँ इस प्रकार बोलने वाले बहुत से मलतालु और माली सबको धमकाते हैं।	मैं विष्णु, मैंका, मैं वरु हूँ, मैं यमराज हूँ, मैं सूर्य। मैं सूर्य। इसके द्वारा माल्यते हुए माल्याली और मालाली को सभी बाधाओं को प्राप्त किया जाता हैं।
11	यह कहकर शीघ्र मुनियों के साथ अगस्त्य मुनि उठकर स्वयं श्रीरामचन्द्रजी के पास आये और उनसे अत्यन्त भक्तिपूर्वक बोले	इस प्रकार अपने मुनिवर मुनिगणों के साथ मुनिश्रेष्ठ राम आनन्द से उनके पास जाकर राम के आने पर जाना - राम इस प्रकार भक्ति से उनकी भक्तवत्सल हैं ॥
1	नगरी का नाम	हंसी
8	यह युद्ध सैकड़ों वर्षाों का नहीं है, यह लाखों रामभक्तों का बलिदान है।	न सैकड़ों वर्षों का यह युद्ध, लक्षद्वीप और लक्षद्वीपों का बलिदान होता है।
3	वह केवल लिखता है	वह केवल लिखता है
1	परिशीलन करना	घूमता है
8	पूरे दिन तक (भर) सोता हुआ यह कैसे हमारी रक्षा करेगा।	पूरी दिन तक निलंबित कर दिया गया यह कैसे हम किसी प्रकार की रक्षा करेगा।
5	सबल बनें , सफल बनें।	सबकी दृष्टि , सफलये , सफल।
5	उसके चेहरे पर स्मित देख रहा हूँ	उसके चेहरे पर याद देख रहा हूँ ।
4	रमा चन्द्रमा देखती है।	रमण चंद्रमा पर चन्द्र समान है।
3	ग्वाला दूध लाता है।	ग्वाला दूध लाता है।
7	रात में फटे दूध में गुड मिलाकर मैंने खा लिया।	रात में दूध के मूँठ को मिलाकर डोरी खा गया।
4	गौ को खेत से निकाल दो।	गां क्षेत्र से निकल गया।
6	और हे भारत ! तमोगुण को अज्ञान से उत्पन्न जानो; जो समस्त देहधारियों (जीवों) को मोहित करने वाला है। वह प्रमाद, आलस्य और निद्रा के द्वारा जीव को बांधता है।।	हे भारत ! तुम समस्त भूतों का मोह दूर करो। (है) ज्ञान की उत्पत्ति (सीचे हुए) ज्ञान से) प्रलय काल तक स्थिर है।
7	सभा में राज्यों के विधानसभा चुनावों के बारे में भी चर्चा हुई।	सभा में राज्य विधानसभा चुनाव के बारे में भी चर्चा की गई।
12	और रथ के पहियों के निशान को देखते हुए वह सभी अयोध्यापुरी में लौट आये तथा प्रतिदिन हहय में राम और सीता का ध्यान करते हुए वहाँ रहने लगे ॥	रथ पर चढ़कर रथ देखते हुए मुसलमानी को आनन्दित करो। श्रीरामजी को युद्ध में कहता हूँ कि शीघ्र ही लक्ष्मणजी ने राम का ही स्मरण किया ॥
10	परन्तु तत्त्वज्ञानी पुरुष सभी रूपों में केवल तुम ही देखते है'यह अच्छा है।	परन्तु तत्त्वज्ञ पुरुष सभी रूपों में केवल रूप ही देखता है' यह शुभ है।
9	चित्रोतलंम से पहले चलचित्र के तारकवर्ग के विषय पर निरन्तर वार्ता होती है।	चित्रण आरोग से पहले चलचित्र के तारे आते हैं।
9	वास्तव में विपक्षी दल के सदस्य गोमय को लेकर विधानसभा परिसर में पहुंचे थे।	वास्तव में विपक्ष के सदस्यों गोम को लेकर विधानसभा परिसर में पहुँचे थे।
8	विभा - "रेल से उतर रहा है" ऐसे बोलो ।	विभा - रेल से उतर रहा है" ऐसा कहता है।
6	वे सभी धर्मशाला में रहेंगे।	वे सभी धर्मशाला में रहेंगे।
9	मैं क्या करूँ ? आज विचार ही उत्पन्न नहीं हो रहे हैं ।	मैं क्या करूँ ? आज विचार नहीं करते हैं।
14	उद्योग मंत्री हर्षवर्धन चौहान ने कहा कि राज्य सरकार द्वारा राज्य में औद्योगिकीकरण को बढ़ावा देने के लिए निवेश अनुकूल वातावरण बनाने के लिए महत्वाकांक्षी पहल की गई हैं।	उद्योग मंत्री हर्षवर्धन चौहान ने कहा कि राज्य सरकार ने राज्य में SSistiin के लिए निवेश बनाने के लिए बड़े प्रक्रियाएं उप और हैं।
8	वे बोलते हैं – तिल के लड्डू खाओ, मीठा मीठा बोलो..!!	वे बोलते हैं – तिलक, तिलक खाओ, मधुर मत बोल
3	मोहन चटाई पर बैठा है |	मोहन आसने बैठता है।
7	हालांकि तीन साल के समय का आवंटन बढ़ाकर किया गया।	हालाँकि, त्रैची जी ने समय को बढ़ाने का फैसला किया है।
6	दिल्ली के उपमुख्यमंत्री मनीष सिसोयी को फरवरी में गिरफ्तार किया गया है.	दिल्लीनगर के उपमुख्यमंत्री। आदिोदि इस फरवरी को ही लिया गया।
6	अभियुक्त शिक्षक को ग्रहण करने के लिये पुलिस बल व्यस्त है।	अभियान में कहा जा सकता है कि पुलिस बल के कोल् ने व्यस्त किया है।
4	पुत्र की पत्नी बहू ।	पुत्र की पत्नी पति-बताने वाली ।
4	इस खेत में क्या बोते हैं।	क्या आप मिलते हैं ?
6	इस प्रकार, 1,200 लड़कियाँ जहरीली गैस के प्रयोग से पीड़ित हुईं।	इस प्रकार 1200 बालिकाएँ इस प्रकार के -अलिष्टी हैं।
6	मेरे घर पीतल की थाली है	मेरे घर पीतल की थाली है
7	उचित अनुचित का विचार कर के ही कर्म करना चाहिये।	उचित का विचार कर के ही कर्म करना चाहिये।
12	क्रिकेट जगत में केवल वर्षों तक स्वर्ण युग मुजफ्फरपुर रहा है उसी प्रकार पूरा बिहार गौरवपूर्ण है।	क्रिकेट विश्व एक वर्ष तक स्वर्ण पदक जीता मुजफ्फफ प्लेटफॉर्म में गौरवपूर्ण है।
8	नए नियमों में उन्मत्त लोगों की हत्या के संदर्भ में मृत्युदंड की व्यवस्था की गई है।	नए नियमों में पाइप समूह की और हत्या के संबंध में मृत्यु की व्यवस्था है।
18	राष्ट्रपति भवन में पूर्व राष्ट्रपति प्रणबमुखर्जी के लिए राष्ट्रपति ने द्रौपदी मुर्मू को राष्ट्रपति भवन में पुष्पञ्जालि दी कि वह समाचार अनुसार इस फिल्म की कथा लिख रही हैं।	समाचार के अनुसार, निधि पर सिम्मा के पटकथ राष्ट्रपति द्रौपदी मुर्मू राष्ट्रपति पद संभालने के बाद राष्ट्रपति ने इस जन्मस्थान पर उन्हें वह हरोर्टी का ऐसा प्राप्त किया।
21	प्लवगोत्तम हनुमान् तब सीता का सौम्य मुख देखकर राम के सभी वचनों को सुनने लगे हे देवी ! ससुग्रीव सलक्ष्मण जी शत्रुओं का नाश करने वाली राम कुशल है।	प्लवगोत्त यह सब सीता जी के समान मुख देखकर राम के मुख को देखकर राम के वचन को बताता है। हे देवी सुग्रीव के शत्रु को शत्रुओं का शत्रु ही बना दिया गया है।
1	पदध्वनि सुनी गई।	मस ध्वज से रक्षा करनी चाहिए।
9	जो मन परिसर को सुगन्धित करता है उसका नाम परिमल है।	जिस मन और मन को एक वर्षीय सुगन्धा नामक एक प्रक का नाम ले जाता है
5	अतिथि बहुत समय तक घर में रुका	अतिथि बहुत समय तक घर में बहुत अधिक होगया।
15	सबका प्रेम से व्यवहार करो और सबको प्रेम प्राप्त करो यह पुनर्जन्म नहीं है इसलिये तुम किसी भी कारण से कष्ट न करो।	सभी को प्रेम से व्यवहार करो, सभी को प्रेम प्राप्त करें, यह पुनर्ज नहीं करना चाहिए। यह फिर से कष्ट न देता।
4	मैं जल्दी स्वस्थ हो जाऊँगा	मैं जल्दी से स्वस्थ होऊँगा।
8	जयश्रीराम के नारे और गीता के साथ रहने के कारण सब जगह आनन्द है।	जयश्रीराम के नहीं गीत और गीत के कारण सब जगह आनन्द है।
2	हे मुनि	हे मुनि
4	अभी मैं भुजं जाता हूँ।	अभी मैं भुज जा रहा हूँ।
20	पिता जिस रास्ते से गये, उसने दादा के रास्ते को अनुसरण किया, उसी रास्ते से प्रत्येक व्यक्ति को चलाना चाहिए, यह कुल का पारंपरिक नियम है।	पिता जिस मार्ग से गया, दादी के मार्ग से वह अनुसरण किया जाता है, वह ही सित मार्ग पर चलना चाहिए, वह ही वहन मार्ग में चला गया है।
6	किसी प्रकार उसने अपने पात्र को घर के अंदर ले लिया।	कुछ भी उन्होंने अपने आप को घर के अंदर ले जाया।
1	वे दो	वे दोनों
5	मेरे पर्स में पाउडर नहीं है ।	मेरे पर्स में सुवास नहीं है ।
9	ओह , आप रात में संस्कृत में ही सपना देखते हैं	ओह , आप रात में संस्कृत में ही स्वप्न देखते हैं
5	कौरवपाण्डव के युद्ध के बाद भी संस्कृत थी।	कौरव पांडे के युद्ध के बाद भी संस्कृत थी।
3	मत जाओ ।	मत जाओ ।
8	अतिथियों का स्वागत प्रांतमंत्री डॉ. चंद्रप्रकाश ने किया।	अतिथियों का स्वागत प्रांत मंत्री डॉ. चंद्रप्रकाश ने उप्रेति किया।
4	वर्षा की प्रतीक्षा कर रहे हैं	वर्षा की प्रतीक्षा कर रहे हैं
10	विद्वान कहते हैं की शिक्षा, व्याकरण, छन्द, निरुक्त, ज्योतिष, कल्प वेदों के छः अंग होते है।	शिक्षा व्याकरण छन्द को छिलो की तथा खूब पीछा है। ये कोई वेदना छन्द को नहीं जानते हैं। कल्पना करते हैं ।
12	वह गुरुकुल है? गुरुकुल जिसमें हम लोग पढ़े थे, मैं और हरिराम, अब वह नहीं है।	गुरुान वह ? जिस गुरु हैं और मैं हरिराम में रहने वाले उसी जन्म में वैरगिदानन्द नए हूँ।
3	वह मुझसे पूछता है।	वह मुझे पूछता है
7	वह फूल जब कच्चा होता है तब काटा जाता है।	वह पुष्प जब कड़तर होता है तब कर्तव्य होती है।
4	देवर भाभी के चरण छूता है।	देवर भाई के चरण छूता है
7	कोई भी जिज्ञासु में प्रवेश पा सकता है।	कोई भी जिज्ञासा उस प्रवेश पा सकता है
5	दादा पौत्र को पत्र लिखाता है।	दादाजी पोते को पत्र लिख रहे हैं ।
1	कहां से	कहाँ से
1	कमण्डलु	चाभी
4	तुम सबके द्वारा दान दिया जाय ।	तुम लोगों द्वारा दान देते हो।
10	वह सीता मैथिली, वैदेही, द्रौपदी, पाञ्चाली, येज्ञसेनी इत्यादि अनेक नामों से विख्यात हैं।	वह सीता मैथिली, वैदेही, द्रौपदी और द्रौपदी की वह अनेक प्रकार की प्रसिद्ध हैं।
6	अतिअहिंसावाद के कारण लोग कायर बन रहे थे।	बहुत बड़ी संख्या की कार्रवाई के कारपुंह से लोग खा जाते थे।
5	श्ज इसके मरने का समय आया ऊपर को श्वास के चलने से।	वह माह के मरने से थक गया और ऊयिक ग यह।
8	पर्यटकों ने अपने मोबाइल फोन से महानाटमी को पकड़ कर स्वभाव चित्र लिया।	पर्यटकों ने अपने मोबाइल से महानाटी लेकर अपने चित्रों को लिया।
1	निर्माण करते हैं	निर्माण करते हैं
1	निन्दा	खेद
11	भारत ने महिला ट्वेंटी-20 एशिया कप के फाइनल में श्रीलंका को हराकर सातवीं बार खिताब जीता।	वन-सैंतीस-20 को क्रासयॉक और टूर्नामेंट की अंतिम प्रतियोगिता में श्रीलांवार ने भारत को सातवीं बार हराया।
20	पूर्व मंत्री प्रकाशचौधरी ने गुरुवार शाम को सोशल मीडिया पर इस जानकारी का प्रसार किया, इसके बाद शुक्रवार सुबह उसके घर में कार्यकर्त्ताओं का समागम हुआ।	पूर्व मंत्री प्रकाश चौथे गुरुवार को शाम को सोशल मीडिया पर सोशल मीडिया पर प्रसारित किया गया, इसके बाद शुक्रवार सुबह उसके घर में कार्यकर्ताओं का एक बैठक आयोजित किया गया।
13	पिछले तीन दिनों से राजौरी और पुंछ के सीमावर्ती जिलों में फोन- इंटरनेट-सेबें लग गई हैं.	राजौरी के सीमा पर सीमाएं तीन कोस की दूर से दूर से दूर तक दी गई हैं- इंटरनेट-रॉलेज होते हैं।
19	इसलिये यदि तुम मेरे गुणों को याद करते हो तो जब तक मेरा शत्रु नहीं आता, जल्दी से मेरी रथ ले जाइये और युद्ध के मैदान में जाइये।	इसलिये तुम मेरे गुण होते हो, तो नहीं, मेरी शत्रुओं को तुम नहीं से ले जा रहे हो। इसलिए रणक्षेत्र में जा
8	ऋषियों के द्वारा वेद मंत्रों की व्याख्या, समीक्षा और भाष्य किया जाता था।	ऋषि-नाम मंत्रों का व्याख्या,, में भाष्य को भी किया जाता था।
9	उसी क्रम में और बीच में स्नातक पद और स्नातकोत्तर उपाधि प्राप्त हुए।	उसी प्रकार क्रमश वैसा आदि स्नान करके द्वारा की गई।
16	लघुपतनक बोले मैंने सब सुन लिया है। फिर भी मेरा इतना निश्चय है कि तुम्हारे साथ मित्रता अवश्य करूँगा, नहीं तो अनशन द्वारा (भोजन न करके) अपने आप को समाप्त कर डालूँगा। जैसा कि -	फिर तो मैंने कहा- अरे! मैंने आपके पास मैंने जो मेरे साथ कहा है, अन्य आप से मुझे देश भर का कोई रूप से सुनना चाहते थे। क्योंकि तुम मुझे बताओ कि अब तो तुम्हारा व्यावसायिक रूप से सुन लिया होगा अर्थात् मैं तुम्हारा स्मरण करूँगा।
14	राज्य के नए पुलिस महानिदेशक कौन बनेंगे, यह माना गया था कि निर्णय मंगलवार शाम तक कर लिया जा सकता है।	बारे में निर्णय पुलिस पुलिस अधिकारी कौन होगा? विषय पर निर्णय लिया जाएगा।
1	दानकर्ता	मित्र को।
7	लेकिन अभी तक किसी ने जिम्मेदारी नहीं ली है.	लेकिन अब तक उसका उत्तरदायित्व किसी से नहीं लिया गया।
3	फिर कब मिलेंगे।	फिर से कबलिपि हो जाएगा।
6	वहाँ प्रातः और सायं यज्ञ होता है।	वहाँ प्रातः शाम यज्ञ यज्ञ होता है।
6	पेंसिल छील कर वह सुंदर चित्र बनाता है।	पेंसिल छील कर वह सुंदर चित्र बनाती है।
11	विश्वविद्यालयपक्ष से आचार्य राजेश शर्मा, डॉ. राकेश कुमार शर्मा उपस्थित थे।	विश्वविद्यालयपक्ष से आचार्य राजेश शर्मा, डॉ राकेश कुमार शर्मा उपस्थित थे।
13	हे मित्र ! तुमने मुझे पूजा है, मेरा कर्तव्य और कर्म भी समाप्त हो गया।	हे मित्र ! तुम्हारे द्वारा मैं पूजा किया गया हूँ, मेरा कर्तव्य भी समाप्त हो गया।
17	कार्यक्रम में राज्य चुनाव के लिए चंद्रशेखरभट्ट, चुनाव मंत्री दिलीपवालकर, मुख्य चुनाव अधिकारी डॉ. वी. षणमुगम, अपरमुख्य चुनाव अधिकारी विजय कुमारजोगदंडे और मुख्य शिक्षा अधिकारी श्री दशेशचंद्र गौड़ आदि अधिकारी उपस्थित थे।	कार्यक्रम में राज्य चुनाव अधिकारी श्री मस्जिद अधिकारी, चुनाव सचिव दिशा जववाल, मुख्य चुनाव अधिकारी डॉ.वी.एस.वी.एसकी ने जीत हासिल की, दूसरे दिन के अध्यक्ष श्री क्षेत्र कुमार, मुख्यमंत्री श्री शंकर कुमार, मुख्यमंत्री, अधिकारी श्री राम कुमार मंदिर, प्रमुख अधिकारी श्री रामचंद्र को उपस्थित थे।
10	श्रीकण्ठ बोला ⁇ ”मित्र! तुम्हारे वचनों को सुनकर मेरे मन में बहुत प्रसन्नता हुई।	श्री माता ने कहा- “मेरे! तुम्हारा वचन सुनकर मेरे मन में एक प्रसन्नता हुई।
3	मन्दिर में नगाड़ा ज़ोर से ध्वनि कर रहा है।	मंदिर में ऊँचे से ऊँची ढक रहा है।
6	तो शीघ्र स्नान करते हैं क्या ?	तो जल्दी से स्नान किया जाता है न ?
18	प्रधानमंत्री नरेंद्र मोदी''मन की बात''नाम नामक मासिक रेडियो कार्यक्रम में उन्होंने कहा कि सभी जिलों में महिलाओं को ताकत मिली है.	प्रधानमंत्री नरेंद्र मोदी की''मन की बात''नामक आकाशवाणी कार्यक्रम में उन्होंने कहा कि सभी जिलों में महिलाओं को शक्ति में दिया गया था।
10	तुम एकमात्र सत्यस्वरूप हो, सबका आधार हो, कुछ भी स्वयं निराधार हो ।	तुम एकमात्र सत्य हैं, सबकी आधार है, कुछ भी स्वयं निराधार हो ।
10	श्री वसिष्ठजी एक केरल के त्रिशिवापुर जिले के इरिंगंगालकुटास में माधवगणित केंद्र द्वारा आयोजित एक बैठक में याद कर रहे हैं।	देश के मास्टर शिक्षकों चरणबंड में केरल के जलशिवक जिले में परिशडम में एक बैठक में बाईं तरफ के एकीकृत केंद्र द्वारा आयोजित एक बैठक में भी रहा।
1	हुआ हुआ	होये
4	विजिलेन्स के बारे में व्याख्यान सुन रहा हू	
8	मैं पहले समझता था कि मैं ही शक्तिशाली हूँ।	मैं पहले मन में जो मैं ही शक्तिशाली हूँ।
16	यह मन प्रखर ज्ञान से सम्पन्न, चेतनशील तथा धैर्य-सम्पन्न हैं समस्त प्राणियों के अन्तःकरण में अमर प्रकाश ज्योति स्वरूप है जिस के बिना कोई भी कर्म सम्पादन सम्भव नहीं है ऐसा मेरा वह मन श्रेष्ठ कल्याणकारी संकल्पों से युक्त हो।	हे श्रेष्ठ! वह जो मन को साथ ही प्राप्त होता है, वह श्रेष्ठ बुद्धि से मुक्त (अन्य) मन से अच्छा है किन्तु जिसके मन में क्या कोई बात नहीं कर सकता है? उससे उत्पन्न हुए इस विषय पर तुम शिव और अ।
10	बाद में दिसंबर में राज्य में व्यापक पेटी को कार्यान्वित करने के लिए मार्ग दर्शक तैयार हो जायेंगे।	उसके बाद दिसंबर में ही राज्य में राज्य में करने के लिए मार्ग दर्शक फहराये जाएंगे।
6	यह सूत्रग्रन्थ शाकटायन शब्दानुशासन नामक ग्रंथ द्वारा रचित है।	उनके सूत्र की लीन पत्तों की दो तरह से बाज़ारों की सराहना की गई है।
6	विमान को बिना किसी क्षति के ज़मीन पर उतारा गया।	हानि के बिना विमान की भूमि पर इस भूमि को भूमि पर गिर गया।
8	मानव विकास समिति के अध्यक्ष और कुलदीप पाठक सदस्य बनेंगे।	मानव विकास समिति के अध्यक्ष और कुलदीप पाठक सदस्य बनेंगे।
11	फिर विश्वविद्यालय का कुलगीत प्रस्तुत किया गया उद्घाटन सत्र में मुख्य अतिथि के रूप में राज्य के उच्च शिक्षा मंत्री डॉ. अरुण जेटली उपस्थित थेश्री मोहन यादव उपस्थित थे।	फिर विश्वविद्यालय की गान सुनाई के दौरान विश्वविद्यालय के मुख्य अतिथि के रूप में प्रदेश के मुख्य अतिथि के रूप में उपस्थित थे।
3	उसके बाद बीज बोउँगा ।	उसके बाद बीज दोगे।
5	कोई भी व्यक्ति जिस भी पुस्तक को माँगता है।	जो कोई भी जो भी पुस्तक माँगती है।
1	मेरी प्रसन्नता के कर्म अर्थात् श्रवण, कीर्तन।	अपने कार्य में लगे हुए को
15	उन्होंने कहा कि इसके साथ सरकार द्वारा बर्फ में लोगों को चिकित्सा उपलब्ध कराने का भीनिश्चय किया जाना चाहिए।	उन्होंने कहा कि इसके साथ ही सरकार ने बर्फ में लोगों को चिकित्सा के लिए पंद्रह से ही सुनिश्चित करने का भी सुनिश्चित करना चाहिए।
19	कैबिनेट ने कंगड़ा जिले की जिला स्तरीय चूंजसल्याना, लिदबारमेला, यूना जिले की हरोलली-बताया गया है कि बिलासपुर जिले के घुमरवी क्षेत्र में ग्रीष्म उत्सव की राज्य स्तरीय मेले में उठाने के लिए मंजूरी दी गई है।	मंत्रिमण्डल ने कांगड़ा जिले के जिला स्तरीय जिला स्तरीय, लिदरलैंड, लिदरलैंड, उनालीला, उनाली जिले की घनी- उत्सव और बिलासपुर जिले के घरेलू लिए राज्य को भी मंजूरी दी गई थी।
6	तब वैदिक संस्कृति का सब जगह चलन था।	तब वैदिक संस्कृति का सब जगह चलन था।
6	आज वे अपने अपने संस्कृत शिक्षक को याद कर रहे हैं।	आज वे अपने अपने संस्कृत शिक्षक को याद कर रहे हैं।
1	किन सबका	कौवा
6	शालिसा धाम्या ने भारतीय वायुसेना में नया करियर बनाया है।	भारतीय वायुसेना में छहों सागर की एक नया चरित्र के साथ शुरू हुआ।
2	आप हैं ।	आप हैं आप
12	तुम मेरे पुत्र हो !! तुम्हारे पिताजी ने नहीं रोया, तुम पुत्र नहीं बन गये हो।	मेरे पुत्र का पुत्र तुम नहींसे पिता तुम्हारे समान नहीं हैं, तुम जिस स्थान पर क्यों आया है।
4	उपदेश आज कहाँ है?	कहाँ है, उपदेश आज है?
7	वह कैसे अभ्यास करती है , देखिये ।	वह कैसे अभ्यास करती है , देखो ।
10	मुख्यमंत्री ने कहा कि बिजली महान देव-रोपवे-निर्माण के लिए केंद्र-राज्य सरकारों के बीच ज्ञापन पर हस्ताक्षर किए गए।	मुख्यमंत्री ने कहा कि भाजपा महा महा-रोपवेल के निर्माण के लिए केंद्र-राज्य सरकार के बीच आयोजित किए गए पत्र में हस्ताक्षर किए गए हैं।
8	पिछले एक वर्ष सरकार ने तीन प्रतिज्ञा पूरी कर ली हैं।	पिछले एक वर्ष सरकार द्वारा तीन प्रतिज्ञा पूरी कर दी गई हैं।
7	भिक्षुक प्रत्येक व्यक्ति के सामने दीन वचन मत कहो।	भिखारी के सामने के वचन को मत कहो।
7	फिर द्विभाषीता, त्रिभाषा बोलने के विषय में कुछ छोटे-बड़े-कोषों का निर्माण किया गया।	बाद में दो बोलने वाले त्रिभाषी आदि पर से कुछ छोटे-बारे से-बदा बने हुए हैं।
4	मेरे द्वारा कुछ भी नहीं लिखा गया।	मेरे द्वारा कुछ भी नहीं लिखा गया।
5	किसान जाड़े में भी काम करता है।	किसान ठंड में भी काम करते हैं
9	उसकी नाक के बाहर दो आँखों को रोशन करती हुई एक तस्वीर और हल्की सी मुस्कुराती हुई लिपस्टिक दिखाई दी	दोनों आँखें धीरे- (हॉक) पर चल रहे थे, इसलिए दोनों ने चित्र में प्रकाशित होने वाले बाहर से एक बाहर प्रकाशित किया।
6	वह निर्धनों से अधिक मूल्य नहीं लेता है।	वह निर्धन अधिक मूल्य नहीं लेता है।
3	हम दोनों यज्ञ करते हैं ।	हम दोनों यज्ञ करते हैं।
4	कुत्तों को दूर भगाता है	कुत्तों को दूर वह कुत्ताता है।
11	श्री मोदी ने गुजरात के राजधानी गांधीनगर में यह कहना आरम्भ किया-इसके दूसरा संस्कार-समारोह में उन्होंने कहा।	श्रीमोदी यह गुजरात गुजरात के राजधान में गांधीनगर में"इसरोफ''इस स्थान पर कहा गया.
4	शारीरिक शिक्षकों के लिए नियुक्त किया गया प्राधान दिया जाता है।	की में शिक्षकों की नियुक्ति आयोजित की जाती है।
6	हालांकि, इस आमोद-प्रमोद के श्रीकृष्ण जन्मभूमि सेवा संघ को तोड़ दिया गया।	हालाँकि, इस साहमत्य के श्रीकृष्ण जन्मभूमि सेवा संघ से भरी हुई थी।
14	भारतीय-उद्योग-दूतावास, अनेक मंत्रालय, साहित्यिक-कादमी और शैक्षणिक संस्थानों में व्याख्यान के लिए डाॅ कविता भट्ट लगातार आमंत्रित की जाती है।	भारतीय-उच्चोग-दूकवासवास, अनेक मंत्रालय, साहित्यिक और शैक्षणिक संस्थानों में डॉ. कविता भट्ट निधन जैसे संगोष्ठी के लिए डॉ. कविता भट्ट निधन से आम आमों को आम द्वारा आम आमित किया जाता है।
4	तुम सब ने लौकी का हलुआ पकाया।	तुम सब लौटा हो।
6	आपको यज्ञका शिर जोडना चाहिये ॥	हे ॥
1	धमनी	सिराही
4	प्रतिभावान छात्र दिवंगत हो गए।	प्रतिभाव छात्र दिवंगत हुए।
10	ब्राह्मण अतिथि अग्नि का सदृश घर में प्रवेश करता है। उसकी इस प्रकार से (चरण धोने हेतु जल देकर) शान्ति करते हैं। हे यम जल ले जाइये।	वैवस्वर ( मात्रके पीछे ) लोग कहते हैं कि सभी लोग अपने घरमें ही भर पा रहे हैं, उनकी ऐसी ये लीन हो जाती हैं ॥
4	बच्ची वृद्धा को पानी देती है।	बच्ची वृद्ध को पानी देती है।
3	ये दोनों का अभिप्राय समान है।	तुम दोनों का अभिषघ हो गया।
5	शाम को छः बजे वह भोजन करता है ।	शाम को छः बजे वह भोजन करता है ।
8	जो जो मैं बोलती हूँ वो वो तुम बनाओ ।	माँ जो मैं कहता हूँ वो वो उसे मैं बना।
4	प्रतिदिन आपके पाठ पढ़ता हूँ।	प्रतिदिन आपके पाठ पढ़ रहा हूँ।
6	पहले रणधीर शर्मा ने चर्चा में भाग लिया।	पहले रणधीर शर्मा ने चर्चा में भाग लिया।
1	रास्ता ।	बातचीत
5	मामलों का विषय गोपनीय था.	गोपी के रूप में मामलों की वाले मामलों की भी-बताया गया।
10	1 दिसंबर को इस फिल्म की विज्ञापन बुक प्रदर्शित होगी, ऐसा कहा गया था।	कहा जाता था कि 1 दिसंबर को इस फिल्म की स्थापना प्रदर्शित की जाएगी।
11	प्रधानमंत्री ने कहा कि भारत के विदेशियों के भाषा शिक्षण क्षेत्रों में श्रीराव गुरु का योगदान बहुपक्षीय है।	प्रधानमंत्री ने कहा कि भारत के विदेश नीति के भाषा में श्रीराघव की भाषा को बहुत सीमित किया गया है।
8	संसार में सर्वोच्व सत्ता ब्रह्म है जिसने प्रत्येक वस्तु को वश में कर दिया है।	जगत् का सबसे शानसाल को ब्रह्म है जिससे प्रत्येक वस्तु का परिणाम होता है।
8	मंगलवार को मुख्यमंत्री अखिलेश जी पाठक के बारे में नाराज हुए।	मंगलवार को मुख्यमंत्री अखिलेश कुछ के पाठक के बारे में क्रुद्ध हो गया।
1	प्रवाह	ओघ
9	जो प्राणी अहंकार रहित, शान्त स्वभाव, रागद्वेष रहित, मृतपिण्ड पाषाण और सुवर्ण में समदृष्टि है, जो प्राणी आप में मन और बुद्धि रखकर सदा सन्तुष्ट रहता है तथा अपना सम्पर्ण कर्म आपको समर्पण करता है, उसका मन आपका शुभ घर है ॥	शहद ही शान्ति के दोसे विचलित हुए, शान्ति और समभाव से सम्पूर्ण कोन होते हुए तथा समभाव लोगों के घर में हुआ और वह घर (है) में घर के समान स्थित है।
7	वर्ष 1977 में उनका नाम मैंने सुना था।	मैंने सातवीं वर्ष में उसका नाम सुना।
10	वहां आदि महाविद्यालय के छात्रों ने वैदिक मंगलाचरण किया, सरस्वती वंदना भी की गई।	वहाँ आदी कॉलेज के छात्रों द्वारा वैदिक मंगलाचरण, सरस्वती और सरस्वती की स्तुति की।
2	मैं ले जाती हूँ।	मैं ले जाता हूँ
7	उस लड़के को देख कि वह क्या कर रहा है।	उसको कुमार को देख कर वह करता है क्या?
1	स्वशासन'	राज्य
7	इस प्रकार सुविज्ञ होकर हनुमान भीम के मार्ग पर जाकर सो गया।	इसी प्रकार सुविज्ञाय हनुमान जी ने भीम के रास्ते में जाकर
5	नए घर में रसोई बड़ी है।	नए घर में पानी की ल कीाला है।
1	गुस्सा करनेवाला	क्रोधी
5	वह खड़े होकर भोजन नहीं पकाती है।	वह उठकर भोजन नहीं पकाती है।
8	जिनको मनुष्य चलाते हैं वे छोटी नौका और जो बड़ी होती हैं वे वायु आदि से चलाई जाती हैं उन के अश्वतरी और श्यामकर्श्व श्दि नाम हैं।	पुरुहाई, पुरुसी, दूतादि के समान प्रकाशन करके, आदि सेती की ओर देखते हैं, उनकी ताकतें हैं।
13	मुख्यमंत्री के समक्ष सूची भी दी गई, लेकिन आज तक इस मामले में कोई पद नहीं लिया गया है.	मुख्यमंत्री ने सामने ही प्रदान किया, लेकिन आज तक आज भी पद नहीं लिया गया है।
8	संजय ने कहा -- इस प्रकार मैंने भगवान् वासुदेव और महात्मा अर्जुन के इस अद्भुत और रोमान्चक संवाद का वर्णन किया।।	संजय ने कहा -- हे पार्थ ! मैं, हे पार्थ ! मैं, हे अर्जुन ! मैं, हे ब्राह्मणश्रेष्ठ ! मैं रोती हूँ, हे ब्राह्मण! हे महान् इस प्रकार ने मुझसे कहा।।
8	कभी भी भारत की संस्कृति का नाश नहीं होगा।	कभी भी भारत का संस्कृत नहीं होगा।
1	आजकल	अब का
3	पाचिका वड़े तल रही है।	पाचिका रहा है।
8	बहुत मिर्च है ? मिर्च से क्या कर रही हो ?	बहुत अच्छा निर्ची हैं न ? मरीजों से क्या कर रही है ?
13	आग पर काबू पा लिए जाने के बाद आस-पास के इलाकों में स्कूलों को बंद कर दिया गया, लेकिन जहरीले धुएं के उत्सर्जन से होने वाली बीमारियाँ कम नहीं हुईं।	आग ने आगवानी को हीन प्रकार से भी विषय-कचारा नहीं कर सकी और वे ही श्यामल नहीं मिली, इसे एंडारस प्रकार के स्कूली जाने की घोषणा की गई।
6	आप काम कब करेंगे ?	आप काम कब करेंगी ?
5	यह चित्र किसी पाठशाला का है।	यह चित्र किसी भी है।
6	संसार के रूप में समुद्र में नौका के रूप में सुरक्षक तुम ही हो ।	संसार के महान् रूप में समुद्र का पृथ्वी सुरक्षित है, तुम ही इन दोनों के साथ।
3	वह मुझसे पूछता है।	वह मुझे पूछता है
3	संन्यासिनः अपि।	त्याग कर भी कठोर वाणी और विरमक को।
14	महाोदर, विरूपाक्ष, प्रह्लाद, दुर्धर्ष, देवेन्द्र, मानवेन्द्र, त्रिशिराक्ष और धूम्रक्ष का अतिक्रमण करने पर आप इन्द्रजित की किसलिए प्रशंसा करते हैं?	महोदर के विरले से अति को बलपूर्वक, दुधरों का नाश करने वाले (शुद्धि), इन्द्र देव को किस प्रकार से क्यों मान लिया है?
6	क्षेत्र में सैटेलाइट सर्वेक्षण के बाद ही लोगों को सुरक्षित स्थान पर ले जाया गया।	क्षेत्र में उपग्रह सर्वेक्षण के बाद ही लोगों को सुरक्षित स्थान पर ले जाया गया।
4	इसके बाद तपस्या करता हुआ तपोदत्त प्रवेश करता है)	तब तपता है तपस्वी तप के तप को तप से तपा चलता है।
16	हर साल इसी वर्ष मध्य प्रदेश की राजधानी भोपाल में संस्कृति बचाओ का मंच के आश्रय में टूर्नामेंट का आयोजन किया गया।	हर साल के समान भी मध्य प्रदेश की राजधानी भोप में संस्कृति की मंच की यह मंच के दौरानक्रांगम प्रतियोगिता का आयोजन किया गया।
1	सफेद बाल	द्वारा किया
11	यदि पुरुष ब्रह्महत्यादि पापों से अपना उद्धार करना चाहता है, तो रामगीता का एक मास तक पाठ करने पर पापों से रहित हो जाता है ॥	वह ब्रह्मतत्व से विचलित नहीं है। इस प्रकार पुरुषार्थ के रूप में किसी अन्य (वि (सदा से) प्रलयकाल तक नहीं जाता ॥
3	उसने प्रश्न पूछा	उसने प्रश्न पूछा
9	वैभव – अरे परमिन्दर्! क्या तुम भी बिजली के अभाव से पीड़ित होकर बाहर आ गए हो?	वैभव – अरे पर तो परमिन्दर् ! और भी तुम भी बिजली से पीड़ित हो। क्योंकि अरे मन में बहुत होता है?
9	उन्हें परसंस्कृति बहुत पसंद है, न स्वसंस्कृति ।	कारण उन्हें बीत गया है आकत अब अपने संस्कृति से पसंद नहीं है।
7	संस्कृत सम्वाद नहीं होता है तो सुख अनुभव नहीं करता हूँ।	संस्कृत सम्राट नहीं होता है तो सुख अनुभव नहीं करता हूँ।
6	तिब्बती समुदाय के लोग अपने घरों की सफाई में व्यस्त हैं।	तिब्बती समुदाय के लोग अपने घर की सुख देने वाले सौ-यह एक पंजीकरणएँ हैं।
8	साथ ही ब्लॉक-जिला-राज्य-स्तरों के अधिक छात्रों ने भी भाग लिया।	साथ ही खिल्ला-राज्य-राज्य-राज्य-स्तर पर भी भाग लिया गया।
7	मध्य प्रदेश में लगभग द्वितीय तृतीयांश बहुमत के साथ भाजपा सत्ताधारण कर रही है।	मध्य प्रदेश में लगभग दो से अधिक से अधिक भाजपा को धारण करता है।
20	जम्मू-कश्मीर का सैन्यबल-महानिदेशक आर.एसआप ने कहा कि 9 दिसंबर को घर लौट रहे मोहम्मद हफीज-चाचा पर आतंकवादी हमलों ने हमला किया.	जम्मू-कश्मीर के सैन्य-मह निदेशक आर.आर.आर. ने कहा कि दिसंबर को नई तारीख को घर लौट आया है-अकअ के ऊपर आतंकवादियों ने हमला किया।
4	जहाँ कहीं पर भी जाता हूँ	जहां कहीं भी जाता हूँ।
1	पुत्री	पुत्री
3	कौन पढ़ाता है ?	कौन पढ़ाती है ?
3	निर्देश के अनुसार परिवर्तन करो	निर्देशानुसार निष्पाप करो
7	पोता - यहाँ आवाज़ कभी नहीं होती है ।	पोता - यहाँ शोर कभी नहीं होता है ।
9	व्यक्तियों का दृढ़ संकल्प सब कार्य सिद्ध करने में सक्षम है। लोकतन्त्र में कुछ भी हो गया है.	व्यक्ति का दृढ़ संकल्प सब कुछ साधुओं को भी अपने में कराने का भी कहा। लोक की।
6	आज एक बालक का नामकरण कराना था।	आज एक बालक का नामकरण कराना था।
10	संस्कृत भारती के प्रांतीय समन्वय मंत्री गौरव शास्त्री, डॉ. अरविन्दनारायण मिश्र ने संस्कृत भारती ग्रन्थ को लॉन्च करके बधाई दी।	संस्कृत भारती के प्रांतीय संगठन मंत्री गौरव शास्त्री, डॉ. झंडन्दन ने कहा कि संस्कृत भारती ग्रन्थ ग्रन्थ प्रस्तुत किये।
3	वह उस कुएं में स्नान करता है।	वह उस कुाह में गाह होता है।
1	पूजन करते हैं।	यज्ञ कर रहे हैं
3	वह विश्रामघर है।	वह विश्राम गृह है।
8	ये वस्तुएँ बनाने में प्रायः एक सप्ताह होता है।	ये वस्तुएँ बनाने का प्रायः 1 सप्ताह होता है।
18	जैसे आम आदमी नगर में दुकानों पर अनाज बेचते थे, वैसे ही इस देश के लोग रत्नों, वज्रों कोाशी करके उनका बेचना करते थे।	शहरों में जैसा सामान्य वणिज में बेचने का बेवेत्ता पुरुष, यह देश के भूमिगत रत्न वज्रें पहुँचते थे।
4	दोनों पुत्र धन भेजते हैं।	दोनों पुत्रों को धन भेजते हैं ।
9	वहीं बुधवार दोपहर 12 बजे प्रधानमंत्री नरेंद्र मोदी लक्षद्वीप के कवरती पहुंचेंगे.	वहीं बुधवार दोपहर बारह बजे प्रधानमंत्री नरेंद्र मोदी को लक्षद्वीप के कवर-ेग पर कवर का कवर को पाएगा।
1	आकाश	दोनों में
16	वह 75 वर्ष के थे. वह संयुक्त राज्य अमेरिका की एक छोटी यात्रा पूरी करने के बाद मार्च के पहले दिन वापस लौटे''न्यूमोनिया''बुखार के कारण उनका तीन सप्ताह से कोच्चि के एक अस्पताल में इलाज चल रहा था।	75 वर्षीय व्यक्ति के पहले दिन की पहली कक्षा में ह तथा अमेरिका में संयुक्त काल के समागम में एक''अंतरराष्ट्रीय वेइसरिया''इस समय कोच में प्रतिबंध लगा दिया गया था।
4	मूत्रके क्षयमें वस्तिस्थान में दरद ( पीडा) और अल्प सूत्र हो ॥	वे सूत्रोंमें से एक-दूसरेका और बँधखवाले (लेकरहां) हो जाता है ॥
4	हाँ! मैं योगाभ्यास करती हूँ।	हाँ! मैं योगा अभ्यास करता हूँ।
9	जो प्राणी अहंकार रहित, शान्त स्वभाव, रागद्वेष रहित, मृतपिण्ड पाषाण और सुवर्ण में समदृष्टि है, जो प्राणी आप में मन और बुद्धि रखकर सदा सन्तुष्ट रहता है तथा अपना सम्पर्ण कर्म आपको समर्पण करता है, उसका मन आपका शुभ घर है ॥	शहद ही शान्ति के दोसे विचलित हुए, शान्ति और समभाव से सम्पूर्ण कोन होते हुए तथा समभाव लोगों के घर में हुआ और वह घर (है) में घर के समान स्थित है।
20	उसी समय अर्जुन गरुड़ शरणागत को धमकाकर पृथिवी पर प्रहार किया गया, जिससे स्वच्छ जलधारा एक बाहर निकल गई और जलधारा भीष्म के मुख पर गिरने लगी।	उसी समय अर्जुन की गाय को शरमेह की एक बड़ी संज़ार दोनों जैसे स्वच्छ जलधारा एक बाहर निकल गया कि वह शीघ्र ही जल के मुँह में फंसे शुरू हो गई।
9	वहाँ पर अग्नि को स्थापित करने के लिए विधि पूर्वक उसे प्रज्वलित करने के पश्च्यात अनेक रत्नों से विभूषित सीता को साथ लेकर महारानी सहित महाराज जनक जी कमलनयन श्रीरामचन्द्र के पास आये। 'श्रीरामचन्द्र का विधिवत् चरणों को धोकर तथा चरणोदक को उसी प्रकार अपने सर पर धारण किया जैसे शिव ब्रह्मा तथा मुनिजन सदा अपने मस्तक पर धारण करते हैं । ॥	वह (तथा) सूर्य के समान अपने शरीर को प्रकट कर ध्यान देकर, जैसे सीता सहित सीता को लेकर अपने में बैठे हुए (के आपको) दूसरे से हँसकर धर्म से करना ॥
9	हे पुत्र सुति! स्वप्न के लोक में प्रस्थान करने के लिए चल पड़ो। तालाब में, तुम गीता को सुती के लिए गाता हूँ।	स्वप्न के समय प्रयास कर सुतीक्ष्ण! वह वहाँ ले जा रहा हूँ सु हम को सुता हूँ वे।
4	उसने (दो) कानों में (एक-एक) भूषण (ज़ेवर) धारण किए।	उसने कानूनी (धियों पर बहिन करने का दोनों कान लगा दिया।
6	एक तो केवल खेल समाचार ही पढ़ता है।	एक तो केवल खेल समाचार ही पढ़ता है।
4	विविध रंगों के वस्त्र दिखाता है।	विविध रंगों के वस्त्र दिखाता है।
1	मामा	मामा ।
9	जब बालक बोलना शुरू करता है तब वह मातृभाषा का अनुकरण करता है।	जब बच्चा बातचीत करता है तब वह मातृ संस्कृत का अनुकरण करता है।
4	शत्रु राजाओं से डरता है।	शत्रुओं को राजा के रूप में पढ़ता है।
2	निन्दक निन्दा करता है।	निन्दा करने वाला निन्दा करता है।
9	ऊर्जापूर्ति-समस्या से ग्रस्त जापान का चंद्रमा-लैंडर ने सप्ताह के बाद फिर से प्रक्षेपण शुरू किया।	ऊर्जा की चंद्रमा की संख्या, लापता के चंद्रमा पर, इंग्लैंड की चंद्रमा की ओर से प्रलय फिर शुरू हुई।
6	उनको पढ़ाने के लिए मेरे पास समय भी नहीं है।	उन दोनों को मेरा समय भी नहीं है।
6	हम सभी पर्वतों पर चढ़ नहीं पाएँगे।	हम सभी पर्वतों को चढ़ते हैं न शहीदेंगे।
12	ऐसे लोगों ने इस मौके के लिए इंटरनेट के माध्यम से पंजीकरण किया, और यह चल रहा है।	इन लोगों ने इस समागम के लिए इंटरनेट के लिए पंजीकरण किया, यह भी चल रहा है।
9	मालिनी – परंतु यह तो कम उम्र की दिखाई देती है। क्या काम करेगी यह?	मालिनी – परन्तु ब्रह्मवेत्ताओं का प्रतीत होता है। क्या काम है?
1	वांछित	प्राप्त किया
19	स्मृति ईरानी सऊदी अरब देश के हज उम्ह मन्त्रि डॉ. तौफीक बिन-फौजन- अल-रबियाह के साथ द्विपक्षीय उपवेश भी करेंगे।	स्मृति ईरानी, सहन अरब अरब अजुक मन्त्र मंत्री डॉ. वेदी, फिलीब-फ- रॉयल-बियाई-बलीन ने दो दिवसीय उपवास भी करेगा।
8	प्रकाशचौधरी ने सोशल मीडिया पर त्यागपत्र घोषणा कर दिया और यह मुद्दा गर्म हो गया।	प्रकाश चौथे स्थान पर अपने त्यागपत्र की घोषणा की गई और विषय-आधी बन गया।
14	मंगलवार को सदन में शुरू हुए वादविवाद का उत्तर देकर उसने उद्योग में देश की उपलब्धियों का भी गिन लिया।	मंगलवार को सदन में शुरू हुए बजे उन्होंने उद्योग में देश की उपलब्धियों का भी गणकाओं का भी गिन दिया।
9	हे महाबाहो ! सत्त्व, रज और तम ये प्रकृति से उत्पन्न तीनों गुण देही आत्मा को देह के साथ बांध देते हैं।।	हे गुणों की वृद्धि अपनी गुणों को प्रकृति मानती है। उनके बल में समान रूप से दिल्ली को मैं छोड़ता है, इसलिए दिल्ली के रूप में बंधकर निष्पाप होकर (जटकर उनकी जडना में ही समान रूप से जौनी (चोड़ कर) रूप में धारण किए हुए होते हैं।।
14	हे विष्णो! आकाश के साथ स्पर्श किये हुए देदीप्यमान अनेक रूपों से युक्त तथा विस्तरित मुख और प्रकाशमान विशाल नेत्रों से युक्त आपको देखकर भयभीत हुआ मैं धैर्य और शान्ति को नहीं प्राप्त हो रहा हूँ।।	मैं आकाश के समान प्रकाश और प्रकाश से युक्त था, इससे व्यावसायिक रूप से नहीं देखा जा सकता, इस प्रकार मैं तुम्हें न नामित करने पर गहन नहीं रहा, जिस प्रकार मैं अपने प्रव्यपयास को नहीं देखता
12	मुख्यमंत्री ने कहा कि राज्य सरकार विभिन्न क्षेत्रों में कृत्रिम मेधा के इस्तेमाल को सुनिश्चित करने के लिए बड़ी संख्या में काम कर रही है।	मुख्यमंत्री ने कहा कि राज्य सरकार विभिन्न क्षेत्रों में कृत्रिम उपयोग सुनिश्चित करती है और बड़े परिचय से काम कर रही है।
4	आज विद्यालय में गीत स्पर्धा थी।	आज विद्यालय में गीत प्रतियोगिता थी।
9	कांग्रेस नेता राहुल गांधी की भारतजोड़ ने शुक्रवार को उत्तर प्रदेश में न्याययात्रा शुरू की।	कांग्रेस नेता राहुल गांधी की भारत यात्रा की भारत यात्रा शुक्रवार को प्रवेश किया।
8	मुख्यमंत्री आयव्ययक की प्रस्तुति के बाद वे मीडिया के साथ बात कर रहे थे।	मुख्यमंत्री आयव्ययक के प्रस्तुत के बाद मीडिया के साथ बात करते थे।
1	काँपना	कांपना
9	नई दिल्ली के कर्तव्यपथ में गणतंत्र दिवस पर लगभग छब्बीसकृतियां हिस्सा ले रही हैं।	नई दिल्ली के कर्तव्य पथ में गणतंत्र दिवस पर लगभग छब्बीस को छब्बीस आंगन भाग ले रहे हैं।
42	संयुक्त राष्ट्र की स्थायी प्रतिनिधि रुचिरा-कम्बोज: संयुक्त राष्ट्र-महासभा में उन्होंने कहा कि इजरायल-हमास में संघर्ष के कारण प्राणों और धनों को अत्यधिक नुकसान हुआ है, और मानवीय संकट पैदा हो रहा है। उन्होंने भारत की सबसे तेजी से स्थिति को सामान्य बनाने के लिए कोशिशों की चर्चा की, गाजा की मानवीय सहायता प्रदान करने की कोशिशों का जिक्र किया।	संयुक्त राष्ट्र भारत की ओर सेयी रिपोर्टों का निधि है- कम्बोज ने संयुक्त राष्ट्र-संगठन में कहा कि कोयल-कात में चल रही है। मानवीय क्षेत्रों के बीच की जानकारी दी गई थी, मानवीय घटनाओं के बीच है।
1	जानने योग्य	जानना चाहिये
15	अमृतगिल में आगामी लोकसभा चुनाव में मीडिया और संचारगति के अच्छे संचालन के लिए अखिल भारतीय कांग्रेस समिति और राज्य कांग्रेस समिति के बीच संचार के रूप में काम करेगी।	अमृतगिल में अगले लोकसभा लोकसभा चुनाव में मीडिया की की सुष्ठ्रलाने के लिए अखिल भारतीय कांग्रेस समिति द्वारा राज्य कांग्रेस समिति के बीच में काम करेगा।
10	चयन समिति नामों को लघूसूची करके एक पटल बनाएगी और शीर्ष नेता को मंजूरी देगा।	चयन समिति के नाम श्री छोटीसूची करके एक टिचय के लिए मंजूरी के लिए मंजूरी देगी।
4	आवेदक बिहार के स्थायी निवासी होने के योग्य है।	आवेदन बिहार की थकान में और गाने का सामना नहीं करना चाहिए।
10	मेघालय में कोनराड संगमा के नेतृत्व वाली नई कैबिनेट आज शपथ लेगी।	मेघालय राज्य में कोण्रा करते हुए के नेतृत्व में नया मंत्रिमण्डल का नेतृत्व आज सत्य है।
8	हे रघुश्रेष्ठ ! यह संसार आपकी माया का विलास है और मैं आपका ही अंश हूँ । अतः अपने चरणारविन्द की भक्ति मुझे देकर भव संकट से रक्षा कीजिये ॥	हे तीन बार आपके लोभीजी अपनी मुझे से मुझे प्रसन्न होकर मुझे भी मुझे वन में चलना मुझे प्रसन्न करना मुझे नमस्कार है ॥
4	सत्संगति बुरे विचारों को दूर करती है।	सत्संग कुटी अपन रही है।
4	प्रतीक – जरूर कहूँगा।	प्रतीक – अवश्य बोलोगे।
3	संगति से क्या हो जाते हैं?	संसर्ग कौन-से कौन-सी हो जाते हैं?
9	सुरभि की इस दशा को देखकर देवताओं के राजा (इन्द्र) ने उससे पूछा- “अरी शुभ लक्षणों वाली! क्यों इस तरह रो रही हो? बोलो”।	देवताओं के रोने की इच्छा देखकर सुरखी की पति से उसे राजा से लीन कर दिया है। इसी प्रकार तुम इसी प्रकार रोते हुए रोने लगी ?
3	बिल में हजार से अधिक चींटियाँ रहती हैं	बिले में हजार से अधिक चींटियाँ रहती हैं।
6	हिमाचल के उत्पाद भी लोगों को बहुत पसंद हैं।	हिमाचल प्रदेश के उत्पादन भी लोगों द्वारा बहुत रो होते हैं।
21	हा राम ! हा मेरे रघुवंश शिरोमणि! आप साक्षात् परम पुरुष परमात्मा मेरे गर्भ से जन्म लिए है, परन्तु दुःख ने मेरा पीछा नहीं छोड़ा। अतएव विधाता ही प्रबल है, ऐसा मेरा विचार है ॥	हे राम! आप पर न आने पर, हे परम पुरुष मुझे ऐसा ही हो, फिर भी तुम मुझे नहीं जानते। हे राम! मुझे आप मेरी में छोड़ दो। में मुझे क्यों दुःख नहीं पा रहा है ॥
8	पुस्तक के रूप में देने के बाद सराहनीय कार्य किया गया ऐसा उन्होंने कहा।	पुस्तककर देकर प्रशंसा की गई थी कि पुस्तककर देते हुए प्रशंसा के कार्य में प्रशंसा की।
13	इन सभी प्रक्रियाओं के परिणामस्वरूप, इस प्रशिक्षण कार्यक्रम के लिए केंद्र द्वारा लगातार उपस्थित रहने वाले शिक्षकों को एक प्रमाण पत्र दिया जाता है।	इन सभी प्रक्रियाओं के परिणामस्वरूप, इस प्रशिक्षण कार्यक्रम के लिए केंद्र द्वारा लगातार उपस्थित रहने वाले शिक्षकों को एक प्रमाण पत्र दिया जाता है।
5	वरुणा उसके विवाह के चित्र दिखा रही है ।	वरुणा के विवाह के चित्र प्रदर्शन दिखा रहा है ।
9	उस मन्त्री ने प्रजाओं को 'पेट तथा अंगों की कथा सुनाकर उनकी अनुकूलता प्राप्त कर ली।	वह अनमाया प्रजा 'उदच' कहते हैं। वह सभी बताए ।
11	हिमाचल प्रदेश के सोलन जिले के कण्डाघाट में प्रवेशस्थान पर राष्ट्रीय राजमार्ग प्राधिकरण के माध्यम से बाबा भलकू- प्रवेश द्वार का निर्माण होगा।	हिमाचल प्रदेश के सोलन जिले के कण्डा में प्रवेश करने के लिए राष्ट्रीय राजमार्ग और।
16	रक्षा मंत्री राजनाथ सिंह ने कहा कि मामले की जांच के लिए आदेश जारी किया गया है और कि ऐसे आंतरिक मामलों में सभी को ध्यान देना चाहिए।	रक्षाम राजनाथ राजनाथ ने कहा कि इस मामले पर खोज की आदेश दिया गया है और इस तरह के संगम विषयों पर सभी को समझाने का आदेश दिया गया है।
8	सोशल मीडिया उपयोक्ता उस दक्षिण भारती वेष की प्रशंसा करते हैं।	सोशल मीडिया पर हमला करने की सजा सुनाईती है।
8	केंद्र से आपदा राहत समूह की आग्रह के लिए सदन में चर्चा हुई।	केंद्रीय कैंसर से शुरू हुआ कि अपने आग्राबप की चर्चा में चर्चा हुई।
5	संस्कृत में ही अर्जुन को उपदेश दिया।	संस्कृत में ही अर्जुन को उपदेश दिया।
15	उन्होंने इस कार्य में विद्वानों के प्रयासों की प्रशंसा करते हुए कहा कि भारतीय अध्ययन के प्रसार में विद्वानों की महत्वपूर्ण भूमिका निभाई जाती है।	इस कार्य में विदुषीों की प्रशंसा करते हुए उन्होंने कहा कि भारतीयध्यानिक भूमिका में विद्वानों की भूमिका पर चल रहा है।
1	पृथिवी को	पृथ्वी को
1	क्रुद्ध होकर।	बिना लड़े ही
6	तब पथिक बोला- दसवें तुम हो।	तब पथिक बोला- तुम दस हो।
18	हे धनान्ध मूढ! किसी आपत्तिग्रस्तको देखकर क्यों हँसता है? इसमें आश्चर्य ही क्या है, लक्ष्मी कहीं स्थिर थोड़े ही रहती है। अरे! इस घटीयन्त्र (रहट) के घटोंको नहीं देखता? जो खाली हैं वे भरते जाते हैं, जो भरे हैं वे खाली होते जाते हैं	आप लोग व्यग्र हो गए हैं, क्या आप लोग लक्ष्मी नहीं देखते और लक्ष्मी नहीं देखोगे?
4	एकतः ओषधीनां पतिः अस्तशिखरं याति एकतः अरुणपुरःसरः अर्कः आविष्कृतः, लोकः तेजोद्वयस्य युगपद् व्यसनोदयाभ्यां आत्मदशान्तरेषु नियम्यत इव।	वहाँ से प्रवेश किया हुआ शिष्य शिष्य के शिष्य के पास प्रवेश करता है।
3	अग्नि को समिधा समर्पित है।	आग में स्वाहा है।
8	जब वह हृदय के स्थान पर ही रहता है तब नामरूपी फल मिलते हैं।	जब वह हृदय स्थान पर ही रहता है तब नामित हो जाता है।
5	किसानों के घरों में नया अन्न तथा नया धान्य आ जाता है।	किसानों के घर के नए में नया ध्यानचुना रहा है।
8	आख्यानमूलकरचना रामायण को धारण करके''आदिकाण्ड'', भागवत को अनुसरण करके''राजसूय काव्य'' चेष्टा करता है।	आख्यान के मूल्यों को परेशान के रूप में''आ अन्यों को, भागवत और अन्यतापूर्वक''राजसू की खोज''इससे।
9	श्रीकेजरीवाल जिला कार्यालय द्वारा इस महीने के छब्बीस तारीख को जांच के लिए बुलाया गया था।	श्रीकेएवाल: यह महीने के छब्बीस तारीख को पूछने के लिए आए थे।
8	वह अध्ययन के साथ ही विभिन्नगतिविधियों में भी भाग लेने के लिए सबको प्रेरित कर रही थीं।	उन्होंने अध्ययन के साथ ही विभिन्न की गति गहन भी भाग लेने के लिए सभी को प्रेरित किया।
7	राम के साथ लक्ष्मण भी वन को गया था।	राम के साथ लक्ष्मण भी वन में गया था ।
5	गुरु वाणी से ही उपदेश देते हैं ।	गुरु वाणी से ही उपदेश देते हैं ।
13	अदालत की यह टिप्पणी उस याचिका पर थी जिसमें कहा गया था कि नफरत फैलाने वाले भाषण को रोकने के लिए अब कोई पर्याप्त कानून नहीं है।	यह खबर अपना निरीक्षणों को प्राप्त करने के लिए अब पर्याप्त नियम नहीं है।
3	आप कौन ?	आप कौन हैं ?
5	कर्ण ने ने नेकुल को घायल कर दिया।	कर्ण ने नहीं को घायल किया।
1	दाँतों से	दाँत
1	यात्री	पथिक
4	कुत्ते उसके पीछे दौड़ते हैं।	कुत्ते उसके पीछे मेढक मारते हैं
1	हवा से	हवा का वृक्ष
7	पांडव लोमाश ऋषि के साथ तीर्थों के दर्शन के लिए चल पड़े।	लोमाही ने प्रतिबंध के साथ वन में एक दर्शन के लिए प्रस्थान किया।
6	हे रोगी ! बाहय और दिव्य मुनि तथा राजऋषि और पर्वत तथा सब नदी और समस्त समुद्र तेरी रक्षा करो ॥	पाठा और पाठाओ ब्राह्मण राजर्षि राजर्षि को हैं।
10	आमोद-प्रमोद के अनुसार वाणीकपूर रेड ने अजय के खिलाफ''कास्ट' किया।	पहुंचे समारोह के अनुसार, वाणीकपूर ने किया है कि''कास्ट''इसका''इसे किया गया है।
13	हे यमराज! जिस सम्बन्ध में लोग यह संशय करते हैं (आत्मा मरने के बाद रहती या नहीं) उस महान आश्चर्यमय परलोक सम्बन्धी आत्मज्ञान के विषय में वह आप हमें बताइये। अत्यन्त गूढ़ बना हुआ जो वर है, उसे छोड़कर दूसरा वरदान नचिकेता नहीं माँगता ।	जिस प्रकार सूर्य की उपासना करते हैं कि माह में बड़े महान लोग मारे जाते हैं। जो ब्राह्मण, युद्ध में बड़ी रहती हैं। य-त्यों के द्वारा य अथवा ऐसे सडिनके पीछे चल पड़े-अरे विचलित होते हैं कि इन्द्रियाँ नहींसे ही आनन्दित करते हैं।
10	अर्जुन ने शिकारी के प्रति क्रोधित होकर उस शिकारी को मारने के लिए बाण का प्रहार किया।	अर्जुन ने लुटेरे प्रतिपकने में एक बार और मारने के लिए शरहरे का नाश किया।
12	जिस कुले में दम्पती और एकदूसरे पर प्रसन्न हैं, उस कुले में कल्याण सदा रहता है।	जिस कुत्ता में दही एक-दूसरे पर- उस कुत्ता में कलह सदा रहता है।
1	स्थान, घर	आलियाँ
5	विद्यालय के प्रार्थना सत्र में वह संस्कृत गीत गाती है।	विद्यालय के प्रार्थना सत्र में वह संस्कृत गीत गाती है।
7	विधानसभा की बजट सभा के लिए पुलिस प्रशासन ने यातायात योजना की है।	विधानसभा के  ⁇ udget सत्र के लिए पुलिस प्रशासन ने सड़क की है।
2	और भी।	और भी।
6	''श्रुश्रुत-तन्त्र:''यह ग्रन्थ सेवा के द्वारा ही लिखा गया है।	''श्रुत-कभी हैं''यह अपने साश्रुत द्वारा ही लिखा गया है।
6	जनवरी तक या अग्रिम आदेश तक जारी रहेगा।	जनवरी तक होता है-सी आदेश तक निरन्तर होगा।
14	इस अवसर पर विश्वविद्यालय की कुलपति प्रोफेसर अन्नपूर्णा नौटियाल ने कहा कि नई शिक्षा नीति सब ओर से विकास में महत्वपूर्ण है।	इस अवसर पर विश्वविद्यालय की कुलपति प्रोफेसर अन्नपूर्णा नौटियाल ने कहा कि नए शिक्षा नीति सभी प्रकार की है।
1	पृथ्वी।	भूलो।
4	वह शशांक है	खरगोश है ।
15	महाराज कुंतीभोज के घर में रहते हुए मैंने आपका गर्भधारण किया, इसलिये पुत्र ! तुम पार्थ हो ।	महाराज ने कुत्ता के घर में रहते हुए घर पर क्या किया, इसलिये पुत्र ! तुम ने पुत्र हो।
8	वेस्टमिंस्टर ने बाद में रानी को श्रद्धांजलि दी।	बाद में उसने खूब मिन्टी को श्रद्धाञ्जलि दी।
1	आर्यभूमि	आर्यात
9	जिन पाचनों को अतिसार- चिकित्सा मे कहगे उनको पिलाना चाहिये। भोजन से पूर्व हरड को गुड़ के समान भाग में खाना चाहिये । अथवा त्रिफला क्वाथ के साथ निशाथ का चूर्णं देना चाहिये । गुदाश्रित दोष के नष्ट होने पर अर्श स्वय नष्ट हो जाते है ॥	जो मनुष्य एक ही बार पसन्द है, उसका यदि बहुत से पथड़ी हो तो उसका भक्ति मुझे मारना चाहिये। यदि रोगी को कड़वे तो उसके तो हाथ जोड़कर (शुद्धि) के साथ ही उसका स्वरूप हो जाता है, वह तो आपको वन में ही मार डाला ।
9	उसके बाद, रात्रि में स्थिरप्रतिज्ञ अपनी जनता से घिरे हुए श्रीराम देवराज इन्द्र के समान शोभा पा रहे थे।	फिर जब उसके इक्कीस अ लोगों की प्यासा ही श्रीराम जी की स्तुति के समान श्रीरामचन्द्रजी उनकी स्तुति करते थे।
1	पति	पति के लिए
3	कितने लोग नित्य ही दुखी होते हैं?	कितने लोगों नित्य दुःखिता में है?
1	चन्द्रमा के समान	चंद्रमा की तरह
7	पुरुष बोला- उसका स्वामी स्वयं भी अन्याय करनेवाला है।	पुरुष बोला-तने ही अन्य स्वयं अनपढ़ है।
11	2022 तक भारत दुनिया के सबसे प्रदूषित देशों में आठवें स्थान पर होगा।	इस दौरान दुनिया भर में वायु प्रदूषण से युक्त वायु प्रदूषण से पहले भारत आठवें स्थान पर है।
9	भारतीय सांस्कृतिक परंपरा के हिमाचल प्रदेश समन्वयक मालविका पाठक ने कार्यक्रम का अध्यक्षता की।	भारतीय संस्कारिक, हिमाचल प्रदेश के समन्वयक मालविका ने मालविका को इस कार्यक्रम की अध्यक्षता की।
3	वृक्ष से अनेक पत्ते गिरते हैं।	पेड़ से पत्ते गिरते हैं।
7	वे राज्य में विपक्षी दल के भी नेता थे।	वे राज्य में दल पार्टी का भी नेता था।
5	विशाल कुल में उत्पन्न होने से क्या, यदि मनुष्य विद्याहीन है	कुल ने विशाल और विद्या से रहित के दिल्ली।
9	वहाँ चतुर्दश वर्ष की उनके अध्ययन के लिए राजेन्द्र अध्यापक जी के संस्कृत स्कूल में नाम दर्ज किया गया।	वहाँ चौदह वर्ष की अध्ययन के लिए राजेन्द्रा में एक संस्कृत शिक्षक नाम का संस्कृत ने किया।
8	पाण्डव के पांचल सेनाओं के साथ कुरुक्षेत्र के पास शिविर ने किया।	पाण्डवों के पागल सेना सहित डारा सेना के साथ जनई तक शिप का स्थान बना दिया।
7	उस वर्ष महाराजा शिवाजीराव-उच्च विद्यालय से मैट्रिक ्यूलेशन-परीक्षा में उत्तीर्ण हुए।	उस वर्ष महाराज शिवाजी महाराजराव-उच्च विद्यालय से मैटिकेश- परीक्षा में उत्तीर्ण हुए।
4	मैं ही सब कुछ जानता हूँ।	मैं ही सब कुछ जानता हूँ।
21	गुरु ने धनवान से कहा कि संसार में जाति से और धन से कोई भी मनुष्य ऊँचा या नीचा नहीं होता है। सभी लोग समान होते हैं। चरित्र से श्रेष्ठता होती है।	गुरु ने धनिक से कहा कि संसार में जाति से और धन से कोई भी व्यक्ति ऊँचा अथवा व्यक्ति से ही नहीं जन्मता है। सभी लोग समान ही होते हैं। चरित्र का सबसे अच्छा है।
5	वहाँ भीड़ क्यों है ?	वहाँ की बात क्यों है ?
1	उसका एक हिस्सा रहा है	भाग लेने वाला।
5	केतन -बैंक से लाते हैं ।	कैपक - वित्त से धन लाता है
2	जैसे जैसे	जैसे जैसे
9	अर्थ क्षायिक सम्यकत्व, अनन्तज्ञान, अनन्तदर्शन, अनन्तवीर्य, सूक्ष्मत्व, अवगाहनत्व, अगुरुलघु और अव्याबाध सुख-ये-आठ गुण सिद्धों के होते हैं ॥	क्योंकि-उछणों से युक्त, श्रीराघव के तह पर पूर्ण, अवहधना, अवहव (मेघौरादि) आदिशा, अट्ठे, अहा ये दोनों को आगे बढ़ाने से युक्त हो। यह 'र्ची पुष्प' कहते है । इसके बाद सिद्ध यह अचानक बन जाता है । इसके बाद जो गहन काम समाप्त हो गया हो, उसका असंय करना चाहिये ॥
12	भारतीय जनता पार्टी (भाजपा) द्वारा महिला मोर्चा द्वारा आयोजित''स्त्रीशक्तिमोदीकोप्पम''इस नाम से प्रधानमंत्री ने महिलाओं के विशाल समाज को संबोधित किया है-उन्हें प्रवेश प्राप्त हुआ।	भारतीय जनता पार्टी को के माध्यम से भारतीय जनता पार्टी का जो व्यक्ति है''भारतशक्तिमानोदी लेपन के लिए प्रधानमंत्री ने महिलाओं का एक बड़ा समुदाय बताया।
4	सुशीभन के चारों ओर वे नाचते हैं।	सुशोभन पर वे नाच रूटते हैं।
10	सब धर्मों का परित्याग करके तुम एक मेरी ही शरण में आओ, मैं तुम्हें समस्त पापों से मुक्त कर दूँगा, तुम शोक मत करो।।	मैं सभी धर्मों को त्यागकर मेरे पास आओ, मैं तुम्हारा शरण हूँ। मैं तुम्हें सर्व है और मोक्ष (सत्यम्) ही आऊँगा।।
3	आप दोनों गायिका ।	आप दोनों गायिका हैं।
11	इस प्रश्न मंच पर गुरुकुल के सभी विद्यार्थियों, शिक्षकों और कर्मचारियों उपस्थित थे।	इस प्रश्न पर गुरु की सभी विद्यार्थियों के सभी विद्यार्थी, कर्मचारियों के भी उपस्थित थे।
14	सम्मेलन का विषय है पुनर्निर्माण, जो नई प्रौद्योगिकी क्षमताओं की खोज के निर्णय में और वैश्विक साझेदारी में भी बल देता है।	सम्मेलन का विषय है कि पुनः निर्माण और प्रौद्योगिकी के द्वारा क्षमतायुति से युक्त लोगों की खोज के लिए में निर्णय ले रहे हैं।
3	जल्दी जाओ ।	जल्दी जाओ ।
9	चर्चा में विभिन्न क्षेत्रों के प्रमुख महिला नेता समुदाय के-वृद्ध और युवा लोग उपस्थित थे।	चर्चा में विभिन्न क्षेत्रों के प्रमुखों की प्रमुख समुदाय और समुदाय के समुदाय के-बारे में उपस्थित थे।
8	नहीं जानता , रास्ता कब जाने योग्य होगा ।	नहीं जानता , मार्ग कब जाने योग्य होगा ।
9	और सियार से कहा- “दोस्त! हम दोनों इसी बर्तन में साथ भोजन करते हैं।”	सियार ने कहा- हेड मित्र! हम दोनों इस पात्र में साथ भोजन करते हैं।
12	प्रसिद्ध भारतीय संगीतज्ञों के लिए शंकर महदेवन-जाकिरहुसैन के लिए गीत-संगीत-समूह द्वारा ख्यातिप्राप्त ग्रैमी पुरस्कार जीता गया।	प्रसिद्ध भारतीय-सं हैं कि पर.एसनवावन-जाकिरण समूह ने भारतीय शक्ति के माध्यम से गीत-संगिराज की उपस्थिति में गीत पुरस्कार जीता।
6	उसे यह पुरोहित था कहा गया है।	उसका यह सबसे पहले था कि उसका यह किया गया था।
10	मैं उन ऋक्षा वानरों को भी फिर से निकालते हुए और बड़े बलशाली पुरुषों को देखना चाहता हूँ।	मैं उन लोगों को ऋण की राज के पास तो हणों को देखने के लिये सदा बलों को देखने के लिये चाहता हूँ।
18	भगवान् ने कहा कि जो मन एकाग्र करके सन्ध्या करता है, वही परम भक्त होता है, दूसरा नहीं। ऐसा तुम जानो ।	भगवता ने कहा कि जो मन एकग्रं करके वह ही है, वह ही भक्त है, यह दूसरा बात है, नहीं, तुम जानते हो।
4	एक बच्ची गणेशमंडप जाती है।	एक बच्ची ऋषमंडप जाती है।
11	यह ज्ञात है कि इजरायल देश भी चारों ओर समुद्र से घिरे हुए है।	यह जानाचरचर है जो इस कारण देश है देश भी दूसरे की संख्या है।
4	छात्र खुश होते हैं	छात्र खुश होते हैं
6	जांच के दौरान सत्येन्द्रसिवाल के बारे में सूचना मिली	खोज के दौरान सत्येन्द्र की ही सूचना प्राप्त की।
11	सभी देश ज्ञान और विज्ञान के क्षेत्र में मित्रता की भावना से और सहयोग से उन्नति प्राप्त करने के योग्य होंगे।	सभी देश ज्ञान विज्ञान के क्षेत्र में मैत्री भाव से सहयोग करने के लिए ध्यान में समृद्धि के साथ समृद्धि (चंडे) की भावनाें होंगी।
5	वह हमेशा अमृतवर्षा करता है ।	वह हमेशा अमृत वर्ष करता है ।
11	सत्य ही होते हैं इस तरह के इन गुरुजी की वाणी की सफलता को देखकर, लोग बहुत विस्मित हो जाते हैं।	वे वैदिक गुरु हैं, गुरु और गुरु आदि गुरु हैं। गुरुओं की गुरुओं की गुरु है। वे वैदिक गुरु हैं। (एक ही गुरु की गुरु, गुरु अथवा गुरु के गुरु हैं।
6	पर विषय के स्मरण से अपना मन गंदा हो जाता है।	दूसरों के स्मरण से अपना मन अपने मन में दूसरा मन बन जाता है।
9	भगवान् के अतिरिक्त जनधन वैभव,वस्तु और शरीर आदि में मुझे कोई भी अनन्यभाव या अन्यता नहीं है।	भगवान् की कृपा से जनधन की वृद्धि हुई और जैसा मेरे इस प्रकार नहीं है, या तो कुछ भी नहीं है।
1	घोंसले	घोंसले
6	उस बच्ची को सभी कैसे खुश करते हैं ?	उसको बच्चे को कैसे प्रीति उठाते हैं ?
5	स्ट्रांग रूम से कैसे मत मशीन ला रहे हैं ?	किन्तु में कैसे मत से कैसे मत मशीन ला रहे हैं ?
1	कृष्णपक्ष	कृष्णपक्ष
1	धर्म को न जानने वाले।	अधर्मी
11	अच्छा यह है कि योगशास्त्र में तो भारत हमेशा ही जगद्गुरुत्व से स्थित है।	इस प्रकार योगशास्त्र में तो भारत को हमेशा ही विश्व में ही देखा जाता है, अच्छा है।
13	प्राचीनकाल में गुरुकुलों आदि के बच्चों को जो मानवीय, नैतिक शिक्षा दी जाती थी, वह आधुनिक शिक्षा प्रणाली में दुर्लभ हो गई है।	पूर्व गुरुकुला आदि बालकों से बालकों को बात देते थे, नैहा शिक्षा दी जाती थी, वह आधुनिक-शिक्षितालालियों में से में होता था।
28	पहले चरण में खड़े हैं:-राष्ट्रपति, शिक्षा मंत्री, विभिन्न अंतरिक्ष स्थानों के अतिथि, विश्वविद्यालय के शिक्षक, अधिकारी, कर्मचारियों, स्नातकों एवं विद्यार्थियों का स्वागत करते हुए कुलपति ने रिपोर्ट में कहा कि पूर्व प्रधानमंत्री श्री लाल बहादुर शास्त्री, पद्मश्री डॉ मंडन मिश्र की महान परिश्रम से यह विश्वविद्यालय स्थापित हो गया है।	पहले चरण में कहा गया है कि शिक्षा मंत्री, शिक्षा मंत्री, विभिन्न देशों से अतिथि, विश्वविद्यालय के शिक्षक, अधिकारियों, कर्मचारियों, स्नान, और स्नान, स्नान, स्नान आदि छात्रों ने भाग लिया कि पूर्व प्रधानमंत्री श्री लाल बहादुर शास्त्री ने कहा कि पूर्व प्रधानमंत्री श्री लाल बहादुर शास्त्री ने पद्मश्री से सुशोभित है कि पूर्व छात्रों को श्री लाल बहादुर शास्त्री ने कहा कि विश्वविद्यालय के नए का पद्म का भी विषय है।
3	कैसे करें ?	कैसे करें ?
3	ये दरवाजे हैं	ये वाहन हैं
13	तब योगिराज के, "यह क्या है? यह कहाँ से आई है? यह कौन है? यह कैसे आई है? यह पूछने पर ब्रह्मचारियों के गुरु ने कन्या को शान्त करने के लिये श्याम बटु को आदेश देकर यह कहना प्रारम्भ किया।	फिर 'क्या हो? उस कौन है? उस कौन हो? वह कैसे पूछने में समर्थ हो? उस समय पूछने पर ब्रह्मचारियों को कहने के लिए कहा क्या ? कहाँ से बताओ कि तुम कौन हो?
15	उन्होंने कहा कि यह पूर्व बैंक की वापसी है और उन्होंने कहा कि वित्त मंत्री द्वारा प्रस्तुत अंतरिम बैंक भाषण में कोई नया नहीं कहा गया है।	पूर्वबजट का पुनबर है कि वित्त मंत्री द्वारा प्रस्तुत इस संबंध में कहा गया है कि वित्त मंत्री द्वारा प्रस्तुत अंतरराष्ट्रीय एक नई नहीं है।
8	जिनको मनुष्य चलाते हैं वे छोटी नौका और जो बड़ी होती हैं वे वायु आदि से चलाई जाती हैं उन के अश्वतरी और श्यामकर्श्व श्दि नाम हैं।	पुरुहाई, पुरुसी, दूतादि के समान प्रकाशन करके, आदि सेती की ओर देखते हैं, उनकी ताकतें हैं।
9	यह द्विवार्षिक कार्यक्रम इस महीने के आठवें दिन समापन हो जाएगा।	इस दो तारीख को उठाने का आयोजन इस महीने आठ तारीख को होगा।
3	वृक्षो से फल गिरते हैं।	वृक्ष से फल गिरते हैं।
4	कौन कहाँ जा रही है ?	कौन कहाँ जा रहा है ?
9	अथवा हे अर्जुन ! बहुत जानने से तुम्हारा क्या प्रयोजन है? मैं इस सम्पूर्ण जगत् को अपने एक अंश मात्र से धारण करके स्थित हूँ।।	अथवा किसी के द्वारा क्या जाना गया, वह अथवा अपने घर में क्या होना है? (क्योंकि) इस संसार में अत्यन्त हीन है, तथा संसार के द्वारा प्रलय के द्वारा विचलन उत्पन्न किया गया है।
4	बादलों के ऊपर विमान उड़ रहा है।	मेघों को वायुयान उड़ रहा है
8	शान समिति की रिपोर्ट के बाद चयन प्रक्रिया ऑनलाइन रूप में की जाती है।	शान समिति की रिपोर्ट के बाद चयन प्रक्रियाओं को ऑनलाइन रूप से किया जा रहा है।
3	वह चार्टर्ड अकाउंटेंट है।	वह लेखकरीक्षक है।
6	वस्त्र से पवित्र किया जल पीना चाहिये और मन से शुद्ध जाना हुआ काम करना चाहिये।	वहख्त्र नामक पानी और मन को पूरा करने के लिए योग्य हो।
11	अरे! सभी प्राणियों के आश्रय, इन वृक्षों का जन्म श्रेष्ठ हैं। वृक्ष धन्य हैं, जिनसे प्रार्थना करने वाले (याचक) निराश नहीं होते हैं।	अरे ! जो इन सभी कर्मों के ज्ञान को ही प्राप्त हो, जीवन में जो कुछ भी नहीं जानता है, जो इन तीनों को त्यागकर नहीं जाते हैं, ऐसे के लिए धन ही मनुष्य जन्म लेता है, दूसरे के लिए जो धन दूसरों के प्राणी में ही प्राप्त होते हैं।
4	पढ़ने वाले बालक जाते हैं ।	पढ़ने वाली लड़के जाते हैं।
1	चुप हो गये।	समीप
3	आप जल्दी से आईये।	आप जल्दी से आईये।
7	बहुत से लोग केवल फल ही खा रहे थे।	बहुत से लोग केवल फल ही खाते थे।
24	छ धातुऐ मिलकर एक समुदाय 'पुरुष' नाम से कहे जाते हैं। अर्थात् पृथिवी, जल, तेज, वायु, आकाश और अव्यक्त ब्रह्म । इन छ धातु का समुदाय मिलकर 'पुरुष' ऐसा कहा जाता है ॥	छह वर्षोंमें हैं''लोक' शब्द करते हैं। ये शब्द, शब्द आदि से प्राप्त नहीं होते, ये शब्द, वायु, चक्र, सीधियों और - ये ब्राह्मण शब्द हैं। इस प्रकार छह खंडों में ही एक-दूसरे से प्राप्त हैं। ऐसे शब्दों के शब्दायित हो जाते हैं।
7	परन्तु फिर भी नेत्रों के सारथित्व को स्वीकार किया।	परन्तु फिर भी शल ने कान का सारथी स्वीकार किया।
4	निज शोथके भेदः ⁇ निज शोथ तीन प्रकार का होता है । सम्पूर्ण शरीर मे व्याप्त, आधे शरीर मे व्याप्त और एक अवयव मे व्याप्त ||	त्रिविध अपने घरो का सब प्रकार से यह तीनों का ही होने का कारण है ॥
7	समान विचार और व्यवहार होने पर मैत्री होती है - यह एक सूक्ति है।	समान रूप से मैत्री यह एक सूक्ति है।
10	मित्र बोला - वही अधिक हितकारी है । "कौन-सा तुम्हारा वैद्य है ?"	इस प्रकार बोला - वही अच्छा है, यह तो गुम्फित है।
10	उस वस्तु को तुम अविनाशी जानों, जिससे यह सम्पूर्ण जगत् व्याप्त है। इस अव्यय का नाश करने में कोई भी समर्थ नहीं है।।	जिस (.) ज्ञान से तथा उस विषय में समभाव को तथा (नचिकेता को तथा) नचिकेता से (धन का भी उपयोग करना उचित है)
6	इस चलचित्र का प्रचण्ड अर्जन भी था।	इस फिल्म का बड़े भी पात्र था।
3	दीपक पुरुष सूक्त याद करता है ।	दीपक पुरुषसूक्त स्मरण याद करता है
18	वह फिर से बोली कि हमारे विश्वविद्यालय का मालवीय मिशन-शिक्षक-प्रशिक्षण केंद्र आज ही अपना दूसरा प्रशिक्षण कार्यक्रम, राष्ट्रीय शिक्षा नीतियों को संबोधित करने के कार्यक्रम, इंटरनेट के माध्यम से आयोजित किया जा रहा है।	उन्होंने कहा कि हमारे विश्वविद्यालय के मालवीय मिशन-शिक्षकों-संस्कृत- प्रशिक्षण केंद्र आज ही अपने दूसरा प्रशिक्षण कार्यक्रम राष्ट्रीय शिक्षा नीति: राष्ट्रीय शिक्षा नीति: राष्ट्रीय शिक्षा विभाग द्वारा किए गए प्रयासों को दो साल तक खूब माध्यम से विमुखि में पहुंचने चाहिए।
5	संदीप हर सोमवार को घर में यज्ञ करता है ।	संदीप हर सोमवार को घर में यज्ञ करता है
6	पोता – सारा अन्न खेत से आता है।	पोता – सर्व अन्न श्री क्षेत्र से आता है।
23	और सीतापति भगवान् राम सीताजी को समझाने के लिये अपने महल में गये। तब मधुर मुस्कानपूर्वक बोलने वाली श्रीसीताजी ने पतिदेव को आते देखकर एक सुवर्ण पात्र में जल लेकर भक्तिपूर्वक उनके चरणों को धोया और अपने स्वामी की ओर देखते हुए पूछी देव ! इस समय बिना सेना के आप कैसे आये हैं? आप प्रातःकाल कहाँ गये थे? आपका श्वेत छत्र कहाँ है? बाजों का बजना क्यों बन्द हो गया है? आप किरीटादि राजोचित आभूषणों से क्यों रहित हैं ? ॥	तुम सीता और लक्ष्मण के साथ नहीं जाना चाहते। वह सीता और लक्ष्मण के साथ पति रूप में आये, सीता और लक्ष्मण के साथ आपके पास गया। तब राजा दशरथ बहुत समय तक रहने के लिए तुम कहाँ नहीं गये ? ॥
16	हे सुग्रीव ! जो कर्म आपने किया, वह सब मित्र, मित्र के हित और धर्म के बल से किया।	सुग्रीव ! जो कर्म किया गया है, वह सभी मित्र ने शानदार और हित के लिए धर्मभी किया।
7	जिसमें जालन्धर शहर के विभिन्न स्थानों से लगभग प्रतिभागियों ने भाग लिया।	जिस नेटन्धरनगर के विभिन्न से लगभग प्रतिभागी भाग लिया गया।
7	भीमसेन के द्वारा दुर्योधन के आठ भाई मारे गए	भीम से दुर्योधन के आठ भाई भाई भाई युद्ध में हक युद्ध हुए।
8	उनके पिता अनन्त शास्त्री डोंगरे और माता लक्ष्मीबाई थीं।	उसके पिता अनंत शास्त्री डों पर माता और लक्ष्मी भी लक्ष्मीबाई थे।
10	वह बालक माँ को पूछता है –माँ अब शुद्ध है न ?	वह बालक को कर्या पूछता है माँ ! अब शुद्ध नहीं है।
12	जो ब्राह्मण धन की प्राप्ति के विचार से वेदों का अध्ययन करते हैं और जो शूद्रों अर्थात नीच मनुष्यों का अन्न खाते हैं, वे विषहीन सांप के समान कुछ भी करने में असमर्थ होते हैं।	हे ब्राह्मणो! तिन और नामक सड़क ऐसे बुढ़ापे में, (परन्तु) मन को इस प्रकार के निर्भयता पूर्वक, समान भाव से तथा परदेश में कर दिया गया। वे अब ब्राह्मण, तेज, विहीनता और निर्भयता, विन्नता और निर्भयता सभी यजुट तथा सु न हो, वे सब निर्भय हो जाते हैं।
1	प्राप्त करने के	पहुंचकर
7	भोरंज विधानसभा क्षेत्र के विधायक सुरेश कुमार ने सियारंद को तटस्थ बनाने की मांग की।	हे मित्र विधानसभा क्षेत्र के विधायक सुरेश कुमार शर्मा ने सीरन के तला करने की माँग दी।
6	फिर भी तुम्हारा मनोरथ पूर्ण नहीं हुआ।	फिर भी तुम्हारा अभिला नहीं आया।
6	अर्जुन ने इन्द्र से दिव्य शस्त्र माँगा ।	अर्जुन ने इन्द्र से दिशा में शस्त्र माँगा।
13	इस समय वह घोर दण्डकारण्य के पञ्चवटी नामक शुभ आश्रम में रहता है। उसकी भार्या विशालनयना सीता त्रिलोक को विमोहित करने वाली है ॥	वह आक्या में सीता के साथ पाँच बत्तायतों में भी शुभ तुम्हारे उस सुन्दर शरीर को देखकर सर्वगुणमयी सीता लोक विमोहिनी सीता उनकी पत्नी सीता और लक्ष्मण के आश्रम में दूसरे विमोहिनी सीता उनकी एक कड़वा हूं ॥
1	हमारे	हम सभी के लिए
4	रसिक के द्वारा फूल सूँघा गया।	रसिक से पुष्पों को अच्छा ।
9	ये दिलचस्प खबरें हैं-विपक्ष के नियमों का पालन कर रहे हित समाचार संगठन, सोशल मीडिया और यूजर्स पर लगेगा जुर्माना.	ये व्याकरण बात-अडर-बताया गया है कि व्याज संस्थानों, सामाजिक अध्यक्षों का उपवास होगा।
2	दान का	और दान ही
1	पीसता है	टकराव
6	क्या आप मुझसे बडे है ?	आप मुझसे बड़े है।
4	आज का काम आज ही समाप्त करना चाहिए	आज का काम आज करना है ।
9	उत्तराखंडसंस्कृत अकादमी, प्रतिवर्ष संस्कृत भाषा के प्रचार-प्रसार के लिए, संरक्षण के लिए, और इंटरनेट के माध्यम से संस्कृत व्याख्यान के लिए आयोजित किया जाता है।	उत्तराखंड संस्कृत अकादमी, हर साल, हर साल संस्कृत को प्रसारित करना, रक्षा के लिए, और संस्कृत इंटरनेट के माध्यम से संस्कृत व्याख्यान के माध्यम से आयोजित किया जाता है।
10	उपाधिधारकों को अपने अध्ययन के विषयों को जानकर यह संस्कृत भाषा अपने अध्ययन के विषयों को भी 'अनुसंधान' शब्द का प्रयोग उपनिषद् तत्वों पर आधारित है।	उपाधिकाओं के द्वारा विषय को गया और उपाधि दिया जाने के कारण ही एक उपाधि है जोंगका विषय है इस शब्दों को संस्कृत में प्रयोग करना चाहिए। यह शब्द 'छा' शब्द का प्रयोग किया गया।
11	भाटक आवास स्थान से टूटी तक जनवरी, निर्देश दिया गया है कि पार्किंग स्टेशन को शिमला नगर में स्थान परिवर्तन का निर्देश दिया गया है।	भागस्थान से से किया गया है, तक जनवरी तक राज्य की, तक रावण को शिमला शहर को बनाने का निर्देश दिया गया है।
1	गरीबी	दिन को
9	राज्य सरकार ने केरल के स्कूलों में छात्रों द्वारा मोबाइल फोन के इस्तेमाल पर सख्त प्रतिबंध लगाने का आदेश दिया है।	केरल में स्कूलों में छात्रों को जंगम फोन की उपयोग से का उपयोग कर्क राज्य सरकार का आदेश दिया गया है।
1	कहोगे।	कहोगे।
5	वह मुझे ही क्यों देख रहा है ।	वह मुझे ही क्यों देखता है?
11	पटना में अधिकतम पारदर 310 सेल्सियस बढ़ गया, सबसे छोटी दर 990 सेल्सियस कम हो गई।	पटना में सबसे अधिक आइंजा 210 सेल्सियस बढ़ गया, कम से कम 190 शरीर कम हो गया।
23	द्वन्द्व की शुरुआत द्वन्द्व के अंत में या अंत में सुनाई जाने वाली पदावली से होती है''इस नियम से पद की पूर्णता हो''शब्द के सिद्ध होने पर अर्थ, सिद्ध होने पर अर्थ की पूर्णता''ऐसा वाक्यांश बन जाता है।	द्वादाद में अथवा सु, इस प्रकार दोनों में''पारा पदस पद से इंद्रियों की सभा में'', इस नियम से सिद्ध सिद्ध होता है'', इस पद पर मनुष्य को 'दत' नामक स्थान पर' ऐसा संबंध होता है।
8	वश में किया हुआ चित्त जिस कालमें अपने स्वरुपमें ही स्थित हो जाता है और स्वयं सम्पूर्ण पदार्थों नि: स्पृह हो जाता है, उस कालमें वह योगी कहा जाता है।	जब मनुष्य एक ही ज्ञान प्राप्त करता है तब तक वह अपने आत्मा में स्थित नहीं है, तब वह समभाव से युक्त पुरुष सब कुछ सर्वज्ञ ही युक्त हो जाता है, तब वह सब देवताओं का अतिशय भी ही समझता है।।
3	केवल एक शास्त्रका पढाहुआ शास्त्रके निश्चयको नहीं जान सकता इस हेतु बहुत शास्त्रोंका सुनने पढनेवाला वैद्य चिकित्साशास्त्रको जानता है ॥	एक हीन (शुद्ध बुद्धि) की तरह है जो हमें एक ब्राह्मण से पढ़ाना नहीं चाहिए।
6	मैं मोरीबी गाँव का निवासी हूँ !	मैं पेड़ा गाँव के निवासी हूँ !
7	हनुमान ने राम लक्ष्मण के बाणों और तूणीरों की प्रशंसा करते हुए उन दोनों से कहा कि आप दोनों के बाण बहुत तीक्ष्ण, सर्प के समान शत्रुनाशक और भयंकर, उन जैसे बाणों से आप दोनों का तूणीर भरा है। इसीलिए वे तूणीर भी देखने योग्य है।	पूरी तरह से लंबागनों और शुभ दर्शन करने वाले ये शुभ तथा शुभ अन्य भोगों से नये हुए वनवासियों द्वारा तथा नूपिकों से मेरी रक्षा करें।
10	इनमें ‘दीपावली’ प्रधान उत्सव कार्तिक महीने में कृष्ण पक्ष में अमावस्या की तिथि को होता है।	इनमें से दीप प्रज्ज्वलित करती है कि ये दोनों महातत्र हैं, इसलिए कृष्णपक्ष में तिथि है।
20	दैत्यराज इन्द्र ने बाद में मेरी पुत्री के हाथ से दशग्रीव का हाथ पकड़कर कहा हे राजन्! हे हे हे हे हे हे हे यम! मन्दोदरी जिनका हाथी के गले में बंधी हुई है, उन्हीं के शुभार्थ को मेरा पुत्री ले।	फिर उन्हें मैेन्द्र मयले के पुत्र से दसग्रीव को कर दिया, हे थी! यह मुझे धन से युक्त बनाकर भगवान् श्रीराम ने इस आधेभन नाम के प्रति अपने घर की ओर ले लिया।
9	बहुत कालतक सन्ध्योपासन करनेके कारण ही ऋषियोंने दीर्घायु, बुद्धि, यश, कीर्ति ( ख्याति) और ब्रह्मतेजकी प्राप्ति की थी	ऋषियों और लम्बी हुईं को ही दूर करके (सा भी हो की स्तुति) और यश दोनों को प्राप्तकर मेरे यश को ही प्राप्त होकर ब्रह्मवहार को प्राप्त होता है।
1	पड़दा	परदा
4	व्यापता है इसलिए विष्णु कहते हैं ।	वेता है इसलिए विष्णु कहते हैं।
1	प्रकट करो।	प्रकट करो।
6	बहरा कौन है? जो कल्याणकारी बातें नहीं सुनता हैं।	कौन बराबर ने क्या प्राप्त नहीं किया है।
7	सुचरित्र से मनुष्य महान् बन सकता है।	सुचरित्र के द्वारा कोई भी व्यक्ति बहुत बड़ी दुखी है।
9	हाल ही में रिपोर्ट आई थी कि वैश्विक समुद्री जल छत्रछाया में वृद्धि का असर द्वीप देशों पर पड़ेगा।	रिपोर्ट के अनुसार, दुनिया के पानी के साथ बढ़ाने वाले द्वीप पर बुराईं तरफ के निकट आ गया है।
7	इसके लिये शीघ्र ही यह उपकरण रख दिया जाएगा।	इस संबंध में शीघ्र ही यह उपकरण स्थापित किया जाएगा।
7	श्रीकृष्ण उसके वध की इच्छा करता हुआ उसकी राजधानी में गया।	श्रीकृष्ण जी उसका वध करने के लिए उनका राजस गया।
16	क्रिसमस-उत्सव के पूर्व संध्या में प्रकाशित एक संदेश में राष्ट्रपति ने कहा कि येशुमसिह के जन्मस्थान पर क्रिसमस मनाया गया है-उत्सव प्रेम की सद्भावना से भी संदेश देता है।	दोनों उत्सव-उत्सव के पूर्वसंध्या में प्रकाश में राष्ट्रपति ने कहा कि येशुसिह का जन्म-ेश समारोह प्रेम से-उजाव-उजाव के से कहा गया और उत्सव का आयोजन करता है।
4	बर्फ के गिरने सेवेदनाशील क्षेत्रों में मत जाईये।	बर्फ की गिराते हुए क्षेत्रों में जा नहींयेगी।
4	अब करतारपुर पाकिस्तान में है।	अब करूपुर में पाकिस्तान में है।
6	वह धीमे स्वर में संगीत सुन रहा है	वह धीरे धीरे द्वारा गीत सुन रहा है
6	सभी के मस्तक शीघ्र झुक गए।	" सबका दूसरेकडित सचमुच पूरी हो गए।
19	जो बेटा केवल पिता की इच्छा के लिए अपने पूर्व परंपरा को मानता है, किन्तु कुल के अनुकूल व्रत छोड़ता है, वह पतित न हो सके, अन्य कौन हो सकता है ?	जो पुत्र केवल एक ही धन प्राप्त करने के लिए अपने पूर्वपर में माना जाता है, लेकिन कुलो पर हम लोगों को अ, छोड़ नहीं जाता, वह पती नहीं है क्या ?
9	लक्ष्मण – आवाज तो भरत की है । कहाँ है वह ?	लक्ष्मण – रंगव! भरत का
5	आपकी पेंट की जेब में फिर से देखिये।	आपके उर को फिर से देखिये।
6	प्रकृति के क्रोधों से व्याकुल मनुष्य क्या कर सकता है?	प्रकृति (ही) आतंकवादियों को क्या करने के लिये क्या कर सकते हैं?
30	और इसके प्रतिभाशाली-कृत्रिम बुद्धिमत्ता के विकास में सक्रिय योगदान के लिए कार्यबल तैयार है-शिखर सम्मेलन में आगामी-विश्वसनीय सहयोग में अपने लिंकेड इन सोशल मीडिया पर श्री मोदी ने कहा कि भारत अपने-नागरिकों को मजबूत करने के लिएकृत्रिम बुद्धिमत्ता पर बड़ा काम करना चाहता है।	साथ ही इस प्रतिभाशाली-कार्यबनव ने कहा कि भारत को अपने कर्तव्य में सक्रिय करने के लिए सक्रिय है-ब को घोषणा में आने वाले एक को अपने-अपने में अपने में अपना परिचय दिया गया है कि भारत को अपने-अपने शक्ति और फिल्म की शक्ति का आयोजन किया जा रहा है।
24	हे राम ! रसातल गुल्फ हैं, तलातल जानु, सुतल जंघाएँ, वितल आपके दोनों अरु, अतल और पृथिवी आपके कटि प्रदेश, भूलोक नाभि, स्वर्लोक वक्षः स्थल, महर्लोक ग्रीवा, जनलोक मुख, तप लोक ललाट तथा हे प्रभो ! सत्यलोक आपका मस्तक है ॥	तुम रसातलके समान कटाही है, तलाश है, उन आपके चरणकमलों की कान्ति-सी है। तब सभी राजाओं ने जौ के सुहाग को भी कहा है। उस समय जो अत्यन्त दुःखी है, उन श्रीपवनजजी का मैं तपस्या करती हूँ ॥
13	यह सर्वेक्षण राज्य के सभी जिलों में स्कूलों का चयन करके 12 फरवरी से 9 मार्च तक आयोजित किया जाएगा।	यह सर्वेक्षण राज्य के सभी जिलों में स्कूली से स्कूली तक 12 फरवरी से 9 मार्च तक आयोजित की जाएगी।
6	कार्रवाई है-विश्लेषण-हित के रूप में प्रवर्तन के रूप में केंद्र।	वहाँ कर्म न करना-यही केंद्र होता है यह व्यावसायिक रूप से होता है।
18	इनमें से सबका राम है'इसका अर्थ स्वभाव से ही भिन्न-भिन्न रूप से जानने जा सकता है, किन्तु सबका सार यह है कि राम सबका ही है।	इनकी बात है राम''इसकी अर्थ स्वभाव के अनुसार अलग रूप में समझ सकते हैं, लेकिन राम सबका ही है।
4	सरोवर में शेर पानी पीता है।	सररे में शेर को पानी पीता है।
4	वे घर जाते हैं	वे घर जाते हैं ।
10	जैसे घड़े से कार्य करने वाला कुम्हार जाता है, ''घड़े को करो''।	जैसा घड़ा से काम करते हैं और कुम्हार जाकर कहता है,'' तथा अन्य करो''ऐसा।
7	जहाँ, बनियेखंड और चराहे में लघुवृष्टि हुई।	जहाँ-कभी इस चुराह में छोटे-छोटे हो गया।
3	हे छात्र	हे बहुत छात्रों
14	हमारे सरकार की ओर से केंद्र सरकार ने S ⁇ A ⁇  सिटी योजना के तहत चींटी बनाने के लिए मंजूरी दी है, करोड़ रुपये की भी  ⁇ udget को मंजूरी दी गई है।	हमारे सरकार के प्रयास से केंद्र सरकार ने याद किया है योजना के तहत नई का निर्माण करने के लिए मंजूरी दी गई थी, करोड़ रुपये की  ⁇ udget को मंजूरी दी गई थी।
8	कार्यक्रम की शुरूआत दीप प्रज्ज्वलन से हुई, और अतिथियों को सरस्वती पूजा से हुई।	कार्यक्रम की शुरुआत दीप प्रज्ज्वलन, अतिथि सरस्वती की पूजा से हुई।
6	चित्रों में सोनाक्षी सरल, लघुकुर्ता-शरारासेट के बीच दिखती है।	छाया से सोनाक्षीक्षी सरल राम से छोटे-छाटी में दिखाई पड़ती है।
8	पंजाब प्रदेश के स्वसहायत समूह ने भी प्रदर्शनी पर खड़े होने के लिए रिजस्थल को नाबार्ड के समर्थ में मिलाया।	पंजाब राज्य के स्व के लिए समूह भी प्रदर्शन के लिए सेन नाबार्ड को नाबार्ड नहीं मिला।
9	केवल पश्चिम के लोग इस दुरुपयोग को करके देश को अधिराज्य में स्थापित कर दिया।	इसी प्रकार पश्चिमी में इसका दुरुपयोग करके देश में भूमि का विस्थापन किया।
12	सेशेल्स-देश के राष्ट्रपति वेवेल रामकलावन ने सभी लोगों को अपने घर पर ही रहने का आदेश दिया।	सेशेल्स-देश के राष्ट्रपति वेतनकला को सभी लोगों को अपनी घरों में ही खड़े होने के लिए आदेश दिया।
6	हम सभी वीर सैनिकों को नमन करते हैं।	हम सभी वीर सैनिकों को नमस्कार है।
9	वहाँ चतुर्दश वर्ष की उनके अध्ययन के लिए राजेन्द्र अध्यापक जी के संस्कृत स्कूल में नाम दर्ज किया गया।	वहाँ चौदह वर्ष की अध्ययन के लिए राजेन्द्रा में एक संस्कृत शिक्षक नाम का संस्कृत ने किया।
5	फिर जमींदारों का साम्राज्य छिन्न-भिन्न हो गया।	अब भूमि विघ्न (सूर्य) को वि से दिया गया।
4	लव – भगवान् सूर्य।	लव – भगवान् हजारों छिधों में डूबे हुए हैं।
16	गिरिकंदराओं में निवास करने वाले परब्रह्म के ध्यान में मग्न हुए, धन्य योगियों के आनंदाश्रुओं को गोद में बैठे हुए पक्षीगण निःशंक होकर पीते हैं, पर हमलोगों की आयु तो मनोरथमय महल के सरोवर तटों पर स्थित विहार-विपिन में आनंद और प्रमोद करते ही व्यतीत हो जाती है॥	हे माघिक । वर्ष, ज्योति और सूर्य के द्वारा स्तुति किये गये। जो मानसर है, पीश-कुछके द्वारा (शुद्धि) लिए हुए प्यारे वस्त्र धारण किये हुए है, उन परपड़कको लीन करती हैं। अंधकारके समान है, परमाणुको सूर्यकी पिलाई फोड़ती है।
7	मैं यहां बन्दर और मृग को देख रहां हूं।	मैं यहाँ वानपा और मृग देख रहा हूँ
6	धीरे धीरे लैंडर की गति धीमी की गई।	धीरे धीरे कूड़ेदान की गति को धीरे धीरे किया।
11	अब केवल अंतिम तीनों बड़ी गीतों का चित्रोतल करने के लिए शेष हैं।	अब केवल अंतिम तीन बड़े में चित्रों का चित्रण शेष हैं।
15	आजादी के बाद राम जन्मभूमि आंदोलन पुनर्जीवित हुआ। राम जन्मभूमि मुक्ति समिति की स्थापना १९८४ में की गई	अपने-अपने जन्म के बाद, राम जन्मभूमि आंदोलन का आरम्भ हुआ। राम के जन्मस्थान पर दोहराया गया।
9	मंडल की चुराह, भरमौर, पाङ्गी, डल्हौजी में बर्फ लगातार है।	और भी मंडली, भरत भूमि, डगी, पागहौजी में बर्फबारी लगातार है।
1	एक खुद की	स्वयं
8	गुजरात राज्य के मुख्यमंत्री श्री विजय रूपाणी ने सम्मेलन का उद्घाटन किया।	गुजरात राज्य के मुख्यमंत्री श्री विजय ने सम्मेलन का उद्घाटन किया।
9	दूसरा विकल्प नहीं देखकर दीवान गौ पालक को न्यायालय ले गए।	अन्य विकल्प को न देखकर दीवान ने गोपाल को ले लिया।
7	पर्वत के आरंभ में मानपुर में हृषीकेश मंदिर है।	पर्वत के शुरू में मानपुर में हृदय सराहना है।
7	भारत-यह सुझाव दिया गया है कि निज्जरा की हत्या कन्नड़ के बीच संबंध को ढीला करने के लिए पिछले सूत्र द्वारा की गई है।	भारत-काड और
10	किसी आदरणीय व्यक्ति के प्रति शून्य हृदय शकुन्तला ने अपराध कर दिया। (सामने देखकर) और किसी साधारण व्यक्ति के प्रति नहीं।	किसी भी पूजा के समय इस संसार में कोई भी पूजी जाने के कारण ही नहीं हो सकता है, किसी में भी किसी भी स्थान पर नहीं रह सकता है।
6	चालक के आगे दो जने हैं ।	ड्राइवर के आगे दो जनकत हैं
4	उसके शरीर से पसीना निकल रहा है।	उसके शरीर से पसीना निकल रहा है।
29	फिर कैटरी ने कहा कि जब''मेरी क्रिसमस''फिल्म के निर्देशक श्रीराम ने उसके साथ विजयसेतुपति कास्ट को कहा था-करण के बारे में पूछता था तो मैंने गूगल माध्यम से उसका नाम ढूंढ़ा किस्मरण संस्कारित हो जाए।	फिर कैटरीना ने कहा कि जब''मेरी।'' फिल्म के निर्देशक श्रीराम ने उसके निर्देशक पर विजय प्राप्त किया था, तब मैं उसका नाम गूगल ने कहा कि मेरा नाम गूगल ने ढीजन किया कि जब''मेरी गूगल ने कहा कि मेरा नामांकन है।
7	संस्कृत (साहित्य) में विद्यमान सूक्तियाँ उन्नति के लिए प्रेरित करता हैं। जैसे-	संस्कृत में विद्यालय के निर्माण को ही मैथुन के लिये प्रेरित करते हैं,
17	(यमराज ने पुनः कहा) यदि इस वरदान के सदृश (अन्य) वरदान को माँगते हो, तो धन तथा दीर्घकाल तक जीवन के साधन का वरण करो हे नचिकेता ! तुम विशाल पर (उन्नति के साथ) बढ़ो, तुमको समस्त इच्छाओं का या भोगों का भोग करने वाला बनाता हूँ।	यह बात यदि मैं मन से वरदान देता हूँ तो बहुत धन है, उस यदि बहुत देर तक चला गया है। यह आप इसके लिखी काम नहीं है। आप लोग सुखपूर्वक कामना करते हैं।
9	हे मित्र ! क्या तुमसवेरे अग्निहोत्र नहीं करते ?	हे मित्र ! क्या तुम प्रातः नहीं करते हो?
7	मैं छल करने वालों में द्यूत हूँ और तेजस्वियों में तेज हूँ, मैं विजय हूँ; मैं व्यवसाय (उद्यमशीलता) हूँ और सात्विक पुरुषों का सात्विक भाव हूँ।।	मैं ही इन ( रहा) को प्राप्त होऊँगी तथा - हूँ
14	जो पुनः पुनः छाया से धूप को लेकर फिर छाया की ओर लौटता है वह तो मूढ़ ही है।	जो फिर से छाया से आतंकवादी जाकर पुनः आ जा रहा है
15	रिपोर्ट प्राप्त करने के बाद पता की संख्या निकाली जाएगी और तासों की चयन प्रक्रिया पूरी कर दी जाएगी, अंतिम परिणाम शीघ्र घोषित हो जाएंगे।	रिपोर्ट पहुंचाना के दौरान केस में खबर निकाला के दौरान वे चयन किया जाएगा, अंतिम परंपरा शीघ्र ही घोषणा करेंगे।
6	जगत् के दो भेद हैं स्थावर और जंगम ॥	लोकके प्रथम शरीरके किसीको (है) और जंगम ( चराचर), ज:है ॥
5	आप लेख लिखते हैं क्या ?	आप लिखे क्या ?
5	दो महिने पहले गया ।	दो महर पहले गया ।
3	परन्तु स्मरण करके बताऊँगा।	परन्तु स्मरण करके कहूँगा।
30	आरंभ का जीवन प्रीति से भरा जा रहा है। शुक्रवार सुबह 10 बजे उत्तर प्रदेश के शाहजहाँपुर के कारावार के निकट खिरनी बाग में मुरलीधर मूलमती दम्पत्ति के द्वितीय पुत्र के रूप में जन्मे।	शुरू से ही राज्य, श्रीरासीश पर सवार फिल्म कैम्पती में खंड में शुक्रवार को होता था कि महीने के दिन पूर्वाहकीपुर के एक पूर्वीग का दाव, उत्तर प्रदेश के शाहजहाँपुर में मुरली का मूल कारणों से दूसरे पुत्र का जन्म हुआ।
8	दिवंगत महारानी एलिजाबेथ के सम्मान में रविवार को भारत में एक दिन का शोक मनाया जाएगा।	दिन की एलिस की एलबंड से राजा के वेदी में से एक दिवसीय दूर समुद्र को रविवार को होगा।
1	प्रजापति	जो (दो)
4	मनीषी बुद्धि से मन को जानता है।	बुद्धि से मन ईषसता है।
1	मेरी ओर से	लीन हो गया।
4	अन्य पात्र छोटे ही हैं।	अन्य पात्र छोटे ही हैं।
10	दिल्ली की राज्यसभा में तीन, सिक्किम में भी एक राज्यसभा-सभा की बैठक में-चुनाव के लिए अधिसूचना जारी है.	दिल्ली के राज्यसभा की तीन, सिक्ख-राज्य की एक
7	तिल काले हैं, माष भी वैसे ही हैं।	तिलाएँ हैं वैसे ही माष भी हैं।
7	श्रीकृष्ण उसके वध की इच्छा करता हुआ उसकी राजधानी में गया।	श्रीकृष्ण जी उसका वध करने के लिए उनका राजस गया।
15	वरिष्ठ वर्ग का कामकाज-आदर्श-परियोजना-प्रतियोगिता में क्रमशः-ज्ञानभारती-लोग-विद्यालय:, :,आर्य-दुल्हन-इंटर-कॉलेज, श्री सिद्धबली-जनता-स्कूलों ने प्रथम, द्वितीय व तृतीय स्थान प्राप्त किया।	वरिष्ठ वर्ग का कार्यशील-आयु योजना- से जैसा बड़बड़ा-आदि भारत-कॉलेटर-कॉलेटर-कॉलेज-अयब-पब्बी-उब्बी-पब्बी-उब्बी-पब्बी है।
4	इस प्रकार चिन्ता करते हुए बड़े दूर से श्रीरामचन्द्रजी लौटने लगे। इधर उस मारीच का कहा हुआ शब्द सुनकर अत्यन्त भय और दुःख से व्याकुल हो सीताजी लक्ष्मण से इस प्रकार बोली"लक्ष्मण! तुम जल्दी जाओ तुम्हारे भाई असुरों से पीड़ित हैं ॥	यह चिन्ता अधिक है ऐसा दूर हो गया है ऐसा कहते हैं।
15	केंद्रीय मंत्री स्मृति ईरानी अश्विनी वैष्णव हरदीप सिंह-पुरी इस पांच दिवसीय कार्यक्रम में भारत का प्रतिनिधित्व करेंगे।	केंद्रीय मंत्री स्मृति ईरानी वह वैष्णवंद सिंह-बताया गया है कि वह इस कार्यक्रम में भारत की प्रतिनिधित्व करेंगे।
1	दो राम के	दो राम ने
6	राधवेन्द्र कपिलदेव की तरह क्रिकेट खेलता है।	राधिका (लदेव ) के समान खरीदता है।
14	अदालत ने चिकित्सालय द्वारा डिज़ाइन किया गया खोज पत्र कानूनी दृष्टि से दुष्ट माना है, यह भारतीय साक्षीून एस.के. सी. और एक अवहेलना है।	कोर्ट ने चिकित्सा महाविद्यालय को परिकल्पना ढीला, कोर्ट के साथ मानक, भारतीय संसद को बढ़ाने के लिए एहसना गया है।
6	वह वहीं बैठकर सब कुछ देखता है।	वह वहाँ ही बैठकर बैठकर देखता है ।
10	मधुमास चैत्र शुक्लपक्ष नवमी तिथि कर्क लग्न में, पुनर्वसु नक्षत्र में जिस समय पाँच ग्रह उच्च राशि पर स्थित थे, सूर्य मेष राशि पर विद्यमान थे, उस समय परमात्मा सनातन जगन्नाथ का आविर्भाव हुआ। उस समय आकाश दिव्य पुष्पों की वर्षा से पूर्ण हो गया ॥	मधु में सनेत्र में एक दूसरे पक्ष में शुभ, मैनेत्र (खरे हुए), थाल में कनाउथ और पत्तों से एक संबंधी चंद्र में इससे निकलता है।
4	सुचेता क्या गिनती है ?	सुचेता क्या गिनती है ?
3	तुम सेवो ।	तुम सब सेवा करो ।
5	आप किसके भाई हैं ?	आप किसका भाई है ?
3	वह अंधकार से डरता है ।	वह अंधे से डरती है
33	मिनी अंगनबाड़ी कार्यकर्ता 730, सहायक 5500, आशा कार्यकर्ता 500, एमडीएम कार्यकर्ता 4, शिक्षा प्रभाग के जल वाहक 000, पानी रक्षक 5300, जलशक्ति प्रभाग के बहुउद्देश्य कार्यकर्ता 000, परमात्मा के कार्यकर्ता 6300, पंचायत अधिकारी 8000, राजस्व अधिकारी (चौकीदार) 5800 और नम्बरदार 2,200 अंक को प्राप्त करेंगे।	मिनी आंगनबाड़ी कार्यकर्ताओं को
5	बिल्ली तो घर में होती ही है।	बिल्ली तो घर में होती है ही घर में होती है।
4	उसको मिठाई दी ।	उसको मिठाई दी ।
1	संतान	हानि
11	शिक्षा मंत्री विजय वाचक ने नियुक्त शिक्षकों के बारे में सदन के बाहर घोषणा की.	इस समय शिक्षा मंत्री विजय चौथे योजना ने शिक्षकों के बाहर सदन की बाहर घोषणा की।
1	लाकर।	आलिङ्गन कर दिया
12	ये मणि तो श्री सीता और राम के साकार मूर्तियाँ दिखाई नहीं देतीं, न उनका नाम ही है।	इनमें से किसी को न तो श्रीसी जी करना, इसके दोनों काम दिख रही हैं, नहीं ।
4	हे सरस्वती (वाणी) आप अपनी नवीन वीणा को बजाओ।	गुंधी नईनाम में कोश! वीरा को नईनाम देते हुए।
4	सुनार अनेक प्रकार के कान के झुमके दिखाता है।	सुनार अनेक प्रकार के कानूनी टोल को दिखाता है।
4	तब लोग प्रेरणा को वन्दन करते हैं।	तब लोग को उसकी माँगता है।
13	[द्रौपदीने कहा-] हे गोविन्द ! हे द्वारकाके रहनेवाले, हे गोपीवल्लभ श्रीकृष्णचन्द्र क्या आप मुझे कौरवोंके द्वारा अपमानित होती हुई नहीं जानते ? ॥	गोविन्द की आकांक्षा न रखने वाले कृष्ण को ही आनन्द नहीं जानती। ये न तो केवल अ नहीं जानते ? क्या नहीं जानती ? ॥
13	पूर्व कांग्रेस नेता राजेन्द्र रण ने कहा कि राज्य में हर जगह बिजली के खंभे, सेवा तारों, मीटर मात्रों का अभाव है।	पूर्व कांग्रेस विधायक राजेन्द्र रण ने कहा कि राज्य में सभी बिजली स्तर, सेवाओं, आकाश-मात्रों का अभाव है।
13	श्रीबाबा नीबकरौरीजी वेद विद्यालय के सभागार में यह कार्यक्रम सुबह 10:00 बजे से शाम 05:00 बजे तक आयोजित किया गया।	श्रीबाबा नीतिबकरौरी विद्यालय की दोवीं कक्षा सुबह 10 बजे से शाम 5 बजे तक आयोजित किया गया।
12	सभी पाण्डव वन के शमी पेड़ पर अपनेशस्त्रों को छिपाकर अपने वेष को बदलकर अधीपति विराट के प्रासाद में प्रवेश करते हैं।	सभी पाण्डवों के वृक्ष के मुख में अपनी सेना को निलंबित करके अपने शोध में प्रवेश करके इस, विराट को विराट के प्रासंग में प्रवेश करते हुए प्रवेश करते हैं।
5	दीपक के चारों ओर कीड़े हैं।	दीप के चारों ओर कीड़े हैं।
4	सुजाता ने बैंक में नौकरी पाई।	सुता ने वित्त में नौकरी पाई।
6	किशोर का बेटा विद्यालय से घर नहीं आता है।	बालक का बेटा विद्यालय से घर नहीं आता है।
8	अतः हे सुग्रीव! बन्दरों के साथ जल्दी से विमान चढ़ो।	इसलिये सुग्रीव! वानरराजों के साथ फेंक दिया।
15	उत्तर प्रदेश संस्कृत संस्थान-लेखन के माध्यम से संस्कृत भाषा की शिक्षा के कक्षाओं में जीवन के प्रत्येक क्षेत्र को छूती हुई देववाणी को शिक्षित करने के लिए हम प्रयासरत हैं।	दिसंबर में उत्तर प्रदेश संस्कृत संस्थान-लैनी माध्यम से संस्कृत के शिक्षण कक्षाओं में जीवन भर में, देव-कभी शिक्षित शिक्षा और शिक्षित हैं।
3	कौए ने लड़के के हाथ से रोटी लेली।	बायो ने लड़के को ऊपर से छीन लिया।
7	करता हुआ ही यहाँ कर्म, जीने की इच्छा करे सौ वर्ष	परन्तु इस प्रकार इस जीवात्मा को वनवास की रगड़ की भावना के अनुसार ही शलाती है।
4	नहीं, ये दोनों जोर से भौंकते हैं।	नहीं, ये ऊँचे चढ़े से भौंकते हैं।
1	अपरिवर्तनीय	तना
10	जो अपेक्षारहित, शुद्ध, दक्ष, उदासीन, व्यथारहित और सर्वकर्मों का संन्यास करने वाला मेरा भक्त है, वह मुझे प्रिय है।।	हे भारत ! पूर्व समय के शुभचारा (शाव) की तरह बे रहता है, जो सर्वगत (अभिमय) और वि:खी को आप मुझसे मेरी प्रिय हैं।।
4	शाम को वह कार्यालय बन्द करता है।	शाम को वह कार्यालय बन्द कर रहा है।
9	इस प्रकारमुक्त श्रीराम रथ पर चढ़कर और प्रणाम कर उस रथ पर चढ़ गया।	इस प्रकार से रथ पर चढ़कर और रथ को चढ़ गया।
15	जिस प्रकार सोने की परीक्षा चार प्रकार से की जाती है-उसे कसौटी पर घिसा जाता है, काटकर देखा जाता है, तपाया जाता है और कूटकर उसकी जांच की जाती है, उसी प्रकार मनुष्य कितना श्रेष्ठ है इसकी पहचान भी इन चार बातों से होती है। चाणक्य के अनुसार, इन चारों प्रकारों से की गई परीक्षा में स्वयं को सही सिद्ध करने वाला व्यक्ति ही 'खरा' है। उसकी सज्जनता, उसका चरित्र, उसके गुण और उसका आचार- व्यवहार उसके खरेपन की पुष्टि करते हैं।	जिस प्रकार घिसने, काटने, तपाने और पीटने इन चार प्रकारसे, स्वभाव अपने गुणों से, अन्त से और गुणों से होती है। तथा मेधावी होते हुए भी उनकी निंदा (बुराई) किये हुए चरण कमलों द्वारा होती है।
11	तख़्ता-भारत गावस्कर कप की मेजबानी कर रहा है-ऑस्ट्रेलियाई क्रिकेट क्रिकेट टूर्नामेंट भारत के नागपुर में शुरू हुआ।	बोतल-तीनचय सैंटर भारत-आपियियान ने भारत में नागपुर की खरीद पर भारत में नागपुर से शुरू किया।
6	उसने प्रधानमंत्री को अपना-अपना सन्देश भी दिया.	उन्होंने प्रधान मंत्री को अपनी-ओ संदेश भी दिया।
5	उपदेश के बिना प्रथम ज्ञान उत्पन्न हो गया।	उपदेश उपदेश के बिना, उत्पन्न हुआ।
12	नील कमलके समान श्याम स्निग्ध निर्मल उत्ताल तरङ्गोंका ताण्डव धारण करनेवाली कलिन्द पर्वतकी कन्या, माता देवि यमुने! हम तुम्हें प्रणाम करते तुम तुरीया भी हो, क्योंकि मुरदैत्यके शत्रु भगवान् कृष्णकी प्रियतमा हो और उनके बचपन तथा यौवनकी लीलाओंकी अधिष्ठात्री एवं अन्य पटरानियोंमें सबसे अधिक वन्दनीया हो	हे माघ ! मैं संकीहांकी शोभा ललाट-फूड़े, प्यासा, भूखा (नूट) को धारण किए, विरेचन हेलीविया, हे नन्दनन्दन! हे अरिन्दमसे मेरा प्रणाम करता हूँ, इस प्रकार जो ब्राह्मण, श्रीबाबागुरुजी, राध्राम नाम और प्रलयके समान आचरण करते हुए सर्वज्ञक श्रीमशापुके समान विशाल नेत्रवाले, हे सौंदो! तुम्हारे पापरूपी अमृतके समान कान्ति (मांस) की तरह है जो इनको प्रणाम करके, प्रलयकालतक समान श्याम,
6	जलों को वर्षा काल के चारों ओर से धाराओं के	(इसी प्रकार) अब क्या हुआ है और प्रलय से
1	ma ⁇ ro ⁇ r ⁇ staline	मोटा
1	शिर में	काटना
7	इसके अलावा, पांच अन्य ग्रीनहाउस पूरी संस्कार के लिए प्रयास कर रहे हैं।	इसके अलावा, अन्य ग्रीनहाउस और ग्रीनहाउस को पूरी तरह से चल रही हैं।
9	ओह , इसीलिए मैं भी ठण्ड अनुभव कर रहा हूँ ।	अरे , मैं ही मैं भी ठण्ड अनुभव कर रहा हूँ ।
6	जनवरी तक या अग्रिम आदेश तक जारी रहेगा।	जनवरी तक होता है-सी आदेश तक निरन्तर होगा।
3	दोनों ने जनेऊ बदला।	दोनों यज्ञोपवीत परिवर्तन किया गया।
6	आप स्कूल की छुट्टियों में कहाँ घूमना पसंद करते हैं?	आप विद्यालय से छुट्टियों में कहाँ घूमना पसंद करते हैं?
9	चन्दन – तो जल्दी ही पूजा करो और प्रसाद को दो	चन्दन – तो, जल्दी ही पूजा करो। प्रसाद को दो।
1	बिलाव	बिल्ली
3	एक निर्धन बोला	एक निर्धन बोला
8	 ⁇ .एस ने प्रेस लाइसेंस जारी किया और यह सूचना दी गई।	उनाप्र
4	इसके बाद तपस्या करता हुआ तपोदत्त प्रवेश करता है)	तब तपता है तपस्वी तप के तप को तप से तपा चलता है।
14	देश के नागरिकों को digital न्यायालय रिपोर्ट निःशुल्क है-यह तकनीकी रूप में न्यायालय के निर्णयों को फैलाएगी।	डिजीटल कोर्ट की रिपोर्ट रिपोर्ट के अनुसार, देश की नागरिकों को निःशुल्क निर्णयों का निर्णय जारी करेगा।
7	कार्यक्रम में भारत सरकार के शिक्षा मंत्री धर्मेन्द्र प्रधान मुख्य अतिथि के रूप में रहे।	कार्यक्रम में भारत सरकार के शिक्षा मंत्री धर्मेन्द्रप्रधान लू की अध्यक्षता में थीं।
1	तैयार	ठण्डा
3	कब चले थे ?	कब चला गया ?
5	हिमाचल में भी यह चरण निकलता है।	हिमाचल में भी यह चरण प्रता रहा है।
9	व्यक्तियों का दृढ़ संकल्प सब कार्य सिद्ध करने में सक्षम है। लोकतन्त्र में कुछ भी हो गया है.	व्यक्ति का दृढ़ संकल्प सब कुछ साधुओं को भी अपने में कराने का भी कहा। लोक की।
15	इसी क्रम में संस्कृत भारती पंजाब प्रांत के संयुक्त तत्वावधान में शिव मंदिर-शहरी-राज्य-चेहरा1इस जगह में24दिसंबर: 31दिसंबर तक चलने वाले गीता ज्ञान यज्ञ समारोह के तीसरे दिन डाॅश्रीमती ओमान	इसी क्रम में संस्कृत भारती के डॉक्टर के संयुक्त रूप से शिव मंदिर-अर्ब-अर्टेट-अटेट-इंतरम में 24 दिसंबर तक डॉ. मकान में डॉ. माह के तीसरे दिन हुआ।
9	हे राघव! उसी समय नर्मदा नाम का कोई गन्धर्वी भी था।	हे राघव! उसी समय हीर्मर्मदा नामक एकका थी।
4	किसान फसल की रक्षा के लिये प्रार्थना करते हैं।	किसान की रक्षा के लिये प्रार्थना करते हैं।
1	चाहती हूँ	चाहता हूँ
3	बच्ची को आम पसंद है।	बच्चे को आम पसंद है।
8	एक मिनट की भी देरी होती तो मैं निकल जाता ।	एक मिनट भी देर हो गया तो मैं गया।
6	शायद वह संस्कृत के विकास के लिये काम करेगा	कभी संस्कृत का विकास करने के लिये वह कार्य करे
10	हम जानते हैं कि आपका ब्रह्माजी की प्रार्थना पर भूमि का भार हरण करने के लिए ही अवतार हुआ है। आप साक्षात् श्रीहरि, श्रीजानकीजी लक्ष्मी, श्रीलक्ष्मणजी शेषजी का अंश और भरत शत्रुघ्न भगवान् के शंख और चक्र हैं; यह भी हम जानते हैं। अतः आप सर्वप्रथम यहाँ के ऋषियों के दुःख को दूर कीजिए ॥	हे ईश! मैं तो आनन्दमय हो, हे स्वामी! हे श्रीबाबागुरुजी! हे भाई लक्ष्मण ! में आपके इस अ। बारम्बार श्रीराम को कभी नमस्कार करता हूँ ॥
7	अध्ययन के नतीजे न्यूरो एपिडेमियोलॉजी पत्रिका में प्रकाशित हुए थे।	यह अध्ययन फल कम है एप्पिल ने कहा कि यह अध्ययन न्यूयॉर्क में एक आकड़ में प्रकाशित किया गया था।
5	एक बार हम लोग वैष्णोमन्दिर जायेंगे।	एक समय हम सब वैष्णो मन्दिर जाएंगे।
7	धृतराष्ट्र ने वीरों के वीरता को सुनने की इच्छा व्यक्त की।	धृतराष्ट्र वीणाये का वीरता सुनने की इच्छा प्रकट की इच्छा प्रकट ।
38	पिछले दो दिनों में पश्चिमी वेग की प्रतिघंटा 2030 किमी से 40 किमी तक थी, इसलिए राज्य में अधिकतम तापमान 2 से 4 डिग्री सेल्सियस तक कम कर दिया गया है 11 फरवरी को पटना सहित राज्य में पूर्व गति चल रही है, इससे अधिकतम तापमान 2 सेल्सियस तक बढ़ गया है।	पिछले दो दिनों में पश्चिमी वायु की गति प्रतिघन 20 से 30 किमी से 40 किमी तक थी, इसलिए राज्य में सबसे कम तापमान 2 से 4 डिग्री सेल्सियस तक कम किया गया है। इसलिए राज्य में तापमान तापमान 2 डिग्री सेल्सियस तक पहुंचकर 3 से 3 डिग्री सेल्सियस तक बढ़ रहा है।
1	राजा द्वारा	राजा ने
12	प्रकाशमान रश्मियों के समूह अथवा सूर्यदेव उदित हो रहे हैं ये मित्र, वरुण, अग्नि और सम्पूर्ण विश्व के प्रकाशक ज्योतिर्मय नेत्र हैं। सूर्यदेव ने उदित होकर द्युलोक, पृथ्वी और अन्तरिक्ष को अपने प्रकाश से सर्वतः परिपूर्ण कर दिया है यह सूर्य देव सम्पूर्ण स्थावर जंगम जगत के आत्मा रूप हैं।	हे लोगो! चित्रानियोंको चुरानेवाले, उत्तम भाई- अपने भाईयोंको वाले, सबके द्वारा कहे हुए आकाशके समान मुखवाले सूर्योके समान थी, आकाशस्थान, संसार-जौग, संसार और सूर्य आदि विविध विषयोंको मैं कब पा आपके शरीर को मन में ही लीन (दाना) हूँ।
7	हेतु, लक्षण ओर काल को समझने वाले तथा बल और शुद्ध एव अशुद्ध रक्त के वर्ण की पहिचान करने वाले वैद्य को चाहिये कि रक्तस्राव की उपेक्षा उस समय तक करता रहे जब तक कि भयानक रूप धारण न करले, अथवा काई घातक रूप पैदा न करे ॥	हे कैगव (क और शुभ तथा मेडजाना) की बात ही है, क्योंकि काल के समय आप इस रूप को प्राप्त होते हैं जो (इसी प्रकार) समय के विषय में ही समय की स्थिति को स्वीकार करे।
1	उल्लू	उलटी
6	यह विधेयक पूर्व चुनाव आयोग के पास होगा-विधेयक के पद पर बनेगा।	यह विधेयक पहले चुनाव आयोग-विधेयक के स्थान पर खड़े होंगे।
1	जम्हाई लेना	जंजीती है
4	जब वह चुटकुला बोलता है	जब वह चुटकुला बोलता है
4	पाँच लड़कियाँ है।	पाँच लड़कियाँ हैं।
1	नाम से जाना जा सकता है	विचार करना
17	इस भारत विकसित भारत करने का लक्ष्य देश के सफल प्रधानमंत्री नरेंद्र मोदी ने लिया है, देश उस दिशा में अग्रणी है।	इस भारत को विकसित करने के लिए भारत को सफल करने के लिए प्रधानमंत्री नरेंद्र मोदी और देश को आगे बढ़ाया जाता है।
3	''लक्ष्य लक्षण पर व्याकरण है यह भाष्यकार है।	''लहलक्षण में व्याकरण का यह भाष्यकार है।
1	समाप्ति का	कुल
3	उन्होंने भयंकर कष्टों को सहन किया।	वे डरे हुए असले को असह से बनाये हुए असग से के समान बनाये ॥
5	आज मैंने अँगूर खाना चाहा।	आज मैंने अँगूर खाना चाहा।
9	सुप्रीम कोर्ट द्वारा जारी मानवाधिकार पत्र पर अवैध धनों को नियंत्रित करने के लिए एकमात्र कानून नहीं होता है।	शीर्षक ने कहा कि इस मामले को कई पत्रों का अवैध करने का एकमात्र प्रयास नहीं करना चाहिए।
3	यह अत्यन्त जल्दी लिखता हैं।	यह जल्दी ही लिखता है।
5	वैद्य रोगी के लिए दवाई देता है।	वैद्य रोगी को जनेज के लिए औषधि देता है।
5	क्या आप पात्र में पानी भर देंगे?	क्या तुम एक रूप से जल भरोगे ?
6	अतः व्यवसाय में बहुत लाभ नहीं है।	इसलिए मुझे खूबसूरत नहीं है।
14	अट्ठाईस राज्य के आठ केंद्र शासित क्षेत्रों में स्थित इन रेलवे स्टेशनों का पुनर्विकास काम लगभग बीस हजार से अधिक रुपये का खर्च किया जाता है।	अट्ठाईस राज्यों के आठ द्वारा ठश गई प्रदेशों में स्थित इन रेल स्टेशनों के पुनर्विकास के दौरान हजार करोड़ रुपये से अधिक की का सामना किया जा रहा है।
3	यह महिला है।	ये महिला ।
11	उन्होंने कहा कि राज्य सरकार जल्द ही हाड़ी समुदाय के लिए अनुसूचित जाति पदवी प्रदान करने में प्रतिबद्ध है।	उन्होंने कहा कि राज्य सरकार जल्द ही हाड़ी समुदाय को अनुसूचित जाति पद देने के लिए प्रतिबद्ध है।
1	देवताओं द्वारा स्थापित	देवताओं द्वारा स्थापित।
4	प्रतिदिन पढ़ेंगे क्या ?	प्रतिदिन पढ़ने योग्य क्या ?
1	महल	जोरों
4	कच्ची केरी में हींगहीं डाली जाती है।	कच्ची केरी में हींग डाली जाती है।
4	हाँ, आज की जिज्ञासा परायें।	हाँ, आज की जिज्ञासा कैसी की इच्छा दीजिए।
3	वह वाशिंग मशीन चलाती है।	वह वाशिंग मशीन चलाती है।
10	गोशाला में सोलन जिले के पट्टा और कांगड़ा जिले के पालमपुर में अनुमोदन किया गया था।	सेमिनार जिले के पन पर और कांगड़ा जिले के पालमपुर में मेंकारक कार्यालयों में भी को ने मंजूरी दी है।
1	खरीदना	खरीदना
10	लेकिन अभी तक ड्रैड्डी-निर्माताओं को इस विषय पर आधिकारिक वक्तव्य नहीं मिला।	लेकिन अब तक डड्डी-कें इस विषय पर डॉक्टर नहीं मिली।
16	उद्घाटन समारोह वाग्देवी सरस्वती की पूजा और दीप प्रज्ज्वलन के साथ शुरू हुआ। दीप प्रज्वलन के दौरान डाॅअंकितासांडिलियेन, सरस्वती वंदना एवं संचालन अनुरुद्ध त्रिपाठी ने किया।	उद्घाटन समारोह के उद्घाटन वाग्देवी सरस्वती की पूजा और दीप प्रज्ज्वलन के साथ दीप प्रज्ज्वलन के दौरान दीप प्रज्ज्वलन के साथ वैदिक सं। सरस्वती.एसकोयना ने सरस्वती पाठ से पढ़ाया।
4	हमें संस्कृत में बोलना चाहिये।	हमें संस्कृत में बोलना चाहिये।
1	हर आत्मा में	भारत को
4	विष क्या है? गुरुओं की अवहेलना।	क्या विषय है? अवधी-टूंथना ही गुरु है।
11	उन्होंने कहा कि इन आवेदकों ने इस महत्वाकांक्षी योजना में रुचि दिखाई दी है।	उन्होंने कहा कि इन इस महंक इस महत्वाकांक्षी योजना में रुचि दिखाई दी गई है।
5	जहाँ परिश्रम हैं, वहाँ असफलता कहाँ?	जहाँ परिश्रम, वहाँ कहाँ होती है?
8	क्षमा करियेगा , मैं वो काम भूल गया / भूल गई।	क्षमा करियेगा , मैं वो काम भूल गया।
7	ओह , सच में नहीं जानता था	ओह , सच में नहीं जानता था
5	वह शास्त्र का सब ज्ञान जानता है।	वह शास्त्र का सब ज्ञान जानते हैं
7	वे निशाचर वहाँ खड़े रहते हैं, वे हमें सबको प्रभावित करते हैं।	वे सभी होते हैं वे सभी निशाचर हमें हमारी प्रलय का ज्ञान करते हैं।
18	9 घंटे 44 मिनट की कार सेवा-यह समय था। सुबह के 9 बजकर 10 मिनट हो रहे थे जब मनीराम कैंप के गेट खुले!	9 घरेलू 44 मिनट तक पहुंच गया- समय से 9 बजे तकलीफ हो रही है तब मणिराम शिविर की द्वारका द्वार का द्वारला है।
1	बात	असीमित
9	दूसरा विकल्प नहीं देखकर दीवान गौ पालक को न्यायालय ले गए।	अन्य विकल्प को न देखकर दीवान ने गोपाल को ले लिया।
7	आपका भार बहुत अधिक है।	आपका भार बहुत अधिक है।
8	इसीलिए लघुता विचार करके अधुशब्द की अपेक्षा से साधुशब्द अकेला ही योग्य है।	इसलिए छोटे-छुशब्द की असाधुशब्दों की योग्यता के योग्य ही योग्य है।
14	प्रधानमंत्री नरेंद्र मोदी आज महाराष्ट्र साढ़े तीस- करोड़ से अधिक विकासों का उद्घाटन और शिलान्यास करेंगे।	प्रधानमंत्री नरेंद्र मोदी आज शाम साष्ट चाहिए-यह करोड़ से अधिक से अधिक से अधिक परियोजनाओं का उद्घाटन करेंगे।
6	अब मैं भी अपनाकाम स्वयं ही करूँगा ।”	मैं भी अपने काम अपने आप की कामना करना चाहता हूँ।’
1	गरजते हैं	गरज से
6	आठवें दिन फल को हिमाचल प्रदेश से जाना जा सकता है।	आठवें दिन हिमाचल प्रदेश के साथ फल जाना जा सकता है।
1	उदार	दया
3	वह पेंसिल तीखी कर रही है।	वह पिसू छीनती है।
9	मैं आपकी माया से मोहित होकर पति पुत्र, धन आदि के लोभ में संसार सागर में मग्न थी, आज सौभाग्यवश आपके चरण कमलों के समीप आयी हूँ ॥	इस समय विराध के शरीर में मग्न होकर वे स्वयं की राजाने की इच्छा से जो मुझे आ रहा है वह मेरे चरणों में मग्न होकर मैं अत्यन्त दुखी हो रहा हूँ ॥
1	ग्रस्त होता है।	मिलता हुआ।
1	प्रयोजन युक्त	अर्थपूर्ण
4	दो पहर एक बजे भोजन।	दोपहर में एक बजे भोजन।
14	केंद्रीय मंत्री किरेन रिजीजु ने कहा कि यह वित्त-विकल्पना-पत्र भारत के आगे ले जाने के लिए एक आदर्श माध्यम है।	केंद्रीय मंत्री कि बल में
7	पुण्य कर्म में जो रत हैं वे पुण्य फल ही पाएँगे।	पुण्यकर्म में जो रत हैं वे पुण्य फल ही पाएँगे।
11	उसे बैल का चित्र दीजिए। गणेश! तुझे बालिका का चित्र आचार्या ने दिया क्या ?	उसे एक वर्षा का चित्र दें। 2 माह चित्रण को आचार्य बालिका दी गई है क्या ?
1	रुई	तशूल
3	ईश्वर सुखी लोगों को हंसाएगा।	ईश्वर सुख की इच्छा रखने वाले काखले को ललाका जाएगा।
20	नेचर इम्यूनोलॉजी जर्नल में प्रकाशित एक अध्ययन से पता चलता है कि वायरस, SA ⁇ S ⁇ , परमाणु हस्तक्षेप के बाद 18 महीने तक मानव श्वसन पथ में रहता है।	आण रात से 18 महीने तक सारस का उनाव नाम से जाना गया है। ने इसवाला मनुष्य की मृत्यु के बाद एफलेटफॉर्म में अनुसरण किया है।
6	कहा जाता है कि कल नामांकन में प्रवेश किया जाएगा।	कल नामांकन प्रवेश किया जाएगा यह कहा जाता है।
7	राजा का अपना हित प्रिय नहीं होता है। प्रजाओं का हित ही तो उसे प्रिय होता है।	राजा, प्रियतम राजा, राजा से मुझे प्रिय आत्मा, राजा से प्रिय को निचाने की शक्तिशाली राजा है।
8	उस समय मैं उसके सामने बहुत दुःखी था।	उस पुरूष में ही मैंने दुखी होकर बोला मैं बोला।
4	अधिक भोजन का यही फल है ।	अधिक भोजन का पतन हुआ ।
12	कई लोग और सदस्य पूजा, लोग शाम को पूजा में उपस्थित होते हैं।	बहुत से लोग सदस्य और सम्मान, लोग शाम को पूजा में उपस्थित होते हैं।
3	कार्यालय के पात्र धोता है।	कार्यालय की बर्तन धोता है।
3	और सब एक दिल वाले हैं ।	सभी एकचेत
3	भूतकाल में वाक्य लिखिये	भूत काल में वाक्य लिखो
3	तब पथिक ने उन्हें गिना।	रास्ते को उन अगणों को गाने का कार्य किया।
2	तुम्हारी अभिलाषा	इच्छा
8	उसी दिन चन्द्रयान ने चंद्र पृष्ठ पर एक सफल उतरान किया।	उसी दिन चन्द्रयान ने चंद्रमा पर किया।
3	तुम जाते हो क्या?	तुम जाते हो क्या?
1	सींचना	छिड़कता है।
4	हमारे स्वतन्त्रता दिवस का समारोह होगा।	हमारा आज दिवस समारोह का समारोह होगा।
3	झूला बाग़ में है।	झूला की ये झुकती हैं।
4	मैं पक्षियों को दाना देता हूँ।	मैं पक्षीों को दाना देता हूँ।
4	वह परिवार जनों के साथ जा रहा है।	वह परिवार जनों के साथ जाता है।
4	खाने योग्य सारी वस्तुएँ आज अशुद्ध (विषैली) वस्तुओं से मिलावटी हो गई हैं। तथा सारी धरती मैली (अशुद्ध) हो चुकी है।	समानता से रहित व्यक्ति का सुझाव दिया वह धिक्कार है ।
8	उसके सींग रत्नमय, खुर मणिमय और नेत्र नील रत्नमय थे। इस प्रकार बिजली की छटा और मनोहर मुखवाला वह मृग श्रीरामचन्द्रजी के आश्रम के पास सीताजी के सामने वन में विचरण करने लगा ॥	आज अपने शरीर के कान्ति को ही राक्षस के समान है। बिजली के घबराए हुए बिजली का भस्म हुआ तथा बिजली के समान विशाल वन में मे बलपूर्वक डूबती है। इस प्रकार जो वन में रहते हैं, वन के भीतर विचरते हैं।
7	पति – तुम चलो , मैं आता हूँ।	पति – तुम जाओ , मैं आ रहा हूँ।
6	वे सब खेलने के लिए मैदान में गए ।	वे सभी खिलले लिये लिये गए थे।
5	मुझसे अन्न लेकर उसे दे।	मेरे अन्न लेकर दो।
5	उत्तम लड़की से धन लेता हूँ।	उत्तम लड़की का धन लीन लेता हूँ।
6	और अपने परिवार का सम्मान अवश्य बढ़ेंगे।	अपने परिवार के सम्मान और अवश्य ही बढ़ेंगे।
8	1 अप्रैल से नवंबर 19 तक नए मार्गों की कामना शुरू हो गई है.	अप्रैल से नौ तारीख तक नई से नए मार्गों का काम शुरू हो गया है।
11	इस्लामी पुरुषों का बहुविवाह, निकाह, सुप्रीम कोर्ट ने हलाल की नैतिकता की जांच के लिए एक नई पीठ बनाने का फैसला किया है।	अबीय पुरुषार्थों का बहुपन, करके  ⁇ -19 जैसे नीति का नीति उनके प्रतिस्थापन को एक नया पीठ का फैसला किया गया है।
9	समिति के अध्यक्ष राजेन्द्र रण हिमाचली नायक को धारण करके उसका सम्मान किया।	समिति के अध्यक्ष राजेन्द्ररा को हिमाचल प्रदेश कीटोपनाग को उसका सम्मान किया।
9	तो इन शब्दों के ज्ञान से धर्म होता है या प्रयोग से ?	तो इन शब्दों के ज्ञान से धर्म होता है क्या ?
3	ऊपर की ओर साँस छोड़कर	ऊपर की ओर ।
5	खेलते हुए बालक मुझे अच्छे लगते हैं ।	खिलौना बच्चे मुझे पसंद है
11	अध्यक्ष भाषण में प्राचार्य महोदयों ने भारतीयों के प्रति सनतनीय परंपरा के विषय में एवं लोकसंस्कृतियों के छात्रों के परिचय कराया।	अध्यक्ष ने बात पर अन्य महानोदकों के बारे में इस लोक में विद्यार्थियों का परिचय दिया। लोक संस्कृत संस्कृत शिक्षकों का परिचय एवं छात्रों का परिचय दिया।
14	एक समानांतर सुरंग के ड्रिलिंग ऑपरेशन में''ओगर''छेदने की जो मशीन बुलाई गई थी वह बिना किसी प्रवर्तन के थी। राष्ट्रीय आपदा निवारण बल ने सड़क पर गतिरोध को दूर करने के प्रयास शुरू किए हैं।	सम्राट''नाम की वेधना में''ओगर्दी''नामक वेधशाला को समाप्त करने के लिए वे राष्ट्रीय मणेन द्वारा बताने के लिए पुकारने के लिए प्रयास शुरू किया गया।
22	वित्त- मंत्रालय ने एक वक्तव्य में प्रतिपादित किया है कि इन संधियों के वितरण के तीसरे चरण में स्टेट बैंक चुनाव संधि-पत्र प्रसारण स्थल-वितरित करने के लिए अधिकृत नियुक्त किया गया।	वित्त मंत्रालय ने एक बोलने में प्रतिपादित किया है कि इन दोनों को विक्रयें हैं- चरण में स्टेट-पत्र में स्टाई-पत्र के लिए अधिक नियुक्त किया गया है।
22	सर्वेक्षण के अनुसार ग्रामीण और शहरी क्षेत्रों में लगभग दोगुना वृद्धि हुई है। नीति के मुख्य कार्य करने वाली अधिकारी ने कहा कि सर्वेक्षण के नतीजे के अनुसार शहरी क्षेत्रों की अपेक्षा ग्रामीण। क्षेत्रों में उपभोग तेजी से बढ़ रहा है।	सर्वेक्षण के अनुसार ग्रामीण क्षेत्रों में उपचारा मानने वाले लगभग दो हजार साल पहले वृद्धि हुई थी, जो सर्वेक्षण के मुख्य कार्यकारी अधिकारियों ने कहा कि सर्वेक्षण के निकालने के बाद, सर्वेक्षण से बचने के लिए ग्रामीण क्षेत्रों में उपचुनाव की घोषणा हुई है।
10	सूचनाप्रसारण मंत्री अनुराग सिंह ठाकुर ने भी आज सशस्त्र सेना के ध्वज दिवस के अवसर पर सभी को नमस्कार किया।	सूचना प्रसारण मंत्री अनुराग सिंह ठाकुर ने भी आज सशस्त्र सेना को ध्वज झुकना के अवसर पर सभी को नमस्कार किया।
2	शान्त होइए	शान्त होओ
9	हरिद्वार''उन्होंने निर्देश दिया कि उन्हें समर्थन पाने का प्रयास करना चाहिए।	हरिद्वार" को समर्थन देकर उन्हें प्रयत्न करना चाहिए और निर्देशिका का निर्देश दिया।
6	इस संबंध में भारत केरिजर्व बैंक की अनुमति ली गई है।	इसके लिए भारत की मुख्य कैंसर की अनुमति ली गई है
27	आयुष्मान भारत-प्रधानमंत्री जन-स्वास्थ्य-योजन के तहत राज्य में उत्तम स्वास्थ्य सुविधाएं प्रदान करने के लिए राज्यपाल शिव प्रताप शुक्ल ने शुक्रवार को ऐतिहासिकरिजाल में आयोजित को गणतंत्र दिवस समारोह में इन्दिरागांधी का उद्घाटन किया-आयुुर्विद्या महाविद्यालय के वरिष्ठ चिकित्सितक्षक डॉ. राहुल रण ने प्रशंसा पत्र देकर प्रशंसित किया।	आयु नई भारत-प्रधानमंत्री जन-आरोग्य- योजना के तहत राज्य में उत्तम स्वास्थ्य सुविधाएं प्रदान करने के लिए राज्यपाल शिव प्रताप शुक्ल ने शुक्रवार को ऐतिहासिक दिवस के समारोह में आयोजित किया।-अयुर् मंत्री जन-आयु को जन-जन रेशमी-आरोगी समझाने वाले डॉ. राहुल रंजनस ने पुराना अपने आप को किया।
4	प्रतीक – जरूर कहूँगा।	प्रतीक – अवश्य बोलोगे।
7	अयमावासीय प्रबोधनवर्ग जनवरी से जनवरी तक चला।	यह सच है कि जनवरी के तथाबोध वर्गों से जनवरी तक आयोजित किया गया।
6	तो हम एक छोटा नाटक करते हैं।	तो हम एक छोटी छोटी छोटी करते हैं ।
6	हारे हुए मुसलमान लोग ब भी उपद्रव शर्थात् धूम धाम नहीं छोड़ते।	पगाजिता भी यवना आज भी उनके पीछे चल पड़े नहीं छोड़ते हैं।
6	जिसके तहत राज्य सरकार अनाथ बच्चों को सभी खर्च करती है।	जिसके तहत राज्य सरकार अनाथ बच्चों की सर्वव्यंगों का ही उठाती है।
4	बेल के पेड़ से सारे पत्ते गिर गए हैं ।	बेलियों से बाहर हो गए हैं।
8	वह बोली – पुत्र ! पानी ठंडा है।	वह बोली – सूअर ! पानी ठंडा है।
13	इस सेमिनार के साथ छात्रों के बीच, शोध छात्रों में, प्रतिभागियों को भारतीय शिक्षा प्रणाली और नई शिक्षा नीतियों पर विशेष ज्ञान भी प्राप्त होगा	इस सेमिनार में, शोध छात्र, शोध छात्र और अन्य भारतीय शिक्षा नीतियों में, नई शिक्षा नीतियों में, विशेष ज्ञान की
9	वहाँ निज रामदास की सहायता से उस महापुरुष शंकरदेव का परिचय हुआ।	वहाँ अपनी रामदास की सहायता से उनके महापुरुष-श कोदेव-शीनदेव के साथ परिचय हुआ।
6	नहीं. आज स्नानघर में नहीं गाऊँगा।	नहीं आज नहाने में नहीं गाऊँगा।
6	वाट्सएप में तो संस्कृत पाठन बहुत अच्छे से चलता है	कुछ-सं प्रयोगशाला में तो संस्कृत पाठ बहुत अच्छी चल रहा है।
21	छात्र उन शिक्षा शिक्षकों से शिक्षण प्राप्त करते हैं, उन्हें अग्रिम काल में वाणी की भावना से अपना जीवन बिताते हैं, देश के विकास के लिए, स्वयं की उन्नति के लिए और कार्य के लिए, जैसे शिक्षा की आवश्यकता होती है।	छात्रों के लिए शिक्षा के शिक्षण को समझाने के लिए उन्होंने अगले समय में, अपने जीवन के रूप में अपने जीवन को माँगा, देश की विकास के लिए, और अपना विचार प्रस्तुत करना चाहिए।
6	घटना के बाद शिक्षक घर से भाग गया है।	घटना के बाद शिक्षक घर से भाग गए हैं।
5	हम समाज को क्या देते हैं ?	हम समाज को क्या देते हैं ?
1	चट्टान	बहुत बडा।
11	यदि हम हिमाचल में शुरू करते हैं तो बाहर राज्यों को भी अच्छा सन्देश भेजना चाहिये।	यदि हम हिमाचल में शुरू होते हैं तो बाहर राज्य में भी उत्तम संदेश भेजेंगे।
5	फिर भी सामा बहुत गुणवती है ।	फिर भी सामा बहुत गुणवती है ।
15	जयश्रीराम के घोषणों से आकाश काँप गया।''रामलल्ला हम हैं, मन्दिर यहीं बनाये जाते हैं''यह जयघोष था।	जयश्रीराम का घोषणा करना आकाश में काँप रहा है।''रामलल्लास ।, मंदिर से व्याकुल हुए जयकारु नामक जयपी थे।
10	आप केवल खाते हैं, न पढ़ते हैं न कोई कार्य करते हैं ?	आप केवल खाता है, नहीं पढ़ता है या नहीं?
5	विद्यालय के प्रार्थना सत्र में वह संस्कृत गीत गाती है।	विद्यालय के प्रार्थना सत्र में वह संस्कृत गीत गाती है।
9	उसी क्रम में और बीच में स्नातक पद और स्नातकोत्तर उपाधि प्राप्त हुए।	उसी प्रकार क्रमश वैसा आदि स्नान करके द्वारा की गई।
4	किस राग की वेला है।	किसी का जी समय का समय है।
3	कागजातों को फाइल में संगृहीत करता है।	पत्तों की कड़ में ग्रस्त कर देता है।
3	विविध व्यंजन मिलते हैं।	विविध व्यं से लटक रहे हैं।
14	भारत- इंग्लैंड के बीच खेले गए टेस्ट क्रिकेट टूर्नामेंट के पहले मैच में भारतीय गेंदबाजों का प्रदर्शन अच्छा रहा।	भारत- इंग्लैंड के बीच खेले गए टेस्ट क्रिकेट टूर्नामेंट के पहले मैच में भारतीय जीत हासिल की गई.
4	आधी रात एक बजे जागूँगा।	आधी रात एक बजे जागूँगा।
8	वह कहती है - तुम सबके दोनों चरण संगीत के अनुसार रखो।	वह बोलती है - यूक्रेन ने दो चरण के अनुसार रखी हैं।
1	प्रकाशना	प्रकाशना
17	बौद्धिक सत्र में बोलने के रूप में उपस्थित हाटा प्रतापपुर जिले के श्रीकृष्ण-इंतर-महाविद्यालय के प्रिंसिपल डॉ. उमानाथ तिवारी ने कहा कि संस्कृत भाषा के विशेषता का व्याख्यान करते हुए संस्कृत भाषा संस्कारित हो रही है।	बौद्धिक सत्र में भाषण के रूप में उपस्थित होने वाले हाट्रल जिले के श्रीकृष्ण-इंटर पर डॉ. उजड़े की विशेष व्याख्याें व्याख्याय ने कहा, "यह संस्कृत के शिक्षण की व्याख्याें प्रदान की जाती हैं।
8	पिछले एक वर्ष सरकार ने तीन प्रतिज्ञा पूरी कर ली हैं।	पिछले एक वर्ष सरकार द्वारा तीन प्रतिज्ञा पूरी कर दी गई हैं।
5	उसे देखकर सभी प्रसन्न होते हैं।	उसे देखकर सभी खुश होते हैं
15	इस प्रकार विलाप कर के भयभीत होकर श्रीरामचन्द्रजी बोले हे प्रभो! आपकी कृपा से इस श्मशान के आने हुए का कृत्य करना चाहता हूँ।	इस प्रकार सोचकर डरते हुए डर श्रीराम को श्रीराम के वचन को सुनकर श्रीरामचन्द्रजी बोले आपके द्वारा इस दर्शकों को प्राप्त करने का चाहता हूँ।
1	अनेक प्रकार की	अनेक प्रकार से
8	रावेल और रेंटिला गांवों के क्षेत्रों में आसमान से गोल चट्टानें गिरीं।	रावल् रती रटों के गाँवों में क्षेत्र के प्रदेशों में गोलों को आकाश में उड़ गया।
1	मुसीबत	दर्जी
22	फिलिस्तीनी स्वास्थ्य मंत्रालय ने कहा कि बुधवार तक गाजा में लगभग 11,000 लोग मारे गए थे। इनमें 4,324 बच्चे शामिल हैं। विश्व स्वास्थ्य संगठन की रिपोर्ट है कि वहां हर दिन औसतन 160 बच्चे मरते हैं।	श्री मोदी ने अब तक गास बालक देश में उप-सैंकों को कम करने के लिए पालकों को मारा, इनमें से 2324 बच्चेच देने के लिए दुनिया भर के 1,30 तक के हुए दुनिया भर के अब तक हर की संख्या उनके लिए मौत हो गई है।
6	मेरे घर में एक ग्रन्थ है।	मेरे घर एक ग्रन्थ है
3	उससे अण्डे नष्ट हो गए।	उससे आगवानी था।
7	हालांकि तीन साल के समय का आवंटन बढ़ाकर किया गया।	हालाँकि, त्रैची जी ने समय को बढ़ाने का फैसला किया है।
8	इस संबंध में मंगलवार को झारमा जरीिस्तान में घटनास्थल से आवश्यक साक्ष्य एकत्र किया गया।	इस संबंध में, झारमा में मंगलवार को हुए घटना के से आवश्यक घटनाओं को हासिल करने की कोशिश की गई।
3	पासवर्ड मत भूलिये।	पासवर्ड मत भूलियेगा।
36	इस अवसर पर मुख्यमंत्री श्री पुष्कर सिंह धामी ने देवभूम उत्तराखंड की समस्त जनता की ओर से प्रधानमंत्री श्री नरेन्द्र मोदी का स्वागत किया और कहा कि समय-समय पर भारत में कई महान हस्तियों ने ताज की सुंदरता को बढ़ाने में अपना योगदान दिया है।	इस अवसर पर मुख्यमंत्री श्री मोदी ने कहा, भारत के श्री मोदी को उत्तराखंड से पूरे प्रदेश में श्री नरेंद्र मोदी का स्वागत किया गया है कि समय-समय में भारत ने कई महापुरुषों को मुसलमान का योगदान दिया है।
10	लेकिन इसी समय भवननिर्माण मंत्री, मुख्यमंत्री अखिलेश कुमार और निकट सहायक को स्वीकार किया गया था।	लेकिन इस समय भवनों के निर्माण मंत्री, मुख्यमंत्री अखिलेश कुमार और उसके सहायक बने थे।
5	शर्मा सङ्गनेर विधानसभासन से विधायक हैं।	शर्मा में समान विधानसभा क्षेत्र से विधायक है।
3	लोगों को प्रवृत्त करने के लिए अच्छा समय है।	व्यक्ति के द्वारा अपने जल्दी से आऊँगा ।
13	उन्होंने स्वास्थ्य विभाग को निर्देश दिया कि चिकित्सकों के कार्यों को सुव्यवस्थित बनाने के लिए अधिकारियों के विवरणों को डिजीटल किया जाना चाहिए।	उन्होंने स्वास्थ्य विभाग को निर्देश दिया कि चिकित्सा विभागों के कार्य से निर्देशित अधिकारियों को के विवरणों का गठन करना चाहिए।
7	इन सुगंधित पदार्थों को छोड़कर देवता का पूजन कभी नहीं होता।	इन सुगन्धों को छोड़ नहीं चाहता और तो देवता यदि बहुत ही है तब देवता नहीं सुनती ।
3	शोभना ने आलस छोड़ दिया।	अच्छा आलस छोड़ दिया।
8	तब उस मारे हुए मृग को लेकर जाते हुए शिकारी ने भयंकर सुअर देखा ।	तब व्यायाम से शिकार हो और मृग को मारने के लिए जा रहा था।
18	इस कार्यक्रम में, जो इस महीने की नववीं तारीख से पंद्रह तारीख तक आयोजित किया जाएगा, विभिन्न विषयों पर आधारित प्रदर्शनियां भी संग्रह की जाएगी और वरीवरीयता दी जाने के अर्थ में कला और वास्तुकला का प्रोत्साहित किया जाएगा।	इस महीने की नई दिल्ली से पंद्रह तारीख तक चला।-वह इस महीने में विभिन्न विषयों पर आधारित प्रदर्शन भी किया जाएगा। यहाँ के छात्रों ने भी उनके अर्थव्यवस्था के अर्थव्यवस्था और पिता के रूप में कला का उपाय दिया है।
8	इस प्रकार परिणामस्वरूप हिन्दू समुदाय खण्डशः विभाजित हो गया।	गली से परिणाम समूहों को हिन्दू समुदाय को विभाजन घड़ा हुआ।
5	सुमधुर स्वर में उसने गाने गाए।	सु भी मधुर स्वर में उसने गीत गाए।
3	मैं भूमि पर गिर गया।	मैं भूमि पर गिर गया।
6	आप फोन कर लें ऐसा कही थीं।	आपने फोन किया है यह कहा ।
6	तुम्हारे घर किसका वृक्ष है ?	तुम्हारे घर किसका पेड़ है ?
11	मनुष्य को अत्यन्त सरल और सीधा भी नहीं होना चाहिए। वन में जाकर देखो, सीधे वृक्ष काट दिए जाते हैं और टेढ़े-मेढ़े गांठों वाले वृक्ष खड़े रहते हैं।	इस संसार में व्यक्ति को सरलता से ज्ञान प्राप्त करते हैं। वन में ही वन में रहते हैं, नहीं तो वह कुत्ता ही है जो कि वन में रहते हैं और उसके चरणों में उत्तम फोड़ते हैं।
11	इस वर्ष नवम्बर महीने में भारत के विनिर्माण क्षेत्र में कम मूल्य वाला बाजार, कठोर शब्दों से यह लगातार एक अच्छा प्रदर्शन हुआ।	इस वर्ष नईम्बर महीने में भारत के विचारा क्षेत्र की कमी के संबंध में अवद गाव रहा है, कठोर प्रदर्शन लगातार किया गया है।
21	समारोह में मुख्यमंत्री योगी पाण्डे लखनऊ में रहे आवास पर तिरंगा झंडा फहराया गया. ऑडिशा के भुवनेश्वर शहर में महात्मा गांधी की सड़क पर आज सुबह राज्यपाल रघुबरदास ने राष्ट्रीय ध्वज फहराया.	समारोह में मुख्यमंत्री योगी अखिलेश लखनऊ लखनऊ में स्थित आवाज़ में आवाज़ में तिरंगा झंडा फहराया गया ओडिशा के लहराते हुए भंडार- से आज सुबह राज्यपाल ने राष्ट्रीय ध्वज फहराया।
5	सर्प (कुटिलपुरुष) मार्ग में टेढ़ा-मेढ़ा चलता है।	ही सब मार्ग से विलीनता है ।
2	मैं दूँगा।	मैं दूँगी
4	वह बुद्धिमान् ( इन्टेलीजेंट ) है ।	वह मेधावी है
6	जो लोग ब्रह्मा जी के एक दिन की अवधि जानते हैं जो कि सहस्र वर्ष की है तथा एक सहस्र वर्ष की अवधि की एक रात्रि को जानते हैं वे दिन और रात्रि को जानने वाले पुरुष हैं।।	हजारों लोग एक पूर्वी के सब प्रकार से शिकार करने वाले को आपस में जाने वाले लोगों की एक हजारों सूर्यों को प्राप्त होते हैं
5	उनका सात्विक स्वभाव सबको पसंद आता है।	उनकी सात्विक स्वभाव सबको पसंद है।
12	विधानसभा अध्यक्ष ऋतुखण्डूरी भूषण तिवारी ने कहा कि यू.एस.सी.बिल पेश करते समय चर्च को काफी समय के लिए हिमसंस्कृत समाचार का प्रचार किया जा रहा है।	विधानसभा अध्यक्ष ऋतु खंडूरी ने कहा कि यू.सी. द्वारा बात करने के लिए पर्याप्त है हिमसंस्कृतवार्ता का समाचार है।
7	माता पिता भी इसके पालन की आवश्यकता है।	माता पिता भी इस पालक को बढ़ाने की आवश्यकता है।
8	यहाँ नासिक स्थल की परम्परा-विधि का अद्भुत संयोजन दरीद्रवी ने देखा।	यहाँ नाक थाली के परंपरा को छूटने की के समान वह।
16	न्यायाधीश की न्यायाधीशीय पीठ ने सञ्जीवखन्नावर्य और दीपांकर दत्तावर्य को प्रतिपादित किया था कि वे दिल्लीाबाद न्यायालय के आदेश पर हस्तक्षेप करने के लिए समीप नहीं हैं।	न्यायाधीश को न्यायाधीश न्याय पीठ ने कहा कि न्यायाधीश का न्याय है कि वह दीप से कील्याटित पर हाथियों का आदेश दिया गया है कि तदिराहाबाद कोर्ट के आदेश में हाथ नहीं करने में सक्षम नहीं था।
6	राधवेन्द्र कपिलदेव की तरह क्रिकेट खेलता है।	राधिका (लदेव ) के समान खरीदता है।
6	जांच के दौरान सत्येन्द्रसिवाल के बारे में सूचना मिली	खोज के दौरान सत्येन्द्र की ही सूचना प्राप्त की।
10	एशिया से दो, अफ्रीका की चार टीमें और दो एसोसिएशन क्वार्टर फाइनल के लिए क्वालीफाई करेंगी।	ए से दो, आ अब, कोहली दो संघ, चार खिलाड़ी पूर्व शिक्षक बने।
10	ब्राह्मण अतिथि अग्नि का सदृश घर में प्रवेश करता है। उसकी इस प्रकार से (चरण धोने हेतु जल देकर) शान्ति करते हैं। हे यम जल ले जाइये।	वैवस्वर ( मात्रके पीछे ) लोग कहते हैं कि सभी लोग अपने घरमें ही भर पा रहे हैं, उनकी ऐसी ये लीन हो जाती हैं ॥
14	साथ ही डॉ. रोशनी असवाल ने एवं प्रियम-अग्रवाल ने सफलता के लिए हार्दिक बधाई एवं शुभकामनाएं दीं	साथ ही डॉ. रोशनी असवाल ने एवं प्रियवालवाल ने विद्यार्थियों को सफलता के लिए हार्दिक बधाई एवं शुभकामनाएं दीं।
5	रास्ते में उसने भोजन नहीं खरीदा।	रास्ते में उसने भोजन नहीं खरीद लिया।
5	अतिथि बहुत समय तक घर में रुका	अतिथि बहुत समय तक घर में बहुत अधिक होगया।
4	मैं स्नान करना चाहती हूँ	मैं स्नान करना चाहता हूँ
13	भारत-ऑस्ट्रेलियाई टीमों के बीच मुकाबला-20 क्रिकेट परंपरा के तीसरे और आखिरी मैच में भारत की शानदार जीत.	भारत-आज ऑस्ट्रेलिया के बीच आयोजित टिज-2 सेनेना परंपरा का तीसरे मैच भी भारत की उजालााने में भी भारत की उजाला आंगिक रूप से भी भारत के उजने की परजनित।
6	पत्नी का भाई ने इस मामले को दर्ज किया।	पत्नी का भाई इस मामले की मामले पंजीकरण किया।
5	नीम को कितना भी शुद्ध क्यों न किया जाए वह आम नहीं बन सकता।	संस्कृत बंद होने पर भी सहन नहीं करना होता।
5	क्या तुम दही मथते हो ?	क्या दही दही मथते हो ?
1	पर्वत के	पर्वत का
1	प्राप्त हुआ।	गया।
5	मैंने इस बाघ के प्राण बचाए,	मेरे द्वारा इस बाघ की प्राणों की रक्षा की गई।
13	अन्य छात्रों ने कहा कि पंकज कुमार सर्वकारी फार्मास्युटिकल संस्थान में फार्मास्युटिकल में डिप्लोमा ( 2021-23 सत्र) कर रहे थे।	अन्य छात्रों ने बताया कि पंकज कुमार सरकार की औषधि संस्थानों के औषधि में डिप्लोमा कर रही थी (202114 सत्र थी।
5	केरल में पर्व का नाम बिशु है।	केरल में पर्व का नाम बिशु है।
1	पलंग	प
4	तू आलसी रहता है उद्योग क्यो नहीं करता ?	कुर्सी और कुष्ठ से भरी हुई तुम क्यों नहीं करती।
9	नंबर प्राप्त हुआ-श्रीलंका4 थ्रोइंग राउंड में 105 रन बनाकर आउट हुए।	प्राप्तम-श्रीलम को 1900 करके 45 रन बनाकर बाहर से बाहर किया गया।
8	आपके द्वारा क्षोभित होने पर महत्तत्व उत्पन्न होता है। आपकी प्रेरणा से ही महत्तत्व से अहंकार उत्पन्न होता है। महत्तत्व से संवृत अहकार तीन प्रकार का हुआ, वह सात्विक, राजस ओर तामस कहा जाता है। ॥	तुम्हारे द्वारा पहले मुझे बहुत पसन्द है कि मैं महान् बलशाली हूँ। महल में जल से अत्यन्त प्रेम हुई है। क्योंकि तुम मुझे इस महान वस्तु को प्राप्त हो जाओ ॥
3	मूर्ख नहीं पढ़ता	जौ नहीं पढ़ता।
5	श्रीमान ने पूरे व्याख्यान का सारांश दिया।	महोदय ने सारा व्याख्यान के सार रूप में व्याख्यान किया।
19	पथिक बोला- किस प्रकार हिंसारूप तेरे में विश्वास (हो) ? शेर बोला- “सुन रे पथिक! पहले ही जवानी में ( मैं ) बहुत दुराचारी था।	हे पाधे आपका पथिकेश में तुम पर विश्वास करना चाहिये। उसे तो वह मुझे प्याज बनाकर अपने स्थान पर गया। उसे पहले ही पूर्वरूप संधियों में बढ़ गया था।
5	दरिद्र हमेशा माँगते हैं।	निर्धन हमेशा माँगते हैं।
6	उनकी भाषा भी संस्कृत थी	उनके भाषा भी संस्कृत भाषा थी
10	इससे राज्य की प्रतिबिंब को कलंकित कर दिया जाएगा, निवेशक राज्य से दूर रहते हैं।	इससे राज्य का प्रतिब को कलहित किया जाएगा, निवेशक राज्य से दूर रहते हैं।
11	भारत-रूस में इस संधियों के सहयोग को देखकर सभी देश आश्चर्यचकित हो जाते हैं।	भारत-अब से इस संयोग के बीच यह देश में सभी देश आश्चर्यचकित हो जाते हैं।
8	जो कोई अनादर पूर्वक भी किसी से अध्यात्मरामायण का श्रवण करता है, वह भी पातकों से मुक्त हो जाता है ॥	हे मुने! तथा अन्य यह भी नहीं है, अन्य कोई भी सुनो, वह भी सुनो। फिर भी वह मुग्ध उसकी वाणी भी निष्पाप होती है।
4	सब कुछ संस्कृत भाषा में ही प्रस्तुत किया जा रहा है।	सब संस्कृत भाषा में ही प्रस्तुत करती है।
4	शोध की मुख्य विषय है तत्संबंधी विकास की पूर्ण उत्कर्षण।	अनुसंधान के मुख्य विषय उसके लिए उसे बढ़ाना पूर्णास बात का पूर्ण की संख्या।
10	न्यायिक विशेषताओं ने लगभग पांच घंटे तक उद्योग के अंदर और बाहर खोज कर प्रतिरूपों को इकट्ठा किया।	न्यायिक विशेषताओं ने प्रायः पच्चीस से अधिक उद्योगों को अंदर से बाहर निकाल दिया है और प्रतिरूपकों को एक फॉर्म में बाहर से किया।
5	अवधेश किसका बड़ा भाई है?	विगजेश किसकी अग्रणी है?
10	दिसंबर में बर्फबारी के बाद मंदिर बंधन समिति के अध्यक्ष उपविभागीय पदाधिकारी चौपालनारायण चौहान ने चूड़धार यात्रा संबंध में अधिसूचना जारी की।	दिसंबर में बर्फबारी के बाद मंदिर बेंच समिति के अध्यक्ष उपपालीय जाता है चौपाल चौपाल चौपाल ने एक संवाददाता सम्मेलन में अधिसूचना जारी की।
1	चक्रवाक (चकवा) आदि पक्षी गणों से सुशोभित	चक्रवात आदि से नटो से
10	इस कार्यक्रम में कांग्रेस के वरिष्ठ नेता राहुल गांधी और प्रियंका गांधी शामिल होंगी.	इस कार्यक्रम में कांग्रेस पार्टी के वरिष्ठ नेता राहुल गांधी और प्रियंका को भाग ले लिया।
6	जब यह क्रमशः 9 वर्ष है।	जब यह क्रमशः 9 वर्ष है।
1	झगडा	मैं कलह
3	अपने सामर्थ्य अनुसार काम करना चाहिये।	अपने आपस में काम करना चाहिये।
1	सुनता हूँ	सुनता हूँ
6	एक दिन वह घर जाने के लिए छुट्टी चाहता था।	एक समय वह घर जाने की इच्छा करता है।
3	भौंरा फूल का मकरंद पी रहा है।	भौंरा फूल काड को रसा देता है।
5	ओह वह नहीं सुनता है ।	ओह वह नहीं सुन रहा है ।
1	अकर्म के प्रति लगाव , दोस्ती ।	तुम ही तुम्हारे कर्म में ही काम त्यागकर कर्म करो।
5	आज शाम को वह नारियलपाक बनाएगा।	आज शाम को वह नारियलपाक बनाएगा।
6	मैं अब काम में फंसा हुआ हूं।	मैं अब काम में व्यापक हूँ।
4	वह रंगमंच की व्यवस्था देखती है।	रङ्गम चंडीगढ़ की व्यवस्था देखता है।
9	गुरुवार को सेनसेक्स ने दिन के सबसे नीचे से लगभग 1,000 अंकों की बारिश की।	गुरुवार को सेंसेक्स दिवस के के के से लगभग 1,000 अंकों से कूद गया।
6	कल निवेदिता, विद्यालय की शिक्षिकायें आयी थीं। ।	कल निवेदनिता विद्यालय के शिक्षियाँ आए थे।
3	ये पुष्प है ।	ये पुष्प है ।
8	अहमदाबाद में भक्त श्रेष्ठ लादूराम नामक एक ब्राह्मण शिष्य थे।	मैं भी अधिकारी श्रेष्ठ हो, लादर नाम के एक ब्राह्मण था।
5	नीम को कितना भी शुद्ध क्यों न किया जाए वह आम नहीं बन सकता।	संस्कृत बंद होने पर भी सहन नहीं करना होता।
11	मेरा विद्वत्ता, मेरा धन, परम पूज्य पूजनीय इत्यादि सब कुछ तुम ही हो यह शुभ है।	मेरी विद्वानों का, मेरे धन का नई गुरु के समान मेरा कोई भी तुम ही हो। है, यह शुभ है।
4	दीपक आर्य संस्कृत जानता है।	दीपक आर्य संस्कृत जानता है।
5	कल रात सम्मान समारोह हुआ।	कल रात का सम्मान समारोह हुआ।
6	विभा – कहाँ है वो ?	विभा – कहाँ है वह ?
6	परीक्षा केंद्र में प्रवेश से पहले छात्रों के लिए घनी परीक्षा होगी।	परीक्षा केंद्र में प्रवेश से पहले छात्रों का स
4	स्वरा पिछले सप्ताह इटारसी गई थी।	स्वरा पिछले सप्ताह इटारसी गई थी।
37	आयोग के संचालन के लिए कितने कर्मचारी पर्याप्त होंगे, ऑनलाइन चयन परीक्षा के लिए कितने संसाधनों की आवश्यकता होगी, इसके बारे में भी प्रस्ताव शीघ्र ही तैयार करके सरकार को भेज दिया जाएगा। दिसंबर माह के पहलेसान समिति की सराहना से यह कार्य सफल हो जाएगा ऐसा विश्वास है।	आयोग का संचालन कितना है, पहले सीड परीक्षा परीक्षा के लिए कितने संसाधनों को कितने संसाधनों की आवश्यकता होगी, बारे में भी प्रस्ताव शीघ्र ही इस कार्य को समाप्त करना होगा, दिसंबर के समाप्त होने पर कार्य पूरा हो जाएगा।
7	महान् वीरता को प्रदान करने के लिए गुरुजी सेनापति से किसी प्रकार बाहर निकल गए।	बड़ी वीरता प्रदान की जाती है गुरु सेना से कहते हैं, और बाहर से प्राप्त हो गया।
9	नई हिमपात के कारण अटलकन्दरा को कोई भी वाहन की अनुमति नहीं है।	नई हिंदी के कारण अटलकन्दर की अनुमति नहीं है।
9	कांग्रेस पार्टी की "ट्रैक रिकॉर्ड" प्राक्तन कार्य में लीनताओं और भ्रष्टाचार से भी बचा रहता है।	कांग्रेस पार्टी की "त्रिय रिकॉर्ड" प्राक्तन कार्य में लीन प्रवचन वर्ष का भ्रष्टाचारश है।
11	एक समाचार के अनुसार, चेल्सी इस्लान ने आज ही एस.एस. राव कोमौली के इंस्टाग्राम में अनुसरण किया।	एक खबर के अनुसार, चेल्सी की बनान आज ही एस.एस.एसरावी ने इंस्टाग्राम में अनुसरण किया।
9	इसके साथ मुख्यमंत्री कार्यालय ने भी उनसे संपर्क किया है।	इसके साथ मुख्यमंत्री कार्यालय द्वारा भी उससे सह करने का भी उसके साथ किया गया है।
11	सब शुद्धियोंमें धनकी पवित्रता हो श्रेष्ठ कही है क्योंकि जो धनमें शुद्ध है वही शुद्ध है मिट्टी और जलकी शुद्धि शुद्धि नहीं कही जाती - [भाव यह है कि जो पराया धन नहीं हरता और न्यायसे धनोपार्जन करता है, वह शुद्ध है और जो अन्यायसे द्रव्य हरता है, किन्तु मिट्टी लगा लगाकर स्नान करता है, वह पवित्र नहीं है]	हे परन्तप ! उनके लिये ही आपका चिन्तन करना चाहिये, परन्तु जो ये न तो इनको ही प्रसन्न करते हैं, ऐसे जनोंके समान शुद्ध होकर अपनी मायाकी सेवा करते हैं
6	लोसर के बारे में तिब्बती चर्चा में बहुत उत्साह था।	लोसर के बारे में तिथिब्बती समुदाय में बहुत उत्साह था।
4	बड़ा बेटा हाँगकाँग रहता है।	बड़ा बेटा हाँगकाँग रहता है।
4	अपने मोक्ष के लिए और समाज के कल्याण के लिए।	इस मोक्ष के लिए और जगत् के हित के लिए।
4	कार्तिकेय अच्छा इंजिनियर है ।	वह
1	बन्दर	वानर
12	तीन दिन पहले, फडनिस की स्वास्थ्य के सहसा नष्ट होने के बाद अस्पताल में भर्ती थी।	फडनिस के स्वास्थ्य स्वास्थ्य के बाद तीन दिवसीय दिवस पूर्व में प्रवेश हुआ।
9	उनका अंतिम विश्राम स्थल लंदन के विंस्टर पैलेस में जॉर्ज  ⁇  मेमोरियल चैपल में है।	लैटन के विन्स्ट हाई में जो का मुकाबला मार्ग पर है उनके तहत हुई झड़प में हुआ है।
4	दोनों पुत्र धन भेजते हैं।	दोनों पुत्रों को धन भेजते हैं ।
17	चिन्त पूर्णी भाजपा के अध्यक्ष रविंद्र द्विवेदी ने कहा कि चिन्त पूर्णी के विभिन्न मार्गों का विस्तार दो करोड़ रुपये के साथ होगा।	चिंतापूर्ण भाजपा के अध्यक्ष रविन्द्र बाज़ार ने कहा कि चिन्तन से बचने के लिए विस्तारपूर्वक 32 करोड़ रुपये का थे।
12	या तो ममत्व बिलकुल छोड़ दे और यदि न छोड़ सके, (ममत्व करना ही हो) तो सर्वत्र करे	जो मेरे लिए त्याग कर दिया है, यदि मेरे पास ईशस किया जा सकता है तो मुझे पहले करना चाहिए, किन्तु मेरे लिए कर्तव्यों को त्यागकर मेरे स्वरूप को प्राप्त होता है
1	बारहवीं नक्षत्र	उत्तरायण
5	जो कल्याणकारी गुण हो, उन्हें हमें दीजिए	जो दोनों ने मन में प्राप्त किया है।
9	विद्यालय परिसर से मिलन-चौक तक बैठकें हुईं। फिर विद्यालय आकर वह पूर्ण हो गया।	विद्यालय परिसर से मिल गया और हमारे लिए सभा गई। फिर से विद्यालय आकर वह फिर से स्कूल आकर वह सब जगह आयेगा।
10	कमलेश्वर डोडियार ने कहा कि कार्यकर्ताओं ने चुनाव में उसकी शक्ति की मदद की।	कमलेश्वर ड: उन्होंने कहा कि कार्यकर्ता चुनाव की ओर उसका जैसाशक्ति की सहायता की।
10	इसीलिए उनके लिए निर्णायक उपदेश है कि मन को शान्त करना साधना चाहिए।	उस उनके निर्णय का उपदेश है कि मन को शान्ति शान्ति साधना करना चाहिए।
1	छिपा हुआ	गुप्त रूप से
10	हे नाथ हे लक्ष्मीपते! हे दुःखदलन व्रजराज ! हे जनार्दन ! इस कौरवोंकी सभारूपी समुद्रमें डूबती हुई मुझको बचाओ ! ॥	हे जनार्दन ! मैने जो रहड़-हुलुके समान स्वस्तर- है, मुझे भी मुझे वनवास की नकार करें॥
6	आज मेरे मित्र के घर वेदकथा है।	आज मेरे मित्र के घर वेद, काम
9	राष्ट्रीय राजधानी के तीर्थ स्थलों पर केंद्रीय मंत्रियों के साथ सफाई अभियान में भाजपा के नेता एक स्वच्छ मंदिर में एकत्रित हैं।	राष्ट्रीय राजमार्ग में तीर्थ स्थल पर केंद्रीय मंत्री सैर के साथ स्वच्छ होने पर-वेले हैं वनस्पतियों में सलिंग अभियान जैसे क्षेत्रों में फंस गए हैं।
4	कौन कहाँ जा रही है ?	कौन कहाँ जा रहा है ?
7	चित्रकला के प्रतियोगी होने के कारण सूरज बिजलवान ने प्रथम तथा तृतीय पुरस्कार जीते।	चित्रकला में प्रतियोगिता के लिए प्रथम पुरस्कार सूर्य और सूर्य पानी, प्राप्त हुआ।
8	इसका आरंभ नरेंद्राचार्य ने किया, जिन्होंने 700 सूत्रों में व्याकरण किया।	इसके उद्घाटनक नरेन्द्र पर आधारित जो 700 सूत्रों में व्यास का खतरा गया।
10	यह नाव 750 किलोमीटर की दूरी तक लहरें पकड़ सकती है।	संयुक्त राज्य अमेरिका 100 किग्राही इस संकेत को तरले हो।
7	इसने सौ रुपये लिये वा नहीं ?	इस से सौ रुपये ले चलो क्या ?
11	आंध्र प्रदेश के नंदयाल से गड़बड़ी का पता लगाया गया-विभाग द्वारा ही रोक लगायी गयी है. मानव संसाधन आयोग को अलेके में अनुबंधित रूप से हिरासत में लिया गया है।	अन्धा में वन के इस लेपन से दोषान्वित है-बताया गया है कि मेग्रहासी की इस फटने पर है। मानवता के लिए है।
9	ये दिलचस्प खबरें हैं-विपक्ष के नियमों का पालन कर रहे हित समाचार संगठन, सोशल मीडिया और यूजर्स पर लगेगा जुर्माना.	ये व्याकरण बात-अडर-बताया गया है कि व्याज संस्थानों, सामाजिक अध्यक्षों का उपवास होगा।
6	छात्र – तो क्या हो गया ?	छात्र – तो क्या हो गया ?
15	हे प्रभो! तुम ही मेरी स्नेहमयी जननी हो, मेरी मित्र (मित्र) हो। तुम ही मेरी मित्र (मित्र) हो।	हे प्रभो! तुम ही मेरे लिए पतन नहीं करना चाहिए, मेरा करुणा है, तुम ही मे मेरा प्रिय हो, सखा हो।
30	अर्वाचिनी-परम्परा में भी श्रीदेवराजाचार्य, श्रीवरदाचार्य, श्रीसुदर्शन व्यास भट्टाचार्य, श्री वीरराघवदासाचार्य, श्रीवादिहंसाम्बुजाचार्य, श्रीवेङ्कटनाथ वेदांताचार्य, श्रीमल्लोकाचार्य, आचार्यवरदगुरु, वरदनायक सूरी, अनन्ताचार्य, दोद्याय महाचार्य, सुदर्शन गुरु, श्रीनिवासाचार्य, बुच्चिबेंकटाचार्य, श्रीनिवासदीक्षित जैसे आचार्य अपने ग्रंथों में विशेषता से विद्वत्ता और सिद्धान्त को स्पष्ट रूप में और विस्तृत रूप में लिख	अवरन्दज के भी श्रीदेव: आचार्य, श्रीवरले आचार्य, श्रीवरदर्शनव्यासन, श्रीवीरराघवदास, श्रीवीरराघवदास, श्रीवेधवा, श्रीवेयांत, श्रीवेबलेन्द्र सिंह पाठक, श्रीवेल्थेल-वेदोय, श्रीमानंद आचार्य, श्रीराधा आचार्य, श्रीराधाव्यास, श्रीराधाबन्द, श्रीवेबव ने भी अपने आप में विशिष्ट रूप से अपने आप को अपने विचारों में अपने आपसी अपने आप में विशिष्ट,
3	जब वो रुकते हैं	जब वे रुकते हैं
9	2026 में, हिमाचल प्रदेश देश का पहला ग्रीनहाउस राज्य होगा।	इस वर्ष में, हिमाचल प्रदेश देश का पहला ग्रीन ऊर्जा राज्य होगा।
9	कभी हजारों सिंह, बाघ, भालू, गेंडा, सियार, खरगोशों से व्याप्त जंगलों को नगर बना देते हैं और कभी मन्दिरों, राजमहलों, अट्टालिकाओं, चौराहों, चबूतरों, उपवनों, सरोवरों और गोशालाओं से भरे नगरों को जंगल बना देते हैं।	सिंह-कोघादिक गण्डकी- (पारी)-, पर्वत की लापता (उधिज) जन-जन तक जमा करती है, मन्दिर-प्रासाद-हैटों से संकेत मिलता है। शहर-प्रो-गोश- सरकार, शहरों के नगरों को कानूनी में कानूनी बनाती है।
10	नहीं तो कैसे वह राजर्षि इस प्रकार की मीठी बातें करके इतने दिनों तक एक पत्र भी न भेजता ।	अन्य प्रकार से कैसे नहीं करती ? वह तो मन्त्रों के कलों को भी नहीं देता और काल के लेख को भी नहीं देता।
12	लोगों के मुख से संबोधित ननु जगति जीवितराजते चिरकाल तक समस्त- राष्ट्र की स्वाधीनता का जय हो संस्कृत को भारत की जय हो।	लोगों ने अपना भाषण नहीं दिया और जीवन के समान सम्पूर्ण लोकों को जीत लिया।
1	सज्जनों की बस्ती के	चल रहा है
1	चला गया।	चला गया
12	विघटित-आयोग के सचिव के साथ ⁇ a ⁇  जितेन्द्र कुमार की परीक्षा नियंत्रक, भर्ती-वह अभिलेखों और रक्षक के कर्तव्य थे।	विघित-आयोग के सचिव के साथ आरोपित। तब को अकरक, पति- रिकॉर्डों की रक्षा के लिए, महिला और रक्षा का दायित्व था।
5	किशोर की पत्नी अस्पताल में नर्स है।	बालक की पत्नी अस्पताल में देखी गई है।
9	सौहार्दपूर्ण वातावरण में आयोजित सम्मेलन में दोनों पक्षों ने भी अपना-अपने दृष्टिकोण प्रकट किये।	सवाहाड़ा से हुआ मौसम में खबर पंडित होंस्टीटूक ने अपने-अपने प्रयासों से अपनी-बड़ी किया है।
4	व्यक्त वाणी में और मन में जपना	बोलना
10	हे अनघ ! पत्नी के वियोग का दुःख तो आपने अनुभव किया ही है। अतः आप मुझे शीघ्र ही वाली के पास भेज दीजिये। इससे आपको स्त्रीदान का फल प्राप्त होगा । ॥	हे स्त्री! मुझे अपनी दुःख से बंधे हुए दिखिये। हे अनघे ! ये दोनों ही मेरी रक्षा करें ॥
5	वह हिन्दी नहीं जानता है।	वह हिन्दी नहीं जानता है ।
5	मित्र ने हाथ में सफेद सोटी पकड़ी है।	मित्र के हाथ में श्वांस गिर गया।
4	यह पुस्तकें चुराता है।	यह पुस्तकें चुराता है।
5	श्रेष्ठ जन अपने पालन करने वाले के उपकार को नहीं भूलते हैं।	वे भोजन की भोजन आदि मरते हैं
3	पेड़ से पत्ते गिरते है।	पेड़ से पत्तों को गिरते हैं।
8	वाहन चलाने के समय अपना पालन करें और अत्यधिक विश्वास करें।	वाहन नगर समय में अपने पालक और अतिविश्वास को चलें।
4	वे दोनों वहां स्नान करते हैं ।	वे दोनों वहां ही करते हैं ।
1	हम सब चलते हैं	चलते हैं
4	सिक्खों के पाँच बाहरी चिह्न कौन से हैं?	सिक्खों के पाँच तथा अन्य कौन-से हैं?
9	और सूर्य और चन्द्रमा के समान अपने तेज से दिशाओं को देदीप्यमान करते हुए उन सर्वलक्ष्मण सम्पन्न राजकुमारों को देखकर पूछा ॥	श्रीरामचन्द्रजी बोले पिताजी ने मुझे राम लक्ष्मण की प्रशंसा की और दिशा में दम्पती गदा का कोच कर दिया। जब उनके यज्ञ को देखकर दिशा में धारण किए तब पृथ्वी पर गिर पड़ा ॥
14	उन्होंने कहा कि हम ऐसे ही तरह से संस्कृत प्रतिदिन बोलते हैं, तो अन्य लोग भी संस्कृत बोल सकते हैं।	उन्होंने कहा कि हम इस प्रकार संस्कृत इस प्रकार संस्कृत में बातचीत करते हैं वे अन्य संस्कृत बोल सकते हैं।
8	सभी प्रतिभागियों के लिए राशि और स्मृतिचिह्न पुरस्कार के रूप में वितरित कर दिए गए।	सभी प्रतिभागीों के लिए में से स्मृतिचिचि - हैं।
3	शोभना ने आलस छोड़ दिया।	अच्छा आलस छोड़ दिया।
20	इसके साथ पारपत्र-धारकों की भरती में नागरिक कम से कम पंद्रह दिनों की यात्रा के लिए हर छः महीने में एक बार इरान में प्रवेश कर सकते हैं।	इसके साथ पारर पैंट – भर भरत भर तीनवीं से कम दो दिवसीय यात्रा के लिए प्रत्येक महीने में प्रवेश किया जा सकता है।
24	यह एक विशेष प्रवेश परमिट है जो विदेशी नागरिकों को आयुष उपचार के लिए भारत आने की सुविधा देता है। 2012 के प्रवेश परमिट नियमों में अंतर अवश्य आया होगा-केंद्र कि प्रवेश परमिट की खोज की गई थी-स्वास्थ्य मंत्रालय द्वारा लागू।	केंद्रीय कानून, विदेश, नई दिल्ली के लिए सुविधाएँ प्रदान करने के लिए विशेष प्रवेश बल की प्रवेश पर यह विशेष प्रवेश करना होगा। 2012 में प्रवेश किया गया है। 2012 में प्रवेश किया गया है।-उजाओं को प्रवेश करने के लिए विशेष-प्र है।
6	क्योंकि वन में ही सुरक्षित पर्यावरण प्राप्त होता था।	क्योंकि जंगल में सुरक्षित पर्यावरण को पर्यावरण के क्षेत्र में ही देखा जाता था।
7	वह कहां है? मुझे दिखाओ” भसूरक ने ऐसा कहा।	वह कहाँ है? प्रदर्शन का यह पात्र बोला- अरे।
5	हिमदास ने कल चौथा स्वर्णपदक जीता।	हिमादास ने कल चौथा स्वर्णपदक जीता।
11	ऐसी सत्य बात बोले जो प्यारी लगे और जो सत्य तो हो; किन्तु प्यारी न लगे ऐसी बात न कहे, और जो प्यारों बात झूठी हो उसे भी न कहे यही सनातनधर्म है	सच बोल, मैथुन से कहता है कि सचमुच में कुछ भी बोलिए मुझे बताओ। प्रिय लगने पर भी (ही) कहता है इस प्रकार सत्य को कहता है (अतः प्रिय को बता) कहानी चाहिए। (क्योंकि) दूसरे को कहता है) कहता है।
12	पुरस्कार की घोषणा करते हुए, समाचार और वितरण मंत्री अनुराग ठाकुर ने कहा कि यह पुरस्कार फिल्म उद्योग में समग्र योगदान की मान्यता है।	पुरस्कार के अधिकारियों द्वारा दिया गया है कि ये दोनों को एक ही सुक्खू दिया गया है। ऐसा पुरस्कार खंड के माध्यम से किया गया है।
5	वहाँ क्या रहे थे ?	वहाँ क्या करते थे ?
4	नीलम बहन समाचार उद्घोषिका थीं।	नीलम बहन समाचार की घोषणा थी
4	बच्चे के मुँह पर फुंसियाँ हो गई हैं।	बच्चे के मुँह पर फुंसियाँ हो गई हैं।
5	वह हिन्दी नहीं जानता है।	वह हिन्दी नहीं जानता है ।
1	उदाहरण	देखने योग्य
18	महावीर उस शूल को लेकर रावण ने श्रीराम को कहा हे राम ! ज्ज्र के समान तुच्छूल को मैंने क्रोध में पकड़ा।	महावीर वह रावण को मारने के लिए श्रीराम जी को मारने के लिए श्रीराम हे राम! वन से मैंने घड़ा लिया है, तुम लूसी यह गुम्फित हो गया।
1	अवमानना	धिक्कार है
19	जो मनमोहन एवं स्नेहमय है, अपनी मनोहारिणी मुरलिकाकी मन्द रसीली तानसे, गोकुलको इन्द्रियविवश तथा व्याकुल कर रहा है, जो श्यामल, सुन्दर, युवकोंका चित्त चुरानेवाला और मनोहर रूपवाला है वह गोपियोंका प्रियतम तेज हमारे चित्तमें नित्य निवास करे ॥	मुलहठी मधुर मुख से ही मधुर या श्रीबाबागुरुजी अपने मन से प्रकट होकर निरन्तर रामनाम कर रहे हैं, जिनके नाभि से अत्यन्त गोपनीय हैं, इसलिए श्रीबाबागुरुजी से व्याकुल होकर शहद यज्ञ, गोकुलका चित्त, शिकारके लिये ब्रह्मपुत्रका विचार भी हो ॥
6	प्रांत मंत्री गिरीश चंद्र तिवारी ने परिचयात्मक भाषण दिया।	प्रास्तिकों को संबोधित करते हुए गिरीश चंद्र पर गिरीश चंद्र जी ने किया
13	उनके राज्य में रात के समय भी युवतियाँ आभूषण पहनाकर अकेले ही घूम रही थीं ।	उनके राज्य में रात के समय भी युवा लोग लापता सी आयें ये एक ही निचले थे।
3	हम दोनों यहां खेलते हैं	हम दोनों यहाँ खेलते हैं।
7	महान् वीरता को प्रदान करने के लिए गुरुजी सेनापति से किसी प्रकार बाहर निकल गए।	बड़ी वीरता प्रदान की जाती है गुरु सेना से कहते हैं, और बाहर से प्राप्त हो गया।
3	ऐसा क्या ?	ऐसा है ?
8	परमाणु हथियारों के विकास को देखकर सामरिक नीति बदल जाती है। सेना के छोटे टुकड़ों में विभक्त हो जायेंगे।	दूसरे के उनके विकास को देखकर सामग्रियों को बदल दिया गया है। स की तथा अन्य छोटी सीभक्त होंगे।
5	दूध पसन्द नहीं है क्या ?	दूध पसन्द नहीं है क्या ?
1	अन्य	अन्य
1	अंध-परम्परा से चलने वाला	गया था
6	इस चलचित्र का निर्देशन शाउना गौतम करेगी।	इस फिल्म का निर्देशन सब्ज गौंग को करेगी।
3	यज्ञ में आहुति देंगे ।	यज्ञ में आहुति दी जाती हैं देने पर
6	तिब्बती समुदाय के लोग अपने घरों की सफाई में व्यस्त हैं।	तिब्बती समुदाय के लोग अपने घर की सुख देने वाले सौ-यह एक पंजीकरणएँ हैं।
3	मैं लिखता हूँ |	मैं लिखता हूँ ।
12	अल-कायदा के नेता अयमान अल-सवाहिरी को अमेरिकी सेना ने मार गिराया।	अल्हादि सिंह ने बताया कि वह अल्मैन समूह को  ⁇ udget से हुई।
4	कष्ट तो है ही ।	कष्ट तो है ही ।
10	यदि आप धन दिलाते तो सुरेश विषय नहीं बताता ।	यदि आप धन लूही हो तो सुरी विष नहीं समझे ।
4	हम लोग सामूहिक गीत गाते हैं।	हम सब सामूहियाँ गीत गाती हैं।
6	मैं मोरीबी गाँव का निवासी हूँ !	मैं पेड़ा गाँव के निवासी हूँ !
5	वहाँ क्या रहे थे ?	वहाँ क्या करते थे ?
8	और अब यह फिल्म अक्टूबर में प्रदर्शित की जाएगी	और अब यह फिल्म अक्टूबर में प्रदर्शित किया जाएगा।
4	मार्गशिर पौष हेमंत ऋतु होते हैं ॥	हे इसके साथ हे इसके अन्य दोष हैं ॥
10	डॉ. मेघनाद के कथन से दौलतसिंह जी अर्नेस्ट रदरफोर्ड महोदय के पास गए थे।	डॉ मेघियों के कहना से दौलत सिंह अर्पित रंक घर-
5	एक छात्रा उसको मना करती है ।	एक छात्राएँ तीन मना कर रही हैं ।
24	एक दिन उसने सभी शिष्यों को बुलाकर एक एक करके एक केले का फल दिया और कहा- "ऐसा स्थान जाकर केले का फल यहाँ खाईये, जहाँ कोई भी आपको नहीं देख पाता था।	एक दिन वह सभी शिष्यों को बुलाकर एक एक करके एक केले का फल देकर बोला- "ये एक स्थान पर जाकर केले का पतन हो गया है, जहाँ कोई भी हो, जहाँ कोई भी देखभाल नहीं किया।
4	खोदने के साधन से वह क्यारी बनाता है।	खोदने के साधन से वह जल पथ बनाता है।
5	पुनः कब मिलेंगें ?	हम पुनः कब मिलेंगे ?
9	हिमाचल प्रदेश विधानसभा क्षेत्र के विधानसभा क्षेत्र में आठवें दिन की कार्यविधि की शुरुआत से पहले भाजपा ने प्रदर्शन किया।	हिमाचल प्रदेश विधानसभा बम की आठवीं वर्ष के आठवें दिन पहले भाजपा परिसर में प्रदर्शन किया गया।
5	मेरी एक दुकान है।	मेरा एक दूकान है ।
5	वह निर्धनों का काम नहीं करता है।	वह निर्धन काम नहीं करता है।
6	बंधों भी सूजन, दाह, सुरखी, पकजाना, फुन्सी, फोडा हो जाना और राथ रुधिर बहुत बहना इत्यादि दोषयुक्त हों तो वे सिद्ध नहीं होते ॥	इनमें से जल पडंबर या बीमारियों को जो व्यंग्य नहीं हो सकता है वह सिद्ध नहीं जाता है।
4	सब काम अपने आप करिये।	सब कार्य अपने आप करिये।
1	वह पृथिवी	भूमि की भूमि
5	स्वस्थ दाँतों वाले लोग गन्ना भी चबाते हैं।	स्वस्थ लोग प्याज के लिये इंद्रियों को भी देखते हैं।
15	हे राम! आप मन और वाणी से अगोचर हैं, मुझे आपका दर्शन कैसे हो गया। हे देवेश्वर ! आपकी स्तुति करना में नहीं जानती, में क्या करूँ ? आप प्रसन्न होइए ॥	हे देव! मेरे मन में आज मेरे कार्य को नहीं करती। आप देवताओं के स्वामी होकर मुझे आज मुझे नहीं दे रहे हैं, में मुझे देवताओं का क्या नहीं कर सकता ॥
10	सब धर्मों का परित्याग करके तुम एक मेरी ही शरण में आओ, मैं तुम्हें समस्त पापों से मुक्त कर दूँगा, तुम शोक मत करो।।	मैं सभी धर्मों को त्यागकर मेरे पास आओ, मैं तुम्हारा शरण हूँ। मैं तुम्हें सर्व है और मोक्ष (सत्यम्) ही आऊँगा।।
14	बाइडेन प्रशासन ने कांगग्रेस पक्ष के यूक्रेन देश के लिए अरब अमेरिकी डॉलर-अधिक सहायता के साथ पूरक- सहायता माँगा गया है।	बाइडे प्रशासन द्वारा कांग्रेस-पक्ष से यूक्रेन-देश के लिए अरब-अमेर-अमेध-अमेध-अभि
7	अपने विचारों का नाम मन से स्वयं को ही नियंत्रित करना है।	अपनी मुख्य विचारों का नाम मन की आत्मनिर ही निरोध है।
3	वह विश्रामघर है।	वह विश्राम गृह है।
11	कुछ समय बाद सूर्यास्त हो गया अतः नौवें दिन का युद्ध भी शंख के साथ स्थगित हो गया।	कुछ समय बाद सूर्य की पुत्री, इसलिए नई दिल्ली के युद्ध भी निलंबित हो गया।
5	उनका सात्विक स्वभाव सबको पसंद आता है।	उनकी सात्विक स्वभाव सबको पसंद है।
13	तत्पश्चात् वह दैत्य अति विस्मय पूर्वक बोलामेरी भुजाओं को काटने वाले तुम लोग कोन श्रेष्ठ देवता हो ? इस लोक अथवा स्वर्ग में रहने वाले देवगणों में भी ऐसा समर्थ होना असम्भव है ॥	तदनन्तर वह मेरी दोनों को एक दूसरे में केसी बन जा रहे थे। जिससे तुम मेरी सहमति से उत्पन्न हुई वरण करो। मेरे विहंस हो जाने पर यदि कोई प्राणी में अथवा एक में ही हो तो तुम मेरे पास जाओ ॥
9	शिक्षिका -पुस्तक घर में होती है , पैसा बैंक में होता है ।	शिक्षिका - पुस्तक घर में होता है, धन वित्त में होता है ।
1	होश	इन्द्र नें
11	यह कहकर में गदगद कण्ठ होकर उनके चरणों में गिर गया। तदनन्तर वह मुनीश्वर मुझसे बोलेहे नृपश्रेष्ठ ! डरो मत ॥	इस प्रकार कहकर राजा ने उन मुनिवर वन में गिरफ्तार किया है। तब मुझे मुनि के मुनि के समान पड़ी ॥
4	वक्ता श्रोता को व्याख्यान समझा रहा है।	वक्ता सुनते हैं कि उनके आने का कारण समझाता है।
17	कार्यक्रम की अध्यक्षता उत्तराखंड संस्कृत विश्वविद्यालय के कुलपति प्रोफेसर दिनेश चंद्र शास्त्री ने कहा कि खेल हमारे जीवन का अभिन्न हिस्सा है।	कार्यक्रम की अध्यक्षता उत्तराखंड संस्कृत विश्वविद्यालय के कुलपति प्रो. दिनेश चंद्र शास्त्री ने कहा कि खेल हमारे जीवन की अभिन्न भाग है।
7	तुम तो धन की खातिर यहां रह रहे हो ।	तुम तो धन का हे धन का रहा है।
3	जो शरीर में स्थितहों उनका शरीरके अनुकूल औषधादि करना और जो मनमें हों उनका शब्द आदिकसे प्रतीकार करना सुखदायक होता है ॥	शरीर पर ढाही, शरीर और गदप (तप इन तीन प्रकार से शरीर निकलता है।
12	इसके बाद कांग्रेस-पक्ष उच्च न्यायालय के पास गया था, उच्च न्यायालय ने चुनाव करने के आदेश जारी कर दिए थे।	उसके बाद कांग्रेस-पक्ष उच्च न्यायालय के पास गया था, उच्च न्यायालय ने चुनाव करने के लिए आदेश जारी कर दिए थे।
15	मुख्यमंत्री सुखविंदर सिंह सुक्खू ने कहा कि फिल्म निर्माताओं को उत्तमविधान देकर राज्य सरकार उत्तम और अधिक विकसित फिल्में भी प्रदान करेगी	मुख्यमंत्री सुखविंदर सिंह सुक्खू ने कहा कि फिल्म निर्माताओं को उत्तम अधिकारियों के साथ उत्तम उद्देश्य से उत्तमविकार भी प्रदान किये गये हैं।
4	सभी वैसे ही हो गए।	सभी वैसे ही हो गए ।
6	फ्रांस के राष्ट्रपति इमैनुएल मैक्रो जयपुर पहुंचे।	फ्रांस के राष्ट्रपति इक्रॉक मैक्रॉन मैक्रॉन में जयपुर पहुंचे।
4	फिर कभी मिलेंगे।	फिर से कभी मिलेंगे ।
11	जिस राज्य के भी बाहर कलाकार मातृदेवता की स्तुति गाते थे।	जिस राज्य के भी राज्य से राज से बाहर कलाकारियों के द्वारा गाय देव गाय को गाती थे।
3	मैं रांची नगर में रहता हूँ|	मैं रांची नगर में रहती हूँ।
1	ढेर	ढोल
10	लोकप्रिय कवि भोजपुरी बोलने वाले विनय कुमार शुक्ल ने"विनम्रता"अपने कवियों से सभी उपस्थित लोगों को मोहित कर दिया।	भट्ट ने कवि भोजन समय पर विनय कुमार शुक्ल ", "यह पृथ्वी" के लोगों को, लोगों ने लोगों को उपस्थित कर दिया।
11	लोकमात्र के लिए प्रभु (ईश्वर) न कर्तृत्व, न कर्म और न कर्मफल के संयोग को रचता है। परन्तु प्रकृति (सब कुछ) करती है।।	कर्म नहीं करना चाहिए और कर्म लोक में सुत्वता नहीं है।
1	सूर्य	नेत्र
8	अखिलेश ने कहा कि आज बहुत ही अच्छा दिन है।	अखिलेश ने कहा कि आज बहुत शुभ दिन है।
4	सारे पंखे भी रुक गए।	सभी व्यंजन भी थाली से हैं।
7	क्योंकि जो जो स्मृति है वह पूर्व अनुभव की है।	क्योंकि वह माँग से साँसकर अनुभव करती थी।
6	जैसा वैद्य ने कहा वैसा वह कर रहा है।	जैसा वैद्य ने कहा वैसा वह कर रहा है।
9	और सियार से कहा- “दोस्त! हम दोनों इसी बर्तन में साथ भोजन करते हैं।”	सियार ने कहा- हेड मित्र! हम दोनों इस पात्र में साथ भोजन करते हैं।
15	अल्ट्रासाउंड करके वैद्य ने कहा कि अम्लिका बीज बच्चे के फेफड़े में घूमा था, जिसका इलाज यहाँ संभव नहीं है।	अल्ट्रफर करके डॉक्टर ने कहा कि खूबबीबी बालील में फूले थे, जिसके चिकित्सा यहाँ से होने नहीं हो।
5	वह नदी से जल लाता है।	वह नदी को जल लाता है ।
9	रूपाली आगे बोली कि वह पृथ्वी की नाट्यगृह में नाटक कर रहा था।	रूपाली आगे उन्होंने कहा कि वह पृथ्वी की गहराई में बोलने वाले थे।
6	ऐसा कहकर देव ब्रह्माजी देवों के साथ अपने स्थान पर गए।	ऐसा कहकर सुरगणों के साथ ब्रह्मदेव अपनेस्थान गया।
1	स्पर्श करके	स्पर्श करके
1	कुचले हुए अग्र भाग वाली	प्राप्त हुए उस बाग्रत को
5	उसने अपना मनोरथ माँ को बताया।	उसने अपना मनोरंजन किये।
8	वह पढ़ना चाहता है, किन्तु मन नहीं लगता है ।	वह पढ़ने की इच्छा करता है, किन्तु मन नहीं चाहता है
9	अब एएसआई को दिसंबर को रिपोर्ट देने होंगे	अब एएसआई ने दिसंबर को रिपोर्ट देने का प्रयास किया है।
7	पण्डित मन्यमान प्रायः ऐसे विवादों में कुपित होते हैं।	ये सब इसके लिए ये ऐसी तरह की विवाद होती हैं।
11	हम सैकड़ों बार भगवान् राम की पूजा करते हुए उनके आदर्शों का अनुसरण करते हैं।	हम सौ वर्ष से भगवान राम की पूजा करते हैं उसका आदर्श अनुसरण करते हैं।
5	अभी यह मोरोक्को देश जा रहा है।	अभी यह मोरक्को देश जाता है।
11	इसी दौरान मुकेश अग्निहोत्री-पुत्री आस्था ने अपनी माता की पार्थी को दाह स्थान पर ले जाया।	इस दौरान मुकेश अग्निहोत्री-पुत्री के अवसर पर अपनी ।
1	गाय	गाय
10	इक्वेटी बेंचमार्क की सूचकांक और बीएसई सेन्सेक्स की निफ्टी एक सौ दिन के बाद फिसल गईं।	इक्वेटी बेंचव की सूचनाएं और बीएसई सेंटील की की एक घटना के बाद एक सौ दिन के बाद फिसल गई।
7	चित्रांग बोला शिकारी के डर से मैं आप की शरण में आया हूँ।	चित्रांगोचर ने कहा- अरे, तसक इस से मेरा जन्म लेकर आ गया।
5	गुरु छात्र को शास्त्र स्त्र में ले जाता है।	गुरु छात्र को में कुशल करता है।
4	हम सब अनार खाते हैं।	हम दक्षिणी की खाती हैं।
4	शास्त्रीय संगीत विषय पर प्रश्न थे।	शास्त्रीय-हईल पर प्रश्न थे।
6	मिथ्याअहंकार से ही पुत्र, स्त्री आदि का संबन्ध होता है और संबन्ध बुद्धि होने से हर्ष, शोक, भय, क्रोध लोभ, मोह, स्पृहा आदि होते हैं ॥	इस कारण से किसी दूसरे पुत्र का दुहै। वह आनन्दपूर्वक सुधी ही प्रसन्न हो गया। यह अत्यन्त दुखी होता है। ॥
10	लेकिन अभी तक ड्रैड्डी-निर्माताओं को इस विषय पर आधिकारिक वक्तव्य नहीं मिला।	लेकिन अब तक डड्डी-कें इस विषय पर डॉक्टर नहीं मिली।
6	महिला मंत्री ने न्याय विभाग के विद्यार्थियों को लौकिक मंगलाचरण कराए।	लोहे की मंगलाचरण को न्याय विभाग के छात्र लोमार कर रहे एक काम में अकार नहीं किया गया।
9	7 जनवरी 2021 से रूस केधानी शिमास्को में भारतीय दत्तावास के लिए भारत में निगरानी के सहायक के रूप में नियुक्त किया गया है।	भारतीय दूत ने पांच साल से करतलब कर दिया, वह भारतीय दूतावास की भारद्वाज की तीनकर बिकक्षास के बारे में नियुक्त हैं।
10	इस मार्ग में कुछ भी भय नहीं है। इसलिए मैं अकेला ही जाऊँगा।	इस रास्ते में कोई भी भय नहीं है इसलिये मैं अकेला ही जाऊँगा।
15	भारतीय-उच्चायोग सहित कई मंत्रालयों में साहित्य-अकादमियों में, शैक्षणिक संस्थानों वगैरह में, कई मामलों में विदेशी-मंचों पर, डॉकविता भट्ट के व्याख्यान लगातार आमंत्रित किये जाते हैं।	भारतीय-उच्चोग से अनेक मंत्रों में साहित्य-अ आपकोमिंग जैसे विभागों में, शैक्षणिक संस्थानों में जैसे विदेशियों की व्याख्यान निरन्तर आमंत्रित किए गए हैं।
3	कौआ घोसले में प्रवेश करेगा।	काक को काउंटी मिल गया है।
11	उन्होंने सबके हृदय के आधार श्रीराम का आशिर्वाद द्वारा अभिनन्दन किया और धनुष बाण धारण करने वाले श्रीहरि को हाथ जोड़कर बोले ॥	श्री रामचन्द्रजी बोले हे राघव ! जिस प्रकार श्रीरामचन्द्र जी ने सर्वगुण राम का रूप धारण कर उनके पास रख दिया ॥
4	चौकी पर कुछ पोथियाँ रखी हैं	कुर्सी में कुछ भीर देने हैं।
16	मगरमच्छसंक्रांति-बताया गया है कि मेरे लिए जो कृष्ण तालाबों को अर्पित करते हैं वे अपने जीवन में सुख और समृद्धि लाएंगे।	मगरमच्छ से-अके जो मेरे लिये कृष्ण तिनके अर्पित करते हैं और वे अपने जीवन में सुख की भी समृद्धि को प्राप्त करेंगे।
1	बगला	बगुला
9	इस सेब फल की ऋतु की सेब-पैकिंग के लिए एक सार्वजनिक पेटी की व्यवस्था लागू होगी।	इससे सेब का ऋतुतः से सेबपकाने के लिए देश की व्यवस्था लागू होगी।
1	के लिए उपालंभ देना	चाहता है
5	अपने से प्रतिकूल व्यवहार का आचरण दूसरों के प्रति कभी नहीं करना चाहिए।	उनका मतलब है कि दूसरों के लिए दूसरों के लिए नहीं हैं।
9	आप सभी के प्रेरण में आने वाले प्रशिक्षण में संस्कृत के साथ संस्कृति को भी प्रकाशनाएँ।	भवनों से सभी को जानते हुए आने वाले प्रशिक्षण में संस्कृत में भी संस्कृति न' रखें।
7	छात्र –मेरी माँ अच्छी शिक्षिका है।	छात्र –मेरी माँ अच्छी शिक्षिका है।
4	प्रत्येक गाँव में बाग़ होता है।	गाँव में बाग़ में होता है।
9	लाहौल पर्वत में 30 से 60 सेंटीमीटर तक बर्फबारी हुई।	इन लाहौल उपर की 30 से 60 से 60 बजे तक बर्फबारी हुई।
1	फिर से	फिर से।
4	एक सज्जन यवतमाल से आए।	एक सज्जन यवतमाल से आए।
7	भारतीय नौसेना के आठ कमांडरों को कतरन्यायालय ने मृत्युदंड दिया है।	भारतीय नौसेना की आठवीं कक्षा से कतरियों को किसी भी प्रकार गड़ाने दिया गया।
2	यहाँ लोक है कि, चंद्रमा पृथ्वीको क्रेदित ( आई ) करता है और सूर्य शोषण करताहैइन दोनोंके आश्रय होकर वायु प्रजाका पालन करता है ॥	यहां होती है
17	सम्पत्ति पाकर जिसे (विशेष) हर्ष नहीं होता, विपत्ति पड़ने पर दुःख नहीं होता और युद्ध में डर उत्पन्न नहीं होता. ऐसे तीनों लोकों में श्रेष्ठ विरले पुत्र को (कोई) माता जानती है अर्थात् ऐसा पुरुष कोई विरला ही होता है |	जिसके पास वह धन नहीं है, उसका मन, भय से दुःखित होता है, उस धन को चुराकर वह धन को नहीं उगाता। ऐसा व्यक्ति ऐसा नहीं है।
6	एक दिन वह घर जाने के लिए छुट्टी चाहता था।	एक समय वह घर जाने की इच्छा करता है।
6	यज्ञ के बाद देवराज भानु को पुस्तकें देता है।	यज्ञ के बाद देवराज भानु को पुस्तकें देता है।
10	मनुष्य का आभूषण सौन्दर्य होता है, सौन्दर्य का आभूषण गुण होता है। और गुण का अलंकार बुद्धि होती है, उसी प्रकार बुद्धि का आभूषण क्षमा होती है।	मनुष्य के जन्म का नाम, रूप और रूप में ज्ञान का अनुसरण किया गया, ज्ञान (है) ज्ञान है, गुणों का ज्ञान ही ज्ञान है ॥
6	ऐसे एक आपका ही निरन्तर अनुसरण करता हुआ अन्य सब मनोरथोंसे सर्वथा रहित और आपका ही ऐकान्तिक नित्यदास होकर मैं इस जीवनको सनाथ मानता हुआ कब आपको सन्तुष्ट करूंगा	आप ही पृथ्वी के भार (परमग) को मैं कब दूसरे के रस का त्याग कर करूँगा। इस प्रकार एक ही सूर्य के वृक्ष के समान एक बड़ी ॥
12	इसी बात को आगे बढ़ाते हुए प्रधानमंत्री ने डबल इंजन सरकार के फायदों को दोहराया, जिसके दोहरे प्रयास हर जगह दिखाई दे रहे हैं।	इस भावना का अधिक विस्तार करने के लिए प्रधानमंत्री ने दो गुणी सरकार को पुनः कहा कि जिसकी दोनों को पुनः दोस्तों पर दिखते हैं।
8	अखिलेश खान ने अपने अग्रिम फिल्म का भी चित्रिलन प्रारम्भ किया।	अखिलेश खान ने अपने को फिल्म की फिल्म के चित्रित्रीतल भी शुरू किया।
4	एक ही चींटी है।	एक ही चींटी है।
3	अवश्य आईयेगा	अवश्य आईयेगा ।
6	अनंतपुरी और कोट्टायम जिलों में एक-एक व्यक्ति की मौत हो गई।	अनंत उत्पन्न हुआ कोट्टायम जिले के एक की मृत्यु के बाद की गई।
1	मशरूम	मशरूम
4	कल त्रिलोकीनाथ का फोन आया।	कल त्रिलोकीनाथ का फोन आया।
10	मनुष्य का आभूषण सौन्दर्य होता है, सौन्दर्य का आभूषण गुण होता है। और गुण का अलंकार बुद्धि होती है, उसी प्रकार बुद्धि का आभूषण क्षमा होती है।	मनुष्य के जन्म का नाम, रूप और रूप में ज्ञान का अनुसरण किया गया, ज्ञान (है) ज्ञान है, गुणों का ज्ञान ही ज्ञान है ॥
7	मच्चित्त होकर तुम मेरी कृपा से समस्त कठिनाइयों (सर्वदुर्गाणि) को पार कर जाओगे; और यदि अहंकारवश (इस उपदेश को) नहीं सुनोगे, तो तुम नष्ट हो जाओगे।।	हे मधुसूदन ! मेरा शरीर अपने आप में स्थित तो वह चेष्टा ही करता है। इसके बाद तुम उनके लिये अकार करो, कहोगे।।
5	जल के मनुष्यं पानी में डूबकर तीर पर बैठते हैं।	पानी बहने के बाद फिजियों तथा तटपर पानी भर जाती है।
11	यह खबर हिंदुस्तान एयरोनॉटिक्स के चेयरमैन सीबी अनंत कृष्णा ने दी।	यह खबर एथालैंड कोट्टायम के अध्यक्ष सीमित किया गया है कि यह खबर इस खबर को.
5	आप क्या काम करते हैं ?	आप क्या काम करते हैं ?
6	उच्च वर्ग वाले उनका मज़ाक उड़ाते हुए कुएँ से जल निकालने के लिए मना कर रहे थे।	उच्च वर्ग में पानी की लहरा रही है को कुएँ से जल लाकर धिक्कार करते हैं।
8	हाँ, जैसे सेवइयाँ ईद का खास पकवान है।	हाँ! जैसे सेवाई से यह ईद पर्व की विशिष्ट पाकिंग है।
8	और अब यह फिल्म अक्टूबर में प्रदर्शित की जाएगी	और अब यह फिल्म अक्टूबर में प्रदर्शित किया जाएगा।
11	वे सभी मेरीदर में जीवन बिताए, युद्ध के लिये सत्रधारी और युद्धकला में निपुण थे।	वे सभी सर्वगत होने पर जीवन के समय के लिए सत्र के लिए सत्रों में भी भाग लिया जाता है।
1	सम्पूर्ण एश्वर्य को	सम्पूर्ण
4	वह गन्ने का रस निकालती है ।	वह गन्ना की रस का रस निकालती है ।
1	पुण्य तीर्थ	तीर्थ को
9	वास्तव में रुपाली गांगुली के पिता अनिल गांगुली सर्वश्रेष्ठ फ़िल्म निर्माता थे।	वास्तव में रुपये गांगुली के पिता जी अनिलगुली फिल्म निर्माता थे।
7	सौ लीटर-गोपथ औरब्राह्मण में पुराण काल्लेख उपलब्ध है, जिसकी लोकप्रियता का अनुमान किया जा रहा है।	सैकड़ों पथ की उत्पत्ति,ब्राह्मण और पुराण की पुराण में पुराण की वह |
4	जिसका अब समाप्ति हो गई।	जिसकी अब समाप्त हो गई है
10	जब वह पाठशाला नहीं जाता, तब बाग़ भी नहीं जाता।	जब वह पाठशाला नहीं जाता है, तब उद्यान भी नहीं जाता है।
12	सांसद हत्या के मामले की जांच के बाद, उमेशपाल की सार्वजनिक हत्या के कारण आकी अहमद और उसके भाई अशरफ को गिरफ्तार किया गया।	सांसद ने इस सुमेश को साकारेश के माह के कारण पंडित और उसका भाई अशरफ को उसे पकाना पकड़ा।
11	चीन में  ⁇ -19 के प्रसार का कारण बनने वाले  ⁇ 7 स्ट्रेन के देश में चौदह मामले सामने आए हैं।	चीन में चीन की है कि चीन में  ⁇ . 2.7 के 14 वर्ष की में रिपोर्ट जारी की गई है
1	स्थिर।	निश्चित ही
3	तीस वर्षों से पढ़ा रहा है ।	तीस वर्षों से पढ़ा रहा है ।
3	जी हाँ गुरुदेव जी के वचनानुसार हैं।	हाँ गुरुदेव को आयोजित किया।
6	यह क्या है वृक्ष या ठूंठ ?	यह वृक्ष क्या है या नहीं ?
5	आदर्श चिकित्सा संस्थानों में छह विशेषज्ञ अस्पताल नियुक्त किये जायेंगे।	आदर्श चिकित्सा विद्यालयों में छह विशेषज्ञों की नियुक्तता का नियुक्त किया जाएगा।
7	मन्दिर के बाहर बड़ी संख्या में श्रद्धाल् वर आए हैं।	मंदिर के बाहर बड़े संख्या में श्रद्धा से आए हैं।
1	तैयार	समान कर्म वाले
5	सभी बच्चों के लिए खेलने की समान की अत्यधिक आवश्यकता है।	सभी बालकों को खिलौना अत्यागें ।
9	राजौरी और पुंछ ने क्षेत्रों की अपनी यात्रा में सैन्य योद्धाओं के साथ बातचीत की।	राजौरी-पंछ-क्षेत्रों के अपने यात्रियों ने सेना के साथ बात की।
4	बिहार में ठंडी जैसी स्थिति है।	बिहार में ठंड है।
10	वरिष्ठ कांग्रेस पार्टी के नेता ए रेवेंट रेड्डी ने राज्य के दूसरे मुख्यमंत्री के रूप में शपथ ली।	वरिष्ठ कांग्रेस पार्टी के नेता ए ही र हीड्डी राज्य के मुख्यमंत्री के रूप में शपथ ग्रहण किया।
1	सुस्त	धीरे
12	मंत्रिमण्डल के सत्र में अब पुलिस विभाग में पुलिस अधिकारियों द्वारा नियुक्त महिलाओं को प्रतिशत आरक्षण देने का निर्णय लिया गया है।	मंत्रिमण्डल के सत्र में अब पुलिस विभाग में पुलिस अधिकारियों की नियुक्ति महिलाओं को एक है।
9	उसके बाद राक्षसराज को उसके चिता में रखकर विभीषण ने विधिपूर्वक अग्नि दी।	वहाँ से, राक्षसों ने उस राक्षस को रख दिया कि डराई ने उसका अन्य आग प्रस्तुत किया।
5	ड्राइवर ने पूरा तेल भरने के लिए बिना किसी त्रुटि के तेल भराव दिया।	बस ड्राइवर को पूर्ण करने का पूर्णने दिया।
6	मेरी प्यास शान्त हो गई है।	शान्ता मेपीत (गड़) अब शान्त हो गई।
5	कंघी से मेरे बालों को सही करता है	कन्या अपने बालों को अच्छा करता है ।
1	धर्म	धर्म
6	इसरो अर्थात् भारतीय अन्तरिक्ष अनुसन्धान संस्थान	इसरो के बारे में भारतीय अंतरिक्ष अनुसंधान संस्थान है।
6	वह आज बहुत आनन्दित है ।	वह आज बहुत आनन्दित है
7	उससे पहले वे कहाँ रहते थे ?	उससे पहले वे कहाँ रहते थे ?
4	स्वरा पिछले सप्ताह इटारसी गई थी।	स्वरा पिछले सप्ताह इटारसी गई थी।
18	चिकित्सकों का यह आवेदन रक्त कोशिकाओं में संग्रहित रक्त कोशिकाओं की संख्या में गिरावट के संदर्भ में किया गया है। फार्मास्युटिकल एलायंस ने बताया कि स्वास्थ्य वैज्ञानिक और आपातकालीन कक्ष के विभिन्न विभाग स्टैंडबाय पर हैं।	यह लाल दीवारों के लालच के नतीजे संख्या से की संख्या है जो पर है। स्वास्थ्य, जड़ता, स्वास्थ्य, स्वास्थ्य, आर्जनों के लिए इस प्रकार की वालेता और आक्रों से आवेदन की जाती है।
7	अन्यथा साधनाभावाद भी कोई मनुष्य हमेशा संतुष्ट दिखता है।	अन्य साधनों से भाव (इसीना) किसी भी प्रकार से संठित दिखता है।
8	जो झूठ बोलता है, कोई उसका विश्वास नहीं करता।	जो झूठ बोलता है कौन-सा विश्वास नहीं करता है ।
5	फिर देखने के समय नए मतदाता पंजीकृत हो गए।	फिर भीरीक्षण समय में नए मतदाता पंजीकरण हुए।
6	बंधों भी सूजन, दाह, सुरखी, पकजाना, फुन्सी, फोडा हो जाना और राथ रुधिर बहुत बहना इत्यादि दोषयुक्त हों तो वे सिद्ध नहीं होते ॥	इनमें से जल पडंबर या बीमारियों को जो व्यंग्य नहीं हो सकता है वह सिद्ध नहीं जाता है।
3	ये पुष्प है ।	ये पुष्प है ।
4	जब वह चुटकुला बोलता है	जब वह चुटकुला बोलता है
6	जन सामान्य के साथ उनका सुमधुर सम्बन्ध था।	जन सामान्यों के साथ उसका मधुर सम्बन्ध था।
7	सम्यक् अनुष्ठित परधर्म की अपेक्षा गुणरहित स्वधर्म श्रेष्ठ है। (क्योंकि) स्वभाव से नियत किये गये कर्म को करते हुए मनुष्य पाप को नहीं प्राप्त करता।।	अपने धर्म में गुणहीन रहने पर भी, पराया धर्म का आचरण कर, दूसरों के कर्म वष्ठ को ही प्राप्त किया जा रहा है। अपने समान कर्म करते हुए कर्म से युक्त होकर इस लोक में गुणहीन होकर कर्म करता है।।
4	अब वो तरबूज लाती है।	अब वह तरबूज लाती है।
8	इस प्रकार से उदर रोगी का विरेचन द्वारा शोवन होने पर जागल मास रस के साथ अन्न देना चाहिये । इसके आगे शेप दोष की शान्ति के लिये योगों को कहते है ॥	बालूत्र, वन्यकाल में पासा-ही-कभी दुहने की इच्छा अधिक नहीं होती।
4	फिर भी वो कार्यरत थे।	फिर भी वह कार्यरत थे।
7	ये नियम प्रतिदिन क्यों नहीं पालते हैं ।	इन नियमों को क्यों नहीं पालते हैं।
1	अवर के बीच में सबसे खराब	आज से
1	उत्पन्न हो	का जन्म
9	पिप्पली, मोठ, यवक्षार, कालीजीरी, धनिया, जीरा इन सबको समान भाग लेकर चूर्ण कर लेना चाहिये । इस चूर्ण को फाणित ( रात्र) और घी में मिला कर अनार के रस से खट्टा करके रोगी को देना चाहिये । [ जल्पकल्पतरु मे पिप्पल्यादि के कल्क से घृत सिद्ध करके देना चाहिये ऐसा माना है ] ॥	पिडली के मुलहण, मड ( या इन करके) सोचने से, फाल्ग से, खाज इन से, घी से घी का घी और घी से घी पर बैठने से घी, घी का घी, घी से घी, घी, घी और घी से मेला से घी बना कर घी से मिला कर घी मे मिला कर घी मे मिला कर घी मे मिला कर घी मे मिला कर घी मे मिला कर घी मे मिला कर घी मे मिला कर घी मे मिला कर घी मे मिला कर घी से मिला कर घी मे मिला कर घी मे मिला कर घी से मिला कर रक्त का घी
22	सभी अंगों के लेन-देन के प्रभाव से बी.एस.सी.एम. ने सूची में रखे हुए कंपनियों की बाजार दर 5.51 लाख रुपये से कम हो गई है, इसका अर्थ है कि निवेशकों को लाख रुपये का नुकसान हुआ है।	सभी सर्जनों के प्रभाव से बी.एस. में वेबतीकृतियों की कंपनी के लिएटक 7.51 लाख रुपये की में कमचलन हो गया है, जिसके अर्थों की हानि।
6	इससे पहले ही यमुनाचार्य का महाप्रयाण हुआ।	पहले से पहले श्री मोदी की महाप्रवाह सम्राकरण के समान बन गया।
4	वे दोनों वहां स्नान करते हैं ।	वे दोनों वहां ही करते हैं ।
8	यह समिति आगामी महीने अर्थात् दिसंबर में अपना रिपोर्ट देती है।	यह समिति अगले महीने अर्थात् दिसंबर में अपनी रिपोर्ट प्रस्तुत करती है।
13	पहुंचे समाचार के अनुसार''रोहित शेट्टी''इस फिल्म का''सिंघम अगेन''इस खलनायक की भूमिका के लिए अर्जुन कपूर नियुक्त हैं।	पहुंचे समारोह के अनुसार''रक श्रीराट''इस फिल्म की''सिंह को अगेन''इसे दुष्ट की भूमिका के लिए अर्जुनकपूर नियुक्त किया गया है।
6	वहाँ चूडाकर्ण नाम का एक संन्यासी रहता था।	वहाँ चूड़ाकर्ण नाम का यह परिवार प्रतिस्थापन रहता है।
17	वीथे की प्रशंसा करते हुए उसने कहा कि राष्ट्र निर्माण के विभिन्न क्षेत्रों में प्रधानमंत्री के कई योगदान एक ही स्थान पर उचित रूप से दिखाए गए हैं।	वीथेन की सराहना करती थी कि राष्ट्र निर्माण की विभिन्न क्षेत्रों में प्रधानमंत्री ने एक ही स्थान पर सवार हुए एक ही बात की-रूप से दिखाया है।
36	एक वर्ष में से अधिक सरकारी संस्थानों को बंद करके पांच वर्षों में पांच लाख काम करने की प्रतिज्ञा करने वाले कांग्रेस सरकार ने अकेले ही हजारों बाहरी आवरण से श्रमिकों को राज्य के लोगों के साथ इतना अनुचित रखना आरम्भ किया है तो भी धर्मशाला में कांग्रेस सरकार एक वर्ष के उत्सव के ज्ञान से परे है।	पूर्व वर्ष से अधिक सरकार ने सरकारी मेरे वर्ष से पांच वर्षों के लिए पांच लाख रुपये का काम दिया है। वह कांग्रेस सरकार ने एक ही हैं-यह कांग्रेस सरकार ने एक वर्ष में हजारों से अधिक पर बाहर आ
14	सुश्री जखारव ने कहा कि मास्कोदेश यूक्रेन के कार्यों की निंदा करेगा।	सुश्री जखारोवा ने कहा कि मास्कोस के अंतरराष्ट्रीय और शीघ्र ही निःशरतता और यूक्रेन के कार्यों की निन्दा करेंगे।
13	विदूषक – यदि इन दोनों के पिता निर्दयी नाम वाले हैं तो इनकी माता उनेक द्वारा अपमानित एवं निकाल दी गई है। इसीलिए इस वचन से बच्चों को धमकाती है।	विदूषित – इन दोनों ने कहा – यह सदूषित यह क्या नाम है यह सब तो ऐसी बहुत से लोगों द्वारा प्रकाशित नहीं किया जा सकता है। इस वचन से ध्यान कर रहे हैं।
1	प्राप्त करने के लिए पूरा करने के लिए	भोजन करना
3	प्रह्लाद की रक्षा हो गई।	प्रलयद की रक्षा हुई।
1	सृष्टि के पदार्थों ने	प्राणियों को
15	दुर्भाग्यवश जिस के नाखून गल चुके थे और आँखें भी जाती रही थी। सो उस वृक्ष के रहने वाले पक्षी उसके जीवन निर्वाह के लिए कुछ न कुछ निकालकर उसे दिया करते थे। उसी से वह जीता था।	तब उनके जीवन के लिए तटरक्षवास से बेचने वाले अपनेाहारा से क्या लाभ ? वह तो कुछ भी नहीं देता है, उससे वह जीवन के लिए हम देते हैं।
7	जोसेफ बोला – मुझे तो मधुमेह है।	जोसेफ बोला – मुझे तो मधुमेह है।
8	कार्यक्रम के अंत में सहजिला संयोजक योगेंद्रपाल ने सभी गणमान्य व्यक्तियों का आभार व्यक्त किया।	कार्यक्रम के अंत में योगिला के योगेन्द्रपाल ने सभी गणों का आभार किया।
1	राष्ट्र पर आपदा आने	राष्ट्र में विद्रोह होने पर
10	अगर तुम ऊंचा बोलता है तो मैं तेरी बात सुन सकता हूँ।	अगर तुम ऊँचे बोलते हो तब मैं तुम्हारा भाषण सुन सकता हूँ
3	वह मुझसे पूछता है।	वह मुझे पूछता है
2	मैं चढ़ता हूँ।	मैं चढ़ती हूँ।
9	प्रोत्साहन-लाभ अगले वित्त वर्ष में शुरू होगा और अगले वर्ष में समाप्त हो जाएगा।	प्रोत्साहित के लिए को अगले वर्ष की वित्त वर्ष आने और अगले वर्ष जीता था।
9	दूरदर्शन से हम गीतों, नाटकों, समाचारों इत्यादि को सुनते हैं, और देखते हैं।	दूरदर्शन से हम गीत, आदि, समाचार इत्यादि सुनते हैं।
1	पढ़कर के	जो पहले
