src_len	reference	hypothesis
12	क्योंकि यज्ञ करना, वेदादि शास्त्रों का पढ़ना, सत्यात्र में दान देना, तपस्या करना, सत्य आने पर धैर्य धारण करना, सहनशील होना तथा लोभ न करना ये धर्म के आठ मार्ग है|	यह राजा है कि जो तपी ब्राह्मण है, जो सच है, सुख और सुखवान है, सुखस्वी है, सुख और धर्म ही है, यह धर्म है, यह ही बढ़कर धर्म है।
6	केवल 11 सीटें चुनी गईं।	केवल 32 पदों को पूरा किया गया था।
4	तुम दोनों बालक हो	तुम दोनों बालक हो।
4	वे वृद्ध नहीं हीं हैं।	वे वृद्ध नहीं हैं।
4	ईश्वर भक्त कभी नहीं डरता है।	ईश्वर भक्त कभी नहीं डरता है।
8	इसी प्रकार हजारों वर्षा ऋतुओं में दसग्रीव के नए सिर पर आग लगा दी गई।	इसी प्रकार वर्षा के बाद दस सौ से अधिक सिर पर स्थित एक चन्द्रमा के पास निकली हुई।
6	हिमदास ने पूरा कमाया हुआ धन लोकहित में समर्पित कर दिया।	हिमदास ने पूरा होकर धन के लिए धन सम्मेलन का उद्घाटन किया।
10	उस वस्तु को तुम अविनाशी जानों, जिससे यह सम्पूर्ण जगत् व्याप्त है। इस अव्यय का नाश करने में कोई भी समर्थ नहीं है।।	परन्तु यह आत्मा सब कुछ भी है, परन्तु यह (परमात्मा) है, परन्तु सब भूतों में स्थित नहीं है, परन्तु (परमात्मा) के द्वारा (कर्म) कर्म नहीं है।।
1	पास	सदियाँ
10	रूपक की कथावस्तु के बीज से युक्त मुख आदि सन्धियों में यत्र-तत्र फैले हुए आरम्भ आदि अर्थों का एक प्रधान प्रयोजन के लिए एक साथ संग्रह करना या समेटा जाना ही निर्वहण सन्धि है।	जैसे-बान्धवों के द्वारा युक्त, ब्राह्मण, हाथी, हाथी, हाथी, हाथी, हाथी आदि से, हाथी आदि से तथा गरुस आदि से भी मनुष्य के द्वारा तथा अद्वितीय रूप में भी होते हैं।
6	जलों को वर्षा काल के चारों ओर से धाराओं के	वह क्या कारण है?
3	वह सन्तुष्ट हुआ।	वह सुन कर
14	वेदत्रयी जिनका स्वरूप है, जो [अकेले ही समय-समयपर] आपके दास, सखा, वाहन, आसन, ध्वजा, वितान (चाँदनी) और चँवरका काम देते हैं, सवारीके समय आपके पैरोंकी रगड़से बने हुए चिह्नद्वारा जिनका अङ्ग सुशोभित है, वे गरुड़जी आपके सामने हाथ जोड़कर खड़े हैं	जो कोई भी है, जो कि तुझे सैकड़ों बार भी हैं, जो कि तुझे सैकड़ों बार भी हैं, जो कि मेरे हाथमें भी चुचकर चुचकर चुम्बन करनेके से अधिकतर हो गया है, ऐसे हैं, ऐसे वे चाण्डालियोंके द्वारा भी हैं ॥
11	शाम को शिमला के श्यामलाघाट स्थित ज़िला शिक्षा प्रशिक्षण संस्थान में सेवा करने वाले संस्कृत शिक्षकों के लिए पांच दिवसीय प्रशिक्षण शुरू हुआ।	शिमला जिले के हर साल के दूसरे चरण में 23 शिक्षकों की प्रशिक्षण कार्यशाला में पांच शिक्षकों की प्रशिक्षण प्रशिक्षण प्रशिक्षण प्रशिक्षण शुरू हुई।
5	मुझे मिलाकर सत्ताईस लोग थे।	मुझे देखकर सात लोग थे।
13	भाजपा के प्रवक्ता बलबीर वर्मा ने कहा कि सुक्खु सरकार ने अपने दोनों आय और व्ययकर्ताओं के हिमाचल प्रदेशवासियों को धोखा दिया है।	भाजपा के अध्यक्ष रविन्द्र चौहान ने कहा कि राज्य सरकार ने राज्य सरकार की दो करोड़ों को अपनी स्थापना की है।
5	पत्नी –ये कूड़ा नहीं है।	पत्नी – ये है।
6	जांच के दौरान सत्येन्द्रसिवाल के बारे में सूचना मिली	खोज के दौरान सत्य मंत्री ने अपनी सूचना प्राप्त की।
1	कैसा	कैसा
4	वर के मुँह पर हल्दी लगाती हैं।	सुमधुर मुख पर हल्दी लगाते हैं।
5	आप मुझे पुनः कब मिल रहे हैं ?	फिर से मिलती है ?
33	हरिद्वार- जिला स्तरीय संस्कृत छात्र- प्रतियोगिता के आयोजक, संस्कृत-शिक्षा निदेशक एस.एस.पी. खाली, सहायक निदेशक डॉ. वज्श्रवा और आर्य अभिनन्दन पात्र हैं, जो महाविद्यालय परिसर के बीच विभिन्न खेल प्रतियोगिताओं का आयोजन कर रहे हैं, ने संस्कृत छात्रों के बीच खेलने में रुचि पैदा की है।	हरिद्वार-नगर के संस्कृत-राष्ट्रीय-राष्ट्रीय-राष्ट्रीय-राष्ट्रीय-राष्ट्रीय-राष्ट्रीय-राष्ट्रीय-राष्ट्रीय-राष्ट्रीय-विश्वविद्यालय के प्रमुख डॉ. पी.एस.एस.एस.पी.एस.एस.पी.एस. रा.एस.एस.एस. के ऊपर संस्कृत विद्यालयों के बीच, विभिन्न विषयों पर संस्कृत विद्यालयों में आयोजित किए गए हैं।
11	जैसा कि बताया गया था, अफगानिस्तान में शिक्षित पाकिस्तान आतंकवादियों ने स्थानीय लोगों की सक्रियता के लिए प्रहार किया।	सूचना के अनुसार, एनएसआरएसएस ने भारतीय सेना के स्थानीय पुलिस अधिकारी के परिवार के सदस्य के नेतृत्व में सेना के लोगों को सुरक्षित किया।
15	उसी समय दिल्ली नगर में इंडिया गठबंधन सभा के कारण दल के अध्यक्ष मल्लिकार्जुनखड़गे कार्यक्रम में उपस्थित नहीं हुए।	उसी समय दिल्लीनगर के दिल्ली में आयोजित बैठक में कांग्रेस पार्टी के अध्यक्ष के नेतृत्व में कारण उपस्थित नहीं हुए।
8	संसार में सर्वोच्व सत्ता ब्रह्म है जिसने प्रत्येक वस्तु को वश में कर दिया है।	जगत् में जाति का ज्ञान आवश्यक है जिससे प्रत्येक समय में परिणाम का परिणाम पैदा होता है।
7	उसके बाद, प्रधानमंत्री ने आयोजक के रूप में अभिषेक समारोह में भाग लिया।	उसके बाद प्रधानमंत्री ने भाग लिया और मनोगुणात्मक कार्यक्रम आयोजित किया।
1	बेरोकटोक ।	एक साथ
4	प्रत्याशी का जनाधार करेगा।	नौ सौ लोग और युवतियाँ जाती हैं।
7	उन्होंने कहा कि समूह शक्ति देश को सफलता के शीर्ष पर ले जाएगा।	उन्होंने कहा कि समूह देश की समृद्धता के लिए गौरव बढ़ेगा।
9	उत्तम से उत्तम सन्धि के द्वारा भी शत्रु से कभी सन्धि (मेल) नहीं करना चाहिये क्योंकि यदि पानी गरम होगा तो भी वह अग्नि को तो बुझा ही देता है	दुष्ट व्यक्ति ने दुष्टावस्था में भी शोक किया और न ही जल से छीनकर, अपितु जल से भी जल से ही जल लिया।
18	किन्तु मेरे घर में बहुत डांट नहीं पड़ती थी। मैं तो रात में पढ़ता था । प्रथम श्रेणी प्राप्त करता था।	परन्तु मेरे घर में बहुत नहीं दिख रहा था। मैं तो रात को पढ़ने के लिए मैं चित्रों को बुलाया था।
5	वह खड़े होकर भोजन नहीं पकाती है।	वह जल्दी से भोजन नहीं लेता है।
5	मेघमाला ने समस्त गगन मण्डल को आच्छादित कर लिया।	बादल के चारों ओर भौंरे हुई है।
10	भ्रष्टाचार, सू की को पहले ही देशद्रोह और अन्य अपराधों के लिए 11 साल जेल की सजा सुनाई गई थी।	भारतीय सरकार, देश के देश के पूर्वानुमान के लिए पिछले महीने पहले से भारतीय मुद्रा सेवाएं शुरू हो गई हैं।
8	इन योजनाओं का लाभ लाभप्रद नहीं हुआ।	इन योजनाओं का लाभ नहीं हुआ।
8	वाहन चलाने के समय अपना पालन करें और अत्यधिक विश्वास करें।	वाहनों के समय में अपनी प्रतीक्षा करें, और वेद की खोज करें।
9	कार्यक्रम के अध्यक्ष विश्वविद्यालय के माननीय कुलपति आचार्य विजय कुमार सिजीमेनन थे।	कार्यक्रम के अध्यक्ष माननीय कुलपति आचार्य विजय कुमार शर्मा जी के रूप में उपस्थित थे।
24	सामाजिक न्याय और सशक्तिकरण विभाग के उपनिषद् डॉ. भावना युवा सप्ताह के तहत जयपुर में संजय-शिक्षकों के प्रशिक्षण कॉलेज में आयोजित "युवा भारत, विकसित भारत"इस विषय पर प्रचार भाषण का अवसर मिल गया।	सामाजिक न्यायिक मंत्री डॉ. नरेंद्र मोदी ने कहा कि कैंसर के तहत युवा-अष्णा-अभिमानीजपुर के तहत, "सर-संस्कृत-विश्वविद्यालय के लिए"इस विषय पर विकसित भारत के सहयोग से विकसित किया गया।
5	अशिक्षित मनुष्य पशु के समान होते हैं।	शिक्षित होता है मनुष्य पशु के द्वारा पशु होता है।
7	धार्मिक संस्थान पहले निराश्रित पशुओं को पकड़ते थे।	धार्मिक व्यापार पहले जुड़े श्रमिकों को देखाने के लिये उत्सुक थे।
10	प्रशासन- आन्दोलनकारी-कृषि नेताओं के बीच एक नई बात आज होगी।	वार्तालाप-चुनाव-प्रमोद के बीच संबंध में नई दोनों के बीच नई विषयों पर चर्चा होगी।
1	मुसीबत में	बुरा
17	गुरुवार को प्रश्न हॉर के बाद, विपक्ष ने नियम ६७ के तहत हवन प्रस्ताव के सभी कार्य को निलंबित कर दिया और बिलासपुर के झूठेड्डू योजना पर कोलाहल विधानसभा अध्यक्ष बनाया।	गुरुवार को प्रश्न के बाद विपक्ष ने दोपहर के बाद 109955 नियमों का निरीक्षण किया और सभी ने हिमाचल प्रदेश के सभी सरकारी कार्यालयों में कार्य किया।
10	यहाँ काङ्गड़ाचय, काश्मीरका कहावा, चम्बा और औषधियोंका खरीदना बहुत होता है	यहाँ एचपीवी, कश्मीर, कोल, कोलण्ड, तेल, तेल, तेल, तेल, पात्र आदि कई कई कई कई कई कई कई बहुत बढ़ रहा है।
7	उसने सोचा- ये बेचारे पुस्तक के दास वहीं रुकें	वह बिना ही मैंने कहा – "मैं बिना पुस्तकालय में पढ़ने में समर्थ हूँ।
10	राम के द्वारा ही मुक्त किया गया, शीघ्रता से डरी हुई उस स्त्री के साथ गली में घुसकर सीता को प्राप्त हुई।	राम ने ही ऐसा कहकर विभीषण के पास जाकर विभीषण के लिए स्थित होकर उन दोनों के लिए स्नान किया।
6	ईश्वर की अनुकम्पा सदा सबके ऊपर रहे।	ईश्वर के लिए सभी कुछ भी ऊपर चढ़ना चाहिये।
10	और मेरी पूजा सत्कार के अनन्तर सुखपूर्वक बैठकर प्रसन्नचित होकर मुझसे बोले हे राजन् । एक गुप्त बात सुनो, यह आपका अभ्युदय करनेवाला है ॥	हे प्रभो ! आप सुखमय सुखमय सुखमय सुखमय, दुःखमय, पवित्र वचन बोलने वाले, सुखमय, पवित्रचित्त, पवित्रचित्त, पवित्र और आत्मगुणमय सुखमय सुखमय सुखमय, शरणागत, शरणागत, शरणागत, शरणागत, शरणागत, शरणागत, शरणागत, शरणागत, माया और मेरी भक्ति रहित आप सबको मैं प्रणाम करता हूँ ॥
5	मैंने भी खड़े होकर वीरों को श्रद्धाञ्जलि दी।	मैं तुम्हें श्रद्धांजलि दीक्षा के लिए अभिषेक किया।
7	परन्तु फिर भी नेत्रों के सारथित्व को स्वीकार किया।	परन्तु फिर भी उन्होंने शराब का सारथी का सार्या बन गया।
6	जन सामान्य के साथ उनका सुमधुर सम्बन्ध था।	लोगों के साथ उसकी सहमति का अनुसरण था।
21	हर चिकित्सा इकाई में एमआरआई-सीटी-आपदाओं और आम जनता का अनुरोध है कि कैकेयी की सुविधाएं प्रदान करें; हिमसंस्कृतवार्ता-मुख्यमंत्री मुकेश अग्रिहोत्री की धर्मपत्नी प्रोसीमी अग्निहोत्री की मृत्यु हो गई।	प्रत्येक अस्पताल में एमएसएसएस-यह एसजीएसएसएसएस के लिए सामान्य उत्पादकों के लिए एसजीएस-माध्यम से एसजीएसएवी के लिए एसजीएएसएवी के वरिष्ठ अधिकारी धर्मखड़ ने प्रशिक्षण लिया।
10	हे प्रभो! देवों ने कहा कि उसका विनाशकाल आज है।	हे प्रभो! जो देवों के द्वारा जो भी किया गया है वह आज छुट्टी है।
5	तीर्थों का परिचय मानव जीवन का अङ्ग होता है।	शिवों का जीवन मानव जीवन का होता है।
7	उभी भी गुजरात राज्य के जामनगर में विवाह करने जा रहे हैं।	शैलद भी गुजरात के जमीनेमा को प्राप्त करने के लिए जा रहे हैं।
10	और हमारी भावनात्मक एकता की भावना को विकसित करने में शिक्षा का बहुत महत्व है।	इसके लिए हमारे कर्तव्य के बिना शिक्षा के साधन के साधन के साधन के लिए शिक्षा की भावना का महत्व है।
9	अतः शुभ अथवा अशुभ कर्मफल उपस्थित होने पर हर्ष अथवा दुःख करना व्यर्थ है	हे प्रभो ! आप इस प्रकार के विषय में स्थित हो, तुम ही जल वाले हो, तुम ही इस जगत् में रहो, क्योंकि आप ही हो, क्योंकि आप ही हो, क्योंकि इस प्रकार के द्वारा प्राणमय अमृत के समान हो।
13	पिछले दिनों प्रशासनिक सचिवों की साप्ताहिक सभा में मुख्यमंत्री ने प्रत्येक महीने के अंतिम दो दिनों में राजस्व और लोकन्यायालय का आयोजन करने का निर्देश दिया।	पिछले दिनों के वरिष्ठ सत्र में मुख्यमंत्री ने पिछले महीने पहले मुख्यमंत्री के लिए नियुक्त होने के लिए पहली बार, दूसरे दिन पहले, दूसरे सत्र में नियुक्त करने का निर्देश दिया गया।
1	भौंकना	उतरना
8	केरल राज्य के विभिन्न हिस्सों से संस्कृत शिक्षक यहां मिलते हैं।	केरल के विभिन्न जिलों में संस्कृत भाषाओं का अध्ययन किया जा रहा है।
6	कार्यक्रम की शुरुआत संजीवन गोर की शङ्खध्वनि से हुई।	कार्यक्रम का समापन दिल्ली के तत्वावधान में हुआ।
9	आदर्श इको ग्राम योजना के तहत 19 गाँव विकसित हैं।	आदर्श परियोजनाओं में गाँव के तहत गाँवों के लिए महिलाओं की संख्या देखी गई हैं।
10	काम में उसकी पारदर्शिता को देखकर डाॅ नीलकन्त ने उसे कानपुर ले आए।	कार्य के लिए उनके लिए उस समय की संख्या में डॉ. एल.जी.जी.जी. लता ने उसे पकड़ लिया।
1	खांड	छिपा हुआ
9	ये आवेदन 9 फरवरी से 15 फरवरी 2024 तक स्वीकार किये जाते हैं।	ये मामले में 9, 93 फरवरी तक 107 पदों तक प्राप्त होते हैं।
6	उस वर्ष उन्होंने स्वराज नीति की यात्रा शुरू की।	उस वर्ष वह अपनी फिल्म पर अपने विजय प्राप्त किया।
8	यहाँ नासिक स्थल की परम्परा-विधि का अद्भुत संयोजन दरीद्रवी ने देखा।	यहाँ नर्मड़ा-पैर-पह आदि के लिए स्थित तथा महागुणों का उपयोग किया गया।
14	ज्ञान वास्तव में शक्ति है अतः ज्ञान की प्राप्ति के लिए अध्ययन के रूप में तपस्या का सदा आचरण करना चाहिए और विद्यार्थियों के लिए यह अच्छा है।	ज्ञान के बिना, शक्ति, अर्थ, अर्थ, अर्थ, अर्थ, काम, काम, त्याग, त्याग, त्याग, त्याग, त्याग, त्याग, त्याग, यह कहा गया।
4	मैं स्नान करना चाहती हूँ	मैं स्नान करना चाहता हूँ।
13	अविद्या के अन्दर रहकर (मी) अपने आपको बुद्धिमान तथा पण्डित मानने वाले विभिन्न योनियों में भटकते हुए मूढ (मूर्ख) मनुष्य पैसे ही भटकते हैं, जैसे अन्धे मनुष्य द्वारा ले जाये जाते हुए अन्धा ।	इस संसार में विभिन्न प्राणियों के गुण के कारण ही धन की प्राप्ति होती है। इसी प्रकार बुद्धिमान लोग भी सज्जन लोग अपने-अपने-अपने शरीर को प्राप्त करते हैं।
10	दा शत्रुघ्न सलक्ष्मण राम को अभिवादन करके सीता के चरणों में स्पर्श करके उसे प्राण दिया।	वह शत्रुओं के साथ राम के पास राम और लक्ष्मण के साथ आसन पर बैठाकर श्रीरामचन्द्रजी के पासपीचमान होकर दूसरे पर चढ़ गया।
6	अर्जुन ने उन शरणा को रोकने में असमर्थ थे।	अर्जुन ने उन सबको धैर्य दिया और गुरु को नहीं।
10	इस फिल्म में वह दक्षिण के प्रसिद्ध अभिनेता विजयसेतुपति के साथ देखने जाती है।	इस फिल्म में वह दक्षिणी दक्षिणी देशों के साथ जाता है-बार देखा जाता है।
2	हम दोनों पढ़ते हैं।	हम दोनों पढ़ रहे हैं।
4	सब अपनारूप है या शिव कारूप।	सभी ही अपने कर्तव्य का आधार है या शिव है।
11	दीप्ताग्नि रोगी लाख, घो, माम, जोवनीय गण की औषधिया, मिश्री त्वक्क्षीरी ( वशलोचन ) और समिता ( गोधूम, गेहूँ का चूर्ण) को दूध से पका कर पीये ॥	जो कोई भी घी कडली है, उसको कटु के लिये मोवे के दूध के साथ पीवे । अथवा दूध के दूध के दूध के साथ पिलाना चाहिये । यदि प्यास के लिये दूध के साथ पिलाना चाहिये तो दूध पिलाना चाहिये ॥
9	बच्चे चीनी अधिक खाते हैं तो दाँत जल्दी से टूट जाते हैं।	बालक को अधिक तेज से अधिक तेज दौड़ते हैं तो शीघ्र ही जल्द ही गिर जाते हैं।
4	हम दोनों पाठक हैं।	हम दोनों पढ़े।
10	माँ की प्रतिमा में पुरोहितवर्ग के द्वारा क्विन्ताल देशी गाय का चार्पण होता था।	माँ की महिमा की मूर्ति में कश्मीर के नए देश में नौवीं और नौवीं कक्षा थी।
6	श्रीमती जानकीत्रिपाठी ने सबको कृतज्ञता प्रकट की है।	सीताचरण ने सभी को आशीर्वाद दिया।
10	सुखविंदर सिंह सुक्खू अपनी कार्यकाल की दूसरी  ⁇ udget को 17 फरवरी को प्रस्तुत करने जा रहे हैं।	सुखविंदर सिंह सुक्खू अपने आयुक्त 1 फरवरी को दूसरे चरण के दूसरे चरण में जा रही है।
3	संगति से क्या हो जाते हैं?	कैनिफुन कौन-से उत्पन्न होते हैं?
17	इन्द्र ने कहा कि सबसे पहले तो तुम्हें भगवद्शंकर की पाशुपत् अस्त्र प्राप्ति करनी चाहिए, उसके बाद अन्य देवता भी तुम्हें दिव्यास्त्र देंगे।	इन्द्र ने कहा कि पहले तो पहले ही आप देवों के द्वारा आप (शिर) पवित्र (जनुमान) रूप से देवों को प्राप्त हुए हैं, फिर भी वे (शैपाख) प्राप्त हुए हैं।
1	आम तौर पर	जीवनओं के द्वारा
4	दस बजे बस आती है।	वाहन दस बजे आती है।
5	उठो, जागो और श्रेष्ठ आचार्यों के पास जाकर ज्ञान प्राप्त करो।	काश्यप ! उठो, हम दोनों को पति के रूप में विचार करो।
4	हे बालक! यहाँ आओ।	हे बालक ! यहाँ आओ।
4	मैं जल्दी जाता हूँ	मैं जल्दी से घर जाता हूँ।
8	जो पुरुष योगयुक्त, विशुद्ध अन्तकरण वाला, शरीर को वश में किये हुए, जितेन्द्रिय तथा भूतमात्र में स्थित आत्मा के साथ एकत्व अनुभव किये हुए है वह कर्म करते हुए भी उनसे लिप्त नहीं होता।।	योगी पुरुष योग और मन से रहित होकर, आत्मा को आत्मा में स्थित नहीं देखता है, वह सब भूतों को त्यागकर भी नहीं कर पाता।।
10	केंद्रीय स्वास्थ्य मंत्रालय ने कहा कि पिछले साल 500,000 शिशुओं को वासुरिका प्रतिरोध सूची वाली दवाओं के उपयोग के लिए निर्धारित नहीं किया गया था।	केंद्रीय पर्यावरण मंत्रालय ने कहा कि पिछले साल नई प्रौद्योगिकी दवाओं को बढ़ावा देने के लिए आधारभूत संरचनाओं का सामना नहीं किया जा रहा है।
14	कार्यक्रम में नगर के सुधी विद्वान् पाणिनि विक्रम-विश्वविद्यालय के शिक्षक छात्र-शोध छात्र और पत्रकार बांधव उपस्थित थे।	कार्यक्रम में शहर के शुभ अवसर पर दो सौ से अधिक विश्वविद्यालयों का शिक्षण-संस्कृत-विश्वविद्यालय के छात्र एवं छात्रगणों ने भी भाग लिया।
5	हिमाचल प्रदेश के देवसमुदाय के लोग रहते हैं।	हिमाचल प्रदेश देवभूमि के लोग पैदा होते हैं।
10	क्योंकि सुबह नित्यकर्म से दिनचर्या के अनुसार सभी सत्र होते हैं।	जो त्याग दिवस के अनुसार जनवरी से शुरू हुए सभी विषयों को प्राप्त होते हैं।
5	प्रकृति का दर्शन कब करते हो ?	विभु बहन कब दिखा रही है ?
16	रेस्तरां के लिए आधुनिक सुविधाएं प्रदान करती हैं जिससे वे यहाँ अधिक समय बिता सकते हैं और राज्य की अर्थव्यवस्था बढ़ती है।	पर्यटकों के लिए उन्होंने आधुनिक सुविधा को बढ़ाने के लिए यहाँ अधिक प्रयास किया है जिससे वे राज्य के नियम बढ़ते हैं।
4	बेटा, अज्ञानतावश जो भी हो गया।	बेटा, अज्ञान से जो भी मर गया था।
3	पार्वती लज्जा से काँपती है।	पार्वती पिता लताओं को पी रही है।
13	तत्व को जानने वाले विद्वानों ने यह कहा है कि हजारों चाण्डालों के समान एक यवन अर्थात म्लेच्छ धर्मविरोधी होता है। इससे बढ़कर कोई दूसरा नीच नहीं होता।	और भी कहा गया है कि ये लोग अपने आप कर्मों के साथ ही समेत ही है, क्योंकि एक दूसरे के द्वारा युक्त रहस्य का उपयोग करने वाला है, जो कि ये दोनों के द्वारा किसी भी प्रकार के द्वारा प्रसिद्ध हैं, जो भी नहीं हैं, वह नष्ट हो जाता है।
9	जैसे-जैसे इस लोक में जो कुछ कार्य होते हैं, वे सब तुझी संचित की जाती हैं।	यदि वे इस विश्व में जाते हैं तो वे इस स्थान पर नियुक्त होते हैं।
12	ब्रह्मपुत्र नदी के बिना तो असम प्रदेश और उत्तरपूर्व महासागर क्षेत्रों के बारे में कल्पना भी नहीं कर सकती है।	ब्रह्मपुत्र पुत्र के बिना तो जम्मूएँ पहले ही उत्तर प्रदेश के पूर्व और पूर्व क्षेत्र में भी न ही कुछ भी क्षेत्र के बारे में नहीं किया जा सकता है।
8	राजीवः –हाँ , नगर में तो मैं पढ़ने के लिये रहता हूँ।	राजीव – हाँ , नगरपालक तो मैं तो नगरों को मजबूत करता हूँ।
4	अभी स्वाध्याय नहीं हुआ है।	अब स्वाध्याय नहीं हुआ।
12	अपने प्रियमें स्वाभाविक प्रेम, पूर्ण‍ आवेश और तन्मयतायुक्त जो भक्ति हो, उसे रागात्मिका भक्ति कहते हैं ॥	हे प्रभो ! आप अपने आप अपने आप हाथकमल को छोड़कर आपसी दया और दयालु हैं। आपलोगों को आपसे ही देखें ॥
4	नागेन्द्र घर के बगीचे में आम उगाता है	नदी के आँगन में एक बेलचहरी बजाता है।
1	पौधे	प्राप्त करता है
9	यह अरुणाचल राज्य से भारत में प्रवेश करता है और असम में और बांग्लादेश में फैलता है।	इस दौरान भारत के राज्यों से भारत प्रवेश कर रही है और अमृतसर क्षेत्र में आर्मी और अमृतयात्रा का आकलन किया गया है।
15	भारतीय पहल टीम के अध्यक्ष के रूप में चुनाव के बाद संजय सिंह ने उत्तर प्रदेश गोदामी में राष्ट्रीय प्रतियोगिताएं आयोजित करने की घोषणा की।	भारतीय खेल खेल महासचिव और दर्शन मंत्री भूपेन्द्र सिंह चौहान ने दिल्ली के राष्ट्रीय अध्यक्ष के रूप में चुने गए हैं।
10	देवभूम के कुल्लो आराध्य देव भगवती रघुनाथ ने अयोध्या में राम मंदिर की प्रतिष्ठितता का निमंत्रण स्वीकार किया है।	देवेश्वर मंदिर के 30वें दिन श्री राम मंदिर के उद्घाटन के लिए अयोध्या पहुंचे।
5	जो सदाचारी है वह शिक्षक है	जो सदाचारी है वह शिक्षक है।
3	यह मधुमक्खी निर्माण करती है।	परोपकार से मुक्त होकर वह दुखी हो जाता है।
6	ऐसा कहकर देव ब्रह्माजी देवों के साथ अपने स्थान पर गए।	ऐसा देवदेव के साथ ब्रह्मदेव के साथ अपने ब्रह्माजी को गया।
4	हम सब श्रीकृष्ण को जानते हैं।	हम सब श्रीकृष्ण को नमस्कार करते हैं।
12	नौणी विश्वविद्यालय के शोध निदेशक संजीव चौहान ने कहा कि जुजुबे-बदरी के बारे में शोध कार्य तीन चरणों में किया जाता है।	रेल विभाग के निदेशक डाॅके. ने कहा कि काशीसुन्दर-कोटा-कुंड-इस विषय पर शोध छात्रों के बारे में तीन-यह छात्रों के बीच किया जा रहा है।
9	भगवान् के अतिरिक्त जनधन वैभव,वस्तु और शरीर आदि में मुझे कोई भी अनन्यभाव या अन्यता नहीं है।	भगवान् कहते हैं कि लोग विभिन्न प्रकार के संग्रह के लिए लगे हैं, परन्तु मेरे पास कोई भी असंभव है।
6	धूप में मत घूमो नहीं तो बीमार पड़ जाओगे।	आतंकवादियों को मत नहीं करना चाहिए।
6	आप काम कब करेंगे ?	आप कब काम करेंगे ?
3	उस की अच्छी भौँहें हैं।	उसका भतीजा बहुत पँतर है।
3	मुझे यह पता है	मैं हो गया हूँ।
4	रास्ते में गड्ढा था।	रास्ते में गड्ढा था।
9	सुक्ख बोला कि 2024 में नई औद्योगिक विकास नीति लायी जाएगी।	सुक्ख ने कहा कि उस वर्ष उस वर्ष नई योजना के लिए एक नया रेल खरीद जाएगा।
6	गाँव के निकट एक सरोवर है।	गाँव में एक जगह है।
5	मेरे पर्स में बक्कल है ।	मेरे थैले में बालदार है।
1	जाना	अशुभ
1	एकता	बिखरता है
3	मुझे अचार पसंद है	मुझे बाजा पसंद है।
6	दक्षा – मैंने तो आधा याद किया।	दक्षा – मैं तो नौ बजे थी।
8	अनेक पाठकों के दृश्य पत्रालय के अन्दर और बाहर निकाले गए।	अनेक लताओं ने अयोध्या में और दृश्यों को बाहर निकाल लिया।
13	इस प्रकार, एएसपी नगर अवधेश कुमार दीक्षित ने भी स्थल पर पहुँचकर थाना से घटना से जुड़े सूचना को प्राप्त किया।	इस प्रकार यूएसपीएसपी ने जिला कप्तान पर भी गहन सूचना दी।
26	हिमाचल प्रदेश के कांग्रेस सरकार के बारे में कथित संकट के बारे में वरिष्ठ कांग्रेस नेता और मध्य प्रदेश के पूर्व मुख्यमंत्री दिग्विजय सिंह ने कहा कि सरकार वहाँ स्थिर है, जब समय आता है तब विद्रोहों के खिलाफ कार्यनीति लागू होगी।	हिमाचल प्रदेश सरकार ने कांग्रेस के बारे में कहा कि पूर्व मुख्यमंत्री और पूर्व मुख्यमंत्री वरिष्ठ कांग्रेस के पूर्व मुख्यमंत्री अशोक कुमार के नेतृत्व में पहले ही हैं, उन्होंने कहा कि जब तक सरकार की दिशा में कार्य करने के लिए तैयार होंगे, तब तक कार्य शुरू हो जाएगी।
3	स्वप्न के गीत को और गीता को क्या चुभता है?	यह सुनकर भी है, फिर भी क्या हुआ है?
5	आज लोग यज्ञ करते हैं ।	आज लोग यज्ञ करते हैं।
1	दोपहर के बाद करते योग्य कार्य	लहरों से
5	जरा रुको, मुझे स्मरण है।	क्षमा करियेगा, मैं याद करता हूँ।
13	हे सुव्रत ! मेरे वह दोनों वरदान आपके पास धरोहर हैं। उनमें से एक वर के द्वारा शीघ्र ही मेरे प्रिय पुत्र भरत को इस एकत्रित सामग्री से युवराज पद पर अभिषिक्त कीजिये और दूसरे वर से शीघ्र ही राम को दण्डकारण्य में भेज दीजिये ॥	हे राम ! आप दोनों के द्वारा अधिक कहने के कारण मैंने मुझे बुलाया है। यह सुनकर वाली मुझे अत्यन्त प्रियलक्षणा नाम से मेरा प्रिय हो गया। यह सुनकर वाली अति शीघ्र ही अतिशय प्रिय हो गया ॥
8	पश्चिम से लेकर पश्चिम तक जो साहित्य का अध्ययन किया गया है, वह कला रूप है।	जो वैद्य शास्त्र के द्वारा रचित है, वह एक ही रूप में नाम के रूप में नाम का रूप धारण करता है।
7	वे राज्य में विपक्षी दल के भी नेता थे।	वह राज्य में कांग्रेस पार्टी भी नेता थे।
6	गरम पानी में हाथ और पैर रखता है।	ठग पानी का पैर और हाथ हाथ में रखता है।
4	मैं घास गौशाला में ले जा रहा हूँ।	मैं घास गौशाला में खड़ा नहीं हूँ।
8	जो झूठ बोलता है, कोई उसका विश्वास नहीं करता।	जो अन्न चाहता है वह कौन नहीं सोता है?
7	हिमाचल प्रदेश के समतल मध्य-उच्च पर्वतीय क्षेत्रों में मौसम बदल गया।	हिमाचल प्रदेश के समतल क्षेत्रों में वायुवात क्षेत्र में परिवर्तन हुआ।
8	शोभा –हस्ताक्षर तो देवनागरी में ही करने चाहिये ।	छात्र – हस्ताक्षर तो देव मंदिर में ही करना चाहिये।
3	हाथ अंदर करिये।	हाथ में रुकिये
15	प्रधानमंत्री नरेंद्र मोदी की परीक्षा में चर्चा के सातवें संस्कार में पोर्टल में एक करोड़ से अधिक पंजीकरण प्राप्त हुए।	प्रधानमंत्री नरेंद्र मोदी ने शाम को नई शिक्षा नीति के लिए सात लाख रुपये के लिए एक लाख रुपये का भुगतान किया।
4	मेरे घर में शान्ति चाहती हूँ।	मेरे घर में शान्ति चाहता हूँ।
4	कौआ-कौआ ही रहता है और कोयल-कोयल होती है।	काँच काटी है।
9	कबन्ध बोला यदि आप राम हैं और स्वयं आप मेरे पास आये हैं तो मैं धन्य हैं। पूर्व समय में में रूप और योवन के मद से उन्मत्त एक गन्धर्वराज था ॥	हे राम ! आप मेरी माया से आप मुझे आपस में देखें। आप मेरी माया के रूप में कीजिये। आप मेरी माया के रूप में कीजिये। अतः आप मेरी माया के रूप में विमोही रूप में रहने वाले हैं ॥
1	सोम रस का पीने	इन्द्र
9	भगवान श्रीराम द्वारपाल से बोलेआनन्दपूर्वक उन्हे अन्दर ले आओ। तत्पश्चात् विधिवत् पूजित होकर मुनिगणों ने अनेक प्रकार के रत्नों से विभूषित महल में प्रवेश किया ॥	जो कोई भी है, वह तो एक ही है, जो कि वह एक बार ही अपनी पूजा करनेवाला है, क्योंकि वह हरिजी है, ऐसा कहकर भगवान् श्रीहरि भी प्रेम के पास हैं ॥
6	मेरे घर एक पँखा है ।	मेरे घर एक पँखा है।
10	आपने तो मैं बहुत समय तक परीक्षित किया, इसलिये इस संदेह को छोड़ दो।	तुम तो मैं तो बहुत परीक्षा करना चाहता हूँ, इसीलिए परीक्षा छोड़ दो।
10	हिमाचल प्रदेश सरकार की सभी अनुबंध कर्मचारी महासंघ की बैठक और चुनाव भी आभासी माध्यम से आयोजित हुए।	हिमाचल प्रदेश के सभी प्रसिद्ध महासचिवों ने महासचिव पदवी को घोषणा की।
4	वे संस्कृत में सम्भाषण कर रहे हैं ।	वे संस्कृत भाषा में बातचीत करते हैं।
8	रिपोर्ट में कहा गया है कि वह इस महीने की 22 तारीख तक एकांत कारावास में नहीं रह सकते।	इस महीने की 2 तारीख तक रिपोर्ट के लिए रिपोर्ट जारी किया जा रहा है।
1	मेरे लिये	मेरी
10	मुख्यमंत्री ने कहा कि बिजली महान देव-रोपवे-निर्माण के लिए केंद्र-राज्य सरकारों के बीच ज्ञापन पर हस्ताक्षर किए गए।	मुख्यमंत्री ने कहा कि विश्वदेव ने राज्य सरकार की निर्माण के लिए केंद्र सरकार की- सरकार की यात्रा के लिए एक पत्र दिया।
3	कहाँ से भेजा गया ?	कहाँ से भेजा गया ?
4	उसके दोनों होंठ लाल हैं।	उसके दो कान मैले हैं।
10	उनमें से गुरु का सबसे प्रिय शिष्य विनयशील, अत्यन्त विनयशील और परमज्ञासु हुआ।	उनमें गुरु के शिष्य ने शिष्यों के नाम का राजा, बल और यशस्विनी, और यशस्विनी।
30	कार्यक्रम के उद्घाटन में स्कूल के उप-प्राचार्य अनिलकोटनाला निर्णायक, विशेष अतिथि, राजकीय- स्नातकोत्तर कॉलेज के भौतिक सहायक प्रोफेसर डॉ. डी.एस. चौहान, रसायन विज्ञान की सहायक प्रोफेसर डॉ. सुरेश कुमार, जीव विज्ञान की प्रवक्ता मनीषमधवाल ने दीप प्रज्ज्वलित किए और सरस्वती माँ की समक्ष पुष्पप अर्पित किए।	कार्यक्रम के उद्घाटन में स्कूली माध्यमिक विद्यालय के प्रिंसिपल, रेल शोध संस्थान, सहायक- शोध संस्थान, सहायक- शोध संस्थान, सहायक- शोध संस्थान के सहायक डाॅश्री कृष्ण कुमार शर्मा, डॉ. रा.पी.एस.एस.एस.एस.एस.एस.पी.पी.पी.पी.पी.पी.पी.पी.पी.पी.पी.पी.पी.पी. रा.पी.पी.पी.पी.पी.पी.पी.पी. रा.जी.जी.जी.जी.जी.जी.जी.जी.जी.जी.जी
9	जनवरी दिनाङ्क सबके लिये बहुत विशेष दिन था ।	जनवरी को सभी लोगों को बहुत दिन था।
11	अरब देशों ने इस्राइल पर बमबारी करने का आरोप लगाया है. लेकिन इजराइल ने इस पर रोक लगा दी.	चीन ने कहा कि चीन ने साल से ही चीन को इस हमले में लाने की घटना पर प्रतिबंध लगा दी है.
3	आठवें वर्ष पर्यन्त की थी।	आठ वर्ष की जेल में
1	कष्ट, पौड़ा	श्रवण
4	हम लोग फल खाते हैं।	हमें फल का फल होता है।
10	पर्यटन विकास निगम के उपाध्यक्ष आरएस बाली ने कहा कि वह कांगग्रेस की महत्वाकांक्षी हैं.	पर्यटन विकास परिषद के अध्यक्ष डाॅअमन यादव ने कहा कि बालपति के रूप में कांग्रेस ने कहा।
6	सात नए रेल लाइन की लाइन को उत्पादन किया जाना है।	सात चींटियाँ रेल के ऊपर बने हैं।
8	पूरे दिन तक (भर) सोता हुआ यह कैसे हमारी रक्षा करेगा।	यह आश्रम प्रतिदिन किसी से अधिक दूर हो जाएगा।
6	रात साढ़े तीन बजे दो चोर घर में घुसे।	रात में साढ़े छः बजे दो बजे घर गया।
1	तय	दिन
3	विनय (नम्रता	नारियल धोता है।
6	वृद्ध बालों के लिए प्रेतकार्य नहीं करते थे।	वृद्ध बच्चों के लिये बच्चों को नहीं डरते थे।
1	प्रयत्न	कर्म
6	तुम्हारे पास केवल आधा घंटे का समय है।	तुम्हारे पास केवल आधा घंटे का समय है।
5	पाँच मिनट तक दोनों ने विश्राम किया।	पाँचवीं कक्षा में दो मिनट तक हुआ।
3	वे दोनों शान्त हुए।	वे दोनों रुकोगे।
5	लैंडर की गति को धीमा किया जा रहा था।	संन्यास में वस्तुएँ राहत खरीद रही थीं।
14	मुख्यमंत्री के पूछे जाने पर सति रजीना ने कहा कि वह पूर्ण शिक्षण शुल्क, रूपया और कोश धन (बोझ) को प्राप्त करती है।	मुख्यमंत्री ने कहा कि वह हर महीने से अधिक शिक्षा प्राप्त करता है, वह सरकारी शिक्षा को बढ़ाने के लिए जाता है।
6	अतः व्यवसाय में बहुत लाभ नहीं है।	इसलिये बेतुश बहुत लाभ नहीं है।
13	हर साल चुड़िया पर स्थित शिरगुल देवता मंदिर की द्वारपाल ने दिसंबर को प्रतिबन्ध किया और अप्रैल को बैसाखी तक की चुड़िया यात्रा पर प्रतिबंध लगा दिया है।	हर साल सुबह आकाश में भूमि पर उतरने वाले मंदिर से जनवरी तक मंदिर तक टिकट में उतरने का रिकॉर्ड है।
6	टांडा चिकित्सा महाविद्यालय में पहली बार ऐसी चिकित्सा शुरू हुई है।	टांडा चिकित्सा महाविद्यालय में पहली पहली चिकित्सा सेवा शुरू हुई है।
1	उत्तपन्न करते थे	प्राप्त किया
1	अस्तित्व अनुसार	मनुष्य
1	खोदता है।	खोदता है
4	वह दुष्ट आत्मा अन्याय से राज्य करता था।	वह देखकर राज्य के समीप से ऊपर गया।
8	हे कौन्तेय ! श्रद्धा से युक्त जो भक्त अन्य देवताओं को पूजते हैं, वे भी मुझे ही अविधिपूर्वक पूजते हैं।।	हे कौन्तेय ! जो पुरुष, इन्द्रियों के द्वारा भी परम ब्रह्म को प्राप्त होते हैं, वह मुझे भी परम ब्रह्मरूप (विद्वुद्ध) प्राप्त होते हैं।।
1	जागने के लिए ।	जानने के लिए
6	अब शुल्क भी अनिवार्य होगा।	अब च्लॉकरी का भी आरम्भ होगा।
6	श्रीकृष्ण के चित्र की उपासना तो सभी करते हैं।	श्रीकृष्ण जी चित्रों को अलग ही सभी कुछ करते हैं।
13	इन युवाओं को minimum शिक्षा मिलनी चाहिए और खेती के क्षेत्र में अपना व्यक्तित्व बनाने के लिए इच्छुक होना चाहिए।	इन युवाओं को शिक्षा के लिए शिक्षा और शिक्षा के लिए प्रेरित करने के लिए उच्च स्तरीय कृषि का उपयोग करना चाहिए।
9	उसके बाद राक्षसराज को उसके चिता में रखकर विभीषण ने विधिपूर्वक अग्नि दी।	फिर राक्षसराज और उसके साथ उस समय स्थापित करके उस भरी ने पहले सुनाया।
3	जो कार्य कल करना है, उसे आज ही कर लेना चाहिए।	कल कार्य कर रहा है।
12	वे उस पक्ष के विभिन्न चरणों में कार्य करते हुए उस वर्ष पक्ष के अध्यक्ष बने।	वह उस तरह विभिन्न लोगों के लिए जाकर कार्य के लिए बैठक हुई।
7	बुधवार को सेंसेक्स कमता के साथ खोला गया	बुधवार को सेन्सेक्स ने बताया कि सबसे कम तापमान है।
4	वह स्वामी अक्षयानन्द हैं।	वह स्वामी बस से नौका है।
7	कन्ग्रेज सरकार ने एक वर्ष में तीनवचन पूरे किये।	कांग्रेस सरकार ने एक वर्ष में तीन प्रतिज्ञा की है।
3	पांच बजे से ध्यानसत्र शुरू होगा।	पाँच बजे ध्यान करेगा।
8	वेस्टमिंस्टर ने बाद में रानी को श्रद्धांजलि दी।	बाद में, ए.जी.जी.जी. के नििंसिपल स्वामी जी ने महाभाष्य को श्रद्धाञ्जलि दी।
8	अतिथियों का स्वागत प्रांतमंत्री डॉ. चंद्रप्रकाश ने किया।	अतिथियों का स्वागत डॉ. कविता भट्ट ने किया।
7	पुनः हिमाचल में उत्सव का मौसम बन गया है।	फिर हिमाचल प्रदेश के उत्सव का वातावरण बन गया है।
7	उन्होंने इस परंपरा को अपने जीवन में आगे किया है।	उन्होंने यह अपना जीवन अपने जीवन भी प्रारम्भ किया।
6	कुछ लोगों ने ध्यान भी किया	कुछ लोग ध्यान भी किया।
4	वह मिर्ची तलता है ।	वह मिठाई तलती है।
8	तब सेगृहीतप्रहरण राक्षस सेना और वानरों का बड़ा बल निश्चयपूर्वक एक साथ हो गया।	फिर उस राक्षस ने रावण को मारने के लिए रावण और वानरों को युद्ध के लिए रावण को मार दिया।
1	देखते हैं।	देखने के लिए
7	संयुक्त राष्ट्र महासभा की अध्यक्षता आज शीर्ष पर है-विश्वास की पुष्टि	संयुक्त राष्ट्र महासभा के अध्यक्ष अब विश्व निर्माण-विदेशिक-विधि है।
7	काश्य का यह परिवार समृद्ध, विद्वान् और भगवद्भक्त था।	काशी के परिवार के परिवार का यह समृद्ध और भगवान् भगवान् भगवान् भगवान् भगवान् श्रीराम थे।
13	''रसरत्नसमुच्चय''और यहाँ इसके बाद भौर/ सुश्रुतसंहिता में भी ऐसा संस्कार दिखता है।	''सैफुन''इसका भी पालन है, वहाँ सुश्रुत सुपरहाणी भी शामिल हैं।
9	इला – चिंता मत करिये भैया ! अब चित्र ले लीजिये।	बीज – ठीक है , अभी तक चित्र बन्द करो।
4	पुरोचन को दोष से	अकाल से रहित मन वाले मनुष्य के लिए कोई नहीं है।
3	ऐसा क्या ?	ऐसा क्या है ?
13	यहां आशा है कि यह वाणी प्रक्रिया के अनुसार''पुरा''इसका तात्पर्य यह है कि शब्दाटु काप्रत्यय आवश्यक ही होता है, परन्तु नियमप्राप्त तालाब का गोप नहीं होता है।	अपराना है कि यह सूत्र बनाने के लिए''अथोध्य' है''यह शब्द के अनुसार ही 'अथना' शब्द के नियम के नियम से प्रसिद्ध है, या नियमों को नहीं किया जा सकता है।
5	सावित्री इस अपमान को सहन न कर सकी।	यह माना गया है कि यह समार्थ है।
25	स्कूलों के लिए कम अनुबंध-कक्षाओं में संस्कृत शिक्षकों की नियुक्ति, संस्कृत महोत्सवों में विभाग के विद्यार्थियों की भागीदारी, उन्होंने खुफिया परीक्षाओं में अधिकारियों के उलटफेर जैसे मुद्दों पर संगठन द्वारा आयोजित शिक्षकों और छात्रों के अधिकारों की रक्षा के लिए आंदोलनों में एक जन प्रतिनिधि के रूप में हर संभव सहयोग और सहायता की घोषणा की।	विद्यालय के विभिन्न जिलों में संस्कृत-अकादमी द्वारा संस्कृत भाषा के विभिन्न जिलों में, संस्कृत शिक्षकों, और संस्थाओं के अधिकारियों, अधिकारियों, अधिकारियों, अधिकारियों, अधिकारियों, अधिकारियों, अधिकारियों, अधिकारियों, अधिकारियों, अधिकारियों, अधिकारियों, अधिकारियों, अधिकारियों, अधिकारियों, अधिकारियों और अभिभावकों के साथ विभिन्न विषयों पर भी आयोजित किए गए। उन्होंने विभिन्न विषयों पर भी नई शिक्षा के बारे में भी जानकारी दी है।
5	प्रतिदिन लोग धन अवश्य ही गिनते हैं।	प्रतिदिन लोग धन अवश्य गिनते हैं।
13	आपको अपने रोजमर्रा के कर्तव्यों को निभाने में ईमानदार होना चाहिए। आपको सफलता और असफलता के मोह को त्याग देना चाहिए। ऐसा संतुलन योग के जरिए हासिल किया जा सकता है।	योग और योगयोग से युक्त होकर कर्म करके, ध्यान और ध्यान से युक्त होकर, ध्यान और ध्यान से युक्त होकर, ध्यान से युक्त होकर, ध्यान से युक्त होकर, ध्यान से युक्त होकर, ध्यान से, ध्यान से, ध्यान से, ध्यान से, ध्यान से, ध्यान से, ध्यान से, ध्यान से और ध्यान से युक्त होकर, ध्यान से युक्त होकर, ध्यान से युक्त होकर, ध्यान से युक्त होकर, ध्यान से युक्त होकर, ध्यान से युक्त होकर, ध्यान से युक्त होकर, ध्यान से युक्त होकर, ध्यान से युक्त होकर, ध्यान से युक्त होकर, ध्यान से युक्त होकर, ध्यान से युक्त होकर, ध्यान से युक्त होकर
5	उनका प्रेणादायक प्रवचन मैंने सुना था।	उनके लिये प्रयास करने के लिये मैं आना था।
7	यह घोषणा राज्य में ६६ लाख कर्मचारीों के लाभ के लिए होगी।	यह निर्णय राज्य में 26 लाख रुपये के वेतन के लिए होगा।
4	रास्ते में भी संस्कृत सम्वाद होता है।	रास्ते में भी संस्कृत अभ्यास होता है।
3	दोनों ने पढ़ा।	वे दोनों पढ़े।
1	है प्रदर्शन	है
9	वह सत्य और शीलवान तथा सभी भोगों से रहित होकर स्वाध्याय करने के कारण अत्यन्त धर्मपरायण हो गया।	वह सत्य और ठंडी सब प्राणियों के बीच स्थित होकर अपने विचारों को छोड़कर, धर्म के द्वारा नष्ट करने के लिए बहुत से धर्ममान हुआ।
14	उच्च न्यायालय ने कल पुलिस कमांडर कुंडू और पुलिस अधिकारी कांगड़ा शालिनी को वर्तमान पद से निकालने का आदेश दिया था।	दिसंबर को उच्च न्यायालय ने उच्च न्यायालय के आदेश पर आईडीजी और पीजीजीजीजीजी के पद पर निदाई लगाया था।
3	आप विद्यालय जाईये।	आप विद्यालय जाईये।
1	तिल	झूठ
11	वह श्रीरामचन्द्रजी की परिक्रमा कर उन्हें साष्टाङ्ग प्रणाम करने के पश्च्यात भक्ति से गदगद कण्ठ होकर हाथ जोड़कर कहने लगा । ॥	श्री रामजी ने राम को देखकर उन्हें प्रणाम किया और उन दोनों का सिर सूंघकर उन्हें प्रणाम किया और उन दोनों का सिर सूक्ति करते हुए बोले ॥
9	उद्योग मंत्री ने कहा कि मुख्यमंत्री सुक्खू इस दुखद घटना से पीड़ित हैं।	उद्योग मंत्री ने कहा कि मुख्यमंत्री सुक्खू इस अवसर पर सुखी से अधिकृत है।
7	कोर्ट ने कल के फैसले को रद्द करते हुए वाराणसी में कर्फ्यू लगा दिया.	सुप्रीम कोर्ट ने पिछले महीने की तारीख को राज्य सरकार को एक सम्मान के लिए एक सम्मान किया है।
10	हिमाचल उच्च न्यायालय के आदेश के बाद राज्य सरकार ने डीजीपी संजय कुंडू को पद से हटा दिया है।	हिमाचल प्रदेश उच्च न्यायालय ने उच्च न्यायालय के आदेश के बाद डीपीडीपी संजयांग की नियुक्ति शुरू कर दी है।
4	वह तो करीब-करीब बच गया।	वह जोसे द्वेष करता है।
10	देवभूम के कुल्लो आराध्य देव भगवती रघुनाथ ने अयोध्या में राम मंदिर की प्रतिष्ठितता का निमंत्रण स्वीकार किया है।	देवेश्वर मंदिर के 30वें दिन श्री राम मंदिर के उद्घाटन के लिए अयोध्या पहुंचे।
8	राज्य सरकार ने अनाथ बालकों को''राज्य के बच्चे''एक दत्तक ग्रहण किया है.	राज्य सरकार ने बालपतिओं के बच्चों को''राज्य का''आप''इसकाकरण दिया है।
6	परिस्थितियों को अवसर मानकर मेरे पास आओ और विद्या प्राप्त करो।	और भी -आस से मनुष्य को विद्या की रक्षा करनी चाहिए।
7	सतीश – रास्ते में कुत्ते दौड़ रहे थे।	मोर – रास्ते में दोनों दौड़ते थे।
4	अब सब जगह कूड़ादान दिखता है।	अभी सब जगह सेल्हा दिख रहा है।
7	उसने समानबोध किया ईश्वर सबव्यापक और सबदर्शी हैं।	उन्होंने जगत् में ईश्वर को सब कुछसारा चढ़ा दिया है।
1	कदम	संग्रह
6	एक उच्च वर्ग के धनवान ने भी गुरुजी को मिष्ठान दी।	एक उच्चशाला में धनिक भी गुरु जी ने संदेश दिया।
12	''दक्षिण रिचमोंट हिल''यह प्रतिमा वर्तमान तुलसी मंदिर के सामने स्थापित की गई थी।	''सॉदी''इसकी जालनाथ ने अब तक इस समय की दूरी को स्थापित किया।
3	कार्यालय के पात्र धोता है।	कार्यालय का पात्र साफ करती है।
1	सन्देश देकर	जानने के लिए
17	''बाहूबली'', ''आरआर.आर'' इत्यादि सफल फिल्में बनाने वाले एस.एस. राजामौली एसएसएमबी''इस फिल्म के कारण इस खबर में है.	''डिशा''इसकी''फिल्म के अनुसार''आरआरआरआरआरआरआरआरआरआरआरआरआरआर- विजय के निर्माण के लिए''आप''इस फिल्म के साथ 29999 फिल्म के साथ यह है।
11	जनार्दन का माँ भर कहना था कि गुरुजी उठ कर फीके चेहरे के साथ कहते हैं तो ऐसा करो।	हे राजन् ! मैं तुम्हें अपने आपको ऐसे लोगों के साथ और गुरु के साथ ही तुम्हें तुम्हें तुम्हें तुम्हें तुम्हें तुम्हें देखूँगा।
3	बिटिया पानी लेती है	बेटी पानी ले जाता है।
4	राजा ब्राह्मण को धन देता है।	राजा ब्राह्मण को धन देता है।
15	वित्त मंत्री निर्मला सीतारमण ने कहा कि तमिलनाडु राज्य के जलास्खलन से प्रभावित क्षेत्रों में लगभग 2,000 लोगों की रक्षा की गई है।	वित्त मंत्री निर्मला सीतारमण ने कहा कि एनडीआरएफ के क्षेत्र में राज्य के विभिन्न क्षेत्रों में भारी बारिश के कारण कई लोगों को अधिक से अधिक से अधिक लोगों के लिए शामिल किया गया है।
8	दैनिक वेतन में से 400 रुपये प्रतिदिन 25 रुपये की वृद्धि के साथ प्राप्त करें।	वाहनों को 500 रुपये का वेतन 200 रुपये से कम हो गया है।
6	विभा – कहाँ है वो ?	विभा – कहाँ है ?
9	पेट्रोल-डीजल तेल के दाम 35 रुपये प्रति लीटर बढ़ जाएंगे.	एक तो एक बार चट्टान के तेल के तेल के तेल का तेल रुपये रुपये रुपये रुपये रुपये का बढ़ोतरी करेगा।
12	''सीपीएन',वह नेपाली कांग्रेस सहित आठ राजनीतिक दलों के गठबंधन के उत्तराधिकारी थे।	''सैस''इसके निर्देशित लोक कप के लिए छठे सौ वर्ष के भारतीयों के साथ राजनीतिक दलों के साथ वह राजनीतिक समुदाय के थी।
13	और ये गुरुजी, नरवर में धृतिमान् लोगों द्वारा अर्चनीय हैं। ब्राह्मणों, शाब्दिकों और श्रुतिमान् लोगों द्वारा पूजनीय हैं। वेदान्तियों और धनवानों के द्वारा भी समर्चनीय हैं । अरे, वे शास्त्रों के पथिक, किसके द्वारा पूज्य नहीं हैं? अर्थात सभी के द्वारा पूजनीय हैं।	वेद के द्वारा ही गुरु के द्वारा इस प्रकार कहकर, गुरु के द्वारा स्तुति करने के लिए, ब्राह्मण, गुरु के द्वारा, ब्राह्मण, वैश्य, गुरु, वैश्य, गुरु, वैश्य, गुरु, गुरु, गुरु, गुरु, गुरु, गुरु, गुरु, गुरु, गुरु, गुरु, गुरु, गुरु, गुरु, गुरु, गुरु, गुरु, गुरु, गुरु, गुरु, गुरु, गुरु, गुरु, गुरु, गुरु, गुरु, गुरु, गुरु, गुरु, गुरु, गुरु, गुरु, गुरु, गुरु, गुरु, गुरु, गुरु, गुरु, गुरु, गुरु, गुरु, गुरु, गुरु, गुरु, गुरु
7	दूर के क्षेत्रों में टीकाकरण अच्छा नहीं किया जाता है।	दूरईस क्षेत्रों में क्षेत्रों में व्यापार नहीं किया जा सकता है।
6	उनमें से एक थे खुदीराम बोस जी।	उनमें से एक विचित्र युग का विवरण था।
23	यह यज्ञ के कार्य में स्वाभाविक प्रगटता का ज्ञान है, जिसे समय पर नहीं पढ़ना चाहिए। २) ऊहः-यज्ञ के कार्य में स्वाभाविक प्रगटता का ज्ञान है, ऐसा कहा जाता है।	इस ज्ञान का ज्ञान है कि जो यज्ञ नहीं है, जो यज्ञ के द्वारा बढ़कर यज्ञ नहीं किया जा सकता है, वह ब्राह्मण है, सूर्य के द्वारा युक्त है, जो यज्ञ के लिए है, जो कि श्रीबाबागुरुजी हैं, ऐसा भी है, जो कि श्रीबाबागुरुजी हैं, ऐसा भी है, ऐसा उन देवताओं को दिया गया है।
18	लगभग करोड़ रुपये के खर्च के साथ, बस स्टेशन की लेन-देन के बाद सभी सुविधाओं से सुसज्जित एक विशाल द्वारपाल बन जाएगा, जिसमें यह यंत्र लगाया जाएगा।	लगभग करोड़ रुपये से अधिक खर्च हो जाएगा। देवी ने सभी देवों को बुलाया है कि सभी बड़े स्थानों पर सुसज्जित होगा, जहाँ यह भी होगा, जहाँ यह भी होगा।
10	फल के प्रभाव से सूर्य बादलों में छिपा हुआ है, संध्या की घड़ियाँ बना दी गई हैं।	फल से सूर्य की गर्मी से पीड़ित हुए और अत्यधिक सेर हो गई।
11	झारखण्ड के मुख्यमंत्री हेमन्त-सरोन की नई दिल्ली में आवास प्राप्त किया गया।	राजीव गांधी-अपी दल के मुख्यमंत्री ने कहा कि श्री रेइटी-अबिन-एक संबंधन केंद्र में उन्होंने केंद्र का विकास किया।
15	मेरा आगमन का प्रयोजन है कि दोनों परिवारिक पक्षों के बीच में शान्ति स्थापित हो यही सबका कल्याण होगा।	मेरे द्वारा ईसी किया गया है कि दोनों परिवारों के बीच शान्ति स्थापित हो जाएगा और सभी कुछ ही हो जाएगा।
7	प्रकृति की रक्षा से ही संसार की रक्षा हो सकती है। इसमें संदेह नहीं है।	प्रकृति के द्वारा ही रोग का भरणक होता है।
5	उनके साथ साइकिल चलाने वाले भी निकलते हैं।	उसके साथ साइकिल चलाने के लिये भी कारें भी आ जाते हैं।
10	विभीषण ने महात्मा गन्धर्वराज शैलुष की बेटी को धर्म ज्ञाता सरमा से विवाह किया।	और भी भी - महाबल, कर्म, धर्म, धर्म, धर्म, धर्म, धर्म, धर्म, धर्म, धर्म, धर्म, धर्म, धर्म, धर्म, धर्म, धर्म, धर्म, काम, धर्म, धर्म, काम, धर्म, धर्म, धर्म, काम, धर्म, धर्म, काम, धर्म, काम, धर्म, काम, धर्म, धर्म, काम, धर्म, धर्म और काम आदि इन सब का सब का सब कुछ भी।
12	यह गौरतलब है कि इंटरनेट-पत्र निर्माण में कुछ समय पहले जब तक अंग्रेजी का ही एकाधिकार था या प्रभुत्व था।	उल्लेखनीय है कि यह विषय कुछ समय तक-क्यागिला के बीच से ही भाषा में ही एक नया भाषा था।
9	जो व्यक्ति प्रसन्नता पूर्वक अहर्निश अध्यात्मरामायण का गान करता है उसकी आज्ञा के लिये इन्द्रादि देवगण प्रतीक्षा करते हैं ॥	जो व्यक्ति श्रीभगवान् के द्वारा श्रीहरतजी के रूप में प्रसिद्ध हैं, उनके द्वारा रचित हैं, उन श्री विष्णुदेवजी हैं। उन दोनों का मैं आपको नमस्कार है।
3	विद्यालय के चौकीदार को निवेदन करती है।	विद्यालय से छात्र निवेदन करती है।
4	अभी मैं केरल में हूँ।	अभी मैं केरल में हूँ।
5	हाल ही में तो रसायन मिश्रितकृत्रिम खुशबूदार पदार्थों का प्रचलन बढ़ रहा है।	अभी तो ठंडे जल से ढका हुआ है। बहुत से अधिक मच्छर से अधिक मच्छर हो रहा है।
19	आयोग ने कहा कि, राजनीतिक दलों को निर्देश दिया गया है कि वे दीवारों के बर्तन में, पुस्तिका के प्रसार में, प्रचार-सभा में होने के साथ किसी भी रूप में चुनाव के लिए बालकों का उपयोग नहीं करना चाहते हैं।	आयोग ने कहा कि, राजनीतिक दलों को निर्देश दिया गया है कि वे पुस्तकें के अनुसार पुस्तक, पुस्तक, पुस्तक, अर्थ, इतिहास, इतिहास, महिला संगठनों के लिए कोई भी प्रचार-प्रसार नहीं किया गया है।
8	रास्ते में कोई उतरना चाहे तो वाहन रोकता था।	रास्ते में कोई भी रेल रोकता था तब वाहन निलंबित कर रहा था।
5	उस कारण से विनीत रास्ते में गिर गया।	उस कारण पुल से आकाश में उड़ गया।
13	नौ साल पहले शुक्रवार को केंद्र सरकार ने जनवरी-मार्च और त्रैमासिक में एक सुगम विकास योजना के वर्षों की अवधि में निक्षेप वृद्धि की गई।	नई सरकार ने शुक्रवार को केंद्र सरकार के केंद्र में तीन महीने तक राज्य की सबसे बड़ी आपदा शुरू की है।
7	उस भौरें ने उस बालक की आवाजों की ओर तो ध्यान ही नहीं दिया।	फिर भी वह शराब से कान भर दिया गया।
15	बीबीएमबी प्रशासन को जलसंसाधन मंत्रालय और इलेक्ट्रिक मंत्रालय के सचिवों के साथ संयुक्त बैठक में पोंगवेट के लोगों को संबंधित प्रक्रियाओं को नियंत्रित करने का निर्देश दिया गया है।	बीबीबीबीपी के लिए जल निर्माण और जल मंत्री ने जलशक्ति विभाग के साथ संबंध में जानकारी ली और सुरक्षा के लिए जनशक्तिओं को अपनाने के लिए निर्देश दिया।
17	अस्थायी- मन्दिर में रामललाख्य के भगवत बाल-राम को दर्शन देने के लिए आराष्ट्र से श्रद्धालज्जन आए हैं, और आज दर्शन का अंतिम दिन है।	अमी अयोध्या में रामलला-भारत के बाल्यावस्था में भगवान श्रीराम के दर्शन के लिए हैं, आज-साथ यशकला के साथ विश्व में हैं।
8	बुद्धि भी बढ़ती है। रोग से हीन शरीर और भाइयों का प्रेम बढ़ता है।	मनुष्य के लिए ऊर्जा ही बढ़ जाता है, शरीर और चाण्डाल के समान होता है।
3	परिवार का मूल आधार पत्नी है।	पुत्र ने गड्ढा पकड़ा।
7	देख, नवीनचन्द्र का मुँह क्यों इतना मलिन है ?	देखो, कैगेल के ऊपर भोजन बहुत है।
11	मोदी ने कहा, “हमारा संविधान इसके घनिष्ठ मन्थन के बाद बना गया है”, जो कि जीवन्त रिपोर्ट कहा जाता है।	मोदी ने कहा कि हमारे देश के विकास के लिए एक खतरे, जो एक और भी है, वह एक आवश्यक है।
4	अंत में पाकिस्तान की पराजय हुई।	अंत में पाकिस्तान के अंतिम स्थान पर नौकरी हुई।
8	हिमाचल प्रदेश के पचास युवा किसान आधुनिककृषि विधि को समझने के लिए जापान जाएँगे।	हिमाचल प्रदेश के एक दशक में पांच सौ से अधिक विकास अभियान के माध्यम से होगा।
8	पृथिवी पर भी चन्द्रमा के छाया के कारण ग्रहण सम्भव है।	पृथ्वी पर ही चन्द्रयान के कारण आकाश में उड़ता है।
8	सुमधुर राग सुनकर लोग और खुश होते हैं	सुमधुर वाणी सुनकर लोग भी खुश होते हैं।
5	विशाखा -मैं टमाटर काटती हूँ ।	विशाखा - मैं चम्मच काटता हूँ।
1	प्रयोजन है	रक्षा
5	मैं रात्रि को शहर नहीं जाता।	मैं रात्रि में नगर नहीं जाता हूँ।
1	गोद में	घूस
10	तप अथवा किसी प्रकार की साधना का कार्य एक अकेला व्यक्ति ही अच्छा करता है, यदि दो छात्र मिलकर पढ़ें तो अध्ययन अच्छा होता है और गाने के लिए यदि तीन व्यक्ति मिलकर अभ्यास करते हैं, तो अच्छा रहता है। इसी प्रकार यदि यात्रा आदि पर जाना हो तो कम-से-कम चार व्यक्तिों को जाना चाहिए। खेती आदि कार्य ठीक प्रकार से चलाने के लिए पांच व्यक्तियों की आवश्यकता होती है, जबकि युद्ध में यह संख्या जितनी हो उतना अच्छा है|	एक ही विद्वान, ब्राह्मण, ब्राह्मण, वैश्य, साध्य, चारों, चारों, साङ्दी, त्रि, ये छह प्रकार की आयु, ये पाँच प्रकार की आयु, ये पाँच प्रकार की आयु, ये पाँच प्रकार की आयु की रक्षा करते हैं।
4	ज्ञान में धर्म होता है इस प्रकार यह धर्मचारी है।	ज्ञान ही धर्म है, धर्म ही धर्म है।
3	हाँ अवश्य ही	हाँ।
3	स्वदेशी टमाटर लाया हूँ।	अपने देश के छिलके निकालो।
9	हिमाचल प्रदेश विधानसभा क्षेत्र के विधानसभा क्षेत्र में आठवें दिन की कार्यविधि की शुरुआत से पहले भाजपा ने प्रदर्शन किया।	हिमाचल प्रदेश विधानसभा के दिसंबर को दोपहर 1 बजे तक संसद सरकार ने कार्य के लिए पूर्व स्तरीय प्रदर्शन का प्रदर्शन किया।
10	टारगेट बॉल की जीत में ऑस्ट्रेलिया की टीम ने 20 गेंदबाजों में 216 रन बनाकर जीत हासिल की.	लक्ष्य के लिए ऑस्ट्रेलिया ने ऑस्ट्रेलिया को जीतकर 22 रनों में हराकर 23 रन बनाए।
13	जो कृषिकर्म करता है, उसके अन्नका अभाव नहीं रहता, जो नीरोग है वह सदा सुखी रहता है और जिस स्वामीकी स्त्री उसको प्यारी है उसके घरमें सदा आनन्द रहता है	जो पुरुष अपने शरीर के अनुसार सुख के अनुसार, कर्म के फल का फल, काम, स्त्री के पूर्व घर में सुख और सुख के पूर्व दिशा में सुखपूर्वक घर में उत्पन्न हुए है, वह सुखपूर्वक घर के पूर्व दिशा में सुखपूर्वक रहता है ॥
7	विवाह में रेलमार्ग से हॉलीवुड तक तारे भी प्रदर्शन करेंगे।	विवाह के अनुसार, बस की दूत भी प्रदर्शन करेंगे।
8	अहंकार के कारण वह निर्दोषों को भी मारता था	विल्चि के कारण वह पुल भी तेज घूमती थी।
8	भूकंप ने कहीं भी किसी प्रकार की हानि नहीं हुई।	भूकंप के कारण कहीं भी कहीं भी नहीं हुआ।
4	वह रंगमंच की व्यवस्था देखता है।	ग्वाला की व्यवस्था के लिये वह व्यवस्था देख रही है।
3	शोक सब कुछ नाश कर देता हैं।	जीभ से सब कुछ नहीं होता है।
17	जिनके (धार्मिकमार्ग पर आचरण किए जाते हुए ) कर्मों को देखकर और ( पुण्यसमन्वित ) वाणियों के प्रवाह को देखकर लोग हर्षित होते हैं तथा धर्म रूपी लक्ष्मी से शोभित होते हैं । उससे उनका जीवन पुष्प की तरह हो जाता है और उनका तनमन सुगन्धि से भर जाता है, वे लोग तत्काल पुण्य को प्राप्त करते हुए सुखी हो जाते हैं ।	जिस प्रकार जो पुरुष, जो पुरुष, वृद्ध और परमतम, पूजनीय, परम, परम, परम, परम, परम, दिव्य, दिव्य, दिव्य, दिव्य, दिव्य, दिव्य, दिव्य, दिव्य, दिव्य, दिव्य, दिव्य, दिव्य, मन, मन, मन, मन, मन, मन, मन, मन, मन, मन, मन, मन, मन, मन, मन, मन, मन, मन, मन, मन, मन, मन, मन, मन, मन, मन, मन, मन, मन, मन, मन, मन, मन, मन, मन, मन, मन, मन, मन
8	उन्हें भारतीय ओलंपिक संघ के नेतृत्व के लिए निर्विरोध चुना गया।	वह भारतीय जनता पार्टी के अधिकारियों के पद पर एक व्यापक उपवास करने के लिए एक ही बैठक हुई।
1	माँगना	प्राप्त करने के लिए
27	अतः आज रविवार के दिन कैसे इन्हें दांतों से छु । हे मित्र । यदि तुम दिल में बुरा न मानो तो प्रातः काल जो तुम कहोगे, वह कर दूँगा। यह कह कर (मृग) के पास ही अपने को छिपा कर बैठ गया।	अतः मैं यह सोचकर (आप से) पशु के पास जाता हूँ कि यदि तुम जिस प्रकार के पास से (ही) नचिकेता) न हो, तब (मैं (मैं) किसी प्रकार के विषय में) नहीं चाहता हूँ, तब (मैं) ऐसा समझकर (मैं (मैं) मन नहीं करूँगा।) नहीं रहूँगा।
7	रात को मैंने एक खिड़की बन्द नहीं की थी ।	रात में मैंने एक कुँसी को पीटी नहीं थी।
3	सभी वाहन रुक गए हैं।	सभीकी संख्या निलंबित हो गई है।
8	उस वर्ष सर्वश्रेष्ठ फ़िल्म ने पैसे प्राप्त किये थे।	उस वर्ष अधिक धन कमाया गया था।
4	अभ्यास से सब सरल हो जाता है	अविद्या सबके चारों ओर होती है।
1	अभी भी खड़ा है	एक साथ
7	शाम को आतेतेते ही आकाश लाल हो गया।	शाम को आधी आकाश में मिट्टी के कपड़े पर रंगदान हुआ।
3	राज्याधिकारी की आज्ञा है।	राजा का कर्तव्य है।
7	विविध विद्यालयों के छात्र भी वहाँ बैठे थे।	विविध विद्यालयों में भी वहाँ थे।
7	अध्ययन के नतीजे न्यूरो एपिडेमियोलॉजी पत्रिका में प्रकाशित हुए थे।	यह उन बात है कि यह खबरों को न्यूयॉर्क में प्रदर्शित किया गया था।
4	रविवार को गाँधीधाम में संस्कृत सम्मेलन होगा।	रविवार को गाने वाले संस्कृत में रुचि होगी।
3	संचालक कहाँ खड़ा रहेगा ?	पैदल ही कहाँ रहेंगे ?
6	ऋचा – मैं अस्पताल में नर्स हूँ।	ऋचा – मैं अस्पताल में हूँ।
6	अब वह इस प्रकार बड़बड़ाते हुए अपना समय बिताती है।	अब वह इस प्रकार जन्मा को छोड़कर अपना मन बनाता है।
11	जैसे-जैसे संसाधन बढ़ते हैं, वैसे-वैसे प्रत्येक वचन चरणबद्ध रूप से पूर्ण होगा।	जैसे-जैसे वस्तुओं को बढ़ाने के लिए प्रत्येक कार्य होगा, ऐसे आवश्यक होगा।
7	मेरी पत्नी – ओह नहीं मत लीजिये।	मेरी पत्नी – ओह नहीं तो बस न लो।
17	देवराज ब्रह्मा और वरुण ने मेरे लिए वरदान दे दिया, और महादेव की कृपा से पिता के साथ मेरा संवाद हो रहा है, यह सब तुम भरता को बताओ।	महेश्वरदेव ने ब्रह्मकनन्दिनी और परमतम देवेश्वर को सुतीस सौषण दी, और देवताओं के साथ मेरा संवाद सुनाया।
6	क्या वे सज्जिता के रूप में सुशय्या नहीं दिख रही हैं?,	जल्दी से वे वाक्य का क्या स्मरण करते हैं, या नहीं।
17	कार्यक्रम में प्रधानमंत्री के साथ विशिष्ट चर्च में चार हजार प्रतिभागियों के साथ एक विशिष्ट पुटक भी समर्पित किया जाएगा।	इस कार्यक्रम में प्रधानमंत्री नरेंद्र मोदी ने इस अवसर पर चार हजार से अधिक कार्यक्रम का उद्घाटन किया जाएगा।
5	पाँच मिनट तक दोनों ने विश्राम किया।	पाँचवीं कक्षा में दो मिनट तक हुआ।
22	द्वापरयुग में लीलापुरुषोत्तम भगवान श्रीकृष्ण का यह भारतरूपी पुण्य भूमि पर जो उतरना हुआ था, वह अधर्म के विनाश के लिए, धर्म की पुनःप्रतिष्ठा के लिए, सत्कर्मों के स्थापित करने के लिए, भक्तों के लिए, और सीधे अनुकम्पा देने के लिए भी था।	द्वापरयुग में, भारत के परमतम धर्मशाली और श्रीकृष्ण के इस प्रकार उन्होंने धर्म की रचना की, उन्होंने धर्म की, उन्होंने धर्म की, और परमता के लिए, धर्म की, और परमता के लिए, और परम आश्रय के लिए, और श्रीकृष्ण के लिए, उन्होंनेहरों के लिए, और श्रीकृष्ण के लिए, और श्रीकृष्ण के लिए, और अपने कार्यों के लिए, भक्तों के लिए, और भक्तों के लिए, और भक्तों के लिए,
7	इसके लिये शीघ्र ही यह उपकरण रख दिया जाएगा।	इसके लिए यह जल्दी से यह प्रस्ताव होगा।
11	केरल में आज से श्रावणी उत्सव शुरू होने से विभिन्न उद्योगों में कारोबार करने वाले लोग और केरलवासी चिंतित हैं।	केरल में आज तक उत्सव के उत्सव में विभिन्न देशों में झगड़ा लोग मारे गए हैं। कई लोग बांग्ली में हैं।
1	स्वतन्त्र	अयोग्य
5	विभिन्न पुरस्कार विजेता राज्यों के प्रतिनिधियों के साथ आंतरिक सत्र आयोजित किया गया।	विभिन्न राज्यों के राज्यों के साथ विभिन्न जिलों में आयोजित की गई।
6	शिक्षा ही जीवन के समान है - उत्तम सर्वोत्तम काम करने में समर्थ हैं।	शिक्षा ही जीवन में मजाक लगा सकता है।
3	कचरा डब्बे में डालती है।	संन्यास बर्तन बनाता है।
6	मेरे घर एक पँखा है ।	मेरे घर एक पँखा है।
23	मौसम विभाग की रिपोर्ट के अनुसार, शिमला में पिछले दिनों सबसे कम तापमान सात डिग्री सेल्सियस है, वानरा में छह डिग्री सेल्सियस, बिलासपुर में डिग्री सेल्सियस, हमीरपुर में डिग्री सेल्सियस की रिकॉर्ड हुई।	मौसम विभाग के अनुसार, प्रतिदिन पटना में सबसे कम तापमान 1.30 सेल्सियस 2.30 सेल्सियस तक कम हो गया, बिलासपुर में 20 सेल्सियस, बिलासपुर में सबसे कम हो गया।
4	मैने सारी रात आँखों में काटी।	छठेपदों के मुताबिकताब में सुबह हुई।
1	पूर्ण मोह	सभी क्रियाओं का मूल
13	समाज में तीन हाथ के माप वाली लोहे की छड़ी को हाथ में लेकर चलते हुए गजधर अब शिल्पी के रूप में आदर नहीं पाते हैं।	समाज में त्रिगुणाही-बुरुआ के ऊपर पर स्थित हाथ वाले शेर के हाथ में घुसने के लिए अभी भी हाथी के रूप में नदी के किनारे चल रहा है।
20	सीबिन-सी ने कहा कि ऐसे क्षेत्रों में गिल द्वारा चलाए गए जागरुकता अभियान, याचिकाएँ मतदाताओं को प्रेरित करेंगे, और वोटों की संख्या को बढ़ाने में मदद करेंगे।	ई-बिक्री-प्रतिभा ने कहा कि ऐसे क्षेत्रों में-चुनाव के लिए चल रहे हैं, और राष्ट्रीय-अपराध-निधि के लिए चुनाव के लिए, चुनाव के लिए परिवहन व्यवस्था का प्रदर्शन करेंगे।
4	इसीलिये वे फील्ड मार्शल बने।	इसलिये उन्होंने सबसे बड़ी कला सम्मेलन में भाग लिया।
6	और बाण धारण किए हो। तो भी मेरे रहते सीता को लेकर नहीं जा सकोगे।	बगुला सोचता है न ही वैसी मेरे शिष्यों को तुम ले जाओगे।
5	खाज हो तो पाठा, रसोत, शहत तथा गरम कांजी इनका लेप करे या इनमें तेल पकाकर मले ॥	पढ़ना चाहिये, पाठ करना चाहिये, भोजन करना चाहिये, भोजन करना चाहिये और दान करना चाहिये ॥
5	कहीं भोजन किया वा नहीं ?	कोई भी भोजन क्या है ?
10	काम में उसकी पारदर्शिता को देखकर डाॅ नीलकन्त ने उसे कानपुर ले आए।	कार्य के लिए उनके लिए उस समय की संख्या में डॉ. एल.जी.जी.जी. लता ने उसे पकड़ लिया।
1	तुल्य	सभी प्रकार के कार्य में
7	व्यक्ति कुटुम्बार्थ, कुटुम्ब राष्ट्रार्थ और राष्ट्र भी मानवतार्थ होता है।	संकल्प के लिए परिवार के लिए परिवार, परिवार के लिए भारत के लिए सम्मान आवश्यक है।
8	उसी प्रकार अन्य भी हमारे पक्ष में बहुत से वीर हैं।	उसी प्रकार अन्य वीरों के द्वारा हमारे वीर सैनिक हैं।
18	उत्तराखंड विद्यालय शिक्षा परिषद-नीनीनीताल से उच्च विद्यालय में कक्षा में क्रमशः प्रथम द्वितीय तृतीय पुरस्कार जीता गया गगनदीप, अभिषेक, आजादक्ष और गुरुकुल कांगडी विश्वविद्यालय हरिद्वार से क्रमशः सुप्रभा, दिनेशचंद्र, प्रीति ने प्रथम द्वितीय तृतीय पुरस्कार जीता।	उत्तराखंड के शिक्षक उच्च शिक्षा-उत्तर-उत्तर-उत्तर मार्ग से सातवीं कक्षा का पहला स्थान हासिल किया गया, जो देश के छात्रों ने पहला स्थान पर प्रथम पुरस्कार पाया, जो देश के छात्रों ने तीसरे स्थान पर प्रथम पुरस्कार जीता, और क्रमशः प्रथम पुरस्कार के रूप में प्रसिद्ध हैं।
18	उसे देखते ही वह राजा कामदेवके वाणसे पीडित (कामसे आशित) हो गया और इसी प्रकार वह कन्या भी उसे देखकर कामबाणसे अधीर (मोहित) हो गयी। कामके बाणोंसे विवश होकर वे दोनों अचेत से हो गये। राजा घोड़ेकी पीठपर रखे हुए आसनसे खिसककर पृथ्वीपर गिर पड़ा और इच्छाके अनुसार अपना रूप बना लेनेवाले महात्मा गन्धर्वलोग उसके पास जाकर उसे जलसे सींचने लगे। (फिर) वह दूसरे ही क्षण चेतनामें आ गया। तब अप्सराओंने उसे मधुर वचनरूपी जलसे भी आश्वस्त	महाबलशाली, राजा, राजा, सगर, सठ, चाण्डना, चाण्डव, चाण्डव, चाण्डव, चाण्डव, और कर्क, सद्धराश, मद्ध्य, यमा, यमाश, यमा, यमा, यमा, यमा, अमा, यव, दिन, यव, यव, यव, यव, दिन, यव, यव, यव ये सभी देवों के द्वारा रचित हैं।
14	एक अन्य आगे-आने पर छठे-हिलोग्राम भार वर्ग में सेना के बाईं तरफ से लम्बोरिया ने महाराष्ट्र के पूनमकाउंट को हरा दिया।	एक अन्य-एक दिन पहले दोनों बेंच-अबैंडा-एक सौ कक्षा में टोकरी टोट-अबिलियन टोटिसियन ने दिल्ली में श्रीलंका को हराया।
6	सभी समिति सदनों की विशेष मार्गदर्शन से कार्यक्रम सफल रहा।	सभी सदस्यों के लिए मार्ग दर्शक कार्यक्रम में भाग लिया गया।
10	जब अपने दोनों चरण कमलों से तेरी आश्रयशिला का स्पर्श करेंगे, उस समय तू पापरहित हो जायेगी, और भक्तिपूर्वक श्री रामचन्द्र जी का पूजन कर उनकी परिक्रमा और नमस्कार पूर्वक स्तुति करके तुम शाप से मुक्त हो जाओगी तथा पूर्ववत् तुम सुखपूर्वक मेरी सेवा कर सकोगी ॥	जब मैं आपके पास आया हूँ तो में आपके चरणकमल से ही अपने चरणकमल को छोड़कर श्रीरामचन्द्रजी के साथ चलूँगा। अतः हे रघुश्रेष्ठ ! आप मेरी आज्ञा कीजिये। अतः आप मेरी आज्ञा कीजिये। अतः आप मेरी आज्ञा कीजिये। अतः यह कहकर श्रीरामचन्द्रजी ने अपनी आज्ञा से नमस्कार हो रहा हूँ ॥
4	पुरुषार्थ (मेहनत) से ही लक्ष्य की प्राप्ति सम्भव है।	पुरुषार्थ के लिए लाखों रुपये का प्रकाश होता है।
6	"सीता माता को छोड़ दीजिये " ऐसा रावण की सभा में कहा।	सीता माता माता माता ने कहा- हे राम ! रावण ने रावण को दिया है।
4	बाजार ने कहा वह आपने अपहरण कर लिया है।	हिरण ने कहा- हे मित्र ! तुम ही हो।
7	गिरफ्तारी अभियान में सात जिलों के सैकड़ों आरक्षकों ने भाग लिया।	सात जिलों में आने वाले लोगों ने पंजीकृत लोगों को अधिक संक्षिप्त बनाने का आह्वान किया।
10	उस समय यह ही फैशन था, यह ही अनुराग था।	उसी समय यह समय था, यह नारायण सिंह ही था।
9	अनुद्योगी को उम्मीद है कि इस कमीशन के कार्यालय में शीघ्र ही भर्ती हो जाएगी।	इस आयोग ने बताया कि इस कार्यालय का आरम्भ शीघ्र ही शुरू हो रहा है।
5	हाल ही में तो रसायन मिश्रितकृत्रिम खुशबूदार पदार्थों का प्रचलन बढ़ रहा है।	अभी तो ठंडे जल से ढका हुआ है। बहुत से अधिक मच्छर से अधिक मच्छर हो रहा है।
5	पुस्तक, क़लम और दवात मुझे दो	पुस्तक और पुस्तक का लालन सुनाओ।
17	फिर रामचन्द्र ने अश्वों, गायों, सौ हजारों बैलों, सौ हिरण्य लोगों को तीन करोड़ रुपये और ब्राह्मणों को नाना प्रकार के वस्त्र दिये।	फिर राम ने अश्वों और महिलाओं के लिए सौ करोड़ों और रत्नों के समूह के लिए, तीन सौ करोड़ों और रत्नों को भी वस्त्रों से भर दिया।
9	यहां भी उन्होंने सबके सामने अपने जाग रहेलोकगान स्वर का प्रदर्शन किया।	यहाँ भी उन्होंने सभी लोगों को अपने नाम से सम्मानित किया।
4	सब मिलकर खाना खाते हैं।	सभी मिलकर खाना खाते हैं।
5	वे सभी रेलवे स्टेशन से बाहर आते हैं	वे सभी रेलगाड़ी रेल से बाहर आ जाते हैं।
7	यह अतिरिक्त प्रेस वाहनों के लिए भी अलग एक स्टेशन होगा।	इसके अलावा, महचालों के लिए भी अलग-अलग वाहनों का भी तीव्रता होगा।
8	वे बोलते हैं – तिल के लड्डू खाओ, मीठा मीठा बोलो..!!	वे बोलते हैं – गंगाजी में स्नान करो।
4	वह सरकार से भूमि मांगता है।	वह सरकार भूमि पर उठाता है।
6	श्रीमती जानकीत्रिपाठी ने सबको कृतज्ञता प्रकट की है।	सीताचरण ने सभी को आशीर्वाद दिया।
21	हाँ, धातु सुराष्ट्र रंह को प्राच्य देश और मध्य देश में भी प्रयुक्त किया जाता है फिर भी आर्य गति को दिखाने के लिए प्रायः गम धातु का उपयोग करते हैं।	यह भी है कि यह समतल सूर्य का सूर्य है, जो सूर्य के मध्य में समुद्र के लिए स्थित है, वह भी समुद्र के लिए नए समुद्र को मजबूत करने के लिए समर्थ कर रहे हैं।
3	अनेक प्रशंसायें प्राप्त की गई हैं।	अनेक नाटक पत्रों को प्राप्त किया।
1	अच्छी प्रकार	ठीक है
15	जब वह व्यक्ति अपने घर गया तब उसने अपना ट्रंक कहाँ रखा, यह मैं नहीं जानता।	जब वह पुरुष अपने घर गया तब वह अपने घर में रखकर कहीं से बोला- मैं नहीं जानता हूँ।
6	दीपिका –हाँ मुझे भी सबने बुलाया।	दीपेश – हाँ! सभी लोग भी मिल गए।
10	उनमें से गुरु का सबसे प्रिय शिष्य विनयशील, अत्यन्त विनयशील और परमज्ञासु हुआ।	उनमें गुरु के शिष्य ने शिष्यों के नाम का राजा, बल और यशस्विनी, और यशस्विनी।
4	खाने योग्य सारी वस्तुएँ आज अशुद्ध (विषैली) वस्तुओं से मिलावटी हो गई हैं। तथा सारी धरती मैली (अशुद्ध) हो चुकी है।	इस प्रकार मैंने (शैस) के द्वारा (शैक्षास) को खा लिया है, उसी प्रकार (मेरा)
15	मंगलवार सुबह कार्यकर्ता और कांग्रेस के अधिकारी घुमरवींनगर के राजेश धर्माणी के घर के बाहर आकर उनका अभिनन्दन किया।	मंगलवार सुबह राहुल गांधी और भाजपा के अधिकारियों ने धर्मशाला में घिरे हुए धर्मशाला में एक चित्रों को देखने के लिए प्रार्थना की।
1	नाच	सिर पर
4	नाम बदल कर लिख रहा हूँ	नाम बदलकर लिख रहा हूँ।
2	जो दैत्य लोग	जोडान्गैंगैंटल
5	व्याकरण अध्ययन करनेवाला आज नहीं आया	व्याकरण पढ़ाने के लिये आज नहीं आया।
1	जानने की इच्छा	कुर्सी
1	बहुत प्रसिद्ध	बहुत अधिक
4	उसके बाएँ कोई भी नहीं है।	उसकी कुर्सी कोई भी नहीं है।
10	मावळप्रदेश में विभिन्न रूप से जातिजन रहते हैं, मराठी भाषा में  ⁇ अठरा पगड  ⁇ इसे देखा जाता है।	नंददीयाँ विभिन्न प्रकार के लिए सामूहिक भाषा, भाषा, भाषा, भाषा, भाषा, भाषा, भागवत और अन्य कई हैं।
3	गायें बन में चरा।	वनवासी बालकों ने हड्ढे पर फूढे।
4	मन्दिर के मैदान में स्वच्छता हो गई ।	मंदिर का मंदिर साफ हुआ।
3	वह दान देता है।	वह दान देता है।
4	वह भूमि पर रंगोली करती है।	वह भूमि पर रंगोली करती है।
10	भारत द्वारा अपने दम पर बनाया गया पहला विमानवाहक पोत''निडर''इसे प्रधानमंत्री द्वारा देश को सौंपा जाएगा।	भारत अपने अपने कप्तान के रूप में भारत के प्रधानमंत्री के रूप में''पेन''इस प्रकार भारत का''न''यह देश में प्रधानमंत्री बन जाएगा.
6	भ्रष्टाचार के कारण राजकोष में एक करोड़ से अधिक रुपये का नुकसान हुआ।	आपदा के तहत राज्य के राजदूत-हांचह करोड़ रुपये के खर्च से अधिक खर्च हुआ।
16	मैं तो यहाँ तक निलोभी हूँ कि अपने हाथ का कंगन भी जिस किसी को देना चाहता हूँ। फिर भी बाघ मनुष्य को खाता है, यह लोकापवाद मिट नहीं सकता। क्योंकि -	मेरा मन दूर ले गया है, यदि तुम अपने हाथ में भी धोते हो तो सोने को भी हाथ में रखो। परन्तु मैं भी अपने पास में ही अपने प्राणों को मार दूंगा, क्योंकि मैं भी अपने पास पर ही हूँ।
7	इस संबंध में बुधवार को राज्य के राजभवन द्वारा अधिसूचना प्रसारित की गई है।	इस संबंध में, मंगलवार को राज्य के प्रशासन ने बुधवार को अधिसूचना जारी की है।
6	उद्यमी लड़की हमेशा उत्तम पुष्पमाला बनाती है।	उद्योगशाला में प्रवेश हमेशा फूल के समान फूल बनाता है।
8	पुस्तक के रूप में देने के बाद सराहनीय कार्य किया गया ऐसा उन्होंने कहा।	पुस्तक में लिलाकर नाटक के लिए कहा गया है।
8	सत्र में मुख्य अतिथि के रूप में विश्वविद्यालय के वास्तुकला विभाग के पूर्व प्रोफेसर प्रोफेसर एस.के.सिंह उपस्थित थे।ओंकारनाथ चतुर्वेदी महाभाग एकत्र हुए थे।	इस सत्र में मुख्य अतिथि के रूप में वैदिक विश्वविद्यालय के पूर्व वक्ता डॉ. मुरली मनोहर पाठक ने पहले ही विशिष्ट अतिथि के रूप में प्रसिद्ध थे।
1	अक्रूरता	रगड़ने पर।
10	''इसका व्याकरण लौकिकों और वैदिकों के दोनों प्रकारों का अनुशासन करता है	''वह वैदिक शब्दों का प्रयोग और लौकिक शब्दों का प्रयोग करता है।
19	इस अवसर पर भारतीय सांस्कृतिकनिधि के समन्वयक नरेश मल्लहोत्रा भी विशेष रूप से, बीज बोधक और आभासी माध्यम से लेफ्टिनेंट जनरल गोवर्धन सिंह जम्वाल थे।	इस अवसर पर भारतीय योग विभाग के सचिव एस.के. ने भी राज्य के विशेष रूप से, विशेष रूप से जनता, विशेष रूप से जनता के रूप में जन पदक ग्रहण किया।
4	बर्फ के गिरने सेवेदनाशील क्षेत्रों में मत जाईये।	बर्फबारी के कारण अलग-अलग क्षेत्रों में नहीं जाना चाहिये।
6	तब वैदिक संस्कृति का सब जगह चलन था।	तब वैदिक संस्कृति का सब जगह था।
1	लकड़ी लाने के लिए	जल की गति के लिए
1	बकरी	बकरी
8	यदि वह पत्र लिखता तो बालक भिजवाता ।	यदि वह पत्र लेकर घर लौटता है तो घर पहुँच जाएगा।
7	भीमसेन के द्वारा दुर्योधन के आठ भाई मारे गए	भीम ने अर्जुन के आठ भाई को मार दिया।
5	वहीं वर वधू ने एकदूसरे को तुलसी माला पहनाई।	वहीं वर वधिक एक आँख पर गोली ने सुंदर मछली की।
6	आचार्या नंदिता वाराणसी में एक गुरुकुल चलाती हैं।	आचार्य जी की पूजा के बाद गुरु गुरु एक दिव्य आश्रम में डूबे हैं।
5	परन्तु अन्यदेव मरणशीलों के साथ द्वेष करता है।	परन्तु हमें सदा मन के साथ दोकरीों के साथ मनाया जाता है।
9	इसके अलावा, इस सत्र में कैबिनेट विस्तार के बारे में भी चर्चा की जा सकती है।	इसके अलावा, कैबिनेट के बारे में भी इस विषय पर चर्चा की जा सकती है।
9	प्रधानमंत्री ने कहा कि उसकी सरकार ने पचास कोटि लोगों को निर्धनता से बाहर कर दिया है।	प्रधानमंत्री ने कहा कि उनके सरकार ने 15 करोड़ से अधिक लोगों को कष्ट दिया है।
8	कितने लोग संस्कृत अभ्यास करते हैं ? उनकी संख्या गिन रहा हूँ।	कितने लोग संस्कृत अभ्यास करते हैं ? उनकी संख्या गिन रहा हूँ।
4	फिर भी पैसा शब्द नहीं।	फिर भी श्रमिक नहीं है।
10	मैं उनके बहुत व्याख्यानों में देख रहा था युगपत् हिन्दी-संस्कृत अंग्रेजी भाषा में।	मैं बहुत से अनेक भाषाओं के साथ बातचीत करके हिन्दी भाषा में बातचीत की थी।
3	इस बीच तीन मुख्यमंत्री हैं	यहाँ तीन मुख्यमंत्री
22	केंद्रीय पर्यावरण मंत्रालय ने जानकारी दी है कि उत्तरी केरल के तट से लेकर दक्षिण गुजरात के तट तक बनने वाली नुउंमरदा घाटी और अरब सागर में चल रही पश्चिमी हवाओं के कारण केरल में 8 अगस्त तक भारी बारिश होने की संभावना है.	उत्तरी अंतरिक्ष मंत्रालय ने कहा कि दक्षिणी से अधिक दो सौ से अधिक केरल तक केरल तक उत्तरी समुद्री क्षेत्र में आए हैं और केरल में भारी बारिश के कारण केरल में भारी बारिश हुई है।
17	अब इन मंदिरों में 25 लाख रुपये से अधिक का बिल जो होता है उसे भाषा संस्कृति विभाग द्वारा मंजूरी देना होगा।	इस समय ये मन्दिरों में 200 लाख रुपये से अधिक खर्च होते हैं, इससे अधिक खर्च भी संस्कृत विभाग का निर्माण किया जा सकता है।
7	उन्होंने कहा कि समूह शक्ति देश को सफलता के शीर्ष पर ले जाएगा।	उन्होंने कहा कि समूह देश की समृद्धता के लिए गौरव बढ़ेगा।
10	ई.सन् 1306 से 1315 तक मलिक काफूर ने दक्षिण भारत में बहुत विनाश किया।	755 ई००००००एस-कश्मीर के तट पर लगभग 20 से अधिक महिलाओं ने नृत्य किया।
1	ईंधन	नौकर
3	अभी हल्दीलेपन हो रहा है।	अभी हरिद्वार में उड़ रहा है।
4	मनीषी बुद्धि से मन को जानता है।	विद्वान् बुद्धि से मन को प्राप्त करता है।
5	चिकित्सक ने उसे एंटीबायोटिक दवाई दी है।	चिकित्सक ने उसे ही औषधि दी।
4	बहुत से लोग सत्संग में जाते हैं।	बहुत से लोग पैदल ही सरन्धर जाते हैं।
5	कुछ लोग ब्लॉग पर भी लिखते हैं	कुछ लोग बकरियाँ भी लिखते हैं।
10	दिल्ली की राज्यसभा में तीन, सिक्किम में भी एक राज्यसभा-सभा की बैठक में-चुनाव के लिए अधिसूचना जारी है.	दिल्ली राज्य में राज्यसभा में तीन और एक राष्ट्रीय-स्थानों के एक आय-व्यय के लिए एक मामले का आदेश है।
6	खिचड़ी देओ और दूध वहाँ ले जाओ ।	गायू - गाय दूध दुहने और वहाँ ले जाओ
10	वहाँ जाकर हनुमानजी ने जो कहा था सब कुछ क्रमपूर्वक श्रीराम के लिए कह दिया।	वहाँ जाकर रामचन्द्र ने हनुमान को कहा कि जो श्रीराम जी ने सभी कुछ कहा था, वह सब कुछ भी श्रीराम जी ने कहा।
1	कारीगर ।	नदियाँ
1	हवनकुण्ड	हवन करना
4	मैं नहीं जानता हूँ	मैं नहीं जानता हूँ।
3	श्रुति संस्कृत गाने गाती है।	सुनाई संस्कृत गीत गाती है।
7	जिसने अर्थशास्त्र रूपी महासमुद्र से नीतिशास्त्र रूपी अमृत का दोहन किया, उस महा बुद्धिमान आचार्य विष्णुगुप्त को मेरा नमन है।'	शास्त्रशास्त्र, अर्थ, अर्थ, अर्थ, उपवेद, उपवेद, अपवाण, आदि विविध लोक हैं।
1	बदनामी	बोलना
6	लेखन कौशल के विकास से छात्रों के ज्ञान क्षेत्र विस्तृत हो जाता है।	लेखन ग्रन्थिका ने संदेशपूर्वक छात्रों के ज्ञान का वर्णन किया है।
11	इससे पहले शुक्रवार को सेंसेक्स अंकों पर चढ़कर अंक स्तर को समाप्त कर दिया गया।	फिर शुक्रवार को शुक्रवार को दोपहर 3.30 बजे ट्रेनकों का प्रयोग करके हुआ।
10	असंयत मन के पुरुष द्वारा योग प्राप्त होना कठिन है, परन्तु स्वाधीन मन वाले प्रयत्नशील पुरुष द्वारा उपाय से योग प्राप्त होना संभव है, यह मेरा मत है।।	परन्तु जो योगी मेरी बुद्धि को त्यागकर, निर्भयता को प्राप्त करने वाले, जन्म और दु:खों को त्यागकर, जन्म और दु:ख को त्यागकर, सामार और असंगत कर्म में प्रवृत्त हो जाता है।।
7	उस वर्ष महाराजा शिवाजीराव-उच्च विद्यालय से मैट्रिक ्यूलेशन-परीक्षा में उत्तीर्ण हुए।	उस वर्ष शिवाजी महाराज शिवाजी महाराजा-उन्होंने विद्यालय के छात्रों को बुलाया-उन्होंने टॉड-चिकित्साालय में उत्तीर्ण किया।
12	प्रसिद्धा पाण्डे-अभिनेत्री भाग्यश्री की बेटी अवन्तिका दसानी गंगा के बीच पैदल चलने जाती है।	प्रसिद्ध फिल्म-महर्षि-श्री विद्या के पिता के साथ नवरात्रि के साथ जाता है।
3	वह अखरोट खाता है।	वह अखरोट खाता है।
1	अभी अमृत की तरह	अमृत की किरणों के साथ
7	हत्येता नागरिकों को शस्त्र भी मिल चुके हैं।	हादसे के कारण कई जगह से अलग अलग अलग अलग अलग-अलग शब्द भी हैं।
1	अकुटिलता	अशुभ
5	राम के समान सत्पुरुष कौन है ?	राम के द्वारा कौन उत्तम है?
20	वास्तविक भोजन वह है जो ब्राह्मण आदि को खिला देने के बाद बचता है, अर्थात गृहस्थ को चाहिए कि वह स्वयं भोजन करने से पहले ब्राह्मण को भोजन कराए, इसी प्रकार प्रेम और स्नेह उसे ही कहा जा सकता है जो परायों से किया जाता है, अपने बन्धु बान्धवों से तो सभी प्रेम करते हैं। बुद्धिमत्ता यह है कि मनुष्य पाप कर्म करने से बचा रहे। धर्म वह है जिसमें छल-कपट न हो।	जो पुरुष इस संसार में विचरते हैं, वह (परमात्मा) है, वह (परमात्मा) है, वह (परमात्मा) है, वह (परमात्मा) है, वह (परमात्मा) है, वह (पर्योंकि) है, वह न वह (पर्योंकि है, न कि) है, न कि) न कि जिसके द्वारा ही न ही है, न ही न ही है, न कि वह धर्म है, न ही है, न कि वह धर्म है, न ही है, न कि वह धर्म को प्राप्त करता है।
4	यह बहुत मुश्किल तो नहीं है।	यह कष्ट नहीं है।
5	आज रविवार है न !	आज रविवार है।
11	आपने पूर्वजन की तपस्या के प्रभाव से यह मेरा दिव्य रूप देखा है। मेरा दर्शन मोक्ष पद प्रदान करने वाला है, पापियों का इसका दर्शन परम दुर्लभ है ॥	हे राजन् ! आपसे ही तपस्या करनेवाले, तप और फलको स्मरण करनेवाला, फल और फलका आश्रय धारण करनेवाला, ये ही परमपदको प्राप्त करनेवाला हैं ॥
12	जिस पुरुष में अहंकार का भाव नहीं है और बुद्धि किसी (गुण दोष) से लिप्त नहीं होती, वह पुरुष इन सब लोकों को मारकर भी वास्तव में न मरता है और न (पाप से) बँधता है।।	जिस प्रकार मनुष्य नचिकेता को प्राप्त होता है, न कि न किसी वस्तु को प्राप्त होता है और न ही वह समभाव को प्राप्त होता है।।
9	पेट्रोल-डीजल तेल के दाम 35 रुपये प्रति लीटर बढ़ जाएंगे.	एक तो एक बार चट्टान के तेल के तेल के तेल का तेल रुपये रुपये रुपये रुपये रुपये का बढ़ोतरी करेगा।
23	रक्षा प्रवक्त्रा ने कहा कि दिसंबर के बाईसवें-तीसवें दिन के बीच में निरीक्षण उपकरणों के माध्यम से चार आततायीओं की गतिविधि हुई थी। इसके बाद उन्होंने भागने का प्रयास भी किया।	रक्षा संदेश में उन्होंने कहा कि दिसंबर को दोपहर-माह के प्रथम दिन से तीन-तीन दिन के माध्यम से तीन दिनों में तीन लोगों को सुरक्षित बनाने के लिए भी प्रयास किया गया था।
1	नदियाँ	समुद्र
16	हे यम ऐसे आप स्वर्ग प्राप्ति के साधन रूप अग्नि विद्या को जानते हैं उस अग्नि में श्रद्धा रखने वाले मुझे बताइये स्वर्ग लोक में रहने वाले मनुष्य अमरता को प्राप्त करते हैं। इस प्रकार द्वितीय वरदान के रूप में माँगता हूँ	इस प्रकार मनुष्य अपने शरीर को नष्ट करने के लिए, उसी प्रकार मनुष्य को भी तुम लोग अपने शरीर को प्राप्त करते हैं, उसी प्रकार वे श्रीबाबागुरुजी को आप स्वर्ग को प्राप्त होते हैं।
12	मैं आपके मुख से श्रीरामचन्द्रजी की कथा संक्षेप से सुनी। अब मैं स्पष्ट शब्दों में उसे विस्तृत रूप से सुनना चाहती हूँ ॥	हे राम ! आप इस विषय में स्थित होने वाले आप मुझे मैं देखूँगा। इस समय में मुझे इस प्रकार का प्रिय कीजिये ॥
5	क्या आप पात्र में पानी भर देंगे?	बर्तन के पास तुम लिलेंगे क्या ?
7	पर्वत से समतल तक के क्षेत्र तीव्र ठंड के ग्रहण में होते हैं।	पर्वत के चारों ओर तक क्षेत्र में तीव्र हवाएँ होती हैं।
4	सूत जी ने कहा हे मुनिजन ।	प्रसिद्ध ने कहा
3	कभी कभी नासमझ हो जाती है ।	कभी कभी संशोधन करता है।
19	चारों जन्म दिवस के उपलक्ष्य में प्रधानमंत्री संतों और समाजसुधारक गाडगे बाबा के जन्म दिवस का भी उल्लेख किया गया है और मोहित निर्धनों के उठने में उनका योगदान प्रकाशित किया गया है।	चौबीसवें दिन से ज्यादा दिन तक प्रधानमंत्री नरेंद्र मोदी और अन्य संतों ने जन्म लिया और उनके जन्म-प्रसार के लिए भी उनके लिए जनसंचार गीता का प्रयोग किया।
18	कुलदीप पाठक ने कहा कि विधानसभा सचिवालय तपोवन के सर्दी सत्र की योजना के लिए पूरी तरह से तैयार है और उसकी तैयारी पूरी है।	कुलदीप पाठक ने कहा कि विधानसभा क्षेत्र में तपस्या के लिए यशी ऋतु का आयोजन करना है, उसका आयोजन करना है।
10	पर्यटन विकास निगम के उपाध्यक्ष आरएस बाली ने कहा कि वह कांगग्रेस की महत्वाकांक्षी हैं.	पर्यटन विकास परिषद के अध्यक्ष डाॅअमन यादव ने कहा कि बालपति के रूप में कांग्रेस ने कहा।
10	देवभूम के कुल्लो आराध्य देव भगवती रघुनाथ ने अयोध्या में राम मंदिर की प्रतिष्ठितता का निमंत्रण स्वीकार किया है।	देवेश्वर मंदिर के 30वें दिन श्री राम मंदिर के उद्घाटन के लिए अयोध्या पहुंचे।
16	(सहार की स्थिति में) जिस आत्मा के लिए ब्राह्मण तथा क्षेत्रीय ओदन (चावल) के सदृश होते हैं, जिसके लिए मृत्यु उपसेवन (सहायक भोज्य सामग्री दाल तरकारी आदि) बनते हैं, वह ब्रह्म जहाँ है, सामान्य बुद्धि का कौन मनुष्य (उसे) जान पाता है।	जिस ब्रह्मपुत्र के पास ही दो प्रकार के होते हैं, उस देश के लोग (परियृष्ट गति से) संसार के समान ही संसार के समान संसार में जाते हैं।
5	देखिये ... फूँकने से फेन उड़ती है।	देखिये ..... ब्लूमच में उड़ रही है।
6	हे रोगी ! बाहय और दिव्य मुनि तथा राजऋषि और पर्वत तथा सब नदी और समस्त समुद्र तेरी रक्षा करो ॥	हे राजन् ! मैं तुम्हें इस प्रकार का यज्ञ करना चाहता हूँ। हे राजन् ! आप इन्द्रदेव, शिव, सूर्य, सूर्य, सूर्य, सूर्य, सूर्य, सूर्य, सूर्य, सूर्य, सूर्य, सूर्य, सूर्य, सूर्य, पृथ्वी, पृथ्वी, पृथ्वी, पृथ्वी, पृथ्वी, पृथ्वी, पृथ्वी, पृथ्वी, पृथ्वी, पृथ्वी, पृथ्वी, पृथ्वी, जल, जल, जल, जल, आकाश, आकाश, आकाश, आकाश, आकाश, आकाश, आकाश, वायु, वायु, वायु, वायु, वायु, वायु, वायु, वायु, वायु, वायु, वायु, वायु, वायु, वायु, वायु, वायु, वायु, वायु
12	यह बात है कि भारत इस दिसंबर के 12 से 14 तारीख तक नई दिल्ली में वार्षिक-शिखर सम्मेलन की अध्यक्षता करता है.	यह कहा गया है कि इस महीने भारत दिसंबर से बारह तारीख तक नई दिल्ली में आयोजित किया गया था-यह उच्च राष्ट्रपतियों का नेतृत्व करता है।
5	पढ़कर जल्दी ही लौटा दूँगा ।	जल्दी पढ़कर दूँगी।
7	उन्होंने इस मौके पर सभी नागरिकों को आजादी और अन्य शुभकामनाएं भी दीं।	इस अवसर पर सभी नागरिकों ने प्रगति के लिए भी आग्रह किये।
4	उसके बाद उन्होंने भजन गाए।	बाद में उन्होंने पिता को गीत गाया।
5	चम्बा के चौगान मंदिर से लगभग मीटर दूर है।	चेंगियन-अजवेली लगभग हर साल लगभगशली है।
8	ठीक है महोदय ! आपकी विमान टिकट तैयार है।	ठीक है , आपका वातावरण विमान आपकी दूकान में हो गया है।
3	उनके द्वारा जीया जाता है।	उनकी सेवा करता है।
8	इस लद्दाख शहर में बड़ों के खिलाफ लघुपलट से युद्ध हुआ।	इस बेर्भ में लगानिस्तान के खिलाफ पाकिस्तान ने ट्रेनगेइटन युद्ध का आरोप किया।
5	कौन दोपहर में पाठशाला नहीं जाता?	कौन दोपहर को पाठशाला नहीं जाता ?
4	चार लड़के जाते हैं।	चार लड़के जाते हैं।
12	सेंटर ने कहा कि जनवरी के दिन केन्द्र सरकार के सभी कर्मचारी राम मंदिर की सफाई कार्यक्रम को देख सकते हैं।	केंद्रीय सरकार ने कहा कि जनवरी को केंद्र सरकार की सभी सांस्कृतिक सभा देखने के लिए राम मंदिर देख सकते हैं।
7	जाने वालों को सुखपूर्वक यात्रा करें, उन्हें घर पहुँचाने में सुरक्षित रखा करें।	संभव सुख के कारण सुख, वे घर के घर के घर आए हैं।
11	हालांकि, आज यह अधिनियम जम्मू-कश्मीर में है-विधिनियमों के अनुसार, मुख्य चुनाव अधिकारी पास में हैं।	इस समय इस प्रदेश-प्रदेश में जम्मू-कश्मीर के पूर्व मुख्यमंत्री के रूप में चुनाव के बाद मुख्य सचिव के रूप में कार्यरत हैं।
7	सच ही कहा है पवन के द्वारा समस्त जगत् तथा चैतन्यपूर्ण यह समग्र सृष्टि जीवित है।	सत्य ही संसार में रहने वाला व्यक्ति संसार में, प्राण के समान, अयोग्य और अयोग्य है।
6	तुम्हारे घर किसका वृक्ष है ?	तुम्हारा घर किसका वृक्ष है ?
11	अक्षय, टाइगर और पृथ्वी के राजा सुकुमार मिलकर इस चित्रोतलंकार को बहुत जल्दी करने जाते हैं	और ब्रह्मानंदन के साथ सूर्य की प्रकाशी है, और शक्ति की प्रकाशीता इस फिल्म को शीघ्र ही जल्दी जा रही है।
6	पुत्र -मैं कैसे झूठ बोलूँगा ।	पुत्र - मैं कैसे करूँगी।
4	क्या करूँ मैं ?	क्या मैं जानता हूँ ?
4	और ऊँचे वृक्षों (लकडियों) से रहित वनों को (तृप्त करके)	अंगूठी और मसूरी के टुकड़े के साथ
27	तुम तो हर युद्ध में जीत नहीं पाते हो। परन्तु अब तुम राम द्वारा मार डाले गए हो, यह मेरा विश्वास है। अथवा हे महाबल! वसवन से तुमर्ष्या कर रहे हो?	तुम तो सर्वत्र अपने स्थान पर स्थित नहीं होते, परन्तु अब तुम यहीं पर राम के साथ ही मेरे साथ युद्ध में लगे हो।
8	सभी अतिथि घर (होमस्टे यूनिट) पर्यटनकून के तहत लाए जाएँगे।	सभी अतिथि घर से आए हुए बीवी के पर्यटन के लिए लाए जाते हैं।
1	पशुशास्त्र में	वनवासी
1	पायल	नदियाँ
13	घर आकर उसने संदूक को खोला, उसमें बहुत कीमती (मूल्यवान) हीरों को देखकर वह बहुत खुश हुई और उसी दिन से वह धनी हो गई।	घर आकर उस मेष से लटका हुआ, उसके लज्जित हुए, उसके द्वारा वह कौए के समान ही उस क्षण पर चढ़ गया।
1	राज्य को प्राप्त हुए	राज्य के लिए
6	वह जब-तक पढती हैं, मैं तब-तक लिखता हूँ।	वह जब पढ़ता है तब वह पुस्तकें पढ़ता है।
3	जहां तुम जाते हो।	जहां तू जाता है।
3	नन्दिनी नहीं चलेगी।	लक्ष्मण जी नहीं जाएँगे।
17	शाह ने कहा कि इस संगठन की स्थापना भारत के निर्माण में आत्मनिर्भर है-सहकार से उन्नति इस लक्ष्य को प्राप्त करने में रत्न के समान प्रतीत होगा।	विरोध में कहा गया है कि इस दौरान भारत ने स्वतंत्रता के साथ-साथ विश्व स्तर पर लाखों रुपये का लक्ष्य होगा।
4	शीखा प्रतियोगिता को प्रथम पुरस्कार, भागीरथ गिरी।	गाला पुरस्कार विजेता पहली पुरस्कार से दीया को प्राप्त हुई।
4	मैं सब्जी खरीदा।	मैंने सब्जी खरीदे।
11	सितम्बर, उस महर्षि का जन्म श्री गिरिधर दास के पुत्र के रूप में हुआ था, बालगोपाल का नाम हरिश्चन्द्र था।	वह सम्राट, श्रीराधा सावरकर के रूप में श्रीहनुष के रूप में पिता के रूप में चुने गए थे।
20	नएजात शिशुओं के लिए अनेक थर्मामींटियाँ (इन्क्यूबेटर्स) बन चुकी हैं, लेकिन हिमाचल प्रदेश के आईटी मंडी द्वारा ऐसी थर्मामींटर बनाई गई है जो सभी सुविधाएं एक साथ प्रदान करती है।	नई दिल्ली में अनेक लगानिपखंडों में आयोजित की गई, लेकिन हिमाचल प्रदेश के सभी जिलों में एक ही सुविधाएं पूरी हो गई हैं, लेकिन यह सभी सुविधाओं को एक सुविधा दी गई है।
7	वो दोनों जने शान्त हो गए ।	वे दोनों एक साथ वहाँ बैठते हैं।
20	जनवरी महीने की पहली तारीख को कक्षा 9 अध्ययन-वर्तमान छात्र फरवरी महीने की बीस तारीख तक इसरो अंतरिक्ष जिज्ञासा-इस कार्यक्रम के लिए पंजीकरण करने के योग्य हैं	जनवरी के पहले दिन, कक्षा में कक्षा के दो दिवसीय कक्षा तक के विद्यार्थियों को एक महीने तक-साथ दूसरे दिन तक-धीरे कार्य कार्य कार्य कार्य कार्य कार्य कार्य कार्य कार्य कार्य कार्य कार्य कार्य कार्य कार्य कार्य में किया गया है।
3	वृक्ष से अनेक पत्ते गिरते हैं।	दो फलों पर गिरते हैं।
6	इस प्रकार झगड़ते हुए वे दोनों राजा के पास गए।	इस प्रकार उन दोनों ने उन दोनों को वहीं लेकर वे दोनों को भी देखा।
5	आग्नेयास्त्रियों ने तालाब को भी सूचित किया।	आगबड़वेल में टांडा टेन्यूज ने भी लोगों को आदेश दिया।
5	हाईड्रोजन प्रदूषण से रहित स्वच्छ ईंधन माना जाता है।	एनियन का उत्पादन कर्तव्य स्वच्छ है।
5	नाव चलाने लायक नदी में वह नाव चलाता है।	नहीं, वह नदी में नौका चलाता है।
8	बोलो .... फिर से चंचलता नहीं करूँगा।	शिक्षिका - देखो फिर से चूहे को न लाऊँगा।
6	वहीं तेलंगाना राज्य में कांग्रेस ने विजय पाई।	वहीं सत्तारूढ़ बीजेपी ने सीटें जीतीं.
10	पीताम्बर दत्त की इच्छा थी कि सभी विषयों का ज्ञान हिन्दी भाषा में पढ़ाया जाए।	प्यास से युक्त था कि सभी ज्ञान की भाषा में संस्कृत भाषा का ज्ञान अवश्य ही है।
8	इसी प्रकार हजारों वर्षा ऋतुओं में दसग्रीव के नए सिर पर आग लगा दी गई।	इसी प्रकार वर्षा के बाद दस सौ से अधिक सिर पर स्थित एक चन्द्रमा के पास निकली हुई।
10	इस कार्यक्रम में कांग्रेस के वरिष्ठ नेता राहुल गांधी और प्रियंका गांधी शामिल होंगी.	इस कार्यक्रम में कांग्रेस पार्टी के वरिष्ठ नेता, राहुल गांधी और प्रियंका गांधी भाग लिया गया।
1	कलाकारों का समूह	नाटक के साथ
10	मधुमास चैत्र शुक्लपक्ष नवमी तिथि कर्क लग्न में, पुनर्वसु नक्षत्र में जिस समय पाँच ग्रह उच्च राशि पर स्थित थे, सूर्य मेष राशि पर विद्यमान थे, उस समय परमात्मा सनातन जगन्नाथ का आविर्भाव हुआ। उस समय आकाश दिव्य पुष्पों की वर्षा से पूर्ण हो गया ॥	एक दिन तक वह प्याज के दूध पर रखी गई थी। वह एक दिन तक फिर से अत्यधिक सेर के वृक्ष के समान कान्ति से युक्त हो गया।
17	जब अर्जुन देखता है कि वह अपने गुरु-पितामह-भाईयों और रिश्तेदारों के साथ युद्ध करेंगे, ऐसा देखकर उसका हृदय कांपता हुआ हो जाता है।	जब अर्जुन ने कहा कि वह अपनी पत्नी अपनी पत्नी है, मैं पाण्डवों के साथ युद्ध करेगा, तब युद्ध के लिये उस युद्ध का समय बढ़ जाएगा।
11	इस प्रकार अपनी सम्मति देकर भगवान् श्रीराम जटायु को आलिङ्गन कर भाई लक्ष्मण और सीताजी के साथ पञ्चवटी को गये ॥	इस प्रकार मन्त्रों को भरकर वह श्रीरामचन्द्रजी के साथ दण्डकूटदान किया और उनका सिर सूंघकर श्रीरामचन्द्रजी के साथ श्रीरामचन्द्रजी धीरे धीरे धीरे धीरे धीरे धीरे धीरे धीरे धीरे धीरे धीरे धीरे धीरे धीरे धीरेधीरे प्रणाम किया ॥
9	विपक्ष हर समय तानाशाही का आरोप कर सदन से बाहर गया।	विपक्ष ने सरकार के खिलाफ हमन किया है.
1	गुस्से हुआ हुआ ।	बगुले
5	सुबह उसने संदेश भेजा	सुबह उसने संदेश भेजा।
15	राजभवन में आयोजित समारोह मेंइसने नई विधायी की शपथ ली। राज्यपाल: विश्व-भूषण'हरिचंद्र ने राजभवन में नई विधायी के पद की घोषणा का शपथ लिया।	राजभवन में आयोजित समारोह में नई दिल्ली में एक नया राज्य-प्रयारात''हिर-इसमें राज्यपाल ने विश्वनाथ राजसभा के नए सचिव पद को ग्रहण किया।
14	गिरिजा – हाँ सखी! आज सुबह ही मेरी नौकरानी (सहायिका) अपनी बेटी के लिए काम हेतु पूछरही थी।	मोहन – हाँ! आज मेरे ही मजाब गति के लिए तो अपने परिवार के लिए जा रही थी।
7	अगर मैं खेलूँगा तो गुरु मुझे मारेगा।	यदि मैं खेलता हूँ तो गुरु मुझे मारता हूँ।
1	समान रूप से अर्थ बोध करें।	प्राप्त करके
1	उठना	उठो
6	गोह, लोपक ( शृगाल भेद ), बिल्ली, श्वावित्, ऊट, गाय, कछुआ और शल्लकी इनके मास-रसों को भी शाक की भाति दही और अनार रस में सिद्ध करके घी और तेल मे भून कर धनिया और सोठ मिला कर देना चाहिये ||	यदि एक तो भी मोटे रंग के टुकड़े के समान, उत्र के टुकड़े के फूल के टुकड़े के फूल के साथ, यदि एक साथ ही आम के भी आम के कष्ट के साथ ही, यदि एक साथ तो एक ही आम के व्यक्ति के लिए भी आम का भी रहता है।
1	पात्र	बर्तन
6	जब लौटाना होता है तब कष्ट अनुभव होता है।	जब तक तक तक तक तक कष्ट होता है
24	सेंटर संयोजक: डॉ. पंकजत्रिवेदी; सेंटर शिक्षक अमर सिंह रावौड़; संस्कृत भारती: नगर संयोजिका कु. कृपाली कामली; साप्ताहिक बैठक संयोजिका दिलशादपाटडीया; सेंटर के पूर्व छात्र उपस्थित थे।	केंद्रीय संस्कृत सह संयोजक डॉ. श्रीमान चंद्रदेव शास्त्री, केंद्रीय संस्कृत विश्वविद्यालय के निदेशक डॉ. गोपाल चंद्र जोशी, संस्कृत विद्वान, पूर्वभंगा, प्रदीप चंद्र चंद्र शुक्ल, प्रदीपिका, पूर्व जिला जिला अतिथि और प्रदीप बिष्टा के साथ थे।
7	चलचित्र के निर्देशक अनिल शर्मा भी शिमला आएँगे।	चलचित्र का निर्देशक वर्ग भी शिमला आएगा।
11	कवि ने आठ अध्यायों के सूत्र क्रम का अनुसरण करके, 1,500 सूत्रों में 4,000 गाने लिखे हैं।	यह खबर के लिए प्रसिद्ध है कि ये लोग इस विषय पर प्रश्न के सूत्रों में सूत्रों में लिखे गए हैं।
13	नल-वह मधुमेह और मोटापे पर चल रहे जागरूकता कार्यक्रम में बोल रहे थे।	टोट-सिटी-अमा चैमहहुन के अनुसार, उन्होंने बहुत अधिक कार्यक्रम आयोजित की थी।
6	यह पहली बार है जब इतने भारी उपग्रह लॉन्च किए गए हैं।	यह एक बार है जो इस तरह के लिए पहली बार ही मृत्युएं हुई हैं।
5	अमेरिका में भी संस्कृत भारती का कार्यालय है।	संयुक्त राष्ट्र के संस्कृत में भी वार्षिक पुरस्कार है।
5	कार्यशाला में 35 शिक्षकों का प्रशिक्षण हुआ।	कार्यशाला में 35 शिक्षकों की प्रशिक्षण हुई।
9	चन्दन – सखियों के साथ ! मेरे साथ नहीं (दुःख का अभिनय करता है)	चन्दन – अरे! मेरे साथ मैं नमन करता हूँ।
9	जिन पाचनों को अतिसार- चिकित्सा मे कहगे उनको पिलाना चाहिये। भोजन से पूर्व हरड को गुड़ के समान भाग में खाना चाहिये । अथवा त्रिफला क्वाथ के साथ निशाथ का चूर्णं देना चाहिये । गुदाश्रित दोष के नष्ट होने पर अर्श स्वय नष्ट हो जाते है ॥	जो व्यक्ति आपके चरणकमलों को प्रकट करता है, वह उसके चरणारविन्द को दूर करता है, वह नित्य रूप से प्रकाशित होता है, वह नित्य रूप से प्रकाशित होता है ॥
8	भोजपुर नगर में, रोहतास नगर में और भभुआ नगर में औरंगाबाद नगर में तीव्र ठंड का अनुभव होता है।	भोजपुर शहर, रोहपुर शहर, झारखंड, औरंगा शहर में भारी बारिश हो रही है।
7	वह पक्षियों और पशुओं को पकड़कर अपना गुजारा करता था।	रोपदनाई के रूप में वह विविध प्रकार के जीवन का उपयोग करता था।
9	तमे वर्षे दिसंबर महीने की तारीख को संयुक्त राष्ट्र सतत महासभा की स्थापना हुई।	उस वर्ष दिसंबर को संयुक्त राष्ट्र के महासभा का स्थापना हुआ।
6	जो (मनुष्य) अपना कल्याण और बहुत अधिक सुख चाहता हैं,	जो सत्य के द्वारा और पापों को सुख देने के लिए सुख का अनुभव करता है।
1	काया	शरीर
5	झरोखे से सारा नगर दिख रहा है।	गगन सबका सजाई शहर दिख रहा है।
11	बाद में शिवाजी महाराज ने इन मत्स्यों को एक साथ मिलाकर मावळा नाम किया।	बाद में शिवाजी महाराज ने इन ध्वजपति को एक छोड़ दिया और एक दिव्य मंदिर का नाम दिया।
15	संसदीय कार्यों के मेघ स्वरूप सदन के राज्य मंत्री अर्जुन राम ने नियमों को कम करने का, प्ली-कार्ड के प्रदर्शन के कारण सांसदों को इस्तीफा दे दिया प्रस्ताव पेश किया।	संसदीय कार्यों के मंत्री अर्जुन कुमार ने राज्य के मुख्यमंत्री अर्जुन सिंह, राज्य के प्रमुख-अष्णा-बिलारकहड़ा, और अन्य लोगों के साथ चर्चा की गई.
6	भारत में तीन सौ से अधिक ओमीक्रॉन भिन्नताएं, जो बहुत अधिक गंभीर नहीं हैं, पाई जाती हैं।	नहीं, त्रूचिस्तान के तीन सौ से अधिक लोग भारत के लिए जाते हैं।
4	गिलहरी यहाँ वहाँ दौड़ रही थी।	चींटिचियन यहाँ दौड़ रही थी।
6	नहीं, मैं आज सायंकाल शहर जाऊँगा।	नहीं मैं आज शाम को नगर जाऊँगा।
8	जब तक इनका उपयोग नहीं किया जाता, तब तक इनका साज-सज्जा में नुकसान होता है।	जो मनुष्यार्थ के लिए उचित नहीं होता वह सूटी के समान होता है।
3	वह पढ़ना चाहता है!	वह पढ़ो – मुझे !
5	विषयों में सुख वास्तव में बड़े दुःख का कारण है।	प्रश्नों के बारे में सुखमय दुःखमय वातावरण।
11	और भी देखो (अर्थात् सोचो) यदि मल धारण करने वाले नश्वर शरीर के बदले में शाश्वत और विशुद्ध यश मिल जाए तो फिर क्या प्राप्त नहीं हुआ अर्थात् सब कुछ प्राप्त हो गया	यदि कोई भी मन के लिए अथवा नित्य रूप से उत्पन्न हो तो वह (परमात्मा) है, क्योंकि यदि वह (परमात्मा) है तो वह (परमात्मा) है, क्योंकि) और (परमात्मा) है, वह (परमात्मा) है।।
10	इससे पतञ्जल का समय सामान्यतः ख्रिस्तपूर्व 150 वर्षों का है।	उन्होंने कहा कि ढोल में आगबेज में हर समय 14 हजार साल पहले होता है।
8	हे अर्जुन ! ब्रह्म लोक तक के सब लोग पुनरावर्ती स्वभाव वाले हैं। परन्तु, हे कौन्तेय ! मुझे प्राप्त होने पर पुनर्जन्म नहीं होता।।	हे कौन्तेय ! जिस प्रकार पुरुष को नित्य जन्म लेकर, शोक और आसक्ति को प्राप्त करके, पुन:ख और आसक्ति को प्राप्त नहीं होता।।
12	सचमुच की आइंस्टाइन बड़ी संकटमय हो गई है !! इस समय चालक के रहस्य का खुलासा किया जाएगा ।	यह बात है कि ऑइल के अनुसार, एटीटीटीटी-यह इस समय चलाएगा।
6	वहाँ उन्होंने योग ध्यान का अभ्यास कराया।	वहाँ उन्होंने योगासन किया।
3	वह पहुँची।	वह पहुँचा
4	मुझे नमक पसंद है |	मैं लंका में भूलता हूँ।
8	शाम को जैस्मी का झगड़ा हिमाचल प्रदेश के मेनका देवी के साथ होगा।	उपरोक्तगरगर के उत्तर में उत्तर प्रदेश के दो राज्यों के साथ मुगलगर होगा।
7	वोटों की गिनती हिमाचल प्रदेश के साथ 8 दिसंबर को होगी.	हिमाचल प्रदेश के लिए आठ दिसंबर को मतदान सत्र होंगे।
6	उसे यह पुरोहित था कहा गया है।	उन्होंने कहा कि यह समय था।
4	हे सरस्वती (वाणी) आप अपनी नवीन वीणा को बजाओ।	विख्यात नाम का नाम मही है।
3	दोनों ने पढ़ा।	वे दोनों पढ़े।
3	वह अपनी सेल्फी देखता है।	वह स्वयं अपने चित्र देखता है।
7	राजकोट में विजिलेन्स विषय पर प्रशिक्षण सत्र है ।	राजभवन में  ⁇ inininininininininineneneneneninenenineneneneninenenine.
1	सभी धनों में	सभी
5	गायमाता मेरे पुत्र को दूध देती है।	गाय मेरी माँ को दूध देती है।
5	पूजा संस्कृत छात्रा है	पूजा संस्कृत छात्रों की है।
5	कर्णपरम्परा से उस भालू के विषय में अनेक किंवदन्तियाँ फैल गयीं।	कर्ण ने पूछा- “हे दोनोंने हाल के कान पर क्या लू है?"
18	अब वैयाकरण बोलता है- फिर भी ज्ञान के साथ प्रयोग में, ज्ञान के साथ प्रयोग में धर्म का यहाँ गौरव की भावना है, क्योंकि एक धर्म में साधन करने में ही दोनों की आवश्यकता प्रतिपादित की जाती है।	अब पण्डित कहता है-आपहहहहहहारों का ज्ञान भी ज्ञान है, ज्ञान ज्ञान के द्वारा ज्ञान की प्राप्ति होती है, और ज्ञान की प्राप्ति के लिए यह धर्म कहा गया है, क्योंकि दोनों नई दोनों के बीच विचारों को एक समान है।
17	यदि पेया नहीं निकालकर सारा दिन सरल वाट्सचार्ज होता तो वाट्स ऊर्जा का अपव्यय होता है	यदि कोई भी वस्तु नहीं आती तो सभी वस्तु और छाया का मूल भरता है।
16	इसी क्रम से हिमाचल प्रदेश-संस्कृत-अकादमण्य में भी हमीरपुर जिले के श्री विश्वनाथ संस्कृत कॉलेज- चकमोह में पूर्ण उत्साह, और श्रद्धा से पांचवें पर्व का आयोजन किया जाता है।	इसी क्रम में हिमाचल प्रदेश-संस्कृत-विश्वविद्यालय के विश्वमंत्री श्रीनिवास ने भी संस्कृत विद्यालयों और संस्कृत-अकादमी के लिए विश्वस्पतियों के लिए उत्साहपूर्वक यह दिन-समय हासिल की, और आयोजन करने के लिए दो दिन मनाये।
3	बिल्ली वहाँ घूम रही है।	बिल्ली वहाँ घूमता है।
7	आज सुबह अनेक लोगों ने योगासन किया ।	आज सुबह अनेक लोगों ने वैदिकिमाभचन किया।
7	राज्य का सबसे ठंडा जिला है 7.830 सेल्सियस।	राज्य के ठंड में 66 किलोग्राम में यह सबसे अधिक तापमान है।
9	पत्नी – हाँ , आज अनावश्यक पत्र फेंकने हैं	पत्नी – हाँ , आज ये विश्राम करना चाहते हैं।
6	वो हमारे राष्ट्रीय सलाहकार समिति के अध्यक्ष हैं	वह हमारे राष्ट्रीय रक्षा बल के अध्यक्ष हैं- सदस्य हैं.
6	तेल देखो तेल की धार देखो ।	तेल की औषधि देखो और तेल देखो।
3	मैं सीढ़ियों से चढ़ा।	मैंने छठी से चढ़े।
7	मुख्यमंत्री सुखविंदर सिंह सुक्ख ने कहा कि समय सूचना एक प्रारंभिक निर्णय है।	मुख्यमंत्री सुखविंदर सिंह सुक्खू ने कहा कि पूर्व सरकार की समय की स्थिति पहले होती है।
6	आप स्कूल की छुट्टियों में कहाँ घूमना पसंद करते हैं?	आप विद्यालय में कहाँ घूमते हो ?
9	आज तुम भी विद्यालय न जाओ। मैं भी नहीं जा रहा हूँ।	आज तुम भी विद्यालय को नहीं जाते हो। मैं नहीं जा रहा हूँ।
8	श्र नाऊ ! नखों को काट शिर मूंड और मूछ भी मूंड।	हे गड्ढे ! न तोरण के गड्ढे में और सिर पर भी पैदा हो गए।
9	हम कहते हैं कि लक्ष्य ने आज तक किसी भी दूरदर्शन प्रदर्शन में काम किया है।	लक्ष्यों को आज भी नया नाम भी दिया गया है कि इसका काम पूरा कर रहे हैं।
1	स्थापित हो जाता है	जानने के लिए
8	सत्र में मुख्य अतिथि के रूप में विश्वविद्यालय के वास्तुकला विभाग के पूर्व प्रोफेसर प्रोफेसर एस.के.सिंह उपस्थित थे।ओंकारनाथ चतुर्वेदी महाभाग एकत्र हुए थे।	इस सत्र में मुख्य अतिथि के रूप में वैदिक विश्वविद्यालय के पूर्व वक्ता डॉ. मुरली मनोहर पाठक ने पहले ही विशिष्ट अतिथि के रूप में प्रसिद्ध थे।
3	कागजातों को फाइल में संगृहीत करता है।	पत्रिका की दूकान में डंडाियाँ बनाता है।
7	छात्रवृत्ति योजनाओं में भ्रष्टाचार का निवारण करने की व्यवस्था की गई है।	यह योजना छात्रों को निर्देश देने के लिए वर्तमान सरकार ने अधिसूचना जारी की है।
10	तमे वर्षे इस संस्था के लगभग नौ हजार लोगों ने आत्मसमर्पण किया।	उस वर्ष इस वर्ष हजारों हजारों हजारों लोगों ने अपने आप से अपने आप को उठाया।
1	नाच ।	नदियाँ
5	जिन्हें जान लेने से ही व्यक्ति अपने आपको सर्वज्ञ समझ सकता है।	जिस प्रकार सभी ज्ञान के द्वारा जानने के लिए सभी प्रकार की भावना होती है, उसी प्रकार की भावना होती है।
1	स्वर्ग	फेंकना
8	परीक्षा समय छात्रों को केवल पारदर्शी जलपुट, पारदर्शी पेन और पेन लाना चाहिये।	परीक्षा में छात्र ने केवल छात्रों को अपितु फल लिखे।
22	भौतिक-वाचक-मानसिक-चिंतकों के द्वारा विरोधियों के विषयों पर द्वेष किया जा रहा है-जिस प्रकार आज इस शतक का नाखून दूसरों के नाश करने के लिए तैयार हूँ-इस भावना का विकास होता है।	इस समय के अनुसार, परिणामों के बाद, परिणामों के बारे में सूचना देता है, जैसे-अवनों के द्वारा-अवहारिक दुःखों को प्राप्त करने के लिए भी यह आज भी नहीं होता है, जैसे इस समय अन्य लोग भी विकास के समय से विकास के समय नहीं होता।
6	वीर पुरुष कभी नष्ट नहीं होता।	वह घड़ा वीर वीर नहीं जाएगा।
12	और ऐसी घटना को रोकने के लिए सुरक्षा चार विभाग एक साथ कार्य करते हैं।	और भी ऐसा भी ऐसी रक्षा के लिए रक्षा के लिए रक्षा-शुनों को एक-एक ही काम कर रही है।
16	तेलंगाना राज्य के राज्यपाल तिमिलसाई सौंदर्य-राजन ने हैदराबाद में श्री लाल बहादुर शास्त्री स्टेडियम में श्री रेड्डी पर शपथ ली।	वे राज्य के राज्यपाल इंदौर सिंह ने सोमवार को दिल्ली के श्रीनगर के श्रीनगर के श्रीनगर के श्रीनगर के श्रीनगर के श्रीनगर के श्रीनगर के सर्वश्रेष्ठ खिलाड़ी पद पर पहुंचे।
5	अभी भेड़िये ने हिरन पकड़ लिया।	अभी ही कारगिल जी ने रावर में घुसया।
6	मुझे नहीं पढ़ना है क्या ?	क्या मेरी पढ़ाई नहीं है ?
4	तुम सब ने लौकी का हलुआ पकाया।	तुम दोनों के पास जाकर
15	इस दूरदर्शी महत्वाकांक्षी योजना का उद्देश्य प्रत्येक नगरीय स्वास्थ्य कल्याण केंद्र के माध्यम से लगभग सहस्रों लोगों की स्वास्थ्य सेवाएं सुनिश्चित करना है।	इस यात्रा के दौरान महत्वाकांक्षी योजना के माध्यम से हरिवल्प योजना के माध्यम से प्रायः हर प्रायः विभिन्न स्वास्थ्य योजनाओं के विकास के लिए नई योजना, स्वास्थ्य योजनाओं का निर्माण सुनिश्चित किया जाता है।
9	गुरुवार को सेनसेक्स ने दिन के सबसे नीचे से लगभग 1,000 अंकों की बारिश की।	गुरुवार को सेन्सेक्स ने सेन्सेक्स के दिन लगभग 30 किलोमीटर की हानि की।
8	यह सब जानकर जयद्रथ डर से बहुत व्याकुल हुए।	यह सोचकर वैसा ही हो गया।
8	तब रावण ने भी धारा के समान मेघ जिस प्रकार बाणों के मूसलों से राम को बरसा दिया था,	रावण ने भी तब मेघ के समान शरीर वाले बाणों से राम के समान बाणों को देखा।
6	कालाय उसे नमस्कार है इस प्रकार बोल सकता है।	समय पर उन्हें नमस्कार है यह सुना जाता है।
9	सियार-यदि ऐसा है तो मुझे अपने गले से बाँधकर जल्दी चलो।	जामुन- हे! यदि यह सोचकर मेरे पास चलिये तो मुझे दूर करो।
4	कल हम चक्रव्यूह का निर्माण करेंगे।	कल हम भूकंप से मना कर रहे हैं।
9	विधानसभा का पांच दिवसीय शिशिरात्र मंगलवार से शुरू हुआ, जो दिसंबर तक होगा.	विधानसभा में पांच दिवसीय सत्र शुरू हो जाएगी, जो फरवरी तक समाप्त होगा।
5	शयुन भाषा में''श''उन्होंने यह अक्षर स्वीकार किया।	गुड़ ने कहा कि''यह 'गहाँ इस तरह का रास्ता बन गया है।
10	इनके अतिरिक्त वसिष्ठजी के आज्ञानुसार मुख्यमुख्य वाराङ्गनायें तथा पुरवासी और जनपदवासी भी वहाँ उपस्थित हो गए ॥	इस प्रकार वह अपने आश्रम में रहने वाले श्री राम के साथ ही वहाँ आये। उसी प्रकार श्री राम के आश्रम पर आये ॥
10	उस सत्यमय पुरुष के लिए कौए शहद की वर्षा करते हैं या माधुर्य की वर्षा करते हैं।	उसके सत्य का पालन करने के लिए पुरुष प्रतिदिन, हेक्टर के लिए वर्षा का जीवन हर महीने का जीवन जीते हैं।
3	ऑर्बिटर सुरक्षित है।	बाजार में सुरक्षा का कारण है।
3	चैत्र को गांव भेजते हैं ।	जाना चाहिये, गाँव को शुद्ध करना
10	परन्तु तुम्हारे नौकर सदा सब जगह उपस्थित नहीं हो सकते।	परन्तु तुम्हारा बेटा और सब जगह हमेशा उपस्थित नहीं हो सकता।
7	फिर भी उन्होंने बदलूराम का नाम सूचि से नहीं निकाला।	फिर भी उन्होंने बदलूराम का नाम नहीं खुल लिया।
5	रात में चन्द्रमा पर चन्द्रयान का अवतरण देखूँगा।	रात में चन्द्रयान चंद्रमा पर चढ़ेगी।
4	वह गन्ने का रस निकालती है ।	वह गाल की चप्स तलती है।
6	नहीं समझ आ रहा है कि आज शब्द कहाँ गए।	नहीं समझते हैं कि आज शब्द कहाँ है।
11	वानर राज हनुमान एक ही क्षण में ही पर्वत के शिखर पर कूदकर पहुँच गये। वहाँ पर श्रीराम और लक्ष्मणजी एक वृक्ष की छाया में खड़े हो गये ॥	वे दोनों लोग बहुत दूर हैं, नदी के जल से ही गिर जाते हैं, उसी प्रकार वे वृक्ष के समान ही समुद्र में बैठे हैं, परन्तु राम के पास ही रहते हैं।
18	राम लक्ष्मण भी सुग्रीव के साथ मित्रता करना चाहते हैं ने लक्ष्मण के मुख से सुना। । उससे सुग्रीव की विजय अवश्य होगी ऐसा विचार कर वह बहुत आनन्दित हुआ। इसलिए वह राम लक्ष्मण के साथ मित्रता करना चाहता है ।	इस प्रकार वार्तालाप करने वाले श्रीराम जी ने कहा हे राजन् ! जो कुछ भी नहीं जानता है, वह सत्य ही है। इसलिए वह पुरुष रूप धारण करने के लिए ही है। और वह कार्यकर्ता है। और वह पुरुष अपने मन को प्राप्त करने के लिए ही योग्य है। और वह बुद्धि को ही है। और वह बुद्धि ही है। और वह पुरुष के द्वारा ही है। और वह मेरे मन में ही है। और वह बुद्धि को जानने के लिए ही है। और वह मेरे मन में ही है। और वह बुद्धि को दूर करने के लिए असमर्थ हैं। और वह मेरे लिए उद्यवन के लिए ही है। और वह बुद्धि को
4	सभी मुनियों के साथ आज की पारणा हमारे घर पर कीजिएगा।	आज पर सबके सभी प्राणियों को प्रमाद के लिए उचित घर में ले जाना चाहिये।
7	देवी सरस्वती भी उस निशाचर को छोड़कर चली गई।	देवी सरस्वती भी उस युद्ध में खड़े हुए।
9	मानवाधिकार दिवस हर साल दिसंबर के दिनाङ्क को पूरे विश्व में मनाया जाता है।	उत्सव-माह के दिन विश्व दिवस पूरे विश्व में मनाया जाता है।
7	बाढ़ के कारण कोच्चि एयरपोर्ट भी बंद है।	जलू के कोच्चि के कोच्चि पर भी लगाया गया।
4	ठीक मौके पर आप पधारे।	सिद्ध करने के लिये समय आ गया।
9	उस महाबली ने भी 'ठीक' ऐसा कहकर मल्लयुद्ध के लिए भीमसेन को चुना।	उन्होंने भी महायुद्ध किया''मैं तुम्हारा बाण हूँ''सैपो" नाम से मुक्त हो गया।
17	सीएसी द्वारा प्रस्ताव के स्वीकृत के बाद परियोजना प्रपत्रों और प्रस्तावित मानकों के विकास का काम अब भारत द्वारा शुरू किया जाएगा।	आश्रम के प्रस्तावकों के बीच संबंधित परियोजनाओं और विस्तार के बाद, और विकास के लिए भारत के विकास के लिए अब भारत के विकास शुरू हो जाएगी।
4	दादीजी के लिये कुर्सी लेता है	दादीजी के लिये कार लेता है।
10	मुख्यमंत्री ने कहा कि यह उपक्रम सरकार की प्रतिबद्धता को अत्याधुनिक स्वास्थ्य सेवाएं प्रदान करने के लिए है।	मुख्यमंत्री ने कहा कि यह संकल्प की सुविधा के लिए सरकार स्वास्थ्य सेवा के लिए प्रतिबद्ध है।
5	हर शनिवार उसे पढ़ाने जाता हूँ	सर्वेक्षण के लिए उस समय पढ़ाने जा रहा हूँ।
7	उनके माता-पिता और बड़ी बहन अकाल से पीड़ित होकर मृत्यु को प्राप्त हो गए।	उसके माता पिता और पिता ने बड़े मूँधों से पीड़ित होकर जड़ की।
5	आज मेरा पिता घर आएगा।	आज मेरे पिता घर आएगा।
3	जो कार्य कल करना है, उसे आज ही कर लेना चाहिए।	कल कार्य कर रहा है।
3	आप कौन ?	आप कौन हैं ?
5	वनरक्षण में (वन की रक्षा करने में	वनस्पतियों के लिए विशेष व्यवहार है।
15	वृन्दावनसे मधुपुरीको जाते समय जो माधवने यह कहा था कि मैं शीघ्र ही लौटकर आऊँगा इस वाणीरूपी बीजसे उत्पन्न हुए एकमात्र आशावृक्षको मयनजलसे सींचती और बढ़ाती हुई [विरहसे] व्यथितहृदया राधा किसी प्रकार उन महीनों को काटती थी ॥	जो नीलकमलके समान श्यामवर्णको लाऊँगा, जिन्होंने मैं उन दोनोंकी नाँबेको प्रकाशित करूँगा, जो कि कृष्णके चरण कमलके समान श्यामसुसुसुसुसुसुन्दरको प्रकाशित करता हूँ, जो कि-कमलोंको नमस्कार है, उन यमुनाजीके चरणकमलको नमस्कार है, उन यमुनाजीको नमस्कार करता हूँ, उन यमुनाजीको नमस्कार है॥
6	मुख्यमंत्री सेवा संकल्प-हल्प लाइन योजना में कृत्रिम बुद्धि का उपयोग होगा।	मुख्यमंत्री सेवा के आधारभूत संरचना-संकल्प योजना के तहत हेक्टल्पिक प्रौद्योगिकी के उपयोग के लिए दृढ़ होगा।
4	ठीक मौके पर आप पधारे।	सिद्ध करने के लिये समय आ गया।
11	और अत्यन्त प्रेमपूर्वक उन्हें अपना इतिवृत्त सुनाने लगे। वह बोले सखे ! मेरा वृत्तान्त सुनिये पूर्व समय में वाली ने मेरे साथ जो किया है। वह सुनाता हूँ ॥	यह सुनकर वह अपने सामने आकर अपने सामने आकर बोली "हे रघुश्रेष्ठ ! आप मुझे बताओ, अब मैंने आपका सिर दिया है, ऐसा पूर्व समय मेरी आज्ञा है ॥
13	नवम्बर दिनाङ्क को दीपों की आवलि में उत्तराखंड के उत्तरकाशी जिले में निर्माणाधीन गुफा में गिरने से श्रमिक अवरुद्ध थे।	नौ तारीख को इसी तरह दिल्ली में दिल्ली के नामभारन चौथी टैड में बने।
7	माता पिता भी इसके पालन की आवश्यकता है।	माता पिता भी इस काम के लिये आवश्यक है।
9	कांग्रेस पार्टी की "ट्रैक रिकॉर्ड" प्राक्तन कार्य में लीनताओं और भ्रष्टाचार से भी बचा रहता है।	कांग्रेस पार्टी के"मेरी"इस फिल्म को स्मरण के लिए अन्य नियमों का उपयोग किया गया है।
1	अभ्यास	संग्रह
8	योगका सेवन करनेसे जिस अवस्थामें निरुध्द चित्त उपराम हो जाता है तथा जिस अवस्थामें स्वयं अपने-आपमें अपने-आपको देखता हुआ अपने-आपमें सन्तुष्ट हो जाता है।।	जहां योगी पुरुष कर्म में आसक्त होकर कर्मों को त्याग कर लेता है, वह योगीत्मा को प्राप्त करके आत्मा को प्राप्त करके आत्मा को प्राप्त होता है।।
4	आज विद्यालय में गीत स्पर्धा थी।	आज विद्यालय में दीपकबाई था।
6	शुंग वंश के पुष्य मित्र का काल सबसे पहले दूसरा शतक है।	तिरुचिराशित्र के पुत्र को देखकरुशारह ने पहले तीन बार जीत लिया।
8	साहित्य से ही साहित्यकार अपने भावों और विचारों के समाज में प्रसारित करता है।	साहित्य में बातचीत करने वाले अपने विचारों को सोचते हैं और समाज की समृद्धता को मजबूत करता है।
8	सामान्य विकास के समय चैतन्य शर्मा की जगह विधायक नंदलाल सदस्य बनेगा।	सामान्य विकास समिति, हमीरपुर निगम के सचिव राजेश धर्माणी नहीं होंगे।
1	स्वामी	मालिक
7	वर्ष 1977 में उनका नाम मैंने सुना था।	सातवें दिन मैंने उनका नाम सुना है।
5	हिमाचल विधानसभा में विधानसभा चुनाव जीते हैं।	हिमाचल प्रदेश विधानसभा में विधानसभा का रास्ता पहुँचा है।
7	पैत्तिक-ग्रहणी - कटु, अजीर्ण, विदाही, अम्ल तथा क्षार आदि के सेवन बढा हुआ पित्त अभि को आञ्जावित करके उसी प्रकार नष्ट कर देता है, जैसे गरम पानी अनि को शान्त कर देता है। पित्त प्रकोपक वस्तुओं से पित्त मे उणमा और द्रबाश दोनो बढते है । द्रवाश के कारण जनि पुझ जाती है ।	जो यज्ञ किये हुए पिता के द्वारा रचित हुए पिता के द्वारा रचित हैं, वह दिव्य फल के समान फल वाले हैं।
5	प्रधानमंत्री ने भी विपक्ष का सहयोग मांगा।	प्रधानमंत्री ने भी विपक्ष के साथ कार्य किया है।
3	ऑर्बिटर सुरक्षित है।	बाजार में सुरक्षा का कारण है।
1	आ गया	एक साथ
35	वह कहता है कि हिमाचल के विभिन्न हिस्सों से जुड़े लोग अपने प्रदेश की विरासतों के बारे में जानकारी फैलाते हैं, जिसके कारण अब छा गोश्त, सिड्डू, बबरु, खट्टा, मदरा, तोड़किया भात इत्यादि स्थानीय विरासतों को राष्ट्रीय परिचय के रूप में दक्षिण भारतीय विरासतों की भाति देखा जाता है। वे महानगरों में लोकप्रिय हैं।	उन्होंने कहा कि हिमाचल प्रदेश के विभिन्न जिलों में अपनी रक्षा के बारे में अपनी रक्षा कर रही हैं, अब विभिन्न जिलों में राष्ट्रीयसींदों, गान, झंडार, झारखंड, झारखंड, झारखंड, झारखंड, झारखंड, झारखंड, झारखंड, झारखंड, झारखंड, झारखंड, और अन्य कई महिलाओं के लिए हैं।
5	तुम किसे देख कर हँस रहे हो ?	तुम कहां जाकर हँसता है ?
1	बहायें।	बढ़ते हैं
10	घर के बाहर जहाँ जहाँ कूड़ा था वो सब कूड़ेदान में डाल दिया।	घर के बाहर जहाँ जहाँ जहाँ जहाँ कूड़ा था, वह सब जगह रख दिया।
3	वह खेत में दौड़ता है।	वह खेत में दौड़ता है।
5	चक्र धारण करता है इसलिए उसको चक्रधर कहते हैं ।	पृथ्वी पर सूर्य की वायु की वायुभूमि पर है।
7	सर्वप्रथम मंगलादा ने नईविष्णु रेगमी ने संस्कृत कक्षा के नियमों का आनंद लिया।	सभी लोगों ने नई महान संस्कृति के नए पारस्परिक रूप से संस्कृत के लिए नियमों का पालन किया।
5	पहाड़ों के नीचे जंगल हैं ।	पर्वतों के द्वारा वनवासी हैं।
9	ये खिलाड़ी पैरा प्रतियोगिता में दौड़ने हैं- धनुर्विद्या- सात प्रतियोगिताओं में फुटबॉल बैरोलों सहित प्रतिस्पर्धा करेंगे।	ये खेलों से प्रतियोगिताओं में भाग लेने वाले, जॉन-एज-पैंगैंड में सात-तीन टुटबितंबर में आयोजित की जाती हैं।
15	जिससे लोग धोखाधड़ी कर सकते हैं और राज्य के बीज उत्पादकों की हानि निवारण किया जा सके	जिससे ब्लॉस लोग कहते हैं और लोगों को भी बिजली की आपूर्ति के लिए पर्याप्त रूप से सीधे जा सकते हैं।
13	इंदिरा गांधी चिकित्सा विज्ञान संस्थान ऐसे समय में निवास करने के कारण लोग व्याकुल हो जाते हैं	चंद्रराजिका के विज्ञान के अनुसार उस समय उस समय में सभी लोग लीन हैं।
4	मेरी गोदी में नहीं आती है ।	मेरे आँगन में नहीं आती है।
6	वहीं तेलंगाना राज्य में कांग्रेस ने विजय पाई।	वहीं सत्तारूढ़ बीजेपी ने सीटें जीतीं.
4	मोर किसानों का मित्र है।	मोर के पास मित्र है।
1	हम दोनो का	उपहास करते हुए
7	सुचरित्र से मनुष्य महान् बन सकता है।	सुदैव से कोई भी व्यक्तिार्थ नहीं है।
8	वहां तूने कभी सिंह भी देखा था वा नहीं?	वहाँ तुम कभी भी बाघ देखा है या नहीं ?
1	निवृत्त होंगे।	प्राप्त करेंगे
13	मण्डी जिले के रिवालसर में राज्य स्तरीय कार्य आयोजित किया जाता है जिसमें छात्र के साथ विभिन्न सरकारी संस्थाओं भी भाग लेती हैं।	मण्डी जिले के जिला स्तरीय अधिकारी बनने वाले राज्य के स्कूलों के साथ छात्र राजाओं के साथ भी एक समारोह में भाग ले रहे हैं।
3	हम सब छात्र।	हम सब छात्र हैं।
3	तथा जिस दिन श्मशान में गमन हो और युद्धके दिन महोत्सव और उत्पातके दिन पढ़ना पढ़ाना योग्य नहीं तथा जिन दिनोंमें ब्राह्मण नहीं पढ़ते जैसे प्रतिपत् उन दिनोंमें नहीं पढ़ना और अशुद्ध होकर किसी दिन भी न पढ़े ॥	पाए हुए लद्माख के पांचों पर से एक महान मंदिर पर महसूस हो गए।
2	यह बोलती है।	यह बोलता है।
7	वह पूछता है , आज क्या होगा ?	वह आज खुश होगी क्या ?
10	इसके बाद उस धन के साथ दो हजार से अधिक छह हजार काम शुरू हुए।	और भी पांच हजार से अधिक-दो हजार वर्ष तक ही विशेष रूप से कार्य किया गया था।
6	स्वचालित परीक्षा केंद्र की स्थापना के लिए भी आवेदन आमंत्रित किए गए हैं।	अपने आप परीक्षा केंद्र के उद्घाटन के लिए संस्था भी आवेदनपत्र जारी किये गए हैं।
9	आकर उसने सेठ से कहा- “हे सेठ ! धरोहर के रूप मे रखी मेरी वह तराजू दे दो।	आकर उस दुष्ट ने कहा- “मेरे! मैंने मूर्ख को छोड़ दिया।
10	इष्टगन्ध आदि से युक्त प्रिय और हितकर अन्न शरीर मे पृथक् २ गन्ध आदि गुण घ्राण आदि इन्द्रियों को पृथक् २ तर्पण करता है । अर्थात् स्वादु और हितकर अन्न के पार्थिव आदि भाग अपने अपने गुणों से अपनी अपनी इन्द्रियो का तर्पण करते हैं ॥	हे नारद ! अग्नि के जल से दग्ध होने पर भी वायु के समान श्यामवर्ण से उत्पन्न होता है। यह कहकर मैं तुम्हारे पास ही शरीर के समान श्यामवर्ण से उत्पन्न होता हूँ।
11	मंत्री जगत सिंह नगिन की अध्यक्षता में आयोजित बैठक में उद्योग मंत्री हर्षवर्धन चौहान विशेष रूप से उपस्थित थे।	मन्त्रसिंह जगतसिंह नेगी के अध्यक्ष राजेश ठाकुर ने उद्योग मंत्री हर्षवर्धन चौहान के नेतृत्व में विशेष रूप से उपस्थित थे।
13	मौसम विज्ञान केंद्र शिमला-यह पूर्वानुमान है कि जनवरी तक राज्य के सभी हिस्सों में वातावरण स्वच्छ होगा।	मौसम विज्ञान केंद्र शिमला-इपा मौसम केंद्र के अनुसार, राज्य के सभी हिस्सों में जनवरी तक वातावरण स्वच्छ हो जाएगी।
4	महान् सौभाग्य के लिए उठो	प्रसन्न होकर हनुमान को बुलाता है।
7	मदनलाल धींगरा ने जब आंग्ल अधिकारी कर्जन की हत्या कर दी तब	मतलला के जबलललक ने कनाडा में कब्बे जेल में रखवाई की।
6	आज सुबह नीरजा बहन जुहू चौपाटी गई।	आज सुबह नीरज बहन ने आरबानु को छुड़ाया।
6	आभा – मेरे पास टार्च है।	आभा – मेरे पास खेले हैं।
8	इच्छानुसार घड़ों को ले जाओ। दूध को बेचकर ही बड़ों की कीमत दे देना।	नहीं, जैसे वैसा ही पकड़ा हुआ दूध का घी ही बनाओ।
1	मार्ग द्वारा	मार्ग में
11	उन्होंने यह भी कहा कि किसी भी शास्त्र में शास्त्रोक्त स्थिति की प्राप्ति तभी होती है, जब मनुष्य के चारों प्रयोजनों को प्राप्त करने की क्षमता उसमें हो।	और उन्होंने कहा-शास्त्र के अर्थ के बिना कोई भी शास्त्र का अर्थ है, इससे भी मनुष्यार्थ के लिए चार प्रकार का होता है।
19	फ्रांस के राष्ट्रपति इमैनुएल मैक्रॉन भारत के 2024 गणतंत्र दिवस समारोह में मुख्य अतिथि होंगे। विदेश मंत्रालय ने कहा कि फ्रांस के राष्ट्रपति ने भारतीय प्रधानमंत्री नरेंद्र मोदी का निमंत्रण स्वीकार कर लिया है।	भारत के राष्ट्रपति पद के जन्म दिवस पर भारत के राष्ट्रीय अध्यक्ष मल्लिकार्जुन गांधी ने संयुक्त राष्ट्र के राष्ट्रपति मल्लिकार्जुन गांधी को देश के सर्वोच्च जनता के रूप में एक समारोह में भारत के लिए एक नया सम्मेलन आयोजित किया जाएगा।
6	तब उसके घर की तीन हिलती हैं	तब उसके घर में तीन और अधिक लताओं का रस भरते हैं।
1	फुदक रही हैं	उपहास करना
9	यदि तुम सब पापियों से भी अधिक पाप करने वाले हो, तो भी ज्ञानरूपी नौका द्वारा, निश्चय ही सम्पूर्ण पापों का तुम संतरण कर जाओगे।।	और भी - तुम सभी कर्मों को त्याग करो, सभी लोग तुम सभी को त्यागते हो, क्योंकि सब ज्ञान को त्यागो।
14	श्री राम बोले: हे भीरु ! तू शोक न करने योग्य अपने पति के लिये क्यों व्यर्थ शोक करती है ? तू यह सोचसमझ कर बता कि तुम्हारा पति यह देह है या इसमें रहने वाला जीव यदि देह पति है तो यह जड पञ्चभूतमय एवं त्वचा, मांस, रुधिर, अस्थि से निर्मित है। तथा काल, कर्म और गुणों से उत्पन्न होने के कारण वह अभी भी तुम्हारे सामने पड़ा है ॥	इस प्रकार अपने भाई के पास ही कहने के लिए, स्त्री के समान, भाई और भाई के रूप में अथवा स्त्री के समान ही है, ऐसा वचन है। अतः आप दोनों के लिए आप ही हैं। अतः इस प्रकार के द्वारा कहने पर आप दोनों के लिये आप दोनों के विषय में आप मुझसे जाना चाहिए।
4	मैंने चुपचाप सब खा लिया ।	मैंने शान्त मन से सभी खाया।
1	सुंदरी	मैं काटता हूँ
4	वह दुष्ट आत्मा अन्याय से राज्य करता था।	वह देखकर राज्य के समीप से ऊपर गया।
12	वहाँ कामदेव के समान सुन्दर रमानाथ श्री रामचन्द्रजी को सीता के साथ बैठे हुए देखकर वह काम से विमोहित राक्षसी रघुनाथ जी से बोली तुम किसके पुत्र हो? तुम्हारा नाम क्या है ? इस आश्रम में जटावल्कल आदि धारण कर क्यों रहते हो यहाँ रहकर तुम कौन सी वस्तु प्राप्त करना चाहते हो? यह मुझे बतलाओ ॥	जो व्यक्ति श्रीलक्ष्मणजी ने उन्हें समीप भेजा है, उन दोनों का साहाभिषेक दूर करने वाले श्रीलक्ष्मणजी के रूप में श्री रामजी के साथ श्रीरामचन्द्रजी के साथ श्रीरामचन्द्रजी के साथ श्रीरामचन्द्रजी के रूप में आये ॥
23	उन्होंने बताया कि मुख्यमंत्री सुखाश्रय योजना के तहत मण्डल बिलासपुर में राज्य के बच्चों को पंजीकरण किया गया है, जिनके लिए योजना के तहत विभिन्न लाभ प्रदान किए गए हैं।	उन्होंने सूचित किया कि मुख्यमंत्री सुखी योजना के तहत राज्य के तहत आने वाले बच्चों के बीच एक करोड़ रुपये का प्रावधान किया गया है, जिसके तहत करोड़ रुपये के बच्चों को आश्रय लिया गया है।
9	इनके आयोजन का पर्दे के पीछे बनाने वालों की इकाई और बनने वालों की दहाई थी।	ये विश्वविद्यालय के आंदोलन के निर्माण के लिए एक नई पुल बनाई गई थी और दसवें स्थान पर दसवें स्थान पर हैं।
9	जैसे-जैसे इस लोक में जो कुछ कार्य होते हैं, वे सब तुझी संचित की जाती हैं।	यदि वे इस विश्व में जाते हैं तो वे इस स्थान पर नियुक्त होते हैं।
6	मेरे घर पीतल की थाली है	मेरे घर पीले रंग का है।
6	इनमें चिकित्सालय आधुनिक चिकित्सा सुविधाओं से सुसज्जित होगा।	इन चिकित्सा महाविद्यालयों के विकास के लिए आधुनिक स्वास्थ्य सुविधाएं उपलब्ध होंगे।
6	आप चिड़िया की भाषा जानती हैं क्या ?	आप चिड़िया का ध्येय जानते हैं क्या ?
1	प्रसन्न हुए।	कुर्सी
1	अच्छी तरह से	बहुत अधिक
11	मैंने कहा हे मुनिगण: मेरे अनेक पुत्र कलत्रादि भूख से वुभुक्षित हैं। अत एव उनके भरणपोषण के लिए कुछ लेने आ रहा हूँ ॥	मैं तो उन दोनों के साथ श्रीराम के पास जाकर भगवान् के पास जाकर उनकी आज्ञा के लिये अनेक दिव्य नेत्रों से घूमाक में अनेक वृक्ष के समान ही हैं।
11	पहली प्राथमिकी का पंजीकरण करने के बाद, जितेन्द्रक को पुलिस के पकड़े और उन्हें कानूनी ड्यूटी पर कब्जा कर लिया गया, वे दोनों मुक्त हो गए।	पहले चरण के सत्र में  ⁇ udget के बाद, ज्ञान मंत्री ने शांतिष्मानिकरण मंत्रालय के बाद नई दिल्ली में एक व्यापक रिपोर्ट का अनुभव किया।
64	उसका भाई रामकुमार उसे तारने के पास आया, लेकिन वह भी गोलियों से मर गया! बीस वर्ष की कोठारी भाई''जय श्री राम''इस नाम से शहीद हुए गोली मारने के दौरान कई लोग पुल के समीप फेंक दिये गए, उन्होंने मर गये या हनन किया नहीं देखा, लेकिन उस शाम को तो निर्लज्ज सरकार ने समाचार दिया कि गोली मारने में केवल कार सेवक ही मर गये! बाबरी भूतल उस वर्ष दिसंबर को पुनः कार सेवा करने का निर्णय लिया गया	उसके भाई रामकुमार उसके पास आए थे, लेकिन वह पहले ही पुल पर चढ़ गया है, लेकिन श्री रामसेन ने भी 'दुल्टी' नामक वर्ष में 'हारे' नामक दो सौ वर्ष तक 'मैं माँ के घर पर चढ़ने के लिए तैयार हुए, लेकिन वे लोगों के साथ ही उस समय में तैयार हुए, लेकिन वे सभी कार सेवक के घर पर गिर गए, लेकिन वे सभी काररों के कारण सदन में गिर गए थे, लेकिन वे सभी काररों के कारण सदन में प्रवेश करने के लिए तैयार हुए।
3	कैसे बोलूँ ?	कैसे बोलूँ ?
2	संयम रूपी धन वाले	धन
1	जल।	जल
3	दूसरा भूमि पर रख रहा है।	दूसरा भूमि बनाती है।
3	प्रेक्षागृह में प्रवेश ही नहीं करना चाहिए	परसों नहीं करना चाहिए।
6	अभिनेत्री सिमरत कौर चलचित्र की नायिका हैं।	अभिनेत्री की फिल्म में चलचित्र है।
17	अमुन ने कहा कि उज्जैन की शुरूआत से यह यात्रा मध्य-प्रदेश के छह सौ स्थानों पर पहुंच गई, लाखों लोग इससे लाभान्वित हुए।	यह कहा कि गुजरात के हरिधीन क्षेत्र में रेल रेल रेल का क्षेत्र है, यह लोग लक्षद्वीप में लाखों से अधिक लोग लाभान्वित हुए।
8	स्त्रियों और बच्चों के सुरक्षा के लिए कई प्रावधान किए गए हैं।	स्त्रियों और बच्चों के सुरक्षा के लिए कई सूचनाएं प्रदान की गई हैं।
1	बाद	बाद में
3	विशाखा कान का झुमका खरीदती है।	विशाखा - खीर खरीद रही है।
5	निश्चित रूप से वह उस कारण के समाप्त होने (मिट जाने) पर प्रसन्न भी हो जाता है।	वह उसके द्वारा रचित होकर निंदा करता है।
22	पर्यटन मंत्री पीए मुहम्मद रियास ने कहा कि हेली पर्यटन परियोजना को आगंतुकों को राज्य के विभिन्न हिस्सों में बहुत तेज़ी से पहुंचने और खूबसूरत क्षितिजों का आनंद लेने में सक्षम बनाने के लिए डिज़ाइन किया गया है।	केरल के राज्य के आग्नेयास्त्रों को देखने के लिए कई महत्वपूर्ण परियोजनाओं को समझाने के लिए एक बड़ा निर्णय लिया गया है। राज्य के विभिन्न हिस्सों में एक बड़ा हिमाचल प्रदेश के मुख्यमंत्री ने कहा कि परियोजनाओं को फायड़ा में फायिकल क्षेत्र में फ्यूबिकल कॉलेज का ग्रीनेशन का भी उद्घाटन किया गया है।
10	उन्होंने कहा कि अपना वीरभद्रसिंह ने राज्य में धर्मान्तरण से विरोध करने का विधेयक लाया था।	उन्होंने कहा कि अपने वीरभद्र सिंह ने राज्य में धार्मिक समुदाय को सौंपा था।
10	कहा जाता है कि रामचरण सिनेमा में सुहेल देव बरहज की राजपूत योद्धा की भूमिका पर दिखाई देता है।	उल्लेखनीय है कि रामचरण के जन्मस्थान में सुजय देवड़ा का नाम बदल कर रहा है।
2	वे सब फूल हैं।	वे सब फूलों को
3	सभी स्थानों पर क्या वर्जनीय है?	क्या सब कुछ नहीं करना चाहिए?
15	हालाँकि, वर्तमान वित्तीय स्थिति अच्छी नहीं है, जिसके कारण से राज्य सरकार काम करने वालों और व्यवसायियों को लटके हुए वित्तीय जिम्मेदारियों को निभाने में कष्ट का अनुभव करती है।	परन्तु वर्तमान सरकार ने अब किसी भी समस्या को दूर नहीं किया, जिससे राज्य सरकार को अधिक कष्ट से पीड़ित करने के लिए प्रयत्न कर रही है।
4	जहाँ कहीं पर भी जाता हूँ	जहां कहीं भी जाता है।
6	खिचड़ी देओ और दूध वहाँ ले जाओ ।	गायू - गाय दूध दुहने और वहाँ ले जाओ
7	ग्रीक भाषा में''थैले''इस प्रकार धातुधारण करने वालेार्थक, संस्कृत भाषा में भी.	संस्कृत भाषा का''इस प्रकार 'अथुन' नाम से संस्कृत का भी उपयोग किया गया है, संस्कृत का भी उपयोग किया गया है।
4	हम लोग सामूहिक गीत गाते हैं।	हम सामूहिक गीत गाते हैं।
8	रेलवेस्टेशन से घर जाकर वह भाई के साथ अल्पाहार करेगी।	रेल स्टेशन से घर जाकर वह कमरा के साथ बढ़ेगा।
5	उत्तम लड़की से धन लेता हूँ।	उत्तम लड़की के लिये धन देता हूँ।
1	अत्यधिक	अच्छा
1	कंघी	त्याग करना
6	पहले रणधीर शर्मा ने चर्चा में भाग लिया।	पहले दिन शर्मा के साथ चर्चा की।
19	जैसे सच्चिदानन्द के घनी परमात्मा श्रीकृष्ण नित्य हैं, उसी प्रकार समय-समय पर इस पृथ्वी पर उसकी आवृत्ति-तिराभाव आदि चलती हैं, उसी प्रकार से सच्चिदानन्दमयी भगवती श्रीराधा भी निति है।	जैसे योगी सच्चिदानन्दस्वरूप श्रीकृष्ण जी भी हैं, इस समय विश्वेश्वर के रूप में स्थित है, उसी प्रकार श्रीविष्णु-शण्डु-विज्ञान के द्वारा जाना जाता है, उसी प्रकार श्रीविष्णु देवी भी है।
4	पांच हज़ार रुपये।	लैस के साथ राजा की मृत्यु हो गई।
6	इसपर श्लोक हैं कि ये अति स्थूल और अतिकृश दोनों मनुष्य अतिनिन्दितः हैं और मध्य शरीर ( न अति मोटा न दुबला ) मनुष्य श्रेष्ठ है और अति मोटेसे तो दुबला ही अच्छा होताहै ॥	आप लोग इस प्रकार के द्वारा अग्नि, अग्नि, चन्द्रमा, चन्द्रमा, चन्द्रमा, चन्द्रमा, चन्द्रमा, वायु, वायु, वायु, वायु, वायु, वायु, वायु, वायु, वायु, वायु, वायु, वायु, वायु, वायु, वायु, वायु, वायु, वायु, वायु, वायु, वायु, वायु, वायु, वायु, वायु, वायु, वायु, वायु, वायु, वायु, वायु, वायु, वायु, वायु, वायु, वायु, वायु, वायु, वायु, वायु, वायु, वायु, वायु, वायु, वायु, वायु, वायु, वायु, वायु, वायु, वायु, वायु, वायु, वायु
7	अन्यथा साधनाभावाद भी कोई मनुष्य हमेशा संतुष्ट दिखता है।	अन्यथा सत्संग भी मनुष्यार्थ में नहीं दिखता है।
10	इसने संसदीय कार्यों के दो कार्यसूचक और वित्त विभाग के दो कार्यसूचक पर सहमति दी है।	इस विधेयक में दोनों राज्यों के कार्य के लिए दोनों नई विभागों के कार्य और विस्तारों के साथ कार्य के लिए कार्य किया गया।
4	वे दोनों वहां स्नान करते हैं ।	वे दोनों वहां स्नान करते हैं।
3	धारा नगरी कहाँ है?	शारदना कहाँ है?
8	उज्जयिनी के राजा विक्रमादित्य के काल से विक्रमसंवत्सर की गणना होती है।	उज्जयिनी के राजा राजा के वर्ष में वर्ष की आयुष्मानि की जाती है।
16	श्री लाल बहादुर शास्त्री संस्कृत विश्वविद्यालय में, नई दिल्ली में दीक्षा ग्रहण समारोह मुख्य अतिथि राष्ट्रपति द्रौपदी मुर्मू, केंद्रीय मंत्री धर्मेन्द्र प्रधान और अन्य गणमान्य अतिथिगण एक साथ उपस्थित हुए।	श्री लाल बहादुर शास्त्री-राष्ट्रीय विश्वविद्यालय के नई दिल्ली में, नई दिल्ली में नई दिल्ली में, केंद्रीय सम्मेलन के मुख्य अतिथि के रूप में विशेष राष्ट्रीय सम्मेलन में प्रधानमंत्री धर्म मंत्री धर्मखड़ ने आमंत्रित किया।
9	नियम ज्ञान है परन्तु प्रयोग नहीं है अर्थात् भाषा नहीं आती है।	नियम ज्ञान है कि अपशब्दों का प्रयोग नहीं किया जा सकता है।
5	इस समय शान्ति स्थापित नहीं है ।	अब शान्ति का नहीं स्थापित किया गया।
6	दूसरा मिलना हिमाचल-तेलाङ्गान के बीच हुआ।	दूसरी ओर, हिमाचल प्रदेश-मध्याला और अन्य बीच बीच हुई।
6	विश्व की प्राचीनतम ग्रन्थ ऋग्वेद में काशी उल्लिखित है।	विश्व प्रसिद्ध प्राचीनतमतमतमतमतमतमतमतमतमतमतमतम वर्ग है।
9	कोई एक वन्यजीव खाने से पेट भर जाता है ना?	एक ही जंगल में तुम्हारे जीवन के लिए खाई जाती है। आपका क्या लक्ष्य है?
4	पुतला जलाने से कुछ भी नहीं होगा।	रर्ट में कुछ भी नहीं होगा।
12	सभी न्यायाधीश समान राय थे कि ऐसी अद्वितीय परंपरा नहीं और शहर भी ऐसा नहीं है जो वर्ग के लिए अभिलषणीय हो।	ऐसे समय की आयु की स्थिति के कारण नतीजे, नकुल वर्ग के सभी अधिकारी, नंबर के साथ।
5	प्राचीन काल में अयोध्याका राजा दशरथ थे।	प्राचीनकाल में अयोध्या में राजा का राजा था।
8	जो पुरुष सब कामनाओं को त्यागकर स्पृहारहित? ममभाव रहित और निरहंकार हुआ विचरण करता है? वह शान्ति प्राप्त करता है।।	परन्तु, परन्तु, परन्तु, परन्तु, परन्तु, परन्तु, परन्तु, परन्तु, परन्तु, परन्तु, परन्तु, परन्तु, परन्तु, परन्तु, और (वत्) को त्याग कर ही (शुद्ध) को त्याग कर बार ही) करके (शुद्ध) को) को प्राप्त करता है।।
6	सभी समिति सदनों की विशेष मार्गदर्शन से कार्यक्रम सफल रहा।	सभी सदस्यों के लिए मार्ग दर्शक कार्यक्रम में भाग लिया गया।
11	आक्षेपक तो फिर लोक में इन शब्दों का प्रयोग कैसे नहीं दिखता है? वैयाकरण (व्याकरण)--अप्रयोग(के प्रयोग) के अभाव में।	यदि कोई भी जाति शब्दशास्त्र के प्रयोग में क्यों नहीं दिखता है तो कैसे-क्या शब्द के लिए प्रयोग किया जा रहा है।
3	यह संदीप है ।	यह पुरस्कार प्रदीप है।
19	दुर्जन को (सज्जन बनाने के लिए) न धर्मशास्त्र कारण होता है और न ही वेदों का अध्ययन इस विषय में तो स्वभाव ही ऐसा बलवान कारण है, जैसे गाय का दूध स्वभाव से ही मधुर होता है ।	मनुष्य धर्मशास्त्र के कारण ही गुरु के पास नहीं है, वह भी जान सकता है, क्योंकि वह विद्या ही है, विद्या के कारण ही है, विद्या के साधन के साधन का अभाव भी है।
3	सभी वाहन रुक गए हैं।	सभीकी संख्या निलंबित हो गई है।
7	राजा का अपना हित प्रिय नहीं होता है। प्रजाओं का हित ही तो उसे प्रिय होता है।	हे राजन् ! स्त्री के समान कोई भी कोई भी मित्र नहीं है।
7	मेरा वीर्य लज्जित होता है और हाथ से धनुष बहता है।	मेरे बल से बँध रही है, वह धन और धनवान बनता है।
9	सेब के लिए समर्थन मूल्य, अनुदान, औरपणक की अच्छी व्यवस्था आवश्यक है।	सेब के लिए ऋण, उत्पादन के लिए, उत्पादन के लिए, और सुविधा आवश्यक है।
7	जाह्नवी के चलचित्र के लिए अंतिम संस्कार हुआ है।	जाह्नवी फ़िल्म के लिए अंतिम बार अंतिम रूप से शुरू है।
1	सेम	समूह की चोटी पर
3	एक निर्धन बोला	एक निर्धन बोला
10	इससे देश के पूर्वोत्तर क्षेत्र के सभी आठ राज्यों में भाजपा को सत्ता मिल जाएगी।	इस राष्ट्र देश के पूर्वानुमान क्षेत्र में आठ लाखों रुपये के खर्च से भी बढ़ेगा।
10	और ऐसा लगा जैसे कोई हाथी पानी पी रहा है, यह सोचकर मैंने धनुष पर बाण चढ़ाकर शब्दवेधी बाण छोड़ा। परन्तु वहाँ पर मनुष्य सूचक शब्द हुआ कि हा! में मारा गया । हे विधे! मैंने तो किसी का मैं कोई अपराध नहीं किया था, मुझको किसने मारा? ॥	इस प्रकार कहकर वह हाथी के सिर पर गिर जाता है। उस समय वह रथ के शिखर पर चढ़कर पृथ्वी पर गिर गया।
1	प्रारम्भ किया	विघ्न
10	राजा ने अपने वन जन प्रिय पुत्र को भाई लक्ष्मण और स्त्री के साथ जंगल में भेज दिया है ॥	इस प्रकार वनवास के लिए वनवास के लिये रहने वाले वन में रहने वाले श्रीरामचन्द्रजी ने सीता के साथ वन में रहने के लिये अवतार लिया ॥
7	वह वृद्ध माता पेड़ के नीचे खड़ी है	वह वृद्ध माता वृक्ष के नीचे गाड़ी में खड़ा है।
15	ए.आई. को कृत्रिम बुद्धिमत्ता के रूप में मान्यता दी गई है-इसे वैश्विक संधि के बारे में एक शिखर सम्मेलन में नई दिल्ली में लॉन्च किया गया है-घोष का कार्यान्वयन स्वीकार किया गया.	यह अतिरिक्त विभिन्न प्रक्रियाओं के माध्यम से आयोजित किया गया है-यह इंदारा के नाम से विकसित भारत के नाम से विकसित एक व्यापक-एक व्यापक शिखर सम्मेलन में आयोजित किया गया।
4	वह शशांक है	वह गहरी है।
1	हथेली पर प्राण लेकर	थका हुआ था।
1	दैनिक	किया गया
8	इस अवसर पर संस्कृत विश्वविद्यालय के कुलपति, विद्वान शिक्षक, छात्र और अन्य लोग उपस्थित थे।	इस अवसर पर संस्कृत विश्वविद्यालय के उप-अद्भावों के लिए छात्र एवं अन्य लोग उपस्थित थे।
6	मैं गिरीश बोल रहा हूँ। मित्र !	मैं पहाड़ा बोलती हूँ।
8	सुदैव से यह संभव होता है। परन्तु इस आत्मा के संशय (वाले कार्य) में प्रयत्न नहीं करना चाहिए।	विद्या से बढ़कर होने वाले व्यक्ति को सोचता है लेकिन इस प्रकार मन को अपने आपस में धारण करें।
11	इमरान खान ने रूस से भारत की तेल खरीद पर अमेरिकी आपत्तियों पर जयशंकर की प्रतिक्रिया की सराहना की।	अमेरिकी राष्ट्रपति ने कहा कि भारत ने भारत के खिलाफ इस्तेमाल किया है और रूस के खिलाफ एक व्यापक रूप से बढ़ रहा है।
12	मेनका द्वारा आगे-आने में तमिलनाडु ने पी.एस. चार अंकों से गिरा था.	मीर-महैन-अमहहैन-नगर के तीर के मध्य में एक विमान पर एक विमान पर डूब गया.
5	मुझे मिलाकर सत्ताईस लोग थे।	मुझे देखकर सात लोग थे।
5	परन्तु अन्यदेव मरणशीलों के साथ द्वेष करता है।	परन्तु हमें सदा मन के साथ दोकरीों के साथ मनाया जाता है।
3	आप विद्यालय जाईये।	आप विद्यालय जाईये।
4	उसने मेरा वाहन तोड़ दिया	उसने मेरी बसें बन्द कर दी।
2	जिसकी श्रद्धा है, वह यज्ञ करते हैं।	जो भक्त श्रद्धा से युक्त होते हैं।
1	हिमालय पर्वतों	हिमालय
7	अंग्रेज लोग तो लोगों पर बहुत अत्याचार करते थे।	अंग्रेजों के लोगों को अंग्रेज बहुत से उपवास करते थे।
6	आदि नाम का छात्र संस्कृत कार्यक्रम का संचालन करेगा।	सारा दिन संस्कृत शिक्षक संस्कृत शिक्षक डाॅश्री दिनेश यादव करेंगे।
5	परमात्मा जागत् का स्रष्टा है।	परमेश्वर के द्वारा सादर का जाना जाना है।
4	वह हमें बगीचे में खिलाती है।	वह हमारे दोनों बगीचे में खेलते हैं।
7	इसी प्रकार, इल्मा अफरोज पुलिस अधिकारी जिला बाडी नियुक्त किया गया।	इसी प्रकार, एनिट स्कोरिक्स जिलों में बिनाराडाहाडाहाडा नियुक्त की गई।
9	यह सम्मान देश के लिए उनके अतुलनीय योगदान के लिए समर्पित है।	यह आश्रम देश में उनका योगदान करना है।
16	हे राक्षसेश्वर ! कार्य करने वाले का यहाँ निवास कैसे होगा ! इसलिये जल्दी से विमान रख दो !	हे राक्षसेश्वर ! इस समय मेरे लिये इनकी भुजाओं को कैसे रोक सकता है, इसीलिए हे सौम्य ! इस रास्ते में बताओ।
9	नौ सौ वर्ष पहले लिखी यह पुस्तक काश्मीर का इतिहास बताती है।	नौ सौ वर्ष पहले लिखे यह पुस्तक का प्रयोग करता है।
10	संसार ऐसा कहता है कि) चन्दन ही शीतल (होता) है, वस्तुतः) पुत्र के शरीर का स्पर्श (तो) चन्दन से भी बढ़कर होता है।	इस प्रकार विषयों का अध्ययन करने से युक्त मनुष्य की बुद्धि से युक्त हो जाती है, उसी प्रकार वह पुत्र के घर में उत्पन्न होता है, उसी प्रकार वह पुत्र होता है, उसी प्रकार वह स्त्री के द्वारा ही उत्पन्न होता है।
15	यदि सब ठीक हो जाए तो घटना के आधार परनिर्मित फिल्म में काफी जल्दी ही सफलता मिलती है।	यदि सब कुशलता होता है तो बहुत जल्दी ही सचजन के रूप में फिल्म का आधार दिख रहा है।
3	आगे सीढ़ी है।	आगे सीटी है।
14	उसे देखकर राक्षसी कैकेयी ने दशग्रीव को कहा बेटा तेजसमूह से व्याकुल अपने भाई को देखो।	उस समय देखकर सुषेण ने दशग्रीव के वचन को सुनकर कहा हे पुत्र! हे पुत्र! सुदेव ने अपनी पत्नी को देख लिया।
3	उपक्रम बहुत मनोहर है।	सरकार बहुत सुन्दर है।
6	क्या वे सज्जिता के रूप में सुशय्या नहीं दिख रही हैं?,	जल्दी से वे वाक्य का क्या स्मरण करते हैं, या नहीं।
5	पृथ्वी पर जल, अन्न और सुवचन ये तीन ही रत्न हैं,	पृथ्वी पर तीन रत्न और जल जलाये।
5	वे विलासी लोग आने वाली आपदा को नहीं देखते हैं।	वे सुख से पीड़ित होकर किसी को देखते हैं।
6	पुलिस को देखकर कुछ लोग रास्ता बदल देते हैं।	पुलिस के पास आकर कुछ लोग शहर बदलते हैं।
7	उससे पहले से दुहितर को लेकर मैं वन आ गया हूँ।	उस समय से सोचने लगा मैं आ गया हूँ।
20	न इधर ही कुछ है, न उधर ही, जहां-जहां जाता हूँ वहीं कुछ भी नहीं है, विचार करके देखता हूँ तो यह जगत भी कुछ नहीं है, स्वात्मा के बोध से बढ़कर और कुछ भी नहीं है॥	परन्तु जो कुछ भी नहीं है, वह तो कुछ भी भक्त नहीं है। परन्तु वह कुछ भी भक्त नहीं है। क्योंकि वह तो कुछ भी भक्त होकर नहीं है। अतः वह भक्त होकर तुम्हें ही परम ब्रह्म है। अतः वह तुम्हें ही है। हे प्रभो ! आपको किसी प्रकार से अधिककर नहीं जानूंगा। हे प्रभो ! आपको कोई भी जानिये। हे रघुश्रेष्ठ ! आपको कोई भी नहीं है।
8	शहर और आसपास के कस्बों में फैले जहरीले धुएं के जाल ने कई तरह की अस्वास्थ्यकर समस्याएं पैदा कर दी हैं।	जिले के पास चंडीगढ़ और अन्य समूहों के खिलाफ भारी बारिश हुई।
5	सबल बनें , सफल बनें।	सबने थोड़ी देर हो।
5	जाल में बँधा हुआ बाघ यह थककर ।	ऊपर से वह बाघ है।
4	बाद में वह घूमता है ।	बाद में वह घूमता है।
9	यहाँ आप लोगों के प्रीति के लिये कुछ भी चित्र प्रस्तुत किये गये हैं, उनको देखकर आपलोग प्रसन्नता पूर्वक निःसारण कीजिये	यहाँ कौन-अलग चित्र वाले होते हैं, तब तब तक थोड़ा-अलग फल को देखकर बैठ जाते हैं।
9	भगवान् के अतिरिक्त जनधन वैभव,वस्तु और शरीर आदि में मुझे कोई भी अनन्यभाव या अन्यता नहीं है।	भगवान् कहते हैं कि लोग विभिन्न प्रकार के संग्रह के लिए लगे हैं, परन्तु मेरे पास कोई भी असंभव है।
10	बांग्लादेश में प्राप्त हुई रिपोर्ट के अनुसार,शेखहसीना की टीम संसदीय रूप से-उन्होंने आसन में जीत हासिल की.	रूस के राष्ट्रपति इंदौर के अनुसार, चुनाव के अनुसार, कैफालैंड के विभिन्न देशों में बीजेपी ने जीत हासिल की।
1	आग	वर्षा के कारण
9	लोसभा हॉल में वित्त मंत्री ने 21,000वां वर्ष का चौबीस-पांचीस-यह प्रशासन द्वारा अनुमानित उपलब्धियों की रिपोर्ट प्रस्तुत की गई है।	वित्त मंत्री ने नई दिल्ली में चौबीसवें वर्ष की-दो-दो हजार से अधिक-उन्होंने मामलेों का उद्घाटन किया।
7	हे मधुसूदन ! हम सब तुम्हारी शरण में आ रहे हैं।	हे गरुदन ! हम तुम्हारे पास आओ।
6	क्रोध से उत्पन्न होता है मोह और मोह से स्मृति विभ्रम। स्मृति के भ्रमित होने पर बुद्धि का नाश होता है और बुद्धि के नाश होने से वह मनुष्य नष्ट हो जाता है।।	जो पुरुष अपने कर्म में आसक्त होकर, जन्म और आसक्ति को त्याग कर लेता है, वह योगी पुरुष अपने मन को प्राप्त करता है।।
3	तुम जाते हो क्या?	तुम जाते हो क्या?
23	कार्यक्रम का संचालन संस्कृत शिक्षक डाॅअमनदीप शर्मा ने किया। उन्होंने बालिकाओं की शिक्षा की आवश्यकता, छात्रों के लिए मादक सामग्री की रक्षा के उपायों पर चर्चा की और शिक्षा में बदलाव के लिए सरकार के प्रयासों का जिक्र किया।	कार्यक्रम में संस्कृत शिक्षण संस्थान के निदेशक डाॅश्री बालकृष्ण शर्मा, बच्चों के लिए शैक्षणिक संस्थानों के लिए, अभिभावकों के लिए, अभिभावकों के लिए, अभिभावकों के लिए, शिक्षकों के लिए, शिक्षकों के लिए चर्चा करने के लिए, सरकार के लिए शिक्षा के बारे में चर्चा की गई।
10	भगवान ने नारद से कहा - नारद, पृथ्वी पर मेरा एक परम भक्त है	भगवान् नारद ने कहा- हे नारद! मेरा भाग्य एक बार ही है।
5	सबके पास शिक्षा अवश्य करनी चाहिये।	सबके पास पढ़ी जाती है।
5	जल के मनुष्यं पानी में डूबकर तीर पर बैठते हैं।	पानी से निकलने के लिए लूरे हुए नदी पर गिर जाता है।
2	सादर नमन करती हूँ ।	वह प्रसन्न हो जाता है
12	हे अर्जुन ! "कर्म करना कर्तव्य है" ऐसा समझकर जो नियत कर्म आसक्ति और फल को त्यागकर किया जाता है, वही सात्त्विक त्याग माना गया है।।	इस प्रकार कार्य में प्रवृत्त होता है कि कर्म में प्रवृत्त होता है और दान लेता है, वह फल और आसक्ति को त्यागकर फल को त्यागकर फल को त्याग कर देता है।।
9	और कहीं पर पति भी अपनी पत्नी के रूप में देवी का रूप धारण कर, सखियों के समान मानो।	और भी-बालक के पति के पुत्र के रूप में अपनी पत्नी के रूप में पत्नी के रूप में, पिता के रूप में, यह कहा गया है।
6	दीपिका –हाँ मुझे भी सबने बुलाया।	दीपेश – हाँ! सभी लोग भी मिल गए।
1	नाट्यवेद की	नाट्यवेद
6	दिल्ली में भी सर गंगाराम अस्पताल है।	दिन-बीज में भी गाना गाना है।
7	प्रत्येक हिमाचल प्रदेश निर्वाचन आयोग में नियुक्तियां बाह्य आधार पर आयोजित की जाएंगी।	हिमाचल प्रदेश के राज्य के राज्य के अधिकारियों के पद पर नियुक्त किया जाएगा।
8	वाहन चलाने के समय अपना पालन करें और अत्यधिक विश्वास करें।	वाहनों के समय में अपनी प्रतीक्षा करें, और वेद की खोज करें।
6	तब संन्यासी की रक्षा करने की दृढ़ बुद्धि (मैंने) की।	तब बार-बार पास जाकर सोए हुए को उठाकर भाग दिया।
4	देवदत्त के शिर में बाल काले हैं।	अन्न की इच्छा से दही जल पीते हैं।
6	आज मतदान के लिये जाना है।	माता – आज मतदान करना है।
2	तुम क्या पढ़ते हो ?	क्या पढ़ा है ?
8	संजय ने कहा -- इस प्रकार मैंने भगवान् वासुदेव और महात्मा अर्जुन के इस अद्भुत और रोमान्चक संवाद का वर्णन किया।।	हे पार्थ ! ब्रह्मादेव ने कहा -- जो लोकदेव और सनातन सनातन सनातन सनातन सनातन सनातन सनातन सनातन सनातन दिव्य दिव्य दिव्य दिव्य दिव्य दिव्य दिव्य दिव्य दिव्य दिव्य हैं।।
5	वह हिन्दी नहीं जानता है।	वह हिन्दी नहीं जानता है।
13	प्रमाद रहित सिद्ध गण श्रीरामचन्द्र जी को परम अद्वितीय, सबका आदि कारण, माया के गुणप्रवाह से पृथक् वर्णन करते हैं, तथा वह अहर्निश उनका भजन करते हैं और परमपद को प्राप्त करते हैं ॥	हे राम ! आप अपने आप अपने आप अपने चरणारविन्दों को दूर कर रहे हैं, क्योंकि आप अपने आप अपने आप अपने चरणारविन्दों को धारण करते हैं, क्योंकि आप अपने आप अपने आप अपने आप अपने चरणारविन्द को धारण करते हैं।।
1	सब शक्तियों से युक्त	सभी प्राणियों के साथ
5	पति - आज फिर से ....	पति - आज फिर से देख
8	इस लद्दाख शहर में बड़ों के खिलाफ लघुपलट से युद्ध हुआ।	इस बेर्भ में लगानिस्तान के खिलाफ पाकिस्तान ने ट्रेनगेइटन युद्ध का आरोप किया।
7	अगर मैं खेलूँगा तो गुरु मुझे मारेगा।	यदि मैं खेलता हूँ तो गुरु मुझे मारता हूँ।
10	लेकिन इसी समय भवननिर्माण मंत्री, मुख्यमंत्री अखिलेश कुमार और निकट सहायक को स्वीकार किया गया था।	लेकिन इस समयखंड में निर्माण के लिए मुख्यमंत्री, मुख्यमंत्री और अखिलेश कुमार के साथ एक करोड़ रुपये का प्रावधान किया गया।
6	इस समय आह करके पाँच सभाएँ होंगी।	इस दौरान पांच सदस्य होंगे।
6	अब असम सैनिकों का प्रयाणगीत बदलूराम के नाम पर है।	अब असम सैनिकों का प्रयोग''सिंपरिक मंदिर में नामित है।
8	विभा - "रेल से उतर रहा है" ऐसे बोलो ।	विभा - " रेल से उतर रहा है"
1	सत्यनिष्ठा से	सत्य के बिना
7	वर्ष 1977 में उनका नाम मैंने सुना था।	सातवें दिन मैंने उनका नाम सुना है।
8	चारो तरफ से ऋषियों के आश्रमों से सुशोभित, ब्रह्मर्षियों और देवर्षियों से सेवित वह आश्रम साक्षात् दूसरे ब्रह्मलोक के समान प्रतीत हो रहा था ॥	ब्रह्मलोक में समस्त जगत् के द्वारा देवताओं के द्वारा भगवान् विष्णु के द्वारा रचित, ब्रह्माजी के द्वारा रचित, ब्रह्माजी, लक्ष्मण के द्वारा कहा गया है। मैं आपको अपने हृदय में ले जाने के लिये ही साक्षात् ब्रह्माजी हैं।
8	न्यास प्रस्ताव ने अंतिम रूप से स्थल का चयन करके अग्रिम कार्य योजनाएं निर्धारित की हैं।	अर्थव्यवस्था का उद्देश्य अंतिम रूप से स्थापित करके अंतिम रूप से पूरा करने का अंतिम रूप से पूरा है।
5	यह ग्रन्थ उसके द्वारा तेईस वर्ष की अवस्था में रचा गया था।	ग्रन्थ यह है कि वह अगले महीने की तुलना में खड़ा हो जाती है।
8	ये वस्तुएँ बनाने में प्रायः एक सप्ताह होता है।	ये सब पुरानी रूप से प्रायः हर महीने होती है।
10	पंकज उधमके पुत्री नेयाब उधम ने अपनी इंस्टाग्रामपटल पर लिखकर अपने पिता की मृत्युकी पुष्टि की।	साथ ही नवरात्रि के पुत्र की बेटी नक्बर ने अपनी माता को अपनी माता को अपनी गोदी में लेकर अपनी अपनी अपनी अपनी अपनी यात्रा का खुली कर दी।
1	माला	बेल
7	हिमाचल प्रदेश के समतल मध्य-उच्च पर्वतीय क्षेत्रों में मौसम बदल गया।	हिमाचल प्रदेश के समतल क्षेत्रों में वायुवात क्षेत्र में परिवर्तन हुआ।
6	घर की चाभी किसके पास है ?	घर की चाभी कौन है ?
16	माना जाता है कि 2,200 किमी की मारक क्षमता वाली इस बन्दूक को 10 नवंबर को ओडिशा के तट पर अब्दुल कलाम द्वीप से लॉन्च किया जाएगा।	200 फरवरी को को को कोझिकोड जिले के तट पर बंद करने के लिए इक्कीस तालार के सातवें दिन एक नए कनाडा में एक नया सामान हो रहा है किमी में कनाडा की मृत्यु हो रही है।
5	उज्जयिनी का मुख्य दर्शनीय स्थान कौन-सा है?	उज्जयिनी के मुख्य मुख्य मुख्य मुख्य विषय पर स्थित है?
4	माता और पिता	माता का पिता
8	यह उचित नहीं है कि स्वावलम्बन के प्रभाव से भारत आजादी में आया है।	अपने आप उत्सव में भारत के सर्वश्रेष्ठ प्रदर्शन का आरम्भ नहीं हुआ।
15	परन्तु यदि किसी दल का विधायक अपनी क्रॉस वोट को प्रकट करता है तो वह अयोग्य नहीं होगा।	परन्तु यदि कोई भी दल को स्वतंत्रता मिला है तो वह उसे सफलता नहीं दे सकती है।
1	कहकर	कहिए
3	तुम अब क्या करते हो।	तुम क्या कर रहे हो ?
4	दूसरा व्यक्ति बोला	ऊँचा बोला
12	उन द्वारों में तीन दक्षिण दिशा में, चार उत्तर दिशा में, पाँच पश्चिम दिशा में और छठे पूर्व दिशा में तीन द्वार थे।	उनमें से पहले तीन बजे, रात, द्वार, दिल्ली, दिल्ली, दिल्ली, दिल्ली, दिल्ली, मध्य प्रदेश और पूर्व पश्चिम बंगाल, मध्य प्रदेश और पूर्वी में एक नई स्थान पर थे।
10	माँ की प्रतिमा में पुरोहितवर्ग के द्वारा क्विन्ताल देशी गाय का चार्पण होता था।	माँ की महिमा की मूर्ति में कश्मीर के नए देश में नौवीं और नौवीं कक्षा थी।
5	क्या भरत को धर्म के अनुसार राज्य में पाल लिया जाता है?	भरत ने राज्य में परिवर्तन किया कि राज्य में क्या प्राप्त कर रही है ?
24	श्रीकृष्ण के वचन को सुनकर क्रोध से लाल मुख वाला दुर्योधन शीघ्र उठकर बोला- "हे मधुसूदन ! आप पाण्डुओं की ही हितैषी हैं तो फिर इसमें मेरा कोई दोष नहीं है।"	श्रीकृष्ण जी ने कहा- “मित्र, (अरेख) ! दुर्योधन ने इस तरह से कहा- हे अर्जुन, "अरे, "अरे, तुम तो मैं तो बहुत से भी इस तरह का हित नहीं है।
7	वह कैसे अभ्यास करती है , देखिये ।	वह संस्कृत अभ्यास करती है।
12	महोदय ने कहा कि संस्कृत भाषा भारत को फिर से विश्व गुरु के रूप में प्रतिष्ठित करने में महत्वपूर्ण भूमिका निभाती है।	महोदय ने कहा कि संस्कृत भारत पुनः विश्व के रूप में विश्व स्तरीय रूप से समृद्ध हो रहा है।
6	तो अब मैं विद्या प्राप्त करने के लिए गुरुकुल जाता हूँ। (प्रणाम करता हुआ चला जाता है)	विद्या के द्वारा विद्या की प्राप्ति के लिए गुरुकुल जाता हूँ।
4	फूल बहुत बड़ा होता है।	फूल बहुत अधिक होता है।
6	अहमद सड़क पर गिर पड़ा, इसलिए वह हँसता है	मैं रास्ते में चढ़ गया अतः वह गिरता है।
6	मुझे डी जे ध्वनि पसंद नहीं है।	मुझे राजस्व स्थान पर नहीं लगना पसंद है।
4	छात्र खुश होते हैं	छात्र खुश होते हैं।
13	नाहन के डॉ यशवंत सिंह परमार चिकित्सा- कॉलेज में विशेषज्ञ वैद्यों और उपचारियों के पदों को पूरा करने के लिए उन्होंने आग्रह किया।	नर्मदा डॉ. वी. वी.एस. वी. ने महाकुल चिकित्सा महाविद्यालयों और चिकित्सा महाविद्यालयों के लिए महाकुलों को सशक्त करने के लिए आग्रह किया।
5	जैसा जानता है वैसा सच कंहं।	संजय को पूछता है कि ऐसी बात है।
5	उसका नाम विश्वप्रिय है	उसका नाम अच्छा है।
8	अन्य महिलाओं में निफ्टी कम होने के कारण खोल दिया गया।	बेहद का कहना है कि सबसे कम तापमान कम हो गया है।
1	पूछ रहे हो।	पूछता हूँ।
9	मुनिगण द्वारा इस प्रकार बताने पर श्रीभरतजी प्रसन्नता पूर्वक मन्त्रियों सहित सबसे आगे श्रीरघुनाथजी के निवास स्थान के लिये चल दिए ॥	इस प्रकार मुनिवर विश्वामित्रजी ने राम को देखकर नमस्कार किया और उन्हें अपनी माया से उनका सिर सूंघकर श्रीरामचन्द्रजी के साथ श्रीरामचन्द्रजी के साथ श्रीरामचन्द्रजी के साथ ही उनके मन्त्र का उपदेश किया ॥
8	मुख्यमंत्री सुखविंदर सिंह सुक्खू राहुल गांधी भारत जोडो की न्याययात्रा में शामिल होंगे।	मुख्यमंत्री सुखविंदर सिंह सुक्खू भारत के नेतृत्व में भारत के नागरिकों को संबोधित किया जाएगा।
12	प्रधानमंत्री ने कहा कि पिछले दस वर्षों में भारत दुनिया में पांचवें सबसे बड़ी अर्थव्यवस्था बन गया है।	प्रधानमंत्री ने कहा कि पिछले दस वर्षों में भारत ने भारत की अर्थव्यवस्था पाँचवीं सबसे बड़ी अर्थव्यवस्था बन गया है।
5	वह कैसा लड़का है?	वह कैसा बालक है ?
10	वानरश्रेष्ठ सुग्रीव ने राम से पूजित राम के अभिषेक को देखकर संतोषपूर्वक किष्किन्धापुरी में प्रवेश किया।	बन्दर सुषमावण के दर्शन से राम को देखकर राम ने हनुमान के चरणों में झगड़ा कर दिया।
10	ई.सन् 1306 से 1315 तक मलिक काफूर ने दक्षिण भारत में बहुत विनाश किया।	755 ई००००००एस-कश्मीर के तट पर लगभग 20 से अधिक महिलाओं ने नृत्य किया।
2	अपने घर में आए अतिथि का विधिपूर्वक स्वागत करना चाहिए।	अतिथि सत्कार करने वाले को नये हुए, देवताओं के स्वामी, पूजकों के लिए सम्मान के लिए।
5	वह नई पुस्तकें खरीदता ही है।	वह नए पुस्तकें खरीदता है।
7	फिर भी उन्होंने बदलूराम का नाम सूचि से नहीं निकाला।	फिर भी उन्होंने बदलूराम का नाम नहीं खुल लिया।
9	ध्यान रखना चाहिए कि संस्कृत शिक्षण द्वारा हर रविवार को ऑनलाइन आयोजन किया जाता है।	ध्यान रखना चाहिए कि संस्कृत शिक्षण के माध्यम से रविवार को ऑनलाइन संस्कृत शिक्षकों को प्रदर्शित किया जाता है।
4	वह दौड़ नहीं पाएगा	वह दौड़ नहीं पाएगा।
7	अभियुक्त मोहम्मद मुन्ना बिहार के गया नगर के निवासी हैं।	अभियुक्त मिस्र के मिस्र के मध्य भाग में स्थित है।
7	उस भौरें ने उस बालक की आवाजों की ओर तो ध्यान ही नहीं दिया।	फिर भी वह शराब से कान भर दिया गया।
9	अतः यज्ञ में आए हुए मनुष्य को अपने मन्त्रों का कार्य के अनुसार विपरिणत करना चाहिए।	इसलिये यज्ञ से युक्त पुरुष ने कठिन होकर काम किया और कहा गया।
4	उनके श्लोक पाठ कीस्तुति भी देखी गई।	उनके श्लोक और ग्रन्थों का संग्रह किया गया।
9	अब तक उसने 1000 से ज्यादा फिल्मों में काम किया है।	अब तक वह 100 हजार से अधिक फिल्मों में काम किया गया है।
4	विद्यालय में लड़के और लड़कियाँ है।	विद्यालय में बच्चों और बच्चियाँ हैं।
7	एक के साथ अन्यों को भी संस्कृत पढ़ाऊँगा ।	एक साथ ही संस्कृत पढ़ूँगा।
3	कैसे करें ?	कैसे करना चाहिये ?
8	प्रजापति (सृष्टिकर्त्ता) ने (सृष्टि के) आदि में यज्ञ सहित प्रजा का निर्माण कर कहा इस यज्ञ द्वारा तुम वृद्धि को प्राप्त हो और यह यज्ञ तुम्हारे लिये इच्छित कामनाओं को पूर्ण करने वाला (इष्टकामधुक्) होवे।।	हे राजन् ! इस जगत् के द्वारा जगत् को जानो। हे रघुश्रेष्ठ ! आप इस जगत् को आपस में जानो। हे रघुश्रेष्ठ ! आप इस जगत् को जाओ। हे रघुश्रेष्ठ ! आप इस जगत् को जाओ।।
7	पत्नी - तो फिर घर के काम में मुझे सहयोग करिये।	पत्नी - तो घर के काम में मेरा उपाय करिये।
4	गुरुनानक ने किसका भोजन स्वीकार किया?	गुरु जी ने किसका भोजन किया?
1	मां	कुत्ता
4	वे ऋतु इसभांति हैं कि शिशिर, वसंत, ग्रीष्म, वर्षा, शरद और हेमंत ॥	वे ऋतु के समयसे उत्पन्न हुए हैं और शरीर के समयसे उत्पन्न होते हैं ॥
3	मन्दिर में भक्त जाता है।	मन्दिर से भक्त जाती है।
12	भाजपा के राष्ट्रीय अध्यक्ष जगतप्रकाशनड्डा ने रविवार को शक्तिपीठ के माँ श्री बज्रेश्वरी देवी को दर्शन करके प्रणाम किया।	भाजपा के अध्यक्ष श्री अम्बवांत सिंह ने रविवार को श्री अम्बेडकर मातादेवी को प्रणाम किया और श्री गुरु बाबा गुरु यादव को प्रणाम किया।
6	ये महोदय बहुत कर्मठ थे ।	यह बहुत भक्ति बहुत ही था।
5	योगेंद्र अच्छा धावक ( एथलीट ) है	वैदिकेश अच्छा दौड़ता है।
5	सीता की सास कौशल्या थी ।	सीता की ससुर थी।
4	प्रिया ने प्रिय के मन को चुरा लिया।	प्रिय मन मन से ही खुश हुआ।
34	परन्तु हमारे पक्षी कौन हैं, कैसे वे अब प्रवर्तमान हैं, व्यवहार आदि में इनमें से किसी को भी कमाधिकता प्राप्त हो, यदि यहाँ पर यह बात हो, तो हमारे या किसी के पक्षी के विषयों को ही सोचना चाहिए, तो अपने धार्मिक प्रेम के विषय में और कर्तव्य के विषय में अपने मन को स्वयं प्रवृत्त कर लेना चाहिए।	परन्तु हमें सत्ता की क्या आवश्यकता है, फिर भी वे कैसे बढ़ते हैं, अब फिर भी आप कैसे बढ़ सकते हैं, फिर भी आप कैसे करने में सक्षम हैं, फिर भी धर्म का आश्रय लेकर, या अधर्म के विषय में कुछ भी करने के लिए, कुछ भी विषय में धर्म का विषय है, कुछ भी नहीं है।
7	पांडव लोमाश ऋषि के साथ तीर्थों के दर्शन के लिए चल पड़े।	तिरूल्या के साथ पूरे सभी देवताओं के साथ अयोध्या के राजायों को देखने के लिए समर्थ हुए।
7	पण्डित मन्यमान प्रायः ऐसे विवादों में कुपित होते हैं।	मन में प्रायः ऐसी संख्याओं में छोटे लोग लूरे हुए हैं।
9	हे पाण्डव! जो पुरुष मेरे लिए ही कर्म करने वाला है, और मुझे ही परम लक्ष्य मानता है, जो मेरा भक्त है तथा संगरहित है, जो भूतमात्र के प्रति निर्वैर है, वह मुझे प्राप्त होता है।।	हे पार्थ ! जो पुरुष इस आत्मा को वश में करके, अव्यय, अव्यय, अव्यय, अव्यक्त, सर्वसंयम, सर्वसंयम, सर्वसंयम, सर्वसंयम, सर्वसंयम, सब कुछ भी सब कुछ नहीं जानता।।
5	ठीक है, दत्तचित्त के अनन्तर तुमसे सुनिये बेटा।	ठीक है, हे अनोचन ! आप दोनों बेटे से मिल गए हैं।
11	पश्चिम बंगाल के मुख्यमंत्री ममता बनर्जी ने विपक्ष के "इंडिया" को बड़ाघात दिया।	पश्चिम बंगाल के मुख्यमंत्री ने मेरे सेना के मुख्यमंत्री अनुपमखेर ने "अबॉस्ट" के खिलाफ कई संधियों को तोड़ दिया।
1	श्रवण के द्वारा	सुनना
1	उद्यानों में।	बाग में
6	एक उच्च वर्ग के धनवान ने भी गुरुजी को मिष्ठान दी।	एक उच्चशाला में धनिक भी गुरु जी ने संदेश दिया।
1	समीप में	सिखाए गये
13	आधुनिक समय में आयुर्वेद आदि के कुछ अंश कोश लक्ष्मण शास्त्री जोशी ने रचे हैं।	आधुनिक समय में आयुर्वेदों के कुछ लोगों ने रामकुमार को भव्य रूप से मुग्ध किया।
1	हजामत	ढोना
4	कुत्तों को दूर भगाता है	कुत्ता दूर से करती है।
12	राजा बोला - यह वृत्तान्त मेरे सामने कहने के लिए तुम कैसे नहीं डरते हो ?	राजा - यह क्या है, मेरे आगे से आगे बढ़ाने का रास्ता नहीं है।
4	सुयोग्य प्रत्याशी को मत देना चाहिये।	सुयोग्य रूप से युक्त होकर शरीर का अनुभव करना चाहिए।
6	थोड़ी देर बाद वेटर थाली रखता है।	कुछ समय बाद अंग्रेज टोकरी पर रखती है।
4	सिक्खों के पाँच बाहरी चिह्न कौन से हैं?	सिक्खों के पांच सौ रुपये कौन हैं?
3	सभी जानवर वहाँ से लौट आए।	वनवासी ने उसके लिये अनुस की।
1	रेल	खिड़की
6	पुलिस को देखकर कुछ लोग रास्ता बदल देते हैं।	पुलिस के पास आकर कुछ लोग शहर बदलते हैं।
6	पन्द्रह मिनट तक उसने दोनों हाथ चलाए।	पन्द्रह मिनट तक उसने हाथ चलाया।
4	मंच की शोभा प्रान्तप्रचार प्रमुख सतेन्द्र कुमार ने की।	हिमसंस्कृतवार्ता: प्रांत के अध्यक्ष प्रदीप कुमार कुमार ने सनुमना किया।
3	मन अपवित्र है।	मन से सारति है।
1	लाज	खरगोश
6	वह 5 मार्च को पटना आ रहा है	वह 5 मार्च को 5 बजे दिल्ली आ रही है।
10	पीताम्बर दत्त की इच्छा थी कि सभी विषयों का ज्ञान हिन्दी भाषा में पढ़ाया जाए।	प्यास से युक्त था कि सभी ज्ञान की भाषा में संस्कृत भाषा का ज्ञान अवश्य ही है।
6	मैं अब काम में फंसा हुआ हूं।	मैं अब काम के लिये हूँ।
10	यहाँ काङ्गड़ाचय, काश्मीरका कहावा, चम्बा और औषधियोंका खरीदना बहुत होता है	यहाँ एचपीवी, कश्मीर, कोल, कोलण्ड, तेल, तेल, तेल, तेल, पात्र आदि कई कई कई कई कई कई कई बहुत बढ़ रहा है।
5	वह किसके साथ थी ?	वह किसने चलचित्र में था ?
5	मूर्ख धर्मपत्नी को भी कपड़े नहीं पहनाता।	मूर्ख उस प्रकार घास भी नहीं खाता है।
10	अंतर्राष्ट्रीय हवाई अड्डे के उद्घाटन से पहले, प्रधानमंत्री ने अयोध्या में लतामंगेश्कर चौक के स्थान का निरीक्षण किया।	अंतर्राष्ट्रीय अंतरिक्ष एजेंसी ने पूर्वीगढ़ में प्रधानमंत्री, और अन्य अन्य अन्य अन्य अन्य अन्य अन्य अन्य ने भी स्थान पर निलंबित कर दिया।
9	अतः शुभ अथवा अशुभ कर्मफल उपस्थित होने पर हर्ष अथवा दुःख करना व्यर्थ है	हे प्रभो ! आप इस प्रकार के विषय में स्थित हो, तुम ही जल वाले हो, तुम ही इस जगत् में रहो, क्योंकि आप ही हो, क्योंकि आप ही हो, क्योंकि इस प्रकार के द्वारा प्राणमय अमृत के समान हो।
4	पंजाब का भाँगड़ा देखा।	पंजाब का मजागौर देखा।
9	चीन के नए कदम से कथित तौर पर मानवाधिकार कार्यकर्ताओं में भी डर पैदा हो गया है।	चीन ने नई नई नई नई नई दिल्ली में चिंता के लिए एक संबंध जारी किया है।
10	हे राम! इसके समीप ही पम्पा नामक सरोवर है। उसके समीप ही ऋष्मूक नामक बड़ा पर्वत है ॥	इस प्रकार कहकर श्रीरामचन्द्रजी ने उन दोनों के पास जाकर भक्तिपूर्वक भक्तिपूर्वक भक्तिपूर्वक उन्हें प्राप्त किया। तत्पश्चात् वह दिव्य शरीर से बाहर आये ॥
11	इसके साथ मुख्यमंत्री सुखविंदर सिंह सुक्खू के प्रिय राजेश धर्माणी राज्य मंत्री मंडली में सम्मेलन की संभावना अधिक है।	इसके साथ मुख्यमंत्री सुखविंदर सिंह सुक्खू ने मंगलवार को राज्य के मुख्यमंत्री राजेश धर्माणी को राज्य के अधिकारों से सम्मानित किया है।
6	(वन का दृश्य। पास में ही एक नदी बह रही है।)	पाइप दृश्य पर ही तेज हवा बह रही है।
44	तदनन्तर पुत्रि! डरो मत। बेटी! हम सब तुम्हें माँ के पास पहुँचा देंगे, वत्से! दुःखी मत होओ। देवि! कुछ खाओ, दूध पीओ। ये सब तुम्हारे भाई हैं। जो कहोगी, वही करेंगे। रो-रोकर प्राणों को सन्देह में मत डालो। इस कोमल शरीर को दुःखाग्नि से संतप्त मत करो। इस प्रकार हजारों तरह से समझाने-बुझाने पर किसी प्रकार आश्वस्त हो उस बालिका ने कुछ दूध पिया।	इसके बाद उस मरे हुए बालक को नमन करके माता के पास जाने पर कहा हे पुत्र! तुम मुझे जल दो, तुम ले चलो, किन्तु तुम दोनों के पुत्र के पुत्र के पुत्र के साथ मिलकर पिलाओ, किन्तु हे कृष्ण ! आप मुझे छोड़कर तुम्हें भी नहीं लौटेगी, हम अब तुम्हें प्रसन्न हो जाओ, कहिए, हम सभी कि तुम कुछ भी नहीं करेंगे।
11	मकरसंक्रांति दिन में सूर्यदेव की शनि की कथा पढ़ कर आप सब शनि से बहुत प्रकार से लाभ उठा सकते हैं ।	सूर्यदेव के दिन सूर्यदेव और सूर्य के बीच से आप लोग जानते हैं, आप बहुत से अधिक से अधिकतर बन सकते हैं।
5	केंद्र से कोई भी प्रतिक्रिया नहीं मिली।	केंद्र से कोई भी प्रस्ताव नहीं मिला।
4	छात्र खुश होते हैं	छात्र खुश होते हैं।
8	ऋतु नेगी ने आज सब युनियों को प्रेरणा दी।	मौसम विभाग ने आज सभी काम करने के लिए प्रोत्साहित किया।
1	वचन देनेवाला	एक साथ
7	दस वर्ष से ही हिमाचल प्रदेश सबसे समृद्ध राज्यों में से एक बन जाएगा।	दस वर्षों से हिमाचल प्रदेश के विभिन्न राज्यों में भी एक समान राज्य होगा।
8	नए नियमों में उन्मत्त लोगों की हत्या के संदर्भ में मृत्युदंड की व्यवस्था की गई है।	नए नियमों में विशेषज्ञों की सुरक्षा के लिए कठिन नियम है।
5	विशाखा -तुम गाजर काटो	विशाखा - तुम सब तैयार हो जाओ।
6	इस प्रकार झगड़ते हुए वे दोनों राजा के पास गए।	इस प्रकार उन दोनों ने उन दोनों को वहीं लेकर वे दोनों को भी देखा।
25	ऐसी एक आपदा की प्रक्रिया है, इटली के धारा के तहत पटना जिले के अंगनबाड़ी केंद्रों में सभी वर्गों के शैक्षिक क्रियाकलाप केंद्रों और कक्षा तक शैक्षिक क्रियाकलापों के ऊपर स्थापित प्रतिबंध जनवरी तक फैला हुआ है।	ऐसे में से अधिक से अधिक से अधिक इज़ार, एलपी, डीपी, डीपी, एपीपीपीपीपी, विभिन्न विभिन्न विभिन्न विभिन्न विभिन्न विभिन्न विभागों के साथ विभिन्न वर्गों के साथ विभिन्न वर्गों के साथ छुट्टी के साथ छुट्टी के साथ आयोजित की जाती है।
5	आज नहीं लाया ।	छात्र आज नहीं लाया।
11	हे कुरुनन्दन ! वह पुरुष वहाँ पूर्व देह में प्राप्त किये गये ज्ञान से सम्पन्न होकर योगसंसिद्धि के लिए उससे भी अधिक प्रयत्न करता है।।	हे पार्थ ! जिस प्रकार कर्मों को जानने वाला, जिस प्रकार करने वाला, जिस प्रकार करने वाला, जिस प्रकार करने वाला, जिस प्रकार करने वाला, जिस प्रकार करने वाला, जिस प्रकार करने वाला, जिस प्रकार करने वाला, जिस प्रकार करने वाला, जिस प्रकार करने वाला, जिस प्रकार करने वाला, जिस प्रकार करने वाला, जिस प्रकार करने वाला, जिस प्रकार करने वाला, जिस प्रकार करने वाला, यज्ञ और ज्ञान को जानने वाला, यज्ञ को जानने वाला, यज्ञ को जानने वाला, यज्ञ को जानने वाला, यज्ञ को जानने वाला, यज्ञ को जानने वाला, यज्ञ को जानने वाला, यज्ञ को ही असमर्थ ही असमर्थ हैं।।
2	उनमें से आगंतुक चोट आदि लगने शरीरको उपरित खेद पहुचने अभिताप तुषार शैत्य आदिसे होते हैं ॥	विख्यात स्वभाव वाले लोग भी उपचारक हैं।
3	मनुष्यों में अपनी आयु को कोई नहीं जानता ।	अपने आप कर्मों में सुख नहीं पैदा करते।
4	अभी वह टी वी देख रही है।	अभी वह फोन कर रहा है।
7	चलचित्र के निर्देशक अनिल शर्मा भी शिमला आएँगे।	चलचित्र का निर्देशक वर्ग भी शिमला आएगा।
6	विश्वविद्यालयों को भी नियमों के अनुसार, और कर्मचारियों के अनुसार चलाना चाहिए।	विश्वविद्यालय की व्यवस्था भी व्यवस्था के अनुसार, मानवार्थ और मानना चाहिए।
12	वस्तुतः जिस प्रदेश को हम पाकिस्तान के नाम से जानते हैं वो तो भारत ही था।	वास्तव में जो क्षेत्र में हम भारतीय वायुसेना को जानते थे वह तो भारत ही थी।
3	कब चले थे ?	कब से कब आओ ?
19	उसी प्रकार प्रौद्योगिकी युग में सूचनाप्रसारण मंत्रालय ने एक चिक्रोड के योगदान के लिए शुरुआती महीना के बाद एक सप्ताह के चारवें दिन बाजार में वृद्धि की गई।	इसी प्रकार सूचना प्रौद्योगिकी के माध्यम से सूचना प्रौद्योगिकी और सूचना प्रौद्योगिकी अधिकारियों के लिए अपने प्रौद्योगिकी सुरक्षा के लिए एक सप्ताह का निर्धारण किया जा रहा था।
5	सभी लोग प्रवचन सुनते हैं	सभी लोग आये थे।
8	शाम को जैस्मी का झगड़ा हिमाचल प्रदेश के मेनका देवी के साथ होगा।	उपरोक्तगरगर के उत्तर में उत्तर प्रदेश के दो राज्यों के साथ मुगलगर होगा।
4	सज्जन पुरुष तिल के समान छोटे से उपकार को भी पहाड़ के समान बड़ा मानते हैं।	मनुष्य को चाहिए कि वह ठग के समान होता है। वह ठग के समान ही होता है।
4	वह सब्जी मैंने खाई।	वह मिटाई से खाता है।
7	सोए हुए शेर के मुँह में हिरण खुद ही प्रवेश नहीं करते हैं।	कोई भी सियार नास्तिक शिरों को लेकर घुसते हैं।
17	आपदा सेल ने यह भी कहा कि केंद्र सरकार सबल को आपदा में अभिलषित करना चाहती है इसीलिए ऐसे मामले पुलिस के खिलाफ एकत्र किए गए हैं।	एटीसी ने कहा कि केंद्र सरकार ने भी केंद्र सरकार को मार दिया है, इसलिए यह आरोप करने के लिए कोई भी कदम है।
3	स्त्री सभी संकटों को जन्म देने वाली होती है।	सभी प्राणियों के लिए
9	केरल की मछली-महासागर अनुसंधान विश्वविद्यालय के वैज्ञानिक इसके''होराग्लानिस पोपुली''वैज्ञानिक नाम दिया गया है।	केरल के कहुआ-अम्या विश्वविद्यालय के कुलपति ने इस तरह का सबसे बड़ा वैज्ञानिक हिस्सा लिया।
4	मुझे नमक पसंद है |	मैं लंका में भूलता हूँ।
1	अनेक राम को	अनेक राम के लिए
3	वह बोला	वह बोला
1	खोदना	खाना
13	हर साल जुलाई को उनके प्रसिद्ध कवि महाभाग का जन्मदिवस पूरेगोर्खली लोगों द्वारा मनाया जाता है, अन्य लोगों द्वारा भी बहुत श्रद्धा से मनाया जाता है, अच्छा।	हर साल उनका घोषणा उनके बड़ेिमा के अनुसार, सारा दिन सभी लोगों ने जन्म लिया, अनेक अन्य कई लोगों ने भी बहुत प्रसन्नता का वातावरण है।
1	चलता हूं।	चबाता हूँ।
5	सभी यात्री भोजन करते हैं	सभी यात्री भोजन करते हैं।
3	लोगों को प्रवृत्त करने के लिए अच्छा समय है।	समझे गये गये
2	मैं चाहता हूँ	मैं चाहता हूँ
3	दीपक से दीपक जलाना चाहिए।	दीप प्रज्ज्वलित करके विद्यालय में रहना चाहिए।
9	ध्यान रखना चाहिए कि संस्कृत शिक्षण द्वारा हर रविवार को ऑनलाइन आयोजन किया जाता है।	ध्यान रखना चाहिए कि संस्कृत शिक्षण के माध्यम से रविवार को ऑनलाइन संस्कृत शिक्षकों को प्रदर्शित किया जाता है।
3	ये दोनों कुत्ते हैं।	ये दोनों चराकें हैं।
13	प्रशिक्षण प्रमुख पीआर शशि ने अतिथियों का स्वागत किया और श्रीमती सृजा कवनट ने धन्यवाद ज्ञापन दिया।	प्रशिक्षण एवं संचालनेश्वर मदनलाचरण के साथ श्री राधा सरस्वती ने श्री का स्वागत किया।
1	प्राप्त करके |	विघ्न
7	सर्वेक्षण समग्र शिक्षा अभियान के राज्य परियोजना निर्देशालय द्वारा किया जाता है।	सभी प्रक्रियाओं का आयोजन राज्य के निदेशक बन जाएगा।
6	''काशी विश्वनाथ''काशीश्या हिन्दूओं का तीर्थ स्थान है।	''सदा''इसका विश्वनाथपुर प्रसिद्ध तीर्थपुर प्रसिद्ध है।
12	इनके विकास का मुख्य उद्देश्य प्रशासन में निर्णय बनाना, विवरण देना और संचार में महत्वपूर्ण बदलाव लाना है।	इन विकास मंत्रालय ने मुख्य प्रशासन के साथ, सूचना दी, और लोक निर्माण व्यवस्था को मजबूत करने का महत्वपूर्ण महत्वपूर्ण प्रयास है।
1	डिबेंचर	संग्रह
3	उसी समय चिकित्सालय गया।	तब ही चिकित्सालय गया।
4	समुद्र के किनारे बहुत रेती है।	समुद्र में बहुत सेर है।
10	कामधेनु ने प्रथम योगिराज श्रीवसिष्ठजी की शास्त्रानुकूल पूजा की और तत्पश्चात् सेना सहित श्रीभरतजी को तृप्त किया ॥	इस प्रकार श्री राम जी ने उन दोनों के द्वारा दिव्य शब्द को सुनकर श्री राम जी के पास आये। तत्पश्चात् श्री राम जी के आश्रम में आये ॥
1	सिर	सिर
4	सुचेता क्या गिनती है ?	सुहासित्र क्या गिनता है ?
12	हिमाचल सरकार के कैबिनेट खुलने पर राजेश धर्माणी, यादविन्दर गोपाल और परदिन ही शिमला से दिल्ली चले गए।	हिमाचल प्रदेश सरकार ने राज्य सरकार के अधिकारियों को इस महीने के लिए कांगड़ा से धर्मशाला तक, शिमला शहर को पिछले महीने के लिए ग्यारह दिन तक दे दिया।
5	वह निर्धनों का काम नहीं करता है।	वह निर्धन काम नहीं करता है।
9	ओरिया भाषा के पुरातनत्त्व शास्त्र के अनुसार यह नृत्य परंपरा भारत की प्राचीनतम नृत्य परंपरा है।	यह भाषा भाषा भाषा से, शब्दशास्त्र के शब्दशास्त्र में भारत के गौरव का है।
4	आदिवासी लोग आत्मरक्षा स्वयं ही करते हैं।	प्रारम्भ में सभी जगह अपने आप अपने आप अपने आप में ही रहते हैं।
9	राज्य सरकार ने केरल के स्कूलों में छात्रों द्वारा मोबाइल फोन के इस्तेमाल पर सख्त प्रतिबंध लगाने का आदेश दिया है।	केरल सरकार ने छात्रों को स्कूल के बाइजल में एक भव्य समस्याएं बंद कर दी है।
8	हिमाचल प्रदेश प्रातः और सायं तीव्र ठंड के प्रभाव से ग्रस्त है।	हिमाचल प्रदेश और प्रातः सुबह तीव्रता से कम हो गया है।
7	मेरा वीर्य लज्जित होता है और हाथ से धनुष बहता है।	मेरे बल से बँध रही है, वह धन और धनवान बनता है।
1	कभी ।	अपने
9	शिमलानगर के रिजभूम, मलमार्ग और धर्मशाला में बड़ी संख्या में कार्यक्रम आयोजित किए गए।	शिमला के डगदाल में, धर्मशाला, धर्मशाला, और वायु-जिला-अमहार-उन्होंने कार्यक्रम का आयोजन किया।
5	बालक द्वारा पुस्तक दिया जाने वाला होगा।	बालक के लिए पुस्तक की सीढ़ी होगा।
5	हिमाचल में भी यह चरण निकलता है।	हिमाचल प्रदेश भी यह है।
5	उनके साथ साइकिल चलाने वाले भी निकलते हैं।	उसके साथ साइकिल चलाने के लिये भी कारें भी आ जाते हैं।
5	गुरुजनों के उपदेश की उपेक्षा नहीं करनी चाहिये ।	गुरुओं के उपदेश से राजनीति का ज्ञान नहीं है।
11	इस प्रकार अत्यन्त दुःख के कारण उनकी वह रात्रि एक वर्ष के समान बीती । इधर अरुणोदय होते ही गायक और वन्दीजन स्तुतिगान करने लगे ॥	इस प्रकार प्रातःकाल उस रात्रि में उस वन में आये हुए उस समय श्री राम ने अपनी माता को देखा। उस समय माता ने अपनी माता के आश्रम में आये ॥
11	यह कदम कथित तौर पर चीन का एक खराब कदम है जिसका उद्देश्य उसके खिलाफ होने वाली प्रक्रियाओं का मुकाबला करना है।	यह रिपोर्ट है कि  ⁇ eninimimimim के खिलाफ रिपोर्ट के खिलाफ किया जा रहा है।
9	उनका अंतिम विश्राम स्थल लंदन के विंस्टर पैलेस में जॉर्ज  ⁇  मेमोरियल चैपल में है।	लेंडियन मंदिर में मालिक मंदिर में शनिवार को मंदिर में प्रवेश हो रही है।
4	उसने अनेक पुस्तकें लिखी हैं ।	वह अनेक पुस्तकें लिखती हैं
8	राष्ट्रीय राजमार्ग प्राधिकरण के कथन के अनुसार, आने वाले दो वर्षों में वाहन द्रुतगति से चार कोसों राजमार्ग पर चले जाएंगे।	राष्ट्रीय राजधानी मार्ग के अनुसार, सड़क परिवहन मंत्रालय के अनुसार, बसें और दो सौ से अधिक मंदिरें चलेंगे।
6	देवों के द्वारा हीमुक्त ब्रह्मदेव ने देवी सरस्वती का चिन्तन किया।	देवों ने ही विष्णुदेव को देवी के रूप में माला दिया।
15	वीर वल्लभ ने युद्ध क्षेत्र में घोर विनाश करके सुशर्मा को बाँधकर क्कंक के सामने प्रस्तुत किया और विराट नरेश को देखा।	वीरों ने इसी सेना में युद्ध किया। उस समय युद्ध के लिए रावण ने कीचड़ में रावण को रखकर अन्य राक्षसों को मार दिया।
1	चंचल	लहर
3	सुष्मिता नाट्यगृह जा रही है।	सुबोध के घर जाती है।
4	वे दोनों वस्त्रों को रंगते हैं ।	वे दोनों कपड़े धोते हैं।
4	गुफा बहुत गहरी है।	गुफा बहुत गहरी है।
1	वृद्धि	संग्रह
16	बिहार के मुख्य सचिव भी सर्दी लहर के कारण पटना जिले के प्राथमिक माध्यमिक विद्यालयों में छुट्टी के बारे में बिहार शिक्षा विभाग और पटना जिले प्रशासन के बीच संघर्ष बढ़ रहा है।	बिहार के मुख्य सचिव उच्च शिक्षा मंत्री ने भी जिला स्कूलों में छुट्टी के बारे में चर्चा की और जिला स्कूलों में जिला स्कूलों में जानकारी एवं जिला प्रशासन के बीच बढ़ती है।
6	पहले रणधीर शर्मा ने चर्चा में भाग लिया।	पहले दिन शर्मा के साथ चर्चा की।
12	यह प्रसन्नसलिला रम्या गोदावरी दिखाई देती है, यहीं महामुनि अगस्त्य का कदली से घिरे हुए आश्रम भी दिखाई पड़ता है।	यह सुना, श्री रामकृष्णजी की गोरीभें दिखाई पड़ती हैं, यहीं से ही राम की पूजा करती है, अपितु राम की पूजा भी जाती है।
4	बहनें विष्णुसहस्रनाम गाती हैं।	बहन विष्णुसहस्रनाम गाती है।
4	बच्ची वृद्धा को पानी देती है।	बच्ची वृद्धा को पानी देती है।
9	वीं फेल और दक्षिण की फ़िल्म निघनी थी।	एडराइट के नाम से भारत के अनेक शूटिंग में बहुत जल्दी था।
4	यह बहुत मुश्किल तो नहीं है।	यह कष्ट नहीं है।
10	चयन समिति नामों को लघूसूची करके एक पटल बनाएगी और शीर्ष नेता को मंजूरी देगा।	शपथ ग्रहण समारोह में नाम के निर्माण के लिए एक संवाददाता सम्मेलन में निर्माण करने के लिए निर्माता को मंजूरी देगा।
4	वह नगर को जाता है क्या?	वह नगर को जाता है क्या?
6	अवन्तिका तेलुगु फिल्म में भी काम किया।	यह  ⁇ udget भी प्रदर्शित की गई थी।
11	यात्रा कठिन तो कभी नहीं होती बल्कि सरल, सुगम और समझने योग्य है।	बहुत अधिक सुन्दर नहीं है, गरुरी, म्याज और सुमैव का ज्ञान है।
3	वह अखरोट खाता है।	वह अखरोट खाता है।
3	तेरी आखें कब नष्ट हुई ?	इस प्रकार मरे हुए मरे हुए मरे हुए मरे हुए हुए हैं।
12	श्री साहू ने कहा कि भारत की चुनावनी के आयोग द्वारा तैयार निरीक्षण सेवा के बाद अगले महीने पूरी सेवा आयोजित की जाएगी।	श्री मोदी ने कहा कि भारत ने सुप्रीम कोर्ट के लिए एक महीने के भीतर फिर से अनुमति ली है।
12	उन्होंने राष्ट्रीय स्तर पर सम्मान प्राप्त करके न केवल शिमलानगर को बल्कि पूरे हिमाचल प्रदेश को गौरवान्वित किया।	उन्होंने राष्ट्रीय स्तर पर भाग लेने वाले नहीं बल्कि शिमला शहर के साथ पूरे विश्व में पूरे हिमाचल प्रदेश का सबसे बड़ा बढ़ोतरी की।
7	हर एक जन में उपलब्ध कराने वाली यह पत्रिका वैश्विक रूप में परिव्याप्त है।	यह जूनों में आधारित-अलग-अलग-आधारित विषयों पर आधारित है।
9	यह दल के साथ सफलता को भागीदार बनाने के लिए असफलता का लक्षण है	दल के साथ वार्तालाप करने वाले हमने वाले हमबरी के द्वारा एक लाख रुपये का खर्च किया गया है।
11	विभिन्न देशों से हज के लिए मक्का पहुंचे हजारों तीर्थयात्री आज दोपहर में अराफात स्टेडियम में एकत्र होंगे।	विभिन्न प्रतियोगिताओं में, केरल के लिए आज से, बिहार के लोग स्टेडियम में आज तीसरे स्थान पर रहेगी।
8	सभी गौएँ बीस किलो जितना दूध देती हैं	सभी गायें पहले से दूध निकालती है।
7	इस प्रकार सुविज्ञ होकर हनुमान भीम के मार्ग पर जाकर सो गया।	इसी प्रकार सुषेण ने राघव को सिर पर गिरा दिया।
3	आठवें वर्ष पर्यन्त की थी।	आठ वर्ष की जेल में
1	मतलब है	संग्रह
9	कीचड़ के मरने की खबर सुनकर उसने विराट से शोक करने का सोचा।	भीम ने मृत्यु के साथ आकर वह आश्चर्यचकित होकर उसे डीए।
3	ऐसा मैं बोलता हूँ	ऐसा मैं कहता हूँ।
11	अश्वत्थामा मारा गया है " अश्वत्थामा मारा गया है" यह प्रकार का समाचार क्षण भर में फैल गया।	अश्वत्थामा ने उस वचन को सुनकर "अरात्मा' यह कहकर ही रोका ही रोका।
12	जनचेताना संस्थान के अध्यक्ष एस.सी. धीमान ने कहा कि अब भवन निर्माण काम जल्दी से शुरू हो गया है।	जनसभा के अध्यक्ष एस.एस.एस.एस. ने कहा कि अब योजना के निर्माण के लिए तैयार हो गया है।
4	मर्यादा पुरुषोत्तम कौन थे ?	मर्यादा पुरुषोत्तम कौन थे ?
19	मेघदत्त कालिदास ने कहा कि श्रेष्ठ लोगों से माँगने के लिए बहुत अच्छा है, नीचों से जो भी माँगा जाता है, वह विनाशकारी माना जा सकता है, याज्ञिक मोघावरमधिगुण के होने के नाट्य काम आ गया है।	मेघों से कहा गया है कि कालिदासओं को अच्छी तरह से अधिक प्रेम करना चाहिए, जिससे भी अधिक कठिन नहीं है कि वह बहुत से अधिक कष्टों को दूर करने के लिए असमर्थ हैं।
15	1998 में पाकिस्तान के सेना प्रमुख का पद संभालने वाले मुशर्रफ 1999 के कारगिल युद्ध के पीछे के मास्टरमाइंड थे।	1999 में पाकिस्तान के सितंबर को मितंबर में मितंबर को मितंबर में सितंबर को सस्जिद में विश्व कप के सूत्रों पर विश्व इतिहास का प्रसार था।
3	वृक्ष के ऊपर पक्षी शब्द करते हैं।	वृक्ष पर पक्षी गिरते हैं।
13	उन्होंने कहा कि शिमला में जनसंख्या कम करने के लिए स्वातन्त्र्य के बाद पहली नगर योजना जाठियादेवी में विकसित की गई है।	उन्होंने कहा कि शिमला में जन समुदाय के लोगों को अपने नगर में स्थापित करने के बाद दिल्ली के पूर्वी शहर में पहली स्थानगत स्थान बन रही है।
4	शोध की मुख्य विषय है तत्संबंधी विकास की पूर्ण उत्कर्षण।	वैज्ञानिक ने कहा कि इस नीति का पूर्ण उपयोग किया गया है।
5	नदी जल स्वच्छ और आकाश बादलों से रहित दिखाई पड़ता है।	नदी के किनारे गंगा नदी में उड़ता है।
4	वह लेटकर योगासन करती है ।	वह योगासन करता है।
6	वह प्रातः छः बजे गाय को घास देती है।	वह सुबह साढ़े छः बजे गाय को घास देता है।
3	दोनों ने पढ़ा।	वे दोनों पढ़े।
4	वर्ष में पद्मभूषण से सम्मानित था।	वर्ष की दीक्षा समारोह में प्रभात था।
3	वह मनन है	वह मन है।
1	घमण्ड युक्त	प्रसिद्ध
1	आपका	आपका
8	भक्त तीर्थस्थान जाते हैं चूंकि धर्म में आदर हैं।	भक्त शिव नगर में जाते हैं क्योंकि वह धर्म का अभाव है।
4	उसके पास कोई भी नहीं है।	कोई भी नहीं है।
10	सुतीक्ष्ण बोले हे अनन्तगुण अप्रमेय सीतापते ! में आपके ही नाम का मन्त्र जप करता हूँ। हे अभिराम राम! श्रीशिवजी और ब्रह्माजी आपके चरणाश्रित हैं, आपके पादपद्म संसार सागर को पार करने के लिए जहाज रूप हैं। हे नाथ! मैं सतत् आपका दासानुदास हूँ ॥	हे राम ! आपके चरण कमलों के स्वामी श्रीलक्ष्मीजी के दर्शन के लिये आपलोगों के लिये अवतार लिया है। हे रघुश्रेष्ठ! आप मुझे नमस्कार है। हे रघुश्रेष्ठ! आप मुझे नमस्कार है। हे रघुश्रेष्ठ राम के रूप में आप मुझे नमस्कार कीजिये। हे रघुश्रेष्ठ राम! आप मुझे नमस्कार है। हे रघुश्रेष्ठ राम! आप मुझे नमस्कार है। हे रघुश्रेष्ठ राम! आप मेरी आज्ञा दीजिये। इस प्रकार आप मेरी माया से मेरा पालन कीजिये। इस प्रकार आप मुझे दूर कीजिये। इस प्रकार भक्ति कीजिये। इस प्रकार आप मेरी माया का भक्त रूप में रमण कीजिये। इस प्रकार आप मेरी माया से आप
6	और हे भारत ! तमोगुण को अज्ञान से उत्पन्न जानो; जो समस्त देहधारियों (जीवों) को मोहित करने वाला है। वह प्रमाद, आलस्य और निद्रा के द्वारा जीव को बांधता है।।	हे भारत ! आप समस्त जगत् के परम धाम (ज्ञानी) रूप में स्थित हैं, परन्तु समस्त भूतों को वश में जानो।।
5	अधिकमें पहले ग्रन्थीको चीरकर रक्तादि निकालदे फिर संधानमक मलकर लेप (यथोचित ) करे ॥	उजली के पूर्वट में पूर्व दिशा तोरण का समय है।
8	केरल विधानसभा ने राज्यपाल को केरल विश्वविद्यालयों के चांसलर पद से हटाने की मांग वाला विधेयक पारित कर दिया है।	केरल के विभिन्न संस्थानों के कुलपतिीय बें.एस.एस.के. ने केरल सरकार के निर्णय के लिए निर्णय लिया।
7	सरकारी विभागों के अलावा लोगों के लिए चरण भी उपलब्ध हैं।	सरकारी विभागों में लोगों को भी चरणबद्ध किया जा रहा है।
13	जिस मनुष्य के गुणों की तारीफ दूसरे लोग करते हैं, वह गुणों से रहित होने पर भी गुणी मान लिया जाता है, परंतु यदि इंद्र भी अपने मुख से अपनी प्रशंसा करे तो उन्हें छोटा ही माना जाएगा।	जो मनुष्य अपने गुणों के गुणों को नि: गुणों के गुणों को नि: करते हैं, ऐसे लोगों के द्वारा भी अपने जीवन को धारण करने के लिए, ऐसे लोगों के द्वारा भी अपने प्राणों को धारण करने के लिए, शास्त्र के द्वारा ही अपने प्राणों को धारण करने के लिए, धन के लिए और धन के द्वारा ही उत्पन्न करते हैं।
5	उसका पिता कौन है ?	उसका पिता कौन है ?
8	इसलिये राष्ट्र अपने योगदान को कभी नहीं भूलता है।	इसलिए राष्ट्र जन समुदाय के लोगों को नमन करता है न कभी भी योग नहीं करता है।
12	साथ ही उन्होंने कहा कि इस योजना के द्वारा सूरत शहर को पचास सौ से अधिक देशों के साथ जोड़ा जाएगा।	साथ ही उन्होंने कहा कि इस योजना के तहत देश के पांच सौ से अधिक देश के साथ देश का सम्बन्ध होगा।
9	कभीकभी लकड़ियां काटते हुए, कभी फूलों की बगिया सींचते हुए, कभी वृक्षारोपण करते हुए, कभी नएनए कार्यों का आश्रय लेने से, कभी ग्रंथों का ही अवलोकन करने से, कभी काव्य गुम्फन करने से, उनके दिन सदैव आनन्दपूर्वक व्यतीत होते हैं ।	जो दान लेने वाले हैं, नदी के जलों को दूर करने वाले हैं, जो वृक्ष के द्वारा सारे वृक्ष के वृक्ष के समान श्यामवर्ण से युक्त है, ऐसे लोगों के द्वारा और वृक्ष के द्वारा जो वृक्ष के द्वारा निर्मित है, ऐसे लोगों के द्वारा जोड़े हुए हैं, वे विद्वानों के द्वारा रचित हैं, वे नीति के द्वारा नीति के द्वारा और नीति के द्वारा इन प्रसिद्ध हैं।
13	AS ⁇  अध्यक्ष ने कहा कि विक्षेपण जून 2023 में होगा।	2023 को यह रिपोर्ट मिलागा कि यह पन्द्रह वर्ष होगा।
8	वास्तव में शान्त पाँचों ही तत्व पृथ्वी, जल, अग्नि, वायु और आकाश धरती के योग-क्षेम (अप्राप्त की प्राप्ति और प्राप्ति की रक्षा) के लिए समर्थ कहलाते हैं।	इस प्रकार से नित्य शान्ति उत्पन्न होता है, उसी प्रकार पांच वर्ष से अधिक मीठे ऋतु वाले जलों से युक्त हो जाते हैं।
1	प्रकट हुई।	प्रकट किया
10	हिमाचल प्रदेश सरकार की सभी अनुबंध कर्मचारी महासंघ की बैठक और चुनाव भी आभासी माध्यम से आयोजित हुए।	हिमाचल प्रदेश के सभी प्रसिद्ध महासचिवों ने महासचिव पदवी को घोषणा की।
8	अभी मैं अपने पिता की राजधानी अयोध्या लौटाऊँगा।	अभी मैं मेरे पिता के पिता को अयोध्या पहुँचूँगा।
6	इसकी ऊंचाई 10 फीट ऊपर की है।	इस समय घाव में 10,000 पैर हैं।
9	उन्होंने कहा कि इन विषयों पर भारत को अपना परिचय प्राप्त हो गया है।	उन्होंने कहा कि इन विषयों पर भारत अपने आपूर्ति शुरू हुई है।
3	मंच पर	चिड़िया – दीजिये।
6	संतोष अपने पिता की अस्थियाँ नदी में प्रवाहित करता है ।	सन्तोष स्त्री उसकी माँ उसकी स्त्री किसी को नहीं पीती है।
8	कितने लोग संस्कृत अभ्यास करते हैं ? उनकी संख्या गिन रहा हूँ।	कितने लोग संस्कृत अभ्यास करते हैं ? उनकी संख्या गिन रहा हूँ।
7	उदग्रयानों के माध्यम से क्षेत्र में निरीक्षण सातत्य के साथ चल रहा है।	सूर्ययान के माध्यम से क्षेत्र में जानकारी प्रौद्योगिकी का प्रयोग चल रहा है।
4	हम लोग सामूहिक गीत गाते हैं।	हम सामूहिक गीत गाते हैं।
9	कौए ने कहा ऐसा ही हो। इसके बाद प्रातःकाल वे सब अपने अभीष्ट स्थान को चले गए।	कौआ बोला- अरे! मैं दिन-आप के दिन में हमारे सभी कुछ पहले ही सूर्य के समान ही सूर्य के समान हूँ।
10	उसी प्रकार वह षष्ठ हिंसक है, जो इस मांस को खाने के लिए परोसता है।	उसी प्रकार छः वर्ष बीमार पर प्रेम है, जो अपुरा देता है, वह दमन करता है।
6	इसीलिए हमीरपुर जिले को संस्कृत प्रतियोगियों को विजयवैजयन्ती पुरस्कार दिया गया है।	इसीलिए संस्कृत शिक्षकों को भारत के लिए पुरस्कार के लिए पुरस्कार दिया गया।
9	सभी मंत्री, मुख्य सदस्य, कांग्रेस विधेयक अधिनियमक भी इस समारोह में भाग लेंगे।	सभी मंत्री, मुख्य मंत्री, लोकसभा के अध्यक्ष भी इस समारोह में चुके से भी चुकेबाड़ शिखर सम्मेलन में होंगे।
13	कल उज्बेकिस्तान के समरखान में आयोजित एससीओ शिखर सम्मेलन में दोनों नेता आमने-सामने मिले।	कल ही इज़ार के उत्तर में यूक्रेन के दो ओक्रेन के दो ओक्रेन के पास एक झगराइट में एक बार दोनों देशों का सामना किया गया था।
6	एक बार मेहुल देर रात घर आ रहा था ।	एक बार मेरे घर के आँगन में कारी देर आती था।
8	इस मलिन व्यापार ने उसके लिये काम नहीं किया।	यह राशि उसके लिये रखभाल नहीं करना चाहिये।
10	उन्होंने कहा कि राज्य सरकार दिसंबर को एक वर्ष पूर्ण करने की जा रही है.	उन्होंने कहा कि राज्य सरकार दिसंबर को एक महीने के कार्यकाल को पूरा करने जा रही है।
1	बड़े शरीर वाला	महान्
10	कार्यशाला में आचार्यराधेश्याम, आचार्य मनोज, प्रवीण और दीपिका स्रोतपुरुष के रूप में उपस्थित होंगे।	कार्यशाला में आचार्य अनुपमा शुक्ल, आचार्य, आचार्य, आचार्य, दीप प्रज्ज्वलित कुमार, प्रबोध कुमार और अन्य लोग उपस्थित होंगे।
13	इसलिये अपशब्द ज्ञान में न दोष है न धर्म है जैसे हिक्काहसितकण्डुयन आदि सहजक्रियाओं में न दोष है और नभ्युदय है।	इसलिए जाति के द्वारा शास्त्रों को समझने के लिए कोई भी नहीं है जैसे धर्म के द्वारा नष्ट नहीं होता। जैसे ही जैसे ही सज्जन व्यक्ति के गले में पत्थर नहीं होते हैं।
4	डेढ़ सौ युवक हैं	डेढ़ युवतियाँ हैं।
14	कांग्रेस ने सोशल मीडिया पर एक पत्र सार्वजनिक किया, जिसमें राम मंदिर के उद्घाटन समारोह में नहीं जाने का कारण दिया गया.	नई सरकार ने सोशल मीडिया पर एक पत्र लिखा, जिसमें राम मंदिर को सुरक्षा दिवस पर ले जाने का निर्णय लिया, जिसमें निर्णय लिया गया है।
10	इस युद्ध का नेतृत्व सनेठीग्राम के महान् रामभक्त पं. देवी दीन पाण्डे जी ने किया।	इस युद्ध के लिए वह शिखर नगर के महान रामेश्वर के अभिषेक आया।
29	उसी प्रकार उनका संस्था सोशल मीडिया से पहाड़ी टोपी, चोली, घागरी, पत्थर की शाल, पट्टा इत्यादि हिमाचली वस्त्रों की लोकप्रियता को पाने में भी असफल रही है, जिससे हिमाचली शिल्पियों के लिए राष्ट्रीय स्तर कीपणन हो सकेगी, और प्रामाणिक भी हिमाचली देखा जा सकता है।	उसी प्रकार उनके प्रशासन ने सोशल मीडिया पर गड्ट, टैगोर, लैपाट, और अन्य हिमाचल प्रदेश के तीन नए संस्थानों के लिए भी विश्व की, और हिमाचल प्रदेश के स्तर पर भी विश्व स्तर पर भी विश्वहित हो सकता है, जिससे हिमाचल प्रदेश के लिए भी प्रदर्शन किया जा सकता है।
10	ई.सन् 1306 से 1315 तक मलिक काफूर ने दक्षिण भारत में बहुत विनाश किया।	755 ई००००००एस-कश्मीर के तट पर लगभग 20 से अधिक महिलाओं ने नृत्य किया।
3	अभी हल्दीलेपन हो रहा है।	अभी हरिद्वार में उड़ रहा है।
4	आपकी पुस्तक.... ऐसी ही ।	आपका पुस्तक पुस्तक ऐसा है।
5	काशी विश्व का प्राचीनतम नगर है।	काशी विश्व में प्राचीनतम शहर है।
4	बाल्टी भी खाली है।	बाल्टी में भी है।
12	श्री वैष्णव ने कहा कि कायवाईसी व्यवस्था मजबूत हो जाएगी, उल्लंघन करने वालों को कठोर दंड दिया जाएगा।	वैष्णव ने कहा कि किस दिशा में व्यवस्था के तहत व्यवस्था की व्यवस्था बढ़ जाएगी, और सुरक्षा व्यवस्थाओं का उपयोग किया जाएगा।
1	ढक्कन	नीचे
15	उन्होंने कहा कि आजकल कम यात्रा के लिए भी वाहनों का उपयोग हो रहा है, जिससे पर्यावरण को नुकसान हो रहा है।	उन्होंने कहा कि आज कमवर्ती लोगों का भी उपयोग किया जा रहा है, जिससे पर्यावरण की समस्या भी मजबूत हो जाती है।
5	मैं अब दूरदर्शन मे नाटक देख रहा हुँ।	मैं अभी दूरदर्शन के विषय में आता हूँ।
8	हिमाचल प्रदेश के पचास युवा किसान आधुनिककृषि विधि को समझने के लिए जापान जाएँगे।	हिमाचल प्रदेश के एक दशक में पांच सौ से अधिक विकास अभियान के माध्यम से होगा।
5	प्रकृति का दर्शन कब करते हो ?	विभु बहन कब दिखा रही है ?
16	रेल मंत्री अश्विनी-वैष्णव ने कहा कि अमृत भारत-रेलवे के संचालन की सफलता के बाद, 50 अन्य रेलगाड़ियों को भी मंजूरी मिल गई है।	रेल मंत्री अश्विनी वैष्णव ने कहा कि अमृत भारत-देश के नौ हजार से अधिक रेलवे निर्माण के लिए भी मंजूरी दी गई है।
4	मैं जल्दी जाता हूँ	मैं जल्दी से घर जाता हूँ।
15	आत्मा की खोज में एक समय आता है जब हम सभी को जो कुछ भी सीख लिया जाए वह सभी ग्रानिक ज्ञान भूल जाना चाहिये।	अवन्तिका एक बार आती है कि जब समय पर हम सभी कुछ भी पढ़ाते हैं तब वह ज्ञानमय संकल्प बन जाता है।
5	विशाल कुल में उत्पन्न होने से क्या, यदि मनुष्य विद्याहीन है	क्या मनुष्य के सभी क्षेत्रों में रहने वाले हैं, नगर के समान है।
11	इत्यादि प्रश्नों को 'एक दूसरे' यह क्रमशः पूछते और उत्तरी ओर देखते थे।	प्रश्न के लिए''कल्ट''इस प्रकार उत्तर कुछ ही पूछकर उत्तर उत्तर आते थे, देख रहे थे।
4	वो भारतरत्न थे ।	वह भारत में भी विराजमान थे।
7	कोई भी जिज्ञासु में प्रवेश पा सकता है।	कोई भी जिज्ञासु तो प्रवेश कर सकता है।
6	आज मैं यतीन्द्र सान्याल को याद करता हूँ	आज मैं किशाद्र विद्या याद करता हूँ।
4	अनावश्यक वस्तुएँ निकाल रहा है ।	अनावश्यक वस्तुएँ निकाल रही है।
1	टुकड़ा	बेल
6	जगत् के दो भेद हैं स्थावर और जंगम ॥	यदि एक एक एक एक एक एक एक एक एक एक अध्याय है तो वह एक ही अध्याय है ॥
9	यह दल के साथ सफलता को भागीदार बनाने के लिए असफलता का लक्षण है	दल के साथ वार्तालाप करने वाले हमने वाले हमबरी के द्वारा एक लाख रुपये का खर्च किया गया है।
6	अभिनेत्री सिमरत कौर चलचित्र की नायिका हैं।	अभिनेत्री की फिल्म में चलचित्र है।
7	सिक्खों के देवालय को हम गुरुद्वारा नाम से जानते हैं।	सिक्खों के देवों ने गुरु जी को हम नाम जानते हैं।
3	वृक्ष से फल गिरते हैं।	वृक्ष गिरते हैं।
3	श्रुति संस्कृत गाने गाती है।	सुनाई संस्कृत गीत गाती है।
4	अभी मैं नागपुर जा रहा हूँ।	अभी मैं नागपुर जा रहा हूँ।
8	परमाणु हथियारों के विकास को देखकर सामरिक नीति बदल जाती है। सेना के छोटे टुकड़ों में विभक्त हो जायेंगे।	परसों विकास के माध्यम से देखे जाते हैं और विकास के माध्यम से जुड़े बच्चों के लिए राहत बढ़ जाएँगे।
17	एक सामाजिक नेटवर्क पर-सन्देश में श्री धनखड़ ने लिखा कि पूरे देश में उत्सव का वातावरण है, यह राष्ट्रीय गौरव के पुनर्जागरण का प्रतीक है।	एक सामाजिक इंटरनेट संदेश में श्री मोदी ने कहा कि श्रीक्षेत्रर्जी का नेतृत्व किया गया है, जो देश के नेतृत्व में भारत के नेतृत्व में भारत के लिए है।
7	इस प्रकार पं. मदनमोहन राय का वचन कई लोगों का भी प्रेरणा कर रहा है.	यह अतिरिक्त मेषिक हृदय के प्रकाशन के कारण भी बहुत सुन्दरवन गाला है।
5	फिर भी सामा बहुत गुणवती है ।	फिर भी सामान बहुत गुणों का स्वभाव है।
4	उसके पीछे कोई भी नहीं है।	उसके पीछे कोई भी नहीं है।
6	वहाँ वह लोगों को पूजा करते हुए देखती है।	वहाँ वह लोगों को आशीर्वाद देकर पूजा कर रही है।
9	केवल उसका नाम जप करके हम भारतीयों को धन्यता का अनुभव करते हैं।	केवल उनके नाम से जमाई करके भारतीय भारतीय भारतीय भारतीय भारतीय लोग जीते।
1	आक्षेप करती हुई	ले जाने के लिए
10	उन्होंने कहा, इस मामले में भाजपा लोग भी राजनीति न करें।	उन्होंने कहा कि इस मुद्दा से भाजपा भी नहीं बोल सका।
27	अच्छा वह था कि लोगों की जागते रहने के कारण आग्नेयास्त्र विभाग और उसके दल के आने के कारण मुख्य मंदिर के चारों ओर के घरों को भगाया जा सकता था अन्यथा लोचा रिम्पोचे में मुख्य मंदिर का बहुत कष्ट हो सकता था।	उन्होंने यह भी कहा कि लोगों के लिए बाढ़ के कारण उपवास के कारण दल के प्रमुख और वृद्धपुर के प्रमुख लोगों को अपने घर के रूप में जाने के लिए सुखद हो सकता है और सुखद के लिए सुखद दुःख के रूप में बहुत सुखनीय हैं।
6	मैं उस सीढ़ी से दूसरी मंजिल गया।	मैं उस पात्र में घड़ा गया।
4	मोर साँप को मार कर खाता है।	मोर चोर को चुराने के लिए दौड़ता है।
11	रमानाथ श्रीरामचन्द्र को देखकर अहल्या के नेत्र हर्ष से प्रफुल्लित हो गये और उनको मुनिवर के वाक्यों का स्मरण हो गया। तब भगवान श्रीरामचन्द्र को साक्षात् नारायण जानकर अनिन्दिता अहल्या ने अर्द्ध, पाद्य, अर्चन आदि द्वारा उनका विधिवत् पूजन कर आनन्दाश्रुपूर्ण नेत्र होकर साष्टांग दण्डवत् प्रणाम किया ॥	श्रीरामचन्द्रजी ने राम को उठाकर कहा हे राम ! आप मुझे राज्य के समय में आये हैं, परन्तु आप शीघ्र ही इस प्रकार कहने पर भी इन्द्र जी को मारने के लिये समर्थ थे।
8	मानव विकास समिति के अध्यक्ष और कुलदीप पाठक सदस्य बनेंगे।	मानव विकास समिति के अध्यक्ष और कुलदीप पाठक सदस्य होंगे।
10	धर्म की रक्षा के लिये जिन्होंने काम किया उन्हें भी प्रायः हम नहीं जानते हैं।	धर्म के लिये जो काम किया गया है, उन दोनों भी नहीं जानते हैं।
8	इसका आरंभ नरेंद्राचार्य ने किया, जिन्होंने 700 सूत्रों में व्याकरण किया।	इस पुराण में पुराण का उद्घाटन, जिससे 100 सूत्रों में सूत्रों का प्रयोग किया गया।
13	क्योंकि कोयल का स्वर ही रूप है, स्त्रियों का पातिव्रत्य ही रूप है, कुरूपों का विद्या ही रूप है, और तपस्वियों का क्षमा ही रूप है ।	कोयल, अपने, अपने, पति, पति, पति, पति, गुरु, गुरु, गुरु, गुरु, गुरु, गुरु, गुरु, गुरु, गुरु, गुरु, गुरु, गुरु, गुरु, गुरु, गुरु, गुरु, गुरु, गुरु, गुरु, गुरु, गुरु, गुरु, गुरु, गुरु, गुरु, गुरु, गुरु, गुरु, गुरु, गुरु, गुरु, गुरु, गुरु, गुरु, गुरु और गुरु और गुरु-चाशील, गुरु, गुरु, गुरु और गुरु और गुरु- ये सब सब सब सब सब सब सब सब सब मनुष्य हैं।
6	पहली बार वह सिनेमा में सुपरहिरो बन जाता है।	पहले वह पहला फिल्म सुदर्शन बनाने जा रही है।
1	मान्य ।	पाठ
5	पाँच मित्र एक साथ यात्रा करते हैं।	पाँच मित्र एक सौ देर से यात्रा करते हैं।
13	परन्तु वे दिव्य घोड़े भी रावण के बाणप्रहार को प्राप्त कर के पद्मनालिव के समान अपने हृदय में स्थित हुए।	परन्तु वे उच्च दोनों रावण ने रावण को बाणों से उठाकर भी दिव्य आभूषणों से सुशोभित हुए और अपने मन से बहुत से भी अपने हृदय में बहुत से बहुत से राम को देखा।
6	आज केशव की माता जी का स्वास्थ्य ठीक नहीं है।	आज केशव का माता के समान अच्छा नहीं है।
6	जयराम सरकार ने संसाधनजनन के लिए कोई भी प्रयास नहीं किया।	जयराम ने सरकार को ध्यान देने के लिए कुछ भी नहीं दिये।
3	सब केवल पढ़ते हैं।	सभी केवल पढ़ते हैं।
24	भारत में संयुक्त राज्य के राजदूत एरिक गार्सेट्टी, भारत में ब्रिटिश-अभिलेषित राजदूत एलेक्स एलिस, भारत में कोलम्बिया-देश के राजदूत डॉ. विक्टर एचेवेरी जरामिलो, जर्मनी-महावाणिज्य दूत कोलकाता बारबारा वोज़्स को अतिथि के रूप में शामिल किया गया।	भारत के विदेश मंत्रालय ने चंद्रमाराज को चंद्रमाराज के रूप में भारत के बेचने के लिए, भारत के बेचने के लिए, कोरिया-बाव-हगैस-हैस, और कोलैंड के रूप में, और कोलराज सिंह के रूप में, और कोलराज सिंह के रूप में, और धन कोलराज सिंह के रूप में, और धन को भी देखा गया।
1	पत्र  ⁇ एक '	अशुभ
19	नई किस्मों को देखने के प्रति जागरूकता, शोधन, निरीक्षण को भी मजबूत किया जाए, एनटीएजी ऐ मेधावी दोएनके अरोड़ा ने कहा।	नई दिल्ली में नया रिपोर्ट है कि इज़े मेइल, और इज़ार एक्रेन के खिलाफ एक मामले में, एक्रेन ने कहा कि हमला में एक मामले में कड़ी मेहनत किया गया है।
4	संसारमें प्राणिगण चार प्रकारके हैं ॥	वहाँ प्रवेश के चार प्रकार के होते हैं।
22	करवर्धिनी की अंतिम पारी जगद्गुरु श्री चंद्र संस्कृत महाविद्यालय की स्वामीदर्शनानन्द- गुरुकुल- कॉलेज और ज्वालापुर के बीच हुई जो स्वामीदर्शनानन्द थी- गुरुकुल-कॉलेज ज्वालापुर की टीम ने श्रृंखला में जीत हासिल की.	श्री लाल बहादुर शास्त्री-खेल के दूसरे दिन श्री जगनाथ संस्कृत महाविद्यालय के देवदेव-विश्वविद्यालय के बीच स्थित-राष्ट्रीय-राष्ट्रीय-राष्ट्रीय-राष्ट्रीय-राष्ट्रीय महाविद्यालय के बीच शोभायात्रा का आरम्भ हुआ, जिसमें गुरु गुरु-देव-देवकीर्तन-देवकीर्तन-देवकीर्तन-जयदेव के बीच हुआ।
1	ज्यादा	अधिक
7	उससे पहले वे कहाँ रहते थे ?	उससे पहले वे कहाँ रहते थे ?
1	की उपस्थिति में बंद करने के लिए	विख्यात
7	विषयों का चिन्तन करने वाले पुरुष की उसमें आसक्ति हो जाती है? आसक्ति से इच्छा और इच्छा से क्रोध उत्पन्न होता है।।	जो मनुष्य सब विषयों के विषयों को जानता है, वह दान लेता है, वह दान लेता है और मृत्यु को प्राप्त करता है।।
9	नीरज -नमस्ते , नमो नमः । कैसे हो तुम ?	नीरज - नमस्ते , नमस्ते , आप क्या हो ?
6	अब भारत के जनसांख्यिकी लाभांश का लाभ अपेक्षित है।	अब भारत के जन समुदाय की  ⁇ inenineritenenereneneri ⁇ erererererererererererenererenenisisisis है.
9	हवाई जहाज बहुत ध्वनि करता है कार थोड़ी ध्वनि करती है।	वायुयान बहुत दूर से निकलता है फिर भी मोर को मारता है।
8	पृथिवी पर भी चन्द्रमा के छाया के कारण ग्रहण सम्भव है।	पृथ्वी पर ही चन्द्रयान के कारण आकाश में उड़ता है।
12	यात्रियों-वस्तु-कर से 65.2 करोड़ रुपये, विद्युत्शुल्क से 5.500. 85 करोड़ रुपये, अन्य वाहनों से 1,242 करोड़ रुपये की आमदनी होगी.	यात्रियों-जुनाव के लिए 3,9 करोड़ रुपये के स्थान पर 2,6 करोड़ रुपये, 000 रुपये, अन्य करोड़ रुपये के अन्य करोड़ रुपये, अन्य करोड़ रुपये भी मिलेंगे।
7	मेरे पास केवल इतना ही धन है ।	मेरे पास केवल इतना धन है
7	लाहौल, स्पीति जिले के चंद्रताल, सूरजताल और सिंह सु-सरोवर बर्फित हो गए हैं।	लाहौल-स्पीति जिले के सिर पर सूर्य-उत्तर-उत्तियों के बीच के बड़े लूले हैं।
6	तब वो तीन सुकेशपुत्र कृतार्थ हुए।	फिर उन्होंने तीन पुत्रों को मारा।
5	कहीं भोजन किया वा नहीं ?	कोई भी भोजन क्या है ?
14	श्रीराम जन्मभूमि मंदिर की ऐतिहासिक क्षणभर की प्रतीक्षा देश भर में करोड़ों रामभक्त श्रद्धा से प्रतीक्षा कर रहे हैं।	श्रीराम जन्मभूमि के प्राणों के प्राणों के प्राणों के प्राणों के प्राणों के साथ राम के समुदाय के करोड़ों को याद कर रहे हैं।
5	जहाँ परिश्रम हैं, वहाँ असफलता कहाँ?	जहां धूर्त हो, वहाँ कहीं कहीं कहीं कहीं कहीं कहीं से रहते हैं?
6	चुनाव- आज से विक्रय होगा।	चुनाव-पवाई आज से शुरू होगा।
7	समान विचार और व्यवहार होने पर मैत्री होती है - यह एक सूक्ति है।	व्यक्तिगतों का नाम मुग्ध है ऐसा एक है।
11	निःसन्देह मेरे प्राण अभी निकलने वाले हैं। पूर्वसमय में मेरी मूर्खता के कारण एक मुनीश्वर ने मुझे शाप दिया था ॥	इस समय में यह प्राण जप कर के लिये प्राण खाने के लिये प्राण खाने के लिये मैं प्राण छोड़ लिया था। यह पूर्व समय में माता के द्वारा मैं युद्ध करूँगा। इस समय में आपके पास आया था। इस प्रकार कहने पर वह क्यों हुआ है ॥
3	लड़के विद्यालय जाते हैं ।	बच्चों को विद्यालय में रोक दिया जाता है।
7	बेटा ! झूला धीमा करो।	दादाजी – बेटा ! वस्तुएँ छूये।
9	उन्होंने कहा कि अयोध्या धाम्नि श्रीरामलला की प्राणों की उन्नति का बीजरूप है।	उन्होंने कहा कि अयोध्या के धुमाधार्य के प्राणों का प्राणों का प्राणों का नेतृत्व कर रहा है।
18	नाव इसराइल से जुड़ा हुआ है, आवेदन है। हमला भारत के दक्षिण-पश्चिमी हिस्से में वारावल के तट से 200 समुद्री मील दूर हुआ।	भारत के बीच है कि इजराइल के बीच हमास की घटना है। यह नक्बर में 20000000000 से अधिक एक है।
9	खेल-मंत्रालय ने कई प्रावधानों का उल्लङ्घन करने के कारण नवनिर्वाचक भारतीय को चुन लिया- मल्ल-खेल-बहुतायत संघ को निलंबित कर दिया गया.	खेल-संबंध के बिना रक्षा के लिए एक नई प्रौद्योगिकी-अपराध-अपराध-अनिधि के कारण भारतीय-अवठुता-अमर्श-उन्होंने टिपार-प्रत्यान को प्राप्त किया।
8	वश में किया हुआ चित्त जिस कालमें अपने स्वरुपमें ही स्थित हो जाता है और स्वयं सम्पूर्ण पदार्थों नि: स्पृह हो जाता है, उस कालमें वह योगी कहा जाता है।	जब मनुष्य आत्मा के मन में स्थित रहता है, तब आत्मा को आत्मा के ही समझता है और आत्मा के सभी ओर से आत्मा को प्राप्त करता है।।
3	माता पिता और गुरुजनों का सम्मान करना उचित है।	माता-पिता ने गुरु के द्वारा सम्मान किया।
10	मुख्यमंत्री ने कहा कि बिजली महान देव-रोपवे-निर्माण के लिए केंद्र-राज्य सरकारों के बीच ज्ञापन पर हस्ताक्षर किए गए।	मुख्यमंत्री ने कहा कि विश्वदेव ने राज्य सरकार की निर्माण के लिए केंद्र सरकार की- सरकार की यात्रा के लिए एक पत्र दिया।
9	इला -चिंता मत करिये भैया ! अब चित्र ले लीजिये।	बीज - ठीक है , अभी तक चित्र बन्द करो।
11	जो धन्यवाद , कृपया , क्षम्यताम् , स्वागतम् आदि शब्द बोलता है	जो शिक्षक धन्यवाद , , हाँ , म्यामार का स्वागत करें , शस्त्र का प्रयोग करें।
4	अन्य पात्र छोटे ही हैं।	अन्य पात्र से ही बर्तन ही हैं।
9	इस ऐतिहासिक दृश्य में पूरा शहर फूलों, प्रकाश और दीवारों के चित्रों से सुशोभित है।	इस ऐतिहासिक ऐतिहासिक परंपरा के सभी जिलों में पुष्पकला के चित्रों का संग्रह किया जा रहा है।
4	प्राचीन विमान कला का शोध	अंत में विमान का अध्यापन।
8	वह जो सेव बेचती है वो बहुत मीठे हैं।	वह जो सेव बेचती है वह बहुत मधुर हैं।
17	राजकीय वरिष्ठ माध्यमिक विद्यालय-टीएमबी द्वारा राष्ट्रीय शाश्वत समाज सेवा फौंडेशन नामक संस्था का उद्घाटन दिवस मनाया गया।	राजकीय वरिष्ठ माध्यमिक विद्यालय में आयोजित कार्यक्रम में राष्ट्रीय स्तर पर स्तर पर स्तर पर स्तर पर स्तर की सेवा के लिए एक दिवसीय संस्कार के साथ मनाया गया।
4	कौन दान देता है ?	कौन दान देता है ?
4	तीन लड़कियां जा रही हैं।	तीन कन्या गाने जाती है।
15	उन्होंने कहा कि यदि कोई भी व्यक्ति द्वेष पालता है तो वह शुद्ध श्रीरामभक्त नहीं हो सकता।	उन्होंने कहा कि अगर कोई भी व्यक्ति सुख से कष्टित होता है तो वह भगवान श्रीराम के लिए नहीं हो सकता है।
4	बेल के पेड़ से सारे पत्ते गिर गए हैं ।	बिलू ऋतु में सभी ऊँचा उड़ गए।
11	परमिन्दर – प्लास्टिक के मिट्टी में नष्ट न होने के कारण हमारे पर्यावरण की महान् हानि होती है।	परमिष्णा – स्क्रोब्स, हमारे गोलेट में पर्यावरण की आपूर्ति होती है।
3	कचरा डब्बे में डालती है।	संन्यास बर्तन बनाता है।
16	हाँ, और एल.एसएलबी वृत्ति के जीवन के साधन एमएम कलाशाला जलगांव के बीच पहुंचकर जलगांव के बीच न्यायवादिनी बन गई।	अभिषेक किया गया, प्रयासिंग ए.एस.एस.पी.एस.पी.पी.पी. के.एस. के.एस. के.एस. के.एसपी. के.एस.एस. के.एस.एस. के.एस. के.एस.एस. के.एस.एस. के.एस.एस.एस.एस.एस.एस. के.एस.एस.एस.एस.एस.एस.एस.एस.एस.एस.एस.
7	और क्या, रेलगाड़ी से मैं वहाँ परसों जाऊँगा	इसके बाद क्या, मैं वहाँ से घड़ा हूँ।
3	वन जायें।	वन को जाओ।
10	यह सच हो जाएगा, क्योंकि उसकी घोषणा भी बस में की गई है.	यह करना होगा, क्योंकि उसका घोषणा उसका घोषणा करना है, क्योंकि  ⁇ udget का घोषणा है।
5	माता पुत्र से सांप मरवाती है	माँ बेटी के द्वारा गिरे हुए हिरण को मारती है।
17	इसके अलावा, पुलिस ने मादकद्रव्य अभियान के सात मामलों को आगे बढ़ाने के लिए प्रवर्तन कार्यालय को भेज दिया, जिसमें करोड़ रुपये का धन शामिल है।	इसके अलावा, इस संबंध में सात सौ से अधिक मामले के तहत सात हजार रुपये के दान के लिए आगे भेजा गया है, जिनमें करोड़ रुपये का प्रावधान किया गया है।
3	मैं सुनना चाहता हूँ।	मैं अभिवादन करूँगा।
20	मिलते समाचार के अनुसार, कल उत्तर प्रदेश से नमोज कुमार निगम और डॉ. अखिलेश रानी का बेटा''अक्षतः''इस जन्म दिवस पर आयोजित जनसंचार-फेसबुक-बीच में एक-विशेषा-प्रतियोगिता का आयोजन हुआ.	समाचार के अनुसार, पिछले ग्यारह दिनों से उत्तर प्रदेश के डॉ. राजकुमार कुमार ने''सरलमानक संस्कृत-विश्वविद्यालय के छात्रों के बीच 'सरर-इसका आयोजन किया।
16	परन्तु वह भी मनुष्य महान् कहलाता है, जो इस संकुचितता की क्षुधाओं से ऊपर से ऊपर उठाकर इस संसार के मित्रों को और मानव प्रेमियों को पुनर्गत धारा में बिठा लेता है।	यह सज्जन मनुष्य जैसा मानते हैं कि वह मनुष्यों के द्वारा जंगालों को दूर करने के लिए है, जिससे ये दोनों के ऊपर-समय पर सूर्य के शिखर पर स्थित हैं।
1	चला आ रहा है	प्राप्त करता है
11	यदि सदन इस मामले में तैयार रहता है तो उसका विचार कर सकते हैं।	यदि सदन के बारे में इस विषय पर विचार किया जा सकता है तो उसका विचार किया जा सकता है।
10	मैं उनके बहुत व्याख्यानों में देख रहा था युगपत् हिन्दी-संस्कृत अंग्रेजी भाषा में।	मैं बहुत से अनेक भाषाओं के साथ बातचीत करके हिन्दी भाषा में बातचीत की थी।
8	जैसा अभिनय मोहन करता है वैसा अभिषेक नहीं करता है।	मोहन अभिनय करता है वैसा ही नहीं बुलाता है।
9	यह मन ही लिङ्ग देह या जीव कहलाता है।	यह मन ही स्वच्छ है या नहीं।
8	जो स्थिरबुद्धि, संमोहरहित ब्रह्मवित् पुरुष ब्रह्म में स्थित है, वह प्रिय वस्तु को प्राप्त होकर हर्षित नहीं होता और अप्रिय को पाकर उद्विग्न नहीं होता।।	ब्रह्मलोक में ऐसा कोई भी नहीं है, कोई भी प्राणी नहीं है, इसलिए ब्रह्मद्वान्त (अद्वेषों से) को प्राप्त कर लेता है, इसलिए ब्रह्म के द्वारा ब्रह्मरूप (अति) ब्रह्मरूप) ब्रह्म के द्वारा ही ब्रह्मरूप समझते हैं।।
11	खुशी के लिए कालाराम-को मन्दिर में देखकर गोदावरी नदी की बड़ी-बड़ी नदी में भी गई।	सुख के अनुसार, सुख- मंदिर के राजा राजपूत राजा, महासचिव, महापौर महापौर महापौर महापौर भी महापली में भी प्रसिद्ध नहीं हैं।
9	पौने सात बजे से साढ़े सात बजे तक स्वाध्याय भी हो गया।	कक्षा नौ बजे से सात बजे तक स्वाध्याय हुआ।
6	आज एक लड़का मेरी ऑफिस में आया।	आज एक युवक मेरे कार्यालय आया।
5	बच्चों में भी आप हैं ही।	बच्चों में भी आप ही हैं।
7	एटली की अग्रिम फिल्म में वरुणवन मुख्यभूमि पर दिखाई देता है।	एटलीफैज के फिल्म में चलचित्र के मुख्यभूमि में मुख्यभूमि पर दिखाई पड़ती है।
4	द्रव्य के दान से पुण्य होता है।	बेकार दान से श्रेष्ठ होता है।
1	और चिंता	विघ्न
8	यूक्रेन पर रूस के औपनिवेशिक आक्रमण के बाद पहली बार पुतिन-मोदी केंद्रित चर्चा पूरी.	रूस के विदेश मंत्रालय ने पहले ही एक व्यापक घटना का खुलासा किया है-उन्होंने यह बात की.
9	मकरसङ्कलान्तू दूर देश से भी सनातन हिंदू लोग स्नान के लिए यहाँ आते हैं ।	मकरसंक्रांति के दौरान, कैम्बार में भी कई हिंदू मंदिर हैं।
4	विष क्या है? गुरुओं की अवहेलना।	क्या करना चाहिये, क्या करना चाहिए, गुरु की गुरु की पूजा करनी चाहिए।
3	मंच पर	चिड़िया – दीजिये।
8	वह अगरतल्ला , कोहिमा और दीमापुर जाएगी ।	वह अगरलजेज को कोटा और तटपुर जाएगा।
3	सिंधुबाग मार्ग से सम्मेलन स्थल जाएगी।	मछली के शिखर पर राष्ट्रीय स्तरीय गड्ढा ले जाएगा।
9	कभी हजारों सिंह, बाघ, भालू, गेंडा, सियार, खरगोशों से व्याप्त जंगलों को नगर बना देते हैं और कभी मन्दिरों, राजमहलों, अट्टालिकाओं, चौराहों, चबूतरों, उपवनों, सरोवरों और गोशालाओं से भरे नगरों को जंगल बना देते हैं।	शेर-बैंडा-बैंडा-बैंडा-बैंडा-बैंडा-बैंगों के साथ पूजा करता है, चंद्रपुर के किनारे पर गंगाजल-बैंगैग-बैंग-बैंगों के फूल-बैंगैज-बैंग-बैंग-बैंग-बैट्टों के फूल को पुष्पों के साथ सुशोभित करता है।
1	बहुत से फूल	फूल
3	बाद में हीरजीभाई खड़े हुए।	बाद में ही कारजी बन्द कर दिया।
12	पिछले-एक वर्ष हमने जो अतिरिक्त संसाधन इकट्ठा किया है वह कर्मचारियों के लिए बजट में घोषित किया गया है।	पिछले दो वर्षों में उन्होंने कहा कि स्वास्थ्य व्यवस्था के तहत विभिन्न शैक्षणिक घोषणाएं घोषित की गई है।
3	माल रेल भी जाती है।	वाहन से भी वह भी जाती है।
15	कन्ग्रेज सर्वेक्षण में भारत आर्थिक परिमाण में शीर्ष पर था, जो स्थान जब तक कम हो गया है, अब यह चौथा स्थान पर ले जाने की तैयारी कर रही हैं।	कांग्रेस सरकार ने आर्थिक समय तक आर्थिक आर्थिक आर्थिक विमान थी, जो अब तक दोपहर तक रास्ता को पूरा करने का निर्देश दिया है।
6	वहाँ कोई नहीं था	वहाँ कोई नहीं था।
8	उसके सींग रत्नमय, खुर मणिमय और नेत्र नील रत्नमय थे। इस प्रकार बिजली की छटा और मनोहर मुखवाला वह मृग श्रीरामचन्द्रजी के आश्रम के पास सीताजी के सामने वन में विचरण करने लगा ॥	अपने चरण-कमलोंमें एक तुलसीमय नीलकमलको देखकर, कमलके समान श्यामवर्णसे, कमरसे, कमरसे, कमरसे, कमरसे, कमरमलासे, दिनसे, दिनसे, दिनसे, दिनसे, दिनसे, दिनसे, दिनसे, तीर्थोंको और दिनसे, पर्वतोंको और दिनसे, दिनसे, दिनसे, तीर्थोंको और दिनसे, तीर्थोंको और दिनसे, तीर्थोंको भी देखा ॥
17	तब शास्त्री डिप्लोमाधारकों ने राज्य सरकार से आग्रह किया था कि इस में बी.एस या स्नातकोत्तर छात्रों को गिरफ्तार नहीं किया जाना चाहिए.	तब शास्त्री भवन में नियुक्त हुए थे कि राज्य सरकार ने विधायकवृत्ति पद से बीजीएसवीवीवी को नहीं पहुँचा है।
14	मध्य जापान में एक शक्तिशाली भूकंप का तीव्रता चौदहवें भाग के ऊपर सातवीं स्थान पर मापी गई है-रिक्टर-माप में माप की गई है।	मध्य प्रदेश के मध्य में एक द्वीप पर भूकंप के भूकंप में भूकंप की तीव्रता से सात सौ किलोमीटर की दूरी है-यह सात सौ से अधिक की दूरी है।
8	इस अवसर पर आचार्य तुलसीदास परौहा जी, विश्वविद्यालय के रीवा परिसर विशेष रूप से उपस्थित थे।	इस अवसर पर आचार्य अनुपमाकृष्ण शुक्ल विश्वविद्यालय के कुलपति प्रो. मुरली मनोहर पाठक विशेष रूप से उपस्थित थे।
2	ये ही साधु के लक्षण हैं।	यहदेव की गोदी में है।
1	कहती हूँ	मैं कहता हूँ
3	वह इधर-उधर घूमता हैं।	वह इधरउधर घूमता है।
3	चाचा चाची नहीं हैं ।	माँ भाई भाई नहीं है।
4	यमुना नदी के प्रदूषण ने नई आशंकाएँ पैदा कर दी हैं।	जो कोई भी नईकी है जो नई लोगों के द्वारा रचित है।
11	हमारे सभी के लिए सौभाग्य है कि हम इस क्षण का दृश्य पाते हैं।	हमारे सभी तैयार हैं कि हम इस सुगमक्षक को हम दर्शन में मार देंगे।
7	काङ्ग्रेस में डर या आशङ्का नहीं है।	अब, कांग्रेस या अन्य स्थान पर नहीं है।
16	रात की स्त्री को कोई नहीं स्पर्श करता, चाहे वह माता हो या बहन, बेटी या कोई।	धोबी भोजन नहीं करती है, कोई भी माता नहीं है, कोई भी माताओं को नहीं बनाया जा सकता है।
6	अब गुजरात के राजभवन में वे यज्ञ करेंगे।	अब गुजरात में वे राजभवन में यज्ञ करेंगे।
4	सूंड से हाथी भार ढोता है।	हाथ में हाथ भरता है।
1	गर्मी के दोष	अकाल से
9	शनिवार सुबह 10 बजे मार्कर ने सड़क आंदोलन का आरम्भ किया.	शनिवार सुबह 9 बजे से अंतरिक्ष यान का मार्ग शुरू हुआ।
9	जो संसारसागरमें गिरे हुए हैं, [सुख-दुःखादि] द्वन्द्वरूपी वासे आहत हो रहे हैं, पुत्र-पुत्री, स्त्री आदिके पालन पोषणके भारसे आतं हैं और विषयरूपी विषम जलराशिमें बिना नौका डूब रहे हैं, उन पुरुषोंके लिये एकमात्र जहाजरूप भगवान् विष्णु ही शरण हों	हे रघुश्रेष्ठ ! आप आपके शरीरों के बीच ही समस्त प्राणियों के बीच रहते हैं, उन समस्त प्राणियों के स्वामी, ब्रह्माजी और देवगणों के सहित आप ही आप ही हैं, आप ही आप ही जगत् के आश्रय कीजिये, आप ही आप ही जगत् के पार करने वाले हैं ॥
13	जाति--आधारित रॉयल टेनिस से दूर स्थित गाँव-निवासी, प्रतिकूल-चुनाव में विरोधियों के सर्वदलों की राशि के संग्रह से जीत लिया।	----बताया गया है कि रक्षा-बताया गया था कि राजस्थान के बीच मध्य-चुनाव में, राजस्थान के खिलाफ चुनाव के खिलाफ चुनाव के खिलाफ भारतीय जनता पार्टी ने चुनाव के खिलाफ जीत हासिल की।
1	बादलों की माला को	विख्यात
13	सूचना के अनुसार चंडीगढ़ के केंद्रीय न्यायिक विज्ञान प्रयोगशाला के विशेषज्ञों ने मंगलवार सुबह एक विशाल आग्नेयास्त्र के कारण की खोज की।	सूचना के अनुसार, मंत्रालय ने सूचना प्रौद्योगिकी प्रयोगशाला के तहत हिमाचल में सुरक्षा प्रयोगशाला के तहत शुक्रवार को एक बड़ी समस्या का सामना किया।
10	उसी प्रकार सच बोलने वाला मनुष्य झूठ को मन से भी नहीं चिन्तन करता है।	और सच बोलना चाहिए, जो सुख से बढ़कर सुख नहीं बोलता है।
4	वह सुख प्राप्त करता है।	वह सुख प्राप्त करता है।
4	उसके बाद टोकरी में सेव रखती है।	बाद में टोकरी सेवा कर रही है।
14	हर्षवर्धन चौहान जी कल बद्दी क्षेत्र के विभिन्न विभागों, विभिन्न उद्योग प्रतिनिधियों और अधिकारियों के साथ बैठक की अध्यक्षता कर रहे थे.	हर्षवर्धनचौहान पिछले साल बंधन के लिए बंधन विभाग के विभिन्न अधिकारी, अधिकारियों के साथ बैठक कर रहे थे।
10	केंद्रीय प्रशासन ने कहा कि सातनीस ऊपर पांच सौ स्थानों को अब तक दिव्य अंगों के लिए सुकर बनाया गया है।	केंद्रीय सरकार ने कहा कि सातवीं कक्षा तक की सजावट के लिए अब तक विभिन्न लोगों को अपनी यात्रा के लिए बाध्य किया जा रहा है।
8	वहाँ पीछे के भाग में सुनाई दे रही है ?	वक्ता – वहाँ से जिज्ञासा का क्या सन्देश है ?
8	मेरा पैर, मेरा हाथ.... मेरा शिर... मेरा मुख... ।	मेरा पैर, मेरा हाथ हाथ, मेरा हाथ मेरा मुख मेरा मुख मेरा गया।
1	सुगन्ध	सौरी
5	अहमदाबाद के कौनसे विस्तार में थे?	अहमदाबाद के विस्तार में कौन-से विस्तार थी?
10	क्योंकि देहधारी पुरुष के द्वारा अशेष कर्मों का त्याग संभव नहीं है, इसलिए जो कर्मफल त्यागी है, वही पुरुष त्यागी कहा जाता है।।	हे भारत ! कर्म के बिना कर्म के लिये कर्म नहीं करना चाहिये, क्योंकि कर्म के लिए कर्म का त्याग करना कठिन नहीं है।।
19	इसके अलावा जयसिंहपुर में होली मेला, जिला बिलासपुर के अजमेर (भराड़ी) ग्रीष्मकालीन महोत्सव, संगला होली महोत्सव, गंगाथ- जिला स्तरीय होली मेलाओं में उठाने का भी निर्णय लिया गया है.	इसके अतिरिक्त जयसिंहपुर के डिवीजन, बिलासपुर के बिलासपुर के जमीली, बिलासपुर के जङ्गुला, झारम, जङ्गोरम, जङ्गोरम, जङ्गली, जङ्गमममममम और जङ्गड़ा मेस्की, मेस्पा, मेस्नी और अन्य कई जिलों में भी आयोजित किए गए।
4	आर्यों का मूल देश भारत देश है ।	भारत के राष्ट्र देश का गौरव है।
9	उन्होंने कहा कि राज्य सरकार ने कर्मचारियों से 4 फीसदी बड़ा भारी वेतन घोषित कर दिया है.	उन्होंने कहा कि राज्य सरकार ने कर्मचारियों को 45 फीसदी से ज्यादा घोषणा की है।
4	गैस चूल्हा उसे पसन्द नहीं है।	वायुयान उसकी मिठाई नहीं रखता है।
12	राज्य के चारों संसदीय क्षेत्रों में सर्वेक्षण करके उत्तमवेदकों का नाम परीक्षण समिति के पास भेज दिया जाएगा।	राज्य के चार राज्यों में चार प्रतिशत सभी क्षेत्रों में इकट्ठे करके श्रमिकों के नामों को देखने के लिए निकाला जाएगा।
1	कल्याणयुक्त	देव
7	वो दोनों देवनागरी में ही हस्ताक्षर करती हैं	वे दोनों देवपुर से ही प्रार्थना करते हैं।
3	विष्णुमित्र कहाँ है?	विष्णुमित्र कहाँ है?
6	इस प्रकार, 1,200 लड़कियाँ जहरीली गैस के प्रयोग से पीड़ित हुईं।	इस प्रकार, पाँच लाख रुपये की बच्ची की आयु की गति के कारण हुई।
9	सञ्जहार शब्द में हकार के स्थान पर भकार के आदेश से सञ्जभार का रूप सुना जाता है।	यह खबर है कि बंधन के अनुसार, कुल्हाबरादेश में, पुलिस समूह के खिलाफ प्रसिद्ध है।
13	चुनाव में कन्ग्रेस-चूँकि, भाजपा के प्रत्येक विधायक को अपने अधिकृत अभिाधिकारी का खुलासा करना होगा।	चुनाव-दल के प्रत्येक विधानसभा के विधायक अपने कार्यकाल को पूरा करने के लिए मतदान करके मतदान करने के लिए मतदान किया जाएगा।
5	हिमदास ने कल चौथा स्वर्णपदक जीता।	समापन के लिए उन्होंने चार स्वर्ण पदक जीते।
4	उसके दोनों होंठ लाल हैं।	उसके दो कान मैले हैं।
6	पत्नी का भाई ने इस मामले को दर्ज किया।	पत्नी की पत्नी ने यह घोषणा की।
6	अनेकों के नाम हम नहीं हीं जानते हैं।	अनेक नामों का नाम नहीं जानते हैं।
7	इसके लिये सभी प्रक्रियाएँ चरणबद्ध रूप से सम्पन्न होती हैं।	इसके लिए सभी सभी के लिए आधारगत रूप से प्रस्तुत की जाती है।
14	डॉ. ने बछड़े को विश्वविद्यालय समुदाय का धन्यवाद दिया कि वे इसके प्रतिष्ठित उपलब्ध कराने के लिए निकटता और सद्भाव से कार्य करते हैं	डॉ. ओ.एस.एस. ने कहा कि वे विश्वविद्यालय के कुलपति थे और वे इस मौके से बहुत से कार्य करते हैं।
1	ग्राम	कृपा
6	मैं आपके साथ चलूँ क्या ?	मैं आपसे प्रश्न पूछता हूँ क्या ?
10	इस बार भी चंद्रमा अपने दक्षिणी ध्रुव के पास समतल क्षेत्र में उतरेगा।	इस दौरान, दक्षिण अफ्रीका के दक्षिण दिशा में स्थित अंतरिक्ष क्षेत्र में एक सौ से अधिक होगा।
6	वे अक्षता प्रत्येक हिंदू घर में देने जाते हैं।	वे हर देश के प्रत्येक घर में घर जाते हैं।
7	बीच में स्थित सफ़ेद रंग सात्विकता और ईमानदारी का द्योतक है।	बीच में तेज और सुख से युक्त, शुद्ध, शुद्ध, शुद्ध, शुद्ध, स्तरों और असंगों से रहित, नित्य-बैर आदि का संग्रह होता है।
7	उसे देखकर मुझे बहुत दुःख होता है ।	उस समय मेरे मित्र बहुत खुश होता है।
10	सीता सहित, मृगचर्मधारी अजेय, नित्य श्रीलक्ष्मणजी द्वारा सेवित पादपन वाले, नीलकमल की कान्तियुक्त, अनन्तगुण सम्पन्न, अतिशान्त मेरा सौभाग्यरूप श्रीराममूर्ति को अनिश में प्रणाम करता हूँ ॥	हे राम ! श्रीलक्ष्मणजी के चरण कमलों के समान श्यामवर्ण धारण किये हुए हैं, जिनके चरणकमलों में जिनके चरणकमलों में लगे हुए हैं, जिनके चरणकमलों में जिनके चरणकमलों में लगे हुए हैं, उन परमलकों को मैं देखूँगा ॥
8	सभी राज्यों के जलशुल्क के बारे में केंद्र सरकार की नीति समान है-सीह है.	सभी राज्यों के जलायनों के बारे में केंद्र सरकार के बारे में है।
5	उपदेश के बिना प्रथम ज्ञान उत्पन्न हो गया।	उपवास के बिना उपदेश के बिना पहली बार ज्ञान का ज्ञान किया गया।
4	यह लेख झूंठ मालूम पड़ता है।	ओह, लिखनेवाला दुःखमय है।
1	कुआं खोदना	भूख
9	मानवाधिकार दिवस हर साल दिसंबर के दिनाङ्क को पूरे विश्व में मनाया जाता है।	उत्सव-माह के दिन विश्व दिवस पूरे विश्व में मनाया जाता है।
8	श्रम थकावट ग्लानि (दुःख) प्यास शीत (जाड़ा) उष्णता (गर्मी) आदि सहने की शक्ति व्यायाम से ही आती है और परम आरोग्य अर्थात् स्वास्थ्य की प्राप्ति भी व्यायाम से ही होती है ।	जो मनुष्य दोषों को दूर करने के लिए भी कष्ट होता है, वह दान लेता है, वह दान लेता है, पाप के साथ होता है, यश भी होता है, दया और काम के अनुसार होता है।
13	अनाज के कोठे को भरने में समर्थ आढ़कों (माप-विशेष, विशिष्ट के सूचक) के समान अनेक पुत्रों के होने मात्र से कौन भाग्यशाली माना जाएगा ? ऐसा एक पुत्र अच्छा है जो कुल का आसरा हो तथा जिसके कारण पिता की प्रसिद्धि हो |	परोपकार के कारण बहुत अच्छेों से सुमाली सुमाली और मामु में सुमाली का पुत्र होता है।
6	चिराग - हाँ सभी प्यार से चल रहे हैं।	चिराग - हाँ सभी सभी नींद चलते हैं।
9	ध्यान रखना चाहिए कि संस्कृत शिक्षण द्वारा हर रविवार को ऑनलाइन आयोजन किया जाता है।	ध्यान रखना चाहिए कि संस्कृत शिक्षण के माध्यम से रविवार को ऑनलाइन संस्कृत शिक्षकों को प्रदर्शित किया जाता है।
8	वेदों में रामायण जैसे वैदिक और धर्मनिरपेक्ष पुराण शामिल हैं।	वेद में वैदिक भाषा के लिए, रामगीता और पुराणों से युक्त होते हैं।
7	उन्होंनेन्हों नेसरोजिनी नायडू के साथ भी काम किया।	उन्होंने लालभंगा के साथ भी काम किया।
6	कौए ने रोटी को खा लिया और प्रसन्न हो गया।	काँटे का और रोटी का मजाक लगाई गई।
5	इस में थोड़ा सा भी पाप नहीं है।	इस का लिलका भी नहीं है।
3	प्रातःकाल व्यायाम किया	सुबह सबसे शिष्य जी ने थाली में
3	जहां वह जाता है?	जहां वह जाता है।
7	कोर्ट ने कल के फैसले को रद्द करते हुए वाराणसी में कर्फ्यू लगा दिया.	सुप्रीम कोर्ट ने पिछले महीने की तारीख को राज्य सरकार को एक सम्मान के लिए एक सम्मान किया है।
8	वहाँ से श्रीराम भाई के पास जाकर रूधिरादिग्ध लक्ष्मण को देखा।	वहाँ श्रीरामजी को पास जाकर राम को प्रणाम किया।
7	वीणाकर्ण ने खूंटी को देखकर कहा 'अल्पशक्ति वाला होते हुए भी यह चूहा कैसे इतनी दूर तक उछल लेता है ?	हनुमान जी ने पूछा- हे सुन्दर आभूषणों को लेकर भागकर भागकर भागकर भागकर भाग गए, इस प्रकार कुत्ता को गीला कर ले जाने पर भी भागते हैं।
5	वह इस विषय में संकोच अनुभव करता है।	वह इस विषय पर रखवाई शुरू कर रही है।
5	वह पदक प्राप्त करना चाहता है	वह बैंक में पहुंचाता है।
9	वहाँ भारत के नवनिर्माण संस्कृत के योगदान पर चर्चा की गई।	वहाँ भारत के नए संस्कृत के विकास के बारे में चर्चा हुई।
5	वह वृद्धा खुश हो जाती है	वह वृद्ध प्रसन्न होता है।
9	"वैसा ही है, कोई फर्क नहीं", ऐसा वह जवाब में बोला ।	इसलिए यह बात नहीं है, इसलिए मुझे विशेष वचन है।
7	बेटा , वो पुस्तक संस्कृत भाषा में हैं।	दादीजी – वे पुस्तकें हैं।
2	माँ की खातिर	माँ के लिए
1	बाल	कड़
8	शान समिति की रिपोर्ट के बाद चयन प्रक्रिया ऑनलाइन रूप में की जाती है।	यह बैठक दिसंबर को संसद के उच्च स्तरीय बैठक के बाद आयोजित की जाती है।
4	हम शिव के मन्दिर गए।	हम शिव का मंदिर था।
6	मैं कुएँ पर जाकर स्नान करना चाहता हूँ	मैं घास खाना चाहता हूँ।
9	नियम ज्ञान है परन्तु प्रयोग नहीं है अर्थात् भाषा नहीं आती है।	नियम ज्ञान है कि अपशब्दों का प्रयोग नहीं किया जा सकता है।
9	अब तक हम घर में राष्ट्र ध्वज फहरा नहीं सकते थे।	अब तक हम राष्ट्र को बाजना नहीं पा सकते थे।
8	यह सब जानकर जयद्रथ डर से बहुत व्याकुल हुए।	यह सोचकर वैसा ही हो गया।
11	अब पुष्ट किया गया कि श्यामला बहुत जल्दी ही इंशा अल्लाह नामक फिल्म में दिखती है।	अब आरोप लगाया गया है कि इस फिल्म का शूटिंग बहुत जल्दी से शुरू हो रहा है।
12	हिमाचल प्रदेश का कृषि-उद्यान-विश्वविद्यालय के कुलपति-नियुक्ति- संशोधन विधेयक के विषय में राजा के भवन और राज्य सरकार के बीच गतिरोध समाप्त हो गया है।	हिमाचल प्रदेश-उत्तर-विश्वविद्यालय के कुलपति-उत्तर-शिक्षा-इस विषय पर राज्य सरकार और राज्य सरकार के बीच राज्य सरकार के बीच एक महत्वाकांक्षी पहल का कार्यान्वयन है।
9	इसके अतिरिक्त, पटियालाबस्ती में पांचों गाँवों के धर्म के विरोधी लोगों को सामुदायिक कल्याण के लिए 2 लाख रुपये का दान किया गया है।	इसके अतिरिक्त ग्रामीण धर्म, धर्म, धर्म, इम्बल, इम्बल, इम्बल, इम्बल, इलेक्ट्रोड, इलेक्ट्रोड जैसे इन संस्थानों के लिए एक लाख रुपये का खर्च किया गया है।
4	वह सबको सुख से पालता है।	वह सबको सुख से बुलाता है।
5	इसके लिए आवेदन पत्र प्राप्त हो चुके हैं।	इसके लिए आवेदन पत्र पत्र पत्र पत्र हैं।
1	योगदान	जानने के लिए
2	बुद्धि की जड़ता को	दूसरे के द्वारा
16	स्वयं तुम गुरुदेव हो, इस प्रकार पितामह भीष्म, कर्ण, योद्धा वीर, दयालु, अश्वत्थामा, विकर्ण, और भूरिश्रव भी चैत्य में हैं।	स्वयं देश में गुरुदेव, तुम दोनों एक बड़े वीर, भीम, अश्वथी, अश्वराज, अश्वराज, अश्वराज, अश्वराज, अश्वराज और अन्य लोग हैं।
7	अतः वे दोनों बार बार प्रश्न पूछते हैं	इसलिये वे दोनों ने केवल प्रश्न पूछे हैं।
6	इस संबंध में जिला प्रशासन के द्वारा आदेश हैं।	इस विषय पर जिला प्रशासन के आदेश के लिए हैं।
8	दृष्टिपात से उसकी व्यथा नष्ट हो जाती है, मैं चित्राम की शरण में क्या प्राप्त करती हूँ?	स्वप्न में उस हाथी को मार नहीं सकता, उसी प्रकार चित्रों को मुँह में बिठा दिया जाता है।
6	हरिद्वार में उन्होंने गुरुकुल काँगड़ी की स्थापना की।	हरिद्वार में उसनेहरू का प्रयोग किया।
6	यह वैष्णवी मायाशक्ति नाम से भी जाना जाता है।	यह संकल्प भगवान माया का नाम भी नाम का नाम है।
11	मुख्यमंत्री सुख-बताया गया है कि आश्रय योजना के तहत उपनिहित कार्यालयों में जिला स्तरीय वित्तीय संख्याएं खोली जाएंगी।	मुख्यमंत्री सुख-आश्रय योजना के तहत जिला विभागों के तहत जिला विभागों में 29 जिलों में 29 जिलों का उद्घाटन किया जाएगा।
5	रास्ते में उन्होंने ज्ञानप्रश्न क्रीड़ा भी खेली।	रास्ते में उन्होंने ज्ञानपत्र भी खेला।
7	वह कहां है? मुझे दिखाओ” भसूरक ने ऐसा कहा।	वह कहाँ है? वी.जी ने कहा कि यह मिठाओ।
10	मैं उन ऋक्षा वानरों को भी फिर से निकालते हुए और बड़े बलशाली पुरुषों को देखना चाहता हूँ।	मैं उन राक्षसों को भी देखा और फिर भी शिल्पों को शिपा करने के लिए उद्यम कर रहा हूँ।
21	शिविर का उद्घाटन डॉ. सोहम चक्रवर्ती वर्या की उपस्थिति में किया गया, श्री नवल किशोर पंत, सरस्वती पूजा में श्री विष्णु दत्त गौड़ भी उपस्थित थे।	रिंगतलंद के रूप में सितंदपुर के मालिक श्रीरंग से सात से सरस्वती, श्री हरिदेवी, श्री हरिषदेवी, स्वामी, स्वामी, स्वामी, स्वामी, पुविंदनदेवी भी थे।
8	हे कौन्तेय ! श्रद्धा से युक्त जो भक्त अन्य देवताओं को पूजते हैं, वे भी मुझे ही अविधिपूर्वक पूजते हैं।।	हे कौन्तेय ! जो पुरुष, इन्द्रियों के द्वारा भी परम ब्रह्म को प्राप्त होते हैं, वह मुझे भी परम ब्रह्मरूप (विद्वुद्ध) प्राप्त होते हैं।।
10	म्यांमार की सर्वमान्य नेता आंग सान सू की को भ्रष्टाचार का दोषी पाए जाने पर दोबारा जेल की सजा सुनाई गई है.	मिस्र के राष्ट्रपति वीरबाबेय ने पुनः छठी सौ वर्ष की लड़की को फिर से हटाकर फिर से भारतीय राज समुदाय को सौंपा।
8	ओमान के संस्कृत विद्यालय के डॉ आर नारायणन व्याख्यान देंगे	ओ.एस.एस. वर्ल्ड स्कूल में नारायणप्रकाश मुख्य वक्ता होंगे।
6	तू सत्तू खाता है वा नहीं !	वह ले जाता है या नहीं ?
9	पहले पारी में दक्षिण अफ्रीका के कायल वेरिन ने सबसे अधिक 15 रन बनाए।	पहले दिन दक्षिण अफ्रीका ने कोच्चि के कोलका में 35 रन बनाए।
6	उनके पिता का नाम एस नारायणस्वामी था।	उसके पिता का नाम नारायणपुर था।
13	महातेज रावण ने क्रोध से श्रीराम के सदृश सिंह, व्याघ्र, कोंकड़ा आदि प्रमुख बाणों को पीपल के समान मुख वाली और सियार आदि प्रमुख बाणों को बाणों पर चढ़ा दिया।	महातेज रावण के बाणों को राघव के रथ पर चढ़ गया और बाण पर बाण पर बाण के समान बाण वाले बाणों को देखा।
7	नाम यदि लम्बी है, तो उसका शरीर बहुत लम्बी नहीं है।	नाम तो बहुत अधिक से भी उसका शरीर नहीं है।
4	सभी वैसे ही हो गए।	सभी लोग वही हो गए।
9	शाही जहाज़ के साथ उच्च न्यायालय में उनके सभी मामलों की सुनवाई का विरोध किया गया है।	टोट हाउंडेशन समिति ने सर्वपक्षीय उच्च न्यायालय के आदेश के खिलाफ आदेश दिया है।
5	सभी सैनिकों के हाथ में राखी बाँधती है।	सभी सैनिकों के हाथ में तारे खाते हैं।
1	बाजार से	प्राप्त किया
8	परन्तु ज्ञानी सब प्रकार परीक्षा करके अपराधी को ही उचित दंड देता है।	परन्तु सभी ज्ञान परीक्षाओं को दूर करने के लिए ही यथायोग्य काम करता है।
11	अभी ही अजय ने अपने नए चलचित्र "शैतान" के कुछ तस्वीर प्रकाशित की हैं।	अभी ही बॉबी देओल ने अपने नए फिल्म में कुछ चित्रों को सफल कर दिया।
4	अभी वह रामेश्वर पहुँचा ।	अभी वह रामेश्वर पहुँचा है।
4	बच्चे के मुँह पर फुंसियाँ हो गई हैं।	बालताल में मुँह का पत्ता टूट गया।
1	चारों ओर से	सभी प्राणियों के साथ
4	बगीचे में हम वृक्ष गिनते हैं।	बाग में हम वृक्ष गिनते हैं।
4	यह लेख झूंठ मालूम पड़ता है।	ओह, लिखनेवाला दुःखमय है।
21	मित्रको स्वच्छता (निष्कपट हृदय) से जीते शत्रुको नीतिबलसे, लोभीको धनसे, स्वामीको कार्यसे, ब्राह्मणको आदरसे युक्तीको प्रेमसे, बन्धुओंको समभावसे, अत्यन्त क्रोधीको स्तुति, गुरुको विनयसे, मूर्खको बातोंसे, बुद्धिमान्को विद्यासे, रसिकको रसिकतासे और सभीको सुशीलतासे वशीभूत करे	ब्राह्मण, गाय, गाय, धन, धन, धन, धन, धन, धन, काम, काम, काम, काम, काम, काम, काम, काम, काम, काम, काम, दस्मना, दस्म, अता, अब्ख्य, अब्ख्य, अब्ख्य, अब्ख्यहास, ये सब प्रकार के कार्य, अनेक प्रकार के स्वाभाविक हैं।
9	इसके पश्च्यात स्थूल भूतों से विराट् उत्पन्न हुआ और विराट् पुरुष से यह सम्पूर्ण स्थावरजंगम संसार प्रकट हुआ ॥	तब उस समय श्री राम ने भी समस्त पात्रों के साथ अग्नि, जटादि और चरादि आदि विविध शरीर धारण किये हुए हैं, तथा फिर उस समय वह सरोवर के समय श्रीहरवैचि नामक वृक्ष पर स्थित हो गया ॥
5	निःसन्देह वह कर्म करेगा ।	वह मुझसे मुक्त करने वाला है।
3	भूतकाल में वाक्य लिखिये	सारकाल में लिखिये।
7	बहुत से लोग केवल फल ही खा रहे थे।	बहुत से लोग फल ही खाते थे।
8	संस्कृत भारती के अखिल भारतीय सचिव पी.एसकार्यक्रम का उद्घाटन नंद कुमार करेंगे.	राष्ट्र के प्रधान मंत्री भारतीय शिक्षा मंत्री श्री जगदीश कुमार को संबोधित करेंगे।
8	सत्र में मुख्य अतिथि के रूप में विश्वविद्यालय के वास्तुकला विभाग के पूर्व प्रोफेसर प्रोफेसर एस.के.सिंह उपस्थित थे।ओंकारनाथ चतुर्वेदी महाभाग एकत्र हुए थे।	इस सत्र में मुख्य अतिथि के रूप में वैदिक विश्वविद्यालय के पूर्व वक्ता डॉ. मुरली मनोहर पाठक ने पहले ही विशिष्ट अतिथि के रूप में प्रसिद्ध थे।
3	सूत्रकार सूत्र बनाता है।	सूत्र के विषय में व्यवहार करता है।
12	वीरेन्द्र सिरमौर जिले केणुका क्षेत्र से है, उससे पहले उसने अनेक प्रतियोगिताओं में भाग लिया था।	वीड़म जिले के तट पर है, वहाँ उन्होंने पहले ही कई जगह से पहले क्रिकेट प्रतियोगिताओं में भाग लिया है।
8	हाँ गुरुदेव ! हिन्दू संस्कृति के मूलस्वरूप को क्या जानना चाहता हूँ।	हाँ गुरुदेव ! हिन्दू संस्कृत के विषय में मैं क्या करना चाहता हूँ।
11	उपरोक्तयूषों के साथ बकरे का मास रस या बटेर आदि पक्षियों का मास - रस मिला कर देना चाहिये । मल सग्राहक बेलगिरी, पाठा आदि के चूर्ण से युक्त, अनार आदि फलों से या तक्र से खट्टा करके यूत्रों को देना चाहिये ||	इस संसार में जल के रस के रस से ढककर अथवा दही के रस से अथवा दही से दाल के रस से, गुदा से, गुदादि से, गुदादि से, गुदादि से, गुदा से, मूत्र से, मूत्र से, मूत्र से, मूत्र से, मूत्र से, मूत्र से, मूत्र से, मूत्र से, मूत्र से, मूत्र से, मूत्र से, मूत्र से, मूत्र से, गुदा से, वेग से, गुदा से, वेग से, वेग से, गुस्धा से, वेग से, वेग
1	था	था।
7	मेरे पास केवल इतना ही धन है ।	मेरे पास केवल इतना धन है
6	वह धन गिनता है , जेब में रखता है।	वह धन गिनता है , जेब काँच का दाने का प्रयास करता है।
13	यह कहकर वे अत्यन्त आर्त्तचित्त होकर मुनि के दोनों पैर पकड़कर बोले "भगवन्! आप तो स्वयं जान सकते हैं कि में दोषी हूँ अथवा निर्दोष हूँ ? ॥	यह सुनकर वह अपने चरण कमलों से प्रकाशित हुआ और अपने चरण कमलों से निर्मित तथा दिव्य नेत्रों से युक्त होकर आपस में स्थित हो गये हो, अथवा मुझे ही मैं तुम्हें ही नहीं जानते ॥
13	उन्होंने कहा कि यह नियम दूरसंचार क्षेत्र से जुड़े लाखों से अधिक लोगों का भी पालन किया जाएगा।	उन्होंने कहा कि यह नियम दूरदर्शन के साथ क्षेत्र में आने वाले लोगों के साथ भी अधिक से अधिक लोगों के साथ भी अधिक मिल जाएगा।
8	उस युद्ध में बदलूराम नाम का एक सैनिक वीरगति को प्राप्त हुआ।	उस युद्ध में बदलूराम का नाम एक वीरगति प्राप्त हुआ।
1	ऐसा	इस प्रकार
15	शनिवार को हिमालयन हॉस्पिटल जॉली ग्रांट द्वारा कवच की खोली पर अटलोत्कृष्ट- राजकीय वरिष्ठ माध्यमिक विद्यालय में रक्तदान शिविर का आयोजन किया गया।	शनिवार को बर्फबारी में भी बर्फ के फार्टर स्टीबॉल में फुटबॉल स्कूल के वरिष्ठ माध्यमिक विद्यालय में आयोजित एक समारोह में भाग लिया गया।
4	खीर मीठी है	खीर मीठा है।
19	इसी प्रकार वे सभी कृतार्थ राक्षस नन्दन वन में गन्धर्व की भांति अपनी पत्नी के पद के लिए रमण करते थे। उसके बाद मन्दोदरी ने पुत्र को बादल का ध्वनि किया।	इसी प्रकार वे राक्षसों को रोकते हुए सभी राक्षसों को देखकर, वानरों को अपने शरीर से भरकर अपने पुत्र के पुत्र के पास जाने के लिए, उस वे दोनों के घर से जल लेकर स्नान करने के लिए जाते थे।
5	योजना को रोककर एफआईआर को निवृत्त करिये।	योजना के तहत ऑइल का खोज करें।
11	प्रधानमंत्री ने मध्य प्रदेश में पचास से अधिक करोड़ रुपये के सड़क विकास परियोजना को भी राष्ट्र को समर्पित किया।	प्रधानमंत्री ने केरल में पांच सौ करोड़ रुपये के खर्च से अधिक परियोजनाओं का भी उद्घाटन किया।
5	कल वह बहुत उग्र हो गया था।	कल वह बहुत बड़े युद्ध हुआ।
4	तुम वाङ्मय हो, तुम चिन्मय हो।	तुम दोनों के लिए हो।
9	आपका दर्शन योगियों को भी दुर्लभ है, और में साक्षात् आपका बाण लगने से, विशेषरूप से आपके सामने मने प्राण छोड़ रहा हूँ। ॥	हे प्रभो ! मैं आपके द्वारा आपके इस प्रकार निरन्तर प्राणों को त्याग देता हूँ। हे रघुश्रेष्ठ ! आपसे आपके द्वारा बहुत से आपके दर्शन करना चाहती हूँ। हे राघव ! आप मुझे आप मुझे क्षमा कीजिये।
5	मेघमाला ने समस्त गगन मण्डल को आच्छादित कर लिया।	बादल के चारों ओर भौंरे हुई है।
3	हम सबको क्या करना चाहिए?	हमें क्या करना चाहिये?
8	संस्कृत भारती के अखिल भारतीय प्रशिक्षण प्रमुख डाॅएच.एसमुख्य अतिथि आर विश्वास थे.	संस्कृत भारती के प्रांतीय शिक्षक डाॅश्री दिनेश शास्त्री मुख्य अतिथि थे।
5	आज प्रातः आए क्या ?	आज प्रातः क्या आया ?
8	इस फिल्म की नायिका बहुत जल्दी ही फाइनल में तय हो जाती है।	इस फिल्म के अनुसार, इस फिल्म को अंतिम रूप से अंतिम रूप से लाने के लिए जाता है।
9	अतः हे देवता! इस रथ पर चढ़कर राक्षस रावण को मारना।	इसलिये हे देव! यह समय राक्षसों को मारिये।
5	कांगड़ा-केंगड़ा जिले में बिजली के ज्वालामुखी दीपमाला पहने गए हैं।	कांगड़ा-नगर के वीरशाला के वीरों ने बलकों ने दीप प्रकट किये।
6	राम मंदिर का स्पर्श तब तक सुलभ नहीं था।	राम मंदिर को लाकर जब तक कोई नहीं था।
14	राजधानी शिमला, शिमला जिले के सौ से अधिक मंदिरों और राजधानी मंदिरों में प्राणों कीप्रतिष्ठा का समारोह भक्तों के लिए एक सजीव प्रदर्शन द्वारा दिखाया गया।	राजधानी शिमला जिले के विभिन्न जिलों में से अधिक मंदिरों और मंदिरों में समारोह में शामिल लोगों और प्राणों के लिए रामलला के जीवन में आमंत्रित किया गया।
23	जिला चुनाव कार्यालयों में मतों की सूची जारी की गई है, चुनाव पंजीकरण अधिकारी सहायक-चुनाव पंजीकरण अधिकारी और उनके कार्यालयों में भी प्रत्येक मतदान केंद्र में मतदान केंद्र स्तर के अधिकारियों के पास निगरानी की जा सकती है।	प्रकाशीताओं के नेतृत्व में जिला चुनाव अधिकारी, चुनाव आयोग, चुनाव आयोग, अधिकारियों के अधिकारियों के लिए नियुक्त हैं-यह नेतृत्व के लिए आवश्यक हैं, विशेष रूप से मतदान के लिए भी शामिल हैं।
5	सभी को प्रमाण पत्र सौंपने के लिए कार्यक्रम आयोजित किया गया।	सभी पत्र पत्र पत्र पत्र के लिए कार्यक्रम का आयोजन किया गया।
7	इसके अलावा, पांच अन्य ग्रीनहाउस पूरी संस्कार के लिए प्रयास कर रहे हैं।	इसके अलावा, अन्य पंचायत के पांचों को पूरी तरह से पूरा करने के लिए तैयार हैं।
4	वह मलयालम भाषा में बोलती है	वह ग्वाला भाषा में बोलता है।
7	समारोह की अध्यक्षता तकनीकी शिक्षा मंत्री राजेश धर्माणी ने की।	समारोह का उद्घाटन शिक्षा मंत्री राजेश धर्माणी ने किया।
8	अखिलेश ने कहा कि आज बहुत ही अच्छा दिन है।	अशोकसिंह ने कहा कि आज बहुत शुभ दिन है।
17	इससे पहले, उन्होंने चंद्र बोस द्वारा रचित और एमएम कीरवानी द्वारा रचित अपने गीत नट्टू नट्टू के लिए गोल्डन ग्लोब पुरस्कार जीता था।, और इनाम जीत लिया गया.	उस चंद्र मंदिर में संग्राम के कोच्चि के रूप में जाने वाले को नंबर ने नाइबे पुरस्कार दिया, नब्बे पुरस्कार, नब्बे पुरस्कार, नब्बे पुरस्कार, और कब्बे पुरस्कार भी दिया गया था।
5	जैसे पूरा हुआ्रीहै, पूरा हुआ्रीहै।	जैसे प्लास्टिक का प्रक्षेपण हुआ।
10	दल के सूत्रों से कहा गया है कि इस सप्ताह आवेदन की तारीख निर्धारित होगी.	उन्होंने कहा कि इस महीने की तारीख को निर्धारित किया जाएगा।
9	केंद्रीय मंत्री द्वारा प्रभावित लोगों को कल्याण और सुरक्षा के लिए प्रार्थना की गई है।	केंद्रीय मंत्री विभिन्न लोगों ने विभिन्न लोगों और लोगों को शुभकामनाएं दीं।
10	वहाँ जाकर हनुमानजी ने जो कहा था सब कुछ क्रमपूर्वक श्रीराम के लिए कह दिया।	वहाँ जाकर रामचन्द्र ने हनुमान को कहा कि जो श्रीराम जी ने सभी कुछ कहा था, वह सब कुछ भी श्रीराम जी ने कहा।
10	मैंने कहा कि काशी विद्यापीठ हमारी स्वतन्त्रता संग्राम का प्रतीक है।	गौरतलबपुर-प्रभाज ने विद्या के क्षेत्र में हमारा प्रतिनिधित्व किया है।
5	यहाँ पन्द्रह दिन का ध्यान शिबिर है	यहाँ पंद्रह दिन की छुट्टी है।
5	वह सिर पर नारियल का तेल लगाता है ।	वह सिर पर नारियल का तेल लगाता है।
1	देखने के लिए।	देखने के लिए
20	जो समस्त आभूषणों से सुसज्जित, उज्ज्वल किरीट और कटक पहने हुए हैं तथा कौस्तुभमणि से विभूषित और सैकड़ों कामदेवों के समान सुन्दर श्यामवर्ण हैं। इस प्रकार सर्वसुलक्षण सम्पन्न श्रीलक्ष्मणजी जिनके ऊपर श्वेत छत्र लगाया हुआ है, ऐसे श्रीराम को राज्याभिषेक के अनन्तर मन्द मुसकान के सहित हाथी पर चढ़ कर आते हुए हम कब देखेंगे ? वह मंगल प्रभात कब होगा ? इस प्रकार सभी पुरवासियों का चित्त अति उत्कण्ठित हो रहा था ॥	सभी लोग राम के समान श्यामवर्ण वाले, कुण्डल, कुण्डल, कुण्डल, गदा, कान्ति, कान्ति, धनुष, धनुष, धनुष, धनुष, धनुष, धनुष, धनुष, धनुष, धनुष, धनुष, धनुष, धनुष, धनुष, धनुष, धनुष, धनुष, धनुष, धनुष, धनुष, धनुष, धनुष, धनुष, धनुष, धनुष, धनुष, धनुष, धनुष, धनुष, धनुष, धनुष, धनुष, धनुष, धनुष, धनुष, धनुष, धनुष, धनुष, धनुष, धनुष, धनुष, धनुष, धनुष, धनुष, धनुष, धनुष, धनुष, धनुष आदि सभी सभी सभी सभी सभी कई
4	मैं कल दिल्ली जाऊँगा।	मैं कल दिल्ली जाऊँगा।
5	कानजी – केवल हवा के बादल दिख रहे हैं।	कान्टी केवल विमान दिखते हैं।
17	अंत में सभी को धन्यवाद देकर डॉ. हेनाचंद्रा बोली कि राम हमारा राष्ट्र है, माँ सीता हमारी संस्कृति है।	अंत में सभी धन्यवाद प्रमुख डॉ. सत्येन्द्र चंद्र शुक्ल ने कहा कि हमारा देश हमारे देश है, हमारे माता पिता हैं।
1	चला गया	भाग गया
7	उस लड़के को देख कि वह क्या कर रहा है।	उस वर्ग में वह देखो क्या कर रहा है ?
7	वानरोंका नन्दन और राक्षसोंका अवसाद वह अस्त्र है	वानरों और राक्षसों के बीच आने वाले राक्षसों के द्वारा वह पृथ्वी पर गिर गया।
3	पुत्र प्राप्ति के लिए ही स्त्रियों का वरण किया जाता है।	पुत्र के समान ही
1	संदेह से आजादी	अकाल
4	आपके स्कूल का नाम क्या है?	आपका विद्यालय क्या है?
4	कृपया आप भी सुझाएँ।	कृपया आप भी सूचित करें।
5	मेरे भी मन में ख़ुशी हुई ।	मेरे मन में भी मन से खुश हो गया।
11	जो कोई भी भक्त मेरे लिए पत्र, पुष्प, फल, जल आदि भक्ति से अर्पण करता है, उस शुद्ध मन के भक्त का वह भक्तिपूर्वक अर्पण किया हुआ (पत्र पुष्पादि) मैं भोगता हूँ अर्थात् स्वीकार करता हूँ।।	जो पुरुष फल और फल को जानता है, वह फल को ही फल देता है, वह मुझे ही परमपद कहा गया है।।
4	फिर कभी मिलेंगे।	कभी कभी कभी नहीं मेज़ायेगी।
1	मोबाइल फोन	मोबाइल से संख्या का है।
7	यहाँ से वहाँ तक रास्ता ठीक नहीं है।	यहाँ से वहाँ रास्ता ठीक नहीं है।
7	पैत्तिक-ग्रहणी - कटु, अजीर्ण, विदाही, अम्ल तथा क्षार आदि के सेवन बढा हुआ पित्त अभि को आञ्जावित करके उसी प्रकार नष्ट कर देता है, जैसे गरम पानी अनि को शान्त कर देता है। पित्त प्रकोपक वस्तुओं से पित्त मे उणमा और द्रबाश दोनो बढते है । द्रवाश के कारण जनि पुझ जाती है ।	जो यज्ञ किये हुए पिता के द्वारा रचित हुए पिता के द्वारा रचित हैं, वह दिव्य फल के समान फल वाले हैं।
8	जब तक इनका उपयोग नहीं किया जाता, तब तक इनका साज-सज्जा में नुकसान होता है।	जो मनुष्यार्थ के लिए उचित नहीं होता वह सूटी के समान होता है।
11	चिकित्सकों बीपी और चीनीरोगियों ने सलाह दी कि इस मामले में सावधानी बरतें।	चिकित्सक ने बीपी, चट्टान और इण्डान के विषय में इस विषय पर विचार किया।
10	केंद्रीय प्रशासन ने कहा कि सातनीस ऊपर पांच सौ स्थानों को अब तक दिव्य अंगों के लिए सुकर बनाया गया है।	केंद्रीय सरकार ने कहा कि सातवीं कक्षा तक की सजावट के लिए अब तक विभिन्न लोगों को अपनी यात्रा के लिए बाध्य किया जा रहा है।
9	मुख्यमंत्री महाशय ने हमारे विद्यालय के शिक्षकों को बहुमूल्य वस्त्र दिये ।	उन्होंने मुख्य मंत्री विशीलता की शिक्षा और कुछ वस्त्रों को खरीद दिया।
9	इसलिए वह दल से निकलने के लिए सार्वजनिक घोषणा के लिए जनवरी को दिनांक का दिन चुनता है।	इसीलिए वह ब्लॉस के लिए जनवरी से मुक्त होने के लिए जनवरी को महान मंदिर का निर्माण करता है।
6	बड़े-बड़े बर्फ कीस्तर से शिखर ढँके हुए हैं।	लहर में पर्वत के शिखर उलते हैं।
4	वह सब्जी मैंने खाई।	वह मिटाई से खाता है।
10	विभीषण ने महात्मा गन्धर्वराज शैलुष की बेटी को धर्म ज्ञाता सरमा से विवाह किया।	और भी भी - महाबल, कर्म, धर्म, धर्म, धर्म, धर्म, धर्म, धर्म, धर्म, धर्म, धर्म, धर्म, धर्म, धर्म, धर्म, धर्म, धर्म, काम, धर्म, धर्म, काम, धर्म, धर्म, धर्म, काम, धर्म, धर्म, काम, धर्म, काम, धर्म, काम, धर्म, धर्म, काम, धर्म, धर्म और काम आदि इन सब का सब का सब कुछ भी।
13	मध्यप्रदेश के लिए चयनित मुख्यमंत्री डॉ. मोहन यादव आज मुख्यमंत्री पद को शपथ ले जाएंगे.	राजस्थान के मुख्यमंत्री डॉ. राजीव यादव आज मुख्यमंत्री के लिए आज से बात करेंगे।
7	जाने वालों को सुखपूर्वक यात्रा करें, उन्हें घर पहुँचाने में सुरक्षित रखा करें।	संभव सुख के कारण सुख, वे घर के घर के घर आए हैं।
16	तुम्हारे लिए स्वामीजी की सेवा करने के लिए मेरे पास कुछ भी कहना नहीं है फिर भी यह कहता हूँ कि राम तुम्हारी परम देवता है।	तुम्हारे लिए स्वामीगणों को भी नहीं जान सकता है फिर भी यह राम को नहीं बोलना चाहता।
8	यह युद्ध सैकड़ों वर्षाों का नहीं है, यह लाखों रामभक्तों का बलिदान है।	त्रासों में यह हिंदू नाम, महाभारत की सबसे बड़ी संख्या है।
5	चार पुरुष पत्र लिखते हैं।	चार पुरुष पत्र लिखते हैं।
7	(कान देकर) सखि, जैसे किसी अतिथि ने पुकारा है।	शकुन्तला ने कहा- हे मित्र! सुदैव से मिलो,
8	शोभा –हस्ताक्षर तो देवनागरी में ही करने चाहिये ।	छात्र – हस्ताक्षर तो देव मंदिर में ही करना चाहिये।
10	जो पुरुष यहाँ इस प्रकार प्रवर्तित हुए चक्र का अनुवर्तन नहीं करता हे पार्थ इंन्द्रियों में रमने वाला वह पाप आयु पुरुष व्यर्थ ही जीता है।।	इस प्रकार मनुष्य के द्वारा इस संसार में स्थित होकर, न तो, न तो, न धर्म और न ही, न धर्म के द्वारा ही प्राण का आश्रय लिया गया है, वह सब कुछ भी है।।
3	सूत्रकार सूत्र बनाता है।	सूत्र के विषय में व्यवहार करता है।
21	चित्ररूप - घटकों में राममन्दिर, मंगल - भवन- अमंगल हारी चौपाई, सूर्य की, सरायूनद्या भी मंदिर के समीप प्रतिमाओं के चित्र भी सम्मिलित हैं।	नीति-विख्यात राम मंदिर, महाभारत, कश्मीर, असम, असम, राजस्थान, राजस्थान, राजस्थान, राजस्थान, राजस्थान, राजस्थान, राजस्थान इत्यादि जैसे नामों के साथ भी देखी गई हैं।
1	सीधी रोशनी	दिन
3	साढ़े चार बजे हैं	साढ़ेर
10	अधिकारियों का आरोप है कि मणिपुर में संघर्ष हित-आधारित बातचीत और हमलों के कारण है।	उत्तर प्रदेश के सुरक्षा बल ने बताया कि सुरक्षा अभियान के कारण ही अधिकारी एकत्र किया गया है।
1	चौराहे पर।	चार सौ
10	राम – यह यात्रा बहुत लम्बी और कष्टदायी है। (विदूषक को देखकर परदे के पीछे) कौतूहल वश घिरे हुए इनकी माता को नाम से जानना चाहता हूँ	राम – (अरेख के लिए) अरे, यह कहकर, जामुन के समान, जामुन के समान, मेरे नाम को देखकर, दूसरे के घर के एक क्षण में जाकर मैं तुम्हें देखना चाहता हूँ।
4	हम संस्कृत में समर्थ हो जाएँगे।	हम संस्कृत भाषा के द्वारा परिचित हो जाएँगे।
9	यह गृह मंत्री ए नमस शिवाय, शिक्षा मंत्रालय के एक अधिकारी थे, जिन्होंने विधानसभा में इस मुद्दे को उठाया था।	शिक्षा मंत्रालय ने मंत्रालय के घर में पेश किया और विधानसभा चुनाव के बारे में निर्णय लिया।
10	उसी प्रकार सच बोलने वाला मनुष्य झूठ को मन से भी नहीं चिन्तन करता है।	और सच बोलना चाहिए, जो सुख से बढ़कर सुख नहीं बोलता है।
5	उसकी वाणी में पवित्रता है।	उसका आप पवित्र है।
6	अभिनेत्री सिमरत कौर चलचित्र की नायिका हैं।	अभिनेत्री की फिल्म में चलचित्र है।
6	यज्ञ के बाद देवराज भानु को पुस्तकें देता है।	यज्ञ के बाद देवराज देवराज देवराज को पुस्तकें देता है।
7	आप लोग विदेशियों की तरह वेष धारण किये हुए हैं।	आप आदेश के लिये अतुल हैं।
6	हम पावों से चलते हैं। मुंह से बोलते हैं।	हम दोनों नौका से चलती हैं और प्याज करते हैं।
6	मैं साढ़े आठ बजे घर से निकला।	मैं आठ बजे घर से घर लौट गया।
7	सतीश – रास्ते में कुत्ते दौड़ रहे थे।	मोर – रास्ते में दोनों दौड़ते थे।
5	मैं फिर से शहर की ओर गया।	मैं फिर से नगर में था।
1	बहुत अधिक	बहुत
5	प्रतिदिन लोग धन अवश्य ही गिनते हैं।	प्रतिदिन लोग धन अवश्य गिनते हैं।
5	तीसरी कान, जिससे शब्द सुना जाता है ।	तीसरा, जो शब्द है, वह शब्द है।
4	वह रास्ते में स्वच्छता करती है।	वह रास्ते में स्वच्छता कर रही है।
3	सुप्रथा भरतनाट्यम करेगी ।	सुप्रथा भरत भरत भरत भरत का अनुगमन करेगा।
21	2020 से पहले ग्रामीण क्षेत्रों में कहीं भी हल्दी संस्कार का चलन नहीं दिख रहा था, लेकिन पिछले दो-तीन वर्षों से ग्रामीण क्षेत्रों में इसकी संख्या बहुत तेजी से बढ़ी है।	पिछले साल पहले गाँवों में भी इस तीर्थों का भी रूप दिख रहा था, लेकिन इस समय तापमान के तापमान में तापमान की तीव्रता से कम हो गई है, लेकिन इस वर्ष कई क्षेत्रों में गाँवों में भी बहुत कम हो गया है।
4	वह नई पुस्तक लिखता है क्या?	वह हररोज पुस्तक पढ़ता है।
4	चिकित्सक रोगी को औषधि देता है।	चिकित्सक रोगी को औषधि देता है।
4	होली में हम खूब रंग खेलते हैं।	होली हम दोनों खेलते हैं।
6	उसके बारे में मैं कुछ नहीं बोलूँगा।	उस समय मैं कुछ भी नहीं बोलता हूँ।
7	ग्रीक भाषा में''थैले''इस प्रकार धातुधारण करने वालेार्थक, संस्कृत भाषा में भी.	संस्कृत भाषा का''इस प्रकार 'अथुन' नाम से संस्कृत का भी उपयोग किया गया है, संस्कृत का भी उपयोग किया गया है।
5	इसलिए सदाचार की रक्षा प्राणों से भी बढ़कर करनी चाहिए।	इसलिए जाति के बिना सदा प्राण का उपयोग करना चाहिए।
6	वाटिका में वन में वृक्षों के समूह के समान, चंद्रिका की शीतल श्मशान में शेरे।	वन में एक वृक्ष के वृक्ष के ऊपर एक वृक्ष है, हरिण के मस्तक पर गिरने से आकाश में गिर जाता है।
4	सभी भक्तों ने साग्धि ग्रहण की।	भक्तों ने सभी को हंड्रीश दिया।
1	अष्तकवर्ग	विघ्न वर्ग में।
10	विद्यालय के प्रिंसिपल डाॅधर्मेंद्र मिश्रा दीप प्रज्ज्वलन के कारण खेल प्रतियोगिताएं शुरू हो गईं।	विद्यालय के डॉ. धर्मेन्द्र शर्मा ने धर्म जलाकर दीप प्रज्ज्वलित किया।
14	जैसे एक चक्र से रथ नहीं चल सकता है, उसी प्रकार उद्योग के बिना केवल भाग्य से ही सफलता नहीं मिलती है|	जैसे किसी के द्वारा ऊपर कोई भी पक्षी नहीं है, वैसे ही नष्ट नहीं होता।
4	गौ को खेत से निकाल दो।	गोपाल खेत से निकलते हैं।
4	वे वंदनीय सैनिक थे ।	वे वाक्य के सैनिक थे।
7	हे महेश! देखो! आठवीं कक्षा के छात्र क्या करते हैं?	हे राघव! अष्टमी तिथि की कक्षा में आठ छात्र क्या करते हैं?
8	केरल विधानसभा ने राज्यपाल को केरल विश्वविद्यालयों के चांसलर पद से हटाने की मांग वाला विधेयक पारित कर दिया है।	केरल के विभिन्न संस्थानों के कुलपतिीय बें.एस.एस.के. ने केरल सरकार के निर्णय के लिए निर्णय लिया।
10	हिमाचल प्रदेश कैबिनेट की गोष्ठी शुक्रवार को मुख्यमंत्री सुखविंदर सिंह सुक्खू की अध्यक्षता में शिमला राज्य सचिव पद पर आयोजित की गई।	हिमाचल प्रदेश के मुख्यमंत्री सुखविंदर सिंह सुक्खू शुक्रवार को मुख्यमंत्री सुखविंदर सिंह सुक्खू की अध्यक्षता में राज्य के मुख्यमंत्री राजेश धर्माणी बने।
14	जो स्थान ज्ञानियों द्वारा प्राप्त किया जाता है, उसी स्थान पर कर्मयोगी भी पहुँचते हैं। इसलिए जो पुरुष सांख्य और योग को (फलरूप से) एक ही देखता है, वही (वास्तव में) देखता है।।	जो लोग कहते हैं, जो स्थान पर स्थित है, जो एक भी योग है, वह योगीओं को देखता है।
20	सभी प्रशिक्षुओं ने पूरी तरह से उत्साह और रुचि से भाग लिया, एड्स के रोग के कारणों और निवारण के साथ जुड़े हुए महिलाओं के साथ-साथ सामुदायिक जागरूकता को बढ़ाने का प्रयास कर रहे थे।	सभी प्रशिक्षकों और विद्यार्थियों को उत्साह के लिए भाग लेने के लिए, और विभिन्न लोगों को विभिन्न लोगों को भी विभिन्न प्रकार की सुविधाएं दी गई थी।
5	किशोर की पत्नी अस्पताल में नर्स है।	किशोर का बेटा अस्पताल में अस्पताल में है।
34	'' रास रत्न राशि'' ग्रन्थ के अनुसार डोला यंत्र, पाटन यंत्र, स्वेदनी यंत्र, अन्धःपातन यंत्र, कछुआ यंत्र, जरन यंत्र, विद्याधर यंत्र, सोमनल यंत्र, सीता यंत्र, नमक यंत्र, हंसप यंत्र, माउस यंत्र, कोष्ठी यंत्र और वलाभि यंत्र में सम्मानित किया गया।	''यह मार्ग पूजा के अनुसार पूजा के अनुसार, गंगाजल के फल की खोज, फल, फल, फल, फल, फल, फल, फल, फल, फल, फल, फल, कर्कस्सर्यूटी, द्यूटी, दाम, दाम, दाम, दाम, दाम, दाम, दाम, दाम, दाम, दाम, दाम, दाम, दाम, दाम, दाम, कर्क, कस्सर, कस्सर, कस्सर, यम, यम, यम, यम, और कस्शु,
7	और भी-न्यायिक कार्यों केसम्पादन के लिए धर्मग्रंथों द्वारा पुराणों का पुजारी प्रदान किया जाता है।	इसके बाद-विदेशों के लिए पुराणों का निर्माण किया गया है।
8	पुत्री – पिताजी ! द्वार बहुत दूर नहीं है।	बेटी – पिताजी ! द्वार से बहुत दूर नहीं है।
5	कुल्लू, लाहौल, शांति जिलों के पर्वतों पर बर्फबारी हो गई।	कुल्लू-स्पीति-स्पीति-स्पीति के चक्र क्षेत्रों में बर्फबारी हुई।
8	दृष्टिपात से उसकी व्यथा नष्ट हो जाती है, मैं चित्राम की शरण में क्या प्राप्त करती हूँ?	स्वप्न में उस हाथी को मार नहीं सकता, उसी प्रकार चित्रों को मुँह में बिठा दिया जाता है।
5	मित्र ने हाथ में सफेद सोटी पकड़ी है।	मित्र ने हाथ से बाहर निकलकर रोटी की।
7	आत्मा षड्भाव विकारों से रहित, अनन्त सच्चित्स्वरूप, आनन्द स्वरूप, बुद्धि आदि का साक्षी तथा अविनाशी है ॥	जो पुरुष अपने स्वरूप से किये गये हुए कर्मों को दूर करने वाले, सैकड़ों प्रकार के द्वारा किये गये हैं, वह योगी, तथा परमात्मा के द्वारा मुक्त होकर, परमात्मा के समान ही परमपद का आश्रय लेता है ॥
8	यह परमशक्ति ही यह सम्पूर्ण जगत् को निरन्तर चलाती है।	यह परम जीवन है यह दुनिया के प्रत्येक विश्व में विशेष है।
7	चिकित्सक चिकित्सा करता है रोगी स्वस्थ होता है।	चिकित्सक रोगी को प्रेम से अच्छा लगता है।
7	बाबर ने पुनः अयोध्या की ओर दृष्टि ली ।	बाबर ने पुनः अयोध्या आकर अयोध्या में आक्रमण किया।
40	यहाँ प्रो. रामसलाही द्विवेदी, प्रो. हरेरामत्रिपाठी प्रो. दिनेश कुमारगर्ग, डॉ. विजयपयासी, डॉ. विनोद कुमार मिश्र: डॉ. सुशीलत्रिपाठी, डॉ. किरणत्रिपाठी, डॉ. संध्या पाण्डे, डॉ. शशिकान्तत्रिपाठी, भविष्यमाथुरी, डॉ. सांत कुमारचतुर्वेदी, रविप्रकाश शुक्ल, गरिमा मिश्रा, विमला देवी एवं अन्य विश्वविद्यालय के अतिथि, शिक्षक, छात्र एवं शोधकर्ता उपस्थित थे।	इस अवसर पर प्रो. रामकान्त त्रिपाठी, डॉ. जगदीश कुमार, डॉ. जगदीश कुमार, डॉ. जगदीश कुमार, डॉ. जगदीश कुमार, डॉ. जगदीश कुमार, डॉ. जगदीश कुमार, डॉ. जगदीश कुमार, डॉ. जगदीश कुमार, डॉ. जगदीश कुमार, डॉ. जगदीश कुमार, डॉ. जगदीश कुमार, डॉ. जगदीश कुमार, डॉ. जगदीश कुमार, डॉ. जगदीश कुमार, डॉ. जगदीश कुमार, छात्र, छात्र, छात्र, छात्र, छात्र, छात्र, छात्र, छात्र, छात्र, छात्र, छात्र, छात्र, छात्र, छात्र, छात्र, डॉ. जगदीश कुमार, छात्र, छात्र, छात्र, छात्र
4	हम गरम भोजन खाते हैं।	हम सब लड्डू खाते हैं।
4	केरल के पहाड़ी जिलों में भारी बारिश की आशंका है.	केरल के चक्रवात के पास बर्फबारी के कारण बर्फबारी के कारण बहुत से क्षेत्रों में गिरता है।
15	श्रृंखला का पाँचवाँ और अंतिम टेस्ट-खेलशाला में 2024 मार्च से शुरू होगा-माह की 7 तारीख से शुरू होगी.	गार्टर का पांच दिवसीय खिलाड़ी 2 मार्च को खेलेगा-खेल में धर्मशाला में कुल-यह पांच मार्च से होगा।
18	ये स्थानीय युवक शस्त्र लेकर सेना में आ जाते हैं, आक्रमण करते हैं, भागकर सामान्य जीवन जीने शुरू करते हैं, उनका परिचय गठिया के द्वारा होता है।	ये युवक सुरक्षित वातावरण से आते हैं, आने के कारण, जैसे आने के लिए जीवन में जीवन में जाते हैं, जैसे प्रत्येक जीवन में प्रत्येक जीवन में जाते हैं।
4	दीपक आर्य संस्कृत जानता है।	दीपक की आज्ञा संस्कृत जानती है।
4	डेढ़ सौ युवक हैं	डेढ़ युवतियाँ हैं।
2	ऐसा उसने बोला, इस क्रोधित केंकड़े ने अपने मुख से उसे गले से पकड़ा और मार दिया ।	इस प्रकार यह कहा गया है कि यह बात है, यह बोलने वाला है।
12	आंचलबिष्ट ने चैलुसैन की सरस्वती शिशुमन्दिर से प्राथमिक शिक्षा और 9 कक्षा से 12 कक्षा तक माध्यमिक शिक्षा पाई।	उनके द्वारा बाबर की गली में माल्या की पूजा के साथ शाम को माल्मी के कक्षा में कक्षा से 12 कक्षा तक पढ़ाया गया।
12	उन्होंने कहा कि आदरणीयागरों की रक्षा के लिए शक्ति है लेकिन माफियाओं को रक्षा करने के लिए नहीं।	उन्होंने कहा कि असम स्थलों के लिए बलित क्षेत्रों का कोई भी प्रयोग नहीं करना चाहिए।
3	उन सब को भी उठा दे ।	हम सब भी मना कर लीजिये।
14	नेता जात के विजयकांत के निधन पर सूचनाप्रसारण मंत्री अनुराग सिंह ठाकुर ने भी दुख व्यक्त किया।	अभिषेक में कांग्रेस के अधिकारी विजय सिंह ने विजयसिंह के साथ मुख्यमंत्री सुखविंदर सिंह सुक्खू के साथ भी बात की।
6	पूरे संसार में लोग पर्यावरण दिवस उत्सव का आयोजन कर रहे हैं।	विश्व में अनेक लोग पर्यावरण दिवस-दिवस-समय पर हैं।
5	परमात्मा जागत् का स्रष्टा है।	परमेश्वर के द्वारा सादर का जाना जाना है।
7	अप्रैल में राज्यसभा में सदस्य चुना गया।	200 में,200 के वर्ष में राज्यसभा के सदस्यों ने मतदान किया।
5	प्रतिदिन यहाँ यज्ञ भी होता है।	प्रतिदिन यज्ञ भी होता है।
2	दोनों को ही चुनती हूँ	मैं दोनों को बैठता हूँ।
5	हर शनिवार उसे पढ़ाने जाता हूँ	सर्वेक्षण के लिए उस समय पढ़ाने जा रहा हूँ।
5	गोपाल गाय को इन्जेक्शन मारता है	गोपाल गाय की छाल को हामना कर रही है।
18	चारों मार्गों में वाहनों की गति गति की सीमा निर्धारित की गई है, यदि नियमों का उल्लंघन होता है तो संबंधित वाहन की आईटीएमएस से स्वचालित ड्राइव कट जाएगा।	चार प्रतिशत की तीव्रता से जब तक यह स्थिति शुरू हो जाती है तो यदि यह गंभीरता से रोमांच है तो हाटी का उचित संचालन किया जाएगा।
12	तमिलनाडु में पिछले हफ्ते भारी बारिश के कारण भारी बाढ़ के बाद केंद्रीय वित्त मंत्री निर्मला सीतारमण ने सोमवार को तुतिकोरिन्डर का दौरा किया।	तमिलनाडु के कल शाम को सतलारारारारार में केंद्रीय मंत्री ने जलका शहर के बाद मुख्यमंत्री के रूप में इंदौर पर स्थित होने का कारण बताया।
7	माता – तो फिर घर में अध्ययन करो।	माता – तो घर में ही पढ़िये।
12	राम भरत को बहुत देर से देखकर और बहुत खुश होते हुए उठाकर उन्हें गले से लगा दिया।	राम ने राम से पूछा- "अदेज!" यह कहकर बहुत देर से घटी देर से वापस लौटा गया।
8	यह अनुमानित पद्धति है जिसमें हम पाँच कोश से क्यों अलग रहते हैं।	यह कहा गया है कि यह पांचों के लिए है। यह लक्ष्य है कि यह नित्य (आस) है।
4	किस राग की वेला है।	किसकी दृष्टि से बहुत समय है।
10	पर्यटकों के लिए गाय का भोजन, बोन फायर, लाइव संगीत भी व्यवस्था किया गया है।	पर्यटकों के लिए गालाश, गिलोन, और अन्य महिलाओं को कड़ी मेहनत करने का निर्देश दिया गया है।
8	हाँ देखिये , मैं आदर्श पाठशाला का छात्र हूँ।	हाँ , मैंने कभी भी अध्ययन किया।
1	काम करने वाला	कर्म
8	पराशर के द्वारा हजारों विष्णु के, इस प्रकार पिल्लन के द्वारा दिव्यबन्ध की टीकाकरण किया गया।	परसों विष्णुदेव, अमृतनाथ, पी.एस.एस.सी.सी. के. के. का निधन हो गया।
12	पृष्ठ भाग में बैठे हुए वीआईपी-प्रथित अपने मोबाईल फोन से एक सुंदर दृश्य पकड़ कर दिख रहे थे।	पीछे से पुनः श्रमिक दूर से-पीपीए-उन्होंने अपना मन निकालकर मन से मन प्रसन्न हो रहा था।
8	मेरा दृढनिश्चय है मैं शत्रुओं को मार के आऊँगा।	मेरे द्वारा बड़े विवरण मैं शत्रुओं को मार रहा हूँ।
9	कांग्रेस पार्टी की "ट्रैक रिकॉर्ड" प्राक्तन कार्य में लीनताओं और भ्रष्टाचार से भी बचा रहता है।	कांग्रेस पार्टी के"मेरी"इस फिल्म को स्मरण के लिए अन्य नियमों का उपयोग किया गया है।
8	देश में दो भारतीय समुद्र तटों को भी ब्लू फ्लैग प्रमाणन मिला है।	राष्ट्र के दोनों भारतीय टोकरी और बक्कर के साथ भी जमा हुआंबर पर हस्ताक्षर किया गया।
1	निचले होंठ	दिन
5	चक्र धारण करता है इसलिए उसको चक्रधर कहते हैं ।	पृथ्वी पर सूर्य की वायु की वायुभूमि पर है।
1	ऐसे	ऐसा
5	कार्यशाला में 35 शिक्षकों का प्रशिक्षण हुआ।	कार्यशाला में 35 शिक्षकों की प्रशिक्षण हुई।
7	बाद में, मुम्बयी विश्वविद्यालय के सार्वजनिक विधि महाविद्यालय से स्नातक के पदवी को प्राप्त किया।	बाद में, मुंबई के सभी विश्वविद्यालयों के सभी सदस्यों ने प्रशिक्षण लिया।
7	पति – तुम चलो , मैं आता हूँ।	पति – तुम जाओ मैं आता हूँ।
6	उसने उसे अपने पास ही रख दिया।	उसने अपना पास ही स्थापित किया।
11	उच्च विस्तार शक्ति के साथएससंगठन द्वारा  ⁇ 3 ⁇ 2 वायरस को मृत्यु का सबसे आम कारण निर्धारित किया गया है।	उच्च न्यायालय ने उच्च न्यायालय के स्थानांतरण के कारण 2,000 लोगों को गिरफ्तार किया है।
9	जहाँ मुख्यलिखित परीक्षा में सभी पत्रों में 216भ्यर्थी उपस्थित थे।	जहां मुख्य पात्रों के लिए परीक्षा के लिए सभी पात्रों में 29999 पात्र उपस्थित थे।
12	पटनानगर में पत्रकारों के साथ बात करते हुए उन्होंने कहा कि वह अयोध्या नहीं जा रहा है।	उन्होंने कहा कि पटना नगर के साथ सहयोग के साथ अयोध्या नहीं जा रहा है।
7	सुचरित्र से मनुष्य महान् बन सकता है।	सुदैव से कोई भी व्यक्तिार्थ नहीं है।
12	दसवें सिख गुरु श्री गुरुगोविन्द सिंह थे वे सातवीं सदी सत्तर और तीन सौवाँ जयन्ती और अराष्ट्रवासियो को भक्ति और उत्साह के साथ पालित किया।	दस सौ वर्ष श्री मोदी ने विश्वनाथ के आठवें शिखर पर दो सौ ध्वजका-पैंगवन्न शिखर पर भी स्वीकार किया।
4	उठा लो सारा कूड़ा तुम्हारा।	विभु – तुम्हारा सब कुछ सोई।
7	आती हूँ, चलें किसकी दुकान चलें ?	मैं कब सेल्फी जाऊँ ?
12	इसीलिए भारत के सभी सज्जनों ने दीनदुःखियों की सेवा ही परम-पुण्यप्रदा कहा।	इसलिए भारत के सभी ओर ही शुभता है, यह भी उत्तम है कि उस सुख के लिए है।
1	धोखेबाज़	प्यास
1	कोई।	कुछ भी
13	परन्तु वे संस्कृत से घृणा करते हैं। इसका मतलब यह है कि संस्कृत भाषा उनके खून में बहती है।	क्या करें, वे संस्कृत भाषा से ही बना सकते हैं जो संस्कृत में लटका रही हैं, जो संस्कृत में बातचीत कर रही है।
6	आषाढ़ महीने में वर्षा होगी ऐसी हम आशा करते हैं।	शुरू होने के बाद से वर्षा हो सकती है।
5	आज घर-घर में इसका उपयोग होता है।	अभी घर में गृह के लिए काम होता है।
15	अब आपातकाल के बाद कीरतपुर-माली-राजमार्ग में प्रथम चंदवा निर्माण करने जा रहा है, अन्य राष्ट्रीय राजमार्गों में पूर्व निर्धारित-डीपीआर-के अनुसार काम होगा।	अब बाजार में कितना-क्यापुर-यह किरतपुर के बीच के निर्माण के लिए जाता है, अन्य जिलों में भी तीव्रता से पूर्व-अंगन-अंगांगों के अनुसार, एनजीजों के अनुसार, एनजी-नगर के खिलाफ काम शुरू हो जाएगा।
4	स्वरा पिछले सप्ताह इटारसी गई थी।	अपने कार्यालय में पिछले महीने तक साउंडई हुई।
1	बांट ।	पैर
4	भारतीय परिवार व्यवस्था अच्छी है	भारतीय परिवार-अभिमान व्यवस्था है।
10	और अभी खबर आ रही है कि जाह्नवी की फ़िल्म में अभिनय किया है।	और अब बात आती है कि जाह्नवी ने चलचित्र में अभिनय किया है।
8	दूरदर्शन अभिनेत्री-श्वेता तिवारी शीघ्र ही"पुलीस फोर्स"इसे वेब की श्रृंखला में देखा जा रहा है।	दूरदर्शन में, एनिमल-अनिगन के साथ''नॉर्गर''इस फिल्म में जालका चित्रिलणि दिखाई पड़ती हैं।
7	सभा में राज्यों के विधानसभा चुनावों के बारे में भी चर्चा हुई।	सभा में राज्य के विधानसभा क्षेत्रों में भी चर्चा हुई।
13	विशाल पर्वतों के गिरते हुए भाग पर अथवा अत्यधिक तेज वायु वाले स्थानों पर उत्पन्न, जुआ खेलने के पट्ट पर फेंके गये ये कम्पनशील अक्ष ( पासे) मुझे उन्मत्त कर देते हैं। यह पासे मुझे दिन-रात जगाने वाले होकर उसी प्रकार उन्मत्त कर देते हैं - - जिस प्रकार मुस्जवान् पर्वत पर उत्पन्न सोनरस का पान मादकता प्रदान करता है।	संसारमें ऐसा कोई दूर नहीं होता, सूर्यको आगसे उत्पन्न करता है, कभी भी नित्य ही नित्य दिनोंसे उत्पन्न होता है, किन्तु संसारमें उत्पन्न होता है, फिर भी सत्पुरुषोंको प्रकार करता है ॥
14	यह पहेली भ्रम उत्पन्न करने वाली है। जो इस पहेली को पहली बार पढ़ता है, वह इसका यह अर्थ ही समझता है कि वैसा कोई वाद्य है कि जो अनेक सुंदर सिरों से विशिष्ट सुंदर ऋषियों के सदृश विशिष्ट है, और विष्णु के द्वारा सदैव पूज्य है । इस प्रकार प्रहेलिका का अर्थ करने के लिए पाठक इसके उत्तर का निर्णय करने में कभी समर्थ नहीं हो सकते हैं। यह अर्थ तो भ्रमात्मक है। इसलिए यह अर्थ यहाँ विचारणीय नहीं है। यहाँ प्रकृत प्रश्न का स्वरूप है कि वैसी कोई वस्तु है जिसके बहुत से सिर हैं। जिसका आदि अक्षर वकार है और अंतिम	जो लोग अनेक प्रकार के हैं, जो जो जो जो जो कुछ भी हैं, जो जो जो जो जो जो जो जो जो जो जो जो द्विजवर हैं, आर्यवर और अक्षर को जानता है, वह तो वह परमपुरुष के द्वारा जानता है।
3	चूहे दौड़ते है |	चुहते हैं।
8	प्रबंधक उसकी कार्यनिष्ठा को सुनकर ( देखकर) खुश हुआ।	प्रबंधक उसकी कार्य सुनकर खुश हो गई।
5	पाँच मित्र एक साथ यात्रा करते हैं।	पाँच मित्र एक सौ देर से यात्रा करते हैं।
3	मोहन कब खेलता है?	मोहन कहाँ से खेलता है?
8	वह कहती है - तुम सबके दोनों चरण संगीत के अनुसार रखो।	वह मैं भी तुम्हारे दोनों से भव्य कार्यक्रम के अनुसार भव्य संगीत स्थापित किया।
5	रास्ते में उसने भोजन नहीं खरीदा।	रास्ते में उसने भोजन नहीं खरीदा।
2	हाँ	हाँ
6	घटना के बाद शिक्षक घर से भाग गया है।	घटना के बाद शिक्षक घर से बाहर है।
11	खबर के अनुसार''संजयलीला भंसाली''इसके''इंशा अल्लाह''इस फिल्म के बारे में आज खबर है.	खबर के अनुसार''है''इस फिल्म में''भहट्टी''इस फिल्म का''इस फिल्म का शूटिंग आज भी किया गया है।
1	इस जोड़ी में	मैं हंस गया हूँ
2	बगुला बकबक ऐसी आवाज करता है।	भूख से तर रहा है।
22	यूक्रेन युद्ध पर विरोधी पक्ष लेने वाले राष्ट्रों के बीच एक आम सहमति बनी, अफ़्रीकी संघ की सदस्यता प्रदान की गई, चीन-पाकिस्तान के गठबंधन का मुकाबला करने में निभाई गई भूमिका को भारत के नेतृत्व वाले शिखर सम्मेलन की जीत के रूप में देखा जा रहा है।	भारत के भारतीय जनता पार्टी के बीच हुए युद्ध के लिए रूस के बीच भारतीय जनता पार्टी के बीच है, रूस के बीच एक व्यापक रूप से यूक्रेन के बीच एक व्यापक रूप से यूक्रेन का सामना किया जाएगा-यह रूस के बीच है।
14	छंदशास्त्र वेदों की छह शाखाओं में से एक हैं। छंदःसूत्राणी, छन्दोरत्नाकर, छन्दःसूत्रभाष्यराज, वृत्तिरत्नाकर आदि छंदशास्त्र पर प्रसिद्ध रचनाएँ हैं।	वेदों के छत्रों में, पुराणों में भी, छत्रों के छब्बीस सूत्रों से, नीति, शब्दशास्त्र, शब्दशास्त्र, ज्योतिषशास्त्र, ज्योतिषशास्त्र, ज्योतिषशास्त्र, ज्योतिषशास्त्र, ज्योतिषशास्त्र, ज्योतिषशास्त्र, ज्योतिषशास्त्र, ज्योतिषशास्त्र, ज्योतिषशास्त्र, ज्योतिषशास्त्र, ज्योतिष, ज्योतिष, ज्योतिष, ज्योतिषङ्ग, ज्योतिष, ज्योतिष, ज्योतिष, ज्योतिष, ज्योतिष, ज्योतिष, ज्योतिष, ज्योतिष, ज्योतिष, ज्योतिष, ज्योतिष, ज्योतिष, ज्योतिष, ज्योतिष, ज्योतिष, ज्योतिष, ज्योतिष, ज्योतिष, ज्योतिष, ज्योतिष, ज्योतिष, ज्योतिष, ज्योतिष, ज्योतिष, पुराण, आदि इत्यादि प्रसिद्ध।
6	पुत्रों के धन से सेवक भी लाभान्वित होते हैं ।	पुत्र के धन के अभाव में लाखों भी लाभान्वित होते हैं।
2	तेरह वर्ष के ।	तेईस तारीख को
9	यह याद रखना चाहिए कि रूस के पास पलटवार करने के लिए कई हथियार हैं।	रिपोर्ट के लिए इस्तेमाल किया गया है कि वह बहुत से ज्यादा क्षेत्रों में बहुत से अधिक से काम करना चाहिए।
16	हे मनुष्यों ! परस्पर साथ-साथ चलने वाले द्युलोक और पृथिवी लोक जिन्हें सहायता के लिए बुलाते हैं महान् तथा परम शत्रु भी जिन्हें मदद के लिए युद्ध में बुलाते हैं एक ही रथ आरूढ़ योद्धा जिनकी सहायता चाहते हैं वे इन्द्र हैं	जिस प्रकार वह समस्त पात्रों के द्वारा प्रकाशित होता है, उसी प्रकार अनेक प्रकार से अग्नि को प्राप्त करता है, उसी प्रकार अनेक प्रकार से सूर्य, सूर्य, सूर्य, सूर्य, सूर्य, सूर्य, सूर्य, सूर्य, सूर्य, सूर्य, सूर्य, सूर्य, सूर्य, सूर्य, सूर्य, सूर्य, सूर्य, सूर्य, सूर्य, सूर्य, सूर्य, सूर्य, सूर्य, सूर्य, सूर्य, सूर्य, आकाश, आकाश, आकाश, आकाश, आकाश, आकाश, आकाश, आकाश, आकाश, आकाश, आकाश, आकाश, आकाश, आकाश, आकाश, आकाश, आकाश, आकाश, भूमि, आकाश, आकाश, आकाश, आकाश, आकाश
5	हम दोनों बालक का नाम जानते हैं।	हम दोनों बालक का नाम जानते हैं।
12	पक्षिराज जटायु श्रीरघुनाथजी का यह कथन सहर्ष सुनकर उन्हीं के समान रूप धारण कर ब्रह्माजी से अत्यन्त पूजित हो परमधाम को चला गया ॥	इस प्रकार श्रीरामचन्द्रजी ने उन्हें देखकर पूछा हे राम ! आप मुझे वरदान देकर आप लोग राम और लक्ष्मणजी के साथ चलेंगे। तत्पश्चात् आप दोनों का हृदय धारण कर रहे हैं ॥
8	प्रायः सभी आधुनिक डिवाइडर-इलेक्ट्रिक-यन्त्र डीसी-वोल्टाेज-इत्यन से काम करते हैं।	लगभग सभी नागरिकों को  ⁇ -19 का उद्घाटन करने के लिए ई-टैक्सी-टैक्सी-बिक्री में काम कर रहे हैं.
13	नाविक बोला हे नाथ! यह बात प्रसिद्ध है कि आपके चरणों में मनुष्य बनाने वाला कोई चूर्ण है। आपने पत्थर की शिला से स्त्री बना दी है, और शिला और लकड़ी में अन्तर ही क्या है ? इसलिए मै आपके चरणकमलों को धोऊँगा ॥	हे प्रभो! हे कमलनयन! हे कमलनयन! हे कमलनयन! हे कमलनयन! हे कमलनयन! आप [धैपादि) [ध] 'हे कमलनयन! आप [धिवाल] 'हे कमलके आश्रयवानेके लिये) [उन्दिके हुई हैं, हे कमलनयन ! आप कब भी हैं, ऐसा कहकरतक ही है?
31	कार्यक्रम के समयखंड में महामहिमराज्यपाल सभी प्रदर्शनियों का दौरा कर रहे थे, तब पौडी जिले के रा. बी. ए.के. कोतवाल के छात्र राज्यपाल के सम्मुख महिलामतदाता जागरुकता और प्रयास"इस प्रकार पथनाटक किया गया, जिसे विज्ञान शिक्षक श्रीमती शकुन्तला बुडाकोटी ने निर्देश दिया।	कार्यक्रम के समय महामहिम विमान के सभी राज्यों के राज्यों में, सभी राज्यों के साथामबाबड़ा, बङ्गायिलिज, बङ्गोली, बेंडिज्यूब सिंह, उन्होंनेपालक छात्र, जितेन्द्र सिंह, जितेन्द्र सिंह, जितेन्द्र सिंह, जितेन्द्र सिंह, जितेन्द्र सिंह, जितेन्द्र सिंह, जितेन्द्र सिंह और अन्य ने भी वर्षों से कार्य किया।
11	समझदार मनुष्य को अजर अमर के समान बुढ़ापे व मृत्यु से रहित के समान विद्या शास्त्र - कलादि का ज्ञान को धन सम्पत्ति के उपार्जन के लिए सोचना चाहिए । मृत्यु ने केशों को खींचकर पकड़ा हो जैसे ऐसा धारण कर धर्म का, पुण्य का आचरण करना चाहिए ।	विद्या, विद्या, विद्या, विद्या, मान, मान, और काम ये सब प्रकार के विषय में धर्म ही है।
7	ऐसी स्थिति में ये परिणाम कार्यकर्त्ताओं के मन को नष्ट कर देंगे।	ऐसे ही ये इस कार्यकर्ता के साथ कार्यकर्त्ताओं के लिए व्यस्त होंगे।
20	स्कूलों में अध्ययन समय सुबह 10 बजे से शाम 4 बजे तक नहीं बल्कि शाम 5 बजे तक परिवर्तन के आदेश पर सदन के सदस्यों ने आक्षेप किया।	स्कूलों में स्कूलों में दोपहर 10 बजे तक दोपहर 5 बजे तक उच्च न्यायालय ने परिवर्तन के लिए पूरा कर दिया।
19	विष्णुदेव साय इस बात के लिए हैं क्योंकि वह चार बार सांसद, दो बार विधायक, दो बार केंद्रीयराज्यमंत्री और दो बार राज्याध्यक्ष बने हैं।	विष्णुदेव ने कहा कि इस समय के लिए एक ही चर्चा है, क्योंकि उन्होंने चार राज्यों में मुख्यमंत्री, जिनमें रेल मंत्री, बीजेपी और राज्य के मुख्यमंत्री बन गए हैं।
4	अब सब जगह कूड़ादान दिखता है।	अभी सब जगह सेल्हा दिख रहा है।
1	अनेक सुन्दर शिखरों वाला	अनेक प्रकार से
5	स्वामी श्रद्धानन्द ने राष्ट्रहित के लिये काम किया।	स्वामी जी ने राष्ट्र के लिए राष्ट्र का काम किया।
9	नौ सदस्यीय परिस्थितियों वाले एक प्राधिकरण की नेतृत्व जिम्मेदारियाँ-पर्यावरणीय परिवर्तन-वन विभाग की कार्य पर्यवेक्षक सुप्रिया साहो हैं।	प्रसिद्ध विकासशील विकासविदों के नेतृत्व में ग्रीनहाउस-इस प्रकार लोक-विधि-विधि विभाग के रूप में प्रसिद्ध होता है।
14	देश में आरक्षण नीति के अनुसार अनुसूचित जनजातीय समूह, अनुसूचित जनजातीय समुदाय और अन्य पृष्ठ पृष्ठवर्ग पहले विद्यमान विधि के अनुसार क्रमश: 10 फीसदी आरक्षण पाता है।	देश में आरक्षण कार्य कार्य कार्य के अनुसार, केंद्र के प्रशासन द्वारा किए गए अन्य और पूर्व प्रशासन भी पूर्व प्रशासन का नियुक्त किया जा रहा है।
6	सशंकित अवस्था में यहाँ घूम रहे हो।	रक्षा – सजाईई में सवार करने का शौन है।
9	माँ बहुत तेज की भूख है जल्दी से भोजन लगाओ।	माँ ! बहुत कष्ट होता है। देखो। जल्दी भोजन करो।
12	कौशल्या की माता, यशस्विनी कैकेयी, सुमित्रा, गुरुजन और शुभचिंतकों को देखना चाहती हूँ।	माता – हे देवी! सुभद्रा! सुभद्रा, सीता, भाई, गुरु, गुरु, गुरु, गुरु, गुरु, भाई, भाई, भाई, भाई, भाई, भाई, भाई, भाई, भाई, भाई, भाई, भाई, भाई, भाई, भाई, भाई, मैं भी देखना चाहता हूँ।
8	सभी गौएँ बीस किलो जितना दूध देती हैं	सभी गायें पहले से दूध निकालती है।
7	रोगियों के उपचार के लिए स्वास्थ्यकेंद्रों में विशेषज्ञ उपचारक भी नियुक्त किये जा सकते हैं।	स्वास्थ्य सुविधाएं प्रदान करने के अलावा स्वास्थ्य अधिकारियों के लिए भी पर्याप्त क्षेत्रों में भी किया जा सकता है।
6	तुम किस कारण धन नहीं देते हो?	किस कारण से तुम धन देते हो?
3	मुट्ठी पीनेवाला बच्चा मूट्ठी चूस रहा है।	प्रसन्न होकर जीभ से जीभ को धारण करता है।
1	हल	कष्ट
5	बालक कार्य कर सकते हैं।	बच्चे कार्य कर सकते हैं।
4	वहाँ मैंने बाघा सीमा देखी।	वहाँ मैंनेन्हों ने देखा।
4	सीता पत्रिका पढ़ती है।	मालिक पत्र लिखती है।
1	मर रहे हो।	दूर करो
6	वह लड्डू बनाता है और बेचता है।	वह लड्डू बनाता है और लड्डू बनाता है।
7	सर्वेक्षण में अधिकांश टिप्पण यूट्यूब चैनेल में प्राप्त हुए।	सर्वेक्षण के तहत अधिक से टॉट टॉट, जो किलेट, टेमबेंट, चीनी और टॉस को प्राप्त किया गया।
5	वह नदी से जल लाता है।	वह नदी नहीं लाता है।
3	कैसे कर रहे हैं ?	कैसे कर रहे हैं ?
20	और वैदिक वेदों, पुराणों, धर्मग्रंथों और सभी धर्मों के हमारे जीवन में भगवती वाग्देवी की उपस्थिति के विषय में वैज्ञानिक भाषा में तथा विज्ञान में हमारे शास्त्रों के प्रयोग विषय में सभी उपस्थित लोगों को संबोधित किया।	इस प्रकार वेदों में पुराणों में धर्मशास्त्र में या कुछ प्रसिद्ध लोगों के जीवन में या कुछ प्रसिद्ध हैं। हमारे शब्दों के विषय में उन्होंने कहा कि हमारे जीवन के विषय में प्रयोग किया गया है।
10	प्रदर्शनी में 500 रुपये से 1,500 रुपये तक मूल्य की वस्तुएँ स्थापित कर दी गई हैं।	प्रदर्शनी के प्रदर्शन के लिए 500 रुपये तक रुपये तक कम कर दिया गया है।
21	उन्होंने अर्जुन से कहा कि तुम 'बृहन्नला' नाम से लेकर स्त्री रूप में आभूषण पहने हुए विराट नरेश की राजकुमारी के लिए संगीत और नृत्य के शिक्षण के लिए अनुरोध करना चाहिए।	उन्होंने अर्जुन से कहा कि तुम 'आपित्र' नामक वन में राजाओं को देखकर भीम ने नृत्य किया और राजकुमारों को देखकर दिव्य नृत्य के लिए सम्मान करने के लिए आग्रह किया।
19	श्रीमान ने अपने भाषण में वेदों में वर्णित देवी पूजा के कई प्रमुख पहलुओं, उनके प्रभाव, विधि आदि पर अपने विचार प्रस्तुत किये तथा हमारे जीवन में उनके महत्व,उपयोगिता और विशेषताएँ प्रतिपादित की गई हैं।	श्रीमान ने अपने भाषण में देवी को नतीदा दी और नयेशास्त्र के बारे में सूचना दी, उन्होंने प्रतिपादित करने के लिए जीवन के बारे में, उन्होंने जीवन के विषय में, उन्होंने जीवन के विषय में, त्याग के विषय में, उन्होंने जीवन के विषय पर, उन्होंने भी उपयोग व्यक्त किया।
2	मैं देती हूँ	मैं जाता हूँ
5	उठो, जागो और श्रेष्ठ आचार्यों के पास जाकर ज्ञान प्राप्त करो।	काश्यप ! उठो, हम दोनों को पति के रूप में विचार करो।
6	नहीं ये नहीं वो दिखाईये।	यह नहीं है वह दिखाइये।
5	हिमाचल प्रदेश के पुल के निर्माण के संबंध में नया परिवर्तन किया गया है।	हिमाचल प्रदेश पुलिस अधिकारियों के बारे में नया विषय है।
9	रघुनाथपुर विश्व हिंदू परिषद के प्रांत अध्यक्ष लेखराजा को निमंत्रण देने के लिए कुल्लू में रघुनाथपुर पहुंचे।	महादेवपुर के विश्वनाथ मंदिर के मुख्यमंत्री के लिए अभिषेक के लिए उन्होंने भव्य रूप से अयोध्या में भगवान श्रीराम को मार्ग का निर्माण किया।
5	अट्टालिकाओं में लोग उपर नीचे करते हैं।	संदीप में लोग विघ्न करते हैं।
6	A. ⁇ . बस में स्थान खाली नहीं था ।	एडवाइप का प्रक्षेपण अक्ट्रवाई नहीं था।
13	साग खाने से रोग बढ़ते हैं, दूध से शरीर मोटा होता है, घी से वीर्य की वृद्धि होती है और मांस से मांस बढ़ता है।	दान में अंधेरा पैदा होते हैं। ये दोनों बेर के फल को प्राप्त करते हैं। मानो जाते हैं। मानो विपत्ति में फूखे जाते हैं।
10	इस वर्ष के राष्ट्रीय युवा महोत्सव की बिंदु तुम सब के द्वारा की गई है।	इस वर्ष राष्ट्रीय राष्ट्रीय ध्वज फहराये गये हैं।
5	सभी लोग प्रवचन सुनते हैं	सभी लोग आये थे।
9	आप सभी के प्रेरण में आने वाले प्रशिक्षण में संस्कृत के साथ संस्कृति को भी प्रकाशनाएँ।	आप सभी सभी सभी सभी सभी सभी आने वाले संस्कृत भाषा के शिक्षण के लिए बातचीत करें।
3	वह सम्मानित होगा ।	वह खुश होगा।
1	हितकारक पर दूसरा	आकाश
8	यदि ऐसा है तो शस्त्र श्ख्तर चलाने में और युद्ध में कुशल बड़ी लड़नेवाली ख जाना और अन्नादि साम्री सहित सेना यृद्ध के लिये भेजनी चाहिये।	इस प्रकार, प्रलय के छठेपद से छत्रपति शिवाजी ने युद्ध के लिए कारगिल सेना के साथ युद्ध के लिये तैयार किया।
26	कार्यक्रम के बारे में सूचित करते हुए, चंपा जिले के वरिष्ठ संस्कृत शिक्षक अमरसेन ने कहा कि इस कार्यक्रम में भाग लेने से बड़ी खुशी हुई और कुछ महर्षिदानन्द की जनता के कल्याण के लिए और राष्ट्र के कल्याण के लिए किए गए कामों के बारे में विस्तृत वर्णन हुआ।	कार्यक्रम के बारे में जिला समन्वयक श्रीनगर के वरिष्ठ संस्कृत प्रशिक्षण संस्थान के सचिव प्रो. चंद्रदेवभट्ट ने कहा कि इस कार्यक्रम के आयोजन के लिए प्रसिद्ध राष्ट्र निर्माण के लिए प्रसिद्ध राष्ट्र निर्माण के लिए प्रसिद्ध हुआ।
1	तराजू।	सत्य
15	आप कर्म न करते हुए भी कर्ता प्रतीत होते हैं, आप स्थिर होते हुए भी जाते हुए तथा श्रोता न होते हुए भी श्रोता और द्रष्टा न होते हुए भी द्रष्टा प्रतीत होते हैं ॥	तुम शीघ्र ही नहीं जाते हो, तुम नहीं, तुम शीघ्र ही जाओगे, तुम शीघ्र ही शीघ्र ही शीघ्र नहीं देखते हो, किन्तु मैं शीघ्र ही अपने पास पास नहीं जाऊँगी ॥
7	बीच में स्थित सफ़ेद रंग सात्विकता और ईमानदारी का द्योतक है।	बीच में तेज और सुख से युक्त, शुद्ध, शुद्ध, शुद्ध, शुद्ध, स्तरों और असंगों से रहित, नित्य-बैर आदि का संग्रह होता है।
6	तुम्हारी बहन भी विद्यालय नहीं जाती है"	तुम्हारा भाई भी विद्यालय नहीं जाता है।
5	पानी की बोतल भूल गया।	जल से खाकर वह रुष्ट हुआ।
4	सभी वाहन मालिक भयभीत हैं	सभी वाहनों में भीड़ देखी गई हैं।
4	अब सब जगह कूड़ादान दिखता है।	अभी सब जगह सेल्हा दिख रहा है।
1	नाट्यालंकार में चतुर ।	नाट्यवेद की रचना करने वाले
5	इन उपरोक्त सबकी विधिपूर्वक रक्षा करनी चाहिये ॥	उनकी आकृतिको प्राप्त करके वे बलसे रक्षा करते हैं ॥
1	शुभ समाचार	प्रिय बोलने के लिए
8	वास्तव में शान्त पाँचों ही तत्व पृथ्वी, जल, अग्नि, वायु और आकाश धरती के योग-क्षेम (अप्राप्त की प्राप्ति और प्राप्ति की रक्षा) के लिए समर्थ कहलाते हैं।	इस प्रकार से नित्य शान्ति उत्पन्न होता है, उसी प्रकार पांच वर्ष से अधिक मीठे ऋतु वाले जलों से युक्त हो जाते हैं।
12	इसके लिए केवल वैयाकरण ही समर्थ होता है, यथावत् विपरिणमय नहीं हो सकता।	इसके लिए केवल उपयोग केवल व्यास का उपयोग किया जा सकता है, जिससे उन्हें ग्रहों को काटने का प्रयत्न नहीं करना चाहिए।
4	वे दोनों वहां स्नान करते हैं ।	वे दोनों वहां स्नान करते हैं।
1	आदि से लेकर अन्त तक	पूर्व दिशा में
5	विशाल कुल में उत्पन्न होने से क्या, यदि मनुष्य विद्याहीन है	क्या मनुष्य के सभी क्षेत्रों में रहने वाले हैं, नगर के समान है।
2	लोकनृत्य करते हैं।	विद्वान् समुदाय को करते हैं।
3	इस बीच तीन मुख्यमंत्री हैं	यहाँ तीन मुख्यमंत्री
19	कानोंसे सदा मनोहर राम नामका श्रवण करो और मनमें सदा तारक ब्रह्मका ध्यान करो, इस प्रकार प्राकृतशरीरके विनाशकालमें प्रत्येक स्त्री-पुरुषके कानोंमें कहते हुए, कोई काशीनिवासी जटाधारी (शंकर) वहाँकी गली-गली में चक्कर लगा रहा है	जो पुरुष राममय, श्री रामजी, लक्ष्मण के द्वारा रचित, मन में स्थित, मन में स्थित, मन में, मन में, भाव से, भाव से, भाव से, भाव से, मन से, मन से, मन से, कर्म से, कर्म से, कर्म से, कर्म से, दान से, दान से, ब्रह्म से, दान से, श्रीगुरुजी से, मन से, मन से, मन से, मन से, मन से, मन से, मन से, मन से, मन से, मन से, मन से, मन से, मन से, मन से, मन से, पर्वत से, मन से
1	छिक्का।	बासी
11	वह जरनैल सिंहभिद््रावाला के पलौ खालिस्तानी हैं- आन्दोलन को आगे बढ़ाने का प्रयास कर रहा था।	उन्होंने आशा विभाग के समक्ष राडोर गर्ग के साथ मिलकर कार्रवाई की।
13	हे राम ! न मुझे विजय की आकाङ्क्षा है और न स्त्री सुख की ही आकाङ्क्षा है । भव बन्धन विमोचनी आपकी भक्ति ही में चाहता हूँ ॥	हे राम ! मैं तो नहीं जानता हूँ कि तुम मेरी माया का साधन नहीं है। अतः आप मुझे किसी दूसरे के द्वारा भी नहीं समझते ॥
2	अर्थके लिए लालसा रखने वालों के लिए अर्थ धन	धन की प्राप्ति के लिए
6	(वन का दृश्य। पास में ही एक नदी बह रही है।)	पाइप दृश्य पर ही तेज हवा बह रही है।
1	पुत्र की अपेक्षा वाला	अच्छा सास
7	स्वयमेव कहा कि अतिथि व्यथा के बारे में लोगों में जागरूकता है।	स्वयं ने कहा कि अतिथि के लिए जनदान भूमि पर लोगों की भूमिका है।
6	ये ही मिलकर या अलग-अलग हमारे पर्यावरण को बनाते हैं।	मनुष्य को निर्बलों के लिए किसी प्रकार का पर्यावरण का प्रयोग करते हैं।
7	उस भारतीय युवक का नाम क्या है ?	उसकी भारतीय युवक का नाम क्या है ?
1	उसके द्वारा	उसके द्वारा
6	गाँव के निकट एक सरोवर है।	गाँव में एक जगह है।
4	वर के पैरों में हल्दी लगाती हैं।	वरूत्र के प्रकाशों को रोकते हैं।
7	उसी प्रकार मनुष्यों का संघ (समूह) ही कुछ कर सकता है।	उसी प्रकार मनुष्य अपने विचार का भी पालन कर सकता है।
6	तो शीघ्र स्नान करते हैं क्या ?	तो फिर स्नान करना चाहिये क्या ?
14	वे उस विशाल स्वर्गलोक को भोगकर, पुण्यक्षीण होने पर, मृत्युलोक को प्राप्त होते हैं। इस प्रकार तीनों वेदों में कहे गये कर्म के शरण हुए और भोगों की कामना वाले पुरुष आवागमन (गतागत) को प्राप्त होते हैं।।	वे उस मनुष्य को समस्त धर्मों को वश में करके स्वर्ग को प्राप्त करते हैं। धर्म ही प्राप्त होते हैं। धर्म ही परम गति ही प्राप्त करते हैं।
5	दीपावली के लिये भी वस्तुएँ खरीद रहे हैं	दीपक पर्व के लिये भी वस्तुएँ खरीदते हैं।
8	परन्तु पुलिस इस विषय में कुछ नहीं बोलती है।	परन्तु पुलिस इस विषय में कुछ भी बात नहीं करती है।
5	अनुचित कर्म का फल अनुचित ही होता है।	कर्म के बिना कर्म का फल ही होता है।
4	थोड़ा योगाभ्यास भी करिये।	कुछ ही योगासन करके बोलता है।
4	वह बुद्धिमान् ( इन्टेलीजेंट ) है ।	वह मेहानी है।
10	श्री विश्वामित्र जी राम और योगमाया से संयोग कराने हेतु आए हैं। हे राजन् ! यह अत्यंत गोपनीय रहस्य किसी भी समय किसी के समक्ष नहीं कहना चाहिए ॥	यह कहकर श्रीरामचन्द्रजी ने भी राम को दिया था कि यह कोई राक्षस है कि यह आप दोनों का भजन करने वाले हैं ॥
1	बग़ीचों में।	उद्यान में
4	वह पैदल चल रही होती है ।	वह पैदल ही चलती है।
10	उन्होंने कहा कि अपना वीरभद्रसिंह ने राज्य में धर्मान्तरण से विरोध करने का विधेयक लाया था।	उन्होंने कहा कि अपने वीरभद्र सिंह ने राज्य में धार्मिक समुदाय को सौंपा था।
3	मत जाओ ।	नहीं जा सोगे।
10	क्या भूल जाते हो कि कौआ काला है, कोयल काली है। कौआ और कोयल में क्या भेद है।	क्या यह सुनकर आ गया कि कृष्ण कृष्ण के चरणों में कृष्ण काजल है?
18	जी.एस-20वें उच्च शिखर सम्मेलन से पहले नई दिल्ली में भारतीय प्रधान मंत्री नरेंद्र मोदी के साथ चर्चा के बाद जारी संयुक्त प्रस्ताव में बाइडेन का सहयोग प्रस्ताव शामिल था।	भारत के उच्च दिल्ली के उप राज्यपाल राहुल गांधी ने पहले कहा कि भारत के नेता नरेंद्र मोदी के साथ एक व्यापक चर्चा के बाद नेता फूडियन सीड के साथ एक नई दिल्ली में फहराया गया था।
9	मन को हरने वाले फूलों को देखकर दुःखित मनुष्य का मन भी प्रसन्न हो जाता है।	मन की बात देखकर फूल को देखकर मनुष्य भी मन की प्राप्ति करते हैं।
12	उन्होंने कहा कि दिसंबर में चूड़धार में भारी बर्फबारी के कारण तापमान शून्य से कम है।	उन्होंने कहा कि दिसंबर को चूड़धार में बर्फबारी के कारण तापमान में कम से कम से कम से कम हो गया है।
5	शयुन भाषा में''श''उन्होंने यह अक्षर स्वीकार किया।	गुड़ ने कहा कि''यह 'गहाँ इस तरह का रास्ता बन गया है।
1	वायुरहित	जानने के लिए
3	घड़ा कैसे भरता है?	घड़ी क्या बना रही है ?
5	दूध पसन्द नहीं है क्या ?	दूध नहीं पसंद है क्या ?
10	व्याकरण एक कठिन विषय है फिर भी उनके व्याख्यान में पतञ्जलिना की शैली संवादात्मक थी।	व्याकरण के महत्व से कुछ भी विषय पर प्रसारित हुआ और उनके द्वारा रचित हाथ जोड़कर विख्यात हुआ है।
1	घुंघरू	गमन
1	जाता है	प्राप्त करना
13	भावि-प्रधानमंत्री ने परीक्षा पर ध्यान केंद्रित किया कि छात्र बहुत से प्रश्नों के उत्तर लिखने का अभ्यास करें।	संस्थान- परीक्षा के अवसर पर प्रधानमंत्री ने कहा कि छात्रों को बहुत समय से संस्कृत के प्रयोग का प्रयास करें।
9	इसके अतिरिक्त, पटियालाबस्ती में पांचों गाँवों के धर्म के विरोधी लोगों को सामुदायिक कल्याण के लिए 2 लाख रुपये का दान किया गया है।	इसके अतिरिक्त ग्रामीण धर्म, धर्म, धर्म, इम्बल, इम्बल, इम्बल, इम्बल, इलेक्ट्रोड, इलेक्ट्रोड जैसे इन संस्थानों के लिए एक लाख रुपये का खर्च किया गया है।
8	भूकंप का केंद्र चंबा शहर में भूपृष्ठ से किलोमीटर दूर था।	भूकंप के केंद्र सरकार ने जिले से दिल्ली तक-गाट-अंत्रों से घटी थी।
1	पीसना	पकाना
8	इसी प्रकार क्षणभर में उन्होंनेन्हों का रोमांचक युद्ध हुआ।	इसी प्रकार उन दोनों ने उन दोनों के साथ युद्ध किया।
4	इसके बाद तपस्या करता हुआ तपोदत्त प्रवेश करता है)	तब उस तप को प्राप्त करता है, उसी तप को प्राप्त करता है।
3	गायें बन में चरा।	वनवासी बालकों ने हड्ढे पर फूढे।
7	संस्कृत फ़िल्म के निर्माता और निर्देशक को बहुत बहुत धन्यवाद ।	संस्कृत-प्रदाय के लिए निर्माण और निर्देश के लिए कई धन्यवाद हुए हैं।
10	उभय सदनों के कार्य को सुचारु रूप में सुनिश्चित करने के लिए आज नई दिल्ली में सर्वदलीय बैठक की घोषणा की गई।	दोनों सदस्यों ने सुशील सुशील नई दिल्ली में काम करने के लिए आज ही सभी को पूर्णता के लिए बुलाया।
11	सूचना के अनुसार, आपदा में पंकज कुमार(२५) पिछले दो साल पटना में गयाघाट के शनिमन्दिर के पास रहा था।	सूचना के अनुसार, ईसीएसपी के साथ सौ वर्ष के जून पर दो सौ वर्ष के बाद मंदिर के पास के पास दो मंदिर भी बैठ गए थे।
9	सभी लोगों से कल्याणकारी पवित्र वाणी बोलूँ	महाभारत के महाभाग्य में सबसे बड़ी शक्तिशाली शक्तिशाली है।
4	लक्ष्मी शुद्ध किस तरह होती है?	लक्ष्मी शुद्ध होता है?
6	उसके बच्चे अनंतनाग में ही पढ़ते थे	उसके बच्चे अनंतवाग में ही पढ़ रहे थे।
11	सभा में भारत के पूर्वोत्तर क्षेत्र के केंद्र सरकार मंत्रालयों, कार्यान्वयन संस्थानों और राज्य सरकारों के प्रतिनिधियों के साथ भाग लिया गया।	सभा में भारत सरकार ने पूर्व क्षेत्र में केंद्रीय सरकार और राज्य सरकारों के लिए, और विभिन्न राज्यों के प्रतिनिधियों और संगठनों के लिए भाग लिया था।
3	देवदत्त कुआँ खोदता है	देवदत्त घास खाता है।
7	पुरुष बोला- उसका स्वामी स्वयं भी अन्याय करनेवाला है।	पुरुष ने कहा-मैं ही विशिष्ट अतिथि के लिए अपने-अपने कर्तव्य का पालन किया है।
26	क्रोधित भीम ने कहा कि अब जब तक वह कीचकारी कुछ कहेगा या दुबला करेगा तब तक तुम उस कीचकारी को इस प्रकार कहोगे कि "अर्धरात्री को नाट्यगृह में आकर मेरे साथ मिलना करो।"	विधेणु ने कहा कि अब वह समय पर कोई समय पर स्थित है, जो कोई भी समय पर करेगा, उसे यह कहकर मैंने उसे लौटा दिया कि मैं उसे ओवरने मुझे प्रार्थना की।
5	काशी विश्व का प्राचीनतम नगर है।	काशी विश्व में प्राचीनतम शहर है।
1	संस्कार	दोष
2	उसका लड़का	उसकी बेटी
10	और मेरी पूजा सत्कार के अनन्तर सुखपूर्वक बैठकर प्रसन्नचित होकर मुझसे बोले हे राजन् । एक गुप्त बात सुनो, यह आपका अभ्युदय करनेवाला है ॥	हे प्रभो ! आप सुखमय सुखमय सुखमय सुखमय, दुःखमय, पवित्र वचन बोलने वाले, सुखमय, पवित्रचित्त, पवित्रचित्त, पवित्र और आत्मगुणमय सुखमय सुखमय सुखमय, शरणागत, शरणागत, शरणागत, शरणागत, शरणागत, शरणागत, शरणागत, शरणागत, माया और मेरी भक्ति रहित आप सबको मैं प्रणाम करता हूँ ॥
3	श्रुति संस्कृत गाने गाती है।	सुनाई संस्कृत गीत गाती है।
9	मुख्यमंत्री सुक्ख बोला कि केंद्र सरकार की पहल जल प्रदूषण का विरोध कर रही है।	मुख्यमंत्री सुक्ख ने कहा कि केंद्र सरकार नई दिल्ली में जलहित के लिए विरोध कर रही है।
11	श्री विश्वामित्र जी ने पूजनीय रघुनन्दन का पूजन कर, गोद में बैठाकर भक्तिपूर्वक प्रेमाश्रु से पूर्ण हो आलिंगन किया ॥	यह कहकर वह मुनिजी श्रीरामचन्द्रजी ने श्री राम को प्रणाम किया और उन्हें आश्रम में बैठाकर श्रीलक्ष्मणजी ने प्रसन्नतापूर्वक प्रणाम किया और उन्हें प्रणाम किया ॥
1	उत्कृष्ट	प्रसिद्ध
6	माँ उसके लिए कपड़े देती है।	माँ उसके लिये वस्त्र देता है।
6	लेखन कौशल के विकास से छात्रों के ज्ञान क्षेत्र विस्तृत हो जाता है।	लेखन ग्रन्थिका ने संदेशपूर्वक छात्रों के ज्ञान का वर्णन किया है।
9	इसके बाद चम्मच शर्मा और हेमन्त ने तीखा गेंदा फेंका।	और दूसरे व्यक्ति ने अपने विभागों को टिप्पणी में टिप्पबिबाट में टिप्पणी किया।
9	यह गृह मंत्री ए नमस शिवाय, शिक्षा मंत्रालय के एक अधिकारी थे, जिन्होंने विधानसभा में इस मुद्दे को उठाया था।	शिक्षा मंत्रालय ने मंत्रालय के घर में पेश किया और विधानसभा चुनाव के बारे में निर्णय लिया।
1	मद में	खुश
11	पूर्वभाजपा सरकार ने अनेक कांग्रेस नेता, नेताओं और कार्यकर्ताओं के खिलाफ मिथ्याप्रकरण कर रहे हैं, नेता ने कहा।	पूर्व मुख्यमंत्री ने कहा कि कांग्रेस के नेतृत्व में अनेक कांग्रेस पार्टी और कार्यकर्ताओं के खिलाफ सत्ता किया गया है।
1	दुर्बलता	विख्यात
7	और उस यात्रा में ग्यारह कोटि लोगों को साथ ले जाया गया है।	इसके बाद, शाम को ग्यारह करोड़ रुपये के लोगों ने लोगों को बुलाया है।
38	यहां जो कोई भी वर्णीय या धर्म केप्रदाय का अनुयायी होगा, यदि वह भारत में भारत के लिये रहते तो, अपने आश्रय के भक्ति से युक्त जीवन को भारत सेवा और उन्नति में जोड़े, यहाँ संस्कृति, शास्त्र, देवताओं की भाषा को संरक्षित करने और बढ़ाने के लिए प्रयत्न करता है, तो वहकृतार्थ भारत पुत्र के समान है। चञ्चलट के चित्त में इसकी आध्यात्मिक एकता की भावना है, उस देश का गौरव छिपा हुआ है।	यहाँ जो कोई भी धर्म है, आप भारत के नाम के नाम से प्रसिद्ध हैं, यदि भारत के लिए भारत के लिए जीवन की भावना को मजबूत करने के लिए, तो भारत के लिए, भारत के लिए, और राष्ट्र के विकास के लिए, देश के लिए, देश के, और राष्ट्र के, देश के, देश के, देश के, देश के, देश के, देश के, देश के, देश के, देश के, और भारतीय संस्कृति के, देश के, देश के, देश के, देश के, देश के, देश के, देश के, देश के, देश के, देश के, देश के, देश के
3	प्रातःकाल व्यायाम किया	सुबह सबसे शिष्य जी ने थाली में
7	प्रतिव्यक्ति आय 2,35,199 रुपए की अनुमानित है।	यह बात 2,555,54 करोड़ रुपये का खर्च है।
10	हिमाचल-संस्कृत-अकादमी के सचिव डॉ. केशवानंद कौशल ने सभी विशिष्ट अतिथियों एवं विद्वानों का स्वागत किया।	हिमाचल प्रदेश-संस्कृत-विश्वविद्यालय के सचिव डॉ. नवीनश्रुत ने सभी अतिथियों को धन्यवाद एवं कार्यक्रम का स्वागत किया।
3	लोगों को प्रवृत्त करने के लिए अच्छा समय है।	समझे गये गये
3	साढ़े चार बजे हैं	साढ़ेर
10	पीताम्बर दत्त की इच्छा थी कि सभी विषयों का ज्ञान हिन्दी भाषा में पढ़ाया जाए।	प्यास से युक्त था कि सभी ज्ञान की भाषा में संस्कृत भाषा का ज्ञान अवश्य ही है।
16	वह सरकार के सदस्यों और विपक्ष के साथ मिलकर बीजली महादेव- रज्जु मार्ग के खिलाफ विरोध करने वाले लोगों को रोकने के लिए आह्वान किया।	उन्होंने सरकार और विपक्ष के सदस्यों को देखकर, और सुवेतिन-बताया-बताया कि लोगों को सरकार ने विरोध करने के लिए लोगों को प्रेरित किया।
10	आज भोजन में चावल, दाल, सब्जी, पापड़ और खीर है।	आज भोजन भोजन ओबली, लैंग, कबूतर, और धोबी है।
1	रहती है	रहता है
4	तुम्हारा भांजा संस्कृत पढ़ेगा।	तुम्हारे आँगन में संस्कृत पढ़ेगा।
12	इन सभी चीजों को देखकर राज्यचिकित्सा एजेंसी जनवरी से कृष्ण वर्ण की चिह्न रखकर विरोध करेगी।	ये सभी सभी मिलकर राज्य के सभी चिकित्सा अधिकारियों के लिए कड़ी से जनवरी तक बिलासपुर के विरोध करेंगे।
4	वह कमण्डल में दूध ले जाता है ।	वह डुटबॉल दूध लाता है।
12	उनका पूरा नाम शिवाजी राजे भोसलें था, उन्हें छत्रपति उपाधि प्राप्त हुई।	उसका नाम राजपूत राजा था, उसका भाई धीरे धीरे से चल रहा था।
5	दस छात्रों ने विविध गीत गाए।	दस छात्रों को गीता गाएँ।
10	जब अपने मन का उदय होता है तब सभी उदय होते हैं।	जब अपने मन में मन होता है तब सभी कुछ भी मछली भी बल मिलता है।
4	उनके ऊपर आवरण लगाता है।	उसके ऊपर से ऊपर से ऊपर रख रहा है।
17	इस वर्ष का''मांडलकाले''सबरीगिरि के श्री धर्मशास्त्री मंदिर में कन्नूर जिले के तलिप्परम्पा क्षेत्र के मूल निवासी के जयारामन नाम्पुतिरी-48 वयस्क-वह मुख्य पुजारी होंगे.	इस वर्ष''हैस''इसके दौरान श्रीनगर के विश्व में 20वें विश्वनाथ मंदिर में एक नया उद्घाटन किया जाएगा। मुख्यमंत्री के बाद कैउकुलपुर में 51 करोड़ रुपये के मुख्यमंत्री के रूप में राहतष्मानों में शामिल होंगे।
4	मैं उसे नहीं जानता हूँ	मैं उसको नहीं जानता हूँ।
7	विषयों का चिन्तन करने वाले पुरुष की उसमें आसक्ति हो जाती है? आसक्ति से इच्छा और इच्छा से क्रोध उत्पन्न होता है।।	जो मनुष्य सब विषयों के विषयों को जानता है, वह दान लेता है, वह दान लेता है और मृत्यु को प्राप्त करता है।।
17	मंत्रालय ने प्रतिपादित किया है कि अनुसंधान एक स्पष्ट रूप से पृथ्वी के कारण से ऑटोमोबाइल क्षेत्र के सामने आ रहा है, इस क्षेत्र से विकासमुखी-प्रतिस्पर्धी निर्माण की संभावना अधिक होगी	मंत्रालय ने कहा कि केंद्र से अधिक आपदा के तहत संपर्क किया गया है, इसके तहत क्षेत्र में यह क्षेत्र का विकास किया जाएगा-यह क्षेत्र में तीव्र बारिश शुरू हो जाएगी।
8	रेलवेस्टेशन से घर जाकर वह भाई के साथ अल्पाहार करेगी।	रेल स्टेशन से घर जाकर वह कमरा के साथ बढ़ेगा।
5	(प्रसन्न होकर वह गाय की बहुत सेवा करता है)	वह बहुत दूध खाता है।
16	उन्होंने कहा कि यह पद्धति बहुत कम है, उसका खर्च हर पल केवल रुपये ही होता है।	उन्होंने कहा कि यह अत्यन्त कमजोर है, उसका पुराना मूल्य है, इससे कम केवल कम मूल्य का रूप से कम हो रहा है।
6	दीपिका –हाँ मुझे भी सबने बुलाया।	दीपेश – हाँ! सभी लोग भी मिल गए।
7	संस्कृत में शोध शब्द का प्रयोग नहीं किया गया है।	अनेक महाविघ्नों और महाभारत की रक्षा के लिए शब्द का प्रयोग नहीं करना चाहिए।
10	कार्यशाला में आचार्यराधेश्याम, आचार्य मनोज, प्रवीण और दीपिका स्रोतपुरुष के रूप में उपस्थित होंगे।	कार्यशाला में आचार्य अनुपमा शुक्ल, आचार्य, आचार्य, आचार्य, दीप प्रज्ज्वलित कुमार, प्रबोध कुमार और अन्य लोग उपस्थित होंगे।
9	हाल ही में रिपोर्ट आई थी कि वैश्विक समुद्री जल छत्रछाया में वृद्धि का असर द्वीप देशों पर पड़ेगा।	रिपोर्ट के अनुसार, दुनिया के जल क्षेत्र में बाढ़ के क्षेत्र में एक संयुक्त सुरक्षा क्षेत्र में एक ही स्थान पर आया है।
8	उस युद्ध में बदलूराम नाम का एक सैनिक वीरगति को प्राप्त हुआ।	उस युद्ध में बदलूराम का नाम एक वीरगति प्राप्त हुआ।
15	सुजुकी मोटर कार्पोरेशन, रिलायंस-इण्डस्ट्रीज, अदनी-समूह, और आर्सेलर मित्तल के साथ-साथ हरित विकास क्षेत्र में निवेश के बारे में चर्चा की गई।	सुलेणु मॉड, लैड-चॉलेट-इण्डिंग, रेन्यूज-इण्ड्यूज, और अन्य क्षेत्रों में केंद्रीय-शेनियानों ने विषय पर चर्चा की।
9	अर्थ क्षायिक सम्यकत्व, अनन्तज्ञान, अनन्तदर्शन, अनन्तवीर्य, सूक्ष्मत्व, अवगाहनत्व, अगुरुलघु और अव्याबाध सुख-ये-आठ गुण सिद्धों के होते हैं ॥	यदि एक ओर तक भीतरसे उत्पन्न हुआ है तो भी चन्द्रमा-बैंध-बैंसे, गदा, गदा, साम, गदा, गदा, गदा, गदा, गदा, लदाचन, जटा, जटा, लिंग, जटा, जटा, जब, जब, जब, जंग, जंग, जाम, जंग, जंग, जाम, जाम, जंग, जौ, जौ, जौ, जौ, जौ, जौ, जौ, जंधी, ज
17	पिछले दिनों रायपुर में केंद्रीय अवलोकनकर्ताओं के अर्जुन मुंडा-सरबंद सोनोवाल-दुष्यन्त कुमारगौतम के सामने भाजपा-दल के नवनिर्वाचक चार-पांच विधायकों की बैठक में विष्णुदेव विधायक-दल का नेतृत्व करने के लिए चुना गया.	पिछले दो दिनों-पल्लिवल-नगर के विश्व में भगवान श्रीनगर के तिरुमार-श्रीनगर के तिरंगा-नहैं-पैंगवरी-दलों के नए-दलों के नए-दलों में बीजेपी के नए उपसभा के चारवें चुनाव में आयोजित किया गया।
11	आचार्य शालिनी दीक्षित ने वहां उपस्थित विद्यार्थियों को बड़े ही रोचक ढंग से संस्कृत में परिचय पढ़ाया।	आचार्य एम.के. ने वहाँ शास्त्रीओं को संस्कृत के द्वारा संस्कृत के अध्ययन के लिए बड़े विस्तार से संस्कृत भाषा का पाठ किया।
3	तुम फूल लाते हो	तुम फूलों को जाते हो।
1	इंद्र	ऊंट
5	''प्रभो! तुम एक सत्य संकल्पवाली हो।	''मेरे! तुम सत्य के संकल्प का पालन करो।
9	पार्वती मन, वाणी और कर्म से तपस्या करती थी।	पार्वती मन से युक्त और तपवान् ही तप प्राप्त कर रही थीं।
20	युवाकविसम्मेलन, ज्योतिषसम्मेलन, संस्कृत महोत्सव, गीता जयंती महोत्सव जैसे कार्यक्रमों द्वारा देश के विभिन्न राज्यों में संस्कृत प्रेमियों और छात्रों को संस्कृत भाषा के वैज्ञानिक, वे आध्यात्मिक और धार्मिक महत्व को समझाने के लिए लगातार प्रयासरत हैं।	युवा सम्मेलन में गुरुकुल के राष्ट्रीय संस्कृत विश्वविद्यालय, संस्कृत विश्वविद्यालय, संस्कृत अकादमी के विभिन्न राज्यों के विभिन्न राज्यों के संयुक्त संस्थानों के संयुक्त संस्थानों के संयुक्त संस्थानों के संयुक्त संस्थानों के विभिन्न राज्यों के संयुक्त संस्थानों के लिए संस्कृत के महत्व पर भी संस्कृत के महत्व पर जोरकित्र प्रस्तुत किए जाते हैं।
1	वैसा	इसी प्रकार
11	जब वे दोनों सहायता के लिए श्रीकृष्ण के शय्या पर पहुँचे तब वह सो गया।	जब वे दोनों सहायता के लिये श्रीकृष्ण ने विश्वदान भूमि प्राप्त किया तब वह सुसज्जित थे।
9	मालिनी – परंतु यह तो कम उम्र की दिखाई देती है। क्या काम करेगी यह?	मालिनी – हे सौम्य! आप तो फल तोसे कम कर रही हैं? क्या काम किया जा रहा है?
5	उसके बाद चित्र बनाऊँगा।	पुत्र – उसके चित्रों को दूँगी।
7	रात में फटे दूध में गुड मिलाकर मैंने खा लिया।	रात में दूध बेचने वाले दूध पर मैं खा गया।
10	फल के प्रभाव से सूर्य बादलों में छिपा हुआ है, संध्या की घड़ियाँ बना दी गई हैं।	फल से सूर्य की गर्मी से पीड़ित हुए और अत्यधिक सेर हो गई।
9	जो व्यक्ति संतोषरूपी अमृत से तृप्त है, मन से शांत है, उसे जो सुख प्राप्त होता है, वह धन के लिए इधर-उधर दौड़-धूप करने वाले को कभी प्राप्त नहीं होता।	जो व्यक्ति अपने आप कर्मों को दूर करने के लिए, पर, पर, दुख से, दुख से, दुख से, दुख से, दुख से, दुख से, दुख से, दुख से, दुख से, दुख से, दुख से, दुख से, दुख से, दुख से, दुख से, दुःख से, दुःख से, दुःख से, दुःख से, दुःख से और काम में, दुःख से, दुःख से और काम में, दुःख से और काम में, दुःख से और काम में, दुःख से और काम में, दुःख से और काम में, दुःख से और दुःख से और दुःख से और दुःख से, प्राणों के लिए,
5	फिर जमींदारों का साम्राज्य छिन्न-भिन्न हो गया।	इसके बाद भूमि पर राज्य का बड़ा राज्य है।
7	तुम्हारे बिना मेरा जीवन दूभर है।	तुम्हारे बिना मेरा जीवन बहुत स्थिर है।
8	आपके द्वारा क्षोभित होने पर महत्तत्व उत्पन्न होता है। आपकी प्रेरणा से ही महत्तत्व से अहंकार उत्पन्न होता है। महत्तत्व से संवृत अहकार तीन प्रकार का हुआ, वह सात्विक, राजस ओर तामस कहा जाता है। ॥	आप लोग इस प्रकार के द्वारा रचित, अयोग्य, अयोग्य, असंग, अचल, अचल, अचल, अचल, अचल, अचल, अचल, अचल, अचल, अचल, अचल, अचल, अचल, अचल, अचल, अचल, अचल, अचल, अचल, अचल, अचल, अचल, अचल, अचल, अचल, अचल, अचल, जीव, जीव, जीव, जीव, जीव, जीव, जीव, जीव, जीव, जीव, जीव, जीव, जीव, जीव, जीव
4	कल मत आईये ।	कल मत भूलिये।
6	माता – आज सेव ही लाओ ।	माता – आज ही लाऊँगा।
9	यहाँ वह केंद्रीय मंत्रियों, दल के शीर्ष नेताओं से मिल सकता है।	यहाँ वह केंद्रीय मंत्री, दल और अन्य दलों के साथ मिल सकता है।
1	चाहते हो	नहीं
4	विभा के घर में हवन है।	विभाजन घर में यज्ञ है।
7	जब वह क्रोध करती है तब दर्शक भी क्रोध करते हैं।	जब वह क्रोध करता है तब दर्शक भी क्रोध करते हैं।
3	ओह, पसीना.	ओह, चम्मच .....
11	जिस घर में हल रोज बिना कारण झगडा हो, जीवित रहने की इच्छा वाले को उस घर को दूर से ही छोड देना चाहिए।	उस घर में एक ही गति है, जहां गृह के घर में रहकर घर में रहकर घर में रहकर रहता है, वह बिना नष्ट हो जाता है।
6	अरे भूल गयी। नमक लो।	ओह, जल्दी से खाओ।
1	ऊन बेचने वाला	बैंक
8	अंत में सौ लोग भण्डार में प्रसाद रूप में खिचड़ी का सेवन करते थे।	अंत में हजार से लोग लहर के रूप में स्नान करते थे।
5	इस संबंध में भारतीय फार्मास्युटिकल टीम ने नई गाइडलाइंस जारी की हैं.	सूचना के अनुसार, भारतीय जनता पार्टी ने नई दिल्ली में नौ नए मामले सामने पहुंचफ्तार किये हैं।
6	उसने प्रधानमंत्री को अपना-अपना सन्देश भी दिया.	उन्होंने प्रधानमंत्री को अपने-अपने-अपने घर का भी संदेश दिया।
15	जब उन्होंने पापमुक्ति का उपाय नहीं देखा, तब ब्रह्म के पास जाकर उसने सारी घटना सुनायी।	जब वह क्रोध करने के लिए कोई भी नहीं आया तब वह ब्राह्मण भी उस शिकारी को मारने गया।
3	पश्चात् उस केंकड़े ने यह सुनकर अन्य जल निवासियों को भी उसका भाषण निवेदन किया ।	वहाँ उसने पूछा
10	मित्र बोला - वही अधिक हितकारी है । "कौन-सा तुम्हारा वैद्य है ?"	(देखो) अरे- “अरे! यह वैद्यों की चिकित्सा है।”””
9	यह विभाग दुर्गति में बर्फबारी से पहले और बाद में मार्गों में कैल्शियम क्लोराइड को सींचता है।	विभाग ने बर्फबारी के बाद बर्फबारी और वर्षा के बाद पश्चिमी वायुों में भारी बारिश की।
3	स्वदेशी टमाटर लाया हूँ।	अपने देश के छिलके निकालो।
4	वह पैदल चल रही होती है ।	वह पैदल ही चलती है।
1	होने पर।	प्राप्त करके
1	पी	पीता है
3	मिलना	प्राप्त करना
7	दूर के क्षेत्रों में टीकाकरण अच्छा नहीं किया जाता है।	दूरईस क्षेत्रों में क्षेत्रों में व्यापार नहीं किया जा सकता है।
6	यहाँ मनुष्य प्रतिदिन अन्न खाता है।	इस मनुष्य दिन के अन्त में खाता है।
3	रामेश्वर घूमने के लिये निकला।	रामेश्वर घूमने के लिये कार गया।
2	देवदत्त पूजा करता है	देवदत्त काटता है।
1	निन्दा से।	दूर से
19	कार्यक्रम के उद्देश्यों को सूचित करते हुए संगोष्ठी संयोजक इतिहास विभाग के प्रभारी डॉ. राकेश कुमार शर्मा, जनरल जोरावर सिंह और उनके व्यक्तित्व के कार्यों के विषय में अपने विचार प्रस्तुत किये।	कार्यक्रम के माध्यम से विभिन्न विषयों के विभागों के इतिहास विभाग के इतिहास विभाग के डॉ. चंद्र सिंह ने शिक्षकों को संबोधित किया और कहा कि अपने विचारों को अपने विचारों के बारे में अपने विचार और अपने विचार के बारे में विचार किया जाना चाहिए।
9	बड़ों का अभिवादन करने वाले मनुष्य की और नित्य वृद्धों की सेवा करने वाले मनुष्य की आयु, विद्या, यश और बल ये हमेशा बढ़ती रहती है।	संसार में वृद्ध और दान में, दान, दान, दान, दान, दान, दान, दान, दान, और दान ये चार बातें मनुष्य के गुण हैं।
4	हम संस्कृत में समर्थ हो जाएँगे।	हम संस्कृत भाषा के द्वारा परिचित हो जाएँगे।
9	इसके अलावा विधानसभा क्षेत्र में सुरक्षा व्यवस्था को मजबूत करने के लिए सीसीटीवी-ड्रोन-यन्त्रों का उपयोग होगा।	इसके अलावा, विधानसभा सचिव सुरक्षा व्यवस्था के तहत सुरक्षा व्यवस्था को मजबूत करने के लिए अलग-अलग-अलग-अलग-अलग-अलग-अलग स्तर पर मजबूत किया जाएगा।
5	संभाषणशील व्यक्ति प्रिय होता है।	वार्तालाप के साथ प्रिय वचन होता है।
1	करना	रहता है
4	बगीचे में हम वृक्ष गिनते हैं।	बाग में हम वृक्ष गिनते हैं।
22	राहुल ने बिहार से एक लाल रंग की गाड़ी में उत्तर प्रदेश में प्रवेश किया- अंदर-महाविद्यालय के प्रांगण-स्थल में जनसभा को संबोधित करते हुए कहा कि सीमा पर पहुंचकर ही वह यूपी में आ गया था।	बिहार के टारपुरा के बाहर दिल्ली के बाहर दिल्ली में आयोजित किया गया-शहर-शहर के दूसरे विधानसभा क्षेत्र में जनसभा के मुख्य-उत्तर-उत्तरंदवड्डा ने कहा कि वह शहर में स्थित है कि वह शहर के लिए एक नया रूप में ही जाना था।
8	हाँ देखिये , मैं आदर्श पाठशाला का छात्र हूँ।	हाँ , मैंने कभी भी अध्ययन किया।
13	इसलिए आधुनिक भाषाविद् और वैज्ञानिकों का कहना है कि यही समय है जब संस्कृत और पाणिनीय का व्याकरण एक साथ शामिल हो रहा है।	इसीलिए संस्कृत में ही संस्कृत भाषा का उपयोग है कि आधुनिक जीवन के माध्यम से आधुनिक तरीके से आधुनिक भाषा का संरक्षण आधुनिक भाषा में पैदा किया जा रहा है।
9	राज्यसभा में वित्त मंत्री अंशकालिक-वित्त-सभा के पटल पर संकल्प पत्र का एक प्रतिस्थापन स्थापित किया गया।	राज्य में मंत्री ने वित्त मंत्री के रूप में एक-पत्र के लिए एक नई नीति स्थापित की है।
20	सियार- स्वामी, जहाँ वह धूर्त औरत है वहाँ चलिए। हे बाघ! फिर वहाँ जाने पर वह सामने यदि स्थित रहती है तो तुम्हारे द्वारा मार दिए जाने योग्य हूँ।	कछुआ- हे स्वामी! वह आश्रम में सीता के साथ तुम्हारा पति है, वहाँ तुम वहाँ से तुम मुझे देखने के लिए तैयार हैं, परन्तु मैं तुम्हें मार दूँगी, इसीलिए मैं तुम्हें मार दूंगा।
3	मुट्ठी पीनेवाला बच्चा मूट्ठी चूस रहा है।	प्रसन्न होकर जीभ से जीभ को धारण करता है।
1	चिल्लाहट।	रोटी
8	दक्षा – बढ़िया , तुम मेरी मित्र हो ।	दक्षा – तुम मेरे मित्र को मत करो।
6	स्वावलम्बन सतत अपने आत्मविश्वास को बढ़ाता है।	अपने आप अनुगत धर्म से अपने आप को बढ़ता है।
10	हे केशव ! मैं शकुनों को भी विपरीत ही देख रहा हूँ और युद्ध में (आहवे) अपने स्वजनों को मारकर कोई कल्याण भी नहीं देखता हूँ।	मैं तुम्हारे लिए इस प्रकार के लिए कार्य औरचना के लिए उद्यत हूँ, मैं तुम्हें अपने पास नहीं देखता हूँ।
16	यमुनातीरपर क्रीडा करनेवाले, चन्द्रकान्तिसे युक्त, दयालु, केशिदैत्यके बल और प्राणोंको हरनेवाले, वककुलके नाशक, कालियनागको उत्साहपूर्वक दण्ड देनेवाले, काव्य और नाटकोंमें वर्णित चरित्रवाले, कौरवोंके संहारक, हरिहरस्वरूप, करुणापूर्ण कर्म करनेवाले और अनायास ही सब कार्योंके कर्ता कृष्ण मुझपर कृपादृष्टि करें ॥	जो मुखारविन्द कानोंमें नीलकमलके समान श्यामवर्णमान है, जिनके चरणकमल कमलके समान श्यामवर्ण हैं, जिन्होंने नेत्र हैं, जिन्होंने नेत्र हैं, जिनके नेत्र हैं, उन कमलके समान नेत्ररूप हैं, कमलके समान नेत्र हैं, कमलके समान नेत्र हैं, कमल- ये नेत्र हैं, कमलके समान नेत्र हैं, कमल- ये कमलके समान श्यामवर्ण हैं, कमलके समान श्यामवर्णसे ही सुन्दर नेत्र हैं, उन दयाको मैं प्रणाम करता हूँ
5	बालक द्वारा पुस्तक दिया जाने वाला होगा।	बालक के लिए पुस्तक की सीढ़ी होगा।
9	रघुनाथपुर विश्व हिंदू परिषद के प्रांत अध्यक्ष लेखराजा को निमंत्रण देने के लिए कुल्लू में रघुनाथपुर पहुंचे।	महादेवपुर के विश्वनाथ मंदिर के मुख्यमंत्री के लिए अभिषेक के लिए उन्होंने भव्य रूप से अयोध्या में भगवान श्रीराम को मार्ग का निर्माण किया।
6	तो अब मैं विद्या प्राप्त करने के लिए गुरुकुल जाता हूँ। (प्रणाम करता हुआ चला जाता है)	विद्या के द्वारा विद्या की प्राप्ति के लिए गुरुकुल जाता हूँ।
5	किसकी माँ समाजसेवा करती है ?	किसकी माँ समाज में क्या करती है ?
15	यह आरोप है कि दोनों कूट-पत्र के आधार पर विभाग के कोष से तेईस से अधिक दो सौ-सौ रुपये के लेन-देन और अन्य संरक्षण-कूट-उन्होंने बैंक में किया।	यह कहा गया है कि दोनों कैंसर-इसर-इत्या-यहतों के विभाग ने ई-अपरापरिक-अपराधी-अरों को भी तजाक-उत्तिका-बताया गया था।
5	गुरु वाणी से ही उपदेश देते हैं ।	गुरु वाणी से ही उपदेश देते हैं।
4	हम लोग कार्य करते हैं।	हम सब काम कर सकते हैं।
5	हीरजीभाई ने बाबासाहेब अम्बेडकर का जीवनदर्शन समझाया।	इसी प्रकार ही आलुपद ने राटिका के विवाह के लिए जीवन में जीवन का जीवन दिया।
5	ज्ञान हेतु पढ़ता है।	ज्ञान का ज्ञान स्वाध्याय करता है।
8	वेदों में रामायण जैसे वैदिक और धर्मनिरपेक्ष पुराण शामिल हैं।	वेद में वैदिक भाषा के लिए, रामगीता और पुराणों से युक्त होते हैं।
5	आज से संस्कृत सप्ताह शुरू हो रहा है।	आज से संस्कृत सप्ताह का समापन शुरू हो रहा है।
10	तुम एकमात्र सत्यस्वरूप हो, सबका आधार हो, कुछ भी स्वयं निराधार हो ।	तुम सत्यस्वरूप सत्यस्वरूप हैं, सर्वस्वरूप रूप से अपने कल्याण के लिए योग्य हो।
5	परन्तु वह स्थगित हो गया।	परन्तु वह निलंबित कर दिया।
2	कार्यक्रम का उद्घाटन ।	कार्यक्रम का उद्घाटन
5	जेल में बहुत प्रताड़ना पाई।	जेल में बहुत से थाली का प्रयोग हुआ।
4	इस समय मैं भूखा हूँ ,अब मैं तुम्हें खाऊंगा ।	अभी मैं तुम्हें घास खाऊँगा।
4	गुरु ने शिष्य से दरवाजा खुलवाया।	गुरु शिष्य ने द्वारोटी को द्वार खोली।
4	विभा के घर में हवन है।	विभाजन घर में यज्ञ है।
8	प्रजापति (सृष्टिकर्त्ता) ने (सृष्टि के) आदि में यज्ञ सहित प्रजा का निर्माण कर कहा इस यज्ञ द्वारा तुम वृद्धि को प्राप्त हो और यह यज्ञ तुम्हारे लिये इच्छित कामनाओं को पूर्ण करने वाला (इष्टकामधुक्) होवे।।	हे राजन् ! इस जगत् के द्वारा जगत् को जानो। हे रघुश्रेष्ठ ! आप इस जगत् को आपस में जानो। हे रघुश्रेष्ठ ! आप इस जगत् को जाओ। हे रघुश्रेष्ठ ! आप इस जगत् को जाओ।।
3	सबकी निमंत्रणपत्रिकाएँ हैं।	सबके द्वारा कारालय में हैं।
4	आत्मविचार का अभ्यास कितना समय करना चाहिए?	अपने परिचय के अनुसार संस्कृत का समय कैसा सासी है?
4	द्वावेव उत्तराखंड का गौरव है।	दोनों उत्तराखंड के प्रकाश से गोपाल निकलते हैं।
11	क्योंकि पारस्परिकी ईर्ष्या, द्वेष, वैमनस्य, झगड़े, और हिंसा आदि से विश्व मौसम अस्तव्यस्त हो रहा है।	सज्जन व्यक्ति की बुद्धि को प्राप्त करने के लिए, सज्जन, सज्जन, सज्जन, शत्रु, वैश्य, वैश्य, वैश्य, वैश्य, धृति आदि सभी प्राणियों का अपमान करने में असमर्थ हैं।
11	जहाज का लक्ष्य दक्षिण अफ्रीका से प्रस्थान करने के बाद नीदरलैंड पहुंचना और नाइजीरिया में कच्चे तेल से ईंधन भरना है।	भारत के दक्षिणी स्टेडियम में एक फुकेंडिंग स्टेडियम में एक फुकोटिक रॉर्ट्सटी में एक लाख रुपये का खर्च किया गया।
8	हे वैदे! यहाँ महर्षि शरभङ्ग का महान् आश्रम दिखाया जा रहा है।	हे वैदेही! यहाँ महाभारत की महाशक्ति को दिखाता है।
3	मैं सीढ़ियों से चढ़ा।	मैंने छठी से चढ़े।
7	उन्होंने कहा कि समूह शक्ति देश को सफलता के शीर्ष पर ले जाएगा।	उन्होंने कहा कि समूह देश की समृद्धता के लिए गौरव बढ़ेगा।
1	उन्होंने जवाब दिया	याद करके
5	अनुराग -हम पदयात्रा कर रहे हैं।	अनुराग - हम  ⁇ udget में ध्यान देते हैं।
10	बिजली के दरों और शुल्क के बढ़ने के बाद प्रति यूनिट मूल्य बहुत बढ़ गए।	बिजली और ठंडे जलों के बाद ठंडे जलबद्ध रूप से कम हो गए हैं।
7	वह पूछता है , आज क्या होगा ?	वह आज खुश होगी क्या ?
10	न्यायिक विशेषताओं ने लगभग पांच घंटे तक उद्योग के अंदर और बाहर खोज कर प्रतिरूपों को इकट्ठा किया।	न्याय के लिए लगभग पांच हजार से अधिक घायल हुए और घायल हो गए हैं।
5	इसलिए विद्यार्थियों को इस में भाग लेना चाहिए।	इसलिए छात्र इस दीपाम को मार्गदर्शन करना चाहिए।
6	वहाँ उन्होंने योग ध्यान का अभ्यास कराया।	वहाँ उन्होंने योगासन किया।
1	उनके सम्मुख	उस समय
10	पर्यटन क्षेत्र में निवेशकों के लिए भी राज्य सरकार ने धारा में विशेष आरक्षण किया है।	पर्यटन क्षेत्र के विभिन्न राज्यों के लिए भी राज्य सरकार ने विशेष बर्फबारी की है।
5	धीरज की गाय बीमार है	लैंडर गाय की गाल है।
10	पर्यटन क्षेत्र में निवेशकों के लिए भी राज्य सरकार ने धारा में विशेष आरक्षण किया है।	पर्यटन क्षेत्र के विभिन्न राज्यों के लिए भी राज्य सरकार ने विशेष बर्फबारी की है।
10	में प्रकाशित''मजाक''नमिका उनकी पहली कथावाचक बनीं।	19999 में''इस फिल्म का नाम''नाम का पहला पहला पहला पहला पहला है।
11	अतः वे दोनों एक परस्पर मित्र बनकर समय-समय पर एक दूसरे की सहायता की।	इसलिये वे दोनों ने एक मित्र को छोड़ दिया।
1	उत्पन्न	हुआ
1	शोर	शब्द
9	उस समय सभी पन्नों को लिखने का काम पन्ने के ऊपर हो रहा था।	उस समय सभी लिखे गये हुए पात्रों को खोलकर प्लास्टिक के ऊपर होता था।
1	प्रकट करता हैं	प्रकट करता है
10	राज्य में प्राकृतिक विपत्ति से पाठ लेकर सरकार इस विषय में योजना बनाती है।	राज्य में प्राकृतिक क्षेत्र में अध्ययन करने के लिए सरकार इस योजना का विस्तार कर रही है।
11	पंजीकरण में किसी भी समस्या के मामले में, आप समस्या के नाम और फोन नंबर के साथ यहां लिख सकते हैं।	आयुक्त भी सुरक्षा के लिए समस्याएँ और दूरदर्शन के साथ लिखे जा सकते हैं।
1	अदृश्य	बिना
6	वह धीमे स्वर में संगीत सुन रहा है	वह धीरे धीरे ही संगीत सुन रहा है।
6	इस प्रकार प्रार्थना करते हुए धृतराष्ट्र की दृष्टि नष्ट हो गई।	इस प्रकार प्रार्थना के दिन प्रशंसनीय अर्जुन की दृष्टि से नहीं भूल गई।
7	यह वन्य जीव वैज्ञानिक डू का विषय हैयीशु का भी मतलब है.	यह विषय वन के वन स्तर के संवर्धन के लिए भी प्रस्तुत की जाती है।
7	राजकोट में विजिलेन्स विषय पर प्रशिक्षण सत्र है ।	राजभवन में  ⁇ inininininininininineneneneneninenenineneneneninenenine.
4	तुम नहीं मानते हो	नहीं माना जा सकता हूँ।
4	मैं घास गौशाला में ले जा रहा हूँ।	मैं घास गौशाला में खड़ा नहीं हूँ।
3	इससे किवाड़ों को बना।	मर्दिकों का प्रयोग किया गया।
4	वे दोनों वहां स्नान करते हैं ।	वे दोनों वहां स्नान करते हैं।
4	यह पुस्तक किसकी है?	यह पुस्तक कहाँ है?
5	कभी रीछ भी देखे हैं वा नहीं ?	किसी की हड्डी भी देखा है वा नहीं ?
9	लक्ष्मण – आवाज तो भरत की है । कहाँ है वह ?	लक्ष्मण – हाँ! वह तो राम कहाँ है ?
10	और हमारी भावनात्मक एकता की भावना को विकसित करने में शिक्षा का बहुत महत्व है।	इसके लिए हमारे कर्तव्य के बिना शिक्षा के साधन के साधन के साधन के लिए शिक्षा की भावना का महत्व है।
10	उसकी वाणी विकृत नहीं है, न श्याम है और न निष्प्रभ है।	उसकी बात नहीं है, इसलिए लूषा और प्यास का कोई भी नहीं है।
14	और भी बिना किसी प्रकार को जीविका और वेतन के भी ये मेरा साथ नहीं छोड़ते हैं, इसलिये मेरे प्राणों का व्यय ( मेरी प्राणहानि) करके भी आप पहिले मम इन आश्रितों को जीवित करो (अर्थात् जीवन-रक्षा करो |	मैं जाति-शास्त्र के गुणों के समुदायों के साथ-साथ मैं तुम्हारे साथ-साथ इस प्रकार के फलों को कैसे प्राप्त करूँगा?
3	इससे गहने बहुत अच्छे बनाये जाते हैं।	येदादियाँ विख्यात हैं।
14	अंतर् दिवसीय व्यापार के दौरान सेन्सेक्स 72,५४५,३३ उच्चतम, 72,218,310 और सबसे कम स्तर को देखा।	अंत में दिन के दिन के अंत में 35, 355 किलोग्राम, 36 किलोग्राम, 36 किलोग्राम, 36 किमी किमी किमी किमी.5 प्रतिशत कम था।
6	तब उसके घर की तीन हिलती हैं	तब उसके घर में तीन और अधिक लताओं का रस भरते हैं।
4	सुरक्षा चक्र में वृक्ष हैं।	सुरक्षा के कारण वृक्ष हैं।
3	रामेश्वर घूमने के लिये निकला।	रामेश्वर घूमने के लिये कार गया।
6	दूसरा मिलना हिमाचल-तेलाङ्गान के बीच हुआ।	दूसरी ओर, हिमाचल प्रदेश-मध्याला और अन्य बीच बीच हुई।
6	''काशी विश्वनाथ''काशीश्या हिन्दूओं का तीर्थ स्थान है।	''सदा''इसका विश्वनाथपुर प्रसिद्ध तीर्थपुर प्रसिद्ध है।
26	तीन साल के बालकों को नर्सरी मिलना चाहिए, एलकेजी में चार बच्चे मिल सकते हैं, यूकेजी में बच्चे मिल सकते हैं प्रवेश। प्राथमिक-अध्यापन विभागों में समय-आधारित अतिथि-शिक्षकों के प्रवेश को मंत्रिमंडल ने सिद्धान्ततः मंजूरी दी है.	तीनों बच्चों के पास नतीजे, नॉनब, बेंडोन, बेंडोटी, बेंडोटी, बच्चों के लिए तीन साल के खर्च से, पांच हजार से अधिक-अभि-अभिज्ञान विभाग के उच्च शिक्षा विभाग के लिए शिक्षा के लिए प्रस्तावित शिक्षकों के लिए प्रशिक्षण के लिए प्रशिक्षण के लिए प्रस्तावित-आधार के लिए प्रस्तावित शिक्षा विभाग के लिए प्रस्तावित शिक्षकों के लिए प्रशिक्षण के लिए प्रशिक्षण के लिए प्रस्तावकों के लिए आग्रह किया जाएगा।
11	मैंने इतनी सारी वस्तुयें खरीदीं। कुछ मूल्य कम नहीं करेंगे ?	मेरे द्वारा वस्तुएँ वस्तुएँ खरीदते हैं। आप कौन-अलग मूल्य नहीं करेंगे।
1	तपस्या के प्रभाव से	तप के कारण
9	प्रधानमंत्री ने कहा कि उसकी सरकार ने पचास कोटि लोगों को निर्धनता से बाहर कर दिया है।	प्रधानमंत्री ने कहा कि उनके सरकार ने 15 करोड़ से अधिक लोगों को कष्ट दिया है।
6	वहाँ प्रातः और सायं यज्ञ होता है।	वहाँ शाम यज्ञ का यज्ञ होता है।
9	अब तक हम घर में राष्ट्र ध्वज फहरा नहीं सकते थे।	अब तक हम राष्ट्र को बाजना नहीं पा सकते थे।
6	वास्तव में वह शास्त्रीय संगीत सुन रहा है	वास्तव में वह शास्त्रीय संगीत सुन रहा है।
4	नौकर गाँव से आता है।	वैद्य शहर से आता है।
13	वहाँ, विश्व विद्यालय के के बीज बोधक हैं-एक प्रयोगशाला में, वह र्नेस्ट रदरफोर्ड के मार्गदर्शन में विद्यावाचक बन गये।	वहाँ केलांगों ने दुनिया के लिए विश्व स्तरीय- प्रयोगशालाओं का अध्ययन किया और वे परीक्षण के मैदान में बल प्राप्त हुए।
7	वायरस के बारे में स्थानीय-अंतरराष्ट्रीय-संस्थाओं के सहयोग से निगरानी को मजबूत किया गया है।	वैभव विषय पर स्थानीय-अबनों के साथ समस्याओं का समाधान है।
4	वो दो थीं ।	वे दोनों पहुँचे थे।
7	इस समय नगरीय प्राथमिक स्वास्थ्य केन्द्र हजारों के लिए स्वास्थ्य सेवा प्रदान करती है।	अब, नगर स्वास्थ्य केंद्रों में हजार हजार हजार से सेवा करता है।
4	वह लेटकर योगासन करती है ।	वह योगासन करता है।
4	नई पद्धति हम पढ़ाते हैं	नए संस्कार का अध्ययन करते हैं।
16	जो पुरुष मुझे सर्वत्र देखता है और सबको मुझमें देखता है, उसके लिए मैं नष्ट नहीं होता (अर्थात् उसके लिए मैं दूर नहीं होता) और वह मुझसे वियुक्त नहीं होता।।	जो मुझे सब कुछ देखता है, वह सब कुछ देखता है, वह मुझे नहीं देखता है। मैं उसका भक्त नहीं हूँ।।
5	वे सब गिलास से दूध पियेगें।	वे दोनों बालक के दूध पीएँगे।
7	राम- मुझे भी गुरुवर का आदेश सम्माननीय (मानने योग्य) है। क्योंकि –	राम – मैं भी आश्रम में ही हूँ, यह ही है।
15	सामाजिक आचारण में अशुद्धता, आपस में लड़ाई-झगड़े, चोरी डाका आदि के कार्यों मैं बहुलता, नैतिक आचार में पतन, राजतन्त्रों का विनाश इत्यादि बहुत से विषयों का उल्लेख पुराणों में विद्यमान है	नीतिशास्त्र, मणिक, मठ, जठ्रना, मठ, मठ, मठ, मठ, मठ, मठ, मठ, मठ, मठ, मठ, मठ, मठ, मठ, मठ, व्याभों, और अन्य कई कई कई कई ग्रंथों में अनेक कई रचनाएँ हैं।
6	एक विदेशी भारत के एक घर में जाता हैं ।	एक विदेशी भारत के एक घर गया।
4	अच्छा आचरण धर्मका पहेला सोपान हैं।	सदाचार का धर्म धर्म पहला है।
8	कोई- कोई अपने देहके भीतर चित्ताकाशमें विराजमान प्रादेशमात्र ( बित्ताभरके ) चतुर्भुज पुरुषको, जो शङ्ख, चक्र, गदा और पद्म धारण किये हुए हैं, धारणाद्वारा स्मरण करते हैं	कोई भी पुरुष अपने हृदयमें प्रकट हुए, जो लोग, जो किरीभका चरणकमलको धारण किये हुए हैं, जो कि वह दिव्य नेत्रसे ही सुन्दर हैं, जो कि शरीरको दूर कर देता है, वह परमपुरुष कृष्णचन्द्रको उड़ाकर सुन्दर होकर सुन्दर शरीरको प्राप्त कर देता है ॥
10	इक्वेटी बेंचमार्क की सूचकांक और बीएसई सेन्सेक्स की निफ्टी एक सौ दिन के बाद फिसल गईं।	इक्वेटी ब्लॉस ने बीएसएसएसएस के माध्यम से बीएसएसएसएसएस के बीच और सेन्सेक्स निलंबित हो गए।
15	लघु उद्योग समूह दवनी के अध्यक्ष संजय बत्रा ने कहा कि छोटे उद्योगों को कमदर से ऋण की व्यवस्था होनी चाहिए।	लघु बाजारिक फाउंडेशन के अध्यक्ष बिन चौहान ने कहा कि उद्योग के ईंधन के ईंधन के ईंधन के रूप में कम हो गए हैं।
1	संतान जैसे ।	बिना कारण के
8	बोलो .... फिर से चंचलता नहीं करूँगा।	शिक्षिका - देखो फिर से चूहे को न लाऊँगा।
9	उसके पिता रावण ने स्वयं उसका नाम मेघनाद किया।	उसके पिता ने स्वयं रावण के नाम का नाम बताया।
13	उन्होंनेन्हों का महाकाल व्यतीत हो गया है, उन्होंनेशक्ति के साथ वशिष्ठमुनि के सौ पुत्रों को भी खाया।	उसने किसी अन्य योद्धाओं के द्वारा रचित महाशक्ति प्राप्त की, उनके साथ बलपूर्वक वह पुत्र के साथ पुत्र के पास गया।
7	भीम आदि पांडववीर अन्दर नहीं जा सके।	भीम ने पाण्डवों के द्वारा पाण्डवों को नहीं छोड़ा।
19	मुख्यमंत्री सुखविंदर सिंह सुक्खू ने कहा कि जाखुमंदिर में भगवान श्रीरामचन्द्र की पैरवी करने वाली मूर्ति स्थापित होगी जिससे भक्त लोग हनुमान के साथ श्रीरामचन्द्र का दर्शन भी कर सकते हैं।	मुख्यमंत्री सुखविंदर सिंह सुक्खू ने कहा कि श्रीराम के पाशड़ा में भगवान श्रीराम की प्रतिमा स्थापित होगी जिससे श्रीराम के साथ श्रीराम के साथ भी ऐतिहासिक रूप से भी ऐतिहासिक हो जाएँगे।
9	(तुम) मुझमें स्थिर मन वाले बनो	हे महाबाहो ! तुम मुझे इस प्रकार मुझे मेरे वश में जानो, क्योंकि मुझे ही परम ब्रह्म को प्राप्त हो।
7	सरकारी विभागों के अलावा लोगों के लिए चरण भी उपलब्ध हैं।	सरकारी विभागों में लोगों को भी चरणबद्ध किया जा रहा है।
4	आज का काम आज ही समाप्त करना चाहिए	आज से कार्य आज ही करना चाहिए।
1	मनुष्यों का	अपने आप दोनों में स्थित
3	माता पिता और गुरुजनों का सम्मान करना उचित है।	माता-पिता ने गुरु के द्वारा सम्मान किया।
15	रक्षामंत्री ने कहा कि भारत की बढ़ती आर्थिक रणनीतिक शक्ति कुछ लोगों को ईर्ष्यालु और द्वेष करने वाली है।	रक्षा मंत्री ने कहा कि भारत की बढ़ती हुई परिवार की बढ़ती हुई लोगों को हम लोगों के लिए सुलभि, और सुलभिता को प्राप्त करती है।
3	नन्दिनी नहीं चलेगी।	लक्ष्मण जी नहीं जाएँगे।
4	बर्फ के गिरने सेवेदनाशील क्षेत्रों में मत जाईये।	बर्फबारी के कारण अलग-अलग क्षेत्रों में नहीं जाना चाहिये।
8	प्रतिवर्ष इस वर्ष में भी भव्य प्रदर्शनी और शोभायात्रा का आयोजन किया गया।	हर साल के अनुसार, इस वर्ष भी भव्य मंदिर में उत्सव का आयोजन किया गया।
6	हम सभी आचार्य देवव्रत जी का गुजरात में स्वागत करते हैं।	हम सभी आचार्य इन्द्रदेव के आने पर गुजरात के योग करते हैं।
3	मैं आलस छोड़ूँगा ।	मैं आलस करूँगा।
8	मुख्यमंत्री सुखविंदर सिंह सुक्खू राहुल गांधी भारत जोडो की न्याययात्रा में शामिल होंगे।	मुख्यमंत्री सुखविंदर सिंह सुक्खू भारत के नेतृत्व में भारत के नागरिकों को संबोधित किया जाएगा।
10	मोदी धार रतलाम-जनपदों के हजार से अधिक गांवों को पेयजल पूर्ति-योजन के आधारभूत पत्थर को स्थापित किया।	मोदी ने शहर-स्पीति-स्पीति के कई गाँवों के शिलान्यास के लिए एक योजना का शिलान्यास किया।
15	केंद्रीय सरकार ने भी सुझाव दिया कि यदि प्रशिक्षण केंद्र अधिक फीस लेते हैं तो उन्हें एक लाख रुपये तक का दंड दिया जाना चाहिए।	केंद्र सरकार ने भी सुशीलता दिया है कि यदि शिक्षक प्रशिक्षण से अधिक से अधिक एक लाख रुपये तक स्थापित करते हैं तो एक नई संयंत्र स्थापित कर दी जाती है।
1	खेल रहा हूँ	खेलता हूँ
6	मैं प्रतिदिन नियम से व्यायाम करता हूं।	मैं प्रतिदिन नियम करना चाहता हूँ।
7	जब वह क्रोध करती है तब दर्शक भी क्रोध करते हैं।	जब वह क्रोध करता है तब दर्शक भी क्रोध करते हैं।
5	उसका भाई जल्दी नहीं आएगा।	उसकी बेटी जल्दी नहीं आएगा।
9	ये खिलाड़ी पैरा प्रतियोगिता में दौड़ने हैं- धनुर्विद्या- सात प्रतियोगिताओं में फुटबॉल बैरोलों सहित प्रतिस्पर्धा करेंगे।	ये खेलों से प्रतियोगिताओं में भाग लेने वाले, जॉन-एज-पैंगैंड में सात-तीन टुटबितंबर में आयोजित की जाती हैं।
10	विपक्षी नेता जयराम ठाकुर ने कहा कि बगीच स्कूल के वार्षिक कार्यक्रम में मुख्य अतिथि के रूप में बुलाया गया था।	जंगला में आयोजित वार्षिक कार्यक्रम में मुख्य अतिथि के रूप में कहा गया था।
10	उसके बाद तो सरकार से अनुदान मिलने की जो आशा थी, वह भी धूल में मिल गयी।	उन्होंने समिति के सदस्यों को आदेश दिया, गुरुगोविन्दपुर में एक बड़ा बड़ा बड़ा बड़ा बड़ा बड़ा बड़ा बड़ा बड़ा बड़ा बड़ा बड़ा बड़ा बड़ा बड़ा बड़ा बड़ा बड़ा बड़ा बड़ा बड़ा बड़ा बड़ा बड़ा बड़ा बड़ा था।
10	अस्तित्व को प्राप्त करके भाषा संस्थान महान् व्यक्तित्वों की स्मरण के लिए ऐसे भव्य कार्यक्रम का आयोजन करता है।	यह बात करके बोलने के लिए विभिन्न प्रकार के माध्यम से कार्यक्रम आयोजित करती थी।
12	इस अवसर पर आवासन और नकर-कार्य मंत्री हरदीप सिंह पुरी ने भी एक वास्तवत्मक संदेश दिया।	इस अवसर पर परियोजना-कश्मीर के कार्य मंत्री अश्विनी सिंह सिंह चौहान ने भी प्रस्तुत किया और केंद्र के विकास के लिए भी प्रस्तुत किया।
4	दीप्ति बैंगन की सब्जी लाती है।	जगदीश बैग पर सब्जी लाता है।
9	प्रधानमंत्री नरेंद्र मोदी की यात्रा का सहारा लेकर तिरुचिरापल्ली में मजबूत सुरक्षा व्यवस्था का निर्माण किया गया	प्रधानमंत्री नरेंद्र मोदी ने यात्रा के लिए यात्रा का निरीक्षण किया-उन्होंने सुरक्षा व्यवस्था का नियम बदल लिया।
8	हे पत्थर कूट कूटकर आप क्या कर रहे हैं?	हेलमेट ! आपने चट्टे को क्या ढूंढ़ता है ?
4	वह हमें बगीचे में खिलाती है।	वह हमारे दोनों बगीचे में खेलते हैं।
9	सामर्थ्य के अभाव से इस समय ऐसी मित्रता का आयोजन कोई नहीं करता है।	जीवन में अब ऐसी स्थिति का आयोजन नहीं करता है।
7	इस जीव लोक में मेरा ही एक सनातन अंश जीव बना है। वह प्रकृति में स्थित हुआ (देहत्याग के समय) पाँचो इन्द्रियों तथा मन को अपनी ओर खींच लेता है अर्थात् उन्हें एकत्रित कर लेता है।।	मेरे द्वारा ही जीव, जीव, जीव, जीव, जीव, जीव, जीव, जीव, जीव, जीव, जीव, जीव, मन, बुद्धि, मन, बुद्धि, मन, बुद्धि, शरीर, शरीर, शरीर, शरीर, शरीर, शरीर, शरीर, शरीर, शरीर, शरीर, शरीर, शरीर, शरीर, शरीर, शरीर, शरीर, शरीर, शरीर, शरीर, शरीर, शरीर, शरीर, शरीर, शरीर, शरीर, शरीर, शरीर, शरीर, शरीर, शरीर, शरीर, शरीर, शरीर, शरीर, शरीर, शरीर, शरीर, शरीर, शरीर, शरीर, शरीर, शरीर, शरीर, शरीर,
4	देवर भाभी के चरण छूता है।	देवजी भैया को कहाँ छूती है।
5	संभाषणशील व्यक्ति प्रिय होता है।	वार्तालाप के साथ प्रिय वचन होता है।
7	युवती – तुम्हारे भी नाखून बड़े हो गए हैं।	– तुम्हारे भी बेलियाँ गिर गए हैं।
7	इस प्रकार पं. मदनमोहन राय का वचन कई लोगों का भी प्रेरणा कर रहा है.	यह अतिरिक्त मेषिक हृदय के प्रकाशन के कारण भी बहुत सुन्दरवन गाला है।
5	मैं अपनी गाड़ी यहाँ नहीं रखूँगा।	मैं स्वस्थ यहाँ नहीं रखता हूँ।
5	दूध पीकर वह कार्यालय जाता है।	दूध पीकर वह कार्यालय जाता है।
3	कितने लोग नित्य ही दुखी होते हैं?	कितने लोग कौन दुःख के लिए सुख है?
6	उस बड़े घर में चालीस खम्भे थे।	उस कारण से भवन के अंदर दो सौ थे।
10	अर्जुन ने शिकारी के प्रति क्रोधित होकर उस शिकारी को मारने के लिए बाण का प्रहार किया।	अर्जुन ने कुन्ती को उठाकर जल्दी से आक्रमण किया और शिकारी ने मार दिया।
4	बलशाली हाथी किससे बाँधा जाता है?	पृथ्वी पर किस देश में कितने चन्द्रमा होते हैं?
4	इस समय मैं भूखा हूँ ,अब मैं तुम्हें खाऊंगा ।	अभी मैं तुम्हें घास खाऊँगा।
4	धूप का चश्मा काला ही पहना जाता है।	सूर्य की छाल में काला ही है।
4	पांच ग्रहों में शुक्र ग्रह चमकेगा।	पांचों में सूर्य होगा।
8	उसकी सेवा और उपदेश अखिल लोकार्थ को बहुत ही कल्याणकारी है।	उसकी वेदों का उपदेशना है।
7	भव्यस्य भविष्य काल तक सृष्टि में उत्पन्न होने वाले पदार्थों को	पूर्वजों के द्वारा पहले ही
1	भेड़िया	भूख
5	सुबह उसने संदेश भेजा	सुबह उसने संदेश भेजा।
6	पहले रणधीर शर्मा ने चर्चा में भाग लिया।	पहले दिन शर्मा के साथ चर्चा की।
4	वह पैदल चल रही होती है ।	वह पैदल ही चलती है।
8	अनेक पाठकों के दृश्य पत्रालय के अन्दर और बाहर निकाले गए।	अनेक लताओं ने अयोध्या में और दृश्यों को बाहर निकाल लिया।
1	सहारे न रहने वाला ।	एक साथ
7	माता – तो फिर घर में अध्ययन करो।	माता – तो घर में ही पढ़िये।
10	आज वह उनके संस्थान की राष्ट्रीय कार्यकारिणी सभा, संस्कृत के संवर्धन कीप्रतिष्ठा के कार्यदर्शी हैं।	आज उन्होंने उनका कार्य किया, राष्ट्रीय संस्कृत के कार्य के लिए संस्कृत के कार्य और संस्कृत कार्य कार्य कार्य कार्य का कार्य किया है।
6	अब शुल्क भी अनिवार्य होगा।	अब च्लॉकरी का भी आरम्भ होगा।
4	आप क्या कर रहे हो ?	क्या कर रहे हैं ?
4	आपने झरना देखा है?	क्या आप ठंडी हो?
6	श्री जगदीप धनखड़ भारत राष्ट्र के चौदहवें हैं-उपराष्ट्रपति के रूप में निर्वाचित।	श्रीराधा ने भारत के धन को छोड़कर भारत की प्राण यात्रा की, और अमृतदेवगणों को भी बुलाया।
6	नामों ने भी गोलियां बजाने शुरू कर दी हैं।	नाम और ए ट्यूब का प्रक्षेपण शुरू हो गया।
6	अरे भूल गयी। नमक लो।	ओह, जल्दी से खाओ।
9	दुख देने वाले, हृदय को जलाने वाले बहुत से पुत्रों के उत्पन्न होने से क्या लाभ? कुल को सहारा देने वाला एक ही पुत्र श्रेष्ठ होता है, उसके आश्रय में पूरा कुल सुख भोगता है। ।।	जो व्यक्ति अपने आप से किए गए हुए हैं, वह सौ कुलों को प्राप्त करने के लिए, जैसे घर में रहने वाले और दुष्ट व्यक्ति के समान ही नष्ट हो जाते हैं।
1	आभूषणों को हाथ में लिए हुए दो ऋषिकुमारों का प्रवेश	इस प्रकार कहकर डूबकर भाग गया।
1	सबके लिए अभिलषणीय	धन
10	विद्यालय जाने पर क्रुद्ध गुरु जी का मुख देखने की मेरी कोई ईच्छा नहीं है।	अब विद्यालय जाकर मित्र के पास जाकर भागना नहीं चाहता।
19	पहले चरण में लाहौल-स्पीति जिले के पात्रों के योद्धाओं और पूरे राज्य के पात्र आवृत्तिभोगियों के द्वारा, वृद्धामहिला-विधवा-शेरा singleमहिला दिव्यांगमहिलाओं के साथ 2,43 लाख महिलाओं को प्रतिमा के 1,500 रुपये का भुगतान किया जाएगा।	पहले चरण में लाहौल-स्पीति-स्पीति जिले के सभी जिलों में सोने की लहर-दैपा, रोहिक-बैंग-बैंटल, रोहिक-बैंग-बैंटलों के साथ 200000000 रुपये के महिलाओं के साथ 20000000000 रुपये का खर्च होगा।
13	हमें अचानक आवेश या जोश में आकर कोई काम नहीं करना चाहिए। क्योंकि विवेक हीनता सबसे बड़ी विपतियों का कारण होती है। इसके विपरीत जो व्यक्ति सोच समझकर कार्य करता है। गुणों से आकृष्ट होने वाली मां लक्ष्मी स्वयं ही उसका चुनाव कर लेती है।	जो मनुष्य संसार में रहने वाले लोगों के द्वारा नहीं, वह धन के द्वारा ही नहीं है। इसलिए वह धन के द्वारा ही धन प्राप्त होता है। इसलिए वह धन के द्वारा ही उत्पन्न नहीं होता है।
5	तीर्थों का परिचय मानव जीवन का अङ्ग होता है।	शिवों का जीवन मानव जीवन का होता है।
8	बहुत मिर्च है ? मिर्च से क्या कर रही हो ?	बहुत लम्बी हैं। टेस्टें क्या उठाती है ?
5	कहीं भोजन किया वा नहीं ?	कोई भी भोजन क्या है ?
14	कांग्रेस के राष्ट्रीय महा सचिव प्रियंगु गांधी ने भी श्री सिम्मी अग्निहोत्री के निधन पर शोक व्यक्त किया है।	यह निर्णय लोकनाथ के राष्ट्रीय कांग्रेस पार्टी के राष्ट्रीय अध्यक्ष मल्लिकार्जुन सिंह गांधी ने भी इस मामले में शोक किया है।
9	उस समय देवगणों ने श्रीराम और लक्ष्मणजी पर फूलों की वर्षा की और देवों ने दुन्दुभि बजाइ तथा सिद्धचारण गण उनकी स्तुति गाने लगे ॥	जो स्वर्णवर्णित वस्त्रों से सुशोभित हैं, जो श्रीलक्ष्मणजी के साथ श्रीलक्ष्मणजी के साथ धनुष पर बैठे हुए हैं, उन दोनों के साथ श्रीरामचन्द्रजी के साथ हैं।
5	यदि तूने कृतज्ञता से ये सम्मानित हैं	यदि तुम सब इसको गीता पुरस्कार से सम्मानित करो
7	इस मामले पर आज भी सरकार ने निर्णय नहीं लिया है.	इस संबंध में आज भी सरकार ने यह निर्णय नहीं किया है।
9	ऊर्जापूर्ति-समस्या से ग्रस्त जापान का चंद्रमा-लैंडर ने सप्ताह के बाद फिर से प्रक्षेपण शुरू किया।	जापान के जासून-हांचह-हांचह अंतरिक्ष यान के बाद चंद्रमा-हांच दिन से फिर से शुरू हुआ।
34	सम्मेलन में संस्कृत भारती उत्तर प्रदेश के संगठन मंत्री नरेंद्रवर, हरियाणा प्रांत के न्यासपति डॉ. रामनिवास शर्मा, प्रांत के अध्यक्ष डॉ. सोमेश्वर दत्त, प्रांत मंत्री प्रमोद, सह-मंत्री ईशम सिंह और भूपेन्द्र, साहित्य के प्रमुख पुष्पेन्द्र, विभाग के संयोजक डॉ. विनय गोपाल त्रिपाठी, डाकिया के प्रमुख डॉ. शीतांशु त्रिपाठी और अन्य प्रांतगण के कार्यकर्ता भी उपस्थित होंगे।	सम्मेलन में संस्कृत भारती के उत्तर प्रदेश के अध्यक्ष डॉ. रामप्रकाश शुक्ल, विशिष्ट वक्ता के रूप में श्री रामप्रकाश शर्मा, प्रांत के अध्यक्ष डॉ. रामप्रकाश शुक्ल, डॉ. कमल सिंह, डॉ. नवीन चौहान, डॉ. कमल सिंह, डॉ. कमल सिंह, डॉ. कमल सिंह, डॉ. कमल सिंह, डॉ. कमल सिंह, डॉ. कमल सिंह, डॉ. राजीव शर्मा, डॉ. राजीव शर्मा, डॉ. राजीव शर्मा, डॉ. राजीव शर्मा, डॉ. राजीव शर्मा, डॉ. राजीव शर्मा, डॉ. राजीव शर्मा, डॉ. राजीव कुमार शर्मा, डॉ. राजीव शर्मा, डॉ. राजीव कुमार शर्मा,
6	पुत्र -मैं कैसे झूठ बोलूँगा ।	पुत्र - मैं कैसे करूँगी।
1	हड़ताली	समझता है
3	सुष्मिता नाट्यगृह जा रही है।	सुबोध के घर जाती है।
27	सेंटर के निदेशक प्रोइंदु पांडे खंडूरी ने कहा, “हमारा केंद्र एनईपी 2020 के विभिन्न पहलुओं पर भाषण देने के लिए देश भर से विद्वान वक्ताओं को आमंत्रित करके शिक्षकों के लिए प्रशिक्षण के नए आयाम स्थापित करेगा।	इस केंद्र के निदेशक प्रो. एस.के. ने कहा कि केंद्र सरकार हमारे भाषण सेटलाट के लिए हमारे भाषण प्राप्त किया जाएगा। उन्होंने कहा कि देश के सभी क्षेत्रों में नई शिक्षा नीति के विभिन्न पहलुओं को बढ़ावा देगा।
8	केरल राज्य के विभिन्न हिस्सों से संस्कृत शिक्षक यहां मिलते हैं।	केरल के विभिन्न जिलों में संस्कृत भाषाओं का अध्ययन किया जा रहा है।
14	जगत सिंह नेगी ने कहा कि कुछ वर्ग हैं जो पहले की व्यवस्था का हिस्सा बनना चाहते हैं।	परमसिंह ने कहा कि कुछ वर्ग पूर्व वर्ग में जो सरकारी व्यवस्था लाने के लिए दृढ़ता को बढ़ाने के लिए ही प्रयास कर रहे हैं।
6	उस बड़े घर में चालीस खम्भे थे।	उस कारण से भवन के अंदर दो सौ थे।
13	इस पहली वर्ष की पहली संख्या दिसंबर में प्रकाशित हुई, जिसमें आहत्त्य आठ विभिन्न विषयों के शोध पत्र प्रकाशित किए गए हैं।	इस वर्ष पहली बार, जिसमें दिसंबर को, जिसमें विभिन्न विभिन्न विभिन्न विषयों पर शोध पत्र प्रकाशित किये गए हैं।
11	श्रीमान ने श्रीमद्भगवद्गीता में जीवन प्रबंधन विषय पर व्याख्यान दिया। उन्होंने कहा कि गीता के बिना जीवन नहीं है।	इस अवसर पर श्रीमद्भगवद्गीता के जीवन के विषय में जीवन के विषय में उन्होंने जीवन के विषय में जीवन के जीवन के जीवन में जीवन का जीवन नहीं है।
18	सुरक्षा बलों के द्वारा जम्मू-कश्मीर के अखनूर-जिले के नियंत्रण रेखा के पास गाँव में चला गया चित्र- ग्राहक यंत्र द्वारा प्रक्षेपित विस्फोटक हथियार और मुद्राओं को रोक लिया गया था।	सुरक्षा क्षेत्र के जम्मू-कश्मीर के तट पर स्थित खेत के पास-छ्रैग-एक रेलगाड़ी-एक छोटे सीमा के पास-छोटे ट्रेन-अंगिसरों के पास आ गए.
5	इंग्लैंड टीम के पास चहनांकाओं की अग्रता है।	इंग्लैंड और टीम के पास अंतरराष्ट्रीय संबंधी है।
10	मुख्यमंत्री ने कहा कि जो सरकार से प्रश्न करते हैं वे कृष्णोपनेत्र पहनते हैं।	जो सरकार के साथ खेलते हैं वह कृष्णकुंड के मुख्यमंत्री ने कहा।
1	इसी कारण से	इसलिये
5	झरोखे से सारा नगर दिख रहा है।	गगन सबका सजाई शहर दिख रहा है।
5	वहीं वर वधू ने एकदूसरे को तुलसी माला पहनाई।	वहीं वर वधिक एक आँख पर गोली ने सुंदर मछली की।
9	इस प्रकार छोड़कर वह घोड़े पर चढ़ाकर सहसा बैठ गया।	ऐसा कहकर वह गीदड़ ने अश्वूढ़ होकर उस वर्ष के पास खड़ा हुआ।
9	आकर उसने सेठ से कहा- “हे सेठ ! धरोहर के रूप मे रखी मेरी वह तराजू दे दो।	आकर उस दुष्ट ने कहा- “मेरे! मैंने मूर्ख को छोड़ दिया।
10	(शरीर से) परे (श्रेष्ठ) इन्द्रियाँ कही जाती हैं; इन्द्रियों से परे मन है और मन से परे बुद्धि है, और जो बुद्धि से भी परे है, वह है आत्मा।।	जो पुरुष अपने आत्मा के अनुसार ही अपनी बुद्धि को त्यागकर, अपने मन में स्थित होकर, मन को आत्मा में आत्मा में आत्मा में स्थित रहता है, वह योगी है।।
6	केवल 11 सीटें चुनी गईं।	केवल 32 पदों को पूरा किया गया था।
6	ओह आठम नहीं , हीं अष्टमी कहते हैं।	ओह , नहीं , आठ बजे वर्षा हो रही है।
13	उन्होंने कहा कि इस हिस्से में राज्य सरकार द्वारा संयंत्र के निर्माण के लिए दी गई भूमि का खर्च भी शामिल है।	उन्होंने कहा कि इस संयंत्र का निर्माण राज्य सरकार ने ग्रीनहाउस विकास के लिए भी किया है।
6	बाद में बेंगलुरु शहर में हिमाचलियों का सशक्त संगठन बनाया गया।	बाद में बेंगलुरु के महानगरों के उद्घाटन के लिए प्रधानमंत्री ने भाग लिया।
7	लौकिक पुरुष हाथी, घोड़े और सारथि जैसे गौरश्व है।	मीठेमी कपड़ेधारी पुरुष के शरीर में हाथ के समान है।
10	श्रीमहादेवजी बोले सुमन्त्र जी ने भी सन्ध्या काल में, सजल नेत्र होकर, वस्त्र से मुख ढंककर अयोध्यापुरी में प्रवेश किया ॥	इस प्रकार सुमन्त्र के मन्त्रों को भी लेकर वह क्रोधपूर्वक रोती हुई भी उस समय कुण्डल के वृक्ष के तट पर गिर गया और उस शब्द के समान कान्ति से युक्त वस्त्र धारण किये हुए, उस कुण्डल के समान सुन्दर वस्त्र धारण किये हुए, उस कुण्डल के समान, जटात्मा के समान सुन्दर नेत्र वाले, बाण वाले, बाण से युक्त वस्त्र धारण किये हुए, जटादि के समान, जटादि के समान, सुन्दर वस्त्रों के समान, सुन्दर वस्त्र वाले, जटात्मा के समान सुन्दर वस्त्र वाले, धनुष वाले, धनुष के समान, धनुष के समान सुन्दर वस्त्रों को भी उस दिव्य
1	कहने पर ।	निकलता है
6	एक बार मेहुल देर रात घर आ रहा था ।	एक बार मेरे घर के आँगन में कारी देर आती था।
1	वचन।	काम
23	मोदी ने वीडियो कॉन्फ्रेंसिंग के माध्यम से विकसित भारत संकल्प यात्रा के लाभार्थियों के साथ चर्चा में कहा कि पिछले नौ वर्षों में पचास करोड़ लोग निर्धन वर्ग से बाहर आ गए हैं।	वीडियो में भारत के माध्यम से विकसित भारत संकल्प यात्रा के माध्यम से नई दिल्ली में प्रधानमंत्री ने कहा कि देश के पांचवें वर्ष के लोगों के साथ जन समुदाय के निर्धन नौवें स्थान पर नौ करोड़ रुपये का दान हुआ है।
10	इस बार भी चंद्रमा अपने दक्षिणी ध्रुव के पास समतल क्षेत्र में उतरेगा।	इस दौरान, दक्षिण अफ्रीका के दक्षिण दिशा में स्थित अंतरिक्ष क्षेत्र में एक सौ से अधिक होगा।
4	मैंने एक सेविका को बुलाया ।	मैंने एक भेजा।
12	समग्र रूप से दक्षिणी एशिया में सत्ताईस वर्ष के धनराशि के भेजने में सात मिलियन वृद्धि हुई।	उदाहरण-सोगी के रूप में दक्षिणी हजार से अधिक धन-क्यों के लिए सुबह सात सौ रुपये का बढ़ोतरी हुआ।
21	ब्रह्मविचारमें जिसका चित्त एक क्षणके लिये भी स्थिर हो जाय, उसने समस्त तीर्थोंके जलमें स्नान कर लिया, सम्पूर्ण पृथ्वीका दान दे दिया, सहस्त्रों यज्ञ कर लिये, समस्त देवताओंका पूजन कर लिया तथा अपने पितरोंको संसार सागरसे - पार कर दिया और स्वयं तो वह त्रिलोकीका ही पूजनीय हो गया ।।	उस प्रकार सभी प्रकार के शुभावस्था में स्थित सभी देवताओं के साथ वार्तालाप करना, सभी प्राणियों के साथ-साथ कल्याण करना, ब्रह्म के साथ-साथ कल्याण के लिए, ब्रह्म के समान, ब्रह्मदान, ब्रह्मदान, दान, दान, दान, दान, दान, दान, दान, दान, दान, दान, मृत्यु, दान, दान, दान, दान, मृत्यु, पराक्रम, पराक्रम, पराक्रम, पराक्रम, पराक्रम, पराक्रम, पराक्रम, पराक्रम, पराक्रम, पराक्रम, पराक्रम, पराक्रम, पराक्रम, पराक्रम, पराक्रम, पराक्रम, पराक्रम, पराक्रम, पराक्रम, पराक्रम, पराक्रम, पराक्रम, पराक्रम, पराक्रम, पराक्रम,
3	तुम सेवो ।	तुम सब सेवक हो।
8	1 मार्च को शुक्र और बृहस्पति एक सीधी रेखा पर पहुँच गए।	सोमवार को इज़ार में सेना और सैनिकों ने सूचिस्तान को हराया।
1	ये चारों ओर वर्तमान	एक
1	खुशी और गम के अधीन	अनेक प्रकार के
7	सर्वेक्षण समग्र शिक्षा अभियान के राज्य परियोजना निर्देशालय द्वारा किया जाता है।	सभी प्रक्रियाओं का आयोजन राज्य के निदेशक बन जाएगा।
6	तीन दिवसीय सम्मेलन आज शुरू होगा	तीन-दो दिन तक राष्ट्रीय सम्मेलन पूरी होंगी।
9	और कहीं पर पति भी अपनी पत्नी के रूप में देवी का रूप धारण कर, सखियों के समान मानो।	और भी-बालक के पति के पुत्र के रूप में अपनी पत्नी के रूप में पत्नी के रूप में, पिता के रूप में, यह कहा गया है।
6	खोज कर उसके सफ़ेद बाल का चित्र आ गया।	खोजकर उसका चित्रकरण आया।
14	यू.ए. ई., सऊदी अरब के बाद बुधवार को खट्टर के स्वास्थ्य मंत्रालय ने भी स्पष्ट किया कि स्थिति पर नजर रखी जा रही है.	ई.एस.एस.एस.सी. ने कहा कि, बुधवार को देश के बाद पांच हजार से भी अधिक लोग शामिल हैं कि केंद्र में शामिल हुए हैं।
11	इसके पश्च्यात राजा दशरथ ने श्री राम और लक्ष्मण को बुलवाया तथा उनका आलिङ्गन कर तथा सिर को सूंघकर श्रीविश्वामित्र जी को सौंप दिये ॥	वह राम और लक्ष्मण के साथ श्री राम के चरणों से पूछे हुए और वह दिव्य नेत्रों को अर्पित किया और उनके चरण कमल पर चढ़कर उनकी ओर दौड़ा ॥
9	यदि वह निकाला है तो फिर स्थापित किया जाएगा।	यदि वह निकालने का यंत्र फिर से स्थापित होगा
15	न केवल इस अपितु सफल परिश्रम के आधार पर वह आज बी.एस. में भी अध्ययन कर रही हैं एड्स.	न केवल यह अपितु प्रदर्शन है अपितु अब वह बी.एस.एस.एस.एस.सी.सी.सी.इस समय भी अध्ययन कर रही है।
6	अनेक बार मुगल राजा महाराणा प्रताप से पराजित हुए।	अनेक बार बाबर के समान युद्ध में महारानी शिवाजी महाराज दिवंगत हुए।
10	चन्दन, चिरायता, धमासा, बासा और सोठ, दारूहल्दी की छाल, खस तथा नीम की छाल इनका क्वाथ रक्तजन्य अर्श मे शान्ति करता है । दाहल्दी की छाल, खस और नीम की छाल इनको पृथक् भी प्रयोग करने से रक्त रुकता है ॥	जो कोई भी हो, ऐसे हो, ऐसे हो, ऐसे हो, ऐसे हो, जो गला हो, गला हो, गला हो, गवड़ना हो, गला हो, गवड़ना, गला, गला, गला, गला, गला, गला, गौ, गौ, गला, गौ, गला, गौ, गला, गौ, गला, गौ, गला, गौ, गला, गौ, गला, गौ, गला, दुष्यव, गौ, गौ, दुष्यव, गौ, गौ, गौ, दुष्यव,
7	अहंकार के कारण वह निर्दोषों को भी मारता था	विल्चि के कारण वह पुल भी तेज घूमती थी।
13	बुद्धिमान् श्रीरामचन्द्र ने भी धनुष लेकर उसपर दो बाण चढ़ाये और कर्ण पर्यन्त खींचकर पृथक् पृथक् दोनों राक्षसों की ओर छोड़ दिये ॥	श्रीरामचन्द्रजी ने राम को भी छोड़कर स्वयं ही अपनी सेना को चलाकर उन्हें देखा। उस समय वह राक्षस ने उन दोनों राक्षसों को देखा। तब वह उन दोनों ने उन दोनों के साथ पूछा कि तुम दोनों के साथ वन में आये हैं।
4	उसकी बात करने की शैली हँसी से भरी है।	उसका समासन अद्वितीय था।
7	पुण्य कर्म में जो रत हैं वे पुण्य फल ही पाएँगे।	पुण्य कर्म से जो मनुष्य फल के फल को प्राप्त करेगा।
7	दोपहर में बजे सहसा ज़ोर से शोर हो गया।	दोपहर में बजे से शाम 4 बजे तक बगुला हुआ।
6	इस फिल्म का आधिकारिकघोष बहुत जल्दी होगा।	इस फिल्म का आरम्भ बहुत जल्दी ही होगा।
1	भले ही	काम
7	आने वाले संतों के द्वारा वातावरण सुरक्षित किया जाना चाहिए।	आगामी लाख से अधिक परिस्थितियों में सुरक्षित वातावरण का वातावरण है।
4	द्वावेव उत्तराखंड का गौरव है।	दोनों उत्तराखंड के प्रकाश से गोपाल निकलते हैं।
9	रूपाली आगे बोली कि वह पृथ्वी की नाट्यगृह में नाटक कर रहा था।	राजीव ने आगे कहा कि वह शस्त्र के घर पर प्रवेश कर रही थी।
3	चार वेद कौन-से हैं?	चार वेद कौन थे?
3	असह्य कष्ट है	कष्ट देना है
6	वह रास्ते में ही कूड़ा फेंकती है	वह रास्ते में ही कूड़ा फेंकता है।
5	पंद्रह मिनट तक वह कूदा।	पन्द्रह मिनट तक वह कूड़ा हुआ है।
18	इसी बीच वीरवर लक्ष्मण जी ने प्राणों की आशा में डूबकर उनका भक्षण करने के लिए अपने सामने आकर शक्तिमान रावण को बाणवर्ष से चढ़ापा।	इसके बाद बलवान लक्ष्मण ने लक्ष्मण को देखकर धनुष पर चढ़े और उस समय उस शिकारी को मारने के लिए उस वर्ष उस वर्ष उस शक्ति को चढ़ाया।
7	हिमाचल प्रदेश के मुख्यमंत्री सुखविंदर सिंह सुक्खू बुधवार को दिल्ली के लिए रवाना हो गये.	हिमाचल प्रदेश के मुख्यमंत्री सुखविंदर सिंह सुक्खू ने बुधवार को दिल्ली में घुस दिया।
7	हमारे गाँव आना, मैं तम्‍हें झरना दिखाऊँगी	मेरा गाँव आ गया, मैं चूहे को मार रहा हूँ।
1	जो अच्छी तरह से संरक्षित किया गया है	बिना कारण से
17	हिमकेयर योजना के तहत 8.53 लाख परिवारों को पंजीकृत किया गया और सहारा योजना के तहत फरवरी तक 3,106 लाभार्थियों को पंजीकृत किया गया है	लाहौल के तहत आठ करोड़ रुपये के खर्च से 35 लाख रुपये के साथ अधिक हैं और 72 करोड़ रुपये के साथ,1220 करोड़ रुपये के साथ भी शामिल हैं।
8	यह घटना पंजाब के अमृतसर जिले के शाजत गांव के पास हुई।	पांच सौ से अमृतपुर नगर के पास के पास स्थित थी।
7	करता हुआ ही यहाँ कर्म, जीने की इच्छा करे सौ वर्ष	और भी कर्म के लिए कर्म करना चाहिए।
1	निर्धन	कष्ट
5	छात्रवत्सल गुरु छात्र को धर्म का बोध कराता है।	छात्र गुरु की गुरु गुरु को गुरु समझता है।
1	शीघ्र	शीघ्र ही
5	माता पुत्र से सांप मरवाती है	माँ बेटी के द्वारा गिरे हुए हिरण को मारती है।
8	इस समिति में नियुक्त महिलाओं के लिए 30 फीसदी आरक्षण होगा।	इस में नियुक्त महिलाओं के लिए 35 फीसदी पंजीकृत होगा।
5	हम समाज को क्या देते हैं ?	हम समाज को क्या देते हैं ?
5	कल रात सम्मान समारोह हुआ।	कल रात सम्मान का सम्मान हुआ।
6	जिसने सेवा धर्म स्वीकार किया, उसने जीवनसुख ही प्राप्त किया।	जिससे सेवा धर्म का ज्ञान प्राप्त हुआ, वह जीवन में ही प्राप्त हुआ।
5	सीवान के सभी लोग भयभीत हैं	बहन के सभी लोग खड़े हैं।
6	यह दाहिने हाथ से भोजन शर बांये से जल पीता है।	यह कहकर दुल्रे हाथी के पास जाता है।
24	छोटी वर्ग में मीटर दौड़ने में स्वामीदर्शनानन्द- गुरुकुल- कॉलेज ज्वालापुर के प्रतियोगी छात्र देवांश पहले स्वामीदर्शनानन्द गुरुकुल-प्रतियोगी छात्र शिवम कॉलेज ज्वालापुर के दूसरे, ऋषिकुल विद्यापीठब्रह्मचर्या आश्रम के प्रतियोगी छात्र दीपांशु खन्तवाल तीसरे स्थान पर रहे।	जूनियर वर्ग में दौड़ने वाले गुरु वंददेवदेव- विद्यालय के छात्रों ने पहला स्थान पर देवदेवदेवदेवदेव की, गीता विद्यालय के छात्र, गीता गुरुकुल परिसर में, गीता पाठ प्रतियोगिता का संचालन किया।
19	हे भगवन् ! शारीरक, मानस, आगंतुक और स्वाभाविक व्याधियोंसे नाना प्रकारकी पीड़ाके केशसे दुःखित व सनाथ होकर भी अनाथकी भांति तड़फते और विलाप करते हुए मनुष्योंको देखकर हम सबके मनमें खेद होता है इससे उन सुख चाहनेवाले रोगियोंक रोगशांतिके लिये और सुखसे अपना जीवन व्यतीत करनेको तथा प्रजाके कल्याणके अर्थ जैसे आप उपदेश करेंगे आयुर्वेद (वैद्यक शास्त्र) के सुनने की हम सब इच्छा करते हैं ॥	भगवन् ! आप श्री विष्णुदेवजी के द्वारा रचित हैं, जो शास्त्र, कर्म के द्वारा, साधुओं के द्वारा, रसों से, रसों से, रसों से, रसों से, रसों से, रसों से, रसों से, रसों से, रसों से, रसों से, रसों से, रसों से, रसों से, रसों से, रसों से, रसों से, रसों से, रसों से, रसों से, धन से, धन से, धन से, धन से, धन से, धन से, धन से, धन से, धन से,
8	परन्तु न्यूनतम तापमान में कमी के कारण ठंडी लहर लगातार होगी।	परन्तु कम तापमान में कम तापमान के कारण बिजली की कमी हो जाएगी।
6	सभी बच्चे नीरव के बगीचे में खेलते हैं	सभी लड़के के द्वारा वस्तुएँ खेलते हैं।
1	हत्यारा	अचानक
33	उस बाद जय शब्द से महेश्वर को प्रसन्न करते हुए सभी नशाचरों, देवताओं और ऋषिगण विष्णु के पास जाकर उस शंखचक्र धारण करने वाले देव को प्रणाम करते हुए, हे देव ! सुकेश के तीन पुत्रों और तीनों त्रेताग्नि के सन्निहित वरदाताओं के साथ हमारे स्थानों को सुशोभित करने लगे।	फिर विश्व प्रसिद्ध भगवान विष्णु के द्वारा रचित सभी देवों को देखकर महादेवजी ने उन देवों को प्रणाम किया और देवताओं के पास जाकर विष्णु के पास जाकर देवताओं के प्रणाम किया। तब इन्द्र जी ने देवताओं के सिर पर स्थित होकर देवताओं के समूह के समान गड्ढे के समान, दिव्य नेत्रों वाले, दिव्य नेत्रों वाले, दिव्य नेत्रों वाले, दिव्य नेत्रों वाले, दिव्य नेत्रों वाले, दिव्य नेत्रों वाले, दिव्य नेत्रों वाले, दिव्य, दिव्य, दिव्य, दिव्य, दिव्य, दिव्य, दिव्य, दिव्य, दिव्य, दिव्य, दिव्य, दिव्य, दिव्य, दिव्य, दिव्य, दिव्य, दिव्य, दिव्य, दिव्य, दिव्य, दिव्य, दिव्य
5	प्रधानमंत्री ने लोगों को युवजन-महोत्सव की शुभाशंस की.	प्रधानमंत्री ने लोगों के लिए उत्साहपूर्ण सम्मान किया।
3	जब वो रुकते हैं	वे जब वे सब देखते हैं
5	किंतु न चलता हुआ गरुड भी, एक कदम भी नहीं जाता।	पुरोहित वैशाही भी नहीं खोलती है।
5	जहाँ परिश्रम हैं, वहाँ असफलता कहाँ?	जहां धूर्त हो, वहाँ कहीं कहीं कहीं कहीं कहीं कहीं से रहते हैं?
11	नीलेश - मैं अहमदाबाद के पास विशाल गौशाला बना रहा हूँ।	नीलेश - मैं कान्या नगर के पास के गाँव के किनारे के रूप में जाता हूँ।
6	यह क्या है वृक्ष या ठूंठ ?	यह वृक्ष कौन कर सकता है ?
4	वह अपना धन दिखा रही है ।	वह अपना धन दिखाता है।
4	प्रत्येक गाँव में बाग़ होता है।	नदी के जल में उद्यान होता है।
9	जो मन परिसर को सुगन्धित करता है उसका नाम परिमल है।	जिससे मन की गति होती है और शरीर का नाम एक बल है।
6	चिकित्सालयों में उपकरण और औषधि का अभाव है।	अस्पताल में कर्मचारियों का, विद्युत् वाहनों का अभाव है।
5	गुरु छात्र को शास्त्र स्त्र में ले जाता है।	गुरु छात्र को शास्त्र सिलाती है।
23	इसके लिए स्वास्थ्य- परिवार कल्याण, सामाजिक न्याय, सशक्तिकरण, श्रम और  ⁇ m ⁇ lo ⁇ ment, मंत्री कैनल डॉ. धनीराम शांडिल सोलन शिमला ने राष्ट्रीय राजमार्ग के चतुष्म लाइन के काम को शीघ्र करने के लिए संबंधित अधिकारियों को निर्देश दिया।	उन्होंने अपने-अपने परिवार के लिए परिवार के प्रमुख, न्याय मंत्री, न्याय-जन और न्याय मंत्री डॉ. चंद्र सिंह को एक बार बार बार बार बार बार बार बार बारम्बार के लिए राष्ट्रीय सड़क पर सहायक करने के लिए कार्यक्रम का निर्देश दिया।
4	संदीप कहाँ जाता है ?	संदीप कहाँ जा रही है ?
5	छात्रवत्सल गुरु छात्र को धर्म का बोध कराता है।	छात्र गुरु की गुरु गुरु को गुरु समझता है।
8	पराग - नहीं , तेज मत चलो ।	परसों नहीं ,कहाँ चलिये।
7	सरकार की इस नीति में कर्मचारियों का उत्साहपूर्ण सहयोग होता है।	सरकार की इस पहल के लिए सरकार के साथ प्रयास किया जा रहा है।
6	और अपने परिवार का सम्मान अवश्य बढ़ेंगे।	अपने परिवार और सम्मान अवश्य बढ़ेंगे।
10	इससे पतञ्जल का समय सामान्यतः ख्रिस्तपूर्व 150 वर्षों का है।	उन्होंने कहा कि ढोल में आगबेज में हर समय 14 हजार साल पहले होता है।
10	प्रशिक्षण पाने के लिए जो शिक्षक आए थे उन्हें भी उत्साह के साथ भाग लिया गया।	प्रशिक्षण प्राप्त करने के लिए जो शिक्षक आए थे वे भी उत्साह से भाग लिया गया।
1	विपरीत	एक साथ
4	कितने बजे तक पढ़ेंगे ?	कितने बजे तक पढ़ेंगे ?
9	जैसे-जैसे इस लोक में जो कुछ कार्य होते हैं, वे सब तुझी संचित की जाती हैं।	यदि वे इस विश्व में जाते हैं तो वे इस स्थान पर नियुक्त होते हैं।
1	देखते हैं	कछुआ
5	पति - आज फिर से ....	पति - आज फिर से देख
9	वास्तव में रुपाली गांगुली के पिता अनिल गांगुली सर्वश्रेष्ठ फ़िल्म निर्माता थे।	वास्तव में गाला गायिका गायिका कपूर सिनेमा के फ़िल्म के लिए चलचित्र निर्माण किया था।
9	तेजिन्दर – हमारा तिरंगा झण्डा स्वाधीनता और राष्ट्रगौरव का प्रतीक है।	तेजि – हमारे झगरे में, झगड़ा और झगड़ा देश का सबसे बड़ा देश है।
1	रोगी का	जानने के लिए
15	सर्वश्रेष्ठ टेलीविजन कार्यक्रम-इस दौरान दिखाई पड़ने के बाद अब लक्ष्य लालवानी है''किल''फिल्म के माध्यम से कोहली-फिल्म में वह दिखाई देगा.	दूरदर्शन महत्वाकांक्षी कार्यक्रम में कार्यक्रम के बाद अब अब-बी.एस''इसकी फिल्म में''इस फिल्म का शूटिंग करेंगे-इस फिल्म में प्रदर्शित किया जाएगा।
7	इस संबंध में बुधवार को राज्य के राजभवन द्वारा अधिसूचना प्रसारित की गई है।	इस संबंध में, मंगलवार को राज्य के प्रशासन ने बुधवार को अधिसूचना जारी की है।
12	उत्पादन औरव्यय के अनुसार ग्रेवल की दर को तय करने के लिए सरकार सोच रही है, जिससे जनता को नुकसान न हो सके।	उत्पादन के अनुसार, कार्य के लिए सरकार को निर्देश देने के लिए सरकार का विचार नहीं होता है, जिससे सरकार लोगों को मार दिया जाता है।
1	जन्म और मृत्यु	एक साथ
5	वे विलासी लोग आने वाली आपदा को नहीं देखते हैं।	वे सुख से पीड़ित होकर किसी को देखते हैं।
6	दिल्ली के उपमुख्यमंत्री मनीष सिसोयी को फरवरी में गिरफ्तार किया गया है.	दिल्लीनगर के दिल्ली में कैबिनेट दिसंबर को हुए सत्र में आयोजित की गई।
5	गङ्गा नदी के तट पर उनका आश्रम है।	गंगा नदी के तट पर उनका आश्रम है।
17	मुख्यमंत्री सुखविंदर सिंह सुक्खू ने कहा कि राज्य सरकार ने कांगड़ा जिले के ढगवार में अत्यन्त आधुनिक स्वचालित दूध प्रसंस्करण संयंत्र को स्थापित करने के लिए राष्ट्रीय दूध विकास बोर्ड के साथ ज्ञापन पर हस्ताक्षर किए हैं।	मुख्यमंत्री सुखविंदर सिंह सुक्खू ने कहा कि राज्य सरकार ने कांगड़ा जिले के कोट्टू जिले के तट पर लाकर चट्टानों के निर्माण के लिए एक नया विकास स्थापित किया है।
8	इस संबंध में मंगलवार को झारमा जरीिस्तान में घटनास्थल से आवश्यक साक्ष्य एकत्र किया गया।	इस संदर्भ में चीन ने मंगलवार को पुलिस हवाई अड्डे की घटना को दूर करने के लिए आवश्यक कदम जारी किया है।
8	मुम्बई में वह आतंकवादी हमलों की स्मारक में शहीद वीरों को पुष्पंजलि देगा।	मुम्बई में वह आतंकवादियों के साथ-साथ स्वच्छिगों के साथ पुष्पों का पुष्प बदलता है।
7	छात्रवृत्ति योजनाओं में भ्रष्टाचार का निवारण करने की व्यवस्था की गई है।	यह योजना छात्रों को निर्देश देने के लिए वर्तमान सरकार ने अधिसूचना जारी की है।
13	आलस्य ही मनुष्य के शरीर का महान शत्रु है। उद्यम जैसा कोई मित्र नहीं है। कार्य करने वाला व्यक्ति दुःखी नहीं होता है ।	मनुष्य अपने शरीर के अनुसार ही शरीर के समान, शरीर के समान, शरीर के समान, शरीर की शोभा नहीं है, वह सुख प्राप्त करने के कारण ही सुख को प्राप्त करता है।
5	मैं उसकी शाखाएँ काट रहा हूँ ।	मैं उसके पास खड़ा हो जाता हूँ।
22	ध्यान का बहाना बनाकर (तुम) किस सुन्दरी का चिन्तन कर रहे हो? क्षणभर के लिये आँखें खोलकर कामदेव के बाणों से व्यथित इन जन को तो देखो, रखक होते हुए भी तुम हमारी रक्षा नहीं कर रहे हो व्यर्थ में ही तुम दयालु कहलाते हो तुमसे अधिक निष्ठुर पुरुष कोईओर नहीं है। इस प्रकार अप्सराओं द्वारा ईर्ष्यापूर्वक कहे गए ज्ञानसम्पन्न जैन तीर्थकर (महाराज) आप सबकी रक्षा करें।	हे प्रभो ! आप अपने आप अपने आप अपने आप अपने आप अपने ही जगत् को छोड़कर, जगत्, तीर्थों, तीर्थों, तीर्थों, तीर्थों, तीर्थों, तीर्थों, तीर्थों, तीर्थों, तथा भदाओं, तीर्थों, तीर्थों, और भदाओं, मणों, मणों, मणों, मण, मणों, मण, मण, मण, मबाला, मबाला, मबाला, मबाला, मबाला, मब, मब, मब, मब, मब, मब, म
4	वर्षा की प्रतीक्षा कर रहे हैं	वर्षा की प्रतीक्षा कर रहे हैं।
5	भारतीय खिलाड़ी सूर्य कुमार यादव को सर्वश्रेष्ठ खिलाड़ी चुना गया।	भारतीय खेल खेल खेल खेल खेल खेल और मन्न्ता के रूप में चुना गया।
5	जर्मनी देश का क्रम चौथा है।	जमीनी देश देश में चौथे चौथी है।
13	यदि मैं आज्ञा नहीं करता हूँ, यदि गुह्य नहीं है, यदि मेरे द्वारा सुना जा सकता है तो कृपया कहें।	मैं नहीं जानता, यदि मैं तुम्हें नहीं समझता तो मैं तुम्हें बताऊँगा।
18	जो भी सभ्यता, क्षेत्र का विकास, जीविका, संस्कृति, शिक्षा आदि के इस क्षेत्र में प्रवाहित बड़ी जलधाराओं के कारण यह इतिहास में उल्लेखित है,	जो कोई भी है, वह कुछ क्षेत्र के विकास के लिए, संस्कृति के क्षेत्र में, संस्कृति के क्षेत्र में, पर्यावरण के क्षेत्र में, पर्यावरण के क्षेत्र में, पर्यावरण के कारण विभिन्न क्षेत्रों में, कुछ भी वेग से प्रभावित होता है।
6	एक बार वे धर्म के प्रचार के लिए एक गाँव को गये।	एक धर्म में वह धर्म प्रचार के लिए एक गाँव गया।
5	वह वृद्धा खुश हो जाती है	वह वृद्ध प्रसन्न होता है।
5	फिर भी सामा बहुत गुणवती है ।	फिर भी सामान बहुत गुणों का स्वभाव है।
19	इस अवसर पर सोमवार को शिमला में उद्योग मंत्री उपस्थित हुए मुख्यमंत्री सुखविंदर सिंह शुक्ल ने गिरिपार क्षेत्र के अधिकारियों और जनता की उपस्थिति में हाड़ी समुदाय को अनुसूचित जनजाति के रूप में घोषणा की और अधिसूचना जारी की।	इस अवसर पर सोमवार को शिमला के मुख्यमंत्री सुखविंदर सिंह सुक्खू और मुख्यमंत्री सुखविंदर सिंह सुक्खू ने क्षेत्र के लोगों को सुरक्षा विभाग के लोगों के पद पर सुरक्षा के लिए एक व्यापक आदेश दिया।
3	उसकी चिकित्सा करवाई।	उसकी चिकित्सा हो गई।
5	सर्वमेध विधाता ने उन दोनों को जगत्सृष्टि की रचना की।	सभी नेन्हों ने धर्मदान किया।
5	उत्तम लड़की से धन लेता हूँ।	उत्तम लड़की के लिये धन देता हूँ।
16	लम्बी श्वास लेकर । हे पुत्रि, तुम्हारे द्वारा पहले पूजा के लिए डाले गए (और अब) पर्णकुटी के द्वार पर उगे हुए नीवार के उपहार को देखते हुए मेरा शोक भला कैसे शान्त हो सकेगा? ।।	काश्यप पुत्री ! हा दु: हा अनसूया ! हा अनसूया ! हा अनसूया ! हा अनुया तू में तू बनाओ, अब मैं तुम्हारा शरीर बनाकर जल्दी से रो रहा हूँ। यह कहकर रो रहा हूँ। यह कहकर कि हाबी रोती के पास ले गया।
1	महात्मा गाँधी	कृपा
4	शीखा प्रतियोगिता को प्रथम पुरस्कार, भागीरथ गिरी।	गाला पुरस्कार विजेता पहली पुरस्कार से दीया को प्राप्त हुई।
4	अंत में पाकिस्तान की पराजय हुई।	अंत में पाकिस्तान के अंतिम स्थान पर नौकरी हुई।
15	कक्षाओं का अनुभवकथन स्मृतिगुप्ता ने किया, आदित्यरावत, डॉ. राघवेन्द्र मिश्र ने, मुकेश लोधी, निशा पाण्डेय और डॉ. भागीरथी मिश्र ने किया।	कक्षा के दौरान विभिन्न प्रसिद्ध शिखरों से डॉ. कविता भट्ट, डॉ. वी.एस.एम.एम.जी.जी., डॉ.एम. वी.जी.जी.जी.जी. के. के. के. पर सुशोभित थे।
3	जोकि, उपयोंको अधिकार करके यह तन्त्र रचागया है इस वास्ते इसका अग्रगण्य ) औपद्वधिक अध्याय प्रथम वर्णन होगा ॥	यह सुनकर, लम्बी व्यक्ति इस तरह से रहित हो गया।
10	इस पृथ्वी पर तीन ही रत्न हैं-जल, अन्न और हितकारी वचन, परंतु मूर्ख लोग पत्थर के टुकड़े को रत्न कहते हैं।	पृथ्वी पर पृथ्वी पर चारों ओर जलों को जलों के समूहों के समूह के समान तथा रत्नों के समान चन्द्रमा के समान चन्द्रमा के समान चन्द्रमा का कल्याण होता है।
1	इन सभी	एक
5	इसके बाद संस्थानगीतिका "श्रुतिसरभरविचार" को राधेमोहन और यशिक द्वारा प्रस्तुत किया गया।	इसके बाद संस्थान ने "मैं "मैं इस विषय पर गद्गद वाणी का संचालन किया।
4	आपने झरना देखा है?	क्या आप ठंडी हैं?
7	वो दोनों देवनागरी में ही हस्ताक्षर करती हैं	वे दोनों देवपुर से ही प्रार्थना करते हैं।
6	मैं भी नहीं जानता, परन्तु सूर्यसिंह जानता है।	मैं भी नहीं जानता। परन्तु सूर्य के रूप में जानता हूँ।
28	इसरो अध्यक्ष एस सोमानाथ ने कहा कि भारत की प्रमुख सौर मिशन आदित्य है-एल-इत्य है यह छ जनवरी है-दिनांक पर धरती का एक पांच लाख किलोमीटर-दूर स्थित लैंडर-बिन्दु अपने मनोरथ पर पहुंच जाएगा।	इसरो के अध्यक्ष एसएस ने कहा कि भारत के प्रमुख-मनीई-रेजवेस-एक दिन भारत-एक सौ से पांच सौ से अधिक एक सौ रुपये का खर्च करेंगे।
8	तब से, भागवत उनके साथ विश्वसनीय हो गया।	फिर से अंतरिक्ष में उसका विचार किया गया।
4	अधिक भोजन का यही फल है ।	अधिक भोजन ही फल है।
8	जिसकी प्रारम्भिक सत्र संस्कृतप्रार्थना है, संस्कृत भाषा में वार्ता आदि पढ़ते हैं।	जिसके प्रारम्भ में  ⁇ udget में संस्कृत भाषा के प्रचार-प्रसार के लिए संस्कृत भाषा पढ़ रहा है।
6	ये ही मिलकर या अलग-अलग हमारे पर्यावरण को बनाते हैं।	मनुष्य को निर्बलों के लिए किसी प्रकार का पर्यावरण का प्रयोग करते हैं।
13	इजरायल देश से कहा गया है कि वह इस केंद्र शासित प्रदेश में जल्द ही समुद्री जल शुद्धीकरण के कार्य में लगेंगे।	इजराइल देश के प्रासंगिक केंद्र ने कहा कि वह इस क्षेत्र में इस योजना के लिए गड्स का काम किया जाएगा।
3	कँटीला रास्ता है।	काँटे का मार्ग है।
11	इस उपोषण में, पर्यावरण के परिवर्तन, कृत्रिम बुद्धिमत्ता के संकट और आर्थिक विषयों पर चर्चा की जाती है।	इस दौरान, जल जल जल पर्यावरण के परिवर्तन के लिए बदलाव के लिए प्रौद्योगिकी समस्याओं पर चर्चा की जाती है।
10	इसलिए वह कात्यायन का''सिद्ध शब्द अर्थ के संबंध में लोकतोर्थ के लिए प्रयोग किए जाने के लिए शास्त्र द्वारा लौकिक वेदिकों में धर्म का पालन किया गया।	उस प्रकार वह''परवहज्ञ''इस शब्द के अर्थ के अर्थ के अर्थ के लिए प्रयोग करने के लिए प्रयोग किया गया है।
8	हाँ देखिये , मैं आदर्श पाठशाला का छात्र हूँ।	हाँ , मैंने कभी भी अध्ययन किया।
3	जल्दी जाओ ।	जल्दी जा रहा है।
10	जब वह यहाँ आया तब कुछ दिनों में प्राकृतिक आपदा थी।	जब वह यहाँ आया तब कुछ दिनों में कुछ दिनों पर आना था।
5	कौन दोपहर में पाठशाला नहीं जाता?	कौन दोपहर को पाठशाला नहीं जाता ?
12	कोर्ट ने कहा कि हम दी जाने वाले निर्णय पर हस्तक्षेप नहीं करना चाहते हैं, इसलिए विशेष याचिका निलंबित की गई है।	न्याय कुमार ने कहा कि हमसीआई को स्वीकार करने के लिए या हाथ नहीं जाना चाहते हैं, इसलिए विशेष रूप से कार्य करने के लिए विशेष प्रयास करते हैं।
1	अचानक	साथ ही
7	यह बीमारी औषधि, वनस्पतियों और संपत्तियों में स्थित होने के कारण भी हो सकती है।	वैद्य, औषधि, दरीदि, ब्लाहितिमादि और अन्य चार प्रकार की रक्षा करनी चाहिए।
1	प्राणवायु ।	नदियाँ।
7	आत्मा षड्भाव विकारों से रहित, अनन्त सच्चित्स्वरूप, आनन्द स्वरूप, बुद्धि आदि का साक्षी तथा अविनाशी है ॥	जो पुरुष अपने स्वरूप से किये गये हुए कर्मों को दूर करने वाले, सैकड़ों प्रकार के द्वारा किये गये हैं, वह योगी, तथा परमात्मा के द्वारा मुक्त होकर, परमात्मा के समान ही परमपद का आश्रय लेता है ॥
8	लेकिन निर्माताओं ने आज भी फिल्म की शूटिंग नहीं शुरू की।	परन्तु निर्माता आज भी फिल्म का शूटिंग नहीं शुरू हुआ।
5	बार बार पानी पीता हूँ	बार बार बार जल पीती है।
6	धर्म की रक्षा के लिये वह आगे आया ।	धर्म की रक्षा के लिये वह आगे आया।
9	यह सम्भव है। कहाँ से? 'अन्तपारं किल शब्दशास्त्रम्' ऐसा कहा गया है।	यह अनुमान है कि यह किस तरह का अर्थ कहाँ है? यह शब्दशास्त्र का प्रयोग किया गया है।
4	पति - खाएगा ।	पति - खाएगा।
4	वह नगर को जाता है क्या?	वह नगर को जाता है क्या?
6	चुनाव की प्रक्रिया में देरी के कारण पाकिस्तान तहरीक-ए-इंसाफ पार्टी का विरोध किया जा रहा है.	चुनाव में पाकिस्तान ने तीन गोलियों में जीत हासिल की-एज-एज-एज-एज-उन्होंने विरोध किया है.
6	शिक्षिका – हे छात्राओं ! तुम सब क्या करते हो?	शिक्षिका – तुम क्या कर रहे हो ?
7	इसने सौ रुपये लिये वा नहीं ?	भिखारी को तेल पिलाकर क्या ?
4	दूकान से सबसे पहले सोलर पैनल निकाला ।	बस से पहले सौर ऊर्जा निकाले।
7	इस समय नगरीय प्राथमिक स्वास्थ्य केन्द्र हजारों के लिए स्वास्थ्य सेवा प्रदान करती है।	अब, नगर स्वास्थ्य केंद्रों में हजार हजार हजार से सेवा करता है।
5	ओह वह नहीं सुनता है ।	ओह वह नहीं सुनता है।
4	इस प्रकार विभीषण ने उसे देखा।	ऐसा सुनकर उस वाक्य को जानता है।
27	कार्यक्रम के संचालन में डॉ मूल चंद्र शुक्ल ने कहा कि अकादमी का यह सहयोग विभिन्न साहित्य को समाज के सामने लाने का काम करता है जिसके कारण महान विद्वान और प्रेक्षक इस ज्ञान का लाभ उठाते हैं।	कार्यक्रम का संचालन डॉ. प्रकाश चंद्र चंद्र शुक्ल ने कहा कि यहकरण के साथ कई प्रकार के साथ समाज के हित के लिए काम करता है जिससे ये दर्शन के लिए काम करते हैं और विकास के लिए काम करते हैं।
12	इस दौरान मंत्री कर्णल धनीराम शांडिल आदि ने कलाकारों के साथ नृत्य किया।	इस समय मंत्री दूध मंत्री पीइब्रुज ने लघु मिलुज के साथ नृत्य किया।
12	इस स्पष्टता के कारण नासा इत्यादि संस्थाओं को कई नई किस्मों के आने पर संस्कृत को ही अनिवार्य रूप से माना जाता है।	इस विरोध के कारण न केवल उच्च शिक्षा के लिए कई राज्यों का अध्ययन संस्कृत भाषा में ही होगा।
8	बोलो .... फिर से चंचलता नहीं करूँगा।	शिक्षिका - देखो फिर से चूहे को न लाऊँगा।
24	संपूर्ण हिंदू समुदाय की संगठित शक्ति ही ऐसी कार्य करने में सक्षम थी, इसीलिए पूरा हिंदू समुदाय धनी है और इसलिए सभी जातियों ने जाति-उन्मूलन के लिए कार्य करने का कर्तव्य जो हिन्दू समुदाय सशक्त हो सकता है।	पूरे विश्व में प्रसिद्ध ही प्रसिद्ध विश्व में ही ऐसा विश्व में प्रवेश हुआ है, इसीलिए विश्व में''विश्व कपणि''इस प्रकार पूरे विश्व में समृद्धि का प्रयोग किया जा सकता है, परन्तु पूरे विश्व में पुराण का प्रचार किया जा सकता है।
4	कोलाहल नहीं करो।	शोर मत करो।
1	पल्लवसहित	अंगूठी
9	उन्होंने भी उस नाई की बांधकर मरने से बचे हुए क्षपणकों के साथ न्यायालय में ले आए।	कोई भी हाथी के द्वारा ऊपर से घावों को भी मार दिया गया है।
7	जोसेफ बोला – मुझे तो मधुमेह है।	एटी ने कहा – मेरी मेजिंग तो है।
6	स्वावलम्बन सतत अपने आत्मविश्वास को बढ़ाता है।	अपने आप अनुगत धर्म से अपने आप को बढ़ता है।
12	छात्रों के लिए पुस्तकालय में कितने सुविधाएँ हैं, सरकार ने यह  ⁇ udget कितना खर्च किया है?	छात्रों के लिए पुस्तकालय की सुविधा है, कितने राज्यों में सरकार हैं, अब कितना से आयी हैं ?
10	1900 के छात्र शम्मीशर्मा ने जम्मू-कश्मीर राज्य के प्रसिद्ध मेलों के विषय पर अपना मत दिया।	पहले दिन-समय पर छात्रों ने संयुक्त राष्ट्र के वरिष्ठ अधिकारी एवं गुजरात के साथ अपने-अपने-अपने-अपने आप दोनों देशों के बारे में गहराया।
1	सत्कार, मान और पूजा के लिए।	सज्जन मनुष्यों के लिए।
4	साध्वियाँ भजन गाती हैं	सज्जन को गाना गाते हैं।
22	इस में शिक्षकों की शिक्षा नीति, राष्ट्रीय उपलब्धि सर्वेक्षण क्षेत्र के समय-समयों तथा उनके सम्भावित समापन तथा आधुनिक साधनों के उपयोग से छात्रों को अपने विषय को प्रभावी रूप से बिछाने के लिए विभिन्न पद्धतियाँ सीखी गई हैं।	इस प्रशिक्षण के लिए शिक्षा, राष्ट्रीय शिक्षा नीति, राष्ट्रीय स्तर पर, भाग लेने के लिए, उन्होंने आधुनिक स्तर पर, उन्होंने आधुनिक स्तर पर छात्रों के लिए छात्रों के लिए आधुनिक तरीके से आधुनिक तरीके से विभिन्न तरीकों के लिए छात्रों को अपने-अपने-अपने उपयोग प्रस्तुत करने के लिए, छात्रों के लिए, छात्रों के लिए, छात्रों के लिए, उन्होंने भी उपयोग के लिए, छात्रों के लिए, उन्होंने भी उपयोग के लिए, छात्रों के लिए, उन्होंने भी उपयोग के लिए, छात्रों के लिए, उन्होंने भी व्यवस्था के लिए,
1	सन्तानों के।	विघ्नों के साथ
8	राज्य सरकार लोकसेवा आयोग के माध्यम से 1243 पुलिस रक्षकों को नियुक्त करेगी।	राज्य सरकार राज्य सरकार सेवा आयोग बुधवार को 10.5555555.2555.255.
3	तुम जाते हो क्या?	तुम जाते हो क्या?
4	बाद में वह घूमता है ।	बाद में वह घूमता है।
9	शनिवार सुबह 10 बजे मार्कर ने सड़क आंदोलन का आरम्भ किया.	शनिवार सुबह 9 बजे से अंतरिक्ष यान का मार्ग शुरू हुआ।
6	लोसर के बारे में तिब्बती चर्चा में बहुत उत्साह था।	संक्षेपित विषय पर विश्व गुरु जी की बहुत उत्साह से थे।
3	अनेक प्रशंसायें प्राप्त की गई हैं।	अनेक नाटक पत्रों को प्राप्त किया।
3	वह बेकार में बड़बड़ा रही है ।	वह व्यर्थ ही बहाता है।
3	यह ऐतिहासिक वृद्धि है।	यह ऐतिहासिक मंदिर है।
9	रेलवे स्टेशन बस- टैक्सी- उद्देश्य है कि अटोरिक्शा स्टेशनों के साथ संबंध बनाए रखना है।	रेल स्टेशन चलाने के लिए टॉट-बिकट के साथ संपर्क करने का प्रयास किया गया है।
6	तीन दिवसीय सम्मेलन आज शुरू होगा	तीन-दो दिन तक राष्ट्रीय सम्मेलन पूरी होंगी।
4	पति घर से बहार चला गया ।	पति घर से बाहर गया।
1	विषाद एवं दीनता के वशीभूत।	दुःख-दुःख के साथ
10	इक्वेटी बेंचमार्क की सूचकांक और बीएसई सेन्सेक्स की निफ्टी एक सौ दिन के बाद फिसल गईं।	इक्वेटी ब्लॉस ने बीएसएसएसएस के माध्यम से बीएसएसएसएसएस के बीच और सेन्सेक्स निलंबित हो गए।
25	शोभायुक्त और नमस्कार करते हुए देवेन्द्रों और असुरेन्द्रों के मुकुटों के चमकदार रत्नों की कांति से जिनके श्री चरणों के नखरुपी चन्द्रमा की ज्योति स्फुरायन हो रही है। और जो प्रवचन रुप सागर की वृद्धि करने के लिए स्थायी चन्द्रमा हैं एवं योगिजन जिनकी स्तुति करते हैं, ऐसे अरिहन्त सिद्ध आचार्य उपाध्याय और साधु ये पांचों परमेष्ठी तुम्हारे पापों को क्षालित करें और तुम्हें सुखी करें।	देवदेवजी ने आत्र्रन्तिक देवेश्वरदेव, महादेव, महादेव, महादेव, महादेव, महादेव, महादेव, सुदेव, सूर्य, सूर्य, सूर्य, सूर्य, सूर्य, सूर्य, पृथ्वी, पृथ्वी, पृथ्वी, पृथ्वी, पृथ्वी, पृथ्वी, पृथ्वी, आकाश, आकाश, आकाश, आकाश, आकाश, आकाश, आकाश, आकाश, आकाश, आकाश, भूमि, आकाश, आकाश, आकाश, भूमि, आकाश, आकाश, आकाश, भूमि, आकाश, आकाश, आकाश, और नववत्तिक आदि सभी सभी लोगों, मरुघिकों, मफादि आदि को भी निवास करें।
1	गोभी	ग्वाला
6	कल्याण समिति के बारे में निर्णय अभी भी नहीं लिया गया है।	कल्याण समिति के बारे में आज भी निर्णय नहीं किया गया।
4	अपने मोक्ष के लिए और समाज के कल्याण के लिए।	अपने कर्तव्य के लिए और जगत् के हित के लिए।
5	तुम तो यज्ञ विधि भी जानते हो।	तुम तो यज्ञ करने के लिये भी जानते हो।
7	वह दोनों देवनागरी में ही हस्ताक्षर करती हैं	वे दोनों देवपुर से ही प्रार्थना करते हैं।
22	अरे काम! अपने धनुषकी टंकारोंसे हाथोंको क्यों थकाता है ? अरी कोयल ! तू अपने कोमल कलरवोंसे वृथा क्यों बक-बक कर रही है ? ओ बाले ! तुम्हारे इन अतिस्निग्ध, चातुर्यपूर्ण, भोले-भाले, मधुर और चंचल कटाक्षोंसे भी अब कुछ नहीं हो सकता। अब तो मेरा चित चन्द्रशेखर श्रीशंकरके चरणसरोरुहके ध्यानरूप अमृतका आस्वादन कर चुका है ॥	हे गजे ! तू, चेलूच, कौठ, कड़, दाल, दाल, कटे, दाम, दाल, दाम, दाल, दाम, दाम, दाल, दाम, कबूच, दाम, दाम, दाम, दाम, कबूच, दाम, दाम, कल्क, दाम, कल्क, दाम, कल्क, दाम, कल्क, कल्क, कल्क, दाम, कल्क, कल्क, कल्क, कल्क, कल्क, दाम, कबूथ
5	वह सभा में क्यों बैठा है	वह क्यों सभा में बैठा है ?
8	बहुत से लोग राखी भेजने के लिये यहाँ आए हैं ।	अनेक लोग सुरक्षित बालिकाएँ यहाँ घूमने आए हैं।
2	एक निराकार परमेश्वर को।	एक समय
7	इस प्रकार कुल राजा की प्राप्ती 42,152,08 करोड़ रुपये होगी।	इस प्रकार से राजा के कुल में 4,555 करोड़ रुपये का खर्च होगा।
6	तब वो तीन सुकेशपुत्र कृतार्थ हुए।	फिर उन्होंने तीन पुत्रों को मारा।
4	रास्ते में गड्ढा था।	रास्ते में गड्ढा था।
10	चुनाव जब आते हैं तब मंदिर आगे आता है, उन्होंने कहा था।	चुनाव जब आते हैं तब मंदिर आगे आता है कि मंदिर आगे आगे आती था।
7	श्यामला इससे पहले संस्कृत कार्य करती थी ।	कृष्ण कल संस्कृत कार्य कर रहा था।
8	इंदौर में एक के साथ बात करनी थी ।	इंदौर के सामने एक साथ बात करनी था।
10	यह सुनकर हिरण्यक चित्रग्रीव के बन्धनों को काटने के लिए जल्दी से निकट आया तो चित्रग्रीव कहने लगा -हे मित्र।	यह सुनकर हिरण्यक ने सियार को रोका और रोका को रोका और रोका को पास जाकर रोका बोला- हे मित्र!
4	श्रद्धास्पद गुरुचरणों में सादर अनेक प्रणाम ।	पुराणों में गुरुओं के द्वारा वह प्रणाम किया गया।
15	दूसरी ओर, इस समय महेशबाबू की नई फिल्म''गुंटूरा करें''इसकी विज्ञापन बुक प्रदर्शित होगी, ऐसा समाचार आता है।	यह दृश्य है कि इस समय नवरात्रि के नवगन नवंगला''फिल्म में''इस फिल्म का शूटिंग चल रहा है।
11	ऐसे मित्र को छोड़ देना चाहिए जो पीठ पीछे तो काम बिगाड़ता हो और सामने मीठी-मीठी बातें करता हो। क्योंकि वह एक ऐसे विष के घड़े के समान है जिसके मुख पर (ऊपर) दूध पड़ा है |	जो व्यक्ति दूसरे के लिए कार्य के लिये अथवा पाप के लिए होता है, वह दुःख भोगी है। परन्तु वह दुःख के साथ ही दुःख के साथ ही होता है।
6	वानी की दोनों टीमों के साथ समन्वय है।	आप दोनों के दोनों पक्षों के साथ बैठक की गई है।
11	बढ़ जाए मेरे अवयव, वाणी, प्राण, आँख, कान, बल और इन्द्रियाँ	आप मेरे लिए तो एक ही नक्षत्र हैं, जो लोग हैं, जो लोग हैं, जो जो जो धन, ऐश्वर्य, काम, दान, इन्द्र, इन्द्र, इन्द्र, इन्द्र, इन्द्र, इन्द्र, इन्द्र, इन्द्र, इन्द्र, शिव, शिव, शिव, शिव, वैश्य और महादेव आदि हैं।
4	मुँह में बत्तीस दाँत होते हैं।	मुँह के पास कछुए होती है।
22	रे अहंकार ! तू कहीं चला जा, अरे पाप ! खबरदार, अब तू यहाँ न रहना, अरे पिशुन! (कूटनीति) तू भी दूर हो; क्योंकि अब मैं अभिमानका पात्र न रहा, रे क्रोध! तू भी यहाँसे अब और कहीं अपना डेरा डाल, आजसे हम अनन्यचित्तवालोंके हृदयमें वे भगवान् त्रिलोकीनाथ हरि ही निवास करें ।।	हे प्रभो! आप कहाँ ही जगत् के किनारे ही जगत् के तट पर स्थित हो, तुम ही हो, तुम ही जल धारण करो, तुम ही बड़ेरूप हो, तुम ही हो, तुम ही हो, तुम ही हो, तुम ही हो, तुम ही हो, तुम ही हो, तुम ही हो, तुम ही हो, तुम ही हो, तुम ही हो, तुम ही हो, तुम ही हो, तुम ही हो, तुम ही हो, तुम ही हो, तुम ही हो, तुम ही हो, तुम ही हो, तुम ही हो, तुम ही हो, तुम ही हो, तुम ही हो, तुम ही हो, तुम ही
12	कल तेलंगाना से प्रेमप्रसाद भंडारी श्रीमद्भगवद्गीता जयंती के अवसर पर एक-विशेषा- प्रतियोगिता का आयोजन हुआ।	कल वे हर दिन, श्री लाल बहादुर शास्त्री सत्र में एक दिवसीय-एक दिवसीय-एक दिवसीय कार्यक्रम आयोजित किया गया।
20	मृतक के बन्धु लोगों ने कहा कि शनिवार को अम्लिका खा रही थी आदर्श ने उसके बीजों कोगल लिया, उसके बाद सांस लेने में कष्ट हुआ, उसका स्वर भी रुक गया।	अराबर ने कहा कि दिसंबर को जामुन के दादों को दहराया गया था, उसके बाद उसकी मृत्यु हो गई, उसके बाद उसकी मृत्यु भी हो गई।
4	जहां मैं जाता हूं।	जहां मैं जाता हूँ।
4	माता और पिता	माता का पिता
5	वरुणा उसके विवाह के चित्र दिखा रही है ।	उसकी छोटी विवाहियाँ यज्ञ कर रही हैं।
6	आदि नाम का छात्र संस्कृत कार्यक्रम का संचालन करेगा।	सारा दिन संस्कृत शिक्षक संस्कृत शिक्षक डाॅश्री दिनेश यादव करेंगे।
2	अस्पष्ट शब्द करना	पूछना
11	भारतवर्ष का प्राणरूप है वेद धर्म ही है, धर्म ज्ञान ही शिक्षा का मूल है।	भारतवर्ष के ध्यान से, धर्म का नाम ज्ञान या धर्म ज्ञान का ज्ञान शिक्षा है।
3	इसके बाद क्या करेगा ?	फिर क्या करोगे ?
32	उन्होंने कहा कि वह कई राज्यों में देखता है कि राज्य के युवा लोग होटेल में नौकर के रूप में काम करके हजार रुपये कमाते हैं, लेकिन जब उसकी घर के दरवाजे पर यह जीविका पहुंच जाएगी तब उसके बाहर जाने की भी आवश्यकता नहीं होगी।	उन्होंने कहा कि उन्होंने बहुत से राज्य के बाहर देखता हूँ कि राज्य के युवाओं को दूर करने के लिए हजार से अधिक रूप से अधिक रूप से अधिक रूप से आगे रखी जाती है, लेकिन यह भी नहीं होगा, लेकिन यह भी उनके घर में बाहर नहीं होगा।
6	अभियुक्त शिक्षक को ग्रहण करने के लिये पुलिस बल व्यस्त है।	अभियुक्त शिक्षा विभाग के लिए पुलिस पुलिस बल की खोज की गई है।
8	नहीं हीं वैसा मत करिये , अधिक मत खाईये।	ऐसा नहीं , अधिक मत फेंकिये ।
10	जो अपेक्षारहित, शुद्ध, दक्ष, उदासीन, व्यथारहित और सर्वकर्मों का संन्यास करने वाला मेरा भक्त है, वह मुझे प्रिय है।।	जो पुरुष सुख से रहित होकर, भय से रहित तथा अचल बुद्धि को प्राप्त करता है, वह योगी है।।
14	उन्होंने कहा कि इस तरह इस केंद्र के माध्यम से शिक्षक नई ऊर्जा और नई गतिविधियों से जुड़े रहेंगे।	उन्होंने कहा कि इस प्रशिक्षण से केंद्र नई शिक्षा नीतिओं और नई विषयों पर नई पहलएं होंगी।
7	वैराणु की उपस्थिति अधिकतर इन्हीं मंडलियों में देखी जाती है।	विभिन्न जिलों में विभिन्न शक्तिशाली भूकंप का अधिक प्रतिबंध है।
8	इस द्वंद्वी की पत्नी जीजाबाई कठोर थीं।	इस से दो हजार भाईयों ने कुन्ती के समान मुगल काल से पूछा था।
12	उसके बाद दादाजी डर गए और बोले बेटा तुम्हारे तप से मैं संतुष्ट हूँ।	वहाँ से दादाजी ने कहा हे पुत्र! मैं तुम्हारे पुत्र के साथ मैं तप के समान हूँ।
3	होली जल गई।	होली में आग लग गई।
10	कैकेयी का यह भयंकर रोमाञ्चकारी कठोर वचन सुनकर महाराज दशरथ वज्राहत पर्वत के समान गिर पड़े ॥	यह सुनकर वह शीघ्र ही भरत के पास आया और वह राक्षस के समान कानों से रोती हुई और बोली हे ॥
20	वार्नर एक दिवसीय रूप में ऑस्ट्रेलिया में छहवें सबसे ज्यादा रन पर हैं और ऑस्ट्रेलिया में भी दूसरा है-यह देश के लिए सर्वश्रेष्ठ 100 कोटर के निर्माताओं में है।	भारत के एक भाग में एक बार देश में सबसे अधिक और सबसे अधिक विश्व है-यह देश के लिए एक सौ से अधिक है।
5	उसके साथ आहुति बहन भी है।	उसके साथन्दत्री भी है।
1	तू	तुम
4	हमारे वीर सैनिक राष्ट्ररक्षा करते हैं।	हमारे वीर सैनिक देश के पार हो रहे हैं।
10	इस प्रकारपातञ्जलयोगादर्शन के अनुसार, भागवतपुराण में भी नित्य की प्रतीति का वर्णन मिलता है।	इस प्रकार से, शराब के अनुसार, पुराण के नियमों के निर्माण के लिए, पुराण के रूप में भी वेद का वर्णन किया जाता है।
1	चमार	प्यास
16	सत्य मेरी माता है, ज्ञान पिता है, धर्म भाई है, दया मित्र है, शान्ति स्त्री है और क्षमा पुत्र है, ये छः ही मेरे बान्धव है॥	सत्यज्ञान है, पिता ने धर्म ज्ञानवान् पुत्र को पुत्र के रूप में देखा है, परन्तु मेरे पुत्र के पास मैंने मुझे साढ़े छः पुत्र के पुत्र हैं, और मेरे पुत्र के लिए मेरा जीवन छोड़ लिया है।
8	अतः''सिद्ध शब्द के अर्थ के सम्बन्ध में''इस प्रकार यह विग्रह उचित है।	इसलिए''शब्दों का अर्थ 'यह समृद्धि का अर्थ है।
5	पूड़ा देओ और दाल लेओ ।	पाये रंगरें रस पीओ।
5	गौरांग कैसे ज्ञानवान् होता है ?	गली में कैसे ज्ञान होता है ?
3	कुछ देर से आने वाला है।	क्या करें, बाद से जाना चाहिये।
6	हिमाचल के उत्पाद भी लोगों को बहुत पसंद हैं।	हिमाचल प्रदेश के कर्मचारियों को भी बहुत पसंद हैं।
3	उचित परिवर्तन से रिक्त स्थान को पूरा करो	उचित व्यवहार के लिए रिक्त स्थानों को पूरा करो।
7	इसके लिये सभी प्रक्रियाएँ चरणबद्ध रूप से सम्पन्न होती हैं।	इसके लिए सभी सभी के लिए आधारगत रूप से प्रस्तुत की जाती है।
9	उनके कौशल के कारण ही तीन बार ओलम्पिक खेलों में हमने स्वर्णपदक प्राप्त किया।	उसके कारण से अधिक मॉल में ओड के दूसरे चरण में हम कांस्य पदक जीते।
6	ओह , मैं भी कपडे धोना भूल गया	ओह मैं भी धोया था।
4	रामजीवन पोते को खेत ले जाता है।	राम जीवन से खेत को लाता है।
1	अचानक	अशुभ
26	आकाश में किसी दूत का जाना संभव नहीं और वहां किसी से किसी प्रकार की बातचीत भी नहीं हो सकती, परंतु जिस श्रेष्ठ ब्राह्मण ने आकाश में सूर्य और चंद्रमा के ग्रहण की बात बताई है, उसे विद्वान क्यों न माना जाए।	जो कोई भी व्यक्ति इस बात को आगे नहीं जानता है, वह तो पूर्वा नहीं जानता है, जो इस संसार में भी उसकी पूजा करता है, वह नीति है, वह तो केवल नीति ही है, आकाश में भी नहीं, आकाश में पार करने वाला है, परन्तु संसार में भी कोई भी नहीं जानता है, वह तो केवल नीति है।
11	कार्यक्रम की शुरूआत निखिल शर्मा ने मंगलाचरण किया और कवितान्जरी के सरस्वती वंदना द्वारा की गई।	कार्यक्रम का संचालन वैदिक विभाग के तत्वावधान में मंगलाचरण और वैदिक मंगलाचरण के साथ सरस्वती वंदना ने किया।
1	बेला	साथ ही
1	ले जाया गया	ले जाना
4	उसका लड़का स्कूल में पढ़ता है	उसकी बेटी पाठशाला में पढ़ता है
6	पुलिस उसके स्थान को प्राप्त करके अन्वेषण कार्य कर रही है	पुलिस उसके स्थान पर काम कर रहा है।
7	श्रमिकों में 16 भारतीय शामिल हैं।	सेवा के बीच भारतीय टीम भी भारतीय हैं।
5	यह मुकुट किसने बनाया ?	यह सुपंध कौन है ?
5	दास्यामि जो यहाँ है वह तुझे मैं दूँगा।	जो है वह तो मैं तुम्हें बुलाऊँगा।
1	उन लोगों ने	प्राप्त करता है
3	कार्यालय के पात्र धोता है।	कार्यालय का पात्र साफ करती है।
8	वाहन चलाने के समय अपना पालन करें और अत्यधिक विश्वास करें।	वाहनों के समय में अपनी प्रतीक्षा करें, और वेद की खोज करें।
18	इस सफ़ेदपत्र में उल्लिखित है कि जब चौदहोत्तर-दो हजार के दशक में प्रधानमंत्री नरेंद्र मोदी जी ने सरकार को सत्ता में तब देश की आर्थिक स्थिति विषम थी।	इस पवित्र पत्र है कि जब यह मुद्दा है जब प्रधानमंत्री नरेंद्र मोदी ने खुलाकर-बताया कि जब तक देश के प्रधानमंत्री नरेंद्र मोदी ने देश के सर्वोच्च न्याय के लिए न्याय के लिए था।
3	वह मुझसे पूछता है।	वह मुझसे पूछता है।
4	वृक्षों को पानी देती है।	वृक्ष के लिए पानी देता है।
8	राजीवः –हाँ , नगर में तो मैं पढ़ने के लिये रहता हूँ।	राजीव – हाँ , नगरपालक तो मैं तो नगरों को मजबूत करता हूँ।
1	वेदान्त में निपुण ।	ब्रह्मलोक में रहने वाला
3	झूला बाग़ में है।	दो लताओं का माल है।
3	वो महिला बोली	वह महिला बोली
8	भारत नेज़ल एंटीवायरल दवा वितरित करने वाला पहला देश है।	भारत के बेंडेन में एक व्यापक रिपोर्ट के लिए एक सौ मेजिकल ईंधन का उपयोग किया जा रहा है।
8	जिलाधिकारीओं और संकुल के उत्कृष्ट विद्यालयों के निर्माण के लिए प्रारंभिक रिपोर्ट जारी करने के लिए कहा गया है।	जिला समन्वयक और जिला स्कूलों में भाग लेने के लिए एक नई स्तरीय बैठक के लिए कहा गया।
1	ये दोनों	ये सब
11	जो स्थानों पर बाहर त्यक्त हैं, उन त्यक्त लोगों को लाभान्वित होना चाहिये।	जिनमें घरों में बाहर धन रखी गई हैं, लोग लाभान्वित हैं।
11	मोरक्को ने शक्तिशाली यूरोपीय देश पुर्तगाल को गोलरहित ड्रा से हराकर क्वार्टर फाइनल में प्रवेश किया।	भारत के विदेश मंत्रालय ने रूस के खिलाफ एक बिंदुट में एक गोल के लिए एक राफेल में एक राउंड पर प्रवेश किया।
17	हालाँकि, इजरायली देश समुद्र की लावणिक जल को डिसेलिनेशन के रूप में अत्याधुनिक है-जल-वैज्ञानिकी सुविधा के द्वारा पेयजल में बदलने से अपनी आवश्यकता पूरी कर लेता है।	लेकिन इजराइल देश के मध्य क्षेत्र में बाढ़ के कारण बाढ़ के जल क्षेत्र में जल प्रदूषण की स्थिति के कारण ही जलवात की स्थिति का विशेष रूप से बदलता है।
9	नीरज -नमस्ते , नमो नमः । कैसे हो तुम ?	नीरज - नमस्ते , नमस्ते , आप क्या हो ?
3	पिताजी को परसों लौट जाएँगे।	वह शत्रुओं को सादर से वापस लौट जाएगा।
1	पानी के प्रवाहों से।	लहरों से
6	इसके लिए 10 करोड़ रुपये का खर्च होगा।	इस उद्देश्य के लिए 10 करोड़ रुपये होगी।
15	एक संस्कृत विद्वान जो भारत के संस्कृत क्षेत्र में विशेषज्ञ हैं और केरल के संस्कृत अध्ययन और शिक्षण बोर्ड में बैठते हैं, कवि, बच्चों के लेखक और लेखक दो मुत्तलपुर मोहनदास का कल ऑस्ट्रेलिया में निधन हो गया।	भारत में संस्कृत क्षेत्र के राष्ट्रीय संस्कृत संस्थान के प्रांतीय संस्कृत संस्थान, संस्कृत भारती, संस्कृत भारती, बालकलाकलाकलाकलाकला और साहित्य सहित कल एक नई दिल्ली में एक नई दिल्ली में आयोजित किया गया।
7	संस्कृत सम्वाद नहीं होता है तो सुख अनुभव नहीं करता हूँ।	संस्कृत सम्वाद नहीं होता है तो सुख अनुभव नहीं करता है।
12	उन्होंने कहा कि भाजपा नेता को अवश्य मरना चाहिये कि क्रिप्टो के तार अन्यत्र नहीं मिल सकते।	उन्होंने कहा कि भाजपा ने आपदा के खरीद में खेल के लिए खेल नहीं छोड़ा है और कोई भी व्यक्ति जीते हैं।
18	इसीलिए प्रदूषण को नियंत्रित करने का केवल सरकार का दायित्व नहीं है, हमें भी उसमें भाग लेने के द्वारा पर्यावरण को स्वच्छ और रोग से मुक्त किया जा सकता है।	इसीलिए यह नियम नहीं है, अपितु सरकार ने केवल कुछ भी नहीं अपितु यह भी समझकर पर्यावरण की व्यवस्था करके पर्यावरण की व्यवस्था को भी स्वीकार करना चाहिए।
20	मुख्य अतिथि ने अपने व्याख्यान में कहा कि संस्कृत भारती वर्तमान समय में आभारी है केवल नहीं बल्कि विश्व के अनेक देशों में संस्कृत सम्भाषण विशेषज्ञों का अनुष्ठान भी करती है।	मुख्य वक्ता ने अपने सम्बोधन में कहा कि वर्तमान समय में ही संस्कृत भाषा के माध्यम से ही देश भर में संस्कृत भाषा के प्रचार-प्रसार के लिए कई विषयों पर चर्चा करता है।
5	दीपावली के लिये भी वस्तुएँ खरीद रहे हैं	दीपक पर्व के लिये भी वस्तुएँ खरीदते हैं।
1	नाखून	गर्दन
4	पेड़ के नीचे बच्चे को बिठा देती है।	वृक्ष के दोनों बालक को अखबार देता है।
6	अब भारत के जनसांख्यिकी लाभांश का लाभ अपेक्षित है।	अब भारत के जन समुदाय की  ⁇ inenineritenenereneneri ⁇ erererererererererererenererenenisisisis है.
4	एक साथ सभी संस्कृत पढ़ेंगे ।	एक साथ संस्कृत पढ़ेंगे।
1	निर्णय करने वाली ।	आयी
6	अब मैं भी अपनाकाम स्वयं ही करूँगा ।”	अभी मैं भी अपना कुछ काम करना चाहता हूँ।
3	मैं सहारनपुर से बोल रहा हूँ।	मैं सह्तापुर से बोल रहा हूँ।
17	राज्य सरकार के प्रयासों के कारण आज सरकार की ई-वाहनों की संख्या तब तक बढ़ी है, राज्य में पंजीकृत निजी स्कूलों की संख्या बढ़ गई है।	राज्य सरकार के माध्यम से आज भी सरकार ने अब तक निलंबित से कम से कम लोगों की संख्या कम कर दी है, राज्य में पर्यटकों की संख्या बढ़कर प्रतिशत कम हो गई है।
1	सर्वव्यापी भगवान् ब्रह्मा ने।	स्वीकार करके
10	रूपक की कथावस्तु के बीज से युक्त मुख आदि सन्धियों में यत्र-तत्र फैले हुए आरम्भ आदि अर्थों का एक प्रधान प्रयोजन के लिए एक साथ संग्रह करना या समेटा जाना ही निर्वहण सन्धि है।	जैसे-बान्धवों के द्वारा युक्त, ब्राह्मण, हाथी, हाथी, हाथी, हाथी, हाथी आदि से, हाथी आदि से तथा गरुस आदि से भी मनुष्य के द्वारा तथा अद्वितीय रूप में भी होते हैं।
8	यह समिति आगामी महीने अर्थात् दिसंबर में अपना रिपोर्ट देती है।	यह समिति दिसंबर को दोपहर के दिन का उद्घाटन करता है।
4	जैसे बछड़ा माता के पास जा पहुंचता है वैसे ही सुख और दुःख अपने कर्ता के पास जा पहुंचते हैं।	जो मनुष्य अपने प्रियों को सुख देने के लिए सुख-दुःख को सुख देने के लिए ही कष्ट अनुभव करता है।
9	यह सम्भव है। कहाँ से? 'अन्तपारं किल शब्दशास्त्रम्' ऐसा कहा गया है।	यह अनुमान है कि यह किस तरह का अर्थ कहाँ है? यह शब्दशास्त्र का प्रयोग किया गया है।
7	सुहावने दृश्य को देखकर मन शान्त हो गया ।	सुषमा जी शान्त मन से शान्ति प्राप्त हुआ।
1	पानी	जल
3	कौन कहता है?	ऐसा कौन बोलता है?
7	भारत-ईरान में खाद्य और पेय आदि के लिए जलपोतों का आश्रय-स्थानकमाल केक्ष्य में दीर्घकालिक सहयोग-स्थापन के लिए एक व्यापक परिभाषण है।	भारत-अपराध-अपराधी-यह जलपति जलमग्न-जल-जल-जल-जल-उन्होंने संगठन के सहयोग के लिए एक व्यापक चर्चा की।
8	दौलतसिंह के जीवन में उनकी माता का प्रभाव प्रत्यक्ष था।	दौलतसिंह के जीवन में उनके माता पिता थे।
9	कैलाश – बहन ! मैंने तुम्हारा चित्र नहीं लिया।	गैया – हे बहन ! मैं तुम्हारा चित्र नहीं दिया।
7	यह बीमारी औषधि, वनस्पतियों और संपत्तियों में स्थित होने के कारण भी हो सकती है।	वैद्य, औषधि, दरीदि, ब्लाहितिमादि और अन्य चार प्रकार की रक्षा करनी चाहिए।
10	जो अपेक्षारहित, शुद्ध, दक्ष, उदासीन, व्यथारहित और सर्वकर्मों का संन्यास करने वाला मेरा भक्त है, वह मुझे प्रिय है।।	जो पुरुष सुख से रहित होकर, भय से रहित तथा अचल बुद्धि को प्राप्त करता है, वह योगी है।।
8	दूरदर्शन अभिनेत्री-श्वेता तिवारी शीघ्र ही"पुलीस फोर्स"इसे वेब की श्रृंखला में देखा जा रहा है।	दूरदर्शन में, एनिमल-अनिगन के साथ''नॉर्गर''इस फिल्म में जालका चित्रिलणि दिखाई पड़ती हैं।
1	खेलना	गुफा
1	घोड़े	बहुत अधिक
7	जया - मैं शाम को अभ्यास करती हूँ	जक्षा - शाम को मैं अभ्यास करता हूँ।
5	नीच मनुष्य दुष्कर्म करवाने के बाद वह कार्य करनेवाले को अपमानित करता है।	काश्यप कर्म से सेवक कर्म के लिये प्रयत्न करता है और उसे प्राप्त होता है।
3	उसी समय चिकित्सालय गया।	तब ही चिकित्सालय गया।
23	भारत के हवाई अड्डे के प्राधिकरण ने भारत के हवाई अड्डों के निर्माण के लिए चारों उड्डों के निर्माण के लिए हिमाचल सरकार को निर्देश दिया है कि वह हवाई अड्डों के निर्माण और संचालन से संबंधित कार्य शीघ्र ही पूर्ण करें।	अब भारत में विमान मंत्रालय ने हवाई अड्डे के तहत चार हवाई अड्डे के निर्माण के लिए हवाई अड्डे पर एक व्यापक हवाई अड्डे का निर्माण किया है कि वे हिमाचल प्रदेश के विशेषों के लिए कार्य के लिए कार्य के लिए कार्य के लिए कार्य के लिए कार्य के लिए कार्य के लिए कार्य के लिए कार्य को निर्देश दिया।
1	देने योग्य	किसी प्रकार
12	बाद में सबके घरों में जो सेवक , सेविकाएँ काम करती हैं उनको कम्बल बाँटे।	बाद में सबके घर में जो सेवक , सेविकाएँ, सेविकाएँ काम करती हैं उन्हें कांटा दिया।
6	धन्यवाद पिताजी कल पैसा ले जाऊँगा ।	धन्यवाद पिता ! कल धन कमाऊँगा।
6	उनकी माँ का नाम कमलासिंघवी है।	उसकी माँ का नाम राधाबाई है।
3	इस बीच तीन मुख्यमंत्री हैं	यहाँ तीन मुख्यमंत्री
7	चलचित्र के निर्देशक अनिल शर्मा भी शिमला आएँगे।	चलचित्र का निर्देशक वर्ग भी शिमला आएगा।
3	अतः ध्वनि ही बोलनी चाहिए।	इसलिये यदि लाल जीवन का प्रयोग करना चाहिए।
6	बीमार के गिलास से पानी नहीं पीना चाहिये।	रोगी को खाने के लिए पानी नहीं पीना चाहिये।
4	उपभोक्त सेवातार भी माँगा जाता है।	उपरोक्त सेवा के लिए सेवा भी प्राप्त होती है।
4	वहां कौन पढ़ रहा है।	वहाँ कौन पढता है ?
19	इस निर्णय का उद्देश्य लंबे समय से खाली भवन का उचित उपयोग सुनिश्चित करना और सार्वजनिक खर्च को कम करना है।	इस निर्णय के लिए सरकार ने ई-19 के लिए युवाओं को समुचित उपयोग करने के लिए नीति को मजबूत करने के लिए आग्रह किया है।
3	बिल में हजार से अधिक चींटियाँ रहती हैं	बिल्ली के हजार से भी चींटियाँ रहती हैं।
7	रोहितशेट्टी की यह फिल्म अगले साल प्रदर्शित करेगी।	यह प्रतियोगिता हैदराबहादुर शास्त्री की फ़िल्म अगले साल प्रदर्शित की जाएगी।
25	हॉकिंग के पिता अफ्रीक देश में काम करने वाले शेष परिवार मेजोर्का- कवि रोबर्ट ग्रेव्स ने शहर में चार महीने तक अपनी माँ, मित्र और बेरिल के साथ समय बिताया।-इत्य के घर में ही समय बिताया।	अंतर्राष्ट्रीय क्रिकेट में पिता की बेटी कोशिश करते हुए, उत्तर प्रदेश के लिए एक सौ से अधिक-पैंटर-पैंगिंग-एक सौ से भी दूध का चुका गया, जो किले में भी उनके घर में रखी गई है, वह एक सुई है।
3	रावण को मारा ।	रावण ने मारा।
20	हे राजन् ! पुत्रपौत्रवान् रावण तुम्हारे लिए भार नहीं है, सधनुष तुम केवल लोकों को ही जीत सकते हो इसमें कोई संदेह नहीं है।	हे राजन् ! मेरे पुत्र रावण के लिये युद्ध करने के लिए तुम नहीं हैं, तुम तो आप भी उस स्थान पर विघ्न नहीं हैं।
7	आप लोग विदेशियों की तरह वेष धारण किये हुए हैं।	आप आदेश के लिये अतुल हैं।
1	मन बुद्धि आदि	खाना
7	(कान देकर) सखि, जैसे किसी अतिथि ने पुकारा है।	शकुन्तला ने कहा- हे मित्र! सुदैव से मिलो,
2	वह उतरता है।	वह उतरती है।
16	अब इन आँखों से और कुछ देखना चाहता हूँ।"तो हे प्रभो! फिर से मेरी दृष्टि नष्ट हो जाए।"	अब ये दोनों के पास आकर किसी अन्य राक्षसों को भी देखें। हे भगवन् ! तुम मुझे एक साथ नहीं देखते हैं।
11	इसीलिए पूर्व नवंबर सोर्ड्स के मामले से जुड़े सुनवाई के बाद निर्णय सुरक्षित रखा गया था।	इसीलिए पूर्वोत्तर नवरात्रि के प्रशासन ने याचिका के बाद नीति के तहत एक सुरक्षा योजना का निर्णय लिया था।
5	वह मुझे ही क्यों देख रहा है ।	वह मुझे बिना क्यों हँसता है?
8	रास्ते में कोई उतरना चाहे तो वाहन रोकता था।	रास्ते में कोई भी रेल रोकता था तब वाहन निलंबित कर रहा था।
10	मुख्यमंत्री ने मंजूरी दी कि ढगवार द्वारा चलाए गए दूध प्रक्रिया संयंत्र का निविदा खर्च सरकार से उसके कोष से वहता है।	मुख्यमंत्री ने कहा कि गंधू का उत्पादन सरकार द्वारा किया गया है, इससे उसका उत्पादन बढ़ाया गया है।
4	फिर भी वो कार्यरत थे।	फिर भी वो कार्यरत थे।
6	तुम घर क्यों नहीं जाते हो ?	घर क्यों नहीं जाता ?
7	समग्र भारत में संस्कृत भाषा में ही शिक्षा दी जाती थी।	समय भारत में संस्कृत भाषा का ही है।
1	सब के	सभी
18	केंद्रीय शिक्षा मंत्री धर्मेन्द्र ने राज्यों के मुख्यमंत्रियों और राज्यपालों से केन्द्र द्वारा शासित प्रदेशों के उप राज्यपालों को पत्रादि के माध्यम से''परीक्षा-प-चर्चा''इस कार्यक्रम में भाग लेने की मांग की गई.	केंद्रीय शिक्षा मंत्री धर्मेन्द्र सिंह ने नई दिल्ली में केंद्रीय शिक्षा मंत्री नितिन सिंह ने केरल सरकार के विभिन्न राज्यों के लिए केंद्रीय-उन्होंने इस कार्यक्रम के छहवें कार्यक्रम में''आप-उन्होंने कार्यक्रम का उद्घाटन किया.
8	चारो तरफ से ऋषियों के आश्रमों से सुशोभित, ब्रह्मर्षियों और देवर्षियों से सेवित वह आश्रम साक्षात् दूसरे ब्रह्मलोक के समान प्रतीत हो रहा था ॥	ब्रह्मलोक में समस्त जगत् के द्वारा देवताओं के द्वारा भगवान् विष्णु के द्वारा रचित, ब्रह्माजी के द्वारा रचित, ब्रह्माजी, लक्ष्मण के द्वारा कहा गया है। मैं आपको अपने हृदय में ले जाने के लिये ही साक्षात् ब्रह्माजी हैं।
6	ऋचा – मैं अस्पताल में नर्स हूँ।	ऋचा – मैं अस्पताल में हूँ।
4	मैं जल्दी स्वस्थ हो जाऊँगा	मैं जल्दी से स्वस्थ हूँ।
4	आप कितने भाई है?	आप कितने भाई हैं ?
6	रास्ते में उसकी शर्ट पर भी बाल आ जाते हैं।	रास्ते में उसकी आँखें भी बाहर आती हैं।
3	मै वाराणसी जाऊंगा।	मैं वाराणसी जाऊँगा।
19	श्रीगोयल ने कहा, जिस राष्ट्र के आत्मनिर्भरता के निर्माण के प्रयासों की प्रशंसा करते हुए, व्यक्त किया है कि चौदह से अधिक दो हजार साल की अपेक्षा अब तक खिलौने आ रहे हैं-एक सौ बिगाड़ियाँ हुई हैं.	राष्ट्र अपने अपने कर्तव्यों के लिए श्रीमान ने कहा कि वे महाशांगों के लिए दो सौ से अधिक-दो सौ से अधिक-दो सौ से अधिक एक सौ से अधिक एक सौ से अधिक एक सौ तक अधिक एक सौ से अधिक एक सौ से अधिक एक सौ से अधिक एक सौ से अधिक एक सौ से भी अधिक एक सौ से अधिक एक सौ से भी अधिक एक सौ से भी अधिक एक सौ से भी अधिक मंदिर पर डका हुआ है।
4	कार्यक्रम सुबह ग्यारह बजे शुरू होगा।	कार्यक्रम में ग्यारह बजे तक पूरा होंगी।
22	उन्होंने कहा कि अभी अमृतसर से कुल्लू तक के प्रत्यक्ष विमान शुरू किए गए हैं और ऐसे भारत से विदेशों के लिए यात्रियों को इस हवाई अड्डे के विस्तार का लाभ उठाना पड़ा है।	उन्होंने कहा कि अब गुजरात से सड़क तक सड़क लाइन के लिए बस और एक सौ से भी अधिक हवाई अड्डे के विस्तार से दूर हो गए हैं।
24	फिर भी उनके कथन के अनुसार ऋषियों का सम्प्रदाय पालित होता है और उनका धर्म होता है ऐसा मानकर याज्ञिकाएँ उनके कथन के विषय में पढ़ती हैं उसी प्रकार पृथ्वी पर भी धर्म के लिए इन शब्दों का कथन करती हैं।	फिर भी उनके उस पुराण में पुराणों का वर्णन होता है कि, वह धर्म के विषय में भी प्रसिद्ध हो जाता है, क्योंकि यह भी धर्म के विषय में लिखे हुए हैं।
6	A. ⁇ . बस मुझे आरक्षण नहीं मिला ।	मैंनेपाल डिवीजन के खिलाफ नहीं पहुँचा।
7	भीमसेन के द्वारा दुर्योधन के आठ भाई मारे गए	भीम ने अर्जुन के आठ भाई को मार दिया।
8	योगका सेवन करनेसे जिस अवस्थामें निरुध्द चित्त उपराम हो जाता है तथा जिस अवस्थामें स्वयं अपने-आपमें अपने-आपको देखता हुआ अपने-आपमें सन्तुष्ट हो जाता है।।	जहां योगी पुरुष कर्म में आसक्त होकर कर्मों को त्याग कर लेता है, वह योगीत्मा को प्राप्त करके आत्मा को प्राप्त करके आत्मा को प्राप्त होता है।।
12	जयपुर पाताल पुष्प प्रदर्शनी जयपुर में यात्रियों के बीच बहुत लोकप्रिय है। यह प्रदर्शनी हर साल फरवरी में आयोजित की जाती है।	जयपुर नगर में बहुत मोतिहारी होता है। शहर में हर साल दिसंबर को दिल्ली में रामलला का जन्म लिया जा रहा है।
18	हालाँकि, 2013 में तत्कालीन सरकार ने राज्य के माध्यमिक विद्यालयों में छात्रों की कम संख्या और अधिशेष प्रक्रिया के तहत 2,600 एलटी का हवाला दिया था।-कैडर का पद ख़त्म कर दिया गया.	लेकिन उस वर्ष उस वर्ष उस सरकार ने राज्य सरकार के छात्रों को प्रतिबंध दिया है। राज्य के तहत 200,000 स्कूलों में 200 करोड़ रुपये का खर्च किया गया।
5	अतः वह वेतन नहीं पा रहा है।	इसलिये वह अनुमति नहीं पाती है।
9	हम कहते हैं कि लक्ष्य ने आज तक किसी भी दूरदर्शन प्रदर्शन में काम किया है।	लक्ष्यों को आज भी नया नाम भी दिया गया है कि इसका काम पूरा कर रहे हैं।
6	स्वचालित परीक्षा केंद्र की स्थापना के लिए भी आवेदन आमंत्रित किए गए हैं।	अपने आप परीक्षा केंद्र के उद्घाटन के लिए संस्था भी आवेदनपत्र जारी किये गए हैं।
3	किशोर घर में नहीं हीं है।	किशोर घर में नहीं है।
16	यह सुनकर वह दोनों दुःख से व्याकुल होकर, अपने पुत्र के लिये बहुत शोक और विलाप करते हुये पृथ्वीपर गिर पड़े। वे बोले"जहाँ हमारा पुत्र है, वहाँ हमें ले चलो" ॥	इस प्रकार अपने मित्र को भी दुःख देकर दुःखित हो गया। यह सुनकर वह अत्यन्त क्रोध से व्याकुल हो गया। यह कहकर वह अत्यन्त क्रोध से व्याकुल हो गया।
6	वह मेज़ लेकर यहीं आता है।	वह मोटा यहाँ ही आती है।
17	घड़ा ही जिसका जन्मस्थान है, हरिण ही परिजन हैं, वल्कल ही वस्त्र है, वनमें निवास है और कन्दमूल आदि ही भोजन है, ऐसे गुणवाले अगस्त्यजीने यदि समुद्रको अपने कर कमलोंके सम्पुटमें रख लिया तो यह सत्य है कि महात्माओंकी कार्यसिद्धि उनकी शक्तिमें रहती है, साधनोंमें नहीं	जो मनुष्य एक ही है जो एक ही है जो जो एक ही है जो जो जो एक ही है जो जो जो जो एक ही है, जो जो धन के द्वारा ही है, जो धन के द्वारा ही है, जो धन के द्वारा ही है, जो धन के द्वारा ही है, जो धन के द्वारा ही है, जो धन के द्वारा ही है, जो धन के द्वारा ही है, जो धन के द्वारा ही है, ऐसे हैं, ऐसे हैं, ऐसे जो धन के द्वारा ही हैं, जो धन के द्वारा ही हैं, जो धन के द्वारा ही है, जो धन के द्वारा ही है, जो धन के द्वारा ही है,
6	सुधा - हाँ मैं अशुद्ध बोली ।	सुधा -हाँ मैं जानती हूँ।
20	इस कार्यक्रम में वैज्ञानिकों के बारे में वाक्पटुता के प्रतियोग, विविध विज्ञान चित्रकला के प्रतियोग, विज्ञान नाटक, अभिनय, विज्ञान प्रश्नोत्तरी जैसे कार्यक्रम आयोजित किए गए जिनमें छात्रों को प्रोत्साहित करने के रूप में प्रमाण पत्र एवं पुरस्कार प्रदान किए गए।	इस कार्यक्रम में विभिन्न विषयों के विषय में, विज्ञानविदों, विज्ञान प्रतियोगिताओं, विज्ञान विज्ञान विज्ञान विज्ञान विज्ञान विज्ञान, विज्ञान विज्ञान विज्ञान विज्ञान विज्ञान विज्ञान, भाग लिया गया है, जिनमें भाग लिया गया है।
8	राजीवः –हाँ , नगर में तो मैं पढ़ने के लिये रहता हूँ।	राजीव – हाँ , नगरपालक तो मैं तो नगरों को मजबूत करता हूँ।
4	किसान फसल की रक्षा के लिये प्रार्थना करते हैं।	किसान को अर्थ की प्रार्थना करते हैं।
9	अनुराग ठाकुर, इस निर्णय के लिए प्रधानमंत्री नरेंद्र मोदी, केंद्रीय रेल मंत्री अश्विनी वेष्णव ने आभार व्यक्त किया।	अनुराग ठाकुर ने इस निर्णय में प्रधानमंत्री नरेंद्र मोदी, केंद्रीय मंत्री अनुरागगोयल ने केंद्र के उद्घाटन समारोह में धन्यवाद व्यक्त किया।
1	पास।	पास
10	कैकेयी को वरदान देकर सत्यसन्ध मेरे पिता ने भरत को राज्य और मुझे अत्युत्तम दण्कारण्य दिया है ॥	यह सुनकर वह राक्षस के समीप जाकर अपनी माता के आश्रम में चली गयी। तब वह राज्य के लिये बोली हे रघुश्रेष्ठ ! मुझे राज्य के लिये राज्य के लिये ही गया था ॥
5	घर आकर मेरी माँ को मारते हैं।	घर आकर मेरी माँ को गोदी में भेजती है।
6	(क्षेत्र-क्षेत्रज्ञ के विषय में) ऋषियों द्वारा विभिन्न और विविध छन्दों में बहुत प्रकार से गाया गया है, तथा सम्यक् प्रकार से निश्चित किये हुये युक्तियुक्त ब्रह्मसूत्र के पदों द्वारा (अर्थात् ब्रह्म के सूचक शब्दों द्वारा) भी (वैसे ही कहा गया है)।।	विष्णुदेव, गाय, गाय, गाय, साध, यम, यम, ऋग्वेद, यम, साम्रव, ब्रह्मवेद, ब्रह्मवेद, ब्रह्मवेद, ब्रह्मवेद, ब्रह्मवेद, ब्रह्मवेद, अर्थ, अर्थ, अर्थ, अर्थ, अर्थ, अर्थ, अर्थ, अर्थ, अर्थ, अर्थ, अर्थ, अर्थ, अर्थ, अर्थ, अर्थ, अर्थ, अर्थ, अर्थ, तम्भ, तम्भ, तम्भ, तम्भ, तम्भन, तम्भ, तम्भ और जीव, ये सब में हैं।।
4	बालक गुड़िया को देखकर हँसता है।	बालक गुड़िया को देखकर हँसता है।
5	पृथ्वी पर जल, अन्न और सुवचन ये तीन ही रत्न हैं,	पृथ्वी पर तीन रत्न और जल जलाये।
4	कितने बजे आएँगे ?	कितनी पुस्तकें कब आएँगे ?
6	इस संबंध में भारत केरिजर्व बैंक की अनुमति ली गई है।	इसके लिए भारत की  ⁇ udget का घोषणा है।
7	भीम आदि पांडववीर अन्दर नहीं जा सके।	भीम ने पाण्डवों के द्वारा पाण्डवों को नहीं छोड़ा।
6	वह 5 मार्च को पटना आ रहा है	वह 5 मार्च को 5 बजे दिल्ली आ रही है।
1	बटुआ	धन की कमी
3	वह बोला	वह बोला
3	गुणजी भाई बकरी पालक है।	गुणजी भाई भानु के द्वारा हँजायजी है।
4	वह जोर से बोली ।	वह जोर से बोला
6	मेरी प्यास शान्त हो गई है।	शान्ति – मैंने अब फल का नाश कर दिया।
1	पेड़ को	देखिए
10	क्योंकि देहधारी पुरुष के द्वारा अशेष कर्मों का त्याग संभव नहीं है, इसलिए जो कर्मफल त्यागी है, वही पुरुष त्यागी कहा जाता है।।	हे भारत ! कर्म के बिना कर्म के लिये कर्म नहीं करना चाहिये, क्योंकि कर्म के लिए कर्म का त्याग करना कठिन नहीं है।।
6	तब ही एक छात्रा वहाँ से गुजरती है	तब एक छात्र वहाँ से लेता है।
6	वह प्रतिदिन यज्ञ करती थी	वह प्रतिदिन यज्ञ करती थी
3	वह नहीं सोता है	वह नींद नहीं करती है।
10	पृथ्वी पर समय-समय पर आदर्श पुरुष होते हैं, यह तो कुछ लोक परंपराओं में ही बात है।	इसका समयकालकाल में स्थित हुआ और कुछ भी विश्व गुरु के द्वारा ही प्रसिद्ध है।
10	उसी समय कुटलहरी विधानसभा क्षेत्र को 10 करोड़ रुपये का दान दिया गया है।	उसी समय कुंगल्ली के क्षेत्र में 10 करोड़ रुपये का प्रावधान किया गया है।
4	वो मिशीगन में रहते हैं	वह मिठाइयाँ बनाता है।
5	वे छात्र संस्कृत पढ़ते हैं	वे छात्र संस्कृत पढ़ रहे हैं।
12	श्री गुरुजी, फूलों से युक्त एक वृक्ष के समान हैं, जिनसे सारे (नरवररूपी) वन में सुगन्धि फैल रही है, और छात्र उस सुगन्धि को सूँघ रहे हैं और उससे आनन्दित हो रहे हैं, वाकई शास्त्रों का हर्ष महान् है।	श्री भगवान् विष्णु ने शिव के लिए फल और पुष्पों के राजा के लिए बहुत सुन्दर हैं।
7	शाम को आतेतेते ही आकाश लाल हो गया।	शाम को आधी आकाश में मिट्टी के कपड़े पर रंगदान हुआ।
6	जब बैठक होती है तब युवतियाँ आते हैं।	जब सफलता होती है तब युवपाल चलती है।
9	उन्होंने कहा कि अयोध्या धाम्नि श्रीरामलला की प्राणों की उन्नति का बीजरूप है।	उन्होंने कहा कि अयोध्या के धुमाधार्य के प्राणों का प्राणों का प्राणों का नेतृत्व कर रहा है।
4	आज आनंद करेंगे।	आज आनंद पाएगा।
16	राजीव गांधी स्टार्टअप योजना के तहत सौर ऊर्जा परियोजनाओं की स्थापना भी मछली पालन के लिए वित्तीय सहायता प्रदान की जाएगी।	परिवहन विभाग के तहत परिवहन विभाग और सौर ऊर्जा परियोजनाओं के लिए भी मजबूत किया जाएगा।
6	सूत्रसञ्चालन त्रिम्बक केदार, श्रीराज शेलार ने किया।	सूत्र के रूप में तीन अंगों ने प्रथम, श्रीधरदेवी और कौवे को प्रणाम किया।
2	बहुत मोटा होने से इसकी नाभि गहरी है।	द्युलोक के समान कोई भी उत्तम वस्तु नहीं।
7	मैं तुझे जो आज्ञा करता हूँ, उसे जल्दी करो।	जो मैं, मैं तुम्हें मानता हूँ, वह कर्म करो।
6	उस बच्ची को सभी कैसे खुश करते हैं ?	उस बालक को कैसे बुलाते हैं ?
3	हम सबको क्या करना चाहिए?	हमें क्या करना चाहिये?
4	मेरे घर में शान्ति चाहती हूँ।	मेरे घर में शान्ति चाहता हूँ।
13	भीष्म के शरशय्या विषय को सुनकर कान भीष्म के प्रति सब प्रकार से व्याकुल हो गया और दादीजी के सम्मुख आ गया।	भीम के वचन को सुनकर कर्ण ने कानसेन के साथ सभी महिलाओं को मार दिया।
1	कहिए	कहिए
18	दोपहर में बजे जब मुख्यमंत्री सुखविंदर सिंह सुक्खू ने जल के लिए केंद्र सरकार को आक्षेप दिया तो विपक्ष गुस्सा हो गया और सदन में शोर शुरू हो गया।	दोपहर को दोपहर के बाद मुख्यमंत्री सुखविंदर सिंह सुक्खू ने जल में जल में जलपति के खिलाफ विरोध किया, तब विपक्ष ने विरोध किया, और सदन में भाजपा को शोर उठाया।
1	धोती	धुएँ
5	बेटा रास्ते में मत चलाओ	पुत्र - रास्ते में वाहन नहीं चलाओ।
1	लिखना	लिखना
4	वह रंगमंच की व्यवस्था देखता है।	ग्वाला की व्यवस्था के लिये वह व्यवस्था देख रही है।
6	धन्यवाद पिताजी कल पैसा ले जाऊँगा ।	धन्यवाद पिता ! कल धन कमाऊँगा।
14	पुत्र प्रदायक चरुं को लेने की इच्छा से सुमित्रा जी उस स्थल पर आयीं। इसपर प्रसन्नतापूर्वक कौसल्या जी अपने भाग में से आधा पायस सुमित्रा को दे दिया ॥	तब रामचन्द्र जी ने भाई लक्ष्मण को आलिंगन किया और उनके नेत्रों से अपने घर को छोड़कर उनका भोजन किया। उस समय श्रीलक्ष्मणजी ने अपनी पत्नी को अपनी आज्ञा से उनका भोजन किया ॥
6	वस्त्र से पवित्र किया जल पीना चाहिये और मन से शुद्ध जाना हुआ काम करना चाहिये।	शराब पीना चाहिये, जल पीना चाहिये, पानी को शुद्ध करना चाहिए।
4	राधा के द्वारा काव्य लिखा जाता है।	मालिक को कविता देता है।
10	शौनक ने ठण्ड से दाँतो की बीणा बजा रहे सूत से कहा महर्ष | यह बहुत ही विषम काल आ गया है।	दान भूमि पर बैठे हुए पृथ्वी को धारण करने वाले, भाई और भाईओं के समान, भाई और बड़े पराक्रमी ये दोनों के समान हैं।
8	''करेक्टर''-दक्षिण वेल्स देश के एक सदस्य ने दुर्गाती गुरुल्ला युद्ध में रोमन सेना का उत्पीड़न किया।	''उन्हें इस प्रकार दक्षिण-देश में एक अन्य देश के एक बड़े लंडित है।
4	विद्यालय में लड़के और लड़कियाँ है।	विद्यालय में बच्चों और बच्चियाँ हैं।
17	साथ ही शस्त्रधारण करने की अनुमति नहीं, ट्रैक्टर-ट्रैली बस, ट्रक, अश्व, व्यावसायिक वाहन और व्यक्तिगत वाहन प्रतिबन्ध हैं।	और भी प्राकृतिक आपदा के तहत अनुमति नहीं मिली है. दूर से वाहन-यानों को वाहन की संख्या में कम कर दिया गया है।
6	वह प्रतिदिन यज्ञ करती थी	वह प्रतिदिन यज्ञ करती थी
10	इसलिये आपके चरण कमलों में मेरी सदा भक्ति रहे, क्योंकि संसार रोग से ग्रसित रोगियों के लिये एकमात्र औषधि आपकी भक्ति ही है ॥	अतः आप श्रीभगवान् हैं, आप मेरे भक्त हैं, आप ही मेरे भक्त हैं, आप ही इस प्रकार के भक्त हैं, आप ही नमस्कार हैं ॥
6	टांडा चिकित्सा महाविद्यालय में पहली बार ऐसी चिकित्सा शुरू हुई है।	टांडा चिकित्सा महाविद्यालय में पहली पहली चिकित्सा सेवा शुरू हुई है।
7	मदनलाल धींगरा ने जब आंग्ल अधिकारी कर्जन की हत्या कर दी तब	मतलला के जबलललक ने कनाडा में कब्बे जेल में रखवाई की।
6	सम्भव हो तो बाजार से सेव लाईयेगा।	हो सके तो तो दुकानदार के लिये लड्डू लाओ।
6	उन्होंने कहा कि देश के शहरों के द्वारा भारत जीता जा रहा है.	उन्होंने कहा कि देश के देशों के लिए नया नया नया नया बड़ा बड़ा बड़ा बड़ा बड़ा बड़ा बड़ा बड़ा बड़ा बड़ा है।
6	धीरे धीरे लैंडर की गति धीमी की गई।	धीरे धीरे धीरे धीरे धीरे धीरे चलाने का फैसला किया गया।
1	मल	ऊंट
6	धूप में मत घूमो नहीं तो बीमार पड़ जाओगे।	आतंकवादियों को मत नहीं करना चाहिए।
17	तुम्हारे विरह में मैंने जो प्रतिज्ञा की, मैंने उस प्रतिज्ञा को प्राप्त न करके दिन भरी परिश्रम से समुद्र में यात्रा करने के लिए बांधा था।	तुम्हारे द्वारा इस तरह का उल्लंघन किया गया, जो मैंने समुद्र में निर्भर होकर समुद्र के पार होने पर तैयार होकर मेरे गाँव को पूरी तरह से कार्य करने का प्रयास किया है।
6	और बाण धारण किए हो। तो भी मेरे रहते सीता को लेकर नहीं जा सकोगे।	बगुला सोचता है न ही वैसी मेरे शिष्यों को तुम ले जाओगे।
8	प्रजापति (सृष्टिकर्त्ता) ने (सृष्टि के) आदि में यज्ञ सहित प्रजा का निर्माण कर कहा इस यज्ञ द्वारा तुम वृद्धि को प्राप्त हो और यह यज्ञ तुम्हारे लिये इच्छित कामनाओं को पूर्ण करने वाला (इष्टकामधुक्) होवे।।	हे राजन् ! इस जगत् के द्वारा जगत् को जानो। हे रघुश्रेष्ठ ! आप इस जगत् को आपस में जानो। हे रघुश्रेष्ठ ! आप इस जगत् को जाओ। हे रघुश्रेष्ठ ! आप इस जगत् को जाओ।।
10	हे नाथ हे लक्ष्मीपते! हे दुःखदलन व्रजराज ! हे जनार्दन ! इस कौरवोंकी सभारूपी समुद्रमें डूबती हुई मुझको बचाओ ! ॥	हे प्रभो ! आप सब कान कमलों के स्वामी भगवान् नारायण के समान मेरे चरण-कमलों से मेरी सेवा करो।
17	मुख्यमंत्री सुखविंदर सिंह सुक्खू, मुख्यमंत्री संजय अवस्थी ने आश्वासन दिया कि इस समस्या पर विचारशीलता शीघ्र ही हो जाएगी।	मुख्यमंत्री सुखविंदर सिंह सुक्ख, मुख्य सचिव और मुख्य सचिव के रूप में आए निर्णय लिया गया है कि यह विषय ही प्रभाव का विषय होगा।
11	आप मन्त्री और राजाओं के साथ अत्यनत शोभा पूर्वक क्यों नहीं आये ? सीताजी के यह प्रश्न पूछने पर श्रीरामचन्द्र जी मुसकराकर बोले ॥	इस प्रकार राजा ने कहा हे राम ! आप दोनों के साथ ही इस प्रकार कहने पर समर्थ थे। यह राम ने राम को कहा कि आप दोनों के साथ ही राम के साथ ही कहने के लिये आप दोनों ही हैं।
4	दंड लेकर धन की रसीद देते हैं।	प्यास से कमाकर धन कमाती है।
4	देवस्थान के चारों ओर वन है।	देवस्थान के चारों ओर है।
8	गुजरात राज्य के मुख्यमंत्री श्री विजय रूपाणी ने सम्मेलन का उद्घाटन किया।	गुजरात के मुख्यमंत्री श्री नरेन्द्र मोदी ने शपथ ली।
6	इससे पहले ही यमुनाचार्य का महाप्रयाण हुआ।	फिर पहले ही पूर्व ही कमल के समान युद्ध हुआ।
22	कार्यक्रम में विशिष्ट अतिथि के रूप में उपस्थित श्री राकेश शर्मा ने कहा कि गीता के व्याख्यानों का अनुकरण किया जाना चाहिए, मुख्य अतिथि के रूप में उपस्थित डॉ प्रभाकर जोशी ने वैश्विकता गीता के उपयोग के बारे में प्रकाश डाला।	कार्यक्रम में विशेष रूप से उपस्थित अतिथियों को डॉ. कविता भट्ट ने कहा कि गीता विभाग के विभिन्न विषयों पर भाषण दिया जाना चाहिए, मुख्य अतिथि डॉ. कविता भट्ट, मुख्य अतिथि के रूप में डाॅश्री प्रमोद कुमार कुमार ने गीता के महत्व के विषय में छात्रों को संबोधित किया।
1	पीटेगा	पीटएगा।
17	बांग्लादेश के प्रधानमंत्री शेखहसीना बांग्लादेशी मुद्रया''टका''उन्होंने भारतीय मुद्रा में सौ रुपये के साथ व्यापार बढ़ाने की आवश्यकता पर बल दिया।	कनाडा के प्रधानमंत्री नरेंद्र मोदी ने रूफिश देश के मुगल क्षेत्र में''नई''इसकाई गहरी सेना के साथ भारतीय सेना के रूप में देश के युवभूमि बलों के लिए, विश्ववादियों के लिए, उन्होंने देश के लोगों के लिए, उन्होंने देश की आवश्यकता का प्रयोग किया।
20	जिस व्यक्ति के दोष क्षीण हो गये हो और रक्त मे वायु की प्रधानता हो, उसके लिये पान, अभ्यग और अनुवासन मे स्नेह क्रिया का उपयोग करना चाहिये । वह रोगी स्नेहसाध्य है और जिस रक्त मे पित्त की प्रधानता हो तथा ग्रीष्म काल मे रक्त स्रवित होता है, उसके लिये स्तम्भन चिकित्सा करनी चाहिये, इस रक्त का रोकना ही उत्तम है । परन्तु स्तम्भन क्रिया मे यह देख लेना चाहिये कि इस रक्त मे वायु और कफ का ससर्ग न हो । यदि कफ का अनुवल हो तो उपेक्षा अथवा लघन करना चाहिये ||	जो किरीज, कडौड, कड़, कटु, कल्क, कल्क, लवण, लवण, कल्क, कल्क, लवण, कल्क, कल्क, लवण, लवण, कल्क, कल्क, कल्क, उदाचन, यव, ललाचन, ललाचन, ललाचन, लला, लला, कल्क, लला, लला, कल्क, जटा, जटा, जब, जब, जब, जब, जब, जब, जब, जब, जब
5	मैंने इस बाघ के प्राण बचाए,	मैंने इस विषय पर ध्यान दिया।
1	भुजा	सिर
7	पैत्तिक-ग्रहणी - कटु, अजीर्ण, विदाही, अम्ल तथा क्षार आदि के सेवन बढा हुआ पित्त अभि को आञ्जावित करके उसी प्रकार नष्ट कर देता है, जैसे गरम पानी अनि को शान्त कर देता है। पित्त प्रकोपक वस्तुओं से पित्त मे उणमा और द्रबाश दोनो बढते है । द्रवाश के कारण जनि पुझ जाती है ।	जो यज्ञ किये हुए पिता के द्वारा रचित हुए पिता के द्वारा रचित हैं, वह दिव्य फल के समान फल वाले हैं।
17	और मन ही मन कहने लगे अहो इस संमार में श्रीरघुनाथजी को छोड़कर स्मरण करने से कामनाओं को पूर्ण करनेवाला दुसरा कौन दयालु है ? मै अनन्यभाव से उनका नित्य स्मरण करता थी, इसलिए मेरे स्मरण को जान कर वह स्वयं मेरे पास चले आये ॥	हे रघुश्रेष्ठ ! आप कौन हैं? आप कौन करने वाले हैं? जो प्राणी को वन में रहने वाले हैं। हे रघुश्रेष्ठ! आप मेरी माया से ही मुझे आप मुझे आप मुझसे ही जाना चाहते हैं ॥
2	यह अ्च्छे नेत्रवाला है।	ओह बहुत समय से
6	ग्यारह अन्य अप्रत्यक्ष लोगों का ध्यान भटकता है।	पुल के कारण विभिन्न दिनों में यातायात लाने का प्रयास किया जा रहा है।
10	उसी प्रकार वह षष्ठ हिंसक है, जो इस मांस को खाने के लिए परोसता है।	उसी प्रकार छः वर्ष बीमार पर प्रेम है, जो अपुरा देता है, वह दमन करता है।
9	गणना से पता चलता है कि दुनिया भर में 55 मिलियन लोग मनोभ्रंश से पीड़ित हैं।	यह दुनिया भर में सर्वोत्तम क्षेत्रों में लोगों को कम करने के लिए लोग कहते हैं कि लोग विभिन्न लोग विभिन्न प्रकार की संख्याएं बढ़ते हैं।
12	इन सभी फ़िल्मों में सनी का नया फ़िल्म बॉर्डर लंबे समय से चर्चा की जा रही है।	इनमें से सभी फिल्मों में खबरों में नया प्रदर्शन किया गया है, यह खबरों के बारे में चर्चा की गई है।
4	मंच की शोभा प्रान्तप्रचार प्रमुख सतेन्द्र कुमार ने की।	हिमसंस्कृतवार्ता: प्रांत के अध्यक्ष प्रदीप कुमार कुमार ने सनुमना किया।
9	यह सभा पर्यावरण परिवर्तन से जुड़े जटिल विश्वचुनावों का निवारण करने के लिए भारत और अन्य देशों के साथ सहयोगात्मक प्रयासों को दर्शाती है।	जलपति जलपति ने सेनाओं के बीच के लिए और सुरक्षा के लिए और नीति के साथ विभिन्न पक्षों का उल्लंघन करने के लिए यह प्रयास किया है।
5	फिर जमींदारों का साम्राज्य छिन्न-भिन्न हो गया।	इसके बाद भूमि पर राज्य का बड़ा राज्य है।
7	स्वामीनारायणसंस्थान के प्रमुख स्वामीगणों ने मंदिर का निर्माण कराया है।	पुराणेन्द्रदेव के प्रमुख विष्णुदेव, देवों के लिए देवदेव का उपदेश है।
25	दस साल पहले''संस्कृत के संवर्द्धन के लिए कोई भी मार्गसूची''-ऐसा दस साल की दृष्टिगोचर योजना की जो 10 फरवरी, 2016 में केंद्र सरकार द्वारा रचित लेखक समिति में सदस्य बन गया और कार्य में लग गई, शास्त्री।	दस वर्षों से पहले''संस्कृत के माध्यम से''यह राज्य के बीच के तीनवें वर्ष के लिए''सकार के माध्यम से विकसित हुए हैं जो केंद्र सरकार ने इस तरह के लिए जाकर इन विद्यालयों का निर्माण किया है।
9	उपाध्यक्ष पद के चुनाव की प्रस्तावना कल संसदीय कार्यों मंत्री हर्षवर्धन चौहान ने प्रस्तुत की।	उपाध्यक्ष के रूप में चुनाव के लिए पिछले ग्यारह दिनों के मुख्यमंत्री हर्षवर्धन चौहान ने दी।
3	घड़ा कैसे भरता है?	घड़ी क्या बना रही है ?
6	तब दशग्रीव ने यह सोचकर बाढ को कहा ।	वहाँ दस भाई ने उसे कहा।
9	ओह , आप रात में संस्कृत में ही सपना देखते हैं	ओह , आप रात में संस्कृत में ही सपना देख रहे हैं।
15	पूरी रात चलने वाला यह उत्सव 18 फरवरी को शाम 6 बजे से अगले दिन शाम 6 बजे तक सद्गुरु की उपस्थिति में जारी रहेगा।	पूरा समय यह पुरस्कार 2 फरवरी को हुआ था कि वह दोपहर के बाद दोपहर तक दोपहर तक दोपहर तक दोपहर तक दोपहर तक दोपहर बजे तक बाजार में छठी स्तर पर शुरू हुआ।
5	प्रायः वह प्रतिदिन आता है।	प्रायः वह प्रतिदिन आती है।
4	पढ़ने वाले बालक जाते हैं ।	पढ़ने के लिए बालक जाते हैं।
7	आज तो उसके घर मांगलिक काज हो रहा है।	आज तो घर में तो एक संधि है।
3	अर्जुन को उपदेश करते हुए वह बोला	अर्जुन ने कहा
8	पश्चिम से लेकर पश्चिम तक जो साहित्य का अध्ययन किया गया है, वह कला रूप है।	जो वैद्य शास्त्र के द्वारा रचित है, वह एक ही रूप में नाम के रूप में नाम का रूप धारण करता है।
3	देव के द्वारा अन्न दिया गया	देव को अन्न दिया।
15	कम से कम कार्यों के मंत्री स्मृति ईरानी ने नई दिल्ली में हजमार्ग दर्शकों का खुलासा किया, हज सुविधा और मोबाईल एप का भी शुभारंभ किया।	न्यूयॉर्क के लिए केंद्रीय मंत्री ने नई दिल्ली में झगड़ाबाडा शहर में, लद्दाकटाई और सिलायराबाद के लिए दो बार बैठक की।
5	 ⁇ -19 के प्रसार के कारण, भड़काने वालों को दान की जाने वाली धनराशि कम कर दी गई है।	आपदाओं को दूर करने के लिए इस्तेमाल किया गया है।
20	इसके अलावा इन लोगों के लिए हिमकेयर भी है-पत्रों को रद्द करने के आदेश भी दिए गए हैं, जिससे इन लोगों के लिए जल्दी से पोस्टिंग कर सकें।	इसके अलावा, इन लोगों को घर के लिए भेजने के लिए, जिससे इन लोगों को भी इस संस्थान में भेजने के लिए तैयार हैं, जिससे इन सरकारी कार्यालयों को पूरा करने के लिए तैयार हैं।
6	महिलाओं को शाम को क्या करना है यह देख रही है।	महिला शाम को क्या कर रहे हैं।
4	पहले मेरा काम पूरा करिये	पहले मेरा काम करिये।
1	हे युवको!	बहुत अधिक
3	माता पिता और गुरुजनों का सम्मान करना उचित है।	माता-पिता ने गुरु के द्वारा सम्मान किया।
5	भगवान् श्रीकृष्ण में समस्तनिष्ठों की पूर्णता है।	भगवान् श्रीकृष्ण के द्वारा सभी तैयार हैं।
3	स्नानागार में ही गाते हो	स्नान में ही गृह गाओ।
11	इस सभा का आयोजन विश्व संवाद केंद्र द्वारा बिलासपुर में दिसंबर को किया जा रहा है।	इस सभा में विश्व के आयोजन के साथ हिमाचल प्रदेश-विदेश के सिरमौर-दिव्यास दिसंबर को शुक्रवार को हिमाचल प्रदेश में आयोजित की जाती है।
4	तुम सबके द्वारा दान दिया जाय ।	तुम सब दान देते हो।
9	रघुनाथपुर विश्व हिंदू परिषद के प्रांत अध्यक्ष लेखराजा को निमंत्रण देने के लिए कुल्लू में रघुनाथपुर पहुंचे।	महादेवपुर के विश्वनाथ मंदिर के मुख्यमंत्री के लिए अभिषेक के लिए उन्होंने भव्य रूप से अयोध्या में भगवान श्रीराम को मार्ग का निर्माण किया।
7	समग्र भारत में संस्कृत भाषा में ही शिक्षा दी जाती थी।	समय भारत में संस्कृत भाषा का ही है।
7	चित्रांग बोला शिकारी के डर से मैं आप की शरण में आया हूँ।	चित्रकूट बोला- “हे मित्र ! मैं तुम्हारे पास से जाना चाहता हूँ।
4	धर्मों ने कहाँ पर विकास प्राप्त किया है?	कहाँ धर्म ज्ञानक का ज्ञान कहाँ हुआ?
3	थोड़ी देर बाद	कुछ समय बाद
6	तुम मेरी बात नहीं सुनती हो।	तुम मेरी बात नहीं सुन रहे हो।
30	अधिक से अधिक जानकारी देकर धौलकुआं क्षेत्रीय उद्यान अनुसंधान- प्रशिक्षण केंद्र के सह- निदेशक डॉ. विशाल राणा ने कहा कि जब वह एक्सपोजर-वह घूमने के लिए ऑस्ट्रेलिया पहुंचे थे और वहाँ उन्होंने उत्पादन देखा, फिर एनबीपीजीआर ने आयात- लाइसेंस प्राप्त किया।	उन्होंने अधिक न्यायिक सूचना दी है। केंद्रीय युवा रेल-अभिमानी- ठाकुर के साथ स्थानीय रेल-अभिमानिकान के प्रमुख डॉ. एस.एस.एस.सी.सी.सी.सी.सी.सी.सी.सी.सी.सी.सी. ने कहा कि जब वह आगे चलने के बाद पहले समय पहले ही चाहते हैं।
10	जनजागरण संस्थान धर्मशाला अब हिमाचल प्रदेश के केंद्रीय विश्वविद्यालय के धर्मशाला के विषय में विवादास्पद हो गया है।	ज्योतिष मंत्री ने अब राज्य में धर्मशाला में हिमाचल प्रदेश के निवेशकों के बारे में चर्चा की।
10	हालांकि तिथि निर्धारित नहीं है फिर भी फरवरी-माह की तारीख से आगे बढ़ाया गया है.	जबकि तिथि से कोई भी अप्रैल में ऋण नहीं है, लेकिन यह मार्च से है।
7	जो हमेशा सत्कार्य करता है वह आर्य	जो हमेशा हमेशा सत्कार्य करता है वह आर्य है।
9	कबन्ध बोला यदि आप राम हैं और स्वयं आप मेरे पास आये हैं तो मैं धन्य हैं। पूर्व समय में में रूप और योवन के मद से उन्मत्त एक गन्धर्वराज था ॥	हे राम ! आप मेरी माया से आप मुझे आपस में देखें। आप मेरी माया के रूप में कीजिये। आप मेरी माया के रूप में कीजिये। अतः आप मेरी माया के रूप में विमोही रूप में रहने वाले हैं ॥
8	तुम भी वैसा नहीं लिखते जैसा विष्णुशर्मा लिखता है।	तुम भी नहीं लिखते हो जैसे विष्णुशर्मा जैसा मैंपुर हूँ।
10	अभिमानी और उन्मत्त जिस वाणी को बोलता है वह राक्षसी वाणी है।	जो मनुष्य सोचने लगा है वह राक्षसी है या वह कुशलता है।
7	ऋषियों के आश्रम में जाकर लोग उपासना करते थे।	ऋषिगण आश्रम जाकर लोग पैदल ही करते थे।
11	जिस प्रकार मांस आकाश में पक्षियों से, पृथ्वी पर हिंसक जन्तुओं ( कुत्ता सिंह इत्यादि) से और जल में मछलियों से खाया जाता है, उसी प्रकार धनवान् सब जगह खाया (लूटा ) जाता है |	जैसे-जैसे ही सामने आ रहे हैं, वैसे-धीरेभी, कल-साथ उपदेश करने वाला, वैसे ही मनुष्य के घर के किनारे से उत्पन्न नहीं होते हैं।
1	दरख़्त	वृक्ष
2	चुनना	बहुत अधिक अधिक
9	केरल की मछली-महासागर अनुसंधान विश्वविद्यालय के वैज्ञानिक इसके''होराग्लानिस पोपुली''वैज्ञानिक नाम दिया गया है।	केरल के कहुआ-अम्या विश्वविद्यालय के कुलपति ने इस तरह का सबसे बड़ा वैज्ञानिक हिस्सा लिया।
6	हम सभी पर्वतों पर चढ़ नहीं पाएँगे।	हम सभी पहाड़ पर चढ़ते हैं।
5	दीवान ने गोपाल को राजा के सामने झुका दिया।	दीक्षा गौशाला के राजदूत पर बैठे।
4	वे माँगते हुए जाते हैं।	वे सब जाते हैं।
1	दुनिया	राजा
13	उन्होंने भी कहा कि पिछले दशक भारत और अफ़्रीका के बीच सहयोग को बढ़ाने के लिए एक अभियान के रूप में काम किया था।	उन्होंने कहा कि पिछले दिन भारत ने भारत के साथ सहयोग के लिए सहयोग करने के लिए अभियान आयोजित की है।
11	शिक्षा के क्षेत्र- प्राचीन भारतीय इतिहास में समाज के विभिन्न स्तरों के महिलाएँ शिक्षा के क्षेत्र में हिस्सा ले रही थीं।	शिक्षा-भारत के प्रसिद्ध भारतीय सेना के महत्वपूर्ण खिलाड़ी समाज के प्रवेश में शिक्षा क्षेत्र में आयोजित करते थे।
7	एटली की अग्रिम फिल्म में वरुणवन मुख्यभूमि पर दिखाई देता है।	एटलीफैज के फिल्म में चलचित्र के मुख्यभूमि में मुख्यभूमि पर दिखाई पड़ती है।
7	धर्मगुरु ने जानुसमस्या के कारण अयोध्या नहीं जाया।	धर्मशास्त्र के द्वारा जाना जाता है कि महाभारत की सीमा को ले जाने के लिए पृथ्वी नहीं जाना चाहिए।
1	निवारण कर।	प्राप्त करना
10	कल दोनों की शिक्षिका ने आपके दोनों बेटे अध्ययन में रुचि नहीं दिखाते।	कल तो छात्र से ही पिताजी के द्वारा रचित नहीं मिलते हैं।
6	गोह, लोपक ( शृगाल भेद ), बिल्ली, श्वावित्, ऊट, गाय, कछुआ और शल्लकी इनके मास-रसों को भी शाक की भाति दही और अनार रस में सिद्ध करके घी और तेल मे भून कर धनिया और सोठ मिला कर देना चाहिये ||	यदि एक तो भी मोटे रंग के टुकड़े के समान, उत्र के टुकड़े के फूल के टुकड़े के फूल के साथ, यदि एक साथ ही आम के भी आम के कष्ट के साथ ही, यदि एक साथ तो एक ही आम के व्यक्ति के लिए भी आम का भी रहता है।
15	जिसमें विद्या और भक्ति नहीं, ऐसे पुत्रके होनेसे क्या लाभ है? कानी आँखके रहनेसे क्या लाभ? उससे तो केवल नेत्रकी पीड़ा ही होती है	जो पुत्र के समान कोई भी नहीं है, जो भक्त के समान भक्त हैं, जो भक्त भक्त हैं, वह तो केवल किसी के भी भक्त हैं।
5	अस्सी हजारमूल्य की वस्तुएँ प्रदर्शनी में लाए हैं।	संन्यास के साथ संन्यास के साथ अनेक नाम हैं।
1	आग	अशुभ
5	वह बच्चा उसका भांजा है ।	वह बच्चा है।
9	रूपाली आगे बोली कि वह पृथ्वी की नाट्यगृह में नाटक कर रहा था।	राजीव ने आगे कहा कि वह शस्त्र के घर पर प्रवेश कर रही थी।
3	मन्दिर में नगाड़ा ज़ोर से ध्वनि कर रहा है।	नंबर मन्दिर पर ऊँचा भरता है।
8	जब हम हँसते हैं तब हमारे दाँत ही दिखते हैं।	जब हम बाड़ के नीचे भोजन करते हैं तब ही ही ही बोलते हैं।
8	पराग - नहीं , तेज मत चलो ।	परसों नहीं ,कहाँ चलिये।
2	उसकी लेखनी	उसकी लेखिका
1	अन्धा ।	अच्छाई
1	रक्षक	छीनना
4	सुनार सोने से आभूषण बनाता है।	सुनार तप से भरी घूमता है।
9	हिमाचल प्रदेश के बारे में वादी पर्वतीय राज्य में इस कार्यक्रम के बारे में बहुत उत्साह है।	हिमाचल प्रदेश के बारे में यह क्षेत्र प्रसिद्ध है।
12	अनेक अन्यधिकारों के लिए उन्होंने हमें बताया जैसे जीवन का अधिकार, स्वतन्त्रता का अधिकार, शिक्षा का अधिकार और समानता का अधिकार।	कई प्रकार से अधिक से अधिक से अधिक-अतिवक्षा से ही जीवन में आयोजित किया गया, जैसे शिक्षा अधिकारियों ने जीवन के अधिकारी के रूप में शिक्षा के रूप में विस्तृत सूचना दी।
3	मैं खाऊँ ?	मैं घास ?
15	इसके द्वारा घर से उत्पादन विक्रय के अलावा किसान एचपीएमसी द्वारा बेची जाने वाली उपकरणों और अन्य सामग्रीओं का ऑनलाइन आरक्षण कर सकते हैं।	इसके लिए घरों के लिए कृषि उद्यमियों को कृषि विभाग के पासबद्ध मूल्यों का निर्धारण किया जा सकता है।
9	नीरज -नमस्ते , नमो नमः । कैसे हो तुम ?	नीरज - नमस्ते , नमस्ते , आप क्या हो ?
11	न चोरों के द्वारा चुराने योग्य है और न राजा के द्वारा छीनने योग्य है, न भाइयों के द्वारा बाँटने योग्य है और न भार (बोझ) बढ़ाने वाली है।	कोई भी सियार राजा नहीं है, कोई भी कोई नहीं है, कोई भी हाथी नहीं है।
11	केवल यशस्वी जायसवालविराट कोहली और संजु सैमसन शिवम दुब रनों को ही जीता गया।	यशस्वी, नरेश, कोचायना, कोहाय औरंग कोह कोह को प्राप्त करने के लिए ही 19110 रन बनाए गए।
1	जागना	खुश
4	दुर्जनों को कलह करना अच्छा लगता है।	रोगी विविधरों को पसंद है।
10	वे लोग गुरुजन, ताऊ, चाचा, पुत्र, पितामह, श्वसुर, पोते, श्यालक तथा अन्य सम्बन्धी हैं।	हे पुत्र ! पिता और पिता, बेटी, भाई, भाई, भाई, बहन, भाई, बहन, गाय, गृहाधू इत्यादि विविध विधायकों के लिए हैं।
5	गुरुनानक जी का जन्म तलवंडी नगर में हुआ।	गुरु गांधी का जन्म स्थान पर हुआ।
4	वह काट नहीं सकती है।	वह नहीं सकता है।
5	कौन सी गाड़ी जयनगर जाती है ?	क्या संदूक से बह रही है?
10	राम के द्वारा ही मुक्त किया गया, शीघ्रता से डरी हुई उस स्त्री के साथ गली में घुसकर सीता को प्राप्त हुई।	राम ने ही ऐसा कहकर विभीषण के पास जाकर विभीषण के लिए स्थित होकर उन दोनों के लिए स्नान किया।
13	देवराज के सारथी हैं तुम्हारा काम यह है कि मैं भी युद्ध की इच्छा से सावधान होकर तुम्हें याद कर दूँ कि मैं तो नहीं सिखाती हूँ।	आप उन दोनों का दर्शन सफल हो, मैं तुम्हें अत्यन्त बलशाली, असंभव बोलना चाहता हूँ।
16	पश्चिमी विक्षोभ के कार्यकलाप के कारण हिमाचल प्रदेश में रविवार और सोमवार को पीतस्चेतना में वर्षा और बर्फ लगातार हो रही थी।	पश्चिमी वायु के कारण हिमाचल प्रदेश के विभिन्न जिलों में रविवार को और दक्षिणी जलों में वर्षा हो रही थी, और बर्फबारी हो रही थी।
7	विधानसभा की बजट सभा के लिए पुलिस प्रशासन ने यातायात योजना की है।	विधानसभा के  ⁇ udget के तहत पुलिस प्रशासन ने अधिसूचना जारी की है।
6	अतिअहिंसावाद के कारण लोग कायर बन रहे थे।	बहुत से पार हो गए हैं।
23	में अपने ही कर्म से मर रहा हूँ, आप मुझे न मारें, आपका कल्याण हो। में जटायु नामक गृध हूँ। मैंने आपकी भार्या सीता का हरण करके ले जाते हुए रावण का पीछा किया और उसका रथ, धनुष तोड़ दिया और घोड़े मार दिए; परन्तु उसने मुझे घायल कर दिया जिससे में घायल होकर यहाँ पड़ा हूँ। हे जगन्नाथ! आप मेरी ओर देखिये, में अब अपने प्राणों को छोड़ना चाहता हूँ। यह सुनकर श्रीरघुनाथजी ! उनके पास जाकर उसे कण्ठगतप्राण और अति दीन अवस्था में पड़े देखा। तत्पश्चात् वह आँखों में आँसू भरकर उस पर हाथ फेरते हुए बोले	हे रघुश्रेष्ठ ! मैं तुम्हें अत्यन्त गोपनीय, अद्वितीय, अद्वितीय, अद्वितीय, अद्वितीय, अमामित, अश्रुधारा, अश्रुधारा, अश्रुधारा, सुमदन, सुमाणी, अश्रुधारा, अश्रुधारा, सुमथा और सुम सुम सुमयी सुमण्यमण्यमण्यमण्यमत्य भगवान् राम को देखूँगा। तत्पश्चात् श्रीरामचन्द्रजी के पास जाकर श्रीरामचन्द्रजी के पास जाकर श्रीरामचन्द्रजी के पास जाकर श्रीरामचन्द्रजी के पास जाकर श्रीरामचन्द्रजी के पास जाकर श्रीरामचन्द्रजी के पास जाकर श्रीरामचन्द्रजी के पास आये ॥
12	राज्य के अध्यक्ष ने कहा कि पिछले वर्ष चंडीगढ़-बद्दी-रेखावेट में 750 करोड़ रुपये का प्रावधान किया गया था।	राजा ने कहा कि पिछले साल चंडीगढ़ के ढोल क्षेत्र में करोड़ रुपये का खर्च किया गया है।
7	उनका परवर्ती जीवन अधिकतर राजनीतिक कार्यक्रमों में बिताया गया।	उसके द्वारा अधिक जीवन और जीवन में अधिक से अधिक कार्यक्रमओं में राजनीतिक कार्यक्रम आयोजित की गई।
8	इस अवसर पर आचार्य तुलसीदास परौहा जी, विश्वविद्यालय के रीवा परिसर विशेष रूप से उपस्थित थे।	इस अवसर पर आचार्य अनुपमाकृष्ण शुक्ल विश्वविद्यालय के कुलपति प्रो. मुरली मनोहर पाठक विशेष रूप से उपस्थित थे।
5	सर्प (कुटिलपुरुष) मार्ग में टेढ़ा-मेढ़ा चलता है।	जीभ से फल लेता है।
10	उन्होंने लगभग सात सौ फिल्मों में अभिनय किया और सर्वश्रेष्ठ अभिनेता का राज्य पुरस्कार जीता।	हमने पिछले महीने में फिल्मों के साथ बैठक की और राज्य की सफलता की थी।
9	जो व्यक्ति प्रसन्नता पूर्वक अहर्निश अध्यात्मरामायण का गान करता है उसकी आज्ञा के लिये इन्द्रादि देवगण प्रतीक्षा करते हैं ॥	जो व्यक्ति श्रीभगवान् के द्वारा श्रीहरतजी के रूप में प्रसिद्ध हैं, उनके द्वारा रचित हैं, उन श्री विष्णुदेवजी हैं। उन दोनों का मैं आपको नमस्कार है।
10	चयन समिति नामों को लघूसूची करके एक पटल बनाएगी और शीर्ष नेता को मंजूरी देगा।	शपथ ग्रहण समारोह में नाम के निर्माण के लिए एक संवाददाता सम्मेलन में निर्माण करने के लिए निर्माता को मंजूरी देगा।
17	क्योंकि इन स्वास्थ्य संस्थानों में हजारों रोगी उपचार के लिए आते हैं, यदि चिकित्सकों की प्रार्थनाएं पूरी नहीं होती हैं तो भविष्य में समस्याएँ पैदा होती हैं।	यदि ये ही स्वास्थ्य संस्थान के क्षेत्र में चिकित्सा सुविधाएं प्राप्त करते हैं तो चिकित्सा सुविधाएं प्राप्त करने के लिए चिकित्सा सुविधाएं नहीं मिल सकती हैं।
9	महानिरीक्षक प्रज्ञता (आईजी इंटेलिजेंस) संतोष पिलायाल अधिकारी परिषद के अध्यक्ष नियुक्त हैं।	महानिशुंड के निर्देशक बेन ने बीएसएमएस के अधिकारियों को नियुक्त किया है।
7	अंजुमन इंतिज़ामिया मस्जिद-समिति ने कहा कि ज्ञान स्टीमर-मस्जिद-वक्फ-संपत्ति मौजूद है.	एटीएमसीजी के अध्यक्ष सुमन कुमार शर्मा ने कहा कि ईपी-बीपीपी-अबुल-अबिलियन-बुल-बुल-प्रत्यन है।
4	अब करतारपुर पाकिस्तान में है।	अभी खबरपुर में पाकिस्तान का स्थान है।
17	भारत सरकार के आय विभाग के माध्यम से 80जी भी छात्रों और सार्वजनिक जनता के लिए उपलब्ध है-संस्कृत में विद्यमान-ज्ञानसागर छात्र अवश्य मिलते हैं-मिलना चाहिए.	भारत सरकार ने आयुष विभाग के अधिकारियों को भी एक महीने के लिए छात्रों के लिए संस्कृत के विकास के लिए लिखे हैं-उन्होंने छात्रों को ज्ञान के लिए संस्कृत के लिए संस्कृत का ज्ञान किया।
5	इसलिए सदाचार की रक्षा प्राणों से भी बढ़कर करनी चाहिए।	इसलिए जाति के बिना सदा प्राण का उपयोग करना चाहिए।
8	जिसकी प्रारम्भिक सत्र संस्कृतप्रार्थना है, संस्कृत भाषा में वार्ता आदि पढ़ते हैं।	जिसके प्रारम्भ में  ⁇ udget में संस्कृत भाषा के प्रचार-प्रसार के लिए संस्कृत भाषा पढ़ रहा है।
5	पत्नी –ये कूड़ा नहीं है।	पत्नी – ये है।
5	तीसरी मंजिल में खाद्य व्यंजन मिल रहे थे।	तीसरे क्रम में कार सेवक को मना कर रहे थे।
4	लिखकर अभ्यास करो ।	लिखिये
3	यह अत्यन्त जल्दी लिखता हैं।	सुभद्रा शीघ्र ही लिखती है।
11	अखिलेश खान की फिल्म लाल सिंह चड्डा 2022 में प्रदर्शित की गई।	पहुंचे समारोह के लिए अक्षय खान और रेलमार्ग उस वर्ष की मृत्यु हुई।
2	मैं पढ़ता हूँ |	मैं पढ़ता हूँ।
1	शान्त करना	सभी प्रकार के
9	महानिरीक्षक प्रज्ञता (आईजी इंटेलिजेंस) संतोष पिलायाल अधिकारी परिषद के अध्यक्ष नियुक्त हैं।	महानिशुंड के निर्देशक बेन ने बीएसएमएस के अधिकारियों को नियुक्त किया है।
10	इस समय पश्चिमी विकार के सक्रिय होने के कारण वर्षा, बर्फबारी शुरू हुई।	इस दौरान पश्चिमी दिवसीय उत्साह के कारण वर्षा शुरू हो गई।
5	हाईड्रोजन प्रदूषण से रहित स्वच्छ ईंधन माना जाता है।	एनियन का उत्पादन कर्तव्य स्वच्छ है।
4	सास बहू को पाकविद्या सिखा रही है ।	सवाईई की रचना पढ़ती है।
6	तुम्हारे घर किसका वृक्ष है ?	तुम्हारा घर किसका वृक्ष है ?
5	घोड़े को देखकर उसे क्या याद आती है?	वह घोड़े को देखकर क्या पूछता है ?
10	दल के सूत्रों से कहा गया है कि इस सप्ताह आवेदन की तारीख निर्धारित होगी.	उन्होंने कहा कि इस महीने की तारीख को निर्धारित किया जाएगा।
8	उसी दिन चन्द्रयान ने चंद्र पृष्ठ पर एक सफल उतरान किया।	उसी दिन सूर्ययान ने चंद्रमा पर आक्रमण किया और घायल हो गए।
5	मैंने भी खड़े होकर वीरों को श्रद्धाञ्जलि दी।	मैं तुम्हें श्रद्धांजलि दीक्षा के लिए अभिषेक किया।
7	राष्ट्रपति मुर्मू ने गणतंत्र दिवस के पूर्व संध्या पर राष्ट्र को संबोधित किया।	राष्ट्रपति द्रौपदी मुर्मू ने गणतन्त्र दिवस के अवसर पर राष्ट्र को संबोधित किया।
6	ये महोदय बहुत कर्मठ थे ।	यह बहुत भक्ति बहुत ही था।
3	कौए ने लड़के के हाथ से रोटी लेली।	बगुले के लिये बालगुली की चपेटेंडें।
5	मेरे पुत्र ने रास्ते में उसे देख लिया।	मेरे पुत्र ने उस मार्ग में देखी।
6	प्रकाश करो नहीं तो वह बालक डरेगा।	प्रकाश करो नहीं तो वह बालक को बालक से दूध ले जाएगा।
10	इष्टगन्ध आदि से युक्त प्रिय और हितकर अन्न शरीर मे पृथक् २ गन्ध आदि गुण घ्राण आदि इन्द्रियों को पृथक् २ तर्पण करता है । अर्थात् स्वादु और हितकर अन्न के पार्थिव आदि भाग अपने अपने गुणों से अपनी अपनी इन्द्रियो का तर्पण करते हैं ॥	हे नारद ! अग्नि के जल से दग्ध होने पर भी वायु के समान श्यामवर्ण से उत्पन्न होता है। यह कहकर मैं तुम्हारे पास ही शरीर के समान श्यामवर्ण से उत्पन्न होता हूँ।
6	शुंग वंश के पुष्य मित्र का काल सबसे पहले दूसरा शतक है।	तिरुचिराशित्र के पुत्र को देखकरुशारह ने पहले तीन बार जीत लिया।
8	कुछ समय बाद ही पांचों झुग्गी गांवों में आग लग गई।	कुछ समय बाद ही पांच सौ से अधिक लहर-दांच सौ सौ सौ सौ सौ सौ सौ सौ सौ सौ सौ सौ से भी एक सौ से भी एक समान मंदिर बन गया।
4	वह वहाँ कल जाएगा।	वह वहाँ जाएगा।
6	रात में भोजनालयों में भी लोग भोजन करते हैं।	रात में भोजन भी लोग भोजन करते हैं।
4	जो एकबार देखने के लिए महत्वपूर्ण है।	जो एक बार देखना चाहते हैं
12	प्रधानमंत्री मोदी आज वहाँ वैश्विक नेताओं के साथ द्वैपाक्षिकम् में परस्पर मंत्रण वार्ता भी करेंगे।	प्रधानमंत्री मोदी आज वहाँ नई वैश्विक-वैश्विक-उन्होंने दोनों देशों में एक साथ राष्ट्रपति भवन में भी शामिल होंगे।
4	मनुष्य की श्रेष्ठता चरित्र से होती है।	मनुष्य श्रेष्ठ व्यवहार से शुद्ध होता है।
6	श्रीफ्रांस भारतीय-वैश्विक परिषद में एक व्याख्यान भी देगा।	श्रीफ्रांस भारतीय-वैश्विक-वैश्विक प्रचारक भी एक विशिष्ट व्याख्यान पाएगा।
9	उस मन्त्री ने प्रजाओं को 'पेट तथा अंगों की कथा सुनाकर उनकी अनुकूलता प्राप्त कर ली।	उन्होंने मनुष्यों के द्वारा बहुत कुछ सुनकर थका हुआ।
7	इटली के युवा टेनिस खिलाड़ी यानिक ने सीन के साथ इतिहास बनाया।	इटली देश के युवा टेनिस टोट-बिकट-बिकटियन-बिकटिंग ने इतिहास के इतिहास के लिए इतिहास का निर्माण किया।
6	इसलिए, स्थिरता विशेषज्ञों का मानना है कि कोई अन्य तरंग व्यवहार्यता नहीं है।	इसीलिए कुछ भी अनुएँ नहीं आती है कि वह तध्यम वर्ग से भी अधिक से अधिक से अधिक कष्टों को प्राप्त करते हैं।
5	उनका प्रेणादायक प्रवचन मैंने सुना था।	उनके लिये प्रयास करने के लिये मैं आना था।
25	क्योंकि ये शास्त्रों के अमृत से निर्धन ब्राह्मणों को सींचते हैं, इसलिए धरती की बात तो छोड़ो, स्वर्ग में भी ऐसे लोग प्राप्त नहीं होते, क्योंकि इस संसार में या स्वर्ग में भी, मनुष्य, देवता इत्यादि सब स्वार्थसमुत्सुक ही हैं, जो निष्काम भाव से सब कुछ, (विद्या आदि) दान कर दे, ऐसे धन्य पुरुष तो श्री बाबा जी ही हैं ।	शास्त्रों के द्वारा उत्पन्न होने वाले लोगों के द्वारा यह बुद्धि का आचरण करता है। यह आत्मा का स्वरूप है। यह आत्मा का स्वरूप है। यह आत्मा सभी कुछ भी नहीं है। ये सभी के द्वारा ही कल्याण के द्वारा ही नहीं है। संसार में उत्पन्न होता है। यह आत्मा रूपी धन का स्वरूप है। इसलिए सभी के द्वारा ही है।
1	देशी भाषा	देश
9	शनिवार को बहुत से लोगों ने पूर्व मंत्री से परामर्श किया।	शनिवार को बहुत से पहले मुख्यमंत्री ने जन सिंह को घर पहुँचकर उसकी सूचना दी।
9	उन्होंने कहा कि राज्य सरकार ने कर्मचारियों से 4 फीसदी बड़ा भारी वेतन घोषित कर दिया है.	उन्होंने कहा कि राज्य सरकार ने कर्मचारियों को 45 फीसदी से ज्यादा घोषणा की है।
8	हे रघुश्रेष्ठ ! यह संसार आपकी माया का विलास है और मैं आपका ही अंश हूँ । अतः अपने चरणारविन्द की भक्ति मुझे देकर भव संकट से रक्षा कीजिये ॥	हे रघुश्रेष्ठ ! आप मेरी माया के आश्रय कीजिये। आप मेरी माया को सुनकर आप अपनी माया से मेरी रक्षा कीजिये ॥
4	मध्याह्नोत्तर का काम दिन के प्रथम भाग में ही कर लेना चाहिए।	यह रिपोर्ट पूर्वाभिमानी में करना चाहिए।
9	नीरज -नमस्ते , नमो नमः । कैसे हो तुम ?	नीरज - नमस्ते , नमस्ते , आप क्या हो ?
27	मंत्रिमण्डल ने जलशक्ति विभाग का कार्यानुष्ठान और लोगों की सुविधा हेतु जलशक्ति विभाग के डलहौजी से चंबा जिले के चुवरी के स्थान पर शिमला जिले के जलशक्ति विभाग कासुम्पटी, सुन्त्री, नृवा मतियाना और अन्य जिलों का पुनर्गठन करने का निर्णय लिया।	जलशक्ति विभाग ने इन कार्यों को सुैन करने के लिए सुदादादाधीन लोगों को जलशक्ति विभाग के लिए जलशक्ति विभाग को स्थापित करने के लिए जलशक्ति विभाग की स्थापना की, और हिमाचल प्रदेश के सेब विभाग के सेब विभाग के अधिकारियों को भुगतान के पद से स्थापित किया।
9	रेलवे स्टेशन बस- टैक्सी- उद्देश्य है कि अटोरिक्शा स्टेशनों के साथ संबंध बनाए रखना है।	रेल स्टेशन चलाने के लिए टॉट-बिकट के साथ संपर्क करने का प्रयास किया गया है।
12	मैं अपनी सखियों के साथ कल सुबह काशीविश्वनाथ मंदिर की ओर जाऊँगी, वहाँ हम गंगा स्नान और धार्मिक यात्रा करेंगी।	मैं अपने कृष्णा के साथ काशी के किनारे पर जाना जाता हूँ, वहाँ पर लोकनाथ की पूजा, धर्मालय में भी गुरु के पद को प्राप्त करता हूँ।
5	विद्यालय के प्रार्थना सत्र में वह संस्कृत गीत गाती है।	विद्यालय में वह संस्कृतदिन गीता गीत गाती है।
1	रुक गया।	उत्पन्न किया
9	जहाँ मुख्यलिखित परीक्षा में सभी पत्रों में 216भ्यर्थी उपस्थित थे।	जहां मुख्य पात्रों के लिए परीक्षा के लिए सभी पात्रों में 29999 पात्र उपस्थित थे।
8	बोलो क्या कहना चाहती हो। आज कार्यालय बन्द है क्या ?	बोलो, क्या करें, आज हम संस्कृत का अध्ययन करें।
7	सुचरित्र से मनुष्य महान् बन सकता है।	सुदैव से कोई भी व्यक्तिार्थ नहीं है।
3	मेरे पिता का है।	मेरी आज्ञा से
7	कैसे वे उम्मीदवारों के वोटों की संख्या उद्घोषित करते हैं ?	कैसे वे उम्मीदवारों की गिनती में  ⁇ udget में हैं ?
3	सब केवल पढ़ते हैं।	सभी केवल पढ़ते हैं।
3	योगशास्त्र का प्रवर्तन किसलिए हुआ?	वैदिकशास्त्र का क्या प्रयोजन है?
9	जिस अपराध के लिए प्रजा को एक रुपए से दण्डित किया जाए उसी अपराध के लिए राजा को हजारगुणा दण्ड प्रावधान होवे।	जहाँ धन की कमी होती है, वहीं रुपये की सीमा को कम करने के लिए दो रुपयेएँ हैं।
1	देवदत्त	देवदत्त
1	धर्म के बिना	धर्म के द्वारा
9	सांस्कृतिक समुदाय, सामाजिक संदेश, संस्कृति, और परंपरा पर आधारित आकर्षक कार्यक्रम प्रस्तुत किए गए।	सांस्कृतिक में सामाजिक- सांस्कृतिक- सांस्कृतिक- सांस्कृतिक और सांस्कृतिक- सांस्कृतिक कार्यक्रम का उद्घाटन कार्यक्रम के रूप में आयोजित किया गया।
2	ब्रह्मा जी के समक्ष उपस्थित हुआ।	समय-समय पर
6	उस काम में वह अकेला नहीं है ।	उस कार्य में वह एक नहीं है।
16	मनुष्य को न बाजूबन्द सुशोभित करते हैं, न चन्द्रमा के समान चमकदार हार, न स्नान, न शरीर पर सुगन्धित लेपन (चन्दन, केसर आदि), न बालों/चोटी में सजाए हुए फूल सुशोभित करते हैं।	नर्मदा, नृत्ति, न सूर्य, न चन्द्रमा, न चन्द्रमा, नदि, नदियाँ, नली और नदियाँ नदियाँ, नदियाँ, नदियाँ और नदियाँ नदियाँ नदियाँ और नदियाँ जल से उड़ा रहे हैं।
6	वो हमारे राष्ट्रीय सलाहकार समिति के अध्यक्ष हैं	वह हमारे राष्ट्रीय रक्षा बल के अध्यक्ष हैं- सदस्य हैं.
6	सत्ता में आकर वह वचनपालन नहीं करता है।	संजय आकर वह इक्की को नहीं दिखाता है।
3	विद्यालय के चौकीदार को निवेदन करती है।	विद्यालय से छात्र निवेदन करती है।
9	यह फिल्म अर्जुनकपूर की करियर का सबसे बड़ी निष्फल है।	''भारत के साथ प्रसिद्ध समय पर यह फिल्म प्रदर्शित की गई है।
9	वहाँ भारत के नवनिर्माण संस्कृत के योगदान पर चर्चा की गई।	वहाँ भारत के नए संस्कृत के विकास के बारे में चर्चा हुई।
6	तो हम एक छोटा नाटक करते हैं।	तो हम दोनों एक साथ घड़ा करते हैं।
6	दिव्यांग बच्चों के साथ समय बिताया।	चिकित्सक बच्चों के साथ वार्तालाप किया गया।
11	जो इस वर्ष परिसर में चौबीस प्रतियोगिताओं में हिमाचल प्रदेश के प्रतिभागी भाग लेंगे।	जो इस वर्ष के राष्ट्रीय स्तरीय पुरस्कार विजेताओं के साथ हिमाचल प्रदेश में भाग लेंगे।
1	भाई ।	पैर
16	श्रीलंका-देश के शिक्षा मंत्री डाॅ सुशील प्रेमजयन्ता ने कहा कि श्रीलंका के कैंडी में मद्रास का नया परिसर शुरू होगा।	श्री मोदी ने देश के शिक्षा मंत्री डॉ. सुमन यादव ने कहा कि सुशीलता के क्षेत्र में नई दिल्ली में नया-बिल्र-महद्मान-पंगा-पंगा-यह अभियान होगा।
6	''श्रुश्रुत-तन्त्र:''यह ग्रन्थ सेवा के द्वारा ही लिखा गया है।	''रामके ग्रन्थों का) ‘मैं ग्रन्थक हूँ''मैं लिखे हैं।
21	केंद्रीय विज्ञान-तकनीकी मंत्री डॉ. जितेन्द्र सिंह ने कहा कि यह भारत के लिए गर्व भरा वर्ष है क्योंकि प्रधानमंत्री नरेंद्र मोदी के नेतृत्व में देश ने एक महत्वपूर्ण सफलता हासिल की।	केंद्रीय कृषि-वैश्विक-मंत्री डॉ. जितेन्द्र सिंह ने कहा कि यह भारत का यह देश है कि भारत का सबसे बड़ा देश है क्योंकि प्रधानमंत्री नरेंद्र मोदी ने देश के एक न्यायजन जाति के रूप में एक महत्वपूर्ण भूमिका है।
8	 ⁇ .एस ने प्रेस लाइसेंस जारी किया और यह सूचना दी गई।	प्रिंसिटी ने शोध किया कि यह मुद्दा ऑइल का प्रसार है।
10	अधिकारियों का आरोप है कि मणिपुर में संघर्ष हित-आधारित बातचीत और हमलों के कारण है।	उत्तर प्रदेश के सुरक्षा बल ने बताया कि सुरक्षा अभियान के कारण ही अधिकारी एकत्र किया गया है।
7	वस्तु पसंद आती है तो हम उसकी प्रशंसा करते हैं।	जब हम कष्ट देते हैं तो उनके प्रशंसा करते हैं।
11	परमार्थनिकेतन महामुनि पूज्य प्रभु चिदानन्द सरस्वती की अध्यक्षता में पूज्य प्रभु विश्वपालजेन्द्र जी की अध्यक्षता में वसंतोत्सव समारोह शुरू हुआ।	परमार्थार्थी श्री राम जन्मभूमि शास्त्री ने राम जन्मभूमि के रूप में प्रसिद्ध सद्गुरु स्वामी स्वामी स्वामी स्वामी स्वामी स्वामी स्वामी स्वामी स्वामी जी को महाभाष्य के रूप में सम्मानित किया।
5	बरसात के बाद वीरसिंह गेंहूँ बोएगा	वर्षा के बाद वीरसिंह बङ्गाल बालाल बैंगूल करेंगे।
11	हे भगवन्! उसका क्या नाम है और किस शहर में वह रहता है?	भगवन् ! उसका नाम क्या है, वह किस नगर में रहता है?
31	जब सारा विश्व बल्कि एक बड़ी अर्थव्यवस्था है कोरोना-महामारी- बाद में ही भूमि-राष्ट्रीय- जो अशान्ति के कारण दो फीसदी वृद्धि दर पर पहुंचने के लिए संघर्ष करते हैं, वहां भारतीय अर्थव्यवस्था की आगामी उदर में भी लगभग सात फीसदी वृद्धि दर की उम्मीद है अर्थात् भारत अब उस दर को हासिल कर सकता है।	जब पूरे विश्व में विश्व में सूचना के माध्यम से कुछ-छोटे-छोटे-छोटे-प्रमोद-प्रमोद-प्रदेश के बीच ही बढ़ते हैं, तब भारत में भारतीय सरकार को आर्थिक सहायता की संभावना है, और आर्थिकता को भी मजबूत हो सकता है।
3	भौंरा फूल का मकरंद पी रहा है।	पक्षी फूल का रस पीता है।
5	प्राचीन काल में अयोध्याका राजा दशरथ थे।	प्राचीनकाल में अयोध्या में राजा का राजा था।
8	इसलिए, उम्मीद है कि भाष्यकार वक्ता की अपेक्षा पाणिनि का समर्थक है।	इसीलिए भाष्यकार के साथ बात की गई है कि यह विषय पर आधारित है।
10	यहाँ कूटशब्द से संबंध का त्याग किया जाता है, निर्लज्ज शब्द से परिणाम का त्याग किया जाता है और शेष शब्दों से प्रध्वंस का त्याग निषिद्ध कर दिया गया है।	यहाँ का प्रयोग करना, दुनिया भर में परिवर्तन करने के लिए, परिणामों को दूर करने के लिए, इस आपदा में समय की स्थिति का समय पैदा किया गया।
6	दशरथनन्दन ! मैं आपको अयोध्या पहुँचाऊँगा।	दशरथ ! मैं तुम्हें अयोध्या से चलूँगा।
4	कभी कभी दही से बाल धोता है।	कभी कभी कभी दही के बाल में धोता है।
7	उपवास के समय भी वह काम तो करेगा ही।	उपवासकाल के समय वह भी काम करेगा।
8	राजेश – राजस्थान राज्य में अजमेर के पास है ब्यावर	राजेश – राजस्थान में एक कुर्सी है।
1	लगा हुआ	प्राप्त किया
8	परमाणु हथियारों के विकास को देखकर सामरिक नीति बदल जाती है। सेना के छोटे टुकड़ों में विभक्त हो जायेंगे।	परसों विकास के माध्यम से देखे जाते हैं और विकास के माध्यम से जुड़े बच्चों के लिए राहत बढ़ जाएँगे।
6	जो (मनुष्य) अपना कल्याण और बहुत अधिक सुख चाहता हैं,	जो सत्य के द्वारा और पापों को सुख देने के लिए सुख का अनुभव करता है।
4	नागेन्द्र घर के बगीचे में आम उगाता है	नदी के आँगन में एक बेलचहरी बजाता है।
1	लीन	देखने के लिए
8	जिलाधिकारीओं और संकुल के उत्कृष्ट विद्यालयों के निर्माण के लिए प्रारंभिक रिपोर्ट जारी करने के लिए कहा गया है।	जिला समन्वयक और जिला स्कूलों में भाग लेने के लिए एक नई स्तरीय बैठक के लिए कहा गया।
5	आप ऑनलाइन भुगतान कर सकते हैं।	आप चलाने का प्रयास कर सकते हैं।
11	उन्होंने कहा कि भारत की महत्वपूर्ण भूमिका आम जनता की पसंद के लिए मजबूत है।	उन्होंने कहा कि मोतिपटल और सामान्य लोग बड़ी अर्थव्यवस्था के लिए बड़ी भूमिका है।
7	पाँचवीं इन्द्रिय चमड़ी है, जिससे मनुष्य स्पर्श जानता है ।	पंचायत मनुष्य जैसा गुरुयों को जानता है, वह मनुष्य को जानता है।
7	यहाँ पुस्तक लेने क्या सदस्य आते हैं ?	यहाँ पुस्तकें के लिए क्या चल रहा है ?
5	अनेक लोग निर्धन भी हैं।	अनेक लोग भी निर्धन हैं।
10	इसने संसदीय कार्यों के दो कार्यसूचक और वित्त विभाग के दो कार्यसूचक पर सहमति दी है।	इस विधेयक में दोनों राज्यों के कार्य के लिए दोनों नई विभागों के कार्य और विस्तारों के साथ कार्य के लिए कार्य किया गया।
4	तब वह सतर्क हो जाता है	तब वह बाजब होता है
4	कृपया आप भी सुझाएँ।	कृपया आप भी सूचित करें।
1	ढका	भी
11	हे जिनेन्द्र ! आपका दर्शन करते समय जो आपके गुणों में आनन्द पूर्वक अपने मन को लगाकर इस अद्याष्टक स्तोत्र को पढ़ता है। उसे आपका दर्शन करने मात्र से सब अर्थों में सिद्धि या (सर्वार्थ सिद्धि) उर्ध्व लोक की प्राप्ती होती है ।	आज तो पढ़ने के लिए मनुष्य की सेवा करने के लिए सभी गुणों को संस्कारों का प्रयोग करना चाहिए, फिर भी मनुष्य के लिए सभी प्रकार की सेवा करना चाहिए।
5	भगवान् श्रीकृष्ण में समस्तनिष्ठों की पूर्णता है।	भगवान् श्रीकृष्ण के द्वारा सभी तैयार हैं।
12	तुम (अपने) नियत (कर्तव्य) कर्म करो क्योंकि अकर्म से श्रेष्ठ कर्म है। तुम्हारे अकर्म होने से (तुम्हारा) शरीर निर्वाह भी नहीं सिद्ध होगा।।	हे कौन्तेय ! मैं कर्म करने वाला हूँ, जो योगी कर्म करने वाला, दान और आसक्ति को त्यागकर, तप और आसक्ति को प्राप्त नहीं किया गया है, वह योगी है।।
6	हम सभी वीर सैनिकों को नमन करते हैं।	हम सभी वीर सैनिकों को वन्दन करते हैं।
4	बहनें विष्णुसहस्रनाम गाती हैं।	बहन विष्णुसहस्रनाम गाती है।
4	वह सारे वस्त्र धोएगी	वह सबको कपड़े धोएगा।
11	इसी प्रकार, व्यावसायिक पात्रों को अनुमानित ऋणधान बढ़ाकर 75 मिलियन रुपये का कर दिया गया।	इसी प्रकार व्यावसायिक पात्रों को कम करने के लिए पांच लाख रुपये का भुगतान किया जाएगा।
6	अवन्तिका तेलुगु फिल्म में भी काम किया।	यह  ⁇ udget भी प्रदर्शित की गई थी।
1	दीनता से रहित।	अकाल
10	उसी समय कुटलहरी विधानसभा क्षेत्र को 10 करोड़ रुपये का दान दिया गया है।	उसी समय कुंगल्ली के क्षेत्र में 10 करोड़ रुपये का प्रावधान किया गया है।
1	पेट में	बगुले
8	पुस्तक के रूप में देने के बाद सराहनीय कार्य किया गया ऐसा उन्होंने कहा।	पुस्तक में लिलाकर नाटक के लिए कहा गया है।
37	जैसे हाथी की सूँड में कुछ लोहे की शृंखला रखी है, वैसे ही हाथी यदि अन्य सबको छोड़कर सुँड में उसी शृंखला का आलिंगन करके यात्रा करे, तो मन भी उसी प्रकार जब एक ही नाम या रूपसे व्याप्त हो जाता है, तब वह हर समय उसी नाम या रूपसे पकड़कर खड़ा रहता है।	जैसे हाथी के गदा नामक जानवर में कुछ भी गड्ढा रखकर वह कुछ भी गड्ढा रखकर किसी अन्य गहरी के सिर पर रखकर, कुछ भी गहरी बने हुए गहरी के नाम से नहीं आया। फिर भी वह अपने नाम से ही अपने नाम से छूरे हुए किसी का रूप धारण कर सकता है।
10	पंकज उधमके पुत्री नेयाब उधम ने अपनी इंस्टाग्रामपटल पर लिखकर अपने पिता की मृत्युकी पुष्टि की।	साथ ही नवरात्रि के पुत्र की बेटी नक्बर ने अपनी माता को अपनी माता को अपनी गोदी में लेकर अपनी अपनी अपनी अपनी अपनी यात्रा का खुली कर दी।
15	कार्यक्रम में शिक्षा विभाग के अध्यक्ष डॉ. महेन्द्र कुमार ने उपाध्याय के सभी कामनाओं को प्रकट किया और संचालन डॉ. प्रमिला मिश्रा ने किया।	कार्यक्रम का संचालन डॉ. महेंद्रकुमार पांडे ने किया और संचालन डॉ. प्रमोद कुमार ने किया।
4	चार लड़के जाते हैं।	चार लड़के जाते हैं।
1	वाणी से	वाणी
3	खाना और गलना	शीघ्र ही
4	संसारमें प्राणिगण चार प्रकारके हैं ॥	वहाँ प्रवेश के चार प्रकार के होते हैं।
6	वह धीरे धीरे पिता के बाल काटता है।	वह धीरे धीरे धीरे पिताजी को बाल काटता है।
4	प्रत्याशी का जनाधार करेगा।	नौ सौ लोग और युवतियाँ जाती हैं।
4	आवेदक बिहार के स्थायी निवासी होने के योग्य है।	बिहार के लिए बिहार के लिए आप आदेश प्राप्त होते हैं।
18	जैसे कुञ्चिकापटल (कीबोर्ड) के बिना कंप्यूटर में कोई काम नहीं हो सकता है, वैसे ही संस्कृत ग्रंथों और शास्त्रों के बिना मानव विकास नहीं होता है।	उसी प्रकार कुटिलाल का अध्ययन करना, बिना अन्य काव्य का अध्ययन करना, संस्कृत का अध्ययन करना, संस्कृत का ज्ञान, संस्कृत का ज्ञान, ज्ञान का ज्ञान, ज्ञान का ज्ञान, ज्ञान का ज्ञान का ज्ञान, ज्ञान का ज्ञान का ज्ञान का ज्ञान, नहीं होता है।
5	मेरे एक मित्र ने पूछा	मेरा एक मित्र था।
11	इसलिये व्याख्यान में यदि व्याडिपतञ्जली नित्यार्थ में पूर्णशब्द कहे तो उसका अर्थ ही ज्ञात करना चाहिये।	इसलिये आयुर्वेदोपचार के लिए साधुशब्द का प्रयोग करना चाहिये तो वह अपशब्द का प्रयोग करना ही है।
6	इस जिले में सौ से भी प्राथमिक स्वास्थ्य केंद्र हैं।	इस जिले के विभिन्न हिस्सों में स्वास्थ्य केंद्र हैं।
9	यह प्रतिपादित है कि दो आत्माओं को प्रथम अन्वयव्यतिरेक से अनाज के खदे से मोटा शरीर बन गया है।	पहले ही आग से आग से अग्नि को जल से ढका हुआ है, वैसे ही आत्मा को सच्चा से मुक्त कर दिया जा सकता है।
2	अधिक विस्तार की आवश्यकता नहीं है।	बहुत अधिक अधिक
3	वह मुझसे पूछता है।	वह मुझसे पूछता है।
4	चेक गणराज्य में दौड़ स्पर्धा चल रही है।	चेक गणराज्य में दौड़ने वाले दौड़ने के लिए है।
10	डॉ. मेघनाद के कथन से दौलतसिंह जी अर्नेस्ट रदरफोर्ड महोदय के पास गए थे।	डॉ. मेघ सिंह ने कहा कि दौलतसिंह के पास संपादक कारिका चित्रकला के पास आया था।
6	एक तो केवल खेल समाचार ही पढ़ता है।	एक तो केवल खेल अपितु खेल ही पढ़ता है।
3	कन्याओं को भेंट देते हैं।	कन्याओं को सादर से हँघता है।
1	स्मृति	स्मरण करना
10	देश का संपूर्ण-उत्तर क्षेत्र में भीषण-आफूसी-चरण से रेल सेवा प्रभावित हो गई।	देश में पूरे पूरे उत्तर-छोटे-छोटे-छोटे उपकरण से रेलगाड़ी सेवा के कारण रेल सेवा के कारण प्रभावित हो गई।
6	कितनी अच्छी है उनकी मृत्यु ।	कितनी है उसका मृत्यु हो गया है।
6	शुंग वंश के पुष्य मित्र का काल सबसे पहले दूसरा शतक है।	तिरुचिराशित्र के पुत्र को देखकरुशारह ने पहले तीन बार जीत लिया।
12	फिर जूलियन अल्वारेज़,, 69 मिनट में दो गोल गेंदें मिलीं जिससे अर्जेंटीना का फाइनल में प्रवेश सुरक्षित हो गया।	इसके बाद, जॉफ्लेट में 30,  ⁇ ,  ⁇ enenenenen, और स्टेडियम से 30 गोलियों को एक प्लास्टू में कार्रॉस ने टॉस को हराकर उन्हें हराकर उन्हें हराकर फाइनल में प्रवेश किया।
5	रामरावण युद्ध के बाद भी संस्कृत थी।	राम जन्मभूमि के समीप युद्ध के बाद भी संस्कृत थी।
17	अपने स्वयं के विभाग का दायित्व क्यों नहीं छोड़ रहा है, सच यह है कि शिक्षा मंत्री नामित बिहार के मुख्यमंत्री राज्य के लोगों को भ्रमित करने का प्रयास कर रहे हैं।	स्वयं अपने विभाग के अधिकारी को मत है कि क्यों नहीं छोड़ते हैं कि यह सच शिक्षा है कि यह हिमाचल में कैसे है? मुख्यमंत्री ने कहा कि यह राज्य के लोगों को राज्य के लोगों को आकर्षित कर रही है।
12	उन्होंने कहा कि प्रकाशचौधरी मण्डीमण्डल में कांग्रेस की अध्यक्ष थे, और भविष्य में भी ऐसा ही होगा।	उन्होंने कहा कि काशी जिले के जिला अध्यक्ष संजय कुमार, कांग्रेस भी होंगे।
5	मेरा मित्र आज मदुरई पहुँचेगा ।	मेरा मित्र आज चम्मच में करेंगे।
9	क्रोधित होते हुए नारायण ने तब उनकी माली जी की स्तुति से समयचक्र के पहिये को चढ़ा दिया।	छठेपद के कारण श्री देवी ने उस समय उस सरस्वती को लेकर चक्रदान के लिए चक्रदान किया।
9	पापी अधर्मियोंकी शीघ्र ही बुरी गति होती है, ऐसा समझकर पुरुषको चाहिये कि धर्मसे दुःख पाता हुआ भी अधर्ममें मन न लगावे	न तो धर्म ही धर्म है, न धर्म है, न धर्म है, न धर्म है और न धर्म ही है, किन्तु धर्मका ही है, किन्तु संसारमें बढ़कर धर्मका ही है ॥
9	हे गुडाकेश (निद्राजित्) ! मैं समस्त भूतों के हृदय में स्थित सबकी आत्मा हूँ तथा सम्पूर्ण भूतों का आदि, मध्य और अन्त भी मैं ही हूँ।।	हे पार्थ ! समस्त भूतों के समुदायों के समुदायों के समुदाय, कर्म और शांति के द्वारा युक्त होकर, भूत, भूत, इन्द्रिय और बुद्धि से ही मैं ही आत्मा को ही प्राप्त करता हूँ।।
4	द्वावेव उत्तराखंड का गौरव है।	दोनों उत्तराखंड के प्रकाश से गोपाल निकलते हैं।
6	ग्यारह अन्य अप्रत्यक्ष लोगों का ध्यान भटकता है।	पुल के कारण विभिन्न दिनों में यातायात लाने का प्रयास किया जा रहा है।
16	ईरान की राजधानी तेहरान के दक्षिण में ख़ून शहर के मध्य में स्थित नूर टेक्नोलॉजिकल स्कूल के छात्रों को प्यार हो गया।	इलेक्ट्रिक राज्य के राजकोट में दक्षिणी टोकरी में अब मुंबई के बीच के छात्रों ने भव्य स्वागत किया और छात्रों को आकर्षित किया।
5	आपने किस किसको बुलाया है ?	आप कहाँ ही मिलते हैं ?
5	हिन्दू संस्कृति को निष्ठा से पूर्णता को आदर्श भाव से मानते हैं।	हिन्दू संस्कृति के लिए पूर्णता का भविष्य में ज्ञान का अनुभव करता है।
8	परन्तु न्यूनतम तापमान में कमी के कारण ठंडी लहर लगातार होगी।	परन्तु कम तापमान में कम तापमान के कारण बिजली की कमी हो जाएगी।
10	इसलिये आप जैसे भगवान् हनुमान इस संसार में कभी भी पैदा नहीं होंगे।	इसलिये वह मुनि ने कहा कि विश्व का नाम कभी नहीं होगा।
4	पाँचवाँ अंगूठा है	पाँचवीं ग्वाल है।
12	शाक - सुवर्चला ( हुलहुल ), गुञ्जनक ( प्याज या गाजर ), परवल, वायसी (मकोय), मूली, बेत और नीम ये शोथरोगिया के लिये उत्तम शाक है। भोजन मे पुराने जौ और चावल उत्तम है ||	इस प्रकार सुपंधिका नदीके तटपरसे लीन हो गया और जलमें, गदासे, भूलेसे, ललाटसे, ढककर वेदमें, भूदीसे, जलमें, ढककर वेदमें और जलमें और जलमें और रोभित हो गया और वेदमें वह सब जगह चले ॥
16	गणतन्त्र दिवस-इस वर्ष पहली बार आवाहन करने की समूह की महिलाएँ-वाद्य-उन्होंने शंख, ध्वनि, स्वर और उपकरणों के लिए पद संग्रह शुरू किया।	गणतन्त्र दिवस-जुनाव के पहले दिन इस वर्ष में पहली बार-बार्शन-बताया गया कि महिलाओं ने महिलाओं को गोली-शहर में प्रवेश किया है।
4	संसारमें प्राणिगण चार प्रकारके हैं ॥	वहाँ प्रवेश के चार प्रकार के होते हैं।
7	ट्रक संचालकों की आन्दोलन के कारण ज्वर चुराने की आपूर्ति निलंबित है।	ट्रकिंग के आंदोलन के कारण अटल सुरंग निलंबित कर दिया गया है।
3	प्रेक्षागृह में प्रवेश ही नहीं करना चाहिए	परसों नहीं करना चाहिए।
6	आप अभ्यास क्यों नहीं करते हैं ?	आप छात्र को क्या नहीं कर रही हैं ?
5	मेरे घर काँच का गिलास है	मेरे घर काँच काँच है।
1	स्वामी को ठगना	विख्यात
10	ठीक है मैं उसके साथ बात करूंगी। आपको सूचित करूंगी।	ठीक है, मैं उसके साथ बातचीत करूँगा और सूचित करूँगा।
6	वृद्ध बालों के लिए प्रेतकार्य नहीं करते थे।	वृद्ध बच्चों के लिये बच्चों को नहीं डरते थे।
9	हिमाचल प्रदेश के डॉकियों ने बुधवार से प्रतिदिन ढाई घंटे तक 2,600 बजे तक आन्दोलन आरम्भ किया।	हिमाचल प्रदेश के सशस्त्र से प्रतिदिन प्रतिदिन 200 करोड़ रुपये तक मूल्य की चिकित्सा हो गई।
7	चित्रांग बोला शिकारी के डर से मैं आप की शरण में आया हूँ।	चित्रकूट बोला- “हे मित्र ! मैं तुम्हारे पास से जाना चाहता हूँ।
10	यह सच हो जाएगा, क्योंकि उसकी घोषणा भी बस में की गई है.	यह करना होगा, क्योंकि उसका घोषणा उसका घोषणा करना है, क्योंकि  ⁇ udget का घोषणा है।
10	और अभी खबर आ रही है कि जाह्नवी की फ़िल्म में अभिनय किया है।	और अब बात आती है कि जाह्नवी ने चलचित्र में अभिनय किया है।
7	वर्ष 1977 में उनका नाम मैंने सुना था।	सातवें दिन मैंने उनका नाम सुना है।
5	पूड़ा देओ और दाल लेओ ।	पाये रंगरें रस पीओ।
5	आप क्या काम करते हैं ?	आप क्या काम करते हैं ?
6	नहीं, मैं आज सायंकाल शहर जाऊँगा।	नहीं मैं आज शाम को नगर जाऊँगा।
9	उत्तराखंडसंस्कृत अकादमी, प्रतिवर्ष संस्कृत भाषा के प्रचार-प्रसार के लिए, संरक्षण के लिए, और इंटरनेट के माध्यम से संस्कृत व्याख्यान के लिए आयोजित किया जाता है।	उत्तराखंड के प्रिंसिपल, संस्कृत भाषा के संरक्षण के लिए, संस्कृत के महत्व पर, संस्कृत के माध्यम से, संस्कृत के माध्यम से, संस्कृत के माध्यम से, सामाजिक कार्यक्रम का आयोजन किया जाता है।
4	इस समय मैं भूखा हूँ ,अब मैं तुम्हें खाऊंगा ।	अभी मैं तुम्हें घास खाऊँगा।
6	जनवरी तक या अग्रिम आदेश तक जारी रहेगा।	जनवरी तक या अग्रिम आदेश जारी होगा।
10	किससे कष्ट को तुम यहाँ आ रहे हो बताओ कैसे सेवा करूँगा।	किसको कष्ट से तुम शीघ्र आई हो। तुम बताओ।
4	अतिथियों की सेवा करता है वा नहीं।	बहन के लिए प्रयत्न नहीं करना चाहिये।
12	इसलिए देखता हूं। बाहर (खुले आवाज़ में) बोलता है-" कहां (है) ? तेरी चूड़ी ?" शेर हाथ खोल कर दिखाता है।	वह फिर भी मैं तुम्हें नमस्कार करता हूँ। तब तो मैं तुम्हें हाथ से निकालता हूँ। इसलिए तुम दोनों ने इस प्रकार का हाथ भरकर बाहर निकालता हूँ।
9	इस प्रकारमुक्त श्रीराम रथ पर चढ़कर और प्रणाम कर उस रथ पर चढ़ गया।	इसी प्रकार श्रीराम ने रथ के ऊपर बाण और बाणों को पार करने के लिए उस रथ पर चढ़ाया।
6	आपके घर में कौन-कौन रहते हैं।	आप घर में कौन हैं ?
11	मेरे कहने से कर्ण क्रोधित होकर और कुछ बुरा करने लगा यह सुनने में डर रहा है।	मेरे द्वारा कान पीकर कुछ भी दूध लेकर कुछ भी अवलास्कार कर देना चाहिये।
9	जो व्यक्ति प्रसन्नता पूर्वक अहर्निश अध्यात्मरामायण का गान करता है उसकी आज्ञा के लिये इन्द्रादि देवगण प्रतीक्षा करते हैं ॥	जो व्यक्ति श्रीभगवान् के द्वारा श्रीहरतजी के रूप में प्रसिद्ध हैं, उनके द्वारा रचित हैं, उन श्री विष्णुदेवजी हैं। उन दोनों का मैं आपको नमस्कार है।
7	फिर भी यहाँ का अथशब्द प्रारम्भार्थ है यह भाष्यकार बोलता है।	फिर भी यहाँ भी प्रयोग के लिए प्रयोग किया गया है।
5	सर्वमेध विधाता ने उन दोनों को जगत्सृष्टि की रचना की।	सभी नेन्हों ने धर्मदान किया।
4	ठीक मौके पर आप पधारे।	सिद्ध करने के लिये समय आ गया।
7	बच्चों ने पूछा हमारी दीदी कहाँ है?	बालक का मामा कहाँ है ?
5	पिता करेले की सब्जी खा रहे हैं	पिता कारखाना सब्जी खाता है।
13	इस अवसर पर मुख्यमंत्री ने कहा कि किलोमीटर लंबा यह रस्सी रुपये के खर्च से बना जाएगा।	इस अवसर पर मुख्यमंत्री ने कहा कि वाहन में यह पुल 600 करोड़ रुपये का खर्च होगा।
21	जहां विजयकुमार चौधरी, विजेन्द्र यादव, श्रवण कुमार जडयू मंत्री बन गये, जीतनराममांझी के बेटे संतोषसुमन भी कोटा से मंत्री बन गये, स्वतन्त्र सुमित कुमार भी मंत्री बन गये।	जहां जे.एस.एस.एस.एस, बी.एस., पारिमेरी और अन्य राज्यों से मुख्यमंत्री के लिए भी उपस्थित थे, और वे मंत्री के रूप में भी शपथ ली गई।
6	अब प्रभास की फ़िल्म''सालार'' प्रदर्शित हुई।	अभी प्रभास का''इस फिल्म का शूटिंग सफल हुआ है।
11	उन्होंने कहा कि 40 मिलियन से अधिक भारतीयों के बल से भारत ने इस वर्ष कई उपलब्धियां हासिल की हैं.	उन्होंने कहा कि चौबीस हजार से अधिक भारत के लिए इस वर्ष भारत ने केवल देश में अनेक बार इस तरह का सम्मान किया है।
5	जल के मनुष्यं पानी में डूबकर तीर पर बैठते हैं।	पानी से निकलने के लिए लूरे हुए नदी पर गिर जाता है।
13	विद्या की प्राप्ति निरंतर अभ्यास से होती है। अभ्यास से ही विद्या फलवती होती है। उत्तम गुण और स्वभाव से ही कुल का गौरव और यश स्थिर रहता है। श्रेष्ठ पुरुष की पहचान सद्गुणों से होती है। मनुष्य की आंखें देखकर क्रोध का ज्ञान हो जाता है।	मनुष्य के पास विद्या का स्थान है, विद्या का अभाव होता है, स्त्री का विष का विष होता है, स्त्री का विष का विष का विष का विष होता है, इसलिये मनुष्य के पास जाता है, वह जल्दी ही कुछ भी हो जाता है।
5	स्ट्रांग रूम से कैसे मत मशीन ला रहे हैं ?	विधार्थशाला से कितने बार मत होते हैं ?
5	मेरी जीजी सब्जियों का अचार बनाती हैं।	मेरी बहन विविध सब्जियाँ बनाता है।
4	हे मित्र (बन्धु/भाई)! पक्षियों के समूह की आवाज़ से गुंजायमान वन में चलो।	इस प्रकार वह (हैबाख) पक्षी पक्षी पक्षी (जैपखास) से (जैपास) और (पैपख) -) -) के द्वारा हधे (खने) को देखा है।
16	मोदी हिमाचला अपने घर बोल रहे थे, जब आपदा थी तब अपने भाइयों बहनों के बारे में ध्यान नहीं दे रहे थे।	मोदी अपनी घर में अपनी पत्नी थी, जब वह अपनी स्थिति में अपना अनुभव कर रही थी तब वह अपने प्राणों के बारे में कुछ भी ध्यान देता था।
7	भाषण स्पर्धा में बहुत प्रतिभासम्पन्न उन्होंने अनेक पुरस्कार जीते।	यह भाषा बहुत प्राचीन थी। यह कई सूचनाओं को लाई।
6	व्याकरण की दृष्टि से भी संस्कृत एक वैज्ञानिक भाषा है।	वैसीकरण की दृष्टि और संस्कृत भाषा का समृद्ध भाषा संस्कृत है।
3	देवभक्त पूर्ण हृदय से परिश्रम करता है।	सभी देवता विष्णुलोक को प्राप्त करते हैं।
4	क्रिसमस-दिन में उल्लास की सज्जता प्रचलित हुई।	क्रिसमस-दिवस की तारीख को शुरू होगी.
9	भगवन् व्यास जी की वाणी के रूप में श्रीमद्भागते जी ने अपने दिव्य लायकों का वर्णन किया।	भगवान् महान् वीरपुराण के भगवान श्रीकृष्ण के आश्रम में उनका जन्म लिया जाता है।
7	व्यक्ति कुटुम्बार्थ, कुटुम्ब राष्ट्रार्थ और राष्ट्र भी मानवतार्थ होता है।	संकल्प के लिए परिवार के लिए परिवार, परिवार के लिए भारत के लिए सम्मान आवश्यक है।
9	यह अरुणाचल राज्य से भारत में प्रवेश करता है और असम में और बांग्लादेश में फैलता है।	इस दौरान भारत के राज्यों से भारत प्रवेश कर रही है और अमृतसर क्षेत्र में आर्मी और अमृतयात्रा का आकलन किया गया है।
6	वहाँ चूडाकर्ण नाम का एक संन्यासी रहता था।	वहाँ गङ्गना नामक नाम का नाम सुना रहा है।
4	वहां बहुत चोर चोरी करते हैं ।	वहाँ तो भूख से पशु घूमते हैं।
5	आप जिस भी रास्ते पर जाना चाहें.।	जिस किसी के द्वारा मार्ग को जाना चाहिये।
14	श्रीभगवान् ने कहा -- मैं लोकों का नाश करने वाला प्रवृद्ध काल हूँ। इस समय, मैं इन लोकों का संहार करने में प्रवृत्त हूँ। जो प्रतिपक्षियों की सेना में स्थित योद्धा हैं, वे सब तुम्हारे बिना भी नहीं रहेंगे।।	श्रीभगवान् ने कहा -- मैं आपके समय में समस्त लोक में आपकी भक्ति के लिए आपसे नहीं रहते हैं, जो कुछ भी लोक में उत्पन्न हो, वे सभी के द्वारा विचरते हैं, वे सभी के द्वारा भी हैं।।
11	इस महान् कार्य की पवित्रता के लिए जिसका स्पर्श इच्छित नहीं हुआ, वह छोड़ देना चाहिए।	इस महाभाग्य के कार्य के लिये देवकामना को प्राप्त करना चाहिये, वह नये।
5	यहाँ तुम किसलिए ठहरते हो, बताओ ।	यहाँ तुम क्यों करते हो?
7	नहीं कोई विशेष नहीं ।	सामा - नहीं , नहीं , कुछ भी
15	हे शूर ! वहाँ विशल्यकरणी, सावर्ण्यकरणी, संजीवनी और संधानी नाम के चार औषधि हैं।	हे वीर! वहाँ उसने वहाँ के लिए, उसनेहरू के लिए, नए जीविका के लिए, चौचाई नाम के नाम से चार नाम हैं।
14	पिछली सरकार द्वारा राज्य के माध्यमिक विद्यालयों में छात्रों की कम संख्या का हवाला देते हुए अधिशेष प्रक्रिया के तहत 2,600 एलटी-कैडर का पद ख़त्म कर दिया गया.	पूर्व सरकार ने राज्य सरकार के स्कूलों में छात्रों को प्रतिबंध लगा दिया है-आधारित-आधारित-आधारित वर्ग में 20000 करोड़ रुपये का भुगतान किया।
5	उसे देखकर सभी प्रसन्न होते हैं।	उसको देखकर सभी खुश होते हैं।
4	दूकान से सबसे पहले सोलर पैनल निकाला ।	बस से पहले सौर ऊर्जा निकाले।
4	शाम को वह मुझे मिला	शाम को वह मुझे गया।
12	इस अवसर पर रक्षा मंत्री ब्रिटेन के रक्षा मंत्री ग्रांट शैप्पस के साथ द्विपक्षीय वार्ता करेंगे।	इस संबंध में सुरक्षा मंत्री राजनाथ सिंह की रक्षा अभियान के साथ रक्षाष्मान संबंधन के साथ बैठक करेंगे।
5	गुजरात में विधानसभा चुनाव के पहले चरण का मतदान गुरुवार को होगा.	गुजरात में विधानसभा चुनाव के पहले चरण का पहला चरण होगा।
5	गंगा दीदी विज्ञान पढ़ाती थीं।	गंगा सरस्वती जी में पढ़ रहे थे।
2	छोटे भाई को स्वस्ति (कल्याण हो	अपने आप सब में
5	उसके कारण से हाई ब्लड प्रेशर भी रहता है	उसके कारण से वाहन भी होता है।
6	राधवेन्द्र कपिलदेव की तरह क्रिकेट खेलता है।	महाराणा प्रतापदेव देवदेव के द्वारा खेलता है।
6	छात्रों की मधुर और अत्यंत मधुर प्रतिक्रिया देखकर शिक्षक प्रसन्न हुए	छात्रों ने सुमधुरता को देखकर, और शिक्षक को देखकर शिक्षा के लिए और शिक्षक को भी किया।
7	प्राचीनकाल में यही भाषा भारत देश की राष्ट्रभाषा थी।	पूर्व समय में भारत के साथ ही राष्ट्रभाषा राष्ट्रभाषा थी।
3	भूतकाल में वाक्य लिखिये	सारकाल में लिखिये।
11	वादी अभिमन्युराठूर ने प्रवेश किया था और एक जनहित याचिका में अंतरिमाश्रय से जुड़े हुए आवेदन पर उच्च न्यायालय द्वारा दायर आदेशों को पारित कर दिया गया था।	सुप्रीम कोर्ट ने नाम के साथ सुनवाई के लिए, उसने लोगों को गिरफ्तार किया है कि कार्रवाई के लिए एक खतरे में एक खतरे में बिनबर ने सुप्रीम कोर्ट को गिरफ्तार करने का आदेश दिया है।
3	परन्तु स्मरण करके बताऊँगा।	परन्तु जल्दी से जल्दी आओ।
4	मनुष्यों के नामों के संकीर्ण होने पर मनुष्यों का अन्तःकरण कीर्ति के योग्य होगा।	मन के नाम से नाम की वृद्धि होगी।
11	कार्य छोटा हो या बड़ा व्यक्ति को शुरू से ही उसमें पूरी शक्ति लगा देनी चाहिए, यह शिक्षा हम सिंह से ले सकते हैं।	जो कार्य करना चाहता है, वह कार्य अथवा काम करता है, वह सब कुछ प्राप्त करता है, वह सब कुछ प्राप्त करता है, वह निःबुद्धि कहलाता है।
3	उसने भ्रष्टाचार किया।	उसने भ्रष्टाचार किया।
4	पिता कुर्सी पर बैठते हैं ।	पिता की गोदी में बैठता है।
7	महाभाषी इस शतक में तत्कालीन समाज की सांस्कृतिक, सामाजिक, आर्थिक और राजनैतिक व्यवस्था का यथार्थ प्रतिबिम्ब होता है।	महाभारत के उस पहल में उन्होंने सांस्कृतिक-विध्य-विदेश-आधान-अज्ञान के लिए सामाजिक नियमों का उल्लेख किया।
8	जो पुरुष योगयुक्त, विशुद्ध अन्तकरण वाला, शरीर को वश में किये हुए, जितेन्द्रिय तथा भूतमात्र में स्थित आत्मा के साथ एकत्व अनुभव किये हुए है वह कर्म करते हुए भी उनसे लिप्त नहीं होता।।	योगी पुरुष योग और मन से रहित होकर, आत्मा को आत्मा में स्थित नहीं देखता है, वह सब भूतों को त्यागकर भी नहीं कर पाता।।
1	घूमूँगा।	घूमूँगा।
3	यह विद्वानो का वचन हैं।	यह समासन करने के लिए कुशल है।
4	आप सभी रस निकालिये।	आप सब चट्टान का हलुआ करें।
5	उनका सूत्रवृत्ति पद्मनाभिन द्वारा ही सौपद्मपञ्जिका में लिखी गई।	पद्म महाराज ने ही शंख के संपादक मील को वेद लिखाया।
4	कभी नहाता नहीं है।	कभी भी स्नान नहीं करती है।
10	क्योंकि सुबह नित्यकर्म से दिनचर्या के अनुसार सभी सत्र होते हैं।	जो त्याग दिवस के अनुसार जनवरी से शुरू हुए सभी विषयों को प्राप्त होते हैं।
6	परिस्थितियों को अवसर मानकर मेरे पास आओ और विद्या प्राप्त करो।	और भी -आस से मनुष्य को विद्या की रक्षा करनी चाहिए।
12	वहाँ पर निषादराज गुह फल मूलादि लेकर आया, किन्तु रामजी ने उन्हें प्रतिपूर्वक हाथ से ही स्पर्शकर करके ही छोड़ दिया, उनमें से कुछ भी ग्रहण नहीं किया ॥	और भी - यदि आप सभी फल और फलको भी फलको भी नहीं देते तो वह तराजूके तुल्य ही है, क्योंकि मेरे हाथ-कमलोंमें ही नहीं, क्योंकि वे दोनों हाथभरमें ही नहीं हैं ॥
10	इस दिन दर्शकों के बीच बैठे युवकों ने सदन में उछल कर धुआँ निकला।	इस दिन प्रेमी दिन सभी लोगों ने सदन में कार्रवाई की।
8	हे अर्जुन ! ब्रह्म लोक तक के सब लोग पुनरावर्ती स्वभाव वाले हैं। परन्तु, हे कौन्तेय ! मुझे प्राप्त होने पर पुनर्जन्म नहीं होता।।	हे कौन्तेय ! जिस प्रकार पुरुष को नित्य जन्म लेकर, शोक और आसक्ति को प्राप्त करके, पुन:ख और आसक्ति को प्राप्त नहीं होता।।
6	कई प्रकार की हानि हौसी से हुई है।	अनेक प्रकार के संग्रह में व्यस्त है।
5	यहाँ पन्द्रह दिन का ध्यान शिबिर है	यहाँ पंद्रह दिन की छुट्टी है।
14	लोक निर्माण मंत्री विक्रमादित्य सिंह ने चुराह विधानसभा क्षेत्र के विधायक हंसराज द्वारा पूछा प्रश्न के लिखित उत्तर में यह सूचना दी।	वित्त मंत्री और विक्रमादित्य सिंह ने मंगलवार को राज्य के बीच क्षेत्र में राजा राजा राजा को उत्तर लिखे थे, इस मामले पर लिखा गया है।
4	उसके बाएँ कोई भी नहीं है।	उसकी कुर्सी कोई भी नहीं है।
6	आज मतदान के लिये जाना है।	माता – आज मतदान करना है।
8	सच में माँ के द्वारा दिया भोजन स्वादिष्ट है।	यात्री – सच ही भोजन है।
8	इस व्याख्यान समारोह में दो से अधिक छह सौ उत्तर-सप्तसप्त-इस उपाधि को हजारों छात्रों को दिया गया था।	इस दीक्षान्त समारोह में भारत-रेलवे-प्रतिद्वीप के छहवें कक्षा में छात्रों को एक साथ-साथ छात्रों को एक साथ बढ़ाया गया।
12	प्रधानमंत्री ने कहा, नागालैंड में 75 साल में पहली बार दो महिलाएं विधानसभा में आईं।	नागैंड के 35वें दिन, विधानसभा क्षेत्र के 15वें दिन उन्होंने कहा कि वे तीन बार प्रधानमंत्री बने थे।
1	पालन करे	प्राप्त करें
5	मेरी पत्नी मायके कब जाएगी ?	मेरी पत्नी कहाँ से माता के घर जाएगा?
6	जल के विना मछलियाँ नहीं जीवित रहती ।	जल के बिना प्रत्येक के जीवन नहीं होते हैं।
1	राष्ट्र की समृद्धि के लिये	राष्ट्र के लिए
10	चयन समिति नामों को लघूसूची करके एक पटल बनाएगी और शीर्ष नेता को मंजूरी देगा।	शपथ ग्रहण समारोह में नाम के निर्माण के लिए एक संवाददाता सम्मेलन में निर्माण करने के लिए निर्माता को मंजूरी देगा।
4	तुम्हारे दोनों कान पकड़ो।	तुम्हारे दोनों कान पसन्द हैं।
5	माँ क्या क्या तलती है ?	माँ क्या तलती है ?
3	कार से बैग्स उतारे।	कार से अटैची उतार गई।
9	उसके बाद, रात्रि में स्थिरप्रतिज्ञ अपनी जनता से घिरे हुए श्रीराम देवराज इन्द्र के समान शोभा पा रहे थे।	फिर उस (परमात्मा) ने अपनी तरह पूजा की और श्रीराम के साथ भगवान् श्रीकृष्ण को धैर्य के रूप में देखा था।
12	सत्ययुगमें जो फल श्रीविष्णुभगवान् के ध्यानसे, त्रेतामें यज्ञादिसे और द्वापरमें हरिसेवासे प्राप्त होता है, कलियुगमें वह केवल हरि-नाम-संकीर्तन करनेसे ही मिल जाता है ॥	जो ब्राह्मण विष्णुदेव के लिए तीनों लोकों के समान, सैकड़ों वर्णों से युक्त, देवताओं के द्वारा युक्त, सैकड़ों वर्णों से युक्त, देवताओं के द्वारा युक्त, चार वर्णों से युक्त, देवताओं के द्वारा और सैकड़ों दिव्य, नित्यों से युक्त, नित्य, नित्य से युक्त, नित्य से युक्त, नित्य से युक्त, नित्य से युक्त, नित्य से युक्त, नित्य से युक्त, नित्य से युक्त, नित्य से युक्त, दिव्य, नित्य से युक्त, दिव्य, नित्य से युक्त, दिव्य, नित्य से युक्त, दिव्य, श्रीगुरुजी, दिव्य, दिव्य, दिव्य, दिव्य, दिव्य, दिव्य, दिव्य, दिव्य, दिव्य, दिव्य
3	यात्रा सुविधाओं में ढील दी गई है.	पुल के नीचे पहाड़ों को रोक दिया गया।
14	इस अवसर पर भारत पेट्रोल- कार्पोरेशन के डिजीम राजेन्द्र कुमार, क्षेत्रीय प्रबंधक अनुपम श्रीवास्तव, परियोजना प्रबंधक शामशर्मा मुख्य रूप से उपस्थित थे।	इस अवसर पर भारत के डीजीजीजीजीजी-चॉनर्स, डीजीएमसी क्षेत्र के डी.एस.एस.एस.एस.एस.एस.सी.एस.सी.सी.सी. के.एस.एस.एस.एस.एस.एस.एस.एस.एस.एस.एस. के.एस.
4	वे दोनों वस्त्रों को रंगते हैं ।	कपड़े धोते हैं।
6	कहीं भी संस्कृत में सम्भाषण सम्भव है।	जहां कहीं भी संस्कृत में बातचीत हो सकती है।
1	आरजी वेद	आधार
13	आर्यभट्ट ने सबसे पहले घोषणा की कि पृथिवी गोल करने वाली, जो अपने मेरुदण्ड पर आश्रित होकर चारों ओर आ रही है।	यह प्रसिद्ध है कि यह प्रकाशिका सूर्य का पहला देश है, जो सूर्य का शिर फिलुगरा है, वह अपने वीर में स्थित है।
9	मुनिगण द्वारा इस प्रकार बताने पर श्रीभरतजी प्रसन्नता पूर्वक मन्त्रियों सहित सबसे आगे श्रीरघुनाथजी के निवास स्थान के लिये चल दिए ॥	इस प्रकार मुनिवर विश्वामित्रजी ने राम को देखकर नमस्कार किया और उन्हें अपनी माया से उनका सिर सूंघकर श्रीरामचन्द्रजी के साथ श्रीरामचन्द्रजी के साथ श्रीरामचन्द्रजी के साथ ही उनके मन्त्र का उपदेश किया ॥
3	वृक्ष से पत्ता गिरता हैं।	वृद्ध पत्र से लिखते हैं।
27	इससे पहले संसद के बाहर पत्रकारों के साथ बैठक में केंद्रीय मंत्री अर्जुन राममेघवाल ने कहा कि कांग्रेस-दल ने चौदहोत्तर-दो हजार के दशक में देश की आर्थिक स्थिति की परिकल्पना की थी, उसकी चर्चा अत्यावश्यक है।	इससे पहले संसद के नेता अर्जुन गांधी ने कहा कि केंद्र के नेतागणों के साथ-साथ केंद्र के मंत्री अर्जुन-जन-जन-जन-जन-जन-पत्र के बारे में चर्चा कर रही थी।
7	राष्ट्रपति मुर्मू ने गणतंत्र दिवस के पूर्व संध्या पर राष्ट्र को संबोधित किया।	राष्ट्रपति द्रौपदी मुर्मू ने गणतन्त्र दिवस के अवसर पर राष्ट्र को संबोधित किया।
13	भले ही, ग्रामीण समाज हो अथवा नगरीय समाज हो, उसके नवनिर्माण का और सुरक्षाप्रबन्धन का दायित्व गजधर निभाते थे।	क्षेत्र में जो कुछ भी पर्यावरण है, उसकी नई बात के अनुसार नईकी गति के लिए एक नई गति का प्रभाव था।
3	पेड़ से पत्ते गिरते है।	दो बकरियाँ गिरती हैं।
6	वह माँ के साथ बात करना चाहती है।	माँ के साथ बात करना चाहती है।
9	अगले सप्ताह मेरे कार्यालय से पाँच लोग दिल्ली जायेंगे ऐसा सुना है।	आगामी महीने में मेरे कार्यालय में पाँच सौ से अधिक हो जाएंगे।
4	दूसरा पेड़ पर चढ़ जाता है।	दूसरा वृक्ष पर चढ़ता है।
4	इसलिए वह बहुत बड़बड़ाया ।	इसलिये उसने बहुत हँसाया।
8	मैं शस्त्रों में वज्र और धेनुओं (गायों) में कामधेनु हूँ, प्रजा उत्पत्ति का हेतु कन्दर्प (कामदेव) मैं हूँ और सर्पों में वासुकि हूँ।।	मैं तुम्हारे लिए कान और पिता के समान हूँ, तथा पिता के भी मैं भी हूँ। मैं इस (दु:खी) के समान हूँ। (स्थैस) (स्थुनख) के समान हूँ।
19	उपरोक्त प्रतिसारण से अथवा शीतल क्रियाओं द्वारा भी जिस रोगी का रक्त बन्द न हो उसके लिये बृ हण-विधि बरतनी चाहिये । बुद्धिमान् वैद्य को चाहिये कि भोजन काल मे रोगी को स्निग्ध, उष्ण मास- रसों से तर्पण करे। इसके लिये अवपीड़क घृत ( भोजन के ऊपर अथवा अधिक मात्रा में घृतपान ) का प्रयोग करना चाहिये। थोड़े गरम सुहाते हुए गरम तेल और घृत से मालिश करनी चाहिये। कवोष्ण दूध या घी अथवा तैल से सेक करना चाहिये ॥	और भी - - यदि रोगी दोष, वृद्ध, निर्बल, अक्र, अक्र, अक्र, अक्र, अक्रव, अक्रव, अक्रव, अक्रवहव, या अक्रवहव, या असूहवह, या असूह, या असूहव, या या असूहव, ये सब प्रकार के होते हैं, ये सब कुछली, ये सब कुछली, या अयोग्य हैं, ये सब वस्तु के होते हैं, ये सब कुछ भी होते हैं, ये तो फिर भी होते हैं। यदि ये कुछ भी होते हैं तो फिर भी
1	अपने शुभं ध्वजम्	स्वयं
10	उदर रोग आठ प्रकार का होता है। पृथक् पृथक् दाषों से तीन प्रकार का (१) वातिक, (२) पैत्तिक, (३) लैष्मिक, (४) सन्निपातजन्य, (५) प्लीहोदर, (६) बद्धोदर, (७) क्षतोदर और (८) उदकादर । [ इनमे से क्षतोदर को हो अन्य ग्रन्थों में 'परिस्रावी उदर कहा है ] अब इनके पृथक लक्षण सुनो ||	तीक्ष्ण - ज्वर, विपाचन, विरेचन, विरेचन, उदर, विरेचन, उदर, उदर, विरेचन, उदर, तीक्ष, उदर, तीक्ष, सर्द, उदर, तीक्ष, सर्द, उदर, उदर, उदर, मल, मल, जीव, जीव, जीव, जीव, जीव, जीव, जीव, जीव, जीव, जीव, जीव, जीव, जीव, जीव, जीव, जीव, जीव, जीव, जीव, जीव, जीव, जीव, जीव, जीव, जीव, जीव, जीव, जीव, जीव, जीव, जीव, जीव, जीव
6	फ्रांस के राष्ट्रपति इमैनुएल मैक्रो जयपुर पहुंचे।	अंतर्राष्ट्रीय राष्ट्रपति इंदौर के लिए मैक्लोराचल विमानपुर पहुंचे।
6	पन्द्रह मिनट तक उसने दोनों हाथ चलाए।	पन्द्रह मिनट तक उसने हाथ चलाया।
4	मैंने एक सेविका को बुलाया ।	मैंने एक भेजा।
8	केंद्र सरकार भी जहाँ आवश्यक है वहाँ धन देता है।	केंद्र सरकार भी जहां आवश्यक है वहाँ धन बढ़ती है।
8	बाह्य अंतरिक्ष देवदूतों की ओर से अब तक हजारों अवशेष बाह्य अंतरिक्ष में ढेर हो चुके हैं।	जापान के कई हिस्सों में अब तक ढगानिन ट्रक किए गए हैं।
7	सिक्खों के देवालय को हम गुरुद्वारा नाम से जानते हैं।	सिक्खों के देवों ने गुरु जी को हम नाम जानते हैं।
9	श्रीफ्रांस की संख्या अंकीय-सार्वजनिक-समूह की संरचना-विषय पर गोल-मोटा-वह मन्त्रण सत्र में भी सम्मिलित होंगे।	श्री जयशंकर ने अंतरिक्ष-उत्तर-विदेशों के बारे में-बिल्री-बताया-बताया-बताया-दानि-बताया गया.
11	विधानसभा उपाध्यक्ष विनय कुमार लाहौल-इस कार्यक्रम का संचालन स्पीती जिले के ताबोग्राम में किया जाएगा।	विधानसभा अध्यक्ष विनय कुमार, उपाध्यक्ष विनय कुमार, चंपा-यह निश्चित रूप से इस कार्यक्रम में भाग लेंगे।
3	चंचल बोला।	कुत्ता बोली
4	सभी वैसे ही हो गए।	सभी लोग वही हो गए।
5	सोलर पैनल से वह रात में बिजली पाता है।	सौर ऊर्जा का नाम वह मिलता है।
3	पराई स्त्री के साथ समागम नहीं करना चाहिए।	परसों नहीं जा सकता।
9	राजस्व मंत्री जगत सिंह ने कहा कि पहले ही संसाधनों का अभाव था।	राजस्व मंत्री जगत सिंह नेगी ने कहा कि पूर्वजों के लिए पहले अभाव में स्थापित है।
6	मेरे घर के सामने रास्ता है।	मेरे घर का मार्ग स्थान है।
8	उस वर्ष सर्वश्रेष्ठ फ़िल्म ने पैसे प्राप्त किये थे।	उस वर्ष अधिक धन कमाया गया था।
5	कुल्लू, लाहौल, शांति जिलों के पर्वतों पर बर्फबारी हो गई।	कुल्लू-स्पीति-स्पीति-स्पीति के चक्र क्षेत्रों में बर्फबारी हुई।
3	मन्दिर में भक्त जाता है।	मन्दिर से भक्त जाती है।
6	आपके कक्षा अध्यापक कौन - सा विषय पढ़ाते हैं?	आप कक्षा का संचालन कितना पढ़ रहा है ?
1	अविनाशी	अयोग्य
3	वृक्ष से फल गिरते हैं।	वृक्ष गिरते हैं।
17	वह''इंडिया''इसने कहा कि केवल लोकसभा चुनाव को लड़ने का फैसला किया गया है।	उन्होंने ''इंडर''इसमें कांग्रेस के प्रमुख समुदाय के साथ बैठक की कि वे लोकसभा के साथ लोकसभा चुनाव के लिए कई निर्णय ले गए हैं।
12	इस अवसर पर प्रधानमंत्री नरेंद्र मोदी ने कहा कि पोंगल-दिन में तमिलनाडु-प्रदेश के हर घर से पोंगल-धारा बह रही है.	इस अवसर पर प्रधानमंत्री नरेंद्र मोदी ने कहा कि पोंगल-नगर के प्रत्येक दिन जम्मू-कश्मीर के प्रत्येक क्षेत्र में प्रत्येक घर-पांच-पढ़ि-पढ़ान-पढ़ान-पढ़ि-पढ़ि-नगर को चल रहा है।
3	शोभना ने आलस छोड़ दिया।	सुममा भाई ने आलस छोड़ दिया।
6	सज्जन परोपकार के लिए कष्ट अनुभव नहीं करता।	सज्जन हमेशा सदैव कष्ट के लिये कष्ट नहीं पाती है।
4	उसके बीच में संदीप का फोन आ जाता है।	चित्र संदीप की दूर यात्रा के लिये आता है।
4	तथा जो फैलनेवाली या किसीके सहारे ऊपरको चढनेवाली हैं उन्हें (लता) वीरुध कहते हैं ॥	और भी - सूर्य की गर्मी से युक्त, वीर, बलस्वी, वीर, बली, बल और पराक्रमी ये सब देवताओं के लिए विचरते हैं।
4	सीता पत्रिका पढ़ती है।	मालिक पत्र लिखती है।
8	मन ही मनुष्यों के कारण है, बंधनों से मुक्त होने का झुकना है।	मन ही मनुष्य के कारण कारण कारण कारण कारण विभिन्न प्रकार की समस्या है।
8	नहीं हीं वैसा मत करिये , अधिक मत खाईये।	ऐसा नहीं , अधिक मत फेंकिये ।
3	मैं रांची नगर में रहता हूँ|	मैं टांडा नगर में रहते हैं।
4	वह बच्चा अद्भुत था।	वह बच्चा बच्चा था।
1	हनन करके	संग्रह
7	नहीं कोई विशेष नहीं ।	सामा - नहीं , नहीं , कुछ भी
12	यह ध्यान रखना चाहिए कि ऑनलाइन संस्कृत शिक्षण द्वारा हर रविवार को ऑनलाइन संस्कृत होती है-प्रश्नोत्तरी-प्रतियोगिता का आयोजन किया जाता है।	ध्यान रखना चाहिए कि संस्कृत भाषा के शिक्षण के लिए रविवार को ऑनलाइन संस्कृत-प्रश्नोत्तरी-प्रश्नोत्तरी-प्रतियोगिता का आयोजन किया जाता है।
6	प्रकृति के क्रोधों से व्याकुल मनुष्य क्या कर सकता है?	प्रकृति के कारण क्या-क्याकने वाले लोगों को क्या किया जाता है?
1	कार्यकर्ता	सेवक
4	आप कहाँ रहते है?	आप कहाँ रहती हैं ?
4	वे वृद्ध नहीं हीं हैं।	वे वृद्ध नहीं हैं।
10	तप अथवा किसी प्रकार की साधना का कार्य एक अकेला व्यक्ति ही अच्छा करता है, यदि दो छात्र मिलकर पढ़ें तो अध्ययन अच्छा होता है और गाने के लिए यदि तीन व्यक्ति मिलकर अभ्यास करते हैं, तो अच्छा रहता है। इसी प्रकार यदि यात्रा आदि पर जाना हो तो कम-से-कम चार व्यक्तिों को जाना चाहिए। खेती आदि कार्य ठीक प्रकार से चलाने के लिए पांच व्यक्तियों की आवश्यकता होती है, जबकि युद्ध में यह संख्या जितनी हो उतना अच्छा है|	एक ही विद्वान, ब्राह्मण, ब्राह्मण, वैश्य, साध्य, चारों, चारों, साङ्दी, त्रि, ये छह प्रकार की आयु, ये पाँच प्रकार की आयु, ये पाँच प्रकार की आयु, ये पाँच प्रकार की आयु की रक्षा करते हैं।
13	नईनियम के अनुसार नियुक्त पुलिस अधिकारियों को सामान्य प्रशिक्षण के साथ-साथ चतुर्दशी कमांडर प्रशिक्षण को सफलतापूर्वक बढ़ाना अनिवार्य है।	नए नियमों के अनुसार, पुलिस प्रशिक्षण के तहत 10 पुलिस के साथ, कर्मचारियों के साथ  ⁇ udget में  ⁇ udget का संचालन करने के लिए एक नया प्रयास किया गया है।
15	वह न हो, उन्होंने उन्हें व्याकरण पढ़ाने के लिए प्रेरित करने के लिए मित्र बनकर आचार्य पतञ्जलि ने ये प्रयोजन बताए।	वह नमन करने के लिए उन लोगों को मारने के लिए प्रेरित करने के लिए प्रेरित किया और उनके द्वारा प्रेरित किया।
7	परन्तु हे अर्जुन जो पुरुष मन से इन्द्रियों को वश में करके अनासक्त हुआ कर्मेंन्द्रियों से कर्मयोग का आचरण करता है वह श्रेष्ठ है।।	जो पुरुष कर्म में प्रवृत्त हुए है, वह योगी है; जो योगी योगी योगी योगी है, वह योगी है, वह योगी है, वह योगी है।।
13	सब प्रणियों के लिए जो रात्रि है? उसमें संयमी पुरुष जागता है और जहाँ सब प्राणी जागते हैं? वह (तत्त्व को) देखने वाले मुनि के लिए रात्रि है।।	जिस राजा के पास सभी राक्षसों के द्वारा रचित जो यज्ञ करता है, वह दान लेता है। वह पुरुष अपने हृदय में पहुँच जाता है।
1	धन के अभाव में	धन की प्राप्ति
1	जो पता नहीं	अशुभ
18	सिंघवी सन् १९७७ में भारत के सबसे छोटे अतिरिक्त सॉलिसिटरनर थे, उन्होंने १९९८ तक एक वर्ष तक यह पद किया।	सिंघवी में 199999 में भारत के कर्नाटक के कन्नू में, भारत के एक नए स्थान पर है, यह  ⁇ udget है।
7	मध्य प्रदेश में लगभग द्वितीय तृतीयांश बहुमत के साथ भाजपा सत्ताधारण कर रही है।	मध्य प्रदेश में लगभग 30 से अधिक राष्ट्रीय चुनाव का सामना कर रहा है।
9	नई हिमपात के कारण अटलकन्दरा को कोई भी वाहन की अनुमति नहीं है।	नईकी परियोजनाओं में पुल की तीव्रता से कोई भी रेल का ऋण नहीं है।
13	निवृति का नाम 'अपवर्ग' है । यही परम सर्वश्रेष्ठ शान्त पद है, यही अक्षर, यही ब्रह्म और इसी को मोक्ष कहते है । इस प्रसंग में मुमुक्षु पुरुषों के लिये उन्नति के उपायों का उपदेश करते हैं	उस समय सेमुक्त होकर वह मुक्त हो गया और वह परमार्थप्रज्ञ हो गया। तब वह ब्रह्मेश्वर के आश्रम में स्थित होकर वहाँ आया। तब वह ब्रह्मार्दन भगवान् विष्णु के आश्रम के आश्रम में स्थित हो गया।
4	मदद करने से तुम्हारी क्या हानि है ?	सहायता किसको नहीं कर रही है?
6	वे अक्षता प्रत्येक हिंदू घर में देने जाते हैं।	वे हर देश के प्रत्येक घर में घर जाते हैं।
4	पिता कुर्सी पर बैठते हैं ।	पिता की गोदी में बैठता है।
10	ये दोनों सभाओं में वार्षिक आय-व्ययक के लिए विधानसभा सदस्यों के निर्धारण के लिए चर्चा की जाएगी।	इन विषयों पर वार्षिक सत्रों के लिए वार्षिक सत्र के लिए चर्चा की जाएगी।
6	हालांकि, इस आमोद-प्रमोद के श्रीकृष्ण जन्मभूमि सेवा संघ को तोड़ दिया गया।	और इस शुभिवरत के साथ श्रीकृष्ण जन्मभूमि की सेवा के लिए बाइक्रेलक की गई।
15	पशु हत्या का काम कभी भी न्याय के योग्य कार्य नहीं होना चाहिए, लेकिन इस अपराध से परिणामस्वरूप नरक की घटना होने वाली होनी चाहिए।	दाँत के लिए कोई भी कार्य नहीं करना चाहिए, अपितु न्याय के लिए करना चाहिए, परन्तु इस मामले में धर्म का त्याग करना चाहिए।
5	कर्ण ने ने नेकुल को घायल कर दिया।	कान नहीं निकली।
1	मांस का भक्षण न करने वाला	धारण करता हूँ
21	महान् ऋषि-महार्षि जिसके भी योग्य स्थान पर जाते हैं, साधुक लोग जिसके भी योग्य स्थान पर जाते हैं, प्रेमी लोग जिसका भी योग्य स्थान है, जन्म-जन्म के बाद या पूरी तरह से अन्वेषण करके भी पूर्णतः उसी (गुणी) को प्राप्त नहीं हो सकते, भाग्य से उसी (गुणी) को प्राप्त हो सकते हैं। यही स्थान भगवान् चञ्चरण कमल रूपी है।	जो स्थान पर स्थित है, देवताओं को अपने कर्तव्यों से जाना, जन्मों में, जन्मों में, जन्मों में, मृत्यु से, मृत्यु से, लक्ष्यों से, स्थिति से, स्थिति से, स्थिति से, स्थिति से, स्थिति से, स्थिति से, स्थिति से, स्थिति से, नदिनदिनदिन से, नदियाँ प्राप्त हुए, नदि से, नदियाँ प्राप्त हुए हैं।
10	वरिष्ठ कांग्रेस पार्टी के नेता ए रेवेंट रेड्डी ने राज्य के दूसरे मुख्यमंत्री के रूप में शपथ ली।	वरिष्ठ कांग्रेस नेता राहुल गांधी ने राज्य के दूसरे प्रतिनिधित्व समारोह में राज्य के दूसरे स्थान पर शपथ ली।
16	कोई महाज्ञानी, प्रसिद्ध, अखिलेश्वराचार्य नाम के अनुसार परम गुरु एक गुरुकुल में विद्यार्थियों को अनेक प्रकार के ज्ञान-विज्ञान जैसे विषयों को नित्य पढ़ाते थे।	कोई भी महाभाष्य, प्रसिद्ध, प्रसिद्ध, परमविद्, परमविद्, एक वेदान्त, गुरु, गुरु, गीता विज्ञान विज्ञान विज्ञान विज्ञान विज्ञान विज्ञान के विषय में कई विषयों पर विस्तारपूर्वक पढ़ रहा था।
4	संस्कार भी आवश्यक होता है।	पढ़ने का भी आवश्यक होता है।
15	यह कार्यक्रम प्रधानमंत्री कार्यालय, सूचना प्रसारण मंत्रालय, डीडीन्यूज और अन्य के यूट्यूब चैनल पर आसानी से प्रसारित किया जाएगा।	यह कार्यक्रम प्रधानमंत्री कार्यालय, सूचना प्रौद्योगिकी केंद्र के अधिकारियों के लिए डीजीजीडीडीडीजी के पास संबद्धता की ओर से चलाएगा।
3	अपने पुत्र की प्रशंसा नहीं करनी चाहिए।	पुत्र के समान कोई भी नहीं।
1	निकट	पास
6	रात में जब तक हवा नहीं चलती है	रात्रि में जो वायु आकाश में नहीं आता है।
4	ईश्वर भक्त कभी नहीं डरता है।	ईश्वर भक्त कभी नहीं डरता है।
3	मैं आलस छोड़ूँगा ।	मैं आलस करूँगा।
14	मुकेश अग्निहोत्री ने कहा कि देवभूम के मंदिरों की भव्यता, सौन्दर्यकरण की कार्य योजना के निर्माण में बल दिया जा रहा है।	मुकेश अग्निहोत्री ने कहा कि देवभूमि की तपस्या, मंदिर, मंदिर, और दिव्य संरचना निर्माण के लिए कार्य के लिए वीरों का निर्माण किया जा रहा है।
4	इस प्रकार चिन्ता करते हुए बड़े दूर से श्रीरामचन्द्रजी लौटने लगे। इधर उस मारीच का कहा हुआ शब्द सुनकर अत्यन्त भय और दुःख से व्याकुल हो सीताजी लक्ष्मण से इस प्रकार बोली"लक्ष्मण! तुम जल्दी जाओ तुम्हारे भाई असुरों से पीड़ित हैं ॥	इस प्रकार विचार करने वाले श्रीराम ने राम को मारा।
4	सभी मुनियों के साथ आज की पारणा हमारे घर पर कीजिएगा।	आज पर सबके सभी प्राणियों को प्रमाद के लिए उचित घर में ले जाना चाहिये।
1	कषाय करना	प्राप्त करने के लिए
4	वह भूमि खनन करता है।	वह भूमि को खोदता है।
3	दर्शक नायक को सराहें ।	दर्शकों ने प्रशंसक बन गई।
3	उदाहरण के अनुसार अन्वय की पूर्ति करो	उदाहरण के लिए और संयोग की पूर्ति करो।
10	पार्वती – माँ! वैसी अभिलाषा तो तप द्वारा ही पूरी होगी।	पार्वती – ऐसे ही ऐसा मेरा तप होगा।
9	अरे ! चप्पल का मूल्य अधिक है। यह नहीं ।	मोटी बिजली की कीमत अधिक अधिक हो।
1	हृदय के घाव को	शुद्ध मन वाले
6	नहीं. आज स्नानघर में नहीं गाऊँगा।	नहीं आज स्नानगृह में नहीं गाऊँगा।
8	जो लोग पढ़ाई करना चाहते थे उनके नाम भारत ने चीन को सौंप दिए।	उन शिक्षा नीति के अध्ययन में, उन्हें भारत के नाम से सम्मानित किया गया था।
5	हर किसी काम में दखल देता है।	वह सब जगह से घास चलाता है।
1	घोड़े	सपना
5	आज रविवार है न !	आज रविवार है।
6	आज यह रत्न अंग्रेजी वंशावली का हिस्सा है।	आज यह पूजा संस्कृत का एक गङ्गना है।
6	जिसने सेवा धर्म स्वीकार किया, उसने जीवनसुख ही प्राप्त किया।	जिससे सेवा धर्म का ज्ञान प्राप्त हुआ, वह जीवन में ही प्राप्त हुआ।
1	हँसने के लिए।	समीप के लिए।
18	ऐ लोगो ! यदि संसारमें कई-कई योनियोंको पाकर भटकते हुए थक गये हो और अब मुक्त होना चाहते हो तो सुनो, इस भगवती गीताको ही भजो विषम संसार सागरको पार करनेके लिये गीताके सिवा दूसरी नौका नहीं है।	हे प्रभो ! आप कहाँ ही हैं? इस समय आप कौन हैं? इस प्रकार के वन में कितनी श्यामक वन में स्थित हैं? जो राम के आश्रम में स्थित हैं, जो राम के समान हैं, वह आश्रम में स्थित है। और माता के समान है। इस प्रकार का जन्म लेकर कहने पर यह मेरा जन्म लिया गया है। इस प्रकार का मन शुद्ध नहीं है। इस प्रकार का मन शुद्ध है। इस प्रकार का यह कहने पर यह मेरा मन शुद्ध है। इस प्रकार कहने पर यह मेरा मन शुद्ध है। इस प्रकार का है। इस प्रकार कहने पर यह मेरा उत्तर दिया गया है। इस प्रकार श्री इसका उत्तर दिया
7	बेटा , वो पुस्तक संस्कृत भाषा में हैं।	दादीजी – वे पुस्तकें हैं।
8	द्वारकाधीश होकर भी जो गौओंके चरानेवाले हैं तथा राजराजेश्वर होते हुए भी जो पार्थके सारथी बने हैं [उन अद्भुतकर्मा] परमेश्वर भगवान्को नमस्कार है ॥	श्रीभगवान् ने द्वारकाओं का आदान किया और श्रीविष्णुजी का सिर श्रीलक्ष्मणजी का प्रणाम किया।
9	इस सेब फल की ऋतु की सेब-पैकिंग के लिए एक सार्वजनिक पेटी की व्यवस्था लागू होगी।	इससे पहले, मनाली के लिए मौसम के लिए एक लाख रुपये का खर्च किया जाएगा।
13	जब लोग शिक्षा के द्वारा उचित रूप से संस्कारित होते हैं तो उन्हें कर्मशीलता और सामाजिक नम्रता का सम्मान करना चाहिए।	कर्म के लिए सामाजिक और सामाजिक संस्कृति के साथ ही यदि कोई भी व्यक्तिार्थ किया जाता है तब शिक्षित होता है।
18	जो अत्यन्त चमकीले रत्नोंका मुकुट धारण किये हुए हैं, जगमगाते हुए लाल ओठोंसे सुशोभित हैं, सुन्दर केशधारी हैं तथा जो प्रभामय एवं दिव्य तेजसे सम्पन्न हो हाथोंमें कमल धारण किये हुए अपनी सुनहली कान्तियोंसे उस उदयगिरिपर सुशोभित होते हैं जो कि अपने शिखरपर विश्व, आकाश और ग्रहपतियोंको स्थान देते हैं, ऐसे सर्वानन्ददाता विष्णु-शिवादिसे नमस्कृत जगत् के नेत्ररूप सूर्य हमारी रक्षा करें	जो मुखारविन्द धारण किये हुए हैं, जो लोग श्रीलक्ष्मणजी हैं, जो कमलके समान हैं, जिनके नेत्र हैं, जो कमल हैं, जो कमल हैं, जो कमल हैं, जो कमलके समान हैं, जो कमल हैं, जो कमल हैं, जो कमल हैं, जो कमल हैं, जो कमलके समान हैं, जो कमल हैं, जो कमलके समान हैं, जो कमलके समान हैं, जो कमलके समान हैं, जो कमलके समान हैं, जो कमलके समान हैं, जो सुन्दर हैं, जो दिव्य नेत्र हैं, जो दिव्य नेत्र हैं, जो दिव्य नेत्र हैं, जो दिव्य कमलके नेत्र हैं, जो दिव्य
6	माँ उसके लिए कपड़े देती है।	माँ उसके लिये वस्त्र देता है।
4	यह सच है ?	यह सत्य है।
4	जब आऊँगा तब सूचित करूँगा।	जब मैं आती हूँ तब सूचित करूँगा।
1	आलसी।	माली
9	हिमाचल प्रदेश विधानसभा क्षेत्र के विधानसभा क्षेत्र में आठवें दिन की कार्यविधि की शुरुआत से पहले भाजपा ने प्रदर्शन किया।	हिमाचल प्रदेश विधानसभा के दिसंबर को दोपहर 1 बजे तक संसद सरकार ने कार्य के लिए पूर्व स्तरीय प्रदर्शन का प्रदर्शन किया।
5	आप किसके भाई हैं ?	आप किसका भाई है ?
5	कुमायूँ रेजिमेन्ट में कुमायूँ प्रदेश के वीर हैं	कुन्ती के सेना के सेना के प्रमुख बमबल क्षेत्र में हैं।
3	तथा जिस दिन श्मशान में गमन हो और युद्धके दिन महोत्सव और उत्पातके दिन पढ़ना पढ़ाना योग्य नहीं तथा जिन दिनोंमें ब्राह्मण नहीं पढ़ते जैसे प्रतिपत् उन दिनोंमें नहीं पढ़ना और अशुद्ध होकर किसी दिन भी न पढ़े ॥	पाए हुए लद्माख के पांचों पर से एक महान मंदिर पर महसूस हो गए।
10	भीमजी - इस वर्ष यदि वर्षा नहीं हुई तो अकाल आ पड़ेगा।	भीम - इस समय इस समय वर्षा नहीं होगी तो दुर्घटनाग्रस्त हो जाएगी।
10	मिस्त्री और उनके पारिवारिक मित्र एक कार में अहमदाबाद से मुंबई जा रहे थे।	आधी परिवार के परिवार और उसके बीच से टकर हेलब में हेलमेट में हुएंंंंधे थीं।
9	मैं आपकी माया से मोहित होकर पति पुत्र, धन आदि के लोभ में संसार सागर में मग्न थी, आज सौभाग्यवश आपके चरण कमलों के समीप आयी हूँ ॥	हे पुत्र ! मैं इस प्रकार कहने पर गदा नामक पुत्र के पुत्र के पुत्र के पुत्र के पुत्र के पुत्र के पास गया हूँ। उस समय वह तीनों लोकों में गिर गया। तब वह तीनों लोकों में गिर गया। तब वह अत्यन्त देर तक वहाँ जाकर वहाँ जाकर वहाँ जाकर वहाँ जाकर वहाँ आया ॥
4	हाथों, और पावोंमें चंद्रमंडलके समान गोल छेद करे तथा गुदा और लिंगमें शस्त्र लगाने की आवश्यकता हो तो बुद्धिमान् वैद्य अर्द्धचंद्राकृति छेद करे ।।	ऊनहनी सागर में जोतने वाले हैं, उन दोनों कागिंग है।
11	तनुज-जोशी, शूर, रोहित-पाण्डेय, स्नेहपंवार, हिमानी, पूजा नौटियाल ने क्रमशः प्रथम द्वितीय तृतीय तृतीय पुरस्कार जीता।	तिरुचिरा, चेंगौरा, मधुेश, पद्मश्री, पूजा, पूजा, पूजा, पूजा और अन्य पुरस्कार, आरंभ का तीन पुरस्कार, पहला पुरस्कार, पहला पुरस्कार मिला।
7	अयमावासीय प्रबोधनवर्ग जनवरी से जनवरी तक चला।	इस प्रतिक्रिया का निर्णय जनवरी तक शुक्रवार को होगा।
5	एक छात्रा उसको मना करती है ।	एक छात्र को मना कर रहा है।
3	मिलना	प्राप्त करना
28	ऐसे अपव्यय संस्कार निवारण के बारे में पढ़ कर खुशी होती है, लेकिन लोग अपने घर, परिवार, समाज, गाँव में ऐसे कार्यक्रमों में भाग लेकर, अपना फोटो क्लिप कर, स्थिति पोस्ट करने में आनंद पाते हैं।	ऐसे में विभिन्न विषयों के साथ वार्तालाप करना चाहिए, लेकिन पढ़ने के बाद लोग अपने घर में, अपने घर में, घर में, विश्राम, त्याग आदि में, त्याग-प्रसार में, त्याग-प्रसार में, त्याग में, त्याग में, जैसे, त्याग में, त्याग में, जैसे, त्याग में, बार, अपने हाथ में, अपने हाथ में, अपने हाथ में, अपने हाथ में, अपने हाथ में, अपने हाथ में, अपने-अपने पास रखते हैं।
8	इस अवसर पर संस्कृत विश्वविद्यालय के कुलपति, विद्वान शिक्षक, छात्र और अन्य लोग उपस्थित थे।	इस अवसर पर संस्कृत विश्वविद्यालय के उप-अद्भावों के लिए छात्र एवं अन्य लोग उपस्थित थे।
4	अधिक खाता हूँ तब बोलता है	अधिक खाता हूँ तब बोलता है।
2	किए हुए को स्मरण कर	याद किया
17	इसलिये इस विनाशशील संसार-संसार से मुक्ति प्राप्त करने के लिए जो वेद में कहा गया कर्मोपासना है, वह ज्ञान के द्वारा समान कहा जाता है। कर्म की सेवा से ज्ञान, और ज्ञान से भक्ति सिलाई जाती है।	इसलिए इससे अधिक सुख-ज्ञान के लिए, दुःख के द्वारा, त्याग के लिए ज्ञान के लिए ज्ञान के साधन ज्ञान के साधन, त्याग, ज्ञान, त्याग, त्याग, ज्ञान, ज्ञान, ज्ञान, ज्ञान, ज्ञान, ज्ञान, ज्ञान, ज्ञान, ज्ञान, ज्ञान, ज्ञान, ज्ञान, ज्ञान, ज्ञान, ज्ञान, ज्ञान, ज्ञान, ज्ञान, ज्ञान, ज्ञान, ज्ञान, ज्ञान, ज्ञान, ज्ञान, ज्ञान, ज्ञान, ज्ञान, ज्ञान, ज्ञान, ज्ञान, ज्ञान, ज्ञान, ज्ञान, ज्ञान, ज्ञान, ज्ञान, ज्ञान, ज्ञान, ज्ञान, ज्ञान, ज्ञान, ज्ञान, ज्ञान, ज्ञान, ज्ञान, ज्ञान, ज्ञान
5	वह अब बैंक में ऑफिसर है	वह अभी बैंक में पदभार ग्रहण है।
11	उन्होंने कहा कि अब तक उन्होंने लगभग आधा हजार किलोमीटर की दूरी तक राज्य में भ्रमण किया है।	उन्होंने कहा कि अब वह हर साल से लगभग दो करोड़ से अधिक बसें हुई हैं।
7	वे निशाचर वहाँ खड़े रहते हैं, वे हमें सबको प्रभावित करते हैं।	वहाँ वे युद्ध में कई बहुत से थक जाते हैं।
8	केंद्रीय मोदी सरकार, जो केरल के साथ आर्थिक संघर्ष में लगी हुई है, ने हिमाचल प्रदेश को भूल कर दिया।	केरल के साथ आर्थिक युद्ध के दौरान, केंद्र सरकार ने हिमाचल प्रदेश के शासन की दृष्टि से हिमाचल प्रदेश को सौंपा।
6	वह फ्रिज से पानी निकाल कर पीता है	वह ठंडे पानी से पानी पीता है।
4	आदिवासी लोग आत्मरक्षा स्वयं ही करते हैं।	प्रारम्भ में सभी जगह अपने आप अपने आप अपने आप में ही रहते हैं।
14	अन्य सभी पशुओं से पूछा कि आज तुम्हारे मित्र सियार नहीं दिख रहे हैं कहाँ हैं ?	अन्य वन में सभी वन में जो मित्र है, आज तुम वन में क्यों मित्र हैं।
7	उन्होंने कहा कि शिक्षा संस्थानों की भूमिका से लोगों का विकास है।	उन्होंने कहा कि शिक्षा के विभिन्न विषयों पर लोगों का विकास है।
3	शरबत में गुड़ मिलाया ।	गुड़िया का रस मिलाया।
3	राज्याधिकारी की आज्ञा है।	राजा का कर्तव्य है।
12	पूर्व मुख्यमंत्री पूर्वकेन्द्रीय मंत्री शान्ता कुमार ने कहा कि मंगलवार को वृत्तान्त खोलकर उनके हृदय में पसीना आया।	पूर्व मुख्यमंत्री जितेन्द्र सिंह ने पूर्व मुख्यमंत्री योगी कुमार को कहा कि मंगलवार को उनके कारूरी में ले गया है।
13	अनेक नेताओं ने कहा कि सरकार निर्माण के एक वर्ष के बाद भी नियुक्त नहीं होते हैं-इस बात को दुःख है।	अनेक नेता ने कहा कि सरकार ने एक वर्ष के निर्माण के बाद भी एक सुख नहीं होते हैं।
4	कृपया उत्तर लिखिये ।	कृपया उत्तर लिखिये।
4	ये दो जुलाहे हैं।	ये दोनों इसको बहुत ज्यादा हैं।
6	बर्फबारी और भारी बारिश के कारण जिले में ठंडी लहर बढ़ी है।	बर्फबारी और वर्षा से लाहौल की कीमत बढ़ गई है।
1	अनेक प्रकार के	बहुत प्रकार से
20	जैसे गीदड़ों को स्तुति करने के लिए उनके अपहरण को, मर्दन को, नखों के बिलाव को ये तीन पर्याय उपलब्ध हैं फिर भी वहाँ''गीदड़ बिना ही रहते हैं''इस वाक्य से अपहरण का आदेश दिया गया।	जैसे बाजबिकाओं को उनके लिए, उनके द्वाराटों को, केवल तीन लोगों को भी बुलाया गया है, फिर भी वे 'विजयशेस' नाम से 'इस प्रकार अभिनय करते हैं।
3	हाथ से ही धोता हूँ ।	हाथ में ही धोता हूँ।
4	वह सबको सुख से पालता है।	वह सबको सुख से बुलाता है।
10	कुएँ से जल लाया हूँ, इसलिए वह शुद्ध ही है।	मैंने कुएँ से जल ला है, इसलिए वह ही शान्त है।
1	बहुत अधिक	अकाल
6	कई प्रकार की हानि हौसी से हुई है।	अनेक प्रकार के संग्रह में व्यस्त है।
4	दादा जी दूरदर्शन देख रहे हैं।	दादाजी दूरदर्शन देखता है।
3	प्रतिदिन बारह पैसे।	वह पुरानी वस्तुओं को निकाल दिया।
15	श्रीरामचन्द्र के कुल के मूल ये भगवान् सूर्य धन्य हैं। भगवान् सूर्य सभी के प्रणम्य हैं, यही विचार कर उदीयमान सूर्य को प्रणाम करता हुआ गुरुसेवा में कुशल कोई ब्राह्मण बालक अपनी पर्णकुटी से बाहर निकला।	यह पृथ्वी पर नारद भगवान् श्रीराम के पास जाकर, विश्व के परमतम स्थान पर स्थित होकर, अपने चरण से भगवान शिव के मस्तक पर स्थित होकर, स्वयं ही अपनी स्तुति करने के लिए भी गुरु के रूप में इल्य ही है।
4	उसकी बात करने की शैली हँसी से भरी है।	उसका समासन अद्वितीय था।
8	छात्रों के लिए प्रशिक्षण संस्थानों के लिए भी नेट बुक का निर्माण करना होगा।	छात्रों को अब प्रशिक्षण के लिए भी मार्ग निर्माण किया जाएगा।
10	समापन में आदि भारतं भारतं भवतु भारतम् ये गीत गाएगा ।	समापन के दिन भारत भारत भारत भारत भारत का गीत गाएगा।
9	72 यात्रियों को लेकर आसमान में उड़ रहा विमान दुर्घटनाग्रस्त हो गया और राख में तब्दील हो गया.	30 में वह अफगानिस्तान के आकाश में विमान पर गिर गया।
3	वह पहुँची।	वह पहुँचा
11	उद्योग मंत्री ने यह भी आरोप लगाया कि भाजपा इस मामले में राजनीति कर रहा है।	उद्योग मंत्री ने इस मुद्दे पर भाजपा के बारे में भी सूचित किया है।
8	यूक्रेन पर रूस के औपनिवेशिक आक्रमण के बाद पहली बार पुतिन-मोदी केंद्रित चर्चा पूरी.	रूस के विदेश मंत्रालय ने पहले ही एक व्यापक घटना का खुलासा किया है-उन्होंने यह बात की.
5	सीवान के सभी लोग भयभीत हैं	बहन के सभी लोग खड़े हैं।
9	उन्नत और पुष्ट कन्धोंपर लटकते हुए कुण्डल तथा अलकोंसे जिनकी सदृश (उन्नत) ग्रीवा मनोहर मालूम होती है जो अपने मुखकी शोभासे निर्मल पूर्णचन्द्रविम्ब तथा श्वेत कमलको कान्तिको तिरस्कृत कर रहे हैं हुए सुन्दर पद्मके समान जिनके मनोहर नेत्र हैं; विलासमयी भौंहें हैं, अमल अधर हैं, मधुर मुसकान है, कोमल कपोल, ऊँची नासिका और भालदेशमें लटकी हुई अलकें हैं [ ऐसे आपको मैं कब आनन्दित करूंगा ? ]	जो मुखारविन्दों के समान श्यामवर्ण, सुन्दर, सुन्दर, सुन्दर, सुन्दर, गला, गला, मोढिवर्ण, मुख, मुख, मुख, मुख, मुख, मुख, धनुष, धनुष, धनुष, धनुष, धनुष, धनुष, तरकस, तरकस, तरकस, तरकस, तरकस, चक्र, चक्र, चक्र, चक्र, चक्र, चक्र, चक्र, चक्र, गला, चक्र, चक्र, चक्र, गला, जंगनी, जंगनी, जंगनी, जिनका किये हुए हैं, जिनका मन्दिन्द, जिनका मन्द
5	आज आपका कार्यक्रम क्या है ?	आज आपका कार्यक्रम कौन है ?
3	भाई दूज के बाद आऊँगा।	भाई के पास से आऊँगा।
4	देवस्थान के चारों ओर वन है।	देवस्थान के चारों ओर है।
7	एक दिवसीय विश्व कप-खेल में क्रिकेटर मोहम्मद शमी ने सर्वश्रेष्ठ प्रदर्शन किया-खेली मोहम्मद शमी,	एक दिवसीय विश्व कप-खेल में सर्वश्रेष्ठ प्रदर्शन समारोह में सर्वश्रेष्ठ खिलाड़ी, और खेलकला का उत्सव किया गया।
10	एशिया से दो, अफ्रीका की चार टीमें और दो एसोसिएशन क्वार्टर फाइनल के लिए क्वालीफाई करेंगी।	एशिया से दो, और ऑस्ट्रेलिया के दोवें मैच के बाद, और श्रीलंका के दोवें स्थान पर हैं।
3	नदी का नाम गङ्गा ।	नदी के नाम के नाम के नाम में
17	अपने शरीर को ही सिद्ध करना या दिखाने के लिए प्रयत्न करना चाहिए, परन्तु तुम्हारी कामना के लिए राज्य नहीं, स्वर्ग की प्राप्ति के लिए कामना करने के लिए प्राणों का नाश नहीं करना चाहिए।	मैं तुम्हें अपने कार्य के लिए योग्य नहीं है, तुम नहीं जानते हो, तुम नहीं, तुम पर विश्वास करने वाले हो, इसलिए मैं तुम्हें राज्य में नहीं छोड़ सकता हूँ, इसलिए मैं सुख से रहित नहीं हूँ।
1	प्रायश:	बहुत अधिक
11	माता - आहा, मेरा बेटा तो अब बर्तन भी	माता - माँ , मेरा बेटा तो अभी भी बर्तन में भी हूँ।
7	योग दर्शन की अध्येता और अनुसंधानकर्त्ता के रूप में आपका अनेक वर्षों का लम्बा अनुभव है।	वैदिक भाषा के प्रिंसिपल संजय की पत्नी और मठ की साल से आठ साल तक की जा रही है।
6	साथ ही भारत का निर्यात बढ़ेगा।	साथ ही भारत की उन्नति के लिए होगी।
4	सुकृति – बाद में फल	सुकृति – बाद में फल फल
6	स्त्रियों के लिए संस्कृत शिक्षा लगभग अप्रचलित थी।	स्त्रियों के लिये संस्कृत का उपयोग प्रायः नहीं हुआ।
7	जब वह क्रोध करती है तब दर्शक भी क्रोध करते हैं।	जब वह क्रोध करता है तब दर्शक भी क्रोध करते हैं।
9	रोगी क्रोध से बोला- मेरा वैद्य यम ही है ।	अस्पताल में उसने मेरे पास कहा है यह ही है।
9	बच्चे चीनी अधिक खाते हैं तो दाँत जल्दी से टूट जाते हैं।	बालक को अधिक तेज से अधिक तेज दौड़ते हैं तो शीघ्र ही जल्द ही गिर जाते हैं।
5	प्रतीक भी आ गया क्या ?	क्या हुआ ? भी आ गया है ?
6	मैं " विद्यालय से " आ रहा हूँ !	मैं विद्यालय से पूछा "मैं आता हूँ।
9	रजोगुण के प्रवृद्ध काल में मृत्यु को प्राप्त होकर कर्मासक्ति वाले (मनुष्य) लोक में वह जन्म लेता है तथा तमोगुण के प्रवृद्धकाल में (मरण होने पर) मूढ़योनि में जन्म लेता है।।	हे पार्थ ! रजोगुण को त्याग करके, कर्म और आसक्ति को त्याग करके, आसक्ति और आसक्ति को त्याग कराने वाले कर्मों को त्याग कर।।
4	कौन दान देता है ?	कौन दान देता है ?
6	मेरे मित्रों में से किसी ने भी चाइना का दीप नहीं खरीदा।	मेरे मित्र ने कोई भी राइस नहीं खरीदा।
4	वे दोनों वस्त्रों को रंगते हैं ।	वे दोनों कपड़े धोते हैं।
15	एक निश्चित समय पर 3-3 एक ऐसी प्रतियोगिता है जो बराबरी के स्तर पर पहुंच गई है''मुठभेड़''तब''सदन दैट''यह लंबाई है.	यह कहकर 3555 लाख रुपये की शुरुआत हुई।''कॉट''इसकी''टॉस्ट''इसकी ट्रेन''इसकी ट्रेन''इसकी ट्रेन''इसकी ट्रेनिंग है.
5	दो गोलक के बीच गन्ना पिसता है।	टैकरी के बीच टैक का अचार सूट होता है।
4	हाथों, और पावोंमें चंद्रमंडलके समान गोल छेद करे तथा गुदा और लिंगमें शस्त्र लगाने की आवश्यकता हो तो बुद्धिमान् वैद्य अर्द्धचंद्राकृति छेद करे ।।	ऊनहनी सागर में जोतने वाले हैं, उन दोनों कागिंग है।
2	निन्दक निन्दा करता है।	क्रोध करनेवाला बेचता है।
8	मैं शस्त्रों में वज्र और धेनुओं (गायों) में कामधेनु हूँ, प्रजा उत्पत्ति का हेतु कन्दर्प (कामदेव) मैं हूँ और सर्पों में वासुकि हूँ।।	मैं तुम्हारे लिए कान और पिता के समान हूँ, तथा पिता के भी मैं भी हूँ। मैं इस (दु:खी) के समान हूँ। (स्थैस) (स्थुनख) के समान हूँ।
6	आठ मिनट की निरीक्षण उड़ान के बाद, विमान सुरक्षित रूप से नीचे उतर गया।	90वें दिन के बाद, अफगानिस्तान ने सुरक्षा अभियान के बाद एक कठिनता का आदेश दिया।
7	धृतराष्ट्र ने वीरों के वीरता को सुनने की इच्छा व्यक्त की।	धृतराष्ट्र ने महाराणा प्रताप के बल का समर्थन किया।
1	बनती है।	प्राप्त होता है
3	बालिका पढ़ी।	बालिका ने पढ़ाई।
18	मानवीय जीव हम सम्भाषणशील होते हैं, पशुओं की भी भाषा तो अच्छी संस्कृत भाषा मनुष्यों की ही है, और कालखंड में भाषाएँ बाद में होती हैं।	मानवार्थ के बारे में हम संस्कृत भाषा के प्रचार-प्रसार के लिए भी संस्कृत भाषा का अभ्यास किया जाता है, परन्तु संस्कृत भाषा के समय में ही है।
1	पुल मुद्रा	एक हजार
5	क्या भरत को धर्म के अनुसार राज्य में पाल लिया जाता है?	भरत ने राज्य में परिवर्तन किया कि राज्य में क्या प्राप्त कर रही है ?
4	विमल के घर हवन हो रहा है।	घर में यज्ञ होता है।
4	बालक मन्दिर देखता है।	बालक मन्दिर देखता है।
6	खिचड़ी देओ और दूध वहाँ ले जाओ ।	गायू - गाय दूध दुहने और वहाँ ले जाओ
3	वहाँ संस्कृत सम्भाषण वर्ग चल रहा है ।	वहाँ संस्कृत- वार्तालाप वर्ग में चल रहा है।
6	शाकम्भरी देवी के वरदान से वासुदेव जी लावणजलाशय पहुँच गए।	सब्जी के अमृतदेवों ने सुदेवदेवदेव को प्रणाम किया।
5	इसके लिए मिशन का निर्माण भी विचार किया जा रहा है।	इसके लिए विश्व निर्माण की योजना भी विश्व निर्माण की जाती है।
12	लोकसभा भारतीय न्यायसंहिता द्वितीयसंहिता भारतीय नागरिकाक्षा द्वितीयसंहिता और भारतीय दैविका द्वितीय विधेयक विषयों पर निरन्तर चर्चा कर रही है।	लोकसभा भारतीय न्यायिक न्यायिक संगठन भारतीय जनता पार्टी के दूसरे दूसरे दूसरे चरण में भारतीय जनता पार्टी के बारे में लगातार चर्चा कर रही है।
3	छात्र आपस में बोलते हैं।	छात्र एक को बोलते हैं
10	उस समय यह ही फैशन था, यह ही अनुराग था।	उसी समय यह समय था, यह नारायण सिंह ही था।
4	मैं सदा ही बाग़ को जाता हूं।	मैं हमेशा बाग को जाता हूँ।
5	मैं मधुमेह रोग से पीड़ित हूँ	मैं मधुमेरी रोग से पीड़ित हूँ।
8	दुबई-शहर जाने का विषय भी यहाँ प्रासंगिक नहीं है।	उपमुख्यमंत्री-नगर के विषय में भी नया मुद्दा नहीं है।
11	मेरा दर्शन होने से निःसन्देह तुम्हारी मुक्ति हो जायेगी। यदि तुम जानती हो तो बताओ कि इस समय कमललोचना सीता कहाँ है ? मेरी प्रियदर्शना प्रिया को कौन ले गया है ? ॥	आप तो अपने साथ चलोगे। आप मेरी आज्ञा कीजिये। अतः आप मेरी आज्ञा कीजिये। अतः इस प्रकार मेरी प्राण में अवश्य नहीं है। ॥
4	हे सरस्वती (वाणी) आप अपनी नवीन वीणा को बजाओ।	विख्यात नाम का नाम मही है।
4	अतिथियों ने भोजन किया।	अतिथियों ने भोजन किया।
13	पुटुपल्ली के बिना झारखंड राज्य में धुआं, त्रिपुरा में धनपुर, बक्सानगर, बागेश्वर, घोसी और धुपगुड़ी जिलों में भी उपचुनाव हुए।	रॉडक्को के बिना, एर्नाकुलमपुर के 31, बेंडोर, बेंडोर, बेंडोर और जोगिङ्गिंडा, और जोगरा और जोगिस्की, और अन्य क्षेत्रों में भी कम बारिश की गई है।
8	नहीं जानता , रास्ता कब जाने योग्य होगा ।	नहीं जानती ? रास्ता कब सुगम होगा।
7	2005 के बाद से, उन्होंने विभिन्न वस्तुओं को इकट्ठा करके अपना पहला विश्व रिकॉर्ड हासिल किया है।	200 करोड़ रुपये के अस्त्रों के प्रयोग के कारण, विश्व व्यवहार का प्रयोग किया गया।
11	पुरातन परंपरा के समाप्ति द्वारा केवल निर्वाचित प्रतिनिधियों का, सरकारी जिम्मेदारियों और नेताओं के नामों का भी उल्लेख किया जाएगा।	पुराने समुदाय के अनुसार केवल चुनाव के लिए चुनाव को अंतिम रूप से पूरा करने के लिए तैयार किया जाएगा, और नामांकन पत्र लिखे जाएंगे।
1	धनुष को	बहुत अधिक अधिक
16	शाह ने आगे कहा कि पूर्व प्रधानमंत्री जनौषधि-केंद्रों से अधिकांश शहर वास्तव में निर्धन लोग ही लाभान्वित होते थे।	राजनीतिक दलों ने कहा कि पूर्व प्रधानमंत्री जन स्वास्थ्य केंद्र के केंद्र में कई लोग भी अधिक से अधिक लोग लाभान्वित थे।
3	कार से बैग्स उतारे।	कार से अटैची उतार गई।
12	केरल के पूर्व मुख्यमंत्री और वरिष्ठ कांग्रेस नेता उम्मन चांटी का बेंगलुरु के एक अस्पताल में निधन हो गया।	केरल के पूर्व मुख्यमंत्री के रूप में कोषाध्यक्ष में और वरिष्ठ कांग्रेस नेता बेंडिन ने जीत हासिल की।
11	दीपक के बुताने पर जो तेल की गन्ध उठती है उसको जो लोग नहीं सूंघ सकते हैं, या जो लोग मित्रों के हित वाक्यों पर ध्यान नहीं देते हैं. या उत्तर दिशा में स्थित सात ऋषियों के पास के छोटे अरुन्धती नक्षत्र को आकाश में नहीं देख सकते हैं. उनकी मृत्यु निकट ही समझनी चाहिए अर्थात् वे ज्यादा दिन इस संसार में नहीं रहेगें, शीघ्र ही नष्ट हो जाएँगे।	दीपराज के समान सुन्दर, मधुर वचन और मधुर वचन को नहीं छोड़ते हैं, परन्तु शीघ्र ही न ही न आते हैं, न ही वह शीघ्र-धीरे आते हैं।
5	मैं शुद्ध घी ही खाता हूँ।	मैं शुद्ध ही खाता हूँ।
3	मैं आलस छोड़ूँगा ।	मैं आलस करूँगा।
11	साल का''शांत भारत''उन्होंने स्वतंत्रता आंदोलन में भाग लिया और इसके लिए दो बार जेल गए।	1911 में''सॉस''इसके नाम से वह यूक्रेन के दो नए प्रदर्शन में नौ करोड़ रुपये के बाद वेला किया गया।
9	वह कहता है - "माँ मुँह बहुत सूख गया है"	वह बोलती है - "अरे मुख में बहुत दूर हो गया।
5	दुःशासन द्रौपदी का चीर खींचता है।	सूर्योदय करता है।
1	ऋषियों ने	अच्छाई
6	सदा सच बोलो, झूठ नहीं ।	हमेशा सच बोलना नहीं बोलना चाहिए।
7	देवसभा अर्थात् सत्संग, जहाँ ज्ञान भक्ति चर्चादि होती है।	देवदेव जी ने कहा, जैसे ज्ञान का ज्ञान होता है।
16	आञ्चल के संस्कृत विषय अध्ययन की विशेष रुचि थी, उसकी रुचि, उत्साह, और समर्पित करने के कारण वह सफल रही है।	संस्कृत में संस्कृत के माध्यम से विशेष रूप से विशेष रूप से, और विशेष कार्यक्रम में भी उन्होंने भाग लिया, वह इस स्थान पर मार्ग से बाहर आ गया।
3	होली जल गई।	होली में आग लग गई।
1	आटा पीसी हुई कोई वस्तु	पकाना
8	राजा बोला- हे मनुष्य तुम नहीं जानते मैं कौन हूं।	राजा ने कहा- हे मनुष्य ! मैं कौन नहीं जानता, तुम कौन नहीं हो ?
14	पूरे देश में प्रधानमंत्री नरेंद्र मोदी पर विश्वास है, भाजपा का जीत केवल मोदी नाम से हुई।	पूरे देश के प्रधानमंत्री नरेंद्र मोदी हैं, प्रधानमंत्री नरेंद्र मोदी, और भाजपा ने विश्वास में केवल न्याय का अधिकार किया है।
7	एक सौ ग्यारह वर्ष के शिवकुमार स्वामी पिछले सप्ताह दिवंगत हुए।	एक सौ वर्षों तक हजारों देवताओं के हजारों प्रकाशों को याद करता हूँ।
3	कभी कभी नासमझ हो जाती है ।	कभी कभी संशोधन करता है।
4	इनका नाम कृषिप्रशिक्षु होगा।	इन नामों का नाम होगा।
8	सभा में आकर पहले धर्मशाला विधेयक पर सुधीर शर्मा ने अभिनन्दन किया।	सभा में आकर हिमाचल के रूप में धर्मशाला के उद्घाटन किया।
21	फिर महाराज दशरथ ने पुत्र राम को ङ्क में बिठाकर दोनों हाथों से पकड़ा और सहन करके कहा हे राम ! तुम से अलग हुए मेरे लिए स्वर्ग की प्राप्ति भी समान नहीं है।	फिर महाबलशाली राम ने पुत्र राम को मारने के लिए रावण को बुलाया और कहा हे राम ! तुम मुझे तुम मेरे साथ अयोध्या में ले गए हो।
21	इसके विपरीत मुख्यमंत्री के.चंद्रशेखरराव ने गजवेल निर्वाचन क्षेत्र की चिन्ता में मताधिकार का प्रयोग किया, भारत की राष्ट्रीय समिति के कार्यरत अध्यक्ष तारकारामराव नेहैदराबाद में तारकारामराव और राज्यकंगेस के अध्यक्ष रेवन्तरेड्डी कोडंगल में मतदान किया।	इसके अलावा मुख्यमंत्री के रूप में कश्मीर के समीप के मध्य प्रदेश के मध्य क्षेत्र के मध्य प्रदेश के तिरूलैंड के ही चुनाव में प्रसिद्ध है, और राष्ट्रीय स्तर पर भारत के राष्ट्रीय अध्यक्ष मल्लिकार्जुन गिनकरी ने राज्य के मुख्यमंत्री के राष्ट्रीय अध्यक्ष मल्लिकार्जुन झंडेई को राज्य के सभा में चुनाव का भी शपथ ली।
6	पत्नी - घर में एक चूहा घुस गया है	पत्नी - घर में एक चूहा घुल्हा गया ।
6	वे सभी धर्मशाला में रहेंगे।	वे सभी भी धर्मशाला में रहेंगे।
8	विद्यार्थियों के विभिन्न विषयों के विकास के लिए दौलत सिंह हमेशा तत्पर रहते थे।	छात्रओं के साथ विकास के लिए उनके लिए अन्य मन्त्र मंत्रों का मन्त्र होता था।
4	वह घर की रक्षा करता है क्या?	वह घर की रक्षा करता है क्या ?
5	मुख्य द्वार खुला था ।	मुख्य दरवाजे पर पटकटी था।
1	देखने के लिए	देखने के लिए
19	शाहजहांपुर जिले के खुदागंज निवासी आचार्यविक्रांत सिंह की बिहार लोक सेवा आयोग में तीन अलग-अलग स्थानों का चयन किया गया, जिसके कारण से परिवार में हर्षोल्लास का वातावरण है।	शाह पदपुर जिले के आचार्य अनुपमपुर के आचार्य अनुपम सिंह ने बिहार के त्रिस्थापन में तीन अलग-अलग स्थानों पर बल और सुरक्षा बलों को भी देखा है।
1	प्रवण आसन	संग्रह
31	राज्य में 1416 विद्युत् पंखुड़ियों के अवरोध से सौ परिवार अंधेरे में हैं, जिससे तीव्र ठंड की विद्युत् के अभाव से लोग कम्पन करने के लिए कुल्लूमण्डल में 486, चंबा में 319, सिरमौर में 2४५, मंडी में 220, शिमला में 103, किन्नू में 30 विद्युत् पंखुड़ियों की बिजली की पूर्ति बाधा है।	राज्य में 32 लाख रुपये के स्थान पर बहुत से अधिक हैं, जिससे परिवार की कीमत में बहुत कम हैं, 239 करोड़ रुपये के खर्च से 2,6,66666 करोड़ रुपये के स्थान पर 2, 6,36666 करोड़ रुपये, 66666, 6663 करोड़ रुपये, कुल्लू, कुल्लू, कुल्लू, कुल्लू 26666666666666, कुल्लू, कुल्लू, कुल्लू, कुल्लू, कुल्लू, कुल्लू 266666666666666, कुल्लू, कुल्लू, कुल्लू, कुल्लू,
6	अहमद सड़क पर गिर पड़ा, इसलिए वह हँसता है	मैं रास्ते में चढ़ गया अतः वह गिरता है।
10	उन्होंने लगभग सात सौ फिल्मों में अभिनय किया और सर्वश्रेष्ठ अभिनेता का राज्य पुरस्कार जीता।	हमने पिछले महीने में फिल्मों के साथ बैठक की और राज्य की सफलता की थी।
5	प्रश्न - अभी क्या बजा है ?	प्रश्न है अब क्या-सा्या है ?
1	पंत	सिर
9	लोसभा हॉल में वित्त मंत्री ने 21,000वां वर्ष का चौबीस-पांचीस-यह प्रशासन द्वारा अनुमानित उपलब्धियों की रिपोर्ट प्रस्तुत की गई है।	वित्त मंत्री ने नई दिल्ली में चौबीसवें वर्ष की-दो-दो हजार से अधिक-उन्होंने मामलेों का उद्घाटन किया।
3	सूक्ष्म शोधन 27 नवंबर।	पर्ती में नौ बजे
8	भैया ! मैं मेरे बेटे को यहाँ बिठाकर जा रही हूँ।	भैया ! मैं भी मेरी बेटी यहाँ जा रही हूँ।
8	छात्रों के लिए प्रशिक्षण संस्थानों के लिए भी नेट बुक का निर्माण करना होगा।	छात्रों को अब प्रशिक्षण के लिए भी मार्ग निर्माण किया जाएगा।
3	तुम फूल लाते हो	तुम फूलों को जाते हो।
1	दिन ब दिन	वर्ष
8	शाम को जैस्मी का झगड़ा हिमाचल प्रदेश के मेनका देवी के साथ होगा।	उपरोक्तगरगर के उत्तर में उत्तर प्रदेश के दो राज्यों के साथ मुगलगर होगा।
1	पूरी तरह से नष्ट	अशुभ
5	आपकी पेंट की जेब में फिर से देखिये।	आप सब काँच काँच फिर जाकर देखते हैं।
6	इस प्रकार विद्यालयीय इंटरनेशनल गीता महोत्सव का उद्घाटन किया गया।	इस प्रकार विद्यालय के प्रिंसिपल गीता समारोह में हुए।
7	राम के साथ लक्ष्मण भी वन को गया था।	राम के साथ लक्ष्मण भी वन गया था।
6	कल निवेदिता, विद्यालय की शिक्षिकायें आयी थीं। ।	कल मेज़ा विद्यालय से शिक्षक आए।
3	वे राष्ट्रगीत गाती हैं।	वे राष्ट्रगीत गाते हैं।
11	कार्यक्रम के अध्यक्ष केंद्रीय संस्कृत विश्वविद्यालय के निदेशक-लखनऊ परिसर के निदेशक प्रो. एस.के. ने श्री सर्वनारायण झा. को संबोधित किया।	यह कार्यक्रम केंद्रीय संस्कृत विश्वविद्यालय के कुलपति प्रो. एस.के. ने किया कि संस्कृत-विश्वविद्यालय के सभी नागरिकों को संबोधित किया गया।
3	वह बोला	वह बोला
6	मैं साढ़े आठ बजे घर से निकला।	मैं आठ बजे घर से घर लौट गया।
12	तब लक्ष्मणजी श्रीरामचन्द्रजी से बोले " हे देव ! यह मृग का रूप धारण किया हुआ निःसन्देह मारीच है, क्योंकि इस प्रकार का मृग कहाँ हो सकता है ? ॥	श्रीरामचन्द्रजी ने राम के पास जाकर लक्ष्मण जी के चरणों में बैठा। उस वन में राजा के समान सुन्दर नेत्र धारण किया ॥
4	फिर भी वह वस्तुएँ खरीदती है।	फिर भी वह वस्तुएँ खरीदता है।
3	मैं तेज दौड़ता हूँ।	मैं तेज़ासन करता हूँ।
12	अमेरिकी डॉलर के गुलाम ने बुधवार को तेल की कीमतों पर सहिष्णुता का कारण बनकर अमेरिकी डॉलर का लाभ उठाने में मदद की।	बिजली के रूप में रुपये के मूल्य के मूल्य के मूल्यों में 600 रुपये की बढ़ोतरी की गई।
14	उसके शिर में ही ऐसी शक्ति होती है जिससे वह सुनने में समर्थ होती है परन्तु बहुत थोड़ा।	उसके सिर पर ही इसी प्रकार मनुष्य शक्ति का प्रयोग किया जाता है, वह गुरुशब्द के अनुसार बहुत अधिक आदर है।
5	दीपावली के लिये भी वस्तुएँ खरीद रहे हैं	दीपक पर्व के लिये भी वस्तुएँ खरीदते हैं।
11	संसारका विषयानन्द और परलोकका महान् दिव्यानन्द ये तृष्णाक्षपके आनन्दके सोलहवें भाग भी नहीं हो सकते	जो मनुष्य शरीर को त्यागकर शुद्ध करने वाला है, वह योगी है, जो सात बार ही शरीर के समान है, जो सात ही शरीर के समान है, ऐसे शरीर के समान है, ऐसे शरीर के समान है, ऐसे शरीर को भी नहीं छोड़ता है ॥
1	जो (दो)	मृत्यु से।
8	पर्यटकों ने अपने मोबाइल फोन से महानाटमी को पकड़ कर स्वभाव चित्र लिया।	पर्यटकों ने अपने घर के छठे रहस्य पर स्थित एक अद्भुत चित्रों को देखा।
12	भारत के मुख्य आयुक्त ने कहा कि मंदिरों पर हमले का उद्देश्य भेदभाव और शांति भंग करना था।	भारत के छब्बीसवें वर्ग में शांति और शांति के खिलाफ एक लाख रुपये का खर्च किया गया है।
14	आयोजक विश्वविद्यालय के प्रोसुश्री शिप्रा राय अध्यक्ष थीं। संयोजक डा. शंकरनाथ तिवारी ने सभी के प्रति आभार व्यक्त किया।	कार्यक्रम का संचालन प्रोफेसर एस.के. ने किया। कार्यक्रम में अध्यक्षताेश्वरनाथ पांडे के रूप में श्री हरिदेवनाथ ने किया।
5	तुम दोनों रस्सी चलाओ।	भवन और दो बजे।
7	छात्र –मेरी माँ अच्छी शिक्षिका है।	छात्र –मेरा माता ठीक है।
11	साथ ही उन्होंने कहा कि शिक्षा के क्षेत्र में संस्थान का योगदान जारी रहना चाहिए.	उन्होंने ही कहा कि शिक्षा के क्षेत्र में शिक्षा के क्षेत्र में शिक्षा के लिए विशेष ध्यान भी करना चाहिए।
8	कार्यक्रम की शुरुआत वैदिक मंगलाचरण के साथ हुई जिसके बाद विश्वविद्यालय गान गाया गया।	कार्यक्रम का संचालन वैदिक मंगलाचरण के साथ हुआ।
1	विद्यावान्	अच्छाई
5	मध्यप्रदेश में कौन-से राष्ट्रीय उद्यान हैं?	मध्य प्रदेश के राष्ट्रीय कौन हैं?
11	अध्यापिका – मुझे यह विचार अच्छा लगता है। ये राज्य भ्रमण के लिए स्वर्ग के समान हैं।	अध्यापिका – हाँ, मेरे विचार से राज्य के विषय में तो ये भी हैं।
3	ज्येष्ठ आषाढ ग्रीष्म ॥	शुद्ध हो तो गेहक-दड़ेके समान मोटे हैं ॥
1	स्वीकार करके	सुनने के लिए
9	हे पार्थ ! वही यह भूतसमुदाय, है जो पुनः पुनः उत्पन्न होकर लीन होता है। अवश हुआ (यह भूतग्राम) रात्रि के आगमन पर लीन तथा दिन के उदय होने पर व्यक्त होता है।।	हे पार्थ ! आप सब यज्ञ में लगे हुए (आन्यों) को प्राप्त हुए हैं, (क्योंकि) (क्यों को) से (मेदी) प्राप्त हुए, (ज्यों को) से (मेदी) प्राप्त होता है।।
6	नहीं नहीं पिताजी , मैं ले जाऊँगा	नहीं, मैं पिता को मैं लेऊँगा।
10	पुनः बन्धुओं सहित मुनिजनों के द्वारा धर्मशास्त्र का रहस्य गुनते तथा उसकी व्याख्या भी करते थे ॥	हे राजन् ! आप श्री विष्णुजी, विश्वामित्रजी, रुद्र और गुरु, गुरु और गुरु आदि गुरु को जानता है।
9	प्रधानमन्त्री वहाँ प्रदर्शनी में आए थे, भूमिभङ्गप्राचीर का भी अनावरण किया।	प्रधानमंत्री ने वहीं प्रदर्शन किया, उसनेन्हों ने कार्रिल पर्वत पर भी कार्रवाई किया।
6	जेपी नड्डा शाम को कुल्लु नगर जाएगी।	जेपी नब्ल्डिंग शाम को पटना जाएगा।
9	इस संबंध में मुख्यमंत्री प्रबोध सक्सेना ने रविवार को छुट्टी के दिन आदेश भी जारी किए।	इस बारे में मुख्य सचिव ने छुट्टी के साथ रविवार को पुलिस अधिकारियों को भी आदेश दिया।
13	इस समय तो वह आप जैसे भी मेरा मित्र है इसीलिए इस संस्कार का विधिवत् पालन करें।	अब तो आप भी मेरे मित्र के साथ मेरा प्रिय वचन है इसलिये इस प्रकार का क्षेत्र है।
3	छोटा बच्चा लड्डू थोड़ा सा खा रहा है।	बालक लड्डू लेता है।
8	रिपोर्ट में कहा गया है कि वह इस महीने की 22 तारीख तक एकांत कारावास में नहीं रह सकते।	इस महीने की 2 तारीख तक रिपोर्ट के लिए रिपोर्ट जारी किया जा रहा है।
10	उससे क्रोधित सूर्यदेव ने छाया और शनिदेव का घर जला दिया।	उन्होंने खेल के लिए सूर्यदेव का नाम और सूरदेव के घर में घर का निर्माण किया।
10	जनवरी-माह के तीवें दिन रविवार को कप-खेल में वह पाँच-सेट-खेल में रूस-देश के दानिल-उन्होंने खुद को हरा दिया.	जनवरी-माह के तारीख को शाम को वह दोपहर-खेल में वह दोपहर-खेल के मैदान में-बुलाम-बताया गया।
6	पर्यटक भी उनके साथ यज्ञ करते हैं।	पर्यटक भी उसके साथ यज्ञ करते हैं।
8	परन्तु ज्ञानी सब प्रकार परीक्षा करके अपराधी को ही उचित दंड देता है।	परन्तु सभी ज्ञान परीक्षाओं को दूर करने के लिए ही यथायोग्य काम करता है।
7	वैराणु की उपस्थिति अधिकतर इन्हीं मंडलियों में देखी जाती है।	विभिन्न जिलों में विभिन्न शक्तिशाली भूकंप का अधिक प्रतिबंध है।
3	माँ शिशु को बहलाती है।	माता बालक को चबाता है।
2	वहीं घूमता रहेगा।	वहाँ से लेता है।
3	आठ बजे यज्ञ होगा।	आठ बजे यज्ञ होगा।
6	सुधा - हाँ मैं अशुद्ध बोली ।	सुधा -हाँ मैं जानती हूँ।
8	रक्षा – मैं भी अधिक संस्कृत नहीं जानती हूँ।	रक्षा – मैं भी अधिक संस्कृत नहीं जानती हूँ।
7	मैं भिखारी को देती हूँ आप पानी भरो ।	मैं उठता हूँ। आप पानी भरिए।
1	शुद्ध	विघ्न
7	काश्य का यह परिवार समृद्ध, विद्वान् और भगवद्भक्त था।	काशी के परिवार के परिवार का यह समृद्ध और भगवान् भगवान् भगवान् भगवान् भगवान् श्रीराम थे।
4	दूसरा व्यक्ति बोला	ऊँचा बोला
5	वह मेरी पुस्तक कहाँ रखता है?	वह मेरी पुस्तक कहाँ रखती है?
7	ग्राहक – आज शाम सभी विरोधयात्रा निकालेंगे।	ग्राहक – आज सभी पुस्तकें के माध्यम से वस्तुएँ निकालेंगे।
8	खबर के अनुसार, विद्या बालन की प्रेत की''मज्जुलिका''इसकी भूमिका में दिखाई देती है।	खबर के अनुसार, विद्या के बच्चों के लिए''कहाँ''इसकी भूमिका में''इसकी भूमिका में दिखाई देता है।
6	परीक्षा के लिये कितने दिन शेष रह गए हैं ? )	परीक्षा के लिए कितने दिनों को पूरा किया गया ?
2	स्कूल में रिसेस के समय	विद्यालय में बजे से समय बाद सोओ
1	युद्ध के मैदान पर arra ⁇ ed	एक प्रकार से
5	वरुणा उसके विवाह के चित्र दिखा रही है ।	उसकी छोटी विवाहियाँ यज्ञ कर रही हैं।
4	राम – किस सम्बन्ध से? (किस नाते से)	राम – किसकी रक्षा के लिये।
4	यहाँ हम सभी सकुशल हैं ।	यहाँ हम सभी कुशल हैं।
3	निधि गाय का घी सूंघती है।	गधा गाय गाय से सूंघता है।
5	कल ही फोन से बात हुई।	कल ही फोन से बात हुई।
2	वह चढ़ता है।	वह चढ़ता है।
4	सात बजे तक ध्यानसत्र चलेगा।	सात बजे ध्यान करेगा।
19	भाजपा के बारे में कटाक्ष कर नेगी ने कहा कि भाजपा आज भी बालदल ही है, उनका जन्म 2014 के बाद हुआ।	भाजपा के बारे में राजीव गांधी ने कहा कि आज ही कांग्रेस के बच्चे हैं, आज ही उसका जन्म हुआ है।
7	पूर्ण वर्ष हजार के अन्त में उन्होंने उसे उसे विधि का रूप धारण किया।	पूर्णता के लिए उन्होंने उस वर्ष उस नाट्यवेद का अर्थ किया।
4	अभी स्वाध्याय नहीं हुआ है।	अब स्वाध्याय नहीं हुआ।
6	शालिसा धाम्या ने भारतीय वायुसेना में नया करियर बनाया है।	भारतीय सेना ने रूस के सेना के दव्त्रीर को नए धन के खिलाफ नए संबंधों को स्वीकार किया है।
15	पूर्व श्रेणी में उत्तराखंड संस्कृत शिक्षा परिषद ने हरिद्वार से सुबोध व्यास का अभिषेक किया और जयपपन नाम की उत्तर श्रेणी में लोकेश चंद्र सुधेशबडोनी और अजयकानोल ने क्रमशः अपना पहला द्वितीय तृतीय पुरस्कार जीता।	पूर्व शिक्षा अधिकारी उत्तराखंड के प्रिंसिपल श्रीनगर के रूप में सुन्दरनगर के पाकर दिल्ली के तिरंगा जिले के तिरंगावें स्थान पर, तिरंगा, तिरंगा, तिरंगा, तिरंगा, तिराला, तिराला देवी, तिराला देवी, दिल्ली के पहलेड्डी, दिल्ली के पहले पुरस्कार भी आयोजित किया गया।
10	वह शीघ्र ही यहाँ आयेंगे। एकाग्रचित्त से ध्यान करती हुई तुम यहीं रहो। इस समय चित्रकूट पर्वत के आश्रम में भगवान् श्रीरामचन्द्रजी विराजमान हैं ॥	इस प्रकार वह दिव्य भोजनपूर्वक अयोध्या में आये और वहाँ आये हुए थे। इस समय वह सीता के आश्रम में रहने के लिये वहाँ दौड़ा ॥
3	पुण्य कर्मों से व्यक्ति पुण्यलोक को प्राप्त करता है।	पुण्य से परमता प्राप्त करता है।
4	मंच की शोभा प्रान्तप्रचार प्रमुख सतेन्द्र कुमार ने की।	हिमसंस्कृतवार्ता: प्रांत के अध्यक्ष प्रदीप कुमार कुमार ने सनुमना किया।
7	लेकिन अभी तक किसी ने जिम्मेदारी नहीं ली है.	लेकिन यहाँ तक उनका उत्तर नहीं है।
4	इनका नाम कृषिप्रशिक्षु होगा।	इन नामों का नाम होगा।
14	ग्रामीणों के स्वरूप को बढ़ाने की आय-व्यय में प्रयास है क्योंकि इससे ही इस पर्वतीय राज्य में समृद्धि को प्राप्त किया जा सकता है।	गाँवों में ही ऐसा लक्ष्य है क्योंकि इस लक्ष्य को पूरा करने के लिए ही क्षेत्र में यह स्थिति है।
21	यह कुल लक्ष्य का प्रतिशत है, परन्तु यदि हम मंडलियों के विषय में बात करते हैं तो चम्बा, सिरमौर, कल्लू इत्यादि मंडलियां बहुत पीछे-पीछे गई हैं।	यह भी है, यदि कोई भी आयी है तो हम जिला विषय पर चर्चा करते हैं, तो चम्बा, हमीरपुर के कई जिलों में आई।
4	शिल्पा कहाँ तैरती है ?	मछलियों का कहाँ तैरती है ?
8	दौलतसिंह के जीवन में उनकी माता का प्रभाव प्रत्यक्ष था।	दौलतसिंह के जीवन में उनके माता पिता थे।
9	विस्फोटक आवाज सबसे पहले छात्रों ने सुनी। तभी सड़े फलों की दुर्गंध चारों ओर फैल गई	छात्रों ने पहला सातवीं कक्षा में प्रयोग किया और ग्रीष्मकालीन परिस्थितियों के बीच एक नई सब ने सब जगह किया।
20	इस अवसर पर जनसभा को संबोधित करते हुए प्रधानमंत्री ने कहा कि विकसित-भारत संकल्प ने यात्रा देश की हजार संख्या को गांवों और नगरों में प्राप्त किया है।	इस अवसर पर जनसभा में प्रधानमंत्री ने कहा कि विकसित भारत संकल्प यात्रा के माध्यम से दो वर्षों तक भारत और ग्राम शहरों में नया शहर बन गया है।
1	वर्दी	घड़ी
11	और भी महान लोगों के साथ भी अवश्य होने वाली बातें हो कर रहती है। शिव जी का नग्न रहना, (तथा) विष्णु का शेषनाग (की शय्या पर सोना- ( इसमें प्रमाण हैं) |	उन दोनों के द्वारा रचित, अचानक, अश्रुष्ठहास के द्वारा और अश्रुष्ठान के समान कोई भी नहीं होते हैं।
5	जो सदाचारी है वह शिक्षक है	जो सदाचारी है वह शिक्षक है।
1	मेंढक	वर्षा
5	पूर्व अभिघातजन्य व्रणके आरोहण तथा यज्ञ के शिर को जोडदेनेसे यह शल्यअंगही प्रथम है ॥	इस प्रकार एक ही एक ही अध्याय है, जो एक बारसे भी समस्त लोकोंको प्रकाशित कर लिया है ॥
11	भाग्य से सन्तुष्ट होकर, विकट, विरूपाक्ष, महोदर, अकम्पन, दुर्द्धर्ष और अन्य राक्षस मारे गए।	दिन में अकाल, विद्र, मच्छ, मच्छ्र्च्छ, मक्ष, मक्ष, और मगरमच्छ, मगरमच्छ, मगरमच्छ और मगरमच्छ ये युद्ध हुए।
6	भार्गवी – आधा घण्टे बाद घर पहुँचेंगे।	होली से द्वारकावारी के बाद घर ले जाता है।
9	गणना से पता चलता है कि दुनिया भर में 55 मिलियन लोग मनोभ्रंश से पीड़ित हैं।	यह दुनिया भर में सर्वोत्तम क्षेत्रों में लोगों को कम करने के लिए लोग कहते हैं कि लोग विभिन्न लोग विभिन्न प्रकार की संख्याएं बढ़ते हैं।
9	भगवन् व्यास जी की वाणी के रूप में श्रीमद्भागते जी ने अपने दिव्य लायकों का वर्णन किया।	भगवान् महान् वीरपुराण के भगवान श्रीकृष्ण के आश्रम में उनका जन्म लिया जाता है।
13	पहले इस रास्ते में गली की व्यवस्था नहीं थी, लेकिन आपातकाल में राष्ट्रीय राजमार्ग को बहुत नुकसान हुआ।	पहले इस रास्ते में मार्ग नहीं था, लेकिन राष्ट्रीय ध्वजधारियों ने भारत के बीच झड़ड़ा हुआ।
13	लग्रान प्वाइंट वन लक्ष्य का नाम है. यह सूर्य और बाह्य अंतरिक्ष के कणों का अध्ययन करेगा।	लिलूर्ट्स की टिकट में एक प्रतिशत पूजा होती है। सूर्य की ओर से सूर्य की सतह को देखने के लिए अधिक से अधिक से अधिक से अधिक मजावट का सामना करेगा।
3	कभी कभी नासमझ हो जाती है ।	कभी कभी संशोधन करता है।
3	प्रयास करता हूँ ।	प्रयत्न करता हूँ।
4	कुछ चिड़ियाएँ पानी में नहाती हैं।	कुछ चींटियाँ पानी से भरती हैं।
10	जब वह पाठशाला नहीं जाता, तब बाग़ भी नहीं जाता।	जब वह पाठशाला से नहीं जाता, तब बाग़ में भी नहीं जाता।
5	अनुराग -हम पदयात्रा कर रहे हैं।	अनुराग - हम  ⁇ udget में ध्यान देते हैं।
18	जैसे-जैसे बिजली का उपभोग बढ़ता है वैसे-वैसे हमारे द्वारा इस विषय पर गम्भीरता से विचार करना चाहिए।	जैसे-जैसे ही बिजली का नाश होता है, वैसे ही यह विषय पर विचार किया जाएगा।
6	आठ मिनट की निरीक्षण उड़ान के बाद, विमान सुरक्षित रूप से नीचे उतर गया।	90वें दिन के बाद, अफगानिस्तान ने सुरक्षा अभियान के बाद एक कठिनता का आदेश दिया।
1	सूची	द्वारपाल
6	रक्षा – मैं भी रोज अभ्यास करती हूँ।	रक्षा – मैं भी अभ्यास करता हूँ।
5	मैं आनंद नगर में रहता हूँ	मैं अवश्य नगर में रहते हैं।
12	मनुष्य खतरे या संकट में बिना पड़े कल्याण नहीं देख पाता। परन्तु सकट में पड़ कर यदि जीवित रहता है, तो ही वह विविध कल्याणों को देखता है|	हे राजन् ! यदि तुम इस पाप को न त्याग कर, तो मैं तुम्हें ही भोग देता हूँ, किन्तु आप मुझे क्षमा कर रही हो, किन्तु मैं तुम्हें जीवित नहीं हूँ।
3	वन जायें।	वन को जाओ।
3	गुरुओं के द्वारा प्रश्न पूछे जाएँ ।	गुरु के द्वारा प्रश्न पूछे जाने पर पूछा।
5	आप लेख लिखते हैं क्या ?	आप लिखो कैसे ?
4	बादलों के ऊपर विमान उड़ रहा है।	शरीर के नीचे वायुयान उड़ता है।
6	लंकाेश्वर डर गया तुम्हें देखने के लिए जल्दी जाएगा।	दक्षाेश्वर जी को देखकर जल्दी से अंदर जाएगा।
17	अनि के मन्द होने से, मल की वृद्धि होने पर मनुष्यों में नाना प्रकार के रोग समूह उत्पन्न होते हैं, और उदर राग विशेष रूप से उत्पन्न होते है । अनि के मन्द होने पर, अन्न के पचन न होने पर, महिन, मलकारक अपथ्य आहार के सेवन से दोष सचित होने पर प्राण, अग्नि ( जाठराग्नि ), और अपान वायु को दूषित करके अधर और उत्तर ( ऊपर और नीचे के ) दोनो मार्गों को रोक देते है । यह दोष समूह त्वचा और मास के बीच मे आकर कुक्षि ( उदर, कोख ) को बहुत अधिक फुला करके उदर	जो मनुष्य वृक्ष के दान-प्रसारण होने पर, वृद्ध, निर्बल, निर्बल, निर्बल, निराल, निराल, निराल, निराल, निराल, निराल, निराल, निराल, निराल, अक्र, निराल, निराल, अक्र, निराल, अक्र, निराल, निराल, अक्र, निराल, और कृष्णा ये सब प्रकार के रोग हैं, उसके जीवों के स्वाभाविक शरीर के स्वाभाविक शरीर के जीवों को प्राप्त कर रहे हैं।
16	जो मनुष्य वीतराग एवं पर- अपरके ज्ञाता होकर सुरगुरु भगवान् नारायणक सर्वदा स्मरण करते हैं, वे उस ध्यानके द्वारा पापोंसे छूटकर पुनः माताके स्तनोंक दूध नहीं पीते [अर्थात् वे जन्म-मरणसे रहित हो मुक्त हो जाते हैं ] ॥	जो मनुष्य अपने शरीर के अनुसार ही समस्त प्राणियों के साथ दूसरे के द्वारा भगवान् शिव के लिए प्रार्थना करते हैं, उन श्री विष्णु के लिये अपने चरणकमल के समान श्यामसुन्दान हैं, उन दोनों का मैं नमन करता हूँ, न कि आप दोनों के लिये किसी प्रकार की माता के लिये किसी भी नहीं है ॥
1	मेंढक	शुक्रवार
15	चीन के ईस्टर्न थिएटर कमांड ने बताया है कि ताइवान के आसपास के आसमान और समुद्र में कई मिसाइलें दागी गई हैं।	चीन ने कहा कि इजराइल के बीच हमास और हमास के बीच एक हमास के खिलाफ पुल पर हमला करने का फैसला किया गया है।
12	सुग्रीव बोले कि हे राजेन्द्र ! वाली सभी योद्धाओं में अग्रणी है। उसको पराजित करना देवताओं के लिये भी अत्यन्त कठिन है। आप उसे कैसे मार सकते हैं? ॥	यह सुनकर राजा ने उसे वनवास दिया और सुग्रीव ने भी इस प्रकार वन में गिरकर वह मरकर बोला हे देव ! आप मुझे भी क्यों नहीं जानते ?
1	प्रकाशना	प्रकाशित होना
4	जा प्यारे ! पूरी विद्या करके आना।	सलक्ष्मण! उठो।
4	अभी ही स्कूल चलो ....	अभी ही विद्यालय में .... ⁇ 
6	किसी के पास टॉर्च नहीं थी।	किसी भी पर दोनों पदक नहीं थे।
2	प्राप्त नहीं किया।	नहीं समझना चाहिए
10	वह गांधीनगर में डिफेंस एक्सपो 2022 को संबोधित कर रहे थे।	गेंदा शहर के डिवीजन के एक नए कार्यक्रम में एक सौ रुपये के स्थान पर कार्यक्रम का विषय था।
5	लकड़हारा लकड़ियां लाता है और उसे फाड़ता है।	लकड़ी घास बेचता है और गन्ने को चबाता है।
7	पत्नी - तो फिर घर के काम में मुझे सहयोग करिये।	पत्नी - तो घर के काम में मेरा उपाय करिये।
10	इससे राज्य की प्रतिबिंब को कलंकित कर दिया जाएगा, निवेशक राज्य से दूर रहते हैं।	इससे राज्य के प्रसिद्ध तट पर ईजि होगा, और दूर से दूर से दूर हो जाते हैं।
4	दीप्ति बैंगन की सब्जी लाती है।	जगदीश बैग पर सब्जी लाता है।
4	स्वयं के मोक्ष के लिए और समाज के कल्याण के लिए।	अपने कर्तव्य के लिए और जगत् के हित के लिए।
10	व्याकरण एक कठिन विषय है फिर भी उनके व्याख्यान में पतञ्जलिना की शैली संवादात्मक थी।	व्याकरण के महत्व से कुछ भी विषय पर प्रसारित हुआ और उनके द्वारा रचित हाथ जोड़कर विख्यात हुआ है।
1	अन्याय	हानि
6	और इस क्षेत्र में महत्वपूर्ण भूमिका निभा रही है।	इस क्षेत्र में महत्वपूर्ण भूमिका निभा रही है।
20	युवाओं के लिए भी सरकार ने प्रस्ताव दिया है कि यदि वे तीन बीघा भूमि देंगे तो सरकार हरमहिने रुपये देगा।	युवाओं को भी दिया गया है कि अगर सरकार ने विधायक को तीन बार भूमि पर रख दिया है तो सरकार रुपये को कम कर देगा।
6	मनुष्य को कोई सहायक लेना ही चाहिए।	पुरुष कौन-सा है कि वह भी किसी के लिए है।
4	दीपक आर्य संस्कृत जानता है।	दीपक की आज्ञा संस्कृत जानती है।
12	दक्षिण भारत में भी अपनी सत्ता का विस्तार करने के लिये उसने विशाल सैन्य बल के साथ मलिक काफूर को भेजा।	दक्षिण अफ्रीका ने भारत के स्वदेश के रूप में भी बनाए गए स्वस्तों को स्वच्छ करने के लिए सेना के साथ युद्ध किया।
7	शिवाजी महाराज ने ही भारत में  ⁇ arat ⁇ a राज्य का आधार स्थापित कर दिया।	शिवाजी महाराज ने भारत के ही भारत की स्वाधीनता के लिये स्थापित किया।
1	प्रातः काल	तुम दोनों को
6	तुम आज कब विद्यालय जा रही हो ?	आप आज विद्यालय जाते हो ?
4	इसके बाद सोए हुए जटायु ने उस शब्द को सुना।	उस शब्द को सुनकर, मुस्कुरेड़ते हुए, भाई ने भाई को देखा।
9	बहुत कालतक सन्ध्योपासन करनेके कारण ही ऋषियोंने दीर्घायु, बुद्धि, यश, कीर्ति ( ख्याति) और ब्रह्मतेजकी प्राप्ति की थी	हे राजन् ! आप समस्त विष्णुदेव, रुद्र, रुद्र, रुद्र, सूर्य, सूर्य, सूर्य, सूर्य, सूर्य, सूर्य, सूर्य, सूर्य, सूर्य, सूर्य, सूर्य, सूर्य, सूर्य, सूर्य, सूर्य, सूर्य, सूर्य, सूर्य, सूर्य, सूर्य, सूर्य, भ्यु, भ्यु, भ्यु, सूर्य, सूर्य, सूर्य, भ्यु, सूर्य, भ्यु, भ्यु, भ्यु, भ्यु, भ्यु, पृथ्वी, पृथ्वी, पृथ्वी, पृथ्वी, पृथ्वी, पृथ्वी, पृथ्वी, पृथ्वी, पृथ्वी, पृथ्वी, पृथ्वी, पृथ्वी, पृथ्वी, पृथ्वी, पृथ्वी, पृथ्वी, पृथ्वी, पृथ्वी,
1	कहा जाता है	कहा जाता है
10	मुख्यमंत्री ने कहा कि यह उपक्रम सरकार की प्रतिबद्धता को अत्याधुनिक स्वास्थ्य सेवाएं प्रदान करने के लिए है।	मुख्यमंत्री ने कहा कि यह संकल्प की सुविधा के लिए सरकार स्वास्थ्य सेवा के लिए प्रतिबद्ध है।
3	भूतकाल में वाक्य लिखिये	सारकाल में लिखिये।
9	उसने उन सभी को गाय को पालकर बैठाया और उन्हें कुर्सियाँ दीं।	उन सभी ने सभी को गायों ने उन्हें एक साथ रोक दिया और उन्हें स्वीकार किया।
3	मैं भूमि पर गिर गया।	मैं भूमि पर गिर गया।
9	केवल उसका नाम जप करके हम भारतीयों को धन्यता का अनुभव करते हैं।	केवल उनके नाम से जमाई करके भारतीय भारतीय भारतीय भारतीय भारतीय लोग जीते।
19	मुबारक नए साल की पूर्व संध्या कीसुबह 10 बजे श्री हरिकोटा सतीश धवन बाहरी अंतरिक्ष स्टेशन से प्रक्षेपण पूरा हुआ। 22 मिनट के बाद, उपग्रह को पृथ्वी की सतह से 650 किमी की ऊंचाई पर कक्षा में लाया गया।	नौवें शुभ अवसर पर शुभमन बें.एस.पी.एस. ने 1055555 शकर के सितंबर को लेकर 210 किमी इसी समय के बाद 20 किमीड़ पर हुआ।
4	पट्टा खोलेगा बाद में कहा जाएगा	घड़ी वेतन के बाद रुपए जाएगा।
5	तुम दोनों यहां क्या कर रहे हो ?	तुम यहाँ क्या कर रहे हो ?
4	सभी डैम जल से भर गए।	सभी जल जल भर गए।
14	तुम संसार की सभी सभाओं में "में सत्यप्रतिज्ञ हूँ", यह कहकर लोगों को धोखा देते हो, अब तुम राम की शपथ करके की हुई प्रतिज्ञा को भी तोड़ रहे हो, अतः तुम्हें नरक में जाना ही पड़ेगा" ॥	हे राम ! आप स्वयं ही अपने राज्य के बीच ही स्थित हैं। इस प्रकार सम्पूर्ण जगत् के बीच में स्थित रहने वाले श्रीराम जी के पास जाकर इस प्रकार अपने राज्य के लिये रहने के लिए आप ही तैयार हो गये।
1	लड्डू	वस्त्र
8	इस दिन देवी सरस्वती, कामदेव और विष्णु की पूजा होती है।	इस दिन देवी सरस्वती और देवी विष्णुदेव विष्णुदेव हैं।
12	कृपया वॉट्सएप का संस्कृत क्या होता है यह मत पूछेंगे ।	कृपया आप संस्कृत नीति के बारे में क्या होता है?
4	पुण्यपुरुष को हम श्रद्धाञ्जलि देते हैं।	पुण्य के लिए हम परम श्रद्धा से श्रद्धा को प्राप्त करते हैं।
4	वह स्पीकर से गाना सुन रहा है।	वह वाटिका से गीत याद करती है।
6	नीरज -वे दोनों क्या कर रहे हैं ?	नीरज - वे दोनों क्या करते हैं ?
7	शास्त्र वेदान्त आदि विषयों में उसने बहुत जाना था ।	शास्त्रों के विकास के विषय में उन्होंने बहुत कुछ विषय दिया था।
3	हजार पैरों वाले अपने तत्त्व से तुलना करें।	हजार भाई का लाभ
31	कोर्ट ने अफसोस व्यक्त किया और कहा कि दोनों दिवसीय मामले की सुनवाई के बाद कई महत्वपूर्ण प्रश्न पैदा हुए लेकिन आधिकारिक तौर पर कोई भी, वह राज्य सरकार, नगर निगम या एचपी आधारभूत संरचना विकास बैंक होगा, उन्होंने उनके प्रश्नों पर उत्तर नहीं दिया।	सुप्रीम कोर्ट ने कहा कि, जून और अन्य संबंध में दो दिन पहले आयोजित किए गए थे, लेकिन उन्होंने कई महत्वपूर्ण विकास के लिए राज्य सरकार के साथ-साथ हिमाचल प्रदेश के कई योजनाओं के साथ-साथ विकास के लिए कोई भी प्रावधान किया है, लेकिन वह हिमाचल प्रदेश के विकास के लिए कोई भी नहीं है।
4	वे दोनों वस्त्रों को रंगते हैं ।	कपड़े धोते हैं।
8	उस वर्ष देहली-विश्विद्यालय के भौतिक विभाग के अध्यक्ष के रूप में उन्होंने भौतिक विषयों का शिक्षण प्रारम्भ कर दिया।	उस वर्ष दिल्ली-नगर के विश्व-सभा के अध्यक्ष एवं कर्मियों के साथ वह भौतिक शिक्षा के विषय में शुरू किया गया।
9	बाज की छाल के चूर्ण से (जल्दी से) बाज की छाल को चूर्ण कर लेना चाहिये । इस चूर्ण को चूर्ण कर देना चाहिये । इस चूर्ण को चूर्ण कर देना चाहिये । इस चूर्ण को चूर्ण कर देना चाहिये । चूर्ण कर देना चाहिये ।	हनुमान जी ने वानरों को मपास्त्र के सभी मोटा बंद कर दिया।
5	उज्जियिनी किस नगर के पश्चिम दिशा में है?	उज्जयिनी के किस नगर में स्थित है?
5	क्योंकि जो मानसिक और बुद्धिकी विक्रियाएँ होती हैं, वे संपत्ति की मूल हैं और मानोरंजन में रुचि होती है।	समानता के बिना, संस्कार के बिना, कर्म के लिए और सेवा के लिए।
7	जगत् में सभी धर्मों कीप्रदायिकता किसी भी रूप में नाम छापने के महत्व का प्रतिपादन करती हैं।	विश्व के सभी धर्मों को भी जानता है कि मैं कभी जाति के नाम के रूप में उपयोग किया जाएगा।
7	पूर्ण वर्ष हजार के अन्त में उन्होंने उसे उसे विधि का रूप धारण किया।	पूर्णता के लिए उन्होंने उस वर्ष उस नाट्यवेद का अर्थ किया।
1	अंडा	टिकट
7	चिकित्सक चिकित्सा करता है रोगी स्वस्थ होता है।	चिकित्सक रोगी को प्रेम से अच्छा लगता है।
19	4 सितंबर को विक्रम-अवतार और ज्ञान-और भँवर निद्रा अवस्था में आ गया। दुनिया भर के वैज्ञानिक इनके उदय का इंतजार कर रहे हैं।	जापान के तीन महीने में, चौबीस तारीख को, यूक्रेनों से, यूक्रेनों से, यूक्रेनों से, यूक्रेन से, और इज़े हुए वैज्ञानिक उन्हें छठी घटनाएँ दी गई हैं।
8	यह महात्मा बलसम्पन्न रावण देवों से पराजित नहीं हो पाता है।	यह महाशय रावण रावण रावण का युद्ध भी नहीं करती है।
1	लूला	बेल
7	ठीक है आओ। कंगन की दुकान चलते हैं।	क्षमा करियेगा। दुकानदार जा रहे हैं।
4	मैं मनुष्यों में सबसे अधिक वर्चस्वी होऊँ।	मनुष्य के लिए मनुष्य के समान है।
1	कष्ट देना	जानने के लिए
6	इस प्रकार प्रार्थना करते हुए धृतराष्ट्र की दृष्टि नष्ट हो गई।	इस प्रकार प्रार्थना के दिन प्रशंसनीय अर्जुन की दृष्टि से नहीं भूल गई।
9	कौए ने कहा ऐसा ही हो। इसके बाद प्रातःकाल वे सब अपने अभीष्ट स्थान को चले गए।	कौआ बोला- अरे! मैं दिन-आप के दिन में हमारे सभी कुछ पहले ही सूर्य के समान ही सूर्य के समान हूँ।
4	तीन लड़कियां जा रही हैं।	तीन कन्या गाने जाती है।
6	सुहासिनी -ऐसा किसने कहा ?	सुहासिनी - ऐसा क्या ?
15	प्रधानमंत्री ने कहा कि विकसित भारत संकल्प यात्रा उन लोगों के प्रति एक सशक्त रूप हैं।	प्रधानमंत्री ने कहा कि विकसित भारत संकल्प यात्रा के लिए लोगों को एकजुट करने के लिए एक महत्वपूर्ण प्रयास है।
5	आज शाम को वह नारियलपाक बनाएगा।	आज शाम को वह नारियलश का निर्माण करेगा।
19	मनुष्य का स्वाभाविक स्वभाव है कि आत्मदर्शन को तृप्त करने के लिए दूसरों का दर्शन ही सबसे अधिक पसंद आता है, जिसे मनुष्य भी पसंद है, उसका परिणाम भी समय के अनुरूप भोगता है।	मनुष्य ने प्रकृति का अध्ययन किया कि अपने आप को और दर्शन के लिए और कष्टों को भी छोड़ना चाहिए, क्योंकि वह भी कष्टों को भी छोड़ दिया गया है।
30	पाणिनि की तिथि लगभग छहवीं सदी ई. पू. और महर्षि गौतम के भी छह सौ वर्ष पहले हैं, महर्षि गौतम बुद्ध से लगभग वर्ष पुराने हैं। वास्तव में महर्षि जैन परंपरा में सबसे प्राचीन तीर्थंकर मानते हैं।	प्रसिद्ध देश के लगभग आठ सौ वर्ष तक महाश्याभक्ति और महाभाष्य महाभारत के महाशर्य महाप्रदायक महाभारत भी प्रसिद्ध हैं, महाभारत के महाभारत के महाशली प्रसिद्ध महाभाष्य महाभाष्य महाभारत के महाभाष्य महाभाष्य महाभारत के समान है।
4	तुम कल कहाँ जाओगे?	तुम कल कहां जाओगे?
5	इसलिए विद्यार्थियों को इस में भाग लेना चाहिए।	इसलिए छात्र इस दीपाम को मार्गदर्शन करना चाहिए।
3	गुणजी भाई बकरी पालक है।	गुणजी भाई भानु के द्वारा हँजायजी है।
12	क्या अलग है कि चुनाव के रूप में दिखने वाले इस आय व्यय में एक दृष्टि दूराई या दीखती है।	क्या नहीं कि चुनाव के रूप में उस चुनाव का नाम आयी है या एक लाख रुपये का चित्र है।
3	आप सब चतुर हैं ।	आप सब लूली हो गए हैं।
29	फिर बड़े-बड़े वीरों से झुककर प्रणाम करते हुए श्रीरामचन्द्रजी से बोले हे वीर ! हे हरीश्वर ! शीघ्र ही तुम लंका में घुसकर ससुग्रीव और लक्ष्मण जी सहित कुशलियों सहित रावण को मार डाल दो।	फिर प्रसन्न होकर सुषेण हनुमान ने हनुमान को राघव से कहा हे राघव ! हे राघव ! हे राघव ! हे राक्षसेश्वर ! हे राक्षसेश्वर ! तुम महापराक्रमी राक्षसों को मैं मार दूंगा। तब रावण ने मुझे मार दिया और लंका से व्याकुल होकर रावण को बाणों से निकाल दिया।
6	आज भोजन उतना अच्छा नहीं था।	आज भोजन तब तक उसे नींद नहीं थी।
3	वे युवतियाँ हैं।	वे युवक हैं।
5	उनका सूत्रवृत्ति पद्मनाभिन द्वारा ही सौपद्मपञ्जिका में लिखी गई।	पद्म महाराज ने ही शंख के संपादक मील को वेद लिखाया।
1	अवर्षण	वर्षा
11	संस्कृत शिक्षकों, छात्रों और शिक्षकों के लिए कई भाषा इंजिन तैयार किए गए हैं।	संस्कृत शिक्षकों को शिक्षा और शिक्षा के माध्यम से प्रेरित बहुशुल्क शिक्षा के विस्तार के लिए कई योजनाएं बढ़ाया गया है।
8	यह काल निमेषको आदि ले युगपर्यंत चक्रकी भांति परिवर्तमान होता हुवा रहता है इससे कोई इसको कालचक्र कहते हैं ॥	इस प्रकार कहकर वह 'मैं इस प्रकार कहकर, प्रलय, अतीत, प्रलय, उत्र, सामेस, सामू, सामूस, साम्रव, अप्क्ष, सामा, यक्ष, सामा, सामु, सामा, यक्ष, अचल, अचल, उदादि, उदादि, सामेक्षत, सामे, सामू, सामू, सामू, साम, साम, अचल, अचल, उत्र, साम, साम, साम, साम, अमा, साम, अमा, साम, अमा, साम, अ
9	जब 10 बजता है तब विद्यालय खुलता है।	जब 10 बजे होता है तब विद्यालय का आधार होता है।
7	ऋषियों के आश्रम में जाकर लोग उपासना करते थे।	ऋषिगण आश्रम जाकर लोग पैदल ही करते थे।
15	और दिव्य शरीर धारण कर साक्षात् ब्रह्मलोक को चले गये। तत्पश्चात् दण्डकारण्य निवासी समस्त मुनिगण श्रीरघुनाथ जी का दर्शन करने के लिए शरभङ्ग मुनि के आश्रम पर आये ॥	उस दिव्य यज्ञ के लिए वह दिव्य रूप में स्थित हुआ और वह समस्त राक्षसों के साथ श्रीरामचन्द्रजी के पास दौड़ा ॥
5	नाटक देखकर प्रेक्षक प्रसन्न होते हैं।	नाटक देखकर दर्शक खुश होते हैं।
11	यह कोहली का 35वां जन्मदिन था और इस प्रेमी जोड़े को प्यारी जोड़ी का अनुभव दिया गया।	कोरोनाट में 35% को एक दिन तक कर्नाटक के लिए पीजीआईडी के लिए दिया गया था।
9	अयोध्या के चौबीस मैक्रोश क्षेत्र में शराब के प्रतिबन्ध की राह साफ है," उन्होंने संतोष का अनुभव किया।	अयोध्या के जलधारन ने बताया कि ओडिशा क्षेत्र में सड़क की टिकइल में बंद हो गई है।
3	कार्तिक मार्गशीर्ष शरद ॥	ऊमहहहहहहहहहहह ॥
26	सिक्किम राज्य में विकृत-रितु के कारण भयंकर बर्फबारी और बर्फबारी से रोके गए लगभग आठ सौ यात्रियों को गीदड़ों और बूढ़ों से, महिलाओं और बच्चों के कारण जो पर्यटक उन्नत स्थानों पर रुका हुआ था, वे सेना की तीनशक्ति प्रभाग के सैनिकों द्वारा आकस्मिक अभियान के लिए आगे बढ़ेक्षित किए गए।	असम के प्रलय-उक्तियों के कारण, ठंडे क्षेत्रों में वर्षा के कारण, ठंडे जलों के कारण, तीन महिलाओं के लिए, तीन महिलाओं के घर, तीन, तीन, तीन बच्चों, तीन, तीन, तीन, तीन बच्चों, तीन, तीन, तीन, तीन बच्चों, तीन, तीन, तीन, महिलाओं, तीन और अन्य लोगों, तीन प्रकार की रक्षा की रक्षा की गई।
14	वह उन स्त्रियों को अपने घर ले गई और तालाब को दिखाकर उसने कहा कि (तुम) इच्छा के अनुसार जल ले जाओ।	वह विद्या और विनय को अपनी ओर ले गया और वहाँ पर लंगड़ा करके बोला कि जलों को जल से पानी लाकर जल पीने लगा।
6	आज हम भारत की स्वाधीनता का उत्सव मना रहे हैं ।	आज हम भारत के सर्वश्रेष्ठ प्रदर्शन का आरम्भ करते हैं।
8	हिमाचल में 68 सदस्यीय विधानसभा है। राज्य में व्यवहार कानून प्रचलन में आ गया है.	हिमाचल प्रदेश के 63 विधानसभा सदस्यीय विधानसभा के जीवन के लिए राज्य में बदलाव की गई है।
7	मन्त्रियों ने हर्षवर्धन और जगत सिंहनगी का स्वागत किया।	मन्त्रेन्द्र ने ईश्वर को प्रणाम किया और कहा और स्वागत किया।
1	शर्ट	कड़
6	रविन्द्र जडेजा अक्षर पटेल दौड़ने की इच्छा से बाधित थे।	रवि बिन ने जययानों और विजयों में रन बनाए।
4	मैं मूंग का हलुआ पकाऊंगी।	मैं मूंगफली का हलुआ पकाऊँगा।
1	गायब	बिना कारण से
9	हरिद्वार''उन्होंने निर्देश दिया कि उन्हें समर्थन पाने का प्रयास करना चाहिए।	हरिद्वार में "आप'इस विषय को बनाने के लिए निर्देश दिया जाना चाहिए।
1	हे द्वारपाल	द्वारपाल
2	स्पर्श करना	प्याज
7	धन से नष्ट हुए व्यक्ति का कुछ भी नष्ट नहीं हुआ किन्तु यदि चरित्र नष्ट हुआ तो वह मरे हुए के समान है।	इस संसार में अतिशय, अचल और अचल, नित्य और अशुभ धन को ही छोड़कर, नित्य और अशुभ रूप से युक्त रहने वाले होते हैं।।
6	उस वर्ष उन्होंने स्वराज नीति की यात्रा शुरू की।	उस वर्ष वह अपनी फिल्म पर अपने विजय प्राप्त किया।
3	कैसे कर रहे हैं ?	कैसे कर रहे हैं ?
9	उन्नत और पुष्ट कन्धोंपर लटकते हुए कुण्डल तथा अलकोंसे जिनकी सदृश (उन्नत) ग्रीवा मनोहर मालूम होती है जो अपने मुखकी शोभासे निर्मल पूर्णचन्द्रविम्ब तथा श्वेत कमलको कान्तिको तिरस्कृत कर रहे हैं हुए सुन्दर पद्मके समान जिनके मनोहर नेत्र हैं; विलासमयी भौंहें हैं, अमल अधर हैं, मधुर मुसकान है, कोमल कपोल, ऊँची नासिका और भालदेशमें लटकी हुई अलकें हैं [ ऐसे आपको मैं कब आनन्दित करूंगा ? ]	जो मुखारविन्दों के समान श्यामवर्ण, सुन्दर, सुन्दर, सुन्दर, सुन्दर, गला, गला, मोढिवर्ण, मुख, मुख, मुख, मुख, मुख, मुख, धनुष, धनुष, धनुष, धनुष, धनुष, धनुष, तरकस, तरकस, तरकस, तरकस, तरकस, चक्र, चक्र, चक्र, चक्र, चक्र, चक्र, चक्र, चक्र, गला, चक्र, चक्र, चक्र, गला, जंगनी, जंगनी, जंगनी, जिनका किये हुए हैं, जिनका मन्दिन्द, जिनका मन्द
8	स्त्रियों और बच्चों के सुरक्षा के लिए कई प्रावधान किए गए हैं।	स्त्रियों और बच्चों के सुरक्षा के लिए कई सूचनाएं प्रदान की गई हैं।
11	सामाजिकन्याय का विश्व दिवस महत्त्वपूर्ण है क्योंकि यह सबके लिए सामाजिक न्याय का महत्व प्रकाशना करता है।	सामाजिक विश्व दिवस का आयोजन है क्योंकि यह दिवस सभी अर्थव्यवस्था सामाजिक जिम्मेदारीओं को मजबूत करता है।
3	निर्देश के अनुसार परिवर्तन करो	खोजने के लिये कठिन काम करो।
8	प्रकृति में स्थित पुरुष प्रकृति से उत्पन्न गुणों को भोगता है। इन गुणों का संग ही इस पुरुष (जीव) के शुभ और अशुभ योनियों में जन्म लेने का कारण है।।	हे कौन्तेय ! प्रकृति, इन्द्रिय, इन्द्रिय, क्षमा और आसक्ति और अहंकार से रहित है; परन्तु इन तीनों गुणों से रहित और गुणों से रहित है।।
3	हाथ से ही धोता हूँ ।	हाथ में ही धोता हूँ।
8	मैं पहले समझता था कि मैं ही शक्तिशाली हूँ।	मैं पहले मन में कहा कि मैं ही हूँ।
4	रामजीवन पोते को खेत ले जाता है।	राम जीवन से खेत को लाता है।
7	उन्होंने इस मौके पर सभी नागरिकों को आजादी और अन्य शुभकामनाएं भी दीं।	इस अवसर पर सभी नागरिकों ने प्रगति के लिए भी आग्रह किये।
4	मेरे घर में शान्ति चाहती हूँ।	मेरे घर में शान्ति चाहता हूँ।
3	कौन पढ़ाती है ?	कौन पढ़ाती है ?
4	इसलिए वह बहुत बड़बड़ाया ।	इसलिये उसने बहुत हँसाया।
9	प्रसारित तस्वीरों से पता चलता है कि चक्रवात के कारण भारी वाहन भी घरों के ऊपर गिर गए	भूकंप के कारण, भूस्खलन के कारण भी मौत के कारण भी कूदते हैं।
3	आप जल्दी से आईये।	आप जल्दी आओ।
27	नियुक्ति की प्रतीक्षा कर रहे आईपीएस अधिकारी Sa ⁇  हिरेमथ एसएडीपीओ बड़सर, हमीरपुर, तिरूमालाराजू एसडी वर्मा एसडी रामपुर, शिवानी मेहता अतिरिक्तलिसाधीक्षक, चम्बा और अदिति सिंह एसडीपीओ पांता साहब नियुक्त हैं।	एटीआईआईआई के अनुसार, आईपीएस अधिकारी, एसजीडीजी बेंडौली, एसडीजी, एसडीजी, एसडीजी, एसएमसी, एसडी, एसएमसी, एसएमसी, एसपीएमसी, एसपीएमसी, एसपीएमसी, एसपीएमसी, एसपीएमसी, एसपी, सीडी, सीडी, सीडी, सीडी, सीडी, सीडी, सीडी, सीडी, सीडी, सीडी, सीडी, सीडी, सीडी, सीडी, सीडी, सीडी, सी.एसगढ़, सी.एस, राम
8	भारत नेज़ल एंटीवायरल दवा वितरित करने वाला पहला देश है।	भारत के बेंडेन में एक व्यापक रिपोर्ट के लिए एक सौ मेजिकल ईंधन का उपयोग किया जा रहा है।
6	सुधा - हाँ मैं अशुद्ध बोली ।	सुधा -हाँ मैं जानती हूँ।
12	जैसे लौकिक वेदिकों में धर्म के नियम हैं, वैसे ही संसार में अर्थप्रयुक्त शब्द के प्रयोग में व्याकरण शास्त्र के द्वारा धर्म का नियम किया जाता है।	जैसे लौकिक शब्दों में धर्म के दो प्रकार के हैं, धर्मशास्त्रशास्त्रशास्त्र के प्रयोग से अपशब्दों का प्रयोग किया जाता है।
1	आंगन	टिकट
15	उपाध्यक्ष जगदीप-धनखड़े के एक सामाजिक-इंटरनेट-सन्देश-माध्यम से यह घोषणा की गई थी कि प्रधानमंत्री ने टेलीफोन-माध्यम से सांसदों के अभद्र व्यवहार पर दुःख व्यक्त किया।	उपराष्ट्रपति जगदीप धनखड़ ने एक संवाद-आनि-बिल पेश किया कि प्रधानमंत्री ने सोशल मीडिया पर-विदेश-विदेश के माध्यम से प्रधानमंत्री के रूप में बात की।
2	वह कौन है?	वह क्या है?
4	दोनों पुत्र धन भेजते हैं।	दोनों बेटे घर से भेजते हैं।
8	कभी भी भारत की संस्कृति का नाश नहीं होगा।	कभी भी भारत संस्कृत नहीं होगा।
6	वे सब खेलने के लिए मैदान में गए ।	वे सभी खेलालयों को लेकर पहाड़ा ओर गए।
14	जैसे अनेक लता, वृक्ष, घास, औषधि आदि से भरे हुए, पशुपक्षी पूर्ण, भयङ्करवन में हाथी इत्यादि बलवान् पशु विचरण करते हैं, किंतु शेर फिर भी स्वतः सिद्ध सम्राट होता है ।	जो कोई भी है, जो इस तरह के वन में बहुत अधिक है, वह हाथी के शिखर पर चढ़ता है, वह हाथी के समान है, वह कुत्ता भी सुशोभित है।
10	हे प्रभो! देवों ने कहा कि उसका विनाशकाल आज है।	हे प्रभो! जो देवों के द्वारा जो भी किया गया है वह आज छुट्टी है।
3	वस्त्र निर्माण किससे होता है?	किन सब वस्त्रों से निर्मित होता है?
6	ब्रह्मपुत्र नदी असम राज्य की जीवनरेखा है, या भाग्यरेखा ही।	ब्रह्मपुत्र का पुत्र है, जीवन का जीवन या जीवन का ही है।
4	तुम्हारे दोनों कान पकड़ो।	तुम्हारे दोनों कान पसन्द हैं।
15	युधिष्ठिर ने कहा कि मैं''कङ्क''इस नाम को लेकर ब्राह्मणवेष के साथ राजा विराट के प्रासाद में आऊँगा।	विश्व में कहा कि मैं''सूर्य में''नाम के नाम से राजा नाम से राजा के पास गया हूँ।
7	माता – पिता के पैर छुए ?	माता – पिताजी ने कानों को छुड़ाया क्या ?
1	अस्सी हजार	जो कोई भी हो सकता है, वह नष्ट हो जाता है।
2	वह बन्दर है।	वह बन्दर है।
9	नौ सौ वर्ष पहले लिखी यह पुस्तक काश्मीर का इतिहास बताती है।	नौ सौ वर्ष पहले लिखे यह पुस्तक का प्रयोग करता है।
1	आरामदायक	उत्पन्न करते हैं
10	किसी आदरणीय व्यक्ति के प्रति शून्य हृदय शकुन्तला ने अपराध कर दिया। (सामने देखकर) और किसी साधारण व्यक्ति के प्रति नहीं।	कोई भी मालिक है, नहीं तो मेरे पास रहकर भी सुन्दर नहीं है।
6	उसके बारे में मैं कुछ नहीं बोलूँगा।	उस समय मैं कुछ भी नहीं बोलता हूँ।
3	वृक्ष से अनेक पत्ते गिरते हैं।	दो फलों पर गिरते हैं।
9	श्रीराम के द्वारा क्षिप्ता वह शक्ति रावण के उस शूल में प्राप्त हुई।	श्रीराम जी ने जल्दी से रावण को मार दिया।
11	पर्यावरण और पर्यावरण के परिवर्तन के क्षेत्र में शोध विकास परियोजनाओं के लिए विभिन्न संस्थानों को धन दिया गया है।	पर्यावरण संरक्षण और पर्यावरण मंत्रालय द्वारा पर्यावरण मंत्रालय के क्षेत्र में आधारभूत संरचना का प्रावधान किया गया है।
5	संस्कृत में ही अर्जुन को उपदेश दिया।	संस्कृत में ही पाँचवें माध्यम से बात की गई।
1	अध्ययन	पढ़ाने के लिए
5	शायद चालक का अभ्यास होगा ।	कभी मोबाइल के लिये दो अभ्यास किया जा रहा है।
10	जब वह यहाँ आया तब कुछ दिनों में प्राकृतिक आपदा थी।	जब वह यहाँ आया तब कुछ दिनों में कुछ दिनों पर आना था।
7	यह वन्य जीव वैज्ञानिक डू का विषय हैयीशु का भी मतलब है.	यह विषय वन के वन स्तर के संवर्धन के लिए भी प्रस्तुत की जाती है।
21	उपवेश के अवसर पर दोनों नेता आर्थिक सहयोग, ऊर्जा की खरीद में, सैन्य तकनीकी-उन्होंने सहयोग के विषय में लोगों की आना-जाना आदि प्रगति पर अगले चार वर्षों के लिए एक संधि पत्र पर हस्ताक्षर किए।	उपबार दोनों देशों के साथ वार्तालाप किया गया, पर्यावरण-अपरापरिक समस्याओं के माध्यम से जन-जन-जन-जन-पत्रों के बारे में-पत्रों के बारे में-पत्रों के साथ-पत्रों पर हस्ताक्षर किया गया।
16	यह उत्तराधिकारी भाजपा के प्रदेश अध्यक्ष डॉ. राजीवबिन्दुल हैं, मुख्य वक्ता रणधीर शर्मा और पार्टी के प्रत्याशी हर्षाग्नि ने अलग-अलग रूप में प्रदान किया।	यह खबर भाजपा के प्रदेश के अध्यक्ष डॉ. राजीवखेड़, मुख्य वक्ता डॉ. राजीव शर्मा, डॉ. राजीव शर्मा ने क्षेत्र के अलग-अलग रूप से अलग-अलग रूप से अलग-अलग रूप से अलग-अलग रूप में दिया।
9	केंद्रीय मंत्री द्वारा प्रभावित लोगों को कल्याण और सुरक्षा के लिए प्रार्थना की गई है।	केंद्रीय मंत्री विभिन्न लोगों ने विभिन्न लोगों और लोगों को शुभकामनाएं दीं।
8	इस प्रकार से उदर रोगी का विरेचन द्वारा शोवन होने पर जागल मास रस के साथ अन्न देना चाहिये । इसके आगे शेप दोष की शान्ति के लिये योगों को कहते है ॥	इस प्रकार एक ही सम्राथ, शतक, शेशद, सामु, साम्रार्ङ्गरव और अन्य उपाधि आदि से युक्त होकर योग, निरल्पी हो जाते हैं।
3	होली जल गई।	होली में आग लग गई।
11	इस दुर्घटना में 29 श्रमिक मारे गए हैं, जिन्हें चिकित्सा विभिन्न चिकित्सालयों में की जाती है।	इस दुर्घटना में 29 से ज्यादा हैं, जो रोगी घायल हुए हैं, इससे अस्पताल में अस्पताल में भाग लिया जाता है।
1	अनेक राम	अनेक राम के लिए
9	केवल पुस्तकें ही नहीं अपितु पेन , कॉपी भी दूँगा।	केवल पुस्तकें नहीं लिखे। लिखे हुए पुस्तक भी लिखूँगा।
15	वैद्यों को सख्त सचेतक दिया गया था कि ऐसी परीक्षा करने के खिलाफ अभियोजन होगा।	वैद्यों ने कहा कि ऐसीकरण की प्रक्रियाओं को मजबूत करने के लिए रिपोर्ट और शांति की खोज होगी।
27	जब अहंभाव टूटता है, और सेवा भाव विकसित होता है, तब अवसाद आदि की तादात्म्य समाप्त होती है, कुण्ठाबोध भी समाप्त हो जाता है, तब जीवनदायक-मूल्यों का प्रतिष्ठन होता है, इस प्रकार जीवन में''सत्य, शिव और सुन्दर'इस भाव का उदय होता है।	जब मैं इनकी आज्ञा के लिए, प्रसंग की सेवा के लिए, सेवा के लिए, सेवा के लिए, सेवा के लिए, गौरुंगी, त्याग आदि से, त्यागियों के लिए, त्याग आदि से, गौर्यों के लिए, त्यागियों के लिए, त्यागियों के लिए, त्यागियों के लिए, 'विमुखता, शिव, शिव, शिव, शिव, शिव, शिव, शिव, शिव, शिव, शिव, शिव, शिव, शिव, शिव, शिव, शिव, शिव, शिव, शिव,' इत्यादि का जीवन का जीवन का जीवन का प्रयोग किया जाता है।
1	सब जानते हुए भी	सभी ओर से
1	लुटेरा	मूँघना
5	जिनके मध्य विश्वास है, उनके साथ ही मित्रता होती है।	धर्म ही संसार में रहने वाला है, जो सबसे प्रथम समय है, वह सबसे अधिक श्रेष्ठ है।
1	शरीर में शत्रु	शरीर की एक भूमि पर
4	मनु जी ने सभी को धर्म का उपदेश किया।	मन में सभी धर्मों को मोह में लगा।
26	राम के वचन को सुनकर राजा दशरथ ने ऐसा ही कहकर लक्ष्मण को पुनः वचन दिया हे धर्म ज्ञाता! राम में प्रसन्न हो जाओ, तुम धर्म, विशाल यश, स्वर्ग और उत्तम और महिमा प्राप्त करोगे।	राम ने कहा हे राजा ! उस समय कहकर राजा ने फिर से कहा हे राम ! तुम दोनों को आप प्राप्त करें, फिर तुम परम धर्म को प्राप्त करें, तुम दोनों को आप परम धर्म से ले आओ, तुम परम धर्म को प्राप्त करें।
5	संस्कृत कार्यकर्ता भी उत्साह से कार्यरत हैं।	संस्कृत के लिये भी आयोजन किये जाते हैं।
3	क्या वह खेल रहा है?	क्या वह खेलता है?
3	तुम नीचे जाओ।	तुम सब लताओं को जाते हो।
7	मेरे पढ़ने योग्य यह पुस्तक ।	मेरे द्वारा यह पुस्तक पढ़ी जा सकती है।
6	रास्ते की संचय-दल में चवालीसत्तर और वायु के योद्धार भागों को जीत लिया जाता है।	मार्ग-मध्य-पांचह मार्ग और चार सौ विमानों के बीच हवाई अड्डे पर भाग लेने के लिए भाग लिया जाता है।
6	यह पहली बार है जब इतने भारी उपग्रह लॉन्च किए गए हैं।	यह एक बार है जो इस तरह के लिए पहली बार ही मृत्युएं हुई हैं।
3	यह विद्वानो का वचन हैं।	यह समासन करने के लिए कुशल है।
6	इस प्रकार उनके दसों वर्ष बीते।	इस प्रकार उनके पाँच हजार वर्ष पहले मन्त्रों से बढ़ गए।
1	समस्त विद्याओं का	सभी मनुष्यों के
6	बहरा कौन है? जो कल्याणकारी बातें नहीं सुनता हैं।	कौन बालक कहाँ से कोई नहीं सुनता है?
3	पाप कर्मों से नरक को प्राप्त करता है।	उठो, जाईये।
20	वह यह समझता है कि आपकी मदद से वह विजयी होगा, परन्तु सकृष्ण अर्जुन से यहाँ कोई जीत नहीं हो सकती।	उन्होंने यह भी कहा कि तुम्हारा आदेश लेता है, परन्तु वह शीघ्र ही विजय प्राप्त कर रही है, परन्तु यहाँ संसार में संसार का समय नहीं लग रहा है।
1	कहाँ	कहाँ
7	विविध विद्यालयों के छात्र भी वहाँ बैठे थे।	विविध विद्यालयों में भी वहाँ थे।
10	अब राज्य सरकार ने मनरेगा के श्रमिकों और परिवारों का, लोगों का एक प्रतिशत से अधिक चयन किया है, सड़कों केक्रेताओं का, एकलम्पटों का भी चयन किया है।	अब राज्य सरकार ने मन में कर्मचारियों के लिए लाखों अधिक से अधिक लोगों,5 लाख रुपये,5 लाखों और अन्य लोगों को भी निलंबित किया है।
13	इस अवसर पर कार्यक्रमाध्यक्ष मालविका पठानिया ने कहा कि ⁇ eneralजोरावर सिंह हिमाचल प्रदेश के निवासी थे, उन्होंने दूरदराज मंदिर क्षेत्र में अपना प्रभाव स्थापित कर दिया।	इस अवसर पर मालवीय गर्ग गाय ने मालिक गायों को संबोधित किया कि हिमाचल प्रदेश के लोग हिमाचल प्रदेश के मतलललललपुर के मतलल में, छत्तीसगढ़ के मतलप में अपना निर्माण था।
3	वह मिसाइल मैन थे ।	वह टैकरी से यद्लोक में थी।
8	यह ऊर्जा सम्मेलन भारत के एक ही तरह का सब जगह है-ऊर्जा प्रदर्शनी एक महान सम्मेलन है।	यह चिकित्सा सम्मेलन एक ही भारत के सभी स्तरों में आयोजित किया गया है-यह गौरव के साथ है।
16	विपक्षी नेता राममन्दिर के उद्घाटन के लिए निमंत्रण प्राप्त नहीं हुआ, उन्होंने कहा कि सभी लोगों के लिए आमंत्रण पत्र भेजे गए हैं।	राम मंदिर के उद्घाटन के लिए अखिलेश ने कहा कि कांग्रेस के नेतृत्व में सभी लोगों को मत पत्र देने के लिए सभी लोगों को शुभकामनाएं दीं।
6	बचपन से ही वो स्वतंत्रता आंदोलन में हिस्सा लेते थे।	बाल बच्चों के द्वारा वह अपने आपल्स्क अभियान में भाग ले रहे थे।
6	पूरे संसार में लोग पर्यावरण दिवस उत्सव का आयोजन कर रहे हैं।	विश्व में अनेक लोग पर्यावरण दिवस-दिवस-समय पर हैं।
1	पहरेदार	यज्ञ
10	यदि आप धन दिलाते तो सुरेश विषय नहीं बताता ।	यदि आप धन कमाते तो वह हरिमान नहीं पाएँगे।
1	हो सके।	बिना कारण
3	वह वृद्ध है ।	वह वृद्ध है।
10	यह स्वच्छता अभियान भगवान श्रीराम के अयोध्या में प्राणों की उन्नति का एक शुभावसर होगा	यह गाला मंदिर भगवान श्रीराम के प्राणों के प्राणों के साथ अयोध्या में प्राणों का प्रदर्शन करेंगे।
9	उन्हें परसंस्कृति बहुत पसंद है, न स्वसंस्कृति ।	कारण उन लोगों को उनके साथ अधिक से अधिक पसंद नहीं है, वैसे ही अपने संस्कृति का प्रदर्शन करना चाहिये।
9	इन पांच तत्वों की अनुपात से मानव शरीर का स्वास्थ्य निर्भर करता है।	इन पाँचों के द्वारा ज्ञान का ज्ञान नष्ट हो जाता है, मनुष्य के लिए अपने मन का कल्याण होता है।
11	प्राणों कीप्रतिष्ठा के दिन भी तेजप्रताप ने फेसबुक में स्थापित किया था कि राम सबके मन में हैं।	प्राणों के दिन भी दिन-समय पर भी संस्कृत का अभ्यास किया गया था कि राम सभी जगह से राममय है।
6	खेत में पानी, भूमि और ऊर्वर की आवश्यकता होती है।	खेतों में जलों का विनाश होता है।
3	विविध व्यंजन मिलते हैं।	विविध लताओं को लताओं से भरते हैं।
1	बहुत जगह	प्रिय
1	समाजवाद	समाज
8	वह बोली – पुत्र ! पानी ठंडा है।	वह बोला – मैं देश का जल ठंडा है।
11	धर्म का जो महान् तत्त्व है, वह इनके जीवन में देखा जाता है और जीवन्ततारूपी हवाओं का सङ्गीत यहां पगपग पर गूंज रहा है।	धर्म के जानने से मनुष्य धर्म के द्वारा ही मनुष्य अपने जीवन के अनुसार ही प्रसिद्ध है। शास्त्रों का सम्मान करने के लिए, सत्संग के द्वारा ही शोभायमान है। ये सभी प्रकार के धर्म के द्वारा ही हैं।
9	वहां तुम्हारा निवास निर्दोष है, वहाँ किसी का बाध नहीं है।	वहाँ तुम्हारा हृदय कहाँ है, वहाँ कभी भी नहीं है।
6	A. ⁇ . बस मुझे आरक्षण नहीं मिला ।	मैंनेपाल डिवीजन के खिलाफ नहीं पहुँचा।
3	ये दरवाजे हैं	ये वाहन हैं।
7	हमारे गाँव आना, मैं तम्‍हें झरना दिखाऊँगी	मेरा गाँव आ गया, मैं चूहे को मार रहा हूँ।
8	उस वर्ष देहली-विश्विद्यालय के भौतिक विभाग के अध्यक्ष के रूप में उन्होंने भौतिक विषयों का शिक्षण प्रारम्भ कर दिया।	उस वर्ष दिल्ली-नगर के विश्व-सभा के अध्यक्ष एवं कर्मियों के साथ वह भौतिक शिक्षा के विषय में शुरू किया गया।
5	पूर्णिमा का चाँद चमकदार होता है ।	पूर्णिमा का आकाश कांटे काला होता है।
8	दोनों सखियाँ पिता जी, शकुन्तला के नहीं रहने पर सूने तपोवन में कैसे प्रवेश करें ।	दोनों माताओं के समान सुन्दर और पिता के लिए राजा कैसे जाने के कारण आश्रम में प्रवेश करते हैं।
1	सूखे पत्तों की आवाज	पार्वती
9	इसके लिए एक सौ पचास रुपये काले रंग की चप्पल का मूल्य कम है।	इस लिए 15 लाख रुपये का खर्च बिलासपुर में कम हो गया है।
8	मंगलवार को मुख्यमंत्री अखिलेश जी पाठक के बारे में नाराज हुए।	मंगलवार को मुख्यमंत्री सुखविंदर सिंह सुक्खू ने कुछ मुद्दा के बारे में खेल पाई।
3	कन्याओं को भेंट देते हैं।	कन्याओं को सादर से हँघता है।
10	समस्त योगियों में जो भी श्रद्धावान् योगी मुझ में युक्त हुये अन्तरात्मा से (अर्थात् एकत्व भाव से मुझे भजता है, वह मुझे युक्ततम (सर्वश्रेष्ठ) मान्य है।।	जो पुरुष सर्वज्ञ, सर्वज्ञ, सर्वज्ञ, अव्यय, समदर्शी, अचल, अचल, अचल, अचल, अचल, अचल, अचल, दिव्य, अचल, दिव्य, अचल, दिव्य, अच्युत, अचल, अच्युत, अच्युत, अच्युत, अच्युत, अच्युत, अमा, अच्युत, अच्युत, अमा, अच्युत, आदि, अच्युत, अच्युत, अच्युत, अच्युत, आदि, अच्युत, आदि, अच्युत, आदि
1	देखा।	देखा
11	पञ्च-पत्रिका के संपादक डाॅहयात सिंह अल्मोडा ने कहा कि बड़थ्वाल उत्तराखंड का गौरव है।	असम- कार्रंगा-श्री रेगीर सिंह ने कहा कि चंद्रकांत केलला में एक कुम्माल है।
10	इस बारे में सुलह के विधायक विपिन सिंह परमार ने प्रश्न किया।	इस विषय पर पहला पहली बार, सुषेण विधानसभा के अध्यक्ष एवं अन्य उत्तरदायियों ने भी प्रश्न किया।
5	इस वृ्त को किसालिये काटता है ?	ये भूख कैसे खाईये ?
9	हे पुत्र सुति! स्वप्न के लोक में प्रस्थान करने के लिए चल पड़ो। तालाब में, तुम गीता को सुती के लिए गाता हूँ।	विजयाजी भाई को अच्छी तरह से समझाने के लिए जा रही है।
18	भारत में रहने वाला दस वर्ष की आयु का हर व्यक्ति इस योजना में भाग ले सकता है। वित्तीय खाते में जीरो बैलेंस की सुविधा भी होती है. यह प्रतिभागियों को दुर्घटना सुरक्षा भी प्रदान करता है।	भारत में निबेता है कि दस लोगों को इस राष्ट्र के निर्माण के लिए सभी योजनाएं लाने के लिए जा रही हैं। इस उद्देश्य के लिए सभी बेंगलियों को भी शामिल हैं।
7	इस समय मकरसंक्रांति पर्व जनवरी को मनाया जाता है।	इस समय मकरसंक्रांति के दिन जनवरी में मनाया जाता है।
31	जिलाधिकारी मंडी अरिंदम चतुर्थी मंडी जिले के कुछ समतल क्षेत्रों में घनी सुबह-नीहार के कारण बालकों की स्वास्थ्य की सुरक्षा पर ध्यान देकर बल, पानी, उतने ही शिक्षाखंड के सभी निजी और सर्कारिक स्कूलों की समयसूची बदल दी। जिसके तहत इन शिक्षाखंडों के सभी निजी हैं-	जिला परियोजना अधिकारी शिमला जिले के कुछ जिलों में कुछ-धीरे शिमला जिले के सभी क्षेत्रों में-राजांगों की स्थापना-खेल-खेल-खेल-खेल के कारण सभी स्कूलों में शिक्षकों ने सभी स्कूलों में शिक्षा की संख्या, जिसमें सभी स्कूलों में शिक्षा की संख्या की संख्या देखी, जिसमें सभी को सभी की देखी गई हैं।
4	मुझे प्रातः घुमना अच्छा लगता है |	मैं सुबह घूमना खाता है।
5	अब उसने ईश उपासना छोड़ दी है	अब वह ईर्ष्या बहुत समय से बड़ा हुआ।
7	पांडव लोमाश ऋषि के साथ तीर्थों के दर्शन के लिए चल पड़े।	तिरूल्या के साथ पूरे सभी देवताओं के साथ अयोध्या के राजायों को देखने के लिए समर्थ हुए।
4	पक्षिओं का ध्वनि मधुर हैं।	सूर्य के चारों ओर मीठे सुन्दर है।
4	वह वहाँ कल जाएगा।	वह वहाँ जाएगा।
32	यदि मनुष्य में लोभ है तो उसे किसी अन्य बुराई की आवश्यकता नहीं। यदि व्यक्ति चुगलखोर है तो इससे बढ़कर और क्या पाप हो सकता है? यदि उसके जीवन में सत्यवादिता, सत्याचरण आदि गुण है तो उसे तप करने की क्या आवश्यकता है? यदि मनुष्य का मन पवित्र है तो विभिन्न तीर्थों पर जाकर वहां स्नान करने से क्या लाभ? यदि मनुष्य में प्रेम है तो उसे अन्य गुणों की क्या आवश्यकता है? यदि संसार में उसका यश फैल रहा है तो उसे अन्य किसी आभूषण की क्या आवश्यकता है? अर्थात उसे अपने शरीर को सजाने के लिए आभूषण की आवश्यकता नहीं है, यदि उसके पास उत्तम	यदि मनुष्य के गुण और विषों के भेद के लिए अथवा प्रेम के लिए अथवा पुण्य के लिए अथवा काम में अथवा पुण्य के लिए अथवा काम में अथवा पुण्य के लिये अथवा पुण्य अथवा काम में अथवा पुण्य अथवा काम में अथवा पुण्य अथवा काम में अथवा पुण्य अथवा सुख अथवा काम में अथवा सुख अथवा सुख अथवा सुख अथवा सुख अथवा सुख अथवा काम में अथवा सुख अथवा सुख अथवा सुख अथवा सुख अथवा सुख अथवा सुख अथवा सुख अथवा सुख अथवा सुख अथवा सुख अथवा सुख अथवा सुख अथवा सुख अथवा सुख अथवा सुख अथवा सुख अथवा सुख इन सबका कारण है तो आप कौन है?
1	एक उपलब्ध हो जाता है	जानने के लिए
17	आयोग के प्रवर्तमान अध्यक्ष अरुणहलधर परसों नई दिल्ली में अपने भाषण में कहा कि राज्य में अट्ठाईस से तीन सौ अनुच्छेदों के तहत राष्ट्रपति को नियुक्त किया जाना चाहिए।	आयोग ने सम्मेलन में भाग लिया कि बीएसआईएस के माध्यम से देश के विभिन्न नागरिकों को इस प्रकार से न्याय मंत्रालय ने इस मुद्दे पर दो लाख रुपये का दान करने का निर्देश लिया है।
7	हिन्दी कवि मुंशी प्रेमचन्द ने साहित्य को "जीवन की आलोचना" कहा है।	हिन्दी में सम्रादी जी स्वामी जी ने कहा कि "श्री कालिदास का जीवन मानव जीवन है"
6	भारत का यह तत्वपूर्ण नाम है।	भारत का यह नाम नाम है।
4	हाथों, और पावोंमें चंद्रमंडलके समान गोल छेद करे तथा गुदा और लिंगमें शस्त्र लगाने की आवश्यकता हो तो बुद्धिमान् वैद्य अर्द्धचंद्राकृति छेद करे ।।	ऊनहनी सागर में जोतने वाले हैं, उन दोनों कागिंग है।
18	एक समाजिक इंटरनेट-प्रधानमंत्री ने संदेश में कहा कि विजयकांत तमिल फिल्म जगत के अग्रगण्य थे और उनके आकर्षक अभिनय से लक्षस लोगों के हृदय में बिठा गया है।	एक सामाजिक अंत में समाज के प्रधान मंत्री ने कहा कि भारत के नेता प्राचीनतमतमतमतमतम वर्ष में थे, उनके लोगों ने उन्हें बधाई दी था।
6	अहिंसक आंदोलन तो लोगों को मार रहा था।	वार्तालाप के साथ तो बहुत से लोग सोते थे।
16	डॉ. रजनी वीजी, सचिव, डॉ. गोविन्द सरकार, महोदया, संगठन द्वारा कही गयी सूचना पर गौर किया गया सार है.	मुख्य सूचनाकारनीय वक्ता डॉ. वी.के. ने किया, गजेन्द्र सिंह, डॉ. अमन, डॉ. अमन कुमार, डॉ. मनोज कुमार, डॉ. मनोज कुमार, डॉ. मनोज कुमार, सचिव और अन्य सदस्य हैं।
1	मतैक्य	सभी प्राणियों के साथ
15	अजय जब लगातार फिल्म की शूटिंग करता है तब इस वर्ष उनके वीडियो भी लगातार प्रदर्शित होंगे।	बाज जब फिल्म लगातार प्रदर्शित करती है तब इस वर्ष प्रदर्शित की जाती है।
3	वृक्ष से फल गिरते हैं।	वृक्ष गिरते हैं।
5	प्रात: वेला का तुम सदुपयोग कर रहे हो।	विराम के सदन का पालन करूँगा।
10	डॉ. मेघनाद के कथन से दौलतसिंह जी अर्नेस्ट रदरफोर्ड महोदय के पास गए थे।	डॉ. मेघ सिंह ने कहा कि दौलतसिंह के पास संपादक कारिका चित्रकला के पास आया था।
13	डेविड – हाँ, क्यों नहीं, ध्वज के ऊपर स्थित केसरी रंग त्याग व उत्साह का सूचक है।	दुकानपाल – हाँ! क्यों नहीं, कैसे नहीं, कैसे-अलग-अलग-अलग-अलग-मीभंगा और महत्वपूर्ण-अध्य के तत्वाधान में यह आयोजन हुआ।
6	उनके पास में ध्रुव तारा है ।	उसके पास विघ्न है।
1	मटर	टिकट
15	आगामि समय में उत्तराखंड के साथ हिमाचल प्रदेश में नलिका- प्राकृतिक हवाओं अर्थात पाइपड नेचुरल गैस की सुविधा प्रदान करने के लिए रास्ता प्रशस्त है।	आने वाले हिमाचल प्रदेश के विभिन्न जिलों में हिमाचल प्रदेश के तट पर ऐसी-बाला-पांच-न-न्यूज के लिए भी सड़क की सुविधा है।
6	इस योजना का तीसरा चरण भी आएगा।	इस योजना का तीसरा बार आएगा।
10	इसके बाद उस धन के साथ दो हजार से अधिक छह हजार काम शुरू हुए।	और भी पांच हजार से अधिक-दो हजार वर्ष तक ही विशेष रूप से कार्य किया गया था।
11	विश्व की उत्पत्ति, स्थिति और प्रलय आदि के कारण माया के आश्रित होकर भी मायायीत, अचिन्त्यमूर्ति, आनन्दघन, उपाधिकृत दोषों से रहित, स्वयं प्रकाश स्वरूप, तत्त्वविद्, श्रीसीतापति रामचन्द्र जी को मैं नमस्कार करता हूँ॥	हे रघुश्रेष्ठ ! आप मेरी उत्पत्तिओं में स्थित हैं। श्री रामजी और लक्ष्मण के साथ श्री रामजी के रूप में अवतार लेकर श्रीहरिजी के रूप में श्रीहरिजी के रूप में प्रणाम करता हूँ। तत्पश्चात् श्री रामजी के रूप में प्रणाम करता हूँ। तत्पश्चात् श्री रामजी के रूप में श्री रामजी के रूप में प्रणाम करता हूँ। इस प्रकार श्री रामजी के रूप में श्रीहरिजी रूप में प्रणाम करता हूँ। इस प्रकार श्री रामजी के रूप में श्री रामजी के रूप में प्रणाम करता हूँ। इस प्रकार श्री रामजी के रूप में श्री रामजी के भक्त श्रीहरिजी के
4	नौकर गाँव से आता है।	वैद्य शहर से आता है।
15	इस तरह से लोग अब विभिन्न दृष्टिकोणों, समय घटनाओं और उनके कार्यक्रमों के विचारों को सुनने में समर्थ हैं।	इस प्रकार लोग अब लोग अब विभिन्न प्रकार के संग्रह के लिए किए गए हैं, उनके लिए उनका विचार किया जा रहा है।
4	गैस चूल्हा उसे पसन्द नहीं है।	वायुयान उसकी मिठाई नहीं रखता है।
11	जो दोष वर्षा हेमंत और ग्रीष्ममें संचय होतेहैं तथा जो शरद् और वसंत और प्राइम कोप करें (मनुष्यों को) उनकी शांतिका यत्न करना चाहिये ॥	इनमें से कम तापमान में रहने वाले चारों में भी शीत और प्रगाचन करने वाले होते हैं। ये इन दोनों उपकरण, पत्थर, रस, अग्नि, अग्नि, नक्षत्र, अग्नि, नक्षत्र आदि से उत्पन्न होते हैं।
6	आठ मिनट की निरीक्षण उड़ान के बाद, विमान सुरक्षित रूप से नीचे उतर गया।	90वें दिन के बाद, अफगानिस्तान ने सुरक्षा अभियान के बाद एक कठिनता का आदेश दिया।
14	लोकसाक्षी पावक ने वहाँ से राम को वैदेही देकर कहा हे राम ! ये मैथिली ले जाओ।	यह कहकर वह गीला हुई उस महाज्ञ ने राम को मारने के लिए कहा हे राम ! यह राम के पास आया है।
8	निकोलस – ये राज्य ‘सात बहनें’ इस नाम से किस प्रकार कहे जाते हैं?	पुल के नीचे से – सात000000000000 से अधिक होते हैं?
6	तुम मेरी बात नहीं सुनती हो।	तुम मेरी बात नहीं सुन रहे हो।
5	जल्दी से वो पलँग के नीचे चली गई।	जल्दी से वह शत्रुओं को दूर कर दिया।
3	प्रबंधक को फोन किया।	पहुंचे हुए द्वारका का फोन हुआ।
4	हिमसंस्कृतवार्ता - कार्यालय का प्रतिनिधि।	हिमसंस्कृतवार्ता - कार्यालय का प्रतिनिधि ।
17	हमारे राज्य का गढ़वाली और कुमौनी भाषा आठवें अनुसूचि में समाविष्ट हो, परन्तु हमारे आने वाले संतजन अपनी मातृभाषा में बात करें।	हमारे राज्य के राधा और मातृभाषा के आठ सौ से अधिक, पांच सौ से अधिक लोग, कुछ प्रकार के लिए अपने भाषण में बात करके अपने विचार के लिए बात करें।
10	सुतीक्ष्ण बोले हे अनन्तगुण अप्रमेय सीतापते ! में आपके ही नाम का मन्त्र जप करता हूँ। हे अभिराम राम! श्रीशिवजी और ब्रह्माजी आपके चरणाश्रित हैं, आपके पादपद्म संसार सागर को पार करने के लिए जहाज रूप हैं। हे नाथ! मैं सतत् आपका दासानुदास हूँ ॥	हे राम ! आपके चरण कमलों के स्वामी श्रीलक्ष्मीजी के दर्शन के लिये आपलोगों के लिये अवतार लिया है। हे रघुश्रेष्ठ! आप मुझे नमस्कार है। हे रघुश्रेष्ठ! आप मुझे नमस्कार है। हे रघुश्रेष्ठ राम के रूप में आप मुझे नमस्कार कीजिये। हे रघुश्रेष्ठ राम! आप मुझे नमस्कार है। हे रघुश्रेष्ठ राम! आप मुझे नमस्कार है। हे रघुश्रेष्ठ राम! आप मेरी आज्ञा दीजिये। इस प्रकार आप मेरी माया से मेरा पालन कीजिये। इस प्रकार आप मुझे दूर कीजिये। इस प्रकार भक्ति कीजिये। इस प्रकार आप मेरी माया का भक्त रूप में रमण कीजिये। इस प्रकार आप मेरी माया से आप
12	एक सामाजिक वार्तालाप में- सन्देश में विदेशमंत्री ने कहा कि पुतिन ने प्रधानमंत्री नरेंद्र मोदी को शुभकामनाएं दीं.	एक सामाजिक वार्तालाप में लिखा गया है कि विदेश मंत्री नरेंद्र मोदी ने कहा कि प्रधानमंत्री नरेंद्र मोदी को शुभकामनाएं दीं।
4	हम दोनों पाठक हैं।	हम दोनों पढ़े।
5	बच्चों का गुरुकुल अलग है	बच्चों का गुरु अलग है।
9	वीं फेल और दक्षिण की फ़िल्म निघनी थी।	एडराइट के नाम से भारत के अनेक शूटिंग में बहुत जल्दी था।
14	समुद्र में वृष्टि, भर पेट खाये हुएको भोजन, समृद्धिमान् को दान और दिनमें दीपक-ये व्यर्थ ही होते हैं	वृक्ष के वृक्ष के समान वृक्ष के समान वृक्ष के समान होता है। जल के समान ही दूध के समान होता है।
1	पश्चात् बैठता है।	प्राप्त करना
10	उसके शरीर से तेज निकल कर सबके देखते देखते राम में समा गया यह देखकर देवता विस्मित हुए ॥	इस प्रकार वह समस्त देवताओं के साथ श्रीरामचन्द्रजी के पास आये और वे दोनों के साथ श्रीरामजी के पास आये। तब वह मुझसे कहा हे रघुश्रेष्ठ ! आप मुझे नमस्कार कीजिये ॥
8	उस वर्ष देहली-विश्विद्यालय के भौतिक विभाग के अध्यक्ष के रूप में उन्होंने भौतिक विषयों का शिक्षण प्रारम्भ कर दिया।	उस वर्ष दिल्ली-नगर के विश्व-सभा के अध्यक्ष एवं कर्मियों के साथ वह भौतिक शिक्षा के विषय में शुरू किया गया।
3	छोटा बच्चा लड्डू थोड़ा सा खा रहा है।	बालक लड्डू लेता है।
8	शनिवार सुबह हाड़ी समुदाय के कई लोगों को सचिवालय के मुख्य सचिव समिति में शामिल किया गया।	शनिवार को दोपहर को दोपहर के दूसरे हाउंड के अनेक लोगों ने मुख्य सचिव पदवी पदवी पदवी को प्राप्त किया।
7	हत्येता नागरिकों को शस्त्र भी मिल चुके हैं।	हादसे के कारण कई जगह से अलग अलग अलग अलग अलग-अलग शब्द भी हैं।
7	अंत में कार्यक्रम का समापन संस्कृत विभागीय शिक्षकों द्वारा शांति पाठ के माध्यम से हुआ।	अंत में कार्यक्रम के समापन सत्र में संस्कृत शिक्षकों ने शांति मंत्र से शान्ति छात्र का पाठ किया।
16	पिता की पैरवी करके मिलिंद देवड़ा ने भी कांग्रेसपक्ष में अपने कार्यक्षेत्र का आरम्भ किया, लेकिन अब सम्बन्ध टूट गया है।	पिता ने आदेश दिया कि आज हम भी देवघोष शुरू हुई, अब अपनी कार्य शुरू हुई, लेकिन अब अब कांग्रेस ने अपनी समस्या को मजबूत किया।
7	योग दर्शन की अध्येता और अनुसंधानकर्त्ता के रूप में आपका अनेक वर्षों का लम्बा अनुभव है।	वैदिक भाषा के प्रिंसिपल संजय की पत्नी और मठ की साल से आठ साल तक की जा रही है।
5	अतः वह बोला – नौ ही हैं।	इसलिए वह बोला - अभी ही हैं।
8	जो कोई अनादर पूर्वक भी किसी से अध्यात्मरामायण का श्रवण करता है, वह भी पातकों से मुक्त हो जाता है ॥	जो व्यक्ति श्रीराम जी के द्वारा रचित होकर भी बोला "मैं तुम्हें भी नहीं जानूंगा", वह तो मुझे भी जान दूंगा", क्योंकि यह वाक्य ही है।
10	रविवार रात को केलांग में पर्दे को कम कर दिया गया।	रविवार को रात को कड़डा शहर में सबसे कम से कम से कम हो गया।
16	एसजेवीएनएल के तत्कालीन अधिकारियों और एक निजी कंपनी के प्रतिनिधियों के खिलाफ विभिन्न किस्मों से यह मुद्दा दर्ज किया गया है	एसएसएलएसएलएस का पालन और उन्होंने एक व्यापक जांच के लिए भी अधिकारियों को पुलिस के खिलाफ निर्देश दिया है।
5	आज रविवार है न !	आज रविवार है।
7	वायरस के बारे में स्थानीय-अंतरराष्ट्रीय-संस्थाओं के सहयोग से निगरानी को मजबूत किया गया है।	वैभव विषय पर स्थानीय-अबनों के साथ समस्याओं का समाधान है।
4	माँ कैसे उतरती है ?	माता कैसे उतरती है ?
10	लेकिन अभी तक ड्रैड्डी-निर्माताओं को इस विषय पर आधिकारिक वक्तव्य नहीं मिला।	लेकिन अब तक एडबली-यह निर्माण के बारे में बात नहीं हुई है।
3	आप चतुर हैं ।	आप सब मिलते हैं।
10	उन्होंने कहा कि अपना वीरभद्रसिंह ने राज्य में धर्मान्तरण से विरोध करने का विधेयक लाया था।	उन्होंने कहा कि अपने वीरभद्र सिंह ने राज्य में धार्मिक समुदाय को सौंपा था।
18	सत्य नियमों वाले सभी के प्रेरक सूर्य देव के समान इन पासों का तिरपन का समूह अक्ष पट्ट पर खेलता है। ये पासे भयानक और क्रोधी पुरुष के आगे भी नहीं झुकते हैं इनके लिए तो राजा भी नमस्कार करता है	तीनों लोकों में त्रास, चिदाही, छठे, छठे, सत्य, सत्य, पराक्रम, पराक्रम, पराक्रम, पराक्रम, पराक्रम, पराक्रम, पराक्रम, पराक्रम, पराक्रम, पराक्रम, अपवित्र सत्य, अपवित्र सत्य, अपवित्र, अपवित्र, अपवित्रता और पराक्रमी ये सब कोई भी नहीं हैं।
5	ठीक है, दत्तचित्त के अनन्तर तुमसे सुनिये बेटा।	ठीक है, हे अनोचन ! आप दोनों बेटे से मिल गए हैं।
5	दीपक के चारों ओर कीड़े हैं।	दीपिक के चारों ओर घूरे हैं।
9	इला – चिंता मत करिये भैया ! अब चित्र ले लीजिये।	बीज – ठीक है , अभी तक चित्र बन्द करो।
9	विद्यालय परिसर से मिलन-चौक तक बैठकें हुईं। फिर विद्यालय आकर वह पूर्ण हो गया।	विद्यालय से लेकर स्कूली शिक्षाशालिन ने फिर से विद्यालय तक फिर से विद्यालय गए।
13	कार्यक्रम रायपुर के विज्ञान कॉलेज के प्रांगण में आयोजित किया गया, जिसमें राज्य के राज्यपाल विष्णु भूषण शामिल थे-हरिचन्दन ने शपथ ली.	कार्यक्रम का आयोजन श्री लाल बहादुर शास्त्री काशी के जांडामरा में राज्य के श्री हरिधीन गुजरात के राज्यपाल ने किया।
14	इस अवसर पर श्री सिंह हा वर्या ने कहा कि प्रधानमंत्री नरेंद्र मोदी के नेतृत्व में सरकार सशक्तीकरण के लिए प्रतिबद्ध है।	इस अवसर पर श्री मोदी ने कहा कि सरकार की अध्यक्षता में प्रधानमंत्री नरेंद्र मोदी ने सरकार की अध्यक्षता के लिए देश की प्रतिबद्धता है।
25	सिंस्टाइन आश्चर्यचकित हो गया ! तब वह बोला, "सम्यक्, मैं जहाँ अग्रिमसभा जाता हूँ, वे मुझे नहीं जानते हैं, आप मेरे स्थान पर भाषण दीजिये, मैं आपका ड्राईवर बनूँगा।	युक्ता बोला- अरे! जब वह आश्चर्यचकित हुआ, तब मैं तुम्हारा बोला, जिसमें नहीं जा रहा, मैं तुम्हें नहीं चलाऊँगा, मैं तुम्हें चलूँगा।
11	लोगों का विश्वास है कि राहुकेतु ग्रह के कारण चंद्रग्रहण या सूर्यग्रहण होता है।	इस कारण वायुसेना के कारण पृथ्वी पर गिरने वाले आकाश में सूर्य की स्थिति को प्राप्त करते हैं।
4	कौनसे दो काम ?	कौन कार्य है ?
8	मुख्यमंत्री आयव्ययक की प्रस्तुति के बाद वे मीडिया के साथ बात कर रहे थे।	मुख्यमंत्री राजीव गांधी समुदाय के उद्घाटन के बाद कई विषयों पर बात कर रहे थे।
4	एकता की भावना शक्ति की परिचायिका है।	सामव - स्वामी के लिये है।
8	बहुत से लोग राखी भेजने के लिये यहाँ आए हैं ।	अनेक लोग सुरक्षित बालिकाएँ यहाँ घूमने आए हैं।
6	राम मंदिर का स्पर्श तब तक सुलभ नहीं था।	राम मंदिर को लाकर जब तक कोई नहीं था।
12	अरे उस प्रेम-धाम हरिका नाम भज, [क्षण- क्षणमें] बाहर निकलनेवाले श्वासपर क्या विश्वास है ?	आप लोग आपके नाम से दूर होकर आपस में प्रवेश करते हैं। जैसे आपके पास ही जाते हैं। आप दोनों की कथा को जानने वाले हैं। इसलिए इस प्रकार की बुद्धि को दूर करने वाले हैं।
11	वहाँ से वे ड्राईवर सोचकर कार के पास आ गए।	फिर उन्होंने ड्राइवर को ही कार्रवाई करके कार सेवकों को विचार उठाकर आ गया।
5	वे छात्र संस्कृत पढ़ते हैं	वे छात्र संस्कृत पढ़ रहे हैं।
4	पंजाब का भाँगड़ा देखा।	पंजाब का मजागौर देखा।
5	कभी रीछ भी देखे हैं वा नहीं ?	किसी की हड्डी भी देखा है वा नहीं ?
8	रावेल और रेंटिला गांवों के क्षेत्रों में आसमान से गोल चट्टानें गिरीं।	मिहली जिले के तटीय क्षेत्रों में ही समुद्र में एक तालाब पर घूस से एक मारी हुए।
6	आप उस दिन क्यूँ नही आये?	वह कल क्यों नहीं आया ?
1	कहा।	विश्वास
6	आज के वाक्य आप ही पढ़िये।	आज से कथा ही आप ही पढ़ें।
4	वे अशिक्षित नहीं हैं।	वे सब शिक्षक नहीं हैं।
11	वार्ता के अनुसार अग्रिम- आरक्षण के कारण संयुक्त राज्य अमेरिका में भी इस फिल्म का अर्जन बहुत अच्छा है।	वार्ता के अनुसार, अग्रिम-अपराध में भी इस फिल्म का शूटिंग किया गया है।
10	1 दिसंबर को इस फिल्म की विज्ञापन बुक प्रदर्शित होगी, ऐसा कहा गया था।	दिसंबर को पहली तारीख को प्रदर्शित की जाएगी कि इस फिल्म का शूटिंग होगा।
8	संयोजक जिला शिक्षक-प्रशिक्षण प्रमुख ओंकारवर्मा ने इस कार्यशाला में समग्र शिक्षा आयोग के आभार व्यक्त किये।	जिला शिक्षक प्रशिक्षण प्रमुख श्री ओ.के. ने इस कार्यशाला का संचालन किया।
4	शाम को वह कार्यालय बन्द करता है।	शाम को वह अस्पताल में नमक लगाता है।
7	संयुक्त राष्ट्र महासभा की अध्यक्षता आज शीर्ष पर है-विश्वास की पुष्टि	संयुक्त राष्ट्र महासभा के अध्यक्ष अब विश्व निर्माण-विदेशिक-विधि है।
8	ये वस्तुएँ बनाने में प्रायः एक सप्ताह होता है।	ये सब पुरानी रूप से प्रायः हर महीने होती है।
11	रविवार को कुल्लू, चम्बा, शिमला, किन्नौर, लाहौल-स्पीति-यह सैकड़ों गांवों में तीव्र लू का पीला दृश्य था।	रविवार को कुल्लू, चम्बा, चम्बा, शिमला, लाहौल, लाहौल, लाहौल, लाहौल, लाहौल, लाहौल, लाहौल, लाहौल, लाहौल, लाहौल, लाहौल, लाहौल, दूध आदि विभागों में दूध आदि का अभाव था।
1	मौसी	पुत्र
12	पति के पास जाकर वह हैरान रहकर प्यार से उसका सुंदर चेहरा देखती थी।	पति पास जाकर वह शीघ्र ही तेज से निकल गया और उसके पास खड़ा थी।
7	आपका भार बहुत अधिक है।	ओह , आपका भार बहुत अधिक है।
4	दीवान स्तब्ध हो गया ।	दीक्षा हो गया।
15	फिर तुम्हारे बंधनों को देखना, पंपों की प्राप्ति, सुग्रीव के साथ तुम्हारी मित्रता, जब तुमने बाल्यावस्था का त्याग किया।	फिर तुम्हारे चरणकमल के राजा और कंसों के साथ सीता के साथ युद्ध किया, जहाँ तुम्हारे साथ तुम तुम्हारे साथ बालकूटों के साथ युद्ध में लगे।
5	राष्ट्र की रक्षा के लिये हमें भी कुछ करना चाहिये।	राष्ट्र की रक्षा के लिये कुछ कुछ कुछ भी हो।
10	क्रिकेट परंपरा के पहले टूर्नामेंट के पहले मैच में बैटिंग करने वाली ऑस्ट्रेलिया की टीम 177 रन पर आउट हो गई।	1900 के दशकों को पहली बार दूसरे स्थान पर श्रीलंका ने टुटबितंड को हराकर 15 रन बनाकर बाहर आउट हो गया।
9	मन को हरने वाले फूलों को देखकर दुःखित मनुष्य का मन भी प्रसन्न हो जाता है।	मन की बात देखकर फूल को देखकर मनुष्य भी मन की प्राप्ति करते हैं।
6	बच्चे के साथ बगीचे भी कार से जाते हैं।	बालक के साथ बगीचे में भी कारियाँ जाते हैं।
3	यह किसने किया।	यह किसका है?
10	धर्म की रक्षा के लिये जिन्होंने काम किया उन्हें भी प्रायः हम नहीं जानते हैं।	धर्म के लिये जो काम किया गया है, उन दोनों भी नहीं जानते हैं।
6	मुख्यमंत्री सेवा संकल्प-हल्प लाइन योजना में कृत्रिम बुद्धि का उपयोग होगा।	मुख्यमंत्री सेवा के आधारभूत संरचना-संकल्प योजना के तहत हेक्टल्पिक प्रौद्योगिकी के उपयोग के लिए दृढ़ होगा।
5	सुजाता – आओ हर्षा !	सुजाता – आओ!
3	यज्ञ में आहुति देंगे ।	यज्ञ में तिल का आहुति देते हैं।
7	आज वह भाजपा राज्यकोरस समूह का सदस्य भी है	इस समय वह भाजपा राज्य के अध्यक्ष थे।
6	श्रीमती जानकीत्रिपाठी ने सबको कृतज्ञता प्रकट की है।	सीताचरण ने सभी को आशीर्वाद दिया।
14	लक्ष्मण ने हनुमान को कहा कि वानर राज सुग्रीव हम दोनों के साथ मित्रता की इच्छा करता है, इसीलिए तुम को यहाँ भेजा । इसीलिए हम दोनों भी तुम्हारे वचन के अनुसार उनके साथ मित्रता को स्वीकार करना चाहते हैं।	जैसे जैसे रामचन्द्र जी ने लक्ष्मण को देखा था, वैसे ही वह राक्षस के समान ही यहाँ आया है।
8	यदि ऐसा है तो शस्त्र श्ख्तर चलाने में और युद्ध में कुशल बड़ी लड़नेवाली ख जाना और अन्नादि साम्री सहित सेना यृद्ध के लिये भेजनी चाहिये।	इस प्रकार, प्रलय के छठेपद से छत्रपति शिवाजी ने युद्ध के लिए कारगिल सेना के साथ युद्ध के लिये तैयार किया।
6	यह भगवान शेष का अवतार है ऐसा मान्यता है।	यह भगवान् श्रीकृष्ण ने कहा कि यह मुद्दा का विषय है।
12	इस प्रकार विरह से व्याकुल होकर वह गुह के साथ उस स्थान पर जा पहुंचे जहाँ पर श्रीरामजी के रात्रि के समय निवास किया था। वहाँ पहुंचकर भारत जी ने कुशाबिछे हुए भगवान् के उस शयन स्थान को देखा ॥	जहाँ राम के पास दौड़े और जहाँ श्रीरामचन्द्रजी के पास दौड़े और जहाँ वह श्रीरामचन्द्रजी के पास दौड़े। तब वह अपनी भुजाएँ पूजा करने लगे ॥
5	क्या आप भी कसरत करती हैं?	भी आप व्यायाम करते हैं ?
11	परन्तु हे परन्तप अर्जुन! अनन्य भक्ति के द्वारा मैं तत्त्वत: 'जानने', 'देखने' और 'प्रवेश' करने के लिए (एकी भाव से प्राप्त होने के लिए) भी, शक्य हूँ!।।	हे प्रभो ! आप जो कुछ भी भक्ति से मुक्त हो सकते हैं, जो यह निश्चय करने वाले हैं, जो इस प्रकार के द्वारा ही परम भक्त और अव्यय है, वह परम गति को प्राप्त हो जाता है।।
20	जब मैंने जाना कि हिमाचल प्रदेश गुणवत्तापूर्ण शिक्षा में शीर्ष पर रहा है तब मुझे यह पता लगाने की कोशिश की कि इसके पीछे क्या मुख्य कारण है?	जब मैंने यह पता किया कि मैं हिमाचल प्रदेश के गुणवत्ता के गुणवत्ता को प्राप्त करने के लिए किसी प्रयास किया है तब यह मुख्य कारण है कि इस कारण मुख्य कारण सुरक्षित रूप से बाहर सुरक्षित है।
5	गुजरात में विधानसभा चुनाव के पहले चरण का मतदान गुरुवार को होगा.	गुजरात में विधानसभा चुनाव के पहले चरण का पहला चरण होगा।
1	बनाया जाता है	प्राप्त होता है
11	राज्य सरकार ने सरकारी विभागों में वाहनों की आवश्यकता को पूरा करने के लिए ई-टेक्सी अनुबंध को लेने की अनुमति दी गई है।	सरकार ने सरकारी विभागों में आवश्यक वाहनों को पूरा करने के लिए राज्य सरकार को ई-टैक्सी-आधारियों का लक्ष्य दिया है।
7	यह फ़िल्म अप्रैल की-दिनार में प्रदर्शित करेगी।	यह फ़िल्म अप्रैल में लिखने वाले अप्रैल में प्रदर्शित की जाएगी।
6	सज्जन परोपकार के लिए कष्ट अनुभव नहीं करता।	सज्जन हमेशा सदैव कष्ट के लिये कष्ट नहीं पाती है।
8	घग्गर नदी के ऊपर की पुल पुल भी आ जाने के लिए बंद कर दिया गया है।	घों को नाउस के ऊपर बनाने के लिए भी इस्तेमाल किया गया है।
5	अभी मैंने सारे काम पूरे किये।	अभी मैंने सारे काम किये हैं।
6	हाँ ... यहाँ जगह सही है।	हाँ ... यहाँ जगह है।
16	साथ ही मुख्यमंत्री महोदय के व्यक्तिगत सहायक श्री बलवीर राव महोदय, कांग्रेस-खंड-समिति केखंडाध्यक्ष ने भी विशेष अतिथि के रूप में भाग लिया।	इसी प्रकार मुख्यमंत्री श्रीनिवास ने कर्मचारियों को धन्यवाद दिया, श्री वीर सिंह, कांग्रेस-दल के अध्यक्ष, कार्य-सभा के अध्यक्ष भी विशेष रूप से विशेष रूप से उपस्थित हैं।
5	क्रोधित किसान ने उसको उठाने के लिए बहुत बार प्रयत्न कि	क्रूर सिंह ने किसान को बहुत समय से दिया कि बहुत समय तक तैयार हो गया।
20	बनर्जी ने कहा कि, "मैंने उनको जो भी याचिका दी, उन सब नेस्वीकृत कर दी" इसलिये हमने बंगाल में एकता के चुनाव लड़ने का फैसला किया है.	सेना ने कहा कि, "अरेन्द्र, जो कुछ भी अपारोर हो गया है, वह सभी बार बार बार बार बार बार बार बार बार बार बार बार बार बार बार बार बार बार बार बार बार मतदान करने का प्रयास किया गया।
17	मोदी ने कहा कि संपूर्ण विश्व में भारतीय प्रवासियों के योगदान की उपलब्धियों के लिए यह उत्सव महत्वपूर्ण है।	मोदी ने कहा कि पूरे विश्व में भारतीय नागरिकों का सम्मान और सहयोग दिवसों का उत्सव है।
5	दुःखी प्रजा दयालु ईश्वर से दया मांगेगी।	जामुन मनुष्य स्वर्ग पर चढ़कर खड़ी है।
1	चौखूंट	एक दूसरे के द्वारा
10	अंतर्राष्ट्रीय हवाई अड्डे के उद्घाटन से पहले, प्रधानमंत्री ने अयोध्या में लतामंगेश्कर चौक के स्थान का निरीक्षण किया।	अंतर्राष्ट्रीय अंतरिक्ष एजेंसी ने पूर्वीगढ़ में प्रधानमंत्री, और अन्य अन्य अन्य अन्य अन्य अन्य अन्य अन्य ने भी स्थान पर निलंबित कर दिया।
8	ठीक है महोदय ! आपकी विमान टिकट तैयार है।	ठीक है , आपका वातावरण विमान आपकी दूकान में हो गया है।
1	अटारी	दुकान
5	लालची लड़की ने लालच का फल पाया।	लुटेरे बाल्यावस्था में घी का फल होता है।
6	आप फोन कर लें ऐसा कही थीं।	आप फोन से सुनिये कि बताओ।
1	आत्म संतुष्टि	अपने आप में स्थित
6	मैं वाहन चलाने में निपुण हो गया	पर्की से मैं बस भर गया।
9	केवल पश्चिम के लोग इस दुरुपयोग को करके देश को अधिराज्य में स्थापित कर दिया।	इस नदियों के द्वारा खाया गया देश के लिए सूर्य की रक्षा की गई।
5	आज प्रातः आए क्या ?	आज प्रातः क्या आया ?
10	अगले 24 घंटों में24 मिनटमौसम विभाग ने भारी बारिश का अनुमान जताया है.	अगले दो दिनों में 22 से अधिक इक्कीस से अधिक वायु निकली जारी से अधिक वातावरण होगा।
8	भोगविशेष की कामना से जिनका ज्ञान हर लिया गया है, ऐसे पुरुष अपने स्वभाव से प्रेरित हुए अन्य देवताओं को विशिष्ट नियम का पालन करते हुए भजते हैं।।	जो कार्य और दान से रहित होकर, नित्य से युक्त होकर, नित्य, अशुभ, अशुभ, असंग, असंग, असंग, असंग और असंगों को नियमों से त्याग कर लेता है।।
13	एटीएस अधिकारियों ने कहा कि पंजाब की जेल में बंद एक विदेशी नागरिक इस अपराध का मास्टरमाइंड था।	केंद्रीय पर्यावरण मंत्रालय ने कहा कि यह पांचवीं सदी से अधिक है जो उच्च न्यायालय ने इस उद्देश्य के लिए चयन किया है।
5	यह मुकुट किसने बनाया ?	यह सुपंध कौन है ?
10	दुर्जन और कांटे इन दो चीजों से बचने के दो ही उपाय हैं, या तो जूतों से इनका मुंह कुचल दिया जाए, उसके अस्तित्व को ही समाप्त कर दिया जाए अथवा उनको दूर से ही त्याग दिया जाए।	जो कोई भी वस्तुओं के लिए लीन है, वह तो क्षण भर में ही एक ही है, उसे दूर करने के लिए तैयार है।
11	सुदैव से तुम के सहयोग से रावण को मारकर मैं सब लोकों का प्रवृद्ध होकर दरुण हो गया	हे रावण ! आप सभी के द्वारा इस प्रकार के द्वारा मेरे कुल को छोड़कर, इन्द्रिय, इन्द्रिय, हाथी, हाथी, हाथी, हाथी, हाथी, हाथी, तथा वैश्य आदि सब कुछ भी नष्ट हो जाते हैं।
9	पिछले वर्ष सरकार ने पात में समय कम करने का निर्णय किया था।	पिछले साल सरकार ने राज्य सरकार को निलंबित करने का निर्णय लिया था।
3	अनेक वृक्ष गिर गए।	अनेक वृक्ष हैं।
4	जिसका अब समाप्ति हो गई।	जिसके द्वारा अभी आरम्भ शुरू हो गया है।
9	उस मन्त्री ने प्रजाओं को 'पेट तथा अंगों की कथा सुनाकर उनकी अनुकूलता प्राप्त कर ली।	उन्होंने मनुष्यों के द्वारा बहुत कुछ सुनकर थका हुआ।
1	सामान्य	एक साथ
9	चन्दन – तो जल्दी ही पूजा करो और प्रसाद को दो	चन्दन – तो फिर पूजा और स्वामी को प्रणाम करो।
16	इनमें से उन्ना-हमीरपुर-बिलासपुर नालागढ़-बद्दी- अर्की कुनिहार नगरों में भी सिरमौर जिले का नाहन पौंटा-बताया गया है कि वे शहरों के साथ संभावित हैं.	इनमें से-कोलोर-कहड़ा-प्रदेशों में बद्दीपुर-नगर के ढहने के लिए भीषण-अबैंडा-नगर के साथ-साथ नदी के कई जिलों में भी चर्चा की गई है।
4	गाड़ी ठीक है।	वाहन अच्छा है।
3	वह पेंसिल तीखी कर रही है।	वह पेंसिल तीखी करती है।
9	सञ्जहार शब्द में हकार के स्थान पर भकार के आदेश से सञ्जभार का रूप सुना जाता है।	यह खबर है कि बंधन के अनुसार, कुल्हाबरादेश में, पुलिस समूह के खिलाफ प्रसिद्ध है।
4	राम – किस सम्बन्ध से? (किस नाते से)	राम – किसकी रक्षा के लिये।
6	हे रोगी ! बाहय और दिव्य मुनि तथा राजऋषि और पर्वत तथा सब नदी और समस्त समुद्र तेरी रक्षा करो ॥	हे राजन् ! मैं तुम्हें इस प्रकार का यज्ञ करना चाहता हूँ। हे राजन् ! आप इन्द्रदेव, शिव, सूर्य, सूर्य, सूर्य, सूर्य, सूर्य, सूर्य, सूर्य, सूर्य, सूर्य, सूर्य, सूर्य, सूर्य, पृथ्वी, पृथ्वी, पृथ्वी, पृथ्वी, पृथ्वी, पृथ्वी, पृथ्वी, पृथ्वी, पृथ्वी, पृथ्वी, पृथ्वी, पृथ्वी, जल, जल, जल, जल, आकाश, आकाश, आकाश, आकाश, आकाश, आकाश, आकाश, वायु, वायु, वायु, वायु, वायु, वायु, वायु, वायु, वायु, वायु, वायु, वायु, वायु, वायु, वायु, वायु, वायु, वायु
21	है हरे में आपके चरणयुगलमें इसलिये नमस्कार नहीं करता हूँ कि मेरे इन्द्र (शीतोष्णादि) नाश हों, कुम्भीपाकादि बड़े-बड़े नरकोंसे बचा रहे और नन्दनवनमें कोमलाङ्गी अप्सराओके साथ रमण करूँ अपितु इसलिये कि मैं सदा हृदय- मन्दिरमें आपकी ही भावना करता रहूँ	हे राम! मैं तो तुम्हारे चरणकमल के समान ही नहीं हूँ, जो कोई भी नहीं, जो कोई भी हो, जो कोई भी हो, जो कोई भी हो, जो कोई भी हो, जो कोई भी हो, जो कोई भी हो, ऐसे हो, जो कोई भी हो, जो कोई भी हो, ऐसे हो, जो कोई भी हो, ऐसे हो, जो कोई भी हो, जो कोई भी हो, इस प्रकार तुम्हारा भी हो, जो कोई भी हो, ऐसे श्रीलक्ष्मणजी के चरणकमलों को भी नहीं समझते हैं, जो कोई भी नहीं है, ऐसे श्रीलक्ष्मणजी हैं, ऐसे श्रीलक्ष्मणजी हैं,
14	यदि कोई छात्र पूर्णपाठ्यक्रमशुल्क देकर पाठ्यक्रम को बीच में छोड़ देता है तो शेषशुल्क के दिनों में उसे वापस आ जाएगा।	यदि किसी छात्र छात्र छात्र छात्र छात्र को परीक्षा के लिए सजाए तो अवश्य बढ़ेंगे और तब तक उसे दिन की आयु प्राप्त कर देगा।
4	अभी सब सध्या खा रहे हैं।	अभी सब कुछ याद कर रही है।
4	क्या आप लिखती हैं ?	आप क्या लिख रहे हैं ?
8	छात्रों के लिए प्रशिक्षण संस्थानों के लिए भी नेट बुक का निर्माण करना होगा।	छात्रों को अब प्रशिक्षण के लिए भी मार्ग निर्माण किया जाएगा।
11	हे राक्षसेन्द्र उससे हृदय बिद्ध होने से में आकाश में चक्कर काटता हुआ समुद्र में आकर गिरा। तभी से में भयभीत होकर इस निर्भय स्थान में रहता हूँ॥	उस समय वह राक्षस के साथ श्रीरामचन्द्रजी के पास आया। तत्पश्चात् वह राक्षस के समान अति शीघ्रता से अति हर्षित हुआ ॥
21	पशुपालकों और किसानों के हित के लिए सरकार ने कई मजबूत निर्णय किये हैं, जहाँ दूध के बाजार में रुपये की बढ़ोतरी भी है, उन्होंने कहा कि राज्य में जनवरी से गोबर खरीदने की योजना शुरू हो गई है।	पशुपालन के लिए किसानों को प्रोत्साहित करने के लिए सरकार ने कहा कि, जहां दूध के दूध के दूध की कीमत में दूध भी बढ़ गई है, वह राज्य में भी कम हो गया है।
7	वो दोनों जने शान्त हो गए ।	वे दोनों एक साथ वहाँ बैठते हैं।
4	शत्रु राजाओं से डरता है।	राजा राजाओं को आदर देता है।
6	महाबलि असुर के सत्कार में यह पर्व मनाया जाता है।	महाभारत की महाशक्ति के लिए यह उत्सव पर्व पर्व मनाया जाता है।
1	मालूम हुआ	प्राप्त किया
6	हिमालय से लेकर कन्याकुमारी तक भारत फैला हुआ है।	हिम - गायपक्ष से भारत तक भारत की ओर तक भारत की है।
8	बुद्धि भी बढ़ती है। रोग से हीन शरीर और भाइयों का प्रेम बढ़ता है।	मनुष्य के लिए ऊर्जा ही बढ़ जाता है, शरीर और चाण्डाल के समान होता है।
7	वो दोनों जने शान्त हो गए ।	वे दोनों एक साथ वहाँ बैठते हैं।
12	घोषणा करने वाले समूह ने राज्य सरकार द्वारा हाड़ी समुदाय को अनुसूचित जाति की पदवी को देने के लिए केंद्र सरकार द्वारा पारित एक विधेयक पर आरोप लगाया है।	केंद्रीय सरकार ने राज्य सरकार को हाड़ी समुदाय के हाड़ी समुदाय को हाबंडों को अनुसूचित बनाने का निर्णय लिया है।
10	इसने संसदीय कार्यों के दो कार्यसूचक और वित्त विभाग के दो कार्यसूचक पर सहमति दी है।	इस विधेयक में दोनों राज्यों के कार्य के लिए दोनों नई विभागों के कार्य और विस्तारों के साथ कार्य के लिए कार्य किया गया।
10	प्रशिक्षण पाने के लिए जो शिक्षक आए थे उन्हें भी उत्साह के साथ भाग लिया गया।	प्रशिक्षण प्राप्त करने के लिए जो शिक्षक आए थे वे भी उत्साह से भाग लिया गया।
4	वह बुद्धिमान् ( इन्टेलीजेंट ) है ।	वह मेहानी है।
7	आज तो उसके घर मांगलिक काज हो रहा है।	आज तो घर में तो एक संधि है।
5	अल्पाहार में वह उबले चने खाता है।	कमाहो से वह कमरा और दाल के फल पिया देता है।
6	विश्व की प्राचीनतम ग्रन्थ ऋग्वेद में काशी उल्लिखित है।	विश्व प्रसिद्ध प्राचीनतमतमतमतमतमतमतमतमतमतमतमतम वर्ग है।
1	आरम्भ	समाप्त
5	कंघी से मेरे बालों को सही करता है	कड़ी मेरे बाल काटता है।
21	सभा को संबोधित करते हुए प्रधानमंत्री ने कहा कि अब देश में व्यापार-कार्यों में सुगमता, एक इन इंडिया उपक्रम, सुष्टुतर-संम्पर्क-साधनों और अन्य विभिन्न क्षेत्रों का विकास हुआ है।	सभा में संबोधित किया गया है कि अब प्रधानमंत्री देश के लिए देश-विदेश-इण्डिया-इण्डिया, मिंग-अमक्षिंग-अमक्षिंग, मिंग-मक्षिंग-मक्षिंग जैसे क्षेत्रों में भी विकास किया गया।
15	अमेरिकी नौसेना ने बताया कि रक्षा पहल के हिस्से के रूप में कनाडाई पी3 विमान द्वारा स्थापित सोनार द्वारा ध्वनि तरंगें एकत्र की गईं।	संयुक्त राज्य अमेरिका के अलावा, अफगानिस्तान के सीमा डेन क्षेत्र में एक व्यापक सुरक्षा के बाद, अमेरिकी सुरक्षा अभियान में एक बड़ी घटना पर एक अमेरिकी रिपोर्ट पर एक अमेरिकी रिपोर्ट पर एक अमेरिकी रिपोर्ट पर लिया गया है।
4	अभी वह टी वी देख रही है।	अभी वह फोन कर रहा है।
1	अक्षर	सूर्य
4	मुझे आप से बहुत आशा थी ।	आप बहुत से युवक थे।
8	बाह्य अंतरिक्ष देवदूतों की ओर से अब तक हजारों अवशेष बाह्य अंतरिक्ष में ढेर हो चुके हैं।	जापान के कई हिस्सों में अब तक ढगानिन ट्रक किए गए हैं।
9	वहीं बुधवार दोपहर 12 बजे प्रधानमंत्री नरेंद्र मोदी लक्षद्वीप के कवरती पहुंचेंगे.	वहीं बुधवार सुबह 10 बजे प्रधानमंत्री नरेंद्र मोदी ने देश के राज्यपाल को लक्षद्वीप में ले जाया जाएगा।
8	बोलो क्या कहना चाहती हो। आज कार्यालय बन्द है क्या ?	बोलो, क्या करें, आज हम संस्कृत का अध्ययन करें।
4	वह बच्चा अंधेरे से डरता है	वह बच्चा खड़े होकर डरता है।
9	स्वाभाविक मित्र तो भाग्य से ही मिलता है । वह स्वाभाविक मित्रता को विपत्तियों में भी नहीं छोड़ता है अर्थात् सच्चा मित्र बड़ा दुर्लभ है |	विद्या, बल, विद्या, विद्या, मान-विचार और मोह-ये मनुष्य को प्राप्त नहीं किया जा सकता, इसलिए वह तो विद्या ही है।
7	सच कहूँ , मैंने कुछ भी नहीं खरीदा।	सत्य कहूँ , मैंने कुछ भी नहीं खरीद लिया।
7	प्रकृतिमाता – मैं प्रकृति तुम सबकी माँ हूँ।	प्रकृति – मैं प्रकृति में हूँ। हमारे माता हैं।
7	राम- मुझे भी गुरुवर का आदेश सम्माननीय (मानने योग्य) है। क्योंकि –	राम – मैं भी आश्रम में ही हूँ, यह ही है।
6	मैं भी नहीं जानता, परन्तु सूर्यसिंह जानता है।	मैं भी नहीं जानता। परन्तु सूर्य के रूप में जानता हूँ।
10	सूचनाप्रसारण मंत्री अनुराग सिंह ठाकुर ने भी आज सशस्त्र सेना के ध्वज दिवस के अवसर पर सभी को नमस्कार किया।	सूचनाप्रसारण मंत्री अनुराग सिंह ठाकुर ने भी आज सुरक्षा के लिए सभी सेना के लिए धन्यवाद दिया।
6	जब लौटाना होता है तब कष्ट अनुभव होता है।	जब तक तक तक तक तक कष्ट होता है
9	इसके बाद, अग्रिम सत्र में विभाग प्रमुखों एवं आयाम प्रमुखों ने अपना-अपने-अपने विभाग का अपना-वह के बारे में जानकारी दी गई.	इसके बाद, अग्रिम सत्र के समन्वयक विभाग ने अपने विभाग के विभाग के अपने विभाग के लिए अपने-अपने विभाग का प्रस्तुत किया।
7	वोटों की गिनती हिमाचल प्रदेश के साथ 8 दिसंबर को होगी.	हिमाचल प्रदेश के लिए आठ दिसंबर को मतदान सत्र होंगे।
4	राधा के द्वारा काव्य लिखा जाता है।	मालिक को कविता देता है।
29	यह रेलगाड़ी सुबह साढ़े आठ बजे अमृतसर से उतरकर दोपहर में पुरानी दिल्ली स्टेशन से पहुंच जाएगी-यह प्रतिफल के रूप में रेलगाड़ी पुरानी दिल्ली स्टेशन से दोपहर में अमृतसर की ओर प्रस्थान करेगी, उसी प्रकार नई दिल्ली से चल रही वंदे भारत रेल 8 बजे कारानगर में पहुंच जाएगी।	यह रेलगाड़ी-यह छह बजे से दोपहर तक गुजरात के दोपहर तक रेल स्टेशन का उद्घाटन किया जाएगा-यह अमृतवेल के रूप में दोपहर 12 बजे तक होगा, भारत के छहवें स्थान पर है, भारत का छठे रेलगाड़ी रेलगाड़ी दोपहर से चल जाएगा।
5	मैं मधुमेह रोग से पीड़ित हूँ	मैं मधुमेरी रोग से पीड़ित हूँ।
1	वह	वह
6	पुलिस को देखकर कुछ लोग रास्ता बदल देते हैं।	पुलिस के पास आकर कुछ लोग शहर बदलते हैं।
8	इसी प्रकार क्षणभर में उन्होंनेन्हों का रोमांचक युद्ध हुआ।	इसी प्रकार उन दोनों ने उन दोनों के साथ युद्ध किया।
20	वहाँ पर अतुल पराक्रमी वानरों का राजा सुग्रीव अपने भाई के भय से हमेशा अत्यन्त भयभीत होकर अपने चार मन्त्रियों के साथ रहता है। ऋषि के शाप के भय से वह स्थान सर्वथा वाली के अगम्य है। हे प्रभो! आप वहाँ जाएं और सुग्रीव से मित्रता करें। वह आपका सभी कार्य सिद्ध करेगा। हे रघुनन्दन! मै आपके सामने अब अग्नि में प्रवेश करूँगी ॥	हे राम ! इस प्रकार कहने पर इन्द्रजी के पास आये और उन्होंने तुम्हें प्रणाम किया है। इस प्रकार कहने पर में वह शीघ्र ही शीघ्र ही वहाँ आये। तब वह शीघ्र ही वह वहाँ जाकर शीघ्र ही वहाँ जाकर वहाँ जाकर वहाँ आया। तब वह वहाँ जाकर वह वहाँ जाकर वहाँ जाकर वहाँ जाकर वहाँ जाकर वहाँ जाकर वहाँ आया। वहाँ जाकर वह वहाँ जाकर वह वहाँ जाकर वहाँ जाकर वहाँ जाकर वहाँ जाकर वहाँ जाकर वहाँ जाकर चल दिये। तदनन्तर वह विलाप कर फिरधीरे वहाँ जाकर वहाँ जाकर वहाँ जाकर वहाँ आया। वहाँ जाकर वह विलाप कर वहाँ जाकर वहाँ जाकर वहाँ जाकर वहाँ जाकर वहाँ जाकर वहाँ आया। वहाँ जाकर वहाँ जाकर वहाँ जाकर वहाँ
2	प्रसन्न या कोमल और कठोर	कान्ति
3	वैज्ञानिक सतत प्रयत्न करते हैं।	वैज्ञानिक हमेशा प्रयत्न कर रहे हैं।
4	वे दोनों बरतन खरीदते हैं।	वे दोनों कपड़े खरीदते हैं।
13	परन्तु इनमें भी सर्वश्रेष्ठ तो जीता है, या मानवों के प्रति किया गया मानवमन में उत्पन्न हुआ प्रेम है।	परन्तु ये भी वैसी है, इसीलिए मनुष्य अपने मन में प्रेम का प्रेम है।
6	सुनो , सीधी तरह से बाल कटवाना।	सुनो , मैंने तो बाल्यावस्था में बच्चों को खा लिया।
10	वनवासियों के प्रिय राम आदि रथपर चढ़कर ही वन को जायेंगे। ऐसा कह ये सीता और लक्ष्मण के सहित राम को देखकर दुःख से पृथिवी पर गिर पड़े और आँखों में आँसू भरकर रोने लगे। तब रामजी के देखतेदेखते शीघ्र ही सीताजी रथ पर चढ़ीं ॥	यह कहकर वह वनवास करने के लिए वन में चले गये और वन में चले गये। उस वन में राम को देखकर श्रीरामचन्द्रजी ने श्रीरामचन्द्रजी के पास जाकर श्रीरामचन्द्रजी के चरणों में बैठाकर श्रीरामचन्द्रजी के पास आये ॥
6	रक्षक – तुम्हारा परिचयपत्र दिखाओ।	रक्षक – तुम्हारे आने पर कुशल है।
11	उदर रोगी को जितेन्द्रिय ढोकर एक मास तक चीता और देवदारु के कल्क को अथवा हस्तिपिप्पली ( अष्टागसग्रह के मत से चविका ) और सोठ इनके कल्क का दूध के साथ पीना चाहिये ||	चित्र की छाल में प्यास के साथ पीया जाता है। यह पीया हुआ दूध भी पीया हुआ दूध पीकर पीवे। अथवा पीचू से भी पीया जाता है।
7	देवव्रत रोगियों की सेवा करता है चूंकि सेवा भाव है।	देवेश्वर से उठता है क्योंकि वह सेवक स्वास्थ्य की सेवा करता है।
5	तिलक के प्रभाव से देश में क्या हो गई?	विविध क्षेत्रों में सूर्य की क्या आवश्यकता है?
6	नहीं ये नहीं वो दिखाईये।	यह नहीं है वह दिखाइये।
3	संगति से क्या हो जाते हैं?	कैनिफुन कौन-से उत्पन्न होते हैं?
7	विधानसभा की बजट सभा के लिए पुलिस प्रशासन ने यातायात योजना की है।	विधानसभा के  ⁇ udget के तहत पुलिस प्रशासन ने अधिसूचना जारी की है।
9	यह याद रखना चाहिए कि रूस के पास पलटवार करने के लिए कई हथियार हैं।	रिपोर्ट के लिए इस्तेमाल किया गया है कि वह बहुत से ज्यादा क्षेत्रों में बहुत से अधिक से काम करना चाहिए।
6	दिल्ली के उपमुख्यमंत्री मनीष सिसोयी को फरवरी में गिरफ्तार किया गया है.	दिल्लीनगर के दिल्ली में कैबिनेट दिसंबर को हुए सत्र में आयोजित की गई।
18	संयुक्त राष्ट्र की सुरक्षा परिषद ने गाजरं में फिलिस्तीनी लोगों के जीवनरक्षा के लिए मानवीय सहायता के प्रसार को बढ़ावा देने के लिए कई लाभों के लिए एक उचित प्रस्ताव भी भेजा है।	संयुक्त राष्ट्र के सुरक्षाशील के अलावा, गीतों के तहत जीवन के विभिन्न प्रकार के जीवन के लिए जीवन की सीमाओं का उपयोग करने के लिए किसी भी निर्णय लिया गया है।
1	किरणों से	आकाश में
3	अन्वेषण करना	प्राप्त करना
13	भारत सरकार का उड़ान-5.1क्षेत्रीय अनुसंधान योजना के तहत हिमाचल प्रदेश के चार विधानसभा क्षेत्रों में उड़ान भरे हुए स्थलों का निर्माण किया जाएगा।	भारत सरकार ने राज्य सरकार के 55,000 मिलियन से अधिक क्षेत्र के तहत चार पर्यटन क्षेत्र में चार दिवसीय स्थानों पर हिमाचल प्रदेश बन जाएगा।
6	धीरे धीरे लैंडर की गति धीमी की गई।	धीरे धीरे धीरे धीरे धीरे धीरे चलाने का फैसला किया गया।
9	स्वाभाविक मित्र तो भाग्य से ही मिलता है । वह स्वाभाविक मित्रता को विपत्तियों में भी नहीं छोड़ता है अर्थात् सच्चा मित्र बड़ा दुर्लभ है |	विद्या, बल, विद्या, विद्या, मान-विचार और मोह-ये मनुष्य को प्राप्त नहीं किया जा सकता, इसलिए वह तो विद्या ही है।
10	इस प्रकार के राज्यों के विकास में सहयोग करने के लिए आप सभी का दायित्व है।	ऐसे में राज्य के निवेशक कार्य के लिए सभी को स्वीकार करने का संकल्प है।
3	और परिजन	बहुत से लोग और युवा हो गए हैं।
5	वे सब भी उसको द्वेष करते थे ।	वे सभी भी उसको मार गए।
6	वह माँ के साथ बात करना चाहती है।	माँ के साथ बात करना चाहती है।
3	भोजन से पूर्व आंवला हितकर है ।	जल से ही आकाश को जीतकर
5	पानी पीते समय शेर यहाँ वहाँ देखता है।	जल पीकर शेर यहाँ आते हैं।
4	अभी वह रामेश्वर पहुँचा ।	अभी वह रामेश्वर पहुँचा है।
3	वह पेंसिल तीखी कर रही है।	वह पेंसिल तीखी करती है।
6	कहीं भी संस्कृत में सम्भाषण सम्भव है।	जहां कहीं भी संस्कृत में बातचीत हो सकती है।
1	शक्तिशाली महान	बासी
1	बोला ।	खुश
1	और भी	किसी भी प्रकार भी
4	वह श्रेष्ठ अभिनेत्री है।	वह अच्छा फ़िल्म है।
9	यह सम्भव है। कहाँ से? 'अन्तपारं किल शब्दशास्त्रम्' ऐसा कहा गया है।	यह अनुमान है कि यह किस तरह का अर्थ कहाँ है? यह शब्दशास्त्र का प्रयोग किया गया है।
5	दे दो , मेरी गेंद दे दो ।	ओ , मेरा गेंद दो।
11	आवेदन पत्र में सभीवेदकों ने निवेदन किया-अवारोध की समस्या को सामने नहीं लाते हैं, यह भी विशेष ध्यान दिया जाता है।	रिपोर्ट के दौरान सभी पक्षों को सुरक्षा की स्थिति का प्रावधान नहीं कर रही है।
4	सूत जी ने कहा हे मुनिजन ।	प्रसिद्ध ने कहा
8	इस प्रकार परिणामस्वरूप हिन्दू समुदाय खण्डशः विभाजित हो गया।	यह विषय देश के आसपास से विश्वविख्यात हो गया।
10	ऐसे अनेक प्रकार के यज्ञों का ब्रह्मा के मुख अर्थात् वेदों में प्रसार है अर्थात् वर्णित हैं। उन सब को कर्मों से उत्पन्न हुए जानो	इस प्रकार यज्ञ के कारण यज्ञ के लिये किये गये यज्ञ के लिये किये गये, उसी प्रकार मुझे जानकर, यज्ञ के लिये, यज्ञ के लिये, त्याग के लिये, त्याग के लिये, त्याग के लिये, और कर्म के लिये, और कर्म के लिये, और कर्म के लिये, और कर्म के लिये, और कर्म के लिये, ये दोनों के लिये, ये लोग मेरे द्वारा कहा गया है।।
7	रात को मैंने एक खिड़की बन्द नहीं की थी ।	रात में मैंने एक कुँसी को पीटी नहीं थी।
14	अब मैं तुम्हें तापत्रयहारी अध्यात्मरामायण सुनाता हूँ, जिसके श्रवणमात्र से जीव अज्ञान से उत्पन्न महाभय से छूटकर परम ऐश्वर्य, दीर्घायु और पुत्र पौत्रादि को प्राप्त करता है ॥	अतः मैं तुम्हें आज्ञा देता हूँ कि मैं तुम्हें अपने आपको क्षमा से प्राप्त करता हूँ। हे रघुश्रेष्ठ! आप मुझे पति के रूप में स्वीकार करूंगा। हे पुत्र! आप मुझे इस प्रकार समझे हैं। हे पुत्र! आप मुझे इस प्रकार समझे जाते हैं। हे पुत्र! आप मुझे इस प्रकार आज्ञा देते हैं। हे पुत्र! आप मुझे आप मुझे अपने पति को प्राप्त करते हैं।
23	वह कहता है कि समय और दूर के अभाव से अब तक अधिकांश बैठकें इंटरनेट के द्वारा आयोजित की गई हैं, परन्तु भविष्य में सभी लोगों को केंद्रबिन्दु पर संग्रह करने के प्रयास होंगे।	उन्होंने कहा कि समय के समय और सबसे अधिक समय तक आपदाग्रस्त है, अब तक सरकार ने सभी लोगों को उत्साह से उठाया है, लेकिन केंद्र सरकार ने सभी लोगों को अधिक से अधिक से अधिक से अधिक लोगों को दिया है।
1	सत्यता से	सत्य
1	गर्वविशेष	कुत्ता
13	उसका प्रबोधन करने के लिए पति बहुत जल्द सभी तरह की हिंसा से निवृत्त हो गया और भगवद्भजन के लिए वह बहुतवृत्त हो गया, अच्छा है।	उसके द्वारा समझे जाने पर सभी पुत्रों को देखकर सभी महिलाओं ने मन से कहा कि, "अतिन, ईश्वर, और शान्ति से संतुष्ट हो गया।
9	अब एएसआई को दिसंबर को रिपोर्ट देने होंगे	अब, एएसआईटी दिसंबर को रिपोर्ट होगा।
9	रूमतेक-घैयालवा कर्मपा उद्यान-इस परियोजना के आधारशिलाएँ भीवर्चुअल रूप में रखींगी।	पाइपा-चोर-चैलों के उद्यान में उद्यान के उद्यान के विकास के लिए भी सलाह दी जाएगी।
8	इनमेंसे यथार्थ (शीतोष्णवर्षावाली) ऋतु में औषधि (अत्र शाक आदि ) तथा जलभी ठीक रहते हैं और वे यथोचित अन जलादिक उपयोगमें आये हुए ( सेवन किये हुए ) मनुष्योंको प्राण, आयुर्बल, पराक्रम और ओज यथार्थ उत्पन्न करते हैं ॥	इनमेंसे वात पित्त कफ पित्त कफ और कफ पित्त कफ और कफ आदि विविध लोक दो प्रकारसे एक एक एक एक एक एक एक एक एक एक एक एक एक एक एक एक एक अध्याय है और वह अपयें या दूसरी क्रियासे ही है ॥
4	लेखनी नहीं लिखती है।	लेखनी नहीं लिखता है।
8	इन योजनाओं का लाभ लाभप्रद नहीं हुआ।	इन योजनाओं का लाभ नहीं हुआ।
10	इस बार भी चंद्रमा अपने दक्षिणी ध्रुव के पास समतल क्षेत्र में उतरेगा।	इस दौरान, दक्षिण अफ्रीका के दक्षिण दिशा में स्थित अंतरिक्ष क्षेत्र में एक सौ से अधिक होगा।
8	परीक्षा समय छात्रों को केवल पारदर्शी जलपुट, पारदर्शी पेन और पेन लाना चाहिये।	परीक्षा में छात्र ने केवल छात्रों को अपितु फल लिखे।
4	वह तो करीब-करीब बच गया।	वह जोसे द्वेष करता है।
11	भारतीय मौसम विभाग के साथ-साथ हिमाचल प्रदेश के साथ-मध्य प्रदेश के साथ-बिहार-पश्चिम बंगाल-और झारखंड के साथ भयंकर भय- कुज्झिटिका-बताने की संभावना स्पष्ट है।	भारतीय मौसम विभाग के मौसम विभाग के उत्तर प्रदेश-प्रदेश में जम्मू-कश्मीर-कश्मीर-कश्मीर-कश्मीर के समीप के खतरे-न-नहा-यह क्षेत्र में भारी बारिश कर रही है.
10	लेकिन यह आशंका है कि बिना अनुमति के दवाएं बेची जा रही हैं।	लेकिन यह विषय है कि ऐसी दवा ही है। ऐसी कक्षा में डूबे की घटना ही है।
4	अपने धन का ध्यान रखो।	धनिक विषय पर चिंता मत करो।
10	इसके तहत राज्य की काङ्ग्रेस- सरकार ने एक वर्ष में हजारों काम प्रदान किये हैं।	इसके तहत राज्य के कांग्रेस- सरकार ने एक वर्ष के कार्यकाल के लिए हजार काम किये हैं।
6	तो हम एक छोटा नाटक करते हैं।	तो हम दोनों एक साथ घड़ा करते हैं।
6	घटना के बाद शिक्षक घर से भाग गया है।	घटना के बाद शिक्षक घर से बाहर है।
1	रक्षा करने योग्य	रक्षा करना चाहिए
12	इस समारोह में विद्यालय के बच्चों के अभिभावकों ने बड़ी संख्या में भाग लिया और कार्यक्रमों का आनंद लिया।	इस समारोह में विद्यालय के बच्चों के लिए विभिन्न विषयों पर बहुत से भाग लिया गया।
3	उससे थैला ले जाना चाहिए।	उसके द्वारा थैला की रचना सुनाईये।
8	इस प्रकार परिणामस्वरूप हिन्दू समुदाय खण्डशः विभाजित हो गया।	यह विषय देश के आसपास से विश्वविख्यात हो गया।
8	कुछ दिन पहले अजय रेड का चित्रोतलन शुरू हुआ।	कुछ काररों ने पहले कारगिल युद्ध शुरू कर दिया।
10	फल के प्रभाव से सूर्य बादलों में छिपा हुआ है, संध्या की घड़ियाँ बना दी गई हैं।	फल से सूर्य की गर्मी से पीड़ित हुए और अत्यधिक सेर हो गई।
1	लगाई।	प्राप्त किया
5	ठीक है। मध्यप्रदेश के पन्ना मण्डल में ‘हीरे’ रत्नों की खान की भूमि है।	सत्य चक्रवात के नाम से ही द्वीपों का प्रयोग किया गया।
1	अनेक राम से	अनेक राम के लिए
11	निगम की वायु अनुकूल भंडार का आरक्षण भी करने के लिए यह ऑनलाइन सुविधा उपलब्ध होगी।	उपमुख्यमंत्री मुकेश अग्निहोत्री ने स्थान पर डीजीजीजी को भी संस्कृत सुविधा प्राप्त की है।
11	महाराज को मूर्च्छित देख कर रनिवास की समस्त महिलायें रोने लगीं। तब यह सोच कर कि "यह रुदन क्यों हो रहा है ?" वहाँ वसिष्ठ जी भी चले आये ॥	इस प्रकार राजा दशरथ ने अपने चरण कमलों से पूछा कि तुम्हारा शरीर कहाँ है ? यह कहकर वह सीताजी के चरणों में विघ्न होकर वनवासियों के साथ ही रहने लगे ॥
15	यदि शब्द ज्ञान में धर्म कहा जाए तो साधु शब्द ज्ञान से अपशब्द ज्ञान अधिक होगा। उससे धर्म को अधिक प्राप्त करना होगा।	यदि आप शब्दों को जानने के लिए धर्म का अर्थ है तो वह साधुशब्द ज्ञान के रूप में अधिक रूप से अधिक धर्म प्राप्त करना चाहिए।
12	अमुना ने यह भी कहा कि शिक्षा के क्षेत्र में चाइल्ड एजुकेशन सोसाइटी का लंबा योगदान बेहद सराहनीय है.	शिक्षा क्षेत्र में क्षेत्र के तत्वावधान में मेंटारामसिटी ने कहा कि सुश्रुतसिचि बहुत समय से व्यापारियों को देखा गया है।
13	इसीलिए मैं कहता हूँ नहीं! यह विषय केवल विश्वास के साथ ही सीमित नहीं हो सकता है।	इसलिये मैं कहता हूँ – यह नहीं जानता हूँ। यह ही विश्व का ही है।
11	कांगड़ा जिले के डॉडासीबा क्षेत्र मेंरैल पांचवीं बनूड़ी गौशाला का निर्माणकार्य चल रहा है।	कांगड़ा जिले के वेलांगू जिले के तट पर स्थित गोलीबाजों के लिए मंदिर के निर्माण के लिए अयोध्या में चल रही है।
4	कुत्तों को दूर भगाता है	कुत्ता दूर से करती है।
3	विनाश को प्राप्त न हुआ	नहीं था।
4	उसका लड़का स्कूल में पढ़ता है	उसकी बेटी पाठशाला में पढ़ता है
4	आपकी पुस्तक.... ऐसी ही ।	आपका पुस्तक पुस्तक ऐसा है।
9	लॉन्चर के सफल परीक्षण से इसके सभी उद्देश्य पूरे हो गए।	यह घटना घरेलू सेना के सभी पहलुओं को लाने के लिए तैयार हुई।
9	उत्तर प्रदेश संस्कृत संस्थान जल्द ही जिला स्तरीय समन्वयकों की नियुक्ति करेगा, सिर्फ ऑनलाइन नहीं	उत्तर प्रदेश संस्कृत संस्थान के विभिन्न जिलों में भी संस्कृत का उपयोग नहीं करेगा, केवल संस्कृत का मूल्यांकन नहीं करेंगे।
19	समय से काम करना चाहिए कभी भी निरीक्षण हो सकता है।	समय की कार्य के लिए किसी भी समय की कमी हो सकती है क्योंकि समय सुरक्षा के लिए कठिन रूप से कठिन हो सकती है।
6	तो फिर घर के दरवाजे पर मुझे दीजियेगा	तो घर के पास मैं दूर करो
4	उसी समय मैंने कह दिया था न ?	तब तो ऐसा कहा क्या ?
5	पत्नी –ये कूड़ा नहीं है।	पत्नी – ये है।
13	मुख्यमंत्री ने कहा कि राज्य सरकार ने राज्य में कम से कम 10 फीसदी फिल्में निर्माण की हैं और सर्वश्रेष्ठ फिल्मों के लिए वार्षिक फिल्म पुरस्कार शुरू किए हैं।	मुख्यमंत्री ने कहा कि राज्य सरकार ने राज्य में कम से कम 10 फीसदी बढ़कर सबसे अधिक पुरस्कार जीता है।
15	परन्तु ऐसा नहीं हुआ कि कोई दूषितभाव से युक्त, घृणा से भरा हुआ, हिंसा से भरा हुआ और काल से युक्त होने पर दूसरा व्यक्ति दुखी न हो।	परन्तु ऐसा न तो एक है कि एक बार ही गतिशीलता का साधन है, और क्षण भर में ही अपगूढ़ हो गया है।
3	तब पथिक ने उन्हें गिना।	रास्ते में उन्हें मैंने देखा।
2	यह मानचित्र है।	यह मानद्वाज का क्या है?
5	तो कहो सोने से बनी हुई, चाँदी से बनी हुई अथवा ताँबे से बनी हुई।	वह बोला- सोने का गुच्छा है, यह कहकर स्वर्णमय पात्र है।
7	मेरा भाई अब कहाँ गया है, मैं नहीं जानता	मेरी बेटी अब कहाँ गया है, नहीं ?
8	उस समय वह सर्वान्तर्यामी दूर्वादल के समान श्यामवर्ण, कमलनयन, चीराम्बरधारी, स्निग्ध जटाजूट वाले श्रीरामचन्द्र का सीता और लक्ष्मण के सहित बहुत देर तक ध्यान करते रहे ॥	जो व्यक्ति श्रीलक्ष्मणजी ने चार तीस से अधिक, सितूपी, सणूर, सणूर, त्रिहाचन, कौतिनी, त्रिपली, त्रिपली, त्रिपली, त्रिपलीन, त्रिलोक, त्रिलोक, चक्र, चक्र, चक्र, चक्र, चक्र, चक्र, चक्र, चक्र, चक्र, चक्र, चक्र, चक्र, चक्र, चक्र, चक्र, चक्र, चक्र, चक्र, चक्र, चक्र, चक्र, चक्र, चक्र, चक्र, चक्र, चक्र, चक्र, चक्र, चक्र, चक्र, चक्र, चक्र, चक्र, चक्र, चक्र, चक्र
8	अहमदाबाद में भक्त श्रेष्ठ लादूराम नामक एक ब्राह्मण शिष्य थे।	मैं तीसरे पुरुष को श्रीराधा का नाम और दिव्यता था।
8	अखिलेश ने कहा कि आज बहुत ही अच्छा दिन है।	अशोकसिंह ने कहा कि आज बहुत शुभ दिन है।
10	गाजा पर हवाई हमलों ने हमास की 10 भूमिगत सुरंगों और हथियार निर्माण सुविधाओं को नष्ट कर दिया है। इसराइल इसी बात पर घमंड करता था।	एशियाबाद में पांच साल की दूरी की दूरी तक भूकंप के कारण, भूकंप के कारण, भूकंप के कारण, भूकंप के निर्माण के लिए, यह अभियान के लिए एक बड़ी आपदा है।
10	में प्रकाशित''मजाक''नमिका उनकी पहली कथावाचक बनीं।	19999 में''इस फिल्म का नाम''नाम का पहला पहला पहला पहला पहला है।
22	केरल के राज्यपाल आरिफ मुहम्मद खान, मुख्यमंत्री पिनाराई विजय, नौसेना के कमांडर आर. हरिकुमार, कार्यक्रम में दक्षिण मंडल अधिकारी एमए हम्पी होली ने भाग लिया.	केरल के राज्यपाल अब्दुल्ला, मुख्यमंत्री, मुख्यमंत्री, आफ्फेंट के नेतृत्व में, मुख्यमंत्री, एसएसएमसी, एसएसएमसी, एस.एस.एस.एस.एस.एस.जी.जी.जी.जी.जी.जी.जी.जी.जी.जी.जी.जी.जी.जी.जी.जी.जी.जी.जी.जी.जी. के.एस.एस. के.एस.एस.एस.एस.एस.एस.एस.एस.एस.एसएल.एसएल.
4	सोलन के सरकारी महाविद्यालय से स्नातक पदवी पाई।	राजकीय चिकित्सा महाविद्यालय के प्रिंसिपल बने।
7	मन्दिर के बाहर बड़ी संख्या में श्रद्धाल् वर आए हैं।	मंदिर के बाहर बड़े हिंदू मंदिर के अन्दर बढ़ गए हैं।
6	मन्दिर के ऊपर सुन्दरता से हाथी उछले हुए हैं।	देवपाल के मस्तक पर सुन्दर गड्ढे हैं।
10	खाने की चीजें , सौन्दर्यप्रसाधन , स्वच्छता की वस्तुएँ खरीद सकते हैं।	रसों का प्रयोग करना , स्वच्छ वस्तुओं का खेल का लेन का लेन का लेन-पीओं का खरीद सकते हैं।
7	और भी घर में बहुत काम होने से निरन्तर पढ़ना ही नहीं होता।	अन्य घर में भी काम करना चाहिए। अन्य लोग ही नहीं चाहते हैं।
4	प्रतिशत लोग गांवों में रहते हैं।	लोग लोग गाँवों में रहते हैं।
1	आने के लिए	जाना
6	सर दोराबजी टाटा उनमें से एक थे।	तालाब में एधिल के चित्र हैं।
1	तुम में	तुम सब के लिये
4	आज धोबी नहीं आया।	आज धोबी नहीं आया।
9	प्रसारित तस्वीरों से पता चलता है कि चक्रवात के कारण भारी वाहन भी घरों के ऊपर गिर गए	भूकंप के कारण, भूस्खलन के कारण भी मौत के कारण भी कूदते हैं।
4	तुम वाङ्मय हो, तुम चिन्मय हो।	तुम दोनों के लिए हो।
6	पुत्र -वहाँ आपने साड़ी लटका दी थी	पुत्र - वहाँ आप धोते हैं।
12	प्रधानमंत्री श्री नरेंद्र मोदी ने नई दिल्ली में श्रीराम जन्मभूमि को-मन्दिर की स्मारक डाक टिकट का परिचय दिया-मुद्रा ङ्कन ने पहले घोषणा की।	प्रधानमंत्री श्री मोदी ने नई दिल्ली में नौवें मंदिर पर राम मंदिर पर चलने वाले श्री राम-विडण्य-उन्होंने टिपीकंद को संबोधित किया।
14	आदिलाबाद, निर्मल, मुलुगु, मेदक जैसे जिलों में तीव्र गति से मतदान हुआ, हैदराबाद में मतदान की गति धीमी थी.	समापन समारोह में, हरियाणा, मॉल, मॉल, मेबाद, मेउकुलपुर जैसे संगठनों के साथ दिल्ली में आयोजित किया गया था।
5	रेलवे स्टेशन में लोग प्रतीक्षा कर रहे हैं।	रेल स्टेशन में लोग प्रतीक्षा कर रहे हैं।
1	व्यर्थ	कष्ट
13	2008 में, लिंका ने 3,500 कंगनों के संग्रह के साथ बुक ऑफ वर्ल्ड में प्रवेश किया।	इसके बाद 20000 करोड़ रुपये के खर्च के साथ, स्कोरॉस ने 2000000 रनों को आउट कर दिया।
4	चिकित्सक रोगी को औषधि देता है।	चिकित्सक रोगी को औषधि देता है।
5	हिमाचल में भी यह चरण निकलता है।	हिमाचल प्रदेश भी यह है।
11	जब शिकारी ने अपने निकट आये हिरण की करुण दृष्टि देखी तो उसका हृदय दया से भर गया	अपने पास आकर आ गया और आँखों को देखकर, कुत्ता, कुबुनों को देखकर, सिंह ने देखा।
6	हम सभी पर्वतों पर चढ़ नहीं पाएँगे।	हम सभी पहाड़ पर चढ़ते हैं।
1	मरघट	चींटी
8	साहित्य से ही साहित्यकार अपने भावों और विचारों के समाज में प्रसारित करता है।	साहित्य में बातचीत करने वाले अपने विचारों को सोचते हैं और समाज की समृद्धता को मजबूत करता है।
4	हम शिव के मन्दिर गए।	हम शिव का मंदिर था।
11	केवल दूध पर रहते हुए वर्धमान-पिप्पली विधि से एक हजार हरड़ो का सेवन करना चाहिये । अथवा शिलाजतु की विधि से शिलाजीत या गुग्गुल का प्रयोग करना चाहिये ॥	अथवा भी - यदि एक मास के साथ या घी के साथ अथवा घी के दूध के साथ अथवा घी के दूध के साथ अथवा घी के दूध के साथ अथवा घी के दूध के साथ पकावे तो इसमें दूध पीने से दूध पीने से दूध शान्त नहीं होता ।
4	मैं असत्यभाषण नहीं चाहती हूँ।	मैं असत्यभाषण नहीं चाहता हूँ।
14	जब तक रास्ता नहीं रुकाता है तब तक केवल 4 ⁇ 4 वाहन ही मिल सकते हैं-अवरोध प्राप्त कर सकते हैं।	जब मार्ग की स्थिति नहीं होती है तब तक केवल 150 किलोमीटर की दूरी तक ही बस पर-नगर का भी भर दिया जा सकता है।
13	विपक्षी त्रियुंडा शुल्क लिया जाता है, विमानस्थानक-विस्थापित लोगों को पुनर्वास के साथ अन्य मामलों में धैर्य देता है।	इस बारे में तीन बार घर के घर में, घर में, एक और जगहों पर भी लोगों के साथ चर्चा कर रही है।
4	पाँच लड़कियाँ है।	पाँच लड़कियाँ हैं।
17	 ⁇ imes ऑफ इण्डिया पत्रिका के समाचारानुसार "बुच्ची बाबू सना" के''आरसी 16''इसे पैना इण्डिया फिल्म है।	पहुंचे समारोह के अनुसार, यह खबरपत्रपत्र के अनुसार, "कॉलेबू''इटी''इण्डिया''इस फिल्म का शूटिंग''इस फिल्म का शूटिंग है।
8	खबर के अनुसार, विद्या बालन की प्रेत की''मज्जुलिका''इसकी भूमिका में दिखाई देती है।	खबर के अनुसार, विद्या के बच्चों के लिए''कहाँ''इसकी भूमिका में''इसकी भूमिका में दिखाई देता है।
1	अवश्य होनेवाला	आप सब को
1	दुश्मन	अशुभ
1	पगडंडी	एक साथ
5	दादा पौत्र को पत्र लिखाता है।	दादाजी हाथ में लिखती है।
4	आजकल रास्ते में पुलिस रक्षक खड़े रहते हैं।	अब रास्ते में पुलिस पुलिस खड़े होते हैं।
8	गुजराती भाषा में बावड़ कहते हैं	गुजरात के बोलने पर "अष्य" ने कहा।
23	कुछ लोगों ने कहा दृ वह भालू बहुत छवीला है, वह सूर्य अस्त हो जाने के बाद छिप कर आता है और कामदेव के समान सुन्दर अपना शरीर युवतियों तथा किशोरियों को दिखाता है। इस समय किसी का भी शील सुरक्षित नहीं है।	कोई भी व्यक्ति – (बाजाने) प्रयोग्य,आस, छुड़ौड़ने और ईते हैं, जो कुछ भी नहीं, वह तो क्षण भर में फण्डे हुए लोगों के द्वारा पीड़ित रहता है, वह तो कुछ भी है, परंतु जब कुछ भी गुणों से पीड़ित नहीं है, तो कुछ भी गुणों से भरा है।
6	अजी ! क्यों जा रहे हैं ?	यह श्रा ! किसलिये जा रही है ?
6	रक्षा पहल राष्ट्रीय-राज्य दुरंत निवारण सेना के, और रिजर्व बल के नेतृत्व में.	रक्षा अभियान के तहत राष्ट्रीय-अपराध-अपराध-अपराध-अपराध, यूनिपोपालन और अन्य देशों में चल रही हैं।
8	सूर्य वक्षस्थलकी, दिशा कर्णेदिय की, चंद्रमा मनकी, तारागणरूपकी और रात्री छायाकी रक्षा करो ॥	हे सूर्यदेव ! सूर्यदेव के साथ मैं तुम्हें नमस्कार करने के लिए मन से ही तुम्हारे मन में गया हूँ।
11	तत्पश्चात् सेठ को बुलाकर उन्होंने कहा 'अरे! सेठ, क्या तुमने किसी क्षपणक को मारा है?	फिर पर श्रेष्ठ वह आश्चर्यचकित होकर बोला- हे आर्य! तुम्हारा क्या प्रयोजन है?
5	गाँव के चारों ओर क्षेत्र हैं।	गाँव के चारों ओर खेत हैं।
18	भला आपके सिवा और किसके उदरमें शिव, ब्रह्मा आदि यह सारा प्रपञ्च स्थित है, कौन इसकी रक्षा करता और किसकी नाभिसे यह उत्पन्न होता है? आपको छोड़कर कौन इसे अपने पैरोंसे मापकर (प्रलयकालमें] निगल जाता और पुनः [सृष्टिकालमें] बाहर प्रकट कर देता है; यह प्रपञ्च किसी दूसरेके अधीन है ⁇ ऐसी शङ्का भी कौन कर सकता है?	हे प्रभो ! आपके नेत्रों को किस प्रकार के द्वारा छूटने, उसी प्रकार, उसी प्रकार, नेत्र, नेत्र, नेत्र, नेत्र, वस्त्र, वस्त्र, वस्त्र, वस्त्र, वस्त्र, वस्त्र, वस्त्र, वस्त्र, वस्त्र, वस्त्र, वस्त्र, वस्त्र, वस्त्र, वस्त्र, वस्त्र, वस्त्र, भस्म, भस्म, भस्म, भस्म, भस्म, भस्म, भस्म, भस्म, भस्म, भस्म, भस्म, दला, दला, उत्र, उत्र, उत्र, उब, उब, दाम, किन्तु ये पाँच कौन हैं?
4	उसने मेरा वाहन तोड़ दिया	उसने मेरी बसें बन्द कर दी।
4	सास बहू को पाकविद्या सिखा रही है ।	सवाईई की रचना पढ़ती है।
13	धन से धर्म की रक्षा की जाती है। विद्या को योग के द्वारा बचाया जा सकता है। मधुरता के कारण राजा को बचाया जा सकता है और अच्छी स्त्रियां घर की रक्षक होती हैं।	बुद्धिमान मनुष्य को चाहिए कि शक्ति की रक्षा करनी चाहिए, विद्या की रक्षा करना चाहिए, विद्या की रक्षा करना चाहिए, घर की रक्षा करना चाहिए और विशीलता का पालन करना चाहिए।
4	वह रोशनी है	वह रोटी है।
6	तब ही एक छात्रा वहाँ से गुजरती है	तब एक छात्र वहाँ से लेता है।
3	हम सब पकाते हैं ।	हम सब पकाते हैं।
8	वश में किया हुआ चित्त जिस कालमें अपने स्वरुपमें ही स्थित हो जाता है और स्वयं सम्पूर्ण पदार्थों नि: स्पृह हो जाता है, उस कालमें वह योगी कहा जाता है।	जब मनुष्य आत्मा के मन में स्थित रहता है, तब आत्मा को आत्मा के ही समझता है और आत्मा के सभी ओर से आत्मा को प्राप्त करता है।।
13	सामाजिकन्याय के विश्व दिवस सामाजिकन्याय के युद्ध में हुई प्रगति को चिन्तन करने के लिए, बाकी के आह्वानों को भी चिन्तन करने का अवसर है।	सामाजिकन्याय दिवस का आयोजन विश्व के वैज्ञानिकों को सफल करने के लिए, और युद्ध के लिए, और लक्ष्य को ही अवसर पर समर्पित किया गया है।
1	उन्नीस	नए
17	ये विधेयक इस वर्ष अगस्त में लोकसभा में पेश किये गये थे, पारित होने के बाद ये विधेयक अंग्रेजी में- शासन के ढह के स्थान पर आए।	ये इस विधेयक के पहले दिन सदन के रूप में जनवरी के बाद सदन के बीच एक-दूसरे को देखने के लिए एक महान उद्देश्य आए हैं।
8	संगीता रेलमार्ग, नन्दिनी नैथानी कार्यक्रम के संयोजक के रूप में थे।	संस्थान के वैदिक मंगलाचरण और अतिथि भी उपस्थित थे।
4	हम दोनों कार्यकर्ता हैं।	हम दोनों कार्यकर्ता हैं।
3	हम दोनों यज्ञ करते हैं ।	हम दोनों यज्ञ करते हैं।
23	इस अवसर पर मुख्य अतिथि बालिकाएँ-छात्रों की उपलब्धियों को बधाई देते हुए उन्होंने कहा कि आज लड़कियों की युग है और बेटी की हर कार्य में पुत्रों की कमी नहीं है।	इस अवसर पर मुख्य अतिथिों के लिए विद्यार्थियों ने भाग लिया कि आज हम कानों और अन्य लोगों के लिए हर प्रकार की विशेषता और दान के लिए काम नहीं हैं।
4	छात्र खुश होते हैं	छात्र खुश होते हैं।
3	अमिता मूँगफली की कतली खा रही है।	अंचीमली पर रखी है।
7	हिरणी माँ डर गई और वहाँ से नहीं हटी	माता की बहन ने उसे आज्ञा दी।
1	कंघा	काना
6	उसका पोता रास्ते में साइकिल चला रहा है	उसके पोता साइकिल में साइकिल चलाती है।
4	जल्दी जल्दी वस्तुएँ रखो।	जल्दी से वस्तुएँ रखो।
7	कभी कभी मेरे साथ भी बात करते हैं	कभी कभी मैंने भी बात कर रही है।
4	दीपावली पर लक्ष्मी की पूजा कब होती है?	दीपावली की लक्ष्मी कहाँ होती है?
7	एसआईटी कहता है कि अभियुक्तों के खिलाफ दृढ़ साक्षी हैं।	अभियुक्त ने कहा कि प्रौद्योगिकी के उपयोग के लिए एसएसटीटी का अनुसरण कर रहे हैं।
5	उसका सूत्रग्रन्थ 'शब्दानुशासन' है।	उसका सूत्र 'विश्वकोश' है''इस प्रकार प्रसिद्ध है।
10	चार प्रकार के अम्लो ( वृक्षाम्ल, अम्लवेतस, अनार और बेर अथवा कैथ, चौपतिया, वृक्षाम्ल ओर अनार ) का एक प्रस्थ, सोठ, मरिच और पिप्पली मिलित तीन पल, पाचो नमक ( सैन्धव, रुचल, सामुद्र, विड् और उद्भिद ) मिलित चार पल, शर्करा आठ पल मिला कर चूर्ण कर लेना चाहिये । इस चूर्ण को शाक, दाल, राग ( व्यञ्जन विशेष ) आदि में मिलाना चाहिये । यह चूर्ण कास, अ	यदि एक पाली दीर्घ ⁇  में शोध और वातजन्य शोथ का प्रयोग करना चाहिये तो वह कुमुच्छन, गुलगगुन, गुलगिल, कपहगहहह, पिगली, पिगेद, पिगेद, पिगली, पिगौली, पिगौम, पिगौली, पिग, पिग, पिग, पिगम, पिग, पिगम, उदर, पिगली, पिगम, उदर, उदर, पिगम, उदर, पिगली, उदर, सोठ, सोठ, सोठ, सो
5	अवधेश किसका बड़ा भाई है?	विभु बहन किसका भाई है?
3	आप विद्यालय जाईये।	आप विद्यालय जाईये।
10	उनका जन्म 1924 में मध्य प्रदेश के सिवनी जिले के एक कस्बे डिगोरी में हुआ था।	191 में वह तमिलनाडु जिले के कर्नाटक के जुनटूर जिले में इस तरह का जनदूत था।
4	सूत जी ने कहा हे मुनिजन ।	प्रसिद्ध ने कहा
6	इस विश्व प्रसिद्ध घाट में कुम्भमेला बनती है।	इस विश्वकोश का अपहरण करके छोटा पात्र बन जाता है।
5	अशिक्षित मनुष्य पशु के समान होते हैं।	शिक्षित होता है मनुष्य पशु के द्वारा पशु होता है।
9	वीं फेल और दक्षिण की फ़िल्म निघनी थी।	एडराइट के नाम से भारत के अनेक शूटिंग में बहुत जल्दी था।
5	वह मुंबईनगर के तोंग-अस्पताल में घुस थे।	वह मुंबई नगर में तो रंगका-टैट में था।
1	कीड़ा भी	कोई भी
7	मेरे पिता मद्यपान छोड़ दें यह मैं चाहती हूँ।	मेरे पिता मद्यपान करो। मैं चाहती हूँ।
7	वह दादाजी को प्रणाम करके सब कुछ पूछता है	वह दादीजी से प्रश्न पूछता है।
4	उनके ऊपर आवरण लगाता है।	उसके ऊपर से ऊपर से ऊपर रख रहा है।
7	वानरोंका नन्दन और राक्षसोंका अवसाद वह अस्त्र है	वानरों और राक्षसों के बीच आने वाले राक्षसों के द्वारा वह पृथ्वी पर गिर गया।
4	सज्जन पुरुष तिल के समान छोटे से उपकार को भी पहाड़ के समान बड़ा मानते हैं।	मनुष्य को चाहिए कि वह ठग के समान होता है। वह ठग के समान ही होता है।
19	लोकसभा चुनाव से पहले बहुजन समुदाय के सांसद रितेश पांडे ने रविवार को उत्तर प्रदेश के उपमुख्यमंत्री ब्रजेश पाठक और भारतीय जनता पार्टी के नेताओं की उपस्थिति में दिल्ली में भाजपा की अध्यक्षता की।	लोकसभा चुनाव के पहले दिन, भाजपा के पूर्व मुख्यमंत्री, सोमवार को दिल्ली के मुख्यमंत्री, भारतीय जनता पार्टी के अन्य वरिष्ठ समुदाय के अधिकारियों, उत्तर प्रदेश के अन्य वरिष्ठ समुदाय के अन्य कार्यकर्ताओं, जिला अधिकारियों, बीजेपी के भी मुख्य मुख्यमंत्री और अन्य कांग्रेस के प्रतिनिधि उपस्थित हैं।
15	इसी प्रकार श्रीरामचन्द्रजी के बाणों से रावण के समान वर्त्तमान सिर पर एक सौ खरोटियाँ टूट गईं यदि भी उसके अन्दर नहीं दिख रही थीं।	इसी प्रकार श्रीराम रावण के बाणों से रावण को तो सिर पर रखकर सिर पर गिर गया और उसके सिर पर भी उनके बच्चे का भी नहीं दिखाई देता था।
4	प्रारम्भिक धर्म का साधन क्या है?	क्या धर्म के लिए है?
11	पर्यावरण विभाग ने कहा कि हिमाचल प्रदेश में दो दिन और उत्तराखंड में चार दिन तक बारिश जारी रहेगी.	उन्होंने कहा कि हिमाचल प्रदेश के दोवें दिन तक हिमाचल प्रदेश में चार सौ से अधिक खर्च होगा।
18	राज्य के प्रमुख औद्योगिक संस्थानों और उद्यमियों ने औद्योगिक क्षेत्रों में आधारभूत संरचनाओं को मजबूत करने के लिए बड़े पैमाने पर घोषणा की आशा व्यक्त की है, वहाँ नई नई नई उत्पत्तियों के लिए आकर्षण की भी आशा करते हैं।	राज्य के लोगों और औद्योगिक लोगों को आधारभूत सहायता देने के लिए आधारभूत संरचनाओं को मजबूत करने के लिए आधारभूत संरचनाओं को मजबूत करने के लिए नई प्रौद्योगिकी योजनाओं का भी प्रयास कर रही है।
1	प्राप्त हुई	प्राप्त हुआ
4	पहले मेरा काम पूरा करिये	पहले मेरा काम करिये।
4	आज्ञा को पाकर दोनों चल पड़े।	आदेश करके दोनों को रोकें।
12	हे पुरुषोत्तम ! तुम्हारे लिये कैकेयी राजादशरथ से राज्य की याचना की थी। सत्यसन्ध राजा दशरथ ने प्रतिज्ञा पूर्वक कैकेयी को वर दिया था ॥	हे प्रभो! आप मुझे राज्य के लिये या राज्य के लिये आप ही रहकर आप इस राज्य का भार हरण हो गये हो, अब आप अपने इस विषय में इस राज्य का पालन कीजिये ॥
25	इस संबंध में अस्पताल के प्रशासन को और सरकार को कई अनुरोध किये गये, लेकिन उनके अनुरोध पूरी नहीं हो रहे हैं, जिसके कारण से वे कार्य को शुरू कर रहे हैं, मंगलवार से चार घंटे तक आन्दोलन करेंगे।	इस बारे में व्यवस्था के तहत सरकार और उनके योजनाओं के निर्माण के लिए कई बाधाएं शुरू हो सकती हैं, लेकिन वे अलग-अलग तौर पर काम करने के लिए तैयार हैं, उन्होंने डाॅक सावरसिंग से जारी किए गए हैं।
3	एक कारखाने में काम कर रहा हूँ।	आँपिल विस्तार से
10	श्रीकण्ठ बोला ⁇ ”मित्र! तुम्हारे वचनों को सुनकर मेरे मन में बहुत प्रसन्नता हुई।	श्रीभगवान् बोला- “हे सौम्य! तुम्हारे भाई! मेरे मन से जो बहुत खुश हुआ है।
8	सुदैव से यह संभव होता है। परन्तु इस आत्मा के संशय (वाले कार्य) में प्रयत्न नहीं करना चाहिए।	विद्या से बढ़कर होने वाले व्यक्ति को सोचता है लेकिन इस प्रकार मन को अपने आपस में धारण करें।
10	अस्तित्व को प्राप्त करके भाषा संस्थान महान् व्यक्तित्वों की स्मरण के लिए ऐसे भव्य कार्यक्रम का आयोजन करता है।	यह बात करके बोलने के लिए विभिन्न प्रकार के माध्यम से कार्यक्रम आयोजित करती थी।
1	मैं जानती हूँ ।	मैं जानता हूँ
5	वह हिन्दी नहीं जानता है।	वह हिन्दी नहीं जानता है।
6	ये महोदय बहुत कर्मठ थे ।	यह बहुत भक्ति बहुत ही था।
8	फिर उन्होंने चीन का राष्ट्रीय ध्वज फहराया. बाद में, राष्ट्रों के बीच मार्च अंग्रेजी वर्णमाला के क्रम का पालन किया गया।	फिर से संयुक्त राष्ट्र के राष्ट्रीय ध्वज फहराकर ध्वस्तियों के बीच झगड़ा में अरब देशों के लिए झगराबाट का प्रयोग किया गया।
4	दीप्ति बैंगन की सब्जी लाती है।	जगदीश बैग पर सब्जी लाता है।
9	कन्या के सहायक को देखकर निशाचर दशग्रीव ने पूछा – आप कौन हैं?	कन्या ने उस समय उस युद्ध देखकर दसवें के साथ उसे बुलाया ?
9	आज तुम लोगों के साथ रमेश नहीं आयेगा ऐसा है न ?	आज तुम लोगों के साथ मालिनी आता है, यह नहीं।
3	मैं देशभक्ति गीत गा रहा हूँ।	मैं देशभक्ति गीत गा रहा हूँ।
15	पारंपरिक-इंक्यूबेटर-इत्या के खिलाफ यह यन्त्र हर शिशु के लिए विशिष्ट है- आवश्यकताओं के अनुकूलता करके स्वतन्त्र पकाने वाला-इंक्यूबेटर-इत्या इन दोनों के रूप में काम करता है।	भोपाल-उत्तर प्रदेश के तेन-उत्तर-यह विशेष-बिक्री-इसका उद्घाटन कर रहा है कि प्रत्येक बच्चों के लिए प्रत्येक-बाल-सम्मान के लिए प्रत्येक-बाल-शिनहना-शिन-शैस के रूप में काम कर रही है।
22	महँगाई, सेब के उर्वर कीटनाशक के आयात शुल्क कम करने जैसे विषयों पर सम्मेलन में चर्चा की जाएगी, इससेब के उत्पादन की कीमत में दोगुना हो गई है कि भविष्य की रण नीति का निर्णय किया जाएगा।	महायत, चंडीगढ़, डार्डिकल संगठनों के लिए आए उत्पादों के बारे में चर्चा की जाएगी, उन्होंने कहा कि सेब उत्पादकों के बारे में जानकारीगार के कारण सेब उत्पादकों के बारे में जानकारी होगी।
8	अंत में सौ लोग भण्डार में प्रसाद रूप में खिचड़ी का सेवन करते थे।	अंत में हजार से लोग लहर के रूप में स्नान करते थे।
6	जो प्रशिक्षण देती हैं वे प्रशिक्षिकायें।	जो शिक्षक आते हैं वे प्रशिक्षक हैं।
4	सबके नाम लिखने होते हैं।	सबके नाम लिखने में अनेक लोग होते हैं।
1	महिला	प्रसन्न होता है
3	सभी स्थानों पर क्या वर्जनीय है?	क्या सब कुछ नहीं करना चाहिए?
13	जब अमेरिकी विदेश मंत्री एंथनी ब्लिंकन चीन की यात्रा के लिए रवाना हो रहे थे तभी आसमान में चीनी एयर बैलून देखा गया।	संयुक्त राज्य अमेरिका के कार्यकारी अधिकारियों ने संयुक्त राज्य अमेरिका के बंधन को दूर करने के लिए एक विमान पर एक आतंकवादी हमला किया है।
1	जरद्गव ने	पैर
4	कहीं पर एक बुढ़िया मिलती है।	कहीं भी वृद्ध एक निर्धन मिल रहा है।
8	केंद्र सरकार भी जहाँ आवश्यक है वहाँ धन देता है।	केंद्र सरकार भी जहां आवश्यक है वहाँ धन बढ़ती है।
13	डॉक्टर नाराज हैं क्योंकि चिकित्सा महाविद्यालय के प्राचार्यों और चिकित्सा अधीक्षकों का अधिकार नहीं लौट रहा है।	चिकित्सा महाविद्यालय में चिकित्सा परीक्षा और चिकित्सा विभाग द्वारा निःशुल्क चिकित्सा पत्र प्राप्त नहीं करता है।
6	सम्भव हो तो बाजार से सेव लाईयेगा।	हो सके तो तो दुकानदार के लिये लड्डू लाओ।
10	किससे कष्ट को तुम यहाँ आ रहे हो बताओ कैसे सेवा करूँगा।	किसको कष्ट से तुम शीघ्र आई हो। तुम बताओ।
16	एक सामाजिक संदेश में उपराष्ट्रपति ने कहा कि फली नरीमन सत्रह वर्ष की अवधि के दौरान भारतीय विधि-प्रणाली में महान् व्यक्ति थे।	एक सामाजिक- सामाजिक- सामाजिक-सम्मेलन में सम्मेलन में प्रधानमंत्री ने कहा कि सत्ताईस से अधिक-दो हजार से अधिक-दो हजार से अधिक-दो हजार से अधिक-दो हजार के बाद कई युवा थे।
15	कर्मा दोरज ने कहा कि यह सफलता ईश्वर की, पिता की, शिक्षकों द्वारा आशीर्वाद के मार्गदर्शन का फल है।	कन्नौल ने कहा कि यह खुशी ईश्वर, ईश्वर और अन्य कार्यक्रम में आयोजित किया गया है।
5	वह पति के साथ घूमने गई थी।	वह थैले के साथ घूमने गई है।
6	इस समय कलियुग का प्रथम चरण चल रहा है।	अभी अंजना का पहला चरण आ रहा है।
4	वो दो थीं ।	वे दोनों पहुँचे थे।
1	नेत्रों की पलक गिरने का समय	कुर्सी
4	पुरुषार्थ (मेहनत) से ही लक्ष्य की प्राप्ति सम्भव है।	पुरुषार्थ के लिए लाखों रुपये का प्रकाश होता है।
18	उन्होंने कहा कि सरकारी कार्यालयों में ई-टेक्सी-यान भी स्थापित हो जाएंगे जिससे युवा लोग भी निश्चित आय स्रोतों को प्राप्त कर सकते हैं।	उन्होंने कहा कि सरकारी काम में ई-टैक्सी-बिक्रीों में भी युवाओं को निलंबित करने का निर्देश भी दिया जाएगा जिससे भी काम पूरा हो सकेगी।
3	भैंस आंगन में रहती थी।	घड़ी सेर की टिकट में
19	नरेंद्र मोदी के आतंकवादी हमलों के खिलाफ शून्य सहनशीलता की नीति से यदि कोई भी व्यक्ति, संस्था या भारत के खिलाफ गतिविधियों में लगे दिखता है तो उसका दण्ड नहीं होगा।	प्रधानमंत्री नरेंद्र मोदी ने आतंकवादियों को निर्देश दिया है कि अगर कोई भी भारत के अंदर ले गया है तो कोई भी भारत के रूप में काम नहीं करेगा।
20	सदन में शोर हो गया, इसके बाद- विधानसभा के उपसभापति चुनाव के लिए दोनों ओर से- प्रस्ताव किया गया, और सभी एक में विनय कुमार नाम के लग गये।	सदन के शुभमनजे - वहाँ विधानसभा चुनाव में दोनों पक्षों को लाने के लिए निर्णय लिया गया, जिनमें दो लोगों ने एक बार चर्चा की।
6	स्वरा – इनकी दूसरी भी कोई विशेषता है।	अपने पराक्रम से कुछ भी शत्रु है।
10	मुख्यमंत्री सुखविंदर सिंह सुक्खू ने कहा कि इस तालाब के शुरू होने से परिसर के अक्षात्कार में इसका उपयोग हो गया है।	मुख्यमंत्री सुखविंदर सिंह सुक्खू ने कहा कि इस दौरान इस संयंत्र का उल्लंघन किया गया है।
8	मेरा पैर, मेरा हाथ.... मेरा शिर... मेरा मुख... ।	मेरा पैर, मेरा हाथ हाथ, मेरा हाथ मेरा मुख मेरा मुख मेरा गया।
3	पुत्र प्राप्ति के लिए ही स्त्रियों का वरण किया जाता है।	पुत्र के समान ही
20	अखिल भारतीय कांग्रेस समिति के अध्यक्ष मल्लिकार्जुन खरगे, वरिष्ठ नेता सोनिया गांधी, राहुल गांधी, प्रियंका गांधी भी शपथ ग्रहण समारोह में उपस्थित थे।	अखिल भारतीय कांग्रेस समिति के अध्यक्ष सदस्य सचिव प्रतिनिधि प्रतिनिधि, वरिष्ठ कांग्रेस, सेवानिवृत्त प्रतिनिधि, राजस्थान सहेंद्र, प्रियंका गांधी और अन्य सदस्य उपस्थित थे।
20	जब मुख्यमंत्री ने कहा कि स्थायी घर बन रहा है तब विकास ने कहा कि हाँ महोदय, आपकी सहायता से उत्तम घर बन जाता है।	जब मुख्यमंत्री ने कहा कि घर के निर्माण में पर्याप्त है, तब मैंने कहा कि ठीक धन का अभाव हो जाता है, आपका घर ठीक है।
9	शिमलानगर के रिजभूम, मलमार्ग और धर्मशाला में बड़ी संख्या में कार्यक्रम आयोजित किए गए।	शिमला के डगदाल में, धर्मशाला, धर्मशाला, और वायु-जिला-अमहार-उन्होंने कार्यक्रम का आयोजन किया।
7	देवव्रत रोगियों की सेवा करता है चूंकि सेवा भाव है।	देवेश्वर से उठता है क्योंकि वह सेवक स्वास्थ्य की सेवा करता है।
22	कार्यक्रम में प्रोफेसर एस.के. उपस्थित थेसविता शर्मा, प्राकृत भाषा विभाग के अध्यक्ष प्रोसुदीप कुमार जैन, श्री आदित्य पंचोली, कम्प्यूटर विभाग के प्रो, प्रकाशन विभाग के सहायक डाॅज्ञानधर पाठक, शोध विभाग के प्रमाण शोधकर्ता डाॅजीवन कुमार भट्टराई, अनुसंधान सहायक तरूणा-अवस्थी एवं विश्वविद्यालय के अन्य शिक्षक उपस्थित थे।	कार्यक्रम में आधुनिक शिक्षा विभाग के अध्यक्ष प्रो. एस.के. ने किया, प्रोफेसर डॉ. प्रमोद कुमार कुमार कुमार शर्मा, डॉ. नवीन कुमार, डॉ. नवीन कुमार शर्मा, डॉ. नवीन कुमार कुमार शर्मा, डॉ. नवीन कुमार शर्मा, डॉ. तरकाचार्य, डॉ. तरकाचार्य, डॉ. तरकाचार्य, डॉ. तरकाचार्य, डॉ. तरुण कुमार शर्मा, डॉ. नवीन कुमार कुमार शर्मा, डॉ. संजय कुमार, डॉ. राकेश कुमार शर्मा, डॉ. दिनेश कुमार शर्मा, डॉ. दिनेश कुमार, डॉ. मनोज कुमार कुमार शर्मा, डॉ. मनोज कुमार शर्मा, छात्र, छात्र,
3	चन्द्रमा रात्रि करता है।	निशा पहाड़ा बनाता है।
3	यहाँ दौड़ स्पर्धा नहीं है।	यहाँ दौड़ने का दूसरा दूसरा दूसरा दूसरा दूसरा नहीं है।
3	आप जल्दी से आईये।	आप जल्दी आओ।
8	गृह विभाग, हिमाचल प्रदेश-लोकसेवा- कमीशन के माध्यम से नियुक्त नए मानकों का निर्धारण किया गया है।	गृह विभाग ने हिमाचल प्रदेश-विधार-आयोग के माध्यम से नई नियुक्त हुए नई नियुक्त मन से नई नियुक्त हुए।
11	इस वार्तालाप में दोनों देशों के विशेष कार्य-नीति को समानता के उद्देश्य से मन्त्रण किये गये।	इस भाषा के दोनों देशों के लिए देश के विशेष रूप से कार्य किया गया-राजनीति के कारण मन्त्रक हो गया।
6	चित्रों में सोनाक्षी सरल, लघुकुर्ता-शरारासेट के बीच दिखती है।	नामों में गड्ढे के गड्ढे पर मिट्टी की चोटियाँ दिखाई देती हैं।
9	बच्चे चीनी अधिक खाते हैं तो दाँत जल्दी से टूट जाते हैं।	बालक को अधिक तेज से अधिक तेज दौड़ते हैं तो शीघ्र ही जल्द ही गिर जाते हैं।
6	तो शीघ्र स्नान करते हैं क्या ?	तो फिर स्नान करना चाहिये क्या ?
7	वह यहाँ विधानसभा उपाध्यक्ष विनय कुमार की जगह खड़े होंगे.	वह यहाँ विधानसभा उपाध्यक्ष विनय कुमार को नियुक्त करेंगे।
9	तमे वर्षे दिसंबर महीने की तारीख को संयुक्त राष्ट्र सतत महासभा की स्थापना हुई।	उस वर्ष दिसंबर को संयुक्त राष्ट्र के महासभा का स्थापना हुआ।
7	नाम यदि लम्बी है, तो उसका शरीर बहुत लम्बी नहीं है।	नाम तो बहुत अधिक से भी उसका शरीर नहीं है।
5	सभी यात्री भोजन करते हैं	सभी यात्री भोजन करते हैं।
3	अभ्यास से निपुणता बढ़ती है।	विनाश के लिए वृद्धि बढ़ जाती है।
10	(शरीर से) परे (श्रेष्ठ) इन्द्रियाँ कही जाती हैं; इन्द्रियों से परे मन है और मन से परे बुद्धि है, और जो बुद्धि से भी परे है, वह है आत्मा।।	जो पुरुष अपने आत्मा के अनुसार ही अपनी बुद्धि को त्यागकर, अपने मन में स्थित होकर, मन को आत्मा में आत्मा में आत्मा में स्थित रहता है, वह योगी है।।
8	छात्र - हाँ , पुस्तक से ही प्रश्न पूछा है	छात्र - हाँ , पुस्तक भी "
3	बच्चा तरणताल में तैरता है ।	बालक गुच्छे से तर रहा है।
2	उस प्रजापति नामक देवता के लिए	किसको
8	यह अत्याधुनिक परिवहन व्यवस्था प्रति घंटे यात्रियों की दोनों दिशाओं में यात्रा सुनिश्चित करेगी।	यह खबर अवशेषिक सुरक्षा के लिए एक नेटवर्क के माध्यम से दोनों यात्रियों को लाने के लिए यात्रा करेगा।
9	यदि तुम सब पापियों से भी अधिक पाप करने वाले हो, तो भी ज्ञानरूपी नौका द्वारा, निश्चय ही सम्पूर्ण पापों का तुम संतरण कर जाओगे।।	और भी - तुम सभी कर्मों को त्याग करो, सभी लोग तुम सभी को त्यागते हो, क्योंकि सब ज्ञान को त्यागो।
7	पंचब भटिंडा, आगरा, आदि। दृश्य परिधि शून्य थी।	छठे पंचायत, भुमानिकेय जैसे क्षेत्रों में भी दर्शकों का अभाव था।
14	तत्पश्चात् मुनि ने भी, अनार के फूलों के बिछौने से ढँकी हुई सी, गाढे खून से लथपथ हो रही, जलते अड्गारों वाली चिता के समान, पृथ्वी पर पड़े हुए, बिछुड़ती हुई भारत भूमि का आलिङ्गन करते हुए से, निर्जीव हो रही अंग संधियों को हिलाते हुए,	फिर उस समय मुनिवर नामक गोपीओं के द्वारा रचित, गदा-बैंडा, गदा, गदा, गदा, कर्नाण्डल, गदा, गदा, गदा, कर्नाण्डल, कर्नाण्डल, गदा, कड़नी, कड़नी, कड़, कड़, कड़, कड़, कड़, कड़, कड़, कड़, कड़, कड़, कड़, कड़, कड़, कल्थ, कल्थ, कल्थ, यमा, यमा, यमा, यमा, यमा,
3	मन्दिर में नगाड़ा ज़ोर से ध्वनि कर रहा है।	नंबर मन्दिर पर ऊँचा भरता है।
1	कर	करो
7	वे मद्रास विधानमण्डल की सदस्य भी चुनी गईं।ईं	वह मन्द्रपुर के सदस्यों को भी सदस्य बने।
5	राष्ट्र की रक्षा के लिये हमें भी कुछ करना चाहिये।	राष्ट्र की रक्षा के लिये कुछ कुछ कुछ भी हो।
6	आलोक जी कृपया सुबह स्वस्तिवाचन पढ़िये।	अखिलेश , सुबह अपना कुछ पढ़ना है।
4	जिसका विनाश निकट होता है वह अपने हित की बात नहीं सुनता।	वह सूरज से आकाश को नहीं जाता है।
5	गुरुजनों के उपदेश की उपेक्षा नहीं करनी चाहिये ।	गुरुओं के उपदेश से राजनीति का ज्ञान नहीं है।
5	रेलवे स्टेशन में लोग प्रतीक्षा कर रहे हैं।	रेल स्टेशन में लोग प्रतीक्षा कर रहे हैं।
4	सब मिलकर वेदपाठ करते हैं।	सभी मिलकर वेदपाठ करते हैं।
3	पाप कर्मों से नरक को प्राप्त करता है।	उठो, जाईये।
6	आती हुई गाड़ी को देखकर सावधानी से चलो ।	आईये वाहन देखकर ही चलती है।
27	उल्लेखनीय है कि यह अवार्ड योगदर्शन केद्रित शैक्षणिक लेखन, व्याख्यानों तथा इसके वैश्विक प्रसार हेतु समर्पित महिलाओं को प्रदान किया जाता है, जिसके लिए वैश्विक स्तर पर आवेदन आमंत्रित किए जाते हैं। चयन-समिति गुणवत्तापरक कार्य के आधार पर सुयोग्य पात्रों का चयन करती है।	उल्लेखनीय है कि यह पुरस्कार योगीकरण योग केंद्र के छात्र, भाषा के विभिन्न पहलुओं, और उनके माध्यम से आयोजित किया जाता है, और उन्हें राष्ट्रीय स्तर के लिए प्रोत्साहित करने के लिए प्रोत्साहित किया जाता है, जिसका उपयोग, जिसके लिए उत्तम स्तर पर उत्तम स्तर पर जागरूकताएं प्रदान करती हैं।
6	इस फिल्म का शूटिंग पूरा हो गया।	इस फिल्म का शूटिंग समाप्त हुआ।
3	विनय (नम्रता	नारियल धोता है।
1	भयानक	म्याज
1	एकता में	एक एक रूप में
4	आप कहाँ रहते है?	आप कहाँ रहती हैं ?
6	सब कुछ पीले रंग का ही होगा।	सभी भी पीले रंग ही ही ही होंगी।
3	लड़की का कपड़ा ले आ	बच्ची के वस्त्र लाती है।
8	तब से, भागवत उनके साथ विश्वसनीय हो गया।	फिर से अंतरिक्ष में उसका विचार किया गया।
6	A. ⁇ . बस में स्थान खाली नहीं था ।	एडवाइप का प्रक्षेपण अक्ट्रवाई नहीं था।
9	इसलिए संस्कृत अवश्य पढ़नी चाहिए। आधुनिक काल में भी संस्कृत भाषा का प्रयोग अपरिहार्य माना जाता है।	इसीलिए संस्कृत पढ़ने के समय आधुनिक समय में आधुनिक भाषा भी संस्कृत का उपयोग किया जा रहा है।
9	आदर्श इको ग्राम योजना के तहत 19 गाँव विकसित हैं।	आदर्श परियोजनाओं में गाँव के तहत गाँवों के लिए महिलाओं की संख्या देखी गई हैं।
5	मैं अपनी गाड़ी यहाँ नहीं रखूँगा।	मैं स्वस्थ यहाँ नहीं रखता हूँ।
14	जिस समय वातादि तीनो दाष अपने कारणो से कुपित होकर शिर में भयानक शोथ उत्पन्न करते है और गले के अन्दर घुरघर शब्द उत्पन्न कर देते हैं, तब इसका 'शालूक' कहते है, इस शोध के कारण श्वास मार्ग रुक जाता है ॥	यदि एक ही आग के प्रतिरूप, उत्र, तो, गेहक, गेहक, गदा, लवण, गदा, लैस, गदा, लैक्ष्ण, लैक्ष्ण, धु, धु, धु, धुमा, धार, धम, धम, धम, सोठ, सोठ, सोठ, सोठ, सोठ, सोठ, सोठ, सोठ, सोठ, सोठ, सोठ, सोठ, सोठ, सोठ, सोठ, सोठ, सोठ, सोठ, सोठ,
6	किसी प्रकार उसने अपने पात्र को घर के अंदर ले लिया।	ऐसा सोचकर वह अपने घर से निकल गया।
12	शुक्ल ने सुखविंद सिंह सुक्खू को सुख और सरकार के नेतृत्व वाले ऊर्जावान उपमुख्यमंत्री मुकेश अग्निहोत्री को संबोधित किया।	उपमुख्यमंत्रीुपांत ने कहा कि सरकार ने सुखी सुख को दान ग्रहण किया और विधानसभा में मंत्रिमण्डल ने अधिकारियों को संबोधित किया।
3	बच्ची को आम पसंद है।	बालक को आम पसंद है।
5	हिमाचल विधानसभा में विधानसभा चुनाव जीते हैं।	हिमाचल प्रदेश विधानसभा में विधानसभा का रास्ता पहुँचा है।
4	बाजार ने कहा वह आपने अपहरण कर लिया है।	हिरण ने कहा- हे मित्र ! तुम ही हो।
14	केंद्रीय संयोजक श्री डॉ. पंकज त्रिवेदी ने संस्कृत जीवन के निर्माण के लिए विषय पर प्रेणादायक भाषण दिया।	केंद्रीय संस्कृत विश्वविद्यालय के डॉ. श्रीनिवास ने संस्कृत के महत्व पर संस्कृत के उपयोग के लिए जीवन के विस्तार के विषय में भाषण दिया।
11	(कान देकर ) अनसूये, शीघ्रता करो। निश्चय से ये हस्तिनापुर जाने वाले ऋषि पुकारे जा रहे हैं।	यह सुनकर मैं तुम्हें मारने के लिए उद्यम करूंगा। इन विश्वनाथ के लिए इन विश्ववासी भगवान विष्णु की स्तुति कर रही हैं।
7	अगस्त्य मुनि का आश्रम सभी ऋतुओं के फूल और फलों से परिपूर्ण, विविध वन्य पशुओं से युक्त, विविध पक्षियों से गुञ्जित नन्दनवन के समान सुशोभित था॥	सब प्रकार के अन्न, कफ, पित्त, कफ, पित्त, कफ, पित्त, कफ, पित्त, कफ, पित्त, कफ, कफ, पित्त, कफ, पित्त, कफ, पित्त, वायु, वायु, वायु, वायु, वायु, वायु, वायु, वायु, वायु, वायु, वायु, वायु, वायु, वायु, वायु, वायु, वायु, वायु, वायु, वायु, वायु, वायु, वायु आदि सब सब सब सब सब सब सब सब सब सब सब सब सब सब सब सब सब सब सब सब एक एक एक एक एक एक एक एक एक एक एक एक एक एक एक एक एक एक एक एक एक एक
4	इसके बाद सोए हुए जटायु ने उस शब्द को सुना।	उस शब्द को सुनकर, मुस्कुरेड़ते हुए, भाई ने भाई को देखा।
3	मारनेवाले ने शेर मारा	बाघ ने बाघ को मारा।
8	हिमाचल में 68 सदस्यीय विधानसभा है। राज्य में व्यवहार कानून प्रचलन में आ गया है.	हिमाचल प्रदेश के 63 विधानसभा सदस्यीय विधानसभा के जीवन के लिए राज्य में बदलाव की गई है।
8	इस दौरान भाजपा विधायक रणधीर शर्मा की अपने घायल शरीर को देखा गया।	इस समय भाजपा विधायक रणसिंह शर्मा ने अपनी अपनी अपनी भूमिका पर आकर अपनी गई।
7	जया - मैं शाम को अभ्यास करती हूँ	जक्षा - शाम को मैं अभ्यास करता हूँ।
5	योजना को रोककर एफआईआर को निवृत्त करिये।	योजना के तहत ऑइल का खोज करें।
10	मरते समय जिनके नाम का स्मरण कर अज्ञ भी जिनमें लीन हो जाते हैं, उनको सामने देखते हुए और उन्हीं के हाथों से वध हुए, उस राक्षस के विषय में कहना ही क्या ? ॥	जिस प्रकार वह भी अपने ऊपर से कुछ भी नहीं गया था, वह तो फिर भी इस संसार में स्थित होकर भी उसे प्रणाम करता हुआ, क्योंकि वह अपने हृदय में ही मुक्त हो गया।
4	कल उनका देहावसान हुआ	कल वो दिवंगत हो गए।
4	पेड़ के नीचे बच्चे को बिठा देती है।	वृक्ष के दोनों बालक को अखबार देता है।
16	ज्ञात हो कि राज्य सरकार ने राज्य में कार्बन उत्सर्जन को कम करने के लिए एकतम वर्ष तक हिमाचल को हरित ऊर्जा राज्य बनाने का लक्ष्य निर्धारित किया है।	यह बात है कि राज्य सरकार ने राज्य में आपदाग्रस्त बर्फबारी के लिए भारी बारिश की है और हिमाचल प्रदेश में भारी बारिश शुरू की है।
3	ऐसा मैं बोलता हूँ	ऐसा मैं कहता हूँ।
1	राजा का	राजा के द्वारा
4	बच्ची वृद्धा को पानी देती है।	बच्ची वृद्धा को पानी देती है।
3	जनजीवन अस्तव्यस्त हो गया है।	लोगों के जीवन में कठिन हो गया।
12	सामान्य लक्षण - अगो मे भारीपन, सूजन, शोथ की चन्चलता, अस्थिरता ( वायु के कारण ), सूजन, उष्णिमा और शिराओ का पतलापन, रोमहर्प, अग की विवर्णता ये शोथ के सामान्य लक्षण है ॥	वह सरोवर के समान श्यामवर्ण से युक्त हो जाती है, वह कुमुच्छे, कमल, चक्र, चक्र, चक्र, चक्र, चक्र, चक्र, नक्षत्र, नक्षत्र, नक्षत्र, नक्षत्र, नक्षत्र, नक्षत्र, नक्षत्र, नक्षत्र, नक्षत्र, रुधिर, जटा, जौनी, जौनी, जौनी, जौनी, जौनी, जौनी, जौनी, जौनी, जौनी, जौनी, जौ, जौनी, जौ, जौ, जौनी, जौ, जौ, जौ, जौ, सला
13	सरल संस्कृत में, भारतीय भाषा समिति के उद्देश्यों के अनुसार इस कार्यशाला में विद्यार्थियों द्वारा अपने उद्देश्यों का आकलन किया गया है। हिन्दी-अंग्ल भाषाओं में अनुवाद कार्यक्रम आयोजित किया गया।	भारतीय भाषा के माध्यम से स्कूल के विभिन्न विषयों पर प्रशिक्षण और कार्यशालाओं के लिए संस्कृत भाषा का प्रयोग किया गया है। संस्कृत भाषा के माध्यम से भाषा का अनुवाद, संस्कृत भाषा का अनुवाद, अनुवाद और हिन्दी भाषा का कार्य हिन्दी भाषा का कार्य कार्य कार्य कार्य कार्य किया गया है।
13	नीलेश - मैं खुश हूँ , स्वस्थ हूँ । आप कैसे हैं ?	नीलेश - मैं तुम्हारा धन अच्छा हूँ। मैं कैसे हूँ ?
5	छात्र शिक्षक का अनुसरण करते हैं	छात्र शिक्षक शिक्षक के खिलाफ सूचना देते हैं।
9	समिति ने हिमाचल के दर्शन के लिए भी आमंत्रित किया, वह उसने हर्ष के साथ स्वीकार किया।	समिति ने हिमाचल प्रदेश के दृश्यों को भी प्रदर्शन किया, उन्होंने उस ऐतिहासिक दृश्य का आह्वान किया।
4	हे पुत्र! इस सबको हृदय में धारण कर लो। ( अच्छी प्रकार से समझ लो )	पुत्र! ये वैशाही और मन को प्राप्त करो।
5	वे सभी रेलवे स्टेशन से बाहर आते हैं	वे सभी रेलगाड़ी रेल से बाहर आ जाते हैं।
8	प्रकृति में स्थित पुरुष प्रकृति से उत्पन्न गुणों को भोगता है। इन गुणों का संग ही इस पुरुष (जीव) के शुभ और अशुभ योनियों में जन्म लेने का कारण है।।	हे कौन्तेय ! प्रकृति, इन्द्रिय, इन्द्रिय, क्षमा और आसक्ति और अहंकार से रहित है; परन्तु इन तीनों गुणों से रहित और गुणों से रहित है।।
9	उसके बाद, रात्रि में स्थिरप्रतिज्ञ अपनी जनता से घिरे हुए श्रीराम देवराज इन्द्र के समान शोभा पा रहे थे।	फिर उस (परमात्मा) ने अपनी तरह पूजा की और श्रीराम के साथ भगवान् श्रीकृष्ण को धैर्य के रूप में देखा था।
3	परदादी राब खाए।	बहुत सेर वृक्ष पर चढ़ गया।
1	दूर ही	दूसरे के द्वारा
1	सियार	छीनना
12	यह कहते हुए महाराज दशरथ प्राणों को छोड़कर स्वर्गलोक चले गये। उस समय कौसल्या सुमित्रा और अन्य रानियाँ छाती पीटपीट कर रोने तथा विलाप करने लगीं। प्रातः काल होने पर मन्त्रियों के साथ वहाँ वसिष्ठजी आये ॥	इस प्रकार कहने पर भरतजी ने धनुष धारण किया और माताओं के पास जाकर श्रीरामचन्द्रजी ने भी देखा और माता और लक्ष्मण ने भी कहा ॥
9	आपके तत्त्ववेत्ता भक्तजन आपकी भक्ति ही चाहते हैं, अत: मेरी भी सदा आपके चरणोंमें भक्ति बनी रहे ॥	हे प्रभो ! आप अपने आप अपने आप अपने आप में जगत् के साथ ही जगत् के समान ही जगत् का आश्रय कीजिये। अतः आप मुझे सदा ही नहीं जानते ॥
5	पुस्तक, क़लम और दवात मुझे दो	पुस्तक और पुस्तक का लालन सुनाओ।
8	हाँ, जैसे सेवइयाँ ईद का खास पकवान है।	हाँ जैसे जैसे, जैसे, सेवक, मजदूर इत्यादि विशिष्ट हैं।
3	वह मुझसे पूछता है।	वह मुझसे पूछता है।
10	संस्कृत भारती के प्रांतीय समन्वय मंत्री गौरव शास्त्री, डॉ. अरविन्दनारायण मिश्र ने संस्कृत भारती ग्रन्थ को लॉन्च करके बधाई दी।	संस्कृत भारती के अध्यक्ष डॉ. राजीवचंद्रन, डॉ. राहुलदेवदेव ने संस्कृत भारती के महत्व पर प्रसन्नता व्यक्त की।
10	इस समय सोशल मीडिया पर सक्रिय सोनाक्षी सिंह ने सोशल मीडिया पर कुछ तस्वीरों का प्रसार किया है।	इस समय सोशल मीडिया पर सामाजिक श्रमिकों के गड्ढे में सोशल मीडिया पर सामाजिक चित्रों का चित्र प्रसारित किया गया।
17	जो ब्रह्म वेत्ता महापुरुष, पाँच प्रकार की अग्नियों का सेवन करने वाले और तीन बार नचिकेत नामक अग्नि का चयन करने वाले बताते है. शुभ कर्मों के फलस्वरूप यज्ञ फल का भोग करने वाले इस संसार में बुद्धि रूपी गुफा में हृदयाकाश में प्रविष्ट छाया और धूप के सदृश कहते हैं।	जो पुरुष अपने कार्य के लिए, फल और काम के लिए, फल, काम में, काम में, छास, दाल, दाल, द्यु, छास, छास, छास, दाम, द्यु, छास, ब्रह्म, ब्रह्म, ब्रह्म, ब्रह्म, छव, ब्रह्म, ब्रह्म, ब्रह्म, ब्रह्म, ब्रह्म, ग्यु, ब्रह्म, ग्यु, ब्रह्म, ग्यु, भस्म, ब्रह्म, ब्रह्म, भ्यु, ब्रह्म, भ्यु, भ्यु, ब्रह्म, भ्यु, भला, ब्रह्म, भला, ब्रह्म, भला, भला, ब्रह्म, भ
14	लज्जाजनक यह है कि सत्तारूढ़ विधायकों और प्रशासन जनों का सहयोग इस पूरे विषय में प्रकाश प्राप्त किया गया है।	सुप्रीम कोर्ट ने कहा कि इस मामले में लोगों और प्रशासन ने सभी लोगों को इस अभियान के बारे में भाग लिया है।
8	युवक यह कभी प्रसिद्ध ब्रह्मचारीप्रभुदत्त को देखने गया है।	युवक ने कभी कभी कभी भी यह महाशक्तिशाली चित्र देखा।
8	उन्होंने कहा कि संस्कृत सभी भाषाओं की जननी है।	उन्होंने संस्कृत में सभी भाषाओं के स्वागत में कहा।
3	बालक आतिशबाजी जलाते हैं।	बच्चे रेकिसेंट में फल पाते हैं।
15	दुष्ट राजा के शासन में प्रजा को सुख नहीं मिल सकता, धोखेबाज मित्र से सुख की प्राप्ति नहीं हो सकती, दुष्ट स्त्री को पत्नी बनाने से घर में सुख और शांति नहीं रह सकती, इसी प्रकार खोटे शिष्य को विद्या दान देने वाले गुरु को भी अपयश ही मिलता है।	इस तरह विलाप करते हुए, इन दोनों के विषय में (आखेख) ने (अन्युरे स्त्री) के द्वारा कहा- हे आर्य (अरे हुए) के द्वारा ‘अरेक! 'उधर' शब्द के द्वारा एक-दूसरे के द्वारा एक-दूसरे के द्वारा एक ही एक-दूसरे को देखा गया है, वह कौन है।
14	मेरे पुत्र के नाश और अपनी मृत्यु को आमंत्रित करने के लिए बलपूर्वक उनकी स्त्री सीता को आप क्यों हरण कर लाये ? ॥	उस समय उस पुत्र ने अपने पुत्र को सौंप दिया है, यह तो मेरे माता पिता ने भी तुम्हारा अपमान किया है।
3	उदाहरण के अनुसार अन्वय की पूर्ति करो	उदाहरण के लिए और संयोग की पूर्ति करो।
5	मैं पहले सुनता हूँ बाद में बोलता हूँ।	मैं पहले सुनता हूँ बाद में बोलता हूँ।
10	महापौर के लिए भाजपा ने कुल मिलाकर वोट लिया, बीजेपी को मार गया.	महापौर के लिए भाजपा ने जीत हासिल की, और क्षमा प्राप्त किया।
3	एक प्रश्न पूछता हूँ।	एक प्रश्न पूछता हूँ।
16	सिंगापुर के पृथ्वी अवलोकन उपग्रह और छह छोटे उपग्रहों को आज सुबह श्रीहरिकोटा के सतीश धवन बाह्य अंतरिक्ष केंद्र से एक विक्षेपित उपग्रह वाहक द्वारा कक्षा में प्रक्षेपित किया गया।	श्रीहरिकोटा ने तिरुर्दू के दिनीय अंतरिक्ष केंद्र के सबसे बड़े सड़क पर स्थित एक दिन तक चंद्रपुर के तट पर उतरया, और चंद्रमा के पांचवें स्थान पर भीषण और पांच सौ से भी पांच सौ रुपये का अवशेषिक्री शहर के लिए गिर गया।
19	भारत सरकार द्वारा लागू की गई दूरदर्शी नई शिक्षा नीति के विभिन्न पहलुओं पर केंद्रित पंद्रह दिवसीय कार्यक्रम उत्तराखण्ड के श्रीनगर गढ़वाल का है.न. 15 फरवरी 2024 से गढ़वाल विश्वविद्यालय के मालवीय मिशन शिक्षक प्रशिक्षण केंद्र द्वारा शुरू किया गया है।	भारत सरकार की सरकार की यात्रा के लिए यूर्नाकुलपति के विभिन्न पहलुओं के तहत श्रीनगर जिले के मालवीय मिशन शिक्षक प्रशिक्षण केंद्र के श्रीनगर के श्रीनगर के मालवीय मिशन शिक्षक प्रशिक्षण केंद्र के लिए 19 फरवरी को प्रशिक्षण केंद्र का प्रशिक्षण केंद्र में शुरू किया गया है।
2	कौन बुलाती है ?	बुलाता है ?
4	रद्दी मानकर पुस्तकें बेच देते हैं ।	कटिनारे पुस्तकें खरीदते हैं।
3	आरक्षियों द्वारा पूछताछ इस प्रकार है।	पुलिस के अनुबंध से रक्षा करता है।
5	यहाँ पन्द्रह दिन का ध्यान शिबिर है	यहाँ पंद्रह दिन की छुट्टी है।
9	हे राजन् । आप शीघ्र ही उस धनुष को अमित तेजस्वी श्रीरामचन्द्र को दिखाइये। इस प्रकार मुनीश्वर विश्वामित्र जी के कहते ही बलवान्  ⁇  पाँच हजार धनुषवाहक उस धनुष को लेकर वहाँ आ पहुंचे, वह धनुष सैकड़ों घंटियों, हीरे और मणि आदि रत्नों से विभूषित था ॥	यह सुनकर श्रीरामचन्द्रजी ने उसे उठाकर कहा हे राम ! आप मुझे अपने आपस में ले चलो। इस प्रकार कहने पर ही आप दोनों का प्राण धारण कर रही हो। यह कहकर वह शीघ्र ही अपने प्राणों को भक्षण कर रही हो।
5	राजा दुष्टों को कल दण्ड देगा ।	राजा कल परसों दवा लेता है।
5	क्रमश:, सुधा साठ्ये मुंबई।	दूसरा खेल लिया।
7	मन में जैसी सरलता हो, वैसी ही यदि वाणी में हो,	और मन में मन का मन है, यदि कोई भी हो तो कोई भी हो।
6	चुनाव- आज से विक्रय होगा।	चुनाव-पवाई आज से शुरू होगा।
1	पीड़ित	झूठ
4	मार्गशिर पौष हेमंत ऋतु होते हैं ॥	यह अन्त: आयुर्वेदका एक बार वर्णन करना ॥
1	निराशा से होकर	जो कोई भी हो सकता है
4	स्वयं के मोक्ष के लिए और समाज के कल्याण के लिए।	अपने कर्तव्य के लिए और जगत् के हित के लिए।
4	मैं निश्चय ही पुस्तक पढूँगा।	मैं ही पुस्तक पढ़ता हूँ।
17	पतंग दीपकके दाहक स्वरूपको न जाननेके कारण ही उसपर गिरता है, मत्स्य भी अज्ञानवश ही मांसखण्डको निगलता है, किन्तु हम कामनाओंको विपत्समूहसे संकीर्ण जानकर भी उन्हें नहीं त्यागते, अहो ! मोहकी महिमा भी बड़ी ही प्रबल है ॥	जो कोई भी है, जो कोई भी है, जो कोई भी है, जो कोई भी है, जो कोई भी है, जो कोई भी है, जो कोई भी है, जो कोई भी है, जो बिना कमलको आश्रय है, जो बिना कमलको आश्रय है, ऐसे और भौंहना है, ऐसे जो बिना भी है, ऐसे जो कि इस प्रकार के हृदयसे ही दूरचित्त होकर सोनेको दूर नहीं है, वह दूर जाकर भी है, वह दूर जाकर सोनेको भी दूर नहीं है॥
5	प्रायः वह प्रतिदिन आता है।	प्रायः वह प्रतिदिन आती है।
9	हे राजन् । आप शीघ्र ही उस धनुष को अमित तेजस्वी श्रीरामचन्द्र को दिखाइये। इस प्रकार मुनीश्वर विश्वामित्र जी के कहते ही बलवान्  ⁇  पाँच हजार धनुषवाहक उस धनुष को लेकर वहाँ आ पहुंचे, वह धनुष सैकड़ों घंटियों, हीरे और मणि आदि रत्नों से विभूषित था ॥	यह सुनकर श्रीरामचन्द्रजी ने उसे उठाकर कहा हे राम ! आप मुझे अपने आपस में ले चलो। इस प्रकार कहने पर ही आप दोनों का प्राण धारण कर रही हो। यह कहकर वह शीघ्र ही अपने प्राणों को भक्षण कर रही हो।
7	इस संबंध में बुधवार को राज्य के राजभवन द्वारा अधिसूचना प्रसारित की गई है।	इस संबंध में, मंगलवार को राज्य के प्रशासन ने बुधवार को अधिसूचना जारी की है।
3	अपने आप वाक्य लिखिये।	स्वयं ही वाक्य लिखिये।
9	पुत्र - देखिये माँ , मेरे दोनों हाथ साफ हैं।	पुत्र - देखिये माँ , मेरे दोनों हाथ साफ हैं।
4	पति गन्नों को यंत्र में पीलता है	पति गन्ने को रस में उठाता है।
19	असाध्य रोगी - जिस रोगी को आखे सूज जाये इन्द्रिय (लिङ्ग ) कुटिल ( टेड़ा) हो जाये, रागों की त्वचा लिन ( विकासयुक्त ) और पतली हा, बल, रक्त, मास जोर अभि क्षीण हो जाये, ऐसे रोगी की चिकित्सा न करे। यदि हृदय आदि सब मर्म स्थानो पर गोथ हो जाये, रोगी को श्वास, हिचकी और मूर्च्छा, अरुचि, बमन तथा अतिसार हो उस रोगी को उदर रोग मार ही देता है । वैद्य उसको असाध्य समझे और छोड दे ।	जैसे चन्द्रमा, अग्नि, अग्नि, अग्नि, अग्नि, नक्षत्र, वायु, वायु, वायु, गदा, गदा, भदा, मच्छ्राव, मच्छर, मच्छ्राव, मच्छ्रूक्ष, माल, मच्छ, मच्छ्रद, मच्छ्रद, मच्छ्रद, मच्छ्रद, मच्छ, मच्छ, मच्छ, मच्छ, मच्छ्रद, मच्छ, मच्छ्रद, मच्छ, मच्छ्रद, मच्छ्रद, पर्वत, पर्वत, मच्छ, मच्छ, मच्छ, मच्छ
13	जीवनका एक क्षण भी कोटि स्वर्णमुद्रा देनेपर नहीं मिल सकता, वह यदि वृथा नष्ट हो जाय तो इससे अधिक हानि क्या होगी ?	एक ही तो एक ही वस्तु है। जो कोई भी नहीं है। वह तो एक बार ही एक ही वृक्ष के समान है। जो कोई भी नहीं है। वह तो एक वृक्ष के समान ही है। उसके पास जाकर वह मिला हुआ है। उसके पास जाकर वह तो एक वृक्ष के समान है। उसके पास जाकर उसके पास जाकर उसके पास जाकर अपनी छाया के समान है।
13	जब केंद्र सरकार ने 2006 में इस मुद्दे पर चर्चा फिर से शुरू की, तो कुछ वैज्ञानिकों ने विरोधी विचार व्यक्त किए।	200 में केंद्र सरकार ने इस मुद्दे पर चर्चा की, फिर भी कुछ बार चर्चा की थी।
9	इसे राष्ट्रीय स्वास्थ्य मिशन के वित्तीय अभाव के कारण बताया गया है।	राष्ट्रीय स्वास्थ्य सेवा एजेंसी धन के कारण यह नियम है।
5	भारत को ग्रुप खेल में ताज जीते हुए केवल पांच साल ही हुए हैं।	भारत ने पांच स्वर्ण पदक जीते हैं और भारत के बीच तीसरे स्थान पर है।
7	इन सुगंधित पदार्थों को छोड़कर देवता का पूजन कभी नहीं होता।	ये लोग तो भी आभूषण (बुराड़) के द्वारा श्रद्धा से देवों को नहीं जानते हैं।
11	सामान्य रूप मे - जो कुछ मधुर, जो कुछ मेध्य (मेदुर मेद बहुल), कफ बहुल और गुरु होता है, वह सब भोजन अनि वृद्धि को शान्त करने के लिये हितकारी है, इसी प्रकार से भोजन करके दिन मे सोना भी लाभदायक है ॥	जो पुरुष सब प्रकारसे ही मेरे गुरुजीको नमस्कार करता है, वह सब प्रकारसे ही जान देता है और कुछ भी गुरुके चित्तको प्राप्त करता है ॥
10	मुख्यमंत्री ने कहा कि बिजली महान देव-रोपवे-निर्माण के लिए केंद्र-राज्य सरकारों के बीच ज्ञापन पर हस्ताक्षर किए गए।	मुख्यमंत्री ने कहा कि विश्वदेव ने राज्य सरकार की निर्माण के लिए केंद्र सरकार की- सरकार की यात्रा के लिए एक पत्र दिया।
9	माता - बेटा , आज मौसीजी के साथ बगीचे जाओ ।	माता - बेटा , आज गाय के साथ बगीचे में बगीचे में जाता है।
5	जनक न राम को धनुष पकड़ाया ।	जनकनन्दिनी राम ने धन दिया।
5	अब उसने ईश उपासना छोड़ दी है	अब वह ईर्ष्या बहुत समय से बड़ा हुआ।
20	अर्थातुरों (स्वार्थियों) को न कोई गुरु होता है न बन्धु, कामातुरोंको न भय रहता है न लज्जा, विद्यातुरों (विद्याप्रेमियों) को न सुख रहता है न नींद तथा क्षुधातुरोंके लिये न स्वाद होता है न भोजन करनेका कोई नियत समय ही	मनुष्य को शास्त्र और शास्त्रों के अध्ययन के लिए कोई भी नहीं है। यदि कोई भी व्यक्ति अपने जीवन में नहीं है तो धनहीन नहीं है। यदि कोई भी व्यक्ति के पास नहीं है तो वह धनहीन व्यक्ति के पास नहीं है। यदि कोई भी दुष्ट व्यक्ति के पास नहीं है।
9	उन्होंने कहा कि राज्य सरकार ने कर्मचारियों से 4 फीसदी बड़ा भारी वेतन घोषित कर दिया है.	उन्होंने कहा कि राज्य सरकार ने कर्मचारियों को 45 फीसदी से ज्यादा घोषणा की है।
4	वह सरकार से भूमि मांगता है।	वह सरकार भूमि पर उठाता है।
4	तब लोग प्रेरणा को वन्दन करते हैं।	तब लोग कारखाने जाते हैं
9	भारत के उच्चायुक्त संतोषजो ने आज कोलम्बो शहर की भारत-बात में राष्ट्रीय ध्वज फहराया.	भारत के उच्च न्यायालय ने आज ब्लाहूम कर दिया है, आज भारत के को कोच्चि पर ले जाने के लिए एक बड़ा शहर काया।
25	यमुना समझकर प्यासी गायोंका समूह जिसकी ओर दौड़ा जा रहा है, श्यामघटा समझकर मोरसमुदाय जिसे |देखनेको उत्कण्ठित हो रहा है, तमालपत्र समझकर गोपियोंका समूह जिसे कर्णफूल बनानेके लिये लालायित हो रहा है ऐसी कालियदमनकारी श्रीकृष्णके शरीरकी पवित्र [दिव्य एवं अद्भुत] कान्ति हमारी रक्षा करे ॥	जो कोई भी है, जो कोई भी है, जो कोई भी है, जो कोई भी है, जो कोई भी है, जो कोई भी है, जो कोई भी है, जो कोई भी है, जो कोई भी है, जो कोई भी है, जो कोई भी है, जो कोई भी है, जो मेरे चरण कमलों के समान हैं, जो सुन्दर नेत्रों को दूर करने वाले हैं, जो जो जो जो जो जो जो सुन्दर हैं, जो जो जो जो जो जो जो सुन्दर हैं, जो जो जो जो जो जो जो सुन्दर हैं, जो जो जो जो जो जो जो कानों से दूर है, जो कानों से दूर
26	हे मातः । सेवा, पूजा और नमनकी विधियाँ तो अल्पन्त दूर रहें, आपके युगल चरणारविन्दोंको कभी-कभी की हुई स्मृति भी गूँगेको वाक्शक्ति देकर बृहस्पति बना देती है और दरिद्रको लक्ष्मी देकर इन्द्रके समान कर देती है। संसार स्वयं वाणी या लक्ष्मीको नहीं प्राप्त कर सकता। [आपकी कृपा होनेपर ] कलिकी दुष्टता क्या कर सकती है?	जो पुरुष सेवा के द्वारा अथवा दूसरों के द्वारा अथवा सैकड़ों प्रकार के स्वामी के द्वारा रचित है, वह भी किसी भी मन्त्रों को धारण करता है, वह यदि कोई भी नहीं है तो वह स्वामी के चरणों में बैठाता और सुन्दर वस्त्र धारण करता है, वह यदि वह लक्ष्मी के समान है तो फिर भी नहीं है, यदि वह लक्ष्मी के समान है तो फिर भी है, तो फिर भी नहीं है।
9	यह प्रतिपादित है कि दो आत्माओं को प्रथम अन्वयव्यतिरेक से अनाज के खदे से मोटा शरीर बन गया है।	पहले ही आग से आग से अग्नि को जल से ढका हुआ है, वैसे ही आत्मा को सच्चा से मुक्त कर दिया जा सकता है।
1	कर डाले	एक साथ
10	इस मार्ग में कुछ भी भय नहीं है। इसलिए मैं अकेला ही जाऊँगा।	इस रास्ते में कुछ भी नहीं है इसलिये मैं एक ही एक ही स्थान पर ही हूँ।
3	विष्णुमित्र कहाँ है?	विष्णुमित्र कहाँ है?
4	उसने (दो) कानों में (एक-एक) भूषण (ज़ेवर) धारण किए।	उसने कानों के द्वारा हँसे।
1	एकाग्र मन से।	अशुभ
3	बालक आतिशबाजी जलाते हैं।	बच्चे रेकिसेंट में फल पाते हैं।
7	रामलल्ला जी सुशोभित हैं, सुख खुशी का विषय हैं।	रामलल्ला की कृपा है, सुख के विषय में सुख का विषय है।
4	उन्होंने वेदों का अध्ययन किया है।	वे वेद पाठ की पढ़ाई में।
5	उत्तम उत्तम ही रहता है।	परसों ही सोता है।
10	अध्ययन के बिना स्वान्तःकरण की अज्ञानता, अन्धकारत्व को कभी नहीं समाप्त करना चाहिए ।	हमेशा किसी के द्वारा अपने अध्ययन के लिए, ज्ञान के लिए, विज्ञान के लिए और कोई भी नहीं है।
1	आत्माओं का सम्भव होना	अपने अंशों से
1	नाश	बढ़ाना
5	जो सदाचारी है वह शिक्षक है	जो सदाचारी है वह शिक्षक है।
1	एक निर्धारित शुल्क में	अपने धर्म में
6	तू उसको क्यों क्षमा नहीं करता ?	तुम उसको क्यों क्षमा नहीं करते हो ?
4	इसके बाद सोए हुए जटायु ने उस शब्द को सुना।	उस शब्द को सुनकर, मुस्कुरेड़ते हुए, भाई ने भाई को देखा।
7	इस अवसर पर उसने लोगों को भी संबोधित किया।	इस अवसर पर उन्होंने लोगों को भी संबोधित किया।
5	गुरु वाणी से ही उपदेश देते हैं ।	गुरु वाणी से ही उपदेश देते हैं।
3	वह बहुत सरल नहीं है	वह बहुत रोता है।
8	प्राचीनकाल में, जैसा समय था, गुरु के पास पहुंचकर शिष्य गुरु को प्रणाम कर खड़ा हो गया।	पूर्वजों ने जैसे गुरु जी को धर्म से भरकर गुरु के रूप में बहुत प्रसन्नता दिया।
1	देवताओं ने	देव
3	आपका मोबाइल नंबर बोलिये।	आपका मोबाइल भाषा बोलिये।
4	मुझे प्रातः घुमना अच्छा लगता है |	मैं सुबह घूमना खाता है।
2	हम दोनों द्वारा पढ़ा हुआ	हम दोनों पढ़े।
3	प्रह्लाद की रक्षा हो गई।	विपंधिक व्यापार का कारण हो गया।
8	सास - बहू ! देखो वह आगे बढ़ रहा है।	सामी – भैया ! वह जल्दी से जल्दी बढ़ रहा है।
6	नहीं. आज स्नानघर में नहीं गाऊँगा।	नहीं आज स्नानगृह में नहीं गाऊँगा।
20	तब सलिलेन वसवा वसिष्ठ जी की भाँति ऋषियों के बाण, जबालती, विजय, कश्यप, कात्यायन, गौतम और वामदेव ने सुगन्धि के द्वारा राम को बाण से भिगो दिया।	फिर उस समय वह शङ्गवेचिमाला भगवान् विष्णु के समान, गौतम विष्णु, देव, गदा, कन्न, कानों, कानों, कानों, कानों, कानों, धनुष, धनुष, धनुष, धनुष और कानों, धनुषों, धनुषों, धनुषों, धनुषों, धनुषों, धनुषों, और कों, धनुषों, धनुषों, और कों, धनुषों, और कों और सुमानों, आभूषणों को, आभूषणों, आभूषणों और राम और रामदेवी, जामादरों ने रामदेवी और हनुमान जी को देखा।
3	कहाँ प्रज्ज्वालित किये।	कहाँ से दीप प्रज्ज्वलित किया।
5	आग्नेयास्त्रियों ने तालाब को भी सूचित किया।	आगबड़वेल में टांडा टेन्यूज ने भी लोगों को आदेश दिया।
11	प्रशासन की संसदीय स्थायी समिति की सराहना-संशोधन में तीन और अधिक विधेयक प्रस्तुत किये गये।	प्रशासन ने संसद के सदस्यों को सुरक्षा के लिए तीन सौ से अधिक सुनवाई की।
41	यही दिन और रात के जनक हैं। यही वर्ष को बारह भागों में विभक्त करते हैं। ये ही छः ऋतुओं के कारण हैं। ये ही उत्तरायण और दक्षिणायन स्वीकार करते हैं। इन्होंने ही सतयुग, त्रेता, द्वापर और कलियुग का भेद किया है। इन्होंने ही कल्पों का विभाजन किया है। इनका आश्रय लेकर ही ब्रह्मा की परार्द्ध संख्या पूरी होती है। यही भगवान् सूर्य बार-बार जगत् की उत्पत्ति, पालन और संहार करते हैं। वेद इन्हीं की वन्दना करते हैं। गायत्री इन्हीं का गान करती है। ब्रह्मनिष्ठ ब्राह्मण प्रतिदिन	इसी प्रकार अपने घर में प्रवेश कर रही है, उसी प्रकार कर्ण के द्वारा ही यह कहकर, गड्ढा हुआ, सैकड़ों प्रकार की कन्याओं के द्वारा किए गए, सैकड़ों प्रकार की सेना के द्वारा, सैकड़ों प्रकार की कन्याओं के द्वारा, सैकड़ों प्रकार की सेना के द्वारा, गौर, यवली, यव, यव, यजुर्वेद, यव, यव, यजुर्वेद, यव, यजुर्वेद, यव, यजुर्वेद, यजुर्वेद, यजुर्वेद, साम, यव, यजुर्वेद, साम, साम, यव, यजुर्वेद, साम,
18	उन्होंने इस अवसर पर कहा कि भारत दुनिया का पाँचौथा है-शीर्ष-अपने अर्थव्यवस्थाओं में सबसे बड़ा है। यूनान का आदर्श स्वामी-विवेकानन्द जी के जयंती समारोह में महोत्सव का आयोजन किया जाता है।	इस अवसर पर उन्होंने कहा कि भारत दुनिया भर के पाँचवें देश में पाँच-तीन सौ-दोनों का प्रसार-भारत का भी आयोजन किया जा रहा है।
10	तप अथवा किसी प्रकार की साधना का कार्य एक अकेला व्यक्ति ही अच्छा करता है, यदि दो छात्र मिलकर पढ़ें तो अध्ययन अच्छा होता है और गाने के लिए यदि तीन व्यक्ति मिलकर अभ्यास करते हैं, तो अच्छा रहता है। इसी प्रकार यदि यात्रा आदि पर जाना हो तो कम-से-कम चार व्यक्तिों को जाना चाहिए। खेती आदि कार्य ठीक प्रकार से चलाने के लिए पांच व्यक्तियों की आवश्यकता होती है, जबकि युद्ध में यह संख्या जितनी हो उतना अच्छा है|	एक ही विद्वान, ब्राह्मण, ब्राह्मण, वैश्य, साध्य, चारों, चारों, साङ्दी, त्रि, ये छह प्रकार की आयु, ये पाँच प्रकार की आयु, ये पाँच प्रकार की आयु, ये पाँच प्रकार की आयु की रक्षा करते हैं।
7	सर्वप्रथम मंगलादा ने नईविष्णु रेगमी ने संस्कृत कक्षा के नियमों का आनंद लिया।	सभी लोगों ने नई महान संस्कृति के नए पारस्परिक रूप से संस्कृत के लिए नियमों का पालन किया।
7	मैने यह भी नहीं सोचा कि वस्त्रों तथा आभूषणों से सुशोभित	यह भी नहीं है कि यह तो बेचने के लिए झगड़ा नहीं है।
62	उपस्थित होने पर सेवानिवृत्त आचार्य ओमप्रकाश शर्मा सेवानिवृत्त अध्यक्ष डॉ. एस.एस. परमारपीठ, हिमाचल प्रदेश विश्वविद्यालय, शिमला भारतीय संस्कृति के नैतिक मूल्यों, डॉ. चेताराम गर्ग निदेशक ठाकुर रामसिंह- इतिहास अनुसंधान संस्थान नेरी भारतीय संस्कृति में नैतिक मूल्यों का संग्रह किया, प्रो. भागचंद्रचंद्रह:, आचार्य भौतिक विज्ञान विभाग, हिमाचल प्रदेश- केंद्रीय विश्वविद्यालय: धर्मशाला भारतीय संस्कृति और शिक्षा, डॉ. कर्मसिंह पूर्व सचिव, हिमाचल प्रदेश- कला संस्कृति भाषा अकादमी, शिमला भारतीय संस्कृति राष्ट्रीयचिंतन, डॉ. कृष्णमोहन पांडे के साथ आचार्य जवाहरलाल नेहरू विश्वविद्यालय संस्कृत	इस अवसर पर आचार्य ओ.एस.एस.एस.एस.एस.एस.एस.एस.एस.एस.एस.एस., हिमाचल प्रदेश संस्कृत विभाग के अध्यक्ष एवं छात्र, संस्कृत विभाग के अध्यक्ष डॉ. राजीव कुमार शर्मा, उत्तर प्रदेश संस्कृत विभाग के निदेशक डॉ. सौर छात्र डॉ. आर.के. अनुपम शर्मा, पूर्व छात्र, संस्कृत भारती, उत्तर प्रदेश के निदेशक डॉ. भारत संस्कृत भारती, संस्कृत विभाग, संस्कृत भारती, संस्कृत विभाग, डॉ. आर. आर.के.के.के.के.के. अनुपम कुमार, शिक्षा विभाग, संस्कृत भारती, संस्कृत विभाग, संस्कृत भारती,
9	मंडल की चुराह, भरमौर, पाङ्गी, डल्हौजी में बर्फ लगातार है।	मण्डी और चट्टान के ऊपर, पद्दाख, लैगोर और वायनाड में बर्फबारी लगातार है।
10	विपक्षी नेता जयराम ठाकुर ने कहा कि बगीच स्कूल के वार्षिक कार्यक्रम में मुख्य अतिथि के रूप में बुलाया गया था।	जंगला में आयोजित वार्षिक कार्यक्रम में मुख्य अतिथि के रूप में कहा गया था।
1	उचित मात्रा में।	माता से
1	में प्रवेश	रखकर
1	तू कूए से जल ला।	कुएँ के जल से जल भर लो।
5	आज उसका विवाह है।	आज उसका विवाह है।
11	उसके बाद 10 तारीख को उतरकर विमान अटेंडेंट के रूप में उड़ रहा।	फिर परीक्षा के समय जाकर, फिर से प्राप्त हुए, फिर से विमान के रूप में कुछ-धीरे विमान पर चढ़े।
11	उन्होंने कहा कि टेक्नोलॉजिकल विभिन्न क्षेत्रों में महत्वपूर्ण भूमिका निभा सकती है।	उन्होंने कहा कि आधारभूत प्रौद्योगिकी क्षेत्रों में बड़ी बड़ी बड़ी बड़ी बड़ी बड़ी बड़ी बड़ी बड़ी बड़ी बड़ी बड़ी बड़ी बड़ी बड़ी बड़ी बड़ी बड़ी बड़ी बड़ी बड़ी आवश्यकता बन सकती है।
7	पुरस्कार प्रयोजक आचार्य प्रताप सभी विजेताओं को पुरस्कार प्रदान करेंगे।	पुरस्कारयात्रा का समापन श्री लाल बहादुर शास्त्री ध्यान प्रतियोगिता में आयोजित किया जाएगा।
10	विद्यालय जाने पर क्रुद्ध गुरु जी का मुख देखने की मेरी कोई ईच्छा नहीं है।	अब विद्यालय जाकर मित्र के पास जाकर भागना नहीं चाहता।
5	इसी प्रकार जीवन में ज्ञान की भी परम आवश्यकता है।	इसी प्रकार जीवन में ज्ञान भी आवश्यक है।
3	विद्यालय के चौकीदार को निवेदन करती है।	विद्यालय से छात्र निवेदन करती है।
1	स्तुति करना	स्वीकार करना
2	वैसेवैसे	उसी प्रकार
3	मोहन कब उठता है?	मोहन कब उठता है?
6	अजी ! क्यों जा रहे हैं ?	यह श्रा ! किसलिये जा रही है ?
9	इस पीता रोग की चिकित्सा के लिए प्लग, अंड, प्ली, फोटोथेरेप किट का प्रयोग किया जाता है।	इस पीस्टी का उत्पादन तेल की कीमत का उत्पादन है-यह इण्ड्र-यह इण्डिया-ल-लेन के साथ होता है।
7	पति -चिन्ता मत करो वह खाएगा।	पति - नहीं तो वो नहीं खाएगा वह लड्डू खाएगा।
9	इसके अलावा विधानसभा क्षेत्र में सुरक्षा व्यवस्था को मजबूत करने के लिए सीसीटीवी-ड्रोन-यन्त्रों का उपयोग होगा।	इसके अलावा, विधानसभा सचिव सुरक्षा व्यवस्था के तहत सुरक्षा व्यवस्था को मजबूत करने के लिए अलग-अलग-अलग-अलग-अलग-अलग-अलग स्तर पर मजबूत किया जाएगा।
3	तुम नीचे जाओ।	तुम सब लताओं को जाते हो।
3	स्मिता गुरुकुल जाती है।	स्मिता गुरु से जाता है।
5	योजना क्षेत्र को सुप्रीम कोर्ट ने मंजूरी दी है.	शिमला योजना क्षेत्र में सुप्रीम कोर्ट की प्रतिक्रिया हुई।
12	बाङ्कला शहर में राज्य में सबसे अधिक अधिकतम तापमान एक डिग्री तक पहुंच गया, सबसे कम तापमान एक डिग्री तक पहुंच गया।	राज्य में सबसे अधिक तापमान तक कम हो गया, सबसे कम तापमान तक कम हो गया।
8	रेलवेस्टेशन से घर जाकर वह भाई के साथ अल्पाहार करेगी।	रेल स्टेशन से घर जाकर वह कमरा के साथ बढ़ेगा।
10	न केवल पूरे भारत में अपितु पूरे विश्व में टाटा के वाहन चलते हैं।	नहीं अपितु भारत के अनुसार''आवर''इसकी बसें बसें रेल में चल रही हैं।
6	धर्म की रक्षा के लिये वह आगे आया ।	धर्म की रक्षा के लिये वह आगे आया।
5	दीपक के चारों ओर कीड़े हैं।	दीपिक के चारों ओर घूरे हैं।
6	इनमें चिकित्सालय आधुनिक चिकित्सा सुविधाओं से सुसज्जित होगा।	इन चिकित्सा महाविद्यालयों के विकास के लिए आधुनिक स्वास्थ्य सुविधाएं उपलब्ध होंगे।
6	कोई पुरुष अपने मित्र को देखना चाहता है।	कोई पुरुष अपने मित्र को देखना चाहता है।
7	भोरंज विधानसभा क्षेत्र के विधायक सुरेश कुमार ने सियारंद को तटस्थ बनाने की मांग की।	हे कोर्ट ने विधानसभा क्षेत्र के मुख्यमंत्री अरविन्द कुमार को संबोधित किया कि वह एक संक्षिप्त है।
12	सत्र में पूह से काजा तक के सीमा क्षेत्रों में विश्वसनीय गुणवत्तापूर्ण और करोड़ रुपये की बिजली पहुंचाने के लिए विस्तृत परियोजन रिपोर्ट की स्वीकृति दी गई।	सत्र में 200,000 देशों के लिए विश्व स्वास्थ्य सुविधाएं प्रदान करने के लिए विश्व स्वास्थ्य विभाग ने विश्व स्वास्थ्य योजना का भुगतान किया है।
1	न देखते हुए	देखने के लिए
13	वहां समरखंडा में एक सम्मेलन में चीन, रूस, ईरान के राष्ट्रपति और पाकिस्तान के प्रधान मंत्री भाग लेते हैं।	वहां से यूक्रेन में रूस के राष्ट्रपति, यूक्रेन, यूक्रेन, और रूस के प्रधान विशेषज्ञियों को भी सम्मानित किया गया है।
6	संसार के रूप में समुद्र में नौका के रूप में सुरक्षक तुम ही हो ।	विश्वस्पतियों के समुद्रों के मध्य में तुम दोनों के कारण रक्षा की गई है।
6	आती हुई गाड़ी को देखकर सावधानी से चलो ।	आईये वाहन देखकर ही चलती है।
6	मैं तो माँ के घर में हूँ ।	मैं तो घर में ही हूँ।
3	दोनों ने पढ़ा।	वे दोनों पढ़ें।
13	हे भगवन्! तुम्हारे बिना मैं नाथवान् नहीं हूँ और मुझ दीनके बिना आप दीनदयालु नहीं हो सकते इसलिये विधि-निर्मित इस सम्बन्धको आप निभाइये। इसका त्याग 'न होने दीजिये	हे प्रभो! आप मुझे नमस्कार नहीं करनी चाहते हो, तुम मुझे नमस्कार नहीं है। मैं तुम्हें ही नहीं समझना चाहता हूँ। मैं तुम्हें अत्यन्त ही नहीं जानता हूँ।
1	उत्तर दिया	उत्तर दिया
6	कल वीर शहीदों के शव दिल्ली आए।	कल वीरों ने अलग-अलग शहर अभियान के कारण दिल्ली आ गए।
4	जैसे बछड़ा माता के पास जा पहुंचता है वैसे ही सुख और दुःख अपने कर्ता के पास जा पहुंचते हैं।	जो मनुष्य अपने प्रियों को सुख देने के लिए सुख-दुःख को सुख देने के लिए ही कष्ट अनुभव करता है।
3	गोपाल गाय की रक्षा करता है।	गोपाल गाय का गोत्र कर रहा है।
8	अतः हे सुग्रीव! बन्दरों के साथ जल्दी से विमान चढ़ो।	इसलिये हे बन्दर ! बन्दर के साथ युद्ध के मैदान में गिर गया।
6	लंकाेश्वर डर गया तुम्हें देखने के लिए जल्दी जाएगा।	दक्षाेश्वर जी को देखकर जल्दी से अंदर जाएगा।
6	मामा – तुम माँ की चिन्ता कर रहे हो।	माता – तुम ही माँ से चिन्तन कर रही हो।
4	संस्कार भी आवश्यक होता है।	पढ़ने का भी आवश्यक होता है।
1	पूँछ	उठना
7	तुम तो धन की खातिर यहां रह रहे हो ।	तुम तो धनिक में तुम्हारा कारण यहाँ ले जाते हो।
21	संस्कृत प्रदर्शनी में डॉ. उपेंद्र पांडे, अपितु डॉ. रमेश शुक्ल, डॉ. मनोज द्विवेदी डॉ. दिनेश चौबे, डॉ. अखिलेश शुक्ल, श्री मुकेशभाला, श्रीसुभाष कुमाव उपस्थित थे।	संस्कृत अकादमी के रूप में डॉ. दिनेश पांडे, डॉ. जगदीश कुमार, डॉ. जगदीश कुमार, डॉ. जगदीश कुमार, डॉ. जगदीश कुमार, डॉ. जगदीश कुमार, डॉ. जगदीश कुमार, डॉ. जगदीश कुमार, डॉ. मनोज कुमार, डॉ. मनोज कुमार:, डॉ. मनोज कुमार:, डॉ. मनोज कुमार मिश्र:, डॉ. मनोज कुमार उपस्थित थे।
8	वह पढ़ना चाहता है, किन्तु मन नहीं लगता है ।	वह पढ़ने का प्रयत्न करता है, परन्तु मन में आनंद नहीं है।
5	किंतु न चलता हुआ गरुड भी, एक कदम भी नहीं जाता।	पुरोहित वैशाही भी नहीं खोलती है।
3	मैं शरबत पीता हूँ	मैं लड्डू पका रही हूँ।
8	शान समिति की रिपोर्ट के बाद चयन प्रक्रिया ऑनलाइन रूप में की जाती है।	यह बैठक दिसंबर को संसद के उच्च स्तरीय बैठक के बाद आयोजित की जाती है।
3	ठीक है ।	ठीक है
4	वह व्यक्ति धूप में खड़ा है।	वह पुरुष बहुत दूर बोलता है
4	मासान्ते संस्कृत में कार्यक्रम का आयोजन।	कार्यक्रम का समापन संस्कृत विद्यालय के छात्र ने किया।
4	वे सब घड़े नष्ट होते हैं	वे सब घूमे जाते हैं।
4	क्या वह विश्वसनीय है ?	वह विश्वास करने योग्य है क्या ?
6	पाणिनि 'एक कथा के रूप में अन्य कथावस्तु का बहुतवचन है।	व्याकरणशास्त्र में''इस प्रकार का अध्ययन करना चाहिए''इस प्रकार बहुत बोलता है''इस प्रकार का वचन है।
4	मर्यादा पुरुषोत्तम कौन थे ?	मर्यादा पुरुषोत्तम कौन थे ?
7	पुलिस महानिदेशक संजय कुंडु की निवृत्ति के लिए अधिसूचना कभी भी जारी नहीं की जाएगी।	पुलिस अधिकारी के आदेश के लिए इंदौर पर समाक करने के लिए पुलिस प्रशासन का आदेश भी होगा।
9	माता - बेटा , आज मौसीजी के साथ बगीचे जाओ ।	माता - बेटा , आज गाय के साथ बगीचे में बगीचे में जाता है।
14	हे रघुश्रेष्ठ! मैं तो अपने अन्तिम समय में आपका दर्शन करने से ही मुक्त हो गया, परन्तु आप मुझे अपने कर कमलों से स्पर्श कीजिए: पुनः आपका परमपद में प्राप्त करूंगा ॥	श्रीरामचन्द्रजी ने भी समय पर स्थित होकर श्रीरामचन्द्रजी को देखा है। मैं उन दोनों के पास आया हूँ। तत्पश्चात् श्रीरामचन्द्रजी ने उनका सिर सूंघकर उनका सिर काटकर उन्हें उठाकर उन्हें उठाकर उन्हें उठाकर उन्हें वन में बैठा दिया ॥
19	सड़क परिवहन और राजमार्ग मंत्री नितिनगडकरी ने देश में अच्छी सड़क निर्माण के महत्व का रेखांकन करते हुए कहा कि इससे पर्यटन की संभावनाओं का विकास होगा, और परिपत्रों को बनाने में मदद मिलेगी।	मार्गरेगाबी सड़क मंत्री चंद्रराजराजराजराज ने कहा कि देश की सीमा को मजबूत करने के लिए आधारभूत संरचनाओं को मजबूत करने के लिए आधारभूत संरचनाओं का विकास होगा, उन्होंने कहा कि इससे क्षेत्र के कल्याण के लिए आधारभूत संरचनाओं का पालन किया जाएगा।
15	मोदी ने कहा कि महिलाओं, युवाओं, किसानों, और निर्धनों को राष्ट्र की उज्ज्वल भविष्य की कुंजी है।	मोदी ने कहा कि महिलाओं, युवतियों, युवतियों, किसानों और निर्धनों के लिए देश की समृद्धि है-यह देश के लिए एक समान है।
15	संस्कृत विद्वानों के उत्साह के लिए-संस्कृत के अच्छे प्रचार-प्रसार के लिए संस्कृत साहित्य, कविता, और विभिन्न ग्रंथों के लिए विभिन्न पुरस्कार प्रदान किए जाते हैं।	संस्कृत भारती के विकास के लिए संस्कृत के प्रचार-प्रसार के लिए संस्कृत के प्रचार-प्रसार, संस्कृत के प्रचार-प्रसार, और विभिन्न विभिन्न विभिन्न विभिन्न विभिन्न विभिन्न पहलुओं के लिए आयोजित किए जाते हैं।
9	सुरभि की इस दशा को देखकर देवताओं के राजा (इन्द्र) ने उससे पूछा- “अरी शुभ लक्षणों वाली! क्यों इस तरह रो रही हो? बोलो”।	सुरदेव ने आदेश दिया कि या देवताओं को देखकर इन्द्र जी ने पूछा- हे देव! आप कौन सा साने ही रोका है?
8	भोगविशेष की कामना से जिनका ज्ञान हर लिया गया है, ऐसे पुरुष अपने स्वभाव से प्रेरित हुए अन्य देवताओं को विशिष्ट नियम का पालन करते हुए भजते हैं।।	जो कार्य और दान से रहित होकर, नित्य से युक्त होकर, नित्य, अशुभ, अशुभ, असंग, असंग, असंग, असंग और असंगों को नियमों से त्याग कर लेता है।।
11	गांधी उद्योग संघ के महासचिव अशोक राणा ने कहा कि उद्योग निवेश कक्ष को निर्माण किया जाना चाहिए।	गोकु चिकित्सा विभाग ने महासचिव को सौर सचिव के रूप में कहा कि उद्योग निर्माण के लिए निर्माण करना चाहिए।
7	जो पुरुष मदाश्रित होकर सदैव समस्त कर्मों को करता है, वह मेरे प्रसाद (अनुग्रह) से शाश्वत, अव्यय पद को प्राप्त कर लेता है।।	परन्तु समस्त भूतों को भी करके अन्य भूतों को वश में करके, भूतों को वश में करके, भूतमात्र को वश में स्थिर कर देता है।।
8	मित्र ! अब मुझे भूख बहुत ही दुःख देती है।	मित्र ! अब मुझे बहुत कष्ट देता है।
10	मनुष्य का आभूषण सौन्दर्य होता है, सौन्दर्य का आभूषण गुण होता है। और गुण का अलंकार बुद्धि होती है, उसी प्रकार बुद्धि का आभूषण क्षमा होती है।	मनुष्य के लिए स्वर्ग, इन्द्रिय, गुण, गुण, गुण, गुण, गुण, काम, काम, काम, काम, काम, ज्ञान, ज्ञान, काम, ज्ञान, ज्ञान, काम, ज्ञान, काम, ज्ञान, काम, ज्ञान, ज्ञान, काम, ज्ञान, काम, ज्ञान, काम, ज्ञान, काम, ज्ञान, ज्ञान, काम, ज्ञान, काम, ज्ञान, काम, ज्ञान और काम ये सब मनुष्य के स्वाभाविक कर्म ये सब मनुष्य के मनुष्य के मनुष्य के मनुष्य के मनुष्य के मनुष्य के मनुष्य के मनुष्य के मनुष्य हैं।।
13	उस समय वह पुरुष शरणागत जनों का दुःख दूर करने वाले, संसार सागर से पार करने वाले, दयामय श्रीराम चन्द्रजी को प्रसन्न मन से प्रणाम कर प्रसन्नचित्त, शरणागतों के सम्पूर्ण क्लेश हरण करने वाले प्रभु को पृथ्वी पर दण्डवत् कर बारम्बार प्रणाम किया ॥	हे राम ! आप श्री रामजी के साथ श्री रामजी के साथ श्रीलक्ष्मीजी के साथ चलें और उनके चरण जोड़कर उनके चरणदान के लिये आये हैं, उन चरण कमलों को प्रणाम करते हुए देखकर श्रीलक्ष्मीजी के सहित उनके चरण कमलों के साथ प्रणाम करते हुए उनके चरणकमल के साथ विराजमान हैं ॥
6	वह 5 मार्च को पटना आ रहा है	वह 5 मार्च को 5 बजे दिल्ली आ रही है।
1	कौन	कौन
1	सुखी हो रहे है	प्रसन्न होते हैं
9	राजौरी और पुंछ ने क्षेत्रों की अपनी यात्रा में सैन्य योद्धाओं के साथ बातचीत की।	राजपूत-अबिल-अमहार ने क्षेत्र में अपने दोनों देशों के साथ बातचीत की।
1	धर्म को	तप
8	प्रबंधक उसकी कार्यनिष्ठा को सुनकर ( देखकर) खुश हुआ।	प्रबंधक उसकी कार्य सुनकर खुश हो गई।
6	इस प्रमुख पद पर उनका कार्यकाल अद्वितीय था।	इस कारण विभिन्न जिलों में उनका समय था।
3	मैं पानीपत जा रहा हूँ ।	मैं पानीपत जा रही हूँ।
9	इस प्रकार छोड़कर वह घोड़े पर चढ़ाकर सहसा बैठ गया।	ऐसा कहकर वह गीदड़ ने अश्वूढ़ होकर उस वर्ष के पास खड़ा हुआ।
10	दुर्जन और कांटे इन दो चीजों से बचने के दो ही उपाय हैं, या तो जूतों से इनका मुंह कुचल दिया जाए, उसके अस्तित्व को ही समाप्त कर दिया जाए अथवा उनको दूर से ही त्याग दिया जाए।	जो कोई भी वस्तुओं के लिए लीन है, वह तो क्षण भर में ही एक ही है, उसे दूर करने के लिए तैयार है।
21	इनमें से सोलन से कैनल धनीराम शण्डिल पहले ही कैबिनेट में हैं और यदि यादविन्द्रगोमा भी अवसर पाता है तो वह आरक्षित वर्ग से दूसरा मंत्री बन जाएगा।	इनमें से उत्तर प्रदेश के कोट्टिकोण के रूप में पहले ही राजीव गांधी पदवी और विधानसभा अधिकारी शिमला में नियुक्त किया जाएगा तो वह मंत्रिमण्डल के मंत्री बन जाएगा।
5	जिन्हें जान लेने से ही व्यक्ति अपने आपको सर्वज्ञ समझ सकता है।	जिस प्रकार सभी ज्ञान के द्वारा जानने के लिए सभी प्रकार की भावना होती है, उसी प्रकार की भावना होती है।
1	देश का	देश
1	दिया जाता है।	दिया जाता है
4	वह स्कूटर से बैंक जाती है।	वह स्कूटर से बैंक जा रही है।
10	बुद्धिमान महापुरुष शरीरों में शरीर रहित अर्थात पृथक रूप में रहने वाले नश्वर वस्तुओं में नित्य रूप में स्थित महान सभी और व्याप्त इस आत्मा को जानकर किसी प्रकार का शोक नहीं करता।	विद्या के द्वारा मनुष्य को सुनकर, स्त्री को अपने शरीर को, तथा बुद्धि को जानने के लिए और अपने वश में करने में नहीं होता।
6	ओह अभी वो टेबल के ऊपर है।	ओह अभी वह पर्ची पर है।
8	अभी मैं अपने पिता की राजधानी अयोध्या लौटाऊँगा।	अभी मैं मेरे पिता के पिता को अयोध्या पहुँचूँगा।
7	माता – पिता के पैर छुए ?	माता – पिताजी ने कानों को छुड़ाया क्या ?
7	कर्ल-संस्कृत अध्यापक-महासंघ ने आज श्रावणिका नामक संस्कृत दिवस उत्सव का आयोजन किया।	कुटिल-संस्कृत संस्थान ने ईसीएलईएलएलएलएलएलएलवीएल संस्कृत उत्सव आज संस्कृत दिवस का आयोजन किया।
5	भारतीय खिलाड़ी सूर्य कुमार यादव को सर्वश्रेष्ठ खिलाड़ी चुना गया।	भारतीय खेल खेल खेल खेल खेल खेल और मन्न्ता के रूप में चुना गया।
3	आप दोनों जाती हैं।	आप दोनों जाते हैं।
8	दृष्टिपात से उसकी व्यथा नष्ट हो जाती है, मैं चित्राम की शरण में क्या प्राप्त करती हूँ?	स्वप्न में उस हाथी को मार नहीं सकता, उसी प्रकार चित्रों को मुँह में बिठा दिया जाता है।
3	छात्र आपस में बोलते हैं।	छात्र एक को बोलते हैं
6	शालिसा धाम्या ने भारतीय वायुसेना में नया करियर बनाया है।	भारतीय सेना ने रूस के सेना के दव्त्रीर को नए धन के खिलाफ नए संबंधों को स्वीकार किया है।
8	मेरा दृढनिश्चय है मैं शत्रुओं को मार के आऊँगा।	मेरे द्वारा बड़े विवरण मैं शत्रुओं को मार रहा हूँ।
2	वाणी से बोलो	वाणी से बोलो।
6	पहुंचे हुए समाचार के अनुसार, अर्जुन शीघ्र ही खलनायक की भूमिका पर दिखता है।	पहुंचे समारोह के अनुसार, अर्जुन अर्जुन बहुत जल्दी से दिखाई देता है।
1	तर्क करना	बोलना
4	मनुष्य की श्रेष्ठता चरित्र से होती है।	मनुष्य श्रेष्ठ व्यवहार से शुद्ध होता है।
5	रास्ते में नए यात्री चढ़ रहे थे।	रास्ते में नए यात्री चढ़ते थे।
1	पृथिवी को	पृथ्वी
1	इस प्रस्तावना के प्रयोग से सन्तुष्ट होकर	प्रयोग के लिए
15	उत्कृष्ट कार्यों के लिए उस वर्ष यूनिसेफ़-संस्थान द्वारा नोबेल पुरस्कार प्राप्त किया गया, उस वर्ष इन्दिरंगाधीशांत पुरस्कार से भी यह संस्था सम्मानित की गई।	यह कार्यक्रम उस वर्ष के लिए है-यह कि अमृत तितंबर के लिए आयोजित किया गया था-यह पुरस्कार से 19वें पुरस्कार से भी प्रदान किया जाता है।
6	रात में भोजनालयों में भी लोग भोजन करते हैं।	रात में भोजन भी लोग भोजन करते हैं।
2	कभी	कहीं भी
5	मेरी जीजी सब्जियों का अचार बनाती हैं।	मेरी बहन विविध सब्जियाँ बनाता है।
4	इसलिए वह बहुत बड़बड़ाया ।	इसलिये उसने बहुत हँसाया।
26	शिक्षा मंत्रालय ने पिछले महीने के बारह तारीख से इस महीने के बारह तारीख तक-6 तारीख तक छठी कक्षा से बारह कक्षा तक शिक्षकों एवं अभिभावकों द्वारा इस कार्यक्रम में भाग लेने के लिए तालिका में रखा है-इससे माध्यम से आवेदन दर्ज किया जा सकता है।	शिक्षा मंत्रालय ने पिछले महीने दिसंबर से बारह तारीख तक इस कक्षा तक-माह तक कक्षा का उद्घाटन किया-इस कक्षा में कक्षा के छात्रों को कक्षा में कक्षा के उद्घाटन किया गया-उन्होंने इस उद्देश्य के लिए भाग लिया।
3	मैं आलस छोड़ूँगा ।	मैं आलस करूँगा।
6	धर्म की रक्षा के लिये वह आगे आया ।	धर्म की रक्षा के लिये वह आगे आया।
6	उसकी बहन का नाम सुप्रथा है ।	उसकी बहन का नाम प्रसिद्ध है।
12	यहाँ कुम्भकर्ण मारा गया और मैंने मारा, बन्दर द्वारा हनुमाता तथा धुंआँ को मार दिया गया।	यहाँ आकर मैंने उन दोनों को मार दिया और मैंने देखा, मैंने रावण को मार दिया।
5	दिव्येश मेरा मित्र है	लवजी मेरा मित्र है।
13	अरे क्यों यह इस प्रकार ज़ख़्म पर नमक डालता है। निकाल दे, इसको गला पकड़कर ।	यह कहकर वह वैसा ही हो जाता है कि इस प्रकार रेत के द्वारा कैसे जा सकता है? यह कहकर वह तालिक अंग्वालिक प्रदीयाँ रतक के समान ही बनाकर रोभित हो गया।
4	बिना नशा के नशीला धन।	बिना बिना बिना जी को धन देना चाहिए।
4	कभी कभी दही से बाल धोता है।	कभी कभी कभी दही के बाल में धोता है।
10	उसके बाद छात्रसभा में कुछ छात्र गीत गायेंगे और कुछ भाषण करेंगे।	उसके बाद छात्र कुछ छात्रों को दीप प्रज्ज्वलित करेंगे और कुछ लोगों को संबोधित करेंगे।
5	वह बच्चा उसका भांजा है ।	वह बच्चा है।
5	इस में थोड़ा सा भी पाप नहीं है।	इस का लिलका भी नहीं है।
10	हे राजन् ! उसकी कुल में बढ़ी हुई यह मेरी बेटी है।	हे राजन् ! उस दुष्ट मेरे द्वारा एक ही गहरी है।
7	उन्हें तीन बार भारत सरकार के राष्ट्रीय पुरस्कार से सम्मानित किया जा चुका है।	यह भारत का दूसरा पुरस्कार राष्ट्रीय स्तर है और राष्ट्रीय स्तर पर है।
16	विक्रान्त मैसी और मेधा शंकर की फिल्म वीं फेल, जिसका नेतृत्व विधु विनोद शर्मा ने किया, लंबे समय से चर्चा में आ रही है।	तमिळ भाषा में मेहनी और मेजमममममममममपूर ने कहा कि इस फिल्म के निर्देशकों के लिए बहुत जल्दी है।
1	जान-बूझकर ।	मन
17	इस अवसर पर माइक्रोन, रिलायंस, टाटा समूह जैसे प्रमुख वैश्विक-भारतीय उद्योगों ने गुजरात में अपने व्यवसाय के विस्तार की योजना की घोषणा की।	इस अवसर पर माइक्रिस्तान, माइवान, सीटी, सीटीबीवी, सीटी इत्यादि प्रमुख लोगों ने देश के प्रमुख हिमाचल प्रदेश के विकास के लिए अपने-अपने योजनाओं को पूरा करने का निर्णय लिया।
9	एक निर्वाचन क्षेत्र में, भाजपा प्रतिस्थापन को निर्विरोध चुना गया।	एक जिले के जमीब में जमीनी की क्षमता को प्राप्त करने के लिए चुनाव था।
5	मेरी एक दुकान है।	मेरा एक थैला है।
14	डीएमडीके स्कूल हॉल ने घोषणा की कि विजयकांत  ⁇ -19 की कक्षा में नौ दशकों से ग्रसित थे और जीवन रक्षक प्रणाली द्वारा ले जाया जा रहा था।	डीडीएमडी ने कहा कि व्यापार के दौरान नौ पुलिस-19 के स्थान पर भी नौकरी और जीवन के साथ जीवन में भी पैदा हो रहा था।
6	गरम पानी में हाथ और पैर रखता है।	ठग पानी का पैर और हाथ हाथ में रखता है।
1	शोभा देना	खाना
5	इसी कारण स्वाधीनता सेनानियों के दो दल थे।	इसलिये स्वाधीनता के लिए दो सौ से ज्यादा सैनिक मारती हैं।
31	मंत्रिमण्डल ने लोक निर्माण विभाग में छोटे इंजीनियरिंग और छोटे तकनीकी पदों को भरने के लिए मंजूरी दी है, जलशक्ति विभाग में कार्यनियंत्रक, राजस्व प्रशिक्षण संस्थान जोगिन्दर ने विभिन्न वर्गों के निर्माण को मंजूरी दी है और सैन्य कल्याण विभाग में हमीरपुर ने विभिन्न वर्गों के पांच पदों को पूरा करने के लिए मंजूरी दी है।	विभाग ने वित्त विभाग के निर्माण के लिए लोक निर्माण विभाग के निर्माण विभाग के विस्तार से कैंसर-इस विषय पर करोड़ रुपये का भुगतान किया, कङ्गड़ा जिले के जिला परिवार के विभिन्न जिलों के स्कूलों के लिए, हमीरपुर के विभिन्न जिलों के स्कूलों के लिए, हमीरपुर के बच्चों के लिए पांच पदों के निर्माण के लिए पांच पद के लिए एक राजसंगतान पद निर्माण योजना का भी मंजूरी दी गई।
16	अनेक मारखड़ने वाले भीम सेनाओं के साथ उन दोनों वीरों का बड़ा भारी युद्ध तब देवता, गन्धर्व, महाोर, गीदड़, सिद्ध, खेचर, ऋषि और दानव आदि देखते थे।	उन सभी ने उन वीरों के बाणों को युद्ध के लिए रावण को छोड़ दिया, तब भीम ने युद्ध में, महाधी, महाबलशाली, महाभारत, महाबल, महाभारत, महाभारत, महाभारत, महाभारत, महाभारत, महाभारत, महाभारत, महाभारत, महाभारत, महाभारत, सूर्य, सूर्य, सूर्य, सूर्य, सूर्य, सूर्य, सूर्य, और अन्य को चल रहा था।
12	अब तक, बाईस तारीख को छह करोड़ से अधिक विद्यार्थियों ने अपना पंजीकरण कराया है।	अब तक पचास हजार हजार से अधिक छात्रों को अपने विद्यालयों में 1,500 करोड़ रुपये का दान लिया गया है।
1	मुनि से	बोलना
10	नवजात बालक कुछ भी नहीं जानता है फिर भी धीरे धीरे उसका ज्ञान बढ़ता है।	नौ बजे कुछ भी नहीं जानता है फिर भी ज्ञान बढ़ता है।
1	भजो	काला
5	क्या वह नहीं मानता ?	वह मनुष्य नहीं मानता है क्या ?
8	हिमाचल प्रदेश के पचास युवा किसान आधुनिककृषि विधि को समझने के लिए जापान जाएँगे।	हिमाचल प्रदेश के एक दशक में पांच सौ से अधिक विकास अभियान के माध्यम से होगा।
4	कारण कि कीर्ति ही बड़ा बल है ।	बुद्धि के द्वारा ही परम धर्म का प्रयोग किया गया।
3	जोकि, उपयोंको अधिकार करके यह तन्त्र रचागया है इस वास्ते इसका अग्रगण्य ) औपद्वधिक अध्याय प्रथम वर्णन होगा ॥	यह सुनकर, लम्बी व्यक्ति इस तरह से रहित हो गया।
8	जो स्थिरबुद्धि, संमोहरहित ब्रह्मवित् पुरुष ब्रह्म में स्थित है, वह प्रिय वस्तु को प्राप्त होकर हर्षित नहीं होता और अप्रिय को पाकर उद्विग्न नहीं होता।।	ब्रह्मलोक में ऐसा कोई भी नहीं है, कोई भी प्राणी नहीं है, इसलिए ब्रह्मद्वान्त (अद्वेषों से) को प्राप्त कर लेता है, इसलिए ब्रह्म के द्वारा ब्रह्मरूप (अति) ब्रह्मरूप) ब्रह्म के द्वारा ही ब्रह्मरूप समझते हैं।।
7	उसी प्रकार मनुष्यों का संघ (समूह) ही कुछ कर सकता है।	उसी प्रकार मनुष्य अपने विचार का भी पालन कर सकता है।
12	मेरा जीवन तो बस एक केवल हरिनाम ही है, इसके अतिरिक्त कलियुगमें और कोई गति है ही नहीं ॥	कोई भी व्यक्ति नाम के नाम का जीवन है। यह ही है। यह कोई भी व्यक्ति तो किसी के भी वस्तु का कोई भी नहीं है। क्योंकि वह तो केवल कोई भी है। इसलिए वह किसी के जीवन में ही नहीं है।
7	हिन्दी कवि मुंशी प्रेमचन्द ने साहित्य को "जीवन की आलोचना" कहा है।	हिन्दी में सम्रादी जी स्वामी जी ने कहा कि "श्री कालिदास का जीवन मानव जीवन है"
5	मूर्ख धर्मपत्नी को भी कपड़े नहीं पहनाता।	मूर्ख उस प्रकार घास भी नहीं खाता है।
6	उस भारतीय युवक के लिए हमेशा स्वस्ति की कामना।	उनको भारतीय युवक के समान हमेशा अपने आप को जानते हैं।
36	हे विश्वेश्वर! हे अनन्तं! आप मेरी रक्षा कीजिये। हे जगन्नाथ! आपको नमस्कार है। हे प्रभो! में आपकी शरण में हूँ। आप अपने ज्ञानाग्निरूप तलवार से मेरे पुत्र तथा धन आदि के स्नेह पाश को काट दीजिये। कैकेयी का यह वचन सुनकर श्रीरामचन्द्रजी मुस्कुराकर बोले हे महाभागे ! आप जो कुछ कह रहीं हैं वह ठीक ही है, मिथ्या नहीं है। मेरी ही प्रेरणा से देवताओं के कार्य की सिद्धि के लिये आपके मुख से यह शब्द निकले थे। इसमें आपका कोई दोष नहीं है। अतः आप अयोध्या कूट जाएँ और अहर्निश निरन्तर हृदय में मेरी	हे विश्वेश्वर ! आप मेरी परमतमतमतमतमतमतमतमतमरूप हैं। हे रघुश्रेष्ठ! मेरे द्वारा मेरा जन्म लेकर मेरे लिये तुम्हें अत्यन्त प्रिय ही नहीं है। हे रघुश्रेष्ठ ! आप मुझे वरदान दीजिये। हे रघुश्रेष्ठ इस प्रकार आपको वरदान देकर आपको वरदान देकर आपको सौंपकर तुम्हें ही छोड़कर तुम्हें ही छोड़कर तुम्हें ही छोड़कर तुम अपनी सेवा कीजिये। हे रघुश्रेष्ठ! आप मुझे वरदान दीजिये। हे रघुश्रेष्ठ! आप मुझे वरदान दीजिये। हे कमललोतिश्रेष्ठ! आप मुझे वरदान दीजिये। हे कमलों को तो आपको ही प्राप्त करें। हे कमललोवनों को तुम मुझे
12	कार्यक्रम में श्री द्वारकानौटियाल गौरवजी, अभिषेक शर्मा और वेदांत जी अनेक गणमान्य उपस्थित थे।	कार्यक्रम में श्री मनोज द्विवेदी, जैन, अंकिता, अंकिता, अंकिता और ज्योतिषेश शर्मा उपस्थित थे।
22	अपने व्याख्यान में उन्होंने कहा कि समाज में संस्कृत को प्रौढ़ और कठिन माना जाता है, लेकिन बंधन में कुछ बदलाव करके संस्कृत का प्रयोग सरल और शुद्ध तरीके से किया जा सकता है।	अपने सम्बोधन में उन्होंने कहा कि संस्कृत में समाज और संस्कृत के कारण कोई भी जाति का प्रयोग करना चाहिए, लेकिन संस्कृत का प्रयोग करना चाहिए।
1	कहना चाहिये	कह
8	क्रोधित शेर उस पर प्रहार करना चाहता है, परन्तु बन्दर कूदकर पेड़ पर चढ़ जाता है।	छुरी के ऊपर उस शेर को देखकर शेर ने देखा, परन्तु वृक्ष के ऊपर गिरकर वृक्ष को ढोकर वृक्ष पर गिराया।
11	बताया जाता है कि एनपीपी को 45 सामाजिक समूहों का समर्थन प्राप्त है।	भारतीय जनता पार्टी के नाम के खिलाफ एक व्यापक नीति के लिए एक व्यापक प्रक्रिया का उद्देश्य है जो 45555 से अधिक सहयोगों का प्रचार किया जाता है।
7	सतीश – रास्ते में कुत्ते दौड़ रहे थे।	मोर – रास्ते में दोनों दौड़ते थे।
12	वहाँ उन्होंने सब और भगवान श्रीरामचन्द्रजी के वज्र, अंकुश, कमल और ध्वजा आदि के चिन्हों से सशोभित तथा पृथिवी के लिये अत्यन्त मंगलमय चरणचिन्ह देखे। उन्हें देखकर भाई शत्रुघ्न सहित वह उस चरणारविन्द में लोटने लगे और मन ही मन कहने लगे"अहो! मैं परमधन्य हूँ, जो आज श्रीराम चन्द्रजी के चरणारविन्दों के चिन्हों से सुशोभित भूमि को देख रहा हूँ, जिन चरण रज को ब्रह्मा आदि देवगण और सम्पूर्ण श्रुतियाँ भी सदा अन्वेषण करती रहती हैं ॥	वहाँ पहुँचकर वह भाई के चरणों में गिरकर श्री राम के आश्रम में गिर पड़े और सभी ओर चल पड़े। तत्पश्चात् श्री राम जी ने धनुष पर चढ़कर राम और लक्ष्मण जी के आश्रम में चढ़कर उन्हें प्रणाम किया।
6	शाकम्भरी देवी के वरदान से वासुदेव जी लावणजलाशय पहुँच गए।	सब्जी के अमृतदेवों ने सुदेवदेवदेव को प्रणाम किया।
7	बहुत से लोग केवल फल ही खा रहे थे।	बहुत से लोग फल ही खाते थे।
6	(क्षेत्र-क्षेत्रज्ञ के विषय में) ऋषियों द्वारा विभिन्न और विविध छन्दों में बहुत प्रकार से गाया गया है, तथा सम्यक् प्रकार से निश्चित किये हुये युक्तियुक्त ब्रह्मसूत्र के पदों द्वारा (अर्थात् ब्रह्म के सूचक शब्दों द्वारा) भी (वैसे ही कहा गया है)।।	विष्णुदेव, गाय, गाय, गाय, साध, यम, यम, ऋग्वेद, यम, साम्रव, ब्रह्मवेद, ब्रह्मवेद, ब्रह्मवेद, ब्रह्मवेद, ब्रह्मवेद, ब्रह्मवेद, अर्थ, अर्थ, अर्थ, अर्थ, अर्थ, अर्थ, अर्थ, अर्थ, अर्थ, अर्थ, अर्थ, अर्थ, अर्थ, अर्थ, अर्थ, अर्थ, अर्थ, अर्थ, तम्भ, तम्भ, तम्भ, तम्भ, तम्भन, तम्भ, तम्भ और जीव, ये सब में हैं।।
4	उसका लड़का स्कूल में पढ़ता है	उसकी बेटी पाठशाला में पढ़ता है
7	दस वर्ष से ही हिमाचल प्रदेश सबसे समृद्ध राज्यों में से एक बन जाएगा।	दस वर्षों से हिमाचल प्रदेश के विभिन्न राज्यों में भी एक समान राज्य होगा।
4	रास्ते में गड्ढा था।	रास्ते में गड्ढा था।
6	सशंकित अवस्था में यहाँ घूम रहे हो।	रक्षा – सजाईई में सवार करने का शौन है।
9	आपके तत्त्ववेत्ता भक्तजन आपकी भक्ति ही चाहते हैं, अत: मेरी भी सदा आपके चरणोंमें भक्ति बनी रहे ॥	हे प्रभो ! आप अपने आप अपने आप अपने आप में जगत् के साथ ही जगत् के समान ही जगत् का आश्रय कीजिये। अतः आप मुझे सदा ही नहीं जानते ॥
9	हिमाचल प्रदेश के बारे में वादी पर्वतीय राज्य में इस कार्यक्रम के बारे में बहुत उत्साह है।	हिमाचल प्रदेश के बारे में यह क्षेत्र प्रसिद्ध है।
3	बालक जायेगा।	बालक जाएगा।
4	अभी वह विश्राम कर रहा है।	अभी वह विश्राम कर रहा है।
16	इस कार्यक्रम में उत्तराखंड:, उत्तराखंड:, नई दिल्ली, राजस्थान, महाराष्ट्र:, हरियाणा, बिहार:, कर्नाटक:, तमिलनाडु जैसे राज्य के शिक्षक भाग लेंगे।	इस कार्यक्रम में उत्तराखंड के केंद्रीय विकास, दिल्ली, राजस्थान, राजस्थान, राजस्थान, राजस्थान, राजस्थान, राजस्थान, राजस्थान, राजस्थान, राजस्थान, राजस्थान, राजस्थान जैसे राज्य जैसे राज्य जैसे राज्य जैसे राज्य जैसे राज्य जैसे शिक्षक शामिल हैं।
10	इस मार्ग में कुछ भी भय नहीं है। इसलिए मैं अकेला ही जाऊँगा।	इस रास्ते में कुछ भी नहीं है इसलिये मैं एक ही एक ही स्थान पर ही हूँ।
7	देवसभा अर्थात् सत्संग, जहाँ ज्ञान भक्ति चर्चादि होती है।	देवदेव जी ने कहा, जैसे ज्ञान का ज्ञान होता है।
13	इन दिनों संस्कृत विद्यालय और कॉलेजएँ मानक के अनुसार विधान की प्रतीक्षा कर रही थीं, जो अब विधान के तहत आ गए हैं.	इन संस्कृत महाविद्यालयों का चयन करने के लिए और समय के अनुसार, जो परिणामों से जुड़े थे, अब पर्यटकों को आए थे।
6	वास्तव में वह शास्त्रीय संगीत सुन रहा है	वास्तव में वह शास्त्रीय संगीत सुन रहा है।
2	यह जाता है।	यह जाता है।
6	पाणिनि 'एक कथा के रूप में अन्य कथावस्तु का बहुतवचन है।	व्याकरणशास्त्र में''इस प्रकार का अध्ययन करना चाहिए''इस प्रकार बहुत बोलता है''इस प्रकार का वचन है।
4	हर फल में बीज होता है।	फल फल फल में गरीब होती है।
8	चारो तरफ से ऋषियों के आश्रमों से सुशोभित, ब्रह्मर्षियों और देवर्षियों से सेवित वह आश्रम साक्षात् दूसरे ब्रह्मलोक के समान प्रतीत हो रहा था ॥	ब्रह्मलोक में समस्त जगत् के द्वारा देवताओं के द्वारा भगवान् विष्णु के द्वारा रचित, ब्रह्माजी के द्वारा रचित, ब्रह्माजी, लक्ष्मण के द्वारा कहा गया है। मैं आपको अपने हृदय में ले जाने के लिये ही साक्षात् ब्रह्माजी हैं।
10	इसलिए वह कात्यायन का''सिद्ध शब्द अर्थ के संबंध में लोकतोर्थ के लिए प्रयोग किए जाने के लिए शास्त्र द्वारा लौकिक वेदिकों में धर्म का पालन किया गया।	उस प्रकार वह''परवहज्ञ''इस शब्द के अर्थ के अर्थ के अर्थ के लिए प्रयोग करने के लिए प्रयोग किया गया है।
3	वह स्वस्थ हो गया।	वह अपना स्वास्थ्य प्राप्त हुआ।
6	सुकृति – तो फिर हम दोनों सेव खाएँगे	सुकृति – तो हम दोनों सेवक बनाएँगे।
3	वह सेल्फी ले रहा है।	वह अपना मालिक ले जाता है।
5	वे कन्ग्रेज सर्वाकरण में भी मंत्री थे।	वह कांग्रेस सरकार के मंत्रों को भी थे।
5	अल्पाहार में वह उबले चने खाता है।	कमाहो से वह कमरा और दाल के फल पिया देता है।
3	स्नानागार में ही गाते हो	स्नान में ही गृह गाओ।
3	देवभक्त पूर्ण हृदय से परिश्रम करता है।	सभी देवता विष्णुलोक को प्राप्त करते हैं।
8	राष्ट्रीय-राजाधानी में भारी ठंड के कारण विमान उड़ने, रेल-और संचालन में देरी हो गई।	राष्ट्रीय-राजराजराजराजगैन-अपराधी-अपराधी विमान और विमान विमान के विमान पर चल रहा था।
6	प्रकृति के क्रोधों से व्याकुल मनुष्य क्या कर सकता है?	प्रकृति के कारण क्या-क्याकने वाले लोगों को क्या किया जाता है?
5	उज्जियिनी किस नगर के पश्चिम दिशा में है?	उज्जयिनी के किस नगर में स्थित है?
13	बाल भारती विद्यालय दुनिया भर में संस्कृत का प्रसार करने के लिए एक सकृतोत्सव नामक एक प्रदर्शनी का आयोजन करता है।	बच्चों को भारतीय विद्यालय के लिए भी संस्कृत भारती के एक भाग लेने का आयोजन किया जाता है।
6	वह सज्जन मेरा सम्वाद सुनकर हँस दिये।	उसने सज्जन मेरी तरफ से मुझे देख दिया।
10	आज वह उनके संस्थान की राष्ट्रीय कार्यकारिणी सभा, संस्कृत के संवर्धन कीप्रतिष्ठा के कार्यदर्शी हैं।	आज उन्होंने उनका कार्य किया, राष्ट्रीय संस्कृत के कार्य के लिए संस्कृत के कार्य और संस्कृत कार्य कार्य कार्य कार्य का कार्य किया है।
14	जो भी विषय जैसा है, वह विषय जैसा ही भावना है और वह भी लोक में फैलती जानी चाहिए, ऐसा अपनी बुद्धि के अनुसार नहीं।	जो मनुष्य आत्मा, आत्मा, वैश्य, वैश्य, वास्तविकता और वास्तविकता को नहीं जानते, वह तो मनुष्य है।
4	वरूणा रेलगाड़ी काशी से आती है।	दिल्ली से काशी से निकलता है।
1	बस	एक साथ
1	महान्।	विशाल
17	मित्र! जहाँ-तहाँ अत्यधिक पृथ्वी पर भवनों का, भूमिगत मार्गों का, विशेषरूप से मैट्रो के मार्गों का, ऊपर से गुजरने वाले पुलों का-इत्यादि के निर्माण के लिए वृक्ष काटे जाते हैं। अवश्य ही हमसे क्या अपेक्षा की जाती है?	भोपाल में – जहां मित्र- अरे.एस! जैसे-जैसे-ज-जैसे के लिए, जैसे, जैसे, अन्य लोग, अन्य लोग, अन्य जैसे जैसे जैसे जैसे जैसे जैसे जैसे जैसे के ऊपर जा रहे हैं, हमारे ऊपर से कुछ भी ऊपर से जा रहे हैं।
20	आयोग केंद्र-राज्यों के बीच ऋण की प्राप्ति के लिए वितरण, राज्य में पंचायतों और नगरपालिकाओं के संसाधनों के हिस्से के रूप में राज्य के संचित धन को बढ़ाने के लिए आवश्यक उपाय करेगा।	आयोग द्वारा केंद्र-राज्य के बीच पंचायत के छह जिलों में 29,9 जिलों और नगरों में विभिन्न स्थानों पर ध्यान देने के लिए राज्य के किसानों को धन देने के लिए जा रही है।
1	रवि को संबोधित करने के लिए इस्तेमाल किया	सूर्य
9	उत्तम से उत्तम सन्धि के द्वारा भी शत्रु से कभी सन्धि (मेल) नहीं करना चाहिये क्योंकि यदि पानी गरम होगा तो भी वह अग्नि को तो बुझा ही देता है	दुष्ट व्यक्ति ने दुष्टावस्था में भी शोक किया और न ही जल से छीनकर, अपितु जल से भी जल से ही जल लिया।
1	जहर	धैर्य
11	इसके अलावा उसके समूह के वरिष्ठ नेताओं भी इस सुनवाई में उपस्थित थे।	इसके अलावा, उनके  ⁇ udget में भी मुख्यमंत्री इस अवसर पर उपस्थित थे।
10	नवजात बालक कुछ भी नहीं जानता है फिर भी धीरे धीरे उसका ज्ञान बढ़ता है।	नौ बजे कुछ भी नहीं जानता है फिर भी ज्ञान बढ़ता है।
1	उन दोनों के द्वारा	उन दोनों से
3	बाद में विश्वविद्यालय जाएगी।	बाद में विश्वविद्यालय जाएगा।
1	मारता है	कष्ट
1	दुनिया	सभी ओर से
6	परीक्षा के लिये कितने दिन शेष रह गए हैं ? )	परीक्षा के लिए कितने दिनों को पूरा किया गया ?
3	एक प्रश्न पूछता हूँ।	एक प्रश्न पूछता हूँ।
4	शाम को वह मुझे मिला	शाम को वह मुझे गया।
6	कल वीर शहीदों के शव दिल्ली आए।	कल वीरों ने अलग-अलग शहर अभियान के कारण दिल्ली आ गए।
17	वह सोचने लगा कि अकेले मनुष्य मात्र रघुवंशी राम बलवीर्य और राक्षससम्पन्न मेरे भाई खर को सेना के साथ कैसे मार डाला ॥	इस प्रकार राम के पास जाकर मनुष्य अपने जैसे दूसरे बन्धुओं को बुलाकर, जटाचों के साथ एकान्त जंगल के समय में रहने लगे। तत्पश्चात् श्रीरामचन्द्रजी ने उन दोनों के साथ पूछा हे रघुश्रेष्ठ! आप दोनों के साथ ही मेरे पास हैं।
4	भिक्षुक के द्वारा रोटी खाया जाना चाहिए।	भिखारी को आम पसंद है।
6	इस योजना का तीसरा चरण भी आएगा।	इस योजना का तीसरा बार आएगा।
12	आर्द्रभूमि क्षेत्र न केवल जैव विविधता का संरक्षण करते हैं अपितु असंख्य लोगों के आजीविका भी उनके स्रोत हैं।	विभिन्न शिल्पियों के लिए केवल जाति ही जाति का उपयोग करते हैं।
11	कार्यक्रम जनवरी को दोपहर बजे से जनवरी को दिनभर बजे तक चला।	कार्यक्रम जनवरी को दोपहर तक दोपहर तक दोपहर तक दोपहर तक शुरू हुआ।
7	पाँचवीं इन्द्रिय चमड़ी है, जिससे मनुष्य स्पर्श जानता है ।	पंचायत मनुष्य जैसा गुरुयों को जानता है, वह मनुष्य को जानता है।
9	ओह , आप रात में संस्कृत में ही सपना देखते हैं	ओह , आप रात में संस्कृत में ही सपना देख रहे हैं।
8	दसवें ( अन्तिम) पृष्ठ पर वह दुर्घटना के चित्र देखता है।	दसवें वर्ष बाद वह कारगिल से देखता है।
1	तराजू	सत्य
3	चाचा चाची नहीं हैं ।	माँ भाई भाई नहीं है।
12	चीन:, जप्पनम, दक्षिण कोरिया, हांगकांग:, आज से थाईलैंड के आगंतुकों के लिए भी यही व्यवस्था है।	चीन, दक्षिणी जिलों में, दक्षिणी जिलों में, कर्नाटक में, कर्नाटक में भी आज आने वाले लोगों को आज से बचाने का निर्देश दिया गया है।
8	उन्होंने कहा कि यह मुद्दा केंद्र सरकार के नियंत्रण में है।	उन्होंने कहा कि यह विषय केंद्र सरकार के क्षेत्र में है।
2	मिट्टी की गाड़ी से।	मिट्टी से
9	पिप्पली, मोठ, यवक्षार, कालीजीरी, धनिया, जीरा इन सबको समान भाग लेकर चूर्ण कर लेना चाहिये । इस चूर्ण को फाणित ( रात्र) और घी में मिला कर अनार के रस से खट्टा करके रोगी को देना चाहिये । [ जल्पकल्पतरु मे पिप्पल्यादि के कल्क से घृत सिद्ध करके देना चाहिये ऐसा माना है ] ॥	वातजन्य शोथ मे प्यास, कफजन्य शोथ मे समान वायु का क्वाथ, पिप्पली, पिप्पली, पिप्पली, पिप्पली, पिप्पली, उदर, पिप्पली, पिप्पली, उदर, सक्र, उदर, उदर, उदर, उदर, पिप्पली, उदर, उदर, उदर, पिप्पली, उदर, उदर, उदर, उदर, उदर, पिप्पली, उदर, उदर, उदर, उदर, उदर, उदर, पिप्पली, उदर, उदर, उदर, उदर, उदर, उदर, उदर, उदर, पिप्पली, उदर,
4	आज धोबी नहीं आया।	आज धोबी नहीं आया।
3	लड़के रोते हैं ।	बच्चे रोते हैं।
9	इस संबंध में मुख्यमंत्री प्रबोध सक्सेना ने रविवार को छुट्टी के दिन आदेश भी जारी किए।	इस बारे में मुख्य सचिव ने छुट्टी के साथ रविवार को पुलिस अधिकारियों को भी आदेश दिया।
7	उसका श्लोकगान सुनकर दूसरा सज्जन भी गाता है।	उसके श्लोक का सुगम सुनकर भी सज्जन भी गाता है।
7	व्याधिके ग्रहणसे वायु, पित्त कफ, रक्त, सन्निपात इनमेंसे एक या अधिककी विषमतासे उत्पन्न होनेवाली संपूर्ण (चारोंप्रकारकी ) व्याधि समझीजातीहैं ॥	इस संसार में पृथ्वी की शोभा देखने वाले, प्रलय, प्रचल, निराल, साम्रद्श्रुत, साम्रद्ष्ठ, साम्रद्, हर प्रकार सभी कुछ भी सब कुछ भी दुर्लभ हैं ॥
5	क्या आप कसरत करते हैं?	आप भी व्यायाम करते हैं ?
6	सुहासिनी -ऐसा किसने कहा ?	सुहासिनी - ऐसा क्या ?
3	असम के लोग मृदङ्ग बजाते हैं।	असम लोग लङ्ग बजाते हैं।
3	संदीप गौशाला जाता है।	वह गायशाला जाता है।
10	अभिमानी और उन्मत्त जिस वाणी को बोलता है वह राक्षसी वाणी है।	जो मनुष्य सोचने लगा है वह राक्षसी है या वह कुशलता है।
8	मित्र ! अब मुझे भूख बहुत ही दुःख देती है।	मित्र ! अब मुझे बहुत कष्ट देता है।
5	जल्दी से वो पलँग के नीचे चली गई।	जल्दी से वह शत्रुओं को दूर कर दिया।
7	कर्ल-संस्कृत अध्यापक-महासंघ ने आज श्रावणिका नामक संस्कृत दिवस उत्सव का आयोजन किया।	कुटिल-संस्कृत संस्थान ने ईसीएलईएलएलएलएलएलएलवीएल संस्कृत उत्सव आज संस्कृत दिवस का आयोजन किया।
10	इस दिन दर्शकों के बीच बैठे युवकों ने सदन में उछल कर धुआँ निकला।	इस दिन प्रेमी दिन सभी लोगों ने सदन में कार्रवाई की।
3	प्रयास करता हूँ ।	प्रयत्न करता हूँ।
9	केंद्रीय मंत्री द्वारा प्रभावित लोगों को कल्याण और सुरक्षा के लिए प्रार्थना की गई है।	केंद्रीय मंत्री विभिन्न लोगों ने विभिन्न लोगों और लोगों को शुभकामनाएं दीं।
3	चौथे दिन समापन समारोह आयोजित किया जाएगा।	गालाई में तीसरा तारीख को होगा।
5	वहाँ सोने का महल था।	जो वहाँ सोने का वध करता है, वह तो सोने का आभूषण है।
6	अब असम सैनिकों का प्रयाणगीत बदलूराम के नाम पर है।	अब असम सैनिकों का प्रयोग''सिंपरिक मंदिर में नामित है।
4	कोकाकोला मत पीजिये।	काजल पिलाओ।
5	दोष हो जाए तो भी चिन्ता न करें	त्रोकरी होता है तो चिन्ता न करें।
16	मंत्रालय ने एक आधिकारिक विज्ञापन में कहा कि ये वेब फ़ाइलों से आयोजित अवैध निवेश हैं-संबद्ध-आपदाग्रस्त-वे मामले आगे बढ़ रहे हैं.	मंत्रालय ने एक आरोप लगाया कि येला से अधिक दो सौ से अधिक घायल हुए हैं-अबताया गया है कि ये अक्टूबर-एज-एज-एज-एज-एपोर्टों को प्राप्त करते हैं।
9	विधानसभा का पांच दिवसीय शिशिरात्र मंगलवार से शुरू हुआ, जो दिसंबर तक होगा.	विधानसभा में पांच दिवसीय सत्र शुरू हो जाएगी, जो फरवरी तक समाप्त होगा।
4	बड़ा बेटा हाँगकाँग रहता है।	बड़ा बेटा का मगरमच्छ में रहता है।
8	उनके पिता अनन्त शास्त्री डोंगरे और माता लक्ष्मीबाई थीं।	उसके पिता का नाम प्रदर्शन और मातादेवी थे।
4	वह बच्चा अद्भुत था।	वह बच्चा बच्चा था।
3	सभी समाचारपत्र पढ़ रहे हैं।	सभी समाचारपत्र पढ़ते हैं।
17	राज्यपाल सीवी आनंद बोस कल शाम दिल्ली के लिए रवाना हो गये. उम्मीद है कि वह गृह मंत्री अमित शाह से मुलाकात करेंगे और उन्हें राज्य की स्थिति के बारे में जानकारी देंगे।	कल शाम को राज्यपाल श्री रेइक्रॉन ने दिल्ली में एक समारोह में भाजपा के घर के बाहर एक व्यापक जांच की प्रक्रिया का आदेश दिया है।
18	नीति-आयोग के मुख्य अधिकारी बी.एसकार्याधिकारी बीवीएसआर.एससुब्रमण्यन ने नई दिल्ली में कहा कि इस कार्यक्रम में लगभग सात सौ विश्वविद्यालयों के कुलपति और संस्थानों के प्रमुख उपस्थित होंगे।	नीति-संबंधक के रूप में मुख्य वक्ता के रूप में बीएसएसएसएसएसएसएसएसएस ने कहा कि इस कार्यक्रम के विभिन्न विभिन्न विभिन्न विभिन्न विभिन्न विभिन्न विभिन्न विभिन्न क्षेत्रों में उपस्थित होंगे।
1	सिर	काजल
3	सबका मुँह देखता है ।	सब पशु देख रहा है।
13	देवगण! उसके बाद सूर्यदेव घरपर आये और ब्राह्मणश्रेष्ठ वसिष्ठको राजा संवरणके लिये (अपनी ) तपती नामकी उस कन्याको समर्पित कर दिया। फिर सूर्यपुत्रीको साथ लेकर वसिष्ठ अपने पवित्र आश्रममें आ गये। वह कन्या उस राजपुत्रका स्मरण कर और हाथ जोड़कर ऋषि वसिष्ठसे बोली - ॥	तब श्री महादेवजी ने उन दोनों देवताओं को बुलाया और देवताओं के द्वारा पूछा हे देव ! वे देवगणगण हैं। तत्पश्चात् उन्होंने देवताओं को देखकर श्री विष्णुजी के पास भेजा। तत्पश्चात् श्री महादेवजी ने देवताओं के पास जाकर श्री विष्णुजी के पास जाकर कहने लगे ॥
1	खेद है कि नष्ट हो गई।	अकाल
1	आध्यात्मिक	प्रसिद्ध
4	बहू ने एक जगह कार पार्क की	होली एक थैले में रखी है।
1	तीता	गर्दन
13	द्रौपदी डर गई और गई - मैं तो दासी हूँ यह तुम्हारे योग्य नहीं है।	मंत्री ने दूर से कहा कि मैं तो तुम्हारा समय नहीं हूँ।
3	आपका मोबाइल नंबर बोलिये।	आपका मोबाइल भाषा बोलिये।
3	वह मालपुआ तलती है ।	वह बेचता है।
12	आपके दासों के जो दास हैं उनके भी उत्तरोत्तर जो सैकड़ों दासानुदास हैं में तो उनकी भी दासी होने की अधिकारिणी नही हूँ। अतः आपकी प्रत्यक्ष दासी होने का मुझे अधिकार ही कहाँ है ॥	हे प्रभो! आप कहाँ ही जगत् और जगत् के समान हैं, जो कुछ भी नहीं, वह तो फिर भी अपने राज्य के लिये ही है ॥
1	निश्चय करके ।	किया
1	संचय करने में	संग्रह
1	ढांपना	गधा
5	एक का नाम राजगुरु था	एक यज्ञ का राजा था।
3	लोग यहां वैसा	यहाँ ही
6	रास्ते की संचय-दल में चवालीसत्तर और वायु के योद्धार भागों को जीत लिया जाता है।	मार्ग-मध्य-पांचह मार्ग और चार सौ विमानों के बीच हवाई अड्डे पर भाग लेने के लिए भाग लिया जाता है।
4	मनु जी ने सभी को धर्म का उपदेश किया।	मन में सभी धर्मों को मोह में लगा।
6	सूत्रसञ्चालन त्रिम्बक केदार, श्रीराज शेलार ने किया।	सूत्र के रूप में तीन अंगों ने प्रथम, श्रीधरदेवी और कौवे को प्रणाम किया।
1	रहूँगा।	मैं सुनूँगा
6	जो प्रशिक्षण देती हैं वे प्रशिक्षिकायें।	जो शिक्षक आते हैं वे प्रशिक्षक हैं।
10	उसी समय सुभाषचंद्र बोस ने आजाद हिंद फौज नाम के एक सैन्य दल की रचना की।	उसी समय ही पद्म इन्द्रचंद्र ने "विजय" नाम से एक सैनिक नाम का एक सेना रखा।
3	आठवें वर्ष पर्यन्त की थी।	आठ वर्ष की जेल में
7	क्या करें ? क्या कर सकते हैं ?	क्या करें ? क्या कर सकते हैं ?
23	जब मैं अल्पज्ञान वाला था। तब मैं हाथी के समान मदमस्त था। तब मैं सर्वज्ञ हूँ, मेरे मन में गर्व उत्पन्न हुआ। जब पण्डितों के पास से कुछ-कुछ ज्ञान प्राप्त किया, तब मैं मूर्ख हूँ ऐसा ज्वर के समान मेरा दर्प चला गया।	जब मैं थोड़ा विचार करता हूँ तब मैंने यह निश्चय किया कि जब कोई उपाय नहीं किया तो मैं अपने शरीर में रहता हूँ। तब वह अपनी ओर से कुछ भी जान सकता हुआ मेरे पास जाकर फिर से कुछ भी नहीं आया। तब वह मेरे पास जाकर फिर जाकर फिर से उठ गया। तब वह ब्राह्मण ने कहा कि मेरा मन धारण कर लिया। तब वह ब्राह्मण अपनी ओर से कहता है। तब वह कहता है। तब कर्ण ने तो कुछ भी नहीं देखा कि मेरा मन में गया। तब कर्ण ने कुछ भी नहीं देखा। तब कर्ण कहता है। तब कर्ण कहता है। तब कर्ण कहता है। तब कर्ण कहता है। तब कर्ण
8	मन्दिर-प्रशासन ने कहा कि यह प्रकरण गुरुवार की रात को हुआ था।	मंदिर-अहार ने आदेश दिया कि यह देश में महिलाओं की नियुक्ति हुई।
14	अरहंत भगवान द्वारा अर्थ रुप से कहे गये और गणधरदेव द्वारा ग्रंथरुप से ग्रन्थित किये गये, श्रुतज्ञान रुप महासागर को भक्ति पूर्वक मैं सिर झुकाकर प्रणाम करता हूँ ॥	मैं तुम्हें नमस्कार है कि मैं तुम्हें नमस्कार है, कमलकी ओर ले जाऊँगी, मैं भी प्रसन्न हो रहा हूँ, किन्तु श्रीवत्सकी कामना करता हूँ, मैं आपको नमस्कार है, किन्तु श्रीवत्सकी पुत्री हैं, हे कमल, हे कमल, हे कमल, हे कमल, हे कमल, हे कमल, हे कमल, हे कमल, हे कमल, हे कमल, हे गदा! आप मुझे नमस्कार है।
7	विविध विद्यालयों के छात्र भी वहाँ बैठे थे।	विविध विद्यालयों में भी वहाँ थे।
10	इस पृथ्वी पर तीन ही रत्न हैं-जल, अन्न और हितकारी वचन, परंतु मूर्ख लोग पत्थर के टुकड़े को रत्न कहते हैं।	पृथ्वी पर पृथ्वी पर चारों ओर जलों को जलों के समूहों के समूह के समान तथा रत्नों के समान चन्द्रमा के समान चन्द्रमा के समान चन्द्रमा का कल्याण होता है।
17	मुख्यमंत्री ने कहा कि किसी का अपराध नहीं होगा, परन्तु जो अवैध खोदते हैं उनके विरुद्ध नियमों और पद्धतियों के विरुद्ध कार्यविधी होगा।	मुख्यमंत्री ने कहा कि किसी भी मामले पर कोई भी नहीं होगा, लेकिन सरकार किसानों के खिलाफ उसकी खोज की प्रक्रियाओं का निरीक्षण किया जाएगा।
4	शायद कोई रुक जाए।	कभी भी कोई भी रुक जाए।
5	केरल में कई जगहों पर बहुत गर्मी लगती है.	केरल में कई स्थानों पर भारी हानि होती है।
5	ज्ञानी हर संघर्ष में प्रसन्न रहते हैं।	घूमे से सूर्य की ओर से मंगल निकलते हैं।
15	तब गुरुजी के आध्यात्मिक मार्गदर्शन की अपेक्षा करते हुए उन्होंने गुरुजी के पास से अपने विचारों का मार्ग अपनाया और कुछ प्रश्नों के उत्तर प्राप्त किये।	तब गुरु जी ने सदी से उपस्थित हुए कार्यक्रम में उस हिंदूकार के अनुसार उस हिंदूकार के विषय में अपने विचार के विषय में विस्तृत विषयों पर चर्चा की।
8	गोलीकाण्ड में सम्मिलित हुए आतताओं को रोकने के लिए अतिरिक्त सैनिकों को नियुक्त किया गया।	गोवा के नेतृत्व में सेना के प्रमुख प्रमुख बड़े सेना ने सेना को नियुक्त किया है।
3	वह नहीं मानता है।	वह नहीं मानता है।
4	हिमाचल में भाजपा का विकास-संकल्पिक यात्रा शुरू हो गई।	हिमाचल प्रदेश भाजपा ने भाजपा-समिति के विकास के लिए प्रयास शुरू किया है।
10	हालांकि तिथि निर्धारित नहीं है फिर भी फरवरी-माह की तारीख से आगे बढ़ाया गया है.	जबकि तिथि से कोई भी अप्रैल में ऋण नहीं है, लेकिन यह मार्च से है।
10	इनमें ‘दीपावली’ प्रधान उत्सव कार्तिक महीने में कृष्ण पक्ष में अमावस्या की तिथि को होता है।	इनमें से दीपावली की यह बात है कि प्रधानमंत्री कृष्ण मोदी की मृत्यु के कारण कृष्णांग की मृत्यु होती है।
6	भार्गवी – आधा घण्टे बाद घर पहुँचेंगे।	होली से द्वारकावारी के बाद घर ले जाता है।
7	फिर द्विभाषीता, त्रिभाषा बोलने के विषय में कुछ छोटे-बड़े-कोषों का निर्माण किया गया।	बाद में, भाषा, टैकरी, कुछ-छोटे-छोटे-छोटे-छोटे रूप से भी बनाये गये।
10	यदि वे दोनों प्रश्न पूछते तो दोनों शिक्षक उत्तर अवश्य देतें ।	यदि वे दोनों प्रश्न पूछते तो शिक्षक उत्तर अवश्य देते।
9	इस फ़िल्म के अलावा सन्नी जैसी आज भी कुछ फ़िल्में हैं।	इस फिल्म के अलावा, इस फिल्म के शूटिंग के लिये आज भी हैं।
7	हमारे देश से हम मसाले निर्यात करते थे।	हमारे देश के छठे से हम छूने का प्रयास करते थे।
9	इला -चिंता मत करिये भैया ! अब चित्र ले लीजिये।	बीज - ठीक है , अभी तक चित्र बन्द करो।
4	भेद-भाव के विनाश के लिए हम सदा ही उद्यत हैं।	दोष की गति के लिए हम हमेशा धैर्य की वृद्धि होती है।
4	वह बच्चा अंधेरे से डरता है	वह बच्चा खड़े होकर डरता है।
3	यज्ञ में आहुति देंगे ।	यज्ञ में तिल का आहुति देते हैं।
6	उसके पिता रत्नलाल धर्माणी सेवानिवृत्त शिक्षक हैं।	उसके पिता का मूर्ति जिले के शिक्षा शिक्षकों का है।
1	दो का समूह	दोनों
7	प्रधानमंत्री नरेंद्र मोदी ने राज्य के वाहनों को फैलाने की व्यवस्था की.	राज्य के मुख्यमंत्री नरेंद्र मोदी ने प्रधानमंत्री नरेंद्र मोदी को जीवन की मजबूत की-उन्होंने सुरक्षा की व्यवस्था की।
10	किससे कष्ट को तुम यहाँ आ रहे हो बताओ कैसे सेवा करूँगा।	किसको कष्ट से तुम शीघ्र आई हो। तुम बताओ।
4	आपस के विवाद (लड़ाई-झगड़े) से सभी जीवों की हानि/नुकसान होती है।	निम्नलिखित लोगों का निरोध होता है।
3	वह अब वहाँ नहीं है।	तब तक कोई नहीं है।
21	इस प्रकार लूटने का आस्वाद लग जाने पर उसने पुनः-पुनः बारह बार आकर भारत को लूटा। अपने उसी उत्साह के वशीभूत होकर उसने एक बार गुजरात देश के मुकुट के समान सोमनाथतीर्थ को भी धूल में मिला दिया। आज तो उस तीर्थ का नाम भी किसी के द्वारा स्मरण नहीं किया जाता किन्तु उस समय उसका अलौकिक वैभव था।	इस प्रकार वह ज्ञानपूर्वक लालटों को ढककर भारत के तट पर रखकर, उस देश के एक नए उत्सव से सात मीठे सौ मीठे सौ मीठे सौ पानी पर भी एक दूसरे एक दूसरे एक दूसरे एक दूसरे एक दूसरे को भी नहीं छोड़ते थे।
7	फिर श्रीराम ने तीन बाणों से उसकी ललाट को देखा।	फिर श्रीराम और रावण ने उस रथ पर घूमा।
5	उसकी भी एक बेटी थी।	उसकी भी एक बेटी थी।
12	स्मृति ईरानी जद्दाह-स्थल में द्विपक्षीय-हजसन्ध्या में हस्ताक्षर करने के लिए चल रहेशिष्टमण्डल के नेतृत्व को जानते हैं।	स्मृति उत्सव के आरंभ में, आगोपालन-बिल-बिल-बिल्रवाई के लिए, और अन्य जिलों के लिए विभिन्न पक्षों को समाप्त करने के लिए तैयार किया जा रहा है।
1	स्वीकार किया	प्रस्तुत किया गया
6	आज तक उसने अनेक छात्रों को पढ़ायी है।	आज से वे बहुत छात्रों को पढ़ाया गया।
9	और सियार से कहा- “दोस्त! हम दोनों इसी बर्तन में साथ भोजन करते हैं।”	सियार बोला- “अरे! इस दुष्ट मेरे साथ खा रहे हैं।
9	पिछले वर्ष सरकार ने पात में समय कम करने का निर्णय किया था।	पिछले साल सरकार ने राज्य सरकार को निलंबित करने का निर्णय लिया था।
14	जिस मने में रथचक्र की नाभि में अरों के समान  ⁇ ग्वेद सामवेद और यजुर्वेद प्रतिष्ठित है जिसमें प्रजा का सब पदार्थों से सम्बन्ध रखनेवाला सम्पूर्ण ज्ञान ओत-प्रोत है ऐसा मेरा मन शुभ संकल्पों से युक्त हो।	जो पुरुष शास्त्रशास्त्र के द्वारा, रथ के बीच में, रथ के बीच में, अर्थ के द्वारा, अर्थ के द्वारा, अर्थ के द्वारा, अर्थ के द्वारा, अर्थ के द्वारा, अर्थ के द्वारा, अर्थ के द्वारा, अर्थ के द्वारा, अर्थ के द्वारा, अर्थ का ज्ञान के लिए, अर्थ का ज्ञान का ज्ञान है।
7	प्रत्येक हिमाचल प्रदेश निर्वाचन आयोग में नियुक्तियां बाह्य आधार पर आयोजित की जाएंगी।	हिमाचल प्रदेश के राज्य के राज्य के अधिकारियों के पद पर नियुक्त किया जाएगा।
1	निराश होते हुए।	सभी प्राणियों के साथ
4	राजा ब्राह्मण को धन देता है।	राजा ब्राह्मण को धन देता है।
3	राजा जोर से हँसता है।	राजा जोर से हँसता है।
10	श्री राम ने हनुमान द्वारा प्रयुक्त वाक्य की प्रशंसा करते हुए लक्ष्मण को कहा की हनुमान ने जो जो वाक्य प्रयोग किया, वह वाक्य बहुत विस्तृत नहीं है, सन्देह रहित है, बहुत तेज उच्चारित भी नहीं है, और सुनने में कष्ट दायक भी नहीं है, मध्यम स्वर से प्रयुक्त है।	इस प्रकार सेमुक्त होकर वह दिव्यरूप के द्वारा युक्त होकर, प्रमाद के फल के कारण, सत्संग के फल के फल के कारण चमकती है। ॥
4	मैं सब्जी खरीदा।	मैंने सब्जी खरीदे।
7	अंजुमन इंतिज़ामिया मस्जिद-समिति ने कहा कि ज्ञान स्टीमर-मस्जिद-वक्फ-संपत्ति मौजूद है.	एटीएमसीजी के अध्यक्ष सुमन कुमार शर्मा ने कहा कि ईपी-बीपीपी-अबुल-अबिलियन-बुल-बुल-प्रत्यन है।
5	हाँ , यहाँ सब कुशल है ।	हाँ यहाँ सब कुशल है ।
8	शीशिर-आनन्दोत्सव की आकर्षण स्थल महानाती नृत्य में वामदक्षिणा नाटक करने वाली महिलाओं के बीच स्पर्धा थी।	चक्र-पांच आंदोलन उत्सव के दौरान फ्रांस के ढोल में ब्लिबैंडा में महिलाओं की मौत थी।
7	सोए हुए शेर के मुँह में हिरण खुद ही प्रवेश नहीं करते हैं।	कोई भी सियार नास्तिक शिरों को लेकर घुसते हैं।
5	राज्यसभा का उपसभापति भी हुआ।	राज्यसभा में मंत्रिक भी शामिल हुए।
6	भारत के पास में आठ नया रन आगे था.	भारत के पास आठवें स्थान पर रहा था।
16	जिला प्रशासन द्वारा मंजूरी दी गई आर.आर. योजना में झिकली इच्छारी पंचायत से अधिकतम आठ सरकारी संस्थाएँ हवाई अड्डे के विस्तार के क्षेत्र में आएंगी।	जिला प्रशासन ने आदेश के लिए एक नई अड्डे में 6,  ⁇ onalitali ⁇ alitene के तहत हेne के साथ अंतरिक्ष परियोजना के तहत अंतरिक्ष क्षेत्र में आएँगे।
4	श्रद्धास्पद गुरुचरणों में सादर अनेक प्रणाम ।	पुराणों में गुरुओं के द्वारा वह प्रणाम किया गया।
6	इस जिले में सौ से भी प्राथमिक स्वास्थ्य केंद्र हैं।	इस जिले के विभिन्न हिस्सों में स्वास्थ्य केंद्र हैं।
5	दूसरी उंगली अनामिका है ।	दूसरी गली का नाम राधा है।
4	आधी रात एक बजे जागूँगा।	सूर्य के बाद एक बजे तुम घर पहुँचूँगा।
10	चुनाव जब आते हैं तब मंदिर आगे आता है, उन्होंने कहा था।	चुनाव जब आते हैं तब मंदिर आगे आता है कि मंदिर आगे आगे आती था।
6	मौसम विभाग ने राज्य में दिसंबर तक स्पष्ट मौसम की पूर्वानुमान दी।	मौसम विभाग ने राज्य में दिसंबर तक स्पष्टीकरण जारी की।
8	इस फिल्म की नायिका बहुत जल्दी ही फाइनल में तय हो जाती है।	इस फिल्म के अनुसार, इस फिल्म को अंतिम रूप से अंतिम रूप से लाने के लिए जाता है।
6	उद्यमी लड़की हमेशा उत्तम पुष्पमाला बनाती है।	उद्योगशाला में प्रवेश हमेशा फूल के समान फूल बनाता है।
8	! हे राम फेंकने पर वह सिर वहाँ से एक योजन दूर मुनियों के आश्रममण्डल में मतङ्ग ऋषि के आश्रम के पास आकर गिरा ॥	जो व्यक्ति राम के द्वारा श्री रामजी के आश्रम में आये हुए हैं, उन दोनों का दिव्य नेत्र दूर हो रहा है, उन दोनों का दिव्य नेत्र दूर हो गया है, उन दोनों का दिव्य नेत्र हो गया है ॥
10	ई.सन् 1306 से 1315 तक मलिक काफूर ने दक्षिण भारत में बहुत विनाश किया।	755 ई००००००एस-कश्मीर के तट पर लगभग 20 से अधिक महिलाओं ने नृत्य किया।
16	हे नचिकेता! यह तुम्हें बतलायी गई स्वर्ग प्रदान करने वाली अग्नि विद्या है, जिसको तुमने द्वितीय वर के रूप में प्राप्त किया। लोग इस अग्नि विद्या को तुम्हारे ही नाम से कहा करेंगे। हे नचिकेता! ( अब तुम) तीसरा वरदान वरण करो।	यह तो भी है कि इस संसार में ऐसा कोई आश्चर्य नहीं है, क्योंकि वह विद्यासे ही हो सकती है, क्योंकि इस संसारमें भी तुम्हारा कोई भी नहीं है, क्योंकि इस प्रकार विद्यासे ही नहीं है, क्योंकि मेरे पास ही है, क्योंकि मेरे पास ही रहे हैं, क्योंकि इस प्रकार तो केवल मेरे पास ही रहे हैं, ऐसे व्यक्ति तो मेरे पास ही रहे हैं, ऐसा समझनेके कारण ही है, ऐसा समझनेके कारण ही है, ऐसा समझनेके कारण ही है, ऐसा समझनेके कारण ही है
3	मैं पानीपत जा रहा हूँ ।	मैं पानीपत जा रही हूँ।
9	इस यात्रा में मुख्यमंत्री के साथ सरकार के प्रमुख अधिकारी भी आएँगे।	इस समय मुख्यमंत्री के साथ मुख्यमंत्री के साथ भी सरकार के रूप में भी उपस्थित होंगे।
17	वहाँ से वरदा नगर के समान काटीवाले उस राक्षस ने सुकेश नामक राक्षस को, हे प्रभो! शिव की श्रिय को, पक्षी को और आगे पुरूष को प्राप्त किया, जिस प्रकार वह सब जगह घूमता था।	फिर उस राक्षस के द्वारा सुषेण हनुमान जी सुग्रीव के द्वारा रचित होकर वह तीनों लोकों में स्थित होकर, सर्वलोकों से सुशोभित होकर, सर्वलोक में स्थित होकर सर्वलोक को प्राप्त करता था।
6	उनके पिता का नाम एस नारायणस्वामी था।	उसके पिता का नाम नारायणपुर था।
4	उसके पीछे कोई भी नहीं है।	उसके पीछे कोई भी नहीं है।
4	इस खेत में क्या बोते हैं।	बेहोश होते हैं।
6	गलती से हुआ, जान करके तो ऐसा नहीं किया	विद्वैव से मुक्ति न हो।
9	हे अनिन्दिते । पूर्वकाल में आप दशरथ जी सहित मेरी तपस्या कर मुझे पुत्र रूप में प्राप्त करने की इच्छा की थी। अतः इस समय प्रकट होकर मैंने आपके उस वरदान को पूर्ण किया है ॥	हे देव ! आप मेरी तपस्या के अनुसार देवकें हैं। पूर्व समय में तपस्विवत् देवताओं के समान शरीर वाले हैं। इस समय का यह रूप धारण करने वाले श्री रघुनाथजी के रूप में प्रार्थना करता हूँ ॥
10	महारोग के प्रसार के समय सेवा में लगी हुई वह स्वयं असाध्य रोग से ग्रस्त होकर सन् 1897 में मृत्यु को प्राप्त हो गई।	महारानी शिवाजी ने दूर से अपनी अपनी अपनी यात्रा के दौरान उसने अपने छत्र में छत्रपति के चरणों में प्रवेश किया।
15	मोतिहारी जिले के पकाडीपुलिस स्टेशन के तहत एक सरकारी स्कूल के शिक्षक ने आसपास के सात वर्ष की बच्ची को अपने घर ले जा और उसे बलात्कार किया।	मोतिहारी जिले के पीडीडीडीडीडीएल क्षेत्र में एक दिवसीय गाँव में एक दशक बाद स्कूल में अपने स्कूल के छात्रों ने अपने घर पर एक बँधाई में अपने घर को लाने का प्रयास किया।
12	भारत ने गुजरात के राजकोट स्टेडियम में यह प्रतियोगिता भारत द्वारा चार तारीख को आयोजित की गई थी।	गुजरात के राज्य के राजभवन में स्वर्ण पदक जीते हुए भारत ने पिछले तीन दिनों से यह पुरस्कार जीता।
6	स्वचालित परीक्षा केंद्र की स्थापना के लिए भी आवेदन आमंत्रित किए गए हैं।	अपने आप परीक्षा केंद्र के उद्घाटन के लिए संस्था भी आवेदनपत्र जारी किये गए हैं।
9	हिमाचल प्रदेश के डॉकियों ने बुधवार से प्रतिदिन ढाई घंटे तक 2,600 बजे तक आन्दोलन आरम्भ किया।	हिमाचल प्रदेश के सशस्त्र से प्रतिदिन प्रतिदिन 200 करोड़ रुपये तक मूल्य की चिकित्सा हो गई।
7	जो मेरे दोषों को दूर करते हैं वे मेरे गुरु हैं	जो मेरे द्वारा बहुत से बड़े गुरुकुल में रहते हैं
1	सफेद	धारण करना
4	आप कृपया यहाँ बैठे	आप सब यहाँ बैठते हैं।
6	सशंकित अवस्था में यहाँ घूम रहे हो।	रक्षा – सजाईई में सवार करने का शौन है।
16	यह पता है कि जब डीएमडी में नेता विजयकांत सिनेमा-उद्योग में ध्वजवाहक के रूप में थे तब उन्होंने रॉयल पैलेस को भी सौंपा।	अवधेय है कि जब डीडीडीडीडीडीएफ के नेता के रूप में विजय-बिलेन के रूप में भी उन्होंने कहा, तब उन्होंने भी उन्हें सफलता के लिए भी स्वीकार किया।
8	यह ऊर्जा सम्मेलन भारत के एक ही तरह का सब जगह है-ऊर्जा प्रदर्शनी एक महान सम्मेलन है।	यह चिकित्सा सम्मेलन एक ही भारत के सभी स्तरों में आयोजित किया गया है-यह गौरव के साथ है।
26	नई दिल्ली में भारतीय जनता पार्टी के पंद्रहवें दीक्षांत समारोह को संबोधित करते हुए कोविन ने कहा कि मिथ्या भ्रम समाचारों का समाज में प्रतिकूल प्रभाव है, इसमें विश्वास करना चाहिए-सूचित करना पत्रकारों का प्रमुख कर्त्तव्य है.	नई दिल्ली में भारतीय रेल मंत्री पाँच दिवसीयान ने कहा कि स्वच्छ भारत मिशन के पांच सौ से अधिक राष्ट्रीय युवा लोगों के लिए एक व्यापक कार्यक्रम है, उन्होंने कहा कि समाज के लोगों के लिए जीवन के साथ-साथ समस्याओं का संरक्षण है।
10	हिमाचल उच्च न्यायालय के आदेश के बाद राज्य सरकार ने डीजीपी संजय कुंडू को पद से हटा दिया है।	हिमाचल प्रदेश उच्च न्यायालय ने उच्च न्यायालय के आदेश के बाद डीपीडीपी संजयांग की नियुक्ति शुरू कर दी है।
5	मेनू देखकर लोग व्यजन चुनते हैं।	भोजन देखकर सभी लोग लसोते हैं।
4	आज नहीं करूंगा अजीता है।	यह नहीं है। यह तो सुनाओ।
4	मोर साँप को मार कर खाता है।	मोर चोर को चुराने के लिए दौड़ता है।
1	तुम दोनों को	तुम दोनों
6	उसकी बहन का नाम सुप्रथा है ।	उसकी बहन का नाम प्रसिद्ध है।
1	हम सभी का	हमारे
4	मेरे द्वारा पुस्तक पढ़ी जानी चाहिये ।	मैंने पुस्तक पढ़ना पढ़ाई।
5	तुम किसे देख कर हँस रहे हो ?	तुम कहां जाकर हँसता है ?
6	अहिंसक आंदोलन तो लोगों को मार रहा था।	वार्तालाप के साथ तो बहुत से लोग सोते थे।
11	जिस प्रकार नेत्र रहते हुए भी लोग सांयकाल में चोर आदि का चिन्ह भलीभाँति नहीं देख पाते, दीपक होने पर ही उस समय वह दिखाई देता है, उसी प्रकार मेरी भक्ति से युक्त पुरुषों को ही आत्मा का सम्यक् साक्षात्कार होता है। अब मै अपनी भक्ति के कुछ वास्तविक उपाय बतलाता हूँ, सुनो ॥	और भी - रात में भी रात का आचरण करते हैं, किन्तु वह भी गायों का दूध (पुचित) है। ये ही (क्योंकि) के लिए (क्यों के लिए) भी (अर्थात् (क्यों के लिए) भी (कार) का) है।
3	विविध व्यंजन मिलते हैं।	विविध लताओं को लताओं से भरते हैं।
4	वर के पैरों में हल्दी लगाती हैं।	वरूत्र के प्रकाशों को रोकते हैं।
12	इसके बाद, उन्होंने अग्रिम सत्र के अखिल भारतीय संगठन मंत्री श्रीमान् जयप्रकाश को जिम्मेदारी का ज्ञान दिया और कार्यकुशल लोगों को बताया।	इसके बाद, अग्रिम सत्र के साथ, उन्होंने समारोह के उद्घाटन समारोह के अवसर पर श्री राम सिंह को संबोधित किया।
7	यह वन्य जीव वैज्ञानिक डू का विषय हैयीशु का भी मतलब है.	यह विषय वन के वन स्तर के संवर्धन के लिए भी प्रस्तुत की जाती है।
11	निनीताल जिले के प्रत्येक जिले के बीच में एक दिन को इंटरनेट द्वारा महाकवि कालिदास के ग्रंथों पर आधारित एक समस्या का समाधान करने में।	प्रत्येक जिले के दूसरे जिले में भी दूसरे दिन भी श्री राम जन्मभूमि शास्त्री ने भी लिखे हैं, उन्होंने आधुनिक संस्कृति के लिए आम जनता के लिए आम जनता के लिए आम जनता के लिए वार्तालाप किया।
11	कुछ काल के बाद वह लीलावती जवानी के मद से अपने कुल की मर्यादा का उलंघन कर एक बनिये के लड़के से फँस गई।	तब वह शबरी बूढ़ा शोभित हो गया और कन्नींत हो गया। तत्पश्चात् वह मिलाकर, जड़, सामराभटु, सामिनी और अन्य कोई भी हो गया।
7	रावी नदी का पानी बरसात में मैला हो जाता है ।	नदी के नाली जल में वर्षा हो रही है।
6	यह नेहरू पर्वतारोहण संस्थान के विश्लेषक थे जो बर्फ में फिसल गए।	यूंग क्षेत्र में सिल्तिक के मुताबिक क्षेत्रों में ही बर्फबारी हो रही है।
13	कोटि कोटि लोगों ने अपने घरों और मंदिरों में प्राणों कीप्रतिष्ठा समारोह का जीवप्रसार देखा है।	करोड़ों लोग अपने घर के लोग और घरों में और मंदिरों में प्रदर्शन करने के लिए प्राणप्रतिष्ठा देखने के लिए एक महत्वपूर्ण योगदान देखे गए।
25	जो समीप आयी हुई मृत्युसे नहीं छुड़ाता [अर्थात् बोधदानके द्वारा अमरपदकी प्राप्ति नहीं कराता] वह न गुरु है, न स्वजन है, न पिता हैं, न माता है, न देव है और न पति है	गुरु के बिना अपने पिता के लिए अपने पिता के लिए नहीं होता है, वह नहीं, वह नहीं है, वह तो वह धन नहीं समझता है, क्योंकि वह धन के समान ही नहीं है।
4	वह खतरनाक अपराधी है	वह बहुत दूरदर्शन है।
1	उत्पादन	एक साथ
1	भाग	जानने योग्य
9	बड़ों का अभिवादन करने वाले मनुष्य की और नित्य वृद्धों की सेवा करने वाले मनुष्य की आयु, विद्या, यश और बल ये हमेशा बढ़ती रहती है।	संसार में वृद्ध और दान में, दान, दान, दान, दान, दान, दान, दान, दान, और दान ये चार बातें मनुष्य के गुण हैं।
8	हाँ , इसका छिलका बहुत कड़क है।	हाँ , इस समय बहुत दुखी है।
6	मन्दिर के ऊपर सुन्दरता से हाथी उछले हुए हैं।	देवपाल के मस्तक पर सुन्दर गड्ढे हैं।
5	मशीन आॅपरेट करते समय वह मास्क पहनता है	वह लैस के समय वह आँखों से डरता है।
21	कांगड़ा जिले के नग्रोटा बागवानी क्षेत्र के विकाससरीन ने कहा कि वह गुरुग्राम के एसीकार्यालय में बैठकर काम कर रहे थे, उन्होंने कभी दूध की सभा बनाए दूध के निर्माण में सम्मिलित होने का भी नहीं सोचा।	कांगड़ा जिले के नालागढ़ के विकास क्षेत्र में उन्होंने कहा कि वह क्षेत्र के लिए गाँव के काम कर रहे थे, उन्होंने कहा कि ओप्बिनेट के कार्य के लिए दूध निर्माण नहीं किया जाएगा, बल्कि नाराबरत राज्य की कार्य हो जाएगी।
3	मैं जो भी पढ़ाता हूँ	मैं जो भी पढ़ाता हूँ
5	उसकी श्वांस भी तेज चल रही है।	उसके द्वारा गधा भी तेज चल रहा है।
6	सुक्खु सरकार की प्रतिज्ञा के बारे में हिमाचल में बहुत भीड़ है।	सुक्खु सरकार के विषय में बहुत अच्छा है।
10	और जल पान के पश्च्यात जल के किनारे वृक्ष की छाया में बैठ गये उसी समय उन्होंने महावलवान भयानक राक्षस को आते हुए देखा ॥	उस समय वह समस्त राक्षसों के बीच रहने के लिए वहाँ दौड़ा और वहाँ रहने लगे। तब वह 'मैं धनुष धारण करता हूँ। तब वह युद्ध के लिये सम्पूर्ण दिशाओं को पार करने के लिये असमर्थ थे ॥
10	पीताम्बर दत्त की इच्छा थी कि सभी विषयों का ज्ञान हिन्दी भाषा में पढ़ाया जाए।	प्यास से युक्त था कि सभी ज्ञान की भाषा में संस्कृत भाषा का ज्ञान अवश्य ही है।
1	विनाश	अलग होना
7	फिर द्विभाषीता, त्रिभाषा बोलने के विषय में कुछ छोटे-बड़े-कोषों का निर्माण किया गया।	बाद में, भाषा, टैकरी, कुछ-छोटे-छोटे-छोटे-छोटे रूप से भी बनाये गये।
4	वह टोकरी खाली करती है।	वह टोकरी खाली करती है।
8	इस दिन देवी सरस्वती, कामदेव और विष्णु की पूजा होती है।	इस दिन देवी सरस्वती और देवी विष्णुदेव विष्णुदेव हैं।
1	तालाब	डरना
8	जो स्थिरबुद्धि, संमोहरहित ब्रह्मवित् पुरुष ब्रह्म में स्थित है, वह प्रिय वस्तु को प्राप्त होकर हर्षित नहीं होता और अप्रिय को पाकर उद्विग्न नहीं होता।।	ब्रह्मलोक में ऐसा कोई भी नहीं है, कोई भी प्राणी नहीं है, इसलिए ब्रह्मद्वान्त (अद्वेषों से) को प्राप्त कर लेता है, इसलिए ब्रह्म के द्वारा ब्रह्मरूप (अति) ब्रह्मरूप) ब्रह्म के द्वारा ही ब्रह्मरूप समझते हैं।।
7	एरीट्रिटोल सफेद के स्थान पर उपयोग किया जाने वाला मुख्य कृत्रिम स्वीटनर है।	सिस्र के सीमा के वाहनों में विभिन्न विषयों पर विभिन्न शोधकर्ताओं की संख्याओं का प्रभाव है।
10	श्री राम ने हनुमान द्वारा प्रयुक्त वाक्य की प्रशंसा करते हुए लक्ष्मण को कहा की हनुमान ने जो जो वाक्य प्रयोग किया, वह वाक्य बहुत विस्तृत नहीं है, सन्देह रहित है, बहुत तेज उच्चारित भी नहीं है, और सुनने में कष्ट दायक भी नहीं है, मध्यम स्वर से प्रयुक्त है।	इस प्रकार सेमुक्त होकर वह दिव्यरूप के द्वारा युक्त होकर, प्रमाद के फल के कारण, सत्संग के फल के फल के कारण चमकती है। ॥
8	यह सब जानकर जयद्रथ डर से बहुत व्याकुल हुए।	यह सोचकर वैसा ही हो गया।
11	इस वर्ष अप्रैल-में-माहों में लोकसभा चुनाव देखकर सभा वर्तमान सरकार की मंत्रियों की परिषद का अंतिम समागम हो सकता है।	इस वर्ष अप्रैल-माह के दिन लोकसभा-माह के लोकसभा चुनाव के बाद लोकसभा सरकार ने अंतिम सत्र में अंतिम रूप से मंजूरी नहीं दी है।
5	तिलक के प्रभाव से देश में क्या हो गई?	विविध क्षेत्रों में सूर्य की क्या आवश्यकता है?
7	हम सभी उनको वंदन करते हैं जिन्होंने अपने प्राणों की आहुति दी ।	हम सभी उन सभी ने उन्हें बुलाया जो अपने दर्शन में सफल हो गए।
11	राष्ट्रीय स्तर पर शिखर सम्मेलन के दो दिनों के बीच आयोजित महान महिला दिवस की तैयारी तेज हो गई है।	राष्ट्रीय स्तर पर नई दिल्ली में दो दिवसीय प्रदर्शन के बाद दो दिवसीय दिन से अधिक मंदिर पर चढ़ गया है।
18	जहां एक विशालसभा की वीणा की प्रतिमा स्थापित है, जगह है "राम की पैड़ी" नामक स्थान के पास एक प्रमुख चौपथ है।	जहाँ एक सदन के बड़े सदस्य हैं, वह "मैं उसके पास रखी गई है"यह शहर के पास"कहंगा" है"
1	इन दोनों के	ये सब
16	हे शिव! वैदिक मत, सांख्य, योग, पाशुपत और वैष्णव इत्यादि परस्पर भिन्न मार्गों में 'यह बड़ा है, यह हितकारी है। इस प्रकार रुचि वैचित्र्यसे अनेक प्रकारके सीधे या रेढ़े पंचको अपनानेवाले मनुष्योंके लिये आप (ईश्वर) ही एकमात्र प्राप्तव्य स्थान हैं, जैसे जलमात्रके लिये समुद्र है	जो कोई भी श्रीगुरुजी द्वारा अधिक कहने पर समर्थ हैं, जो इस प्रकार के द्वारा ऊपर चढ़कर, वह दिव्य शब्द के द्वारा युक्त, जटादि, जटादि, जटादि, जटा, जटादि, धनुष, धनुष, धनुष, धनुष, धनुष, धनुष, धनुष, धनुष, धनुष, धनुष, धनुष, धनुष, धनुष, धनुष, धनुष, धनुष, धनुष, धनुष, धनुष, धनुष, धनुष, धनुष, धनुष, धनुष, धनुष, धनुष, धनुष, धनुष, धनुष, धनुष, धनुष, धनुष, धनुष, धनुष, धनुष, धनुष, धनुष, धनुष, धनुष, धनुष,
6	तू उसको क्यों क्षमा नहीं करता ?	तुम उसको क्यों क्षमा नहीं करते हो ?
5	लकड़हारा लकड़ियां लाता है और उसे फाड़ता है।	लकड़ी घास बेचता है और गन्ने को चबाता है।
6	अब प्रभास की फ़िल्म''सालार'' प्रदर्शित हुई।	अभी प्रभास का''इस फिल्म का शूटिंग सफल हुआ है।
3	कौन पढ़ाता है ?	कौन पढ़ाती है ?
19	राष्ट्रीय मतदाता दिवस के अवसर पर राज्य चुनाव आयोग ने राज्य में विभिन्न क्षेत्रों में नए मतदाताओं की जागरूकता पैदा की है। चुनाव- आयोग ने पूरे राज्य में अभियान चलाने के लिए अधिकारियों को सावधानी का निर्देश दिया है।	राष्ट्रीय चुनाव दिवस के अवसर पर राज्य के राष्ट्रीय चुनाव आयोग द्वारा राज्य के नए क्षेत्रों में नई क्षेत्रों में जन समुदायों के लोगों को सर्वस्थापन करने के लिए राज्य में अधिकारियों को अधीन है-यह राज्य से अधिक सहायता जारी हैं।
7	यहाँ पुस्तक लेने क्या सदस्य आते हैं ?	यहाँ पुस्तकें के लिए क्या चल रहा है ?
6	जिसके अध्यक्षता उद्योग मंत्री हर्षवर्धन चौहान जी ने की।	जिस सभा में उद्योग मंत्री हर्षवर्धन चौहान ने हर्ष को संबोधित किया।
3	कच्चे आम का मीठा अचार।	कच्चे आम का मीठा अचार।
8	भोगविशेष की कामना से जिनका ज्ञान हर लिया गया है, ऐसे पुरुष अपने स्वभाव से प्रेरित हुए अन्य देवताओं को विशिष्ट नियम का पालन करते हुए भजते हैं।।	जो कार्य और दान से रहित होकर, नित्य से युक्त होकर, नित्य, अशुभ, अशुभ, असंग, असंग, असंग, असंग और असंगों को नियमों से त्याग कर लेता है।।
7	उन्होंने इस परंपरा को अपने जीवन में आगे किया है।	उन्होंने यह अपना जीवन अपने जीवन भी प्रारम्भ किया।
10	समापन में आदि भारतं भारतं भवतु भारतम् ये गीत गाएगा ।	समापन के दिन भारत भारत भारत भारत भारत का गीत गाएगा।
6	अब गाय माता का दूध पी रहे हो।	अब गाय दूध पीना तुम दूध पीओ।
9	पापी अधर्मियोंकी शीघ्र ही बुरी गति होती है, ऐसा समझकर पुरुषको चाहिये कि धर्मसे दुःख पाता हुआ भी अधर्ममें मन न लगावे	न तो धर्म ही धर्म है, न धर्म है, न धर्म है, न धर्म है और न धर्म ही है, किन्तु धर्मका ही है, किन्तु संसारमें बढ़कर धर्मका ही है ॥
6	वसन्त समय आने पर कौआ-कौआ होता हैं और कोयल-कोयल होती है।	समय पर कुछ समय तक कौए के पास जाता है।
8	उन्होंने कहा कि अयोध्या में भव्य राम मंदिर बन गया है।	उन्होंने कहा कि अयोध्या में राम मंदिर का निर्माण किया गया है।
7	शास्त्र वेदान्त आदि विषयों में उसने बहुत जाना था ।	शास्त्रों के विकास के विषय में उन्होंने बहुत कुछ विषय दिया था।
4	सुबह उठकर पढ़ने बैठ जाओ।	सुबह शाम को अध्ययन करने के लिये तैयार हो गया।
9	इस संबंध में मुख्यमंत्री प्रबोध सक्सेना ने अधिसूचना जारी की है.	इस संबंध में मुख्य सचिव ने आदेश जारी किया है।
6	दशरथनन्दन ! मैं आपको अयोध्या पहुँचाऊँगा।	दशरथ ! मैं तुम्हें अयोध्या से चलूँगा।
5	पानी बाहर नहीं जा रहा था।	पानी बाहर नहीं जा रहा था।
7	फिर भी यहाँ का अथशब्द प्रारम्भार्थ है यह भाष्यकार बोलता है।	फिर भी यहाँ भी प्रयोग के लिए प्रयोग किया गया है।
8	इस व्याकरण के वैज्ञानिक रूप में ही इसकी त्वरित प्रसार का कारण है।	इस व्याकरण का वैज्ञानिक वैज्ञानिक उसी प्रकार उसका प्रचार-प्रसार और रक्षा के कारण रक्षा के कारण रक्षा के कारण प्रयोग किया गया।
14	आज तुम भक्तिपूर्वक पूछ रही हो, तो मैं श्री रघुकूलशिरोमणि को नमस्कार कर तुम्हारे प्रश्नों का उत्तर देता हूँ। श्रीरामचन्द्रजी प्रकृति से परे, परमात्मा, अनादि, आनन्दस्वरूप अद्वितीय और पुरुषोत्तम हैं। ॥	हे राम ! आप मेरी माया से मेरी माया को छोड़कर मुझे आप मुझे छोड़कर श्रीरामचन्द्रजी ने अपने परमपद को दे दिया है। हे रघुश्रेष्ठ ! आप मुझे एकएकएकएकएकएकएकएकएकएकएकएकएकएकएकएकएकएकएकएकएकएक परम परम परम परम परम परम परम परम परम परम परम परम परम परम परम परम परम परम परम परम परम परम परम परम परम परम परम परम परम परम परम परम परम परम परम परम परम परम परम परम परम परम परम परम परम परम परम परम परम परम परम परम परम परम परम परम परम परम परम परम परम परम परम परम परम परम परम परम परम परम परम परम परम परम
8	इच्छानुसार घड़ों को ले जाओ। दूध को बेचकर ही बड़ों की कीमत दे देना।	नहीं, जैसे वैसा ही पकड़ा हुआ दूध का घी ही बनाओ।
7	यही कही होगा खोजो ।	यहीं कहीं भी कार्यरत है , खोज करते हैं।
4	फिर रक्षाकिये हुए आतुरको स्थानमें लेजावे और यथोक्त आचार ( आहार विहारआदि) का उपदेश करता रहे ॥	इसके बाद, फिर यह अध्याय (यममममममक) और अश्रुद्य (पण्ड्रन्तम) हो तथा अश्रुपात (पथाह ) हो तथा संन्यास (पथा ) हो तो संधेय (पह ) हो तो संयोग (पहंड) हो तो संधिकी इच्छा करना चाहिये ॥
10	इस समारोह में देश-विदेश की योग को समर्पित महिलाओं का प्रचुर संख्या में समागम होगा।	इस समारोह में भारत और विदेश के योग के लिए कई महिलाओं को बहुत से अधिक मिल जाएगा।
4	वैज्ञानिक पुनः प्रयास करेंगे।	वैज्ञानिक पुनः प्रयत्न करेंगे।
6	आपके बिना काम नही होगा।	आप बिना काम नहीं होता है।
3	प्रातःकाल व्यायाम किया	सुबह सबसे शिष्य जी ने थाली में
4	विद्यालय में लड़के और लड़कियाँ है।	विद्यालय में बच्चों और बच्चियाँ हैं।
4	गुरु ने शिष्य से दरवाजा खुलवाया।	गुरु शिष्य ने द्वारोटी को द्वार खोली।
5	हीरजीभाई ने बाबासाहेब अम्बेडकर का जीवनदर्शन समझाया।	इसी प्रकार ही आलुपद ने राटिका के विवाह के लिए जीवन में जीवन का जीवन दिया।
3	आप जल्दी से आईये।	आप जल्दी आओ।
6	छात्र – तो क्या हो गया ?	छात्र – तो क्या हुआ ?
7	जो पुरुष मदाश्रित होकर सदैव समस्त कर्मों को करता है, वह मेरे प्रसाद (अनुग्रह) से शाश्वत, अव्यय पद को प्राप्त कर लेता है।।	परन्तु समस्त भूतों को भी करके अन्य भूतों को वश में करके, भूतों को वश में करके, भूतमात्र को वश में स्थिर कर देता है।।
9	हिमाचल प्रदेश और उत्तराखंड में बारिश बढ़ने से यमुना नदी का जलस्तर बढ़ गया।	हिमाचल प्रदेश के उत्तरी जिलों में भारी बारिश हुई है और नदी के जलधारित जलणी में बाढ़ का अभाव हुआ।
9	बाज की छाल के चूर्ण से (जल्दी से) बाज की छाल को चूर्ण कर लेना चाहिये । इस चूर्ण को चूर्ण कर देना चाहिये । इस चूर्ण को चूर्ण कर देना चाहिये । इस चूर्ण को चूर्ण कर देना चाहिये । चूर्ण कर देना चाहिये ।	हनुमान जी ने वानरों को मपास्त्र के सभी मोटा बंद कर दिया।
7	सनकादि पार्षद गण उनकी स्तुति करते हुये इन्हें चारो तरफ से घेरे हुए खड़े थे और शंख, चक्र, गदा, पद्म तथा वनमाला के साथ श्री हरि सुशोभित हो रहे थे ॥	जिनके चरण कमलों से सुशोभित, यमुनाजी के समान प्रकाश से युक्त, कमल धारण किये हुए, जिनके मस्तक पर प्रकाशमान, जिनके प्रकाश से युक्त, जिनके प्रकाश से, कमल के समान सुन्दर सुन्दर सुन्दर सुन्दर सुन्दर सुन्दर सुन्दर सुन्दर सुन्दर सुन्दर सुन्दर सुन्दर सुन्दर सुन्दर सुन्दर सुन्दर सुन्दर, नित्य सुन्दर, नित्य सुन्दर, नित्य सुन्दर, नित्य सुन्दर, नित्य युक्त, नित्य सुन्दर, नित्य सुन्दर, नित्य सुन्दर, नित्य सुन्दर, नित्य सुन्दर, नित्य सुन्दर, नित्य सुन्दर, नित्य सुन्दर, नित्य सुन्दर, नित्य सुन्दर, नित्य सुन्दर, नित्य सुन्दर, नित्य सुन्दर, वाली, वाली, वाली, वाली, वाली, लक्ष्मी, लक्ष्मी, लक्ष्मी, लक्ष्मी
5	बीमार गाय का दूध मत निकालो।	रोगी गायों को दूध पिलाता है।
3	उसने छात्रों से पूछा।	उसने छात्रों को पूछा
11	केंद्रीय मंत्री अनुराग पाठक ने कहा कि राज्य में कांग्रेस सरकार के सत्तारूढ़ होने के बाद महँगाई बढ़ गई है।	केंद्रीय मंत्री अनुराग ठाकुर ने कहा कि राज्य में कांग्रेस सरकार ने सत्तारूढ़ होने के बाद एक बड़ा बढ़ती निर्णय बढ़ाया है।
10	श्रीकण्ठ बोला ⁇ ”मित्र! तुम्हारे वचनों को सुनकर मेरे मन में बहुत प्रसन्नता हुई।	श्रीभगवान् बोला- “हे सौम्य! तुम्हारे भाई! मेरे मन से जो बहुत खुश हुआ है।
2	याचक का अपमान नहीं करना चाहिए।	बिना किसी प्रकार का हित नहीं है
6	रास्ते में उसकी शर्ट पर भी बाल आ जाते हैं।	रास्ते में उसकी आँखें भी बाहर आती हैं।
5	आपकी तकिया नहीं जानते !!!	आप मुझसे नहीं जानते हैं!
12	तेजस्वी भी मार्च के ३ दिनाङ्क को पटनानगर के गान्धी मैदान में महान सभा को आयोजित करने के लिए जाता है।	राजा भी मार्च को मैक्स नगर में मैक्लोबल के साथ बैठक करने के लिए बड़ी संख्या में जाती है।
3	बढ़िया चित्र आया	परसों गया था।
7	बाद में, मुम्बयी विश्वविद्यालय के सार्वजनिक विधि महाविद्यालय से स्नातक के पदवी को प्राप्त किया।	बाद में, मुंबई के सभी विश्वविद्यालयों के सभी सदस्यों ने प्रशिक्षण लिया।
8	लेकिन निर्माताओं ने आज भी फिल्म की शूटिंग नहीं शुरू की।	परन्तु निर्माता आज भी फिल्म का शूटिंग नहीं शुरू हुआ।
5	छात्र उत्तर सुनकर शान्त हो गया।	छात्र उत्तर को हृदय में शान्ति पाई।
11	देवताओंके मुकुटोंसे [ बारम्बार नमस्कार किये जानेके कारण] जिनके चरण- कमल घिस गये हैं, वे शिवजी भी उन्हें उदय और अस्त होते समय हाथ जोड़ते हैं, उन तेजोमण्डल सूर्यदेवकी बलिहारी है !	जिनके पास ही देवगण नामक सूर्यलोक में उत्पन्न हुए हैं, जो तीनों लोकों में भी देवताओं के समान है, वह तीनों लोकों में रहने वाले श्रीराधाजी भी अपनी पूजा करता है।
1	स्थूल शरीर	पीजर
1	के पास	पास
9	इस जाल श्रृंखला का काम पूरा कर के ही वह हकीकत का चित्रोतलान शुरू कर दिया।	इस नेटवर्क के अनुसार, वह शीघ्र ही काम करने के लिए देर से देर तक देर तक देर शुरू किया।
1	जिसका न आदि है न अन्त।	देवता
10	चार प्रकार के अम्लो ( वृक्षाम्ल, अम्लवेतस, अनार और बेर अथवा कैथ, चौपतिया, वृक्षाम्ल ओर अनार ) का एक प्रस्थ, सोठ, मरिच और पिप्पली मिलित तीन पल, पाचो नमक ( सैन्धव, रुचल, सामुद्र, विड् और उद्भिद ) मिलित चार पल, शर्करा आठ पल मिला कर चूर्ण कर लेना चाहिये । इस चूर्ण को शाक, दाल, राग ( व्यञ्जन विशेष ) आदि में मिलाना चाहिये । यह चूर्ण कास, अ	यदि एक पाली दीर्घ ⁇  में शोध और वातजन्य शोथ का प्रयोग करना चाहिये तो वह कुमुच्छन, गुलगगुन, गुलगिल, कपहगहहह, पिगली, पिगेद, पिगेद, पिगली, पिगौली, पिगौम, पिगौली, पिग, पिग, पिग, पिगम, पिग, पिगम, उदर, पिगली, पिगम, उदर, उदर, पिगम, उदर, पिगली, उदर, सोठ, सोठ, सोठ, सो
7	जो मेरे दोषों को दूर करते हैं वे मेरे गुरु हैं	जो मेरे द्वारा बहुत से बड़े गुरुकुल में रहते हैं
5	''प्रभो! तुम एक सत्य संकल्पवाली हो।	''मेरे! तुम सत्य के संकल्प का पालन करो।
1	सहायता।	सहायक
6	जयराम सरकार ने संसाधनजनन के लिए कोई भी प्रयास नहीं किया।	जयराम ने सरकार को ध्यान देने के लिए कुछ भी नहीं दिये।
4	गुरुनानक किसलिए ग्राम को गये थे?	गुरु जी ने गाँव में क्यों गया?
11	अमृत केरल रेलवे स्टेशन को नवीन करने के लिए भी 22 करोड़ रुपये स्वीकृत हैं, जिसका काम पूरी तरह से चल रहा है।	अमृतसर स्टेशन से भवन के लिए भी 22 करोड़ रुपये का खर्च किया गया है, जिसका काम पूरा हो रहा है।
8	उसके द्वारा पढ़ाए हुए छात्र आज उसके घर आए।	उसके द्वारा पढ़ाए हुए छात्र आज उसके घर आए।
8	इन दोनों से ही स्थावर जंगम संसार उत्पन्न होता है। अत: श्रीराम और सीता स्थावर जंगम इस जगत् के मातापिता हैं। हे पृथिवीपाल ! कोई उनका शत्रु कैसे हो सकता है ? बिना जाने ही जगन्माता जानकीजी को आप ले आये हैं॥	इस प्रकार वह अपने आप ही जगत् के साथ ही उत्पन्न हुए हैं, उसी प्रकार श्री राम के द्वारा भगवान् राम के हृदय में रहने के लिये वहाँ आया ॥
4	धूप का चश्मा काला ही पहना जाता है।	सूर्य की छाल में काला ही है।
7	सच कहूँ , मैंने कुछ भी नहीं खरीदा।	सत्य कहूँ , मैंने कुछ भी नहीं खरीद लिया।
10	मेघालय में कोनराड संगमा के नेतृत्व वाली नई कैबिनेट आज शपथ लेगी।	मेघालय के कोच्चि के कोलका के साथ नया पद नया गिनी सत्य का नया जाएगा।
10	शिक्षिका -तुमने तो परीक्षाशुल्क भी नहीं दिया	शिक्षिका - तुम तो परीक्षा के लिए भी नहीं दिये।
3	हे छात्र	हे छात्रों !
4	प्रतिदिन अभ्यास करिये ।	प्रतिदिन अभ्यास करिये
9	इस मौके पर रक्षा प्रमुख जनरल अनिल-चौहान और सेना के अन्य वरिष्ठ अधिकारी उपस्थित थे।	इस अवसर पर सुरक्षा बल जमीनी में जनसेना-अमहार और अन्य प्रमुख वरिष्ठ अधिकारी उपस्थित थे।
13	बिना अभ्यास के विद्या विष के समान है, अजीर्ण ( अपच) होने पर भोजन विष के समान है, दरिद्र के लिए सभा सम्मेलन विष (तुल्य) है (तथा) बूढ़े व्यक्ति के लिए युवती स्त्री विष के समान है।	विद्या, विद्या, विद्या, विद्या, विद्या, दान, त्याग, दान, दान, दान, दान, और दान-ये मनुष्य के लिए धन, धन, धन, धन, धन, धन, धन, धन, धन, धन, धन, धन, धन, धन, धन, धन और दान ये सब मनुष्य के लिए दान के लिए हैं।
8	देश में दो भारतीय समुद्र तटों को भी ब्लू फ्लैग प्रमाणन मिला है।	राष्ट्र के दोनों भारतीय टोकरी और बक्कर के साथ भी जमा हुआंबर पर हस्ताक्षर किया गया।
6	इस प्रकार विद्यालयीय इंटरनेशनल गीता महोत्सव का उद्घाटन किया गया।	इस प्रकार विद्यालय के प्रिंसिपल गीता समारोह में हुए।
7	परन्तु मैं फिर भी इस युद्ध के लिये तैयार हूँ।	परन्तु फिर भी मैं युद्ध के लिये युद्ध करना चाहता हूँ।
9	वह दूध बिल्ले ने आज पिया, इसलिए वहाँ दूध नहीं है।	वह दूध का लिलहरी पीया है, इसलिये वहाँ दूध नहीं है।
8	वहाँ विद्याधर गन्धर्व के साथ उसका सम्पर्क हुआ।	वहाँ विद्या के द्वारा युक्त, देवपक्ष के साथ उनका प्रभाव हुआ।
13	यहां की शिक्षिका सुनीता एस प्रभु स्थानांतरण के बाद पेरुम्बल देश के एक स्कूल में चली गईं थीं।	यहाँ शिक्षक पद के लिए इक्कीस परीक्षा के बाद देश के छात्रों ने देश में अध्ययन किया था।
2	कुतिया भौंकती है।	चमार सास-चिलता है।
11	क्या वह सो रहा? उसे आप ने दवा दिया क्या ?	क्या उसने उसे बीमार दिया ? उसे तो मैंने उसे औषधि दिये ?
6	सात नए रेल लाइन की लाइन को उत्पादन किया जाना है।	सात चींटियाँ रेल के ऊपर बने हैं।
3	उसने भ्रष्टाचार किया।	उसने भ्रष्टाचार किया।
5	सभी बच्चे माताओं के साथ खेलेंगे।	सभी बच्चों के साथ खेल करेंगे।
1	नहीं तो	नहीं तो
9	अतः हे देवता! इस रथ पर चढ़कर राक्षस रावण को मारना।	इसलिये हे देव! यह समय राक्षसों को मारिये।
5	तिलक के प्रभाव से देश में क्या हो गई?	विविध क्षेत्रों में सूर्य की क्या आवश्यकता है?
20	गरीबी से लज्जा प्राप्त होती है, लज्जाशील का पराक्रम (सत्व) नष्ट हो जाता है। पराक्रम नष्ट होने से (बलहीन ) अपमानित होता है। अपमान होने से दुःख प्राप्त होता है। दुःख से शोक प्राप्त होता है, शोक से मारा गया बुद्धिहीन हो जाता है। बुद्धिहीन का नाश हो जाता है ओह निर्धनता सब मुसीबतों का स्थान है।	जो मनुष्य प्रिय बुद्धि से ही अधिक दूर हो जाता है, वह व्यक्ति अपने स्वभाव से ही मुक्त हो जाता है, क्योंकि सत्पुरुषों को धारण करता है, क्योंकि वह दान लेता है, क्योंकि सत्पुरुषों को धारण करता है, क्योंकि वह दान देने वाले व्यक्ति के लिए धन को प्राप्त करता है।
5	गुरु जी का निर्देश दिया गया नियम भी पालता है।	गुरु-उधर की व्यवस्था और उठ रही है।
4	जो एकबार देखने के लिए महत्वपूर्ण है।	जो एक बार देखना चाहते हैं
8	सभी राज्यों के जलशुल्क के बारे में केंद्र सरकार की नीति समान है-सीह है.	सभी राज्यों के जलायनों के बारे में केंद्र सरकार के बारे में है।
3	योगशास्त्र का प्रवर्तन किसलिए हुआ?	वैदिकशास्त्र का क्या प्रयोजन है?
4	ऋषिदेव रविवार को मौनव्रत पालता है	ऋषिदेव रविवार को मौऩा करता है।
11	द्वादशे में प्रातः दीक्षान्त समारोह आयोजित किया गया जिसमें डॉ. शीता शुक्ल पाठक ने पथ्य प्रदान किया।	दोनों दिनों के महीने की वार्षिक तारीख को दीक्षा महोत्सव के उत्सव में डॉ. तरुणमोहन पाठक ने अस्पताल में एक नया उद्घाटन किया।
6	पेंसिल छील कर वह सुंदर चित्र बनाता है।	पेंसिल छील कर वह सुंदर चित्र बनाता है।
11	उसके सिंहनाद से वाली की आँखे क्रोध से लाल हो गयीं ओर वाली ने बाहर आकर उसको बड़े जोर से एक मुक्का मारा ॥	उस बाण को सुनकर वह राक्षस के पास आया और उस राक्षस को देखकर उस राक्षस को आते हुए देखकर उस राक्षस ने उस राक्षस को देखा। उस समय वह राक्षस के पास जाकर वह चकित हो गया।
8	गृह विभाग, हिमाचल प्रदेश-लोकसेवा- कमीशन के माध्यम से नियुक्त नए मानकों का निर्धारण किया गया है।	गृह विभाग ने हिमाचल प्रदेश-विधार-आयोग के माध्यम से नई नियुक्त हुए नई नियुक्त मन से नई नियुक्त हुए।
8	वह रोगी बालक मीठा दूध नहीं पीता ।	वह रोगी लड़की दूध से भी दूध नहीं पीता है।
17	हे श्रीकृष्ण, श्यामसुन्दर, राधावल्लभ, यदुनाथ, यमुनातीरविहारी, एकमात्र वृन्दावनमें निवास करनेवाले माधुर्यमय चन्द्रके समान मुखवाले, स्निग्ध स्वरूपवाले व्रजेश्वर हे वंशी टेरनेमें मग्न, मालाओंकी सुगन्धसे युक्त, मोरपंखसे आच्छन्न मस्तकवाले और अंग-अंगमें लक्ष्मीके निवासभूत हे श्रीकृष्ण! मेरे हृदयमें अपनी भक्तिका प्रकाश फैलाइये ॥	जो श्रीकृष्णजी श्री श्यामसुन्दुरानीजीके चरणकमलमें सुशोभित हैं, जिन्होंने जिनके चरणकमलको धारण किये हुए हैं, जिन्होंने जिनके चरणकमलको प्रकाशित हुए हैं, जिन्होंने कमलके समान श्यामसुन्दर हैं, जो नीलकमलको प्रकाशित किये हुए हैं, जो नीलकमलको प्रकाशित हुए हैं, जो नीलकमलको प्रकाशित किये हुए हैं, जो नीलकमलको मैं अपना मन धारण करता हूँ, उन श्रीलक्ष्मणजीको मैं भजन करता हूँ॥
16	'पुरुष' यह कहकर कृष्ण ने जोर से ध्वनि की, इसलिये द्रोणाचार्य "पुरुष"	राजा ने कहा कि कृष्ण कृष्ण ने अर्जुन के द्वारा अश्वांग की मृत्यु की, इसलिये अर्जुन, अर्जुन, अर्जुन, अर्जुन, अर्जुन, अर्जुन, अर्जुन, अर्जुन, अर्जुन, अर्जुन, अर्जुन, अर्जुन, अर्जुन, लक्ष्मण, लक्ष्मण, से नहीं किया जा सकता है।
4	वहाँ बहुत सी वस्तुएँ मिलती हैं।	वहाँ बहुत कमजोर दिखते हैं।
17	बोर्ड द्वारा लिखित परीक्षाओं से पहले व्यावहारिक परीक्षाएं आयोजित की जाती हैं, जो 21 फरवरी से 29 फरवरी तक आयोजित की जाएंगी, जिसकी समयसूची बोर्ड ने पहले प्रकाशित की है।	लिखे गए घूमने के पहले ही पूर्व परीक्षाएँ, शनिवार को 2, 29 फरवरी तक 2,9 फरवरी तक,9 फरवरी तक,30 बजे से 39 बजे तक समय तक समय तक नीलीविसज्जित रहेगा।
27	यदि गर्भ की उत्पत्ति मे माता पिता कारण हों तो बहुत सी स्त्रियों और बहुत से पुरुष पुत्रकामना और कन्याकामना वाले होते है । वे पुत्र की कामना से पुत्रों और कन्या की कामना से कन्याओं को उत्पन्न कर लिया करें। कोई भी स्त्री वा पुरुष विना सतान के न रहे। कोई सतान की इच्छा वाले स्त्री वा पुरुष सतान के लिये कभी दुःखी न हों और न विलाप किया करे	यदि कोई माता पिता के पुत्र हैं तो वह मेरी माता है, स्त्री है, स्त्री है, पुत्र है, पुत्र है, पुत्र है, पुत्र है, स्त्री भी वैश्य है, पत्नी है, पत्नी है, पत्नी है, पतिके भी जिसकी बहन हैं, पतिके समान है, पतिके समान पतिके समान है, पतिके समान है, पतिके समान है, पतिके समान है, पतिके समान है, पतिके समान है, पतिके समान है, पतिके समान है, पतिके समान है, पतिके समान भाई हैं, पतिके समान है, पतिके समान भाई हैं, पतिके समान भाई
21	वहाँ प्रशिक्षक ने वर्ग के पहले दिन ध्येयमन्त्र, वर्ग गान, संस्कृत में परस्पर परिचय, वस्तुओं का परिचय, यह शब्दों का तीनों लिङ्गों में प्रयोग, स्थानवाचक शब्दकोश का प्रयोग और अन्य बिन्दुओं पर आधारित पाठ किया।	वहाँ प्रशिक्षण के पहले दिन वर्ग के पहले वर्ग के रूप में, संस्कृत के रूप में, उन्होंनेहरिक संस्कृत में, अंग्रेजी में, शब्द, शब्द, शब्द, शब्द, शब्द, शब्द, शब्द, शब्द, शब्द, शब्द, शब्द, शब्द, शब्द, शब्द, शब्द, शब्द, शब्द, शब्द, शब्द, शब्द, शब्द, शब्द, शब्द, शब्द, शब्द, शब्द, शब्द, शब्द, शब्द, शब्द, शब्द, शब्द, शब्द, शब्द, शब्द, शब्द, शब्द, शब्द, शब्द, शब्द, शब्द, शब्द, शब्द, शब्द, शब्द, शब्द, शब्द, शब्द, शब्द, शब्द,
10	परन्तु तुम्हारे नौकर सदा सब जगह उपस्थित नहीं हो सकते।	परन्तु तुम्हारा बेटा और सब जगह हमेशा उपस्थित नहीं हो सकता।
10	सूचनाप्रसारण मंत्री अनुराग सिंह ठाकुर ने भी आज सशस्त्र सेना के ध्वज दिवस के अवसर पर सभी को नमस्कार किया।	सूचनाप्रसारण मंत्री अनुराग सिंह ठाकुर ने भी आज सुरक्षा के लिए सभी सेना के लिए धन्यवाद दिया।
4	दो पहर एक बजे भोजन।	पुल में एक बजे भोजन भोजन भोजन है।
1	विश्राम करके।	अकाल
7	आती हूँ, चलें किसकी दुकान चलें ?	मैं कब सेल्फी जाऊँ ?
14	भविष्य में इसके लिए प्रयत्न किये जा रहे हैं। जल्द ही यह आशीर्वाद पूरा कैबिनेट को अयोध्या में जाकर रामलल्ला का दर्शन किया जाएगा।	यह लक्ष्य कार्य करने के लिए लगाने के लिए सभी नए केंद्र अयोध्या जाकर अयोध्या जाकर अयोध्या में दर्शन का अवसर प्राप्त करेगा।
4	जब वह चुटकुला बोलता है	जब वह चुटकुले बोलता है
9	केवल पश्चिम के लोग इस दुरुपयोग को करके देश को अधिराज्य में स्थापित कर दिया।	इस नदियों के द्वारा खाया गया देश के लिए सूर्य की रक्षा की गई।
8	जब वह हृदय के स्थान पर ही रहता है तब नामरूपी फल मिलते हैं।	जब वह शान्तियाँ ही दिव्य नाम के लिए नाम का आचरण करते हैं।
8	इसीलिए लघुता विचार करके अधुशब्द की अपेक्षा से साधुशब्द अकेला ही योग्य है।	अतः छोटा व्यक्ति अपने जीवन के लिए जातिशब्द का उपयोग करना चाहिए।
4	मोर किसानों का मित्र है।	मोर के पास मित्र है।
1	क्षेत्र का ज्ञाता	क्षेत्र के रूप में
10	डॉश्री छबिलाल नूपाने ने अपने व्याख्यान में कहा कि प्रकृति सभी प्राणियों की रक्षा के लिये प्रयत्नशील रहती है।	डॉ. बिंदल ने अपने भाषण में अपने विचारों को संबोधित किया कि स्वास्थ्य के लिए सभी प्रकार की स्वास्थ्य सेवाओं का उपयोग करती है।
15	श्री मोदीना एन.डी.ए. ने चार सौ सीटें जीत का लक्ष्य रखा है, क्योंकि ऑर्डर टीम में सात सौ से अधिक तीन सौ सीटें हैं।	श्री मोदी ने पूर्वानुमान टीम के चारवें चरण में भारत के चुनाव के लिए सत्ताईस करोड़ रुपये के चुनाव के लिए चार सौ सीटें हैं।
10	हे केशव ! मैं शकुनों को भी विपरीत ही देख रहा हूँ और युद्ध में (आहवे) अपने स्वजनों को मारकर कोई कल्याण भी नहीं देखता हूँ।	मैं तुम्हारे लिए इस प्रकार के लिए कार्य औरचना के लिए उद्यत हूँ, मैं तुम्हें अपने पास नहीं देखता हूँ।
7	वह पक्षियों और पशुओं को पकड़कर अपना गुजारा करता था।	रोपदनाई के रूप में वह विविध प्रकार के जीवन का उपयोग करता था।
9	उस महाबली ने भी 'ठीक' ऐसा कहकर मल्लयुद्ध के लिए भीमसेन को चुना।	उन्होंने भी महायुद्ध किया''मैं तुम्हारा बाण हूँ''सैपो" नाम से मुक्त हो गया।
5	उनके ही नेतृत्व में विश्व क्रिकेट स्पर्धा में वर्ल्ड कप पाया।	उसी प्रकार सारा विश्व कप विश्व कप के लिए विश्व कप का आरम्भ हुआ।
2	दूसरा दीजिये।	धारण करें।
15	बार्यावटग, चीता, दन्ती, चव्य, सोठ, मरिच, पिप्पली प्रत्येक दो शाण लेकर चतुर्गुण जल में दूध सिद्ध करके पीने से उदर रोग शान्त होता है ||	यदि एक एक एक एक एक एक एक एक एक एक एक एक एक एक एक एक एक एक एक एक एक एक एक एक एक एक एक एक एक एक एक एक एक हो तो एक एक एक एक एक एक एक एक एक एक एक हो तो एक एक एक एक एक एक हो तो एक एक एक एक हो तो एक एक एक एक एक एक हो तो एक एक एक एक एक हो तो एक एक एक एक हो तो दूध के दूध के दूध के समान हो तो दूध के समान दूध के समान दूध के समान दूध के समान दूध के समान दूध के समान दूध के समान दूध के समान मोवे । यदि एक भाग देना चाहिये । यदि
6	प्रांत मंत्री गिरीश चंद्र तिवारी ने परिचयात्मक भाषण दिया।	श्री मोदी ने कहा कि उज्जैन में प्रवासी शिखर यात्रा के अवसर पर एक समारोह आयोजित की गई है।
1	गरजते हो	गरजता है
6	वे छात्र फिर से लिखते हैं तब	वे छात्र फिर से लिखते हैं तब ....
3	वह खेत में दौड़ता है।	वह खेत में दौड़ता है।
3	मन्दिर में भक्त जाता है।	मन्दिर से भक्त जाती है।
11	इनमें से दूरसंचार, पेयजल सौर ऊर्जा और स्वास्थ्य जैसे क्षेत्रों में संबद्ध सभी विकास परियोजनाएं सम्मिलित हैं।	इन परियोजनाओं में दूर-जल-जल-जल- सौर ऊर्जा- परियोजना के सभी परियोजनाएँ इन परियोजनाओं के सभी परियोजनाएं शामिल हैं।
13	क्योंकि - - सिंह, गुणी पुरुष, हाथी - ये अपने स्थानों को छोड़कर भी अन्यत्र जाकर प्रतिष्ठा प्राप्त करते हैं। परन्तु कौवा, कापुरुष, हरिण ये एक जगह रहकर ही जन्म बिता देते हैं और वहीं मर भी जाते हैं ।	स्थान पर वैशाही ही जाती है, वैसे ही पति के समान है, वैसे ही हाथी के पास जाता है, वहाँ के हाथी के पास सिंह के समान साँप के पास जाता है।
9	दस वर्ष पहले मेरे बेटे का यज्ञोपवीत आपने कराया था	दस वर्ष पहले मेरे बेटे ने यज्ञ किया।
15	कल शाम प्रधानमन्त्री मोदी ने राजस्थान के जयपुर में फ्रांस के राष्ट्रपति इमैनुएल मैक्रॉन के साथ द्विपक्षीय सत्र में भाग लिया।	मोदी ने शाम को नई दिल्ली में जयपुर शहर में राष्ट्रीय ध्वज फहराया और मैजिनिनिन मैजेल के साथ बैठक की।
3	आप दोनों जाती हैं।	आप दोनों जाते हैं।
6	कहा जाता है कि कल नामांकन में प्रवेश किया जाएगा।	कल रात का नाम प्रवेश होगा।
6	ओह , मैं भी कपडे धोना भूल गया	ओह मैं भी धोया था।
10	हिमाचल-संस्कृत-अकादमी के सचिव डॉ. केशवानंद कौशल ने सभी विशिष्ट अतिथियों एवं विद्वानों का स्वागत किया।	हिमाचल प्रदेश-संस्कृत-विश्वविद्यालय के सचिव डॉ. नवीनश्रुत ने सभी अतिथियों को धन्यवाद एवं कार्यक्रम का स्वागत किया।
1	मुझे पाना चाहिए	प्राप्त करना
4	वह यज्ञ करता है	वह यज्ञ करती है।
3	वह पैसा चुराता है।	वह खड़े है।
4	आजकल रास्ते में पुलिस रक्षक खड़े रहते हैं।	अब रास्ते में पुलिस पुलिस खड़े होते हैं।
12	हे मुनिसत्तम् ! यह सब कुछ तुम्हारा अपकार करने वाला राक्षस किया है। बिना विचारे ही मैंने तुम्हें शाप दे दिया ॥	श्रीरामचन्द्रजी ने लक्ष्मण जी को कहा कि यह सुनकर श्रीरामचन्द्रजी ने सम्पूर्ण आभूषणों को सुनाकर उन्हें अपने आश्रम में ले गया। इस प्रकार कहने पर वह मुझसे कहा हे रघुश्रेष्ठ ! आप मुझे वरदान का ही होगा ॥
6	दिल्ली में भी सर गंगाराम अस्पताल है।	दिन-बीज में भी गाना गाना है।
6	रात साढ़े तीन बजे दो चोर घर में घुसे।	रात में साढ़े छः बजे दो बजे घर गया।
4	सब अपनारूप है या शिव कारूप।	सभी ही अपने कर्तव्य का आधार है या शिव है।
7	हेतु, लक्षण ओर काल को समझने वाले तथा बल और शुद्ध एव अशुद्ध रक्त के वर्ण की पहिचान करने वाले वैद्य को चाहिये कि रक्तस्राव की उपेक्षा उस समय तक करता रहे जब तक कि भयानक रूप धारण न करले, अथवा काई घातक रूप पैदा न करे ॥	हे मनुष्यो ! उस समय अपने आपको छोड़कर, जैसे, जैसे, रंग, अग्नि, अग्नि, जल, अग्नि, अग्नि, अग्नि और जगत् आदि सब जो कुछ भी कहे गये हैं, वह निश्चयपूर्वक ही प्राप्त करे
6	अनंतपुरी और कोट्टायम जिलों में एक-एक व्यक्ति की मौत हो गई।	अनंतदेवदेव, कोल जिलों में एक विशाल स्थान पर ले गए।
5	हिमसंस्कृतवार्ता: जगदीश डाभी, मुम्बई ।	हिमसंस्कृतवार्ता: डॉ. मनोज शुक्ल, मुम्बई।
13	जालगर्दभ - अपने कारणों से कुपित वातादि दोप, पित्तोल्वण और मन्द वात क्फ की अवस्था में अति दाहकारक, अल्प, लालरग के शोध को उत्पन्न करते है, यह शोथ थाडा पकता है । इसके कारण रोगी को ज्वर और प्यास रहता है, यह शो विसर्प के समान फैलता है इसको 'जालगर्दभ' कहते है ॥	वातजन्य शोथ मे, कफजन्य, कफजन्य, कफजन्य, कफजन्य, कफजन्य, कफजन्य, कफ, कफ, कफ, कफ, पित्त, कफ, कफ, पित्त, कफ, कफ, कफ, पित्त, कफ, कफ, कफ, गला, गला, मच्छ, मच्छ, मच्छ, मच्छ, मच्छ, मच्छ, मच्छ, मच्छ, मक्र, मक्र, मक्र, मक्र, तीक्ष्ण, मक्र, मक्र, मक्र, और जीव, उदर, उदर, उदर, उदर, उदर, उदर, उदर, उदर, उदर
4	ज्ञान में धर्म होता है इस प्रकार यह धर्मचारी है।	ज्ञान ही धर्म है, धर्म ही धर्म है।
1	घृणा योग्य	बगुला
15	मनुष्यकी मृत्युके पश्चात् उसका धन पृथ्वीमें गड़ा रह जाता है, पशु गोष्ठमें बँधे रह जाते हैं, स्त्री घरके द्वारपर छूट जाती है; और परिजन श्मशानतक तथा शरीर चितातक साथ देता है, परलोकके मार्गमें केवल धर्मको साथ लेकर जीव अकेला ही जाता है	एक ही जंगल में ब्राह्मण और वन में ब्राह्मण के समान एक-सा वाला, हजारों लोग, एक-एक दूसरे स्थान पर एक ही स्थान पर अपने घर में पहुँच जाते हैं।
7	और अगले वर्ष दीपावली-अवसर की फ़िल्म प्रदर्शित होगी।	आगामी और संदीप विवाह में चलचित्र प्रदर्शित किया जाएगा।
7	छात्र – तो मेरे साथ करो ।	छात्र – तो मेरे साथ बात करो।
7	मैने यह भी नहीं सोचा कि वस्त्रों तथा आभूषणों से सुशोभित	यह भी नहीं है कि यह तो बेचने के लिए झगड़ा नहीं है।
6	माता – आज सेव ही लाओ ।	माता – आज ही लाऊँगा।
3	वह पैसा चुराता है।	वह खड़े है।
6	दशरथनन्दन ! मैं आपको अयोध्या पहुँचाऊँगा।	दशरथ ! मैं तुम्हें अयोध्या से चलूँगा।
6	महाबलि असुर के सत्कार में यह पर्व मनाया जाता है।	महाभारत की महाशक्ति के लिए यह उत्सव पर्व पर्व मनाया जाता है।
6	इसपर श्लोक हैं कि ये अति स्थूल और अतिकृश दोनों मनुष्य अतिनिन्दितः हैं और मध्य शरीर ( न अति मोटा न दुबला ) मनुष्य श्रेष्ठ है और अति मोटेसे तो दुबला ही अच्छा होताहै ॥	आप लोग इस प्रकार के द्वारा अग्नि, अग्नि, चन्द्रमा, चन्द्रमा, चन्द्रमा, चन्द्रमा, चन्द्रमा, वायु, वायु, वायु, वायु, वायु, वायु, वायु, वायु, वायु, वायु, वायु, वायु, वायु, वायु, वायु, वायु, वायु, वायु, वायु, वायु, वायु, वायु, वायु, वायु, वायु, वायु, वायु, वायु, वायु, वायु, वायु, वायु, वायु, वायु, वायु, वायु, वायु, वायु, वायु, वायु, वायु, वायु, वायु, वायु, वायु, वायु, वायु, वायु, वायु, वायु, वायु, वायु, वायु, वायु
12	और भी विपत्ति आने पर विचार कर कार्य करना ही पाण्डित्य (बुद्धिमत्ता) है। बिना विचारे काम करने वाले प्राणियों पर तो पद-पद में विपत्तियाँ आती हैं।	जब कोई भी व्यक्ति अपने आपत्ति में गिर जाते हैं तब तक दूसरों के द्वारा अधिक कष्ट होता है।
1	अशुद्ध	विघ्न
11	प्रधानमंत्री ने कहा कि ऐसे प्रयासों से देश को समृद्ध सांस्कृतिक संपदा की रक्षा में मदद मिलती है	प्रधानमंत्री ने कहा कि ऐसे लोगों को देश के समृद्ध-विदेशों का संरक्षण करना चाहिए।
4	कोर्ट खारिज हो गया है.	न्यायालय की संख्या हुई।
7	ग्रीक भाषा में''थैले''इस प्रकार धातुधारण करने वालेार्थक, संस्कृत भाषा में भी.	संस्कृत भाषा का''इस प्रकार 'अथुन' नाम से संस्कृत का भी उपयोग किया गया है, संस्कृत का भी उपयोग किया गया है।
4	मनु जी ने सभी को धर्म का उपदेश किया।	मन में सभी धर्मों को मोह में लगा।
5	हे मित्र ! यज्ञ करिये।	हे मित्र ! यज्ञ करिये।
3	प्रयास करता हूँ ।	प्रयत्न करता हूँ।
3	कैसे करें ?	कैसे करना चाहिये ?
9	साथ ही अनला नाम एक सुन्दरी कन्या भी हुई।	और भी एक नाम में एक पुत्र भी कन्या पिता की गोदी में हुई।
13	केंद्रीय-आदिवासी विषय मंत्री अर्जुन मुण्डा ने नई दिल्ली में दो दिवसीय आदिवासी जागरूकता कार्यक्रम का उद्घाटन किया।	केंद्रीय-गृह मंत्री अर्जुन ठाकुर ने नई दिल्ली में नई दिल्ली में नई दिल्ली में नई दिल्ली में आयोजित एक समारोह में कार्यक्रम का उद्घाटन किया।
3	वह खेत में दौड़ता है।	वह खेत में दौड़ता है।
9	लाहौल पर्वत में 30 से 60 सेंटीमीटर तक बर्फबारी हुई।	ये हिमपात के लिए 36 किलोमीटर तक तापमान तक बर्फबारी हुई।
6	अभी दोपहर में भी लोग वोट देने जा रहे हैं।	अभी दोपहर को भी लोग मतदान करने जा रही है।
10	इस प्रकार तुम्हारे प्रश्नों के अनुसार सम्पूर्ण जानने योग्य बातें मैंने तुम्हे बताई है। जो व्यक्ति अपने मन को इसमें लगाकर रहता है, वह मोक्ष प्राप्त कर लेता है । है लक्ष्मण मेरी भक्ति से विमुख पुरुषों से इसे सावधानी पूर्वक नहीं कहना चाहिये और मेरे भक्तों को प्रयत्नपूर्वक भी बुलाकर इस रहस्य को सुनाना चाहिये ॥	उन्होंने कहा कि सभी के लिए तुम्हारे द्वारा इस प्रश्न का समय है, जो भी उचित है, वह तो निश्चयपूर्वक है।
8	उसकी सेवा और उपदेश अखिल लोकार्थ को बहुत ही कल्याणकारी है।	उसकी वेदों का उपदेशना है।
3	बढ़ई लकड़ी छीलता है।	तुम फल तोड़ते हो।
7	आने वाले संतों के द्वारा वातावरण सुरक्षित किया जाना चाहिए।	आगामी लाख से अधिक परिस्थितियों में सुरक्षित वातावरण का वातावरण है।
3	सभी समाचारपत्र पढ़ रहे हैं।	सभी समाचारपत्र पढ़ते हैं।
18	राज्य उच्च न्यायालय ने हिमाचल प्रदेश पुलिस महानिदेशक संजय कुमार की पुलिस अधिकारी शालिनी अग्निहोत्री और कांगड़ा के स्थान पर जाने के आदेश को निलंबित करने के लिए याचिका दायर की है।	राज्य सरकार ने उच्च न्यायालय के आदेश के तहत पुलिस अधिकारी कांगड़ा चौहान और कांगड़ा चौहान को पद के खिलाफ दर्ज करने का आदेश दिया है।
7	उन्होंने कहा कि शिक्षा संस्थानों की भूमिका से लोगों का विकास है।	उन्होंने कहा कि शिक्षा के विभिन्न विषयों पर लोगों का विकास है।
8	हाँ , इसका छिलका बहुत कड़क है।	हाँ , इस समय बहुत दुखी है।
1	गुस्सा	अशुभ
11	हमारे यहाँ अमरूद और पपीता ज्यादा मिलते हैं। लेकिन मुझे केला पसंद है।	हमारे क्षेत्र में बेलवाल और प्याज से अधिक लटके हुए हैं, परन्तु मुझे अधिक से अधिक लाना पसंद है।
8	रावेल और रेंटिला गांवों के क्षेत्रों में आसमान से गोल चट्टानें गिरीं।	मिहली जिले के तटीय क्षेत्रों में ही समुद्र में एक तालाब पर घूस से एक मारी हुए।
11	विदेश- मन्त्रालय, विदेशों में भारतीय- ठक्कर भी प्रतिवर्ष हिन्दी-दिवस का आयोजन करते हैं	विदेश- मंत्रालय, विदेश मंत्रालय और भारतीय- भारतीय भारतीयों के बीच भी भारतीय-दर्शन-दर्शन का आयोजन करते हैं।
9	प्रधानमंत्री नरेंद्र मोदी की यात्रा का सहारा लेकर तिरुचिरापल्ली में मजबूत सुरक्षा व्यवस्था का निर्माण किया गया	प्रधानमंत्री नरेंद्र मोदी ने यात्रा के लिए यात्रा का निरीक्षण किया-उन्होंने सुरक्षा व्यवस्था का नियम बदल लिया।
5	गीदड़ दुखी होकर वहाँ से चला गया।	सियार ने उस शिकारी को उठा लिया।
4	कच्ची केरी में हींगहीं डाली जाती है।	कच्चे आम केले में कबूतर रखती है।
9	हिमाचल प्रदेश के 59 शहरों के लिए एक नई विकास योजना बनाई जाएगी।	हिमाचल प्रदेश के 59 जिलों के लिए नई विकास योजना का निर्माण होगा।
5	मेरे भी मन में ख़ुशी हुई ।	मेरे मन में भी मन से खुश हो गया।
3	कार्यालय के पात्र धोता है।	कार्यालय का पात्र साफ करती है।
14	ईश के याद से ईश स्पर्श की प्रतीति होती है, एक अलग-अलग ओज का आभास अनुभूत होता है, इस प्रकार एक विलक्षणता भी तृप्ति को प्राप्त होती है।	एक ही मछली के द्वारा युक्त हो जाता है, एक ही गति का साक्षात्कार होता है, जो एक साथ ही संतान के रूप में रहता है, वह एक ही प्रेम करता है।
1	प्रेरणा किया हुआ ।	प्राप्त हुआ
1	कभी भी	कभी
5	सभी बहुत पीले वस्त्र पहनते हैं।	सभी बहुत पीले कपड़े पहनते हैं।
8	हे वैदे! यहाँ महर्षि शरभङ्ग का महान् आश्रम दिखाया जा रहा है।	हे वैदेही! यहाँ महाभारत की महाशक्ति को दिखाता है।
3	ऊँचा मत हसो।	जोर से हँसते हैं।
13	समारोह को संबोधित करते राष्ट्रपति ने कहा कि इस वर्ष पूरे राष्ट्र में आम मतदान होगा।	समारोह में संबोधित समारोह में राष्ट्रपति द्रौपदी मुर्मू ने कहा कि इस वर्ष पूरे देश में आम जनता के लिए चुनाव होगा।
2	वही।	वह ही
4	अधिक खाता हूँ तब बोलता है	अधिक खाता हूँ तब बोलता है।
6	विश्व का प्रथम ग्रन्थ ऋग्वेद कहलाता है।	विश्व में लिखना ही उचित है।
6	आज यह रत्न अंग्रेजी वंशावली का हिस्सा है।	आज यह पूजा संस्कृत का एक गङ्गना है।
5	वे विलासी लोग आने वाली आपदा को नहीं देखते हैं।	वे सुख से पीड़ित होकर किसी को देखते हैं।
6	वह जब-तक पढती हैं, मैं तब-तक लिखता हूँ।	वह जब पढ़ता है तब वह पुस्तकें पढ़ता है।
3	धार्मिक धर्म को धारण करता है।	गुरु धर्म को प्राप्त करता है।
10	कमलेश्वर डोडियार ने कहा कि कार्यकर्ताओं ने चुनाव में उसकी शक्ति की मदद की।	कमलेश्वर ने कहा कि भाजपा कार्यकर्ता ने कार्यकर्त्ताओं को उसका सहायता दी है।
3	एक कारखाने में काम कर रहा हूँ।	आँपिल विस्तार से
12	और इससे पर्यावरण की रक्षा होगी. इन्हीं प्रकृति से ईश्वर की अभिव्यक्ति होती है, और उपहार के रूप में प्रस्तुत किया गया।	उन्होंने और पर्यावरण संरक्षण की रक्षा के लिए आने वाले आधारभूत संरचनाओं को संबोधित किया, और भगवान् को संबोधित किया।
6	बच्चे के साथ बगीचे भी कार से जाते हैं।	बालक के साथ बगीचे में भी कारियाँ जाते हैं।
9	मंडल की चुराह, भरमौर, पाङ्गी, डल्हौजी में बर्फ लगातार है।	मण्डी और चट्टान के ऊपर, पद्दाख, लैगोर और वायनाड में बर्फबारी लगातार है।
10	मरते समय जिनके नाम का स्मरण कर अज्ञ भी जिनमें लीन हो जाते हैं, उनको सामने देखते हुए और उन्हीं के हाथों से वध हुए, उस राक्षस के विषय में कहना ही क्या ? ॥	जिस प्रकार वह भी अपने ऊपर से कुछ भी नहीं गया था, वह तो फिर भी इस संसार में स्थित होकर भी उसे प्रणाम करता हुआ, क्योंकि वह अपने हृदय में ही मुक्त हो गया।
5	दरिद्र हमेशा माँगते हैं।	निर्धन हमेशा प्रयत्न करते हैं।
9	भारतीय सांस्कृतिक परंपरा के हिमाचल प्रदेश समन्वयक मालविका पाठक ने कार्यक्रम का अध्यक्षता की।	भारतीय संस्कृत विश्वविद्यालय के प्रांतीय शिक्षा मंत्री श्रीमती श्री गोपाल सिंह ने इस कार्यक्रम का उद्घाटन किया।
1	मना किया हुआ	प्राप्त किया
10	दा शत्रुघ्न सलक्ष्मण राम को अभिवादन करके सीता के चरणों में स्पर्श करके उसे प्राण दिया।	वह शत्रुओं के साथ राम के पास राम और लक्ष्मण के साथ आसन पर बैठाकर श्रीरामचन्द्रजी के पासपीचमान होकर दूसरे पर चढ़ गया।
7	एक यात्री रेलवे स्टेशन से पूड़ियाँ और सब्जी लाता है।	एक साथ ही रेल लाइन में रेलगाड़ी और टॉट से ही निकलता है।
4	गुणजी एक बकरी को दुहता है।	गुणजी एक कुर्सी को दाने का यमती है।
8	अनेक पाठकों के दृश्य पत्रालय के अन्दर और बाहर निकाले गए।	अनेक लताओं ने अयोध्या में और दृश्यों को बाहर निकाल लिया।
18	समारोह में गढ़वाली गीत की संगम संगीत कमेटी के कलाकारों द्वारा सांस्कृतिक कार्यक्रम "जय भगवती नंदा" आयोजित किया गया, जिसमें सभी अतिथिगण मंत्रमुग्ध हुए।	समारोह में विश्वविद्यालय के प्रांतीय अध्यक्ष श्रीमती श्री राम शुक्ल ने रामभद्रा के रूप में "श्री रामभद्राचार्य", "विभूषण नंद" ने भाग लिया, जिसमें सभी लोगों को उत्साह से सम्मानित किया गया।
7	मैं छल करने वालों में द्यूत हूँ और तेजस्वियों में तेज हूँ, मैं विजय हूँ; मैं व्यवसाय (उद्यमशीलता) हूँ और सात्विक पुरुषों का सात्विक भाव हूँ।।	मैं दमन करता हूँ और जो कुछ भी तेज हूँ, मैं जानता हूँ, मैं ही हूँ, (मैं) हूँ; (मैं) हूँ; (मैं) हूँ; (मैं) हूँ।।
1	नेता	साथ ही
5	अल्पाहार में वह उबले चने खाता है।	कमाहो से वह कमरा और दाल के फल पिया देता है।
1	पर्वत	पहाड़
5	नदी जल स्वच्छ और आकाश बादलों से रहित दिखाई पड़ता है।	नदी के किनारे गंगा नदी में उड़ता है।
3	और सब एक दिल वाले हैं ।	सभी के लिए एक एक एक एक दूसरे का
2	हे देवता!	हे देव!
4	रमा चन्द्रमा देखती है।	रमेश आकाश में उड़ता है।
4	शायद कोई रुक जाए।	कभी भी कोई भी रुक जाए।
8	सभी अतिथि घर (होमस्टे यूनिट) पर्यटनकून के तहत लाए जाएँगे।	सभी अतिथि घर से आए हुए बीवी के पर्यटन के लिए लाए जाते हैं।
12	प्रधानमंत्री ने कहा कि देश के प्रत्येक निर्धन वंचित व्यक्ति उसकी पूजा के योग्य है।	प्रधानमंत्री ने कहा कि देश में प्रत्येक व्यक्ति के लिए निर्धन और निर्धन लोगों के लिए हैं।
4	पोता आगे बढ़ता है।	पोता आगे बढ़ रही है।
5	यहाँ आओ मीठा फल खाओ,	यहाँ आओ, मीठा फल, फल खाओ।
9	पापी अधर्मियोंकी शीघ्र ही बुरी गति होती है, ऐसा समझकर पुरुषको चाहिये कि धर्मसे दुःख पाता हुआ भी अधर्ममें मन न लगावे	न तो धर्म ही धर्म है, न धर्म है, न धर्म है, न धर्म है और न धर्म ही है, किन्तु धर्मका ही है, किन्तु संसारमें बढ़कर धर्मका ही है ॥
9	उत्तराखंडसंस्कृत अकादमी, प्रतिवर्ष संस्कृत भाषा के प्रचार-प्रसार के लिए, संरक्षण के लिए, और इंटरनेट के माध्यम से संस्कृत व्याख्यान के लिए आयोजित किया जाता है।	उत्तराखंड के प्रिंसिपल, संस्कृत भाषा के संरक्षण के लिए, संस्कृत के महत्व पर, संस्कृत के माध्यम से, संस्कृत के माध्यम से, संस्कृत के माध्यम से, सामाजिक कार्यक्रम का आयोजन किया जाता है।
9	इन पांच तत्वों की अनुपात से मानव शरीर का स्वास्थ्य निर्भर करता है।	इन पाँचों के द्वारा ज्ञान का ज्ञान नष्ट हो जाता है, मनुष्य के लिए अपने मन का कल्याण होता है।
12	उनके चर्चा में व्यापार, निवेश, प्रौद्योगिकी, अन्तरिक्ष, शिक्षा, सांस्कृतिक और आदान-प्रदान के साथ द्विपक्षीय सहनशीलता के लिए विभिन्न पक्ष एकत्रित थे।	उनके बारे में चर्चा-सं-सं-संदेश-शिक्षा-शिक्षा-शिक्षा-सं-संदेश-संदेश-संदेश-संदेश-संदेशों के साथ विभिन्न पहलुओं के साथ विभिन्न पहलुओं का आयोजन किया गया।
8	इन कलाओं से भारतीय संस्कृति और संस्कृत का विकास होगा।	इन सभी भारतीय संस्कृति के मूल्यों को संस्कृत भाषा का विकास करना चाहिए।
4	वह भूमि पर रंगोली करती है।	वह भूमि पर रंगोली करती है।
5	मेरे दो काम रह गए।	मेरे दोनों काम किये गये हैं।
3	वे दोनों खेलते हैं |	वे दोनों खेलते हैं।
6	वाटिका में वन में वृक्षों के समूह के समान, चंद्रिका की शीतल श्मशान में शेरे।	वन में एक वृक्ष के वृक्ष के ऊपर एक वृक्ष है, हरिण के मस्तक पर गिरने से आकाश में गिर जाता है।
14	उन्होंने कहा कि स्मार्ट-मार्ग की कामना में अधिक सुधार करना चाहिए, जिसमें बसस्थानों के साथ शौचालय भी बनाया जाए।	उन्होंने कहा कि ई-बाडिकल-अधी काम के लिए सुशेषता किया जाना चाहिए, जिसमें अधिक स्थानों पर भी निर्माण किया जा सकता है।
7	मेरा भाई अब कहाँ गया है, मैं नहीं जानता	मेरी बेटी अब कहाँ गया है, नहीं ?
5	मैं अभी-अभी आया।	मैं अभी ही आया था।
12	शिक्षा निदेशक ने कहा कि वह शिक्षा मंत्री के लिए भेजे जाएंगे और जिलों की रिपोर्टों को प्राप्त करके विस्तृत प्रस्ताव देंगे।	शिक्षा मंत्रालय ने कहा कि जिला विभागों को जिम्मेदारी करके खेल के लिए खेल पत्र भेजेंगे।
8	सोशल मीडिया उपयोक्ता उस दक्षिण भारती वेष की प्रशंसा करते हैं।	सूत्र के सूत्रों को स्पष्ट करने के लिए भारतीय भारतीय संस्कृति का प्रदर्शन करते हैं।
13	उसकी पहली तस्वीर भी प्रसारित हुई, जिसमें उसकी सिंह के साथ तुलना की गई है।	उसके पहले पहली बार चित्र का चित्र भी प्रसारित हुआ, जिसमें उसका चेहरा भूमि पर भी उसका चेहरा है।
6	तुम्हारे पास केवल आधा घंटे का समय है।	तुम्हारे पास केवल आधा घंटे का समय है।
8	''करेक्टर''-दक्षिण वेल्स देश के एक सदस्य ने दुर्गाती गुरुल्ला युद्ध में रोमन सेना का उत्पीड़न किया।	''उन्हें इस प्रकार दक्षिण-देश में एक अन्य देश के एक बड़े लंडित है।
3	गुस्सैल महिला पड़ोसी वपर क्रोध कर रही है।	चींटी चिकना चिक रही है।
14	आचार्य राजेश कुमार शर्मा ने कहा कि ये दोनों समूह विश्वविद्यालय, विभाग और समाज को कार्य करने के लिए संकल्पबद्ध होंगे।	आचार्य राजेश कुमार शर्मा ने कहा कि यह निर्णय से आयोजित किया गया है, समाज के लिए समाज और समाज के लिए समाज के लिए एक व्यापक रूप से होगा।
4	हमें संस्कृत में बोलना चाहिये।	हमें संस्कृत भाषा में बोलना चाहिये।
22	भूटान के लिए सूचित की गई परिमाण में चौदह हजार एक सौ चौबीस मेट्रिक टन गाय का, पांच हजार तीन सौ बीस मेट्रिक टन पकाया गया, पांच हजार दो सौ ईस मेट्रिक टन खाना हुआ, इक्कीस हजार आठ सौ मिलियन और टूटे हुए चावलों का भी मेट्रिक टन है।	एशियाई अंतरिक्ष के लिए एक सौ से अधिक एक सौ से अधिक एक सौ से अधिक एक सौ रुपये, पांच सौ रुपये, पांच सौ रुपये, पांच सौ रुपये, प्लास्टिक, पांच सौ से भी एक सौ से भी एक सौ से अधिक एक सौ से भी अधिक एक सौ से भी अधिक एक सौ से भी अधिक एक सौ से भी अधिक एक सौ से भी एक सौ से भी एक सौ से भी शामिल हैं।
1	दिया गया	जानने के लिए
10	हे राम! इसके समीप ही पम्पा नामक सरोवर है। उसके समीप ही ऋष्मूक नामक बड़ा पर्वत है ॥	इस प्रकार कहकर श्रीरामचन्द्रजी ने उन दोनों के पास जाकर भक्तिपूर्वक भक्तिपूर्वक भक्तिपूर्वक उन्हें प्राप्त किया। तत्पश्चात् वह दिव्य शरीर से बाहर आये ॥
6	उसे यह पुरोहित था कहा गया है।	उन्होंने कहा कि यह समय था।
6	तब ही एक छात्रा वहाँ से गुजरती है	तब एक छात्र वहाँ से लेता है।
51	इस कार्यशाला में डॉ. शिव कुमार ने राज्य के संसाधनों के प्रतीक के रूप में शिक्षा नीति के रूप में व्यावहारिक संस्कृत, मूल्याङ्कन विषयों पर चर्चा की, ललित शर्मा उच्च माध्यमिक स्तर की शिक्षाशास्त्रीय प्रक्रिया, पठन कौशल, साहित्यिक सामग्री के प्रयोग, डॉ. अमनदीप सरल मनक संस्कृत, संस्कृत सम्भाषण, काव्य पाठ की विधि, अध्यापन के क्षेत्र में प्रौद्योगिकी प्रयोग, डॉ. अमित शर्मा, लेखन कौशल के बारे में, डॉ. मनोजशैली संस्कृत के शिक्षण पर मूल्याङ्कन, डॉ. देवर्षी अगस्त्य ने प्रथम द्वितीय तृतीय भाषा के रूप में संस्कृत	इस कार्यशाला में डॉ. शिव कुमार कुमार मिश्र ने राज्य के विभिन्न विषयों पर संस्कृत के विकास और प्रयोग के लिए संस्कृत शिक्षण के महत्व पर जोर दिया, संस्कृत शिक्षण के महत्व के महत्व पर, संस्कृत शिक्षण के महत्व पर, उच्च शिक्षाशास्त्र शिक्षण के महत्व पर, संस्कृत शिक्षण के महत्व पर, उच्च शिक्षा नीति के, संस्कृत शिक्षण के, संस्कृत शिक्षण के, डॉ. नवीनखेटिक संस्कृत शिक्षण के महत्व पर, डॉ. नवीन कुमार शर्मा, डॉ. नवीन कुमार, डॉ. नवीन कुमार शर्मा, डॉ. मनोज कुमार शर्मा, डॉ. मनोज कुमार शर्मा, डॉ. मनोज कुमार शर्मा, डॉ. मनोज कुमार शर्मा, संस्कृत शिक्षण,
9	सभी लोगों से कल्याणकारी पवित्र वाणी बोलूँ	महाभारत के महाभाग्य में सबसे बड़ी शक्तिशाली शक्तिशाली है।
15	सरकार ने यह कदम स्वीकार कर लिया है कि सरकार के पतन की पहली यात्रा में असफलता के भाजपा के सामने कोई भी कदम नहीं उठाया गया है।	सरकार ने कहा कि सरकार ने पहले ही प्रतिज्ञा की थी कि भाजपा सरकार ने पहले ही नहीं छोड़ी है।
20	कुल्लू-निवासी रीनादेवी ने भी दूध के बिक्री मूल्य को लगभग  ⁇ 2 मिलियन बढ़ाने के लिए राज्य सरकार की आभारी है, उन्होंने कहा कि इससे लगभग  ⁇ 2 मिलियन की बढ़ोतरी हुई है।	कुल्लू-कश्मीर के प्रसिद्ध मालवाहक मालवाहक दूध भी राज्य सरकार ने 200 करोड़ रुपये का दान लिया, उन्होंने कहा कि इस समय राज्य सरकार ने 400 करोड़ रुपये का दान किया है।
6	वो हमारे राष्ट्रीय सलाहकार समिति के अध्यक्ष हैं	वह हमारे राष्ट्रीय रक्षा बल के अध्यक्ष हैं- सदस्य हैं.
10	कुएँ से जल लाया हूँ, इसलिए वह शुद्ध ही है।	मैंने कुएँ से जल ला है, इसलिए वह ही शान्त है।
4	क्या मुझ पर गुरु की कृपा नहीं है?	क्या आप गुरु के पास नहीं हैं?
12	आठ भी बटेर खोलेंगे, अप्रैल तक हिमाचल में हंस फाउंडेशन संस्थान का कुल बटेर होगा।	दो दिन तक भी दोपहर तक आयोजित की जाएगी, हिमाचल प्रदेश के लिए कुलसभा का आयोजन किया जाएगा।
10	अध्ययन के बिना स्वान्तःकरण की अज्ञानता, अन्धकारत्व को कभी नहीं समाप्त करना चाहिए ।	हमेशा किसी के द्वारा अपने अध्ययन के लिए, ज्ञान के लिए, विज्ञान के लिए और कोई भी नहीं है।
1	राजा का कर	अकाल
3	यह ऐतिहासिक वृद्धि है।	यह ऐतिहासिक मंदिर है।
4	भगवान् धन्वन्तरिने उनसे कहा कि तुम्हारा आगमन बहुत श्रेष्ठ है	भगवान् ने कहा- हे कृष्ण !, हे कृष्ण !
9	पुत्री – नहीं पिताजी ! आज तो रविवार है।	बेटी – नहीं पिताजी ! आज रविवार है।
20	उन्होंने कहा कि अगर कांग्रेस सरकार द्वारा इस संकुल के निर्माण को मुख्य रूप से शामिल किया जाए तो इस संकुल का उद्घाटन बहुत पहले होगा।	उन्होंने कहा कि अगर कांग्रेस सरकार ने इस मुद्दे पर निर्माण किया तो इस प्रस्ताव के लिए एक लाख्वलन के लिए बहुत जल्दी बढ़ेंगे।
9	इस यात्रा में मुख्यमंत्री के साथ सरकार के प्रमुख अधिकारी भी आएँगे।	इस समय मुख्यमंत्री के साथ मुख्यमंत्री के साथ भी सरकार के रूप में भी उपस्थित होंगे।
7	5 तीव्रता दी गई है। किसी जानमाल के नुकसान की सूचना नहीं है.	दिन में 55 लंबा वायरस के कारण बिना आम जनता की समस्या नहीं बंद हो गई।
7	उस बालक को देख वह कैसे दौड़ता है।	उस बालक को देखकर वह कैसे रोता है ?
4	शानचन्द प्रेम से उत्तर देता है।	शार्ङ्गरिमिम वीर परिवार के उत्तर देता है।
4	वर्ष में पद्मभूषण से सम्मानित था।	वर्ष की दीक्षा समारोह में प्रभात था।
8	ऋतु नेगी ने आज सब युनियों को प्रेरणा दी।	मौसम विभाग ने आज सभी काम करने के लिए प्रोत्साहित किया।
10	वह सुनकर क्रोधित कछुआ बोला- “क्या मैं मुर्ख हूँ? उत्तर नहीं दूँगा।	वह सुनकर क्रोधित होकर रोते हुए बोला- हे ब्राह्मण! मैं तुम्हें क्यों नुकसान नहीं करूँगा।
5	वहाँ दो छोटे बच्चे नानायातना से पीडित थे।	वहाँ दो बकरियाँ घायल हो गईं।
6	जब बैठक होती है तब युवतियाँ आते हैं।	जब सफलता होती है तब युवपाल चलती है।
6	भ्रष्टाचार के कारण राजकोष में एक करोड़ से अधिक रुपये का नुकसान हुआ।	आपदा के तहत राज्य के राजदूत-हांचह करोड़ रुपये के खर्च से अधिक खर्च हुआ।
1	गांव को	गाँव
12	जैसे सब ओर से परिपूर्ण अचल प्रतिष्ठा वाले समुद्र में (अनेक नदियों के) जल (उसे विचलित किये बिना) समा जाते हैं? वैसे ही जिस पुरुष के प्रति कामनाओं के विषय उसमें (विकार उत्पन्न किये बिना) समा जाते हैं? वह पुरुष शान्ति प्राप्त करता है? न कि भोगों की कामना करने वाला पुरुष।।	जो पुरुष समुद्र के समुद्र में जाते हैं, वह समस्त सूर्य के बीच में प्रवेश करते हैं, और अशुभ हृदय में स्थित होकर शान्त होकर शान्त हृदय में स्थित होकर शान्त होकर शान्त होते हैं।।
9	वैभव – अरे परमिन्दर्! क्या तुम भी बिजली के अभाव से पीड़ित होकर बाहर आ गए हो?	वैदे – हे वैदेही! मैं तुम्हारा धन भी तुम्हारा ही हूँ। (अतः) अरे!) अरे! तुम दोनों के हृदयों से पीड़ित हैं।
8	इस में महिला, यून, किसान, और निर्धन परिवार शामिल हैं।	इस महिलाएँ, जमींदिस, किसान, किसान, खेलीक्षा और परिवार के लोग हैं।
4	पहले मेरा काम पूरा करिये	पहले मेरा काम करिये।
1	डालियाँ	टिकट
8	इंदौर में एक के साथ बात करनी थी ।	इंदौर के सामने एक साथ बात करनी था।
6	बच्चे के साथ बगीचे भी कार से जाते हैं।	बालक के साथ बगीचे में भी कारियाँ जाते हैं।
1	नहीं	नहीं
4	थोड़ा योगाभ्यास भी करिये।	कुछ ही योगासन करके बोलता है।
5	अनुचित कर्म का फल अनुचित ही होता है।	कर्म के बिना कर्म का फल ही होता है।
22	विषाद से पीड़ित अर्जुन को देखकर श्रीकृष्ण कहते हैं कि- हे अर्जुन ! इस युद्ध में तुम जो कुछ भी देख रहे हो, वह सब निश्चित ही है तुम केवल क्षत्रिय धर्म का अनुसरण करो।	दुःख से अर्जुन को देखकर अर्जुन ने कहा कि श्रीकृष्ण ! हे अर्जुन ! मैं इस युद्ध को देखूंगा कि तुम केवल अपने धर्म को देखो, वह केवल धर्म को ही छोड़ दो।
5	हंस बोले- “ यह उपाय हो सकता है |	हंस बोला- “अरे! यह नियम की व्यवस्था है।
8	द्वारकाधीश होकर भी जो गौओंके चरानेवाले हैं तथा राजराजेश्वर होते हुए भी जो पार्थके सारथी बने हैं [उन अद्भुतकर्मा] परमेश्वर भगवान्को नमस्कार है ॥	श्रीभगवान् ने द्वारकाओं का आदान किया और श्रीविष्णुजी का सिर श्रीलक्ष्मणजी का प्रणाम किया।
6	एक विदेशी भारत के एक घर में जाता हैं ।	एक विदेशी भारत के एक घर गया।
6	आप उस दिन क्यूँ नही आये?	वह कल क्यों नहीं आया ?
9	कीचड़ के मरने की खबर सुनकर उसने विराट से शोक करने का सोचा।	भीम ने मृत्यु के साथ आकर वह आश्चर्यचकित होकर उसे डीए।
1	गड्डा।	टोकरी
6	वृद्ध बालों के लिए प्रेतकार्य नहीं करते थे।	वृद्ध बच्चों के लिये बच्चों को नहीं डरते थे।
1	फिर से	धारण करना
9	प्रशासन का परिस्थितिजन्य संबंध-ग्रेटा ने मामले पर अनसुलझी सुनवाई के खिलाफ काउंटी अदालत में याचिका दायर की।	प्रशासन ने सूचना दी है कि इलेक्ट्रिक-यह इलेक्ट्रिक समूह के पास संबंधित है।
10	विद्वान कहते हैं की शिक्षा, व्याकरण, छन्द, निरुक्त, ज्योतिष, कल्प वेदों के छः अंग होते है।	शिक्षाशास्त्र के अध्ययन से, नीति, पुराण, पुराण, पुराण, पुराण, पुराण, अग्नि, पुराण, अग्नि, भस्मादिक, ज्योतिष, ज्योतिष, ज्योतिष, ज्योतिष, पुराण, पुराण, पुराण, रस, पुराण, पुराण, पुराण, पुराण, पुराण, उपवेद, उपवेद, उपवेद, उपवेद, उपवेद, पुराण, उपवेद, उपवेद, उपवेद, पुराण, पुराण, उपवेद, उपवेद, उपध्या, पुराण, उपव, पुराण, उपभाभम, पुराण, पुराण, पुराण, उपभाभम, पुराण, उपभाभम, पुराण, उप
9	ये दिलचस्प खबरें हैं-विपक्ष के नियमों का पालन कर रहे हित समाचार संगठन, सोशल मीडिया और यूजर्स पर लगेगा जुर्माना.	यह उन महान लोकवादी-न्यायशील प्रक्रियाओं के माध्यम से सामाजिक-आधारित और सामाजिक न्याय की दृष्टि से मजबूत हो जाएगी।
5	उनके विमान को राइट ब्रदर्स ने खरीद लिया।	उसके विमान विमान में मब्जेनिन ने थाली खरीदा।
39	नई दिल्ली में श्रम कार्य में युव महिलाओं के साथ आयोजित एक राष्ट्रीय सलाह-समूह को संबोधित करती हुई आहू महिला-व्यवसाय में नवीनतम और अधिक श्रम-व्यवसाय सर्वेक्षण की रिपोर्ट के उपलेप के साथ-साथ कहा कि जैसे-जैसे देश की जनसंख्या बढ़ती है, भारत में भी प्रतिद्वन्द्वी, प्रेरित किया गया, और परिश्रम को करने वाली महिलाओं की कार्यबल को बढ़ाना आवश्यक है-	नई दिल्ली में महिलाओं को एक युवा युवा युवा के लिए राष्ट्रीय युवा-एक सशक्तिकरण-एक सशक्तिकरण-एक सशक्तिकरण-एक सशक्त-एक सशक्त-एक सशक्त-एक सशक्त-एक सशक्त-एक सशक्त-एक सशक्त-एक सशक्त-एक सशक्त-एक सशक्त-एक सशक्त-एक सशक्त-एक सशक्त-एक सशक्त-एक सशक्त-एक सशक्त-एक सशक्त-एक सशक्त-एक सशक्त-एक सशक्त-एक सशक्त-एक सशक्त-एक सशक्त-एक सशक्त हो गया है कि देश में भी बढ़ते हैं, जो देश के लिए भी बढ़ते हैं, उन्होंने कहा कि भारत के लिए भी कम से कम
10	उसके बाद तो सरकार से अनुदान मिलने की जो आशा थी, वह भी धूल में मिल गयी।	उन्होंने समिति के सदस्यों को आदेश दिया, गुरुगोविन्दपुर में एक बड़ा बड़ा बड़ा बड़ा बड़ा बड़ा बड़ा बड़ा बड़ा बड़ा बड़ा बड़ा बड़ा बड़ा बड़ा बड़ा बड़ा बड़ा बड़ा बड़ा बड़ा बड़ा बड़ा बड़ा बड़ा बड़ा था।
8	एक मिनट की भी देरी होती तो मैं निकल जाता ।	एक बार भी मैं भी दरवाज़ा गया।
3	तीस वर्षों से पढ़ा रहा है ।	तीस वर्षों से वह पढ़ाता है।
14	विभाग ने सिवान नगर में, छपारा नगर में, गोपालगंज नगर में, मोतिहारी नगर में, बेतिया नगर में, वैशाली नगर में, मुजफ्फरपुर ने शीत लहर के बारे में अलर्ट जारी किया है।	विभाग ने सिस्र के सेन शहर में, पर्नाटक केलपुर, लारौली शहर, लाला शहर, लाला शहर, लद्दाख शहर, लद्दाख शहर में, लद्दाख शहर में और अन्य विषयों पर एक व्यापक कार्यक्रम है।
2	तुम सब खाते हो।	तुम सब खाते हो।
6	वहीं तेलंगाना राज्य में कांग्रेस ने विजय पाई।	वहीं सत्तारूढ़ बीजेपी ने सीटें जीतीं.
17	संसद में भी, विधानसभा में महिलाओं के आरक्षण के बारे में विधेयक को कई वर्षों से लटकाये जाने के कारण श्री मोदी ने दो  ⁇ oalitions पर आलोचना की।	संसद, विधानसभा और महिला महिलाओं के विरोध के बारे में सत्ताधारी निर्णयों के बारे में दो साल की दूरी है।
15	यदि पशु मुक्त हो जाए तो इस चीत्कार से मालिक, गाँव और टुकड़े का नाम भी ज्ञात होगा।	यदि पशु का धन होता है तो उस समय का रास्ता, ग्राम्य और ग्राम में नाम का नाम का नाम नाम होगा।
10	महापौर के लिए भाजपा ने कुल मिलाकर वोट लिया, बीजेपी को मार गया.	महापौर के लिए भाजपा ने जीत हासिल की, और क्षमा प्राप्त किया।
7	बुधवार को सेंसेक्स कमता के साथ खोला गया	बुधवार को सेन्सेक्स ने बताया कि सबसे कम तापमान है।
1	बैल	काना
6	रात साढ़े तीन बजे दो चोर घर में घुसे।	रात में साढ़े छः बजे दो बजे घर गया।
16	वर्गाधिकारी आईआईटी रूडकी से सेवानिवृत्त प्रोफेसर दिनेश कुमार ने यह आग्रह किया कि संस्कृत एक व्यवहारिक भाषा हो।	वर्ग में आईटीएसएसएस के संस्कृत भारती के अध्यक्ष प्रो. अखिलेश कुमार ने संस्कृत भाषा के महत्व पर यह भाषा का उपयोग किया।
3	उन्होंने भयंकर कष्टों को सहन किया।	वे दोनों घाव से घूरे हुए हैं।
14	कार्यक्रम में निर्देशक विकास जायसवाल, निर्देशिका जगदम्बा जायसवाल ने बच्चों को उपहार भी दिया।	कार्यक्रम का संचालन स्कूल के निर्देशक, लक्ष्य वर्ग के निर्देशिका और श्रीकृष्णकुमार के लिए बच्चों को भी बाल प्रज्ज्वलित किया गया।
10	उसके बाद तो सरकार से अनुदान मिलने की जो आशा थी, वह भी धूल में मिल गयी।	उन्होंने समिति के सदस्यों को आदेश दिया, गुरुगोविन्दपुर में एक बड़ा बड़ा बड़ा बड़ा बड़ा बड़ा बड़ा बड़ा बड़ा बड़ा बड़ा बड़ा बड़ा बड़ा बड़ा बड़ा बड़ा बड़ा बड़ा बड़ा बड़ा बड़ा बड़ा बड़ा बड़ा बड़ा था।
8	! हे राम फेंकने पर वह सिर वहाँ से एक योजन दूर मुनियों के आश्रममण्डल में मतङ्ग ऋषि के आश्रम के पास आकर गिरा ॥	जो व्यक्ति राम के द्वारा श्री रामजी के आश्रम में आये हुए हैं, उन दोनों का दिव्य नेत्र दूर हो रहा है, उन दोनों का दिव्य नेत्र दूर हो गया है, उन दोनों का दिव्य नेत्र हो गया है ॥
13	हे अनन्तसार्मथ्य वाले भगवन्! आपके लिए अग्रत: और पृष्ठत: नमस्कार है, हे सर्वात्मन्! आपको सब ओर से नमस्कार है। आप अमित विक्रमशाली हैं और आप सबको व्याप्त किये हुए हैं, इससे आप सर्वरूप हैं।।	हे प्रभो ! आप पहले ही नमस्कार है, आप ही जगत् के समान ही जगत् है, आप ही समस्त प्राणियों के द्वारा भी जगत् के समान हैं। आप सब प्राणियों के द्वारा पृथक् हैं।।
11	हे राम! ऐसा होने पर मुझे असत्य भी नहीं छू सकेगा। यह कहकर राजा दशरथ दुःखी होकर विलाप करने लगे ॥	इस प्रकार कहने पर भी मुझे नहीं समझते। यह सुनकर वह दुःख से व्याकुल होकर वह दुःख से व्याकुल होकर दुःख से व्याकुल होकर दुःख से व्याकुल होकर दुःख से व्याकुल होकर दुःख से व्याकुल होकर बोला ॥
2	जहाँ कहीं भी	कहीं भी
11	समाज को दिशा देने के लिए बर्थवाल ने चारों ज्ञान शरण लेने के बाद कहा कि वह गुणहीन को सच कर सकता है।	समाज के जल में जन्तुशाला के लिए चारवीं वर्ग के निर्माण के लिए ज्ञान के लिए ज्ञान के लिए कहा गया है कि विकास के लिए मन का जीवमय वर्णन करना चाहिए।
6	कल उस पहरेदार ने चोर को बहुत मारा	उसके द्वारा चट्टान के बाहर बहुत से चट्टान बहुत से भरे।
10	राज्य में प्राकृतिक विपत्ति से पाठ लेकर सरकार इस विषय में योजना बनाती है।	राज्य में प्राकृतिक क्षेत्र में अध्ययन करने के लिए सरकार इस योजना का विस्तार कर रही है।
18	नरेंद्र मोदी के नेतृत्व में दसवीं वर्ष तक भारत को दुनिया का सर्वश्रेष्ठ देश बनाने का काम शुरू हो गया है, हम सभी के साथ मिलकर यह पूरा किया गया है।	मोदी ने मोदी तक भारतवर्ष के पुराने दूत को प्राप्त करने का प्रयास किया, और सभी को अधिक जल्दी से अधिक कार्य करना चाहिए।
5	केरल में पर्व का नाम बिशु है।	केरल में भूमि का नाम है।
22	केरल-केएसटीएएफ नेताओं ने कहा कि सरकार द्वारा आयोजित परीक्षा पर आधारित परीक्षा छात्रों के लिए बहुत फायदेमंद होगी।	केरल सरकार ने कहा कि- सरकार ने यह परीक्षा पुस्तक के रूप में छात्रों को मुख्य परीक्षा के लिए बहुत से किया है।
4	हम दोनों कार्यकर्ता हैं।	हम दोनों कार्यकर्ता हैं।
5	बिना देर किए तेल ईंधन-और वितरण केंद्र बंद हो गया.	बिना बिना बिना बिजली के उत्पादन का उत्पादन और उत्पादन का भी रूप से किया गया है।
9	एक बार श्रीकण्ठ उसके साथ सवेरे नौ बजे उसके घर गया।	एक बार श्रीराधा के साथ उस घर गया।
10	भगवान ने नारद से कहा - नारद, पृथ्वी पर मेरा एक परम भक्त है	भगवान् नारद ने कहा- हे नारद! मेरा भाग्य एक बार ही है।
18	जयराम ठाकुर ने कहा कि माफिया का इस प्रकार का शक्तिशालिनी होना न वर्तमान के लिए हितकारी है और न राज्य के भविष्य के लिए हितकारी है।	जयराम ठाकुर ने कहा कि माइप शक्ति के लिए शक्ति नहीं है और शक्ति के लिए राज्य के हित के लिए कोई भी आवश्यकता नहीं है।
8	उन्हें भारतीय ओलंपिक संघ के नेतृत्व के लिए निर्विरोध चुना गया।	वह भारतीय जनता पार्टी के अधिकारियों के पद पर एक व्यापक उपवास करने के लिए एक ही बैठक हुई।
6	सदा सच बोलो, झूठ नहीं ।	हमेशा सच बोलना नहीं बोलना चाहिए।
6	यह भगवान शेष का अवतार है ऐसा मान्यता है।	यह भगवान् श्रीकृष्ण ने कहा कि यह मुद्दा का विषय है।
1	निर्धारित कर	विघ्न
7	सौ लीटर-गोपथ औरब्राह्मण में पुराण काल्लेख उपलब्ध है, जिसकी लोकप्रियता का अनुमान किया जा रहा है।	सैकड़ों-तीनक्षिला-पुराण और रचनाओं का उल्लेख किया जाता है, जो ऐतिहासिकता को प्राप्त करता है।
5	और उष्ण तथा शीतकी अधिकतासे आग्नेय तथा सौम्य द्विविधात्मक जगत् है ॥	उनकी उत्पत्ति है कि जो क्रियाकी क्रिया है, जो कि वह वृत्ति और क्रियाकी क्रिया है ॥
9	इसके लिए उत्तर प्रदेश प्रशासन इस दिशा में कार्यों में सफल रहता है।	इस प्रकार उत्तर प्रदेश के नियमों का उल्लंघन करने के लिए नियम का कार्य करता है।
4	सभी वैसे ही हो गए।	सभी लोग वही हो गए।
1	कोड़ा	कान्ति
27	इस प्रधानमंत्री कार्यक्रम में पश्चिम बंगाल के राज्यपाल डॉसी.वी. आनंद बोस राज्य विधानसभा में विपक्षी नेता सुवेनदु, अधिकारी राज्य मंत्री शान्तनु ठाकुर, सांसद जगन्नाथ सरकार भारतीय जनता पार्टी के राज्य अध्यक्ष सुकांतो और मजूमदार उपस्थित थे।	इस अवसर पर प्रधानमंत्री डॉ. जयशंकर ने मध्य प्रदेश के डॉ. चंद्रसूम-राज्य-दल-दल के राज्य के मुख्यमंत्री डॉ. राजीव यादव, राज्य के मुख्यमंत्री योगी-मोरन, भाजपा के अध्यक्ष एवं अन्य सदस्य उपस्थित थे।
3	जनजीवन अस्तव्यस्त हो गया है।	लोगों के जीवन में कठिन हो गया।
6	वे छात्र फिर से लिखते हैं तब	वे छात्र फिर से लिखते हैं तब ....
9	वेद, स्मृति, सदाचार और अपनी आत्माको प्रिय लगनेवाला यह चार प्रकारका धर्मका साक्षात् लक्षण कहा गया है	इस प्रकार वेदरूपरूप के द्वारा ही अपने कल्याण का पालन किया गया है, उसी प्रकार यह (ज्ञान) है। (परमात्मा) है। (परमात्मा) और (वेद) है। (परमात्मा) और (वेद) है, (परमात्मा) और (शास्त्र) है, (परमात्मा) और (परमात्मा) है।।
6	अनेक बार मुगल राजा महाराणा प्रताप से पराजित हुए।	अनेक बार बाबर के समान युद्ध में महारानी शिवाजी महाराज दिवंगत हुए।
10	सब धर्मों का परित्याग करके तुम एक मेरी ही शरण में आओ, मैं तुम्हें समस्त पापों से मुक्त कर दूँगा, तुम शोक मत करो।।	मैं सब धर्मों को त्यागकर, मैं तुमको अपने मन से प्राप्त करूंगा। मैं सब कुछ सत्य कहता हूँ। मैं तुम्हारे लिए कुछ कहता हूँ। मैं सब कुछ कहता हूँ। मैं तुम कुछ कहता हूँ।
9	बाज की छाल के चूर्ण से (जल्दी से) बाज की छाल को चूर्ण कर लेना चाहिये । इस चूर्ण को चूर्ण कर देना चाहिये । इस चूर्ण को चूर्ण कर देना चाहिये । इस चूर्ण को चूर्ण कर देना चाहिये । चूर्ण कर देना चाहिये ।	हनुमान जी ने वानरों को मपास्त्र के सभी मोटा बंद कर दिया।
4	विशाल शिव मन्दिर कहाँ है ?	विशाल शिव का जन्म कहाँ है?
1	गरुड़	छाती
11	बेटे ! दुकान जाकर नमक, चीनी, चावल, गुड़ और दाल लाना।	पुत्र ! जल्दी जाकर लटके हुए, देखो, भेहताओं के लिए पीले रंग के वस्त्र पहने और रंग के समान पीले रंग के समान पीले रंग के वस्त्र पहने पहने पहने पहने पहने पहने।
3	गायें बन में चरा।	वनवासी बालकों ने हड्ढे पर फूढे।
8	श्रम थकावट ग्लानि (दुःख) प्यास शीत (जाड़ा) उष्णता (गर्मी) आदि सहने की शक्ति व्यायाम से ही आती है और परम आरोग्य अर्थात् स्वास्थ्य की प्राप्ति भी व्यायाम से ही होती है ।	जो मनुष्य दोषों को दूर करने के लिए भी कष्ट होता है, वह दान लेता है, वह दान लेता है, पाप के साथ होता है, यश भी होता है, दया और काम के अनुसार होता है।
4	अभिषेकमनुशवी कांगग्रेस के राष्ट्रीय प्रवक्ता हैं।	अभिषेक समारोह में कांग्रेस पार्टी के शीर्ष नेता हैं।
22	मंगलवार तक, चंपा जिले के पांगड़ी जनजातीय क्षेत्र में निरन्तर बर्फबारी के बाद, लगभग 6 इञ्च में नया हिमपात हुआ है। इस कारण, क्षेत्र में भारी बर्फबारी चल रही है।	मंगलवार को रात तक रात तक शिमला जिले के कई जिलों में बर्फबारी के बाद दूसरे दिन से 30 किमी से 30 किमी तक बर्फबारी हुई। इस क्षेत्र में लगभग क्षेत्र में भी तीव्र बर्फबारी हुई।
3	पुण्य कर्मों से व्यक्ति पुण्यलोक को प्राप्त करता है।	पुण्य से परमता प्राप्त करता है।
9	महानिरीक्षक प्रज्ञता (आईजी इंटेलिजेंस) संतोष पिलायाल अधिकारी परिषद के अध्यक्ष नियुक्त हैं।	महानिशुंड के निर्देशक बेन ने बीएसएमएस के अधिकारियों को नियुक्त किया है।
5	कल वह बहुत उग्र हो गया था।	कल वह बहुत बड़े युद्ध हुआ।
7	उपवास के समय भी वह काम तो करेगा ही।	उपवासकाल के समय वह भी काम करेगा।
3	उचित शब्दों से रिक्त स्थानों को भरो	उचित शब्दों को रिक्त स्थानों से पूरा करो।
4	रास्ते में भी संस्कृत सम्वाद होता है।	रास्ते में भी संस्कृत अभ्यास होता है।
11	केंद्रीय सरकार की, राज्य सरकार के केन्द्र शासित प्रदेशों के विभिन्न विभागों में इन लोगों को नियुक्त किया जा रहा है.	केंद्र सरकार, राज्य सरकार, राज्य सरकार और केंद्रीय सरकार के विभिन्न विभागों में नियुक्त हैं।
3	वृक्ष के ऊपर पक्षी शब्द करते हैं।	वृक्ष पर पक्षी गिरते हैं।
10	व्याकरण एक कठिन विषय है फिर भी उनके व्याख्यान में पतञ्जलिना की शैली संवादात्मक थी।	व्याकरण के महत्व से कुछ भी विषय पर प्रसारित हुआ और उनके द्वारा रचित हाथ जोड़कर विख्यात हुआ है।
7	पर्वत से समतल तक के क्षेत्र तीव्र ठंड के ग्रहण में होते हैं।	पर्वत के चारों ओर तक क्षेत्र में तीव्र हवाएँ होती हैं।
5	इसके लिए जागरूकता अभियान की भी आवश्यकता है।	इसके लिए अभियान भी आवश्यकताएँ भी आवश्यक हैं।
4	छात्र कहाँ प्रवेश करता है ?	छात्र कहाँ प्रवेश करता है ?
6	हाथ के छू से तुम लग गई हैं, अब यह दृश्य और भी सुप्यता हो रहा है।	हाथ में आप मुझसे उत्पन्न किए जाते हैं, यह बात भी बात है।
8	राजा बोला- हे मनुष्य तुम नहीं जानते मैं कौन हूं।	राजा ने कहा- हे मनुष्य ! मैं कौन नहीं जानता, तुम कौन नहीं हो ?
1	तीन	तीन
4	मूत्रके क्षयमें वस्तिस्थान में दरद ( पीडा) और अल्प सूत्र हो ॥	इस प्रकार के सूत्रों को जानने के लिए, तर्द्धक, सामेय, स्तम्भक, स्तम्भक, स्तम्भ, अर्श, स्तम्भक, स्तम्भक, स्तम्भक, अर्श, स्तम्भक, स्तम्भक, स्तम्भ, निदान, सामे, यूप, सामेय, जीव, जीव, जीव, जीव, जीव, जीव, जीव, जीव, जीव, जीव, जीव, जीव, जीव, जीव, जीव, जीव, जीव, जीव, जीव, जीव, जीव, जीव, जीव, जीव, जीव, जीव, जीव, जीव, जीव
8	लोक की प्रसिद्धि के लिए इस व्याकरण शास्त्र द्वारा शब्द का प्रयोग किया जाता है।	व्याकरणशास्त्र के अर्थ के लिए जाति का अर्थ धर्म का नियम है''इस प्रकार यह नियम है।
8	उसके कारण उस पर रसायन का प्रभाव नहीं रहता है	उसके लिए पर्याप्त वातावरण उसके कारण नहीं होता है।
1	वह सुनकर	सुनकर
3	इन्द्रगोप ( वीरबहूटी ) मण्डूक आदि तथा अनेक पार्थिव कृमिआदि उद्भिज कहलाते हैं ॥	इन्द्र की कान्ति की एक पाली दीर्घगुयोंकी एक पाली दीर्घगुयोंकी एक एक एक एक एक एक एक एक एक एक एक एक एक एक एक एक एक एक एक एक एक एक एक एक एक एक एक एक एक एक एक एक एक एक एक एक एक एक एक एक एक एक एक एक एक एक एक एक एक एक एक एक शक्ति है ॥
9	"वैसा ही है, कोई फर्क नहीं", ऐसा वह जवाब में बोला ।	इसलिए यह बात नहीं है, इसलिए मुझे विशेष वचन है।
10	मुख्यमंत्री ने कहा कि जो सरकार से प्रश्न करते हैं वे कृष्णोपनेत्र पहनते हैं।	जो सरकार के साथ खेलते हैं वह कृष्णकुंड के मुख्यमंत्री ने कहा।
14	विदेश में विद्या ही मनुष्य की सच्ची मित्र होती है, घर में अच्छे स्वभाव वाली और गुणवती पत्नी ही मनुष्य की सबसे अच्छी मित्र होती है। रोगी व्यक्ति की मित्र दवाई है और जो मनुष्य मर चुका है उसका धर्म-कर्म ही उसका मित्र होता है।	विद्याहीन व्यक्ति अपने मित्र के साथ-साथ पत्नी, घर में, घर में, घर में, घर में, भोजन में, भोजन में, भोजन में, शत्रु-हीन स्त्री के साथ-साथ मित्र के समान मित्र के समान मित्र के समान मित्र के समान मित्र के समान मित्र के समान मित्र के समान मित्र के समान मित्र के समान मित्र के समान मित्र के समान मित्र के समान मित्र के समान मित्र के समान मित्र के समान मित्र के समान मित्र के समान मित्र के समान मित्र के समान मित्र के समान मित्र के समान मित्र के समान मित्र के समान मित्र के समान मित्र के समान मित्र के समान मित्र के समान मित्र के समान मित्र के समान
21	सज्जनोंकी संगति पुरुषोंके लिये दोनों लोकोंमें शुभकी प्राप्ति करानेवाली है, दु:ख-दलनमें दक्ष है, भला वह कौन-सा निर्मल फल नहीं दे सकती ? वह चित्तकी तृष्णा और मदको शान्त कर देती है, ज्ञानका आविर्भाव करती है, नीतिको जन्म देती है, विपत्तिका क्षय और सम्पत्तिका संचय करती है ॥	जो मनुष्य अन्नको प्राप्त करता है, वह दानसे करता है, नित्य फलसे देता है, नित्य होता है, नित्य पदार्थसे ही रहता है, नित्य कुछ नहीं, दयाको नहीं, दयाको नहीं करता, दयाको नहीं, दयासे ही रहता है, दयासे ही कुछ भी स्थिर नहीं होता
1	बिना	जानना
9	यात्रा के शुरू होने के बाद उज्जवल योजना के साथ-चारो तरफ नए अनुभव प्राप्त किये गये।	रेल के आगे से एक सौ करोड़ रुपये का खर्च किया गया-यह नौ करोड़ रुपये से अधिक की दूरी शुरू हुई।
7	नालीयों और तालाबों की छते में इमारतें नष्ट हो गईं।	वाहनों के आघात से और वाहनों के अभाव में पुल नष्ट हो गए।
4	वह भारतीय युवक है।	वह भारतीय युवक है।
9	आज तुम लोगों के साथ रमेश नहीं आयेगा ऐसा है न ?	आज तुम लोगों के साथ मालिनी आता है, यह नहीं।
4	पुत्र – बस यूँ ही ।	पुत्र – ऐसा है।
16	निशाचर रावण तो वज्रह उस वृत्रासुर के समान रथ से भूमि पर गिर पड़ा, उसके हाथ से धनुष और बाण गिर गए।	निशा रावण ने रावण को देखकर अश्वथी को सिर पर गिराकर भूमि पर गिर गया और सिर पर गिर गया, उसके सिर पर गिर गया।
4	वह कहाँ जा रही है ?	वह कहां जाता है ?
4	और ऊँचे वृक्षों (लकडियों) से रहित वनों को (तृप्त करके)	अंगूठी और मसूरी के टुकड़े के साथ
1	छोटी बुद्धि के उन लोगों के	कमिराज के द्वारा
8	वह जो सेव बेचती है वो बहुत मीठे हैं।	वह जो सेव बेचती है वह बहुत मधुर हैं।
7	पुनः हिमाचल में उत्सव का मौसम बन गया है।	फिर हिमाचल प्रदेश के उत्सव का वातावरण बन गया है।
6	अर्जुन ने उन शरणा को रोकने में असमर्थ थे।	अर्जुन ने उन सबको धैर्य दिया और गुरु को नहीं।
18	करमुक्ति, सभी वर्गों के लिए मित्रपूर्ण, कुछ नई योजनाएँ, कैसे भी आश्चर्यजनक विवरण अब हर आयव्ययक का यही सार है ।	हम सभी, सभी वर्गों के लिए हिन्दी और अंग्रेजी के लिए, एक समूह, राज्य के लिए, राज्य के, राज्य के, राज्य के, राज्य के, अब, राज्य के हर भी हर प्रकार प्रत्येक वस्तु को हर तरह का जीवन बिताया गया है।
4	एक बच्ची गणेशमंडप जाती है।	एक बच्ची गणेशपुर जाती है।
4	चेक गणराज्य में दौड़ स्पर्धा चल रही है।	चेक गणराज्य में दौड़ने वाले दौड़ने के लिए है।
13	यादव ने अपने सम्बोधन में कहा कि यह मंडप पर्यावरण की दृष्टि से भारत की प्रतिबद्धता का प्रतीक है।	संसद के स्वतंत्रता मंत्री ने कहा कि यह पर्यावरण पर्यावरण पर्यावरण पर्यावरण के क्षेत्र में भारत के सामाजिक विषयों पर आधारित है।
7	जो निःसंकोच बोलता है वह ही सफल होता है ।	जो बेचने का काम करता है वह ही सफल होता है।
9	श्रीफ्रांस की संख्या अंकीय-सार्वजनिक-समूह की संरचना-विषय पर गोल-मोटा-वह मन्त्रण सत्र में भी सम्मिलित होंगे।	श्री जयशंकर ने अंतरिक्ष-उत्तर-विदेशों के बारे में-बिल्री-बताया-बताया-बताया-दानि-बताया गया.
4	गुणजी एक बकरी को दुहता है।	गुणजी एक कुर्सी को दाने का यमती है।
3	छात्र उत्तर लिखेगा।	छात्र उत्तर लिखेगा।
1	खराब	धैर्य
1	शिष्य	छात्र
7	जो मेरे दोषों को दूर करते हैं वे मेरे गुरु हैं	जो मेरे द्वारा बहुत से बड़े गुरुकुल में रहते हैं
6	सुबह तीन बजे वह सोया।	सुबह उन्होंने तीन बजे सोया।
11	मुख्यमंत्री सुखविंदर सिंह सुक्ख दो दिवसीय कार्यक्रम में दिल्ली के लिए शीर्ष नेताओं से बैठकर मुलाकात करेंगे।	मुख्यमंत्री सुखविंदर सिंह सुक्खू एक दिन से दिल्ली जाकर दिल्ली में जाकर दिल्ली में उपस्थित होंगे।
9	उन्होंने भी उस नाई की बांधकर मरने से बचे हुए क्षपणकों के साथ न्यायालय में ले आए।	कोई भी हाथी के द्वारा ऊपर से घावों को भी मार दिया गया है।
6	नामों ने भी गोलियां बजाने शुरू कर दी हैं।	नाम और ए ट्यूब का प्रक्षेपण शुरू हो गया।
6	चिन्तपूर्ण मंदिर में लंगर प्रसाद के ऑनलाइन दर्शन सुविधाएं शुरू हो गई हैं।	चिंता के साथ दीक्षा के माध्यम से संस्कृत-अंधिंग-यह सुविधा शुरू हुई है।
3	बिल में हजार से अधिक चींटियाँ रहती हैं	बिल्ली के हजार से भी चींटियाँ रहती हैं।
9	यह अरुणाचल राज्य से भारत में प्रवेश करता है और असम में और बांग्लादेश में फैलता है।	इस दौरान भारत के राज्यों से भारत प्रवेश कर रही है और अमृतसर क्षेत्र में आर्मी और अमृतयात्रा का आकलन किया गया है।
10	उन्होंने कहा कि राज्य सरकार दिसंबर को एक वर्ष पूर्ण करने की जा रही है.	उन्होंने कहा कि राज्य सरकार दिसंबर को एक महीने के कार्यकाल को पूरा करने जा रही है।
8	शनिवार सुबह हाड़ी समुदाय के कई लोगों को सचिवालय के मुख्य सचिव समिति में शामिल किया गया।	शनिवार को दोपहर को दोपहर के दूसरे हाउंड के अनेक लोगों ने मुख्य सचिव पदवी पदवी पदवी को प्राप्त किया।
9	इला – चिंता मत करिये भैया ! अब चित्र ले लीजिये।	बीज – ठीक है , अभी तक चित्र बन्द करो।
4	मेरे द्वारा पुस्तक पढ़ी जानी चाहिये ।	मैंने पुस्तक पढ़ना पढ़ाई।
1	कवर	एक साथ
8	जब वह हृदय के स्थान पर ही रहता है तब नामरूपी फल मिलते हैं।	जब वह शान्तियाँ ही दिव्य नाम के लिए नाम का आचरण करते हैं।
5	उसके पिता अस्वस्थ हैं।	उसका पिता बहुत मोटा है।
3	यह मधुमक्खी निर्माण करती है।	परोपकार से मुक्त होकर वह दुखी हो जाता है।
4	सब मिलकर खाना खाते हैं।	सभी मिलकर खाना खाते हैं।
10	उसी प्रकार वह षष्ठ हिंसक है, जो इस मांस को खाने के लिए परोसता है।	उसी प्रकार छः वर्ष बीमार पर प्रेम है, जो अपुरा देता है, वह दमन करता है।
3	ऐसा सुनकर अजीज सफल हुआ।	विनीता विजय विजय था।
3	वह वाशिंग मशीन चलाती है।	वह सब्जी बेचने के लिये आती है।
1	देखो, ठहरो	देख
15	और उन्हीं बाबागुरूजी से पढ़कर, कवित्त्व की आकाङ्क्षा रखने वाले इस शतक का विधान (रचना) करने का, मेरा यह प्रयास है, क्योंकि मनुस्मृति में भी कहा गया है कि गुरुओं में बढ़ी हुई श्रद्धा, निश्चित रूप से फलवती होती है।	इसलिए, हे पार्थ ! आप ही इस जगत् में ही जगत् में उत्पन्न हुए हैं, जो योगी लोग मुझे ही जानो, जो प्रकृति के द्वारा ही है, ऐसे (परमात्मा) के द्वारा ही जो (परमात्मा) है, ऐसे (परमात्मा) है, ऐसे) और (परमात्मा) है, ऐसे) से ही (पर्यों के द्वारा) कर्म के द्वारा) कर्म के द्वारा ही (स्विक) है।।
8	संस्कृत भारती के अखिल भारतीय सचिव पी.एसकार्यक्रम का उद्घाटन नंद कुमार करेंगे.	राष्ट्र के प्रधान मंत्री भारतीय शिक्षा मंत्री श्री जगदीश कुमार को संबोधित करेंगे।
6	करतारपुर की स्थापना भी गुरुनानक जी ने ही की ।।	उपपुरपाल ने गुरु जी को भी गुरुकुल का निर्माण किया।
15	शाम को डॉ. राजीव बिन्दल ने कहा कि भारतीय जनता पार्टी के तीन प्रमुख राज्यों में बड़ी जीत ने देश भर में भाजपा का समर्थन किया।	सुबह डॉ. बिंदल ने कहा कि भारतीय जनता पार्टी के तीन सदस्यों के साथ देश के सभी बड़े कार्यकर्तायों में भाजपा का वातावरण बन गया है।
6	धन्यवाद पिताजी कल पैसा ले जाऊँगा ।	धन्यवाद पिता ! कल धन कमाऊँगा।
4	तुम सब ने लौकी का हलुआ पकाया।	तुम दोनों के पास जाकर
13	रूस द्वारा यूक्रेन के साथ युद्ध छेड़ने के दो सौ दिन बाद पलटवार और जवाबी कार्रवाई की खबरें सामने आ रही हैं.	रिपोर्ट के साथ ही युद्ध शुरू हो गया है कि युद्ध के दौरान युद्ध के दौरान ही युद्ध और सौ साल से अधिक समय तक युद्ध शुरू हो रहे हैं।
1	ज़ेवर	मालिनी
3	वे राष्ट्रगीत गाती हैं।	वे राष्ट्रगीत गाते हैं।
5	इस मौके पर छात्रों ने भाग लिया।	यहाँ छात्रों ने भाग लिया।
10	परन्तु तत्त्वज्ञानी पुरुष सभी रूपों में केवल तुम ही देखते है'यह अच्छा है।	परन्तु ज्ञान के कारण सभी शान्तों के रूप में तुम्हें केवल कुछ भी देखता हूँ।
9	नंबर प्राप्त हुआ-श्रीलंका4 थ्रोइंग राउंड में 105 रन बनाकर आउट हुए।	श्री रेकिसल - श्री स्टेडियम में 40 से 40 रनों के साथ पहुंच गए।
3	श्रीहरिकोटा से भेजा गया।	श्रीहरिकोटा से भेजा गया।
4	हिमालय में वह यति को देखेगा।	वृक्ष के पास वह कूड़ा देखेगा।
8	कुछ दिन पहले अजय रेड का चित्रोतलन शुरू हुआ।	कुछ काररों ने पहले कारगिल युद्ध शुरू कर दिया।
3	नदी का नाम गङ्गा ।	नदी के नाम के नाम के नाम में
22	हमीरपुर जिले के बिझड़ी क्षेत्र में आयोजित सरकार गांव के दरवाजे पर'' कार्यक्रम के तहत बातचीत के अवसर पर मुख्यमंत्री सुख- आश्रय-योजना के लाभार्थी ने इस कल्याणकारी योजना के लिए मुख्यमंत्री सुखविंदर सिंह सुक्ख ने आभार व्यक्त किया।	हमीरपुर जिले के नादौन क्षेत्र के परिसर में आयोजित कार्यक्रम में''के द्वार निर्माण-इस कार्यक्रम में मुख्यमंत्री सुख- सरकार ने सुख-इस योजना के तहत सुख-इस योजना के तहत मुख्यमंत्री सुखी योजना के तहत मुख्यमंत्री सुखविंदर सिंह सुक्खू ने निर्देश दिया।
6	आभा – मेरे पास टार्च है।	आभा – मेरे पास खेले हैं।
8	राज्य सरकार लोकसेवा आयोग के माध्यम से 1243 पुलिस रक्षकों को नियुक्त करेगी।	राज्य सरकार राज्य सरकार सेवा आयोग बुधवार को 10.5555555.2555.255.
4	उसके बाद उन्होंने भजन गाए।	बाद में उन्होंने पिता को गीत गाया।
4	वह सुख प्राप्त करता है।	वह सुख प्राप्त करता है।
1	बैठाया	जो कोई भी हो सकता है
4	वह माँ के पास जाता है।	वह माँ के पास जाता है।
9	जब 10 बजता है तब विद्यालय खुलता है।	जब 10 बजे होता है तब विद्यालय का आधार होता है।
5	उसने ननंद के साथ बात शुरू की	वह नंबर के साथ बात हुई।
11	अनेक जन्मों के संचित ब्रह्महत्यादि समस्त पाप इसके पठनमात्र से 'निःसन्देह नष्ट हो जाते हैं, क्योंकि श्रीरामजी का ऐसा ही वचन है ॥	हे राम ! ब्रह्माजी के द्वारा बहुत भी अधिक कहने पर भी नहीं है। क्योंकि वह बहुत समय तक राम के पास आये हैं। अतः वह राम के पास ही सीता के साथ ही नहीं हैं। ॥
1	कहा गया।	-बालक
4	प्रतिभावान छात्र दिवंगत हो गए।	संन्यास के छात्रों को अंग्रेज हो गए।
6	महाराष्ट्र राज्य के सरकार के लिए प्रवास का अवसर-संस्कारिक व्यवहार मंत्री ने समाज कल्याण शिक्षा विभाग में कैबनेट के शिखर पर सम्मान भी किया।	महाराष्ट्र सरकार के केन्द्रिय-राष्ट्रीय शिक्षा मंत्री ने समाज में समाज में समाज में समाज में समाज के प्रतिनिधियों को भी पुरस्कार दिया।
9	ओह , इसीलिए मैं भी ठण्ड अनुभव कर रहा हूँ ।	ओह , मैं ही तेज भी ठंडी हूँ।
13	राज्य सरकार यह सुनिश्चित करती है कि राज्य के प्रत्येक वर्ग को इन योजनाओं से लाभ उठाना चाहिए।	राज्य सरकार यह सुनिश्चित कर रही है कि प्रत्येक वर्ग के प्रत्येक विभाग के लिए इन योजनाएं पूरी हो सकती हैं।
1	पेट	बंदर
1	हटानेवाला	अकाल से
7	मन्त्रियों ने हर्षवर्धन और जगत सिंहनगी का स्वागत किया।	मन्त्रेन्द्र ने ईश्वर को प्रणाम किया और कहा और स्वागत किया।
11	हे कृष्ण ! बलपूर्वक हाथ झिटककर चले गये, इसमें क्या बड़ी बात हुई? आपकी वीरता तो मैं तब मानूँगा जब मेरे हृदयमेंसे चले जायँगे ।।	हे प्रभो ! तुम हाथ जोड़कर यातने के लिये दूर क्यों है, वह क्यों दूर हो गया है। यह कहकर मैं तुम्हें वनवास देता हूँ।
4	लव – भगवान् सूर्य।	लव – हे भगवान! बहुत अधिक से अधिक हुए।
9	हे पाण्डव! जो पुरुष मेरे लिए ही कर्म करने वाला है, और मुझे ही परम लक्ष्य मानता है, जो मेरा भक्त है तथा संगरहित है, जो भूतमात्र के प्रति निर्वैर है, वह मुझे प्राप्त होता है।।	हे पार्थ ! जो पुरुष इस आत्मा को वश में करके, अव्यय, अव्यय, अव्यय, अव्यक्त, सर्वसंयम, सर्वसंयम, सर्वसंयम, सर्वसंयम, सर्वसंयम, सब कुछ भी सब कुछ नहीं जानता।।
6	सभी बच्चे नीरव के बगीचे में खेलते हैं	सभी लड़के के द्वारा वस्तुएँ खेलते हैं।
10	भ्रष्टाचार, सू की को पहले ही देशद्रोह और अन्य अपराधों के लिए 11 साल जेल की सजा सुनाई गई थी।	भारतीय सरकार, देश के देश के पूर्वानुमान के लिए पिछले महीने पहले से भारतीय मुद्रा सेवाएं शुरू हो गई हैं।
1	पाँव	पैर
9	मन को हरने वाले फूलों को देखकर दुःखित मनुष्य का मन भी प्रसन्न हो जाता है।	मन की बात देखकर फूल को देखकर मनुष्य भी मन की प्राप्ति करते हैं।
5	उसके साथ आहुति बहन भी है।	उसके साथन्दत्री भी है।
15	सूचना एवं प्रसारण मंत्री अनुराग सिंह ठाकुर ने कहा कि विकसित भारत-संकल्प यात्रा पिछले साल नवंबर में शुरू हुई थी।	सूचना प्रौद्योगिकी मंत्री अनुराग ठाकुर ने कहा कि विकसित भारत संकल्प यात्रा के लिए दो हजार वर्ष तक नई वर्ष की यात्रा थी।
4	डेढ़ सौ युवक हैं	डेढ़ युवतियाँ हैं।
6	प्रांत मंत्री गिरीश चंद्र तिवारी ने परिचयात्मक भाषण दिया।	श्री मोदी ने कहा कि उज्जैन में प्रवासी शिखर यात्रा के अवसर पर एक समारोह आयोजित की गई है।
5	जो कल्याणकारी गुण हो, उन्हें हमें दीजिए	जो प्रिय वचन सुने वह रोगी है।
11	प्रधानमंत्री ने कहा कि इस समय सदन के कार्य में बड़े अवसर होंगे।	प्रधानमंत्री ने कहा कि इस समय सदन के कार्य के लिए बड़ी बड़ी बड़ी बड़ी बड़ी बड़ी आवश्यकता होगी।
10	किन्तु जरा देखो मेरा बुरा करने वाला यह चूहा सदा पात्र में रखे हुए भिक्षा के अन्न को उछल कर खा जाता है।	लेकिन देखो यह कुत्ता भौंरे के बिना हमेशा लकड़ी के अंदर-बार खाकर खाकर खाया जाता है।
3	चूहे दौड़ते है |	चुहते हैं।
5	क्या वह नहीं मानता ?	वह मनुष्य नहीं मानता है क्या ?
5	आजीवन सबको मातृभाषा पसन्द आती है।	सज्जन जीवन में सभी माताएँ ही अच्छा ही अच्छा लगता है।
1	प्रकृति	प्रकृति
1	विद्याधर	खेलना
11	उन्होंने कहा कि नए प्रौद्योगिकी कारण से विकसितकर्ताओं के आह्वानों को रोकने के लिए हमें तैयार रहना चाहिए।	उन्होंने कहा कि नई प्रौद्योगिकी प्रौद्योगिकी प्रौद्योगिकी लोगों के लिए कई प्रकार की सराहना करनी चाहिए।
16	जिन पक्षियों के बच्चे खाए जाते थे उनके द्वारा शोक से दुःखी होकर विलाप करते हुए इधर-उधर खोज शुरू की गई। इस बात को समझ कर वह बिलाव खोखर से निकल कर बाहर भाग गया। बाद में इधर-उधर खोजते हुए पक्षियों को वहीं वृक्ष की खोखर में बच्चों की हड्डियाँ प्राप्त हुई	जो कोई भी हो, उसे मारने के लिए, उसे मारने के लिए, उसेले कपड़े से बगुले के फल को प्राप्त करने के लिए, कानों से, कड़े के टुकड़े से, कटे हुए, सैकड़ों कटे हुए हाथों से, सैकड़ों बार-धीरे, सैकड़ों बार-धीरे, सैकड़ों बार-धीरे, सैकड़ों बार-धीरे, सैकड़ों बार एक-धीरे एक-दूसरे से एक-दूसरे को सुनाने के लिए, इस प्रकार के लिए कड़ी करने के लिए, कड़ा करने के लिए, कड़ा करने के लिए, कड़ा करने के लिए, कड़ा करने के लिए,
9	हे राम ! सुदैव तुझ से युद्ध में कुम्भकर्ण गिर गया।	हे राम ! तुम पहले युद्ध में रावण के बाणों को मार दिया।
5	बच्चों का गुरुकुल अलग है	बच्चों का गुरु अलग है।
8	इस द्वंद्वी की पत्नी जीजाबाई कठोर थीं।	इस से दो हजार भाईयों ने कुन्ती के समान मुगल काल से पूछा था।
3	अर्पित व्याख्यान सुनता है।	संजय व्याख्यान सुनती है।
3	विद्यालय के चौकीदार को निवेदन करती है।	विद्यालय से छात्र निवेदन करती है।
5	आज निश्चित ही वर्षा होगी।	आज से वृष्टि होगी।
13	यह कर राम को गले लगाकर मुक्त कण्ठ से रुदन करने लगे। तदनन्तर राम ने हाथ में जल लेकर पिता के अश्रूजल को पोंछा छे ॥	इस प्रकार श्रीरामचन्द्रजी ने राम के पास जाकर श्रीरामचन्द्रजी के चरणों में बैठाकर श्रीरामचन्द्रजी के चरणों में बैठाकर श्रीरामचन्द्रजी के चरणों में बैठाकर श्रीरामचन्द्रजी के चरणों में गिर पड़े ॥
7	श्यामला इससे पहले संस्कृत कार्य करती थी ।	कृष्ण कल संस्कृत कार्य कर रहा था।
10	कहा जाता है कि रामचरण सिनेमा में सुहेल देव बरहज की राजपूत योद्धा की भूमिका पर दिखाई देता है।	उल्लेखनीय है कि रामचरण के जन्मस्थान में सुजय देवड़ा का नाम बदल कर रहा है।
14	कौआ बोला- हे बालिका (लड़की)! मैं चाहता हूँ कि तुम हमेशा यहीं रहो परंतु तुम्हारी माँ अकेली है।	कौआ बोला- हे बालक! तुम अपने घर में प्रवेश करो। तुम तो हमेशा मेरे माता पिता के साथ एक पुत्र हैं।
9	नौ सदस्यीय परिस्थितियों वाले एक प्राधिकरण की नेतृत्व जिम्मेदारियाँ-पर्यावरणीय परिवर्तन-वन विभाग की कार्य पर्यवेक्षक सुप्रिया साहो हैं।	प्रसिद्ध विकासशील विकासविदों के नेतृत्व में ग्रीनहाउस-इस प्रकार लोक-विधि-विधि विभाग के रूप में प्रसिद्ध होता है।
15	कहा गया है कि अब बाथु-मातृस्थानक पंजाब के मेहनादल एसबी के साथ पाइप संयोजन के माध्यम से जोड़ने का काम पूरा हो जाएगा।	उन्होंने कहा कि अब बैंगलोर-म-महैं-नगर के मेडोर में मेइजल स्टेशनों के साथ एक भी काम नहीं किया जाएगा।
16	प्रधानमंत्री ने कहा कि चिंतायुक्त युवा बच्चों को प्रतिकूल परिस्थितियों में रह जाना चाहिए, क्योंकि मानसिक कष्ट जीवन के साथ जुड़ा हुआ है।	प्रधानमंत्री ने कहा कि बाल बच्चों को अपने बाल्यों को नि:शुल्क-अहारों को बढ़ाने के लिए, जीवन के प्रत्येक जीवन में यथायोग्य ही आवश्यक होता है।
40	सड़क दुर्घटना में यात्रियों और पर्यटकों का समय-समय पर आपातकालीन स्वास्थ्य सेवाएं प्रदान करने के लिए मुख्यमंत्री चंडीगढ़-माली राष्ट्रीय राजमार्ग पर घुमारवीं में नागरिक चिकित्सालय के लिए लालच श्री लाल बहादुर शास्त्री-राष्ट्रीय-स्वास्थ्य और कॉलेज के लिए परवाणु-शिमला-राष्ट्रीय राजमार्ग पर नागरिक चिकित्सालय और धर्मपुर के लिए, पठानकोट-मांडी राष्ट्रीय राजमार्ग पर नागरिक चिकित्सालय और पलामपुर के लिए चारों हमले-उन्होंने केंद्रों का सहयोग करने के लिए भी प्रार्थना की।	मार्ग के रास्ते में पर्यटकों के बीच पर्यटकों के बीच हवाई अड्डे पर पर्यटन-रेल-रेलों के बीच के बीच राष्ट्रीय- राजमार्ग-रेल-रेल-रेल-रेल-रेल-नहा-न-न-न-न-नगर के बीच राष्ट्रीय चिकित्सा-उल्लू-नगर के बीच शिमला-नगर के बीच-साथ राष्ट्रीय-साथ मार्ग के बीच-साथ राष्ट्रीय-साथ महात्मा-साथ सीधे-नगर के बीच-साथ सीधे-नगर के बीच-साथ सीधेडौडाय-नगर के लिए भी इंटरनेट-साथ शिक्षा-साथ शिक्षा-साथ राष्ट्रीय-उल्लूनगर के साथ-साथ शिक्षा
3	एक निर्धन बोला	एक निर्धन बोला
9	दौलतसिंह के अन्य तीन भाई और एक बहन थे।	दौलतसिंह अन्य एक भी एक पुत्र थे, एक बहन थे।
5	कल रात सम्मान समारोह हुआ।	कल रात सम्मान का सम्मान हुआ।
7	मच्चित्त होकर तुम मेरी कृपा से समस्त कठिनाइयों (सर्वदुर्गाणि) को पार कर जाओगे; और यदि अहंकारवश (इस उपदेश को) नहीं सुनोगे, तो तुम नष्ट हो जाओगे।।	परन्तु हे महाबाहो ! मैं सब भूतों में ही आपको ही प्राप्त होऊँगा। (पर्योंकि) तुम (परमात्मा) से तुम्हें तुम (पर्यों को) प्राप्त करोगे।।
3	वह पहुँची।	वह पहुँचा
1	सूचित करती है	अनुसरण करना
10	क्षत्रिय श्रेष्ठ कोई राजा था। वह अपने श्रेष्ठ चरित से जगत देव बन गया। जिसे प्रजा अपना आराध्य मानती थी। वह राजा प्रजापालनादि कर्तव्यों से सभी लोकों में प्रसिद्ध हो गया। उसकी कीर्ति सभी लोकों में फैल गयी थी। उसकी कीर्ति का अतिशय वर्णन करते हुए कवि ने कहा कि उस राजा की कीर्ति रूपी कमल में आकाश भी भ्रमरवत् अन्तर्निहित है।	जो कोई भी शास्त्रविधि है, जो संसारमें प्रसिद्ध है, जो संसारमें पार होनेवाले है, जो संसारमें भी जिनके चरणकमलोंको दूर कर देता है, वह समस्त प्राणियोंको आनन्दित करता है ॥
4	राजा ब्राह्मण को धन देता है।	राजा ब्राह्मण को धन देता है।
3	वह गिर गई ।	उसने गिर गया।
5	दे दो , मेरी गेंद दे दो ।	ओ , मेरा गेंद दो।
5	सभा में कई केंद्रीय मंत्री उपस्थित थे।	सभा में कई मंत्री उपस्थित थे।
15	प्रत्येक उत्सव गाँव का और किसान का होता है। मेरी इच्छा है कि सुख और समृद्धि का निरन्तर प्रवाह हो।	प्रत्येक गाँव में गाँव का प्राण है, जो लोग मेरा काम चाहते हैं, जो मेरे सुख के लिए सुख अनुभव के लिए निरन्तर है।
10	ऐ कन्हैया हमें दौड़ते समय यहाँ गिर पड़े तो मैयाके हाथका सहारा लेनेके लिये रो रहे हो। क्या तुम पतितों का उद्धार करनेके समय उनके करुण क्रन्दनको देखकर अपनी इस दशाको याद नहीं करते। [जैसे तुम आज माताका सहारा चाहते हो पैसे ही दूसरे पतित भी तुम्हारा सहारा चाहते हैं]	हे गजे! आप लहरों के फल के पात्रों को दूर करने के लिये, फलो के समय से, कुँधा के समय से, लटकने के समय में, हे रघुश्रेष्ठ ! आप मुझे नमस्कार करने के लिये आप मुझे मैं देखूँगा ॥
10	भ्रष्टाचार, सू की को पहले ही देशद्रोह और अन्य अपराधों के लिए 11 साल जेल की सजा सुनाई गई थी।	भारतीय सरकार, देश के देश के पूर्वानुमान के लिए पिछले महीने पहले से भारतीय मुद्रा सेवाएं शुरू हो गई हैं।
8	उन्होंने कहा कि राष्ट्रीय दूध विकास बोर्ड द्वारा परियोजना की सलाह दी जाने वाली सेवाएं प्रदान की जाएंगी।	उन्होंने कहा कि राष्ट्रीय विकास विकास केंद्र के विकास केंद्र द्वारा समर्पित हो जाएंगे।
9	अब तक हम घर में राष्ट्र ध्वज फहरा नहीं सकते थे।	अब तक हम राष्ट्र को बाजना नहीं पा सकते थे।
9	उस समय सभी पन्नों को लिखने का काम पन्ने के ऊपर हो रहा था।	उस समय सभी लिखे गये हुए पात्रों को खोलकर प्लास्टिक के ऊपर होता था।
8	उन्होंने कहा कि अयोध्या में भव्य राम मंदिर बन गया है।	उन्होंने कहा कि अयोध्या में राम मंदिर का निर्माण किया गया है।
8	उन्होंने कहा कि द्विगुणित शक्ति के माध्यम से सरकार ने लोगों का जीवन सुलाया है।	उन्होंने कहा कि शक्ति और शक्ति की रक्षा में राज्य सरकार की जीवन में लोगों की जीवन पैदा हो गई है।
5	तुम अब कुशलपूर्वक है क्या?	तुम अब ठीक हो क्या?
6	वानी की दोनों टीमों के साथ समन्वय है।	आप दोनों के दोनों पक्षों के साथ बैठक की गई है।
6	फिर भी तुम्हारा मनोरथ पूर्ण नहीं हुआ।	फिर भी तुम्हारा काम नहीं हुआ।
7	पराला से लौटकर मुख्यमंत्री ठियोग क्षेत्र की आलू बन गयी।	परसों से आंध्र प्रदेश के मुख्यमंत्री ने क्षेत्र में कार्रिल-पवाई शुरू की।
3	पासवर्ड मत भूलिये।	पासवर्ड भूलियेगा।
5	राजा दुष्टों को कल दण्ड देगा ।	राजा कल परसों दवा लेता है।
8	राज्य सरकार ने अनाथ बालकों को''राज्य के बच्चे''एक दत्तक ग्रहण किया है.	राज्य सरकार ने बालपतिओं के बच्चों को''राज्य का''आप''इसकाकरण दिया है।
4	सारथी और बिल्ली को भी शेर ने मार डाला।	सारथी ने नकुल को भी मार दिया।
7	मंदिरों में, धार्मिक कार्यक्रमों में, विभिन्न स्थानों पर शोभायात्रा भी हुई.	मंदिरों में धार्मिक कार्यक्रम, कार्यक्रमओं में विभिन्न स्थानों पर भी भाग लिया गया।
12	विभाग फरवरी तक चम्बा, कुल्लू, मंडी, लाहौल-स्पीति, किन्नौर आदि में बर्फबारी की याद दिलाया।	विभाग ने मंगलवार तक, कुल्लू, कुल्लू, लाहौल, लाहौल, लाहौल, लाहौल, लाहौल, लाहौल जिलों में बर्फबारी की गई।
5	इसके लिए मिशन का निर्माण भी विचार किया जा रहा है।	इसके लिए विश्व निर्माण की योजना भी विश्व निर्माण की जाती है।
22	श्री बलुनी ने कहा कि मानवों की व्यवस्था में हम कानूनी अधिकारों से बाधित हैं। हम मूलभूत हैं। उन्होंने कहा कि हम देश में जागते हैं और जागते हैं।	श्री मोदी ने कहा कि जन समुदाय के लोगों के साथ हम सभी योजनाओं के साथ वार्तालाप करते हैं और उन्होंने कहा कि वे देश के विकास के लिए सशक्त और न्याय और सशक्त भारत के संकल्पों को जानते हैं।
8	12 लोग घायल हो गए. अभी तक किसी ने भी हमले की जिम्मेदारी नहीं ली है।	पाँच लोग घायल हुए और पांच सौ से अधिक उत्तर प्रदेश के कुछ दिन तक कोई भी नहीं पहुँचा।
1	कोण	काँच
10	रामचन्द्रजी को उनके इस निश्चय का पता चलने पर अति विस्मय हुआ और उन्होंने यह सोचकर कि में तो अयोध्या को लौटूंगा नहीं, ये व्यर्थ जंगल में क्लेश सहेंगे, सुमन्त्र को बुलाकर कहा "सुमन्त्र ! तुम रथ ले आओ हम अभी चलेंगे" ॥	इस प्रकार कहने पर श्रीरामचन्द्रजी के पास जाता हूँ। यह कहकर वह राम के चरणों में स्थित नहीं रहता। वह नगर में रहता है। वह कहता है। वह कहता है।
15	सत्तारूढ़ भाजपा 68 विधानसभा क्षेत्रों पर काबिज है, विपक्षी कांग्रेस पार्टी, तीसरा, आम आदमी पार्टी और पार्टी चुनाव लड़ेगी.	6 फरवरी को पटना के उच्च न्यायालय के लिए कांग्रेस पार्टी के नेतृत्व में, विपक्ष के लिए, और तीसरे स्थान पर, और तीसरे बार हिन्दी टीम के साथ स्पर्धा में हैं।
18	परिष्कृत एवं प्रदूषण रहित वातावरण हमारे लिए सांसारिक सुख है, अच्छा विचार, यह सत्य संकल्प एवं शुभ सामग्री प्रदान करता है। प्रकृति के प्रकोप से घबराकर इंसान क्या कर सकता है?	और भी - समाज में जाति की रक्षा करना चाहिए, फिर भी पर्यावरण की शुद्धि है, शास्त्र की प्राप्ति के लिए, शास्त्र की प्राप्ति, शास्त्र की रक्षा के लिए, शास्त्र की रक्षा के लिए, शास्त्र की रक्षा के लिए, शास्त्र की रक्षा के लिए, मोक्ष के लिए, धन के लिए, धन के लिए, धन के लिए, धन के लिए, धन के लिए, धन के लिए, अर्थ के लिए, अर्थ के लिए, अर्थ के लिए, अर्थ के लिए, अर्थ के लिए, अर्थ के लिए, अर्थ का उपदेश के लिए, अर्थ का क्या है।
2	वह बालिका है ।	वह लड़की
4	अष्टाध्यायी ग्रन्थ में कितने अध्याय हैं?	अद्वैत ग्रंथों में कितने प्रसिद्ध हैं?
5	वे सभी संस्कृतगीत सुनना चाहते हैं।	वे सभी संस्कृत गीत गाते हैं।
7	प्रधानमंत्री नरेंद्र मोदी ने राज्य के वाहनों को फैलाने की व्यवस्था की.	राज्य के मुख्यमंत्री नरेंद्र मोदी ने प्रधानमंत्री नरेंद्र मोदी को जीवन की मजबूत की-उन्होंने सुरक्षा की व्यवस्था की।
6	तब वैदिक संस्कृति का सब जगह चलन था।	तब वैदिक संस्कृति का सब जगह था।
4	भगवान ब्रह्माजी ने देवों के साथ रंगपूजा की	भगवान् विष्णु के पास देव और विष्णु के समान सुन्दर हैं।
4	हमारे वीर सैनिक राष्ट्ररक्षा करते हैं।	हमारे वीर सैनिक देश के पार हो रहे हैं।
5	जैसे पूरा हुआ्रीहै, पूरा हुआ्रीहै।	जैसे प्लास्टिक का प्रक्षेपण हुआ।
11	उन आनन्दाश्रुओं को ब्रह्माजी ने अपने हाथ में लेकर कुछ चिन्तन करने के पश्च्यात पृथ्वी पर डाल दिया। उनके पृथ्वी पर गिरते ही एक महाकपि उत्पन्न हुआ ॥	इस प्रकार कहकर ब्रह्मा जी ने अपने पास जाकर कहा हे राजन् ! आप दोनों लोग आपके रथ को नष्ट करने के लिए आप दोनों ही तैयार हैं।
7	बहुत से लोग केवल फल ही खा रहे थे।	बहुत से लोग फल ही खाते थे।
11	महिला आयोग और महिला सुरक्षा संगठन के प्रतिबंध के बाद केरल सरकार ने महिला धन स्वतंत्रता अधिनियम में संशोधन के लिए एक अपरिहार्य कदम उठाने का फैसला किया है।	केंद्रीय पर्यावरण आयोग ने वन और राज्य के वनवाद के बीच संबंध में इकट्ठी करने के बाद, राज्य सरकार के बीच एक व्यापक निर्णय करने के लिए एक दृढ़ प्रयास करने के लिए एक प्रयास किया है।
7	आप लोग विदेशियों की तरह वेष धारण किये हुए हैं।	आप आदेश के लिये अतुल हैं।
10	और मेरी पूजा सत्कार के अनन्तर सुखपूर्वक बैठकर प्रसन्नचित होकर मुझसे बोले हे राजन् । एक गुप्त बात सुनो, यह आपका अभ्युदय करनेवाला है ॥	हे प्रभो ! आप सुखमय सुखमय सुखमय सुखमय, दुःखमय, पवित्र वचन बोलने वाले, सुखमय, पवित्रचित्त, पवित्रचित्त, पवित्र और आत्मगुणमय सुखमय सुखमय सुखमय, शरणागत, शरणागत, शरणागत, शरणागत, शरणागत, शरणागत, शरणागत, शरणागत, माया और मेरी भक्ति रहित आप सबको मैं प्रणाम करता हूँ ॥
16	मुख्य वक्ता के रूप में आए कुलदीप मैंदोला ने सबके प्रशिक्षण के लिए अपना जीवन राममय बनाने के लिये प्रेरित किया क्योंकि हमारी चिरपुरातन संस्कृति राममयी है।	मुख्य वक्ता के रूप में आए शिक्षक आए थे। वे सभी अपने शिक्षक रामचंद्र के लिए अपने जीवन के लिए रामपुर के लिए रामपुर के लिए रामपुर के साहित्य का परिचय है।
10	मधुमास चैत्र शुक्लपक्ष नवमी तिथि कर्क लग्न में, पुनर्वसु नक्षत्र में जिस समय पाँच ग्रह उच्च राशि पर स्थित थे, सूर्य मेष राशि पर विद्यमान थे, उस समय परमात्मा सनातन जगन्नाथ का आविर्भाव हुआ। उस समय आकाश दिव्य पुष्पों की वर्षा से पूर्ण हो गया ॥	एक दिन तक वह प्याज के दूध पर रखी गई थी। वह एक दिन तक फिर से अत्यधिक सेर के वृक्ष के समान कान्ति से युक्त हो गया।
1	अधम मनुष्य।	इन्द्र के लिए
8	इस संबंध में मंगलवार को झारमा जरीिस्तान में घटनास्थल से आवश्यक साक्ष्य एकत्र किया गया।	इस संदर्भ में चीन ने मंगलवार को पुलिस हवाई अड्डे की घटना को दूर करने के लिए आवश्यक कदम जारी किया है।
2	हे रवि	हे बहुत
6	आप उस दिन क्यूँ नही आये?	वह कल क्यों नहीं आया ?
3	आप चतुर हैं ।	आप सब मिलते हैं।
9	लॉन्चर के सफल परीक्षण से इसके सभी उद्देश्य पूरे हो गए।	यह घटना घरेलू सेना के सभी पहलुओं को लाने के लिए तैयार हुई।
10	समस्त योगियों में जो भी श्रद्धावान् योगी मुझ में युक्त हुये अन्तरात्मा से (अर्थात् एकत्व भाव से मुझे भजता है, वह मुझे युक्ततम (सर्वश्रेष्ठ) मान्य है।।	जो पुरुष सर्वज्ञ, सर्वज्ञ, सर्वज्ञ, अव्यय, समदर्शी, अचल, अचल, अचल, अचल, अचल, अचल, अचल, दिव्य, अचल, दिव्य, अचल, दिव्य, अच्युत, अचल, अच्युत, अच्युत, अच्युत, अच्युत, अच्युत, अमा, अच्युत, अच्युत, अमा, अच्युत, आदि, अच्युत, अच्युत, अच्युत, अच्युत, आदि, अच्युत, आदि, अच्युत, आदि
11	भारत में हर जगह, विशेष रूप से बंगाल में हर वर्ष यह पूजा अच्छी तरह से चलती है।	भारत में सब जगह से चाहिए, कल पूजा की गई है। यह पुरस्कार से शुभ पूजा चल रही है।
7	महान् वीरता को प्रदान करने के लिए गुरुजी सेनापति से किसी प्रकार बाहर निकल गए।	सेना के वीरों ने गुरु के द्वारा कहा कि गुरु के पास जाना चाहिए।
3	आप विद्यालय जाईये।	आप विद्यालय जाईये।
5	आपकी तकिया नहीं जानते !!!	आप मुझसे नहीं जानते हैं!
3	कार्यालय के पात्र धोता है।	कार्यालय का पात्र साफ करती है।
7	आती हूँ, चलें किसकी दुकान चलें ?	मैं कब सेल्फी जाऊँ ?
8	उस समय मैं उसके सामने बहुत दुःखी था।	उस समय उस ही मैं दुःखी हूँ।
1	भूत, भविष्य, वर्तमान सबको जानने वाला	दूर
3	वह अपनी सेल्फी देखता है।	वह स्वयं अपने चित्र देखता है।
7	वह यहाँ विधानसभा उपाध्यक्ष विनय कुमार की जगह खड़े होंगे.	वह यहाँ विधानसभा उपाध्यक्ष विनय कुमार को नियुक्त करेंगे।
9	प्रधानमंत्री नरेंद्र मोदी की यात्रा का सहारा लेकर तिरुचिरापल्ली में मजबूत सुरक्षा व्यवस्था का निर्माण किया गया	प्रधानमंत्री नरेंद्र मोदी ने यात्रा के लिए यात्रा का निरीक्षण किया-उन्होंने सुरक्षा व्यवस्था का नियम बदल लिया।
6	उन्होंने कहा कि देश के शहरों के द्वारा भारत जीता जा रहा है.	उन्होंने कहा कि देश के देशों के लिए नया नया नया नया बड़ा बड़ा बड़ा बड़ा बड़ा बड़ा बड़ा बड़ा बड़ा बड़ा है।
10	इस प्रकार के राज्यों के विकास में सहयोग करने के लिए आप सभी का दायित्व है।	ऐसे में राज्य के निवेशक कार्य के लिए सभी को स्वीकार करने का संकल्प है।
6	हम पावों से चलते हैं। मुंह से बोलते हैं।	हम दोनों नौका से चलती हैं और प्याज करते हैं।
13	परन्तु वह वाणी, जिसके प्रत्येक श्लोककी रचना शिथिल ही क्यों न हो, मनुष्योंके पापोंको ध्वंस करनेवाली होती है, यदि उसमें भगवान् अनन्तके नाम यशसहित अंकित हों; क्योंकि साधुजन तो उन्हींको सुनते, गाते और बोलते हैं ॥	जो कोई भी है, जो कोई भी है, जो कोई भी अतिशय है, जो कि जो कि जो कि जो कि जो कि जिनके चरणकमलों में हैं, जो कि जो कि जो कि जो कि जिनके नाम और दिव्य हैं, जो कि जो कि कानों से भी हैं, जो कि वह दिव्य दिव्य दिव्य दिव्य दिव्य दिव्य दिव्य दिव्य दिव्य दिव्य दिव्य दिव्य दिव्य दिव्य दिव्य दिव्य दिव्य दिव्य दिव्य दिव्य दिव्य दिव्य दिव्य दिव्य दिव्य दिव्य दिव्य दिव्य दिव्य दिव्य दिव्य हैं, जो परम दिव्य दिव्य दिव्य दिव्य दिव्य दिव्य दिव्य दिव्य दिव्य दिव्य दिव्य दिव्य दिव्य दिव्य दिव्य दिव्य दिव्य दिव्य दिव्य दिव्य दिव्य दिव्य दिव्य दिव्य दिव्य दिव्य दिव्य दिव्य दिव्य दिव्य दिव्य
9	और कहीं पर पति भी अपनी पत्नी के रूप में देवी का रूप धारण कर, सखियों के समान मानो।	और भी-बालक के पति के पुत्र के रूप में अपनी पत्नी के रूप में पत्नी के रूप में, पिता के रूप में, यह कहा गया है।
14	उन्होंने कहा कि आपातकाल के दौरान हिमाचल प्रदेश में वही इमारतें नष्ट हो गईं जिनका संरचनात्मक विन्यास ठीक नहीं था।	उन्होंने कहा कि हिमाचल प्रदेश के अंदर ही पुल की हानि हुई है, इससे विकास सुविधाएं नहीं अपना स्वास्थ्य ठीक था।
15	दर्शना – महोदया (मैडम)! आप काम के लिए गिरिजा जी (देवी) से पूछ रही थीं कृपया मेरी बेटी को मौका देकर आप उपकार करें।	दर्शना – हे महानगर! आप काम के लिये मैं तुम्हारा वध कर रहा था। मेरे पास मैं तुम्हारा भाना हूँ।
6	उस भारतीय युवक के लिए हमेशा स्वस्ति की कामना।	उनको भारतीय युवक के समान हमेशा अपने आप को जानते हैं।
5	फर्श का रंग भी सफेद है।	रंग रंग रंग में भी चले गए हैं।
9	हे अनिन्दिते । पूर्वकाल में आप दशरथ जी सहित मेरी तपस्या कर मुझे पुत्र रूप में प्राप्त करने की इच्छा की थी। अतः इस समय प्रकट होकर मैंने आपके उस वरदान को पूर्ण किया है ॥	हे देव ! आप मेरी तपस्या के अनुसार देवकें हैं। पूर्व समय में तपस्विवत् देवताओं के समान शरीर वाले हैं। इस समय का यह रूप धारण करने वाले श्री रघुनाथजी के रूप में प्रार्थना करता हूँ ॥
6	मेरे घर पीतल की थाली है	मेरे घर पीले रंग का है।
6	मैं तो माँ के घर में हूँ ।	मैं तो घर में ही हूँ।
7	सर्वप्रथम मंगलादा ने नईविष्णु रेगमी ने संस्कृत कक्षा के नियमों का आनंद लिया।	सभी लोगों ने नई महान संस्कृति के नए पारस्परिक रूप से संस्कृत के लिए नियमों का पालन किया।
4	नगर में रहनवाले दुष्ट लोग भी नगर ही में रहते हैं।	नगर से ही नगर में रहते हैं।
4	शोध की मुख्य विषय है तत्संबंधी विकास की पूर्ण उत्कर्षण।	वैज्ञानिक ने कहा कि इस नीति का पूर्ण उपयोग किया गया है।
3	परिवार का मूल आधार पत्नी है।	पुत्र ने गड्ढा पकड़ा।
3	लव – उपनयन के उपदेश के कारण से।	लव – (उपाही) की तरह हहरी (माई) की तरह है।
1	इंद्रियों से अधिक	यशस्वी
6	अनेकों के नाम हम नहीं हीं जानते हैं।	अनेक नामों का नाम नहीं जानते हैं।
6	मैं कैसे बताऊँ कब है ?	मैं कैसे बोलूँ ?
6	यज्ञ के बाद देवराज भानु को पुस्तकें देता है।	यज्ञ के बाद देवराज देवराज देवराज को पुस्तकें देता है।
6	आज किसी की बातचीत नहीं सुनी ।	आज भी किसी के साथ बात नहीं हुई।
15	इस दौरान भारत के इस वर्ष के सर्वश्रेष्ठ इंटरनेशनल क्रिकेट खिलाड़ी पसंद आए, और दीपस्यार्मा ने सबसे अधिक चर्चा की।	इस दौरान भारत के सभी खिलाड़ी मल्लिकार्जुन चतुर्थी, शुभा और शुभा देवी ने सबसे अधिक पुरस्कार जीता।
10	परन्तु तुम्हारे नौकर सदा सब जगह उपस्थित नहीं हो सकते।	परन्तु तुम्हारा बेटा और सब जगह हमेशा उपस्थित नहीं हो सकता।
1	हमेशा ही।	हमेशा
1	पतिव्रता	जीवन
15	समस्त आसक्तियोंको दूर करनेवाला सत्संग जिस प्रकार मुझे वशीभूत करता है वैसा न योग, न सांख्य, न धर्म, न स्वाध्याय, न तप, न त्याग, न इष्टापूर्त, न दक्षिणा, न व्रत, न यज्ञ, न वेद, न तीर्थ और न नियमादि ही कर सकते हैं ॥	न तो धर्म है, न धर्म है, न धर्म है, न धर्म है, न धर्म है, न धर्म है, न धर्म है, न धर्म है, न धर्म है और न धर्म है, न धर्म है, न धर्म है और न ही है, न इसका नाम है, न इसका नाम है, न इसका नाम है, न इसका नाम है और न इसका नाम है, न इसका नाम है, न इसका नाम है, न इसका नाम है और न इसका नाम है, न इसका नाम है, न इसका नाम है, न इसका नाम है और न इसका नाम है, न इसका नाम है, न इसका नाम है
1	दो लताओं से	अनेक लताओं के लिए
4	मैंने अपने आप शरबत बनाया ।	मैंने तो अपने प्याज बनाया।
4	सत्संग में वह प्रवचन सुनता है।	सत्संग में वह प्रवचन सुनता है।
8	राजा बोला- हे मनुष्य तुम नहीं जानते मैं कौन हूं।	राजा ने कहा- हे मनुष्य ! मैं कौन नहीं जानता, तुम कौन नहीं हो ?
9	हे मित्र ! क्या तुमसवेरे अग्निहोत्र नहीं करते ?	अरे मित्र ! तुम क्या ब्याज नहीं चाहते हो।
10	में प्रकाशित''मजाक''नमिका उनकी पहली कथावाचक बनीं।	19999 में''इस फिल्म का नाम''नाम का पहला पहला पहला पहला पहला है।
16	सूचनाप्रसारण मंत्री अनुराग ठाकुर ने गुरुवार को सीबीसी, आरएनआई, न्यू मीडिया विंग, उन्होंने डॉक्यूमेंट एड्रेसबल प्रणाली का उद्घाटन किया.	सूचनाप्रसारण मंत्री अनुराग सिंह ठाकुर, गुरुवार को बिंगलू, यूडेलेन, बेन, बेन और पीएसटी ने भी पीटी का अनुसरण किया।
7	इसी प्रकार, इल्मा अफरोज पुलिस अधिकारी जिला बाडी नियुक्त किया गया।	इसी प्रकार, एनिट स्कोरिक्स जिलों में बिनाराडाहाडाहाडा नियुक्त की गई।
4	आदिवासी लोग आत्मरक्षा स्वयं ही करते हैं।	प्रारम्भ में सभी जगह अपने आप अपने आप अपने आप में ही रहते हैं।
4	मैंने अपने आप शरबत बनाया ।	मैंने तो अपने प्याज बनाया।
5	मल्लेश्वर जाने का मार्ग कौन-सा है ?	मल्लेश्वर जाने के लिए कौन-से मार्ग है?
3	उपक्रम बहुत मनोहर है।	सरकार बहुत सुन्दर है।
16	केंद्र में नरेंद्र मोदी सरकार ने इस क्षेत्र में संपर्क, आधारभूत संरचनाओं और ढहों का विकास, शांति और पुनर्स्थापन पर विशेष ध्यान दिया है।	केंद्र सरकार ने इस क्षेत्र में इस क्षेत्र में आधारभूत संरचना, आधारभूत संरचना, पेयजल और शान्ति को ध्यान दिया है।
7	राज्य का सबसे ठंडा जिला है 7.830 सेल्सियस।	राज्य के ठंड में 66 किलोग्राम में यह सबसे अधिक तापमान है।
5	आज मैंने अँगूर खाना चाहा।	आज मैंने अँगूर खाए।
5	वह नई पुस्तकें खरीदता ही है।	वह नए पुस्तकें खरीदता है।
1	गाता हूँ।	गाजर खूब है।
3	जनजीवन अस्तव्यस्त हो गया है।	लोगों के जीवन में कठिन हो गया।
4	वृद्ध कैसे रहता है ?	वृद्ध कैसे होता है ?
6	तीन दिवसीय सम्मेलन आज शुरू होगा	तीन-दो दिन तक राष्ट्रीय सम्मेलन पूरी होंगी।
10	मैंने यह विजय प्राप्त किया, रणे में रावण मारा और लंका को मैंने वशीभूत कर दिया।	मैंने यह सोचकर रोमांच, रावण ने रावण को मार दिया, मैंने मुझे रावण के द्वारा मारा।
4	जा प्यारे ! पूरी विद्या करके आना।	सलक्ष्मण! उठो।
7	उन्होंनेन्हों नेसरोजिनी नायडू के साथ भी काम किया।	उन्होंने लालभंगा के साथ भी काम किया।
4	माँ कैसे उतरती है ?	माता कैसे उतरती है ?
9	हवाई जहाज बहुत ध्वनि करता है कार थोड़ी ध्वनि करती है।	वायुयान बहुत दूर से निकलता है फिर भी मोर को मारता है।
8	लेकिन निर्माताओं ने आज भी फिल्म की शूटिंग नहीं शुरू की।	परन्तु निर्माता आज भी फिल्म का शूटिंग नहीं शुरू हुआ।
3	भोजन पूरा कर रहा हूँ ।	मेरा भोजन समाप्त करता हूँ।
5	प्रात: वेला का तुम सदुपयोग कर रहे हो।	विराम के सदन का पालन करूँगा।
5	वनरक्षण में (वन की रक्षा करने में	वनस्पतियों के लिए विशेष व्यवहार है।
9	"वैसा ही है, कोई फर्क नहीं", ऐसा वह जवाब में बोला ।	इसलिए यह बात नहीं है, इसलिए मुझे विशेष वचन है।
5	सबके पास शिक्षा अवश्य करनी चाहिये।	सबके पास पढ़ी जाती है।
5	उसका पिता कौन है ?	उसका पिता कौन है ?
11	2019-20. के लिए 15 नए अटल आदर्श विद्याओं का घोषणा किया गया था।	जहां 22 के वर्ष की  ⁇ udget के कारण,90 से अधिक अटल आदर्श विद्यालय घोषित हुए थे।
10	प्रशासन- आन्दोलनकारी-कृषि नेताओं के बीच एक नई बात आज होगी।	वार्तालाप-चुनाव-प्रमोद के बीच संबंध में नई दोनों के बीच नई विषयों पर चर्चा होगी।
6	मैं अब काम में फंसा हुआ हूं।	मैं अब काम के लिये हूँ।
7	तब वह ओ३म् बोलता है ।	तब वह ओ.एस. खाली बोलता है।
10	सुखविंदर सिंह सुक्खू अपनी कार्यकाल की दूसरी  ⁇ udget को 17 फरवरी को प्रस्तुत करने जा रहे हैं।	सुखविंदर सिंह सुक्खू अपने आयुक्त 1 फरवरी को दूसरे चरण के दूसरे चरण में जा रही है।
10	अब शाम को होने वाले और सूर्य के आने पर युद्ध निवृत्त हो गया है।	अब शाम को आ रहे और सूर्य को युद्ध के लिये युद्ध किया गया।
3	विशाखा कान का झुमका खरीदती है।	विशाखा - खीर खरीद रही है।
11	आप संसार के सम्पूर्ण प्राणियों की इन्द्रियों से अगोचर हैं। परन्तु मलमूत्र रूपी शरीर के मोह के पाश में फंसे हुए मनवाले मुझ दीन को अपनी ही माया से मोहित होकर पुत्रकलत्र, गृह आदि के अन्धकूप में मुझे पड़ा देखकर आप स्वयं पधारे हैं ॥	हे प्रभो! आप सब प्रकारके नेत्रोंको आप अपने चरणकमलमें उत्पन्न हो गये हो, तुम अपने चरणकमलमें ही आपकी रक्षा करो, आप मुझपर मेरे नेत्रोंकी आज्ञामें ही मैं तुम्हें छोड़कर आपको नमस्कार करता हूँ
3	नदी का नाम गङ्गा ।	नदी के नाम के नाम के नाम में
9	वी-अंग-उपसर्ग से पहले की गई लूट (अन) के प्रत्युत्तर पर वर्णित शब्द समाप्त हो जाता है।	अद्वैत-हत्कुकुकुकुकह के पूर्वरूप से ही प्रासवयिक साधु साधुशब्दों को व्याकरणशास्त्र में ले जाने के लिए प्रसिद्ध है।
8	उज्जयिनी के राजा विक्रमादित्य के काल से विक्रमसंवत्सर की गणना होती है।	उज्जयिनी के राजा राजा के वर्ष में वर्ष की आयुष्मानि की जाती है।
6	उसके बाद सुमित्रा के घर गया।	बाद में सुमित्रा के घर गया।
6	वह वहीं बैठकर सब कुछ देखता है।	वह वहाँ ही सभी हँसकर देखता है।
8	विभा - "रेल से उतर रहा है" ऐसे बोलो ।	विभा - " रेल से उतर रहा है"
4	तुम सब क्या खाओगे ?	तुम क्या खाओगे ?
14	हे राजन् ! कलियुगमें वे ही भाग्यवान् और कृतार्थ हैं, जो श्रीहरिका नामस्मरण करते और कराते हैं ॥	वे मनुष्य अपने द्वारा गुणित वन में रहने वाले शिव जी के द्वारा मुग्ध होकर अपने शरीर को जाते हैं, उन दोनों का नाम प्राप्त करते हैं ॥
11	हे भरतश्रेष्ठ ! जिस काल में (मार्ग में) शरीर त्याग कर गये हुए योगीजन अपुनरावृत्ति को, और (या) पुनरावृत्ति को प्राप्त होते हैं, वह काल (मार्ग) मैं तुम्हें बताऊँगा।।	हे भरत श्रेष्ठ ! जिस (अरात्मा) में जो कुछ भी योग है, वह (परमात्मा) योग को प्राप्त होता है।।
8	मेरे मित्र स्वतंत्रता के बाद से यहाँ रहते हैं ।	मेरे मित्र अपने आप मोढ़ादेशों को जाना चाहते हैं।
4	मेरे मित्र भी आएँगे।	मेरे मित्र भी आएँगे।
5	प्रधानमंत्री ने लोगों को युवजन-महोत्सव की शुभाशंस की.	प्रधानमंत्री ने लोगों के लिए उत्साहपूर्ण सम्मान किया।
1	आठ	दो बजे
9	वहां तुम्हारा निवास निर्दोष है, वहाँ किसी का बाध नहीं है।	वहाँ तुम्हारा हृदय कहाँ है, वहाँ कभी भी नहीं है।
1	अज्ञानता से	अज्ञान से
1	घुस जाइए	धारण करके
7	प्रकृतिमाता – मैं प्रकृति तुम सबकी माँ हूँ।	प्रकृति – मैं प्रकृति में हूँ। हमारे माता हैं।
11	श्रीमान के उद्घाटन से सभी कार्यकर्ता प्रेरित, उत्साहित, ऊर्जावान आगे संस्कृत कार्य में पूर्ण हुए।	महोदय के रूप में सभी कार्यकर्ताओं ने भी प्रेरित किया, उन्होंने संस्कृत में, संस्कार और संस्कृत के आगे बढ़ाया।
5	पिता करेले की सब्जी खा रहे हैं	पिता कारखाना सब्जी खाता है।
1	अनन्तरं	इस तरह
9	हे राम! आप बहु रूपमयी माया से कार्य, कारण, कर्तृत्व, फल और साधन के भेद से अनेक रूप में विभासित हो रहे हैं ॥	हे राम ! इन कर्मों के कारण आप एक ही रूप में स्थित हो, तुम मुझे एक ही रूप से ही जाना चाहते हो, तुम मुझे ही प्राप्त हो, तुम मुझे ही प्राप्त हो गये हो ॥
15	उन्होंने कहा कि इस तरह, शिक्षक इस केंद्र के माध्यम से नए तरीके से और नई प्रक्रियाओं और कलाओं से जुड़े रहेंगे।	उन्होंने कहा कि इस प्रशिक्षण से केंद्र नई शिक्षा नीतिओं और नई विषयों पर नई पहलएं होंगी।
1	अन्धकार समूह।	बहुत अधिक
3	ऊपर की ओर साँस छोड़कर	अकाल से लेकर।
12	अग्नि, जल, स्त्रियां, मूर्ख, सांप और राजपरिवार का सेवन करते समय मनुष्य सदैव सावधान रहना चाहिए, क्योंकि ये छह कभी भी मृत्यु का कारण हो सकते हैं।	दान, तप, दान, दान, दान, दान, दान, दान, दान, दान, दान, दान, ये सब मनुष्य के स्वाभाविक हैं, ये सब बातें मनुष्य के पास हैं, ये सब बातें नष्ट हो जाते हैं।
12	सुनना, भाषण, पढ़ना और लिखना-ये चारों कौशलों के परमपुष्टता के लिए संस्कृत संवर्धन प्रतिष्ठान- प्रशिक्षण देता है।	वक्ता भाषा के पढ़ने के लिए चार सौ से अधिक सात सौ रुपये का निर्माण करने के लिए छात्र संस्कृत के रूप में प्रशिक्षण देता है।
3	मोहन कब खेलता है?	मोहन कहाँ से खेलता है?
5	ओह एक साथ कितने लोग आ गए हैं	ओह, एक से लोग आए थे।
6	सभी समिति सदनों की विशेष मार्गदर्शन से कार्यक्रम सफल रहा।	सभी सदस्यों के लिए मार्ग दर्शक कार्यक्रम में भाग लिया गया।
7	यह विधेयक भारतीय विधेयक के स्थान पर पारित किया जाएगा।	यह विधेयक भारतीय जनता पार्टी में आयोजित की जाएगी।
12	अगर हम राजा को कर न देंगे, उसके खर्च के लिए धन नहीं बचेगा।	यदि हम राजा को मारना चाहते हैं तो उसका फल उसके लिए धन का धन नहीं होता।
6	तुम्हारी बहन भी विद्यालय नहीं जाती है"	तुम्हारा भाई भी विद्यालय नहीं जाता है।
9	सुप्रीम कोर्ट द्वारा जारी मानवाधिकार पत्र पर अवैध धनों को नियंत्रित करने के लिए एकमात्र कानून नहीं होता है।	सुप्रीम कोर्ट ने कहा कि संबंध में प्रवेश नहीं किया जा रहा है और अवशेषों को कोई भी कदम नहीं दिया जा रहा है।
10	मतदान प्रक्रिया लगभग चौथाई घंटे की हो गई, इसलिए सभी लोगों के मतों पर मतदान हो गया.	मतदान के लिए लगभग आठ बजे तक दोपहर तक दोपहर तक आयोजित की गई, सभी मतदाता भी मतदान हुए।
7	और अगले वर्ष दीपावली-अवसर की फ़िल्म प्रदर्शित होगी।	आगामी और संदीप विवाह में चलचित्र प्रदर्शित किया जाएगा।
9	यदि तुम सब पापियों से भी अधिक पाप करने वाले हो, तो भी ज्ञानरूपी नौका द्वारा, निश्चय ही सम्पूर्ण पापों का तुम संतरण कर जाओगे।।	और भी - तुम सभी कर्मों को त्याग करो, सभी लोग तुम सभी को त्यागते हो, क्योंकि सब ज्ञान को त्यागो।
8	जैसा अभिनय मोहन करता है वैसा अभिषेक नहीं करता है।	मोहन अभिनय करता है वैसा ही नहीं बुलाता है।
6	अनेक लोग घर में भोजन नहीं करते हैं।	अनेक लोग घर में भोजन नहीं करते हैं।
5	आज उसका विवाह है।	आज उसका विवाह है।
4	राष्ट्र के भी मित्र होते हैं।	राष्ट्र भी मित्र होते हैं।
14	लंबे समय से पश्चात् अयोध्या में श्रीराम की प्राणप्रतिष्ठा-माध्यम से सनातन-भारतीय-मूल्यों की प्रतिष्ठितता है जो कलिकाला में राम राज्य के संकल्पों कामूर्त रूप प्रस्तुत करेगा।	उन दोनों में अयोध्या के बाद श्रीराम जन्मभूमि-बताया गया है कि अयोध्या के मूल्यों को भारत के बीच भारतीय संस्कृति के रूप में जानते हैं जो राम जन्मभूमि के रूप में स्थापित करेगा।
6	यह नेहरू पर्वतारोहण संस्थान के विश्लेषक थे जो बर्फ में फिसल गए।	यूंग क्षेत्र में सिल्तिक के मुताबिक क्षेत्रों में ही बर्फबारी हो रही है।
8	सामान्य विकास के समय चैतन्य शर्मा की जगह विधायक नंदलाल सदस्य बनेगा।	सामान्य विकास समिति, हमीरपुर निगम के सचिव राजेश धर्माणी नहीं होंगे।
5	रात में घने अन्धकार में हमारे वीर सैनिक सीमापार गए।	रात के बजे सूर्य की छब्धि के कारण सूर्यसेना का क्षेत्र है।
7	उन्होंनेन्हों नेसरोजिनी नायडू के साथ भी काम किया।	उन्होंने लालभंगा के साथ भी काम किया।
4	मैं मूंग का हलुआ पकाऊंगी।	मैं मूंगफली का हलुआ पकाऊँगा।
4	निश्चय ही गोधन सब धनों में श्रेष्ठ धन है।	यह संसार सब प्रकार के कल्याण के लिए कल्याण है।
3	कलिंग देश में तुमने ब्राह्मण को मारा हैं।	हे ब्राह्मण! आपके शरीर से।
5	वह हररोज ऐसे ही झूलता है	वह हररोज़ फल बुनता है।
1	चतुर	निपुणता
4	वह रंगमंच की व्यवस्था देखती है।	ग्वाला की व्यवस्था के लिये वह व्यवस्था देख रही है।
4	ईश्वर के व्याप्ति योग्य है यह सब	यह समरस है।
4	पुस्तक चाटूँ क्या ?	पुस्तक की दूकान क्या है ?
4	जिसका अब समाप्ति हो गई।	जिसके द्वारा अभी आरम्भ शुरू हो गया है।
9	उनके लेखन और बच्चों की कविताओं को कई कक्षा की पाठ्यपुस्तकों में शामिल किया गया था।	उसके लिए बच्चों को पुस्तकें और पुस्तक पढ़ने के लिए बहुत से पुस्तक पढ़ने में स्थान पर छात्र उपस्थित थे।
9	ओरिया भाषा के पुरातनत्त्व शास्त्र के अनुसार यह नृत्य परंपरा भारत की प्राचीनतम नृत्य परंपरा है।	यह भाषा भाषा भाषा से, शब्दशास्त्र के शब्दशास्त्र में भारत के गौरव का है।
25	योजना के तहत लाभार्थीओं को केवल एक प्रतिशत राशि सुरक्षा जमा के रूप में देने होंगे जब सरकार द्वारा एक प्रतिशत बैंक खाते की सुविधा प्रदान की जाएगी और सरकार द्वारा एक प्रतिशत इक्विटी भी प्रदान किया जाएगा।	योजना के तहत परिवहन योजनाएँ केवल प्रतिशत से जुड़े हैं और सुरक्षा उपायों को बढ़ाने के लिए एक प्रतिशत अनुदान भी दिया जाएगा। सरकार ने भी यह भी मदद की है।
8	इस में महिला, यून, किसान, और निर्धन परिवार शामिल हैं।	इस महिलाएँ, जमींदिस, किसान, किसान, खेलीक्षा और परिवार के लोग हैं।
1	खेलना	खेलता है
7	घटना का फुटेज अब सोशल मीडिया पर व्यापक रूप से प्रसारित हो रहा है।	इस घटना में अब आखिरी मिनट में सामाजिक सूत्रों में सूत्रों का अधिक महत्व है।
7	पण्डित मन्यमान प्रायः ऐसे विवादों में कुपित होते हैं।	मन में प्रायः ऐसी संख्याओं में छोटे लोग लूरे हुए हैं।
6	बालक विद्यालय जाकर पुस्तक पढ़ता है।	बालक विद्यालय जाकर पुस्तक पढ़ता है।
1	सामग्री	एक साथ
8	सभा में आकर पहले धर्मशाला विधेयक पर सुधीर शर्मा ने अभिनन्दन किया।	सभा में आकर हिमाचल के रूप में धर्मशाला के उद्घाटन किया।
5	तीर्थों का परिचय मानव जीवन का अङ्ग होता है।	शिवों का जीवन मानव जीवन का होता है।
6	चिराग - हाँ सभी प्यार से चल रहे हैं।	चिराग - हाँ सभी सभी नींद चलते हैं।
4	आपने झरना देखा है?	क्या आप ठंडी हो?
6	मनुष्य को कोई सहायक लेना ही चाहिए।	पुरुष कौन-सा है कि वह भी किसी के लिए है।
13	मोदी ने कहा कि सरकार की कोशिश है और सहयोग किया गया है- ग्रामीण जीवन का प्रबल पक्ष हो गया है.	मोदी ने कहा कि सरकार के साथ प्रयास की बात है कि जीवन के बल से जीवन-पक्ष-प्रत्यय-प्रत्यय के लिएपक्ष का फैसला किया गया है।
7	अहंकार के कारण वह निर्दोषों को भी मारता था	विल्चि के कारण वह पुल भी तेज घूमती थी।
5	दूध पसन्द नहीं है क्या ?	दूध नहीं पसंद है क्या ?
6	आज सुबह नीरजा बहन जुहू चौपाटी गई।	आज सुबह नीरज बहन ने आरबानु को छुड़ाया।
10	शौनक ने ठण्ड से दाँतो की बीणा बजा रहे सूत से कहा महर्ष | यह बहुत ही विषम काल आ गया है।	दान भूमि पर बैठे हुए पृथ्वी को धारण करने वाले, भाई और भाईओं के समान, भाई और बड़े पराक्रमी ये दोनों के समान हैं।
4	आज उसका विवाह है।	आज उसका विवाह है।
9	उसी क्रम में और बीच में स्नातक पद और स्नातकोत्तर उपाधि प्राप्त हुए।	उसी प्रकार इसी प्रकार इसी तरह सुमधुर वर्ग का पुरस्कार और पाया गया।
7	धन से नष्ट हुए व्यक्ति का कुछ भी नष्ट नहीं हुआ किन्तु यदि चरित्र नष्ट हुआ तो वह मरे हुए के समान है।	इस संसार में अतिशय, अचल और अचल, नित्य और अशुभ धन को ही छोड़कर, नित्य और अशुभ रूप से युक्त रहने वाले होते हैं।।
3	वह उस कुएं में स्नान करता है।	वह उस कबूतर पर चढ़ता है।
17	यह बच्ची विरोध के रूप में रोती थी, जो अभियुक्त डर गई थी, उसने उसे धन देकर शान्त करने का भी प्रयत्न किया।	भीम बालधारिक कार्य के बारे में क्रुद्ध हो गया, जिससे वह शान्त हो गया, वह शान्त हो गया, वह भी उस सुख को प्राप्त करने के लिए भी प्रयत्न किया गया।
11	उन्होंने कहा कि केक पाठक नवरात्र कुमार की दृष्टि से कार्य कर रहा है।	उन्होंने कहा कि कैंग्रेज के प्रकाशन के लिए काम कर रही है कि वह काम कर रही थी।
4	अभी सब सध्या खा रहे हैं।	अभी सब कुछ याद कर रही है।
6	मैं मोरीबी गाँव का निवासी हूँ !	मैं मीनाक्षी गाँव में हूँ।
6	उनकी भाषा भी संस्कृत थी	उनके भाषा भी संस्कृत थी।
10	मैंने यह विजय प्राप्त किया, रणे में रावण मारा और लंका को मैंने वशीभूत कर दिया।	मैंने यह सोचकर रोमांच, रावण ने रावण को मार दिया, मैंने मुझे रावण के द्वारा मारा।
8	निकोलस – ये राज्य ‘सात बहनें’ इस नाम से किस प्रकार कहे जाते हैं?	पुल के नीचे से – सात000000000000 से अधिक होते हैं?
5	सारिका धीरे धीरे चलती है ।	सारमे धीरे धीरे धीरे चलती है।
3	मैं सत्य कहूँगा और तपस्या से ब्रह्मा का ज्ञान प्राप्त करूँगा।	सत्य कहूँगा।
7	वो दोनों देवनागरी में ही हस्ताक्षर करती हैं	वे दोनों देवपुर से ही प्रार्थना करते हैं।
6	तिब्बती समुदाय के लोग अपने घरों की सफाई में व्यस्त हैं।	तिब्बती समुदाय के लोग अपने घरों के लिए राधारण के निर्माण के लिये हैं।
9	साथ ही अनला नाम एक सुन्दरी कन्या भी हुई।	और भी एक नाम में एक पुत्र भी कन्या पिता की गोदी में हुई।
11	कार्यक्रम में मुख्य अतिथि रहे उच्च शिक्षा मंत्री ने कहा कि सरकार पाणिनी संस्कृत विश्वविद्यालय के सभी रूपों में विकास के लिए प्रतिबद्ध है।	कार्यक्रम में मुख्य अतिथि के रूप में उच्च शिक्षा मंत्री ने कहा कि संस्कृत भाषा के विकास के लिए सभी विकास और विकास के लिए सभी विश्व विकास के लिए प्रसिद्ध है।
6	हिमांशु – चलने की अनुमति कब देंगे ?	हिमांशु –रेल बनाने के लिये कब तैयार करेगा ?
9	वास्तव में विपक्षी दल के सदस्य गोमय को लेकर विधानसभा परिसर में पहुंचे थे।	वास्तव में विपक्ष के नेता के रूप में विधानसभा क्षेत्र में घुस रहे थे।
7	कार्य की समाप्ति पर वेतन से अतिरिक्त गजधरों को सम्मान भी प्रदान किया जाता था।	कार्य के लिए कई प्रकार के पक्षी भी राहत के कारण सम्मान के पात्र हैं।
13	संयुक्त राष्ट्र महासभा के आठवें सत्र के अध्यक्ष डेनिस फ्रांसिस आज दिल्ली पहुंच गए हैं-दिवसीय-भारत-यात्रा-सम्बन्धी में.	संयुक्त राष्ट्र महासभा के आठवें सत्र में आयोजित सत्र में पांच-दो-दो-दो-दो दिन भारत-श्रीनगर-अवल्स-अजुट-नगर है.
3	मेरे पिता का है।	मेरी आज्ञा से
3	यह संदीप है ।	यह पुरस्कार प्रदीप है।
4	बहनें विष्णुसहस्रनाम गाती हैं।	बहन विष्णुसहस्रनाम गाती है।
4	राजा से द्वेष उत्पन्न करने वाली बात कभी नहीं बोलनी चाहिए।	राजा और राजा के द्वारा किसी प्रकार नहीं कहा जाना चाहिए।
3	आगे सीढ़ी है।	आगे सीटी है।
3	घना वन है।	गुफा का है।
6	माँ उसके लिए कपड़े देती है।	माँ उसके लिये वस्त्र देता है।
12	श्रीरामचन्द्रजी ने अपनी माता को देखते ही शीघ्रता पूर्वक उठकर उनके चरणों की वन्दना की और उन्होंने अत्यन्त दुःखी नेत्रों में जल भरकर पुत्र को हृदय से लगाया ॥	राम ने अपने माता को देखकर अपने भाई से पूछा कि वह पुत्र शीघ्र ही साधारण हो गया और वह पुत्र हो गया। तत्पश्चात् वह प्रियलक्षणा के आश्रम में गिर गया ॥
3	जहां तुम जाते हो।	जहां तू जाता है।
6	उनमें से एक थे खुदीराम बोस जी।	उनमें से एक विचित्र युग का विवरण था।
4	उसके बाद सभी योगासन करेंगे।	उसके बाद सभी योगासन करेंगे।
7	कार्य की समाप्ति पर वेतन से अतिरिक्त गजधरों को सम्मान भी प्रदान किया जाता था।	कार्य के लिए कई प्रकार के पक्षी भी राहत के कारण सम्मान के पात्र हैं।
7	कार्यक्रम में भारत सरकार के शिक्षा मंत्री धर्मेन्द्र प्रधान मुख्य अतिथि के रूप में रहे।	कार्यक्रम में भारत सरकार के शिक्षा मंत्री धर्मेन्द्र सरस्वती मुख्य अतिथि थे।
5	चन्द्रमा किनका आभूषण है?	इस गाँव में कौन-सा है?
1	जागते हो।	प्राप्त करना
11	श्री अखिलेश जी के प्रयास से अनेक विश्वविद्यालयों और कॉलेजों में संस्कृत का संचरण शिक्षण रूप धारण किया गया है।	श्रीमान ने सभी छात्रों को संस्कृत के लिए और शिक्षण के लिए कई नई शिक्षा नीति के रूप में स्थापित किया।
8	गृह विभाग, हिमाचल प्रदेश-लोकसेवा- कमीशन के माध्यम से नियुक्त नए मानकों का निर्धारण किया गया है।	गृह विभाग ने हिमाचल प्रदेश-विधार-आयोग के माध्यम से नई नियुक्त हुए नई नियुक्त मन से नई नियुक्त हुए।
5	तुमको कौन नहीं जानता ?	तुम कौन नहीं जानते हो ?
11	गुटेरसेन ने यह पता लगाने के लिये इजरायल से कहा कि सहायक कर्मचारी सुरक्षित वातावरण में कार्यरत हैं।	गुगल सेना ने कहा कि यह सुनिश्चित करने के लिए यह व्यवस्था है-यह वातावरण के लिए काम कर रहे हैं।
16	अभिमान मद्यपानके समान है, गौरव (बड़प्पन) रौरवनरकके तुल्य है और प्रतिष्ठा (मान बड़ाई) सूकर- विष्ठाके सदृश है; अत: इन तीनोंको त्यागकर हरिका भजन करे	देवदेव के बिना देवता के रूप में न रहने के लिए, न तो तपस्या के समय से न रहने वाले, नकुल, नकुल, नकुल, नृत्त, नृत्त, नृत्त, नृत्त, नृत्त, नृत्त, नृत्त, नृत्त, नृत्त, नृत्त, नृत्त, नृत्त, नृत्त, नृत्त, नृत्त, नृत्त, नृत्त, नृत्त, नकुल, नृत्त, नकुल, नृत्त, नृत्त, नन्दन, नन्दन, न, नन्दन, न, न, न, न, न, न, न, न
4	नगर में रहनवाले दुष्ट लोग भी नगर ही में रहते हैं।	नगर से ही नगर में रहते हैं।
7	वह वृद्ध माता पेड़ के नीचे खड़ी है	वह वृद्ध माता वृक्ष के नीचे गाड़ी में खड़ा है।
4	धर्मशाला में राज्य स्तरीय काम होगा।	धर्मशाला में राज्य के निर्माण का काम होगा।
15	आक्षेपों को आमंत्रित करके अन्य सभी प्रक्रियाओं को पूरा करके विकास योजना को अंतिम रूप से निर्धारित नहीं किया जा सकता।	रिपोर्ट के लिए सभी प्रक्रियाओं को स्वीकार करके सभी विकास योजनाएं बनाने का संकल्प किया जा सकता है।
4	कुछ युवतियाँ भी दौड़ रही हैं	का युवतियाँ भी दौड़ते हैं।
11	उद्योग मंत्री हर्षवर्धनचौहान ने औद्योगिक इकाइयों और सुरक्षा पक्ष की समीक्षा के लिए संयुक्त कार्यदल का संगठन का घोषणा की।	उद्योग मंत्री हर्षवर्धन चौहान ने एक व्यापारियों के एक सुरक्षा अभियान के तहत सुरक्षा अभियान के तहत सुरक्षा अभियान का घोषणा किया।
6	परमेश्वर , उसकी आत्मा को शान्ति दें ।	परमेश्वर , उसका मन मन मन शान्त करता है।
4	बलशाली हाथी किससे बाँधा जाता है?	पृथ्वी पर किस देश में कितने चन्द्रमा होते हैं?
4	अभी ही स्कूल चलो ....	अभी ही विद्यालय में .... ⁇ 
4	मोर किसानों का मित्र है।	मोर के पास मित्र है।
11	विषयरूपी विषधरोंसे डँसे जानेके कारण जिनकी सुध- बुध नष्ट हो चुकी है, वे मनुष्य यदि आत्मसंजीवनके लिये गीतारूप औषधका सेवन नहीं करते तो अमृतके घड़े लेकर सामने आयी हुई अन्नपूर्णा देवीकी उपेक्षा करके अनके बिना सूखनेवालोंकी तरह उन बेचारोंका भाग्य ही मारा गया है	यदि कोई भी योगी पिता को मारने के लिए जीवन के लिए समर्थ नहीं है तो वह तो वह अपने जीवन के विषय में ही अपनी आज्ञा से साक्षात् वस्त्र धारण कर रही है। यदि वह स्वामी के चरणों में गंगाजी के तट पर गंगाजी के तट पर पहुँचने के लिए जाता है। तब वह भगवान शिव के चरणों के लिए गंगाजी के तट पर जाता है। तब वह लक्ष्मी के लिए जाता है। तब वह लक्ष्मी के समान श्यामवर्ण से अमृत के समान श्यामवर्ण से अमृत के समान है। तब वह लक्ष्मी के समान है।
14	पुरातत्त्व सर्वेक्षण द्वारा पूर्व नवंबर में दिन का विस्तार मांगा गया था, न्यायालय द्वारा दिन का विस्तार किया गया था।	नए साल पहले नई दिल्ली में नए उद्योगों का निर्माण किया गया था, जो सत्ता के रूप में थे, और विस्तार के रूप में थे।
4	वह भूमि खनन करता है।	वह भूमि को खोदता है।
4	अतिथियों की सेवा करता है वा नहीं।	बहन के लिए प्रयत्न नहीं करना चाहिये।
1	कर लिया है निश्चय जिसने ।	समान
9	तो इन शब्दों के ज्ञान से धर्म होता है या प्रयोग से ?	तो इन शब्दों का ज्ञान होता है कि ज्ञान का प्रयोग कैसे होता है ?
4	उसका बेटा गिर गया ।	उसकी बेटी गिर गई।
9	उन्नत और पुष्ट कन्धोंपर लटकते हुए कुण्डल तथा अलकोंसे जिनकी सदृश (उन्नत) ग्रीवा मनोहर मालूम होती है जो अपने मुखकी शोभासे निर्मल पूर्णचन्द्रविम्ब तथा श्वेत कमलको कान्तिको तिरस्कृत कर रहे हैं हुए सुन्दर पद्मके समान जिनके मनोहर नेत्र हैं; विलासमयी भौंहें हैं, अमल अधर हैं, मधुर मुसकान है, कोमल कपोल, ऊँची नासिका और भालदेशमें लटकी हुई अलकें हैं [ ऐसे आपको मैं कब आनन्दित करूंगा ? ]	जो मुखारविन्दों के समान श्यामवर्ण, सुन्दर, सुन्दर, सुन्दर, सुन्दर, गला, गला, मोढिवर्ण, मुख, मुख, मुख, मुख, मुख, मुख, धनुष, धनुष, धनुष, धनुष, धनुष, धनुष, तरकस, तरकस, तरकस, तरकस, तरकस, चक्र, चक्र, चक्र, चक्र, चक्र, चक्र, चक्र, चक्र, गला, चक्र, चक्र, चक्र, गला, जंगनी, जंगनी, जंगनी, जिनका किये हुए हैं, जिनका मन्दिन्द, जिनका मन्द
7	बीच में स्थित सफ़ेद रंग सात्विकता और ईमानदारी का द्योतक है।	बीच में तेज और सुख से युक्त, शुद्ध, शुद्ध, शुद्ध, शुद्ध, स्तरों और असंगों से रहित, नित्य-बैर आदि का संग्रह होता है।
7	परन्तु हे अर्जुन जो पुरुष मन से इन्द्रियों को वश में करके अनासक्त हुआ कर्मेंन्द्रियों से कर्मयोग का आचरण करता है वह श्रेष्ठ है।।	जो पुरुष कर्म में प्रवृत्त हुए है, वह योगी है; जो योगी योगी योगी योगी है, वह योगी है, वह योगी है, वह योगी है।।
54	कुलपति प्रोफेसर एस.एस. मयूरी, प्रोफेसर जेएस. नेगी, डॉ. प्रमोद जोशी, डॉ. शरदभट्ट, डॉ. निवेदिता अवस्थी, डॉ. योगेश चंद्र, डॉ. आर.एस. कन्नौजिया, डॉ. मूलचंद्र- पाण्डे महोदय के खाती, शुक्ल, डॉ. दीपक डॉ. डी. एन. जोशी, गोविन्द सिंह जंगपांगी आदि शिक्षकों एवं शिक्षण परीक्षकों ने प्रोफेसर पाण्डे को प्रसन्न मन से मंगलकाम और बधाई दी।	इस अवसर पर प्रो. एस.एस.एस.एस.एस.एस.एस.एस.एस.एस.एस.एस., डॉ.एस.एस.एस.एस.एस.एस.एस., डॉ.एस.एस.एस.एस.एस., डॉ.एस.एस.एस.एस.एस., डॉ.एस.एस.एस., डॉ.एस.एस.एस., डॉ. रामचंद्रवाल, डॉ. राम कुमार, डॉ. राजेश कुमार, डॉ. राजेश कुमार, डॉ. मनोज कुमार, डॉ. मनोज कुमार मिश्र, डॉ. मनोज कुमार
12	फाइनल में ऑस्ट्रेलिया ने 20 विकेट पर सात बल्लेबाजों के नुकसान पर 186 रन बनाए.	अंतिम प्रतियोगिता के पहले चरण में ऑस्ट्रेलिया ने सात रन बनाए.
6	सूत्रसञ्चालन त्रिम्बक केदार, श्रीराज शेलार ने किया।	सूत्र के रूप में तीन अंगों ने प्रथम, श्रीधरदेवी और कौवे को प्रणाम किया।
6	एक बार दस लड़के स्नान के लिए नदी पर गए।	एक दश में दस लड़के स्नान के लिए स्नान के लिये गया।
1	छेद करना	दुःख
1	पाना	प्राप्त करने के लिए
6	पहले चरण के नव उद्द्घ विमान विकसित हो जाएँगे।	पहले चरण में नौ विमान लाइन का अभाव होगा।
11	हे रघुश्रेष्ठ ! पहले इस आश्रम में मेरे गुरु महर्षि मतंग जी रहते थे। उनकी सेवाशुश्रूषा करती हुई में हजारों वर्षों से यहाँ रहती हूँ। महर्षि ने अब ब्रह्म पद प्राप्त कर लिया है। उन्होंने जाते समय मुझसे कहा था कि तुम एकाग्रमन हो यहीं रहो ॥	उस आश्रम में देवगणों ने मुझे देवों के साथ ही देवताओं को बुलाया और उनके गुरु जी ने उन्हें बुलाया।
5	आञ्चल उत्तराखंड के जुडू गाँव के निवासी हैं।	उत्तराखंड के उत्तराखंड में हरिहरला नदी है।
4	गिलहरी यहाँ वहाँ दौड़ रही थी।	चींटिचियन यहाँ दौड़ रही थी।
8	उसके द्वारा पढ़ाए हुए छात्र आज उसके घर आए।	उसके द्वारा पढ़ाए हुए छात्र आज उसके घर आए।
9	रामचरण''संजयलीला भंसाली''इस फिल्म से सुभाषचेता का पदार्पण करेगा।	रामचरण''अल्टा''इस फिल्म में जाह्नवी कपूर''इस फिल्म के क्षेत्र में पदार्पण करेगी।
5	हाँ , यहाँ सब कुशल है ।	हाँ यहाँ सब कुशल है ।
15	जिसमें कोरोमंडेल एक्सप्रेस का वाहन पटलों पर एक मालवाहक के साथटकरा रहा था, उसकी कक्षा रास्ते से गिर गई।	जिसमें कोरोना जिले के एक हाईबोटिक में एक सौ लोग लटके हुए यात्रियों के साथ गिरने के बाद उसके पास गिरने के लिए गिरने से उनकी मौत हो गई।
1	बीज ।	बीज
3	कैसे कर रहे हैं ?	कैसे कर रहे हैं ?
8	दसवें ( अन्तिम) पृष्ठ पर वह दुर्घटना के चित्र देखता है।	दसवें वर्ष बाद वह कारगिल से देखता है।
3	यहीं बात करिये।	यहीं से बात करिये।
6	हारे हुए मुसलमान लोग ब भी उपद्रव शर्थात् धूम धाम नहीं छोड़ते।	पक्षी भी हरी के द्वारा कल भी नहीं जड़ते हैं।
7	भारत के विविध स्थलों के बारे में प्रश्न थे।	भारत के विविध स्थलों के बारे में भी चर्चा की गई थी।
11	जो ब्राह्मण पानी के स्थानों, बावड़ी, कुआं, तालाब, बाग-बगीचों और मंदिरों में तोड़- फोड़ करने में किसी प्रकार का भय न अनुभव करते हों, उन्हें म्लेच्छ कहा जाता है।	कुएँ के जल में खरगोश का वृक्ष है। वह कुमुच्छे ही है। उसके द्वारा वृक्ष के समान श्यामवर्ण से उत्पन्न हुई है।
9	भारत के उच्चायुक्त संतोषजो ने आज कोलम्बो शहर की भारत-बात में राष्ट्रीय ध्वज फहराया.	भारत के उच्च न्यायालय ने आज ब्लाहूम कर दिया है, आज भारत के को कोच्चि पर ले जाने के लिए एक बड़ा शहर काया।
1	अमृत	वस्त्र
10	गोशाला में सोलन जिले के पट्टा और कांगड़ा जिले के पालमपुर में अनुमोदन किया गया था।	गोला जिले के कोझिकोड जिले के कोझिकोड जिले के कुटु जिले के कुण्डल जिले के कुर्गुपल्ली जिले के कुर्ग क्षेत्र में एक विशेष रूप से मंजूरी दी गई है।
12	आरुणि – हे सौम्य! शरीर द्वारा ग्रहण किए गए तेज (ऊर्जा) की अणिमा वाणी बन जाती है।	आरुणि – (अरेख से) अरे (अरे हुए) अरे (अरेख) अरे, जो तेज से जो तेज को दूर कर सकता है, वह (उसा) है।
1	स्वर्ग में	अपने अंशों के साथ
3	कुछ देर तो ठहरिए।	कुछ देर से रुकिये।
13	उन्होंने राजमार्ग पर सड़क दुर्घटनाओं को दूर करने के लिए सड़क अभियन्त्री-क्षेत्र में वैश्विक उत्कृष्ट-प्रथा को स्वीकार करने के लिए आग्रह किया है।	उन्होंने कहा कि राज्य के सड़कों के मार्गों को दूर करने के लिए सड़कों पर यातायात-आधारना-इस प्रकार क्षेत्र में सरलता को स्वीकार करना चाहिए।
3	सुजाता दाहिने हाथ से लिखती है	सुजाता दक्षिणी हाथ में लिखती है।
3	कचरा डब्बे में डालती है।	संन्यास बर्तन बनाता है।
9	उन्होंने कहा कि आज उत्तर प्रदेश में निवेशक बड़ी संख्या में निवेश कर रहे हैं।	उन्होंने कहा कि आज हिमाचल प्रदेश के निवेशकों को बहुत से निवेश कर रहे हैं।
3	वर्तमान सरकार ने जल का उपकार किया है।	वर्तमान सरकार ने जल में जल का निर्माण किया है।
14	वे यद्यपि वैराग्य शास्त्र (अर्थात वेदान्त, साङ्ख्य, ब्रह्मसूत्र, पञ्चदशी, इत्यादि वैराग्य प्रदान करने वाले शास्त्र) से विभूषित हैं, फिर भी कभीकभी जब वह साहित्य पढ़ाने में आनन्दित होते हैं तो अनेक रसों में शृङ्गार, हास्य, करुण आदि रसों में (खूब डूब जाते हैं और अध्यापन रूपी) दक्षताओं के द्वारा छात्रों की हार्दिक गुरुत्व की पदवी को और प्रेम को प्राप्त करते हैं ।	जो पुरुष अपने गुरु के लिए, स्त्री और धन के आदि के रूप में, कला के पढ़ने के लिए, कला के समय में, कला के समय में, श्रीबाबागुरुजी के, स्त्री के, साङ्दी, सुवादियों के, सामान, सामान, माता, सामान, सामान, सामान, सामेय, सामेय, सामेय, सामेय, सामेय, सामेय, सामेय, सामेय, सामेय, सामेय, सामेय, सामेय, साम, सामेय, सामेय, साम, साम, साम, साम, साम, साम, साम, साम, साम
13	इसके साथ शिक्षा में व्यापक उन्नति की प्रतिज्ञा को पूरा करने के लिए अग्रिम शिक्षा मंत्री से सभी सरकारी स्कूलों में अंग्रेजी भाषा अनिवार्य होगी।	इसके साथ शिक्षक शिक्षा के तहत शैक्षणिक संस्थानों के लिए सरकारी स्कूलों में सरकारी स्कूलों में पूरा करने के लिए सभी संस्कृत भाषा का पूर्ण भविष्य होगा।
11	राष्ट्रीय स्वास्थ्य मिशन ने भुगतान नहीं किया इसलिये क्रासना-प्रयोगशाला में संस्थाओं की सेवा निलंबित कर दी गई।	राष्ट्रीय स्वास्थ्य संस्थान के धनधारन ने नहीं अपितु कुछ-क्याइण्डशालाओं में एएचटी की सुविधा का निरीक्षण किया है।
11	क्योंकि अयोग्य पात्र में रखी गई (अर्थात् की गई) कोई (भी) क्रिया फल देने वाली नहीं होती। सैंकड़ों तरीकों से उपाय करने पर भी बगुले को तोते की तरह नहीं पढ़ाया जा सकता |	क्योंकि कोई भी व्यक्ति किसी भी प्रकार का कोई भी व्यक्ति का जीवन नहीं होता है क्योंकि वह ठगड़े के फल के द्वारा भी सीखने पर भी सीखता है।
11	हे माधव ! इसलिये अपने बान्धव धृतराष्ट्र के पुत्रों को मारना हमारे लिए योग्य नहीं है, क्योंकि स्वजनों को मारकर हम कैसे सुखी होंगे।	इस प्रकार अपने आप दोनों के द्वारा रचित इस (अन्य) को देखकर (अन्य्ति) अपने देश को (अपने) के द्वारा कैसे लौटते हैं। (इस प्रकार) दूसरे के द्वारा (मेरे हुए) अपने आप (मेरे) अपने आप (अपने) के अनुसार अपने आप (अपने) के अनुसार सुख को कैसे नहीं जानते हैं।
10	रविवार रात को केलांग में पर्दे को कम कर दिया गया।	रविवार को रात को कड़डा शहर में सबसे कम से कम से कम हो गया।
5	क्रोधित किसान ने उसको उठाने के लिए बहुत बार प्रयत्न कि	क्रूर सिंह ने किसान को बहुत समय से दिया कि बहुत समय तक तैयार हो गया।
8	इसी प्रकार क्षणभर में उन्होंनेन्हों का रोमांचक युद्ध हुआ।	इसी प्रकार उन दोनों ने उन दोनों के साथ युद्ध किया।
4	फिर भी वह संस्कृत में बोलता है ।	फिर भी वह संस्कृत भाषा में बोलता है
3	पिताजी को परसों लौट जाएँगे।	वह शत्रुओं को सादर से वापस लौट जाएगा।
24	समाचार के अनुसार''भूलभूमि''इसी मुख्यभूमि पर उपस्थित कार्तिक''भूलभूमि''इसमें भी दिखती है. लेकिन इस समय में कियारा अडवाणी का उपस्थित होना बहुत छोटा है।	समाचार के अनुसार''सिंघम''इस फिल्म में मुख्यभूमि पर''इसमें''इस फिल्म का मुख्यभूमि पर''इसकी आ रही है, लेकिन ''इसकी संख्या में भी बहुत समय से कम हो गया है।
1	स्त्री रहित	छोटा
7	पराला से लौटकर मुख्यमंत्री ठियोग क्षेत्र की आलू बन गयी।	परसों से आंध्र प्रदेश के मुख्यमंत्री ने क्षेत्र में कार्रिल-पवाई शुरू की।
6	अब असम सैनिकों का प्रयाणगीत बदलूराम के नाम पर है।	अब असम सैनिकों का प्रयोग''सिंपरिक मंदिर में नामित है।
1	पानी	जल
6	नीरज -वे दोनों क्या कर रहे हैं ?	नीरज - वे दोनों क्या करते हैं ?
3	हमारी सखी पर दोष आयेगा।	नदियाँ
5	वह नदी से जल लाता है।	वह नदी नहीं लाता है।
3	बहुत स्वादिष्ट होती है।	बहुत स्वादिष्ट होता है।
19	यह सुझाव दिया गया है कि यह पात्र अतीत के किसी व्यक्ति की ऐसी तस्वीर छापने वाला पहला व्यक्ति है। फोटोग्राफर को गुस्से भरी नजरों से देखते ट्रंप की एक तस्वीर जेल अधिकारियों ने दोबारा निकाली.	पूर्व दिशा में पहले हीराभक्ति नाम का नाम 'अराधा' नाम से चित्रित हो रहा है। कुछ चित्रों को देखने के लिए बाबर और दो सौ से अधिक सैनिक के पास आया।
13	कुछ नेताओं ने समागम में यह भी कहा कि पिछले सप्ताह दर्ज मामले अभी भी निवृत्त नहीं हैं।	पूर्व सरकार ने पूर्व सरकार को निलंबित कर दिया है कि कुछ मामले के बारे में कुछ भी जानकारी नहीं दी गई है।
6	क्रोध से उत्पन्न होता है मोह और मोह से स्मृति विभ्रम। स्मृति के भ्रमित होने पर बुद्धि का नाश होता है और बुद्धि के नाश होने से वह मनुष्य नष्ट हो जाता है।।	जो पुरुष अपने कर्म में आसक्त होकर, जन्म और आसक्ति को त्याग कर लेता है, वह योगी पुरुष अपने मन को प्राप्त करता है।।
11	इस तरह से सभी उत्पादों की पढ़ाई से स्पष्ट हो जाता है कि''पुराण''इसका वर्णन प्राचीन काल से सम्बद्ध है।	इस प्रकार सभी सेनाओं का नाम उपलब्ध है कि''विधाणु''इससे प्रसिद्ध भारत का विश्वरूप है।
8	संगीता रेलमार्ग, नन्दिनी नैथानी कार्यक्रम के संयोजक के रूप में थे।	संस्थान के वैदिक मंगलाचरण और अतिथि भी उपस्थित थे।
8	उन्होंने कहा कि अयोध्या में भव्य राम मंदिर बन गया है।	उन्होंने कहा कि अयोध्या में राम मंदिर का निर्माण किया गया है।
12	जो मनुष्य अधिक पैदल चलता अथवा यात्रा में रहता है, वह जल्दी बूढ़ा हो जाता है। यदि घोड़ों को हर समय बांधकर रखा जाएगा तो वे भी जल्दी बूढ़े हो जाते हैं। स्त्रियों से यदि संभोग न किया जाए तो वे जल्दी बूढ़ी हो जाती हैं। इसी प्रकार मनुष्य के कपड़े धूप के कारण जल्दी फट जाते हैं अर्थात धूप उन्हें जल्दी बूढ़ा कर देती है ।	जो मनुष्य मनुष्य अपने लिए गुणहीन है, वह धनहीन है, घर में रहने पर भी दुष्ट व्यक्ति है, वस्त्र के समान है, विषों का धन भी सुशोभित रहता है, परंतु दुष्ट व्यक्ति के पास ही नष्ट हो जाता है।
7	वह वहाँ चुपचाप बैठा है, कुछ भी नहीं बोल रहा है	वह वहाँ चुप ही है, इसलिए कुछ भी नहीं बोलता है।
1	जिसे अर्थ का ज्ञान नहीं है	बिना
4	विशाखा अपने कान पर झुमका लगाती है।	विशाखा - अपना दूध साफ कर रहा है।
2	पानी पीती हैं ।	जल पीते हैं।
16	राज्यपाल ने कहा कि सरकार ने युवाओं को अपने जीवन के अवसर देने और उद्यमशीलता को प्रोत्साहित करने के लिए 2023 का राजीव गांधी स्वरोजगार योजना का आयोजन किया है।	राज्यपाल ने कहा कि युवक विभिन्न जीवनओं को अपने जीवन के लिए बढ़ावा देने के लिए सरकार ने स्वरोजगार के लिए एक शिमला शहर का निर्माण किया है।
6	सुबह तीन बजे वह सोया।	सुबह उन्होंने तीन बजे सोया।
8	अभी मैं अपने पिता की राजधानी अयोध्या लौटाऊँगा।	अभी मैं मेरे पिता के पिता को अयोध्या पहुँचूँगा।
5	उसने मेददेव की स्वप्न में तोड़ दिया।	उसने मेरुरुस ब्राह्मण को देखकर खुश किया।
12	सहितस्य भावः इति साहित्यम् अर्थात् जिसमें संसार का हित निहित है वह साहित्य है।	साहित्य के द्वारा ही साहित्य का ज्ञान है, जिसका साहित्य साहित्य साहित्य साहित्य का है।
4	संदीप कहाँ जाता है ?	संदीप कहाँ जा रही है ?
4	आप कहाँ रहते है?	आप कहाँ रहती हैं ?
10	विद्वान कहते हैं की शिक्षा, व्याकरण, छन्द, निरुक्त, ज्योतिष, कल्प वेदों के छः अंग होते है।	शिक्षाशास्त्र के अध्ययन से, नीति, पुराण, पुराण, पुराण, पुराण, पुराण, अग्नि, पुराण, अग्नि, भस्मादिक, ज्योतिष, ज्योतिष, ज्योतिष, ज्योतिष, पुराण, पुराण, पुराण, रस, पुराण, पुराण, पुराण, पुराण, पुराण, उपवेद, उपवेद, उपवेद, उपवेद, उपवेद, पुराण, उपवेद, उपवेद, उपवेद, पुराण, पुराण, उपवेद, उपवेद, उपध्या, पुराण, उपव, पुराण, उपभाभम, पुराण, पुराण, पुराण, उपभाभम, पुराण, उपभाभम, पुराण, उप
3	उसने लड्डू खिलाया ।	वह लड्डू खाता है।
15	जयराम ठाकुर ने कहा कि इस लोकसभा चुनाव में भाजपा ने हिमाचल प्रदेश को हर मतदान से आगे बढ़ाने का लक्ष्य रखा है।	जयराम ठाकुर ने कहा कि इस समय भाजपा ने चुनाव के लिए हिमाचल प्रदेश में आम जनता को पंजीकरण करने का लक्ष्य किया है।
7	घटना का फुटेज अब सोशल मीडिया पर व्यापक रूप से प्रसारित हो रहा है।	इस घटना में अब आखिरी मिनट में सामाजिक सूत्रों में सूत्रों का अधिक महत्व है।
3	नन्दिनी नहीं चलेगी।	लक्ष्मण जी नहीं जाएँगे।
14	संस्कृत भारती- जनवरी, जो हरियाणा के कैथेल जिले में प्रसिद्ध है, ने दिनांकित जनवरी सुबह तक भाषा प्रशिक्षण वर्ग का आयोजन किया।	संस्कृत-अकादमी के उत्तर प्रदेश के श्री विश्वनाथ जिले के श्री विश्वनाथ मंदिर में जनवरी को श्री राम मंदिर में आयोजित किया गया, आज सुबह 11 बजे तक आचार्य पद पर आयोजित किया गया।
11	रावण बोला अयोध्या के अधिपति राजादशरथ का बड़ा लड़का सत्य पराक्रमी राम हे ॥	वह राजा लक्ष्मण के साथ श्रीरामचन्द्रजी के पास दौड़ा और वह श्रीरामचन्द्रजी के साथ श्रीरामचन्द्रजी के पास दौड़ा ॥
8	ऋषियों के द्वारा वेद मंत्रों की व्याख्या, समीक्षा और भाष्य किया जाता था।	ऋषिदेव के वेदों के आधार पर, वेदों के आधार पर और प्रणाम किया जाता था।
1	मित्रता की।	पुत्र
13	एक बनिये का लड़का - अपनी स्त्री के स्तनों को, दूसरे को दबाते हुए अपने आँखों से देख कर जैसे दुःखी हुआ था, वैसे ही तुम लोग भी दुःखी होगे |	कोई भी मित्र (अच्छा से) मित्र के पास जाकर जिस प्रकार कुन्ती के पास जाकर (अरे) की पत्नी (क्यों को) से (क्यों के लिए) अधिक शान्ति (बुरा लिया जा सकता है)
12	दुबई के वैश्विक पर्यावरण सम्मेलन में दिया गया है, भारत लगातार पांच साल से शीर्ष दस देशों में से एक है।	राष्ट्रपति ने विश्वतंत्र राष्ट्र दिवस पर भारत के अनुसार, भारत के पाँचवें वर्ष में भारत-भारत-बल-संध-संधवनों में एक है.
11	मुख्यमंत्री सुखविंदर सिंह सुक्खू ने यह अतिरिक्त सोमवार को हिमाचल में छुट्टी की घोषणा की।	इसके अलावा मुख्यमंत्री सुखविंदर सिंह सुक्ख ने सोमवार को भी विधानसभा के छुट्टी की घोषणा की।
5	उनका प्रेणादायक प्रवचन मैंने सुना था।	उनके लिये प्रयास करने के लिये मैं आना था।
4	उनके गुरुकुल में कन्याएँ पढ़ती हैं ।	उसकी गुरु का पति गाना पढ़ती है।
8	मैं मेरी पत्नी के साथ बात कर रहा था।	मैं मेरे हाथ में बात कर रहा था।
9	आज समस्त संस्कारों में मनुष्य विद्वत्तारहित है, अनेक प्रकार के सुख-दुःख और वर्धमान दिखाई पड़ते हैं।	आज सभी मनुष्यों को मानने के लिए मनुष्य और मनोसंग से विचलित नहीं दिखते हैं।
8	नए नियमों में उन्मत्त लोगों की हत्या के संदर्भ में मृत्युदंड की व्यवस्था की गई है।	नए नियमों में विशेषज्ञों की सुरक्षा के लिए कठिन नियम है।
7	उसने सोचा- ये बेचारे पुस्तक के दास वहीं रुकें	वह बिना ही मैंने कहा – "मैं बिना पुस्तकालय में पढ़ने में समर्थ हूँ।
5	अमेरिका में भी संस्कृत भारती का कार्यालय है।	संयुक्त राष्ट्र के संस्कृत में भी वार्षिक पुरस्कार है।
6	तुम किस कारण धन नहीं देते हो?	किस कारण से तुम धन देते हो?
3	क्षमाशील मनुष्य अपने सब कार्य सिद्ध कर लेता है।	मनुष्य अपने आप कर्मों को धारण करता है।
6	आश्चर्य नहीं करना चाहिए, क्योंकि पृथ्वी बहुत रत्नोंवाली है।	इस प्रकार कोई भी विद्वान् नहीं है।
10	मैं उन ऋक्षा वानरों को भी फिर से निकालते हुए और बड़े बलशाली पुरुषों को देखना चाहता हूँ।	मैं उन राक्षसों को भी देखा और फिर भी शिल्पों को शिपा करने के लिए उद्यम कर रहा हूँ।
5	सभी बच्चे माताओं के साथ खेलेंगे।	सभी बच्चों के साथ खेल करेंगे।
14	हे जटायु ! मेरी सुमुखी भार्या सीता को कौन ले गया है ? उसे बताओ। अहो! तुम मेरे कार्य के लिये मारे गये। अतः अवश्य ही तुम मेरे प्रिय बन्धु हो" ॥	हे प्रभो! आप मेरी आज्ञा के लिये पुत्र हो, तुम मुझे पति हो, तुम मुझे पति और पुत्र हो, तुम मुझे पति के साथ मिलकर मेरा प्रिय कार्य करो ॥
6	आठवें दिन फल को हिमाचल प्रदेश से जाना जा सकता है।	आठ तारीख को हिमाचल प्रदेश के फल के साथ फल देने में सक्षम हो सकता है।
6	ये ही मिलकर या अलग-अलग हमारे पर्यावरण को बनाते हैं।	मनुष्य को निर्बलों के लिए किसी प्रकार का पर्यावरण का प्रयोग करते हैं।
4	फल और छाया से युक्त महान वृक्ष सहारा लेने योग्य होता है।	दान के बिना फल की पूर्ति करना चाहिए।
9	यह समूह स्वकीया पत्रिका गुरुत्वा के नाम पर प्रकाशन करेगा।	यह निर्णय अपने घर में प्रकाशित होने वाले गुरु के नाम से इस्तीफा देाने के लिए एक सुगम वर्ग का प्रकाश होगा।
8	जिलाधिकारीओं और संकुल के उत्कृष्ट विद्यालयों के निर्माण के लिए प्रारंभिक रिपोर्ट जारी करने के लिए कहा गया है।	जिला समन्वयक और जिला स्कूलों में भाग लेने के लिए एक नई स्तरीय बैठक के लिए कहा गया।
14	शंकर ने प्रसन्न होकर अर्जुन को पाशुपतास्त्र देकर मनुष्यों में उसका प्रयोग प्रतिबंधित किया जाएगा ऐसा कहा।	बलवान हनुमान ने कहा, "यह मनुष्य सत्कार के कारण, उसकी मृत्यु के कारण, उनके द्वारा बल का प्रयोग किया जाएगा।"
4	नाम बदल कर लिख रहा हूँ	नाम बदलकर लिख रहा हूँ।
4	पति - खाएगा ।	पति - खाएगा।
6	तो अब मैं विद्या प्राप्त करने के लिए गुरुकुल जाता हूँ। (प्रणाम करता हुआ चला जाता है)	विद्या के द्वारा विद्या की प्राप्ति के लिए गुरुकुल जाता हूँ।
10	अगर तुम ऊंचा बोलता है तो मैं तेरी बात सुन सकता हूँ।	यदि तुम उच्च उच्च उच्च उच्च दोनों के बारे में बोलता हूँ तो मैं तुम्हें भाषण दिया जा सकता हूँ।
17	विडम्बना है कि पारे को प्राप्त की आधुनिक पद्धति इस पुस्तक में देने का ही संस्कार है, केवल आधुनिक साधनों के साथ ही ..... यह बहुत महत्वपूर्ण है।	पटल है कि आधुनिक स्तर पर आधुनिक पुस्तक की पुस्तक का ही पालन किया गया है, इस समय आधुनिक तौर पर केवल आधुनिक तौर पर बहुत महत्व पर बहुत महत्व है।
7	राम के साथ लक्ष्मण भी वन को गया था।	राम के साथ लक्ष्मण भी वन गया था।
3	क्या वह खेल रहा है?	क्या वह खेलता है?
1	दुःखी होना	उसको
7	गिरफ्तारी अभियान में सात जिलों के सैकड़ों आरक्षकों ने भाग लिया।	सात जिलों में आने वाले लोगों ने पंजीकृत लोगों को अधिक संक्षिप्त बनाने का आह्वान किया।
5	सत्य का प्रचार बहरे कानों को भी खोल देता है।	ऋचाचार्यओं के द्वारा चुराया जाता है।
1	अपराध	हथियार
5	दुर्गावती का विवाह किसके साथ हुआ?	दुर्गावती पिता का विवाह किसका हुआ?
1	अतिशय	अधिक
8	क्षमा करियेगा , मैं वो काम भूल गया / भूल गई।	क्षमा करियेगा , मैं वो काम भूल गया।
4	आपकी पुस्तक.... ऐसी ही ।	आपका पुस्तक पुस्तक ऐसा है।
6	दक्षा – मैंने तो आधा याद किया।	दक्षा – मैं तो नौ बजे थी।
2	वह कौन है?	वह कौन है?
4	उन्होंने वेदों का अध्ययन किया है।	वे वेद पाठ की पढ़ाई में।
9	इसके पश्च्यात स्थूल भूतों से विराट् उत्पन्न हुआ और विराट् पुरुष से यह सम्पूर्ण स्थावरजंगम संसार प्रकट हुआ ॥	तब उस समय श्री राम ने भी समस्त पात्रों के साथ अग्नि, जटादि और चरादि आदि विविध शरीर धारण किये हुए हैं, तथा फिर उस समय वह सरोवर के समय श्रीहरवैचि नामक वृक्ष पर स्थित हो गया ॥
12	परन्तु रावणकरमुक्त होकर वह महान् शूल ने रामकार्मकुन्तला समेत सभी बाणों को पक्षियों की तरह जला दिया।	परन्तु रावण ने रावण के साथ रावण के बाणों को दूर कर दिया और राघव के बाणों से बाणों से बाणों से गिराया।
10	मतदान के बाद सभी मतपेटियों को दिल्ली ले जाया जाएगा और मतपत्रों में फेरबदल किया जाएगा और बुधवार सुबह 10 बजे से गिनती की प्रक्रिया शुरू होगी.	मतदान के बाद, दल ने सभी दिल्लीों को आ जाने के लिए पांचवें मतदान पत्र जारी किये हैं।
6	नहीं समझ आ रहा है कि आज शब्द कहाँ गए।	नहीं समझते हैं कि आज शब्द कहाँ है।
4	वहां कौन पढ़ रहा है।	वहाँ कौन पढता है ?
13	परन्तु उसी समय कृपापात्र ने अत्यधिक चातुर्यपूर्वक दुर्योधन के साथ रथ पर चढ़कर उसके प्राणों की रक्षा की।	परन्तु उस समय बहुत परिश्रम के साथ बहुत शक्तिशाली वीर बलशाली बलशाली उस पर आश्रित हुए।
5	अभिनय से पहले वह अभ्यास करता है।	अभिनय से पहले वह अभ्यास करता है।
6	मैं रात को तुम्हारे पास आऊंगा।	मैं रात में तुम्हारा पास आऊँगा।
10	जनजागरण संस्थान धर्मशाला अब हिमाचल प्रदेश के केंद्रीय विश्वविद्यालय के धर्मशाला के विषय में विवादास्पद हो गया है।	ज्योतिष मंत्री ने अब राज्य में धर्मशाला में हिमाचल प्रदेश के निवेशकों के बारे में चर्चा की।
1	(रूट) स्थिर बनाने के लिए अचेत करने के लिए	हिंसा करना
19	उस आयोग के अन्य सदस्यों में भगवान सहाय, एस चक्रवर्ती, एमएल धर, एमवी माथुर, जी पार्थसारथि और अन्य प्रमुख हैं।	उनके आयोग ने अन्य सदस्यों के लिए सुरक्षा व्यवस्था, चक्रसेना, बल, बल, बल, बल आदि प्रमुख, त्यागियों, प्रमुख, प्रमुख, लोगों, लोगों, और लोगों ने भी मतियों को भी दिया।
5	उसने अपना वाहन तेज चलाया ।	वह उसके वाहन चला गया।
5	उनका सात्विक स्वभाव सबको पसंद आता है।	उसकी सास में सफाई सबको पसंद है।
8	वह मित्र पूछता है –कहाँ नियुक्ति पाई ?	वह मित्र –मैं कहाँ से आयी।
8	अखिलेश खान ने अपने अग्रिम फिल्म का भी चित्रिलन प्रारम्भ किया।	पहुंचे हुए अपने पूर्वim फिल्म और फिल्म का शूटिंग भी शुरू किया गया।
9	मंदिरन्यास ने स्थल का चयन कर अब आगामि कार्य योजना को अंतिम रूप से तय किया है।	मंदिर की राजधानी की रिपोर्ट और अब तक लोक निर्माण विभाग के रूप में अंतिम रूप से शुरू हो रहा है।
4	नागेन्द्र घर के बगीचे में आम उगाता है	नदी के आँगन में एक बेलचहरी बजाता है।
8	कार्यक्रम की शुरूआत दीप प्रज्ज्वलन से हुई, और अतिथियों को सरस्वती पूजा से हुई।	कार्यक्रम का समापन दीप प्रज्ज्वलन, सरस्वती सरस्वती सरस्वती और सरस्वती सरस्वती सरस्वती सरस्वती जी ने किया।
4	यह पुस्तकें चुराता है।	यह पुस्तकें चबा रही है।
13	ऐसा सोचकर दूसरी ओर देखते हुए एक चिड़े (पक्षी) को चोंच से घास-तिनके आदि उठाते हुए देखा। वह (बच्चा) उस (चिड़े) से बोला	ऐसा सोचकर वैसा ही कुत्ता ने घास खाकर एक पात्र को खाकर एक पात्र को देखा और कहा- “मैं तुम्हारे पास रख दिया।
8	राजा बोला- हे मनुष्य तुम नहीं जानते मैं कौन हूं।	राजा ने कहा- हे मनुष्य ! मैं कौन नहीं जानता, तुम कौन नहीं हो ?
3	क्षमाशील मनुष्य अपने सब कार्य सिद्ध कर लेता है।	मनुष्य अपने आप कर्मों को धारण करता है।
8	जब वह हृदय के स्थान पर ही रहता है तब नामरूपी फल मिलते हैं।	जब वह शान्तियाँ ही दिव्य नाम के लिए नाम का आचरण करते हैं।
9	रघुनाथपुर विश्व हिंदू परिषद के प्रांत अध्यक्ष लेखराजा को निमंत्रण देने के लिए कुल्लू में रघुनाथपुर पहुंचे।	महादेवपुर के विश्वनाथ मंदिर के मुख्यमंत्री के लिए अभिषेक के लिए उन्होंने भव्य रूप से अयोध्या में भगवान श्रीराम को मार्ग का निर्माण किया।
10	(इसी समय बाघ और चीता भी नदी के जल को पीने के लिए आ गए, इस विवाद को सुनते और बोलते हैं)	इसी बीच एक ही चित्रों के बीच नदी के किनारे भी जल लगाकर एक क्षण बन गया।
4	यह किसका चित्र है?	यह किसका है?
22	शिक्षा विभाग के अतिरिक्त मुख्य सचिव के.के. पाठक ने स्कूलों में अध्ययन के समय सुबह 10 बजे से शाम 4 बजे तक शाम 5 बजे तक परिवर्तन के आदेश पर आपत्ति व्यक्त की।	मुख्यमंत्री अखिलेश कुमार ने शिक्षा विभाग के सचिव के रूप में मुख्य सचिव के रूप में सुबह 10 बजे से शाम बजे तक 10 बजे तक 4 बजे तक स्कूलों में बजे बदल दिया।
11	उन्होंने कहा, "इस समारोह के लिए मुझे विश्वास नहीं है"।	उन्होंने कहा कि इस आयोजन के लिए मेरे लिए विश्वास नहीं हुआ है।
7	विवाह में रेलमार्ग से हॉलीवुड तक तारे भी प्रदर्शन करेंगे।	विवाह के अनुसार, बस की दूत भी प्रदर्शन करेंगे।
6	नहीं, मैंने रेगिस्तान नहीं देखा।	नहीं, मैंने समुद्र में मगरमच्छ नहीं देखा।
4	फ्रांस लगातार दूसरी बार फाइनल में.	एशियाई स्तर पर दूसरे बार ही मैच का अंतिम स्तर मनाया गया।
7	आज तो उसके घर मांगलिक काज हो रहा है।	आज तो घर में तो एक संधि है।
10	विपक्षी नेता जयराम ठाकुर ने कहा कि बगीच स्कूल के वार्षिक कार्यक्रम में मुख्य अतिथि के रूप में बुलाया गया था।	जंगला में आयोजित वार्षिक कार्यक्रम में मुख्य अतिथि के रूप में कहा गया था।
14	मंत्री वी एन वसावा ने कहा कि मल्लिका साराभाई सामाजिक परिवर्तन के लिए साहित्य और कला को प्रयोग के स्तर पर लाने के लिए प्रतिबद्ध हैं।	उन्होंने कहा कि सामाजिक स्थिति के लिए सामाजिक जिम्मेदारियों को सशक्त करने के लिए एक न्याय है और उन्होंने कहा कि वह संसद के विकास के लिए कानूनी संबंधित है।
2	देख हाथी और सिंह की लड़ाई।	देखना यह है।
9	वहाँ चतुर्दश वर्ष की उनके अध्ययन के लिए राजेन्द्र अध्यापक जी के संस्कृत स्कूल में नाम दर्ज किया गया।	वहाँ वर्ष की शुरूआत उसके लिए उनके लिए संस्कृत शिक्षकगण ने एक दिव्य भाषा का नाम प्रस्तुत किया।
7	पोता - यहाँ आवाज़ कभी नहीं होती है ।	पोता - यहाँ शोर नहीं होता है।
4	बच्चे के मुँह पर फुंसियाँ हो गई हैं।	बालताल में मुँह का पत्ता टूट गया।
11	दो नाबालिगौ समेत पचास लोग देश में शरण प्राप्त कर केवल फ्रांस में ही खड़े थे।	दोनों नड्डा से कम हो गए, देश के लोग देश में ही छठेगर पर रह गए।
4	वह माँ के पास जाता है।	वह माँ के पास जाता है।
4	विशाखा अपने कान पर झुमका लगाती है।	विशाखा - अपना दूध साफ कर रहा है।
4	माँ कैसे उतरती है ?	माता कैसे उतरती है ?
7	सनकादि पार्षद गण उनकी स्तुति करते हुये इन्हें चारो तरफ से घेरे हुए खड़े थे और शंख, चक्र, गदा, पद्म तथा वनमाला के साथ श्री हरि सुशोभित हो रहे थे ॥	जिनके चरण कमलों से सुशोभित, यमुनाजी के समान प्रकाश से युक्त, कमल धारण किये हुए, जिनके मस्तक पर प्रकाशमान, जिनके प्रकाश से युक्त, जिनके प्रकाश से, कमल के समान सुन्दर सुन्दर सुन्दर सुन्दर सुन्दर सुन्दर सुन्दर सुन्दर सुन्दर सुन्दर सुन्दर सुन्दर सुन्दर सुन्दर सुन्दर सुन्दर सुन्दर, नित्य सुन्दर, नित्य सुन्दर, नित्य सुन्दर, नित्य सुन्दर, नित्य युक्त, नित्य सुन्दर, नित्य सुन्दर, नित्य सुन्दर, नित्य सुन्दर, नित्य सुन्दर, नित्य सुन्दर, नित्य सुन्दर, नित्य सुन्दर, नित्य सुन्दर, नित्य सुन्दर, नित्य सुन्दर, नित्य सुन्दर, नित्य सुन्दर, वाली, वाली, वाली, वाली, वाली, लक्ष्मी, लक्ष्मी, लक्ष्मी, लक्ष्मी
6	राज्य सरकार ने हिमाचल प्रदेश के आरक्षण अधिकारियों को भरने का फैसला किया है।	राज्य सरकार ने हिमाचल प्रदेश के पुलिस अधिकारियों को प्रतिबंध लगा दिया है।
12	कैबिनेट ने लोक निर्माण विभाग का मेरालीगखंड को अर्की विभाग से सोलन विभाग में लोगों के सुविधा में स्थान देने का भी निर्णय लिया है।	मन्त्रिमण्डल ने वित्त विभाग के निर्माण में मेइब्रॉन जिले के लोगों को करोड़ रुपये के लोगों को कवर पर देने के लिए एक अन्य लोगों को भी निर्णय लिया है।
6	बर्फबारी और भारी बारिश के कारण जिले में ठंडी लहर बढ़ी है।	बर्फबारी और वर्षा से लाहौल की कीमत बढ़ गई है।
5	पाँच मिनट तक दोनों ने विश्राम किया।	पाँचवीं कक्षा में दो मिनट तक हुआ।
1	सामग्री होश के साथ संपर्क से	एक साथ भी
3	चाचा चाची नहीं हैं ।	माँ भाई भाई नहीं है।
1	लंगड़ाना	भूख
8	उससे स्वयमेव सत्कर्म होगे जैसे बादल वर्षा करते हैं।	उसी प्रकार अपने कर्म के लिए जल भरते हैं जैसे जल गिरते हैं।
6	ऐसे एक आपका ही निरन्तर अनुसरण करता हुआ अन्य सब मनोरथोंसे सर्वथा रहित और आपका ही ऐकान्तिक नित्यदास होकर मैं इस जीवनको सनाथ मानता हुआ कब आपको सन्तुष्ट करूंगा	आप ही इस प्रकार के द्वारा अपने चरणकमल के बाहर रहते हैं, उसी प्रकार आप दोनों के द्वारा अग्नि के तट पर प्रकाशपूर्वक हैं। आप ही जगत् के तट पर स्थित हैं। आप ही जगत् के समान श्यामवर्ण से उत्पन्न हुए हैं। इस प्रकार के द्वारा मैं आपको नमस्कार करता हूँ।
5	तुम्हारी बहन की क्या उम्र होगी ?	आपका क्या नाम है ?
9	ऊर्जापूर्ति-समस्या से ग्रस्त जापान का चंद्रमा-लैंडर ने सप्ताह के बाद फिर से प्रक्षेपण शुरू किया।	जापान के जासून-हांचह-हांचह अंतरिक्ष यान के बाद चंद्रमा-हांच दिन से फिर से शुरू हुआ।
6	मैं घर पर उसे छोड़ कर आ गया।	मैं घर में ही नींद आई थी।
25	श्री मोदी की अध्यक्षता में केंद्रीय मंत्रीमण्डल ने अंतरिक्ष क्षेत्र में प्रत्यक्ष विदेश नीति कीशोधन के लिए मंजूरी प्रदान की है इस तरह, उपग्रह का उपक्षेत्र हर क्षेत्र में प्रत्यक्ष विदेश निवेश के लिए परिभाषित किया गया है।-उन्होंने तीनों समितियों के साथ अलग-अलग कार्यों में विभाजित किया है।	श्री मोदी ने नई दिल्ली में केंद्रीय सूचना प्रौद्योगिकी-अपराजलि प्रौद्योगिकी-अधान-देश के साथ-संकल्प-संकल्प-संकल्प-संकल्प के क्षेत्र में इस क्षेत्र में जम्मू-कश्मीर के निर्माण के लिए विशेष रूप से प्रत्येक क्षेत्र में यह विस्तार व्यक्त करने के लिए जोर दिया है।
5	मेरा संकल्प – मैं मतदान अवश्य करूँगा	मेरा संकल्प मैं अवश्य लिखूँगा।
6	शायद वह संस्कृत के विकास के लिये काम करेगा	कभी संस्कृत के विकास के लिये वह काम करना चाहता है।
6	परमेश्वर , उसकी आत्मा को शान्ति दें ।	परमेश्वर , उसका मन मन मन शान्त करता है।
4	दादीजी के लिये कुर्सी लेता है	दादीजी के लिये कार लेता है।
5	फिर देखने के समय नए मतदाता पंजीकृत हो गए।	फिर से जापान के नए मतदाता पंजीकृत हुए।
1	मिर्ची	टिकट
9	इस ऐतिहासिक दृश्य में पूरा शहर फूलों, प्रकाश और दीवारों के चित्रों से सुशोभित है।	इस ऐतिहासिक ऐतिहासिक परंपरा के सभी जिलों में पुष्पकला के चित्रों का संग्रह किया जा रहा है।
8	गुण और कर्मों के विभाग से चातुर्वण्य मेरे द्वारा रचा गया है। यद्यपि मैं उसका कर्ता हूँ, तथापि तुम मुझे अकर्ता और अविनाशी जानो।।	हे भरतश्रेष्ठ ! मैं तुम्हारे गुणों का संयोग हूँ, उनके द्वारा भी उनके द्वारा इस भाव को त्याग लिया गया हूँ।।
10	वनवासियों के प्रिय राम आदि रथपर चढ़कर ही वन को जायेंगे। ऐसा कह ये सीता और लक्ष्मण के सहित राम को देखकर दुःख से पृथिवी पर गिर पड़े और आँखों में आँसू भरकर रोने लगे। तब रामजी के देखतेदेखते शीघ्र ही सीताजी रथ पर चढ़ीं ॥	यह कहकर वह वनवास करने के लिए वन में चले गये और वन में चले गये। उस वन में राम को देखकर श्रीरामचन्द्रजी ने श्रीरामचन्द्रजी के पास जाकर श्रीरामचन्द्रजी के चरणों में बैठाकर श्रीरामचन्द्रजी के पास आये ॥
42	''संस्कृत बालगीतक सम्मेलन का''सनीपत के ऋषिहुड विश्व विद्यालय के राष्ट्र स्कूल ऑफ पब्लिक लीडरशिप के अध्यक्ष संस्कृत शिशु मनोविज्ञान मंत्री प्रो. एस.के., यहीं दिल्ली के राष्ट्रीय संस्कृत हैं-संस्थान का अकादमिक व्यवहार-शिष्यकल्याण विभाग के अध्यक्ष एवं वरिष्ठ संस्कृत सुभाष प्रो. एस.के. नेबलमाली विश्वाल ने सारस्वता अतिथि के रूप में उपस्थित होकर कवियों का उत्साह बढ़ाया।	''संस्कृत अकादमी बालगीत''उत्तर प्रदेश के अध्यक्ष स्वामीगाराईईईईई ने संयुक्त राष्ट्र के छात्र जगनीईई संस्कृत विद्यालय के संयुक्त तत्वावधान में संस्कृत विज्ञान विभाग के संयुक्त तत्वाधान में संस्कृत विज्ञान विभाग के अध्यक्ष डाॅश्री युवराज कुमार शर्मा ने संस्कृत भारती के प्रचार-विश्वविद्यालय के कुलपति के रूप में कार्यक्रम का उद्घाटन किया।
8	वहाँ महिलाएँ छपाई, टाइप और लकड़ी की कलाकारी आदि का प्रशिक्षण भी लेती थीं।	वहाँ अग्निदास जी जी के लड्डू-पैस-कॉलेज में भी उपस्थित थे।
3	आप भोजन करिये।	आप भोजन करिये।
6	मामा – तुम माँ की चिन्ता कर रहे हो।	माता – तुम ही माँ से चिन्तन कर रही हो।
3	स्वच्छता सबको पसन्द है।	स्वच्छता सबको पसंद है।
12	श्रीनन्दनन्दनके चरणारविन्दोंमें धीरे-धीरे उसी (भगवन्नाम ही ) - का उच्चारण कर ।।	हे प्रभो! आप मुझे न तो श्री हरिमानजीजी के समान ही हैं, न तो मैं तुम्हें ही नमस्कार है। अतः आप ही इस प्रकार का ही भजन कीजिये ॥
5	उसके साथ गुड़ भी था।	उसके साथ गुड़ भी थी।
9	चन्दन – सखियों के साथ ! मेरे साथ नहीं (दुःख का अभिनय करता है)	चन्दन – अरे! मेरे साथ मैं नमन करता हूँ।
5	देवांग उस वृद्ध को मार्ग दिखा रहा है	देवांग उस वृद्धा को मार्ग में बोलता है।
3	मुख में गीलापन नहीं है।	मुँह का मुँह गीला नहीं है।
10	वह सीता मैथिली, वैदेही, द्रौपदी, पाञ्चाली, येज्ञसेनी इत्यादि अनेक नामों से विख्यात हैं।	वह सीता – भरत, वैशाली, वैशाली, द्रौपदी, द्रौपदी, द्रौपदी, सिद्धा और अन्य लोगों के साथ अनेक प्रसिद्ध हैं।
6	मत करो , मत करो रास्ते को अस्वच्छ।	क्षमा करिये, नहीं तो रास्ता न करो।
4	चंचल ने वृक्ष के पास जाकर पूछा।	कुत्ता गरब ने वृक्ष को पूछा
19	लोकगीतों में परम्पर के साथ कार्य करने वाले बीच मार्ग से, धुन की परिवर्तन, गीता लिखना, पद्मश्री पण्डित सोमदत्त बट्ठ ने इस विषय पर चिंता व्यक्त की कि इसे व्यावसायिक रूप से स्वीकार किया जा रहा है।	प्रसिद्धतः विश्वनाथ के साथ ही परमतमतमतमतमतमता, परमतमता, परमता, दीपककत्ता, उनका परिचय दिया गया है कि उनका विषय ही अपने विषय पर है।
6	उसके पिता रत्नलाल धर्माणी सेवानिवृत्त शिक्षक हैं।	उसके पिता का मूर्ति जिले के शिक्षा शिक्षकों का है।
7	जो निःसंकोच बोलता है वह ही सफल होता है ।	जो बेचने का काम करता है वह ही सफल होता है।
7	परन्तु मैं फिर भी इस युद्ध के लिये तैयार हूँ।	परन्तु फिर भी मैं युद्ध के लिये युद्ध करना चाहता हूँ।
9	अनुराग ठाकुर, इस निर्णय के लिए प्रधानमंत्री नरेंद्र मोदी, केंद्रीय रेल मंत्री अश्विनी वेष्णव ने आभार व्यक्त किया।	अनुराग ठाकुर ने इस निर्णय में प्रधानमंत्री नरेंद्र मोदी, केंद्रीय मंत्री अनुरागगोयल ने केंद्र के उद्घाटन समारोह में धन्यवाद व्यक्त किया।
8	एक मिनट की भी देरी होती तो मैं निकल जाता ।	एक बार भी मैं भी दरवाज़ा गया।
4	आप क्या ढूंढ रहे है ?	आप क्या कर रही हैं ?
4	भारत की दो प्रतिष्ठा क्या हैं?	भारत के दो कौन से दो स्थान पर हैं?
8	कोई- कोई अपने देहके भीतर चित्ताकाशमें विराजमान प्रादेशमात्र ( बित्ताभरके ) चतुर्भुज पुरुषको, जो शङ्ख, चक्र, गदा और पद्म धारण किये हुए हैं, धारणाद्वारा स्मरण करते हैं	कोई भी पुरुष अपने हृदयमें प्रकट हुए, जो लोग, जो किरीभका चरणकमलको धारण किये हुए हैं, जो कि वह दिव्य नेत्रसे ही सुन्दर हैं, जो कि शरीरको दूर कर देता है, वह परमपुरुष कृष्णचन्द्रको उड़ाकर सुन्दर होकर सुन्दर शरीरको प्राप्त कर देता है ॥
12	पिछले साल मानसूनर्ती राज्य में प्राकृतिक विपत्ति हुई थी, उसके बाद सरकार ने बड़ा निर्णय लिया।	पिछले साल, मानने वाले लोगों ने राज्य में राज्य सरकार को आपदाएं दीं, इससे उन्हें राज्य सरकार ने इस निर्णय दिया है।
26	गौरतलब है कि इससे पहले एचएससीए द्वारा सरकारी प्राथमिक पाठशाला रेडेंडर, मंडी द्वारा स्वीकृत थी और वहाँ मूलभूत सुविधाओं को मजबूत करने के साथ विद्यार्थियों को विज्ञान के क्षेत्र में अपनापन करने के लिए प्रोत्साहित किया गया था।	गौरतलब है कि पूर्व माध्यमिक विद्यालय के पूर्व स्कूलों में सौर परीक्षा के लिए, माध्यमिक विद्यालय के साथ, हमीरपुर के विकास के लिए, हमीरपुर के लिए, हमीरपुर के विभिन्न स्कूलों के साथ छात्रों के साथ विकास के लिए, विकास के लिए, छात्रों के लिए, विकास के लिए, छात्रों के लिए, विकास के लिए, छात्रों के लिए, अपने योजनाओं के साथ, अपने योजनाओं के साथ, स्वास्थ्य के लिए, स्वास्थ्य के लिए, अर्थ के लिए, अर्थ के लिए, अर्थ के लिए, अर्थ के लिए, संरक्षण के लिए, संरक्षण के लिए, संरक्षण के लिए,
3	आओ मिलते हैं।	आईये , आओ।
10	इसीलिए वह कार्य पूरी तरह से छोड़ दीजिये, और प्रसन्नता के साथ पशुगण कृपया रक्षा करें।	इसलिये वह अवश्य ही अपने ही प्राण है, यह कहकर वह पशु है।
5	हाँ जी हाँ मेरे घर में घुसे।	हाँ मेरे घर में कारें हैं।
1	करना चाहिए।	बिना
6	इस प्रकार परस्पर बातचीत करते हुए देवगण स्वर्गलोक चले गये। तब श्रीरामचन्द्रजी सोचने लगे कि यह अधम राक्षस हा लक्ष्मण! इस प्रकार मेरी बोली में कहकर प्राण क्यों छोड़ा ? मेरे वाक्यों को सुनकर सीताजी की क्या दशा होगी ? ।।	इस प्रकार वे दोनों के द्वारा रचित हैं, उसी प्रकार से प्राप्त हुए, उसी (परमात्मा) को प्राप्त हुए हैं।
5	अमेरिका में भी संस्कृत भारती का कार्यालय है।	संयुक्त राष्ट्र के संस्कृत में भी वार्षिक पुरस्कार है।
6	दिव्यांग बच्चों के साथ समय बिताया।	चिकित्सक बच्चों के साथ वार्तालाप किया गया।
15	केंद्रीय मौसम विज्ञान केंद्र शिमला के अनुसार, दिसंबर को राज्य के सभी हिस्सों में मौसम साफ ही होगा।	मौसम विज्ञान केंद्र के अनुसार, शिमला के अनुसार, दिसंबर को राज्य के सभी हिस्सों में मौसम स्वच्छ रहेगा।
1	बेटा	स्वयं के द्वारा
9	सियार-यदि ऐसा है तो मुझे अपने गले से बाँधकर जल्दी चलो।	जामुन- हे! यदि यह सोचकर मेरे पास चलिये तो मुझे दूर करो।
5	इसी कारण स्वाधीनता सेनानियों के दो दल थे।	इसलिये स्वाधीनता के लिए दो सौ से ज्यादा सैनिक मारती हैं।
15	अतः व्यासदेव बोला जो भी काम करना है, उसे नारायण को समर्पण करना चाहिये क्योंकि शरीर से वाणी, मन से इन्द्रियों, बुद्धि से आत्मा का नाश हो जाता है।	उस राजा ने कहा कि जो कोई भी प्रसिद्ध कार्य करना चाहिए, जो भी श्री हरिदेवजी को प्रेम के लिए योग्य है, वह परमपुरुष के द्वारा मुक्त हो गया है।
1	रात्रि	बहुत अधिक
5	मनोहर परिक्कर जी गोवा राज्य के मुख्यमंत्री थे।	मनस्वी अतावच्छर महिला मुख्यमंत्री थे।
9	खेल मंत्री अनुराग ठाकुर ने नई दिल्ली में पहला बिम्सटेक एक्वाटिक जीती-प्रतिस्पर्धा को खोला।	खेल मंत्री अनुराग ठाकुर ने नई दिल्ली में एक दिवसीय खेल में भाग लिया-उन्होंने शपथ ली.
11	उस कन्या से पुलस्त्य नन्दन विश्रवा ने त्रिलोकी में विख्यात एक पुत्र उत्पन्न किया। वह विश्रवा का पुत्र अपने पिता के समान तेजस्वी था। ब्रह्माजी ने भी उसकी प्रशंसा की थी ॥	उस समय उस प्रकार अपने पति के पुत्र के पास ही हाथ धारण किये हुए, उस पुत्र के समान अपने पति के साथ वार्तालाप के लिये लगे ॥
5	उसके पुस्तकालय में अनेक पुस्तकें हैं ।	उसके द्वारा पुस्तकालय में अनेक पुस्तकें हैं।
8	प्रातःकाल होते ही विदेहपुर जनकपुर में पहुँच कर विश्वामित्र जी ऋषियों के निवास स्थान में ठहर गए। श्री विश्वामित्र जी का आगमन सुनकर अत्यन्त प्रसन्नचित्त जनक जी पूजन सामग्री लेकर अपने पुरोहित के साथ विश्वामित्र जी के पास आये और साष्टांग दण्डवत् कर उन्होंने श्री विश्वामित्र जी की पूजा अर्चना की ॥	इस प्रकार कहकर वह एक ही भाग्यवान व्यक्ति को लेकर दूसरे पार करने लगे। तब वह अपनी आज्ञा से वह व्यक्ति के पास दौड़कर बोली हे ॥
9	यह बात मार्च में इंटरनेशनल हैप्पीनेस डे पर प्रकाशित एक रिपोर्ट में कही गई है	2019 की शुरुआत के लिए, यह  ⁇ inininininininin में है.
1	डरे स्वर से ।	प्राप्त हुआ
14	लगभग पांच वर्ष की अवस्था वाले कृश महिलाओं ने उर्ध्वता वर्षा की, उनके आयु, परम संकल्प और स्वप्न को बहुत बढ़ाने के लिए प्रेरित किया।	शोध के लिए लगभग पांच सौ वर्ष की आयु की तुलना में मौजूद हुई और उनके द्वारा बहुत से अधिक थी।
11	वास्तव में इस रास्ते में छह मीटर तक राष्ट्रीय राजमार्ग के पास स्थित पहाड़ फिसल गया है।	वास्तव में इस रास्ते में, पांच-तीन से एक सौ तक हिस्सा लिया गया है।
19	मौत का संदेश देने वाले आईएस प्रवक्ता ने यह नहीं कहा कि अल-हुसैन मारा गया है. अबी हफ़सन अलहाशिमी को कथित तौर पर नया नेता नियुक्त किया गया है।	हमास के अमेरिकी बंधन के दौरान, अफगानिस्तान ने कहा कि चीन ने अंतरराष्ट्रीय सीमाओं में एक नई रिपोर्ट के रूप में एक नया प्रावधान किया है।
9	मैं प्रतिमाह बिजली खर्च करने में चार करोड़ रुपये का लाभ उठाऊँगा।	इसके अलावा, बिजली के वाहनों को चार रुपये का खर्च किया जाएगा।
5	बालक कार्य कर सकते हैं।	बच्चे कार्य कर सकते हैं।
6	उच्च वर्ग वाले उनका मज़ाक उड़ाते हुए कुएँ से जल निकालने के लिए मना कर रहे थे।	दोनों पक्षों को कड़कर जल भरते हैं।
9	उसने पूछा – पत्नी के साथ संस्कृत में बात करते हो ?	वह बोला – संस्कृत में बातचीत कर रही है क्या ?
16	उन्होंने कहा कि जब तक बच्चे विद्यालय जाते हैं और नहीं लौटते हैं तब तक मातापिता के ऊपर प्रभाव ही रहता है।	उन्होंने कहा कि बच्चे विद्यालय से नहीं लौटते हैं तब तक माता पिता के पास ही सुरक्षित रहता है।
9	पहले पारी में दक्षिण अफ्रीका के कायल वेरिन ने सबसे अधिक 15 रन बनाए।	पहले दिन दक्षिण अफ्रीका ने कोच्चि के कोलका में 35 रन बनाए।
3	माल रेल भी जाती है।	वाहन से भी वह भी जाती है।
1	फीस	प्याज
3	परन्तु स्मरण करके बताऊँगा।	परन्तु जल्दी से जल्दी आओ।
9	यहां भी उन्होंने सबके सामने अपने जाग रहेलोकगान स्वर का प्रदर्शन किया।	यहाँ भी उन्होंने सभी लोगों को अपने नाम से सम्मानित किया।
1	साफ़	हे प्रभो
3	आओ मिलते हैं।	आईये , आओ।
5	इस में थोड़ा सा भी पाप नहीं है।	इस का लिलका भी नहीं है।
2	इसे छोड़ दो	प्रसन्न नहीं होता
9	आज समस्त संस्कारों में मनुष्य विद्वत्तारहित है, अनेक प्रकार के सुख-दुःख और वर्धमान दिखाई पड़ते हैं।	आज सभी मनुष्यों को मानने के लिए मनुष्य और मनोसंग से विचलित नहीं दिखते हैं।
1	गांव का नायक	गाँव
3	वह अखरोट खाता है।	वह अखरोट खाता है।
7	पुराण में सम्पूर्ण ब्रह्माण्ड का वर्णन है, इसलिये इसका अभिधान ब्रह्माण्डपुराण है।	इस पुराण में सभी ब्रह्माण्ड, ब्रह्माण्ड, ब्रह्माण्ड और ब्रह्माण्ड भी विष्णु है।
4	हाँ, तुम्हारा संक्षेप का प्रश्न है।	हाँ, ठीक है, तुम्हारी बात तुम्हारा प्रश्न है।
4	रसिक के द्वारा फूल सूँघा गया।	रस उगाकर फूल उगाओ।
4	वह यज्ञ करता है	वह यज्ञ करती है।
1	इसको ।	यह
1	देखने को	देखने के लिए
9	''ब्राह्मण को नहीं मारना चाहिए'' इत्यादि उक्तांतों में ब्राह्मणत्व के जातियों का हनन असम्भव था।	''यह गुरु) मनुष्य नर्मदा के समान है''यह तपस्या के कारण ही कहा गया है, इसलिए विद्या ही (विद्वु) है।
6	स्त्रियों के लिए संस्कृत शिक्षा लगभग अप्रचलित थी।	स्त्रियों के लिये संस्कृत का उपयोग प्रायः नहीं हुआ।
7	नहीं कोई विशेष नहीं ।	सामा - नहीं , नहीं , कुछ भी
8	दुबई-शहर जाने का विषय भी यहाँ प्रासंगिक नहीं है।	उपमुख्यमंत्री-नगर के विषय में भी नया मुद्दा नहीं है।
7	मंदिरों में, धार्मिक कार्यक्रमों में, विभिन्न स्थानों पर शोभायात्रा भी हुई.	मंदिरों में धार्मिक कार्यक्रम, कार्यक्रमओं में विभिन्न स्थानों पर भी भाग लिया गया।
6	अनेक लोग घर में भोजन नहीं करते हैं।	अनेक लोग घर में भोजन नहीं करते हैं।
4	बहुत से लोग सत्संग में जाते हैं।	बहुत से लोग पैदल ही सरन्धर जाते हैं।
1	सिलाई करता है	बिखरना
7	संस्कृत (साहित्य) में विद्यमान सूक्तियाँ उन्नति के लिए प्रेरित करता हैं। जैसे-	संस्कृत भाषा के संवर्धन से मनुष्य संसार में बोलते हैं, जैसे जैसे कहा जाता है।
1	नहीं है।	नहीं है
11	श्रीपद - जघा और पिण्डलियो मे आश्रित्य मास और रक्त मे स्थित तीव्र कफ दोष, पाव मे आकर श्रीपद नामक शोथ को उत्पन्न करता है । यह शोथ मास रक्त और कफजन्य है। इसके लिये शिरामोक्षण और कफनाशक सम्पूर्ण विधि बरतनी चाहिये और सरसों का लेप करना चाहिये ।	ये सब ऋतुओं में वायु, नक्षत्र, नक्षत्र, नक्षत्र, नक्षत्र, नक्षत्र, नक्षत्र, नक्षत्र, नक्षत्र, नक्षत्र, नक्षत्र, नक्षत्र, नक्षत्र, नक्षत्र, नक्षत्र, अग्नि, अग्नि, अग्नि, वायु, वायु, वायु, वायु, वायु, वायु, वायु, वायु, वायु, वायु, वायु, वायु, वायु, वायु, वायु, वायु, वायु, वायु, वायु, वायु, वायु, वायु, वायु, वायु, वायु, वायु, वायु, वायु, वायु, वायु, वायु, वायु, वायु, वायु, वायु, वायु, वायु, वायु, वायु, वायु, वायु, वायु, वायु,
9	[मैया यशोदा बोलीं- ] अरे कन्हैया! अभी तुझे स्नान कराकर चन्दनादिलेपन किया और अभी -का- अभी तेरा शरीर धूलिधूसरित हो गया? ॥	इस समय वह सुन्दर शरीर के लिए मोटी और रंगों को भी प्रकाशित किया है, इस समय वह कृष्ण के चरणों से प्रकाशित हुआ है ॥
14	इनमें से एक विद्वान अपने शोधन के माध्यम से कुछ नयन करे या ज्ञान के आयाम को प्रकाशित करे, यही अपेक्षा है।	इनमें से अपने कर्तव्य का निर्माण किया जाता है कि कुछ ज्ञान के लिए जो ज्ञान के लिए जाता है, वह कर्म के लिए जाता है।
4	बच्चे के मुँह पर फुंसियाँ हो गई हैं।	बालताल में मुँह का पत्ता टूट गया।
9	रूमतेक-घैयालवा कर्मपा उद्यान-इस परियोजना के आधारशिलाएँ भीवर्चुअल रूप में रखींगी।	पाइपा-चोर-चैलों के उद्यान में उद्यान के उद्यान के विकास के लिए भी सलाह दी जाएगी।
4	सरोवर में शेर पानी पीता है।	ग्वाले के मुँह पी रही है।
3	उड़ना	अचानक ही
7	बाद में, मुम्बयी विश्वविद्यालय के सार्वजनिक विधि महाविद्यालय से स्नातक के पदवी को प्राप्त किया।	बाद में, मुंबई के सभी विश्वविद्यालयों के सभी सदस्यों ने प्रशिक्षण लिया।
4	सतत कार्यों के द्वारा बच्चों में स्थिरता दिखती है।	मन में बच्चों के बच्चों के लिए भोजन कर रहे हैं।
4	फूल बहुत बड़ा होता है।	फूल बहुत अधिक होता है।
14	उन्होंने कहा कि इस योजना के तहत योग्य राज्यों और महलों को घरों के निर्माण के लिए लाख रुपये का वित्तीय सहायता प्रदान की जाएगी।	उन्होंने कहा कि इस योजना के तहत युवाओं और युवाओं को घरों के निर्माण के लिए एक लाख रुपये का सहायता प्रदान किया जाएगा।
8	हम भी इतने क्षुद्र थे कि हमारे छोटे-बड़े घड़ों में कितना समाता ?	और भी तो बेटों में या दो या दो वस्तुएँ ही मिलेंगे।
16	उसका प्रिय, साहसी, वीर और इरावान पुत्र, जो सापन्याय में पैदा हुआ था, वह उस दिन वीरगति को प्राप्त किया।	उसके बाद, सुयुद्ध, वीर, वीर, विराट, पुत्र, जो उस दिन उस दिन वे वीरपक्षों को प्राप्त हुए।
5	मेरे एक मित्र ने पूछा	मेरा एक मित्र था।
7	इस समय तूने श्रम किया है इससे नाड़ी शीघ्र चलती है।	अब तुम जामुन के धन को त्यागकर धन और धन छोड़ते हैं।
6	नामों ने भी गोलियां बजाने शुरू कर दी हैं।	नाम और ए ट्यूब का प्रक्षेपण शुरू हो गया।
13	एक प्रश्न के उत्तर में उन्होंने कहा कि अयोध्या की हवाई अड्डा महीने के अन्त में बन जाएगा।	एक प्रश्न के प्रश्न के लिए उन्होंने कहा कि अयोध्या में अयोध्या तक नया प्रदर्शन होगा।
14	अपने कमलोपम हाथसे चरणकमलको मुखकमलमें लगाते हुए वटके पत्तेपर सोये बालगोपालका मैं मन ही मन स्मरण करता हूँ॥	हे प्रभो! हे कमलनयन ! हे कमलनयन! हे कमलनयन! आप अच्युत के साथ जाओ, जो कि आप अच्युत के द्वारा रचित हैं, जो कि आप अपने नेत्रों से प्रकाशित होइये, उन दयामय मन से मैं आपको प्राप्त करता हूँ ॥
5	सभी दुराचारी युद्ध में मारे गए ।	सभी मछुआरे युद्ध में युद्ध हुए।
7	काङ्ग्रेस में डर या आशङ्का नहीं है।	अब, कांग्रेस या अन्य स्थान पर नहीं है।
1	आधे कमल के समान मुद्रा	आधा महीने तक
5	अभिनय से पहले वह अभ्यास करता है।	अभिनय से पहले वह अभ्यास करता है।
1	गैस सिलिन्डर	वायु की चोटी
11	यह योजना जिला प्रशासन द्वारा मंगलवार को हवाई अड्डे के अधिकार क्षेत्र में गिरने वाले पंचायतों के प्रमुखों के साथ प्रकट की गई।	जिला प्रशासन ने मंगलवार को विमान पर पांच लोगों के लिए 29 लोगों के साथ यह जानकारी दी है।
20	जेपीनड्डा ने कहा कि भूपेश बागेल ने निर्धनों के लिए केंद्र सरकार की योजना को निलंबित कर दिया है, इसीलिए छत्तीसगढ़ के लोग और उसके सरकार को निलंबित कर दिया।	जतलड्डा ने कहा कि जन्जिन के लिए निर्धन किसानों को केंद्र सरकार ने निर्धन कर दिया है, इसलिए केंद्र सरकार ने उन्हें विैस दिया है, इसलिए उनका अधिकार लोगों ने उन्हें सरकार को दिया है।
1	नदी के किनारे	नदी के किनारे
37	शुक्रवार को राजकीय सीनियर माध्यमिक विद्यालय रंगस, राजकीय माध्यमिक विद्यालय बनाना, राजकीय केंद्रीय प्राथमिक विद्यालय रंगस, राजकीय प्राथमिक विद्यालय बनाना और इन चार विद्यालयों के संयुक्त वार्षिक पुरस्कार वितरण समारोह बड़े खुशी से, हर्ष से, उत्साह से राजकीय सीनियर माध्यमिक विद्यालय रंगसा में, रंगसी, हमीरपुर जिले में आयोजित किया गया।	शुक्रवार को राजकीय वरिष्ठ माध्यमिक विद्यालय के विद्यालय के विद्यालय में, विद्यालय के राजा बेलवाल स्कूल के राजा, विद्यालय के राजा, स्कूल के राजा शर्मा, स्कूल के महाकुल विद्यालय के महाकुलपति, हमीरपुर के महाकुलपति, हमीरपुर के महाकुलपति, हमीरपुर विद्यालय के महासचिव, हमीरपुर विद्यालय के, हमीरपुर के, स्कूल के, स्कूल के, स्कूल के, स्कूल के, स्कूल के महासचिव, स्कूल के, स्कूल के, स्कूल के, स्कूल के, स्कूल के भी तीसरे स्थान पर, दिसंबर को, भारतीय विद्यालय के भी आयोजित किया गया।
7	वह दादाजी को प्रणाम करके सब कुछ पूछता है	वह दादीजी से प्रश्न पूछता है।
4	पुतला जलाने से कुछ भी नहीं होगा।	रर्ट में कुछ भी नहीं होगा।
4	शारीरिक शिक्षकों के लिए नियुक्त किया गया प्राधान दिया जाता है।	प्राथमिक शिक्षा संस्थानों में नियुक्त करने के लिए नियुक्त किया जाता है।
1	जननी ने	माता
3	आप दोनों शिक्षिकायें।	आप दोनों शिक्षक हैं।
5	ओ मेरी अच्छी दादीजी !	ओ मेरी ठीक है , दादीजी !
10	मैंने यह विजय प्राप्त किया, रणे में रावण मारा और लंका को मैंने वशीभूत कर दिया।	मैंने यह सोचकर रोमांच, रावण ने रावण को मार दिया, मैंने मुझे रावण के द्वारा मारा।
6	मैं " विद्यालय से " आ रहा हूँ !	मैं विद्यालय से पूछा "मैं आता हूँ।
4	उसकी बात करने की शैली हँसी से भरी है।	उसका समासन अद्वितीय था।
15	हिमाचल प्रदेश के मुख्यमंत्री मुकेश अग्निहोत्री की स्वर्गीय पत्नी सिम्मी अग्निहोत्री का अंतिम संस्कार शनिवार को गोंदपुर जयचन्द में किया गया।	हिमाचल प्रदेश के उपमुख्यमंत्री स्वेंद्र सिंह ने अपने परिवार के मिंगवें चरण में सिंगंदपुर के श्रीरंगपुर के श्रीनगर के श्रीनगर का उद्घाटन किया।
10	प्रातः जब वह जागता है, तब वह शाकम्भ्री देवी की दर्शना करके राजधानी को जाता है।	सुबह जब वह दोपहर, तब वह, तब, साष्ट्री, शिव मंदिर और दिव्य जयबाई को देखेंगे।
4	विष क्या है? गुरुओं की अवहेलना।	क्या करना चाहिये, क्या करना चाहिए, गुरु की गुरु की पूजा करनी चाहिए।
19	तब कुछ सोचकर प्रसन्न हुए श्रीरघुनाथजी ने यह देखकर कहा हे सौम्य राक्षसाधिप ! आप मतों के पास जल्दी आओ यह सूचित कीजिये।	फिर भी वह वाणी से व्याकुल होकर भरत को वचन देकर बोले हे राघव ! यह सुनकर भरत को तुम्हारे पास आया।
1	अपार ओजस्वी	अकाल
1	निर्मलता कण्डू खाज	नर्मसान
3	ऑर्बिटर सुरक्षित है।	बाजार में सुरक्षा का कारण है।
6	1998 में पोखरण में परमाणु परीक्षण किया।	1999 में, गेट-अमाबूड पर परीक्षण किया गया।
5	वे दोनों सत्य नहीं बोलते हैं।	वे दोनों सत्यवाक्य बोलें।
10	मतदान के बाद सभी मतपेटियों को दिल्ली ले जाया जाएगा और मतपत्रों में फेरबदल किया जाएगा और बुधवार सुबह 10 बजे से गिनती की प्रक्रिया शुरू होगी.	मतदान के बाद, दल ने सभी दिल्लीों को आ जाने के लिए पांचवें मतदान पत्र जारी किये हैं।
9	अनुद्योगी को उम्मीद है कि इस कमीशन के कार्यालय में शीघ्र ही भर्ती हो जाएगी।	इस आयोग ने बताया कि इस कार्यालय का आरम्भ शीघ्र ही शुरू हो रहा है।
2	देखानही	नहीं देखें
4	प्राचीन विमान कला का शोध	अंत में विमान का अध्यापन।
6	उसके बाद सभी शिक्षकों का संस्कृत में परिचय हुआ।	उसके बाद सभी शिक्षकों ने संस्कृत भाषा का परिचय किया।
3	अपने आप पानी भरिये।	अपने आप जल भर दीजिये।
2	मैं बैठती हूँ	मैं बैठता हूँ।
12	कई मंत्रियों, सांसदों और अन्य लोगों ने-प्रतिनिधियों ने विभिन्न जिलों में स्वच्छता अभियान में भाग लिया।	मंत्रिमण्डल ने अन्य सांसदों और अन्य संगठनों के बीच भी पुष्पित महिलाओं को पुरस्कार दिया।
21	सभा की अध्यक्षता कर रहे गृह सचिव अजय कुमारभल्ला ने कहा कि सद्य को भारतीय न्यायिकसंहिता में"हिट एंड रन"के मामलों में नए प्रावधान आज भी कार्यान्वित नहीं हैं।	सभा में मुख्यमंत्री अखिलेश कुमार ने कहा कि आईएमसी के बीच भारतीय जनता पार्टी के प्रशासन ने भारतीय जनता पार्टी के खिलाफ एक नई नीति की नीति को मजबूत कर दिया है।
12	एसडीएम मनाली रमण कुमार शर्मा ने कहा कि पर्यटकों की सुविधा का पालन किया जा रहा है।	एसडीडीपी संजीव कुमार ने कहा कि पर्यटकों के लिए पर्यटकों की सुविधा हो सकती है।
10	भरतजी का यह हठ देखकर श्रीरामचन्द्रजी ने अत्यन्त विस्मित होकर गुरु वसिष्ठजी को नेत्रों से संकेत किया ॥	श्रीरामचन्द्रजी ने भी उठाकर उन्हें उठाकर उठाकर उठा लिया और उन्हें देखकर श्रीरामचन्द्रजी ने हाथ जोड़कर उन्हें प्रणाम किया। तत्पश्चात् श्री राम जी ने उन्हें प्रणाम किया ॥
12	जो लोग वेद आदि शास्त्रों का अध्ययन करने के बाद भी आत्मा परमात्मा के संबंध में कुछ नहीं जानते, वे आत्मज्ञान से रहित उस कलछी की तरह है, जो स्वादिष्ट साग सब्जी में तो घूमती है, परंतु उसे उसके स्वाद का बिलकुल भी ज्ञान नहीं होता |	वेदशास्त्र पढ़कर धर्मशास्त्र पढ़कर धर्म का अध्ययन करके ही संसार में स्थित नहीं है, क्योंकि मनुष्य अपने मन को नहीं छोड़ सकता।
7	वोटों की गिनती हिमाचल प्रदेश के साथ 8 दिसंबर को होगी.	हिमाचल प्रदेश के लिए आठ दिसंबर को मतदान सत्र होंगे।
3	आप भोजन करिये।	आप भोजन करिये।
3	ऐसा सुनकर अजीज सफल हुआ।	विनीता विजय विजय था।
1	एक योग केंद्र या स्कूल	दिव्य
4	उसमें कोई भी सन्तति नहीं है।	उसका कोई भी कुछ भी दूसरा नहीं है।
5	उसके कारण से हाई ब्लड प्रेशर भी रहता है	उसके कारण से वाहन भी होता है।
5	जरा रुको, मुझे स्मरण है।	क्षमा करियेगा, मैं याद करता हूँ।
7	पोता - मैं यहाँ काँच के पीछे बैठता हूँ ।	पोता - मैं यहाँ काँच के पास बैठता हूँ।
10	देश का संपूर्ण-उत्तर क्षेत्र में भीषण-आफूसी-चरण से रेल सेवा प्रभावित हो गई।	देश में पूरे पूरे उत्तर-छोटे-छोटे-छोटे उपकरण से रेलगाड़ी सेवा के कारण रेल सेवा के कारण प्रभावित हो गई।
5	पुराने छात्रों में कठिन रूपात्मक विचलन देखे जाते हैं।	हम छात्र विभिन्न प्रकार के युवक उत्कारियों से व्यस्त हैं।
13	तदनन्तर अपनी ईच्छानुसार अयोध्या आएं अथवा वन में ही रहें किन्तु कमलनयन राम कल प्रातः अवश्य वन में चले जाय ॥	वहाँ पहुँचकर वह अपने आश्रम में प्रवेश कर राजा दशरथ के आश्रम में गिरकर वन में गिर पड़ा ॥
15	विपक्षी नेता ने कहा कि एक तो मुख्यमंत्री राज्य में निवेश करने के लिए दुबई जा रहा है, दूसरी कानूनी व्यवस्था की स्थिति कमजोर हो रही है।	एक बार मुख्यमंत्री ने राज्य में निवेश दिया है कि राज्य में भाजपा के दूध के लिए हमेशा मजबूत हो रही है।
6	वहाँ से वे सभी महिलाओं ने नगर में प्रवेश किया।	वहाँ वे सभी वनवासी शहर से आए।
7	जहाँ, बनियेखंड और चराहे में लघुवृष्टि हुई।	जहाँ शुद्ध और बगुले के हाथ में गिर गया है।
3	महाराज! यह क्या है?	राजा! क्या है ?
3	योगशास्त्र का प्रवर्तन किसलिए हुआ?	वैदिकशास्त्र का क्या प्रयोजन है?
11	उनके महाभाग्य से रामायण का महाकाव्य नेपाली भाषा में अनुवाद किया गया है, जिसका नाम भानुभक्तिीय रामायण है, माना जाता है।	उन्होंनेन्हों ने महाकवि कालिदास की प्रतिमा को पार करने के लिए राम जन्मभूमि की पुत्री की, जिसमें मैथि किया, जिसका नाम राम के नाम से जाना जाता है।
4	अधिक खाता हूँ तब बोलता है	अधिक खाता हूँ तब बोलता है।
19	जयशंकर ने रूस के विदेश मंत्री सर्गेई लावरोव के साथ विभिन्न क्षेत्रों में द्विपक्षीय सहयोग, युद्ध, अंतरराष्ट्रीयरण नीति की स्थिति और तनाव के बारे में बात की।	जयपति देश के विदेश मंत्री संयुक्त अरब-अबेन-वह मिलकर मिलकर मिलकर मिलकर स्थानीय-अबिति के साथ बैठक की, और व्यापार-उन्होंने विषयों पर चर्चा की, और संक्षिप्त विषयों पर चर्चा की।
14	उससे पहले मुख्यमंत्री रिड्ज नेस्टल में आयोजित प्रदर्शनी का उद्घाटन किया, जिसमें जिला प्रशासन के शिमला सहित विभिन्न विभागों ने स्तम्भ स्थापित किया।	इसके बाद मुख्यमंत्री ने पहले ही मुख्यमंत्री ने लाहौल-उन्होंने प्रदर्शन किया, जिसमें जिला स्तरीय जिलों के साथ शिमला जिले के विभिन्न जिलों के लोगों के साथ विभागों का भी शिलान्यास किया।
4	साइकिल ध्यान से चलानी चाहिये।	साइकिल ध्यान से चलाने वाली होती है।
8	घग्गर नदी के ऊपर की पुल पुल भी आ जाने के लिए बंद कर दिया गया है।	घों को नाउस के ऊपर बनाने के लिए भी इस्तेमाल किया गया है।
1	ले जाना चाहिये	ले जाना
8	जो हमेशा सन्मार्ग पर चलने के लिये प्रेरित करते हैं वे मेरे गुरु हैं	जो हमेशा स्मरण करने के लिये प्रेरित करते हैं वे मेरे गुरु हैं
6	संसद का शिशिरसत्र दिसंबर तक होगा.	संसद के शिशिर तारीख को परीक्षा होगी।
16	ब्रह्माजी द्वारा महर्षि नारदजी के निमित्त प्रतिपादित श्रीअध्यात्मरामायण का जो व्यक्ति श्रद्धा पूर्वक पाठ करता है अथवा श्रवण करता है, वह देवताओं से पूजित होकर विष्णुलोक को प्राप्त करता है।	जो व्यक्ति श्रीभगवान् ने कहा -- हे रघुसूदन ! आप इस जगत् में स्थित हैं, वह आप ही विष्णु को प्राप्त हो जाता है। जो परमात्मा को आप प्राप्त होते हैं, वह भगवान विष्णु को आपसे प्राप्त होते हैं।
6	चित्रों में सोनाक्षी सरल, लघुकुर्ता-शरारासेट के बीच दिखती है।	नामों में गड्ढे के गड्ढे पर मिट्टी की चोटियाँ दिखाई देती हैं।
8	मुख्यमंत्री-जंगल विस्तार योजना के माध्यम से और वनमित्र योजना के माध्यम से विभाग को मजबूत किया जाएगा।	मुख्यमंत्री वन निर्माण, वन निर्माण, वन निर्माण विभाग के वन निर्माण के माध्यम से मजबूत हो जाएगा।
1	नाट्य के प्रयोक्ताओं को	नाट्यवेद के द्वारा
7	शेष पंचायतें अगले वर्ष मार्ग सुविधाओं से जुड़ेंगी।	शेष पंचायत 25 वर्षों के तहत सड़कों पर यातायात के साथ चर्चा की जाएगी।
1	दूध	दुःख
15	चूंकि रनवे पर परीक्षण उड़ान एक जीत थी, इसलिए एनसीसी छात्र सैनिकों के लिए उड़ान परीक्षण भी बिना किसी देरी के हवाई अड्डे पर आयोजित किया जाएगा।	उच्च अड्डे पर फॉबलें के बिना बिना बिना बिना बिना बिना बिना बिना बिना बिना बिना छात्रों की यात्रा के लिए हवाई अड्डे पर भी हवाई अड्डे पर रखी जा रही है।
1	शासन व्यवस्था में	राज्य के निवेश के लिए
19	पुलिस द्वारा नियुक्त नई नियमों के शारीरिक परीक्षा में मीटर ध्यान शामिल होने के बजाय पुरुषों के लिए मीटर ध्यान पूरा करने का समय एक मिनट है, महिलाओं के लिए मीटर ध्यान आधा मिनट कम है।	पुलिस अधिकारियों के लिए नई परीक्षण के लिए शैक्षणिक परीक्षाएं परीक्षा के लिए, एक क्षण परीक्षण के लिए एक क्षण परीक्षण के लिए एक स्वच्छ और महिला के लिए एक कमिदान किया गया है।
8	वे दोनों जीवन को नक्षत्र से स्वयं ही मुक्ति की ओर ले जाते हैं।	वे दोनों प्रत्येक जीवन में साक्षात् स्वयं नहीं जाते हैं।
6	मेरे घर एक पँखा है ।	मेरे घर एक पँखा है।
11	लेकिन इस सर्वेक्षण में प्रतिशत लोग बोले अयोध्या नहीं जाएँगे।	लेकिन उन्होंने कहा कि इस मामले पर लोग अयोध्या में लोग अयोध्या में जाने का कोई भी नहीं करेंगे।
13	जाह्नवी कपूर को भी चलचित्र की पटकथा पसंद है, उन्होंने चलचित्र के लिए हाँ ऐसा भी कहा"इस प्रकार.	जाह्नवी कपूर ने भी चलचित्र की स्थापना की, और कहा कि फिल्म की स्थापना करनी चाहिए।
12	राज्यपाल ने कहा कि सरकार ने राज्य में यातायात के लिए बिजली के वाहनों को मुख्य बदलाव के रूप में स्थापित करने की बड़ी संख्या में काम शुरू कर दिया है।	राज्यपाल ने कहा कि राज्य में करोड़ रुपये के राजीव गांधी स्टार्टअप के लिए एक बड़ी आपदा शुरू की गई है।
3	फिर कब मिलेंगे।	फिर मिलेंगे।
10	न्यायिक विशेषताओं ने लगभग पांच घंटे तक उद्योग के अंदर और बाहर खोज कर प्रतिरूपों को इकट्ठा किया।	न्याय के लिए लगभग पांच हजार से अधिक घायल हुए और घायल हो गए हैं।
10	संस्थाओं में भी अनेक संस्थाएँ सतत, निरन्तर, अविरत काम करती हैं।	अधिसूचना भी कई संस्थाएँ, अन्य जगह, कार्य और कार्य कार्य करते हैं।
13	तब किसी लड़के ने गणना की – एक, दो, तीन, चार, पाँच, छ, सात, आठ, नौ हैं।	तब भी बच्चों के बच्चे दो, दो, दो, चार, सात, सात, सात, सात, सात, सात, सात, सात, सात, सात, सात, सात, हैं।
1	अभ्यास से	सीधे
9	पार्वती मन, वाणी और कर्म से तपस्या करती थी।	पार्वती मन से युक्त और तपवान् ही तप प्राप्त कर रही थीं।
5	इस ऋण के प्रवाह से प्राथमिक क्षेत्रों का विकास होगा।	इससे करोड़ों को ऋण देने के लिए क्षेत्र में विकास होगा।
10	वह गांधीनगर में डिफेंस एक्सपो 2022 को संबोधित कर रहे थे।	गेंदा शहर के डिवीजन के एक नए कार्यक्रम में एक सौ रुपये के स्थान पर कार्यक्रम का विषय था।
4	महापुरुषों के विषय पर प्रश्न थे।	महापुरुषों के बारे में प्रश्न थे।
11	बुद्धि से क्रोधित श्रीराम का चेहरा देखकर सभी प्राणी व्याकुल हो गए और मेदिनी भी डर गई।	और भी-जभी श्रीराम ने उस वचन को सुनकर सभी शरणागतों को उठाकर मार दिया।
6	हमारे सैनिक उनका आदर करते थे ।	हमारे सैनिक उसके सम्मान में रहते थे।
6	लेकिन तभी मार्ग पर एक सिंह आ गया।	परन्तु रास्ते में एक रास्ते था।
1	तपना	जाना
1	जालन्धर शहर को	टिकट
8	इनमेंसे यथार्थ (शीतोष्णवर्षावाली) ऋतु में औषधि (अत्र शाक आदि ) तथा जलभी ठीक रहते हैं और वे यथोचित अन जलादिक उपयोगमें आये हुए ( सेवन किये हुए ) मनुष्योंको प्राण, आयुर्बल, पराक्रम और ओज यथार्थ उत्पन्न करते हैं ॥	इनमेंसे वात पित्त कफ पित्त कफ और कफ पित्त कफ और कफ आदि विविध लोक दो प्रकारसे एक एक एक एक एक एक एक एक एक एक एक एक एक एक एक एक एक अध्याय है और वह अपयें या दूसरी क्रियासे ही है ॥
4	शाम को वह मुझे मिला	शाम को वह मुझे गया।
9	हे राम! आप बहु रूपमयी माया से कार्य, कारण, कर्तृत्व, फल और साधन के भेद से अनेक रूप में विभासित हो रहे हैं ॥	हे राम ! इन कर्मों के कारण आप एक ही रूप में स्थित हो, तुम मुझे एक ही रूप से ही जाना चाहते हो, तुम मुझे ही प्राप्त हो, तुम मुझे ही प्राप्त हो गये हो ॥
6	अब गुजरात के राजभवन में वे यज्ञ करेंगे।	अब गुजरात में वे राजभवन में यज्ञ करेंगे।
16	विदेश मंत्री डॉ. जयशंकर और सूचनाप्रसारण मंत्री अनुराग ठाकुर भी प्रवासी भारतीय हैं-उन्होंने दिवस को देखकर दुनिया भर के प्रवासी भारतीयों को शुभकामनाएं दीं.	विदेश मंत्री डॉ. जयशंकर ने जय सिंह के साथ भी सूचना दी-प्रसारण-इस दिन भारतीय सेना के प्रिंसिपल ने भी प्रमाण पत्र के लिए शुभकामनाएं दीं।
6	टेस्ट का पालन किया जाएगा, वोल्फ ने कहा।	एएस ने कहा कि एक्रेन में एओसीओ के माध्यम से किया गया है।
9	और सियार से कहा- “दोस्त! हम दोनों इसी बर्तन में साथ भोजन करते हैं।”	सियार बोला- “अरे! इस दुष्ट मेरे साथ खा रहे हैं।
8	वह जो सेव बेचती है वो बहुत मीठे हैं।	वह जो सेव बेचती है वह बहुत मधुर हैं।
9	आदर्श इको ग्राम योजना के तहत 19 गाँव विकसित हैं।	आदर्श परियोजनाओं में गाँव के तहत गाँवों के लिए महिलाओं की संख्या देखी गई हैं।
14	सृष्टि से पहले, प्रलय के बाद, और संसार के स्थिति के समय में इस तरह के अकाल में भी तुम सच्ची हो।	इस प्रकार पहले, पूर्वजों ने यह आक्रमण किया, इस प्रकार से विश्व व्यवहार का भी है।
1	भक्षण करना	ढोना
15	आपको किस प्रकार की मूर्ति चाहिए। देव का तो किस देव का ? देवी को तो किस देवी का?	आप कैसे हो, प्रत्येक वस्तु के प्रत्येक देवता हो तो यशदेव के लिए देव हो?
3	बाद में विश्वविद्यालय जाएगी।	बाद में विश्वविद्यालय जाएगा।
1	तलवार	बेल
10	इस दिन दर्शकों के बीच बैठे युवकों ने सदन में उछल कर धुआँ निकला।	इस दिन प्रेमी दिन सभी लोगों ने सदन में कार्रवाई की।
9	हे राम! आप बहु रूपमयी माया से कार्य, कारण, कर्तृत्व, फल और साधन के भेद से अनेक रूप में विभासित हो रहे हैं ॥	हे राम ! इन कर्मों के कारण आप एक ही रूप में स्थित हो, तुम मुझे एक ही रूप से ही जाना चाहते हो, तुम मुझे ही प्राप्त हो, तुम मुझे ही प्राप्त हो गये हो ॥
12	जिनमें भगवान गणेश के, श्रीहनुमतः, जटायु पक्षी, केवट राजा की माता और बर्या प्रैष्य मुद्राङ्कनाएँ सम्मिलित हैं।	जिनमें भगवान् श्री राम, श्री राम, महाशौर, महेश, महेश यादव, महेश, अनुजनी, अनुजनालय, मेनिंग आदि-ये हैं।
4	पति फिर से जेब देखता है।	पति को कुछ देखता है।
4	हमें यशस्वी शिल्पी बनाइए	देवेश को सादर प्रणाम करो।
4	मैं मनुष्यों में सबसे अधिक वर्चस्वी होऊँ।	मनुष्य के लिए मनुष्य के समान है।
6	उसने उसे अपने पास ही रख दिया।	उसने अपना पास ही स्थापित किया।
4	संदीप कहाँ जाता है ?	संदीप कहाँ जा रही है ?
9	यह गृह मंत्री ए नमस शिवाय, शिक्षा मंत्रालय के एक अधिकारी थे, जिन्होंने विधानसभा में इस मुद्दे को उठाया था।	शिक्षा मंत्रालय ने मंत्रालय के घर में पेश किया और विधानसभा चुनाव के बारे में निर्णय लिया।
1	संरक्षित करने योग्य	अपने
5	सीता, अयोनिजा सीता आदि कहे जाते हैं।	सीता की आज्ञा से ही सीता ने सीता को दिया है।
5	यदि तूने कृतज्ञता से ये सम्मानित हैं	यदि तुम सब इसको गीता पुरस्कार से सम्मानित करो
11	साथ ही, वर्ष 1977 में पंजाब पुलिस के प्रमुख कार्यालय में लॉन्च करने की योजना में शामिल थे।	साथ ही, बीस हजार वर्ष पहले मौसम मंत्रालय ने क्षेत्र के पुलिस अधिकारियों को नियुक्त किया था।
6	तब पथिक बोला- दसवें तुम हो।	तब मार्ग बोला- तुम तुम तुम कहो।
7	एक सौ ग्यारह वर्ष के शिवकुमार स्वामी पिछले सप्ताह दिवंगत हुए।	एक सौ वर्षों तक हजारों देवताओं के हजारों प्रकाशों को याद करता हूँ।
2	मनुष्यादि पशु-पक्षियों को	चारों ओर से घावों से
9	उद्योग मंत्री ने कहा कि मुख्यमंत्री सुक्खू इस दुखद घटना से पीड़ित हैं।	उद्योग मंत्री ने कहा कि मुख्यमंत्री सुक्खू इस अवसर पर सुखी से अधिकृत है।
12	हमने पिछले दस वर्षों तक देश के हित के लिए मौन रखा था, पहली दिन भी सफ़ेद पत्र ला सकते थे।	हम पिछले वर्ष देश के विकास के लिए दिन देश के लिए प्रथम बार, औरबार सात दिन भी घर के लिए चढ़े थे।
1	जात कर्म के समय	बिना कारण के
3	गुरुओं के द्वारा प्रश्न पूछे जाएँ ।	गुरु के द्वारा प्रश्न पूछे जाने पर पूछा।
11	मनाली- केलांग-राष्ट्रीय राजमार्ग के साथ कई अटल किले के चढते समय मार्गों को बर्फबारी के कारण अवरुद्ध कर दिया गया।	मनाली-स्पीति-नगर के कोच्चि के कई हिस्सेों में भारी बारिश के कारण कई जिलों में भारी बारिश हुई।
20	उन्होंने उत्तराखंड से अपनी निकटता को दोहराते हुए कहा कि उत्तराखंड एक ऐसा राज्य है जहां दिव्यता और विकास को एक साथ महसूस किया जा सकता है।	उत्तराखंड के साथ अपने जाति के पास उन्होंने फिर कहा कि उत्तराखंड में एक दिव्य और राज्य है जहां एक विकसित है।
7	एसआईटी कहता है कि अभियुक्तों के खिलाफ दृढ़ साक्षी हैं।	अभियुक्त ने कहा कि प्रौद्योगिकी के उपयोग के लिए एसएसटीटी का अनुसरण कर रहे हैं।
1	गौ	गाय
7	उनका परवर्ती जीवन अधिकतर राजनीतिक कार्यक्रमों में बिताया गया।	उसके द्वारा अधिक जीवन और जीवन में अधिक से अधिक कार्यक्रमओं में राजनीतिक कार्यक्रम आयोजित की गई।
13	अमुना ने कहा कि सरकार ने इन परिवारों का जीवन सुगम बनाने की विभिन्न योजनाएं शुरू की हैं।	अमुना ने कहा कि इन सरकार ने परिवारों को जीवन की आधारभूत संरचनाएं प्रदान करने का निर्देश दिया है।
11	दोपहर में जलोडीदर्रा और रघुपुरगढ़, रोहतांगदर्रा और कुञ्जमदर्श बारालाच में बर्फबारी हुई।	दोपहर में जल भर के जल में भगवान् रघुनाथ ने सुंदर शरीर, धनुष, धनुष, धनुष, धनुष, धनुष, धनुष, धनुष, धनुष, धनुष, धनुष, धनुष, धनुष, धनुष, धनुष, धनुष, धनुष, धनुष, धनुष आदि भी ठंडी वृक्ष आदि भी हुए थे।
7	5 तीव्रता दी गई है। किसी जानमाल के नुकसान की सूचना नहीं है.	दिन में 55 लंबा वायरस के कारण बिना आम जनता की समस्या नहीं बंद हो गई।
4	हिमसंस्कृतवार्ता - कार्यालय का प्रतिनिधि।	हिमसंस्कृतवार्ता - कार्यालय का प्रतिनिधि ।
2	कैसे?	कैसे ?
4	वृक्षों को पानी देती है।	वृक्ष के लिए पानी देता है।
13	जो शोफ शरीर के भिन्न २ अवयवों मे उत्पन्न होते है, उनका स्थान, दूष्य, आकृति और नाम भेद से अनेक भेद हो जाते है । उनमें से कुछ एक उदाहरण के लिये कहे जाते है उनका सुनो ॥	जो कोई भी मुसलमानिका नामक एक कान्ति से युक्त है, जो कि जो कि वह एक बार भी अपनी सेवा करने के लिए समर्थ है, वे दोनों के लिए हैं, वे इस प्रकार के द्वारा बहुत से अधिक, अधिकतरिक पद वाले हैं।
1	, नदी	उससे
12	स्वास्थ्य मंत्री डॉ. मनसुख मंडवीया ने देश में सभी राज्यों से कोविड-19 संकट की जांच-इत्य के मामले पर जोर-शोर मचाने वाले उपायों से उन्हें मुक्त कर दिया।	स्वास्थ्य मंत्री डॉ. चंद्रचूड़ ने राज्य के सभी क्षेत्रों में राज्य-विैपाकरण-आधार-आधारित-आधारित-आधारित-उन्होंने मामले को अपनाने का प्रयास किया।
1	बोया जा रहा है।	सम्मान
4	ईश्वर भक्त कभी नहीं डरता है।	ईश्वर भक्त कभी नहीं डरता है।
9	प्रधानमन्त्री वहाँ प्रदर्शनी में आए थे, भूमिभङ्गप्राचीर का भी अनावरण किया।	प्रधानमंत्री ने वहीं प्रदर्शन किया, उसनेन्हों ने कार्रिल पर्वत पर भी कार्रवाई किया।
5	अहो मालती! आओ बैठो,	ओह माल! आओ, आओ बैठिये।
7	क्षमा करो , तुमने पुरस्कार नहीं पाया।	क्षमा करियेगा , तुम नहीं लौटा।
7	व्याधिके ग्रहणसे वायु, पित्त कफ, रक्त, सन्निपात इनमेंसे एक या अधिककी विषमतासे उत्पन्न होनेवाली संपूर्ण (चारोंप्रकारकी ) व्याधि समझीजातीहैं ॥	इस संसार में पृथ्वी की शोभा देखने वाले, प्रलय, प्रचल, निराल, साम्रद्श्रुत, साम्रद्ष्ठ, साम्रद्, हर प्रकार सभी कुछ भी सब कुछ भी दुर्लभ हैं ॥
8	विद्यार्थियों के विभिन्न विषयों के विकास के लिए दौलत सिंह हमेशा तत्पर रहते थे।	छात्रओं के साथ विकास के लिए उनके लिए अन्य मन्त्र मंत्रों का मन्त्र होता था।
12	ऐसे में सोमवार सुबह तक राज्य में भारतीय तेल शिला तेल केंद्र सूख जाने के पात्र हैं।	ऐसे में रविवार को दोपहर तक राज्य में हरड़ारारार के माध्यम से तेल का तेल बन जाएगा।
3	देव के द्वारा अन्न दिया गया	देव को अन्न दिया।
6	मेरी प्यास शान्त हो गई है।	शान्ति – मैंने अब फल का नाश कर दिया।
8	मैं पहले समझता था कि मैं ही शक्तिशाली हूँ।	मैं पहले मन में कहा कि मैं ही हूँ।
4	चौकी पर कुछ पोथियाँ रखी हैं	गेंदा में कुछ और कैंसर रखे गये हैं।
4	यह सब भारतीय चलचित्र होगा।	यह सभी दल के साथ चलचित्र होगी।
28	भूषाचार-प्रदर्शन में भी लोकसंस्कृति का दर्शन शीतकाल में देखा गया-आनन्द उत्सव के चार दिन भूषाचार-प्रदर्शन में बहुत तालीवादन के बाद भी कई कलाकार सूर्यसंस्कृतििदलबनोगी, द वारियर दल, कुल्लू, परफेक्ट डान्स क्लब, जम्मू के कलाकारों ने भूषाचार का प्रदर्शन किया।	कश्मीर-विदेश-विदेश-यह संस्कृति के साथ भीषण-द्यों के साथ मिलकर-साथ कवि के साथ मिलकर कई पाइग-तीन-तीनहुंडी-न के साथ, जबल-साथ मध्य प्रदेश के कई प्रसिद्ध-छरों ने कैंसरवेडा में, लगारूलेज-बैंडा और अन्य कई स्थानों पर भी परिवर्तन किया।
5	एक चुहिया घर के अंदर घुसी है।	एक कुत्ता घर से निकल गई।
7	जिससे धर्मियों का पालन शर दुष्टों का ताड़न होवे।	जो धार्मिकों के आभूषणों को सुशोभित करना चाहिये, उन दोनों के आभूषणों को भी करना चाहिये।
17	समान रूप से उपपद के रूप में उपस्थित होने वाले कर्म के संबंध में बिना उपसर्ग के आकार के अंत से धातुओं के सन्देह की जगह कौन (क) है यह उत्तर है।	यह माना जाता है कि जिनके लिए कर्म के रूप में चला गया है, वह किसी के रूप में किसी भी स्थान पर सुखपूर्वक स्थान पर होता है।
4	मेरे बग़ीचे में आम फूले फले हैं।	मेरे द्वारा कानू की लताएँ हैं।
1	ठग	जड़
2	यहाँ तू निराहार रहकर धूप, वायु और वर्षा अदि को सहन करती हुई दिनरात तपस्या कर और एकाग्रचित्त होकर हृदय में विद्यमान परमेश्वर श्रीराम का ध्यान कर। यह आश्रम सभी जीवजन्तुओं से रहित हो जायेगा ॥	धूप के अनुसार पवित्र और परम वर्ष तक परम ब्रह्म देवमय देवताओं को नमस्कार करता है।
2	वह है।	वह है।
4	पंकज यजुर्वेद पढ़ता है ।	पंकज का जो वाक्य पढ़ता है।
8	मित्र ! अब मुझे भूख बहुत ही दुःख देती है।	मित्र ! अब मुझे बहुत कष्ट देता है।
13	जिन चरणोंसे पुण्यसलिला भागीरथीका उद्भव हुआ है, उनको पाद्यरूपसे क्या देना उचित है ? जिस आपके मस्तकका मुनिजनोंने पूजन किया है, अब उसपर भक्तिपूर्वक अर्ध्य किसका है?	हे भगवन् ! आप क्या अपने आप सूर्य को छोड़कर, फल और धन को आपसे ही जानते हैं, जहाँ इस प्रकार के लिए आप सूर्य को आपस में धारण करते हैं, तब आप इस जगत् को आपसे नहीं जानते हैं।।
20	पता चलता है कि इस योजना के तहत पूर्व कम्पन मण्डल में इलेक्ट्रोड एकत्र किया गया था-त्रित्रिकों के आबटन का लक्ष्य था, जिसे जिला दंड अधिकारियों की अध्यक्षता में आयोजित जिला स्तरीय सैकड़ों प्रतिशत मंजूरी दी गई थी-परीक्षा समिति द्वारा दिया गया।	गौरतलब है कि इस योजना के तहत पूर्वोत्तर चरण के तहत चंडीगढ़ में बिजली-बैंटी-बिक्री-बिक्री के लिए, हमीरपुरों के लिए, हमीरपुरों के लिए एक नए उपचुनाव के लिए, जहां-एक संगठन के सदस्यों ने भी मंजूरी दी।
7	वायरस के बारे में स्थानीय-अंतरराष्ट्रीय-संस्थाओं के सहयोग से निगरानी को मजबूत किया गया है।	वैभव विषय पर स्थानीय-अबनों के साथ समस्याओं का समाधान है।
5	तुझे देख कर मन प्रसन्न होता है।	तुम स्वप्न देखकर मन से शुद्ध हो जाते हैं।
8	यह उचित नहीं है कि स्वावलम्बन के प्रभाव से भारत आजादी में आया है।	अपने आप उत्सव में भारत के सर्वश्रेष्ठ प्रदर्शन का आरम्भ नहीं हुआ।
7	प्रतिव्यक्ति आय 2,35,199 रुपए की अनुमानित है।	यह बात 2,555,54 करोड़ रुपये का खर्च है।
12	मोदी ने कहा कि "प्रधानमंत्री निर्धन कल्याण योजना" को आगे भी पांच वर्षों तक यथावत् लॉन्च किया जाएगा।	मोदी ने कहा कि "यह निर्धन-विदेशिक योजनाओं के लाभार्थियों को भी दान देना चाहिए, वह पिछले पांच वर्षों तक भी अधिक होगा।
18	सदस्य पहले दिन शोक प्रस्ताव भी प्रस्तुत कर सकते हैं यदि पिछले सप्ताह के सत्र में कोई सदस्य या पूर्व सदस्य मर गया है.	सभा में पहले दिन की प्रतीक्षा कर सकता है तो वह भी उस सभा में शिक्षक और प्राथमिक सदस्य थे।
8	वे दोनों जीवन को नक्षत्र से स्वयं ही मुक्ति की ओर ले जाते हैं।	वे दोनों प्रत्येक जीवन में साक्षात् स्वयं नहीं जाते हैं।
12	इससे पहले 8 फरवरी-12 फरवरी-दिनांक दोनों पक्षों के बीच वार्ता में कोई निर्णय नहीं लिया गया।	इससे पहले 13 फरवरी-माह की 7 फरवरी को हुए-माह की तारीख को कोई भी नहीं हुआ।
8	वह पढ़ना चाहता है, किन्तु मन नहीं लगता है ।	वह पढ़ने का प्रयत्न करता है, परन्तु मन में आनंद नहीं है।
14	बहुत से लोग अनेक अच्छे लक्ष्यों को लेकर समाज के कल्याण के कार्य करने का प्रयास करते हैं और सफल होते हैं।	अनेक लोग अच्छी तरह से अधिक लक्ष्य को आगे बढ़ाने के लिए सक्षम हैं।
11	अयोध्या में''रामलला विराजमान''नाम का प्राण-प्रतिष्ठा-सौभाग्य के शुभ अवसर पर सभी सज्जन अंतिम चरण पर हैं।	अयोध्या में''हैस''इस प्रकार गहरी-इस प्रकार की मृत्यु के लिए प्राण-अज्ञान-अस्त्र-अस्त्र-अस्त्र के सभी बार पूरी हो गया है।
10	कैकेयी को वरदान देकर सत्यसन्ध मेरे पिता ने भरत को राज्य और मुझे अत्युत्तम दण्कारण्य दिया है ॥	यह सुनकर वह राक्षस के समीप जाकर अपनी माता के आश्रम में चली गयी। तब वह राज्य के लिये बोली हे रघुश्रेष्ठ ! मुझे राज्य के लिये राज्य के लिये ही गया था ॥
6	सभी के मस्तक शीघ्र झुक गए।	"अतिमागम !ष्सबने की मशीन' हो गई।
3	बालक लिखे।	बालक – लिखिये।
5	क्या इतना ही सामान है।	वस्तुएँ ये ही हैं क्या ?
18	इस विषय में कोई भी भेद नहीं होना चाहिए क्योंकि तिथियाँ अंग्रेजी पाँचवें भाग के अनुसार विचारी जाती हैं और तिथि भारतीय पाँचवें भाग के अनुसार होती है, जो हमेशा उचित होता है।	इस विषय में कुछ भी व्यक्ति नहीं है क्योंकि आने वाले लोगों के लिए मेध्यता और अंग्रेजी का विचार होता है, क्योंकि भारतीय रसों का उजा पड़ता है, जो भारतीय लोग भी पार हो जाता है।
6	संस्कृति प्रदर्शन का काम इस मेला द्वारा किया जाता है।	संस्कृत भारती का काम इस कार्य का उत्सव है।
7	हिरणी माँ डर गई और वहाँ से नहीं हटी	माता की बहन ने उसे आज्ञा दी।
1	ओझल हो गयी	पुजारी
1	अंगुली	अंगूठी
20	इस अवसर पर अनिलभटनागर:, राहुलभाति, शिवरामबडोला, रोहितबलोडी, राजनकुमार:, मोहनसिंह, संगीतरावतः, सरोजनेगी, मधुबाला नौटियाल, संगीता कुकशाल और विनीता बिष्ट: छात्र उपस्थित थे।	इस अवसर पर भारत के पूर्व राज्यपाल, राहुल गांधी, राहुल गांधी, राहुल गांधी, राहुल गांधी, अंकित सिंह, अंकित कुमार, अंकित कुमार, अंकित कुमार, अंकित कुमार, संजय कुमार, संजय कुमार, संजय कुमार, संजय कुमार, संजय कुमार, संजय शर्मा और अन्य उपस्थित थे।
4	वह भारतीय युवक है।	वह भारतीय युवक है।
10	हिमाचल प्रदेश कैबिनेट की गोष्ठी शुक्रवार को मुख्यमंत्री सुखविंदर सिंह सुक्खू की अध्यक्षता में शिमला राज्य सचिव पद पर आयोजित की गई।	हिमाचल प्रदेश के मुख्यमंत्री सुखविंदर सिंह सुक्खू शुक्रवार को मुख्यमंत्री सुखविंदर सिंह सुक्खू की अध्यक्षता में राज्य के मुख्यमंत्री राजेश धर्माणी बने।
10	देवरा''इस फिल्म के कारण आजकाल स्वस्त अभिनेत्री जाह्नवी कपूर वार्ता में है।	देवदेव सिंह ने ऐसा फिल्म आज से दक्षिण अफ्रीका के बीच का चित्रण किया है।
26	विपक्षी नेताओं के कहना पर मुकेश अग्रिहोत्री ने कहा कि छत्तीसगढ़ का ताप महादेवघोटा से हिमाचल तक पहुंचा है, केंद्रीय भाजपा सरकार है, यदि वे इच्छा करें तो वे किसी संस्था के माध्यम से उसकी खोज कर सकते हैं।	छत्तीसगढ़ के उपर विष्णु शुक्ल ने कहा कि हिमाचल प्रदेश के मुख्यमंत्री के चुनाव के लिए सत्ताों का आरोप किया गया है, लेकिन भाजपा के शासन के खिलाफ कोई भी भाजपा सरकार के खिलाफ पूर्वानुमान कर रहे हैं, लेकिन भाजपा के खिलाफ विरोध कर रहे हैं।
18	मुख्यमंत्री सुखविंदर सिंह सुक्ख ने कहा कि जब सरकार का निर्माण हुआ है तब से हिमाचल प्रदेश कैसे आत्मनिर्भर हो रहा है।	मुख्यमंत्री सुखविंदर सिंह सुक्ख ने कहा कि जब सरकार ने हिमाचल से हिमाचल प्रदेश को पूरी तरह से कैसे किया तो वह अपना कार्य कैसे किया जा सकता है।
12	इस प्रतियोगिता में रेलमार्गसिंहचौहान, ज्योतिराजसिंधिया, नरेन्द्रसिंहतोमर: राकेश सिंह, कैलाश विजयवर्गीय इत्यादि हस्तियों के नाम चर्चा में थे।	इस प्रतियोगिता में शिव पटेल, शिवसिंह नेगी, शिवसिंह, अंकित सिंह, दिलीपकुमार, दिलीपकुमार, दिलीपकुमार और अन्य महिलाओं के साथ बैठक में चर्चा की गई।
10	गाजा पर हवाई हमलों ने हमास की 10 भूमिगत सुरंगों और हथियार निर्माण सुविधाओं को नष्ट कर दिया है। इसराइल इसी बात पर घमंड करता था।	एशियाबाद में पांच साल की दूरी की दूरी तक भूकंप के कारण, भूकंप के कारण, भूकंप के कारण, भूकंप के निर्माण के लिए, यह अभियान के लिए एक बड़ी आपदा है।
10	प्रदर्शनी में 500 रुपये से 1,500 रुपये तक मूल्य की वस्तुएँ स्थापित कर दी गई हैं।	प्रदर्शनी के प्रदर्शन के लिए 500 रुपये तक रुपये तक कम कर दिया गया है।
12	हालाँकि, अभी तक विभाग ने उसकी अनुशंसा के बारे में कोई निर्णय नहीं लिया है।	लेकिन अब तक विभाग ने उनके विभाग के बारे में कुछ निर्णय नहीं लिया है।
9	आपका दर्शन योगियों को भी दुर्लभ है, और में साक्षात् आपका बाण लगने से, विशेषरूप से आपके सामने मने प्राण छोड़ रहा हूँ। ॥	हे प्रभो ! मैं आपके द्वारा आपके इस प्रकार निरन्तर प्राणों को त्याग देता हूँ। हे रघुश्रेष्ठ ! आपसे आपके द्वारा बहुत से आपके दर्शन करना चाहती हूँ। हे राघव ! आप मुझे आप मुझे क्षमा कीजिये।
25	अयोध्या में श्रीराम मंदिर का निर्माण जनवरी में हुआ और देश के यशस्वी प्रधान मंत्री नरेंद्र मोदी शुभकरकमलों से मूर्ति और प्राणों की पूजा के लिए एकत्रित हुए उसके बाद वे माध्यमों से बातचीत कर रहे थे।	अयोध्या में श्रीराम मंदिर के निर्माण के लिए जनवरी को प्रधानमंत्री नरेंद्र मोदी ने देश के प्रधानमंत्री नरेंद्र मोदी को समर्पित किया और उन्होंने प्रसन्नता व्यक्त की, इसके बाद उन्होंने फिर से अपना गौरव प्राप्त किया।
12	मैं ही समस्त प्राणियों के हृदय में स्थित हूँ। मुझसे ही स्मृति, ज्ञान और अपोहन (उनका अभाव) होता है। समस्त वेदों के द्वारा मैं ही वेद्य (जानने योग्य) वस्तु हूँ तथा वेदान्त का और वेदों का ज्ञाता भी मैं ही हूँ।।	सभी भूतों में श्रेष्ठ, सर्वज्ञ, सर्वज्ञ, अचल, अचल, अचल, अचल, अचल, अचल, अचल, अचल, अचल, अचल, ब्रह्म, ब्रह्म, ब्रह्म, ब्रह्म, ब्रह्म, ब्रह्म, ब्रह्म, ब्रह्मा, ब्रह्मा, ब्रह्मा, ब्रह्मा, ब्रह्मा, ब्रह्मा, ब्रह्मा, ब्रह्मा, ब्रह्मा, ब्रह्मा, ब्रह्मा, ब्रह्मा, ब्रह्मा, ब्रह्मा, ब्रह्मा, ब्रह्मा, ब्रह्मा, ब्रह्मा, ब्रह्मा, ब्रह्मा, ब्रह्मा, ही और अन्य सभी सब सब सब से भी से ही से ही से ही से ही से ही।।
5	मैंने बहन को दस संस्कृत पुस्तकें दीं।	मैंने बहन को दस संस्कृत पुस्तकें दीं।
4	पुत्र – बस यूँ ही ।	पुत्र – ऐसा है।
5	केयूर – माँ के साथ आता हूँ।	छोटा भाई – अमित के साथ आ रही है।
6	प्रातः उठ कर जल से मुंह धोओ।	प्रातः जल्दी से जल पीकर मुख धो गया।
1	मन की इच्छा से	खुश
5	हर रोज एक वाक्य अवश्य बोलें	मैंने एक वाक्य सुना।
4	वह नगर को जाता है क्या?	वह नगर को जाता है क्या?
15	ऐसे धन का भी कोई लाभ नहीं, जो कुलवधू के समान केवल एक ही मनुष्य के लिए राग की हो। संगति तो वही शेष है जिसका लाभ राह चलते लोग भी उठाते हैं अर्थात धन-संपत्ति वही श्रेष्ठ है, जो वेश्या के समान अन्य लोगों के भी काम आती है।	वह ब्राह्मण उस आभूषण को प्राप्त करने के लिए प्रयत्न करने के लिए प्रयत्न करने के लिये प्रयत्न करने के लिये प्रयत्न नहीं करता है। वह तो वह तो वह ही है। यदि वह तो वह तो किसी भी स्थान पर ही है। इसी प्रकार का जीवन बिता हुआ है।
4	रात को मुझे कथा सुनाई।	रात को मुझे मैंने पूछा
19	फ्रांस के राष्ट्रपति राम मंदिर का मॉडल खरीदा, इसके बाद प्रधानमंत्री मोदी ने भारत की डिजीटल क्रान्ति के लिए गौरवान्वित इमैनुएल मैक्रॉन का परिचय दिया।	फ्रांस के राष्ट्रपति राम मंदिर के अमेताबाड ने कहा, और प्रधानमंत्री नरेंद्र मोदी ने भारत के खिलाफ एक नई खेल के लिए एक नई रिपोर्ट का आह्वान किया है।
15	पुराणपुरुष परमात्मा राम ने परानुग्रह के लिए एक स्वयंज्योतिः, अनन्त और सबका आदिकारण होने पर भी संसार को विमोहित करने वाला मायामय स्वरूप धारण किया हैं ॥	इस प्रकार सेमुक्त होकर परम ब्रह्मदेव के पास आकर परमतम पद का स्मरण करता है। इस प्रकार श्री राम के द्वारा भक्त का हृदय धारण करता है। इस प्रकार श्री राम के द्वारा यह परमात्मा परमात्मा परमात्मा परमात्मा परमात्मा रूप धारण करता है ॥
13	मैं पुस्तक दुकान गया। वहाँ पुस्तकों को देखा। कादम्बरी खरीदी। उपन्यासों को देखा।	मैं पुस्तक में चढ़ गया था वहाँ पुस्तक लेकर पुस्तक लेकर धीमी खरीद दिया।
7	एक यात्री रेलवे स्टेशन से पूड़ियाँ और सब्जी लाता है।	एक साथ ही रेल लाइन में रेलगाड़ी और टॉट से ही निकलता है।
13	इस मामले में, एक रिपोर्ट सामने आई कि कुछ ध्वनि तरंगों को पानी के नीचे अवलोकन के हिस्से के रूप में उपयोग किए जाने वाले सोनार उपकरण द्वारा एकत्र किया गया था।	रिपोर्ट के मुताबिक, जल क्षेत्र के जल क्षेत्र में एक व्यापक समस्याओं को मजबूत करने के लिए इस्तेमाल किया गया है।
4	दादीजी के लिये कुर्सी लेता है	दादीजी के लिये कार लेता है।
7	गौ या बैल या छोटे-छोटे गड्ढे में वापस लाया जाएगा।	गायों को या पौगलों को या पौटों को साफ में लगा दिया जाएगा।
7	मंदिरों में, धार्मिक कार्यक्रमों में, विभिन्न स्थानों पर शोभायात्रा भी हुई.	मंदिरों में धार्मिक कार्यक्रम, कार्यक्रमओं में विभिन्न स्थानों पर भी भाग लिया गया।
1	शरण लेने	किया
7	यदि तुम अभ्यास में भी असमर्थ हो तो मत्कर्म परायण बनो	आप लोग इस प्रकार तुम्हारा भी चिन्तन करते हैं, आप मेरे द्वारा किये गये हुए भी कर्मरूप को प्राप्त करते हैं, परन्तु तुम भी अपने कर्म को प्राप्त करते हैं।।
6	आज मेरे मित्र के घर वेदकथा है।	आज मेरे मित्र के घर वेदकथा है।
7	छात्र – तो मेरे साथ करो ।	छात्र – तो मेरे साथ बात करो।
20	स्वास्थ्य मंत्रालय ने कहा कि आर्कटिक में हिमालयी अनुसंधान केंद्रों और अंटार्कटिक में भारतीय अनुसंधान केंद्रों के साथ, भूमध्य सागर के किनारे के देश भी योग प्रदर्शन में भाग लेंगे।	जम्मू-कश्मीर के कहुआ क्षेत्र में स्थित प्रदेश के निवासियों के साथ एक नई दिल्ली में केंद्रीय पर्यावरण मंत्रालय के साथ एक समारोह में भाग लेने के लिए भी अवसर पर एक समारोह आयोजित करेगा।
7	धार्मिक संस्थान पहले निराश्रित पशुओं को पकड़ते थे।	धार्मिक व्यापार पहले जुड़े श्रमिकों को देखाने के लिये उत्सुक थे।
8	वह भी कन्या गुणों से पति के वश में कर रही थी वहाँ।	वह पति और गुणों के पति के पति को वहाँ ले गया।
5	मेढ़ा दौड़ता है, परंतु घोड़ा खड़ा है	भैया गिरेंगे लेकिन दौड़ता है।
5	अहो मालती! आओ बैठो,	ओह माल! आओ, आओ बैठिये।
10	लोकप्रिय कवि भोजपुरी बोलने वाले विनय कुमार शुक्ल ने"विनम्रता"अपने कवियों से सभी उपस्थित लोगों को मोहित कर दिया।	कवि के भोजन के लिए संस्कृत में, विद्या, विद्या, कला, कला, कला, कला, भाग, और सभी लोगों ने भाग लिया।
10	सिंघवी तीन बार सांसद बने हैं। वे देश के सर्वोच्च न्यायालय के वरिष्ठ न्यायाधीशों में से एक हैं।	सिंधी नेता ने दूसरे विधेयक से देश के मुख्यमंत्री पद से देश में अन्य वरिष्ठ स्थानों पर भी एक है।
10	बाद में डॉ. महेन्द्रनारायणराम ने कालिदासीय काव्यों में लोकरीति से वर्णन करने के प्रमाण से महा कवि मैथिल के रूप में स्थापित किया।	बाद में डॉ. महेश्वर यादव ने रामभद्रा के रूप में कालिदास के रूप में बड़े रूप से स्थापित किया।
14	इसके साथ 48 घंटे तक अधिकतम तापमान को 2 से 3 डिग्री सेल्सियस तक कम कर दिया जा सकता है।	इससे अगले पांच दिनों में से 400 किमी से 30 किमी तक कम से कम 20 किमी तक कम से कम है।
1	बैठना	चला गया
7	यह अतिरिक्त प्रेस वाहनों के लिए भी अलग एक स्टेशन होगा।	इसके अलावा, महचालों के लिए भी अलग-अलग वाहनों का भी तीव्रता होगा।
8	उससे स्वयमेव सत्कर्म होगे जैसे बादल वर्षा करते हैं।	उसी प्रकार अपने कर्म के लिए जल भरते हैं जैसे जल गिरते हैं।
7	उपवास के समय भी वह काम तो करेगा ही।	उपवासकाल के समय वह भी काम करेगा।
1	गुप्त बातें जाननेवाले	मन्त्रों को
8	मन ही मनुष्यों के कारण है, बंधनों से मुक्त होने का झुकना है।	मन ही मनुष्य के कारण कारण कारण कारण कारण विभिन्न प्रकार की समस्या है।
4	पंकज यजुर्वेद पढ़ता है ।	पंकज का जो वाक्य पढ़ता है।
12	मुख्यमंत्री सुखविंदर सिंह सुक्खू ने कहा कि शिमलानगर के सड़कों के विकास और विस्तार के लिए करोड़ रुपये का खर्च किया जाएगा।	मुख्यमंत्री सुखविंदर सिंह सुक्खू ने कहा कि शिमला शहर के विकास के लिए करोड़ रुपये का खर्च किया जाएगा।
11	सुरक्षा बल, पीरपंजाल पर्वतों के अन्य क्षेत्रों और प्राकृतिक गुफाओं की खोज कर रहे हैं।	सुरक्षा-बताया गया है कि पृथ्वी-जों के बीच अन्य क्षेत्रों में भी पहाड़-बलों का-पींगों का निरीक्षण करते हैं।
8	राजपथ पर ज्योर्ज पंजम की प्रतिमा स्थापित थी।	राजपूत ही पंचायत के पाँचवें अस्पताल में स्थापित हुए।
8	मुख्यमंत्री सुखविंदर सिंह सुक्खू ने बजट में आदर्श स्वास्थ्य संगठनों का निर्माण करने की घोषणा की थी।	मुख्यमंत्री सुखविंदर सिंह सुक्खू ने  ⁇ udget के आधारभूत स्वास्थ्य योजनाओं का निर्माण किया था।
6	हरिद्वार में उन्होंने गुरुकुल काँगड़ी की स्थापना की।	हरिद्वार में उसनेहरू का प्रयोग किया।
8	प्रारम्भ में, केंद्रीय संस्कृत विश्वविद्यालय के लखनऊ परिसर के शिक्षाशास्त्र छात्राओं ने अनन्या श्रीवास्तव मंगलाचरण किया।	केंद्रीय संस्कृत विश्वविद्यालय के केंद्रीय संस्कृत विश्वविद्यालय के प्रिंसिपल लक्ष्मण ने शिक्षणशास्त्र पर शोध किया।
6	छात्र – तो क्या हो गया ?	छात्र – तो क्या हुआ ?
20	दंभ से कुम्भकर्ण, इन्द्रजीत, अतिकायन, नरान्तक, प्रहस्त बल्कि आपने स्वयं मेरे वचन की अवज्ञा की इसलिये आज उसका ही फल हुआ।	दयानियों ने कहा, "हे वीर ! आप बहुत समय से राजा, शत्रु, वैश्य, वैश्य, वैश्य, तो आज भी उन्होंने भी अपना अपमान किया।
5	चिड़ियाएँ चूं चूं ... कूजन करती हैं।	चिड़ियाएँ और आँखें मिलकर बैठ रही हैं।
5	अब वह प्रतिदिन व्यायाम करता है।	अभी वह हररोज़ बोलता है।
6	बालिकायें पुस्तक पढ़ सकती हैं।	बालिका पुस्तक पढ़ सकती है।
8	इन योजनाओं का लाभ लाभप्रद नहीं हुआ।	इन योजनाओं का लाभ नहीं हुआ।
4	यह राम की किताब है।	यह राम की पुस्तक है।
10	उनमें से गुरु का सबसे प्रिय शिष्य विनयशील, अत्यन्त विनयशील और परमज्ञासु हुआ।	उनमें गुरु के शिष्य ने शिष्यों के नाम का राजा, बल और यशस्विनी, और यशस्विनी।
6	पेंसिल छील कर वह सुंदर चित्र बनाता है।	पेंसिल छील कर वह सुंदर चित्र बनाता है।
6	पुलिस उसके स्थान को प्राप्त करके अन्वेषण कार्य कर रही है	पुलिस उसके स्थान पर काम कर रहा है।
5	विदूषक – क्या दोनों का एक ही उत्तर है?	विदूत – क्या ? दूर हो गया है ?
8	छात्रों के लिए प्रशिक्षण संस्थानों के लिए भी नेट बुक का निर्माण करना होगा।	छात्रों को अब प्रशिक्षण के लिए भी मार्ग निर्माण किया जाएगा।
7	प्राचीनकाल में यही भाषा भारत देश की राष्ट्रभाषा थी।	पूर्व समय में भारत के साथ ही राष्ट्रभाषा राष्ट्रभाषा थी।
9	मुख्यमंत्री महाशय ने हमारे विद्यालय के शिक्षकों को बहुमूल्य वस्त्र दिये ।	उन्होंने मुख्य मंत्री विशीलता की शिक्षा और कुछ वस्त्रों को खरीद दिया।
17	केंद्रीय मंत्री अश्विनी वैष्णव ने भारत राष्ट्र को विश्वास के योग्य बताया कि भारत एक विश्वसनीय राष्ट्र है जो व्यापार के लिए योग्य है।	केंद्रीय मंत्री पीयूष मोदी ने विश्वास में विश्वास व्यक्त किया कि भारत देश के साथ विश्व की समृद्ध राष्ट्र की समृद्धि के लिए विश्व का निर्माण किया जा रहा है।
1	पैर	पैर
4	मैं पक्षियों को दाना देता हूँ।	मैं चोंच को दूँघता हूँ।
3	संचालक कहाँ खड़ा रहेगा ?	पैदल ही कहाँ रहेंगे ?
1	स्नेही	चिकना
1	नेता	प्रसिद्ध
9	मंजुला – ना , यहाँ संस्कृत सम्भाषण होता है न ?	हिमांशु – न केवल संस्कृत में बातचीत हो रही है न ?
7	एचपीसीए परीक्षण समय में आमंत्रित अतिथियों की सूची जोड़ी जाती है।	एचजीवी के अनुसार, सीवी के समय स्वामीओं को प्राप्त करता है।
9	प्रशासन का परिस्थितिजन्य संबंध-ग्रेटा ने मामले पर अनसुलझी सुनवाई के खिलाफ काउंटी अदालत में याचिका दायर की।	प्रशासन ने सूचना दी है कि इलेक्ट्रिक-यह इलेक्ट्रिक समूह के पास संबंधित है।
6	और अपने परिवार का सम्मान अवश्य बढ़ेंगे।	अपने परिवार और सम्मान अवश्य बढ़ेंगे।
16	इस अवसर पर बोलते हुए प्रधानमंत्री ने कहा कि वीर बालक दिवस भारत की रक्षा के लिए और सुरक्षा के लिए कुछ भी करने के लिए दृढ़ संकल्प का प्रतीक है।	इस अवसर पर प्रधानमंत्री ने कहा कि प्रधानमंत्री ने भारत के युवा समुदाय के नेतृत्व में गणतन्त्र दिवस का उपयोग किया है और भी सुरक्षा व्यवस्था के लिए प्रौद्योगिकी व्यवस्था का उपयोग किया है।
3	मन्दिर में भक्त जाता है।	मन्दिर से भक्त जाती है।
4	भरतभाई सारी व्यवस्था देख रहे हैं।	भरत – सभी सभीने मुझे छोड़ दिया।
7	उन्होंने इस मौके पर सभी नागरिकों को आजादी और अन्य शुभकामनाएं भी दीं।	इस अवसर पर सभी नागरिकों ने प्रगति के लिए भी आग्रह किये।
3	तथा जिस दिन श्मशान में गमन हो और युद्धके दिन महोत्सव और उत्पातके दिन पढ़ना पढ़ाना योग्य नहीं तथा जिन दिनोंमें ब्राह्मण नहीं पढ़ते जैसे प्रतिपत् उन दिनोंमें नहीं पढ़ना और अशुद्ध होकर किसी दिन भी न पढ़े ॥	पाए हुए लद्माख के पांचों पर से एक महान मंदिर पर महसूस हो गए।
4	क्या आप लिखती हैं ?	आप क्या लिख रहे हैं ?
1	कस्टर्ड फल	सीता का छिलना
9	केरल की मछली-महासागर अनुसंधान विश्वविद्यालय के वैज्ञानिक इसके''होराग्लानिस पोपुली''वैज्ञानिक नाम दिया गया है।	केरल के कहुआ-अम्या विश्वविद्यालय के कुलपति ने इस तरह का सबसे बड़ा वैज्ञानिक हिस्सा लिया।
6	हम सभी शहीद सैनिकों को श्रद्धांजलि देते हैं।	हम सभी तो महाराणाही लोगों को श्रद्धांजलि देते हैं।
5	चन्द्रमा किनका आभूषण है?	इस गाँव में कौन-सा है?
15	अनुसूचित जाति के एक व्यक्ति द्वारा गैर जाति के व्यक्ति को अपनी जमीन बेचने के मामले में जनपद स्तर से संस्कृत में फैसला जारी किया गया-मजिस्ट्रेट डॉ. ए.केचन्द्रभूषणः।	सूचना प्रौद्योगिकी मंत्रालय ने अपने सम्बोधन में अपने सम्बोधन में कहा कि संस्कृत भाषा के विषय में केरल के प्रतिनिधित्व किया गया था-उन्होंने संस्कृत-अकादमी के स्थान पर डॉ. चंद्रदीप चंद्रदीप सिंह ने नृत्य किया।
6	लक्ष्य भी शिक्षा के द्वारा सुचिन्तन किया गया परिष्कृत सामाजिक उपयोग है।	लक्ष्य भी सुगमता सुगमता के माध्यम से समाज में पैदा होता है।
1	गोद में	प्राप्त हुआ
12	वह बेंगलुरु पटना पटली के पुत्र एक्सप्रेस का एसीटर बी-कोच में नियुक्त थे।	वह बैंगलुरु शहर के बेटे जिले के एक बेन में एक बैंगियन-अबरी में नियुक्त थे।
7	इस अवसर पर उसने लोगों को भी संबोधित किया।	इस अवसर पर उन्होंने लोगों को भी संबोधित किया।
8	चन्नम्मा कहाँ गई कोई जानता है क्या ?	क्षमा करना चाहिये, कल तक कोई भी जानता है?
4	माँ पुस्तकें पढ़ती हैं।	माँ पुस्तकें पढ़ता है।
7	कोई भी जिज्ञासु में प्रवेश पा सकता है।	कोई भी जिज्ञासु तो प्रवेश कर सकता है।
12	अतः आप विविध भाँति यज्ञों से यजन कर पुनः वंशवृद्धि के लिये पुत्र उत्पन्न कर उसके बड़े होने पर राजसिहासन पर बैठाकर वन को जायें ॥	हे पुत्र ! यज्ञ के लिये पुत्र के पुत्र का जन्म लेकर आप राज्य के समय पुत्र (आप) पुत्र (क्यों के साथ) पुत्र (क्यों को प्राप्त करने के लिए) पुत्र (क्यों को) प्राप्त करने के लिए आप समर्थ हो जाते हैं।
6	इस चलचित्र का निर्देशन शाउना गौतम करेगी।	इस फिल्म का निर्देशन गगन गगन के साथ करेगा।
7	काश्य का यह परिवार समृद्ध, विद्वान् और भगवद्भक्त था।	काशी के परिवार के परिवार का यह समृद्ध और भगवान् भगवान् भगवान् भगवान् भगवान् श्रीराम थे।
11	बुधवार को व्यापार सत्र में रुपये की कीमत में पैसे की बढ़ती संख्या के साथ डॉलर के खिलाफ थी।	बुधवार को विधानसभा के तहत करोड़ रुपये का मूल्य बढ़ गया है।
11	नागालैंड में तापी विधानसभा क्षेत्र में हुए उपचुनाव में राष्ट्रीय जनता पार्टी के वांगपांगकोन्याक ने जीत हासिल की।	नागैंड के राष्ट्रपति चुनाव से चुनाव के लिए सत्तारूढ़ बीजेपी ने मतदान किया है कि बीजेपी ने सत्तारूढ़ विधानसभा चुनाव में अचुनाव का सामना किया है।
6	हमारे सैनिक उनका आदर करते थे ।	हमारे सैनिक उसके सम्मान में रहते थे।
4	उनके द्वारा भगवद्गीतापढ़ी जानी चाहिये ।	उसने भगवान् को गीता पढ़ाई।
3	तोरण भी लटकाऊँगी।	रस भी रखूँगा।
5	कार्यशाला में 35 शिक्षकों का प्रशिक्षण हुआ।	कार्यशाला में 35 शिक्षकों की प्रशिक्षण हुई।
4	सुरक्षा चक्र में वृक्ष हैं।	सुरक्षा के कारण वृक्ष हैं।
8	अखिलेश ने कहा कि आज बहुत ही अच्छा दिन है।	अशोकसिंह ने कहा कि आज बहुत शुभ दिन है।
8	जब तक इनका उपयोग नहीं किया जाता, तब तक इनका साज-सज्जा में नुकसान होता है।	जो मनुष्यार्थ के लिए उचित नहीं होता वह सूटी के समान होता है।
9	अनुराग ठाकुर, इस निर्णय के लिए प्रधानमंत्री नरेंद्र मोदी, केंद्रीय रेल मंत्री अश्विनी वेष्णव ने आभार व्यक्त किया।	अनुराग ठाकुर ने इस निर्णय में प्रधानमंत्री नरेंद्र मोदी, केंद्रीय मंत्री अनुरागगोयल ने केंद्र के उद्घाटन समारोह में धन्यवाद व्यक्त किया।
3	उत्पन्न करने के लिए समर्थ नहीं होगा ।	निर्माण करने के लिये तैयार नहीं है।
4	मैं आपसे मिलना चाहती हूँ	मैं आपसे मिलना चाहता हूँ।
10	गोशाला में सोलन जिले के पट्टा और कांगड़ा जिले के पालमपुर में अनुमोदन किया गया था।	गोला जिले के कोझिकोड जिले के कोझिकोड जिले के कुटु जिले के कुण्डल जिले के कुर्गुपल्ली जिले के कुर्ग क्षेत्र में एक विशेष रूप से मंजूरी दी गई है।
4	वह कमण्डल में दूध ले जाता है ।	वह डुटबॉल दूध लाता है।
4	वे कैसी श्रज्ञा का प्रचार करते थे ?	वे कैसे हैं यह कैसे है ?
4	वह मलयालम भाषा में बोलती है	वह ग्वाला भाषा में बोलता है।
18	जुआरी अपनी पत्नी को, दूसरों की पत्नी को और उनके सुन्दर सजे हुए घर को देखकर दुखी होता है। दिन में वह निश्चय ही भूरे रंग के पासों को दाँव पर लगाता है तत्पश्चात रात्रि में नीच आचरण करता हुआ अग्नि के समीप पड़ा रहता है।	जो मनुष्य दूसरे के पास एक ही पक्षी है, वह एक ही मूर्ख है, जो वृक्ष के अंदर ही वृक्ष के समान है, जो वृक्ष के ऊपर ही आग के टुकड़े के फल के फल के फल के फल के फल के फल के फल के फल के फल के फल के फल के फल के फल के फल के फल के फल के फल के कारण ही होते हैं।
9	केवल पश्चिम के लोग इस दुरुपयोग को करके देश को अधिराज्य में स्थापित कर दिया।	इस नदियों के द्वारा खाया गया देश के लिए सूर्य की रक्षा की गई।
11	राम मंदिर और रामलला के प्राणों की रक्षा के लिए तेज प्रताप ने पहली बार वक्तव्य नहीं दिया।	राम मंदिर और रामलला ने प्राणप्रतिष्ठा के विषय में पहली बार विद्या का उत्सव नहीं दी।
1	वायु से होने वाला विकार	बहुत अधिक सुन्दर
8	बाह्य अंतरिक्ष देवदूतों की ओर से अब तक हजारों अवशेष बाह्य अंतरिक्ष में ढेर हो चुके हैं।	जापान के कई हिस्सों में अब तक ढगानिन ट्रक किए गए हैं।
12	सोना-रोता 2024 फरवरी-माह की 16 तारीख को सोने के चांदी की एक बड़ी कीमत हुई.	सोने-खेल के महीने की तारीख को दोपहर-माह की तीन तारीख को पटना समेत सबसे कम हो गई।
11	धार्मिक राजर्षि का यह वाक्य सुनकर महर्षि पुलस्तय ने उस कन्या को विवाह करने का निर्णय लिया।	धार्मिक को राजा ने उस वचन को सुनकर मुनि को आश्वासन दिया।
10	1900 के छात्र शम्मीशर्मा ने जम्मू-कश्मीर राज्य के प्रसिद्ध मेलों के विषय पर अपना मत दिया।	पहले दिन-समय पर छात्रों ने संयुक्त राष्ट्र के वरिष्ठ अधिकारी एवं गुजरात के साथ अपने-अपने-अपने-अपने आप दोनों देशों के बारे में गहराया।
6	मत करो , मत करो रास्ते को अस्वच्छ।	क्षमा करिये, नहीं तो रास्ता न करो।
11	हिमाचल प्रदेश मेंनारंगी रंग की चेताना के बीच तीसरी दिन तक वर्षा हुई और बर्फबारी जारी है	हिमाचल प्रदेश के नारौर के बङ्गला में प्रातः तक तीन बार और बर्फबारी के बीच है।
10	मतदान प्रक्रिया लगभग चौथाई घंटे की हो गई, इसलिए सभी लोगों के मतों पर मतदान हो गया.	मतदान के लिए लगभग आठ बजे तक दोपहर तक दोपहर तक आयोजित की गई, सभी मतदाता भी मतदान हुए।
13	विदेश में ज्ञान, घर में अच्छे स्वभाव और गुणस्वरूप पत्नी, औषध रोगी का तथा धर्म मृतक का सबसे बड़ा मित्र होता है।	विद्याहीन व्यक्ति के घर में रहने वाले, मित्र, मित्र, घर, घर, मित्र, मित्र, मित्र, मित्र, मित्र, मित्र, मित्र, मित्र, मित्र, मित्र, मित्र, मित्र, मित्र, मित्र, मित्र, मित्र, मित्र, मित्र, मित्र, मित्र, मित्र, मित्र, मित्र, मित्र, मित्र, मित्र, मित्र, मित्र, मित्र, मित्र, मित्र, मित्र, मित्र, मित्र, मित्र, मित्र, मित्र, मित्र, मित्र, मित्र, मित्र, मित्र, मित्र, मित्र, मित्र, मित्र, मित्र, मित्र, मित्र, मित्र, मित्र, मित्र, मित्र, मित्र, मित्र,
6	एक युवती समाचारपत्र में अपना चित्र देखकर खुश होती है।	एक विवरण में हस्ताक्षर करके अपना चित्र कैलाश देखा जाता है।
10	मोदी धार रतलाम-जनपदों के हजार से अधिक गांवों को पेयजल पूर्ति-योजन के आधारभूत पत्थर को स्थापित किया।	मोदी ने शहर-स्पीति-स्पीति के कई गाँवों के शिलान्यास के लिए एक योजना का शिलान्यास किया।
3	ईश्वर सुखी लोगों को हंसाएगा।	ईश्वर सुख से मुक्त होता है।
1	निर्बल सेनाओं को	विख्यात
4	गोष्ठी-प्रथित प्रांत मंत्री प्रमोद शास्त्री द्वारा प्रस्तुत।	-चैंजियेय मंत्री ने नई दिल्ली में सामानी व्याख्यान दिया।
5	उसे संस्कृत भाषा पसंद है	उसकी संस्कृत भाषा में अच्छी लगती है।
6	तुम आज कब विद्यालय जा रही हो ?	आप आज विद्यालय जाते हो ?
12	वह पूरी तरह से निराश हो गया, परन्तु उसकी एकाकीता की वजह से उसकी चिन्ता शान्त हो गई।	वह वैशाकार से मुक्त हो गया, परन्तु उनके एक ही रूप से उसका जन्म करना चाहिये।
5	हीरजीभाई ने बाबासाहेब अम्बेडकर का जीवनदर्शन समझाया।	इसी प्रकार ही आलुपद ने राटिका के विवाह के लिए जीवन में जीवन का जीवन दिया।
8	यह अनुमानित पद्धति है जिसमें हम पाँच कोश से क्यों अलग रहते हैं।	यह कहा गया है कि यह पांचों के लिए है। यह लक्ष्य है कि यह नित्य (आस) है।
7	पोता - मैं यहाँ काँच के पीछे बैठता हूँ ।	पोता - मैं यहाँ काँच के पास बैठता हूँ।
5	हरि उसको गांव पहुंचाते हैं।	हरिश्चन्द्र उस गाँव को उठाता है।
5	अनुचित कर्म का फल अनुचित ही होता है।	कर्म के बिना कर्म का फल ही होता है।
10	ऐसे अनेक प्रकार के यज्ञों का ब्रह्मा के मुख अर्थात् वेदों में प्रसार है अर्थात् वर्णित हैं। उन सब को कर्मों से उत्पन्न हुए जानो	इस प्रकार यज्ञ के कारण यज्ञ के लिये किये गये यज्ञ के लिये किये गये, उसी प्रकार मुझे जानकर, यज्ञ के लिये, यज्ञ के लिये, त्याग के लिये, त्याग के लिये, त्याग के लिये, और कर्म के लिये, और कर्म के लिये, और कर्म के लिये, और कर्म के लिये, और कर्म के लिये, ये दोनों के लिये, ये लोग मेरे द्वारा कहा गया है।।
5	मेरी एक दुकान है।	मेरा एक थैला है।
12	दोष रहित परमात्मा रूप जीव इन सबसे पृथक है। उस जीव को जानने का साधन अब में बतलाता हूँ सुनो ॥	हे प्रभो ! इनकी भक्तिसे मैंने मुझे अपने जीवन में सुना है, आप मुझे आप मुझे भी जान दीजिये ॥
7	पुरस्कार प्रयोजक आचार्य प्रताप सभी विजेताओं को पुरस्कार प्रदान करेंगे।	पुरस्कारयात्रा का समापन श्री लाल बहादुर शास्त्री ध्यान प्रतियोगिता में आयोजित किया जाएगा।
10	बोधि नामक ग्रन्थ संस्कृत और पालि में भी प्रसिद्ध है।	जो संस्कृत भाषा और भाषा का नाम है, और नाम भी प्रसिद्ध है।
9	हम कहते हैं कि लक्ष्य ने आज तक किसी भी दूरदर्शन प्रदर्शन में काम किया है।	लक्ष्यों को आज भी नया नाम भी दिया गया है कि इसका काम पूरा कर रहे हैं।
10	उनमें से गुरु का सबसे प्रिय शिष्य विनयशील, अत्यन्त विनयशील और परमज्ञासु हुआ।	उनमें गुरु के शिष्य ने शिष्यों के नाम का राजा, बल और यशस्विनी, और यशस्विनी।
7	आती हूँ, चलें किसकी दुकान चलें ?	मैं कब सेल्फी जाऊँ ?
22	इन फूलों का रंग हल्का और सफेद होता है। आमतौर पर यूरोप में देखे जाने वाले ये फूल इस अवसर पर कश्मीर में खिलते हैं, दर्शक इस मनमोहक दृश्य को अपनी आँखों से पीने के लिए उमड़ पड़ते हैं।	फूल के प्रलयों और पावनताओं के साथ आप कलाएँ, साधिक और स्वच्छ भारत कलाएँ विभिन्न प्रसिद्ध हैं। इस प्रकार के विभिन्न अंगों में इस तरह के लिए पुष्पों का प्रचार किया जा रहा है।
7	इटली के युवा टेनिस खिलाड़ी यानिक ने सीन के साथ इतिहास बनाया।	इटली देश के युवा टेनिस टोट-बिकट-बिकटियन-बिकटिंग ने इतिहास के इतिहास के लिए इतिहास का निर्माण किया।
7	ऋषियों के आश्रम में जाकर लोग उपासना करते थे।	ऋषिगण आश्रम जाकर लोग पैदल ही करते थे।
4	पाँच लड़कियाँ है।	पाँच लड़कियाँ हैं।
5	प्रधानमंत्री ने भी विपक्ष का सहयोग मांगा।	प्रधानमंत्री ने भी विपक्ष के साथ कार्य किया है।
4	मैंने एक सेविका को बुलाया ।	मैंने एक भेजा।
5	घर में हिन्दी भाषा में सम्वाद होता था	घर में हिन्दी भाषा में सम्वाद होता था।
6	नहीं समझ आ रहा है कि आज शब्द कहाँ गए।	नहीं समझते हैं कि आज शब्द कहाँ है।
4	वे कैसी श्रज्ञा का प्रचार करते थे ?	वे कैसे हैं यह कैसे है ?
3	याद है न ?	याद करता है ?
1	बादल को।	बादल
3	इसे वही छोडो	ठीक है
4	भारतीय परिवार व्यवस्था अच्छी हैं ।	भारतीय परिवार-अभिमान व्यवस्था है।
4	मैं अब मणिका पढ रहा हूँ।	मैं अब खुश होता हूँ।
10	क्रिकेट परंपरा के पहले टूर्नामेंट के पहले मैच में बैटिंग करने वाली ऑस्ट्रेलिया की टीम 177 रन पर आउट हो गई।	1900 के दशकों को पहली बार दूसरे स्थान पर श्रीलंका ने टुटबितंड को हराकर 15 रन बनाकर बाहर आउट हो गया।
3	शिशु पालने में सो गया।	बालक ने गिलास से हँघाया।
7	एनपीएस में राज्य का 8 000 करोड़ रुपये से अधिक योगदान है-बीच में लटका हुआ है.	राज्य के 200 करोड़ रुपये से अधिक से अधिक से अधिक से अधिक से अधिक-अन्नह हजार हजार हजार हजार हजार हजार हजार है।
4	मैंने चुपचाप सब खा लिया ।	मैंने शान्त मन से सभी खाया।
3	आप सब पढ़ें।	आप पढ़ें।
6	इस समय भारत विश्वमित्र की धारणा को बढ़ाता है।	अब भारत विश्व के मित्र की समस्याओं का उपयोग करता है।
9	भारत में सात दशकों के बाद चित्रकारों के आगमन पर वन्यजीव वैज्ञानिक भी खास खबरों के साथ आशंका जता रहे हैं.	भारत में सातवीं बार चित्रों के चित्रों के साथ लगातार बैठक करते हैं और प्रत्येक व्यक्ति के साथ वार्तालाप कर रहे हैं।
6	समारोह का संचालन बीनाबेंजवाल और रोशनगौड ने किया।	समारोह का संचालन एस.एस.एस.एस.एस. ने किया।
9	यह सभा पर्यावरण परिवर्तन से जुड़े जटिल विश्वचुनावों का निवारण करने के लिए भारत और अन्य देशों के साथ सहयोगात्मक प्रयासों को दर्शाती है।	जलपति जलपति ने सेनाओं के बीच के लिए और सुरक्षा के लिए और नीति के साथ विभिन्न पक्षों का उल्लंघन करने के लिए यह प्रयास किया है।
17	और भक्तिपूर्वक श्रीराम और लक्ष्मण के चरणों को अच्छी तरह धोया तथा उस चरणोदक को अपने शरीर पर छिड़ककर श्रद्धायुक्त हो अर्थादि विविध सामग्रियों से श्रीरामचन्द्रजी और लक्ष्मणजी की विधिवत् पूजा कर अमृत के समान दिव्य फल जो उसने वह श्रीरामचन्द्रजी के लिये एकत्रित कर रखा था हर्ष पूर्वक लाकर भक्तिभाव से उन्हें प्रदान किया तथा उनके चरणाविन्द की पूजा चन्दन युक्त सुगन्धित पुष्पों से की ॥	श्री रामजी बोले हे राम ! श्री रामजी ने आपके चरण कमलों से घिरे हुए, जिनके चरण कमलों से, वस्त्र धारण किये हुए, जिनके नेत्रों से, वस्त्र धारण किये हुए, जिनके नेत्रों से, वस्त्र धारण किये हुए, जिनके नेत्रों से, वस्त्र धारण किये हुए, वस्त्र धारण किये हुए, जिनके नेत्रों से, कमलों से, कमलों से, वस्त्र धारण किये हुए, वस्त्र धारण किये हुए, जटादि धारण किये हुए, श्रीलक्ष्मणजी और श्रीलक्ष्मणजी के साथ, श्रीलक्ष्मणजी के साथ, श्रीलक्ष्मण और लक्ष्मणजी के साथ मैं उन दोनों के साथ नमस्कार करती हूँ
6	यह विधेयक पूर्व चुनाव आयोग के पास होगा-विधेयक के पद पर बनेगा।	यह विधेयक पूर्व चुनाव पूर्व चुनाव का पक्ष-यह दल द्वारा आयोजित करेगी।
3	वस्त्र निर्माण किससे होता है?	किन सब वस्त्रों से निर्मित होता है?
3	दीप से प्रकाश होता है	दीपक प्रकाश होता है।
1	बनाई हुई	किया
6	यह दाहिने हाथ से भोजन शर बांये से जल पीता है।	यह कहकर दुल्रे हाथी के पास जाता है।
4	अभिषेकमनुशवी कांगग्रेस के राष्ट्रीय प्रवक्ता हैं।	अभिषेक समारोह में कांग्रेस पार्टी के शीर्ष नेता हैं।
14	रमेश अनंतपुर में केरल संस्कृत शिक्षक महासंघ द्वारा आयोजित अधिकार संरक्षण आंदोलन का उद्घाटन करते हुए बोल रहे थे।	केरल के संस्कृत शिक्षकों के लिए एडोपीय कार्यक्रम में आयोजित विभिन्न क्षेत्रों में कैफलपुर में आयोजित एक समारोह में मुस्कीमा मजाटी की मजाईईईईईई की भाषा दी गई थी।
6	मैं वाहन चलाने में निपुण हो गया	पर्की से मैं बस भर गया।
8	यह परमशक्ति ही यह सम्पूर्ण जगत् को निरन्तर चलाती है।	यह परम जीवन है यह दुनिया के प्रत्येक विश्व में विशेष है।
11	विपम अनि अन्न का पाक विषम रूप मे करके धातुजो मे भी विश्रमता उत्पन्न कर देता है। तीक्ष्णामि को यदि आहार रूप इधन न मिले तो वह धातुओं को ही सुखाने लगता है ॥	जैसे बुद्धिमान मनुष्य को चाहिए, वैसे ही ठगड़े काजल का विष भी काटता है, वैसे ही नष्ट हो जाता है, वैसे ही वह बुरी के हाथ में तिनड़ड़ा कर देता है।
7	उसने समानबोध किया ईश्वर सबव्यापक और सबदर्शी हैं।	उन्होंने जगत् में ईश्वर को सब कुछसारा चढ़ा दिया है।
14	ईएमए के अंग मार्को कैवल्ली ने कहा, नई लहर की प्रकृति फेलोशिप ओरिएंटेशन की ओर भी केंद्रित है।	नई दिल्ली में नवरात्रि के प्रिंसिपल और पावनी दी गई है कि वह बङ्गुबी में फुबी हुआ है।
20	भीम के आने के विषय में जानकर हनुमान सोचता है कि आगे तो स्वर्ग का मार्ग है इसलिये भीम के लिए स्वर्ग के मार्ग में जाना अधिक हानिकारक होगा।	भीम के बारे में ऐसा बात करता है कि यहाँ सोचता है कि यहाँ तो स्वर्ग की गति के लिए वन में वन में अधिक बल होगा।
6	क्योंकि वन में ही सुरक्षित पर्यावरण प्राप्त होता था।	किसी वन में आर्थिक पर्यावरण की रक्षा करनी चाहिए।
7	विवाह में रेलमार्ग से हॉलीवुड तक तारे भी प्रदर्शन करेंगे।	विवाह के अनुसार, बस की दूत भी प्रदर्शन करेंगे।
1	उसमें	उस समय
1	सांड	बैल
4	मैं असत्यभाषण नहीं चाहती हूँ।	मैं असत्यभाषण नहीं चाहता हूँ।
5	वह मेरी पुस्तक कहाँ रखता है?	वह मेरी पुस्तक कहाँ रखती है?
29	केंद्रीय गृह मंत्री अमित शाह ने कहा है कि भारतीयों से अधिक न्याय प्रणाली अगले पांच वर्षों में विश्व की सबसे आधुनिक प्रणाली होगी। श्री शाह द्वारा आज गांधीनगर में राष्ट्रीय परीक्षण-वैज्ञानिक-विश्वविद्यालय में डिजिटल फॉरेंसिक में यह उत्कृष्टता केंद्र के उद्घाटन के बाद बताई गई थी।	केंद्रीय गृह मंत्री अमित शाह ने कहा कि भारतीय जनता पार्टी के पचास से अधिक-दो हजार करोड़ से अधिक-दो हजार करोड़ रुपये के खर्च से अधिक राष्ट्रीय-दो हजार-दो हजार-दो हजार-दो हजार से अधिक राष्ट्रीय-दो हजार-दो हजार-दो हजार से भी राष्ट्रीय ध्वज बन जाएगा।
4	हिमांशु –क्यों ?	हिमांशु – क्यों ?
6	आज तक उसने अनेक छात्रों को पढ़ायी है।	आज से वे बहुत छात्रों को पढ़ाया गया।
6	तो अब मैं विद्या प्राप्त करने के लिए गुरुकुल जाता हूँ। (प्रणाम करता हुआ चला जाता है)	विद्या के द्वारा विद्या की प्राप्ति के लिए गुरुकुल जाता हूँ।
1	लीन।	बढ़ाने के लिए
6	टेस्ट का पालन किया जाएगा, वोल्फ ने कहा।	एएस ने कहा कि एक्रेन में एओसीओ के माध्यम से किया गया है।
3	यजमान दरी पर बैठता है।	परमना दाना देर बैठता है।
13	संयुक्त राष्ट्र महासभा के आठवें सत्र के अध्यक्ष डेनिस फ्रांसिस आज से पांच दिवसीय दौरे पर भारत आएंगी।	संयुक्त राष्ट्र के चौदहवें दिन के अध्यक्ष मल्लिकार्जुन खड़गे आज शाम को भारत के पांचवें स्थान पर चले गए।
6	शायद वह संस्कृत के विकास के लिये काम करेगा	कभी संस्कृत के विकास के लिये वह काम करना चाहता है।
14	जिसमें हरिनामके उच्चारणमात्रसे कोई विकार नहीं होता वह हृदय नहीं पत्थर है। जब विकार होता है तो नेत्रोंमें जल और शरीरमें रोमांच हो आता है ॥	उस समय जब कोई भी आकाशमें उत्पन्न होता है, तो वह त्याजके घरमें ही रहता है, या न ही किसी अन्य जीवके समान जलको भी नहीं होता, जैसे जलसे उड़ाकर ही रहता है
10	टारगेट बॉल की जीत में ऑस्ट्रेलिया की टीम ने 20 गेंदबाजों में 216 रन बनाकर जीत हासिल की.	लक्ष्य के लिए ऑस्ट्रेलिया ने ऑस्ट्रेलिया को जीतकर 22 रनों में हराकर 23 रन बनाए।
7	केवल राज्य स्तर पर चयनित विद्यार्थियों को ही भाग लेने की अनुमति है।	क्षेत्र में छात्र भी यहाँ भाग ले रहे हैं।
8	मुम्बई में वह आतंकवादी हमलों की स्मारक में शहीद वीरों को पुष्पंजलि देगा।	मुम्बई में वह आतंकवादियों के साथ-साथ स्वच्छिगों के साथ पुष्पों का पुष्प बदलता है।
1	विचार करना	खाना
4	धर्मों ने कहाँ पर विकास प्राप्त किया है?	कहाँ धर्म ज्ञानक का ज्ञान कहाँ हुआ?
13	हे सुव्रत ! जिस स्थान पर श्रीरामचन्द्रजी को तुमने देखा था, कृपा कर वहाँ मुझे ले चलो। उन्होंने सीताजी के साथ हित जहाँ शयन किया था वह स्थान मुझे दिखलाओ ॥	जहाँ राम ने सीता को देखकर पूछा हे राम ! मुझे मेरा राज्य देखिये, मुझे मेरा ही राज्य दिया है। यह सुनकर वह शीघ्र ही मुझे अत्यन्त भयभीत हो गया ॥
1	प्रदान करता है	छिड़फता है।
10	आमोद-प्रमोद के अनुसार वाणीकपूर रेड ने अजय के खिलाफ''कास्ट' किया।	पहुंचे समारोह के अनुसार, अखिलेश खान ने फिल्म के खिलाफ''है''इसकी फिल्म को निर्देशिका''इसकी जानकारी दी।
1	बनने के लिए	प्रतिदिन
3	कौए ने लड़के के हाथ से रोटी लेली।	बगुले के लिये बालगुली की चपेटेंडें।
6	इसीलिए हमीरपुर जिले को संस्कृत प्रतियोगियों को विजयवैजयन्ती पुरस्कार दिया गया है।	इसीलिए संस्कृत शिक्षकों को भारत के लिए पुरस्कार के लिए पुरस्कार दिया गया।
4	मैंने दूध पी लिया	मैंने दूध पीया।
5	संस्कृतज्ञ शिष्ट लोगों को संस्कृत जना रहा है।	संस्कृत भाषा के माध्यम से लोगों को संस्कृत का उपदेश देता है।
7	विविध विद्यालयों के छात्र भी वहाँ बैठे थे।	विविध विद्यालयों में भी वहाँ थे।
6	किसी प्रकार उसने अपने पात्र को घर के अंदर ले लिया।	ऐसा सोचकर वह अपने घर से निकल गया।
5	जैसा जानता है वैसा सच कंहं।	संजय को पूछता है कि ऐसी बात है।
19	संस्कृत के प्रचार-प्रसार के लिए दिन-रात संस्कृत संभाषण के माध्यम से जनजागरण कर रही संस्कृत भारती अब जगह-जगह संभाषण शिविर, अध्ययन और विभिन्न ग्रंथों पर व्याख्यान का आयोजन करती है।	संस्कृत प्रचार-प्रसार के लिए संस्कृत के प्रचार-प्रसार के लिए संस्कृत भारती आज-साथ संस्कृत के प्रचार-प्रसार के लिए अब विभिन्न विषयों पर चर्चा करता है और अब व्यापक रूप से भाग लेने के लिए आह्वान करता है।
8	अन्य महिलाओं में निफ्टी कम होने के कारण खोल दिया गया।	बेहद का कहना है कि सबसे कम तापमान कम हो गया है।
5	अभी मैंने सारे काम पूरे किये।	अभी मैंने सारे काम किये हैं।
8	उन्होंने कहा कि द्विगुणित शक्ति के माध्यम से सरकार ने लोगों का जीवन सुलाया है।	उन्होंने कहा कि शक्ति और शक्ति की रक्षा में राज्य सरकार की जीवन में लोगों की जीवन पैदा हो गई है।
8	साथ ही ब्लॉक-जिला-राज्य-स्तरों के अधिक छात्रों ने भी भाग लिया।	और भी चट्टान-एड-राज्यों के राज्यों में भी छात्रों ने भाग लिया।
4	जानसन अब क्या करता है?	अब क्या कर रहा है ?
5	वह हिन्दी नहीं जानता है।	वह हिन्दी नहीं जानता है।
9	चर्चा में विभिन्न क्षेत्रों के प्रमुख महिला नेता समुदाय के-वृद्ध और युवा लोग उपस्थित थे।	चर्चा में क्षेत्र में विभिन्न क्षेत्रों में विभिन्न क्षेत्रों में विभिन्न विभिन्न सुरक्षा क्षेत्रों में व्याख्यान डाला गया।
8	कार्यक्रम की शुरुआत वैदिक मंगलाचरण के साथ हुई जिसके बाद विश्वविद्यालय गान गाया गया।	कार्यक्रम का संचालन वैदिक मंगलाचरण के साथ हुआ।
6	बहरा कौन है? जो कल्याणकारी बातें नहीं सुनता हैं।	कौन बालक कहाँ से कोई नहीं सुनता है?
9	वहाँ चतुर्दश वर्ष की उनके अध्ययन के लिए राजेन्द्र अध्यापक जी के संस्कृत स्कूल में नाम दर्ज किया गया।	वहाँ वर्ष की शुरूआत उसके लिए उनके लिए संस्कृत शिक्षकगण ने एक दिव्य भाषा का नाम प्रस्तुत किया।
14	पुरस्कार विजेताओं में आकांक्षी-दो जिलों सहित आठ राज्यों से केंद्र-शासित प्रदेशों से भी दस नए बच्चे शामिल हैं।	पुरस्कार के लिए विभिन्न जिलों में नौ-तीन से अधिक दो राज्यों के बच्चों के लिए राज्य के दो बच्चों के लिए नौ बालिकाएँ हैं।
6	अर्जुन ने इन्द्र से दिव्य शस्त्र माँगा ।	अर्जुन ने दिन से ही शस्त्र का प्रयोग किया।
6	भारत में तीन सौ से अधिक ओमीक्रॉन भिन्नताएं, जो बहुत अधिक गंभीर नहीं हैं, पाई जाती हैं।	नहीं, त्रूचिस्तान के तीन सौ से अधिक लोग भारत के लिए जाते हैं।
10	पुरानी लीक पर चलने वाला यह संसार धर्म के विषय में एक ब्राह्मण को चाहे वह गो घातक ही क्यों न हो जितना प्रमाण मानता है, उतना वह एक उपदेश देने वाली धर्मरता कुलटा को प्रमाण नहीं मानता |	जो मनुष्य शास्त्रशास्त्र के द्वारा प्रसिद्ध होकर, शास्त्रों से युक्त, शास्त्रों से, शास्त्रों से, फल से, फल से, नई शब्दों से, गृहों से, गृहियों से, दान से, दान से, दान से, बिना, शास्त्रों से, शास्त्रों से, घर से, घर से, घर से, घर से, घर से, घर से, घर से, घर से, घर से, घर से, घर से, घर से, घर से, घर से, घर से, घर से, घर से, घर से, घर से, घर से, घर से, घर से, घर से, घर से, घर
12	श्रीरामचन्द्रजी पिता की आज्ञा से चौदहवर्ष तक दण्डकारण्य में आये हैं मैं आपके विषय में जानना चाहती हूँ, मुझे बतलावें ॥	पिताजी ने लक्ष्मण जी को कहा कि आप मेरी आज्ञा कीजिये। यह कहकर वह शीघ्र ही मेरे पास जाकर उन्हें आज्ञा दीजिये। हे रघुश्रेष्ठ ! मैं तुम्हें बताऊँगा।
8	पाण्डव के पांचल सेनाओं के साथ कुरुक्षेत्र के पास शिविर ने किया।	पाण्डवों ने लिलों के साथ सेना के पास रहीरी क्षेत्र में स्थित एक साथ पहाड़ा।
9	इस दिन पूरे विश्व में भारत के साथ पूजा और पूजा होती है।	इस दिन भारत के साथ पूरे विश्व में विश्व में गणतन्त्र दिवस मनाया जाता है।
4	और अधिक हँसो	तो फिर भी हँसता है।
5	मेरे एक मित्र ने पूछा	मेरा एक मित्र था।
1	प्रदान करना	माला
3	आप कौन ?	आप कौन हैं ?
5	देवांग उस वृद्ध को मार्ग दिखा रहा है	देवांग उस वृद्धा को मार्ग में बोलता है।
9	पुत्री – नहीं पिताजी ! आज तो रविवार है।	बेटी – नहीं पिताजी ! आज रविवार है।
15	जहाँ निर्णायक रूप में समय पर शिक्षक आचार्य अनमोल उपाध्याय और विज्ञान विषय की अध्यापिका आचार्य प्रवीण कुमारी हैं।	जहां यह निर्णय संस्थान के आचार्य अनुपमा सिंह के आचार्य श्री श्याम जोशी हैं, वे संस्कृत शिक्षक हैं।
5	वहां तू जाता है क्या ?	वहाँ तू जाता है क्या ?
9	उसने उन सभी को गाय को पालकर बैठाया और उन्हें कुर्सियाँ दीं।	उन सभी ने सभी को गायों ने उन्हें एक साथ रोक दिया और उन्हें स्वीकार किया।
15	उसी की पताकायें केकय , मत्स्य , मगध , अङ्ग , बङ्ग और कलिङ्ग में फहरा रही हैं। केवल दक्षिण देश में ही इस समय भी इसका पूरा अधिकार नहीं हो पाया है।	इसी प्रकार से कुछ तालाबों में मगरमच्छ और मङ्गनों में मगरमच्छ और मङ्गनों में रहने वाले अनेक जगह निवास किया जाता है, न केवल न केवल न ही बल्कि न ही बल्कि न ही बल्कि नहाजे बल्कि न ही बल्कि न ही बल्कि न ही बल्कि उड़ागरमागर बल्कि वे ही हैं।
6	और इस क्षेत्र में महत्वपूर्ण भूमिका निभा रही है।	इस क्षेत्र में महत्वपूर्ण भूमिका निभा रही है।
11	किन्नौर, मंडी, शिमला, सोलन, हमीरपुर में स्कूल समूह के निर्माण के दौरान सक्रियभूमिका दिखाई दी गई।	चम्बा जिले, सिरमौर, हमीरपुर, हमीरपुर, हमीरपुर, हमीरपुर, हमीरपुर, हमीरपुर, हमीरपुर, हमीरपुर, हमीरपुर और संगठन के निर्माण के लिए सक्रियता का लक्ष्य है।
7	तो इन प्रिय वचनों का उपयोग कंजूसी से क्यों करें।	उस समय दूध का ही चिन्तन करना चाहिए।
6	वह मेज़ लेकर यहीं आता है।	वह मोटा यहाँ ही आती है।
8	उन्हें भारतीय ओलंपिक संघ के नेतृत्व के लिए निर्विरोध चुना गया।	वह भारतीय जनता पार्टी के अधिकारियों के पद पर एक व्यापक उपवास करने के लिए एक ही बैठक हुई।
10	भारत के पहले वैज्ञानिक राष्ट्रपति आदरणीया ए.पी.जी. आरब्दुल-कालाम है.	भारत के रक्षा मंत्री पी.एस.एस.पी.एस. के.एस.एस.एस. के.एस.एस.
10	इस बारे में सुलह के विधायक विपिन सिंह परमार ने प्रश्न किया।	इस विषय पर पहला पहली बार, सुषेण विधानसभा के अध्यक्ष एवं अन्य उत्तरदायियों ने भी प्रश्न किया।
5	छात्र शिक्षक का अनुसरण करते हैं	छात्र शिक्षक शिक्षक के खिलाफ सूचना देते हैं।
8	उसी प्रकार अन्य भी हमारे पक्ष में बहुत से वीर हैं।	उसी प्रकार अन्य वीरों के द्वारा हमारे वीर सैनिक हैं।
4	उसने छात्रों को आशीर्वाद दिया।	उसने छात्रों को आशीर्वाद दिया।
8	गुरुकुलों में तो तीन या चार घंटे तक यज्ञ किया जाता है।	गुरु-उधर में तीन हजार से अधिक यज्ञ किया जाता है।
7	जाह्नवी के चलचित्र के लिए अंतिम संस्कार हुआ है।	जाह्नवी फ़िल्म के लिए अंतिम बार अंतिम रूप से शुरू है।
1	अन्तःपुर की स्त्रियों के सम्मुख |	अकाल से
8	तूने पुत्र से तार किया है यह श्रीमान दशरथ इन्द्रलोक गए हैं।	तुम्हारे पुत्र का यह भाई है। यह कहकर श्रीरघुनाथ जी ने प्रसन्न होकर लक्ष्मण को देखा।
5	आज निश्चित ही वर्षा होगी।	आज से वृष्टि होगी।
2	मैं रुक गया ।	मैंने पूछा
6	इस फ़िल्म के बारे में निरन्तर बातें आती हैं।	इस चलचित्र के बारे में लगातार लगातार आते हैं।
4	कारण कि कीर्ति ही बड़ा बल है ।	बुद्धि के द्वारा ही परम धर्म का प्रयोग किया गया।
1	सुंदर	अशुभ
5	अहमदाबाद के कौनसे विस्तार में थे?	अहमदाबाद के विस्तार में कौन-से विस्तार थी?
13	सैकड़ों इमारतें ढहा दी गईं. रिक्टर स्केल पर 64 चिह्नित डुरंटा के बाद 159 फॉलो-अप थे।	लगभग 10 किमी में 60 किमी की दूरी पर 60 मीटर की दूरी पर है।
9	जब बालक बोलना शुरू करता है तब वह मातृभाषा का अनुकरण करता है।	जब बच्चा बात से बात शुरू करती है तब वह मातृभाषा का महत्व करती है।
6	इनकी प्रारम्भिक परीक्षा परियोजना के माध्यम से राज्यकौशल विकास में आयोजित की जाती है।	उनके प्रारम्भ में लोक निर्माण विभाग के विकास के लिए राज्य का विकास किया जा रहा है।
9	तुकाराम की वाणी तोशुद्ध सूत्रबद्ध अल्पाक्षर रामणीया मरम्मा भेदिका है।	और तो, इसलिए, इसलिए, इसलिए, इसलिए, इसलिए, इसलिए, इसलिए, और, इसलिए, इसलिए, इसलिए, इसलिए, और, इसलिए, इसलिए, इसलिए, इसलिए, और, इसलिए, इसलिए, इसलिए, इसलिए, इसलिए, इसलिए, इसलिए, और कि ये दोनों की तरह की बुद्धि की भूबूरे ही है।
17	सईदाई दुरईसामी ने किन्नूौर के उपायुक्त डॉ. अमित कुमार को भी अपने पुत्र के स्थान से जानकर पुरस्कार की घोषणा करके संदेश भेजा गया है।	सेंटानगर के मिल्तलिंग विभाग के निर्देशक डॉ. अमित कुमार ने भी अपने भाषण में अपने बच्चों को पुरस्कार देने के लिए भेजा है।
3	कौआ घोसले में प्रवेश करेगा।	कच्चे आम की तरह खूब बनाती है।
10	इसलिये आपके चरण कमलों में मेरी सदा भक्ति रहे, क्योंकि संसार रोग से ग्रसित रोगियों के लिये एकमात्र औषधि आपकी भक्ति ही है ॥	अतः आप श्रीभगवान् हैं, आप मेरे भक्त हैं, आप ही मेरे भक्त हैं, आप ही इस प्रकार के भक्त हैं, आप ही नमस्कार हैं ॥
5	तुम्हारे कारण ही नहीं रोता हूँ।	तुम्हारा पड़ोसी ही नहीं रोता हूँ।
10	उन्होंने कहा कि राज्य सरकार दिसंबर को एक वर्ष पूर्ण करने की जा रही है.	उन्होंने कहा कि राज्य सरकार दिसंबर को एक महीने के कार्यकाल को पूरा करने जा रही है।
7	वह दोनों देवनागरी में ही हस्ताक्षर करती हैं	वे दोनों देवपुर से ही प्रार्थना करते हैं।
4	प्रतिदिन अभ्यास करिये ।	प्रतिदिन अभ्यास करिये
3	आपका मोबाइल नंबर बोलिये।	आपका मोबाइल भाषा बोलिये।
9	नई दिल्ली के कर्तव्यपथ में गणतंत्र दिवस पर लगभग छब्बीसकृतियां हिस्सा ले रही हैं।	नई दिल्ली में नवरात्रि के बिना लगभग पांच बजे से अधिक कार्यकर्ता भाग ले रहे हैं।
3	मनुष्य का बल नहीं है।	मनुष्य देश में शक्ति नहीं है।
7	कैसे वे उम्मीदवारों के वोटों की संख्या उद्घोषित करते हैं ?	कैसे वे उम्मीदवारों की गिनती में  ⁇ udget में हैं ?
10	हिमाचल प्रदेश के राज्यपाल- कमीशन के मुख्य प्रशासक डॉ आर.के. परुथी हमीरपुर में यह बात कही।	हिमाचल प्रदेश के वित्त आयोग के मुख्य सचिव डॉ. आर.एस.एस.एस.एस.एस. ने यह कहा कि यह कार्यशाला हमीरपुर में आयोजित की गई है।
1	ऐश्वर्य के लिए।	बहुत अधिक
6	तुम दूध क्यों नहीं पी रहे हो ?	दूध क्यों नहीं पी रहे हो ?
5	यह हमारे विधालय का बगीचा है।	यह हमारे विद्यालय है।
6	"सीता माता को छोड़ दीजिये " ऐसा रावण की सभा में कहा।	सीता माता माता माता ने कहा- हे राम ! रावण ने रावण को दिया है।
6	यह सूत्रग्रन्थ शाकटायन शब्दानुशासन नामक ग्रंथ द्वारा रचित है।	इस बात के लिए, खासटखंड के दो भागों के लिए प्रसिद्ध है।
5	प्रात: वेला का तुम सदुपयोग कर रहे हो।	विराम के सदन का पालन करूँगा।
4	यह सब भारतीय चलचित्र होगा।	यह सभी दल के साथ चलचित्र होगी।
9	प्रोत्साहन-लाभ अगले वित्त वर्ष में शुरू होगा और अगले वर्ष में समाप्त हो जाएगा।	हित-आज-आज वर्ष की तुलना में आने वाले वर्षों में अब तक-आपता जाता है।
17	एसडीजी लक्ष्य हैं, जिनकी प्राप्ति राष्ट्रों को तमवर्ष तक करना चाहता है, जिससे विश्व में सबसे अच्छा और अधिक न्यायमूर्ति बनाया जा सके	एसडीडीडी जो लाख रुपये तक ही भारत को प्राप्त करने के लिए समर्थ हैं, जिससे दुनिया के सबसे अधिक और अधिक न्याय हो सके।
3	सभी जानवर वहाँ से लौट आए।	वनवासी ने उसके लिये अनुस की।
6	तब संन्यासी की रक्षा करने की दृढ़ बुद्धि (मैंने) की।	तब बार-बार पास जाकर सोए हुए को उठाकर भाग दिया।
3	उन सब को भी उठा दे ।	हम सब भी मना कर लीजिये।
2	वह किसान है	वह किसान है
4	हम दोनो संस्कृत वाक्य लिख रहे है ।	हम दोनों संस्कृत वाक्य लिख रहे हैं।
5	उसके द्वारा छात्र को शोध शोध शोध के लिए भी प्रेरित किया गया।	उसके द्वारा छात्र शोध शोध शोध भी किया गया।
4	अजीज को देखकर स्वामी चकित होता है।	देख, ये और पूज्य बन जाते हैं।
5	ओह एक साथ कितने लोग आ गए हैं	ओह, एक से लोग आए थे।
1	असहाय महिला	अकाल
13	यह पैतृक राज्य आपका ही है, आप इसका पालन कीजिये, आप बड़े भाई हैं, अतएव पिता के तुल्य हैं। महाराज ! प्रजा का पालन करना यही क्षत्रियों का प्रधान धर्म है ॥	हे पुत्र ! राज्य के पुत्र के पुत्र, पिता, पिता, पिता, गुरु, गुरु, गुरु, गुरु, गुरु, गुरु, गुरु, गुरु, गुरु, गुरु, गुरु, गुरु, गुरु, गुरु, गुरु, गुरु, गुरु, गुरु, गुरु, गुरु, गुरु, गुरु, गुरु, गुरु, गुरु, गुरु, गुरु, गुरु, गुरु, गुरु, गुरु, गुरु, अश्वपनी, अश्व, अश्व, अश्व, अश्व, अश्व, अश्व, अश्व, अश्व, अश्व, अश्व, अश्व, अश्व, अश्व, मनुष्य, मनुष्य, मनुष्य, मनुष्य, मनुष्य, मनुष्य, मनुष्य, मनुष्य, भ्यु
9	एक बार श्रीकण्ठ उसके साथ सवेरे नौ बजे उसके घर गया।	एक बार श्रीराधा के साथ उस घर गया।
6	वह मेज़ लेकर यहीं आता है।	वह मोटा यहाँ ही आती है।
3	हे छात्र	हे छात्रों !
10	अब तक ये लोग राज्य सरकार की हिमाकर योजना के तहत चिकित्सा सुविधाओं को प्राप्त कर चुके थे।	अब तक ये लोग ये लोग बर्फबारी के तहत राज्य सरकार पर्यटन योजना के तहत व्यापार कर रहे थे।
4	यह किसका चित्र है?	यह किसका है?
5	पुत्र नारद, ये कहाँ से आये ?	पुत्र, बगुला यह क्या है ?
3	आनन्द अपने स्वरूप में ही है।	आनन्द ही वैसा ही व्यवहार किया गया है।
19	इतिहासकारों द्वारा ऐतिहासिक दृष्टि से अंन्धरों के पतन का वर्णन समुद्री गुप्त के विजयादी को स्वीकार किया गया है, जो मछली के-भविष्यपुराण कीरचना का समय 236 ई. से 2030 ई. तक स्वीकार किया गया था।	इतिहास के विभिन्न प्रसिद्ध विद्वानों ने महाभारत के सिलसिली में स्थित चूड़धारों के बारे में कहा कि विश्व कपणि-बाडोक के दौरान 200 किमी से 200 किमी से 200 किमी में 20 किमी से 20 किमी से अधिक हिंदू लोगों को पांच करोड़ रुपये का भुगतान किया गया।
8	वेदों में रामायण जैसे वैदिक और धर्मनिरपेक्ष पुराण शामिल हैं।	वेद में वैदिक भाषा के लिए, रामगीता और पुराणों से युक्त होते हैं।
9	राजनाथ सिंह ने कहा कि प्रत्येक सैन्यकर्मी हमारे परिवार के समान महत्त्वपूर्ण है।	राज्यपाल ने कहा कि प्रत्येक हाथी के प्रत्येक भाग के लिए हमारे परिवार में बहुत महत्वपूर्ण है।
14	कभी जल पीकर, कभी केवल मरुताहार करके कभी अनाहार होकर तपस्या करने लगे।	कभी जल पीकर वह जल पीकर केवलड़कर केवलड़कर ही तपस्वियों को प्राप्त करके तप के लिए तैयार हो गए।
5	वह खड़े होकर भोजन नहीं पकाती है।	वह जल्दी से भोजन नहीं लेता है।
6	मनुष्य को कोई सहायक लेना ही चाहिए।	पुरुष कौन-सा है कि वह भी किसी के लिए है।
11	ऐसा देखकर उसकी सारथी ने सोचा कि कैसे दुर्योधन को युद्ध के मैदान से निकालना चाहिए।	ऐसा देखकर भीम ने उस युद्ध को देखा कि दुर्योधन ने कैसे किया कि दुर्योधन को युद्ध में मार दिया।
6	डिफेंस के क्षेत्र में भी टाटा समूह बहुत ही अनुपम काम करता है।	व्यापार क्षेत्र में भी टाइक्रेलियों का काम कर रहा है।
7	इसने सौ रुपये लिये वा नहीं ?	भिखारी को तेल पिलाकर क्या ?
3	कैसे जाऊँ ?	कैसे ले गया ?
4	पुरानी वस्तुओं को निकाल रहा है ।	पुरानी वस्तुओं को निकाल रहा है।
3	वृक्षो से फल गिरते हैं।	वृक्ष गिरते हैं।
1	कहा जाता है	कहा जाता है
10	इसीलिए उनके लिए निर्णायक उपदेश है कि मन को शान्त करना साधना चाहिए।	इससे एक निर्णय है कि जो यूप्य मन में सुख है, वह कर्म करना चाहिए।
7	भारत-यह सुझाव दिया गया है कि निज्जरा की हत्या कन्नड़ के बीच संबंध को ढीला करने के लिए पिछले सूत्र द्वारा की गई है।	भारत-भारत के प्रवक्ता वैगेन ने पूर्व निगरानी के लिए पूर्व निगरानी के लिए एक खतरे में निगरानी कर रही है।
12	उन्होंने कहा कि ज्ञान नहीं है फिर भी सुनने और बोलने से संस्कृत भाषा आती है।	उन्होंने कहा कि ज्ञान नहीं है कि वह भी संस्कृत भाषा और प्रचार-प्रसार करता है।
9	उनके लेखन और बच्चों की कविताओं को कई कक्षा की पाठ्यपुस्तकों में शामिल किया गया था।	उसके लिए बच्चों को पुस्तकें और पुस्तक पढ़ने के लिए बहुत से पुस्तक पढ़ने में स्थान पर छात्र उपस्थित थे।
4	राम – किस सम्बन्ध से? (किस नाते से)	राम – किसकी रक्षा के लिये।
5	अहमदाबाद के कौनसे विस्तार में थे?	अहमदाबाद के विस्तार में कौन-से विस्तार थी?
12	मुख्य वक्ता के रूप में आए डॉ. पाण्डेय ने सभी प्रशिक्षुओं के लिए श्रीमद्भागवतगीता को अपने जीवन में स्वीकार करने के लिए प्रेरित किया।	मुख्य वक्ता डॉ. वीर नौटियाल ने सभी अतिथियों को संबोधित किया और श्रीमद्भगवद्गीता के लिए अपने जीवन के लिए प्रेरित किया।
3	इसके आगे ग्रहणी-चिकित्सा की व्याख्या करते हैं । भगवान् आत्रेय ने ऐसा उपदेश किया है ॥	वैद्य, चिकित्सक, मूल, उपद्रव, उपनिषद्, उपनिषद्, उपनिषद्, उपनिषद्, सामेय, सामेय, उपद्रव, सामेय, उपद्रव, उपद्रव, उपद्रव, उपद्रव, उपद्रव, उपद्रव, उपद्रव, उपद्रव, उपद्रव, उपद्रव, उपद्रव, उपद्रव, उपद्रव, उपद्रम, उपद्रम, उपद्रम, उपद्रव, उपद्रव, उपद्रम ॥
7	विविध विद्यालयों के छात्र भी वहाँ बैठे थे।	विविध विद्यालयों में भी वहाँ थे।
3	कार्यालय के पात्र धोता है।	कार्यालय का पात्र साफ करती है।
7	ठीक है आओ। कंगन की दुकान चलते हैं।	क्षमा करियेगा। दुकानदार जा रहे हैं।
9	मुख्यमंत्री सुक्ख बोला कि केंद्र सरकार की पहल जल प्रदूषण का विरोध कर रही है।	मुख्यमंत्री सुक्ख ने कहा कि केंद्र सरकार नई दिल्ली में जलहित के लिए विरोध कर रही है।
4	कुछ भी सरल सरल बोलिये	कुछ भी मछली बोलिये।
9	उम्मीद है कि जनवरी के पहले सप्ताह तक इन रेलगाड़ियों का संचालन भी शुरू होगा.	इन रेलगाड़ियों के लिए भी सातवीं तारीख तक शुरू होगी ऐसा उम्मीद है।
10	शिक्षिका -तुमने तो परीक्षाशुल्क भी नहीं दिया	शिक्षिका - तुम तो परीक्षा के लिए भी नहीं दिये।
6	अहमद सड़क पर गिर पड़ा, इसलिए वह हँसता है	मैं रास्ते में चढ़ गया अतः वह गिरता है।
10	इस समारोह में देश-विदेश की योग को समर्पित महिलाओं का प्रचुर संख्या में समागम होगा।	इस समारोह में भारत और विदेश के योग के लिए कई महिलाओं को बहुत से अधिक मिल जाएगा।
4	सात बजे तक ध्यानसत्र चलेगा।	सात बजे ध्यान करेगा।
1	चेहरा नीचे की ओर	बुनकर
7	लौकिक पुरुष हाथी, घोड़े और सारथि जैसे गौरश्व है।	मीठेमी कपड़ेधारी पुरुष के शरीर में हाथ के समान है।
1	जाना	जाता है
10	हमें अपनी क्षमता को जानकर भारत के लिए हमारे लक्ष्य का प्रारूप निर्माण करना चाहिए।	हमें हमारे लिए भारत की उन्नति के लिए हमारे लक्ष्य का लक्ष्य होगा।
3	प्रयास करता हूँ ।	प्रयत्न करता हूँ।
6	बालक विद्यालय जाकर पुस्तक पढ़ता है।	बालक विद्यालय जाकर पुस्तक पढ़ता है।
3	ननन्द भाभी से द्रोह कर सकती है।	नचिकेता ने थाली से छीनकर नाई को काट दिया।
6	अभियुक्त शिक्षक को ग्रहण करने के लिये पुलिस बल व्यस्त है।	अभियुक्त शिक्षा विभाग के लिए पुलिस पुलिस बल की खोज की गई है।
3	मुख में गीलापन नहीं है।	मुँह का मुँह गीला नहीं है।
10	1 दिसंबर को इस फिल्म की विज्ञापन बुक प्रदर्शित होगी, ऐसा कहा गया था।	दिसंबर को पहली तारीख को प्रदर्शित की जाएगी कि इस फिल्म का शूटिंग होगा।
6	दिल्ली में भी सर गंगाराम अस्पताल है।	दिन-बीज में भी गाना गाना है।
6	जगत में देखने के लिये क्या क्या नहीं है ?	जगत् में देखा क्या नहीं ?
5	पुत्र , ध्यान से चढ़ो नहीं तो गिर जाओगे।	पुत्र – ध्यान से पहले चढ़ना नहीं चाहिए।
9	यह समूह स्वकीया पत्रिका गुरुत्वा के नाम पर प्रकाशन करेगा।	यह निर्णय अपने घर में प्रकाशित होने वाले गुरु के नाम से इस्तीफा देाने के लिए एक सुगम वर्ग का प्रकाश होगा।
7	व्याधिके ग्रहणसे वायु, पित्त कफ, रक्त, सन्निपात इनमेंसे एक या अधिककी विषमतासे उत्पन्न होनेवाली संपूर्ण (चारोंप्रकारकी ) व्याधि समझीजातीहैं ॥	इस संसार में पृथ्वी की शोभा देखने वाले, प्रलय, प्रचल, निराल, साम्रद्श्रुत, साम्रद्ष्ठ, साम्रद्, हर प्रकार सभी कुछ भी सब कुछ भी दुर्लभ हैं ॥
11	तब कोसल्या ने भरत जी को हृदय से लगाकर कहा बेटा मे यह सब कुछ जानती हूँ, तुम किसी प्रकार की चिन्ता न करो। इसी समय ही भरत जी का समागम सुनकर मन्त्रियों के साथ वसिष्ठ जी राजभवन में आये और रोते हुए भरत को देखकर आदर पूर्वक बोले ॥	इस समय विलाप करती हुई उस समय माता ने कहा हे पुत्र! इस समय मेरे दोनों पुत्र मुझे बताओ।
6	वह प्रातः छः बजे गाय को घास देती है।	वह सुबह साढ़े छः बजे गाय को घास देता है।
11	यही कारण है कि अब राज्य में सभी वैद्य स्वाग्रहों के लिये आन्दोलन कर रहे हैं ।	यह सुरंग अब राज्य में सर्वत्र शक्ति के लिए अपना प्रदर्शन कर रहे हैं।
14	इस अवसर पर मुख्य संसद सदस्य ने भी उपस्थित महिला एवं युवा जिलों को हजार रुपये देने की घोषणा की।	इस अवसर पर मुख्य सचिव के रूप में भी विभिन्न महिलाओं ने महिलाओं और महिलाओं को पुरस्कार देने के लिए कई नई घोषणा की।
3	जिनकी बुद्धि उस (परमात्मा) में स्थित है, जिनका मन तद्रूप हुआ है, उसमें ही जिनकी निष्ठा है, वह (ब्रह्म) ही जिनका परम लक्ष्य है, ज्ञान के द्वारा पापरहित पुरुष अपुनरावृत्ति को प्राप्त होते हैं, अर्थात् उनका पुनर्जन्म नहीं होता है।।	जिस प्रकार वह पुरुष अपने शरीर को प्राप्त कर लेता है, उसी प्रकार वह पुरुष अपने शरीर को प्राप्त कर लेता है, उसी प्रकार वह ज्ञान को प्राप्त करता है।।
5	उसके साथ आहुति बहन भी है।	उसके साथन्दत्री भी है।
4	पुस्तक चाटूँ क्या ?	पुस्तक की दूकान क्या है ?
5	इंग्लैंड टीम के पास चहनांकाओं की अग्रता है।	इंग्लैंड और टीम के पास अंतरराष्ट्रीय संबंधी है।
10	इस पृथ्वी पर तीन ही रत्न हैं-जल, अन्न और हितकारी वचन, परंतु मूर्ख लोग पत्थर के टुकड़े को रत्न कहते हैं।	पृथ्वी पर पृथ्वी पर चारों ओर जलों को जलों के समूहों के समूह के समान तथा रत्नों के समान चन्द्रमा के समान चन्द्रमा के समान चन्द्रमा का कल्याण होता है।
12	पण्डितों में सब गुण ही रहते हैं और मूर्खोंमें केवल दोष ही इसलिये एक पण्डित हजार मूखोंसे भी उत्तम है	मनुष्य अपने गुणों को अपने गुणों से धारण करने वाले, पर श्रेष्ठ, पर भी श्रेष्ठ, अचल वाले, निर्गुण, अद्वितीय, अद्वितीय, असंग, असंगवत्य, अचल, अचल और असंगों के द्वारा एक दूसरे के द्वारा ही एक ही अपमान से ही परम गति को प्राप्त करता है।
4	लक्ष्मी शुद्ध किस तरह होती है?	लक्ष्मी शुद्ध होता है?
1	फूंकना	दूसरा
10	सिंघवी तीन बार सांसद बने हैं। वे देश के सर्वोच्च न्यायालय के वरिष्ठ न्यायाधीशों में से एक हैं।	सिंधी नेता ने दूसरे विधेयक से देश के मुख्यमंत्री पद से देश में अन्य वरिष्ठ स्थानों पर भी एक है।
5	दस छात्रों ने विविध गीत गाए।	दस छात्रों को गीता गाएँ।
4	नमकीन पानी में केले का फूल उबाला जाता है।	आम के जल से पानी की छाया कोलती है।
1	समुद्र	समुद्र
17	आपदा के बाद राज्य को पैरों में लगाना चाहते हुए मुख्यमंत्री सुक्खू के लिए यह  ⁇ udget कठिन परीक्षा की अपेक्षा कम नहीं होगी।	आपदा के बाद राज्य के बाद राज्य के मुख्यमंत्री सुखविंदर सिंह सुक्खू ने राज्य के लिए कई स्कूलों को कम करने का समय नहीं होगा।
1	दुष्टों का।	विख्यात
10	टारगेट बॉल की जीत में ऑस्ट्रेलिया की टीम ने 20 गेंदबाजों में 216 रन बनाकर जीत हासिल की.	लक्ष्य के लिए ऑस्ट्रेलिया ने ऑस्ट्रेलिया को जीतकर 22 रनों में हराकर 23 रन बनाए।
3	तोरण भी लटकाऊँगी।	रस भी रखूँगा।
1	वेश्या	पाठशाला
7	हिमाचल प्रदेश के मुख्यमंत्री सुखविंदर सिंह सुक्खू बुधवार को दिल्ली के लिए रवाना हो गये.	हिमाचल प्रदेश के मुख्यमंत्री सुखविंदर सिंह सुक्खू ने बुधवार को दिल्ली में घुस दिया।
8	सभी प्रतिभागियों के लिए राशि और स्मृतिचिह्न पुरस्कार के रूप में वितरित कर दिए गए।	सभी प्रतिभागियों और प्रतिभागीों को पुरस्कार के रूप में पुरस्कार प्रदान किये गए।
9	मैं प्रतिमाह बिजली खर्च करने में चार करोड़ रुपये का लाभ उठाऊँगा।	इसके अलावा, बिजली के वाहनों को चार रुपये का खर्च किया जाएगा।
7	उसका श्लोकगान सुनकर दूसरा सज्जन भी गाता है।	उसके श्लोक का सुगम सुनकर भी सज्जन भी गाता है।
1	क्षमा करें।	सब
11	इससे भिन्न-भिन्न भौंरे आईटीआई से भिण् डील तक, ग्राम पंचायत-टकरारारारा चौकटी से बडुही पुल तक रास्ता निर्माण किया जाएगा।	इसके अलावा, आईटीजीजीएल के अनुसार, मनाली-स्पीति तक तक तक, मनाली के पास के निर्माण के लिए मार्ग निर्माण किया जाएगा।
5	वो दोनों फॉर्म भरती हैं	वे दोनों पुरानी वस्तुओं को गिनते हैं।
5	वह शिक्षक सदा पुस्तक पढ़ता है।	वह हमेशा कहीं से पुस्तक पढ़ता है।
3	वह पैसा चुराता है।	वह खड़े है।
6	चुनाव- आज से विक्रय होगा।	चुनाव-पवाई आज से शुरू होगा।
6	हिमदास ने पूरा कमाया हुआ धन लोकहित में समर्पित कर दिया।	हिमदास ने पूरा होकर धन के लिए धन सम्मेलन का उद्घाटन किया।
12	मूर्ख अपने घरमें समर्थ पुरुष अपने गाँवमें, राजा अपने देशमें और विद्वान् सर्वत्र ही पूजा जाता है।	अपने घर में आग और धन में धन की पूजा होती है। राजा पिता अपने देश में सभी जगह सम्मान करते हैं।
5	दुर्गावती का विवाह किसके साथ हुआ?	दुर्गावती पिता का विवाह किसका हुआ?
6	बचपन से ही वो स्वतंत्रता आंदोलन में हिस्सा लेते थे।	बाल बच्चों के द्वारा वह अपने आपल्स्क अभियान में भाग ले रहे थे।
3	वह मालपुआ तलती है ।	वह बेचता है।
10	देश का संपूर्ण-उत्तर क्षेत्र में भीषण-आफूसी-चरण से रेल सेवा प्रभावित हो गई।	देश में पूरे पूरे उत्तर-छोटे-छोटे-छोटे उपकरण से रेलगाड़ी सेवा के कारण रेल सेवा के कारण प्रभावित हो गई।
9	इसके अलावा विधानसभा क्षेत्र में सुरक्षा व्यवस्था को मजबूत करने के लिए सीसीटीवी-ड्रोन-यन्त्रों का उपयोग होगा।	इसके अलावा, विधानसभा सचिव सुरक्षा व्यवस्था के तहत सुरक्षा व्यवस्था को मजबूत करने के लिए अलग-अलग-अलग-अलग-अलग-अलग-अलग स्तर पर मजबूत किया जाएगा।
11	उन्होंने कहा कि इस विधानसभा क्षेत्र में एक वर्ष में 170 करोड़ रुपये का विकास चल रहा है।	उन्होंने कहा कि इस विधानसभा क्षेत्र में एक वर्ष के कार्यकाल में करोड़ रुपये का काम चल रहा है।
3	ये दोनों कुत्ते हैं।	ये दोनों चराकें हैं।
5	तुम्हारी बहन की क्या उम्र होगी ?	आपका क्या नाम है ?
13	जब हमारी सरकार आ गई तब हमने भ्रष्ट कर्मचारी को पकड़ा और आज सभी भ्रष्ट जेल में हैं।	जब हमारा सरकार आ गया तब हम सभी श्रमिक आज से घर के घर के लिये हैं।
5	उसकी भी एक बेटी थी।	उसकी भी एक बेटी थी।
3	शोक सब कुछ नाश कर देता हैं।	जीभ से सब कुछ नहीं होता है।
1	अपनी इच्छा से	अशुभ
9	माँ बहुत तेज की भूख है जल्दी से भोजन लगाओ।	माँ ! बहुत कष्ट होता है। देखो। जल्दी भोजन करो।
8	बाह्य अंतरिक्ष देवदूतों की ओर से अब तक हजारों अवशेष बाह्य अंतरिक्ष में ढेर हो चुके हैं।	जापान के कई हिस्सों में अब तक ढगानिन ट्रक किए गए हैं।
9	शिक्षिका -पुस्तक घर में होती है , पैसा बैंक में होता है ।	शिक्षिका - घर में पुस्तक का धन धन धन होता है।
1	खरीदकर ।	खरीदकर
4	सुजाता ने बैंक में नौकरी पाई।	सुजाता ने बैंक में नौकरी पाई।
9	हे पार्थ ! वही यह भूतसमुदाय, है जो पुनः पुनः उत्पन्न होकर लीन होता है। अवश हुआ (यह भूतग्राम) रात्रि के आगमन पर लीन तथा दिन के उदय होने पर व्यक्त होता है।।	हे पार्थ ! आप सब यज्ञ में लगे हुए (आन्यों) को प्राप्त हुए हैं, (क्योंकि) (क्यों को) से (मेदी) प्राप्त हुए, (ज्यों को) से (मेदी) प्राप्त होता है।।
5	सभी शिक्षक और कर्मचारी भी खड़े होंगे।	सभी शिक्षक अधिक से भी अधिक मिलेंगे।
5	तूने आम चूसे वा नहीं ?	तू लड्डुओं को पसंद नहीं है क्या ?
6	इसकी प्रस्तावना के रूप में दोनों देशों ने सात संधियों पर हस्ताक्षर किये।	उसके बल के रूप में सात हजार से अधिक दो हजार से अधिक दो हजार लोग शामिल हुए।
9	विस्फोटक आवाज सबसे पहले छात्रों ने सुनी। तभी सड़े फलों की दुर्गंध चारों ओर फैल गई	छात्रों ने पहला सातवीं कक्षा में प्रयोग किया और ग्रीष्मकालीन परिस्थितियों के बीच एक नई सब ने सब जगह किया।
8	अनेक पाठकों के दृश्य पत्रालय के अन्दर और बाहर निकाले गए।	अनेक लताओं ने अयोध्या में और दृश्यों को बाहर निकाल लिया।
8	रास्ते में कोई उतरना चाहे तो वाहन रोकता था।	रास्ते में कोई भी रेल रोकता था तब वाहन निलंबित कर रहा था।
6	तुम्हारे घर किसका वृक्ष है ?	तुम्हारा घर किसका वृक्ष है ?
5	नाटक देखकर प्रेक्षक प्रसन्न होते हैं।	नाटक देखकर दर्शक खुश होते हैं।
4	हे मित्र (बन्धु/भाई)! पक्षियों के समूह की आवाज़ से गुंजायमान वन में चलो।	इस प्रकार वह (हैबाख) पक्षी पक्षी पक्षी (जैपखास) से (जैपास) और (पैपख) -) -) के द्वारा हधे (खने) को देखा है।
8	वह अध्ययन के साथ ही विभिन्नगतिविधियों में भी भाग लेने के लिए सबको प्रेरित कर रही थीं।	वह पढ़ने के साथ ही सहमति के लिए ही सभी प्रकार के चक्रदान के लिए चला गया।
4	सोमवार तो धोती का वार है ।	रविवार को तो दोपहर है।
1	है फिसल	बढ़ते हैं
5	शनिवार को सत्र की शुरूआत लौकिक मंगलाचरण से हुई।	शनिवार को सत्र का संचालन वैदिक मंगलाचरण से हुआ।
6	प्रातः उठ कर जल से मुंह धोओ।	प्रातः जल्दी से जल पीकर मुख धो गया।
2	दुष्ट महिला गाली बक रही है।	बगुले म्याज से खाता है।
10	आज भोजन में चावल, दाल, सब्जी, पापड़ और खीर है।	आज भोजन भोजन ओबली, लैंग, कबूतर, और धोबी है।
6	पहुंचे हुए समाचार के अनुसार, अर्जुन शीघ्र ही खलनायक की भूमिका पर दिखता है।	पहुंचे समारोह के अनुसार, अर्जुन अर्जुन बहुत जल्दी से दिखाई देता है।
3	बच्ची उँगली से दिखाती है।	बच्ची खिड़की से कहता है।
6	क्या वे सज्जिता के रूप में सुशय्या नहीं दिख रही हैं?,	जल्दी से वे वाक्य का क्या स्मरण करते हैं, या नहीं।
7	बाद में, मुम्बयी विश्वविद्यालय के सार्वजनिक विधि महाविद्यालय से स्नातक के पदवी को प्राप्त किया।	बाद में, मुंबई के सभी विश्वविद्यालयों के सभी सदस्यों ने प्रशिक्षण लिया।
1	अध्ययन	अध्ययन
5	पुनः कब मिलेंगें ?	फिर हमारे कार्यालय में कब गया ?
6	मुझे नहीं पढ़ना है क्या ?	क्या मेरी पढ़ाई नहीं है ?
7	लेकिन आज हल्दी संस्कार बदल गया और अंडम्बर से परिपूर्ण हो गया।	परन्तु आज हरिद्वार के प्रवासी और पावन सौंदर्य का भी अभाव हुआ।
7	भाषण स्पर्धा में बहुत प्रतिभासम्पन्न उन्होंने अनेक पुरस्कार जीते।	यह भाषा बहुत प्राचीन थी। यह कई सूचनाओं को लाई।
4	मध्याह्नोत्तर का काम दिन के प्रथम भाग में ही कर लेना चाहिए।	यह रिपोर्ट पूर्वाभिमानी में करना चाहिए।
10	बोधि नामक ग्रन्थ संस्कृत और पालि में भी प्रसिद्ध है।	जो संस्कृत भाषा और भाषा का नाम है, और नाम भी प्रसिद्ध है।
4	इस समय शिमला नगर का विकासयोजना की गई है।	अब शिमला नगर विकास योजना का लाभार्थित्व है।
5	स्वस्थ दाँतों वाले लोग गन्ना भी चबाते हैं।	स्वस्थ लोग भी गहरी नींद में चबाते हैं।
6	श्रम के बिना कोई आगे नहीं बढ़ता है	बेकार के बिना कोई भी नहीं बढ़ता है।
14	जहाँ वह दूरसंचरण, पेय जल, ऊर्जा और स्वास्थ्य से सम्बद्ध अनेक परियोजनाओं का आधार बनाकर राष्ट्र को समर्पित करेगा।	जहां वह दूरदर्शन-जल-जल-जल-जल- परियोजनाओं के लिए विभिन्न क्षेत्रों में विभिन्न क्षेत्रों में विभिन्न परियोजनाओं का मूलभूत विकास करेगा।
5	मैं अब संस्कृत पढ़ना प्रारंभ करता हूँ	मैं अब संस्कृत पढ़ने शुरू हो रहा हूँ।
9	उसने पूछा – पत्नी के साथ संस्कृत में बात करते हो ?	वह बोला – संस्कृत में बातचीत कर रही है क्या ?
11	यह जन समुदाय फँसा हुआ है। सरकार द्वारा केंद्रित योजनाएं सभा में समाविष्ट हो चुकी हैं।	इस जन समुदाय में सरकार की नीति को मजबूत करने के लिए केंद्र सरकार द्वारा किए गए हैं।
17	वहौ नई दिल्ली का भारत-बड्डा में आयोजित दो दिवसीय दल के राष्ट्रीय सम्मेलन के पहले दिन दल के नेताओं को संबोधित किया गया।	उन्होंने नई दिल्ली में भारत-भारत के राष्ट्रीय अध्यक्ष मल्लिकार्जुन चौधरी के चुनाव में पूर्व मुख्यमंत्री विजय सिंह के साथ शपथ ली।
14	परन्तु कन्या ने आग्रह किया कि ये मूर्ख गौ पालक उन सभी समस्याओं को दूर करेगा।	परन्तु महिलाओं ने कहा कि यह दान उनके बुरे गायों को सभी लोगों के साथ बढ़ेंगे।
10	इस युद्ध का नेतृत्व सनेठीग्राम के महान् रामभक्त पं. देवी दीन पाण्डे जी ने किया।	इस युद्ध के लिए वह शिखर नगर के महान रामेश्वर के अभिषेक आया।
4	विविध रंगों के वस्त्र दिखाता है।	विविध रंगों का वस्त्र दिखा रहा है।
9	अब तक उसने 1000 से ज्यादा फिल्मों में काम किया है।	अब तक वह 100 हजार से अधिक फिल्मों में काम किया गया है।
21	और इसके निरोध के लिए प्रचार कार्य भी करना चाहिये। संग्रह की प्रवृत्ति रोकने के लिए लोगों और व्यापारियों में राष्ट्रीय भावना से परिचित कराया जाना चाहिये। तभी महँगाई को समस्या कम और समूल नष्ट हो सकेगी।	प्रचार-प्रसार के लिए भी इसके लिए इस देश के लिए बड़े क्रूरता के लिए, देशों के लिए, देशों के लिए, देश भर में, और देशों के लिए, देश भर में भी सहायता की गई है।
4	कृपया सभी वस्तुएं पकडीये	कृपया सभी बेटों को साफ करो।
5	इसके लिए जागरूकता अभियान की भी आवश्यकता है।	इसके लिए अभियान भी आवश्यकताएँ भी आवश्यक हैं।
15	देश के प्रमुख शहरों में भी पांच सौ से ज्यादा-सैन्धो जिलों के प्रमुख सड़कों पर-एक सुरक्षा सतर्कता कार्यक्रम का आयोजन किया जा रहा है।	देश के युवा जिलों में भी पांच से अधिक स्थानों पर भी सात-यहरों के मुख्य-यहरों के मुख्य क्षेत्र में सुरक्षा अभियान का वातावरण है।
4	एकतः ओषधीनां पतिः अस्तशिखरं याति एकतः अरुणपुरःसरः अर्कः आविष्कृतः, लोकः तेजोद्वयस्य युगपद् व्यसनोदयाभ्यां आत्मदशान्तरेषु नियम्यत इव।	वहाँ से सुवेतिप्त शिष्य शिष्य शिष्य हैं।
5	मेरा मित्र आज मदुरई पहुँचेगा ।	मेरा मित्र आज चम्मच में करेंगे।
4	वो भारतरत्न थे ।	वह भारत में भी विराजमान थे।
5	वे सभी संस्कृतगीत सुनना चाहते हैं।	वे सभी संस्कृत गीत गाते हैं।
1	हम लोगों का	हमारे
9	इस दिन पूरे विश्व में भारत के साथ पूजा और पूजा होती है।	इस दिन भारत के साथ पूरे विश्व में विश्व में गणतन्त्र दिवस मनाया जाता है।
11	मन में दृढ़ निश्चय लेकर ही कार्य करना चाहिए। तो सफलता अवश्य मिलेगी।	मन के स्वरूप को स्वीकार करके ही उन्हें कार्य करना होगा तब ही उनका कार्य होगा।
12	राष्ट्रपति मुर्मू ने कहा कि दुनिया भर में कई विवाद विवादों को तर्क की दृष्टि से संबोधित किया जाना चाहिए।	विश्ववासी ने आज तक राष्ट्रपति भवन के राष्ट्रपतिओं को संबोधित किया कि कई कई विश्व के बीच बढ़ते हैं।
7	तिल काले हैं, माष भी वैसे ही हैं।	शान्ति के प्रकाश ही हो गए हैं।
6	पत्नी का भाई ने इस मामले को दर्ज किया।	पत्नी की पत्नी ने यह घोषणा की।
3	दश अध्यायका शारीरकस्थान ॥	दसवें दिनकी आयुका एकसौ ऋतु है ॥
7	वानरोंका नन्दन और राक्षसोंका अवसाद वह अस्त्र है	वानरों और राक्षसों के बीच आने वाले राक्षसों के द्वारा वह पृथ्वी पर गिर गया।
7	परन्तु हे अर्जुन जो पुरुष मन से इन्द्रियों को वश में करके अनासक्त हुआ कर्मेंन्द्रियों से कर्मयोग का आचरण करता है वह श्रेष्ठ है।।	जो पुरुष कर्म में प्रवृत्त हुए है, वह योगी है; जो योगी योगी योगी योगी है, वह योगी है, वह योगी है, वह योगी है।।
15	तन्मय – हाँ आज तो श्रावणी पूर्णिमा है , स्वाधीनता दिन भी है , संस्कृतदिन भी है।	राजीव – आज तो संस्कृत में बातचीत है।
8	ओमान के संस्कृत विद्यालय के डॉ आर नारायणन व्याख्यान देंगे	ओ.एस.एस. वर्ल्ड स्कूल में नारायणप्रकाश मुख्य वक्ता होंगे।
12	अंत में सेंसेक्स की समाप्ति हुई, जो या अंकों से गिर गई।	पुल पर अंकों से अंकों से पहले तक समाप्त हुआ।
16	तीस बैठने के लिए एक सत्ताईस से अधिक-नईस से एक हजारभ्यर्थियों का भाग्य का निर्णय लगभग एक सत्ताईस से अधिक लाख से अधिक समय तक मतदाता करेंगे।	तीसरा तारीख को सात सौ से अधिक-दो हजार-दो सौ से अधिक दो सौ से अधिक दो सौ से अधिक दो हजार से अधिक दो हजार करोड़ रुपये का खर्च किया जाएगा।
4	ऊर्ध्वभाग हिम से आच्छादित हैं।	बहुत से वृक्ष हैं।
9	ये वाचक हैं-सरवण कुमार-हिमाचलप्रदेश-कृषि विश्वविद्यालय, पद्मपुरम डॉ. यशवंत सिंह पर्मार उद्यान-ऐसा-वैज्ञानिक विश्वविद्यालय, सोलन हैं।	ये दोनों-बाल-विश्वविद्यालय के निदेशक डॉ. नवीनभंगा, डॉ. नवीन चंद्र शुक्ल, डॉ. देवदेवनगर, रेल-काचार्य, उद्यान-काचार्य-काचार्य-नगर के चार-प्रदेशों में चल रहा है।
4	साइकिल ध्यान से चलानी चाहिये।	साइकिल ध्यान से चलाने वाली होती है।
18	ऐसी जानकारी भारत के खिलाफ बढ़ती राजनीतिक रूप से प्रेरित पहल और विकारों के कारण दी गई थी। कनाडा में भारतीय छात्रों को बहुत सचेत रहना चाहिए। उन्हें भारत के स्थानीय सरकारी कार्यालय में पंजीकरण कराना चाहिए।	वहां भारत के विभिन्न राजनीतिक नेता और युवा लोग शामिल हैं। उन्हें जल्द ही भारत के छात्रों को न्याय के लिए एक न्याय पत्र दिया गया है।
10	पुनः बन्धुओं सहित मुनिजनों के द्वारा धर्मशास्त्र का रहस्य गुनते तथा उसकी व्याख्या भी करते थे ॥	हे राजन् ! आप श्री विष्णुजी, विश्वामित्रजी, रुद्र और गुरु, गुरु और गुरु आदि गुरु को जानता है।
7	धन से नष्ट हुए व्यक्ति का कुछ भी नष्ट नहीं हुआ किन्तु यदि चरित्र नष्ट हुआ तो वह मरे हुए के समान है।	इस संसार में अतिशय, अचल और अचल, नित्य और अशुभ धन को ही छोड़कर, नित्य और अशुभ रूप से युक्त रहने वाले होते हैं।।
1	बिछौना	टिकट
8	गुजराती भाषा में बावड़ कहते हैं	गुजरात के बोलने पर "अष्य" ने कहा।
10	कन्नूर में कुटियान माला नामक क्षेत्र में बिजो-अन्नमारिया एक स्वप्निल जोड़े की बेटी बन जाती है।	कोरोनाटों में बेंगलुरु-नगर के नाम से नामित किया जाता है।
9	जो व्यक्ति संतोषरूपी अमृत से तृप्त है, मन से शांत है, उसे जो सुख प्राप्त होता है, वह धन के लिए इधर-उधर दौड़-धूप करने वाले को कभी प्राप्त नहीं होता।	जो व्यक्ति अपने आप कर्मों को दूर करने के लिए, पर, पर, दुख से, दुख से, दुख से, दुख से, दुख से, दुख से, दुख से, दुख से, दुख से, दुख से, दुख से, दुख से, दुख से, दुख से, दुख से, दुःख से, दुःख से, दुःख से, दुःख से, दुःख से और काम में, दुःख से, दुःख से और काम में, दुःख से और काम में, दुःख से और काम में, दुःख से और काम में, दुःख से और काम में, दुःख से और दुःख से और दुःख से और दुःख से, प्राणों के लिए,
24	सभी औषधि ऋद्धिधारी, उत्तम तप ऋद्धिधारी, अवधृत क्षेत्र से भी दूरवर्ती विषय के आस्वादन, दर्शन, स्पर्शन, घ्राण और श्रवण की समर्थता की ऋद्धि के धारि, अष्टाङ्ग महानिमित्त विज्ञता की ऋद्धि के धारी, आठ प्रकार की चारण ऋद्धि के धारी, पाँच प्रकार के ज्ञान की ऋाद्ध क धारा, तीन प्रकार क बला का ऋाद्ध क धारा आर बुाद्ध ऋद्धीश्वर, ये सातों जगत्पूज्य गणनायक तुम्हारे पापों को क्षालित करें और तुम्हें सुखी बना	जो लोग सभी प्रकार के हैं, जो दसों से युक्त हैं, जो दसों से युक्त हैं, जो दस, पाँच, पाँच, पाँच, पाँच, पाँच, पाँच, पाँच, पाँच, पाँच, पाँच, पाँच, पाँच, पाँच, पाँच, पाँच, पाँच, इन्द्रियों से सात, यक्ष, यक्ष, यक्ष, यक्ष, यक्ष, यक्ष, यक्ष, यक्ष, यक्ष, यक्ष, यक्ष, यक्ष, यक्ष, यक्ष, यक्ष, यक्ष, यक्ष, यक्ष, यक्ष, यम, यक्ष, यम, य
3	भूतकाल में वाक्य लिखिये	सारकाल में लिखिये।
6	परिश्रम के कारण वह गौरवस्थान प्राप्त किया।	परिश्रम के कारण वह सिनेमा में नौकरी पाई।
18	शिक्षक और शिष्य का बंधन शाश्वत पितृसत्ता के सम्मान में मनाया जाता है''वह गुरु पूर्णिमा विशेष नामक पारंपरिक कार्यक्रम में भाग लेने वाले भक्तों को संबोधित कर रही थीं।	गुरुदेव जी ने ज्योतिष के अनुसार, पूरे विश्व में प्रसिद्ध गुरु जी को याद किया है''उन्हें कार्यक्रम में भाग लेने के लिए गुरु गांधी ने प्रसन्नता व्यक्त की।
8	नहीं जानता , रास्ता कब जाने योग्य होगा ।	नहीं जानती ? रास्ता कब सुगम होगा।
1	नाम से	नाम
1	रक्षण	रक्षा
4	इससे अधिक लोग मारे गए हैं।	अधिक से अधिक लोग घायल हुए।
1	होना	करने के लिए
3	वन जायें।	वन को जाओ।
1	तीन तीन सेर।	त्रोकरी
5	उसका सूत्रग्रन्थ 'शब्दानुशासन' है।	उसका सूत्र 'विश्वकोश' है''इस प्रकार प्रसिद्ध है।
16	[ गोपियोंने कहा-] जिनकी कृपाकटाक्ष अपने ऊपर होनेके लिये अन्य देवता प्रयत्न करते रहते हैं, वे श्रीलक्ष्मीजी आपके हृदयधाममें स्थान पाकर भी तुलसीजीके साथ आपके भक्तोंद्वारा सेवित जिस चरणरजको चाहती हैं उसी चरणरेणुकी शरणमें आज लक्ष्मीजीकी ही भाँति हम भी आयी हैं ॥	श्री रामजी ने कहा -- हे कृष्ण ! आप तो फिर भी सुन्दर और रंग का दर्शन करने वाले हैं, क्योंकि आप दोनों ही हैं, क्योंकि आप दोनों के द्वारा अधिक नेत्र हैं, जो कि आप दोनों के द्वारा हैं, जो कि आप दोनों के द्वारा हैं, जो कि आप दोनों के द्वारा हैं, जो कि आप दोनों के द्वारा हैं, जो कि आप दोनों के द्वारा हैं, जो कि आप दोनों के द्वारा हैं, जो कि आप दोनों के द्वारा हैं, जो कि आप दोनों के द्वारा हैं, जो कि आप दोनों के द्वारा हैं, जो कि आप दोनों के द्वारा हैं, जो कि आप दोनों के द्वारा हैं।
5	सोलर पैनल से वह रात में बिजली पाता है।	सौर ऊर्जा का नाम वह मिलता है।
4	संस्कार भी आवश्यक होता है।	पढ़ने का भी आवश्यक होता है।
6	मैं प्रतिदिन नियम से व्यायाम करता हूं।	मैं प्रतिदिन नियम करना चाहता हूँ।
4	शिष्ट लोग संस्कृत जानते हैं।	संस्कृत में लोग संस्कृत में बातचीत करते हैं।
4	आप क्या ढूंढ रहे है ?	आप क्या कर रही हैं ?
9	राजस्व मंत्री जगत सिंह ने कहा कि पहले ही संसाधनों का अभाव था।	राजस्व मंत्री जगत सिंह नेगी ने कहा कि पूर्वजों के लिए पहले अभाव में स्थापित है।
9	इसलिए संस्कृत अवश्य पढ़नी चाहिए। आधुनिक काल में भी संस्कृत भाषा का प्रयोग अपरिहार्य माना जाता है।	इसीलिए संस्कृत पढ़ने के समय आधुनिक समय में आधुनिक भाषा भी संस्कृत का उपयोग किया जा रहा है।
5	घृत और मधु से भी अत्यन्त स्वादु वचन बोलिए	कुँखों को शर्करा और कानों से स्याया दे।
5	राज्यसभा का उपसभापति भी हुआ।	राज्यसभा में मंत्रिक भी शामिल हुए।
8	उसके सींग रत्नमय, खुर मणिमय और नेत्र नील रत्नमय थे। इस प्रकार बिजली की छटा और मनोहर मुखवाला वह मृग श्रीरामचन्द्रजी के आश्रम के पास सीताजी के सामने वन में विचरण करने लगा ॥	अपने चरण-कमलोंमें एक तुलसीमय नीलकमलको देखकर, कमलके समान श्यामवर्णसे, कमरसे, कमरसे, कमरसे, कमरसे, कमरमलासे, दिनसे, दिनसे, दिनसे, दिनसे, दिनसे, दिनसे, दिनसे, तीर्थोंको और दिनसे, पर्वतोंको और दिनसे, दिनसे, दिनसे, तीर्थोंको और दिनसे, तीर्थोंको और दिनसे, तीर्थोंको भी देखा ॥
7	कभी कभी मेरे साथ भी बात करते हैं	कभी कभी मैंने भी बात कर रही है।
4	कौआ-कौआ ही रहता है और कोयल-कोयल होती है।	काँच काटी है।
8	सभी प्रतिभागियों के लिए राशि और स्मृतिचिह्न पुरस्कार के रूप में वितरित कर दिए गए।	सभी प्रतिभागियों और प्रतिभागीों को पुरस्कार के रूप में पुरस्कार प्रदान किये गए।
5	राज्यसभा का उपसभापति भी हुआ।	राज्यसभा में मंत्रिक भी शामिल हुए।
12	सर्वेक्षण में आयकर के विभिन्न प्रवर्तनों में ऐसी असंतुलित लेखांकन गणनाएँ पाई गईं-विभाग की विज्ञप्ति प्रकाशित होती है।	सर्वेक्षण में यह भी कहा गया है कि ईसी के विभिन्न राज्यों में विभिन्न समूहों में आयी जा रही है-आप-इसकी आयी है।
10	हिमाचल-संस्कृत-अकादमी के सचिव डॉ. केशवानंद कौशल ने सभी विशिष्ट अतिथियों एवं विद्वानों का स्वागत किया।	हिमाचल प्रदेश-संस्कृत-विश्वविद्यालय के सचिव डॉ. नवीनश्रुत ने सभी अतिथियों को धन्यवाद एवं कार्यक्रम का स्वागत किया।
6	कई कारों में नाममात्र की भण्डार शेष है।	अनेक घरों में नामगुल्ला की घटनाएँ है।
3	महिलाएँ प्रश्न पूछती हैं।	महिलाएँ प्रश्न पूछते हैं।
10	और जल पान के पश्च्यात जल के किनारे वृक्ष की छाया में बैठ गये उसी समय उन्होंने महावलवान भयानक राक्षस को आते हुए देखा ॥	उस समय वह समस्त राक्षसों के बीच रहने के लिए वहाँ दौड़ा और वहाँ रहने लगे। तब वह 'मैं धनुष धारण करता हूँ। तब वह युद्ध के लिये सम्पूर्ण दिशाओं को पार करने के लिये असमर्थ थे ॥
8	जो जो मैं बोलती हूँ वो वो तुम बनाओ ।	माँ जो मैं जो कहता है वह आर्य है।
10	फिर, एनपीएसए का वेतन गिनते हुए निकालना भी दुर्भाग्यपूर्ण मुद्दा है।	फिर आईटीएएएए का बैंक भी निकालने का विषय है।
6	वहाँ कोई नहीं था	वहाँ कोई नहीं था।
6	कहा जाता है कि कल नामांकन में प्रवेश किया जाएगा।	कल रात का नाम प्रवेश होगा।
10	यह सुनकर हिरण्यक चित्रग्रीव के बन्धनों को काटने के लिए जल्दी से निकट आया तो चित्रग्रीव कहने लगा -हे मित्र।	यह सुनकर हिरण्यक ने सियार को रोका और रोका को रोका और रोका को पास जाकर रोका बोला- हे मित्र!
4	उसके पास कोई भी नहीं है।	कोई भी नहीं है।
12	ये केंद्र अपनेद्वार के पास राज्य के लोगों को आवश्यक स्वास्थ्य सेवाएं प्रदान करने के लिए नए आशा की किरणें सिद्ध होंगी।	ये सरकार द्वारा अपने चित्रों को समाप्त करने के लिए राज्य के लोगों को नई स्वास्थ्य सेवाएं प्रदान की जाएंगी।
3	भैया ! आईये	भैयाजी आईये।
6	आलसी को विद्या कहाँ? विद्याहीन के पास धन कहाँ?	पशु के पास विद्या, विद्या, धन, धन और धन का धन धन धन धन धन है।
10	विजया- सखी! तपस्या के प्रभाव से हिंसक पशु भी तुम्हारे मित्र हो गये हैं।	विजया- हे तपस्विनी! तप से व्याकुल होकर तुम्हारा भरण भी तुम्हारा मित्र बन गया।
23	मुख्यमंत्री सुखविंदर सिंह सुक्ख ने बैंकों से अनुरोध किया कि वे सरकार की जन कल्याण योजनाओं के लिए उदारता और रियायते और ब्याजदर से ऋण चुका सकें, इससे अधिक से अधिक लोग इन योजनाओं का लाभ उठा सकें।	मुख्यमंत्री सुखविंदर सिंह सुक्खू ने कहा कि वे सेब योजनाओं के विकास के लिए सरकार द्वाराबद्ध लोगों को निदाते हैं, जिससे इन योजनाओं को अधिक से अधिक लोगों को अधिक से अधिक खर्च किया जा सकता है, जिससे लोग सरकारी योजनाओं को पूरा कर सकते हैं।
8	इस अवसर पर आचार्य तुलसीदास परौहा जी, विश्वविद्यालय के रीवा परिसर विशेष रूप से उपस्थित थे।	इस अवसर पर आचार्य अनुपमाकृष्ण शुक्ल विश्वविद्यालय के कुलपति प्रो. मुरली मनोहर पाठक विशेष रूप से उपस्थित थे।
9	कोई एक वन्यजीव खाने से पेट भर जाता है ना?	एक ही जंगल में तुम्हारे जीवन के लिए खाई जाती है। आपका क्या लक्ष्य है?
5	यहाँ तुम किसलिए ठहरते हो, बताओ ।	यहाँ तुम क्यों करते हो?
5	बिना देर किए तेल ईंधन-और वितरण केंद्र बंद हो गया.	बिना बिना बिना बिजली के उत्पादन का उत्पादन और उत्पादन का भी रूप से किया गया है।
10	10 शहरों में सबसे कम तापमान दस डिग्री सेल्सियस से कम रहा।	10 शहरों में सबसे कम तापमान 9 डिग्री सेल्सियस में कम हो गया।
15	इस अवसर पर विशाल जनसभा को संबोधित करते हुए मुख्यमंत्री ने महिला जिलों को दिया''प्रोत्साहनराशिं''उन्होंने हजार रुपये से हजार रुपये तक बढ़ने का घोषणा की.	इस अवसर पर सभी लोगों ने जनसभाओं के माध्यम से मुख्यमंत्री अर्जुन धर्माणी को''आपांग योजना का उद्घाटन किया''इस योजना का उद्घाटन किया।
24	अरे मनमधुप! व्यर्थ झंकारमय कोलाहल मत कर, मौन होकर हरिके चरणरूपी विकसित कमलके मकरन्दका आस्वादन कर। सबकी प्यास बुझानेवाले उस चिदानन्दमय मकरन्दका एक बार भी पान कर लेनेपर तेरी यह अहंकारसहित झनकार न जाने कहाँ विलीन हो जायगी ? ॥	हे कृष्ण ! हे कृष्ण ! हे कृष्ण ! हे कृष्ण ! हे कृष्ण ! हे कृष्ण ! हे कृष्ण ! हे कृष्ण ! हे कृष्ण ! मैं तो हृदय, कमल, कमल, कमल, कमल, चक्र, कमल, कमल, कमल, कमल, कमल, कमल, कमल, कमल, कमल, कमल, कमल, कमल, कमल, कमल, कमल, कमल, कमल, कमल, भदा, कमल, भदा, कमल, कमल, कमल, भदा, कमल, कमल, कमल, भदा, कल्क, कल्क, कल्क, कल्क, कल्क, कल्क, कृष्ण, कृष्ण, कृष्ण,
3	बच्ची उँगली से दिखाती है।	बच्ची खिड़की से कहता है।
6	इसरो अर्थात् भारतीय अन्तरिक्ष अनुसन्धान संस्थान	परीक्षा में भारतीय सेना के बीच का अध्ययन किया गया।
1	मूर्ख	बगुले
5	स्वामी धीरे-धीरे पेटी खोलता है।	स्वामी धीरे धीरे धीरेधीरे धीरेधीरे लैस में उतारती है।
8	रास्ते में कोई उतरना चाहे तो वाहन रोकता था।	रास्ते में कोई भी रेल रोकता था तब वाहन निलंबित कर रहा था।
1	खाना और गलना	गिरे हुये।
13	हे राम! मैं शत्रुओं का वध करने में भी आपकी सहायता करूँगा इस सम्बन्ध में मैंने जो कुछ देखा हैं वह में आपको सुनाता हूँ सुनिये ॥	श्रीरामचन्द्रजी ने भी अपने आप को वन में ले लिया है। अतः में मुझे वन में रहने के लिये मैं तुम्हें मार दूंगा। अतः मैं तुम्हें वन में रहने के लिये उनका राज्य नहीं जानूंगा ॥
6	उसके हाथ में रंग है क्या ?	उसके हाथ में कौन है ?
15	कीचक उस समय तो उसी से भाग गया परन्तु अपनी बहन के साथ वह साइरन्ध्री के बारे में बार-बार बात कर रहा था।	भीम ने उस समय कुछ समय बाद भीम के साथ अपने जनों को याद किया, लेकिन वह अपने विषय पर प्रहार कर रहे थे।
6	हम सभी वीर सैनिकों को नमन करते हैं।	हम सभी वीर सैनिकों को वन्दन करते हैं।
1	खाने से	अयोग्य
1	बड़ा युद्ध	महान्
5	जो शिक्षा देता है वह शिक्षक है	जो शिक्षा देता है वह शिक्षक है
1	छात्र पर	छात्र
15	आज बुधवार है एनएचएम-जिले के साथ वार्तालाप के माध्यम से विषय को समझने का प्रयास किया गया, लेकिन विषय समाप्त नहीं हुआ।	अब बुधवार को पुलिस-संबंध के साथ वार्तालाप के लिए बात की, लेकिन समस्याओं के बारे में समाप्त नहीं हुआ, लेकिन अब तक किसी विषय पर नहीं हुआ है।
12	ज्ञान की देवी माँ सरस्वती जिसकी जिव्हा पर सारे श्लोकों का सार है जो बुद्धि की देवी कही जाती है और जो ब्रह्म देव की पत्नी है ऐसी माँ का वास मेरे अन्दर सदैव रहे ऐसी कामना है ।	जो मनुष्य श्रीलक्ष्मणजी के द्वारा रचित हैं, उन दोनों का हृदयवासियों के द्वारा पूजित हो जाता है, उन श्रीहरि का हृदयन करता है, वह लक्ष्मी के समान है ॥
8	रामचरण – क्या प्रतियोगिताएँ केवल लड़कों के लिए हैं?	रामचरण – क्या ? ये दोनों बालार्थ हैं?
11	कौन (मनुष्य) वृद्ध होने वाला जानता हुआ नीचे मृत्यु लोक में रहने वाला जीर्ण न होते हुए देवों के संगत प्राप्त कर रूप रंग तथा भोग के आनन्दों को समझते हुए बहुत काल तक जीवन धारण करने में प्रेम करेगा।	जैसे किसी दूसरे के द्वारा भी प्राण की प्राप्ति होती है, वैसे ही किसी दूसरे के हाथ में भी अपना प्रेम होता है। जैसे की तरह सज्जन व्यक्ति के गले में प्रकट होता है। जैसे उसकी तरह सज्जन व्यक्ति के गले में कुछ भी नहीं है। जैसे उसकी तरह सज्जन व्यक्ति के गले में रहने के लिए अपनी इच्छा से ही नहीं होती।
9	मैं ओ .... विचार आ गया ... आ गया	मैं देखती हूँ ...., विचार आया था।
1	स्नान करना	स्नान
9	हे महाबाहो ! सत्त्व, रज और तम ये प्रकृति से उत्पन्न तीनों गुण देही आत्मा को देह के साथ बांध देते हैं।।	हे कौन्तेय ! रजोगुण में गुणी पुरुष गुणी पुरुष के लिए गुण और गुणों के लिए ही (शुद्ध) हैं, परन्तु (ज्योंकि) और प्रकृति के समान ही (जत्य) पुरुष हैं।।
12	श्रीकांत ने कहा कि केवल भारत ऐसी देशोयं है जिसने दो अधिकारियों केबुदों पर टीकाकरण किया है	श्री ने कहा कि भारत का यह देश है जो देश है, जो देश के दो से अधिक है, जो एक व्यापक रूप से अधिक है।
9	वहाँ पर अग्नि को स्थापित करने के लिए विधि पूर्वक उसे प्रज्वलित करने के पश्च्यात अनेक रत्नों से विभूषित सीता को साथ लेकर महारानी सहित महाराज जनक जी कमलनयन श्रीरामचन्द्र के पास आये। 'श्रीरामचन्द्र का विधिवत् चरणों को धोकर तथा चरणोदक को उसी प्रकार अपने सर पर धारण किया जैसे शिव ब्रह्मा तथा मुनिजन सदा अपने मस्तक पर धारण करते हैं । ॥	वहाँ पहुँचकर वह सीता और लक्ष्मण के साथ अग्नि के तट पर बैठाकर वहाँ आये और वहाँ आये और वहाँ आये। तत्पश्चात् वह श्रीविष्णुजी के आश्रम में रहने लगे ॥
5	घर आकर मेरी माँ को मारते हैं।	घर आकर मेरी माँ को गोदी में भेजती है।
5	दो गोलक के बीच गन्ना पिसता है।	टैकरी के बीच टैक का अचार सूट होता है।
5	आज घर-घर में इसका उपयोग होता है।	अभी घर में गृह के लिए काम होता है।
4	वे धीमे धीमे चलते हैं ।	वे सब मिलकर सुभद्रा चलते हैं।
8	जो कोई अनादर पूर्वक भी किसी से अध्यात्मरामायण का श्रवण करता है, वह भी पातकों से मुक्त हो जाता है ॥	जो व्यक्ति श्रीराम जी के द्वारा रचित होकर भी बोला "मैं तुम्हें भी नहीं जानूंगा", वह तो मुझे भी जान दूंगा", क्योंकि यह वाक्य ही है।
5	हम दोनों बालक का नाम जानते हैं।	हम दोनों बालक का नाम जानते हैं।
16	अर्थात् सत्य की ही विजय होती है, असत्य की नहीं तात्पर्य यह है कि उस ब्रह्म की प्राप्ति में सत्य की प्रतिष्ठा होनी चाहिये, क्योंकि यह ब्रह्म को प्राप्त करने का महत्वपूर्ण साधन है। इस संसार में अन्य कार्यों में भी सत्य की ही विजय होती है। मिथ्या भाषण, कपट आदि का सहारा लेने वालों को दुःख और निराशा ही हाथ लगती हैं। अतएव बुद्धिमान प्राणी सत्य भाषण और सदाचार को ही अपनाते हैं, झूठ को नहीं । ऐसे लोग जिनकी वासना सर्वथा समाप्त हो गई है, जिस मार्ग से वहाँ पहुँचते हैं, उस मार्ग में सत्य पूर्णाधार ब्रह्म स्थित हैं उस परम	सत्य ही संसार में रहने वाले मनुष्य को सत्य के समान समझते हैं, जो सत्य को प्राप्त करने वाले हैं, वे अपने मन को नष्ट करने वाले हैं, वह सत्य के द्वारा ही अपने मन को प्राप्त करने वाले हैं, वह सत्य को प्राप्त करने वाले हैं।
14	श्रीभगवान् ने कहा -- हे पाण्डव ! (ज्ञानी पुरुष) प्रकाश, प्रवृत्ति और मोह के प्रवृत्त होने पर भी उनका द्वेष नहीं करता तथा निवृत्त होने पर उनकी आकांक्षा नहीं करता है।।	श्रीभगवान् ने कहा -- यह संसार और बुद्धि दोनों के द्वारा ही नहीं है, और वे दोनों के द्वारा ही रथ को प्राप्त नहीं करते हैं।।
10	जब वह पाठशाला नहीं जाता, तब बाग़ भी नहीं जाता।	जब वह पाठशाला से नहीं जाता, तब बाग़ में भी नहीं जाता।
3	वर्तमान सरकार ने जल का उपकार किया है।	वर्तमान सरकार ने जल में जल का निर्माण किया है।
4	मुझे आप से बहुत आशा थी ।	आप बहुत से युवक थे।
20	मैं विष्णु हूँ, मैं रुद्र हूँ, मैं वरुण हूँ, मैं यम हूँ, मैं चंद्र हूँ, मैं सूर्य हूँ इस प्रकार बोलने वाले बहुत से मलतालु और माली सबको धमकाते हैं।	मैं विष्णु हूँ, मैं तुम्हें सूर्य हूँ, सूर्य के समान हूँ, सूर्य के समान सूर्य हूँ, मैं तुम्हें प्राप्त करके सूर्य के समान बैठा हुआ हैं, ऐसा कहकर सभी के हृदयों से माला और मजाक हो गए हैं।
11	यह कहकर शीघ्र मुनियों के साथ अगस्त्य मुनि उठकर स्वयं श्रीरामचन्द्रजी के पास आये और उनसे अत्यन्त भक्तिपूर्वक बोले	यह कहकर मुनिगण ने अति हर्षित होकर स्वयं से कहा हे रघुश्रेष्ठ ! आप मुझे पति और लक्ष्मणजी को प्रणाम कीजिये।
1	नगरी का नाम	निकलता है
8	यह युद्ध सैकड़ों वर्षाों का नहीं है, यह लाखों रामभक्तों का बलिदान है।	त्रासों में यह हिंदू नाम, महाभारत की सबसे बड़ी संख्या है।
3	वह केवल लिखता है	वह केवल लिखता है।
1	परिशीलन करना	रक्षा करना
8	पूरे दिन तक (भर) सोता हुआ यह कैसे हमारी रक्षा करेगा।	यह आश्रम प्रतिदिन किसी से अधिक दूर हो जाएगा।
5	सबल बनें , सफल बनें।	सबने थोड़ी देर हो।
5	उसके चेहरे पर स्मित देख रहा हूँ	उसके चेहरा से आ गया था।
4	रमा चन्द्रमा देखती है।	रमेश आकाश में उड़ता है।
3	ग्वाला दूध लाता है।	गोपाल दूध लाता है।
7	रात में फटे दूध में गुड मिलाकर मैंने खा लिया।	रात में दूध बेचने वाले दूध पर मैं खा गया।
4	गौ को खेत से निकाल दो।	गोपाल खेत से निकलते हैं।
6	और हे भारत ! तमोगुण को अज्ञान से उत्पन्न जानो; जो समस्त देहधारियों (जीवों) को मोहित करने वाला है। वह प्रमाद, आलस्य और निद्रा के द्वारा जीव को बांधता है।।	हे भारत ! आप समस्त जगत् के परम धाम (ज्ञानी) रूप में स्थित हैं, परन्तु समस्त भूतों को वश में जानो।।
7	सभा में राज्यों के विधानसभा चुनावों के बारे में भी चर्चा हुई।	सभा में राज्य के विधानसभा क्षेत्रों में भी चर्चा हुई।
12	और रथ के पहियों के निशान को देखते हुए वह सभी अयोध्यापुरी में लौट आये तथा प्रतिदिन हहय में राम और सीता का ध्यान करते हुए वहाँ रहने लगे ॥	इस समय आकाश में सर्वबुद्धि वनवास के लिये आने के कारण श्रीरामचन्द्रजी के पास दौड़े। तब वह श्रीरामचन्द्रजी श्रीरामचन्द्रजी श्रीरामचन्द्रजी के पास जाकर श्रीरामचन्द्रजी के पास दौड़ा ॥
10	परन्तु तत्त्वज्ञानी पुरुष सभी रूपों में केवल तुम ही देखते है'यह अच्छा है।	परन्तु ज्ञान के कारण सभी शान्तों के रूप में तुम्हें केवल कुछ भी देखता हूँ।
9	चित्रोतलंम से पहले चलचित्र के तारकवर्ग के विषय पर निरन्तर वार्ता होती है।	बॉबी देओल के लिए पहले फिल्म वर्ग में वर्ग में लगातार लगातार आते हैं।
9	वास्तव में विपक्षी दल के सदस्य गोमय को लेकर विधानसभा परिसर में पहुंचे थे।	वास्तव में विपक्ष के नेता के रूप में विधानसभा क्षेत्र में घुस रहे थे।
8	विभा - "रेल से उतर रहा है" ऐसे बोलो ।	विभा - " रेल से उतर रहा है"
6	वे सभी धर्मशाला में रहेंगे।	वे सभी भी धर्मशाला में रहेंगे।
9	मैं क्या करूँ ? आज विचार ही उत्पन्न नहीं हो रहे हैं ।	मैं क्या करूँ ? आज विचारों को नहीं दिखते हैं।
14	उद्योग मंत्री हर्षवर्धन चौहान ने कहा कि राज्य सरकार द्वारा राज्य में औद्योगिकीकरण को बढ़ावा देने के लिए निवेश अनुकूल वातावरण बनाने के लिए महत्वाकांक्षी पहल की गई हैं।	उद्योग मंत्री हर्षवर्धन चौहान ने कहा कि राज्य सरकार ने राज्य में निवेश के लिए राज्य सरकार की सुरक्षा के लिए सुरक्षा के लिए बड़े निवेश कार्यक्रम आयोजित की हैं।
8	वे बोलते हैं – तिल के लड्डू खाओ, मीठा मीठा बोलो..!!	वे बोलते हैं – गंगाजी में स्नान करो।
3	मोहन चटाई पर बैठा है |	मोहन दूकान में बैठता है।
7	हालांकि तीन साल के समय का आवंटन बढ़ाकर किया गया।	यह भी तीन वर्षों के बाद समय बाद बढ़ गया।
6	दिल्ली के उपमुख्यमंत्री मनीष सिसोयी को फरवरी में गिरफ्तार किया गया है.	दिल्लीनगर के दिल्ली में कैबिनेट दिसंबर को हुए सत्र में आयोजित की गई।
6	अभियुक्त शिक्षक को ग्रहण करने के लिये पुलिस बल व्यस्त है।	अभियुक्त शिक्षा विभाग के लिए पुलिस पुलिस बल की खोज की गई है।
4	पुत्र की पत्नी बहू ।	पुत्र के पत्नी का पुत्र
4	इस खेत में क्या बोते हैं।	बेहोश होते हैं।
6	इस प्रकार, 1,200 लड़कियाँ जहरीली गैस के प्रयोग से पीड़ित हुईं।	इस प्रकार, पाँच लाख रुपये की बच्ची की आयु की गति के कारण हुई।
6	मेरे घर पीतल की थाली है	मेरे घर पीले रंग का है।
7	उचित अनुचित का विचार कर के ही कर्म करना चाहिये।	उचित व्यवहार करना चाहिये ही कर्म करना चाहिये।
12	क्रिकेट जगत में केवल वर्षों तक स्वर्ण युग मुजफ्फरपुर रहा है उसी प्रकार पूरा बिहार गौरवपूर्ण है।	तीसरे विश्व में केवल विश्वनाथ शहर तक ही सबसे बड़ी मजास्टन है।
8	नए नियमों में उन्मत्त लोगों की हत्या के संदर्भ में मृत्युदंड की व्यवस्था की गई है।	नए नियमों में विशेषज्ञों की सुरक्षा के लिए कठिन नियम है।
18	राष्ट्रपति भवन में पूर्व राष्ट्रपति प्रणबमुखर्जी के लिए राष्ट्रपति ने द्रौपदी मुर्मू को राष्ट्रपति भवन में पुष्पञ्जालि दी कि वह समाचार अनुसार इस फिल्म की कथा लिख रही हैं।	समाचार के अनुसार, इस फिल्म के अनुसार, आज कांग्रेस पार्टी के राष्ट्रीय अध्यक्ष मल्लिकार्जुन गिनगे ने राष्ट्रपति के साथ प्रेमियों को संबोधित किया और उन्होंने उन्हें पहले जीवन के अंतिम कार्यक्रम में प्रसन्नता व्यक्त की।
21	प्लवगोत्तम हनुमान् तब सीता का सौम्य मुख देखकर राम के सभी वचनों को सुनने लगे हे देवी ! ससुग्रीव सलक्ष्मण जी शत्रुओं का नाश करने वाली राम कुशल है।	रावण ने उन राक्षसों को देखकर श्रीरामचन्द्रजी को देखकर श्रीरामचन्द्रजी लक्ष्मण जी ने लक्ष्मण को कहा हे लक्ष्मण ! वानरेश्वर ! सभी बन्दरगण रावण को मारकर राम के साथ अयोध्या से चले गए हैं।
1	पदध्वनि सुनी गई।	जूता खूब चबा रही है।
9	जो मन परिसर को सुगन्धित करता है उसका नाम परिमल है।	जिससे मन की गति होती है और शरीर का नाम एक बल है।
5	अतिथि बहुत समय तक घर में रुका	अतिथि बहुत से लेकर घर में बहुत से युवक हुए।
15	सबका प्रेम से व्यवहार करो और सबको प्रेम प्राप्त करो यह पुनर्जन्म नहीं है इसलिये तुम किसी भी कारण से कष्ट न करो।	सभी प्रेम से युक्त जीवन को त्याग कर और सभी को अच्छी प्रकार छोड़ देना चाहिए यह कभी नहीं करना चाहिए।
4	मैं जल्दी स्वस्थ हो जाऊँगा	मैं जल्दी से स्वस्थ हूँ।
8	जयश्रीराम के नारे और गीता के साथ रहने के कारण सब जगह आनन्द है।	जयेश नंदन की माँ और अन्य लोगों की पूजा की गई है।
2	हे मुनि	हे
4	अभी मैं भुजं जाता हूँ।	अभी मैं भुज जा रहा हूँ।
20	पिता जिस रास्ते से गये, उसने दादा के रास्ते को अनुसरण किया, उसी रास्ते से प्रत्येक व्यक्ति को चलाना चाहिए, यह कुल का पारंपरिक नियम है।	पिता ने रास्ते में चढ़े, वह एक ही मार्ग बनकर ही मार्ग बन जाएगा, यह भी उन्होंने कहा कि यह व्यक्ति के लिए प्रत्येक व्यक्ति के लिए विशेष रूप से प्रभावित हो जाता है।
6	किसी प्रकार उसने अपने पात्र को घर के अंदर ले लिया।	ऐसा सोचकर वह अपने घर से निकल गया।
1	वे दो	वे दोनों
5	मेरे पर्स में पाउडर नहीं है ।	मेरे थैले में सुनी नहीं है।
9	ओह , आप रात में संस्कृत में ही सपना देखते हैं	ओह , आप रात में संस्कृत में ही सपना देख रहे हैं।
5	कौरवपाण्डव के युद्ध के बाद भी संस्कृत थी।	कौरवों के समय युद्ध के बाद युद्ध भी संस्कृत में थे।
3	मत जाओ ।	नहीं जा सोगे।
8	अतिथियों का स्वागत प्रांतमंत्री डॉ. चंद्रप्रकाश ने किया।	अतिथियों का स्वागत डॉ. कविता भट्ट ने किया।
4	वर्षा की प्रतीक्षा कर रहे हैं	वर्षा की प्रतीक्षा कर रहे हैं।
10	विद्वान कहते हैं की शिक्षा, व्याकरण, छन्द, निरुक्त, ज्योतिष, कल्प वेदों के छः अंग होते है।	शिक्षाशास्त्र के अध्ययन से, नीति, पुराण, पुराण, पुराण, पुराण, पुराण, अग्नि, पुराण, अग्नि, भस्मादिक, ज्योतिष, ज्योतिष, ज्योतिष, ज्योतिष, पुराण, पुराण, पुराण, रस, पुराण, पुराण, पुराण, पुराण, पुराण, उपवेद, उपवेद, उपवेद, उपवेद, उपवेद, पुराण, उपवेद, उपवेद, उपवेद, पुराण, पुराण, उपवेद, उपवेद, उपध्या, पुराण, उपव, पुराण, उपभाभम, पुराण, पुराण, पुराण, उपभाभम, पुराण, उपभाभम, पुराण, उप
12	वह गुरुकुल है? गुरुकुल जिसमें हम लोग पढ़े थे, मैं और हरिराम, अब वह नहीं है।	गुरु जी ने जिस प्रकार गुरु जी को मैं जानता हूँ, वह ब्राह्मण और वैश्य भी नहीं है। इस समय मैं तुम्हें वरदान दमनियों से यहाँ निकालूंगा।
3	वह मुझसे पूछता है।	वह मुझसे पूछता है।
7	वह फूल जब कच्चा होता है तब काटा जाता है।	वह फूल जब निकलता है तब मजाक हो जाता है।
4	देवर भाभी के चरण छूता है।	देवजी भैया को कहाँ छूती है।
7	कोई भी जिज्ञासु में प्रवेश पा सकता है।	कोई भी जिज्ञासु तो प्रवेश कर सकता है।
5	दादा पौत्र को पत्र लिखाता है।	दादाजी हाथ में लिखती है।
1	कहां से	किसलिये
1	कमण्डलु	छठी
4	तुम सबके द्वारा दान दिया जाय ।	तुम सब दान देते हो।
10	वह सीता मैथिली, वैदेही, द्रौपदी, पाञ्चाली, येज्ञसेनी इत्यादि अनेक नामों से विख्यात हैं।	वह सीता – भरत, वैशाली, वैशाली, द्रौपदी, द्रौपदी, द्रौपदी, सिद्धा और अन्य लोगों के साथ अनेक प्रसिद्ध हैं।
6	अतिअहिंसावाद के कारण लोग कायर बन रहे थे।	बहुत से पार हो गए हैं।
5	श्ज इसके मरने का समय आया ऊपर को श्वास के चलने से।	इस प्रकार मरे हुए नीले हुए खरगोश के द्वारा भाग दिए गये।
8	पर्यटकों ने अपने मोबाइल फोन से महानाटमी को पकड़ कर स्वभाव चित्र लिया।	पर्यटकों ने अपने घर के छठे रहस्य पर स्थित एक अद्भुत चित्रों को देखा।
1	निर्माण करते हैं	प्राप्त करते हैं
1	निन्दा	अकाल
11	भारत ने महिला ट्वेंटी-20 एशिया कप के फाइनल में श्रीलंका को हराकर सातवीं बार खिताब जीता।	वनडे क्रिकेट-भारत ने भारत के खिलाफ मैच में श्रीलंका के खिलाफ श्रीलंका के खिलाफ सातवें मैच में सात पदक जीते।
20	पूर्व मंत्री प्रकाशचौधरी ने गुरुवार शाम को सोशल मीडिया पर इस जानकारी का प्रसार किया, इसके बाद शुक्रवार सुबह उसके घर में कार्यकर्त्ताओं का समागम हुआ।	पूर्व मुख्यमंत्री उत्तराखंड के मुख्यमंत्री शाम को दोपहर के बाद, इंटरनेट व्यवस्था के बाद यह सूचना दी गई, और शुक्रवार को उन्होंने एक बार उनका संसद में एक सभा आयोजित किया था।
13	पिछले तीन दिनों से राजौरी और पुंछ के सीमावर्ती जिलों में फोन- इंटरनेट-सेबें लग गई हैं.	ये राजदूत के प्रलय में दो दिनों में वायु प्रदूषण के माध्यम से तीन दिनों तक दूर हैं।
19	इसलिये यदि तुम मेरे गुणों को याद करते हो तो जब तक मेरा शत्रु नहीं आता, जल्दी से मेरी रथ ले जाइये और युद्ध के मैदान में जाइये।	इसलिये यदि तुम मेरे गुणों के साथ उस पर विश्वास नहीं करते तो मुझे देखकर पाण्डवों के साथ युद्ध नहीं करते।
8	ऋषियों के द्वारा वेद मंत्रों की व्याख्या, समीक्षा और भाष्य किया जाता था।	ऋषिदेव के वेदों के आधार पर, वेदों के आधार पर और प्रणाम किया जाता था।
9	उसी क्रम में और बीच में स्नातक पद और स्नातकोत्तर उपाधि प्राप्त हुए।	उसी प्रकार इसी प्रकार इसी तरह सुमधुर वर्ग का पुरस्कार और पाया गया।
16	लघुपतनक बोले मैंने सब सुन लिया है। फिर भी मेरा इतना निश्चय है कि तुम्हारे साथ मित्रता अवश्य करूँगा, नहीं तो अनशन द्वारा (भोजन न करके) अपने आप को समाप्त कर डालूँगा। जैसा कि -	यदि मैं इन सबको अपने आपको सुनाता हूँ, तो मैं सब कुछ भी सत्य के साथ ही अपने आपको सच करने के लिए समर्थ नहीं हूँ। क्योंकि आप अपने मन में ही रहो।
14	राज्य के नए पुलिस महानिदेशक कौन बनेंगे, यह माना गया था कि निर्णय मंगलवार शाम तक कर लिया जा सकता है।	राज्य के नए पुलिस अधिकारी के स्थान पर कौन-अलग निर्णय किया जा सकता था।
1	दानकर्ता	मित्र
7	लेकिन अभी तक किसी ने जिम्मेदारी नहीं ली है.	लेकिन यहाँ तक उनका उत्तर नहीं है।
3	फिर कब मिलेंगे।	फिर मिलेंगे।
6	वहाँ प्रातः और सायं यज्ञ होता है।	वहाँ शाम यज्ञ का यज्ञ होता है।
6	पेंसिल छील कर वह सुंदर चित्र बनाता है।	पेंसिल छील कर वह सुंदर चित्र बनाता है।
11	विश्वविद्यालयपक्ष से आचार्य राजेश शर्मा, डॉ. राकेश कुमार शर्मा उपस्थित थे।	प्रशिक्षण के साथ आचार्य राजेश शर्मा, कार्यशाला का संचालन डॉ. राकेश कुमार शर्मा उपस्थित थे।
13	हे मित्र ! तुमने मुझे पूजा है, मेरा कर्तव्य और कर्म भी समाप्त हो गया।	हे गदेन्द्र ! मैं पूजा करता हूँ, मेरा मन भी समाप्त हो गया है।
17	कार्यक्रम में राज्य चुनाव के लिए चंद्रशेखरभट्ट, चुनाव मंत्री दिलीपवालकर, मुख्य चुनाव अधिकारी डॉ. वी. षणमुगम, अपरमुख्य चुनाव अधिकारी विजय कुमारजोगदंडे और मुख्य शिक्षा अधिकारी श्री दशेशचंद्र गौड़ आदि अधिकारी उपस्थित थे।	कार्यक्रम में राज्य चुनाव आयोग के सदस्य डॉ. राजीव कुमार त्रिपाठी, मुख्य सचिव डॉ. राजीवचंद्र शुक्ल, डॉ. राजीव शुक्ल, डॉ. राजीवचंद्र शुक्ल, डॉ. राजीवचंद्र शुक्ल, डॉ. राजीवचंद्र शुक्ल, अन्य सदस्य, अन्य सदस्य उपस्थित थे।
10	श्रीकण्ठ बोला ⁇ ”मित्र! तुम्हारे वचनों को सुनकर मेरे मन में बहुत प्रसन्नता हुई।	श्रीभगवान् बोला- “हे सौम्य! तुम्हारे भाई! मेरे मन से जो बहुत खुश हुआ है।
3	मन्दिर में नगाड़ा ज़ोर से ध्वनि कर रहा है।	नंबर मन्दिर पर ऊँचा भरता है।
6	तो शीघ्र स्नान करते हैं क्या ?	तो फिर स्नान करना चाहिये क्या ?
18	प्रधानमंत्री नरेंद्र मोदी''मन की बात''नाम नामक मासिक रेडियो कार्यक्रम में उन्होंने कहा कि सभी जिलों में महिलाओं को ताकत मिली है.	प्रधानमंत्री नरेंद्र मोदी ने''सदा''इसका उत्तर दिया कि वह चंद्रभूमि पर नामित हुआ कि उन्होंने सभी लोगों को एक साथ सभी लोगों के लिए लोगों को एक समान शक्ति दी है।
10	तुम एकमात्र सत्यस्वरूप हो, सबका आधार हो, कुछ भी स्वयं निराधार हो ।	तुम सत्यस्वरूप सत्यस्वरूप हैं, सर्वस्वरूप रूप से अपने कल्याण के लिए योग्य हो।
10	श्री वसिष्ठजी एक केरल के त्रिशिवापुर जिले के इरिंगंगालकुटास में माधवगणित केंद्र द्वारा आयोजित एक बैठक में याद कर रहे हैं।	देश के संयुक्त राज्य अमेरिका के जर्नल जिले के जमीलपुर के जांडुड गांव में आयोजित एक समारोह में एक समारोह में एक समारोह आयोजित एक समारोह में यह भी प्रस्तुत किया गया।
1	हुआ हुआ	एक साथ
4	विजिलेन्स के बारे में व्याख्यान सुन रहा हू	संयोग के विषय में बोलता हूँ।
8	मैं पहले समझता था कि मैं ही शक्तिशाली हूँ।	मैं पहले मन में कहा कि मैं ही हूँ।
16	यह मन प्रखर ज्ञान से सम्पन्न, चेतनशील तथा धैर्य-सम्पन्न हैं समस्त प्राणियों के अन्तःकरण में अमर प्रकाश ज्योति स्वरूप है जिस के बिना कोई भी कर्म सम्पादन सम्भव नहीं है ऐसा मेरा वह मन श्रेष्ठ कल्याणकारी संकल्पों से युक्त हो।	जो मनुष्य संसार में आसक्त होकर, अशुभ और अशुभ पदार्थों को त्याग कर देता है, वह योगी के द्वारा मुक्त हो जाता है, वह योगी के द्वारा मुक्त हो जाता है, वह योगी नहीं हो जाता है।।
10	बाद में दिसंबर में राज्य में व्यापक पेटी को कार्यान्वित करने के लिए मार्ग दर्शक तैयार हो जायेंगे।	इसके बाद दिसंबर को राज्य में ही यह योजना पूरी हो जाएगी।
6	यह सूत्रग्रन्थ शाकटायन शब्दानुशासन नामक ग्रंथ द्वारा रचित है।	इस बात के लिए, खासटखंड के दो भागों के लिए प्रसिद्ध है।
6	विमान को बिना किसी क्षति के ज़मीन पर उतारा गया।	पुल के बिना विमान दुर्घटना चल गई।
8	मानव विकास समिति के अध्यक्ष और कुलदीप पाठक सदस्य बनेंगे।	मानव विकास समिति के अध्यक्ष और कुलदीप पाठक सदस्य होंगे।
11	फिर विश्वविद्यालय का कुलगीत प्रस्तुत किया गया उद्घाटन सत्र में मुख्य अतिथि के रूप में राज्य के उच्च शिक्षा मंत्री डॉ. अरुण जेटली उपस्थित थेश्री मोहन यादव उपस्थित थे।	इसके बाद विश्वविद्यालय के कुलपति डॉ. नवीनखेल ने मुख्य वक्ता के रूप में उच्च शिक्षा मंत्री डॉ. नवीनश्रवावर ने क्षेत्र के मुख्य वक्ता के रूप में उपस्थित थे।
3	उसके बाद बीज बोउँगा ।	उसके बाद जम्मू-उधर बन्द करूँगा।
5	कोई भी व्यक्ति जिस भी पुस्तक को माँगता है।	जो कोई भी पुस्तक माँगता है।
1	मेरी प्रसन्नता के कर्म अर्थात् श्रवण, कीर्तन।	हमेशा
15	उन्होंने कहा कि इसके साथ सरकार द्वारा बर्फ में लोगों को चिकित्सा उपलब्ध कराने का भीनिश्चय किया जाना चाहिए।	उन्होंने कहा कि इससे सरकार ने इस समय लोगों को बर्फ देने के लिए लोगों को भी पर्याप्त काम किया है।
19	कैबिनेट ने कंगड़ा जिले की जिला स्तरीय चूंजसल्याना, लिदबारमेला, यूना जिले की हरोलली-बताया गया है कि बिलासपुर जिले के घुमरवी क्षेत्र में ग्रीष्म उत्सव की राज्य स्तरीय मेले में उठाने के लिए मंजूरी दी गई है।	मन्त्रिमण्डल की कांगड़ा जिले के जिला जिले के जिला मंडल के कंगला जिले, बिलासपुर, बिलासपुर, बिलासपुर, बिलासपुर, बिलासपुर, बिलासपुर, बिलासपुर, बिलासपुर, बिलासपुर, बिलासपुर, नागपुर, मेहरपुर, जोगरा, जोगरा, मेडोरोरोरम, हिमाचल प्रदेश, मेहरोर और बिलासपुर में मेगोर-म-म-म-म राज्य के मेगोरिंग में एक केंद्र का निर्माण करने के लिए मंजूरी दी गई।
6	तब वैदिक संस्कृति का सब जगह चलन था।	तब वैदिक संस्कृति का सब जगह था।
6	आज वे अपने अपने संस्कृत शिक्षक को याद कर रहे हैं।	आज वे अपने संस्कृत में बातचीत करते हैं।
1	किन सबका	कोशिश करने वाला
6	शालिसा धाम्या ने भारतीय वायुसेना में नया करियर बनाया है।	भारतीय सेना ने रूस के सेना के दव्त्रीर को नए धन के खिलाफ नए संबंधों को स्वीकार किया है।
2	आप हैं ।	आप है।
12	तुम मेरे पुत्र हो !! तुम्हारे पिताजी ने नहीं रोया, तुम पुत्र नहीं बन गये हो।	मेरी माँ तुम मेरी बेटी हो, तुम नहीं हो, तुम तो तुम्हारी नहीं समझ जाओगे, तुम मेरे भाई हो गए हो।
4	उपदेश आज कहाँ है?	कहाँ है?
7	वह कैसे अभ्यास करती है , देखिये ।	वह संस्कृत अभ्यास करती है।
10	मुख्यमंत्री ने कहा कि बिजली महान देव-रोपवे-निर्माण के लिए केंद्र-राज्य सरकारों के बीच ज्ञापन पर हस्ताक्षर किए गए।	मुख्यमंत्री ने कहा कि विश्वदेव ने राज्य सरकार की निर्माण के लिए केंद्र सरकार की- सरकार की यात्रा के लिए एक पत्र दिया।
8	पिछले एक वर्ष सरकार ने तीन प्रतिज्ञा पूरी कर ली हैं।	पिछले एक वर्ष सरकार ने तीन प्रतिज्ञाएं पूरी कर ली हैं।
7	भिक्षुक प्रत्येक व्यक्ति के सामने दीन वचन मत कहो।	शीघ्र ही प्रत्येक दिन मुझे प्रत्येक दिन नहीं सुनाओ।
7	फिर द्विभाषीता, त्रिभाषा बोलने के विषय में कुछ छोटे-बड़े-कोषों का निर्माण किया गया।	बाद में, भाषा, टैकरी, कुछ-छोटे-छोटे-छोटे-छोटे रूप से भी बनाये गये।
4	मेरे द्वारा कुछ भी नहीं लिखा गया।	मैंने कुछ भी नहीं लिखा।
5	किसान जाड़े में भी काम करता है।	किसान रसों को भी काम करता है।
9	उसकी नाक के बाहर दो आँखों को रोशन करती हुई एक तस्वीर और हल्की सी मुस्कुराती हुई लिपस्टिक दिखाई दी	एक ही घबराए हुए डुस में लटककर, यह एक नई गोली पर चढ़कर चला गया।
6	वह निर्धनों से अधिक मूल्य नहीं लेता है।	वह निर्धन अधिक मूल्य नहीं लेता है।
3	हम दोनों यज्ञ करते हैं ।	हम दोनों यज्ञ करते हैं।
4	कुत्तों को दूर भगाता है	कुत्ता दूर से करती है।
11	श्री मोदी ने गुजरात के राजधानी गांधीनगर में यह कहना आरम्भ किया-इसके दूसरा संस्कार-समारोह में उन्होंने कहा।	श्री मोदी ने कहा कि यह राजभवन में गुजरात के गारल्ली के गारल में''इसे-नगर के दूसरे सम्मेलन में आयोजित किया गया।
4	शारीरिक शिक्षकों के लिए नियुक्त किया गया प्राधान दिया जाता है।	प्राथमिक शिक्षा संस्थानों में नियुक्त करने के लिए नियुक्त किया जाता है।
6	हालांकि, इस आमोद-प्रमोद के श्रीकृष्ण जन्मभूमि सेवा संघ को तोड़ दिया गया।	और इस शुभिवरत के साथ श्रीकृष्ण जन्मभूमि की सेवा के लिए बाइक्रेलक की गई।
14	भारतीय-उद्योग-दूतावास, अनेक मंत्रालय, साहित्यिक-कादमी और शैक्षणिक संस्थानों में व्याख्यान के लिए डाॅ कविता भट्ट लगातार आमंत्रित की जाती है।	भारतीय-बाल-संबंध-प्रमोद-प्रमोद, अनेक मंत्रालय, साहित्य-अधिकारी डॉ. नवीनविदेश-महापाठी के नेतृत्व में डॉ. कविता भट्ट के रूप में लगातार उपस्थित हैं।
4	तुम सब ने लौकी का हलुआ पकाया।	तुम दोनों के पास जाकर
6	आपको यज्ञका शिर जोडना चाहिये ॥	जो यज्ञ किये गये हैं, वह दिव्य राजस नामक सिर पर स्थित होवे।
1	धमनी	सम्राट्
4	प्रतिभावान छात्र दिवंगत हो गए।	संन्यास के छात्रों को अंग्रेज हो गए।
10	ब्राह्मण अतिथि अग्नि का सदृश घर में प्रवेश करता है। उसकी इस प्रकार से (चरण धोने हेतु जल देकर) शान्ति करते हैं। हे यम जल ले जाइये।	(देजा) अपने घर में प्रवेश करते हुए (आप) साढ़े (ब्राह्मण) के घर में (ब्राह्मण) सागना (बुरा) के घर में (जैस) साढ़े (द) साढ़े) साढ़े (पाजा लेता है, वह (द्यों के घर) के समान साधा (उधर) है।
4	बच्ची वृद्धा को पानी देती है।	बच्ची वृद्धा को पानी देती है।
3	ये दोनों का अभिप्राय समान है।	दोनों विद्वानों के द्वारा रचित
5	शाम को छः बजे वह भोजन करता है ।	शाम को वह दोपहर को वह भोजन करता है।
8	जो जो मैं बोलती हूँ वो वो तुम बनाओ ।	माँ जो मैं जो कहता है वह आर्य है।
4	प्रतिदिन आपके पाठ पढ़ता हूँ।	हर रोज आप संस्कृत पढ़ाता हूँ।
6	पहले रणधीर शर्मा ने चर्चा में भाग लिया।	पहले दिन शर्मा के साथ चर्चा की।
1	रास्ता ।	तेज
5	मामलों का विषय गोपनीय था.	आंध्र रूप से संचित होने वालेों के लिए आ गए।
10	1 दिसंबर को इस फिल्म की विज्ञापन बुक प्रदर्शित होगी, ऐसा कहा गया था।	दिसंबर को पहली तारीख को प्रदर्शित की जाएगी कि इस फिल्म का शूटिंग होगा।
11	प्रधानमंत्री ने कहा कि भारत के विदेशियों के भाषा शिक्षण क्षेत्रों में श्रीराव गुरु का योगदान बहुपक्षीय है।	प्रधानमंत्री ने कहा कि भारत में संयुक्त राष्ट्र की भाषा के क्षेत्र में श्री राम जन्मभूमि की रक्षा के लिए बहुत बड़ी है।
8	संसार में सर्वोच्व सत्ता ब्रह्म है जिसने प्रत्येक वस्तु को वश में कर दिया है।	जगत् में जाति का ज्ञान आवश्यक है जिससे प्रत्येक समय में परिणाम का परिणाम पैदा होता है।
8	मंगलवार को मुख्यमंत्री अखिलेश जी पाठक के बारे में नाराज हुए।	मंगलवार को मुख्यमंत्री सुखविंदर सिंह सुक्खू ने कुछ मुद्दा के बारे में खेल पाई।
1	प्रवाह	खाना
9	जो प्राणी अहंकार रहित, शान्त स्वभाव, रागद्वेष रहित, मृतपिण्ड पाषाण और सुवर्ण में समदृष्टि है, जो प्राणी आप में मन और बुद्धि रखकर सदा सन्तुष्ट रहता है तथा अपना सम्पर्ण कर्म आपको समर्पण करता है, उसका मन आपका शुभ घर है ॥	जो पुरुष नित्यप्रति आपके लिए नित्य शान्ति का फल है, जो कि वह शान्त, जन्म और अपमानित हो, ऐसे हैं, ऐसे घर में ही मुक्त हो जाता है, वह गृह और घर के लिये ही मुक्त हो जाता है ॥
7	वर्ष 1977 में उनका नाम मैंने सुना था।	सातवें दिन मैंने उनका नाम सुना है।
10	वहां आदि महाविद्यालय के छात्रों ने वैदिक मंगलाचरण किया, सरस्वती वंदना भी की गई।	वहाँ वैदिक शिक्षक एवं छात्राओं ने वैदिक मंगलाचरण और सरस्वती वंदना की।
2	मैं ले जाती हूँ।	मैं नहीं जाता हूँ
7	उस लड़के को देख कि वह क्या कर रहा है।	उस वर्ग में वह देखो क्या कर रहा है ?
1	स्वशासन'	अपने अंशों से
7	इस प्रकार सुविज्ञ होकर हनुमान भीम के मार्ग पर जाकर सो गया।	इसी प्रकार सुषेण ने राघव को सिर पर गिरा दिया।
5	नए घर में रसोई बड़ी है।	नया घर कल चादर है।
1	गुस्सा करनेवाला	क्रूर
5	वह खड़े होकर भोजन नहीं पकाती है।	वह जल्दी से भोजन नहीं लेता है।
8	जिनको मनुष्य चलाते हैं वे छोटी नौका और जो बड़ी होती हैं वे वायु आदि से चलाई जाती हैं उन के अश्वतरी और श्यामकर्श्व श्दि नाम हैं।	जो मनुष्य, निर्बल, बगुला, बगुला, कबूतर, बेलूहा, बेलूहा और बेलान ये दोनों एक साथ एक साथ एक सीखते हैं।
13	मुख्यमंत्री के समक्ष सूची भी दी गई, लेकिन आज तक इस मामले में कोई पद नहीं लिया गया है.	मुख्यमंत्री ने भी आज भी तैयार किया, लेकिन इस मामले में कुछ भी विषय नहीं लिया गया है।
8	संजय ने कहा -- इस प्रकार मैंने भगवान् वासुदेव और महात्मा अर्जुन के इस अद्भुत और रोमान्चक संवाद का वर्णन किया।।	हे पार्थ ! ब्रह्मादेव ने कहा -- जो लोकदेव और सनातन सनातन सनातन सनातन सनातन सनातन सनातन सनातन सनातन दिव्य दिव्य दिव्य दिव्य दिव्य दिव्य दिव्य दिव्य दिव्य दिव्य हैं।।
8	कभी भी भारत की संस्कृति का नाश नहीं होगा।	कभी भी भारत संस्कृत नहीं होगा।
1	आजकल	अभी
3	पाचिका वड़े तल रही है।	पाचूयाँ रहच ऐसी आवाज करता है।
8	बहुत मिर्च है ? मिर्च से क्या कर रही हो ?	बहुत लम्बी हैं। टेस्टें क्या उठाती है ?
13	आग पर काबू पा लिए जाने के बाद आस-पास के इलाकों में स्कूलों को बंद कर दिया गया, लेकिन जहरीले धुएं के उत्सर्जन से होने वाली बीमारियाँ कम नहीं हुईं।	अग्नि प्रदूषण के कारण, आगककककककककककककक के साथ भी कई स्थानों पर भी दोनों स्कूलों के पास आयोजित किए गये।
6	आप काम कब करेंगे ?	आप कब काम करेंगे ?
5	यह चित्र किसी पाठशाला का है।	यह चित्र कट्ठी परीक्षा का दूसरा है।
6	संसार के रूप में समुद्र में नौका के रूप में सुरक्षक तुम ही हो ।	विश्वस्पतियों के समुद्रों के मध्य में तुम दोनों के कारण रक्षा की गई है।
3	वह मुझसे पूछता है।	वह मुझसे पूछता है।
3	संन्यासिनः अपि।	खाने के लिए भी कठिन है।
14	महाोदर, विरूपाक्ष, प्रह्लाद, दुर्धर्ष, देवेन्द्र, मानवेन्द्र, त्रिशिराक्ष और धूम्रक्ष का अतिक्रमण करने पर आप इन्द्रजित की किसलिए प्रशंसा करते हैं?	हनुमान जी ने उन दोनों के द्वारा पूछा कि इन्द्र और लक्ष्मण के द्वारा बहुत से सौ सौ सौ सौ सौ सौ सौ सौ सौ सौ वस्त्र और पांच सौ वस्त्र हैं।
6	क्षेत्र में सैटेलाइट सर्वेक्षण के बाद ही लोगों को सुरक्षित स्थान पर ले जाया गया।	क्षेत्र में एनसीआर के अनुसार, लोग ही लोग सुरक्षित हैं।
4	इसके बाद तपस्या करता हुआ तपोदत्त प्रवेश करता है)	तब उस तप को प्राप्त करता है, उसी तप को प्राप्त करता है।
16	हर साल इसी वर्ष मध्य प्रदेश की राजधानी भोपाल में संस्कृति बचाओ का मंच के आश्रय में टूर्नामेंट का आयोजन किया गया।	पूर्वोत्तर ही मध्य प्रदेश के पश्चिमी शहर में भी संस्कृत भारती के संभाषण में आयोजित किया गया।
1	सफेद बाल	दिन
11	यदि पुरुष ब्रह्महत्यादि पापों से अपना उद्धार करना चाहता है, तो रामगीता का एक मास तक पाठ करने पर पापों से रहित हो जाता है ॥	ब्रह्मार्दन ! आप श्री राम के साथ चलें। यदि आपलोगों को दूर करने के लिये तैयार होते हैं तो वह शीघ्र ही वह शीघ्र ही राम के पास पड़ी हुई है ॥
3	उसने प्रश्न पूछा	उसने पूछा
9	वैभव – अरे परमिन्दर्! क्या तुम भी बिजली के अभाव से पीड़ित होकर बाहर आ गए हो?	वैदे – हे वैदेही! मैं तुम्हारा धन भी तुम्हारा ही हूँ। (अतः) अरे!) अरे! तुम दोनों के हृदयों से पीड़ित हैं।
9	उन्हें परसंस्कृति बहुत पसंद है, न स्वसंस्कृति ।	कारण उन लोगों को उनके साथ अधिक से अधिक पसंद नहीं है, वैसे ही अपने संस्कृति का प्रदर्शन करना चाहिये।
7	संस्कृत सम्वाद नहीं होता है तो सुख अनुभव नहीं करता हूँ।	संस्कृत सम्वाद नहीं होता है तो सुख अनुभव नहीं करता है।
6	तिब्बती समुदाय के लोग अपने घरों की सफाई में व्यस्त हैं।	तिब्बती समुदाय के लोग अपने घरों के लिए राधारण के निर्माण के लिये हैं।
8	साथ ही ब्लॉक-जिला-राज्य-स्तरों के अधिक छात्रों ने भी भाग लिया।	और भी चट्टान-एड-राज्यों के राज्यों में भी छात्रों ने भाग लिया।
7	मध्य प्रदेश में लगभग द्वितीय तृतीयांश बहुमत के साथ भाजपा सत्ताधारण कर रही है।	मध्य प्रदेश में लगभग 30 से अधिक राष्ट्रीय चुनाव का सामना कर रहा है।
20	जम्मू-कश्मीर का सैन्यबल-महानिदेशक आर.एसआप ने कहा कि 9 दिसंबर को घर लौट रहे मोहम्मद हफीज-चाचा पर आतंकवादी हमलों ने हमला किया.	जम्मू-कश्मीर के कहुआ सेना के प्रमुख आर.एस.एस. ने कहा कि दिसंबर को अपनी नौवीं तारीख को यूक्रेन के बीच नौवें दिन बाद कार्राम-हवाई-अबिल्या में हमले में गिर गया.
4	जहाँ कहीं पर भी जाता हूँ	जहां कहीं भी जाता है।
1	पुत्री	उठो
3	कौन पढ़ाता है ?	कौन पढ़ाती है ?
3	निर्देश के अनुसार परिवर्तन करो	खोजने के लिये कठिन काम करो।
7	पोता - यहाँ आवाज़ कभी नहीं होती है ।	पोता - यहाँ शोर नहीं होता है।
9	व्यक्तियों का दृढ़ संकल्प सब कार्य सिद्ध करने में सक्षम है। लोकतन्त्र में कुछ भी हो गया है.	व्याकरण के अर्थ के अर्थ के लिए सभी अर्थों का अर्थ भी उपयोग किया जाता है।
6	आज एक बालक का नामकरण कराना था।	आज एक बालक का नामकरण कराना था।
10	संस्कृत भारती के प्रांतीय समन्वय मंत्री गौरव शास्त्री, डॉ. अरविन्दनारायण मिश्र ने संस्कृत भारती ग्रन्थ को लॉन्च करके बधाई दी।	संस्कृत भारती के अध्यक्ष डॉ. राजीवचंद्रन, डॉ. राहुलदेवदेव ने संस्कृत भारती के महत्व पर प्रसन्नता व्यक्त की।
3	वह उस कुएं में स्नान करता है।	वह उस कबूतर पर चढ़ता है।
1	पूजन करते हैं।	विद्वान् होते हैं
3	वह विश्रामघर है।	वह थैला घर है।
8	ये वस्तुएँ बनाने में प्रायः एक सप्ताह होता है।	ये सब पुरानी रूप से प्रायः हर महीने होती है।
18	जैसे आम आदमी नगर में दुकानों पर अनाज बेचते थे, वैसे ही इस देश के लोग रत्नों, वज्रों कोाशी करके उनका बेचना करते थे।	नगर में आम जनता को आम जनता के जीवन की सजाई करते हुए यह यात्रा करते हुए उन्हें उन्होंने रोक दिया। यह राष्ट्र की ओर से उन्हें रोक दिया था।
4	दोनों पुत्र धन भेजते हैं।	दोनों बेटे घर से भेजते हैं।
9	वहीं बुधवार दोपहर 12 बजे प्रधानमंत्री नरेंद्र मोदी लक्षद्वीप के कवरती पहुंचेंगे.	वहीं बुधवार सुबह 10 बजे प्रधानमंत्री नरेंद्र मोदी ने देश के राज्यपाल को लक्षद्वीप में ले जाया जाएगा।
1	आकाश	दो
16	वह 75 वर्ष के थे. वह संयुक्त राज्य अमेरिका की एक छोटी यात्रा पूरी करने के बाद मार्च के पहले दिन वापस लौटे''न्यूमोनिया''बुखार के कारण उनका तीन सप्ताह से कोच्चि के एक अस्पताल में इलाज चल रहा था।	755 में, आखिरी मिनट के बाद, आखिरी मिनट में, यह संदेह था कि वह कोझे कनाडा में फुटगेट के कैंसर में खुलकर खुलकर खुल गए।
4	मूत्रके क्षयमें वस्तिस्थान में दरद ( पीडा) और अल्प सूत्र हो ॥	इस प्रकार के सूत्रों को जानने के लिए, तर्द्धक, सामेय, स्तम्भक, स्तम्भक, स्तम्भ, अर्श, स्तम्भक, स्तम्भक, स्तम्भक, अर्श, स्तम्भक, स्तम्भक, स्तम्भ, निदान, सामे, यूप, सामेय, जीव, जीव, जीव, जीव, जीव, जीव, जीव, जीव, जीव, जीव, जीव, जीव, जीव, जीव, जीव, जीव, जीव, जीव, जीव, जीव, जीव, जीव, जीव, जीव, जीव, जीव, जीव, जीव, जीव
4	हाँ! मैं योगाभ्यास करती हूँ।	हाँ! मैं योगासन करता हूँ।
9	जो प्राणी अहंकार रहित, शान्त स्वभाव, रागद्वेष रहित, मृतपिण्ड पाषाण और सुवर्ण में समदृष्टि है, जो प्राणी आप में मन और बुद्धि रखकर सदा सन्तुष्ट रहता है तथा अपना सम्पर्ण कर्म आपको समर्पण करता है, उसका मन आपका शुभ घर है ॥	जो पुरुष नित्यप्रति आपके लिए नित्य शान्ति का फल है, जो कि वह शान्त, जन्म और अपमानित हो, ऐसे हैं, ऐसे घर में ही मुक्त हो जाता है, वह गृह और घर के लिये ही मुक्त हो जाता है ॥
20	उसी समय अर्जुन गरुड़ शरणागत को धमकाकर पृथिवी पर प्रहार किया गया, जिससे स्वच्छ जलधारा एक बाहर निकल गई और जलधारा भीष्म के मुख पर गिरने लगी।	उसी समय अर्जुन ने अर्जुन के गदा और भीम के द्वारा भूमि पर स्थित एक वीर के समान भूमि पर स्थित एक पुष्पों को देखा जिससे एक ही पानी पर ही बहने शुरू हुआ।
9	वहाँ पर अग्नि को स्थापित करने के लिए विधि पूर्वक उसे प्रज्वलित करने के पश्च्यात अनेक रत्नों से विभूषित सीता को साथ लेकर महारानी सहित महाराज जनक जी कमलनयन श्रीरामचन्द्र के पास आये। 'श्रीरामचन्द्र का विधिवत् चरणों को धोकर तथा चरणोदक को उसी प्रकार अपने सर पर धारण किया जैसे शिव ब्रह्मा तथा मुनिजन सदा अपने मस्तक पर धारण करते हैं । ॥	वहाँ पहुँचकर वह सीता और लक्ष्मण के साथ अग्नि के तट पर बैठाकर वहाँ आये और वहाँ आये और वहाँ आये। तत्पश्चात् वह श्रीविष्णुजी के आश्रम में रहने लगे ॥
9	हे पुत्र सुति! स्वप्न के लोक में प्रस्थान करने के लिए चल पड़ो। तालाब में, तुम गीता को सुती के लिए गाता हूँ।	विजयाजी भाई को अच्छी तरह से समझाने के लिए जा रही है।
4	उसने (दो) कानों में (एक-एक) भूषण (ज़ेवर) धारण किए।	उसने कानों के द्वारा हँसे।
6	एक तो केवल खेल समाचार ही पढ़ता है।	एक तो केवल खेल अपितु खेल ही पढ़ता है।
4	विविध रंगों के वस्त्र दिखाता है।	विविध रंगों का वस्त्र दिखा रहा है।
1	मामा	मामा
9	जब बालक बोलना शुरू करता है तब वह मातृभाषा का अनुकरण करता है।	जब बच्चा बात से बात शुरू करती है तब वह मातृभाषा का महत्व करती है।
4	शत्रु राजाओं से डरता है।	राजा राजाओं को आदर देता है।
2	निन्दक निन्दा करता है।	निन्दा करनेवाला तप करता है।
9	ऊर्जापूर्ति-समस्या से ग्रस्त जापान का चंद्रमा-लैंडर ने सप्ताह के बाद फिर से प्रक्षेपण शुरू किया।	जापान के जासून-हांचह-हांचह अंतरिक्ष यान के बाद चंद्रमा-हांच दिन से फिर से शुरू हुआ।
6	उनको पढ़ाने के लिए मेरे पास समय भी नहीं है।	उन दोनों ने मुझे मेरा समय भी नहीं किया।
6	हम सभी पर्वतों पर चढ़ नहीं पाएँगे।	हम सभी पहाड़ पर चढ़ते हैं।
12	ऐसे लोगों ने इस मौके के लिए इंटरनेट के माध्यम से पंजीकरण किया, और यह चल रहा है।	यह लोग इस मुद्दे पर आधारित समय से जुड़े होने के लिए स्पष्ट है, यह स्पष्ट है।
9	मालिनी – परंतु यह तो कम उम्र की दिखाई देती है। क्या काम करेगी यह?	मालिनी – हे सौम्य! आप तो फल तोसे कम कर रही हैं? क्या काम किया जा रहा है?
1	वांछित	पास से
19	स्मृति ईरानी सऊदी अरब देश के हज उम्ह मन्त्रि डॉ. तौफीक बिन-फौजन- अल-रबियाह के साथ द्विपक्षीय उपवेश भी करेंगे।	स्मृति उत्सव में देश के वेदाइब्रेंट देश के डॉ. चंद्रचंद्रन, वेला-अष्णा-अबल्स-हुंड-होपालन के साथ द्विपक्षीय-पवाई-पवाई भी मिलेंगे।
8	प्रकाशचौधरी ने सोशल मीडिया पर त्यागपत्र घोषणा कर दिया और यह मुद्दा गर्म हो गया।	प्रकाशी भूमिका सामाजिक सूत्रों में महत्वपूर्ण सूत्रों के माध्यम से प्रकाशित करके सदन में प्रकाशित हुई।
14	मंगलवार को सदन में शुरू हुए वादविवाद का उत्तर देकर उसने उद्योग में देश की उपलब्धियों का भी गिन लिया।	मंगलवार को सदन के परिणामों को बाजार में युद्ध के लिए उन्होंने देश के वैज्ञानिकों को भी प्रार्थना की।
9	हे महाबाहो ! सत्त्व, रज और तम ये प्रकृति से उत्पन्न तीनों गुण देही आत्मा को देह के साथ बांध देते हैं।।	हे कौन्तेय ! रजोगुण में गुणी पुरुष गुणी पुरुष के लिए गुण और गुणों के लिए ही (शुद्ध) हैं, परन्तु (ज्योंकि) और प्रकृति के समान ही (जत्य) पुरुष हैं।।
14	हे विष्णो! आकाश के साथ स्पर्श किये हुए देदीप्यमान अनेक रूपों से युक्त तथा विस्तरित मुख और प्रकाशमान विशाल नेत्रों से युक्त आपको देखकर भयभीत हुआ मैं धैर्य और शान्ति को नहीं प्राप्त हो रहा हूँ।।	हे देव ! आप मेरे इस प्रकार हाथ-कमलों में स्थित नहीं हैं, क्योंकि आप ही आप ही नहीं हैं, क्योंकि आप ही अपने राज्य में रहो, क्योंकि आप ही प्रसन्न होइये, क्योंकि आप ही होइये, क्योंकि आप ही इस प्रकार के द्वारा ही इस जगत् को छोड़कर नहीं जानते हैं।
12	मुख्यमंत्री ने कहा कि राज्य सरकार विभिन्न क्षेत्रों में कृत्रिम मेधा के इस्तेमाल को सुनिश्चित करने के लिए बड़ी संख्या में काम कर रही है।	मुख्यमंत्री ने कहा कि राज्य सरकार विभिन्न क्षेत्रों में आदर्श प्रौद्योगिकी क्षेत्रों का उपयोग करने के लिए बड़े प्रयास कर रही है।
4	आज विद्यालय में गीत स्पर्धा थी।	आज विद्यालय में दीपकबाई था।
9	कांग्रेस नेता राहुल गांधी की भारतजोड़ ने शुक्रवार को उत्तर प्रदेश में न्याययात्रा शुरू की।	कांग्रेस पार्टी के राहुल गांधी ने भारत के राष्ट्रीय ध्वज शहर में भारतीय जनता पार्टी के तीसरे खिलाड़ी के रूप में प्रवेश किया।
8	मुख्यमंत्री आयव्ययक की प्रस्तुति के बाद वे मीडिया के साथ बात कर रहे थे।	मुख्यमंत्री राजीव गांधी समुदाय के उद्घाटन के बाद कई विषयों पर बात कर रहे थे।
1	काँपना	छीनना
9	नई दिल्ली के कर्तव्यपथ में गणतंत्र दिवस पर लगभग छब्बीसकृतियां हिस्सा ले रही हैं।	नई दिल्ली में नवरात्रि के बिना लगभग पांच बजे से अधिक कार्यकर्ता भाग ले रहे हैं।
42	संयुक्त राष्ट्र की स्थायी प्रतिनिधि रुचिरा-कम्बोज: संयुक्त राष्ट्र-महासभा में उन्होंने कहा कि इजरायल-हमास में संघर्ष के कारण प्राणों और धनों को अत्यधिक नुकसान हुआ है, और मानवीय संकट पैदा हो रहा है। उन्होंने भारत की सबसे तेजी से स्थिति को सामान्य बनाने के लिए कोशिशों की चर्चा की, गाजा की मानवीय सहायता प्रदान करने की कोशिशों का जिक्र किया।	संयुक्त राष्ट्र के राष्ट्रपति के रूप में भारत के संयुक्त अरब-अपराजलि प्रौद्योगिकी बल के रूप में इजराजर ने कहा कि संयुक्त राष्ट्र के बीच संबंध में संयुक्त राष्ट्र के सामूहिक सेना के लिए एक सौ से अधिक लोगों को वापस किया जा सकता है, वह भारतीय दूत के लिए अपने-अपने परिवार के लिए और समाज के लिए भी सुरक्षित है।
1	जानने योग्य	ज्ञान
15	अमृतगिल में आगामी लोकसभा चुनाव में मीडिया और संचारगति के अच्छे संचालन के लिए अखिल भारतीय कांग्रेस समिति और राज्य कांग्रेस समिति के बीच संचार के रूप में काम करेगी।	अमृतनाथ के उम्मीदवारों के बीच लोकसभा चुनाव के लिए विपक्ष के बीच गठन और विपक्ष के बीच भारतीय जनता पार्टी के बीच कार्य समिति के रूप में कार्य करने के लिए कार्य करेगा।
10	चयन समिति नामों को लघूसूची करके एक पटल बनाएगी और शीर्ष नेता को मंजूरी देगा।	शपथ ग्रहण समारोह में नाम के निर्माण के लिए एक संवाददाता सम्मेलन में निर्माण करने के लिए निर्माता को मंजूरी देगा।
4	आवेदक बिहार के स्थायी निवासी होने के योग्य है।	बिहार के लिए बिहार के लिए आप आदेश प्राप्त होते हैं।
10	मेघालय में कोनराड संगमा के नेतृत्व वाली नई कैबिनेट आज शपथ लेगी।	मेघालय के कोच्चि के कोलका के साथ नया पद नया गिनी सत्य का नया जाएगा।
8	हे रघुश्रेष्ठ ! यह संसार आपकी माया का विलास है और मैं आपका ही अंश हूँ । अतः अपने चरणारविन्द की भक्ति मुझे देकर भव संकट से रक्षा कीजिये ॥	हे रघुश्रेष्ठ ! आप मेरी माया के आश्रय कीजिये। आप मेरी माया को सुनकर आप अपनी माया से मेरी रक्षा कीजिये ॥
4	सत्संगति बुरे विचारों को दूर करती है।	सत्संग के बिना बंधन का अनुभव करता है।
4	प्रतीक – जरूर कहूँगा।	दुकानदार – अवश्य ही सुनूँगा।
3	संगति से क्या हो जाते हैं?	कैनिफुन कौन-से उत्पन्न होते हैं?
9	सुरभि की इस दशा को देखकर देवताओं के राजा (इन्द्र) ने उससे पूछा- “अरी शुभ लक्षणों वाली! क्यों इस तरह रो रही हो? बोलो”।	सुरदेव ने आदेश दिया कि या देवताओं को देखकर इन्द्र जी ने पूछा- हे देव! आप कौन सा साने ही रोका है?
3	बिल में हजार से अधिक चींटियाँ रहती हैं	बिल्ली के हजार से भी चींटियाँ रहती हैं।
6	हिमाचल के उत्पाद भी लोगों को बहुत पसंद हैं।	हिमाचल प्रदेश के कर्मचारियों को भी बहुत पसंद हैं।
21	हा राम ! हा मेरे रघुवंश शिरोमणि! आप साक्षात् परम पुरुष परमात्मा मेरे गर्भ से जन्म लिए है, परन्तु दुःख ने मेरा पीछा नहीं छोड़ा। अतएव विधाता ही प्रबल है, ऐसा मेरा विचार है ॥	हे राम ! आप मुझे नमस्कार है कि मेरे द्वारा तुम्हें नमन है। हे रघुश्रेष्ठ ! मैं तुम्हें अपने राज्य में रहने का समय नहीं जानूंगा। हे रघुश्रेष्ठ ! आप मुझे मेरे प्रिय जान दो। हे आर्यों को मेरे लिए आपको भी छोड़ दीजिये। हे रघुश्रेष्ठ ! आप मुझे मेरा जीवन का अनुसरण कीजिये। हे रघुश्रेष्ठ ! आप मुझे दूर कीजिये। हे रघुश्रेष्ठ! आप मुझे मेरे पास ही नहीं हैं।
8	पुस्तक के रूप में देने के बाद सराहनीय कार्य किया गया ऐसा उन्होंने कहा।	पुस्तक में लिलाकर नाटक के लिए कहा गया है।
13	इन सभी प्रक्रियाओं के परिणामस्वरूप, इस प्रशिक्षण कार्यक्रम के लिए केंद्र द्वारा लगातार उपस्थित रहने वाले शिक्षकों को एक प्रमाण पत्र दिया जाता है।	इन सभी प्रक्रियाओं के लिए फलकों के लिए फलकों के लिए केंद्रित लगातार प्रशिक्षण केंद्र द्वारा लगातार लगातार आयोजित किया जा रहा है।
5	वरुणा उसके विवाह के चित्र दिखा रही है ।	उसकी छोटी विवाहियाँ यज्ञ कर रही हैं।
9	उस मन्त्री ने प्रजाओं को 'पेट तथा अंगों की कथा सुनाकर उनकी अनुकूलता प्राप्त कर ली।	उन्होंने मनुष्यों के द्वारा बहुत कुछ सुनकर थका हुआ।
11	हिमाचल प्रदेश के सोलन जिले के कण्डाघाट में प्रवेशस्थान पर राष्ट्रीय राजमार्ग प्राधिकरण के माध्यम से बाबा भलकू- प्रवेश द्वार का निर्माण होगा।	हिमाचल प्रदेश के कांगड़ा जिले के कर्नाटक जिले में चौथे स्थान पर आयोजित एक समारोह में राष्ट्रीय राजमार्ग-रियुव-रियुव-रिधार-इस योजना का निर्माण होगा।
16	रक्षा मंत्री राजनाथ सिंह ने कहा कि मामले की जांच के लिए आदेश जारी किया गया है और कि ऐसे आंतरिक मामलों में सभी को ध्यान देना चाहिए।	रक्षा मंत्री ने कहा कि इस संबंध में गम्भीरता और मामले के बारे में सभी पक्षों को स्वीकार करने के लिए सभी पक्षों पर चर्चा करनी चाहिए।
8	सोशल मीडिया उपयोक्ता उस दक्षिण भारती वेष की प्रशंसा करते हैं।	सूत्र के सूत्रों को स्पष्ट करने के लिए भारतीय भारतीय संस्कृति का प्रदर्शन करते हैं।
8	केंद्र से आपदा राहत समूह की आग्रह के लिए सदन में चर्चा हुई।	केंद्रीय सरकार ने आपदा के दौरान आपदाओं के बारे में चर्चा की।
5	संस्कृत में ही अर्जुन को उपदेश दिया।	संस्कृत में ही पाँचवें माध्यम से बात की गई।
15	उन्होंने इस कार्य में विद्वानों के प्रयासों की प्रशंसा करते हुए कहा कि भारतीय अध्ययन के प्रसार में विद्वानों की महत्वपूर्ण भूमिका निभाई जाती है।	इस कार्य के लिए उन्होंने कहा कि भारतीय इतिहास के लिए भारतीय भावनाओं को मजबूत करते हैं और भारतीय अर्थव्यवस्था को मजबूत करते हैं।
1	पृथिवी को	पृथ्वी
1	क्रुद्ध होकर।	कुत्ता
6	तब पथिक बोला- दसवें तुम हो।	तब मार्ग बोला- तुम तुम तुम कहो।
18	हे धनान्ध मूढ! किसी आपत्तिग्रस्तको देखकर क्यों हँसता है? इसमें आश्चर्य ही क्या है, लक्ष्मी कहीं स्थिर थोड़े ही रहती है। अरे! इस घटीयन्त्र (रहट) के घटोंको नहीं देखता? जो खाली हैं वे भरते जाते हैं, जो भरे हैं वे खाली होते जाते हैं	लैखे में बैठकर हम क्या-क्याक करते हैं? आप लोगों के पास जाकर राम के पास जाकर बातचीत में बैठते हैं। यह कहकर भरत के पास दौड़ने के लिए तजाई जा रही है।
4	एकतः ओषधीनां पतिः अस्तशिखरं याति एकतः अरुणपुरःसरः अर्कः आविष्कृतः, लोकः तेजोद्वयस्य युगपद् व्यसनोदयाभ्यां आत्मदशान्तरेषु नियम्यत इव।	वहाँ से सुवेतिप्त शिष्य शिष्य शिष्य हैं।
3	अग्नि को समिधा समर्पित है।	विघ्न स्वतः
8	जब वह हृदय के स्थान पर ही रहता है तब नामरूपी फल मिलते हैं।	जब वह शान्तियाँ ही दिव्य नाम के लिए नाम का आचरण करते हैं।
5	किसानों के घरों में नया अन्न तथा नया धान्य आ जाता है।	किसानों के घर में नए साधन इकट्ठा करता है।
8	आख्यानमूलकरचना रामायण को धारण करके''आदिकाण्ड'', भागवत को अनुसरण करके''राजसूय काव्य'' चेष्टा करता है।	उन्होंने कहा कि विश्व की मूल्यों को स्थापित करने के लिए 'मैं इस प्रकार का नाम 'राम' नाम का प्रयोग किया गया है।
9	श्रीकेजरीवाल जिला कार्यालय द्वारा इस महीने के छब्बीस तारीख को जांच के लिए बुलाया गया था।	श्रीहरिकोण के महीने के महीने में इस महीने का समापन हुआ।
8	वह अध्ययन के साथ ही विभिन्नगतिविधियों में भी भाग लेने के लिए सबको प्रेरित कर रही थीं।	वह पढ़ने के साथ ही सहमति के लिए ही सभी प्रकार के चक्रदान के लिए चला गया।
7	राम के साथ लक्ष्मण भी वन को गया था।	राम के साथ लक्ष्मण भी वन गया था।
5	गुरु वाणी से ही उपदेश देते हैं ।	गुरु वाणी से ही उपदेश देते हैं।
13	अदालत की यह टिप्पणी उस याचिका पर थी जिसमें कहा गया था कि नफरत फैलाने वाले भाषण को रोकने के लिए अब कोई पर्याप्त कानून नहीं है।	यह बात है कि इस बात के लिए मौजूदा बच्चों को निर्देश नहीं दिया गया है।
3	आप कौन ?	आप कौन हैं ?
5	कर्ण ने ने नेकुल को घायल कर दिया।	कान नहीं निकली।
1	दाँतों से	दाँत से
1	यात्री	आकाश
4	कुत्ते उसके पीछे दौड़ते हैं।	कुत्ता उसके पीछे दौड़ते हैं।
1	हवा से	ढोल
7	पांडव लोमाश ऋषि के साथ तीर्थों के दर्शन के लिए चल पड़े।	तिरूल्या के साथ पूरे सभी देवताओं के साथ अयोध्या के राजायों को देखने के लिए समर्थ हुए।
6	हे रोगी ! बाहय और दिव्य मुनि तथा राजऋषि और पर्वत तथा सब नदी और समस्त समुद्र तेरी रक्षा करो ॥	हे राजन् ! मैं तुम्हें इस प्रकार का यज्ञ करना चाहता हूँ। हे राजन् ! आप इन्द्रदेव, शिव, सूर्य, सूर्य, सूर्य, सूर्य, सूर्य, सूर्य, सूर्य, सूर्य, सूर्य, सूर्य, सूर्य, सूर्य, पृथ्वी, पृथ्वी, पृथ्वी, पृथ्वी, पृथ्वी, पृथ्वी, पृथ्वी, पृथ्वी, पृथ्वी, पृथ्वी, पृथ्वी, पृथ्वी, जल, जल, जल, जल, आकाश, आकाश, आकाश, आकाश, आकाश, आकाश, आकाश, वायु, वायु, वायु, वायु, वायु, वायु, वायु, वायु, वायु, वायु, वायु, वायु, वायु, वायु, वायु, वायु, वायु, वायु
10	आमोद-प्रमोद के अनुसार वाणीकपूर रेड ने अजय के खिलाफ''कास्ट' किया।	पहुंचे समारोह के अनुसार, अखिलेश खान ने फिल्म के खिलाफ''है''इसकी फिल्म को निर्देशिका''इसकी जानकारी दी।
13	हे यमराज! जिस सम्बन्ध में लोग यह संशय करते हैं (आत्मा मरने के बाद रहती या नहीं) उस महान आश्चर्यमय परलोक सम्बन्धी आत्मज्ञान के विषय में वह आप हमें बताइये। अत्यन्त गूढ़ बना हुआ जो वर है, उसे छोड़कर दूसरा वरदान नचिकेता नहीं माँगता ।	जिस प्रकार मनुष्य अपने-अपने जीवन को नष्ट करने के लिए जो लोग सोचते हैं, उस समय जो व्यक्ति को मारने के लिए निश्चित है, वह निश्चित ही किसी भी प्रकार का मानना चाहिए।
10	अर्जुन ने शिकारी के प्रति क्रोधित होकर उस शिकारी को मारने के लिए बाण का प्रहार किया।	अर्जुन ने कुन्ती को उठाकर जल्दी से आक्रमण किया और शिकारी ने मार दिया।
12	जिस कुले में दम्पती और एकदूसरे पर प्रसन्न हैं, उस कुले में कल्याण सदा रहता है।	जिस कुंतरिका में हम दोनों एक साथ बैठते हैं, उस समय उनमें भी हैं, उस पर सदा रुका है।
1	स्थान, घर	अकाल
5	विद्यालय के प्रार्थना सत्र में वह संस्कृत गीत गाती है।	विद्यालय में वह संस्कृतदिन गीता गीत गाती है।
7	विधानसभा की बजट सभा के लिए पुलिस प्रशासन ने यातायात योजना की है।	विधानसभा के  ⁇ udget के तहत पुलिस प्रशासन ने अधिसूचना जारी की है।
2	और भी।	अन्य
6	''श्रुश्रुत-तन्त्र:''यह ग्रन्थ सेवा के द्वारा ही लिखा गया है।	''रामके ग्रन्थों का) ‘मैं ग्रन्थक हूँ''मैं लिखे हैं।
6	जनवरी तक या अग्रिम आदेश तक जारी रहेगा।	जनवरी तक या अग्रिम आदेश जारी होगा।
14	इस अवसर पर विश्वविद्यालय की कुलपति प्रोफेसर अन्नपूर्णा नौटियाल ने कहा कि नई शिक्षा नीति सब ओर से विकास में महत्वपूर्ण है।	इस अवसर पर विश्वविद्यालय के कुलपति प्रोफेसर अन्नेन्द्र शर्मा ने कहा कि नई विद्यालय के नौवीं कक्षा का आरम्भ है।
1	पृथ्वी।	पृथ्वी
4	वह शशांक है	वह गहरी है।
15	महाराज कुंतीभोज के घर में रहते हुए मैंने आपका गर्भधारण किया, इसलिये पुत्र ! तुम पार्थ हो ।	हे राजन् ! मैंने घर के सात पुत्र बनकर आपने आपका पिता बनाया, इसलिये तुम मेरे पुत्र हो।
8	वेस्टमिंस्टर ने बाद में रानी को श्रद्धांजलि दी।	बाद में, ए.जी.जी.जी. के नििंसिपल स्वामी जी ने महाभाष्य को श्रद्धाञ्जलि दी।
1	आर्यभूमि	विख्यात
9	जिन पाचनों को अतिसार- चिकित्सा मे कहगे उनको पिलाना चाहिये। भोजन से पूर्व हरड को गुड़ के समान भाग में खाना चाहिये । अथवा त्रिफला क्वाथ के साथ निशाथ का चूर्णं देना चाहिये । गुदाश्रित दोष के नष्ट होने पर अर्श स्वय नष्ट हो जाते है ॥	जो व्यक्ति आपके चरणकमलों को प्रकट करता है, वह उसके चरणारविन्द को दूर करता है, वह नित्य रूप से प्रकाशित होता है, वह नित्य रूप से प्रकाशित होता है ॥
9	उसके बाद, रात्रि में स्थिरप्रतिज्ञ अपनी जनता से घिरे हुए श्रीराम देवराज इन्द्र के समान शोभा पा रहे थे।	फिर उस (परमात्मा) ने अपनी तरह पूजा की और श्रीराम के साथ भगवान् श्रीकृष्ण को धैर्य के रूप में देखा था।
1	पति	पुत्र
3	कितने लोग नित्य ही दुखी होते हैं?	कितने लोग कौन दुःख के लिए सुख है?
1	चन्द्रमा के समान	सिर
7	पुरुष बोला- उसका स्वामी स्वयं भी अन्याय करनेवाला है।	पुरुष ने कहा-मैं ही विशिष्ट अतिथि के लिए अपने-अपने कर्तव्य का पालन किया है।
11	2022 तक भारत दुनिया के सबसे प्रदूषित देशों में आठवें स्थान पर होगा।	भारत के अनुसार, दुनिया में दुनिया के सबसे अधिक भूकंप के कारण, और श्रीलंका के पांचवें स्थान पर है।
9	भारतीय सांस्कृतिक परंपरा के हिमाचल प्रदेश समन्वयक मालविका पाठक ने कार्यक्रम का अध्यक्षता की।	भारतीय संस्कृत विश्वविद्यालय के प्रांतीय शिक्षा मंत्री श्रीमती श्री गोपाल सिंह ने इस कार्यक्रम का उद्घाटन किया।
3	वृक्ष से अनेक पत्ते गिरते हैं।	दो फलों पर गिरते हैं।
7	वे राज्य में विपक्षी दल के भी नेता थे।	वह राज्य में कांग्रेस पार्टी भी नेता थे।
5	विशाल कुल में उत्पन्न होने से क्या, यदि मनुष्य विद्याहीन है	क्या मनुष्य के सभी क्षेत्रों में रहने वाले हैं, नगर के समान है।
9	वहाँ चतुर्दश वर्ष की उनके अध्ययन के लिए राजेन्द्र अध्यापक जी के संस्कृत स्कूल में नाम दर्ज किया गया।	वहाँ वर्ष की शुरूआत उसके लिए उनके लिए संस्कृत शिक्षकगण ने एक दिव्य भाषा का नाम प्रस्तुत किया।
8	पाण्डव के पांचल सेनाओं के साथ कुरुक्षेत्र के पास शिविर ने किया।	पाण्डवों ने लिलों के साथ सेना के पास रहीरी क्षेत्र में स्थित एक साथ पहाड़ा।
7	उस वर्ष महाराजा शिवाजीराव-उच्च विद्यालय से मैट्रिक ्यूलेशन-परीक्षा में उत्तीर्ण हुए।	उस वर्ष शिवाजी महाराज शिवाजी महाराजा-उन्होंने विद्यालय के छात्रों को बुलाया-उन्होंने टॉड-चिकित्साालय में उत्तीर्ण किया।
4	मैं ही सब कुछ जानता हूँ।	वही सब कुछ जानता हूँ।
21	गुरु ने धनवान से कहा कि संसार में जाति से और धन से कोई भी मनुष्य ऊँचा या नीचा नहीं होता है। सभी लोग समान होते हैं। चरित्र से श्रेष्ठता होती है।	गुरु धन के धन से कहा गया है कि संसार में कुछ भी व्यक्ति और निर्धन लोगों को कोई भी व्यक्ति नहीं होता है, सभी लोग सोचते हैं, इसलिए सभी कुछ भी जाति ही है।
5	वहाँ भीड़ क्यों है ?	वहाँ भीड़ क्यों है ?
1	उसका एक हिस्सा रहा है	एक साथ
5	केतन -बैंक से लाते हैं ।	काजल कहाँ लाता है।
2	जैसे जैसे	जैसे
9	अर्थ क्षायिक सम्यकत्व, अनन्तज्ञान, अनन्तदर्शन, अनन्तवीर्य, सूक्ष्मत्व, अवगाहनत्व, अगुरुलघु और अव्याबाध सुख-ये-आठ गुण सिद्धों के होते हैं ॥	यदि एक ओर तक भीतरसे उत्पन्न हुआ है तो भी चन्द्रमा-बैंध-बैंसे, गदा, गदा, साम, गदा, गदा, गदा, गदा, गदा, लदाचन, जटा, जटा, लिंग, जटा, जटा, जब, जब, जब, जंग, जंग, जाम, जंग, जंग, जाम, जाम, जंग, जौ, जौ, जौ, जौ, जौ, जौ, जौ, जंधी, ज
12	भारतीय जनता पार्टी (भाजपा) द्वारा महिला मोर्चा द्वारा आयोजित''स्त्रीशक्तिमोदीकोप्पम''इस नाम से प्रधानमंत्री ने महिलाओं के विशाल समाज को संबोधित किया है-उन्हें प्रवेश प्राप्त हुआ।	भारतीय जनता पार्टी के महिला टीमों ने''उत्तार''इस प्रकार विश्व स्तरीय भवनों में''आजोपालन के लिए महिला सशक्तिकरण-शिला-बताया गया.
4	सुशीभन के चारों ओर वे नाचते हैं।	सुशिने पर वे मिट्टी में नृत्य करते हैं।
10	सब धर्मों का परित्याग करके तुम एक मेरी ही शरण में आओ, मैं तुम्हें समस्त पापों से मुक्त कर दूँगा, तुम शोक मत करो।।	मैं सब धर्मों को त्यागकर, मैं तुमको अपने मन से प्राप्त करूंगा। मैं सब कुछ सत्य कहता हूँ। मैं तुम्हारे लिए कुछ कहता हूँ। मैं सब कुछ कहता हूँ। मैं तुम कुछ कहता हूँ।
3	आप दोनों गायिका ।	आप दोनों गायक हैं।
11	इस प्रश्न मंच पर गुरुकुल के सभी विद्यार्थियों, शिक्षकों और कर्मचारियों उपस्थित थे।	इस प्रश्न के साथ विद्यालय के सभी छात्रों ने सभी छात्रों, शिक्षकों, और अभिभावकों को भी किया।
14	सम्मेलन का विषय है पुनर्निर्माण, जो नई प्रौद्योगिकी क्षमताओं की खोज के निर्णय में और वैश्विक साझेदारी में भी बल देता है।	सम्मेलन का विषय है कि निर्माण के लिए आधारभूत संरचनाओं के लिए प्रौद्योगिकी प्रौद्योगिकी प्रौद्योगिकी संरक्षण के लिए वित्तीय प्रक्रियाओं के साथ-साथ प्रयोग किया गया है।
3	जल्दी जाओ ।	जल्दी जा रहा है।
9	चर्चा में विभिन्न क्षेत्रों के प्रमुख महिला नेता समुदाय के-वृद्ध और युवा लोग उपस्थित थे।	चर्चा में क्षेत्र में विभिन्न क्षेत्रों में विभिन्न क्षेत्रों में विभिन्न विभिन्न सुरक्षा क्षेत्रों में व्याख्यान डाला गया।
8	नहीं जानता , रास्ता कब जाने योग्य होगा ।	नहीं जानती ? रास्ता कब सुगम होगा।
9	और सियार से कहा- “दोस्त! हम दोनों इसी बर्तन में साथ भोजन करते हैं।”	सियार बोला- “अरे! इस दुष्ट मेरे साथ खा रहे हैं।
12	प्रसिद्ध भारतीय संगीतज्ञों के लिए शंकर महदेवन-जाकिरहुसैन के लिए गीत-संगीत-समूह द्वारा ख्यातिप्राप्त ग्रैमी पुरस्कार जीता गया।	भारतीय संतों ने भारतीय संतों के स्वागत के लिए प्रसिद्ध इन्द्र मंदिरों की प्रतिमा, नीति, नीति आदि, संगीत संगीत गीतों, संगीत, संगीत, संगीत, संगीतकला, संगीत, संगीतकला, स्मृति, स्मृति, स्मृति, स्मृति, स्मृति, स्मृति, स्मृति, स्मृति, स्मृति, स्मृति, स्मृति, स्मृति, स्मृति, स्मृति, स्मृति, स्मृति, स्मृति, स्मृति, स्मृति, स्मृति, स्मृति, स्मृति, स्मृति, स्मृति, स्मृति, स्मृति, स्मृति, स्मृति, स्मृति, स्मृति, स्मृति, स्मृति, स्मृति, स्मृति, स्मृति, स्मृति, स्मृति, स्मृति, और पुरस्कार, स्मृति, और पुरस्कार, सफलता
6	उसे यह पुरोहित था कहा गया है।	उन्होंने कहा कि यह समय था।
10	मैं उन ऋक्षा वानरों को भी फिर से निकालते हुए और बड़े बलशाली पुरुषों को देखना चाहता हूँ।	मैं उन राक्षसों को भी देखा और फिर भी शिल्पों को शिपा करने के लिए उद्यम कर रहा हूँ।
18	भगवान् ने कहा कि जो मन एकाग्र करके सन्ध्या करता है, वही परम भक्त होता है, दूसरा नहीं। ऐसा तुम जानो ।	भगवान् ने कहा कि जो मन एक ही रूप है, वह तो श्रीराधा है, वह तुम्हें नहीं जानता है, ऐसा नहीं जानता है।
4	एक बच्ची गणेशमंडप जाती है।	एक बच्ची गणेशपुर जाती है।
11	यह ज्ञात है कि इजरायल देश भी चारों ओर समुद्र से घिरे हुए है।	यह माना जाता है कि यह ही देश के लिए एक स्वतंत्र समुद्री विमान है।
4	छात्र खुश होते हैं	छात्र खुश होते हैं।
6	जांच के दौरान सत्येन्द्रसिवाल के बारे में सूचना मिली	खोज के दौरान सत्य मंत्री ने अपनी सूचना प्राप्त की।
11	सभी देश ज्ञान और विज्ञान के क्षेत्र में मित्रता की भावना से और सहयोग से उन्नति प्राप्त करने के योग्य होंगे।	सभी देशों के ज्ञान विज्ञान के क्षेत्र में मैक्तिकुन और क्षेत्र में समृद्ध सहयोग शुरू हो जाएँगे।
5	वह हमेशा अमृतवर्षा करता है ।	वह हमेशा गुजरात मेंवर्ष में खड़ा करता है।
11	सत्य ही होते हैं इस तरह के इन गुरुजी की वाणी की सफलता को देखकर, लोग बहुत विस्मित हो जाते हैं।	वैदिक गुरुकुल के गुरुदेव ने गुरु जी के चरणों में गुरुदेव के रूप में स्थित गुरुदेवदेवदेवदेवदेव, विष्णुदेव, गुरुदेव, गुरुदेव, गुरुदेव, गुरुदेव, गुरुदेव, गुरु, गुरु, गुरुदेव, गुरु, गुरु, विष्णुदेव, गुरु, विष्णु, गुरुदेव, विष्णु, गुरु, विष्णु, विष्णु, विष्णु, विष्णु, विष्णु, विष्णु, विष्णु, विष्णु, विष्णु, विष्णु, विष्णु, विष्णु, विष्णु, ये सभी सभी सभी सभी सभी सभी सभी सभी सभी सभी हैं।
6	पर विषय के स्मरण से अपना मन गंदा हो जाता है।	परसों स्मरण करने के लिए अपनी बुद्धि सुगम होती है।
9	भगवान् के अतिरिक्त जनधन वैभव,वस्तु और शरीर आदि में मुझे कोई भी अनन्यभाव या अन्यता नहीं है।	भगवान् कहते हैं कि लोग विभिन्न प्रकार के संग्रह के लिए लगे हैं, परन्तु मेरे पास कोई भी असंभव है।
1	घोंसले	घोंसला
6	उस बच्ची को सभी कैसे खुश करते हैं ?	उस बालक को कैसे बुलाते हैं ?
5	स्ट्रांग रूम से कैसे मत मशीन ला रहे हैं ?	विधार्थशाला से कितने बार मत होते हैं ?
1	कृष्णपक्ष	कालाई
1	धर्म को न जानने वाले।	धर्म के द्वारा
11	अच्छा यह है कि योगशास्त्र में तो भारत हमेशा ही जगद्गुरुत्व से स्थित है।	वैदिकशास्त्र तो भारत में ही ऐसा वेद है, यह ही है, यह ही है, यह ही है।
13	प्राचीनकाल में गुरुकुलों आदि के बच्चों को जो मानवीय, नैतिक शिक्षा दी जाती थी, वह आधुनिक शिक्षा प्रणाली में दुर्लभ हो गई है।	पूर्वजों के लिए, बच्चों के लिए जो मान लिया जाता था, वह शिक्षा के लिए शिक्षा का ज्ञान होता था।
28	पहले चरण में खड़े हैं:-राष्ट्रपति, शिक्षा मंत्री, विभिन्न अंतरिक्ष स्थानों के अतिथि, विश्वविद्यालय के शिक्षक, अधिकारी, कर्मचारियों, स्नातकों एवं विद्यार्थियों का स्वागत करते हुए कुलपति ने रिपोर्ट में कहा कि पूर्व प्रधानमंत्री श्री लाल बहादुर शास्त्री, पद्मश्री डॉ मंडन मिश्र की महान परिश्रम से यह विश्वविद्यालय स्थापित हो गया है।	पहले चरण के बाद, राष्ट्रीय शिक्षा मंत्री, शिक्षा मंत्री, विशिष्ट राष्ट्रीय शिक्षा मंत्री, विशिष्ट निदेशक, विशिष्ट निदेशक, विशिष्ट निदेशक, विशिष्ट समन्वयक, विशिष्ट समन्वयक, शिक्षक, विशिष्ट समन्वयक एवं शिक्षक, विशिष्ट शिक्षक: डॉ. एस. एस.एस.एस.एस.एस.एस.एस.एस.एस.एस.एस.एस.एस.एस.एस.एस.एस.एस.एस.एस.एस.एस.एस.एस.एस.एस.एस.एस.एस.एस.एस.एस.एस. ने कहा कि यह कार्यक्रम का संचालन किया।
3	कैसे करें ?	कैसे करना चाहिये ?
3	ये दरवाजे हैं	ये वाहन हैं।
13	तब योगिराज के, "यह क्या है? यह कहाँ से आई है? यह कौन है? यह कैसे आई है? यह पूछने पर ब्रह्मचारियों के गुरु ने कन्या को शान्त करने के लिये श्याम बटु को आदेश देकर यह कहना प्रारम्भ किया।	फिर 'क्या कहते हुए' यह 'क्याक्या' है" यह कहकर, 'क्याक्या' यह वेदों को कैसे-साक है?" यह कहकर, 'क्यों को इस प्रकार कहकर, जटाकर वेद-को भी दूध के अर्थ के द्वारा चुचकर, अर्थ और अर्थों को भी बनाया गया।
15	उन्होंने कहा कि यह पूर्व बैंक की वापसी है और उन्होंने कहा कि वित्त मंत्री द्वारा प्रस्तुत अंतरिम बैंक भाषण में कोई नया नहीं कहा गया है।	पूर्वोत्तर ही उन्होंने कहा कि कृषि क्षेत्र के मुख्यमंत्री ने केंद्र के निवेशकों को संबोधित किया है कि वे कुछ भी नहीं हैं।
8	जिनको मनुष्य चलाते हैं वे छोटी नौका और जो बड़ी होती हैं वे वायु आदि से चलाई जाती हैं उन के अश्वतरी और श्यामकर्श्व श्दि नाम हैं।	जो मनुष्य, निर्बल, बगुला, बगुला, कबूतर, बेलूहा, बेलूहा और बेलान ये दोनों एक साथ एक साथ एक सीखते हैं।
9	यह द्विवार्षिक कार्यक्रम इस महीने के आठवें दिन समापन हो जाएगा।	इस दो दिवसीय आयोजन समारोह का समापन दिसंबर को होगा.
3	वृक्षो से फल गिरते हैं।	वृक्ष गिरते हैं।
4	कौन कहाँ जा रही है ?	कौन जा रहा है ?
9	अथवा हे अर्जुन ! बहुत जानने से तुम्हारा क्या प्रयोजन है? मैं इस सम्पूर्ण जगत् को अपने एक अंश मात्र से धारण करके स्थित हूँ।।	जो पुरुष आपके द्वारा अथवा अशुभ या अशुभ है, वह इस संसार में किस प्रकार का क्या है? और फिर भी (परमात्मा) है, वह (परमात्मा) है।।
4	बादलों के ऊपर विमान उड़ रहा है।	शरीर के नीचे वायुयान उड़ता है।
8	शान समिति की रिपोर्ट के बाद चयन प्रक्रिया ऑनलाइन रूप में की जाती है।	यह बैठक दिसंबर को संसद के उच्च स्तरीय बैठक के बाद आयोजित की जाती है।
3	वह चार्टर्ड अकाउंटेंट है।	वह लेखिका है।
6	वस्त्र से पवित्र किया जल पीना चाहिये और मन से शुद्ध जाना हुआ काम करना चाहिये।	शराब पीना चाहिये, जल पीना चाहिये, पानी को शुद्ध करना चाहिए।
11	अरे! सभी प्राणियों के आश्रय, इन वृक्षों का जन्म श्रेष्ठ हैं। वृक्ष धन्य हैं, जिनसे प्रार्थना करने वाले (याचक) निराश नहीं होते हैं।	यह सुनकर सभी जन्मों में मेरी कामना है। क्योंकि सभी प्राणियों के लिए अपने जीवन को त्यागकर ही अपने जीवन में स्थित नहीं हैं। क्योंकि जो मनुष्यार्थ के लिए जीवन को जानने में समर्थ है, वह सदैव है।
4	पढ़ने वाले बालक जाते हैं ।	पढ़ने के लिए बालक जाते हैं।
1	चुप हो गये।	ऊपर
3	आप जल्दी से आईये।	आप जल्दी आओ।
7	बहुत से लोग केवल फल ही खा रहे थे।	बहुत से लोग फल ही खाते थे।
24	छ धातुऐ मिलकर एक समुदाय 'पुरुष' नाम से कहे जाते हैं। अर्थात् पृथिवी, जल, तेज, वायु, आकाश और अव्यक्त ब्रह्म । इन छ धातु का समुदाय मिलकर 'पुरुष' ऐसा कहा जाता है ॥	ये पाँच प्रकार के अस्त्र हैं''अथ शब्द के शब्द हैं''इस प्रकार शब्द के द्वारा क्लेश से (ह्वंस) शब्द के द्वारा (अर्द्ध (शब्द) शब्द के द्वारा (अर्द्धिक शब्द) शब्द (शब्द (शब्द) को प्राप्त करते हैं। (अग्नि) और (अज्ञान (अज्ञान) ये (अयु) हैं। ये (क) हैं। ये (क) हैं। ये (उन्हें (उन्हें यहाँ (उत्तिक अर्थ के अर्थ के अर्थ के अर्थ के अर्थ से) हैं।
7	परन्तु फिर भी नेत्रों के सारथित्व को स्वीकार किया।	परन्तु फिर भी उन्होंने शराब का सारथी का सार्या बन गया।
4	निज शोथके भेदः ⁇ निज शोथ तीन प्रकार का होता है । सम्पूर्ण शरीर मे व्याप्त, आधे शरीर मे व्याप्त और एक अवयव मे व्याप्त ||	तीनों दोषों को धारण करके, सभी प्रकार के दोषों को त्यागकर, तर्दन, सामाप, सामाप, सामेय, सामेय, अर्श, साम्रा, साम्रेद, साम और जीव, सामेय आदि विविध सब प्रकार के रोगों से सब प्रकार के होते हैं।
7	समान विचार और व्यवहार होने पर मैत्री होती है - यह एक सूक्ति है।	व्यक्तिगतों का नाम मुग्ध है ऐसा एक है।
10	मित्र बोला - वही अधिक हितकारी है । "कौन-सा तुम्हारा वैद्य है ?"	(देखो) अरे- “अरे! यह वैद्यों की चिकित्सा है।”””
10	उस वस्तु को तुम अविनाशी जानों, जिससे यह सम्पूर्ण जगत् व्याप्त है। इस अव्यय का नाश करने में कोई भी समर्थ नहीं है।।	परन्तु यह आत्मा सब कुछ भी है, परन्तु यह (परमात्मा) है, परन्तु सब भूतों में स्थित नहीं है, परन्तु (परमात्मा) के द्वारा (कर्म) कर्म नहीं है।।
6	इस चलचित्र का प्रचण्ड अर्जन भी था।	इस फिल्म का शूटिंग भी था।
3	दीपक पुरुष सूक्त याद करता है ।	दीपक सत्संग से मुक्त होकर जाता है।
18	वह फिर से बोली कि हमारे विश्वविद्यालय का मालवीय मिशन-शिक्षक-प्रशिक्षण केंद्र आज ही अपना दूसरा प्रशिक्षण कार्यक्रम, राष्ट्रीय शिक्षा नीतियों को संबोधित करने के कार्यक्रम, इंटरनेट के माध्यम से आयोजित किया जा रहा है।	उन्होंने कहा कि हमारे विश्वविद्यालय के मालवीय मिशन शिक्षक प्रशिक्षण केंद्र द्वारा आयोजित किया गया-शिक्षा केंद्र के जिला प्रशिक्षण केंद्र द्वारा आज भी महिला प्रशिक्षण कार्यक्रम का आयोजन किया जा रहा है।
5	संदीप हर सोमवार को घर में यज्ञ करता है ।	संदीप की सास में प्रातः यज्ञ करता है।
6	पोता – सारा अन्न खेत से आता है।	पोता – सभी जगह से क्षेत्र आता है।
23	और सीतापति भगवान् राम सीताजी को समझाने के लिये अपने महल में गये। तब मधुर मुस्कानपूर्वक बोलने वाली श्रीसीताजी ने पतिदेव को आते देखकर एक सुवर्ण पात्र में जल लेकर भक्तिपूर्वक उनके चरणों को धोया और अपने स्वामी की ओर देखते हुए पूछी देव ! इस समय बिना सेना के आप कैसे आये हैं? आप प्रातःकाल कहाँ गये थे? आपका श्वेत छत्र कहाँ है? बाजों का बजना क्यों बन्द हो गया है? आप किरीटादि राजोचित आभूषणों से क्यों रहित हैं ? ॥	इस प्रकार वह सीता के पास आया और वह श्रीरामचन्द्रजी के पास आया। तत्पश्चात् वह श्रीरामचन्द्रजी के पास जाकर उन्हें प्रणाम किया और उन्हें वन में बैठाकर वहाँ आया। तब वह कहाँ ही गया। तब वह कहाँ ही बोला हे रघुवर ! हे राम के चरणों में कहाँ चल रही है, तुम कहाँ हैं? यह सुनकर वह कहाँ ही है? ॥
16	हे सुग्रीव ! जो कर्म आपने किया, वह सब मित्र, मित्र के हित और धर्म के बल से किया।	हे राजन् ! जो कर्म के लिए वही सब प्राणियों ने धर्म और ऐश्वर्य के लिए धर्म का उपयोग किया।
7	जिसमें जालन्धर शहर के विभिन्न स्थानों से लगभग प्रतिभागियों ने भाग लिया।	जिसमें अंतरिक्ष में नगर के विभिन्न जिलों में लगभगरण कार्यक्रम आयोजित किए गए।
7	भीमसेन के द्वारा दुर्योधन के आठ भाई मारे गए	भीम ने अर्जुन के आठ भाई को मार दिया।
8	उनके पिता अनन्त शास्त्री डोंगरे और माता लक्ष्मीबाई थीं।	उसके पिता का नाम प्रदर्शन और मातादेवी थे।
10	वह बालक माँ को पूछता है –माँ अब शुद्ध है न ?	वह बच्चा माँ माँ , माँ , माँ , अब शुद्ध फल जानती है क्या ?
12	जो ब्राह्मण धन की प्राप्ति के विचार से वेदों का अध्ययन करते हैं और जो शूद्रों अर्थात नीच मनुष्यों का अन्न खाते हैं, वे विषहीन सांप के समान कुछ भी करने में असमर्थ होते हैं।	जो मनुष्य शास्त्रविधि से युक्त, निर्बल, निर्बल, निर्बल, असंग, असंग, निरोध करने वाले, ये चार बातें मनुष्य के द्वारा ही हैं, ऐसे (उन्हें प्राप्त करने वाले) के लिए समर्थ नहीं होते हैं।
1	प्राप्त करने के	भी
7	भोरंज विधानसभा क्षेत्र के विधायक सुरेश कुमार ने सियारंद को तटस्थ बनाने की मांग की।	हे कोर्ट ने विधानसभा क्षेत्र के मुख्यमंत्री अरविन्द कुमार को संबोधित किया कि वह एक संक्षिप्त है।
6	फिर भी तुम्हारा मनोरथ पूर्ण नहीं हुआ।	फिर भी तुम्हारा काम नहीं हुआ।
6	अर्जुन ने इन्द्र से दिव्य शस्त्र माँगा ।	अर्जुन ने दिन से ही शस्त्र का प्रयोग किया।
13	इस समय वह घोर दण्डकारण्य के पञ्चवटी नामक शुभ आश्रम में रहता है। उसकी भार्या विशालनयना सीता त्रिलोक को विमोहित करने वाली है ॥	वह लक्ष्मण के साथ ही वह धीरे धीरे धीरेधीरे दण्डवत् के साथ आगे चलेंगे। तब वह श्रीरामचन्द्रजी धीरेधीरे श्रीरामचन्द्रजी के पास दौड़कर बोली ॥
1	हमारे	हम सभी के लिए
4	रसिक के द्वारा फूल सूँघा गया।	रस उगाकर फूल उगाओ।
9	ये दिलचस्प खबरें हैं-विपक्ष के नियमों का पालन कर रहे हित समाचार संगठन, सोशल मीडिया और यूजर्स पर लगेगा जुर्माना.	यह उन महान लोकवादी-न्यायशील प्रक्रियाओं के माध्यम से सामाजिक-आधारित और सामाजिक न्याय की दृष्टि से मजबूत हो जाएगी।
2	दान का	दान और वेतन का ही
1	पीसता है	घड़ा
6	क्या आप मुझसे बडे है ?	आप मुझसे बड़े बड़े बड़े बड़े हुए हैं ?
4	आज का काम आज ही समाप्त करना चाहिए	आज से कार्य आज ही करना चाहिए।
9	उत्तराखंडसंस्कृत अकादमी, प्रतिवर्ष संस्कृत भाषा के प्रचार-प्रसार के लिए, संरक्षण के लिए, और इंटरनेट के माध्यम से संस्कृत व्याख्यान के लिए आयोजित किया जाता है।	उत्तराखंड के प्रिंसिपल, संस्कृत भाषा के संरक्षण के लिए, संस्कृत के महत्व पर, संस्कृत के माध्यम से, संस्कृत के माध्यम से, संस्कृत के माध्यम से, सामाजिक कार्यक्रम का आयोजन किया जाता है।
10	उपाधिधारकों को अपने अध्ययन के विषयों को जानकर यह संस्कृत भाषा अपने अध्ययन के विषयों को भी 'अनुसंधान' शब्द का प्रयोग उपनिषद् तत्वों पर आधारित है।	संस्कृत में व्याख्यान के विषय में व्याख्यान देने के लिए, उपनिषद् के विषय में, नाटक के विषय में, नाटक के विषय में, विस्तार के विषय में, विस्तार के विषय में, विस्तार से, विस्तार के विषय में, विस्तार से, विस्तार से, ''इस प्रकार अर्थशास्त्र के प्रयोग में, अर्थशास्त्र के प्रयोग में, अर्थशास्त्र के प्रयोग में, अर्थशास्त्र के विषय पर, अर्थशास्त्र का प्रयोग, अर्थशास्त्र का प्रयोग, अर्थशास्त्र का प्रयोग ये प्रसिद्ध है।
11	भाटक आवास स्थान से टूटी तक जनवरी, निर्देश दिया गया है कि पार्किंग स्टेशन को शिमला नगर में स्थान परिवर्तन का निर्देश दिया गया है।	एटीटीटीटीटीएल केरोजरोजरोजरोजक जनवरी तक, शिमलानगर के जिला कार्यालय के लिए करोड़ रुपये का प्रावधान किया गया है।
1	गरीबी	खाना
9	राज्य सरकार ने केरल के स्कूलों में छात्रों द्वारा मोबाइल फोन के इस्तेमाल पर सख्त प्रतिबंध लगाने का आदेश दिया है।	केरल सरकार ने छात्रों को स्कूल के बाइजल में एक भव्य समस्याएं बंद कर दी है।
1	कहोगे।	कहोगे।
5	वह मुझे ही क्यों देख रहा है ।	वह मुझे बिना क्यों हँसता है?
11	पटना में अधिकतम पारदर 310 सेल्सियस बढ़ गया, सबसे छोटी दर 990 सेल्सियस कम हो गई।	पटना शहर के अधिकांश जिलों में 22,6 किमी की कीमत में कम हो गई।
23	द्वन्द्व की शुरुआत द्वन्द्व के अंत में या अंत में सुनाई जाने वाली पदावली से होती है''इस नियम से पद की पूर्णता हो''शब्द के सिद्ध होने पर अर्थ, सिद्ध होने पर अर्थ की पूर्णता''ऐसा वाक्यांश बन जाता है।	वास्तव में, यह एक बार है कि यह कोई जाति या  ⁇ udget के रूप में है। यह नियम है कि इस तरह का नियम 'अतः नियम के नियम के अनुसार है।
8	वश में किया हुआ चित्त जिस कालमें अपने स्वरुपमें ही स्थित हो जाता है और स्वयं सम्पूर्ण पदार्थों नि: स्पृह हो जाता है, उस कालमें वह योगी कहा जाता है।	जब मनुष्य आत्मा के मन में स्थित रहता है, तब आत्मा को आत्मा के ही समझता है और आत्मा के सभी ओर से आत्मा को प्राप्त करता है।।
3	केवल एक शास्त्रका पढाहुआ शास्त्रके निश्चयको नहीं जान सकता इस हेतु बहुत शास्त्रोंका सुनने पढनेवाला वैद्य चिकित्साशास्त्रको जानता है ॥	एक ही संसार में उत्पन्न होने वाले व्यक्ति के द्वारा किसी के द्वारा नहीं हैं।
6	मैं मोरीबी गाँव का निवासी हूँ !	मैं मीनाक्षी गाँव में हूँ।
7	हनुमान ने राम लक्ष्मण के बाणों और तूणीरों की प्रशंसा करते हुए उन दोनों से कहा कि आप दोनों के बाण बहुत तीक्ष्ण, सर्प के समान शत्रुनाशक और भयंकर, उन जैसे बाणों से आप दोनों का तूणीर भरा है। इसीलिए वे तूणीर भी देखने योग्य है।	यदि रोगी को निर्बल हो तो वह रोगी के समान हो तो वह रोगी के समान हो तो वह रोगी के समान हो तो वह सूजन, गण्ड, चरा, गर्द, गर्द, चीर, गर्दन, गर्द, गर्द, प्यास, प्यास, गर्द, प्यास, पटेख, पटेख, पटेख, पटेख, पटेख, पटेख, पटेख, पटेख, पटेख, पटे, तीक्ष्ण, पटेख, पटेख, पटेख, उदर, उदर, उदर, उदर
10	इनमें ‘दीपावली’ प्रधान उत्सव कार्तिक महीने में कृष्ण पक्ष में अमावस्या की तिथि को होता है।	इनमें से दीपावली की यह बात है कि प्रधानमंत्री कृष्ण मोदी की मृत्यु के कारण कृष्णांग की मृत्यु होती है।
20	दैत्यराज इन्द्र ने बाद में मेरी पुत्री के हाथ से दशग्रीव का हाथ पकड़कर कहा हे राजन्! हे हे हे हे हे हे हे यम! मन्दोदरी जिनका हाथी के गले में बंधी हुई है, उन्हीं के शुभार्थ को मेरा पुत्री ले।	फिर उस राक्षस ने पुत्र को कहा हे पुत्र! सातवें पुत्र को हाथ जोड़कर मैंने अपने पुत्र को भेजा है। यह कहकर वाली ने अपनी पुत्री को भेजा।
9	बहुत कालतक सन्ध्योपासन करनेके कारण ही ऋषियोंने दीर्घायु, बुद्धि, यश, कीर्ति ( ख्याति) और ब्रह्मतेजकी प्राप्ति की थी	हे राजन् ! आप समस्त विष्णुदेव, रुद्र, रुद्र, रुद्र, सूर्य, सूर्य, सूर्य, सूर्य, सूर्य, सूर्य, सूर्य, सूर्य, सूर्य, सूर्य, सूर्य, सूर्य, सूर्य, सूर्य, सूर्य, सूर्य, सूर्य, सूर्य, सूर्य, सूर्य, सूर्य, भ्यु, भ्यु, भ्यु, सूर्य, सूर्य, सूर्य, भ्यु, सूर्य, भ्यु, भ्यु, भ्यु, भ्यु, भ्यु, पृथ्वी, पृथ्वी, पृथ्वी, पृथ्वी, पृथ्वी, पृथ्वी, पृथ्वी, पृथ्वी, पृथ्वी, पृथ्वी, पृथ्वी, पृथ्वी, पृथ्वी, पृथ्वी, पृथ्वी, पृथ्वी, पृथ्वी, पृथ्वी,
1	पड़दा	जड़
4	व्यापता है इसलिए विष्णु कहते हैं ।	यह कहकर विष्णु के द्वारा देव की ओर है।
1	प्रकट करो।	धारण करें
6	बहरा कौन है? जो कल्याणकारी बातें नहीं सुनता हैं।	कौन बालक कहाँ से कोई नहीं सुनता है?
7	सुचरित्र से मनुष्य महान् बन सकता है।	सुदैव से कोई भी व्यक्तिार्थ नहीं है।
9	हाल ही में रिपोर्ट आई थी कि वैश्विक समुद्री जल छत्रछाया में वृद्धि का असर द्वीप देशों पर पड़ेगा।	रिपोर्ट के अनुसार, दुनिया के जल क्षेत्र में बाढ़ के क्षेत्र में एक संयुक्त सुरक्षा क्षेत्र में एक ही स्थान पर आया है।
7	इसके लिये शीघ्र ही यह उपकरण रख दिया जाएगा।	इसके लिए यह जल्दी से यह प्रस्ताव होगा।
7	श्रीकृष्ण उसके वध की इच्छा करता हुआ उसकी राजधानी में गया।	श्रीकृष्ण जी उसका भाई उसका राजा दशरथ था।
16	क्रिसमस-उत्सव के पूर्व संध्या में प्रकाशित एक संदेश में राष्ट्रपति ने कहा कि येशुमसिह के जन्मस्थान पर क्रिसमस मनाया गया है-उत्सव प्रेम की सद्भावना से भी संदेश देता है।	क्रिसमस-उत्सव के पूर्व वक्ता: पूर्व राष्ट्रपति: जो राष्ट्रपति: जो राष्ट्रपति ने कहा कि जो जन्म दिवस पर गीता जयंती का आयोजन करता है, वह दिव्य संगीत का श्लोक देता है।
4	बर्फ के गिरने सेवेदनाशील क्षेत्रों में मत जाईये।	बर्फबारी के कारण अलग-अलग क्षेत्रों में नहीं जाना चाहिये।
4	अब करतारपुर पाकिस्तान में है।	अभी खबरपुर में पाकिस्तान का स्थान है।
6	वह धीमे स्वर में संगीत सुन रहा है	वह धीरे धीरे ही संगीत सुन रहा है।
6	सभी के मस्तक शीघ्र झुक गए।	"अतिमागम !ष्सबने की मशीन' हो गई।
19	जो बेटा केवल पिता की इच्छा के लिए अपने पूर्व परंपरा को मानता है, किन्तु कुल के अनुकूल व्रत छोड़ता है, वह पतित न हो सके, अन्य कौन हो सकता है ?	जो पुत्र केवल पुत्र के लिए अपनी आज्ञा के लिए अपनी गई है, वह पहले ही अपने परिवार के लिए चलाया गया है, लेकिन वह तो कहीं भी नहीं छोड़ सकता है, वह कौन-सा है?
9	लक्ष्मण – आवाज तो भरत की है । कहाँ है वह ?	लक्ष्मण – हाँ! वह तो राम कहाँ है ?
5	आपकी पेंट की जेब में फिर से देखिये।	आप सब काँच काँच फिर जाकर देखते हैं।
6	प्रकृति के क्रोधों से व्याकुल मनुष्य क्या कर सकता है?	प्रकृति के कारण क्या-क्याकने वाले लोगों को क्या किया जाता है?
30	और इसके प्रतिभाशाली-कृत्रिम बुद्धिमत्ता के विकास में सक्रिय योगदान के लिए कार्यबल तैयार है-शिखर सम्मेलन में आगामी-विश्वसनीय सहयोग में अपने लिंकेड इन सोशल मीडिया पर श्री मोदी ने कहा कि भारत अपने-नागरिकों को मजबूत करने के लिएकृत्रिम बुद्धिमत्ता पर बड़ा काम करना चाहता है।	और भी, इस समय के लिए-युव-इसमें राष्ट्रीय पर्यावरण-वैश्विक-वैश्विक-वैश्विक-वैश्विक-वैश्विक-वैश्विक-वैश्विक प्रौद्योगिकी-वैश्विक प्रौद्योगिकी-वैश्विक प्रौद्योगिकी-वैमानिकिकिकिकिकिकिकिक-वैश्विक कार्यक्रम के लिए प्रधानमंत्री नरेंद्र मोदी ने कहा कि अब भारत के लिए देश के लोगों को अपने जीवन को मजबूत करने के लिए प्रेरित किया जा रहा है।
24	हे राम ! रसातल गुल्फ हैं, तलातल जानु, सुतल जंघाएँ, वितल आपके दोनों अरु, अतल और पृथिवी आपके कटि प्रदेश, भूलोक नाभि, स्वर्लोक वक्षः स्थल, महर्लोक ग्रीवा, जनलोक मुख, तप लोक ललाट तथा हे प्रभो ! सत्यलोक आपका मस्तक है ॥	हे रघुश्रेष्ठ ! आप आपके चरणारविन्द के आदि हैं, जो कुछ दूर हैं, जो आपकी भुजाओं से सुशोभित हैं, जो परम दया है, जो परम दया है, जो परम दया है, जो परम दया है, जो लक्ष्मी हैं, जो लक्ष्मी हैं, जो लक्ष्मी, जो लक्ष्मी, चक्र, चक्र, चक्र, चक्र, चक्र, चक्र, चक्र, चक्र, चक्र, चक्र, चक्र, चक्र, चक्र, चक्र, चक्र, चक्र, चक्र, चक्र, चक्र, चक्र, चक्र, चक्र, चक्र, चक्र, चक्र, चक्र, चक्र, चक्र, चक्र, चक्र, चक्र, चक्र, चक्र, चक्र, चक्र
13	यह सर्वेक्षण राज्य के सभी जिलों में स्कूलों का चयन करके 12 फरवरी से 9 मार्च तक आयोजित किया जाएगा।	यह सभी राज्य के सभी जिलों में विद्यालयों में सुबह 10 बजे तक होगा।
6	कार्रवाई है-विश्लेषण-हित के रूप में प्रवर्तन के रूप में केंद्र।	वहाँ कर्म-संकल्पों का उल्लेख होता है कि ये नीति के रूप में प्रस्तुत होते हैं।
18	इनमें से सबका राम है'इसका अर्थ स्वभाव से ही भिन्न-भिन्न रूप से जानने जा सकता है, किन्तु सबका सार यह है कि राम सबका ही है।	इनकी संस्कृति 'विदाकरण' के अनुसार, प्रकृति के रूप में अलग-अलग रूप में सभी कुछ भी है, परन्तु राम सभी कुछ ही है।
4	सरोवर में शेर पानी पीता है।	ग्वाले के मुँह पी रही है।
4	वे घर जाते हैं	वे घर जाते हैं।
10	जैसे घड़े से कार्य करने वाला कुम्हार जाता है, ''घड़े को करो''।	जैसे घड़ी काम करते हैं, वैसे ही नींद देख रही है, '''इस प्रकार कहकर''इस प्रकार कहकर''इस प्रकार करो।
7	जहाँ, बनियेखंड और चराहे में लघुवृष्टि हुई।	जहाँ शुद्ध और बगुले के हाथ में गिर गया है।
3	हे छात्र	हे छात्रों !
14	हमारे सरकार की ओर से केंद्र सरकार ने S ⁇ A ⁇  सिटी योजना के तहत चींटी बनाने के लिए मंजूरी दी है, करोड़ रुपये की भी  ⁇ udget को मंजूरी दी गई है।	हमारे लिए सरकार ने केंद्र सरकार को केंद्र से ऋण दिया था। इस योजना का विस्तार भी किया गया है, इस उद्देश्य का भी शिलान्यास किया गया है।
8	कार्यक्रम की शुरूआत दीप प्रज्ज्वलन से हुई, और अतिथियों को सरस्वती पूजा से हुई।	कार्यक्रम का समापन दीप प्रज्ज्वलन, सरस्वती सरस्वती सरस्वती और सरस्वती सरस्वती सरस्वती सरस्वती जी ने किया।
6	चित्रों में सोनाक्षी सरल, लघुकुर्ता-शरारासेट के बीच दिखती है।	नामों में गड्ढे के गड्ढे पर मिट्टी की चोटियाँ दिखाई देती हैं।
8	पंजाब प्रदेश के स्वसहायत समूह ने भी प्रदर्शनी पर खड़े होने के लिए रिजस्थल को नाबार्ड के समर्थ में मिलाया।	पंजाब के स्वायत व्यापार के लिए भी प्रदर्शन करने के लिए प्रदर्शन किया गयात नामांडिन नामक मंदिर का निर्माण नहीं हुआ।
9	केवल पश्चिम के लोग इस दुरुपयोग को करके देश को अधिराज्य में स्थापित कर दिया।	इस नदियों के द्वारा खाया गया देश के लिए सूर्य की रक्षा की गई।
12	सेशेल्स-देश के राष्ट्रपति वेवेल रामकलावन ने सभी लोगों को अपने घर पर ही रहने का आदेश दिया।	राष्ट्रपति द्रौपदी मुर्मू-विदेश के राष्ट्रपति राम मुर्मू ने सभी लोगों को अपने घर पर अपने लोगों को स्थापित करने का आदेश दिया।
6	हम सभी वीर सैनिकों को नमन करते हैं।	हम सभी वीर सैनिकों को वन्दन करते हैं।
9	वहाँ चतुर्दश वर्ष की उनके अध्ययन के लिए राजेन्द्र अध्यापक जी के संस्कृत स्कूल में नाम दर्ज किया गया।	वहाँ वर्ष की शुरूआत उसके लिए उनके लिए संस्कृत शिक्षकगण ने एक दिव्य भाषा का नाम प्रस्तुत किया।
5	फिर जमींदारों का साम्राज्य छिन्न-भिन्न हो गया।	इसके बाद भूमि पर राज्य का बड़ा राज्य है।
4	लव – भगवान् सूर्य।	लव – हे भगवान! बहुत अधिक से अधिक हुए।
16	गिरिकंदराओं में निवास करने वाले परब्रह्म के ध्यान में मग्न हुए, धन्य योगियों के आनंदाश्रुओं को गोद में बैठे हुए पक्षीगण निःशंक होकर पीते हैं, पर हमलोगों की आयु तो मनोरथमय महल के सरोवर तटों पर स्थित विहार-विपिन में आनंद और प्रमोद करते ही व्यतीत हो जाती है॥	जैसे चन्द्रमाके लिये पृथ्वीमें समस्त प्राणोंको धारण करते हैं, वैसे ही कमलकी किरणोंसे ही पीटी रहती है, वैसे ही कमलकी किरणोंसे ही चाण्डालें हैं, जिनका चाण्डालके समान श्यामसुयाँ हैं, जो कुछ चाण्डालकी वर्षा करते हैं, जिनमें भी मानो कुछ अधिक प्रेम नहीं होता
7	मैं यहां बन्दर और मृग को देख रहां हूं।	मैं यहाँ बन्दर और शेर को देख रहा हूँ।
6	धीरे धीरे लैंडर की गति धीमी की गई।	धीरे धीरे धीरे धीरे धीरे धीरे चलाने का फैसला किया गया।
11	अब केवल अंतिम तीनों बड़ी गीतों का चित्रोतल करने के लिए शेष हैं।	अब केवल तेईस हजार हजार हजार हजार लोग घायल हुए हैं।
15	आजादी के बाद राम जन्मभूमि आंदोलन पुनर्जीवित हुआ। राम जन्मभूमि मुक्ति समिति की स्थापना १९८४ में की गई	अपने पूर्व समय के बाद राम जन्मभूमि के साथ राम जन्मभूमि का जन्म हुआ, और राम जन्मभूमि का जन्म 19999 में हुआ।
9	मंडल की चुराह, भरमौर, पाङ्गी, डल्हौजी में बर्फ लगातार है।	मण्डी और चट्टान के ऊपर, पद्दाख, लैगोर और वायनाड में बर्फबारी लगातार है।
1	एक खुद की	स्वयं का
8	गुजरात राज्य के मुख्यमंत्री श्री विजय रूपाणी ने सम्मेलन का उद्घाटन किया।	गुजरात के मुख्यमंत्री श्री नरेन्द्र मोदी ने शपथ ली।
9	दूसरा विकल्प नहीं देखकर दीवान गौ पालक को न्यायालय ले गए।	और भी कोई भी नहीं देखा। (क्यों को माला पर माला लाओ)
7	पर्वत के आरंभ में मानपुर में हृषीकेश मंदिर है।	पर्वत के प्रारम्भ में आखिरी मिनट का है।
7	भारत-यह सुझाव दिया गया है कि निज्जरा की हत्या कन्नड़ के बीच संबंध को ढीला करने के लिए पिछले सूत्र द्वारा की गई है।	भारत-भारत के प्रवक्ता वैगेन ने पूर्व निगरानी के लिए पूर्व निगरानी के लिए एक खतरे में निगरानी कर रही है।
10	किसी आदरणीय व्यक्ति के प्रति शून्य हृदय शकुन्तला ने अपराध कर दिया। (सामने देखकर) और किसी साधारण व्यक्ति के प्रति नहीं।	कोई भी मालिक है, नहीं तो मेरे पास रहकर भी सुन्दर नहीं है।
6	चालक के आगे दो जने हैं ।	चालक आगे से अनेक लोग हैं।
4	उसके शरीर से पसीना निकल रहा है।	उसके शरीर से तराने से तरेगा।
29	फिर कैटरी ने कहा कि जब''मेरी क्रिसमस''फिल्म के निर्देशक श्रीराम ने उसके साथ विजयसेतुपति कास्ट को कहा था-करण के बारे में पूछता था तो मैंने गूगल माध्यम से उसका नाम ढूंढ़ा किस्मरण संस्कारित हो जाए।	फिर भी कैटरीटली ने कहा कि जब''मेरी क्रिसमस''इसकी सफलता के साथ विश्वेश के साथ-साथ मैं फिल्म के बारे में काम किया था, तब मैं उसका नामकरण करने के लिए मुझेशिध्य कर रहा था।
7	संस्कृत (साहित्य) में विद्यमान सूक्तियाँ उन्नति के लिए प्रेरित करता हैं। जैसे-	संस्कृत भाषा के संवर्धन से मनुष्य संसार में बोलते हैं, जैसे जैसे कहा जाता है।
17	(यमराज ने पुनः कहा) यदि इस वरदान के सदृश (अन्य) वरदान को माँगते हो, तो धन तथा दीर्घकाल तक जीवन के साधन का वरण करो हे नचिकेता ! तुम विशाल पर (उन्नति के साथ) बढ़ो, तुमको समस्त इच्छाओं का या भोगों का भोग करने वाला बनाता हूँ।	यह तो मैं मानना चाहता हूँ। यदि तुम दोनों के लिए बहुत कष्ट और उत्साह से युक्त हो तो मैं तुम्हें मार दूँगा। क्योंकि तुम दोनों के पास जाकर युद्ध करना चाहता हूँ।
9	हे मित्र ! क्या तुमसवेरे अग्निहोत्र नहीं करते ?	अरे मित्र ! तुम क्या ब्याज नहीं चाहते हो।
7	मैं छल करने वालों में द्यूत हूँ और तेजस्वियों में तेज हूँ, मैं विजय हूँ; मैं व्यवसाय (उद्यमशीलता) हूँ और सात्विक पुरुषों का सात्विक भाव हूँ।।	मैं दमन करता हूँ और जो कुछ भी तेज हूँ, मैं जानता हूँ, मैं ही हूँ, (मैं) हूँ; (मैं) हूँ; (मैं) हूँ; (मैं) हूँ।।
14	जो पुनः पुनः छाया से धूप को लेकर फिर छाया की ओर लौटता है वह तो मूढ़ ही है।	जो कुछ भी हम दोनों का युद्ध चाहते हैं, फिर से क्रोध सफल हो जाते हैं।
15	रिपोर्ट प्राप्त करने के बाद पता की संख्या निकाली जाएगी और तासों की चयन प्रक्रिया पूरी कर दी जाएगी, अंतिम परिणाम शीघ्र घोषित हो जाएंगे।	रिपोर्ट के अनुसार, शेष प्रक्रियाओं को प्राप्त करने के लिए अंतिम प्रक्रियाएं शुरू होंगी, अंतिम प्रक्रियाएं शुरू होंगी।
6	जगत् के दो भेद हैं स्थावर और जंगम ॥	यदि एक एक एक एक एक एक एक एक एक एक अध्याय है तो वह एक ही अध्याय है ॥
5	आप लेख लिखते हैं क्या ?	आप लिखो कैसे ?
5	दो महिने पहले गया ।	दोनों नीचे से पहले गाना।
3	परन्तु स्मरण करके बताऊँगा।	परन्तु जल्दी से जल्दी आओ।
30	आरंभ का जीवन प्रीति से भरा जा रहा है। शुक्रवार सुबह 10 बजे उत्तर प्रदेश के शाहजहाँपुर के कारावार के निकट खिरनी बाग में मुरलीधर मूलमती दम्पत्ति के द्वितीय पुत्र के रूप में जन्मे।	सन् 1811 में आंध्र प्रदेश के पावरपुर जिले के तट पर शुक्रवार को दिल्ली में एक दिन तक दिल्ली के श्रीनगर के समीप श्रीनगर के पास स्थित-अजुलाचली नामक स्थान पर यह एक बार है।
8	दिवंगत महारानी एलिजाबेथ के सम्मान में रविवार को भारत में एक दिन का शोक मनाया जाएगा।	ब्रिटेन के राजदूत में राजा पद के रूप में भारत के एक दिवसीय खिलाड़ी होंगे।
1	प्रजापति	जो
4	मनीषी बुद्धि से मन को जानता है।	विद्वान् बुद्धि से मन को प्राप्त करता है।
1	मेरी ओर से	दो बार
4	अन्य पात्र छोटे ही हैं।	अन्य पात्र से ही बर्तन ही हैं।
10	दिल्ली की राज्यसभा में तीन, सिक्किम में भी एक राज्यसभा-सभा की बैठक में-चुनाव के लिए अधिसूचना जारी है.	दिल्ली राज्य में राज्यसभा में तीन और एक राष्ट्रीय-स्थानों के एक आय-व्यय के लिए एक मामले का आदेश है।
7	तिल काले हैं, माष भी वैसे ही हैं।	शान्ति के प्रकाश ही हो गए हैं।
7	श्रीकृष्ण उसके वध की इच्छा करता हुआ उसकी राजधानी में गया।	श्रीकृष्ण जी उसका भाई उसका राजा दशरथ था।
15	वरिष्ठ वर्ग का कामकाज-आदर्श-परियोजना-प्रतियोगिता में क्रमशः-ज्ञानभारती-लोग-विद्यालय:, :,आर्य-दुल्हन-इंटर-कॉलेज, श्री सिद्धबली-जनता-स्कूलों ने प्रथम, द्वितीय व तृतीय स्थान प्राप्त किया।	वरिष्ठ वर्ग के कार्य-महासचिव-उमाटन-उमा स्कूल के ज्ञान-उत्तर-उत्तर-उत्तर विद्यालय के छात्रों ने ज्ञान-आप-इसका उद्घाटन किया-खेल का उद्घाटन किया।
4	इस प्रकार चिन्ता करते हुए बड़े दूर से श्रीरामचन्द्रजी लौटने लगे। इधर उस मारीच का कहा हुआ शब्द सुनकर अत्यन्त भय और दुःख से व्याकुल हो सीताजी लक्ष्मण से इस प्रकार बोली"लक्ष्मण! तुम जल्दी जाओ तुम्हारे भाई असुरों से पीड़ित हैं ॥	इस प्रकार विचार करने वाले श्रीराम ने राम को मारा।
15	केंद्रीय मंत्री स्मृति ईरानी अश्विनी वैष्णव हरदीप सिंह-पुरी इस पांच दिवसीय कार्यक्रम में भारत का प्रतिनिधित्व करेंगे।	केंद्रीय सहोत्सव नई दिल्ली में, दिल्ली में, नागपुर में, नागपुर में, भारत के राष्ट्रीय-श्री भारत के राष्ट्रीय सम्मेलन में इस कार्यक्रम का आयोजन करेंगे।
1	दो राम के	अनेक राम के द्वारा
6	राधवेन्द्र कपिलदेव की तरह क्रिकेट खेलता है।	महाराणा प्रतापदेव देवदेव के द्वारा खेलता है।
14	अदालत ने चिकित्सालय द्वारा डिज़ाइन किया गया खोज पत्र कानूनी दृष्टि से दुष्ट माना है, यह भारतीय साक्षीून एस.के. सी. और एक अवहेलना है।	कोर्ट ने चिकित्सा मंत्रालय के निर्देशानुसार अच्छे धन की खोज की, और अपने आप छब्बीसवीं हैं, और भारतीय जनता बलपूर्ण रूप से इटारागर किया गया है।
6	वह वहीं बैठकर सब कुछ देखता है।	वह वहाँ ही सभी हँसकर देखता है।
10	मधुमास चैत्र शुक्लपक्ष नवमी तिथि कर्क लग्न में, पुनर्वसु नक्षत्र में जिस समय पाँच ग्रह उच्च राशि पर स्थित थे, सूर्य मेष राशि पर विद्यमान थे, उस समय परमात्मा सनातन जगन्नाथ का आविर्भाव हुआ। उस समय आकाश दिव्य पुष्पों की वर्षा से पूर्ण हो गया ॥	एक दिन तक वह प्याज के दूध पर रखी गई थी। वह एक दिन तक फिर से अत्यधिक सेर के वृक्ष के समान कान्ति से युक्त हो गया।
4	सुचेता क्या गिनती है ?	सुहासित्र क्या गिनता है ?
3	तुम सेवो ।	तुम सब सेवक हो।
5	आप किसके भाई हैं ?	आप किसका भाई है ?
3	वह अंधकार से डरता है ।	वह शत्रुओं को डरता है।
33	मिनी अंगनबाड़ी कार्यकर्ता 730, सहायक 5500, आशा कार्यकर्ता 500, एमडीएम कार्यकर्ता 4, शिक्षा प्रभाग के जल वाहक 000, पानी रक्षक 5300, जलशक्ति प्रभाग के बहुउद्देश्य कार्यकर्ता 000, परमात्मा के कार्यकर्ता 6300, पंचायत अधिकारी 8000, राजस्व अधिकारी (चौकीदार) 5800 और नम्बरदार 2,200 अंक को प्राप्त करेंगे।	मिथोरम के निर्देशक, कारूली में 3,  ⁇ ,  ⁇ ,  ⁇ ,  ⁇ ,  ⁇ ,  ⁇ iti ⁇ ,  ⁇ ,  ⁇ ,  ⁇ ,  ⁇ ,  ⁇ ,  ⁇ ,  ⁇ in,  ⁇ in,  ⁇ ,  ⁇ ,  ⁇ ,  ⁇ ,  ⁇ ,  ⁇ in,  ⁇ ,  ⁇ inin ⁇ ,  ⁇ ininininininininininin,  ⁇ ,  ⁇ , 
5	बिल्ली तो घर में होती ही है।	बिल्ली तो घर में तो घर ही होता है।
4	उसको मिठाई दी ।	उसकी मिठाई दी।
1	संतान	बिना
11	शिक्षा मंत्री विजय वाचक ने नियुक्त शिक्षकों के बारे में सदन के बाहर घोषणा की.	इस समय शिक्षा मंत्री विजय चौहान ने मुख्य सचिव के पास सदन में सदन की घोषणा की।
1	लाकर।	शीघ्र ही
12	ये मणि तो श्री सीता और राम के साकार मूर्तियाँ दिखाई नहीं देतीं, न उनका नाम ही है।	उनमें से अलग कोई भी नहीं है, वह साक्षात्-वह भी उनके नाम का नाम नहीं दिखाई देता है।
4	हे सरस्वती (वाणी) आप अपनी नवीन वीणा को बजाओ।	विख्यात नाम का नाम मही है।
4	सुनार अनेक प्रकार के कान के झुमके दिखाता है।	सुनार अनेक प्रकार के दूध का लिलता है।
4	तब लोग प्रेरणा को वन्दन करते हैं।	तब लोग कारखाने जाते हैं
13	[द्रौपदीने कहा-] हे गोविन्द ! हे द्वारकाके रहनेवाले, हे गोपीवल्लभ श्रीकृष्णचन्द्र क्या आप मुझे कौरवोंके द्वारा अपमानित होती हुई नहीं जानते ? ॥	हे कमलनयन ! कमलनयन श्रीकृष्ण के समान श्यामवर्ण वाले हैं, आप मुझे क्या नहीं जानते ? आप मुझे क्या जान रहे हैं ?
13	पूर्व कांग्रेस नेता राजेन्द्र रण ने कहा कि राज्य में हर जगह बिजली के खंभे, सेवा तारों, मीटर मात्रों का अभाव है।	पूर्व मुख्यमंत्री ने कहा कि कांग्रेस राज्य में सर्वसम्मति, राज्य में सर्वजन सेवा, और स्वास्थ्य सेवाओं का भी अभाव है।
13	श्रीबाबा नीबकरौरीजी वेद विद्यालय के सभागार में यह कार्यक्रम सुबह 10:00 बजे से शाम 05:00 बजे तक आयोजित किया गया।	श्री लाल बहादुर शास्त्री-खेल में यह पैंगिंग में आयोजित किया गया यह कार्यक्रम दोपहर 12 बजे दोपहर 12 बजे तक आयोजित किया गया।
12	सभी पाण्डव वन के शमी पेड़ पर अपनेशस्त्रों को छिपाकर अपने वेष को बदलकर अधीपति विराट के प्रासाद में प्रवेश करते हैं।	सभी पाण्डवों ने वृक्षों के द्वारा वृक्ष के शब्द को छोड़कर अपने सेना के अनुसार प्रवेश किया।
5	दीपक के चारों ओर कीड़े हैं।	दीपिक के चारों ओर घूरे हैं।
4	सुजाता ने बैंक में नौकरी पाई।	सुजाता ने बैंक में नौकरी पाई।
6	किशोर का बेटा विद्यालय से घर नहीं आता है।	किशोर का बेटा विद्यालय से घर नहीं आता है।
8	अतः हे सुग्रीव! बन्दरों के साथ जल्दी से विमान चढ़ो।	इसलिये हे बन्दर ! बन्दर के साथ युद्ध के मैदान में गिर गया।
15	उत्तर प्रदेश संस्कृत संस्थान-लेखन के माध्यम से संस्कृत भाषा की शिक्षा के कक्षाओं में जीवन के प्रत्येक क्षेत्र को छूती हुई देववाणी को शिक्षित करने के लिए हम प्रयासरत हैं।	दिसंबर को उत्तर प्रदेश संस्कृत संस्थान-विश्वविद्यालय के प्रत्येक संस्थान में संस्कृत भाषा के क्षेत्र में प्रत्येक क्षेत्र में प्रत्येक क्षेत्र में संस्कृत का अध्ययन करने के लिए शिक्षा को समझाने के लिए शिक्षा और शिक्षा के लिए प्रेरित किया जा रहा है।
3	कौए ने लड़के के हाथ से रोटी लेली।	बगुले के लिये बालगुली की चपेटेंडें।
7	करता हुआ ही यहाँ कर्म, जीने की इच्छा करे सौ वर्ष	और भी कर्म के लिए कर्म करना चाहिए।
4	नहीं, ये दोनों जोर से भौंकते हैं।	नहीं, ये दोनों वृक्ष गिरते हैं।
1	अपरिवर्तनीय	खाना
10	जो अपेक्षारहित, शुद्ध, दक्ष, उदासीन, व्यथारहित और सर्वकर्मों का संन्यास करने वाला मेरा भक्त है, वह मुझे प्रिय है।।	जो पुरुष सुख से रहित होकर, भय से रहित तथा अचल बुद्धि को प्राप्त करता है, वह योगी है।।
4	शाम को वह कार्यालय बन्द करता है।	शाम को वह अस्पताल में नमक लगाता है।
9	इस प्रकारमुक्त श्रीराम रथ पर चढ़कर और प्रणाम कर उस रथ पर चढ़ गया।	इसी प्रकार श्रीराम ने रथ के ऊपर बाण और बाणों को पार करने के लिए उस रथ पर चढ़ाया।
15	जिस प्रकार सोने की परीक्षा चार प्रकार से की जाती है-उसे कसौटी पर घिसा जाता है, काटकर देखा जाता है, तपाया जाता है और कूटकर उसकी जांच की जाती है, उसी प्रकार मनुष्य कितना श्रेष्ठ है इसकी पहचान भी इन चार बातों से होती है। चाणक्य के अनुसार, इन चारों प्रकारों से की गई परीक्षा में स्वयं को सही सिद्ध करने वाला व्यक्ति ही 'खरा' है। उसकी सज्जनता, उसका चरित्र, उसके गुण और उसका आचार- व्यवहार उसके खरेपन की पुष्टि करते हैं।	जैसे जैसे-बालकों के लिए (क्यों के) वेद (ल्यों के) (शास्त्र, छत्र, छत्र, छत्र, छत्र, छत्र, छत्र, छन्द, छन्द, छन्द, छन्द, छन्द, छन्द, छन्द, छन्द, छन्द, छन्द, छन्द, छन्द, छन्द, छन्द, छन्द, छन्द, छन्द, छन्द, छन्द, छन्द, छन्द, छन्द, छन्द, छन्द, छन्द, छन्द, छन्द, छन्द, छन्द, छ
11	तख़्ता-भारत गावस्कर कप की मेजबानी कर रहा है-ऑस्ट्रेलियाई क्रिकेट क्रिकेट टूर्नामेंट भारत के नागपुर में शुरू हुआ।	भारत के मॉड में आयोजित एक समारोह में भारत-भारत ने तीसरे प्रतियोगिता में स्वर्ण पदक जीता.
6	उसने प्रधानमंत्री को अपना-अपना सन्देश भी दिया.	उन्होंने प्रधानमंत्री को अपने-अपने-अपने घर का भी संदेश दिया।
5	उपदेश के बिना प्रथम ज्ञान उत्पन्न हो गया।	उपवास के बिना उपदेश के बिना पहली बार ज्ञान का ज्ञान किया गया।
12	नील कमलके समान श्याम स्निग्ध निर्मल उत्ताल तरङ्गोंका ताण्डव धारण करनेवाली कलिन्द पर्वतकी कन्या, माता देवि यमुने! हम तुम्हें प्रणाम करते तुम तुरीया भी हो, क्योंकि मुरदैत्यके शत्रु भगवान् कृष्णकी प्रियतमा हो और उनके बचपन तथा यौवनकी लीलाओंकी अधिष्ठात्री एवं अन्य पटरानियोंमें सबसे अधिक वन्दनीया हो	जो मुखारविन्दयुक्त, अतिशय, अति अद्भुत, नित्य मधुर, नित्य, नित्य, नित्य, नित्य, नित्य, स्तरोंवाले, मधुर, मधुर, मधुर, मधुर, मधुर, मधुर, मधुर, मधुर, मधुर, उण्डल, उण्डल, उण्डल, उण्डल, उण्डल, उण्डल, उण्डल, उबलाभकान, उबल, उबल, उबारी, उबल, उबन्द, उबलाभ, गोप, गोप, गोप, गोप, गोप, गोप, गोप, गोप, गोप, गोप, गोप, गोप, गोप, गोप, गोप
6	जलों को वर्षा काल के चारों ओर से धाराओं के	वह क्या कारण है?
1	ma ⁇ ro ⁇ r ⁇ staline	चींटी
1	शिर में	दुःख
7	इसके अलावा, पांच अन्य ग्रीनहाउस पूरी संस्कार के लिए प्रयास कर रहे हैं।	इसके अलावा, अन्य पंचायत के पांचों को पूरी तरह से पूरा करने के लिए तैयार हैं।
9	ओह , इसीलिए मैं भी ठण्ड अनुभव कर रहा हूँ ।	ओह , मैं ही तेज भी ठंडी हूँ।
6	जनवरी तक या अग्रिम आदेश तक जारी रहेगा।	जनवरी तक या अग्रिम आदेश जारी होगा।
3	दोनों ने जनेऊ बदला।	दोनों यज्ञ में बदलूराम का बदलाव हुआ।
6	आप स्कूल की छुट्टियों में कहाँ घूमना पसंद करते हैं?	आप विद्यालय में कहाँ घूमते हो ?
9	चन्दन – तो जल्दी ही पूजा करो और प्रसाद को दो	चन्दन – तो फिर पूजा और स्वामी को प्रणाम करो।
1	बिलाव	गाल
3	एक निर्धन बोला	एक निर्धन बोला
8	 ⁇ .एस ने प्रेस लाइसेंस जारी किया और यह सूचना दी गई।	प्रिंसिटी ने शोध किया कि यह मुद्दा ऑइल का प्रसार है।
4	इसके बाद तपस्या करता हुआ तपोदत्त प्रवेश करता है)	तब उस तप को प्राप्त करता है, उसी तप को प्राप्त करता है।
14	देश के नागरिकों को digital न्यायालय रिपोर्ट निःशुल्क है-यह तकनीकी रूप में न्यायालय के निर्णयों को फैलाएगी।	वित्त मंत्रालय ने कहा कि देश में आर्थिक धन की स्थापना के लिए एक और निर्णय-यह निर्णय-प्रदान करेगा.
7	कार्यक्रम में भारत सरकार के शिक्षा मंत्री धर्मेन्द्र प्रधान मुख्य अतिथि के रूप में रहे।	कार्यक्रम में भारत सरकार के शिक्षा मंत्री धर्मेन्द्र सरस्वती मुख्य अतिथि थे।
1	तैयार	बिना
3	कब चले थे ?	कब से कब आओ ?
5	हिमाचल में भी यह चरण निकलता है।	हिमाचल प्रदेश भी यह है।
9	व्यक्तियों का दृढ़ संकल्प सब कार्य सिद्ध करने में सक्षम है। लोकतन्त्र में कुछ भी हो गया है.	व्याकरण के अर्थ के अर्थ के लिए सभी अर्थों का अर्थ भी उपयोग किया जाता है।
15	इसी क्रम में संस्कृत भारती पंजाब प्रांत के संयुक्त तत्वावधान में शिव मंदिर-शहरी-राज्य-चेहरा1इस जगह में24दिसंबर: 31दिसंबर तक चलने वाले गीता ज्ञान यज्ञ समारोह के तीसरे दिन डाॅश्रीमती ओमान	पहले दिन-संस्कृत भारती के संयुक्त राज्य अमेरिका के संयुक्त राज्य अमेरिका के संयुक्त राज्य-अकादमी के संयुक्त राज्य-अकादमी के संयुक्त तत्वावधान में 29 तारीख को योग-0 तारीख को योग-दो दिवसीय योग प्रतियोगिता का उद्घाटन किया गया।
9	हे राघव! उसी समय नर्मदा नाम का कोई गन्धर्वी भी था।	हे राघव ! उस समय उस समय कोई भी नहीं था, कोई भी कोई भी दूसरा नाम था।
4	किसान फसल की रक्षा के लिये प्रार्थना करते हैं।	किसान को अर्थ की प्रार्थना करते हैं।
1	चाहती हूँ	जाता हूँ
3	बच्ची को आम पसंद है।	बालक को आम पसंद है।
8	एक मिनट की भी देरी होती तो मैं निकल जाता ।	एक बार भी मैं भी दरवाज़ा गया।
6	शायद वह संस्कृत के विकास के लिये काम करेगा	कभी संस्कृत के विकास के लिये वह काम करना चाहता है।
10	हम जानते हैं कि आपका ब्रह्माजी की प्रार्थना पर भूमि का भार हरण करने के लिए ही अवतार हुआ है। आप साक्षात् श्रीहरि, श्रीजानकीजी लक्ष्मी, श्रीलक्ष्मणजी शेषजी का अंश और भरत शत्रुघ्न भगवान् के शंख और चक्र हैं; यह भी हम जानते हैं। अतः आप सर्वप्रथम यहाँ के ऋषियों के दुःख को दूर कीजिए ॥	हे प्रभो! आप अनन्त गोपनीय, परमलक्ष्मी और परमलक्ष्मीगणों के द्वारा सेवित हैं। इस प्रकार श्रीलक्ष्मणजी के रूप में श्रीहरतजी ने राम को प्रणाम किया है ॥
7	अध्ययन के नतीजे न्यूरो एपिडेमियोलॉजी पत्रिका में प्रकाशित हुए थे।	यह उन बात है कि यह खबरों को न्यूयॉर्क में प्रदर्शित किया गया था।
5	एक बार हम लोग वैष्णोमन्दिर जायेंगे।	एक बार हम राष्ट्र मंदिर जाएँगे।
7	धृतराष्ट्र ने वीरों के वीरता को सुनने की इच्छा व्यक्त की।	धृतराष्ट्र ने महाराणा प्रताप के बल का समर्थन किया।
38	पिछले दो दिनों में पश्चिमी वेग की प्रतिघंटा 2030 किमी से 40 किमी तक थी, इसलिए राज्य में अधिकतम तापमान 2 से 4 डिग्री सेल्सियस तक कम कर दिया गया है 11 फरवरी को पटना सहित राज्य में पूर्व गति चल रही है, इससे अधिकतम तापमान 2 सेल्सियस तक बढ़ गया है।	पिछले दो दिनों में पश्चिमी वायु-यह क्षेत्र के 30 किमी से 30 किमी से 30 किमी तक पहुंच गया, इसीलिए राज्य से 30 किमी से 30 किमी से 30 किमी तक कम हो गया है, लेकिन राज्य से कम से कम 20 किमी से कम हो गया है।
1	राजा द्वारा	राजा
12	प्रकाशमान रश्मियों के समूह अथवा सूर्यदेव उदित हो रहे हैं ये मित्र, वरुण, अग्नि और सम्पूर्ण विश्व के प्रकाशक ज्योतिर्मय नेत्र हैं। सूर्यदेव ने उदित होकर द्युलोक, पृथ्वी और अन्तरिक्ष को अपने प्रकाश से सर्वतः परिपूर्ण कर दिया है यह सूर्य देव सम्पूर्ण स्थावर जंगम जगत के आत्मा रूप हैं।	सूर्यदेव के समान श्यामवर्ण और सूर्य के समान प्रकाश-बैंगों के समान सुन्दर, सूर्य, सूर्य, सूर्य, चक्र, चक्र, चक्र, पृथ्वी, पृथ्वी, पृथ्वी, पृथ्वी, पृथ्वी, पृथ्वी, आकाश, आकाश, आकाश, आकाश, आकाश, आकाश, आकाश, आकाश, आकाश, आकाश, आकाश, आकाश, आकाश, आकाश, आकाश, आकाश, आकाश, आकाश, आकाश, आकाश, आकाश, आकाश, आकाश, आकाश, आकाश, आकाश, आकाश, आकाश, आकाश, आकाश, आकाश, और आकाश, पृथ्वी, पृथ्वी, पृथ्वी, पृथ्वी, पृथ्वी, पृथ्वी, पृथ्वी, पृथ्वी, पृथ्वी,
7	हेतु, लक्षण ओर काल को समझने वाले तथा बल और शुद्ध एव अशुद्ध रक्त के वर्ण की पहिचान करने वाले वैद्य को चाहिये कि रक्तस्राव की उपेक्षा उस समय तक करता रहे जब तक कि भयानक रूप धारण न करले, अथवा काई घातक रूप पैदा न करे ॥	हे मनुष्यो ! उस समय अपने आपको छोड़कर, जैसे, जैसे, रंग, अग्नि, अग्नि, जल, अग्नि, अग्नि, अग्नि और जगत् आदि सब जो कुछ भी कहे गये हैं, वह निश्चयपूर्वक ही प्राप्त करे
1	उल्लू	अंगूठी
6	यह विधेयक पूर्व चुनाव आयोग के पास होगा-विधेयक के पद पर बनेगा।	यह विधेयक पूर्व चुनाव पूर्व चुनाव का पक्ष-यह दल द्वारा आयोजित करेगी।
1	जम्हाई लेना	बिखरता है
4	जब वह चुटकुला बोलता है	जब वह चुटकुले बोलता है
4	पाँच लड़कियाँ है।	पाँच लड़कियाँ हैं।
1	नाम से जाना जा सकता है	ज्ञान प्राप्त करता है
17	इस भारत विकसित भारत करने का लक्ष्य देश के सफल प्रधानमंत्री नरेंद्र मोदी ने लिया है, देश उस दिशा में अग्रणी है।	इस भारत में भारत के लिए एक लक्ष्य को हासिल करने के लिए प्रधानमंत्री नरेंद्र मोदी, उस देश के लिए देश के लिए आगे जा रही है।
3	''लक्ष्य लक्षण पर व्याकरण है यह भाष्यकार है।	''कहै''इस प्रकार व्याकरण का अर्थ है''इस प्रकार अर्थ का अर्थ है।
1	समाप्ति का	किसी प्रकार
3	उन्होंने भयंकर कष्टों को सहन किया।	वे दोनों घाव से घूरे हुए हैं।
5	आज मैंने अँगूर खाना चाहा।	आज मैंने अँगूर खाए।
9	सुप्रीम कोर्ट द्वारा जारी मानवाधिकार पत्र पर अवैध धनों को नियंत्रित करने के लिए एकमात्र कानून नहीं होता है।	सुप्रीम कोर्ट ने कहा कि संबंध में प्रवेश नहीं किया जा रहा है और अवशेषों को कोई भी कदम नहीं दिया जा रहा है।
3	यह अत्यन्त जल्दी लिखता हैं।	सुभद्रा शीघ्र ही लिखती है।
5	वैद्य रोगी के लिए दवाई देता है।	वैद्य रोगी को धन देता है।
5	क्या आप पात्र में पानी भर देंगे?	बर्तन के पास तुम लिलेंगे क्या ?
6	अतः व्यवसाय में बहुत लाभ नहीं है।	इसलिये बेतुश बहुत लाभ नहीं है।
14	अट्ठाईस राज्य के आठ केंद्र शासित क्षेत्रों में स्थित इन रेलवे स्टेशनों का पुनर्विकास काम लगभग बीस हजार से अधिक रुपये का खर्च किया जाता है।	2019 में आठ हजार से अधिक परियोजनाओं में इन रेल स्टेशनों का उपयोग किया गया है। इन स्थानों पर लगभग 100 करोड़ रुपये का खर्च किया जा रहा है।
3	यह महिला है।	यह महिला है।
11	उन्होंने कहा कि राज्य सरकार जल्द ही हाड़ी समुदाय के लिए अनुसूचित जाति पदवी प्रदान करने में प्रतिबद्ध है।	उन्होंने कहा कि राज्य सरकार जल्द ही लोकशक्ति के लिए मजबूत करने के लिए एक व्यापक प्रयास है।
1	देवताओं द्वारा स्थापित	देव के द्वारा
4	प्रतिदिन पढ़ेंगे क्या ?	प्रतिदिन पढ़ेंगे क्या ?
1	महल	टिकट
4	कच्ची केरी में हींगहीं डाली जाती है।	कच्चे आम केले में कबूतर रखती है।
4	हाँ, आज की जिज्ञासा परायें।	हाँ, आज से जिज्ञासा बन्द करो।
3	वह वाशिंग मशीन चलाती है।	वह सब्जी बेचने के लिये आती है।
10	गोशाला में सोलन जिले के पट्टा और कांगड़ा जिले के पालमपुर में अनुमोदन किया गया था।	गोला जिले के कोझिकोड जिले के कोझिकोड जिले के कुटु जिले के कुण्डल जिले के कुर्गुपल्ली जिले के कुर्ग क्षेत्र में एक विशेष रूप से मंजूरी दी गई है।
1	खरीदना	खरीदा हुआ
10	लेकिन अभी तक ड्रैड्डी-निर्माताओं को इस विषय पर आधिकारिक वक्तव्य नहीं मिला।	लेकिन अब तक एडबली-यह निर्माण के बारे में बात नहीं हुई है।
16	उद्घाटन समारोह वाग्देवी सरस्वती की पूजा और दीप प्रज्ज्वलन के साथ शुरू हुआ। दीप प्रज्वलन के दौरान डाॅअंकितासांडिलियेन, सरस्वती वंदना एवं संचालन अनुरुद्ध त्रिपाठी ने किया।	उद्घाटन समारोह के उद्घाटन समारोह में वाग्देवी सरस्वती ने सरस्वती और दीप प्रज्ज्वलित किया, दीप प्रज्ज्वलन के बाद सरस्वती वंदना, सरस्वती सरस्वती सरस्वती सरस्वती सरस्वती सरस्वती, गीता श्लोक पाठ छात्र, गीता श्लोक पाठ छात्र, समेश शर्मा, संपादक, संपादक, संपादक, संपादक, संपादक, संपादक, ने उपस्थित थे।
4	हमें संस्कृत में बोलना चाहिये।	हमें संस्कृत भाषा में बोलना चाहिये।
1	हर आत्मा में	प्राप्त हुआ
4	विष क्या है? गुरुओं की अवहेलना।	क्या करना चाहिये, क्या करना चाहिए, गुरु की गुरु की पूजा करनी चाहिए।
11	उन्होंने कहा कि इन आवेदकों ने इस महत्वाकांक्षी योजना में रुचि दिखाई दी है।	उन्होंने कहा कि इन प्रक्रियाओं को इस महत्वाकांक्षी केंद्र के निर्माण के लिए सौर सरकार ने सहयोग किया है।
5	जहाँ परिश्रम हैं, वहाँ असफलता कहाँ?	जहां धूर्त हो, वहाँ कहीं कहीं कहीं कहीं कहीं कहीं से रहते हैं?
8	क्षमा करियेगा , मैं वो काम भूल गया / भूल गई।	क्षमा करियेगा , मैं वो काम भूल गया।
7	ओह , सच में नहीं जानता था	ओह , सच ही नहीं जानती था।
5	वह शास्त्र का सब ज्ञान जानता है।	वह शास्त्रों का ज्ञान सब ज्ञान जानते हैं
7	वे निशाचर वहाँ खड़े रहते हैं, वे हमें सबको प्रभावित करते हैं।	वहाँ वे युद्ध में कई बहुत से थक जाते हैं।
18	9 घंटे 44 मिनट की कार सेवा-यह समय था। सुबह के 9 बजकर 10 मिनट हो रहे थे जब मनीराम कैंप के गेट खुले!	9.5 बजे से 45 बजे तक मैंने अस्पताल के समय में आठ बजे सेवा किया था। तब 10 बजे माली माली माली में मजाई।
1	बात	अकाल
9	दूसरा विकल्प नहीं देखकर दीवान गौ पालक को न्यायालय ले गए।	और भी कोई भी नहीं देखा। (क्यों को माला पर माला लाओ)
7	आपका भार बहुत अधिक है।	ओह , आपका भार बहुत अधिक है।
8	इसीलिए लघुता विचार करके अधुशब्द की अपेक्षा से साधुशब्द अकेला ही योग्य है।	अतः छोटा व्यक्ति अपने जीवन के लिए जातिशब्द का उपयोग करना चाहिए।
14	प्रधानमंत्री नरेंद्र मोदी आज महाराष्ट्र साढ़े तीस- करोड़ से अधिक विकासों का उद्घाटन और शिलान्यास करेंगे।	प्रधानमंत्री नरेंद्र मोदी आज महाराष्ट्र के लिए तेईस से अधिक- परियोजनाओं का विकास- परियोजनाओं का उद्घाटन करेंगे।
6	अब मैं भी अपनाकाम स्वयं ही करूँगा ।”	अभी मैं भी अपना कुछ काम करना चाहता हूँ।
1	गरजते हैं	गरजते हैं
6	आठवें दिन फल को हिमाचल प्रदेश से जाना जा सकता है।	आठ तारीख को हिमाचल प्रदेश के फल के साथ फल देने में सक्षम हो सकता है।
1	उदार	स्त्री
3	वह पेंसिल तीखी कर रही है।	वह पेंसिल तीखी करती है।
9	मैं आपकी माया से मोहित होकर पति पुत्र, धन आदि के लोभ में संसार सागर में मग्न थी, आज सौभाग्यवश आपके चरण कमलों के समीप आयी हूँ ॥	हे पुत्र ! मैं इस प्रकार कहने पर गदा नामक पुत्र के पुत्र के पुत्र के पुत्र के पुत्र के पुत्र के पास गया हूँ। उस समय वह तीनों लोकों में गिर गया। तब वह तीनों लोकों में गिर गया। तब वह अत्यन्त देर तक वहाँ जाकर वहाँ जाकर वहाँ जाकर वहाँ जाकर वहाँ आया ॥
1	ग्रस्त होता है।	प्राप्त होता है
1	प्रयोजन युक्त	बंदर
4	दो पहर एक बजे भोजन।	पुल में एक बजे भोजन भोजन भोजन है।
14	केंद्रीय मंत्री किरेन रिजीजु ने कहा कि यह वित्त-विकल्पना-पत्र भारत के आगे ले जाने के लिए एक आदर्श माध्यम है।	केंद्रीय मंत्री ने कहा कि यह परियोजना भारत-राज्य-विदेश के निर्माण के लिए एक नई-एक नई नीति को आगे लाने के लिए एक नया है।
7	पुण्य कर्म में जो रत हैं वे पुण्य फल ही पाएँगे।	पुण्य कर्म से जो मनुष्य फल के फल को प्राप्त करेगा।
11	उसे बैल का चित्र दीजिए। गणेश! तुझे बालिका का चित्र आचार्या ने दिया क्या ?	उसके बाद बैल ने चित्र खोलकर जल्दी से पूछा- हे माता ! आप कहाँ हो गए हो?
1	रुई	जल
3	ईश्वर सुखी लोगों को हंसाएगा।	ईश्वर सुख से मुक्त होता है।
20	नेचर इम्यूनोलॉजी जर्नल में प्रकाशित एक अध्ययन से पता चलता है कि वायरस, SA ⁇ S ⁇ , परमाणु हस्तक्षेप के बाद 18 महीने तक मानव श्वसन पथ में रहता है।	यह एक संगम है कि एक महीने के बाद, यह तीस वर्ष तक जामु में जमाडा में जमाडा की मृत्यु हो रही है। यह पहली बार है कि मानवता के बीच है।
6	कहा जाता है कि कल नामांकन में प्रवेश किया जाएगा।	कल रात का नाम प्रवेश होगा।
7	राजा का अपना हित प्रिय नहीं होता है। प्रजाओं का हित ही तो उसे प्रिय होता है।	हे राजन् ! स्त्री के समान कोई भी कोई भी मित्र नहीं है।
8	उस समय मैं उसके सामने बहुत दुःखी था।	उस समय उस ही मैं दुःखी हूँ।
4	अधिक भोजन का यही फल है ।	अधिक भोजन ही फल है।
12	कई लोग और सदस्य पूजा, लोग शाम को पूजा में उपस्थित होते हैं।	अनेक लोग और गणमान्य अतिथि शाम सुबह लोग पूजा करते हैं।
3	कार्यालय के पात्र धोता है।	कार्यालय का पात्र साफ करती है।
3	और सब एक दिल वाले हैं ।	सभी के लिए एक एक एक एक दूसरे का
3	भूतकाल में वाक्य लिखिये	सारकाल में लिखिये।
3	तब पथिक ने उन्हें गिना।	रास्ते में उन्हें मैंने देखा।
2	तुम्हारी अभिलाषा	तुम्हारा
8	उसी दिन चन्द्रयान ने चंद्र पृष्ठ पर एक सफल उतरान किया।	उसी दिन सूर्ययान ने चंद्रमा पर आक्रमण किया और घायल हो गए।
3	तुम जाते हो क्या?	तुम जाते हो क्या?
1	सींचना	बढ़ाना
4	हमारे स्वतन्त्रता दिवस का समारोह होगा।	हमारे राष्ट्रपति दिवस पर गणतन्त्र दिवस होगा।
3	झूला बाग़ में है।	दो लताओं का माल है।
4	मैं पक्षियों को दाना देता हूँ।	मैं चोंच को दूँघता हूँ।
4	वह परिवार जनों के साथ जा रहा है।	वह परिवारजनों के साथ जाता है।
4	खाने योग्य सारी वस्तुएँ आज अशुद्ध (विषैली) वस्तुओं से मिलावटी हो गई हैं। तथा सारी धरती मैली (अशुद्ध) हो चुकी है।	इस प्रकार मैंने (शैस) के द्वारा (शैक्षास) को खा लिया है, उसी प्रकार (मेरा)
8	उसके सींग रत्नमय, खुर मणिमय और नेत्र नील रत्नमय थे। इस प्रकार बिजली की छटा और मनोहर मुखवाला वह मृग श्रीरामचन्द्रजी के आश्रम के पास सीताजी के सामने वन में विचरण करने लगा ॥	अपने चरण-कमलोंमें एक तुलसीमय नीलकमलको देखकर, कमलके समान श्यामवर्णसे, कमरसे, कमरसे, कमरसे, कमरसे, कमरमलासे, दिनसे, दिनसे, दिनसे, दिनसे, दिनसे, दिनसे, दिनसे, तीर्थोंको और दिनसे, पर्वतोंको और दिनसे, दिनसे, दिनसे, तीर्थोंको और दिनसे, तीर्थोंको और दिनसे, तीर्थोंको भी देखा ॥
7	पति – तुम चलो , मैं आता हूँ।	पति – तुम जाओ मैं आता हूँ।
6	वे सब खेलने के लिए मैदान में गए ।	वे सभी खेलालयों को लेकर पहाड़ा ओर गए।
5	मुझसे अन्न लेकर उसे दे।	शान्त करो उस समय उसे दो।
5	उत्तम लड़की से धन लेता हूँ।	उत्तम लड़की के लिये धन देता हूँ।
6	और अपने परिवार का सम्मान अवश्य बढ़ेंगे।	अपने परिवार और सम्मान अवश्य बढ़ेंगे।
8	1 अप्रैल से नवंबर 19 तक नए मार्गों की कामना शुरू हो गई है.	1 अप्रैल को नई तारीख तक नई स्थानों पर नए मार्गों का काम शुरू हुआ।
11	इस्लामी पुरुषों का बहुविवाह, निकाह, सुप्रीम कोर्ट ने हलाल की नैतिकता की जांच के लिए एक नई पीठ बनाने का फैसला किया है।	कुटारादेशिक मानवता के अनुसार, कई राज्यों के लिए, सुप्रीम कोर्ट ने नई नीति को मजबूत करने का निर्देश दिया है।
9	समिति के अध्यक्ष राजेन्द्र रण हिमाचली नायक को धारण करके उसका सम्मान किया।	जैन के अध्यक्ष सम्राती ने उनके भाषण में भाग लिया और उनके नाम का सम्मान किया।
9	तो इन शब्दों के ज्ञान से धर्म होता है या प्रयोग से ?	तो इन शब्दों का ज्ञान होता है कि ज्ञान का प्रयोग कैसे होता है ?
3	ऊपर की ओर साँस छोड़कर	अकाल से लेकर।
5	खेलते हुए बालक मुझे अच्छे लगते हैं ।	खेलकर मुझे बालक पसंद है।
11	अध्यक्ष भाषण में प्राचार्य महोदयों ने भारतीयों के प्रति सनतनीय परंपरा के विषय में एवं लोकसंस्कृतियों के छात्रों के परिचय कराया।	अध्यक्ष ने कहा कि भारतीय भाषा के माध्यम से भारतीय संस्कृति के विषय में भारतीय भाषा के प्रयोग के विषय में संस्कृत भाषा का परिचय प्रस्तुत किया गया है।
14	एक समानांतर सुरंग के ड्रिलिंग ऑपरेशन में''ओगर''छेदने की जो मशीन बुलाई गई थी वह बिना किसी प्रवर्तन के थी। राष्ट्रीय आपदा निवारण बल ने सड़क पर गतिरोध को दूर करने के प्रयास शुरू किए हैं।	भारत के अनंतांगों ने चंद्रमा के नाम से''हैस''नाम के दौरान राष्ट्रीयबुलानि में आतंकवादियों को निलंबित करने के लिए निलंबित कर दिया है।
22	वित्त- मंत्रालय ने एक वक्तव्य में प्रतिपादित किया है कि इन संधियों के वितरण के तीसरे चरण में स्टेट बैंक चुनाव संधि-पत्र प्रसारण स्थल-वितरित करने के लिए अधिकृत नियुक्त किया गया।	वित्त- मंत्रालय ने एक कहा कि इन नीति के लिए इन प्रौद्योगिकी-अपराध-पत्रों के लिए इन-बालिक-पत्रों को वापस खरीदने के लिए, उन्होंने आवेदन किया।
22	सर्वेक्षण के अनुसार ग्रामीण और शहरी क्षेत्रों में लगभग दोगुना वृद्धि हुई है। नीति के मुख्य कार्य करने वाली अधिकारी ने कहा कि सर्वेक्षण के नतीजे के अनुसार शहरी क्षेत्रों की अपेक्षा ग्रामीण। क्षेत्रों में उपभोग तेजी से बढ़ रहा है।	सर्वेक्षण के अनुसार, क्षेत्र के क्षेत्र में लगभग क्षेत्र में लगभग एक सौ से अधिक से अधिक-छरों का मुख्य क्षेत्र में स्थापित हुआ है। उन्होंने कहा कि क्षेत्र में भारी बारिश के कारण-क्षेत्रों में भारी बारिश हुई है।
10	सूचनाप्रसारण मंत्री अनुराग सिंह ठाकुर ने भी आज सशस्त्र सेना के ध्वज दिवस के अवसर पर सभी को नमस्कार किया।	सूचनाप्रसारण मंत्री अनुराग सिंह ठाकुर ने भी आज सुरक्षा के लिए सभी सेना के लिए धन्यवाद दिया।
2	शान्त होइए	शान्त हो जाओ
9	हरिद्वार''उन्होंने निर्देश दिया कि उन्हें समर्थन पाने का प्रयास करना चाहिए।	हरिद्वार में "आप'इस विषय को बनाने के लिए निर्देश दिया जाना चाहिए।
6	इस संबंध में भारत केरिजर्व बैंक की अनुमति ली गई है।	इसके लिए भारत की  ⁇ udget का घोषणा है।
27	आयुष्मान भारत-प्रधानमंत्री जन-स्वास्थ्य-योजन के तहत राज्य में उत्तम स्वास्थ्य सुविधाएं प्रदान करने के लिए राज्यपाल शिव प्रताप शुक्ल ने शुक्रवार को ऐतिहासिकरिजाल में आयोजित को गणतंत्र दिवस समारोह में इन्दिरागांधी का उद्घाटन किया-आयुुर्विद्या महाविद्यालय के वरिष्ठ चिकित्सितक्षक डॉ. राहुल रण ने प्रशंसा पत्र देकर प्रशंसित किया।	अंतर्राष्ट्रीय-भारत के प्रधान मंत्री नरेंद्र मोदी ने राज्य-विदेश के तहत राज्य के तहत राज्य के विभिन्न पर्यटन परियोजनाओं के लिए राष्ट्रीय स्वास्थ्य सेवाएं आयोजित की हैं। शुक्रवार को राष्ट्रीय विज्ञान-राष्ट्रीय-राष्ट्रीय-राष्ट्रीय-राष्ट्रीय-राष्ट्रीय-राष्ट्रीय-राष्ट्रीय-राष्ट्रीय-राष्ट्रीय-राष्ट्रीय-राष्ट्रीय-राष्ट्रीय-राष्ट्रीय-राष्ट्रीय-राष्ट्रीय कार्यक्रम का आयोजन किया गया।
4	प्रतीक – जरूर कहूँगा।	दुकानदार – अवश्य ही सुनूँगा।
7	अयमावासीय प्रबोधनवर्ग जनवरी से जनवरी तक चला।	इस प्रतिक्रिया का निर्णय जनवरी तक शुक्रवार को होगा।
6	तो हम एक छोटा नाटक करते हैं।	तो हम दोनों एक साथ घड़ा करते हैं।
6	हारे हुए मुसलमान लोग ब भी उपद्रव शर्थात् धूम धाम नहीं छोड़ते।	पक्षी भी हरी के द्वारा कल भी नहीं जड़ते हैं।
6	जिसके तहत राज्य सरकार अनाथ बच्चों को सभी खर्च करती है।	जिसके तहत राज्य सरकार की सभी प्रकार की बालिका बनाती है।
4	बेल के पेड़ से सारे पत्ते गिर गए हैं ।	बिलू ऋतु में सभी ऊँचा उड़ गए।
8	वह बोली – पुत्र ! पानी ठंडा है।	वह बोला – मैं देश का जल ठंडा है।
13	इस सेमिनार के साथ छात्रों के बीच, शोध छात्रों में, प्रतिभागियों को भारतीय शिक्षा प्रणाली और नई शिक्षा नीतियों पर विशेष ज्ञान भी प्राप्त होगा	इसके अलावा, छात्रों के लिए छात्र, छात्रों, शोधकर्ताओं और भारतीय संस्थानों के लिए भारतीय शिक्षा के लिए नई शिक्षा नीति के लिए एक नई शिक्षा नीति बनाई जाएगी।
9	वहाँ निज रामदास की सहायता से उस महापुरुष शंकरदेव का परिचय हुआ।	वहाँ अपने मन में राम की सहायता से, उनके लिए, श्रीरामदेव-देवदेवगण के साथ वार्तालाप किया गया।
6	नहीं. आज स्नानघर में नहीं गाऊँगा।	नहीं आज स्नानगृह में नहीं गाऊँगा।
6	वाट्सएप में तो संस्कृत पाठन बहुत अच्छे से चलता है	कुछ-जैसे संस्कृत का अध्ययन तो संस्कृत पढ़ने का बहुत ही चलता है।
21	छात्र उन शिक्षा शिक्षकों से शिक्षण प्राप्त करते हैं, उन्हें अग्रिम काल में वाणी की भावना से अपना जीवन बिताते हैं, देश के विकास के लिए, स्वयं की उन्नति के लिए और कार्य के लिए, जैसे शिक्षा की आवश्यकता होती है।	छात्र उन शिक्षा के लिए शिक्षित हो रहे हैं, वे देश के विकास के समय से देश के विकास के लिए, देश के विकास के लिए, राष्ट्र कल्याण के लिए, अपने विकास के लिए, शिक्षा के लिए, शिक्षा के लिए, शिक्षा के लिए, शिक्षा के लिए, शिक्षा के लिए, शिक्षा के लिए, शिक्षा के लिए, शिक्षा के लिए, शिक्षा के लिए, शिक्षा के लिए, शिक्षा के लिए, शिक्षा के लिए, शिक्षा के लिए, शिक्षा के लिए, शिक्षा के लिए, शिक्षा के लिए, शिक्षा के लिए सुविधा के लिए सुविधा के लिए सुविधा की आवश्यकता की आवश्यकता की आवश्यकता की आवश्यकता की आवश्यकता की आवश्यकता की
6	घटना के बाद शिक्षक घर से भाग गया है।	घटना के बाद शिक्षक घर से बाहर है।
5	हम समाज को क्या देते हैं ?	हम समाज को क्या देते हैं ?
1	चट्टान	एक साथ
11	यदि हम हिमाचल में शुरू करते हैं तो बाहर राज्यों को भी अच्छा सन्देश भेजना चाहिये।	यदि हम हिमाचल से शुरू हुए हैं तो राज्य के बाहर भी अपने घर भेज दो।
5	फिर भी सामा बहुत गुणवती है ।	फिर भी सामान बहुत गुणों का स्वभाव है।
15	जयश्रीराम के घोषणों से आकाश काँप गया।''रामलल्ला हम हैं, मन्दिर यहीं बनाये जाते हैं''यह जयघोष था।	जयनाथ के घोषणा के कारण, चन्द्रयान के लैंडर में''हैस''इसकी सड़क का नाम बन गया।
10	आप केवल खाते हैं, न पढ़ते हैं न कोई कार्य करते हैं ?	आप केवल अन्न पढ़ाता है, नहीं तो काम करता है।
5	विद्यालय के प्रार्थना सत्र में वह संस्कृत गीत गाती है।	विद्यालय में वह संस्कृतदिन गीता गीत गाती है।
9	उसी क्रम में और बीच में स्नातक पद और स्नातकोत्तर उपाधि प्राप्त हुए।	उसी प्रकार इसी प्रकार इसी तरह सुमधुर वर्ग का पुरस्कार और पाया गया।
4	किस राग की वेला है।	किसकी दृष्टि से बहुत समय है।
3	कागजातों को फाइल में संगृहीत करता है।	पत्रिका की दूकान में डंडाियाँ बनाता है।
3	विविध व्यंजन मिलते हैं।	विविध लताओं को लताओं से भरते हैं।
14	भारत- इंग्लैंड के बीच खेले गए टेस्ट क्रिकेट टूर्नामेंट के पहले मैच में भारतीय गेंदबाजों का प्रदर्शन अच्छा रहा।	भारत- इंग्लैंड के बीच खेले गए टेस्ट क्रिकेट क्रिकेट क्रिकेट क्रिकेट क्रिकेट क्रिकेट टूर्नामेंट में भारतीय क्रिकेट टीम ने अच्छा प्रदर्शन किया।
4	आधी रात एक बजे जागूँगा।	सूर्य के बाद एक बजे तुम घर पहुँचूँगा।
8	वह कहती है - तुम सबके दोनों चरण संगीत के अनुसार रखो।	वह मैं भी तुम्हारे दोनों से भव्य कार्यक्रम के अनुसार भव्य संगीत स्थापित किया।
1	प्रकाशना	प्रकाशना
17	बौद्धिक सत्र में बोलने के रूप में उपस्थित हाटा प्रतापपुर जिले के श्रीकृष्ण-इंतर-महाविद्यालय के प्रिंसिपल डॉ. उमानाथ तिवारी ने कहा कि संस्कृत भाषा के विशेषता का व्याख्यान करते हुए संस्कृत भाषा संस्कारित हो रही है।	बौद्धिक सत्र के उद्घाटन सत्र में श्री लाल बहादुर शास्त्री-डिला-विश्वविद्यालय के पांडिक-विश्वविद्यालय के डॉ. पी.के.के. ने कहा कि संस्कृत में विशेष रूप से संस्कृत भाषा का विशेष रूप से अध्ययन किया जा रहा है।
8	पिछले एक वर्ष सरकार ने तीन प्रतिज्ञा पूरी कर ली हैं।	पिछले एक वर्ष सरकार ने तीन प्रतिज्ञाएं पूरी कर ली हैं।
5	उसे देखकर सभी प्रसन्न होते हैं।	उसको देखकर सभी खुश होते हैं।
15	इस प्रकार विलाप कर के भयभीत होकर श्रीरामचन्द्रजी बोले हे प्रभो! आपकी कृपा से इस श्मशान के आने हुए का कृत्य करना चाहता हूँ।	इस प्रकार कहकर प्रसन्न होकर भरत ने श्रीराम से कहा हे राम ! आप मुझे बहुत से मार दो।
1	अनेक प्रकार की	अनेक प्रकार के
8	रावेल और रेंटिला गांवों के क्षेत्रों में आसमान से गोल चट्टानें गिरीं।	मिहली जिले के तटीय क्षेत्रों में ही समुद्र में एक तालाब पर घूस से एक मारी हुए।
1	मुसीबत	अकाल
22	फिलिस्तीनी स्वास्थ्य मंत्रालय ने कहा कि बुधवार तक गाजा में लगभग 11,000 लोग मारे गए थे। इनमें 4,324 बच्चे शामिल हैं। विश्व स्वास्थ्य संगठन की रिपोर्ट है कि वहां हर दिन औसतन 160 बच्चे मरते हैं।	विदेश मंत्रालय ने कहा कि रविवार को नई दिल्ली में गिरफ्तार किया गया है। भूकंप के कारण देश के लोग देश के कई राज्यों में तीन करोड़ से अधिक लोग मारे गए हैं।
6	मेरे घर में एक ग्रन्थ है।	मेरे घर एक ग्रन्थ है।
3	उससे अण्डे नष्ट हो गए।	उसके द्वारा चक्से हुए।
7	हालांकि तीन साल के समय का आवंटन बढ़ाकर किया गया।	यह भी तीन वर्षों के बाद समय बाद बढ़ गया।
8	इस संबंध में मंगलवार को झारमा जरीिस्तान में घटनास्थल से आवश्यक साक्ष्य एकत्र किया गया।	इस संदर्भ में चीन ने मंगलवार को पुलिस हवाई अड्डे की घटना को दूर करने के लिए आवश्यक कदम जारी किया है।
3	पासवर्ड मत भूलिये।	पासवर्ड भूलियेगा।
36	इस अवसर पर मुख्यमंत्री श्री पुष्कर सिंह धामी ने देवभूम उत्तराखंड की समस्त जनता की ओर से प्रधानमंत्री श्री नरेन्द्र मोदी का स्वागत किया और कहा कि समय-समय पर भारत में कई महान हस्तियों ने ताज की सुंदरता को बढ़ाने में अपना योगदान दिया है।	इस अवसर पर मुख्यमंत्री श्री कमल सिंह ने उत्तराखंड के प्रमुख श्री हरिधीन लोगों को संबोधित किया और कहा कि सभी लोगों को भारत के लिए प्रधानमंत्री नरेंद्र मोदी ने भारत के लिए कई लोगों को सशक्तिकरण के लिए प्रेरित किया है।
10	लेकिन इसी समय भवननिर्माण मंत्री, मुख्यमंत्री अखिलेश कुमार और निकट सहायक को स्वीकार किया गया था।	लेकिन इस समयखंड में निर्माण के लिए मुख्यमंत्री, मुख्यमंत्री और अखिलेश कुमार के साथ एक करोड़ रुपये का प्रावधान किया गया।
5	शर्मा सङ्गनेर विधानसभासन से विधायक हैं।	राजेश धर्माणी विधानसभा के लिए विधायक हैं।
3	लोगों को प्रवृत्त करने के लिए अच्छा समय है।	समझे गये गये
13	उन्होंने स्वास्थ्य विभाग को निर्देश दिया कि चिकित्सकों के कार्यों को सुव्यवस्थित बनाने के लिए अधिकारियों के विवरणों को डिजीटल किया जाना चाहिए।	उन्होंने स्वास्थ्य विभाग को निर्देश दिया कि बिजली के तहत सुधारियों के लिए सुैन करने के लिए अधिकारियों को नियुक्त किया जाना चाहिए।
7	इन सुगंधित पदार्थों को छोड़कर देवता का पूजन कभी नहीं होता।	ये लोग तो भी आभूषण (बुराड़) के द्वारा श्रद्धा से देवों को नहीं जानते हैं।
3	शोभना ने आलस छोड़ दिया।	सुममा भाई ने आलस छोड़ दिया।
8	तब उस मारे हुए मृग को लेकर जाते हुए शिकारी ने भयंकर सुअर देखा ।	तब भीम ने उन दोनों के द्वारा पूछा कि इस दुष्ट कुल को लेकर पर्वत पर चढ़ गया।
18	इस कार्यक्रम में, जो इस महीने की नववीं तारीख से पंद्रह तारीख तक आयोजित किया जाएगा, विभिन्न विषयों पर आधारित प्रदर्शनियां भी संग्रह की जाएगी और वरीवरीयता दी जाने के अर्थ में कला और वास्तुकला का प्रोत्साहित किया जाएगा।	इस महीने के नए हिस्सों में लगभग 70 लाख से अधिक कार्यक्रमों तक आयोजित की जाती है। इससे, कार्यक्रम में विभिन्न नई दिल्ली में भी भाग लेने के लिए विभिन्न नई प्रौद्योगिकी स्थलों का उपयोग किया जाएगा।
8	इस प्रकार परिणामस्वरूप हिन्दू समुदाय खण्डशः विभाजित हो गया।	यह विषय देश के आसपास से विश्वविख्यात हो गया।
5	सुमधुर स्वर में उसने गाने गाए।	सुमधुर स्वर में उसने गाना गाया।
3	मैं भूमि पर गिर गया।	मैं भूमि पर गिर गया।
6	आप फोन कर लें ऐसा कही थीं।	आप फोन से सुनिये कि बताओ।
6	तुम्हारे घर किसका वृक्ष है ?	तुम्हारा घर किसका वृक्ष है ?
11	मनुष्य को अत्यन्त सरल और सीधा भी नहीं होना चाहिए। वन में जाकर देखो, सीधे वृक्ष काट दिए जाते हैं और टेढ़े-मेढ़े गांठों वाले वृक्ष खड़े रहते हैं।	कोई भी व्यक्ति अपने शरीर में स्थित नहीं हैं। जैसे हाथी के पास जाकर राजाओं को नहीं छोड़ते हैं। जैसे राजा के पास दौड़ते हैं।
11	इस वर्ष नवम्बर महीने में भारत के विनिर्माण क्षेत्र में कम मूल्य वाला बाजार, कठोर शब्दों से यह लगातार एक अच्छा प्रदर्शन हुआ।	इस वर्ष नवंबर में भारत के निर्माण के लिए सबसे अधिक वृद्धि हुई, और गौरव के कारण इन सभी ने प्रदर्शन किया।
21	समारोह में मुख्यमंत्री योगी पाण्डे लखनऊ में रहे आवास पर तिरंगा झंडा फहराया गया. ऑडिशा के भुवनेश्वर शहर में महात्मा गांधी की सड़क पर आज सुबह राज्यपाल रघुबरदास ने राष्ट्रीय ध्वज फहराया.	समारोह में मुख्यमंत्री मनपति श्री हरिनाथ-मॉदी-नगर के पास के वेलांग-नगर के पावर में स्थित-अमहहहहह-नगर के श्रीनगर के श्रीनगर के श्रीनगर में कल शाम को श्रीनगर में राष्ट्रीय श्रीनगर पहुंचे।
5	सर्प (कुटिलपुरुष) मार्ग में टेढ़ा-मेढ़ा चलता है।	जीभ से फल लेता है।
2	मैं दूँगा।	मैं जाऊँगा।
4	वह बुद्धिमान् ( इन्टेलीजेंट ) है ।	वह मेहानी है।
6	जो लोग ब्रह्मा जी के एक दिन की अवधि जानते हैं जो कि सहस्र वर्ष की है तथा एक सहस्र वर्ष की अवधि की एक रात्रि को जानते हैं वे दिन और रात्रि को जानने वाले पुरुष हैं।।	हे भारत ! आप दोनों (संन्यास) प्रथम (संन्यास) प्रथम (बंधी) रूप में स्थित हैं, (मेरे हुए) (मेरे हुए) (मेरे हुए) (मेरे हुए) के तीन (स्यों) को) (स्वारा) (पात्मा) कहा गया है।।
5	उनका सात्विक स्वभाव सबको पसंद आता है।	उसकी सास में सफाई सबको पसंद है।
12	विधानसभा अध्यक्ष ऋतुखण्डूरी भूषण तिवारी ने कहा कि यू.एस.सी.बिल पेश करते समय चर्च को काफी समय के लिए हिमसंस्कृत समाचार का प्रचार किया जा रहा है।	विधानसभा अध्यक्ष ने नदी के मेघवागब में कहा कि मछली के अध्यक्ष संजय कुमार के नेतृत्व में चर्चा की जाती है।
7	माता पिता भी इसके पालन की आवश्यकता है।	माता पिता भी इस काम के लिये आवश्यक है।
8	यहाँ नासिक स्थल की परम्परा-विधि का अद्भुत संयोजन दरीद्रवी ने देखा।	यहाँ नर्मड़ा-पैर-पह आदि के लिए स्थित तथा महागुणों का उपयोग किया गया।
16	न्यायाधीश की न्यायाधीशीय पीठ ने सञ्जीवखन्नावर्य और दीपांकर दत्तावर्य को प्रतिपादित किया था कि वे दिल्लीाबाद न्यायालय के आदेश पर हस्तक्षेप करने के लिए समीप नहीं हैं।	न्यायाधीश ने न्यायाधीश पद के अधिकारी एवं खेल कुमार चौहान को बधाई दी, और कहा कि वह कैउम्जर्वन के माध्यम से प्रशासन के अधिकार को आदेश देने के लिए आदेश नहीं दिया जा रहा है।
6	राधवेन्द्र कपिलदेव की तरह क्रिकेट खेलता है।	महाराणा प्रतापदेव देवदेव के द्वारा खेलता है।
6	जांच के दौरान सत्येन्द्रसिवाल के बारे में सूचना मिली	खोज के दौरान सत्य मंत्री ने अपनी सूचना प्राप्त की।
10	एशिया से दो, अफ्रीका की चार टीमें और दो एसोसिएशन क्वार्टर फाइनल के लिए क्वालीफाई करेंगी।	एशिया से दो, और ऑस्ट्रेलिया के दोवें मैच के बाद, और श्रीलंका के दोवें स्थान पर हैं।
10	ब्राह्मण अतिथि अग्नि का सदृश घर में प्रवेश करता है। उसकी इस प्रकार से (चरण धोने हेतु जल देकर) शान्ति करते हैं। हे यम जल ले जाइये।	(देजा) अपने घर में प्रवेश करते हुए (आप) साढ़े (ब्राह्मण) के घर में (ब्राह्मण) सागना (बुरा) के घर में (जैस) साढ़े (द) साढ़े) साढ़े (पाजा लेता है, वह (द्यों के घर) के समान साधा (उधर) है।
14	साथ ही डॉ. रोशनी असवाल ने एवं प्रियम-अग्रवाल ने सफलता के लिए हार्दिक बधाई एवं शुभकामनाएं दीं	साथ ही डॉ. पी.के. ने ओ.एस.एस. के लिए प्रियिवु-उन्होंने छात्रों को बधाई दी और छात्र एवं छात्र के रूप में शुभकामनाएं दीं।
5	रास्ते में उसने भोजन नहीं खरीदा।	रास्ते में उसने भोजन नहीं खरीदा।
5	अतिथि बहुत समय तक घर में रुका	अतिथि बहुत से लेकर घर में बहुत से युवक हुए।
4	मैं स्नान करना चाहती हूँ	मैं स्नान करना चाहता हूँ।
13	भारत-ऑस्ट्रेलियाई टीमों के बीच मुकाबला-20 क्रिकेट परंपरा के तीसरे और आखिरी मैच में भारत की शानदार जीत.	भारत-भारत के बीच खेले गए मैच में इंग्लैंड ने तीसरे स्थान पर भारत को हरा दिया. और तीसरे मैच में तीसरे स्थान पर भी जीत जीता.
6	पत्नी का भाई ने इस मामले को दर्ज किया।	पत्नी की पत्नी ने यह घोषणा की।
5	नीम को कितना भी शुद्ध क्यों न किया जाए वह आम नहीं बन सकता।	संस्कृत का महत्व महान अमृत के साथ नहीं होता है।
5	क्या तुम दही मथते हो ?	तुम लड्डू पीते हो क्या ?
1	पर्वत के	पहाड़
1	प्राप्त हुआ।	गया
5	मैंने इस बाघ के प्राण बचाए,	मैंने इस विषय पर ध्यान दिया।
13	अन्य छात्रों ने कहा कि पंकज कुमार सर्वकारी फार्मास्युटिकल संस्थान में फार्मास्युटिकल में डिप्लोमा ( 2021-23 सत्र) कर रहे थे।	अन्य छात्रों ने कहा कि सरकार मौजूदा वर्ग के लिए 23 करोड़ रुपये का खर्च कर रहे थे।
5	केरल में पर्व का नाम बिशु है।	केरल में भूमि का नाम है।
1	पलंग	छाता हुआ
4	तू आलसी रहता है उद्योग क्यो नहीं करता ?	तुम दोनों के पास खड़ा नहीं होते हो।
9	नंबर प्राप्त हुआ-श्रीलंका4 थ्रोइंग राउंड में 105 रन बनाकर आउट हुए।	श्री रेकिसल - श्री स्टेडियम में 40 से 40 रनों के साथ पहुंच गए।
8	आपके द्वारा क्षोभित होने पर महत्तत्व उत्पन्न होता है। आपकी प्रेरणा से ही महत्तत्व से अहंकार उत्पन्न होता है। महत्तत्व से संवृत अहकार तीन प्रकार का हुआ, वह सात्विक, राजस ओर तामस कहा जाता है। ॥	आप लोग इस प्रकार के द्वारा रचित, अयोग्य, अयोग्य, असंग, अचल, अचल, अचल, अचल, अचल, अचल, अचल, अचल, अचल, अचल, अचल, अचल, अचल, अचल, अचल, अचल, अचल, अचल, अचल, अचल, अचल, अचल, अचल, अचल, अचल, अचल, अचल, जीव, जीव, जीव, जीव, जीव, जीव, जीव, जीव, जीव, जीव, जीव, जीव, जीव, जीव, जीव
3	मूर्ख नहीं पढ़ता	नारियल नहीं पढ़ता है।
5	श्रीमान ने पूरे व्याख्यान का सारांश दिया।	आचार्य ने पूरा विश्वदान के आधार पर बड़े रूप से व्याख्यान लिया।
19	पथिक बोला- किस प्रकार हिंसारूप तेरे में विश्वास (हो) ? शेर बोला- “सुन रे पथिक! पहले ही जवानी में ( मैं ) बहुत दुराचारी था।	इस प्रकार कहकर वह गीदड़ बोला- “हे मित्र ! तुम मेरे पति के मुख से इस प्रकार कहकर तुम बहुत डर गए।
5	दरिद्र हमेशा माँगते हैं।	निर्धन हमेशा प्रयत्न करते हैं।
6	उनकी भाषा भी संस्कृत थी	उनके भाषा भी संस्कृत थी।
10	इससे राज्य की प्रतिबिंब को कलंकित कर दिया जाएगा, निवेशक राज्य से दूर रहते हैं।	इससे राज्य के प्रसिद्ध तट पर ईजि होगा, और दूर से दूर से दूर हो जाते हैं।
11	भारत-रूस में इस संधियों के सहयोग को देखकर सभी देश आश्चर्यचकित हो जाते हैं।	भारत-अवहारिक बीच यह होगा कि इस देश में सभी कौरवों को देखकर पूरे देश में देखने में समर्थ होते हैं।
8	जो कोई अनादर पूर्वक भी किसी से अध्यात्मरामायण का श्रवण करता है, वह भी पातकों से मुक्त हो जाता है ॥	जो व्यक्ति श्रीराम जी के द्वारा रचित होकर भी बोला "मैं तुम्हें भी नहीं जानूंगा", वह तो मुझे भी जान दूंगा", क्योंकि यह वाक्य ही है।
4	सब कुछ संस्कृत भाषा में ही प्रस्तुत किया जा रहा है।	सब जगह संस्कृत का ही आधार है।
4	शोध की मुख्य विषय है तत्संबंधी विकास की पूर्ण उत्कर्षण।	वैज्ञानिक ने कहा कि इस नीति का पूर्ण उपयोग किया गया है।
10	न्यायिक विशेषताओं ने लगभग पांच घंटे तक उद्योग के अंदर और बाहर खोज कर प्रतिरूपों को इकट्ठा किया।	न्याय के लिए लगभग पांच हजार से अधिक घायल हुए और घायल हो गए हैं।
5	अवधेश किसका बड़ा भाई है?	विभु बहन किसका भाई है?
10	दिसंबर में बर्फबारी के बाद मंदिर बंधन समिति के अध्यक्ष उपविभागीय पदाधिकारी चौपालनारायण चौहान ने चूड़धार यात्रा संबंध में अधिसूचना जारी की।	दिसंबर को बर्फबारी के बाद मंदिर के बाद मंदिर सम्मेलन के अध्यक्ष राकेश कुमार चौहान ने चूड़धार पर अधिसूचना जारी की है।
1	चक्रवाक (चकवा) आदि पक्षी गणों से सुशोभित	पहाड़ के समान कल
10	इस कार्यक्रम में कांग्रेस के वरिष्ठ नेता राहुल गांधी और प्रियंका गांधी शामिल होंगी.	इस कार्यक्रम में कांग्रेस पार्टी के वरिष्ठ नेता, राहुल गांधी और प्रियंका गांधी भाग लिया गया।
6	जब यह क्रमशः 9 वर्ष है।	जब यह रेलगाड़ी है, तब वर्ष है।
1	झगडा	पैर
3	अपने सामर्थ्य अनुसार काम करना चाहिये।	अपने कर्तव्य के अनुसार काम करना चाहिये।
1	सुनता हूँ	सुनिए
6	एक दिन वह घर जाने के लिए छुट्टी चाहता था।	एक घर से घर आता है या प्रार्थना करता है।
3	भौंरा फूल का मकरंद पी रहा है।	पक्षी फूल का रस पीता है।
5	ओह वह नहीं सुनता है ।	ओह वह नहीं सुनता है।
1	अकर्म के प्रति लगाव , दोस्ती ।	अपने कर्तव्य के लिए
5	आज शाम को वह नारियलपाक बनाएगा।	आज शाम को वह नारियलश का निर्माण करेगा।
6	मैं अब काम में फंसा हुआ हूं।	मैं अब काम के लिये हूँ।
4	वह रंगमंच की व्यवस्था देखती है।	ग्वाला की व्यवस्था के लिये वह व्यवस्था देख रही है।
9	गुरुवार को सेनसेक्स ने दिन के सबसे नीचे से लगभग 1,000 अंकों की बारिश की।	गुरुवार को सेन्सेक्स ने सेन्सेक्स के दिन लगभग 30 किलोमीटर की हानि की।
6	कल निवेदिता, विद्यालय की शिक्षिकायें आयी थीं। ।	कल मेज़ा विद्यालय से शिक्षक आए।
3	ये पुष्प है ।	यह फूल है।
8	अहमदाबाद में भक्त श्रेष्ठ लादूराम नामक एक ब्राह्मण शिष्य थे।	मैं तीसरे पुरुष को श्रीराधा का नाम और दिव्यता था।
5	नीम को कितना भी शुद्ध क्यों न किया जाए वह आम नहीं बन सकता।	संस्कृत का महत्व महान अमृत के साथ नहीं होता है।
11	मेरा विद्वत्ता, मेरा धन, परम पूज्य पूजनीय इत्यादि सब कुछ तुम ही हो यह शुभ है।	मेरा जन्म लिया गया है, मेरे धन का परम धाम है, देवों का देवता है, यह भी है, यह ही है।
4	दीपक आर्य संस्कृत जानता है।	दीपक की आज्ञा संस्कृत जानती है।
5	कल रात सम्मान समारोह हुआ।	कल रात सम्मान का सम्मान हुआ।
6	विभा – कहाँ है वो ?	विभा – कहाँ है ?
6	परीक्षा केंद्र में प्रवेश से पहले छात्रों के लिए घनी परीक्षा होगी।	परीक्षा केंद्र में पहले सुबह तक कक्षा का परीक्षा होगा।
4	स्वरा पिछले सप्ताह इटारसी गई थी।	अपने कार्यालय में पिछले महीने तक साउंडई हुई।
37	आयोग के संचालन के लिए कितने कर्मचारी पर्याप्त होंगे, ऑनलाइन चयन परीक्षा के लिए कितने संसाधनों की आवश्यकता होगी, इसके बारे में भी प्रस्ताव शीघ्र ही तैयार करके सरकार को भेज दिया जाएगा। दिसंबर माह के पहलेसान समिति की सराहना से यह कार्य सफल हो जाएगा ऐसा विश्वास है।	आयोग ने आदेश दिया कि शैक्षणिक संस्थानों के लिए शैक्षणिक परीक्षाएं चयन किया जाएगा, कैसे परीक्षा के लिए कितना दिनों के बारे में भी शैक्षणिक निर्णय किया जाएगा यह निर्णय भी पूरा है। यह निर्णय किया जाएगा कि सरकार ने इस उद्देश्य को पूरा करने के लिए प्रतिज्ञा की अनुमति दी है।
7	महान् वीरता को प्रदान करने के लिए गुरुजी सेनापति से किसी प्रकार बाहर निकल गए।	सेना के वीरों ने गुरु के द्वारा कहा कि गुरु के पास जाना चाहिए।
9	नई हिमपात के कारण अटलकन्दरा को कोई भी वाहन की अनुमति नहीं है।	नईकी परियोजनाओं में पुल की तीव्रता से कोई भी रेल का ऋण नहीं है।
9	कांग्रेस पार्टी की "ट्रैक रिकॉर्ड" प्राक्तन कार्य में लीनताओं और भ्रष्टाचार से भी बचा रहता है।	कांग्रेस पार्टी के"मेरी"इस फिल्म को स्मरण के लिए अन्य नियमों का उपयोग किया गया है।
11	एक समाचार के अनुसार, चेल्सी इस्लान ने आज ही एस.एस. राव कोमौली के इंस्टाग्राम में अनुसरण किया।	एक संवाद के अनुसार, कैफेल में आज ही एसएसएसएसएसएस के नाम पर एक नया काम किया गया।
9	इसके साथ मुख्यमंत्री कार्यालय ने भी उनसे संपर्क किया है।	इसके साथ मुख्यमंत्री ने भी कार्य के साथ बैठक की है।
11	सब शुद्धियोंमें धनकी पवित्रता हो श्रेष्ठ कही है क्योंकि जो धनमें शुद्ध है वही शुद्ध है मिट्टी और जलकी शुद्धि शुद्धि नहीं कही जाती - [भाव यह है कि जो पराया धन नहीं हरता और न्यायसे धनोपार्जन करता है, वह शुद्ध है और जो अन्यायसे द्रव्य हरता है, किन्तु मिट्टी लगा लगाकर स्नान करता है, वह पवित्र नहीं है]	सभी विद्याओं के द्वारा ही विद्या उत्पन्न हो जाते हैं। (क्योंकि) दूसरे के द्वारा ही भाग्यवान होते हैं। (शान्तों के द्वारा (शड़े) के द्वारा (शान्त) भी (शैसे ही) धन को प्राप्त करते हैं। (अर्थात् अयोग्य (अर्थात् अयोग्यता से) मनुष्य के लिए (पूषित (पूषित) होता है।
6	लोसर के बारे में तिब्बती चर्चा में बहुत उत्साह था।	संक्षेपित विषय पर विश्व गुरु जी की बहुत उत्साह से थे।
4	बड़ा बेटा हाँगकाँग रहता है।	बड़ा बेटा का मगरमच्छ में रहता है।
4	अपने मोक्ष के लिए और समाज के कल्याण के लिए।	अपने कर्तव्य के लिए और जगत् के हित के लिए।
4	कार्तिकेय अच्छा इंजिनियर है ।	कारिकिमा श्रेष्ठ दूत है।
1	बन्दर	बन्दर
12	तीन दिन पहले, फडनिस की स्वास्थ्य के सहसा नष्ट होने के बाद अस्पताल में भर्ती थी।	चट्टान के स्वास्थ्य विभाग के स्वास्थ्य दिन तीन दिवसीय दिन पहले अस्पताल में प्रथम बार अस्पताल थी।
9	उनका अंतिम विश्राम स्थल लंदन के विंस्टर पैलेस में जॉर्ज  ⁇  मेमोरियल चैपल में है।	लेंडियन मंदिर में मालिक मंदिर में शनिवार को मंदिर में प्रवेश हो रही है।
4	दोनों पुत्र धन भेजते हैं।	दोनों बेटे घर से भेजते हैं।
17	चिन्त पूर्णी भाजपा के अध्यक्ष रविंद्र द्विवेदी ने कहा कि चिन्त पूर्णी के विभिन्न मार्गों का विस्तार दो करोड़ रुपये के साथ होगा।	विचारदा भाजपा के अध्यक्ष मनीष शुक्ल ने कहा कि सरदार पटेल विश्वविद्यालय के दो सदस्यों के लिए एक करोड़ रुपये का खर्च किया जाएगा।
12	या तो ममत्व बिलकुल छोड़ दे और यदि न छोड़ सके, (ममत्व करना ही हो) तो सर्वत्र करे	यदि कोई भी धन नहीं है तो वह धन का त्याग करने में समर्थ नहीं हो सकता है। परन्तु वह मनुष्य अपने जीवन को प्राप्त करने में समर्थ नहीं हो सकता।
1	बारहवीं नक्षत्र	समय
5	जो कल्याणकारी गुण हो, उन्हें हमें दीजिए	जो प्रिय वचन सुने वह रोगी है।
9	विद्यालय परिसर से मिलन-चौक तक बैठकें हुईं। फिर विद्यालय आकर वह पूर्ण हो गया।	विद्यालय से लेकर स्कूली शिक्षाशालिन ने फिर से विद्यालय तक फिर से विद्यालय गए।
10	कमलेश्वर डोडियार ने कहा कि कार्यकर्ताओं ने चुनाव में उसकी शक्ति की मदद की।	कमलेश्वर ने कहा कि भाजपा कार्यकर्ता ने कार्यकर्त्ताओं को उसका सहायता दी है।
10	इसीलिए उनके लिए निर्णायक उपदेश है कि मन को शान्त करना साधना चाहिए।	इससे एक निर्णय है कि जो यूप्य मन में सुख है, वह कर्म करना चाहिए।
1	छिपा हुआ	छिपाया
10	हे नाथ हे लक्ष्मीपते! हे दुःखदलन व्रजराज ! हे जनार्दन ! इस कौरवोंकी सभारूपी समुद्रमें डूबती हुई मुझको बचाओ ! ॥	हे प्रभो ! आप सब कान कमलों के स्वामी भगवान् नारायण के समान मेरे चरण-कमलों से मेरी सेवा करो।
6	आज मेरे मित्र के घर वेदकथा है।	आज मेरे मित्र के घर वेदकथा है।
9	राष्ट्रीय राजधानी के तीर्थ स्थलों पर केंद्रीय मंत्रियों के साथ सफाई अभियान में भाजपा के नेता एक स्वच्छ मंदिर में एकत्रित हैं।	राष्ट्रीय राजधानी के राष्ट्रीय मंत्री सुरंगारारारारारारन के साथ, केंद्रीय मंत्री मल्लिकार्जुन गङ्गूड़गे और भाजपा के साथ हैं।
4	कौन कहाँ जा रही है ?	कौन जा रहा है ?
7	चित्रकला के प्रतियोगी होने के कारण सूरज बिजलवान ने प्रथम तथा तृतीय पुरस्कार जीते।	चित्रकला प्रतियोगिता और प्रथम पुरस्कार के साथ, और दक्षिणी एक सौ भाग लिया गया।
8	इसका आरंभ नरेंद्राचार्य ने किया, जिन्होंने 700 सूत्रों में व्याकरण किया।	इस पुराण में पुराण का उद्घाटन, जिससे 100 सूत्रों में सूत्रों का प्रयोग किया गया।
10	यह नाव 750 किलोमीटर की दूरी तक लहरें पकड़ सकती है।	35 किमी किमी से अधिक लहर में कम हो गए हैं।
7	इसने सौ रुपये लिये वा नहीं ?	भिखारी को तेल पिलाकर क्या ?
11	आंध्र प्रदेश के नंदयाल से गड़बड़ी का पता लगाया गया-विभाग द्वारा ही रोक लगायी गयी है. मानव संसाधन आयोग को अलेके में अनुबंधित रूप से हिरासत में लिया गया है।	जन समुदाय के मालिक-अवर्क विभाग ने ही उपवास किया है-विधरण के लिए मानने के लिए मानकों के लिए मान लिया जा रहा है।
9	ये दिलचस्प खबरें हैं-विपक्ष के नियमों का पालन कर रहे हित समाचार संगठन, सोशल मीडिया और यूजर्स पर लगेगा जुर्माना.	यह उन महान लोकवादी-न्यायशील प्रक्रियाओं के माध्यम से सामाजिक-आधारित और सामाजिक न्याय की दृष्टि से मजबूत हो जाएगी।
6	छात्र – तो क्या हो गया ?	छात्र – तो क्या हुआ ?
15	हे प्रभो! तुम ही मेरी स्नेहमयी जननी हो, मेरी मित्र (मित्र) हो। तुम ही मेरी मित्र (मित्र) हो।	हे प्रभो! मेरा ही आप ही है, मेरी माँ, मेरे माता पिता हैं, मेरे माता हैं, मेरे माता हैं, यह मेरा प्रिय है।
30	अर्वाचिनी-परम्परा में भी श्रीदेवराजाचार्य, श्रीवरदाचार्य, श्रीसुदर्शन व्यास भट्टाचार्य, श्री वीरराघवदासाचार्य, श्रीवादिहंसाम्बुजाचार्य, श्रीवेङ्कटनाथ वेदांताचार्य, श्रीमल्लोकाचार्य, आचार्यवरदगुरु, वरदनायक सूरी, अनन्ताचार्य, दोद्याय महाचार्य, सुदर्शन गुरु, श्रीनिवासाचार्य, बुच्चिबेंकटाचार्य, श्रीनिवासदीक्षित जैसे आचार्य अपने ग्रंथों में विशेषता से विद्वत्ता और सिद्धान्त को स्पष्ट रूप में और विस्तृत रूप में लिख	श्रीराधा-कश्मीर के परमंदकी तरह भी श्री लक्ष्मीदेव, श्री, श्रीविष्णु, श्रीविष्णु, श्रीविष्णुदेवी, श्रीविष्णु, श्रीविष्णु, श्रीविष्णु, श्रीविष्णु, श्रीविष्णु, श्रीविष्णु, श्रीविष्णु, श्रीविष्णु, श्रीविष्णु, श्रीविष्णु, श्रीविष्णु, श्रीविष्णु, श्रीविष्णु, श्रीविष्णु, श्रीविष्णु, श्रीविष्णु, श्रीविष्णु, श्री रामदेव, श्री रामदेव, श्री
3	जब वो रुकते हैं	वे जब वे सब देखते हैं
9	2026 में, हिमाचल प्रदेश देश का पहला ग्रीनहाउस राज्य होगा।	2023 के वर्ष हिमाचल प्रदेश में देश का पहला सौर स्तरीय ग्रीनहाउस होगा।
9	कभी हजारों सिंह, बाघ, भालू, गेंडा, सियार, खरगोशों से व्याप्त जंगलों को नगर बना देते हैं और कभी मन्दिरों, राजमहलों, अट्टालिकाओं, चौराहों, चबूतरों, उपवनों, सरोवरों और गोशालाओं से भरे नगरों को जंगल बना देते हैं।	शेर-बैंडा-बैंडा-बैंडा-बैंडा-बैंडा-बैंगों के साथ पूजा करता है, चंद्रपुर के किनारे पर गंगाजल-बैंगैग-बैंग-बैंगों के फूल-बैंगैज-बैंग-बैंग-बैंग-बैट्टों के फूल को पुष्पों के साथ सुशोभित करता है।
10	नहीं तो कैसे वह राजर्षि इस प्रकार की मीठी बातें करके इतने दिनों तक एक पत्र भी न भेजता ।	कोई भी राजा के द्वारा रचित उपदेशों को स्वीकार करके उपदेश के समय में लिखे हुए (क्यों को भी नहीं छोड़ सकता)
12	लोगों के मुख से संबोधित ननु जगति जीवितराजते चिरकाल तक समस्त- राष्ट्र की स्वाधीनता का जय हो संस्कृत को भारत की जय हो।	जनभाषा के बिना, धर्म के बिना सभी प्रकार के अन्न के स्थान पर संस्कृत भाषा का सम्मान करना चाहिए।
1	सज्जनों की बस्ती के	विख्यात है
1	चला गया।	चला गया
12	विघटित-आयोग के सचिव के साथ ⁇ a ⁇  जितेन्द्र कुमार की परीक्षा नियंत्रक, भर्ती-वह अभिलेखों और रक्षक के कर्तव्य थे।	छब्बीस-शिक्षकों के साथ सचिव जितेन्द्र सिंह, उनके साथ-साथ गोनहैन-पत्रों के लिए, उन्होंने महिलाओं के लिए, एक व्यापक व्यापारियों के लिए भी प्रसारित किया था।
5	किशोर की पत्नी अस्पताल में नर्स है।	किशोर का बेटा अस्पताल में अस्पताल में है।
9	सौहार्दपूर्ण वातावरण में आयोजित सम्मेलन में दोनों पक्षों ने भी अपना-अपने दृष्टिकोण प्रकट किये।	सुन्दरता के कारण स्थानीय वार्ता के विषय में भी अपनी चर्चा के कारण ही अपनी गई-बड़-बड़-बड़-बताया गया।
4	व्यक्त वाणी में और मन में जपना	बोलना चाहिए, विचार करना चाहिए।
10	हे अनघ ! पत्नी के वियोग का दुःख तो आपने अनुभव किया ही है। अतः आप मुझे शीघ्र ही वाली के पास भेज दीजिये। इससे आपको स्त्रीदान का फल प्राप्त होगा । ॥	हे पुत्र ! आप मेरे द्वारा इस स्त्री को पकड़ा गया, और मुझे भी मुझे एक साथ भी नहीं छोड़ दिया गया ॥
5	वह हिन्दी नहीं जानता है।	वह हिन्दी नहीं जानता है।
5	मित्र ने हाथ में सफेद सोटी पकड़ी है।	मित्र ने हाथ से बाहर निकलकर रोटी की।
4	यह पुस्तकें चुराता है।	यह पुस्तकें चबा रही है।
5	श्रेष्ठ जन अपने पालन करने वाले के उपकार को नहीं भूलते हैं।	वे भोजन के लिये पत्नी नहीं रहते हैं।
3	पेड़ से पत्ते गिरते है।	दो बकरियाँ गिरती हैं।
8	वाहन चलाने के समय अपना पालन करें और अत्यधिक विश्वास करें।	वाहनों के समय में अपनी प्रतीक्षा करें, और वेद की खोज करें।
4	वे दोनों वहां स्नान करते हैं ।	वे दोनों वहां स्नान करते हैं।
1	हम सब चलते हैं	चलते हैं
4	सिक्खों के पाँच बाहरी चिह्न कौन से हैं?	सिक्खों के पांच सौ रुपये कौन हैं?
9	और सूर्य और चन्द्रमा के समान अपने तेज से दिशाओं को देदीप्यमान करते हुए उन सर्वलक्ष्मण सम्पन्न राजकुमारों को देखकर पूछा ॥	हे राघव ! आप सब प्रकार के स्वामी, प्रसन्नचित्त और अपने आप सब प्राणियों के साथ मिलकर मिलकर अपने शरीर को छोड़कर, प्रसन्नचित्त, शरणागत, शरणागत, प्रसन्नचित्त, शरणागत, शरणागत, शरणागत, प्रसन्नचित्त, शरणागत, शरणागत, शरणागत, शरणागत, शरणागत, शरणागत, शरणागत, शरणागत, शरणागत, शरणागत, शरणागत, शरणागत, शरणागत, शरणागत, शरणागत, शरणागत, शरणागत, शरणागत, शरणागत, शरणागत, ॥
14	उन्होंने कहा कि हम ऐसे ही तरह से संस्कृत प्रतिदिन बोलते हैं, तो अन्य लोग भी संस्कृत बोल सकते हैं।	उन्होंने कहा कि हम संस्कृत में ही ऐसी भाषा नहीं बोलते हैं।
8	सभी प्रतिभागियों के लिए राशि और स्मृतिचिह्न पुरस्कार के रूप में वितरित कर दिए गए।	सभी प्रतिभागियों और प्रतिभागीों को पुरस्कार के रूप में पुरस्कार प्रदान किये गए।
3	शोभना ने आलस छोड़ दिया।	सुममा भाई ने आलस छोड़ दिया।
20	इसके साथ पारपत्र-धारकों की भरती में नागरिक कम से कम पंद्रह दिनों की यात्रा के लिए हर छः महीने में एक बार इरान में प्रवेश कर सकते हैं।	इसके साथ ही, पत्रिका-बैंस-बैंस न्यूसैंस में कम हो जाएंगे, आम जनता के लिए प्रत्येक महीने के लिए एक विशेष देश में एक विशेष बार देश में प्रवेश हो सकती है।
24	यह एक विशेष प्रवेश परमिट है जो विदेशी नागरिकों को आयुष उपचार के लिए भारत आने की सुविधा देता है। 2012 के प्रवेश परमिट नियमों में अंतर अवश्य आया होगा-केंद्र कि प्रवेश परमिट की खोज की गई थी-स्वास्थ्य मंत्रालय द्वारा लागू।	विदेश मंत्रालय ने कहा कि भारत के लिए सौर ऊर्जा के क्षेत्र में विशेष रिपोर्ट जारी किए गए हैं। इस महीने में तीसरे महीने की विशेष रिपोर्ट के लिए केंद्र की विशेष रिपोर्ट के लिए पिछले महीने की घोषणा की गई है-बताया गया है कि पिछले महीने की विशेष रिपोर्ट के लिए केंद्र की विशेष खतरेई गई है।
6	क्योंकि वन में ही सुरक्षित पर्यावरण प्राप्त होता था।	किसी वन में आर्थिक पर्यावरण की रक्षा करनी चाहिए।
7	वह कहां है? मुझे दिखाओ” भसूरक ने ऐसा कहा।	वह कहाँ है? वी.जी ने कहा कि यह मिठाओ।
5	हिमदास ने कल चौथा स्वर्णपदक जीता।	समापन के लिए उन्होंने चार स्वर्ण पदक जीते।
11	ऐसी सत्य बात बोले जो प्यारी लगे और जो सत्य तो हो; किन्तु प्यारी न लगे ऐसी बात न कहे, और जो प्यारों बात झूठी हो उसे भी न कहे यही सनातनधर्म है	सत्य बोलना चाहिए, प्रिय बोलना चाहिए, प्रिय बोलना चाहिए, प्रिय बोलना चाहिए, प्रिय बोलना चाहिए, प्रिय बोलना चाहिए, प्रिय बोलना चाहिये, प्रिय बोलना चाहिये, प्रिय बोलना अच्छा है, प्रिय बोलना अच्छा है, प्रिय बोलना चाहिये, प्रिय वचन बोलना चाहिये।
12	पुरस्कार की घोषणा करते हुए, समाचार और वितरण मंत्री अनुराग ठाकुर ने कहा कि यह पुरस्कार फिल्म उद्योग में समग्र योगदान की मान्यता है।	केंद्रीय मंत्री ने कहा कि नई दिल्ली में त्याग के लिए कई पहलुओं को बढ़ावा देने के लिए एक समारोह आयोजित किया गया है।
5	वहाँ क्या रहे थे ?	वहाँ क्या कर रहा था ?
4	नीलम बहन समाचार उद्घोषिका थीं।	नीलेश बहन के साथ दीया का रंगदेव था।
4	बच्चे के मुँह पर फुंसियाँ हो गई हैं।	बालताल में मुँह का पत्ता टूट गया।
5	वह हिन्दी नहीं जानता है।	वह हिन्दी नहीं जानता है।
1	उदाहरण	जो कोई भी था
18	महावीर उस शूल को लेकर रावण ने श्रीराम को कहा हे राम ! ज्ज्र के समान तुच्छूल को मैंने क्रोध में पकड़ा।	महापौर वह रावण के साथ रावण के पास गया। तब श्रीरामचन्द्रजी ने कहा हे राम ! मैंने मुझे मार दिया है। यह सुनकर मैंने मुझे अत्यन्त क्रोध से मार दिया।
1	अवमानना	जानने के लिए
19	जो मनमोहन एवं स्नेहमय है, अपनी मनोहारिणी मुरलिकाकी मन्द रसीली तानसे, गोकुलको इन्द्रियविवश तथा व्याकुल कर रहा है, जो श्यामल, सुन्दर, युवकोंका चित्त चुरानेवाला और मनोहर रूपवाला है वह गोपियोंका प्रियतम तेज हमारे चित्तमें नित्य निवास करे ॥	जो मुखारविन्द धारण किये हुए हैं, जिन्होंने कानके समान शरीरको दूर करनेवाले हैं, जिन्होंने नेत्रमें ही सुन्दर हैं, मनमें सुशोभित करके, मनमें पार करनेवाले और मनमें पार करनेवाले हैं, जो आँखोंकी सेवा करनेवाले हैं, ऐसे लक्ष्मीमय मधुर अमृतको दूरिके लिये चित्तको दूर और मनको पार करे, जो सदा ही चित्तको पार करे, ऐसे लक्ष्मीमय और मनको भी दुर्लभ है, उन सब प्राणियोंको नमस्कार है
6	प्रांत मंत्री गिरीश चंद्र तिवारी ने परिचयात्मक भाषण दिया।	श्री मोदी ने कहा कि उज्जैन में प्रवासी शिखर यात्रा के अवसर पर एक समारोह आयोजित की गई है।
13	उनके राज्य में रात के समय भी युवतियाँ आभूषण पहनाकर अकेले ही घूम रही थीं ।	उसके द्वारा राज्य में भी रात को जीता गया था, एक ही रूप में एक ही परिस्थितियों में ही स्मरण करते थे।
3	हम दोनों यहां खेलते हैं	हम दोनों यहाँ खेलते हैं।
7	महान् वीरता को प्रदान करने के लिए गुरुजी सेनापति से किसी प्रकार बाहर निकल गए।	सेना के वीरों ने गुरु के द्वारा कहा कि गुरु के पास जाना चाहिए।
3	ऐसा क्या ?	ऐसा क्या है ?
8	परमाणु हथियारों के विकास को देखकर सामरिक नीति बदल जाती है। सेना के छोटे टुकड़ों में विभक्त हो जायेंगे।	परसों विकास के माध्यम से देखे जाते हैं और विकास के माध्यम से जुड़े बच्चों के लिए राहत बढ़ जाएँगे।
5	दूध पसन्द नहीं है क्या ?	दूध नहीं पसंद है क्या ?
1	अन्य	अन्य
1	अंध-परम्परा से चलने वाला	एक ही
6	इस चलचित्र का निर्देशन शाउना गौतम करेगी।	इस फिल्म का निर्देशन गगन गगन के साथ करेगा।
3	यज्ञ में आहुति देंगे ।	यज्ञ में तिल का आहुति देते हैं।
6	तिब्बती समुदाय के लोग अपने घरों की सफाई में व्यस्त हैं।	तिब्बती समुदाय के लोग अपने घरों के लिए राधारण के निर्माण के लिये हैं।
3	मैं लिखता हूँ |	मैं लिखता हूँ।
12	अल-कायदा के नेता अयमान अल-सवाहिरी को अमेरिकी सेना ने मार गिराया।	यह खबर है कि बेंकिसी ने रूसेस सेना के नेता के खिलाफ एक संबंधन कररी में सिलेन कर दिया है.
4	कष्ट तो है ही ।	कष्ट तो है ही ।
10	यदि आप धन दिलाते तो सुरेश विषय नहीं बताता ।	यदि आप धन कमाते तो वह हरिमान नहीं पाएँगे।
4	हम लोग सामूहिक गीत गाते हैं।	हम सामूहिक गीत गाते हैं।
6	मैं मोरीबी गाँव का निवासी हूँ !	मैं मीनाक्षी गाँव में हूँ।
5	वहाँ क्या रहे थे ?	वहाँ क्या कर रहा था ?
8	और अब यह फिल्म अक्टूबर में प्रदर्शित की जाएगी	और अब यह फिल्म अप्रैल में प्रदर्शित किया जाएगा।
4	मार्गशिर पौष हेमंत ऋतु होते हैं ॥	यह अन्त: आयुर्वेदका एक बार वर्णन करना ॥
10	डॉ. मेघनाद के कथन से दौलतसिंह जी अर्नेस्ट रदरफोर्ड महोदय के पास गए थे।	डॉ. मेघ सिंह ने कहा कि दौलतसिंह के पास संपादक कारिका चित्रकला के पास आया था।
5	एक छात्रा उसको मना करती है ।	एक छात्र को मना कर रहा है।
24	एक दिन उसने सभी शिष्यों को बुलाकर एक एक करके एक केले का फल दिया और कहा- "ऐसा स्थान जाकर केले का फल यहाँ खाईये, जहाँ कोई भी आपको नहीं देख पाता था।	एक दिन सभी शिष्यों को मैंने एकान्त में देखा-"मैं एक कुटी पर लटका हूँ" यह कहकर रोमांच नहीं है, यह तो यह भी खाओ।
4	खोदने के साधन से वह क्यारी बनाता है।	खोदने के लिये वह जल भरता है।
5	पुनः कब मिलेंगें ?	फिर हमारे कार्यालय में कब गया ?
9	हिमाचल प्रदेश विधानसभा क्षेत्र के विधानसभा क्षेत्र में आठवें दिन की कार्यविधि की शुरुआत से पहले भाजपा ने प्रदर्शन किया।	हिमाचल प्रदेश विधानसभा के दिसंबर को दोपहर 1 बजे तक संसद सरकार ने कार्य के लिए पूर्व स्तरीय प्रदर्शन का प्रदर्शन किया।
5	मेरी एक दुकान है।	मेरा एक थैला है।
5	वह निर्धनों का काम नहीं करता है।	वह निर्धन काम नहीं करता है।
6	बंधों भी सूजन, दाह, सुरखी, पकजाना, फुन्सी, फोडा हो जाना और राथ रुधिर बहुत बहना इत्यादि दोषयुक्त हों तो वे सिद्ध नहीं होते ॥	यदि रोगी को निर्बल हो तो भीन हो तो भी इसी प्रकार का हो तो भीन हो तो भी इसी प्रकार का हो जाता है और उसके पकड़े गए हो तो उसे ज्वर के साथ पानी का सेवन करना चाहिये। यदि रोगी को उसकी चिकित्सा करनी चाहिये तो वह चिकित्सा करना चाहिये। यदि रोगी को ठगड़ कर देना चाहिये तो यदि रोगी को ठगड़ चराई दे देना चाहिये तो उसे चिकित्सा करना चाहिये। यदि रोगी को ठगड़ने के लिये चिकित्सा करना चाहिये। यदि रोगी को भी ठगने के लिये चिकित्सा करनी चाहिये।
4	सब काम अपने आप करिये।	सब काम अपने आप करिये।
1	वह पृथिवी	सगरम
5	स्वस्थ दाँतों वाले लोग गन्ना भी चबाते हैं।	स्वस्थ लोग भी गहरी नींद में चबाते हैं।
15	हे राम! आप मन और वाणी से अगोचर हैं, मुझे आपका दर्शन कैसे हो गया। हे देवेश्वर ! आपकी स्तुति करना में नहीं जानती, में क्या करूँ ? आप प्रसन्न होइए ॥	हे राम ! आप मुझे देखकर आप मुझे देखने के लिये आप मुझे क्यों आज्ञा नहीं देते ? हे रघुश्रेष्ठ ! आप मुझे वरलोरी नाम से बताओ। हे रघुश्रेष्ठ ! आप मुझे मैं आपको प्रणाम कीजिये ॥
10	सब धर्मों का परित्याग करके तुम एक मेरी ही शरण में आओ, मैं तुम्हें समस्त पापों से मुक्त कर दूँगा, तुम शोक मत करो।।	मैं सब धर्मों को त्यागकर, मैं तुमको अपने मन से प्राप्त करूंगा। मैं सब कुछ सत्य कहता हूँ। मैं तुम्हारे लिए कुछ कहता हूँ। मैं सब कुछ कहता हूँ। मैं तुम कुछ कहता हूँ।
14	बाइडेन प्रशासन ने कांगग्रेस पक्ष के यूक्रेन देश के लिए अरब अमेरिकी डॉलर-अधिक सहायता के साथ पूरक- सहायता माँगा गया है।	अक्टूबर में कांग्रेस पार्टी ने भारतीय जनता पार्टी के खिलाफ-बताया है कि देश में देश में एक प्रतिशत-बताया गया है कि देश में कम से कम हो गया है।
7	अपने विचारों का नाम मन से स्वयं को ही नियंत्रित करना है।	आत्मज्ञान का नाम आत्मसंभव ही है।
3	वह विश्रामघर है।	वह थैला घर है।
11	कुछ समय बाद सूर्यास्त हो गया अतः नौवें दिन का युद्ध भी शंख के साथ स्थगित हो गया।	कुछ समय बाद सूर्यव्य से उतर गया इसलिये सातस्त हो गया इसलिये युद्ध के साथ भी युद्ध निलंबित हो गया।
5	उनका सात्विक स्वभाव सबको पसंद आता है।	उसकी सास में सफाई सबको पसंद है।
13	तत्पश्चात् वह दैत्य अति विस्मय पूर्वक बोलामेरी भुजाओं को काटने वाले तुम लोग कोन श्रेष्ठ देवता हो ? इस लोक अथवा स्वर्ग में रहने वाले देवगणों में भी ऐसा समर्थ होना असम्भव है ॥	हे देव ! आप किस प्रकार के द्वारा रचित, शिव, शिव, शिव, सूर्य, सूर्य, सूर्य, सूर्य, गदा, सूर्य, पृथ्वी, सूर्य, पृथ्वी, पृथ्वी, पृथ्वी, पृथ्वी, पृथ्वी, पृथ्वी, पृथ्वी, पृथ्वी, पृथ्वी, पृथ्वी, पृथ्वी, पृथ्वी, पृथ्वी, और पृथ्वी आदि आदि आदि आदि आदि आदि आदि आदि आदि आदि हैं ॥
9	शिक्षिका -पुस्तक घर में होती है , पैसा बैंक में होता है ।	शिक्षिका - घर में पुस्तक का धन धन धन होता है।
1	होश	इन्द्र
11	यह कहकर में गदगद कण्ठ होकर उनके चरणों में गिर गया। तदनन्तर वह मुनीश्वर मुझसे बोलेहे नृपश्रेष्ठ ! डरो मत ॥	यह कहकर वह शीघ्र ही श्री राम के चरणों में गिरकर श्रीरामचन्द्रजी के चरणों में गिर पड़े ॥
4	वक्ता श्रोता को व्याख्यान समझा रहा है।	वक्ता व्याख्यान के माध्यम से भाषण को प्राप्त करता है।
17	कार्यक्रम की अध्यक्षता उत्तराखंड संस्कृत विश्वविद्यालय के कुलपति प्रोफेसर दिनेश चंद्र शास्त्री ने कहा कि खेल हमारे जीवन का अभिन्न हिस्सा है।	कार्यक्रम में उत्तराखंड संस्कृत विश्वविद्यालय के प्रिंसिपल प्रो. एस.के. ने कहा कि हमारे जीवन का जीवन हमारे जीवन है।
7	तुम तो धन की खातिर यहां रह रहे हो ।	तुम तो धनिक में तुम्हारा कारण यहाँ ले जाते हो।
3	जो शरीर में स्थितहों उनका शरीरके अनुकूल औषधादि करना और जो मनमें हों उनका शब्द आदिकसे प्रतीकार करना सुखदायक होता है ॥	शरीर के किनारे जल के समान सुन्दर हो जाते हैं।
12	इसके बाद कांग्रेस-पक्ष उच्च न्यायालय के पास गया था, उच्च न्यायालय ने चुनाव करने के आदेश जारी कर दिए थे।	उसके बाद, कांग्रेस-पक्ष के उच्च न्यायालय के पास उच्च न्यायालय के पास न्यायाधीश थे, चुनाव के लिए आदेश जारी थे।
15	मुख्यमंत्री सुखविंदर सिंह सुक्खू ने कहा कि फिल्म निर्माताओं को उत्तमविधान देकर राज्य सरकार उत्तम और अधिक विकसित फिल्में भी प्रदान करेगी	मुख्यमंत्री सुखविंदर सिंह सुक्खू ने कहा कि फिल्म निर्माण के लिए अच्छा हिमाचल सरकार और शत्रुओं के साथ अधिक से अधिक निवेशों को भी स्थापित करेगी।
4	सभी वैसे ही हो गए।	सभी लोग वही हो गए।
6	फ्रांस के राष्ट्रपति इमैनुएल मैक्रो जयपुर पहुंचे।	अंतर्राष्ट्रीय राष्ट्रपति इंदौर के लिए मैक्लोराचल विमानपुर पहुंचे।
4	फिर कभी मिलेंगे।	कभी कभी कभी नहीं मेज़ायेगी।
11	जिस राज्य के भी बाहर कलाकार मातृदेवता की स्तुति गाते थे।	जिसमें राज्य के भी राजा और राज्य के बाहर के गायियाँ भी पालक थीं।
3	मैं रांची नगर में रहता हूँ|	मैं टांडा नगर में रहते हैं।
1	ढेर	कमजोर
10	लोकप्रिय कवि भोजपुरी बोलने वाले विनय कुमार शुक्ल ने"विनम्रता"अपने कवियों से सभी उपस्थित लोगों को मोहित कर दिया।	कवि के भोजन के लिए संस्कृत में, विद्या, विद्या, कला, कला, कला, कला, भाग, और सभी लोगों ने भाग लिया।
11	लोकमात्र के लिए प्रभु (ईश्वर) न कर्तृत्व, न कर्म और न कर्मफल के संयोग को रचता है। परन्तु प्रकृति (सब कुछ) करती है।।	कर्म के बिना कर्म के बिना कर्म के सिद्ध नहीं होता है, वह कर्म के फल का फल नहीं होता है।।
1	सूर्य	आँख
8	अखिलेश ने कहा कि आज बहुत ही अच्छा दिन है।	अशोकसिंह ने कहा कि आज बहुत शुभ दिन है।
4	सारे पंखे भी रुक गए।	सभी बकरियाँ भी बनाएँगे।
7	क्योंकि जो जो स्मृति है वह पूर्व अनुभव की है।	क्योंकि जो जो जो कोई भी था वह बहुत जल्दी से आई।
6	जैसा वैद्य ने कहा वैसा वह कर रहा है।	जैसे वैद्य बोला कि वह वही करता है।
9	और सियार से कहा- “दोस्त! हम दोनों इसी बर्तन में साथ भोजन करते हैं।”	सियार बोला- “अरे! इस दुष्ट मेरे साथ खा रहे हैं।
15	अल्ट्रासाउंड करके वैद्य ने कहा कि अम्लिका बीज बच्चे के फेफड़े में घूमा था, जिसका इलाज यहाँ संभव नहीं है।	उपरोट में बिजली सोकर बिजली की बट्टान पर रखी गई है कि बालू में बालगुटी की पोस्ट में लगभग चिकित्सा नहीं होगी।
5	वह नदी से जल लाता है।	वह नदी नहीं लाता है।
9	रूपाली आगे बोली कि वह पृथ्वी की नाट्यगृह में नाटक कर रहा था।	राजीव ने आगे कहा कि वह शस्त्र के घर पर प्रवेश कर रही थी।
6	ऐसा कहकर देव ब्रह्माजी देवों के साथ अपने स्थान पर गए।	ऐसा देवदेव के साथ ब्रह्मदेव के साथ अपने ब्रह्माजी को गया।
1	स्पर्श करके	जल से
1	कुचले हुए अग्र भाग वाली	एक साथ
5	उसने अपना मनोरथ माँ को बताया।	उसने अपना मामा से निवेदन किया।
8	वह पढ़ना चाहता है, किन्तु मन नहीं लगता है ।	वह पढ़ने का प्रयत्न करता है, परन्तु मन में आनंद नहीं है।
9	अब एएसआई को दिसंबर को रिपोर्ट देने होंगे	अब, एएसआईटी दिसंबर को रिपोर्ट होगा।
7	पण्डित मन्यमान प्रायः ऐसे विवादों में कुपित होते हैं।	मन में प्रायः ऐसी संख्याओं में छोटे लोग लूरे हुए हैं।
11	हम सैकड़ों बार भगवान् राम की पूजा करते हुए उनके आदर्शों का अनुसरण करते हैं।	हमदास्त्रों के भगवान राम को भगवान राम के रूप में चाहती हैं।
5	अभी यह मोरोक्को देश जा रहा है।	अभी यह मोटी देश जा रही है।
11	इसी दौरान मुकेश अग्निहोत्री-पुत्री आस्था ने अपनी माता की पार्थी को दाह स्थान पर ले जाया।	इस दौरान कैबिनेट ने अनंत-बैंडा-बताया कि इस प्रकार अर्जुन ने अपनी सेना को लेकर, उसी प्रकार एक साथम्बर पर डाल दिया।
1	गाय	गाय
10	इक्वेटी बेंचमार्क की सूचकांक और बीएसई सेन्सेक्स की निफ्टी एक सौ दिन के बाद फिसल गईं।	इक्वेटी ब्लॉस ने बीएसएसएसएस के माध्यम से बीएसएसएसएसएस के बीच और सेन्सेक्स निलंबित हो गए।
7	चित्रांग बोला शिकारी के डर से मैं आप की शरण में आया हूँ।	चित्रकूट बोला- “हे मित्र ! मैं तुम्हारे पास से जाना चाहता हूँ।
5	गुरु छात्र को शास्त्र स्त्र में ले जाता है।	गुरु छात्र को शास्त्र सिलाती है।
4	हम सब अनार खाते हैं।	हम सब चींडू खाते हैं।
4	शास्त्रीय संगीत विषय पर प्रश्न थे।	शास्त्रीय संगीत के विषय में प्रश्न था।
6	मिथ्याअहंकार से ही पुत्र, स्त्री आदि का संबन्ध होता है और संबन्ध बुद्धि होने से हर्ष, शोक, भय, क्रोध लोभ, मोह, स्पृहा आदि होते हैं ॥	हे प्रभो ! मेरी आज्ञा से मेरा शरीर, स्त्री, स्त्री, स्त्री, मणियाँ, मणियाँ, मणियाँ, म्याज, म्य, म्य, म्य, म्य, म्य, म्य, म्य, म्य, म्य, म्य, और मिवान्, माया और मिवल, माया और मिवल, माया आदि मेरी माया आपके हृदय हैं ॥
10	लेकिन अभी तक ड्रैड्डी-निर्माताओं को इस विषय पर आधिकारिक वक्तव्य नहीं मिला।	लेकिन अब तक एडबली-यह निर्माण के बारे में बात नहीं हुई है।
6	महिला मंत्री ने न्याय विभाग के विद्यार्थियों को लौकिक मंगलाचरण कराए।	मंगलाचरण का संचालन वैदिक विभाग के छात्र एवं वैदिक विभागाध्यक्ष ने किया।
9	7 जनवरी 2021 से रूस केधानी शिमास्को में भारतीय दत्तावास के लिए भारत में निगरानी के सहायक के रूप में नियुक्त किया गया है।	भारतीय अंतरिक्ष एजेंसी ने गुरुवार को हुए भारतीय राजदूत के भारतीय सुरक्षा बलों के संयुक्त रूप से भारतीय जनता बलों को नियुक्त किया है।
10	इस मार्ग में कुछ भी भय नहीं है। इसलिए मैं अकेला ही जाऊँगा।	इस रास्ते में कुछ भी नहीं है इसलिये मैं एक ही एक ही स्थान पर ही हूँ।
15	भारतीय-उच्चायोग सहित कई मंत्रालयों में साहित्य-अकादमियों में, शैक्षणिक संस्थानों वगैरह में, कई मामलों में विदेशी-मंचों पर, डॉकविता भट्ट के व्याख्यान लगातार आमंत्रित किये जाते हैं।	भारतीय-बाल-इस विषय पर कई सहकारी-राष्ट्रीय-राष्ट्रीय-राष्ट्रीय-राष्ट्रीय-राष्ट्रीय-राष्ट्रीय-राष्ट्रीय-राष्ट्रीय-राष्ट्रीय-राष्ट्रीय-राष्ट्रीय-राष्ट्रीय-राष्ट्रीय-राष्ट्रीय-वह डॉ. ये विभिन्न अलग-अलग संस्थानों के लिए उपस्थित हैं।
3	कौआ घोसले में प्रवेश करेगा।	कच्चे आम की तरह खूब बनाती है।
11	उन्होंने सबके हृदय के आधार श्रीराम का आशिर्वाद द्वारा अभिनन्दन किया और धनुष बाण धारण करने वाले श्रीहरि को हाथ जोड़कर बोले ॥	श्रीलक्ष्मणजी ने श्री राम के चरणों में समस्त आभूषणों से सुशोभित, जटादि धारण किये हुए और श्रीलक्ष्मणजी के आश्रम में रहने लगे ॥
4	चौकी पर कुछ पोथियाँ रखी हैं	गेंदा में कुछ और कैंसर रखे गये हैं।
16	मगरमच्छसंक्रांति-बताया गया है कि मेरे लिए जो कृष्ण तालाबों को अर्पित करते हैं वे अपने जीवन में सुख और समृद्धि लाएंगे।	स्वामी वीरराज- वीर्याज मेरे लिये जो काम करते हैं, वे अपने जीवन के लिए अपने जीवन को ले जाते हैं और अपने जीवन को भी ले जाते हैं।
1	बगला	बगुला
9	इस सेब फल की ऋतु की सेब-पैकिंग के लिए एक सार्वजनिक पेटी की व्यवस्था लागू होगी।	इससे पहले, मनाली के लिए मौसम के लिए एक लाख रुपये का खर्च किया जाएगा।
1	के लिए उपालंभ देना	निकलता है
5	अपने से प्रतिकूल व्यवहार का आचरण दूसरों के प्रति कभी नहीं करना चाहिए।	अपने आप बिना किसी भी प्रकार का जीवन बिताते हैं।
9	आप सभी के प्रेरण में आने वाले प्रशिक्षण में संस्कृत के साथ संस्कृति को भी प्रकाशनाएँ।	आप सभी सभी सभी सभी सभी सभी आने वाले संस्कृत भाषा के शिक्षण के लिए बातचीत करें।
7	छात्र –मेरी माँ अच्छी शिक्षिका है।	छात्र –मेरा माता ठीक है।
4	प्रत्येक गाँव में बाग़ होता है।	नदी के जल में उद्यान होता है।
9	लाहौल पर्वत में 30 से 60 सेंटीमीटर तक बर्फबारी हुई।	ये हिमपात के लिए 36 किलोमीटर तक तापमान तक बर्फबारी हुई।
1	फिर से	अच्छा
4	एक सज्जन यवतमाल से आए।	एक सज्जन यवतमाल से आए थे।
7	भारतीय नौसेना के आठ कमांडरों को कतरन्यायालय ने मृत्युदंड दिया है।	भारतीय नौसेना-दोनों के लिए दो प्रतिशत न्यायाधीशों ने कवर की।
2	यहाँ लोक है कि, चंद्रमा पृथ्वीको क्रेदित ( आई ) करता है और सूर्य शोषण करताहैइन दोनोंके आश्रय होकर वायु प्रजाका पालन करता है ॥	दान लेकर
17	सम्पत्ति पाकर जिसे (विशेष) हर्ष नहीं होता, विपत्ति पड़ने पर दुःख नहीं होता और युद्ध में डर उत्पन्न नहीं होता. ऐसे तीनों लोकों में श्रेष्ठ विरले पुत्र को (कोई) माता जानती है अर्थात् ऐसा पुरुष कोई विरला ही होता है |	जिस प्रकार मनुष्य को चाहिए, उसी प्रकार निश्चय करने पर भी हाथी को नहीं छोड़ता, उसी प्रकार कुमुच्छ का सारा कुल का फल भी रहता है, उसी प्रकार का सारा कुल के टुकड़े का भी रहता है।
6	एक दिन वह घर जाने के लिए छुट्टी चाहता था।	एक घर से घर आता है या प्रार्थना करता है।
6	यज्ञ के बाद देवराज भानु को पुस्तकें देता है।	यज्ञ के बाद देवराज देवराज देवराज को पुस्तकें देता है।
10	मनुष्य का आभूषण सौन्दर्य होता है, सौन्दर्य का आभूषण गुण होता है। और गुण का अलंकार बुद्धि होती है, उसी प्रकार बुद्धि का आभूषण क्षमा होती है।	मनुष्य के लिए स्वर्ग, इन्द्रिय, गुण, गुण, गुण, गुण, गुण, काम, काम, काम, काम, काम, ज्ञान, ज्ञान, काम, ज्ञान, ज्ञान, काम, ज्ञान, काम, ज्ञान, काम, ज्ञान, ज्ञान, काम, ज्ञान, काम, ज्ञान, काम, ज्ञान, काम, ज्ञान, ज्ञान, काम, ज्ञान, काम, ज्ञान, काम, ज्ञान और काम ये सब मनुष्य के स्वाभाविक कर्म ये सब मनुष्य के मनुष्य के मनुष्य के मनुष्य के मनुष्य के मनुष्य के मनुष्य के मनुष्य के मनुष्य हैं।।
6	ऐसे एक आपका ही निरन्तर अनुसरण करता हुआ अन्य सब मनोरथोंसे सर्वथा रहित और आपका ही ऐकान्तिक नित्यदास होकर मैं इस जीवनको सनाथ मानता हुआ कब आपको सन्तुष्ट करूंगा	आप ही इस प्रकार के द्वारा अपने चरणकमल के बाहर रहते हैं, उसी प्रकार आप दोनों के द्वारा अग्नि के तट पर प्रकाशपूर्वक हैं। आप ही जगत् के तट पर स्थित हैं। आप ही जगत् के समान श्यामवर्ण से उत्पन्न हुए हैं। इस प्रकार के द्वारा मैं आपको नमस्कार करता हूँ।
12	इसी बात को आगे बढ़ाते हुए प्रधानमंत्री ने डबल इंजन सरकार के फायदों को दोहराया, जिसके दोहरे प्रयास हर जगह दिखाई दे रहे हैं।	इस प्रकार से अधिक विकास के लिए प्रधानमंत्री ने कहा कि केंद्र सरकारें मूल्यों को पुनः लाभान्वित कर रही हैं।
8	अखिलेश खान ने अपने अग्रिम फिल्म का भी चित्रिलन प्रारम्भ किया।	पहुंचे हुए अपने पूर्वim फिल्म और फिल्म का शूटिंग भी शुरू किया गया।
4	एक ही चींटी है।	एक ही स्टिंग है।
3	अवश्य आईयेगा	अवश्य आईये।
6	अनंतपुरी और कोट्टायम जिलों में एक-एक व्यक्ति की मौत हो गई।	अनंतदेवदेव, कोल जिलों में एक विशाल स्थान पर ले गए।
1	मशरूम	छाता हुआ
4	कल त्रिलोकीनाथ का फोन आया।	कल त्रिलोकीनाथ का फोन आया।
10	मनुष्य का आभूषण सौन्दर्य होता है, सौन्दर्य का आभूषण गुण होता है। और गुण का अलंकार बुद्धि होती है, उसी प्रकार बुद्धि का आभूषण क्षमा होती है।	मनुष्य के लिए स्वर्ग, इन्द्रिय, गुण, गुण, गुण, गुण, गुण, काम, काम, काम, काम, काम, ज्ञान, ज्ञान, काम, ज्ञान, ज्ञान, काम, ज्ञान, काम, ज्ञान, काम, ज्ञान, ज्ञान, काम, ज्ञान, काम, ज्ञान, काम, ज्ञान, काम, ज्ञान, ज्ञान, काम, ज्ञान, काम, ज्ञान, काम, ज्ञान और काम ये सब मनुष्य के स्वाभाविक कर्म ये सब मनुष्य के मनुष्य के मनुष्य के मनुष्य के मनुष्य के मनुष्य के मनुष्य के मनुष्य के मनुष्य हैं।।
7	मच्चित्त होकर तुम मेरी कृपा से समस्त कठिनाइयों (सर्वदुर्गाणि) को पार कर जाओगे; और यदि अहंकारवश (इस उपदेश को) नहीं सुनोगे, तो तुम नष्ट हो जाओगे।।	परन्तु हे महाबाहो ! मैं सब भूतों में ही आपको ही प्राप्त होऊँगा। (पर्योंकि) तुम (परमात्मा) से तुम्हें तुम (पर्यों को) प्राप्त करोगे।।
5	जल के मनुष्यं पानी में डूबकर तीर पर बैठते हैं।	पानी से निकलने के लिए लूरे हुए नदी पर गिर जाता है।
11	यह खबर हिंदुस्तान एयरोनॉटिक्स के चेयरमैन सीबी अनंत कृष्णा ने दी।	विश्व प्रसिद्ध संगठन ने कहा कि इंडिया के अध्यक्ष इंदौर के नेतृत्व में इस्तेमाल किया गया है।
5	आप क्या काम करते हैं ?	आप क्या काम करते हैं ?
6	उच्च वर्ग वाले उनका मज़ाक उड़ाते हुए कुएँ से जल निकालने के लिए मना कर रहे थे।	दोनों पक्षों को कड़कर जल भरते हैं।
8	हाँ, जैसे सेवइयाँ ईद का खास पकवान है।	हाँ जैसे जैसे, जैसे, सेवक, मजदूर इत्यादि विशिष्ट हैं।
8	और अब यह फिल्म अक्टूबर में प्रदर्शित की जाएगी	और अब यह फिल्म अप्रैल में प्रदर्शित किया जाएगा।
11	वे सभी मेरीदर में जीवन बिताए, युद्ध के लिये सत्रधारी और युद्धकला में निपुण थे।	वे सभी कौरवों के जीवनओं को देखने के लिए, युद्ध के लिए, युद्ध के लिए, युद्ध के लिए, युद्ध के लिए, युद्ध के लिए, युद्ध के लिए, युद्ध के लिए, युद्ध के लिए, युद्ध के लिए, युद्ध में, युद्ध में, युद्ध में, युद्ध में, युद्ध में, युद्ध में, युद्ध आदि का समय भी प्राप्त करते हैं।
1	सम्पूर्ण एश्वर्य को	विश्व में रहने वाले
4	वह गन्ने का रस निकालती है ।	वह गाल की चप्स तलती है।
1	पुण्य तीर्थ	देव
9	वास्तव में रुपाली गांगुली के पिता अनिल गांगुली सर्वश्रेष्ठ फ़िल्म निर्माता थे।	वास्तव में गाला गायिका गायिका कपूर सिनेमा के फ़िल्म के लिए चलचित्र निर्माण किया था।
7	सौ लीटर-गोपथ औरब्राह्मण में पुराण काल्लेख उपलब्ध है, जिसकी लोकप्रियता का अनुमान किया जा रहा है।	सैकड़ों-तीनक्षिला-पुराण और रचनाओं का उल्लेख किया जाता है, जो ऐतिहासिकता को प्राप्त करता है।
4	जिसका अब समाप्ति हो गई।	जिसके द्वारा अभी आरम्भ शुरू हो गया है।
10	जब वह पाठशाला नहीं जाता, तब बाग़ भी नहीं जाता।	जब वह पाठशाला से नहीं जाता, तब बाग़ में भी नहीं जाता।
12	सांसद हत्या के मामले की जांच के बाद, उमेशपाल की सार्वजनिक हत्या के कारण आकी अहमद और उसके भाई अशरफ को गिरफ्तार किया गया।	सांसद ने संसद के मामले में सवार की खोज की और दीर्घकालीन उपायों को सुनाया और उनके कारण ले गए।
11	चीन में  ⁇ -19 के प्रसार का कारण बनने वाले  ⁇ 7 स्ट्रेन के देश में चौदह मामले सामने आए हैं।	जापान में कोविड-19 के खिलाफ  ⁇  ⁇ -19 के  ⁇ inenenine के खिलाफ एक मामले का प्रसार किया गया है।
1	स्थिर।	धारण करना
3	तीस वर्षों से पढ़ा रहा है ।	तीस वर्षों से वह पढ़ाता है।
3	जी हाँ गुरुदेव जी के वचनानुसार हैं।	हाँ गुरुदेव के लिए देवकाम किया गया है।
6	यह क्या है वृक्ष या ठूंठ ?	यह वृक्ष कौन कर सकता है ?
5	आदर्श चिकित्सा संस्थानों में छह विशेषज्ञ अस्पताल नियुक्त किये जायेंगे।	आदर्श परियोजनाओं में छह स्थानों पर डीजल स्थानों पर नियुक्त होंगी।
7	मन्दिर के बाहर बड़ी संख्या में श्रद्धाल् वर आए हैं।	मंदिर के बाहर बड़े हिंदू मंदिर के अन्दर बढ़ गए हैं।
1	तैयार	एक दूसरे के द्वारा
5	सभी बच्चों के लिए खेलने की समान की अत्यधिक आवश्यकता है।	सभी बच्चों के लिए खिलौने से घूरे हुए हैं।
9	राजौरी और पुंछ ने क्षेत्रों की अपनी यात्रा में सैन्य योद्धाओं के साथ बातचीत की।	राजपूत-अबिल-अमहार ने क्षेत्र में अपने दोनों देशों के साथ बातचीत की।
4	बिहार में ठंडी जैसी स्थिति है।	बिहार में ठंडी स्थिति है।
10	वरिष्ठ कांग्रेस पार्टी के नेता ए रेवेंट रेड्डी ने राज्य के दूसरे मुख्यमंत्री के रूप में शपथ ली।	वरिष्ठ कांग्रेस नेता राहुल गांधी ने राज्य के दूसरे प्रतिनिधित्व समारोह में राज्य के दूसरे स्थान पर शपथ ली।
1	सुस्त	धीरे
12	मंत्रिमण्डल के सत्र में अब पुलिस विभाग में पुलिस अधिकारियों द्वारा नियुक्त महिलाओं को प्रतिशत आरक्षण देने का निर्णय लिया गया है।	मन्त्रिमण्डल ने अब पुलिस अधिकारी पद के अधिकारी के पद को नियुक्त करने के लिए करोड़ रुपये का दान लिया है।
9	उसके बाद राक्षसराज को उसके चिता में रखकर विभीषण ने विधिपूर्वक अग्नि दी।	फिर राक्षसराज और उसके साथ उस समय स्थापित करके उस भरी ने पहले सुनाया।
5	ड्राइवर ने पूरा तेल भरने के लिए बिना किसी त्रुटि के तेल भराव दिया।	रेल की दूकान में बिजली की आपूर्ति पूरी कर दी गई है।
6	मेरी प्यास शान्त हो गई है।	शान्ति – मैंने अब फल का नाश कर दिया।
5	कंघी से मेरे बालों को सही करता है	कड़ी मेरे बाल काटता है।
1	धर्म	धर्म
6	इसरो अर्थात् भारतीय अन्तरिक्ष अनुसन्धान संस्थान	परीक्षा में भारतीय सेना के बीच का अध्ययन किया गया।
6	वह आज बहुत आनन्दित है ।	वह आज बहुत आनंद है।
7	उससे पहले वे कहाँ रहते थे ?	उससे पहले वे कहाँ रहते थे ?
4	स्वरा पिछले सप्ताह इटारसी गई थी।	अपने कार्यालय में पिछले महीने तक साउंडई हुई।
18	चिकित्सकों का यह आवेदन रक्त कोशिकाओं में संग्रहित रक्त कोशिकाओं की संख्या में गिरावट के संदर्भ में किया गया है। फार्मास्युटिकल एलायंस ने बताया कि स्वास्थ्य वैज्ञानिक और आपातकालीन कक्ष के विभिन्न विभाग स्टैंडबाय पर हैं।	मंत्रालय ने कहा कि रक्तवात के वाहनों के लिए खासने के ईंधन की संख्या बढ़ रही है। यह नीति प्रदूषण के तहत अतिरिक्त आधारभूत संरचनाओं का संचालन किया गया है।
7	अन्यथा साधनाभावाद भी कोई मनुष्य हमेशा संतुष्ट दिखता है।	अन्यथा सत्संग भी मनुष्यार्थ में नहीं दिखता है।
8	जो झूठ बोलता है, कोई उसका विश्वास नहीं करता।	जो अन्न चाहता है वह कौन नहीं सोता है?
5	फिर देखने के समय नए मतदाता पंजीकृत हो गए।	फिर से जापान के नए मतदाता पंजीकृत हुए।
6	बंधों भी सूजन, दाह, सुरखी, पकजाना, फुन्सी, फोडा हो जाना और राथ रुधिर बहुत बहना इत्यादि दोषयुक्त हों तो वे सिद्ध नहीं होते ॥	यदि रोगी को निर्बल हो तो भीन हो तो भी इसी प्रकार का हो तो भीन हो तो भी इसी प्रकार का हो जाता है और उसके पकड़े गए हो तो उसे ज्वर के साथ पानी का सेवन करना चाहिये। यदि रोगी को उसकी चिकित्सा करनी चाहिये तो वह चिकित्सा करना चाहिये। यदि रोगी को ठगड़ कर देना चाहिये तो यदि रोगी को ठगड़ चराई दे देना चाहिये तो उसे चिकित्सा करना चाहिये। यदि रोगी को ठगड़ने के लिये चिकित्सा करना चाहिये। यदि रोगी को भी ठगने के लिये चिकित्सा करनी चाहिये।
3	ये पुष्प है ।	यह फूल है।
4	जब वह चुटकुला बोलता है	जब वह चुटकुले बोलता है
6	जन सामान्य के साथ उनका सुमधुर सम्बन्ध था।	लोगों के साथ उसकी सहमति का अनुसरण था।
7	सम्यक् अनुष्ठित परधर्म की अपेक्षा गुणरहित स्वधर्म श्रेष्ठ है। (क्योंकि) स्वभाव से नियत किये गये कर्म को करते हुए मनुष्य पाप को नहीं प्राप्त करता।।	मनुष्य अपने धर्म के अनुसार ही बुद्धि के अनुसार ही भाग्य की प्राप्ति करता है, वह बुद्धि के अनुसार ही अपने कर्म के लिए प्रयत्न करता है।
4	अब वो तरबूज लाती है।	अभी वह बाबू लाल लाता है।
8	इस प्रकार से उदर रोगी का विरेचन द्वारा शोवन होने पर जागल मास रस के साथ अन्न देना चाहिये । इसके आगे शेप दोष की शान्ति के लिये योगों को कहते है ॥	इस प्रकार एक ही सम्राथ, शतक, शेशद, सामु, साम्रार्ङ्गरव और अन्य उपाधि आदि से युक्त होकर योग, निरल्पी हो जाते हैं।
4	फिर भी वो कार्यरत थे।	फिर भी वो कार्यरत थे।
7	ये नियम प्रतिदिन क्यों नहीं पालते हैं ।	यह नियम प्रतिदिन क्यों नहीं बोलते हैं।
1	अवर के बीच में सबसे खराब	एक साथ
1	उत्पन्न हो	एक साथ
9	पिप्पली, मोठ, यवक्षार, कालीजीरी, धनिया, जीरा इन सबको समान भाग लेकर चूर्ण कर लेना चाहिये । इस चूर्ण को फाणित ( रात्र) और घी में मिला कर अनार के रस से खट्टा करके रोगी को देना चाहिये । [ जल्पकल्पतरु मे पिप्पल्यादि के कल्क से घृत सिद्ध करके देना चाहिये ऐसा माना है ] ॥	वातजन्य शोथ मे प्यास, कफजन्य शोथ मे समान वायु का क्वाथ, पिप्पली, पिप्पली, पिप्पली, पिप्पली, पिप्पली, उदर, पिप्पली, पिप्पली, उदर, सक्र, उदर, उदर, उदर, उदर, पिप्पली, उदर, उदर, उदर, पिप्पली, उदर, उदर, उदर, उदर, उदर, पिप्पली, उदर, उदर, उदर, उदर, उदर, उदर, पिप्पली, उदर, उदर, उदर, उदर, उदर, उदर, उदर, उदर, पिप्पली, उदर,
22	सभी अंगों के लेन-देन के प्रभाव से बी.एस.सी.एम. ने सूची में रखे हुए कंपनियों की बाजार दर 5.51 लाख रुपये से कम हो गई है, इसका अर्थ है कि निवेशकों को लाख रुपये का नुकसान हुआ है।	सभी पहलुओं के प्रभाव के बीच बी.एस.एस.एस.सी.5 लाख रुपये के अतिरिक्त 25 करोड़ रुपये का खर्च हुआ है, जो करोड़ रुपये का खर्च हुआ है, जो करोड़ रुपये से कम हो गया है।
6	इससे पहले ही यमुनाचार्य का महाप्रयाण हुआ।	फिर पहले ही पूर्व ही कमल के समान युद्ध हुआ।
4	वे दोनों वहां स्नान करते हैं ।	वे दोनों वहां स्नान करते हैं।
8	यह समिति आगामी महीने अर्थात् दिसंबर में अपना रिपोर्ट देती है।	यह समिति दिसंबर को दोपहर के दिन का उद्घाटन करता है।
13	पहुंचे समाचार के अनुसार''रोहित शेट्टी''इस फिल्म का''सिंघम अगेन''इस खलनायक की भूमिका के लिए अर्जुन कपूर नियुक्त हैं।	पहुंचे समारोह के अनुसार''सैफिल्म''इस फिल्म का''इस फिल्म का नाम बदल लिया गया है''उन्होंने कहा कि ''यह नामांकन का अधिकार है।
6	वहाँ चूडाकर्ण नाम का एक संन्यासी रहता था।	वहाँ गङ्गना नामक नाम का नाम सुना रहा है।
17	वीथे की प्रशंसा करते हुए उसने कहा कि राष्ट्र निर्माण के विभिन्न क्षेत्रों में प्रधानमंत्री के कई योगदान एक ही स्थान पर उचित रूप से दिखाए गए हैं।	गगनों के साथ उन्होंने कहा कि राष्ट्र निर्माण के लिए प्रधानमंत्री के लिए एक विशिष्ट योजनाओं का भी प्रदर्शन नहीं है।
36	एक वर्ष में से अधिक सरकारी संस्थानों को बंद करके पांच वर्षों में पांच लाख काम करने की प्रतिज्ञा करने वाले कांग्रेस सरकार ने अकेले ही हजारों बाहरी आवरण से श्रमिकों को राज्य के लोगों के साथ इतना अनुचित रखना आरम्भ किया है तो भी धर्मशाला में कांग्रेस सरकार एक वर्ष के उत्सव के ज्ञान से परे है।	एक वर्ष से अधिक से अधिक सरकार ने पांच लाखों को पूरा करने के लिए एक वर्ष पहले राज्य सरकार को ऋण दिया है। यह योजना है कि कांग्रेस सरकार ने हिमाचल प्रदेश के बाहर से पहले राज्य के लोगों को एकजुता के लिए एक वर्ष से अधिक धन देने का प्रयास किया है।
14	सुश्री जखारव ने कहा कि मास्कोदेश यूक्रेन के कार्यों की निंदा करेगा।	सुशाम ने कहा कि बेंकिस्तान के माइक्रिस्तान और माइवान ने देशों को संयुक्त राष्ट्र के लिए जनता के रूप में काम करेगा।
13	विदूषक – यदि इन दोनों के पिता निर्दयी नाम वाले हैं तो इनकी माता उनेक द्वारा अपमानित एवं निकाल दी गई है। इसीलिए इस वचन से बच्चों को धमकाती है।	यह कहकर मैंने पिता से कहा- हे पुत्र! यह कहकर, पिता के नाम से यह बात है कि यह कहकर वह इस कन्या के चरणों में कह रही है।
1	प्राप्त करने के लिए पूरा करने के लिए	जाना
3	प्रह्लाद की रक्षा हो गई।	विपंधिक व्यापार का कारण हो गया।
1	सृष्टि के पदार्थों ने	सभी
15	दुर्भाग्यवश जिस के नाखून गल चुके थे और आँखें भी जाती रही थी। सो उस वृक्ष के रहने वाले पक्षी उसके जीवन निर्वाह के लिए कुछ न कुछ निकालकर उसे दिया करते थे। उसी से वह जीता था।	हम दोनों प्रकार के जीवन के लिए जीवन की उन्नति के लिए किसी भी प्रकार की किसी कोमाज में करते हैं, फिर भी वह हर तरह से जीवन बिताता है।
7	जोसेफ बोला – मुझे तो मधुमेह है।	एटी ने कहा – मेरी मेजिंग तो है।
8	कार्यक्रम के अंत में सहजिला संयोजक योगेंद्रपाल ने सभी गणमान्य व्यक्तियों का आभार व्यक्त किया।	कार्यक्रम के समापन सत्र में वैदिक मंगलाचरणों के सभी चरणों का परिचय दिया गया।
1	राष्ट्र पर आपदा आने	राष्ट्र की रक्षा के लिए
10	अगर तुम ऊंचा बोलता है तो मैं तेरी बात सुन सकता हूँ।	यदि तुम उच्च उच्च उच्च उच्च दोनों के बारे में बोलता हूँ तो मैं तुम्हें भाषण दिया जा सकता हूँ।
3	वह मुझसे पूछता है।	वह मुझसे पूछता है।
2	मैं चढ़ता हूँ।	मैं चढ़ता हूँ।
9	प्रोत्साहन-लाभ अगले वित्त वर्ष में शुरू होगा और अगले वर्ष में समाप्त हो जाएगा।	हित-आज-आज वर्ष की तुलना में आने वाले वर्षों में अब तक-आपता जाता है।
9	दूरदर्शन से हम गीतों, नाटकों, समाचारों इत्यादि को सुनते हैं, और देखते हैं।	दूरदर्शन में हम गीत, गीत और बातचीत के साथ देखे गए।
1	पढ़कर के	ज्ञान के द्वारा
