src_len	reference	hypothesis
12	क्योंकि यज्ञ करना, वेदादि शास्त्रों का पढ़ना, सत्यात्र में दान देना, तपस्या करना, सत्य आने पर धैर्य धारण करना, सहनशील होना तथा लोभ न करना ये धर्म के आठ मार्ग है|	यज्ञ, अध्ययन, दान, तप, सत्य, धैर्य, क्षमा - यह धर्म आठ प्रकार का मार्ग कहा गया है: 'अलोम'
6	केवल 11 सीटें चुनी गईं।	केवल 11 स्थानों का चयन था।
4	तुम दोनों बालक हो	तुम दोनों बालक हो।
4	वे वृद्ध नहीं  हीं हैं।	वे वृद्ध नहीं हैं।
4	ईश्वर भक्त कभी नहीं डरता है।	ईश्वर भक्त कभी नहीं डरता है।
8	इसी प्रकार हजारों वर्षा ऋतुओं में दसग्रीव के नए सिर पर आग लगा दी गई।	इसी प्रकार नए हजारों में दशग्रीव के नौ शिराग्नि जलाशय में प्रविष्ट हुए।
6	हिमदास ने पूरा कमाया हुआ धन लोकहित में समर्पित कर दिया।	हिमदास ने पूरा कमाया हुआ धन लोकहित में समर्पित कर दिया।
10	उस वस्तु को तुम अविनाशी जानों,  जिससे यह सम्पूर्ण जगत् व्याप्त है। इस अव्यय का नाश करने में कोई भी समर्थ नहीं है।।	परन्तु वह अविनाशी है, जिसने यह सब किया, उसका विनाश औरव्यय इस प्रकार का कोई भी नहीं कर सकता।।
1	पास	पास में
10	रूपक की कथावस्तु के बीज से युक्त मुख आदि सन्धियों में यत्र-तत्र फैले हुए आरम्भ आदि अर्थों का एक प्रधान प्रयोजन के लिए एक साथ संग्रह करना या समेटा जाना ही निर्वहण सन्धि है।	जिस प्रकार बीज बोते हैं, उसी प्रकार मुख वाले पदार्थों को उखाड़ फेंकता है, वहीं 'निर्वहन करना ही उचित है।'
6	जलों को वर्षा काल के चारों ओर से धाराओं के	वर्षाके समय वह क्या उत्पन्न कर सकती है ?
3	वह सन्तुष्ट हुआ।	वह खुश हुआ ।
14	वेदत्रयी जिनका स्वरूप है, जो [अकेले ही समय-समयपर] आपके दास, सखा, वाहन, आसन, ध्वजा, वितान (चाँदनी) और चँवरका काम देते हैं, सवारीके समय आपके पैरोंकी रगड़से बने हुए चिह्नद्वारा जिनका अङ्ग सुशोभित है, वे गरुड़जी आपके सामने हाथ जोड़कर खड़े हैं	जिसका दास, मित्र, वाहन, कुर्सी, झंडा और पंखा तीनों लोकों में फैला हुआ है, वह आपके चरणकमलों की शोभा से पूर्वाभिमान होकर आपके चरण कमलों की गरुड़ में बैठ जाता है
11	शाम को शिमला के श्यामलाघाट स्थित ज़िला शिक्षा प्रशिक्षण संस्थान में सेवा करने वाले संस्कृत शिक्षकों के लिए पांच दिवसीय प्रशिक्षण शुरू हुआ।	पिछले साल शिमला के श्यामलाघाट में जिला शिक्षा संस्थान में सेवा करने वाले संस्कृत शिक्षकों का पांच दिवसीय प्रशिक्षण शुरू हुआ।
5	मुझे मिलाकर सत्ताईस लोग थे।	मेरे साथ सत्ताईस लोग थे।
13	भाजपा के प्रवक्ता बलबीर वर्मा ने कहा कि सुक्खु सरकार ने अपने दोनों आय और व्ययकर्ताओं के हिमाचल प्रदेशवासियों को धोखा दिया है।	भाजपा के अध्यक्ष बलबीर वर्मा ने कहा कि सुक्खु सरकार ने अपने दो आयव्ययक हिमाचल के लोगों को ठग लिया है।
5	पत्नी –ये कूड़ा नहीं है।	ये कूड़ा नहीं है।
6	जांच के दौरान सत्येन्द्रसिवाल के बारे में सूचना मिली	खोज के दौरान सत्येन्द्रसिवाल के बारे में सूचना प्राप्त हुई।
1	कैसा	कैसा
4	वर के मुँह पर हल्दी लगाती हैं।	वर के मुँह पर हल्दी लगाती हैं।
5	आप मुझे पुनः कब मिल रहे हैं ?	तुम दोनों पुनः कब मिलते हो ?
33	हरिद्वार- जिला स्तरीय संस्कृत छात्र- प्रतियोगिता के आयोजक, संस्कृत-शिक्षा निदेशक एस.एस.पी. खाली, सहायक निदेशक डॉ. वज्श्रवा और आर्य अभिनन्दन पात्र हैं, जो महाविद्यालय परिसर के बीच विभिन्न खेल प्रतियोगिताओं का आयोजन कर रहे हैं, ने संस्कृत छात्रों के बीच खेलने में रुचि पैदा की है।	हरिद्वार- जिला स्तरीय संस्कृत छात्र- प्रतियोगिता के आयोजक, संस्कृत- शिक्षा निदेशक एस.पी. खाली, सहायक निदेशक डॉ. वज्रावा आर्य अभिनन्दनपात्र हैं, जो कॉलेज-कैम्पस के बीच विभिन्न खेल प्रतियोगिताओं का आयोजन करके संस्कृत छात्रों के बीच खेल में रुचि पैदा किया है।
11	जैसा कि बताया गया था, अफगानिस्तान में शिक्षित पाकिस्तान आतंकवादियों ने स्थानीय लोगों की सक्रियता के लिए प्रहार किया।	सूचना के अनुसार, अफगानिस्तान में प्रशिक्षित पाकिस्तानी आततायियों ने स्थानीय लोगों को सक्रिय रूप से प्रहार किया।
15	उसी समय दिल्ली नगर में इंडिया गठबंधन सभा के कारण दल के अध्यक्ष मल्लिकार्जुनखड़गे कार्यक्रम में उपस्थित नहीं हुए।	उसी समय दिल्ली में इण्डिया गठबन्धन की बैठक के कारण दल के अध्यक्ष मल्लिकार्जुनखड़गे कार्यक्रम में उपस्थित नहीं थे।
8	संसार में सर्वोच्व सत्ता ब्रह्म है जिसने प्रत्येक वस्तु को वश में कर दिया है।	जगत् में सर्वात्मा ब्रह्म है जिसके द्वारा प्रत्येक वस्तु का परिणय होता है।
7	उसके बाद, प्रधानमंत्री ने आयोजक के रूप में अभिषेक समारोह में भाग लिया।	उसके बाद प्रधानमंत्री ने आयोजक के रूप में अभिषेक संस्कार में भाग लिया।
1	बेरोकटोक ।	फिसल गया
4	प्रत्याशी का जनाधार करेगा।	और उम्मीदवारों का जनपद बनाएगा।
7	उन्होंने कहा कि समूह शक्ति देश को सफलता के शीर्ष पर ले जाएगा।	उन्होंने कहा कि समूह शक्ति देश को सफलता के शिखर पर ले जाएगी।
9	उत्तम से उत्तम सन्धि के द्वारा भी शत्रु से कभी सन्धि (मेल) नहीं करना चाहिये क्योंकि यदि पानी गरम होगा तो भी वह अग्नि को तो बुझा ही देता है	शत्रु से जल निकालना चाहिये और सद्बुद्धि से पानी पीना चाहिये। इसलिए जल पीने से दुष्ट व्यक्ति को शान्ति प्राप्त होती है।
18	किन्तु मेरे घर में बहुत डांट नहीं पड़ती थी। मैं तो रात में पढ़ता था । प्रथम श्रेणी प्राप्त करता था।	लेकिन मेरे घर बहुत कष्ट नहीं उठाते थे। मैं तो रात को पढ़ता था। पहली श्रेणी पाता था
5	वह खड़े होकर भोजन नहीं पकाती है।	वह उठकर भोजन नहीं बना रही है।
5	मेघमाला ने समस्त गगन मण्डल को आच्छादित कर लिया।	बादलों की माला ने सारा आकाशतल ढका।
10	भ्रष्टाचार, सू की को पहले ही देशद्रोह और अन्य अपराधों के लिए 11 साल जेल की सजा सुनाई गई थी।	भ्रष्टाचार, देशद्रोह के आरोप में पूर्व ही सुईची को 11 साल की जेल की सजा सुनाई गई थी।
8	इन योजनाओं का लाभ लाभप्रद नहीं हुआ।	इन योजनाओं का लाभ लाभार्थी नहीं उठा सका।
8	वाहन चलाने के समय अपना पालन करें और अत्यधिक विश्वास करें।	वाहन चलाते समय अपना पालन करें और अधिक विश्वास छोड़ दें।
9	कार्यक्रम के अध्यक्ष विश्वविद्यालय के माननीय कुलपति आचार्य विजय कुमार सिजीमेनन थे।	कार्यक्रम की अध्यक्षता विश्वविद्यालय के माननीय कुलपति आचार्य विजय कुमार सिजीमेन ने की।
24	सामाजिक न्याय और सशक्तिकरण विभाग के उपनिषद् डॉ. भावना युवा सप्ताह के तहत जयपुर में संजय-शिक्षकों के प्रशिक्षण कॉलेज में आयोजित "युवा भारत, विकसित भारत"इस विषय पर प्रचार भाषण का अवसर मिल गया।	सामाजिकन्याय और सशक्तिकरण विभाग के उपदेशक डॉ. भावना युवा सप्ताह के तहत जयपुर के संजय-शिक्षकों के प्रशिक्षण कॉलेज में आयोजित"युवा भारत, विकसित भारत"इस विषय पर प्रचार भाषण का अवसर मिल गया।
5	अशिक्षित मनुष्य पशु के समान होते हैं।	अशिक्षित मनुष्य पशु के समान होता है।
7	धार्मिक संस्थान पहले निराश्रित पशुओं को पकड़ते थे।	धार्मिक संस्थाएँ पहले निराश्रय पशुओं को पकड़ती थीं।
10	प्रशासन- आन्दोलनकारी-कृषि नेताओं के बीच एक नई बात आज होगी।	प्रशासन- आंदोलन-कृषि नेताओं के बीच आज नई बात होगी।
1	मुसीबत में	गरीब
17	गुरुवार को प्रश्न हॉर के बाद, विपक्ष ने नियम ६७ के तहत हवन प्रस्ताव के सभी कार्य को निलंबित कर दिया और बिलासपुर के झूठेड्डू योजना पर कोलाहल विधानसभा अध्यक्ष बनाया।	गुरुवार को प्रश्न घंटे के बाद विपक्ष ने नियम 67 के तहत निलंबन प्रस्ताव के सभी कामों को निलंबित कर दिया और बिलासपुर के अलीखड्डू योजना में विधानसभा अध्यक्ष कोलाहल किया।
10	यहाँ काङ्गड़ाचय, काश्मीरका कहावा, चम्बा और औषधियोंका खरीदना बहुत होता है	यहाँ काङ्गड़ा चाय, काश्मीर चाय और चम्बा बहुत मात्रा में औषधिये खरीदते हैं ।
7	उसने सोचा- ये बेचारे पुस्तक के दास वहीं रुकें	उसने सोचा  रुको ये पुस्तक के नौकर।
10	राम के द्वारा ही मुक्त किया गया, शीघ्रता से डरी हुई उस स्त्री के साथ गली में घुसकर सीता को प्राप्त हुई।	राम से ही मुक्त होकर डरे हुए विभीषण ने स्त्रीगणों के बीच में सीता को बुलाया।
6	ईश्वर की अनुकम्पा सदा सबके ऊपर रहे।	ईश्वर की कृपा हमेशा सब पर बनी रहे।
10	और मेरी पूजा सत्कार के अनन्तर सुखपूर्वक बैठकर प्रसन्नचित होकर मुझसे बोले हे राजन् । एक गुप्त बात सुनो, यह आपका अभ्युदय करनेवाला है ॥	तब भक्तजनों ने सुखपूर्वक बैठे हुए श्रीरामचन्द्रजी से कहा "हे राम! मेरे उदय होने के कारण गुप्त बात सुनो ॥
5	मैंने भी खड़े होकर वीरों को श्रद्धाञ्जलि दी।	मैंने भी खड़े होकर वीरों को श्रद्धाञ्जलि दी।
7	परन्तु फिर भी नेत्रों के सारथित्व को स्वीकार किया।	परन्तु फिर भी सर्ज ने कान का सारथ्य स्वीकार कर लिया।
6	जन सामान्य के साथ उनका सुमधुर सम्बन्ध था।	जन सामान्य के साथ उनका सुमधुर सम्बन्ध था।
21	हर चिकित्सा इकाई में एमआरआई-सीटी-आपदाओं और आम जनता का अनुरोध है कि कैकेयी की सुविधाएं प्रदान करें; हिमसंस्कृतवार्ता-मुख्यमंत्री मुकेश अग्रिहोत्री की धर्मपत्नी प्रोसीमी अग्निहोत्री की मृत्यु हो गई।	हर चिकित्सालय में एमआरआई-सीटी-स्कैन सुविधाएं प्रदान करने के लिए अधिकारियों और जन सामान्य का मत हिमसंस्कृतवार्ता- उपमुख्यमंत्री मुकेश अग्रिहोत्री के धर्मपत्नी प्रोसीमी अग्निहोत्री का निधन हो गया।
10	हे प्रभो! देवों ने कहा कि उसका विनाशकाल आज है।	हे प्रभो! देवों ने उसके विनाश का समय कहा है वह आज है।
5	तीर्थों का परिचय मानव जीवन का अङ्ग होता है।	तीर्थों का परिचय मानव जीवन का अंग होता है।
7	उभी भी गुजरात राज्य के जामनगर में विवाह करने जा रहे हैं।	उभी भी गुजरात के जामनगर में विवाह करने जा रही हैं।
10	और हमारी भावनात्मक एकता की भावना को विकसित करने में शिक्षा का बहुत महत्व है।	और हमारी भावनात्मक एकता को बढ़ावा देने में शिक्षा का बहुत महत्व है।
9	अतः शुभ अथवा अशुभ कर्मफल उपस्थित होने पर हर्ष अथवा दुःख करना व्यर्थ है	इस संसार में हर्ष और विषाद, शुभ और अशुभ फलों की प्राप्ति के लिए कुछ भी नहीं है। यदि देवताओं के द्वारा विधिवत् किया गया हो तो असुरों के द्वारा जो भी अपराध किया जाय ॥
13	पिछले दिनों प्रशासनिक सचिवों की साप्ताहिक सभा में मुख्यमंत्री ने प्रत्येक महीने के अंतिम दो दिनों में राजस्व और लोकन्यायालय का आयोजन करने का निर्देश दिया।	कल प्रशासनिक सचिवों की साप्ताहिक सभा में मुख्यमंत्री ने निर्देश दिया कि हर महीने के अंतिम दो दिनों में राजस्व और लोक न्यायालय का आयोजन किया जाए।
1	भौंकना	बोलना
8	केरल राज्य के विभिन्न हिस्सों से संस्कृत शिक्षक यहां मिलते हैं।	यह केरल राज्य के विभिन्न हिस्सों से आए संस्कृत शिक्षकों का संगम है।
6	कार्यक्रम की शुरुआत संजीवन गोर की शङ्खध्वनि से हुई।	कार्यक्रम की शुरूआत संजीवनी गोर की शंखध्वनि से हुई।
9	आदर्श इको ग्राम योजना के तहत 19 गाँव विकसित हैं।	आदर्श इको ग्राम्य योजना के तहत 19 गाँव विकसित हुए हैं।
10	काम में उसकी पारदर्शिता को देखकर डाॅ नीलकन्त ने उसे कानपुर ले आए।	काम में उसकी पारदर्शिता को देखकर डॉ नीलकान्त उसको कानपुर ले आए।
1	खांड	चीनी
9	ये आवेदन 9 फरवरी से 15 फरवरी 2024 तक स्वीकार किये जाते हैं।	ये आवेदन 9 फरवरी से 15 फरवरी 2024 तक स्वीकार किए जाएंगे।
6	उस वर्ष उन्होंने स्वराज नीति की यात्रा शुरू की।	उस वर्ष उन्होंने अपनी राजनीतिक यात्रा शुरू की।
8	यहाँ नासिक स्थल की परम्परा-विधि का अद्भुत संयोजन दरीद्रवी ने देखा।	यहाँ नासिक स्थल की परंपरा-विधिओं का अद्भुत संयोजन देखा गया।
14	ज्ञान वास्तव में शक्ति है अतः ज्ञान की प्राप्ति के लिए अध्ययन के रूप में तपस्या का सदा आचरण करना चाहिए और विद्यार्थियों के लिए यह अच्छा है।	ज्ञान ही शक्ति है इसलिये ज्ञान की प्राप्ति के लिए अध्ययनरूप तपस्या को निरन्तर विद्यार्थियों द्वारा आचरण किया जाना चाहिए, अच्छा है।
4	मैं स्नान करना चाहती हूँ	मैं स्नान करना चाहता हूँ
13	अविद्या के अन्दर रहकर (मी) अपने आपको बुद्धिमान तथा पण्डित मानने वाले विभिन्न योनियों में भटकते हुए मूढ (मूर्ख) मनुष्य पैसे ही भटकते हैं, जैसे अन्धे मनुष्य द्वारा ले जाये जाते हुए अन्धा ।	अविद्या के मंत्र में स्थित स्वयं धैर्यवान विद्वान होते हुए भी जैसे अन्धे को ही ले जाया जाता है वैसे ही दन्द्रमय मनुष्यों को प्यार करते हैं।
10	दा शत्रुघ्न सलक्ष्मण राम को अभिवादन करके सीता के चरणों में स्पर्श करके उसे प्राण दिया।	दा शत्रुघ्न ने सलक्ष्मण राम को अभिवादन करके सीता के चरणों को छुआ और उसको प्राण दे दिया।
6	अर्जुन ने उन शरणा को रोकने में असमर्थ थे।	अर्जुन उन बाणों का प्रतिकार नहीं कर सका।
10	इस फिल्म में वह दक्षिण के प्रसिद्ध अभिनेता विजयसेतुपति के साथ देखने जाती है।	इस फिल्म में वह दक्षिण के प्रसिद्ध अभिनेता विजयसेतुपति के साथ दिखने जाती है।
2	हम दोनों पढ़ते हैं।	हम दोनों पढ़ते हैं।
4	सब अपनारूप है या शिव कारूप।	सब कुछ आत्मस्वरूप या शिवस्वरूप है।
11	दीप्ताग्नि रोगी लाख, घो, माम, जोवनीय गण की औषधिया, मिश्री त्वक्क्षीरी ( वशलोचन ) और समिता ( गोधूम, गेहूँ का चूर्ण) को दूध से पका कर पीये ॥	सीता जी को चाहिये कि वह लाख सूअर और सर्प से भी अधिक दूध पकाकर दीप्तानल पिये |
9	बच्चे चीनी अधिक खाते हैं तो दाँत जल्दी से टूट जाते हैं।	बच्चे अधिक चीनी खाते हैं तो दाँत जल्दी टूट जाते हैं
4	हम दोनों पाठक हैं।	हम दोनों पाठक हैं।
10	माँ की प्रतिमा में पुरोहितवर्ग के द्वारा क्विन्ताल देशी गाय का चार्पण होता था।	माँ की प्रतिमा में पुरोहित वर्ग के द्वारा क्विंटल देशी के घी का नया नीला चूर्ण होता था।
6	श्रीमती जानकीत्रिपाठी ने सबको कृतज्ञता प्रकट की है।	श्रीमती जानकीत्रिपाठी ने सबको कृतज्ञता प्रकट की।
10	सुखविंदर सिंह सुक्खू अपनी कार्यकाल की दूसरी budget को 17 फरवरी को प्रस्तुत करने जा रहे हैं।	सुखविंदर सिंह सुक्खू 17 फरवरी को अपने कार्यकाल की दूसरी बैठक में बोलेंगे.
3	संगति से क्या हो जाते हैं?	संग रहने वाले बच्चे कौन होते हैं?
17	इन्द्र ने कहा कि सबसे पहले तो तुम्हें भगवद्शंकर की पाशुपत् अस्त्र प्राप्ति करनी चाहिए, उसके बाद अन्य देवता भी तुम्हें दिव्यास्त्र देंगे।	इन्द्र ने कहा कि पहले तो तुम्हें भगवद्शंकर से पाशुपत्स्त्र प्राप्त करें, फिर अन्य देवता भी तुम्हें दिव्यस्त्र देंगे।
1	आम तौर पर	समानता के द्वारा
4	दस बजे बस आती है।	दस बजे गाड़ी आती है।
5	उठो, जागो और श्रेष्ठ आचार्यों के पास जाकर ज्ञान प्राप्त करो।	उठो, जागो और श्रेष्ठ लोगों को समझो।
4	हे बालक! यहाँ आओ।	हे बालक! यहाँ आओ।
4	मैं जल्दी जाता हूँ	मैं जल्दी जाता हूँ ।
8	जो पुरुष योगयुक्त, विशुद्ध अन्तकरण वाला, शरीर को वश में किये हुए, जितेन्द्रिय तथा भूतमात्र में स्थित आत्मा के साथ एकत्व अनुभव किये हुए है वह कर्म करते हुए भी उनसे लिप्त नहीं होता।।	योग से युक्त शुद्धात्मा, जितेन्द्रिय और जीता हुआ आत्मा सब प्राणियों का आत्मा होता हुआ करते हुए भी लिप्त नहीं होता।
10	केंद्रीय स्वास्थ्य मंत्रालय ने कहा कि पिछले साल 500,000 शिशुओं को वासुरिका प्रतिरोध सूची वाली दवाओं के उपयोग के लिए निर्धारित नहीं किया गया था।	केंद्रीय स्वास्थ्य मंत्रालय ने कहा कि पिछले साल 5 लाख बच्चों को वासुरी की प्रतिरोधात्मक खुराक का उपयोग नहीं किया गया था।
14	कार्यक्रम में नगर के सुधी विद्वान् पाणिनि विक्रम-विश्वविद्यालय के शिक्षक छात्र-शोध छात्र और पत्रकार बांधव उपस्थित थे।	कार्यक्रम में नगर के सुधी विद्वान पाणिनि विक्रम विश्वविद्यालय के आचार्य छात्र-शोध छात्र और पत्रकार बंधू उपस्थित थे।
5	हिमाचल प्रदेश के देवसमुदाय के लोग रहते हैं।	हिमाचल प्रदेश में देवसमुदाय के लोग रहते हैं
10	क्योंकि सुबह नित्यकर्म से दिनचर्या के अनुसार सभी सत्र होते हैं।	क्योंकि सुबह से नित्यकर्म से लेकर दिनचर्या के अनुसार सभी सत्र होते हैं।
5	प्रकृति का दर्शन कब करते हो ?	प्रकृति का दर्शन कब करते हो ?
16	रेस्तरां के लिए आधुनिक सुविधाएं प्रदान करती हैं जिससे वे यहाँ अधिक समय बिता सकते हैं और राज्य की अर्थव्यवस्था बढ़ती है।	पर्यटकों को आधुनिक सुविधाएं प्रदान करती है जिससे वे यहाँ अधिक समय बिता सकते हैं और राज्य की अर्थव्यवस्था बढ़ती है।
4	बेटा, अज्ञानतावश जो भी हो गया।	बेटा, अज्ञानतावश जो भी हो गया
3	पार्वती लज्जा से काँपती है।	पार्वती लज्जा से काँपती है।
13	तत्व को जानने वाले विद्वानों ने यह कहा है कि हजारों चाण्डालों के समान एक यवन अर्थात म्लेच्छ धर्मविरोधी होता है। इससे बढ़कर कोई दूसरा नीच नहीं होता।	चन्द्रमा के हजारों भागों तथा सूर्य के दर्पण से पृथक एक यवन कहा गया है, जो पृथक यवन से भिन्न और कुछ भी नहीं है।
9	जैसे-जैसे इस लोक में जो कुछ कार्य होते हैं, वे सब तुझी संचित की जाती हैं।	यदि ये जो इस लोक में किये जाते हैं, पसंद होते हैं तो उन्हें नियोजित कर।
12	ब्रह्मपुत्र नदी के बिना तो असम प्रदेश और उत्तरपूर्व महासागर क्षेत्रों के बारे में कल्पना भी नहीं कर सकती है।	ब्रह्मपुत्र के विना तो असम प्रदेश और उत्तरपूर्वञ्चल क्षेत्रों के विषय में कल्पना भी नहीं की जा सकती।
8	राजीवः –हाँ , नगर में तो मैं पढ़ने के लिये रहता हूँ।	राजीव  हाँ नगर में तो मैं पढ़ने के लिये रहता हूँ।
4	अभी स्वाध्याय नहीं हुआ है।	अभी स्वाध्याय नहीं हुआ है।
12	अपने प्रियमें स्वाभाविक प्रेम, पूर्ण‍ आवेश और तन्मयतायुक्त जो भक्ति हो, उसे रागात्मिका भक्ति कहते हैं ॥	यदि स्वेच्छनीय हो तो उन परमात्माओं में रजोगुण ही लगाऊँ, जो मुझमें भक्तिभाव और सत्त्वगुण से युक्त हों और जो मुझे रागादि से युक्त हो ॥
4	नागेन्द्र घर के बगीचे में आम उगाता है	नागेन्द्र घर के बगीचे में आम का पेड़ लगाता है
1	पौधे	आरोप कर रहे हैं
9	यह अरुणाचल राज्य से भारत में प्रवेश करता है और असम में और बांग्लादेश में फैलता है।	यह अरुणाचल राज्य से भारत में प्रवेश करता है और असम राज्य और बांग्लादेश में बहता है।
15	भारतीय पहल टीम के अध्यक्ष के रूप में चुनाव के बाद संजय सिंह ने उत्तर प्रदेश गोदामी में राष्ट्रीय प्रतियोगिताएं आयोजित करने की घोषणा की।	भारतीय मल्ल खेल एसोसिएशन के अध्यक्ष के रूप में चयन के बाद संजय सिंह ने उत्तर प्रदेश के गोण्डा में राष्ट्रीय प्रतियोगिता का आयोजन करने की घोषणा की।
10	देवभूम के कुल्लो आराध्य देव भगवती रघुनाथ ने अयोध्या में राम मंदिर की प्रतिष्ठितता का निमंत्रण स्वीकार किया है।	देवभूमि के कुलपति आराध्यदेव भगवान् रघुनाथ ने अयोध्या में राम मंदिर की प्रतिष्ठा का निमंत्रण प्राप्त किया है।
5	जो सदाचारी है वह शिक्षक है	जो सदाचारी है वह शिक्षक है
3	यह मधुमक्खी निर्माण करती है।	इससे मधु उत्पन्न होती है।
6	ऐसा कहकर देव ब्रह्माजी देवों के साथ अपने स्थान पर गए।	ऐसा कहकर ब्रह्माजी देव देव देवगणों के साथ अपने स्थान पर चले गए।
4	हम सब श्रीकृष्ण को जानते हैं।	हम सब श्रीकृष्ण को जानते हैं।
12	नौणी विश्वविद्यालय के शोध निदेशक संजीव चौहान ने कहा कि जुजुबे-बदरी के बारे में शोध कार्य तीन चरणों में किया जाता है।	नौणी विश्वविद्यालय के शोध निदेशक संजीव चौहान ने कहा कि जुजुबे-बदरी के फल पर शोध तीन चरणों में किया जा रहा है।
9	भगवान् के अतिरिक्त जनधन वैभव,वस्तु और शरीर आदि में मुझे कोई भी अनन्यभाव या अन्यता नहीं है।	भगवान के अतिरिक्त जनधन, वैभव और शारिर आदि कोई भी बात मेरी नहीं है।
6	धूप में मत घूमो नहीं तो बीमार पड़ जाओगे।	धूप में मत घूमो नहीं तो बीमार पड़ जाओगे।
6	आप काम कब करेंगे ?	आप काम कब करेंगे ?
3	उस की अच्छी भौँहें हैं।	उसकी श्रेष्ठ भुलोकियाँ हैं।
3	मुझे यह पता है	जानता हूँ भैया
4	रास्ते में गड्ढा था।	रास्ते में गड्ढा था।
9	सुक्ख बोला कि 2024 में नई औद्योगिक विकास नीति लायी जाएगी।	सुक्ख बोला कि 2024 में नई औद्योगिक विकास नीति लाएगी।
6	गाँव के निकट एक सरोवर है।	गाँव के पास एक सरोवर है।
5	मेरे पर्स में बक्कल है ।	मेरे पर्स में बाल्टी है ।
1	जाना	अरे
1	एकता	सहन करने के लिए
3	मुझे अचार पसंद है	मुझे अचार अच्छा लगता है
6	दक्षा – मैंने तो आधा याद किया।	दक्षा  मुझे तो आधा याद आ गया।
8	अनेक पाठकों के दृश्य पत्रालय के अन्दर और बाहर निकाले गए।	अनेक पाटेदार के दृश्य डाकखाने के अंदर और बाहर कैपे हुए हैं।
13	इस प्रकार, एएसपी नगर अवधेश कुमार दीक्षित ने भी स्थल पर पहुँचकर थाना से घटना से जुड़े सूचना को प्राप्त किया।	इस प्रकार, एएसपी नगर अवधेश कुमार दीक्षित ने भी स्थान प्राप्त करके घटना से सम्बद्ध सूचना ली।
26	हिमाचल प्रदेश के कांग्रेस सरकार के बारे में कथित संकट के बारे में वरिष्ठ कांग्रेस नेता और मध्य प्रदेश के पूर्व मुख्यमंत्री दिग्विजय सिंह ने कहा कि सरकार वहाँ स्थिर है, जब समय आता है तब विद्रोहों के खिलाफ कार्यनीति लागू होगी।	हिमाचल प्रदेश में कांग्रेस सरकार के कथित संकट पर वरिष्ठ कांग्रेस नेता और मध्य प्रदेश के पूर्व मुख्यमंत्री दिग्विजय सिंह ने कहा कि वहां सरकार स्थिर है, जब समय आता है, तो विद्रोहों के खिलाफ कार्यविधि हो जाएगी।
3	स्वप्न के गीत को और गीता को क्या चुभता है?	क्या तुम स्वप्न के गीत का भी श्वास लेती हो?
5	आज लोग यज्ञ करते हैं ।	आज लोग यज्ञ करते हैं
1	दोपहर के बाद करते योग्य कार्य	दूसरे दिन
5	जरा रुको, मुझे स्मरण है।	रुको, मैं याद करता हूँ।
13	हे सुव्रत ! मेरे वह दोनों वरदान आपके पास धरोहर हैं। उनमें से एक वर के द्वारा शीघ्र ही मेरे प्रिय पुत्र भरत को इस एकत्रित सामग्री से युवराज पद पर अभिषिक्त कीजिये और दूसरे वर से शीघ्र ही राम को दण्डकारण्य में भेज दीजिये ॥	हे सुव्रत ! मैं आप पर ही अपना इन दोनों को स्थापित कर लाता हूँ। हे भरत ! उनमें से एक मेरा प्रिय पुत्र वरेणा है।
8	पश्चिम से लेकर पश्चिम तक जो साहित्य का अध्ययन किया गया है, वह कला रूप है।	पश्चिमी पद्धति के अनुसार जो शोध कहा जाता है वह कला रूप है।
7	वे राज्य में विपक्षी दल के भी नेता थे।	वह राज्य में विपक्षी दल के भी नेता थे।
6	गरम पानी में हाथ और पैर रखता है।	गरम पानी में पैर और हाथ रखती है।
4	मैं घास गौशाला में ले जा रहा हूँ।	मैं घास गौशाला में ले जा रही हूँ।
8	जो झूठ बोलता है, कोई उसका विश्वास नहीं करता।	जो झूठ बोलता है, अपित पर विश्वास नहीं करता है।
7	हिमाचल प्रदेश के समतल मध्य-उच्च पर्वतीय क्षेत्रों में मौसम बदल गया।	हिमाचल प्रदेश के समतल मध्य-उच्च पर्वतीय क्षेत्रों में मौसम बदल गया।
8	शोभा –हस्ताक्षर तो देवनागरी में ही करने चाहिये ।	शोभा  हस्ताक्षर तो देवनागरी में ही करने चाहिये।
3	हाथ अंदर करिये।	हाथ अंदर करिये
15	प्रधानमंत्री नरेंद्र मोदी की परीक्षा में चर्चा के सातवें संस्कार में पोर्टल में एक करोड़ से अधिक पंजीकरण प्राप्त हुए।	प्रधानमंत्री नरेंद्र मोदी की परीक्षा के सातवें संस्करण के लिए पोर्टल पर एक करोड़ से अधिक पंजीकरण हुए।
4	मेरे घर में शान्ति चाहती हूँ।	मेरे घर में शान्ति चाहता हूँ।
4	कौआ-कौआ ही रहता है और कोयल-कोयल होती है।	कौआ कौआ कोहड़ा है।
9	कबन्ध बोला यदि आप राम हैं और स्वयं आप मेरे पास आये हैं तो मैं धन्य हैं। पूर्व समय में में रूप और योवन के मद से उन्मत्त एक गन्धर्वराज था ॥	हे राम ! यदि आप मेरे पास आये तो मैं धन्य हो गया । प्राचीन काल में मैं गन्धर्व का राजा था और रूपयों से सुसज्जित था ॥
1	सोम रस का पीने	भौंरे
9	भगवान श्रीराम द्वारपाल से बोलेआनन्दपूर्वक उन्हे अन्दर ले आओ। तत्पश्चात् विधिवत् पूजित होकर मुनिगणों ने अनेक प्रकार के रत्नों से विभूषित महल में प्रवेश किया ॥	राजा दशरथ ने सुग्रीव से कहा - "सुख के समान द्वारपाल को लौटाओ। वह अनेक रत्नों से विभूषित विविश्वरों से पूजित है ॥
6	मेरे घर एक पँखा है ।	मेरे घर एक पँखा है
10	आपने तो मैं बहुत समय तक परीक्षित किया, इसलिये इस संदेह को छोड़ दो।	तुमने तो मुझे बहुत बार परीक्षा दी है इसलिये इस शंका को छोड़ दो।
10	हिमाचल प्रदेश सरकार की सभी अनुबंध कर्मचारी महासंघ की बैठक और चुनाव भी आभासी माध्यम से आयोजित हुए।	हिमाचल प्रदेश ऑल अनुबंध कर्मचारी फेडरेशन की बैठक और चुनाव आभासी माध्यम से हुए।
4	वे संस्कृत में सम्भाषण कर रहे हैं ।	वे संस्कृत में सम्भाषण करते हैं
8	रिपोर्ट में कहा गया है कि वह इस महीने की 22 तारीख तक एकांत कारावास में नहीं रह सकते।	रिपोर्ट के मुताबिक, यह इस महीने की 22 तारीख तक अंतरिक्ष में नहीं होगा।
1	मेरे लिये	मेरे लिए
10	मुख्यमंत्री ने कहा कि बिजली महान देव-रोपवे-निर्माण के लिए केंद्र-राज्य सरकारों के बीच ज्ञापन पर हस्ताक्षर किए गए।	मुख्यमंत्री ने कहा कि बिजली महादेव-रोपवे-निर्माण के लिए केंद्र-राज्य सरकार के बीच ज्ञापन पर हस्ताक्षर किए गए।
3	कहाँ से भेजा गया ?	कहाँ से भेजा गया ?
4	उसके दोनों होंठ लाल हैं।	उसके दोनों होंठ लाल हैं।
10	उनमें से गुरु का सबसे प्रिय शिष्य विनयशील, अत्यन्त विनयशील और परमज्ञासु हुआ।	उनमें से गुरुजी का सबसे प्रिय शिष्य विनय नामक अत्यन्त विनयशील और अत्यन्त जिज्ञासु था।
30	कार्यक्रम के उद्घाटन में स्कूल के उप-प्राचार्य अनिलकोटनाला निर्णायक, विशेष अतिथि, राजकीय- स्नातकोत्तर कॉलेज के भौतिक सहायक प्रोफेसर डॉ. डी.एस. चौहान, रसायन विज्ञान की सहायक प्रोफेसर डॉ. सुरेश कुमार, जीव विज्ञान की प्रवक्ता मनीषमधवाल ने दीप प्रज्ज्वलित किए और सरस्वती माँ की समक्ष पुष्पप अर्पित किए।	कार्यक्रम के उद्घाटन में विद्यालय के उप-प्रधानाचार्य अनिलकोटनाला निर्णायक, विशिष्ट अतिथि, राज्य- स्नातकोत्तर कॉलेज के भौतिक सहायक प्रोफेसर डॉ. डी.एस. चौहान, केमिकल विज्ञान के सहायक प्रो. डॉ. सुरेश कुमार, जीव विज्ञान के प्रवक्ता मनीषमधवाल ने दीप प्रज्ज्वलित किया और सरस्वतीमा के सामने पुष्प अर्पण किया।
9	जनवरी दिनाङ्क सबके लिये बहुत विशेष दिन था ।	जनवरी का दिनाङ्क सबके लिये बहुत ही विशेष दिन था।
11	अरब देशों ने इस्राइल पर बमबारी करने का आरोप लगाया है. लेकिन इजराइल ने इस पर रोक लगा दी.	अरब देशों ने आरोप लगाया कि बमबारी इजरायल ने की थी। लेकिन इजराइल ने यह मना कर दिया.
3	आठवें वर्ष पर्यन्त की थी।	आठवें वर्ष तक किया।
1	कष्ट, पौड़ा	कष्ट
4	हम लोग फल खाते हैं।	हम लोगों द्वारा फल खाया जाता है।
10	पर्यटन विकास निगम के उपाध्यक्ष आरएस बाली ने कहा कि वह कांगग्रेस की महत्वाकांक्षी हैं.	पर्यटन विकास निगम के उपाध्यक्ष आर.एस. बाली ने कहा कि कांग्रेस का गौरव है.
6	सात नए रेल लाइन की लाइन को उत्पादन किया जाना है।	सात मीटर रेल के ऊपर के पुल बनाने हैं।
8	पूरे दिन तक (भर) सोता हुआ यह कैसे हमारी रक्षा करेगा।	पूरा दिन सोते हुए ये हम लोगों की कैसे रक्षा करेंगे?
6	रात साढ़े तीन बजे दो चोर घर में घुसे।	रात साढ़े तीन बजे दोनों चोर घर में घुसे
1	तय	स्थिर
3	विनय (नम्रता	विनय से पात्रता (योग्यता) आती है।
6	वृद्ध बालों के लिए प्रेतकार्य नहीं करते थे।	वृद्ध बच्चों के प्रेत काम नहीं करते थे।
1	प्रयत्न	काम
6	तुम्हारे पास केवल आधा घंटे का समय है।	तुम्हारे पास केवल आधा घंटे का समय है।
5	पाँच मिनट तक दोनों ने विश्राम किया।	पाँच मिनट तक दोनों ने विश्राम किया।
3	वे दोनों शान्त हुए।	उन दोनों को बुलाओ।
5	लैंडर की गति को धीमा किया जा रहा था।	लैंडर की गति धीमी की जा रही थी।
14	मुख्यमंत्री के पूछे जाने पर सति रजीना ने कहा कि वह पूर्ण शिक्षण शुल्क, रूपया और कोश धन (बोझ) को प्राप्त करती है।	मुख्यमंत्री के पूछे जाने पर रजिना ने कहा कि वह पूर्ण शिक्षण शुल्क और रुपये का खजाना पा रही है।
6	अतः व्यवसाय में बहुत लाभ नहीं है।	अतः व्यवसाय में बहुत लाभ नहीं है।
13	हर साल चुड़िया पर स्थित शिरगुल देवता मंदिर की द्वारपाल ने दिसंबर को प्रतिबन्ध किया और अप्रैल को बैसाखी तक की चुड़िया यात्रा पर प्रतिबंध लगा दिया है।	हर साल दिसंबर को चूड़धार में स्थित शिरगुल देवता मंदिर के दरवाजे बंद कर दिए जाते हैं और अप्रैल में बैसाखी तक की चुड़धार यात्रा पर प्रतिबंध लगा दिया जाता है।
6	टांडा चिकित्सा महाविद्यालय में पहली बार ऐसी चिकित्सा शुरू हुई है।	टांडा चिकित्सा कॉलेज में पहली बार ऐसी चिकित्सा शुरू हुई है।
1	उत्तपन्न करते थे	उत्पन्न हुए हैं
1	अस्तित्व अनुसार	सत्त्वगुण से युक्त
1	खोदता है।	खोदना
4	वह दुष्ट आत्मा अन्याय से राज्य करता था।	उसने दृष्टिदोष होकर राज्य किया।
8	हे कौन्तेय ! श्रद्धा से युक्त जो भक्त अन्य देवताओं को पूजते हैं, वे भी मुझे ही अविधिपूर्वक पूजते हैं।।	जो अन्यदेवता को भी श्रद्धा से पूजते हैं, वे भी मुझे ही विधिवत् पूजें।
1	जागने के लिए ।	जागने के लिए
6	अब शुल्क भी अनिवार्य होगा।	अब शुल्क की प्राप्ति भी अनिवार्य होगी।
6	श्रीकृष्ण के चित्र की उपासना तो सभी करते हैं।	श्रीकृष्ण के चित्र का उपासना तो सभी करते हैं।
13	इन युवाओं को minimum शिक्षा मिलनी चाहिए और खेती के क्षेत्र में अपना व्यक्तित्व बनाने के लिए इच्छुक होना चाहिए।	इन युवाओं को न्यूनतम शिक्षा होनी चाहिए और वे कृषि व्यापार में अपना व्यक्तित्व बनाने की इच्छा करें।
9	उसके बाद राक्षसराज को उसके चिता में रखकर विभीषण ने विधिपूर्वक अग्नि दी।	उसके बाद राक्षसराज को उसकी चिता में रखकर विभीषण ने विधिवत् आग लगाई।
3	जो कार्य कल करना है, उसे आज ही कर लेना चाहिए।	कल काम आज कर लो
12	वे उस पक्ष के विभिन्न चरणों में कार्य करते हुए उस वर्ष पक्ष के अध्यक्ष बने।	वे उस पक्ष के अध्यक्ष बने क्योंकि उन्होंने विभिन्न पदों पर काम किया था।
7	बुधवार को सेंसेक्स कमता के साथ खोला गया	बुधवार को सेन्सेक्स कमी के साथ खोला गया।
4	वह स्वामी अक्षयानन्द हैं।	वह स्वामी अक्षयानन्द हैं।
7	कन्ग्रेज सरकार ने एक वर्ष में तीनवचन पूरे किये।	कन्ग्रेज सरकार ने एक वर्ष में तीन वचन पूरे किये।
3	पांच बजे से ध्यानसत्र शुरू होगा।	ध्यान सत्र पाँच बजे से शुरू होगा।
8	वेस्टमिंस्टर ने बाद में रानी को श्रद्धांजलि दी।	बाद में वेस्टमिंस्टर आबी पहुँचकर रानी को श्रद्धांजलि दी।
8	अतिथियों का स्वागत प्रांतमंत्री डॉ. चंद्रप्रकाश ने किया।	अतिथियों का स्वागत प्रांत मंत्री डॉ. चंद्रप्रकाश उप्रेती ने किया।
7	पुनः हिमाचल में उत्सव का मौसम बन गया है।	पुनः हिमाचल में उत्सव का मौसम बन गया है ।
7	उन्होंने इस परंपरा को अपने जीवन में आगे किया है।	उन्होंने इस परंपरा को अपने जीवन में भी आगे किया।
6	कुछ लोगों ने ध्यान भी किया	कुछ लोगों ने ध्यान भी किया।
4	वह मिर्ची तलता है ।	वह मिर्ची तलता है
8	तब सेगृहीतप्रहरण राक्षस सेना और वानरों का बड़ा बल निश्चयपूर्वक एक साथ हो गया।	उसके बाद आक्रामक राक्षस सेना और वानरों की बड़ी सेना तैयार हो गई।
1	देखते हैं।	देखते हुए
7	संयुक्त राष्ट्र महासभा की अध्यक्षता आज शीर्ष पर है-विश्वास की पुष्टि	संयुक्त राष्ट्र महासभा की अध्यक्षता अब शीर्षक है-विश्वास का पुनर्निर्माण
7	काश्य का यह परिवार समृद्ध, विद्वान् और भगवद्भक्त था।	काश्यम में यह परिवार समृद्ध, विद्वान् और भगवद्भक्त था।
13	''रसरत्नसमुच्चय''और यहाँ इसके बाद भौर/ सुश्रुतसंहिता में भी ऐसा संस्कार दिखता है।	''रसरत्नसमुच्चय''इस प्रकार का संस्कार यहाँ भी बाद में चरक/सुश्रुतसंहिताओं में भी दिखाया जाता है।
9	इला – चिंता मत करिये भैया ! अब चित्र ले लीजिये।	इला  चिन्ता न करो भैया! अभी चित्र लीजिये।
4	पुरोचन को दोष से	पुरोचन को दोष मत मानो।
3	ऐसा क्या ?	ऐसा है क्या ?
13	यहां आशा है कि यह वाणी प्रक्रिया के अनुसार''पुरा''इसका तात्पर्य यह है कि शब्दाटु काप्रत्यय आवश्यक ही होता है, परन्तु नियमप्राप्त तालाब का गोप नहीं होता है।	यह आशा है कि पाणिनि प्रक्रिया के अनुसार''पुरा''इस शब्दावली का उच्चारण अवश्य ही होता है, परन्तु नियम के अनुसार तुडागम नहीं होता है।
5	सावित्री इस अपमान को सहन न कर सकी।	सावित्री इस अपमान को सहन नहीं कर सकी
25	स्कूलों के लिए कम अनुबंध-कक्षाओं में संस्कृत शिक्षकों की नियुक्ति, संस्कृत महोत्सवों में विभाग के विद्यार्थियों की भागीदारी, उन्होंने खुफिया परीक्षाओं में अधिकारियों के उलटफेर जैसे मुद्दों पर संगठन द्वारा आयोजित शिक्षकों और छात्रों के अधिकारों की रक्षा के लिए आंदोलनों में एक जन प्रतिनिधि के रूप में हर संभव सहयोग और सहायता की घोषणा की।	स्कूलों में नीमानुबन्ध-उन्होंने कक्षाओं में संस्कृत शिक्षकों की नियुक्ति, संस्कृत त्योहारों में विभाग के छात्रों की भागीदारी, धिष्यावृत्ति परीक्षाओं में अधिकारियों के प्रतिलोमप्रवर्तन जैसे विषयों पर संगठन द्वारा आयोजित शिक्षकों और छात्रों के अधिकारों के संरक्षण आंदोलनों में जनप्रतिनिधि के रूप में सभी प्रकार का सहयोग और सहयोग घोषित किया।
5	प्रतिदिन लोग धन अवश्य ही गिनते हैं।	प्रतिदिन लोग धन अवश्य ही गिनते हैं।
13	आपको अपने रोजमर्रा के कर्तव्यों को निभाने में ईमानदार होना चाहिए। आपको सफलता और असफलता के मोह को त्याग देना चाहिए। ऐसा संतुलन योग के जरिए हासिल किया जा सकता है।	हे धनंजय ! तुम योग में स्थित होकर कर्म करो और आसक्ति को त्याग दो, किन्तु सिद्ध और असिद्धि में समभाव होकर समभाव ही योग कहा जाता है ॥
5	उनका प्रेणादायक प्रवचन मैंने सुना था।	मैंने उनका प्रेरणादायक प्रवचन सुना।
7	यह घोषणा राज्य में ६६ लाख कर्मचारीों के लाभ के लिए होगी।	यह घोषणा राज्य में 2.66 लाख कर्मचारियों के लाभ के लिए होगी।
4	रास्ते में भी संस्कृत सम्वाद होता है।	रास्ते में भी संस्कृत सम्वाद होता है।
3	दोनों ने पढ़ा।	वे दोनों पढ़े।
1	है प्रदर्शन	पूजा की जाती है
9	वह सत्य और शीलवान तथा सभी भोगों से रहित होकर स्वाध्याय करने के कारण अत्यन्त धर्मपरायण हो गया।	वह सत्यवान्, शीलवान्, सभी भोगों में आसक्त, स्वाध्यायी नित्य अत्यन्त धर्मपरायण हुआ।
14	उच्च न्यायालय ने कल पुलिस कमांडर कुंडू और पुलिस अधिकारी कांगड़ा शालिनी को वर्तमान पद से निकालने का आदेश दिया था।	उच्च न्यायालय ने दिसंबर को पुलिस प्रमुख कुंडू और पुलिस अधिकारी कांगड़ा शालिनी को वर्तमान पदों से हटाने का आदेश दिया था।
3	आप विद्यालय जाईये।	आप विद्यालय जाईये।
1	तिल	तिल
11	वह श्रीरामचन्द्रजी की परिक्रमा कर उन्हें साष्टाङ्ग प्रणाम करने के पश्च्यात भक्ति से गदगद कण्ठ होकर हाथ जोड़कर कहने लगा । ॥	वह भक्ति गद्गद वाणी से श्रीरामचन्द्रजी का परिक्रमा कर साष्टांग प्रणाम कर हाथ जोड़कर बोला ॥
9	उद्योग मंत्री ने कहा कि मुख्यमंत्री सुक्खू इस दुखद घटना से पीड़ित हैं।	उद्योग मंत्री ने कहा कि मुख्यमंत्री सुक्खू इस दुखद घटना से पीड़ित हैं।
7	कोर्ट ने कल के फैसले को रद्द करते हुए वाराणसी में कर्फ्यू लगा दिया.	कोर्ट ने कल अपने निर्णय को सुनाने के लिए वाराणसी में निषेधाज्ञा की।
10	हिमाचल उच्च न्यायालय के आदेश के बाद राज्य सरकार ने डीजीपी संजय कुंडू को पद से हटा दिया है।	हिमाचल उच्च न्यायालय के आदेश के बाद राज्य सरकार ने डीजीपी संजयकुंड को पद से हटा दिया है।
4	वह तो करीब-करीब  बच गया।	वह तो बाल-बाल बच गया।
10	देवभूम के कुल्लो आराध्य देव भगवती रघुनाथ ने अयोध्या में राम मंदिर की प्रतिष्ठितता का निमंत्रण स्वीकार किया है।	देवभूमि के कुलपति आराध्यदेव भगवान् रघुनाथ ने अयोध्या में राम मंदिर की प्रतिष्ठा का निमंत्रण प्राप्त किया है।
8	राज्य सरकार ने अनाथ बालकों को''राज्य के बच्चे''एक दत्तक ग्रहण किया है.	राज्य सरकार ने अनाथ बच्चों को 'राज्य के बच्चे' नाम से दत्तक ग्रहण किया है।
6	परिस्थितियों को अवसर मानकर मेरे पास आओ और विद्या प्राप्त करो।	कष्टों को दूर करने के लिए विद्या हमें तत्पर करे।
7	सतीश – रास्ते में कुत्ते दौड़ रहे थे।	सतीश  रास्ते में कुत्ते दौड़ रहे थे।
4	अब सब जगह कूड़ादान दिखता है।	अब सब जगह कूड़ादान दिख रहा है।
7	उसने समानबोध किया ईश्वर सबव्यापक और सबदर्शी हैं।	उसने समझा- ईश्वर सर्वव्यापक और सर्वदर्शी है।
1	कदम	स्थान
6	एक उच्च वर्ग के धनवान ने भी गुरुजी को मिष्ठान दी।	एक उच्च वर्ग के धनवान ने भी गुरु को मिठाई दी।
12	''दक्षिण रिचमोंट हिल''यह प्रतिमा वर्तमान तुलसी मंदिर के सामने स्थापित की गई थी।	''दक्षिण रिच मोंट पहाड़ी''इसकी प्रतिमा वर्तमान तुलसी मंदिर के सामने रखी गई है।
3	कार्यालय के पात्र धोता है।	कार्यालय के पात्रों को धोता है।
1	सन्देश देकर	आदेश करके
17	''बाहूबली'', ''आरआर.आर'' इत्यादि सफल फिल्में बनाने वाले एस.एस. राजामौली एसएसएमबी''इस फिल्म के कारण इस खबर में है.	''बाहूबली'', ''आरआरआर'' इत्यादि सफल फिल्मों को बनाने वाले एसएस राजामौली एसएसएमबी 29''इस फिल्म के कारण यह बात हो रही है.
11	जनार्दन का माँ भर कहना था कि गुरुजी उठ कर फीके चेहरे के साथ कहते हैं तो ऐसा करो।	शमतर यह सुनकर जनार्दन के पास जाकर विवर्णवदना देनी गुरुजी आहुति देकर बोले "अच्छा, ऐसे करो ।
3	बिटिया पानी लेती है	बेटी पानी ले जाती है।
4	राजा ब्राह्मण को धन देता है।	राजा ब्राह्मण को धन देता है
15	वित्त मंत्री निर्मला सीतारमण ने कहा कि तमिलनाडु राज्य के जलास्खलन से प्रभावित क्षेत्रों में लगभग 2,000 लोगों की रक्षा की गई है।	वित्त मंत्री निर्मला सीतारमण ने कहा कि एनडीआरएफ ने तमिलनाडु राज्य के बाढ़ से प्रभावित क्षेत्रों से चालीस हजार से अधिक लोगों को सुरक्षित किया है।
8	दैनिक वेतन में से 400 रुपये प्रतिदिन 25 रुपये की वृद्धि के साथ प्राप्त करें।	दैनिकवेतन प्राप्त करने वालों को प्रतिदिन 400 रुपये और 25 रुपये की वृद्धि के साथ मिलना चाहिए।
6	विभा – कहाँ है वो ?	विभा  कहाँ है वह ?
9	पेट्रोल-डीजल तेल के दाम 35 रुपये प्रति लीटर बढ़ जाएंगे.	एक लीटर पेट्रोल और डीजल तेल की कीमत में 35 रुपये की बढ़ोतरी होगी.
12	''सीपीएन',वह नेपाली कांग्रेस सहित आठ राजनीतिक दलों के गठबंधन के उत्तराधिकारी थे।	''सीपीएन'', वह नेपाली कांग्रेस जैसे आठ राजनीतिक दलों के सहयोगी थे।
13	और ये गुरुजी, नरवर में धृतिमान् लोगों द्वारा अर्चनीय हैं। ब्राह्मणों, शाब्दिकों और श्रुतिमान् लोगों द्वारा पूजनीय हैं। वेदान्तियों और धनवानों के द्वारा भी समर्चनीय हैं । अरे, वे शास्त्रों के पथिक, किसके द्वारा पूज्य नहीं हैं? अर्थात सभी के द्वारा पूजनीय हैं।	जो पुरुष गुरु नवरात्रि में धृति, धर्म, शास्त्रों के अध्ययन से विप्र और शाब्दिकगणों से श्रवण करके, सब प्रकार के वेदान्तों से पूजन करके, समस्त धन और बुद्धियों से व्याकुल है, उस शास्त्रवेत्ता (महापुरुष) से इस विषय में मत पूछना, क्योंकि वह कैससमी नहीं है ॥
7	दूर के क्षेत्रों में टीकाकरण अच्छा नहीं किया जाता है।	दूरदराज के इलाकों में टीकाकरण ठीक नहीं किया जा रहा है।
6	उनमें से एक थे खुदीराम बोस जी।	उनमें से एक खुदीराम बोस था ।
23	यह यज्ञ के कार्य में स्वाभाविक प्रगटता का ज्ञान है, जिसे समय पर नहीं पढ़ना चाहिए। २) ऊहः-यज्ञ के कार्य में स्वाभाविक प्रगटता का ज्ञान है, ऐसा कहा जाता है।	यह ज्ञान वयाकरण के अध्ययन से प्राप्त नहीं किया जा सकता। २) कहा जाता है- यज्ञ के कार्य में प्रकृतियाग के कर्तव्यों के मन्त्रों में जो देवता-दिवाचक पद उनके विकृतियाग का देवता-दीबोधन करने के लिए विपत्ति के रूप में प्रकट होते हैं।
18	लगभग करोड़ रुपये के खर्च के साथ, बस स्टेशन की लेन-देन के बाद सभी सुविधाओं से सुसज्जित एक विशाल द्वारपाल बन जाएगा, जिसमें यह यंत्र लगाया जाएगा।	लगभग करोड़ रुपये के खर्च से बसस्थान के नयना देवी के पास सभी सुविधाओं से सुशोभित एक विशाल आगमन भवन बन जाएगा, जहाँ यह यंत्र स्थापित किया जाएगा।
10	फल के प्रभाव से सूर्य बादलों में छिपा हुआ है, संध्या की घड़ियाँ बना दी गई हैं।	फलतः सूर्य बादलों में छिपा हुआ और सन्ध्या की भ्रमणशक्ति बन गई।
11	झारखण्ड के मुख्यमंत्री हेमन्त-सरोन की नई दिल्ली में आवास प्राप्त किया गया।	प्रवर्तन निदेशालय की एक टीम झारखंड के मुख्यमंत्री हेमन्त-सोरेन ने नई दिल्ली में निवास प्राप्त किया।
15	मेरा आगमन का प्रयोजन है कि दोनों परिवारिक पक्षों के बीच में शान्ति स्थापित हो यही सबका कल्याण होगा।	मेरे आने का प्रयोजन है कि दोनों परिवारों के पक्षों के बीच शान्ति स्थापित हो जाए तभी सभी का कल्याण होगा।
7	प्रकृति की रक्षा से ही संसार की रक्षा हो सकती है। इसमें संदेह नहीं है।	इसमें कोई संदेह नहीं कि प्रकृति की रक्षा से ही लोक की रक्षा होती है।
5	उनके साथ साइकिल चलाने वाले भी निकलते हैं।	उनके साथ साइकिल चलाने वाले भी निकलते हैं।
10	विभीषण ने महात्मा गन्धर्वराज शैलुष की बेटी को धर्म ज्ञाता सरमा से विवाह किया।	और विभीषण जी ने महात्मा गन्धर्वराज शैलूश की पुत्री धर्म ज्ञाता सरमा को पाया।
12	यह गौरतलब है कि इंटरनेट-पत्र निर्माण में कुछ समय पहले जब तक अंग्रेजी का ही एकाधिकार था या प्रभुत्व था।	ध्यान है कि इंटरनेट-पत्रकारिता में कुछ समय पहले तक अंग्रेजी भाषा का ही एकाधिकार या प्रभुत्व था।
9	जो व्यक्ति प्रसन्नता पूर्वक अहर्निश अध्यात्मरामायण का गान करता है उसकी आज्ञा के लिये इन्द्रादि देवगण प्रतीक्षा करते हैं ॥	जो श्री महादेवजी अध्यात्मरामायण का महान् गान करते हैं, वे इन्द्रप्रगम के देवता उनकी आज्ञा का पालन करने के लिये प्रतीक्षा कर रहे हैं ॥
3	विद्यालय के चौकीदार को निवेदन करती है।	विद्यालय के चौकीदार को निवेदन करती है।
4	अभी मैं केरल में हूँ।	अभी मैं केरल में हूँ
5	हाल ही में तो रसायन मिश्रितकृत्रिम खुशबूदार पदार्थों का प्रचलन बढ़ रहा है।	अब तो रसायनों के मिश्रित कृत्रिम सुगंधित द्रव्यों का प्रचलन अधिक हो रहा है।
19	आयोग ने कहा कि, राजनीतिक दलों को निर्देश दिया गया है कि वे दीवारों के बर्तन में, पुस्तिका के प्रसार में, प्रचार-सभा में होने के साथ किसी भी रूप में चुनाव के लिए बालकों का उपयोग नहीं करना चाहते हैं।	आयोग ने कहा कि, राजनीतिक दलों को निर्देश दिया गया है कि वे दीवार की सजावट में, पुस्तिका प्रसार में, प्रचारसभा में उपस्थिति के साथ किसी भी रूप में चुनाव के प्रचार में बच्चों का उपयोग न करें।
8	रास्ते में कोई उतरना चाहे तो वाहन रोकता था।	रास्ते में कोई उतरना चाहता था तब वाहन रोक देता था।
5	उस कारण से विनीत रास्ते में गिर गया।	उस कारण से विनीत रास्ते में गिर गई।
13	नौ साल पहले शुक्रवार को केंद्र सरकार ने जनवरी-मार्च और त्रैमासिक में एक सुगम विकास योजना के वर्षों की अवधि में निक्षेप वृद्धि की गई।	नौ साल पहले शुक्रवार को केंद्र सरकार ने जनवरी-मार्च तिमाही में सुकन्या समृद्धि योजना के वर्षों के दौरान भंडार में वृद्धि की।
7	उस भौरें ने उस बालक की आवाजों की ओर तो ध्यान ही नहीं दिया।	फिर भी उसने इस बालक के आह्वान की निंदा की।
15	बीबीएमबी प्रशासन को जलसंसाधन मंत्रालय और इलेक्ट्रिक मंत्रालय के सचिवों के साथ संयुक्त बैठक में पोंगवेट के लोगों को संबंधित प्रक्रियाओं को नियंत्रित करने का निर्देश दिया गया है।	बीबीएमबी प्रशासन ने जल संसाधन मंत्रालय और बिजली मंत्रालय के सचिवों के साथ संयुक्त बैठक में पोंगवेला में फंसे लोगों के लटके हुए मामलों को निपटाने का निर्देश दिया है।
17	अस्थायी- मन्दिर में रामललाख्य के भगवत बाल-राम को दर्शन देने के लिए आराष्ट्र से श्रद्धालज्जन आए हैं, और आज दर्शन का अंतिम दिन है।	अस्थायी मंदिर में रामलक्ष्म के भगवान् बाल को देखने के लिए आराष्ट्र से श्रद्धालु आए हैं, और आज दर्शन का अंतिम दिन है।
8	बुद्धि भी बढ़ती है। रोग से हीन शरीर और भाइयों का प्रेम बढ़ता है।	बुद्धि भी बढ़ती है। रोग से रहित शरीर भी बढ़ता है और भाई प्रेम भी।
3	परिवार का मूल आधार पत्नी है।	पत्नी पत्नी ।
7	देख, नवीनचन्द्र का मुँह क्यों इतना मलिन है ?	देख, नएचन्द्र का मुख किस प्रकार बहुत मैला है
11	मोदी ने कहा, “हमारा संविधान इसके घनिष्ठ मन्थन के बाद बना गया है”, जो कि जीवन्त रिपोर्ट कहा जाता है।	मोदी ने कहा, "हमारा संविधान इतना गहन मन्थन के बाद बना है, इसे एक जीवित प्रतिवेदन कहा जाता है।"
4	अंत में पाकिस्तान की पराजय हुई।	अंत में पाकिस्तान की पराजय हुई।
8	हिमाचल प्रदेश के पचास युवा किसान आधुनिककृषि विधि को समझने के लिए जापान जाएँगे।	हिमाचल प्रदेश के एक सौ पचास युवा किसान आधुनिक खेती के तरीकों को सीखने के लिए जापान जायेंगे।
8	पृथिवी पर भी चन्द्रमा के छाया के कारण ग्रहण सम्भव है।	ग्रहण पृथ्वी और चन्द्रमा के छाया के कारण होता है।
8	सुमधुर राग सुनकर लोग और खुश होते हैं	सुमधुर राग सुनकर लोग और खुश होते हैं ।
5	विशाखा -मैं टमाटर काटती हूँ ।	विशाखा - मैं टमाटर काट रही हूँ ।
1	प्रयोजन है	उद्देश्य
5	मैं रात्रि को शहर नहीं जाता।	मैं रात्रि में नगर नहीं जाता हूँ।
1	गोद में	गोद में।
10	तप अथवा किसी प्रकार की साधना का कार्य एक अकेला व्यक्ति ही अच्छा करता है, यदि दो छात्र मिलकर पढ़ें तो अध्ययन अच्छा होता है और गाने के लिए यदि तीन व्यक्ति मिलकर अभ्यास करते हैं, तो अच्छा रहता है। इसी प्रकार यदि यात्रा आदि पर जाना हो तो कम-से-कम चार व्यक्तिों को जाना चाहिए। खेती आदि कार्य ठीक प्रकार से चलाने के लिए पांच व्यक्तियों की आवश्यकता होती है, जबकि युद्ध में यह संख्या जितनी हो उतना अच्छा है|	अकेले तपो, दो, पढ़ना, गाना, तीन, चार आना, क्षेत्र पांच, और बहुत आना।
4	ज्ञान में धर्म होता है इस प्रकार यह धर्मचारी है।	ज्ञान में धर्म है तो वास्तव में धर्म नहीं है।
3	हाँ अवश्य ही	हाँ जरूर
3	स्वदेशी टमाटर लाया हूँ।	स्वदेशी लाल फल लाए।
9	हिमाचल प्रदेश विधानसभा क्षेत्र के विधानसभा क्षेत्र में आठवें दिन की कार्यविधि की शुरुआत से पहले भाजपा ने प्रदर्शन किया।	हिमाचल प्रदेश विधानसभा क्षेत्र के आठवें दिन के कार्यविधि के प्रारंभ से पहले भाजपा ने विधानसभा परिसर में प्रदर्शन किया।
10	टारगेट बॉल की जीत में ऑस्ट्रेलिया की टीम ने 20 गेंदबाजों में 216 रन बनाकर जीत हासिल की.	लक्ष्य को हासिल करने के दौरान ऑस्ट्रेलिया ने 20 गेंदों में 216 रन बनाए और टूर्नामेंट जीता।
13	जो कृषिकर्म करता है, उसके अन्नका अभाव नहीं रहता, जो नीरोग है वह सदा सुखी रहता है और जिस स्वामीकी स्त्री उसको प्यारी है उसके घरमें सदा आनन्द रहता है	रोगियों को नित्य कल्याण हो, सुख-दुःख प्राप्त हो, उनका विवाह सुखपूर्वक हो, उनकी धर्मपत्नी सर्वप्रथम पतिव्रता हो, जिसका नित्य विवाह गृह हो, उसका नित्य त्योहार प्रिय हो, ऐसा ब्राह्मण चाहिये ।।
7	विवाह में रेलमार्ग से हॉलीवुड तक तारे भी प्रदर्शन करेंगे।	विवाह में रेलमार्ग से हॉलीवुड तक के तारे भी प्रदर्शन करेंगे।
8	अहंकार के कारण वह निर्दोषों को भी मारता था	अहंकार के कारण वह निर्दोषों को भी मारता था
8	भूकंप ने कहीं भी किसी प्रकार की हानि नहीं हुई।	भूकंप से कहीं भी किसी प्रकार की हानि नहीं हुई।
4	वह रंगमंच की व्यवस्था देखता है।	वह रंगमंच की व्यवस्था देखता है।
3	शोक सब कुछ नाश कर देता हैं।	शोक सब कुछ नष्ट कर रहा है।
17	जिनके (धार्मिकमार्ग पर आचरण किए जाते हुए ) कर्मों को देखकर और ( पुण्यसमन्वित ) वाणियों के प्रवाह को देखकर लोग हर्षित होते हैं तथा धर्म रूपी लक्ष्मी से शोभित होते हैं । उससे उनका जीवन पुष्प की तरह हो जाता है और उनका तनमन सुगन्धि से भर जाता है, वे लोग तत्काल पुण्य को प्राप्त करते हुए सुखी हो जाते हैं ।	जिनके कर्मों, वाणी के प्रवाह को देखकर लोग धर्म और ऐश्वर्य से शोभित होते हैं, जिनकी सौर ऊर्जा से भरपूर मनुष्य पुण्य और आशु से भरपूर होकर सुखपूर्वक जीवन जीते हैं ॥
8	उन्हें भारतीय ओलंपिक संघ के नेतृत्व के लिए निर्विरोध चुना गया।	वह बिना टूर्नामेंट के भारतीय ओलंपिक एसोसिएशन के नेतृत्व में गईं।
1	माँगना	माँगने के लिए
27	अतः आज रविवार के दिन कैसे इन्हें दांतों से छु । हे मित्र । यदि तुम दिल में बुरा न मानो तो प्रातः काल जो तुम कहोगे, वह कर दूँगा। यह कह कर (मृग) के पास ही अपने को छिपा कर बैठ गया।	इसलिये आज भट्टारकर विहार में अपने दाँतों से इनको कैसे छूूँ ? हे मित्र ! यदि मन में ऐसा नहीं लगता है तो प्रातःकाल जो तुम्हें बोलना चाहिये, वह कहना चाहिये। यह कहकर उसके पास बैठ गया और अपना मन ढांप लिया।
7	रात को मैंने एक खिड़की बन्द नहीं की थी ।	रात में मैंने एक खिड़की नहीं बंद की थी
3	सभी वाहन रुक गए हैं।	सभी वाहन रुक गए।
8	उस वर्ष सर्वश्रेष्ठ फ़िल्म ने पैसे प्राप्त किये थे।	उस वर्ष सबसे अधिक धन प्राप्त फिल्म थी।
4	अभ्यास से सब सरल हो जाता है	अभ्यास से सब सरल हो जाता है।
1	अभी भी खड़ा है	समान रूप से स्थित
7	शाम को आतेतेते ही आकाश लाल हो गया।	शाम को आ रहा है आकाश लाल हो गया है
3	राज्याधिकारी की आज्ञा है।	राजा की आज्ञा है
7	विविध विद्यालयों के छात्र भी वहाँ बैठे थे।	विविध विद्यालयों के छात्र भी वहाँ बैठे थे।
7	अध्ययन के नतीजे न्यूरो एपिडेमियोलॉजी पत्रिका में प्रकाशित हुए थे।	यह अध्ययन न्यूरो एपिडेमियोलॉजी पत्रिका में प्रकाशित हुआ था।
4	रविवार को गाँधीधाम में संस्कृत सम्मेलन होगा।	रविवार को गाँधी धाम में संस्कृत सम्मेलन होगा।
3	संचालक कहाँ खड़ा रहेगा ?	संचालक कहाँ रुकेगा?
6	ऋचा – मैं अस्पताल में नर्स हूँ।	ऋचा  मैं अस्पताल में नर्स हूँ।
6	अब वह इस प्रकार बड़बड़ाते हुए अपना समय बिताती है।	अब वह इस प्रकार बड़बड़ाते हुए अपना समय बिता रही है।
11	जैसे-जैसे संसाधन बढ़ते हैं, वैसे-वैसे प्रत्येक वचन चरणबद्ध रूप से पूर्ण होगा।	जैसे-जैसे संसाधन बढ़ते हैं वैसे-वैसे प्रत्येक वचन चरणबद्ध रूप से पूर्ण होगा।
7	मेरी पत्नी – ओह नहीं मत लीजिये।	मेरी पत्नी  ओह न लो।
17	देवराज ब्रह्मा और वरुण ने मेरे लिए वरदान दे दिया, और महादेव की कृपा से पिता के साथ मेरा संवाद हो रहा है, यह सब तुम भरता को बताओ।	सब कुछ तुम भरत को बतलाओ कि महेंद्र और ब्रह्म ने मुझे वरदान दिया, और महादेव की कृपा से पिता के साथ मेरा संवाद हुआ।
6	क्या वे सज्जिता के रूप में सुशय्या नहीं दिख रही हैं?,	क्या तुम सुशिक्षित नहीं दिख रही हो ?
17	कार्यक्रम में प्रधानमंत्री के साथ विशिष्ट चर्च में चार हजार प्रतिभागियों के साथ एक विशिष्ट पुटक भी समर्पित किया जाएगा।	कार्यक्रम में प्रधानमंत्री के साथ विशिष्ट चर्चा में चार हजार प्रतिभागी शामिल हुए और प्रतिभागी को एक विशिष्ट पुटक दिया गया।
5	पाँच मिनट तक दोनों ने विश्राम किया।	पाँच मिनट तक दोनों ने विश्राम किया।
22	द्वापरयुग में लीलापुरुषोत्तम भगवान श्रीकृष्ण का यह भारतरूपी पुण्य भूमि पर जो उतरना हुआ था, वह अधर्म के विनाश के लिए, धर्म की पुनःप्रतिष्ठा के लिए, सत्कर्मों के स्थापित करने के लिए, भक्तों के लिए, और सीधे अनुकम्पा देने के लिए भी था।	द्वापरयुग में लीलापुरुषोत्तम भगवान श्रीकृष्ण का इस भारत पुण्य भूमि पर जो उतरना हुआ था वह अधर्म के विनाश के लिए, धर्म की पुनःप्रतिष्ठा के लिये, सत्कर्मों के स्थापित करने के लिए भक्तों के लिए और साधुसज्जन पुरुषों के सामने भी अनुकम्पा के लिए था।
7	इसके लिये शीघ्र ही यह उपकरण रख दिया जाएगा।	इसके लिए जल्दी ही यह उपकरण स्थापित किया जाएगा।
11	केरल में आज से श्रावणी उत्सव शुरू होने से विभिन्न उद्योगों में कारोबार करने वाले लोग और केरलवासी चिंतित हैं।	केरल में आज श्रावणिकोत्सव होने के कारण विभिन्न उद्योगों के क्षेत्रों में कार्यरत लोग और केरलवासी चिंता में हैं।
1	स्वतन्त्र	स्वाधीन
5	विभिन्न पुरस्कार विजेता राज्यों के प्रतिनिधियों के साथ आंतरिक सत्र आयोजित किया गया।	विभिन्न पुरस्कार विजेता राज्यों के प्रतिनिधियों के साथ अन्तरक्रियाशील सत्र आयोजित किया गया।
6	शिक्षा ही जीवन के समान है - उत्तम सर्वोत्तम काम करने में समर्थ हैं।	शिक्षा ही जीवन का लक्ष्य है -अच्छे काम करने में सक्षम है।
3	कचरा डब्बे में डालती है।	कूड़ा बर्तन में डालती है।
6	मेरे घर एक पँखा है ।	मेरे घर एक पँखा है
23	मौसम विभाग की रिपोर्ट के अनुसार, शिमला में पिछले दिनों सबसे कम तापमान सात डिग्री सेल्सियस है, वानरा में छह डिग्री सेल्सियस, बिलासपुर में डिग्री सेल्सियस, हमीरपुर में डिग्री सेल्सियस की रिकॉर्ड हुई।	मौसम विभाग की रिपोर्ट के अनुसार, शिमला में पिछले घंटों में सबसे कम तापमान सात डिग्री सेल्सियस, ऊना में छह डिग्री सेल्शियस, बिलासपुर में डिग्रीसेल्सियस और हमीरपुर में एक डिग्री सेलुियस का रिकॉर्ड हुआ है।
4	मैने सारी रात आँखों में काटी।	पलंग में निषण्ण की आँखें सवेरे थे।
1	पूर्ण मोह	भ्रम
13	समाज में तीन हाथ के माप वाली लोहे की छड़ी को हाथ में लेकर चलते हुए गजधर अब शिल्पी के रूप में आदर नहीं पाते हैं।	समाज में तीन हाथी मात्रात्मक लोहे की छड़ को हाथ में लेकर चलते हुए हाथी अब शिल्प के रूप में समर्थ नहीं हैं।
20	सीबिन-सी ने कहा कि ऐसे क्षेत्रों में गिल द्वारा चलाए गए जागरुकता अभियान, याचिकाएँ मतदाताओं को प्रेरित करेंगे, और वोटों की संख्या को बढ़ाने में मदद करेंगे।	सीबिन-सी ने कहा कि इन क्षेत्रों में समूह द्वारा चलाए गए जागरूकता अभियान और आह्वान मतदाताओं को प्रेरित करेंगे और मतदान की प्रतिशतता को बढ़ाने में मदद करेंगे।
4	इसीलिये वे फील्ड मार्शल बने।	अतः वे समरांगनाध्यक्ष बने।
6	और बाण धारण किए हो। तो भी मेरे रहते सीता को लेकर नहीं जा सकोगे।	तुम चापलूसी के बिना मेरे पास नहीं आओगे।
5	खाज हो तो पाठा, रसोत, शहत तथा गरम कांजी इनका लेप करे या इनमें तेल पकाकर मले ॥	पाठा का रस, क्षौद्र का रस और स्याही का रस
5	कहीं भोजन किया वा नहीं ?	किसी ने भोजन किया क्या ?
10	काम में उसकी पारदर्शिता को देखकर डाॅ नीलकन्त ने उसे कानपुर ले आए।	काम में उसकी पारदर्शिता को देखकर डॉ नीलकान्त उसको कानपुर ले आए।
1	तुल्य	समान
7	व्यक्ति कुटुम्बार्थ, कुटुम्ब राष्ट्रार्थ और राष्ट्र भी मानवतार्थ होता है।	व्यक्ति परिवार के लिए, परिवार राष्ट्र के लिए और राष्ट्र मानवता के लिए होता है।
8	उसी प्रकार अन्य भी हमारे पक्ष में बहुत से वीर हैं।	उसी प्रकार अन्य भी बहुत से वीर हमारे पक्ष में हैं
18	उत्तराखंड विद्यालय शिक्षा परिषद-नीनीनीताल से उच्च विद्यालय में कक्षा में क्रमशः प्रथम द्वितीय तृतीय पुरस्कार जीता गया गगनदीप, अभिषेक, आजादक्ष और गुरुकुल कांगडी विश्वविद्यालय हरिद्वार से क्रमशः सुप्रभा, दिनेशचंद्र, प्रीति ने प्रथम द्वितीय तृतीय पुरस्कार जीता।	उत्तराखंड विद्यालय शिक्षा परिषद-नैनीताल से उच्च विद्यालय में कक्षा में क्रमशः प्रथम द्वितीय तृतीय पुरस्कार प्राप्त हुए गगनदीप, अभिषेक, आजादक्ष और गुरुकुलकांगडी विश्वविद्यालय हरिद्वार से क्रमशः सुप्रभा, दिनेशचंद्र, प्रीति ने प्रथम द्वितीय तीसरे पुरस्कार प्राप्त किया।
18	उसे देखते ही वह राजा कामदेवके वाणसे पीडित (कामसे आशित) हो गया और इसी प्रकार वह कन्या भी उसे देखकर कामबाणसे अधीर (मोहित) हो गयी। कामके बाणोंसे विवश होकर वे दोनों अचेत से हो गये। राजा घोड़ेकी पीठपर रखे हुए आसनसे खिसककर पृथ्वीपर गिर पड़ा और इच्छाके अनुसार अपना रूप बना लेनेवाले महात्मा गन्धर्वलोग उसके पास जाकर उसे जलसे सींचने लगे। (फिर) वह दूसरे ही क्षण चेतनामें आ गया। तब अप्सराओंने उसे मधुर वचनरूपी जलसे भी आश्वस्त किया और उसे उठाकर उसके पिताके घर ले गर्यो ।	उसे देखकर ही राजा कामवासना से व्याकुल हो गये और उसे देखते ही वह कामातुर हो गयी। इस प्रकार महात्मा गन्धर्व और कामरूपिण को देखकर वह शीघ्र ही सिशिचुरी के आलिङ्गन से स्नान करके वहाँ पहुँचकर वहाँ पहुँच गया और उसी क्षण उसे किसी प्रकार का ज्ञान प्राप्त हुआ।
14	एक अन्य आगे-आने पर छठे-हिलोग्राम भार वर्ग में सेना के बाईं तरफ से लम्बोरिया ने महाराष्ट्र के पूनमकाउंट को हरा दिया।	एक अन्य प्राग-उपान्तीय चक्रवात में छठी-किलोग्राम भार वर्ग में सेना के जैस्म लम्बोरिया ने महाराष्ट्र के पूनम किठवास को हराया।
6	सभी समिति सदनों की विशेष मार्गदर्शन से कार्यक्रम सफल रहा।	सभी समिति सदस्यों को एक विशेष मार्ग दिखाने से कार्यक्रम सफल रहा।
10	जब अपने दोनों चरण कमलों से तेरी आश्रयशिला का स्पर्श करेंगे, उस समय तू पापरहित हो जायेगी, और भक्तिपूर्वक श्री रामचन्द्र जी का पूजन कर उनकी परिक्रमा और नमस्कार पूर्वक स्तुति करके तुम शाप से मुक्त हो जाओगी तथा पूर्ववत् तुम सुखपूर्वक मेरी सेवा कर सकोगी ॥	जब तुम्हारी आश्रयशिला तुम्हारे पाँवों से आक्रान्त होगी तब ही तुम राम को पूजकर पवित्र होगे
4	पुरुषार्थ (मेहनत) से ही लक्ष्य की प्राप्ति सम्भव है।	पुरुषार्थ ही लक्ष्य को प्राप्त करता है। (प्रकाश)
6	"सीता माता को छोड़ दीजिये " ऐसा रावण की सभा में कहा।	सीता माता को छोड़ दीजियेऐसा रावण की सभा में कहा।
4	बाजार ने कहा वह आपने अपहरण कर लिया है।	सर्प ने कहा तुमने उसे चुरा लिया था
7	गिरफ्तारी अभियान में सात जिलों के सैकड़ों आरक्षकों ने भाग लिया।	सात जिलों से आए सौ आरक्षणकर्ताओं ने निकालने की प्रक्रिया में भाग लिया।
10	उस समय यह ही फैशन था, यह ही अनुराग था।	उस समय यह ही फैशन था, यह ही अनुराग था।
9	अनुद्योगी को उम्मीद है कि इस कमीशन के कार्यालय में शीघ्र ही भर्ती हो जाएगी।	बेरोजगार इस कमीशन के कार्यालय में जल्द ही भर्ती होने की उम्मीद करते हैं।
5	हाल ही में तो रसायन मिश्रितकृत्रिम खुशबूदार पदार्थों का प्रचलन बढ़ रहा है।	अब तो रसायनों के मिश्रित कृत्रिम सुगंधित द्रव्यों का प्रचलन अधिक हो रहा है।
5	पुस्तक, क़लम और दवात मुझे दो	पुस्तक, कलम और दवात लाओ।
17	फिर रामचन्द्र ने अश्वों, गायों, सौ हजारों बैलों, सौ हिरण्य लोगों को तीन करोड़ रुपये और ब्राह्मणों को नाना प्रकार के वस्त्र दिये।	तत्पश्चात् रामचन्द्रजी ने घोड़ों, गौओं, बौरों, सौ करोड़ हिरणों तथा अनेक प्रकार के आभूषणों के वस्त्र ब्राह्मणों को दिये।
9	यहां भी उन्होंने सबके सामने अपने जाग रहेलोकगान स्वर का प्रदर्शन किया।	यहाँ भी उन्होंने सबके सामने अपने जागरितलोक गायन स्वर का प्रदर्शन किया।
4	सब मिलकर खाना खाते हैं।	सब मिलकर खाना खाते हैं।
5	वे सभी रेलवे स्टेशन से बाहर आते हैं	वे सभी रेलवे स्टेशन से बाहर आ रहे हैं।
7	यह अतिरिक्त प्रेस वाहनों के लिए भी अलग एक स्टेशन होगा।	इसके अतिरिक्त प्रेसवाहनों के लिए भी अलग स्टेशन होगा।
8	वे बोलते हैं – तिल के लड्डू खाओ, मीठा मीठा बोलो..!!	वे बोलते हैं  तिल के लड्डू खाओ, मीठे मीठे बोलो..!!
4	वह सरकार से भूमि मांगता है।	वह सरकार से भूमि मांगता है।
6	श्रीमती जानकीत्रिपाठी ने सबको कृतज्ञता प्रकट की है।	श्रीमती जानकीत्रिपाठी ने सबको कृतज्ञता प्रकट की।
21	हाँ, धातु सुराष्ट्र रंह को प्राच्य देश और मध्य देश में भी प्रयुक्त किया जाता है फिर भी आर्य गति को दिखाने के लिए प्रायः गम धातु का उपयोग करते हैं।	हाँ, यह धातु सुराष्ट्र रंह कहा जाता है और धातु प्राचीन और मध्य में भी प्रयोग किया जाता है फिर भी आर्य तो दर्शन के लिए प्राचीन धातुओं का उपयोग करते हैं।
3	अनेक प्रशंसायें प्राप्त की गई हैं।	बहुत सारी प्रशंसा पाई।
1	अच्छी प्रकार	ठीक ।
15	जब वह व्यक्ति अपने घर गया तब उसने अपना ट्रंक कहाँ रखा, यह मैं नहीं जानता।	जब वह पुरुष अपने घर गया तब उसने अपना सन्दूक कहाँ रखा, यह मैं नहीं जानता।
6	दीपिका –हाँ मुझे भी सबने बुलाया।	दीपिका  हाँ मुझे भी सबने बुलाया।
10	उनमें से गुरु का सबसे प्रिय शिष्य विनयशील, अत्यन्त विनयशील और परमज्ञासु हुआ।	उनमें से गुरुजी का सबसे प्रिय शिष्य विनय नामक अत्यन्त विनयशील और अत्यन्त जिज्ञासु था।
4	खाने योग्य सारी वस्तुएँ आज अशुद्ध (विषैली) वस्तुओं से मिलावटी हो गई हैं। तथा सारी धरती मैली (अशुद्ध) हो चुकी है।	कुत्सित वस्तुओं का मिश्रण करके समतल पृथ्वी खानी चाहिए ॥
15	मंगलवार सुबह कार्यकर्ता और कांग्रेस के अधिकारी घुमरवींनगर के राजेश धर्माणी के घर के बाहर आकर उनका अभिनन्दन किया।	मंगलवार सुबह कार्यकर्ता और कांग्रेस अधिकारी घुमरवीं नगर के राजेश धर्माणी के घर के बाहर आकर उनके बधाई के लिए आए।
1	नाच	नाचना
4	नाम बदल कर लिख रहा हूँ	नाम बदल कर लिख रहा हूँ ।
2	जो दैत्य लोग	जो दैत्यों को
5	व्याकरण अध्ययन करनेवाला आज नहीं आया	व्याकरणशास्त्र पढ़ने वाला आज नहीं आया।
1	जानने की इच्छा	जानने की इच्छा
1	बहुत प्रसिद्ध	बहुत प्रसिद्ध
4	उसके बाएँ कोई भी नहीं है।	उसके बाएँ कोई भी नहीं है।
10	मावळप्रदेश में विभिन्न रूप से जातिजन रहते हैं, मराठी भाषा में *अठरा पगड *इसे देखा जाता है।	मावळप्रदेश में अनेक प्रकार से जातिवासी रहते हैं, मराठी भाषा में इसे *अठरा पगड* कहा जाता है।
3	गायें बन में चरा।	गायों को जंगल में चराना।
4	मन्दिर के मैदान में स्वच्छता हो गई ।	मंदिर के प्रांगण में स्वच्छता हो गई।
3	वह दान देता है।	वह दान देता है।
4	वह भूमि पर रंगोली करती है।	वह भूमि पर रंगोली करती है।
10	भारत द्वारा अपने दम पर बनाया गया पहला विमानवाहक पोत''निडर''इसे प्रधानमंत्री द्वारा देश को सौंपा जाएगा।	भारत द्वारा खुद निर्मित पहला विमानवाहक युद्धपोत''विक्रान्त''वह देश को समर्पित करेंगे.
6	भ्रष्टाचार के कारण राजकोष में एक करोड़ से अधिक रुपये का नुकसान हुआ।	भ्रष्टाचार के कारण राजकोष में छह करोड़ से अधिक रुपये की हानि हुई।
16	मैं तो यहाँ तक निलोभी हूँ कि अपने हाथ का कंगन भी जिस किसी को देना चाहता हूँ। फिर भी बाघ मनुष्य को खाता है, यह लोकापवाद मिट नहीं सकता। क्योंकि -	हे राजन् ! मेरे मस्तक में सोने का कंकण है, जिसे मैं अपने हाथ में भी देना चाहता हूँ, फिर भी 'बाघ मनुष्य है' यह लोकप्रवाद कठिन है क्योंकि-
7	इस संबंध में बुधवार को राज्य के राजभवन द्वारा अधिसूचना प्रसारित की गई है।	इस संबंध में राज्य भवन ने बुधवार को अधिसूचना जारी की।
6	उद्यमी लड़की हमेशा उत्तम पुष्पमाला बनाती है।	उद्यमी लड़की हमेशा उत्तम फूलों की माला बनाती है
8	पुस्तक के रूप में देने के बाद सराहनीय कार्य किया गया ऐसा उन्होंने कहा।	उन्होंने कहा कि पुस्तक के रूप में देकर सराहनीय काम किया गया है।
8	सत्र में मुख्य अतिथि के रूप में विश्वविद्यालय के वास्तुकला विभाग के पूर्व प्रोफेसर प्रोफेसर एस.के.सिंह उपस्थित थे।ओंकारनाथ चतुर्वेदी महाभाग एकत्र हुए थे।	इस सत्र में मुख्य अतिथि के रूप में विश्वविद्यालय के वास्तुकला विभाग के पूर्व प्रोफेसर प्रोओङ्कारनाथ चतुर्वेदी महात्मा उपस्थित थे।
1	अक्रूरता	लालच के बिना
10	''इसका व्याकरण लौकिकों और वैदिकों के दोनों प्रकारों का अनुशासन करता है	''सेसा व्याकरण और लौकिक दोनों वेदिक शब्दों का अनुशासन करती है।
19	इस अवसर पर भारतीय सांस्कृतिकनिधि के समन्वयक नरेश मल्लहोत्रा भी विशेष रूप से, बीज बोधक और आभासी माध्यम से लेफ्टिनेंट जनरल गोवर्धन सिंह जम्वाल थे।	इस अवसर पर भारतीय सांस्कृतिक निधि मंडी वर्ग के समन्वयक नरेश मल्होत्रा भी विशेष रूप से और लेफ्टिनेंट जनरल गोवर्धन सिंह जम्वाल वर्चुअल रूप से बीज वक्ता के रूप में शामिल थे।
4	बर्फ के गिरने सेवेदनाशील क्षेत्रों में मत जाईये।	बर्फबारी से प्रभावित क्षेत्रों में न जाएँ।
6	तब वैदिक संस्कृति का सब जगह चलन था।	तब वैदिक संस्कृति का सब जगह प्रचलन था।
1	लकड़ी लाने के लिए	लकड़ी ले जाने के लिए
1	बकरी	बकरी
8	यदि वह पत्र लिखता तो बालक भिजवाता ।	यदि वह पत्र लिखता तो बालक भेजता ।
7	भीमसेन के द्वारा दुर्योधन के आठ भाई मारे गए	भीमसेन ने दुर्योधन के आठ भाइयों को भयंकर युद्ध में मार दिया।
5	वहीं वर वधू ने एकदूसरे को तुलसी माला पहनाई।	वहीं वर वधू ने एकदूसरे को तुलसी माला पहनाई।
6	आचार्या नंदिता वाराणसी में एक गुरुकुल चलाती हैं।	आचार्या नंदिता वाराणसी के एक गुरुकुल का संचालन करती हैं।
5	परन्तु अन्यदेव मरणशीलों के साथ द्वेष करता है।	परन्तु वह अन्यदेव को मानों द्वेष करता है।
9	इसके अलावा, इस सत्र में कैबिनेट विस्तार के बारे में भी चर्चा की जा सकती है।	इसके अतिरिक्त मंत्रिमण्डल विस्तार के बारे में भी इस सत्र में चर्चा की जा सकती है।
9	प्रधानमंत्री ने कहा कि उसकी सरकार ने पचास कोटि लोगों को निर्धनता से बाहर कर दिया है।	प्रधानमंत्री ने कहा कि उनके सरकार ने पच्चीस करोड़ लोगों को निर्धनता से बाहर निकाल दिया है।
8	कितने लोग संस्कृत अभ्यास करते हैं ? उनकी संख्या गिन रहा हूँ।	कितने लोग संस्कृत अभ्यास करते हैं ? उनकी संख्या गिन रहा हूँ।
4	फिर भी पैसा शब्द नहीं।	फिर भी धन शब्द नहीं है।
10	मैं उनके बहुत व्याख्यानों में देख रहा था युगपत् हिन्दी-संस्कृत अंग्रेजी भाषा में।	मैं उन दोनों को बहुत व्याख्यानों में देख रहा था हिन्दी संस्कृत अंग्रेजी भाषा में
3	इस बीच तीन मुख्यमंत्री हैं	इस बीच तीन मुख्यमंत्री
22	केंद्रीय पर्यावरण मंत्रालय ने जानकारी दी है कि उत्तरी केरल के तट से लेकर दक्षिण गुजरात के तट तक बनने वाली नुउंमरदा घाटी और अरब सागर में चल रही पश्चिमी हवाओं के कारण केरल में 8 अगस्त तक भारी बारिश होने की संभावना है.	केंद्रीय पर्यावरण मंत्रालय ने आवेदन किया है कि केरल में 8 अगस्त तक उत्तरी केरल के तट से दक्षिण गुजरात तक जारी नूनमर्द्रोणी और पश्चिमी हवा के प्रभाव से भारी बारिश की आशंका है।
17	अब इन मंदिरों में 25 लाख रुपये से अधिक का बिल जो होता है उसे भाषा संस्कृति विभाग द्वारा मंजूरी देना होगा।	अब इन मंदिरों में 25 लाख रुपये से अधिक की जो भी योजना है उसके लिए भाषा एवं संस्कृति विभाग द्वारा मंजूरी देने की आवश्यकता है।
7	उन्होंने कहा कि समूह शक्ति देश को सफलता के शीर्ष पर ले जाएगा।	उन्होंने कहा कि समूह शक्ति देश को सफलता के शिखर पर ले जाएगी।
10	ई.सन् 1306 से 1315 तक मलिक काफूर ने दक्षिण भारत में बहुत विनाश किया।	ई. सन 1306 से 1315 तक मलिक-काफूर ने दक्षिण भारत में बहुत विनाश किया।
1	ईंधन	लकड़ी
3	अभी हल्दीलेपन हो रहा है।	अभी हल्दी लेपन हो रहा है।
4	मनीषी बुद्धि से मन को जानता है।	बुद्धिमान् बुद्धिमान् होता है।
5	चिकित्सक ने उसे एंटीबायोटिक दवाई दी है।	चिकित्सक ने उसे एंटीबायोटिक दवाई दी।
4	बहुत से लोग सत्संग में जाते हैं।	बहुत से लोग सत्संग जाते हैं
5	कुछ लोग ब्लॉग पर भी लिखते हैं	कुछ लोग पर्दे पर भी लिखते हैं
10	दिल्ली की राज्यसभा में तीन, सिक्किम में भी एक राज्यसभा-सभा की बैठक में-चुनाव के लिए अधिसूचना जारी है.	दिल्ली की राज्यसभा में तीन, सिक्किम राज्य की एक विधानसभा में चुनाव के लिए अधिसूचना जारी की गई है।
6	खिचड़ी देओ और दूध वहाँ ले जाओ ।	खिचड़ी दे और दूध ले जा
10	वहाँ जाकर हनुमानजी ने जो कहा था सब कुछ क्रमपूर्वक श्रीराम के लिए कह दिया।	वहाँ जाकर हनुमान ने मैथिल्य से जो कहा वह सब क्रमशः श्रीराम को सुनाया।
1	कारीगर ।	मूर्तिकार
1	हवनकुण्ड	हवनकुण्ड
4	मैं नहीं जानता हूँ	मैं नहीं जानता।
3	श्रुति संस्कृत गाने गाती है।	श्रुति संस्कृत गीत गाती है।
7	जिसने अर्थशास्त्र रूपी महासमुद्र से नीतिशास्त्र रूपी अमृत का दोहन किया, उस महा बुद्धिमान आचार्य विष्णुगुप्त को मेरा नमन है।'	नीतिशास्त्र का अमृत हो गया है, बुद्धिमान अर्थशास्त्र का महापुरुष समुद्यान में भगवान् विष्णु को नमस्कार करता है।
1	बदनामी	निन्दा
6	लेखन कौशल के विकास से छात्रों के ज्ञान क्षेत्र विस्तृत हो जाता है।	लेखन कौशल के विकास से छात्रों का ज्ञानक्षेत्र विस्तृत हो जाता है।
11	इससे पहले शुक्रवार को सेंसेक्स अंकों पर चढ़कर अंक स्तर को समाप्त कर दिया गया।	इससे पहले शुक्रवार को सेन्सेक्स अंकों में चढ़कर अंक स्तर को पूरा हुआ।
10	असंयत मन के पुरुष द्वारा योग प्राप्त होना कठिन है, परन्तु स्वाधीन मन वाले प्रयत्नशील पुरुष द्वारा उपाय से योग प्राप्त होना संभव है, यह मेरा मत है।।	परन्तु संयमी पुरुष को चाहिये कि बिना संयमित मन के योग (इन्द्रिय व्यवहार) को प्राप्त कर ले (अर्थात् संयत मन से) योग (योग) दुष्प्रभाव को प्राप्त हो। क्योंकि संयमी व्यक्ति मात्र से ही सब कुछ प्राप्त कर सकता है।।।
7	उस वर्ष महाराजा शिवाजीराव-उच्च विद्यालय से मैट्रिक ्यूलेशन-परीक्षा में उत्तीर्ण हुए।	उस वर्ष महाराजा शिवाजीराव जी उच्च विद्यालय से मैट्रिकुलेशन परीक्षा में उत्तीर्ण हुए।
12	प्रसिद्धा पाण्डे-अभिनेत्री भाग्यश्री की बेटी अवन्तिका दसानी गंगा के बीच पैदल चलने जाती है।	प्रसिद्ध रेलमार्ग-अभिनेत्री भाग्यश्री की बेटी अवन्तिका दस साल के बीच रेलमार्ग में पदार्पण करने जाती है।
3	वह अखरोट खाता है।	वह अखरोट खाता है।
1	अभी अमृत की तरह	अमृत के समान
7	हत्येता नागरिकों को शस्त्र भी मिल चुके हैं।	मारे गए नवरात्रि के बच्चों से शस्त्र भी प्राप्त हुए हैं।
1	अकुटिलता	सरलता
5	राम के समान सत्पुरुष कौन है ?	राम के समान सज्जन कौन है?
20	वास्तविक भोजन वह है जो ब्राह्मण आदि को खिला देने के बाद बचता है, अर्थात गृहस्थ को चाहिए कि वह स्वयं भोजन करने से पहले ब्राह्मण को भोजन कराए, इसी प्रकार प्रेम और स्नेह उसे ही कहा जा सकता है जो परायों से किया जाता है, अपने बन्धु बान्धवों से तो सभी प्रेम करते हैं। बुद्धिमत्ता यह है कि मनुष्य पाप कर्म करने से बचा रहे। धर्म वह है जिसमें छल-कपट न हो।	जो भोजन ब्राह्मण द्वारा खाया जाता है, वह शेष है। परन्तु जो मित्रता दूसरों के साथ की जाती है वह प्राज्ञता ही है। और जो पुरुष दम्भ के बिना पाप नहीं करता, वह धर्मात्मा है।
4	यह बहुत मुश्किल तो नहीं है।	यह कष्टकर नहीं है।
5	आज रविवार है न !	आज रविवार है न !
11	आपने पूर्वजन की तपस्या के प्रभाव से यह मेरा दिव्य रूप देखा है। मेरा दर्शन मोक्ष पद प्रदान करने वाला है, पापियों का इसका दर्शन परम दुर्लभ है ॥	आपके इस रूप के द्वारा किये गये तप का फल मेरे दर्शन से मुक्त हो जाता है। इससे बढ़कर और कुछ भी दुर्लभ नहीं है ॥
12	जिस पुरुष में अहंकार का भाव नहीं है और बुद्धि किसी (गुण दोष) से लिप्त नहीं होती, वह पुरुष इन सब लोकों को मारकर भी वास्तव में न मरता है और न (पाप से) बँधता है।।	जिसका अहंकृत भाव बुद्धि से लिप्त नहीं होता, वह मारकर भी इन लोकों को नहीं मारता, बन्धता भी नहीं रहता।
9	पेट्रोल-डीजल तेल के दाम 35 रुपये प्रति लीटर बढ़ जाएंगे.	एक लीटर पेट्रोल और डीजल तेल की कीमत में 35 रुपये की बढ़ोतरी होगी.
23	रक्षा प्रवक्त्रा ने कहा कि दिसंबर के बाईसवें-तीसवें दिन के बीच में निरीक्षण उपकरणों के माध्यम से चार आततायीओं की गतिविधि हुई थी। इसके बाद उन्होंने भागने का प्रयास भी किया।	रक्षा प्रवक्ता ने कहा कि बीस दिसंबर को-तीस तारीख को आधी रात को निरीक्षण उपकरणों के माध्यम से चार आततायियों की गतिविधि हुई और वे भागने का प्रयास भी किया।
1	नदियाँ	नदियाँ
16	हे यम ऐसे आप स्वर्ग प्राप्ति के साधन रूप अग्नि विद्या को जानते हैं उस अग्नि में श्रद्धा रखने वाले मुझे बताइये स्वर्ग लोक में रहने वाले मनुष्य अमरता को प्राप्त करते हैं। इस प्रकार द्वितीय वरदान के रूप में माँगता हूँ	हे मृत्यु ! तुम सत्त्वअग्नि को स्वर्ग में प्रवेश कराओ और उस सत्त्वगुण को श्रद्धा के लिए महाबुद्धि (मोक्ष) से कह दो। स्वर्ग के लोग अमृतत्व का भोग करते हैं, यह दूसरा वरदान है।
12	मैं आपके मुख से श्रीरामचन्द्रजी की कथा संक्षेप से सुनी। अब मैं स्पष्ट शब्दों में उसे विस्तृत रूप से सुनना चाहती हूँ ॥	श्रीराम की कथा मैंने संक्षेप में सुनी है। अब विस्तार से सुनना चाहता हूँ स्फुटाक्षर सहित ॥
5	क्या आप पात्र में पानी भर देंगे?	क्या तुम बर्तन खुल जाने से भरोगे ?
7	पर्वत से समतल तक के क्षेत्र तीव्र ठंड के ग्रहण में होते हैं।	पर्वत से समतल तक के क्षेत्र तीव्र ठंड के ग्रहण में होते हैं।
4	सूत जी ने कहा हे मुनिजन ।	सूत ने कहा मुनि ।
3	कभी कभी नासमझ हो जाती है ।	कभी कभी मतभेद होते हैं
19	चारों जन्म दिवस के उपलक्ष्य में प्रधानमंत्री संतों और समाजसुधारक गाडगे बाबा के जन्म दिवस का भी उल्लेख किया गया है और मोहित निर्धनों के उठने में उनका योगदान प्रकाशित किया गया है।	चालीस से अधिक जन्म दिवसों के अवसर पर प्रधानमंत्री संत समाजसुधारक गाडगे बाबा के जन्म दिवस का भी उल्लेख किया गया और वंचितों के उत्थान में उनका योगदान प्रकाशित किया।
18	कुलदीप पाठक ने कहा कि विधानसभा सचिवालय तपोवन के सर्दी सत्र की योजना के लिए पूरी तरह से तैयार है और उसकी तैयारी पूरी है।	कुलदीप पाठक ने कहा कि विधानसभा सचिवालय तपोवन के शीतकालीन सत्र के आयोजन के लिए पूरी तरह से सजग है और उसकी तैयारी पूरी हो गई है।
10	पर्यटन विकास निगम के उपाध्यक्ष आरएस बाली ने कहा कि वह कांगग्रेस की महत्वाकांक्षी हैं.	पर्यटन विकास निगम के उपाध्यक्ष आर.एस. बाली ने कहा कि कांग्रेस का गौरव है.
10	देवभूम के कुल्लो आराध्य देव भगवती रघुनाथ ने अयोध्या में राम मंदिर की प्रतिष्ठितता का निमंत्रण स्वीकार किया है।	देवभूमि के कुलपति आराध्यदेव भगवान् रघुनाथ ने अयोध्या में राम मंदिर की प्रतिष्ठा का निमंत्रण प्राप्त किया है।
16	(सहार की स्थिति में) जिस आत्मा के लिए ब्राह्मण तथा क्षेत्रीय ओदन (चावल) के सदृश होते हैं, जिसके लिए मृत्यु उपसेवन (सहायक भोज्य सामग्री दाल तरकारी आदि) बनते हैं, वह ब्रह्म जहाँ है, सामान्य बुद्धि का कौन मनुष्य (उसे) जान पाता है।	जिसका ब्रह्म और क्षेत्र दोनों ही ओदन हैं, वह मृत्यु रूपी अन्न का उपसेचन कैसे कर सकता है? और वह कहाँ रहता है, यह कैसे जानता है ॥
5	देखिये ... फूँकने से फेन उड़ती है।	देखिये ... फुत्कार से फेन उड़ रही है।
6	हे रोगी ! बाहय और दिव्य मुनि तथा राजऋषि और पर्वत तथा सब नदी और समस्त समुद्र तेरी रक्षा करो ॥	इस प्रकार मुनिश्रेष्ठ ब्राह्मणों में श्रेष्ठ और दिव्य राजर्षि कृष्ण भी हैं।
12	यह बात है कि भारत इस दिसंबर के 12 से 14 तारीख तक नई दिल्ली में वार्षिक-शिखर सम्मेलन की अध्यक्षता करता है.	ध्येया कि भारत इस दिसंबर के बारह से चौदह तारीख तक नई दिल्ली में वार्षिक शिखर सम्मेलन की अध्यक्षता करेगा।
5	पढ़कर जल्दी ही लौटा दूँगा ।	जल्दी पढ़कर देता हूँ।
7	उन्होंने इस मौके पर सभी नागरिकों को आजादी और अन्य शुभकामनाएं भी दीं।	उन्होंने इस अवसर पर सभी नागरिकों को स्वतंत्रता दिवस का भी नमन किया।
4	उसके बाद उन्होंने भजन गाए।	बाद में उन्होंने भजन गाया।
5	चम्बा के चौगान मंदिर से लगभग मीटर दूर है।	चम्बा के चौगान आंगन से लगभग एक मीटर दूर है।
8	ठीक है महोदय ! आपकी विमान टिकट तैयार है।	ठीक है महोदय ! आपकी विमान टिकट तैयार हो गई।
3	उनके द्वारा जीया जाता है।	उनके द्वारा जीया जाता है।
8	इस लद्दाख शहर में बड़ों के खिलाफ लघुपलट से युद्ध हुआ।	इसने लद्दाख में बड़े प्रतिद्वंद्वियों के खिलाफ छोटा दल से युद्ध किया।
5	कौन दोपहर में पाठशाला नहीं जाता?	कौन दोपहर में पाठशाला नहीं जाता?
4	चार लड़के जाते हैं।	चार लड़के जाते हैं।
12	सेंटर ने कहा कि जनवरी के दिन केन्द्र सरकार के सभी कर्मचारी राम मंदिर की सफाई कार्यक्रम को देख सकते हैं।	केंद्र ने कहा कि जनवरी को केंद्र सरकार के सभी कर्मचारी राममन्दिरप्राणप्रतिष्ठा कार्यक्रम देख सकते हैं।
7	जाने वालों को सुखपूर्वक यात्रा करें, उन्हें घर पहुँचाने में सुरक्षित रखा करें।	प्रस्थान करने वालों को सुखदायात्रा हो, वे घर सुरक्षित पहुँच गए।
11	हालांकि, आज यह अधिनियम जम्मू-कश्मीर में है-विधिनियमों के अनुसार, मुख्य चुनाव अधिकारी पास में हैं।	हालाँकि, इस समय यह जम्मू-कश्मीर में मौजूद है-विधि के अनुसार मुख्य चुनाव अधिकारी के पास है।
7	सच ही कहा है पवन के द्वारा समस्त जगत् तथा चैतन्यपूर्ण यह समग्र सृष्टि जीवित है।	सत्य ही कहा गया है, यह सम्पूर्ण जगत् वायु से व्याप्त है, सम्पूर्ण सृष्टि चैतन्यमय है।
6	तुम्हारे घर किसका वृक्ष है ?	तुम्हारे घर किसका पेड़ है ?
11	अक्षय, टाइगर और पृथ्वी के राजा सुकुमार मिलकर इस चित्रोतलंकार को बहुत जल्दी करने जाते हैं	अक्षय, टाइगर और पृथ्वीराज कुमार मिलकर इस चित्रोतलंघन को बहुत जल्दी करने जाते हैं
6	पुत्र -मैं कैसे झूठ बोलूँगा ।	पुत्र - मैं झूठ कैसे बोलूँगा ।
4	क्या करूँ मैं ?	मैं क्या करूँ ?
4	और ऊँचे वृक्षों (लकडियों) से रहित वनों को (तृप्त करके)	मुद्दामदाव और विधुर कानन ।
27	तुम तो हर युद्ध में जीत नहीं पाते हो। परन्तु अब तुम राम द्वारा मार डाले गए हो, यह मेरा विश्वास है। अथवा हे महाबल! वसवन से तुमर्ष्या कर रहे हो?	तुम तो सर्वत्र युद्ध में विजय प्राप्त नहीं करते हो किन्तु अब तुम राम के द्वारा मारा गया इस बात का मेरा विश्वास ही नहीं होता है। अथवा हे महाबल ! तुम वासवश पीड़ित हो ?
8	सभी अतिथि घर (होमस्टे यूनिट) पर्यटनकून के तहत लाए जाएँगे।	सभी अतिथि घर पर्यटन कानून के तहत लाए जाएंगे।
1	पशुशास्त्र में	पशुओं के समूह में
1	पायल	मोटा-ताज़ा
13	घर आकर उसने संदूक को खोला, उसमें बहुत कीमती (मूल्यवान) हीरों को देखकर वह बहुत खुश हुई और उसी दिन से वह धनी हो गई।	उसके घर आकर मेढक खूब खाया, उसके बहुमूल्य हीरे देखकर वह खुश हो गयी और अपने दिन की तैयारी कर लगी।
1	राज्य को प्राप्त हुए	राज्य के अनुसार प्राप्त
6	वह जब-तक पढती हैं, मैं तब-तक लिखता हूँ।	वह जब पढ़ती है, वह तब लिखता है।
3	जहां तुम जाते हो।	जहां तू जाता है।
3	नन्दिनी नहीं चलेगी।	नन्दिनी नहीं चलेगी।
17	शाह ने कहा कि इस संगठन की स्थापना भारत के निर्माण में आत्मनिर्भर है-सहकार से उन्नति इस लक्ष्य को प्राप्त करने में रत्न के समान प्रतीत होगा।	शाह ने कहा कि इस संगठन की स्थापना आत्मनिर्भर भारत के निर्माण में-इस लक्ष्य को पाने के लिए सहयोग से समृद्धि रत्न के समान फलदायक होगी।
4	शीखा प्रतियोगिता को प्रथम पुरस्कार, भागीरथ गिरी।	शिखर प्रतियोगिता में भागीरथगिरी ने पहला पुरस्कार पाया।
4	मैं सब्जी खरीदा।	मैंने सब्जी खरीदी
11	सितम्बर, उस महर्षि का जन्म श्री गिरिधर दास के पुत्र के रूप में हुआ था, बालगोपाल का नाम हरिश्चन्द्र था।	सितम्बर, उस क्रिसमस में श्रीगिरिधरदास के पुत्र के रूप में जन्मे बालक का नाम हरिश्चन्द्र था।
20	नएजात शिशुओं के लिए अनेक थर्मामींटियाँ (इन्क्यूबेटर्स) बन चुकी हैं, लेकिन हिमाचल प्रदेश के आईटी मंडी द्वारा ऐसी थर्मामींटर बनाई गई है जो सभी सुविधाएं एक साथ प्रदान करती है।	नवजात शिशुओं के लिये अनेक ताप नियंत्रक बनाये गये, परन्तु हिमाचल प्रदेश के आईटी मण्डी ने ऐसा ताप नियंत्रण किया है जो सभी सुविधाओं को एक साथ प्रदान करता है।
7	वो दोनों जने शान्त हो गए ।	उन दोनों झगड़ों में लोग शान्त हो गए।
20	जनवरी महीने की पहली तारीख को कक्षा 9 अध्ययन-वर्तमान छात्र फरवरी महीने की बीस तारीख तक इसरो अंतरिक्ष जिज्ञासा-इस कार्यक्रम के लिए पंजीकरण करने के योग्य हैं	जनवरी के पहले दिन- कक्षा में अध्ययन-रात्रि के छात्र फरवरी के बीस तारीख तक इसरो अन्तरिक्ष जिज्ञासा-ये कार्यक्रम के लिए पंजीकरण करने के लिए योग्य हैं
3	वृक्ष से अनेक पत्ते गिरते हैं।	पेड़ से पत्ते गिरते हैं।
6	इस प्रकार झगड़ते हुए वे दोनों राजा के पास गए।	इस प्रकार विवाद करते हुए वे दोनों राजा के पास गए।
5	आग्नेयास्त्रियों ने तालाब को भी सूचित किया।	लोगों ने आग्नेयास्त्र स्टेशन टाहलीवाल को भी सूचित किया।
5	हाईड्रोजन प्रदूषण से रहित स्वच्छ ईंधन माना जाता है।	हाईड्रोजन प्रदूषण से मुक्त स्वच्छ ईंधन माना जाता है।
5	नाव चलाने लायक नदी में वह नाव चलाता है।	नदी में वह नौका चलाता है।
8	बोलो .... फिर से चंचलता नहीं करूँगा।	शिक्षिका - बोलो .... फिर चंचलता नहीं करुँगी ।
6	वहीं तेलंगाना राज्य में कांग्रेस ने विजय पाई।	वहीं तेलंगाना राज्य में कांग्रेस ने जीत हासिल की.
10	पीताम्बर दत्त की इच्छा थी कि सभी विषयों का ज्ञान हिन्दी भाषा में पढ़ाया जाए।	पीताम्बर दत्त की इच्छा थी कि सभी विषयों का ज्ञान हिन्दी में पढ़ाया जाए।
8	इसी प्रकार हजारों वर्षा ऋतुओं में दसग्रीव के नए सिर पर आग लगा दी गई।	इसी प्रकार नए हजारों में दशग्रीव के नौ शिराग्नि जलाशय में प्रविष्ट हुए।
10	इस कार्यक्रम में कांग्रेस के वरिष्ठ नेता राहुल गांधी और प्रियंका गांधी शामिल होंगी.	इस कार्यक्रम में कांग्रेस पार्टी के वरिष्ठ नेता राहुल गांधी और प्रियंका गांधी शामिल होंगी।
1	कलाकारों का समूह	नाटक मंडली
10	मधुमास चैत्र शुक्लपक्ष नवमी तिथि कर्क लग्न में, पुनर्वसु नक्षत्र में जिस समय पाँच ग्रह उच्च राशि पर स्थित थे, सूर्य मेष राशि पर विद्यमान थे, उस समय परमात्मा सनातन जगन्नाथ का आविर्भाव हुआ। उस समय आकाश दिव्य पुष्पों की वर्षा से पूर्ण हो गया ॥	सर्प के दूसरे पंख में, नववें कर्कट के शुभ पक्ष में और पुनः वृक्षों के साथ ऊंचे ग्रहपंच पर
17	जब अर्जुन देखता है कि वह अपने गुरु-पितामह-भाईयों और रिश्तेदारों के साथ युद्ध करेंगे, ऐसा देखकर उसका हृदय कांपता हुआ हो जाता है।	जब अर्जुन देखता है कि वह अपने गुरु-दादा-भाईयों और बन्धुओं के साथ युद्ध करेगा, उसका हृदय कांपता है।
11	इस प्रकार अपनी सम्मति देकर भगवान् श्रीराम जटायु को आलिङ्गन कर भाई लक्ष्मण और सीताजी के साथ पञ्चवटी को गये ॥	श्रीरघुनाथजी ने अपने भाई लक्ष्मण और सीता के साथ पाँचवटी को आलिंगन किया और कहा ॥
9	विपक्ष हर समय तानाशाही का आरोप कर सदन से बाहर गया।	विपक्ष सरकार पर तालाशा का आरोप कर सदन से बाहर गया।
1	गुस्से हुआ हुआ ।	क्रोधित
5	सुबह उसने संदेश भेजा	सुबह उसने संदेश भेजा
15	राजभवन में आयोजित समारोह मेंइसने नई विधायी की शपथ ली। राज्यपाल: विश्व-भूषण'हरिचंद्र ने राजभवन में नई विधायी के पद की घोषणा का शपथ लिया।	राजभवन में आयोजित समारोह मेंइन नौ विधेयकों ने मंत्रियों के पद की शपथ ली। राज्यपाल विश्व-भूषण'' हरिचन्दन ने रॉयल पैलेस में नौविधायकों को पदगुह्यता की शपथ दिलाई।
14	गिरिजा – हाँ सखी! आज सुबह ही मेरी नौकरानी (सहायिका) अपनी बेटी के लिए काम हेतु पूछरही थी।	गिरिजा  हाँ सखी! आज सुबह ही मेरी सहायक अपनी पुत्री के लिये कर्माथर पूछ रही थी।
7	अगर मैं खेलूँगा तो गुरु मुझे मारेगा।	अगर मैं खेलूँगा तो गुरु मुझे मारेगा
1	समान रूप से अर्थ बोध करें।	सुसज्जनता
1	उठना	उठो
6	गोह, लोपक ( शृगाल भेद ), बिल्ली, श्वावित्, ऊट, गाय, कछुआ और शल्लकी इनके मास-रसों को भी शाक की भाति दही और अनार रस में सिद्ध करके घी और तेल मे भून कर धनिया और सोठ मिला कर देना चाहिये ||	गोह्ना, घोड़ा, लोट, लोपाक, मार्ज, राष्ट्र, गाय तथा कछुआ इनके चूर्ण को यत्नपूर्वक हरण कर सकते हैं।
1	पात्र	बर्तन
6	जब लौटाना होता है तब कष्ट अनुभव होता है।	जब लौटाया जाता है तब कष्ट का अनुभव होता है।
24	सेंटर संयोजक: डॉ. पंकजत्रिवेदी; सेंटर शिक्षक अमर सिंह रावौड़; संस्कृत भारती: नगर संयोजिका कु. कृपाली कामली; साप्ताहिक बैठक संयोजिका दिलशादपाटडीया; सेंटर के पूर्व छात्र उपस्थित थे।	केन्द्र संयोजक डॉ. पंकजत्रिवेदी महोदय, केन्द्र शिक्षक अमरसिंह राठौड़ महोदय संस्कृत भारती नगर संयोजिका कु. कृपाली कामली, साप्ताहिक मिलन संयोजी दिलशाद पाटडीया बहन केन्द्र के पूर्व छात्र भी उपस्थित थे।
7	चलचित्र के निर्देशक अनिल शर्मा भी शिमला आएँगे।	चलचित्र के निर्देशक अनिल शर्मा भी शिमला आएँगे।
11	कवि ने आठ अध्यायों के सूत्र क्रम का अनुसरण करके, 1,500 सूत्रों में 4,000 गाने लिखे हैं।	कात्यायन ने आठध्यायी सूत्रों का अनुसरण करके 1,500 सूत्रों में 4,000 वार्तियाँ लिखी हैं।
13	नल-वह मधुमेह और मोटापे पर चल रहे जागरूकता कार्यक्रम में बोल रहे थे।	टैप-2 -वह मधुमेह और अति मोटापन के बारे में एक जागरूकता कार्यक्रम में बोल रहे थे।
6	यह पहली बार है जब इतने भारी उपग्रह लॉन्च किए गए हैं।	इतने अधिक भार वाला उपग्रह पहली बार लॉन्च किया गया है।
5	अमेरिका में भी संस्कृत भारती का कार्यालय है।	अमेरिका में भी संस्कृत भारती का कार्यालय है।
5	कार्यशाला में 35 शिक्षकों का प्रशिक्षण हुआ।	कार्यशाला में 35 शिक्षकों को प्रशिक्षण दिया गया।
9	चन्दन – सखियों के साथ ! मेरे साथ नहीं (दुःख का अभिनय करता है)	चन्दन  सखियों के साथ! मेरे साथ नहीं! (विषाद का अभिनय)
9	जिन पाचनों को अतिसार- चिकित्सा मे कहगे उनको पिलाना चाहिये। भोजन से पूर्व हरड को गुड़ के समान भाग में खाना चाहिये । अथवा त्रिफला क्वाथ के साथ निशाथ का चूर्णं देना चाहिये । गुदाश्रित दोष के नष्ट होने पर अर्श स्वय नष्ट हो जाते है ॥	हे हैतिमारिके ! तुम उसकी यथाविधि विधिपूर्वक पाचन करना चाहिये। चाहे वह सगुड़ा हो अथवा प्रशय भिक्षा हो, चाहे वह अम्ल शहद पीने योग्य हो, फिर अंड और अंडकार हो, इसमे थोड़ा सा दूध पकाकर भूनना चाहिये ॥
8	भोजपुर नगर में, रोहतास नगर में और भभुआ नगर में औरंगाबाद नगर में तीव्र ठंड का अनुभव होता है।	भोजपुर में, रोहतासनगर में और भभुआ शहर में औरंगाबाद में तीव्र ठंड का अनुभव होता है।
7	वह पक्षियों और पशुओं को पकड़कर अपना गुजारा करता था।	पक्षी और मृग आदि को पकड़ने से वह अपनी जीविका चलाता था।
9	तमे वर्षे दिसंबर महीने की तारीख को संयुक्त राष्ट्र सतत महासभा की स्थापना हुई।	तमे वर्षे दिसंबर महीने की दिनाङ्क को संयुक्त राष्ट्र महासभा की स्थापना हुई।
6	जो (मनुष्य) अपना कल्याण और बहुत अधिक सुख चाहता हैं,	जो पुरुष अपने लिए कल्याण और अत्यधिक सुख चाहता है।
1	काया	शरीर
5	झरोखे से सारा नगर दिख रहा है।	खिड़की से पूरा शहर दिख रहा है।
11	बाद में शिवाजी महाराज ने इन मत्स्यों को एक साथ मिलाकर मावळा नाम किया।	बाद में शिवाजी महाराज ने इन मालों को एक साथ मिलाकर मावला नाम दिया।
15	संसदीय कार्यों के मेघ स्वरूप सदन के राज्य मंत्री अर्जुन राम ने नियमों को कम करने का, प्ली-कार्ड के प्रदर्शन के कारण सांसदों को इस्तीफा दे दिया प्रस्ताव पेश किया।	संसद के कार्यों को कम करने के लिए मेघवाल ने सदन के राज्य मंत्री अर्जुनराम नियमों को कम किया, और Play-Card के प्रदर्शन के कारण सांसदों को निलंबित करने का प्रस्ताव पेश किया।
6	भारत में तीन सौ से अधिक ओमीक्रॉन भिन्नताएं, जो बहुत अधिक गंभीर नहीं हैं, पाई जाती हैं।	भारत में तीन सौ से अधिक ओमीक्रॉन किस्में दिखाई पड़ती हैं।
4	गिलहरी यहाँ वहाँ दौड़ रही थी।	गिलहरी इधरउधर दौड़ रही थी।
6	नहीं, मैं आज सायंकाल शहर जाऊँगा।	नहीं, मैं आज शाम को नगर नहीं जाऊँगा।
8	जब तक इनका उपयोग नहीं किया जाता, तब तक इनका साज-सज्जा में नुकसान होता है।	जब तक उसका उपयोग नहीं किया जाता तब तक वह सामग्री सजावट में नष्ट कर दी जाती है।
3	वह पढ़ना चाहता है!	वह पढ़ना चाहता है।
5	विषयों में सुख वास्तव में बड़े दुःख का कारण है।	वस्तुतः विषयों में सुख ही दुःख का कारण है।
11	और भी देखो (अर्थात् सोचो) यदि मल धारण करने वाले नश्वर शरीर के बदले में शाश्वत और विशुद्ध यश मिल जाए तो फिर क्या प्राप्त नहीं हुआ अर्थात् सब कुछ प्राप्त हो गया	यदि नित्यप्रति मेरे मन में निर्मल मल और वायु रहे, तो शरीर से यश प्राप्त हो जाय; किन्तु वह प्राप्त न हो तो क्या?
10	इससे पतञ्जल का समय सामान्यतः ख्रिस्तपूर्व 150 वर्षों का है।	उससे पतंजले का समय आमतौर पर 150 वर्ष पूर्व ज्ञात होता है।
8	हे अर्जुन ! ब्रह्म लोक तक के सब लोग पुनरावर्ती स्वभाव वाले हैं। परन्तु, हे कौन्तेय ! मुझे प्राप्त होने पर पुनर्जन्म नहीं होता।।	हे अर्जुन ! जो अब्रह्म के अवतारों में निपुण है, वह मुझ (परमात्मा) को प्राप्त होकर फिर से जन्म नहीं लेता।।
12	सचमुच की आइंस्टाइन बड़ी संकटमय हो गई है !! इस समय चालक के रहस्य का खुलासा किया जाएगा ।	असली आइंस्टाइन बड़ी मुसीबत में फंस गया है !! इस समय चालक का रहस्य खुलासा किया जाएगा।
6	वहाँ उन्होंने योग ध्यान का अभ्यास कराया।	वहाँ उन्होंने योग ध्यान का अभ्यास कराया।
3	वह पहुँची।	वह पहुँची।
4	मुझे नमक पसंद है |	मुझे नमक अच्छा है।
8	शाम को जैस्मी का झगड़ा हिमाचल प्रदेश के मेनका देवी के साथ होगा।	समापन चक्र में जैस्मीन का टकराव हिमाचल प्रदेश के मेनकादेवी से होगा।
7	वोटों की गिनती हिमाचल प्रदेश के साथ 8 दिसंबर को होगी.	हिमाचल प्रदेश के साथ 8 दिसंबर को मतगणना होगी
6	उसे यह पुरोहित था कहा गया है।	कहा गया है कि उनका यह पुरोहित था।
4	हे सरस्वती (वाणी) आप अपनी नवीन वीणा को बजाओ।	नवीन नाम की वाणी बजाओ। वीणा का।
3	दोनों ने पढ़ा।	वे दोनों पढ़े।
3	वह अपनी सेल्फी देखता है।	वह अपनी सेल्फी देखता है।
7	राजकोट में विजिलेन्स विषय पर प्रशिक्षण सत्र है ।	राजकोट में सतर्कता के बारे में प्रशिक्षण सत्र है।
1	सभी धनों में	सारा धन
5	गायमाता मेरे पुत्र को दूध देती है।	गायमाता मेरे पुत्र को दूध देती है।
5	पूजा संस्कृत छात्रा है	पूजा संस्कृत छात्रा है
5	कर्णपरम्परा से उस भालू के विषय में अनेक किंवदन्तियाँ फैल गयीं।	कान से कान तक कहकर भालू पर आश्रित हो गये।
18	अब वैयाकरण बोलता है- फिर भी ज्ञान के साथ प्रयोग में, ज्ञान के साथ प्रयोग में धर्म का यहाँ गौरव की भावना है, क्योंकि एक धर्म में साधन करने में ही दोनों की आवश्यकता प्रतिपादित की जाती है।	अब वैयाकरण बोलता है- फिर भी ज्ञानपूर्वक प्रयोग में धर्म का गौरव का दोष है ऐसा हम मानते हैं, क्योंकि एक धर्म में ही दोनों की आवश्यकता पूरी हो गई है।
17	यदि पेया नहीं निकालकर सारा दिन सरल वाट्सचार्ज होता तो वाट्स ऊर्जा का अपव्यय होता है	यदि पिन को निष्क्रिय करके सारा दिन सरल वाटचार्जर होता है तो वाट ऊर्जा का अपव्यय होता है ।
16	इसी क्रम से हिमाचल प्रदेश-संस्कृत-अकादमण्य में भी हमीरपुर जिले के श्री विश्वनाथ संस्कृत कॉलेज- चकमोह में पूर्ण उत्साह, और श्रद्धा से पांचवें पर्व का आयोजन किया जाता है।	इसी क्रम में हिमाचल-संस्कृत-अकादमी भी हमीरपुर जिले के श्री विश्वनाथ संस्कृत कॉलेज-चकमूह में पूर्ण उत्साह के साथ, श्रद्धामय-भाव से बसन्तपंचमी मनाया जाता है।
3	बिल्ली वहाँ घूम रही है।	बिल्ली वहाँ घूमती है।
7	आज सुबह अनेक लोगों ने योगासन किया ।	आज सुबह अनेक लोगों ने योगासन किया।
7	राज्य का सबसे ठंडा जिला है 7.830 सेल्सियस।	राज्य का सबसे ठंडा जिले 7,60 डिग्री सेल्सियस पर स्थित है।
9	पत्नी –  हाँ , आज अनावश्यक पत्र फेंकने हैं	पत्नी  हाँ , आज आवश्यक कागजात फेंकने हैं।
6	वो हमारे राष्ट्रीय सलाहकार समिति के अध्यक्ष हैं	वह हमारे राष्ट्रीय सुरक्षा सलाहकार समिति के अध्यक्ष हैं।
6	तेल देखो तेल की धार देखो ।	तेल देखो तेल की धार देखो
3	मैं सीढ़ियों से चढ़ा।	मैं सीढ़ियों से चढ़ा।
7	मुख्यमंत्री सुखविंदर सिंह सुक्ख ने कहा कि समय सूचना एक प्रारंभिक निर्णय है।	मुख्यमंत्री सुखविंदर सिंह सुक्ख ने कहा कि समय सूचक पूर्वानुमान है।
6	आप स्कूल की छुट्टियों में कहाँ घूमना पसंद करते हैं?	आपको स्कूल की छुट्टियों में कहाँ घूमना पसंद है?
9	आज तुम भी विद्यालय न जाओ। मैं भी नहीं जा रहा हूँ।	आज तुम भी विद्यालय नहीं जाओ ? मैं भी नहीं जाता हूँ।
8	श्र नाऊ ! नखों को काट शिर मूंड और मूछ भी मूंड।	हे नापित ! नाखून खींचकर मेरा शिर और दाढ़ी काट लो।
9	हम कहते हैं कि लक्ष्य ने आज तक किसी भी दूरदर्शन प्रदर्शन में काम किया है।	लक्ष्य ने आज तक किसी भी दूरदर्शन प्रदर्शन में काम किया है ऐसा कहते हैं।
1	स्थापित हो जाता है	अवशेष
8	सत्र में मुख्य अतिथि के रूप में विश्वविद्यालय के वास्तुकला विभाग के पूर्व प्रोफेसर प्रोफेसर एस.के.सिंह उपस्थित थे।ओंकारनाथ चतुर्वेदी महाभाग एकत्र हुए थे।	इस सत्र में मुख्य अतिथि के रूप में विश्वविद्यालय के वास्तुकला विभाग के पूर्व प्रोफेसर प्रोओङ्कारनाथ चतुर्वेदी महात्मा उपस्थित थे।
3	कागजातों को फाइल में संगृहीत करता है।	कागजातों को फाइल में रखता है।
7	छात्रवृत्ति योजनाओं में भ्रष्टाचार का निवारण करने की व्यवस्था की गई है।	छात्रवृत्ति योजनाओं में भ्रष्टाचार को रोकने के लिए यह नई व्यवस्था की गई है।
10	तमे वर्षे इस संस्था के लगभग नौ हजार लोगों ने आत्मसमर्पण किया।	उस वर्ष इस संस्थान के लगभग नौ हजार लोगों ने आत्मसमर्पण किया।
1	नाच ।	नाचना
5	जिन्हें जान लेने से ही व्यक्ति अपने आपको सर्वज्ञ समझ सकता है।	जिससे विज्ञानमात्र से ज्ञान की प्राप्ति हो सके।
1	स्वर्ग	प्रकाशना
8	परीक्षा समय छात्रों को केवल पारदर्शी जलपुट, पारदर्शी पेन और पेन लाना चाहिये।	परीक्षा के समय छात्रों को केवल पारदर्शी वॉलीबाल पैनल ले जाना चाहिए।
22	भौतिक-वाचक-मानसिक-चिंतकों के द्वारा विरोधियों के विषयों पर द्वेष किया जा रहा है-जिस प्रकार आज इस शतक का नाखून दूसरों के नाश करने के लिए तैयार हूँ-इस भावना का विकास होता है।	विषयों की प्रतीति के समय विरोध करने वाले पदार्थों से द्वेष करते हुए वह शारीरिक-वाचक-मानसिक-चेष्टाओं के द्वारा दूसरों के लिए दु:ख होता है जैसे आज इस शत्रु का नाश कल दूसरों का नाश करूँगा यह भावना का विकास होता है।
6	वीर पुरुष कभी नष्ट नहीं होता।	वह वीर शत्रु नहीं हिलता ।
12	और ऐसी घटना को रोकने के लिए सुरक्षा चार विभाग एक साथ कार्य करते हैं।	और भी ऐसी घटना को रोकने के लिए सुरक्षा-चार- विभाग एकजुट होकर-कार्य करते हैं।
16	तेलंगाना राज्य के राज्यपाल तिमिलसाई सौंदर्य-राजन ने हैदराबाद में श्री लाल बहादुर शास्त्री स्टेडियम में श्री रेड्डी पर शपथ ली।	तेलंगाना राज्य के राज्यपाल तमिलसाई सौन्दर्य-राज्य ने हैदराबाद के श्री लाल बहादुर शास्त्री स्टेडियम में श्री रेड्डी वर्या को शपथ दिलाई।
5	अभी भेड़िये ने हिरन पकड़ लिया।	अभी ही डक ने हिरन पकड़ लिया है
6	मुझे नहीं पढ़ना है क्या ?	क्या मुझे पढ़ना नहीं है क्या ?
4	तुम सब ने लौकी का हलुआ पकाया।	तुमने लौकी का हलुआ पकाया है।
15	इस दूरदर्शी महत्वाकांक्षी योजना का उद्देश्य प्रत्येक नगरीय स्वास्थ्य कल्याण केंद्र के माध्यम से लगभग सहस्रों लोगों की स्वास्थ्य सेवाएं सुनिश्चित करना है।	इस दूरदर्शी महत्वाकांक्षी योजना का उद्देश्य प्रत्येक शहरी स्वास्थ्य केंद्र के माध्यम से लगभग हजारों लोगों की स्वास्थ्य सेवा को सुनिश्चित करना है,
9	गुरुवार को सेनसेक्स ने दिन के सबसे नीचे से लगभग 1,000 अंकों की बारिश की।	गुरुवार को सेंसेक्स ने दिन के सबसे निचले स्थान से लगभग 1,000 अंकों के साथ कूदा।
8	यह सब जानकर जयद्रथ डर से बहुत व्याकुल हुए।	यह सब जानकर जयद्रथ डर से बहुत व्याकुल हो गया।
8	तब रावण ने भी धारा के समान मेघ जिस प्रकार बाणों के मूसलों से राम को बरसा दिया था,	रावण ने भी तब धारावाहिक बादल की तरह बाणों और चुम्बकों के द्वारा राम को वर्षा की।
6	कालाय उसे नमस्कार है इस प्रकार बोल सकता है।	काल के लिए नमस्कार इस प्रकार बोल सकते हैं।
9	सियार-यदि ऐसा है तो मुझे अपने गले से बाँधकर जल्दी चलो।	जरद्गव- अगर ऐसा है तो मुझे अपने गला में खींचकर जल्दी चलो।
4	कल हम चक्रव्यूह का निर्माण करेंगे।	कल हम चक्रव्यूह बनाते हैं।
9	विधानसभा का पांच दिवसीय शिशिरात्र मंगलवार से शुरू हुआ, जो दिसंबर तक होगा.	विधानसभा का पांच दिवसीय शिशिर सत्र मंगलवार को शुरू हुआ, जो दिसंबर तक होगा।
5	शयुन भाषा में''श''उन्होंने यह अक्षर स्वीकार किया।	शयुन भाषा में''श''इस अक्षर को स्वीकार किया।
10	इनके अतिरिक्त वसिष्ठजी के आज्ञानुसार मुख्यमुख्य वाराङ्गनायें तथा पुरवासी और जनपदवासी भी वहाँ उपस्थित हो गए ॥	वसिष्ठजी ने जैसा कहा, वह सब वहाँ स्थित रहा ॥
10	उस सत्यमय पुरुष के लिए कौए शहद की वर्षा करते हैं या माधुर्य की वर्षा करते हैं।	उस सत्यमय पुरुष के लिये वायु शहदवर्षा या मधुवर्षा करती हैं।
3	ऑर्बिटर सुरक्षित है।	ऑर्बिटर सुरक्षित है।
3	चैत्र को गांव भेजते हैं ।	चैत्र गांव को भेज रहा है।
10	परन्तु तुम्हारे नौकर सदा सब जगह उपस्थित नहीं हो सकते।	परन्तु तुम्हारे नौकर हमेशा और सब जगह उपस्थित नहीं हो सकते हैं।
7	फिर भी उन्होंने बदलूराम का नाम सूचि से नहीं निकाला।	फिर भी उन्होंने बदलूराम का नाम आवलित नहीं निकाला।
5	रात में चन्द्रमा पर चन्द्रयान का अवतरण देखूँगा।	रात को चन्द्रमा पर चन्द्रयान का अवतरण देखूँगा।
4	वह गन्ने का रस निकालती है ।	वह गन्ने का रस निकालती है।
6	नहीं समझ आ रहा है कि आज शब्द कहाँ गए।	नहीं समझ आ रहा है कि आज शब्द कहाँ गए।
11	वानर राज हनुमान एक ही क्षण में ही पर्वत के शिखर पर कूदकर पहुँच गये। वहाँ पर श्रीराम और लक्ष्मणजी एक वृक्ष की छाया में खड़े हो गये ॥	उसी क्षण एक बहुत लम्बा महाकपि पर्वत के शिखर पर गिर पड़ा और वह श्रीराम और लक्ष्मण एक वृक्ष की छाया में स्थित थे ॥
18	राम लक्ष्मण भी सुग्रीव के साथ मित्रता करना चाहते हैं ने लक्ष्मण के मुख से सुना। । उससे सुग्रीव की विजय अवश्य होगी ऐसा विचार कर वह बहुत आनन्दित हुआ। इसलिए वह राम लक्ष्मण के साथ मित्रता करना चाहता है ।	श्रीरामचन्द्रजी की यह वाणी को सुनकर मुनि हर्षित हो गये और बोले हे कपिपुत्र ! तुम दोनों को अपने मन को स्थिर करके और अपने शत्रु के पराजय के पश्च्यात सखियाँ बनाओ, तब तुम दोनों उनसे मित्रता करोगे ॥
4	सभी मुनियों के साथ आज की पारणा  हमारे घर पर कीजिएगा।	आज विरह कीक्रिया समस्त मुनियों के साथ हमारे घर में करना चाहिये।
7	देवी सरस्वती भी उस निशाचर को छोड़कर चली गई।	देवी सरस्वती भी उस निशाचर को छोड़कर चली गई।
9	मानवाधिकार दिवस हर साल दिसंबर के दिनाङ्क को पूरे विश्व में मनाया जाता है।	मानवाधिकार दिवस हर साल दिसंबर को पूरे विश्व में मनाया जाता है
7	बाढ़ के कारण कोच्चि एयरपोर्ट भी बंद है।	बाढ़ के कारण कोच्चि हवाई अड्डा भी बंद है।
4	ठीक मौके पर आप पधारे।	ठीक समय पर आया ।
9	उस महाबली ने भी 'ठीक' ऐसा कहकर मल्लयुद्ध के लिए भीमसेन को चुना।	उस महाबल ने भी 'तुम' कहकर द्वन्द्वयुद्ध के लिये भीमसेन को चुना।
17	सीएसी द्वारा प्रस्ताव के स्वीकृत के बाद परियोजना प्रपत्रों और प्रस्तावित मानकों के विकास का काम अब भारत द्वारा शुरू किया जाएगा।	प्रस्ताव को सीएसी द्वारा स्वीकार करने के बाद परियोजना और प्रपत्रों का प्रस्तुतीकरण, प्रस्तावित मूल्यों के विकास का काम अब भारत द्वारा शुरू किया जाएगा।
4	दादीजी के लिये कुर्सी लेता है	दादीजी के लिये कुर्सी ले जाती है
10	मुख्यमंत्री ने कहा कि यह उपक्रम सरकार की प्रतिबद्धता को अत्याधुनिक स्वास्थ्य सेवाएं प्रदान करने के लिए है।	मुख्यमंत्री ने कहा कि यह पहल अत्याधुनिक स्वास्थ्य सेवाएं प्रदान करने के लिए सरकार की प्रतिबद्धता को दर्शाती है।
5	हर शनिवार उसे पढ़ाने जाता हूँ	हर शनिवार को उसे पढ़ाने जा रहा हूँ ।
7	उनके माता-पिता और बड़ी बहन अकाल से पीड़ित होकर मृत्यु को प्राप्त हो गए।	उसके माता पिता और बड़ी बहन अकाल से मर गए।
5	आज मेरा पिता घर आएगा।	आज पिताजी घर आएँगे।
3	जो कार्य कल करना है, उसे आज ही कर लेना चाहिए।	कल काम आज कर लो
3	आप कौन ?	आप कौन हैं ?
5	वनरक्षण में (वन की रक्षा करने में	वन संरक्षण में वनवासियों का विशेष योगदान है।
15	वृन्दावनसे मधुपुरीको जाते समय जो माधवने यह कहा था कि मैं शीघ्र ही लौटकर आऊँगा इस वाणीरूपी बीजसे उत्पन्न हुए एकमात्र आशावृक्षको मयनजलसे सींचती और बढ़ाती हुई [विरहसे] व्यथितहृदया राधा किसी प्रकार उन महीनों को काटती थी ॥	श्री महादेवजी बोले हे माधव ! मैं शीघ्र ही आपकी कृपा से एक ही बगीचे में आरूढ़ हो जाऊँगा। श्री बाधवजी के प्रेम से अनेक महिने तक श्रीराधाजी ने बालवृक्ष को आँखों के नयनों के तिलों से सींचते हुए बढ़ाया था ॥
6	मुख्यमंत्री सेवा संकल्प-हल्प लाइन योजना में कृत्रिम बुद्धि का उपयोग होगा।	मुख्यमंत्री सेवा कल्प- हेल्पलाइन योजना में कृत्रिम बुद्धिमत्ता का उपयोग होगा।
4	ठीक मौके पर आप पधारे।	ठीक समय पर आया ।
11	और अत्यन्त प्रेमपूर्वक उन्हें अपना इतिवृत्त सुनाने लगे। वह बोले सखे ! मेरा वृत्तान्त सुनिये पूर्व समय में वाली ने मेरे साथ जो किया है। वह सुनाता हूँ ॥	श्रीरामचन्द्रजी ने अपने प्रणाम और अभिनन्दन के विषय में प्रसन्नतापूर्वक कहा "मित्र सुनो, प्राचीनकाल में वाली द्वारा जो कुछ किया गया था, उसे आप सुनो ॥
13	नवम्बर दिनाङ्क को दीपों की आवलि में उत्तराखंड के उत्तरकाशी जिले में निर्माणाधीन गुफा में गिरने से श्रमिक अवरुद्ध थे।	नवंबर को अर्थात दिवाली की रात को उत्तराखंड के उत्तरकाशी जिले में निर्माणाधीन गुफा के गिरने से श्रमिक रुके हुए थे।
7	माता पिता भी इसके पालन की आवश्यकता है।	माता पिता को भी इसका पालन करने की आवश्यकता है
9	कांग्रेस पार्टी की "ट्रैक रिकॉर्ड" प्राक्तन कार्य में लीनताओं और भ्रष्टाचार से भी बचा रहता है।	कांग्रेस पार्टी की "त्रिय रिकॉर्ड" प्राक्तन कार्य में लीन और भ्रष्टचारों की है।
1	अभ्यास	अभ्यास
8	योगका सेवन करनेसे जिस अवस्थामें निरुध्द चित्त उपराम हो जाता है तथा जिस अवस्थामें स्वयं अपने-आपमें अपने-आपको देखता हुआ अपने-आपमें सन्तुष्ट हो जाता है।।	जहाँ चित्त को सुप्रीम योग से नियन्त्रित किया जाता है और जहाँ आत्मा द्वारा आत्मा को देखा जाता है, वहीं आत्मा से सन्तुष्ट होता है।
4	आज विद्यालय में गीत स्पर्धा थी।	आज विद्यालय में गीत स्पर्धा थी।
6	शुंग वंश के पुष्य मित्र का काल सबसे पहले दूसरा शतक है।	शुङ वंश के पुष्यमित्र का काल: ई. से दो सौ वर्ष पहले।
8	साहित्य से ही साहित्यकार अपने भावों और विचारों के समाज में प्रसारित करता है।	साहित्य के माध्यम से साहित्यकार समाज में स्वभाव और विचार फैलाता है।
8	सामान्य विकास के समय चैतन्य शर्मा की जगह विधायक नंदलाल सदस्य बनेगा।	सामान्य विकास समिति के अध्यक्ष के स्थान पर विधायक नंदलाल सदस्य बनेगा।
1	स्वामी	मालिक
7	वर्ष 1977 में उनका नाम मैंने सुना था।	सत्ताईसवें वर्ष में मैंने उसका नाम सुना।
5	हिमाचल विधानसभा में विधानसभा चुनाव जीते हैं।	हिमाचल विधानसभा में विधानसभा परिसर में पहुंच गया है।
7	पैत्तिक-ग्रहणी - कटु, अजीर्ण, विदाही, अम्ल तथा क्षार आदि के सेवन बढा हुआ पित्त अभि को आञ्जावित करके उसी प्रकार नष्ट कर देता है, जैसे गरम पानी अनि को शान्त कर देता है। पित्त प्रकोपक वस्तुओं से पित्त मे उणमा और द्रबाश दोनो बढते है । द्रवाश के कारण जनि पुझ जाती है ।	कद्दू के जीर्ण अम्ल से पितृ-मुल्बण की वृद्धि होती है और गरम जल से शीतल वायु भी अमला को बढ़ाता है।
5	प्रधानमंत्री ने भी विपक्ष का सहयोग मांगा।	प्रधानमंत्री ने भी विपक्ष से सहयोग मांगा।
3	ऑर्बिटर सुरक्षित है।	ऑर्बिटर सुरक्षित है।
1	आ गया	लाया हुआ
35	वह कहता है कि हिमाचल के विभिन्न हिस्सों से जुड़े लोग अपने प्रदेश की विरासतों के बारे में जानकारी फैलाते हैं, जिसके कारण अब छा गोश्त, सिड्डू, बबरु, खट्टा, मदरा, तोड़किया भात इत्यादि स्थानीय विरासतों को राष्ट्रीय परिचय के रूप में दक्षिण भारतीय विरासतों की भाति देखा जाता है। वे महानगरों में लोकप्रिय हैं।	वह कहता है कि हिमाचल के विभिन्न हिस्सों से जुड़े लोग अपने प्रदेश के व्यंजनों के बारे में जानकारी फैलाते हैं, जिसके कारण अब छा गोश्त, सिड्डी, बबरु, खट्टा, मदरा, तुड़किया भात आदि स्थानीय व्यंजन राष्ट्रीय परिचय के रूप में और दक्षिणी भारतीय व्यंजन हैं, मेट्रो-नगरों में वे लोकप्रिय हो रहे हैं।
5	तुम किसे देख कर हँस रहे हो ?	तुम किसको देखकर हँसते हो ?
1	बहायें।	पिघलती हैं
10	घर के बाहर जहाँ जहाँ कूड़ा था वो सब कूड़ेदान में डाल दिया।	घर के बाहर जहाँ जहाँ कूड़ा था वो सब कूड़ेदान में डाल दिया।
3	वह खेत में दौड़ता है।	वह मैदान में दौड़ता है
5	चक्र धारण करता है इसलिए उसको चक्रधर कहते हैं ।	चक्रधर यह सोचता है कि वह चक्र धारण करता है ।
7	सर्वप्रथम मंगलादा ने नईविष्णु रेगमी ने संस्कृत कक्षा के नियमों का आनंद लिया।	सभी को मंगल देकर नवीनविष्णु रेग्मी ने संस्कृत कक्षा के नियमों को सुनाया।
5	पहाड़ों के नीचे जंगल हैं ।	पर्वतों के नीचे वन हैं ।
9	ये खिलाड़ी पैरा प्रतियोगिता में दौड़ने हैं- धनुर्विद्या- सात प्रतियोगिताओं में फुटबॉल बैरोलों सहित प्रतिस्पर्धा करेंगे।	ये खिलाड़ी पैरा प्रतियोगिता में दौड़ने- धनुर्विद्या-फुटबॉल वजन उठाने सहित सात प्रतियोगिताओं में भाग लेंगे।
15	जिससे लोग धोखाधड़ी कर सकते हैं और राज्य के बीज उत्पादकों की हानि निवारण किया जा सके	जिससे ठगने वाले लोग पकड़ सकते हैं और राज्य के सेब उत्पादकों को नुकसान दूर किया जा सके।
13	इंदिरा गांधी चिकित्सा विज्ञान संस्थान ऐसे समय में निवास करने के कारण लोग व्याकुल हो जाते हैं	इंदिरा गांधी चिकित्सा संस्थान उसी समय निवास के कारण लोग व्याकुल हो जाते हैं
4	मेरी गोदी में नहीं आती है ।	मेरी गोदी में नहीं आता है
6	वहीं तेलंगाना राज्य में कांग्रेस ने विजय पाई।	वहीं तेलंगाना राज्य में कांग्रेस ने जीत हासिल की.
4	मोर किसानों का मित्र है।	मोर किसानों का मित्र है।
1	हम दोनो का	हम दोनो का
7	सुचरित्र से मनुष्य महान् बन सकता है।	सुचरण से कोई भी मनुष्य महान हो सकता है।
8	वहां तूने कभी सिंह भी देखा था वा नहीं?	वहाँ तुमने कभी सिंह देखा है वा नहीं ?
1	निवृत्त होंगे।	वापस करेंगे
13	मण्डी जिले के रिवालसर में राज्य स्तरीय कार्य आयोजित किया जाता है जिसमें छात्र के साथ विभिन्न सरकारी संस्थाओं भी भाग लेती हैं।	मंडी जिले का रिवालसर राज्य स्तरीय कार्य है जिसमें छात्र सहित विभिन्न गैर सरकारी संस्थाएँ भी भाग लेती हैं।
3	हम सब छात्र।	हम सब छात्र
3	तथा जिस दिन श्मशान में गमन हो और युद्धके दिन महोत्सव और उत्पातके दिन पढ़ना पढ़ाना योग्य नहीं तथा जिन दिनोंमें ब्राह्मण नहीं पढ़ते जैसे प्रतिपत् उन दिनोंमें नहीं पढ़ना और अशुद्ध होकर किसी दिन भी न पढ़े ॥	श्मशान यानायानाहवे महोत्सवों तथा प्रदर्शनों में।
2	यह बोलती है।	यह बोलती है।
7	वह पूछता है , आज क्या होगा ?	वह पूछता है , आज क्या होगा ?
10	इसके बाद उस धन के साथ दो हजार से अधिक छह हजार काम शुरू हुए।	इसके बाद बैंक ने छह से दो हजार के साल में काम शुरू कर दिया।
6	स्वचालित परीक्षा केंद्र की स्थापना के लिए भी आवेदन आमंत्रित किए गए हैं।	स्वचालित परीक्षा केंद्र की स्थापना के लिए भी आवेदन आमंत्रित किए गए हैं।
9	आकर उसने सेठ से कहा- “हे सेठ ! धरोहर के रूप मे रखी मेरी वह तराजू दे दो।	आकर उससे कहा- हे सेठ! दीजिए मुझे वह धरोहर।
10	इष्टगन्ध आदि से युक्त प्रिय और हितकर अन्न शरीर मे पृथक् २ गन्ध आदि गुण घ्राण आदि इन्द्रियों को पृथक् २ तर्पण करता है । अर्थात् स्वादु और हितकर अन्न के पार्थिव आदि भाग अपने अपने गुणों से अपनी अपनी इन्द्रियो का तर्पण करते हैं ॥	अन्न, मिठास, पकाये हुए पदार्थों से, गन्ध आदि से तथा प्राण आदि से पृथक् होकर शरीर को प्रसन्न करता है।
11	मंत्री जगत सिंह नगिन की अध्यक्षता में आयोजित बैठक में उद्योग मंत्री हर्षवर्धन चौहान विशेष रूप से उपस्थित थे।	मंत्री जगत सिंह नेगी की अध्यक्षता में आयोजित बैठक में उद्योग मंत्री हर्षवर्धन चौहान विशेष रूप से उपस्थित थे।
13	मौसम विज्ञान केंद्र शिमला-यह पूर्वानुमान है कि जनवरी तक राज्य के सभी हिस्सों में वातावरण स्वच्छ होगा।	मौसम विज्ञान केंद्र शिमला के अनुसार, राज्य के सभी हिस्सों में जनवरी तक वातावरण स्वच्छ रहेगा।
4	महान् सौभाग्य के लिए उठो	महान सौभाग्य के लिए ऊँचा आवाज उठाओ।
7	मदनलाल धींगरा ने जब आंग्ल अधिकारी कर्जन की हत्या कर दी तब	मदनलालधींगरा ने जब आंग्ल अधिकारी कर्जन की हत्या कर दी तब
6	आज सुबह नीरजा बहन जुहू चौपाटी गई।	आज प्रातः नीरजा बहन जुहूतट गई।
6	आभा – मेरे पास टार्च है।	आभा  मेरे पास टार्च है।
8	इच्छानुसार घड़ों को ले जाओ। दूध को बेचकर ही बड़ों की कीमत दे देना।	इच्छानुसार घड़े लाओ। दूध बेचकर ही घड़े का मूल्य दे दो।
1	मार्ग द्वारा	मार्ग से
11	उन्होंने यह भी कहा कि किसी भी शास्त्र में शास्त्रोक्त स्थिति की प्राप्ति तभी होती है, जब मनुष्य के चारों प्रयोजनों को प्राप्त करने की क्षमता उसमें हो।	उन्होंने कहा कि किसी भी शास्त्र में शास्त्रों का सम्पादन तभी होता है जब वहाँ पुरुषार्थ और चतुर्द्यस सम्पत्ति का सामर्थ्य होता है।
19	फ्रांस के राष्ट्रपति इमैनुएल मैक्रॉन भारत के 2024 गणतंत्र दिवस समारोह में मुख्य अतिथि होंगे। विदेश मंत्रालय ने कहा कि फ्रांस के राष्ट्रपति ने भारतीय प्रधानमंत्री नरेंद्र मोदी का निमंत्रण स्वीकार कर लिया है।	भारत की 2024वीं वर्षगांठ में गणतंत्र दिवस समारोह में फ्रांसीसी राष्ट्रपति इमैनुएल मैक्रॉन विशिष्ट अतिथि होंगे। विदेश मंत्रालय ने बताया कि उसने भारतीय प्रधानमंत्री नरेंद्र मोदी का निमंत्रण स्वीकार कर लिया है।
6	तब उसके घर की तीन हिलती हैं	तब उसके घर के टीन हिलते हैं ।
1	फुदक रही हैं	विहार करते हुए
9	यदि तुम सब पापियों से भी अधिक पाप करने वाले हो,  तो भी ज्ञानरूपी नौका द्वारा,  निश्चय ही सम्पूर्ण पापों का तुम संतरण कर जाओगे।।	और यदि तू पापियों के लिए सबसे बड़ा पाप करने वाला है तो भी ज्ञानप्रलय से ही इस सम्पूर्ण कुमुद को तृप्त करोगे।।
14	श्री राम बोले: हे भीरु ! तू शोक न करने योग्य अपने पति के लिये क्यों व्यर्थ शोक करती है ? तू यह सोचसमझ कर बता कि तुम्हारा पति यह देह है या इसमें रहने वाला जीव यदि देह पति है तो यह जड पञ्चभूतमय एवं त्वचा, मांस, रुधिर, अस्थि से निर्मित है। तथा काल, कर्म और गुणों से उत्पन्न होने के कारण वह अभी भी तुम्हारे सामने पड़ा है ॥	हे पति ! क्या तुम व्यर्थ शोक के विषय में भयभीत हो ? हे जीव ! यह शरीर ही तुम्हारा पति है, इसलिये तुम उसे तत्त्व से बताओ ।।
4	मैंने चुपचाप सब खा लिया ।	मैंने चुपचाप सब खा लिया।
1	सुंदरी	स्त्री
4	वह दुष्ट आत्मा अन्याय से राज्य करता था।	उसने दृष्टिदोष होकर राज्य किया।
12	वहाँ कामदेव के समान सुन्दर रमानाथ श्री रामचन्द्रजी को सीता के साथ बैठे हुए देखकर वह काम से विमोहित राक्षसी रघुनाथ जी से बोली तुम किसके पुत्र हो? तुम्हारा नाम क्या है ? इस आश्रम में जटावल्कल आदि धारण कर क्यों रहते हो यहाँ रहकर तुम कौन सी वस्तु प्राप्त करना चाहते हो? यह मुझे बतलाओ ॥	वह कन्या उस रमानाथ को सीता के साथ ठहरती हुई और कामधेनु के समान राम को देखकर चकित हो गई।
23	उन्होंने बताया कि मुख्यमंत्री सुखाश्रय योजना के तहत मण्डल बिलासपुर में राज्य के बच्चों को पंजीकरण किया गया है, जिनके लिए योजना के तहत विभिन्न लाभ प्रदान किए गए हैं।	उन्होंने बताया कि मुख्यमंत्री सुखश्रय योजना के तहत मंडलबिलासपुर में वर्ष भर से राज्य के बच्चों को पंजीकरण कराया गया है, जिनके लिए योजना के अंतर्गत विभिन्न लाभ प्रदान किए गए हैं।
9	इनके आयोजन का पर्दे के पीछे बनाने वालों की इकाई और बनने वालों की दहाई थी।	इनके आयोजन के रास्ते में एक निर्मित आसन और एक दशक का प्रदर्शन था।
9	जैसे-जैसे इस लोक में जो कुछ कार्य होते हैं, वे सब तुझी संचित की जाती हैं।	यदि ये जो इस लोक में किये जाते हैं, पसंद होते हैं तो उन्हें नियोजित कर।
6	मेरे घर पीतल की थाली है	मेरे घर पीतल की थाली है
6	इनमें चिकित्सालय आधुनिक चिकित्सा सुविधाओं से सुसज्जित होगा।	इनमें से चिकित्सालय आधुनिक चिकित्सा सुविधाओं से सुसज्जित हो जाएँगे।
6	आप चिड़िया की भाषा जानती हैं क्या ?	आप चिड़िया की भाषा जानते हैं क्या ?
1	प्रसन्न हुए।	प्रसन्न करते हुए।
1	अच्छी तरह से	बहुत अच्छा
11	मैंने कहा  हे मुनिगण: मेरे अनेक पुत्र कलत्रादि भूख से वुभुक्षित हैं। अत एव उनके भरणपोषण के लिए कुछ लेने आ रहा हूँ ॥	मुनियों में श्रेष्ठ पुत्र और स्त्रियाँ हैं, इनमें से बहुत से मुझे भूख लगी हुई है ॥
11	पहली प्राथमिकी का पंजीकरण करने के बाद, जितेन्द्रक को पुलिस के पकड़े और उन्हें कानूनी ड्यूटी पर कब्जा कर लिया गया, वे दोनों मुक्त हो गए।	पहली प्राथमिकी के पंजीकरण के बाद जितेन्द्र कुमार को पुलिस ने पकड़ लिया और न्यायिक अधिकार लेने के बाद गिरफ्तार किया।
64	उसका भाई रामकुमार उसे तारने के पास आया, लेकिन वह भी गोलियों से मर गया! बीस वर्ष की कोठारी भाई''जय श्री राम''इस नाम से शहीद हुए गोली मारने के दौरान कई लोग पुल के समीप फेंक दिये गए, उन्होंने मर गये या हनन किया नहीं देखा, लेकिन उस शाम को तो निर्लज्ज सरकार ने समाचार दिया कि गोली मारने में केवल कार सेवक ही मर गये! बाबरी भूतल उस वर्ष दिसंबर को पुनः कार सेवा करने का निर्णय लिया गया	उसका भाई रामकुमार उसे बचाने के लिए पास आया, लेकिन उस शाम कोलज सरकार ने बात दी कि गोलीकाण्ड में केवल कार सेविका मारे गए! बाबरी भूमि उस वर्ष दिसंबर-माह की तारीख को फिर से कारवा करने का निर्णय लिया गया।
3	कैसे बोलूँ ?	कैसे कहूँ ?
2	संयम रूपी धन वाले	धन पर काबू रखना
1	जल।	पानी
3	दूसरा भूमि पर रख रहा है।	दूसरा भूमि पर रखता है।
3	प्रेक्षागृह में प्रवेश ही नहीं करना चाहिए	प्रेक्षागृह में नहीं चलना चाहिए।
6	अभिनेत्री सिमरत कौर चलचित्र की नायिका हैं।	अभिनेत्री सिमरत कौर चलचित्र की नायिका है।
17	अमुन ने कहा कि उज्जैन की शुरूआत से यह यात्रा मध्य-प्रदेश के छह सौ स्थानों पर पहुंच गई, लाखों लोग इससे लाभान्वित हुए।	उन्होंने कहा कि उज्जैन की यह यात्रा मध्य प्रदेश के छह सौ स्थानों पर शुरू हुई और लाखों लोग इससे लाभान्वित हुए।
8	स्त्रियों और बच्चों के सुरक्षा के लिए कई प्रावधान किए गए हैं।	महिलाओं और बच्चों की सुरक्षा के लिए कई प्रावधान किये गये हैं।
1	बाद	बाद में
3	विशाखा कान का झुमका खरीदती है।	विशाखा कान के पैंट खरीदती है।
5	निश्चित रूप से वह उस कारण के समाप्त होने (मिट जाने) पर प्रसन्न भी हो जाता है।	निश्चित ही वह उसके आने पर प्रसन्न होता है
22	पर्यटन मंत्री पीए मुहम्मद रियास ने कहा कि हेली पर्यटन परियोजना को आगंतुकों को राज्य के विभिन्न हिस्सों में बहुत तेज़ी से पहुंचने और खूबसूरत क्षितिजों का आनंद लेने में सक्षम बनाने के लिए डिज़ाइन किया गया है।	पर्यटन मंत्री पीए मुहम्मद रियास ने कहा कि हेली पर्यटन परियोजना केवल केरल के मनोरम दृश्यों को देखने के लिए आने वाले पर्यटकों के लिए राज्य के विभिन्न हिस्सों तक पहुंचने के लिए आयोजित की गई है।
10	उन्होंने कहा कि अपना वीरभद्रसिंह ने राज्य में धर्मान्तरण से विरोध करने का विधेयक लाया था।	उन्होंने कहा कि स्वस्ति वीरभद्रसिंह ने राज्य में धर्म के परिवर्तन के खिलाफ विधेयक लाया था।
10	कहा जाता है कि रामचरण सिनेमा में सुहेल देव बरहज की राजपूत योद्धा की भूमिका पर दिखाई देता है।	कहा जाता है कि रामचरण फिल्म में सुहेलदेव बरहज नाम के राजा के योद्धा की भूमिका में दिखाई देता है।
2	वे सब फूल हैं।	वे फूल।
3	सभी स्थानों पर क्या वर्जनीय है?	क्या सब जगह त्याग देना चाहिए?
15	हालाँकि, वर्तमान वित्तीय स्थिति अच्छी नहीं है, जिसके कारण से राज्य सरकार काम करने वालों और व्यवसायियों को लटके हुए वित्तीय जिम्मेदारियों को निभाने में कष्ट का अनुभव करती है।	हालाँकि, वर्तमान वित्तीय स्थिति अच्छी नहीं है, जिसके कारण राज्य सरकार कर्मचारियों और व्यवसायियों को लटके हुए वित्तीय भुगतान करने में कष्ट अनुभव कर रही है।
4	जहाँ कहीं पर भी जाता हूँ	जहां-जहाँ जाऊँ
6	खिचड़ी देओ और दूध वहाँ ले जाओ ।	खिचड़ी दे और दूध ले जा
7	ग्रीक भाषा में''थैले''इस प्रकार धातुधारण करने वालेार्थक, संस्कृत भाषा में भी.	ग्रीक भाषा में''थैं''इसका धातुधारण अर्थ है, संस्कृत भाषा में भी वैसा ही।
4	हम लोग सामूहिक गीत गाते हैं।	हम सब सामूहिक गीत गाते हैं।
8	रेलवेस्टेशन से घर जाकर वह भाई के साथ अल्पाहार करेगी।	रेलवे स्टेशन से घर जाकर वह भाई के साथ नाश्ता करेगी।
5	उत्तम लड़की से धन लेता हूँ।	उत्तम लड़की का धन लेता हूँ ।
1	अत्यधिक	अधिक
1	कंघी	प्रसाधन करना
6	पहले रणधीर शर्मा ने चर्चा में भाग लिया।	सबसे पहले रणधीर शर्मा ने चर्चा में भाग लिया।
19	जैसे सच्चिदानन्द के घनी परमात्मा श्रीकृष्ण नित्य हैं, उसी प्रकार समय-समय पर इस पृथ्वी पर उसकी आवृत्ति-तिराभाव आदि चलती हैं, उसी प्रकार से सच्चिदानन्दमयी भगवती श्रीराधा भी निति है।	जैसे सच्चिदानन्दमयी परमात्मा श्रीकृष्ण नित्य हैं, इसी प्रकार समय-समय पर उनके उद्भव-तिरोभावादिक इस संसार में चलते हैं, उसी प्रकार सच्िदानंदमयी भगवती श्रीराधा भी नित्य है।
4	पांच हज़ार रुपये।	पांच हजार वाला यह राज्य का रुपया है।
6	इसपर श्लोक हैं कि ये अति स्थूल और अतिकृश दोनों मनुष्य अतिनिन्दितः हैं और मध्य शरीर ( न अति मोटा न दुबला ) मनुष्य श्रेष्ठ है और अति मोटेसे तो दुबला ही अच्छा होताहै ॥	यहां लोग अत्यन्त गरम रहते हैं, सर्दी और मोटी वस्तुओं को पोंछते हैं, किन्तु स्त्रियाँ अत्यन्त कृश रहती हैं।
7	अन्यथा साधनाभावाद भी कोई मनुष्य हमेशा संतुष्ट दिखता है।	अन्य साधनों के अभाव में भी कोई भी मनुष्य हमेशा संतुष्ट दिखाई देता है।
10	इसने संसदीय कार्यों के दो कार्यसूचक और वित्त विभाग के दो कार्यसूचक पर सहमति दी है।	इस में संसदीय कार्यों के दो कार्य सूचनाओं और वित्त विभाग के दो कार्यों सूचनाओं पर सहमति दी गई है।
4	वे दोनों वहां स्नान करते हैं ।	वे दोनों वहां गाते हैं ।
3	धारा नगरी कहाँ है?	धारानगरी कहाँ है?
8	उज्जयिनी के राजा विक्रमादित्य के काल से विक्रमसंवत्सर की गणना होती है।	उज्जयिनी के राजा विक्रमादित्य के समय से विक्रम वर्ष की गणना होती है।
16	श्री लाल बहादुर शास्त्री संस्कृत विश्वविद्यालय में, नई दिल्ली में दीक्षा ग्रहण समारोह मुख्य अतिथि राष्ट्रपति द्रौपदी मुर्मू, केंद्रीय मंत्री धर्मेन्द्र प्रधान और अन्य गणमान्य अतिथिगण एक साथ उपस्थित हुए।	श्री लाल बहादुर शास्त्री संस्कृत विश्वविद्यालय में, नई दिल्ली में दीक्षांत समारोह मुख्य अतिथि राष्ट्रपति द्रौपदी मुर्मू, विशिष्ट अतिथि केंद्रीय मंत्री धर्मेन्द्र प्रधान की गरिमा में आयोजित किया गया।
9	नियम ज्ञान है परन्तु प्रयोग नहीं है अर्थात् भाषा नहीं आती है।	नियम ज्ञान है पर प्रयोग नहीं है तो भाषा नहीं आती है।
5	इस समय शान्ति स्थापित नहीं है ।	अब शान्ति नहीं स्थापित हुई ।
6	दूसरा मिलना हिमाचल-तेलाङ्गान के बीच हुआ।	दूसरा मिलन हिमाचल और तेलंगाना के बीच हुआ।
6	विश्व की प्राचीनतम ग्रन्थ ऋग्वेद में काशी उल्लिखित है।	विश्व के प्राचीनतम ग्रन्थ में ऋग्वेद में काशी का उल्लेख है।
9	कोई एक वन्यजीव खाने से पेट भर जाता है ना?	क्या एक ही जानवर के खाने से आपका पेट भर जाता है?
4	पुतला जलाने से कुछ भी नहीं होगा।	बगुलों के दमन से कुछ भी नहीं होगा।
12	सभी न्यायाधीश समान राय थे कि ऐसी अद्वितीय परंपरा नहीं और शहर भी ऐसा नहीं है जो वर्ग के लिए अभिलषणीय हो।	सभी न्यायाधीशों ने सहमति व्यक्त की कि ऐसे अद्वितीय दंपती न नगर के हैं और न ही अभिजात वर्ग के हैं।
5	प्राचीन काल में अयोध्याका राजा दशरथ थे।	पहले दशरथ अयोध्या के राजा थे।
8	जो पुरुष सब कामनाओं को त्यागकर स्पृहारहित? ममभाव रहित और निरहंकार हुआ विचरण करता है? वह शान्ति प्राप्त करता है।।	कामना से रहित (व्यर्थ में) सभी लोकों को त्यागकर चराचर करता है और निर्मम, निरहंकार (निर्लोभी) पुरुष शान्ति को प्राप्त करता है।।
6	सभी समिति सदनों की विशेष मार्गदर्शन से कार्यक्रम सफल रहा।	सभी समिति सदस्यों को एक विशेष मार्ग दिखाने से कार्यक्रम सफल रहा।
11	आक्षेपक तो फिर लोक में इन शब्दों का प्रयोग कैसे नहीं दिखता है? वैयाकरण (व्याकरण)--अप्रयोग(के प्रयोग) के अभाव में।	आक्षेपक तो फिर संसार में इन शब्दों का प्रयोग कैसे नहीं दिखता है? बदलाव-अप्रयोग चूंकि निरर्थक हैं।
3	यह संदीप है ।	यह संदीप है ।
19	दुर्जन को (सज्जन बनाने के लिए) न धर्मशास्त्र कारण होता है और न ही वेदों का अध्ययन इस विषय में तो स्वभाव ही ऐसा बलवान कारण है, जैसे गाय का दूध स्वभाव से ही मधुर होता है ।	धर्मशास्त्रका न पढ़ना ही कारण है, वेदका अध्ययन भी कारण नहीं है, मनुष्य स्वभावही ऐसा कहलाता है। जिस प्रकार प्रकृति से मीठा गायका दूध पकाया जाता है
3	सभी वाहन रुक गए हैं।	सभी वाहन रुक गए।
7	राजा का अपना हित प्रिय नहीं होता है। प्रजाओं का हित ही तो उसे प्रिय होता है।	जो राजा का हित नहीं होता, प्रजा का हित होता है ॥
7	मेरा वीर्य लज्जित होता है और हाथ से धनुष बहता है।	मेरा वीर्य लज्जित होता है और हाथ से धनुष फोड़ता है।
9	सेब के लिए समर्थन मूल्य, अनुदान, औरपणक की अच्छी व्यवस्था आवश्यक है।	सेब के लिए समर्थन मूल्य, अनुदान और विपणन की अच्छी व्यवस्था आवश्यक है।
7	जाह्नवी के चलचित्र के लिए अंतिम संस्कार हुआ है।	जाह्नवी इस फिल्म के लिए अंतिम रूप में पहुंची है।
1	सेम	शिम्बा
3	एक निर्धन बोला	एक निर्धन बोला
10	इससे देश के पूर्वोत्तर क्षेत्र के सभी आठ राज्यों में भाजपा को सत्ता मिल जाएगी।	इससे देश के उत्तर-पूर्व क्षेत्र के आठ राज्यों में भी भाजपा का सत्तारूढ़ पद हासिल होगा।
10	और ऐसा लगा जैसे कोई हाथी पानी पी रहा है, यह सोचकर मैंने धनुष पर बाण चढ़ाकर शब्दवेधी बाण छोड़ा। परन्तु वहाँ पर मनुष्य सूचक शब्द हुआ कि हा! में मारा गया । हे विधे! मैंने तो किसी का मैं कोई अपराध नहीं किया था, मुझको किसने मारा? ॥	हाथी पानी पीता है, ऐसा महानिशि समझकर बाण का धनुष काटता है और शब्दरूप धन्वंतरि को फेंकता है।
1	प्रारम्भ किया	नाशवान
10	राजा ने अपने वन जन प्रिय पुत्र को भाई लक्ष्मण और स्त्री के साथ जंगल में भेज दिया है ॥	उस वनवास के प्रिय पुत्र को अपने भाई लक्ष्मण ने अपनी पत्नी के साथ विदा किया ॥
7	वह वृद्ध माता पेड़ के नीचे खड़ी है	वह बूढ़ी माँ पेड़ के नीचे खड़ी है
15	ए.आई. को कृत्रिम बुद्धिमत्ता के रूप में मान्यता दी गई है-इसे वैश्विक संधि के बारे में एक शिखर सम्मेलन में नई दिल्ली में लॉन्च किया गया है-घोष का कार्यान्वयन स्वीकार किया गया.	आर्टिफिशियल इंटेलिजेंस ए.आई. पर वैश्विक गठजोड़ नामक शिखर सम्मेलन द्वारा दिल्ली में नई दिल्ली-घोषणा के कार्यान्वयन को स्वीकार किया गया।
4	वह शशांक है	वह खरगोश है
1	हथेली पर प्राण लेकर	ले लिया
1	दैनिक	प्रतिदिन
8	इस अवसर पर संस्कृत विश्वविद्यालय के कुलपति, विद्वान शिक्षक, छात्र और अन्य लोग उपस्थित थे।	इस अवसर पर संस्कृत विश्वविद्यालय के कुलपति, विद्वान, शिक्षक, छात्र और अन्य लोग उपस्थित थे।
6	मैं गिरीश बोल रहा हूँ। मित्र !	मैं गीरी बोल रहा हूँ। मित्र !
8	सुदैव से यह संभव होता है। परन्तु इस आत्मा के संशय (वाले कार्य) में प्रयत्न नहीं करना चाहिए।	भाग्य से होता है। परन्तु इस आत्मसंदेह में प्रवृत्ति न डालें।
11	इमरान खान ने रूस से भारत की तेल खरीद पर अमेरिकी आपत्तियों पर जयशंकर की प्रतिक्रिया की सराहना की।	इमरान खान ने रूस से भारत के तेल खरीदने के बारे में अमेरिकी प्रतिक्रिया पर जयशंकर की सराहना की।
12	मेनका द्वारा आगे-आने में तमिलनाडु ने पी.एस. चार अंकों से गिरा था.	मेनका ने प्रग-उपान्त्य चक्र में तमिलनाडु की पी.एस. गिरजा को चार एक अंकों से हरा दिया।
5	मुझे मिलाकर सत्ताईस लोग थे।	मेरे साथ सत्ताईस लोग थे।
5	परन्तु अन्यदेव मरणशीलों के साथ द्वेष करता है।	परन्तु वह अन्यदेव को मानों द्वेष करता है।
3	आप विद्यालय जाईये।	आप विद्यालय जाईये।
4	उसने मेरा वाहन तोड़ दिया	उसने मेरा वाहन तोड़ दिया
2	जिसकी श्रद्धा है, वह यज्ञ करते हैं।	जो अर्द्ध यज्ञ करते हैं
1	हिमालय पर्वतों	हिमालय
7	अंग्रेज लोग तो लोगों पर बहुत अत्याचार करते थे।	अंग्रेज लोग लोगों पर बहुत अत्याचार करते थे
6	आदि नाम का छात्र संस्कृत कार्यक्रम का संचालन करेगा।	आदि नाम का छात्र संस्कृत कार्यक्रम का संचालन करेगा।
5	परमात्मा जागत् का स्रष्टा है।	परमात्मा जगत् रचयिता है।
4	वह हमें बगीचे में खिलाती है।	वह हमें बगीचे में खिलाती है।
7	इसी प्रकार, इल्मा अफरोज पुलिस अधिकारी जिला बाडी नियुक्त किया गया।	इसी प्रकार एलमा अफरोज को जिला पुलिस अधिकारी नियुक्त किया गया।
9	यह सम्मान देश के लिए उनके अतुलनीय योगदान के लिए समर्पित है।	यह सम्मान देश को उनके अतुलनीय योगदान के लिए समर्पित है।
16	हे राक्षसेश्वर ! कार्य करने वाले का यहाँ निवास कैसे होगा ! इसलिये जल्दी से विमान रख दो !	हे राक्षसेश्वर ! मेरे यहाँ रहने का काम कैसा हो सकता है। इसलिये जल्दी से विमान पर चढ़ो !
9	नौ सौ वर्ष पहले लिखी यह पुस्तक काश्मीर का इतिहास बताती है।	नौ सौ वर्ष पहले लिखी यह पुस्तक काश्मीर का इतिहास बताती है।
10	संसार ऐसा कहता है कि) चन्दन ही शीतल (होता) है, वस्तुतः) पुत्र के शरीर का स्पर्श (तो) चन्दन से भी बढ़कर होता है।	और इसी प्रकार लोक चन्दन के बोलने पर निश्चय ही शीतल जल आता है और पुत्र के शरीर में चन्दनाद होता है।
15	यदि सब ठीक हो जाए तो घटना के आधार परनिर्मित फिल्म में काफी जल्दी ही सफलता मिलती है।	यदि सब कुछ ठीक हो जाए तो बहुत जल्दी ही सत्या घटना के आधार पर बनी फ़िल्म में दिखती है।
3	आगे सीढ़ी है।	आगे सीढ़ी है।
14	उसे देखकर राक्षसी कैकेयी ने दशग्रीव को कहा बेटा तेजसमूह से व्याकुल अपने भाई को देखो।	उसे देखकर राक्षसी कैकेयी दशग्रीव से बोली हे पुत्र ! तेज से ढका हुआ भाई वैश्रवण को देख।
3	उपक्रम बहुत मनोहर है।	उद्यम से बहुत आनन्दित है।
6	क्या वे सज्जिता के रूप में सुशय्या नहीं दिख रही हैं?,	क्या तुम सुशिक्षित नहीं दिख रही हो ?
5	पृथ्वी पर जल, अन्न और सुवचन ये तीन ही रत्न हैं,	पृथ्वी पर तीन रत्न जल और अन्न के समान सुभाषित हैं।
5	वे विलासी लोग आने वाली आपदा को नहीं देखते हैं।	वे विलासी लोग आने वाली आपदा को नहीं देखते हैं।
6	पुलिस को देखकर कुछ लोग रास्ता बदल देते हैं।	पुलिस को देखकर कुछ लोग रास्ता बदल देते हैं।
7	उससे पहले से दुहितर को लेकर मैं वन आ गया हूँ।	उसके सामने पुत्री लेकर मैं वन आ गया।
20	न इधर ही कुछ है, न उधर ही, जहां-जहां जाता हूँ वहीं कुछ भी नहीं है, विचार करके देखता हूँ तो यह जगत भी कुछ नहीं है, स्वात्मा के बोध से बढ़कर और कुछ भी नहीं है॥	जब मैं जाता हूँ वहाँ मुझे कुछ भी दिखाई नहीं देता। विचार कर देखता हूँ कि संसार में कुछ भी अपनी समझ से बढ़कर कुछ भी नहीं है।
8	शहर और आसपास के कस्बों में फैले जहरीले धुएं के जाल ने कई तरह की अस्वास्थ्यकर समस्याएं पैदा कर दी हैं।	जिले और आसपास के जिलों में फैल रहे जहरीले धुएं से कई प्रकार के अस्वस्थ मामले सामने आए हैं।
5	सबल बनें , सफल बनें।	सबल हो जाएँ और सफल हो जाएँ।
5	जाल में बँधा हुआ बाघ यह थककर ।	जाल में बँधा हुआ वह बाघ थका हुआ है।
4	बाद में वह घूमता है ।	बाद में वह घूमता है ।
9	यहाँ आप लोगों के प्रीति के लिये कुछ भी चित्र प्रस्तुत किये गये हैं, उनको देखकर आपलोग प्रसन्नता पूर्वक निःसारण कीजिये	यहाँ कुछ चित्र आप की प्रसन्नता के लिए रख दिये जाते हैं देखकर हमें प्रेम करना ।
9	भगवान् के अतिरिक्त जनधन वैभव,वस्तु और शरीर आदि में मुझे कोई भी अनन्यभाव या अन्यता नहीं है।	भगवान के अतिरिक्त जनधन, वैभव और शारिर आदि कोई भी बात मेरी नहीं है।
10	बांग्लादेश में प्राप्त हुई रिपोर्ट के अनुसार,शेखहसीना की टीम संसदीय रूप से-उन्होंने आसन में जीत हासिल की.	बांग्लादेश में हुई खबर के अनुसार, वोटों की गिनती में शेख हसीना की टीम संसदीय-उन्होंने सीटों में जीत हासिल की.
1	आग	हवन करने वाला
9	लोसभा हॉल में वित्त मंत्री ने 21,000वां वर्ष का चौबीस-पांचीस-यह प्रशासन द्वारा अनुमानित उपलब्धियों की रिपोर्ट प्रस्तुत की गई है।	लोसभा में वित्त मंत्री ने वर्ष के चौबीसवें-पांचवें वर्ष में प्रशासन के अनुमानित उपलब्धियों की रिपोर्ट दी।
7	हे मधुसूदन ! हम सब तुम्हारी शरण में आ रहे हैं।	हे मधुसूदन ! हम तुम्हारे पास आ रहे हैं।
6	क्रोध से उत्पन्न होता है मोह और मोह से स्मृति विभ्रम। स्मृति के भ्रमित होने पर बुद्धि का नाश होता है और बुद्धि के नाश होने से वह मनुष्य नष्ट हो जाता है।।	क्रोध से भ्रम उत्पन्न होता है, भ्रम से भ्रम और स्मृति के भ्रम से बुद्धि नष्ट हो जाती है।
3	तुम जाते हो क्या?	तुम जाते हो क्या?
23	कार्यक्रम का संचालन संस्कृत शिक्षक डाॅअमनदीप शर्मा ने किया। उन्होंने बालिकाओं की शिक्षा की आवश्यकता, छात्रों के लिए मादक सामग्री की रक्षा के उपायों पर चर्चा की और शिक्षा में बदलाव के लिए सरकार के प्रयासों का जिक्र किया।	कार्यक्रम का संयोजक संस्कृत शिक्षक डाॅअमनदीप शर्मा ने बालिकाओं के शिक्षण की आवश्यकता, छात्रों के मादक पदार्थों की सुरक्षा के उपायों पर चर्चा की और शिक्षा के लिए सरकार के प्रयासों का जिक्र किया।
10	भगवान ने नारद से कहा - नारद, पृथ्वी पर मेरा एक परम भक्त है	भगवान नारद बोले हे नारद! भूमि पर मेरा एक परम भक्त है।
5	सबके पास शिक्षा अवश्य करनी चाहिये।	सबके पास शिक्षा अवश्य ही होनी चाहिए।
5	जल के मनुष्यं पानी में डूबकर तीर पर बैठते हैं।	जलमनुष्य जल में डुबकी मारकर तट पर बैठता है।
2	सादर नमन करती हूँ ।	सादर नमन
12	हे अर्जुन ! "कर्म करना कर्तव्य है" ऐसा समझकर जो नियत कर्म आसक्ति और फल को त्यागकर किया जाता है, वही सात्त्विक त्याग माना गया है।।	हे अर्जुन ! जो कर्म यथार्थ में किया जाता है, वह कर्म आसक्ति और फल को त्यागकर सात्त्विक ही माना जाता है।
9	और कहीं पर पति भी अपनी पत्नी के रूप में देवी का रूप धारण कर, सखियों के समान मानो।	और दूसरे स्थान पर पति को भी अपनी पत्नी को देवी के रूप और सखियों के समान समझना चाहिए।
6	दीपिका –हाँ मुझे भी सबने बुलाया।	दीपिका  हाँ मुझे भी सबने बुलाया।
1	नाट्यवेद की	नाट्य का
6	दिल्ली में भी सर गंगाराम अस्पताल है।	दिल्ली में भी सर गंगाराम अस्पताल है।
7	प्रत्येक हिमाचल प्रदेश निर्वाचन आयोग में नियुक्तियां बाह्य आधार पर आयोजित की जाएंगी।	प्रत्येक हिमाचल प्रदेश परिवहन आयोग में नियुक्ति बाहरी आधार पर की जाएगी।
8	वाहन चलाने के समय अपना पालन करें और अत्यधिक विश्वास करें।	वाहन चलाते समय अपना पालन करें और अधिक विश्वास छोड़ दें।
6	तब संन्यासी की रक्षा करने की दृढ़ बुद्धि (मैंने) की।	तब संन्यासी को बचाने का प्रयत्न किया।
4	देवदत्त के शिर में बाल काले हैं।	देवदत्त के मूड काले हो जाते हैं।
6	आज मतदान के लिये जाना है।	माता  आज मतदान के लिए जाना है।
2	तुम क्या पढ़ते हो ?	तुम क्या पढ़ते हो ?
8	संजय ने कहा -- इस प्रकार मैंने भगवान् वासुदेव और महात्मा अर्जुन के इस अद्भुत और रोमान्चक संवाद का वर्णन किया।।	संजय ने कहा -- हे महात्मान ! मैं वासुदेव और पार्थ का अद्भुत संवाद सुन चुका हूँ।
5	वह हिन्दी नहीं जानता है।	वह हिन्दी नहीं जानता है
13	प्रमाद रहित सिद्ध गण श्रीरामचन्द्र जी को परम अद्वितीय, सबका आदि कारण, माया के गुणप्रवाह से पृथक् वर्णन करते हैं, तथा वह अहर्निश उनका भजन करते हैं और परमपद को प्राप्त करते हैं ॥	जो लोग परमपद को प्राप्त करने के लिए श्रीरामचन्द्रजी को नित्य पूजते हैं वे दयालु, दयालु और सम्यक् गुणों से रहित श्रीरामजी को ही परमपद कहते हैं और उनके पूजन के फल की आकांक्षा रखने वाले होते हैं वे उसी प्रकार उनके परमधाम को प्राप्त होते हैं ॥
1	सब शक्तियों से युक्त	सर्वशक्तिमान से
5	पति - आज फिर से ....	पति - आज फिर ....
8	इस लद्दाख शहर में बड़ों के खिलाफ लघुपलट से युद्ध हुआ।	इसने लद्दाख में बड़े प्रतिद्वंद्वियों के खिलाफ छोटा दल से युद्ध किया।
7	अगर मैं खेलूँगा तो गुरु मुझे मारेगा।	अगर मैं खेलूँगा तो गुरु मुझे मारेगा
10	लेकिन इसी समय भवननिर्माण मंत्री, मुख्यमंत्री अखिलेश कुमार और निकट सहायक को स्वीकार किया गया था।	परन्तु इस समय भवन निर्माण मंत्री, मुख्यमंत्री अखिलेश कुमार और पास के सहायक ने स्वीकार किया था।
6	इस समय आह करके पाँच सभाएँ होंगी।	इस दौरान आहत्य पाँच सभाएँ होंगी।
6	अब असम सैनिकों का प्रयाणगीत बदलूराम के नाम पर है।	अब असम सैनिकों का प्रयाणगीत बदलूराम के नाम पर है।
8	विभा - "रेल से उतर रहा है" ऐसे बोलो ।	विभा - "रेल से उतर रहा है" ऐसा बोलो ।
1	सत्यनिष्ठा से	सत्यनिष्ठा से
7	वर्ष 1977 में उनका नाम मैंने सुना था।	सत्ताईसवें वर्ष में मैंने उसका नाम सुना।
8	चारो तरफ से ऋषियों के आश्रमों से सुशोभित, ब्रह्मर्षियों और देवर्षियों से सेवित वह आश्रम साक्षात् दूसरे ब्रह्मलोक के समान प्रतीत हो रहा था ॥	ऋषियों व विरशीगण द्वारा सेवित इस मुनि मन्दिर को साक्षात् ब्रह्मलोक ही अलङ्कृत कर दिया गया है ॥
8	न्यास प्रस्ताव ने अंतिम रूप से स्थल का चयन करके अग्रिम कार्य योजनाएं निर्धारित की हैं।	न्यास के प्रबन्ध से स्थल का चयन करके अग्रिम कार्ययोजना अंतिम रूप से निर्धारित की गई है।
5	यह ग्रन्थ उसके द्वारा तेईस वर्ष की अवस्था में रचा गया था।	यह ग्रन्थ उन्होंने तेईस वर्ष की अवस्था में रचा था।
8	ये वस्तुएँ बनाने में प्रायः एक सप्ताह होता है।	ये वस्तुएँ बनाने में प्रायः 1 सप्ताह लगता है ।
10	पंकज उधमके पुत्री नेयाब उधम ने अपनी इंस्टाग्रामपटल पर लिखकर अपने पिता की मृत्युकी पुष्टि की।	पंकज उद्धस की बेटी नाया उद्धस ने अपने इंस्टाग्राम पर उनके निधन की पुष्टि की।
1	माला	गले का हार
7	हिमाचल प्रदेश के समतल मध्य-उच्च पर्वतीय क्षेत्रों में मौसम बदल गया।	हिमाचल प्रदेश के समतल मध्य-उच्च पर्वतीय क्षेत्रों में मौसम बदल गया।
6	घर की चाभी किसके पास है ?	घर की चाभी किसके पास है ?
16	माना जाता है कि 2,200 किमी की मारक क्षमता वाली इस बन्दूक को 10 नवंबर को ओडिशा के तट पर अब्दुल कलाम द्वीप से लॉन्च किया जाएगा।	माना जाता है कि 2,300 किमी की दूरी तक चलने वाली मिसाइल को ओडिशा के तट से अब्दुल कलाम द्वीप से नौ नवंबर के दसवें या ग्यारहवें दिन लॉन्च किया जाएगा।
5	उज्जयिनी का मुख्य दर्शनीय स्थान कौन-सा है?	उज्जैन नगरी का मुख्य दर्शनीय स्थान कौन सा है?
4	माता और पिता	माता और पिता
8	यह उचित नहीं है कि स्वावलम्बन के प्रभाव से भारत आजादी में आया है।	स्वावलंघन के प्रभाव से भारत स्वाधीनता को प्राप्त हुआ यह कोई बात नहीं है।
15	परन्तु यदि किसी दल का विधायक अपनी क्रॉस वोट को प्रकट करता है तो वह अयोग्य नहीं होगा।	परन्तु यदि किसी दल का कोई विधायक अपना क्रॉसवोट प्रकट करता है तो वह अमानंद नहीं होगा।
1	कहकर	कहकर
3	तुम अब क्या करते हो।	तुमअब क्या करते हो?
4	दूसरा व्यक्ति बोला	दूसरा व्यक्ति बोला
12	उन द्वारों में तीन दक्षिण दिशा में, चार उत्तर दिशा में, पाँच पश्चिम दिशा में और छठे पूर्व दिशा में तीन द्वार थे।	उन द्वारों में तीन दक्षिण, चौथा उत्तर, पाँचवाँ पश्चिम और छठा पूर्व दिशा थे।
10	माँ की प्रतिमा में पुरोहितवर्ग के द्वारा क्विन्ताल देशी गाय का चार्पण होता था।	माँ की प्रतिमा में पुरोहित वर्ग के द्वारा क्विंटल देशी के घी का नया नीला चूर्ण होता था।
5	क्या भरत को धर्म के अनुसार राज्य में पाल लिया जाता है?	क्या भरत धर्म के अनुसार राज्य में पालते हैं?
24	श्रीकृष्ण के वचन को सुनकर क्रोध से लाल मुख वाला दुर्योधन शीघ्र उठकर बोला- "हे मधुसूदन ! आप पाण्डुओं की ही हितैषी हैं तो फिर इसमें मेरा कोई दोष नहीं है।"	श्रीकृष्ण के वचन को सुनकर क्रोधित हुआ, क्रोध से लाल मुख वाला दुर्योधन जल्दी उठकर बोला- हे मधुसूदन ! आप पाण्डव ही हितैषी हैं तो नहीं तो इसमें मेरा दोष कहाँ से है।
7	वह कैसे अभ्यास करती है , देखिये ।	वह कैसे अभ्यास करती है , देखिये ।
12	महोदय ने कहा कि संस्कृत भाषा भारत को फिर से विश्व गुरु के रूप में प्रतिष्ठित करने में महत्वपूर्ण भूमिका निभाती है।	श्री ने कहा कि संस्कृत भाषा भारत को पुनः विश्व गुरु के रूप में प्रतिष्ठित करने में महत्वपूर्ण भूमिका निभा रही है।
6	तो अब मैं विद्या प्राप्त करने के लिए गुरुकुल जाता हूँ। (प्रणाम करता हुआ चला जाता है)	अब मैं विद्याध्ययन के लिये गुरुकुल ही जाता हूँ। (प्रणाम जाता है)
4	फूल बहुत बड़ा होता है।	फूल बहुत लम्बा होता है।
6	अहमद सड़क पर गिर पड़ा, इसलिए वह हँसता है	अहमद रास्ते में गिर गया है इसलिए वह हँसता है ।
6	मुझे डी जे ध्वनि पसंद नहीं है।	मुझे डी जे ध्वनि पसंद नहीं है।
4	छात्र खुश होते हैं	छात्र खुश होते हैं ।
13	नाहन के डॉ यशवंत सिंह परमार चिकित्सा- कॉलेज में विशेषज्ञ वैद्यों और उपचारियों के पदों को पूरा करने के लिए उन्होंने आग्रह किया।	नाहन के डॉ. यशवंत सिंह परमार चिकित्सा-उन्होंने कॉलेज में विशेषज्ञ चिकित्सकों और चिकित्सकों के पदों को पूरा करने की आग्रह की।
5	जैसा जानता है वैसा सच कंहं।	यादश को जानते हो ऐसे एक को बोलो।
5	उसका नाम विश्वप्रिय है	उसका नाम विश्वप्रिय है
8	अन्य महिलाओं में निफ्टी कम होने के कारण खोल दिया गया।	और दूसरा निफ्टी यह न्यूनता पाकर खोला गया।
1	पूछ रहे हो।	पूछता है।
9	मुनिगण द्वारा इस प्रकार बताने पर श्रीभरतजी प्रसन्नता पूर्वक मन्त्रियों सहित सबसे आगे श्रीरघुनाथजी के निवास स्थान के लिये चल दिए ॥	इस प्रकार दर्शन देकर श्रीरघुनाथजी और मन्त्रियों के साथ मुनिश्रेष्ठभवन को देखकर वह अत्यन्त हर्षित हुए ॥
8	मुख्यमंत्री सुखविंदर सिंह सुक्खू राहुल गांधी भारत जोडो की न्याययात्रा में शामिल होंगे।	मुख्यमंत्री सुखविंदर सिंह सुक्खू और राहुल गांधी भारत जोडो में न्याययात्रा में शामिल होंगे।
12	प्रधानमंत्री ने कहा कि पिछले दस वर्षों में भारत दुनिया में पांचवें सबसे बड़ी अर्थव्यवस्था बन गया है।	प्रधानमंत्री ने कहा कि पिछले दस वर्षों में भारत दुनिया की पाँचवीं सबसे बड़ी अर्थव्यवस्था है।
5	वह कैसा लड़का है?	वह कैसा बच्चा है ?
10	वानरश्रेष्ठ सुग्रीव ने राम से पूजित राम के अभिषेक को देखकर संतोषपूर्वक किष्किन्धापुरी में प्रवेश किया।	वानरश्रेष्ठ सुग्रीव ने राम द्वारा पूजित राम के अभिषेक को देखकर सन्तोष के साथ किष्किन्धापुरी में प्रवेश किया।
10	ई.सन् 1306 से 1315 तक मलिक काफूर ने दक्षिण भारत में बहुत विनाश किया।	ई. सन 1306 से 1315 तक मलिक-काफूर ने दक्षिण भारत में बहुत विनाश किया।
2	अपने घर में आए अतिथि का विधिपूर्वक स्वागत करना चाहिए।	अतिथि के अतिथि की विधिपूर्वक पूजा करनी चाहिए।
5	वह नई पुस्तकें खरीदता ही है।	वह नयी पुस्तकें खरीदता ही है।
7	फिर भी उन्होंने बदलूराम का नाम सूचि से नहीं निकाला।	फिर भी उन्होंने बदलूराम का नाम आवलित नहीं निकाला।
9	ध्यान रखना चाहिए कि संस्कृत शिक्षण द्वारा हर रविवार को ऑनलाइन आयोजन किया जाता है।	ध्यान रखना चाहिये कि संस्कृत शिक्षण के माध्यम से हर रविवार को ऑनलाइन आयोजन किया जाता है।
4	वह दौड़ नहीं पाएगा	वह दौड़ नहीं पाएगा
7	अभियुक्त मोहम्मद मुन्ना बिहार के गया नगर के निवासी हैं।	अभियुक्त मोहम्मद मुन्ना बिहार के गया शहर के निवासी हैं।
7	उस भौरें ने उस बालक की आवाजों की ओर तो ध्यान ही नहीं दिया।	फिर भी उसने इस बालक के आह्वान की निंदा की।
9	अतः यज्ञ में आए हुए मनुष्य को अपने मन्त्रों का कार्य के अनुसार विपरिणत करना चाहिए।	इसलिये यज्ञ के मार्ग से मनुष्य के द्वारा उनके मन्त्रों को कार्य के अनुसार यथाविधि बदलना चाहिये।
4	उनके श्लोक पाठ कीस्तुति भी देखी गई।	उनके श्लोक पाठ की प्रशंसा भी देखी गई।
9	अब तक उसने 1000 से ज्यादा फिल्मों में काम किया है।	अब तक उन्होंने 1000 से अधिक फ़िल्मों में काम किया है।
4	विद्यालय में लड़के और लड़कियाँ है।	विद्यालय में लड़के और बच्चियाँ हैं।
7	एक के साथ अन्यों को भी संस्कृत पढ़ाऊँगा ।	एक के साथ दूसरों को भी संस्कृत पढ़ाऊँगा ।
3	कैसे करें ?	कैसे करें ?
8	प्रजापति (सृष्टिकर्त्ता) ने (सृष्टि के) आदि में यज्ञ सहित प्रजा का निर्माण कर कहा इस यज्ञ द्वारा तुम वृद्धि को प्राप्त हो और यह यज्ञ तुम्हारे लिये इच्छित कामनाओं को पूर्ण करने वाला (इष्टकामधुक्) होवे।।	सहयज्ञ ने सृष्टि के पश्चात् प्रजापति से कहा- हे अस्त्विष्ट ! इस आगमधेनु के द्वारा तुम्हें प्रकाशित किया जाएगा।।
7	पत्नी - तो फिर घर के काम में मुझे सहयोग करिये।	पत्नी -तो फिर घर के काम में मेरी सहायता करिये।
4	गुरुनानक ने किसका भोजन स्वीकार किया?	गुरुनानक ने किसका भोजन स्वीकार किया?
1	मां	माता
4	वे ऋतु इसभांति हैं कि शिशिर, वसंत, ग्रीष्म, वर्षा, शरद और हेमंत ॥	वे ऋतु, वसंत, ग्रीष्म और वर्षा ऋतु के ऋतु मानो अर्द्ध मेमान्त हैं ॥
3	मन्दिर में भक्त जाता है।	मन्दिर में भक्त जाता है।
12	भाजपा के राष्ट्रीय अध्यक्ष जगतप्रकाशनड्डा ने रविवार को शक्तिपीठ के माँ श्री बज्रेश्वरी देवी को दर्शन करके प्रणाम किया।	भाजपा के राष्ट्रीय अध्यक्ष जगप्रकाशनड्डा ने रविवार को शक्तिपीठ की माँ श्रीबज्रेश्वरी देवी को दर्शन करके नमन किया।
6	ये महोदय बहुत कर्मठ थे ।	ये महोदय बहुत मेहनती थे।
5	योगेंद्र अच्छा धावक ( एथलीट ) है	योगेन्द्र अच्छा धावक है
5	सीता की सास कौशल्या थी ।	सीता की सास कौसल्या थीं।
4	प्रिया ने प्रिय के मन को चुरा लिया।	प्रिया ने मन को प्रसन्न किया।
34	परन्तु हमारे पक्षी कौन हैं, कैसे वे अब प्रवर्तमान हैं, व्यवहार आदि में इनमें से किसी को भी कमाधिकता प्राप्त हो, यदि यहाँ पर यह बात हो, तो हमारे या किसी के पक्षी के विषयों को ही सोचना चाहिए, तो अपने धार्मिक प्रेम के विषय में और कर्तव्य के विषय में अपने मन को स्वयं प्रवृत्त कर लेना चाहिए।	परन्तु हमारे पक्षी के कैसे हैं, कैसे वे अब प्रवृत्त हो रहे हैं, व्यवहार आदि में न्यूनता का कुछ भी होने पर, यदि यह मेरा है, या हमारा क्या करना है इत्यादि पक्षी विषयों पर हिंजनी हो जाए तो अपनी धर्मप्रीति के विषय में और कर्तव्य के विषय पर अपना विचार करना चाहिए।
7	पांडव लोमाश ऋषि के साथ तीर्थों के दर्शन के लिए चल पड़े।	लोमाश ऋषि के साथ पाण्डव तीर्थों को देखने गए।
7	पण्डित मन्यमान प्रायः ऐसे विवादों में कुपित होते हैं।	पंडित अन्य लोग प्रायः ऐसे विवादों में गुस्से होते हैं।
9	हे पाण्डव! जो पुरुष मेरे लिए ही कर्म करने वाला है, और मुझे ही परम लक्ष्य मानता है, जो मेरा भक्त है तथा संगरहित है, जो भूतमात्र के प्रति निर्वैर है, वह मुझे प्राप्त होता है।।	जो प्राणी सब प्राणियों में निर्भय है, वह मुझे ही परम भक्त तथा आत्मज्ञानी समझता है, वही पाण्डव है।।
5	ठीक है, दत्तचित्त के अनन्तर तुमसे सुनिये बेटा।	ठीक है, दत्तचित्त से तुमने सुन लिया बेटा।
11	पश्चिम बंगाल के मुख्यमंत्री ममता बनर्जी ने विपक्ष के "इंडिया" को बड़ाघात दिया।	पश्चिम बंगाल की मुख्यमंत्री ममता बनर्जी ने विपक्षी "इंडिया" गठबंधन को बड़ा प्रहार दिया।
1	श्रवण के द्वारा	कान
1	उद्यानों में।	उद्यानों में
6	एक उच्च वर्ग के धनवान ने भी गुरुजी को मिष्ठान दी।	एक उच्च वर्ग के धनवान ने भी गुरु को मिठाई दी।
1	समीप में	समीप में
13	आधुनिक समय में आयुर्वेद आदि के कुछ अंश कोश लक्ष्मण शास्त्री जोशी ने रचे हैं।	आधुनिक समय में आयुर्वेद आदि कुछ कोष लक्ष्मण शास्त्री जोशी वर्या के अग्रज वेनिमाधव शास्त्री द्वारा रचे गए हैं।
1	हजामत	टुकड़े-टुकड़े
4	कुत्तों को दूर भगाता है	कुत्तों को दूर हिलाता है ।
12	राजा बोला - यह वृत्तान्त मेरे सामने कहने के लिए तुम कैसे नहीं डरते हो ?	राजा बोला - यह समाचार मेरे सामने कहने से क्यों नहीं डरते हो ?
4	सुयोग्य प्रत्याशी को मत देना चाहिये।	उचित पात्र को मतदान देना चाहिए।
6	थोड़ी देर बाद वेटर थाली रखता है।	कुछ समय बाद पड्खे को रखता है।
4	सिक्खों के पाँच बाहरी चिह्न कौन से हैं?	सिक्खों के पाँच बाहरी चिह्न कौन से हैं?
3	सभी जानवर वहाँ से लौट आए।	जानवरों ने उसे स्वीकार कर लिया।
1	रेल	लोहे का मार्ग
6	पुलिस को देखकर कुछ लोग रास्ता बदल देते हैं।	पुलिस को देखकर कुछ लोग रास्ता बदल देते हैं।
6	पन्द्रह मिनट तक उसने दोनों हाथ चलाए।	पंद्रह मिनट तक उसने दोनों हाथ चलाए।
4	मंच की शोभा प्रान्तप्रचार प्रमुख सतेन्द्र कुमार ने की।	मंच का संचालन प्रांत के प्रचार प्रमुख सतेन्द्र कुमार ने किया।
3	मन अपवित्र है।	मन अपवित्र है
1	लाज	लज्जा
6	वह 5 मार्च को पटना आ रहा है	वह 5 मार्च को पटना आएगा।
10	पीताम्बर दत्त की इच्छा थी कि सभी विषयों का ज्ञान हिन्दी भाषा में पढ़ाया जाए।	पीताम्बर दत्त की इच्छा थी कि सभी विषयों का ज्ञान हिन्दी में पढ़ाया जाए।
6	मैं अब काम में फंसा हुआ हूं।	मैं अभी काम में व्यस्त हूँ
10	यहाँ काङ्गड़ाचय, काश्मीरका कहावा, चम्बा और औषधियोंका खरीदना बहुत होता है	यहाँ काङ्गड़ा चाय, काश्मीर चाय और चम्बा बहुत मात्रा में औषधिये खरीदते हैं ।
5	वह किसके साथ थी ?	वह किसके साथ थी ?
5	मूर्ख धर्मपत्नी को भी कपड़े नहीं पहनाता।	मूर्ख पत्नी को भी वस्त्र नहीं पहनाता
10	अंतर्राष्ट्रीय हवाई अड्डे के उद्घाटन से पहले, प्रधानमंत्री ने अयोध्या में लतामंगेश्कर चौक के स्थान का निरीक्षण किया।	अंतर्राष्ट्रीय हवाई अड्डा के उद्घाटन से पहले, प्रधानमंत्री ने अयोध्या में लतामंगेश चौक का निरीक्षण किया।
9	अतः शुभ अथवा अशुभ कर्मफल उपस्थित होने पर हर्ष अथवा दुःख करना व्यर्थ है	इस संसार में हर्ष और विषाद, शुभ और अशुभ फलों की प्राप्ति के लिए कुछ भी नहीं है। यदि देवताओं के द्वारा विधिवत् किया गया हो तो असुरों के द्वारा जो भी अपराध किया जाय ॥
4	पंजाब का भाँगड़ा देखा।	पंजाब का भाँगड़ा देखा।
9	चीन के नए कदम से कथित तौर पर मानवाधिकार कार्यकर्ताओं में भी डर पैदा हो गया है।	यह भी कहा गया है कि चीन के नए कदम ने मानवाधिकार सेवकों के बीच आशंका फैलाई है।
10	हे राम! इसके समीप ही पम्पा नामक सरोवर है। उसके समीप ही ऋष्मूक नामक बड़ा पर्वत है ॥	इधर पम्पा नामक तालाब है, वहाँ श्रीमहादेवजीके समीप ऋष्यमूक पर्वत है ॥
11	इसके साथ मुख्यमंत्री सुखविंदर सिंह सुक्खू के प्रिय राजेश धर्माणी राज्य मंत्री मंडली में सम्मेलन की संभावना अधिक है।	इसके साथ मुख्यमंत्री सुखविंदर सिंह सुक्खू के प्रिय राजेश धर्माणी राज्य मंत्रीमण्डल में सम्मेलन की संभावना अधिक है।
6	(वन का दृश्य। पास में ही एक नदी बह रही है।)	वन का दृश्य पास ही नदी ले जाती है।
44	तदनन्तर पुत्रि! डरो मत। बेटी! हम सब तुम्हें माँ के पास पहुँचा देंगे, वत्से! दुःखी मत होओ। देवि! कुछ खाओ, दूध पीओ। ये सब तुम्हारे भाई हैं। जो कहोगी, वही करेंगे। रो-रोकर प्राणों को सन्देह में मत डालो। इस कोमल शरीर को दुःखाग्नि से संतप्त मत करो। इस प्रकार हजारों तरह से समझाने-बुझाने पर किसी प्रकार आश्वस्त हो उस बालिका ने कुछ दूध पिया।	इसके बाद "बेटी, मत डरो, बेटी! तुम्हें माँ के पास पहुँचाएँगी। दुहित्री, खेद मत करो, भगवती! खाओ कुछ-कुछ। पीओ, ये तुम्हारे भाई हैं, जो तुम कहोगे, वही करेंगे। मत रोएँ, प्राण संदेह की पदवी को खोएँ, मत कमाएँ, इस कोमल शरीर को शोक से जलाएँ।" इस प्रकार हजारों बार बोधने से किसी प्रकार भी सम्बुद्ध होकर उसने थोड़ा-सा दूध पी लिया।
11	मकरसंक्रांति दिन में सूर्यदेव की शनि की कथा पढ़ कर आप सब शनि से बहुत प्रकार से लाभ उठा सकते हैं ।	मकरसंक्रांति दिन और सूर्यदेव की शनि की कथा पढ़कर आप शनिदोष से बहुत प्रकार से लाभ उठा सकते हैं
5	केंद्र से कोई भी प्रतिक्रिया नहीं मिली।	केंद्र से कोई प्रतिक्रिया नहीं मिली।
4	छात्र खुश होते हैं	छात्र खुश होते हैं ।
8	ऋतु नेगी ने आज सब युनियों को प्रेरणा दी।	ऋतु नेगी आज सभी युवकों के लिए प्रेरणादायक हो गई।
1	वचन देनेवाला	एक प्रतिज्ञ के रूप में
7	दस वर्ष से ही हिमाचल प्रदेश सबसे समृद्ध राज्यों में से एक बन जाएगा।	दस साल से भी अधिक समय में हिमाचल प्रदेश समृद्ध राज्यों में से एक होगा।
8	नए नियमों में उन्मत्त लोगों की हत्या के संदर्भ में मृत्युदंड की व्यवस्था की गई है।	नए नियमों में उन्मत्त लोगों की समूह हत्या के संदर्भ में मौत की सजा की व्यवस्था है।
5	विशाखा -तुम गाजर काटो	विशाखा - तुम गाजर काटो ।
6	इस प्रकार झगड़ते हुए वे दोनों राजा के पास गए।	इस प्रकार विवाद करते हुए वे दोनों राजा के पास गए।
25	ऐसी एक आपदा की प्रक्रिया है, इटली के धारा के तहत पटना जिले के अंगनबाड़ी केंद्रों में सभी वर्गों के शैक्षिक क्रियाकलाप केंद्रों और कक्षा तक शैक्षिक क्रियाकलापों के ऊपर स्थापित प्रतिबंध जनवरी तक फैला हुआ है।	ऐसी स्थितियों में आपराधिक प्रक्रियाएं लागू कर दी गई हैं,इस धारा के तहत पटना जिले के आंगनबाड़ी केंद्रों में सभी वर्गों के शैक्षिकक्रियाकलाप केंद्रों और कक्षाओं के लिए शैक्षणिकक्रियाओं पर लगा हुआ प्रतिबंध जनवरी तक विस्तार हो गया है।
5	आज नहीं लाया ।	छात्र आज नहीं लाया।
11	हे कुरुनन्दन ! वह पुरुष वहाँ पूर्व देह में प्राप्त किये गये ज्ञान से सम्पन्न होकर योगसंसिद्धि के लिए उससे भी अधिक प्रयत्न करता है।।	हे कुरुनन्दन ! वहाँ पुरुष को बुद्धि का संयोग मिलता है और शरीर का संयम करने के लिए प्रयत्न करता है।
2	उनमें से आगंतुक चोट आदि लगने शरीरको उपरित खेद पहुचने अभिताप तुषार शैत्य आदिसे होते हैं ॥	उनके आने से घाव समाप्त हो जाता है।
3	मनुष्यों में अपनी आयु को कोई नहीं जानता ।	अपने विचार से लोगों में नहीं।
4	अभी वह टी वी देख रही है।	अभी वह दूरदर्शन देख रही है।
7	चलचित्र के निर्देशक अनिल शर्मा भी शिमला आएँगे।	चलचित्र के निर्देशक अनिल शर्मा भी शिमला आएँगे।
6	विश्वविद्यालयों को भी नियमों के अनुसार, और कर्मचारियों के अनुसार चलाना चाहिए।	विश्वविद्यालय को भी नियम के अनुसार और मानक के अनुसार चलाया जाना चाहिए।
12	वस्तुतः जिस प्रदेश को हम पाकिस्तान के नाम से जानते हैं वो तो भारत ही था।	वास्तव में जो प्रदेश हम पाकिस्तान नाम से जानते हैं वह तो भारत ही था।
3	कब चले थे ?	कब गये ?
19	उसी प्रकार प्रौद्योगिकी युग में सूचनाप्रसारण मंत्रालय ने एक चिक्रोड के योगदान के लिए शुरुआती महीना के बाद एक सप्ताह के चारवें दिन बाजार में वृद्धि की गई।	उसी प्रकार प्रौद्योगिकी युग में सूचनाप्रसारण मंत्रालय चिक्रोड को योगदान के रूप में अपने योगदान के लिए याद किया जाता है प्रारंभिक मंदता के बाद सप्ताह के चौथे व्यापार दिन बाजार में वृद्धि हुई।
5	सभी लोग प्रवचन सुनते हैं	सभी लोग प्रवचन सुन रहे हैं
8	शाम को जैस्मी का झगड़ा हिमाचल प्रदेश के मेनका देवी के साथ होगा।	समापन चक्र में जैस्मीन का टकराव हिमाचल प्रदेश के मेनकादेवी से होगा।
4	सज्जन पुरुष तिल के समान छोटे से उपकार को भी पहाड़ के समान बड़ा मानते हैं।	सज्जन व्यक्ति तिल के सदृश, अपूर्ण फल देने वाले पत्थर को भी अयोग्य मानता है।
4	वह सब्जी मैंने खाई।	वो सब्जी मैंने खाई।
7	सोए हुए शेर के मुँह में हिरण खुद ही प्रवेश नहीं करते हैं।	सोये हुए शेर के मुँह में हरिण नहीं घुसते।
17	आपदा सेल ने यह भी कहा कि केंद्र सरकार सबल को आपदा में अभिलषित करना चाहती है इसीलिए ऐसे मामले पुलिस के खिलाफ एकत्र किए गए हैं।	आपदा ने यह भी कहा कि केंद्र सरकार सबल को आपदा पहुंचाना चाहती है इसीलिए ऐसे मामले के खिलाफ श्री केजरीवाल के खिलाफ एकत्र किए गए हैं
3	स्त्री सभी संकटों को जन्म देने वाली होती है।	सभी स्त्रियों का कल्याण करने वाला क्षेत्र
9	केरल की मछली-महासागर अनुसंधान विश्वविद्यालय के वैज्ञानिक इसके''होराग्लानिस पोपुली''वैज्ञानिक नाम दिया गया है।	केरल मछली पकड़ने-समुद्र अनुसंधान विश्वविद्यालय के वैज्ञानिकों ने इसे वैज्ञानिक नाम दिया'''होराग्लानिस पोपुली''
4	मुझे नमक पसंद है |	मुझे नमक अच्छा है।
1	अनेक राम को	अनेक राम के लिए
3	वह बोला	वह बोला
1	खोदना	ज़मीन खोदना
13	हर साल जुलाई को उनके प्रसिद्ध कवि महाभाग का जन्मदिवस पूरेगोर्खली लोगों द्वारा मनाया जाता है, अन्य लोगों द्वारा भी बहुत श्रद्धा से मनाया जाता है, अच्छा।	हर साल जुलाई को उनके प्रसिद्ध कवि महाभाग का जन्मदिवस सभी गोर्खाली लोग, दूसरों को भी बहुत श्रद्धा से मनाते हैं, अच्छा।
1	चलता हूं।	चबा रहा हूँ।
5	सभी यात्री भोजन करते हैं	सभी यात्री भोजन करते हैं
3	लोगों को प्रवृत्त करने के लिए अच्छा समय है।	व्यक्तिगत कृत्यों में तत्पर रहना चाहिए।
2	मैं चाहता हूँ	मैं चाहती हूँ
3	दीपक से दीपक जलाना चाहिए।	दीप के द्वारा दीप प्रज्ज्वलित किया जाना चाहिए।
9	ध्यान रखना चाहिए कि संस्कृत शिक्षण द्वारा हर रविवार को ऑनलाइन आयोजन किया जाता है।	ध्यान रखना चाहिये कि संस्कृत शिक्षण के माध्यम से हर रविवार को ऑनलाइन आयोजन किया जाता है।
3	ये दोनों कुत्ते हैं।	ये दो कुत्ते हैं।
13	प्रशिक्षण प्रमुख पीआर शशि ने अतिथियों का स्वागत किया और श्रीमती सृजा कवनट ने धन्यवाद ज्ञापन दिया।	प्रशिक्षण प्रमुख पीआर शशी ने स्वागत किया और श्रीमती श्रीजा कावनाद ने आभार व्यक्त किया।
1	प्राप्त करके |	प्राप्त करके।
7	सर्वेक्षण समग्र शिक्षा अभियान के राज्य परियोजना निर्देशालय द्वारा किया जाता है।	सर्वेक्षण समग्र शिक्षा- अभियान की राज्य परियोजना निदेशालय द्वारा की जाती है।
6	''काशी विश्वनाथ''काशीश्या हिन्दूओं का तीर्थ स्थान है।	काशी विश्वनाथ हिंदुओं का तीर्थ स्थल है
12	इनके विकास का मुख्य उद्देश्य प्रशासन में निर्णय बनाना, विवरण देना और संचार में महत्वपूर्ण बदलाव लाना है।	इनके विकास का मुख्य उद्देश्य प्रशासन में निर्णय निर्माण, विवरण प्रबन्ध और संचार में महत्वपूर्ण बदलाव लाना है।
1	डिबेंचर	ऋण पत्र
3	उसी समय चिकित्सालय गया।	उसी समय अस्पताल गया।
4	समुद्र के किनारे बहुत रेती है।	समुद्र के किनारे बहुत रेती है।
10	कामधेनु ने प्रथम योगिराज श्रीवसिष्ठजी की शास्त्रानुकूल पूजा की और तत्पश्चात् सेना सहित श्रीभरतजी को तृप्त किया ॥	श्रीमहादेवजी ने श्रीवशिष्ठजी की पूजा प्रारम्भ में शास्त्रों के अध्ययन से तथा तत्पश्चात् सेना को भी अर्पित किया और श्री भरतजी को उनकी सेवा में समर्पित किया ॥
1	सिर	सिर
4	सुचेता क्या गिनती है ?	सुचेता क्या गिनती है ?
12	हिमाचल सरकार के कैबिनेट खुलने पर राजेश धर्माणी, यादविन्दर गोपाल और परदिन ही शिमला से दिल्ली चले गए।	हिमाचल सरकार के कैबिनेट विस्तार में राजेश धर्माणी और यादविंन्द्रगोमा एक दिन शिमला से दिल्ली गए।
5	वह निर्धनों का काम नहीं करता है।	वह निर्धनों का काम नहीं करता है।
9	ओरिया भाषा के पुरातनत्त्व शास्त्र के अनुसार यह नृत्य परंपरा भारत की प्राचीनतम नृत्य परंपरा है।	ओरिया भाषा पुरातत्त्वशास्त्र के अनुसार यह नृत्य परंपरा भारत की प्राचीनतम नृत्य पद्धति है।
4	आदिवासी लोग आत्मरक्षा स्वयं ही करते हैं।	आदिवासी अपनी रक्षा स्वयं करते हैं।
9	राज्य सरकार ने केरल के स्कूलों में छात्रों द्वारा मोबाइल फोन के इस्तेमाल पर सख्त प्रतिबंध लगाने का आदेश दिया है।	राज्य सरकार ने केरल के स्कूलों में छात्रों के मोबाइल फोन के इस्तेमाल को लागू करने का आदेश दिया है।
8	हिमाचल प्रदेश प्रातः और सायं तीव्र ठंड के प्रभाव से ग्रस्त है।	हिमाचल प्रदेश सुबह और शाम तीव्र ठंड के प्रभाव में है।
7	मेरा वीर्य लज्जित होता है और हाथ से धनुष बहता है।	मेरा वीर्य लज्जित होता है और हाथ से धनुष फोड़ता है।
1	कभी ।	उत्पन्न होना
9	शिमलानगर के रिजभूम, मलमार्ग और धर्मशाला में बड़ी संख्या में कार्यक्रम आयोजित किए गए।	शिमला नगर के रिजभूम, मॉल मार्ग और धर्मशाला में बड़े-कार्यक्रमों का आयोजन किया गया।
5	बालक द्वारा पुस्तक दिया जाने वाला होगा।	बालक को पुस्तक दिलानेवाली होगी।
5	हिमाचल में भी यह चरण निकलता है।	हिमाचल में भी यह चरण प्रकट होता है।
5	उनके साथ साइकिल चलाने वाले भी निकलते हैं।	उनके साथ साइकिल चलाने वाले भी निकलते हैं।
5	गुरुजनों के उपदेश की उपेक्षा नहीं करनी चाहिये ।	गुरुजनों के उपदेश की उपेक्षा नहीं करनी चाहिए।
11	इस प्रकार अत्यन्त दुःख के कारण उनकी वह रात्रि एक वर्ष के समान बीती । इधर अरुणोदय होते ही गायक और वन्दीजन स्तुतिगान करने लगे ॥	इस प्रकार उस दुर्योधन के शरीर में रात्रि का समय आया जब कि वह अरुणोदयकाल में वन्दनीय गायिका जगु की उपासना कर रहा था ॥
11	यह कदम कथित तौर पर चीन का एक खराब कदम है जिसका उद्देश्य उसके खिलाफ होने वाली प्रक्रियाओं का मुकाबला करना है।	बताया जा रहा है कि चीन का यह हस्तक्षेप पैरों के हमले के खिलाफ की गई गतिविधियों को रोकने का उद्देश्य है।
9	उनका अंतिम विश्राम स्थल लंदन के विंस्टर पैलेस में जॉर्ज VI मेमोरियल चैपल में है।	उनका अंतिम संस्कार लंदन के विन्स्टर रॉयल पैलेस में जॉर्ज छठे स्मारक मंदिर में किया जाता है।
4	उसने अनेक पुस्तकें लिखी हैं ।	उन्होने अनेक पुस्तकें लिखीं हैं
8	राष्ट्रीय राजमार्ग प्राधिकरण के कथन के अनुसार, आने वाले दो वर्षों में वाहन द्रुतगति से चार कोसों राजमार्ग पर चले जाएंगे।	राष्ट्रीय राजमार्ग प्राधिकरण के अनुसार, आने वाले दो वर्षों में वाहन तीव्र गति से चतुष्पंक्ति राजमार्ग पर चलेंगे।
6	देवों के द्वारा हीमुक्त ब्रह्मदेव ने देवी सरस्वती का चिन्तन किया।	देवों से ही मुक्त ब्रह्मदेव ने देवी सरस्वती का चिन्तन किया।
15	वीर वल्लभ ने युद्ध क्षेत्र में घोर विनाश करके सुशर्मा को बाँधकर क्कंक के सामने प्रस्तुत किया और विराट नरेश को देखा।	वीर वल्लभ ने युद्ध के मैदान में भयंकर विनाश करके सुशर्मा को बाँधकर कंक के सामने प्रस्तुत किया और विराट को खो दिया।
1	चंचल	तरल
3	सुष्मिता नाट्यगृह जा रही है।	सुष्मिता नाट्यगृह जाती है।
4	वे दोनों वस्त्रों को रंगते हैं ।	वे दोनों कपड़े रजत हैं ।
4	गुफा बहुत गहरी है।	गुफा बहुत गहरी है।
1	वृद्धि	उन्नति
16	बिहार के मुख्य सचिव भी सर्दी लहर के कारण पटना जिले के प्राथमिक माध्यमिक विद्यालयों में छुट्टी के बारे में बिहार शिक्षा विभाग और पटना जिले प्रशासन के बीच संघर्ष बढ़ रहा है।	बिहार के मुख्यमंत्री भी सर्दी लहर के कारण पटना जिले के प्राथमिक माध्यम स्कूलों में छुट्टी के बारे में बिहार शिक्षा विभाग और पटनाजिला प्रशासन के बीच संघर्ष बढ़ रहा है।
6	पहले रणधीर शर्मा ने चर्चा में भाग लिया।	सबसे पहले रणधीर शर्मा ने चर्चा में भाग लिया।
12	यह प्रसन्नसलिला रम्या गोदावरी दिखाई देती है, यहीं महामुनि अगस्त्य का कदली से घिरे हुए आश्रम भी दिखाई पड़ता है।	यह प्रसन्नसलिला रम्या गोदावरी दिख रही है, यहीं महामुनि अगस्त्य का केले से ढका आश्रम भी दिख रहा है।
4	बहनें विष्णुसहस्रनाम गाती हैं।	बहनें विष्णुसहस्रनाम गाती हैं ।
4	बच्ची वृद्धा को पानी देती है।	बच्ची वृद्धा को पानी देती है।
9	वीं फेल और दक्षिण की फ़िल्म निघनी थी।	वों फेल तथा दक्षिण की फिल्म की तरफ से बहुत उम्मीद थी।
4	यह बहुत मुश्किल तो नहीं है।	यह कष्टकर नहीं है।
10	चयन समिति नामों को लघूसूची करके एक पटल बनाएगी और शीर्ष नेता को मंजूरी देगा।	चयन समिति नामों को छोटा करके एक मंडल बनाएगी और उन्हें शीर्ष नेता के लिए मंजूरी के लिए भेजेगी।
4	वह नगर को जाता है क्या?	वह नगर को जाता है क्या?
6	अवन्तिका तेलुगु फिल्म में भी काम किया।	अवन्तिका ने तेलुगु फिल्म में भी काम किया।
11	यात्रा कठिन तो कभी नहीं होती बल्कि सरल, सुगम और समझने योग्य है।	कठिन तो कभी नहीं होती अपितु सरल, सुगम और सुबोध्य है।
3	वह अखरोट खाता है।	वह अखरोट खाता है।
3	तेरी आखें कब नष्ट हुई ?	तेरी शिष्यवृत्ति कब नष्ट होगी?
12	श्री साहू ने कहा कि भारत की चुनावनी के आयोग द्वारा तैयार निरीक्षण सेवा के बाद अगले महीने पूरी सेवा आयोजित की जाएगी।	श्री साहू ने कहा कि भारत चुनाव आयोग द्वारा आयोजित समीक्षा बैठक के बाद अगले महीने पूरा बैठक आयोजित किया जाएगा।
12	उन्होंने राष्ट्रीय स्तर पर सम्मान प्राप्त करके न केवल शिमलानगर को बल्कि पूरे हिमाचल प्रदेश को गौरवान्वित किया।	उन्होंने राष्ट्रीय स्तर पर सम्मान प्राप्त करके न केवल शिमला शहर की बल्कि पूरे हिमाचल की प्रतिष्ठा को भी बढ़ाया।
7	हर एक जन में उपलब्ध कराने वाली यह पत्रिका वैश्विक रूप में परिव्याप्त है।	लोगों तक पहुंचने के कारण ही यह विश्व स्तर पर फैल गई है।
9	यह दल के साथ सफलता को भागीदार बनाने के लिए असफलता का लक्षण है	दल के साथ सफलता का साझेदारी करने और असफलता का मुंह से देखना शाश्वत नेता का लक्षण है।
11	विभिन्न देशों से हज के लिए मक्का पहुंचे हजारों तीर्थयात्री आज दोपहर में अराफात स्टेडियम में एकत्र होंगे।	विभिन्न देशों के हज्जे कर्म में मक्का पहुंचे लाखों लोग आज दोपहर को अरफा स्टेडियम में एकत्रित होंगे।
8	सभी गौएँ बीस किलो जितना दूध देती हैं	सभी गौएँ बीस किलोग्राम तक दूध देती हैं।
7	इस प्रकार सुविज्ञ होकर हनुमान भीम के मार्ग पर जाकर सो गया।	इसी प्रकार समझकर हनुमान भीम के रास्ते में जाकर सो गया।
3	आठवें वर्ष पर्यन्त की थी।	आठवें वर्ष तक किया।
1	मतलब है	उपकरण
9	कीचड़ के मरने की खबर सुनकर उसने विराट से शोक करने का सोचा।	कीचक की मृत्यु का समाचार सुनकर उसने विराट से बदला लेने के लिए सोचा।
3	ऐसा मैं बोलता हूँ	ऐसा मैं कहता हूँ।
11	अश्वत्थामा मारा गया है " अश्वत्थामा मारा गया है" यह प्रकार का समाचार क्षण भर में फैल गया।	अश्वत्थामा मारा गया ऐसा समाचार क्षण भर में ही फैल गया।
12	जनचेताना संस्थान के अध्यक्ष एस.सी. धीमान ने कहा कि अब भवन निर्माण काम जल्दी से शुरू हो गया है।	जनचेताना संस्थान के अध्यक्ष एस.सी. धीमान ने कहा कि अब भवन निर्माण कार्य जल्दी से शुरू हो गया है।
4	मर्यादा पुरुषोत्तम कौन थे ?	मर्यादा पुरुषोत्तम कौन थे ?
19	मेघदत्त कालिदास ने कहा कि श्रेष्ठ लोगों से माँगने के लिए बहुत अच्छा है, नीचों से जो भी माँगा जाता है, वह विनाशकारी माना जा सकता है, याज्ञिक मोघावरमधिगुण के होने के नाट्य काम आ गया है।	मेघदूत कालिदास ने कहा कि श्रेष्ठ लोगों से माँगना बहुत अच्छा है, नीच लोगों से जो भी माँगा जाता है, वह विनाशकारी हो सकता है। मांगना तो मोघावर के अधिक गुणों से प्राप्त नहीं होता है।
15	1998 में पाकिस्तान के सेना प्रमुख का पद संभालने वाले मुशर्रफ 1999 के कारगिल युद्ध के पीछे के मास्टरमाइंड थे।	1998 में पाकिस्तान के सैन्य छावनी पर पहुंचे मुशर्रफ 1999 में हुए कारगिल युद्ध के सूत्रधार थे।
3	वृक्ष के ऊपर पक्षी शब्द करते हैं।	वृक्ष पर पक्षी शब्द करते हैं।
13	उन्होंने कहा कि शिमला में जनसंख्या कम करने के लिए स्वातन्त्र्य के बाद पहली नगर योजना जाठियादेवी में विकसित की गई है।	उन्होंने कहा कि शिमला में जनसंख्या को कम करने के लिए स्वाधीनता के बाद पहली नगर परियोजना जाठियादेवी में विकसित हुई है।
4	शोध की मुख्य विषय है तत्संबंधी विकास की पूर्ण उत्कर्षण।	अनुसंधान का मुख्य विषय उसके सम्बद्ध विकास का पूर्णोत्कर्ष है।
5	नदी जल स्वच्छ और आकाश बादलों से रहित दिखाई पड़ता है।	नदी का जल स्वच्छ आकाश निर्मल दिख रहा है।
4	वह लेटकर योगासन करती है ।	वह डांड़ी का योगासन करती है
6	वह प्रातः छः बजे गाय को घास देती है।	वह सुबह छः बजे गाय को घास देती है।
3	दोनों ने पढ़ा।	वे दोनों पढ़े।
4	वर्ष में पद्मभूषण से सम्मानित था।	उन्हें वर्ष में पद्मभूषण से सम्मानित किया गया था।
3	वह मनन है	वह मनन है
1	घमण्ड युक्त	घमंडी
1	आपका	आपका
8	भक्त तीर्थस्थान जाते हैं चूंकि धर्म में आदर हैं।	भक्त तीर्थ स्थान पर जाते हैं चूंकि धर्म में आदर है ।
4	उसके पास कोई भी नहीं है।	उसके पास कोई भी नहीं है।
10	सुतीक्ष्ण बोले हे अनन्तगुण अप्रमेय सीतापते ! में आपके ही नाम का मन्त्र जप करता हूँ। हे अभिराम राम! श्रीशिवजी और ब्रह्माजी आपके चरणाश्रित हैं, आपके पादपद्म संसार सागर को पार करने के लिए जहाज रूप हैं। हे नाथ! मैं सतत् आपका दासानुदास हूँ ॥	हे राम! मैं आपके दासों के दास सदा आपके मन्त्र का जप करने के द्वारा अनन्तगुणों को प्राप्त करने के लिए सीताजी, शिव और विरचि के आश्रित होने के लिए संसार रूपी समुद्र में निवास करने वालों के माला को तपाता रहता हूँ ॥
6	और हे भारत ! तमोगुण को अज्ञान से उत्पन्न जानो; जो समस्त देहधारियों (जीवों) को मोहित करने वाला है। वह प्रमाद, आलस्य और निद्रा के द्वारा जीव को बांधता है।।	हे भारत ! तुम ही समस्त प्राणियों का ज्ञानरूप मोहन हो। तुम प्रमादलों की निद्रा से उन्हें बाँधते हो।।
5	अधिकमें पहले ग्रन्थीको चीरकर रक्तादि निकालदे फिर संधानमक मलकर लेप (यथोचित ) करे ॥	ग्रन्थी की गुड़ियाँ पहले खा लीजिये, फिर अलग रख दीजिये ।
8	केरल विधानसभा ने राज्यपाल को केरल विश्वविद्यालयों के चांसलर पद से हटाने की मांग वाला विधेयक पारित कर दिया है।	केरल विधानसभा ने केरल विश्वविद्यालयों के कुलपति पद से राज्यपाल को हटाने का एक विधेयक पारित किया है।
7	सरकारी विभागों के अलावा लोगों के लिए चरण भी उपलब्ध हैं।	सरकारी विभागों के अलावा लोगों के लिए पेड़ भी उपलब्ध हैं।
13	जिस मनुष्य के गुणों की तारीफ दूसरे लोग करते हैं, वह गुणों से रहित होने पर भी गुणी मान लिया जाता है, परंतु यदि इंद्र भी अपने मुख से अपनी प्रशंसा करे तो उन्हें छोटा ही माना जाएगा।	परन्तु जो गुणवान् कहा जाता है वह गुणहीन भी होता है, इन्द्र भी अपने प्रख्यात गुणों से क्षुद्रता को प्राप्त करता है।
5	उसका पिता कौन है ?	उसका पिता कौन है ?
8	इसलिये राष्ट्र अपने योगदान को कभी नहीं भूलता है।	इसलिए राष्ट्र सेनापति जोरावर सिंह का योगदान कभी नहीं भूलता है।
12	साथ ही उन्होंने कहा कि इस योजना के द्वारा सूरत शहर को पचास सौ से अधिक देशों के साथ जोड़ा जाएगा।	साथ ही कहा गया है कि इस योजना से सूरत शहर को पचास से भी एक सौ देशों के साथ जोड़ा जाएगा।
9	कभीकभी लकड़ियां काटते हुए, कभी फूलों की बगिया सींचते हुए, कभी वृक्षारोपण करते हुए, कभी नएनए कार्यों का आश्रय लेने से, कभी ग्रंथों का ही अवलोकन करने से, कभी काव्य गुम्फन करने से, उनके दिन सदैव आनन्दपूर्वक व्यतीत होते हैं ।	वे दिन व्यतीत करते थे, जैसे लकड़ी तोड़ने, फूलों को चुनने, वृक्षारोपण, व्यर्थ के कामों का आश्रय लेने, पुस्तकालयों की यात्राओं, काव्य-संग्रह आदि में गूँजते हुए ।
13	ASRO अध्यक्ष ने कहा कि विक्षेपण जून 2023 में होगा।	इसरो के अध्यक्ष का कहना है कि प्रक्षेपण जून 2023 में होगा।
8	वास्तव में शान्त पाँचों ही तत्व पृथ्वी, जल, अग्नि, वायु और आकाश धरती के योग-क्षेम (अप्राप्त की प्राप्ति और प्राप्ति की रक्षा) के लिए समर्थ कहलाते हैं।	वास्तव में शान्त ही पाँच तत्त्व क्षितिज जल, वायु और आकाश की सतह के योगक्षेम से युक्त होते हैं।
1	प्रकट हुई।	प्रकट हुआ
10	हिमाचल प्रदेश सरकार की सभी अनुबंध कर्मचारी महासंघ की बैठक और चुनाव भी आभासी माध्यम से आयोजित हुए।	हिमाचल प्रदेश ऑल अनुबंध कर्मचारी फेडरेशन की बैठक और चुनाव आभासी माध्यम से हुए।
8	अभी मैं अपने पिता की राजधानी अयोध्या लौटाऊँगा।	अभी मैं मेरी पिताजी की राजधानी अयोध्या लौट जाऊँगा।
6	इसकी ऊंचाई 10 फीट ऊपर की है।	इसकी ऊंचाई 10 फीट है।
9	उन्होंने कहा कि इन विषयों पर भारत को अपना परिचय प्राप्त हो गया है।	उन्होंने कहा कि इन विषयों पर भारत को अपना परिचय मिला है।
3	मंच पर	अंकिता  मंच पर
6	संतोष अपने पिता की अस्थियाँ नदी में प्रवाहित करता है ।	सन्तोष उसके पिता की हड्डियाँ नदी में बहा रहा है ।
8	कितने लोग संस्कृत अभ्यास करते हैं ? उनकी संख्या गिन रहा हूँ।	कितने लोग संस्कृत अभ्यास करते हैं ? उनकी संख्या गिन रहा हूँ।
7	उदग्रयानों के माध्यम से क्षेत्र में निरीक्षण सातत्य के साथ चल रहा है।	उदग्रयानों के माध्यम से क्षेत्र का निरीक्षण सातत्य से किया जा रहा है।
4	हम लोग सामूहिक गीत गाते हैं।	हम सब सामूहिक गीत गाते हैं।
9	कौए ने कहा ऐसा ही हो। इसके बाद प्रातःकाल वे सब अपने अभीष्ट स्थान को चले गए।	कौए ने कहा ऐसा ही होगा। तदनन्तर प्रातःकाल जैसा कहा गया था, सभी अपने आप चले गए।
10	उसी प्रकार वह षष्ठ हिंसक है, जो इस मांस को खाने के लिए परोसता है।	वैसा ही वह छठा हिंसक है, जो मांस खाने के लिए परोसता है।
6	इसीलिए हमीरपुर जिले को संस्कृत प्रतियोगियों को विजयवैजयन्ती पुरस्कार दिया गया है।	अतः संस्कृत प्रतियोगियों को विजयवैजयन्ती पुरस्कार हमीरपुर जिले को दिया गया।
9	सभी मंत्री, मुख्य सदस्य, कांग्रेस विधेयक अधिनियमक भी इस समारोह में भाग लेंगे।	सभी मंत्री, मुख्यसदनीय सचिव, कांग्रेस नेता भी समारोह का हिस्सा बनेंगे।
13	कल उज्बेकिस्तान के समरखान में आयोजित एससीओ शिखर सम्मेलन में दोनों नेता आमने-सामने मिले।	दोनों देशों के नेताओं का आमना-सामना कल उज्बेकिस्तान के श्मशान में एससीओ संगठन के उच्च शिविर में हुआ।
6	एक बार मेहुल देर रात घर आ रहा था ।	एक बार मेहुल रात को देर से आ रहा था ।
8	इस मलिन व्यापार ने उसके लिये काम नहीं किया।	इस गन्दा व्यापार ने उसके लिये काम नहीं किया।
10	उन्होंने कहा कि राज्य सरकार दिसंबर को एक वर्ष पूर्ण करने की जा रही है.	उन्होंने कहा कि राज्य सरकार दिसंबर को एक वर्ष पूरा करने जा रही है।
1	बड़े शरीर वाला	महाकाय
10	कार्यशाला में आचार्यराधेश्याम, आचार्य मनोज, प्रवीण और दीपिका स्रोतपुरुष के रूप में उपस्थित होंगे।	कार्यशाला में आचार्यराधेश्याम, आचार्या मनोज, प्रवीण और दीपिका स्रोतपुरुष के रूप में उपस्थित होंगी।
13	इसलिये अपशब्द ज्ञान में न दोष है न धर्म है जैसे हिक्काहसितकण्डुयन आदि सहजक्रियाओं में न दोष है और नभ्युदय है।	इसलिये अपशब्द ज्ञान में दोष नहीं है, न धर्म है, जैसे हिक्का हास्य के कण्डूय आदि स्वाभाविकक्रियाओं में दोष या वृद्धि नहीं है।
4	डेढ़ सौ युवक हैं	डेढ़ सौ युवक हैं
14	कांग्रेस ने सोशल मीडिया पर एक पत्र सार्वजनिक किया, जिसमें राम मंदिर के उद्घाटन समारोह में नहीं जाने का कारण दिया गया.	कांग्रेस ने सोशल मीडिया पर एक पत्र जारी किया, जिसमें राम मंदिर के उद्घाटन समारोह में जाने का निर्णय नहीं लिया गया था।
10	इस युद्ध का नेतृत्व सनेठीग्राम के महान् रामभक्त पं. देवी दीन पाण्डे जी ने किया।	इस युद्ध का नेतृत्व सनेठी गाँव के महान रामभक्त पं. देवीदीन पांडे ने किया।
29	उसी प्रकार उनका संस्था सोशल मीडिया से पहाड़ी टोपी, चोली, घागरी, पत्थर की शाल, पट्टा इत्यादि हिमाचली वस्त्रों की लोकप्रियता को पाने में भी असफल रही है, जिससे हिमाचली शिल्पियों के लिए राष्ट्रीय स्तर कीपणन हो सकेगी, और प्रामाणिक भी हिमाचली देखा जा सकता है।	उसी प्रकार उनका संस्थान सोशल मीडिया के माध्यम से पहाड़ी टोपी, चोली, घागरी, पश्मिना शाल, पट्ट आदि हिमाचली वस्त्रों की लोकप्रियता को प्राप्त करने में भी प्रतिबद्ध है, जिससे हिमाचल शिल्पियों के लिए राष्ट्रीय स्तर पर बाजार उपलब्ध हो सके, और प्रामाणिक हिमांचली प्रदर्शित किया जा सके।
10	ई.सन् 1306 से 1315 तक मलिक काफूर ने दक्षिण भारत में बहुत विनाश किया।	ई. सन 1306 से 1315 तक मलिक-काफूर ने दक्षिण भारत में बहुत विनाश किया।
3	अभी हल्दीलेपन हो रहा है।	अभी हल्दी लेपन हो रहा है।
4	आपकी पुस्तक.... ऐसी ही ।	आपकी पुस्तक .... ऐसे ही।
5	काशी विश्व का प्राचीनतम नगर है।	काशी विश्व का प्राचीनतम नगर है।
4	बाल्टी भी खाली है।	बाल्टी भी खाली है।
12	श्री वैष्णव ने कहा कि कायवाईसी व्यवस्था मजबूत हो जाएगी, उल्लंघन करने वालों को कठोर दंड दिया जाएगा।	वैष्णव जी ने कहा कि केवाईसी व्यवस्था मजबूत हो जाएगी और उल्लंघकों को कठोर दण्ड दिया जाएगा।
1	ढक्कन	आवरण
15	उन्होंने कहा कि आजकल कम यात्रा के लिए भी वाहनों का उपयोग हो रहा है, जिससे पर्यावरण को नुकसान हो रहा है।	उन्होंने कहा कि आजकल कम यात्रा के लिए भी वाहनों का उपयोग हो रहा है, जिससे पर्यावरण को नुकसान होता है।
5	मैं अब दूरदर्शन मे नाटक देख रहा हुँ।	मैं अब दूरदर्शन पर नाटक देख रहा हूँ।
8	हिमाचल प्रदेश के पचास युवा किसान आधुनिककृषि विधि को समझने के लिए जापान जाएँगे।	हिमाचल प्रदेश के एक सौ पचास युवा किसान आधुनिक खेती के तरीकों को सीखने के लिए जापान जायेंगे।
5	प्रकृति का दर्शन कब करते हो ?	प्रकृति का दर्शन कब करते हो ?
16	रेल मंत्री अश्विनी-वैष्णव ने कहा कि अमृत भारत-रेलवे के संचालन की सफलता के बाद, 50 अन्य रेलगाड़ियों को भी मंजूरी मिल गई है।	रेल मंत्री अश्विनी वैष्णव ने कहा कि अमृत भारत-रेलवे के संचालन की सफलता के बाद अन्य पचास रेलगाड़ियों को भी मंजूरी मिल गई है।
4	मैं जल्दी जाता हूँ	मैं जल्दी जाता हूँ ।
15	आत्मा की खोज में एक समय आता है जब हम सभी को जो कुछ भी सीख लिया जाए वह सभी ग्रानिक ज्ञान भूल जाना चाहिये।	आत्मसंयमी शोध में एक समय आता है जब हमने जो भी अध्ययन किया है वह सारा ग्रंथिक ज्ञान भूल जाना होता है।
5	विशाल कुल में उत्पन्न होने से क्या, यदि मनुष्य विद्याहीन है	और बड़े कुल से क्या लाभ? जिसके शरीर में विद्याहीन (निर्धन) हैं।
11	इत्यादि प्रश्नों को 'एक दूसरे' यह क्रमशः पूछते और उत्तरी ओर देखते थे।	इत्यादि प्रश्नों को क्रमशः पूछते और उत्तर देते हुए देखा जाता था।
4	वो भारतरत्न थे ।	वो भारत रत्न भी थे ।
7	कोई भी जिज्ञासु में प्रवेश पा सकता है।	कोई भी जिज्ञासु उसमें प्रवेश पा सकता है।
6	आज मैं यतीन्द्र सान्याल को याद करता हूँ	आज मैं यतीन्द्र सान्याल को याद करता हूँ
4	अनावश्यक वस्तुएँ निकाल रहा है ।	अनावश्यक वस्तुएँ निकाल रही है
1	टुकड़ा	टुकड़ा
6	जगत् के दो भेद हैं स्थावर और जंगम ॥	लोक ही दो प्रकार का है स्थिर और जंगम ॥
9	यह दल के साथ सफलता को भागीदार बनाने के लिए असफलता का लक्षण है	दल के साथ सफलता का साझेदारी करने और असफलता का मुंह से देखना शाश्वत नेता का लक्षण है।
6	अभिनेत्री सिमरत कौर चलचित्र की नायिका हैं।	अभिनेत्री सिमरत कौर चलचित्र की नायिका है।
7	सिक्खों के देवालय को हम गुरुद्वारा नाम से जानते हैं।	सिखों का मंदिर हम गुरु के नाम से जानते हैं।
3	वृक्ष से फल गिरते हैं।	वृक्ष से फल गिरते हैं।
3	श्रुति संस्कृत गाने गाती है।	श्रुति संस्कृत गीत गाती है।
4	अभी मैं नागपुर जा रहा हूँ।	अभी मैं नागपुर जाता हूँ।
8	परमाणु हथियारों के विकास को देखकर सामरिक नीति बदल जाती है। सेना के छोटे टुकड़ों में विभक्त हो जायेंगे।	परमाणु हथियारों के विकास को देखकर सामरिक नीति बदल जाती है। सेनाएँ छोटे दलों में विभक्त होंगी।
17	एक सामाजिक नेटवर्क पर-सन्देश में श्री धनखड़ ने लिखा कि पूरे देश में उत्सव का वातावरण है, यह राष्ट्रीय गौरव के पुनर्जागरण का प्रतीक है।	एक सामाजिक नेटवर्क में-सन्देश में श्रीधनखड़ ने लिखा कि पूरे देश में उत्सव का वातावरण है, यह राष्ट्रीय गौरव के पुनर्जन्म का प्रतीक है।
7	इस प्रकार पं. मदनमोहन राय का वचन कई लोगों का भी प्रेरणा कर रहा है.	ऐसा पं. मदनमोहनमालवी के वचन कई युवाओं को प्रेरणा हैं।
5	फिर भी सामा बहुत गुणवती है ।	फिर भी सामा बहुत गुणी है ।
4	उसके पीछे कोई भी नहीं है।	उसके पीछे कोई भी नहीं है।
6	वहाँ वह लोगों को पूजा करते हुए देखती है।	वहाँ वह लोगों को पूजा करते हुए देखती है।
9	केवल उसका नाम जप करके हम भारतीयों को धन्यता का अनुभव करते हैं।	केवल उनका नाम जपकर हम भारतीयों की धन्यता का अनुभव करते हैं।
1	आक्षेप करती हुई	फेंकने वाली
10	उन्होंने कहा, इस मामले में भाजपा लोग भी राजनीति न करें।	उन्होंने कहा कि इस मामले पर भाजपा के लोग भी राजनीति न करें।
27	अच्छा वह था कि लोगों की जागते रहने के कारण आग्नेयास्त्र विभाग और उसके दल के आने के कारण मुख्य मंदिर के चारों ओर के घरों को भगाया जा सकता था अन्यथा लोचा रिम्पोचे में मुख्य मंदिर का बहुत कष्ट हो सकता था।	अच्छा यह था कि लोगों की जागरूकता के कारण और अग्निशामक बल के आगमन के कारण मुख्य मंदिर और उसके चारों ओर के घरों को बचाया जा सकता था अन्यथा लोचा रिमोच मुख्य मंदिर का बहुत दुःख हो सकता था।
6	मैं उस सीढ़ी से दूसरी मंजिल गया।	मैं उस सीढ़ी से दूसरी मंजिल गया।
4	मोर साँप को मार कर खाता है।	मोर साँप को मार कर खाता है।
11	रमानाथ श्रीरामचन्द्र को देखकर अहल्या के नेत्र हर्ष से प्रफुल्लित हो गये और उनको मुनिवर के वाक्यों का स्मरण हो गया। तब भगवान श्रीरामचन्द्र को साक्षात् नारायण जानकर अनिन्दिता अहल्या ने अर्द्ध, पाद्य, अर्चन आदि द्वारा उनका विधिवत् पूजन कर आनन्दाश्रुपूर्ण नेत्र होकर साष्टांग दण्डवत् प्रणाम किया ॥	श्रीरामचन्द्रजी को देखकर अति हर्षित हो विस्फुरित हो गयीं और गौतमजी की वाणी को याद कर नारायणजी से बोले "हे मनुष्यो ! मैं आपका भला कैसे रहूँ ?"
8	मानव विकास समिति के अध्यक्ष और कुलदीप पाठक सदस्य बनेंगे।	मानव विकास समिति के अध्यक्ष एवं कुलदीप पाठक सदस्य बनेंगे।
10	धर्म की रक्षा के लिये जिन्होंने काम किया उन्हें भी प्रायः हम नहीं जानते हैं।	धर्म की रक्षा के लिये जिन्होंने काम किये उन्हें भी प्रायः हम नहीं जानते हैं।
8	इसका आरंभ नरेंद्राचार्य ने किया, जिन्होंने 700 सूत्रों में व्याकरण किया।	इसके प्रवर्तक नरेंद्र आचार्य जी ने 700 सूत्रों पर व्याकरण लिखा।
13	क्योंकि कोयल का स्वर ही रूप है, स्त्रियों का पातिव्रत्य ही रूप है, कुरूपों का विद्या ही रूप है, और तपस्वियों का क्षमा ही रूप है ।	कोयल का स्वर सुन्दर, स्त्री का रूप पतिव्रता, कुरूप का रूप विद्या सुन्दर और तपस्वी का रूप क्षमाशील होता है।
6	पहली बार वह सिनेमा में सुपरहिरो बन जाता है।	पहली बार वह चलचित्र में सुपर हीरो बनने जा रहा है।
1	मान्य ।	प्रामाणिक
5	पाँच मित्र एक साथ यात्रा करते हैं।	पाँच मित्र एक साथ यात्रा करते हैं।
13	परन्तु वे दिव्य घोड़े भी रावण के बाणप्रहार को प्राप्त कर के पद्मनालिव के समान अपने हृदय में स्थित हुए।	परन्तु वे दिव्य घोड़े रावण के बाण प्रहार को प्राप्त करके भी पद्मनाल के समान घायल हो गए और स्वस्थ हृदय में स्थित रहे।
6	आज केशव की माता जी का स्वास्थ्य ठीक नहीं है।	आज केशव की माँ का स्वास्थ्य ठीक नहीं है।
6	जयराम सरकार ने संसाधनजनन के लिए कोई भी प्रयास नहीं किया।	जयराम सरकार ने संसाधन निर्माण के लिए कोई प्रयास नहीं किया है।
3	सब केवल पढ़ते हैं।	सभी केवल पढ़ते हैं।
24	भारत में संयुक्त राज्य के राजदूत एरिक गार्सेट्टी, भारत में ब्रिटिश-अभिलेषित राजदूत एलेक्स एलिस, भारत में कोलम्बिया-देश के राजदूत डॉ. विक्टर एचेवेरी जरामिलो, जर्मनी-महावाणिज्य दूत कोलकाता बारबारा वोज़्स को अतिथि के रूप में शामिल किया गया।	भारत में संयुक्त राज्य अमेरिका के राजदूत एरिक गार्सेट्टी, भारत में ब्रिटिश-अभिज़ेसर एलेक्स एलिस,भारत में कोलम्बिया-देशदूत डॉ. विक्टर एचेवेरी जरामिलो, जर्मनी-महावाणिज्यदूत कोलकाता बारबरा वोस और अन्य अतिथि के रूप में शामिल थे।
1	पत्र `एक '	कम्पन रहित
19	नई किस्मों को देखने के प्रति जागरूकता, शोधन, निरीक्षण को भी मजबूत किया जाए, एनटीएजी ऐ मेधावी दोएनके अरोड़ा ने कहा।	एनटीएजीए मेधावी डॉ. एनके अरोड़ा ने कहा कि नई किस्मों को देखने के लिए जागरूकता, शोध और निरीक्षण को मजबूत किया जाना चाहिए।
4	संसारमें प्राणिगण चार प्रकारके हैं ॥	वहाँ चार प्रकार के भूतों के रहनेवाले एक गाँव रहते हैं ॥
22	करवर्धिनी की अंतिम पारी जगद्गुरु श्री चंद्र संस्कृत महाविद्यालय की स्वामीदर्शनानन्द- गुरुकुल- कॉलेज और ज्वालापुर के बीच हुई जो स्वामीदर्शनानन्द थी- गुरुकुल-कॉलेज ज्वालापुर की टीम ने श्रृंखला में जीत हासिल की.	करवर्धिनी का अंतिम खेल जगद्गुरु श्री चंद्र संस्कृत महाविद्यालय के स्वामी दर्शनानन्द- गुरुकुल- महाविद्यालय और ज्वालापुर के बीच हुआ, जिसमें स्वामीदर्शनानंद- गुरूकुल- कॉलेज के जलपुर की टीम ने श्रृंखला में जीत हासिल की।
1	ज्यादा	अतिरिक्त
7	उससे पहले वे कहाँ रहते थे ?	उससे पहले वे कहाँ रहते थे ?
1	की उपस्थिति में बंद करने के लिए	समीप में
7	विषयों का चिन्तन करने वाले पुरुष की उसमें आसक्ति हो जाती है? आसक्ति से इच्छा और इच्छा से क्रोध उत्पन्न होता है।।	ध्यान करने से मनुष्यों में आसक्ति उत्पन्न होती है और आसक्ति से कामना और क्रोध उत्पन्न होता है।।
9	नीरज -नमस्ते , नमो नमः । कैसे हो तुम ?	नीरज - हैलो नमो नमः कैसे हो ?
6	अब भारत के जनसांख्यिकी लाभांश का लाभ अपेक्षित है।	अब भारत के जनसांख्यिकीय अंश का लाभ अपेक्षित है।
9	हवाई जहाज बहुत ध्वनि करता है कार थोड़ी ध्वनि करती है।	वायुयान बहुत ध्वनि करता है कार थोड़ी ध्वनि करती है।
8	पृथिवी पर भी चन्द्रमा के छाया के कारण ग्रहण सम्भव है।	ग्रहण पृथ्वी और चन्द्रमा के छाया के कारण होता है।
12	यात्रियों-वस्तु-कर से 65.2 करोड़ रुपये, विद्युत्शुल्क से 5.500. 85 करोड़ रुपये, अन्य वाहनों से 1,242 करोड़ रुपये की आमदनी होगी.	यात्री-वस्तु-कर से 65, 82 करोड़ रुपये, बिजली के शुल्क से 55, 85 करोड़ रुपये और अन्य कर्जों से 1,422 करोड़ रुपये की आय होगी।
7	मेरे पास केवल इतना ही धन है ।	मेरे पास केवल इतना ही धन है
7	लाहौल, स्पीति जिले के चंद्रताल, सूरजताल और सिंह सु-सरोवर बर्फित हो गए हैं।	लाहौल-स्पीति जिले के चन्द्रताल-सूर्यताल-सिसू-सरोवर बर्फ से भरे हुए हैं।
6	तब वो तीन सुकेशपुत्र कृतार्थ हुए।	वहाँ से वे तीन सुकेश के पुत्र कृतार्थ हो गए।
5	कहीं भोजन किया वा नहीं ?	किसी ने भोजन किया क्या ?
14	श्रीराम जन्मभूमि मंदिर की ऐतिहासिक क्षणभर की प्रतीक्षा देश भर में करोड़ों रामभक्त श्रद्धा से प्रतीक्षा कर रहे हैं।	देश भर में करोड़ों रामभक्त श्रीराम जन्मभूमि मंदिर की प्राणप्रतिष्ठा के ऐतिहासिक क्षण की प्रतीक्षा में श्रद्धा से प्रतीक्षा कर रहे हैं।
5	जहाँ परिश्रम हैं, वहाँ असफलता कहाँ?	जहाँ परिश्रम है, वहाँ असफलता कहाँ है?
6	चुनाव- आज से विक्रय होगा।	चुनाव-संध्या का विक्रय आज से शुरू होगा।
7	समान विचार और व्यवहार होने पर मैत्री होती है - यह एक सूक्ति है।	समान स्वभाव वालों के व्यसनों में मित्रता एक सूक्ति है।
11	निःसन्देह मेरे प्राण अभी निकलने वाले हैं। पूर्वसमय में मेरी मूर्खता के कारण एक मुनीश्वर ने मुझे शाप दिया था ॥	मेरे प्राण निश्चित ही इस समय मुक्त हो जाएँगे। प्राचीनकाल में बाल्यभाव को धारण करने वाली किसी मुनि ने मुझे शाप दिया था ॥
3	लड़के विद्यालय जाते हैं ।	बालकों के द्वारा विद्यालय जाया जाता है।
7	बेटा ! झूला धीमा करो।	दादाजी  बेटा ! झूले को धीमा करिये।
9	उन्होंने कहा कि अयोध्या धाम्नि श्रीरामलला की प्राणों की उन्नति का बीजरूप है।	उन्होंने कहा कि अयोध्या धाम में श्रीरामलला की प्राणप्रतिष्ठा बहुत है।
18	नाव इसराइल से जुड़ा हुआ है, आवेदन है। हमला भारत के दक्षिण-पश्चिमी हिस्से में वारावल के तट से 200 समुद्री मील दूर हुआ।	आवेदन है कि नाव इजरायल से लिप्त है। हमला भारत के वारावल तट से लगभग 200 नोटिक मील दूर दक्षिण-पश्चिमी भाग में हुआ था।
9	खेल-मंत्रालय ने कई प्रावधानों का उल्लङ्घन करने के कारण नवनिर्वाचक भारतीय को चुन लिया- मल्ल-खेल-बहुतायत संघ को निलंबित कर दिया गया.	खेल मंत्रालय ने कुछ प्रावधानों का उल्लंघन करने के कारण भारतीय मल्ल-खेल-महासङ्घ को निलंबित कर दिया।
8	वश में किया हुआ चित्त जिस कालमें अपने स्वरुपमें ही स्थित हो जाता है और स्वयं सम्पूर्ण पदार्थों नि: स्पृह हो जाता है, उस कालमें वह योगी कहा जाता है।	परन्तु जब संयमित बुद्धि एक ही मन में स्थित रहती है और सब कामों से निःस्पृह रहती है तब वह 'युक्त' कह जाती है।।
3	माता पिता और गुरुजनों का सम्मान करना उचित है।	माता-पिता और गुरुजनों का सम्मान करना चाहिए।
10	मुख्यमंत्री ने कहा कि बिजली महान देव-रोपवे-निर्माण के लिए केंद्र-राज्य सरकारों के बीच ज्ञापन पर हस्ताक्षर किए गए।	मुख्यमंत्री ने कहा कि बिजली महादेव-रोपवे-निर्माण के लिए केंद्र-राज्य सरकार के बीच ज्ञापन पर हस्ताक्षर किए गए।
9	इला -चिंता मत करिये भैया ! अब चित्र ले लीजिये।	इला - चिन्ता न करो भैया ! अब चित्र लीजिये।
11	जो धन्यवाद , कृपया , क्षम्यताम् , स्वागतम्  आदि शब्द बोलता है	जो धन्यवाद , कृपया , क्षमा , स्वागत इत्यादि शब्द बोलता है
4	अन्य पात्र छोटे ही हैं।	अन्य पात्र छोटे ही हैं।
9	इस ऐतिहासिक दृश्य में पूरा शहर फूलों, प्रकाश और दीवारों के चित्रों से सुशोभित है।	इस ऐतिहासिक क्षण में पूरा शहर फूलों की रोशनी और दीवड़ों से सुशोभित है।
4	प्राचीन विमान कला का  शोध	प्राचीन विमानकला का शोध
8	वह जो सेव बेचती है वो बहुत मीठे हैं।	वह जो सेव बेचती है वे बहुत मीठे हैं।
17	राजकीय वरिष्ठ माध्यमिक विद्यालय-टीएमबी द्वारा राष्ट्रीय शाश्वत समाज सेवा फौंडेशन नामक संस्था का उद्घाटन दिवस मनाया गया।	राजकीय वरिष्ठ माध्यमिक विद्यालय-टीम्बी ने राष्ट्रीय शाश्वत समाज सेवा फाउंडेशन का स्थापना दिवस मनाया है।
4	कौन दान देता है ?	कौन दान देता है ?
4	तीन लड़कियां जा रही हैं।	तीन कन्यायें जाती हैं।
15	उन्होंने कहा कि यदि कोई भी व्यक्ति द्वेष पालता है तो वह शुद्ध श्रीरामभक्त नहीं हो सकता।	उन्होंने कहा कि अगर कोई भी मनुष्य द्वेष रखता है तो वह शुद्ध श्रीरामभक्त नहीं हो सकता।
4	बेल के पेड़ से सारे पत्ते गिर गए हैं ।	बिल्व के पेड़ से सभी पत्ते गिर गए।
11	परमिन्दर – प्लास्टिक के मिट्टी में नष्ट न होने के कारण हमारे पर्यावरण की महान् हानि होती है।	परमिन्दर्  प्लास्टिक की मिट्टी के मिलने से हमारे पर्यावरण को बहुत नुकसान होता है।
3	कचरा डब्बे में डालती है।	कूड़ा बर्तन में डालती है।
16	हाँ, और एल.एसएलबी वृत्ति के जीवन के साधन एमएम कलाशाला जलगांव के बीच पहुंचकर जलगांव के बीच न्यायवादिनी बन गई।	एम.ए, और एल.बी.एस डिग्री एम.जे. कलाशाला ने जलगांव के बीच में समाप्त करके जलगाँव के बीच न्यायमूर्ति के रूप में अपना करियर आरम्भ किया।
7	और क्या, रेलगाड़ी से मैं वहाँ परसों जाऊँगा	और क्यों मैं वहाँ परसों रेलगाड़ी से जाऊँगा?
3	वन जायें।	वन को जाईये ।
10	यह सच हो जाएगा, क्योंकि उसकी घोषणा भी बस में की गई है.	यह साधित करना चाहिये, क्योंकि उसकी घोषणा भी budget में की गई है।
5	माता पुत्र से सांप मरवाती है	माँ पुत्र से साँप को मारती है।
17	इसके अलावा, पुलिस ने मादकद्रव्य अभियान के सात मामलों को आगे बढ़ाने के लिए प्रवर्तन कार्यालय को भेज दिया, जिसमें करोड़ रुपये का धन शामिल है।	इसके अलावा, पुलिस ने मद के माल के सात मामलों को कार्यविधि के लिए प्रवर्तन कार्यालय में भेज दिया, जिनमें करोड़ रुपये का सम्पत्ति जुड़ा है।
3	मैं सुनना चाहता हूँ।	मैं सुनना चाहती हूँ।
20	मिलते समाचार के अनुसार, कल उत्तर प्रदेश से नमोज कुमार निगम और डॉ. अखिलेश रानी का बेटा''अक्षतः''इस जन्म दिवस पर आयोजित जनसंचार-फेसबुक-बीच में एक-विशेषा-प्रतियोगिता का आयोजन हुआ.	हमने कल उत्तर प्रदेश से नमोज कुमार निगम और डॉ. अखिलेश रानी के पुत्र 'अक्षतः' के जन्म दिवस पर आयोजित जनसंचार-फेसबुक-बीच में एक-विशेषा-प्रतियोगिता का आयोजन हुआ।
16	परन्तु वह भी मनुष्य महान् कहलाता है, जो इस संकुचितता की क्षुधाओं से ऊपर से ऊपर उठाकर इस संसार के मित्रों को और मानव प्रेमियों को पुनर्गत धारा में बिठा लेता है।	परन्तु वह मनुष्य महान कहा जाता है जो इस संकीर्णता और स्पर्श आदि से परे होकर विश्वमित्र के इस प्रकार मानव प्रेम की पुनीत धारा को अवगाहन करे।
1	चला आ रहा है	आता है।
11	यदि सदन इस मामले में तैयार रहता है तो उसका विचार कर सकते हैं।	यदि सदन इस विषय पर सहमत होता है तो उसका विचार किया जा सकता है।
10	मैं उनके बहुत व्याख्यानों में देख रहा था युगपत् हिन्दी-संस्कृत अंग्रेजी भाषा में।	मैं उन दोनों को बहुत व्याख्यानों में देख रहा था हिन्दी संस्कृत अंग्रेजी भाषा में
8	जैसा अभिनय मोहन करता है वैसा अभिषेक नहीं करता है।	जैसे मोहन अभिनय करता है वैसा अभिषेक नहीं करता है।
9	यह मन ही लिङ्ग देह या जीव कहलाता है।	इसे मन ही लिङ्ग देह या जीव कहा जाता है।
8	जो स्थिरबुद्धि,  संमोहरहित ब्रह्मवित् पुरुष ब्रह्म में स्थित है,  वह प्रिय वस्तु को प्राप्त होकर हर्षित नहीं होता और अप्रिय को पाकर उद्विग्न नहीं होता।।	प्रीति को प्राप्त करके न हर्षित होता है और न जीतकर अप्रिय को प्राप्त करता है; परन्तु स्थिर बुद्धि से समाहित ब्रह्म को जानने वाला ब्रह्म में स्थित रहता है।।
11	खुशी के लिए कालाराम-को मन्दिर में देखकर गोदावरी नदी की बड़ी-बड़ी नदी में भी गई।	सुख्यात कालाराम मंदिर में दर्शन करके गोदावरी नदी की महा आरती भी विहित हुई।
9	पौने सात बजे से साढ़े सात बजे तक स्वाध्याय भी हो गया।	पौने सात बजे से साढ़े सात बजे तक स्वाध्याय भी हुआ।
6	आज एक लड़का मेरी ऑफिस में आया।	आज एक युवक मेरे कार्यालय में आया।
5	बच्चों में भी आप हैं ही।	बच्चों में भी आप हैं ही।
7	एटली की अग्रिम फिल्म में वरुणवन मुख्यभूमि पर दिखाई देता है।	एटली की अगली फिल्म में वरुणधाम मुख्यभूमि पर दिखाई देता है।
4	द्रव्य के दान से पुण्य होता है।	द्रव्य के दान से पुण्य होता है।
1	और चिंता	उत्साह के साथ
8	यूक्रेन पर रूस के औपनिवेशिक आक्रमण के बाद पहली बार पुतिन-मोदी केंद्रित चर्चा पूरी.	यूक्रेन पर रूस के कब्जे के बाद पुतिन-मोदी की पहली आमोद-प्रमोद वार्ता हुई.
9	मकरसङ्कलान्तू दूर देश से भी सनातन हिंदू लोग स्नान के लिए यहाँ आते हैं ।	मकरसङ्कल्प में दूर देश से भी सनातन हिंदू स्नान के लिये यहाँ आते हैं।
4	विष क्या है? गुरुओं की अवहेलना।	क्या विष है? गुरुजनों की अवहेलना करिये।
3	मंच पर	अंकिता  मंच पर
8	वह अगरतल्ला , कोहिमा और दीमापुर जाएगी ।	वह अगरतल्ला , कोहिमा और दीमापुर जाएगी
3	सिंधुबाग मार्ग से सम्मेलन स्थल जाएगी।	वह सिन्धु बाग के रास्ते से सम्मेलन स्थल पर जाएगा।
9	कभी हजारों सिंह, बाघ, भालू, गेंडा, सियार, खरगोशों से व्याप्त जंगलों को नगर बना देते हैं और कभी मन्दिरों, राजमहलों, अट्टालिकाओं, चौराहों, चबूतरों, उपवनों, सरोवरों और गोशालाओं से भरे नगरों को जंगल बना देते हैं।	शेर, बाघ, भालू, गंडक, फेरु, खरगोश, हजारों तरह के जंगल बना देता है, मन्दिर, प्रसाद, हरम्य, शृङ्गाटक, चतुर उद्यान, तालाब और गोष्ठमय नगरों को कानन करता है।
1	बहुत से फूल	फूल
3	बाद में हीरजीभाई खड़े हुए।	बाद में हीरजीभाई खड़े हुए।
12	पिछले-एक वर्ष हमने जो अतिरिक्त संसाधन इकट्ठा किया है वह कर्मचारियों के लिए बजट में घोषित किया गया है।	पिछले एक वर्ष हमने जो अतिरिक्त संसाधन इकट्ठा किया है वह कर्मचारियों के लिए Budget में घोषित किया है।
3	माल रेल भी जाती है।	पत्नीएँ भी जाती हैं।
15	कन्ग्रेज सर्वेक्षण में भारत आर्थिक परिमाण में शीर्ष पर था, जो स्थान जब तक कम हो गया है, अब यह चौथा स्थान पर ले जाने की तैयारी कर रही हैं।	कांग्रेस सर्वकाल में आर्थिक अनुपात में भारत उस स्थान पर था, जो स्थान से कम हो गया है अब चौथे स्थान पर पहुंचने की तैयारी कर रही है।
6	वहाँ कोई नहीं था	वहां कोई भी नहीं था।
8	उसके सींग रत्नमय, खुर मणिमय और नेत्र नील रत्नमय थे। इस प्रकार बिजली की छटा और मनोहर मुखवाला वह मृग श्रीरामचन्द्रजी के आश्रम के पास सीताजी के सामने वन में विचरण करने लगा ॥	अपने शङ्खों में मणिधारी नील रत्नों के समान दीखता हुआ विद्युत्प्रभो ! मुग्धाजी विचरण कर रहा था वन के बीच में ।
17	तब शास्त्री डिप्लोमाधारकों ने राज्य सरकार से आग्रह किया था कि इस में बी.एस या स्नातकोत्तर छात्रों को गिरफ्तार नहीं किया जाना चाहिए.	तब शास्त्री डिप्लोमाधारकों ने राज्य सरकार से आग्रह किया कि इसमें नियुक्त बी.एसए या स्नातकोत्तरभ्यर्थियों को नहीं लिया जाना चाहिए।
14	मध्य जापान में एक शक्तिशाली भूकंप का तीव्रता चौदहवें भाग के ऊपर सातवीं स्थान पर मापी गई है-रिक्टर-माप में माप की गई है।	मध्य जापान में एक शक्तिशाली भूकंप महसूस किया गया इस भूकंप की तीव्रता चार दशकों के बाद सात-रिक्टर-मापने में मापी गई है।
8	इस अवसर पर आचार्य तुलसीदास परौहा जी, विश्वविद्यालय के रीवा परिसर विशेष रूप से उपस्थित थे।	इस अवसर पर आचार्यतुलसीदास परौहा विश्वविद्यालय के रीवापरिसर प्रभार विशेष रूप से उपस्थित थे।
2	ये ही साधु के लक्षण हैं।	यही सज्जनों का लक्षण है।
1	कहती हूँ	बोलता हूँ
3	वह इधर-उधर घूमता हैं।	वह यहाँ से वहाँ घूमता है।
3	चाचा चाची नहीं हैं ।	चाचाजी नहीं हैं।
4	यमुना नदी के प्रदूषण ने नई आशंकाएँ पैदा कर दी हैं।	यमुना का शुद्धीकरण नए आतंकियों को पैदा कर रहा है।
11	हमारे सभी के लिए सौभाग्य है कि हम इस क्षण का दृश्य पाते हैं।	हमारे सबका सौभाग्य है कि हम इस क्षण का दर्शन पाते हैं।
7	काङ्ग्रेस में डर या आशङ्का नहीं है।	कांग्रेस से कोई डर या आशंका नहीं है।
16	रात की स्त्री को कोई नहीं स्पर्श करता, चाहे वह माता हो या बहन, बेटी या कोई।	रजस्वला स्त्री को कोई नहीं छूता, चाहे वह माता हो या बहन, बेटी या कोई भी हो।
6	अब गुजरात के राजभवन में वे यज्ञ करेंगे।	अब वे गुजरात के राजभवन में यज्ञ करेंगे।
4	सूंड से हाथी भार ढोता है।	हाथ से हाथी भार ढोता है।
1	गर्मी के दोष	निन्दा के दोष
9	शनिवार सुबह 10 बजे मार्कर ने सड़क आंदोलन का आरम्भ किया.	शनिवार सुबह शाम मार्कर के आह्वान से सड़क आंदोलन शुरू हुआ।
9	जो संसारसागरमें गिरे हुए हैं, [सुख-दुःखादि] द्वन्द्वरूपी वासे आहत हो रहे हैं, पुत्र-पुत्री, स्त्री आदिके पालन पोषणके भारसे आतं हैं और विषयरूपी विषम जलराशिमें बिना नौका डूब रहे हैं, उन पुरुषोंके लिये एकमात्र जहाजरूप भगवान् विष्णु ही शरण हों	हे विष्णुपुत्र ! जिनकी एकमात्र शरण जलमण्डल में डूबते हुए विषम विषय में डूबे हुए जल में जलमग्न, द्वन्द्वग्रस्त, वायु पीड़ित, बहते हुए, पित्त और पित्त से कम्पन से भरी हुई और रक्त बहने वाले लोगों की है
13	जाति--आधारित रॉयल टेनिस से दूर स्थित गाँव-निवासी, प्रतिकूल-चुनाव में विरोधियों के सर्वदलों की राशि के संग्रह से जीत लिया।	जाति-आधारित राजनीति से दूर स्थित गाँव-निवासी, प्रतिकूल-उन्होंने चुनाव में विपक्षी सभी दलों की आमदनी में जीत हासिल की।
1	बादलों की माला को	कमलों की माला को
13	सूचना के अनुसार चंडीगढ़ के केंद्रीय न्यायिक विज्ञान प्रयोगशाला के विशेषज्ञों ने मंगलवार सुबह एक विशाल आग्नेयास्त्र के कारण की खोज की।	सूचना के अनुसार, चंडीगढ़ के केंद्रीय न्यायिक विज्ञान प्रयोगशाला के विशेषज्ञों ने मंगलवार सुबह वहाँ आकर विशाल आग लगने का कारण पता लगाया।
10	उसी प्रकार सच बोलने वाला मनुष्य झूठ को मन से भी नहीं चिन्तन करता है।	और सच बोलनेवाला मनुष्य मन से भी असत्य नहीं सोचता।
4	वह सुख प्राप्त करता है।	वह सुख प्राप्त करता है ।
4	उसके बाद टोकरी में सेव रखती है।	उसके बाद टोकरी में सेव रखती है।
14	हर्षवर्धन चौहान जी कल बद्दी क्षेत्र के विभिन्न विभागों, विभिन्न उद्योग प्रतिनिधियों और अधिकारियों के साथ बैठक की अध्यक्षता कर रहे थे.	हर्षवर्धन चौहान कल बद्दी क्षेत्र के विभिन्न विभागों के विभिन्न उद्योग प्रतिनिधियों के साथ बैठक की अध्यक्षता कर रहे थे।
10	केंद्रीय प्रशासन ने कहा कि सातनीस ऊपर पांच सौ स्थानों को अब तक दिव्य अंगों के लिए सुकर बनाया गया है।	केंद्रीय प्रशासन ने कहा कि अब तक नौ से पांच सौ रेलवे स्टेशन दिव्यांग लोगों के लिए साफ कर दिये जा चुके हैं।
8	वहाँ पीछे के भाग में सुनाई दे रही है ?	वक्ता  वहाँ पीछे भाग में सुनाई दे रहा है क्या ?
8	मेरा पैर, मेरा हाथ.... मेरा शिर... मेरा मुख... ।	मेरा पैर, मेरा हाथ, मेरा सर, मेरा चेहरा।
1	सुगन्ध	सूर्य
5	अहमदाबाद के कौनसे विस्तार में थे?	अहमदाबाद के कौनसे विस्तार में थी?
10	क्योंकि देहधारी पुरुष के द्वारा अशेष कर्मों का त्याग संभव नहीं है, इसलिए जो कर्मफल त्यागी है, वही पुरुष त्यागी कहा जाता है।।	क्योंकि देहधारियों को कर्म के अन्त में न रहने देना ही असम्भव है, इस प्रकार जो पुरुष कर्मफल का त्याग करता है, वह त्यागी कहा जाता है।।
19	इसके अलावा जयसिंहपुर में होली मेला, जिला बिलासपुर के अजमेर (भराड़ी) ग्रीष्मकालीन महोत्सव, संगला होली महोत्सव, गंगाथ- जिला स्तरीय होली मेलाओं में उठाने का भी निर्णय लिया गया है.	इसके अलावा जयसिंहपुर में होली मेला, जिला बिलासपुर में अजमेर (भराड़ी) ग्रीष्मकालीन महोत्सव, संगला होली महोत्सवः, गंगाथ-और कारुमहाराज मेला को जिला स्तरीय महोत्सओं में बढ़ावा देने का भी निर्णय लिया गया।
4	आर्यों का मूल देश भारत देश है ।	आर्यों का मूल देश भारत देश है ।
9	उन्होंने कहा कि राज्य सरकार ने कर्मचारियों से 4 फीसदी बड़ा भारी वेतन घोषित कर दिया है.	उन्होंने कहा कि राज्य सरकार ने कर्मचारियों को 4 फीसदी बड़ा वेतन दिया है।
4	गैस चूल्हा उसे पसन्द नहीं है।	गैस चूल्हा उसे पसंद नहीं है।
12	राज्य के चारों संसदीय क्षेत्रों में सर्वेक्षण करके उत्तमवेदकों का नाम परीक्षण समिति के पास भेज दिया जाएगा।	राज्य के चार संसदीय क्षेत्रों में सर्वेक्षण करके उत्तमवेदकों के नाम परीक्षण समिति के पास भेजे जाएंगे।
1	कल्याणयुक्त	कल्याणकारी
7	वो दोनों देवनागरी में ही हस्ताक्षर करती हैं	वे दोनों देवनागरी में ही हस्ताक्षर करते हैं
3	विष्णुमित्र कहाँ है?	विष्णुमित्र कहाँ है?
6	इस प्रकार, 1,200 लड़कियाँ जहरीली गैस के प्रयोग से पीड़ित हुईं।	इस प्रकार, 1,200 बालिकाएँ जहरीली गैस के इस्तेमाल से पीड़ित हुईं।
9	सञ्जहार शब्द में हकार के स्थान पर भकार के आदेश से सञ्जभार का रूप सुना जाता है।	सञ्जहार शब्द में हकार के स्थान पर भकार के आदेश से सञ्जभार रूप सुना जाता है।
13	चुनाव में कन्ग्रेस-चूँकि, भाजपा के प्रत्येक विधायक को अपने अधिकृत अभिाधिकारी का खुलासा करना होगा।	चुनाव में कांग्रेस-भाजपा के प्रत्येक विधायक को अपने अधिकृत एजेंट को प्रकट करके मतदान करना होगा।
5	हिमदास ने कल चौथा स्वर्णपदक जीता।	हिमदास ने कल चौथा स्वर्ण पदक जीता।
4	उसके दोनों होंठ लाल हैं।	उसके दोनों होंठ लाल हैं।
6	पत्नी का भाई ने इस मामले को दर्ज किया।	पत्नी के भाई ने यह मामले दर्ज करवाए।
6	अनेकों के नाम हम नहीं  हीं जानते हैं।	अनेकों के नाम हम नहीं जानते हैं।
7	इसके लिये सभी प्रक्रियाएँ चरणबद्ध रूप से सम्पन्न होती हैं।	इसके लिए सभी प्रक्रियाएँ चरणबद्ध रूप से पूरी की जाती हैं।
14	डॉ. ने बछड़े को विश्वविद्यालय समुदाय का धन्यवाद दिया कि वे इसके प्रतिष्ठित उपलब्ध कराने के लिए निकटता और सद्भाव से कार्य करते हैं	डॉ. बत्स ने विश्वविद्यालय समुदाय को धन्यवाद दिया कि वे इसके प्रतिष्ठित उपलब्धि के लिए निकट मित्रता और समर्पण से काम करते हैं।
1	ग्राम	जगह
6	मैं आपके साथ चलूँ क्या ?	मैं भी आपके साथ जाऊँ क्या ?
10	इस बार भी चंद्रमा अपने दक्षिणी ध्रुव के पास समतल क्षेत्र में उतरेगा।	इस बार भी चंद्रमा के दक्षिणी ध्रुव के पास वर्तमान समतल क्षेत्र में उतारा जाएगा।
6	वे अक्षता प्रत्येक हिंदू घर में देने जाते हैं।	वे अक्षत प्रत्येक हिंदू घर में देने जाते हैं।
7	बीच में स्थित सफ़ेद रंग सात्विकता और ईमानदारी का द्योतक है।	बीच में स्थित सफेद रंग सात्त्विकता और पवित्रता का द्योतक है।
7	उसे देखकर मुझे बहुत दुःख होता है ।	उसे देखकर मेरा बहुत दुःख होता है ।
10	सीता सहित, मृगचर्मधारी अजेय, नित्य श्रीलक्ष्मणजी द्वारा सेवित पादपन वाले, नीलकमल की कान्तियुक्त, अनन्तगुण सम्पन्न, अतिशान्त मेरा सौभाग्यरूप श्रीराममूर्ति को अनिश में प्रणाम करता हूँ ॥	मैं सौमित्रियों द्वारा सदासेवित कमलोंवाले, नीले रंगके समान अनन्त और प्रशान्त और निर्गुण श्रीरामचन्द्रजी को शिवजीके समान शरीर धारण करता हुआ प्रणाम करता हूँ ॥
8	सभी राज्यों के जलशुल्क के बारे में केंद्र सरकार की नीति समान है-सीह है.	सभी राज्यों के जलशुल्क के बारे में केंद्र सरकार की नीति समान है- है।
5	उपदेश के बिना प्रथम ज्ञान उत्पन्न हो गया।	उपज्ञा उपदेश के बिना हुई पहली ज्ञान है।
4	यह लेख झूंठ मालूम पड़ता है।	यह लेख झूठ है।
1	कुआं खोदना	कुएँ का खोदना
9	मानवाधिकार दिवस हर साल दिसंबर के दिनाङ्क को पूरे विश्व में मनाया जाता है।	मानवाधिकार दिवस हर साल दिसंबर को पूरे विश्व में मनाया जाता है
8	श्रम थकावट ग्लानि (दुःख) प्यास शीत (जाड़ा) उष्णता (गर्मी) आदि सहने की शक्ति व्यायाम से ही आती है और                           परम आरोग्य अर्थात् स्वास्थ्य की प्राप्ति भी व्यायाम से ही होती है ।	परिश्रम, थकान, गर्मी, ठंड आदि में सहनशीलता और स्वास्थ्य में भी उत्तम व्यायाम उपयोगी होता है।
13	अनाज के कोठे को भरने में समर्थ आढ़कों (माप-विशेष, विशिष्ट के सूचक) के समान अनेक पुत्रों के होने मात्र से कौन भाग्यशाली माना जाएगा ? ऐसा एक पुत्र अच्छा है जो कुल का आसरा हो तथा जिसके कारण पिता की प्रसिद्धि हो |	कितने ही पुत्रों से कुशल और ढके हुए मनुष्य धन्य हैं? एक ही कुल में पैदा होने वाला छोटा भाई वहीं रहता है जहां पिता की सेवा होती है।
6	चिराग - हाँ सभी प्यार से चल रहे हैं।	चिराग -हाँ सभी प्रेम से चलते हैं।
9	ध्यान रखना चाहिए कि संस्कृत शिक्षण द्वारा हर रविवार को ऑनलाइन आयोजन किया जाता है।	ध्यान रखना चाहिये कि संस्कृत शिक्षण के माध्यम से हर रविवार को ऑनलाइन आयोजन किया जाता है।
8	वेदों में रामायण जैसे वैदिक और धर्मनिरपेक्ष पुराण शामिल हैं।	वेदों को वैदिक, रामायण आदि पुराण और लौकिक कहते हैं।
7	उन्होंनेन्हों नेसरोजिनी नायडू के साथ भी काम किया।	उन्होंने सरोजिनी नायडू के साथ भी काम किया।
6	कौए ने रोटी को खा लिया और प्रसन्न हो गया।	कौआ रोटी खा गया और खुश हो गया।
5	इस में थोड़ा सा भी पाप नहीं है।	इसमें थोड़ा सा भी पाप नहीं है।
3	प्रातःकाल व्यायाम किया	सुबह व्यायाम किया
3	जहां वह जाता है?	जहां वह जाता है।
7	कोर्ट ने कल के फैसले को रद्द करते हुए वाराणसी में कर्फ्यू लगा दिया.	कोर्ट ने कल अपने निर्णय को सुनाने के लिए वाराणसी में निषेधाज्ञा की।
8	वहाँ से श्रीराम भाई के पास जाकर रूधिरादिग्ध लक्ष्मण को देखा।	वहाँ से श्रीराम ने भाई के पास जाकर खून से लथपथ लक्ष्मण को देखा।
7	वीणाकर्ण ने खूंटी को देखकर कहा 'अल्पशक्ति वाला होते हुए भी यह चूहा कैसे इतनी दूर तक उछल लेता है ?	वीणाकर्ण ने नागदान को देखा- कैसे चूहा इतनी कम बल से दूर गिरता है।
5	वह इस विषय में संकोच अनुभव करता है।	वह इस विषय में संकोच अनुभव कर रहा है।
5	वह पदक प्राप्त करना चाहता है	वह पदक प्राप्त करना चाहता है ।
9	वहाँ भारत के नवनिर्माण संस्कृत के योगदान पर चर्चा की गई।	वहां भारत के नए निर्माण में संस्कृत के योगदान के बारे में चर्चा की गई।
5	वह वृद्धा खुश हो जाती है	वह वृद्धा प्रसन्न होती है।
9	"वैसा ही है, कोई फर्क नहीं", ऐसा वह जवाब में बोला ।	"वैसे ही होता है। कोई विशेष बात नहीं" ऐसा वह बोला।
7	बेटा , वो पुस्तक संस्कृत भाषा में हैं।	दादी  बेटा, वे पुस्तकें संस्कृत भाषा में हैं।
2	माँ की खातिर	माता के लिए
1	बाल	बाल
8	शान समिति की रिपोर्ट के बाद चयन प्रक्रिया ऑनलाइन रूप में की जाती है।	शानन समिति की रिपोर्ट के बाद चयन प्रक्रिया ऑनलाइन की जाती है।
4	हम शिव के मन्दिर गए।	हम सब शिव के मंदिर गये।
6	मैं कुएँ पर जाकर स्नान करना चाहता हूँ	मैं कुएँ पर जाकर स्नान करना चाहता हूँ
9	नियम ज्ञान है परन्तु प्रयोग नहीं है अर्थात् भाषा नहीं आती है।	नियम ज्ञान है पर प्रयोग नहीं है तो भाषा नहीं आती है।
9	अब तक हम घर में राष्ट्र ध्वज फहरा नहीं सकते थे।	अब तक हम घर में राष्ट्रीय ध्वज नहीं फहरा सके थे।
8	यह सब जानकर जयद्रथ डर से बहुत व्याकुल हुए।	यह सब जानकर जयद्रथ डर से बहुत व्याकुल हो गया।
11	अब पुष्ट किया गया कि श्यामला बहुत जल्दी ही इंशा अल्लाह नामक फिल्म में दिखती है।	अब पुष्टि हो गई है कि रेलमार्ग बहुत जल्दी ही इंशा अल्लाह नामक फिल्म में दिखता है।
12	हिमाचल प्रदेश का कृषि-उद्यान-विश्वविद्यालय के कुलपति-नियुक्ति- संशोधन विधेयक के विषय में राजा के भवन और राज्य सरकार के बीच गतिरोध समाप्त हो गया है।	हिमाचल प्रदेश के कृषि- उद्यान-विश्वविद्यालयों के कुलपति-नियुक्ति- संशोधन विधेयक के बारे में राजभवन और राज्य सरकार के बीच गतिरोध समाप्त हो गया है।
9	इसके अतिरिक्त, पटियालाबस्ती में पांचों गाँवों के धर्म के विरोधी लोगों को सामुदायिक कल्याण के लिए 2 लाख रुपये का दान किया गया है।	इसके अलावा, ग्राम पंचायत धर्मशाला के प्रधान पटियाला में सामुदायिक भवन के लिए 2 लाख रुपये भी स्वीकार किए गए हैं।
4	वह सबको सुख से पालता है।	वह सबको सुख से पालता है।
5	इसके लिए आवेदन पत्र प्राप्त हो चुके हैं।	इसके लिए आवेदन प्राप्त हुए हैं।
1	योगदान	दान
2	बुद्धि की जड़ता को	ध्यान करने वालों का
16	स्वयं तुम गुरुदेव हो, इस प्रकार पितामह भीष्म, कर्ण, योद्धा वीर, दयालु, अश्वत्थामा, विकर्ण, और भूरिश्रव भी चैत्य में हैं।	स्वयं तुम गुरुदेव हो, इस प्रकार दादाजी भीष्म, कर्ण, योद्धा, कृपाचार्य, अश्वत्थामा, विकर्ण, और भूरिश्रवा चेता हैं।
7	अतः वे दोनों बार बार प्रश्न पूछते हैं	इसीलिए वे बार बार प्रश्न पूछते हैं ।
6	इस संबंध में जिला प्रशासन के द्वारा आदेश हैं।	जिला प्रशासन ने इस संबंध में आदेश जारी किये हैं।
8	दृष्टिपात से उसकी व्यथा नष्ट हो जाती है, मैं चित्राम की शरण में क्या प्राप्त करती हूँ?	दृष्टि पड़ने से उसकी व्याथा समाप्त हो जाती है। चित्रों में क्या रह गया है, यह तो ज्ञात नहीं होता है।
6	हरिद्वार में उन्होंने गुरुकुल काँगड़ी की स्थापना की।	हरिद्वार में उन्होंने काँगड़ी गुरुकुल की स्थापना की।
6	यह वैष्णवी मायाशक्ति नाम से भी जाना जाता है।	इसे वैष्णवी मायाशक्ति भी कहा जाता है।
11	मुख्यमंत्री सुख-बताया गया है कि आश्रय योजना के तहत उपनिहित कार्यालयों में जिला स्तरीय वित्तीय संख्याएं खोली जाएंगी।	मुख्यमंत्री सुख- उन्होंने कहा कि आश्रय योजना के तहत उपयुक्त कार्यालयों में जिला स्तर पर बैंक की संख्या खोली जाएगी।
5	रास्ते में उन्होंने ज्ञानप्रश्न क्रीड़ा भी खेली।	रास्ते में उन्होंने ज्ञानप्रश्न क्रीड़ा भी खेली।
7	वह कहां है? मुझे दिखाओ” भसूरक ने ऐसा कहा।	वह कहाँ है? बतायें ऐसा भासुरक ने कहा।
10	मैं उन ऋक्षा वानरों को भी फिर से निकालते हुए और बड़े बलशाली पुरुषों को देखना चाहता हूँ।	मैं उन ऋक्ष वानरों को भी पुनः निव्रण और पूर्ण बलवान देखना चाहता हूँ।
21	शिविर का उद्घाटन डॉ. सोहम चक्रवर्ती वर्या की उपस्थिति में किया गया, श्री नवल किशोर पंत, सरस्वती पूजा में श्री विष्णु दत्त गौड़ भी उपस्थित थे।	शिविर का उद्घाटन दा सोहम चक्रवर्ती वर्या के उपस्थित होने पर सरस्वती पूजा में हुआ, श्री नवल किशोर पंत, श्री विष्णुदत्तगौड़ जी भी सरसवती पूजा में उपस्थित थे।
8	हे कौन्तेय ! श्रद्धा से युक्त जो भक्त अन्य देवताओं को पूजते हैं, वे भी मुझे ही अविधिपूर्वक पूजते हैं।।	जो अन्यदेवता को भी श्रद्धा से पूजते हैं, वे भी मुझे ही विधिवत् पूजें।
10	म्यांमार की सर्वमान्य नेता आंग सान सू की को भ्रष्टाचार का दोषी पाए जाने पर दोबारा जेल की सजा सुनाई गई है.	म्यांमार के सार्वभौमिक नेता आंग सान स्यूची को एक बार फिर भ्रष्टाचार के आरोप में गिरफ्तार कर जेल की सजा सुनाई गई है।
8	ओमान के संस्कृत विद्यालय के डॉ आर नारायणन व्याख्यान देंगे	ओमान के संस्कृत विद्यालय के डॉ आर. नारायणन व्याख्यान देंगे।
6	तू सत्तू खाता है वा नहीं !	हम सब मिलकर रहें वा नहीं ?
9	पहले पारी में दक्षिण अफ्रीका के कायल वेरिन ने सबसे अधिक 15 रन बनाए।	दक्षिण अफ्रीका के काइल वेरिन ने पहले स्थान पर सर्वाधिक पंद्रह रन बनाए।
6	उनके पिता का नाम एस नारायणस्वामी था।	उनके पिता का नाम एस नारायणस्वामी था।
13	महातेज रावण ने क्रोध से श्रीराम के सदृश सिंह, व्याघ्र, कोंकड़ा आदि प्रमुख बाणों को पीपल के समान मुख वाली और सियार आदि प्रमुख बाणों को बाणों पर चढ़ा दिया।	महातेज रावण ने क्रोध से श्रीराम के ऊपर शेर, बाघ, मुख, कंकड़ और मुख वाले गीध्र के समान सियार के बाण फेंके।
7	नाम यदि लम्बी है, तो उसका शरीर बहुत लम्बी नहीं है।	नाम यदि लंबा है, परन्तु उसका शरीर बहुत लम्बा नहीं है।
4	सभी वैसे ही हो गए।	सभी वैसी ही हो गईं।
9	शाही जहाज़ के साथ उच्च न्यायालय में उनके सभी मामलों की सुनवाई का विरोध किया गया है।	शाहीदगाह समिति ने सभी मामले को उच्च न्यायालय में स्थान परिवर्तन का विरोध किया है।
5	सभी सैनिकों के हाथ में राखी बाँधती है।	सभी सैनिकों के हाथ में राखी बाँधती है।
1	बाजार से	दुकानदार
8	परन्तु ज्ञानी सब प्रकार परीक्षा करके अपराधी को ही उचित दंड देता है।	परन्तु ज्ञानी सब परीक्षा करके अपराधी को यथायोग्य दण्ड देता है।
11	अभी ही अजय ने अपने नए चलचित्र "शैतान" के कुछ तस्वीर प्रकाशित की हैं।	अभी ही अजय ने अपने नए फ़िल्म "शैतान" के कुछ छवियाँ प्रकाशित की हैं।
4	अभी वह रामेश्वर पहुँचा ।	अभी वह रामेश्वर पहुँचा।
4	बच्चे के मुँह पर फुंसियाँ हो गई हैं।	बच्चे के मुँह पर फुंसियाँ हो गई हैं।
1	चारों ओर से	चारों ओर से
4	बगीचे में हम वृक्ष गिनते हैं।	बगीचे में हम वृक्षों को गिनते हैं।
4	यह लेख झूंठ मालूम पड़ता है।	यह लेख झूठ है।
21	मित्रको स्वच्छता (निष्कपट हृदय) से जीते शत्रुको नीतिबलसे, लोभीको धनसे, स्वामीको कार्यसे, ब्राह्मणको आदरसे युक्तीको प्रेमसे, बन्धुओंको समभावसे, अत्यन्त क्रोधीको स्तुति, गुरुको विनयसे, मूर्खको बातोंसे, बुद्धिमान्को विद्यासे, रसिकको रसिकतासे और सभीको सुशीलतासे वशीभूत करे	मित्र, स्वच्छता, शत्रु, नयबल, लोभी धन और ऐश्वर्य दोनों का काम करके, युवती स्त्री प्रेमपूर्वक सम्बद्ध हो, अत्यन्त ऊंचे पद पर स्तुति, गुरु को प्रणाम और मुर्ख कथाओं से युक्त विद्वान् विद्याभी राजसी के रस से और शील से सब कुछ कर
9	इसके पश्च्यात स्थूल भूतों से विराट् उत्पन्न हुआ और विराट् पुरुष से यह सम्पूर्ण स्थावरजंगम संसार प्रकट हुआ ॥	तदनन्तर एक मोटा भूतमात्र के समान विराट उत्पन्न हुआ और वह समस्त लोकों में स्थित जड़ पुरुषों से सुशोभित हुआ ॥
5	निःसन्देह वह कर्म करेगा ।	निःसन्देह वह कर्म करेगा ।
3	भूतकाल में वाक्य लिखिये	अतीत काल में वाक्य लिखिये।
7	बहुत से लोग केवल फल ही खा रहे थे।	बहुत से लोग केवल फल ही खा रहे थे।
8	संस्कृत भारती के अखिल भारतीय सचिव पी.एसकार्यक्रम का उद्घाटन नंद कुमार करेंगे.	संस्कृत भारत के अखिल भारतीय सचिव पी. नन्दकुमार कार्यक्रम का उद्घाटन करेंगे।
8	सत्र में मुख्य अतिथि के रूप में विश्वविद्यालय के वास्तुकला विभाग के पूर्व प्रोफेसर प्रोफेसर एस.के.सिंह उपस्थित थे।ओंकारनाथ चतुर्वेदी महाभाग एकत्र हुए थे।	इस सत्र में मुख्य अतिथि के रूप में विश्वविद्यालय के वास्तुकला विभाग के पूर्व प्रोफेसर प्रोओङ्कारनाथ चतुर्वेदी महात्मा उपस्थित थे।
3	सूत्रकार सूत्र बनाता है।	तर्खान सूत्र बनाता है।
12	वीरेन्द्र सिरमौर जिले केणुका क्षेत्र से है, उससे पहले उसने अनेक प्रतियोगिताओं में भाग लिया था।	वीरेन्द्र सिरमौर जिले के रेणुका क्षेत्र के हैं, इससे पहले उन्होंने अनेक प्रतियोगिताओं में भाग लिया था।
8	हाँ गुरुदेव ! हिन्दू संस्कृति के मूलस्वरूप को क्या जानना चाहता हूँ।	हाँ गुरुदेव ! हिन्दू संस्कृति का मूल रूप क्या है यह जानना चाहता हूँ।
11	उपरोक्तयूषों के साथ बकरे का मास रस या बटेर आदि पक्षियों का मास - रस मिला कर देना चाहिये । मल सग्राहक बेलगिरी, पाठा आदि के चूर्ण से युक्त, अनार आदि फलों से या तक्र से खट्टा करके यूत्रों को देना चाहिये ||	चावल का रस दही के साथ अथवा शहद में मिलाकर मीठा बना लेना चाहिये। अथवा अचार से दही खट्टा बना कर अनार, चावल का गोभी खट्टा करके अथवा गोभी मट्ठा मिलाकर पीना चाहिये ॥
1	था	था
7	मेरे पास केवल इतना ही धन है ।	मेरे पास केवल इतना ही धन है
6	वह धन गिनता है , जेब में रखता है।	वह धन गिनता है , जेब में रखता है।
13	यह कहकर वे अत्यन्त आर्त्तचित्त होकर मुनि के दोनों पैर पकड़कर बोले "भगवन्! आप तो स्वयं जान सकते हैं कि में दोषी हूँ अथवा निर्दोष हूँ ? ॥	यह कहकर श्रीरघुनाथ जी ने मुनि के दोनों पैर छुए, फिर उनपर अपने हृदय को लगा लिया और उनसे कहा कि हे देव ! आप मुझे शुद्ध या अपवित्र जानते हैं ॥
13	उन्होंने कहा कि यह नियम दूरसंचार क्षेत्र से जुड़े लाखों से अधिक लोगों का भी पालन किया जाएगा।	उन्होंने कहा कि यह नियम दूरसंचार क्षेत्र से जुड़े 1 लाख से अधिक लोगों का भी पालन करेगा।
8	उस युद्ध में बदलूराम नाम का एक सैनिक वीरगति को प्राप्त हुआ।	उस युद्ध में बदलूराम नाम का एक सैनिक वीरगति को प्राप्त हुआ।
1	ऐसा	ऐसा
15	शनिवार को हिमालयन हॉस्पिटल जॉली ग्रांट द्वारा कवच की खोली पर अटलोत्कृष्ट- राजकीय वरिष्ठ माध्यमिक विद्यालय में रक्तदान शिविर का आयोजन किया गया।	शनिवार को हिमालयन हॉस्पिटल जॉली ग्रांट द्वारा कणवाघाटी में उतारा गया-राज्य के वरिष्ठ माध्यमिक विद्यालय में रक्तदान शिविर का आयोजन किया गया।
4	खीर मीठी है	खीर मीठी है।
19	इसी प्रकार वे सभी कृतार्थ राक्षस नन्दन वन में गन्धर्व की भांति अपनी पत्नी के पद के लिए रमण करते थे। उसके बाद मन्दोदरी ने पुत्र को बादल का ध्वनि किया।	इस प्रकार वे सभी कृतार्थ राक्षस नन्दन में गन्धर्वों की भाँति अपनी पत्नी को सुशोभित करने के लिए रमते थे। वहाँ से मन्दोदरी ने पुत्र मेघनाद को उत्पन्न किया।
5	योजना को रोककर एफआईआर को निवृत्त करिये।	योजना को रोककर एफआईआर सेवानिवृत्त करें।
11	प्रधानमंत्री ने मध्य प्रदेश में पचास से अधिक करोड़ रुपये के सड़क विकास परियोजना को भी राष्ट्र को समर्पित किया।	प्रधानमंत्री ने मध्य प्रदेश में पांच सौ से अधिक करोड़ रुपये की सड़क विकास परियोजना दो सौ से तीन हजार रुपये भी राष्ट्र को समर्पित की।
5	कल वह बहुत उग्र हो गया था।	कल वह बहुत उग्र हो गया।
4	तुम वाङ्मय हो, तुम चिन्मय हो।	तुम वाचिक हो, तुम चाणक्य ।
9	आपका दर्शन योगियों को भी दुर्लभ है, और में साक्षात् आपका बाण लगने से, विशेषरूप से आपके सामने मने प्राण छोड़ रहा हूँ। ॥	हे महायोगी! आपके दर्शन को मैं प्रत्यक्ष रूप से प्राप्त नहीं कर पा रहा हूँ, विशेषरूप से आपके समीप में होने वाले बाण से ॥
5	मेघमाला ने समस्त गगन मण्डल को आच्छादित कर लिया।	बादलों की माला ने सारा आकाशतल ढका।
3	हम सबको क्या करना चाहिए?	हमें क्या करना चाहिए?
8	संस्कृत भारती के अखिल भारतीय प्रशिक्षण प्रमुख डाॅएच.एसमुख्य अतिथि आर विश्वास थे.	संस्कृत भारती के अखिल भारत प्रशिक्षण प्रमुख डाॅएच.आर. विश्वास मुख्य अतिथि थे.
5	आज प्रातः आए क्या ?	आज सुबह आए थे क्या ?
8	इस फिल्म की नायिका बहुत जल्दी ही फाइनल में तय हो जाती है।	इस चलचित्र की नायिका बहुत जल्दी ही अंतिम रूप से तय करने जाती है।
9	अतः हे देवता! इस रथ पर चढ़कर राक्षस रावण को मारना।	इसलिये हे देव! इस रथ पर चढ़कर राक्षस रावण को मारो।
5	कांगड़ा-केंगड़ा जिले में बिजली के ज्वालामुखी दीपमाला पहने गए हैं।	कांगड़ा-कांगड़ा जिले में शक्तिपीठ के ज्वालामुख्य दीप प्रदीप्त किए गए।
6	राम मंदिर का स्पर्श तब तक सुलभ नहीं था।	राम मंदिर को छूना इतना आसान नहीं था।
14	राजधानी शिमला, शिमला जिले के सौ से अधिक मंदिरों और राजधानी मंदिरों में प्राणों कीप्रतिष्ठा का समारोह भक्तों के लिए एक सजीव प्रदर्शन द्वारा दिखाया गया।	राजधानी शिमला जिले के सौ से भी अधिक मंदिरों और राजधानी मंदिरों में प्राणों की समृद्धि का समारोह भक्तों के लिए एक जीवंत प्रसार के रूप में दिखाया गया।
23	जिला चुनाव कार्यालयों में मतों की सूची जारी की गई है, चुनाव पंजीकरण अधिकारी सहायक-चुनाव पंजीकरण अधिकारी और उनके कार्यालयों में भी प्रत्येक मतदान केंद्र में मतदान केंद्र स्तर के अधिकारियों के पास निगरानी की जा सकती है।	प्रकाशित मतदाता सूचियाँ जिला निर्वाचन कार्यालयों में, चुनाव पंजीकरण अधिकारी सहायक-चुनाव पंजीकरण कार्यालयों के भी प्रत्येक मतदान केंद्र में और मतदान केंद्र स्तर के अधिकारियों के पास निरीक्षण के लिए उपलब्ध हैं।
5	सभी को प्रमाण पत्र सौंपने के लिए कार्यक्रम आयोजित किया गया।	सभी को प्रमाण पत्र सौंपने के लिए कार्यक्रम सफल रहा।
7	इसके अलावा, पांच अन्य ग्रीनहाउस पूरी संस्कार के लिए प्रयास कर रहे हैं।	इसके अलावा, अन्य पांच ग्रीनहाउस को पूर्ण करने के प्रयास चल रहे हैं।
4	वह मलयालम भाषा में बोलती है	वह मलयालम भाषा में बोलती है
7	समारोह की अध्यक्षता तकनीकी शिक्षा मंत्री राजेश धर्माणी ने की।	समारोह की अध्यक्षता तकनीकी शिक्षा मंत्री राजेश धर्माणी ने की।
8	अखिलेश ने कहा कि आज बहुत ही अच्छा दिन है।	अखिलेश ने कहा कि आज बहुत ही शुभ दिन है
17	इससे पहले, उन्होंने चंद्र बोस द्वारा रचित और एमएम कीरवानी द्वारा रचित अपने गीत नट्टू नट्टू के लिए गोल्डन ग्लोब पुरस्कार जीता था।, और इनाम जीत लिया गया.	उस दौरान चंद्र बोस द्वारा रचित एम. कीरवणी द्वारा संगीत दिया गया नट्टु नट्टू गाना उनके लिए पहले गोल्डन ग्लोब पुरस्कार था, और उन्हें पुरस्कार मिला था।
5	जैसे पूरा हुआ्रीहै, पूरा हुआ्रीहै।	जिस प्रकार एक ही ऊन ऊन कपड़ा धारण करता है।
10	दल के सूत्रों से कहा गया है कि इस सप्ताह आवेदन की तारीख निर्धारित होगी.	दल के सूत्रों ने कहा कि आवेदन की तारीख इस सप्ताह निर्धारित होगी।
9	केंद्रीय मंत्री द्वारा प्रभावित लोगों को कल्याण और सुरक्षा के लिए प्रार्थना की गई है।	केंद्रीय मंत्री ने प्रभावित लोगों के कल्याण और सुरक्षा के लिए प्रार्थना की।
10	वहाँ जाकर हनुमानजी ने जो कहा था सब कुछ क्रमपूर्वक श्रीराम के लिए कह दिया।	वहाँ जाकर हनुमान ने मैथिल्य से जो कहा वह सब क्रमशः श्रीराम को सुनाया।
10	मैंने कहा कि काशी विद्यापीठ हमारी स्वतन्त्रता संग्राम का प्रतीक है।	उन्होंने कहा कि काशी विश्वविद्यालय हमारे स्वतंत्रता संग्राम का प्रतीक है।
5	यहाँ पन्द्रह दिन का ध्यान शिबिर है	यहाँ पंद्रह दिवसीय ध्यान शिविर है।
5	वह सिर पर नारियल का तेल लगाता है ।	वह सिर पर नारियल का तेल डालता है
1	देखने के लिए।	देखने
20	जो समस्त आभूषणों से सुसज्जित, उज्ज्वल किरीट और कटक पहने हुए हैं तथा कौस्तुभमणि से विभूषित और सैकड़ों कामदेवों के समान सुन्दर श्यामवर्ण हैं। इस प्रकार सर्वसुलक्षण सम्पन्न श्रीलक्ष्मणजी जिनके ऊपर श्वेत छत्र लगाया हुआ है, ऐसे श्रीराम को राज्याभिषेक के अनन्तर मन्द मुसकान के सहित हाथी पर चढ़ कर आते हुए हम कब देखेंगे ? वह मंगल प्रभात कब होगा ? इस प्रकार सभी पुरवासियों का चित्त अति उत्कण्ठित हो रहा था ॥	इस प्रकार पूर्ववासियों ने सबको उत्सुकित कर दिया कि वह समस्त आभूषणों से परिपूर्ण, किरीट के समान चमकीले, सुन्दर, काले और कामदेव के समान श्यामवर्ण वाले श्रीराम को कब देखेंगे अथवा प्रातःकाल कब ? ॥
4	मैं कल दिल्ली जाऊँगा।	मैं कल दिल्ली जाऊँगा।
5	कानजी – केवल हवा के बादल दिख रहे हैं।	कानजी  केवल हवा के बादल दिख रहे हैं।
17	अंत में सभी को धन्यवाद देकर डॉ. हेनाचंद्रा बोली कि राम हमारा राष्ट्र है, माँ सीता हमारी संस्कृति है।	अंत में सभी को धन्यवाद देकर डॉ. हेनाचंद्र ने कहा कि राम हमारा राष्ट्र है, माता सीता हमारी संस्कृति हैं।
1	चला गया	भाग गया
7	उस लड़के को देख कि वह क्या कर रहा है।	उस लड़के को देखो, वह क्या करता है।
7	वानरोंका नन्दन और राक्षसोंका अवसाद वह अस्त्र है	वह अस्त्र वानरों का नन्दन और राक्षसों का नाश करने वाला होता है।
3	पुत्र प्राप्ति के लिए ही स्त्रियों का वरण किया जाता है।	पुत्र के लिए स्त्री ही योग्य है।
1	संदेह से आजादी	भ्रम के बिना
4	आपके स्कूल का नाम क्या है?	आपके स्कूल का नाम क्या है?
4	कृपया आप भी सुझाएँ।	कृपया आप भी सुझाएँ।
5	मेरे भी मन में ख़ुशी हुई ।	मेरे मन में भी हर्ष हो गया ।
11	जो कोई भी भक्त मेरे लिए पत्र, पुष्प, फल, जल आदि भक्ति से अर्पण करता है, उस शुद्ध मन के भक्त का वह भक्तिपूर्वक अर्पण किया हुआ (पत्र पुष्पादि) मैं भोगता हूँ अर्थात् स्वीकार करता हूँ।।	जो पुरुष मेरा पत्र, फूल और फल भी भक्तिपूर्वक भेजता है, मैं तो प्रयत्नशील पुरुष अपनी भक्ति से उसे छीन लेता हूँ।।
4	फिर कभी मिलेंगे।	पुनः कभी मिलेंगे।
1	मोबाइल फोन	मोबाइल फोन
7	यहाँ से वहाँ तक रास्ता ठीक नहीं है।	यहाँ से वहाँ का रास्ता ठीक नहीं है।
7	पैत्तिक-ग्रहणी - कटु, अजीर्ण, विदाही, अम्ल तथा क्षार आदि के सेवन बढा हुआ पित्त अभि को आञ्जावित करके उसी प्रकार नष्ट कर देता है, जैसे गरम पानी अनि को शान्त कर देता है। पित्त प्रकोपक वस्तुओं से पित्त मे उणमा और द्रबाश दोनो बढते है । द्रवाश के कारण जनि पुझ जाती है ।	कद्दू के जीर्ण अम्ल से पितृ-मुल्बण की वृद्धि होती है और गरम जल से शीतल वायु भी अमला को बढ़ाता है।
8	जब तक इनका उपयोग नहीं किया जाता, तब तक इनका साज-सज्जा में नुकसान होता है।	जब तक उसका उपयोग नहीं किया जाता तब तक वह सामग्री सजावट में नष्ट कर दी जाती है।
11	चिकित्सकों बीपी और चीनीरोगियों ने सलाह दी कि इस मामले में सावधानी बरतें।	डॉक्टर बीपी और श्कर रोगियों ने सलाह दी है कि इस मामले में सावधान रहें।
10	केंद्रीय प्रशासन ने कहा कि सातनीस ऊपर पांच सौ स्थानों को अब तक दिव्य अंगों के लिए सुकर बनाया गया है।	केंद्रीय प्रशासन ने कहा कि अब तक नौ से पांच सौ रेलवे स्टेशन दिव्यांग लोगों के लिए साफ कर दिये जा चुके हैं।
9	मुख्यमंत्री महाशय ने हमारे विद्यालय के शिक्षकों को बहुमूल्य वस्त्र दिये ।	उन्होंने हमारे विद्यालय के शिक्षकों को बहुमूल्य वस्त्र दिये।
9	इसलिए वह दल से निकलने के लिए सार्वजनिक घोषणा के लिए जनवरी को दिनांक का दिन चुनता है।	इसीलिए वह दल से निकलने के सार्वजनिक घोषणा के लिए जनवरी में तारीख का चयन करता है।
6	बड़े-बड़े बर्फ कीस्तर से शिखर ढँके हुए हैं।	मोटे बर्फ के स्तर से पर्वत ढके हुए हैं।
4	वह सब्जी मैंने खाई।	वो सब्जी मैंने खाई।
10	विभीषण ने महात्मा गन्धर्वराज शैलुष की बेटी को धर्म ज्ञाता सरमा से विवाह किया।	और विभीषण जी ने महात्मा गन्धर्वराज शैलूश की पुत्री धर्म ज्ञाता सरमा को पाया।
13	मध्यप्रदेश के लिए चयनित मुख्यमंत्री डॉ. मोहन यादव आज मुख्यमंत्री पद को शपथ ले जाएंगे.	मध्य प्रदेश के मुख्यमंत्री डाॅ मोहन यादव आज मुख्यमंत्री पद के लिए शपथ लेंगे।
7	जाने वालों को सुखपूर्वक यात्रा करें, उन्हें घर पहुँचाने में सुरक्षित रखा करें।	प्रस्थान करने वालों को सुखदायात्रा हो, वे घर सुरक्षित पहुँच गए।
16	तुम्हारे लिए स्वामीजी की सेवा करने के लिए मेरे पास कुछ भी कहना नहीं है फिर भी यह कहता हूँ कि राम तुम्हारी परम देवता है।	तुम्हारे लिए स्वामी के पास मेरा कुछ भी बोलना नहीं है फिर भी यह कहता हूँ कि राम तुम्हारे परम देवता हैं।
8	यह युद्ध सैकड़ों वर्षाों का नहीं है, यह लाखों रामभक्तों का बलिदान है।	यह युद्ध सौ वर्षाओं का नहीं है, यह लक्ष्मण राम भक्तों का बलिदान है।
5	चार पुरुष पत्र लिखते हैं।	चार पुरुष पत्र लिखते हैं
7	(कान देकर) सखि, जैसे किसी अतिथि ने पुकारा है।	(कान देकर ) सखी, अतिथि के समान निवेदन किया।
8	शोभा –हस्ताक्षर तो देवनागरी में ही करने चाहिये ।	शोभा  हस्ताक्षर तो देवनागरी में ही करने चाहिये।
10	जो पुरुष यहाँ इस प्रकार प्रवर्तित हुए चक्र का अनुवर्तन नहीं करता हे पार्थ इंन्द्रियों में रमने वाला वह पाप आयु पुरुष व्यर्थ ही जीता है।।	जो इस प्रकार प्रारम्भ हुए चक्र का अनुवर्तन नहीं करता, वह अघायु इन्द्रियों के द्वारा रमणीय मोहित होकर जीवित रहता है।।
3	सूत्रकार सूत्र बनाता है।	तर्खान सूत्र बनाता है।
21	चित्ररूप - घटकों में राममन्दिर, मंगल - भवन- अमंगल हारी चौपाई, सूर्य की, सरायूनद्या भी मंदिर के समीप प्रतिमाओं के चित्र भी सम्मिलित हैं।	आकृति-घण्टों में राम मंदिर के, मंगल भवन के, अमंगल हरिकी चौपाई के, सूर्य की, और सरयू नदी के भी मन्दिर के पास स्थित प्रतिमा के चित्र भी सम्मिलित हैं।
1	सीधी रोशनी	सरल रेखा
3	साढ़े चार बजे हैं	चतुर वाद्य के साथ
10	अधिकारियों का आरोप है कि मणिपुर में संघर्ष हित-आधारित बातचीत और हमलों के कारण है।	अधिकारियों का आरोप है कि मणिपुर में संघर्ष के कारण ब्याज समाचार की घटनाएँ और उथल-पुथल थे।
1	चौराहे पर।	चारों तरफ
10	राम – यह यात्रा बहुत लम्बी और कष्टदायी है। (विदूषक को देखकर परदे के पीछे) कौतूहल वश घिरे हुए इनकी माता को नाम से जानना चाहता हूँ	राम  यह प्रवास बहुत लम्बा और भयानक है। (विदूषक को देखकर जनता का) उत्कण्ठा से व्याकुल होकर माता और पिता के नाम से जानना चाहता हूँ।
4	हम संस्कृत में समर्थ हो जाएँगे।	हम सब संस्कृत में समर्थ होगे।
9	यह गृह मंत्री ए नमस शिवाय, शिक्षा मंत्रालय के एक अधिकारी थे, जिन्होंने विधानसभा में इस मुद्दे को उठाया था।	शिक्षा मंत्रालय के अधिकारी ने गृह मंत्री ए नमशिवा ने विधानसभा में यह मुद्दा उठाया।
10	उसी प्रकार सच बोलने वाला मनुष्य झूठ को मन से भी नहीं चिन्तन करता है।	और सच बोलनेवाला मनुष्य मन से भी असत्य नहीं सोचता।
5	उसकी वाणी में पवित्रता है।	उसके वाणी में पवित्रता है ।
6	अभिनेत्री सिमरत कौर चलचित्र की नायिका हैं।	अभिनेत्री सिमरत कौर चलचित्र की नायिका है।
6	यज्ञ के बाद देवराज भानु को पुस्तकें देता है।	यज्ञ के बाद देवराज भानु को पुस्तकें देता है।
7	आप लोग विदेशियों की तरह वेष धारण किये हुए हैं।	आपने विदेशी की तरह वेश धारण किया है।
6	हम पावों से चलते हैं। मुंह से बोलते हैं।	हम दोनों पैदल चलते हैं और मुँह से बोलते हैं।
6	मैं साढ़े आठ बजे घर से निकला।	मैं साढ़े आठ बजे घर से निकला।
7	सतीश – रास्ते में कुत्ते दौड़ रहे थे।	सतीश  रास्ते में कुत्ते दौड़ रहे थे।
5	मैं फिर से शहर की ओर गया।	मैं फिर से नगर की ओर गया।
1	बहुत अधिक	बहुत ही
5	प्रतिदिन लोग धन अवश्य ही गिनते हैं।	प्रतिदिन लोग धन अवश्य ही गिनते हैं।
5	तीसरी कान, जिससे शब्द सुना जाता है ।	तीसरा कान, जिससे शब्द सुना जाता है
4	वह रास्ते में स्वच्छता करती है।	वह रास्ते में स्वच्छता करती है।
3	सुप्रथा भरतनाट्यम करेगी ।	सुप्रथा भरतनाट्यं करेगी
21	2020 से पहले ग्रामीण क्षेत्रों में कहीं भी हल्दी संस्कार का चलन नहीं दिख रहा था, लेकिन पिछले दो-तीन वर्षों से ग्रामीण क्षेत्रों में इसकी संख्या बहुत तेजी से बढ़ी है।	2020 से पहले, इस हल्दी संस्कार का प्रचलन ग्रामीण क्षेत्रों में कहीं भी नहीं दिख रहा था, लेकिन पिछले दो-तीन वर्षों में ग्रामीण क्षेत्र में इसकी प्रथा बहुत तीव्र गति से बढ़ी है।
4	वह नई पुस्तक लिखता है क्या?	वह नई पुस्तक लिख रहा है
4	चिकित्सक रोगी को औषधि देता है।	चिकित्सक रोगी को औषधि देता है।
4	होली में हम खूब रंग खेलते हैं।	होली में हम खूब खेलते हैं।
6	उसके बारे में मैं कुछ नहीं बोलूँगा।	उसके बारे में कुछ नहीं कहूँगा ।
7	ग्रीक भाषा में''थैले''इस प्रकार धातुधारण करने वालेार्थक, संस्कृत भाषा में भी.	ग्रीक भाषा में''थैं''इसका धातुधारण अर्थ है, संस्कृत भाषा में भी वैसा ही।
5	इसलिए सदाचार की रक्षा प्राणों से भी बढ़कर करनी चाहिए।	इसलिए विशेषकर प्राणों से भी अधिक सदाचार की रक्षा करनी चाहिए।
6	वाटिका में वन में वृक्षों के समूह के समान, चंद्रिका की शीतल श्मशान में शेरे।	वाटिका में वन में पेड़ों के झुमके और चाँदनी के शीतल झरने में सुगन्ध होती है।
4	सभी भक्तों ने साग्धि ग्रहण की।	सभी भक्तों ने सग्धि स्वीकार की।
1	अष्तकवर्ग	आठ वर्ग
10	विद्यालय के प्रिंसिपल डाॅधर्मेंद्र मिश्रा दीप प्रज्ज्वलन के कारण खेल प्रतियोगिताएं शुरू हो गईं।	विद्यालय के प्रिंसिपल डाॅ धर्मेंद्र मिश्र दीप प्रज्ज्वलन के साथ खेल प्रतियोगिता का आरम्भ हुआ।
14	जैसे एक चक्र से रथ नहीं चल सकता है, उसी प्रकार उद्योग के बिना केवल भाग्य से ही सफलता नहीं मिलती है|	जैसे एक झूले के पहिये से रथ की गति नहीं होती, वैसे ही एक पुरुष के बिना भाग्य की प्राप्ति नहीं होती।
4	गौ को खेत से निकाल दो।	गाय को खेत से छानो ।
4	वे वंदनीय सैनिक थे ।	वे वन्दनीय सैनिक थे ।
7	हे महेश! देखो! आठवीं कक्षा के छात्र क्या करते हैं?	हे महेश! देखो! आठवीं कक्षा के छात्र क्या कर रहे हैं?
8	केरल विधानसभा ने राज्यपाल को केरल विश्वविद्यालयों के चांसलर पद से हटाने की मांग वाला विधेयक पारित कर दिया है।	केरल विधानसभा ने केरल विश्वविद्यालयों के कुलपति पद से राज्यपाल को हटाने का एक विधेयक पारित किया है।
10	हिमाचल प्रदेश कैबिनेट की गोष्ठी शुक्रवार को मुख्यमंत्री सुखविंदर सिंह सुक्खू की अध्यक्षता में शिमला राज्य सचिव पद पर आयोजित की गई।	हिमाचल प्रदेश कैबिनेट की बैठक शुक्रवार को मुख्यमंत्री सुखविंदर सिंह सुक्ख की अध्यक्षता में राज्य मंत्रालय में आयोजित की गई।
14	जो स्थान ज्ञानियों द्वारा प्राप्त किया जाता है,  उसी स्थान पर कर्मयोगी भी पहुँचते हैं। इसलिए जो पुरुष सांख्य और योग को (फलरूप से) एक ही देखता है,  वही (वास्तव में) देखता है।।	जो सांख्य से स्थान प्राप्त करता है, वह उद्योग से भी प्राप्त होता है। और जो एक सांख्यं और योग को देखता है वह देखता है।
20	सभी प्रशिक्षुओं ने पूरी तरह से उत्साह और रुचि से भाग लिया, एड्स के रोग के कारणों और निवारण के साथ जुड़े हुए महिलाओं के साथ-साथ सामुदायिक जागरूकता को बढ़ाने का प्रयास कर रहे थे।	सभी प्रशिक्षुओं ने पूरी उत्साह और रुचि से भाग लिया, लोग एड्स के कारणों और निवारण से जुड़े होकर सामुदायिक जागरूकता बढ़ाने का प्रयास कर रहे थे।
5	किशोर की पत्नी अस्पताल में नर्स है।	किशोर की पत्नी अस्पताल में नर्स है।
34	'' रास रत्न राशि'' ग्रन्थ के अनुसार डोला यंत्र, पाटन यंत्र, स्वेदनी यंत्र, अन्धःपातन यंत्र, कछुआ यंत्र, जरन यंत्र, विद्याधर यंत्र, सोमनल यंत्र, सीता यंत्र, नमक यंत्र, हंसप यंत्र, माउस यंत्र, कोष्ठी यंत्र और वलाभि यंत्र में सम्मानित किया गया।	''रास रत्नसमुच्चय''ग्रन्थ के अनुसार डोला यंत्र, पाटन यन्त्र, स्वेदनी यंत्र , अन्धेपात यन्त्र , कच्छप यंत्र जरन यंत्र विद्याधर यन्त्र सोमनल यंत्र रेत यंत्र नमक यंत्र हंसप यन्त्र भूधर यंत्र कोषठी यंत्र और वलाभि यन्त्र का सम्मान किया गया था।
7	और भी-न्यायिक कार्यों केसम्पादन के लिए धर्मग्रंथों द्वारा पुराणों का पुजारी प्रदान किया जाता है।	और भी-न्यायिक कार्यों के editting के लिए पुराणों के समान धर्मग्रंथों द्वारा समर्थ किया जाता है।
8	पुत्री – पिताजी ! द्वार बहुत दूर नहीं है।	पुत्री  पिताजी ! दरवाजा बहुत दूर नहीं है।
5	कुल्लू, लाहौल, शांति जिलों के पर्वतों पर बर्फबारी हो गई।	कुल्लू-लाहौल-स्पीति-जनपदों के पहाड़ों पर बर्फबारी हुई।
8	दृष्टिपात से उसकी व्यथा नष्ट हो जाती है, मैं चित्राम की शरण में क्या प्राप्त करती हूँ?	दृष्टि पड़ने से उसकी व्याथा समाप्त हो जाती है। चित्रों में क्या रह गया है, यह तो ज्ञात नहीं होता है।
5	मित्र ने हाथ में सफेद सोटी पकड़ी है।	मित्र के हाथ में सफ़ेद डण्डा था ।
7	आत्मा षड्भाव विकारों से रहित, अनन्त सच्चित्स्वरूप, आनन्द स्वरूप, बुद्धि आदि का साक्षी तथा अविनाशी है ॥	छह भावों से रहित, सत्य और अज्ञान से रहित वह मूर्ति, ज्ञान रूपी आनन्दस्वरूप, बुद्ध्यादि के साक्षी और लय से रहित थी ॥
8	यह परमशक्ति ही यह सम्पूर्ण जगत् को निरन्तर चलाती है।	यह परमशक्ति ही इस सारे जगत को निरन्तर चलाती है।
7	चिकित्सक चिकित्सा करता है रोगी स्वस्थ होता है।	चिकित्सक चिकित्सा करता है रोगी स्वस्थ होता है।
7	बाबर ने पुनः अयोध्या की ओर दृष्टि ली ।	बाबर ने फिर से अयोध्या की ओर दृष्टि की।
40	यहाँ प्रो. रामसलाही द्विवेदी, प्रो. हरेरामत्रिपाठी प्रो. दिनेश कुमारगर्ग, डॉ. विजयपयासी, डॉ. विनोद कुमार मिश्र: डॉ. सुशीलत्रिपाठी, डॉ. किरणत्रिपाठी, डॉ. संध्या पाण्डे, डॉ. शशिकान्तत्रिपाठी, भविष्यमाथुरी, डॉ. सांत कुमारचतुर्वेदी, रविप्रकाश शुक्ल, गरिमा मिश्रा, विमला देवी एवं अन्य विश्वविद्यालय के अतिथि, शिक्षक, छात्र एवं शोधकर्ता उपस्थित थे।	यहाँ प्रो. रामसलाही द्विवेदी, प्रो. हरेराम त्रिवेदी प्रो. दिनेश कुमार गर्ग, गरिमा मिश्रा, विमला देवी और अन्य विश्वविद्यालय के अतिथि विद्वान, शिक्षक, छात्र एवं शोधकर्ता उपस्थित थे।
4	हम गरम भोजन खाते हैं।	हम सब गरम भोजन खाते हैं।
4	केरल के पहाड़ी जिलों में भारी बारिश की आशंका है.	केरल के पर्वतीय इलाकों में भारी बारिश हो रही है.
15	श्रृंखला का पाँचवाँ और अंतिम टेस्ट-खेलशाला में 2024 मार्च से शुरू होगा-माह की 7 तारीख से शुरू होगी.	श्रृंखला का पाँचवाँ और अंतिम टेस्ट-खेल धर्मशाला में मार्च 2024 की-माह की 07 तारीख से शुरू होगा.
18	ये स्थानीय युवक शस्त्र लेकर सेना में आ जाते हैं, आक्रमण करते हैं, भागकर सामान्य जीवन जीने शुरू करते हैं, उनका परिचय गठिया के द्वारा होता है।	ये स्थानीय युवक शस्त्र लेकर आते हैं, आक्रमण करके, भागकर सामान्य जीवन जीना शुरू करते हैं, उनका परिचय काठिन्य से होता है।
4	दीपक आर्य संस्कृत जानता है।	दीपक आर्य संस्कृत जानता है
4	डेढ़ सौ युवक हैं	डेढ़ सौ युवक हैं
2	ऐसा उसने बोला, इस क्रोधित केंकड़े ने अपने मुख से उसे गले से पकड़ा और मार दिया ।	ऐसा कहकर''मृत हो गया
12	आंचलबिष्ट ने चैलुसैन की सरस्वती शिशुमन्दिर से प्राथमिक शिक्षा और 9 कक्षा से 12 कक्षा तक माध्यमिक शिक्षा पाई।	आंचलबिष्ट ने चैलुसैन की सरस्वती शिशुमन्दिर से प्राथमिक शिक्षा और 9 कक्षा से 12 कक्षा तक माध्यमिक शिक्षा पाई।
12	उन्होंने कहा कि आदरणीयागरों की रक्षा के लिए शक्ति है लेकिन माफियाओं को रक्षा करने के लिए नहीं।	उन्होंने कहा कि आदरणीया नगरी की रक्षा के लिए शक्ति है केवल माफियों की रक्षा देने के लिए नहीं।
3	उन सब को भी उठा दे ।	उनको भी उठाओ।
14	नेता जात के विजयकांत के निधन पर सूचनाप्रसारण मंत्री अनुराग सिंह ठाकुर ने भी दुख व्यक्त किया।	अभिनेता के नेता बने विजयकांत के देहावसान पर सूचनाप्रसारण मंत्री अनुराग सिंह ठाकुर ने भी दुःख व्यक्त किया।
6	पूरे संसार में लोग पर्यावरण दिवस उत्सव का आयोजन कर रहे हैं।	पूरे संसार में लोग पर्यावरण दिवस उत्सव का आयोजन कर रहे हैं।
5	परमात्मा जागत् का स्रष्टा है।	परमात्मा जगत् रचयिता है।
7	अप्रैल में राज्यसभा में सदस्य चुना गया।	अप्रैल में राज्यसभा के सदस्य के रूप में चुने गए
5	प्रतिदिन यहाँ यज्ञ भी होता है।	प्रतिदिन यहाँ यज्ञ भी होता है।
2	दोनों को ही चुनती हूँ	दोनों चुनता हूँ ।
5	हर शनिवार उसे पढ़ाने जाता हूँ	हर शनिवार को उसे पढ़ाने जा रहा हूँ ।
5	गोपाल गाय को इन्जेक्शन मारता है	गोपाल गाय को सूई से मारता है
18	चारों मार्गों में वाहनों की गति गति की सीमा निर्धारित की गई है, यदि नियमों का उल्लंघन होता है तो संबंधित वाहन की आईटीएमएस से स्वचालित ड्राइव कट जाएगा।	चारों मार्गों पर वाहनों की गति सीमा निर्धारित है, यदि नियमों का उल्लंघन होता है तो संबंधित वाहन का स्वचालित संचालन आईटीएमएस से कट जाएगा।
12	तमिलनाडु में पिछले हफ्ते भारी बारिश के कारण भारी बाढ़ के बाद केंद्रीय वित्त मंत्री निर्मला सीतारमण ने सोमवार को तुतिकोरिन्डर का दौरा किया।	केंद्रीय वित्त मंत्री निर्मला सीतारमण ने पिछले सप्ताह तमिलनाडु में भारी बारिश के बाद सोमवार को तुतिकोरिमण्डल का दौरा किया।
7	माता – तो फिर घर में अध्ययन करो।	माता  तो घर में ही पढ़ाई करिये।
12	राम भरत को बहुत देर से देखकर और बहुत खुश होते हुए उठाकर उन्हें गले से लगा दिया।	राम ने भरत को देर से देखकर अत्यन्त प्रसन्न होकर उसे उठाकर गोदी में ले लिया।
8	यह अनुमानित पद्धति है जिसमें हम पाँच कोश से क्यों अलग रहते हैं।	यह अनुमान का प्रकार आकांक्षा में प्रकट होता है कि कैसेमात्मा पंच कोषों से भिन्न है।
4	किस राग की वेला है।	किस राग का समय है।
10	पर्यटकों के लिए गाय का भोजन, बोन फायर, लाइव संगीत भी व्यवस्था किया गया है।	पर्यटकों के लिए Gala भोजन, बोन फायर और लाइव संगीत की व्यवस्था की गई है।
8	हाँ देखिये , मैं आदर्श पाठशाला का छात्र हूँ।	हाँ देखिये , मैं आदर्श पाठशाला का छात्र हूँ।
1	काम करने वाला	मजदूर
8	पराशर के द्वारा हजारों विष्णु के, इस प्रकार पिल्लन के द्वारा दिव्यबन्ध की टीकाकरण किया गया।	पराशर ने विष्णुसहस्रनाम, इस प्रकार पिल्लन ने दिव्य प्रबन्ध का टीका करवाया।
12	पृष्ठ भाग में बैठे हुए वीआईपी-प्रथित अपने मोबाईल फोन से एक सुंदर दृश्य पकड़ कर दिख रहे थे।	पीछे बैठे वीआईपी- अतिथि अपने मोबाइल फोन से मनोरम दृश्य को पकड़कर दिख रहे थे।
8	मेरा दृढनिश्चय है मैं शत्रुओं को मार के आऊँगा।	मेरा दृढ़निश्चय है कि मैं शत्रुओं को मार के आऊँगा।
9	कांग्रेस पार्टी की "ट्रैक रिकॉर्ड" प्राक्तन कार्य में लीनताओं और भ्रष्टाचार से भी बचा रहता है।	कांग्रेस पार्टी की "त्रिय रिकॉर्ड" प्राक्तन कार्य में लीन और भ्रष्टचारों की है।
8	देश में दो भारतीय समुद्र तटों को भी ब्लू फ्लैग प्रमाणन मिला है।	देश के दोनों हिंद महासागर तटों पर भी ब्लू फ्लैग प्रमाण पत्र मिल गया है।
1	निचले होंठ	होँठ
5	चक्र धारण करता है इसलिए उसको चक्रधर कहते हैं ।	चक्रधर यह सोचता है कि वह चक्र धारण करता है ।
1	ऐसे	इस प्रकार
5	कार्यशाला में 35 शिक्षकों का प्रशिक्षण हुआ।	कार्यशाला में 35 शिक्षकों को प्रशिक्षण दिया गया।
7	बाद में, मुम्बयी विश्वविद्यालय के सार्वजनिक विधि महाविद्यालय से स्नातक के पदवी को प्राप्त किया।	बाद में, मुम्बई विश्वविद्यालय के सर्वकरीय विधि महाविद्यालय से डिग्री पाई।
7	पति – तुम चलो , मैं आता हूँ।	पति  तुम जाओ , मैं आता हूँ।
6	उसने उसे अपने पास ही रख दिया।	उसने उसे अपने पास ही रख दिया।
11	उच्च विस्तार शक्ति के साथएससंगठन द्वारा H3N2 वायरस को मृत्यु का सबसे आम कारण निर्धारित किया गया है।	उच्च फैलने की शक्ति वालाएससंस्था ने निर्धारित किया है कि H3N2 वायरस सबसे अधिक मृत्यु का कारण है।
9	जहाँ मुख्यलिखित परीक्षा में सभी पत्रों में 216भ्यर्थी उपस्थित थे।	मुख्य लिखित परीक्षा में सभी पत्रों में 216 पात्र उपस्थित थे।
12	पटनानगर में पत्रकारों के साथ बात करते हुए उन्होंने कहा कि वह अयोध्या नहीं जा रहा है।	पटना में पत्रकारों के साथ बात करते हुए उन्होंने कहा कि मैं अयोध्या नहीं जा रहा हूँ।
7	सुचरित्र से मनुष्य महान् बन सकता है।	सुचरण से कोई भी मनुष्य महान हो सकता है।
12	दसवें सिख गुरु श्री गुरुगोविन्द सिंह थे वे सातवीं सदी सत्तर और तीन सौवाँ जयन्ती और अराष्ट्रवासियो को भक्ति और उत्साह के साथ पालित किया।	दशमसिखू के श्री गुरुगोविन्दसिंह वर्या की पचासवीं सौवीं जयंती और आसंसार भक्ति और उत्साह से मनाई गई।
4	उठा लो सारा कूड़ा तुम्हारा।	उठाओ अपना सारा कूड़ा।
7	आती हूँ, चलें किसकी दुकान चलें ?	आता हूँ, चलते हैं। किसकी दूकान चलते हैं ?
12	इसीलिए भारत के सभी सज्जनों ने दीनदुःखियों की सेवा ही परम-पुण्यप्रदा कहा।	इसीलिए भारत के सभी सज्जनों ने कहा कि दीन दुखियों की सेवा ही परमपूण्यप्रदा है।
1	धोखेबाज़	कपटी
1	कोई।	कोई भी
13	परन्तु वे संस्कृत से घृणा करते हैं। इसका मतलब यह है कि संस्कृत भाषा उनके खून में बहती है।	परन्तु वे संस्कृत जानते हैं इसका तात्पर्य है कि संस्कृत भाषा उनके खून में बहती है।
6	आषाढ़ महीने में वर्षा होगी ऐसी हम आशा करते हैं।	आषाढ़ महीने में वर्षा होगी ऐसी हम आशा करते हैं।
5	आज घर-घर में इसका उपयोग होता है।	अब घर घर में इसका उपयोग होता है।
15	अब आपातकाल के बाद कीरतपुर-माली-राजमार्ग में प्रथम चंदवा निर्माण करने जा रहा है, अन्य राष्ट्रीय राजमार्गों में पूर्व निर्धारित-डीपीआर-के अनुसार काम होगा।	अब आपातकाल के बाद कीरतपुर- मनाली-राजमार्ग पर पहली चट्टान बनाने जा रहा है, अन्य राष्ट्रीय सड़कों पर पहले से निर्धारित-डीपीआर-इसके अनुसार काम हो जाएगा।
4	स्वरा पिछले सप्ताह इटारसी गई थी।	स्वरा पिछले सप्ताह इटारसी गई थी।
1	बांट ।	बांट
4	भारतीय परिवार व्यवस्था अच्छी है	भारतीया परिवार व्यवस्था श्रेष्ठ है ।
10	और अभी खबर आ रही है कि जाह्नवी की फ़िल्म में अभिनय किया है।	और अभी खबर आ रही है कि जाह्नवी ने इस फिल्म में अभिनय किया।
8	दूरदर्शन अभिनेत्री-श्वेता तिवारी शीघ्र ही"पुलीस फोर्स"इसे वेब की श्रृंखला में देखा जा रहा है।	दूरदर्शन नायिका-श्वेता तिवारी शीघ्र ही पुलिस फोर्स की नेटवर्क में दिखाई पड़ती है।
7	सभा में राज्यों के विधानसभा चुनावों के बारे में भी चर्चा हुई।	सभा में राज्यों के विधानसभा चुनाव के बारे में भी चर्चा हुई।
13	विशाल पर्वतों के गिरते हुए भाग पर अथवा अत्यधिक तेज वायु वाले स्थानों पर उत्पन्न, जुआ खेलने के पट्ट पर फेंके गये ये कम्पनशील अक्ष ( पासे) मुझे उन्मत्त कर देते हैं। यह पासे मुझे दिन-रात जगाने वाले होकर उसी प्रकार उन्मत्त कर देते हैं - - जिस प्रकार मुस्जवान् पर्वत पर उत्पन्न सोनरस का पान मादकता प्रदान करता है।	हे विभीदको जगनेवाले महावतको ऐरण्यसे तृप्त होनेवाले सोमसे ही बचाओ
14	यह पहेली भ्रम उत्पन्न करने वाली है। जो इस पहेली को पहली बार पढ़ता है, वह इसका यह अर्थ ही समझता है कि वैसा कोई वाद्य है कि जो अनेक सुंदर सिरों से विशिष्ट सुंदर ऋषियों के सदृश विशिष्ट है, और विष्णु के द्वारा सदैव पूज्य है । इस प्रकार प्रहेलिका का अर्थ करने के लिए पाठक इसके उत्तर का निर्णय करने में कभी समर्थ नहीं हो सकते हैं। यह अर्थ तो भ्रमात्मक है। इसलिए यह अर्थ यहाँ विचारणीय नहीं है। यहाँ प्रकृत प्रश्न का स्वरूप है कि वैसी कोई वस्तु है जिसके बहुत से सिर हैं। जिसका आदि अक्षर वकार है और अंतिम अक्षर ककार है, किंतु जिसका नाम किसी ऋषि के नाम के समान है। और वह वस्तु सर्पों के लिए सर्वदा इच्छित है। जो इस प्रश्न का उत्तर देने में समर्थ है उसे महान् विद्वान् जानना चाहिए। वह उत्तर है- वाल्मीकि अर्थात् सर्पों का निवास स्थान। वाल्मीकि में बहुत से छिद्र होते हैं और वाल्मीकि का आदि अक्षर वकार है तथा अंतिम अक्षर ककार है। इसका नाम ऋषि वाल्मीकि के नाम के समान है। और वह वस्तु सर्पों का निवासस्थान होने से उन्हें अत्यंत प्रिय है। इस प्रकार इस प्रहेलिका का उत्तर वाल्मीकि है।	जो मनुष्य अनेक प्रकार के बाजा, वाद्ययंत्र, कांत और ऋषियों के द्वारा सीखे जाते हैं, तथा जो मनुष्य चक्रि के सदाराध्य को जानता है, वह पण्डित है ॥
3	चूहे दौड़ते है |	चूहे दौड़ते हैं ।
8	प्रबंधक उसकी कार्यनिष्ठा को सुनकर ( देखकर) खुश हुआ।	प्रबंधक उसकी कार्यनिष्ठा को सुनकर खुश हुआ।
5	पाँच मित्र एक साथ यात्रा करते हैं।	पाँच मित्र एक साथ यात्रा करते हैं।
3	मोहन कब खेलता है?	मोहन कब खेलता है?
8	वह कहती है - तुम सबके दोनों चरण संगीत के अनुसार रखो।	वह बोलती है -अपने दोनों चरणों को संगीत के अनुसार रखिये।
5	रास्ते में उसने भोजन नहीं खरीदा।	रास्ते में उसने भोजन नहीं खरीदा।
2	हाँ	हाँ ।
6	घटना के बाद शिक्षक घर से भाग गया है।	घटना के बाद शिक्षक घर से भाग गया है।
11	खबर के अनुसार''संजयलीला भंसाली''इसके''इंशा अल्लाह''इस फिल्म के बारे में आज खबर है.	हमने बात की अनुसार''संजयलीला भंसाली''इसकी''इंशा अल्लाह'''फिल्म आजकल वार्ता में है।
1	इस जोड़ी में	इस पृथ्वी पर
2	बगुला बकबक ऐसी आवाज करता है।	लड़का बकबक ऐसी आवाज करता है।
22	यूक्रेन युद्ध पर विरोधी पक्ष लेने वाले राष्ट्रों के बीच एक आम सहमति बनी, अफ़्रीकी संघ की सदस्यता प्रदान की गई, चीन-पाकिस्तान के गठबंधन का मुकाबला करने में निभाई गई भूमिका को भारत के नेतृत्व वाले शिखर सम्मेलन की जीत के रूप में देखा जा रहा है।	यूक्रेन पर युद्ध पर लगे देशों के बीच एकजुटता, अफ्रीकी राष्ट्रों को सदस्यता दी, चीन-भारत द्वारा आयोजित उच्च शिखर सम्मेलन की जीत यह घोषणा की जाएगी कि पाकिस्तान दोस्ती का मुकाबला करने में उसकी भूमिका पर जोर दिया गया है।
14	छंदशास्त्र वेदों की छह शाखाओं में से एक हैं। छंदःसूत्राणी, छन्दोरत्नाकर, छन्दःसूत्रभाष्यराज, वृत्तिरत्नाकर आदि छंदशास्त्र पर प्रसिद्ध रचनाएँ हैं।	वेदों के छः ग्रन्थों में छंद शास्त्र सबसे प्रसिद्ध छन्द शास्त्र ग्रन्थ है, छंद रत्नाकर, छन्द सूत्र भाष्यराज और वृत्तिरत्नाकार इत्यादि।
6	पुत्रों के धन से सेवक भी लाभान्वित होते हैं ।	पुत्रों के धन से सेवक भी लाभान्वित होते हैं।
2	तेरह वर्ष के ।	तेरह वर्ष का।
9	यह याद रखना चाहिए कि रूस के पास पलटवार करने के लिए कई हथियार हैं।	यह याद रखना चाहिए कि रूस के पास प्रतिरोध करने के लिए बहुत से हथियार हैं।
16	हे मनुष्यों ! परस्पर साथ-साथ चलने वाले द्युलोक और पृथिवी लोक जिन्हें सहायता के लिए बुलाते हैं महान् तथा परम शत्रु भी जिन्हें मदद के लिए युद्ध में बुलाते हैं एक ही रथ आरूढ़ योद्धा जिनकी सहायता चाहते हैं वे इन्द्र हैं	हे मनुष्यो ! जिस इन्द्र ने इस नाट्यवेद को अपने रथ पर बैठाकर चारों ओर से अपने अङ्गों को रोक लिया और जिसके दोनों हाथ एक समान चिदात्म्य और अस्थिवास से अनेक प्रकार के अस्थियों को काट दिया वह ही इन्द्र है।
5	हम दोनों बालक का नाम जानते हैं।	हम दोनों बालक का नाम जानते हैं।
12	पक्षिराज जटायु श्रीरघुनाथजी का यह कथन सहर्ष सुनकर उन्हीं के समान रूप धारण कर ब्रह्माजी से अत्यन्त पूजित हो परमधाम को चला गया ॥	इस प्रकार श्रीरघुनाथजी की यह वाणी सुनकर द्विजश्रेष्ठ हर्ष से व्याकुल होकर श्रीरामचन्द्रजी के समीप जाकर ब्रह्मपूजित पद की तैयारी करने लगे ॥
8	प्रायः सभी आधुनिक डिवाइडर-इलेक्ट्रिक-यन्त्र डीसी-वोल्टाेज-इत्यन से काम करते हैं।	प्रायः सभी आधुनिक डिजिटल-इलेक्ट्रॉनिक-मशीन डीसी-वोल्टेज-इत्यन से काम करते हैं।
13	नाविक बोला हे नाथ! यह बात प्रसिद्ध है कि आपके चरणों में मनुष्य बनाने वाला कोई चूर्ण है। आपने पत्थर की शिला से स्त्री बना दी है, और शिला और लकड़ी में अन्तर ही क्या है ? इसलिए मै आपके चरणकमलों को धोऊँगा ॥	हे नाथ! आपके चरणारविन्द को मैं धोता हूँ, फिर द्रौपदी और मेरे शरीर में क्या अन्तर है? आपके चरणों में मानुसता का चूर्ण है, यह कथा प्रसिद्ध है ॥
31	कार्यक्रम के समयखंड में महामहिमराज्यपाल सभी प्रदर्शनियों का दौरा कर रहे थे, तब पौडी जिले के रा. बी. ए.के. कोतवाल के छात्र राज्यपाल के सम्मुख महिलामतदाता जागरुकता और प्रयास"इस प्रकार पथनाटक किया गया, जिसे विज्ञान शिक्षक श्रीमती शकुन्तला बुडाकोटी ने निर्देश दिया।	कार्यक्रम के दौरान महामहिम राज्यपाल सभी प्रदर्शनियों का घूम रहे थे, तब पौडी जिले के रा.बा.इ.के. ने कोटद्वार के छात्रों को राज्यपाल के समक्ष महिलामतदाता जागरूकता और प्रयास बतलाया, जिसका निर्देशन विज्ञान शिक्षिका श्रीमती शकुन्तला बुडाकोटी ने किया था।
11	समझदार मनुष्य को अजर अमर के समान बुढ़ापे व मृत्यु से रहित के समान विद्या शास्त्र - कलादि का ज्ञान को धन सम्पत्ति के उपार्जन के लिए सोचना चाहिए । मृत्यु ने केशों को खींचकर पकड़ा हो जैसे ऐसा धारण कर धर्म का, पुण्य का आचरण करना चाहिए ।	बुद्धिमान् को उचित है कि अपने बुरे कर्मों के वशीभूत होने के पश्च्यात बुद्धि और विद्या के महत्व का भी चिन्तन करे और मृत्यु के पकड़े जाने पर धर्म का आचरण करे।
7	ऐसी स्थिति में ये परिणाम कार्यकर्त्ताओं के मन को नष्ट कर देंगे।	ऐसी स्थितियों में ये परिणाम श्रमिकों के मनोबल को नष्ट कर देंगे।
20	स्कूलों में अध्ययन समय सुबह 10 बजे से शाम 4 बजे तक नहीं बल्कि शाम 5 बजे तक परिवर्तन के आदेश पर सदन के सदस्यों ने आक्षेप किया।	सदन के सदस्यों ने स्कूलों में अध्ययन समय सुबह 10 बजे से शाम 4 बजे तक नहीं बल्कि शाम 5 बजे तक बदलने के आदेश पर जोर दिया।
19	विष्णुदेव साय इस बात के लिए हैं क्योंकि वह चार बार सांसद, दो बार विधायक, दो बार केंद्रीयराज्यमंत्री और दो बार राज्याध्यक्ष बने हैं।	विष्णुदेव साय का नाम चर्चा में इसलिये है क्योंकि वे चार बार सांसद, दो बार विधायक, दोबार केंद्रीय राज्यमंत्री और राज्य अध्यक्ष बने।
4	अब सब जगह कूड़ादान दिखता है।	अब सब जगह कूड़ादान दिख रहा है।
1	अनेक सुन्दर शिखरों वाला	अनेक सिरों वाला
5	स्वामी श्रद्धानन्द ने राष्ट्रहित के लिये काम किया।	स्वामी श्रद्धानन्द ने राष्ट्रहित के लिये काम किया।
9	नौ सदस्यीय परिस्थितियों वाले एक प्राधिकरण की नेतृत्व जिम्मेदारियाँ-पर्यावरणीय परिवर्तन-वन विभाग की कार्य पर्यवेक्षक सुप्रिया साहो हैं।	स्थिति-पर्यावरणीय परिवर्तन-वन विभाग के कार्य मंत्री सुप्रिया साहो हैं।
14	देश में आरक्षण नीति के अनुसार अनुसूचित जनजातीय समूह, अनुसूचित जनजातीय समुदाय और अन्य पृष्ठ पृष्ठवर्ग पहले विद्यमान विधि के अनुसार क्रमश: 10 फीसदी आरक्षण पाता है।	देश में आरक्षण नीति के अनुसार अनुसूचित जाति और अन्यपृष्ठ वर्ग पहले ही विद्यमानविधान के अनुसार क्रमशः आरक्षण प्राप्त करते हैं।
6	सशंकित अवस्था में यहाँ घूम रहे हो।	रक्षक  खतरे की स्थिति में यहाँ घूमता है।
9	माँ बहुत तेज की भूख है जल्दी से भोजन लगाओ।	माँ भूख बहुत हो रही है जल्दी से भोजन परोसो ।
12	कौशल्या की माता, यशस्विनी कैकेयी, सुमित्रा, गुरुजन और शुभचिंतकों को देखना चाहती हूँ।	माँ को कौशल, यशस्वी कैकेयी, सुमित्रा गुरु और सुहृद देखना चाहती हूँ।
8	सभी गौएँ बीस किलो जितना दूध देती हैं	सभी गौएँ बीस किलोग्राम तक दूध देती हैं।
7	रोगियों के उपचार के लिए स्वास्थ्यकेंद्रों में विशेषज्ञ उपचारक भी नियुक्त किये जा सकते हैं।	रोगियों की चिकित्सा के लिए स्वास्थ्यकेंद्रों में विशेषज्ञ चिकित्सकों को भी नियुक्त किया जा सकता है।
6	तुम किस कारण धन नहीं देते हो?	किस कारण से तुम धन नहीं देते हो?
3	मुट्ठी पीनेवाला बच्चा मूट्ठी चूस रहा है।	मुट्ठी चूसनेवाला बच्चा मूट्ठी चूस रहा है।
1	हल	हल को
5	बालक कार्य कर सकते हैं।	बच्चे काम कर सकते हैं।
4	वहाँ मैंने बाघा सीमा देखी।	वहाँ मैंने बाघासीम को देखा।
4	सीता पत्रिका पढ़ती है।	सीता द्वारा पत्रिका पढ़ी जाती है।
1	मर रहे हो।	मरते ही
6	वह लड्डू बनाता है और बेचता है।	वह लड्डू बनाता है और बेचता है।
7	सर्वेक्षण में अधिकांश टिप्पण यूट्यूब चैनेल में प्राप्त हुए।	सर्वेक्षण में अधिकांश टिप्पणियाँ यूट्यूब चैनल पर प्राप्त हुईं-बीच में।
5	वह नदी से जल लाता है।	वह नदी से जल लाता है।
3	कैसे कर रहे हैं ?	कैसे कर रहे हैं ?
20	और वैदिक वेदों, पुराणों, धर्मग्रंथों और सभी धर्मों के हमारे जीवन में भगवती वाग्देवी की उपस्थिति के विषय में वैज्ञानिक भाषा में तथा विज्ञान में हमारे शास्त्रों के प्रयोग विषय में सभी उपस्थित लोगों को संबोधित किया।	इस प्रकार वेदों,पुराणों, धर्मग्रंथों के ऊपर से हमारे जीवन में भगवती वाग्देवी की उपस्थिति के विषय में वैज्ञानिक भाषा और विज्ञान में हमारे शास्त्रों के प्रयोग के विषय पर सभी उपस्थित लोगों को संबोधित किया।
10	प्रदर्शनी में 500 रुपये से 1,500 रुपये तक मूल्य की वस्तुएँ स्थापित कर दी गई हैं।	प्रदर्शनी में 50 रुपये से 1,500 रुपये तक की कीमत की वस्तुएँ रखी गई हैं।
21	उन्होंने अर्जुन से कहा कि तुम 'बृहन्नला' नाम से लेकर स्त्री रूप में आभूषण पहने हुए विराट नरेश की राजकुमारी के लिए संगीत और नृत्य के शिक्षण के लिए अनुरोध करना चाहिए।	उन्होंने अर्जुन से कहा कि तुम 'बृहन्नला' नाम लेकर स्त्रीलिङ्गों से सुशोभित होकर विराट् नरेश की राजकुमारी से सङ्गीत और नृत्य के शिक्षण के लिए अनुरोध करना चाहिये।
19	श्रीमान ने अपने भाषण में वेदों में वर्णित देवी पूजा के कई प्रमुख पहलुओं, उनके प्रभाव, विधि आदि पर अपने विचार प्रस्तुत किये तथा हमारे जीवन में उनके महत्व,उपयोगिता और विशेषताएँ प्रतिपादित की गई हैं।	श्री ने अपने भाषण में देवी पूजा के कई वेदोक्त प्रमुख पक्षों, उनके प्रभाव और पद्धति के बारे में अपने विचार प्रस्तुत किये, हमारे जीवन में उनके महत्व और उपयोगिता के लक्षणों का प्रतिपादन किया।
2	मैं देती हूँ	मैं देती हूँ।
5	उठो, जागो और श्रेष्ठ आचार्यों के पास जाकर ज्ञान प्राप्त करो।	उठो, जागो और श्रेष्ठ लोगों को समझो।
6	नहीं ये नहीं वो दिखाईये।	यह नहीं, यह नहीं दिखाओ।
5	हिमाचल प्रदेश के पुल के निर्माण के संबंध में नया परिवर्तन किया गया है।	हिमाचल प्रदेश पुलिस अधिकारियों के लिए एक नया बदलाव किया गया है।
9	रघुनाथपुर विश्व हिंदू परिषद के प्रांत अध्यक्ष लेखराजा को निमंत्रण देने के लिए कुल्लू में रघुनाथपुर पहुंचे।	रघुनाथपुर विश्व हिंदू परिषद के प्रांतीय अध्यक्ष लेखराज कुमार ने निमंत्रण देने के लिए कुल्लू रघुनापुर पहुंचे।
5	अट्टालिकाओं में लोग उपर नीचे करते हैं।	अट्टालिकाओं में लोग ऊपर नीचे करते हैं ।
6	A.C. बस में स्थान खाली नहीं था ।	A.C. बस में सीट खाली नहीं थी ।
13	साग खाने से रोग बढ़ते हैं, दूध से शरीर मोटा होता है, घी से वीर्य की वृद्धि होती है और मांस से मांस बढ़ता है।	सब्जी से रोग बढ़ते हैं, मोटी से तना बढ़ता है, घृतेन से वीरता बढ़ती है और मांस से मांस भी बढता है।
10	इस वर्ष के राष्ट्रीय युवा महोत्सव की बिंदु तुम सब के द्वारा की गई है।	इस वर्ष के राष्ट्रीय युवा महोत्सव का बिंदु युवाओं के लिए है।
5	सभी लोग प्रवचन सुनते हैं	सभी लोग प्रवचन सुन रहे हैं
9	आप सभी के प्रेरण में आने वाले प्रशिक्षण में संस्कृत के साथ संस्कृति को भी प्रकाशनाएँ।	आप सभी के द्वारा प्रेरणा के साथ आगामी प्रशिक्षणों में संस्कृत के साथ संस्कृति को भी प्रकाशित किया जाए।
3	वह सम्मानित होगा ।	वह भजन गाता है।
1	हितकारक पर दूसरा	पथ्य
8	यदि ऐसा है तो शस्त्र श्ख्तर चलाने में और युद्ध में कुशल बड़ी लड़नेवाली ख जाना और अन्नादि साम्री सहित सेना यृद्ध के लिये भेजनी चाहिये।	इस प्रकार यह अच्छी प्रकार से शस्त्रसस्त्र, उत्तम युद्धादि की लिष्ठा और धनधान्य आदि सामग्री सहित सेना को युद्ध के लिये भेजना चाहिये।
26	कार्यक्रम के बारे में सूचित करते हुए, चंपा जिले के वरिष्ठ संस्कृत शिक्षक अमरसेन ने कहा कि इस कार्यक्रम में भाग लेने से बड़ी खुशी हुई और कुछ महर्षिदानन्द की जनता के कल्याण के लिए और राष्ट्र के कल्याण के लिए किए गए कामों के बारे में विस्तृत वर्णन हुआ।	कार्यक्रम के बारे में बताते हुए चम्बा जिले के वरिष्ठ संस्कृत शिक्षक अमरसेन ने कहा कि इस कार्यक्रम में भाग लेने से बहुत आनंद हुआ और कुछ लोग महर्षिदानन्द जी के लोक कल्याण के लिए किए गए कार्यों पर विस्तार से विचार किया।
1	तराजू।	संतुलन
15	आप कर्म न करते हुए भी कर्ता प्रतीत होते हैं, आप स्थिर होते हुए भी जाते हुए तथा श्रोता न होते हुए भी श्रोता और द्रष्टा न होते हुए भी द्रष्टा प्रतीत होते हैं ॥	जो कार्य करती है उसे तुम नहीं करते, जो गमन करती है, न जाता है। जो सुनती है, नहीं सुनता है, जो देखती है वह नहीं ॥
7	बीच में स्थित सफ़ेद रंग सात्विकता और ईमानदारी का द्योतक है।	बीच में स्थित सफेद रंग सात्त्विकता और पवित्रता का द्योतक है।
6	तुम्हारी बहन भी विद्यालय नहीं जाती है"	तुम्हारी छोटी बहन भी विद्यालय नहीं जा रही है।
5	पानी की बोतल भूल गया।	वह पानी की बोतल भूल गया।
4	सभी वाहन मालिक भयभीत हैं	सभी वाहन मालिक भयभीत हैं।
4	अब सब जगह कूड़ादान दिखता है।	अब सब जगह कूड़ादान दिख रहा है।
1	नाट्यालंकार में चतुर ।	नाट्य अलंकार चार
5	इन उपरोक्त सबकी विधिपूर्वक रक्षा करनी चाहिये ॥	उनको विधिवत् रक्षा करनी चाहिये ॥
1	शुभ समाचार	प्रिय व्यक्त करने के लिए
8	वास्तव में शान्त पाँचों ही तत्व पृथ्वी, जल, अग्नि, वायु और आकाश धरती के योग-क्षेम (अप्राप्त की प्राप्ति और प्राप्ति की रक्षा) के लिए समर्थ कहलाते हैं।	वास्तव में शान्त ही पाँच तत्त्व क्षितिज जल, वायु और आकाश की सतह के योगक्षेम से युक्त होते हैं।
12	इसके लिए केवल वैयाकरण ही समर्थ होता है, यथावत् विपरिणमय नहीं हो सकता।	इसके लिए केवल वैयाकरण का ही सामर्थ्य होता है, परन्तु अवैयाकरण उन्हें यथाविधि नहीं बदल सकता।
4	वे दोनों वहां स्नान करते हैं ।	वे दोनों वहां गाते हैं ।
1	आदि से लेकर अन्त तक	पहले से प्रयोग किया हुआ
5	विशाल कुल में उत्पन्न होने से क्या, यदि मनुष्य विद्याहीन है	और बड़े कुल से क्या लाभ? जिसके शरीर में विद्याहीन (निर्धन) हैं।
2	लोकनृत्य करते हैं।	लोकनृत्य करते हैं।
3	इस बीच तीन मुख्यमंत्री हैं	इस बीच तीन मुख्यमंत्री
19	कानोंसे सदा मनोहर राम नामका श्रवण करो और मनमें सदा तारक ब्रह्मका ध्यान करो, इस प्रकार प्राकृतशरीरके विनाशकालमें प्रत्येक स्त्री-पुरुषके कानोंमें कहते हुए, कोई काशीनिवासी जटाधारी (शंकर) वहाँकी गली-गली में चक्कर लगा रहा है	श्रवणपात्रमें जल, जल, पेय, श्रीरामचन्द्रजीका ध्यान, मनमें निरन्तर ताराका रूप धारण करनेवाली ब्रह्मरूपका जप करना और प्रकृतिसे विकृत प्राणियोंके कानोंके मूलमें जप करते हुए कोई भी जटिल काशी निवासी विद्याको प्राप्त नहीं कर सकता
1	छिक्का।	शिकार के लिए
11	वह जरनैल सिंहभिद््रावाला के पलौ खालिस्तानी हैं- आन्दोलन को आगे बढ़ाने का प्रयास कर रहा था।	वह जरनैलसिंहभिन्द्रावाला के पलौ खालिस्तानी थे- आंदोलन को आगे ले जाने का प्रयास कर रहे थे।
13	हे राम ! न मुझे विजय की आकाङ्क्षा है और न स्त्री सुख की ही आकाङ्क्षा है । भव बन्धन विमोचनी आपकी भक्ति ही में चाहता हूँ ॥	हे राम ! विजय और स्त्रियों की सुख-दुःख कभी नहीं हो सकता, किन्तु भक्ति ही तुम्हें सदा मुक्त करने वाली है ॥
2	अर्थके लिए लालसा रखने वालों के लिए अर्थ धन	धन की उपेक्षा न करने वाले का धन
6	(वन का दृश्य। पास में ही एक नदी बह रही है।)	वन का दृश्य पास ही नदी ले जाती है।
1	पुत्र की अपेक्षा वाला	पुत्र की अपेक्षा ।
7	स्वयमेव कहा कि अतिथि व्यथा के बारे में लोगों में जागरूकता है।	अपने आप कहा कि अतिथि सत्कार के विषय में लोग दुर्बोध हैं।
6	ये ही मिलकर या अलग-अलग हमारे पर्यावरण को बनाते हैं।	वे इस प्रकार मिलकर अथवा अलग होकर हमारा पर्यावरण बनाते हैं।
7	उस भारतीय युवक का नाम क्या है ?	उस भारतीय युवक का नाम क्या है ?
1	उसके द्वारा	उससे
6	गाँव के निकट एक सरोवर है।	गाँव के पास एक सरोवर है।
4	वर के पैरों में हल्दी लगाती हैं।	वर के चरणों में हल्दी लगाती हैं।
7	उसी प्रकार मनुष्यों का संघ (समूह) ही कुछ कर सकता है।	उसी प्रकार मनुष्यों का संघ ऐसा कुछ भी करने में समर्थ होता है।
6	तो शीघ्र स्नान करते हैं क्या ?	तो जल्दी से स्नान किया जाता है न ?
14	वे उस विशाल स्वर्गलोक को भोगकर, पुण्यक्षीण होने पर, मृत्युलोक को प्राप्त होते हैं। इस प्रकार तीनों वेदों में कहे गये कर्म के शरण हुए और भोगों की कामना वाले पुरुष आवागमन (गतागत) को प्राप्त होते हैं।।	वे उसको खाकर विशाल स्वर्गलोक को नष्ट करने के लिए पुण्य और मर्त्यलोक में विराजमान करते हैं। इस प्रकार वे त्रिधर्म के अनुसार प्रवृत्त होकर गत कामकामा को प्राप्त होते हैं।।
5	दीपावली के लिये भी वस्तुएँ खरीद रहे हैं	दिवाली पर्व के लिये वस्तुएँ खरीदते हैं।
8	परन्तु पुलिस इस विषय में कुछ नहीं बोलती है।	परन्तु पुलिस इस विषय में कुछ भी बोलने को नकारती है।
5	अनुचित कर्म का फल अनुचित ही होता है।	अनुचित कर्म का फल अनुचित ही होता है।
4	थोड़ा योगाभ्यास भी करिये।	थोड़ा योग भी करिये।
4	वह बुद्धिमान् ( इन्टेलीजेंट ) है ।	वह बुद्धिमान् है
10	श्री विश्वामित्र जी राम और योगमाया से संयोग कराने हेतु आए हैं। हे राजन् ! यह अत्यंत गोपनीय रहस्य किसी भी समय किसी के समक्ष नहीं कहना चाहिए ॥	विश्वामित्र जी भी राम के पास उनको जोड़ने आए थे, यह सब सुनकर महाराज ने कभी गुह्यतम बात नहीं कही ॥
1	बग़ीचों में।	उद्यानों में।
4	वह पैदल चल रही होती है ।	वह पैदल चलती है।
10	उन्होंने कहा कि अपना वीरभद्रसिंह ने राज्य में धर्मान्तरण से विरोध करने का विधेयक लाया था।	उन्होंने कहा कि स्वस्ति वीरभद्रसिंह ने राज्य में धर्म के परिवर्तन के खिलाफ विधेयक लाया था।
3	मत जाओ ।	मत जाओ।
10	क्या भूल जाते हो कि कौआ काला है, कोयल काली है। कौआ और कोयल में क्या भेद है।	क्या भूलते हो कि कौआ काला है, कोयल का काला है और कोयल में क्या अंतर है?
18	जी.एस-20वें उच्च शिखर सम्मेलन से पहले नई दिल्ली में भारतीय प्रधान मंत्री नरेंद्र मोदी के साथ चर्चा के बाद जारी संयुक्त प्रस्ताव में बाइडेन का सहयोग प्रस्ताव शामिल था।	जी-20बैडन का सहयोग प्रस्ताव नई दिल्ली में भारत के प्रधान मंत्री नरेंद्र मोदी के साथ चर्चा के बाद प्रकाशित एक संयुक्त प्रस्ताव में था।
9	मन को हरने वाले फूलों को देखकर दुःखित मनुष्य का मन भी प्रसन्न हो जाता है।	मनोहारी फूलों को देखकर दुखी मनुष्य का मन भी प्रसन्न होता है।
12	उन्होंने कहा कि दिसंबर में चूड़धार में भारी बर्फबारी के कारण तापमान शून्य से कम है।	उन्होंने कहा कि दिसंबर में चूड़धार में भारी बर्फबारी के कारण तापमान शून्य से कम है।
5	शयुन भाषा में''श''उन्होंने यह अक्षर स्वीकार किया।	शयुन भाषा में''श''इस अक्षर को स्वीकार किया।
1	वायुरहित	निश्चित रूप से
3	घड़ा कैसे भरता है?	घड़ा कैसे भरता है?
5	दूध पसन्द नहीं है क्या ?	दूध पसन्द नहीं है क्या ?
10	व्याकरण एक कठिन विषय है फिर भी उनके व्याख्यान में पतञ्जलिना की शैली संवादात्मक थी।	व्याकरण दुरुपह विषय है फिर भी पतञ्जलि द्वारा उसके व्याख्यान में प्रयोग की गई शैली संवादात्मक है।
1	घुंघरू	अंगुली
1	जाता है	जाता है।
13	भावि-प्रधानमंत्री ने परीक्षा पर ध्यान केंद्रित किया कि छात्र बहुत से प्रश्नों के उत्तर लिखने का अभ्यास करें।	भावी-परीक्षा के अंत में प्रधानमंत्री ने कहा कि छात्र सबसे अधिक प्रश्नों के उत्तरों का लेखन अभ्यास करें।
9	इसके अतिरिक्त, पटियालाबस्ती में पांचों गाँवों के धर्म के विरोधी लोगों को सामुदायिक कल्याण के लिए 2 लाख रुपये का दान किया गया है।	इसके अलावा, ग्राम पंचायत धर्मशाला के प्रधान पटियाला में सामुदायिक भवन के लिए 2 लाख रुपये भी स्वीकार किए गए हैं।
8	भूकंप का केंद्र चंबा शहर में भूपृष्ठ से किलोमीटर दूर था।	भूकंप का केंद्र चम्बा शहर में पृथ्वी से किलोमीटर नीचे था।
1	पीसना	पकाना
8	इसी प्रकार क्षणभर में उन्होंनेन्हों का रोमांचक युद्ध हुआ।	इसी प्रकार मुहूर्त तक उनके रोमहर्षण में तुमुल युद्ध हुआ।
4	इसके बाद तपस्या करता हुआ तपोदत्त प्रवेश करता है)	तब तपस्या में लीन तपस्वी पुरुष प्रवेश करता है।
3	गायें बन में चरा।	गायों को जंगल में चराना।
7	संस्कृत फ़िल्म के निर्माता और निर्देशक को बहुत बहुत धन्यवाद ।	संस्कृत फिल्म के निर्माता और निर्देशक को बहुत बहुत धन्यवाद ।
10	उभय सदनों के कार्य को सुचारु रूप में सुनिश्चित करने के लिए आज नई दिल्ली में सर्वदलीय बैठक की घोषणा की गई।	दोनों सदनों के सुचारु रूप में कार्य सुनिश्चित करने के लिए आज नई दिल्ली में सर्वदलीय बैठक हुई।
11	सूचना के अनुसार, आपदा में पंकज कुमार(२५) पिछले दो साल पटना में गयाघाट के शनिमन्दिर के पास रहा था।	सूचना के अनुसार, भभुआनिवासी पंकज कुमार पिछले दो वर्षों से पटना के गयाघाट के शनि मंदिर के पास रहते थे।
9	सभी लोगों से कल्याणकारी पवित्र वाणी बोलूँ	महापराक्रम और वीरता से युक्त मनुष्य संगठित हों ।
4	लक्ष्मी शुद्ध किस तरह होती है?	लक्ष्मी शुद्ध कैसे होती है?
6	उसके बच्चे अनंतनाग में ही पढ़ते थे	उसके बच्चे अनंतनाग में ही पढ़ते थे।
11	सभा में भारत के पूर्वोत्तर क्षेत्र के केंद्र सरकार मंत्रालयों, कार्यान्वयन संस्थानों और राज्य सरकारों के प्रतिनिधियों के साथ भाग लिया गया।	सभा में भारत के पूर्वोत्तर क्षेत्र के केंद्र सरकारों, कार्यान्वयन संस्थानों और राज्य सरकारों के प्रतिनिधियों ने भाग लिया।
3	देवदत्त कुआँ खोदता है	देवदत्त कुआँ खोदता है
7	पुरुष बोला- उसका स्वामी स्वयं भी अन्याय करनेवाला है।	पुरुष ने कहा-उसका मालिक स्वयं ही अन्याय करने लगा है।
26	क्रोधित भीम ने कहा कि अब जब तक वह कीचकारी कुछ कहेगा या दुबला करेगा तब तक तुम उस कीचकारी को इस प्रकार कहोगे कि "अर्धरात्री को नाट्यगृह में आकर मेरे साथ मिलना करो।"	क्रोधित भीम ने कहा कि इस समय जो भी वह कीचक कुछ बोलेगा, दुर्व्यवहार करेगा तो उस कीचक को तुम यह कह दो कि आधी रात को नाट्यगृह आकर मेरे साथ मिलना करो।
5	काशी विश्व का प्राचीनतम नगर है।	काशी विश्व का प्राचीनतम नगर है।
1	संस्कार	संस्कार
2	उसका लड़का	उसका बेटा
10	और मेरी पूजा सत्कार के अनन्तर सुखपूर्वक बैठकर प्रसन्नचित होकर मुझसे बोले हे राजन् । एक गुप्त बात सुनो, यह आपका अभ्युदय करनेवाला है ॥	तब भक्तजनों ने सुखपूर्वक बैठे हुए श्रीरामचन्द्रजी से कहा "हे राम! मेरे उदय होने के कारण गुप्त बात सुनो ॥
3	श्रुति संस्कृत गाने गाती है।	श्रुति संस्कृत गीत गाती है।
9	मुख्यमंत्री सुक्ख बोला कि केंद्र सरकार की पहल जल प्रदूषण का विरोध कर रही है।	मुख्यमंत्री सुक्ख ने कहा कि केंद्र सरकार के पहल जल प्रदूषण का विरोध कर रही हैं।
11	श्री विश्वामित्र जी ने पूजनीय रघुनन्दन का पूजन कर, गोद में बैठाकर भक्तिपूर्वक प्रेमाश्रु से पूर्ण हो आलिंगन किया ॥	विश्वामित्र जी ने पूजनीय श्रीरघुनाथ जी को गोदी में उठाकर भक्तिपूर्वक आलिंगन किया और उनके चरणों में बाण छोड़े ॥
1	उत्कृष्ट	उत्कृष्ट
6	माँ उसके लिए कपड़े देती है।	माँ उसके लिये वस्त्र देती है
6	लेखन कौशल के विकास से छात्रों के ज्ञान क्षेत्र विस्तृत हो जाता है।	लेखन कौशल के विकास से छात्रों का ज्ञानक्षेत्र विस्तृत हो जाता है।
9	इसके बाद चम्मच शर्मा और हेमन्त ने तीखा गेंदा फेंका।	परन्तु उसके बाद चमन शर्मा और हेमन्त ने तीखी गेंदबाजी की।
9	यह गृह मंत्री ए नमस शिवाय, शिक्षा मंत्रालय के एक अधिकारी थे, जिन्होंने विधानसभा में इस मुद्दे को उठाया था।	शिक्षा मंत्रालय के अधिकारी ने गृह मंत्री ए नमशिवा ने विधानसभा में यह मुद्दा उठाया।
1	मद में	मद में
11	पूर्वभाजपा सरकार ने अनेक कांग्रेस नेता, नेताओं और कार्यकर्ताओं के खिलाफ मिथ्याप्रकरण कर रहे हैं, नेता ने कहा।	नेताओं ने कहा कि पूर्वभाजपा सरकार ने अनेक कांग्रेस नेताओं और कार्यकर्त्ताओं के खिलाफ फर्जी मामले दर्ज किये हैं।
1	दुर्बलता	दुर्बलता
7	और उस यात्रा में ग्यारह कोटि लोगों को साथ ले जाया गया है।	इसके बाद इस यात्रा में ग्यारह कोटि लोग लगे हुए हैं।
38	यहां जो कोई भी वर्णीय या धर्म केप्रदाय का अनुयायी होगा, यदि वह भारत में भारत के लिये रहते तो, अपने आश्रय के भक्ति से युक्त जीवन को भारत सेवा और उन्नति में जोड़े, यहाँ संस्कृति, शास्त्र, देवताओं की भाषा को संरक्षित करने और बढ़ाने के लिए प्रयत्न करता है, तो वहकृतार्थ भारत पुत्र के समान है। चञ्चलट के चित्त में इसकी आध्यात्मिक एकता की भावना है, उस देश का गौरव छिपा हुआ है।	जो कोई भी यहाँ वर्णीया या धर्म के संप्रदाय का अनुयायी हो, यदि वह भारत के लिये रहता है, अपना आश्रय के साथ जीवन भारत सेवा और उन्नति में बिताता है, यहाँ स्थित संस्कृति, शास्त्र, देवभाषा के संरक्षण और वृद्धि के लिए प्रयत्न करता है, तो वह निश्चय ही भारत के पुत्र के रूप में घोषित किया जाता है। चिच्छते की इस आध्यात्मिक एकता में हमारे देश का गौरव छिपा हुआ है।
3	प्रातःकाल व्यायाम किया	सुबह व्यायाम किया
7	प्रतिव्यक्ति आय 2,35,199 रुपए की अनुमानित है।	प्रतिव्यक्ति आय अनुमानित रूप से 2, 35, 149 रुपये है।
10	हिमाचल-संस्कृत-अकादमी के सचिव डॉ. केशवानंद कौशल ने सभी विशिष्ट अतिथियों एवं विद्वानों का स्वागत किया।	हिमाचल-संस्कृत-अकादमी के सचिव डॉ. केशवानंद कौशल ने सभी विशिष्ट अतिथियों और विद्वानों का स्वागत किया।
3	लोगों को प्रवृत्त करने के लिए अच्छा समय है।	व्यक्तिगत कृत्यों में तत्पर रहना चाहिए।
3	साढ़े चार बजे हैं	चतुर वाद्य के साथ
10	पीताम्बर दत्त की इच्छा थी कि सभी विषयों का ज्ञान हिन्दी भाषा में पढ़ाया जाए।	पीताम्बर दत्त की इच्छा थी कि सभी विषयों का ज्ञान हिन्दी में पढ़ाया जाए।
16	वह सरकार के सदस्यों और विपक्ष के साथ मिलकर बीजली महादेव- रज्जु मार्ग के खिलाफ विरोध करने वाले लोगों को रोकने के लिए आह्वान किया।	उन्होंने सरकार के सदस्यों और विपक्ष से मिलकर बीजलीमहादेव- रज्जु मार्ग के खिलाफ विरोध कर रहे लोगों को प्रत्युत्तर देने का आह्वान किया।
10	आज भोजन में चावल, दाल, सब्जी, पापड़ और खीर है।	आज भोजन में चावल, दाल, सब्ज़ी और पापड़ है।
1	रहती है	रहता है
4	तुम्हारा भांजा संस्कृत पढ़ेगा।	तुम्हारा भांजा संस्कृत पढ़ेगा।
12	इन सभी चीजों को देखकर राज्यचिकित्सा एजेंसी जनवरी से कृष्ण वर्ण की चिह्न रखकर विरोध करेगी।	ये सभी वस्तुएँ देखकर राज्यचिकित्सा प्राधिकरण जनवरी से काले रंग का चिह्न लेकर विरोध करेगा।
4	वह कमण्डल में दूध ले जाता है ।	वह कमण्डल में दूध ले जाता है।
12	उनका पूरा नाम शिवाजी राजे भोसलें था, उन्हें छत्रपति उपाधि प्राप्त हुई।	उनका पूरा नाम शिवाजी राजा भोसलें था, उनका छत्रपति उपाधि प्राप्त हुई।
5	दस छात्रों ने विविध गीत गाए।	दस छात्रों ने विविध गीत गाए।
10	जब अपने मन का उदय होता है तब सभी उदय होते हैं।	जब मन की उन्नति होती है तब सब उन्नति आती है ।
4	उनके ऊपर आवरण लगाता है।	उनके ऊपर आवरण डालती है।
17	इस वर्ष का''मांडलकाले''सबरीगिरि के श्री धर्मशास्त्री मंदिर में कन्नूर जिले के तलिप्परम्पा क्षेत्र के मूल निवासी के जयारामन नाम्पुतिरी-48 वयस्क-वह मुख्य पुजारी होंगे.	इस वर्ष का'''मण्डलकाल''शबरीगिरि श्रीधर्मशास्त्र मंदिर के कन्नूर जिले के तलिप्परम्प क्षेत्र के के के जयरामन नंपुतिरी-48 वर्षीय-आर्च प्रमुख होंगे।
4	मैं उसे नहीं जानता हूँ	मैं उसको नहीं जानता हूँ
7	विषयों का चिन्तन करने वाले पुरुष की उसमें आसक्ति हो जाती है? आसक्ति से इच्छा और इच्छा से क्रोध उत्पन्न होता है।।	ध्यान करने से मनुष्यों में आसक्ति उत्पन्न होती है और आसक्ति से कामना और क्रोध उत्पन्न होता है।।
17	मंत्रालय ने प्रतिपादित किया है कि अनुसंधान एक स्पष्ट रूप से पृथ्वी के कारण से ऑटोमोबाइल क्षेत्र के सामने आ रहा है, इस क्षेत्र से विकासमुखी-प्रतिस्पर्धी निर्माण की संभावना अधिक होगी	मंत्रालय ने प्रतिपादित किया है कि शोध अधिक स्पष्ट रूप से भूत के कारण वाहन क्षेत्र के आगे चल रहा है, इससे इस क्षेत्र में विकास के लिए उन्मुख-प्रतिस्पर्धी निर्माण की संभावना अधिक होगी
8	रेलवेस्टेशन से घर जाकर वह भाई के साथ अल्पाहार करेगी।	रेलवे स्टेशन से घर जाकर वह भाई के साथ नाश्ता करेगी।
5	(प्रसन्न होकर वह गाय की बहुत सेवा करता है)	प्रसन्न होकर वह गाय की बहुत सेवा करता है ।
16	उन्होंने कहा कि यह पद्धति बहुत कम है, उसका खर्च हर पल केवल रुपये ही होता है।	उन्होंने कहा कि यह पद्धति बहुत ही कम खर्च वाली है, उसका खर्च प्रति किलोमीटर केवल रुपये होता है।
6	दीपिका –हाँ मुझे भी सबने बुलाया।	दीपिका  हाँ मुझे भी सबने बुलाया।
7	संस्कृत में शोध शब्द का प्रयोग नहीं किया गया है।	संहिताओं और महाभाषण में शोध शब्द का प्रयोग नहीं हुआ।
10	कार्यशाला में आचार्यराधेश्याम, आचार्य मनोज, प्रवीण और दीपिका स्रोतपुरुष के रूप में उपस्थित होंगे।	कार्यशाला में आचार्यराधेश्याम, आचार्या मनोज, प्रवीण और दीपिका स्रोतपुरुष के रूप में उपस्थित होंगी।
9	हाल ही में रिपोर्ट आई थी कि वैश्विक समुद्री जल छत्रछाया में वृद्धि का असर द्वीप देशों पर पड़ेगा।	रिपोर्टें हाल ही में आईं थीं कि दुनिया भर के समुद्री जल में बढ़ोतरी द्वीप राष्ट्रों को प्रभावित करेगी।
8	उस युद्ध में बदलूराम नाम का एक सैनिक वीरगति को प्राप्त हुआ।	उस युद्ध में बदलूराम नाम का एक सैनिक वीरगति को प्राप्त हुआ।
15	सुजुकी मोटर कार्पोरेशन, रिलायंस-इण्डस्ट्रीज, अदनी-समूह, और आर्सेलर मित्तल के साथ-साथ हरित विकास क्षेत्र में निवेश के बारे में चर्चा की गई।	सुजुकी मोटर कार्पोरेशन, रिलायंस-इण्डस्ट्रीज, अदानी-समूह और आर्सेलर ने ग्रीन डेवलपमेंट क्षेत्र में निवेश के बारे में चर्चा की।
9	अर्थ क्षायिक सम्यकत्व, अनन्तज्ञान, अनन्तदर्शन, अनन्तवीर्य, सूक्ष्मत्व, अवगाहनत्व, अगुरुलघु और अव्याबाध सुख-ये-आठ गुण सिद्धों के होते हैं ॥	दमन करने वाले वीर पुरुष के प्रति इतना ही प्रेम होता है, जितना कि वे अश्विनीकुमारों के प्रति प्रेम करते हैं, अधिक प्रेम करने वाले पुरुष के लिए उतनी ही समझ होती है, जितने कि अगुरुलक्ष्मी वाले पुरुषों के लिए आठ गुणा अधिक प्रिय होते हैं, इस प्रकार की प्रीति पूर्णता होती है ॥
17	पिछले दिनों रायपुर में केंद्रीय अवलोकनकर्ताओं के अर्जुन मुंडा-सरबंद सोनोवाल-दुष्यन्त कुमारगौतम के सामने भाजपा-दल के नवनिर्वाचक चार-पांच विधायकों की बैठक में विष्णुदेव विधायक-दल का नेतृत्व करने के लिए चुना गया.	पिछले दिन रायपुर में केंद्रीय निरीक्षकों के अर्जुन मुंडा-सर्बानंद सोनोवाल-दूष्यन्त कुमार गौतमान के समक्ष भाजपा-दल के नए निर्वाचित चारपांच विधायकों की बैठक में विष्णुदेव विधायक- दल के नेता के रूप में चुना गया।
11	आचार्य शालिनी दीक्षित ने वहां उपस्थित विद्यार्थियों को बड़े ही रोचक ढंग से संस्कृत में परिचय पढ़ाया।	आचार्या शालिनी दीक्षित ने उपस्थित विद्यार्थियों को अत्यन्त रुचिपूर्ण पद्धति से संस्कृत में परिचय दिया।
3	तुम फूल लाते हो	तुम फूल लाते हो
1	इंद्र	तूराशा
5	''प्रभो! तुम एक सत्य संकल्पवाली हो।	''हे प्रभो! तुम सत्यकल्प हो।
9	पार्वती मन, वाणी और कर्म से तपस्या करती थी।	पार्वती मन, वाणी और कर्म से तप ही करती थी।
20	युवाकविसम्मेलन, ज्योतिषसम्मेलन, संस्कृत महोत्सव, गीता जयंती महोत्सव जैसे कार्यक्रमों द्वारा देश के विभिन्न राज्यों में संस्कृत प्रेमियों और छात्रों को संस्कृत भाषा के वैज्ञानिक, वे आध्यात्मिक और धार्मिक महत्व को समझाने के लिए लगातार प्रयासरत हैं।	युवावस्मीक सम्मेलन, ज्योतिष सम्मेलन, संस्कृत महोत्सव, गीता जयंती समारोह जैसे कार्यक्रमों के माध्यम से देश के विभिन्न राज्यों में संस्कृत प्रेमियों और छात्रों को संस्कृत के वैज्ञानिक और आध्यात्मिक धार्मिक महत्व का व्याख्या करने के लिए लगातार प्रयास किये जाते हैं।
1	वैसा	उसी प्रकार
11	जब वे दोनों सहायता के लिए श्रीकृष्ण के शय्या पर पहुँचे तब वह सो गया।	जब वे दोनों सहायता के लिए श्रीकृष्ण के शय्यागृह पहुँचे तब वह सो रहा था।
9	मालिनी – परंतु यह तो कम उम्र की दिखाई देती है। क्या काम करेगी यह?	मालिनी  परमेशा तो छोटी दिख रही है। वह क्या करेगी?
5	उसके बाद चित्र बनाऊँगा।	पुत्र  उसके बाद चित्र बनाएँगा।
7	रात में फटे दूध में गुड मिलाकर मैंने खा लिया।	रात में दूध के टुकड़े में गुड़ मिला कर मैंने खाया।
10	फल के प्रभाव से सूर्य बादलों में छिपा हुआ है, संध्या की घड़ियाँ बना दी गई हैं।	फलतः सूर्य बादलों में छिपा हुआ और सन्ध्या की भ्रमणशक्ति बन गई।
9	जो व्यक्ति संतोषरूपी अमृत से तृप्त है, मन से शांत है, उसे जो सुख प्राप्त होता है, वह धन के लिए इधर-उधर दौड़-धूप करने वाले को कभी प्राप्त नहीं होता।	जो सुख अमृत से तृप्त हुए लोगों को शान्ति और प्रसन्नता प्रदान करता है, वह सुख धन के लोभ से रहित लोगों को प्राप्त हो जाता है।
5	फिर जमींदारों का साम्राज्य छिन्न-भिन्न हो गया।	इसके बाद धराओं का राज्य फट गया।
7	तुम्हारे बिना मेरा जीवन दूभर है।	तुम्हारे बिना मेरा जीवन दुस्तर है।
8	आपके द्वारा क्षोभित होने पर महत्तत्व उत्पन्न होता है। आपकी प्रेरणा से ही महत्तत्व से अहंकार उत्पन्न होता है। महत्तत्व से संवृत अहकार तीन प्रकार का हुआ, वह सात्विक, राजस ओर तामस कहा जाता है। ॥	हे प्रभो! आपकी संगति से ही वह महत्ता को उत्पन्न करती है। महत्ता का अहंकार ही आपका संचय हुआ है।
4	कल मत आईये ।	कल मत आना।
6	माता – आज सेव ही लाओ ।	माता  आज सेव ही लाओ
9	यहाँ वह केंद्रीय मंत्रियों, दल के शीर्ष नेताओं से मिल सकता है।	यहाँ वह केंद्रीय मंत्रियों और दल के शीर्ष नेताओं से मिल सकता है।
1	चाहते हो	तुम चाहो
4	विभा के घर में हवन है।	विभा के घर में यज्ञ है।
7	जब वह क्रोध करती है तब दर्शक भी क्रोध करते हैं।	जब वह क्रोध करती है तब दर्शक भी क्रोध करते हैं।
3	ओह, पसीना.	ओह पसीना .......
11	जिस घर में हल रोज बिना कारण झगडा हो, जीवित रहने की इच्छा वाले को उस घर को दूर से ही छोड देना चाहिए।	इसलिए, घर में सदा विवाद होना चाहिए, क्योंकि उसमें जीवन बिताना चाहते हैं, इसलिए घर को दूर से ही अलग रख देना चाहिए।
6	अरे भूल गयी। नमक लो।	ओह भूल गयी। नमक लीजिये।
1	ऊन बेचने वाला	जोड़ना गण
8	अंत में सौ लोग भण्डार में प्रसाद रूप में खिचड़ी का सेवन करते थे।	अंत में, सैकड़ों लोग भंडार में खिचड़ी को प्रसाद के रूप में उपयोग करते थे।
5	इस संबंध में भारतीय फार्मास्युटिकल टीम ने नई गाइडलाइंस जारी की हैं.	इस संबंध में भारतीय मेडिकल टीम ने नए निर्देश जारी किये हैं।
6	उसने प्रधानमंत्री को अपना-अपना सन्देश भी दिया.	उन्होंने प्रधानमंत्री को अपना संदेश भी दिया।
15	जब उन्होंने पापमुक्ति का उपाय नहीं देखा, तब ब्रह्म के पास जाकर उसने सारी घटना सुनायी।	जब उसने कहीं भी पाप से मुक्ति का उपाय नहीं देखा तब ब्रह्माजी के पास जाकर सारी घटना सुनाई।
3	पश्चात् उस केंकड़े ने यह सुनकर अन्य जल निवासियों को भी उसका भाषण निवेदन किया ।	वहाँ से, उसने निवेदन किया।
10	मित्र बोला - वही अधिक हितकारी है । "कौन-सा तुम्हारा  वैद्य है ?"	मित्र बोला ठीक है। डॉक्टर करेंगे।
9	यह विभाग दुर्गति में बर्फबारी से पहले और बाद में मार्गों में कैल्शियम क्लोराइड को सींचता है।	विभाग गड्ढे में बर्फबारी से पहले और बाद के मार्गों में कैल्शियम क्लोराइड सींचता है।
3	स्वदेशी टमाटर लाया हूँ।	स्वदेशी लाल फल लाए।
4	वह पैदल चल रही होती है ।	वह पैदल चलती है।
1	होने पर।	उत्पन्न होना
1	पी	पीना
3	मिलना	जाना
7	दूर के क्षेत्रों में टीकाकरण अच्छा नहीं किया जाता है।	दूरदराज के इलाकों में टीकाकरण ठीक नहीं किया जा रहा है।
6	यहाँ मनुष्य प्रतिदिन अन्न खाता है।	यहाँ मनुष्य प्रतिदिन अन्न खाता है।
3	रामेश्वर घूमने के लिये निकला।	रामेश्वर घूमने के लिये चला।
2	देवदत्त पूजा करता है	देवदत्त पूजा करता है
1	निन्दा से।	फेंकने से
19	कार्यक्रम के उद्देश्यों को सूचित करते हुए संगोष्ठी संयोजक इतिहास विभाग के प्रभारी डॉ. राकेश कुमार शर्मा, जनरल जोरावर सिंह और उनके व्यक्तित्व के कार्यों के विषय में अपने विचार प्रस्तुत किये।	कार्यक्रम के उद्देश्यों के संबंध में संगोष्ठी संयोजक इतिहास विभाग के प्रभारी डॉ. राकेश कुमार शर्मा ने जनरल जोरावर सिंह के व्यक्तित्व और कार्यों पर अपने विचार व्यक्त किये।
9	बड़ों का अभिवादन करने वाले मनुष्य की और नित्य वृद्धों की सेवा करने वाले मनुष्य की आयु, विद्या, यश और बल ये हमेशा बढ़ती रहती है।	प्रणाम करने वाले तथा नित्य वृद्धों की सेवा करने वाले मनुष्य के लिए आयु, विद्या, यश और बल की चार बातें बढ़ती हैं |
4	हम संस्कृत में समर्थ हो जाएँगे।	हम सब संस्कृत में समर्थ होगे।
9	इसके अलावा विधानसभा क्षेत्र में सुरक्षा व्यवस्था को मजबूत करने के लिए सीसीटीवी-ड्रोन-यन्त्रों का उपयोग होगा।	इसके अतिरिक्त विधानसभा मंत्रालय में सुरक्षा व्यवस्था को सुव्यवस्थित करने के लिए सीजीटीवी-ड्रोन-यन्त्रों का उपयोग किया जाएगा।
5	संभाषणशील व्यक्ति प्रिय होता है।	वार्तालाप करना अत्यंत अच्छा लगता है।
1	करना	करता है।
4	बगीचे में हम वृक्ष गिनते हैं।	बगीचे में हम वृक्षों को गिनते हैं।
22	राहुल ने बिहार से एक लाल रंग की गाड़ी में उत्तर प्रदेश में प्रवेश किया- अंदर-महाविद्यालय के प्रांगण-स्थल में जनसभा को संबोधित करते हुए कहा कि सीमा पर पहुंचकर ही वह यूपी में आ गया था।	बिहार से लाल रंग की गाड़ी में उतरकर राहुल राष्ट्रीय-अंतर-महाविद्यालय के मैदान में-लोकसभा को संबोधित करते हुए कहा कि सीमा को प्राप्त करके ही वह यूपी-शहर में आया है।
8	हाँ देखिये , मैं आदर्श पाठशाला का छात्र हूँ।	हाँ देखिये , मैं आदर्श पाठशाला का छात्र हूँ।
13	इसलिए आधुनिक भाषाविद् और वैज्ञानिकों का कहना है कि यही समय है जब संस्कृत और पाणिनीय का व्याकरण एक साथ शामिल हो रहा है।	इसलिए आधुनिक भाषाविद और वैज्ञानिकों का कहना है कि संगणक के लिए संस्कृत और पाणिनीय व्याकरण बहुत ही उपयोगी है।
9	राज्यसभा में वित्त मंत्री अंशकालिक-वित्त-सभा के पटल पर संकल्प पत्र का एक प्रतिस्थापन स्थापित किया गया।	राज्यसभा में वित्त मंत्री ने आंशिक-वित्त-संकल्पना प्रपत्र की एक प्रति सदन के पटल पर रखी।
20	सियार- स्वामी, जहाँ वह धूर्त औरत है वहाँ चलिए। हे बाघ! फिर वहाँ जाने पर वह सामने यदि स्थित रहती है तो तुम्हारे द्वारा मार दिए जाने योग्य हूँ।	जामुन- स्वामी! जहां है वह धूर्त, वहाँ जाओ। बाघ! जो तुम्हारे पास फिर गया है, उसका वह सम्मुख होगा तो तुम मुझे मार दो।
3	मुट्ठी पीनेवाला बच्चा मूट्ठी चूस रहा है।	मुट्ठी चूसनेवाला बच्चा मूट्ठी चूस रहा है।
1	चिल्लाहट।	रोना
8	दक्षा – बढ़िया , तुम मेरी मित्र हो ।	दक्षा  उत्तम , तुम मेरे मित्र हो
6	स्वावलम्बन सतत अपने आत्मविश्वास को बढ़ाता है।	स्वावलंघन से निरन्तर आत्मविश्वासी बढ़ता है।
10	हे केशव ! मैं शकुनों को भी विपरीत ही देख रहा हूँ और युद्ध में (आहवे) अपने स्वजनों को मारकर कोई कल्याण भी नहीं देखता हूँ।	हे केशव ! मैं इसके विपरीत कारण और शुभ को नहीं देखता हूँ कि अपने जन समुदाय को मारकर
16	यमुनातीरपर क्रीडा करनेवाले, चन्द्रकान्तिसे युक्त, दयालु, केशिदैत्यके बल और प्राणोंको हरनेवाले, वककुलके नाशक, कालियनागको उत्साहपूर्वक दण्ड देनेवाले, काव्य और नाटकोंमें वर्णित चरित्रवाले, कौरवोंके संहारक, हरिहरस्वरूप, करुणापूर्ण कर्म करनेवाले और अनायास ही सब कार्योंके कर्ता कृष्ण मुझपर कृपादृष्टि करें ॥	कालिन्दी, कुलकेली, कलित, कुमुदिनी, अनन्त, दयालु, केशिकांत, वक कुलकोलकालन, कालिकालकोलकोमल, कुरुक्षेत्रकोष, काव्याङ्ककोष और कालकण्ठीकृष्णकोषके अङ्ग मेरे ऊपर दयादृष्टि हो ॥
5	बालक द्वारा पुस्तक दिया जाने वाला होगा।	बालक को पुस्तक दिलानेवाली होगी।
9	रघुनाथपुर विश्व हिंदू परिषद के प्रांत अध्यक्ष लेखराजा को निमंत्रण देने के लिए कुल्लू में रघुनाथपुर पहुंचे।	रघुनाथपुर विश्व हिंदू परिषद के प्रांतीय अध्यक्ष लेखराज कुमार ने निमंत्रण देने के लिए कुल्लू रघुनापुर पहुंचे।
6	तो अब मैं विद्या प्राप्त करने के लिए गुरुकुल जाता हूँ। (प्रणाम करता हुआ चला जाता है)	अब मैं विद्याध्ययन के लिये गुरुकुल ही जाता हूँ। (प्रणाम जाता है)
5	किसकी माँ समाजसेवा करती है ?	किसकी माँ समाजसेवा करती है ?
15	यह आरोप है कि दोनों कूट-पत्र के आधार पर विभाग के कोष से तेईस से अधिक दो सौ-सौ रुपये के लेन-देन और अन्य संरक्षण-कूट-उन्होंने बैंक में किया।	आरोप है कि दोनों ने कूट-पत्र के आधार पर विभाग के कोष से तेईस से दो सौ रुपये अन्य संरक्षण-कोष में ट्रांसफर किये।
5	गुरु वाणी से ही उपदेश देते हैं ।	गुरु वाणी से ही उपदेश देते हैं।
4	हम लोग कार्य करते हैं।	हम लोगों द्वारा कार्य किया जाता है।
5	हीरजीभाई ने बाबासाहेब अम्बेडकर का जीवनदर्शन समझाया।	हीरजीभाई बाबासाहेब ने अम्बेडकर जी के जीवनदर्शन को बताया।
5	ज्ञान हेतु पढ़ता है।	ज्ञान के कारण स्वाध्याय करता है।
8	वेदों में रामायण जैसे वैदिक और धर्मनिरपेक्ष पुराण शामिल हैं।	वेदों को वैदिक, रामायण आदि पुराण और लौकिक कहते हैं।
5	आज से संस्कृत सप्ताह शुरू हो रहा है।	आज से संस्कृत सप्ताह शुरू हो रहा है।
10	तुम एकमात्र सत्यस्वरूप हो, सबका आधार हो, कुछ भी स्वयं निराधार हो ।	तुम एकमात्र सत्यस्वरूप हो, सबका आधार हो, और कुछ स्वयं निराधार हो।
5	परन्तु वह स्थगित हो गया।	परन्तु वह निलंबित हो गया।
2	कार्यक्रम का उद्घाटन ।	कार्यक्रम का उद्घाटन।
5	जेल में बहुत प्रताड़ना पाई।	जेल में बहुत प्रताड़ना पाई।
4	इस समय मैं भूखा हूँ ,अब मैं तुम्हें खाऊंगा ।	अब मैं तुझे खाऊँगा।
4	गुरु ने शिष्य से दरवाजा खुलवाया।	गुरुजी ने शिष्य से दरवाजा खोला।
4	विभा के घर में हवन है।	विभा के घर में यज्ञ है।
8	प्रजापति (सृष्टिकर्त्ता) ने (सृष्टि के) आदि में यज्ञ सहित प्रजा का निर्माण कर कहा इस यज्ञ द्वारा तुम वृद्धि को प्राप्त हो और यह यज्ञ तुम्हारे लिये इच्छित कामनाओं को पूर्ण करने वाला (इष्टकामधुक्) होवे।।	सहयज्ञ ने सृष्टि के पश्चात् प्रजापति से कहा- हे अस्त्विष्ट ! इस आगमधेनु के द्वारा तुम्हें प्रकाशित किया जाएगा।।
3	सबकी निमंत्रणपत्रिकाएँ हैं।	सबकी निमंत्रण पत्र हैं।
4	आत्मविचार का अभ्यास कितना समय करना चाहिए?	आत्मविचार का अभ्यास कब तक करना चाहिए?
4	द्वावेव उत्तराखंड का गौरव है।	दोनों ही उत्तराखंड का गौरव देखते हैं।
11	क्योंकि पारस्परिकी ईर्ष्या, द्वेष, वैमनस्य, झगड़े, और हिंसा आदि से विश्व मौसम अस्तव्यस्त हो रहा है।	पारस्परिक ईर्ष्या, द्वेष, वैमनस्य, विवाद, हिंसा इत्यादि के कारण विश्व वातावरण अशान्त हो रहा है।
11	जहाज का लक्ष्य दक्षिण अफ्रीका से प्रस्थान करने के बाद नीदरलैंड पहुंचना और नाइजीरिया में कच्चे तेल से ईंधन भरना है।	समुद्री जहाज का लक्ष्य दक्षिण अफ्रीका से निकलकर नाइजीरिया में क्रूड ईंधन भरने और नीदरलैंड पहुंचने है।
8	हे वैदे! यहाँ महर्षि शरभङ्ग का महान् आश्रम दिखाया जा रहा है।	हे वैदेहि! यहाँ महर्षि शरभङ्ग का महान् आश्रम दिख रहा है।
3	मैं सीढ़ियों से चढ़ा।	मैं सीढ़ियों से चढ़ा।
7	उन्होंने कहा कि समूह शक्ति देश को सफलता के शीर्ष पर ले जाएगा।	उन्होंने कहा कि समूह शक्ति देश को सफलता के शिखर पर ले जाएगी।
1	उन्होंने जवाब दिया	प्रत्युत्तर दिया
5	अनुराग -हम पदयात्रा कर रहे हैं।	अनुराग - हम पैदल चलते हैं।
10	बिजली के दरों और शुल्क के बढ़ने के बाद प्रति यूनिट मूल्य बहुत बढ़ गए।	बिजली की कीमतों में और शुल्क बढ़ने के बाद प्रत्याशी रुपये की कीमतें अधिक हो गईं।
7	वह पूछता है , आज क्या होगा ?	वह पूछता है , आज क्या होगा ?
10	न्यायिक विशेषताओं ने लगभग पांच घंटे तक उद्योग के अंदर और बाहर खोज कर प्रतिरूपों को इकट्ठा किया।	न्यायिक विशेषताओं ने लगभग पांच घंटे तक उद्योग के अंदर और बाहर खोज करके प्रतिमाएं एकत्र कीं।
5	इसलिए विद्यार्थियों को इस में भाग लेना चाहिए।	इसलिए विद्यार्थियों को इसमें भाग लेना चाहिए।
6	वहाँ उन्होंने योग ध्यान का अभ्यास कराया।	वहाँ उन्होंने योग ध्यान का अभ्यास कराया।
1	उनके सम्मुख	उसके मुख से
10	पर्यटन क्षेत्र में निवेशकों के लिए भी राज्य सरकार ने धारा में विशेष आरक्षण किया है।	पर्यटन क्षेत्र में निवेशकों के लिए भी राज्य सरकार ने धारा में विशेष प्रावधान किये हैं।
5	धीरज की गाय बीमार है	धीरज की गाय बीमार है
10	पर्यटन क्षेत्र में निवेशकों के लिए भी राज्य सरकार ने धारा में विशेष आरक्षण किया है।	पर्यटन क्षेत्र में निवेशकों के लिए भी राज्य सरकार ने धारा में विशेष प्रावधान किये हैं।
10	में प्रकाशित''मजाक''नमिका उनकी पहली कथावाचक बनीं।	1967 में प्रकाशित''द जोक''नामिका उनकी पहली कथा है।
11	अतः वे दोनों एक परस्पर मित्र बनकर समय-समय पर एक दूसरे की सहायता की।	इसलिये उन्होंने एकदूसरे को मित्र बनाकर समय-समय पर सहायता की।
1	उत्पन्न	उत्पन्न हुआ
1	शोर	शब्द
9	उस समय सभी पन्नों को लिखने का काम पन्ने के ऊपर हो रहा था।	उस समय सर्वांसी लिपिनो लेखन कार्य स्यालपेटी पत्ते पर होता था।
1	प्रकट करता हैं	प्रस्तुत करती है
10	राज्य में प्राकृतिक विपत्ति से पाठ लेकर सरकार इस विषय में योजना बनाती है।	राज्य में प्राकृतिक विपत्ति से पाठ लेकर सरकार इस विषय पर योजना बना रही है।
11	पंजीकरण में किसी भी समस्या के मामले में, आप समस्या के नाम और फोन नंबर के साथ यहां लिख सकते हैं।	पंजीकरण में किसी भी समस्या का पता समस्या नाम और फोन नंबर के साथ लिख सकते हैं।
1	अदृश्य	अव्यक्त
6	वह धीमे स्वर में संगीत सुन रहा है	वह धीमे स्वर में संगीत सुन रहा है
6	इस प्रकार प्रार्थना करते हुए धृतराष्ट्र की दृष्टि नष्ट हो गई।	इस प्रकार प्रार्थना करते हुए धृतराष्ट्र की दृष्टि नष्ट हो गई।
7	यह वन्य जीव वैज्ञानिक डू का विषय हैयीशु का भी मतलब है.	यह विषय वन्यजीव वैज्ञानिक डॉ. ईसा भी उठाता है।
7	राजकोट में विजिलेन्स विषय पर प्रशिक्षण सत्र है ।	राजकोट में सतर्कता के बारे में प्रशिक्षण सत्र है।
4	तुम नहीं मानते हो	नहीं मानते हो तुम।
4	मैं घास गौशाला में ले जा रहा हूँ।	मैं घास गौशाला में ले जा रही हूँ।
3	इससे किवाड़ों को बना।	हमारे दरवाजे सजाए जाएँ ।
4	वे दोनों वहां स्नान करते हैं ।	वे दोनों वहां गाते हैं ।
4	यह पुस्तक किसकी है?	किसकी यह पुस्तक है?
5	कभी रीछ भी देखे हैं वा नहीं ?	कभी हलवा भी देखा है वा नहीं ?
9	लक्ष्मण – आवाज तो भरत की है । कहाँ है वह ?	लक्ष्मण  अरे, यह तो भरत का है। कहाँ है वह?
10	और हमारी भावनात्मक एकता की भावना को विकसित करने में शिक्षा का बहुत महत्व है।	और हमारी भावनात्मक एकता को बढ़ावा देने में शिक्षा का बहुत महत्व है।
10	उसकी वाणी विकृत नहीं है, न श्याम है और न निष्प्रभ है।	उसका मुख विकृत नहीं है, काला नहीं है और निष्प्रभ भी नहीं है।
14	और भी बिना किसी प्रकार को जीविका और वेतन के भी ये मेरा साथ नहीं छोड़ते हैं, इसलिये मेरे प्राणों का व्यय ( मेरी प्राणहानि) करके भी आप पहिले मम इन आश्रितों को जीवित करो (अर्थात् जीवन-रक्षा करो |	जाति, धन और गुण इन दोनों में मेरे साथ समानता है। मठ की प्रमुत्ति -फल बोलो, कब होगा और क्या होगा।
3	इससे गहने बहुत अच्छे बनाये जाते हैं।	अलंकार सर्वश्रेष्ठ नहीं बनाते हैं।
14	अंतर् दिवसीय व्यापार के दौरान सेन्सेक्स 72,५४५,३३ उच्चतम, 72,218,310 और सबसे कम स्तर को देखा।	दिन के व्यापार के दौरान सेंसेक्स ने 72,545.33 उच्चतम और 72,218.10 निम्नतम स्तर को छुआ था।
6	तब उसके घर की तीन हिलती हैं	तब उसके घर के टीन हिलते हैं ।
4	सुरक्षा चक्र में वृक्ष हैं।	सुरक्षा कक्ष में वृक्ष हैं।
3	रामेश्वर घूमने के लिये निकला।	रामेश्वर घूमने के लिये चला।
6	दूसरा मिलना हिमाचल-तेलाङ्गान के बीच हुआ।	दूसरा मिलन हिमाचल और तेलंगाना के बीच हुआ।
6	''काशी विश्वनाथ''काशीश्या हिन्दूओं का तीर्थ स्थान है।	काशी विश्वनाथ हिंदुओं का तीर्थ स्थल है
26	तीन साल के बालकों को नर्सरी मिलना चाहिए, एलकेजी में चार बच्चे मिल सकते हैं, यूकेजी में बच्चे मिल सकते हैं प्रवेश। प्राथमिक-अध्यापन विभागों में समय-आधारित अतिथि-शिक्षकों के प्रवेश को मंत्रिमंडल ने सिद्धान्ततः मंजूरी दी है.	तीन वर्षाों में बालक नर्सरी, एलकेजी में चार वर्षाओं में बालक प्रवेश, यूकेज़ी में तीन वर्षाओं के बाद बालक प्रवेश पाएँगे। प्राथमिक-उच्च शिक्षा विभागों में अवधि-आधारित अतिथि-शिक्षकों के प्रवेश को मंत्रिमण्डल ने सिद्धान्ततः मंजूरी दी है।
11	मैंने इतनी सारी वस्तुयें खरीदीं। कुछ मूल्य कम नहीं करेंगे ?	मैंने इतनी वस्तुएँ खरीदी हैं। क्या थोड़ी कीमत कम नहीं करेंगे ?
1	तपस्या के प्रभाव से	तपस्या के प्रभाव से
9	प्रधानमंत्री ने कहा कि उसकी सरकार ने पचास कोटि लोगों को निर्धनता से बाहर कर दिया है।	प्रधानमंत्री ने कहा कि उनके सरकार ने पच्चीस करोड़ लोगों को निर्धनता से बाहर निकाल दिया है।
6	वहाँ प्रातः और सायं यज्ञ होता है।	वहाँ प्रातः और सायं यज्ञ होता है।
9	अब तक हम घर में राष्ट्र ध्वज फहरा नहीं सकते थे।	अब तक हम घर में राष्ट्रीय ध्वज नहीं फहरा सके थे।
6	वास्तव में वह शास्त्रीय संगीत सुन रहा है	वास्तव में वह शास्त्रीय संगीत सुन रहा है
4	नौकर गाँव से आता है।	वैद्य शहर से आता है।
13	वहाँ, विश्व विद्यालय के के बीज बोधक हैं-एक प्रयोगशाला में, वह र्नेस्ट रदरफोर्ड के मार्गदर्शन में विद्यावाचक बन गये।	वहाँ कैम्ब्रिज विश्वविद्यालय के केवेंडिश प्रयोगशाला में वे अर्नेस्ट रदरफोर्ड के मार्गदर्शन से विद्यावाचक बने।
7	वायरस के बारे में स्थानीय-अंतरराष्ट्रीय-संस्थाओं के सहयोग से निगरानी को मजबूत किया गया है।	स्थानीय-अंतरराष्ट्रीय-संस्थाओं के सहयोग से निगरानी को मजबूत किया गया है।
4	वो दो थीं ।	वो दो थे ।
7	इस समय नगरीय प्राथमिक स्वास्थ्य केन्द्र हजारों के लिए स्वास्थ्य सेवा प्रदान करती है।	इस समय शहरी प्राथमिक स्वास्थ्य केन्द्र हजारों लोगों को स्वास्थ्य सेवाएं प्रदान करता है।
4	वह लेटकर योगासन करती है ।	वह डांड़ी का योगासन करती है
4	नई पद्धति हम पढ़ाते हैं	हम नई पद्धति पढ़ाते हैं।
16	जो पुरुष मुझे सर्वत्र देखता है और सबको मुझमें देखता है, उसके लिए मैं नष्ट नहीं होता (अर्थात् उसके लिए मैं दूर नहीं होता) और वह मुझसे वियुक्त नहीं होता।।	जो मुझे सब जगह देखता है और सब कुछ मुझमें देखता है। मैं न उस पर गिरूंगा और वह भी मुझ पर नहीं गिर जाएगा।
5	वे सब गिलास से दूध पियेगें।	वे गिलास से दूध पिएँगे।
7	राम- मुझे भी गुरुवर का आदेश सम्माननीय (मानने योग्य) है। क्योंकि –	राम  मुझे भी मुनियों का यह आदरणीय निवास है। ठीक है।
15	सामाजिक आचारण में अशुद्धता, आपस में लड़ाई-झगड़े, चोरी डाका आदि के कार्यों मैं बहुलता, नैतिक आचार में पतन, राजतन्त्रों का विनाश इत्यादि बहुत से विषयों का उल्लेख पुराणों में विद्यमान है	पुराण ग्रंथों में सामाजिक आचरण में अशुद्धता, आपसी विसंगति, चोरों के बर्तन, नीतिशास्त्र में पतन और राजतन्त्रों के विनाश जैसे कई विषयों का उल्लेख किया गया है।
6	एक विदेशी भारत के एक घर में जाता हैं ।	एक विदेशी भारत के एक घर में जाता है
4	अच्छा आचरण धर्मका पहेला सोपान हैं।	सदाचार धर्म का पहला सीढ़ी है।
8	कोई- कोई अपने देहके भीतर चित्ताकाशमें विराजमान प्रादेशमात्र ( बित्ताभरके ) चतुर्भुज पुरुषको, जो शङ्ख, चक्र, गदा और पद्म धारण किये हुए हैं, धारणाद्वारा स्मरण करते हैं	कोई अपने शरीर के अन्तःकरण में निवास करते हुए सम्पूर्ण प्रादेशिक पुरुषको स्मरण करते हैं जो कि कञ्जरथङ्ग और शङ्खकाधर हैं
10	इक्वेटी बेंचमार्क की सूचकांक और बीएसई सेन्सेक्स की निफ्टी एक सौ दिन के बाद फिसल गईं।	इक्वेटी बेंचमार्क की सूचकांक और बीएसई सेन्सेक्स की निफ्टी एक सौ से अधिक दिन के भीतर फिसल गई।
15	लघु उद्योग समूह दवनी के अध्यक्ष संजय बत्रा ने कहा कि छोटे उद्योगों को कमदर से ऋण की व्यवस्था होनी चाहिए।	लघु उद्योग समुदाय के दवनी के अध्यक्ष संजय बत्रा ने कहा कि लघु उद्योगों को ऋण की कमी से प्रावधान किया जाना चाहिए।
1	संतान जैसे ।	संतान की विशेषताओं को
8	बोलो .... फिर से चंचलता नहीं करूँगा।	शिक्षिका - बोलो .... फिर चंचलता नहीं करुँगी ।
9	उसके पिता रावण ने स्वयं उसका नाम मेघनाद किया।	उनके पिता रावण ने स्वयं उनका नाम मेघनाद रखा।
13	उन्होंनेन्हों का महाकाल व्यतीत हो गया है, उन्होंनेशक्ति के साथ वशिष्ठमुनि के सौ पुत्रों को भी खाया।	वह तो कल्माषपाद उनका महाकाल हुआ, उसने शक्ति के साथ वशिष्ठमुनि के सौ पुत्रों को भी खाया।
7	भीम आदि पांडववीर अन्दर नहीं जा सके।	भीम आदि पाण्डवों ने अन्दर नहीं जा सका।
19	मुख्यमंत्री सुखविंदर सिंह सुक्खू ने कहा कि जाखुमंदिर में भगवान श्रीरामचन्द्र की पैरवी करने वाली मूर्ति स्थापित होगी जिससे भक्त लोग हनुमान के साथ श्रीरामचन्द्र का दर्शन भी कर सकते हैं।	मुख्यमंत्री सुखविंदर सिंह सुक्ख ने कहा कि जाखु मंदिर में भगवान रामचन्द्र की पादमिता मूर्ति स्थापित होगी जिससे भक्तगण हनुमान के साथ श्रीरामचन्द्र को भी देख सकते हैं।
9	(तुम) मुझमें स्थिर मन वाले बनो	हे मद्याजी ! आप मत्परायण मन से मेरे भक्त बनकर मुझे नमस्कार कीजियेगा और निश्चय ही मुझे ही प्राप्त करोगे।।
7	सरकारी विभागों के अलावा लोगों के लिए चरण भी उपलब्ध हैं।	सरकारी विभागों के अलावा लोगों के लिए पेड़ भी उपलब्ध हैं।
4	आज का काम आज ही समाप्त करना चाहिए	आज का काम आज ही पूरा करें ।
1	मनुष्यों का	पुरुषों का
3	माता पिता और गुरुजनों का सम्मान करना उचित है।	माता-पिता और गुरुजनों का सम्मान करना चाहिए।
15	रक्षामंत्री ने कहा कि भारत की बढ़ती आर्थिक रणनीतिक शक्ति कुछ लोगों को ईर्ष्यालु और द्वेष करने वाली है।	रक्षामंत्री ने कहा कि भारत की बढ़ती आर्थिक और रणनीतिक शक्ति कुछ लोगों को ईर्ष्यालु और द्वेषर बना रही है।
3	नन्दिनी नहीं चलेगी।	नन्दिनी नहीं चलेगी।
4	बर्फ के गिरने सेवेदनाशील क्षेत्रों में मत जाईये।	बर्फबारी से प्रभावित क्षेत्रों में न जाएँ।
8	प्रतिवर्ष इस वर्ष में भी भव्य प्रदर्शनी और शोभायात्रा का आयोजन किया गया।	हर साल के अनुसार इस वर्ष भी भव्यजागरण, प्रदर्शनी और शोभायात्रा का आयोजन हुआ।
6	हम सभी आचार्य देवव्रत जी का गुजरात में स्वागत करते हैं।	हम सभी आचार्यदेवव्रतमहाभाग्य का गुजरात में स्वागत करते हैं।
3	मैं आलस छोड़ूँगा ।	मैं आलस छोड़ दूँगी।
8	मुख्यमंत्री सुखविंदर सिंह सुक्खू राहुल गांधी भारत जोडो की न्याययात्रा में शामिल होंगे।	मुख्यमंत्री सुखविंदर सिंह सुक्खू और राहुल गांधी भारत जोडो में न्याययात्रा में शामिल होंगे।
10	मोदी धार रतलाम-जनपदों के हजार से अधिक गांवों को पेयजल पूर्ति-योजन के आधारभूत पत्थर को स्थापित किया।	मोदी धार रतलाम-उन्होंने योजना के आधारशिला को स्थापित किया।
15	केंद्रीय सरकार ने भी सुझाव दिया कि यदि प्रशिक्षण केंद्र अधिक फीस लेते हैं तो उन्हें एक लाख रुपये तक का दंड दिया जाना चाहिए।	केंद्रीय सरकार ने भी सुझाव दिया है कि यदि प्रशिक्षण केंद्र अधिक शुल्क लेते हैं तो उन्हें एक लाख रुपये तक जुर्माना लगाया जाना चाहिए।
1	खेल रहा हूँ	खेलता हूँ।
6	मैं प्रतिदिन नियम से व्यायाम करता हूं।	मैं प्रतिदिन नियमित व्यायाम करता हूँ ।
7	जब वह क्रोध करती है तब दर्शक भी क्रोध करते हैं।	जब वह क्रोध करती है तब दर्शक भी क्रोध करते हैं।
5	उसका भाई जल्दी नहीं आएगा।	उसका भाई जल्दी नहीं आएगा ।
9	ये खिलाड़ी पैरा प्रतियोगिता में दौड़ने हैं- धनुर्विद्या- सात प्रतियोगिताओं में फुटबॉल बैरोलों सहित प्रतिस्पर्धा करेंगे।	ये खिलाड़ी पैरा प्रतियोगिता में दौड़ने- धनुर्विद्या-फुटबॉल वजन उठाने सहित सात प्रतियोगिताओं में भाग लेंगे।
10	विपक्षी नेता जयराम ठाकुर ने कहा कि बगीच स्कूल के वार्षिक कार्यक्रम में मुख्य अतिथि के रूप में बुलाया गया था।	प्रतिपक्ष के नेता जयराम ठाकुर ने कहा कि बगस्याड़ स्कूल के वार्षिक कार्यक्रम में उन्हें मुख्य अतिथि के रूप में आमंत्रित किया गया था।
10	उसके बाद तो सरकार से अनुदान मिलने की जो आशा थी, वह भी धूल में मिल गयी।	उसकी समिति द्वारा प्रस्तुत रिपोर्ट में देवपुर में गुरुकुल पर मर्मान्तक प्रहार किया गया।
10	अस्तित्व को प्राप्त करके भाषा संस्थान महान् व्यक्तित्वों की स्मरण के लिए ऐसे भव्य कार्यक्रम का आयोजन करता है।	भाषा संस्थान अस्तित्व में आकर महान व्यक्तित्वों के स्मरण में ऐसे कार्यक्रम आयोजित करता है।
12	इस अवसर पर आवासन और नकर-कार्य मंत्री हरदीप सिंह पुरी ने भी एक वास्तवत्मक संदेश दिया।	इस अवसर पर आवास एवं नगर मंत्री हरदीप सिंह पुरी ने भी तथ्यपरक सम्बोधन दिया।
4	दीप्ति बैंगन की सब्जी लाती है।	दीप्ति बैंगन की सब्जी लाती है।
9	प्रधानमंत्री नरेंद्र मोदी की यात्रा का सहारा लेकर तिरुचिरापल्ली में मजबूत सुरक्षा व्यवस्था का निर्माण किया गया	प्रधानमंत्री नरेंद्र मोदी की यात्रा के आधार पर तिरुचिरापल्ली में सुरक्षा व्यवस्था मजबूत कर दी गई है।
8	हे पत्थर कूट कूटकर आप क्या कर रहे हैं?	अरे चट्टान को काटकर काटकर तुम क्या करते हो ?
4	वह हमें बगीचे में खिलाती है।	वह हमें बगीचे में खिलाती है।
9	सामर्थ्य के अभाव से इस समय ऐसी मित्रता का आयोजन कोई नहीं करता है।	सामर्थ्य के अभाव में अब ऐसे समारोहों का आयोजन कोई भी नहीं करता है।
7	इस जीव लोक में मेरा ही एक सनातन अंश जीव बना है। वह प्रकृति में स्थित हुआ (देहत्याग के समय) पाँचो इन्द्रियों तथा मन को अपनी ओर खींच लेता है अर्थात् उन्हें एकत्रित कर लेता है।।	क्योंकि मेरा अंश जीवों में सनातन और जीवित है तथा मन अपनी छह इन्द्रियों को प्रकृति में स्थित कर रहा है।।
4	देवर भाभी के चरण छूता है।	देवर भाभीजी के चरण छूता है
5	संभाषणशील व्यक्ति प्रिय होता है।	वार्तालाप करना अत्यंत अच्छा लगता है।
7	युवती – तुम्हारे भी नाखून बड़े हो गए हैं।	युवती  तुम्हारे भी नाखून बड़े हो गए हैं।
7	इस प्रकार पं. मदनमोहन राय का वचन कई लोगों का भी प्रेरणा कर रहा है.	ऐसा पं. मदनमोहनमालवी के वचन कई युवाओं को प्रेरणा हैं।
5	मैं अपनी गाड़ी यहाँ नहीं रखूँगा।	मैं स्वस्थ यहाँ नहीं रखता हूँ
5	दूध पीकर वह कार्यालय जाता है।	दूध पीकर वह कार्यालय जाता है।
3	कितने लोग नित्य ही दुखी होते हैं?	कितने लोग प्रतिदिन दुखी हैं?
6	उस बड़े घर में चालीस खम्भे थे।	उस विशाल भवन में चालीस खम्भे थे।
10	अर्जुन ने शिकारी के प्रति क्रोधित होकर उस शिकारी को मारने के लिए बाण का प्रहार किया।	अर्जुन ने शिकारी से क्रोधित होकर शिकारी को मारने के लिए शरणागत को मारा।
4	बलशाली हाथी किससे बाँधा जाता है?	बलशाली हाथी किससे बँधा जाता है?
4	इस समय मैं भूखा हूँ ,अब मैं तुम्हें खाऊंगा ।	अब मैं तुझे खाऊँगा।
4	धूप का चश्मा काला ही पहना जाता है।	चश्मा काले ही पहनते हैं।
4	पांच ग्रहों में शुक्र ग्रह चमकेगा।	पाँचों ग्रहों में शुक्र चमकता रहेगा।
8	उसकी सेवा और उपदेश अखिल लोकार्थ को बहुत ही कल्याणकारी है।	उनकी सेवा और उपदेश अखिल लोकार्थ को बहुत ही कल्याणकारी है।
7	भव्यस्य भविष्य काल तक सृष्टि में उत्पन्न होने वाले पदार्थों को	पूर्व काल में
1	भेड़िया	भेंड़िया
5	सुबह उसने संदेश भेजा	सुबह उसने संदेश भेजा
6	पहले रणधीर शर्मा ने चर्चा में भाग लिया।	सबसे पहले रणधीर शर्मा ने चर्चा में भाग लिया।
4	वह पैदल चल रही होती है ।	वह पैदल चलती है।
8	अनेक पाठकों के दृश्य पत्रालय के अन्दर और बाहर निकाले गए।	अनेक पाटेदार के दृश्य डाकखाने के अंदर और बाहर कैपे हुए हैं।
1	सहारे न रहने वाला ।	बेसहारा
7	माता – तो फिर घर में अध्ययन करो।	माता  तो घर में ही पढ़ाई करिये।
10	आज वह उनके संस्थान की राष्ट्रीय कार्यकारिणी सभा, संस्कृत के संवर्धन कीप्रतिष्ठा के कार्यदर्शी हैं।	आज वह उसकी संस्था के राष्ट्रीय कार्यकारिणी सदस्य हैं, और संस्कृत संवर्धन प्रतिष्ठान के कार्यदर्शी हैं।
6	अब शुल्क भी अनिवार्य होगा।	अब शुल्क की प्राप्ति भी अनिवार्य होगी।
4	आप क्या कर रहे हो ?	क्या कर रहे हो ?
4	आपने झरना देखा है?	क्या आपने झरना देखा है?
6	श्री जगदीप धनखड़ भारत राष्ट्र के चौदहवें हैं-उपराष्ट्रपति के रूप में निर्वाचित।	श्री जगदीप धनखड़ भारत देश के चौदहवें उपराष्ट्रपति चुने गए।
6	नामों ने भी गोलियां बजाने शुरू कर दी हैं।	नाम गोलीबारी करने लगे।
6	अरे भूल गयी। नमक लो।	ओह भूल गयी। नमक लीजिये।
9	दुख देने वाले, हृदय को जलाने वाले बहुत से पुत्रों के उत्पन्न होने से क्या लाभ? कुल को सहारा देने वाला एक ही पुत्र श्रेष्ठ होता है, उसके आश्रय में पूरा कुल सुख भोगता है। ।।	और भी बहुतों पुत्रों को शोक और उपहास करने वाले, एक ही कुल में रहने वाले, आलम्बी कुल में, जहाँ कुल ही विश्राम करता है।
1	आभूषणों को हाथ में लिए हुए दो ऋषिकुमारों का प्रवेश	प्रवेश करते समय हाथ के बुलबुला को
1	सबके लिए अभिलषणीय	धन के लिए
10	विद्यालय जाने पर क्रुद्ध गुरु जी का मुख देखने की मेरी कोई ईच्छा नहीं है।	अब विद्यालय जाकर बड़े हुए उपाध्याय का चेहरा देखना नहीं चाहता हूँ।
19	पहले चरण में लाहौल-स्पीति जिले के पात्रों के योद्धाओं और पूरे राज्य के पात्र आवृत्तिभोगियों के द्वारा, वृद्धामहिला-विधवा-शेरा singleमहिला दिव्यांगमहिलाओं के साथ 2,43 लाख महिलाओं को प्रतिमा के 1,500 रुपये का भुगतान किया जाएगा।	पहले चरण में लाहौल-स्पीति जिले की पात्र महिलाओं और पूरे राज्य की पात्रवृत्ति वालों, वृद्धा- विधवा-त्यागी एकल महिलाओं और दिव्यांग महिलाओं के साथ 2,43 लाख महिलाओं को प्रतिमाई 1,500 रुपये का भुगतान किया जाएगा।
13	हमें अचानक आवेश या जोश में आकर कोई काम नहीं करना चाहिए। क्योंकि विवेक हीनता सबसे बड़ी विपतियों का कारण होती है। इसके विपरीत जो व्यक्ति सोच समझकर कार्य करता है। गुणों से आकृष्ट होने वाली मां लक्ष्मी स्वयं ही उसका चुनाव कर लेती है।	अनैच्छिक कर्मों के कारण बुद्धिहीन व्यक्ति सहज ही परमपद को प्राप्त नहीं होता, क्योंकि गुणों का लालच करने वाले विचारशील व्यक्ति को अपने आप ही धन वरण कर लेता है।
5	तीर्थों का परिचय मानव जीवन का अङ्ग होता है।	तीर्थों का परिचय मानव जीवन का अंग होता है।
8	बहुत मिर्च है ? मिर्च से क्या कर रही हो ?	बहुत मिर्चें हैं न ? मिर्च से क्या होता है ?
5	कहीं भोजन किया वा नहीं ?	किसी ने भोजन किया क्या ?
14	कांग्रेस के राष्ट्रीय महा सचिव प्रियंगु गांधी ने भी श्री सिम्मी अग्निहोत्री के निधन पर शोक व्यक्त किया है।	सिमी अग्निहोत्री के निधन पर कांग्रेस के राष्ट्रीय महासचिव प्रियङ्का गांधी वाड्रा ने भी शोक व्यक्त किया है।
9	उस समय देवगणों ने श्रीराम और लक्ष्मणजी पर फूलों की वर्षा की और देवों ने दुन्दुभि बजाइ तथा सिद्धचारण गण उनकी स्तुति गाने लगे ॥	पुष्पों के समूह द्वारा भगवान् श्रीरघुनाथजी को लक्ष्मण और देवता दुन्दुभि के सहित, सिद्धचारों द्वारा स्तुति किया गया ॥
5	यदि तूने कृतज्ञता से ये सम्मानित हैं	अगर तुमने कृतज्ञता से इनका सम्मान किया
7	इस मामले पर आज भी सरकार ने निर्णय नहीं लिया है.	इस विषय पर सरकार ने आज भी निर्णय नहीं लिया है।
9	ऊर्जापूर्ति-समस्या से ग्रस्त जापान का चंद्रमा-लैंडर ने सप्ताह के बाद फिर से प्रक्षेपण शुरू किया।	ऊर्जापूर्ति-एक हफ्ते के बाद जापान के चंद्र मिशन ने ऑपरेशन फिर से शुरू कर दिया।
34	सम्मेलन में संस्कृत भारती उत्तर प्रदेश के संगठन मंत्री नरेंद्रवर, हरियाणा प्रांत के न्यासपति डॉ. रामनिवास शर्मा, प्रांत के अध्यक्ष डॉ. सोमेश्वर दत्त, प्रांत मंत्री प्रमोद, सह-मंत्री ईशम सिंह और भूपेन्द्र, साहित्य के प्रमुख पुष्पेन्द्र, विभाग के संयोजक डॉ. विनय गोपाल त्रिपाठी, डाकिया के प्रमुख डॉ. शीतांशु त्रिपाठी और अन्य प्रांतगण के कार्यकर्ता भी उपस्थित होंगे।	सम्मेलन में संस्कृत भारती उत्तर प्रदेश के संगठन मंत्री नरेंद्र नरेन्द्र पाण्डे, हरियाणा प्रांत के न्यास प्रमुख डॉ. रामनिवास शर्मा, प्रांत अध्यक्ष डॉ. सोमेश्वर दत्त, प्रान्त मंत्री प्रमोद, सहमंत्री ईशम सिंह भूपेन्द्र, साहित्य प्रमुख पुष्पेन्द्र, विभागाध्यक्ष डॉ. विनय गोपाल त्रिपाठी, डाॅ पत्राचार प्रमुख डॉशिता त्रिपाण्डे आदि प्रान्त के कार्यकर्ता भी शामिल होंगे।
6	पुत्र -मैं कैसे झूठ बोलूँगा ।	पुत्र - मैं झूठ कैसे बोलूँगा ।
1	हड़ताली	आहत होना
3	सुष्मिता नाट्यगृह जा रही है।	सुष्मिता नाट्यगृह जाती है।
27	सेंटर के निदेशक प्रोइंदु पांडे खंडूरी ने कहा, “हमारा केंद्र एनईपी 2020 के विभिन्न पहलुओं पर भाषण देने के लिए देश भर से विद्वान वक्ताओं को आमंत्रित करके शिक्षकों के लिए प्रशिक्षण के नए आयाम स्थापित करेगा।	सेंटर के निदेशक प्रोइंदु पांडे खंडूरी ने कहा कि हमारा केंद्र एनईपी 2020 के विभिन्न पहलुओं में भाषण देने के लिए देश के सभी विद्वान वक्ताओं को आमंत्रित करके शिक्षकों के लिए प्रशिक्षण के नए आयाम स्थापित करेगा।
8	केरल राज्य के विभिन्न हिस्सों से संस्कृत शिक्षक यहां मिलते हैं।	यह केरल राज्य के विभिन्न हिस्सों से आए संस्कृत शिक्षकों का संगम है।
14	जगत सिंह नेगी ने कहा कि कुछ वर्ग हैं जो पहले की व्यवस्था का हिस्सा बनना चाहते हैं।	जगतसिंह नेगी ने कहा कि कुछ वर्ग हैं जो पूर्व व्यवस्था का हिस्सा ही बनना चाहते हैं।
6	उस बड़े घर में चालीस खम्भे थे।	उस विशाल भवन में चालीस खम्भे थे।
13	इस पहली वर्ष की पहली संख्या दिसंबर में प्रकाशित हुई, जिसमें आहत्त्य आठ विभिन्न विषयों के शोध पत्र प्रकाशित किए गए हैं।	इस वर्ष की प्रथम अंक दिसंबर में प्रकाशित हुई है जिसमें आठ विभिन्न विषयों पर शोध पत्र शामिल हैं।
11	श्रीमान ने श्रीमद्भगवद्गीता में जीवन प्रबंधन विषय पर व्याख्यान दिया। उन्होंने कहा कि गीता के बिना जीवन नहीं है।	श्रीमद्भगवद्गीता में उन्होंने जीवन के प्रबन्ध विषय पर व्याख्यान दिया। उन्होंने कहा कि गीता के बिना जीवन नहीं है।
18	सुरक्षा बलों के द्वारा जम्मू-कश्मीर के अखनूर-जिले के नियंत्रण रेखा के पास गाँव में चला गया चित्र- ग्राहक यंत्र द्वारा प्रक्षेपित विस्फोटक हथियार और मुद्राओं को रोक लिया गया था।	सुरक्षा बलों ने जम्मू-कश्मीर के अखनूर-प्रभाग के नियंत्रण रेखा (एलओसी) के पास गाँव में चला गया चित्र-ग्राहक मशीन द्वारा फेंके गए विस्फोटक हथियारों और उपकरणों को गिरफ्तार किया गया।
5	इंग्लैंड टीम के पास चहनांकाओं की अग्रता है।	इंग्लैंड टीम के पास रनों की अग्रता है।
10	मुख्यमंत्री ने कहा कि जो सरकार से प्रश्न करते हैं वे कृष्णोपनेत्र पहनते हैं।	मुख्यमंत्री ने कहा कि जो सरकार पर सवाल उठाते हैं वे काले चश्मे पहनते हैं।
1	इसी कारण से	इसलिए
5	झरोखे से सारा नगर दिख रहा है।	खिड़की से पूरा शहर दिख रहा है।
5	वहीं वर वधू ने एकदूसरे को तुलसी माला पहनाई।	वहीं वर वधू ने एकदूसरे को तुलसी माला पहनाई।
9	इस प्रकार छोड़कर वह घोड़े पर चढ़ाकर सहसा बैठ गया।	ऐसा कहकर वह अचानक घोड़े पर चढ़ा।
9	आकर उसने सेठ से कहा- “हे सेठ ! धरोहर के रूप मे रखी मेरी वह तराजू दे दो।	आकर उससे कहा- हे सेठ! दीजिए मुझे वह धरोहर।
10	(शरीर से) परे (श्रेष्ठ) इन्द्रियाँ कही जाती हैं;  इन्द्रियों से परे मन है और मन से परे बुद्धि है, और जो बुद्धि से भी परे है, वह है आत्मा।।	इन्द्रियां वश में होने वाली इन्द्रियों से श्रेष्ठ मन है, परन्तु मन परा बुद्धि से भी श्रेष्ठ है।
6	केवल 11 सीटें चुनी गईं।	केवल 11 स्थानों का चयन था।
6	ओह  आठम नहीं , हीं अष्टमी कहते हैं।	ओह आठमी नहीं , आठमी कहते हैं।
13	उन्होंने कहा कि इस हिस्से में राज्य सरकार द्वारा संयंत्र के निर्माण के लिए दी गई भूमि का खर्च भी शामिल है।	उन्होंने कहा कि इस भाग में राज्य सरकार द्वारा संयंत्र के निर्माण के लिए दी गई भूमि का खर्च भी शामिल है।
6	बाद में बेंगलुरु शहर में हिमाचलियों का सशक्त संगठन बनाया गया।	बाद में बेंगलुरु में हिमालयियों का सशक्त संगठन बन गया।
7	लौकिक पुरुष हाथी, घोड़े और सारथि जैसे गौरश्व है।	लौकिक जैसे गौरश्व पुरुष हाथी तथा शकुनि मृग ब्राह्मण हैं।
10	श्रीमहादेवजी बोले सुमन्त्र जी ने भी सन्ध्या काल में, सजल नेत्र होकर, वस्त्र से मुख ढंककर अयोध्यापुरी में प्रवेश किया ॥	तदनन्तर सुमन्त्रो भी योगिराज के अन्त में चला गया और वस्त्र से अपना मुख ढांप लिया और एक बाष्पाकुल से विहीन नेत्र वाला अपना आभूषण धारण किया ॥
1	कहने पर ।	कहना
6	एक बार मेहुल देर रात घर आ रहा था ।	एक बार मेहुल देर रात आ रहा था ।
1	वचन।	आदर्श वाक्य
23	मोदी ने वीडियो कॉन्फ्रेंसिंग के माध्यम से विकसित भारत संकल्प यात्रा के लाभार्थियों के साथ चर्चा में कहा कि पिछले नौ वर्षों में पचास करोड़ लोग निर्धन वर्ग से बाहर आ गए हैं।	वीडियो कांफ्रेंसिंग के माध्यम से विकसित भारत संकल्प यात्रा के लाभार्थियों के साथ चर्चा करते हुए मोदी ने कहा कि पिछले नौ वर्षों में पचास करोड़ से भी अधिक लोग निर्धन वर्ग से बाहर आए हैं।
10	इस बार भी चंद्रमा अपने दक्षिणी ध्रुव के पास समतल क्षेत्र में उतरेगा।	इस बार भी चंद्रमा के दक्षिणी ध्रुव के पास वर्तमान समतल क्षेत्र में उतारा जाएगा।
4	मैंने एक सेविका को बुलाया ।	मैंने एक सेविका को बुलाया।
12	समग्र रूप से दक्षिणी एशिया में सत्ताईस वर्ष के धनराशि के भेजने में सात मिलियन वृद्धि हुई।	कुल मिलाकर दक्षिण एशिया में वीस तेईस वर्ष में धन के प्रेषण में सात-दसमल दो प्रतिशत वृद्धि हुई।
21	ब्रह्मविचारमें जिसका चित्त एक क्षणके लिये भी स्थिर हो जाय, उसने समस्त तीर्थोंके जलमें स्नान कर लिया, सम्पूर्ण पृथ्वीका दान दे दिया, सहस्त्रों यज्ञ कर लिये, समस्त देवताओंका पूजन कर लिया तथा अपने पितरोंको संसार सागरसे - पार कर दिया और स्वयं तो वह त्रिलोकीका ही पूजनीय हो गया ।।	जिस मनुष्य के मन में क्षणभर भी ब्रह्मचिन्तन में स्थैर्य हो, वह अपने पितरों द्वारा संसार से मुक्त होकर पूज्य हो, समस्त तीर्थ, जल, समुद्र, पृथ्वी, सूर्य, सूर्य आदि सभी प्राणियों के साथ निवास कर, हजारों देवताओं की पूजा करे ॥
3	तुम सेवो ।	तुम सब सेवन करो।
8	1 मार्च को शुक्र और बृहस्पति एक सीधी रेखा पर पहुँच गए।	1 मार्च को शुक्रवार और बृहस्पति प्रत्यक्ष रेखा को प्राप्त हुए।
1	ये चारों ओर वर्तमान	ये सब
1	खुशी और गम के अधीन	खुशी के शोक से युक्त
7	सर्वेक्षण समग्र शिक्षा अभियान के राज्य परियोजना निर्देशालय द्वारा किया जाता है।	सर्वेक्षण समग्र शिक्षा- अभियान की राज्य परियोजना निदेशालय द्वारा की जाती है।
6	तीन दिवसीय सम्मेलन आज शुरू होगा	तीन दिवसीय सम्मेलन आज शुरू होगा।
9	और कहीं पर पति भी अपनी पत्नी के रूप में देवी का रूप धारण कर, सखियों के समान मानो।	और दूसरे स्थान पर पति को भी अपनी पत्नी को देवी के रूप और सखियों के समान समझना चाहिए।
6	खोज कर उसके सफ़ेद बाल का चित्र आ गया।	खोज करते हुए उसके सफेद बाल का चित्र आ गया।
14	यू.ए. ई., सऊदी अरब के बाद बुधवार को खट्टर के स्वास्थ्य मंत्रालय ने भी स्पष्ट किया कि स्थिति पर नजर रखी जा रही है.	यू.ए.एस., सऊदी-अरब देशों के बाद बुधवार को खट्टर स्वास्थ्य मंत्रालय ने भी स्पष्ट किया कि स्थिति पर नजर रखी जा रही है।
11	इसके पश्च्यात राजा दशरथ ने श्री राम और लक्ष्मण को बुलवाया तथा उनका आलिङ्गन कर तथा सिर को सूंघकर श्रीविश्वामित्र जी को सौंप दिये ॥	तब राम और लक्ष्मण को बुलाकर आदर पूर्वक उनका आलिंगन किया और सिर झुकाकर कोश को समर्पित कर दिया ॥
9	यदि वह निकाला है तो फिर स्थापित किया जाएगा।	यदि वह निकाला गया है तो फिर से स्थापित हो जाएगा।
15	न केवल इस अपितु सफल परिश्रम के आधार पर वह आज बी.एस. में भी अध्ययन कर रही हैं एड्स.	न केवल इस अपितु सफल परिश्रम के आधार पर वह अब बी.एस. में भी अध्ययन कर रही है एड्स.
6	अनेक बार मुगल राजा महाराणा प्रताप से पराजित हुए।	अनेक बार मुगल राजा महाराणा प्रताप से पराजित हुए।
10	चन्दन, चिरायता, धमासा, बासा और सोठ, दारूहल्दी की छाल, खस तथा नीम की छाल इनका क्वाथ रक्तजन्य अर्श मे शान्ति करता है । दाहल्दी की छाल, खस और नीम की छाल इनको पृथक् भी प्रयोग करने से रक्त रुकता है ॥	जैसे चन्दन की किरणों के समान कान्ति वाले समुद्र के तटों को जल से घिरे हुए जल के समान श्यामवर्ण वाले समुद्र, लहुलुओं को शान्त करने वाले समुद्र तथा दरिद्र वायु वाले असुरों को घिरी तथा नीम्बा नदी से पार करने वाले जल से पार करते हैं।
7	अहंकार के कारण वह निर्दोषों को भी मारता था	अहंकार के कारण वह निर्दोषों को भी मारता था।
13	बुद्धिमान् श्रीरामचन्द्र ने भी धनुष लेकर उसपर दो बाण चढ़ाये और कर्ण पर्यन्त खींचकर पृथक् पृथक् दोनों राक्षसों की ओर छोड़ दिये ॥	श्रीरामचन्द्रजी ने धनुष पर प्रत्यश्वा चढ़ाकर दोनों बाणों को अपने दोनों कानों में लिए और एक दूसरे से उन्हें अलग कर दिया ॥
4	उसकी बात करने की शैली हँसी से भरी है।	उसकी बात करने की शैली हँसी से भरी है
7	पुण्य कर्म में जो रत हैं वे पुण्य फल ही पाएँगे।	पुण्य कर्म में जो रत हैं वे पुण्य फल ही पाएँगे
7	दोपहर में बजे सहसा ज़ोर से शोर हो गया।	दोपहर बजे अचानक जोर से शोर हुआ।
6	इस फिल्म का आधिकारिकघोष बहुत जल्दी होगा।	इस चलचित्र का आधिकारिकघोष बहुत जल्दी होगा।
1	भले ही	इच्छा
7	आने वाले संतों के द्वारा वातावरण सुरक्षित किया जाना चाहिए।	आने वाले समय में हमें पर्यावरण को सुरक्षित करना है।
4	द्वावेव उत्तराखंड का गौरव है।	दोनों ही उत्तराखंड का गौरव देखते हैं।
9	रूपाली आगे बोली कि वह पृथ्वी की नाट्यगृह में नाटक कर रहा था।	रूपाली आगे बोली कि वह पृथ्वीनाट्यगृह में नाटक कर रहा था।
3	चार वेद कौन-से हैं?	ये चार वेदों कौन से हैं?
3	असह्य कष्ट है	असह्य कष्ट है ।
6	वह रास्ते में ही कूड़ा फेंकती है	वह रास्ते में ही कूड़ा फेंकता है ।
5	पंद्रह मिनट तक वह कूदा।	पंद्रह मिनट तक वह कूदा।
18	इसी बीच वीरवर लक्ष्मण जी ने प्राणों की आशा में डूबकर उनका भक्षण करने के लिए अपने सामने आकर शक्तिमान रावण को बाणवर्ष से चढ़ापा।	इसके बाद वीरवर लक्ष्मण जी को प्राणों के संकट में पड़ा देखकर स्वयं उसकी रक्षा के लिए उसके सामने आकर शक्तिशाली हाथ रावण को बाणों से ढांप दिया।
7	हिमाचल प्रदेश के मुख्यमंत्री सुखविंदर सिंह सुक्खू बुधवार को दिल्ली के लिए रवाना हो गये.	हिमाचल प्रदेश के मुख्यमंत्री सुखविंदर सिंह सुक्खू बुधवार को दिल्ली पहुंचे।
7	हमारे गाँव आना, मैं तम्‍हें झरना दिखाऊँगी	मेरे गाँव आओ, मैं तुम्हें उसझर दिखाऊँगा।
1	जो अच्छी तरह से संरक्षित किया गया है	सुरक्षित रखा गया
17	हिमकेयर योजना के तहत 8.53 लाख परिवारों को पंजीकृत किया गया और सहारा योजना के तहत फरवरी तक 3,106 लाभार्थियों को पंजीकृत किया गया है	हिमकेयर योजना के तहत 8.53 लाख परिवार पंजीकृत हैं और सहारा योजना के अंतर्गत फरवरी तक 31,062 लाभार्थी पंजीकरण हैं
8	यह घटना पंजाब के अमृतसर जिले के शाजत गांव के पास हुई।	घटना पंजाब के अमृतसर जिले के शाजत गांव के पास हुई।
7	करता हुआ ही यहाँ कर्म, जीने की इच्छा करे सौ वर्ष	करते हुए ही हम सौ वर्षों तक इस लोक में जीयें।
1	निर्धन	गरीब
5	छात्रवत्सल गुरु छात्र को धर्म का बोध कराता है।	छात्रवत्सल गुरु छात्र को धर्म समझाते हैं
1	शीघ्र	जल्दी
5	माता पुत्र से सांप मरवाती है	माँ पुत्र से साँप को मारती है।
8	इस समिति में नियुक्त महिलाओं के लिए 30 फीसदी आरक्षण होगा।	इस में नियुक्त महिलाओं के लिए 30 फीसदी आरक्षण होगा।
5	हम समाज को क्या देते हैं ?	हम समाज को क्या देते हैं ?
5	कल रात सम्मान समारोह हुआ।	कल रात सम्मान समारोह हुआ।
6	जिसने सेवा धर्म स्वीकार किया, उसने जीवनसुख ही प्राप्त किया।	जिसने सेवा धर्म अपनाया, उसने जीवन सुख ही प्राप्त किया।
5	सीवान के सभी लोग भयभीत हैं	सीवान के सभी लोग भयभीत हैं
6	यह दाहिने हाथ से भोजन शर बांये से जल पीता है।	यह दानव हाथ से भोजन छोड़ कर जल पीता है।
24	छोटी वर्ग में मीटर दौड़ने में स्वामीदर्शनानन्द- गुरुकुल- कॉलेज ज्वालापुर के प्रतियोगी छात्र देवांश पहले स्वामीदर्शनानन्द गुरुकुल-प्रतियोगी छात्र शिवम कॉलेज ज्वालापुर के दूसरे, ऋषिकुल विद्यापीठब्रह्मचर्या आश्रम के प्रतियोगी छात्र दीपांशु खन्तवाल तीसरे स्थान पर रहे।	जूनियर वर्ग में मीटर दौड़ने में स्वामी दर्शनानन्द- गुरुकुल- कॉलेजज्वालापुर के प्रतियोगी छात्र देवांश ने पहले स्वामीदर्शनानन्द गुरुकुल को स्पर्धा किया- प्रतियोगी विद्यार्थी शिवम कॉलेज ज्वालापूर के दूसरे, ऋषिकुल विद्यापीठ ब्रह्मचर्य आश्रम के स्पर्धा छात्र दीपांशु खन्तवाल ने तीसरे स्थान पर रहे।
19	हे भगवन् ! शारीरक, मानस, आगंतुक और स्वाभाविक व्याधियोंसे नाना प्रकारकी पीड़ाके केशसे दुःखित व सनाथ होकर भी अनाथकी भांति तड़फते और विलाप करते हुए मनुष्योंको देखकर हम सबके मनमें खेद होता है इससे उन सुख चाहनेवाले रोगियोंक रोगशांतिके लिये और सुखसे अपना जीवन व्यतीत करनेको तथा प्रजाके कल्याणके अर्थ जैसे आप उपदेश करेंगे आयुर्वेद (वैद्यक शास्त्र) के सुनने की हम सब इच्छा करते हैं ॥	भगवन्! शरीर और मन के साथ आने वाले कष्टों को दूर करने के लिए स्वाभाविक विकारों से अनेक प्रकार की चिकित्साएं, कष्ट और उपद्रव होने पर भी अर्थहीन चेष्टाओं वाले लोगों के मन में आपके दर्शन को देखकर मेरे मन में पीड़ा नहीं होगी। हे ईश्वर! उन सुखैशियों के रोगों के शान्त होने के लिए और अपने प्राण के लिए अपने आपको प्रजीहित करने के लिये मैं यह आग्रह सुनना चाहता हूँ कि आप उपदेश दीजिये ॥
8	परन्तु न्यूनतम तापमान में कमी के कारण ठंडी लहर लगातार होगी।	लेकिन न्यूनतम तापमान की कमी के कारण ठंडी लहर जारी रहेगी।
6	सभी बच्चे नीरव के बगीचे में खेलते हैं	सभी बच्चे नीरव के बगीचे में खेल रहे हैं
1	हत्यारा	हनन करने वाले को
33	उस बाद जय शब्द से महेश्वर को प्रसन्न करते हुए सभी नशाचरों, देवताओं और ऋषिगण विष्णु के पास जाकर उस शंखचक्र धारण करने वाले देव को प्रणाम करते हुए, हे देव ! सुकेश के तीन पुत्रों और तीनों त्रेताग्नि के सन्निहित वरदाताओं के साथ हमारे स्थानों को सुशोभित करने लगे।	उसके बाद जयध्वनि से महेश्वर को प्रसन्न करते हुए वे सभी निशाचरों से भयभीत देवताओं और ऋषियों ने विष्णु के पास जाकर उस शंख चक्रधर देवता को प्रणाम करके सुकेश पुत्रों के प्रति सम्भ्रान्त वचन बोले हे देव ! सुकेस पुत्रों ने तीन त्रेताग्नि निशा और वरदान के द्वारा हमारे स्थान छीन लिये हैं।
5	प्रधानमंत्री ने लोगों को युवजन-महोत्सव की शुभाशंस की.	प्रधानमंत्री ने लोगों को युवजन महोत्सव की शुभकामनाएं दीं
3	जब वो  रुकते हैं	जब वे रुकते हैं
5	किंतु न चलता हुआ गरुड भी, एक कदम भी नहीं जाता।	जा रहे हैं, वेनतीयो भी एक पैर नहीं ले रहा है।
5	जहाँ परिश्रम हैं, वहाँ असफलता कहाँ?	जहाँ परिश्रम है, वहाँ असफलता कहाँ है?
11	नीलेश - मैं अहमदाबाद के पास विशाल गौशाला बना रहा हूँ।	नीलेश - मैं अहमदाबाद शहर के पास एक बड़ी गौशाला बना रहा हूँ
6	यह क्या है वृक्ष या ठूंठ ?	क्या यह पेड़ है या तना ?
4	वह अपना धन दिखा रही है ।	वह अपना धन दिखा रही है ।
4	प्रत्येक गाँव में बाग़ होता है।	हर गाँव में उद्यान होता है।
9	जो मन परिसर को सुगन्धित करता है उसका नाम परिमल है।	जो मन और परिसर को सुगन्धित करता है वह सुगंध परिमल कहा जाता है।
6	चिकित्सालयों में उपकरण और औषधि का अभाव है।	चिकित्सालयों में उपकरणों और दवाओं का अभाव है।
5	गुरु छात्र को शास्त्र स्त्र में ले जाता है।	गुरु छात्र को शास्त्र पढाता है।
23	इसके लिए स्वास्थ्य- परिवार कल्याण, सामाजिक न्याय, सशक्तिकरण, श्रम और Employment, मंत्री कैनल डॉ. धनीराम शांडिल सोलन शिमला ने राष्ट्रीय राजमार्ग के चतुष्म लाइन के काम को शीघ्र करने के लिए संबंधित अधिकारियों को निर्देश दिया।	इसके लिए स्वास्थ्य- परिवार कल्याण, सामाजिक न्याय, सशक्तिकरण, श्रम और रोजगार मंत्री डॉ. धनीराम शांडिल सोलन शिमला ने संबंधित अधिकारियों को राष्ट्रीय राजमार्ग के चतुष्म लाइन का काम तेज़ी से करने का निर्देश दिया।
4	संदीप कहाँ जाता है ?	संदीप कहाँ जाता है ?
5	छात्रवत्सल गुरु छात्र को धर्म का बोध कराता है।	छात्रवत्सल गुरु छात्र को धर्म समझाते हैं
8	पराग - नहीं , तेज मत चलो ।	पराग - नहीं , तेज मत चलिए ।
7	सरकार की इस नीति में कर्मचारियों का उत्साहपूर्ण सहयोग होता है।	सरकार की इस टीम को कर्मचारियों से उत्साहजनक सहयोग मिलता है।
6	और अपने परिवार का सम्मान अवश्य बढ़ेंगे।	और अपने परिवार का सम्मान अवश्य ही बढ़ेंगे।
10	इससे पतञ्जल का समय सामान्यतः ख्रिस्तपूर्व 150 वर्षों का है।	उससे पतंजले का समय आमतौर पर 150 वर्ष पूर्व ज्ञात होता है।
10	प्रशिक्षण पाने के लिए जो शिक्षक आए थे उन्हें भी उत्साह के साथ भाग लिया गया।	प्रशिक्षण पाने आए थे उन शिक्षकों ने भी उत्साह के साथ भाग लिया।
1	विपरीत	विपरीत
4	कितने बजे तक पढ़ेंगे ?	कितने बजे तक पढ़ेंगे?
9	जैसे-जैसे इस लोक में जो कुछ कार्य होते हैं, वे सब तुझी संचित की जाती हैं।	यदि ये जो इस लोक में किये जाते हैं, पसंद होते हैं तो उन्हें नियोजित कर।
1	देखते हैं	देखते हैं।
5	पति - आज फिर से ....	पति - आज फिर ....
9	वास्तव में रुपाली गांगुली के पिता अनिल गांगुली सर्वश्रेष्ठ फ़िल्म निर्माता थे।	वास्तव में रुपाली गांगुली के पिता अनिल गांगूली फ़िल्म निर्माता थे।
9	तेजिन्दर – हमारा तिरंगा झण्डा स्वाधीनता और राष्ट्रगौरव का प्रतीक है।	तेजिन्दर  हमारा तिरंगा झंडा स्वाधीनता और राष्ट्रगौरव का प्रतीक है।
1	रोगी का	चिंतित की
15	सर्वश्रेष्ठ टेलीविजन कार्यक्रम-इस दौरान दिखाई पड़ने के बाद अब लक्ष्य लालवानी है''किल''फिल्म के माध्यम से कोहली-फिल्म में वह दिखाई देगा.	दूरदर्शन के महान कार्यक्रम-इसमें दिखने के बाद अब लक्ष्य लालवानी''किल''फिल्म द्वारा रेलमार्ग-फिल्म में दर्शन देगा।
7	इस संबंध में बुधवार को राज्य के राजभवन द्वारा अधिसूचना प्रसारित की गई है।	इस संबंध में राज्य भवन ने बुधवार को अधिसूचना जारी की।
12	उत्पादन औरव्यय के अनुसार ग्रेवल की दर को तय करने के लिए सरकार सोच रही है, जिससे जनता को नुकसान न हो सके।	सरकार उत्पादन और व्यय के अनुसार ग्रेवल की दर तय करने का विचार कर रही है, जिससे जन समुदाय पर भार न हो।
1	जन्म और मृत्यु	सर्ग
5	वे विलासी लोग आने वाली आपदा को नहीं देखते हैं।	वे विलासी लोग आने वाली आपदा को नहीं देखते हैं।
6	दिल्ली के उपमुख्यमंत्री मनीष सिसोयी को फरवरी में गिरफ्तार किया गया है.	दिल्ली के उपमुख्यमंत्री मनीष मोदी को फरवरी में गिरफ्तार किया गया था।
5	गङ्गा नदी के तट पर उनका आश्रम है।	गङ्गा नदी के तट पर उनका आश्रम है।
17	मुख्यमंत्री सुखविंदर सिंह सुक्खू ने कहा कि राज्य सरकार ने कांगड़ा जिले के ढगवार में अत्यन्त आधुनिक स्वचालित दूध प्रसंस्करण संयंत्र को स्थापित करने के लिए राष्ट्रीय दूध विकास बोर्ड के साथ ज्ञापन पर हस्ताक्षर किए हैं।	मुख्यमंत्री सुखविंदर सिंह सुक्ख ने कहा कि राज्य सरकार ने कांगड़ा जिले के ढगवार में एक अति आधुनिक स्वयंचालित दूध प्रसंस्करण संयंत्र की स्थापना के लिए परामर्श सेवाएं प्रदान करने के लिए राष्ट्रीय दूध विकास बोर्ड के साथ ज्ञापन पर हस्ताक्षर किए हैं।
8	इस संबंध में मंगलवार को झारमा जरीिस्तान में घटनास्थल से आवश्यक साक्ष्य एकत्र किया गया।	इस संबंध में झारमाजरी में मंगलवार को जाकर घटनास्थल से आवश्यक साक्ष्य इकट्ठा किया गया।
8	मुम्बई में वह आतंकवादी हमलों की स्मारक में शहीद वीरों को पुष्पंजलि देगा।	मुंबई में वह आतंकवादी हमलों की याद में शहीद हुए वीरों को पुष्पांजलि अर्पित करेंगे।
7	छात्रवृत्ति योजनाओं में भ्रष्टाचार का निवारण करने की व्यवस्था की गई है।	छात्रवृत्ति योजनाओं में भ्रष्टाचार को रोकने के लिए यह नई व्यवस्था की गई है।
13	आलस्य ही मनुष्य के शरीर का महान शत्रु है। उद्यम जैसा कोई मित्र नहीं है। कार्य करने वाला व्यक्ति दुःखी नहीं होता है ।	निश्चय ही आलस्य मनुष्यों के शरीर का सबसे बड़ा शत्रु है उसका आज जैसा कोई मित्र नहीं होता जिससे वह कभी दुखी न हो ॥
5	मैं उसकी शाखाएँ काट रहा हूँ ।	मैं उसकी डालियाँ काटता हूँ
22	ध्यान का बहाना बनाकर (तुम) किस सुन्दरी का चिन्तन कर रहे हो? क्षणभर के लिये आँखें खोलकर कामदेव के बाणों से व्यथित इन जन को तो देखो, रखक होते हुए भी तुम हमारी रक्षा नहीं कर रहे हो व्यर्थ में ही तुम दयालु कहलाते हो तुमसे अधिक निष्ठुर पुरुष कोईओर नहीं है। इस प्रकार अप्सराओं द्वारा ईर्ष्यापूर्वक कहे गए ज्ञानसम्पन्न जैन तीर्थकर (महाराज) आप सबकी रक्षा करें।	ध्यान के वश में होकर, कामुकता को देखकर, नेत्रों के आंसुओं को खोलकर क्षणभर भी इस जन्म-युवक को, रक्षक और मुक्ति की रक्षा नहीं कर पाते हो। क्योंकि, तुम मिथ्या ही हो, दयालु और घी से रहित हो, इसलिये इस जगत् से और मनुष्यों को मारने वाले महाबुद्धी को तुम कहां से और कहां से प्राप्त हो ॥
4	वर्षा की प्रतीक्षा कर रहे हैं	वर्षा की प्रतीक्षा कर रहे हैं।
5	भारतीय खिलाड़ी सूर्य कुमार यादव को सर्वश्रेष्ठ खिलाड़ी चुना गया।	भारतीय खिलाड़ी सूर्यकुमार यादव को सर्वश्रेष्ठ खिलाड़ी चुना गया है।
5	जर्मनी देश का क्रम चौथा है।	जर्मनी देश का क्रम चौथा है।
13	यदि मैं आज्ञा नहीं करता हूँ, यदि गुह्य नहीं है, यदि मेरे द्वारा सुना जा सकता है तो कृपया कहें।	मैं आज्ञा नहीं देता हूँ, यदि गोपनीय नहीं है, यदि मैं सुन सकता हूँ तो कृपया बताओ।
18	जो भी सभ्यता, क्षेत्र का विकास, जीविका, संस्कृति, शिक्षा आदि के इस क्षेत्र में प्रवाहित बड़ी जलधाराओं के कारण यह इतिहास में उल्लेखित है,	जो कोई भी सभ्यता, क्षेत्र का विकास, उपजीविका, संस्कृति, शिक्षा इत्यादि का उपक्रम उस क्षेत्र में फैले हुए बड़े नदियों के कारण होता है, यह इतिहास में उल्लेख किया जाता है।
6	एक बार वे धर्म के प्रचार के लिए एक गाँव को गये।	एक बार वह धर्म के प्रचार के लिए एक गाँव गए।
5	वह वृद्धा खुश हो जाती है	वह वृद्धा प्रसन्न होती है।
5	फिर भी सामा बहुत गुणवती है ।	फिर भी सामा बहुत गुणी है ।
19	इस अवसर पर सोमवार को शिमला में उद्योग मंत्री उपस्थित हुए मुख्यमंत्री सुखविंदर सिंह शुक्ल ने गिरिपार क्षेत्र के अधिकारियों और जनता की उपस्थिति में हाड़ी समुदाय को अनुसूचित जनजाति के रूप में घोषणा की और अधिसूचना जारी की।	इस अवसर पर सोमवार को शिमला में उद्योग मंत्री सुखविंदर सिंह सुक्खू ने गिरिपार क्षेत्र के अधिकारियों और लोगों के उपस्थिति में हाड़ी समुदाय को अनुसूचित जनजाति के रूप में घोषणा की।
3	उसकी चिकित्सा करवाई।	उसकी चिकित्सा करवाई।
5	सर्वमेध विधाता ने उन दोनों को जगत्सृष्टि की रचना की।	सर्वमेध के द्वारा उन्होंने जगत का सृजन कराया।
5	उत्तम लड़की से धन लेता हूँ।	उत्तम लड़की का धन लेता हूँ ।
16	लम्बी श्वास लेकर । हे पुत्रि, तुम्हारे द्वारा पहले पूजा के लिए डाले गए (और अब) पर्णकुटी के द्वार पर उगे हुए नीवार के उपहार को देखते हुए मेरा शोक भला कैसे शान्त हो सकेगा? ।।	काश्यप सनिश्वास है। यह मेरा शोक कैसे शान्त हो सकता है? हे वत्से! तुमने पहले यह रचित किया था। मकान के द्वार पर विपरित नीवारबलि को देख रहे हो।
1	महात्मा गाँधी	उपदेशक
4	शीखा प्रतियोगिता को प्रथम पुरस्कार, भागीरथ गिरी।	शिखर प्रतियोगिता में भागीरथगिरी ने पहला पुरस्कार पाया।
4	अंत में पाकिस्तान की पराजय हुई।	अंत में पाकिस्तान की पराजय हुई।
15	कक्षाओं का अनुभवकथन स्मृतिगुप्ता ने किया, आदित्यरावत, डॉ. राघवेन्द्र मिश्र ने, मुकेश लोधी, निशा पाण्डेय और डॉ. भागीरथी मिश्र ने किया।	कक्षाओं का अनुभवकथन स्मृतिगुप्ता, आदित्यराववत, डॉ. राघवेन्द्र मिश्र, मुकेश लोधी, निशा पाण्डेय और डॉ. भागीरथी मिश्र ने किया।
3	जोकि, उपयोंको अधिकार करके यह तन्त्र रचागया है इस वास्ते इसका अग्रगण्य ) औपद्वधिक अध्याय प्रथम वर्णन होगा ॥	जिसने इस अस्त्र को नष्ट कर दिया है
10	इस पृथ्वी पर तीन ही रत्न हैं-जल, अन्न और हितकारी वचन, परंतु मूर्ख लोग पत्थर के टुकड़े को रत्न कहते हैं।	पृथ्वी पर तीन रत्न हैं- जल मंत्र अच्छा कहा गया- पर मूर्ख पत्थर के टुकड़ों को रत्न की संज्ञा देते हैं।
1	इन सभी	ये सब
5	इसके बाद संस्थानगीतिका "श्रुतिसरभरविचार" को राधेमोहन और यशिक द्वारा प्रस्तुत किया गया।	इसके बाद संस्थानगीत "श्रुति सरभर विचारम्" राधेमोहन यशिकाओं द्वारा प्रस्तुत की गई।
4	आपने झरना देखा है?	क्या आपने झरना देखा है?
7	वो दोनों देवनागरी में ही हस्ताक्षर करती हैं	वे दोनों देवनागरी में ही हस्ताक्षर करते हैं
6	मैं भी नहीं जानता, परन्तु सूर्यसिंह जानता है।	मैं भी नहीं जानता किन्तु सूर्यसिंह जानता है
28	इसरो अध्यक्ष एस सोमानाथ ने कहा कि भारत की प्रमुख सौर मिशन आदित्य है-एल-इत्य है यह छ जनवरी है-दिनांक पर धरती का एक पांच लाख किलोमीटर-दूर स्थित लैंडर-बिन्दु अपने मनोरथ पर पहुंच जाएगा।	इसरो के अध्यक्ष एस सोमानाथ ने कहा कि भारत का प्रमुख सौर मिशन आदित्य-एल-यह छह जनवरी को-दिनांक पर पृथ्वी से एक दशमलव पांच लाख किलोमीटर दूर स्थित-लग्रेजियन-बिन्दु अपने इच्छित गंतव्य तक पहुंच जाएगी।
8	तब से, भागवत उनके साथ विश्वसनीय हो गया।	तब से भागवत में उनका विश्वासयोग्य साथी हुआ।
4	अधिक भोजन का यही फल है ।	अधिक भोजन से ही फल मिलता है।
8	जिसकी प्रारम्भिक सत्र संस्कृतप्रार्थना है, संस्कृत भाषा में वार्ता आदि पढ़ते हैं।	जिसके प्रारम्भिक सत्र में संस्कृतप्रार्थना, संस्कृत भाषा में वार्ता इत्यादि पढ़ते हैं।
6	ये ही मिलकर या अलग-अलग हमारे पर्यावरण को बनाते हैं।	वे इस प्रकार मिलकर अथवा अलग होकर हमारा पर्यावरण बनाते हैं।
13	इजरायल देश से कहा गया है कि वह इस केंद्र शासित प्रदेश में जल्द ही समुद्री जल शुद्धीकरण के कार्य में लगेंगे।	इजरायल ने कहा कि वह केंद्र शासित प्रदेश में समुद्री जल के शुद्धीकरण की योजना में जल्दी से काम शुरू करेंगे।
3	कँटीला रास्ता है।	कँटीला रास्ता है।
11	इस उपोषण में, पर्यावरण के परिवर्तन, कृत्रिम बुद्धिमत्ता के संकट और आर्थिक विषयों पर चर्चा की जाती है।	इस सत्र में जलवायु परिवर्तन और कृत्रिम बुद्धिमत्ता के संकट पर आर्थिक मुद्दों पर चर्चा की जाएगी।
10	इसलिए वह कात्यायन का''सिद्ध शब्द अर्थ के संबंध में लोकतोर्थ के लिए प्रयोग किए जाने के लिए शास्त्र द्वारा लौकिक वेदिकों में धर्म का पालन किया गया।	उसके लिए वह कात्यायन का''सिद्ध शब्द अर्थ के संबंध में लोक अर्थ के प्रयोग में शब्दप्रयोग पर धर्म का नियम शास्त्र के द्वारा लौकिक वेदों में।
8	हाँ देखिये , मैं आदर्श पाठशाला का छात्र हूँ।	हाँ देखिये , मैं आदर्श पाठशाला का छात्र हूँ।
3	जल्दी जाओ ।	जल्दी जाओ ।
10	जब वह यहाँ आया तब कुछ दिनों में प्राकृतिक आपदा थी।	जब वह यहाँ आया तब कुछ दिनों में स्वाभाविक आपदा थी।
5	कौन दोपहर में पाठशाला नहीं जाता?	कौन दोपहर में पाठशाला नहीं जाता?
12	कोर्ट ने कहा कि हम दी जाने वाले निर्णय पर हस्तक्षेप नहीं करना चाहते हैं, इसलिए विशेष याचिका निलंबित की गई है।	पीठ ने कहा कि हम प्रदान किए गए निर्णय में हस्तक्षेप नहीं करना चाहते हैं, इसीलिए विशेष याचिका खारिज कर दी गई है.
1	अचानक	अचानक ही
7	यह बीमारी औषधि, वनस्पतियों और संपत्तियों में स्थित होने के कारण भी हो सकती है।	फार्मास्युटिकल वनस्पति और संपत्ति की स्थिरता के लिए यह खतरा हो सकता है।
1	प्राणवायु ।	हे माता।
7	आत्मा षड्भाव विकारों से रहित, अनन्त सच्चित्स्वरूप, आनन्द स्वरूप, बुद्धि आदि का साक्षी तथा अविनाशी है ॥	छह भावों से रहित, सत्य और अज्ञान से रहित वह मूर्ति, ज्ञान रूपी आनन्दस्वरूप, बुद्ध्यादि के साक्षी और लय से रहित थी ॥
8	लेकिन निर्माताओं ने आज भी फिल्म की शूटिंग नहीं शुरू की।	परन्तु निर्माताओं ने आज भी चलचित्र का शूटिंग नहीं प्रारम्भ कर दिया।
5	बार बार पानी पीता हूँ	बार बार पानी पीता हूँ ।
6	धर्म की रक्षा के लिये वह आगे आया ।	धर्म की रक्षा के लिये वह आगे आया
9	यह सम्भव है। कहाँ से? 'अन्तपारं किल शब्दशास्त्रम्' ऐसा कहा गया है।	यह तंत्र सम्भव है। कहाँ से? 'अन्तपारं किल शब्दशास्त्र' कहा गया है।
4	पति - खाएगा ।	पति - खाएगा ।
4	वह नगर को जाता है क्या?	वह नगर को जाता है क्या?
6	चुनाव की प्रक्रिया में देरी के कारण पाकिस्तान तहरीक-ए-इंसाफ पार्टी का विरोध किया जा रहा है.	चुनाव परिणामों में देरी के कारण पाकिस्तान तहरीक-ए-इंसाफ दल का विरोध किया जा रहा है.
6	शिक्षिका – हे छात्राओं ! तुम सब क्या करते हो?	शिक्षिका  छात्रों ! तुम सब क्या करती हो?
7	इसने सौ रुपये लिये वा नहीं ?	उसने सौ रुपये लिये वा नहीं ?
4	दूकान से सबसे पहले सोलर पैनल निकाला ।	बाजार से सबसे पहले सौर पैनल निकाला।
7	इस समय नगरीय प्राथमिक स्वास्थ्य केन्द्र हजारों के लिए स्वास्थ्य सेवा प्रदान करती है।	इस समय शहरी प्राथमिक स्वास्थ्य केन्द्र हजारों लोगों को स्वास्थ्य सेवाएं प्रदान करता है।
5	ओह वह नहीं सुनता है ।	ओह वह नहीं सुन रहा है
4	इस प्रकार विभीषण ने उसे देखा।	इस प्रकार विभीषण ने उससे पूछा।
27	कार्यक्रम के संचालन में डॉ मूल चंद्र शुक्ल ने कहा कि अकादमी का यह सहयोग विभिन्न साहित्य को समाज के सामने लाने का काम करता है जिसके कारण महान विद्वान और प्रेक्षक इस ज्ञान का लाभ उठाते हैं।	कार्यक्रम का संचालन करते हुए डॉ. मूलचंद्र शुक्ल ने कहा कि अकादमी का यह सहयोग अनेक प्रकार का साहित्य समाज के सम्मुख लाने का कार्य है जिसके कारण महाविद्वान् और दर्शक इस ज्ञान का लाभ उठाते हैं।
12	इस दौरान मंत्री कर्णल धनीराम शांडिल आदि ने कलाकारों के साथ नृत्य किया।	इस दौरान मंत्री कर्णल धनीराम शांडिल ने कलाकारों के साथ नृत्य किया।
12	इस स्पष्टता के कारण नासा इत्यादि संस्थाओं को कई नई किस्मों के आने पर संस्कृत को ही अनिवार्य रूप से माना जाता है।	इसकी स्पष्टता के कारण, नासा जैसे संस्थानों को कई लोगों द्वारा भविष्य में संस्कृत को ही अनिवार्य माना जाता है।
8	बोलो .... फिर से चंचलता नहीं करूँगा।	शिक्षिका - बोलो .... फिर चंचलता नहीं करुँगी ।
24	संपूर्ण हिंदू समुदाय की संगठित शक्ति ही ऐसी कार्य करने में सक्षम थी, इसीलिए पूरा हिंदू समुदाय धनी है और इसलिए सभी जातियों ने जाति-उन्मूलन के लिए कार्य करने का कर्तव्य जो हिन्दू समुदाय सशक्त हो सकता है।	सम्पूर्ण हिन्दू समाज की संगठित शक्ति ही ऐसा कार्य करने में समर्थ हुई है, इसीलिए पूरा हिन्दू समाज समृद्ध है इसीलिए सभी जातियों के उत्थान के लिये कार्य करना चाहिए जिससे हिन्दू समाज सशक्त हो।
4	कोलाहल नहीं करो।	शोर मत करिए ।
1	पल्लवसहित	प्रातःकाल बजना
9	उन्होंने भी उस नाई की बांधकर मरने से बचे हुए  क्षपणकों के साथ न्यायालय में ले आए।	उनके साथ ही वह नाई बाँधा हुआ और हतशेष के साथ धर्म का आश्रय लेकर चला।
7	जोसेफ बोला – मुझे तो मधुमेह है।	जोसेफ बोला  मुझे तो मधुमेह है।
6	स्वावलम्बन सतत अपने आत्मविश्वास को बढ़ाता है।	स्वावलंघन से निरन्तर आत्मविश्वासी बढ़ता है
12	छात्रों के लिए पुस्तकालय में कितने सुविधाएँ हैं, सरकार ने यह budget कितना खर्च किया है?	छात्रों के लिए पुस्तकालय कितनी सुविधाएँ हैं, सरकार द्वारा दी गई budget कितनी खर्च हुई है?
10	1900 के छात्र शम्मीशर्मा ने जम्मू-कश्मीर राज्य के प्रसिद्ध मेलों के विषय पर अपना मत दिया।	पहले वर्ष के छात्र शम्मी शर्मा ने जम्मू-कश्मीर राज्य के प्रसिद्ध मेलाओं पर अपना मत दिया।
1	सत्कार, मान और पूजा के लिए।	सम्मान सम्मान पूजन के लिए
4	साध्वियाँ भजन गाती हैं	सज्जन भजन गाते हैं ।
22	इस में शिक्षकों की शिक्षा नीति, राष्ट्रीय उपलब्धि सर्वेक्षण क्षेत्र के समय-समयों तथा उनके सम्भावित समापन तथा आधुनिक साधनों के उपयोग से छात्रों को अपने विषय को प्रभावी रूप से बिछाने के लिए विभिन्न पद्धतियाँ सीखी गई हैं।	इस में शिक्षकों को शिक्षा नीति, राष्ट्रीय उपलब्धि सर्वेक्षण क्षेत्रवार समिति के उनके सम्भावित समाधान और आधुनिक साधनों के उपयोग से छात्रों के लिए अपने विषय को प्रभावी रूप से बिछाने के लिए विभिन्न पद्धतियाँ सीखी गई हैं।
1	सन्तानों के।	सन्तानों का
8	राज्य सरकार लोकसेवा आयोग के माध्यम से 1243 पुलिस रक्षकों को नियुक्त करेगी।	राज्य सरकार लोकसेवा आयोग के माध्यम से 1243 पुलिसकर्मियों को नियुक्त करेगी।
3	तुम जाते हो क्या?	तुम जाते हो क्या?
4	बाद में वह घूमता है ।	बाद में वह घूमता है ।
9	शनिवार सुबह 10 बजे मार्कर ने सड़क आंदोलन का आरम्भ किया.	शनिवार सुबह शाम मार्कर के आह्वान से सड़क आंदोलन शुरू हुआ।
6	लोसर के बारे में तिब्बती चर्चा में बहुत उत्साह था।	लोसर के बारे में तिब्बती समुदाय में बहुत उत्साह था।
3	अनेक प्रशंसायें प्राप्त की गई हैं।	बहुत सारी प्रशंसा पाई।
3	वह बेकार में बड़बड़ा रही है ।	वह व्यर्थ बोलती है ।
3	यह ऐतिहासिक वृद्धि है।	यह ऐतिहासिक वृद्धि है।
9	रेलवे स्टेशन बस- टैक्सी- उद्देश्य है कि अटोरिक्शा स्टेशनों के साथ संबंध बनाए रखना है।	रेलवे स्टेशनों को बस-टेक्सी-यह ऑटोरिक्शा स्टेशनों से जोड़ने का उद्देश्य है।
6	तीन दिवसीय सम्मेलन आज शुरू होगा	तीन दिवसीय सम्मेलन आज शुरू होगा।
4	पति घर से बहार चला गया ।	पति घर से बाहर गया ।
1	विषाद एवं दीनता के वशीभूत।	विषाद और दैन्य वशीभूत
10	इक्वेटी बेंचमार्क की सूचकांक और बीएसई सेन्सेक्स की निफ्टी एक सौ दिन के बाद फिसल गईं।	इक्वेटी बेंचमार्क की सूचकांक और बीएसई सेन्सेक्स की निफ्टी एक सौ से अधिक दिन के भीतर फिसल गई।
25	शोभायुक्त और नमस्कार करते हुए देवेन्द्रों और असुरेन्द्रों के मुकुटों के चमकदार रत्नों की कांति से जिनके श्री चरणों के नखरुपी चन्द्रमा की ज्योति स्फुरायन हो रही है। और जो प्रवचन रुप सागर की वृद्धि करने के लिए स्थायी चन्द्रमा हैं एवं योगिजन जिनकी स्तुति करते हैं, ऐसे अरिहन्त सिद्ध आचार्य उपाध्याय और साधु ये पांचों परमेष्ठी तुम्हारे पापों को क्षालित करें और तुम्हें सुखी करें।	श्रीमन्नम्र, सुरा, सुरेन्द्र मुकुट, प्रद्योत, रत्न, प्रभात, भास्वादु, नखेन्दव, प्रवचन और जो सभी जिन-सिद्ध सूर्य के अनुगता हों, वे पाठक, साधु, स्तुति और योगिजन उन पंचगुरवों का मंगल करें।
1	गोभी	गोभी
6	कल्याण समिति के बारे में निर्णय अभी भी नहीं लिया गया है।	कल्याण समिति के बारे में निर्णय अभी भी नहीं लिया गया है।
4	अपने मोक्ष के लिए और समाज के कल्याण के लिए।	अपने मोक्ष के लिए और जगत् की उन्नति के लिए।
5	तुम तो यज्ञ विधि भी जानते हो।	तुम तो यज्ञविधि भी जानते हो
7	वह दोनों देवनागरी में ही हस्ताक्षर करती हैं	वे दोनों देवनागरी में ही हस्ताक्षर करते हैं
22	अरे काम! अपने धनुषकी टंकारोंसे हाथोंको क्यों थकाता है ? अरी कोयल ! तू अपने कोमल कलरवोंसे वृथा क्यों बक-बक कर रही है ? ओ बाले ! तुम्हारे इन अतिस्निग्ध, चातुर्यपूर्ण, भोले-भाले, मधुर और चंचल कटाक्षोंसे भी अब कुछ नहीं हो सकता। अब तो मेरा चित चन्द्रशेखर श्रीशंकरके चरणसरोरुहके ध्यानरूप अमृतका आस्वादन कर चुका है ॥	हे कन्दर्प ! हाथ को कड़काने के लिये क्या उपाय है ? हे कोयल ! अपनी कोमल कलरवों से क्या व्यर्थ बोलता है ? बालक कोमल, विद्वान्, मधुर एवं मधुर स्वरों से, कड़ाक्षों से तथा चित्त को चूमते हुए चन्द्रमा के चरणों से मोहित करता है ॥
5	वह सभा में क्यों बैठा है	वह सभा में क्यों बैठा है?
8	बहुत से लोग राखी भेजने के लिये यहाँ आए हैं ।	अनेक लोग राखी भेजने आए हैं।
2	एक निराकार परमेश्वर को।	एक मूर्ति को
7	इस प्रकार कुल राजा की प्राप्ती 42,152,08 करोड़ रुपये होगी।	इस प्रकार कुल राजा की प्राप्ति 42,152.08 करोड़ रुपये होगी।
6	तब वो तीन सुकेशपुत्र कृतार्थ हुए।	वहाँ से वे तीन सुकेश के पुत्र कृतार्थ हो गए।
4	रास्ते में गड्ढा था।	रास्ते में गड्ढा था।
10	चुनाव जब आते हैं तब मंदिर आगे आता है, उन्होंने कहा था।	उन्होंने कहा था कि चुनाव जब आते हैं तब मंदिर आगे आता है।
7	श्यामला इससे पहले संस्कृत कार्य करती थी ।	श्यामला पहले संस्कृत काम करती थी
8	इंदौर में एक के साथ बात करनी थी ।	इंदौर में एक के साथ बात करनी थी ।
10	यह सुनकर हिरण्यक चित्रग्रीव के बन्धनों को काटने के लिए जल्दी से निकट आया तो चित्रग्रीव कहने लगा -हे मित्र।	यह सुनकर कोई हिरण्यगर्भ (मनुष्य) गीदड़ के बाँध को काटने के लिए दौड़ता हुआ उससे बोला मित्र!
4	श्रद्धास्पद गुरुचरणों में सादर अनेक प्रणाम ।	श्रद्धास्पद गुरुचरणों में सादर प्रणाम
15	दूसरी ओर, इस समय महेशबाबू की नई फिल्म''गुंटूरा करें''इसकी विज्ञापन बुक प्रदर्शित होगी, ऐसा समाचार आता है।	और तो अभी महेशबाबू की नई फिल्म का''गुंटूर कामम'''एक विज्ञापन बुक प्रदर्शित किया जाएगा, ऐसा खबर आ रही है।
11	ऐसे मित्र को छोड़ देना चाहिए जो पीठ पीछे तो काम बिगाड़ता हो और सामने मीठी-मीठी बातें करता हो। क्योंकि वह एक ऐसे विष के घड़े के समान है जिसके मुख पर (ऊपर) दूध पड़ा है |	जो कार्य बिगाड़े और सामने मीठी-मीठी बातें बनाए, ऐसे मित्र को मुँह से निकाल देना चाहिए।
6	वानी की दोनों टीमों के साथ समन्वय है।	भवानी के दोनों समूहों के साथ समन्वय है।
11	बढ़ जाए मेरे अवयव, वाणी, प्राण, आँख, कान, बल और इन्द्रियाँ	मेरे अङ्ग, वाणी, प्राण, आँख, कान, शक्ति और इन्द्रियाँ नष्ट हो जायें।
4	मुँह में बत्तीस दाँत होते हैं।	मुँह में बत्तीस दाँत होते हैं।
22	रे अहंकार ! तू कहीं चला जा, अरे पाप ! खबरदार, अब तू यहाँ न रहना, अरे पिशुन! (कूटनीति) तू भी दूर हो; क्योंकि अब मैं अभिमानका पात्र न रहा, रे क्रोध! तू भी यहाँसे अब और कहीं अपना डेरा डाल, आजसे हम अनन्यचित्तवालोंके हृदयमें वे भगवान् त्रिलोकीनाथ हरि ही निवास करें ।।	हे वीर ! तुम कभी भी अहंकार न करो, मैं पृथ्वी से उतरकर तुम्हारी शरण ले लूँ, हे पिशुन! अन्य मनुष्यों के स्थान पर आकर निवास करने वालों का क्रोध करो, त्रिलोकीनाथों के हृदय में भगवान् हरि का कोई निवास नहीं करना चाहिए।
12	कल तेलंगाना से प्रेमप्रसाद भंडारी श्रीमद्भगवद्गीता जयंती के अवसर पर एक-विशेषा- प्रतियोगिता का आयोजन हुआ।	कल तेलंगाना से प्रेम प्रसाद भंडारी श्रीमद्भगवद्गीता जयंती की उपस्थिति में एक विशेष प्रतियोगिता का आयोजन हुआ।
20	मृतक के बन्धु लोगों ने कहा कि शनिवार को अम्लिका खा रही थी आदर्श ने उसके बीजों कोगल लिया, उसके बाद सांस लेने में कष्ट हुआ, उसका स्वर भी रुक गया।	मरे हुए के बन्धुजनों ने कहा कि शनिवार को अम्लिका खाने से आदर्श ने उसके बीज निगल लिए, उसके बाद श्वास लेने में कष्ट हुआ, उसका स्वर भी निवृत्त हो गया।
4	जहां मैं जाता हूं।	जहां मैं जाता हूं।
4	माता और पिता	माता और पिता
5	वरुणा उसके विवाह के चित्र दिखा रही है ।	वरुणा उसके विवाह के चित्र दिखाती है
6	आदि नाम का छात्र संस्कृत कार्यक्रम का संचालन करेगा।	आदि नाम का छात्र संस्कृत कार्यक्रम का संचालन करेगा।
2	अस्पष्ट शब्द करना	अस्पष्ट शब्द करना
11	भारतवर्ष का प्राणरूप है वेद धर्म ही है, धर्म ज्ञान ही शिक्षा का मूल है।	भारतवर्ष का प्राणरूप तन्नाम धर्म है, अथवा धर्म ज्ञान ही शिक्षा का मूल है।
3	इसके बाद क्या करेगा ?	पश्चात् क्या करोगे ?
32	उन्होंने कहा कि वह कई राज्यों में देखता है कि राज्य के युवा लोग होटेल में नौकर के रूप में काम करके हजार रुपये कमाते हैं, लेकिन जब उसकी घर के दरवाजे पर यह जीविका पहुंच जाएगी तब उसके बाहर जाने की भी आवश्यकता नहीं होगी।	उन्होंने कहा कि वह अक्सर बाहर के राज्यों में देखता है कि राज्य के युवा होटल में नौकर के रूप में काम करके हजार रुपये कमाते हैं, लेकिन जब उसके घर के दरवाजे पर यह जीविका मिलती है तब उसके बाहर जाने की भी आवश्यकता नहीं होगी।
6	अभियुक्त शिक्षक को ग्रहण करने के लिये पुलिस बल व्यस्त है।	अभियुक्त शिक्षक को लेने के लिए पुलिस बल व्यस्त है।
8	नहीं हीं वैसा मत करिये , अधिक मत खाईये।	ऐसा न करें और अधिक न खाएँ
10	जो अपेक्षारहित, शुद्ध, दक्ष, उदासीन, व्यथारहित और सर्वकर्मों का संन्यास करने वाला मेरा भक्त है, वह मुझे प्रिय है।।	जो निष्पक्ष, शुद्ध, निष्पक्ष और उदासीन है, जो सब कर्मों का त्याग करने वाला और मेरा भक्त है, वही मुझे प्रिय है।।
14	उन्होंने कहा कि इस तरह इस केंद्र के माध्यम से शिक्षक नई ऊर्जा और नई गतिविधियों से जुड़े रहेंगे।	उन्होंने कहा कि इस तरह से शिक्षक इस केंद्र के माध्यम से नई शक्ति और नई प्रक्रियाओं से जुड़े रहेंगे।
7	वैराणु की उपस्थिति अधिकतर इन्हीं मंडलियों में देखी जाती है।	इन जिलों में वायरस की उपस्थिति सबसे अधिक देखी गई है।
8	इस द्वंद्वी की पत्नी जीजाबाई कठोर थीं।	इसकी दूसरी पत्नी जीजा बायी कठोर थी।
12	उसके बाद दादाजी डर गए और बोले बेटा तुम्हारे तप से मैं संतुष्ट हूँ।	तब दादाजी डरते हुए बोले हे पुत्र! तुम्हारे तप से मैं सन्तुष्ट हूँ।
3	होली जल गई।	होली जली हुई
10	कैकेयी का यह भयंकर रोमाञ्चकारी कठोर वचन सुनकर महाराज दशरथ वज्राहत पर्वत के समान गिर पड़े ॥	इस प्रकार के भयानक वचन को सुनकर कैकेयी की कठोरता के कारण पृथ्वी पर महान् राजा वज्राचल के समान गिर पड़ा ॥
20	वार्नर एक दिवसीय रूप में ऑस्ट्रेलिया में छहवें सबसे ज्यादा रन पर हैं और ऑस्ट्रेलिया में भी दूसरा है-यह देश के लिए सर्वश्रेष्ठ 100 कोटर के निर्माताओं में है।	वार्नर एकदिवसीय के रूप में ऑस्ट्रेलिया के छह सर्वाधिक रन बनाने वालों में से एक है और ऑस्ट्रेलिया के लिए दूसरे सबसे अधिक शतक बनाने वाले हैं
5	उसके साथ आहुति बहन भी है।	उसके साथ आहुति बहन भी है
1	तू	तुम
4	हमारे वीर सैनिक राष्ट्ररक्षा करते हैं।	हमारे वीर सैनिक राष्ट्र रक्षा करते हैं।
10	इस प्रकारपातञ्जलयोगादर्शन के अनुसार, भागवतपुराण में भी नित्य की प्रतीति का वर्णन मिलता है।	इस प्रकार पतंजलयोग के दर्शन के अनुसार भागवतपुराण में भी अनित्ये नित्य प्रतीत का वर्णन मिलता है।
1	चमार	चमार
16	सत्य मेरी माता है, ज्ञान पिता है, धर्म भाई है, दया मित्र है, शान्ति स्त्री है और क्षमा पुत्र है, ये छः ही मेरे बान्धव है॥	सत्य माता है, पिता ज्ञान है, धर्म भ्राता है, दया सखी है, शान्ति पत्नी है, क्षमा पुत्र है, मेरे बन्धुजन छह हैं।
8	अतः''सिद्ध शब्द के अर्थ के सम्बन्ध में''इस प्रकार यह विग्रह उचित है।	इसलिये''सिद्ध शब्द अर्थ के सम्बन्ध में''यह विग्रह उचित है।
5	पूड़ा देओ और दाल लेओ ।	माल दे और माल ले।
5	गौरांग कैसे ज्ञानवान् होता है ?	गौरांग कैसे ज्ञानवान् होता है ?
3	कुछ देर से आने वाला है।	कुछ समय बाद आए ।
6	हिमाचल के उत्पाद भी लोगों को बहुत पसंद हैं।	हिमाचल के उत्पाद भी लोगों को बहुत पसंद हैं।
3	उचित परिवर्तन से रिक्त स्थान को पूरा करो	उचित बदलाव से रिक्त स्थानों को पूरा करो
7	इसके लिये सभी प्रक्रियाएँ चरणबद्ध रूप से सम्पन्न होती हैं।	इसके लिए सभी प्रक्रियाएँ चरणबद्ध रूप से पूरी की जाती हैं।
9	उनके कौशल के कारण ही तीन बार ओलम्पिक खेलों में हमने स्वर्णपदक प्राप्त किया।	उनके कौशल के कारण हमने तीन बार ओलंपिक खेलों में स्वर्ण पदक जीता है।
6	ओह , मैं भी कपडे धोना भूल गया	ओह मैं भी कपड़े धोना भूल गया ।
4	रामजीवन पोते को खेत ले जाता है।	रामजीवन पोते को खेत ले जाता है।
1	अचानक	अचानक
26	आकाश में किसी दूत का जाना संभव नहीं और वहां किसी से किसी प्रकार की बातचीत भी नहीं हो सकती, परंतु जिस श्रेष्ठ ब्राह्मण ने आकाश में सूर्य और चंद्रमा के ग्रहण की बात बताई है, उसे विद्वान क्यों न माना जाए।	स्वर्गदूत न तो आचरण करता है, न वार्तालाप करता है और न ही पहले कहा हुआ, न ही संगम करता है। जो ब्राह्मण आकाश में स्थित सूर्य की किरणों को बहुत विस्तार से जानता है, वह कैसे नहीं विद्वान हो सकता।
11	कार्यक्रम की शुरूआत निखिल शर्मा ने मंगलाचरण किया और कवितान्जरी के सरस्वती वंदना द्वारा की गई।	कार्यक्रम की शुरूआत निखिल शर्मा और कविता अखिलेश के सरस्वती वंदना ने की।
1	बेला	बहुत माली
1	ले जाया गया	ले गया
4	उसका लड़का स्कूल में पढ़ता है	उसका बेटा पाठशाला में पढ़ता है ।
6	पुलिस उसके स्थान को प्राप्त करके अन्वेषण कार्य कर रही है	पुलिस उसके स्थान पर पहुंचकर खोज का काम कर रही है
7	श्रमिकों में 16 भारतीय शामिल हैं।	कर्मचारियों में से 16 भारतीय भी शामिल हैं।
5	यह मुकुट किसने बनाया ?	इस सुकुट को किसने बनाया ?
5	दास्यामि जो यहाँ है वह तुझे मैं दूँगा।	जो यहाँ है, वह तुम्हें दूँगा।
1	उन लोगों ने	कितना
3	कार्यालय के पात्र धोता है।	कार्यालय के पात्रों को धोता है।
8	वाहन चलाने के समय अपना पालन करें और अत्यधिक विश्वास करें।	वाहन चलाते समय अपना पालन करें और अधिक विश्वास छोड़ दें।
18	इस सफ़ेदपत्र में उल्लिखित है कि जब चौदहोत्तर-दो हजार के दशक में प्रधानमंत्री नरेंद्र मोदी जी ने सरकार को सत्ता में तब देश की आर्थिक स्थिति विषम थी।	इस श्वेतपत्र में उल्लेख किया गया है कि जब चौदह वर्ष के बाद दो हजार के दशक में प्रधानमंत्री नरेंद्र मोदी जी सत्ता में आए तब देश की आर्थिक स्थिति विषम स्थिति में थी।
3	वह मुझसे पूछता है।	वह मुझसे पूछता है।
4	वृक्षों को पानी देती है।	वृक्षों को जल देता है।
8	राजीवः –हाँ , नगर में तो मैं पढ़ने के लिये रहता हूँ।	राजीव  हाँ नगर में तो मैं पढ़ने के लिये रहता हूँ।
1	वेदान्त में निपुण ।	ब्रह्मचिन्तन करने वाली
3	झूला बाग़ में है।	झूला झुंड में है।
3	वो महिला बोली	वह महिला बोली
8	भारत नेज़ल एंटीवायरल दवा वितरित करने वाला पहला देश है।	भारत ने नाक द्वारा दी जाने वाली कोविड-19 एंटीवायरल दवा को पहली बार मंजूरी दे दी है।
8	जिलाधिकारीओं और संकुल के उत्कृष्ट विद्यालयों के निर्माण के लिए प्रारंभिक रिपोर्ट जारी करने के लिए कहा गया है।	जिला अधिकारियों को परिसर और उत्कृष्ट विद्यालय के निर्माण के लिए प्रारंभिक रिपोर्ट लिखने के लिए कहा गया था।
1	ये दोनों	ये दो
11	जो स्थानों पर बाहर त्यक्त हैं, उन त्यक्त लोगों को लाभान्वित होना चाहिये।	जो स्थान बाहर है, उनमें से जिन लोगों को छोड़ दिया गया है, वे लाभान्वित हों।
11	मोरक्को ने शक्तिशाली यूरोपीय देश पुर्तगाल को गोलरहित ड्रा से हराकर क्वार्टर फाइनल में प्रवेश किया।	अफ्रीका ने सबसे शक्तिशाली यूरोपीय देश पुर्तगाल को बिना उत्तर के एक गोल से हराकर क्वार्टर दौर में प्रवेश किया।
17	हालाँकि, इजरायली देश समुद्र की लावणिक जल को डिसेलिनेशन के रूप में अत्याधुनिक है-जल-वैज्ञानिकी सुविधा के द्वारा पेयजल में बदलने से अपनी आवश्यकता पूरी कर लेता है।	लेकिन इजराइल देश समुद्री लावणिक जल को डिसेलिनेशन के रूप में अपना अत्याधुनिक है-जल- संशोधन तकनीक से पेयजल में बदलकर अपनी आवश्यकता को पूरा कर रहा है।
9	नीरज -नमस्ते , नमो नमः । कैसे हो तुम ?	नीरज - हैलो नमो नमः कैसे हो ?
3	पिताजी को परसों लौट जाएँगे।	पिताजी को परसों लौट जाएँगे।
1	पानी के प्रवाहों से।	पानी के बहाव से
6	इसके लिए 10 करोड़ रुपये का खर्च होगा।	इसमे 10 करोड़ रुपये का खर्च होगा।
15	एक संस्कृत विद्वान जो भारत के संस्कृत क्षेत्र में विशेषज्ञ हैं और केरल के संस्कृत अध्ययन और शिक्षण बोर्ड में बैठते हैं, कवि, बच्चों के लेखक और लेखक दो मुत्तलपुर मोहनदास का कल ऑस्ट्रेलिया में निधन हो गया।	संस्कृत विद्वान, कवि और बाल-साहित्यकार डॉ. मुट्टलपुरम मोहनदास का कल ऑस्ट्रेलिया में निधन हो गया।
7	संस्कृत सम्वाद नहीं होता है तो सुख अनुभव नहीं करता हूँ।	संस्कृत सम्वाद नहीं होता है तो सुख अनुभव नहीं करता हूँ।
12	उन्होंने कहा कि भाजपा नेता को अवश्य मरना चाहिये कि क्रिप्टो के तार अन्यत्र नहीं मिल सकते।	उन्होंने कहा कि भाजपा को अवश्य ही मरना चाहिए कि क्रिप्टो मुद्रा के तार अन्यत्र नहीं मिलते हैं।
18	इसीलिए प्रदूषण को नियंत्रित करने का केवल सरकार का दायित्व नहीं है, हमें भी उसमें भाग लेने के द्वारा पर्यावरण को स्वच्छ और रोग से मुक्त किया जा सकता है।	इसलिए प्रदूषण को नियंत्रित करना केवल सरकार का दायित्व नहीं है, हमें भी इसमें भाग लेकर पर्यावरण को स्वच्छ करके रोग से मुक्त रहना चाहिए।
20	मुख्य अतिथि ने अपने व्याख्यान में कहा कि संस्कृत भारती वर्तमान समय में आभारी है केवल नहीं बल्कि विश्व के अनेक देशों में संस्कृत सम्भाषण विशेषज्ञों का अनुष्ठान भी करती है।	मुख्य अतिथि ने अपने व्याख्यान में कहा कि संस्कृत भारती आजकल न केवल धन्यवाद करती है अपितु विश्व के अनेक देशों में संस्कृत संभाषण यज्ञ का अनुष्ठान करती है। यह एक बड़ी शैक्षणिक कार्य है।
5	दीपावली के लिये भी वस्तुएँ खरीद रहे हैं	दिवाली पर्व के लिये वस्तुएँ खरीदते हैं।
1	नाखून	नाखून
4	पेड़ के नीचे बच्चे को बिठा देती है।	बच्चे को पेड़ के नीचे बिठाता है।
6	अब भारत के जनसांख्यिकी लाभांश का लाभ अपेक्षित है।	अब भारत के जनसांख्यिकीय अंश का लाभ अपेक्षित है।
4	एक साथ सभी संस्कृत पढ़ेंगे ।	एक साथ सभी संस्कृत पढ़ेंगे ।
1	निर्णय करने वाली ।	निर्णय करने वाली
6	अब मैं भी अपनाकाम स्वयं ही करूँगा ।”	अभी मैं भी अपने काम अपने आप करना चाहता हूँ।
3	मैं सहारनपुर से बोल रहा हूँ।	मैं सहारनपुर से बोल रहा हूँ।
17	राज्य सरकार के प्रयासों के कारण आज सरकार की ई-वाहनों की संख्या तब तक बढ़ी है, राज्य में पंजीकृत निजी स्कूलों की संख्या बढ़ गई है।	राज्य सरकार के प्रयासों के कारण आज सरकार के ई-वाहनों की संख्या जब तक बढ़ी है, राज्य में पंजीकृत निजी बिजली वाले वाहनों की गिनती इसी प्रकार हो गई है।
1	सर्वव्यापी भगवान् ब्रह्मा ने।	समृद्ध
10	रूपक की कथावस्तु के बीज से युक्त मुख आदि सन्धियों में यत्र-तत्र फैले हुए आरम्भ आदि अर्थों का एक प्रधान प्रयोजन के लिए एक साथ संग्रह करना या समेटा जाना ही निर्वहण सन्धि है।	जिस प्रकार बीज बोते हैं, उसी प्रकार मुख वाले पदार्थों को उखाड़ फेंकता है, वहीं 'निर्वहन करना ही उचित है।'
8	यह समिति आगामी महीने अर्थात् दिसंबर में अपना रिपोर्ट देती है।	यह समिति आगामी महीने अर्थात् दिसंबर में अपनी रिपोर्ट भेजती है।
4	जैसे बछड़ा माता के पास जा पहुंचता है वैसे ही सुख और दुःख अपने कर्ता के पास जा पहुंचते हैं।	बछड़े माँ की तरह सुख-दुःख सहने आते हैं
9	यह सम्भव है। कहाँ से? 'अन्तपारं किल शब्दशास्त्रम्' ऐसा कहा गया है।	यह तंत्र सम्भव है। कहाँ से? 'अन्तपारं किल शब्दशास्त्र' कहा गया है।
7	सुहावने दृश्य को देखकर मन शान्त हो गया ।	सुन्दर दृश्य देखकर मन शान्त हो गया।
1	पानी	जल
3	कौन कहता है?	ऐसा कौन बोलता है?
7	भारत-ईरान में खाद्य और पेय आदि के लिए जलपोतों का आश्रय-स्थानकमाल केक्ष्य में दीर्घकालिक सहयोग-स्थापन के लिए एक व्यापक परिभाषण है।	भारत-इरान और चीन के बीच लंबा सहयोग-स्थानक के बारे में व्यापक चर्चा की गई।
8	दौलतसिंह के जीवन में उनकी माता का प्रभाव प्रत्यक्ष था।	दौलतसिंह के जीवन में उनकी माँ का प्रभाव प्रत्यक्ष था।
9	कैलाश – बहन ! मैंने तुम्हारा चित्र नहीं लिया।	बहन ! मैंने तुम्हारा चित्र नहीं लिया।
7	यह बीमारी औषधि, वनस्पतियों और संपत्तियों में स्थित होने के कारण भी हो सकती है।	फार्मास्युटिकल वनस्पति और संपत्ति की स्थिरता के लिए यह खतरा हो सकता है।
10	जो अपेक्षारहित, शुद्ध, दक्ष, उदासीन, व्यथारहित और सर्वकर्मों का संन्यास करने वाला मेरा भक्त है, वह मुझे प्रिय है।।	जो निष्पक्ष, शुद्ध, निष्पक्ष और उदासीन है, जो सब कर्मों का त्याग करने वाला और मेरा भक्त है, वही मुझे प्रिय है।।
8	दूरदर्शन अभिनेत्री-श्वेता तिवारी शीघ्र ही"पुलीस फोर्स"इसे वेब की श्रृंखला में देखा जा रहा है।	दूरदर्शन नायिका-श्वेता तिवारी शीघ्र ही पुलिस फोर्स की नेटवर्क में दिखाई पड़ती है।
1	खेलना	खेलना
1	घोड़े	घोडों से
7	जया - मैं शाम को अभ्यास करती हूँ	मैं शाम को अभ्यास करती हूँ ।
5	नीच मनुष्य दुष्कर्म करवाने के बाद वह कार्य करनेवाले को अपमानित करता है।	नीच पुरुष कठोर कार्य करके अपने कर्ता को अपमानित करता है।
3	उसी समय चिकित्सालय गया।	उसी समय अस्पताल गया।
23	भारत के हवाई अड्डे के प्राधिकरण ने भारत के हवाई अड्डों के निर्माण के लिए चारों उड्डों के निर्माण के लिए हिमाचल सरकार को निर्देश दिया है कि वह हवाई अड्डों के निर्माण और संचालन से संबंधित कार्य शीघ्र ही पूर्ण करें।	अब भारत के हवाई अड्डे के प्राधिकरण ने इन चार उद्घोषित हवाई अड्डों के निर्माण के लिए हिमाचल सरकार को निर्देश दिया है कि वह जल्दी से उद्गोषक स्टेशनों का निर्माण और संचालन करें।
1	देने योग्य	देने योग्य
12	बाद में सबके घरों में जो सेवक , सेविकाएँ काम करती हैं उनको कम्बल बाँटे।	बाद में सबके घरों में जो सेवक , सेविकाएँ काम करती हैं उनको कम्बल बाँट दिया गया।
6	धन्यवाद पिताजी कल पैसा ले जाऊँगा ।	धन्यवाद पिताजी ! कल धन ले जाऊँगा
6	उनकी माँ का नाम कमलासिंघवी है।	उसकी माँ का नाम कमलासिंघवी है
3	इस बीच तीन मुख्यमंत्री हैं	इस बीच तीन मुख्यमंत्री
7	चलचित्र के निर्देशक अनिल शर्मा भी शिमला आएँगे।	चलचित्र के निर्देशक अनिल शर्मा भी शिमला आएँगे।
3	अतः ध्वनि ही बोलनी चाहिए।	अतः ध्वनि ही शब्द है।
6	बीमार के गिलास से पानी नहीं पीना चाहिये।	बीमार के गिलास से पानी नहीं पीना चाहिये।
4	उपभोक्त सेवातार भी माँगा जाता है।	ग्राहकों से सेवा तार भी मांगा जाता है।
4	वहां कौन पढ़ रहा है।	वहां कौन पढ़ता है?
19	इस निर्णय का उद्देश्य लंबे समय से खाली भवन का उचित उपयोग सुनिश्चित करना और सार्वजनिक खर्च को कम करना है।	इस निर्णय का उद्देश्य लंबे समय से खाली स्थित भवन का उचित उपयोग सुनिश्चित करना और सार्वजनिक खर्च को कम करना है।
3	बिल में हजार से अधिक चींटियाँ रहती हैं	बिल में हजार से अधिक चींटियाँ रहती हैं
7	रोहितशेट्टी की यह फिल्म अगले साल प्रदर्शित करेगी।	रोहितशेट्टी की यह फ़िल्म अगले वर्ष प्रदर्शित होगी।
25	हॉकिंग के पिता अफ्रीक देश में काम करने वाले शेष परिवार मेजोर्का- कवि रोबर्ट ग्रेव्स ने शहर में चार महीने तक अपनी माँ, मित्र और बेरिल के साथ समय बिताया।-इत्य के घर में ही समय बिताया।	हॉकिंग के पिता अफ्रीका में कार्य करते हुए शेष परिवार मेजोर्का में चार महीने तक उनके माता के मित्र बेरिल और उनके पति कवि रॉबर्ट ग्रेव्स के घर में ही समय बिताया।
3	रावण को मारा ।	रावण को मारा ।
20	हे राजन् ! पुत्रपौत्रवान् रावण तुम्हारे लिए भार नहीं है, सधनुष तुम केवल लोकों को ही जीत सकते हो इसमें कोई संदेह नहीं है।	हे राजन् ! पुत्र पौत्र वाला रावण तुम्हारे लिये भार नहीं है, इसमें कोई संदेह नहीं कि तुम तो तीनों लोकों को भी जीत सकते हो।
7	आप लोग विदेशियों की तरह वेष धारण किये हुए हैं।	आपने विदेशी की तरह वेश धारण किया है।
1	मन बुद्धि आदि	मन ।
7	(कान देकर) सखि, जैसे किसी अतिथि ने पुकारा है।	(कान देकर ) सखी, अतिथि के समान निवेदन किया।
2	वह उतरता है।	वह उतरता है।
16	अब इन आँखों से और कुछ देखना चाहता हूँ।"तो हे प्रभो! फिर से मेरी दृष्टि नष्ट हो जाए।"	इन दोनों आँखों से अब और कुछ नहीं देखना चाहता हूँ।" इसलिए हे प्रभो ! फिर से मेरी दृष्टि नष्ट हो जाए।"
11	इसीलिए पूर्व नवंबर सोर्ड्स के मामले से जुड़े सुनवाई के बाद निर्णय सुरक्षित रखा गया था।	इसलिए, पिछले नवंबर सोलह तारीख को मामले से जुड़े याचिका में सुनवाई के बाद निर्णय सुरक्षित था।
5	वह मुझे ही क्यों देख रहा है ।	वह मुझे ही क्यों देखता है?
8	रास्ते में कोई उतरना चाहे तो वाहन रोकता था।	रास्ते में कोई उतरना चाहता था तब वाहन रोक देता था।
10	मुख्यमंत्री ने मंजूरी दी कि ढगवार द्वारा चलाए गए दूध प्रक्रिया संयंत्र का निविदा खर्च सरकार से उसके कोष से वहता है।	मुख्यमंत्री ने मंजूरी दी कि ढगवार स्वाइत्त दूध प्रसंस्करण संयन्त्र की निंदा का खर्च सरकार उसकी जेब से ले रही है।
4	फिर भी वो कार्यरत थे।	फिर भी वह कार्यरत थे।
6	तुम घर क्यों नहीं जाते हो ?	तुम घर क्यों नहीं जा रहे हो ?
7	समग्र भारत में संस्कृत भाषा में ही शिक्षा दी जाती थी।	पहले भारत में संस्कृत में ही शिक्षा दी जाती थी।
1	सब के	सबका
18	केंद्रीय शिक्षा मंत्री धर्मेन्द्र ने राज्यों के मुख्यमंत्रियों और राज्यपालों से केन्द्र द्वारा शासित प्रदेशों के उप राज्यपालों को पत्रादि के माध्यम से''परीक्षा-प-चर्चा''इस कार्यक्रम में भाग लेने की मांग की गई.	केंद्रीय शिक्षा मंत्री धर्मेन्द्र मोदी ने राज्यों के मुख्यमंत्रीों, राज्यपालों और केंद्र शासित प्रदेशों के उपराज्यपालों को पत्र के माध्यम से''परीक्षा-पे- चर्चा''इस कार्यक्रम में भाग लेने के लिए आग्रह किया।
8	चारो तरफ से ऋषियों के आश्रमों से सुशोभित, ब्रह्मर्षियों और देवर्षियों से सेवित वह आश्रम साक्षात् दूसरे ब्रह्मलोक के समान प्रतीत हो रहा था ॥	ऋषियों व विरशीगण द्वारा सेवित इस मुनि मन्दिर को साक्षात् ब्रह्मलोक ही अलङ्कृत कर दिया गया है ॥
6	ऋचा – मैं अस्पताल में नर्स हूँ।	ऋचा  मैं अस्पताल में नर्स हूँ।
4	मैं जल्दी स्वस्थ हो जाऊँगा	मैं शीघ्र ही स्वस्थ हो जाऊँगा।
4	आप कितने भाई है?	कितने भाई हो ?
6	रास्ते में उसकी शर्ट पर भी बाल आ जाते हैं।	रास्ते में उसकी शर्ट पर बाल आ जाते हैं।
3	मै वाराणसी जाऊंगा।	मैं वाराणसी जाऊँगा।
19	श्रीगोयल ने कहा, जिस राष्ट्र के आत्मनिर्भरता के निर्माण के प्रयासों की प्रशंसा करते हुए, व्यक्त किया है कि चौदह से अधिक दो हजार साल की अपेक्षा अब तक खिलौने आ रहे हैं-एक सौ बिगाड़ियाँ हुई हैं.	राष्ट्र को आत्मनिर्भर बनाने के प्रयासों की प्रशंसा करते हुए श्रीगोयल ने कहा कि चौदह से अधिक-दो हजारवें वर्ष की अपेक्षा अब तक खिलाड़ियों के आयात में पचास प्रतिशत गिरावट आई है।
4	कार्यक्रम सुबह ग्यारह बजे शुरू होगा।	कार्यक्रम सुबह ग्यारह बजे शुरू होगा।
22	उन्होंने कहा कि अभी अमृतसर से कुल्लू तक के प्रत्यक्ष विमान शुरू किए गए हैं और ऐसे भारत से विदेशों के लिए यात्रियों को इस हवाई अड्डे के विस्तार का लाभ उठाना पड़ा है।	उन्होंने कहा कि अब अमृतसर से कुल्लू तक सीधी उड़ानें शुरू हो गई हैं और ऐसे में भारत से विदेशों के यात्री इस हवाई अड्डे के विस्तार से लाभ उठा सकते हैं।
24	फिर भी उनके कथन के अनुसार ऋषियों का सम्प्रदाय पालित होता है और उनका धर्म होता है ऐसा मानकर याज्ञिकाएँ उनके कथन के विषय में पढ़ती हैं उसी प्रकार पृथ्वी पर भी धर्म के लिए इन शब्दों का कथन करती हैं।	फिर भी याज्ञिक उनके बारे में पढ़ते हैं कि उनके अन्वेषण से ऋषियों का सम्प्रदाय पाला जाता है और उनसे धर्म होता है। वैसे ही हमारे शास्त्र में भी धर्म के अर्थ में इन शब्दों का अन्वख्यान किया जाता है।
6	A.C. बस मुझे आरक्षण नहीं मिला ।	मुझे A.C. बस में आरक्षण नहीं मिला
7	भीमसेन के द्वारा दुर्योधन के आठ भाई मारे गए	भीमसेन ने दुर्योधन के आठ भाइयों को भयंकर युद्ध में मार दिया।
8	योगका सेवन करनेसे जिस अवस्थामें निरुध्द चित्त उपराम हो जाता है तथा जिस अवस्थामें स्वयं अपने-आपमें अपने-आपको देखता हुआ अपने-आपमें सन्तुष्ट हो जाता है।।	जहाँ चित्त को सुप्रीम योग से नियन्त्रित किया जाता है और जहाँ आत्मा द्वारा आत्मा को देखा जाता है, वहीं आत्मा से सन्तुष्ट होता है।
12	जयपुर पाताल पुष्प प्रदर्शनी जयपुर में यात्रियों के बीच बहुत लोकप्रिय है। यह प्रदर्शनी हर साल फरवरी में आयोजित की जाती है।	जयपुर की गुलाब प्रदर्शनी संचारियों को बहुत प्रिय होती है। प्रदर्शनी हर साल फरवरी में आयोजित की जाती है।
18	हालाँकि, 2013 में तत्कालीन सरकार ने राज्य के माध्यमिक विद्यालयों में छात्रों की कम संख्या और अधिशेष प्रक्रिया के तहत 2,600 एलटी का हवाला दिया था।-कैडर का पद ख़त्म कर दिया गया.	लेकिन 2013 में, तत्कालीन सरकार ने राज्य के माध्यमिक विद्यालयों में छात्रों की कम संख्या को उद्धृत करने के लिए अतिरिक्त प्रक्रिया के तहत 2,600 एलटी-वर्ग का पद समाप्त कर दिया।
5	अतः वह वेतन नहीं पा रहा है।	इसलिये वह वेतन नहीं पाता है
9	हम कहते हैं कि लक्ष्य ने आज तक किसी भी दूरदर्शन प्रदर्शन में काम किया है।	लक्ष्य ने आज तक किसी भी दूरदर्शन प्रदर्शन में काम किया है ऐसा कहते हैं।
6	स्वचालित परीक्षा केंद्र की स्थापना के लिए भी आवेदन आमंत्रित किए गए हैं।	स्वचालित परीक्षा केंद्र की स्थापना के लिए भी आवेदन आमंत्रित किए गए हैं।
3	किशोर घर में नहीं  हीं है।	किशोर घर में नहीं है।
16	यह सुनकर वह दोनों दुःख से व्याकुल होकर, अपने पुत्र के लिये बहुत शोक और विलाप करते हुये पृथ्वीपर गिर पड़े। वे बोले"जहाँ हमारा पुत्र है, वहाँ हमें ले चलो" ॥	यह सुनकर श्रीरामचन्द्रजी अत्यन्त विलाप करते हुए दुःख पूर्वक रोने लगे। उन्होंने उस नौका पर जिस-जहाँ वे पैदल उतर पड़े थे, वहाँ उन्हें ले जाने की प्रतीक्षा की ॥
6	वह मेज़ लेकर यहीं आता है।	वह मंच लेकर यहाँ ही आता है ।
17	घड़ा ही जिसका जन्मस्थान है, हरिण ही परिजन हैं, वल्कल ही वस्त्र है, वनमें निवास है और कन्दमूल आदि ही भोजन है, ऐसे गुणवाले अगस्त्यजीने यदि समुद्रको अपने कर कमलोंके सम्पुटमें रख लिया तो यह सत्य है कि महात्माओंकी कार्यसिद्धि उनकी शक्तिमें रहती है, साधनोंमें नहीं	घड़ा, मृग का जन्मस्थान, भेड़ का परिवार, भूमि का निवास, वन में रहना, कन्दादिक शयन करना, विध्वंस करना, अगस्त्य का मार्ग जो सब कर्मों के निमित्त होता है, वह करभोज कुहरे में क्रियाओं की सिद्धि सत्त्वगुणता महान पुरुषों के न करने में होती है
6	सुधा - हाँ मैं अशुद्ध बोली ।	सुधा -हाँ मैंने अशुद्ध कहा।
20	इस कार्यक्रम में वैज्ञानिकों के बारे में वाक्पटुता के प्रतियोग, विविध विज्ञान चित्रकला के प्रतियोग, विज्ञान नाटक, अभिनय, विज्ञान प्रश्नोत्तरी जैसे कार्यक्रम आयोजित किए गए जिनमें छात्रों को प्रोत्साहित करने के रूप में प्रमाण पत्र एवं पुरस्कार प्रदान किए गए।	इस कार्यक्रम में वैज्ञानिकों के बारे में वाक्पटुता प्रतियोगिता, विभिन्न विज्ञान फिल्म प्रतियोगिताएँ, विज्ञान नाटक, अभिनय, विज्ञान प्रश्नोत्तरी आदि कार्यक्रम आयोजित किए गए, जिनमें छात्रों को प्रोत्साहन के रूप में प्रमाण पत्र और पुरस्कार प्रदान किए गए।
8	राजीवः –हाँ , नगर में तो मैं पढ़ने के लिये रहता हूँ।	राजीव  हाँ नगर में तो मैं पढ़ने के लिये रहता हूँ।
4	किसान फसल की रक्षा के लिये प्रार्थना करते हैं।	किसान फसल की रक्षा के लिए प्रार्थना कर रहे हैं।
9	अनुराग ठाकुर, इस निर्णय के लिए प्रधानमंत्री नरेंद्र मोदी, केंद्रीय रेल मंत्री अश्विनी वेष्णव ने आभार व्यक्त किया।	अनुराग ठाकुर ने इस निर्णय के लिए प्रधानमंत्री नरेंद्र मोदी, केंद्रीय रेल मंत्री अश्विनी वैष्णव ने आभार व्यक्त किया।
1	पास।	पास में
10	कैकेयी को वरदान देकर सत्यसन्ध मेरे पिता ने भरत को राज्य और मुझे अत्युत्तम दण्कारण्य दिया है ॥	मेरे परम पिता ने कैकेयी को वरदान देकर भरत को राज्य दिया है ॥
5	घर आकर मेरी माँ को मारते हैं।	घर आकर मेरी माँ को मारते हैं।
6	(क्षेत्र-क्षेत्रज्ञ के विषय में) ऋषियों द्वारा विभिन्न और विविध छन्दों में बहुत प्रकार से गाया गया है, तथा सम्यक् प्रकार से निश्चित किये हुये युक्तियुक्त ब्रह्मसूत्र के पदों द्वारा (अर्थात् ब्रह्म के सूचक शब्दों द्वारा) भी (वैसे ही कहा गया है)।।	ऋषियों ने प्रायः गान को अनेक प्रकार के स्तोत्रों और ब्रह्मसूत्रों के पदों से पृथक् किया था। इसके पीछे अनेक कारण निर्धारित किये थे।
4	बालक गुड़िया को देखकर हँसता है।	बालक गुड़िया को देखकर हँसता है।
5	पृथ्वी पर जल, अन्न और सुवचन ये तीन ही रत्न हैं,	पृथ्वी पर तीन रत्न जल और अन्न के समान सुभाषित हैं।
4	कितने बजे आएँगे ?	कितने बजे आएँगे ?
6	इस संबंध में भारत केरिजर्व बैंक की अनुमति ली गई है।	इसके लिए भारत के रिजर्व बैंक की अनुमति ली गई है
7	भीम आदि पांडववीर अन्दर नहीं जा सके।	भीम आदि पाण्डवों ने अन्दर नहीं जा सका।
6	वह 5 मार्च को पटना आ रहा है	वह 5 मार्च को पटना आएगा।
1	बटुआ	थैला
3	वह बोला	वह बोला
3	गुणजी भाई बकरी पालक है।	गुणजी भाई बकरी पालक है।
4	वह जोर से बोली ।	वह जोर से बोली
6	मेरी प्यास शान्त हो गई है।	शान्ता मेरी प्यास अब भूख लगी है
1	पेड़ को	वृक्ष को
10	क्योंकि देहधारी पुरुष के द्वारा अशेष कर्मों का त्याग संभव नहीं है, इसलिए जो कर्मफल त्यागी है, वही पुरुष त्यागी कहा जाता है।।	क्योंकि देहधारियों को कर्म के अन्त में न रहने देना ही असम्भव है, इस प्रकार जो पुरुष कर्मफल का त्याग करता है, वह त्यागी कहा जाता है।।
6	तब ही एक छात्रा वहाँ से गुजरती है	तब एक छात्रा वहाँ से निकलती है।
6	वह प्रतिदिन यज्ञ करती थी	वह प्रतिदिन यज्ञ करती थीं
3	वह नहीं सोता है	वह नहीं सो रहा है।
10	पृथ्वी पर समय-समय पर आदर्श पुरुष होते हैं, यह तो कुछ लोक परंपराओं में ही बात है।	यह तो कुछ लोक परंपरा है कि समय-समय पर आदर्श पुरुष पृथ्वी पर प्रकट होते हैं।
10	उसी समय कुटलहरी विधानसभा क्षेत्र को 10 करोड़ रुपये का दान दिया गया है।	उसी समय कुटलहर विधानसभा क्षेत्र को 10 करोड़ रुपये का भुगतान किया गया है।
4	वो मिशीगन में रहते हैं	वह मिशिगन में रहता है
5	वे छात्र संस्कृत पढ़ते हैं	वे छात्र संस्कृत पढ़ते हैं
12	श्री गुरुजी, फूलों से युक्त एक वृक्ष के समान हैं, जिनसे सारे (नरवररूपी) वन में सुगन्धि फैल रही है, और छात्र उस सुगन्धि को सूँघ रहे हैं और उससे आनन्दित हो रहे हैं, वाकई शास्त्रों का हर्ष महान् है।	श्रीगुरुजी एक पुष्पवृक्ष हैं और एक सुगन्धित स्क्लैब में छात्र इनका सूंघते हैं और शास्त्रोंसे अत्यन्त खुश होते हैं ॥
7	शाम को आतेतेते ही आकाश लाल हो गया।	शाम को आ रहा है आकाश लाल हो गया है
6	जब बैठक होती है तब युवतियाँ आते हैं।	जब बैठक होती है तब युवक आते हैं।
9	उन्होंने कहा कि अयोध्या धाम्नि श्रीरामलला की प्राणों की उन्नति का बीजरूप है।	उन्होंने कहा कि अयोध्या धाम में श्रीरामलला की प्राणप्रतिष्ठा बहुत है।
4	आज आनंद करेंगे।	आज आनंद करेंगे।
16	राजीव गांधी स्टार्टअप योजना के तहत सौर ऊर्जा परियोजनाओं की स्थापना भी मछली पालन के लिए वित्तीय सहायता प्रदान की जाएगी।	राजीव गांधी स्टार्टअप योजना के तहत सौर ऊर्जा परियोजनाओं की स्थापना के लिए भी मछली पालन के लिए वित्तीय सहायता प्रदान की जाएगी।
6	सूत्रसञ्चालन त्रिम्बक केदार, श्रीराज शेलार ने किया।	सूत्रसञ्चालन त्रिम्बक केदार और श्रीराज शेलार ने किया।
2	बहुत मोटा होने से इसकी नाभि गहरी है।	मोटे भाषण की भारिता नहीं।
7	मैं तुझे जो आज्ञा करता हूँ, उसे जल्दी करो।	हाँ, मैं तुम्हें आज्ञा देता हूँ वह कार्य शीघ्र करो
6	उस बच्ची को सभी कैसे खुश करते हैं ?	सब उस बच्ची को कैसे पालते हैं ?
3	हम सबको क्या करना चाहिए?	हमें क्या करना चाहिए?
4	मेरे घर में शान्ति चाहती हूँ।	मेरे घर में शान्ति चाहता हूँ।
13	भीष्म के शरशय्या विषय को सुनकर कान भीष्म के प्रति सब प्रकार से व्याकुल हो गया और दादीजी के सम्मुख आ गया।	भीम की शरणागत के बारे में सुनकर कर्ण भीम के प्रति सारे वैरभाव को भूलकर दादाजी के सामने आ गया।
1	कहिए	कहो
18	दोपहर में बजे जब मुख्यमंत्री सुखविंदर सिंह सुक्खू ने जल के लिए केंद्र सरकार को आक्षेप दिया तो विपक्ष गुस्सा हो गया और सदन में शोर शुरू हो गया।	दोपहर बजे बाद जब मुख्यमंत्री सुखविंदर सिंह सुक्ख ने जल के बारे में केंद्र सरकार पर आक्षेप किया तब विपक्ष क्रोधित हो गया और सदन में शोर शुरू हो गया।
1	धोती	धोती
5	बेटा रास्ते में मत चलाओ	पुत्र , मार्ग में मत चलाओ
1	लिखना	लिखने का काम
4	वह रंगमंच की व्यवस्था देखता है।	वह रंगमंच की व्यवस्था देखता है।
6	धन्यवाद पिताजी कल पैसा ले जाऊँगा ।	धन्यवाद पिताजी ! कल धन ले जाऊँगा
14	पुत्र प्रदायक चरुं को लेने की इच्छा से सुमित्रा जी उस स्थल पर आयीं। इसपर प्रसन्नतापूर्वक कौसल्या जी अपने भाग में से आधा पायस सुमित्रा को दे दिया ॥	तदनन्तर सुमित्रा ने अपने पौत्र को पकड़ लिया और कौसल्या ने अपने हिस्से के लिए उसे मोती सौंप दिए ॥
6	वस्त्र से पवित्र किया जल पीना चाहिये और मन से शुद्ध जाना हुआ काम करना चाहिये।	बार-बार शुद्ध जल पीने से मन शुद्ध व्यवहार करे।
4	राधा के द्वारा काव्य लिखा जाता है।	राधा कविता लिख रही है।
10	शौनक ने ठण्ड से दाँतो की बीणा बजा रहे सूत से कहा महर्ष | यह बहुत ही विषम काल आ गया है।	हे महर्षि! इस समय तो सूत शौनक (सूताजी) को ठंडे बंध से दन्तवी (गर्भाशय) निकालकर गड़गर्द करने का कठिन है।
8	''करेक्टर''-दक्षिण वेल्स देश के एक सदस्य ने दुर्गाती गुरुल्ला युद्ध में रोमन सेना का उत्पीड़न किया।	''करैक्टर'-उन्होंने दक्षिण वेल्स देश के एक किले से गुरील्ला युद्ध में रोमन सेना का उत्पीड़न किया।
4	विद्यालय में लड़के और लड़कियाँ है।	विद्यालय में लड़के और बच्चियाँ हैं।
17	साथ ही शस्त्रधारण करने की अनुमति नहीं, ट्रैक्टर-ट्रैली बस, ट्रक, अश्व, व्यावसायिक वाहन और व्यक्तिगत वाहन प्रतिबन्ध हैं।	और हथियार लेने की अनुमति नहीं है ट्रैक्टर, बस, ट्रक, घोड़ा, वाणिज्यिक वाहन और व्यक्तिगत वाहन प्रतिबंध हैं
6	वह प्रतिदिन यज्ञ करती थी	वह प्रतिदिन यज्ञ करती थीं
10	इसलिये आपके चरण कमलों में मेरी सदा भक्ति रहे, क्योंकि संसार रोग से ग्रसित रोगियों के लिये एकमात्र औषधि आपकी भक्ति ही है ॥	अतः आपके चरण कमलों में भक्ति ही मेरी सदा वासना रहे। संसार में मदमस्त लोगों की औषधि आपकी ही भक्ति है ॥
6	टांडा चिकित्सा महाविद्यालय में पहली बार ऐसी चिकित्सा शुरू हुई है।	टांडा चिकित्सा कॉलेज में पहली बार ऐसी चिकित्सा शुरू हुई है।
7	मदनलाल धींगरा ने जब आंग्ल अधिकारी कर्जन की हत्या कर दी तब	मदनलालधींगरा ने जब आंग्ल अधिकारी कर्जन की हत्या कर दी तब
6	सम्भव हो तो बाजार से सेव लाईयेगा।	हो सके तो दूकान से सेव लाएँ।
6	उन्होंने कहा कि देश के शहरों के द्वारा भारत जीता जा रहा है.	उन्होंने कहा कि देश के निवासियों द्वारा भारत को नया अवतरण देखा जा रहा है।
6	धीरे धीरे लैंडर की गति धीमी की गई।	लैंडर की गति धीमी हो गई।
1	मल	पुरुषार्थ
6	धूप में मत घूमो नहीं तो बीमार पड़ जाओगे।	धूप में मत घूमो नहीं तो बीमार पड़ जाओगे।
17	तुम्हारे विरह में मैंने जो प्रतिज्ञा की, मैंने उस प्रतिज्ञा को प्राप्त न करके दिन भरी परिश्रम से समुद्र में यात्रा करने के लिए बांधा था।	तुम्हारे विरह में मैंने जो प्रतिज्ञा की, उसे मैंने प्राप्त किया, मैंने बिना थके दिन-रात मेहनत के समुद्र पर पुल बाँधकर प्रतिज्ञा पूरी कर दी।
6	और बाण धारण किए हो। तो भी मेरे रहते सीता को लेकर नहीं जा सकोगे।	तुम चापलूसी के बिना मेरे पास नहीं आओगे।
8	प्रजापति (सृष्टिकर्त्ता) ने (सृष्टि के) आदि में यज्ञ सहित प्रजा का निर्माण कर कहा इस यज्ञ द्वारा तुम वृद्धि को प्राप्त हो और यह यज्ञ तुम्हारे लिये इच्छित कामनाओं को पूर्ण करने वाला (इष्टकामधुक्) होवे।।	सहयज्ञ ने सृष्टि के पश्चात् प्रजापति से कहा- हे अस्त्विष्ट ! इस आगमधेनु के द्वारा तुम्हें प्रकाशित किया जाएगा।।
10	हे नाथ हे लक्ष्मीपते! हे दुःखदलन व्रजराज ! हे जनार्दन ! इस कौरवोंकी सभारूपी समुद्रमें डूबती हुई मुझको बचाओ ! ॥	हे स्वामी ! हे रमानाथ व्रजनाथार्तिनाशन ! कौरव और मग्नेश्वरों के स्वामी ! आप लोगों का उद्धार कीजिये ॥
17	मुख्यमंत्री सुखविंदर सिंह सुक्खू, मुख्यमंत्री संजय अवस्थी ने आश्वासन दिया कि इस समस्या पर विचारशीलता शीघ्र ही हो जाएगी।	मुख्यमंत्री सुखविंदर सिंह सुक्खू और मुख्यसदनीय सचिव संजय अवस्थी ने आश्वासन दिया कि इस समस्या पर विचार विमर्श शीघ्र ही होगा।
11	आप मन्त्री और राजाओं के साथ अत्यनत शोभा पूर्वक क्यों नहीं आये ? सीताजी के यह प्रश्न पूछने पर श्रीरामचन्द्र जी मुसकराकर बोले ॥	क्या तुम सामन्त राजा के साथ भ्रमित हुए हो? यह पूछने पर श्रीरामचन्द्रजी मुस्कुराते हुए बोले ॥
4	दंड लेकर धन की रसीद देते हैं।	दंड लेकर धन की रसीद देता है।
4	देवस्थान के चारों ओर वन है।	देवस्थान के चारों ओर वन है।
8	गुजरात राज्य के मुख्यमंत्री श्री विजय रूपाणी ने सम्मेलन का उद्घाटन किया।	गुजरात के मुख्यमंत्री श्री विजय रूपाणी ने सम्मेलन का उद्घाटन किया।
6	इससे पहले ही यमुनाचार्य का महाप्रयाण हुआ।	इससे पहले यमुनाचार्य की बड़ी यात्रा हुई थी।
22	कार्यक्रम में विशिष्ट अतिथि के रूप में उपस्थित श्री राकेश शर्मा ने कहा कि गीता के व्याख्यानों का अनुकरण किया जाना चाहिए, मुख्य अतिथि के रूप में उपस्थित डॉ प्रभाकर जोशी ने वैश्विकता गीता के उपयोग के बारे में प्रकाश डाला।	कार्यक्रम में विशेष अतिथि के रूप में उपस्थित श्री राकेश शर्मा ने कहा कि गीता में उल्लिखित वक्तव्य का अनुकरण किया जाना चाहिए, मुख्य अतिथि रूप से उपस्थित डॉ. प्रभाकर जोशी ने विश्व स्तर पर गीता के उपयोग के बारे में प्रकाश डाला।
1	पीटेगा	पीटेगा
17	बांग्लादेश के प्रधानमंत्री शेखहसीना बांग्लादेशी मुद्रया''टका''उन्होंने भारतीय मुद्रा में सौ रुपये के साथ व्यापार बढ़ाने की आवश्यकता पर बल दिया।	बांग्लादेश की प्रधानमंत्री शेख हसीना ने बाङ्ग्लादेशी मुद्रा 'टका' के साथ भारतीय मुद्रा और रुपये में वाणिज्यिक विकास की आवश्यकता पर बल दिया।
20	जिस व्यक्ति के दोष क्षीण हो गये हो और रक्त मे वायु की प्रधानता हो, उसके लिये पान, अभ्यग और अनुवासन मे स्नेह क्रिया का उपयोग करना चाहिये । वह रोगी स्नेहसाध्य है और जिस रक्त मे पित्त की प्रधानता हो तथा ग्रीष्म काल मे रक्त स्रवित होता है, उसके लिये स्तम्भन चिकित्सा करनी चाहिये, इस रक्त का रोकना ही उत्तम है । परन्तु स्तम्भन क्रिया मे यह देख लेना चाहिये कि इस रक्त मे वायु और कफ का ससर्ग न हो । यदि कफ का अनुवल हो तो उपेक्षा अथवा लघन करना चाहिये ||	क्योंकि दही के चूर्ण में रक्त और वातोल्बण की क्षीणता हो जाती है, इसलिये दही का चूर्ण स्नेहपूर्वक पीना चाहिये और अनार के पानी से उपवास करना चाहिये। इस चूर्ण को गरम पानी के साथ पिलाना चाहिये इससे रक्त पिलाया जा सकता है और दही गर्म होने पर गर्मी का समय लग जाता है। यदि दही पीला ठंडा हो जाए, इसको एक तरफ से खट्टा कर देना चाहिये, फिर अनार आदि से पीला कर अनार, अनार और एक ओर से घी आदि से स्राव निकालना चाहिये ॥
5	मैंने इस बाघ के प्राण बचाए,	मैंने इस शेर के प्राणों की रक्षा की
1	भुजा	हाथ
7	पैत्तिक-ग्रहणी - कटु, अजीर्ण, विदाही, अम्ल तथा क्षार आदि के सेवन बढा हुआ पित्त अभि को आञ्जावित करके उसी प्रकार नष्ट कर देता है, जैसे गरम पानी अनि को शान्त कर देता है। पित्त प्रकोपक वस्तुओं से पित्त मे उणमा और द्रबाश दोनो बढते है । द्रवाश के कारण जनि पुझ जाती है ।	कद्दू के जीर्ण अम्ल से पितृ-मुल्बण की वृद्धि होती है और गरम जल से शीतल वायु भी अमला को बढ़ाता है।
17	और मन ही मन कहने लगे अहो इस संमार में श्रीरघुनाथजी को छोड़कर स्मरण करने से कामनाओं को पूर्ण करनेवाला दुसरा कौन दयालु है ? मै अनन्यभाव से उनका नित्य स्मरण करता थी, इसलिए मेरे स्मरण को जान कर वह स्वयं मेरे पास चले आये ॥	हे रघुनायक ! इस जगत् में मुझे नित्य आनन्यभाजाओं का स्मरण करने से और ज्ञान प्राप्त करने से दयालु और स्मृति स्वयं मुझे प्राप्त होती है॥
2	यह अ्च्छे नेत्रवाला है।	यह विशाल भय है।
6	ग्यारह अन्य अप्रत्यक्ष लोगों का ध्यान भटकता है।	दूसरों के ग्यारह अप्रत्यक्ष लोगों के लिए शोध अनुसरण करता है।
10	उसी प्रकार वह षष्ठ हिंसक है, जो इस मांस को खाने के लिए परोसता है।	वैसा ही वह छठा हिंसक है, जो मांस खाने के लिए परोसता है।
9	गणना से पता चलता है कि दुनिया भर में 55 मिलियन लोग मनोभ्रंश से पीड़ित हैं।	गणनाओं से संकेत मिलता है कि दुनिया भर में डेढ़ करोड़ लोग डिमेंशिया से पीड़ित हैं।
12	इन सभी फ़िल्मों में सनी का नया फ़िल्म बॉर्डर लंबे समय से चर्चा की जा रही है।	इन सभी फिल्मों में सनी की नई फिल्म बॉर्डर लंबे समय से चर्चा की जा रही है।
4	मंच की शोभा प्रान्तप्रचार प्रमुख सतेन्द्र कुमार ने की।	मंच का संचालन प्रांत के प्रचार प्रमुख सतेन्द्र कुमार ने किया।
9	यह सभा पर्यावरण परिवर्तन से जुड़े जटिल विश्वचुनावों का निवारण करने के लिए भारत और अन्य देशों के साथ सहयोगात्मक प्रयासों को दर्शाती है।	यह बैठक भारत और अन्य देशों के जटिल वैश्विक समस्याओं से बचने के लिए किए गए सहयोगात्मक प्रयासों को दर्शाता है।
5	फिर जमींदारों का साम्राज्य छिन्न-भिन्न हो गया।	इसके बाद धराओं का राज्य फट गया।
7	स्वामीनारायणसंस्थान के प्रमुख स्वामीगणों ने मंदिर का निर्माण कराया है।	स्वामीनारायण संस्थान के प्रमुख स्वामी महाराज ने मंदिर का निर्माण करवाया है।
25	दस साल पहले''संस्कृत के संवर्द्धन के लिए कोई भी मार्गसूची''-ऐसा दस साल की दृष्टिगोचर योजना की जो 10 फरवरी, 2016 में केंद्र सरकार द्वारा रचित लेखक समिति में सदस्य बन गया और कार्य में लग गई, शास्त्री।	दस साल पहले''संस्कृत के विकास के लिए कोई मार्गसूची'-शास्त्री ने दस साल की दृष्टिकोण योजना का घोषणापत्र, जो केंद्र सरकार द्वारा 2016 में रचित था, के लेखक समिति का सदस्य बनकर कार्य किया।
9	उपाध्यक्ष पद के चुनाव की प्रस्तावना कल संसदीय कार्यों मंत्री हर्षवर्धन चौहान ने प्रस्तुत की।	उपाध्यक्ष पद के चुनाव का प्रस्ताव कल संसदीय कार्यों के मंत्री हर्षवर्धन चौहान ने प्रस्तुत किया।
3	घड़ा कैसे भरता है?	घड़ा कैसे भरता है?
6	तब दशग्रीव ने यह सोचकर बाढ को कहा ।	वहाँ से दशग्रीव ने ठीक ऐसा कहा।
9	ओह , आप रात में संस्कृत में ही सपना देखते हैं	ओह , आप रात को संस्कृत में ही सपना देखते हैं
15	पूरी रात चलने वाला यह उत्सव 18 फरवरी को शाम 6 बजे से अगले दिन शाम 6 बजे तक सद्गुरु की उपस्थिति में जारी रहेगा।	पूरे रात को चल रहा यह उत्सव 18 फरवरी को शाम 6 बजे से अगले दिन शाम 8 बजे तक सज्जनों की उपस्थिति में आयोजित किया जाएगा।
5	प्रायः वह प्रतिदिन आता है।	प्रायः प्रतिदिन वह आता है।
4	पढ़ने वाले बालक जाते हैं ।	पढ़ने वाले बालक जाते हैं।
7	आज तो उसके घर मांगलिक काज हो रहा है।	आज तो उसके घर में खाना पकाने का काम हो रहा है।
3	अर्जुन को उपदेश करते हुए वह बोला	अर्जुन को उपदेश देकर वह बोला
8	पश्चिम से लेकर पश्चिम तक जो साहित्य का अध्ययन किया गया है, वह कला रूप है।	पश्चिमी पद्धति के अनुसार जो शोध कहा जाता है वह कला रूप है।
3	देव के द्वारा अन्न दिया गया	देव ने अन्न दिया
15	कम से कम कार्यों के मंत्री स्मृति ईरानी ने नई दिल्ली में हजमार्ग दर्शकों का खुलासा किया, हज सुविधा और मोबाईल एप का भी शुभारंभ किया।	अल्पसंख्यक कार्यों मंत्री स्मृति ईरानी ने नई दिल्ली में हज मार्गदर्शिकाएं प्रकाशित की हैं, हज सुविधा के साथ-साथ मोबाइल एप का भी प्रारम्भ किया गया है।
5	COVID-19 के प्रसार के कारण, भड़काने वालों को दान की जाने वाली धनराशि कम कर दी गई है।	COVID-19 के प्रसार के लिए स्टार्ट-अप को दान देने का चयन किया गया है
20	इसके अलावा इन लोगों के लिए हिमकेयर भी है-पत्रों को रद्द करने के आदेश भी दिए गए हैं, जिससे इन लोगों के लिए जल्दी से पोस्टिंग कर सकें।	इसके अलावा इन लोगों को हिमस्खलन करना है-पत्रों को रद्द करने के आदेश भी दिये गए हैं, जिससे इन लोगों के लिए जल्दी से आयुष्मान पत्र बनाये जा सकें।
6	महिलाओं को शाम को क्या करना है यह देख रही है।	यह देखती है कि महिलाओं को शाम को क्या करना चाहिए।
4	पहले मेरा काम पूरा करिये	पहले मेरा काम पूरा करिये।
1	हे युवको!	जवान
3	माता पिता और गुरुजनों का सम्मान करना उचित है।	माता-पिता और गुरुजनों का सम्मान करना चाहिए।
5	भगवान् श्रीकृष्ण में समस्तनिष्ठों की पूर्णता है।	भगवान श्रीकृष्ण में सभी निष्ठों की पूर्णता है।
3	स्नानागार में ही गाते हो	स्नानगृह में ही गाते हो।
11	इस सभा का आयोजन विश्व संवाद केंद्र द्वारा बिलासपुर में दिसंबर को किया जा रहा है।	इस सभा का आयोजन विश्व संवाद केन्द्र हिमाचल द्वारा बिलासपुर में दिसंबर को किया जाता है।
4	तुम सबके द्वारा दान दिया जाय ।	तुम सब के द्वारा दान दिया जाए।
9	रघुनाथपुर विश्व हिंदू परिषद के प्रांत अध्यक्ष लेखराजा को निमंत्रण देने के लिए कुल्लू में रघुनाथपुर पहुंचे।	रघुनाथपुर विश्व हिंदू परिषद के प्रांतीय अध्यक्ष लेखराज कुमार ने निमंत्रण देने के लिए कुल्लू रघुनापुर पहुंचे।
7	समग्र भारत में संस्कृत भाषा में ही शिक्षा दी जाती थी।	पहले भारत में संस्कृत में ही शिक्षा दी जाती थी।
7	चित्रांग बोला शिकारी के डर से मैं आप की शरण में आया हूँ।	चित्रांग बोलता है-मैं लुब्ध होकर तुम्हारे पास आया हूँ।
4	धर्मों ने कहाँ पर विकास प्राप्त किया है?	धर्मों का विकास कहाँ हुआ?
3	थोड़ी देर बाद	कुछ समय बाद
6	तुम मेरी बात नहीं सुनती हो।	तुम मेरी बात नहीं सुन रहे हो
30	अधिक से अधिक जानकारी देकर धौलकुआं क्षेत्रीय उद्यान अनुसंधान- प्रशिक्षण केंद्र के सह- निदेशक डॉ. विशाल राणा ने कहा कि जब वह एक्सपोजर-वह घूमने के लिए ऑस्ट्रेलिया पहुंचे थे और वहाँ उन्होंने उत्पादन देखा, फिर एनबीपीजीआर ने आयात- लाइसेंस प्राप्त किया।	अधिक जानकारी देकर धौलाकुआं के क्षेत्रीय उद्यान अनुसंधान- प्रशिक्षण केंद्र के सह- निदेशक डॉ. विशाल राणा ने कहा कि जब वे एक्सपोजर के लिए ऑस्ट्रेलिया गए थे तब वहाँ उन्होंने उत्पादन देखा और एनबीपीजीआर से आयात-अनुमोदन प्राप्त किया।
10	जनजागरण संस्थान धर्मशाला अब हिमाचल प्रदेश के केंद्रीय विश्वविद्यालय के धर्मशाला के विषय में विवादास्पद हो गया है।	जनजागरणसंस्था धर्मशाला अब हिमाचल प्रदेश के केंद्रीय विश्वविद्यालय की धर्मशाला के बारे में चिल्ला रही है।
10	हालांकि तिथि निर्धारित नहीं है फिर भी फरवरी-माह की तारीख से आगे बढ़ाया गया है.	जबकि तिथि निर्धारित नहीं है फिर भी फरवरी-माह की तारीख से अधिक विस्तारित है।
7	जो हमेशा सत्कार्य करता है वह आर्य	जो हमेशा सत्कार्य करता है वह आर्य है
9	कबन्ध बोला यदि आप राम हैं और स्वयं आप मेरे पास आये हैं तो मैं धन्य हैं। पूर्व समय में में रूप और योवन के मद से उन्मत्त एक गन्धर्वराज था ॥	हे राम ! यदि आप मेरे पास आये तो मैं धन्य हो गया । प्राचीन काल में मैं गन्धर्वराज था और रूपयों से सुशोभित था ॥
8	तुम भी वैसा नहीं लिखते जैसा विष्णुशर्मा लिखता है।	तुम भी वैसा नहीं लिखते हो जैसा विष्णुशर्मा लिखता है ।
10	अभिमानी और उन्मत्त जिस वाणी को बोलता है वह राक्षसी वाणी है।	जिसको मद्य पीनेवाला उद्विग्न हो जाता है, वही राक्षसी बोलती है।
7	ऋषियों के आश्रम में जाकर लोग उपासना करते थे।	ऋषियों के आश्रम जाकर लोग उपासना करते थे।
11	जिस प्रकार मांस आकाश में पक्षियों से, पृथ्वी पर हिंसक जन्तुओं ( कुत्ता सिंह इत्यादि) से और जल में मछलियों से खाया जाता है, उसी प्रकार धनवान् सब जगह खाया (लूटा ) जाता है |	जिस प्रकार सर्प आकाश में पक्षियों और नदियों के द्वारा इकट्ठे किये जाते हैं उसी प्रकार नदियाँ पृथ्वी पर सब स्थानों से धनवान् होती हैं।
1	दरख़्त	पेड़
2	चुनना	चिह्न करना
9	केरल की मछली-महासागर अनुसंधान विश्वविद्यालय के वैज्ञानिक इसके''होराग्लानिस पोपुली''वैज्ञानिक नाम दिया गया है।	केरल मछली पकड़ने-समुद्र अनुसंधान विश्वविद्यालय के वैज्ञानिकों ने इसे वैज्ञानिक नाम दिया'''होराग्लानिस पोपुली''
6	हम सभी पर्वतों पर चढ़ नहीं पाएँगे।	हम सभी पर्वत नहीं चढ़ पाएँगे।
5	दीवान ने गोपाल को राजा के सामने झुका दिया।	दीवान ने गोपाल को राजा के सामने खड़ा किया।
4	वे माँगते हुए जाते हैं।	वे सब भिक्षुक जाते हैं।
1	दुनिया	मनुष्य
13	उन्होंने भी कहा कि पिछले दशक भारत और अफ़्रीका के बीच सहयोग को बढ़ाने के लिए एक अभियान के रूप में काम किया था।	उन्होंने यह भी कहा कि पिछले दशक भारत ने अफ़्रीका के साथ सहयोग को बढ़ाने के लिए अभियान चलाया है।
11	शिक्षा के क्षेत्र- प्राचीन भारतीय इतिहास में समाज के विभिन्न स्तरों के महिलाएँ शिक्षा के क्षेत्र में हिस्सा ले रही थीं।	शिक्षा का क्षेत्र-प्राचीन भारतीय इतिहास में समाज के विभिन्न स्तरों की महिलाओं ने शिक्षा के क्षेत्र में भाग लिया था।
7	एटली की अग्रिम फिल्म में वरुणवन मुख्यभूमि पर दिखाई देता है।	एटली की अगली फिल्म में वरुणधाम मुख्यभूमि पर दिखाई देता है।
7	धर्मगुरु ने जानुसमस्या के कारण अयोध्या नहीं जाया।	धर्मगुरु जानुसमस्या के कारण अयोध्या नहीं जा सके।
1	निवारण कर।	मना कर दिया
10	कल दोनों की शिक्षिका ने आपके दोनों बेटे अध्ययन में रुचि नहीं दिखाते।	कल उन दोनों की शिक्षिकाएँ आपके दोनों पुत्रों को पढ़ने में रुचि नहीं दिखाती हैं।
6	गोह, लोपक ( शृगाल भेद ), बिल्ली, श्वावित्, ऊट, गाय, कछुआ और शल्लकी इनके मास-रसों को भी शाक की भाति दही और अनार रस में सिद्ध करके घी और तेल मे भून कर धनिया और सोठ मिला कर देना चाहिये ||	गोह्ना, घोड़ा, लोट, लोपाक, मार्ज, राष्ट्र, गाय तथा कछुआ इनके चूर्ण को यत्नपूर्वक हरण कर सकते हैं।
15	जिसमें विद्या और भक्ति नहीं, ऐसे पुत्रके होनेसे क्या लाभ है? कानी आँखके रहनेसे क्या लाभ? उससे तो केवल नेत्रकी पीड़ा ही होती है	जो न तो विद्वान् है और न ही भक्तिमान् है, उसके जन्म से क्या लाभ है ? कानी आँख से कोई लाभ नहीं, वह तो केवल कष्ट ही है ।
5	अस्सी हजारमूल्य की वस्तुएँ प्रदर्शनी में लाए हैं।	प्रदर्शनी में अस्सी हजार मूल्य की वस्तुएँ लायी गई हैं।
1	आग	चावल
5	वह बच्चा उसका भांजा है ।	वह बालक इसका भांजीपुत्र है।
9	रूपाली आगे बोली कि वह पृथ्वी की नाट्यगृह में नाटक कर रहा था।	रूपाली आगे बोली कि वह पृथ्वीनाट्यगृह में नाटक कर रहा था।
3	मन्दिर में नगाड़ा ज़ोर से ध्वनि कर रहा है।	मंदिर में ऊँचा ऊँचा आवाज करता है।
8	जब हम हँसते हैं तब हमारे दाँत ही दिखते हैं।	जब हम हँसते हैं तब हमारे दाँत ही दिखते हैं
8	पराग - नहीं , तेज मत चलो ।	पराग - नहीं , तेज मत चलिए ।
2	उसकी लेखनी	उसकी कलम
1	अन्धा ।	अंधा
1	रक्षक	सेवक
4	सुनार सोने से आभूषण बनाता है।	सुनार सोने से गहने बनाता है।
9	हिमाचल प्रदेश के बारे में वादी पर्वतीय राज्य में इस कार्यक्रम के बारे में बहुत उत्साह है।	हिमाचल के बारे में बतलाते हुए पर्वतीय राज्य में इस कार्यक्रम के विषय में बहुत उत्साह है।
12	अनेक अन्यधिकारों के लिए उन्होंने हमें बताया जैसे जीवन का अधिकार, स्वतन्त्रता का अधिकार, शिक्षा का अधिकार और समानता का अधिकार।	बहुत अधिक अधिकारों से उन्होंने हम लोगों को समझाया कि- जीवन का अधिकार, स्वतन्त्रता का हक, शिक्षा का अधिकार और समानता का अधिकार।
3	मैं खाऊँ ?	मैं खाऊँ ?
15	इसके द्वारा घर से उत्पादन विक्रय के अलावा किसान एचपीएमसी द्वारा बेची जाने वाली उपकरणों और अन्य सामग्रीओं का ऑनलाइन आरक्षण कर सकते हैं।	इससे घर से उत्पाद बेचने के अलावा किसान एचपीएमसी के माध्यम से बेचे गए उपकरणों और अन्य सामग्री का ऑनलाइन आरक्षण कर सकते हैं।
9	नीरज -नमस्ते , नमो नमः । कैसे हो तुम ?	नीरज - हैलो नमो नमः कैसे हो ?
11	न चोरों के द्वारा चुराने योग्य है और न राजा के द्वारा छीनने योग्य है, न भाइयों के द्वारा बाँटने योग्य है और न भार (बोझ) बढ़ाने वाली है।	चुराई नहीं लेना, राजा को चुराना, भाई के वश में कर लेना और बोझ उठाना कदापि नहीं चाहिये।
11	केवल यशस्वी जायसवालविराट कोहली और संजु सैमसन शिवम दुब रनों को ही जीता गया।	यशस्वी जैनसवालविराट कोहली और संजु सैमसन शिवम दुब ने रन बनाए।
1	जागना	जागने के लिए
4	दुर्जनों को कलह करना अच्छा लगता है।	दुर्जन लोगों को कलह अच्छा लगता है ।
10	वे लोग गुरुजन,  ताऊ,  चाचा,  पुत्र,  पितामह,   श्वसुर,  पोते,  श्यालक तथा अन्य सम्बन्धी हैं।	शिक्षक, पिता, पुत्र, उसी प्रकार दादा-माता, अच्छे पोते, अच्छे सौतेले और अच्छे रिश्तेदार भी उसी प्रकार हैं।
5	गुरुनानक जी का जन्म तलवंडी नगर में हुआ।	गुरुनानक जी का जन्म तलवंडी में हुआ था।
4	वह काट नहीं सकती है।	वह काट नहीं सकती है।
5	कौन सी गाड़ी  जयनगर जाती है ?	कितनी गाड़ी जय शहर जाती है ?
10	राम के द्वारा ही मुक्त किया गया, शीघ्रता से डरी हुई उस स्त्री के साथ गली में घुसकर सीता को प्राप्त हुई।	राम से ही मुक्त होकर डरे हुए विभीषण ने स्त्रीगणों के बीच में सीता को बुलाया।
13	देवराज के सारथी हैं तुम्हारा काम यह है कि मैं भी युद्ध की इच्छा से सावधान होकर तुम्हें याद कर दूँ कि मैं तो नहीं सिखाती हूँ।	तुम देवराज की सारथी हो और मैं युयुत्सुरेकाग्र हूँ, इसलिए तुम्हें याद करता हूँ, परन्तु शिक्षा नहीं देता।
16	पश्चिमी विक्षोभ के कार्यकलाप के कारण हिमाचल प्रदेश में रविवार और सोमवार को पीतस्चेतना में वर्षा और बर्फ लगातार हो रही थी।	पश्चिमी विनाश के कारण हिमाचल प्रदेश में रविवार रात और सोमवार को पीतस्चेतन के बीच वर्षा और बर्फबारी लगातार हो रही थी।
7	विधानसभा की बजट सभा के लिए पुलिस प्रशासन ने यातायात योजना की है।	विधानसभा के बजट सत्र के लिए पुलिस प्रशासन ने यातायात योजना की है।
6	अतिअहिंसावाद के कारण लोग कायर बन रहे थे।	अतिअहिंसावाद के कारण लोग कायर हो रहे थे।
23	में अपने ही कर्म से मर रहा हूँ, आप मुझे न मारें, आपका कल्याण हो। में जटायु नामक गृध हूँ। मैंने आपकी भार्या सीता का हरण करके ले जाते हुए रावण का पीछा किया और उसका रथ, धनुष तोड़ दिया और घोड़े मार दिए; परन्तु उसने मुझे घायल कर दिया जिससे में घायल होकर यहाँ पड़ा हूँ। हे जगन्नाथ! आप मेरी ओर देखिये, में अब अपने प्राणों को छोड़ना चाहता हूँ। यह सुनकर श्रीरघुनाथजी ! उनके पास जाकर उसे कण्ठगतप्राण और अति दीन अवस्था में पड़े देखा। तत्पश्चात् वह आँखों में आँसू भरकर उस पर हाथ फेरते हुए बोले ॥	हे जगन्नाथ ! अपने अच्छे कर्मों से मरते हुए मेरा मन मारा करो। मैं जटायु में अपनी भार्या का हरण करने वाली समनुद्रित हो गया हूँ, मेरे प्राणों को छोड़ दूंगा। मेरी तरफ देखो। यह सुनकर श्रीरघुनाथजी ने दीन कण्ठ को प्रणाम कर कहा।
12	राज्य के अध्यक्ष ने कहा कि पिछले वर्ष चंडीगढ़-बद्दी-रेखावेट में 750 करोड़ रुपये का प्रावधान किया गया था।	राज्य के अध्यक्ष ने कहा कि पिछले वर्ष चंडीगढ़-बद्दी-रेलवे के लिए 400 करोड़ रुपये का प्रावधान किया गया था।
7	उनका परवर्ती जीवन अधिकतर राजनीतिक कार्यक्रमों में बिताया गया।	उनका परवर्ती जीवन अधिकतर राजनीतिक कार्यक्रमों में व्यतीत हुआ।
8	इस अवसर पर आचार्य तुलसीदास परौहा जी, विश्वविद्यालय के रीवा परिसर विशेष रूप से उपस्थित थे।	इस अवसर पर आचार्यतुलसीदास परौहा विश्वविद्यालय के रीवापरिसर प्रभार विशेष रूप से उपस्थित थे।
5	सर्प (कुटिलपुरुष) मार्ग में टेढ़ा-मेढ़ा चलता है।	साँप मार्ग से सरकता है।
10	उन्होंने लगभग सात सौ फिल्मों में अभिनय किया और सर्वश्रेष्ठ अभिनेता का राज्य पुरस्कार जीता।	उन्होंने लगभग सात फिल्मों में अपना अभिनय प्रदर्शन किया और राज्य पुरस्कार जीता।
9	जो व्यक्ति प्रसन्नता पूर्वक अहर्निश अध्यात्मरामायण का गान करता है उसकी आज्ञा के लिये इन्द्रादि देवगण प्रतीक्षा करते हैं ॥	जो श्री महादेवजी अध्यात्मरामायण का महान् गान करते हैं, वे इन्द्रप्रगम के देवता उनकी आज्ञा का पालन करने के लिये प्रतीक्षा कर रहे हैं ॥
10	चयन समिति नामों को लघूसूची करके एक पटल बनाएगी और शीर्ष नेता को मंजूरी देगा।	चयन समिति नामों को छोटा करके एक मंडल बनाएगी और उन्हें शीर्ष नेता के लिए मंजूरी के लिए भेजेगी।
17	क्योंकि इन स्वास्थ्य संस्थानों में हजारों रोगी उपचार के लिए आते हैं, यदि चिकित्सकों की प्रार्थनाएं पूरी नहीं होती हैं तो भविष्य में समस्याएँ पैदा होती हैं।	क्योंकि इन स्वास्थ्य संस्थानों में हजारों रोगी चिकित्सा के लिए आते हैं, यदि डॉक्टरों की माँगें पूरी नहीं की जाती हैं तो भविष्य में समस्याएं पैदा होंगी।
9	महानिरीक्षक प्रज्ञता (आईजी इंटेलिजेंस) संतोष पिलायाल अधिकारी परिषद के अध्यक्ष नियुक्त हैं।	महानिरीक्षक प्रज्ञता (आईजी इंटेलिजेंस) संतोषपाल अधिकारी परिषद के अध्यक्ष नियुक्त हैं।
7	अंजुमन इंतिज़ामिया मस्जिद-समिति ने कहा कि ज्ञान स्टीमर-मस्जिद-वक्फ-संपत्ति मौजूद है.	अंजुमन इंतजामिया मस्जिद-समिति ने कहा कि ज्ञानवापी-मस्जिद्-वक्त-वह फ-सम्पत्ति है।
4	अब करतारपुर पाकिस्तान में है।	अभी करतारपुर पाकिस्तान में है।
17	भारत सरकार के आय विभाग के माध्यम से 80जी भी छात्रों और सार्वजनिक जनता के लिए उपलब्ध है-संस्कृत में विद्यमान-ज्ञानसागर छात्र अवश्य मिलते हैं-मिलना चाहिए.	भारत सरकार के राजस्व विभाग द्वारा संस्था द्वारा भी 80जी प्राप्त किया गया है छात्रों और जनता के लिए-संस्कृत में विद्यमान-ज्ञान सागर छात्र अवश्य-मग्न हो सकते हैं।
5	इसलिए सदाचार की रक्षा प्राणों से भी बढ़कर करनी चाहिए।	इसलिए विशेषकर प्राणों से भी अधिक सदाचार की रक्षा करनी चाहिए।
8	जिसकी प्रारम्भिक सत्र संस्कृतप्रार्थना है, संस्कृत भाषा में वार्ता आदि पढ़ते हैं।	जिसके प्रारम्भिक सत्र में संस्कृतप्रार्थना, संस्कृत भाषा में वार्ता इत्यादि पढ़ते हैं।
5	पत्नी –ये कूड़ा नहीं है।	ये कूड़ा नहीं है।
5	तीसरी मंजिल में खाद्य व्यंजन मिल रहे थे।	तीसरी मंजिल में खाद्य पदार्थ मिल रहे थे।
4	लिखकर अभ्यास करो ।	लिखकर अभ्यास करो ।
3	यह अत्यन्त जल्दी लिखता हैं।	भयभीत जल्दी लिखती है
11	अखिलेश खान की फिल्म लाल सिंह चड्डा 2022 में प्रदर्शित की गई।	अखिलेश खान की फिल्म लाल सिंह चड्डा 2022 में प्रदर्शित की गई।
2	मैं पढ़ता हूँ |	मैं पढ़ता हूँ।
1	शान्त करना	समान रूप से प्रयोग होने पर
9	महानिरीक्षक प्रज्ञता (आईजी इंटेलिजेंस) संतोष पिलायाल अधिकारी परिषद के अध्यक्ष नियुक्त हैं।	महानिरीक्षक प्रज्ञता (आईजी इंटेलिजेंस) संतोषपाल अधिकारी परिषद के अध्यक्ष नियुक्त हैं।
10	इस समय पश्चिमी विकार के सक्रिय होने के कारण वर्षा, बर्फबारी शुरू हुई।	इस समय पश्चिमी विकार के सक्रियण के कारण वर्षा और बर्फबारी शुरू हुई।
5	हाईड्रोजन प्रदूषण से रहित स्वच्छ ईंधन माना जाता है।	हाईड्रोजन प्रदूषण से मुक्त स्वच्छ ईंधन माना जाता है।
4	सास बहू को पाकविद्या सिखा रही है ।	सास पुत्र को पाकशास्त्र पढ़ाती है।
6	तुम्हारे घर किसका वृक्ष है ?	तुम्हारे घर किसका पेड़ है ?
5	घोड़े को देखकर उसे क्या याद आती है?	घोड़े को देखकर वह क्या याद करता है?
10	दल के सूत्रों से कहा गया है कि इस सप्ताह आवेदन की तारीख निर्धारित होगी.	दल के सूत्रों ने कहा कि आवेदन की तारीख इस सप्ताह निर्धारित होगी।
8	उसी दिन चन्द्रयान ने चंद्र पृष्ठ पर एक सफल उतरान किया।	उसी दिन चंद्रयान ने सफल लैंडिंग की।
5	मैंने भी खड़े होकर वीरों को श्रद्धाञ्जलि दी।	मैंने भी खड़े होकर वीरों को श्रद्धाञ्जलि दी।
7	राष्ट्रपति मुर्मू ने गणतंत्र दिवस के पूर्व संध्या पर राष्ट्र को संबोधित किया।	राष्ट्रपति मुर्मू ने गणतंत्र दिवस की पूर्व संध्या पर राष्ट्र को संबोधित किया।
6	ये महोदय बहुत कर्मठ थे ।	ये महोदय बहुत मेहनती थे।
3	कौए ने लड़के के हाथ से रोटी लेली।	बायस ने बाल हाथ की थैली बुनवाई।
5	मेरे पुत्र ने रास्ते में उसे देख लिया।	मेरे पुत्र ने मार्ग में उसे देखा।
6	प्रकाश करो नहीं तो वह बालक डरेगा।	प्रकाश करो नहीं तो वह बालक डरेगा।
10	इष्टगन्ध आदि से युक्त प्रिय और हितकर अन्न शरीर मे पृथक् २ गन्ध आदि गुण घ्राण आदि इन्द्रियों को पृथक् २ तर्पण करता है । अर्थात् स्वादु और हितकर अन्न के पार्थिव आदि भाग अपने अपने गुणों से अपनी अपनी इन्द्रियो का तर्पण करते हैं ॥	अन्न, मिठास, पकाये हुए पदार्थों से, गन्ध आदि से तथा प्राण आदि से पृथक् होकर शरीर को प्रसन्न करता है।
6	शुंग वंश के पुष्य मित्र का काल सबसे पहले दूसरा शतक है।	शुङ वंश के पुष्यमित्र का काल: ई. से दो सौ वर्ष पहले।
8	कुछ समय बाद ही पांचों झुग्गी गांवों में आग लग गई।	कुछ ही समय में ही पाँचों झुग्गीवासियों में आग से अराजकता हो गई।
4	वह वहाँ कल जाएगा।	वह वहाँ कल जाएगा।
6	रात में भोजनालयों में भी लोग भोजन करते हैं।	रात को रेस्टोरेंटों में भी लोग खाना खाते हैं।
4	जो एकबार देखने के लिए महत्वपूर्ण है।	जो एक बार देखना महत्वपूर्ण है।
12	प्रधानमंत्री मोदी आज वहाँ वैश्विक नेताओं के साथ द्वैपाक्षिकम् में परस्पर मंत्रण वार्ता भी करेंगे।	प्रधानमंत्री मोदी आज वहाँ वैश्विक नेताओं के साथ द्विपक्षीय बातचीत करेंगे।
4	मनुष्य की श्रेष्ठता चरित्र से होती है।	मनुष्य की श्रेष्ठता चरित्र से होती है।
6	श्रीफ्रांस भारतीय-वैश्विक परिषद में एक व्याख्यान भी देगा।	श्रीफ्रांस भारतीय-वैश्विक परिषद में एक व्याख्यान भी देगा।
9	उस मन्त्री ने प्रजाओं को 'पेट तथा अंगों की कथा सुनाकर उनकी अनुकूलता प्राप्त कर ली।	वह माता से प्रजाओं को उदरावयवों की कथा कहकर उनका अनुकूलता प्राप्त किया।
7	इटली के युवा टेनिस खिलाड़ी यानिक ने सीन के साथ इतिहास बनाया।	इटली के युवा टेनिस खिलाड़ी यानिक-सिनर ने इतिहास रचा।
6	इसलिए, स्थिरता विशेषज्ञों का मानना ​​है कि कोई अन्य तरंग व्यवहार्यता नहीं है।	इसलिए, विशेषज्ञों का मानना है कि लहरों की संभावना नहीं है।
5	उनका प्रेणादायक प्रवचन मैंने सुना था।	मैंने उनका प्रेरणादायक प्रवचन सुना।
25	क्योंकि ये शास्त्रों के अमृत से निर्धन ब्राह्मणों को सींचते हैं, इसलिए धरती की बात तो छोड़ो, स्वर्ग में भी ऐसे लोग प्राप्त नहीं होते, क्योंकि इस संसार में या स्वर्ग में भी, मनुष्य, देवता इत्यादि सब स्वार्थसमुत्सुक ही हैं, जो निष्काम भाव से सब कुछ, (विद्या आदि) दान कर दे, ऐसे धन्य पुरुष तो श्री बाबा जी ही हैं ।	श्रीबाबागुरुजी शास्त्रों की सिद्धि से छानते हैं, क्योंकि वे जिनका निर्वित्त ज्ञान है, वे मेरे मानने में दुर्लभ हैं, वे पृथ्वी और स्वर्ग में भी सभी का प्रयोजन सिद्ध करने वाले समसुको नहीं होते हैं या वे लोक में अथवा परलोक में निष्कामता से सम देते हैं। धन्य हैं।
1	देशी भाषा	देश की भाषा
9	शनिवार को बहुत से लोगों ने पूर्व मंत्री से परामर्श किया।	शनिवार को बड़ी संख्या में लोगों ने पूर्व मंत्री के घर जाकर उन्हें सलाह दी।
9	उन्होंने कहा कि राज्य सरकार ने कर्मचारियों से 4 फीसदी बड़ा भारी वेतन घोषित कर दिया है.	उन्होंने कहा कि राज्य सरकार ने कर्मचारियों को 4 फीसदी बड़ा वेतन दिया है।
8	हे रघुश्रेष्ठ ! यह संसार आपकी माया का विलास है और मैं आपका ही अंश हूँ । अतः अपने चरणारविन्द की भक्ति मुझे देकर भव संकट से रक्षा कीजिये ॥	हे रघुश्रेष्ठ! आपके द्वारा निर्मित संसार से मैं दसान्वित हो गया हूँ। अपनी भक्तिरूपी इच्छा से मुझे संसार संकट से बचाइये ॥
4	मध्याह्नोत्तर का काम दिन के प्रथम भाग में ही कर लेना चाहिए।	दोपहर से पहले ऐसा करना चाहिए।
9	नीरज -नमस्ते , नमो नमः । कैसे हो तुम ?	नीरज - हैलो नमो नमः कैसे हो ?
27	मंत्रिमण्डल ने जलशक्ति विभाग का कार्यानुष्ठान और लोगों की सुविधा हेतु जलशक्ति विभाग के डलहौजी से चंबा जिले के चुवरी के स्थान पर शिमला जिले के जलशक्ति विभाग कासुम्पटी, सुन्त्री, नृवा मतियाना और अन्य जिलों का पुनर्गठन करने का निर्णय लिया।	जलशक्ति विभाग की कार्यावस्था को सुव्यवस्थित करने और लोगों की सुविधा के लिए मंत्रिमण्डल ने जल शक्ति विभाग के डलहौजी से चम्बा जिले के चुवाड़ी स्थान परिवर्तन करके शिमला जिले की जलशक्ति डिवीजन की कसुम्पटी, सुन्त्री और नीरवा मटिआना में विभागों का पुनर्गठन करने का निर्णय किया।
9	रेलवे स्टेशन बस- टैक्सी- उद्देश्य है कि अटोरिक्शा स्टेशनों के साथ संबंध बनाए रखना है।	रेलवे स्टेशनों को बस-टेक्सी-यह ऑटोरिक्शा स्टेशनों से जोड़ने का उद्देश्य है।
12	मैं अपनी सखियों के साथ कल सुबह काशीविश्वनाथ मंदिर की ओर जाऊँगी, वहाँ हम गंगा स्नान और धार्मिक यात्रा करेंगी।	मैं अपनी बहनों के साथ कल सवेरे काशी विश्वविद्यालय के मंदिर जाऊँगा और वहाँ गङ्गास्नान और धर्मयात्रा करूँगा।
5	विद्यालय के प्रार्थना सत्र में वह संस्कृत गीत गाती है।	विद्यालय के प्रार्थना सत्र में वह संस्कृत गीत गाती है।
1	रुक गया।	सेवानिवृत्त
9	जहाँ मुख्यलिखित परीक्षा में सभी पत्रों में 216भ्यर्थी उपस्थित थे।	मुख्य लिखित परीक्षा में सभी पत्रों में 216 पात्र उपस्थित थे।
8	बोलो क्या कहना चाहती हो। आज कार्यालय बन्द है क्या ?	बोलिये क्या बोलना चाहते हैं। आज कार्यालय का अवकाश है क्या?
7	सुचरित्र से मनुष्य महान् बन सकता है।	सुचरण से कोई भी मनुष्य महान हो सकता है।
3	मेरे पिता का है।	मेरे पिताजी को
7	कैसे वे उम्मीदवारों के वोटों की संख्या उद्घोषित करते हैं ?	कैसे वे उम्मीदवारों के वोटों की संख्या घोषित करते हैं ?
3	सब केवल पढ़ते हैं।	सभी केवल पढ़ते हैं।
3	योगशास्त्र का प्रवर्तन किसलिए हुआ?	योगशास्त्र किसलिये प्रवर्तित हुआ?
9	जिस अपराध के लिए प्रजा को एक रुपए से दण्डित किया जाए उसी अपराध के लिए राजा को हजारगुणा दण्ड प्रावधान होवे।	जहाँ मनुष्य को रुपए का दंड देना हो, वहाँ राजा को हजार गुना दंड देना चाहिए।
1	देवदत्त	देवदत
1	धर्म के बिना	धर्म से
9	सांस्कृतिक समुदाय, सामाजिक संदेश, संस्कृति, और परंपरा पर आधारित आकर्षक कार्यक्रम प्रस्तुत किए गए।	सांस्कृतिक समुदायों ने सामाजिक संदेश, संस्कृति और परंपराओं पर आधारित आकर्षक कार्यक्रम प्रस्तुत किये।
2	ब्रह्मा जी के समक्ष उपस्थित हुआ।	ब्रह्मा जी के उपस्थित होने पर
6	उस काम में वह अकेला नहीं है ।	उस कार्य में वह अकेला नहीं है।
16	मनुष्य को न बाजूबन्द सुशोभित करते हैं, न चन्द्रमा के समान चमकदार हार, न स्नान, न शरीर पर सुगन्धित लेपन (चन्दन, केसर आदि), न बालों/चोटी में सजाए हुए फूल सुशोभित करते हैं।	मनुष्य को न तो हार, न चन्द्रमा की चमक, न स्नान, न लेप, न फूल और न ही दाँतों से अलङ्कृत करती है।
6	वो हमारे राष्ट्रीय सलाहकार समिति के अध्यक्ष हैं	वह हमारे राष्ट्रीय सुरक्षा सलाहकार समिति के अध्यक्ष हैं।
6	सत्ता में आकर वह वचनपालन नहीं करता है।	सत्ता में आकर वह वचन नहीं रखता है।
3	विद्यालय के चौकीदार को निवेदन करती है।	विद्यालय के चौकीदार को निवेदन करती है।
9	यह फिल्म अर्जुनकपूर की करियर का सबसे बड़ी निष्फल है।	यह फ़िल्म अर्जुन कपूर के करियर की सबसे बड़ी निष्फल साबित हुई।
9	वहाँ भारत के नवनिर्माण संस्कृत के योगदान पर चर्चा की गई।	वहां भारत के नए निर्माण में संस्कृत के योगदान के बारे में चर्चा की गई।
6	तो हम एक छोटा नाटक करते हैं।	तो हम एक छोटा नाटक करते हैं
6	दिव्यांग बच्चों के साथ समय बिताया।	दिव्यांग बच्चों के साथ समय बिताया।
11	जो इस वर्ष परिसर में चौबीस प्रतियोगिताओं में हिमाचल प्रदेश के प्रतिभागी भाग लेंगे।	इनमें से इस वर्ष परिसर में चौबीस प्रतियोगिताओं में हिमाचल प्रदेश के प्रतिभागी भाग लेंगे।
1	भाई ।	भाई
16	श्रीलंका-देश के शिक्षा मंत्री डाॅ सुशील प्रेमजयन्ता ने कहा कि श्रीलंका के कैंडी में मद्रास का नया परिसर शुरू होगा।	श्रीलंका- देश के शिक्षा मंत्री डॉ. सुशील प्रेमजयन्ता ने कहा कि श्री लंका के कैंडी नगर में मद्रास का नया- परिसर शुरू होगा।
6	''श्रुश्रुत-तन्त्र:''यह ग्रन्थ सेवा के द्वारा ही लिखा गया है।	'श्रुश्रुत-तन्त्र' यह ग्रन्थश्रुत द्वारा लिखा गया है।
21	केंद्रीय विज्ञान-तकनीकी मंत्री डॉ. जितेन्द्र सिंह ने कहा कि यह भारत के लिए गर्व भरा वर्ष है क्योंकि प्रधानमंत्री नरेंद्र मोदी के नेतृत्व में देश ने एक महत्वपूर्ण सफलता हासिल की।	केंद्रीय विज्ञान-तकनीकी मंत्री डॉ. जितेन्द्र सिंह ने कहा कि यह भारत के लिए गौरवपूर्ण वर्ष है क्योंकि प्रधानमंत्री नरेंद्र मोदी के नेतृत्व में देश ने एक महत्वपूर्ण सफलता हासिल की है।
8	U.एस ने प्रेस लाइसेंस जारी किया और यह सूचना दी गई।	उ.प्र. एटीएस ने प्रेस विज्ञप्ति जारी करके यह सूचना दी।
10	अधिकारियों का आरोप है कि मणिपुर में संघर्ष हित-आधारित बातचीत और हमलों के कारण है।	अधिकारियों का आरोप है कि मणिपुर में संघर्ष के कारण ब्याज समाचार की घटनाएँ और उथल-पुथल थे।
7	वस्तु पसंद आती है तो हम उसकी प्रशंसा करते हैं।	वस्तु पसन्द है तो उसकी प्रशंसा करते हैं।
11	परमार्थनिकेतन महामुनि पूज्य प्रभु चिदानन्द सरस्वती की अध्यक्षता में पूज्य प्रभु विश्वपालजेन्द्र जी की अध्यक्षता में वसंतोत्सव समारोह शुरू हुआ।	परमार्थ निकेतन के महामुनि पूज्य स्वामी चिदानंद सरस्वती के मार्गदर्शन में एवं पूज्य श्री विश्वपाल जयंती की अध्यक्षता में वसन्त महोत्सव का कार्यक्रम शुरू हुआ।
5	बरसात के बाद वीरसिंह गेंहूँ बोएगा	वर्षा के बाद वीरसिंह गेहूँ बोएगा
11	हे भगवन्! उसका क्या नाम है और किस शहर में वह रहता है?	भगवन् ! उसका क्या नाम है और वह किस नगर में रहता है?
31	जब सारा विश्व बल्कि एक बड़ी अर्थव्यवस्था है कोरोना-महामारी- बाद में ही भूमि-राष्ट्रीय- जो अशान्ति के कारण दो फीसदी वृद्धि दर पर पहुंचने के लिए संघर्ष करते हैं, वहां भारतीय अर्थव्यवस्था की आगामी उदर में भी लगभग सात फीसदी वृद्धि दर की उम्मीद है अर्थात् भारत अब उस दर को हासिल कर सकता है।	जब पूरी दुनिया की कई बड़ी अर्थव्यवस्थाएं कोरोना महामारी के बाद ही भू-राजनीतिक-अशान्तकरण से दोप्रतिशत विकास दर हासिल करने में संघर्ष कर रही हैं, तो यह उम्मीद है कि भारतीय अर्थव्यवस्था अगले वित्त वर्ष के बीच भी सातप्रतिशत वृद्धि दर हासिल कर सकती है अर्थात् भारत गिरावट की दर को हासिल कर सकता है।
3	भौंरा फूल का मकरंद पी रहा है।	भौंरा फूल बुहार रहा है।
5	प्राचीन काल में अयोध्याका राजा दशरथ थे।	पहले दशरथ अयोध्या के राजा थे।
8	इसलिए, उम्मीद है कि भाष्यकार वक्ता की अपेक्षा पाणिनि का समर्थक है।	इसलिए, भाष्यकार वार्तिककार की अपेक्षा पाणिनि का समर्थक है, ऐसा प्रतीत होता है।
10	यहाँ कूटशब्द से संबंध का त्याग किया जाता है, निर्लज्ज शब्द से परिणाम का त्याग किया जाता है और शेष शब्दों से प्रध्वंस का त्याग निषिद्ध कर दिया गया है।	यहाँ कूटशब्द से संसर्गता, अविचालिशब्द से परिणाम और अवशिष्ट पदों से विनाश की निषिद्ध है।
6	दशरथनन्दन ! मैं आपको अयोध्या पहुँचाऊँगा।	दशरथनन्दन ! मैं आपको अयोध्या पहुँचा दूँगा।
4	कभी कभी दही से बाल धोता है।	कभी कभी दुहिता बाल धोती है।
7	उपवास के समय भी वह काम तो करेगा ही।	उपवास के समय भी वह काम तो करेगा ही।
8	राजेश – राजस्थान राज्य में  अजमेर के पास है ब्यावर	राजेश  ब्यावर राजस्थान राज्य में अजमेर के पास ही है
1	लगा हुआ	खड़ा हुआ
8	परमाणु हथियारों के विकास को देखकर सामरिक नीति बदल जाती है। सेना के छोटे टुकड़ों में विभक्त हो जायेंगे।	परमाणु हथियारों के विकास को देखकर सामरिक नीति बदल जाती है। सेनाएँ छोटे दलों में विभक्त होंगी।
6	जो (मनुष्य) अपना कल्याण और बहुत अधिक सुख चाहता हैं,	जो पुरुष अपने लिए कल्याण और अत्यधिक सुख चाहता है।
4	नागेन्द्र घर के बगीचे में आम उगाता है	नागेन्द्र घर के बगीचे में आम का पेड़ लगाता है
1	लीन	फैले हुए
8	जिलाधिकारीओं और संकुल के उत्कृष्ट विद्यालयों के निर्माण के लिए प्रारंभिक रिपोर्ट जारी करने के लिए कहा गया है।	जिला अधिकारियों को परिसर और उत्कृष्ट विद्यालय के निर्माण के लिए प्रारंभिक रिपोर्ट लिखने के लिए कहा गया था।
5	आप ऑनलाइन भुगतान कर सकते हैं।	आप ऑनलाइन भुगतान कर सकते हैं।
11	उन्होंने कहा कि भारत की महत्वपूर्ण भूमिका आम जनता की पसंद के लिए मजबूत है।	उन्होंने कहा कि मोटीधान्य को आम जनता का चयन करने में भारत की बड़ी भूमिका है।
7	पाँचवीं इन्द्रिय चमड़ी है, जिससे मनुष्य स्पर्श जानता है ।	पाँचवीं इन्द्रिय त्वचा, जिससे मनुष्य स्पर्श को जानता है
7	यहाँ पुस्तक लेने क्या सदस्य आते हैं ?	यहाँ पुस्तकें लेने के लिये क्या सदस्य आते हैं ?
5	अनेक लोग निर्धन भी हैं।	अनेक लोग निर्धन भी हैं
10	इसने संसदीय कार्यों के दो कार्यसूचक और वित्त विभाग के दो कार्यसूचक पर सहमति दी है।	इस में संसदीय कार्यों के दो कार्य सूचनाओं और वित्त विभाग के दो कार्यों सूचनाओं पर सहमति दी गई है।
4	तब वह सतर्क हो जाता है	तब वह जागा रहता है
4	कृपया आप भी सुझाएँ।	कृपया आप भी सुझाएँ।
1	ढका	छिपा हुआ
11	हे जिनेन्द्र ! आपका दर्शन करते समय जो आपके गुणों में आनन्द पूर्वक अपने मन को लगाकर इस अद्याष्टक स्तोत्र को पढ़ता है। उसे आपका दर्शन करने मात्र से सब अर्थों में सिद्धि या (सर्वार्थ सिद्धि) उर्ध्व लोक की प्राप्ती होती है ।	हे रजिनेन्द्र ! आपके दर्शन से मेरा मन गुणानंदित हो कर आज तक अस्सी अक्षर पढ़ेगा।
5	भगवान् श्रीकृष्ण में समस्तनिष्ठों की पूर्णता है।	भगवान श्रीकृष्ण में सभी निष्ठों की पूर्णता है।
12	तुम (अपने) नियत (कर्तव्य) कर्म करो क्योंकि अकर्म से श्रेष्ठ कर्म है। तुम्हारे अकर्म होने से (तुम्हारा) शरीर निर्वाह भी नहीं सिद्ध होगा।।	हे श्रेष्ठ अकर्मणो ! तुम कर्म को नियत करो, कर्म श्रेष्ठ और अकर्म का त्याग करो; तुम्हारे शरीर का यात्रा भी अकर्म के नाम से जाना नहीं जाता।
6	हम सभी वीर सैनिकों को नमन करते हैं।	हम सभी वीर सैनिकों को नमन करते हैं।
4	बहनें विष्णुसहस्रनाम गाती हैं।	बहनें विष्णुसहस्रनाम गाती हैं ।
4	वह सारे वस्त्र धोएगी	वह सारे कपड़े धोएगी
11	इसी प्रकार, व्यावसायिक पात्रों को अनुमानित ऋणधान बढ़ाकर 75 मिलियन रुपये का कर दिया गया।	इसी प्रकार व्यावसायिक पात्रों के लिए अनुमानित ऋण मूल्य को पांच लाख रुपये से बढ़ाकर पांच करोड़ रुपये कर दिया गया।
6	अवन्तिका तेलुगु फिल्म में भी काम किया।	अवन्तिका ने तेलुगु फिल्म में भी काम किया।
1	दीनता से रहित।	गरीब
10	उसी समय कुटलहरी विधानसभा क्षेत्र को 10 करोड़ रुपये का दान दिया गया है।	उसी समय कुटलहर विधानसभा क्षेत्र को 10 करोड़ रुपये का भुगतान किया गया है।
1	पेट में	पेट में
8	पुस्तक के रूप में देने के बाद सराहनीय कार्य किया गया ऐसा उन्होंने कहा।	उन्होंने कहा कि पुस्तक के रूप में देकर सराहनीय काम किया गया है।
37	जैसे हाथी की सूँड में कुछ लोहे की शृंखला रखी है, वैसे ही हाथी यदि अन्य सबको छोड़कर सुँड में उसी शृंखला का आलिंगन करके यात्रा करे, तो मन भी उसी प्रकार जब एक ही नाम या रूपसे व्याप्त हो जाता है, तब वह हर समय उसी नाम या रूपसे पकड़कर खड़ा रहता है।	जैसे हाथी की सूँड में कुछ भारती लोहे की सीढियाँ रखी जाती हैं तो वह हाथी अन्य सबको छोड़कर उसी सूँड से उस ही सीढ़ियों को जोड़कर चलता है वैसे ही मन जब एक ही नाम से या रूप से व्यस्त होता है तब उसी समय उसका नाम या रूप लेकर खड़ा रहता है।
10	पंकज उधमके पुत्री नेयाब उधम ने अपनी इंस्टाग्रामपटल पर लिखकर अपने पिता की मृत्युकी पुष्टि की।	पंकज उद्धस की बेटी नाया उद्धस ने अपने इंस्टाग्राम पर उनके निधन की पुष्टि की।
15	कार्यक्रम में शिक्षा विभाग के अध्यक्ष डॉ. महेन्द्र कुमार ने उपाध्याय के सभी कामनाओं को प्रकट किया और संचालन डॉ. प्रमिला मिश्रा ने किया।	कार्यक्रम में शिक्षा अकादमी अध्यक्ष डॉ. महेन्द्र कुमार ने उपाध्याय को सभी का जिक्र किया एवं संचालन डॉ. प्रमिला मिश्रा ने किया।
4	चार लड़के जाते हैं।	चार लड़के जाते हैं।
1	वाणी से	वाणी से
3	खाना और गलना	खाना और निकलना
4	संसारमें प्राणिगण चार प्रकारके हैं ॥	वहाँ चार प्रकार के भूतों के रहनेवाले एक गाँव रहते हैं ॥
6	वह धीरे धीरे पिता के बाल काटता है।	वह धीरे धीरे पिता के बाल काटता है
4	प्रत्याशी का जनाधार करेगा।	और उम्मीदवारों का जनपद बनाएगा।
4	आवेदक बिहार के स्थायी निवासी होने के योग्य है।	आवेदक बिहार का स्थायी निवासी होना चाहिए।
18	जैसे कुञ्चिकापटल (कीबोर्ड) के बिना कंप्यूटर में कोई काम नहीं हो सकता है, वैसे ही संस्कृत ग्रंथों और शास्त्रों के बिना मानव विकास नहीं होता है।	जैसे कुंजियाँ (कीबोर्ड) के बिना कंप्यूटर पर कोई काम सम्भव नहीं होता, वैसे ही संस्कृत ग्रन्थों और शास्त्रों के बिना मानव विकास नहीं होता है।
5	मेरे एक मित्र ने पूछा	मेरे एक मित्र ने पूछा
11	इसलिये व्याख्यान में यदि व्याडिपतञ्जली नित्यार्थ में पूर्णशब्द कहे तो उसका अर्थ ही ज्ञात करना चाहिये।	इसलिये व्याख्यान में व्याडिपतञ्जलि नित्य अर्थ में सिद्धशब्द बोलती है तो वह अर्थ ही प्राप्त करना चाहिये।
6	इस जिले में सौ से भी प्राथमिक स्वास्थ्य केंद्र हैं।	इस जिले में सौ से भी प्राथमिक स्वास्थ्यकेंद्र हैं।
9	यह प्रतिपादित है कि दो आत्माओं को प्रथम अन्वयव्यतिरेक से अनाज के खदे से मोटा शरीर बन गया है।	प्रथम, यह प्रतिपादित होता है कि आत्मा अंदर है, मोटा शरीर वाले अन्नमय कोश से।
2	अधिक विस्तार की आवश्यकता नहीं है।	अधिक विस्तार न करें
3	वह मुझसे पूछता है।	वह मुझसे पूछता है।
4	चेक गणराज्य में दौड़ स्पर्धा चल रही है।	चेक गणराज्य में दौड़ स्पर्धा चल रही है।
10	डॉ. मेघनाद के कथन से दौलतसिंह जी अर्नेस्ट रदरफोर्ड महोदय के पास गए थे।	डॉ. मेघनाद के कथन से दौलतसिंह अर्नेस्ट रदरफोर्ड-महोदय के पास गए थे।
6	एक तो केवल खेल समाचार ही पढ़ता है।	एक तो केवल खेल समाचार पढ़ता है।
3	कन्याओं को भेंट देते हैं।	लड़कियों को पारितोषिक देते हैं।
1	स्मृति	स्मृति
10	देश का संपूर्ण-उत्तर क्षेत्र में भीषण-आफूसी-चरण से रेल सेवा प्रभावित हो गई।	देश के पूरे उत्तर क्षेत्र में भयंकर लू चलने से रेलवे सेवा प्रभावित हो गई है।
6	कितनी अच्छी है उनकी मृत्यु ।	कितनी अच्छी है उनकी मृत्यु ।
6	शुंग वंश के पुष्य मित्र का काल सबसे पहले दूसरा शतक है।	शुङ वंश के पुष्यमित्र का काल: ई. से दो सौ वर्ष पहले।
12	फिर जूलियन अल्वारेज़,, 69 मिनट में दो गोल गेंदें मिलीं जिससे अर्जेंटीना का फाइनल में प्रवेश सुरक्षित हो गया।	इसके बाद जूलियन अल्वारस ने 39, 69 मिनट के दो गोल किये और अर्जेंटीना के फाइनल में प्रवेश किया।
5	रामरावण युद्ध के बाद भी संस्कृत थी।	राम रावण के युद्ध के बाद भी संस्कृत थी।
17	अपने स्वयं के विभाग का दायित्व क्यों नहीं छोड़ रहा है, सच यह है कि शिक्षा मंत्री नामित बिहार के मुख्यमंत्री राज्य के लोगों को भ्रमित करने का प्रयास कर रहे हैं।	अपने आप अपने विभाग का दायित्व क्यों नहीं छोड़ते हैं यह सच है कि शिक्षा मंत्री, बिहार के मुख्यमंत्री, राज्य के लोगों को भ्रमित करने का प्रयास कर रहे हैं।
12	उन्होंने कहा कि प्रकाशचौधरी मण्डीमण्डल में कांग्रेस की अध्यक्ष थे, और भविष्य में भी ऐसा ही होगा।	उन्होंने कहा कि प्रकाशचौधरी मण्डी जिले के अध्यक्ष थे और भविष्य में भी होंगे।
5	मेरा मित्र आज मदुरई पहुँचेगा ।	मेरा मित्र आज मदुरई जाएगा।
9	क्रोधित होते हुए नारायण ने तब उनकी माली जी की स्तुति से समयचक्र के पहिये को चढ़ा दिया।	क्रोधित नारायण ने तब उसके माला की जीभ से समयचक्रनिभ चक्र फेंका।
9	पापी अधर्मियोंकी शीघ्र ही बुरी गति होती है, ऐसा समझकर पुरुषको चाहिये कि धर्मसे दुःख पाता हुआ भी अधर्ममें मन न लगावे	दुष्टजनोंके पापोंका नाश तो वह प्रत्यक्ष ही देख सकता है
9	हे गुडाकेश (निद्राजित्) ! मैं समस्त भूतों के हृदय में स्थित सबकी आत्मा हूँ तथा सम्पूर्ण भूतों का आदि, मध्य और अन्त भी मैं ही हूँ।।	मैं ही गुडाकेश सर्वभूतों में स्थित और मैं ही आदि और मध्य और भूतों का नाम हूँ
4	द्वावेव उत्तराखंड का गौरव है।	दोनों ही उत्तराखंड का गौरव देखते हैं।
6	ग्यारह अन्य अप्रत्यक्ष लोगों का ध्यान भटकता है।	दूसरों के ग्यारह अप्रत्यक्ष लोगों के लिए शोध अनुसरण करता है।
16	ईरान की राजधानी तेहरान के दक्षिण में ख़ून शहर के मध्य में स्थित नूर टेक्नोलॉजिकल स्कूल के छात्रों को प्यार हो गया।	ईरान की राजधानी तेहरान के दक्षिणी हिस्से में मौजूद खूँ शहर के बीच स्थित नूर तकनीकी स्कूल के छात्र बेहोश हो गए और गिर गए।
5	आपने किस किसको बुलाया है ?	आपने किस किसको बुलाया ?
5	हिन्दू संस्कृति को निष्ठा से पूर्णता को आदर्श भाव से मानते हैं।	हिन्दू संस्कृति निष्ठा की पूर्णता को आदर्श मानती है।
8	परन्तु न्यूनतम तापमान में कमी के कारण ठंडी लहर लगातार होगी।	लेकिन न्यूनतम तापमान की कमी के कारण ठंडी लहर जारी रहेगी।
10	इसलिये आप जैसे भगवान् हनुमान इस संसार में कभी भी पैदा नहीं होंगे।	इसलिये हनुमान के समान भगवन्नाम प्रेमी लोक में कभी भी भूतवान् नहीं होगा।
4	पाँचवाँ अंगूठा है	पाँचवाँ अंगूठा है
12	शाक - सुवर्चला ( हुलहुल ), गुञ्जनक ( प्याज या गाजर ), परवल, वायसी (मकोय), मूली, बेत और नीम ये शोथरोगिया के लिये उत्तम शाक है। भोजन मे पुराने जौ और चावल उत्तम है ||	मधुर वाणी, गाजर, चावल, सवायसी, मूली, अदरक, शाक, शहद, शहत, मशरूम और पुराण तैल इनका भोजन करना चाहिये ॥
16	गणतन्त्र दिवस-इस वर्ष पहली बार आवाहन करने की समूह की महिलाएँ-वाद्य-उन्होंने शंख, ध्वनि, स्वर और उपकरणों के लिए पद संग्रह शुरू किया।	गणतंत्र दिवस-समारोह में पहली बार इस वर्ष आवाहन की महिला-वाद्य-कलाकारों की शंखध्वनि ने नादध्वनि और वाद्ययंत्रों से पदसञ्चय आरम्भ किया।
4	संसारमें प्राणिगण चार प्रकारके हैं ॥	वहाँ चार प्रकार के भूतों के रहनेवाले एक गाँव रहते हैं ॥
7	ट्रक संचालकों की आन्दोलन के कारण ज्वर चुराने की आपूर्ति निलंबित है।	ट्रक चलाने वालों के आंदोलन के कारण ज्वरचूर की आपूर्ति निलंबित कर दी गई है।
3	प्रेक्षागृह में प्रवेश ही नहीं करना चाहिए	प्रेक्षागृह में नहीं चलना चाहिए।
6	आप अभ्यास क्यों नहीं करते हैं ?	आप अभ्यास क्यों नहीं करते हैं ?
5	मेरे घर काँच का गिलास है	मेरे घर काँच का गिलास है।
1	स्वामी को ठगना	स्वामि के प्रति घूस
10	ठीक है मैं उसके साथ बात करूंगी। आपको सूचित करूंगी।	ठीक है। मैं उसके साथ बात करूँगा और आपको सूचित करूँगा।
6	वृद्ध बालों के लिए प्रेतकार्य नहीं करते थे।	वृद्ध बच्चों के प्रेत काम नहीं करते थे।
9	हिमाचल प्रदेश के डॉकियों ने बुधवार से प्रतिदिन ढाई घंटे तक 2,600 बजे तक आन्दोलन आरम्भ किया।	हिमाचल प्रदेश में सोमवार से साढ़े दो घंटे तक प्रतिदिन 2,600 चिकित्सकों ने आन्दोलन आरम्भ किया।
7	चित्रांग बोला शिकारी के डर से मैं आप की शरण में आया हूँ।	चित्रांग बोलता है-मैं लुब्ध होकर तुम्हारे पास आया हूँ।
10	यह सच हो जाएगा, क्योंकि उसकी घोषणा भी बस में की गई है.	यह साधित करना चाहिये, क्योंकि उसकी घोषणा भी budget में की गई है।
10	और अभी खबर आ रही है कि जाह्नवी की फ़िल्म में अभिनय किया है।	और अभी खबर आ रही है कि जाह्नवी ने इस फिल्म में अभिनय किया।
7	वर्ष 1977 में उनका नाम मैंने सुना था।	सत्ताईसवें वर्ष में मैंने उसका नाम सुना।
5	पूड़ा देओ और दाल लेओ ।	माल दे और माल ले।
5	आप क्या काम करते  हैं ?	आप क्या काम करते हैं ?
6	नहीं, मैं आज सायंकाल शहर जाऊँगा।	नहीं, मैं आज शाम को नगर नहीं जाऊँगा।
9	उत्तराखंडसंस्कृत अकादमी, प्रतिवर्ष संस्कृत भाषा के प्रचार-प्रसार के लिए, संरक्षण के लिए, और इंटरनेट के माध्यम से संस्कृत व्याख्यान के लिए आयोजित किया जाता है।	उत्तराखंड संस्कृत अकादमी, प्रतिवर्ष संस्कृत भाषा के प्रचार-प्रसार, संरक्षण के लिए, और इंटरनेट के माध्यम से संस्कृत व्याख्यानमाला का आयोजन किया जाता है।
4	इस समय मैं भूखा हूँ ,अब मैं तुम्हें खाऊंगा ।	अब मैं तुझे खाऊँगा।
6	जनवरी तक या अग्रिम आदेश तक जारी रहेगा।	जनवरी तक या अग्रिम-यह आदेश तक जारी रहेगा।
10	किससे कष्ट को तुम यहाँ आ रहे हो बताओ कैसे सेवा करूँगा।	तुम किस कष्ट से यहाँ आये हो? कहो, कैसे सेवा करूँगा।
4	अतिथियों की सेवा करता है वा नहीं।	अतिथि सेवा करते हो या नहीं।
12	इसलिए देखता हूं। बाहर (खुले आवाज़ में) बोलता है-" कहां (है) ? तेरी चूड़ी ?" शेर हाथ खोल कर दिखाता है।	मैं उसे बताता हूँ तब तक वह प्रकाश बोलता है कहाँ है तुम्हारा कंगन ? बाघ हाथ फैलाकर दिखाता है ।
9	इस प्रकारमुक्त श्रीराम रथ पर चढ़कर और प्रणाम कर उस रथ पर चढ़ गया।	इस प्रकार सेमुक्त श्रीराम रथ पर चढ़कर पलट गए और अभिवादन किया।
6	आपके घर में कौन-कौन रहते हैं।	आपके घर में कौन-कौन रहते हैं?
11	मेरे कहने से कर्ण क्रोधित होकर और कुछ बुरा करने लगा यह सुनने में डर रहा है।	मेरे वचन से कान क्रुद्ध होकर कुछ बुरा कार्य करे यही डर है।
9	जो व्यक्ति प्रसन्नता पूर्वक अहर्निश अध्यात्मरामायण का गान करता है उसकी आज्ञा के लिये इन्द्रादि देवगण प्रतीक्षा करते हैं ॥	जो श्री महादेवजी अध्यात्मरामायण का महान् गान करते हैं, वे इन्द्रप्रगम के देवता उनकी आज्ञा का पालन करने के लिये प्रतीक्षा कर रहे हैं ॥
7	फिर भी यहाँ का अथशब्द प्रारम्भार्थ है यह भाष्यकार बोलता है।	फिर भी भाष्यकार कहता है कि यहाँत्य अथशब्द का आरम्भ अर्थ है।
5	सर्वमेध विधाता ने उन दोनों को जगत्सृष्टि की रचना की।	सर्वमेध के द्वारा उन्होंने जगत का सृजन कराया।
4	ठीक मौके पर आप पधारे।	ठीक समय पर आया ।
7	बच्चों ने पूछा हमारी दीदी कहाँ है?	बच्चों ने पूछा हमारी बहन कहाँ है ?
5	पिता करेले की सब्जी खा रहे हैं	पिता करेला की सब्जी खाता है
13	इस अवसर पर मुख्यमंत्री ने कहा कि किलोमीटर लंबा यह रस्सी रुपये के खर्च से बना जाएगा।	इस अवसर पर मुख्यमंत्री ने कहा कि किलोमीटर लंबा यह रस्सी करोड़ रुपये के खर्च से बन जाएगा।
21	जहां विजयकुमार चौधरी, विजेन्द्र यादव, श्रवण कुमार जडयू मंत्री बन गये, जीतनराममांझी के बेटे संतोषसुमन भी कोटा से मंत्री बन गये, स्वतन्त्र सुमित कुमार भी मंत्री बन गये।	जहाँ विजयकुमारचौधरी, विजेन्द्र यादव, श्रवणकुमार जदयू मंत्री बने जीतेतनराम मांझी के बेटे संतोषसुमन भी कोटा से मंत्री बने, स्वतन्त्र सुमितकुमार भी मंत्री बने।
6	अब प्रभास की फ़िल्म''सालार'' प्रदर्शित हुई।	अब प्रभास की फ़िल्म''सालार'' प्रदर्शित हुई।
11	उन्होंने कहा कि 40 मिलियन से अधिक भारतीयों के बल से भारत ने इस वर्ष कई उपलब्धियां हासिल की हैं.	उन्होंने कहा कि चालीस से एक करोड़ भारतीयों के बल से ही भारत ने इस वर्ष कई उपलब्धियां हासिल की हैं।
5	जल के मनुष्यं पानी में डूबकर तीर पर बैठते हैं।	जलमनुष्य जल में डुबकी मारकर तट पर बैठता है।
13	विद्या की प्राप्ति निरंतर अभ्यास से होती है। अभ्यास से ही विद्या फलवती होती है। उत्तम गुण और स्वभाव से ही कुल का गौरव और यश स्थिर रहता है। श्रेष्ठ पुरुष की पहचान सद्गुणों से होती है। मनुष्य की आंखें देखकर क्रोध का ज्ञान हो जाता है।	विद्या का अभ्यास से ही बल प्राप्त होता है, कुल को शील से धारण किया जाता है, मनुष्य की दक्षता गुणों से ही पता चलता है और क्रोध आँखों से नहीं देखा जा सकता।
5	स्ट्रांग रूम से कैसे मत मशीन ला रहे हैं ?	स्ट्रांग रूम से कैसे मतपेटियाँ लाते हैं ?
5	मेरी जीजी सब्जियों का अचार बनाती हैं।	मेरी बहन सब्जियों का अचार बनाती है।
4	हे मित्र (बन्धु/भाई)! पक्षियों के समूह की आवाज़ से गुंजायमान वन में चलो।	अरे बन्धु! पक्षियों के समूह के शिरोमणि और गुंजित वन का देश।
16	मोदी हिमाचला अपने घर बोल रहे थे, जब आपदा थी तब अपने भाइयों बहनों के बारे में ध्यान नहीं दे रहे थे।	मोदी हिमाचल को अपना घर बोलते थे, जब आपदा थी तब वे अपने भाई बहनों के बारे में ध्यान नहीं देते थे।
7	भाषण स्पर्धा में बहुत प्रतिभासम्पन्न उन्होंने अनेक पुरस्कार जीते।	वक्ता स्पर्धा में उन्होंने बहुत प्रतिभाशाली होकर अनेक पुरस्कार जीते हैं।
6	व्याकरण की दृष्टि से भी संस्कृत एक वैज्ञानिक भाषा है।	संस्कृत एक वैज्ञानिकी भाषा है।
3	देवभक्त पूर्ण हृदय से परिश्रम करता है।	सभी देवताओं का मन प्रसन्न होता है।
4	क्रिसमस-दिन में उल्लास की सज्जता प्रचलित हुई।	क्रिसमस-दिन पर उल्लास की तैयारी प्रचलित हुई।
9	भगवन् व्यास जी की वाणी के रूप में श्रीमद्भागते जी ने अपने दिव्य लायकों का वर्णन किया।	भगवान् व्यास के वाणी रूप में श्रीमद्भागवत में उनके दिव्य लीलों का वर्णन मिलता है।
7	व्यक्ति कुटुम्बार्थ, कुटुम्ब राष्ट्रार्थ और राष्ट्र भी मानवतार्थ होता है।	व्यक्ति परिवार के लिए, परिवार राष्ट्र के लिए और राष्ट्र मानवता के लिए होता है।
9	यह अरुणाचल राज्य से भारत में प्रवेश करता है और असम में और बांग्लादेश में फैलता है।	यह अरुणाचल राज्य से भारत में प्रवेश करता है और असम राज्य और बांग्लादेश में बहता है।
6	वहाँ चूडाकर्ण नाम का एक संन्यासी रहता था।	वहाँ चूड़ा कान नामक संन्यासी रहता है।
4	वहां बहुत चोर चोरी करते हैं ।	वहाँ बहुत से चोर चोरी करते हैं ।
5	आप जिस भी रास्ते पर जाना चाहें.।	जिससे कोई भी मार्ग से चले।
14	श्रीभगवान् ने कहा -- मैं लोकों का नाश करने वाला प्रवृद्ध काल हूँ। इस समय, मैं इन लोकों का संहार करने में प्रवृत्त हूँ। जो प्रतिपक्षियों की सेना में स्थित योद्धा हैं, वे सब तुम्हारे बिना भी नहीं रहेंगे।।	श्रीभगवान् ने कहा -- मैं ऐसा समय हूँ, जब लोकक्षय से उत्पन्न हुआ मनुष्य संसार को हड़पने के लिए प्रवृत्त हो रहा होगा। किन्तु जितेन्द्रिय योद्धागण युद्ध के मैदान में बैठते हैं, वे सब तुझे युद्ध में भी नहीं पाएँगे।
11	इस महान् कार्य की पवित्रता के लिए जिसका स्पर्श इच्छित नहीं हुआ, वह छोड़ देना चाहिए।	इस महान् कार्य की पवित्रता के लिए जिसका स्पर्श नहीं करना चाहिये, उसे त्याग देना चाहिये।
5	यहाँ तुम किसलिए ठहरते हो, बताओ ।	तुम यहाँ क्यों खड़े हो बोलो ।
7	नहीं कोई विशेष नहीं ।	सामा -नहीं , कुछ विशेष नहीं ।
15	हे शूर ! वहाँ विशल्यकरणी, सावर्ण्यकरणी, संजीवनी और संधानी नाम के चार औषधि हैं।	हे वीर ! वहाँ विशालकरणी, सावर्ण्यकरणी और सञ्जीवकरणी तथा सन्धानी नाम की चार औषधियाँ हैं।
14	पिछली सरकार द्वारा राज्य के माध्यमिक विद्यालयों में छात्रों की कम संख्या का हवाला देते हुए अधिशेष प्रक्रिया के तहत 2,600 एलटी-कैडर का पद ख़त्म कर दिया गया.	पूर्व सरकार ने राज्य के माध्यमिक विद्यालयों में छात्रों की कम संख्या के कारण अतिरिक्त प्रक्रिया के तहत 2,600 एलटी-वर्ग का पद निलंबित कर दिया.
5	उसे देखकर सभी प्रसन्न होते हैं।	उसे देखकर सभी खुश होते हैं।
4	दूकान से सबसे पहले सोलर पैनल निकाला ।	बाजार से सबसे पहले सौर पैनल निकाला।
4	शाम को वह मुझे मिला	शाम को उसने मुझे बुलाया
12	इस अवसर पर रक्षा मंत्री ब्रिटेन के रक्षा मंत्री ग्रांट शैप्पस के साथ द्विपक्षीय वार्ता करेंगे।	इस अवशेष में रक्षामंत्री ब्रिटेन के रक्षामंत्री ग्रांट शेप्स के साथ द्विपक्षीय बातचीत करेंगे।
5	गुजरात में विधानसभा चुनाव के पहले चरण का मतदान गुरुवार को होगा.	गुजरात में विधानसभा चुनाव का पहला चरण गुरुवार को होगा.
5	गंगा दीदी विज्ञान पढ़ाती थीं।	गंगा दीदी विज्ञान पढ़ाती थीं।
2	छोटे भाई को स्वस्ति (कल्याण हो	कल्याण हो, छोटे भाई।
5	उसके कारण से हाई ब्लड प्रेशर भी रहता है	उसके कारण उच्च रक्तचाप भी होता है
6	राधवेन्द्र कपिलदेव की तरह क्रिकेट खेलता है।	राधवेन्द्र कपिलदेव की तरह क्रिकेट खेलता है ।
6	छात्रों की मधुर और अत्यंत मधुर प्रतिक्रिया देखकर शिक्षक प्रसन्न हुए	छात्रों की मीठी-मीठी प्रतिक्रिया देखकर शिक्षक और शिक्षक संतुष्ट हुए।
7	प्राचीनकाल में यही भाषा भारत देश की राष्ट्रभाषा थी।	प्राचीन काल में यहीं भारत राष्ट्र की राष्ट्रभाषा थी।
3	भूतकाल में वाक्य लिखिये	अतीत काल में वाक्य लिखिये।
11	वादी अभिमन्युराठूर ने प्रवेश किया था और एक जनहित याचिका में अंतरिमाश्रय से जुड़े हुए आवेदन पर उच्च न्यायालय द्वारा दायर आदेशों को पारित कर दिया गया था।	उच्च न्यायालय ने उपरोक्त आदेशों को वकील अभिमन्यु राउर द्वारा दाखिल जनहित याचिका में स्वीकृत करने के लिए पारित कर दिया है।
3	परन्तु स्मरण करके बताऊँगा।	परन्तु स्मरण करके कहूँगा।
4	मनुष्यों के नामों के संकीर्ण होने पर मनुष्यों का अन्तःकरण कीर्ति के योग्य होगा।	बुद्ध नाम के पुत्रा कीड़ों में होगा।
11	कार्य छोटा हो या बड़ा व्यक्ति को शुरू से ही उसमें पूरी शक्ति लगा देनी चाहिए, यह शिक्षा हम सिंह से ले सकते हैं।	जिस व्यक्ति को बहुत थोड़ा या बहुत अधिक काम करने की इच्छा होती है, वह उसे सर्वप्रथम उसी कार्य की प्रतीक्षा कर लेता है।
3	उसने भ्रष्टाचार किया।	उसने भ्रष्टाचार किया।
4	पिता कुर्सी पर बैठते हैं ।	पिता कुर्सी पर बैठता है
7	महाभाषी इस शतक में तत्कालीन समाज की सांस्कृतिक, सामाजिक, आर्थिक और राजनैतिक व्यवस्था का यथार्थ प्रतिबिम्ब होता है।	महाभाष्य में तत्कालीन समाज की सांस्कृतिक, सामाजिक, आर्थिक और राजनीतिक व्यवस्था यथार्थ प्रतिबिम्बित है।
8	जो पुरुष योगयुक्त, विशुद्ध अन्तकरण वाला, शरीर को वश में किये हुए, जितेन्द्रिय तथा भूतमात्र में स्थित आत्मा के साथ एकत्व अनुभव किये हुए है वह कर्म करते हुए भी उनसे लिप्त नहीं होता।।	योग से युक्त शुद्धात्मा, जितेन्द्रिय और जीता हुआ आत्मा सब प्राणियों का आत्मा होता हुआ करते हुए भी लिप्त नहीं होता।
1	घूमूँगा।	घूमूँगा।
3	यह विद्वानो का वचन हैं।	यह विद्वानों का कथन हैं।
4	आप सभी रस  निकालिये।	आप सब रस निकालें ।
5	उनका सूत्रवृत्ति पद्मनाभिन द्वारा ही सौपद्मपञ्जिका में लिखी गई।	पद्मनाभ ने ही सौपद्मपञ्जिका यह सूत्रवृत्ति लिखी।
4	कभी नहाता नहीं है।	कभी भी स्नान नहीं करती है।
10	क्योंकि सुबह नित्यकर्म से दिनचर्या के अनुसार सभी सत्र होते हैं।	क्योंकि सुबह से नित्यकर्म से लेकर दिनचर्या के अनुसार सभी सत्र होते हैं।
6	परिस्थितियों को अवसर मानकर मेरे पास आओ और विद्या प्राप्त करो।	कष्टों को दूर करने के लिए विद्या हमें तत्पर करे।
12	वहाँ पर निषादराज गुह फल मूलादि लेकर आया, किन्तु रामजी ने उन्हें प्रतिपूर्वक हाथ से ही स्पर्शकर करके ही छोड़ दिया, उनमें से कुछ भी ग्रहण नहीं किया ॥	जो कुछ भी तुम इस गुह से और फल मूलादि से युक्त पकाओ, उसे अपने हाथ से स्पर्श करके तुम अशोभित न कर सको ॥
10	इस दिन दर्शकों के बीच बैठे युवकों ने सदन में उछल कर धुआँ निकला।	इस दिन दर्शकों के बीच बैठे युवकों ने सदन में कूदकर धुआँ छोड़ दिया।
8	हे अर्जुन ! ब्रह्म लोक तक के सब लोग पुनरावर्ती स्वभाव वाले हैं। परन्तु, हे कौन्तेय ! मुझे प्राप्त होने पर पुनर्जन्म नहीं होता।।	हे अर्जुन ! जो अब्रह्म के अवतारों में निपुण है, वह मुझ (परमात्मा) को प्राप्त होकर फिर से जन्म नहीं लेता।।
6	कई प्रकार की हानि हौसी से हुई है।	हौसी ने अनेक प्रकार की हानि पहुँचवाई है।
5	यहाँ पन्द्रह दिन का ध्यान शिबिर है	यहाँ पंद्रह दिवसीय ध्यान शिविर है।
14	लोक निर्माण मंत्री विक्रमादित्य सिंह ने चुराह विधानसभा क्षेत्र के विधायक हंसराज द्वारा पूछा प्रश्न के लिखित उत्तर में यह सूचना दी।	लोक निर्माण मंत्री विक्रमादित्य सिंह ने चुराह विधानसभा क्षेत्र के विधायक हंसराज द्वारा पूछे गए प्रश्न के लिखित उत्तर में यह सूचना दी।
4	उसके बाएँ कोई भी नहीं है।	उसके बाएँ कोई भी नहीं है।
6	आज मतदान के लिये जाना है।	माता  आज मतदान के लिए जाना है।
8	सच में माँ के द्वारा दिया भोजन स्वादिष्ट है।	यात्री  सच में मात्रा में दिया भोजन स्वादिष्ट है।
8	इस व्याख्यान समारोह में दो से अधिक छह सौ उत्तर-सप्तसप्त-इस उपाधि को हजारों छात्रों को दिया गया था।	दीक्षांत समारोह में दो सौ से छह सौ सात हजार छात्रों को डिग्रीएं प्रदान की गईं।
12	प्रधानमंत्री ने कहा, नागालैंड में 75 साल में पहली बार दो महिलाएं विधानसभा में आईं।	प्रधानमंत्री ने कहा कि नागालैंड में 75 साल से पहली बार विधानसभा में दो महिलाएँ आईं हैं।
1	पालन करे	पालन करे।
5	मेरी पत्नी मायके कब जाएगी ?	मेरी पत्नी मायके कब जाएगी?
6	जल के विना मछलियाँ नहीं जीवित रहती ।	जल के विना मछलियाँ नहीं जीवित रहती हैं।
1	राष्ट्र की समृद्धि के लिये	राष्ट्र के लिए
10	चयन समिति नामों को लघूसूची करके एक पटल बनाएगी और शीर्ष नेता को मंजूरी देगा।	चयन समिति नामों को छोटा करके एक मंडल बनाएगी और उन्हें शीर्ष नेता के लिए मंजूरी के लिए भेजेगी।
4	तुम्हारे दोनों कान पकड़ो।	तुम्हारे दोनों कान पकड़ो।
5	माँ क्या क्या तलती है ?	माँ क्या क्या तलती है ?
3	कार से बैग्स उतारे।	गाड़ी से बैग्स उतारे।
9	उसके बाद, रात्रि में स्थिरप्रतिज्ञ अपनी जनता से घिरे हुए श्रीराम देवराज इन्द्र के समान शोभा पा रहे थे।	तब निहतरिपु, स्थिरप्रतिज्ञ अपने जन बल से घिरे हुए श्रीराम रण में देवराज के समान सुशोभित थे।
12	सत्ययुगमें जो फल श्रीविष्णुभगवान्‌के ध्यानसे, त्रेतामें यज्ञादिसे और द्वापरमें हरिसेवासे प्राप्त होता है, कलियुगमें वह केवल हरि-नाम-संकीर्तन करनेसे ही मिल जाता है ॥	हे भगवन् ! जो पुरुष यज्ञादि कर्मों के द्वारा भगवान् विष्णु का त्रेता (सत्कार) करता है, यज्ञ के फल से और द्वापर और सेवा के समय उन दोनों के कल्याण से कल्याण करता है ॥
3	यात्रा सुविधाओं में ढील दी गई है.	यात्रा की सुविधाएँ कमजोर हो गई हैं।
14	इस अवसर पर भारत पेट्रोल- कार्पोरेशन के डिजीम राजेन्द्र कुमार, क्षेत्रीय प्रबंधक अनुपम श्रीवास्तव, परियोजना प्रबंधक शामशर्मा मुख्य रूप से उपस्थित थे।	इस अवसर पर भारत पेट्रोल- कार्पोरेशन सीमित के डीजीएम राजेन्द्र कुमार, क्षेत्रीय प्रबंधक अनुपम श्रीवास्तव और परियोजना प्रबंधक शाम शर्मा मुख्य रूप से उपस्थित थे।
4	वे दोनों वस्त्रों को रंगते हैं ।	वे दोनों कपड़े रजत हैं ।
6	कहीं भी संस्कृत में सम्भाषण सम्भव है।	कहीं भी संस्कृत में सम्भाषण सम्भव है
1	आरजी वेद	ऋग्वेद
13	आर्यभट्ट ने सबसे पहले घोषणा की कि पृथिवी गोल करने वाली, जो अपने मेरुदण्ड पर आश्रित होकर चारों ओर आ रही है।	आर्यभट्ट ने यह पहली बार घोषणा की कि पृथ्वी गोलकी है, जो अपने डंडे का सहारा लेकर चारों ओर घूमती है।
9	मुनिगण द्वारा इस प्रकार बताने पर श्रीभरतजी प्रसन्नता पूर्वक मन्त्रियों सहित सबसे आगे श्रीरघुनाथजी के निवास स्थान के लिये चल दिए ॥	इस प्रकार दर्शन देकर श्रीरघुनाथजी और मन्त्रियों के साथ मुनिश्रेष्ठभवन को देखकर वह अत्यन्त हर्षित हुए ॥
3	वृक्ष से पत्ता गिरता हैं।	पेड़ से पत्ता गिरता है।
27	इससे पहले संसद के बाहर पत्रकारों के साथ बैठक में केंद्रीय मंत्री अर्जुन राममेघवाल ने कहा कि कांग्रेस-दल ने चौदहोत्तर-दो हजार के दशक में देश की आर्थिक स्थिति की परिकल्पना की थी, उसकी चर्चा अत्यावश्यक है।	इससे पहले संसद के बाहर पत्रकारों के साथ बात करते हुए केंद्रीय मंत्री अर्जुन राममेघवाल ने कहा कि कांग्रेस ने चौदहवीं सदी में देश की जो आर्थिक स्थिति कही थी, उसकी चर्चा आवश्यक है।
7	राष्ट्रपति मुर्मू ने गणतंत्र दिवस के पूर्व संध्या पर राष्ट्र को संबोधित किया।	राष्ट्रपति मुर्मू ने गणतंत्र दिवस की पूर्व संध्या पर राष्ट्र को संबोधित किया।
13	भले ही, ग्रामीण समाज हो अथवा नगरीय समाज हो, उसके नवनिर्माण का और सुरक्षाप्रबन्धन का दायित्व गजधर निभाते थे।	काम चाहे ग्रामीण हो या नागर, उसका नया निर्माण और सुरक्षा के प्रबन्ध का दायित्व हाथी निभाते थे।
3	पेड़ से पत्ते गिरते है।	पेड़ से पत्ते गिरते हैं।
6	वह माँ के साथ बात करना चाहती है।	वह माँ के साथ बात करना चाहती है
9	अगले सप्ताह मेरे कार्यालय से पाँच लोग दिल्ली जायेंगे ऐसा सुना है।	ऐसा सुना जाता है कि अगले सप्ताह मेरे कार्यालय से पाँच लोग नई दिल्ली जाएँगे।
4	दूसरा पेड़ पर चढ़ जाता है।	दूसरा पेड़ पर चढ़ता है।
4	इसलिए वह बहुत बड़बड़ाया ।	इसलिए वह बहुत बड़बड़ाया ।
8	मैं शस्त्रों में वज्र और धेनुओं (गायों) में कामधेनु हूँ, प्रजा उत्पत्ति का हेतु कन्दर्प (कामदेव) मैं हूँ और सर्पों में वासुकि हूँ।।	मैं आयुधाना हूँ, वज्र हूँ, गाय हूँ, कामधेनु हूँ, प्रजन हूँ, कन्दरा हूँ, सांप हूँ, वासुकि हूँ
19	उपरोक्त प्रतिसारण से अथवा शीतल क्रियाओं द्वारा भी जिस रोगी का रक्त बन्द न हो उसके लिये बृ हण-विधि बरतनी चाहिये । बुद्धिमान् वैद्य को चाहिये कि भोजन काल मे रोगी को स्निग्ध, उष्ण मास- रसों से तर्पण करे। इसके लिये अवपीड़क घृत ( भोजन के ऊपर अथवा अधिक मात्रा में घृतपान ) का प्रयोग करना चाहिये। थोड़े गरम सुहाते हुए गरम तेल और घृत से मालिश करनी चाहिये। कवोष्ण दूध या घी अथवा तैल से सेक करना चाहिये ॥	और भी - शीत ऋतु में क्रिया से अभिभूत अथवा अभिभूत कोई रक्त नहीं रहता है। उस समय अति उष्ण ऋतु के रस से स्निग्ध और गरम रस से भर्पित होकर रोगी को घाव होता है। घाव होने पर रोगी को गरम जल से सर्पि, गरम वेदना, पित्त और पित्तजन्य, वातजन्य और शोथ, शोथ होता है, और शरीर मे व्याधि होती है। रोगी को दूध, घृत, तेल, सेवीर्य और कोषज, सिलाई, सैन्धा और कफ आदि से पीना आदि से चिकित्सा करनी चाहिये, इसलिये कि रोगी को उदर रोग न मिले ॥
1	अपने शुभं ध्वजम्	स्वयं को
10	उदर रोग आठ प्रकार का होता है। पृथक् पृथक् दाषों से तीन प्रकार का (१) वातिक, (२) पैत्तिक, (३) लैष्मिक, (४) सन्निपातजन्य, (५) प्लीहोदर, (६) बद्धोदर, (७) क्षतोदर और (८) उदकादर । [ इनमे से क्षतोदर को हो अन्य ग्रन्थों में 'परिस्रावी उदर कहा है ] अब इनके पृथक लक्षण सुनो ||	क्षत और उदर के उत्पन्न होने पर पृथक्-पृथक् दोषों से उत्पन्न होने वाले तथा मय तथा बन्धन से उत्पन्न विकारों के कारण इनके लिंग को अलग-अलग सुनो ॥
6	फ्रांस के राष्ट्रपति इमैनुएल मैक्रो जयपुर पहुंचे।	फ्रांस के राष्ट्रपति इमैनुएल मैक्रॉन जयपुर पहुंचे।
6	पन्द्रह मिनट तक उसने दोनों हाथ चलाए।	पंद्रह मिनट तक उसने दोनों हाथ चलाए।
4	मैंने एक सेविका को बुलाया ।	मैंने एक सेविका को बुलाया।
8	केंद्र सरकार भी जहाँ आवश्यक है वहाँ धन देता है।	केंद्रीय सरकार भी जहाँ आवश्यक है वहाँ धन देती है।
8	बाह्य अंतरिक्ष देवदूतों की ओर से अब तक हजारों अवशेष बाह्य अंतरिक्ष में ढेर हो चुके हैं।	बाहरी अंतरिक्ष यात्रियों के हिस्से के रूप में, अब तक हजारों अवशेष बाहरी अंतरिक्ष में एकत्र किए गए हैं।
7	सिक्खों के देवालय को हम गुरुद्वारा नाम से जानते हैं।	सिखों का मंदिर हम गुरु के नाम से जानते हैं।
9	श्रीफ्रांस की संख्या अंकीय-सार्वजनिक-समूह की संरचना-विषय पर गोल-मोटा-वह मन्त्रण सत्र में भी सम्मिलित होंगे।	श्रीफ्रांस अङ्कीय-सार्वजनिक-आधारित संरचना-विषय पर गोल-स्टेज-वह मंत्रण सत्र में भी शामिल होंगे।
11	विधानसभा उपाध्यक्ष विनय कुमार लाहौल-इस कार्यक्रम का संचालन स्पीती जिले के ताबोग्राम में किया जाएगा।	विधानसभा के उपाध्यक्ष विनय कुमार लाहौल-स्पीति जिले के ताबोग्राम में इस कार्यक्रम की अध्यक्षता करेंगे।
3	चंचल बोला।	चंचल ने कहा
4	सभी वैसे ही हो गए।	सभी वैसी ही हो गईं।
5	सोलर पैनल से वह रात में बिजली पाता है।	सौर पैनल से वह रात्रि में बिजली पाता है।
3	पराई स्त्री के साथ समागम नहीं करना चाहिए।	दूसरों के पास नहीं जाना चाहिए।
9	राजस्व मंत्री जगत सिंह ने कहा कि पहले ही संसाधनों का अभाव था।	राजस्व मंत्री जगत सिंह नेगी ने कहा कि पहले ही संसाधनों का अभाव है।
6	मेरे घर के सामने रास्ता है।	मेरे घर के सामने रास्ता है।
8	उस वर्ष सर्वश्रेष्ठ फ़िल्म ने पैसे प्राप्त किये थे।	उस वर्ष सबसे अधिक धन प्राप्त फिल्म थी।
5	कुल्लू, लाहौल, शांति जिलों के पर्वतों पर बर्फबारी हो गई।	कुल्लू-लाहौल-स्पीति-जनपदों के पहाड़ों पर बर्फबारी हुई।
3	मन्दिर में भक्त जाता है।	मन्दिर में भक्त जाता है।
6	आपके कक्षा अध्यापक कौन - सा विषय पढ़ाते हैं?	आपके कक्षा अध्यापक कौन-सा विषय पढ़ाते हैं?
1	अविनाशी	अविनाशी
3	वृक्ष से फल गिरते हैं।	वृक्ष से फल गिरते हैं।
17	वह''इंडिया''इसने कहा कि केवल लोकसभा चुनाव को लड़ने का फैसला किया गया है।	उन्होंने ''इंडिया''और कांग्रेस के प्रमुख सदन के साथ बैठक में असफलता का जिक्र किया कि केवल लोकसभा चुनाव लड़ने का निर्णय लिया जा रहा है।
12	इस अवसर पर प्रधानमंत्री नरेंद्र मोदी ने कहा कि पोंगल-दिन में तमिलनाडु-प्रदेश के हर घर से पोंगल-धारा बह रही है.	इस अवसर पर प्रधानमंत्री नरेंद्र मोदी ने कहा कि पोंगल-दिन में तमिलनाडु-प्रदेश के प्रत्येक घर से पोंंगल-धारा बहती है।
3	शोभना ने आलस छोड़ दिया।	शोभना ने आलस छोड़ दिया।
6	सज्जन परोपकार के लिए कष्ट अनुभव नहीं करता।	सज्जन परोपकार के लिए कष्ट अनुभव नहीं करता है।
4	उसके बीच में संदीप का फोन आ जाता है।	उसके बीच संदीप का फोन आता है।
4	तथा जो फैलनेवाली या किसीके सहारे ऊपरको चढनेवाली हैं उन्हें (लता) वीरुध कहते हैं ॥	निवृत्त हो और स्थिर हो शूरवीर हो ॥
4	सीता पत्रिका पढ़ती है।	सीता द्वारा पत्रिका पढ़ी जाती है।
8	मन ही मनुष्यों के कारण है, बंधनों से मुक्त होने का झुकना है।	मनुष्य के मन ही बन्धन और मोक्ष का कारण है।
8	नहीं हीं वैसा मत करिये , अधिक मत खाईये।	ऐसा न करें और अधिक न खाएँ
3	मैं रांची नगर में रहता हूँ|	मैं रांची नगर में रहती हूँ
4	वह बच्चा अद्भुत था।	वह बच्चा अद्भुत था।
1	हनन करके	बेचकर ।
7	नहीं कोई विशेष नहीं ।	सामा -नहीं , कुछ विशेष नहीं ।
12	यह ध्यान रखना चाहिए कि ऑनलाइन संस्कृत शिक्षण द्वारा हर रविवार को ऑनलाइन संस्कृत होती है-प्रश्नोत्तरी-प्रतियोगिता का आयोजन किया जाता है।	ध्यान रखना चाहिये कि ऑनलाइन संस्कृत शिक्षण के माध्यम से हर रविवार को ऑनलाइन संस्कृत-प्रश्नोत्तरी-प्रतियोगिता का आयोजन किया जाता है।
6	प्रकृति के क्रोधों से व्याकुल मनुष्य क्या कर सकता है?	प्रकृति से भयभीत मनुष्य क्या कर सकता है?
1	कार्यकर्ता	मजदूर
4	आप कहाँ रहते है?	आप कहाँ रहती हैं ?
4	वे वृद्ध नहीं  हीं हैं।	वे वृद्ध नहीं हैं।
10	तप अथवा किसी प्रकार की साधना का कार्य एक अकेला व्यक्ति ही अच्छा करता है, यदि दो छात्र मिलकर पढ़ें तो अध्ययन अच्छा होता है और गाने के लिए यदि तीन व्यक्ति मिलकर अभ्यास करते हैं, तो अच्छा रहता है। इसी प्रकार यदि यात्रा आदि पर जाना हो तो कम-से-कम चार व्यक्तिों को जाना चाहिए। खेती आदि कार्य ठीक प्रकार से चलाने के लिए पांच व्यक्तियों की आवश्यकता होती है, जबकि युद्ध में यह संख्या जितनी हो उतना अच्छा है|	अकेले तपो, दो, पढ़ना, गाना, तीन, चार आना, क्षेत्र पांच, और बहुत आना।
13	नईनियम के अनुसार नियुक्त पुलिस अधिकारियों को सामान्य प्रशिक्षण के साथ-साथ चतुर्दशी कमांडर प्रशिक्षण को सफलतापूर्वक बढ़ाना अनिवार्य है।	नए नियम के अनुसार नियुक्त पुलिसकर्मियों को सामान्य प्रशिक्षण के साथ चार महीने का कमांडो प्रशिक्षण सफलतापूर्वक उत्तीर्ण करना अनिवार्य किया गया है।
15	वह न हो, उन्होंने उन्हें व्याकरण पढ़ाने के लिए प्रेरित करने के लिए मित्र बनकर आचार्य पतञ्जलि ने ये प्रयोजन बताए।	वह न हो, इसलिए उन्हें व्याकरण पढ़ने के लिए प्रेरित करने के लिए उनके मित्र बनकर आचार्य पतञ्जलि ने ये प्रयोजन बताए।
7	परन्तु हे अर्जुन  जो पुरुष मन से इन्द्रियों को वश में करके अनासक्त हुआ कर्मेंन्द्रियों से कर्मयोग का आचरण करता है वह श्रेष्ठ है।।	हे अर्जुन ! जो पुरुष अपने मन से इन्द्रियों को कर्मों के योग से पूर्ण कर लेता है, वह श्रेष्ठ होता है।
13	सब प्रणियों के लिए जो रात्रि है? उसमें संयमी पुरुष जागता है और जहाँ सब प्राणी जागते हैं? वह (तत्त्व को) देखने वाले मुनि के लिए रात्रि है।।	मुनि जिस निशा के द्वारा समस्त प्राणियों की जागृति को संयमित करता है, उसी निशा में सब प्राणियों को देखता है।।
1	धन के अभाव में	धन की कमी के कारण
1	जो पता नहीं	अज्ञानी
18	सिंघवी सन् १९७७ में भारत के सबसे छोटे अतिरिक्त सॉलिसिटरनर थे, उन्होंने १९९८ तक एक वर्ष तक यह पद किया।	सिंघवी जी 37 में भारत के सबसे युवा अतिरिक्त सॉलिसिटर जनरल बने, उन्होंने 1998 तक एक वर्ष तक यह पद संभाला।
7	मध्य प्रदेश में लगभग द्वितीय तृतीयांश बहुमत के साथ भाजपा सत्ताधारण कर रही है।	मध्यप्रदेश में लगभग दो-तीन से अधिक भाजपा सत्ता धारण करती है।
9	नई हिमपात के कारण अटलकन्दरा को कोई भी वाहन की अनुमति नहीं है।	नए बर्फबारी के कारण अटलकन्दरा की ओर किसी भी वाहन की अनुमति नहीं है।
13	निवृति का नाम 'अपवर्ग' है । यही परम सर्वश्रेष्ठ शान्त पद है, यही अक्षर, यही ब्रह्म और इसी को मोक्ष कहते है । इस प्रसंग में मुमुक्षु पुरुषों के लिये उन्नति के उपायों का उपदेश करते हैं	हे मोक्ष ! निवृत्तिरूपी संसार के परम शान्त स्वरूप परमात्मा ब्रह्म ही वह मोक्ष है। वहाँ हम मुमुक्षनादि उपदेश करते हैं -
4	मदद करने से तुम्हारी क्या हानि है ?	तुम्हारी सहायता करते हुए क्या लाभ है ?
6	वे अक्षता प्रत्येक हिंदू घर में देने जाते हैं।	वे अक्षत प्रत्येक हिंदू घर में देने जाते हैं।
4	पिता कुर्सी पर बैठते हैं ।	पिता कुर्सी पर बैठता है
10	ये दोनों सभाओं में वार्षिक आय-व्ययक के लिए विधानसभा सदस्यों के निर्धारण के लिए चर्चा की जाएगी।	इन सभाओं में वार्षिक आय-व्ययक के लिए विधायी पात्रों के निर्धारण पर चर्चा की जाएगी।
6	हालांकि, इस आमोद-प्रमोद के श्रीकृष्ण जन्मभूमि सेवा संघ को तोड़ दिया गया।	फिर भी, इस साहमति के श्रीकृष्ण जन्मभूमि सेवा के टुकड़े टूट गए।
15	पशु हत्या का काम कभी भी न्याय के योग्य कार्य नहीं होना चाहिए, लेकिन इस अपराध से परिणामस्वरूप नरक की घटना होने वाली होनी चाहिए।	पशु हत्या का काम कभी भी उचित नहीं होना चाहिए, बल्कि इस अपराध के परिणामस्वरूप आपको नरक का दुःख भोगना चाहिए।
5	कर्ण ने ने नेकुल को घायल कर दिया।	कान ने नेवले को मार दिया ।
1	मांस का भक्षण न करने वाला	जो आशा से मुक्त है
21	महान् ऋषि-महार्षि जिसके भी योग्य स्थान पर जाते हैं, साधुक लोग जिसके भी योग्य स्थान पर जाते हैं, प्रेमी लोग जिसका भी योग्य स्थान है, जन्म-जन्म के बाद या पूरी तरह से अन्वेषण करके भी पूर्णतः उसी (गुणी) को प्राप्त नहीं हो सकते, भाग्य से उसी (गुणी) को प्राप्त हो सकते हैं। यही स्थान भगवान् चञ्चरण कमल रूपी है।	और जो स्थान महान् ऋषियों को, सज्जनों को, प्रेमियों को और अन्य लोगों को प्राप्त होता है, वह स्थान सदैव, जन्म-जन्मान्तरों में या पूरी तरह से खोजा जाए, उसे प्रायः प्राप्त नहीं कर पाते हैं, परन्तु दैवात् से कैसे पा सकते हैं? उसका स्थान तो भगवच्चरणकमल है।
10	वरिष्ठ कांग्रेस पार्टी के नेता ए रेवेंट रेड्डी ने राज्य के दूसरे मुख्यमंत्री के रूप में शपथ ली।	वरिष्ठ कांग्रेस नेता ए रेवन्त रेड्डी ने राज्य के दूसरे मुख्यमंत्री के रूप में शपथ ली।
16	कोई महाज्ञानी, प्रसिद्ध, अखिलेश्वराचार्य नाम के अनुसार परम गुरु एक गुरुकुल में विद्यार्थियों को अनेक प्रकार के ज्ञान-विज्ञान जैसे विषयों को नित्य पढ़ाते थे।	कोई महाज्ञानी, प्रसिद्ध, अखिलेश्वर आचार्य नाम का परम गुरु एक गुरुकुल में विद्यार्थियों को नित्य अनेक ज्ञान-विज्ञान विषय पढ़ाता था।
4	संस्कार भी आवश्यक होता है।	संस्कार भी आवश्यक होता है।
15	यह कार्यक्रम प्रधानमंत्री कार्यालय, सूचना प्रसारण मंत्रालय, डीडीन्यूज और अन्य के यूट्यूब चैनल पर आसानी से प्रसारित किया जाएगा।	यह कार्यक्रम प्रधानमंत्री कार्यालय, सूचना प्रसारण मंत्रालय डीडी न्यूज और अन्य यूट्यूब चैनलों पर आसानी से प्रसारित किया जाएगा।
3	अपने पुत्र की प्रशंसा नहीं करनी चाहिए।	पुत्र की स्तुति नहीं करनी चाहिए।
1	निकट	पास में
6	रात में जब तक हवा नहीं चलती है	रात को जब तक हवा नहीं चलती
4	ईश्वर भक्त कभी नहीं डरता है।	ईश्वर भक्त कभी नहीं डरता है।
3	मैं आलस छोड़ूँगा ।	मैं आलस छोड़ दूँगी।
14	मुकेश अग्निहोत्री ने कहा कि देवभूम के मंदिरों की भव्यता, सौन्दर्यकरण की कार्य योजना के निर्माण में बल दिया जा रहा है।	मुकेश अग्निहोत्री ने कहा कि देवभूमि के मंदिरों की भव्यता और सौन्दर्य के कार्ययोजना के निर्माण में बल दिया जाता है।
4	इस प्रकार चिन्ता करते हुए बड़े दूर से श्रीरामचन्द्रजी लौटने लगे। इधर उस मारीच का कहा हुआ शब्द सुनकर अत्यन्त भय और दुःख से व्याकुल हो सीताजी लक्ष्मण से इस प्रकार बोली"लक्ष्मण! तुम जल्दी जाओ तुम्हारे भाई असुरों से पीड़ित हैं ॥	इस प्रकार चिन्ता से व्याकुल होकर श्रीरामचन्द्रजी उससे दूर हट गए।
4	सभी मुनियों के साथ आज की पारणा  हमारे घर पर कीजिएगा।	आज विरह कीक्रिया समस्त मुनियों के साथ हमारे घर में करना चाहिये।
1	कषाय करना	पकाना
4	वह भूमि खनन करता है।	वह भूमि को खोदता है।
3	दर्शक नायक को सराहें ।	दर्शक नायक की प्रशंसा करते हैं।
3	उदाहरण के अनुसार अन्वय की पूर्ति करो	उदाहरण के अनुसार अन्वय की पूर्ति करो
10	पार्वती – माँ! वैसी अभिलाषा तो तप द्वारा ही पूरी होगी।	पार्वती  माँ , वैसी इच्छा तो तपस्या से ही पूर्ण होगी।
9	अरे ! चप्पल का मूल्य अधिक है। यह नहीं ।	चप्पल का मूल्य अधिक है। यह नहीं।
1	हृदय के घाव को	मन को हरने वाला
6	नहीं. आज स्नानघर में नहीं गाऊँगा।	नहीं आज स्नानगृह में नहीं गाऊँगा।
8	जो लोग पढ़ाई करना चाहते थे उनके नाम भारत ने चीन को सौंप दिए।	उनमें से जो अध्ययन जारी रखना चाहते थे, उनके नाम भारत ने चीन को समर्पित कर दिए थे।
5	हर किसी काम में दखल देता है।	वह सब जगह दवात चलाता है
1	घोड़े	घोड़े
5	आज रविवार है न !	आज रविवार है न !
6	आज यह रत्न अंग्रेजी वंशावली का हिस्सा है।	आज यह रत्न आंग्ल वंश का हिस्सा है।
6	जिसने सेवा धर्म स्वीकार किया, उसने जीवनसुख ही प्राप्त किया।	जिसने सेवा धर्म अपनाया, उसने जीवन सुख ही प्राप्त किया।
1	हँसने के लिए।	हँसने के लिए
18	ऐ लोगो ! यदि संसारमें कई-कई योनियोंको पाकर भटकते हुए थक गये हो और अब मुक्त होना चाहते हो तो सुनो, इस भगवती गीताको ही भजो विषम संसार सागरको पार करनेके लिये गीताके सिवा दूसरी नौका नहीं है।	हे मुमुक्षु भगवती यदि इस गीता को सुनो, तो कितनी थक चुकी हो, कितनी स्त्रियाँ थक चुकी हैं? संसार के समुद्र के समान समुद्र को पार करने के लिए तुम्हारा कोई साधन नहीं है।
7	बेटा , वो पुस्तक संस्कृत भाषा में हैं।	दादी  बेटा, वे पुस्तकें संस्कृत भाषा में हैं।
8	द्वारकाधीश होकर भी जो गौओंके चरानेवाले हैं तथा राजराजेश्वर होते हुए भी जो पार्थके सारथी बने हैं [उन अद्भुतकर्मा] परमेश्वर भगवान्को नमस्कार है ॥	श्रीद्वारकेश और गायोंको नमस्कार है राजराजेश्वर और पार्थसारेथके नमस्कार हैं ॥
9	इस सेब फल की ऋतु की सेब-पैकिंग के लिए एक सार्वजनिक पेटी की व्यवस्था लागू होगी।	हमारे सेब के मौसम से सेब पैकिंग के लिए एक सार्वजनिक पेटी की व्यवस्था लागू होगी।
13	जब लोग शिक्षा के द्वारा उचित रूप से संस्कारित होते हैं तो उन्हें कर्मशीलता और सामाजिक नम्रता का सम्मान करना चाहिए।	कर्मशीलता और सामाजिक संस्कृति का आधान छात्रों में तभी होना चाहिए जब लोग शिक्षा के माध्यम से अच्छी तरह संस्कारित होते हैं।
18	जो अत्यन्त चमकीले रत्नोंका मुकुट धारण किये हुए हैं, जगमगाते हुए लाल ओठोंसे सुशोभित हैं, सुन्दर केशधारी हैं तथा जो प्रभामय एवं दिव्य तेजसे सम्पन्न हो हाथोंमें कमल धारण किये हुए अपनी सुनहली कान्तियोंसे उस उदयगिरिपर सुशोभित होते हैं जो कि अपने शिखरपर विश्व, आकाश और ग्रहपतियोंको स्थान देते हैं, ऐसे सर्वानन्ददाता विष्णु-शिवादिसे नमस्कृत जगत् के नेत्ररूप सूर्य हमारी रक्षा करें	हे विश्वचक्षु! जो अपनी दिव्य तेज के करकमलों से सुवर्णाभूषित, ब्रह्मानन्दमण्डलपति के शिखर पर चमकता है और ब्रह्मा, अंतरिक्ष और ग्रहपति के स्वामी (श्रीकृष्ण) के शिखर के समान शोभायमान और सर्वदा आनन्द देने वाला है, ऐसा आप हरिहरन मुझे ही दें
6	माँ उसके लिए कपड़े देती है।	माँ उसके लिये वस्त्र देती है
4	यह सच है ?	यह बात सच है न
4	जब आऊँगा तब सूचित करूँगा।	जब आऊँगा तब सूचित करूँगा।
1	आलसी।	आलसी
9	हिमाचल प्रदेश विधानसभा क्षेत्र के विधानसभा क्षेत्र में आठवें दिन की कार्यविधि की शुरुआत से पहले भाजपा ने प्रदर्शन किया।	हिमाचल प्रदेश विधानसभा क्षेत्र के आठवें दिन के कार्यविधि के प्रारंभ से पहले भाजपा ने विधानसभा परिसर में प्रदर्शन किया।
5	आप किसके भाई हैं ?	आप किसके भाई हैं ?
5	कुमायूँ रेजिमेन्ट में कुमायूँ प्रदेश के वीर हैं	कुमायूँ रेजिमेन्ट मेंकुमायूँ प्रदेश के वीर है ।
3	तथा जिस दिन श्मशान में गमन हो और युद्धके दिन महोत्सव और उत्पातके दिन पढ़ना पढ़ाना योग्य नहीं तथा जिन दिनोंमें ब्राह्मण नहीं पढ़ते जैसे प्रतिपत् उन दिनोंमें नहीं पढ़ना और अशुद्ध होकर किसी दिन भी न पढ़े ॥	श्मशान यानायानाहवे महोत्सवों तथा प्रदर्शनों में।
10	भीमजी -  इस वर्ष यदि वर्षा नहीं हुई तो अकाल आ पड़ेगा।	भीमजी - इस वर्ष वर्षा नहीं होगी तो अकाल पड़ जाएगा।
10	मिस्त्री और उनके पारिवारिक मित्र एक कार में अहमदाबाद से मुंबई जा रहे थे।	मिस्र और उसके परिवार के मित्र कार द्वारा अहमदाबाद से मुम्बई जा रहे थे।
9	मैं आपकी माया से मोहित होकर पति पुत्र, धन आदि के लोभ में संसार सागर में मग्न थी, आज सौभाग्यवश आपके चरण कमलों के समीप आयी हूँ ॥	हे भगवन्! मैं तो संसार सागर में अपने पति, पुत्र और धन आदि के साथ घूम-घूमकर आज आपके चरणारविन्द की आड़ में आ गई हूँ ॥
4	हाथों, और पावोंमें चंद्रमंडलके समान गोल छेद करे तथा गुदा और लिंगमें शस्त्र लगाने की आवश्यकता हो तो बुद्धिमान् वैद्य अर्द्धचंद्राकृति छेद करे ।।	चन्द्रमा के मण्डल को काटने वाले मनुष्यों के पैदल चलने से
11	तनुज-जोशी, शूर, रोहित-पाण्डेय, स्नेहपंवार, हिमानी, पूजा नौटियाल ने क्रमशः प्रथम द्वितीय तृतीय तृतीय पुरस्कार जीता।	तनुज जोशी, वीरता, रोहित पांडे और स्नेहापंवार, हिमानी, पूजा नौटियाल ने क्रमशः प्रथम और तीसरे पुरस्कार जीते।
7	अयमावासीय प्रबोधनवर्ग जनवरी से जनवरी तक चला।	अयमावासी प्रबोधन वर्ग जनवरी से जनवरी तक चला।
5	एक छात्रा उसको मना करती है ।	एक छात्रा उसको मना कर देती है
3	मिलना	जाना
28	ऐसे अपव्यय संस्कार निवारण के बारे में पढ़ कर खुशी होती है, लेकिन लोग अपने घर, परिवार, समाज, गाँव में ऐसे कार्यक्रमों में भाग लेकर, अपना फोटो क्लिप कर, स्थिति पोस्ट करने में आनंद पाते हैं।	ऐसे अपव्यय संस्कारों के निवारण की बात पढ़कर आनंद होता है, लेकिन लोग अपने घर, परिवार, समाज, गाँव में ऐसे कार्यक्रमों में भाग लेकर, अपनी स्थिति पर क्लिक करके और तस्वीर पोस्ट करके आनंद पाते हैं।
8	इस अवसर पर संस्कृत विश्वविद्यालय के कुलपति, विद्वान शिक्षक, छात्र और अन्य लोग उपस्थित थे।	इस अवसर पर संस्कृत विश्वविद्यालय के कुलपति, विद्वान, शिक्षक, छात्र और अन्य लोग उपस्थित थे।
4	अधिक खाता हूँ तब बोलता है	अधिक खाता हूँ तब बोलता है
2	किए हुए को स्मरण कर	किया हुआ स्मरण करो
17	इसलिये इस विनाशशील संसार-संसार से मुक्ति प्राप्त करने के लिए जो वेद में कहा गया कर्मोपासना है, वह ज्ञान के द्वारा समान कहा जाता है। कर्म की सेवा से ज्ञान, और ज्ञान से भक्ति सिलाई जाती है।	इसीलिए वेदोक्त कर्मोपापन, जो हमारे विनाशशील दु:ख-संसार से मुक्ति के लिए किया जाता है, उसे ज्ञान के द्वारा समान कहा जाता है। कर्म से ज्ञान, सेवा से ज्ञान और ज्ञान से भक्ति सिद्ध होती है।
5	वह अब बैंक में ऑफिसर है	वह अब बैंक में अधिकारी है
11	उन्होंने कहा कि अब तक उन्होंने लगभग आधा हजार किलोमीटर की दूरी तक राज्य में भ्रमण किया है।	उन्होंने कहा कि आज तक वे राज्य में लगभग डेढ़ हजार किलोमीटर पैदल जा चुके हैं।
7	वे निशाचर वहाँ खड़े रहते हैं, वे हमें सबको प्रभावित करते हैं।	वहाँ बैठे वे राक्षस हम सबको व्याकुल करते हैं ।
8	केंद्रीय मोदी सरकार, जो केरल के साथ आर्थिक संघर्ष में लगी हुई है, ने हिमाचल प्रदेश को भूल कर दिया।	केरल के साथ आर्थिक युद्ध में फंसे केंद्र की मोदी सरकार हिमाचल को भूल गई है।
6	वह फ्रिज से पानी निकाल कर पीता है	वह फ्रीज से पानी निकालकर पानी पीता है।
4	आदिवासी लोग आत्मरक्षा स्वयं ही करते हैं।	आदिवासी अपनी रक्षा स्वयं करते हैं।
14	अन्य सभी पशुओं से पूछा कि आज तुम्हारे मित्र सियार नहीं दिख रहे हैं कहाँ हैं ?	अन्य सभी पशुओं के द्वारा पूछा गया कि आज तुम्हारा मित्र सियार नहीं दिख रहा है वह कहाँ है?
7	उन्होंने कहा कि शिक्षा संस्थानों की भूमिका से लोगों का विकास है।	उन्होंने कहा कि शिक्षा संस्थानों की भूमिका लोगों का विकास है।
3	शरबत में गुड़ मिलाया ।	शरबत में गुड़ मिलाया
3	राज्याधिकारी की आज्ञा है।	राजा की आज्ञा है
12	पूर्व मुख्यमंत्री पूर्वकेन्द्रीय मंत्री शान्ता कुमार ने कहा कि मंगलवार को वृत्तान्त खोलकर उनके हृदय में पसीना आया।	पूर्व मुख्यमंत्री और पूर्व केंद्रीय मंत्री शान्ता कुमार ने कहा कि मंगलवार को अखबार खोलने से उनका हृदय कांप गया।
13	अनेक नेताओं ने कहा कि सरकार निर्माण के एक वर्ष के बाद भी नियुक्त नहीं होते हैं-इस बात को दुःख है।	अनेक नेताओं ने कहा कि यह दुख की बात है कि सरकार के निर्माण के एक वर्ष के बाद भी नियुक्त नहीं होते हैं।
4	कृपया उत्तर लिखिये ।	कृपया उत्तर लिखिये।
4	ये दो जुलाहे हैं।	ये दो धागे हैं ।
6	बर्फबारी और भारी बारिश के कारण जिले में ठंडी लहर बढ़ी है।	बर्फबारी और बारिश के कारण जिले में सर्दी की लहर बढ़ी है
1	अनेक प्रकार के	अनेक प्रकार की
20	जैसे गीदड़ों को स्तुति करने के लिए उनके अपहरण को, मर्दन को, नखों के बिलाव को ये तीन पर्याय उपलब्ध हैं फिर भी वहाँ''गीदड़ बिना ही रहते हैं''इस वाक्य से अपहरण का आदेश दिया गया।	जैसे घोंसले को रोकने के लिए उनका अनाहन, मर्दन, नाखून का उच्छेद ये तीन पर्याय उपलब्ध हैं फिर भी वहाँ 'व्रीहीन हैं' इस वाक्य से अनाहन ही आदेश दिया गया है।
3	हाथ से ही धोता हूँ ।	हाथ से ही धोता हूँ
4	वह सबको सुख से पालता है।	वह सबको सुख से पालता है।
10	कुएँ से जल लाया हूँ, इसलिए वह शुद्ध ही है।	मैंने कुएँ से जल लाया है, इसलिए वह शुद्ध ही है।
1	बहुत अधिक	बहुत अधिक
6	कई प्रकार की हानि हौसी से हुई है।	हौसी ने अनेक प्रकार की हानि पहुँचवाई है।
4	दादा जी दूरदर्शन देख रहे हैं।	दादाजी दूरदर्शन देखते हैं
3	प्रतिदिन बारह पैसे।	प्रतिदिन बारह अंक।
15	श्रीरामचन्द्र के कुल के मूल ये भगवान् सूर्य धन्य हैं। भगवान् सूर्य सभी के प्रणम्य हैं, यही विचार कर उदीयमान सूर्य को प्रणाम करता हुआ गुरुसेवा में कुशल कोई ब्राह्मण बालक अपनी पर्णकुटी से बाहर निकला।	धन्य यह कुलमूल श्रीरामचन्द्र का है, प्रणाम करके यह विश्वास करता हूँ कि अपने पराक्रमी घर से निकलते हुए कोई गुरु सेनानियों में श्रेष्ठ
4	उसकी बात करने की शैली हँसी से भरी है।	उसकी बात करने की शैली हँसी से भरी है
8	छात्रों के लिए प्रशिक्षण संस्थानों के लिए भी नेट बुक का निर्माण करना होगा।	छात्रों को अब प्रशिक्षण संस्थानों के लिए भी नेटपुट बनाना होगा।
10	समापन में आदि भारतं भारतं भवतु भारतम्  ये गीत गाएगा ।	समापन में आदि भारतं भारतं भवतु भारतम् गीत गाएगा।
9	72 यात्रियों को लेकर आसमान में उड़ रहा विमान दुर्घटनाग्रस्त हो गया और राख में तब्दील हो गया.	विमान 72 यात्रियों के साथ आकाश में उड़ रहा था और पूरी तरह से नष्ट हो गया.
3	वह पहुँची।	वह पहुँची।
11	उद्योग मंत्री ने यह भी आरोप लगाया कि भाजपा इस मामले में राजनीति कर रहा है।	उद्योग मंत्री ने यह भी आरोप किया कि भाजपा इस मुद्दे पर राजनीति कर रहा है।
8	यूक्रेन पर रूस के औपनिवेशिक आक्रमण के बाद पहली बार पुतिन-मोदी केंद्रित चर्चा पूरी.	यूक्रेन पर रूस के कब्जे के बाद पुतिन-मोदी की पहली आमोद-प्रमोद वार्ता हुई.
5	सीवान के सभी लोग भयभीत हैं	सीवान के सभी लोग भयभीत हैं
9	उन्नत और पुष्ट कन्धोंपर लटकते हुए कुण्डल तथा अलकोंसे जिनकी सदृश (उन्नत) ग्रीवा मनोहर मालूम होती है जो अपने मुखकी शोभासे निर्मल पूर्णचन्द्रविम्ब तथा श्वेत कमलको कान्तिको तिरस्कृत कर रहे हैं हुए सुन्दर पद्मके समान जिनके मनोहर नेत्र हैं; विलासमयी भौंहें हैं, अमल अधर हैं, मधुर मुसकान है, कोमल कपोल, ऊँची नासिका और भालदेशमें लटकी हुई अलकें हैं [ ऐसे आपको मैं कब आनन्दित करूंगा ? ]	जिनका मुखकमल से निकली हुई निर्मल अमृत से भरा हुआ है, शुभ्म्बा, होज, उज्ज्वलशरीर, प्रबुद्ध मुख, भुज, नेत्र और नेत्र उज्जवल नेत्र हैं, जिनके नेत्र श्वास-प्रबुद्धिम होश से व्याकुल हैं, जिनका नेत्र शोभा पोंछते हुए हैं, कमलके समान श्यामसुन्दरके आश्रय हैं, मस्तक अति कोमल नेत्रोंसे झुकनेवाले, सुन्दर नेत्रवाले और अति दीप्तिमान हैं, जिनकी भुजाओं में मनोहर मनोहर वाणी है, जिनके मनोहर वक्षःस्थलमें दीप्ति है, जो मनोहर मुखकमलोंसे भी दीप्तिमान् हैं तथा जिनके शरीरमें दीपकमग्न और मनोहर हैं, ऐसे श्रीरामचन्द्रजीकांतजीके मनोहर कमललोचन हैं, उन श्रीरामगीताजीका बहुत सुन्दर, सुन्दर और सुन्दर वन्दनीय हैं ॥
5	आज आपका कार्यक्रम क्या है ?	आज आपका क्या कार्यक्रम है ?
3	भाई दूज के बाद आऊँगा।	भाई दूज के बाद आऊँगा।
4	देवस्थान के चारों ओर वन है।	देवस्थान के चारों ओर वन है।
7	एक दिवसीय विश्व कप-खेल में क्रिकेटर मोहम्मद शमी ने सर्वश्रेष्ठ प्रदर्शन किया-खेली मोहम्मद शमी,	एक दिवसीय विश्व कप-खेल में अच्छा प्रदर्शन किया क्रिकेट-खेली मोहम्मद शमी,
10	एशिया से दो, अफ्रीका की चार टीमें और दो एसोसिएशन क्वार्टर फाइनल के लिए क्वालीफाई करेंगी।	एशिया से दो, अफ्रीका से दो संघों के साथ चार खिलाड़ी पिछले क्वार्टर दौर में जगह ले रहे हैं।
3	नदी का नाम गङ्गा ।	नदी का नाम गंगा है।
17	अपने शरीर को ही सिद्ध करना या दिखाने के लिए प्रयत्न करना चाहिए, परन्तु तुम्हारी कामना के लिए राज्य नहीं, स्वर्ग की प्राप्ति के लिए कामना करने के लिए प्राणों का नाश नहीं करना चाहिए।	देह भले ही सिद्ध हो या काम, मैं कामना में राज्य नहीं, स्वर्ग नहीं, कामना में पुनर्भव न और कामना में दुःख से तपे हुए प्राणों का नाश नहीं करता हूँ।
1	प्रायश:	अनेक बार
11	माता - आहा, मेरा बेटा तो अब बर्तन भी	माता -आहा , मेरा बेटा तो अब बर्तन भी .....
7	योग दर्शन की अध्येता और अनुसंधानकर्त्ता के रूप में आपका अनेक वर्षों का लम्बा अनुभव है।	योगदर्शन के शोधकर्ताओं के रूप में विदुषी शैलपुत्री का 20 वर्ष का अनुभव है।
6	साथ ही भारत का निर्यात बढ़ेगा।	साथ ही भारत का निर्यात बढ़ेगा।
4	सुकृति – बाद में फल	सुकृति बाद में फल
6	स्त्रियों के लिए संस्कृत शिक्षा लगभग अप्रचलित थी।	स्त्रियों के लिये संस्कृत शिक्षण प्रायः प्रचलित नहीं था।
7	जब वह क्रोध करती है तब दर्शक भी क्रोध करते हैं।	जब वह क्रोध करती है तब दर्शक भी क्रोध करते हैं।
9	रोगी क्रोध से बोला- मेरा वैद्य यम ही  है ।	रोगी ने क्रोध से कहा कि मेरा वैद्य यमुना ही है।
9	बच्चे चीनी अधिक खाते हैं तो दाँत जल्दी से टूट जाते हैं।	बच्चे अधिक चीनी खाते हैं तो दाँत जल्दी टूट जाते हैं
5	प्रतीक भी आ गया क्या ?	क्या प्रतीक भी आ गया ?
6	मैं " विद्यालय से " आ रहा हूँ !	मैं विद्यालय से आता हूँ !
9	रजोगुण के प्रवृद्ध काल में मृत्यु को प्राप्त होकर कर्मासक्ति वाले (मनुष्य) लोक में वह जन्म लेता है तथा तमोगुण के प्रवृद्धकाल में (मरण होने पर) मूढ़योनि में जन्म लेता है।।	तुम रजोगुण में जाकर कर्मों के साथ रहने वाले हो। उसी प्रकार मूर्खों में प्रलय होती है।
4	कौन दान देता है ?	कौन दान देता है ?
6	मेरे मित्रों में से किसी ने भी चाइना का दीप नहीं खरीदा।	मेरे किसी मित्र ने चाइना दीप नहीं खरीदा।
4	वे दोनों वस्त्रों को रंगते हैं ।	वे दोनों कपड़े रजत हैं ।
15	एक निश्चित समय पर 3-3 एक ऐसी प्रतियोगिता है जो बराबरी के स्तर पर पहुंच गई है''मुठभेड़''तब''सदन दैट''यह लंबाई है.	निर्धारित समय पर-3 प्रतियोगिता, जो लक्ष्य गेंदबाजी के माध्यम से समान स्थिति पर पहुंची'''शूटआउट''फिर''सदन डट''इसकी लंबाई बढ़ गई।
5	दो गोलक के बीच गन्ना पिसता है।	दो गोलक के बीच गन्ना पिसता है।
4	हाथों, और पावोंमें चंद्रमंडलके समान गोल छेद करे तथा गुदा और लिंगमें शस्त्र लगाने की आवश्यकता हो तो बुद्धिमान् वैद्य अर्द्धचंद्राकृति छेद करे ।।	चन्द्रमा के मण्डल को काटने वाले मनुष्यों के पैदल चलने से
2	निन्दक निन्दा करता है।	निन्दा करनेवाला धूमता है।
8	मैं शस्त्रों में वज्र और धेनुओं (गायों) में कामधेनु हूँ, प्रजा उत्पत्ति का हेतु कन्दर्प (कामदेव) मैं हूँ और सर्पों में वासुकि हूँ।।	मैं आयुधाना हूँ, वज्र हूँ, गाय हूँ, कामधेनु हूँ, प्रजन हूँ, कन्दरा हूँ, सांप हूँ, वासुकि हूँ
6	आठ मिनट की निरीक्षण उड़ान के बाद, विमान सुरक्षित रूप से नीचे उतर गया।	आठ मिनट निरीक्षण के बाद विमान सुरक्षित रूप से जमीन पर उतरा।
7	धृतराष्ट्र ने वीरों के वीरता को सुनने की इच्छा व्यक्त की।	धृतराष्ट्र ने वीरों की वीरता सुनने की इच्छा व्यक्त की।
1	बनती है।	उपलब्ध हो जाता है
3	बालिका पढ़ी।	बालिका पढ़ी।
18	मानवीय जीव हम सम्भाषणशील होते हैं, पशुओं की भी भाषा तो अच्छी संस्कृत भाषा मनुष्यों की ही है, और कालखंड में भाषाएँ बाद में होती हैं।	मानवीय जीव हम सम्भाषण शील वाले पशुओं की भी भाषा है परन्तु सुसंस्कृत भाषा संस्कृत मनुष्यों की ही है, इस प्रकार कालखंड में भाषांतर होती है।
1	पुल मुद्रा	ब्रिजिंग आसन
5	क्या भरत को धर्म के अनुसार राज्य में पाल लिया जाता है?	क्या भरत धर्म के अनुसार राज्य में पालते हैं?
4	विमल के घर हवन हो रहा है।	विमल के घर यज्ञ होता है।
4	बालक मन्दिर देखता है।	बालक मन्दिर देखता है।
6	खिचड़ी देओ और दूध वहाँ ले जाओ ।	खिचड़ी दे और दूध ले जा
3	वहाँ संस्कृत सम्भाषण वर्ग चल रहा है ।	वहाँ संस्कृत सम्भाषण वर्ग चल रहा है
6	शाकम्भरी देवी के वरदान से वासुदेव जी लावणजलाशय पहुँच गए।	शाकम्भरी देवी के वरदान से वासुदेव को लावणजलाश मिला।
5	इसके लिए मिशन का निर्माण भी विचार किया जा रहा है।	इसके लिए कृत्रिम चिकित्सा मंत्रालय का निर्माण भी विचार किया जा रहा है।
12	लोकसभा भारतीय न्यायसंहिता द्वितीयसंहिता भारतीय नागरिकाक्षा द्वितीयसंहिता और भारतीय दैविका द्वितीय विधेयक विषयों पर निरन्तर चर्चा कर रही है।	लोकसभा भारतीयन्यायसंहिता द्वितीय भारतीयनागरिकरक्षा द्वितीय और भारतीय साक्षी द्वितीय विधेयक के बारे में लगातार चर्चा कर रही है।
3	छात्र आपस में बोलते हैं।	छात्र आपस में बोलते हैं।
10	उस समय यह ही फैशन था, यह ही अनुराग था।	उस समय यह ही फैशन था, यह ही अनुराग था।
4	मैं सदा ही बाग़ को जाता हूं।	मैं हमेशा बाग को जाता हूं।
5	मैं मधुमेह रोग से पीड़ित हूँ	मैं मधुमेह रोग से पीड़ित हूँ
8	दुबई-शहर जाने का विषय भी यहाँ प्रासंगिक नहीं है।	दुबई जाने का विषय भी यहाँ प्रासंगिक नहीं है।
11	मेरा दर्शन होने से निःसन्देह तुम्हारी मुक्ति हो जायेगी। यदि तुम जानती हो तो बताओ कि इस समय कमललोचना सीता कहाँ है ? मेरी प्रियदर्शना प्रिया को कौन ले गया है ? ॥	मेरे दर्शनों की मुक्ति हेतु तुम इसमें कोई संशय नहीं रखते हो। आप यदि जानते हो तो मुझे बताओ, कमललोचन सीता जी।
4	हे सरस्वती (वाणी) आप अपनी नवीन वीणा को बजाओ।	नवीन नाम की वाणी बजाओ। वीणा का।
4	अतिथियों ने भोजन किया।	अतिथियों ने भोजन किया।
13	पुटुपल्ली के बिना झारखंड राज्य में धुआं, त्रिपुरा में धनपुर, बक्सानगर, बागेश्वर, घोसी और धुपगुड़ी जिलों में भी उपचुनाव हुए।	पुटुपल्ली के बिना झारखंड में धूमरी, त्रिपुरा में धनपुर, बोक्सानगर, बागेश्वर औरघोसि में धूपगुड़ी जिलों में भी उपचुनाव हुए.
8	नहीं जानता , रास्ता कब जाने योग्य होगा ।	नहीं जानता , रास्ता कब जाने योग्य होगा
7	2005 के बाद से, उन्होंने विभिन्न वस्तुओं को इकट्ठा करके अपना पहला विश्व रिकॉर्ड हासिल किया है।	2005 में, उन्होंने विभिन्न वस्तुओं का संग्रह करके पहला विश्व रिकॉर्ड हासिल किया।
11	पुरातन परंपरा के समाप्ति द्वारा केवल निर्वाचित प्रतिनिधियों का, सरकारी जिम्मेदारियों और नेताओं के नामों का भी उल्लेख किया जाएगा।	पुरानी परंपरा के अंत से केवल निर्वाचित प्रतिनिधियों, सरकार के जिम्मेदार नेताओं के नाम लिखे जाएंगे।
1	धनुष को	धनुष
16	शाह ने आगे कहा कि पूर्व प्रधानमंत्री जनौषधि-केंद्रों से अधिकांश शहर वास्तव में निर्धन लोग ही लाभान्वित होते थे।	शाह ने कहा कि पूर्व प्रधानमंत्री जन स्वास्थ्य-केंद्रों से अधिकतर शहर के वास्तविक निर्धन लोग ही लाभान्वित होते थे।
3	कार से बैग्स उतारे।	गाड़ी से बैग्स उतारे।
12	केरल के पूर्व मुख्यमंत्री और वरिष्ठ कांग्रेस नेता उम्मन चांटी का बेंगलुरु के एक अस्पताल में निधन हो गया।	केरल के पूर्व मुख्यमंत्री और कांग्रेस के वरिष्ठ नेता उम्मन चांटी का बेंगलुरु अस्पताल में निधन हो गया।
11	दीपक के बुताने पर जो तेल की गन्ध उठती है उसको जो लोग नहीं सूंघ सकते हैं, या जो लोग मित्रों के हित वाक्यों पर ध्यान नहीं देते हैं. या उत्तर दिशा में स्थित सात ऋषियों के पास के छोटे अरुन्धती नक्षत्र को आकाश में नहीं देख सकते हैं. उनकी मृत्यु निकट ही समझनी चाहिए अर्थात् वे ज्यादा दिन इस संसार में नहीं रहेगें, शीघ्र ही नष्ट हो जाएँगे।	जो दीपक जलाते हैं, सुहृद् वाणी बन्द कर देती हैं, वे न सूँघती हैं, न सुनती हैं और न देखती हैं।
5	मैं शुद्ध घी ही खाता हूँ।	मैं शुद्ध ही घी खाता हूँ
3	मैं आलस छोड़ूँगा ।	मैं आलस छोड़ दूँगी।
11	साल का''शांत भारत''उन्होंने स्वतंत्रता आंदोलन में भाग लिया और इसके लिए दो बार जेल गए।	सन् 1942 में हुए स्वाधीनता आंदोलन में उन्होंने भाग लिया और उसके कारण दो बार जेल में बन्द किये।
9	वह कहता है - "माँ मुँह बहुत सूख गया है"	वह कहता है - माँ , मुख बहुत सूख गया है
5	दुःशासन द्रौपदी का चीर खींचता है।	दुशासन द्रव्यों के टूट जाने को प्रेरित करता है।
1	ऋषियों ने	विद्वान्
6	सदा सच बोलो, झूठ नहीं ।	सदा सच बोलो, असत्य नहीं ।
7	देवसभा अर्थात् सत्संग, जहाँ ज्ञान भक्ति चर्चादि होती है।	देवसभा अर्थात् संगम, जहाँ ज्ञान भक्ति और बातचीत सम्भव होती है।
16	आञ्चल के संस्कृत विषय अध्ययन की विशेष रुचि थी, उसकी रुचि, उत्साह, और समर्पित करने के कारण वह सफल रही है।	आञ्चल के संस्कृत विषय अध्ययन की विशेष रूचि थी, उसकी रुचि, उत्साह, और समर्पित करने के कारण वह सफल रही।
3	होली जल गई।	होली जली हुई
1	आटा पीसी हुई कोई वस्तु	पकाना
8	राजा बोला- हे मनुष्य तुम नहीं जानते मैं कौन हूं।	राजा ने कहा -पुरुष , तुम नहीं जानते कि मैं कौन हूँ ।
14	पूरे देश में प्रधानमंत्री नरेंद्र मोदी पर विश्वास है, भाजपा का जीत केवल मोदी नाम से हुई।	पूरे देश के प्रधानमंत्री नरेंद्र मोदी पर विश्वास है, भाजपा की जीत केवल मोदी को प्राप्त हुई है।
7	एक सौ ग्यारह वर्ष के शिवकुमार स्वामी पिछले सप्ताह दिवंगत हुए।	ग्यारह सौ से अधिक वर्ष के शिवकुमार स्वामी का पिछले सप्ताह निधन हो गया।
3	कभी कभी नासमझ हो जाती है ।	कभी कभी मतभेद होते हैं
4	इनका नाम कृषिप्रशिक्षु होगा।	इनका नाम कृषिप्रशिक्षक होगा ।
8	सभा में आकर पहले धर्मशाला विधेयक पर सुधीर शर्मा ने अभिनन्दन किया।	सभा में आकर उन्होंने पहले धर्मशालाविधायक सुधीर शर्मा को बधाई दी।
21	फिर महाराज दशरथ ने पुत्र राम को ङ्क में बिठाकर दोनों हाथों से पकड़ा और सहन करके कहा हे राम ! तुम से अलग हुए मेरे लिए स्वर्ग की प्राप्ति भी समान नहीं है।	वहाँ से राजा दशरथ ने पुत्र राम को गोदी में उठाकर हाथों से पकड़ लिया और वचन को सूंघकर कहा हे पुत्र राम ! तुम्हारे बिना मेरे स्वर्ग का सुख भी समान नहीं है।
21	इसके विपरीत मुख्यमंत्री के.चंद्रशेखरराव ने गजवेल निर्वाचन क्षेत्र की चिन्ता में मताधिकार का प्रयोग किया, भारत की राष्ट्रीय समिति के कार्यरत अध्यक्ष तारकारामराव नेहैदराबाद में तारकारामराव और राज्यकंगेस के अध्यक्ष रेवन्तरेड्डी कोडंगल में मतदान किया।	इसी प्रकार मुख्यमंत्री के. चंद्रशेखर ने गजवेल निर्वाचन क्षेत्र के चिन्तामण्डल में मतदान का प्रयोग किया, भारत राष्ट्र समिति के कार्यरत अध्यक्ष तारकरांव हैदराबाद में तारकराँव, राज्य कांग्रेस के अध्यक्ष रेवेन्द्रेड्डी ने कोडिंग में मतदान किया।
6	पत्नी - घर में एक चूहा घुस गया है	पत्नी -घर में एक चूहा घुस गया है ।
6	वे सभी धर्मशाला में रहेंगे।	वे सभी धर्मशाला में रहेंगे।
8	विद्यार्थियों के विभिन्न विषयों के विकास के लिए दौलत सिंह हमेशा तत्पर रहते थे।	विद्यार्थी के विविध विषयों के विकास के लिये दौलतसिंह हमेशा तत्पर रहते थे।
4	वह घर की रक्षा करता है क्या?	क्या वह घर की रक्षा करता है?
5	मुख्य द्वार खुला था ।	मुख्य दरवाज़ा खुला था।
1	देखने के लिए	देखने
19	शाहजहांपुर जिले के खुदागंज निवासी आचार्यविक्रांत सिंह की बिहार लोक सेवा आयोग में तीन अलग-अलग स्थानों का चयन किया गया, जिसके कारण से परिवार में हर्षोल्लास का वातावरण है।	बिहार लोकसेवा आयोग में शाहजहांपुर जिले के खुदागंज निवासी आचार्य विक्रांत सिंह के तीन अलग-अलग स्थानों का चयन किया गया है, जिसके कारण परिवार में हर्षोल्लास का वातावरण है।
1	प्रवण आसन	अद्भुत मुद्रा
31	राज्य में 1416 विद्युत् पंखुड़ियों के अवरोध से सौ परिवार अंधेरे में हैं, जिससे तीव्र ठंड की विद्युत् के अभाव से लोग कम्पन करने के लिए कुल्लूमण्डल में 486, चंबा में 319, सिरमौर में 2४५, मंडी में 220, शिमला में 103, किन्नू में 30 विद्युत् पंखुड़ियों की बिजली की पूर्ति बाधा है।	राज्य में 1416 बिजली के वाहकों के टूटने से सैकड़ों परिवार अंधेरे में हैं, जिससे कठोर ठंड के समय की बिजली का अभाव के कारण लोग काँपने के लिए बाध्य हो जाते हैं कुल्लूमंडल में 485, चंपा में 319, सिरमौर में 245, मंडी में 221, शिमला में 113, किन्नौर में 30 बिजली से भरने में असमर्थ हैं।
6	अहमद सड़क पर गिर पड़ा, इसलिए वह हँसता है	अहमद रास्ते में गिर गया है इसलिए वह हँसता है ।
10	उन्होंने लगभग सात सौ फिल्मों में अभिनय किया और सर्वश्रेष्ठ अभिनेता का राज्य पुरस्कार जीता।	उन्होंने लगभग सात फिल्मों में अपना अभिनय प्रदर्शन किया और राज्य पुरस्कार जीता।
5	प्रश्न - अभी क्या बजा है ?	प्रश्न :- अभी क्या बजा है ?
1	पंत	पैंट
9	लोसभा हॉल में वित्त मंत्री ने 21,000वां वर्ष का चौबीस-पांचीस-यह प्रशासन द्वारा अनुमानित उपलब्धियों की रिपोर्ट प्रस्तुत की गई है।	लोसभा में वित्त मंत्री ने वर्ष के चौबीसवें-पांचवें वर्ष में प्रशासन के अनुमानित उपलब्धियों की रिपोर्ट दी।
3	सूक्ष्म शोधन 27 नवंबर।	27 नवम्बर को माइक्रोस्कोप
8	भैया ! मैं मेरे बेटे को यहाँ बिठाकर जा रही हूँ।	भैया ! मैं मेरे पुत्र को यहाँ रखकर जाता हूँ।
8	छात्रों के लिए प्रशिक्षण संस्थानों के लिए भी नेट बुक का निर्माण करना होगा।	छात्रों को अब प्रशिक्षण संस्थानों के लिए भी नेटपुट बनाना होगा।
3	तुम फूल लाते हो	तुम फूल लाते हो
1	दिन ब दिन	प्रतिदिन
8	शाम को जैस्मी का झगड़ा हिमाचल प्रदेश के मेनका देवी के साथ होगा।	समापन चक्र में जैस्मीन का टकराव हिमाचल प्रदेश के मेनकादेवी से होगा।
1	पूरी तरह से नष्ट	संहार करना
5	आपकी पेंट की जेब में फिर से देखिये।	अपने पत्ते की जेब में फिर से देखिये।
6	इस प्रकार विद्यालयीय इंटरनेशनल गीता महोत्सव का उद्घाटन किया गया।	इस प्रकार विद्यालय का अंतर्राष्ट्रीय गीता महोत्सव शुरू हुआ।
7	राम के साथ लक्ष्मण भी वन को गया था।	राम के साथ लक्ष्मण भी वन को गया था ।
6	कल निवेदिता, विद्यालय की शिक्षिकायें आयी थीं। ।	कल निवेदन किया गया विद्यालय के शिक्षक आए थे।
3	वे राष्ट्रगीत गाती हैं।	वे राष्ट्रगीत गाती हैं।
11	कार्यक्रम के अध्यक्ष केंद्रीय संस्कृत विश्वविद्यालय के निदेशक-लखनऊ परिसर के निदेशक प्रो. एस.के. ने श्री सर्वनारायण झा. को संबोधित किया।	यह कार्यक्रम केंद्रीय संस्कृत विश्वविद्यालय के अध्यक्ष हैं-लखनऊ परिसर के निदेशक प्रोसर्वनारायण झा ने प्रतिपादित किया।
3	वह बोला	वह बोला
6	मैं साढ़े आठ बजे घर से निकला।	मैं साढ़े आठ बजे घर से निकला।
12	तब लक्ष्मणजी श्रीरामचन्द्रजी से बोले " हे देव ! यह मृग का रूप धारण किया हुआ निःसन्देह मारीच है, क्योंकि इस प्रकार का मृग कहाँ हो सकता है ? ॥	लक्ष्मणजी बोले हे राम यह देवताओं में मृग रूप धारण करने वाला है इसमें संदेह नहीं कि यह मृग कहाँ से आया ? ॥
4	फिर भी वह वस्तुएँ खरीदती है।	फिर भी वह वस्तुएँ खरीदती है
3	मैं तेज दौड़ता  हूँ।	मैं तेज दौड़ता हूँ
12	अमेरिकी डॉलर के गुलाम ने बुधवार को तेल की कीमतों पर सहिष्णुता का कारण बनकर अमेरिकी डॉलर का लाभ उठाने में मदद की।	डॉलर रुपये ने कच्चे तेल की कीमतों में नरमता के कारण बुधवार को रुपये का लाभ उठाने में मदद की।
14	उसके शिर में ही ऐसी शक्ति होती है जिससे वह सुनने में समर्थ होती है परन्तु बहुत थोड़ा।	उसके सिर में ही ऐसी शक्ति होती है जिससे वह सुन सकता है, परन्तु बहुत अधिक ।
5	दीपावली के लिये भी वस्तुएँ खरीद रहे हैं	दिवाली पर्व के लिये वस्तुएँ खरीदते हैं।
11	संसारका विषयानन्द और परलोकका महान् दिव्यानन्द ये तृष्णाक्षपके आनन्दके सोलहवें भाग भी नहीं हो सकते	और काम, सुख, लोभ, दिव्य तथा महत् सुख यह सोलहवीं कला तृष्णा, क्षय, सुख आदि के लिए हितकारी नहीं है।
1	जो (दो)	तुम दोनों ने
8	पर्यटकों ने अपने मोबाइल फोन से महानाटमी को पकड़ कर स्वभाव चित्र लिया।	पर्यटकों ने अपने मोबाइल पर महानाती को लेकर स्वभाव की तस्वीरें लीं।
12	भारत के मुख्य आयुक्त ने कहा कि मंदिरों पर हमले का उद्देश्य भेदभाव और शांति भंग करना था।	भारत के मुख्य आयुक्त ने बताया कि हमले का उद्देश्य मंदिरों पर हमला करना और पारस्परिक जांच करना और शांति को नष्ट करना था।
14	आयोजक विश्वविद्यालय के प्रोसुश्री शिप्रा राय अध्यक्ष थीं। संयोजक डा. शंकरनाथ तिवारी ने सभी के प्रति आभार व्यक्त किया।	आयोजक विश्वविद्यालय की प्रोशिप्रा राय सभा अध्यक्ष थीं। वहीं समन्वयक डॉ. शंकरनाथ तिवारी ने सबको अपनी कृतज्ञता का ज्ञान कराया।
5	तुम दोनों रस्सी चलाओ।	तुम दोनों रस्सी चलाओगे।
7	छात्र –मेरी माँ अच्छी शिक्षिका है।	छात्र  मेरी माँ अच्छी शिक्षिका है।
11	साथ ही उन्होंने कहा कि शिक्षा के क्षेत्र में संस्थान का योगदान जारी रहना चाहिए.	साथ ही अमुना ने कहा कि शिक्षा के क्षेत्र में संस्थान का योगदान निरन्तर ही आगे जैसा रहता रहे।
8	कार्यक्रम की शुरुआत वैदिक मंगलाचरण के साथ हुई जिसके बाद विश्वविद्यालय गान गाया गया।	कार्यक्रम के आरंभ में वैदिक मंगलाचरण एवं विश्वविद्यालय का राष्ट्रगान हुआ।
1	विद्यावान्	विद्वान्
5	मध्यप्रदेश में कौन-से राष्ट्रीय उद्यान हैं?	मध्य प्रदेश में कौन-से राष्ट्रीय उद्यान हैं?
11	अध्यापिका – मुझे यह विचार अच्छा लगता है। ये राज्य भ्रमण के लिए स्वर्ग के समान हैं।	अध्यापिका  मुझे यह विचार अच्छा लगता है। ये राज्य तो घूमने के लिए स्वर्ग के समान हैं।
3	ज्येष्ठ आषाढ ग्रीष्म ॥	शुद्धशुक्र ग्रीष्म ॥
1	स्वीकार करके	प्रवास
9	हे पार्थ ! वही यह भूतसमुदाय, है जो पुनः पुनः उत्पन्न होकर लीन होता है। अवश हुआ (यह भूतग्राम) रात्रि के आगमन पर लीन तथा दिन के उदय होने पर व्यक्त होता है।।	वह भूत-ग्राम इस प्रकार होकर नष्ट हो जाता है और रात्रि के आने पर अचानक ही पार्थ (परमात्मा) के आगमन पर आ जाता है।
6	नहीं नहीं पिताजी , मैं ले जाऊँगा	नहीं पिताजी मैं ले जाऊँगा
10	पुनः बन्धुओं सहित मुनिजनों के द्वारा धर्मशास्त्र का रहस्य गुनते तथा उसकी व्याख्या भी करते थे ॥	वह अपने बन्धुओं के साथ नित्यभोजन करता है, धर्मशास्त्र के रहस्यों को सुनता है और व्याख्यान करता है ॥
9	प्रधानमन्त्री वहाँ प्रदर्शनी में आए थे, भूमिभङ्गप्राचीर का भी अनावरण किया।	प्रधानमंत्री वहाँ ही प्रदर्शनी में आए और भूमण्डल की दीवार का भी अनावरण किया।
6	जेपी नड्डा शाम को कुल्लु नगर जाएगी।	जेपी नड्डा शाम को कुल्लू जाएगी।
9	इस संबंध में मुख्यमंत्री प्रबोध सक्सेना ने रविवार को छुट्टी के दिन आदेश भी जारी किए।	इस संबंध में मुख्यमंत्री प्रबोध सक्सेना ने छुट्टी पर भी आदेश जारी किये।
13	इस समय तो वह आप जैसे भी मेरा मित्र है इसीलिए इस संस्कार का विधिवत् पालन करें।	इस समय तो वे आप जैसे मेरे मित्र हैं इसलिये इसका संस्कार यथाविधि करिये।
3	छोटा बच्चा लड्डू थोड़ा सा खा रहा है।	छोटा बच्चा लड्डू स्वाद ले रहा है।
8	रिपोर्ट में कहा गया है कि वह इस महीने की 22 तारीख तक एकांत कारावास में नहीं रह सकते।	रिपोर्ट के मुताबिक, यह इस महीने की 22 तारीख तक अंतरिक्ष में नहीं होगा।
10	उससे क्रोधित सूर्यदेव ने छाया और शनिदेव का घर जला दिया।	उसने क्रोधित हुए सूर्यदेव ने छाया और शनिदेव के घर को जला दिया।
10	जनवरी-माह के तीवें दिन रविवार को कप-खेल में वह पाँच-सेट-खेल में रूस-देश के दानिल-उन्होंने खुद को हरा दिया.	जनवरी-माह की उस तारीख को रविवार को उपाधि-खेल में उन्होंने पाँच-सेट-खेली में रूस-देश के दानिल-मेदवेद को हराया।
6	पर्यटक भी उनके साथ यज्ञ करते हैं।	पर्यटक भी उनके साथ यज्ञ करते हैं।
8	परन्तु ज्ञानी सब प्रकार परीक्षा करके अपराधी को ही उचित दंड देता है।	परन्तु ज्ञानी सब परीक्षा करके अपराधी को यथायोग्य दण्ड देता है।
7	वैराणु की उपस्थिति अधिकतर इन्हीं मंडलियों में देखी जाती है।	इन जिलों में वायरस की उपस्थिति सबसे अधिक देखी गई है।
3	माँ शिशु को बहलाती है।	माँ बच्चे को प्रसन्न करती है।
2	वहीं घूमता रहेगा।	वहीं घूमता रहेगा।
3	आठ बजे यज्ञ होगा।	आठ बजे यज्ञ होगा।
6	सुधा - हाँ मैं अशुद्ध बोली ।	सुधा -हाँ मैंने अशुद्ध कहा।
8	रक्षा – मैं भी अधिक संस्कृत नहीं जानती हूँ।	रक्षा मैं भी अधिक संस्कृत नहीं जानती हूँ।
7	मैं भिखारी को देती हूँ आप पानी भरो ।	मैं भिखारी को देता हूँ। आप पानी भर दीजिये।
1	शुद्ध	स्वच्छ
7	काश्य का यह परिवार समृद्ध, विद्वान् और भगवद्भक्त था।	काश्यम में यह परिवार समृद्ध, विद्वान् और भगवद्भक्त था।
4	दूसरा व्यक्ति बोला	दूसरा व्यक्ति बोला
5	वह मेरी पुस्तक कहाँ रखता है?	वह मेरी पुस्तक कहाँ रखता है?
7	ग्राहक – आज शाम सभी विरोधयात्रा निकालेंगे।	ग्राहक  आज शाम को सभी विरोध यात्रा निलंबित कर देंगे।
8	खबर के अनुसार, विद्या बालन की प्रेत की''मज्जुलिका''इसकी भूमिका में दिखाई देती है।	प्राप्त समाचार के अनुसार, विद्या बालान प्रेत की''मज्जुलिका''इसकी भूमिका में दिखाई देती है।
6	परीक्षा के लिये कितने दिन शेष रह गए हैं ? )	परीक्षा के लिए कितने दिन शेष हैं ?
2	स्कूल में रिसेस के समय	विद्यालय में दोपहर के समय
1	युद्ध के मैदान पर arrayed	स्थित
5	वरुणा उसके विवाह के चित्र दिखा रही है ।	वरुणा उसके विवाह के चित्र दिखाती है
4	राम – किस सम्बन्ध से? (किस नाते से)	राम  किस संबंध से?
4	यहाँ हम सभी सकुशल हैं ।	यहाँ हम सब कुशल हैं ।
3	निधि गाय का घी सूंघती है।	निधि गाय के घी को सूंघती है।
5	कल ही फोन से बात हुई।	कल ही फोन से बात हुई।
2	वह चढ़ता है।	वह चढ़ता है।
4	सात बजे तक ध्यानसत्र चलेगा।	ध्यान सत्र सात बजे तक चलेगा।
19	भाजपा के बारे में कटाक्ष कर नेगी ने कहा कि भाजपा आज भी बालदल ही है, उनका जन्म 2014 के बाद हुआ।	भाजपा के बारे में कटाक्ष करके नेगी ने कहा कि भाजपा आज भी बालदल ही है, उनका जन्म 2014 के वर्ष के बाद हुआ था।
7	पूर्ण वर्ष हजार के अन्त में उन्होंने उसे उसे विधि का रूप धारण किया।	पूरे वर्ष सहस्र के अन्त में उसने उसे वह विधि बनाई।
4	अभी स्वाध्याय नहीं हुआ है।	अभी स्वाध्याय नहीं हुआ है।
6	शालिसा धाम्या ने भारतीय वायुसेना में नया करियर बनाया है।	भारतीय वायुसेना में ालिसा धाम्या ने नया चरित्र आरम्भ किया।
15	पूर्व श्रेणी में उत्तराखंड संस्कृत शिक्षा परिषद ने हरिद्वार से सुबोध व्यास का अभिषेक किया और जयपपन नाम की उत्तर श्रेणी में लोकेश चंद्र सुधेशबडोनी और अजयकानोल ने क्रमशः अपना पहला द्वितीय तृतीय पुरस्कार जीता।	पूर्व-मध्य वर्ग में उत्तराखंड संस्कृत शिक्षा परिषद, हरिद्वार से सुबोधव्यास, अभिषेक मैगाई और जयपाना ने उत्तर-मध्यम वर्ग में लोकेश चंद्र और सुधेशबडोनी अजयकेन्दोला को क्रमशः पहला और तीसरा पुरस्कार मिला।
10	वह शीघ्र ही यहाँ आयेंगे। एकाग्रचित्त से ध्यान करती हुई तुम यहीं रहो। इस समय चित्रकूट पर्वत के आश्रम में भगवान् श्रीरामचन्द्रजी विराजमान हैं ॥	चैतन्यग्रहादि के आगमन पर तुम स्थिर रहो, क्योंकि इस समय चित्रकूटद्राश्रम में प्रभु श्रीराम वास कर रहे हैं ॥
3	पुण्य कर्मों से व्यक्ति पुण्यलोक को प्राप्त करता है।	पुण्य कर्मों से (व्यक्ति) पवित्र लोक को जीतता है।
4	मंच की शोभा प्रान्तप्रचार प्रमुख सतेन्द्र कुमार ने की।	मंच का संचालन प्रांत के प्रचार प्रमुख सतेन्द्र कुमार ने किया।
7	लेकिन अभी तक किसी ने जिम्मेदारी नहीं ली है.	लेकिन अब तक किसी ने भी उसकी जिम्मेदारी नहीं ली है।
4	इनका नाम कृषिप्रशिक्षु होगा।	इनका नाम कृषिप्रशिक्षक होगा ।
14	ग्रामीणों के स्वरूप को बढ़ाने की आय-व्यय में प्रयास है क्योंकि इससे ही इस पर्वतीय राज्य में समृद्धि को प्राप्त किया जा सकता है।	आय-व्यय में गांवों के आकार को बढ़ाने का प्रयास है क्योंकि इससे ही इस पर्वतीय राज्य में समृद्धि आ सकती है।
21	यह कुल लक्ष्य का प्रतिशत है, परन्तु यदि हम मंडलियों के विषय में बात करते हैं तो चम्बा, सिरमौर, कल्लू इत्यादि मंडलियां बहुत पीछे-पीछे गई हैं।	यह कुल लक्ष्य का प्रतिशत ही है, लेकिन यदि हम जिलों के बारे में बोलते हैं तो चम्बा, सिरमौर, कल्लू आदि बहुत पीछे हो गए।
4	शिल्पा कहाँ तैरती है ?	शिल्पा कहाँ तैरती है ?
8	दौलतसिंह के जीवन में उनकी माता का प्रभाव प्रत्यक्ष था।	दौलतसिंह के जीवन में उनकी माँ का प्रभाव प्रत्यक्ष था।
9	विस्फोटक आवाज सबसे पहले छात्रों ने सुनी। तभी सड़े फलों की दुर्गंध चारों ओर फैल गई	पहली बार छात्रों ने विस्फोटक शब्द सुना। बाद में टूटी हुई फलों की दुर्गन्ध सब जगह फैल गई।
20	इस अवसर पर जनसभा को संबोधित करते हुए प्रधानमंत्री ने कहा कि विकसित-भारत संकल्प ने यात्रा देश की हजार संख्या को गांवों और नगरों में प्राप्त किया है।	इस अवसर पर जनसभा को संबोधित करते हुए प्रधानमंत्री ने कहा कि विकसित भारत संकल्प यात्रा देश के हजारों गाँवों और शहरों में हासिल हुई है।
1	वर्दी	सीधा वस्त्र
11	और भी महान लोगों के साथ भी अवश्य होने वाली बातें हो कर रहती है। शिव जी का नग्न रहना, (तथा) विष्णु का शेषनाग (की शय्या पर सोना- ( इसमें प्रमाण हैं) |	निश्चय ही महान लोग भी भावों से युक्त होते हैं। ये हरे रंग के नीले कण्ठ वाले व्यक्ति के लिए महान शोक के समान हैं, क्योंकि वे नग्न हैं।
5	जो सदाचारी है वह शिक्षक है	जो सदाचारी है वह शिक्षक है
1	मेंढक	वर्षा भूमि
5	पूर्व अभिघातजन्य व्रणके आरोहण तथा यज्ञ के शिर  को जोडदेनेसे यह शल्यअंगही प्रथम है ॥	यह संधान (संस्था) में प्रथम प्रघ्विघात, घाव, आरोहण और अज्ञान शिखर है ॥
11	भाग्य से सन्तुष्ट होकर, विकट, विरूपाक्ष, महोदर, अकम्पन, दुर्द्धर्ष और अन्य राक्षस मारे गए।	भाग्य से प्रह्लाद, विकट, विरुपाक्ष, महोदर, अकपन, दुर्द्धर्ष ये कई शाचर मारे गए।
6	भार्गवी – आधा घण्टे बाद घर पहुँचेंगे।	भार्गवी  आधा घंटे बाद घर पहुँचेंगे।
9	गणना से पता चलता है कि दुनिया भर में 55 मिलियन लोग मनोभ्रंश से पीड़ित हैं।	गणनाओं से संकेत मिलता है कि दुनिया भर में डेढ़ करोड़ लोग डिमेंशिया से पीड़ित हैं।
9	भगवन् व्यास जी की वाणी के रूप में श्रीमद्भागते जी ने अपने दिव्य लायकों का वर्णन किया।	भगवान् व्यास के वाणी रूप में श्रीमद्भागवत में उनके दिव्य लीलों का वर्णन मिलता है।
13	पहले इस रास्ते में गली की व्यवस्था नहीं थी, लेकिन आपातकाल में राष्ट्रीय राजमार्ग को बहुत नुकसान हुआ।	पहले इस मार्ग में चट्टान की व्यवस्था नहीं थी, लेकिन आपातकाल के दौरान राष्ट्रीय राजमार्ग को बहुत नुकसान हुआ।
13	लग्रान प्वाइंट वन लक्ष्य का नाम है. यह सूर्य और बाह्य अंतरिक्ष के कणों का अध्ययन करेगा।	लक्ष्य का नाम लैग्रन पॉइंट वन् है। यह सूर्य और बाहरी अंतरिक्ष के कोनों का अधिकारपूर्वक विश्लेषण करेगा।
3	कभी कभी नासमझ हो जाती है ।	कभी कभी मतभेद होते हैं
3	प्रयास करता हूँ ।	कोशिश करूंगी ।
4	कुछ चिड़ियाएँ पानी में नहाती हैं।	कुछ चिड़ियाएँ पानी में नहाती हैं।
10	जब वह पाठशाला नहीं जाता, तब बाग़ भी नहीं जाता।	जब वह पाठशाला नहीं जाता, तब बगीचे भी नहीं जाता।
5	अनुराग -हम पदयात्रा कर रहे हैं।	अनुराग - हम पैदल चलते हैं।
18	जैसे-जैसे बिजली का उपभोग बढ़ता है वैसे-वैसे हमारे द्वारा इस विषय पर गम्भीरता से विचार करना चाहिए।	जैसे-जैसे बिजली का उपभोग बढ़ता है वैसे-वैसे भविष्य में हमें इस विषय पर गम्भीरता से विचार करना अवश्य होगा।
6	आठ मिनट की निरीक्षण उड़ान के बाद, विमान सुरक्षित रूप से नीचे उतर गया।	आठ मिनट निरीक्षण के बाद विमान सुरक्षित रूप से जमीन पर उतरा।
1	सूची	सूई।
6	रक्षा – मैं भी रोज अभ्यास करती हूँ।	रक्षा  मैं भी प्रतिदिन अभ्यास करती हूँ।
5	मैं आनंद नगर में रहता हूँ	मैं आणंद नगर में रहती हूँ
12	मनुष्य खतरे या संकट में बिना पड़े कल्याण नहीं देख पाता। परन्तु सकट में पड़ कर यदि जीवित रहता है, तो ही वह विविध कल्याणों को देखता है|	शङ्का से जीने पर मनुष्य भलाई को नहीं देखता। यदि संशय को फिर से उठाकर जीता है तो देखता है।
3	वन जायें।	वन को जाईये ।
3	गुरुओं के द्वारा प्रश्न पूछे जाएँ ।	गुरुजन प्रश्न पूछें।
5	आप लेख लिखते हैं क्या ?	आप लेख लिखते हैं क्या ?
4	बादलों के ऊपर विमान उड़ रहा है।	बादलों के ऊपर हवाई जहाज उड़ रहा है।
6	लंकाेश्वर डर गया तुम्हें देखने के लिए जल्दी जाएगा।	लंकेश्वर विभीषण तुमको देखने जल्दी आएगा।
17	अनि के मन्द होने से, मल की वृद्धि होने पर मनुष्यों में नाना प्रकार के रोग समूह उत्पन्न होते हैं, और उदर राग विशेष रूप से उत्पन्न होते है । अनि के मन्द होने पर, अन्न के पचन न होने पर, महिन, मलकारक अपथ्य आहार के सेवन से दोष सचित होने पर प्राण, अग्नि ( जाठराग्नि ), और अपान वायु को दूषित करके अधर और उत्तर ( ऊपर और नीचे के ) दोनो मार्गों को रोक देते है । यह दोष समूह त्वचा और मास के बीच मे आकर कुक्षि ( उदर, कोख ) को बहुत अधिक फुला करके उदर रोग का उत्पन्न करते हैं उसके कारण और लक्षणों को सुनो ॥	मनुष्यों में अग्नियों के दोष अनेक प्रकार के होते हैं, इन रोगों के सँङ्ग मल के बढ़ने से होते हैं। परन्तु यदि तुम दूसरे महीने में आकर कुक्षि को जलाकर उदर उत्पन्न करोगे, तो इसका कारण सुनो ॥
16	जो मनुष्य वीतराग एवं पर- अपरके ज्ञाता होकर सुरगुरु भगवान् नारायणक सर्वदा स्मरण करते हैं, वे उस ध्यानके द्वारा पापोंसे छूटकर पुनः माताके स्तनोंक दूध नहीं पीते [अर्थात् वे जन्म-मरणसे रहित हो मुक्त हो जाते हैं ] ॥	जो मनुष्य विगतराग और पराक्रम से नारायण और सुरगुरुजी को निरन्तर स्मरण करते हैं, वे ध्यान के द्वारा माता के दूध के रस को नहीं पीते ॥
1	मेंढक	मेंढक
15	चीन के ईस्टर्न थिएटर कमांड ने बताया है कि ताइवान के आसपास के आसमान और समुद्र में कई मिसाइलें दागी गई हैं।	चीन की ईस्टन थिएटर कमांड ने बताया कि कई आकाशीय बम ताइवान को कवर करते हुए आकाश और समुद्र में चढ़ाए गए थे।
12	सुग्रीव बोले कि हे राजेन्द्र ! वाली सभी योद्धाओं में अग्रणी है। उसको पराजित करना देवताओं के लिये भी अत्यन्त कठिन है। आप उसे कैसे मार सकते हैं? ॥	सुग्रीव ने राम से कहा हे राजेन्द्र ! वाली अपनी शक्ति के बलवान् होने से आप देवराज दुरासद को भी कैसे मारेंगे ? ॥
1	प्रकाशना	प्रकाशना
4	जा प्यारे ! पूरी विद्या करके आना।	जाओ प्रिय!पूरी विद्या करके आओ।
4	अभी ही स्कूल चलो ....	अभी से विद्यालय चलो ....
6	किसी के पास टॉर्च नहीं थी।	किसी के पास भी टार्च नहीं थी।
2	प्राप्त नहीं किया।	प्राप्त नहीं किया।
10	वह गांधीनगर में डिफेंस एक्सपो 2022 को संबोधित कर रहे थे।	वह गांधी में आयोजित डिफेंस एक्सपो 2022 कार्यक्रम को संबोधित कर रहे थे।
5	लकड़हारा लकड़ियां लाता है और उसे फाड़ता है।	बढ़ई लकड़ियों को लाता है और टुकड़े करता है।
7	पत्नी - तो फिर घर के काम में मुझे सहयोग करिये।	पत्नी -तो फिर घर के काम में मेरी सहायता करिये।
10	इससे राज्य की प्रतिबिंब को कलंकित कर दिया जाएगा, निवेशक राज्य से दूर रहते हैं।	इससे राज्य की प्रतिमा कलङ्कित हो जाएगी, निवेशक राज्य से दूर रहते हैं।
4	दीप्ति बैंगन की सब्जी लाती है।	दीप्ति बैंगन की सब्जी लाती है।
4	स्वयं के मोक्ष के लिए और समाज के कल्याण के लिए।	अपने मोक्ष के लिए और जगत् की उन्नति के लिए।
10	व्याकरण एक कठिन विषय है फिर भी उनके व्याख्यान में पतञ्जलिना की शैली संवादात्मक थी।	व्याकरण दुरुपह विषय है फिर भी पतञ्जलि द्वारा उसके व्याख्यान में प्रयोग की गई शैली संवादात्मक है।
1	अन्याय	आधार
6	और इस क्षेत्र में महत्वपूर्ण भूमिका निभा रही है।	और इस क्षेत्र में महत्वपूर्ण भूमिका निभाई जाती है।
20	युवाओं के लिए भी सरकार ने प्रस्ताव दिया है कि यदि वे तीन बीघा भूमि देंगे तो सरकार हरमहिने रुपये देगा।	युवाओं के लिए भी सरकार ने प्रस्ताव दिया है कि यदि वे तीनों को खेत देते हैं तो सरकार हरमहिने रुपये देगी।
6	मनुष्य को कोई सहायक लेना ही चाहिए।	मनुष्य को क्या सहायता करनी चाहिये?
4	दीपक आर्य संस्कृत जानता है।	दीपक आर्य संस्कृत जानता है
12	दक्षिण भारत में भी अपनी सत्ता का विस्तार करने के लिये उसने विशाल सैन्य बल के साथ मलिक काफूर को भेजा।	दक्षिण भारत में भी अपनी सत्ता का विस्तार करने के लिए उन्होंने मलिक-काफूर को विशाल सैन्य बल के साथ भेजा।
7	शिवाजी महाराज ने ही भारत में Maratha राज्य का आधार स्थापित कर दिया।	शिवाजी महाराज ने ही भारत में मराठा साम्राज्य का आधार स्थापित किया।
1	प्रातः काल	पिलाना
6	तुम आज कब विद्यालय जा रही हो ?	आप आज कब विद्यालय जाती हैं ?
4	इसके बाद सोए हुए जटायु ने उस शब्द को सुना।	उस शब्द का उच्चारण जटायुरथ शुश्रू में किया गया।
9	बहुत कालतक सन्ध्योपासन करनेके कारण ही ऋषियोंने दीर्घायु, बुद्धि, यश, कीर्ति ( ख्याति) और ब्रह्मतेजकी प्राप्ति की थी	बुद्धि, यश, कीर्ति और ब्रह्मचर्य की प्राप्ति में संयम करके मनुष्य दीर्घ आयु वाला होता है।।
1	कहा जाता है	कहा जाता है
10	मुख्यमंत्री ने कहा कि यह उपक्रम सरकार की प्रतिबद्धता को अत्याधुनिक स्वास्थ्य सेवाएं प्रदान करने के लिए है।	मुख्यमंत्री ने कहा कि यह पहल अत्याधुनिक स्वास्थ्य सेवाएं प्रदान करने के लिए सरकार की प्रतिबद्धता को दर्शाती है।
3	भूतकाल में वाक्य लिखिये	अतीत काल में वाक्य लिखिये।
9	उसने उन सभी को गाय को पालकर बैठाया और उन्हें कुर्सियाँ दीं।	उन्होंने उन सभी को गाया और बैठने के लिए सीटें दीं।
3	मैं भूमि पर गिर गया।	मैं भूमि पर गिर गया।
9	केवल उसका नाम जप करके हम भारतीयों को धन्यता का अनुभव करते हैं।	केवल उनका नाम जपकर हम भारतीयों की धन्यता का अनुभव करते हैं।
19	मुबारक नए साल की पूर्व संध्या कीसुबह 10 बजे श्री हरिकोटा सतीश धवन बाहरी अंतरिक्ष स्टेशन से प्रक्षेपण पूरा हुआ। 22 मिनट के बाद, उपग्रह को पृथ्वी की सतह से 650 किमी की ऊंचाई पर कक्षा में लाया गया।	नए साल की शुभ प्रातः 9.10 बजे श्रीहरिकोटा सतीश धवन बाहरी अंतरिक्ष स्टेशन से प्रक्षेपण पूरा हुआ। उपग्रह को 22 मिनट के बाद पृथ्वी से लगभग 650 किमी की ऊंचाई पर रखा गया।
4	पट्टा खोलेगा बाद में कहा जाएगा	पट्टा खुलवाएगा बाद में बोलेगा।
5	तुम दोनों यहां क्या कर रहे हो ?	तुम यहाँ क्या कर रहे हो ?
4	सभी डैम जल से भर गए।	सभी डैम जल से भर गए।
14	तुम संसार की सभी सभाओं में "में सत्यप्रतिज्ञ हूँ", यह कहकर लोगों को धोखा देते हो, अब तुम राम की शपथ करके की हुई प्रतिज्ञा को भी तोड़ रहे हो, अतः तुम्हें नरक में जाना ही पड़ेगा" ॥	संसार में सभी जातियों के विडम्बनों में मैं सत्य प्रतिज्ञ हूँ। तुम झूठे प्रतिज्ञ होकर राम के ऊपर शपथ लेकर नरक को जाओ ॥
1	लड्डू	पेड़ा
8	इस दिन देवी सरस्वती, कामदेव और विष्णु की पूजा होती है।	इस दिन देवी सरस्वती, कामदेव और विष्णु पूजे जाते हैं।
12	कृपया वॉट्सएप का संस्कृत क्या होता है यह मत पूछेंगे ।	कृपया वाट्सएप से उसकी संस्कृत क्या होती है यह प्रश्न मत पूछिये।
4	पुण्यपुरुष को हम श्रद्धाञ्जलि देते हैं।	पुण्यपुरुष को हम श्रद्धाञ्जलि देते हैं।
4	वह स्पीकर से गाना सुन रहा है।	वह वाग्मीन द्वारा गीत सुनता है
6	नीरज -वे दोनों क्या कर रहे हैं ?	नीरज - वो दोनों क्या कर रहे हैं ?
7	शास्त्र वेदान्त आदि विषयों में उसने बहुत जाना था ।	शास्त्र वेदान्त आदि विषयों में उन्होंने बहुत कुछ जाना था
3	हजार पैरों वाले अपने तत्त्व से तुलना करें।	हजार पैरों वाला ऊत्तल धन।
31	कोर्ट ने अफसोस व्यक्त किया और कहा कि दोनों दिवसीय मामले की सुनवाई के बाद कई महत्वपूर्ण प्रश्न पैदा हुए लेकिन आधिकारिक तौर पर कोई भी, वह राज्य सरकार, नगर निगम या एचपी आधारभूत संरचना विकास बैंक होगा, उन्होंने उनके प्रश्नों पर उत्तर नहीं दिया।	कोर्ट ने खेद व्यक्त किया और कहा कि दो दिनों तक मामले की सुनवाई के बाद कई महत्वपूर्ण प्रश्न पूछे गए हैं, लेकिन आधिकारिक प्रतिवादियों का कोई भी, चाहे वह राज्य सरकार हो, नगर निगम हो या एचपी आधारभूत संरचनात्मक विकास बैंक, उनके प्रश्नों का उत्तर नहीं दिया।
4	वे दोनों वस्त्रों को रंगते हैं ।	वे दोनों कपड़े रजत हैं ।
8	उस वर्ष देहली-विश्विद्यालय के भौतिक विभाग के अध्यक्ष के रूप में उन्होंने भौतिक विषयों का शिक्षण प्रारम्भ कर दिया।	तमे वर्षे देहली-विश्वविद्यालय में भौतिक विभाग के अध्यक्ष के रूप में उन्होंने भौतिक विषयों का अध्यापन प्रारम्भ किया।
9	बाज की छाल के चूर्ण से (जल्दी से) बाज की छाल को चूर्ण कर लेना चाहिये । इस चूर्ण को चूर्ण कर देना चाहिये । इस चूर्ण को चूर्ण कर देना चाहिये । इस चूर्ण को चूर्ण कर देना चाहिये । चूर्ण कर देना चाहिये ।	हनुमान की प्रशंसा करने वाले वानरश्रेष्ठ ने उसकी सभी दवाओं को बनाकर ले लिया।
5	उज्जियिनी किस नगर के पश्चिम दिशा में है?	उज्जयनी किस नगर से पश्चिम दिशा में है?
5	क्योंकि जो मानसिक और बुद्धिकी विक्रियाएँ होती हैं, वे संपत्ति की मूल हैं और मानोरंजन में रुचि होती है।	अनुरेक्षा करनी चाहिए क्योंकि मानसिक और बुद्धिमत्ता की विक्रियाएं संपत्ति की मूल हैं।
7	जगत् में सभी धर्मों कीप्रदायिकता किसी भी रूप में नाम छापने के महत्व का प्रतिपादन करती हैं।	सारी दुनिया-धार्मिक सम्प्रदाय के किसी भी रूप में नामजपस्मरण का महत्व प्रतिपादित करें।
7	पूर्ण वर्ष हजार के अन्त में उन्होंने उसे उसे विधि का रूप धारण किया।	पूरे वर्ष सहस्र के अन्त में उसने उसे वह विधि बनाई।
1	अंडा	अंडा
7	चिकित्सक चिकित्सा करता है रोगी स्वस्थ होता है।	चिकित्सक चिकित्सा करता है रोगी स्वस्थ होता है।
19	4 सितंबर को विक्रम-अवतार और ज्ञान-और भँवर निद्रा अवस्था में आ गया। दुनिया भर के वैज्ञानिक इनके उदय का इंतजार कर रहे हैं।	4 सितंबर को विक्रम- अवतारक और प्रज्ञान-भ्रमण सोए हुए अवस्था में प्रविष्ट हुए। दुनिया भर के वैज्ञानिक उनके उठने की प्रतीक्षा कर रहे हैं।
8	यह महात्मा बलसम्पन्न रावण देवों से पराजित नहीं हो पाता है।	यह महात्मा बलशाली रावण देवों से भी पराजित नहीं सुना जाता है।
1	लूला	मेघ
7	ठीक है आओ। कंगन की दुकान चलते हैं।	ठीक है आईये। कंगन की दुकान चलते हैं |
4	मैं मनुष्यों में सबसे अधिक वर्चस्वी होऊँ।	मैं ही मनुष्यों में श्रेष्ठ हूँ।
1	कष्ट देना	जानना
6	इस प्रकार प्रार्थना करते हुए धृतराष्ट्र की दृष्टि नष्ट हो गई।	इस प्रकार प्रार्थना करते हुए धृतराष्ट्र की दृष्टि नष्ट हो गई।
9	कौए ने कहा ऐसा ही हो। इसके बाद प्रातःकाल वे सब अपने अभीष्ट स्थान को चले गए।	कौए ने कहा ऐसा ही होगा। तदनन्तर प्रातःकाल जैसा कहा गया था, सभी अपने आप चले गए।
4	तीन लड़कियां जा रही हैं।	तीन कन्यायें जाती हैं।
6	सुहासिनी -ऐसा किसने कहा ?	सुहासिनी - ऐसा किसने कहा ?
15	प्रधानमंत्री ने कहा कि विकसित भारत संकल्प यात्रा उन लोगों के प्रति एक सशक्त रूप हैं।	प्रधानमंत्री ने कहा कि विकसित भारत संकल्प यात्रा उन लोगों तक पहुंचने का एक सशक्त रूप है।
5	आज शाम को वह नारियलपाक बनाएगा।	आज शाम को वह नारियलपाक बनाएगा।
19	मनुष्य का स्वाभाविक स्वभाव है कि आत्मदर्शन को तृप्त करने के लिए दूसरों का दर्शन ही सबसे अधिक पसंद आता है, जिसे मनुष्य भी पसंद है, उसका परिणाम भी समय के अनुरूप भोगता है।	मनुष्य का स्वाभाविक स्वभाव है कि वह अपने दर्शन को तृण करके दूसरों का दर्शन करना सबसे अधिक पसंद करता है, चाहे कोई भी व्यक्ति इसके परिणाम को भी समय के अनुसार भोगे।
30	पाणिनि की तिथि लगभग छहवीं सदी ई. पू. और महर्षि गौतम के भी छह सौ वर्ष पहले हैं, महर्षि गौतम बुद्ध से लगभग वर्ष पुराने हैं। वास्तव में महर्षि जैन परंपरा में सबसे प्राचीन तीर्थंकर मानते हैं।	पाणिनि की तिथि लगभग छः सौ ई.एस तथा महावीरगौतमबुद्ध की तिथिएँ भी छः सौ वर्ष पुरानी हैं, महावीर बुद्ध से लगभग वर्ष प्राचीन है। वास्तव में महावीर जैन परंपरा में तमः तीर्थंकर को माना जाता है।
4	तुम कल कहाँ जाओगे?	तुम कल कहां जाओगे?
5	इसलिए विद्यार्थियों को इस में भाग लेना चाहिए।	इसलिए विद्यार्थियों को इसमें भाग लेना चाहिए।
3	गुणजी भाई बकरी पालक है।	गुणजी भाई बकरी पालक है।
12	क्या अलग है कि चुनाव के रूप में दिखने वाले इस आय व्यय में एक दृष्टि दूराई या दीखती है।	क्या अलग है कि चुनाव के रूप में दिखाई पड़ने वाले इस आय व्यय में एक दृष्टि या दूरदर्शी दिखाई पड़ती है?
3	आप सब चतुर हैं  ।	आप सब चतुर हैं।
29	फिर बड़े-बड़े वीरों से झुककर प्रणाम करते हुए श्रीरामचन्द्रजी से बोले हे वीर ! हे हरीश्वर ! शीघ्र ही तुम लंका में घुसकर ससुग्रीव और लक्ष्मण जी सहित कुशलियों सहित रावण को मार डाल दो।	तब शिला के समान वीर होकर प्रणाम करते हुए हनुमानजी ने कहा हे वीर ! हे हरीश्वर ! जल्दी तुम लंका में प्रवेश करके मैथिलिणी में सुग्रीव के लक्ष्मण और कुशल रण में रावण को मार दो।
6	आज भोजन उतना अच्छा नहीं था।	आज भोजन उतनी अच्छी नहीं था।
3	वे युवतियाँ हैं।	वे युवतियाँ हैं।
5	उनका सूत्रवृत्ति पद्मनाभिन द्वारा ही सौपद्मपञ्जिका में लिखी गई।	पद्मनाभ ने ही सौपद्मपञ्जिका यह सूत्रवृत्ति लिखी।
1	अवर्षण	वर्षा न होना
11	संस्कृत शिक्षकों, छात्रों और शिक्षकों के लिए कई भाषा इंजिन तैयार किए गए हैं।	संस्कृत शिक्षकों, छात्रों एवं शिक्षकों के लिए अनेक भाषा उपकरण बनाये गये हैं।
8	यह काल निमेषको आदि ले युगपर्यंत चक्रकी भांति परिवर्तमान होता हुवा रहता है इससे कोई इसको कालचक्र कहते हैं ॥	इस प्रकार से प्रतीत होता है कि इन ऋतुओं में समयचक्र के अन्तःकरण में कुछ ही क्षण परिवर्तित हो रहे हैं ॥
9	जब 10 बजता है तब विद्यालय खुलता है।	जब 10 बजे होता है तब विद्यालय का उद्घाटन होता है ।
7	ऋषियों के आश्रम में जाकर लोग उपासना करते थे।	ऋषियों के आश्रम जाकर लोग उपासना करते थे।
15	और दिव्य शरीर धारण कर साक्षात् ब्रह्मलोक को चले गये। तत्पश्चात् दण्डकारण्य निवासी समस्त मुनिगण श्रीरघुनाथ जी का दर्शन करने के लिए शरभङ्ग मुनि के आश्रम पर आये ॥	तत्पश्चात् दण्डकारण्य के निवासी सभी मुनिगण श्रीरघुनाथजी को देखने के लिये शरभङ्ग निवेहन आ गये ॥
5	नाटक देखकर प्रेक्षक प्रसन्न होते हैं।	नाटक देखकर प्रेक्षक प्रसन्न होते हैं।
11	यह कोहली का 35वां जन्मदिन था और इस प्रेमी जोड़े को प्यारी जोड़ी का अनुभव दिया गया।	कोहली का 35वां जन्मदिन था, यह मीठा जोड़ी का अनुभव उपासकों को दिया गया।
9	अयोध्या के चौबीस मैक्रोश क्षेत्र में शराब के प्रतिबन्ध की राह साफ है," उन्होंने संतोष का अनुभव किया।	अयोध्या के चतुर्शी कोष क्षेत्र में शराब पीने का रास्ता स्वच्छ डॉ. संतोषूझ ने कहा।
3	कार्तिक मार्गशीर्ष शरद ॥	कार्तिक मार्ग का शिरोभूषण शरद् ॥
26	सिक्किम राज्य में विकृत-रितु के कारण भयंकर बर्फबारी और बर्फबारी से रोके गए लगभग आठ सौ यात्रियों को गीदड़ों और बूढ़ों से, महिलाओं और बच्चों के कारण जो पर्यटक उन्नत स्थानों पर रुका हुआ था, वे सेना की तीनशक्ति प्रभाग के सैनिकों द्वारा आकस्मिक अभियान के लिए आगे बढ़ेक्षित किए गए।	सिक्किम राज्य में विकृत-ऋतु के कारण भूरिश और बर्फबारी से रोके गए लगभग आठ सौ पर्यटक जल से सद्बुद्ध वृद्ध, महिलाओं और बच्चों के द्वारा जो पर्यटक ऊंचे स्थानों पर रुके हुए थे, उन्हें सेना की त्रिशक्ति-प्रभाग के सैनिकों ने आकस्मिक कार्रवाई के लिए आगे रखा।
14	वह उन स्त्रियों को अपने घर ले गई और तालाब को दिखाकर उसने कहा कि (तुम) इच्छा के अनुसार जल ले जाओ।	वह उन महिलाओं को अपने खेत ले गई। वहाँ तालाब दिखाकर बोली कि जितना चाहिये पानी ले चलो।
6	आज हम भारत की स्वाधीनता का उत्सव मना रहे हैं ।	आज हम भारत की स्वाधीनता का उत्सव मना रहे हैं
8	हिमाचल में 68 सदस्यीय विधानसभा है। राज्य में व्यवहार कानून प्रचलन में आ गया है.	हिमाचल में 68 सदस्यीय विधानसभा है। राज्य में व्यवहार नियम लागू हो गया है.
7	मन्त्रियों ने हर्षवर्धन और जगत सिंहनगी का स्वागत किया।	मंत्री हर्षवर्धन और जगतसिंह नेगी ने स्वागत किया।
1	शर्ट	शर्ट
6	रविन्द्र जडेजा अक्षर पटेल दौड़ने की इच्छा से बाधित थे।	रविन्द्र जडेजा और अक्षर पटेल दौड़ने में बाधित हुए।
4	मैं मूंग का हलुआ पकाऊंगी।	मैं मूंग का हलुआ पकाऊंगा
1	गायब	जो नष्ट हो गया है
9	हरिद्वार''उन्होंने निर्देश दिया कि उन्हें समर्थन पाने का प्रयास करना चाहिए।	हरिद्वारम्''उन्होंने निर्देश दिया कि समर्थन पाने का प्रयास किया जाना चाहिए।
1	हे द्वारपाल	द्वारपाल
2	स्पर्श करना	छूना
7	धन से नष्ट हुए व्यक्ति का कुछ भी नष्ट नहीं हुआ किन्तु यदि चरित्र नष्ट हुआ तो वह मरे हुए के समान है।	जिसके पास धन नहीं, उसके पास आचरण (व्यवहार) क्षीण हो गया हो वह मारा गया हो।
6	उस वर्ष उन्होंने स्वराज नीति की यात्रा शुरू की।	उस वर्ष उन्होंने अपनी राजनीतिक यात्रा शुरू की।
3	कैसे कर रहे हैं ?	कैसे कर रहे हैं ?
9	उन्नत और पुष्ट कन्धोंपर लटकते हुए कुण्डल तथा अलकोंसे जिनकी सदृश (उन्नत) ग्रीवा मनोहर मालूम होती है जो अपने मुखकी शोभासे निर्मल पूर्णचन्द्रविम्ब तथा श्वेत कमलको कान्तिको तिरस्कृत कर रहे हैं हुए सुन्दर पद्मके समान जिनके मनोहर नेत्र हैं; विलासमयी भौंहें हैं, अमल अधर हैं, मधुर मुसकान है, कोमल कपोल, ऊँची नासिका और भालदेशमें लटकी हुई अलकें हैं [ ऐसे आपको मैं कब आनन्दित करूंगा ? ]	जिनका मुखकमल से निकली हुई निर्मल अमृत से भरा हुआ है, शुभ्म्बा, होज, उज्ज्वलशरीर, प्रबुद्ध मुख, भुज, नेत्र और नेत्र उज्जवल नेत्र हैं, जिनके नेत्र श्वास-प्रबुद्धिम होश से व्याकुल हैं, जिनका नेत्र शोभा पोंछते हुए हैं, कमलके समान श्यामसुन्दरके आश्रय हैं, मस्तक अति कोमल नेत्रोंसे झुकनेवाले, सुन्दर नेत्रवाले और अति दीप्तिमान हैं, जिनकी भुजाओं में मनोहर मनोहर वाणी है, जिनके मनोहर वक्षःस्थलमें दीप्ति है, जो मनोहर मुखकमलोंसे भी दीप्तिमान् हैं तथा जिनके शरीरमें दीपकमग्न और मनोहर हैं, ऐसे श्रीरामचन्द्रजीकांतजीके मनोहर कमललोचन हैं, उन श्रीरामगीताजीका बहुत सुन्दर, सुन्दर और सुन्दर वन्दनीय हैं ॥
8	स्त्रियों और बच्चों के सुरक्षा के लिए कई प्रावधान किए गए हैं।	महिलाओं और बच्चों की सुरक्षा के लिए कई प्रावधान किये गये हैं।
11	सामाजिकन्याय का विश्व दिवस महत्त्वपूर्ण है क्योंकि यह सबके लिए सामाजिक न्याय का महत्व प्रकाशना करता है।	सामाजिकन्याय का विश्वदिवस महत्ववान् है क्योंकि यह सबके लिए सोशलन्याय के महत्व पर प्रकाश डालता है।
3	निर्देश के अनुसार परिवर्तन करो	निर्देश के अनुसार परिवर्तन करो
8	प्रकृति में स्थित पुरुष प्रकृति से उत्पन्न गुणों को भोगता है। इन गुणों का संग ही इस पुरुष (जीव) के शुभ और अशुभ योनियों में जन्म लेने का कारण है।।	क्योंकि मनुष्य प्रकृति में स्थित होकर ही प्रकृति के सभी गुणों का भोग करता है, इसका कारण सद्यःजन्म में उत्पन्न होने वाला गुणों (गुणों) का संग है।
3	हाथ से ही धोता हूँ ।	हाथ से ही धोता हूँ
8	मैं पहले समझता था कि मैं ही शक्तिशाली हूँ।	मैं पहले मानता था कि मैं ही शक्तिशाली हूँ
4	रामजीवन पोते को खेत ले जाता है।	रामजीवन पोते को खेत ले जाता है।
7	उन्होंने इस मौके पर सभी नागरिकों को आजादी और अन्य शुभकामनाएं भी दीं।	उन्होंने इस अवसर पर सभी नागरिकों को स्वतंत्रता दिवस का भी नमन किया।
4	मेरे घर में शान्ति चाहती हूँ।	मेरे घर में शान्ति चाहता हूँ।
3	कौन पढ़ाती है ?	कौन पढ़ाती है ?
4	इसलिए वह बहुत बड़बड़ाया ।	इसलिए वह बहुत बड़बड़ाया ।
9	प्रसारित तस्वीरों से पता चलता है कि चक्रवात के कारण भारी वाहन भी घरों के ऊपर गिर गए	चलने वाली छवियों से पता चलता है कि चक्रवात ने भारवाहकों को भी हरमन के ऊपर फेंका है।
3	आप जल्दी से आईये।	आप जल्दी आईयेगा
27	नियुक्ति की प्रतीक्षा कर रहे आईपीएस अधिकारी Sach हिरेमथ एसएडीपीओ बड़सर, हमीरपुर, तिरूमालाराजू एसडी वर्मा एसडी रामपुर, शिवानी मेहता अतिरिक्तलिसाधीक्षक, चम्बा और अदिति सिंह एसडीपीओ पांता साहब नियुक्त हैं।	पदोन्नति की प्रतीक्षा कर रहे आईपीएस अधिकारी अखिलेश हिरेमथ एसडीपीओ बड़सरम हमीरपुर, तिरुमलाराजू एसडी वर्मा एस डीपीओ रामपुर, शिवानी मेहता अतिरिक्तपुलिस अधीक्षक चम्बा और आदिसिंह एसडीपिओ पांवटा साहब नियुक्त हैं।
8	भारत नेज़ल एंटीवायरल दवा वितरित करने वाला पहला देश है।	भारत ने नाक द्वारा दी जाने वाली कोविड-19 एंटीवायरल दवा को पहली बार मंजूरी दे दी है।
6	सुधा - हाँ मैं अशुद्ध बोली ।	सुधा -हाँ मैंने अशुद्ध कहा।
12	जैसे लौकिक वेदिकों में धर्म के नियम हैं, वैसे ही संसार में अर्थप्रयुक्त शब्द के प्रयोग में व्याकरण शास्त्र के द्वारा धर्म का नियम किया जाता है।	जैसे लौकिक वेदिकों में धर्म के नियम हैं वैसे ही लोक से अर्थप्रयुक्त शब्दप्रयोग में व्याकरणशास्त्र द्वारा धर्म का नियम किया जाता है।
1	आंगन	प्रांगण
15	उपाध्यक्ष जगदीप-धनखड़े के एक सामाजिक-इंटरनेट-सन्देश-माध्यम से यह घोषणा की गई थी कि प्रधानमंत्री ने टेलीफोन-माध्यम से सांसदों के अभद्र व्यवहार पर दुःख व्यक्त किया।	उपराष्ट्रपति जगदीप धनखड़े ने एक सामाजिक वार्तालाप में-इंटरनेट-सन्देश-माध्यम के माध्यम से घोषणा की कि प्रधानमंत्री ने दूरभाष-मार्गे से सांसदों के अवद्र व्यवहार में दुःख व्यक्त किया।
2	वह  कौन है?	वह कौन है?
4	दोनों पुत्र धन भेजते हैं।	दो पुत्र धन भेजते हैं
8	कभी भी भारत की संस्कृति का नाश नहीं होगा।	कभी भी भारत की संस्कृति का नाश नहीं होगा।
6	वे सब खेलने के लिए मैदान में गए ।	वे सभी खेलने के लिए मैदान गए थे।
14	जैसे अनेक लता, वृक्ष, घास, औषधि आदि से भरे हुए, पशुपक्षी पूर्ण, भयङ्करवन में हाथी इत्यादि बलवान् पशु विचरण करते हैं, किंतु शेर फिर भी स्वतः सिद्ध सम्राट होता है ।	जिस प्रकार भयङ्कर वन में पशुपक्षियों से भरा हुआ नाना प्रकार के वृक्षों, वृक्षों और वनों का श्मशान होता है उसी प्रकार हाथियों से युक्त बलवान् राजा सिंह भी अपने आप ही शासक बन जाता है।
10	हे प्रभो! देवों ने कहा कि उसका विनाशकाल आज है।	हे प्रभो! देवों ने उसके विनाश का समय कहा है वह आज है।
3	वस्त्र निर्माण किससे होता है?	किसके द्वारा वस्त्र बनाया जाता है?
6	ब्रह्मपुत्र नदी असम राज्य की जीवनरेखा है, या भाग्यरेखा ही।	ब्रह्मपुत्र नदी असम राज्य की जीवनरेखा या भाग्यरेखा ही है।
4	तुम्हारे दोनों कान पकड़ो।	तुम्हारे दोनों कान पकड़ो।
15	युधिष्ठिर ने कहा कि मैं''कङ्क''इस नाम को लेकर ब्राह्मणवेष के साथ राजा विराट के प्रासाद में आऊँगा।	युधिष्ठिर ने कहा कि मैं 'कंक' नाम लेकर ब्राह्मण वेष में राजा विराट के सामने शरणागत करूँगा।
7	माता – पिता के पैर छुए ?	माता  पिता के चरण छुए क्या ?
1	अस्सी हजार	अस्सी हजार
2	वह बन्दर है।	वह बन्दर है।
9	नौ सौ वर्ष पहले लिखी यह पुस्तक काश्मीर का इतिहास बताती है।	नौ सौ वर्ष पहले लिखी यह पुस्तक काश्मीर का इतिहास बताती है।
1	आरामदायक	आराम
10	किसी आदरणीय व्यक्ति के प्रति शून्य हृदय शकुन्तला ने अपराध कर दिया। (सामने देखकर) और किसी साधारण व्यक्ति के प्रति नहीं।	किसी पुजारी के भी हृदय में शकुन्तला नहीं है (पहले देखकर) इसमें तो किसी के भी दोष नहीं हैं।
6	उसके बारे में मैं कुछ नहीं बोलूँगा।	उसके बारे में कुछ नहीं कहूँगा ।
3	वृक्ष से अनेक पत्ते गिरते हैं।	पेड़ से पत्ते गिरते हैं।
9	श्रीराम के द्वारा क्षिप्ता वह शक्ति रावण के उस शूल में प्राप्त हुई।	श्रीराम द्वारा फेंकी गई वह शक्ति रावण के उस शूले पर गिर गई।
11	पर्यावरण और पर्यावरण के परिवर्तन के क्षेत्र में शोध विकास परियोजनाओं के लिए विभिन्न संस्थानों को धन दिया गया है।	पर्यावरण और जलवायु परिवर्तन के क्षेत्र में अनुसंधान एवं विकास परियोजनाओं के लिए विभिन्न संस्थानों को धन दिया गया है।
5	संस्कृत में ही अर्जुन को उपदेश दिया।	संस्कृत में ही अर्जुन को उपदेश दिया।
1	अध्ययन	अध्ययन किया हुआ
5	शायद चालक का अभ्यास होगा ।	शायद ड्राईवर का अभ्यास हो।
10	जब वह यहाँ आया तब कुछ दिनों में प्राकृतिक आपदा थी।	जब वह यहाँ आया तब कुछ दिनों में स्वाभाविक आपदा थी।
7	यह वन्य जीव वैज्ञानिक डू का विषय हैयीशु का भी मतलब है.	यह विषय वन्यजीव वैज्ञानिक डॉ. ईसा भी उठाता है।
21	उपवेश के अवसर पर दोनों नेता आर्थिक सहयोग, ऊर्जा की खरीद में, सैन्य तकनीकी-उन्होंने सहयोग के विषय में लोगों की आना-जाना आदि प्रगति पर अगले चार वर्षों के लिए एक संधि पत्र पर हस्ताक्षर किए।	उपवास के दौरान दोनों नेताओं ने आर्थिक सहयोग, ऊर्जा व्यापार, सैन्य प्रौद्योगिकी सहयोग और लोगों के आने-जाने आदि के विषयों पर एक सहमति पत्र पर हस्ताक्षर किये।
16	यह उत्तराधिकारी भाजपा के प्रदेश अध्यक्ष डॉ. राजीवबिन्दुल हैं, मुख्य वक्ता रणधीर शर्मा और पार्टी के प्रत्याशी हर्षाग्नि ने अलग-अलग रूप में प्रदान किया।	यह उलाहना भाजपा के प्रदेश अध्यक्ष डॉ. राजीवबिन्दल, मुख्य वक्ता रणधीर शर्मा और पार्टी के उम्मीदवार हर्ष महाजन ने अलग-अलग दिया।
9	केंद्रीय मंत्री द्वारा प्रभावित लोगों को कल्याण और सुरक्षा के लिए प्रार्थना की गई है।	केंद्रीय मंत्री ने प्रभावित लोगों के कल्याण और सुरक्षा के लिए प्रार्थना की।
8	इस प्रकार से उदर रोगी का विरेचन द्वारा शोवन होने पर जागल मास रस के साथ अन्न देना चाहिये । इसके आगे शेप दोष की शान्ति के लिये योगों को कहते है ॥	क्रम से उत्पन्न होने वाले द्वेष से और वन में रहने वाले द्विजों से निवृत्त होने के लिए योग का अभ्यास करना ही उत्तम है।
3	होली जल गई।	होली जली हुई
11	इस दुर्घटना में 29 श्रमिक मारे गए हैं, जिन्हें चिकित्सा विभिन्न चिकित्सालयों में की जाती है।	इस दुर्घटना में 29 श्रमिक घायल हो गए, जिनकी चिकित्सा विभिन्न अस्पतालों में की जाती है।
1	अनेक राम	अनेक राम ने
9	केवल पुस्तकें ही नहीं अपितु पेन , कॉपी भी दूँगा।	न केवल पुस्तकें अपितु लेखनी , नोटबुक भी दूँगी।
15	वैद्यों को सख्त सचेतक दिया गया था कि ऐसी परीक्षा करने के खिलाफ अभियोजन होगा।	डॉक्टरों को दृढ़ जागरूकता दी गई कि ऐसी परीक्षा करने वालों के खिलाफ अभियोजन होगा, उन्होंने कहा।
27	जब अहंभाव टूटता है, और सेवा भाव विकसित होता है, तब अवसाद आदि की तादात्म्य समाप्त होती है, कुण्ठाबोध भी समाप्त हो जाता है, तब जीवनदायक-मूल्यों का प्रतिष्ठन होता है, इस प्रकार जीवन में''सत्य, शिव और सुन्दर'इस भाव का उदय होता है।	जब अहंभाव विचलित हो जाता है, इस प्रकार सेवाभाव विकसित होता है तब अवसाद आदि निषेधात्मक तत्त्व और कुण्ठाबोध निर्मूली हो जाते हैं, तब जीवनदायक मूल्यों की प्रतिष्ठा होती है, और इस प्रकार जीवन में'''सत्य सुन्दर शिव है''इस प्रकार भावना का उदय होता है।
1	सब जानते हुए भी	सब कुछ जानने वालों का
1	लुटेरा	बढ़ई
5	जिनके मध्य विश्वास है, उनके साथ ही मित्रता होती है।	विश्वास ही य के मध्य में उन दोनों के बीच मित्रता है।
1	शरीर में शत्रु	शरीर में शत्रु
4	मनु जी ने सभी को धर्म का उपदेश किया।	मनु ने सब धर्मों को पढ़ाया ।
26	राम के वचन को सुनकर राजा दशरथ ने ऐसा ही कहकर लक्ष्मण को पुनः वचन दिया हे धर्म ज्ञाता! राम में प्रसन्न हो जाओ, तुम धर्म, विशाल यश, स्वर्ग और उत्तम और महिमा प्राप्त करोगे।	राम के वचन को सुनकर राजा दशरथ ने ऐसा ही कहकर लक्ष्मण को पुनः वचन दिया हे धर्म ज्ञाता ! राम के प्रसन्न होने पर तुम धर्म, प्रशस्त यश, स्वर्ग और उत्तम महिमा प्राप्त करोगे।
5	संस्कृत कार्यकर्ता भी उत्साह से कार्यरत हैं।	संस्कृत कार्यकर्ता भी उत्साह के साथ कार्यरत हैं।
3	क्या वह खेल रहा है?	क्या वह खेलता है?
3	तुम नीचे जाओ।	तुम धीमे जाओ।
7	मेरे पढ़ने योग्य यह पुस्तक ।	मुझे या मेरे द्वारा यह पुस्तक पढ़ी जानी चाहिये।
6	रास्ते की संचय-दल में चवालीसत्तर और वायु के योद्धार भागों को जीत लिया जाता है।	पथ-सञ्चलन-दल में चवालीसत्तर वायुबल के योद्धा भाग लेंगे।
6	यह पहली बार है जब इतने भारी उपग्रह लॉन्च किए गए हैं।	इतने अधिक भार वाला उपग्रह पहली बार लॉन्च किया गया है।
3	यह विद्वानो का वचन हैं।	यह विद्वानों का कथन हैं।
6	इस प्रकार उनके दसों वर्ष बीते।	इस प्रकार उनके दस हजार वर्ष बीते।
1	समस्त विद्याओं का	सभी विद्याओं का
6	बहरा कौन है? जो कल्याणकारी बातें नहीं सुनता हैं।	कौन बहिरा है? जो हित नहीं सुनता है।
3	पाप कर्मों से नरक को प्राप्त करता है।	पापी ही पापी संसार में जाता है।
20	वह यह समझता है कि आपकी मदद से वह विजयी होगा, परन्तु सकृष्ण अर्जुन से यहाँ कोई जीत नहीं हो सकती।	वह समझता है कि तुम्हारी सहायता से वह विजयी होगा, परन्तु सख्ती से अर्जुन से विजय यहाँ नहीं हो सकती इसलिए तुम दुर्योधन को उपदेश दो।
1	कहाँ	कहाँ
7	विविध विद्यालयों के छात्र भी वहाँ बैठे थे।	विविध विद्यालयों के छात्र भी वहाँ बैठे थे।
10	अब राज्य सरकार ने मनरेगा के श्रमिकों और परिवारों का, लोगों का एक प्रतिशत से अधिक चयन किया है, सड़कों केक्रेताओं का, एकलम्पटों का भी चयन किया है।	अब राज्य सरकार ने मनरेगा कर्मचारियों के परिवारों, सौ से अधिक दिवंगत लोगों, सड़क व्यापारियों और एकल महिलाओं का चयन किया है।
13	इस अवसर पर कार्यक्रमाध्यक्ष मालविका पठानिया ने कहा किGeneralजोरावर सिंह हिमाचल प्रदेश के निवासी थे, उन्होंने दूरदराज मंदिर क्षेत्र में अपना प्रभाव स्थापित कर दिया।	इस अवसर पर कार्यक्रम की अध्यक्ष मालविका पाठक ने कहा कि जनरलजोरावर सिंह हिमाचल के निवासी थे और उन्होंने सुदूर हिमालय क्षेत्र में अपना प्रभाव स्थापित किया था।
3	वह मिसाइल मैन थे ।	वह मिसाइल का आदमी था ।
8	यह ऊर्जा सम्मेलन भारत के एक ही तरह का सब जगह है-ऊर्जा प्रदर्शनी एक महान सम्मेलन है।	यह ऊर्जा सम्मेलन भारत का एकमात्र तादृश्य सभी जगह-ऊर्जा प्रदर्शनी महा सम्मेलन है।
16	विपक्षी नेता राममन्दिर के उद्घाटन के लिए निमंत्रण प्राप्त नहीं हुआ, उन्होंने कहा कि सभी लोगों के लिए आमंत्रण पत्र भेजे गए हैं।	प्रतिपक्ष के नेता ने कहा कि राम मंदिर के उद्घाटन के लिए निमंत्रण नहीं मिला है, प्रतिपक्षी आमंत्रण समिति ने सभी लोगों के लिए आमन्त्रण पत्र भेजे हैं।
6	बचपन से ही वो स्वतंत्रता आंदोलन में हिस्सा लेते थे।	बचपन से ही वे स्वतंत्रता आंदोलन में भाग ले रहे थे।
6	पूरे संसार में लोग पर्यावरण दिवस उत्सव का आयोजन कर रहे हैं।	पूरे संसार में लोग पर्यावरण दिवस उत्सव का आयोजन कर रहे हैं।
1	पहरेदार	यमराज
10	यदि आप धन दिलाते तो सुरेश विषय नहीं बताता ।	यदि आप धन दिलाते तो सुरेश विषय नहीं बोलता ।
1	हो सके।	नहीं है
3	वह वृद्ध है ।	वह बूढ़ा है ।
10	यह स्वच्छता अभियान भगवान श्रीराम के अयोध्या में प्राणों की उन्नति का एक शुभावसर होगा	यह स्वच्छता अभियान भगवान् श्रीराम के अयोध्या में प्राणों की उन्नति के लिए शुभ ग्रहणी के रूप में चलेगा।
9	उन्हें परसंस्कृति बहुत पसंद है, न स्वसंस्कृति ।	कारण उन लोगों को अधिकतर परसंस्कृति अच्छी लगती है या अपनी? नहीं।
9	इन पांच तत्वों की अनुपात से मानव शरीर का स्वास्थ्य निर्भर करता है।	इन पाँच तत्वों के अनुपात से मानव शरीर का स्वास्थ्य निर्भर करता है।
11	प्राणों कीप्रतिष्ठा के दिन भी तेजप्रताप ने फेसबुक में स्थापित किया था कि राम सबके मन में हैं।	प्राणों की समृद्धि पर भी तेजप्रताप ने फेसबुक के बीच यह स्थापित किया कि राम सबके मन में हैं।
6	खेत में पानी, भूमि और ऊर्वर की आवश्यकता होती है।	कृषि क्षेत्र में जल और भूमि की समृद्धि की आवश्यकता होती है।
3	विविध व्यंजन मिलते हैं।	विविध व्यञ्जन उपलब्ध हैं।
1	बहुत जगह	स्त्री में।
1	समाजवाद	समाजवाद
8	वह बोली – पुत्र ! पानी ठंडा है।	वह बोली  हे पुत्र ! जल ठंडा है।
11	धर्म का जो महान् तत्त्व है, वह इनके जीवन में देखा जाता है और जीवन्ततारूपी हवाओं का सङ्गीत यहां पगपग पर गूंज रहा है।	धर्म का जो महात्त्व है, उसे जीवन में प्रत्यक्ष किया जाता है तथा जीवों के लिए सङ्गीत ही चरण-चरण गुनगुनाता रहता है।
9	वहां तुम्हारा निवास निर्दोष है, वहाँ किसी का बाध नहीं है।	वहाँ तुम्हारा निवास निर्दोष है, वहाँ किसी की बाधा नहीं है।
6	A.C. बस मुझे आरक्षण नहीं मिला ।	मुझे A.C. बस में आरक्षण नहीं मिला
3	ये दरवाजे हैं	ये वाहन हैं ।
7	हमारे गाँव आना, मैं तम्‍हें झरना दिखाऊँगी	मेरे गाँव आओ, मैं तुम्हें उसझर दिखाऊँगा।
8	उस वर्ष देहली-विश्विद्यालय के भौतिक विभाग के अध्यक्ष के रूप में उन्होंने भौतिक विषयों का शिक्षण प्रारम्भ कर दिया।	तमे वर्षे देहली-विश्वविद्यालय में भौतिक विभाग के अध्यक्ष के रूप में उन्होंने भौतिक विषयों का अध्यापन प्रारम्भ किया।
5	पूर्णिमा का चाँद चमकदार होता है ।	पूर्णिमा का चन्द्रमा अल्प काला होता है।
8	दोनों सखियाँ पिता जी, शकुन्तला के नहीं रहने पर सूने तपोवन में कैसे प्रवेश करें ।	हे दोनों पिताजी, हम शकुन्तला से रहित सूना तपवन में कैसे प्रवेश कर सकते हैं।
1	सूखे पत्तों की आवाज	मर्मरम्
9	इसके लिए एक सौ पचास रुपये काले रंग की चप्पल का मूल्य कम है।	इसके लिए 150 रु. काले रंग की चप्पल की कीमत कम है।
8	मंगलवार को मुख्यमंत्री अखिलेश जी पाठक के बारे में नाराज हुए।	मंगलवार को मुख्यमंत्री अखिलेश पाठक पर गुस्सा आया।
3	कन्याओं को भेंट देते हैं।	लड़कियों को पारितोषिक देते हैं।
10	समस्त योगियों में जो भी श्रद्धावान् योगी मुझ में युक्त हुये अन्तरात्मा से (अर्थात् एकत्व भाव से मुझे भजता है, वह मुझे युक्ततम (सर्वश्रेष्ठ) मान्य है।।	जो पुरुष सब में योगियों का उत्पन्न हुआ अनन्यभाव देखकर मुझे श्रद्धा से भजता है, वह मेरा उत्तम प्रयोजन है।।
1	देखा।	देखा।
11	पञ्च-पत्रिका के संपादक डाॅहयात सिंह अल्मोडा ने कहा कि बड़थ्वाल उत्तराखंड का गौरव है।	पहरू पत्रिका के संपादक डॉ. हयात सिंह अल्मोडा ने कहा कि बड़थवाल उत्तराखंड का गौरव है।
10	इस बारे में सुलह के विधायक विपिन सिंह परमार ने प्रश्न किया।	इस संबंध में पहला प्रश्न सुलह के विधायक विपिन सिंह परमार ने प्रश्न घंटे में पूछा।
5	इस वृ्त को किसालिये काटता है ?	इस गाजर को क्यों पी रहे हो ?
9	हे पुत्र सुति! स्वप्न के लोक में प्रस्थान करने के लिए चल पड़ो। तालाब में, तुम गीता को सुती के लिए गाता हूँ।	स्वप्न के लोक में जाने के लिए सुत! तल्पक, तुम जाओ, मैं सुत को गीत गा रहा हूँ।
18	भारत में रहने वाला दस वर्ष की आयु का हर व्यक्ति इस योजना में भाग ले सकता है। वित्तीय खाते में जीरो बैलेंस की सुविधा भी होती है. यह प्रतिभागियों को दुर्घटना सुरक्षा भी प्रदान करता है।	इस योजना में भारत में निवास करने वाले दस साल से लेकर सभी को भाग लिया जा सकता है। वित्तीय खाते में शुन्यशेष राशि की सुविधा भी है। भाग लेने वालों को दुर्घटना सुरक्षा भी मिलती है।
7	इस समय मकरसंक्रांति पर्व जनवरी को मनाया जाता है।	इस समय मकरसंक्रांति पर्व जनवरी को मनाया जाता है।
31	जिलाधिकारी मंडी अरिंदम चतुर्थी मंडी जिले के कुछ समतल क्षेत्रों में घनी सुबह-नीहार के कारण बालकों की स्वास्थ्य की सुरक्षा पर ध्यान देकर बल, पानी, उतने ही शिक्षाखंड के सभी निजी और सर्कारिक स्कूलों की समयसूची बदल दी। जिसके तहत इन शिक्षाखंडों के सभी निजी हैं-	जिलाधिकारी मंडी अरिंदम पाण्डे मंडी ने नीहार के कारण बच्चों के स्वास्थ्य और सुरक्षा पर ध्यान देकर सभी निजी और सरकारी स्कूलों की समय सारिणी बदल दी। जिसके तहत इन सभी शिक्षा खंडों की निजी-
4	मुझे प्रातः घुमना अच्छा लगता है |	मुझे सुबह घूमना पसंद है।
5	अब उसने ईश उपासना छोड़ दी है	अभी उसने ईश्वरीय उपासना छोड़ दी है
7	पांडव लोमाश ऋषि के साथ तीर्थों के दर्शन के लिए चल पड़े।	लोमाश ऋषि के साथ पाण्डव तीर्थों को देखने गए।
4	पक्षिओं का ध्वनि मधुर हैं।	पक्षिओं का स्वर मधुर हैं।
4	वह वहाँ कल जाएगा।	वह वहाँ कल जाएगा।
32	यदि मनुष्य में लोभ है तो उसे किसी अन्य बुराई की आवश्यकता नहीं। यदि व्यक्ति चुगलखोर है तो इससे बढ़कर और क्या पाप हो सकता है? यदि उसके जीवन में सत्यवादिता, सत्याचरण आदि गुण है तो उसे तप करने की क्या आवश्यकता है? यदि मनुष्य का मन पवित्र है तो विभिन्न तीर्थों पर जाकर वहां स्नान करने से क्या लाभ? यदि मनुष्य में प्रेम है तो उसे अन्य गुणों की क्या आवश्यकता है? यदि संसार में उसका यश फैल रहा है तो उसे अन्य किसी आभूषण की क्या आवश्यकता है? अर्थात उसे अपने शरीर को सजाने के लिए आभूषण की आवश्यकता नहीं है, यदि उसके पास उत्तम विद्या है तो उसे किसी अन्य धन की क्या आवश्यकता है और यदि उसका अपयश फैल रहा है तो उसे मृत्यु से क्या लेना- देना? वह जीते जी मृत के समान है।	लोभ और ईर्ष्या दोनों के गुणों से क्या लाभ है? दुष्टों के लिए क्या हानि? सत्य और चेतना से क्या पवित्रता है? पवित्र मन से क्या पाप है? तीर्थों के द्वारा क्या लाभ? सुशीलता से क्या श्रेष्ठ गुण है? सुन्दर मुख से क्या सुन्दर मुख है तो क्या सुन्दर मण्डल से क्या अच्छा? सुन्दर दांत से क्या सम्मान है? सुवर्णांग से क्या धन है तो अच्छी गुण है और शोभा है तो मृत्यु से क्या?
1	एक उपलब्ध हो जाता है	प्राप्त करना
17	आयोग के प्रवर्तमान अध्यक्ष अरुणहलधर परसों नई दिल्ली में अपने भाषण में कहा कि राज्य में अट्ठाईस से तीन सौ अनुच्छेदों के तहत राष्ट्रपति को नियुक्त किया जाना चाहिए।	आयोग के कार्यभार संभालते अध्यक्ष अरुणहलधर ने नई दिल्ली में संवाददाताओं को कहा कि अनुसूचित जातिओं के अधिकारों की रक्षा के लिए राज्य में अट्ठाईस से अधिक अनुच्छेद के तहत राष्ट्रपति शासन स्थापित किया जाना चाहिए।
7	हिन्दी कवि मुंशी प्रेमचन्द ने साहित्य को "जीवन की आलोचना" कहा है।	हिन्दी कवि मुंशी प्रेमचन्दन ने साहित्य "जीवन की आलोचना" कहा
6	भारत का यह तत्वपूर्ण नाम है।	भारत का यह तत्त्वपूर्ण नाम है।
4	हाथों, और पावोंमें चंद्रमंडलके समान गोल छेद करे तथा गुदा और लिंगमें शस्त्र लगाने की आवश्यकता हो तो बुद्धिमान् वैद्य अर्द्धचंद्राकृति छेद करे ।।	चन्द्रमा के मण्डल को काटने वाले मनुष्यों के पैदल चलने से
18	एक समाजिक इंटरनेट-प्रधानमंत्री ने संदेश में कहा कि विजयकांत तमिल फिल्म जगत के अग्रगण्य थे और उनके आकर्षक अभिनय से लक्षस लोगों के हृदय में बिठा गया है।	एक सामाजिक वार्तालाप में-प्रधानमंत्री ने कहा कि विजयकांत तमिल फिल्म दुनिया के अग्रणी थे और उनके आकर्षक अभिनय से लाखों लोगों के हृदय जीत गए।
6	अहिंसक आंदोलन तो लोगों को मार रहा था।	अहिंसक आन्दोलन तो लोगों को मार रहा था।
16	डॉ. रजनी वीजी, सचिव, डॉ. गोविन्द सरकार, महोदया, संगठन द्वारा कही गयी सूचना पर गौर किया गया सार है.	उक्त सूचना संगोष्ठी के संयोजक डॉ. रजनी वीजी, सचिव डॉ. गोविन्द सरकार हैं.
1	मतैक्य	सर्वसम्मति
15	अजय जब लगातार फिल्म की शूटिंग करता है तब इस वर्ष उनके वीडियो भी लगातार प्रदर्शित होंगे।	अजय जब निरन्तर फिल्म की शूटिंग करता है तब इस वर्ष उसकी फिल्में भी निरन्तर प्रदर्शित की जाएंगी।
3	वृक्ष से फल गिरते हैं।	वृक्ष से फल गिरते हैं।
5	प्रात: वेला का तुम सदुपयोग कर रहे हो।	तुम सवेरे का सदुपयोग करते हो ।
10	डॉ. मेघनाद के कथन से दौलतसिंह जी अर्नेस्ट रदरफोर्ड महोदय के पास गए थे।	डॉ. मेघनाद के कथन से दौलतसिंह अर्नेस्ट रदरफोर्ड-महोदय के पास गए थे।
13	डेविड – हाँ, क्यों नहीं, ध्वज के ऊपर स्थित केसरी रंग त्याग व उत्साह का सूचक है।	डेविड  हाँ! क्यों नहीं? ध्वज के ऊपर का केशर रङ्ग त्याग के उत्साह का सूचक है।
6	उनके पास में ध्रुव तारा है ।	उनके पास ध्रुव तारा है
1	मटर	मटर
15	आगामि समय में उत्तराखंड के साथ हिमाचल प्रदेश में नलिका- प्राकृतिक हवाओं अर्थात पाइपड नेचुरल गैस की सुविधा प्रदान करने के लिए रास्ता प्रशस्त है।	आगामी समय में यूनान के साथ हिमाचल प्रदेश में पाइप-प्राकृतिक गैस सुविधा देने का रास्ता प्रशस्त है।
6	इस योजना का तीसरा चरण भी आएगा।	इस योजना का तीसरा चरण भी आएगा।
10	इसके बाद उस धन के साथ दो हजार से अधिक छह हजार काम शुरू हुए।	इसके बाद बैंक ने छह से दो हजार के साल में काम शुरू कर दिया।
11	विश्व की उत्पत्ति, स्थिति और प्रलय आदि के कारण माया के आश्रित होकर भी मायायीत, अचिन्त्यमूर्ति, आनन्दघन, उपाधिकृत दोषों से रहित, स्वयं प्रकाश स्वरूप, तत्त्वविद्, श्रीसीतापति रामचन्द्र जी को मैं नमस्कार करता हूँ॥	संसार के उदय होने तथा उसकी स्थिति के आदि कारणों में से एक माया का आश्रय तथा एक आनन्दमय, घना, निर्मल और अपने समान अज्ञानी रूप वाले सीतापति विदितत्त्व को नमस्कार करता हूँ ॥
4	नौकर गाँव से आता है।	वैद्य शहर से आता है।
15	इस तरह से लोग अब विभिन्न दृष्टिकोणों, समय घटनाओं और उनके कार्यक्रमों के विचारों को सुनने में समर्थ हैं।	इस प्रकार लोग अब विभिन्न दृष्टिकोणों से घड़ों और उनके कार्यक्रमों के विचारों को सुन सकते हैं।
4	गैस चूल्हा उसे पसन्द नहीं है।	गैस चूल्हा उसे पसंद नहीं है।
11	जो दोष वर्षा हेमंत और ग्रीष्ममें संचय होतेहैं तथा जो शरद् और वसंत और प्राइम कोप करें (मनुष्यों को) उनकी शांतिका यत्न करना चाहिये ॥	वर्षा, हेमंत, ग्रीष्म तथा शरद् ऋतु में संचित दोषों तथा कुपित रोगों को दूर करना चाहिये ॥
6	आठ मिनट की निरीक्षण उड़ान के बाद, विमान सुरक्षित रूप से नीचे उतर गया।	आठ मिनट निरीक्षण के बाद विमान सुरक्षित रूप से जमीन पर उतरा।
14	लोकसाक्षी पावक ने वहाँ से राम को वैदेही देकर कहा हे राम ! ये मैथिली ले जाओ।	लोकसाक्षी पावक वहाँ से लेकर राम को सीता देकर बोला हे राम ! ये मैथिली लो।
8	निकोलस – ये राज्य ‘सात बहनें’ इस नाम से किस प्रकार कहे जाते हैं?	निकोलस  ये राज्य सात बहनें किसलिए कहे जाते हैं?
6	तुम मेरी बात नहीं सुनती हो।	तुम मेरी बात नहीं सुन रहे हो
5	जल्दी से वो पलँग के नीचे चली गई।	जल्दी ही वह पलंग के नीचे गई।
3	प्रबंधक को फोन किया।	मैनेजर को फोन किया।
4	हिमसंस्कृतवार्ता - कार्यालय का प्रतिनिधि।	हिमसंस्कृतवार्ता - कार्यालय का प्रतिनिधि।
17	हमारे राज्य का गढ़वाली और कुमौनी भाषा आठवें अनुसूचि में समाविष्ट हो, परन्तु हमारे आने वाले संतजन अपनी मातृभाषा में बात करें।	हमारे राज्य की गढ़वाली और कुमुनी भाषा आठवीं अनुसूची में समाविष्ट होंगी, लेकिन हमारे आने वाले बच्चे अपनी मातृभाषा में बातचीत करें।
10	सुतीक्ष्ण बोले हे अनन्तगुण अप्रमेय सीतापते ! में आपके ही नाम का मन्त्र जप करता हूँ। हे अभिराम राम! श्रीशिवजी और ब्रह्माजी आपके चरणाश्रित हैं, आपके पादपद्म संसार सागर को पार करने के लिए जहाज रूप हैं। हे नाथ! मैं सतत् आपका दासानुदास हूँ ॥	हे राम! मैं आपके दासों के दास सदा आपके मन्त्र का जप करने के द्वारा अनन्तगुणों को प्राप्त करने के लिए सीताजी, शिव और विरचि के आश्रित होने के लिए संसार रूपी समुद्र में निवास करने वालों के माला को तपाता रहता हूँ ॥
12	एक सामाजिक वार्तालाप में- सन्देश में विदेशमंत्री ने कहा कि पुतिन ने प्रधानमंत्री नरेंद्र मोदी को शुभकामनाएं दीं.	एक सोशल मीडिया पर- संदेश में विदेश मंत्री ने कहा कि पुतिन ने प्रधानमंत्री नरेंद्र मोदी को शुभकामनाएं दी हैं।
4	हम दोनों पाठक हैं।	हम दोनों पाठक हैं।
5	बच्चों का गुरुकुल अलग है	बच्चों का गुरुकुल अलग है।
9	वीं फेल और दक्षिण की फ़िल्म निघनी थी।	वों फेल तथा दक्षिण की फिल्म की ओर से बहुत उम्मीद थी।
14	समुद्र में वृष्टि, भर पेट खाये हुएको भोजन, समृद्धिमान्‌को दान और दिनमें दीपक-ये व्यर्थ ही होते हैं	समुद्र में देनेवाले को वर्षा और तृप्त करनेवाले को भोजन व्यर्थ होता है, तथा दिनमें दीपक भी व्यर्थ रहता है
1	पश्चात् बैठता है।	रहता है
10	उसके शरीर से तेज निकल कर सबके देखते देखते राम में समा गया यह देखकर देवता विस्मित हुए ॥	समस्त लोकों के देखते हुए उस देह से उदित हुए परम तेज के समान देव श्रीरामचन्द्रजी विस्मय को प्राप्त हो रहे हैं ॥
8	उस वर्ष देहली-विश्विद्यालय के भौतिक विभाग के अध्यक्ष के रूप में उन्होंने भौतिक विषयों का शिक्षण प्रारम्भ कर दिया।	तमे वर्षे देहली-विश्वविद्यालय में भौतिक विभाग के अध्यक्ष के रूप में उन्होंने भौतिक विषयों का अध्यापन प्रारम्भ किया।
3	छोटा बच्चा लड्डू थोड़ा सा खा रहा है।	छोटा बच्चा लड्डू स्वाद ले रहा है।
8	शनिवार सुबह हाड़ी समुदाय के कई लोगों को सचिवालय के मुख्य सचिव समिति में शामिल किया गया।	शनिवार दोपहर हाड़ी समुदाय के कई लोग सचिवालय के मुख्य सचिव कक्ष में पहुंचे।
7	हत्येता नागरिकों को शस्त्र भी मिल चुके हैं।	मारे गए नवरात्रि के बच्चों से शस्त्र भी प्राप्त हुए हैं।
7	अंत में कार्यक्रम का समापन संस्कृत विभागीय शिक्षकों द्वारा शांति पाठ के माध्यम से हुआ।	अंत में कार्यक्रम का समापन संस्कृत विभागीय शिक्षकों द्वारा शान्ति पाठ के माध्यम से होता है।
16	पिता की पैरवी करके मिलिंद देवड़ा ने भी कांग्रेसपक्ष में अपने कार्यक्षेत्र का आरम्भ किया, लेकिन अब सम्बन्ध टूट गया है।	पिता का अनुसरण करके मिलिन्द देवड़ा ने भी कांग्रेस पक्ष में अपने कार्य क्षेत्र का आरम्भ किया, लेकिन अब संबंध टूट गया है।
7	योग दर्शन की अध्येता और अनुसंधानकर्त्ता के रूप में आपका अनेक वर्षों का लम्बा अनुभव है।	योगदर्शन के शोधकर्ताओं के रूप में विदुषी शैलपुत्री का 20 वर्ष का अनुभव है।
5	अतः वह बोला – नौ ही हैं।	इसलिए वह बोला -नये ही हैं।
8	जो कोई अनादर पूर्वक भी किसी से अध्यात्मरामायण का श्रवण करता है, वह भी पातकों से मुक्त हो जाता है ॥	जो पुरुष अपनी इच्छा के अनुसार अध्यात्मरामायण का मान-सम्मान करता हुआ इसके विपरीत वचन सुनता है, वह भी पाप से मुक्त हो जाता है ॥
10	रविवार रात को केलांग में पर्दे को कम कर दिया गया।	रविवार रात केलांग में पारा सबसे कम डिग्री पहुंचा।
16	एसजेवीएनएल के तत्कालीन अधिकारियों और एक निजी कंपनी के प्रतिनिधियों के खिलाफ विभिन्न किस्मों से यह मुद्दा दर्ज किया गया है	एसजेवीएनएल सार्वजनिक उद्यम के तत्कालीन अधिकारियों और एक निजी कंपनी के प्रतिनिधियों के खिलाफ विभिन्न धाराओं में यह मामले दर्ज किया गया है
5	आज रविवार है न !	आज रविवार है न !
7	वायरस के बारे में स्थानीय-अंतरराष्ट्रीय-संस्थाओं के सहयोग से निगरानी को मजबूत किया गया है।	स्थानीय-अंतरराष्ट्रीय-संस्थाओं के सहयोग से निगरानी को मजबूत किया गया है।
4	माँ कैसे उतरती है ?	माँ कैसे उतरती है ?
10	लेकिन अभी तक ड्रैड्डी-निर्माताओं को इस विषय पर आधिकारिक वक्तव्य नहीं मिला।	लेकिन अब तक डड्डी-निर्माताओं को इस विषय पर आधिकारिक वक्तव्य नहीं मिला है।
3	आप चतुर हैं ।	आप चालाक हैं।
10	उन्होंने कहा कि अपना वीरभद्रसिंह ने राज्य में धर्मान्तरण से विरोध करने का विधेयक लाया था।	उन्होंने कहा कि स्वस्ति वीरभद्रसिंह ने राज्य में धर्म के परिवर्तन के खिलाफ विधेयक लाया था।
18	सत्य नियमों वाले सभी के प्रेरक सूर्य देव के समान इन पासों का तिरपन का समूह अक्ष पट्ट पर खेलता है। ये पासे भयानक और क्रोधी पुरुष के आगे भी नहीं झुकते हैं इनके लिए तो राजा भी नमस्कार करता है	त्रिपांच वर्ष तक इनके भाई सविता सत्यधर्म के देवता के समान खेलते रहते हैं। राजा ज्ञानी जनों को नमस्कार करता हुआ भी उग्रजन के चिह्नों के समान उन्हें नमस्कार नहीं करता ॥
5	ठीक है, दत्तचित्त के अनन्तर तुमसे सुनिये बेटा।	ठीक है, दत्तचित्त से तुमने सुन लिया बेटा।
5	दीपक के चारों ओर कीड़े हैं।	दीपक के चारों ओर कीड़े हैं।
9	इला – चिंता मत करिये भैया ! अब चित्र ले लीजिये।	इला  चिन्ता न करो भैया! अभी चित्र लीजिये।
9	विद्यालय परिसर से मिलन-चौक तक बैठकें हुईं। फिर विद्यालय आकर वह पूर्ण हो गया।	सभा विद्यालय के चारों ओर से मिलनचौकी तक चली। वह फिर से विद्यालय आकर पूरी हो गई।
13	कार्यक्रम रायपुर के विज्ञान कॉलेज के प्रांगण में आयोजित किया गया, जिसमें राज्य के राज्यपाल विष्णु भूषण शामिल थे-हरिचन्दन ने शपथ ली.	कार्यक्रम का आयोजन रायपुर के विज्ञान कॉलेज के मैदान में किया गया, जहां राज्य के राज्यपाल विष्णु आभूषण ने किया- हरिचन्दन ने शपथ ली।
14	इस अवसर पर श्री सिंह हा वर्या ने कहा कि प्रधानमंत्री नरेंद्र मोदी के नेतृत्व में सरकार सशक्तीकरण के लिए प्रतिबद्ध है।	इस अवसर पर श्री सिंह ने कहा कि प्रधानमंत्री नरेंद्र मोदी के नेतृत्व में सरकार सशक्तिकरण के लिएबद्ध है।
25	सिंस्टाइन आश्चर्यचकित हो गया ! तब वह बोला, "सम्यक्, मैं जहाँ अग्रिमसभा जाता हूँ, वे मुझे नहीं जानते हैं, आप मेरे स्थान पर भाषण दीजिये, मैं आपका ड्राईवर बनूँगा।	आइंस्टाइन हैरान रह गया ! तब वह बोला, "ठीक है, मैं जहाँ अग्रिमसभा जाता हूँ, वे मुझे नहीं जानते हैं, आप मेरे स्थान पर भाषण दीजिये, मैं आपका चालक बनूँगा।
11	लोगों का विश्वास है कि राहुकेतु ग्रह के कारण चंद्रग्रहण या सूर्यग्रहण होता है।	लोगों का मानना है कि चंद्र ग्रहण या सूर्य ग्रहण राहुकेतु के चमकते प्रकाश के कारण होता है।
4	कौनसे दो काम ?	कौन दो काम ?
8	मुख्यमंत्री आयव्ययक की प्रस्तुति के बाद वे मीडिया के साथ बात कर रहे थे।	मुख्यमंत्री आयव्ययक के प्रस्तुति के बाद मीडिया के साथ बात कर रहे थे।
4	एकता की भावना शक्ति की परिचायिका है।	एकता भावना शक्ति परिचयिका है
8	बहुत से लोग राखी भेजने के लिये यहाँ आए हैं ।	अनेक लोग राखी भेजने आए हैं।
6	राम मंदिर का स्पर्श तब तक सुलभ नहीं था।	राम मंदिर को छूना इतना आसान नहीं था।
12	अरे उस प्रेम-धाम हरिका नाम भज, [क्षण- क्षणमें] बाहर निकलनेवाले श्वासपर क्या विश्वास है ?	हे हरे! इस परम धाम को क्षण-क्षण में भजिये, निःश्वास से बाहर निकल जाता है, विश्वास उत्पन्न होता है।
11	वहाँ से वे ड्राईवर सोचकर कार के पास आ गए।	फिर वे ड्राइवर ही आइंस्टाइन है ऐसा सोचकर कार के पास आए।
5	वे छात्र संस्कृत पढ़ते हैं	वे छात्र संस्कृत पढ़ते हैं
4	पंजाब का भाँगड़ा देखा।	पंजाब का भाँगड़ा देखा।
5	कभी रीछ भी देखे हैं वा नहीं ?	कभी हलवा भी देखा है वा नहीं ?
8	रावेल और रेंटिला गांवों के क्षेत्रों में आसमान से गोल चट्टानें गिरीं।	रावेल रंटीला नाम के गांवों के इलाकों में ही गोल चट्टानें गिरी हुईं.
6	आप उस दिन क्यूँ नही आये?	उस दिन आप क्यों नहीं आए ?
1	कहा।	दगाबाजी
6	आज के वाक्य आप ही पढ़िये।	आज के वाक्य आप ही पढ़िये।
4	वे अशिक्षित नहीं हैं।	वे अशिक्षित नहीं हैं।
11	वार्ता के अनुसार अग्रिम- आरक्षण के कारण संयुक्त राज्य अमेरिका में भी इस फिल्म का अर्जन बहुत अच्छा है।	वार्ता के अनुसार अग्रिम- आरक्षण के कारण अमेरिका में भी इस फिल्म का कमाई बहुत अच्छी है।
10	1 दिसंबर को इस फिल्म की विज्ञापन बुक प्रदर्शित होगी, ऐसा कहा गया था।	कहा जाता था कि इस फिल्म की विज्ञापन बुक दिसंबर के पहले सप्ताह प्रदर्शित होगी।
8	संयोजक जिला शिक्षक-प्रशिक्षण प्रमुख ओंकारवर्मा ने इस कार्यशाला में समग्र शिक्षा आयोग के आभार व्यक्त किये।	संयोजक जिला शिक्षक-प्रशिक्षण प्रमुख ओंकारवर्मा ने इस कार्यशाला के लिए समग्र शिक्षा क्षेत्र के लिए आभार व्यक्त किया।
4	शाम को वह कार्यालय बन्द करता है।	शाम को वह कार्यालय बन्द करता है।
7	संयुक्त राष्ट्र महासभा की अध्यक्षता आज शीर्ष पर है-विश्वास की पुष्टि	संयुक्त राष्ट्र महासभा की अध्यक्षता अब शीर्षक है-विश्वास का पुनर्निर्माण
8	ये वस्तुएँ बनाने में प्रायः एक सप्ताह होता है।	ये वस्तुएँ बनाने में प्रायः 1 सप्ताह लगता है ।
11	रविवार को कुल्लू, चम्बा, शिमला, किन्नौर, लाहौल-स्पीति-यह सैकड़ों गांवों में तीव्र लू का पीला दृश्य था।	रविवार को कुल्लू, चम्बा, शिमला, किन्नौर, लाहौल-स्पीति-यह जिलों में भारी बर्फबारी की पीली चेतावनी थी।
1	मौसी	मौसी
12	पति के पास जाकर वह हैरान रहकर प्यार से उसका सुंदर चेहरा देखती थी।	पति के पास जाकर वह आश्चर्य से प्रहर्षित होकर उसका सौम्य मुख देख रही थी।
7	आपका भार बहुत अधिक है।	आपका भार बहुत अधिक है।
4	दीवान स्तब्ध हो गया ।	दीवान हैरान रह गया।
15	फिर तुम्हारे बंधनों को देखना, पंपों की प्राप्ति, सुग्रीव के साथ तुम्हारी मित्रता, जब तुमने बाल्यावस्था का त्याग किया।	फिर से तुम्हारा कबन्धदर्शन, पम्पाभिगमन और सुग्रीव के साथ तुम्हारी मित्रता, जहाँ तुमने बाली को मारा था।
5	राष्ट्र की रक्षा के लिये हमें भी कुछ करना चाहिये।	राष्ट्र की रक्षा के लिये हमें कुछ भी करना चाहिये।
10	क्रिकेट परंपरा के पहले टूर्नामेंट के पहले मैच में बैटिंग करने वाली ऑस्ट्रेलिया की टीम 177 रन पर आउट हो गई।	ऑस्ट्रेलिया ने अपने पहले मैच में 177 रन बनाकर आउट हो गए.
9	मन को हरने वाले फूलों को देखकर दुःखित मनुष्य का मन भी प्रसन्न हो जाता है।	मनोहारी फूलों को देखकर दुखी मनुष्य का मन भी प्रसन्न होता है।
6	बच्चे के साथ बगीचे भी कार से जाते हैं।	बालक के साथ उद्यान को भी कार से जाते हैं।
3	यह किसने किया।	यह किसने किया
10	धर्म की रक्षा के लिये जिन्होंने काम किया उन्हें भी प्रायः हम नहीं जानते हैं।	धर्म की रक्षा के लिये जिन्होंने काम किये उन्हें भी प्रायः हम नहीं जानते हैं।
6	मुख्यमंत्री सेवा संकल्प-हल्प लाइन योजना में कृत्रिम बुद्धि का उपयोग होगा।	मुख्यमंत्री सेवा कल्प- हेल्पलाइन योजना में कृत्रिम बुद्धिमत्ता का उपयोग होगा।
5	सुजाता –  आओ हर्षा !	सुजाता  आओ हर्षे !
3	यज्ञ में आहुति देंगे ।	यज्ञ में आहुति दें
7	आज वह भाजपा राज्यकोरस समूह का सदस्य भी है	इस समय वह भाजपा राज्यकोर समूह का भी सदस्य है
6	श्रीमती जानकीत्रिपाठी ने सबको कृतज्ञता प्रकट की है।	श्रीमती जानकीत्रिपाठी ने सबको कृतज्ञता प्रकट की।
14	लक्ष्मण ने हनुमान को कहा कि वानर राज सुग्रीव हम दोनों के साथ मित्रता की इच्छा करता है, इसीलिए तुम को यहाँ भेजा । इसीलिए हम दोनों भी तुम्हारे वचन के अनुसार उनके साथ मित्रता को स्वीकार करना चाहते हैं।	जिस प्रकार तुम सुग्रीव के वचन से हनुमानजी से कहते हो, वैसा ही हम तुम्हारे उत्तम वचन से करेंगे ॥
8	यदि ऐसा है तो शस्त्र श्ख्तर चलाने में और युद्ध में कुशल बड़ी लड़नेवाली ख जाना और अन्नादि साम्री सहित सेना यृद्ध के लिये भेजनी चाहिये।	इस प्रकार यह अच्छी प्रकार से शस्त्रसस्त्र, उत्तम युद्धादि की लिष्ठा और धनधान्य आदि सामग्री सहित सेना को युद्ध के लिये भेजना चाहिये।
6	यह भगवान शेष का अवतार है ऐसा मान्यता है।	मान्यता है कि यह भगवान शेष का अवतार है।
12	इस प्रकार विरह से व्याकुल होकर वह गुह के साथ उस स्थान पर जा पहुंचे जहाँ पर श्रीरामजी के रात्रि के समय निवास किया था। वहाँ पहुंचकर भारत जी ने कुशाबिछे हुए भगवान् के उस शयन स्थान को देखा ॥	और गुह के साथ श्रीरामचन्द्रजी वहाँ रहते हुए सोते हुए कुश से सुशोभित एक सोते को देखा ॥
5	क्या आप भी कसरत  करती हैं?	क्या आप भी व्यायाम करती हैं ?
11	परन्तु हे परन्तप अर्जुन! अनन्य भक्ति के द्वारा मैं तत्त्वत: 'जानने', 'देखने' और 'प्रवेश' करने के लिए (एकी भाव से प्राप्त होने के लिए) भी, शक्य हूँ!।।	हे अर्जुन ! मैं विना आपकी भक्ति के ही (संसार में) प्रवेश कर सकता हूँ, अर्थात् मैं विविध पदार्थों को जानता हूँ, देखता हूँ और तत्त्व के द्वारा प्रवेश करता हूँ।।
20	जब मैंने जाना कि हिमाचल प्रदेश गुणवत्तापूर्ण शिक्षा में शीर्ष पर रहा है तब मुझे यह पता लगाने की कोशिश की कि इसके पीछे क्या मुख्य कारण है?	जब मुझे पता चला कि हिमाचल गुणवत्तापूर्ण शिक्षा में उस स्थान पर पहुंच गया है तब मैंने यह पता लगाने का प्रयास किया कि इसके पीछे क्या मुख्य कारण है।
5	गुजरात में विधानसभा चुनाव के पहले चरण का मतदान गुरुवार को होगा.	गुजरात में विधानसभा चुनाव का पहला चरण गुरुवार को होगा.
1	बनाया जाता है	उत्पन्न किया जाता है
11	राज्य सरकार ने सरकारी विभागों में वाहनों की आवश्यकता को पूरा करने के लिए ई-टेक्सी अनुबंध को लेने की अनुमति दी गई है।	सरकारी विभागों में वाहनों की आवश्यकता को पूरा करने के लिए राज्य सरकार ने ई-टेक्सी अनुबंध लेने की अनुमति दी है
7	यह फ़िल्म अप्रैल की-दिनार में प्रदर्शित करेगी।	यह फ़िल्म अप्रैल की है-दिन को प्रदर्शित की जाएगी।
6	सज्जन परोपकार के लिए कष्ट अनुभव नहीं करता।	सज्जन परोपकार के लिए कष्ट अनुभव नहीं करता है।
8	घग्गर नदी के ऊपर की पुल पुल भी आ जाने के लिए बंद कर दिया गया है।	घगर नदी पर बना पुल भी यातायात के लिए बंद कर दिया गया है।
5	अभी मैंने सारे काम पूरे किये।	अभी मैंने सारे काम पूरे कर लिये।
6	हाँ ... यहाँ जगह सही है।	हाँ ... यहाँ जगह सही है।
16	साथ ही मुख्यमंत्री महोदय के व्यक्तिगत सहायक श्री बलवीर राव महोदय, कांग्रेस-खंड-समिति केखंडाध्यक्ष ने भी विशेष अतिथि के रूप में भाग लिया।	साथ ही मुख्यमंत्री श्री बलवीरराव जी, कांग्रेस-खंड-समिति के खंड अध्यक्ष ने भी विशेष अतिथि के रूप में भाग लिया।
5	क्रोधित किसान ने उसको उठाने के लिए बहुत बार प्रयत्न कि	क्रोधित किसान ने उसे उठाने का अनेक बार प्रयत्न किया
20	बनर्जी ने कहा कि, "मैंने उनको जो भी याचिका दी, उन सब नेस्वीकृत कर दी" इसलिये हमने बंगाल में एकता के चुनाव लड़ने का फैसला किया है.	बनर्जी ने कहा कि, 'मुझे जो भी प्स्ताव दिया गया, उन्होंने सब स्वीकार कर लिये' इसीलिए हमने बंगाल में एकान्त में चुनाव लड़ने का फैसला किया।
17	मोदी ने कहा कि संपूर्ण विश्व में भारतीय प्रवासियों के योगदान की उपलब्धियों के लिए यह उत्सव महत्वपूर्ण है।	मोदी ने कहा कि पूरे विश्व में भारतीय प्रवासियों के योगदान और उपलब्धियों का उत्सव प्रतीक के रूप में यह दिन महत्वपूर्ण है।
5	दुःखी प्रजा दयालु ईश्वर से दया मांगेगी।	पीडित प्रजा दया की याचना करेगी।
1	चौखूंट	चारों ओर से
10	अंतर्राष्ट्रीय हवाई अड्डे के उद्घाटन से पहले, प्रधानमंत्री ने अयोध्या में लतामंगेश्कर चौक के स्थान का निरीक्षण किया।	अंतर्राष्ट्रीय हवाई अड्डा के उद्घाटन से पहले, प्रधानमंत्री ने अयोध्या में लतामंगेश चौक का निरीक्षण किया।
8	ठीक है महोदय ! आपकी विमान टिकट तैयार है।	ठीक है महोदय ! आपकी विमान टिकट तैयार हो गई।
1	अटारी	अटारी
5	लालची लड़की ने लालच का फल पाया।	लालची लड़की को लालच का फल मिला ।
6	आप फोन कर लें ऐसा कही थीं।	वह बोली आप फोन कीजिए।
1	आत्म संतुष्टि	आत्म तृप्त
6	मैं वाहन चलाने में निपुण हो गया	मैं वाहन चलाने में निपुण हो गया
9	केवल पश्चिम के लोग इस दुरुपयोग को करके देश को अधिराज्य में स्थापित कर दिया।	परन्तु पश्चिमीओं ने इसका दुरुपयोग करके देश में अधिराज्य स्थापित कर दिया।
5	आज प्रातः आए क्या ?	आज सुबह आए थे क्या ?
10	अगले 24 घंटों में24 मिनटमौसम विभाग ने भारी बारिश का अनुमान जताया है.	पर्यावरण विभाग का कहना है कि आने वाले 24 घंटों में 204.4 मीटर अधिक बारिश होगी।
8	भोगविशेष की कामना से जिनका ज्ञान हर लिया गया है, ऐसे पुरुष अपने स्वभाव से प्रेरित हुए अन्य देवताओं को विशिष्ट नियम का पालन करते हुए भजते हैं।।	कामनाओं से ही मनुष्य हृदय में स्थित अन्यदेवता उत्पन्न होते हैं, उन्हें नियम मानकर (अपने) स्वभाव से ही स्थापित किया जाता है।
13	एटीएस अधिकारियों ने कहा कि पंजाब की जेल में बंद एक विदेशी नागरिक इस अपराध का मास्टरमाइंड था।	एटीएस के अधिकारियों ने कहा कि यह कुकर्म करने वाला कोई विदेशी है जो पंजाब में जेल में है।
5	यह मुकुट किसने बनाया ?	इस सुकुट को किसने बनाया ?
10	दुर्जन और कांटे इन दो चीजों से बचने के दो ही उपाय हैं, या तो जूतों से इनका मुंह कुचल दिया जाए, उसके अस्तित्व को ही समाप्त कर दिया जाए अथवा उनको दूर से ही त्याग दिया जाए।	दुष्टों और काँटों की दो ही प्रतिक्रियाएं होती हैं मुँह और पंखुड़ियों को नुकसान पहुंचाना अथवा दूर रखना।
11	सुदैव से तुम के सहयोग से रावण को मारकर मैं सब लोकों का प्रवृद्ध होकर दरुण हो गया	भाग्य से तुमने संघ में रावण को मारकर समस्त लोकों के प्रवृद्ध पुत्र दरुण को मार दिया।
9	पिछले वर्ष सरकार ने पात में समय कम करने का निर्णय किया था।	पिछले वर्ष सरकार ने अटेंडेंट की अवधि कम करने का निर्णय लिया था।
3	अनेक वृक्ष गिर गए।	अनेक वृक्ष गिर गए।
4	जिसका अब समाप्ति हो गई।	जिसका अब समापन हो गया है
9	उस मन्त्री ने प्रजाओं को 'पेट तथा अंगों की कथा सुनाकर उनकी अनुकूलता प्राप्त कर ली।	वह माता से प्रजाओं को उदरावयवों की कथा कहकर उनका अनुकूलता प्राप्त किया।
1	सामान्य	स्वाभाविक
9	चन्दन – तो जल्दी ही पूजा करो और प्रसाद को दो	चन्दन  तो जल्दी से पूजा कर और प्रसाद दे।
16	इनमें से उन्ना-हमीरपुर-बिलासपुर नालागढ़-बद्दी- अर्की कुनिहार नगरों में भी सिरमौर जिले का नाहन पौंटा-बताया गया है कि वे शहरों के साथ संभावित हैं.	इनमें से उन्ना-हमीरपुर-बिलासपुर नालागढ़-बद्दी-अरकी कुनिहार नगरों में भी सिरमौर जिले के नाहन पौंटा-सहाब नगरों के साथ नीहार-भावना प्रकट हुई है।
4	गाड़ी ठीक है।	वाहन बढ़िया है।
3	वह पेंसिल तीखी कर रही है।	वह पेंसिल तीखी कर रही है।
9	सञ्जहार शब्द में हकार के स्थान पर भकार के आदेश से सञ्जभार का रूप सुना जाता है।	सञ्जहार शब्द में हकार के स्थान पर भकार के आदेश से सञ्जभार रूप सुना जाता है।
4	राम – किस सम्बन्ध से? (किस नाते से)	राम  किस संबंध से?
6	हे रोगी ! बाहय और दिव्य मुनि तथा राजऋषि और पर्वत तथा सब नदी और समस्त समुद्र तेरी रक्षा करो ॥	इस प्रकार मुनिश्रेष्ठ ब्राह्मणों में श्रेष्ठ और दिव्य राजर्षि कृष्ण भी हैं।
21	है हरे में आपके चरणयुगलमें इसलिये नमस्कार नहीं करता हूँ कि मेरे इन्द्र (शीतोष्णादि) नाश हों, कुम्भीपाकादि बड़े-बड़े नरकोंसे बचा रहे और नन्दनवनमें कोमलाङ्गी अप्सराओके साथ रमण करूँ अपितु इसलिये कि मैं सदा हृदय- मन्दिरमें आपकी ही भावना करता रहूँ	तुम्हारे चरणोंमें लड़ाई-झगड़े होनेसे मैं न तो कुम्भीपाकको और न गुरुको नमस्कार करता हूँ और न ही हरित नरकको भी, परन्तु रमाका तो सौफदायक वस्त्र और नन्दनीय है, ऐसा जानकर भी मैं हृदयभवनमें निवास करता हूँ
14	यदि कोई छात्र पूर्णपाठ्यक्रमशुल्क देकर पाठ्यक्रम को बीच में छोड़ देता है तो शेषशुल्क के दिनों में उसे वापस आ जाएगा।	यदि कोई छात्र पूर्ण पाठ्यक्रम शुल्क देकर पाठ्यक्रम को मध्यम मार्ग पर छोड़ देता है तो शेष शुल्क उसे दिनों में लौटेगा।
4	अभी सब सध्या खा रहे हैं।	अभी सभी सध्या खा रहे हैं।
4	क्या आप लिखती हैं ?	आप क्या लिखती हैं ?
8	छात्रों के लिए प्रशिक्षण संस्थानों के लिए भी नेट बुक का निर्माण करना होगा।	छात्रों को अब प्रशिक्षण संस्थानों के लिए भी नेटपुट बनाना होगा।
11	हे राक्षसेन्द्र उससे हृदय बिद्ध होने से में आकाश में चक्कर काटता हुआ समुद्र में आकर गिरा। तभी से में भयभीत होकर इस निर्भय स्थान में रहता हूँ॥	उसके हृदय में घूमते हुए राक्षसों का राजा (अर्थात् राजा) मैं समुद्र में गिर पड़ा हूँ। इससे मैं इस आश्रित (स्थानीय) स्थान से अत्यन्त भयभीत हो रहा हूँ ॥
21	पशुपालकों और किसानों के हित के लिए सरकार ने कई मजबूत निर्णय किये हैं, जहाँ दूध के बाजार में रुपये की बढ़ोतरी भी है, उन्होंने कहा कि राज्य में जनवरी से गोबर खरीदने की योजना शुरू हो गई है।	पशुपालकों और किसानों के हित में सरकार ने कई दृढ़ निर्णय किये, जहाँ दूध की खरीद की कीमत में रुपये की वृद्धि भी है, उन्होंने कहा कि राज्य में जनवरी से गोबर खरीद योजना शुरू हो रही है।
7	वो दोनों जने शान्त हो गए ।	उन दोनों झगड़ों में लोग शान्त हो गए।
4	शत्रु राजाओं से डरता है।	शत्रु राजाओं से डरता है।
6	महाबलि असुर के सत्कार में यह पर्व मनाया जाता है।	महाबली असुर के सत्कार के लिये यह पर्व मनाया जाता है।
1	मालूम हुआ	जानने वाला ।
6	हिमालय से लेकर कन्याकुमारी तक भारत फैला  हुआ है।	हिमालय से कन्याकुमारी तक भारत विस्तृत
8	बुद्धि भी बढ़ती है। रोग से हीन शरीर और भाइयों का प्रेम बढ़ता है।	बुद्धि भी बढ़ती है। रोग से रहित शरीर भी बढ़ता है और भाई प्रेम भी।
7	वो दोनों जने शान्त हो गए ।	उन दोनों झगड़ों में लोग शान्त हो गए।
12	घोषणा करने वाले समूह ने राज्य सरकार द्वारा हाड़ी समुदाय को अनुसूचित जाति की पदवी को देने के लिए केंद्र सरकार द्वारा पारित एक विधेयक पर आरोप लगाया है।	उद्घोषित समूह ने राज्य सरकार द्वारा हाड़ी समुदाय को अनुसूचित जन जाति पद देने के लिए केंद्र सरकार द्वारा पारित विधेयक पर लटके जाने का आरोप किया।
10	इसने संसदीय कार्यों के दो कार्यसूचक और वित्त विभाग के दो कार्यसूचक पर सहमति दी है।	इस में संसदीय कार्यों के दो कार्य सूचनाओं और वित्त विभाग के दो कार्यों सूचनाओं पर सहमति दी गई है।
10	प्रशिक्षण पाने के लिए जो शिक्षक आए थे उन्हें भी उत्साह के साथ भाग लिया गया।	प्रशिक्षण पाने आए थे उन शिक्षकों ने भी उत्साह के साथ भाग लिया।
4	वह बुद्धिमान् ( इन्टेलीजेंट ) है ।	वह बुद्धिमान् है
7	आज तो उसके घर मांगलिक काज हो रहा है।	आज तो उसके घर में खाना पकाने का काम हो रहा है।
5	अल्पाहार में वह उबले चने खाता है।	अल्पाहार में वह उबले हुए चने को खाता है।
6	विश्व की प्राचीनतम ग्रन्थ ऋग्वेद में काशी उल्लिखित है।	विश्व के प्राचीनतम ग्रन्थ में ऋग्वेद में काशी का उल्लेख है।
1	आरम्भ	आरम्भ
5	कंघी से मेरे बालों को सही करता है	कंघी मेरे बाल ठीक करता है ।
21	सभा को संबोधित करते हुए प्रधानमंत्री ने कहा कि अब देश में व्यापार-कार्यों में सुगमता, एक इन इंडिया उपक्रम, सुष्टुतर-संम्पर्क-साधनों और अन्य विभिन्न क्षेत्रों का विकास हुआ है।	सभा को संबोधित किया, प्रधानमंत्री ने कहा कि अब देश में व्यापार-कार्यों की सुगमता, मेक-इन इंडिया पहल, सुष्टुतर-संबंध-साधनों का, अन्य विभिन्न क्षेत्रों का विकास हुआ है।
15	अमेरिकी नौसेना ने बताया कि रक्षा पहल के हिस्से के रूप में कनाडाई पी3 विमान द्वारा स्थापित सोनार द्वारा ध्वनि तरंगें एकत्र की गईं।	अमेरिकी तट रक्षक ने कहा कि ध्वनियाँ को सुरक्षा अभियान के हिस्से के रूप में कनाडा के पी3 विमान में डिज़ाइन किया गया सोनार द्वारा एकत्र किया गया था।
4	अभी वह टी वी देख रही है।	अभी वह दूरदर्शन देख रही है।
1	अक्षर	अक्षर
4	मुझे आप से बहुत आशा थी ।	बहुत समय तक आपके इन्तजार में था।
8	बाह्य अंतरिक्ष देवदूतों की ओर से अब तक हजारों अवशेष बाह्य अंतरिक्ष में ढेर हो चुके हैं।	बाहरी अंतरिक्ष यात्रियों के हिस्से के रूप में, अब तक हजारों अवशेष बाहरी अंतरिक्ष में एकत्र किए गए हैं।
9	वहीं बुधवार दोपहर 12 बजे प्रधानमंत्री नरेंद्र मोदी लक्षद्वीप के कवरती पहुंचेंगे.	वहीं बुधवार दोपहर 12 बजे प्रधानमंत्री नरेंद्र मोदी लक्षद्वीप के कवराती पहुंचेंगे।
8	बोलो क्या कहना चाहती हो। आज कार्यालय बन्द है क्या ?	बोलिये क्या बोलना चाहते हैं। आज कार्यालय का अवकाश है क्या?
4	वह बच्चा अंधेरे से डरता है	वह बच्चा अँधेरे से डरता है।
9	स्वाभाविक मित्र तो भाग्य से ही मिलता है । वह स्वाभाविक मित्रता को विपत्तियों में भी नहीं छोड़ता है अर्थात् सच्चा मित्र बड़ा दुर्लभ है |	परन्तु जो स्वाभाविक मित्र भाग्य से उत्पन्न होता है, वह कृत्रिम मित्रता (मित्र) पुत्र को भी नहीं छोड़ता ।
7	सच कहूँ , मैंने कुछ भी नहीं खरीदा।	सच कहूँ , मैंने कुछ नहीं खरीदा।
7	प्रकृतिमाता – मैं प्रकृति तुम सबकी माँ हूँ।	प्रकृतिमाता  मैं प्रकृति तुम्हारी सबकी माता हूँ।
7	राम- मुझे भी गुरुवर का आदेश सम्माननीय (मानने योग्य) है। क्योंकि –	राम  मुझे भी मुनियों का यह आदरणीय निवास है। ठीक है।
6	मैं भी नहीं जानता, परन्तु सूर्यसिंह जानता है।	मैं भी नहीं जानता किन्तु सूर्यसिंह जानता है
10	सूचनाप्रसारण मंत्री अनुराग सिंह ठाकुर ने भी आज सशस्त्र सेना के ध्वज दिवस के अवसर पर सभी को नमस्कार किया।	सूचनाप्रसारण मंत्री अनुराग सिंह ठाकुर ने भी सशस्त्र सेना के झंडे के अवसर पर सभी को नमस्कार किया।
6	जब लौटाना होता है तब कष्ट अनुभव होता है।	जब लौटाया जाता है तब कष्ट का अनुभव होता है।
9	इसके बाद, अग्रिम सत्र में विभाग प्रमुखों एवं आयाम प्रमुखों ने अपना-अपने-अपने विभाग का अपना-वह के बारे में जानकारी दी गई.	उसके बाद अग्रिम सत्र में विभागों के प्रमुखों और आयाम प्रमुखों ने अपना-अपने विभाग का अपना-स्वायाम का वृत्तान्त प्रस्तुत किया।
7	वोटों की गिनती हिमाचल प्रदेश के साथ 8 दिसंबर को होगी.	हिमाचल प्रदेश के साथ 8 दिसंबर को मतगणना होगी
4	राधा के द्वारा काव्य लिखा जाता है।	राधा कविता लिख रही है।
29	यह रेलगाड़ी सुबह साढ़े आठ बजे अमृतसर से उतरकर दोपहर में पुरानी दिल्ली स्टेशन से पहुंच जाएगी-यह प्रतिफल के रूप में रेलगाड़ी पुरानी दिल्ली स्टेशन से दोपहर में अमृतसर की ओर प्रस्थान करेगी, उसी प्रकार नई दिल्ली से चल रही वंदे भारत रेल 8 बजे कारानगर में पहुंच जाएगी।	यह रेलगाड़ी सुबह साढ़े आठ बजे अमृतसर से प्रस्थान करके दोपहर में पुरातन दिल्ली स्टेशन तक पहुंच जाएगी। इस फलस्वरूप यह ट्रेन पुरानी दिल्ली स्टेशन से दोपहर 2 बजे अमृत्तसर तक प्रस्थान करेगी, उसी प्रकार नई दिल्ली से चल रही वंदे भारत रेल आठ घंटे में कटरानगर पहुँचेगी।
5	मैं मधुमेह रोग से पीड़ित हूँ	मैं मधुमेह रोग से पीड़ित हूँ
1	वह	वह
6	पुलिस को देखकर कुछ लोग रास्ता बदल देते हैं।	पुलिस को देखकर कुछ लोग रास्ता बदल देते हैं।
8	इसी प्रकार क्षणभर में उन्होंनेन्हों का रोमांचक युद्ध हुआ।	इसी प्रकार मुहूर्त तक उनके रोमहर्षण में तुमुल युद्ध हुआ।
20	वहाँ पर अतुल पराक्रमी वानरों का राजा सुग्रीव अपने भाई के भय से हमेशा अत्यन्त भयभीत होकर अपने चार मन्त्रियों के साथ रहता है। ऋषि के शाप के भय से वह स्थान सर्वथा वाली के अगम्य है। हे प्रभो! आप वहाँ जाएं और सुग्रीव से मित्रता करें। वह आपका सभी कार्य सिद्ध करेगा। हे रघुनन्दन! मै आपके सामने अब अग्नि में प्रवेश करूँगी ॥	इधर पम्पा नामक तालाब के पास श्रीरामचन्द्रजी रहते हैं। इधर ऋष्यमूक पर्वत के समीप महान् पर्वत वाली नाम की एक छोटी सी नदी है। हे प्रभो! आप इधर ही जाइये। वहाँ श्रीवालिनजी से मित्रता करिये।
2	प्रसन्न या कोमल और कठोर	खुश कर्कश
3	वैज्ञानिक सतत प्रयत्न करते हैं।	वैज्ञानिक सतत प्रयत्न करते हैं।
4	वे दोनों बरतन खरीदते हैं।	वे दोनों बर्तन खरीद रहे हैं।
13	परन्तु इनमें भी सर्वश्रेष्ठ तो जीता है, या मानवों के प्रति किया गया मानवमन में उत्पन्न हुआ प्रेम है।	परन्तु इनमें भी उत्तम तो जीवित है या मानव के प्रति प्रेम है जो मानव मन में उत्पन्न हुआ है।
6	सुनो , सीधी तरह से बाल कटवाना।	सुनो , सरलता से बाल काटो ।
10	वनवासियों के प्रिय राम आदि रथपर चढ़कर ही वन को जायेंगे। ऐसा कह ये सीता और लक्ष्मण के सहित राम को देखकर दुःख से पृथिवी पर गिर पड़े और आँखों में आँसू भरकर रोने लगे। तब रामजी के देखतेदेखते शीघ्र ही सीताजी रथ पर चढ़ीं ॥	हे वनचर प्रियजनों ! रथ पर चढ़कर वन को चलें। यह कहकर श्रीराम और लक्ष्मण को सीताजी को देखकर सलक्ष्मणजी बोलीं हे रघुनाथजी ! तुम आओ, हम दोनों वन को चले जायें ॥
6	रक्षक – तुम्हारा परिचयपत्र दिखाओ।	रक्षक  अपना परिचयपत्र दिखाएँ ।
11	उदर रोगी को जितेन्द्रिय ढोकर एक मास तक चीता और देवदारु के कल्क को अथवा हस्तिपिप्पली ( अष्टागसग्रह के मत से चविका ) और सोठ इनके कल्क का दूध के साथ पीना चाहिये ||	कामदेव के रूप में जिस प्रकार कल्कल का दूध नहीं पीना चाहिये, उसी प्रकार हाथियों के पिप्पलों को भी दूध के साथ ही दूध पिला लेना चाहिये।
7	देवव्रत रोगियों की सेवा करता है चूंकि सेवा भाव है।	देवव्रत बीमार सेवा करता है चूंकि सेवाभाव है ।
5	तिलक के प्रभाव से देश में क्या हो गई?	तिलक के प्रभाव से देश में क्या हुआ?
6	नहीं ये नहीं वो दिखाईये।	यह नहीं, यह नहीं दिखाओ।
3	संगति से क्या हो जाते हैं?	संग रहने वाले बच्चे कौन होते हैं?
7	विधानसभा की बजट सभा के लिए पुलिस प्रशासन ने यातायात योजना की है।	विधानसभा के बजट सत्र के लिए पुलिस प्रशासन ने यातायात योजना की है।
9	यह याद रखना चाहिए कि रूस के पास पलटवार करने के लिए कई हथियार हैं।	यह याद रखना चाहिए कि रूस के पास प्रतिरोध करने के लिए बहुत से हथियार हैं।
6	दिल्ली के उपमुख्यमंत्री मनीष सिसोयी को फरवरी में गिरफ्तार किया गया है.	दिल्ली के उपमुख्यमंत्री मनीष मोदी को फरवरी में गिरफ्तार किया गया था।
18	संयुक्त राष्ट्र की सुरक्षा परिषद ने गाजरं में फिलिस्तीनी लोगों के जीवनरक्षा के लिए मानवीय सहायता के प्रसार को बढ़ावा देने के लिए कई लाभों के लिए एक उचित प्रस्ताव भी भेजा है।	इसी मामले में संयुक्त राष्ट्र की सुरक्षा परिषद ने गाजापट्ट में फिलिस्तीनी लोगों के जीवन रक्षा के लिए मानवीय सहायता के प्रवाह को बढ़ाने के लिए कई उपायों का आह्वान किया और एक उपयुक्त प्रस्ताव भेजा।
1	किरणों से	किरणों से
3	अन्वेषण करना	अनुसरण करना
13	भारत सरकार का उड़ान-5.1क्षेत्रीय अनुसंधान योजना के तहत हिमाचल प्रदेश के चार विधानसभा क्षेत्रों में उड़ान भरे हुए स्थलों का निर्माण किया जाएगा।	भारत सरकार का उड़ान-5.1क्षेत्रीय संयोजन (आरसीएस) के तहत हिमाचल प्रदेश के चार विधानसभा क्षेत्रों में उद्गवस स्थलों का निर्माण होगा।
6	धीरे धीरे लैंडर की गति धीमी की गई।	लैंडर की गति धीमी हो गई।
9	स्वाभाविक मित्र तो भाग्य से ही मिलता है । वह स्वाभाविक मित्रता को विपत्तियों में भी नहीं छोड़ता है अर्थात् सच्चा मित्र बड़ा दुर्लभ है |	परन्तु जो स्वाभाविक मित्र भाग्य से उत्पन्न होता है, वह कृत्रिम मित्रता (मित्र) पुत्र को भी नहीं छोड़ता ।
10	इस प्रकार के राज्यों के विकास में सहयोग करने के लिए आप सभी का दायित्व है।	ऐसे में राज्य के विकास में सहयोग करने का आप सबका दायित्व है।
3	और परिजन	और परिजन
5	वे सब भी उसको द्वेष करते थे ।	वे सब भी उसको द्वेष करते थे ।
6	वह माँ के साथ बात करना चाहती है।	वह माँ के साथ बात करना चाहती है
3	भोजन से पूर्व आंवला हितकर है ।	भोजन न करके आंवला निकालो।
5	पानी पीते समय शेर यहाँ वहाँ देखता है।	पानी पीते समय शेर यहाँ वहाँ देखता है।
4	अभी वह रामेश्वर पहुँचा ।	अभी वह रामेश्वर पहुँचा।
3	वह पेंसिल तीखी कर रही है।	वह पेंसिल तीखी कर रही है।
6	कहीं भी संस्कृत में सम्भाषण सम्भव है।	कहीं भी संस्कृत में सम्भाषण सम्भव है
1	शक्तिशाली महान	प्रचंड
1	बोला ।	ऊपर
1	और भी	भी।
4	वह श्रेष्ठ अभिनेत्री है।	वह श्रेष्ठ अभिनेत्री है।
9	यह सम्भव है। कहाँ से? 'अन्तपारं किल शब्दशास्त्रम्' ऐसा कहा गया है।	यह तंत्र सम्भव है। कहाँ से? 'अन्तपारं किल शब्दशास्त्र' कहा गया है।
5	दे दो , मेरी गेंद दे दो ।	दो , मेरी गेंद दो ।
11	आवेदन पत्र में सभीवेदकों ने निवेदन किया-अवारोध की समस्या को सामने नहीं लाते हैं, यह भी विशेष ध्यान दिया जाता है।	आवेदन के दौरान आवेदक सर्वर-यह भी विशेष सावधानी से किया जाता है कि वे अवरोध की समस्या का सामना नहीं करते हैं।
4	सूत जी ने कहा हे मुनिजन ।	सूत ने कहा मुनि ।
8	इस प्रकार परिणामस्वरूप हिन्दू समुदाय खण्डशः विभाजित हो गया।	इस प्रकार परिणामस्वरूप हिन्दू समाज टुकड़े-टुकड़े हो गया।
10	ऐसे अनेक प्रकार के यज्ञों का ब्रह्मा के मुख अर्थात् वेदों में प्रसार है अर्थात् वर्णित हैं। उन सब को कर्मों से उत्पन्न हुए जानो	इस प्रकार अनेक प्रकार की यज्ञ ब्रह्म के मुख में विभक्त हो जाती हैं, तुम सब कर्मों को जानकर मुक्त हो जाते हो।।
7	रात को मैंने एक खिड़की बन्द नहीं की थी ।	रात में मैंने एक खिड़की नहीं बंद की थी
14	अब मैं तुम्हें तापत्रयहारी अध्यात्मरामायण सुनाता हूँ, जिसके श्रवणमात्र से जीव अज्ञान से उत्पन्न महाभय से छूटकर परम ऐश्वर्य, दीर्घायु और पुत्र पौत्रादि को प्राप्त करता है ॥	अतः आज मैं तुम्हें तापत्रयज्ञ सुनाता हूँ, जिसे सुनकर मनुष्य जन्तुरज्ञान के अत्यधिक भय से मुक्त हो जाता है और दीर्घ आयु वाले पुत्र की अपेक्षा परम समृद्धि को प्राप्त करता है ॥
23	वह कहता है कि समय और दूर के अभाव से अब तक अधिकांश बैठकें इंटरनेट के द्वारा आयोजित की गई हैं, परन्तु भविष्य में सभी लोगों को केंद्रबिन्दु पर संग्रह करने के प्रयास होंगे।	वह कहता है कि समय और दूर के अभाव में अब तक अधिकांश बैठकें इंटरनेट के माध्यम से आयोजित की गई हैं, लेकिन भविष्य में सभी लोगों को केंद्रबिन्दुओं पर एकत्र करने का प्रयास किया जाएगा।
1	सत्यता से	सत्य से
1	गर्वविशेष	घमण्ड
13	उसका प्रबोधन करने के लिए पति बहुत जल्द सभी तरह की हिंसा से निवृत्त हो गया और भगवद्भजन के लिए वह बहुतवृत्त हो गया, अच्छा है।	उसके जागने से पति शीघ्र ही सभी प्रकार की हिंसा से निवृत्त हो गया और भगवत के भक्त हो गया, यह अच्छा है।
9	अब एएसआई को दिसंबर को रिपोर्ट देने होंगे	अब एएसआई को दिसंबर को रिपोर्ट देना होगा
9	रूमतेक-घैयालवा कर्मपा उद्यान-इस परियोजना के आधारशिलाएँ भीवर्चुअल रूप में रखींगी।	रोम-तेकग्यालवा कर्मपा उद्यान- परियोजना के आधारशिला भी आभासी रूप में स्थापित होंगी।
8	इनमेंसे यथार्थ (शीतोष्णवर्षावाली) ऋतु में औषधि (अत्र शाक आदि ) तथा जलभी ठीक रहते हैं और वे यथोचित अन जलादिक उपयोगमें आये हुए ( सेवन किये हुए ) मनुष्योंको प्राण, आयुर्बल, पराक्रम और ओज यथार्थ उत्पन्न करते हैं ॥	और यहां व्याप्त ओषधियाँ अर्थात् सब प्रकार की औषधियाँ आपके लिए उपयोग की जाती हैं अर्थात् आपकी आयु केवल एक वर्ष के लिए ही सीमित होती हैं, पर मेरे लिए तो प्राण समान बलवान और निरोगी हो जाते हैं ॥
4	लेखनी नहीं लिखती है।	कलम नहीं लिखती है।
8	इन योजनाओं का लाभ लाभप्रद नहीं हुआ।	इन योजनाओं का लाभ लाभार्थी नहीं उठा सका।
10	इस बार भी चंद्रमा अपने दक्षिणी ध्रुव के पास समतल क्षेत्र में उतरेगा।	इस बार भी चंद्रमा के दक्षिणी ध्रुव के पास वर्तमान समतल क्षेत्र में उतारा जाएगा।
8	परीक्षा समय छात्रों को केवल पारदर्शी जलपुट, पारदर्शी पेन और पेन लाना चाहिये।	परीक्षा के समय छात्रों को केवल पारदर्शी वॉलीबाल पैनल ले जाना चाहिए।
4	वह तो करीब-करीब  बच गया।	वह तो बाल-बाल बच गया।
11	भारतीय मौसम विभाग के साथ-साथ हिमाचल प्रदेश के साथ-मध्य प्रदेश के साथ-बिहार-पश्चिम बंगाल-और झारखंड के साथ भयंकर भय- कुज्झिटिका-बताने की संभावना स्पष्ट है।	भारतीय मौसम विभाग ने हिमाचल प्रदेश-मध्य प्रदेश-बिहार-पश्चिम बंगाल-झारखंड में भीषण अकाल-जुड़ाव-एक आवरण की संभावना व्यक्त की है।
10	लेकिन यह आशंका है कि बिना अनुमति के दवाएं बेची जा रही हैं।	लेकिन यह खबर है कि बिना अनुमति के ही दवाएं बेची जा रही हैं।
4	अपने धन का ध्यान रखो।	धन के विषय में सतर्क रहें ।
10	इसके तहत राज्य की काङ्ग्रेस- सरकार ने एक वर्ष में हजारों काम प्रदान किये हैं।	इसके तहत राज्य का कांग्रेस- सरकार ने एक वर्ष में हजारों काम प्रदान किये हैं।
6	तो हम एक छोटा नाटक करते हैं।	तो हम एक छोटा नाटक करते हैं
6	घटना के बाद शिक्षक घर से भाग गया है।	घटना के बाद शिक्षक घर से भाग गया है।
1	रक्षा करने योग्य	रक्षा करनी चाहिए
12	इस समारोह में विद्यालय के बच्चों के अभिभावकों ने बड़ी संख्या में भाग लिया और कार्यक्रमों का आनंद लिया।	समारोह में विद्यालय के बच्चों के अभिभावकों ने बड़ी संख्या में भाग लिया और कार्यक्रमों में आनंद लिया।
3	उससे थैला ले जाना चाहिए।	उसके द्वारा थैला ले जाना चाहिये।
8	इस प्रकार परिणामस्वरूप हिन्दू समुदाय खण्डशः विभाजित हो गया।	इस प्रकार परिणामस्वरूप हिन्दू समाज टुकड़े-टुकड़े हो गया।
8	कुछ दिन पहले अजय रेड का चित्रोतलन शुरू हुआ।	कुछ दिन पहले अजय रेड ने चित्रोतलंघन शुरू किया।
10	फल के प्रभाव से सूर्य बादलों में छिपा हुआ है, संध्या की घड़ियाँ बना दी गई हैं।	फलतः सूर्य बादलों में छिपा हुआ और सन्ध्या की भ्रमणशक्ति बन गई।
1	लगाई।	ढका हुआ
5	ठीक है। मध्यप्रदेश के पन्ना मण्डल में ‘हीरे’ रत्नों की खान की भूमि है।	ठीक है। मध्यप्रदेश में पन्ना मण्डल हीरा रत्नों का स्थान है।
1	अनेक राम से	अनेक राम के लिए
11	निगम की वायु अनुकूल भंडार का आरक्षण भी करने के लिए यह ऑनलाइन सुविधा उपलब्ध होगी।	यह ऑनलाइन सुविधा निगम के एयर कंडीशनर रिज़र्वर करने के लिए भी उपलब्ध होगी।
11	महाराज को मूर्च्छित देख कर रनिवास की समस्त महिलायें रोने लगीं। तब यह सोच कर कि "यह रुदन क्यों हो रहा है ?" वहाँ वसिष्ठ जी भी चले आये ॥	राजा को मूर्च्छित देखकर चुकु (कुत्सित होकर) सब स्त्रीगण रोती थीं। तदनन्तर श्रीवसिष्ठजी भी सोचने लगे "क्यों रोते हो ?" ॥
15	यदि शब्द ज्ञान में धर्म कहा जाए तो साधु शब्द ज्ञान से अपशब्द ज्ञान अधिक होगा। उससे धर्म को अधिक प्राप्त करना होगा।	यदि शब्द ज्ञान में धर्म कहा जाता है तो साधुशब्द ज्ञान से अपशब्द ज्ञान अधिक वह धर्म से अधिक अधर्म को प्राप्त करना ही होगा।
12	अमुना ने यह भी कहा कि शिक्षा के क्षेत्र में चाइल्ड एजुकेशन सोसाइटी का लंबा योगदान बेहद सराहनीय है.	अमुना ने यह भी कहा कि शिक्षा के क्षेत्र में बाल शिक्षा सोसायटी का लंबा योगदान बहुत सराहनीय है।
13	इसीलिए मैं कहता हूँ नहीं! यह विषय केवल विश्वास के साथ ही सीमित नहीं हो सकता है।	इसलिये मैं कहता हूँ नहीं! यह विषय केवल विश्वास में ही सीमित नहीं होना चाहिए।
11	कांगड़ा जिले के डॉडासीबा क्षेत्र मेंरैल पांचवीं बनूड़ी गौशाला का निर्माणकार्य चल रहा है।	कांगड़ा जिले के डाडासीबा क्षेत्र के अंतर्गत बनूड़ी गौशाला में भव्य बांकेबिहारी मंदिर का निर्माणकार्य चल रहा है।
4	कुत्तों को दूर भगाता है	कुत्तों को दूर हिलाता है ।
3	विनाश को प्राप्त न हुआ	पता नहीं चला
4	उसका लड़का स्कूल में पढ़ता है	उसका बेटा पाठशाला में पढ़ता है ।
4	आपकी पुस्तक.... ऐसी ही ।	आपकी पुस्तक .... ऐसे ही।
9	लॉन्चर के सफल परीक्षण से इसके सभी उद्देश्य पूरे हो गए।	मिसाइल के सफल परीक्षण से इसके सभी उद्देश्य पूरे हो गए।
9	उत्तर प्रदेश संस्कृत संस्थान जल्द ही जिला स्तरीय समन्वयकों की नियुक्ति करेगा, सिर्फ ऑनलाइन नहीं	उत्तर प्रदेश संस्कृत संस्थान शीघ्र ही जिला स्तरीय समन्वयकों को स्थापित करेगा, न केवल ऑनलाइन
19	समय से काम करना चाहिए कभी भी निरीक्षण हो सकता है।	समय से कार्य करना चाहिए, कभी भी निरीक्षण हो सकता है। समय से काम करना चाहिए।
6	तो फिर घर के दरवाजे पर मुझे दीजियेगा	तो फिर घर के द्वार पर मुझे दे दो
4	उसी समय मैंने कह दिया था न ?	उसी समय बोला था न ?
5	पत्नी –ये कूड़ा नहीं है।	ये कूड़ा नहीं है।
13	मुख्यमंत्री ने कहा कि राज्य सरकार ने राज्य में कम से कम 10 फीसदी फिल्में निर्माण की हैं और सर्वश्रेष्ठ फिल्मों के लिए वार्षिक फिल्म पुरस्कार शुरू किए हैं।	मुख्यमंत्री ने कहा कि राज्य सरकार राज्य में कम से कम 6 फीसदी शूटिंग करके सर्वश्रेष्ठ फिल्मों को वार्षिक फिल्म पुरस्कार देने वाली है।
15	परन्तु ऐसा नहीं हुआ कि कोई दूषितभाव से युक्त, घृणा से भरा हुआ, हिंसा से भरा हुआ और काल से युक्त होने पर दूसरा व्यक्ति दुखी न हो।	परन्तु ऐसा नहीं हो सकता कि एक जहरीली भावना से युक्त, घृणित और हिंसा से युक्त काल के घड़े दूसरे को नष्ट कर दे।
3	तब पथिक ने उन्हें गिना।	पथिक ने उन्हें गिना।
2	यह मानचित्र है।	यह नक्शा?
5	तो कहो सोने से बनी हुई, चाँदी से बनी हुई अथवा ताँबे से बनी हुई।	कहो, सोने का, चाँदी का या ताँबे का।
7	मेरा भाई अब कहाँ गया है, मैं नहीं जानता	मेरा भाई अब कहाँ गया, नहीं जानता।
8	उस समय वह सर्वान्तर्यामी दूर्वादल के समान श्यामवर्ण, कमलनयन, चीराम्बरधारी, स्निग्ध जटाजूट वाले श्रीरामचन्द्र का सीता और लक्ष्मण के सहित बहुत देर तक ध्यान करते रहे ॥	उस अति दुर्वादल श्यामसुन्दर कमल के समान नेत्रवाले, चीराम्बर धारण किये हुए, चिकने जटाओं से सुशोभित सीता जी को लक्ष्मण जी ने खाया ॥
8	अहमदाबाद में भक्त श्रेष्ठ लादूराम नामक एक ब्राह्मण शिष्य थे।	अहमदाबाद में श्रेष्ठ लादूराम नाम का एक ब्राह्मण सज्जन हुआ।
8	अखिलेश ने कहा कि आज बहुत ही अच्छा दिन है।	अखिलेश ने कहा कि आज बहुत ही शुभ दिन है
10	गाजा पर  हवाई हमलों ने हमास की 10 भूमिगत सुरंगों और हथियार निर्माण सुविधाओं को नष्ट कर दिया है। इसराइल इसी बात पर घमंड करता था।	इज़राइल दावा करता है कि गाजा में हवाई हमलों से हमास के 10 जमींदारों और हथियार निर्माण सुविधाएं नष्ट हो गईं।
10	में प्रकाशित''मजाक''नमिका उनकी पहली कथावाचक बनीं।	1967 में प्रकाशित''द जोक''नामिका उनकी पहली कथा है।
22	केरल के राज्यपाल आरिफ मुहम्मद खान, मुख्यमंत्री पिनाराई विजय, नौसेना के कमांडर आर. हरिकुमार, कार्यक्रम में दक्षिण मंडल अधिकारी एमए हम्पी होली ने भाग लिया.	केरल के राज्यपाल आरिफ मुहम्मद खान, मुख्यमंत्री पिनाराई विजय, नौसेनापति आर हरिकुमार, दक्षिण जिले के अधिकारी एमए हम्पी होली ने आयोजित कार्यक्रम में भाग लिया।
4	सोलन के सरकारी महाविद्यालय से स्नातक पदवी पाई।	सोलन के सरकारी कॉलेज से स्नातक पदवी पाई।
7	मन्दिर के बाहर बड़ी संख्या में श्रद्धाल् वर आए हैं।	मंदिर के बाहर बड़ी संख्या में श्रद्धालु आए हुए हैं।
6	मन्दिर के ऊपर सुन्दरता से हाथी उछले हुए हैं।	मंदिर के ऊपर सुन्दरता से हाथी उछाले हुए हैं।
10	खाने की चीजें , सौन्दर्यप्रसाधन , स्वच्छता की वस्तुएँ खरीद सकते हैं।	खाने की चीजें , सौन्दर्यप्रसाधन , स्वच्छता की चीजें खरीद सकते हैं।
7	और भी घर में बहुत काम होने से निरन्तर पढ़ना ही नहीं होता।	और तो घर में कार्य की अधिकता के कारण निरन्तर अध्ययन ही नहीं होता।
4	प्रतिशत लोग गांवों में रहते हैं।	प्रतिशत लोग गाँवों में रहते हैं।
1	आने के लिए	आना
6	सर दोराबजी टाटा उनमें से एक थे।	सर दोराबजी टाटा उनमें से एक थे।
1	तुम में	तुमको
4	आज धोबी नहीं आया।	आज धोबी नहीं आया।
9	प्रसारित तस्वीरों से पता चलता है कि चक्रवात के कारण भारी वाहन भी घरों के ऊपर गिर गए	चलने वाली छवियों से पता चलता है कि चक्रवात ने भारवाहकों को भी हरमन के ऊपर फेंका है।
4	तुम वाङ्मय हो, तुम चिन्मय हो।	तुम वाचिक हो, तुम चाणक्य ।
6	पुत्र -वहाँ आपने साड़ी लटका दी थी	पुत्र -वहाँ आपने साड़ी लटका दी ।
12	प्रधानमंत्री श्री नरेंद्र मोदी ने नई दिल्ली में श्रीराम जन्मभूमि को-मन्दिर की स्मारक डाक टिकट का परिचय दिया-मुद्रा ङ्कन ने पहले घोषणा की।	प्रधानमंत्री श्रीेन्द्र मोदी ने नई दिल्ली में श्रीराम जन्मभूमि-मंदिर के स्मारक डाक टिकट को प्रक्षेपण किया-मुद्रांकन की घोषणा की।
14	आदिलाबाद, निर्मल, मुलुगु, मेदक जैसे जिलों में तीव्र गति से मतदान हुआ, हैदराबाद में मतदान की गति धीमी थी.	आदिलाबाद, निर्मल, मुलुगु, मेदक जैसे जिलों में तेजी से मतदान हुआ, हैदराबाद में मतदान की गति धीमी थी।
5	रेलवे स्टेशन में लोग प्रतीक्षा कर रहे हैं।	रेलवे स्टेशन पर लोग प्रतीक्षा कर रहे हैं।
1	व्यर्थ	खुश
13	2008 में, लिंका ने 3,500 कंगनों के संग्रह के साथ बुक ऑफ वर्ल्ड में प्रवेश किया।	इसके बाद, उन्हें लिंका बुक ऑफ वर्ल्ड में नामित किया गया, जिन्होंने 500 कंकणों का संग्रह किया,
4	चिकित्सक रोगी को औषधि देता है।	चिकित्सक रोगी को औषधि देता है।
5	हिमाचल में भी यह चरण निकलता है।	हिमाचल में भी यह चरण प्रकट होता है।
11	जब शिकारी ने अपने निकट आये हिरण की करुण दृष्टि देखी तो उसका हृदय दया से भर गया	अपने पास आई हिरणियों की दैनिक दृष्टि देखकर शिकारी का हृदय करुणा से भर गया।
6	हम सभी पर्वतों पर चढ़ नहीं पाएँगे।	हम सभी पर्वत नहीं चढ़ पाएँगे।
1	मरघट	श्मशान
8	साहित्य से ही साहित्यकार अपने भावों और विचारों के समाज में प्रसारित करता है।	साहित्य के माध्यम से साहित्यकार समाज में स्वभाव और विचार फैलाता है।
4	हम शिव के मन्दिर गए।	हम सब शिव के मंदिर गये।
11	केवल दूध पर रहते हुए वर्धमान-पिप्पली विधि से एक हजार हरड़ो का सेवन करना चाहिये । अथवा शिलाजतु की विधि से शिलाजीत या गुग्गुल का प्रयोग करना चाहिये ॥	हरड़ के साथ अथवा दूध के साथ शिलाजतु विधि से अथवा गुग्लू के साथ प्रयोग करना चाहिए।
4	मैं असत्यभाषण नहीं चाहती हूँ।	मैं असत्यभाषण नहीं चाहता हूँ।
14	जब तक रास्ता नहीं रुकाता है तब तक केवल 4×4 वाहन ही मिल सकते हैं-अवरोध प्राप्त कर सकते हैं।	जब तक सड़क की स्थिति नहीं होती तब तक केवल 4×4 वाहन ही सोलंग-अवरोध प्राप्त कर सकते हैं।
13	विपक्षी त्रियुंडा शुल्क लिया जाता है, विमानस्थानक-विस्थापित लोगों को पुनर्वास के साथ अन्य मामलों में धैर्य देता है।	विपक्षी त्रियुण्ड शुल्क लेता है, हवाई अड्डा- विस्थापित लोगों के पुनर्वास सहित अन्य विषयों पर जोर देता है।
4	पाँच लड़कियाँ है।	पाँच लड़कियाँ हैं।
17	Times ऑफ इण्डिया पत्रिका के समाचारानुसार "बुच्ची बाबू सना" के''आरसी 16''इसे पैना इण्डिया फिल्म है।	टाइम्स ऑफ इण्डिया पत्रिका के समाचार अनुसार, "बुच्चि बाबू सना" का'''आरसी 16''यह पैन इंडिया फ़िल्म है।
8	खबर के अनुसार, विद्या बालन की प्रेत की''मज्जुलिका''इसकी भूमिका में दिखाई देती है।	प्राप्त समाचार के अनुसार, विद्या बालान प्रेत की''मज्जुलिका''इसकी भूमिका में दिखाई देती है।
1	अवश्य होनेवाला	होना चाहिए
1	दुश्मन	दुश्मन
1	पगडंडी	एक पैर वाला
5	दादा पौत्र को पत्र लिखाता है।	दादाजी पोते को पत्र लिख रहे हैं
4	आजकल रास्ते में पुलिस रक्षक खड़े रहते हैं।	इस समय रास्ते में पुलिसकर्मी खड़े हैं।
8	गुजराती भाषा में बावड़ कहते हैं	गुजराती भाषा में बावड़ कहा जाता है
23	कुछ लोगों ने कहा दृ वह भालू बहुत छवीला है, वह सूर्य अस्त हो जाने के बाद छिप कर आता है और कामदेव के समान सुन्दर अपना शरीर युवतियों तथा किशोरियों को दिखाता है। इस समय किसी का भी शील सुरक्षित नहीं है।	कुछ लोग सोचते थे कि अरे, यह अति भयानक दीखता है, यह भालू दिन के प्रकाश में आता है, छुपा हुआ दिखाता है और अपनी कामुकता को दूर करने के लिए उत्सुक है। अब तो कोई भी शील सुरक्षित नहीं है।
6	अजी ! क्यों जा रहे हैं ?	अरे ! क्यों जा रही हो ?
6	रक्षा पहल राष्ट्रीय-राज्य दुरंत निवारण सेना के, और रिजर्व बल के नेतृत्व में.	रक्षा पहल राष्ट्रीय-राज्यीय आपदा निवारण बल और रिजर्व बल के नेतृत्व में चल रही हैं।
8	सूर्य वक्षस्थलकी, दिशा कर्णेदिय की, चंद्रमा मनकी, तारागणरूपकी और रात्री छायाकी रक्षा करो ॥	वक्षः, सूर्योदय, दिशा, कान और चन्द्रमा को पीना तुम्हारा मन है ।
11	तत्पश्चात् सेठ को बुलाकर उन्होंने कहा 'अरे! सेठ, क्या तुमने किसी क्षपणक को मारा है?	तब श्रेष्ठों को बुलाकर उन्होंने कहा- हे श्रेष्ठों! क्या तुमने किसी को मारा?
5	गाँव के चारों ओर क्षेत्र हैं।	ग्राम के चारों ओर क्षेत्र हैं।
18	भला आपके सिवा और किसके उदरमें शिव, ब्रह्मा आदि यह सारा प्रपञ्च स्थित है, कौन इसकी रक्षा करता और किसकी नाभिसे यह उत्पन्न होता है? आपको छोड़कर कौन इसे अपने पैरोंसे मापकर (प्रलयकालमें] निगल जाता और पुनः [सृष्टिकालमें] बाहर प्रकट कर देता है; यह प्रपञ्च किसी दूसरेके अधीन है—ऐसी शङ्का भी कौन कर सकता है?	(वस्तुतः) भला, किसकी पेट में हरड़ और मुखारविन्द है? किसकी रक्षा करता है और किसकी पिशाच से रहित है? (अर्थात्) किसकी बाणों को काटकर फिर ऊपर फेंकता है? [अन्यतः] भला, तुमको किसने मारा और किसने छुड़ाया है? यह संदेह हो सकता है। १२।
4	उसने मेरा वाहन तोड़ दिया	उसने मेरा वाहन तोड़ दिया
4	सास बहू को पाकविद्या सिखा रही है ।	सास पुत्र को पाकशास्त्र पढ़ाती है।
13	धन से धर्म की रक्षा की जाती है। विद्या को योग के द्वारा बचाया जा सकता है। मधुरता के कारण राजा को बचाया जा सकता है और अच्छी स्त्रियां घर की रक्षक होती हैं।	धर्म की रक्षा धन से होती है, विद्या योग से, भूप की रक्षा मृदु पुरुष और सत्स्त्री की रक्षा गृह की रक्षा करते हैं।
4	वह रोशनी है	वह रोशनी है
6	तब ही एक छात्रा वहाँ से गुजरती है	तब एक छात्रा वहाँ से निकलती है।
3	हम सब पकाते हैं ।	हम सब पकाते हैं।
8	वश में किया हुआ चित्त जिस कालमें अपने स्वरुपमें ही स्थित हो जाता है और स्वयं सम्पूर्ण पदार्थों नि: स्पृह हो जाता है, उस कालमें वह योगी कहा जाता है।	परन्तु जब संयमित बुद्धि एक ही मन में स्थित रहती है और सब कामों से निःस्पृह रहती है तब वह 'युक्त' कह जाती है।।
13	सामाजिकन्याय के विश्व दिवस सामाजिकन्याय के युद्ध में हुई प्रगति को चिन्तन करने के लिए, बाकी के आह्वानों को भी चिन्तन करने का अवसर है।	सोशलन्याय के विश्व दिवस सामाजिकन्याय की लड़ाई में की गई प्रगति को विचार करने का अवसर है और शेष आह्वानों को भी विचार करने योग्य है।
1	उन्नीस	उन्नीस
17	ये विधेयक इस वर्ष अगस्त में लोकसभा में पेश किये गये थे, पारित होने के बाद ये विधेयक अंग्रेजी में- शासन के ढह के स्थान पर आए।	ये विधेयक अगस्त में लोकसभा में पेश किये जाने के बाद अंग्रेजी शासन के समक्ष आए।
8	संगीता रेलमार्ग, नन्दिनी नैथानी कार्यक्रम के संयोजक के रूप में थे।	संगीता रेलमार्ग और नन्दिनी नैथानी कार्यक्रम के संयोजक के रूप में थे।
4	हम दोनों कार्यकर्ता हैं।	हम दोनों कार्यकर्ता हैं।
3	हम दोनों यज्ञ करते हैं ।	हम दोनों यज्ञ कर रहे हैं।
23	इस अवसर पर मुख्य अतिथि बालिकाएँ-छात्रों की उपलब्धियों को बधाई देते हुए उन्होंने कहा कि आज लड़कियों की युग है और बेटी की हर कार्य में पुत्रों की कमी नहीं है।	इस अवसर पर मुख्य अतिथि बालिका-छात्रों की उपलब्धियों को बधाई देकर उन्होंने कहा कि आज बालिकाओं का युग है और पुत्रियों का कार्य प्रत्येक कार्य में पुत्रों से कम नहीं है।
4	छात्र खुश होते हैं	छात्र खुश होते हैं ।
3	अमिता मूँगफली की कतली खा रही है।	अमिता मूँगफली की चिकी खा रही है।
7	हिरणी माँ डर गई और वहाँ से नहीं हटी	माँ हिरणी ने डर के कारण वहाँ से जाना नहीं छोड़ा।
1	कंघा	कंघी
6	उसका पोता रास्ते में साइकिल चला रहा है	उसका बेटा रास्ते में साइकिल चलाता है
4	जल्दी जल्दी वस्तुएँ रखो।	जल्दी जल्दी वस्तुओं को रख दो।
7	कभी कभी मेरे साथ भी बात करते हैं	कभी कभी मेरे साथ भी बात करता है ।
4	दीपावली पर लक्ष्मी की पूजा कब होती है?	दीपावली पर लक्ष्मी की कब पूजा होती है?
7	एसआईटी कहता है कि अभियुक्तों के खिलाफ दृढ़ साक्षी हैं।	एसआईटी का कहना है कि अभियुक्तों के खिलाफ दृढ़ साक्षी हैं।
5	उसका सूत्रग्रन्थ 'शब्दानुशासन' है।	उसकी सूत्रग्रन्थ 'शब्दों का शासन' है।
10	चार प्रकार के अम्लो ( वृक्षाम्ल, अम्लवेतस, अनार और बेर अथवा कैथ, चौपतिया, वृक्षाम्ल ओर अनार ) का एक प्रस्थ, सोठ, मरिच और पिप्पली मिलित तीन पल, पाचो नमक ( सैन्धव, रुचल, सामुद्र, विड् और उद्भिद ) मिलित चार पल, शर्करा आठ पल मिला कर चूर्ण कर लेना चाहिये । इस चूर्ण को शाक, दाल, राग ( व्यञ्जन विशेष ) आदि में मिलाना चाहिये । यह चूर्ण कास, अजीर्ण, अरुचि, वास, हृदयगंग, पाण्डुरोग और गुल्म को नष्ट करता है ॥	स्तंभक के चार अम्ल, डुप्पने का तीन पल्ट और नमकीन के चार पल्ट चीनी का एक पल्ट
5	अवधेश किसका बड़ा भाई है?	अवधेश किसका बड़ा भाई है?
3	आप विद्यालय जाईये।	आप विद्यालय जाईये।
10	उनका जन्म 1924 में मध्य प्रदेश के सिवनी जिले के एक कस्बे डिगोरी में हुआ था।	सन्यासी का जन्म सन् 1924 में मध्यप्रदेश के स्योनि जिले के डिगोरिनाम में हुआ था।
4	सूत जी ने कहा हे मुनिजन ।	सूत ने कहा मुनि ।
6	इस विश्व प्रसिद्ध घाट में कुम्भमेला बनती है।	इस विश्व प्रसिद्ध तालाब में कुम्भ मेला होता है।
5	अशिक्षित मनुष्य पशु के समान होते हैं।	अशिक्षित मनुष्य पशु के समान होता है।
9	वीं फेल और दक्षिण की फ़िल्म निघनी थी।	वों फेल तथा दक्षिण की फिल्म की तरफ से बहुत उम्मीद थी।
5	वह मुंबईनगर के तोंग-अस्पताल में घुस थे।	वह मुंबई के तोंगा अस्पताल में भर्ती थे।
1	कीड़ा भी	कीड़ा भी।
7	मेरे पिता मद्यपान छोड़ दें यह मैं चाहती हूँ।	मैं चाहती हूँ कि मेरे पिता शराब पीना छोड़ दें।
7	वह दादाजी को प्रणाम करके सब कुछ पूछता है	वह दादाजी को प्रणाम करके सारी बात पूछता है
4	उनके ऊपर आवरण लगाता है।	उनके ऊपर आवरण डालती है।
7	वानरोंका नन्दन और राक्षसोंका अवसाद वह अस्त्र है	वह अस्त्र वानरों का नन्दन और राक्षसों का नाश करने वाला होता है।
4	सज्जन पुरुष तिल के समान छोटे से उपकार को भी पहाड़ के समान बड़ा मानते हैं।	सज्जन व्यक्ति तिल के सदृश, अपूर्ण फल देने वाले पत्थर को भी अयोग्य मानता है।
19	लोकसभा चुनाव से पहले बहुजन समुदाय के सांसद रितेश पांडे ने रविवार को उत्तर प्रदेश के उपमुख्यमंत्री ब्रजेश पाठक और भारतीय जनता पार्टी के नेताओं की उपस्थिति में दिल्ली में भाजपा की अध्यक्षता की।	लोकसभा चुनाव से पहले बहुजन समुदाय के सांसद रितेश पांडे ने रविवार को दिल्ली में उत्तर प्रदेश के उपमुख्यमंत्री ब्रजेश पाठक और अन्य भारतीय जनता पार्टी के नेताओं के उपस्थिति में भाजपा में भाग लिया।
15	इसी प्रकार श्रीरामचन्द्रजी के बाणों से रावण के समान वर्त्तमान सिर पर एक सौ खरोटियाँ टूट गईं यदि भी उसके अन्दर नहीं दिख रही थीं।	इसी प्रकार श्रीराम जी के बाणों से रावण के तुल्यवर्द्धकों के शतक शिर काट दिये गये और उसका अंदर भी नहीं दिख रहा था।
4	प्रारम्भिक धर्म का साधन क्या है?	प्रारम्भ में धर्म का क्या साधन है?
11	पर्यावरण विभाग ने कहा कि हिमाचल प्रदेश में दो दिन और उत्तराखंड में चार दिन तक बारिश जारी रहेगी.	पर्यावरण विभाग ने कहा कि हिमाचल में दो दिन और उत्तरखंड में चार दिन बारिश जारी रहेगी।
18	राज्य के प्रमुख औद्योगिक संस्थानों और उद्यमियों ने औद्योगिक क्षेत्रों में आधारभूत संरचनाओं को मजबूत करने के लिए बड़े पैमाने पर घोषणा की आशा व्यक्त की है, वहाँ नई नई नई उत्पत्तियों के लिए आकर्षण की भी आशा करते हैं।	राज्य के प्रमुख औद्योगिक संस्थानों और उद्यमियों ने औद्योगिक क्षेत्रों में आधारभूत संरचनाओं को मजबूत करने के लिए बड़ी घोषणाओं की आशा व्यक्त की, वे वहां नएपुराण उद्योगों को बढ़ावा देने के लिए भी आशा करते हैं।
1	प्राप्त हुई	समीप गया
4	पहले मेरा काम पूरा करिये	पहले मेरा काम पूरा करिये।
4	आज्ञा को पाकर दोनों चल पड़े।	आदेश पाकर दोनों चले गए।
12	हे पुरुषोत्तम ! तुम्हारे लिये कैकेयी राजादशरथ से राज्य की याचना की थी। सत्यसन्ध राजा दशरथ ने प्रतिज्ञा पूर्वक कैकेयी को वर दिया था ॥	हे पुरुषश्रेष्ठ ! कैकेयी द्वारा माँग लिया गया राज्य तुम्हारे लिए सत्यसन्ध होकर महाराज दशरथ ने प्रतिज्ञा की किले को देंगे ॥
25	इस संबंध में अस्पताल के प्रशासन को और सरकार को कई अनुरोध किये गये, लेकिन उनके अनुरोध पूरी नहीं हो रहे हैं, जिसके कारण से वे कार्य को शुरू कर रहे हैं, मंगलवार से चार घंटे तक आन्दोलन करेंगे।	इस संबंध में चिकित्सालय प्रशासन और सरकार के लिए कई अनुरोध किये गये, लेकिन उनकी माँगें पूरी नहीं हो रही हैं, जिसके कारण उन्होंने कार्य निलंबन आंदोलन शुरू किया, मंगलवार से चार घंटे तक आंदोलन करेंगे।
3	एक कारखाने में काम कर रहा हूँ।	कारखाने में काम ।
10	श्रीकण्ठ बोला—”मित्र! तुम्हारे वचनों को सुनकर मेरे मन में बहुत प्रसन्नता हुई।	श्रीकण्ठ बोलामित्र! तुम्हारे वचनों को सुनकर मेरे मन में बहुत प्रसन्नता हुई।
8	सुदैव से यह संभव होता है। परन्तु इस आत्मा के संशय (वाले कार्य) में प्रयत्न नहीं करना चाहिए।	भाग्य से होता है। परन्तु इस आत्मसंदेह में प्रवृत्ति न डालें।
10	अस्तित्व को प्राप्त करके भाषा संस्थान महान् व्यक्तित्वों की स्मरण के लिए ऐसे भव्य कार्यक्रम का आयोजन करता है।	भाषा संस्थान अस्तित्व में आकर महान व्यक्तित्वों के स्मरण में ऐसे कार्यक्रम आयोजित करता है।
1	मैं जानती हूँ ।	जानता हूँ
5	वह हिन्दी नहीं जानता है।	वह हिन्दी नहीं जानता है
6	ये महोदय बहुत कर्मठ थे ।	ये महोदय बहुत मेहनती थे।
8	फिर उन्होंने चीन का राष्ट्रीय ध्वज फहराया. बाद में, राष्ट्रों के बीच मार्च अंग्रेजी वर्णमाला के क्रम का पालन किया गया।	इसके बाद चीन का राष्ट्रीय ध्वज फहराया गया. बाद में, अंग्रेजी अक्षरों की श्रृंखला का आक्रमण करके, देशों के बीच मार्च शुरू हुआ।
4	दीप्ति बैंगन की सब्जी लाती है।	दीप्ति बैंगन की सब्जी लाती है।
9	कन्या के सहायक को देखकर निशाचर दशग्रीव ने पूछा – आप कौन हैं?	कन्या का सहारा देखकर निशाचर दशग्रीव ने उससे पूछा आप कौन हैं?
9	आज तुम लोगों के साथ रमेश नहीं आयेगा ऐसा है न ?	आज रमेश तुम्हारे साथ नहीं आ रहा है ऐसा है न ?
3	मैं देशभक्ति गीत गा रहा हूँ।	मैं देशभक्ति गीत गा रहा हूँ।
15	पारंपरिक-इंक्यूबेटर-इत्या के खिलाफ यह यन्त्र हर शिशु के लिए विशिष्ट है- आवश्यकताओं के अनुकूलता करके स्वतन्त्र पकाने वाला-इंक्यूबेटर-इत्या इन दोनों के रूप में काम करता है।	पारम्परिक-इंक्यूबेटर-इससे विपरीत यह यंत्र प्रत्येक शिशु विशिष्ट-आवश्यकताओं के अनुकूल करके स्वतंत्र-तापन-इंक्यूबटर-इन दोनों के रूप में काम करता है।
22	महँगाई, सेब के उर्वर कीटनाशक के आयात शुल्क कम करने जैसे विषयों पर सम्मेलन में चर्चा की जाएगी, इससेब के उत्पादन की कीमत में दोगुना हो गई है कि भविष्य की रण नीति का निर्णय किया जाएगा।	महंगाई, सेब के उत्पादन की खर्च में दोगुना कर दिया गया है क्योंकि सम्मेलन में इन विषयों पर चर्चा की जाएगी और भविष्य की रणनीति पर निर्णय लिया जाएगा।
8	अंत में सौ लोग भण्डार में प्रसाद रूप में खिचड़ी का सेवन करते थे।	अंत में, सैकड़ों लोग भंडार में खिचड़ी को प्रसाद के रूप में उपयोग करते थे।
6	जो प्रशिक्षण देती हैं वे प्रशिक्षिकायें।	जो प्रशिक्षण देते हैं वे प्रशिक्षक ।
4	सबके नाम लिखने होते हैं।	सबके नाम लिखने होते हैं।
1	महिला	स्वाद
3	सभी स्थानों पर क्या वर्जनीय है?	क्या सब जगह त्याग देना चाहिए?
13	जब अमेरिकी विदेश मंत्री एंथनी ब्लिंकन चीन की यात्रा के लिए रवाना हो रहे थे तभी आसमान में चीनी एयर बैलून देखा गया।	चीन का हवाई गोला तभी देखा गया जब अमेरिकी राज्य मंत्री एंटनी ब्लिंक चीन की यात्रा के लिए निकले थे।
1	जरद्गव ने	जंगम
4	कहीं पर एक बुढ़िया मिलती है।	कहीं पर एक वृद्धा मिलती है
8	केंद्र सरकार भी जहाँ आवश्यक है वहाँ धन देता है।	केंद्रीय सरकार भी जहाँ आवश्यक है वहाँ धन देती है।
13	डॉक्टर नाराज हैं क्योंकि चिकित्सा महाविद्यालय के प्राचार्यों और चिकित्सा अधीक्षकों का अधिकार नहीं लौट रहा है।	मेडिकल कॉलेज के प्रिंसिपल और मेडिकल अधीक्षकों का अधिकार नहीं लौटने के कारण डॉक्टर नाराज हैं।
6	सम्भव हो तो बाजार से सेव लाईयेगा।	हो सके तो दूकान से सेव लाएँ।
10	किससे कष्ट को तुम यहाँ आ रहे हो बताओ कैसे सेवा करूँगा।	तुम किस कष्ट से यहाँ आये हो? कहो, कैसे सेवा करूँगा।
16	एक सामाजिक संदेश में उपराष्ट्रपति ने कहा कि फली नरीमन सत्रह वर्ष की अवधि के दौरान भारतीय विधि-प्रणाली में महान् व्यक्ति थे।	एक सामाजिक-अंतर्राष्ट्रीय संदेश में उपराष्ट्रपति ने कहा कि फली नरीमन सत्रह से अधिक के कार्यकाल में भारतीय विधि-प्रणाली में महान व्यक्ति थे।
15	कर्मा दोरज ने कहा कि यह सफलता ईश्वर की, पिता की, शिक्षकों द्वारा आशीर्वाद के मार्गदर्शन का फल है।	कर्म दोरजे ने कहा कि यह सफलता ईश्वर, पिताओं, शिक्षकों के आशीर्वाद और मार्गदर्शन का फल है।
5	वह पति के साथ घूमने गई थी।	वह पति के साथ घूमने गई थी।
6	इस समय कलियुग का प्रथम चरण चल रहा है।	अभी कलियुग का पहला चरण चल रहा है
4	वो दो थीं ।	वो दो थे ।
1	नेत्रों की पलक गिरने का समय	क्षण भर में
4	पुरुषार्थ (मेहनत) से ही लक्ष्य की प्राप्ति सम्भव है।	पुरुषार्थ ही लक्ष्य को प्राप्त करता है। (प्रकाश)
18	उन्होंने कहा कि सरकारी कार्यालयों में ई-टेक्सी-यान भी स्थापित हो जाएंगे जिससे युवा लोग भी निश्चित आय स्रोतों को प्राप्त कर सकते हैं।	उन्होंने कहा कि सरकारी कार्यालयों में ई-टेक्सी-यान भी स्थापित हो जाएंगे जिससे युवा लोग भी निश्चित आय का स्रोत प्राप्त कर सकते हैं।
3	भैंस आंगन में रहती थी।	भैंस आँगन में रहते थे।
19	नरेंद्र मोदी के आतंकवादी हमलों के खिलाफ शून्य सहनशीलता की नीति से यदि कोई भी व्यक्ति, संस्था या भारत के खिलाफ गतिविधियों में लगे दिखता है तो उसका दण्ड नहीं होगा।	नरेंद्र मोदी की आतंकवाद के खिलाफ शून्य सहिष्णुता की नीति के तहत यदि कोई भी व्यक्ति या संस्था भारत विरोधी कामों में लगी हुई दिखती है तो उसका नाश होगा।
20	सदन में शोर हो गया, इसके बाद- विधानसभा के उपसभापति चुनाव के लिए दोनों ओर से- प्रस्ताव किया गया, और सभी एक में विनय कुमार नाम के लग गये।	सदन में शोर हो गया, उसके बाद- विधानसभा के उपसभापति चुनाव के लिए दोनों- प्रस्ताव दिया गया, और सभी एक नाम पर विनय कुमार के साथ एकमत हो गए।
6	स्वरा – इनकी दूसरी भी कोई विशेषता है।	स्वरा  इनके और क्या विशेषता है?
10	मुख्यमंत्री सुखविंदर सिंह सुक्खू ने कहा कि इस तालाब के शुरू होने से परिसर के अक्षात्कार में इसका उपयोग हो गया है।	मुख्यमंत्री सुखविंदर सिंह सुक्ख ने कहा कि इस पैनल के शुरू से परिसर केक्षात्कारों में कोई उपयोग नहीं हुआ है।
8	मेरा पैर, मेरा हाथ.... मेरा शिर... मेरा मुख... ।	मेरा पैर, मेरा हाथ, मेरा सर, मेरा चेहरा।
3	पुत्र प्राप्ति के लिए ही स्त्रियों का वरण किया जाता है।	पुत्र के लिए स्त्री ही योग्य है।
20	अखिल भारतीय कांग्रेस समिति के अध्यक्ष मल्लिकार्जुन खरगे, वरिष्ठ नेता सोनिया गांधी, राहुल गांधी, प्रियंका गांधी भी शपथ ग्रहण समारोह में उपस्थित थे।	अखिल भारतीय कांग्रेस समिति के अध्यक्ष मल्लिकार्जुन खरगे, वरिष्ठ नेता सोनिया गांधी, राहुल गांधी और प्रियंका गांधी शपथ ग्रहण समारोह में उपस्थित थे।
20	जब मुख्यमंत्री ने कहा कि स्थायी घर बन रहा है तब विकास ने कहा कि हाँ महोदय, आपकी सहायता से उत्तम घर बन जाता है।	जब मुख्यमंत्री ने कहा कि स्थायी घर बन रहा है तब विकास बोला कि हाँ महोदय, आपकी सहायता से उत्तम घर बनता है।
9	शिमलानगर के रिजभूम, मलमार्ग और धर्मशाला में बड़ी संख्या में कार्यक्रम आयोजित किए गए।	शिमला नगर के रिजभूम, मॉल मार्ग और धर्मशाला में बड़े-कार्यक्रमों का आयोजन किया गया।
7	देवव्रत रोगियों की सेवा करता है चूंकि सेवा भाव है।	देवव्रत बीमार सेवा करता है चूंकि सेवाभाव है ।
22	कार्यक्रम में प्रोफेसर एस.के. उपस्थित थेसविता शर्मा, प्राकृत भाषा विभाग के अध्यक्ष प्रोसुदीप कुमार जैन, श्री आदित्य पंचोली, कम्प्यूटर विभाग के प्रो, प्रकाशन विभाग के सहायक डाॅज्ञानधर पाठक, शोध विभाग के प्रमाण शोधकर्ता डाॅजीवन कुमार भट्टराई, अनुसंधान सहायक तरूणा-अवस्थी एवं विश्वविद्यालय के अन्य शिक्षक उपस्थित थे।	कार्यक्रम में आधुनिक विषयों की पीठ के प्रमुख प्रोसविता शर्मा, प्राकृत भाषा विभाग के अध्यक्ष प्रोसुदीप कुमार जैन, संम्पर्क विभाग के शिक्षक श्रीआदित्यपंचोली, प्रकाशन विभाग के सहायक डॉ.धरपाठक, शोध विभाग के प्रूफ शोधकर्ता डॉ. जीवन कुमार भट्टराई, शोध सहायक तरुणा-अवस्थी और विश्वविद्यालय के शिक्षक उपस्थित थे।
3	चन्द्रमा रात्रि करता है।	सूर्य प्रकाश करता है।
3	यहाँ दौड़ स्पर्धा नहीं है।	यहाँ दौड़ स्पर्धा नहीं है।
3	आप जल्दी से आईये।	आप जल्दी आईयेगा
8	गृह विभाग, हिमाचल प्रदेश-लोकसेवा- कमीशन के माध्यम से नियुक्त नए मानकों का निर्धारण किया गया है।	गृह विभाग ने हिमाचल प्रदेश-लोकसेवा- कमीशन के माध्यम से नियुक्त नए मानक निर्धारित किए हैं।
11	इस वार्तालाप में दोनों देशों के विशेष कार्य-नीति को समानता के उद्देश्य से मन्त्रण किये गये।	इस वार्तालाप में दोनों देशों के विशेष कार्य-नीतिक साहमति को देखकर मन्त्र दिये गये।
6	चित्रों में सोनाक्षी सरल, लघुकुर्ता-शरारासेट के बीच दिखती है।	चित्रों में सोनाक्षी सरलेन लघुकुर्ता-शरारासेट के बीच दिखती है।
9	बच्चे चीनी अधिक खाते हैं तो दाँत जल्दी से टूट जाते हैं।	बच्चे अधिक चीनी खाते हैं तो दाँत जल्दी टूट जाते हैं
6	तो शीघ्र स्नान करते हैं क्या ?	तो जल्दी से स्नान किया जाता है न ?
7	वह यहाँ विधानसभा उपाध्यक्ष विनय कुमार की जगह खड़े होंगे.	वह यहाँ विधानसभा उपाध्यक्ष विनय कुमार के स्थान पर खड़े होंगे।
9	तमे वर्षे दिसंबर महीने की तारीख को संयुक्त राष्ट्र सतत महासभा की स्थापना हुई।	तमे वर्षे दिसंबर महीने की दिनाङ्क को संयुक्त राष्ट्र महासभा की स्थापना हुई।
7	नाम यदि लम्बी है, तो उसका शरीर बहुत लम्बी नहीं है।	नाम यदि लंबा है, परन्तु उसका शरीर बहुत लम्बा नहीं है।
5	सभी यात्री भोजन करते हैं	सभी यात्री भोजन करते हैं
3	अभ्यास से निपुणता बढ़ती है।	अभ्यास से निपुणता बढ़ती है।
10	(शरीर से) परे (श्रेष्ठ) इन्द्रियाँ कही जाती हैं;  इन्द्रियों से परे मन है और मन से परे बुद्धि है, और जो बुद्धि से भी परे है, वह है आत्मा।।	इन्द्रियां वश में होने वाली इन्द्रियों से श्रेष्ठ मन है, परन्तु मन परा बुद्धि से भी श्रेष्ठ है।
8	छात्र - हाँ , पुस्तक से ही प्रश्न पूछा है	छात्र - हाँ , पुस्तक से ही प्रश्न है
3	बच्चा तरणताल में तैरता है ।	बालक स्विमिंग पूल में तैरता है।
2	उस प्रजापति नामक देवता के लिए	किस देवता के लिए
8	यह अत्याधुनिक परिवहन व्यवस्था प्रति घंटे यात्रियों की दोनों दिशाओं में यात्रा सुनिश्चित करेगी।	यह अत्याधुनिक परिवहन व्यवस्था हर घंटे यात्रियों के आने को सुनिश्चित करेगी।
9	यदि तुम सब पापियों से भी अधिक पाप करने वाले हो,  तो भी ज्ञानरूपी नौका द्वारा,  निश्चय ही सम्पूर्ण पापों का तुम संतरण कर जाओगे।।	और यदि तू पापियों के लिए सबसे बड़ा पाप करने वाला है तो भी ज्ञानप्रलय से ही इस सम्पूर्ण कुमुद को तृप्त करोगे।।
7	पंचब भटिंडा, आगरा, आदि। दृश्य परिधि शून्य थी।	पंजाब भटिण्डा, आगरा, इत्यादि स्थानों पर दृश्य अनुपात शून्य था।
14	तत्पश्चात् मुनि ने भी, अनार के फूलों के बिछौने से ढँकी हुई सी, गाढे खून से लथपथ हो रही, जलते अड्गारों वाली चिता के समान, पृथ्वी पर पड़े हुए, बिछुड़ती हुई भारत भूमि का आलिङ्गन करते हुए से, निर्जीव हो रही अंग संधियों को हिलाते हुए,	इसके बाद मुनि भी दाढ़ी की तरह, फूलों की सतह को छीलते हुए, खून की गहराई में जलते हुए गड्ढे को चीता के समान, सोने के लिए भारत भूमि को आलिंगन करने वाले जीवों के बंधन के समान निर्जीव बन जाते हैं, लेकिन आघात के आघात से थक जाते हैं।
3	मन्दिर में नगाड़ा ज़ोर से ध्वनि कर रहा है।	मंदिर में ऊँचा ऊँचा आवाज करता है।
1	कर	करो
7	वे मद्रास विधानमण्डल की सदस्य भी चुनी गईं।ईं	उन्हें मद्रास विधानसभा के सदस्य के रूप में भी चुना गया था।
5	राष्ट्र की रक्षा के लिये हमें भी कुछ करना चाहिये।	राष्ट्र की रक्षा के लिये हमें कुछ भी करना चाहिये।
6	आलोक जी कृपया  सुबह स्वस्तिवाचन पढ़िये।	आलोक , कृपया सुबह स्वस्तिवाचन पढ़िये।
4	जिसका विनाश निकट होता है वह अपने हित की बात नहीं सुनता।	विनाश पथ्यवाक्य को नहीं सुनता है
5	गुरुजनों के उपदेश की उपेक्षा नहीं करनी चाहिये ।	गुरुजनों के उपदेश की उपेक्षा नहीं करनी चाहिए।
5	रेलवे स्टेशन में लोग प्रतीक्षा कर रहे हैं।	रेलवे स्टेशन पर लोग प्रतीक्षा कर रहे हैं।
4	सब मिलकर वेदपाठ करते हैं।	सब मिलकर वेदपाठ करते हैं।
3	पाप कर्मों से नरक को प्राप्त करता है।	पापी ही पापी संसार में जाता है।
6	आती हुई गाड़ी को देखकर सावधानी से चलो ।	आ गया वाहन देखकर सावधान चल।
27	उल्लेखनीय है कि यह अवार्ड योगदर्शन केद्रित शैक्षणिक लेखन, व्याख्यानों तथा इसके वैश्विक प्रसार हेतु समर्पित महिलाओं को प्रदान किया जाता है, जिसके लिए वैश्विक स्तर पर आवेदन आमंत्रित किए जाते हैं। चयन-समिति गुणवत्तापरक कार्य के आधार पर सुयोग्य पात्रों का चयन करती है।	उल्लेखनीय है कि यह पुरस्कार योगदर्शन के केंद्रित शैक्षणिक लेखन, व्याख्यानों और इसके वैश्विक प्रसार के लिए समर्पित महिलाओं को दिया जाता है। जिसके लिए वैश्विक स्तर पर आवेदन आमंत्रित किए जाते हैं, चयन समिति गुणवत्तापूर्ण कार्य के आधार पर पात्रों का चयन करती है।
6	इस फिल्म का शूटिंग पूरा हो गया।	इस फिल्म का शूटिंग समाप्त हो गया।
3	विनय (नम्रता	विनय से पात्रता (योग्यता) आती है।
1	भयानक	भयानक
1	एकता में	एकता से
4	आप कहाँ रहते है?	आप कहाँ रहती हैं ?
6	सब कुछ पीले रंग का ही होगा।	सभी भी पीले रंग के ही होंगे ।
3	लड़की का कपड़ा ले आ	बालिका का कपड़ा लाओ
8	तब से, भागवत उनके साथ विश्वसनीय हो गया।	तब से भागवत में उनका विश्वासयोग्य साथी हुआ।
6	A.C. बस में स्थान खाली नहीं था ।	A.C. बस में सीट खाली नहीं थी ।
9	इसलिए संस्कृत अवश्य पढ़नी चाहिए। आधुनिक काल में भी संस्कृत भाषा का प्रयोग अपरिहार्य माना जाता है।	इसलिए संस्कृत अवश्य पढ़नी चाहिये। आधुनिक काल में भी संस्कृत भाषा के प्रयोग की आवश्यकता का अनुभूति हो रही है।
9	आदर्श इको ग्राम योजना के तहत 19 गाँव विकसित हैं।	आदर्श इको ग्राम्य योजना के तहत 19 गाँव विकसित हुए हैं।
5	मैं अपनी गाड़ी यहाँ नहीं रखूँगा।	मैं स्वस्थ यहाँ नहीं रखता हूँ
14	जिस समय वातादि तीनो दाष अपने कारणो से कुपित होकर शिर में भयानक शोथ उत्पन्न करते है और गले के अन्दर घुरघर शब्द उत्पन्न कर देते हैं, तब इसका 'शालूक' कहते है, इस शोध के कारण श्वास मार्ग रुक जाता है ॥	दोषास्त्र अपने क्रोधित निदानों से सिर पर शोथ और जोर देते हैं और अन्दर घुघराले वस्त्रों से सालूक के मुख को रोकते हैं
6	किसी प्रकार उसने अपने पात्र को घर के अंदर ले लिया।	किसी प्रकार अपने पोते को घर के अन्दर ले गया।
12	शुक्ल ने सुखविंद सिंह सुक्खू को सुख और सरकार के नेतृत्व वाले ऊर्जावान उपमुख्यमंत्री मुकेश अग्निहोत्री को संबोधित किया।	शुक्ल ने सुखविन्दसिंह सुक्खू सुख के सरकार के प्रणेता और ऊर्जावान उपमुख्यमंत्री मुकेश अग्निहोत्री को संबोधित किया।
3	बच्ची को आम पसंद है।	बच्चे को आम पसंद है।
5	हिमाचल विधानसभा में विधानसभा चुनाव जीते हैं।	हिमाचल विधानसभा में विधानसभा परिसर में पहुंच गया है।
4	बाजार ने कहा वह आपने अपहरण कर लिया है।	सर्प ने कहा तुमने उसे चुरा लिया था
14	केंद्रीय संयोजक श्री डॉ. पंकज त्रिवेदी ने संस्कृत जीवन के निर्माण के लिए विषय पर प्रेणादायक भाषण दिया।	केंद्रीय संयोजक श्री डॉ. पंकज त्रिवेदी ने संस्कृत जीवन के निर्माण के लिए विषय पर प्रेरक भाषण दिया।
11	(कान देकर ) अनसूये, शीघ्रता करो। निश्चय से ये हस्तिनापुर जाने वाले ऋषि पुकारे जा रहे हैं।	(कान देकर) अनसूया: जल्दी करो जल्दी ये हस्तिनापुरगामी ऋषि बोलते हैं।
7	अगस्त्य मुनि का आश्रम सभी ऋतुओं के फूल और फलों से परिपूर्ण, विविध वन्य पशुओं से युक्त, विविध पक्षियों से गुञ्जित नन्दनवन के समान सुशोभित था॥	नन्दनके सदृश जो हर ऋतुफलके पुष्पादान, अनेक मृगगण और पक्षियोंके समुदायोंके द्वारा बजाए जाते हैं ॥
4	इसके बाद सोए हुए जटायु ने उस शब्द को सुना।	उस शब्द का उच्चारण जटायुरथ शुश्रू में किया गया।
3	मारनेवाले ने शेर मारा	बिना कष्ट के बाघ मारा गया।
8	हिमाचल में 68 सदस्यीय विधानसभा है। राज्य में व्यवहार कानून प्रचलन में आ गया है.	हिमाचल में 68 सदस्यीय विधानसभा है। राज्य में व्यवहार नियम लागू हो गया है.
8	इस दौरान भाजपा विधायक रणधीर शर्मा की अपने घायल शरीर को देखा गया।	इस दौरान भाजपा विधायक रणधीर शर्मा को उनकी गोद में देखा गया।
7	जया - मैं शाम को अभ्यास करती हूँ	मैं शाम को अभ्यास करती हूँ ।
5	योजना को रोककर एफआईआर को निवृत्त करिये।	योजना को रोककर एफआईआर सेवानिवृत्त करें।
10	मरते समय जिनके नाम का स्मरण कर अज्ञ भी जिनमें लीन हो जाते हैं, उनको सामने देखते हुए और उन्हीं के हाथों से वध हुए, उस राक्षस के विषय में कहना ही क्या ? ॥	और जो अज्ञानी पुरुष मृत्यु को स्मरण करके उस (शुक्रदेव) के सामीप्य को प्राप्त करता है, वह निश्चय ही उस असुर द्वारा ही मर जाता है। भला, उसके द्वारा ही हम हरि को आगे क्यों देखते हैं? ॥
4	कल उनका देहावसान हुआ	कल वो दिवंगत हो गए।
4	पेड़ के नीचे बच्चे को बिठा देती है।	बच्चे को पेड़ के नीचे बिठाता है।
16	ज्ञात हो कि राज्य सरकार ने राज्य में कार्बन उत्सर्जन को कम करने के लिए एकतम वर्ष तक हिमाचल को हरित ऊर्जा राज्य बनाने का लक्ष्य निर्धारित किया है।	गौरतलब है कि राज्य सरकार ने राज्य में कार्बन उत्सर्जन को कम करने के लिए दसवीं वर्ष तक हिमाचल को ग्रीन ऊर्जा राज्य बनाना है।
3	ऐसा मैं बोलता हूँ	ऐसा मैं कहता हूँ।
1	राजा का	राजा से
4	बच्ची वृद्धा को पानी देती है।	बच्ची वृद्धा को पानी देती है।
3	जनजीवन अस्तव्यस्त हो गया है।	जन जीवन अस्तव्यस्त हो गया।
12	सामान्य लक्षण - अगो मे भारीपन, सूजन, शोथ की चन्चलता, अस्थिरता ( वायु के कारण ), सूजन, उष्णिमा और शिराओ का पतलापन, रोमहर्प, अग की विवर्णता ये शोथ के सामान्य लक्षण है ॥	सलोऽहर्पङ्ग और विवर्णता - यह श्वेतवर्ण का सामान्य आलिंगन है ॥
13	सरल संस्कृत में, भारतीय भाषा समिति के उद्देश्यों के अनुसार इस कार्यशाला में विद्यार्थियों द्वारा अपने उद्देश्यों का आकलन किया गया है। हिन्दी-अंग्ल भाषाओं में अनुवाद कार्यक्रम आयोजित किया गया।	भारतीय भाषा समिति के उद्देश्यों के अनुसार इस कार्यशाला में विद्वानों द्वारा संस्कृत विषयों का चिन्तन और सरल संस्कृत में अनुवाद किया गया हिन्दी-अंग्ल भाषाओं में भी अनुवाद कार्य किया गया।
13	नीलेश - मैं खुश हूँ , स्वस्थ हूँ । आप कैसे हैं ?	नीलेश - मैं खुश हूँ । मैं स्वस्थ हूँ । आप कैसे हैं ?
5	छात्र शिक्षक का अनुसरण करते हैं	छात्र शिक्षक का अनुसरण करते हैं
9	समिति ने हिमाचल के दर्शन के लिए भी आमंत्रित किया, वह उसने हर्ष के साथ स्वीकार किया।	समिति ने हिमाचल को दर्शन के लिए भी आमंत्रित किया, वह उसे खुशी से स्वीकार किया।
4	हे पुत्र! इस सबको हृदय में धारण कर लो। ( अच्छी प्रकार से समझ लो )	हे पुत्र ! इन सबको हृदय में धारण करो।
5	वे सभी रेलवे स्टेशन से बाहर आते हैं	वे सभी रेलवे स्टेशन से बाहर आ रहे हैं।
8	प्रकृति में स्थित पुरुष प्रकृति से उत्पन्न गुणों को भोगता है। इन गुणों का संग ही इस पुरुष (जीव) के शुभ और अशुभ योनियों में जन्म लेने का कारण है।।	क्योंकि मनुष्य प्रकृति में स्थित होकर ही प्रकृति के सभी गुणों का भोग करता है, इसका कारण सद्यःजन्म में उत्पन्न होने वाला गुणों (गुणों) का संग है।
9	उसके बाद, रात्रि में स्थिरप्रतिज्ञ अपनी जनता से घिरे हुए श्रीराम देवराज इन्द्र के समान शोभा पा रहे थे।	तब निहतरिपु, स्थिरप्रतिज्ञ अपने जन बल से घिरे हुए श्रीराम रण में देवराज के समान सुशोभित थे।
3	परदादी राब खाए।	परनानी पकाना चाहती है।
1	दूर ही	विस्तार से।
1	सियार	क्रोधित होना
12	यह कहते हुए महाराज दशरथ प्राणों को छोड़कर स्वर्गलोक चले गये। उस समय कौसल्या सुमित्रा और अन्य रानियाँ छाती पीटपीट कर रोने तथा विलाप करने लगीं। प्रातः काल होने पर मन्त्रियों के साथ वहाँ वसिष्ठजी आये ॥	ऐसा कहकर दशरथ जी प्राणों को त्यागकर स्वर्ग को चले गये और कोसल्या और सुमित्रा जी वहाँ से राजेश्वरी रूप धारण कर राजर्षि पद पर विराजमान हो गईं
9	आपके तत्त्ववेत्ता भक्तजन आपकी भक्ति ही चाहते हैं, अत: मेरी भी सदा आपके चरणोंमें भक्ति बनी रहे ॥	हे भगवन्! सारवेदी भक्त केवल आपकी भक्ति ही चाहते हैं, इसलिए आपके चरणारविन्द में मेरी सर्वदा भक्ति बनी रहे ॥
5	पुस्तक, क़लम और दवात मुझे दो	पुस्तक, कलम और दवात लाओ।
8	हाँ, जैसे सेवइयाँ ईद का खास पकवान है।	हाँ, जैसा सेवईयां है, यह ईद पर्व का विशिष्ट भोजन है।
3	वह मुझसे पूछता है।	वह मुझसे पूछता है।
10	संस्कृत भारती के प्रांतीय समन्वय मंत्री गौरव शास्त्री, डॉ. अरविन्दनारायण मिश्र ने संस्कृत भारती ग्रन्थ को लॉन्च करके बधाई दी।	संस्कृत भारती के प्रांतीय संगठन मंत्री गौरव शास्त्री, डॉ. अरविन्दनारायण मिश्र जी ने संस्कृतभारती ग्रन्थ को प्रस्तुत करके बधाई दी।
10	इस समय सोशल मीडिया पर सक्रिय सोनाक्षी सिंह ने सोशल मीडिया पर कुछ तस्वीरों का प्रसार किया है।	इस समय सक्रिय सोनाक्षी सिंहा ने सोशल मीडिया पर कुछ छवियाँ प्रसारित की हैं।
17	जो ब्रह्म वेत्ता महापुरुष, पाँच प्रकार की अग्नियों का सेवन करने वाले और तीन बार नचिकेत नामक अग्नि का चयन करने वाले बताते है. शुभ कर्मों के फलस्वरूप यज्ञ फल का भोग करने वाले इस संसार में बुद्धि रूपी गुफा में हृदयाकाश में प्रविष्ट छाया और धूप के सदृश कहते हैं।	इस लोक में देवता गुफा में छिपकर परमात्मा की उपासना करते हुए ऋतु का पान करते हैं, परंतु ब्रह्मवेत्ता लोग छाया को छोड़कर अग्नि कहते हैं और जो त्रिनाचिकेता हैं वे पञ्च अग्नि (पांच आग्नेय अग्नि) कहते हैं।
14	लज्जाजनक यह है कि सत्तारूढ़ विधायकों और प्रशासन जनों का सहयोग इस पूरे विषय में प्रकाश प्राप्त किया गया है।	यह लज्जाजनक है कि सत्ता पक्ष के विधायकों और प्रशासन के लोगों की भागीदारी ने इस पूरे मुद्दे पर प्रकाश प्राप्त किया है।
8	युवक यह कभी प्रसिद्ध ब्रह्मचारीप्रभुदत्त को देखने गया है।	युवक यह कभी प्रसिद्ध ब्रह्मचारी प्रभुदत्त को देखने गया था।
8	उन्होंने कहा कि संस्कृत सभी भाषाओं की जननी है।	उन्होंने कहा कि संस्कृत सभी भाषाओं की जननी है
3	बालक आतिशबाजी जलाते हैं।	बच्चे पटाखे जलाते हैं।
15	दुष्ट राजा के शासन में प्रजा को सुख नहीं मिल सकता, धोखेबाज मित्र से सुख की प्राप्ति नहीं हो सकती, दुष्ट स्त्री को पत्नी बनाने से घर में सुख और शांति नहीं रह सकती, इसी प्रकार खोटे शिष्य को विद्या दान देने वाले गुरु को भी अपयश ही मिलता है।	राजा के राज्य से प्रजा की सुख-दुःख, कुमित्र के मित्र के बिना शान्ति और दरिद्रों के बिना धन-सम्पत्ति की प्राप्ति कैसे हो सकती है? और राजा के घर में रति को पढ़ाकर मनुष्य की यश और यश कहां हो सकता है?
14	मेरे पुत्र के नाश और अपनी मृत्यु को आमंत्रित करने के लिए बलपूर्वक उनकी स्त्री सीता को आप क्यों हरण कर लाये ? ॥	उस स्त्री ने वानर के बल से सीता को मेरे पुत्रों के विनाश और अपने वध के लिये क्यों मार दिया ? ॥
3	उदाहरण के अनुसार अन्वय की पूर्ति करो	उदाहरण के अनुसार अन्वय की पूर्ति करो
5	मैं पहले सुनता हूँ बाद में बोलता हूँ।	मैं पहले सुनता हूँ बाद में बोलता हूँ
10	महापौर के लिए भाजपा ने कुल मिलाकर वोट लिया, बीजेपी को मार गया.	भाजपा ने महापौर के लिए वोट दिलाया और गठबंधन ने मर्त हासिल किया।
3	एक प्रश्न पूछता हूँ।	एक प्रश्न पूछता हूँ।
16	सिंगापुर के पृथ्वी अवलोकन उपग्रह और छह छोटे उपग्रहों को आज सुबह श्रीहरिकोटा के सतीश धवन बाह्य अंतरिक्ष केंद्र से एक विक्षेपित उपग्रह वाहक द्वारा कक्षा में प्रक्षेपित किया गया।	सिंगापुर का पृथ्वी अवलोकन उपग्रह और छह लघु उपग्रह आज सुबह श्रीहरिकोटा के सतीश धवन बाहरी अंतरिक्ष केंद्र से अंतरिक्ष में प्रक्षेपित किया गया।
19	भारत सरकार द्वारा लागू की गई दूरदर्शी नई शिक्षा नीति के विभिन्न पहलुओं पर केंद्रित पंद्रह दिवसीय कार्यक्रम उत्तराखण्ड के श्रीनगर गढ़वाल का है.न. 15 फरवरी 2024 से गढ़वाल विश्वविद्यालय के मालवीय मिशन शिक्षक प्रशिक्षण केंद्र द्वारा शुरू किया गया है।	भारत सरकार द्वारा लागू की गई दूरदर्शी शिक्षा नीति के विभिन्न पहलुओं पर केंद्रित पंद्रह दिवसीय कार्यक्रम 15 फरवरी 2024 से उत्तराखंड के श्रीनगर गढ़वाल के मालवीय मिशन शिक्षक प्रशिक्षण केंद्र द्वारा शुरू किया गया है।
2	कौन बुलाती है ?	बुलाता है ?
4	रद्दी मानकर पुस्तकें बेच देते हैं ।	पैसा लेकर पुस्तकें बेचते हैं ।
3	आरक्षियों द्वारा पूछताछ इस प्रकार है।	पुलिस की पूछताछ जारी है।
5	यहाँ पन्द्रह दिन का ध्यान शिबिर है	यहाँ पंद्रह दिवसीय ध्यान शिविर है।
9	हे राजन् । आप शीघ्र ही उस धनुष को अमित तेजस्वी श्रीरामचन्द्र को दिखाइये। इस प्रकार मुनीश्वर विश्वामित्र जी के कहते ही बलवान् • पाँच हजार धनुषवाहक उस धनुष को लेकर वहाँ आ पहुंचे, वह धनुष सैकड़ों घंटियों, हीरे और मणि आदि रत्नों से विभूषित था ॥	हे तेजस्वी ! तुम शीघ्र ही श्रीरामचन्द्रजी के चरणारविन्द को दिखाओ। इस प्रकार मौन रहते हुए मेरे समीप आये हुए अहल्या और अहल्या यह कहते हैं।
5	राजा दुष्टों को कल दण्ड देगा ।	राजा दुष्टों को शीघ्र दण्ड देगा।
5	क्रमश:, सुधा साठ्ये मुंबई।	क्रमशः सुधा साठ्ये मुंबई।
7	मन में जैसी सरलता हो, वैसी ही यदि वाणी में हो,	अवकृति जैसा मन में हो वैसा वाणी हो।
6	चुनाव- आज से विक्रय होगा।	चुनाव-संध्या का विक्रय आज से शुरू होगा।
1	पीड़ित	दुःखी
4	मार्गशिर पौष हेमंत ऋतु होते हैं ॥	सहर्ष हिमंत ऋतु को प्राप्त होगा ॥
1	निराशा से  होकर	निराशा के बिना
4	स्वयं के मोक्ष के लिए और समाज के कल्याण के लिए।	अपने मोक्ष के लिए और जगत् की उन्नति के लिए।
4	मैं निश्चय ही पुस्तक पढूँगा।	मैं अवश्य पुस्तक पढ़ूँगा।
17	पतंग दीपकके दाहक स्वरूपको न जाननेके कारण ही उसपर गिरता है, मत्स्य भी अज्ञानवश ही मांसखण्डको निगलता है, किन्तु हम कामनाओंको विपत्समूहसे संकीर्ण जानकर भी उन्हें नहीं त्यागते, अहो ! मोहकी महिमा भी बड़ी ही प्रबल है ॥	वह बिना किसी ज्ञान के मत्स्य जलते ही अपने अज्ञान रूपी जाल में जलता है और बिना कारण के ही दीपक के जलता रहता है। यह जलती हुई गहरी मोहिनी मछली हम लोगों को अज्ञान के कारण जलती है और जलती जा रही है। इसीलिए जब हम लोग इसे पोंछते हैं तो हम लोग लाल जाल से युक्त जटिलाओं से युक्त लाल समुद्र से पार नहीं चल पाते ॥
5	प्रायः वह प्रतिदिन आता है।	प्रायः प्रतिदिन वह आता है।
9	हे राजन् । आप शीघ्र ही उस धनुष को अमित तेजस्वी श्रीरामचन्द्र को दिखाइये। इस प्रकार मुनीश्वर विश्वामित्र जी के कहते ही बलवान् • पाँच हजार धनुषवाहक उस धनुष को लेकर वहाँ आ पहुंचे, वह धनुष सैकड़ों घंटियों, हीरे और मणि आदि रत्नों से विभूषित था ॥	हे तेजस्वी ! तुम शीघ्र ही श्रीरामचन्द्रजी के चरणारविन्द को दिखाओ। इस प्रकार मौन रहते हुए मेरे समीप आये हुए अहल्या और अहल्या यह कहते हैं।
7	इस संबंध में बुधवार को राज्य के राजभवन द्वारा अधिसूचना प्रसारित की गई है।	इस संबंध में राज्य भवन ने बुधवार को अधिसूचना जारी की।
3	अपने आप वाक्य लिखिये।	अपने आप वाक्य लिखिये।
9	पुत्र -  देखिये माँ , मेरे दोनों हाथ साफ हैं।	पुत्र - देखिये माँ , मेरे दोनों हाथ साफ हैं।
4	पति गन्नों को यंत्र में पीलता है	पति गन्ने यंत्र में पीलता है।
19	असाध्य रोगी - जिस रोगी को आखे सूज जाये इन्द्रिय (लिङ्ग ) कुटिल ( टेड़ा) हो जाये, रागों की त्वचा लिन ( विकासयुक्त ) और पतली हा, बल, रक्त, मास जोर अभि क्षीण हो जाये, ऐसे रोगी की चिकित्सा न करे। यदि हृदय आदि सब मर्म स्थानो पर गोथ हो जाये, रोगी को श्वास, हिचकी और मूर्च्छा, अरुचि, बमन तथा अतिसार हो उस रोगी को उदर रोग मार ही देता है । वैद्य उसको असाध्य समझे और छोड दे ।	शूनाक्षः, कुटिलस्थ, परिपक्व, अनुत्पादक, बलहीन, मासाक्षी, सत्यवश, श्वेतमूठ, सर्वमोहोत्मा, श्वास लेने वाला, हिचकी, सतृण और मूर्च्छा, छतसार मनुष्यको मारनेवाले तथा उत्पीड़न करनेवाले है ॥
13	जीवनका एक क्षण भी कोटि स्वर्णमुद्रा देनेपर नहीं मिल सकता, वह यदि वृथा नष्ट हो जाय तो इससे अधिक हानि क्या होगी ?	आयु एक क्षण भी नहीं है, करोड़ों सोने से भी नहीं मिल सकते, वह चेन्नई ले गया है, इससे बढ़कर और क्या हानि होगी ?
13	जब केंद्र सरकार ने 2006 में इस मुद्दे पर चर्चा फिर से शुरू की, तो कुछ वैज्ञानिकों ने विरोधी विचार व्यक्त किए।	जब केंद्र सरकार ने इस मुद्दे पर चर्चा फिर से शुरू की, कुछ वैज्ञानिकों ने विरोधी विचार व्यक्त किये थे
9	इसे राष्ट्रीय स्वास्थ्य मिशन के वित्तीय अभाव के कारण बताया गया है।	कहा जाता है कि यह स्थिति राष्ट्रीय स्वास्थ्य मिशन के धनराशि के अभाव में उत्पन्न हुई है।
5	भारत को ग्रुप खेल में ताज जीते हुए केवल पांच साल ही हुए हैं।	भारत ने पांच वर्ष बाद ही किसी समूह खेल का ताज जीता है।
7	इन सुगंधित पदार्थों को छोड़कर देवता का पूजन कभी नहीं होता।	इन सुगन्धित द्रव्यों के सिवा देवता पूजन का कोई परिकल्पना नहीं की जाती।
11	सामान्य रूप मे - जो कुछ मधुर, जो कुछ मेध्य (मेदुर मेद बहुल), कफ बहुल और गुरु होता है, वह सब भोजन अनि वृद्धि को शान्त करने के लिये हितकारी है, इसी प्रकार से भोजन करके दिन मे सोना भी लाभदायक है ॥	जो कुछ मीठा हो, मध्यम और शिथिल गुरुजनों का भोजन हो, वह सब अग्निहित हो, खावे और दिनमें स्वप्न देखे ॥
10	मुख्यमंत्री ने कहा कि बिजली महान देव-रोपवे-निर्माण के लिए केंद्र-राज्य सरकारों के बीच ज्ञापन पर हस्ताक्षर किए गए।	मुख्यमंत्री ने कहा कि बिजली महादेव-रोपवे-निर्माण के लिए केंद्र-राज्य सरकार के बीच ज्ञापन पर हस्ताक्षर किए गए।
9	माता - बेटा , आज मौसीजी के साथ बगीचे जाओ ।	माता - बेटा , आज मौसी जी के साथ बाग़ जाओ ।
5	जनक न राम को धनुष पकड़ाया ।	पिता ने राम को धनुष उठाया ।
5	अब उसने ईश उपासना छोड़ दी है	अभी उसने ईश्वरीय उपासना छोड़ दी है
20	अर्थातुरों (स्वार्थियों) को न कोई गुरु होता है न बन्धु, कामातुरोंको न भय रहता है न लज्जा, विद्यातुरों (विद्याप्रेमियों) को न सुख रहता है न नींद तथा क्षुधातुरोंके लिये न स्वाद होता है न भोजन करनेका कोई नियत समय ही	बुरे व्यक्तियों को गुरु और बन्धु की प्राप्ति नहीं होती, कामुक व्यक्तियों को न डर और न ही लज्जा होती है, विद्याहीन व्यक्तियों को सुख और भूख से पीड़ित व्यक्तियों को नींद और न उनका स्वार्थ होता है।
9	उन्होंने कहा कि राज्य सरकार ने कर्मचारियों से 4 फीसदी बड़ा भारी वेतन घोषित कर दिया है.	उन्होंने कहा कि राज्य सरकार ने कर्मचारियों को 4 फीसदी बड़ा वेतन दिया है।
4	वह सरकार से भूमि मांगता है।	वह सरकार से भूमि मांगता है।
4	तब लोग प्रेरणा को वन्दन करते हैं।	तब लोग प्रेरणा को वन्दन करते हैं
9	भारत के उच्चायुक्त संतोषजो ने आज कोलम्बो शहर की भारत-बात में राष्ट्रीय ध्वज फहराया.	भारत के उच्च अधिकारी सन्तोष झा ने आज कोलंबो शहर में भारत भवन में राष्ट्रीय ध्वज फहराया।
25	यमुना समझकर प्यासी गायोंका समूह जिसकी ओर दौड़ा जा रहा है, श्यामघटा समझकर मोरसमुदाय जिसे |देखनेको उत्कण्ठित हो रहा है, तमालपत्र समझकर गोपियोंका समूह जिसे कर्णफूल बनानेके लिये लालायित हो रहा है ऐसी कालियदमनकारी श्रीकृष्णके शरीरकी पवित्र [दिव्य एवं अद्भुत] कान्ति हमारी रक्षा करे ॥	यमुनाजीको प्यास बुझानेवाली जिसको देखकर बिजली बरसती जा रही है और नीलकण्ठवाले जिसको देखना चाहते हैं, उसे गोपियाँ 'उत्तमस्वयं तमालपल्लव' कहकर हँसती हैं, कालिय शासनकी यह बोधि हमको पाप दूर करो ॥
26	हे मातः । सेवा, पूजा और नमनकी विधियाँ तो अल्पन्त दूर रहें, आपके युगल चरणारविन्दोंको कभी-कभी की हुई स्मृति भी गूँगेको वाक्शक्ति देकर बृहस्पति बना देती है और दरिद्रको लक्ष्मी देकर इन्द्रके समान कर देती है। संसार स्वयं वाणी या लक्ष्मीको नहीं प्राप्त कर सकता। [आपकी कृपा होनेपर ] कलिकी दुष्टता क्या कर सकती है?	सेवा और पूजा की विधि बहुत दूर है, कभी-कभी स्मरण भी कमलों के जोड़े के पिताजी के मुख को मूक कर देती है और सुराचार्य इन्द्र के वचन को लक्ष्मी और लोक को कोई नहीं बुलाता है। भला वह कला कैसी रहती है ?
9	यह प्रतिपादित है कि दो आत्माओं को प्रथम अन्वयव्यतिरेक से अनाज के खदे से मोटा शरीर बन गया है।	प्रथम, यह प्रतिपादित होता है कि आत्मा अंदर है, मोटा शरीर वाले अन्नमय कोश से।
1	कर डाले	किया हुआ
10	इस मार्ग में कुछ भी भय नहीं है। इसलिए मैं अकेला ही जाऊँगा।	इस मार्ग में कुछ भी भय नहीं है। इसलिये मैं अकेले ही जाऊँगा।
3	विष्णुमित्र कहाँ है?	विष्णुमित्र कहाँ है?
4	उसने (दो) कानों में (एक-एक) भूषण (ज़ेवर) धारण किए।	उसने दोनों कानों में अलंकार धारण किये।
1	एकाग्र मन से।	तन्मय
3	बालक आतिशबाजी जलाते हैं।	बच्चे पटाखे जलाते हैं।
7	रामलल्ला जी सुशोभित हैं, सुख खुशी का विषय हैं।	रामलल्ला विवाहित है, सुख का आनंद विषय है।
4	उन्होंने वेदों का अध्ययन किया है।	उन्होंने वेदों का अध्ययन किया।
5	उत्तम उत्तम ही रहता है।	उत्तम उत्तम ही रहता है।
10	अध्ययन के बिना स्वान्तःकरण की अज्ञानता, अन्धकारत्व को कभी नहीं समाप्त करना चाहिए ।	बिना अध्ययन के स्वान्तःकरण की अज्ञानता या अन्धकारता का कभी भी अनुभव नहीं करना चाहिए।
1	आत्माओं का सम्भव होना	स्वयं में स्थित
1	नाश	खर्च
5	जो सदाचारी है वह शिक्षक है	जो सदाचारी है वह शिक्षक है
1	एक निर्धारित शुल्क में	धर्म में
6	तू उसको क्यों क्षमा नहीं करता ?	तुम उसे क्यों क्षमा नहीं करते हो ?
4	इसके बाद सोए हुए जटायु ने उस शब्द को सुना।	उस शब्द का उच्चारण जटायुरथ शुश्रू में किया गया।
7	इस अवसर पर उसने लोगों को भी संबोधित किया।	इस अवसर पर उन्होंने लोगों को भी संबोधित किया।
5	गुरु वाणी से ही उपदेश देते हैं ।	गुरु वाणी से ही उपदेश देते हैं।
3	वह बहुत सरल नहीं है	वह बहुत रूखा है।
8	प्राचीनकाल में, जैसा समय था, गुरु के पास पहुंचकर शिष्य गुरु को प्रणाम कर खड़ा हो गया।	पहले जैसा समय था, गुरु के पास पहुँचकर शिष्य गुरु को प्रणाम कर खड़ा हो गया।
1	देवताओं ने	देवता गण
3	आपका मोबाइल नंबर बोलिये।	अपना मोबाइल नंबर बोलिये।
4	मुझे प्रातः घुमना अच्छा लगता है |	मुझे सुबह घूमना पसंद है।
2	हम दोनों द्वारा पढ़ा हुआ	हम दोनों द्वारा पढ़ा हुआ
3	प्रह्लाद की रक्षा हो गई।	प्रह्लाद की रक्षा हो गई।
8	सास - बहू ! देखो वह आगे बढ़ रहा है।	सास  देखो वह आगे बढ़ता है।
6	नहीं. आज स्नानघर में नहीं गाऊँगा।	नहीं आज स्नानगृह में नहीं गाऊँगा।
20	तब सलिलेन वसवा वसिष्ठ जी की भाँति ऋषियों के बाण, जबालती, विजय, कश्यप, कात्यायन, गौतम और वामदेव ने सुगन्धि के द्वारा राम को बाण से भिगो दिया।	फिर बड़े पानी से वसव ने जिस प्रकार ऋषि वसिष्ठ, जाबालि, विजया, काश्यप, कात्यायन, गौतम और वामदेव ने नरबाघ राम को सुगन्धित किया था।
3	कहाँ प्रज्ज्वालित किये।	कहाँ प्रज्ज्वलित किया।
5	आग्नेयास्त्रियों ने तालाब को भी सूचित किया।	लोगों ने आग्नेयास्त्र स्टेशन टाहलीवाल को भी सूचित किया।
11	प्रशासन की संसदीय स्थायी समिति की सराहना-संशोधन में तीन और अधिक विधेयक प्रस्तुत किये गये।	प्रशासन ने संसद की स्थायी समिति से तीन आपदा विधेयकों को पेश किया-परिवर्तनों को समाहित करके।
41	यही दिन और रात के जनक हैं। यही वर्ष को बारह भागों में विभक्त करते हैं। ये ही छः ऋतुओं के कारण हैं। ये ही उत्तरायण और दक्षिणायन स्वीकार करते हैं। इन्होंने ही सतयुग, त्रेता, द्वापर और कलियुग का भेद किया है। इन्होंने ही कल्पों का विभाजन किया है। इनका आश्रय लेकर ही ब्रह्मा की परार्द्ध संख्या पूरी होती है। यही भगवान् सूर्य बार-बार जगत् की उत्पत्ति, पालन और संहार करते हैं। वेद इन्हीं की वन्दना करते हैं। गायत्री इन्हीं का गान करती है। ब्रह्मनिष्ठ ब्राह्मण प्रतिदिन इन्हीं की उपासना करते हैं।	यह वही दिन और रात पैदा करता है, यही वर्ष है जिसके बारह भागों में विभक्ति होती है। यह छ:मृतूनों का कारण है, यह ही उत्तर और दक्षिणा का संचार करता है। यहीं द्वारा सम्पादित युगभेदा, यहीं कल्पभेदा और यहीं की रचना की गई है। परमेष्ठिन: अर्द्धसङ्ख्य इस पर आश्रित होती है, एवम् चर्चा करती है, बर्भर्ति और जर्हृति जगत्, वेद का ही वन्दन, गायत्री यह ही अमुष्ठ गाती है, ब्रह्मनिष्ठा ब्राह्मण: अमुहूर्त हैं।
18	उन्होंने इस अवसर पर कहा कि भारत दुनिया का पाँचौथा है-शीर्ष-अपने अर्थव्यवस्थाओं में सबसे बड़ा है। यूनान का आदर्श स्वामी-विवेकानन्द जी के जयंती समारोह में महोत्सव का आयोजन किया जाता है।	इस अवसर पर उन्होंने कहा कि भारत विश्व की पाँच बड़ी अर्थव्यवस्थाओं में से एक है। यूनान का आदर्श स्वामी विवेकानंद के जयंती समारोह का आयोजन होता है।
10	तप अथवा किसी प्रकार की साधना का कार्य एक अकेला व्यक्ति ही अच्छा करता है, यदि दो छात्र मिलकर पढ़ें तो अध्ययन अच्छा होता है और गाने के लिए यदि तीन व्यक्ति मिलकर अभ्यास करते हैं, तो अच्छा रहता है। इसी प्रकार यदि यात्रा आदि पर जाना हो तो कम-से-कम चार व्यक्तिों को जाना चाहिए। खेती आदि कार्य ठीक प्रकार से चलाने के लिए पांच व्यक्तियों की आवश्यकता होती है, जबकि युद्ध में यह संख्या जितनी हो उतना अच्छा है|	अकेले तपो, दो, पढ़ना, गाना, तीन, चार आना, क्षेत्र पांच, और बहुत आना।
7	सर्वप्रथम मंगलादा ने नईविष्णु रेगमी ने संस्कृत कक्षा के नियमों का आनंद लिया।	सभी को मंगल देकर नवीनविष्णु रेग्मी ने संस्कृत कक्षा के नियमों को सुनाया।
7	मैने यह भी नहीं सोचा कि वस्त्रों तथा आभूषणों से सुशोभित	यह भी नहीं सोचा कि कपड़े और कपड़े से सुशोभित भी नहीं है।
62	उपस्थित होने पर सेवानिवृत्त आचार्य ओमप्रकाश शर्मा सेवानिवृत्त अध्यक्ष डॉ. एस.एस. परमारपीठ, हिमाचल प्रदेश विश्वविद्यालय, शिमला भारतीय संस्कृति के नैतिक मूल्यों, डॉ. चेताराम गर्ग निदेशक ठाकुर रामसिंह- इतिहास अनुसंधान संस्थान नेरी भारतीय संस्कृति में नैतिक मूल्यों का संग्रह किया, प्रो. भागचंद्रचंद्रह:, आचार्य भौतिक विज्ञान विभाग, हिमाचल प्रदेश- केंद्रीय विश्वविद्यालय: धर्मशाला भारतीय संस्कृति और शिक्षा, डॉ. कर्मसिंह पूर्व सचिव, हिमाचल प्रदेश- कला संस्कृति भाषा अकादमी, शिमला भारतीय संस्कृति राष्ट्रीयचिंतन, डॉ. कृष्णमोहन पांडे के साथ आचार्य जवाहरलाल नेहरू विश्वविद्यालय संस्कृत विभाग, नई दिल्ली भारतीय संस्कृति और धर्म के विषय में मुख्य वक्ता के रूप में अपने विचार प्रस्तुत किए गए।	इस अवसर पर सेवानिवृत्त अध्यक्ष आचार्य ओमप्रकाश शर्मा उपस्थित हुए डॉ.वाई.एस. परमारपीठ हिमाचल प्रदेश विश्वविद्यालय, शिमला भारतीय संस्कृत और शिक्षा, डॉ. कर्मसिंह पूर्व सचिव,हिमाचल-कला और संस्कृति अकादमी, आचार्यों ने भारतीय संस्कृत में निहित नैतिक मूल्यों का अध्ययन किया, डाॅ. कृष्णपायां ने भारतीय धर्म विज्ञान विभाग और संस्कृत के मुख्य विषयों पर अपने- केंद्रीय विश्वविद्यालय, धर्मशाला और भारतीय संस्कृत के शिक्षण पर अपने रूप में प्रस्तुत किया, डॉकर्मसिंह, पूर्व सचिव हिमावलंघन संस्कृत और कला एवं भाषा अकादमी; आचार्या जवाहरानी ने भारतीय राष्ट्रीय संस्कृत एवं संस्कृत विश्वविद्यालय के मुख्य रूप में संस्कृत संस्कृत संस्कृत एवं डॉ. कृष्णांपायां प्रस्तुत कीं।
9	मंडल की चुराह, भरमौर, पाङ्गी, डल्हौजी में बर्फ लगातार है।	जिले के चुराह, भरमौर, पांगी और डल्हौजी में बर्फबारी लगातार है।
10	विपक्षी नेता जयराम ठाकुर ने कहा कि बगीच स्कूल के वार्षिक कार्यक्रम में मुख्य अतिथि के रूप में बुलाया गया था।	प्रतिपक्ष के नेता जयराम ठाकुर ने कहा कि बगस्याड़ स्कूल के वार्षिक कार्यक्रम में उन्हें मुख्य अतिथि के रूप में आमंत्रित किया गया था।
1	उचित मात्रा में।	मात्रा के अनुसार
1	में प्रवेश	प्रवेश करके।
1	तू कूए से जल ला।	कूड़ादान से जल ला।
5	आज उसका विवाह है।	आज उसका विवाह है।
11	उसके बाद 10 तारीख को उतरकर विमान अटेंडेंट के रूप में उड़ रहा।	वहाँ से उत्तीर्ण होकर तमवर्ष में प्रविष्ट हुए और वहाँ से विमान इंजीनियर के रूप में उत्तिर्ण हुए।
11	उन्होंने कहा कि टेक्नोलॉजिकल विभिन्न क्षेत्रों में महत्वपूर्ण भूमिका निभा सकती है।	उन्होंने कहा कि प्रौद्योगिकी विभिन्न क्षेत्रों में बड़ी भूमिका निभा सकती है।
7	पुरस्कार प्रयोजक आचार्य प्रताप सभी विजेताओं को पुरस्कार प्रदान करेंगे।	पुरस्कार प्रयोजक आचार्य प्रताप सभी विजेताओं को पुरस्कार देगा।
10	विद्यालय जाने पर क्रुद्ध गुरु जी का मुख देखने की मेरी कोई ईच्छा नहीं है।	अब विद्यालय जाकर बड़े हुए उपाध्याय का चेहरा देखना नहीं चाहता हूँ।
5	इसी प्रकार जीवन में ज्ञान की भी परम आवश्यकता है।	इसी प्रकार जीवन में ज्ञान की भी परम आवश्यकता है।
3	विद्यालय के चौकीदार को निवेदन करती है।	विद्यालय के चौकीदार को निवेदन करती है।
1	स्तुति करना	स्तुति करना
2	वैसेवैसे	वैसेवैसे
3	मोहन कब उठता है?	मोहन कब उठता है?
6	अजी ! क्यों जा रहे हैं ?	अरे ! क्यों जा रही हो ?
9	इस पीता रोग की चिकित्सा के लिए प्लग, अंड, प्ली, फोटोथेरेप किट का प्रयोग किया जाता है।	इस पीत रोग के उपचार के लिए प्लग एंड प्ले फोटoterapi किट शामिल है।
7	पति -चिन्ता मत करो वह खाएगा।	पति - चिन्ता मत करियेगा वह खाएगा।
9	इसके अलावा विधानसभा क्षेत्र में सुरक्षा व्यवस्था को मजबूत करने के लिए सीसीटीवी-ड्रोन-यन्त्रों का उपयोग होगा।	इसके अतिरिक्त विधानसभा मंत्रालय में सुरक्षा व्यवस्था को सुव्यवस्थित करने के लिए सीजीटीवी-ड्रोन-यन्त्रों का उपयोग किया जाएगा।
3	तुम नीचे जाओ।	तुम धीमे जाओ।
3	स्मिता गुरुकुल जाती है।	स्मिता गुरुकुल जाती है।
5	योजना क्षेत्र को सुप्रीम कोर्ट ने मंजूरी दी है.	शिमला योजना क्षेत्र को सुप्रीम कोर्ट ने मंजूरी दी है.
12	बाङ्कला शहर में राज्य में सबसे अधिक अधिकतम तापमान एक डिग्री तक पहुंच गया, सबसे कम तापमान एक डिग्री तक पहुंच गया।	राज्य में सबसे अधिक तापमान बांग्ला शहर में डिग्री तक हुआ, सबसे कम तापमान डिग्री हो गया।
8	रेलवेस्टेशन से घर जाकर वह भाई के साथ अल्पाहार करेगी।	रेलवे स्टेशन से घर जाकर वह भाई के साथ नाश्ता करेगी।
10	न केवल पूरे भारत में अपितु पूरे विश्व में टाटा के वाहन चलते हैं।	न केवल पूरे भारत में अपितु पूरे विश्व में टाटा के वाहन चल रहे हैं।
6	धर्म की रक्षा के लिये वह आगे आया ।	धर्म की रक्षा के लिये वह आगे आया
5	दीपक के चारों ओर कीड़े हैं।	दीपक के चारों ओर कीड़े हैं।
6	इनमें चिकित्सालय आधुनिक चिकित्सा सुविधाओं से सुसज्जित होगा।	इनमें से चिकित्सालय आधुनिक चिकित्सा सुविधाओं से सुसज्जित हो जाएँगे।
6	कोई पुरुष अपने मित्र को देखना चाहता है।	कोई एक पुरुष अपने मित्र को देखना चाहता है
7	भोरंज विधानसभा क्षेत्र के विधायक सुरेश कुमार ने सियारंद को तटस्थ बनाने की मांग की।	भोरंज विधानसभा क्षेत्र के विधायक सुरेश कुमार ने सीरनड को तटीकरण की मांग की।
12	सत्र में पूह से काजा तक के सीमा क्षेत्रों में विश्वसनीय गुणवत्तापूर्ण और करोड़ रुपये की बिजली पहुंचाने के लिए विस्तृत परियोजन रिपोर्ट की स्वीकृति दी गई।	सत्र में पूह से काजा तक के सीमा क्षेत्रों में विश्वसनीय और गुणवत्तापूर्ण करोड़ रुपये के बिजली वितरण के लिए एक विस्तृत परियोजना रिपोर्ट को मंजूरी दी गई।
1	न देखते हुए	देखा गया
13	वहां समरखंडा में एक सम्मेलन में चीन, रूस, ईरान के राष्ट्रपति और पाकिस्तान के प्रधान मंत्री भाग लेते हैं।	सम्मेलन में चीन, रूस, ईरान के राष्ट्रपति और पाकिस्तान के प्रधानमंत्री भाग ले रहे हैं।
6	संसार के रूप में समुद्र में नौका के रूप में सुरक्षक तुम ही हो ।	समुद्र में नौका रूप और सुरक्षक आप ही विश्व के रक्षक हैं।
6	आती हुई गाड़ी को देखकर सावधानी से चलो ।	आ गया वाहन देखकर सावधान चल।
6	मैं तो माँ के घर में हूँ ।	मैं तो माँ के घर में हूँ
3	दोनों ने पढ़ा।	उन दोनों ने पढ़ा।
13	हे भगवन्! तुम्हारे बिना मैं नाथवान् नहीं हूँ और मुझ दीनके बिना आप दीनदयालु नहीं हो सकते  इसलिये विधि-निर्मित इस सम्बन्धको आप निभाइये। इसका त्याग 'न होने दीजिये	हे नाथ! मैं तुमसे ऐसा कहता हूँ, तुम मुझे दुःखी नहीं करते हो। हे दयनीय! मैंने तुम्हारे लिये यह संहिता (संहिता) तैयार कर रखी है। इसलिये हे भगवन्! मेरी रक्षा करो, मेरी डाह न करो।
1	उत्तर दिया	उत्तर दिया
6	कल वीर शहीदों के शव दिल्ली आए।	शव शहीदों के कल दिल्ली आ गए।
4	जैसे बछड़ा माता के पास जा पहुंचता है वैसे ही सुख और दुःख अपने कर्ता के पास जा पहुंचते हैं।	बछड़े माँ की तरह सुख-दुःख सहने आते हैं
3	गोपाल गाय की रक्षा करता है।	गोपाल गायों को पालता है।
8	अतः हे सुग्रीव! बन्दरों के साथ जल्दी से विमान चढ़ो।	इसलिये हे सुग्रीव! बंदरों के साथ जल्दी से विमान पर चढ़ो।
6	लंकाेश्वर डर गया तुम्हें देखने के लिए जल्दी जाएगा।	लंकेश्वर विभीषण तुमको देखने जल्दी आएगा।
6	मामा – तुम माँ की चिन्ता कर रहे हो।	तुम माँ की चिन्ता करते हो।
4	संस्कार भी आवश्यक होता है।	संस्कार भी आवश्यक होता है।
1	पूँछ	पूँछ
7	तुम तो धन की खातिर यहां रह रहे हो ।	तुम तो धन के कारण यहाँ रहते हो
21	संस्कृत प्रदर्शनी में डॉ. उपेंद्र पांडे, अपितु डॉ. रमेश शुक्ल, डॉ. मनोज द्विवेदी डॉ. दिनेश चौबे, डॉ. अखिलेश शुक्ल, श्री मुकेशभाला, श्रीसुभाष कुमाव उपस्थित थे।	संस्कृत प्रदर्शनी में डॉ. उपेंद्रभार्गव, भी डॉ. रमेश शुक्ल, डॉ. मनोज द्विवेदी डॉ. दिनेश चौबे और डॉ. अमिताभ शुक्ला श्रीमुकेशभाला, श्री सुभाष कुमावत उपस्थित थे।
8	वह पढ़ना चाहता है, किन्तु मन नहीं लगता है ।	वह पढ़ना चाहता है, परन्तु मन नहीं चाहता है।
5	किंतु न चलता हुआ गरुड भी, एक कदम भी नहीं जाता।	जा रहे हैं, वेनतीयो भी एक पैर नहीं ले रहा है।
3	मैं शरबत पीता हूँ	मैं शरबत पी रहा हूँ।
8	शान समिति की रिपोर्ट के बाद चयन प्रक्रिया ऑनलाइन रूप में की जाती है।	शानन समिति की रिपोर्ट के बाद चयन प्रक्रिया ऑनलाइन की जाती है।
3	ठीक है ।	अच्छा नाम ।
4	वह व्यक्ति धूप में खड़ा है।	वह पुरुष धूप में खड़ा है।
4	मासान्ते संस्कृत में कार्यक्रम का आयोजन।	महीने के अन्त में संस्कृत में कार्यक्रम का आयोजन।
4	वे सब घड़े नष्ट होते हैं	वे घड़ियाँ नष्ट हो रही हैं।
4	क्या वह विश्वसनीय है ?	वह विश्वसनीय है क्या ?
6	पाणिनि 'एक कथा के रूप में अन्य कथावस्तु का बहुतवचन है।	पाणिनि 'एक जाति की कथा में अनेक वचन और दूसरे में' ऐसा बोलती है।
4	मर्यादा पुरुषोत्तम कौन थे ?	मर्यादा पुरुषोत्तम कौन थे ?
7	पुलिस महानिदेशक संजय कुंडु की निवृत्ति के लिए अधिसूचना कभी भी जारी नहीं की जाएगी।	पुलिस प्रमुख संजय कुंडू के निवृत्ति के लिए अधिसूचना कभी भी जारी नहीं की जाएगी।
9	माता - बेटा , आज मौसीजी के साथ बगीचे जाओ ।	माता - बेटा , आज मौसी जी के साथ बाग़ जाओ ।
14	हे रघुश्रेष्ठ! मैं तो अपने अन्तिम समय में आपका दर्शन करने से ही मुक्त हो गया, परन्तु आप मुझे अपने कर कमलों से स्पर्श कीजिए: पुनः आपका परमपद में प्राप्त करूंगा ॥	हे रघुसत्तम ! अन्तकाल में भी तुमको देखकर मैं मुक्त हो गया हूँ अतः हे राम! अपने दोनों हाथों से मुझे छू लो, तुम्हारे स्थान मैं पुनः प्राप्त करूँगा ॥
19	सड़क परिवहन और राजमार्ग मंत्री नितिनगडकरी ने देश में अच्छी सड़क निर्माण के महत्व का रेखांकन करते हुए कहा कि इससे पर्यटन की संभावनाओं का विकास होगा, और परिपत्रों को बनाने में मदद मिलेगी।	सड़क परिवहन मंत्री नितिनगडकरी ने देश में उत्तम सड़क निर्माण के महत्व पर प्रकाश डाला कि इससे पर्यटन की संभावनाओं का विकास होगा और करियर के अवसरों के सृजन में मदद की जाएगी।
15	मोदी ने कहा कि महिलाओं, युवाओं, किसानों, और निर्धनों को राष्ट्र की उज्ज्वल भविष्य की कुंजी है।	मोदी ने कहा कि महिलाओं, युवाओं, किसानों और निर्धनों का सशक्तिकरण ही राष्ट्र का उज्ज्वल भविष्य है।
15	संस्कृत विद्वानों के उत्साह के लिए-संस्कृत के अच्छे प्रचार-प्रसार के लिए संस्कृत साहित्य, कविता, और विभिन्न ग्रंथों के लिए विभिन्न पुरस्कार प्रदान किए जाते हैं।	संस्कृत विद्वानों के उत्साह को बढ़ावा देने और संस्कृत साहित्य, काव्य और विविध शास्त्रों के अच्छे प्रचार-प्रसार के लिए विभिन्न पुरस्कार प्रदान किये जाते हैं।
9	सुरभि की इस दशा को देखकर देवताओं के राजा (इन्द्र) ने उससे पूछा- “अरी शुभ लक्षणों वाली! क्यों इस तरह रो रही हो? बोलो”।	सुरभरी की ऐसी दशा देखकर सुराधिपति ने उससे पूछा- हे सुभे! तुम क्यों रोते हो? कहिये।
8	भोगविशेष की कामना से जिनका ज्ञान हर लिया गया है, ऐसे पुरुष अपने स्वभाव से प्रेरित हुए अन्य देवताओं को विशिष्ट नियम का पालन करते हुए भजते हैं।।	कामनाओं से ही मनुष्य हृदय में स्थित अन्यदेवता उत्पन्न होते हैं, उन्हें नियम मानकर (अपने) स्वभाव से ही स्थापित किया जाता है।
11	गांधी उद्योग संघ के महासचिव अशोक राणा ने कहा कि उद्योग निवेश कक्ष को निर्माण किया जाना चाहिए।	उद्योग संघ के महासचिव अशोक राणा ने कहा कि उद्योग निवेश कक्ष का निर्माण किया जाना चाहिए।
7	जो पुरुष मदाश्रित होकर सदैव समस्त कर्मों को करता है, वह मेरे प्रसाद (अनुग्रह) से शाश्वत, अव्यय पद को प्राप्त कर लेता है।।	जो पुरुष सब कर्मों में भी मेरी ही शरण लेता है, वह मुझे ही से (सदा) परमपद को प्राप्त करता है।।
8	मित्र ! अब मुझे भूख बहुत ही दुःख देती है।	हे मित्र ! इस समय मुझे भूख बहुत पीड़ित कर रही है।
10	मनुष्य का आभूषण सौन्दर्य होता है, सौन्दर्य का आभूषण गुण होता है। और गुण का अलंकार बुद्धि होती है, उसी प्रकार बुद्धि का आभूषण क्षमा होती है।	मनुष्य का आभूषण रूप, रूप, गुण तथा ज्ञान है, ज्ञान और ज्ञान की शोभा क्षमा है॥
13	उस समय वह पुरुष शरणागत जनों का दुःख दूर करने वाले, संसार सागर से पार करने वाले, दयामय श्रीराम चन्द्रजी को प्रसन्न मन से प्रणाम कर प्रसन्नचित्त, शरणागतों के सम्पूर्ण क्लेश हरण करने वाले प्रभु को पृथ्वी पर दण्डवत् कर बारम्बार प्रणाम किया ॥	श्रीरामचन्द्रजी को प्रणाम करके नतमस्तक हो अति घृणा करने वाले, भवप्रवाहकमल के समान श्यामसुन्दर भगवान् श्रीहरि का प्रणम्य प्रणम्य करता हुआ और दण्डवत्सल होकर प्रणाम करता हुआ समस्त शत्रुओं को प्रसन्न करता हुआ पृथ्वी पर गिर पड़ा ॥
6	वह 5 मार्च को पटना आ रहा है	वह 5 मार्च को पटना आएगा।
1	कौन	कौन
1	सुखी हो रहे है	प्रसन्न होते हैं।
9	राजौरी और पुंछ ने क्षेत्रों की अपनी यात्रा में सैन्य योद्धाओं के साथ बातचीत की।	राजौरी-पुंछ-क्षेत्रों की अपनी यात्रा के दौरान सेना के बलों के साथ बातचीत की।
1	धर्म को	तपस्या
8	प्रबंधक उसकी कार्यनिष्ठा को सुनकर ( देखकर) खुश हुआ।	प्रबंधक उसकी कार्यनिष्ठा को सुनकर खुश हुआ।
6	इस प्रमुख पद पर उनका कार्यकाल अद्वितीय था।	इस प्रमुख पद पर उनका कार्यकाल अद्वितीय था।
3	मैं पानीपत जा रहा हूँ ।	मैं पानीपत जा रही हूँ ।
9	इस प्रकार छोड़कर वह घोड़े पर चढ़ाकर सहसा बैठ गया।	ऐसा कहकर वह अचानक घोड़े पर चढ़ा।
10	दुर्जन और कांटे इन दो चीजों से बचने के दो ही उपाय हैं, या तो जूतों से इनका मुंह कुचल दिया जाए, उसके अस्तित्व को ही समाप्त कर दिया जाए अथवा उनको दूर से ही त्याग दिया जाए।	दुष्टों और काँटों की दो ही प्रतिक्रियाएं होती हैं मुँह और पंखुड़ियों को नुकसान पहुंचाना अथवा दूर रखना।
21	इनमें से सोलन से कैनल धनीराम शण्डिल पहले ही कैबिनेट में हैं और यदि यादविन्द्रगोमा भी अवसर पाता है तो वह आरक्षित वर्ग से दूसरा मंत्री बन जाएगा।	इनमें से सोलन से कर्नल धनीराम शांडिल पहले ही मंत्रिमंडल में हैं और यदि यादविंन्द्रगोमा भी मौका पाता है तो वे आरक्षित वर्ग से दूसरे मंत्री बनेंगे।
5	जिन्हें जान लेने से ही व्यक्ति अपने आपको सर्वज्ञ समझ सकता है।	जिससे विज्ञानमात्र से ज्ञान की प्राप्ति हो सके।
1	देश का	मूल निवासी
1	दिया जाता है।	दिया जाता है
4	वह स्कूटर से बैंक जाती है।	वह स्कूटर से बैंक जाती है।
10	बुद्धिमान महापुरुष शरीरों में शरीर रहित अर्थात पृथक रूप में रहने वाले नश्वर वस्तुओं में नित्य रूप में स्थित महान सभी और व्याप्त इस आत्मा को जानकर किसी प्रकार का शोक नहीं करता।	धीर (व्यक्ति) अपने महान और विस्तृत आत्मा को मानकर अपने शरीर के नए अवयवों में स्थित आत्मा (शरीर) के लिए शोक नहीं करता।
6	ओह अभी वो टेबल के ऊपर है।	ओह अभी वह टेबल पर है
8	अभी मैं अपने पिता की राजधानी अयोध्या लौटाऊँगा।	अभी मैं मेरी पिताजी की राजधानी अयोध्या लौट जाऊँगा।
7	माता – पिता के पैर छुए ?	माता  पिता के चरण छुए क्या ?
7	कर्ल-संस्कृत अध्यापक-महासंघ ने आज श्रावणिका नामक संस्कृत दिवस उत्सव का आयोजन किया।	संस्कृत शिक्षक-संस्कृत दिवस महोत्सव आयोजित होने के बाद संघ का श्रावणिक नाम आज संपन्न हुआ।
5	भारतीय खिलाड़ी सूर्य कुमार यादव को सर्वश्रेष्ठ खिलाड़ी चुना गया।	भारतीय खिलाड़ी सूर्यकुमार यादव को सर्वश्रेष्ठ खिलाड़ी चुना गया है।
3	आप दोनों जाती हैं।	आप दोनों जाते हैं।
8	दृष्टिपात से उसकी व्यथा नष्ट हो जाती है, मैं चित्राम की शरण में क्या प्राप्त करती हूँ?	दृष्टि पड़ने से उसकी व्याथा समाप्त हो जाती है। चित्रों में क्या रह गया है, यह तो ज्ञात नहीं होता है।
3	छात्र आपस में बोलते हैं।	छात्र आपस में बोलते हैं।
6	शालिसा धाम्या ने भारतीय वायुसेना में नया करियर बनाया है।	भारतीय वायुसेना में ालिसा धाम्या ने नया चरित्र आरम्भ किया।
8	मेरा दृढनिश्चय है मैं शत्रुओं को मार के आऊँगा।	मेरा दृढ़निश्चय है कि मैं शत्रुओं को मार के आऊँगा।
2	वाणी से बोलो	वाणी से बोलो।
6	पहुंचे हुए समाचार के अनुसार, अर्जुन शीघ्र ही खलनायक की भूमिका पर दिखता है।	पहुंचे समारोह के अनुसार अर्जुन शीघ्र ही खलनायक की भूमिका में दिखता है।
1	तर्क करना	थूकना
4	मनुष्य की श्रेष्ठता चरित्र से होती है।	मनुष्य की श्रेष्ठता चरित्र से होती है।
5	रास्ते में नए यात्री चढ़ रहे थे।	रास्ते में नए यात्री चढ़ते थे।
1	पृथिवी को	पृथिवी को
1	इस प्रस्तावना के प्रयोग से सन्तुष्ट होकर	प्रयोग से सन्तुष्ट
15	उत्कृष्ट कार्यों के लिए उस वर्ष यूनिसेफ़-संस्थान द्वारा नोबेल पुरस्कार प्राप्त किया गया, उस वर्ष इन्दिरंगाधीशांत पुरस्कार से भी यह संस्था सम्मानित की गई।	उत्कृष्ट कार्य के लिए यूनिसेफ-संस्था द्वारा नोबेल-उन्होंने उस वर्ष इंदिरा गांधी पुरस्कार भी प्रदान किया।
6	रात में भोजनालयों में भी लोग भोजन करते हैं।	रात को रेस्टोरेंटों में भी लोग खाना खाते हैं।
2	कभी	कब
5	मेरी जीजी सब्जियों का अचार बनाती हैं।	मेरी बहन सब्जियों का अचार बनाती है।
4	इसलिए वह बहुत बड़बड़ाया ।	इसलिए वह बहुत बड़बड़ाया ।
26	शिक्षा मंत्रालय ने पिछले महीने के बारह तारीख से इस महीने के बारह तारीख तक-6 तारीख तक छठी कक्षा से बारह कक्षा तक शिक्षकों एवं अभिभावकों द्वारा इस कार्यक्रम में भाग लेने के लिए तालिका में रखा है-इससे माध्यम से आवेदन दर्ज किया जा सकता है।	शिक्षा मंत्रालय ने पिछले महीने के बारह तारीख से बारह तारीख तक छठे कक्षा से बारह कक्षा तक के विद्यार्थियों, शिक्षकों और अभिभावकों द्वारा इस कार्यक्रम में भाग लेने के लिए पटल पर जालंधर किया-माध्यम से आवेदन दाखिल किया गया।
3	मैं आलस छोड़ूँगा ।	मैं आलस छोड़ दूँगी।
6	धर्म की रक्षा के लिये वह आगे आया ।	धर्म की रक्षा के लिये वह आगे आया
6	उसकी बहन का नाम सुप्रथा है ।	उसकी बहन का नाम सुप्रथा है
12	यहाँ कुम्भकर्ण मारा गया और मैंने मारा, बन्दर द्वारा हनुमाता तथा धुंआँ को मार दिया गया।	कुम्भकर्ण और प्रहस्त को मैंने मार दिया, वानर और हनुमान और धुम्राक्ष को मार दिया।
5	दिव्येश मेरा मित्र है	दिव्येश मेरा मित्र है
13	अरे क्यों यह इस प्रकार ज़ख़्म पर नमक डालता है। निकाल दे, इसको गला पकड़कर ।	हे इन्द्र! इस घाव पर यह नमकीन किस प्रकार डालता है? इसे आधा चन्द्रमा देकर निकाल देना चाहिये।
4	बिना नशा के नशीला धन।	मद के बिना बहुत धन।
4	कभी कभी दही से बाल धोता है।	कभी कभी दुहिता बाल धोती है।
10	उसके बाद छात्रसभा में कुछ छात्र गीत गायेंगे और कुछ भाषण करेंगे।	उसके बाद छात्रसभा में कुछ छात्र गीत गाएँगे और कुछ भाषण करेंगे।
5	वह बच्चा उसका भांजा है ।	वह बालक इसका भांजीपुत्र है।
5	इस में थोड़ा सा भी पाप नहीं है।	इसमें थोड़ा सा भी पाप नहीं है।
10	हे राजन् ! उसकी कुल में बढ़ी हुई यह मेरी बेटी है।	हे राजन् ! उसकी कोख में पाली यह मेरी बेटी है।
7	उन्हें तीन बार भारत सरकार के राष्ट्रीय पुरस्कार से सम्मानित किया जा चुका है।	उन्हें तीन बार भारत सरकार के राष्ट्रीय पुरस्कार से सम्मानित किया गया है।
16	विक्रान्त मैसी और मेधा शंकर की फिल्म वीं फेल, जिसका नेतृत्व विधु विनोद शर्मा ने किया, लंबे समय से चर्चा में आ रही है।	विक्रान्त मैसी और मेधा शंकर द्वारा निर्देशित विदु विनोद चतुर्थी फ़िल्म वाणी बहुत समय से चर्चा की जा रही है।
1	जान-बूझकर ।	बुद्धि से
17	इस अवसर पर माइक्रोन, रिलायंस, टाटा समूह जैसे प्रमुख वैश्विक-भारतीय उद्योगों ने गुजरात में अपने व्यवसाय के विस्तार की योजना की घोषणा की।	इस अवसर पर माइक्रोन, रिलायंस, टाटा समूह जैसे प्रमुख वैश्विक-भारतीय उद्योगों ने गुजरात में अपने व्यवसाय के विस्तार की योजना की घोषणा की।
9	एक निर्वाचन क्षेत्र में, भाजपा प्रतिस्थापन को निर्विरोध चुना गया।	एक जिले में बीजेपी के स्थान पर प्रतिद्वंद्वी के रूप में चुने गए थे।
5	मेरी एक दुकान है।	मेरी एक दूकान है
14	डीएमडीके स्कूल हॉल ने घोषणा की कि विजयकांत COVID-19 की कक्षा में नौ दशकों से ग्रसित थे और जीवन रक्षक प्रणाली द्वारा ले जाया जा रहा था।	डीएमडीके हॉल ने घोषणा की कि विजयकांत कोविड-19-19 से ग्रस्त थे और जीवन रक्षक प्रणालियों में भी सांस ले रहे थे।
6	गरम पानी में हाथ और पैर रखता है।	गरम पानी में पैर और हाथ रखती है।
1	शोभा देना	भूनना
5	इसी कारण स्वाधीनता सेनानियों के दो दल थे।	इसलिये स्वाधीनता सेना के दो दल थे।
31	मंत्रिमण्डल ने लोक निर्माण विभाग में छोटे इंजीनियरिंग और छोटे तकनीकी पदों को भरने के लिए मंजूरी दी है, जलशक्ति विभाग में कार्यनियंत्रक, राजस्व प्रशिक्षण संस्थान जोगिन्दर ने विभिन्न वर्गों के निर्माण को मंजूरी दी है और सैन्य कल्याण विभाग में हमीरपुर ने विभिन्न वर्गों के पांच पदों को पूरा करने के लिए मंजूरी दी है।	पदों को पूरा करने के लिए मंत्रिमण्डल ने मंजूरी दी है लोक निर्माण विभाग में जूनियर- इंजीनियर के पद और जूनियर तकनीकी पद, जलशक्ति विभाग में कार्यनिरी के पद, राजस्व प्रशिक्षण संस्थान ने जोगिन्दर में विभिन्न वर्गों के पदों का निर्माण करने को मंजूरी दी और सैनिक कल्याण विभाग ने हमीरपुर में अलग-अलग वर्ग के फाइवार्डों को भरने के लिए मंजूरी दी।
16	अनेक मारखड़ने वाले भीम सेनाओं के साथ उन दोनों वीरों का बड़ा भारी युद्ध तब देवता, गन्धर्व, महाोर, गीदड़, सिद्ध, खेचर, ऋषि और दानव आदि देखते थे।	विविध प्रहारों से भय से युक्त उन दोनों वीरों का बड़ा युद्ध तब देवता, गन्धर्व, महोरगा, सिद्धा, खेचर और ऋषिदानव आदि देखते थे।
12	अब तक, बाईस तारीख को छह करोड़ से अधिक विद्यार्थियों ने अपना पंजीकरण कराया है।	अब तक बाईस करोड़ से अधिक विद्यार्थियों ने अपना पंजीकरण किया है।
1	मुनि से	मुनि का
10	नवजात बालक कुछ भी नहीं जानता है फिर भी धीरे धीरे उसका ज्ञान बढ़ता है।	नवजात बालक कुछ नहीं जानता है फिर भी धीरे धीरे उसका ज्ञान बढ़ता है।
1	भजो	पूजा करना
5	क्या वह नहीं मानता ?	क्या वह नहीं मानता ?
8	हिमाचल प्रदेश के पचास युवा किसान आधुनिककृषि विधि को समझने के लिए जापान जाएँगे।	हिमाचल प्रदेश के एक सौ पचास युवा किसान आधुनिक खेती के तरीकों को सीखने के लिए जापान जायेंगे।
4	कारण कि कीर्ति ही बड़ा बल है ।	कीति ही हमारी परम शक्ति है
3	जोकि, उपयोंको अधिकार करके यह तन्त्र रचागया है इस वास्ते इसका अग्रगण्य ) औपद्वधिक अध्याय प्रथम वर्णन होगा ॥	जिसने इस अस्त्र को नष्ट कर दिया है
8	जो स्थिरबुद्धि,  संमोहरहित ब्रह्मवित् पुरुष ब्रह्म में स्थित है,  वह प्रिय वस्तु को प्राप्त होकर हर्षित नहीं होता और अप्रिय को पाकर उद्विग्न नहीं होता।।	प्रीति को प्राप्त करके न हर्षित होता है और न जीतकर अप्रिय को प्राप्त करता है; परन्तु स्थिर बुद्धि से समाहित ब्रह्म को जानने वाला ब्रह्म में स्थित रहता है।।
7	उसी प्रकार मनुष्यों का संघ (समूह) ही कुछ कर सकता है।	उसी प्रकार मनुष्यों का संघ ऐसा कुछ भी करने में समर्थ होता है।
12	मेरा जीवन तो बस एक केवल हरिनाम ही है, इसके अतिरिक्त कलियुगमें और कोई गति है ही नहीं ॥	हे हरे! मेरा जीवन हरेर्मय ही नाम है, कलियुग तो नहीं है, अपितु गति नहीं है।
7	हिन्दी कवि मुंशी प्रेमचन्द ने साहित्य को "जीवन की आलोचना" कहा है।	हिन्दी कवि मुंशी प्रेमचन्दन ने साहित्य "जीवन की आलोचना" कहा
5	मूर्ख धर्मपत्नी को भी कपड़े नहीं पहनाता।	मूर्ख पत्नी को भी वस्त्र नहीं पहनाता
6	उस भारतीय युवक के लिए हमेशा स्वस्ति की कामना।	उस भारतीय युवक को सदा कुशल की कामना है।
36	हे विश्वेश्वर! हे अनन्तं! आप मेरी रक्षा कीजिये। हे जगन्नाथ! आपको नमस्कार है। हे प्रभो! में आपकी शरण में हूँ। आप अपने ज्ञानाग्निरूप तलवार से मेरे पुत्र तथा धन आदि के स्नेह पाश को काट दीजिये। कैकेयी का यह वचन सुनकर श्रीरामचन्द्रजी मुस्कुराकर बोले हे महाभागे ! आप जो कुछ कह रहीं हैं वह ठीक ही है, मिथ्या नहीं है। मेरी ही प्रेरणा से देवताओं के कार्य की सिद्धि के लिये आपके मुख से यह शब्द निकले थे। इसमें आपका कोई दोष नहीं है। अतः आप अयोध्या कूट जाएँ और अहर्निश निरन्तर हृदय में मेरी भावना करने से आप सर्वत्र स्नेह रहित होकर मेरी भक्ति द्वारा शीघ्र ही मुक्त हो जायेंगी। में सर्वत्र समदर्शी हूँ, मेरा कोई भी प्रिय अथवा अप्रिय नहीं हे ॥	हे प्रभो! हे विश्वेश्वरानन्त! आपको नमस्कार है। जब आपने मुझे महाभागाजी में इस स्नेहपूर्ण बन्धन से हटा दिया था, तो इसमें पुत्रवत्सलता आदि का अनुभव भी नहीं हुआ। आपकी प्रेरणा के समान मैंने आपके वचनों से निकली हुई मेरे द्वारा कही हुई सभी बातों में कही हुई प्रेमरूपी प्रेम ही आपको मेरी भक्ति से मुक्त कर दिया है। मैं सब जगह समान द्वेष अथवा प्रिय ही हूँ। अब चाहे वैसा ही हो, मैं सभी जगह प्रेमपरायण हो जाऊँ ॥
12	कार्यक्रम में श्री द्वारकानौटियाल गौरवजी, अभिषेक शर्मा और वेदांत जी अनेक गणमान्य उपस्थित थे।	कार्यक्रम में श्री द्वारकानौटियाल गौरवजगुड़ी, अभिषेक शर्मा, वेदांतजगुडी और अन्य अनेक गणमान्य व्यक्ति उपस्थित थे।
22	अपने व्याख्यान में उन्होंने कहा कि समाज में संस्कृत को प्रौढ़ और कठिन माना जाता है, लेकिन बंधन में कुछ बदलाव करके संस्कृत का प्रयोग सरल और शुद्ध तरीके से किया जा सकता है।	अपने व्याख्यान में उन्होंने कहा कि समाज में संस्कृत परिपक्व और कठिन मानता है, लेकिन व्याकरण में थोड़ा बदलाव करके संस्कृत का प्रयोग सरलता और शुद्धता से किया जा सकता है।
1	कहना चाहिये	कहने योग्य
8	क्रोधित शेर उस पर प्रहार करना चाहता है, परन्तु बन्दर कूदकर पेड़ पर चढ़ जाता है।	क्रोधित शेर उसको मारना चाहता है परन्तु बन्दर कूदकर वृक्ष पर चढ़ जाता है।
11	बताया जाता है कि एनपीपी को 45 सामाजिक समूहों का समर्थन प्राप्त है।	एनपीपी नामक राजनीतिक दल के नजर में 45 सामाजिकों का सहयोग दिख रहा है।
7	सतीश – रास्ते में कुत्ते दौड़ रहे थे।	सतीश  रास्ते में कुत्ते दौड़ रहे थे।
12	वहाँ उन्होंने सब और भगवान श्रीरामचन्द्रजी के वज्र, अंकुश, कमल और ध्वजा आदि के चिन्हों से सशोभित तथा पृथिवी के लिये अत्यन्त मंगलमय चरणचिन्ह देखे। उन्हें देखकर भाई शत्रुघ्न सहित वह उस चरणारविन्द में लोटने लगे और मन ही मन कहने लगे"अहो! मैं परमधन्य हूँ, जो आज श्रीराम चन्द्रजी के चरणारविन्दों के चिन्हों से सुशोभित भूमि को देख रहा हूँ, जिन चरण रज को ब्रह्मा आदि देवगण और सम्पूर्ण श्रुतियाँ भी सदा अन्वेषण करती रहती हैं ॥	तब उन्होंने चारों ओर से झंडा चिह्नों से सुशोभित श्रीरामचन्द्रजी के अतीमंगल के अष्टांग चरणों को देखा। वहाँ उनके अनुज लक्ष्मणजी धनुष के नीचे बैठे हुए कमल, दोनों हाथी, कमर कसकर उनकी भुजाओं को सूंघते हुए बैठे थे। उन्हें देखकर आनन्दित हुए बोले हे राम! में बहुत प्रसन्नता चाहता हूँ कि आप मेरी रक्षा करें, में आपके चरणकमलों की रक्षा करें ॥
6	शाकम्भरी देवी के वरदान से वासुदेव जी लावणजलाशय पहुँच गए।	शाकम्भरी देवी के वरदान से वासुदेव को लावणजलाश मिला।
7	बहुत से लोग केवल फल ही खा रहे थे।	बहुत से लोग केवल फल ही खा रहे थे।
6	(क्षेत्र-क्षेत्रज्ञ के विषय में) ऋषियों द्वारा विभिन्न और विविध छन्दों में बहुत प्रकार से गाया गया है, तथा सम्यक् प्रकार से निश्चित किये हुये युक्तियुक्त ब्रह्मसूत्र के पदों द्वारा (अर्थात् ब्रह्म के सूचक शब्दों द्वारा) भी (वैसे ही कहा गया है)।।	ऋषियों ने प्रायः गान को अनेक प्रकार के स्तोत्रों और ब्रह्मसूत्रों के पदों से पृथक् किया था। इसके पीछे अनेक कारण निर्धारित किये थे।
4	उसका लड़का स्कूल में पढ़ता है	उसका बेटा पाठशाला में पढ़ता है ।
7	दस वर्ष से ही हिमाचल प्रदेश सबसे समृद्ध राज्यों में से एक बन जाएगा।	दस साल से भी अधिक समय में हिमाचल प्रदेश समृद्ध राज्यों में से एक होगा।
4	रास्ते में गड्ढा था।	रास्ते में गड्ढा था।
6	सशंकित अवस्था में यहाँ घूम रहे हो।	रक्षक  खतरे की स्थिति में यहाँ घूमता है।
9	आपके तत्त्ववेत्ता भक्तजन आपकी भक्ति ही चाहते हैं, अत: मेरी भी सदा आपके चरणोंमें भक्ति बनी रहे ॥	हे भगवन्! सारवेदी भक्त केवल आपकी भक्ति ही चाहते हैं, इसलिए आपके चरणारविन्द में मेरी सर्वदा भक्ति बनी रहे ॥
9	हिमाचल प्रदेश के बारे में वादी पर्वतीय राज्य में इस कार्यक्रम के बारे में बहुत उत्साह है।	हिमाचल के बारे में बतलाते हुए पर्वतीय राज्य में इस कार्यक्रम के विषय में बहुत उत्साह है।
3	बालक जायेगा।	बालक जाएगा।
4	अभी वह विश्राम कर रहा है।	अभी वह विश्राम कर रहा है।
16	इस कार्यक्रम में उत्तराखंड:, उत्तराखंड:, नई दिल्ली, राजस्थान, महाराष्ट्र:, हरियाणा, बिहार:, कर्नाटक:, तमिलनाडु जैसे राज्य के शिक्षक भाग लेंगे।	इस कार्यक्रम में उत्तराखंड, उत्तर प्रदेश, नई दिल्ली, राजस्थान, महाराष्ट्र, हरियाणा, बिहार, कर्नाटक, तमिलनाडु जैसे राज्यों के शिक्षक भाग ले रहे हैं।
10	इस मार्ग में कुछ भी भय नहीं है। इसलिए मैं अकेला ही जाऊँगा।	इस मार्ग में कुछ भी भय नहीं है। इसलिये मैं अकेले ही जाऊँगा।
7	देवसभा अर्थात् सत्संग, जहाँ ज्ञान भक्ति चर्चादि होती है।	देवसभा अर्थात् संगम, जहाँ ज्ञान भक्ति और बातचीत सम्भव होती है।
13	इन दिनों संस्कृत विद्यालय और कॉलेजएँ मानक के अनुसार विधान की प्रतीक्षा कर रही थीं, जो अब विधान के तहत आ गए हैं.	ये सभी संस्कृत विद्यालय और कॉलेज मानक के अनुसार विधान की प्रतीक्षा कर रहे थे, जो अब विधान के तहत आए हैं।
6	वास्तव में वह शास्त्रीय संगीत सुन रहा है	वास्तव में वह शास्त्रीय संगीत सुन रहा है
2	यह जाता है।	यह जाता है।
6	पाणिनि 'एक कथा के रूप में अन्य कथावस्तु का बहुतवचन है।	पाणिनि 'एक जाति की कथा में अनेक वचन और दूसरे में' ऐसा बोलती है।
4	हर फल में बीज होता है।	फल फल में बीज होता है।
8	चारो तरफ से ऋषियों के आश्रमों से सुशोभित, ब्रह्मर्षियों और देवर्षियों से सेवित वह आश्रम साक्षात् दूसरे ब्रह्मलोक के समान प्रतीत हो रहा था ॥	ऋषियों व विरशीगण द्वारा सेवित इस मुनि मन्दिर को साक्षात् ब्रह्मलोक ही अलङ्कृत कर दिया गया है ॥
10	इसलिए वह कात्यायन का''सिद्ध शब्द अर्थ के संबंध में लोकतोर्थ के लिए प्रयोग किए जाने के लिए शास्त्र द्वारा लौकिक वेदिकों में धर्म का पालन किया गया।	उसके लिए वह कात्यायन का''सिद्ध शब्द अर्थ के संबंध में लोक अर्थ के प्रयोग में शब्दप्रयोग पर धर्म का नियम शास्त्र के द्वारा लौकिक वेदों में।
3	वह स्वस्थ हो गया।	वह स्वस्थ हो गया।
6	सुकृति – तो फिर हम दोनों सेव खाएँगे	सुकृति  तो फिर हम दोनों सेव खाएँगे
3	वह सेल्फी ले रहा है।	वह सेल्फी ले रहा है।
5	वे कन्ग्रेज सर्वाकरण में भी मंत्री थे।	वे कांग्रेस सरकार में भी मंत्री थे।
5	अल्पाहार में वह उबले चने खाता है।	अल्पाहार में वह उबले हुए चने को खाता है।
3	स्नानागार में ही गाते हो	स्नानगृह में ही गाते हो।
3	देवभक्त पूर्ण हृदय से परिश्रम करता है।	सभी देवताओं का मन प्रसन्न होता है।
8	राष्ट्रीय-राजाधानी में भारी ठंड के कारण विमान उड़ने, रेल-और संचालन में देरी हो गई।	राष्ट्रीय-धान्य में भारी ठंड के कारण विमान उड़ान भरने में और रेल संचालन में देरी हो गई।
6	प्रकृति के क्रोधों से व्याकुल मनुष्य क्या कर सकता है?	प्रकृति से भयभीत मनुष्य क्या कर सकता है?
5	उज्जियिनी किस नगर के पश्चिम दिशा में है?	उज्जयनी किस नगर से पश्चिम दिशा में है?
13	बाल भारती विद्यालय दुनिया भर में संस्कृत का प्रसार करने के लिए एक सकृतोत्सव नामक एक प्रदर्शनी का आयोजन करता है।	बाल भारती विद्यालय द्वारा दुनिया भर में संस्कृत के प्रसार के लिए एक अद्वितीय उत्सव नामक प्रदर्शनी का आयोजन किया जाता है।
6	वह सज्जन मेरा सम्वाद सुनकर हँस दिये।	वह सज्जन मेरी बात सुनकर हँस गया।
10	आज वह उनके संस्थान की राष्ट्रीय कार्यकारिणी सभा, संस्कृत के संवर्धन कीप्रतिष्ठा के कार्यदर्शी हैं।	आज वह उसकी संस्था के राष्ट्रीय कार्यकारिणी सदस्य हैं, और संस्कृत संवर्धन प्रतिष्ठान के कार्यदर्शी हैं।
14	जो भी विषय जैसा है, वह विषय जैसा ही भावना है और वह भी लोक में फैलती जानी चाहिए, ऐसा अपनी बुद्धि के अनुसार नहीं।	जो विषय जैसा है, उसका विषयक वैसा ही भाव लोगों में फैलाना चाहिए, या जैसा अपनी राय नहीं।
4	वरूणा रेलगाड़ी काशी से आती है।	वरुणा रेलगाड़ी काशी से आती है।
1	बस	होशियार
1	महान्।	महान्
17	मित्र! जहाँ-तहाँ अत्यधिक पृथ्वी पर भवनों का, भूमिगत मार्गों का, विशेषरूप से मैट्रो के मार्गों का, ऊपर से गुजरने वाले पुलों का-इत्यादि के निर्माण के लिए वृक्ष काटे जाते हैं। अवश्य ही हमसे क्या अपेक्षा की जाती है?	जोसेफ  हे मित्रों! जहाँ-तहाँ बहुमंजिली इमारतों, भूमिगत मार्गों, विशेषरूप से मेट्रो मार्गों और उपरिगामी पुल आदि के निर्माण के लिए वृक्ष बनाये जाते हैं तो फिर हमसे और क्या अपेक्षित है?
20	आयोग केंद्र-राज्यों के बीच ऋण की प्राप्ति के लिए वितरण, राज्य में पंचायतों और नगरपालिकाओं के संसाधनों के हिस्से के रूप में राज्य के संचित धन को बढ़ाने के लिए आवश्यक उपाय करेगा।	आयोग केंद्र-राज्य के बीच ऋण की प्राप्ति का वितरण, राज्य में पंचायतों और नगरपालों के संसाधनों की पूर्ति के रूप में राज्य के एकीकृत धन को बढ़ाने के लिए आवश्यक उपाय करेगा।
1	रवि को संबोधित करने के लिए इस्तेमाल किया	सूर्यनारायण
9	उत्तम से उत्तम सन्धि के द्वारा भी शत्रु से कभी सन्धि (मेल) नहीं करना चाहिये क्योंकि यदि पानी गरम होगा तो भी वह अग्नि को तो बुझा ही देता है	शत्रु से जल निकालना चाहिये और सद्बुद्धि से पानी पीना चाहिये। इसलिए जल पीने से दुष्ट व्यक्ति को शान्ति प्राप्त होती है।
1	जहर	ज़हर
11	इसके अलावा उसके समूह के वरिष्ठ नेताओं भी इस सुनवाई में उपस्थित थे।	इसके अलावा उस समूह के वरिष्ठ नेता भी इस सुनवाई में उपस्थित थे।
10	नवजात बालक कुछ भी नहीं जानता है फिर भी धीरे धीरे उसका ज्ञान बढ़ता है।	नवजात बालक कुछ नहीं जानता है फिर भी धीरे धीरे उसका ज्ञान बढ़ता है।
1	उन दोनों के द्वारा	उन दोनों से
3	बाद में विश्वविद्यालय जाएगी।	बाद में विश्वविद्यालय जाएगा।
1	मारता है	हिंसा करना
1	दुनिया	दुनिया
6	परीक्षा के लिये कितने दिन शेष रह गए हैं ? )	परीक्षा के लिए कितने दिन शेष हैं ?
3	एक प्रश्न पूछता हूँ।	एक प्रश्न पूछता हूँ।
4	शाम को वह मुझे मिला	शाम को उसने मुझे बुलाया
6	कल वीर शहीदों के शव दिल्ली आए।	शव शहीदों के कल दिल्ली आ गए।
17	वह सोचने लगा कि अकेले मनुष्य मात्र रघुवंशी राम बलवीर्य और राक्षससम्पन्न मेरे भाई खर को सेना के साथ कैसे मार डाला ॥	हे राघव ! एकमात्र राम ने ही क्यों मेरा सबल खो दिया? मेरा बड़ा भाई भी अपनी शक्ति के कारण ही क्यों मारा?"
4	भिक्षुक के द्वारा रोटी खाया जाना चाहिए।	भिखारी को रोटी खाना चाहिये ।
6	इस योजना का तीसरा चरण भी आएगा।	इस योजना का तीसरा चरण भी आएगा।
12	आर्द्रभूमि क्षेत्र न केवल जैव विविधता का संरक्षण करते हैं अपितु असंख्य लोगों के आजीविका भी उनके स्रोत हैं।	आर्द्रभूमिएं न केवल जैवविधता का संरक्षण करती हैं अपितु असंख्य लोगों की आजीविका का स्रोत भी हैं।
11	कार्यक्रम जनवरी को दोपहर बजे से जनवरी को दिनभर बजे तक चला।	कार्यक्रम जनवरी को दोपहर बजे से जनवरी को दिन में बजे तक चला।
7	पाँचवीं इन्द्रिय चमड़ी है, जिससे मनुष्य स्पर्श जानता है ।	पाँचवीं इन्द्रिय त्वचा, जिससे मनुष्य स्पर्श को जानता है
9	ओह , आप रात में संस्कृत में ही सपना देखते हैं	ओह , आप रात को संस्कृत में ही सपना देखते हैं
8	दसवें ( अन्तिम) पृष्ठ पर वह दुर्घटना के चित्र देखता है।	दसवें पृष्ठ पर वह दुर्घटना के चित्र देखता है।
1	तराजू	संतुलन
3	चाचा चाची नहीं हैं ।	चाचाजी नहीं हैं।
12	चीन:, जप्पनम, दक्षिण कोरिया, हांगकांग:, आज से थाईलैंड के आगंतुकों के लिए भी यही व्यवस्था है।	चीन, जापान, दक्षिण कोरिया, हांगकांग, थाईलैंड जैसे देशों से आने वालों के लिए आज से यह व्यवस्था शुरू होगी।
8	उन्होंने कहा कि यह मुद्दा केंद्र सरकार के नियंत्रण में है।	उन्होंने कहा कि यह विषय केंद्र सरकार के अधिकार क्षेत्र में है।
2	मिट्टी की गाड़ी से।	मिट्टी गाड़ी से
9	पिप्पली, मोठ, यवक्षार, कालीजीरी, धनिया, जीरा इन सबको समान भाग लेकर चूर्ण कर लेना चाहिये । इस चूर्ण को फाणित ( रात्र) और घी में मिला कर अनार के रस से खट्टा करके रोगी को देना चाहिये । [ जल्पकल्पतरु मे पिप्पल्यादि के कल्क से घृत सिद्ध करके देना चाहिये ऐसा माना है ] ॥	पिप्पली के नमक से, शराब आदि से, शहद से, अनार से, अजवायन से, दही के रस से तथा काजी से खट्टा करके, फाण से मिलाकर खट्टा कर थोड़ा खट्टा बना लो ॥
4	आज धोबी नहीं आया।	आज धोबी नहीं आया।
3	लड़के रोते हैं ।	बच्चे रोते हैं ।
9	इस संबंध में मुख्यमंत्री प्रबोध सक्सेना ने रविवार को छुट्टी के दिन आदेश भी जारी किए।	इस संबंध में मुख्यमंत्री प्रबोध सक्सेना ने छुट्टी पर भी आदेश जारी किये।
7	उसका श्लोकगान सुनकर दूसरा सज्जन भी गाता है।	उसका श्लोकगान सुनकर दूसरा सज्जन भी गाता है।
7	व्याधिके ग्रहणसे वायु, पित्त कफ, रक्त, सन्निपात इनमेंसे एक या अधिककी विषमतासे उत्पन्न होनेवाली संपूर्ण (चारोंप्रकारकी ) व्याधि समझीजातीहैं ॥	व्याधिग्रहणसे, वायु, पित्त, कफ, शोणितसन्निपात और वैषम्य इन सभी व्याधियोंका वर्णन किया गया है ॥
5	क्या आप कसरत करते हैं?	क्या आप व्यायाम करते हैं ?
6	सुहासिनी -ऐसा किसने कहा ?	सुहासिनी - ऐसा किसने कहा ?
3	असम के लोग मृदङ्ग बजाते हैं।	असम के लोग मृदङ्ग बजाते हैं।
3	संदीप गौशाला जाता है।	संदीप गौशाला जाता है।
10	अभिमानी और उन्मत्त जिस वाणी को बोलता है वह राक्षसी वाणी है।	जिसको मद्य पीनेवाला उद्विग्न हो जाता है, वही राक्षसी बोलती है।
8	मित्र ! अब मुझे भूख बहुत ही दुःख देती है।	हे मित्र ! इस समय मुझे भूख बहुत पीड़ित कर रही है।
5	जल्दी से वो पलँग के नीचे चली गई।	जल्दी ही वह पलंग के नीचे गई।
7	कर्ल-संस्कृत अध्यापक-महासंघ ने आज श्रावणिका नामक संस्कृत दिवस उत्सव का आयोजन किया।	संस्कृत शिक्षक-संस्कृत दिवस महोत्सव आयोजित होने के बाद संघ का श्रावणिक नाम आज संपन्न हुआ।
10	इस दिन दर्शकों के बीच बैठे युवकों ने सदन में उछल कर धुआँ निकला।	इस दिन दर्शकों के बीच बैठे युवकों ने सदन में कूदकर धुआँ छोड़ दिया।
3	प्रयास करता हूँ ।	कोशिश करूंगी ।
9	केंद्रीय मंत्री द्वारा प्रभावित लोगों को कल्याण और सुरक्षा के लिए प्रार्थना की गई है।	केंद्रीय मंत्री ने प्रभावित लोगों के कल्याण और सुरक्षा के लिए प्रार्थना की।
3	चौथे दिन समापन समारोह आयोजित किया जाएगा।	समापन समारोह 4 तारीख को होगा.
5	वहाँ सोने का महल था।	जो वहाँ सोने से बनी हुई प्रसाद है
6	अब असम सैनिकों का प्रयाणगीत बदलूराम के नाम पर है।	अब असम सैनिकों का प्रयाणगीत बदलूराम के नाम पर है।
4	कोकाकोला मत पीजिये।	कोयल मत पीओ ।
5	दोष हो जाए तो भी चिन्ता न करें	त्रुटि होती है तो चिंता न करें
16	मंत्रालय ने एक आधिकारिक विज्ञापन में कहा कि ये वेब फ़ाइलों से आयोजित अवैध निवेश हैं-संबद्ध-आपदाग्रस्त-वे मामले आगे बढ़ रहे हैं.	मंत्रालय ने एक आधिकारिक विज्ञप्ति में कहा कि ये वेब फलकों द्वारा आयोजित अवैध निवेश-संबद्ध-अधिक-विषयों को बढ़ावा देते हैं।
9	विधानसभा का पांच दिवसीय शिशिरात्र मंगलवार से शुरू हुआ, जो दिसंबर तक होगा.	विधानसभा का पांच दिवसीय शिशिर सत्र मंगलवार को शुरू हुआ, जो दिसंबर तक होगा।
4	बड़ा बेटा हाँगकाँग रहता है।	बड़ा बेटा हाँगकाँग में रहता है
8	उनके पिता अनन्त शास्त्री डोंगरे और माता लक्ष्मीबाई थीं।	उनके पिता अनंतशास्त्री डोंगर और माता लक्ष्मीबाई थे।
4	वह बच्चा अद्भुत था।	वह बच्चा अद्भुत था।
3	सभी समाचारपत्र पढ़ रहे हैं।	सभी समाचारपत्र पढ़ रहे हैं।
17	राज्यपाल सीवी आनंद बोस कल शाम दिल्ली के लिए रवाना हो गये. उम्मीद है कि वह गृह मंत्री अमित शाह से मुलाकात करेंगे और उन्हें राज्य की स्थिति के बारे में जानकारी देंगे।	कल शाम राज्यपाल सीवी आनन्द बोस दिल्ली पहुंचे। उन्होंने कहा कि वह अमित शाह को जाकर राज्य की स्थिति को बताएंगे।
18	नीति-आयोग के मुख्य अधिकारी बी.एसकार्याधिकारी बीवीएसआर.एससुब्रमण्यन ने नई दिल्ली में कहा कि इस कार्यक्रम में लगभग सात सौ विश्वविद्यालयों के कुलपति और संस्थानों के प्रमुख उपस्थित होंगे।	नीति-आयोग के मुख्य-कार्य अधिकारी बी.वी.आर. सुब्रमण्य ने नई दिल्ली में कहा कि इस कार्यक्रम में लगभग सात सौ विश्वविद्यालयों के कुलपति और संस्थानों के प्रमुख उपस्थित होंगे।
1	सिर	मस्तक
3	सबका मुँह देखता है ।	सबका मुँह देखता है।
13	देवगण! उसके बाद सूर्यदेव घरपर आये और ब्राह्मणश्रेष्ठ वसिष्ठको राजा संवरणके लिये (अपनी ) तपती नामकी उस कन्याको समर्पित कर दिया। फिर सूर्यपुत्रीको साथ लेकर वसिष्ठ अपने पवित्र आश्रममें आ गये। वह कन्या उस राजपुत्रका स्मरण कर और हाथ जोड़कर ऋषि वसिष्ठसे बोली - ॥	तदनन्तर उस तपती पुत्री ने वसिष्ठजी से निवेदन किया कि हे राजन् ! सूर्य के अर्थ में संसार का आवरण करने के देवता लोग
1	खेद है कि नष्ट हो गई।	बर्फ के नीचे
1	आध्यात्मिक	आध्यात्मिक
4	बहू ने एक जगह कार पार्क की	बहू ने एक जगह कार रख दी।
1	तीता	तीखा
13	द्रौपदी डर गई और गई - मैं तो दासी हूँ यह तुम्हारे योग्य नहीं है।	द्रौपदी ने डरते हुए दूर जाकर कहा - मैं तो दासी हूँ मैं तुम्हारे योग्य नहीं हूँ।
3	आपका मोबाइल नंबर बोलिये।	अपना मोबाइल नंबर बोलिये।
3	वह मालपुआ तलती है ।	वह मालपुआ तलती है
12	आपके दासों के जो दास हैं उनके भी उत्तरोत्तर जो सैकड़ों दासानुदास हैं में तो उनकी भी दासी होने की अधिकारिणी नही हूँ। अतः आपकी प्रत्यक्ष दासी होने का मुझे अधिकार ही कहाँ है ॥	आपके दास अथवा अपने सौ सेवकों में दासी होने का कोई अधिकार नहीं, तो साक्षात् आप ही कहाँ हैं ? ॥
1	निश्चय करके ।	निश्चय करके
1	संचय करने में	संचय में
1	ढांपना	छिपाना
5	एक का नाम राजगुरु था	एक का नाम राजगुरु था
3	लोग यहां वैसा	लोग यहाँ वैसे ही हैं
6	रास्ते की संचय-दल में चवालीसत्तर और वायु के योद्धार भागों को जीत लिया जाता है।	पथ-सञ्चलन-दल में चवालीसत्तर वायुबल के योद्धा भाग लेंगे।
4	मनु जी ने सभी को धर्म का उपदेश किया।	मनु ने सब धर्मों को पढ़ाया ।
6	सूत्रसञ्चालन त्रिम्बक केदार, श्रीराज शेलार ने किया।	सूत्रसञ्चालन त्रिम्बक केदार और श्रीराज शेलार ने किया।
1	रहूँगा।	रहूँगा
6	जो प्रशिक्षण देती हैं वे प्रशिक्षिकायें।	जो प्रशिक्षण देते हैं वे प्रशिक्षक ।
10	उसी समय सुभाषचंद्र बोस ने आजाद हिंद फौज नाम के एक सैन्य दल की रचना की।	उसी समय सुभाषचन्द्र बोस ने "आजाद हिंद फौज" नाम का एक सैन्यदल रचा।
3	आठवें वर्ष पर्यन्त की थी।	आठवें वर्ष तक किया।
7	क्या करें ? क्या कर सकते हैं ?	क्या करें ? क्या कर सकते हैं ?
23	जब मैं अल्पज्ञान वाला था। तब मैं हाथी के समान मदमस्त था। तब मैं सर्वज्ञ हूँ, मेरे मन में गर्व उत्पन्न हुआ। जब पण्डितों के पास से कुछ-कुछ ज्ञान प्राप्त किया, तब मैं मूर्ख हूँ ऐसा ज्वर के समान मेरा दर्प चला गया।	जब मैं कुछ भी नहीं जानता था, तब मेरा मन मदिरा के समान अंधा हो गया, मैं तो सब कुछ जानता हूँ और घबराया हुआ था। जब कुछ भी ज्ञानियों के पास आया, तब मैं ज्वर के समान मूर्ख हो गया और मेरा मन मद से व्याकुल हो गया ॥
8	मन्दिर-प्रशासन ने कहा कि यह प्रकरण गुरुवार की रात को हुआ था।	मंदिर प्रशासन ने कहा कि यह घटना गुरुवार की रात हुई।
14	अरहंत भगवान द्वारा अर्थ रुप से कहे गये और गणधरदेव द्वारा ग्रंथरुप से ग्रन्थित किये गये, श्रुतज्ञान रुप महासागर को भक्ति पूर्वक मैं सिर झुकाकर प्रणाम करता हूँ ॥	हे गणहृदय ! जो आप कहते हैं, वह सर्वथा अपवित्र है, ऐसा आप सुनें, मैं हाथ जोड़कर देवतागण से कहता हूँ कि हे गन्तीपुत्र! आप सुदन से भगवान् भक्ति धारण कीजिये, यह सुनकर सीताजी अति प्रसन्न हो गयीं ॥
7	विविध विद्यालयों के छात्र भी वहाँ बैठे थे।	विविध विद्यालयों के छात्र भी वहाँ बैठे थे।
10	इस पृथ्वी पर तीन ही रत्न हैं-जल, अन्न और हितकारी वचन, परंतु मूर्ख लोग पत्थर के टुकड़े को रत्न कहते हैं।	पृथ्वी पर तीन रत्न हैं- जल मंत्र अच्छा कहा गया- पर मूर्ख पत्थर के टुकड़ों को रत्न की संज्ञा देते हैं।
17	मुख्यमंत्री ने कहा कि किसी का अपराध नहीं होगा, परन्तु जो अवैध खोदते हैं उनके विरुद्ध नियमों और पद्धतियों के विरुद्ध कार्यविधी होगा।	मुख्यमंत्री ने कहा कि कोई अपराध नहीं होगा, लेकिन जो अवैधखन करते हैं उनके खिलाफ नियम-विधानों के खिलाफ कार्यविधि होगी।
4	शायद कोई रुक जाए।	शायद कोई रुक जाए।
5	केरल में कई जगहों पर बहुत गर्मी लगती है.	केरल के कई हिस्सों में बहुत गर्मी हो रही है.
5	ज्ञानी हर संघर्ष में प्रसन्न रहते हैं।	ब्राह्मण हर पल अनुमति देते हैं।
15	तब गुरुजी के आध्यात्मिक मार्गदर्शन की अपेक्षा करते हुए उन्होंने गुरुजी के पास से अपने विचारों का मार्ग अपनाया और कुछ प्रश्नों के उत्तर प्राप्त किये।	तब गुरुजी के आध्यात्मिक मार्गदर्शन की अपेक्षा उन्होंने महर्षि जी के पास से आत्मविचार मार्ग पर आधारित कुछ प्रश्नों के उत्तर प्राप्त किये।
8	गोलीकाण्ड में सम्मिलित हुए आतताओं को रोकने के लिए अतिरिक्त सैनिकों को नियुक्त किया गया।	गोलीबारी में फंसे आततायियों को पुष्ट करने के लिए अतिरिक्त सैनिकों को नियुक्त किया गया।
3	वह नहीं मानता है।	वह नहीं मानता है।
4	हिमाचल में भाजपा का विकास-संकल्पिक यात्रा शुरू हो गई।	हिमाचल में भाजपा की विकसित संकल्प यात्रा शुरू हो गई है।
10	हालांकि तिथि निर्धारित नहीं है फिर भी फरवरी-माह की तारीख से आगे बढ़ाया गया है.	जबकि तिथि निर्धारित नहीं है फिर भी फरवरी-माह की तारीख से अधिक विस्तारित है।
10	इनमें ‘दीपावली’ प्रधान उत्सव कार्तिक महीने में कृष्ण पक्ष में अमावस्या की तिथि को होता है।	इनमें से दीपावली मुख्य उत्सव कार्तिका महीने के कृष्णपक्ष में मनाया जाता है।
6	भार्गवी – आधा घण्टे बाद घर पहुँचेंगे।	भार्गवी  आधा घंटे बाद घर पहुँचेंगे।
7	फिर द्विभाषीता, त्रिभाषा बोलने के विषय में कुछ छोटे-बड़े-कोषों का निर्माण किया गया।	बाद में द्विभाषीता, त्रिभाषीवाद के विषय में कुछ छोटे-बड़े-कोश बने।
10	यदि वे दोनों प्रश्न पूछते तो दोनों शिक्षक उत्तर अवश्य देतें ।	यदि वे दोनों प्रश्न पूछते तो दोनों शिक्षक उत्तर अवश्य देतें ।
9	इस फ़िल्म के अलावा सन्नी जैसी आज भी कुछ फ़िल्में हैं।	इस फिल्म के अलावा सुनी के आज भी कुछ फ़िल्में हैं।
7	हमारे देश से हम मसाले निर्यात करते थे।	हमारे देश से हम मसाले निर्यात करते थे।
9	इला -चिंता मत करिये भैया ! अब चित्र ले लीजिये।	इला - चिन्ता न करो भैया ! अब चित्र लीजिये।
4	भेद-भाव के विनाश के लिए हम सदा ही उद्यत हैं।	भेदभाव के विनाश के लिये हम सब तत्पर रहें।
4	वह बच्चा अंधेरे से डरता है	वह बच्चा अँधेरे से डरता है।
3	यज्ञ में आहुति देंगे ।	यज्ञ में आहुति दें
6	उसके पिता रत्नलाल धर्माणी सेवानिवृत्त शिक्षक हैं।	उनके पिता रत्नलाल धर्माणी सेवानिवृत्त शिक्षक हैं।
1	दो का समूह	जोड़ा
7	प्रधानमंत्री नरेंद्र मोदी ने राज्य के वाहनों को फैलाने की व्यवस्था की.	राज्य के राजा प्रधान मंत्री नरेंद्र मोदी ने सजीव प्रसारण की व्यवस्था की।
10	किससे कष्ट को तुम यहाँ आ रहे हो बताओ कैसे सेवा करूँगा।	तुम किस कष्ट से यहाँ आये हो? बोलो, कैसे सेवा करूँगा।
4	आपस के विवाद (लड़ाई-झगड़े) से सभी जीवों की हानि/नुकसान होती है।	प्राणियों को हानि होती है इसलिए परस्पर विवाद करना चाहिए।
3	वह अब वहाँ नहीं है।	वह अभी वहाँ नहीं है।
21	इस प्रकार लूटने का आस्वाद लग जाने पर उसने पुनः-पुनः बारह बार आकर भारत को लूटा। अपने उसी उत्साह के वशीभूत होकर उसने एक बार गुजरात देश के मुकुट के समान सोमनाथतीर्थ को भी धूल में मिला दिया। आज तो उस तीर्थ का नाम भी किसी के द्वारा स्मरण नहीं किया जाता किन्तु उस समय उसका अलौकिक वैभव था।	इस प्रकार वह ज्ञातास्वाद से बार बारह बार लौटे और भारत को लूट लिया। उसी सिलसिले में एक बार गुजरात में चूड़ा गया सोमनाथ तीर्थ भी धूलिचकार है। लेकिन आज उस तीर्थ का नाम किसी को भी याद नहीं है।
7	फिर श्रीराम ने तीन बाणों से उसकी ललाट को देखा।	और फिर श्रीराम ने बाणों से उसका ललाट देखा।
5	उसकी भी एक बेटी थी।	उसकी भी एक पुत्री थी ।
12	स्मृति ईरानी जद्दाह-स्थल में द्विपक्षीय-हजसन्ध्या में हस्ताक्षर करने के लिए चल रहेशिष्टमण्डल के नेतृत्व को जानते हैं।	स्मृति ईरानी जद्दाह स्थल पर द्विपक्षीय हज सन्धि पर हस्ताक्षर करने के लिए निकले हुए शिष्टमण्डल का नेतृत्व करती है।
1	स्वीकार किया	स्वीकार किया।
6	आज तक उसने अनेक छात्रों को पढ़ायी है।	आज तक उसने बहुत छात्रों को पढ़ाया है ।
9	और सियार से कहा- “दोस्त! हम दोनों इसी बर्तन में साथ भोजन करते हैं।”	और सियार बोला- मित्र! हम दोनों इस बरतन में साथ भोजन करते हैं
9	पिछले वर्ष सरकार ने पात में समय कम करने का निर्णय किया था।	पिछले वर्ष सरकार ने अटेंडेंट की अवधि कम करने का निर्णय लिया था।
14	जिस मने में रथचक्र की नाभि में अरों के समान ॠग्वेद सामवेद और यजुर्वेद प्रतिष्ठित है जिसमें प्रजा का सब पदार्थों से सम्बन्ध रखनेवाला सम्पूर्ण ज्ञान ओत-प्रोत है ऐसा मेरा मन शुभ संकल्पों से युक्त हो।	हे शिव ! जिस मन के द्वारा सब प्राणियों को मोतियों की प्राप्ति होती है उसी को तुम प्राप्त कर सकते हो, जिस मन की तुम कामना करते हो, उसी में तुम समाधि बना सकते हो और जिस मन में जुहूर्त हो, जिसमें प्रतिष्ठित रथों के वाहक (अभिभावक) हों।
7	प्रत्येक हिमाचल प्रदेश निर्वाचन आयोग में नियुक्तियां बाह्य आधार पर आयोजित की जाएंगी।	प्रत्येक हिमाचल प्रदेश परिवहन आयोग में नियुक्ति बाहरी आधार पर की जाएगी।
1	निराश होते हुए।	दुर्बल
4	राजा ब्राह्मण को धन देता है।	राजा ब्राह्मण को धन देता है
3	राजा जोर से हँसता है।	राजा जोर से हँसता है।
10	श्री राम ने हनुमान द्वारा प्रयुक्त वाक्य की प्रशंसा करते हुए लक्ष्मण को कहा की हनुमान ने जो जो वाक्य प्रयोग किया, वह वाक्य बहुत विस्तृत नहीं है, सन्देह रहित है, बहुत तेज उच्चारित भी नहीं है, और सुनने में कष्ट दायक भी नहीं है, मध्यम स्वर से प्रयुक्त है।	जो सुन चुका है, उसके कण्ठ में घोर शब्द है, और जो श्रवण नहीं किया है, वह मध्यमेसोदर में गूँगाभिषेक है ॥
4	मैं सब्जी खरीदा।	मैंने सब्जी खरीदी
7	अंजुमन इंतिज़ामिया मस्जिद-समिति ने कहा कि ज्ञान स्टीमर-मस्जिद-वक्फ-संपत्ति मौजूद है.	अंजुमन इंतजामिया मस्जिद-समिति ने कहा कि ज्ञानवापी-मस्जिद्-वक्त-वह फ-सम्पत्ति है।
5	हाँ , यहाँ सब कुशल है ।	हाँ यहाँ सब ठीक है ।
8	शीशिर-आनन्दोत्सव की आकर्षण स्थल महानाती नृत्य में वामदक्षिणा नाटक करने वाली महिलाओं के बीच स्पर्धा थी।	शिशिर-आनन्द महोत्सव के आकर्षण स्थान महान नृत्य में बाईं और दक्षिणी किनारे की महिलाओं के बीच स्पर्धा थी।
7	सोए हुए शेर के मुँह में हिरण खुद ही प्रवेश नहीं करते हैं।	सोये हुए शेर के मुँह में हरिण नहीं घुसते।
5	राज्यसभा का उपसभापति भी हुआ।	राज्यसभा के उपसभापति भी हुए।
6	भारत के पास में आठ नया रन आगे था.	भारत के पास नौ रनों की अग्रणी थी।
16	जिला प्रशासन द्वारा मंजूरी दी गई आर.आर. योजना में झिकली इच्छारी पंचायत से अधिकतम आठ सरकारी संस्थाएँ हवाई अड्डे के विस्तार के क्षेत्र में आएंगी।	जिला प्रशासन द्वारा जारी आर एंड आर योजना में झिकली इच्छि पंचायत से अधिकतम आठ सरकारी संस्थाएँ हवाई अड्डे के विस्तार के दायरे में आएंगी।
4	श्रद्धास्पद गुरुचरणों में सादर अनेक प्रणाम ।	श्रद्धास्पद गुरुचरणों में सादर प्रणाम
6	इस जिले में सौ से भी प्राथमिक स्वास्थ्य केंद्र हैं।	इस जिले में सौ से भी प्राथमिक स्वास्थ्यकेंद्र हैं।
5	दूसरी उंगली अनामिका है ।	दूसरी उंगली अनामिका है
4	आधी रात एक बजे जागूँगा।	आधी रात एक बजे जागूँगा।
10	चुनाव जब आते हैं तब मंदिर आगे आता है, उन्होंने कहा था।	उन्होंने कहा था कि चुनाव जब आते हैं तब मंदिर आगे आता है।
6	मौसम विभाग ने राज्य में दिसंबर तक स्पष्ट मौसम की पूर्वानुमान दी।	मौसम विभाग ने राज्य में दिसंबर तक स्पष्ट मौसम का पूर्वानुमान किया है।
8	इस फिल्म की नायिका बहुत जल्दी ही फाइनल में तय हो जाती है।	इस चलचित्र की नायिका बहुत जल्दी ही अंतिम रूप से तय करने जाती है।
6	उद्यमी लड़की हमेशा उत्तम पुष्पमाला बनाती है।	उद्यमी लड़की हमेशा उत्तम फूलों की माला बनाती है
8	! हे राम फेंकने पर वह सिर वहाँ से एक योजन दूर मुनियों के आश्रममण्डल में मतङ्ग ऋषि के आश्रम के पास आकर गिरा ॥	श्रीरामचन्द्र जी माता के आश्रम के समीप गिर पड़े। यह उनकी योजना से अवगत हो गया था। वह मुनिरा आश्रम में थे ॥
10	ई.सन् 1306 से 1315 तक मलिक काफूर ने दक्षिण भारत में बहुत विनाश किया।	ई. सन 1306 से 1315 तक मलिक-काफूर ने दक्षिण भारत में बहुत विनाश किया।
16	हे नचिकेता! यह तुम्हें बतलायी गई स्वर्ग प्रदान करने वाली अग्नि विद्या है, जिसको तुमने द्वितीय वर के रूप में प्राप्त किया। लोग इस अग्नि विद्या को तुम्हारे ही नाम से कहा करेंगे। हे नचिकेता! ( अब तुम) तीसरा वरदान वरण करो।	यह अग्नि निश्चित ही स्वर्ग है और दूसरी वायु निश्चित ही यम निश्चित ही लोक को प्राप्त होगी। इस अग्नि को लोग तुम्हारी दृष्टि से उसी प्रकार देखेंगे जिस प्रकार दूसरी स्तरीय नचिकेता को तुम प्राप्त करोगे ॥
3	मैं पानीपत जा रहा हूँ ।	मैं पानीपत जा रही हूँ ।
9	इस यात्रा में मुख्यमंत्री के साथ सरकार के प्रमुख अधिकारी भी आएँगे।	इस भ्रमण में मुख्यमंत्री के साथ सरकार के प्रमुख अधिकारी भी उपस्थित होगे।
17	वहाँ से वरदा नगर के समान काटीवाले उस राक्षस ने सुकेश नामक राक्षस को, हे प्रभो! शिव की श्रिय को, पक्षी को और आगे पुरूष को प्राप्त किया, जिस प्रकार वह सब जगह घूमता था।	तब वरदान से घमण्डी राक्षस सुकेश प्रभु शिव की शोभा पाकर पक्षियों के आगे जैसे सब जगह घूमता था
6	उनके पिता का नाम एस नारायणस्वामी था।	उनके पिता का नाम एस नारायणस्वामी था।
4	उसके पीछे कोई भी नहीं है।	उसके पीछे कोई भी नहीं है।
4	इस खेत में क्या बोते हैं।	इस में क्या बो रहे हो !
6	गलती से हुआ, जान करके तो ऐसा नहीं किया	प्रमाद से संवृत्त, परन्तु बुद्धि से नहीं।
9	हे अनिन्दिते । पूर्वकाल में आप दशरथ जी सहित मेरी तपस्या कर मुझे पुत्र रूप में प्राप्त करने की इच्छा की थी। अतः इस समय प्रकट होकर मैंने आपके उस वरदान को पूर्ण किया है ॥	पूर्व समय में आप ने मुझे दशरथ के रूप में तपस्या के आश्रय दिया था और अब मुझे पुत्र रूप में प्राप्त करने की इच्छा हुई है, इस प्रकार मैंने आपकी निन्दा की ॥
10	महारोग के प्रसार के समय सेवा में लगी हुई वह स्वयं असाध्य रोग से ग्रस्त होकर सन् 1897 में मृत्यु को प्राप्त हो गई।	महान् रोग के प्रसार के समय से व्यतीत होने वाली उनकी मृत्यु स्वयं में असाध्य रोग से हुई सन् १८९७ ई० में।
15	मोतिहारी जिले के पकाडीपुलिस स्टेशन के तहत एक सरकारी स्कूल के शिक्षक ने आसपास के सात वर्ष की बच्ची को अपने घर ले जा और उसे बलात्कार किया।	मोतिहारी जिले के पचकाडी पुलिस क्षेत्र के अंतर्गत एक गाँव में एक सरकारी स्कूल के शिक्षक ने चारों ओर की सात साल की लड़की को अपने घर ले जाकर बलात्कार कर दिया।
12	भारत ने गुजरात के राजकोट स्टेडियम में यह प्रतियोगिता भारत द्वारा चार तारीख को आयोजित की गई थी।	यह प्रतियोगिता भारत ने गुजरात के राजकोट स्टेडियम में चारवें दिन समाप्त की।
6	स्वचालित परीक्षा केंद्र की स्थापना के लिए भी आवेदन आमंत्रित किए गए हैं।	स्वचालित परीक्षा केंद्र की स्थापना के लिए भी आवेदन आमंत्रित किए गए हैं।
9	हिमाचल प्रदेश के डॉकियों ने बुधवार से प्रतिदिन ढाई घंटे तक 2,600 बजे तक आन्दोलन आरम्भ किया।	हिमाचल प्रदेश में सोमवार से साढ़े दो घंटे तक प्रतिदिन 2,600 चिकित्सकों ने आन्दोलन आरम्भ किया।
7	जो मेरे दोषों को दूर करते हैं वे मेरे गुरु हैं	जो मेरे दोष दूर करते हैं वे मेरे गुरु हैं
1	सफेद	धवल
4	आप कृपया यहाँ बैठे	आप यहाँ बैठिये ।
6	सशंकित अवस्था में यहाँ घूम रहे हो।	रक्षक  खतरे की स्थिति में यहाँ घूमता है।
16	यह पता है कि जब डीएमडी में नेता विजयकांत सिनेमा-उद्योग में ध्वजवाहक के रूप में थे तब उन्होंने रॉयल पैलेस को भी सौंपा।	यह बात सच है कि जब डीएमडीके नेता विजयकांत सिनेमा में ध्वजवाहक के रूप में थे तब ही उन्होंने राजनीति में भी पदार्पण किया।
8	यह ऊर्जा सम्मेलन भारत के एक ही तरह का सब जगह है-ऊर्जा प्रदर्शनी एक महान सम्मेलन है।	यह ऊर्जा सम्मेलन भारत का एकमात्र तादृश्य सभी जगह-ऊर्जा प्रदर्शनी महा सम्मेलन है।
26	नई दिल्ली में भारतीय जनता पार्टी के पंद्रहवें दीक्षांत समारोह को संबोधित करते हुए कोविन ने कहा कि मिथ्या भ्रम समाचारों का समाज में प्रतिकूल प्रभाव है, इसमें विश्वास करना चाहिए-सूचित करना पत्रकारों का प्रमुख कर्त्तव्य है.	नई दिल्ली में भारतीय जनसंचार एजेंसी (आईए) के पचासवें दीक्षांत समारोह को संबोधित करते हुए कोविन्द ने कहा कि मिथ्या भ्रम समाचारों का समाज में प्रतिकूल प्रभाव होता है, वहीं विश्वसनीय है- सूचना देने के लिए पत्रकारों की प्रमुख जिम्मेदारी है।
10	हिमाचल उच्च न्यायालय के आदेश के बाद राज्य सरकार ने डीजीपी संजय कुंडू को पद से हटा दिया है।	हिमाचल उच्च न्यायालय के आदेश के बाद राज्य सरकार ने डीजीपी संजयकुंड को पद से हटा दिया है।
5	मेनू देखकर लोग व्यजन चुनते हैं।	फीडिंग देखकर लोग पँखा चिह्न करते हैं।
4	आज नहीं करूंगा अजीता है।	यह नहीं जीता है।
4	मोर साँप को मार कर खाता है।	मोर साँप को मार कर खाता है।
1	तुम दोनों को	तुम दोनों
6	उसकी बहन का नाम सुप्रथा है ।	उसकी बहन का नाम सुप्रथा है
1	हम सभी का	हमारा
4	मेरे द्वारा पुस्तक पढ़ी जानी चाहिये ।	मेरे द्वारा पुस्तक पढ़ा जाना चाहिये ।
5	तुम किसे देख कर हँस रहे हो ?	तुम किसको देखकर हँसते हो ?
6	अहिंसक आंदोलन तो लोगों को मार रहा था।	अहिंसक आन्दोलन तो लोगों को मार रहा था।
11	जिस प्रकार नेत्र रहते हुए भी लोग सांयकाल में चोर आदि का चिन्ह भलीभाँति नहीं देख पाते, दीपक होने पर ही उस समय वह दिखाई देता है, उसी प्रकार मेरी भक्ति से युक्त पुरुषों को ही आत्मा का सम्यक् साक्षात्कार होता है। अब मै अपनी भक्ति के कुछ वास्तविक उपाय बतलाता हूँ, सुनो ॥	जिस प्रकार नेत्रों में अंधेरा भी दिखाई देता है, उसी प्रकार रात्रि में पद्म दीप भी दिखाई पड़ता है उसी प्रकार मनुष्य परदादि दीप्त होने पर भी ठीक उसी प्रकार देखता है
3	विविध व्यंजन मिलते हैं।	विविध व्यञ्जन उपलब्ध हैं।
4	वर के पैरों में हल्दी लगाती हैं।	वर के चरणों में हल्दी लगाती हैं।
12	इसके बाद, उन्होंने अग्रिम सत्र के अखिल भारतीय संगठन मंत्री श्रीमान् जयप्रकाश को जिम्मेदारी का ज्ञान दिया और कार्यकुशल लोगों को बताया।	इसके बाद, अग्रिम सत्र में अखिल भारतीय सहवास मंत्री श्रीमान जयप्रकाश ने कार्यकर्त्ताओं को बताया कि जिम्मेदारी का ज्ञान है।
7	यह वन्य जीव वैज्ञानिक डू का विषय हैयीशु का भी मतलब है.	यह विषय वन्यजीव वैज्ञानिक डॉ. ईसा भी उठाता है।
11	निनीताल जिले के प्रत्येक जिले के बीच में एक दिन को इंटरनेट द्वारा महाकवि कालिदास के ग्रंथों पर आधारित एक समस्या का समाधान करने में।	प्रत्येक जिले के क्रमशः नैनीताल जिले में भी दोपहर को इंटरनेट के माध्यम से महाकवि कालिदास के ग्रन्थों में आधुनिक समस्याओं के समाधान के विषय में,
11	कुछ काल के बाद वह लीलावती जवानी के मद से अपने कुल की मर्यादा का उलंघन कर एक बनिये के लड़के से फँस गई।	इसके बाद वह लीलावती जवानी के समान शील वाली किसी बनिये के पुत्र पर अनुराग करने लगी। क्योंकि
7	रावी नदी का पानी बरसात में मैला हो जाता है ।	रावी नदी का जल वर्षाकाल में मैला हो जाता है
6	यह नेहरू पर्वतारोहण संस्थान के विश्लेषक थे जो बर्फ में फिसल गए।	यह पर्वतारोहण संस्थान की विश्लेषक समिति थी जो बर्फ में फिसल गई थी।
13	कोटि कोटि लोगों ने अपने घरों और मंदिरों में प्राणों कीप्रतिष्ठा समारोह का जीवप्रसार देखा है।	करोड़ों लोगों ने अपने घरों और मंदिरों में प्राणों की समृद्धि समारोह का प्रसारण देखा।
25	जो समीप आयी हुई मृत्युसे नहीं छुड़ाता [अर्थात् बोधदानके द्वारा अमरपदकी प्राप्ति नहीं कराता] वह न गुरु है, न स्वजन है, न पिता हैं, न माता है, न देव है और न पति है	गुरु नहीं होता, वह अपना भाई होता, वे पिता नहीं होते, वे अपनी माता नहीं होती, वे देव नहीं होते और वे अपना पति नहीं, वे मृत्यु के सभी आवरणों को नहीं छोड़ते
4	वह खतरनाक अपराधी है	वह खतरनाक अपराधी है
1	उत्पादन	का उत्पादन
1	भाग	अंग
9	बड़ों का अभिवादन करने वाले मनुष्य की और नित्य वृद्धों की सेवा करने वाले मनुष्य की आयु, विद्या, यश और बल ये हमेशा बढ़ती रहती है।	प्रणाम करने वाले तथा नित्य वृद्धों की सेवा करने वाले मनुष्य के लिए आयु, विद्या, यश और बल की चार बातें बढ़ती हैं |
8	हाँ , इसका छिलका बहुत कड़क है।	हाँ इसकी खाल बहुत कस है
6	मन्दिर के ऊपर सुन्दरता से हाथी उछले हुए हैं।	मंदिर के ऊपर सुन्दरता से हाथी उछाले हुए हैं।
5	मशीन आॅपरेट करते समय वह मास्क पहनता है	यंत्र चलाने के समय वह मास्क पहनता है
21	कांगड़ा जिले के नग्रोटा बागवानी क्षेत्र के विकाससरीन ने कहा कि वह गुरुग्राम के एसीकार्यालय में बैठकर काम कर रहे थे, उन्होंने कभी दूध की सभा बनाए दूध के निर्माण में सम्मिलित होने का भी नहीं सोचा।	कांगड़ा जिले के नग्रोटा बागवन क्षेत्र के विकाससरी ने कहा कि वह गुरुग्राम के एसी कार्यालय में बैठकर काम कर रहे थे, उन्होंने कभी सोचा नहीं कि दुग्धसभा बनकर दुग्ध उत्पादन में शामिल होंगे।
3	मैं जो भी पढ़ाता हूँ	मैं जो भी पढ़ाता हूँ
5	उसकी श्वांस भी तेज चल रही है।	उसकी श्वासप्रश्वास भी तेज चल रही है।
6	सुक्खु सरकार की प्रतिज्ञा के बारे में हिमाचल में बहुत भीड़ है।	सुक्खु सरकार की प्रतिज्ञा के बारे में हिमाचल में बहुत विवाद है।
10	और जल पान के पश्च्यात जल के किनारे वृक्ष की छाया में बैठ गये उसी समय उन्होंने महावलवान भयानक राक्षस को आते हुए देखा ॥	उन दोनों ने एक क्षण तक पानी पी लिया और एक क्षण के लिए छाया पकाई। तब तेज़ और भयानक एक महावत का अन्त हुआ ॥
10	पीताम्बर दत्त की इच्छा थी कि सभी विषयों का ज्ञान हिन्दी भाषा में पढ़ाया जाए।	पीताम्बर दत्त की इच्छा थी कि सभी विषयों का ज्ञान हिन्दी में पढ़ाया जाए।
1	विनाश	धनुष
7	फिर द्विभाषीता, त्रिभाषा बोलने के विषय में कुछ छोटे-बड़े-कोषों का निर्माण किया गया।	बाद में द्विभाषीता, त्रिभाषीवाद के विषय में कुछ छोटे-बड़े-कोश बने।
4	वह टोकरी खाली करती है।	वह टोकरी खाली करती है।
8	इस दिन देवी सरस्वती, कामदेव और विष्णु की पूजा होती है।	इस दिन देवी सरस्वती, कामदेव और विष्णु पूजे जाते हैं।
1	तालाब	सीमा
8	जो स्थिरबुद्धि,  संमोहरहित ब्रह्मवित् पुरुष ब्रह्म में स्थित है,  वह प्रिय वस्तु को प्राप्त होकर हर्षित नहीं होता और अप्रिय को पाकर उद्विग्न नहीं होता।।	प्रीति को प्राप्त करके न हर्षित होता है और न जीतकर अप्रिय को प्राप्त करता है; परन्तु स्थिर बुद्धि से समाहित ब्रह्म को जानने वाला ब्रह्म में स्थित रहता है।।
7	एरीट्रिटोल सफेद के स्थान पर उपयोग किया जाने वाला मुख्य कृत्रिम स्वीटनर है।	एरिट्रोल सीता के स्थान पर इस्तेमाल की जाने वाली सबसे बड़ी कृत्रिम मशीनों में से एक है।
10	श्री राम ने हनुमान द्वारा प्रयुक्त वाक्य की प्रशंसा करते हुए लक्ष्मण को कहा की हनुमान ने जो जो वाक्य प्रयोग किया, वह वाक्य बहुत विस्तृत नहीं है, सन्देह रहित है, बहुत तेज उच्चारित भी नहीं है, और सुनने में कष्ट दायक भी नहीं है, मध्यम स्वर से प्रयुक्त है।	जो सुन चुका है, उसके कण्ठ में व्याकुल वचन है, और जो श्रवण नहीं किया है, वह मध्यमेश्वर वाक्य है ॥
8	यह सब जानकर जयद्रथ डर से बहुत व्याकुल हुए।	यह सब जानकर जयद्रथ डर से बहुत व्याकुल हो गया।
11	इस वर्ष अप्रैल-में-माहों में लोकसभा चुनाव देखकर सभा वर्तमान सरकार की मंत्रियों की परिषद का अंतिम समागम हो सकता है।	इस वर्ष अप्रैल-माह में लोकसभा चुनाव देखकर सभा वर्तमान सरकार की कैबिनेट का अंतिम बैठक होने के योग्य है
5	तिलक के प्रभाव से देश में क्या हो गई?	तिलक के प्रभाव से देश में क्या हुआ?
7	हम सभी उनको वंदन करते हैं जिन्होंने अपने प्राणों की आहुति दी ।	हम सब उन वन्दना करें जिन्होंने अपने प्राणों को बुलाया है
11	राष्ट्रीय स्तर पर शिखर सम्मेलन के दो दिनों के बीच आयोजित महान महिला दिवस की तैयारी तेज हो गई है।	राष्ट्रीय स्तर पर शिशिर-करणीवाल के दो दिनों के बीच आयोजित महान नृत्य की तैयारी तेज हो गई है।
18	जहां एक विशालसभा की वीणा की प्रतिमा स्थापित है, जगह है "राम की पैड़ी" नामक स्थान के पास एक प्रमुख चौपथ है।	जहाँ एक विशाल सभा की वीणा की प्रतिमा रखी गई है, इस स्थान पर "राम की पैड़ी" नामक स्थान के पास एक प्रमुख चौपाई है।
1	इन दोनों के	इन दोनों का
16	हे शिव! वैदिक मत, सांख्य, योग, पाशुपत और वैष्णव इत्यादि परस्पर भिन्न मार्गों में 'यह बड़ा है, यह हितकारी है। इस प्रकार रुचि वैचित्र्यसे अनेक प्रकारके सीधे या रेढ़े पंचको अपनानेवाले मनुष्योंके लिये आप (ईश्वर) ही एकमात्र प्राप्तव्य स्थान हैं, जैसे जलमात्रके लिये समुद्र है	त्रिविध सङ्ख्या, योग, पशुपति, वैष्णव - यह प्रस्थान करते समय परमात्मा की पथ्य है। ऐसे रुचिकर, वैचित्र्यसदृश, घुँघराले नेत्रों के आचरण करने वाले तुममें एक गाय के समान प्रवेश करता हूँ।
6	तू उसको क्यों क्षमा नहीं करता ?	तुम उसे क्यों क्षमा नहीं करते हो ?
5	लकड़हारा लकड़ियां लाता है और उसे फाड़ता है।	बढ़ई लकड़ियों को लाता है और टुकड़े करता है।
6	अब प्रभास की फ़िल्म''सालार'' प्रदर्शित हुई।	अब प्रभास की फ़िल्म''सालार'' प्रदर्शित हुई।
3	कौन पढ़ाता  है ?	कौन पढ़ा रहा है ?
19	राष्ट्रीय मतदाता दिवस के अवसर पर राज्य चुनाव आयोग ने राज्य में विभिन्न क्षेत्रों में नए मतदाताओं की जागरूकता पैदा की है। चुनाव- आयोग ने पूरे राज्य में अभियान चलाने के लिए अधिकारियों को सावधानी का निर्देश दिया है।	राष्ट्रीय मतदाता दिवस के अवसर पर राज्य चुनाव आयोग राज्य के विभिन्न हिस्सों में नौ मतदाताओं को जागरूक करेगा चुनाव आयोग ने अधिकारियों को राज्य भर में अभियान चलाने के निर्देश जारी किए हैं. वे सतर्क रहें।
7	यहाँ पुस्तक लेने क्या सदस्य आते हैं ?	यहाँ पुस्तकें लेने के लिये क्या सदस्य आते हैं ?
6	जिसके अध्यक्षता उद्योग मंत्री हर्षवर्धन चौहान जी ने की।	जिसकी अध्यक्षता उद्योग मंत्री हर्षवर्धन चौहान ने की।
3	कच्चे आम का मीठा अचार।	कच्चे आम का मीठा अचार
8	भोगविशेष की कामना से जिनका ज्ञान हर लिया गया है, ऐसे पुरुष अपने स्वभाव से प्रेरित हुए अन्य देवताओं को विशिष्ट नियम का पालन करते हुए भजते हैं।।	कामनाओं से ही मनुष्य हृदय में स्थित अन्यदेवता उत्पन्न होते हैं, उन्हें नियम मानकर (अपने) स्वभाव से ही स्थापित किया जाता है।
7	उन्होंने इस परंपरा को अपने जीवन में आगे किया है।	उन्होंने इस परंपरा को अपने जीवन में भी आगे किया।
10	समापन में आदि भारतं भारतं भवतु भारतम्  ये गीत गाएगा ।	समापन में आदि भारतं भारतं भवतु भारतम् गीत गाएगा।
6	अब गाय माता का दूध पी रहे हो।	अभी तुम गाय का दूध पी रहे हो
9	पापी अधर्मियोंकी शीघ्र ही बुरी गति होती है, ऐसा समझकर पुरुषको चाहिये कि धर्मसे दुःख पाता हुआ भी अधर्ममें मन न लगावे	दुष्टजनोंके पापोंका नाश तो वह प्रत्यक्ष ही देख सकता है
6	वसन्त समय आने पर कौआ-कौआ होता हैं और कोयल-कोयल होती है।	वसंतकाल आने पर कौवा कौवा है और कोयल कोयल है
8	उन्होंने कहा कि अयोध्या में भव्य राम मंदिर बन गया है।	उन्होंने कहा कि अयोध्या में भव्य राम मंदिर बन गया है।
7	शास्त्र वेदान्त आदि विषयों में उसने बहुत जाना था ।	शास्त्र वेदान्त आदि विषयों में उन्होंने बहुत कुछ जाना था
4	सुबह उठकर पढ़ने बैठ जाओ।	सुबह उठकर पढ़ने बैठो।
9	इस संबंध में मुख्यमंत्री प्रबोध सक्सेना ने अधिसूचना जारी की है.	इस संबंध में मुख्यमंत्री प्रबोध सक्सेना ने अधिसूचना जारी की है
6	दशरथनन्दन ! मैं आपको अयोध्या पहुँचाऊँगा।	दशरथनन्दन ! मैं आपको अयोध्या पहुँचा दूँगा।
5	पानी बाहर नहीं जा रहा था।	पानी बाहर नहीं जा रहा था।
7	फिर भी यहाँ का अथशब्द प्रारम्भार्थ है यह भाष्यकार बोलता है।	फिर भी भाष्यकार कहता है कि यहाँत्य अथशब्द का आरम्भ अर्थ है।
8	इस व्याकरण के वैज्ञानिक रूप में ही इसकी त्वरित प्रसार का कारण है।	इस व्याकरण के वैज्ञानिक होने और उसके शीघ्र प्रचार-प्रसार का कारण ही यह व्याकरण है।
14	आज तुम भक्तिपूर्वक पूछ रही हो, तो मैं श्री रघुकूलशिरोमणि को नमस्कार कर तुम्हारे प्रश्नों का उत्तर देता हूँ। श्रीरामचन्द्रजी प्रकृति से परे, परमात्मा, अनादि, आनन्दस्वरूप अद्वितीय और पुरुषोत्तम हैं। ॥	हे रघुश्रेष्ठ ! आज में आपकी भक्ति से आपका अभिनन्दन करूँगा और आपका नमस्कार करूँगा। हे परन्तप राम ! हे नदिरानन्द एक पुरुषोत्तम आप ही हैं ॥
8	इच्छानुसार घड़ों को ले जाओ। दूध को बेचकर ही बड़ों की कीमत दे देना।	इच्छानुसार घड़े लाओ। दूध बेचकर ही घड़े का मूल्य दे दो।
7	यही कही होगा खोजो ।	यहीं कहीं हो सकता है पता लगाते हैं।
4	फिर रक्षाकिये हुए आतुरको स्थानमें लेजावे और यथोक्त आचार ( आहार विहारआदि) का उपदेश करता रहे ॥	तदनन्तर वह कृतरक्षात्मगारमें प्रवेश करनेके लिये चिन्तयात्मक बुद्धिमान् हो गया ॥
10	इस समारोह में देश-विदेश की योग को समर्पित महिलाओं का प्रचुर संख्या में समागम होगा।	इस समारोह में भारत और विदेश से योग में समर्पित महिलाओं की बड़ी संख्या में समागम होगा।
4	वैज्ञानिक पुनः प्रयास करेंगे।	वैज्ञानिक पुनः प्रयास करेंगे।
6	आपके बिना काम नही होगा।	आपके बिना काम नहीं होगा।
3	प्रातःकाल व्यायाम किया	सुबह व्यायाम किया
4	विद्यालय में लड़के और लड़कियाँ है।	विद्यालय में लड़के और बच्चियाँ हैं।
4	गुरु ने शिष्य से दरवाजा खुलवाया।	गुरुजी ने शिष्य से दरवाजा खोला।
5	हीरजीभाई ने बाबासाहेब अम्बेडकर का जीवनदर्शन समझाया।	हीरजीभाई बाबासाहेब ने अम्बेडकर जी के जीवनदर्शन को बताया।
3	आप जल्दी से आईये।	आप जल्दी आईयेगा
6	छात्र – तो क्या हो गया ?	छात्र  तो क्या हुआ ?
7	जो पुरुष मदाश्रित होकर सदैव समस्त कर्मों को करता है, वह मेरे प्रसाद (अनुग्रह) से शाश्वत, अव्यय पद को प्राप्त कर लेता है।।	जो पुरुष सब कर्मों में भी मेरी ही शरण लेता है, वह मुझे ही से (सदा) परमपद को प्राप्त करता है।।
9	हिमाचल प्रदेश और उत्तराखंड में बारिश बढ़ने से यमुना नदी का जलस्तर बढ़ गया।	हिमाचल प्रदेश और उत्तर प्रदेश में बारिश बढ़ने के कारण यमुना नदी में बाढ़ आई।
9	बाज की छाल के चूर्ण से (जल्दी से) बाज की छाल को चूर्ण कर लेना चाहिये । इस चूर्ण को चूर्ण कर देना चाहिये । इस चूर्ण को चूर्ण कर देना चाहिये । इस चूर्ण को चूर्ण कर देना चाहिये । चूर्ण कर देना चाहिये ।	हनुमान की प्रशंसा करने वाले वानरश्रेष्ठ ने उसकी सभी दवाओं को बनाकर ले लिया।
7	सनकादि पार्षद गण उनकी स्तुति करते हुये इन्हें चारो तरफ से घेरे हुए खड़े थे और शंख, चक्र, गदा, पद्म तथा वनमाला के साथ श्री हरि सुशोभित हो रहे थे ॥	जिसकी स्तुति हो, सनकादि हो, पार्षद हो, शंख, चक्र, गदा, पद्म और वनमाला सुशोभित हो ॥
5	बीमार गाय का दूध मत निकालो।	रोगी गाय का दूध मत दुहिये ।
3	उसने छात्रों से पूछा।	उसने छात्रों से पूछा।
11	केंद्रीय मंत्री अनुराग पाठक ने कहा कि राज्य में कांग्रेस सरकार के सत्तारूढ़ होने के बाद महँगाई बढ़ गई है।	केंद्रीय मंत्री अनुराग ठाकुर ने कहा कि राज्य में कांग्रेस सरकार के सत्तारूढ़ होने के बाद महंगाई बढ़ गई है।
10	श्रीकण्ठ बोला—”मित्र! तुम्हारे वचनों को सुनकर मेरे मन में बहुत प्रसन्नता हुई।	श्रीकण्ठ बोलामित्र! तुम्हारे वचनों को सुनकर मेरे मन में बहुत प्रसन्नता हुई।
2	याचक का अपमान नहीं करना चाहिए।	धन के वश में न रहने वाला ।
6	रास्ते में उसकी शर्ट पर भी बाल आ जाते हैं।	रास्ते में उसकी शर्ट पर बाल आ जाते हैं।
5	आपकी तकिया नहीं जानते !!!	आपकी तकिया नहीं जानते !!!
12	तेजस्वी भी मार्च के ३ दिनाङ्क को पटनानगर के गान्धी मैदान में महान सभा को आयोजित करने के लिए जाता है।	तेजस्वी भी 3 मार्च को पटना के गांधी मैदान में बड़ी सभा का आयोजन करने जा रहा है।
3	बढ़िया चित्र आया	बढ़िया चित्र आया
7	बाद में, मुम्बयी विश्वविद्यालय के सार्वजनिक विधि महाविद्यालय से स्नातक के पदवी को प्राप्त किया।	बाद में, मुम्बई विश्वविद्यालय के सर्वकरीय विधि महाविद्यालय से डिग्री पाई।
8	लेकिन निर्माताओं ने आज भी फिल्म की शूटिंग नहीं शुरू की।	परन्तु निर्माताओं ने आज भी चलचित्र का शूटिंग नहीं प्रारम्भ कर दिया।
5	छात्र उत्तर सुनकर शान्त हो गया।	उत्तर सुनकर छात्र शान्त हो गया।
11	देवताओंके मुकुटोंसे [ बारम्बार नमस्कार किये जानेके कारण] जिनके चरण- कमल घिस गये हैं, वे शिवजी भी उन्हें उदय और अस्त होते समय हाथ जोड़ते हैं, उन तेजोमण्डल सूर्यदेवकी बलिहारी है !	जिस सूर्यदेवके तेजके समान तेजस्वी मुकुटधारी कमलके चरणकमल भी उस समय उदय होते हैं, वह तीनों नेत्रोंसे हमको हाँफकर धामोंकी रक्षा करता है
1	स्थूल शरीर	पीनेवाला
1	के पास	पास में
9	इस जाल श्रृंखला का काम पूरा कर के ही वह हकीकत का चित्रोतलान शुरू कर दिया।	इस जाल श्रृंखला का काम पूरा कर के ही उन्होंने हकीकत के चित्रोतलंघन शुरू किया।
1	जिसका न आदि है न अन्त।	पुराना
10	चार प्रकार के अम्लो ( वृक्षाम्ल, अम्लवेतस, अनार और बेर अथवा कैथ, चौपतिया, वृक्षाम्ल ओर अनार ) का एक प्रस्थ, सोठ, मरिच और पिप्पली मिलित तीन पल, पाचो नमक ( सैन्धव, रुचल, सामुद्र, विड् और उद्भिद ) मिलित चार पल, शर्करा आठ पल मिला कर चूर्ण कर लेना चाहिये । इस चूर्ण को शाक, दाल, राग ( व्यञ्जन विशेष ) आदि में मिलाना चाहिये । यह चूर्ण कास, अजीर्ण, अरुचि, वास, हृदयगंग, पाण्डुरोग और गुल्म को नष्ट करता है ॥	स्तंभक के चार अम्ल, डुप्पने का तीन पल्ट और नमकीन के चार पल्ट चीनी का एक पल्ट
7	जो मेरे दोषों को दूर करते हैं वे मेरे गुरु हैं	जो मेरे दोष दूर करते हैं वे मेरे गुरु हैं
5	''प्रभो! तुम एक सत्य संकल्पवाली हो।	''हे प्रभो! तुम सत्यकल्प हो।
1	सहायता।	मदद
6	जयराम सरकार ने संसाधनजनन के लिए कोई भी प्रयास नहीं किया।	जयराम सरकार ने संसाधन निर्माण के लिए कोई प्रयास नहीं किया है।
4	गुरुनानक किसलिए ग्राम को गये थे?	गुरुनानक गाँव को क्यों गये।
11	अमृत केरल रेलवे स्टेशन को नवीन करने के लिए भी 22 करोड़ रुपये स्वीकृत हैं, जिसका काम पूरी तरह से चल रहा है।	अमृतकाल रेलवे स्टेशन का नवीनीकरण करने के लिए भी 22 करोड़ रुपये का भुगतान किया गया है, जिसका काम पूरी तरह से चल रहा है।
8	उसके द्वारा पढ़ाए हुए छात्र आज उसके घर आए।	उसके द्वारा पढ़ाए हुए छात्र आज उसके घर आए।
8	इन दोनों से ही स्थावर जंगम संसार उत्पन्न होता है। अत: श्रीराम और सीता स्थावर जंगम इस जगत् के मातापिता हैं। हे पृथिवीपाल ! कोई उनका शत्रु कैसे हो सकता है ? बिना जाने ही जगन्माता जानकीजी को आप ले आये हैं॥	उन दोनों ने ही सम्पूर्ण जगत् में विद्यमान ऊर्ध्वजङ्ग को उत्पन्न किया है। अत: राम, सीता, जगत् और उनके स्थूल शरीर वे दोनों ही हैं।
4	धूप का चश्मा काला ही पहना जाता है।	चश्मा काले ही पहनते हैं।
7	सच कहूँ , मैंने कुछ भी नहीं खरीदा।	सच कहूँ , मैंने कुछ नहीं खरीदा।
10	मेघालय में कोनराड संगमा के नेतृत्व वाली नई कैबिनेट आज शपथ लेगी।	मेघालय राज्य में कांग्रेस विधानसभा के नेतृत्व में नया मंत्रिमण्डल आज शपथ लेगा।
10	शिक्षिका -तुमने तो परीक्षाशुल्क भी नहीं दिया	शिक्षिका - तुमने तो परीक्षा फीस भी नहीं दी ।
3	हे छात्र	हे छात्र !
4	प्रतिदिन अभ्यास करिये ।	हररोज अभ्यास करें।
9	इस मौके पर रक्षा प्रमुख जनरल अनिल-चौहान और सेना के अन्य वरिष्ठ अधिकारी उपस्थित थे।	इस मौके पर रक्षा प्रमुख जनरल अनिल चौहान और अन्य वरिष्ठ अधिकारी उपस्थित थे।
13	बिना अभ्यास के विद्या विष के समान है, अजीर्ण ( अपच) होने पर भोजन विष के समान है, दरिद्र के लिए सभा सम्मेलन विष (तुल्य) है (तथा) बूढ़े व्यक्ति के लिए युवती स्त्री विष के समान है।	अनभ्यास में विद्या, क्षीण भोजन में विष, दरिद्र के लिए सभा में विष और वृद्ध के लिए युवती में विष होता है।
8	देश में दो भारतीय समुद्र तटों को भी ब्लू फ्लैग प्रमाणन मिला है।	देश के दोनों हिंद महासागर तटों पर भी ब्लू फ्लैग प्रमाण पत्र मिल गया है।
6	इस प्रकार विद्यालयीय इंटरनेशनल गीता महोत्सव का उद्घाटन किया गया।	इस प्रकार विद्यालय का अंतर्राष्ट्रीय गीता महोत्सव शुरू हुआ।
7	परन्तु मैं फिर भी इस युद्ध के लिये तैयार हूँ।	परन्तु मैं फिर से इस युद्ध के लिये तैयार हूँ।
9	वह दूध बिल्ले ने आज पिया, इसलिए वहाँ दूध नहीं है।	वह दूध बिल्ली में अब पी गया है, इसलिए वहाँ दूध नहीं है
8	वहाँ विद्याधर गन्धर्व के साथ उसका सम्पर्क हुआ।	वहाँ विद्याधर के गन्धर्व से उसका संपर्क हुआ।
13	यहां की शिक्षिका सुनीता एस प्रभु स्थानांतरण के बाद पेरुम्बल देश के एक स्कूल में चली गईं थीं।	अत्रि की अध्यापिका सुनिता एस प्रभु दूसरे स्थान पर पहुँचकर पेरुम्बल देश के विद्यालय गई थी।
2	कुतिया भौंकती है।	कुत्ता भौकता है।
11	क्या वह सो रहा? उसे आप ने दवा दिया क्या ?	क्या वह सो गया ? उसको आपने औषधि दी क्या ?
6	सात नए रेल लाइन की लाइन को उत्पादन किया जाना है।	सात मीटर रेल के ऊपर के पुल बनाने हैं।
3	उसने भ्रष्टाचार किया।	उसने भ्रष्टाचार किया।
5	सभी बच्चे माताओं के साथ खेलेंगे।	सभी बच्चे माताओं के साथ खेलेंगे।
1	नहीं तो	नहीं तो।
9	अतः हे देवता! इस रथ पर चढ़कर राक्षस रावण को मारना।	इसलिये हे देव! इस रथ पर चढ़कर राक्षस रावण को मारो।
5	तिलक के प्रभाव से देश में क्या हो गई?	तिलक के प्रभाव से देश में क्या हुआ?
20	गरीबी से लज्जा प्राप्त होती है, लज्जाशील का पराक्रम (सत्व) नष्ट हो जाता है। पराक्रम नष्ट होने से (बलहीन ) अपमानित होता है। अपमान होने से दुःख प्राप्त होता है। दुःख से शोक प्राप्त होता है, शोक से मारा गया बुद्धिहीन हो जाता है। बुद्धिहीन का नाश हो जाता है ओह निर्धनता सब मुसीबतों का स्थान है।	दरिद्रता से मनुष्य अपने आप को प्रिय जान लेता है, अपितु संकोच रहित होने पर भी उसे धन प्राप्त नहीं होता। निर्धनता से मनुष्यों को अधिक धन प्राप्त होता है। वह धन के अभाव में सब प्रकार की विपत्तियाँ उठाती है। दीनता तो धन की प्राप्ति के कारण ही आती है। निर्विघ्नता तो सुग्घर है, शोक से मर जाता है, परन्तु बुद्धी द्वारा त्याग दिया जाता है। बिना ज्ञान के ही उसे क्षय मिलता है और निर्दयता तो सब धनों का उपभोग हो जाती है।
5	गुरु जी का निर्देश दिया गया नियम भी पालता है।	गुरुजी द्वारा निर्देशित नियम का पालन करता है।
4	जो एकबार देखने के लिए महत्वपूर्ण है।	जो एक बार देखना महत्वपूर्ण है।
8	सभी राज्यों के जलशुल्क के बारे में केंद्र सरकार की नीति समान है-सीह है.	सभी राज्यों के जलशुल्क के बारे में केंद्र सरकार की नीति समान है- है।
3	योगशास्त्र का प्रवर्तन किसलिए हुआ?	योगशास्त्र किसलिये प्रवर्तित हुआ?
4	ऋषिदेव रविवार को मौनव्रत पालता है	ऋषिदेव रविवार को मौनव्रत पालता है।
11	द्वादशे में प्रातः दीक्षान्त समारोह आयोजित किया गया जिसमें डॉ. शीता शुक्ल पाठक ने पथ्य प्रदान किया।	बारह तारीख सुबह दीक्षान्त समारोह आयोजित किया गया जिसमें डॉशीता शुत्रिपाठी ने मार्ग दिया।
6	पेंसिल छील कर वह सुंदर चित्र बनाता है।	पेंसिल छील कर वह सुंदर चित्र बनाता है।
11	उसके सिंहनाद से वाली की आँखे क्रोध से लाल हो गयीं ओर वाली ने बाहर आकर उसको बड़े जोर से एक मुक्का मारा ॥	उस महापराक्रमी सिंह की बाण से वाली को मारने के लिए उसने तीव्र क्रोध और अन्धकार से आँखें चुराई ॥
8	गृह विभाग, हिमाचल प्रदेश-लोकसेवा- कमीशन के माध्यम से नियुक्त नए मानकों का निर्धारण किया गया है।	गृह विभाग ने हिमाचल प्रदेश-लोकसेवा- कमीशन के माध्यम से नियुक्त नए मानक निर्धारित किए हैं।
8	वह रोगी बालक मीठा दूध नहीं पीता ।	वह रोगी बालक मीठा भी दूध नहीं पीता ।
17	हे श्रीकृष्ण, श्यामसुन्दर, राधावल्लभ, यदुनाथ, यमुनातीरविहारी, एकमात्र वृन्दावनमें निवास करनेवाले माधुर्यमय चन्द्रके समान मुखवाले, स्निग्ध स्वरूपवाले व्रजेश्वर हे वंशी टेरनेमें मग्न, मालाओंकी सुगन्धसे युक्त, मोरपंखसे आच्छन्न मस्तकवाले और अंग-अंगमें लक्ष्मीके निवासभूत हे श्रीकृष्ण! मेरे हृदयमें अपनी भक्तिका प्रकाश फैलाइये ॥	हे प्रभो! श्रीकृष्ण, श्याम, राधा, धव, यमुना, प्रान्तचारिणी, एकारण्य और शिमलाकी मीठी मुद्रा धारण करनेवाले, स्निग्धमूर्ति, व्रजेश, वंशी आदिकों के अनुकूल, स्त्रियों के समलयुग, पिच्छङ्खों के समान सुशोभित, प्रत्येक अंग, श्रीश्रीवास आदि मेरे मन में आपकी भक्ति प्रकाशित करें ॥
16	'पुरुष' यह कहकर कृष्ण ने जोर से ध्वनि की, इसलिये द्रोणाचार्य "पुरुष"	नर''इस प्रकार कहकर ही कृष्ण ने ऊंचे स्वर में शंख बजाया, इसलिये द्रोणाचार्य''नर'','इस प्रकार आगे शब्द नहीं सुन सका।
4	वहाँ बहुत सी वस्तुएँ मिलती हैं।	वहाँ बहुत वस्तुएँ मिलती हैं।
17	बोर्ड द्वारा लिखित परीक्षाओं से पहले व्यावहारिक परीक्षाएं आयोजित की जाती हैं, जो 21 फरवरी से 29 फरवरी तक आयोजित की जाएंगी, जिसकी समयसूची बोर्ड ने पहले प्रकाशित की है।	लिखित परीक्षा से पहले व्यावहारिक परीक्षाएँ बोर्ड द्वारा की जाती हैं, जो 21 फरवरी से 29 फरवरी तक आयोजित की जाएगी, जिसकी समय सारिणी बोर्ड द्वारा पहले ही प्रकाशित की गई है।
27	यदि गर्भ की उत्पत्ति मे माता पिता कारण हों तो बहुत सी स्त्रियों और बहुत से पुरुष पुत्रकामना और कन्याकामना वाले होते है । वे पुत्र की कामना से पुत्रों और कन्या की कामना से कन्याओं को उत्पन्न कर लिया करें। कोई भी स्त्री वा पुरुष विना सतान के न रहे। कोई सतान की इच्छा वाले स्त्री वा पुरुष सतान के लिये कभी दुःखी न हों और न विलाप किया करे	यदि माता और पिता दोनों ही गर्भ उत्पन्न करते हैं, तो स्त्रियाँ उत्पन्न होती हैं, पुरुष उत्पन्न होता है, पुत्र उत्पन्न होते हैं, परन्तु वे सभी पुत्र ही जन्म लेकर मैथुन धर्म को प्राप्त करते हैं। इस प्रकार कोई स्त्री अथवा कोई पुरुष उत्पन्न न होकर सूरंपत्यका धारण करता है।
21	वहाँ प्रशिक्षक ने वर्ग के पहले दिन ध्येयमन्त्र, वर्ग गान, संस्कृत में परस्पर परिचय, वस्तुओं का परिचय, यह शब्दों का तीनों लिङ्गों में प्रयोग, स्थानवाचक शब्दकोश का प्रयोग और अन्य बिन्दुओं पर आधारित पाठ किया।	वहाँ प्रशिक्षक ने वर्ग के पहले दिन ध्येयमन्त्र, वर्गगीत, संस्कृत में आपसी परिचय, वस्तुओं का परिचय, यह-वह-शब्दों का तीन लिङ्गों में प्रयोग, स्थानवाच्य पदों का प्रयोग आदि का शिक्षण किया।
10	परन्तु तुम्हारे नौकर सदा सब जगह उपस्थित नहीं हो सकते।	परन्तु तुम्हारे नौकर हमेशा और सब जगह उपस्थित नहीं हो सकते हैं।
10	सूचनाप्रसारण मंत्री अनुराग सिंह ठाकुर ने भी आज सशस्त्र सेना के ध्वज दिवस के अवसर पर सभी को नमस्कार किया।	सूचनाप्रसारण मंत्री अनुराग सिंह ठाकुर ने भी सशस्त्र सेना के झंडे के अवसर पर सभी को नमस्कार किया।
4	दो पहर एक बजे भोजन।	दोपहर एक बजे भोजन।
1	विश्राम करके।	विश्राम करके
7	आती हूँ, चलें किसकी दुकान चलें ?	आता हूँ, चलते हैं। किसकी दूकान चलते हैं ?
14	भविष्य में इसके लिए प्रयत्न किये जा रहे हैं। जल्द ही यह आशीर्वाद पूरा कैबिनेट को अयोध्या में जाकर रामलल्ला का दर्शन किया जाएगा।	भविष्य में इसके लिए प्रयास किये जायेंगे। जल्दी ही पूरा मन्त्रिमण्डल अयोध्या जाकर रामलल्ला को देखकर आशीर्वाद लेंगे।
4	जब वह चुटकुला बोलता है	जब वह चुटकुला बोलता है
9	केवल पश्चिम के लोग इस दुरुपयोग को करके देश को अधिराज्य में स्थापित कर दिया।	परन्तु पश्चिमीओं ने इसका दुरुपयोग करके देश में अधिराज्य स्थापित कर दिया।
8	जब वह हृदय के स्थान पर ही रहता है तब नामरूपी फल मिलते हैं।	जब वह हृदय स्थान पर ही रहता है तब नामरूप लीन हो जाते हैं।
8	इसीलिए लघुता विचार करके अधुशब्द की अपेक्षा से साधुशब्द अकेला ही योग्य है।	इसलिये लघुता को विचार कर अशुद्ध शब्दों की अपेक्षा साधुशब्दकथ ही योग्य है।
4	मोर किसानों का मित्र है।	मोर किसानों का मित्र है।
1	क्षेत्र का ज्ञाता	क्षेत्र का ज्ञाता
10	डॉश्री छबिलाल नूपाने ने अपने व्याख्यान में कहा कि प्रकृति सभी प्राणियों की रक्षा के लिये प्रयत्नशील रहती है।	डॉ. छबिलाल न्यूपाने ने अपने व्याख्यान में कहा कि प्रकृति सभी प्राणियों की रक्षा के लिए प्रयास करती है।
15	श्री मोदीना एन.डी.ए. ने चार सौ सीटें जीत का लक्ष्य रखा है, क्योंकि ऑर्डर टीम में सात सौ से अधिक तीन सौ सीटें हैं।	श्री मोदी ने एनडीए को चार सौ सीटें देने का लक्ष्य दिया, जिसमें बीजेपी को तीन सौ से सात सीटें हैं।
10	हे केशव ! मैं शकुनों को भी विपरीत ही देख रहा हूँ और युद्ध में (आहवे) अपने स्वजनों को मारकर कोई कल्याण भी नहीं देखता हूँ।	हे केशव ! मैं इसके विपरीत कारण और शुभ को नहीं देखता हूँ कि अपने जन समुदाय को मारकर
7	वह पक्षियों और पशुओं को पकड़कर अपना गुजारा करता था।	पक्षी और मृग आदि को पकड़ने से वह अपनी जीविका चलाता था।
9	उस महाबली ने भी 'ठीक' ऐसा कहकर मल्लयुद्ध के लिए भीमसेन को चुना।	उस महाबल ने भी 'तुम' कहकर द्वन्द्वयुद्ध के लिये भीमसेन को चुना।
5	उनके ही नेतृत्व में विश्व क्रिकेट स्पर्धा में वर्ल्ड कप पाया।	उनके नेतृत्व में विश्व क्रिकेट टूर्नामेंट में उन्होंने विश्वपदक जीता।
2	दूसरा दीजिये।	दूसरा दो।
15	बार्यावटग, चीता, दन्ती, चव्य, सोठ, मरिच, पिप्पली प्रत्येक दो शाण लेकर चतुर्गुण जल में दूध सिद्ध करके पीने से उदर रोग शान्त होता है ||	कल्के को कोलसाम के साथ लेकर विडङ्ग, चीता, दन्ती, चव और व्योष को पिलाने से प्रौढ़ दूध की प्राप्ति होती है।
6	प्रांत मंत्री गिरीश चंद्र तिवारी ने परिचयात्मक भाषण दिया।	प्रांत मंत्री गिरीश चंद्र तिवारी ने परिचयात्मक भाषण दिया।
1	गरजते हो	गरजता है।
6	वे छात्र फिर से लिखते हैं तब	वे छात्र फिर से लिखते हैं तब ....
3	वह खेत में दौड़ता है।	वह मैदान में दौड़ता है
3	मन्दिर में भक्त जाता है।	मन्दिर में भक्त जाता है।
11	इनमें से दूरसंचार, पेयजल सौर ऊर्जा और स्वास्थ्य जैसे क्षेत्रों में संबद्ध सभी विकास परियोजनाएं सम्मिलित हैं।	इनमें से दूरसंचार-पेया जल- सौर ऊर्जा-स्वास्थ्य-सदृश क्षेत्रों में सम्बद्ध सभी विकास परियोजनाएँ सम्मिलित हैं।
13	क्योंकि - - सिंह, गुणी पुरुष, हाथी - ये अपने स्थानों को छोड़कर भी अन्यत्र जाकर प्रतिष्ठा प्राप्त करते हैं। परन्तु कौवा, कापुरुष, हरिण ये एक जगह रहकर ही जन्म बिता देते हैं और वहीं मर भी जाते हैं ।	शेर, सत्पुरुष और हाथी स्थान छोड़कर जाते हैं और वहीं पर ही मृत्यु हो जाते हैं, जैसे कौवे तथा कायर पशु।
9	दस वर्ष पहले मेरे बेटे का यज्ञोपवीत आपने कराया था	दस वर्ष पहले मेरे पुत्र का यज्ञोपवीत आप ही कराए थे ।
15	कल शाम प्रधानमन्त्री मोदी ने राजस्थान के जयपुर में फ्रांस के राष्ट्रपति इमैनुएल मैक्रॉन के साथ द्विपक्षीय सत्र में भाग लिया।	कल शाम प्रधानमंत्री मोदी ने राजस्थान के जयपुर में फ्रांसीसी राष्ट्रपति इमैनुएल मैक्रॉन के साथ द्विपक्षीय सत्र में भाग लिया।
3	आप दोनों जाती हैं।	आप दोनों जाते हैं।
6	कहा जाता है कि कल नामांकन में प्रवेश किया जाएगा।	कहा जाता है कि कल नामांकन दाखिल होगा।
6	ओह , मैं भी कपडे धोना भूल गया	ओह मैं भी कपड़े धोना भूल गया ।
10	हिमाचल-संस्कृत-अकादमी के सचिव डॉ. केशवानंद कौशल ने सभी विशिष्ट अतिथियों एवं विद्वानों का स्वागत किया।	हिमाचल-संस्कृत-अकादमी के सचिव डॉ. केशवानंद कौशल ने सभी विशिष्ट अतिथियों और विद्वानों का स्वागत किया।
1	मुझे पाना चाहिए	प्राप्त होना
4	वह यज्ञ करता है	वह यज्ञ करता है
3	वह पैसा चुराता है।	वह पैसा चुराता है।
4	आजकल रास्ते में पुलिस रक्षक खड़े रहते हैं।	इस समय रास्ते में पुलिसकर्मी खड़े हैं।
12	हे मुनिसत्तम् ! यह सब कुछ तुम्हारा अपकार करने वाला राक्षस किया है। बिना विचारे ही मैंने तुम्हें शाप दे दिया ॥	हे मुनिश्रेष्ठ! आपके उपकार करने के कारण राक्षस ने जो कुछ भी किया है, उसे आप भूलकर मुझे दिया है ॥
6	दिल्ली में भी सर गंगाराम अस्पताल है।	दिल्ली में भी सर गंगाराम अस्पताल है।
6	रात साढ़े तीन बजे दो चोर घर में घुसे।	रात साढ़े तीन बजे दोनों चोर घर में घुसे
4	सब अपनारूप है या शिव कारूप।	सब कुछ आत्मस्वरूप या शिवस्वरूप है।
7	हेतु, लक्षण ओर काल को समझने वाले तथा बल और शुद्ध एव अशुद्ध रक्त के वर्ण की पहिचान करने वाले वैद्य को चाहिये कि रक्तस्राव की उपेक्षा उस समय तक करता रहे जब तक कि भयानक रूप धारण न करले, अथवा काई घातक रूप पैदा न करे ॥	समय के लक्षणों को जानने वाला मनुष्य अधिक बलवान् होता है और अधिक काल की प्रतीक्षा करता रहता है, जब तक वह आयु को प्राप्त नहीं कर लेता।
6	अनंतपुरी और कोट्टायम जिलों में एक-एक व्यक्ति की मौत हो गई।	अनंतपुरी, कोट्टायम जिलों में एक-एक मौत हुई।
5	हिमसंस्कृतवार्ता: जगदीश डाभी, मुम्बई ।	हिमसंस्कृतवार्ता जगदीश डाभी, मुम्बई ।
13	जालगर्दभ - अपने कारणों से कुपित वातादि दोप, पित्तोल्वण और मन्द वात क्फ की अवस्था में अति दाहकारक, अल्प, लालरग के शोध को उत्पन्न करते है, यह शोथ थाडा पकता है । इसके कारण रोगी को ज्वर और प्यास रहता है, यह शो विसर्प के समान फैलता है इसको 'जालगर्दभ' कहते है  ॥	रोगी को पित्तप्रबल हो, दूषित हो, तीव्र रक्त पित्त हो, उदर-उदर ज्वर हो, मल तथा जाली हो, रक्त का अवरोध हो, रोगी को निवारण करना चाहिये ॥
4	ज्ञान में धर्म होता है इस प्रकार यह धर्मचारी है।	ज्ञान में धर्म है तो वास्तव में धर्म नहीं है।
1	घृणा योग्य	छीना
15	मनुष्यकी मृत्युके पश्चात् उसका धन पृथ्वीमें गड़ा रह जाता है, पशु गोष्ठमें बँधे रह जाते हैं, स्त्री घरके द्वारपर छूट जाती है; और परिजन श्मशानतक तथा शरीर चितातक साथ देता है, परलोकके मार्गमें केवल धर्मको साथ लेकर जीव अकेला ही जाता है	वस्तुएँ, भूमि, पशु, गोशाला, स्त्री, घर, दरवाज़ा, लोग श्मशान, शरीर और परलोक-समारोह- ये सब जीव एक धर्मपरायण प्राणी ही हैं, क्योंकि शरीर से रहित होकर संसार के मार्ग पर धर्मात्मा ही जाता है।
7	और अगले वर्ष दीपावली-अवसर की फ़िल्म प्रदर्शित होगी।	और अगले वर्ष दिवाली के अवसर पर चलचित्र प्रदर्शित किया जाएगा।
7	छात्र – तो मेरे साथ करो ।	तो मेरे साथ करो ।
7	मैने यह भी नहीं सोचा कि वस्त्रों तथा आभूषणों से सुशोभित	यह भी नहीं सोचा कि कपड़े और कपड़े से सुशोभित भी नहीं है।
6	माता – आज सेव ही लाओ ।	माता  आज सेव ही लाओ
3	वह पैसा चुराता है।	वह पैसा चुराता है।
6	दशरथनन्दन ! मैं आपको अयोध्या पहुँचाऊँगा।	दशरथनन्दन ! मैं आपको अयोध्या पहुँचा दूँगा।
6	महाबलि असुर के सत्कार में यह पर्व मनाया जाता है।	महाबली असुर के सत्कार के लिये यह पर्व मनाया जाता है।
6	इसपर श्लोक हैं कि ये अति स्थूल और अतिकृश दोनों मनुष्य अतिनिन्दितः हैं और मध्य शरीर ( न अति मोटा न दुबला ) मनुष्य श्रेष्ठ है और अति मोटेसे तो दुबला ही अच्छा होताहै ॥	यहां लोग अत्यन्त गरम रहते हैं, सर्दी और मोटी वस्तुओं को पोंछते हैं, किन्तु स्त्रियाँ अत्यन्त कृश रहती हैं।
12	और भी विपत्ति आने पर विचार कर कार्य करना ही पाण्डित्य (बुद्धिमत्ता) है। बिना विचारे काम करने वाले प्राणियों पर तो पद-पद में विपत्तियाँ आती हैं।	जैसे पाण्डित्य धर्म का नाश करने के बाद विपत्तियाँ आती हैं, वैसे ही अविचार करनेवालों को भी विपत्ति आने पर विपत्तिएं होती हैं।
1	अशुद्ध	अशुद्ध
11	प्रधानमंत्री ने कहा कि ऐसे प्रयासों से देश को समृद्ध सांस्कृतिक संपदा की रक्षा में मदद मिलती है	प्रधानमंत्री ने कहा कि ऐसे प्रयासों से देश की समृद्ध सांस्कृतिक संपत्ति की रक्षा में मदद मिलती है
4	कोर्ट खारिज हो गया है.	कोर्ट निरस्त हो गया।
7	ग्रीक भाषा में''थैले''इस प्रकार धातुधारण करने वालेार्थक, संस्कृत भाषा में भी.	ग्रीक भाषा में''थैं''इसका धातुधारण अर्थ है, संस्कृत भाषा में भी वैसा ही।
4	मनु जी ने सभी को धर्म का उपदेश किया।	मनु ने सब धर्मों को पढ़ाया ।
5	हे मित्र ! यज्ञ करिये।	हे मित्र ! यज्ञ करिये।
3	प्रयास करता हूँ ।	कोशिश करूंगी ।
3	कैसे करें ?	कैसे करें ?
9	साथ ही अनला नाम एक सुन्दरी कन्या भी हुई।	और अनला नाम की एक सुंदर लड़की भी हुई।
13	केंद्रीय-आदिवासी विषय मंत्री अर्जुन मुण्डा ने नई दिल्ली में दो दिवसीय आदिवासी जागरूकता कार्यक्रम का उद्घाटन किया।	केंद्रीय-आदिवासी विषय मंत्री अर्जुन मुंडा ने नई दिल्ली में दो दिवसीय आदिवासी-जागरूकता कार्यक्रम का उद्घाटन किया।
3	वह खेत में दौड़ता है।	वह मैदान में दौड़ता है
9	लाहौल पर्वत में 30 से 60 सेंटीमीटर तक बर्फबारी हुई।	लाहौल उपत्यका में लगभग 30 से 60 सेंटीमीटर बर्फबारी हुई।
6	अभी दोपहर में भी लोग वोट देने जा रहे हैं।	इस समय दोपहर में भी लोग मतदान के लिए जाते हैं।
10	इस प्रकार तुम्हारे प्रश्नों के अनुसार सम्पूर्ण जानने योग्य बातें मैंने तुम्हे बताई है। जो व्यक्ति अपने मन को इसमें लगाकर रहता है, वह मोक्ष प्राप्त कर लेता है । है लक्ष्मण मेरी भक्ति से विमुख पुरुषों से इसे सावधानी पूर्वक नहीं कहना चाहिये और मेरे भक्तों को प्रयत्नपूर्वक भी बुलाकर इस रहस्य को सुनाना चाहिये ॥	यह सब तुम्हारे प्रश्न के अनुसार ही कहा गया है, परन्तु यदि इस मन को स्थिर करने वाला पुरुष मुक्ति को प्राप्त हो, तो भयभीत न हो
8	उसकी सेवा और उपदेश अखिल लोकार्थ को बहुत ही कल्याणकारी है।	उनकी सेवा और उपदेश अखिल लोकार्थ को बहुत ही कल्याणकारी है।
3	बढ़ई लकड़ी छीलता है।	त्वष्टा लकड़ी छील रही है।
7	आने वाले संतों के द्वारा वातावरण सुरक्षित किया जाना चाहिए।	आने वाले समय में हमें पर्यावरण को सुरक्षित करना है।
3	सभी समाचारपत्र पढ़ रहे हैं।	सभी समाचारपत्र पढ़ रहे हैं।
18	राज्य उच्च न्यायालय ने हिमाचल प्रदेश पुलिस महानिदेशक संजय कुमार की पुलिस अधिकारी शालिनी अग्निहोत्री और कांगड़ा के स्थान पर जाने के आदेश को निलंबित करने के लिए याचिका दायर की है।	राज्य उच्च न्यायालय ने हिमाचल प्रदेश के पुलिस महानिदेशक संजयकुंडो और पुलिस अधिकारी शालिनी अग्निहोत्री काङ्गड़ा के स्थानांतरण आदेश को समाप्त करने के लिए याचिका खारिज कर दी है।
7	उन्होंने कहा कि शिक्षा संस्थानों की भूमिका से लोगों का विकास है।	उन्होंने कहा कि शिक्षा संस्थानों की भूमिका लोगों का विकास है।
8	हाँ , इसका छिलका बहुत कड़क है।	हाँ इसकी खाल बहुत कस है
1	गुस्सा	संतोष के बिना
11	हमारे यहाँ अमरूद और पपीता ज्यादा मिलते हैं। लेकिन मुझे केला पसंद है।	हमारे क्षेत्र में कच्चा बीज और अदरक बहुत मिलता है लेकिन मुझे केला पसंद है।
8	रावेल और रेंटिला गांवों के क्षेत्रों में आसमान से गोल चट्टानें गिरीं।	रावेल रंटीला नाम के गांवों के इलाकों में ही गोल चट्टानें गिरी हुईं.
11	विदेश- मन्त्रालय, विदेशों में भारतीय- ठक्कर भी प्रतिवर्ष हिन्दी-दिवस का आयोजन करते हैं	विदेश मंत्रालय और विदेश में भारतीय राजदूत भी प्रतिवर्ष हिन्दी दिवस का आयोजन करते हैं
9	प्रधानमंत्री नरेंद्र मोदी की यात्रा का सहारा लेकर तिरुचिरापल्ली में मजबूत सुरक्षा व्यवस्था का निर्माण किया गया	प्रधानमंत्री नरेंद्र मोदी की यात्रा के आधार पर तिरुचिरापल्ली में सुरक्षा व्यवस्था मजबूत कर दी गई है।
5	गीदड़ दुखी होकर वहाँ से चला गया।	सियार खिन्न होकर वहाँ से चला गया।
4	कच्ची केरी में हींगहीं डाली जाती है।	कच्चे आम में हींग डाल दी जाती है।
9	हिमाचल प्रदेश के 59 शहरों के लिए एक नई विकास योजना बनाई जाएगी।	हिमाचल प्रदेश के 59 शहरों के लिए नया विकास योजना बनाई जाएगी।
5	मेरे भी मन में ख़ुशी हुई ।	मेरे मन में भी हर्ष हो गया ।
3	कार्यालय के पात्र धोता है।	कार्यालय के पात्रों को धोता है।
14	ईश के याद से ईश स्पर्श की प्रतीति होती है, एक अलग-अलग ओज का आभास अनुभूत होता है, इस प्रकार एक विलक्षणता भी तृप्ति को प्राप्त होती है।	ईश्वर के स्मरण से ईश्वर के स्पर्श की प्रतीति होती है, एक विशिष्ट ओज का आभास अनुभव होता है, और एक विलक्षण संतोष तृप्ति भी प्राप्त होता है।
1	प्रेरणा किया हुआ ।	प्रेरित किया हुआ
1	कभी भी	कभी भी
5	सभी बहुत पीले वस्त्र पहनते हैं।	सभी बड़े पीले कपड़े पहनते हैं।
8	हे वैदे! यहाँ महर्षि शरभङ्ग का महान् आश्रम दिखाया जा रहा है।	हे वैदेहि! यहाँ महर्षि शरभङ्ग का महान् आश्रम दिख रहा है।
3	ऊँचा मत हसो।	ऊँचे मत हँसो।
13	समारोह को संबोधित करते राष्ट्रपति ने कहा कि इस वर्ष पूरे राष्ट्र में आम मतदान होगा।	समारोह को संबोधित करते हुए राष्ट्रपति ने कहा कि इस वर्ष पूरे देश में सामान्य मतदान होगा।
2	वही।	वही
4	अधिक खाता हूँ तब बोलता है	अधिक खाता हूँ तब बोलता है
6	विश्व का प्रथम ग्रन्थ ऋग्वेद कहलाता है।	विश्व का प्रथम ग्रन्थ ऋग्वेद कहा जाता है।
6	आज यह रत्न अंग्रेजी वंशावली का हिस्सा है।	आज यह रत्न आंग्ल वंश का हिस्सा है।
5	वे विलासी लोग आने वाली आपदा को नहीं देखते हैं।	वे विलासी लोग आने वाली आपदा को नहीं देखते हैं।
6	वह जब-तक पढती हैं, मैं तब-तक लिखता हूँ।	वह जब पढ़ती है, वह तब लिखता है।
3	धार्मिक धर्म को धारण करता है।	धर्मधर धर्म धारण करता है।
10	कमलेश्वर डोडियार ने कहा कि कार्यकर्ताओं ने चुनाव में उसकी शक्ति की मदद की।	कमलेश्वर डोडियार ने कहा कि कार्यकर्ताओं ने चुनाव में उनकी यथाशक्ति सहायता की।
3	एक कारखाने में काम कर रहा हूँ।	कारखाने में काम ।
12	और इससे पर्यावरण की रक्षा होगी. इन्हीं प्रकृति से ईश्वर की अभिव्यक्ति होती है, और उपहार के रूप में प्रस्तुत किया गया।	इससे पर्यावरण की भी रक्षा होगी। उन्होंने प्रकृति को ईश्वर का अभिव्यक्ति और उपहार के रूप में प्रतिपादित किया।
6	बच्चे के साथ बगीचे भी कार से जाते हैं।	बालक के साथ उद्यान को भी कार से जाते हैं।
9	मंडल की चुराह, भरमौर, पाङ्गी, डल्हौजी में बर्फ लगातार है।	जिले के चुराह, भरमौर, पांगी और डल्हौजी में बर्फबारी लगातार है।
10	मरते समय जिनके नाम का स्मरण कर अज्ञ भी जिनमें लीन हो जाते हैं, उनको सामने देखते हुए और उन्हीं के हाथों से वध हुए, उस राक्षस के विषय में कहना ही क्या ? ॥	और जो अज्ञानी पुरुष मृत्यु को स्मरण करके उस (शुक्रदेव) के सामीप्य को प्राप्त करता है, वह निश्चय ही उस असुर द्वारा ही मर जाता है। भला, उसके द्वारा ही हम हरि को आगे क्यों देखते हैं? ॥
5	दरिद्र हमेशा माँगते हैं।	दरिद्र हमेशा भीख मांगते हैं ।
9	भारतीय सांस्कृतिक परंपरा के हिमाचल प्रदेश समन्वयक मालविका पाठक ने कार्यक्रम का अध्यक्षता की।	कार्यक्रम की अध्यक्षता हिमाचल प्रदेश के भारतीय सांस्कृतिक निधि समन्वयक मालविका पाठक ने की।
1	मना किया हुआ	मना कर दिया
10	दा शत्रुघ्न सलक्ष्मण राम को अभिवादन करके सीता के चरणों में स्पर्श करके उसे प्राण दिया।	दा शत्रुघ्न ने सलक्ष्मण राम को अभिवादन करके सीता के चरणों को छुआ और उसको प्राण दे दिया।
7	एक यात्री रेलवे स्टेशन से पूड़ियाँ और सब्जी लाता है।	एक यात्री रेलवे स्टेशन से पूड़ियाँ और सब्जी लाता है।
4	गुणजी  एक बकरी को दुहता है।	गुणजी एक बकरी को दुहता है।
8	अनेक पाठकों के दृश्य पत्रालय के अन्दर और बाहर निकाले गए।	अनेक पाटेदार के दृश्य डाकखाने के अंदर और बाहर कैपे हुए हैं।
18	समारोह में गढ़वाली गीत की संगम संगीत कमेटी के कलाकारों द्वारा सांस्कृतिक कार्यक्रम "जय भगवती नंदा" आयोजित किया गया, जिसमें सभी अतिथिगण मंत्रमुग्ध हुए।	समारोह में संगम सांस्कृतिक समिति के देहरादून के कलाकारों द्वारा गढ़वाली गीत का "जय भगवती नंदा" सांस्कृतिक कार्यक्रम आयोजित किया गया, जिसमें सभी आमंत्रित अतिथि मंत्रमुग्ध हुए।
7	मैं छल करने वालों में द्यूत हूँ और तेजस्वियों में तेज हूँ, मैं विजय हूँ; मैं व्यवसाय (उद्यमशीलता) हूँ और सात्विक पुरुषों का सात्विक भाव हूँ।।	मैं तेजस्विता के बिना जुआरी हूँ
1	नेता	वीर
5	अल्पाहार में वह उबले चने खाता है।	अल्पाहार में वह उबले हुए चने को खाता है।
1	पर्वत	पहाड़ ।
5	नदी जल स्वच्छ और आकाश बादलों से रहित दिखाई पड़ता है।	नदी का जल स्वच्छ आकाश निर्मल दिख रहा है।
3	और सब एक दिल वाले हैं ।	वे सब एक मन वाले हैं
2	हे देवता!	हे देव!
4	रमा चन्द्रमा देखती है।	रमणीय चन्द्रमा को देखा जा रहा है।
4	शायद कोई रुक जाए।	शायद कोई रुक जाए।
8	सभी अतिथि घर (होमस्टे यूनिट) पर्यटनकून के तहत लाए जाएँगे।	सभी अतिथि घर पर्यटन कानून के तहत लाए जाएंगे।
12	प्रधानमंत्री ने कहा कि देश के प्रत्येक निर्धन वंचित व्यक्ति उसकी पूजा के योग्य है।	प्रधानमंत्री ने कहा कि देश का प्रत्येक निर्धन वंचित व्यक्ति उसके लिए पूज्य है।
4	पोता आगे बढ़ता है।	पोता आगे बढ़ता है
5	यहाँ आओ मीठा फल खाओ,	यहाँ आओ और मीठा फल खाओ
9	पापी अधर्मियोंकी शीघ्र ही बुरी गति होती है, ऐसा समझकर पुरुषको चाहिये कि धर्मसे दुःख पाता हुआ भी अधर्ममें मन न लगावे	दुष्टजनोंके पापोंका नाश तो वह प्रत्यक्ष ही देख सकता है
9	उत्तराखंडसंस्कृत अकादमी, प्रतिवर्ष संस्कृत भाषा के प्रचार-प्रसार के लिए, संरक्षण के लिए, और इंटरनेट के माध्यम से संस्कृत व्याख्यान के लिए आयोजित किया जाता है।	उत्तराखंड संस्कृत अकादमी, प्रतिवर्ष संस्कृत भाषा के प्रचार-प्रसार, संरक्षण के लिए, और इंटरनेट के माध्यम से संस्कृत व्याख्यानमाला का आयोजन किया जाता है।
9	इन पांच तत्वों की अनुपात से मानव शरीर का स्वास्थ्य निर्भर करता है।	इन पाँच तत्वों के अनुपात से मानव शरीर का स्वास्थ्य निर्भर करता है।
12	उनके चर्चा में व्यापार, निवेश, प्रौद्योगिकी, अन्तरिक्ष, शिक्षा, सांस्कृतिक और आदान-प्रदान के साथ द्विपक्षीय सहनशीलता के लिए विभिन्न पक्ष एकत्रित थे।	उनके चर्चा में व्यापार, निवेश, प्रौद्योगिकी, अंतरिक्ष, शिक्षा, सांस्कृतिक औरदान सहित द्विपक्षीय सहयोग के लिए विभिन्न पक्ष शामिल थे।
8	इन कलाओं से भारतीय संस्कृति और संस्कृत का विकास होगा।	इन कलाओं से भारतीय संस्कृति और संस्कृत भाषा का विकास होगा।
4	वह भूमि पर रंगोली करती है।	वह भूमि पर रंगोली करती है।
5	मेरे दो काम रह गए।	मेरा दो काम शेष हैं।
3	वे दोनों खेलते हैं |	वे दोनों खेलते हैं ।
6	वाटिका में वन में वृक्षों के समूह के समान, चंद्रिका की शीतल श्मशान में शेरे।	वाटिका में वन में पेड़ों के झुमके और चाँदनी के शीतल झरने में सुगन्ध होती है।
14	उन्होंने कहा कि स्मार्ट-मार्ग की कामना में अधिक सुधार करना चाहिए, जिसमें बसस्थानों के साथ शौचालय भी बनाया जाए।	उन्होंने कहा कि स्मार्ट-मार्ग के कार्य में अधिक सुधार करना चाहिए, जिसमें बसों के स्टेशनों के साथ शौचालय भी बनाया जाना चाहिए।
7	मेरा भाई अब कहाँ गया है, मैं नहीं जानता	मेरा भाई अब कहाँ गया, नहीं जानता।
5	मैं अभी-अभी आया।	मैं अभी पहुँचा।
12	शिक्षा निदेशक ने कहा कि वह शिक्षा मंत्री के लिए भेजे जाएंगे और जिलों की रिपोर्टों को प्राप्त करके विस्तृत प्रस्ताव देंगे।	शिक्षा निदेशक ने कहा कि शहरों से रिपोर्टें प्राप्त करके विस्तृत प्रस्तावों को शिक्षा मंत्री के लिए भेजा जाएगा।
8	सोशल मीडिया उपयोक्ता उस दक्षिण भारती वेष की प्रशंसा करते हैं।	सोशल मीडिया के यूजर्स उसकी दक्षिण भारत यात्रा की प्रशंसा कर रहे हैं।
13	उसकी पहली तस्वीर भी प्रसारित हुई, जिसमें उसकी सिंह के साथ तुलना की गई है।	उनके पहले रूप का चित्र भी प्रसारित हुआ, जिसमें उनके शेर के साथ तुलना की गई है।
6	तुम्हारे पास केवल आधा घंटे का समय है।	तुम्हारे पास केवल आधा घंटे का समय है।
8	''करेक्टर''-दक्षिण वेल्स देश के एक सदस्य ने दुर्गाती गुरुल्ला युद्ध में रोमन सेना का उत्पीड़न किया।	''करैक्टर'-उन्होंने दक्षिण वेल्स देश के एक किले से गुरील्ला युद्ध में रोमन सेना का उत्पीड़न किया।
3	गुस्सैल महिला पड़ोसी वपर क्रोध कर रही है।	चण्डी पड़ोसी को ठग रही है।
14	आचार्य राजेश कुमार शर्मा ने कहा कि ये दोनों समूह विश्वविद्यालय, विभाग और समाज को कार्य करने के लिए संकल्पबद्ध होंगे।	आचार्य राजेश कुमार शर्मा ने कहा कि ये दोनों समूह विश्वविद्यालय, विभाग और समाज के प्रति कार्य के लिए संकल्पबद्ध होंगे।
4	हमें संस्कृत में बोलना चाहिये।	हमें संस्कृत में बोलना चाहिये।
22	भूटान के लिए सूचित की गई परिमाण में चौदह हजार एक सौ चौबीस मेट्रिक टन गाय का, पांच हजार तीन सौ बीस मेट्रिक टन पकाया गया, पांच हजार दो सौ ईस मेट्रिक टन खाना हुआ, इक्कीस हजार आठ सौ मिलियन और टूटे हुए चावलों का भी मेट्रिक टन है।	भूटान के लिए निर्देशित माप चौदह हजार एक सौ चौबीस मीट्रिक टन गेहूं, पांच हजार तीन सौ छब्बीस टन परिष्कृत, और अट्ठाईस हजार आठ सौ टूटे हुए तुंबुल हैं।
1	दिया गया	दिया हुआ
10	हे राम! इसके समीप ही पम्पा नामक सरोवर है। उसके समीप ही ऋष्मूक नामक बड़ा पर्वत है ॥	इधर पम्पा नामक तालाब है, वहाँ श्रीमहादेवजीके समीप ऋष्यमूक पर्वत है ॥
6	उसे यह पुरोहित था कहा गया है।	कहा गया है कि उनका यह पुरोहित था।
6	तब ही एक छात्रा वहाँ से गुजरती है	तब एक छात्रा वहाँ से निकलती है।
51	इस कार्यशाला में डॉ. शिव कुमार ने राज्य के संसाधनों के प्रतीक के रूप में शिक्षा नीति के रूप में व्यावहारिक संस्कृत, मूल्याङ्कन विषयों पर चर्चा की, ललित शर्मा उच्च माध्यमिक स्तर की शिक्षाशास्त्रीय प्रक्रिया, पठन कौशल, साहित्यिक सामग्री के प्रयोग, डॉ. अमनदीप सरल मनक संस्कृत, संस्कृत सम्भाषण, काव्य पाठ की विधि, अध्यापन के क्षेत्र में प्रौद्योगिकी प्रयोग, डॉ. अमित शर्मा, लेखन कौशल के बारे में, डॉ. मनोजशैली संस्कृत के शिक्षण पर मूल्याङ्कन, डॉ. देवर्षी अगस्त्य ने प्रथम द्वितीय तृतीय भाषा के रूप में संस्कृत, नाटक की शिक्षा, व्याकरण शिक्षण के लिए प्रायोगिक ज्ञान डॉ. कमलकांत भाषण कौशल और डॉ.	इस कार्यशाला में डॉ. शिवकुमार ने राज्य के संसाधन व्यक्तित्व के रूप में शिक्षा नीति, व्यावहारिक संस्कृत, लेखन कौशल के विषयों पर चर्चा की, डॉ. मनोजशैल ने संस्कृत के उच्च-मीडिया स्तर की शिक्षाशास्त्रीय प्रक्रिया, पढ़ने की कौशल, साहित्यिक सामग्री का प्रयोग, डाॅ. उच्च माध्यमिक स्तर की अमनदीप सरल मानव संस्कृति, संस्कृत सम्भाषण, काव्यपाठन की विधि, शिक्षण के क्षेत्र में प्रौद्योगिकी प्रयोग, डॅ. अमित शर्मा, लेखन की कौशल के बारे में, डॉ। मनोजशेला संस्कृत के संस्कृत के शिक्षण में मूल्य निर्धारण, डॉवंत देवर्षी अगस्त्य ने संस्कृत को पहली द्वितीय भाषा के तौर पर, नाटक की शिक्षा, व्यापापन की व्यापाक ज्ञान के व्यापाकरण, गीता के शिक्षण पर व्यापात्मक सत्र।
9	सभी लोगों से कल्याणकारी पवित्र वाणी बोलूँ	महापराक्रम और वीरता से युक्त मनुष्य संगठित हों ।
15	सरकार ने यह कदम स्वीकार कर लिया है कि सरकार के पतन की पहली यात्रा में असफलता के भाजपा के सामने कोई भी कदम नहीं उठाया गया है।	सरकार ने यह स्थिति अपनाई है कि सरकार के पतन के पहले प्रयास में असफल भाजपा के आगे कोई भी पद नहीं होगा।
20	कुल्लू-निवासी रीनादेवी ने भी दूध के बिक्री मूल्य को लगभग R2 मिलियन बढ़ाने के लिए राज्य सरकार की आभारी है, उन्होंने कहा कि इससे लगभग R2 मिलियन की बढ़ोतरी हुई है।	कुल्लू-निवासी रीनादेवी ने भी दूध की खरीद की कीमत को छह रुपये बढ़ाने के लिए राज्य सरकार की आभार व्यक्त की, और कहा कि इससे उसकी आय लगभग 4,500 रुपये बढ़ गई है।
6	वो हमारे राष्ट्रीय सलाहकार समिति के अध्यक्ष हैं	वह हमारे राष्ट्रीय सुरक्षा सलाहकार समिति के अध्यक्ष हैं।
10	कुएँ से जल लाया हूँ, इसलिए वह शुद्ध ही है।	मैंने कुएँ से जल लाया है, इसलिए वह शुद्ध ही है।
4	क्या मुझ पर गुरु की कृपा नहीं है?	क्या मुझ पर गुरु की कृपा नहीं है?
12	आठ भी बटेर खोलेंगे, अप्रैल तक हिमाचल में हंस फाउंडेशन संस्थान का कुल बटेर होगा।	आठ भी समूह खोले जाएंगे, अप्रैल तक हिमाचल में हंस फाउंडेशन का समूह समूह समूह ही होगा।
10	अध्ययन के बिना स्वान्तःकरण की अज्ञानता, अन्धकारत्व को कभी नहीं समाप्त करना चाहिए ।	बिना अध्ययन के स्वान्तःकरण की अज्ञानता या अन्धकारता का कभी भी अनुभव नहीं करना चाहिए।
1	राजा का कर	भाग्य से युक्त
3	यह ऐतिहासिक वृद्धि है।	यह ऐतिहासिक वृद्धि है।
4	भगवान् धन्वन्तरिने उनसे कहा कि तुम्हारा आगमन बहुत श्रेष्ठ है	उसके कहने पर प्रभो! स्वागत है।
9	पुत्री – नहीं पिताजी ! आज तो रविवार है।	पुत्री  नहीं पापा , आज तो रविवार है।
20	उन्होंने कहा कि अगर कांग्रेस सरकार द्वारा इस संकुल के निर्माण को मुख्य रूप से शामिल किया जाए तो इस संकुल का उद्घाटन बहुत पहले होगा।	उन्होंने कहा कि अगर कांग्रेस सरकार ने इस चट्टान का निर्माण पूरा करने को मुख्य रूप से शामिल किया तो इसका उद्घाटन बहुत पहले होगा।
9	इस यात्रा में मुख्यमंत्री के साथ सरकार के प्रमुख अधिकारी भी आएँगे।	इस भ्रमण में मुख्यमंत्री के साथ सरकार के प्रमुख अधिकारी भी उपस्थित होगे।
7	5 तीव्रता दी गई है। किसी जानमाल के नुकसान की सूचना नहीं है.	दिल्ली में 5 तीव्रता का अनुभव किया गया. कोई भी जीवित हानि की सूचना नहीं दी गई।
7	उस बालक को देख वह कैसे दौड़ता है।	उस बालक को देख। वह कैसे गिरता है?
4	शानचन्द प्रेम से उत्तर देता है।	शानचन्द प्रेम से उत्तर देता है।
4	वर्ष में पद्मभूषण से सम्मानित था।	उन्हें वर्ष में पद्मभूषण से सम्मानित किया गया था।
8	ऋतु नेगी ने आज सब युनियों को प्रेरणा दी।	ऋतु नेगी आज सभी युवकों के लिए प्रेरणादायक हो गई।
10	वह सुनकर क्रोधित कछुआ बोला- “क्या मैं मुर्ख हूँ? उत्तर नहीं दूँगा।	यह सुनकर क्रोधित हुए कछुआ बोलामैं मूर्ख क्यों हूँ? उत्तर नहीं दूँगा।
5	वहाँ दो छोटे बच्चे नानायातना से पीडित थे।	वहाँ दोनों छोटे पुत्र विभिन्न यातायात से पीड़ित हुए।
6	जब बैठक होती है तब युवतियाँ आते हैं।	जब बैठक होती है तब युवक आते हैं।
6	भ्रष्टाचार के कारण राजकोष में एक करोड़ से अधिक रुपये का नुकसान हुआ।	भ्रष्टाचार के कारण राजकोष में छह करोड़ से अधिक रुपये की हानि हुई।
1	गांव को	गाँव को
12	जैसे सब ओर से परिपूर्ण अचल प्रतिष्ठा वाले समुद्र में (अनेक नदियों के) जल (उसे विचलित किये बिना) समा जाते हैं? वैसे ही जिस पुरुष के प्रति कामनाओं के विषय उसमें (विकार उत्पन्न किये बिना) समा जाते हैं? वह पुरुष शान्ति प्राप्त करता है? न कि भोगों की कामना करने वाला पुरुष।।	जिस प्रकार अचल (अचल) स्थान को (समुद्र) मापने वाले मनुष्य समुद्र की गति से भरते हैं, उसी तरह उसकी गति से सभी प्राणी प्रवेश करते हैं, वह पुरुष शान्ति को प्राप्त नहीं करता, कामवासना को नहीं।
9	वैभव – अरे परमिन्दर्! क्या तुम भी बिजली के अभाव से पीड़ित होकर बाहर आ गए हो?	वैभव  अरे परमिन्दर् ! क्या तुम भी बिजली के कारण बाहर आ गए हो?
8	इस में महिला, यून, किसान, और निर्धन परिवार शामिल हैं।	इसमें महिलाएँ, यून, किसान, निर्धन परिवार भी शामिल हैं।
4	पहले मेरा काम पूरा करिये	पहले मेरा काम पूरा करिये।
1	डालियाँ	शाखाओं
8	इंदौर में एक के साथ बात करनी थी ।	इंदौर में एक के साथ बात करनी थी ।
6	बच्चे के साथ बगीचे भी कार से जाते हैं।	बालक के साथ उद्यान को भी कार से जाते हैं।
1	नहीं	नहीं
4	थोड़ा योगाभ्यास भी करिये।	थोड़ा योग भी करिये।
5	अनुचित कर्म का फल अनुचित ही होता है।	अनुचित कर्म का फल अनुचित ही होता है।
22	विषाद से पीड़ित अर्जुन को देखकर श्रीकृष्ण कहते हैं कि- हे अर्जुन ! इस युद्ध में तुम जो कुछ भी देख रहे हो, वह सब निश्चित ही है तुम केवल क्षत्रिय धर्म का अनुसरण करो।	विषादग्रस्त अर्जुन को देखकर श्रीकृष्ण कहता है कि हे अर्जुन ! इस युद्ध में जो कुछ तुम देखते हो वह सब निश्चित है तुम केवल क्षत्रिय धर्म का अनुसरण करो।
5	हंस बोले- “ यह उपाय हो सकता है |	हंस बोले- यही उपाय सम्भव है।
8	द्वारकाधीश होकर भी जो गौओंके चरानेवाले हैं तथा राजराजेश्वर होते हुए भी जो पार्थके सारथी बने हैं [उन अद्भुतकर्मा] परमेश्वर भगवान्को नमस्कार है ॥	श्रीद्वारकेश और गायोंको नमस्कार है राजराजेश्वर और पार्थसारेथके नमस्कार हैं ॥
6	एक विदेशी भारत के एक घर में जाता हैं ।	एक विदेशी भारत के एक घर में जाता है
6	आप उस दिन क्यूँ नही आये?	उस दिन आप क्यों नहीं आए ?
9	कीचड़ के मरने की खबर सुनकर उसने विराट से शोक करने का सोचा।	कीचक की मृत्यु का समाचार सुनकर उसने विराट से बदला लेने के लिए सोचा।
1	गड्डा।	गाड़ी
6	वृद्ध बालों के लिए प्रेतकार्य नहीं करते थे।	वृद्ध बच्चों के प्रेत काम नहीं करते थे।
1	फिर से	उत्पन्न होना
9	प्रशासन का परिस्थितिजन्य संबंध-ग्रेटा ने मामले पर अनसुलझी सुनवाई के खिलाफ काउंटी अदालत में याचिका दायर की।	प्रशासन की स्थिति से जुड़ा हुआ-ग्रेटा ने इस मुद्दे पर निलंबित बहस के समीप होने के खिलाफ जिला स्तरीय न्यायालय में याचिका दायर की।
10	विद्वान कहते हैं की शिक्षा, व्याकरण, छन्द, निरुक्त, ज्योतिष, कल्प वेदों के छः अंग होते है।	शिक्षा, व्याकरण, छंद और ज्योतिष इन सबको अच्छी प्रकार जानो, यह सब वेदोंके ज्ञाताजन ही हैं, जो ज्ञानको नहीं जानते
9	ये दिलचस्प खबरें हैं-विपक्ष के नियमों का पालन कर रहे हित समाचार संगठन, सोशल मीडिया और यूजर्स पर लगेगा जुर्माना.	इन ब्याज समाचारों का उल्लंघन करने के बाद ब्याज समाचार संगठनों और सोशल मीडिया के उपयोगकर्ताओं को दंड दिया जाएगा।
5	उनके विमान को राइट ब्रदर्स ने खरीद लिया।	उसका विमान Wright भाई ने खरीदा।
39	नई दिल्ली में श्रम कार्य में युव महिलाओं के साथ आयोजित एक राष्ट्रीय सलाह-समूह को संबोधित करती हुई आहू महिला-व्यवसाय में नवीनतम और अधिक श्रम-व्यवसाय सर्वेक्षण की रिपोर्ट के उपलेप के साथ-साथ कहा कि जैसे-जैसे देश की जनसंख्या बढ़ती है, भारत में भी प्रतिद्वन्द्वी, प्रेरित किया गया, और परिश्रम को करने वाली महिलाओं की कार्यबल को बढ़ाना आवश्यक है-	नई दिल्ली में श्रम कार्य में युवा महिलाओं को एक राष्ट्रीय सलाह-सभा को संबोधित कर आहूजा महिला-श्रम-कर्म में नवीनतम आवधिक श्रम-कार्य सर्वेक्षण के विवरण को संक्षिप्त करते हुए उन्होंने कहा कि जैसे-जैसे देश की जनसंख्य बढ़ती है, भारत में भी प्रतिभावान, प्रेरित, और परिश्रम पर महिला-कार्यबल को पांच प्रतिशत बढ़ाने की आवश्यकता है
10	उसके बाद तो सरकार से अनुदान मिलने की जो आशा थी, वह भी धूल में मिल गयी।	उसकी समिति द्वारा प्रस्तुत रिपोर्ट में देवपुर में गुरुकुल पर मर्मान्तक प्रहार किया गया।
8	एक मिनट की भी देरी होती तो मैं निकल जाता ।	एक मिनट भी देरी होगी तो मैं जाऊँगा।
3	तीस वर्षों से पढ़ा रहा है ।	तीस वर्षों से पढ़ा रहा है।
14	विभाग ने सिवान नगर में, छपारा नगर में, गोपालगंज नगर में, मोतिहारी नगर में, बेतिया नगर में, वैशाली नगर में, मुजफ्फरपुर ने शीत लहर के बारे में अलर्ट जारी किया है।	विभाग ने सिवान शहर, छपर शहर, गोपालगञ्जर शहर, मोतिहारी शहर, बेतिया शहर, वैशालीन शहर और ठंडे लहर के बारे में मुजफ्फरपुर के लिए अलर्ट जारी किया है।
2	तुम सब खाते हो।	तुम सब खाती हो।
6	वहीं तेलंगाना राज्य में कांग्रेस ने विजय पाई।	वहीं तेलंगाना राज्य में कांग्रेस ने जीत हासिल की.
17	संसद में भी, विधानसभा में महिलाओं के आरक्षण के बारे में विधेयक को कई वर्षों से लटकाये जाने के कारण श्री मोदी ने दो coalitions पर आलोचना की।	संसद और विधानसभा में महिलाओं के आरक्षण पर विधेयक कई वर्षों तक लटके रहने के कारण श्री मोदी ने दोनों गठियों की आलोचना की।
15	यदि पशु मुक्त हो जाए तो इस चीत्कार से मालिक, गाँव और टुकड़े का नाम भी ज्ञात होगा।	यदि पशु मुक्त हो जाता है तो इस चिप से स्वामी, गाँव का और खंड का नाम पता चलता है।
10	महापौर के लिए भाजपा ने कुल मिलाकर वोट लिया, बीजेपी को मार गया.	भाजपा ने महापौर के लिए वोट दिलाया और गठबंधन ने मर्त हासिल किया।
7	बुधवार को सेंसेक्स कमता के साथ खोला गया	बुधवार को सेन्सेक्स कमी के साथ खोला गया।
1	बैल	कबुल से
6	रात साढ़े तीन बजे दो चोर घर में घुसे।	रात साढ़े तीन बजे दोनों चोर घर में घुसे
16	वर्गाधिकारी आईआईटी रूडकी से सेवानिवृत्त प्रोफेसर दिनेश कुमार ने यह आग्रह किया कि संस्कृत एक व्यवहारिक भाषा हो।	वर्ग अधिकारी आईटी रुडकी से सेवानिवृत्त प्रो दिनेश कुमार ने आग्रह किया कि संस्कृत एक व्यवहारिक भाषा होनी चाहिए।
3	उन्होंने भयंकर कष्टों को सहन किया।	वे भयंकर कष्ट सहन करते हैं।
14	कार्यक्रम में निर्देशक विकास जायसवाल, निर्देशिका जगदम्बा जायसवाल ने बच्चों को उपहार भी दिया।	कार्यक्रम में निर्देशिका विकास जयसवाल और निर्देशिका जगदम्बा जयसवल ने बच्चों को उपहार भी दिये।
10	उसके बाद तो सरकार से अनुदान मिलने की जो आशा थी, वह भी धूल में मिल गयी।	उसकी समिति द्वारा प्रस्तुत रिपोर्ट में देवपुर में गुरुकुल पर मर्मान्तक प्रहार किया गया।
8	! हे राम फेंकने पर वह सिर वहाँ से एक योजन दूर मुनियों के आश्रममण्डल में मतङ्ग ऋषि के आश्रम के पास आकर गिरा ॥	श्रीरामचन्द्र जी माता के आश्रम के समीप गिर पड़े। यह उनकी योजना से अवगत हो गया था। वह मुनिरा आश्रम में थे ॥
13	हे अनन्तसार्मथ्य वाले भगवन्! आपके लिए अग्रत: और पृष्ठत: नमस्कार है, हे सर्वात्मन्! आपको सब ओर से नमस्कार है। आप अमित विक्रमशाली हैं और आप सबको व्याप्त किये हुए हैं, इससे आप सर्वरूप हैं।।	हे प्रभो! आपके आगे तथा पीछे के सब कुछ आपको नमस्कार है, आप ही सर्वदा नमस्कार हैं, असीमित और पराक्रमी हैं; आप ही सब कुछ समाप्त करते हैं, वे सर्वव्यापी हैं।
11	हे राम! ऐसा होने पर मुझे असत्य भी नहीं छू सकेगा। यह कहकर राजा दशरथ दुःखी होकर विलाप करने लगे ॥	इस प्रकार यदि में डाकू हूँ तो मुझे मत छुओ, हे राजन् ! यह कहकर वह अत्यन्त दुःखातुर हुआ और विलाप करने लगा ॥
2	जहाँ कहीं भी	कहीं भी
11	समाज को दिशा देने के लिए बर्थवाल ने चारों ज्ञान शरण लेने के बाद कहा कि वह गुणहीन को सच कर सकता है।	बर्थवाल ने कहा कि समाज को दिशा देने के लिए चार ज्ञान-श्रायी मार्गों को अपनाने से निर्गुण साधु कहा गया है।
6	कल उस पहरेदार ने चोर को बहुत मारा	कल उस द्वारपाल ने चोर को बहुत मारा।
10	राज्य में प्राकृतिक विपत्ति से पाठ लेकर सरकार इस विषय में योजना बनाती है।	राज्य में प्राकृतिक विपत्ति से पाठ लेकर सरकार इस विषय पर योजना बना रही है।
18	नरेंद्र मोदी के नेतृत्व में दसवीं वर्ष तक भारत को दुनिया का सर्वश्रेष्ठ देश बनाने का काम शुरू हो गया है, हम सभी के साथ मिलकर यह पूरा किया गया है।	नरेंद्र मोदी ने दसवीं वर्ष तक भारत को विश्व का सर्वोत्तम राष्ट्र बनाने का कार्य प्रारम्भ कर दिया है, हमें सबको मिलकर वह पूरा करना चाहिए।
5	केरल में पर्व का नाम बिशु है।	केरल में पर्व का नाम बिशु है।
22	केरल-केएसटीएएफ नेताओं ने कहा कि सरकार द्वारा आयोजित परीक्षा पर आधारित परीक्षा छात्रों के लिए बहुत फायदेमंद होगी।	केरल-केएसटीएएफ के नेताओं ने कहा कि यह परीक्षा छात्रों के लिए सबसे उपयुक्त है क्योंकि यह सरकार द्वारा आयोजित परीक्षा का मॉडल है।
4	हम दोनों कार्यकर्ता हैं।	हम दोनों कार्यकर्ता हैं।
5	बिना देर किए तेल ईंधन-और वितरण केंद्र बंद हो गया.	बिना देर किए तेल वितरण केंद्र बंद कर दिया गया।
9	एक बार श्रीकण्ठ उसके साथ सवेरे नौ बजे उसके घर गया।	एक बार श्रीकण्ठ उसके साथ प्रातः नौ बजे उसके घर गया।
10	भगवान ने नारद से कहा - नारद, पृथ्वी पर मेरा एक परम भक्त है	भगवान नारद बोले हे नारद! भूमि पर मेरा एक परम भक्त है।
18	जयराम ठाकुर ने कहा कि माफिया का इस प्रकार का शक्तिशालिनी होना न वर्तमान के लिए हितकारी है और न राज्य के भविष्य के लिए हितकारी है।	जयराम ठाकुर ने कहा कि माफिया को इस तरह से शक्तिशालिनी बनने से न वर्तमान के लिए और न राज्य के भविष्य के लिए हितकारी होता है।
8	उन्हें भारतीय ओलंपिक संघ के नेतृत्व के लिए निर्विरोध चुना गया।	वह बिना टूर्नामेंट के भारतीय ओलंपिक एसोसिएशन के नेतृत्व में गईं।
6	सदा सच बोलो, झूठ नहीं ।	सदा सच बोलो, असत्य नहीं ।
6	यह भगवान शेष का अवतार है ऐसा मान्यता है।	मान्यता है कि यह भगवान शेष का अवतार है।
1	निर्धारित कर	विघ्न
7	सौ लीटर-गोपथ औरब्राह्मण में पुराण काल्लेख उपलब्ध है, जिसकी लोकप्रियता का अनुमान किया जा रहा है।	सौ पथों और गोपथ ब्राह्मण में पुराण कालेख मिलता है, जिसकी लोकप्रियता अनुमान की जाती है।
5	और उष्ण तथा शीतकी अधिकतासे आग्नेय तथा सौम्य द्विविधात्मक जगत् है ॥	क्योंकि अग्नि द्विविध और सौम्य दोनों प्रकार की होती है ॥
9	इसके लिए उत्तर प्रदेश प्रशासन इस दिशा में कार्यों में सफल रहता है।	इसके लिए उत्तर प्रदेश प्रशासन इस दिशा में कार्य को अच्छी तरह से करता है।
4	सभी वैसे ही हो गए।	सभी वैसी ही हो गईं।
1	कोड़ा	कीचड़
27	इस प्रधानमंत्री कार्यक्रम में पश्चिम बंगाल के राज्यपाल डॉसी.वी. आनंद बोस राज्य विधानसभा में विपक्षी नेता सुवेनदु, अधिकारी राज्य मंत्री शान्तनु ठाकुर, सांसद जगन्नाथ सरकार भारतीय जनता पार्टी के राज्य अध्यक्ष सुकांतो और मजूमदार उपस्थित थे।	इस प्रधानमंत्री कार्यक्रम में पश्चिम बंगाल के राज्यपाल डॉसीवी. आनन्द बोस राज्य विधानसभा में विपक्षी नेता सुवेन्दु-अधिकारी राज्य मंत्री शान्तनुठाकुर, सांसद जगन्नाथ सरकार, भारतीय जनता पार्टी के राज्य अध्यक्ष सुकान्तो-मजूमदार भी उपस्थित थे.
3	जनजीवन अस्तव्यस्त हो गया है।	जन जीवन अस्तव्यस्त हो गया।
6	वे छात्र फिर से लिखते हैं तब	वे छात्र फिर से लिखते हैं तब ....
9	वेद, स्मृति, सदाचार और अपनी आत्माको प्रिय लगनेवाला यह चार प्रकारका धर्मका साक्षात् लक्षण कहा गया है	वेद, स्मृति और सदाचार - ये चारों प्रकार साक्षात् धर्म के लक्षण हैं।
6	अनेक बार मुगल राजा महाराणा प्रताप से पराजित हुए।	अनेक बार मुगल राजा महाराणा प्रताप से पराजित हुए।
10	सब धर्मों का परित्याग करके तुम एक मेरी ही शरण में आओ, मैं तुम्हें समस्त पापों से मुक्त कर दूँगा, तुम शोक मत करो।।	सभी धर्मों को त्यागकर मेरे पास आओ, मैं तुम्हें सभी पापीों से मुक्त कर दूंगा, शुद्ध नहीं होना।।
9	बाज की छाल के चूर्ण से (जल्दी से) बाज की छाल को चूर्ण कर लेना चाहिये । इस चूर्ण को चूर्ण कर देना चाहिये । इस चूर्ण को चूर्ण कर देना चाहिये । इस चूर्ण को चूर्ण कर देना चाहिये । चूर्ण कर देना चाहिये ।	हनुमान की प्रशंसा करने वाले वानरश्रेष्ठ ने उसकी सभी दवाओं को बनाकर ले लिया।
4	विशाल शिव मन्दिर कहाँ है ?	विशाल शिव मन्दिर कहाँ है?
1	गरुड़	गृध्र
11	बेटे ! दुकान जाकर नमक, चीनी, चावल, गुड़ और दाल लाना।	बेटा ! दुकान जाकर नमक, चीनी, चावल, गुड़ और दो डाल ला।
3	गायें बन में चरा।	गायों को जंगल में चराना।
8	श्रम थकावट ग्लानि (दुःख) प्यास शीत (जाड़ा) उष्णता (गर्मी) आदि सहने की शक्ति व्यायाम से ही आती है और                           परम आरोग्य अर्थात् स्वास्थ्य की प्राप्ति भी व्यायाम से ही होती है ।	परिश्रम, थकान, गर्मी, ठंड आदि में सहनशीलता और स्वास्थ्य में भी उत्तम व्यायाम उपयोगी होता है।
4	अभिषेकमनुशवी कांगग्रेस के राष्ट्रीय प्रवक्ता हैं।	अभिषेक मनसिंघवी कांग्रेस के राष्ट्रीय प्रवक्ता हैं।
22	मंगलवार तक, चंपा जिले के पांगड़ी जनजातीय क्षेत्र में निरन्तर बर्फबारी के बाद, लगभग 6 इञ्च में नया हिमपात हुआ है। इस कारण, क्षेत्र में भारी बर्फबारी चल रही है।	मंगलवार रात तक चम्बा जिले के पांगी जनजातीय क्षेत्र में लगातार बर्फबारी के बाद उपत्यकामुखील किला में लगभग 6 इंच तक नया हिमपात हुआ। इसके कारण इस क्षेत्र में तीव्र ठंड की लहर चल रही है।
3	पुण्य कर्मों से व्यक्ति पुण्यलोक को प्राप्त करता है।	पुण्य कर्मों से (व्यक्ति) पवित्र लोक को जीतता है।
9	महानिरीक्षक प्रज्ञता (आईजी इंटेलिजेंस) संतोष पिलायाल अधिकारी परिषद के अध्यक्ष नियुक्त हैं।	महानिरीक्षक प्रज्ञता (आईजी इंटेलिजेंस) संतोषपाल अधिकारी परिषद के अध्यक्ष नियुक्त हैं।
5	कल वह बहुत उग्र हो गया था।	कल वह बहुत उग्र हो गया।
7	उपवास के समय भी वह काम तो करेगा ही।	उपवास के समय भी वह काम तो करेगा ही।
3	उचित शब्दों से रिक्त स्थानों को भरो	उचित शब्दों से रिक्त स्थानों को पूरा करो
4	रास्ते में भी संस्कृत सम्वाद होता है।	रास्ते में भी संस्कृत सम्वाद होता है।
11	केंद्रीय सरकार की, राज्य सरकार के केन्द्र शासित प्रदेशों के विभिन्न विभागों में इन लोगों को नियुक्त किया जा रहा है.	केंद्र सरकार के, राज्य सरकार के और केंद्र शासित प्रदेशों के विभिन्न विभागों में इनको नियुक्त किया जाता है।
3	वृक्ष के ऊपर पक्षी शब्द करते हैं।	वृक्ष पर पक्षी शब्द करते हैं।
10	व्याकरण एक कठिन विषय है फिर भी उनके व्याख्यान में पतञ्जलिना की शैली संवादात्मक थी।	व्याकरण दुरुपह विषय है फिर भी पतञ्जलि द्वारा उसके व्याख्यान में प्रयोग की गई शैली संवादात्मक है।
7	पर्वत से समतल तक के क्षेत्र तीव्र ठंड के ग्रहण में होते हैं।	पर्वत से समतल तक के क्षेत्र तीव्र ठंड के ग्रहण में होते हैं।
5	इसके लिए जागरूकता अभियान की भी आवश्यकता है।	इसके लिए जागरूकता अभियान की भी आवश्यकता है।
4	छात्र कहाँ प्रवेश करता है ?	छात्र कहाँ प्रवेश करता है ?
6	हाथ के छू से तुम लग गई हैं, अब यह दृश्य और भी सुप्यता हो रहा है।	हाथ के स्पर्श से तुम प्रेम हो जाता है, यह तब सुगंधित दृश्य दिखाई देता है।
8	राजा बोला- हे मनुष्य तुम नहीं जानते मैं कौन हूं।	राजा ने कहा -पुरुष , तुम नहीं जानते कि मैं कौन हूँ ।
1	तीन	तीन
4	मूत्रके क्षयमें वस्तिस्थान में दरद ( पीडा) और अल्प सूत्र हो ॥	सूत्र क्षीण होने पर थोड़ापन तथा ढीलापन रहता है ॥
8	लोक की प्रसिद्धि के लिए इस व्याकरण शास्त्र द्वारा शब्द का प्रयोग किया जाता है।	लोकप्रसिद्धार्थ के लिए प्रयोग किये जाने वाले इस व्याकरणशास्त्र से धर्म का प्रापक नियम किया जाता है।
8	उसके कारण उस पर रसायन का प्रभाव नहीं रहता है	उससे उसके शरीर पर रसायन का प्रभाव नहीं होता है ।
1	वह सुनकर	यह सुनकर
3	इन्द्रगोप ( वीरबहूटी ) मण्डूक आदि तथा अनेक पार्थिव कृमिआदि उद्भिज कहलाते हैं ॥	इन्द्रगोपमण्डुक का उद्भिजन करो ॥
9	"वैसा ही है, कोई फर्क नहीं", ऐसा वह जवाब में बोला ।	"वैसे ही होता है। कोई विशेष बात नहीं" ऐसा वह बोला।
10	मुख्यमंत्री ने कहा कि जो सरकार से प्रश्न करते हैं वे कृष्णोपनेत्र पहनते हैं।	मुख्यमंत्री ने कहा कि जो सरकार पर सवाल उठाते हैं वे काले चश्मे पहनते हैं।
14	विदेश में विद्या ही मनुष्य की सच्ची मित्र होती है, घर में अच्छे स्वभाव वाली और गुणवती पत्नी ही मनुष्य की सबसे अच्छी मित्र होती है। रोगी व्यक्ति की मित्र दवाई है और जो मनुष्य मर चुका है उसका धर्म-कर्म ही उसका मित्र होता है।	परदेशमें विद्या मित्र है, घरमें स्त्री मित्र हैं, रोगीका औषध मित्र है और मृतका धर्म मित्र है॥
21	सज्जनोंकी संगति पुरुषोंके लिये दोनों लोकोंमें शुभकी प्राप्ति करानेवाली है, दु:ख-दलनमें दक्ष है, भला वह कौन-सा निर्मल फल नहीं दे सकती ? वह चित्तकी तृष्णा और मदको शान्त कर देती है, ज्ञानका आविर्भाव करती है, नीतिको जन्म देती है, विपत्तिका क्षय और सम्पत्तिका संचय करती है ॥	तृष्णा के निकल जाने पर मद को शान्त करता है, ज्ञान की प्राप्ति में नीति फैलाता है, अग्नि से विपत्तियाँ मिटाती है और धन को संचय करता है। सज्जनों के साथ शुभ और पुरुषार्थमय जीवन अथवा समाज की शोभा बढ़ाने वाली शोभा और उनके दुःख को मिटाने वाली शोकादि क्या कर सकती है? ॥
1	बिना	सिवाय
9	यात्रा के शुरू होने के बाद उज्जवल योजना के साथ-चारो तरफ नए अनुभव प्राप्त किये गये।	यात्रा के शुरू होने के बाद उज्ज्वला योजना के साथ-साथ चार करोड़ नए-वेतन प्राप्त हुए।
7	नालीयों और तालाबों की छते में इमारतें नष्ट हो गईं।	नालिकों और उपनदों के तट पर इमारतें क्षतिग्रस्त हो गईं।
4	वह भारतीय युवक है।	वह भारतीय युवक है।
9	आज तुम लोगों के साथ रमेश नहीं आयेगा ऐसा है न ?	आज रमेश तुम्हारे साथ नहीं आ रहा है ऐसा है न ?
4	पुत्र – बस यूँ ही ।	पुत्र  ठीक है।
16	निशाचर रावण तो वज्रह उस वृत्रासुर के समान रथ से भूमि पर गिर पड़ा, उसके हाथ से धनुष और बाण गिर गए।	निशाचर रावण तब वज्रस्त वृत्रासुर के समान रथ से भूमि पर गिर गया, उसके हाथ से धनुष और बाण गिर गए।
4	वह कहाँ जा रही है ?	वह कहाँ जा रही है ?
4	और ऊँचे वृक्षों (लकडियों) से रहित वनों को (तृप्त करके)	मुद्दामदाव और विधुर कानन ।
1	छोटी बुद्धि के उन लोगों के	अल्प बुद्धि वाले को
8	वह जो सेव बेचती है वो बहुत मीठे हैं।	वह जो सेव बेचती है वे बहुत मीठे हैं।
7	पुनः हिमाचल में उत्सव का मौसम बन गया है।	पुनः हिमाचल में उत्सव का मौसम बन गया है ।
6	अर्जुन ने उन शरणा को रोकने में असमर्थ थे।	अर्जुन उन बाणों का प्रतिकार नहीं कर सका।
18	करमुक्ति, सभी वर्गों के लिए मित्रपूर्ण, कुछ नई योजनाएँ, कैसे भी आश्चर्यजनक विवरण अब हर आयव्ययक का यही सार है ।	कर से मुक्त, सभी वर्गों के लिए मैत्रीपूर्ण, कुछ नई योजनाएँ, कुछ आश्चर्यजनक विवरण अब हर आयव्ययक का यही सार है।
4	एक बच्ची गणेशमंडप जाती है।	एक बच्ची गणेशमंडप जा रही है।
4	चेक गणराज्य में दौड़ स्पर्धा चल रही है।	चेक गणराज्य में दौड़ स्पर्धा चल रही है।
13	यादव ने अपने सम्बोधन में कहा कि यह मंडप पर्यावरण की दृष्टि से भारत की प्रतिबद्धता का प्रतीक है।	यादव ने अपने सम्बोधन में कहा कि यह मण्डप पर्यावरण की दृष्टि से प्रतिस्थापन करने वालों के प्रति भारत की प्रतिबद्धता का प्रतीक है।
7	जो निःसंकोच बोलता है वह ही सफल होता है ।	जो निसंकोच बोलता है वही सफल होता है
9	श्रीफ्रांस की संख्या अंकीय-सार्वजनिक-समूह की संरचना-विषय पर गोल-मोटा-वह मन्त्रण सत्र में भी सम्मिलित होंगे।	श्रीफ्रांस अङ्कीय-सार्वजनिक-आधारित संरचना-विषय पर गोल-स्टेज-वह मंत्रण सत्र में भी शामिल होंगे।
4	गुणजी  एक बकरी को दुहता है।	गुणजी एक बकरी को दुहता है।
3	छात्र उत्तर लिखेगा।	छात्र उत्तर लिखेगा।
1	खराब	समृद्ध
1	शिष्य	छात्र
7	जो मेरे दोषों को दूर करते हैं वे मेरे गुरु हैं	जो मेरे दोष दूर करते हैं वे मेरे गुरु हैं
6	सुबह तीन बजे वह सोया।	सुबह तीन बजे वह सोया।
11	मुख्यमंत्री सुखविंदर सिंह सुक्ख दो दिवसीय कार्यक्रम में दिल्ली के लिए शीर्ष नेताओं से बैठकर मुलाकात करेंगे।	मुख्यमंत्री सुखविंदर सिंह सुक्खू दो दिन के भीतर दिल्ली जाकर उपदेश के साथ बैठक में उपस्थित होने के लिए आमंत्रित करेंगे।
9	उन्होंने भी उस नाई की बांधकर मरने से बचे हुए  क्षपणकों के साथ न्यायालय में ले आए।	उनके साथ ही वह नाई बाँधा हुआ और हतशेष के साथ धर्म का आश्रय लेकर चला।
6	नामों ने भी गोलियां बजाने शुरू कर दी हैं।	नाम गोलीबारी करने लगे।
6	चिन्तपूर्ण मंदिर में लंगर प्रसाद के ऑनलाइन दर्शन सुविधाएं शुरू हो गई हैं।	चिन्त्मी मंदिर में लंगर प्रसाद के साथ ऑनलाइन-आरक्षण की सुविधा शुरू हो गई है।
3	बिल में हजार से अधिक चींटियाँ रहती हैं	बिल में हजार से अधिक चींटियाँ रहती हैं
9	यह अरुणाचल राज्य से भारत में प्रवेश करता है और असम में और बांग्लादेश में फैलता है।	यह अरुणाचल राज्य से भारत में प्रवेश करता है और असम राज्य और बांग्लादेश में बहता है।
10	उन्होंने कहा कि राज्य सरकार दिसंबर को एक वर्ष पूर्ण करने की जा रही है.	उन्होंने कहा कि राज्य सरकार दिसंबर को एक वर्ष पूरा करने जा रही है।
8	शनिवार सुबह हाड़ी समुदाय के कई लोगों को सचिवालय के मुख्य सचिव समिति में शामिल किया गया।	शनिवार दोपहर हाड़ी समुदाय के कई लोग सचिवालय के मुख्य सचिव कक्ष में पहुंचे।
9	इला – चिंता मत करिये भैया ! अब चित्र ले लीजिये।	इला  चिन्ता न करो भैया! अभी चित्र लीजिये।
4	मेरे द्वारा पुस्तक पढ़ी जानी चाहिये ।	मेरे द्वारा पुस्तक पढ़ा जाना चाहिये ।
1	कवर	ढका हुआ
8	जब वह हृदय के स्थान पर ही रहता है तब नामरूपी फल मिलते हैं।	जब वह हृदय स्थान पर ही रहता है तब नामरूप लीन हो जाते हैं।
5	उसके पिता अस्वस्थ हैं।	उसका पिता अस्वस्थ है
3	यह मधुमक्खी निर्माण करती है।	इससे मधु उत्पन्न होती है।
4	सब मिलकर खाना खाते हैं।	सब मिलकर खाना खाते हैं।
10	उसी प्रकार वह षष्ठ हिंसक है, जो इस मांस को खाने के लिए परोसता है।	वैसा ही वह छठा हिंसक है, जो मांस खाने के लिए परोसता है।
3	ऐसा सुनकर अजीज सफल हुआ।	अजीज सफल रहा
3	वह वाशिंग मशीन चलाती है।	वह वाशिंग मशीन चलाती है।
1	देखो, ठहरो	देखते रहो
15	और उन्हीं बाबागुरूजी से पढ़कर, कवित्त्व की आकाङ्क्षा रखने वाले इस शतक का विधान (रचना) करने का, मेरा यह प्रयास है, क्योंकि मनुस्मृति में भी कहा गया है कि गुरुओं में बढ़ी हुई श्रद्धा, निश्चित रूप से फलवती होती है।	इसलिये कवि की दृष्टि को बढ़ाने के लिए मेरी यह नौवीं चेष्टा मनुष्यों में ही पूरी हो गयी है। मेरे द्वारा कही गयी श्रद्धा का फल पलायन करने के पश्च्यात बड़े-बड़े ही विद्वानों में प्रवृद्ध हुआ ॥
8	संस्कृत भारती के अखिल भारतीय सचिव पी.एसकार्यक्रम का उद्घाटन नंद कुमार करेंगे.	संस्कृत भारत के अखिल भारतीय सचिव पी. नन्दकुमार कार्यक्रम का उद्घाटन करेंगे।
6	करतारपुर की स्थापना भी गुरुनानक जी ने ही की ।।	करतारपुर की स्थापना भी गुरुनानक ने की।
15	शाम को डॉ. राजीव बिन्दल ने कहा कि भारतीय जनता पार्टी के तीन प्रमुख राज्यों में बड़ी जीत ने देश भर में भाजपा का समर्थन किया।	बजे डॉ. राजीव बिंदल ने कहा कि भारतीय जनता पार्टी के तीन बड़े राज्यों में बड़े विजय से देश का पूरा वातावरण भाजपा के अधीन हो गया है।
6	धन्यवाद पिताजी कल पैसा ले जाऊँगा ।	धन्यवाद पिताजी ! कल धन ले जाऊँगा
4	तुम सब ने लौकी का हलुआ पकाया।	तुम सब ने लौकी का हलुआ पकाया है।
13	रूस द्वारा यूक्रेन के साथ युद्ध छेड़ने के दो सौ दिन बाद पलटवार और जवाबी कार्रवाई की खबरें सामने आ रही हैं.	यूक्रेन के साथ रूस द्वारा शुरू हुए युद्ध के दो सौ दिन बाद पलटवार और जवाबी कार्रवाई की खबरें सामने आ रही हैं।
1	ज़ेवर	रत्न
3	वे राष्ट्रगीत गाती हैं।	वे राष्ट्रगीत गाती हैं।
5	इस मौके पर छात्रों ने भाग लिया।	इस दौरान विद्यार्थियों ने भाग लिया।
10	परन्तु तत्त्वज्ञानी पुरुष सभी रूपों में केवल तुम ही देखते है'यह अच्छा है।	परन्तु तत्त्वज्ञ पुरुष सभी रूपों में केवल तुमको ही देखता है' यह अच्छा है।
9	नंबर प्राप्त हुआ-श्रीलंका4 थ्रोइंग राउंड में 105 रन बनाकर आउट हुए।	जीता हुआ स्कोर-श्रीलंका 19 विकेट पर 105 रन के साथ आउट हो गई.
3	श्रीहरिकोटा से भेजा गया।	श्रीहरिकोटा से भेजा गया।
4	हिमालय में वह यति को देखेगा।	हिमालय में वह यति देखेगा।
8	कुछ दिन पहले अजय रेड का चित्रोतलन शुरू हुआ।	कुछ दिन पहले अजय रेड ने चित्रोतलंघन शुरू किया।
3	नदी का नाम गङ्गा ।	नदी का नाम गंगा है।
22	हमीरपुर जिले के बिझड़ी क्षेत्र में आयोजित सरकार गांव के दरवाजे पर'' कार्यक्रम के तहत बातचीत के अवसर पर मुख्यमंत्री सुख- आश्रय-योजना के लाभार्थी ने इस कल्याणकारी योजना के लिए मुख्यमंत्री सुखविंदर सिंह सुक्ख ने आभार व्यक्त किया।	हमीरपुर जिले के बिझड़ी क्षेत्र में आयोजित सरकार गाँव के दरवाजे पर'''कार्यक्रम के तहत संवाद के अवसर पर मुख्यमंत्री सुख- आश्रय-योजना के लाभार्थियों ने इस कल्याणकारी योजना के लिए मुख्यमंत्री सुखविंदर सिंह सुक्ख ने आभार व्यक्त किया।
6	आभा – मेरे पास टार्च है।	आभा  मेरे पास टार्च है।
8	राज्य सरकार लोकसेवा आयोग के माध्यम से 1243 पुलिस रक्षकों को नियुक्त करेगी।	राज्य सरकार लोकसेवा आयोग के माध्यम से 1243 पुलिसकर्मियों को नियुक्त करेगी।
4	उसके बाद उन्होंने भजन गाए।	बाद में उन्होंने भजन गाया।
4	वह सुख प्राप्त करता है।	वह सुख प्राप्त करता है ।
1	बैठाया	लगाव करने वाला
4	वह माँ के पास जाता है।	वह माँ के पास जाता है।
9	जब 10 बजता है तब विद्यालय खुलता है।	जब 10 बजे होता है तब विद्यालय का उद्घाटन होता है ।
5	उसने ननंद के साथ बात शुरू की	उसने ननंद के साथ बात शुरू की।
11	अनेक जन्मों के संचित ब्रह्महत्यादि समस्त पाप इसके पठनमात्र से 'निःसन्देह नष्ट हो जाते हैं, क्योंकि श्रीरामजी का ऐसा ही वचन है ॥	ब्रह्महत्या आदि अनेक जन्मों तक किये गये पापों के नाश होने पर भी संशय नहीं होता, जैसा श्रीरामचन्द्रजी के वचनों का नाश होता ॥
1	कहा गया।	कहा।
4	प्रतिभावान छात्र दिवंगत हो गए।	प्रतिभाशाली छात्र दिवंगत हो गए।
6	महाराष्ट्र राज्य के सरकार के लिए प्रवास का अवसर-संस्कारिक व्यवहार मंत्री ने समाज कल्याण शिक्षा विभाग में कैबनेट के शिखर पर सम्मान भी किया।	महाराष्ट्र राज्य सरकार में प्रवासोदयम-सदस्य व्यवहार मंत्री ने सामाजिक कल्याण और शिक्षा विभाग में कैबिनेट स्तरीय स्थान का भी सम्मान प्राप्त किया।
9	ओह , इसीलिए मैं भी ठण्ड अनुभव कर रहा हूँ ।	ओह , इसीलिए मैं भी ठंड अनुभव कर रहा हूँ ।
13	राज्य सरकार यह सुनिश्चित करती है कि राज्य के प्रत्येक वर्ग को इन योजनाओं से लाभ उठाना चाहिए।	राज्य सरकार यह सुनिश्चित कर रही है कि राज्य के प्रत्येक वर्ग को इन योजनाओं से लाभ उठाया जाए।
1	पेट	पेट
1	हटानेवाला	अपहरण करने वाले को
7	मन्त्रियों ने हर्षवर्धन और जगत सिंहनगी का स्वागत किया।	मंत्री हर्षवर्धन और जगतसिंह नेगी ने स्वागत किया।
11	हे कृष्ण ! बलपूर्वक हाथ झिटककर चले गये, इसमें क्या बड़ी बात हुई? आपकी वीरता तो मैं तब मानूँगा जब मेरे हृदयमेंसे चले जायँगे ।।	हे कृष्ण ! हाथ छोड़ कर बलपूर्वक निकल जाने में तुम्हारा क्या आश्चर्य है? अब तुम्हारे हृदय में रहने वाले निर्वासित पुरुषों की गिनती कर रहा हूँ।
4	लव – भगवान् सूर्य।	लव  भगवान् हजार दीपों से युक्त हैं।
9	हे पाण्डव! जो पुरुष मेरे लिए ही कर्म करने वाला है, और मुझे ही परम लक्ष्य मानता है, जो मेरा भक्त है तथा संगरहित है, जो भूतमात्र के प्रति निर्वैर है, वह मुझे प्राप्त होता है।।	जो प्राणी सब प्राणियों में निर्भय है, वह मुझे ही परम भक्त तथा आत्मज्ञानी समझता है, वही पाण्डव है।।
6	सभी बच्चे नीरव के बगीचे में खेलते हैं	सभी बच्चे नीरव के बगीचे में खेल रहे हैं
10	भ्रष्टाचार, सू की को पहले ही देशद्रोह और अन्य अपराधों के लिए 11 साल जेल की सजा सुनाई गई थी।	भ्रष्टाचार, देशद्रोह के आरोप में पूर्व ही सुईची को 11 साल की जेल की सजा सुनाई गई थी।
1	पाँव	पैर
9	मन को हरने वाले फूलों को देखकर दुःखित मनुष्य का मन भी प्रसन्न हो जाता है।	मनोहारी फूलों को देखकर दुखी मनुष्य का मन भी प्रसन्न होता है।
5	उसके साथ आहुति बहन भी है।	उसके साथ आहुति बहन भी है
15	सूचना एवं प्रसारण मंत्री अनुराग सिंह ठाकुर ने कहा कि विकसित भारत-संकल्प यात्रा पिछले साल नवंबर में शुरू हुई थी।	सूचना एवं प्रसारण मंत्री अनुराग सिंह ठाकुर ने कहा कि विकसित भारत-संकल्प यात्रा पिछले साल नवंबर में शुरू हुई थी।
4	डेढ़ सौ युवक हैं	डेढ़ सौ युवक हैं
6	प्रांत मंत्री गिरीश चंद्र तिवारी ने परिचयात्मक भाषण दिया।	प्रांत मंत्री गिरीश चंद्र तिवारी ने परिचयात्मक भाषण दिया।
5	जो कल्याणकारी गुण हो, उन्हें हमें दीजिए	तुम्हारा कल्याण हो, सुनो।
11	प्रधानमंत्री ने कहा कि इस समय सदन के कार्य में बड़े अवसर होंगे।	प्रधानमंत्री ने कहा कि इस दौरान सदन के कार्य के लिए बड़े अवसर होंगे।
10	किन्तु जरा देखो मेरा बुरा करने वाला यह चूहा सदा पात्र में रखे हुए भिक्षा के अन्न को उछल कर खा जाता है।	परन्तु देखो यह चूहा हमेशा बर्तन में स्थित भिक्षान को उछलकर खाता रहता है।
3	चूहे दौड़ते है |	चूहे दौड़ते हैं ।
5	क्या वह नहीं मानता ?	क्या वह नहीं मानता ?
5	आजीवन सबको मातृभाषा पसन्द आती है।	आजीवन सबको मातृभाषा अच्छी लगती है ही
1	प्रकृति	प्रकृति
1	विद्याधर	खेद है
11	उन्होंने कहा कि नए प्रौद्योगिकी कारण से विकसितकर्ताओं के आह्वानों को रोकने के लिए हमें तैयार रहना चाहिए।	उन्होंने कहा कि नई प्रौद्योगिकी के कारण होने वाले आह्वानों का निवारण करने के लिए हमें तैयार रहना चाहिए।
16	जिन पक्षियों के बच्चे खाए जाते थे उनके द्वारा शोक से दुःखी होकर विलाप करते हुए इधर-उधर खोज शुरू की गई। इस बात को समझ कर वह बिलाव खोखर से निकल कर बाहर भाग गया। बाद में इधर-उधर खोजते हुए पक्षियों को वहीं वृक्ष की खोखर में बच्चों की हड्डियाँ प्राप्त हुई	जिन्होंने उनके पैरों को खा लिए वे शोक से व्याकुल हुए और उत्सुकता से उन्हें जाने के लिए बिल्ली कोटरों के पास ले जाकर भाग गई और पीछे पक्षियों के समान तरुकोटर में बच्चे की हड्डियाँ मिलीं।
9	हे राम ! सुदैव तुझ से युद्ध में कुम्भकर्ण गिर गया।	हे राम ! सुदैव से युद्ध में तुम कुम्भकर्ण को मार दिया।
5	बच्चों का गुरुकुल अलग है	बच्चों का गुरुकुल अलग है।
8	इस द्वंद्वी की पत्नी जीजाबाई कठोर थीं।	इसकी दूसरी पत्नी जीजा बायी कठोर थी।
3	अर्पित व्याख्यान सुनता है।	अर्पित व्याख्यान सुनता है।
3	विद्यालय के चौकीदार को निवेदन करती है।	विद्यालय के चौकीदार को निवेदन करती है।
5	आज निश्चित ही वर्षा होगी।	आज निश्चित ही बारिश होगी
13	यह कर राम को गले लगाकर मुक्त कण्ठ से रुदन करने लगे। तदनन्तर राम ने हाथ में जल लेकर पिता के अश्रूजल को पोंछा छे ॥	इस प्रकार श्रीरामचन्द्रजी मुक्तकण्ठ से राम का आलिंगन कर रोने लगे। इस प्रकार पिता के जल से रामजी को विमोहित करते हुए उन्हें आँखें मिलीं ॥
7	श्यामला इससे पहले संस्कृत कार्य करती थी ।	श्यामला पहले संस्कृत काम करती थी
10	कहा जाता है कि रामचरण सिनेमा में सुहेल देव बरहज की राजपूत योद्धा की भूमिका पर दिखाई देता है।	कहा जाता है कि रामचरण फिल्म में सुहेलदेव बरहज नाम के राजा के योद्धा की भूमिका में दिखाई देता है।
14	कौआ बोला- हे बालिका (लड़की)! मैं चाहता हूँ कि तुम हमेशा यहीं रहो परंतु तुम्हारी माँ अकेली है।	कौआ बोला-बेटी! मैं चाहती हूँ कि तुम हमेशा ही यहाँ रहो, परन्तु तुम्हारी माँ तो अकेली है।
9	नौ सदस्यीय परिस्थितियों वाले एक प्राधिकरण की नेतृत्व जिम्मेदारियाँ-पर्यावरणीय परिवर्तन-वन विभाग की कार्य पर्यवेक्षक सुप्रिया साहो हैं।	स्थिति-पर्यावरणीय परिवर्तन-वन विभाग के कार्य मंत्री सुप्रिया साहो हैं।
15	कहा गया है कि अब बाथु-मातृस्थानक पंजाब के मेहनादल एसबी के साथ पाइप संयोजन के माध्यम से जोड़ने का काम पूरा हो जाएगा।	कहा गया है कि अब बाथु-मातृस्थानक पंजाब के मेहंदाकल एसबी के साथ पाइप के संयोजन द्वारा काम पूरा हो जाएगा।
16	प्रधानमंत्री ने कहा कि चिंतायुक्त युवा बच्चों को प्रतिकूल परिस्थितियों में रह जाना चाहिए, क्योंकि मानसिक कष्ट जीवन के साथ जुड़ा हुआ है।	प्रधानमंत्री ने कहा कि चिन्तायुक्त बच्चे प्रतिकूल परिस्थितियों में रहना चाहिए, क्योंकि मानसिक कष्ट जीवन का सामना करना पड़ता है।
40	सड़क दुर्घटना में यात्रियों और पर्यटकों का समय-समय पर आपातकालीन स्वास्थ्य सेवाएं प्रदान करने के लिए मुख्यमंत्री चंडीगढ़-माली राष्ट्रीय राजमार्ग पर घुमारवीं में नागरिक चिकित्सालय के लिए लालच श्री लाल बहादुर शास्त्री-राष्ट्रीय-स्वास्थ्य और कॉलेज के लिए परवाणु-शिमला-राष्ट्रीय राजमार्ग पर नागरिक चिकित्सालय और धर्मपुर के लिए, पठानकोट-मांडी राष्ट्रीय राजमार्ग पर नागरिक चिकित्सालय और पलामपुर के लिए चारों हमले-उन्होंने केंद्रों का सहयोग करने के लिए भी प्रार्थना की।	सड़क दुर्घटना में यात्रियों और पर्यटकों के लिए समय-समय पर आपातकालीन स्वास्थ्य सेवाएं प्रदान करने के लिए मुख्यमंत्री चंडीगढ़-मनेली ने मनाली राष्ट्रीय राजमार्ग पर स्थित घुमारवीं स्थित नागरिक चिकित्सालय के लिए नेरचौक के श्री लाल बहादुर शास्त्री-राजकीय-चिकित्सा कॉलेज के लिए परवाणु-शिमला-राष्ट्रीय सड़क पर स्थित नागरिक अस्पताल के लिए धर्मपुरा, मण्डी-मण्डी ने राष्ट्रीय राजपथ पर स्थित राष्ट्रीय अस्पताल पर स्थित पलामपुरा के लिए चार आघात-केंद्रों को भी मंजूरी देने का अनुरोध किया।
3	एक निर्धन बोला	एक निर्धन बोला
9	दौलतसिंह के अन्य तीन भाई और एक बहन थे।	दौलतसिंह के अन्य तीन भाई और एक बहन थे।
5	कल रात सम्मान समारोह हुआ।	कल रात सम्मान समारोह हुआ।
7	मच्चित्त होकर तुम मेरी कृपा से समस्त कठिनाइयों (सर्वदुर्गाणि) को पार कर जाओगे; और यदि अहंकारवश (इस उपदेश को) नहीं सुनोगे, तो तुम नष्ट हो जाओगे।।	यदि तुम अहंकारवश मेरी यह वाणी को न सुनोगे, तो तुम मुझे सर्वदुर्गति से तृप्त करोगे।।
3	वह पहुँची।	वह पहुँची।
1	सूचित करती है	इंगित करती है
10	क्षत्रिय श्रेष्ठ कोई राजा था। वह अपने श्रेष्ठ चरित से जगत देव बन गया। जिसे प्रजा अपना आराध्य मानती थी। वह राजा प्रजापालनादि कर्तव्यों से सभी लोकों में प्रसिद्ध हो गया। उसकी कीर्ति सभी लोकों में फैल गयी थी। उसकी कीर्ति का अतिशय वर्णन करते हुए कवि ने कहा कि उस राजा की कीर्ति रूपी कमल में आकाश भी भ्रमरवत् अन्तर्निहित है।	क्षत्रिय और पृथिवी के स्वामी जगन्देवी के लिये सर्वतोभावेन कल्याणकारी हो, क्योंकि यदुराजा का पुत्र कमल के समान कान्तीय आकाश में भ्रमण करता है ॥
4	राजा ब्राह्मण को धन देता है।	राजा ब्राह्मण को धन देता है
3	वह गिर गई ।	वह गिर गई।
5	दे दो , मेरी गेंद दे दो ।	दो , मेरी गेंद दो ।
5	सभा में कई केंद्रीय मंत्री उपस्थित थे।	सभा में कई केंद्रीय मंत्री उपस्थित थे।
15	प्रत्येक उत्सव गाँव का और किसान का होता है। मेरी इच्छा है कि सुख और समृद्धि का निरन्तर प्रवाह हो।	प्रत्येक उत्सव गाँव का और किसान का होता है। मेरी इच्छा है कि सुख और समृद्धि निरन्तर बहती रहे।
10	ऐ कन्हैया हमें दौड़ते समय यहाँ गिर पड़े तो मैयाके हाथका सहारा लेनेके लिये रो रहे हो। क्या तुम पतितों का उद्धार करनेके समय उनके करुण क्रन्दनको देखकर अपनी इस दशाको याद नहीं करते। [जैसे तुम आज माताका सहारा चाहते हो पैसे ही दूसरे पतित भी तुम्हारा सहारा चाहते हैं]	रास्ते में दौड़ते हुए गिर पड़े रोते हुए कमल के समान नेत्रों को ढकने के लिए गिर पड़े। गिरते समय उन्हें बचाने के लिये तुम अपनी किस बात को याद करते हो? ॥
10	भ्रष्टाचार, सू की को पहले ही देशद्रोह और अन्य अपराधों के लिए 11 साल जेल की सजा सुनाई गई थी।	भ्रष्टाचार, देशद्रोह के आरोप में पूर्व ही सुईची को 11 साल की जेल की सजा सुनाई गई थी।
8	उन्होंने कहा कि राष्ट्रीय दूध विकास बोर्ड द्वारा परियोजना की सलाह दी जाने वाली सेवाएं प्रदान की जाएंगी।	उन्होंने कहा कि राष्ट्रीय दूध विकास बोर्ड द्वारा परियोजना के लिए परामर्श सेवाएं प्रदान की जाएंगी।
9	अब तक हम घर में राष्ट्र ध्वज फहरा नहीं सकते थे।	अब तक हम घर में राष्ट्रीय ध्वज नहीं फहरा सके थे।
9	उस समय सभी पन्नों को लिखने का काम पन्ने के ऊपर हो रहा था।	उस समय सर्वांसी लिपिनो लेखन कार्य स्यालपेटी पत्ते पर होता था।
8	उन्होंने कहा कि अयोध्या में भव्य राम मंदिर बन गया है।	उन्होंने कहा कि अयोध्या में भव्य राम मंदिर बन गया है।
8	उन्होंने कहा कि द्विगुणित शक्ति के माध्यम से सरकार ने लोगों का जीवन सुलाया है।	उन्होंने कहा कि द्विगुणी सरकार ने लोगों का जीवन सुलभ कर दिया है।
5	तुम अब कुशलपूर्वक है क्या?	तुम अब ठीक हो क्या?
6	वानी की दोनों टीमों के साथ समन्वय है।	भवानी के दोनों समूहों के साथ समन्वय है।
6	फिर भी तुम्हारा मनोरथ पूर्ण नहीं हुआ।	फिर भी तुम्हारी इच्छा पूरी नहीं हुई।
7	पराला से लौटकर मुख्यमंत्री ठियोग क्षेत्र की आलू बन गयी।	पराला से लौटकर मुख्यमंत्री ठियोग क्षेत्र की आलू भूमि पहुँचे।
3	पासवर्ड मत भूलिये।	पासवर्ड मत भूलिये।
5	राजा दुष्टों को कल दण्ड देगा ।	राजा दुष्टों को शीघ्र दण्ड देगा।
8	राज्य सरकार ने अनाथ बालकों को''राज्य के बच्चे''एक दत्तक ग्रहण किया है.	राज्य सरकार ने अनाथ बच्चों को 'राज्य के बच्चे' नाम से दत्तक ग्रहण किया है।
4	सारथी और बिल्ली को भी शेर ने मार डाला।	सारथी माता को भी शरौघ ने पढ़ा।
7	मंदिरों में, धार्मिक कार्यक्रमों में, विभिन्न स्थानों पर शोभायात्रा भी हुई.	मन्दिरों में धार्मिक कार्यक्रम और विभिन्न स्थानों पर भव्य यात्राएं हुईं।
12	विभाग फरवरी तक चम्बा, कुल्लू, मंडी, लाहौल-स्पीति, किन्नौर आदि में बर्फबारी की याद दिलाया।	विभाग ने फरवरी तक चम्बा, कुल्लू, मंडी, लाहौल-स्पीति, किन्नौर आदि में बर्फबारी की चेतावनी दी।
5	इसके लिए मिशन का निर्माण भी विचार किया जा रहा है।	इसके लिए कृत्रिम चिकित्सा मंत्रालय का निर्माण भी विचार किया जा रहा है।
22	श्री बलुनी ने कहा कि मानवों की व्यवस्था में हम कानूनी अधिकारों से बाधित हैं। हम मूलभूत हैं। उन्होंने कहा कि हम देश में जागते हैं और जागते हैं।	श्री बलूनी ने कहा कि लोगों के तंत्र में हम संवैधानिक अधिकारों से बँधते हैं, मौलिकों को हम जानते हैं। उन्होंने कहा कि हम राष्ट्र में जागते हैं और जागरुक होते हैं।
8	12 लोग घायल हो गए. अभी तक किसी ने भी हमले की जिम्मेदारी नहीं ली है।	12 लोग घायल हो गए. हमले की जिम्मेदारी किसी को भी नहीं ली गई।
1	कोण	कोना
10	रामचन्द्रजी को उनके इस निश्चय का पता चलने पर अति विस्मय हुआ और उन्होंने यह सोचकर कि में तो अयोध्या को लौटूंगा नहीं, ये व्यर्थ जंगल में क्लेश सहेंगे, सुमन्त्र को बुलाकर कहा "सुमन्त्र ! तुम रथ ले आओ हम अभी चलेंगे" ॥	यह निश्चय जानकर श्रीरामचन्द्रजी अति विस्मित हुए और बोले "मैं नगर को नहीं जाता हूँ, वे क्लेश में पड़ने वाले ही हैं।"
15	सत्तारूढ़ भाजपा 68 विधानसभा क्षेत्रों पर काबिज है, विपक्षी कांग्रेस पार्टी, तीसरा, आम आदमी पार्टी और पार्टी चुनाव लड़ेगी.	68 विधानसभा क्षेत्रों में सत्तारूढ़ बीजेपी, विपक्षी कांग्रेस और तीसरी अखिलेश विधानसभा चुनाव लड़ेंगे.
18	परिष्कृत एवं प्रदूषण रहित वातावरण हमारे लिए सांसारिक सुख है, अच्छा विचार, यह सत्य संकल्प एवं शुभ सामग्री प्रदान करता है। प्रकृति के प्रकोप से घबराकर इंसान क्या कर सकता है?	परिष्कृत और प्रदूषण से मुक्त पर्यावरण हमें सांसारिक जीवन सुख, सद्बुद्धि, सच्चिदानन्द और मांगलिक सामग्री देता है। मनुष्य प्राकृतिक उथल-पुथल से डरे हुए क्या कर सकता है?
2	वह बालिका  है  ।	वह लड़की
4	अष्टाध्यायी ग्रन्थ में कितने अध्याय हैं?	अष्टाध्यायि ग्रन्थ में कितने अध्याय हैं?
5	वे सभी संस्कृतगीत सुनना चाहते हैं।	वे सभी संस्कृत गीत सुनना चाहते हैं।
7	प्रधानमंत्री नरेंद्र मोदी ने राज्य के वाहनों को फैलाने की व्यवस्था की.	राज्य के राजा प्रधान मंत्री नरेंद्र मोदी ने सजीव प्रसारण की व्यवस्था की।
6	तब वैदिक संस्कृति का सब जगह चलन था।	तब वैदिक संस्कृति का सब जगह प्रचलन था।
4	भगवान ब्रह्माजी ने देवों के साथ रंगपूजा की	भगवान् द्रुव ने देवताओं के लिए रंगपूजा की।
4	हमारे वीर सैनिक राष्ट्ररक्षा करते हैं।	हमारे वीर सैनिक राष्ट्र रक्षा करते हैं।
5	जैसे पूरा हुआ्रीहै, पूरा हुआ्रीहै।	जिस प्रकार एक ही ऊन ऊन कपड़ा धारण करता है।
11	उन आनन्दाश्रुओं को ब्रह्माजी ने अपने हाथ में लेकर कुछ चिन्तन करने के पश्च्यात पृथ्वी पर डाल दिया। उनके पृथ्वी पर गिरते ही एक महाकपि उत्पन्न हुआ ॥	तब ब्रह्मा जी ने उसे पकड़ लिया और ध्यान (ध्यान) करके थोड़ासा त्याग दिया। तभी से ही वह महाकपि पृथ्वी पर गिर पड़ा ॥
7	बहुत से लोग केवल फल ही खा रहे थे।	बहुत से लोग केवल फल ही खा रहे थे।
11	महिला आयोग और महिला सुरक्षा संगठन के प्रतिबंध के बाद केरल सरकार ने महिला धन स्वतंत्रता अधिनियम में संशोधन के लिए एक अपरिहार्य कदम उठाने का फैसला किया है।	केरल सरकार ने महिला आरक्षण कानून को संशोधित करने की एक अनिवार्य प्रक्रिया का फैसला किया है, जिसे वनिता आयोग और महिला सुरक्षा संगठन द्वारा मंजूरी दी गई थी।
7	आप लोग विदेशियों की तरह वेष धारण किये हुए हैं।	आपने विदेशी की तरह वेश धारण किया है।
10	और मेरी पूजा सत्कार के अनन्तर सुखपूर्वक बैठकर प्रसन्नचित होकर मुझसे बोले हे राजन् । एक गुप्त बात सुनो, यह आपका अभ्युदय करनेवाला है ॥	तब भक्तजनों ने सुखपूर्वक बैठे हुए श्रीरामचन्द्रजी से कहा "हे राम! मेरे उदय होने के कारण गुप्त बात सुनो ॥
16	मुख्य वक्ता के रूप में आए कुलदीप मैंदोला ने सबके प्रशिक्षण के लिए अपना जीवन राममय बनाने के लिये प्रेरित किया क्योंकि हमारी चिरपुरातन संस्कृति राममयी है।	मुख्य वक्ता के रूप में आए कुलदीप मैंदोला ने सभी को प्रशिक्षण के लिए अपना जीवन राममय करने के लिए प्रेरित किया क्योंकि हमारी चिरकालीन संस्कृति राममय है।
10	मधुमास चैत्र शुक्लपक्ष नवमी तिथि कर्क लग्न में, पुनर्वसु नक्षत्र में जिस समय पाँच ग्रह उच्च राशि पर स्थित थे, सूर्य मेष राशि पर विद्यमान थे, उस समय परमात्मा सनातन जगन्नाथ का आविर्भाव हुआ। उस समय आकाश दिव्य पुष्पों की वर्षा से पूर्ण हो गया ॥	सर्प के दूसरे पंख में, नववें कर्कट के शुभ पक्ष में और पुनः वृक्षों के साथ ऊंचे ग्रहपंच पर
1	अधम मनुष्य।	नीच मनुष्य
8	इस संबंध में मंगलवार को झारमा जरीिस्तान में घटनास्थल से आवश्यक साक्ष्य एकत्र किया गया।	इस संबंध में झारमाजरी में मंगलवार को जाकर घटनास्थल से आवश्यक साक्ष्य इकट्ठा किया गया।
2	हे रवि	हे दोस्तो
6	आप उस दिन क्यूँ नही आये?	उस दिन आप क्यों नहीं आए ?
3	आप चतुर हैं ।	आप चालाक हैं।
9	लॉन्चर के सफल परीक्षण से इसके सभी उद्देश्य पूरे हो गए।	मिसाइल के सफल परीक्षण से इसके सभी उद्देश्य पूरे हो गए।
10	समस्त योगियों में जो भी श्रद्धावान् योगी मुझ में युक्त हुये अन्तरात्मा से (अर्थात् एकत्व भाव से मुझे भजता है, वह मुझे युक्ततम (सर्वश्रेष्ठ) मान्य है।।	जो पुरुष सब में योगियों का उत्पन्न हुआ अनन्यभाव देखकर मुझे श्रद्धा से भजता है, वह मेरा उत्तम प्रयोजन है।।
11	भारत में हर जगह, विशेष रूप से बंगाल में हर वर्ष यह पूजा अच्छी तरह से चलती है।	भारत में सब जगह, विशेषकर बंगाल में, यह पूजा हर साल अच्छी तरह से आयोजित होती है।
7	महान् वीरता को प्रदान करने के लिए गुरुजी सेनापति से किसी प्रकार बाहर निकल गए।	महान् वीरता प्रदान करके गुरुजी सेना के घेरे से किसी प्रकार बाहर निकले थे।
3	आप विद्यालय जाईये।	आप विद्यालय जाईये।
5	आपकी तकिया नहीं जानते !!!	आपकी तकिया नहीं जानते !!!
3	कार्यालय के पात्र धोता है।	कार्यालय के पात्रों को धोता है।
7	आती हूँ, चलें किसकी दुकान चलें ?	आता हूँ, चलते हैं। किसकी दूकान चलते हैं ?
8	उस समय मैं उसके सामने बहुत दुःखी था।	उस पूरा में उसके अभाव में मैं दुःखी था।
1	भूत, भविष्य, वर्तमान सबको जानने वाला	दूर तक
3	वह अपनी सेल्फी देखता है।	वह अपनी सेल्फी देखता है।
7	वह यहाँ विधानसभा उपाध्यक्ष विनय कुमार की जगह खड़े होंगे.	वह यहाँ विधानसभा उपाध्यक्ष विनय कुमार के स्थान पर खड़े होंगे।
9	प्रधानमंत्री नरेंद्र मोदी की यात्रा का सहारा लेकर तिरुचिरापल्ली में मजबूत सुरक्षा व्यवस्था का निर्माण किया गया	प्रधानमंत्री नरेंद्र मोदी की यात्रा के आधार पर तिरुचिरापल्ली में सुरक्षा व्यवस्था मजबूत कर दी गई है।
6	उन्होंने कहा कि देश के शहरों के द्वारा भारत जीता जा रहा है.	उन्होंने कहा कि देश के निवासियों द्वारा भारत को नया अवतरण देखा जा रहा है।
10	इस प्रकार के राज्यों के विकास में सहयोग करने के लिए आप सभी का दायित्व है।	ऐसे में राज्य के विकास में सहयोग करने का आप सबका दायित्व है।
6	हम पावों से चलते हैं। मुंह से बोलते हैं।	हम दोनों पैदल चलते हैं और मुँह से बोलते हैं।
13	परन्तु वह वाणी, जिसके प्रत्येक श्लोककी रचना शिथिल ही क्यों न हो, मनुष्योंके पापोंको ध्वंस करनेवाली होती है, यदि उसमें भगवान् अनन्तके नाम यशसहित अंकित हों; क्योंकि साधुजन तो उन्हींको सुनते, गाते और बोलते हैं ॥	हे भगवन्! वह वाणीरूपी सर्ग, लोकघोषसम्प्लव, जिसके प्रतिश्लोकमल के बन्धन होते हुए भी, अमान्य और अनंतकी यशगणित बातें जो भक्तजन सुनते, गाते और गिनते हैं वे साधुजन धन्य हैं ॥
9	और कहीं पर पति भी अपनी पत्नी के रूप में देवी का रूप धारण कर, सखियों के समान मानो।	और दूसरे स्थान पर पति को भी अपनी पत्नी को देवी के रूप और सखियों के समान समझना चाहिए।
14	उन्होंने कहा कि आपातकाल के दौरान हिमाचल प्रदेश में वही इमारतें नष्ट हो गईं जिनका संरचनात्मक विन्यास ठीक नहीं था।	उन्होंने कहा कि आपातकाल के दौरान हिमाचल प्रदेश में वही भवन नष्ट हो गए थे जिनका संरचनात्मक अवधारण ठीक नहीं था।
15	दर्शना – महोदया (मैडम)! आप काम के लिए गिरिजा जी (देवी) से पूछ रही थीं कृपया मेरी बेटी को मौका देकर आप उपकार करें।	दर्शना  देवी! आप कार्य के लिये गिरिजा महोदय से पूछ रही थीं कृपया मेरे पुत्र को अवसर देकर कृपा कीजिए।
6	उस भारतीय युवक के लिए हमेशा स्वस्ति की कामना।	उस भारतीय युवक को सदा कुशल की कामना है।
5	फर्श का रंग भी सफेद है।	फर्श का रंग भी सफेद है।
9	हे अनिन्दिते । पूर्वकाल में आप दशरथ जी सहित मेरी तपस्या कर मुझे पुत्र रूप में प्राप्त करने की इच्छा की थी। अतः इस समय प्रकट होकर मैंने आपके उस वरदान को पूर्ण किया है ॥	पूर्व समय में आप ने मुझे दशरथ के रूप में तपस्या के आश्रय दिया था और अब मुझे पुत्र रूप में प्राप्त करने की इच्छा हुई है, इस प्रकार मैंने आपकी निन्दा की ॥
6	मेरे घर पीतल की थाली है	मेरे घर पीतल की थाली है
6	मैं तो माँ के घर में हूँ ।	मैं तो माँ के घर में हूँ
7	सर्वप्रथम मंगलादा ने नईविष्णु रेगमी ने संस्कृत कक्षा के नियमों का आनंद लिया।	सभी को मंगल देकर नवीनविष्णु रेग्मी ने संस्कृत कक्षा के नियमों को सुनाया।
4	नगर में रहनवाले दुष्ट लोग भी नगर ही में रहते हैं।	नागरिक नगर में ही रहते हैं।
4	शोध की मुख्य विषय है तत्संबंधी विकास की पूर्ण उत्कर्षण।	अनुसंधान का मुख्य विषय उसके सम्बद्ध विकास का पूर्णोत्कर्ष है।
3	परिवार का मूल आधार पत्नी है।	पत्नी पत्नी ।
3	लव – उपनयन के उपदेश के कारण से।	लव  उपनयन के उपदेश से।
1	इंद्रियों से अधिक	इंद्रियों से
6	अनेकों के नाम हम नहीं  हीं जानते हैं।	अनेकों के नाम हम नहीं जानते हैं।
6	मैं कैसे बताऊँ कब है ?	मैं कैसे कहूं कब?
6	यज्ञ के बाद देवराज भानु को पुस्तकें देता है।	यज्ञ के बाद देवराज भानु को पुस्तकें देता है।
6	आज किसी की बातचीत नहीं सुनी ।	आज किसी का संवाद नहीं सुना।
15	इस दौरान भारत के इस वर्ष के सर्वश्रेष्ठ इंटरनेशनल क्रिकेट खिलाड़ी पसंद आए, और दीपस्यार्मा ने सबसे अधिक चर्चा की।	इस दौरान भारत के सर्वश्रेष्ठ अंतरराष्ट्रीय क्रिकेट खिलाड़ी चुन लिए गए शुभमनगिल और दीप्तिमा ने सबसे अधिक चर्चा की।
10	परन्तु तुम्हारे नौकर सदा सब जगह उपस्थित नहीं हो सकते।	परन्तु तुम्हारे नौकर हमेशा और सब जगह उपस्थित नहीं हो सकते हैं।
1	हमेशा ही।	हमेशा
1	पतिव्रता	पतिव्रता
15	समस्त आसक्तियोंको दूर करनेवाला सत्संग जिस प्रकार मुझे वशीभूत करता है वैसा न योग, न सांख्य, न धर्म, न स्वाध्याय, न तप, न त्याग, न इष्टापूर्त, न दक्षिणा, न व्रत, न यज्ञ, न वेद, न तीर्थ और न नियमादि ही कर सकते हैं ॥	मुझे न योग है, न सांख्य और न धर्म, न स्वाध्याय, न तप, न इष्टपूर्ति और न दक्षिणा रोकता है
1	दो लताओं से	लताओं पर
4	मैंने अपने आप शरबत बनाया ।	मैंने खुद पकौड़ा बनाया
4	सत्संग में वह प्रवचन सुनता  है।	सत्संग में वह प्रवचन सुनता है।
8	राजा बोला- हे मनुष्य तुम नहीं जानते मैं कौन हूं।	राजा ने कहा -पुरुष , तुम नहीं जानते कि मैं कौन हूँ ।
9	हे मित्र ! क्या तुमसवेरे अग्निहोत्र नहीं करते ?	हे मित्र ! क्या तुम सवेरे हवन नहीं करते हो ?
10	में प्रकाशित''मजाक''नमिका उनकी पहली कथावाचक बनीं।	1967 में प्रकाशित''द जोक''नामिका उनकी पहली कथा है।
16	सूचनाप्रसारण मंत्री अनुराग ठाकुर ने गुरुवार को सीबीसी, आरएनआई, न्यू मीडिया विंग, उन्होंने डॉक्यूमेंट एड्रेसबल प्रणाली का उद्घाटन किया.	सूचनाप्रसारण मंत्री अनुराग ठाकुर ने गुरुवार को सीबीसी, आरएनआई, न्यू मीडिया विंग और डिजिटल एड्रेसबल सिस्टम के लिए इंटरनेट परियोजनाओं का उद्घाटन किया।
7	इसी प्रकार, इल्मा अफरोज पुलिस अधिकारी जिला बाडी नियुक्त किया गया।	इसी प्रकार एलमा अफरोज को जिला पुलिस अधिकारी नियुक्त किया गया।
4	आदिवासी लोग आत्मरक्षा स्वयं ही करते हैं।	आदिवासी अपनी रक्षा स्वयं करते हैं।
4	मैंने अपने आप शरबत बनाया ।	मैंने खुद पकौड़ा बनाया
5	मल्लेश्वर जाने का मार्ग कौन-सा है ?	मल्लेश्वर जाने का क्या रास्ता है ?
3	उपक्रम बहुत मनोहर है।	उद्यम से बहुत आनन्दित है।
16	केंद्र में नरेंद्र मोदी सरकार ने इस क्षेत्र में संपर्क, आधारभूत संरचनाओं और ढहों का विकास, शांति और पुनर्स्थापन पर विशेष ध्यान दिया है।	केंद्र में नरेंद्र मोदी सरकार ने इस क्षेत्र में संपर्क, आधारभूत संरचनाओं और सुविधाओं का बढ़ना और शांति की बहाली पर विशेष ध्यान दिया है।
7	राज्य का सबसे ठंडा जिला है 7.830 सेल्सियस।	राज्य का सबसे ठंडा जिले 7,60 डिग्री सेल्सियस पर स्थित है।
5	आज मैंने अँगूर खाना चाहा।	आज मैंने अँगूर खाना चाहा।
5	वह नई पुस्तकें खरीदता ही है।	वह नयी पुस्तकें खरीदता ही है।
1	गाता हूँ।	गाती है।
3	जनजीवन अस्तव्यस्त हो गया है।	जन जीवन अस्तव्यस्त हो गया।
4	वृद्ध कैसे रहता है ?	वृद्ध कैसे रहता है ?
6	तीन दिवसीय सम्मेलन आज शुरू होगा	तीन दिवसीय सम्मेलन आज शुरू होगा।
10	मैंने यह विजय प्राप्त किया, रणे में रावण मारा और लंका को मैंने वशीभूत कर दिया।	मैंने यह विजय प्राप्त की, रण में रावण मारा गया और लंका को मैंने वश में कर लिया।
4	जा प्यारे ! पूरी विद्या करके आना।	जाओ प्रिय!पूरी विद्या करके आओ।
7	उन्होंनेन्हों नेसरोजिनी नायडू के साथ भी काम किया।	उन्होंने सरोजिनी नायडू के साथ भी काम किया।
4	माँ कैसे उतरती है ?	माँ कैसे उतरती है ?
9	हवाई जहाज बहुत ध्वनि करता है कार थोड़ी ध्वनि करती है।	वायुयान बहुत ध्वनि करता है कार थोड़ी ध्वनि करती है।
8	लेकिन निर्माताओं ने आज भी फिल्म की शूटिंग नहीं शुरू की।	परन्तु निर्माताओं ने आज भी चलचित्र का शूटिंग नहीं प्रारम्भ कर दिया।
3	भोजन पूरा कर रहा हूँ ।	मेरा भोजन समाप्त करता हूँ ।
5	प्रात: वेला का तुम सदुपयोग कर रहे हो।	तुम सवेरे का सदुपयोग करते हो ।
5	वनरक्षण में (वन की रक्षा करने में	वन संरक्षण में वनवासियों का विशेष योगदान है।
9	"वैसा ही है, कोई फर्क नहीं", ऐसा वह जवाब में बोला ।	"वैसे ही होता है। कोई विशेष बात नहीं" ऐसा वह बोला।
5	सबके पास शिक्षा अवश्य करनी चाहिये।	सबके पास शिक्षा अवश्य ही होनी चाहिए।
5	उसका पिता कौन है ?	उसका पिता कौन है ?
11	2019-20. के लिए 15 नए अटल आदर्श विद्याओं का घोषणा किया गया था।	जहां 2019-20 की budget में 15 नई अटल आदर्श विद्याओं की घोषणा की गई थी।
10	प्रशासन- आन्दोलनकारी-कृषि नेताओं के बीच एक नई बात आज होगी।	प्रशासन- आंदोलन-कृषि नेताओं के बीच आज नई बात होगी।
6	मैं अब काम में फंसा हुआ हूं।	मैं अभी काम में व्यस्त हूँ
7	तब वह ओ३म् बोलता है ।	तब वह ओ३म् बोलता है
10	सुखविंदर सिंह सुक्खू अपनी कार्यकाल की दूसरी budget को 17 फरवरी को प्रस्तुत करने जा रहे हैं।	सुखविंदर सिंह सुक्खू 17 फरवरी को अपने कार्यकाल की दूसरी बैठक में बोलेंगे.
10	अब शाम को होने वाले और सूर्य के आने पर युद्ध निवृत्त हो गया है।	अब शाम को आ रहा है और सूर्यास्त हो रहा है इसलिए युद्ध निवृत्त है
3	विशाखा कान का झुमका खरीदती है।	विशाखा कान के पैंट खरीदती है।
11	आप संसार के सम्पूर्ण प्राणियों की इन्द्रियों से अगोचर हैं। परन्तु मलमूत्र रूपी शरीर के मोह के पाश में फंसे हुए मनवाले मुझ दीन को अपनी ही माया से मोहित होकर पुत्रकलत्र, गृह आदि के अन्धकूप में मुझे पड़ा देखकर आप स्वयं पधारे हैं ॥	आप आज समस्त जगत के ज्ञाता हैं। आप माया से युक्त सुतकलत्र के घर के गड्ढे में डूबे हुए देखकर मेरा मन धूलिधूसरित और चञ्चल हो गया और मेरे पाश से बँधे हुए मेरे हृदय में स्वयं आ गए ॥
3	नदी का नाम गङ्गा ।	नदी का नाम गंगा है।
9	वी-अंग-उपसर्ग से पहले की गई लूट (अन) के प्रत्युत्तर पर वर्णित शब्द समाप्त हो जाता है।	वी-आंग-ग्रामर का शब्द प्रत्यय होने पर उपसर्ग पूर्व से लिया गया ल्यूट (अन्न) समाप्त होता है।
8	उज्जयिनी के राजा विक्रमादित्य के काल से विक्रमसंवत्सर की गणना होती है।	उज्जयिनी के राजा विक्रमादित्य के समय से विक्रम वर्ष की गणना होती है।
6	उसके बाद सुमित्रा के घर गया।	उसके बाद सुमित्रा के घर गया।
6	वह वहीं बैठकर सब कुछ देखता है।	वह वहीं बैठकर सब कुछ देखता है ।
8	विभा - "रेल से उतर रहा है" ऐसे बोलो ।	विभा - "रेल से उतर रहा है" ऐसा बोलो ।
4	तुम सब क्या खाओगे ?	तुम सब क्या खाओगे ?
14	हे राजन् ! कलियुगमें वे ही भाग्यवान् और कृतार्थ हैं, जो श्रीहरिका नामस्मरण करते और कराते हैं ॥	हे राजन् ! सभागया के द्वारा मनुष्यों के लिए जो निश्चित कर्म किया गया है, उन्हें ही याद करते हैं, जो कलयुग में भगवान् का नाम स्मरण करते हैं ॥
11	हे भरतश्रेष्ठ ! जिस काल में (मार्ग में) शरीर त्याग कर गये हुए योगीजन अपुनरावृत्ति को, और (या) पुनरावृत्ति को प्राप्त होते हैं, वह काल (मार्ग) मैं तुम्हें बताऊँगा।।	हे भरत श्रेष्ठ ! जहां योगीजन आपके आवृत्ति और अववृत्ति के समय पर प्रयाग करते हैं, उस समय को मैं कहूंगा।
8	मेरे मित्र स्वतंत्रता के बाद से यहाँ रहते हैं ।	मेरे मित्र आजादी के यहाँ रहते हैं।
4	मेरे मित्र भी आएँगे।	मेरे मित्र भी आएँगे।
5	प्रधानमंत्री ने लोगों को युवजन-महोत्सव की शुभाशंस की.	प्रधानमंत्री ने लोगों को युवजन महोत्सव की शुभकामनाएं दीं
1	आठ	आठ
9	वहां तुम्हारा निवास निर्दोष है, वहाँ किसी का बाध नहीं है।	वहाँ तुम्हारा निवास निर्दोष है, वहाँ किसी की बाधा नहीं है।
1	अज्ञानता से	अज्ञान से
1	घुस जाइए	प्रवेश करें
7	प्रकृतिमाता – मैं प्रकृति तुम सबकी माँ हूँ।	प्रकृतिमाता  मैं प्रकृति तुम्हारी सबकी माता हूँ।
11	श्रीमान के उद्घाटन से सभी कार्यकर्ता प्रेरित, उत्साहित, ऊर्जावान आगे संस्कृत कार्य में पूर्ण हुए।	श्रीमान के उद्बोधन से सभी कार्यकर्ता प्रेरित, उत्साही, आगे संस्कृत कार्य के लिए तैयार हो गए।
5	पिता करेले की सब्जी खा रहे हैं	पिता करेला की सब्जी खाता है
1	अनन्तरं	यह
9	हे राम! आप बहु रूपमयी माया से कार्य, कारण, कर्तृत्व, फल और साधन के भेद से अनेक रूप में विभासित हो रहे हैं ॥	हे राम ! कार्य, कारण, कर्ता, फल और साधन के भेद से आप अनेक रूपों से एक ही विभासित होते हैं ॥
15	उन्होंने कहा कि इस तरह, शिक्षक इस केंद्र के माध्यम से नए तरीके से और नई प्रक्रियाओं और कलाओं से जुड़े रहेंगे।	उन्होंने कहा कि इस तरह से शिक्षक इस केंद्र के माध्यम से नई शक्ति और नई प्रक्रियाओं से जुड़े रहेंगे।
1	अन्धकार समूह।	अंधकार से
3	ऊपर की ओर साँस छोड़कर	ऊपर श्वांस लेना
12	अग्नि, जल, स्त्रियां, मूर्ख, सांप और राजपरिवार का सेवन करते समय मनुष्य सदैव सावधान रहना चाहिए, क्योंकि ये छह कभी भी मृत्यु का कारण हो सकते हैं।	अग्नि, क्रोध, स्त्रियाँ, मूर्ख, सांप और राजकुल- ये छह प्राणघातक रोग हैं, जिनकी निरन्तर परिश्रम से मुक्ति होनी चाहिए।
12	सुनना, भाषण, पढ़ना और लिखना-ये चारों कौशलों के परमपुष्टता के लिए संस्कृत संवर्धन प्रतिष्ठान- प्रशिक्षण देता है।	सुनना, भाषण, पढ़ना, लेखन जैसे इन चारों कौशलों को आगे बढ़ाने के लिए संस्कृत में उन्नति की स्थापना-प्रशिक्षण प्रदान करता है।
3	मोहन कब खेलता है?	मोहन कब खेलता है?
5	ओह एक साथ कितने लोग आ गए हैं	ओह एक साथ कितने लोग आए थे।
6	सभी समिति सदनों की विशेष मार्गदर्शन से कार्यक्रम सफल रहा।	सभी समिति सदस्यों को एक विशेष मार्ग दिखाने से कार्यक्रम सफल रहा।
7	यह विधेयक भारतीय विधेयक के स्थान पर पारित किया जाएगा।	यह विधेयक भारतीय विधेयक के स्थान पर होगा।
12	अगर हम राजा को कर न देंगे, उसके खर्च के लिए धन नहीं बचेगा।	यदि हम राजा को भाग्य न देते तो उसका खर्च के लिए धन नहीं बचा रहता ।
6	तुम्हारी बहन भी विद्यालय नहीं जाती है"	तुम्हारी छोटी बहन भी विद्यालय नहीं जा रही है।
9	सुप्रीम कोर्ट द्वारा जारी मानवाधिकार पत्र पर अवैध धनों को नियंत्रित करने के लिए एकमात्र कानून नहीं होता है।	सुप्रीम कोर्ट द्वारा जारी निर्वाचक पद अवैध धन को नियंत्रित करने का एकमात्र तरीका नहीं है।
10	मतदान प्रक्रिया लगभग चौथाई घंटे की हो गई, इसलिए सभी लोगों के मतों पर मतदान हो गया.	मतदान प्रक्रिया लगभग चार घंटे तक चली, बजे तक सभी मतों के मतों पर मतदान हो गया।
7	और अगले वर्ष दीपावली-अवसर की फ़िल्म प्रदर्शित होगी।	और अगले वर्ष दिवाली के अवसर पर चलचित्र प्रदर्शित किया जाएगा।
9	यदि तुम सब पापियों से भी अधिक पाप करने वाले हो,  तो भी ज्ञानरूपी नौका द्वारा,  निश्चय ही सम्पूर्ण पापों का तुम संतरण कर जाओगे।।	और यदि तू पापियों के लिए सबसे बड़ा पाप करने वाला है तो भी ज्ञानप्रलय से ही इस सम्पूर्ण कुमुद को तृप्त करोगे।।
8	जैसा अभिनय मोहन करता है वैसा अभिषेक नहीं करता है।	जैसे मोहन अभिनय करता है वैसा अभिषेक नहीं करता है।
6	अनेक लोग घर में भोजन नहीं करते हैं।	अनेक लोग घर में भोजन नहीं करते हैं।
5	आज उसका विवाह है।	आज उसका विवाह है।
4	राष्ट्र के भी मित्र होते हैं।	राष्ट्र के भी मित्र होते हैं।
14	लंबे समय से पश्चात् अयोध्या में श्रीराम की प्राणप्रतिष्ठा-माध्यम से सनातन-भारतीय-मूल्यों की प्रतिष्ठितता है जो कलिकाला में राम राज्य के संकल्पों कामूर्त रूप प्रस्तुत करेगा।	बहुत समय बाद अयोध्या में श्रीराम की प्राणप्रतिष्ठा-माध्यम से सनातन-भारतीय-मूल्यों की प्रतिष्ठा है जो कलिकाला में राम राज्य के संकल्पों का मूर्तिकार प्रस्तुत करेगी।
6	यह नेहरू पर्वतारोहण संस्थान के विश्लेषक थे जो बर्फ में फिसल गए।	यह पर्वतारोहण संस्थान की विश्लेषक समिति थी जो बर्फ में फिसल गई थी।
8	सामान्य विकास के समय चैतन्य शर्मा की जगह विधायक नंदलाल सदस्य बनेगा।	सामान्य विकास समिति के अध्यक्ष के स्थान पर विधायक नंदलाल सदस्य बनेगा।
5	रात में घने अन्धकार में हमारे वीर सैनिक सीमापार गए।	रात के अंधेरे में वीर सैनिक सीमापार गए।
7	उन्होंनेन्हों नेसरोजिनी नायडू के साथ भी काम किया।	उन्होंने सरोजिनी नायडू के साथ भी काम किया।
4	मैं मूंग का हलुआ पकाऊंगी।	मैं मूंग का हलुआ पकाऊंगा
4	निश्चय ही गोधन सब धनों में श्रेष्ठ धन है।	इन दोनों का विश्वरूप समस्त रूप गो का है।
3	कलिंग देश में तुमने ब्राह्मण को मारा हैं।	तूने कलिंग में ब्राह्मणों को मारा
5	वह हररोज ऐसे ही झूलता है	वह रोज वैसे झूलता है ।
1	चतुर	प्रवीण
4	वह रंगमंच की व्यवस्था देखती है।	वह रंगमंच की व्यवस्था देखती है।
4	ईश्वर के व्याप्ति योग्य है यह सब	ईश्वर को वाणी चाहिए।
4	पुस्तक चाटूँ क्या ?	क्या मैं पुस्तक ले जाऊँगा ?
4	जिसका अब समाप्ति हो गई।	जिसका अब समापन हो गया है
9	उनके लेखन और बच्चों की कविताओं को कई कक्षा की पाठ्यपुस्तकों में शामिल किया गया था।	उनके द्वारा रचित लेखन और बालविद्या को अनेक कक्षाओं की पाठ्यपुस्तकों में रखा जाता था।
9	ओरिया भाषा के पुरातनत्त्व शास्त्र के अनुसार यह नृत्य परंपरा भारत की प्राचीनतम नृत्य परंपरा है।	ओरिया भाषा पुरातत्त्वशास्त्र के अनुसार यह नृत्य परंपरा भारत की प्राचीनतम नृत्य पद्धति है।
25	योजना के तहत लाभार्थीओं को केवल एक प्रतिशत राशि सुरक्षा जमा के रूप में देने होंगे जब सरकार द्वारा एक प्रतिशत बैंक खाते की सुविधा प्रदान की जाएगी और सरकार द्वारा एक प्रतिशत इक्विटी भी प्रदान किया जाएगा।	योजना के तहत लाभार्थियों को केवल प्रतिशत राशि सुरक्षा के रूप में देनी होगी जब प्रतिशत बैंक ऋण की सुविधा सरकार द्वारा प्रदान की जाएगी और प्रतिशत इक्विटी भी सरकार द्वारा दी जाएगी।
8	इस में महिला, यून, किसान, और निर्धन परिवार शामिल हैं।	इसमें महिलाएँ, यून, किसान, निर्धन परिवार भी शामिल हैं।
1	खेलना	नाटकों
7	घटना का फुटेज अब सोशल मीडिया पर व्यापक रूप से प्रसारित हो रहा है।	इस घटना का फुटेज अब सोशल मीडिया पर ज्यादा प्रसारित हो रहा है.
7	पण्डित मन्यमान प्रायः ऐसे विवादों में कुपित होते हैं।	पंडित अन्य लोग प्रायः ऐसे विवादों में गुस्से होते हैं।
6	बालक विद्यालय जाकर पुस्तक पढ़ता है।	बालक विद्यालय जाकर पुस्तक पढ़ता है।
1	सामग्री	सामग्री
8	सभा में आकर पहले धर्मशाला विधेयक पर सुधीर शर्मा ने अभिनन्दन किया।	सभा में आकर उन्होंने पहले धर्मशालाविधायक सुधीर शर्मा को बधाई दी।
5	तीर्थों का परिचय मानव जीवन का अङ्ग होता है।	तीर्थों का परिचय मानव जीवन का अंग होता है।
6	चिराग - हाँ सभी प्यार से चल रहे हैं।	चिराग -हाँ सभी प्रेम से चलते हैं।
4	आपने झरना देखा है?	क्या आपने झरना देखा है?
6	मनुष्य को कोई सहायक लेना ही चाहिए।	मनुष्य को क्या सहायता करनी चाहिये?
13	मोदी ने कहा कि सरकार की कोशिश है और सहयोग किया गया है- ग्रामीण जीवन का प्रबल पक्ष हो गया है.	मोदी ने कहा कि सरकार का प्रयास है कि सहयोग किया जाए-ग्रामीण जीवन का प्रबल-पक्ष तैयार है.
7	अहंकार के कारण वह निर्दोषों को भी मारता था	अहंकार के कारण वह निर्दोषों को भी मारता था।
5	दूध पसन्द नहीं है क्या ?	दूध पसन्द नहीं है क्या ?
6	आज सुबह नीरजा बहन जुहू चौपाटी गई।	आज प्रातः नीरजा बहन जुहूतट गई।
10	शौनक ने ठण्ड से दाँतो की बीणा बजा रहे सूत से कहा महर्ष | यह बहुत ही विषम काल आ गया है।	हे महर्षि! इस समय तो सूत शौनक (सूताजी) को ठंडे बंध से दन्तवी (गर्भाशय) निकालकर गड़गर्द करने का कठिन है।
4	आज उसका विवाह है।	आज उसका विवाह है।
9	उसी क्रम में और बीच में स्नातक पद और स्नातकोत्तर उपाधि प्राप्त हुए।	उसी क्रम में और बीच में स्नातकपद और स्नातकोत्तरपद को प्राप्त किया।
7	धन से नष्ट हुए व्यक्ति का कुछ भी नष्ट नहीं हुआ किन्तु यदि चरित्र नष्ट हुआ तो वह मरे हुए के समान है।	जिसके पास धन नहीं, उसके पास आचरण (व्यवहार) क्षीण हो गया हो वह मारा गया हो।
3	वह उस कुएं में स्नान करता है।	वह उस कुएँ में गाता है।
17	यह बच्ची विरोध के रूप में रोती थी, जो अभियुक्त डर गई थी, उसने उसे धन देकर शान्त करने का भी प्रयत्न किया।	डरा हुआ बच्ची विरोध के रूप में रो रही थी, जिससे अभियुक्त डर गया, उसने उसे धन देकर शान्त करने का भी प्रयत्न किया।
11	उन्होंने कहा कि केक पाठक नवरात्र कुमार की दृष्टि से कार्य कर रहा है।	उन्होंने कहा कि केके पाठक रेलमार्ग के दृश्य में काम कर रहे हैं।
4	अभी सब सध्या खा रहे हैं।	अभी सभी जरासा खा रहे हैं।
6	मैं मोरीबी गाँव का निवासी हूँ !	मैं मोरीबी गाँव का निवासी हूँ !
6	उनकी भाषा भी संस्कृत थी	उनकी भाषा भी संस्कृत थी ।
10	मैंने यह विजय प्राप्त किया, रणे में रावण मारा और लंका को मैंने वशीभूत कर दिया।	मैंने यह विजय प्राप्त की, रण में रावण मारा गया और लंका को मैंने वश में कर लिया।
8	निकोलस – ये राज्य ‘सात बहनें’ इस नाम से किस प्रकार कहे जाते हैं?	निकोलस  ये राज्य सात बहनें किसलिए कहे जाते हैं?
5	सारिका धीरे धीरे चलती है ।	सारिका धीरे धीरे चलती है
3	मैं सत्य कहूँगा और तपस्या से ब्रह्मा का ज्ञान प्राप्त करूँगा।	सत्य कहूँगा तप से।
7	वो दोनों देवनागरी में ही हस्ताक्षर करती हैं	वे दोनों देवनागरी में ही हस्ताक्षर करते हैं
6	तिब्बती समुदाय के लोग अपने घरों की सफाई में व्यस्त हैं।	तिब्बती समुदाय के लोग अपने घरों की सुशोभन में व्यस्त हैं।
9	साथ ही अनला नाम एक सुन्दरी कन्या भी हुई।	और अनला नाम की एक सुंदर लड़की भी हुई।
11	कार्यक्रम में मुख्य अतिथि रहे उच्च शिक्षा मंत्री ने कहा कि सरकार पाणिनी संस्कृत विश्वविद्यालय के सभी रूपों में विकास के लिए प्रतिबद्ध है।	कार्यक्रम में मुख्य अतिथि के रूप में विराजमान उच्च शिक्षा मंत्री ने कहा कि पाणिनि संस्कृत विश्वविद्यालय के सभी प्रकार के विकास के लिए शासन संकल्पबद्ध है।
6	हिमांशु – चलने की अनुमति कब देंगे ?	हिमांशु  चलने की अनुमति कब देगा?
9	वास्तव में विपक्षी दल के सदस्य गोमय को लेकर विधानसभा परिसर में पहुंचे थे।	वास्तव में विपक्षी दल के सदस्य गोमय को लेकर विधानसभा परिसर में पहुंचे थे।
7	कार्य की समाप्ति पर वेतन से अतिरिक्त गजधरों को सम्मान भी प्रदान किया जाता था।	काम के समाप्त होने पर वेतन के अतिरिक्त हाथियों को सम्मान भी दिया जाता था।
13	संयुक्त राष्ट्र महासभा के आठवें सत्र के अध्यक्ष डेनिस फ्रांसिस आज दिल्ली पहुंच गए हैं-दिवसीय-भारत-यात्रा-सम्बन्धी में.	संयुक्त राष्ट्र महासभा के आठवें सत्र के अध्यक्ष डेनिस फ्रांसिस पांच दिवसीय भारत यात्रा के सिलसिले में आज दिल्ली पहुंचे हैं।
3	मेरे पिता का है।	मेरे पिताजी को
3	यह संदीप है ।	यह संदीप है ।
4	बहनें विष्णुसहस्रनाम गाती हैं।	बहनें विष्णुसहस्रनाम गाती हैं ।
4	राजा से द्वेष उत्पन्न करने वाली बात कभी नहीं बोलनी चाहिए।	राजा से द्वेष रखने योग्य बात नहीं बोलनी चाहिए।
3	आगे सीढ़ी है।	आगे सीढ़ी है।
3	घना वन है।	घना वन है।
6	माँ उसके लिए कपड़े देती है।	माँ उसके लिये वस्त्र देती है
12	श्रीरामचन्द्रजी ने अपनी माता को देखते ही शीघ्रता पूर्वक उठकर उनके चरणों की वन्दना की और उन्होंने अत्यन्त दुःखी नेत्रों में जल भरकर पुत्र को हृदय से लगाया ॥	अपनी माता को देखकर श्रीरामचन्द्रजी शीघ्र उठकर उनके चरणों में विराजमान हुए और उनके आँसू भरते हुए उन्होंने पुत्र को आलिंगन कर अत्यन्त दुःख व्यक्त किया ॥
3	जहां तुम जाते हो।	जहां तू जाता है।
6	उनमें से एक थे खुदीराम बोस जी।	उनमें से एक खुदीराम बोस था ।
4	उसके बाद सभी योगासन करेंगे।	उसके बाद सभी योगासन करेंगे।
7	कार्य की समाप्ति पर वेतन से अतिरिक्त गजधरों को सम्मान भी प्रदान किया जाता था।	काम के समाप्त होने पर वेतन के अतिरिक्त हाथियों को सम्मान भी दिया जाता था।
7	कार्यक्रम में भारत सरकार के शिक्षा मंत्री धर्मेन्द्र प्रधान मुख्य अतिथि के रूप में रहे।	कार्यक्रम में भारत सरकार के शिक्षा मंत्री धर्मेन्द्रप्रधान विशिष्ट अतिथि के रूप में रहे।
5	चन्द्रमा किनका आभूषण है?	चन्द्रमा किनका भूषण है?
1	जागते हो।	जानती हो
11	श्री अखिलेश जी के प्रयास से अनेक विश्वविद्यालयों और कॉलेजों में संस्कृत का संचरण शिक्षण रूप धारण किया गया है।	श्रीमान ने किए गए प्रयासों से अनेक विश्वविद्यालयों और कॉलेजों में संस्कृत का संवहन शिक्षण प्रारूप हुआ।
8	गृह विभाग, हिमाचल प्रदेश-लोकसेवा- कमीशन के माध्यम से नियुक्त नए मानकों का निर्धारण किया गया है।	गृह विभाग ने हिमाचल प्रदेश-लोकसेवा- कमीशन के माध्यम से नियुक्त नए मानक निर्धारित किए हैं।
5	तुमको कौन नहीं जानता ?	तुमको कौन नहीं जानता ?
11	गुटेरसेन ने यह पता लगाने के लिये इजरायल से कहा कि सहायक कर्मचारी सुरक्षित वातावरण में कार्यरत हैं।	गुटेरसन ने इजरायल से यह सुनिश्चित करने के लिए कहा कि सहायता कर्मचारी सुरक्षित वातावरण में कार्य करें।
16	अभिमान मद्यपानके समान है, गौरव (बड़प्पन) रौरवनरकके तुल्य है और प्रतिष्ठा (मान बड़ाई) सूकर- विष्ठाके सदृश है; अत: इन तीनोंको त्यागकर हरिका भजन करे	मूर्ति के बिना स्वाभिमान, मदिरापान, गौरव और वैभव की वृद्धि कदापि नहीं करनी चाहिए। इसलिए सुकरी प्रतिष्ठित विष्ठा को त्यागकर भगवान् को तीनों का भजन करना चाहिए।
4	नगर में रहनवाले दुष्ट लोग भी नगर ही में रहते हैं।	नागरिक नगर में ही रहते हैं।
7	वह वृद्ध माता पेड़ के नीचे खड़ी है	वह बूढ़ी माँ पेड़ के नीचे खड़ी है
4	धर्मशाला में राज्य स्तरीय काम होगा।	धर्मशाला में राज्य स्तरीय काम होगा।
15	आक्षेपों को आमंत्रित करके अन्य सभी प्रक्रियाओं को पूरा करके विकास योजना को अंतिम रूप से निर्धारित नहीं किया जा सकता।	यह भी उपेक्षा नहीं की जा सकती कि आक्षेपों को आमंत्रित करके अन्य सभी प्रक्रियाओं को पूरा करके विकास योजना को अंतिम रूप से निर्धारित किया गया है।
4	कुछ युवतियाँ भी दौड़ रही हैं	कुछ युवतियाँ भी दौड़ रही हैं
11	उद्योग मंत्री हर्षवर्धनचौहान ने औद्योगिक इकाइयों और सुरक्षा पक्ष की समीक्षा के लिए संयुक्त कार्यदल का संगठन का घोषणा की।	उद्योग मंत्री हर्षवर्धनचौहान ने औद्योगिक इकाइयों के सुरक्षा पक्ष की समीक्षा के लिए संयुक्त कार्यदल के गठन की घोषणा की।
6	परमेश्वर , उसकी आत्मा को शान्ति दें ।	परमेश्वर , उसकी आत्मा को शान्ति दें ।
4	बलशाली हाथी किससे बाँधा जाता है?	बलशाली हाथी किससे बँधा जाता है?
4	अभी ही स्कूल चलो ....	अभी से विद्यालय चलो ....
4	मोर किसानों का मित्र है।	मोर किसानों का मित्र है।
11	विषयरूपी विषधरोंसे डँसे जानेके कारण जिनकी सुध- बुध नष्ट हो चुकी है, वे मनुष्य यदि आत्मसंजीवनके लिये गीतारूप औषधका सेवन नहीं करते तो अमृतके घड़े लेकर सामने आयी हुई अन्नपूर्णा देवीकी उपेक्षा करके अनके बिना सूखनेवालोंकी तरह उन बेचारोंका भाग्य ही मारा गया है	यदि गीता अपने जीवन के लिए विषैले पदार्थों को पैदा नहीं करती है, तो वह अमृत रूपी कलश से भरी हुई और अन्न रूपी अधर से भी भरी होती है, इस प्रकार धीरे-धीरे विरहशृङ्गों को नष्ट करने वालों का तो सौभाग्य ही अच्छा है।
14	पुरातत्त्व सर्वेक्षण द्वारा पूर्व नवंबर में दिन का विस्तार मांगा गया था, न्यायालय द्वारा दिन का विस्तार किया गया था।	पुरातत्व सर्वेक्षण ने पहले नवंबर को दिन का विस्तार मांगा था, और कोर्ट ने दिन का भी विस्तार किया था.
4	वह भूमि खनन करता है।	वह भूमि को खोदता है।
4	अतिथियों की सेवा करता है वा नहीं।	अतिथि सेवा करते हो या नहीं।
1	कर लिया है निश्चय जिसने ।	निश्चय किया
9	तो इन शब्दों के ज्ञान से धर्म होता है या प्रयोग से ?	तो इन शब्दों के ज्ञान से धर्म होता है या उनके प्रयोग से ?
4	उसका बेटा गिर गया ।	उसका बेटा गिर गया ।
9	उन्नत और पुष्ट कन्धोंपर लटकते हुए कुण्डल तथा अलकोंसे जिनकी सदृश (उन्नत) ग्रीवा मनोहर मालूम होती है जो अपने मुखकी शोभासे निर्मल पूर्णचन्द्रविम्ब तथा श्वेत कमलको कान्तिको तिरस्कृत कर रहे हैं हुए सुन्दर पद्मके समान जिनके मनोहर नेत्र हैं; विलासमयी भौंहें हैं, अमल अधर हैं, मधुर मुसकान है, कोमल कपोल, ऊँची नासिका और भालदेशमें लटकी हुई अलकें हैं [ ऐसे आपको मैं कब आनन्दित करूंगा ? ]	जिनका मुखकमल से निकली हुई निर्मल अमृत से भरा हुआ है, शुभ्म्बा, होज, उज्ज्वलशरीर, प्रबुद्ध मुख, भुज, नेत्र और नेत्र उज्जवल नेत्र हैं, जिनके नेत्र श्वास-प्रबुद्धिम होश से व्याकुल हैं, जिनका नेत्र शोभा पोंछते हुए हैं, कमलके समान श्यामसुन्दरके आश्रय हैं, मस्तक अति कोमल नेत्रोंसे झुकनेवाले, सुन्दर नेत्रवाले और अति दीप्तिमान हैं, जिनकी भुजाओं में मनोहर मनोहर वाणी है, जिनके मनोहर वक्षःस्थलमें दीप्ति है, जो मनोहर मुखकमलोंसे भी दीप्तिमान् हैं तथा जिनके शरीरमें दीपकमग्न और मनोहर हैं, ऐसे श्रीरामचन्द्रजीकांतजीके मनोहर कमललोचन हैं, उन श्रीरामगीताजीका बहुत सुन्दर, सुन्दर और सुन्दर वन्दनीय हैं ॥
7	बीच में स्थित सफ़ेद रंग सात्विकता और ईमानदारी का द्योतक है।	बीच में स्थित सफेद रंग सात्त्विकता और पवित्रता का द्योतक है।
7	परन्तु हे अर्जुन  जो पुरुष मन से इन्द्रियों को वश में करके अनासक्त हुआ कर्मेंन्द्रियों से कर्मयोग का आचरण करता है वह श्रेष्ठ है।।	हे अर्जुन ! जो पुरुष अपने मन से इन्द्रियों को कर्मों के योग से पूर्ण कर लेता है, वह श्रेष्ठ होता है।
54	कुलपति प्रोफेसर एस.एस. मयूरी, प्रोफेसर जेएस. नेगी, डॉ. प्रमोद जोशी, डॉ. शरदभट्ट, डॉ. निवेदिता अवस्थी, डॉ. योगेश चंद्र, डॉ. आर.एस. कन्नौजिया, डॉ. मूलचंद्र- पाण्डे महोदय के खाती, शुक्ल, डॉ. दीपक डॉ. डी. एन. जोशी, गोविन्द सिंह जंगपांगी आदि शिक्षकों एवं शिक्षण परीक्षकों ने प्रोफेसर पाण्डे को प्रसन्न मन से मंगलकाम और बधाई दी।	इस अवसर पर कुल के संचालक प्रोफेसर आर.एसडी. सिंह, डॉ.आर.एस.के. कन्नौजिया, प्रोफेसर एस.एसएस. मोर्या, प्रो.एसजे.एसएन. नेगी, डॉॅप्रमोद जोशी, डॉश्री शरदभट्ट:, डॉ. निवेदिता अवस्थी, डॉ., डॉ. योगेशचंद्र, डॉ। अलका, डॉॉश्री मूलचंद्र-पांडे की खाती, शुक्ल:, डॉॅश्रीदीपक:डी.एसओ.एन.एसजोशी, गोविन्द सिंह, प्राध्यापक एवं प्रोफेसर मंगेतर कार्मिक प्रोफेसर मुसा मुद्धा मुद्धामोगली ने डॉ. डी.जी को दीपक डी.एसजी.
12	फाइनल में ऑस्ट्रेलिया ने 20 विकेट पर सात बल्लेबाजों के नुकसान पर 186 रन बनाए.	फाइनल में ऑस्ट्रेलिया ने पहले 20 राउंड में सात बल्लेबाजों के नुकसान पर 186 रन बनाए.
6	सूत्रसञ्चालन त्रिम्बक केदार, श्रीराज शेलार ने किया।	सूत्रसञ्चालन त्रिम्बक केदार और श्रीराज शेलार ने किया।
6	एक बार दस लड़के स्नान के लिए नदी पर गए।	एक बार दस लड़के स्नान के लिए नदी को गये।
1	छेद करना	जाना
1	पाना	पाने के लिए
6	पहले चरण के नव उद्द्घ विमान विकसित हो जाएँगे।	पहले चरण के नौ उद्द्घ विमान स्थल विकसित होंगे।
11	हे रघुश्रेष्ठ ! पहले इस आश्रम में मेरे गुरु महर्षि मतंग जी रहते थे। उनकी सेवाशुश्रूषा करती हुई में हजारों वर्षों से यहाँ रहती हूँ। महर्षि ने अब ब्रह्म पद प्राप्त कर लिया है। उन्होंने जाते समय मुझसे कहा था कि तुम एकाग्रमन हो यहीं रहो ॥	हे रघुश्रेष्ठ आश्रम में मेरे गुरुजन बैठकर मेरी सेवा करते हैं
5	आञ्चल उत्तराखंड के जुडू गाँव के निवासी हैं।	आञ्चल उत्तराखंड के जुडू गाँव के निवासी हैं।
4	गिलहरी यहाँ वहाँ दौड़ रही थी।	गिलहरी इधरउधर दौड़ रही थी।
8	उसके द्वारा पढ़ाए हुए छात्र आज उसके घर आए।	उसके द्वारा पढ़ाए हुए छात्र आज उसके घर आए।
9	रामचरण''संजयलीला भंसाली''इस फिल्म से सुभाषचेता का पदार्पण करेगा।	रामचरण''संजयलीला भंसाली''इस फिल्म से वह रेलमार्ग में पदार्पण करेंगे।
5	हाँ , यहाँ सब कुशल है ।	हाँ यहाँ सब ठीक है ।
15	जिसमें कोरोमंडेल एक्सप्रेस का वाहन पटलों पर एक मालवाहक के साथटकरा रहा था, उसकी कक्षा रास्ते से गिर गई।	जिस कार कोरोमंडेल एक्सप्रेस के पटल पर खड़े मालवाहक के साथ टकराव कर उसके कक्षाएं सड़क से गिर गईं।
1	बीज ।	बीज ।
3	कैसे कर रहे हैं ?	कैसे कर रहे हैं ?
8	दसवें ( अन्तिम) पृष्ठ पर वह दुर्घटना के चित्र देखता है।	दसवें पृष्ठ पर वह दुर्घटना के चित्र देखता है।
3	यहीं बात करिये।	यहीं बात करिये।
6	हारे हुए मुसलमान लोग ब भी उपद्रव शर्थात् धूम धाम नहीं छोड़ते।	पगाए हुए भी हाथी आज भी ऊखरी नहीं छोड़ते हैं।
7	भारत के विविध स्थलों के बारे में प्रश्न थे।	भारत के विविध स्थलों के बारे में प्रश्न थे।
11	जो ब्राह्मण पानी के स्थानों, बावड़ी, कुआं, तालाब, बाग-बगीचों और मंदिरों में तोड़- फोड़ करने में किसी प्रकार का भय न अनुभव करते हों, उन्हें म्लेच्छ कहा जाता है।	बापी कुएँ तालाबों के ऊपर श्मशान को निकालने में निःसंशय वह ब्राह्मण मैले कहा जाता है।
9	भारत के उच्चायुक्त संतोषजो ने आज कोलम्बो शहर की भारत-बात में राष्ट्रीय ध्वज फहराया.	भारत के उच्च अधिकारी सन्तोष झा ने आज कोलंबो शहर में भारत भवन में राष्ट्रीय ध्वज फहराया।
1	अमृत	अमृत
10	गोशाला में सोलन जिले के पट्टा और कांगड़ा जिले के पालमपुर में अनुमोदन किया गया था।	गोष्ठी में सोलन जिले के पट्टा और कांगड़ा जिला के पलमपुर में खंड विकास कार्यालयों के उद्घाटन के लिए मंजूरी दी गई।
12	आरुणि – हे सौम्य! शरीर द्वारा ग्रहण किए गए तेज (ऊर्जा) की अणिमा वाणी बन जाती है।	आरुणि  हे सौम्य! अश्यमान की तेजष्ठी जो अणिमा है, वह ऊपर तैरती है। वह तो निश्चित ही वाणी है।
1	स्वर्ग में	स्वर्ग में
3	कुछ देर तो ठहरिए।	थोड़ी देर ठहरिए
13	उन्होंने राजमार्ग पर सड़क दुर्घटनाओं को दूर करने के लिए सड़क अभियन्त्री-क्षेत्र में वैश्विक उत्कृष्ट-प्रथा को स्वीकार करने के लिए आग्रह किया है।	उन्होंने राजमार्ग में सड़क दुर्घटनाओं को रोकने के लिए सड़क इंजीनियरिंग-क्षेत्र में वैश्विक उत्तम-प्रथाओं को अपनाने का आग्रह किया।
3	सुजाता दाहिने हाथ से लिखती है	सुजाता दाहिने हाथ से लिखती है।
3	कचरा डब्बे में डालती है।	कूड़ा बर्तन में डालती है।
9	उन्होंने कहा कि आज उत्तर प्रदेश में निवेशक बड़ी संख्या में निवेश कर रहे हैं।	उन्होंने कहा कि आज उत्तर प्रदेश में निवेशक बड़ी संख्या में निवेश कर रहे हैं।
3	वर्तमान सरकार ने जल का उपकार किया है।	वर्तमान सरकार ने डैम किया है
14	वे यद्यपि वैराग्य शास्त्र (अर्थात वेदान्त, साङ्ख्य, ब्रह्मसूत्र, पञ्चदशी, इत्यादि वैराग्य प्रदान करने वाले शास्त्र) से विभूषित हैं, फिर भी कभीकभी जब वह साहित्य पढ़ाने में आनन्दित होते हैं तो अनेक रसों में शृङ्गार, हास्य, करुण आदि रसों में (खूब डूब जाते हैं और अध्यापन रूपी) दक्षताओं के द्वारा छात्रों की हार्दिक गुरुत्व की पदवी को और प्रेम को प्राप्त करते हैं ।	वैराग्यशास्त्र में लीन होते हुए भी व्यक्ति कभी साहित्य पढ़ने की विधि का आनंद लेता है और कभी हास्य-हास्य आदि की निपुणता से छात्र के हृदय के गुरुत्व को वश में कर लेता है ॥
13	इसके साथ शिक्षा में व्यापक उन्नति की प्रतिज्ञा को पूरा करने के लिए अग्रिम शिक्षा मंत्री से सभी सरकारी स्कूलों में अंग्रेजी भाषा अनिवार्य होगी।	इसके साथ, शिक्षा में व्यापक बदलाव की प्रतिज्ञा को पूरा करने के लिए अग्रिम शिक्षा सत्र से सभी सरकारी स्कूलों में अंग्रेजी अनिवार्य होगी।
11	राष्ट्रीय स्वास्थ्य मिशन ने भुगतान नहीं किया इसलिये क्रासना-प्रयोगशाला में संस्थाओं की सेवा निलंबित कर दी गई।	राष्ट्रीय स्वास्थ्य मिशन ने धन नहीं निकाला इसलिए क्रासना प्रयोगशालाओं में सेवाएं निलंबित कर दी गईं।
11	क्योंकि अयोग्य पात्र में रखी गई (अर्थात् की गई) कोई (भी) क्रिया फल देने वाली नहीं होती। सैंकड़ों तरीकों से उपाय करने पर भी बगुले को तोते की तरह नहीं पढ़ाया जा सकता |	क्योंकि द्रव्य में छिपा हुआ कोई भी कर्म फलदायक नहीं होता, और व्यापार करने वाला व्यक्ति भी सुखपूर्वक वाणी को नहीं पढ़ता।
11	हे माधव  !  इसलिये अपने बान्धव धृतराष्ट्र के पुत्रों को मारना हमारे लिए योग्य नहीं है,  क्योंकि स्वजनों को मारकर हम कैसे सुखी होंगे।	हे माधव ! अपने बन्धु-बान्धवों के साथ हम अपने राष्ट्र को नष्ट करने के लिए समर्थ नहीं हो सकते, क्योंकि हम स्वयं अपने लोगों को नष्ट करके कैसे सुखी हो सकते हैं?
10	रविवार रात को केलांग में पर्दे को कम कर दिया गया।	रविवार रात केलांग में पारा सबसे कम डिग्री पहुंचा।
5	क्रोधित किसान ने उसको उठाने के लिए बहुत बार प्रयत्न कि	क्रोधित किसान ने उसे उठाने का अनेक बार प्रयत्न किया
8	इसी प्रकार क्षणभर में उन्होंनेन्हों का रोमांचक युद्ध हुआ।	इसी प्रकार मुहूर्त तक उनके रोमहर्षण में तुमुल युद्ध हुआ।
4	फिर भी वह संस्कृत में बोलता है ।	फिर भी संस्कृत में बोलता है
3	पिताजी को परसों लौट जाएँगे।	पिताजी को परसों लौट जाएँगे।
24	समाचार के अनुसार''भूलभूमि''इसी मुख्यभूमि पर उपस्थित कार्तिक''भूलभूमि''इसमें भी दिखती है. लेकिन इस समय में कियारा अडवाणी का उपस्थित होना बहुत छोटा है।	समाचार के अनुसार''भूलभूमि''इसकी मुख्यभूमि में उपस्थित कार्तिक''भूलभूमि'इसमें भी दिखाई पड़ रहा है। लेकिन इस समय कियारा आडवाणी के उपस्थित होने की संभावना बहुत कम है।
1	स्त्री रहित	स्त्री रहित
7	पराला से लौटकर मुख्यमंत्री ठियोग क्षेत्र की आलू बन गयी।	पराला से लौटकर मुख्यमंत्री ठियोग क्षेत्र की आलू भूमि पहुँचे।
6	अब असम सैनिकों का प्रयाणगीत बदलूराम के नाम पर है।	अब असम सैनिकों का प्रयाणगीत बदलूराम के नाम पर है।
1	पानी	पीने योग्य
6	नीरज -वे दोनों क्या कर रहे हैं ?	नीरज - वो दोनों क्या कर रहे हैं ?
3	हमारी सखी पर दोष आयेगा।	निश्चय से यह सखियों का अपराध है
5	वह नदी से जल लाता है।	वह नदी से जल लाता है।
3	बहुत स्वादिष्ट होती है।	बहुत स्वादिष्ट होता है।
19	यह सुझाव दिया गया है कि यह पात्र अतीत के किसी व्यक्ति की ऐसी तस्वीर छापने वाला पहला व्यक्ति है। फोटोग्राफर को गुस्से भरी नजरों से देखते ट्रंप की एक तस्वीर जेल अधिकारियों ने दोबारा निकाली.	बताया जाता है कि यह किसी भूतकाल के व्यक्ति का ऐसा चित्र छवियों में से पहला है। कारागार के अधिकारियों द्वारा एक बार फिर से खिले गए और खिले हुए ट्रम्प की तस्वीर खिलाई जा रही है।
13	कुछ नेताओं ने समागम में यह भी कहा कि पिछले सप्ताह दर्ज मामले अभी भी निवृत्त नहीं हैं।	कुछ नेताओं ने समापन पर नाराजगी व्यक्त की कि पूर्व सरकार के दौरान पंजीकृत मामले आज भी निवृत्त नहीं हुए हैं।
6	क्रोध से उत्पन्न होता है मोह और मोह से स्मृति विभ्रम। स्मृति के भ्रमित होने पर बुद्धि का नाश होता है और बुद्धि के नाश होने से वह मनुष्य नष्ट हो जाता है।।	क्रोध से भ्रम उत्पन्न होता है, भ्रम से भ्रम और स्मृति के भ्रम से बुद्धि नष्ट हो जाती है।
11	इस तरह से सभी उत्पादों की पढ़ाई से स्पष्ट हो जाता है कि''पुराण''इसका वर्णन प्राचीन काल से सम्बद्ध है।	इनके सभी उत्पत्ति का अध्ययन यह स्पष्ट करता है कि 'पुराण' का वर्णात्मक विषय प्राचीन काल से सम्बद्ध है।
8	संगीता रेलमार्ग, नन्दिनी नैथानी कार्यक्रम के संयोजक के रूप में थे।	संगीता रेलमार्ग और नन्दिनी नैथानी कार्यक्रम के संयोजक के रूप में थे।
8	उन्होंने कहा कि अयोध्या में भव्य राम मंदिर बन गया है।	उन्होंने कहा कि अयोध्या में भव्य राम मंदिर बन गया है।
12	जो मनुष्य अधिक पैदल चलता अथवा यात्रा में रहता है, वह जल्दी बूढ़ा हो जाता है। यदि घोड़ों को हर समय बांधकर रखा जाएगा तो वे भी जल्दी बूढ़े हो जाते हैं। स्त्रियों से यदि संभोग न किया जाए तो वे जल्दी बूढ़ी हो जाती हैं। इसी प्रकार मनुष्य के कपड़े धूप के कारण जल्दी फट जाते हैं अर्थात धूप उन्हें जल्दी बूढ़ा कर देती है ।	या जरा मनुष्य के वस्त्रों का बुढ़ापा है, या दाढ़ों की पाली मोमबत्ती, या औरतों के अमावस्या के बुढ़ापे को टांग, या जल के कपड़े के गर्म होने पर टांग?
7	वह वहाँ चुपचाप बैठा है, कुछ भी नहीं बोल रहा है	वह वहाँ चुपचाप बैठा कुछ नहीं बोलता
1	जिसे अर्थ का ज्ञान नहीं है	अज्ञानी
4	विशाखा अपने कान पर झुमका लगाती है।	विशाखा अपने कान में ईयरफोन रखती है।
2	पानी पीती हैं ।	पानी पीती हैं ।
16	राज्यपाल ने कहा कि सरकार ने युवाओं को अपने जीवन के अवसर देने और उद्यमशीलता को प्रोत्साहित करने के लिए 2023 का राजीव गांधी स्वरोजगार योजना का आयोजन किया है।	राज्यपाल ने कहा कि सरकार ने युवाओं को अपने जीवन के अवसर देने और उद्यमशीलता को प्रोत्साहित करने के लिए राजीव गांधी स्वरोजगार योजना 2023 लागू की है।
6	सुबह तीन बजे वह सोया।	सुबह तीन बजे वह सोया।
8	अभी मैं अपने पिता की राजधानी अयोध्या लौटाऊँगा।	अभी मैं मेरी पिताजी की राजधानी अयोध्या लौट जाऊँगा।
5	उसने मेददेव की स्वप्न में तोड़ दिया।	उसने मेदवेदेव का सपना देखा।
12	सहितस्य भावः इति साहित्यम् अर्थात् जिसमें संसार का हित निहित है वह साहित्य है।	भावना सहित साहित्य अर्थात् जिस लोक का हित निहित है वह साहित्य है।
4	संदीप कहाँ जाता है ?	संदीप कहाँ जाता है ?
4	आप कहाँ रहते है?	आप कहाँ रहती हैं ?
10	विद्वान कहते हैं की शिक्षा, व्याकरण, छन्द, निरुक्त, ज्योतिष, कल्प वेदों के छः अंग होते है।	शिक्षा, व्याकरण, छंद और ज्योतिष इन सबको अच्छी प्रकार जानो, यह सब वेदोंके ज्ञाताजन ही हैं, जो ज्ञानको नहीं जानते
3	उसने लड्डू खिलाया ।	उसने लड्डू खिलाया।
15	जयराम ठाकुर ने कहा कि इस लोकसभा चुनाव में भाजपा ने हिमाचल प्रदेश को हर मतदान से आगे बढ़ाने का लक्ष्य रखा है।	जयराम ठाकुर ने कहा कि इस लोकसभा चुनाव में भाजपा ने हिमाचल प्रदेश के प्रत्येक मतदान से आगे बढ़ने का लक्ष्य तय कर दिया है।
7	घटना का फुटेज अब सोशल मीडिया पर व्यापक रूप से प्रसारित हो रहा है।	इस घटना का फुटेज अब सोशल मीडिया पर ज्यादा प्रसारित हो रहा है.
3	नन्दिनी नहीं चलेगी।	नन्दिनी नहीं चलेगी।
14	संस्कृत भारती- जनवरी, जो हरियाणा के कैथेल जिले में प्रसिद्ध है, ने दिनांकित जनवरी सुबह तक भाषा प्रशिक्षण वर्ग का आयोजन किया।	संस्कृत भारती- हरियाणा ने कैथल जिले के प्रसिद्ध श्रीग्यारुद्र मंदिर में जनवरी, दिनांक से जनवरी तक भाषा प्रचार-प्रदान वर्ग का आयोजन किया।
11	रावण बोला अयोध्या के अधिपति राजादशरथ का बड़ा लड़का सत्य पराक्रमी राम हे ॥	वहाँ पर राजा दशरथ विराजमान हैं। उनका ज्येष्ठ सत्यपराक्रम राम नाम का एक पुत्र है ॥
8	ऋषियों के द्वारा वेद मंत्रों की व्याख्या, समीक्षा और भाष्य किया जाता था।	ऋषियों द्वारा वेदमन्त्रों की व्याख्या, समीक्षा और भाष्य की जाती थी।
1	मित्रता की।	मित्रता ही
13	एक बनिये का लड़का - अपनी स्त्री के स्तनों को, दूसरे को दबाते हुए अपने आँखों से देख कर जैसे दुःखी हुआ था, वैसे ही तुम लोग भी दुःखी होगे |	अपने आपको देखकर जिस प्रकार कुच्चकुमार को पत्नी मारकर पीड़ित किया गया, जैसे बनिया का पुत्र दुःखी हुआ, तुम वैसे ही होगे।
12	दुबई के वैश्विक पर्यावरण सम्मेलन में दिया गया है, भारत लगातार पांच साल से शीर्ष दस देशों में से एक है।	दुबई के वैश्विक पर्यावरण सम्मेलन के अनुसार, भारत लगातार पांच वर्षों से शीर्ष दस देशों में से एक है।
11	मुख्यमंत्री सुखविंदर सिंह सुक्खू ने यह अतिरिक्त सोमवार को हिमाचल में छुट्टी की घोषणा की।	इसके अतिरिक्त मुख्यमंत्री सुखविंदर सिंह सुक्ख ने भी सोमवार को जनवरी को हिमाचल में छुट्टी की घोषणा की।
5	उनका प्रेणादायक प्रवचन मैंने सुना था।	मैंने उनका प्रेरणादायक प्रवचन सुना।
4	उनके गुरुकुल में कन्याएँ पढ़ती हैं ।	उसके गुरुकुल में कन्याएँ पढ़ती हैं।
8	मैं मेरी पत्नी के साथ बात कर रहा था।	मैं मेरी पत्नी के साथ बात कर रहा था।
9	आज समस्त संस्कारों में मनुष्य विद्वत्तारहित है, अनेक प्रकार के सुख-दुःख और वर्धमान दिखाई पड़ते हैं।	आज पूरे संसार में मनुष्य विपत्ति में पड़ा है और अनेक प्रकार के दुःख और बढ़ते हुए दिखते हैं।
8	नए नियमों में उन्मत्त लोगों की हत्या के संदर्भ में मृत्युदंड की व्यवस्था की गई है।	नए नियमों में उन्मत्त लोगों की समूह हत्या के संदर्भ में मौत की सजा की व्यवस्था है।
7	उसने सोचा- ये बेचारे पुस्तक के दास वहीं रुकें	उसने सोचा  रुको ये पुस्तक के नौकर।
5	अमेरिका में भी संस्कृत भारती का कार्यालय है।	अमेरिका में भी संस्कृत भारती का कार्यालय है।
6	तुम किस कारण धन नहीं देते हो?	किस कारण से तुम धन नहीं देते हो?
3	क्षमाशील मनुष्य अपने सब कार्य सिद्ध कर लेता है।	क्षमा ही सब कुछ सिद्ध करती है।
6	आश्चर्य नहीं करना चाहिए, क्योंकि पृथ्वी बहुत रत्नोंवाली है।	इसमें कोई आश्चर्य नहीं कि पृथ्वी बहुत रत्नों से बनी हुई है।
10	मैं उन ऋक्षा वानरों को भी फिर से निकालते हुए और बड़े बलशाली पुरुषों को देखना चाहता हूँ।	मैं उन ऋक्ष वानरों को भी पुनः निव्रण और पूर्ण बलवान देखना चाहता हूँ।
5	सभी बच्चे माताओं के साथ खेलेंगे।	सभी बच्चे माताओं के साथ खेलेंगे।
14	हे जटायु ! मेरी सुमुखी भार्या सीता को कौन ले गया है ? उसे बताओ। अहो! तुम मेरे कार्य के लिये मारे गये। अतः अवश्य ही तुम मेरे प्रिय बन्धु हो" ॥	जटायु बोला "मेरी भार्या को बताओ, तुम मुझे शुभानना किसने ले जाई थी? तुम मेरे प्रिय बन्धु व तुम्हीं मुझे मेरे आचार्य के कारण मारे गए हो ॥
6	आठवें दिन फल को हिमाचल प्रदेश से जाना जा सकता है।	आठवें दिन हिमाचल प्रदेश के साथ नतीजा ज्ञात किया जा सकता है।
6	ये ही मिलकर या अलग-अलग हमारे पर्यावरण को बनाते हैं।	वे इस प्रकार मिलकर अथवा अलग होकर हमारा पर्यावरण बनाते हैं।
4	फल और छाया से युक्त महान वृक्ष सहारा लेने योग्य होता है।	फल और छाया से युक्त विशाल वृक्ष चाहिए।
9	यह समूह स्वकीया पत्रिका गुरुत्वा के नाम पर प्रकाशन करेगा।	यह समूह अपनी पत्रिका गुरुत्व का प्रकाशन करेगा।
8	जिलाधिकारीओं और संकुल के उत्कृष्ट विद्यालयों के निर्माण के लिए प्रारंभिक रिपोर्ट जारी करने के लिए कहा गया है।	जिला अधिकारियों को परिसर और उत्कृष्ट विद्यालय के निर्माण के लिए प्रारंभिक रिपोर्ट लिखने के लिए कहा गया था।
14	शंकर ने प्रसन्न होकर अर्जुन को पाशुपतास्त्र देकर मनुष्यों में उसका प्रयोग प्रतिबंधित किया जाएगा ऐसा कहा।	शंकर जी खुश होकर अर्जुन को पाशुपतास्त्र देकर मनुष्यों पर उसका प्रयोग निषिद्ध हो जाएगा, उन्होंने कहा।
4	नाम बदल कर लिख रहा हूँ	नाम बदल कर लिख रहा हूँ ।
4	पति - खाएगा ।	पति - खाएगा ।
6	तो अब मैं विद्या प्राप्त करने के लिए गुरुकुल जाता हूँ। (प्रणाम करता हुआ चला जाता है)	अब मैं विद्याध्ययन के लिये गुरुकुल ही जाता हूँ। (प्रणाम जाता है)
10	अगर तुम ऊंचा बोलता है तो मैं तेरी बात सुन सकता हूँ।	यदि तुम ऊँचा बोलते हो तो मैं तुम्हारा भाषण सुन सकता हूँ
17	विडम्बना है कि पारे को प्राप्त की आधुनिक पद्धति इस पुस्तक में देने का ही संस्कार है, केवल आधुनिक साधनों के साथ ही ..... यह बहुत महत्वपूर्ण है।	यह विडम्बना है कि पारदप्राप्ति की आधुनिक पद्धति इस पुस्तक में दी गई ही संस्कार है, केवल आधुनिक साधनों के साथ...! यह बहुत महत्वपूर्ण है।
7	राम के साथ लक्ष्मण भी वन को गया था।	राम के साथ लक्ष्मण भी वन को गया था ।
3	क्या वह खेल रहा है?	क्या वह खेलता है?
1	दुःखी होना	उसको
7	गिरफ्तारी अभियान में सात जिलों के सैकड़ों आरक्षकों ने भाग लिया।	सात जिलों से आए सौ आरक्षणकर्ताओं ने निकालने की प्रक्रिया में भाग लिया।
5	सत्य का प्रचार बहरे कानों को भी खोल देता है।	ऋतु का श्लोक बहरा है।
1	अपराध	अपराध
5	दुर्गावती का विवाह किसके साथ हुआ?	दुर्गावती का विवाह किसके साथ हुआ?
1	अतिशय	बहुत अधिक
8	क्षमा करियेगा , मैं वो काम भूल गया / भूल गई।	क्षमा करियेगा , मैं वो काम भूल गई / गई।
4	आपकी पुस्तक.... ऐसी ही ।	आपकी पुस्तक .... ऐसे ही।
6	दक्षा – मैंने तो आधा याद किया।	दक्षा  मुझे तो आधा याद आ गया।
2	वह कौन है?	वह कौन है?
4	उन्होंने वेदों का अध्ययन किया है।	उन्होंने वेदों का अध्ययन किया।
9	इसके पश्च्यात स्थूल भूतों से विराट् उत्पन्न हुआ और विराट् पुरुष से यह सम्पूर्ण स्थावरजंगम संसार प्रकट हुआ ॥	तदनन्तर एक मोटा भूतमात्र के समान विराट उत्पन्न हुआ और वह समस्त लोकों में स्थित जड़ पुरुषों से सुशोभित हुआ ॥
12	परन्तु रावणकरमुक्त होकर वह महान् शूल ने रामकार्मकुन्तला समेत सभी बाणों को पक्षियों की तरह जला दिया।	परन्तु रावण को छोड़कर उस महान् शूल ने रामके हाथों में लिए हुए पतंगों के समान सभी बाणों को जला दिया।
10	मतदान के बाद सभी मतपेटियों को दिल्ली ले जाया जाएगा और मतपत्रों में फेरबदल किया जाएगा और बुधवार सुबह 10 बजे से गिनती की प्रक्रिया शुरू होगी.	मतगणना प्रक्रिया बुधवार सुबह 10 बजे सभी दिल्ली के लिए मतपेटियों को इकट्ठा करके शुरू होगी।
6	नहीं समझ आ रहा है कि आज शब्द कहाँ गए।	नहीं समझ आ रहा है कि आज शब्द कहाँ गए।
4	वहां कौन पढ़ रहा है।	वहां कौन पढ़ता है?
13	परन्तु उसी समय कृपापात्र ने अत्यधिक चातुर्यपूर्वक दुर्योधन के साथ रथ पर चढ़कर उसके प्राणों की रक्षा की।	परन्तु उसी समय कृपाचार्य जी ने अत्यन्त प्रेम से दुर्योधन को रथ पर चढ़ाकर उनके प्राणों की रक्षा की।
5	अभिनय से पहले वह अभ्यास करता है।	अभिनय से पहले वह अभ्यास करता है।
6	मैं रात को तुम्हारे पास आऊंगा।	मैं रात्रि में तुम्हारे पास आऊँगा
10	जनजागरण संस्थान धर्मशाला अब हिमाचल प्रदेश के केंद्रीय विश्वविद्यालय के धर्मशाला के विषय में विवादास्पद हो गया है।	जनजागरणसंस्था धर्मशाला अब हिमाचल प्रदेश के केंद्रीय विश्वविद्यालय की धर्मशाला के बारे में चिल्ला रही है।
1	(रूट) स्थिर बनाने के लिए अचेत करने के लिए	स्थिर करना
19	उस आयोग के अन्य सदस्यों में भगवान सहाय, एस चक्रवर्ती, एमएल धर, एमवी माथुर, जी पार्थसारथि और अन्य प्रमुख हैं।	उस आयोग के अन्य सदस्यों में भगवान सहाय, एस. चक्रवर्ती, एम. एल. धर, एमवी. माथुर, जी. पार्थ सारथि और अन्य प्रमुख शामिल हैं।
5	उसने अपना वाहन तेज चलाया ।	उसने उसका वाहन तेज चलाया
5	उनका सात्विक स्वभाव सबको पसंद आता है।	उनका सात्विक स्वभाव सबको अच्छा लगता है
8	वह मित्र पूछता है –कहाँ नियुक्ति पाई ?	वह मित्र से पूछता है  कहाँ नियुक्ति पाई ?
8	अखिलेश खान ने अपने अग्रिम फिल्म का भी चित्रिलन प्रारम्भ किया।	अखिलेश ने अपने सर्वश्रेष्ठ फिल्म का भी शूटिंग शुरू कर दिया।
9	मंदिरन्यास ने स्थल का चयन कर अब आगामि कार्य योजना को अंतिम रूप से तय किया है।	मंदिर परिसर का चयन करके अब आगामि योजना अंतिम रूप से तय हो रही है।
4	नागेन्द्र घर के बगीचे में आम उगाता है	नागेन्द्र घर के बगीचे में आम का पेड़ लगाता है
8	कार्यक्रम की शुरूआत दीप प्रज्ज्वलन से हुई, और अतिथियों को सरस्वती पूजा से हुई।	कार्यक्रम की शुरूआत दीप प्रज्ज्वलन और अतिथियों के साथ सरस्वती पूजा से हुई।
4	यह पुस्तकें चुराता है।	यह पुस्तकें चुराता है।
13	ऐसा सोचकर दूसरी ओर देखते हुए एक चिड़े (पक्षी) को चोंच से घास-तिनके आदि उठाते हुए देखा। वह (बच्चा) उस (चिड़े) से बोला	ऐसा सोचकर दूसरे स्थान पर दत्तचित्त ने चोंच से घास की सलाद लेकर एक चिड़िया को देखा और कहा- अरे चिड़िया कबूतर!
8	राजा बोला- हे मनुष्य तुम नहीं जानते मैं कौन हूं।	राजा ने कहा -पुरुष , तुम नहीं जानते कि मैं कौन हूँ ।
3	क्षमाशील मनुष्य अपने सब कार्य सिद्ध कर लेता है।	क्षमा ही सब कुछ सिद्ध करती है।
8	जब वह हृदय के स्थान पर ही रहता है तब नामरूपी फल मिलते हैं।	जब वह हृदय स्थान पर ही रहता है तब नामरूप लीन हो जाते हैं।
9	रघुनाथपुर विश्व हिंदू परिषद के प्रांत अध्यक्ष लेखराजा को निमंत्रण देने के लिए कुल्लू में रघुनाथपुर पहुंचे।	रघुनाथपुर विश्व हिंदू परिषद के प्रांतीय अध्यक्ष लेखराज कुमार ने निमंत्रण देने के लिए कुल्लू रघुनापुर पहुंचे।
10	(इसी समय बाघ और चीता भी नदी के जल को पीने के लिए आ गए, इस विवाद को सुनते और बोलते हैं)	( इसी समय शेर के चित्रकार भी नदी के जल में आने पर इस विवाद को सुनकर कहते हैं।)
4	यह किसका चित्र है?	यह किसका चित्र है?
22	शिक्षा विभाग के अतिरिक्त मुख्य सचिव के.के. पाठक ने स्कूलों में अध्ययन के समय सुबह 10 बजे से शाम 4 बजे तक शाम 5 बजे तक परिवर्तन के आदेश पर आपत्ति व्यक्त की।	मुख्यमंत्री अखिलेश कुमार, शिक्षा विभाग के अतिरिक्त मुख्य सचिव के.के. ने स्कूलों में अध्ययन के दौरान सुबह 10 बजे से शाम 4 बजे तक के परिवर्तन के आदेश पर आपत्ति व्यक्त की।
11	उन्होंने कहा, "इस समारोह के लिए मुझे विश्वास नहीं है"।	उन्होंने कहा था कि समारोह के लिए मेरा विश्वास नहीं लिया गया है।
7	विवाह में रेलमार्ग से हॉलीवुड तक तारे भी प्रदर्शन करेंगे।	विवाह में रेलमार्ग से हॉलीवुड तक के तारे भी प्रदर्शन करेंगे।
6	नहीं, मैंने रेगिस्तान नहीं देखा।	नहीं, मैंने रेगिस्तान नहीं देखा।
4	फ्रांस लगातार दूसरी बार फाइनल में.	यह लगातार दूसरी बार फ्रांस का फाइनल है।
7	आज तो उसके घर मांगलिक काज हो रहा है।	आज तो उसके घर में खाना पकाने का काम हो रहा है।
10	विपक्षी नेता जयराम ठाकुर ने कहा कि बगीच स्कूल के वार्षिक कार्यक्रम में मुख्य अतिथि के रूप में बुलाया गया था।	प्रतिपक्ष के नेता जयराम ठाकुर ने कहा कि बगस्याड़ स्कूल के वार्षिक कार्यक्रम में उन्हें मुख्य अतिथि के रूप में आमंत्रित किया गया था।
14	मंत्री वी एन वसावा ने कहा कि मल्लिका साराभाई सामाजिक परिवर्तन के लिए साहित्य और कला को प्रयोग के स्तर पर लाने के लिए प्रतिबद्ध हैं।	मंत्री वी एन वासवेन ने कहा कि मल्लिका सराभ सामाजिक परिवर्तन के लिए साहित्य और कला को प्रयोग के रूप में लाने के लिए तत्पर हैं।
2	देख हाथी और सिंह की लड़ाई।	देखना चाहिए इस झरोखे को।
9	वहाँ चतुर्दश वर्ष की उनके अध्ययन के लिए राजेन्द्र अध्यापक जी के संस्कृत स्कूल में नाम दर्ज किया गया।	वहाँ चौदह वर्ष के उनके अध्ययन के लिए राजेन्द्रध्यापक जी का संस्कृत टोल में नामांकन हुआ।
7	पोता - यहाँ आवाज़ कभी नहीं होती है ।	पोता -यहाँ शोर कभी नहीं होता ।
4	बच्चे के मुँह पर फुंसियाँ हो गई हैं।	बच्चे के मुँह पर फुंसियाँ हो गई हैं।
11	दो नाबालिगौ समेत पचास लोग देश में शरण प्राप्त कर केवल फ्रांस में ही खड़े थे।	दो बच्चों सहित पच्चीस लोग देश में आश्रय लेकर फ्रांस ही ठहर गए।
4	वह माँ के पास जाता है।	वह माँ के पास जाता है।
4	विशाखा अपने कान पर झुमका लगाती है।	विशाखा अपने कान में ईयरफोन रखती है।
4	माँ कैसे उतरती है ?	माँ कैसे उतरती है ?
7	सनकादि पार्षद गण उनकी स्तुति करते हुये इन्हें चारो तरफ से घेरे हुए खड़े थे और शंख, चक्र, गदा, पद्म तथा वनमाला के साथ श्री हरि सुशोभित हो रहे थे ॥	जिसकी स्तुति हो, सनकादि हो, पार्षद हो, शंख, चक्र, गदा, पद्म और वनमाला सुशोभित हो ॥
6	राज्य सरकार ने हिमाचल प्रदेश के आरक्षण अधिकारियों को भरने का फैसला किया है।	राज्य सरकार ने हिमाचलपुलिस के रिजर्व पदों को पूरा करने का निर्णय लिया है।
12	कैबिनेट ने लोक निर्माण विभाग का मेरालीगखंड को अर्की विभाग से सोलन विभाग में लोगों के सुविधा में स्थान देने का भी निर्णय लिया है।	कैबिनेट ने लोक निर्माण विभाग के ममलीखंड को अर्की विभाग से सोलन विभाग में लोगों की सुविधा के लिए स्थानांतरित करने का भी निर्णय लिया है।
6	बर्फबारी और भारी बारिश के कारण जिले में ठंडी लहर बढ़ी है।	बर्फबारी और बारिश के कारण जिले में सर्दी की लहर बढ़ी है
5	पाँच मिनट तक दोनों ने विश्राम किया।	पाँच मिनट तक दोनों ने विश्राम किया।
1	सामग्री होश के साथ संपर्क से	संपर्क में आने वाले
3	चाचा चाची नहीं हैं ।	चाचाजी नहीं हैं।
1	लंगड़ाना	छेद
8	उससे स्वयमेव सत्कर्म होगे जैसे बादल वर्षा करते हैं।	उससे स्वयं ही सत्कर्म हो जाएँगे जैसे बादल वर्षा करते हैं।
6	ऐसे एक आपका ही निरन्तर अनुसरण करता हुआ अन्य सब मनोरथोंसे सर्वथा रहित और आपका ही ऐकान्तिक नित्यदास होकर मैं इस जीवनको सनाथ मानता हुआ कब आपको सन्तुष्ट करूंगा	हे शान्तिनिशेष मनोराथनन्तर भवभयस्वरूप ! मैं आपके ही इस आचरण के बाद अपने एकान्त और नित्य क्लेश से कब प्रफुल्लित हो जाऊँगा?
5	तुम्हारी बहन की क्या उम्र होगी ?	आपकी छोटी बहन कितने वर्ष की है ?
9	ऊर्जापूर्ति-समस्या से ग्रस्त जापान का चंद्रमा-लैंडर ने सप्ताह के बाद फिर से प्रक्षेपण शुरू किया।	ऊर्जापूर्ति-एक हफ्ते के बाद जापान के चंद्र मिशन ने ऑपरेशन फिर से शुरू कर दिया।
6	मैं घर पर उसे छोड़ कर आ गया।	मैं घर ही छोड़कर आ गया।
25	श्री मोदी की अध्यक्षता में केंद्रीय मंत्रीमण्डल ने अंतरिक्ष क्षेत्र में प्रत्यक्ष विदेश नीति कीशोधन के लिए मंजूरी प्रदान की है इस तरह, उपग्रह का उपक्षेत्र हर क्षेत्र में प्रत्यक्ष विदेश निवेश के लिए परिभाषित किया गया है।-उन्होंने तीनों समितियों के साथ अलग-अलग कार्यों में विभाजित किया है।	श्री मोदी की अध्यक्षता में केंद्रीय मंत्रीमण्डल ने कल अंतरिक्ष-क्षेत्र में प्रत्यक्ष-विदेश-नीति-शोधन के लिए मंजूरी दी है इस तरह के उपग्रह का उपक्षेत्र प्रत्येक क्षेत्र में प्रत्यक्ष विदेशी निवेश के लिए परिभाषित किया गया है-यह सीमाओं के साथ तीन अलग-अलग गतिविधियों में विभक्त कर दिया गया है
5	मेरा संकल्प – मैं मतदान अवश्य करूँगा	मेरा संकल्पमैं मतदान अवश्य करूँगा।
6	शायद वह संस्कृत के विकास के लिये काम करेगा	शायद संस्कृत के विकास के लिये वह काम करे ।
6	परमेश्वर , उसकी आत्मा को शान्ति दें ।	परमेश्वर , उसकी आत्मा को शान्ति दें ।
4	दादीजी के लिये कुर्सी लेता है	दादीजी के लिये कुर्सी ले जाती है
5	फिर देखने के समय नए मतदाता पंजीकृत हो गए।	पुनरावलोकन के दौरान नए मतदाता पंजीकृत हुए।
1	मिर्ची	मिर्ची
9	इस ऐतिहासिक दृश्य में पूरा शहर फूलों, प्रकाश और दीवारों के चित्रों से सुशोभित है।	इस ऐतिहासिक क्षण में पूरा शहर फूलों की रोशनी और दीवड़ों से सुशोभित है।
8	गुण और कर्मों के विभाग से चातुर्वण्य मेरे द्वारा रचा गया है। यद्यपि मैं उसका कर्ता हूँ, तथापि तुम मुझे अकर्ता और अविनाशी जानो।।	हे विभाजनक ! मैंने गुण और कर्मों के चार वर्णों वाला यह जगत् रचा है, उसका कर्ता भी मुझे अव्यय मानता है।।
10	वनवासियों के प्रिय राम आदि रथपर चढ़कर ही वन को जायेंगे। ऐसा कह ये सीता और लक्ष्मण के सहित राम को देखकर दुःख से पृथिवी पर गिर पड़े और आँखों में आँसू भरकर रोने लगे। तब रामजी के देखतेदेखते शीघ्र ही सीताजी रथ पर चढ़ीं ॥	हे वनचर प्रियजनों ! रथ पर चढ़कर वन को चलें। यह कहकर श्रीराम और लक्ष्मण को सीताजी को देखकर सलक्ष्मणजी बोलीं हे रघुनाथजी ! तुम आओ, हम दोनों वन को चले जायें ॥
42	''संस्कृत बालगीतक सम्मेलन का''सनीपत के ऋषिहुड विश्व विद्यालय के राष्ट्र स्कूल ऑफ पब्लिक लीडरशिप के अध्यक्ष संस्कृत शिशु मनोविज्ञान मंत्री प्रो. एस.के., यहीं दिल्ली के राष्ट्रीय संस्कृत हैं-संस्थान का अकादमिक व्यवहार-शिष्यकल्याण विभाग के अध्यक्ष एवं वरिष्ठ संस्कृत सुभाष प्रो. एस.के. नेबलमाली विश्वाल ने सारस्वता अतिथि के रूप में उपस्थित होकर कवियों का उत्साह बढ़ाया।	''संस्कृत बालगीत सम्मेलन''की अध्यक्षता सोनीपत के ऋषिहुड विश्व विद्यालय के राष्ट्र स्कूल ऑफ पब्लिक लीडरशिप, पीठ के अध्यक्ष संस्कृत शिशु मनोविज्ञान प्रोफेसर सम्पदानंद मिश्र ने की, वहीं दिल्ली के राष्ट्रीय संस्कृत-संस्थान के अकादमिक व्यवहार-छात्र कल्याण विभाग के अधिष्ठाता मूर्धन्यमणि और वरिष्ठ संस्कृत प्रोफेसर बलमाली विश्वल सरस्वती ने कवियों को संबोधित किया।
8	वहाँ महिलाएँ छपाई, टाइप और लकड़ी की कलाकारी आदि का प्रशिक्षण भी लेती थीं।	वहाँ स्त्रिय मदुण  व काष्ठकलादि का प्रशिक्षण भी प्राप्त था।
3	आप भोजन करिये।	आप भोजन करिये।
6	मामा – तुम माँ की चिन्ता कर रहे हो।	तुम माँ की चिन्ता करते हो।
3	स्वच्छता सबको पसन्द है।	स्वच्छता सबको पसंद है।
12	श्रीनन्दनन्दनके चरणारविन्दोंमें धीरे-धीरे उसी (भगवन्नाम ही ) - का उच्चारण कर ।।	नन्दनन्दन, कमललोचन, आनन्दमन्दमय, अनुजयनशील मन, मुञ्चमुख विषयोंमें तुम्हारी अभिलाषाएँ थोड़ी-सी हों और तुम्हारी वाणी थोड़ी सी कठिन हो ॥
5	उसके साथ गुड़ भी था।	उसके साथ गुड़ भी था।
9	चन्दन – सखियों के साथ ! मेरे साथ नहीं (दुःख का अभिनय करता है)	चन्दन  सखियों के साथ! मेरे साथ नहीं! (विषाद का अभिनय)
5	देवांग उस वृद्ध को मार्ग दिखा रहा है	देवांग उस वृद्ध को रास्ता दिखाता है
3	मुख में गीलापन नहीं है।	मुख में गीलापन नहीं है।
10	वह सीता मैथिली, वैदेही, द्रौपदी, पाञ्चाली, येज्ञसेनी इत्यादि अनेक नामों से विख्यात हैं।	वह सीता मैथिली, वैदेही, द्रौपदी पाँचवाली, याज्ञसेनी इत्यादि के नाम से जानी जाती है।
6	मत करो , मत करो रास्ते को अस्वच्छ।	मत करो रास्ता अस्वच्छ मत करो
4	चंचल ने वृक्ष के पास जाकर पूछा।	चंचल ने वृक्ष के पास जाकर पूछा
19	लोकगीतों में परम्पर के साथ कार्य करने वाले बीच मार्ग से, धुन की परिवर्तन, गीता लिखना, पद्मश्री पण्डित सोमदत्त बट्ठ ने इस विषय पर चिंता व्यक्त की कि इसे व्यावसायिक रूप से स्वीकार किया जा रहा है।	लोकगीतों के परंपरा के साथ किए गए मध्यम मार्ग से, धुनों के परिवर्तन से, गीत लेखन से, पद्मश्री पण्डित सोमदत्तबठ ने उस विषय पर चिंता व्यक्त की जो व्यावसायीकरण है।
6	उसके पिता रत्नलाल धर्माणी सेवानिवृत्त शिक्षक हैं।	उनके पिता रत्नलाल धर्माणी सेवानिवृत्त शिक्षक हैं।
7	जो निःसंकोच बोलता है वह ही सफल होता है ।	जो निसंकोच बोलता है वही सफल होता है
7	परन्तु मैं फिर भी इस युद्ध के लिये तैयार हूँ।	परन्तु मैं फिर से इस युद्ध के लिये तैयार हूँ।
9	अनुराग ठाकुर, इस निर्णय के लिए प्रधानमंत्री नरेंद्र मोदी, केंद्रीय रेल मंत्री अश्विनी वेष्णव ने आभार व्यक्त किया।	अनुराग ठाकुर ने इस निर्णय के लिए प्रधानमंत्री नरेंद्र मोदी, केंद्रीय रेल मंत्री अश्विनी वैष्णव ने आभार व्यक्त किया।
8	एक मिनट की भी देरी होती तो मैं निकल जाता ।	एक मिनट भी देरी होगी तो मैं जाऊँगा।
4	आप क्या ढूंढ रहे है ?	आप क्या ढूँढ़ते हैं ?
4	भारत की दो प्रतिष्ठा क्या हैं?	भारत के दो प्रतिष्ठित प्रदेश कौन से हैं?
8	कोई- कोई अपने देहके भीतर चित्ताकाशमें विराजमान प्रादेशमात्र ( बित्ताभरके ) चतुर्भुज पुरुषको, जो शङ्ख, चक्र, गदा और पद्म धारण किये हुए हैं, धारणाद्वारा स्मरण करते हैं	कोई अपने शरीर के अन्तःकरण में निवास करते हुए सम्पूर्ण प्रादेशिक पुरुषको स्मरण करते हैं जो कि कञ्जरथङ्ग और शङ्खकाधर हैं
12	पिछले साल मानसूनर्ती राज्य में प्राकृतिक विपत्ति हुई थी, उसके बाद सरकार ने बड़ा निर्णय लिया।	पिछले साल मानसून में प्राकृतिक आपदा आई थी, इसके बाद सरकार ने बड़ा निर्णय लिया।
26	गौरतलब है कि इससे पहले एचएससीए द्वारा सरकारी प्राथमिक पाठशाला रेडेंडर, मंडी द्वारा स्वीकृत थी और वहाँ मूलभूत सुविधाओं को मजबूत करने के साथ विद्यार्थियों को विज्ञान के क्षेत्र में अपनापन करने के लिए प्रोत्साहित किया गया था।	गौरतलब है कि इससे पहले एचएससीए द्वारा सरकारी प्राथमिक पाठशाला रेडधार, मंडी को मान्यता दी गई थी और वहाँ मूलभूत सुविधाओं को मजबूत करने के साथ छात्र विज्ञान के क्षेत्र में अपना भविष्य बनाने के लिए प्रोत्साहित किया गया था।
3	आओ मिलते हैं।	आओ मिलते हैं
10	इसीलिए वह कार्य पूरी तरह से छोड़ दीजिये, और प्रसन्नता के साथ पशुगण कृपया रक्षा करें।	इसलिये उस कार्य को सर्वथा त्याग दीजिये, इस प्रकार प्रसन्नतापूर्वक पशुओं को कृपया राखीजिये।
5	हाँ जी हाँ मेरे घर में घुसे।	हाँ हाँ मेरे घर में घुसे।
1	करना चाहिए।	करना चाहिए
6	इस प्रकार परस्पर बातचीत करते हुए देवगण स्वर्गलोक चले गये। तब श्रीरामचन्द्रजी सोचने लगे कि यह अधम राक्षस हा लक्ष्मण! इस प्रकार मेरी बोली में कहकर प्राण क्यों छोड़ा ? मेरे वाक्यों को सुनकर सीताजी की क्या दशा होगी ? ।।	इस प्रकार वे दूसरे से यह कहकर देवताओं और देवताओं के बीच युद्ध करने लगे
5	अमेरिका में भी संस्कृत भारती का कार्यालय है।	अमेरिका में भी संस्कृत भारती का कार्यालय है।
6	दिव्यांग बच्चों के साथ समय बिताया।	दिव्यांग बच्चों के साथ समय बिताया।
15	केंद्रीय मौसम विज्ञान केंद्र शिमला के अनुसार, दिसंबर को राज्य के सभी हिस्सों में मौसम साफ ही होगा।	मौसम विज्ञान केंद्र शिमला के अनुसार, दिसंबर तक राज्य के सभी हिस्सों में मौसम स्वच्छ रहेगा।
1	बेटा	पुत्र
9	सियार-यदि ऐसा है तो मुझे अपने गले से बाँधकर जल्दी चलो।	जरद्गव- अगर ऐसा है तो मुझे अपने गला में खींचकर जल्दी चलो।
5	इसी कारण स्वाधीनता सेनानियों के दो दल थे।	इसलिये स्वाधीनता सेना के दो दल थे।
15	अतः व्यासदेव बोला जो भी काम करना है, उसे नारायण को समर्पण करना चाहिये क्योंकि शरीर से वाणी, मन से इन्द्रियों, बुद्धि से आत्मा का नाश हो जाता है।	इसलिये व्यासदेव ने कहा कि जो भी कार्य किया जाता है, वह नारायण को समर्पण करना चाहिए-वह वाणी और मन और इन्द्रियों के द्वारा बुद्ध्या के अनुकूल स्वभाव से कहा गया है।
1	रात्रि	अंधकार से
5	मनोहर परिक्कर जी गोवा राज्य के मुख्यमंत्री थे।	मनोहर परिक्कर गोवा राज्य के मुख्यमंत्री थे।
9	खेल मंत्री अनुराग ठाकुर ने नई दिल्ली में पहला बिम्सटेक एक्वाटिक जीती-प्रतिस्पर्धा को खोला।	खेल मंत्री अनुराग ठाकुर ने नई दिल्ली में पहली बिम्सटेक एक्वाटिक विजेता प्रतियोगिता का उद्घाटन किया।
11	उस कन्या से पुलस्त्य नन्दन विश्रवा ने त्रिलोकी में विख्यात एक पुत्र उत्पन्न किया। वह विश्रवा का पुत्र अपने पिता के समान तेजस्वी था। ब्रह्माजी ने भी उसकी प्रशंसा की थी ॥	उस स्त्री का पुत्र होने पर पौला, लोकों में समान भाव से रहने वाला, पिता के समान वैश्य और ब्रह्म से अनुमोदित हुआ ॥
5	उसके पुस्तकालय में अनेक पुस्तकें हैं ।	उसकी पुस्तकालय में अनेक पुस्तकें हैं
8	प्रातःकाल होते ही विदेहपुर जनकपुर में पहुँच कर विश्वामित्र जी ऋषियों के निवास स्थान में ठहर गए। श्री विश्वामित्र जी का आगमन सुनकर अत्यन्त प्रसन्नचित्त जनक जी पूजन सामग्री लेकर अपने पुरोहित के साथ विश्वामित्र जी के पास आये और साष्टांग दण्डवत् कर उन्होंने श्री विश्वामित्र जी की पूजा अर्चना की ॥	विदेह के सामने प्रातःकाल ऋषि भवन था। वह आकर जेब में पहुँच गया। सुनकर बहुत प्रसन्न हुआ।
9	यह बात मार्च में इंटरनेशनल हैप्पीनेस डे पर प्रकाशित एक रिपोर्ट में कही गई है	यह जानकारी 20 मार्च को अंतर्राष्ट्रीय सुख दिवस पर प्रकाशित रिपोर्ट में दी गई है।
1	डरे स्वर से ।	काँपती हुई गर्दन से
14	लगभग पांच वर्ष की अवस्था वाले कृश महिलाओं ने उर्ध्वता वर्षा की, उनके आयु, परम संकल्प और स्वप्न को बहुत बढ़ाने के लिए प्रेरित किया।	लगभग डेढ़ पैर की ऊंचाई पर जाने के कारण उसकी आयु और संकल्प ने उसे बहुत अधिक करने के लिए प्रेरित किया।
11	वास्तव में इस रास्ते में छह मीटर तक राष्ट्रीय राजमार्ग के पास स्थित पहाड़ फिसल गया है।	वास्तव में इस मार्ग में छह से सात मील तक राष्ट्रीय राजमार्ग के पास स्थित पहाड़ फिसल गया है।
19	मौत का संदेश देने वाले आईएस प्रवक्ता ने यह नहीं कहा कि अल-हुसैन मारा गया है. अबी हफ़सन अलहाशिमी को कथित तौर पर नया नेता नियुक्त किया गया है।	मौत का संदेश जारी करने वाले एएस प्रवक्ता अल-हुसैन द्वारा नहीं बताया गया था। बताया गया है कि अबी हफ़्सान को नए नेता नियुक्त किया गया है।
9	मैं प्रतिमाह बिजली खर्च करने में चार करोड़ रुपये का लाभ उठाऊँगा।	इसने हरमहिने बिजली ख़र्च में चार करोड़ रुपये का लाभ होगा।
5	बालक कार्य कर सकते हैं।	बच्चे काम कर सकते हैं।
6	उच्च वर्ग वाले उनका मज़ाक उड़ाते हुए कुएँ से जल निकालने के लिए मना कर रहे थे।	उच्च वर्ग के लोग मजाक कर रहे थे और कुएँ से पानी निकाल रहे थे।
9	उसने पूछा – पत्नी के साथ संस्कृत में बात करते हो ?	उसने पूछा  पत्नी के साथ संस्कृत में बात करते हो ?
16	उन्होंने कहा कि जब तक बच्चे विद्यालय जाते हैं और नहीं लौटते हैं तब तक मातापिता के ऊपर प्रभाव ही रहता है।	उन्होंने कहा कि जब तक बच्चे विद्यालय नहीं जाते हैं तब तक प्रभाव माता पिता पर ही रहता है।
9	पहले पारी में दक्षिण अफ्रीका के कायल वेरिन ने सबसे अधिक 15 रन बनाए।	दक्षिण अफ्रीका के काइल वेरिन ने पहले स्थान पर सर्वाधिक पंद्रह रन बनाए।
3	माल रेल भी जाती है।	पत्नीएँ भी जाती हैं।
1	फीस	शुल्क
3	परन्तु स्मरण करके बताऊँगा।	परन्तु स्मरण करके कहूँगा।
9	यहां भी उन्होंने सबके सामने अपने जाग रहेलोकगान स्वर का प्रदर्शन किया।	यहाँ भी उन्होंने सबके सामने अपने जागरितलोक गायन स्वर का प्रदर्शन किया।
1	साफ़	निर्मल
3	आओ मिलते हैं।	आओ मिलते हैं
5	इस में थोड़ा सा भी पाप नहीं है।	इसमें थोड़ा सा भी पाप नहीं है।
2	इसे छोड़ दो	छुड़ाया नहीं जाता
9	आज समस्त संस्कारों में मनुष्य विद्वत्तारहित है, अनेक प्रकार के सुख-दुःख और वर्धमान दिखाई पड़ते हैं।	आज पूरे संसार में मनुष्य विपत्ति में पड़ा है और अनेक प्रकार के दुःख और बढ़ते हुए दिखते हैं।
1	गांव का नायक	ग्रामवासी
3	वह अखरोट खाता है।	वह अखरोट खाता है।
7	पुराण में सम्पूर्ण ब्रह्माण्ड का वर्णन है, इसलिये इसका अभिधान ब्रह्माण्डपुराण है।	पुराण में समस्त ब्रह्माण्ड का वर्णन है, इसीलिए इसका शीर्षक ब्रह्मान्डपुराण है।
4	हाँ, तुम्हारा संक्षेप का प्रश्न है।	हाँ तुम्हारा प्रश्न अच्छा है।
4	रसिक के द्वारा फूल सूँघा गया।	धोबी ने फूल लिया।
4	वह यज्ञ करता है	वह यज्ञ करता है
1	इसको ।	यह
1	देखने को	देखने योग्य
9	''ब्राह्मण को नहीं मारना चाहिए'' इत्यादि उक्तांतों में ब्राह्मणत्व के जातियों का हनन असम्भव था।	''ब्राह्मण को नहीं मारना चाहिए'' इत्यादि में ब्राह्मणत्व के जातियों का हनन असंभव है।
6	स्त्रियों के लिए संस्कृत शिक्षा लगभग अप्रचलित थी।	स्त्रियों के लिये संस्कृत शिक्षण प्रायः प्रचलित नहीं था।
7	नहीं कोई विशेष नहीं ।	सामा -नहीं , कुछ विशेष नहीं ।
8	दुबई-शहर जाने का विषय भी यहाँ प्रासंगिक नहीं है।	दुबई जाने का विषय भी यहाँ प्रासंगिक नहीं है।
7	मंदिरों में, धार्मिक कार्यक्रमों में, विभिन्न स्थानों पर शोभायात्रा भी हुई.	मन्दिरों में धार्मिक कार्यक्रम और विभिन्न स्थानों पर भव्य यात्राएं हुईं।
6	अनेक लोग घर में भोजन नहीं करते हैं।	अनेक लोग घर में भोजन नहीं करते हैं।
4	बहुत से लोग सत्संग में जाते हैं।	बहुत से लोग सत्संग जाते हैं
1	सिलाई करता है	सिलना
7	संस्कृत (साहित्य) में विद्यमान सूक्तियाँ उन्नति के लिए प्रेरित करता हैं। जैसे-	संस्कृत में विद्यमान सूक्तियाँ उन्नति के लिये प्रेरित करती हैं, जैसे-
1	नहीं है।	नहीं है ।
11	श्रीपद - जघा और पिण्डलियो मे आश्रित्य मास और रक्त मे स्थित तीव्र कफ दोष, पाव मे आकर श्रीपद नामक शोथ को उत्पन्न करता है । यह शोथ मास रक्त और कफजन्य है। इसके लिये शिरामोक्षण और कफनाशक सम्पूर्ण विधि बरतनी चाहिये और सरसों का लेप करना चाहिये ।	जिवात्मा में पिण्डी और हड्डियों (दूधों) के फैलने से, मास भर के दोषों (मास भर जाने से) को तथा शिराके फैलने (फटने) को विधि समान हो जाती है और सभी लताओं को नष्ट कर देती है ॥
9	[मैया यशोदा बोलीं- ] अरे कन्हैया! अभी तुझे स्नान कराकर चन्दनादिलेपन किया और अभी -का- अभी तेरा शरीर धूलिधूसरित हो गया? ॥	इस समय आपने मंगलाचरण और अनुलेपन किया था, इस समय तो श्रीकृष्ण धूलिधूसरित वस्त्र धारण किये हैं ॥
14	इनमें से एक विद्वान अपने शोधन के माध्यम से कुछ नयन करे या ज्ञान के आयाम को प्रकाशित करे, यही अपेक्षा है।	इनमें से विद्वान् अपने शोध से कुछ नए तत्त्वों या ज्ञान के आयामों को प्रकाशित करेगा ऐसा अपेक्षा है।
4	बच्चे के मुँह पर फुंसियाँ हो गई हैं।	बच्चे के मुँह पर फुंसियाँ हो गई हैं।
9	रूमतेक-घैयालवा कर्मपा उद्यान-इस परियोजना के आधारशिलाएँ भीवर्चुअल रूप में रखींगी।	रोम-तेकग्यालवा कर्मपा उद्यान- परियोजना के आधारशिला भी आभासी रूप में स्थापित होंगी।
4	सरोवर में शेर पानी पीता है।	सरोवर में शेर पानी पीता है।
3	उड़ना	जाना छोड़ना
7	बाद में, मुम्बयी विश्वविद्यालय के सार्वजनिक विधि महाविद्यालय से स्नातक के पदवी को प्राप्त किया।	बाद में, मुम्बई विश्वविद्यालय के सर्वकरीय विधि महाविद्यालय से डिग्री पाई।
4	सतत कार्यों के द्वारा बच्चों में स्थिरता दिखती है।	सतत कार्यक्रम से बच्चों में स्थिरता दिखती है।
4	फूल बहुत बड़ा होता है।	फूल बहुत लम्बा होता है।
14	उन्होंने कहा कि इस योजना के तहत योग्य राज्यों और महलों को घरों के निर्माण के लिए लाख रुपये का वित्तीय सहायता प्रदान की जाएगी।	उन्होंने कहा कि इस योजना के तहत योग्य विधवाओं और एकल महिलाओं को घरों के निर्माण के लिए लाख रुपये का वित्तीय सहायता प्रदान की जाएगी।
8	हम भी इतने क्षुद्र थे कि हमारे छोटे-बड़े घड़ों में कितना समाता ?	हम ही वैसे छोटे जैसे घड़ों में कैसे समा जाएं।
16	उसका प्रिय, साहसी, वीर और इरावान पुत्र, जो सापन्याय में पैदा हुआ था, वह उस दिन वीरगति को प्राप्त किया।	उसका प्रिय, साहसी और वीर पुत्र इरावन, जो सर्पकन्या में उत्पन्न हुआ था, उसने उस दिन वीरगति प्राप्त की।
5	मेरे एक मित्र ने पूछा	मेरे एक मित्र ने पूछा
7	इस समय तूने श्रम किया है इससे नाड़ी शीघ्र चलती है।	इस समय तुम परिश्रम क्यों कर रही हो ? क्योंकि धमन शीघ्र बह रहा है।
6	नामों ने भी गोलियां बजाने शुरू कर दी हैं।	नाम गोलीबारी करने लगे।
13	एक प्रश्न के उत्तर में उन्होंने कहा कि अयोध्या की हवाई अड्डा महीने के अन्त में बन जाएगा।	एक प्रश्न के उत्तर में उन्होंने कहा कि अयोध्या का हवाई अड्डा महीने के अन्त तक बन जाएगा।
14	अपने कमलोपम हाथसे चरणकमलको मुखकमलमें लगाते हुए वटके पत्तेपर सोये बालगोपालका मैं मन ही मन स्मरण करता हूँ॥	मैं बाल मुकुन्द को मन से स्मरण करता हूँ, जो वट के पत्तों के पलंग पर सो रहे थे।
5	सभी दुराचारी युद्ध में मारे गए ।	सभी दुराचारी युद्ध में मारे गए
7	काङ्ग्रेस में डर या आशङ्का नहीं है।	कांग्रेस से कोई डर या आशंका नहीं है।
1	आधे कमल के समान मुद्रा	आधा तलवार मुद्रा
5	अभिनय से पहले वह अभ्यास करता है।	अभिनय से पहले वह अभ्यास करता है।
1	गैस सिलिन्डर	गैस सेल
11	यह योजना जिला प्रशासन द्वारा मंगलवार को हवाई अड्डे के अधिकार क्षेत्र में गिरने वाले पंचायतों के प्रमुखों के साथ प्रकट की गई।	जिला प्रशासन ने मंगलवार को हवाई अड्डे के अधिकार क्षेत्र में गिरे पंचायतों के प्रमुखों के साथ यह योजना प्रकट की।
20	जेपीनड्डा ने कहा कि भूपेश बागेल ने निर्धनों के लिए केंद्र सरकार की योजना को निलंबित कर दिया है, इसीलिए छत्तीसगढ़ के लोग और उसके सरकार को निलंबित कर दिया।	जेपीनड्डा ने कहा कि भूपेशबघेल ने निर्धनों के लिए केंद्र सरकार की योजना निलंबित कर दी, इसीलिए छत्तीसगढ़ के लोगों ने उसे और उसके सरकार को निलंबन कर दिया।
1	नदी के किनारे	नदी के किनारे
37	शुक्रवार को राजकीय सीनियर माध्यमिक विद्यालय रंगस, राजकीय माध्यमिक विद्यालय बनाना, राजकीय केंद्रीय प्राथमिक विद्यालय रंगस, राजकीय प्राथमिक विद्यालय बनाना और इन चार विद्यालयों के संयुक्त वार्षिक पुरस्कार वितरण समारोह बड़े खुशी से, हर्ष से, उत्साह से राजकीय सीनियर माध्यमिक विद्यालय रंगसा में, रंगसी, हमीरपुर जिले में आयोजित किया गया।	शुक्रवार को सरकारी वरिष्ठ माध्यमिक विद्यालय रंगस, सरकारी माध्यमिक स्कूल बन, सरकारी केंद्रीय प्राथमिक स्कूल रंगस और सरकारी प्राथमिक विद्यालय बन इन चारों स्कूलों का संयुक्त वार्षिक पुरस्कार वितरण समारोह बड़े आनन्द से, खुशी से, उत्साह के साथ सरकारी वरिष्ठ सेकंडमिक विद्यालय, रंगसे, हमीरपुर जिले में आयोजित किया गया।
7	वह दादाजी को प्रणाम करके सब कुछ पूछता है	वह दादाजी को प्रणाम करके सारी बात पूछता है
4	पुतला जलाने से कुछ भी नहीं होगा।	बगुलों के दमन से कुछ भी नहीं होगा।
4	शारीरिक शिक्षकों के लिए नियुक्त किया गया प्राधान दिया जाता है।	शारीरिक शिक्षकों को नियुक्त करने में रुचि दी जाती है।
1	जननी ने	माता
3	आप दोनों शिक्षिकायें।	आप दोनों शिक्षिका ।
5	ओ मेरी अच्छी दादीजी !	ओ मेरी अच्छी दादीजी !
10	मैंने यह विजय प्राप्त किया, रणे में रावण मारा और लंका को मैंने वशीभूत कर दिया।	मैंने यह विजय प्राप्त की, रण में रावण मारा गया और लंका को मैंने वश में कर लिया।
6	मैं " विद्यालय से " आ रहा हूँ !	मैं विद्यालय से आता हूँ !
4	उसकी बात करने की शैली हँसी से भरी है।	उसकी बात करने की शैली हँसी से भरी है
15	हिमाचल प्रदेश के मुख्यमंत्री मुकेश अग्निहोत्री की स्वर्गीय पत्नी सिम्मी अग्निहोत्री का अंतिम संस्कार शनिवार को गोंदपुर जयचन्द में किया गया।	हिमाचल प्रदेश के उपमुख्यमंत्री मुकेश अग्निहोत्री का अंतिम संस्कार शनिवार को गोन्दपुरजयचंद में हुआ।
10	प्रातः जब वह जागता है, तब वह शाकम्भ्री देवी की दर्शना करके राजधानी को जाता है।	प्रातः जब वह जागा, तब उसने शाकम्भरी देवी को देखा और राजधानी को
4	विष क्या है? गुरुओं की अवहेलना।	क्या विष है? गुरुजनों की अवहेलना करिये।
19	तब कुछ सोचकर प्रसन्न हुए श्रीरघुनाथजी ने यह देखकर कहा हे सौम्य राक्षसाधिप ! आप मतों के पास जल्दी आओ यह सूचित कीजिये।	वहाँ से कुछ सोचकर अहित हुआ श्रीरघुनाथजी ने डरे हुए इस वाक्य को कहा हे सौम्य राक्षसाधिप ! मेरे पास जल्दी आने की आप सूचित करें।
1	अपार ओजस्वी	तेजस्वी ।
1	निर्मलता कण्डू  खाज	अपवित्र
3	ऑर्बिटर सुरक्षित है।	ऑर्बिटर सुरक्षित है।
6	1998 में पोखरण में परमाणु परीक्षण किया।	1998 में पोखरण में परमाणु परीक्षण किया गया।
5	वे दोनों सत्य नहीं बोलते हैं।	वे दोनों सत्य नहीं बोलते हैं ।
10	मतदान के बाद सभी मतपेटियों को दिल्ली ले जाया जाएगा और मतपत्रों में फेरबदल किया जाएगा और बुधवार सुबह 10 बजे से गिनती की प्रक्रिया शुरू होगी.	मतगणना प्रक्रिया बुधवार सुबह 10 बजे सभी दिल्ली के लिए मतपेटियों को इकट्ठा करके शुरू होगी।
9	अनुद्योगी को उम्मीद है कि इस कमीशन के कार्यालय में शीघ्र ही भर्ती हो जाएगी।	बेरोजगार इस कमीशन के कार्यालय में जल्द ही भर्ती होने की उम्मीद करते हैं।
2	देखानही	नहीं देखा।
4	प्राचीन विमान कला का  शोध	प्राचीन विमानकला का शोध
6	उसके बाद सभी शिक्षकों का संस्कृत में परिचय हुआ।	उसके बाद सभी शिक्षकों का संस्कृत में परिचय हुआ।
3	अपने आप पानी भरिये।	अपने आप पानी भरिये।
2	मैं बैठती हूँ	मैं बैठता हूँ
12	कई मंत्रियों, सांसदों और अन्य लोगों ने-प्रतिनिधियों ने विभिन्न जिलों में स्वच्छता अभियान में भाग लिया।	कई मंत्री, सांसद और अन्य जनप्रतिनिधि ने विभिन्न जिलों के स्वच्छता अभियान में भाग लिया।
21	सभा की अध्यक्षता कर रहे गृह सचिव अजय कुमारभल्ला ने कहा कि सद्य को भारतीय न्यायिकसंहिता में"हिट एंड रन"के मामलों में नए प्रावधान आज भी कार्यान्वित नहीं हैं।	सभा की अध्यक्षता करते हुए गृह मंत्री अजय कुमारभल्ला ने कहा कि हाल ही में पारित भारतीय न्यायिक संहिता में "हिट एंड रन" के मामलों में नए प्रावधान अभी भी लागू नहीं हैं।
12	एसडीएम मनाली रमण कुमार शर्मा ने कहा कि पर्यटकों की सुविधा का पालन किया जा रहा है।	एसडीएम मनाली रमण कुमार शर्मा ने कहा कि पर्यटकों के लिए सुविधा का पालन किया जा रहा है।
10	भरतजी का यह हठ देखकर श्रीरामचन्द्रजी ने अत्यन्त विस्मित होकर गुरु वसिष्ठजी को नेत्रों से संकेत किया ॥	श्रीरामचन्द्रजी ने भी भरत का बंधन देखकर अत्यन्त आश्चर्य चकित होकर गुरुजी की दोनों आँखें बन्द कर दीं ॥
12	जो लोग वेद आदि शास्त्रों का अध्ययन करने के बाद भी आत्मा परमात्मा के संबंध में कुछ नहीं जानते, वे आत्मज्ञान से रहित उस कलछी की तरह है, जो स्वादिष्ट साग सब्जी में तो घूमती है, परंतु उसे उसके स्वाद का बिलकुल भी ज्ञान नहीं होता |	बहुत से धर्म-शास्त्रज्ञ चतुर वेदों को पढ़ते हैं, परन्तु स्वयं को नहीं जानते, जिस प्रकार द्वापरस को ।
7	वोटों की गिनती हिमाचल प्रदेश के साथ 8 दिसंबर को होगी.	हिमाचल प्रदेश के साथ 8 दिसंबर को मतगणना होगी
3	आप भोजन करिये।	आप भोजन करिये।
3	ऐसा सुनकर अजीज सफल हुआ।	अजीज सफल रहा
1	एक योग केंद्र या स्कूल	आश्रम
4	उसमें कोई भी सन्तति नहीं है।	उसकी कोई सन्तान नहीं है।
5	उसके कारण से हाई ब्लड प्रेशर भी रहता है	उसके कारण उच्च रक्तचाप भी होता है
5	जरा रुको, मुझे स्मरण है।	रुको, मैं याद करता हूँ।
7	पोता - मैं यहाँ काँच के पीछे बैठता हूँ ।	पोता - मैं यहाँ काँच के पीछे बैठता हूँ ।
10	देश का संपूर्ण-उत्तर क्षेत्र में भीषण-आफूसी-चरण से रेल सेवा प्रभावित हो गई।	देश के पूरे उत्तर क्षेत्र में भयंकर लू चलने से रेलवे सेवा प्रभावित हो गई है।
5	पुराने छात्रों में कठिन रूपात्मक विचलन देखे जाते हैं।	वयस्क छात्रों में कठिन वैकारिक बदलाव दिखते हैं।
13	तदनन्तर अपनी ईच्छानुसार अयोध्या आएं अथवा वन में ही रहें किन्तु कमलनयन राम कल प्रातः अवश्य वन में चले जाय ॥	श्रीरामचन्द्रजी का ललकार है कि वह प्रातःकाल वन को चले जायें और घर लौटकर या वन में अकेले रहें ॥
15	विपक्षी नेता ने कहा कि एक तो मुख्यमंत्री राज्य में निवेश करने के लिए दुबई जा रहा है, दूसरी कानूनी व्यवस्था की स्थिति कमजोर हो रही है।	एक मुख्यमंत्री राज्य में निवेश लाने के लिए दुबई जाता है और दूसरा कानूनी व्यवस्था की स्थिति क्षीण हो रही है, विपक्षी नेता ने कहा।
6	वहाँ से वे सभी महिलाओं ने नगर में प्रवेश किया।	वहाँ से वे सभी स्त्रिय नगर में प्रवेश कर गईं।
7	जहाँ, बनियेखंड और चराहे में लघुवृष्टि हुई।	जहाँ, बनीखेत और चोर में भारी बारिश हुई।
3	महाराज! यह क्या है?	महाराज ! यह क्या है ?
3	योगशास्त्र का प्रवर्तन किसलिए हुआ?	योगशास्त्र किसलिये प्रवर्तित हुआ?
11	उनके महाभाग्य से रामायण का महाकाव्य नेपाली भाषा में अनुवाद किया गया है, जिसका नाम भानुभक्तिीय रामायण है, माना जाता है।	उन्होंनेन्हों नेहाभागे ने नेपाली भाषा में वाल्मीकि का रामायण महाकाव्य सुनाया, जिसका नाम भानुभक्तिक्यरामायण माना जाता है।
4	अधिक खाता हूँ तब बोलता है	अधिक खाता हूँ तब बोलता है
19	जयशंकर ने रूस के विदेश मंत्री सर्गेई लावरोव के साथ विभिन्न क्षेत्रों में द्विपक्षीय सहयोग, युद्ध, अंतरराष्ट्रीयरण नीति की स्थिति और तनाव के बारे में बात की।	जयशंकर ने रूस के विदेश मंत्री सर्गई लावरोव के साथ मिलकर विभिन्न क्षेत्रों में द्विपक्षीय सहयोग, युद्ध, अंतर्राष्ट्रीय नीतियों की स्थिति और तनाव पर चर्चा की।
14	उससे पहले मुख्यमंत्री रिड्ज नेस्टल में आयोजित प्रदर्शनी का उद्घाटन किया, जिसमें जिला प्रशासन के शिमला सहित विभिन्न विभागों ने स्तम्भ स्थापित किया।	इससे पहले मुख्यमंत्री रिज-स्टेशन पर आयोजित प्रदर्शनी का उद्घाटन किया, जिसमें जिला प्रशासन के शिमला सहित विभिन्न विभागों ने स्तम्भ स्थापित किया।
4	साइकिल ध्यान से चलानी चाहिये।	साइकिल ध्यान से चलानी चाहिये।
8	घग्गर नदी के ऊपर की पुल पुल भी आ जाने के लिए बंद कर दिया गया है।	घगर नदी पर बना पुल भी यातायात के लिए बंद कर दिया गया है।
1	ले जाना चाहिये	ले जाना
8	जो हमेशा सन्मार्ग पर चलने के लिये प्रेरित करते हैं वे मेरे गुरु हैं	जो हमेशा सन्मार्ग पर चलने के लिये प्रेरित करते हैं वे मेरे गुरु हैं
6	संसद का शिशिरसत्र दिसंबर तक होगा.	संसद का शिशिर सत्र दिसंबर तक होगा।
16	ब्रह्माजी द्वारा महर्षि नारदजी के निमित्त प्रतिपादित श्रीअध्यात्मरामायण का जो व्यक्ति श्रद्धा पूर्वक पाठ करता है अथवा श्रवण करता है, वह देवताओं से पूजित होकर विष्णुलोक को प्राप्त करता है।	जो पुरुष अध्यात्मरामायण का अभ्यास तथा श्रीविष्णुभगवान् का महात्मत्त्व भक्तिपूर्वक पाठ करता है अथवा उसे श्रवण करता है, वह पुरुष भगवान् विष्णुपद को प्राप्त करता है और पूजनीय होता है ॥
6	चित्रों में सोनाक्षी सरल, लघुकुर्ता-शरारासेट के बीच दिखती है।	चित्रों में सोनाक्षी सरलेन लघुकुर्ता-शरारासेट के बीच दिखती है।
8	मुख्यमंत्री-जंगल विस्तार योजना के माध्यम से और वनमित्र योजना के माध्यम से विभाग को मजबूत किया जाएगा।	मुख्यमंत्री-वन विस्तार योजना और वन मित्र योजना के माध्यम से विभाग को मजबूत किया जाएगा।
1	नाट्य के प्रयोक्ताओं को	नाट्ययात्रा द्वारा
7	शेष पंचायतें अगले वर्ष मार्ग सुविधाओं से जुड़ेंगी।	शेष पंचायतें आगामी वर्ष में सड़क सुविधाओं से युक्त होंगी।
1	दूध	जल।
15	चूंकि रनवे पर परीक्षण उड़ान एक जीत थी, इसलिए एनसीसी छात्र सैनिकों के लिए उड़ान परीक्षण भी बिना किसी देरी के हवाई अड्डे पर आयोजित किया जाएगा।	चूंकि दौड़ने में परीक्षण उड़ान जीतना मुश्किल हो गई है, इसलिए बिना देर किए एनसीजी छात्र सैनिकों के लिए हवाई अड्डे पर उड़ान परीक्षण भी शुरू किया जाएगा।
1	शासन व्यवस्था में	शासन प्रणाली में
19	पुलिस द्वारा नियुक्त नई नियमों के शारीरिक परीक्षा में मीटर ध्यान शामिल होने के बजाय पुरुषों के लिए मीटर ध्यान पूरा करने का समय एक मिनट है, महिलाओं के लिए मीटर ध्यान आधा मिनट कम है।	पुलिस द्वारा नियुक्त नई शारीरिक परीक्षा में मीटर दौड़ने का समावेश छोड़कर पुरुषों के लिए मीटर दौड़ना पूरा करने का समय एक मिनट है, महिलाओं के लिएमीटर दौड़ना आधे मिनट कम कर दिया गया है।
8	वे दोनों जीवन को नक्षत्र से स्वयं ही मुक्ति की ओर ले जाते हैं।	वे दोनों जीव को सीधे अपने आप मुक्ति की ओर ले गए नहीं।
6	मेरे घर एक पँखा है ।	मेरे घर एक पँखा है
11	लेकिन इस सर्वेक्षण में प्रतिशत लोग बोले अयोध्या नहीं जाएँगे।	लेकिन इस सर्वेक्षण में प्रतिशत लोगों ने कहा कि वे अयोध्या नहीं जाएंगे।
13	जाह्नवी कपूर को भी चलचित्र की पटकथा पसंद है, उन्होंने चलचित्र के लिए हाँ ऐसा भी कहा"इस प्रकार.	जाह्नवी कपूर को भी चलचित्र की पटकथा पसंद है, और चलचित्र के लिए हाँ बोली।
12	राज्यपाल ने कहा कि सरकार ने राज्य में यातायात के लिए बिजली के वाहनों को मुख्य बदलाव के रूप में स्थापित करने की बड़ी संख्या में काम शुरू कर दिया है।	राज्यपाल ने कहा कि सरकार ने राज्य में परिवहन के लिए बिजली के वाहनों को सबसे पहले लॉन्च करने का बड़े पैमाने पर काम शुरू कर दिया है।
3	फिर कब मिलेंगे।	हम पुनः कब मिलेंगे?
10	न्यायिक विशेषताओं ने लगभग पांच घंटे तक उद्योग के अंदर और बाहर खोज कर प्रतिरूपों को इकट्ठा किया।	न्यायिक विशेषताओं ने लगभग पांच घंटे तक उद्योग के अंदर और बाहर खोज करके प्रतिमाएं एकत्र कीं।
10	संस्थाओं में भी अनेक संस्थाएँ सतत, निरन्तर, अविरत काम करती हैं।	संस्थाओं में भी अनेक संस्थाएँ निरन्तर, निरन्तर और अस्थायी कार्य करती हैं।
13	तब किसी लड़के ने गणना की – एक, दो, तीन, चार, पाँच, छ, सात, आठ, नौ हैं।	तब किसी बालक ने गिन लिया-एक, दो, तीन, चार, पाँच, छह, सात, आठ, नौ।
1	अभ्यास से	अभ्यास के योग
9	पार्वती मन, वाणी और कर्म से तपस्या करती थी।	पार्वती मन, वाणी और कर्म से तप ही करती थी।
5	इस ऋण के प्रवाह से प्राथमिक क्षेत्रों का विकास होगा।	इससे ऋणप्रवाह से प्राथमिकता क्षेत्रों का विकास होगा।
10	वह गांधीनगर में डिफेंस एक्सपो 2022 को संबोधित कर रहे थे।	वह गांधी में आयोजित डिफेंस एक्सपो 2022 कार्यक्रम को संबोधित कर रहे थे।
4	महापुरुषों के विषय पर प्रश्न थे।	महापुरुषों के बारे में प्रश्न थे।
11	बुद्धि से क्रोधित श्रीराम का चेहरा देखकर सभी प्राणी व्याकुल हो गए और मेदिनी भी डर गई।	धीम से क्रोधित उस श्रीराम के मुख को देखकर सभी प्राणी बाहर चले गए और मेदिनी काँपती हुई।
6	हमारे सैनिक उनका आदर करते थे ।	हमारे सैनिक उसका सम्मान करते थे ।
6	लेकिन तभी मार्ग पर एक सिंह आ गया।	परन्तु रास्ते में दूसरा एक शेर था।
1	तपना	दुःख होना
1	जालन्धर शहर को	जालंधर शहर को
8	इनमेंसे यथार्थ (शीतोष्णवर्षावाली) ऋतु में औषधि (अत्र शाक आदि ) तथा जलभी ठीक रहते हैं और वे यथोचित अन जलादिक उपयोगमें आये हुए ( सेवन किये हुए ) मनुष्योंको प्राण, आयुर्बल, पराक्रम और ओज यथार्थ उत्पन्न करते हैं ॥	और यहां व्याप्त ओषधियाँ अर्थात् सब प्रकार की औषधियाँ आपके लिए उपयोग की जाती हैं अर्थात् आपकी आयु केवल एक वर्ष के लिए ही सीमित होती हैं, पर मेरे लिए तो प्राण समान बलवान और निरोगी हो जाते हैं ॥
4	शाम को वह मुझे मिला	शाम को उसने मुझे बुलाया
9	हे राम! आप बहु रूपमयी माया से कार्य, कारण, कर्तृत्व, फल और साधन के भेद से अनेक रूप में विभासित हो रहे हैं ॥	हे राम ! कार्य, कारण, कर्ता, फल और साधन के भेद से आप अनेक रूपों से एक ही विभासित होते हैं ॥
6	अब गुजरात के राजभवन में वे यज्ञ करेंगे।	अब वे गुजरात के राजभवन में यज्ञ करेंगे।
16	विदेश मंत्री डॉ. जयशंकर और सूचनाप्रसारण मंत्री अनुराग ठाकुर भी प्रवासी भारतीय हैं-उन्होंने दिवस को देखकर दुनिया भर के प्रवासी भारतीयों को शुभकामनाएं दीं.	विदेश मंत्री डॉ. जयशंकर और सूचनाप्रसारण मंत्री अनुराग ठाकुर ने भी प्रवासी भारतीय दिवस को देखकर उपस्थित भारतीय प्रवासियों को शुभकामनाएं दीं।
6	टेस्ट का पालन किया जाएगा, वोल्फ ने कहा।	वुल्फ महाभागा ने कहा कि परीक्षण अनुसरण कर रहे हैं।
9	और सियार से कहा- “दोस्त! हम दोनों इसी बर्तन में साथ भोजन करते हैं।”	और सियार बोला- मित्र! हम दोनों इस बरतन में साथ भोजन करते हैं
8	वह जो सेव बेचती है वो बहुत मीठे हैं।	वह जो सेव बेचती है वे बहुत मीठे हैं।
9	आदर्श इको ग्राम योजना के तहत 19 गाँव विकसित हैं।	आदर्श इको ग्राम्य योजना के तहत 19 गाँव विकसित हुए हैं।
14	सृष्टि से पहले, प्रलय के बाद, और संसार के स्थिति के समय में इस तरह के अकाल में भी तुम सच्ची हो।	सृष्टि से पहले, प्रलय के बाद, और संसार की स्थिति के इस प्रकार के असत्य समय में भी तुम सत्यरूप हो।
1	भक्षण करना	देना
15	आपको किस प्रकार की मूर्ति चाहिए। देव का तो किस देव का ? देवी को तो किस देवी का?	आपको कैसा मूर्ति चाहिए? देव तो किसके देवता का? देवी तो किसकी देवी का?
3	बाद में विश्वविद्यालय जाएगी।	बाद में विश्वविद्यालय जाएगा।
1	तलवार	हाथी
10	इस दिन दर्शकों के बीच बैठे युवकों ने सदन में उछल कर धुआँ निकला।	इस दिन दर्शकों के बीच बैठे युवकों ने सदन में कूदकर धुआँ छोड़ दिया।
9	हे राम! आप बहु रूपमयी माया से कार्य, कारण, कर्तृत्व, फल और साधन के भेद से अनेक रूप में विभासित हो रहे हैं ॥	हे राम ! कार्य, कारण, कर्ता, फल और साधन के भेद से आप अनेक रूपों से एक ही विभासित होते हैं ॥
12	जिनमें भगवान गणेश के, श्रीहनुमतः, जटायु पक्षी, केवट राजा की माता और बर्या प्रैष्य मुद्राङ्कनाएँ सम्मिलित हैं।	जिनमें भगवान् गणेश, श्रीहनुमत्त, जटायु पक्षी और केवट राजा की माता शबरी के प्रैश मुद्राएँ शामिल हैं।
4	पति फिर से जेब देखता है।	पति फिर से जेब देखता है।
4	हमें यशस्वी शिल्पी बनाइए	यश कारुण करो ।
4	मैं मनुष्यों में सबसे अधिक वर्चस्वी होऊँ।	मैं ही मनुष्यों में श्रेष्ठ हूँ।
6	उसने उसे अपने पास ही रख दिया।	उसने उसे अपने पास ही रख दिया।
4	संदीप कहाँ जाता है ?	संदीप कहाँ जाता है ?
9	यह गृह मंत्री ए नमस शिवाय, शिक्षा मंत्रालय के एक अधिकारी थे, जिन्होंने विधानसभा में इस मुद्दे को उठाया था।	शिक्षा मंत्रालय के अधिकारी ने गृह मंत्री ए नमशिवा ने विधानसभा में यह मुद्दा उठाया।
1	संरक्षित करने योग्य	रक्षा करके
5	सीता, अयोनिजा सीता आदि कहे जाते हैं।	सीता को अयोनिजा सीता भी कहा जाता है।
5	यदि तूने कृतज्ञता से ये सम्मानित हैं	अगर तुमने कृतज्ञता से इनका सम्मान किया
11	साथ ही, वर्ष 1977 में पंजाब पुलिस के प्रमुख कार्यालय में लॉन्च करने की योजना में शामिल थे।	साथ ही, बीस से अधिक दो हजार के साल में पंजाब पुलिस स्टेशन पर मिसाइल हमले की योजना में शामिल थे।
6	तब पथिक बोला- दसवें तुम हो।	तब पथिक बोला- "तुम दस हो।"
7	एक सौ ग्यारह वर्ष के शिवकुमार स्वामी पिछले सप्ताह दिवंगत हुए।	ग्यारह सौ से अधिक वर्ष के शिवकुमार स्वामी का पिछले सप्ताह निधन हो गया।
2	मनुष्यादि पशु-पक्षियों को	दो पैरों वाला
9	उद्योग मंत्री ने कहा कि मुख्यमंत्री सुक्खू इस दुखद घटना से पीड़ित हैं।	उद्योग मंत्री ने कहा कि मुख्यमंत्री सुक्खू इस दुखद घटना से पीड़ित हैं।
12	हमने पिछले दस वर्षों तक देश के हित के लिए मौन रखा था, पहली दिन भी सफ़ेद पत्र ला सकते थे।	हम पिछले दस वर्ष तक देश के हित में चुप रहे, पहले दिन भी सफ़ेदपत्र ला सकते थे।
1	जात कर्म के समय	जन्म-मरण के समय
3	गुरुओं के द्वारा प्रश्न पूछे जाएँ ।	गुरुजन प्रश्न पूछें।
11	मनाली- केलांग-राष्ट्रीय राजमार्ग के साथ कई अटल किले के चढते समय मार्गों को बर्फबारी के कारण अवरुद्ध कर दिया गया।	मनाली- केलांग-राष्ट्रीय राजमार्ग के साथ कई निकले हुए अटलकन्दरारोहतांग के मार्ग बर्फबारी के कारण बाधित हो गए।
20	उन्होंने उत्तराखंड से अपनी निकटता को दोहराते हुए कहा कि उत्तराखंड एक ऐसा राज्य है जहां दिव्यता और विकास को एक साथ महसूस किया जा सकता है।	उन्होंने उत्तराखंड से अपनी निकटता को दोहराते हुए कहा कि उत्तराखंड एक ऐसा राज्य है जहां दिव्यता और विकास एक साथ अनुभव किया जा सकता है।
7	एसआईटी कहता है कि अभियुक्तों के खिलाफ दृढ़ साक्षी हैं।	एसआईटी का कहना है कि अभियुक्तों के खिलाफ दृढ़ साक्षी हैं।
1	गौ	गौ
7	उनका परवर्ती जीवन अधिकतर राजनीतिक कार्यक्रमों में बिताया गया।	उनका परवर्ती जीवन अधिकतर राजनीतिक कार्यक्रमों में व्यतीत हुआ।
13	अमुना ने कहा कि सरकार ने इन परिवारों का जीवन सुगम बनाने की विभिन्न योजनाएं शुरू की हैं।	अमुना ने कहा कि सरकार ने इन परिवारों का जीवन सुगमता के लिए विभिन्न योजनाएं शुरू की हैं।
11	दोपहर में जलोडीदर्रा और रघुपुरगढ़, रोहतांगदर्रा और कुञ्जमदर्श बारालाच में बर्फबारी हुई।	दोपहर को जलदर्रा रघुपुरगढ़, रोहतांगदर्रा और कुञ्जमदर्श बारालाचा में बर्फबारी हुई।
7	5 तीव्रता दी गई है। किसी जानमाल के नुकसान की सूचना नहीं है.	दिल्ली में 5 तीव्रता का अनुभव किया गया. कोई भी जीवित हानि की सूचना नहीं दी गई।
4	हिमसंस्कृतवार्ता - कार्यालय का प्रतिनिधि।	हिमसंस्कृतवार्ता - कार्यालय का प्रतिनिधि।
2	कैसे?	ऐसा क्यों ?
4	वृक्षों को पानी देती है।	वृक्षों को जल देता है।
13	जो शोफ शरीर के भिन्न २ अवयवों मे उत्पन्न होते है, उनका स्थान, दूष्य, आकृति और नाम भेद से अनेक भेद हो जाते है । उनमें से कुछ एक उदाहरण के लिये कहे जाते है उनका सुनो ॥	जो शोफा नामक एक राक्षस के शरीर के अवयव हैं, उनके स्थान और दूष्यकृति के भेद से बहुत संख्या में हैं तथा कुछ उनके दर्शन के लिये कहे गये हैं उन्हें सुनो ॥
1	, नदी	"
12	स्वास्थ्य मंत्री डॉ. मनसुख मंडवीया ने देश में सभी राज्यों से कोविड-19 संकट की जांच-इत्य के मामले पर जोर-शोर मचाने वाले उपायों से उन्हें मुक्त कर दिया।	स्वास्थ्य मंत्री डाॅश्री मनसुख मंडविया ने सभी राज्यों को देश में कोविड-19 का मामला देखने के लिए कहा-यथावत् उपाय करने से मुक्त हो गया.
1	बोया जा रहा है।	समायोजित किया जा रहा है
4	ईश्वर भक्त कभी नहीं डरता है।	ईश्वर भक्त कभी नहीं डरता है।
9	प्रधानमन्त्री वहाँ प्रदर्शनी में आए थे, भूमिभङ्गप्राचीर का भी अनावरण किया।	प्रधानमंत्री वहाँ ही प्रदर्शनी में आए और भूमण्डल की दीवार का भी अनावरण किया।
5	अहो मालती! आओ बैठो,	अरे मालती! आइये बैठिये।
7	क्षमा करो , तुमने पुरस्कार नहीं पाया।	क्षमा करियेगा , तुमने पुरस्कार नहीं पाया।
7	व्याधिके ग्रहणसे वायु, पित्त कफ, रक्त, सन्निपात इनमेंसे एक या अधिककी विषमतासे उत्पन्न होनेवाली संपूर्ण (चारोंप्रकारकी ) व्याधि समझीजातीहैं ॥	व्याधिग्रहणसे, वायु, पित्त, कफ, शोणितसन्निपात और वैषम्य इन सभी व्याधियोंका वर्णन किया गया है ॥
8	विद्यार्थियों के विभिन्न विषयों के विकास के लिए दौलत सिंह हमेशा तत्पर रहते थे।	विद्यार्थी के विविध विषयों के विकास के लिये दौलतसिंह हमेशा तत्पर रहते थे।
12	ऐसे में सोमवार सुबह तक राज्य में भारतीय तेल शिला तेल केंद्र सूख जाने के पात्र हैं।	ऐसे में सोमवार सुबह तक राज्य में भारतीय ऑयल चट्टान के केंद्र सूख जाने के योग्य हैं।
3	देव के द्वारा अन्न दिया गया	देव ने अन्न दिया
6	मेरी प्यास शान्त हो गई है।	शान्ता मेरी प्यास अब भूख लगी है
8	मैं पहले समझता था कि मैं ही शक्तिशाली हूँ।	मैं पहले मानता था कि मैं ही शक्तिशाली हूँ
4	चौकी पर कुछ पोथियाँ रखी हैं	कुर्सी पर कुछ डिब्बे रखे हुए हैं।
4	यह सब भारतीय चलचित्र होगा।	यह सर्वभारतीय चलचित्र होगा।
28	भूषाचार-प्रदर्शन में भी लोकसंस्कृति का दर्शन शीतकाल में देखा गया-आनन्द उत्सव के चार दिन भूषाचार-प्रदर्शन में बहुत तालीवादन के बाद भी कई कलाकार सूर्यसंस्कृतििदलबनोगी, द वारियर दल, कुल्लू, परफेक्ट डान्स क्लब, जम्मू के कलाकारों ने भूषाचार का प्रदर्शन किया।	आभूषण-प्रदर्शन में भी लोकसंस्कृति का दर्शन देखा गया शीतकालीन-आनन्द महोत्सव के चारवें दिन आभूषणा-प्रदर्श में जागृतिकला मंच से आये कलाकारों ने सूर्यसंस्कृत दल बोगी, द वारियर दल कुल्लू, परफेक्ट डान्स क्लब जम्मू जैसे कलाकारों द्वारा आभूषा का प्रदर्शन किया गया।
5	एक चुहिया घर के अंदर घुसी है।	एक चुहिया घर के अन्दर घुस गई ।
7	जिससे धर्मियों का पालन शर दुष्टों का ताड़न होवे।	जिससे धार्मिकों का पालन और दुष्टों का ताड़न हो।
17	समान रूप से उपपद के रूप में उपस्थित होने वाले कर्म के संबंध में बिना उपसर्ग के आकार के अंत से धातुओं के सन्देह की जगह कौन (क) है यह उत्तर है।	समास विधी कर्म जिसके उपपद के रूप में उपस्थित है उससे उपसर्ग के अंत में धातु के एन प्रत्यय के स्थान पर क्या प्रत्यय होता है।
4	मेरे बग़ीचे में आम फूले फले हैं।	मेरेधान, भाम और पुष्पित फलवाले हैं।
1	ठग	धूर्त
2	यहाँ तू निराहार रहकर धूप, वायु और वर्षा अदि को सहन करती हुई दिनरात तपस्या कर और एकाग्रचित्त होकर हृदय में विद्यमान परमेश्वर श्रीराम का ध्यान कर। यह आश्रम सभी जीवजन्तुओं से रहित हो जायेगा ॥	परमेश्वर, जो धूप और वर्षा आदि का सहन नहीं करता है
2	वह है।	वह है।
4	पंकज यजुर्वेद पढ़ता है ।	पंकज यजुर्वेद पढ़ रहा है
8	मित्र ! अब मुझे भूख बहुत ही दुःख देती है।	हे मित्र ! इस समय मुझे भूख बहुत पीड़ित कर रही है।
13	जिन चरणोंसे पुण्यसलिला भागीरथीका उद्भव हुआ है, उनको पाद्यरूपसे क्या देना उचित है ? जिस आपके मस्तकका मुनिजनोंने पूजन किया है, अब उसपर भक्तिपूर्वक अर्ध्य किसका है?	हे जाह्नवी! ब्रह्माजी के चरणकमलों में पाचकता और वल्कलता अच्छी है, तो आपके शिर में क्या है? आपके उस भक्त का मैं अभी ले चलता हूँ।
20	पता चलता है कि इस योजना के तहत पूर्व कम्पन मण्डल में इलेक्ट्रोड एकत्र किया गया था-त्रित्रिकों के आबटन का लक्ष्य था, जिसे जिला  दंड अधिकारियों की अध्यक्षता में आयोजित जिला स्तरीय सैकड़ों प्रतिशत मंजूरी दी गई थी-परीक्षा समिति द्वारा दिया गया।	गौरतलब है कि इस योजना के तहत पूर्व चम्पारण जिले के बीच इलेक्ट्रोड-तीन पहियों के वितरण का लक्ष्य था, जिसका सौप्रतिशत अनुमोदन जिला दंड अधिकारियों की अध्यक्षता में जिला स्तरीय-परीक्षण समिति द्वारा दिया गया था।
7	वायरस के बारे में स्थानीय-अंतरराष्ट्रीय-संस्थाओं के सहयोग से निगरानी को मजबूत किया गया है।	स्थानीय-अंतरराष्ट्रीय-संस्थाओं के सहयोग से निगरानी को मजबूत किया गया है।
5	तुझे देख कर मन प्रसन्न होता है।	तुमको देखकर मन प्रसन्न होता है।
8	यह उचित नहीं है कि स्वावलम्बन के प्रभाव से भारत आजादी में आया है।	स्वावलंघन के प्रभाव से भारत स्वाधीनता को प्राप्त हुआ यह कोई बात नहीं है।
7	प्रतिव्यक्ति आय 2,35,199 रुपए की अनुमानित है।	प्रतिव्यक्ति आय अनुमानित रूप से 2, 35, 149 रुपये है।
12	मोदी ने कहा कि "प्रधानमंत्री निर्धन कल्याण योजना" को आगे भी पांच वर्षों तक यथावत् लॉन्च किया जाएगा।	मोदी ने कहा कि "प्रधानमंत्री निर्धन कल्याण योजना" अगले पांच वर्षों तक यथावत् जारी रहेगी।
18	सदस्य पहले दिन शोक प्रस्ताव भी प्रस्तुत कर सकते हैं यदि पिछले सप्ताह के सत्र में कोई सदस्य या पूर्व सदस्य मर गया है.	सदस्य पहले दिन शोक प्रस्ताव भी प्रस्तुत कर सकते हैं यदि पिछले सत्र और इस सत्र के बीच कोई सदस्य या पूर्व सदस्य मर गया है।
8	वे दोनों जीवन को नक्षत्र से स्वयं ही मुक्ति की ओर ले जाते हैं।	वे दोनों जीव को सीधे अपने आप मुक्ति की ओर ले गए नहीं।
12	इससे पहले 8 फरवरी-12 फरवरी-दिनांक दोनों पक्षों के बीच वार्ता में कोई निर्णय नहीं लिया गया।	इससे पहले 8 फरवरी-12 फरवरी-तारीखों के दोनों पक्षों की वार्ता में कोई निर्णय नहीं हुआ था।
8	वह पढ़ना चाहता है, किन्तु मन नहीं लगता है ।	वह पढ़ना चाहता है, परन्तु मन नहीं चाहता है।
14	बहुत से लोग अनेक अच्छे लक्ष्यों को लेकर समाज के कल्याण के कार्य करने का प्रयास करते हैं और सफल होते हैं।	बहुत से लोग अनेक उत्तम लक्ष्यों को लेकर समाज के हितकारी कार्य करने का प्रयास करते हैं वे सफल भी होते हैं ।
11	अयोध्या में''रामलला विराजमान''नाम का प्राण-प्रतिष्ठा-सौभाग्य के शुभ अवसर पर सभी सज्जन अंतिम चरण पर हैं।	अयोध्या में''रामलला-विराजमान''नाम के प्राण-प्रतिष्ठा-शुभसराय के लिए सभी तैयार अंतिम चरण में हैं।
10	कैकेयी को वरदान देकर सत्यसन्ध मेरे पिता ने भरत को राज्य और मुझे अत्युत्तम दण्कारण्य दिया है ॥	मेरे परम पिता ने कैकेयी को वरदान देकर भरत को राज्य दिया है ॥
6	सभी के मस्तक शीघ्र झुक गए।	सबका सिर तुरन्त नीचे झुक गया।
3	बालक लिखे।	बालक लिखो।
5	क्या इतना ही सामान है।	क्या वस्तुएँ इतनी ही हैं ?
18	इस विषय में कोई भी भेद नहीं होना चाहिए क्योंकि तिथियाँ अंग्रेजी पाँचवें भाग के अनुसार विचारी जाती हैं और तिथि भारतीय पाँचवें भाग के अनुसार होती है, जो हमेशा उचित होता है।	इस विषय में कुछ भी भेद नहीं होना चाहिए चूंकि तिथि अंग्रेजी पंचांग के अनुसार विचार की जाती है और तिथि भारतीय पञ्जाङ्ग के अनुसार होती है, जो हमेशा युक्त रहती है।
6	संस्कृति प्रदर्शन का काम इस मेला द्वारा किया जाता है।	संस्कृतिप्रदर्शन का काम इस मेला के माध्यम से किया जाता है।
7	हिरणी माँ डर गई और वहाँ से नहीं हटी	माँ हिरणी ने डर के कारण वहाँ से जाना नहीं छोड़ा।
1	ओझल हो गयी	छिपी हुई
1	अंगुली	उँगलिया
20	इस अवसर पर अनिलभटनागर:, राहुलभाति, शिवरामबडोला, रोहितबलोडी, राजनकुमार:, मोहनसिंह, संगीतरावतः, सरोजनेगी, मधुबाला नौटियाल, संगीता कुकशाल और विनीता बिष्ट: छात्र उपस्थित थे।	इस अवसर पर अनिलभटनागर, राहुलभाटिया, शिवरामबडोला, रोहितबलोडी, राजनकुमार, मोहनसिंह, संगीतराव, सरोजनेगी, मधुबाला नौटियाल, संगीता कुकशाल और विनीता बिष्ट छात्र उपस्थित थे।
4	वह भारतीय युवक है।	वह भारतीय युवक है।
10	हिमाचल प्रदेश कैबिनेट की गोष्ठी शुक्रवार को मुख्यमंत्री सुखविंदर सिंह सुक्खू की अध्यक्षता में शिमला राज्य सचिव पद पर आयोजित की गई।	हिमाचल प्रदेश कैबिनेट की बैठक शुक्रवार को मुख्यमंत्री सुखविंदर सिंह सुक्ख की अध्यक्षता में शिमला में राज्य मंत्रालय में हुई।
10	देवरा''इस फिल्म के कारण आजकाल स्वस्त अभिनेत्री जाह्नवी कपूर वार्ता में है।	देवरा''इस फिल्म के कारण आजकल रेलमार्ग के अभिनेता जाह्नवी कपूर में बात हो रही है।
26	विपक्षी नेताओं के कहना पर मुकेश अग्रिहोत्री ने कहा कि छत्तीसगढ़ का ताप महादेवघोटा से हिमाचल तक पहुंचा है, केंद्रीय भाजपा सरकार है, यदि वे इच्छा करें तो वे किसी संस्था के माध्यम से उसकी खोज कर सकते हैं।	विपक्षी नेताओं के वक्तव्य में मुकेश अग्रिहोत्री ने कहा कि केंद्र भाजपा सरकार है, यदि वे चाहते हैं तो वे किसी संस्था के माध्यम से उसकी खोज कर सकते हैं।
18	मुख्यमंत्री सुखविंदर सिंह सुक्ख ने कहा कि जब सरकार का निर्माण हुआ है तब से हिमाचल प्रदेश कैसे आत्मनिर्भर हो रहा है।	मुख्यमंत्री सुखविंदर सिंह सुक्ख ने कहा कि जब सरकार का निर्माण हुआ तब से हिमाचल प्रदेश को कैसे आत्मनिर्भर बनाया जा सकता है, इस विषय पर काम किया जा रहा है।
12	इस प्रतियोगिता में रेलमार्गसिंहचौहान, ज्योतिराजसिंधिया, नरेन्द्रसिंहतोमर: राकेश सिंह, कैलाश विजयवर्गीय इत्यादि हस्तियों के नाम चर्चा में थे।	इस प्रतियोगिता में शिवराजसिंहचौहान, ज्योतिराजसिन्धिया, नरेन्द्रसिंहतोमर, राकेशसिंह और कैलाशविजयवर्गीय जैसे दिग्गजों के नाम चर्चा में थे।
10	गाजा पर  हवाई हमलों ने हमास की 10 भूमिगत सुरंगों और हथियार निर्माण सुविधाओं को नष्ट कर दिया है। इसराइल इसी बात पर घमंड करता था।	इज़राइल दावा करता है कि गाजा में हवाई हमलों से हमास के 10 जमींदारों और हथियार निर्माण सुविधाएं नष्ट हो गईं।
10	प्रदर्शनी में 500 रुपये से 1,500 रुपये तक मूल्य की वस्तुएँ स्थापित कर दी गई हैं।	प्रदर्शनी में 50 रुपये से 1,500 रुपये तक की कीमत की वस्तुएँ रखी गई हैं।
12	हालाँकि, अभी तक विभाग ने उसकी अनुशंसा के बारे में कोई निर्णय नहीं लिया है।	लेकिन अब तक विभाग ने उसकी अनुमति के बारे में कोई निर्णय नहीं लिया है।
9	आपका दर्शन योगियों को भी दुर्लभ है, और में साक्षात् आपका बाण लगने से, विशेषरूप से आपके सामने मने प्राण छोड़ रहा हूँ। ॥	हे महायोगी! आपके दर्शन को मैं प्रत्यक्ष रूप से प्राप्त नहीं कर पा रहा हूँ, विशेषरूप से आपके समीप में होने वाले बाण से ॥
25	अयोध्या में श्रीराम मंदिर का निर्माण जनवरी में हुआ और देश के यशस्वी प्रधान मंत्री नरेंद्र मोदी शुभकरकमलों से मूर्ति और प्राणों की पूजा के लिए एकत्रित हुए उसके बाद वे माध्यमों से बातचीत कर रहे थे।	अयोध्या में श्रीराम मंदिर बन गया और जनवरी में देश के यशस्वी प्रधानमंत्री नरेंद्र मोदी ने शुभकर कमलों के साथ मूर्ति प्राणों कीप्रतिष्ठा समारोह आयोजित किया, इसके बाद वे मीडिया के साथ बात कर रहे थे।
12	मैं ही समस्त प्राणियों के हृदय में स्थित हूँ। मुझसे ही स्मृति, ज्ञान और अपोहन (उनका अभाव) होता है। समस्त वेदों के द्वारा मैं ही वेद्य (जानने योग्य) वस्तु हूँ तथा वेदान्त का और वेदों का ज्ञाता भी मैं ही हूँ।।	मेरे द्वारा सभी लोगों के हृदय में विराजमान, ज्ञान और स्मृति का अपहरण करने वाला और वेदों में अनुराग रखने वाला मैं ही वेदों का ज्ञाता हूँ। इस प्रकार वेदान्तकृति को जानने वाले अविवेकी परमेश्वर की मैं ही कामना करता हूँ।
5	मैंने बहन को दस संस्कृत पुस्तकें दीं।	मैंने बहन को दस संस्कृत पुस्तकें दीं।
4	पुत्र – बस यूँ ही ।	पुत्र  ठीक है।
5	केयूर – माँ के साथ आता हूँ।	केयूर  माँ के साथ आता हूँ।
6	प्रातः उठ कर जल से मुंह धोओ।	सवेरे उठकर पानी से मुँह धो ।
1	मन की इच्छा से	इच्छाओं से
5	हर रोज एक वाक्य अवश्य बोलें	हर रोज एक वाक्य अवश्य बोलिये
4	वह नगर को जाता है क्या?	वह नगर को जाता है क्या?
15	ऐसे धन का भी कोई लाभ नहीं, जो कुलवधू के समान केवल एक ही मनुष्य के लिए राग की हो। संगति तो वही शेष है जिसका लाभ राह चलते लोग भी उठाते हैं अर्थात धन-संपत्ति वही श्रेष्ठ है, जो वेश्या के समान अन्य लोगों के भी काम आती है।	क्या कर सकती है लक्ष्मी, जो कौए की भाँति बहिनी है, परन्तु जो भेष के समान माननीय है, वह पथिकों द्वारा भी खा ली जाती है?
4	रात को मुझे कथा सुनाई।	रात को मुझे कथा सुनाई।
19	फ्रांस के राष्ट्रपति राम मंदिर का मॉडल खरीदा, इसके बाद प्रधानमंत्री मोदी ने भारत की डिजीटल क्रान्ति के लिए गौरवान्वित इमैनुएल मैक्रॉन का परिचय दिया।	फ्रांस के राष्ट्रपति ने राम मंदिर का मॉडल खरीदा, इसके बाद प्रधानमंत्री मोदी ने भारत की डिजिटल क्रांति, यूपीआई, गौरवान्वित इमैनुएल मैक्रॉन का परिचय दिया।
15	पुराणपुरुष परमात्मा राम ने परानुग्रह के लिए एक स्वयंज्योतिः, अनन्त और सबका आदिकारण होने पर भी संसार को विमोहित करने वाला मायामय स्वरूप धारण किया हैं ॥	वही परमात्मा पुराण है, वही अपनी ही ज्योति से अनंत और आदि हैं, वही लोक के विमोहन के लिए माया से युक्त परम अनुग्रह रखने वाला राम है ॥
13	मैं पुस्तक दुकान गया। वहाँ पुस्तकों को देखा। कादम्बरी खरीदी। उपन्यासों को देखा।	मैं पुस्तकालय गया वहाँ पुस्तकों को देखा, कादम्बरी खरीदी, उपन्यासों को देखा
7	एक यात्री रेलवे स्टेशन से पूड़ियाँ और सब्जी लाता है।	एक यात्री रेलवे स्टेशन से पूड़ियाँ और सब्जी लाता है।
13	इस मामले में, एक रिपोर्ट सामने आई कि कुछ ध्वनि तरंगों को पानी के नीचे अवलोकन के हिस्से के रूप में उपयोग किए जाने वाले सोनार उपकरण द्वारा एकत्र किया गया था।	एक रिपोर्ट सामने आई है कि इस संबंध में कई ध्वनियाँ एक उपयुक्त सोनार उपकरण द्वारा निगरानी के हिस्से के रूप में एकत्र की गई हैं।
4	दादीजी के लिये कुर्सी लेता है	दादीजी के लिये कुर्सी ले जाती है
7	गौ या बैल या छोटे-छोटे गड्ढे में वापस लाया जाएगा।	गाय या बैल में छोटे-छोटे गुड़ियाँ लगवाये जाएँगी।
7	मंदिरों में, धार्मिक कार्यक्रमों में, विभिन्न स्थानों पर शोभायात्रा भी हुई.	मन्दिरों में धार्मिक कार्यक्रम और विभिन्न स्थानों पर भव्य यात्राएं हुईं।
1	शरण लेने	आश्रित
7	यदि तुम अभ्यास में भी असमर्थ हो तो मत्कर्म परायण बनो	तुम अभ्यास में भी समर्थ होगे और मेरे लिए भी उत्तम कर्म करोगे, तो तुम सिद्ध बनोगे।
6	आज मेरे मित्र के घर वेदकथा है।	आज मेरे मित्र के घर वेदकथा है।
7	छात्र – तो मेरे साथ करो ।	तो मेरे साथ करो ।
20	स्वास्थ्य मंत्रालय ने कहा कि आर्कटिक में हिमालयी अनुसंधान केंद्रों और अंटार्कटिक में भारतीय अनुसंधान केंद्रों के साथ, भूमध्य सागर के किनारे के देश भी योग प्रदर्शन में भाग लेंगे।	आयुष मंत्रालय ने घोषणा की है कि आर्कटिक में हिमालय और अंटार्कटिक में भारतीगर्षण केंद्रों के साथ केंद्रीय रेखा के पास स्थित देश भी योग प्रदर्शन में भाग लेंगे।
7	धार्मिक संस्थान पहले निराश्रित पशुओं को पकड़ते थे।	धार्मिक संस्थाएँ पहले निराश्रय पशुओं को पकड़ती थीं।
8	वह भी कन्या गुणों से पति के वश में कर रही थी वहाँ।	वह कन्या भी गुणों से पति को प्रसन्न करती हुई वहाँ रहती थी।
5	मेढ़ा दौड़ता है, परंतु घोड़ा खड़ा है	मेढ़ा दौड़ता है परन्तु घोड़ा खड़ा रहता है।
5	अहो मालती! आओ बैठो,	अरे मालती! आइये बैठिये।
10	लोकप्रिय कवि भोजपुरी बोलने वाले विनय कुमार शुक्ल ने"विनम्रता"अपने कवियों से सभी उपस्थित लोगों को मोहित कर दिया।	लोकप्रिय कवि भोजपुरी के विनय कुमार शुक्ल ने अपनी विनम्र कविताओं से सभी उपस्थित लोगों को मोहित किया।
10	सिंघवी तीन बार सांसद बने हैं। वे देश के सर्वोच्च न्यायालय के वरिष्ठ न्यायाधीशों में से एक हैं।	सिंघवी तीन बार सांसद बने। वह देश के सुप्रीम कोर्ट के वरिष्ठ वक्ताओं में से एक हैं।
10	बाद में डॉ. महेन्द्रनारायणराम ने कालिदासीय काव्यों में लोकरीति से वर्णन करने के प्रमाण से महा कवि मैथिल के रूप में स्थापित किया।	बाद में डॉ. महेन्द्रनारायणराम ने कालिदास की कविताओं में लोकरीता के वर्णन के प्रमाण से यह महाकवि मैथिल स्थापित किया।
14	इसके साथ 48 घंटे तक अधिकतम तापमान को 2 से 3 डिग्री सेल्सियस तक कम कर दिया जा सकता है।	इसके साथ, आने वाले 48 घंटों में अधिकतम तापमान में 2 से 3 डिग्री सेल्सियस तक कम हो जाने की संभावना है।
1	बैठना	बैठना
7	यह अतिरिक्त प्रेस वाहनों के लिए भी अलग एक स्टेशन होगा।	इसके अतिरिक्त प्रेसवाहनों के लिए भी अलग स्टेशन होगा।
8	उससे स्वयमेव सत्कर्म होगे जैसे बादल वर्षा करते हैं।	उससे स्वयं ही सत्कर्म हो जाएँगे जैसे बादल वर्षा करते हैं।
7	उपवास के समय भी वह काम तो करेगा ही।	उपवास के समय भी वह काम तो करेगा ही।
1	गुप्त बातें जाननेवाले	गुप्त बातें जानने वाले
8	मन ही मनुष्यों के कारण है, बंधनों से मुक्त होने का झुकना है।	मनुष्य के मन ही बन्धन और मोक्ष का कारण है।
4	पंकज यजुर्वेद पढ़ता है ।	पंकज यजुर्वेद पढ़ रहा है
12	मुख्यमंत्री सुखविंदर सिंह सुक्खू ने कहा कि शिमलानगर के सड़कों के विकास और विस्तार के लिए करोड़ रुपये का खर्च किया जाएगा।	मुख्यमंत्री सुखविंदर सिंह सुक्ख ने कहा कि शिमला नगर के वृत्त पथ के विकास और विस्तार में करोड़ रुपये का खर्च किया जाएगा।
11	सुरक्षा बल, पीरपंजाल पर्वतों के अन्य क्षेत्रों और प्राकृतिक गुफाओं की खोज कर रहे हैं।	सुरक्षा बल पीरपंजाल पहाड़ों और अन्य क्षेत्रों के ऊपर के प्राकृतिक गुफाओं में खोज करते हैं।
8	राजपथ पर ज्योर्ज पंजम की प्रतिमा स्थापित थी।	राजपथ पर ही ज्योर्ज पाँच की प्रतिमा स्थापित थी।
8	मुख्यमंत्री सुखविंदर सिंह सुक्खू ने बजट में आदर्श स्वास्थ्य संगठनों का निर्माण करने की घोषणा की थी।	मुख्यमंत्री सुखविंदर सिंह सुक्खू ने बजट भाषण में आदर्श स्वास्थ्य संस्थानों के निर्माण की घोषणा की थी।
6	हरिद्वार में उन्होंने गुरुकुल काँगड़ी की स्थापना की।	हरिद्वार में उन्होंने काँगड़ी गुरुकुल की स्थापना की।
8	प्रारम्भ में, केंद्रीय संस्कृत विश्वविद्यालय के लखनऊ परिसर के शिक्षाशास्त्र छात्राओं ने अनन्या श्रीवास्तव मंगलाचरण किया।	शुरुआत में केंद्रीय संस्कृत विश्वविद्यालय, लक्ष्मणपुर परिसर की शिक्षाशास्त्र छात्रा अनन्या श्रीवास्तव ने मंगलाचरण किया।
6	छात्र – तो क्या हो गया ?	छात्र  तो क्या हुआ ?
20	दंभ से कुम्भकर्ण, इन्द्रजीत, अतिकायन, नरान्तक, प्रहस्त बल्कि आपने स्वयं मेरे वचन की अवज्ञा की इसलिये आज उसका ही फल हुआ।	दर्प से कुम्भकर्ण, इन्द्रजित्, अतिक्रमण, नरान्तक, प्रहस्त भी आपने स्वयं मेरे वचन का अवज्ञा की इसलिये आज उसका ही फल हुआ।
5	चिड़ियाएँ चूं चूं ... कूजन करती हैं।	चिड़ियाएँ बार-बार कूकती हैं।
5	अब वह प्रतिदिन व्यायाम करता है।	अब वह हर रोज व्यायाम करता है।
6	बालिकायें पुस्तक पढ़ सकती हैं।	बालिकाएँ पुस्तक पढ़ सकती हैं।
8	इन योजनाओं का लाभ लाभप्रद नहीं हुआ।	इन योजनाओं का लाभ लाभार्थी नहीं उठा सका।
4	यह राम की किताब है।	यह राम की पुस्तक है।
10	उनमें से गुरु का सबसे प्रिय शिष्य विनयशील, अत्यन्त विनयशील और परमज्ञासु हुआ।	उनमें से गुरुजी का सबसे प्रिय शिष्य विनय नामक अत्यन्त विनयशील और अत्यन्त जिज्ञासु था।
6	पेंसिल छील कर वह सुंदर चित्र बनाता है।	पेंसिल छील कर वह सुंदर चित्र बनाता है।
6	पुलिस उसके स्थान को प्राप्त करके अन्वेषण कार्य कर रही है	पुलिस उसके स्थान पर पहुंचकर खोज का काम कर रही है
5	विदूषक – क्या दोनों का एक ही उत्तर है?	विदूषक  क्या दोनों एक ही उत्तर हैं ?
8	छात्रों के लिए प्रशिक्षण संस्थानों के लिए भी नेट बुक का निर्माण करना होगा।	छात्रों को अब प्रशिक्षण संस्थानों के लिए भी नेटपुट बनाना होगा।
7	प्राचीनकाल में यही भाषा भारत देश की राष्ट्रभाषा थी।	प्राचीन काल में यहीं भारत राष्ट्र की राष्ट्रभाषा थी।
9	मुख्यमंत्री महाशय ने हमारे विद्यालय के शिक्षकों को बहुमूल्य वस्त्र दिये ।	उन्होंने हमारे विद्यालय के शिक्षकों को बहुमूल्य वस्त्र दिये।
17	केंद्रीय मंत्री अश्विनी वैष्णव ने भारत राष्ट्र को विश्वास के योग्य बताया कि भारत एक विश्वसनीय राष्ट्र है जो व्यापार के लिए योग्य है।	केंद्रीय मंत्री अश्विनी वैष्णव ने भारत राष्ट्र को विश्वास के साथ कहा कि भारत एक विश्वसनीय राष्ट्र के साथ व्यापार के लिए युक्त है।
1	पैर	पांव
4	मैं पक्षियों को दाना देता हूँ।	मैं पक्षियों को दाना देता हूँ।
3	संचालक कहाँ खड़ा रहेगा ?	संचालक कहाँ ठहरेंगे?
1	स्नेही	मुलायम
1	नेता	वीर
9	मंजुला – ना , यहाँ संस्कृत सम्भाषण होता है न ?	मंजुला  नहीं , यहाँ संस्कृत सम्भाषण होता है न ?
7	एचपीसीए परीक्षण समय में आमंत्रित अतिथियों की सूची जोड़ी जाती है।	एचपीसीए परीक्षा समय में आमंत्रित अतिथियों की सूची तैयार करती है।
9	प्रशासन का परिस्थितिजन्य संबंध-ग्रेटा ने मामले पर अनसुलझी सुनवाई के खिलाफ काउंटी अदालत में याचिका दायर की।	प्रशासन की स्थिति से जुड़ा हुआ-ग्रेटा ने इस मुद्दे पर निलंबित बहस के समीप होने के खिलाफ जिला स्तरीय न्यायालय में याचिका दायर की।
6	और अपने परिवार का सम्मान अवश्य बढ़ेंगे।	और अपने परिवार का सम्मान अवश्य ही बढ़ेंगे।
16	इस अवसर पर बोलते हुए प्रधानमंत्री ने कहा कि वीर बालक दिवस भारत की रक्षा के लिए और सुरक्षा के लिए कुछ भी करने के लिए दृढ़ संकल्प का प्रतीक है।	इस अवसर पर प्रधानमंत्री ने कहा कि वीरबाल दिवस भारत की रक्षा और सुरक्षा के लिए कुछ भी करने के दृढ़ संकल्प का प्रतीक है।
3	मन्दिर में भक्त जाता है।	मन्दिर में भक्त जाता है।
4	भरतभाई सारी व्यवस्था देख रहे हैं।	भरतभ्राता सारी व्यवस्था देखता है।
7	उन्होंने इस मौके पर सभी नागरिकों को आजादी और अन्य शुभकामनाएं भी दीं।	उन्होंने इस अवसर पर सभी नागरिकों को स्वतंत्रता दिवस का भी नमन किया।
3	तथा जिस दिन श्मशान में गमन हो और युद्धके दिन महोत्सव और उत्पातके दिन पढ़ना पढ़ाना योग्य नहीं तथा जिन दिनोंमें ब्राह्मण नहीं पढ़ते जैसे प्रतिपत् उन दिनोंमें नहीं पढ़ना और अशुद्ध होकर किसी दिन भी न पढ़े ॥	श्मशान यानायानाहवे महोत्सवों तथा प्रदर्शनों में।
4	क्या आप लिखती हैं ?	आप क्या लिखती हैं ?
1	कस्टर्ड फल	सीता
9	केरल की मछली-महासागर अनुसंधान विश्वविद्यालय के वैज्ञानिक इसके''होराग्लानिस पोपुली''वैज्ञानिक नाम दिया गया है।	केरल मछली पकड़ने-समुद्र अनुसंधान विश्वविद्यालय के वैज्ञानिकों ने इसे वैज्ञानिक नाम दिया'''होराग्लानिस पोपुली''
6	हम सभी शहीद सैनिकों को श्रद्धांजलि देते हैं।	हम सभी शहीद सैनिकों को श्रद्धांजलि देते हैं।
5	चन्द्रमा किनका आभूषण है?	चन्द्रमा किनका भूषण है?
15	अनुसूचित जाति के एक व्यक्ति द्वारा गैर जाति के व्यक्ति को अपनी जमीन बेचने के मामले में जनपद स्तर से संस्कृत में फैसला जारी किया गया-मजिस्ट्रेट डॉ. ए.केचन्द्रभूषणः।	जिला स्तरीय-दण्डाधिकारी डॉ. चंद्रभूषण ने संस्कृत में निर्णय दिया कि अनुसूचित जाति के व्यक्ति ने अपनी भूमि अन्य जातीय व्यक्तित्व को बेची है।
6	लक्ष्य भी शिक्षा के द्वारा सुचिन्तन किया गया परिष्कृत सामाजिक उपयोग है।	लक्ष्य भी शिक्षा के माध्यम से अच्छी तरह से परिष्कृत समाज के लिए उपयुक्त होता है।
1	गोद में	गोद में
12	वह बेंगलुरु पटना पटली के पुत्र एक्सप्रेस का एसीटर बी-कोच में नियुक्त थे।	वे बेंगलुरु पटना पटलीपुत्र एक्सप्रेस के एसी टीयर बी-कोच के रूप में नियुक्त थे।
7	इस अवसर पर उसने लोगों को भी संबोधित किया।	इस अवसर पर उन्होंने लोगों को भी संबोधित किया।
8	चन्नम्मा कहाँ गई कोई जानता है क्या ?	क्या कोई जानता है चन्नम्मा कहाँ गई ?
4	माँ पुस्तकें पढ़ती हैं।	माँ पुस्तकें पढ़ती है
7	कोई भी जिज्ञासु में प्रवेश पा सकता है।	कोई भी जिज्ञासु उसमें प्रवेश पा सकता है।
12	अतः आप विविध भाँति यज्ञों से यजन कर पुनः वंशवृद्धि के लिये पुत्र उत्पन्न कर उसके बड़े होने पर राजसिहासन पर बैठाकर वन को जायें ॥	तुम अनेक प्रकार के यज्ञों से उत्पन्न हुए एक पुत्र को राज्य में स्थापित करके वहाँ से वन को चले जाओगे ॥
6	इस चलचित्र का निर्देशन शाउना गौतम करेगी।	इस चलचित्र का निर्देशन शाउना गौतम करेंगे।
7	काश्य का यह परिवार समृद्ध, विद्वान् और भगवद्भक्त था।	काश्यम में यह परिवार समृद्ध, विद्वान् और भगवद्भक्त था।
11	बुधवार को व्यापार सत्र में रुपये की कीमत में पैसे की बढ़ती संख्या के साथ डॉलर के खिलाफ थी।	बुधवार को बाजार में रुपये का मूल्य बढ़ने वाले डॉलर के खिलाफ हो गया।
11	नागालैंड में तापी विधानसभा क्षेत्र में हुए उपचुनाव में राष्ट्रीय जनता पार्टी के वांगपांगकोन्याक ने जीत हासिल की।	नागालैंड में तपी विधानसभा के लिए हुए उपचुनाव में राष्ट्रीय democratic प्रगतिशील पार्टी वांगपांगकोनिक ने जीत हासिल की.
6	हमारे सैनिक उनका आदर करते थे ।	हमारे सैनिक उसका सम्मान करते थे ।
4	उनके द्वारा भगवद्गीतापढ़ी जानी चाहिये ।	उसके द्वारा भगवद्गीता पढ़ी जानी चाहिये।
3	तोरण भी लटकाऊँगी।	तोरण भी लटकाऊँगी।
5	कार्यशाला में 35 शिक्षकों का प्रशिक्षण हुआ।	कार्यशाला में 35 शिक्षकों को प्रशिक्षण दिया गया।
4	सुरक्षा चक्र में वृक्ष हैं।	सुरक्षा कक्ष में वृक्ष हैं।
8	अखिलेश ने कहा कि आज बहुत ही अच्छा दिन है।	अखिलेश ने कहा कि आज बहुत ही शुभ दिन है
8	जब तक इनका उपयोग नहीं किया जाता, तब तक इनका साज-सज्जा में नुकसान होता है।	जब तक उसका उपयोग नहीं किया जाता तब तक वह सामग्री सजावट में नष्ट कर दी जाती है।
9	अनुराग ठाकुर, इस निर्णय के लिए प्रधानमंत्री नरेंद्र मोदी, केंद्रीय रेल मंत्री अश्विनी वेष्णव ने आभार व्यक्त किया।	अनुराग ठाकुर ने इस निर्णय के लिए प्रधानमंत्री नरेंद्र मोदी, केंद्रीय रेल मंत्री अश्विनी वैष्णव ने आभार व्यक्त किया।
3	उत्पन्न करने के लिए समर्थ नहीं होगा ।	निर्माण के लिए असमर्थ थे
4	मैं आपसे मिलना चाहती हूँ	मैं आपसे मिलना चाहता हूँ
10	गोशाला में सोलन जिले के पट्टा और कांगड़ा जिले के पालमपुर में अनुमोदन किया गया था।	गोष्ठी में सोलन जिले के पट्टा और कांगड़ा जिला के पलमपुर में खंड विकास कार्यालयों के उद्घाटन के लिए मंजूरी दी गई।
4	वह कमण्डल में दूध ले जाता है ।	वह कमण्डल में दूध ले जाता है।
4	वे कैसी श्रज्ञा का प्रचार करते थे ?	उन्होंने कैसा आदेश दिया ?
4	वह मलयालम भाषा में बोलती है	वह मलयालम भाषा में बोलती है
18	जुआरी अपनी पत्नी को, दूसरों की पत्नी को और उनके सुन्दर सजे हुए घर को देखकर दुखी होता है। दिन में वह निश्चय ही भूरे रंग के पासों को दाँव पर लगाता है तत्पश्चात रात्रि में नीच आचरण करता हुआ अग्नि के समीप पड़ा रहता है।	स्त्रीको और तालाबमें सुशोभित स्त्रीको देखकर भौंरे-बौंरे दोनों घोड़ोंको पूवन करते हैं और बैल भी उनके चरणोंपर गिरते हैं
9	केवल पश्चिम के लोग इस दुरुपयोग को करके देश को अधिराज्य में स्थापित कर दिया।	परन्तु पश्चिमीओं ने इसका दुरुपयोग करके देश में अधिराज्य स्थापित कर दिया।
11	राम मंदिर और रामलला के प्राणों की रक्षा के लिए तेज प्रताप ने पहली बार वक्तव्य नहीं दिया।	तेज प्रताप ने राम मंदिर और रामलला की प्राणों की समृद्धि के बारे में पहली बार वक्तव्य नहीं दिया है।
1	वायु से होने वाला विकार	मरा हुआ
8	बाह्य अंतरिक्ष देवदूतों की ओर से अब तक हजारों अवशेष बाह्य अंतरिक्ष में ढेर हो चुके हैं।	बाहरी अंतरिक्ष यात्रियों के हिस्से के रूप में, अब तक हजारों अवशेष बाहरी अंतरिक्ष में एकत्र किए गए हैं।
12	सोना-रोता 2024 फरवरी-माह की 16 तारीख को सोने के चांदी की एक बड़ी कीमत हुई.	सोना-रौप्य वर्ष 2024 की फरवरी-माह की 16 तारीख को सोने और चाँदी की कीमत बहुत अधिक हुई।
11	धार्मिक राजर्षि का यह वाक्य सुनकर महर्षि पुलस्तय ने उस कन्या को विवाह करने का निर्णय लिया।	धार्मिक राजर्षि के उस वाक्य को सुनकर महर्षि पुलस्त्य ने उस कन्या को विवाह करने का फैसला किया।
10	1900 के छात्र शम्मीशर्मा ने जम्मू-कश्मीर राज्य के प्रसिद्ध मेलों के विषय पर अपना मत दिया।	पहले वर्ष के छात्र शम्मी शर्मा ने जम्मू-कश्मीर राज्य के प्रसिद्ध मेलाओं पर अपना मत दिया।
6	मत करो , मत करो रास्ते को अस्वच्छ।	मत करो रास्ता अस्वच्छ मत करो
11	हिमाचल प्रदेश मेंनारंगी रंग की चेताना के बीच तीसरी दिन तक वर्षा हुई और बर्फबारी जारी है	हिमाचल प्रदेश में नारंगी बारिश के बीच तीसरे दिन तक वर्षा और बर्फबारी लगातार है।
10	मतदान प्रक्रिया लगभग चौथाई घंटे की हो गई, इसलिए सभी लोगों के मतों पर मतदान हो गया.	मतदान प्रक्रिया लगभग चार घंटे तक चली, बजे तक सभी मतों के मतों पर मतदान हो गया।
13	विदेश में ज्ञान, घर में अच्छे स्वभाव और गुणस्वरूप पत्नी, औषध रोगी का तथा धर्म मृतक का सबसे बड़ा मित्र होता है।	परदेशमें विद्या मित्र है, घरमें पत्नी मित्र, रोगीका औषध मित्र और मरनेवालेका धर्म मित्र है ॥
6	एक युवती समाचारपत्र में अपना चित्र देखकर खुश होती है।	एक युवती समाचारपत्र में अपना चित्र देखकर खुश होती है।
10	मोदी धार रतलाम-जनपदों के हजार से अधिक गांवों को पेयजल पूर्ति-योजन के आधारभूत पत्थर को स्थापित किया।	मोदी धार रतलाम-उन्होंने योजना के आधारशिला को स्थापित किया।
3	ईश्वर सुखी लोगों को हंसाएगा।	ईश्वर सुखी लोगों को बुलाएगा।
1	निर्बल सेनाओं को	सूरज
4	गोष्ठी-प्रथित प्रांत मंत्री प्रमोद शास्त्री द्वारा प्रस्तुत।	गोष्ठी-प्रस्ताविका को प्रांत मंत्री प्रमोद शास्त्री ने प्रस्तुत किया।
5	उसे संस्कृत भाषा पसंद है	उसे संस्कृत भाषा पसंद है
6	तुम आज कब विद्यालय जा रही हो ?	आप आज कब विद्यालय जाती हैं ?
12	वह पूरी तरह से निराश हो गया, परन्तु उसकी एकाकीता की वजह से उसकी चिन्ता शान्त हो गई।	वह पूरी तरह से निराश हो गया, लेकिन उसकी अकेलेपन ने उसकी चिंता दूर कर दी।
5	हीरजीभाई ने बाबासाहेब अम्बेडकर का जीवनदर्शन समझाया।	हीरजीभाई बाबासाहेब ने अम्बेडकर जी के जीवनदर्शन को बताया।
8	यह अनुमानित पद्धति है जिसमें हम पाँच कोश से क्यों अलग रहते हैं।	यह अनुमान का प्रकार आकांक्षा में प्रकट होता है कि कैसेमात्मा पंच कोषों से भिन्न है।
7	पोता - मैं यहाँ काँच के पीछे बैठता हूँ ।	पोता - मैं यहाँ काँच के पीछे बैठता हूँ ।
5	हरि उसको गांव पहुंचाते हैं।	हरि उसे गाँव पहुँचाते हैं।
5	अनुचित कर्म का फल अनुचित ही होता है।	अनुचित कर्म का फल अनुचित ही होता है।
10	ऐसे अनेक प्रकार के यज्ञों का ब्रह्मा के मुख अर्थात् वेदों में प्रसार है अर्थात् वर्णित हैं। उन सब को कर्मों से उत्पन्न हुए जानो	इस प्रकार अनेक प्रकार की यज्ञ ब्रह्म के मुख में विभक्त हो जाती हैं, तुम सब कर्मों को जानकर मुक्त हो जाते हो।।
5	मेरी एक दुकान है।	मेरी एक दूकान है
12	दोष रहित परमात्मा रूप जीव इन सबसे पृथक है। उस जीव  को जानने का साधन अब में बतलाता हूँ सुनो ॥	इस जीव के विरचित होने पर भी विज्ञान में साधन ही परमात्मा है यह मेरा लक्षण है सुनो ॥
7	पुरस्कार प्रयोजक आचार्य प्रताप सभी विजेताओं को पुरस्कार प्रदान करेंगे।	पुरस्कार प्रयोजक आचार्य प्रताप सभी विजेताओं को पुरस्कार देगा।
10	बोधि नामक ग्रन्थ संस्कृत और पालि में भी प्रसिद्ध है।	जो संस्कृत और पाली भाषा में बोधि के नाम से भी जाना जाता है।
9	हम कहते हैं कि लक्ष्य ने आज तक किसी भी दूरदर्शन प्रदर्शन में काम किया है।	लक्ष्य ने आज तक किसी भी दूरदर्शन प्रदर्शन में काम किया है ऐसा कहते हैं।
10	उनमें से गुरु का सबसे प्रिय शिष्य विनयशील, अत्यन्त विनयशील और परमज्ञासु हुआ।	उनमें से गुरुजी का सबसे प्रिय शिष्य विनय नामक अत्यन्त विनयशील और अत्यन्त जिज्ञासु था।
7	आती हूँ, चलें किसकी दुकान चलें ?	आता हूँ, चलते हैं। किसकी दूकान चलते हैं ?
22	इन फूलों का रंग हल्का और सफेद होता है। आमतौर पर यूरोप में देखे जाने वाले ये फूल इस अवसर पर कश्मीर में खिलते हैं, दर्शक इस मनमोहक दृश्य को अपनी आँखों से पीने के लिए उमड़ पड़ते हैं।	आपके पौधे दो रंग और सफेद हैं। ये फूल, जो यूरोप में आमतौर पर देखे जाते हैं, इस मौके पर कश्मीर में खिलते हैं, दर्शकों को इस मनोहर दृश्य को आँखों से देखना पसंद आता है।
7	इटली के युवा टेनिस खिलाड़ी यानिक ने सीन के साथ इतिहास बनाया।	इटली के युवा टेनिस खिलाड़ी यानिक-सिनर ने इतिहास रचा।
7	ऋषियों के आश्रम में जाकर लोग उपासना करते थे।	ऋषियों के आश्रम जाकर लोग उपासना करते थे।
4	पाँच लड़कियाँ है।	पाँच लड़कियाँ हैं।
5	प्रधानमंत्री ने भी विपक्ष का सहयोग मांगा।	प्रधानमंत्री ने भी विपक्ष से सहयोग मांगा।
4	मैंने एक सेविका को बुलाया ।	मैंने एक सेविका को बुलाया।
5	घर में हिन्दी भाषा में सम्वाद होता था	घर में हिन्दी में सम्वाद होता था ।
6	नहीं समझ आ रहा है कि आज शब्द कहाँ गए।	नहीं समझ आ रहा है कि आज शब्द कहाँ गए।
4	वे कैसी श्रज्ञा का प्रचार करते थे ?	उन्होंने कैसा आदेश दिया ?
3	याद है न ?	याद है ना
1	बादल को।	मेघ।
3	इसे वही छोडो	अच्छा नाम ।
4	भारतीय परिवार व्यवस्था अच्छी हैं ।	भारतीया परिवार व्यवस्था श्रेष्ठ है ।
4	मैं अब मणिका पढ रहा हूँ।	मैं अभी मणि पढ़ रहा हूँ।
10	क्रिकेट परंपरा के पहले टूर्नामेंट के पहले मैच में बैटिंग करने वाली ऑस्ट्रेलिया की टीम 177 रन पर आउट हो गई।	ऑस्ट्रेलिया ने अपने पहले मैच में 177 रन बनाकर आउट हो गए.
3	शिशु पालने में सो गया।	बालक झूले पर बैठा हुआ।
7	एनपीएस में राज्य का 8 000 करोड़ रुपये से अधिक योगदान है-बीच में लटका हुआ है.	एनपीएस में राज्य का योगदान 8,000 करोड़ रुपये से अधिक है-बीच में लटका हुआ है।
4	मैंने चुपचाप सब खा लिया ।	मैंने चुपचाप सब खा लिया।
3	आप सब पढ़ें।	आप सब पढ़ें।
6	इस समय भारत विश्वमित्र की धारणा को बढ़ाता है।	अब भारत विश्वमित्र के अवधारणों को बढ़ा रहा है।
9	भारत में सात दशकों के बाद चित्रकारों के आगमन पर वन्यजीव वैज्ञानिक भी खास खबरों के साथ आशंका जता रहे हैं.	भारत में सात दशकों के बाद चित्रकारों के आगमन पर वन्यजीव वैज्ञानिक भी खास खबरों के साथ आशंका जता रहे हैं.
6	समारोह का संचालन बीनाबेंजवाल और रोशनगौड ने किया।	समारोह का संचालन बीनाबेंजवाल और रोशनगौड ने किया।
9	यह सभा पर्यावरण परिवर्तन से जुड़े जटिल विश्वचुनावों का निवारण करने के लिए भारत और अन्य देशों के साथ सहयोगात्मक प्रयासों को दर्शाती है।	यह बैठक भारत और अन्य देशों के जटिल वैश्विक समस्याओं से बचने के लिए किए गए सहयोगात्मक प्रयासों को दर्शाता है।
17	और भक्तिपूर्वक श्रीराम और लक्ष्मण के चरणों को अच्छी तरह धोया तथा उस चरणोदक को अपने शरीर पर छिड़ककर श्रद्धायुक्त हो अर्थादि विविध सामग्रियों से श्रीरामचन्द्रजी और लक्ष्मणजी की विधिवत् पूजा कर अमृत के समान दिव्य फल जो उसने वह श्रीरामचन्द्रजी के लिये एकत्रित कर रखा था हर्ष पूर्वक लाकर भक्तिभाव से उन्हें प्रदान किया तथा उनके चरणाविन्द की पूजा चन्दन युक्त सुगन्धित पुष्पों से की ॥	श्रीरामचन्द्रजी ने लक्ष्मण जी के चरणों को अच्छे से धोकर भक्तिपूर्वक उनके शरीर पर अभिषेक किया। उन्होंने मथ, शरीर और पंख आदि से भरे हुए अनेक प्रकार के अमृत रूपी फल दान श्रीरामजी को दिये। उनके चरणों की पूजा पुष्पों की सुगन्ध और अलंकार से की ॥
6	यह विधेयक पूर्व चुनाव आयोग के पास होगा-विधेयक के पद पर बनेगा।	यह विधेयक पूर्व चुनाव आयोग-बिल पेश के स्थान पर खड़ा रहेगा।
3	वस्त्र निर्माण किससे होता है?	किसके द्वारा वस्त्र बनाया जाता है?
3	दीप से प्रकाश होता है	दीया से प्रकाश होता है।
1	बनाई हुई	प्रकट किया
6	यह दाहिने हाथ से भोजन शर बांये से जल पीता है।	यह दानव हाथ से भोजन छोड़ कर जल पीता है।
4	अभिषेकमनुशवी कांगग्रेस के राष्ट्रीय प्रवक्ता हैं।	अभिषेक मनसिंघवी कांग्रेस के राष्ट्रीय प्रवक्ता हैं।
14	रमेश अनंतपुर में केरल संस्कृत शिक्षक महासंघ द्वारा आयोजित अधिकार संरक्षण आंदोलन का उद्घाटन करते हुए बोल रहे थे।	रमेश जी अनंतपुर में केरल संस्कृत शिक्षक फेडरेशन द्वारा आयोजित अधिकार संरक्षण आंदोलन की घोषणा करते हुए बोल रहे थे।
6	मैं वाहन चलाने में निपुण हो गया	मैं वाहन चलाने में निपुण हो गया
8	यह परमशक्ति ही यह सम्पूर्ण जगत् को निरन्तर चलाती है।	यह परमशक्ति ही इस सारे जगत को निरन्तर चलाती है।
11	विपम अनि अन्न का पाक विषम रूप मे करके धातुजो मे भी विश्रमता उत्पन्न कर देता है। तीक्ष्णामि को यदि आहार रूप इधन न मिले तो वह धातुओं को ही सुखाने लगता है ॥	विषमिश्रित मनुष्य धातुओं को शीतल करता है और पकाता है। तीखा मन्थन करने वाला मनुष्य इनका सूख-सूख कर देता है।
7	उसने समानबोध किया ईश्वर सबव्यापक और सबदर्शी हैं।	उसने समझा- ईश्वर सर्वव्यापक और सर्वदर्शी है।
14	ईएमए के अंग मार्को कैवल्ली ने कहा, नई लहर की प्रकृति फेलोशिप ओरिएंटेशन की ओर भी केंद्रित है।	ईएमए के सदस्य मार्को कावलरी ने कहा कि नई लहर का स्वभाव और चैत्र को संबोधित करने के लिए सज रहा है।
20	भीम के आने के विषय में जानकर हनुमान सोचता है कि आगे तो स्वर्ग का मार्ग है इसलिये भीम के लिए स्वर्ग के मार्ग में जाना अधिक हानिकारक होगा।	भीम के आने के बारे में जानकर हनुमान सोचता है कि यहाँ से आगे तो स्वर्ग का मार्ग है इसलिये भीम को स्वर्ग के रास्ते में जाना अधिक हानिकारक होगा।
6	क्योंकि वन में ही सुरक्षित पर्यावरण प्राप्त होता था।	क्योंकि जंगल में सुरक्षित वातावरण था।
7	विवाह में रेलमार्ग से हॉलीवुड तक तारे भी प्रदर्शन करेंगे।	विवाह में रेलमार्ग से हॉलीवुड तक के तारे भी प्रदर्शन करेंगे।
1	उसमें	उस पर
1	सांड	बैल
4	मैं असत्यभाषण नहीं चाहती हूँ।	मैं असत्यभाषण नहीं चाहता हूँ।
5	वह मेरी पुस्तक कहाँ रखता है?	वह मेरी पुस्तक कहाँ रखता है?
29	केंद्रीय गृह मंत्री अमित शाह ने कहा है कि भारतीयों से अधिक न्याय प्रणाली अगले पांच वर्षों में विश्व की सबसे आधुनिक प्रणाली होगी। श्री शाह द्वारा आज गांधीनगर में राष्ट्रीय परीक्षण-वैज्ञानिक-विश्वविद्यालय में डिजिटल फॉरेंसिक में यह उत्कृष्टता केंद्र के उद्घाटन के बाद बताई गई थी।	केंद्रीय गृह मंत्री अमित शाह ने कहा कि भारतीय न्याय प्रणाली आने वाले पांच वर्षों में दुनिया की सबसे आधुनिक प्रणाली होगी। श्रीशाह ने आज गांधीनगर में राष्ट्रीय परीक्षण-विज्ञान-विश्वविद्यालय में डिजिटल फॉरेंसिक में उत्कृष्टता केंद्र का उद्घाटन करने के बाद यह जारी किया।
4	हिमांशु –क्यों ?	हिमांशु  क्यों ?
6	आज तक उसने अनेक छात्रों को पढ़ायी है।	आज तक उसने बहुत छात्रों को पढ़ाया है ।
6	तो अब मैं विद्या प्राप्त करने के लिए गुरुकुल जाता हूँ। (प्रणाम करता हुआ चला जाता है)	अब मैं विद्याध्ययन के लिये गुरुकुल ही जाता हूँ। (प्रणाम जाता है)
1	लीन।	व्यस्त
6	टेस्ट का पालन किया जाएगा, वोल्फ ने कहा।	वुल्फ महाभागा ने कहा कि परीक्षण अनुसरण कर रहे हैं।
3	यजमान दरी पर बैठता है।	यजमान दरी पर बैठता है।
13	संयुक्त राष्ट्र महासभा के आठवें सत्र के अध्यक्ष डेनिस फ्रांसिस आज से पांच दिवसीय दौरे पर भारत आएंगी।	संयुक्त राष्ट्र महासभा के आठवें सम्मेलन के अध्यक्ष डेनिस फ्रांसिस आज से पांच दिवसीय यात्रा के लिए भारत आएँगे।
6	शायद वह संस्कृत के विकास के लिये काम करेगा	शायद संस्कृत के विकास के लिये वह काम करे ।
14	जिसमें हरिनामके उच्चारणमात्रसे कोई विकार नहीं होता वह हृदय नहीं पत्थर है। जब विकार होता है तो नेत्रोंमें जल और शरीरमें रोमांच हो आता है ॥	इसीलिए हरे- भरे धन से यदि विकारयुक्त नेत्र, शरीर और शरीर में जल रहता है, तो वह हृदय को व्याकुल करता है और जब विकार उत्पन्न होता है, तब हृदय को प्रसन्न नहीं कर सकता ॥
10	टारगेट बॉल की जीत में ऑस्ट्रेलिया की टीम ने 20 गेंदबाजों में 216 रन बनाकर जीत हासिल की.	लक्ष्य को हासिल करने के दौरान ऑस्ट्रेलिया ने 20 गेंदों में 216 रन बनाए और टूर्नामेंट जीता।
7	केवल राज्य स्तर पर चयनित विद्यार्थियों को ही भाग लेने की अनुमति है।	प्रदेश स्तर के छात्र ही भाग ले रहे हैं।
8	मुम्बई में वह आतंकवादी हमलों की स्मारक में शहीद वीरों को पुष्पंजलि देगा।	मुंबई में वह आतंकवादी हमलों की याद में शहीद हुए वीरों को पुष्पांजलि अर्पित करेंगे।
1	विचार करना	भ्रष्ट होना
4	धर्मों ने कहाँ पर विकास प्राप्त किया है?	धर्मों का विकास कहाँ हुआ?
13	हे सुव्रत ! जिस स्थान पर श्रीरामचन्द्रजी को तुमने देखा था, कृपा कर वहाँ मुझे ले चलो। उन्होंने सीताजी के साथ हित जहाँ शयन किया था वह स्थान मुझे दिखलाओ ॥	हे राम! जहाँ तू सोया है, वहाँ मुझे ले चल, वहाँ सीता सहित चल ॥
1	प्रदान करता है	देता है।
10	आमोद-प्रमोद के अनुसार वाणीकपूर रेड ने अजय के खिलाफ''कास्ट' किया।	पहुंचे समारोह के अनुसार, वाणीकपूर रेड ने अजय के खिलाफ 'कास्ट' किया।
1	बनने के लिए	वर्तमान में
3	कौए ने लड़के के हाथ से रोटी लेली।	बायस ने बाल हाथ की थैली बुनवाई।
6	इसीलिए हमीरपुर जिले को संस्कृत प्रतियोगियों को विजयवैजयन्ती पुरस्कार दिया गया है।	अतः संस्कृत प्रतियोगियों को विजयवैजयन्ती पुरस्कार हमीरपुर जिले को दिया गया।
4	मैंने दूध पी लिया	मैंने दूध पिया
5	संस्कृतज्ञ शिष्ट लोगों को संस्कृत जना रहा है।	संस्कृतज्ञ संस्कृत के माध्यम से लोगों को संस्कृत का प्रचार करता है।
7	विविध विद्यालयों के छात्र भी वहाँ बैठे थे।	विविध विद्यालयों के छात्र भी वहाँ बैठे थे।
6	किसी प्रकार उसने अपने पात्र को घर के अंदर ले लिया।	किसी प्रकार अपने पोते को घर के अन्दर ले गया।
5	जैसा जानता है वैसा सच कंहं।	यादश को जानते हो ऐसे एक को बोलो।
19	संस्कृत के प्रचार-प्रसार के लिए दिन-रात संस्कृत संभाषण के माध्यम से जनजागरण कर रही संस्कृत भारती अब जगह-जगह संभाषण शिविर, अध्ययन और विभिन्न ग्रंथों पर व्याख्यान का आयोजन करती है।	संस्कृत भारती, जो संस्कृत के प्रचार-प्रसार के लिए दिन-रात संस्कृत संभाषण के माध्यम से जनजागरण कर रही है, अब जगह-जगह संभाषण शिविर और विभिन्न शास्त्रों का अध्ययन व्याख्यान आयोजित करती है।
8	अन्य महिलाओं में निफ्टी कम होने के कारण खोल दिया गया।	और दूसरा निफ्टी यह न्यूनता पाकर खोला गया।
5	अभी मैंने सारे काम पूरे किये।	अभी मैंने सारे काम पूरे कर लिये।
8	उन्होंने कहा कि द्विगुणित शक्ति के माध्यम से सरकार ने लोगों का जीवन सुलाया है।	उन्होंने कहा कि द्विगुणी सरकार ने लोगों का जीवन सुलभ कर दिया है।
8	साथ ही ब्लॉक-जिला-राज्य-स्तरों के अधिक छात्रों ने भी भाग लिया।	साथ ही खंड-जिल्ला-राज्य-स्तरों के अधिक छात्रों ने भी भाग लिया।
4	जानसन अब क्या करता है?	जानसन अब क्या करता है?
5	वह हिन्दी नहीं जानता है।	वह हिन्दी नहीं जानता है
9	चर्चा में विभिन्न क्षेत्रों के प्रमुख महिला नेता समुदाय के-वृद्ध और युवा लोग उपस्थित थे।	चर्चा में विभिन्न क्षेत्रों के प्रमुख पहाड़ी नेता समुदाय के वृद्ध और युवा लोग उपस्थित थे।
8	कार्यक्रम की शुरुआत वैदिक मंगलाचरण के साथ हुई जिसके बाद विश्वविद्यालय गान गाया गया।	कार्यक्रम के आरंभ में वैदिक मंगलाचरण एवं विश्वविद्यालय का राष्ट्रगान हुआ।
6	बहरा कौन है? जो कल्याणकारी बातें नहीं सुनता हैं।	कौन बहिरा है? जो हित नहीं सुनता है।
9	वहाँ चतुर्दश वर्ष की उनके अध्ययन के लिए राजेन्द्र अध्यापक जी के संस्कृत स्कूल में नाम दर्ज किया गया।	वहाँ चौदह वर्ष के उनके अध्ययन के लिए राजेन्द्रध्यापक जी का संस्कृत टोल में नामांकन हुआ।
14	पुरस्कार विजेताओं में आकांक्षी-दो जिलों सहित आठ राज्यों से केंद्र-शासित प्रदेशों से भी दस नए बच्चे शामिल हैं।	पुरस्कार विजेताओं में आकाङ्क्षी-दो जिलों सहित अठारह राज्यों से केंद्र-शासित प्रदेशों से नौ बच्चे और दस लड़कियाँ शामिल हैं।
6	अर्जुन ने इन्द्र से दिव्य शस्त्र माँगा ।	अर्जुन ने इन्द्र से दिव्य शस्त्र मांगे।
6	भारत में तीन सौ से अधिक ओमीक्रॉन भिन्नताएं, जो बहुत अधिक गंभीर नहीं हैं, पाई जाती हैं।	भारत में तीन सौ से अधिक ओमीक्रॉन किस्में दिखाई पड़ती हैं।
10	पुरानी लीक पर चलने वाला यह संसार धर्म के विषय में एक ब्राह्मण को चाहे वह गो घातक ही क्यों न हो जितना प्रमाण मानता है, उतना वह एक उपदेश देने वाली धर्मरता कुलटा को प्रमाण नहीं मानता |	जो कुटी को चला जाता है, वह धर्म को नहीं प्रमाणित करता, जैसा दो बकरियाँ करते हैं।
12	श्रीरामचन्द्रजी पिता की आज्ञा से चौदहवर्ष तक दण्डकारण्य में आये हैं मैं आपके विषय में जानना चाहती हूँ, मुझे बतलावें ॥	श्रीरामचन्द्रजी बोले पिताजी की आज्ञा का पालन करता हुआ मैं चौदह वर्ष तक दण्डकारण में रहना चाहता हूँ, अतः आप मुझे बताइये ॥
8	पाण्डव के पांचल सेनाओं के साथ कुरुक्षेत्र के पास शिविर ने किया।	पाण्डवों ने पंचाल-विराट सेना के साथ कुरुक्षेत्र के पास शिविर किया।
9	इस दिन पूरे विश्व में भारत के साथ पूजा और पूजा होती है।	इस दिन भारत के साथ पूरे विश्व में पूजा और अर्चना होती है।
4	और अधिक हँसो	और अधिक हँसिए
5	मेरे एक मित्र ने पूछा	मेरे एक मित्र ने पूछा
1	प्रदान करना	जाना
3	आप कौन ?	आप कौन हैं ?
5	देवांग उस वृद्ध को मार्ग दिखा रहा है	देवांग उस वृद्ध को रास्ता दिखाता है
9	पुत्री – नहीं पिताजी ! आज तो रविवार है।	पुत्री  नहीं पापा , आज तो रविवार है।
15	जहाँ निर्णायक रूप में समय पर शिक्षक आचार्य अनमोल उपाध्याय और विज्ञान विषय की अध्यापिका आचार्य प्रवीण कुमारी हैं।	जहाँ निर्णायक रूप में वेदाध्यापक आचार्य अनमोल उपाध्याय और विज्ञान विषय में अध्यापक शिक्षक आचार्या प्रवीण कुमारी हैं।
5	वहां तू जाता है क्या ?	वहाँ तू जाता है क्या ?
9	उसने उन सभी को गाय को पालकर बैठाया और उन्हें कुर्सियाँ दीं।	उन्होंने उन सभी को गाया और बैठने के लिए सीटें दीं।
15	उसी की पताकायें केकय , मत्स्य , मगध , अङ्ग , बङ्ग और कलिङ्ग में फहरा रही हैं। केवल दक्षिण देश में ही इस समय भी इसका पूरा अधिकार नहीं हो पाया है।	इसी का पताकिछुओं, मछलियों, मगधों, अंगों, झुंडों और कलिंगों में चोरी हो रहा है। केवल दक्षिण देश में अब इसका पूर्ण अधिकार नहीं हुआ है।
6	और इस क्षेत्र में महत्वपूर्ण भूमिका निभा रही है।	और इस क्षेत्र में महत्वपूर्ण भूमिका निभाई जाती है।
11	किन्नौर, मंडी, शिमला, सोलन, हमीरपुर में स्कूल समूह के निर्माण के दौरान सक्रियभूमिका दिखाई दी गई।	किन्नौर, मंडी, शिमला, सोलन और हमीरपुर ने स्कूल समूह का निर्माण करने के लिए सक्रियभूमि दिखाई।
7	तो इन प्रिय वचनों का उपयोग कंजूसी से क्यों करें।	उससे प्रिय है बोलने में क्या दरिद्रता है।
6	वह मेज़ लेकर यहीं आता है।	वह मंच लेकर यहाँ ही आता है ।
8	उन्हें भारतीय ओलंपिक संघ के नेतृत्व के लिए निर्विरोध चुना गया।	वह बिना टूर्नामेंट के भारतीय ओलंपिक एसोसिएशन के नेतृत्व में गईं।
10	भारत के पहले वैज्ञानिक राष्ट्रपति आदरणीया ए.पी.जी. आरब्दुल-कालाम है.	भारत के पहले वैज्ञानिक राष्ट्रपति माननीय ए.पी. जे. अब्दुल-कालाम हैं.
10	इस बारे में सुलह के विधायक विपिन सिंह परमार ने प्रश्न किया।	इस संबंध में पहला प्रश्न सुलह के विधायक विपिन सिंह परमार ने प्रश्न घंटे में पूछा।
5	छात्र शिक्षक का अनुसरण करते हैं	छात्र शिक्षक का अनुसरण करते हैं
8	उसी प्रकार अन्य भी हमारे पक्ष में बहुत से वीर हैं।	उसी प्रकार अन्य भी बहुत से वीर हमारे पक्ष में हैं
4	उसने छात्रों को आशीर्वाद दिया।	उसने छात्रों को आशीर्वाद दिया।
8	गुरुकुलों में तो तीन या चार घंटे तक यज्ञ किया जाता है।	गुरुकुल में तीन या चार घंटे तक यज्ञ किया जाता है।
7	जाह्नवी के चलचित्र के लिए अंतिम संस्कार हुआ है।	जाह्नवी इस फिल्म के लिए अंतिम रूप में पहुंची है।
1	अन्तःपुर की स्त्रियों के सम्मुख |	स्त्री के सम्मुख
8	तूने पुत्र से तार किया है यह श्रीमान दशरथ इन्द्रलोक गए हैं।	तुम्हारे पुत्र द्वारा तारित यह श्रीमान् दशरथ इंद्रलोक गया।
5	आज निश्चित ही वर्षा होगी।	आज निश्चित ही बारिश होगी
2	मैं रुक गया ।	मैं खड़ा हुआ
6	इस फ़िल्म के बारे में निरन्तर बातें आती हैं।	इस फिल्म के बारे में लगातार खबरें आती हैं।
4	कारण कि कीर्ति ही बड़ा बल है ।	कीति ही हमारी परम शक्ति है
1	सुंदर	हे अभिराम
5	अहमदाबाद के कौनसे विस्तार में थे?	अहमदाबाद के कौनसे विस्तार में थी?
13	सैकड़ों इमारतें ढहा दी गईं. रिक्टर स्केल पर 64 चिह्नित डुरंटा के बाद 159 फॉलो-अप थे।	सैकड़ों इमारतें नष्ट हो गईं. रिक्टर स्केल में 6.4 चिह्नित आपदा के बाद 159 फॉलोअप हुए।
9	जब बालक बोलना शुरू करता है तब वह मातृभाषा का अनुकरण करता है।	जब बच्चा बात शुरू करता है तब वह मातृभाषा का अनुकरण करता है।
6	इनकी प्रारम्भिक परीक्षा परियोजना के माध्यम से राज्यकौशल विकास में आयोजित की जाती है।	उनका प्रारंभिक चयन परियोजना के माध्यम से राज्य कौशल विकास निगम द्वारा किया जाता है।
9	तुकाराम की वाणी तोशुद्ध सूत्रबद्ध अल्पाक्षर रामणीया मरम्मा भेदिका है।	तुकाराम की वाणी तो शुद्ध सूत्रबद्ध अल्पाक्षर रमणी और मर्मभेद है।
17	सईदाई दुरईसामी ने किन्नूौर के उपायुक्त डॉ. अमित कुमार को भी अपने पुत्र के स्थान से जानकर पुरस्कार की घोषणा करके संदेश भेजा गया है।	सईदाई दुरईसामी ने किन्नूर के उपायुक्त डाॅश्री अमित कुमार को भी अपने पुत्र का स्थान जानकर पुरस्कार की घोषणा करते हुए संदेश भेजा है।
3	कौआ घोसले में प्रवेश करेगा।	कौआ कुत्ता खोज रहा है।
10	इसलिये आपके चरण कमलों में मेरी सदा भक्ति रहे, क्योंकि संसार रोग से ग्रसित रोगियों के लिये एकमात्र औषधि आपकी भक्ति ही है ॥	अतः आपके चरण कमलों में भक्ति ही मेरी सदा वासना रहे। संसार में मदमस्त लोगों की औषधि आपकी ही भक्ति है ॥
5	तुम्हारे कारण ही नहीं रोता हूँ।	तुम्हारे कारण ही नहीं रो रहा हूँ।
10	उन्होंने कहा कि राज्य सरकार दिसंबर को एक वर्ष पूर्ण करने की जा रही है.	उन्होंने कहा कि राज्य सरकार दिसंबर को एक वर्ष पूरा करने जा रही है।
7	वह दोनों देवनागरी में ही हस्ताक्षर करती हैं	वे दोनों देवनागरी में ही हस्ताक्षर करते हैं
4	प्रतिदिन अभ्यास करिये ।	हररोज अभ्यास करें।
3	आपका मोबाइल नंबर बोलिये।	अपना मोबाइल नंबर बोलिये।
9	नई दिल्ली के कर्तव्यपथ में गणतंत्र दिवस पर लगभग छब्बीसकृतियां हिस्सा ले रही हैं।	नई दिल्ली में कर्तव्यपथ पर गणतंत्र दिवस पर लगभग छब्बीस figure हिस्सा ले रहे हैं।
3	मनुष्य का बल नहीं है।	मनुष्य का बल नहीं है।
7	कैसे वे उम्मीदवारों के वोटों की संख्या उद्घोषित करते हैं ?	कैसे वे उम्मीदवारों के वोटों की संख्या घोषित करते हैं ?
10	हिमाचल प्रदेश के राज्यपाल- कमीशन के मुख्य प्रशासक डॉ आर.के. परुथी हमीरपुर में यह बात कही।	हिमाचल प्रदेशराज्यचयन आयोग के मुख्य प्रशासक डॉ. आर.के. परुथी ने हमीरपुर में यह कहा।
1	ऐश्वर्य के लिए।	प्राणों के लिए
6	तुम दूध क्यों नहीं पी रहे हो ?	तुम दूध क्यों नहीं पी रहे हो ?
5	यह हमारे विधालय का बगीचा है।	यह हमारे विद्यालय का उद्यान है।
6	"सीता माता को छोड़ दीजिये " ऐसा रावण की सभा में कहा।	सीता माता को छोड़ दीजियेऐसा रावण की सभा में कहा।
6	यह सूत्रग्रन्थ शाकटायन शब्दानुशासन नामक ग्रंथ द्वारा रचित है।	इसकी सूत्रग्रन्थ शाकटायन द्वारा रचित शाकटीयन शब्दावली है।
5	प्रात: वेला का तुम सदुपयोग कर रहे हो।	तुम सवेरे का सदुपयोग करते हो ।
4	यह सब भारतीय चलचित्र होगा।	यह सर्वभारतीय चलचित्र होगा।
9	प्रोत्साहन-लाभ अगले वित्त वर्ष में शुरू होगा और अगले वर्ष में समाप्त हो जाएगा।	प्रोत्साहन लाभ अग्रिम वित्तीय वर्ष को प्रारंभ और आगामी वर्ष में प्राप्त करता है।
17	एसडीजी लक्ष्य हैं, जिनकी प्राप्ति राष्ट्रों को तमवर्ष तक करना चाहता है, जिससे विश्व में सबसे अच्छा और अधिक न्यायमूर्ति बनाया जा सके	एसडीजी लक्ष्य हैं जिन्हें प्राप्त राष्ट्र दसवीं वर्ष तक करना चाहते हैं जो विश्व में उत्तम और अधिक न्यायपूर्ण स्थान बनें
3	सभी जानवर वहाँ से लौट आए।	जानवरों ने उसे स्वीकार कर लिया।
6	तब संन्यासी की रक्षा करने की दृढ़ बुद्धि (मैंने) की।	तब संन्यासी को बचाने का प्रयत्न किया।
3	उन सब को भी उठा दे ।	उनको भी उठाओ।
2	वह किसान है	वह किसान है
4	हम दोनो संस्कृत वाक्य लिख रहे है ।	हम दोनों संस्कृत वाक्य लिख रहे हैं
5	उसके द्वारा छात्र को शोध शोध शोध के लिए भी प्रेरित किया गया।	उसने छात्र शोधोपाध के लिए भी प्रेरित किया।
4	अजीज को देखकर स्वामी चकित होता है।	देखकर मालिक हैरान रह जाता है।
5	ओह एक साथ कितने लोग आ गए हैं	ओह एक साथ कितने लोग आए थे।
1	असहाय महिला	शक्तिहीन
13	यह पैतृक राज्य आपका ही है, आप इसका पालन कीजिये, आप बड़े भाई हैं, अतएव पिता के तुल्य हैं। महाराज ! प्रजा का पालन करना यही क्षत्रियों का प्रधान धर्म है ॥	हे प्रभो! आप राज्य की रक्षा कीजिये, मेरे पिता भी तुमसे बड़े हैं, और जो प्रजा की रक्षा करने योग्य धर्म का अनुसरण करते हैं वे भी क्षत्रिय जन हैं ॥
9	एक बार श्रीकण्ठ उसके साथ सवेरे नौ बजे उसके घर गया।	एक बार श्रीकण्ठ उसके साथ प्रातः नौ बजे उसके घर गया।
6	वह मेज़ लेकर यहीं आता है।	वह मंच लेकर यहाँ ही आता है ।
3	हे छात्र	हे छात्र !
10	अब तक ये लोग राज्य सरकार की हिमाकर योजना के तहत चिकित्सा सुविधाओं को प्राप्त कर चुके थे।	अब तक ये लोग राज्य सरकार की बर्फ योजना के तहत चिकित्सा सुविधाएं प्राप्त कर रहे थे।
4	यह किसका चित्र है?	यह किसका चित्र है?
5	पुत्र नारद, ये कहाँ से आये ?	हे नारद पुत्र ! यह कहाँ से आया ?
3	आनन्द अपने स्वरूप में ही है।	आनन्द आत्मा का स्वरूप ही है।
19	इतिहासकारों द्वारा ऐतिहासिक दृष्टि से अंन्धरों के पतन का वर्णन समुद्री गुप्त के विजयादी को स्वीकार किया गया है, जो मछली के-भविष्यपुराण कीरचना का समय 236 ई. से 2030 ई. तक स्वीकार किया गया था।	इतिहासकारों द्वारा ऐतिहासिक प्रमाणों के आधार पर आंध्र प्रदेश के पतन का वर्णन समुद्री गुफा के विजयादि को स्वीकार किया जाता है कि विषय पर मछली-भविष्यपुराणों की रचना का समय 236 ई. से 330 ई. के बीच स्वीकार किया गया था।
8	वेदों में रामायण जैसे वैदिक और धर्मनिरपेक्ष पुराण शामिल हैं।	वेदों को वैदिक, रामायण आदि पुराण और लौकिक कहते हैं।
9	राजनाथ सिंह ने कहा कि प्रत्येक सैन्यकर्मी हमारे परिवार के समान महत्त्वपूर्ण है।	राजनाथ-सिंह ने कहा कि प्रत्येक सैनिक हमारे लिए परिवार के समान महत्वपूर्ण है।
14	कभी जल पीकर, कभी केवल मरुताहार करके कभी अनाहार होकर तपस्या करने लगे।	कभी जल पीकर कभी केवल मरुताहार करके कभी अनाहार करके तप करने लगे।
5	वह खड़े होकर भोजन नहीं पकाती है।	वह उठकर भोजन नहीं बना रही है।
6	मनुष्य को कोई सहायक लेना ही चाहिए।	मनुष्य को क्या सहायता करनी चाहिये?
11	ऐसा देखकर उसकी सारथी ने सोचा कि कैसे दुर्योधन को युद्ध के मैदान से निकालना चाहिए।	ऐसा देखकर उसका सारथी सोचने लगा कि कैसे दुर्योधन को युद्ध के मैदान से हटाया जाए।
6	डिफेंस के क्षेत्र में भी टाटा समूह बहुत ही अनुपम काम करता है।	संरक्षण के क्षेत्र में भी टाटा समूह बेजोड़ काम करता है।
7	इसने सौ रुपये लिये वा नहीं ?	उसने सौ रुपये लिये वा नहीं ?
3	कैसे जाऊँ ?	कैसे जाएँ ?
4	पुरानी वस्तुओं को निकाल रहा है ।	पुरानी वस्तुओं को निकाल रही है
3	वृक्षो से फल गिरते हैं।	वृक्ष से फल गिरते हैं।
1	कहा जाता है	कहा जाता है
10	इसीलिए उनके लिए निर्णायक उपदेश है कि मन को शान्त करना साधना चाहिए।	इससे उनका निर्णायक उपदेश है कि मन की शांति साधनी चाहिए।
7	भारत-यह सुझाव दिया गया है कि निज्जरा की हत्या कन्नड़ के बीच संबंध को ढीला करने के लिए पिछले सूत्र द्वारा की गई है।	भारत-बताया गया है कि कन्नड़ संबंध को कम करने के लिए पूर्व सूत्र द्वारा निज्जरवध किया गया है।
12	उन्होंने कहा कि ज्ञान नहीं है फिर भी सुनने और बोलने से संस्कृत भाषा आती है।	उन्होंने कहा कि ज्ञान नहीं है फिर भी सुनने और बोलने से संस्कृत भाषा आती है।
9	उनके लेखन और बच्चों की कविताओं को कई कक्षा की पाठ्यपुस्तकों में शामिल किया गया था।	उनके द्वारा रचित लेखन और बालविद्या को अनेक कक्षाओं की पाठ्यपुस्तकों में रखा जाता था।
4	राम – किस सम्बन्ध से? (किस नाते से)	राम  किस संबंध से?
5	अहमदाबाद के कौनसे विस्तार में थे?	अहमदाबाद के कौनसे विस्तार में थी?
12	मुख्य वक्ता के रूप में आए डॉ. पाण्डेय ने सभी प्रशिक्षुओं के लिए श्रीमद्भागवतगीता को अपने जीवन में स्वीकार करने के लिए प्रेरित किया।	मुख्य वक्ता के रूप में आए डॉ. पाण्डेय ने सभी प्रशिक्षुओं को अपने जीवन में श्रीमद्भागवतगीता स्वीकार करने के लिए प्रेरित किया।
3	इसके आगे ग्रहणी-चिकित्सा की व्याख्या करते हैं । भगवान् आत्रेय ने ऐसा उपदेश किया है ॥	इसके आगे ग्रहणीचिकित्सा विषय पर व्याख्यान करते हैं।
7	विविध विद्यालयों के छात्र भी वहाँ बैठे थे।	विविध विद्यालयों के छात्र भी वहाँ बैठे थे।
3	कार्यालय के पात्र धोता है।	कार्यालय के पात्रों को धोता है।
7	ठीक है आओ। कंगन की दुकान चलते हैं।	ठीक है आईये। कंगन की दुकान चलते हैं |
9	मुख्यमंत्री सुक्ख बोला कि केंद्र सरकार की पहल जल प्रदूषण का विरोध कर रही है।	मुख्यमंत्री सुक्ख ने कहा कि केंद्र सरकार के पहल जल प्रदूषण का विरोध कर रही हैं।
4	कुछ भी सरल सरल बोलिये	कुछ भी सरल सरल बोलो
9	उम्मीद है कि जनवरी के पहले सप्ताह तक इन रेलगाड़ियों का संचालन भी शुरू होगा.	इन रेलगाड़ियों का संचालन भी जनवरी के पहले सप्ताह तक शुरू होने की संभावना है।
10	शिक्षिका -तुमने तो परीक्षाशुल्क भी नहीं दिया	शिक्षिका - तुमने तो परीक्षा फीस भी नहीं दी ।
6	अहमद सड़क पर गिर पड़ा, इसलिए वह हँसता है	अहमद रास्ते में गिर गया है इसलिए वह हँसता है ।
10	इस समारोह में देश-विदेश की योग को समर्पित महिलाओं का प्रचुर संख्या में समागम होगा।	इस समारोह में भारत और विदेश से योग में समर्पित महिलाओं की बड़ी संख्या में समागम होगा।
4	सात बजे तक ध्यानसत्र चलेगा।	ध्यान सत्र सात बजे तक चलेगा।
1	चेहरा नीचे की ओर	नीचे
7	लौकिक पुरुष हाथी, घोड़े और सारथि जैसे गौरश्व है।	लौकिक जैसे गौरश्व पुरुष हाथी तथा शकुनि मृग ब्राह्मण हैं।
1	जाना	जाता है।
10	हमें अपनी क्षमता को जानकर भारत के लिए हमारे लक्ष्य का प्रारूप निर्माण करना चाहिए।	हमें अपनी क्षमता को जानकर भारत के लिए अपने लक्ष्य का प्रारूप निर्माण करना चाहिए।
3	प्रयास करता हूँ ।	कोशिश करूंगी ।
6	बालक विद्यालय जाकर पुस्तक पढ़ता है।	बालक विद्यालय जाकर पुस्तक पढ़ता है।
3	ननन्द भाभी से द्रोह कर सकती है।	ननद अपनी भाभी से कहें।
6	अभियुक्त शिक्षक को ग्रहण करने के लिये पुलिस बल व्यस्त है।	अभियुक्त शिक्षक को लेने के लिए पुलिस बल व्यस्त है।
3	मुख में गीलापन नहीं है।	मुख में गीलापन नहीं है।
10	1 दिसंबर को इस फिल्म की विज्ञापन बुक प्रदर्शित होगी, ऐसा कहा गया था।	कहा जाता था कि इस फिल्म की विज्ञापन बुक दिसंबर के पहले सप्ताह प्रदर्शित होगी।
6	दिल्ली में भी सर गंगाराम अस्पताल है।	दिल्ली में भी सर गंगाराम अस्पताल है।
6	जगत में देखने के लिये क्या क्या नहीं है ?	जगत को देखने के लिए क्या क्या नहीं है ?
5	पुत्र , ध्यान से चढ़ो नहीं तो गिर जाओगे।	पुत्र ! ध्यान से चढ़ो नहीं तो गिर जाओगे।
9	यह समूह स्वकीया पत्रिका गुरुत्वा के नाम पर प्रकाशन करेगा।	यह समूह अपनी पत्रिका गुरुत्व का प्रकाशन करेगा।
7	व्याधिके ग्रहणसे वायु, पित्त कफ, रक्त, सन्निपात इनमेंसे एक या अधिककी विषमतासे उत्पन्न होनेवाली संपूर्ण (चारोंप्रकारकी ) व्याधि समझीजातीहैं ॥	व्याधिग्रहणसे, वायु, पित्त, कफ, शोणितसन्निपात और वैषम्य इन सभी व्याधियोंका वर्णन किया गया है ॥
11	तब कोसल्या ने भरत जी को हृदय से लगाकर कहा बेटा मे यह सब कुछ जानती हूँ, तुम किसी प्रकार की चिन्ता न करो। इसी समय ही भरत जी का समागम सुनकर मन्त्रियों के साथ वसिष्ठ जी राजभवन में आये और रोते हुए भरत को देखकर आदर पूर्वक बोले ॥	कौसल्या ! तुम दोनों का हाथ पकड़कर मैं पुत्र पुत्र को जानता हूँ, तुम शुद्धचित्त मत बनो। इसके बाद श्रीभरतजी का आगमन सुनकर में बोला हे शुक्ल! मुझे इस विषय में बहुत अच्छा लगता है। तुम दोनों ने दोनों से जो कहा था, वह सत्य ही है, क्योंकि मैं सत्य नहीं जान पाया, इसलिये मैं अयोध्या को नहीं जाना चाहिए ॥
6	वह प्रातः छः बजे गाय को घास देती है।	वह सुबह छः बजे गाय को घास देती है।
11	यही कारण है कि अब राज्य में सभी वैद्य स्वाग्रहों के लिये आन्दोलन कर रहे हैं ।	यही कारण है कि अब राज्य में सभी वैद्य ग्रहण के लिए आन्दोलन कर रहे हैं।
14	इस अवसर पर मुख्य संसद सदस्य ने भी उपस्थित महिला एवं युवा जिलों को हजार रुपये देने की घोषणा की।	इस अवसर पर मुख्यसदनीय सचिव ने भी उपस्थित महिला मंडलों और युवा मंडलों को हजार रुपये देने की घोषणा की।
3	जिनकी बुद्धि उस (परमात्मा) में स्थित है,  जिनका मन तद्रूप हुआ है,  उसमें ही जिनकी निष्ठा है,  वह (ब्रह्म) ही जिनका परम लक्ष्य है,  ज्ञान के द्वारा पापरहित पुरुष अपुनरावृत्ति को प्राप्त होते हैं,  अर्थात् उनका पुनर्जन्म नहीं होता है।।	इसलिये, हे बुद्धिमान्! जो लोग उसपर विश्वास करते हैं, वे ज्ञानरूपी अपवित्र कर्मोंसे रहित होकर पुनरावृत्ति को प्राप्त होते हैं।।
5	उसके साथ आहुति बहन भी है।	उसके साथ आहुति बहन भी है
4	पुस्तक चाटूँ क्या ?	क्या मैं पुस्तक ले जाऊँगा ?
5	इंग्लैंड टीम के पास चहनांकाओं की अग्रता है।	इंग्लैंड टीम के पास रनों की अग्रता है।
10	इस पृथ्वी पर तीन ही रत्न हैं-जल, अन्न और हितकारी वचन, परंतु मूर्ख लोग पत्थर के टुकड़े को रत्न कहते हैं।	पृथ्वी पर तीन रत्न हैं- जल मंत्र अच्छा कहा गया- पर मूर्ख पत्थर के टुकड़ों को रत्न की संज्ञा देते हैं।
12	पण्डितों में सब गुण ही रहते हैं और मूर्खोंमें केवल दोष ही  इसलिये एक पण्डित हजार मूखोंसे भी उत्तम है	और पंडित के सभी गुण मूर्ख के लिए दोषरहित होते हैं, इसीलिए एक मूर्ख हजार से अधिक बुद्धिमान नहीं होता।
4	लक्ष्मी शुद्ध किस तरह होती है?	लक्ष्मी शुद्ध कैसे होती है?
1	फूंकना	धृष्टता
10	सिंघवी तीन बार सांसद बने हैं। वे देश के सर्वोच्च न्यायालय के वरिष्ठ न्यायाधीशों में से एक हैं।	सिंघवी तीन बार सांसद बने। वह देश के सुप्रीम कोर्ट के वरिष्ठ वक्ताओं में से एक हैं।
5	दस छात्रों ने विविध गीत गाए।	दस छात्रों ने विविध गीत गाए।
4	नमकीन पानी में केले का फूल उबाला जाता है।	नमकीन पानी में केले का फूल उबलता है।
1	समुद्र	सागर
17	आपदा के बाद राज्य को पैरों में लगाना चाहते हुए मुख्यमंत्री सुक्खू के लिए यह budget कठिन परीक्षा की अपेक्षा कम नहीं होगी।	आपदा के बाद राज्य को पैरों में रखने का संकल्प करने के बाद मुख्यमंत्री सुक्खू के लिए बजट कठिन परीक्षा की अपेक्षा कम नहीं होगा।
1	दुष्टों का।	मारे गए।
10	टारगेट बॉल की जीत में ऑस्ट्रेलिया की टीम ने 20 गेंदबाजों में 216 रन बनाकर जीत हासिल की.	लक्ष्य को हासिल करने के दौरान ऑस्ट्रेलिया ने 20 गेंदों में 216 रन बनाए और टूर्नामेंट जीता।
3	तोरण भी लटकाऊँगी।	तोरण भी लटकाऊँगी।
1	वेश्या	वेश्या
7	हिमाचल प्रदेश के मुख्यमंत्री सुखविंदर सिंह सुक्खू बुधवार को दिल्ली के लिए रवाना हो गये.	हिमाचल प्रदेश के मुख्यमंत्री सुखविंदर सिंह सुक्खू बुधवार को दिल्ली पहुंचे।
8	सभी प्रतिभागियों के लिए राशि और स्मृतिचिह्न पुरस्कार के रूप में वितरित कर दिए गए।	सभी प्रतिभागियों के लिए पुरस्कार के रूप में राशि और स्मृतिचिह्न प्रदान की गईं।
9	मैं प्रतिमाह बिजली खर्च करने में चार करोड़ रुपये का लाभ उठाऊँगा।	इसने हरमहिने बिजली ख़र्च में चार करोड़ रुपये का लाभ होगा।
7	उसका श्लोकगान सुनकर दूसरा सज्जन भी गाता है।	उसका श्लोकगान सुनकर दूसरा सज्जन भी गाता है।
1	क्षमा करें।	समर्थ को
11	इससे भिन्न-भिन्न भौंरे आईटीआई से भिण् डील तक, ग्राम पंचायत-टकरारारारा चौकटी से बडुही पुल तक रास्ता निर्माण किया जाएगा।	इसके अतिरिक्त भलोन आईटीआई से भिण्डाल, ग्राम पंचायत-टकरारा चौक से बडुही पुल तक सड़क का निर्माण होगा।
5	वो दोनों फॉर्म भरती हैं	वे दोनों फॉर्म भर रहे हैं
5	वह शिक्षक सदा पुस्तक पढ़ता है।	वह शिक्षक हमेशा पुस्तक पढ़ता है
3	वह पैसा चुराता है।	वह पैसा चुराता है।
6	चुनाव- आज से विक्रय होगा।	चुनाव-संध्या का विक्रय आज से शुरू होगा।
6	हिमदास ने पूरा कमाया हुआ धन लोकहित में समर्पित कर दिया।	हिमदास ने पूरा कमाया हुआ धन लोकहित में समर्पित कर दिया।
12	मूर्ख अपने घरमें समर्थ पुरुष अपने गाँवमें, राजा अपने देशमें और विद्वान् सर्वत्र ही पूजा जाता है।	अपने घर में ही सम्मानित मूर्ख होता है, प्रभु भी सम्मानित हो जाता है, राजा भी अपने राज्य में सम्मानित विद्वान होता है और सब जगह सम्मानित होता है।
5	दुर्गावती का विवाह किसके साथ हुआ?	दुर्गावती का विवाह किसके साथ हुआ?
6	बचपन से ही वो स्वतंत्रता आंदोलन में हिस्सा लेते थे।	बचपन से ही वे स्वतंत्रता आंदोलन में भाग ले रहे थे।
3	वह मालपुआ तलती है ।	वह मालपुआ तलती है
10	देश का संपूर्ण-उत्तर क्षेत्र में भीषण-आफूसी-चरण से रेल सेवा प्रभावित हो गई।	देश के पूरे उत्तर क्षेत्र में भयंकर लू चलने से रेलवे सेवा प्रभावित हो गई है।
9	इसके अलावा विधानसभा क्षेत्र में सुरक्षा व्यवस्था को मजबूत करने के लिए सीसीटीवी-ड्रोन-यन्त्रों का उपयोग होगा।	इसके अतिरिक्त विधानसभा मंत्रालय में सुरक्षा व्यवस्था को सुव्यवस्थित करने के लिए सीजीटीवी-ड्रोन-यन्त्रों का उपयोग किया जाएगा।
11	उन्होंने कहा कि इस विधानसभा क्षेत्र में एक वर्ष में 170 करोड़ रुपये का विकास चल रहा है।	उन्होंने कहा कि इस विधानसभा क्षेत्र में एक वर्ष में 170 करोड़ रुपये का विकासकार्य चल रहा है।
3	ये दोनों कुत्ते हैं।	ये दो कुत्ते हैं।
5	तुम्हारी बहन की क्या उम्र होगी ?	आपकी छोटी बहन कितने वर्ष की है ?
13	जब हमारी सरकार आ गई तब हमने भ्रष्ट कर्मचारी को पकड़ा और आज सभी भ्रष्ट जेल में हैं।	जब हमारा सरकार आ गई तब हम भ्रष्ट कर्मचारियों को पकड़ा था और आज सभी भ्रष्ट जेल में हैं।
5	उसकी भी एक बेटी थी।	उसकी भी एक पुत्री थी ।
3	शोक सब कुछ नाश कर देता हैं।	शोक सब कुछ नष्ट कर रहा है।
1	अपनी इच्छा से	अपनी इच्छा से
9	माँ बहुत तेज की भूख है जल्दी से भोजन लगाओ।	माँ भूख बहुत हो रही है जल्दी से भोजन परोसो ।
8	बाह्य अंतरिक्ष देवदूतों की ओर से अब तक हजारों अवशेष बाह्य अंतरिक्ष में ढेर हो चुके हैं।	बाहरी अंतरिक्ष यात्रियों के हिस्से के रूप में, अब तक हजारों अवशेष बाहरी अंतरिक्ष में एकत्र किए गए हैं।
9	शिक्षिका -पुस्तक घर में होती है , पैसा बैंक में होता है ।	शिक्षिका - पुस्तक घर में होती है , धन बैंक में ।
1	खरीदकर ।	खरीदकर
4	सुजाता ने बैंक में नौकरी पाई।	सुजाता ने बैंक में नौकरी पाई।
9	हे पार्थ ! वही यह भूतसमुदाय, है जो पुनः पुनः उत्पन्न होकर लीन होता है। अवश हुआ (यह भूतग्राम) रात्रि के आगमन पर लीन तथा दिन के उदय होने पर व्यक्त होता है।।	वह भूत-ग्राम इस प्रकार होकर नष्ट हो जाता है और रात्रि के आने पर अचानक ही पार्थ (परमात्मा) के आगमन पर आ जाता है।
5	सभी शिक्षक और कर्मचारी भी खड़े होंगे।	सभी शिक्षक कर्मचारी भी खड़े होंगे।
5	तूने आम चूसे वा नहीं ?	तूने आम चूस लिये वा नहीं ?
6	इसकी प्रस्तावना के रूप में दोनों देशों ने सात संधियों पर हस्ताक्षर किये।	इसके तहत सात संधियों पर दोनों देशों ने हस्ताक्षर किये हैं।
9	विस्फोटक आवाज सबसे पहले छात्रों ने सुनी। तभी सड़े फलों की दुर्गंध चारों ओर फैल गई	पहली बार छात्रों ने विस्फोटक शब्द सुना। बाद में टूटी हुई फलों की दुर्गन्ध सब जगह फैल गई।
8	अनेक पाठकों के दृश्य पत्रालय के अन्दर और बाहर निकाले गए।	अनेक पाटेदार के दृश्य डाकखाने के अंदर और बाहर कैपे हुए हैं।
8	रास्ते में कोई उतरना चाहे तो वाहन रोकता था।	रास्ते में कोई उतरना चाहता था तब वाहन रोक देता था।
6	तुम्हारे घर किसका वृक्ष है ?	तुम्हारे घर किसका पेड़ है ?
5	नाटक देखकर प्रेक्षक प्रसन्न होते हैं।	नाटक देखकर प्रेक्षक प्रसन्न होते हैं।
4	हे मित्र (बन्धु/भाई)! पक्षियों के समूह की आवाज़ से गुंजायमान वन में चलो।	अरे बन्धु! पक्षियों के समूह के शिरोमणि और गुंजित वन का देश।
8	वह अध्ययन के साथ ही विभिन्नगतिविधियों में भी भाग लेने के लिए सबको प्रेरित कर रही थीं।	उन्होंने अध्ययन के साथ ही विभिन्न गतिविधिओं में भाग लेने के लिए सभी को प्रेरित किया।
4	सोमवार तो धोती का वार है ।	सोमवार तो धौतवार है ।
1	है फिसल	सुशोभित है।
5	शनिवार को सत्र की शुरूआत लौकिक मंगलाचरण से हुई।	सत्र का आरम्भ शनिवार को लौकिक मंगलाचरण से हुआ।
6	प्रातः उठ कर जल से मुंह धोओ।	सवेरे उठकर पानी से मुँह धो ।
2	दुष्ट महिला गाली बक रही है।	दुष्ट व्यक्ति मरना चाहता है।
10	आज भोजन में चावल, दाल, सब्जी, पापड़ और खीर है।	आज भोजन में चावल, दाल, सब्ज़ी और पापड़ है।
6	पहुंचे हुए समाचार के अनुसार, अर्जुन शीघ्र ही खलनायक की भूमिका पर दिखता है।	पहुंचे समारोह के अनुसार अर्जुन शीघ्र ही खलनायक की भूमिका में दिखता है।
3	बच्ची उँगली से दिखाती है।	बच्ची उंगलियाँ दिखाती है।
6	क्या वे सज्जिता के रूप में सुशय्या नहीं दिख रही हैं?,	क्या तुम सुशिक्षित नहीं दिख रही हो ?
7	बाद में, मुम्बयी विश्वविद्यालय के सार्वजनिक विधि महाविद्यालय से स्नातक के पदवी को प्राप्त किया।	बाद में, मुम्बई विश्वविद्यालय के सर्वकरीय विधि महाविद्यालय से डिग्री पाई।
1	अध्ययन	अध्ययन
5	पुनः कब मिलेंगें ?	हम पुनः कब मिलेंगे ?
6	मुझे नहीं पढ़ना है क्या ?	क्या मुझे पढ़ना नहीं है क्या ?
7	लेकिन आज हल्दी संस्कार बदल गया और अंडम्बर से परिपूर्ण हो गया।	लेकिन आज हल्दी संस्कार बदल गया है और ढीला हो गया है।
7	भाषण स्पर्धा में बहुत प्रतिभासम्पन्न उन्होंने अनेक पुरस्कार जीते।	वक्ता स्पर्धा में उन्होंने बहुत प्रतिभाशाली होकर अनेक पुरस्कार जीते हैं।
4	मध्याह्नोत्तर का काम दिन के प्रथम भाग में ही कर लेना चाहिए।	दोपहर से पहले ऐसा करना चाहिए।
10	बोधि नामक ग्रन्थ संस्कृत और पालि में भी प्रसिद्ध है।	जो संस्कृत और पाली भाषा में बोधि के नाम से भी जाना जाता है।
4	इस समय शिमला नगर का विकासयोजना की गई है।	इस समय शिमला नगर का विकासयोजना की गई है।
5	स्वस्थ दाँतों वाले लोग गन्ना भी चबाते हैं।	स्वस्थ दाँत वाले लोग गन्ना भी चबाते हैं।
6	श्रम के बिना कोई आगे नहीं बढ़ता है	श्रम के बिना कोई भी आगे नहीं बढ़ता है।
14	जहाँ वह दूरसंचरण, पेय जल, ऊर्जा और स्वास्थ्य से सम्बद्ध अनेक परियोजनाओं का आधार बनाकर राष्ट्र को समर्पित करेगा।	जहां वह दूरसंचार-पेयाजल-ऊर्जा स्वास्थ्य-इस प्रकार के क्षेत्रों से जुड़े अनेक परियोजनाओं का आधारशिला स्थापित करेगा और राष्ट्र को समर्पित करेगा।
5	मैं अब संस्कृत पढ़ना प्रारंभ करता हूँ	मैं अब संस्कृत पढ़ना शुरू कर रहा हूँ
9	उसने पूछा – पत्नी के साथ संस्कृत में बात करते हो ?	उसने पूछा  पत्नी के साथ संस्कृत में बात करते हो ?
11	यह जन समुदाय फँसा हुआ है। सरकार द्वारा केंद्रित योजनाएं सभा में समाविष्ट हो चुकी हैं।	यह जन समुदाय वंचित है। सरकार द्वारा केंद्र द्वारा शुरू की गई योजनाएं budget में शामिल हैं।
17	वहौ नई दिल्ली का भारत-बड्डा में आयोजित दो दिवसीय दल के राष्ट्रीय सम्मेलन के पहले दिन दल के नेताओं को संबोधित किया गया।	वह नई दिल्ली के भारत हैं-दल के नेताओं को मंडप में आयोजित दो दिवसीय राष्ट्रीय सम्मेलन के पहले दिन अधिकारियों के साथ एक बैठक में संबोधित किया गया।
14	परन्तु कन्या ने आग्रह किया कि ये मूर्ख गौ पालक उन सभी समस्याओं को दूर करेगा।	परन्तु कन्या ने आग्रह किया कि यह मूर्ख गौ पालक उनकी सभी समस्याएं दूर करेगा।
10	इस युद्ध का नेतृत्व सनेठीग्राम के महान् रामभक्त पं. देवी दीन पाण्डे जी ने किया।	इस युद्ध का नेतृत्व सनेठी गाँव के महान रामभक्त पं. देवीदीन पांडे ने किया।
4	विविध रंगों के वस्त्र दिखाता है।	विविध रंगों के वस्त्र दिखाता है।
9	अब तक उसने 1000 से ज्यादा फिल्मों में काम किया है।	अब तक उन्होंने 1000 से अधिक फ़िल्मों में काम किया है।
21	और इसके निरोध के लिए प्रचार कार्य भी करना चाहिये। संग्रह की प्रवृत्ति रोकने के लिए लोगों और व्यापारियों में राष्ट्रीय भावना से परिचित कराया जाना चाहिये। तभी महँगाई को समस्या कम और समूल नष्ट हो सकेगी।	प्रचार कार्य भी करना चाहिए। इससे बचने के लिए लोगों और व्यवसायों में परिग्रह की प्रवृत्ति को रोकना चाहिए, इससे घरेलू भवन द्वारा परिचित होना चाहिए। तभी ही महँगाई की समस्या कम हो जाएगी और समुच्चय नष्ट हो जाएगा।
4	कृपया सभी वस्तुएं पकडीये	कृपया सबका बन्धन स्वीकार कीजिये
5	इसके लिए जागरूकता अभियान की भी आवश्यकता है।	इसके लिए जागरूकता अभियान की भी आवश्यकता है।
15	देश के प्रमुख शहरों में भी पांच सौ से ज्यादा-सैन्धो जिलों के प्रमुख सड़कों पर-एक सुरक्षा सतर्कता कार्यक्रम का आयोजन किया जा रहा है।	देश के प्रमुख शहरों में भी पांच सौ से अधिक-सात जिलों के कार्यालयों में सड़क-सुरक्षा सतर्कता कार्यक्रम का आयोजन किया जाता है।
4	एकतः ओषधीनां पतिः अस्तशिखरं याति एकतः अरुणपुरःसरः अर्कः आविष्कृतः, लोकः तेजोद्वयस्य युगपद् व्यसनोदयाभ्यां आत्मदशान्तरेषु नियम्यत इव।	वहाँ से सो उठा हुआ शिष्य प्रवेश करता है।
5	मेरा मित्र आज मदुरई पहुँचेगा ।	मेरा मित्र आज मदुरई जाएगा।
4	वो भारतरत्न थे ।	वो भारत रत्न भी थे ।
5	वे सभी संस्कृतगीत सुनना चाहते हैं।	वे सभी संस्कृत गीत सुनना चाहते हैं।
1	हम लोगों का	हमारा
9	इस दिन पूरे विश्व में भारत के साथ पूजा और पूजा होती है।	इस दिन भारत के साथ पूरे विश्व में पूजा और अर्चना होती है।
11	मन में दृढ़ निश्चय लेकर ही कार्य करना चाहिए। तो सफलता अवश्य मिलेगी।	मन में दृढ़निश्चय करके ही कार्य करना चाहिए। तब अवश्य ही सफलता होगी।
12	राष्ट्रपति मुर्मू ने कहा कि दुनिया भर में कई विवाद विवादों को तर्क की दृष्टि से संबोधित किया जाना चाहिए।	विश्व में आज के संघर्षों का जिक्र करते हुए राष्ट्रपति मुर्मू ने कहा कि विश्व में बहुत से द्वन्द्वों को तर्क के प्रकाश में संबोधित किया जाना चाहिए।
7	तिल काले हैं, माष भी वैसे ही हैं।	तिल काले हैं वैसे ही माष भी।
6	पत्नी का भाई ने इस मामले को दर्ज किया।	पत्नी के भाई ने यह मामले दर्ज करवाए।
3	दश अध्यायका शारीरकस्थान ॥	दश शरीरों वाला ॥
7	वानरोंका नन्दन और राक्षसोंका अवसाद वह अस्त्र है	वह अस्त्र वानरों का नन्दन और राक्षसों का नाश करने वाला होता है।
7	परन्तु हे अर्जुन  जो पुरुष मन से इन्द्रियों को वश में करके अनासक्त हुआ कर्मेंन्द्रियों से कर्मयोग का आचरण करता है वह श्रेष्ठ है।।	हे अर्जुन ! जो पुरुष अपने मन से इन्द्रियों को कर्मों के योग से पूर्ण कर लेता है, वह श्रेष्ठ होता है।
15	तन्मय – हाँ आज तो श्रावणी पूर्णिमा है , स्वाधीनता दिन भी है , संस्कृतदिन भी है।	तन्मय  हाँ आज तो श्रावण पूर्णिमा है , स्वाधीनता दिन भी है और संस्कृत दिन भी।
8	ओमान के संस्कृत विद्यालय के डॉ आर नारायणन व्याख्यान देंगे	ओमान के संस्कृत विद्यालय के डॉ आर. नारायणन व्याख्यान देंगे।
12	अंत में सेंसेक्स की समाप्ति हुई, जो या अंकों से गिर गई।	अंत में सेन्सेक्स यह क्रम आकर समाप्त हो गया जो अंकों से गिर गया।
16	तीस बैठने के लिए एक सत्ताईस से अधिक-नईस से एक हजारभ्यर्थियों का भाग्य का निर्णय लगभग एक सत्ताईस से अधिक लाख से अधिक समय तक मतदाता करेंगे।	तीस सीटों के लिए सात सौ से अधिक-नईस से एक लाख तक हजारों पात्रों के भाग्य का निर्णय मतदाता करेंगे।
4	ऊर्ध्वभाग हिम से आच्छादित हैं।	ऊपरी भाग हिमेन से ढका हुआ है।
9	ये वाचक हैं-सरवण कुमार-हिमाचलप्रदेश-कृषि विश्वविद्यालय, पद्मपुरम डॉ. यशवंत सिंह पर्मार उद्यान-ऐसा-वैज्ञानिक विश्वविद्यालय, सोलन हैं।	ये चौधरी-सरवणकुमार-हिमाचल प्रदेश-कृषि विश्वविद्यालय, पालमपुर डॉ. यशवंत सिंह परमार उद्यान-ऐसा-वानी विश्वविद्यालय, सोलन हैं।
4	साइकिल ध्यान से चलानी चाहिये।	साइकिल ध्यान से चलानी चाहिये।
18	ऐसी जानकारी भारत के खिलाफ बढ़ती राजनीतिक रूप से प्रेरित पहल और विकारों के कारण दी गई थी। कनाडा में भारतीय छात्रों को बहुत सचेत रहना चाहिए। उन्हें भारत के स्थानीय सरकारी कार्यालय में पंजीकरण कराना चाहिए।	उन्होंने यह सूचना हमें दी कि वहां भारत के खिलाफ राजनीतिक रूप से प्रेरित पहल और अक्रमकता बढ़ रही है। कनाडा में भारतीय छात्रों को सतर्क रहना चाहिए। उन्हें भारत के स्टेशन कार्यालय में पंजीकरण करवाना होगा।
10	पुनः बन्धुओं सहित मुनिजनों के द्वारा धर्मशास्त्र का रहस्य गुनते तथा उसकी व्याख्या भी करते थे ॥	वह अपने बन्धुओं के साथ नित्यभोजन करता है, धर्मशास्त्र के रहस्यों को सुनता है और व्याख्यान करता है ॥
7	धन से नष्ट हुए व्यक्ति का कुछ भी नष्ट नहीं हुआ किन्तु यदि चरित्र नष्ट हुआ तो वह मरे हुए के समान है।	जिसके पास धन नहीं, उसके पास आचरण (व्यवहार) क्षीण हो गया हो वह मारा गया हो।
1	बिछौना	ऊँचा
8	गुजराती भाषा में बावड़ कहते हैं	गुजराती भाषा में बावड़ कहा जाता है
10	कन्नूर में कुटियान माला नामक क्षेत्र में बिजो-अन्नमारिया एक स्वप्निल जोड़े की बेटी बन जाती है।	कन्नूरों के कुटियान् नामक क्षेत्र में बिजो-अंमारिया एक स्वप्न देखने वाले दंपती की बेटी है।
9	जो व्यक्ति संतोषरूपी अमृत से तृप्त है, मन से शांत है, उसे जो सुख प्राप्त होता है, वह धन के लिए इधर-उधर दौड़-धूप करने वाले को कभी प्राप्त नहीं होता।	जो सुख अमृत से तृप्त हुए लोगों को शान्ति और प्रसन्नता प्रदान करता है, वह सुख धन के लोभ से रहित लोगों को प्राप्त हो जाता है।
24	सभी औषधि ऋद्धिधारी, उत्तम तप ऋद्धिधारी, अवधृत क्षेत्र से भी दूरवर्ती विषय के आस्वादन, दर्शन, स्पर्शन, घ्राण और श्रवण की समर्थता की ऋद्धि के धारि, अष्टाङ्ग महानिमित्त विज्ञता की ऋद्धि के धारी, आठ प्रकार की चारण ऋद्धि के धारी, पाँच प्रकार के ज्ञान की ऋाद्ध क धारा, तीन प्रकार क बला का ऋाद्ध क धारा आर बुाद्ध ऋद्धीश्वर, ये सातों जगत्पूज्य गणनायक तुम्हारे पापों को क्षालित करें और तुम्हें सुखी बनावें। बुद्धि, क्रिया, विक्रिया, तप, बल, औषध रस और क्षेत्र के भेद से ऋद्धियों के आठ भेद हैं।	जो सभी प्रकार की औषधियाँ ऋद्धियाँ हैं, सज्जन, अपरम्पार, उन्नतिशील पाँच हैं, जो चारों अंग महामित्त और निपुण हैं, वे चार प्रकार के व्याचारी हैं, पाँच ज्ञान और धरास्त्र (संसार शक्तिशाली), जो सब बलवान् हैं, बुद्धिऋद्धी और ऋद्धी हैं, ये सात प्रकार के सम्पूर्ण उपासनाशील मुनिवर तुम्हारे मङ्गल को करें ॥
3	भूतकाल में वाक्य लिखिये	अतीत काल में वाक्य लिखिये।
6	परिश्रम के कारण वह गौरवस्थान प्राप्त किया।	परिश्रम के कारण वह गौरव के स्थान पर पहुंचा
18	शिक्षक और शिष्य का बंधन शाश्वत पितृसत्ता के सम्मान में मनाया जाता है''वह गुरु पूर्णिमा विशेष नामक पारंपरिक कार्यक्रम में भाग लेने वाले भक्तों को संबोधित कर रही थीं।	गुरु शिष्य के बंधन के काल के पिता का सम्मान करने के लिए आरम्भ की गई''यह गुरु पूर्णिमा स्पेशल नामक परंपरा के कार्यक्रम में भाग लेने वाले भक्तों को संबोधित कर रही थी।
8	नहीं जानता , रास्ता कब जाने योग्य होगा ।	नहीं जानता , रास्ता कब जाने योग्य होगा
1	नाम से	नाम से
1	रक्षण	रक्षा
4	इससे अधिक लोग मारे गए हैं।	उससे अधिक लोग मारे गए।
1	होना	हो
3	वन जायें।	वन को जाईये ।
1	तीन तीन सेर।	तीनों स्थानों पर।
5	उसका सूत्रग्रन्थ 'शब्दानुशासन' है।	उसकी सूत्रग्रन्थ 'शब्दों का शासन' है।
16	[ गोपियोंने कहा-] जिनकी कृपाकटाक्ष अपने ऊपर होनेके लिये अन्य देवता प्रयत्न करते रहते हैं, वे श्रीलक्ष्मीजी आपके हृदयधाममें स्थान पाकर भी तुलसीजीके साथ आपके भक्तोंद्वारा सेवित जिस चरणरजको चाहती हैं उसी चरणरेणुकी शरणमें आज लक्ष्मीजीकी ही भाँति हम भी आयी हैं ॥	श्रीमहादेवजी बोले हे कमलनयन ! एक तुलसी पाकर भी तुमने वक्षःस्थलमें ऐसा खड्ग किल और भृत्यरूप धारण किया, जिसका देखकर अन्य देवतागणों ने प्रयास किया कि तुम्हारे दोनों पांव प्रसन्न हो गये ॥
5	सोलर पैनल से वह रात में बिजली पाता है।	सौर पैनल से वह रात्रि में बिजली पाता है।
4	संस्कार भी आवश्यक होता है।	संस्कार भी आवश्यक होता है।
6	मैं प्रतिदिन नियम से व्यायाम करता हूं।	मैं प्रतिदिन नियमित व्यायाम करता हूँ ।
4	शिष्ट लोग संस्कृत जानते हैं।	संस्कृत लोग संस्कृत जानते हैं ।
4	आप क्या ढूंढ रहे है ?	आप क्या ढूँढ़ते हैं ?
9	राजस्व मंत्री जगत सिंह ने कहा कि पहले ही संसाधनों का अभाव था।	राजस्व मंत्री जगत सिंह नेगी ने कहा कि पहले ही संसाधनों का अभाव है।
9	इसलिए संस्कृत अवश्य पढ़नी चाहिए। आधुनिक काल में भी संस्कृत भाषा का प्रयोग अपरिहार्य माना जाता है।	इसलिए संस्कृत अवश्य पढ़नी चाहिये। आधुनिक काल में भी संस्कृत भाषा के प्रयोग की आवश्यकता का अनुभूति हो रही है।
5	घृत और मधु से भी अत्यन्त स्वादु वचन बोलिए	घी से स्वादिष्ट और मीठा मिला।
5	राज्यसभा का उपसभापति भी हुआ।	राज्यसभा के उपसभापति भी हुए।
8	उसके सींग रत्नमय, खुर मणिमय और नेत्र नील रत्नमय थे। इस प्रकार बिजली की छटा और मनोहर मुखवाला वह मृग श्रीरामचन्द्रजी के आश्रम के पास सीताजी के सामने वन में विचरण करने लगा ॥	अपने शङ्खों में मणिधारी नील रत्नों के समान दीखता हुआ विद्युत्प्रभो ! मुग्धाजी विचरण कर रहा था वन के बीच में ।
7	कभी कभी मेरे साथ भी बात करते हैं	कभी कभी मेरे साथ भी बात करता है ।
4	कौआ-कौआ ही रहता है और कोयल-कोयल होती है।	कौआ कौआ कोहड़ा है।
8	सभी प्रतिभागियों के लिए राशि और स्मृतिचिह्न पुरस्कार के रूप में वितरित कर दिए गए।	सभी प्रतिभागियों के लिए पुरस्कार के रूप में राशि और स्मृतिचिह्न प्रदान की गईं।
5	राज्यसभा का उपसभापति भी हुआ।	राज्यसभा के उपसभापति भी हुए।
12	सर्वेक्षण में आयकर के विभिन्न प्रवर्तनों में ऐसी असंतुलित लेखांकन गणनाएँ पाई गईं-विभाग की विज्ञप्ति प्रकाशित होती है।	सर्वेक्षण में ऐसा असन्तुलित वित्तीय खाते विभिन्न प्रवर्तनों में दिखता है-विभाग की अखबार की घोषणा में दिखाया गया है।
10	हिमाचल-संस्कृत-अकादमी के सचिव डॉ. केशवानंद कौशल ने सभी विशिष्ट अतिथियों एवं विद्वानों का स्वागत किया।	हिमाचल-संस्कृत-अकादमी के सचिव डॉ. केशवानंद कौशल ने सभी विशिष्ट अतिथियों और विद्वानों का स्वागत किया।
6	कई कारों में नाममात्र की भण्डार शेष है।	अनेक भंडारों में नाममात्र का भंडार शेष है।
3	महिलाएँ प्रश्न पूछती हैं।	महिलाएँ प्रश्न पूछती हैं।
10	और जल पान के पश्च्यात जल के किनारे वृक्ष की छाया में बैठ गये उसी समय उन्होंने महावलवान भयानक राक्षस को आते हुए देखा ॥	उन दोनों ने एक क्षण तक पानी पी लिया और एक क्षण के लिए छाया पकाई। तब तेज़ और भयानक एक महावत का अन्त हुआ ॥
8	जो जो मैं बोलती हूँ वो वो तुम बनाओ ।	माँ जो जो मैं बोलती हूँ वो वही रच लो।
10	फिर, एनपीएसए का वेतन गिनते हुए निकालना भी दुर्भाग्यपूर्ण मुद्दा है।	तब एनपीए के वेतन की गणना से निकालना भी दुर्भाग्यपूर्ण बात है।
6	वहाँ कोई नहीं था	वहां कोई भी नहीं था।
6	कहा जाता है कि कल नामांकन में प्रवेश किया जाएगा।	कहा जाता है कि कल नामांकन दाखिल होगा।
10	यह सुनकर हिरण्यक चित्रग्रीव के बन्धनों को काटने के लिए जल्दी से निकट आया तो चित्रग्रीव कहने लगा -हे मित्र।	यह सुनकर कोई हिरण्यगर्भ (मनुष्य) गीदड़ के बाँध को काटने के लिए दौड़ता हुआ उससे बोला मित्र!
4	उसके पास कोई भी नहीं है।	उसके पास कोई भी नहीं है।
12	ये केंद्र अपनेद्वार के पास राज्य के लोगों को आवश्यक स्वास्थ्य सेवाएं प्रदान करने के लिए नए आशा की किरणें सिद्ध होंगी।	ये केंद्र अपने दरवाजे पर राज्य के लोगों को आवश्यक स्वास्थ्य सेवाएं प्रदान करने के लिए नई आशा के किरणें प्रदान करेंगे।
3	भैया ! आईये	भैया ! आइये।
6	आलसी को विद्या कहाँ? विद्याहीन के पास धन कहाँ?	आलसी को विद्या और अविद्वान् को धन की क्या आवश्यकता होती है?
10	विजया- सखी! तपस्या के प्रभाव से हिंसक पशु भी तुम्हारे मित्र हो गये हैं।	विजया- सखी। तप के प्रभाव से हिंसक पशु भी तुम्हारे मित्र बन गए हैं।
23	मुख्यमंत्री सुखविंदर सिंह सुक्ख ने बैंकों से अनुरोध किया कि वे सरकार की जन कल्याण योजनाओं के लिए उदारता और रियायते और ब्याजदर से ऋण चुका सकें, इससे अधिक से अधिक लोग इन योजनाओं का लाभ उठा सकें।	मुख्यमंत्री सुखविंदर सिंह सुक्खू ने बैंकों से आग्रह किया कि वे सरकार की जन कल्याण योजनाओं को उदार और राजकोषीय दर से ऋण दें, जिससे अधिक से अधिक लोग इन योजनाओं का लाभ उठा सकें।
8	इस अवसर पर आचार्य तुलसीदास परौहा जी, विश्वविद्यालय के रीवा परिसर विशेष रूप से उपस्थित थे।	इस अवसर पर आचार्यतुलसीदास परौहा विश्वविद्यालय के रीवापरिसर प्रभार विशेष रूप से उपस्थित थे।
9	कोई एक वन्यजीव खाने से पेट भर जाता है ना?	क्या एक ही जानवर के खाने से आपका पेट भर जाता है?
5	यहाँ तुम किसलिए ठहरते हो, बताओ ।	तुम यहाँ क्यों खड़े हो बोलो ।
5	बिना देर किए तेल ईंधन-और वितरण केंद्र बंद हो गया.	बिना देर किए तेल वितरण केंद्र बंद कर दिया गया।
10	10 शहरों में सबसे कम तापमान दस डिग्री सेल्सियस से कम रहा।	10 शहरों में सबसे कम तापमान दस डिग्री सेल्सियस से कम रहा।
15	इस अवसर पर विशाल जनसभा को संबोधित करते हुए मुख्यमंत्री ने महिला जिलों को दिया''प्रोत्साहनराशिं''उन्होंने हजार रुपये से हजार रुपये तक बढ़ने का घोषणा की.	इस अवसर पर विशाल जनसभा को संबोधित करते हुए मुख्यमंत्री ने महिला संगठनों को दिया''प्रोत्साहनराशि''उन्होंने हजार रुपये से हजार रुपये तक बढ़ने की घोषणा की।
24	अरे मनमधुप! व्यर्थ झंकारमय कोलाहल मत कर, मौन होकर हरिके चरणरूपी विकसित कमलके मकरन्दका आस्वादन कर। सबकी प्यास बुझानेवाले उस चिदानन्दमय मकरन्दका एक बार भी पान कर लेनेपर तेरी यह अहंकारसहित झनकार न जाने कहाँ विलीन हो जायगी ? ॥	हे रे मानसवर्ग ! तू मानसरोवर के कोलाहल को मत बना, हरिपांवों के खिलौने के समान मदिरा का स्वाद ले, उसमें सभी रसों को हरण करने वाले तृष्णारविन्द के कोमल पोंछने वाले कोमल मृन्दरूप में स्नान कर, कहीं पर भी तेरी प्रेमलता के सदृश शंकरादि की भाँति आचरण नहीं कर सकती ॥
3	बच्ची उँगली से दिखाती है।	बच्ची उंगलियाँ दिखाती है।
6	इसरो अर्थात् भारतीय अन्तरिक्ष अनुसन्धान संस्थान	इसरो भारतीय अंतरिक्ष अनुसंधान संस्थान है।
1	मूर्ख	बठर
5	स्वामी धीरे-धीरे पेटी खोलता है।	मालिक धीरे-धीरे डिब्बा खोलता है।
8	रास्ते में कोई उतरना चाहे तो वाहन रोकता था।	रास्ते में कोई उतरना चाहता था तब वाहन रोक देता था।
1	खाना और गलना	गल जाता है
13	हे राम! मैं शत्रुओं का वध करने में भी आपकी सहायता करूँगा  इस सम्बन्ध में मैंने जो कुछ देखा हैं वह में आपको सुनाता हूँ सुनिये ॥	हे राम! शत्रुओं को मारने वाले शत्रुओं की भी मैं तुम्हारी सहायता करूँगा। सुनो, मैंने एकान्त में कुछ देखा है, कह रहा हूँ ॥
6	उसके हाथ में रंग है क्या ?	उसके हाथ में रंग है क्या ?
15	कीचक उस समय तो उसी से भाग गया परन्तु अपनी बहन के साथ वह साइरन्ध्री के बारे में बार-बार बात कर रहा था।	कीचक उस समय तो वहाँ से भाग गया लेकिन अपनी बहन के साथ वह सैरन्ध्री के बारे में बार-बार बात कर रहा था।
6	हम सभी वीर सैनिकों को नमन करते हैं।	हम सभी वीर सैनिकों को नमन करते हैं।
1	खाने से	खाने से
1	बड़ा युद्ध	महाहब
5	जो शिक्षा देता है वह शिक्षक है	जो शिक्षा देता है वह शिक्षक है
1	छात्र पर	बहुत छात्रों में
15	आज बुधवार है एनएचएम-जिले के साथ वार्तालाप के माध्यम से विषय को समझने का प्रयास किया गया, लेकिन विषय समाप्त नहीं हुआ।	इस समय बुधवार को एनएचएम-निदेशक के साथ वार्तालाप के माध्यम से विषय को निपटाने का प्रयास किया गया, लेकिन विषय समाप्त नहीं हुआ।
12	ज्ञान की देवी माँ सरस्वती जिसकी जिव्हा पर सारे श्लोकों का सार है जो बुद्धि की देवी कही जाती है और जो ब्रह्म देव की पत्नी है ऐसी माँ का वास मेरे अन्दर सदैव रहे ऐसी कामना है ।	हे सरस्वती जी! वेदों के पराग के ज्ञाता होने पर जो देवी नित्य स्तुति की जाती है, वह मेरी जिह्रो में बसो ॥
8	रामचरण – क्या प्रतियोगिताएँ केवल लड़कों के लिए हैं?	रामचरण  क्या प्रतियोगिताएँ केवल बच्चों के लिए हैं?
11	कौन (मनुष्य) वृद्ध होने वाला जानता हुआ नीचे मृत्यु लोक में रहने वाला जीर्ण न होते हुए देवों के संगत प्राप्त कर रूप रंग तथा भोग के आनन्दों को समझते हुए बहुत काल तक जीवन धारण करने में प्रेम करेगा।	जो मनुष्य मरकर भी जीता नहीं रहता, वह कहां स्थित है? अर्थात् कहां रहता है? जो जीता हुआ भी नहीं, वह मरता ही नहीं, क्योंकि वह ज्ञानरूपी अमृत को नहीं जानता और ध्यानसे ही प्रसन्न होता है, फिर भी वह दीर्घकाल तक जीता रहता है, भला कौन रह सकता है?
9	मैं ओ .... विचार आ गया ... आ गया	मैं - ओ विचार आ गया ... आ गया।
1	स्नान करना	नहाना
9	हे महाबाहो ! सत्त्व, रज और तम ये प्रकृति से उत्पन्न तीनों गुण देही आत्मा को देह के साथ बांध देते हैं।।	हे महाबाहो ! सत्त्व और रज दोनों गुण स्वभाव से ही शरीर में देही अव्यय को बाँधते हैं।।
12	श्रीकांत ने कहा कि केवल भारत ऐसी देशोयं है जिसने दो अधिकारियों केबुदों पर टीकाकरण किया है	श्रीकांत ने कहा कि केवल भारत ऐसा देश है जिसने दो से अधिक बुजुर्गों का टीकाकरण किया है
9	वहाँ पर अग्नि को स्थापित करने के लिए विधि पूर्वक उसे प्रज्वलित करने के पश्च्यात अनेक रत्नों से विभूषित सीता को साथ लेकर महारानी सहित महाराज जनक जी कमलनयन श्रीरामचन्द्र के पास आये। 'श्रीरामचन्द्र का विधिवत् चरणों को धोकर तथा चरणोदक को उसी प्रकार अपने सर पर धारण किया जैसे शिव ब्रह्मा तथा मुनिजन सदा अपने मस्तक पर धारण करते हैं । ॥	श्रीरामचन्द्रजी ने वहाँ आग रखकर यथाविधि जलाई और अनेक रत्नों से विभूषित सीताजी की शोभा को बढ़ाया।
5	घर आकर मेरी माँ को मारते हैं।	घर आकर मेरी माँ को मारते हैं।
5	दो गोलक के बीच गन्ना पिसता है।	दो गोलक के बीच गन्ना पिसता है।
5	आज घर-घर में इसका उपयोग होता है।	अब घर घर में इसका उपयोग होता है।
4	वे  धीमे धीमे चलते हैं  ।	वे धीमे धीमे चलते हैं
8	जो कोई अनादर पूर्वक भी किसी से अध्यात्मरामायण का श्रवण करता है, वह भी पातकों से मुक्त हो जाता है ॥	जो पुरुष अपनी इच्छा के अनुसार अध्यात्मरामायण का मान-सम्मान करता हुआ इसके विपरीत वचन सुनता है, वह भी पाप से मुक्त हो जाता है ॥
5	हम दोनों बालक का नाम जानते हैं।	हम दोनों बालक का नाम जानते हैं।
16	अर्थात् सत्य की ही विजय होती है, असत्य की नहीं तात्पर्य यह है कि उस ब्रह्म की प्राप्ति में सत्य की प्रतिष्ठा होनी चाहिये, क्योंकि यह ब्रह्म को प्राप्त करने का महत्वपूर्ण साधन है। इस संसार में अन्य कार्यों में भी सत्य की ही विजय होती है। मिथ्या भाषण, कपट आदि का सहारा लेने वालों को दुःख और निराशा ही हाथ लगती हैं। अतएव बुद्धिमान प्राणी सत्य भाषण और सदाचार को ही अपनाते हैं, झूठ को नहीं । ऐसे लोग जिनकी वासना सर्वथा समाप्त हो गई है, जिस मार्ग से वहाँ पहुँचते हैं, उस मार्ग में सत्य पूर्णाधार ब्रह्म स्थित हैं उस परमब्रह्म को प्राप्त करने का एकमात्र विकल्प सत्य ही है।	सत्य की ही विजय होती है, असत्य के मार्ग में चलने वाला दुष्ट स्वर्गदूत भी विजय प्राप्त करता है और अशुभ इच्छाओं को दूर करने वाला दुष्टात्मा जहाँ जाता है, वहाँ वह सत्य का परम आश्रय होता है।
14	श्रीभगवान् ने कहा -- हे पाण्डव ! (ज्ञानी पुरुष) प्रकाश, प्रवृत्ति और मोह के प्रवृत्त होने पर भी उनका द्वेष नहीं करता तथा निवृत्त होने पर उनकी आकांक्षा नहीं करता है।।	श्रीभगवान् ने कहा -- हे पाण्डव ! मोह और प्रवृत्ति को न तो तुम द्वेष करते हो, न प्रवृत्त और न निवृत्त की इच्छा करते हो।
10	जब वह पाठशाला नहीं जाता, तब बाग़ भी नहीं जाता।	जब वह पाठशाला नहीं जाता, तब बगीचे भी नहीं जाता।
3	वर्तमान सरकार ने जल का उपकार किया है।	वर्तमान सरकार ने डैम किया है
4	मुझे आप से बहुत आशा थी ।	बहुत समय तक आपके इन्तजार में था।
20	मैं विष्णु हूँ, मैं रुद्र हूँ, मैं वरुण हूँ, मैं यम हूँ, मैं चंद्र हूँ, मैं सूर्य हूँ इस प्रकार बोलने वाले बहुत से मलतालु और माली सबको धमकाते हैं।	मैं विष्णु हूँ मैं रुद्र हूँ मैं वरुण हूँ मैं यम हूँ मैं चन्द्र हूँ मैं सूर्य हूँ यह कहते हुए मालावान और सुमाली सबको बाधित करती हैं।
11	यह कहकर शीघ्र मुनियों के साथ अगस्त्य मुनि उठकर स्वयं श्रीरामचन्द्रजी के पास आये और उनसे अत्यन्त भक्तिपूर्वक बोले	यह कह कर मुनियों के साथ वह शीघ्र ही उठकर भक्तिपूर्वक श्रीरामचन्द्रजी के पास गया और उनसे बोला ॥
1	नगरी का नाम	अवन्ती
8	यह युद्ध सैकड़ों वर्षाों का नहीं है, यह लाखों रामभक्तों का बलिदान है।	यह युद्ध सौ वर्षाओं का नहीं है, यह लक्ष्मण राम भक्तों का बलिदान है।
3	वह केवल लिखता है	वह केवल लिखता है
1	परिशीलन करना	परिशीलन
8	पूरे दिन तक (भर) सोता हुआ यह कैसे हमारी रक्षा करेगा।	पूरा दिन सोते हुए ये हम लोगों की कैसे रक्षा करेंगे?
5	सबल बनें , सफल बनें।	सबल हो जाएँ और सफल हो जाएँ।
5	उसके चेहरे पर स्मित देख रहा हूँ	उसके चेहरे पर स्मित देख रहा हूँ
4	रमा चन्द्रमा देखती है।	रमणीय चन्द्रमा को देखा जा रहा है।
3	ग्वाला दूध लाता है।	गोपाल दूध लाता है।
7	रात में फटे दूध में गुड मिलाकर मैंने खा लिया।	रात में दूध के टुकड़े में गुड़ मिला कर मैंने खाया।
4	गौ को खेत से निकाल दो।	गाय को खेत से छानो ।
6	और हे भारत ! तमोगुण को अज्ञान से उत्पन्न जानो; जो समस्त देहधारियों (जीवों) को मोहित करने वाला है। वह प्रमाद, आलस्य और निद्रा के द्वारा जीव को बांधता है।।	हे भारत ! तुम ही समस्त प्राणियों का ज्ञानरूप मोहन हो। तुम प्रमादलों की निद्रा से उन्हें बाँधते हो।।
7	सभा में राज्यों के विधानसभा चुनावों के बारे में भी चर्चा हुई।	सभा में राज्यों के विधानसभा चुनाव के बारे में भी चर्चा हुई।
12	और रथ के पहियों के निशान को देखते हुए वह सभी अयोध्यापुरी में लौट आये तथा प्रतिदिन हहय में राम और सीता का ध्यान करते हुए वहाँ रहने लगे ॥	रथ पर चढ़ा हुआ रास्ता देखते हुए तुम्हारे आगे चलो और तुम्हारे हृदय में स्थित श्रीरामचन्द्रजी का ध्यान करते हुए तुम्हारे चरणारविन्दों की स्तुति करो ॥
10	परन्तु तत्त्वज्ञानी पुरुष सभी रूपों में केवल तुम ही देखते है'यह अच्छा है।	परन्तु तत्त्वज्ञ पुरुष सभी रूपों में केवल तुमको ही देखता है' यह अच्छा है।
9	चित्रोतलंम से पहले चलचित्र के तारकवर्ग के विषय पर निरन्तर वार्ता होती है।	चित्रोतलंघन से पहले चलचित्र के तारकवर्ग के बारे में लगातार समाचार आते हैं।
9	वास्तव में विपक्षी दल के सदस्य गोमय को लेकर विधानसभा परिसर में पहुंचे थे।	वास्तव में विपक्षी दल के सदस्य गोमय को लेकर विधानसभा परिसर में पहुंचे थे।
8	विभा - "रेल से उतर रहा है" ऐसे बोलो ।	विभा - "रेल से उतर रहा है" ऐसा बोलो ।
6	वे सभी धर्मशाला में रहेंगे।	वे सभी धर्मशाला में रहेंगे।
9	मैं क्या करूँ ? आज विचार ही उत्पन्न नहीं हो रहे हैं ।	मैं - क्या करूँ ? आज विचार नहीं आ रहे हैं।
14	उद्योग मंत्री हर्षवर्धन चौहान ने कहा कि राज्य सरकार द्वारा राज्य में औद्योगिकीकरण को बढ़ावा देने के लिए निवेश अनुकूल वातावरण बनाने के लिए महत्वाकांक्षी पहल की गई हैं।	उद्योग मंत्री हर्षवर्धन चौहान ने कहा कि राज्य सरकार राज्य में औद्योगिकीकरण के संवर्धन के लिए निवेशक अनुकूल वातावरण बनाने के लिए महत्वाकांक्षी पहल कर रही है।
8	वे बोलते हैं – तिल के लड्डू खाओ, मीठा मीठा बोलो..!!	वे बोलते हैं  तिल के लड्डू खाओ, मीठे मीठे बोलो..!!
3	मोहन चटाई पर बैठा है |	मोहन कुर्सी पर बैठता है।
7	हालांकि तीन साल के समय का आवंटन बढ़ाकर किया गया।	हालाँकि, यह तीन साल की समय सीमा को बढ़ाकर किया गया है।
6	दिल्ली के उपमुख्यमंत्री मनीष सिसोयी को फरवरी में गिरफ्तार किया गया है.	दिल्ली के उपमुख्यमंत्री मनीष मोदी को फरवरी में गिरफ्तार किया गया था।
6	अभियुक्त शिक्षक को ग्रहण करने के लिये पुलिस बल व्यस्त है।	अभियुक्त शिक्षक को लेने के लिए पुलिस बल व्यस्त है।
4	पुत्र की पत्नी बहू ।	पुत्र की पत्नी बहू ।
4	इस खेत में क्या बोते हैं।	इस में क्या बो रहे हो !
6	इस प्रकार, 1,200 लड़कियाँ जहरीली गैस के प्रयोग से पीड़ित हुईं।	इस प्रकार, 1,200 बालिकाएँ जहरीली गैस के इस्तेमाल से पीड़ित हुईं।
6	मेरे घर पीतल की थाली है	मेरे घर पीतल की थाली है
7	उचित अनुचित का विचार कर के ही कर्म करना चाहिये।	उचित अनुचित का विचार करके ही कार्य करना चाहिये
12	क्रिकेट जगत में केवल वर्षों तक स्वर्ण युग मुजफ्फरपुर रहा है उसी प्रकार पूरा बिहार गौरवपूर्ण है।	क्रिकेट जगत केवल वर्षों तक मुजफ्फरपुर का स्वर्ण युग है उसी प्रकार पूरा बिहार गौरवपूर्ण है।
8	नए नियमों में उन्मत्त लोगों की हत्या के संदर्भ में मृत्युदंड की व्यवस्था की गई है।	नए नियमों में उन्मत्त लोगों की समूह हत्या के संदर्भ में मौत की सजा की व्यवस्था है।
18	राष्ट्रपति भवन में पूर्व राष्ट्रपति प्रणबमुखर्जी के लिए राष्ट्रपति ने द्रौपदी मुर्मू को राष्ट्रपति भवन में पुष्पञ्जालि दी कि वह समाचार अनुसार इस फिल्म की कथा लिख रही हैं।	समाचार के अनुसार, निधि दी गई इस फिल्म की पटकथा राष्ट्रपति पद के अधीन द्रौपदी मुर्मू ने राष्ट्रपति भवन में पूर्व राष्ट्रपति प्रणबमुखर्जी को जयंती पर पुष्पञ्जलि अर्पित की।
21	प्लवगोत्तम हनुमान् तब सीता का सौम्य मुख देखकर राम के सभी वचनों को सुनने लगे हे देवी ! ससुग्रीव सलक्ष्मण जी शत्रुओं का नाश करने वाली राम कुशल है।	प्लवगोतम हनुमान ने तब सीता का सौम्य मुख देखकर राम के सारे वचन को कहने शुरू किया हे देवि ! सुसुग्रीव सलक्ष्मण शत्रुविजयी राम कुशल हैं।
1	पदध्वनि सुनी गई।	पैरों की ध्वनि सुना जाता है
9	जो मन परिसर को सुगन्धित करता है उसका नाम परिमल है।	जो मन और परिसर को सुगन्धित करता है वह सुगंध परिमल कहा जाता है।
5	अतिथि बहुत समय तक घर में रुका	अतिथि बहुत देर तक घर में रहा।
15	सबका प्रेम से व्यवहार करो और सबको प्रेम प्राप्त करो यह पुनर्जन्म नहीं है इसलिये तुम किसी भी कारण से कष्ट न करो।	सबका प्रेम करो सबका प्रेम प्राप्त करो यह पुनर्जन्म नहीं है अकारण कुछ कष्ट मत करो।
4	मैं जल्दी स्वस्थ हो जाऊँगा	मैं शीघ्र ही स्वस्थ हो जाऊँगा।
8	जयश्रीराम के नारे और गीता के साथ रहने के कारण सब जगह आनन्द है।	जयश्रीराम के नारा और गीत संगीत के कारण सब जगह आनंद है।
2	हे मुनि	हे मुनि ।
4	अभी मैं भुजं जाता हूँ।	अभी मैं भुजं जाता हूँ।
20	पिता जिस रास्ते से गये, उसने दादा के रास्ते को अनुसरण किया, उसी रास्ते से प्रत्येक व्यक्ति को चलाना चाहिए, यह कुल का पारंपरिक नियम है।	पिता जिस रास्ते से गए, पितामह के रास्ते से ही उन्होंने अनुसरण किया, उस कुल का पारंपरिक नियम है कि उसी रास्ते से प्रत्येक व्यक्ति शुरू करे।
6	किसी प्रकार उसने अपने पात्र को घर के अंदर ले लिया।	किसी प्रकार अपने पोते को घर के अन्दर ले गया।
1	वे दो	वे दोनों
5	मेरे पर्स में पाउडर नहीं है ।	मेरे पर्स में सुगंध नहीं है
9	ओह , आप रात में संस्कृत में ही सपना देखते हैं	ओह , आप रात को संस्कृत में ही सपना देखते हैं
5	कौरवपाण्डव के युद्ध के बाद भी संस्कृत थी।	कौरवपाण्डव के युद्ध के बाद भी संस्कृत थी।
3	मत जाओ ।	मत जाओ।
8	अतिथियों का स्वागत प्रांतमंत्री डॉ. चंद्रप्रकाश ने किया।	अतिथियों का स्वागत प्रांत मंत्री डॉ. चंद्रप्रकाश उप्रेती ने किया।
4	वर्षा की प्रतीक्षा कर रहे हैं	वर्षा की प्रतीक्षा कर रहे हैं।
10	विद्वान कहते हैं की शिक्षा, व्याकरण, छन्द, निरुक्त, ज्योतिष, कल्प वेदों के छः अंग होते है।	शिक्षा, व्याकरण, छंद और ज्योतिष इन सबको अच्छी प्रकार जानो, यह सब वेदोंके ज्ञाताजन ही हैं, जो ज्ञानको नहीं जानते
12	वह गुरुकुल है? गुरुकुल जिसमें हम लोग पढ़े थे, मैं और हरिराम, अब वह नहीं है।	गुरुकुल वह है? जिस गुरुकुल में मैं और हरिरामान्तेवास थे, वह तो अब नहीं है।
3	वह मुझसे पूछता है।	वह मुझसे पूछता है।
7	वह फूल जब कच्चा होता है तब काटा जाता है।	वह फूल जब कच्चा होता है तब काटता है।
4	देवर भाभी के चरण छूता है।	देवर भाभीजी के चरण छूता है
7	कोई भी जिज्ञासु में प्रवेश पा सकता है।	कोई भी जिज्ञासु उसमें प्रवेश पा सकता है।
5	दादा पौत्र को पत्र लिखाता है।	दादाजी पोते को पत्र लिख रहे हैं
1	कहां से	किस कारण
1	कमण्डलु	मटकी
4	तुम सबके द्वारा दान दिया जाय ।	तुम सब के द्वारा दान दिया जाए।
10	वह सीता मैथिली, वैदेही, द्रौपदी, पाञ्चाली, येज्ञसेनी इत्यादि अनेक नामों से विख्यात हैं।	वह सीता मैथिली, वैदेही, द्रौपदी पाँचवाली, याज्ञसेनी इत्यादि के नाम से जानी जाती है।
6	अतिअहिंसावाद के कारण लोग कायर बन रहे थे।	अतिअहिंसावाद के कारण लोग कायर हो रहे थे।
5	श्ज इसके मरने का समय आया ऊपर को श्वास के चलने से।	इस भक्त के मरने का समय आ गया है, उठो और बैठो।
8	पर्यटकों ने अपने मोबाइल फोन से महानाटमी को पकड़ कर स्वभाव चित्र लिया।	पर्यटकों ने अपने मोबाइल पर महानाती को लेकर स्वभाव की तस्वीरें लीं।
1	निर्माण करते हैं	निर्माण करते हैं
1	निन्दा	निन्दा
11	भारत ने महिला ट्वेंटी-20 एशिया कप के फाइनल में श्रीलंका को हराकर सातवीं बार खिताब जीता।	वन के बीस-20वें एशिया कप क्रिकेट टूर्नामेंट के फाइनल में भारत ने सातवीं बार श्रीलंका को हराया है।
20	पूर्व मंत्री प्रकाशचौधरी ने गुरुवार शाम को सोशल मीडिया पर इस जानकारी का प्रसार किया, इसके बाद शुक्रवार सुबह उसके घर में कार्यकर्त्ताओं का समागम हुआ।	पूर्व मंत्री प्रकाशचौधरी ने गुरुवार शाम को सोशल मीडिया पर यह सूचना प्रसारित की, इसके बाद शुक्रवार सुबह उनके घर में कार्यकर्त्ताओं का एक समूह एकत्रित हुआ।
13	पिछले तीन दिनों से राजौरी और पुंछ के सीमावर्ती जिलों में फोन- इंटरनेट-सेबें लग गई हैं.	राजौरीपुंछ के सीमावर्ती जिलों में पिछले तीन दिनों से फोन-इंटरनेट-सेवाएं बंद कर दी गई हैं।
19	इसलिये यदि तुम मेरे गुणों को याद करते हो तो जब तक मेरा शत्रु नहीं आता, जल्दी से मेरी रथ ले जाइये और युद्ध के मैदान में जाइये।	इसलिये यदि तुम मेरे गुणों को याद करते हो तो जब तक मेरा शत्रु नहीं जाता तब तक शीघ्र ही मेरा रथ लेकर रणक्षेत्र को जाओ।
8	ऋषियों के द्वारा वेद मंत्रों की व्याख्या, समीक्षा और भाष्य किया जाता था।	ऋषियों द्वारा वेदमन्त्रों की व्याख्या, समीक्षा और भाष्य की जाती थी।
9	उसी क्रम में और बीच में स्नातक पद और स्नातकोत्तर उपाधि प्राप्त हुए।	उसी क्रम में और बीच में स्नातकपद और स्नातकोत्तरपद को प्राप्त किया।
16	लघुपतनक बोले मैंने सब सुन लिया है। फिर भी मेरा इतना निश्चय है कि तुम्हारे साथ मित्रता अवश्य करूँगा, नहीं तो अनशन द्वारा (भोजन न करके) अपने आप को समाप्त कर डालूँगा। जैसा कि -	लघुपतनक बोला मैंने सब सुन लिया किन्तु आज मेरा संकल्प है कि तुम्हारे साथ सद्भाव अवश्य करना चाहिए, नहीं तो में इस अपहरण से अपने आपको मार दूंगा क्योंकि
14	राज्य के नए पुलिस महानिदेशक कौन बनेंगे, यह माना गया था कि निर्णय मंगलवार शाम तक कर लिया जा सकता है।	राज्य का नया पुलिस अधिकारी कौन होगा, यह निर्णय मंगलवार शाम तक किया जा सकता था।
1	दानकर्ता	मित्रता
7	लेकिन अभी तक किसी ने जिम्मेदारी नहीं ली है.	लेकिन अब तक किसी ने भी उसकी जिम्मेदारी नहीं ली है।
3	फिर कब मिलेंगे।	हम पुनः कब मिलेंगे?
6	वहाँ प्रातः और सायं यज्ञ होता है।	वहाँ प्रातः और सायं यज्ञ होता है।
6	पेंसिल छील कर वह सुंदर चित्र बनाता है।	पेंसिल छील कर वह सुंदर चित्र बनाता है।
11	विश्वविद्यालयपक्ष से आचार्य राजेश शर्मा, डॉ. राकेश कुमार शर्मा उपस्थित थे।	विश्वविद्यालय पक्ष से आचार्य राजेश शर्मा और डॉ. राकेश कुमार शर्मा उपस्थित थे।
13	हे मित्र ! तुमने मुझे पूजा है, मेरा कर्तव्य और कर्म भी समाप्त हो गया।	हे मित्र ! तुम से मैं पूजित हूँ, मेरा कर्तव्य भी समाप्त हो गया।
17	कार्यक्रम में राज्य चुनाव के लिए चंद्रशेखरभट्ट, चुनाव मंत्री दिलीपवालकर, मुख्य चुनाव अधिकारी डॉ. वी. षणमुगम, अपरमुख्य चुनाव अधिकारी विजय कुमारजोगदंडे और मुख्य शिक्षा अधिकारी श्री दशेशचंद्र गौड़ आदि अधिकारी उपस्थित थे।	कार्यक्रम में राज्य चुनाव के अधिकारी चंद्रशेखरभट्ट, चुनाव मंत्री दिलीपजवालकर, मुख्य चुनाव अधिकारी डॉवी. शंगम, उपमुख्य चुनाव अधिकारी विजय कुमार जोगदंडे, मुख्य शिक्षा अधिकारी श्रीदिनेश चंद्रगौड़ और अन्य अधिकारी उपस्थित थे।
10	श्रीकण्ठ बोला—”मित्र! तुम्हारे वचनों को सुनकर मेरे मन में बहुत प्रसन्नता हुई।	श्रीकण्ठ बोलामित्र! तुम्हारे वचनों को सुनकर मेरे मन में बहुत प्रसन्नता हुई।
3	मन्दिर में नगाड़ा ज़ोर से ध्वनि कर रहा है।	मंदिर में ऊँचा ऊँचा आवाज करता है।
6	तो शीघ्र स्नान करते हैं क्या ?	तो जल्दी से स्नान किया जाता है न ?
18	प्रधानमंत्री नरेंद्र मोदी''मन की बात''नाम नामक मासिक रेडियो कार्यक्रम में उन्होंने कहा कि सभी जिलों में महिलाओं को ताकत मिली है.	प्रधानमंत्री नरेंद्र मोदी का''मन की बात''नाम मासिक रेडियो कार्यक्रम में उन्होंने कहा कि सभी जिलों में महिलाओं को शक्ति प्राप्त हो रही है।
10	तुम एकमात्र सत्यस्वरूप हो, सबका आधार हो, कुछ भी स्वयं निराधार हो ।	तुम एकमात्र सत्यस्वरूप हो, सबका आधार हो, और कुछ स्वयं निराधार हो।
10	श्री वसिष्ठजी एक केरल के त्रिशिवापुर जिले के इरिंगंगालकुटास में माधवगणित केंद्र द्वारा आयोजित एक बैठक में याद कर रहे हैं।	वह राष्ट्रीय गणित दिवस के रूप में केरल के तृशिवपुर जिले के इरिङ्गालकोटा में माधव गणित केंद्र द्वारा आयोजित एक बैठक में इरिङगाटपल्ली मंदिर में याद कर रहे हैं।
1	हुआ हुआ	उत्पन्न हुआ
4	विजिलेन्स के बारे में व्याख्यान सुन रहा हू	सतर्कता के विषय पर व्याख्यान सुनता हूँ ।
8	मैं पहले समझता था कि मैं ही शक्तिशाली हूँ।	मैं पहले मानता था कि मैं ही शक्तिशाली हूँ
16	यह मन प्रखर ज्ञान से सम्पन्न, चेतनशील तथा धैर्य-सम्पन्न हैं समस्त प्राणियों के अन्तःकरण में अमर प्रकाश ज्योति स्वरूप है जिस के बिना कोई भी कर्म सम्पादन सम्भव नहीं है ऐसा मेरा वह मन श्रेष्ठ कल्याणकारी संकल्पों से युक्त हो।	हे शिव ! समस्त प्राणियों में जो बुद्धि और मन अज्ञानी (ज्ञानी) है, बुद्धि और धैर्य संयत है, वह यज्ञ के दोनों पात्रों के मध्य अमृत है और जिसके हाथ से कोई भी कर्म निष्फल नहीं किया जा सकता, वह मेरा मन कल्याणकारी कार्य करे।
10	बाद में दिसंबर में राज्य में व्यापक पेटी को कार्यान्वित करने के लिए मार्ग दर्शक तैयार हो जायेंगे।	इसके बाद दिसंबर में राज्य में सार्वजनिक पेटी को कार्यान्वित करने के लिए मार्ग दर्शक जारी किए जाएंगे।
6	यह सूत्रग्रन्थ शाकटायन शब्दानुशासन नामक ग्रंथ द्वारा रचित है।	इसकी सूत्रग्रन्थ शाकटायन द्वारा रचित शाकटीयन शब्दावली है।
6	विमान को बिना किसी क्षति के ज़मीन पर उतारा गया।	बिना किसी नुकसान के विमान को जमीन पर उतारा गया
8	मानव विकास समिति के अध्यक्ष और कुलदीप पाठक सदस्य बनेंगे।	मानव विकास समिति के अध्यक्ष एवं कुलदीप पाठक सदस्य बनेंगे।
11	फिर विश्वविद्यालय का कुलगीत प्रस्तुत किया गया उद्घाटन सत्र में मुख्य अतिथि के रूप में राज्य के उच्च शिक्षा मंत्री डॉ. अरुण जेटली उपस्थित थेश्री मोहन यादव उपस्थित थे।	इसके बाद विश्वविद्यालय का गान किया गया। उद्घाटन सत्र में प्रदेश के उच्च शिक्षा मंत्री डॉ. मोहन यादव मुख्य अतिथि के रूप में उपस्थित थे।
3	उसके बाद बीज बोउँगा ।	उसके बाद बीज बोऊँगा।
5	कोई भी व्यक्ति जिस भी पुस्तक को माँगता है।	जो कोई भी जिसकी भी पुस्तक माँगता है।
1	मेरी प्रसन्नता के कर्म अर्थात् श्रवण, कीर्तन।	परम धर्मात्मा
15	उन्होंने कहा कि इसके साथ सरकार द्वारा बर्फ में लोगों को चिकित्सा उपलब्ध कराने का भीनिश्चय किया जाना चाहिए।	उन्होंने कहा कि सरकार के साथ हिमालय में लोगों को चिकित्सा प्राप्त करना भी सुनिश्चित करना चाहिए।
19	कैबिनेट ने कंगड़ा जिले की जिला स्तरीय चूंजसल्याना, लिदबारमेला, यूना जिले की हरोलली-बताया गया है कि बिलासपुर जिले के  घुमरवी क्षेत्र में ग्रीष्म उत्सव की राज्य स्तरीय मेले में उठाने के लिए मंजूरी दी गई है।	मंत्रिमण्डल ने कांगड़ा जिले के जिला स्तरीय छींके से, लिदबारमेला, ऊना जिले का हरोली- उत्सव और बिलासपुर जीले के घुमरवी क्षेत्र के ग्रीष्म उत्सव को राज्य स्तरीय मेला के रूप में बढ़ावा देने को मंजूरी दी है।
6	तब वैदिक संस्कृति का सब जगह चलन था।	तब वैदिक संस्कृति का सब जगह प्रचलन था।
6	आज वे अपने अपने संस्कृत शिक्षक को याद कर रहे हैं।	आज वे अपने संस्कृत शिक्षक को याद कर रहे हैं।
1	किन सबका	काशी का
6	शालिसा धाम्या ने भारतीय वायुसेना में नया करियर बनाया है।	भारतीय वायुसेना में ालिसा धाम्या ने नया चरित्र आरम्भ किया।
2	आप हैं ।	आप हैं ।
12	तुम मेरे पुत्र हो !! तुम्हारे पिताजी ने नहीं रोया, तुम पुत्र नहीं बन गये हो।	तुम मेरे पुत्र हो !! तुम्हारे पिता अधीर नहीं हैं और तुम सुत्कुल में उत्पन्न नहीं हुए हो।
4	उपदेश आज कहाँ है?	आज दीक्षा कहाँ है?
7	वह कैसे अभ्यास करती है , देखिये ।	वह कैसे अभ्यास करती है , देखिये ।
10	मुख्यमंत्री ने कहा कि बिजली महान देव-रोपवे-निर्माण के लिए केंद्र-राज्य सरकारों के बीच ज्ञापन पर हस्ताक्षर किए गए।	मुख्यमंत्री ने कहा कि बिजली महादेव-रोपवे-निर्माण के लिए केंद्र-राज्य सरकार के बीच ज्ञापन पर हस्ताक्षर किए गए।
8	पिछले एक वर्ष सरकार ने तीन प्रतिज्ञा पूरी कर ली हैं।	पिछले एक वर्ष में सरकार ने तीन प्रतिज्ञा पूरी की हैं।
7	भिक्षुक प्रत्येक व्यक्ति के सामने दीन वचन मत कहो।	भिक्षुक प्रत्येक व्यक्ति के सामने दीन वचन मत बोलो।
7	फिर द्विभाषीता, त्रिभाषा बोलने के विषय में कुछ छोटे-बड़े-कोषों का निर्माण किया गया।	बाद में द्विभाषीता, त्रिभाषीवाद के विषय में कुछ छोटे-बड़े-कोश बने।
4	मेरे द्वारा कुछ भी नहीं लिखा गया।	मेरे द्वारा कुछ भी नहीं लिखा गया
5	किसान जाड़े में भी काम करता है।	किसान सर्दियों में भी काम करता है
9	उसकी नाक के बाहर दो आँखों को रोशन करती हुई एक तस्वीर और हल्की सी मुस्कुराती हुई लिपस्टिक दिखाई दी	नासा ने सामने दो आंखें और मन्दहास्यधर पल्लव का एक खुलासा किया है।
6	वह निर्धनों से अधिक मूल्य नहीं लेता है।	वह निर्धनों से अधिक मूल्य नहीं लेता है।
3	हम दोनों यज्ञ करते हैं ।	हम दोनों यज्ञ कर रहे हैं।
4	कुत्तों को दूर भगाता है	कुत्तों को दूर हिलाता है ।
11	श्री मोदी ने गुजरात के राजधानी गांधीनगर में यह कहना आरम्भ किया-इसके दूसरा संस्कार-समारोह में उन्होंने कहा।	श्रीमोदी जी यह बात गुजरात की राजधानी गांधीनगर में"इंफिनिटी फोरम''इसे दूसरे संस्कार समारोह में बोले।
4	शारीरिक शिक्षकों के लिए नियुक्त किया गया प्राधान दिया जाता है।	शारीरिक शिक्षकों को नियुक्त करने में रुचि दी जाती है।
6	हालांकि, इस आमोद-प्रमोद के श्रीकृष्ण जन्मभूमि सेवा संघ को तोड़ दिया गया।	फिर भी, इस साहमति के श्रीकृष्ण जन्मभूमि सेवा के टुकड़े टूट गए।
14	भारतीय-उद्योग-दूतावास, अनेक मंत्रालय, साहित्यिक-कादमी और शैक्षणिक संस्थानों में व्याख्यान के लिए डाॅ कविता भट्ट लगातार आमंत्रित की जाती है।	भारतीय-उच्चयोग-दूतावास, अनेक मंत्रालयों, साहित्यिक-अकादमी और शैक्षणिक संस्थानों इत्यादि में व्याख्यान के लिए डॉ. कविता भट्ट को लगातार आमंत्रित किया जाता है।
4	तुम सब ने लौकी का हलुआ पकाया।	तुम सब ने लौकी का हलुआ पकाया है।
6	आपको यज्ञका शिर जोडना चाहिये ॥	इस यज्ञ में शिर झुकाकर भागना चाहिये ॥
1	धमनी	सिर
4	प्रतिभावान छात्र दिवंगत हो गए।	प्रतिभाशाली छात्र दिवंगत हो गए।
10	ब्राह्मण अतिथि अग्नि का सदृश घर में प्रवेश करता है। उसकी इस प्रकार से (चरण धोने हेतु जल देकर) शान्ति करते हैं। हे यम जल ले जाइये।	सत्य ही ऐसा है कि सारे संसार में प्रवेशी अतिथि (प्रवेश करने वाले) ब्राह्मणों के घर घुस जाते हैं और उनके घरों में ही (सदा) शान्ति उत्पन्न करते हैं
4	बच्ची वृद्धा को पानी देती है।	बच्ची वृद्धा को पानी देती है।
3	ये दोनों का अभिप्राय समान है।	दोनों का मत समान है।
5	शाम को छः बजे वह भोजन करता है ।	शाम छः बजे वह भोजन करता है ।
8	जो जो मैं बोलती हूँ वो वो तुम बनाओ ।	माँ जो जो मैं बोलती हूँ वो वही रच लो।
4	प्रतिदिन आपके पाठ पढ़ता हूँ।	हर रोज तुम्हारे पाठ पढ़ता हूँ।
6	पहले रणधीर शर्मा ने चर्चा में भाग लिया।	सबसे पहले रणधीर शर्मा ने चर्चा में भाग लिया।
1	रास्ता ।	तालाब
5	मामलों का विषय गोपनीय था.	मामले की सुनवाई गोपनीय रूप से हुई.
10	1 दिसंबर को इस फिल्म की विज्ञापन बुक प्रदर्शित होगी, ऐसा कहा गया था।	कहा जाता था कि इस फिल्म की विज्ञापन बुक दिसंबर के पहले सप्ताह प्रदर्शित होगी।
11	प्रधानमंत्री ने कहा कि भारत के विदेशियों के भाषा शिक्षण क्षेत्रों में श्रीराव गुरु का योगदान बहुपक्षीय है।	प्रधानमंत्री ने कहा कि भारत की विदेश नीति और भाषा शिक्षा के क्षेत्रों में श्रीराव गुरु का योगदान बहुपक्षीय है।
8	संसार में सर्वोच्व सत्ता ब्रह्म है जिसने प्रत्येक वस्तु को वश में कर दिया है।	जगत् में सर्वात्मा ब्रह्म है जिसके द्वारा प्रत्येक वस्तु का परिणय होता है।
8	मंगलवार को मुख्यमंत्री अखिलेश जी पाठक के बारे में नाराज हुए।	मंगलवार को मुख्यमंत्री अखिलेश पाठक पर गुस्सा आया।
1	प्रवाह	बाढ़
9	जो प्राणी अहंकार रहित, शान्त स्वभाव, रागद्वेष रहित, मृतपिण्ड पाषाण और सुवर्ण में समदृष्टि है, जो प्राणी आप में मन और बुद्धि रखकर सदा सन्तुष्ट रहता है तथा अपना सम्पर्ण कर्म आपको समर्पण करता है, उसका मन आपका शुभ घर है ॥	जो निरहंकार, शान्त, रागद्वेष रहित और समलोचनीय हैं, उनके हृदय में तुम्हारा निवास है
7	वर्ष 1977 में उनका नाम मैंने सुना था।	सत्ताईसवें वर्ष में मैंने उसका नाम सुना।
10	वहां आदि महाविद्यालय के छात्रों ने वैदिक मंगलाचरण किया, सरस्वती वंदना भी की गई।	वहाँ आदी कॉलेज के छात्रों ने वैदिक मंगलाचरण और सरस्वती वन्दना की।
2	मैं ले जाती हूँ।	मैं ले जाता हूँ
7	उस लड़के को देख कि वह क्या कर रहा है।	उस लड़के को देखो, वह क्या करता है।
1	स्वशासन'	अपने राज्य में
7	इस प्रकार सुविज्ञ होकर हनुमान भीम के मार्ग पर जाकर सो गया।	इसी प्रकार समझकर हनुमान भीम के रास्ते में जाकर सो गया।
5	नए घर में रसोई बड़ी है।	नए घर में रसोई विशाल है।
1	गुस्सा करनेवाला	भयंकर
5	वह खड़े होकर भोजन नहीं पकाती है।	वह उठकर भोजन नहीं बना रही है।
8	जिनको मनुष्य चलाते हैं वे छोटी  नौका और जो बड़ी होती हैं वे वायु आदि से चलाई जाती हैं उन के अश्वतरी और श्यामकर्श्व श्दि नाम हैं।	जो पुरुष घूमते हैं वे दुस्से, यमराजों के द्वारा घूमे जाते हैं वे अश्वतरी और श्यामचारी हैं।
13	मुख्यमंत्री के समक्ष सूची भी दी गई, लेकिन आज तक इस मामले में कोई पद नहीं लिया गया है.	मुख्यमंत्री के समक्ष सूची भी दी गई, लेकिन आज तक इस मुद्दे पर कोई भी कदम नहीं लिया गया है।
8	संजय ने कहा -- इस प्रकार मैंने भगवान् वासुदेव और महात्मा अर्जुन के इस अद्भुत और रोमान्चक संवाद का वर्णन किया।।	संजय ने कहा -- हे महात्मान ! मैं वासुदेव और पार्थ का अद्भुत संवाद सुन चुका हूँ।
8	कभी भी भारत की संस्कृति का नाश नहीं होगा।	कभी भी भारत की संस्कृति का नाश नहीं होगा।
1	आजकल	अभी
3	पाचिका वड़े तल रही है।	पाचवा कमलों को तलती है।
8	बहुत मिर्च है ? मिर्च से क्या कर रही हो ?	बहुत मिर्चें हैं न ? मिर्च से क्या होता है ?
13	आग पर काबू पा लिए जाने के बाद आस-पास के इलाकों में स्कूलों को बंद कर दिया गया, लेकिन जहरीले धुएं के उत्सर्जन से होने वाली बीमारियाँ कम नहीं हुईं।	आग को नियंत्रित करने के प्रयासों पर भी जहरीली धुएं के प्रसार से होने वाली बीमारियों को शांत नहीं किया जा सका, इसलिए निकटवर्ती स्कूलों में बंद घोषित कर दिया गया है।
6	आप काम कब करेंगे ?	आप काम कब करेंगे ?
5	यह चित्र किसी पाठशाला का है।	यह चित्र किसी पाठशाला में है।
6	संसार के रूप में समुद्र में नौका के रूप में सुरक्षक तुम ही हो ।	समुद्र में नौका रूप और सुरक्षक आप ही विश्व के रक्षक हैं।
3	वह मुझसे पूछता है।	वह मुझसे पूछता है।
3	संन्यासिनः अपि।	संन्यास लेने वाले को भी कठोर वचनों से रोकते हो
14	महाोदर, विरूपाक्ष, प्रह्लाद, दुर्धर्ष, देवेन्द्र, मानवेन्द्र, त्रिशिराक्ष और धूम्रक्ष का अतिक्रमण करने पर आप इन्द्रजित की किसलिए प्रशंसा करते हैं?	आप इन्द्रजित की किसलिए स्तुति करते हैं, जो बड़े-बड़े शत्रुओं का, प्रह्लाद दुर्बल देवताओं का, निरन्तक नरों का, त्रिशिराओं का तथा धूम राक्षसों का अतिक्रमण करते हैं?
6	क्षेत्र में सैटेलाइट सर्वेक्षण के बाद ही लोगों को सुरक्षित स्थान पर ले जाया गया।	क्षेत्र में उपग्रह सर्वेक्षण के बाद ही लोगों को सुरक्षित स्थान पर ले जाया गया।
4	इसके बाद तपस्या करता हुआ तपोदत्त प्रवेश करता है)	तब तपस्या में लीन तपस्वी पुरुष प्रवेश करता है।
16	हर साल इसी वर्ष मध्य प्रदेश की राजधानी भोपाल में संस्कृति बचाओ का मंच के आश्रय में टूर्नामेंट का आयोजन किया गया।	हर साल की तरह इस वर्ष भी मध्य प्रदेश की राजधानी भोपाल में संस्कृति बचाओ के मंच पर अद्वितीय क्रिकेट प्रतियोगिता का आयोजन किया गया।
1	सफेद बाल	सफेद
11	यदि पुरुष ब्रह्महत्यादि पापों से अपना उद्धार करना चाहता है, तो रामगीता का एक मास तक पाठ करने पर पापों से रहित हो जाता है ॥	जो मनुष्य ब्रह्महत्या आदि पापों को दूर करना चाहता है, केवल रामगीता को महीने भर पढ़कर मुक्त हो जाता है ॥
3	उसने प्रश्न पूछा	उसने प्रश्न पूछा
9	वैभव – अरे परमिन्दर्! क्या तुम भी बिजली के अभाव से पीड़ित होकर बाहर आ गए हो?	वैभव  अरे परमिन्दर् ! क्या तुम भी बिजली के कारण बाहर आ गए हो?
9	उन्हें परसंस्कृति बहुत पसंद है, न स्वसंस्कृति ।	कारण उन लोगों को अधिकतर परसंस्कृति अच्छी लगती है या अपनी? नहीं।
7	संस्कृत सम्वाद नहीं होता है तो सुख अनुभव नहीं करता हूँ।	संस्कृत सम्वाद नहीं होता है तो सुख अनुभव नहीं करता हूँ।
6	तिब्बती समुदाय के लोग अपने घरों की सफाई में व्यस्त हैं।	तिब्बती समुदाय के लोग अपने घरों की सुशोभन में व्यस्त हैं।
8	साथ ही ब्लॉक-जिला-राज्य-स्तरों के अधिक छात्रों ने भी भाग लिया।	साथ ही खंड-जिल्ला-राज्य-स्तरों के अधिक छात्रों ने भी भाग लिया।
7	मध्य प्रदेश में लगभग द्वितीय तृतीयांश बहुमत के साथ भाजपा सत्ताधारण कर रही है।	मध्यप्रदेश में लगभग दो-तीन से अधिक भाजपा सत्ता धारण करती है।
20	जम्मू-कश्मीर का सैन्यबल-महानिदेशक आर.एसआप ने कहा कि 9 दिसंबर को घर लौट रहे मोहम्मद हफीज-चाचा पर आतंकवादी हमलों ने हमला किया.	जम्मू-कश्मीर के सैन्य बल-महानिदेशक आर.आर. स्वाइन ने कहा कि 9 दिसंबर को घर लौटते हुए मोहम्मद हफीज-चैक पर आतंकवादी हमला किया गया.
4	जहाँ कहीं पर भी जाता हूँ	जहां-जहाँ जाऊँ
1	पुत्री	पुत्री
3	कौन पढ़ाता  है ?	कौन पढ़ा रहा है ?
3	निर्देश के अनुसार परिवर्तन करो	निर्देश के अनुसार परिवर्तन करो
7	पोता - यहाँ आवाज़ कभी नहीं होती है ।	पोता -यहाँ शोर कभी नहीं होता ।
9	व्यक्तियों का दृढ़ संकल्प सब कार्य सिद्ध करने में सक्षम है। लोकतन्त्र में कुछ भी हो गया है.	व्यक्ति में दृढ़ संकल्प सब कुछ सिद्ध करने में सामर्थ्य रखता है। लोकतन्त्र में कुछ भी सम्भव है।
6	आज एक बालक का नामकरण कराना था।	आज एक बालक का नामकरण कराना था।
10	संस्कृत भारती के प्रांतीय समन्वय मंत्री गौरव शास्त्री, डॉ. अरविन्दनारायण मिश्र ने संस्कृत भारती ग्रन्थ को लॉन्च करके बधाई दी।	संस्कृत भारती के प्रांतीय संगठन मंत्री गौरव शास्त्री, डॉ. अरविन्दनारायण मिश्र जी ने संस्कृतभारती ग्रन्थ को प्रस्तुत करके बधाई दी।
3	वह उस कुएं में स्नान करता है।	वह उस कुएँ में गाता है।
1	पूजन करते हैं।	यज्ञ करते हैं
3	वह विश्रामघर है।	वह विश्रामालय है।
8	ये वस्तुएँ बनाने में प्रायः एक सप्ताह होता है।	ये वस्तुएँ बनाने में प्रायः 1 सप्ताह लगता है ।
18	जैसे आम आदमी नगर में दुकानों पर अनाज बेचते थे, वैसे ही इस देश के लोग रत्नों, वज्रों कोाशी करके उनका बेचना करते थे।	शहर के बाजारों में जैसे सामान्य व्यापारी धान बेचते थे वैसे ही ये देश के व्यापारी रत्नों को इकट्ठा करके उनका विक्रय करते थे।
4	दोनों पुत्र धन भेजते हैं।	दो पुत्र धन भेजते हैं
9	वहीं बुधवार दोपहर 12 बजे प्रधानमंत्री नरेंद्र मोदी लक्षद्वीप के कवरती पहुंचेंगे.	वहीं बुधवार दोपहर 12 बजे प्रधानमंत्री नरेंद्र मोदी लक्षद्वीप के कवराती पहुंचेंगे।
1	आकाश	जाना
16	वह 75 वर्ष के थे. वह संयुक्त राज्य अमेरिका की एक छोटी यात्रा पूरी करने के बाद मार्च के पहले दिन वापस लौटे''न्यूमोनिया''बुखार के कारण उनका तीन सप्ताह से कोच्चि के एक अस्पताल में इलाज चल रहा था।	वह 75 वर्ष का व्यक्ति था। 1 मार्च को एक छोटी यात्रा के बाद अमेरिका लौटे''न्यूमोनिया''उन्होंने बुखार से तीन सप्ताह तक कोच्चि के एक अस्पताल में देखभाल की।
4	मूत्रके क्षयमें वस्तिस्थान में दरद ( पीडा) और अल्प सूत्र हो ॥	सूत्र क्षीण होने पर थोड़ापन तथा ढीलापन रहता है ॥
4	हाँ! मैं योगाभ्यास करती हूँ।	हाँ, मैं योगाभ्यास करता हूँ।
9	जो प्राणी अहंकार रहित, शान्त स्वभाव, रागद्वेष रहित, मृतपिण्ड पाषाण और सुवर्ण में समदृष्टि है, जो प्राणी आप में मन और बुद्धि रखकर सदा सन्तुष्ट रहता है तथा अपना सम्पर्ण कर्म आपको समर्पण करता है, उसका मन आपका शुभ घर है ॥	जो निरहंकार, शान्त, रागद्वेष रहित और समलोचनीय हैं, उनके हृदय में तुम्हारा निवास है
20	उसी समय अर्जुन गरुड़ शरणागत को धमकाकर पृथिवी पर प्रहार किया गया, जिससे स्वच्छ जलधारा एक बाहर निकल गई और जलधारा भीष्म के मुख पर गिरने लगी।	उसी समय अर्जुन ने गाण्डीव से एक बाण लेकर पृथ्वी पर प्रहार किया जिससे स्वच्छ जलधारा एक बाहर निकली जो जलधारा भीम के मुँह पर गिरने लगी।
9	वहाँ पर अग्नि को स्थापित करने के लिए विधि पूर्वक उसे प्रज्वलित करने के पश्च्यात अनेक रत्नों से विभूषित सीता को साथ लेकर महारानी सहित महाराज जनक जी कमलनयन श्रीरामचन्द्र के पास आये। 'श्रीरामचन्द्र का विधिवत् चरणों को धोकर तथा चरणोदक को उसी प्रकार अपने सर पर धारण किया जैसे शिव ब्रह्मा तथा मुनिजन सदा अपने मस्तक पर धारण करते हैं । ॥	श्रीरामचन्द्रजी ने वहाँ आग रखकर यथाविधि जलाई और अनेक रत्नों से विभूषित सीताजी की शोभा को बढ़ाया।
9	हे पुत्र सुति! स्वप्न के लोक में प्रस्थान करने के लिए चल पड़ो। तालाब में, तुम गीता को सुती के लिए गाता हूँ।	स्वप्न के लोक में जाने के लिए सुत! तल्पक, तुम जाओ, मैं सुत को गीत गा रहा हूँ।
4	उसने (दो) कानों में (एक-एक) भूषण (ज़ेवर) धारण किए।	उसने दोनों कानों में अलंकार धारण किये।
6	एक तो केवल खेल समाचार ही पढ़ता है।	एक तो केवल खेल समाचार पढ़ता है।
4	विविध रंगों के वस्त्र दिखाता है।	विविध रंगों के वस्त्र दिखाता है।
1	मामा	मामा
9	जब बालक बोलना शुरू करता है तब वह मातृभाषा का अनुकरण करता है।	जब बच्चा बात शुरू करता है तब वह मातृभाषा का अनुकरण करता है।
4	शत्रु राजाओं से डरता है।	शत्रु राजाओं से डरता है।
2	निन्दक निन्दा करता है।	निन्दा करनेवाला निन्दा करता है।
9	ऊर्जापूर्ति-समस्या से ग्रस्त जापान का चंद्रमा-लैंडर ने सप्ताह के बाद फिर से प्रक्षेपण शुरू किया।	ऊर्जापूर्ति-एक हफ्ते के बाद जापान के चंद्र मिशन ने ऑपरेशन फिर से शुरू कर दिया।
6	उनको पढ़ाने के लिए मेरे पास समय भी नहीं है।	उन दोनों को पढ़ने का मेरा समय भी नहीं है।
6	हम सभी पर्वतों पर चढ़ नहीं पाएँगे।	हम सभी पर्वत नहीं चढ़ पाएँगे।
12	ऐसे लोगों ने इस मौके के लिए इंटरनेट के माध्यम से पंजीकरण किया, और यह चल रहा है।	इतने सारे लोगों ने इस समागम के लिए इंटरनेट के माध्यम से पंजीकरण कराया है और यह चल रहा है।
9	मालिनी – परंतु यह तो कम उम्र की दिखाई देती है। क्या काम करेगी यह?	मालिनी  परमेशा तो छोटी दिख रही है। वह क्या करेगी?
1	वांछित	अभिलाषी
19	स्मृति ईरानी सऊदी अरब देश के हज उम्ह मन्त्रि डॉ. तौफीक बिन-फौजन- अल-रबियाह के साथ द्विपक्षीय उपवेश भी करेंगे।	स्मृति ईरानी सऊदी अरब के हज उम्ह मंत्री डॉ. तौफीक बिन-फोजान-अल-रबियाह के साथ द्विपक्षीय उपवास भी करेंगी।
8	प्रकाशचौधरी ने सोशल मीडिया पर त्यागपत्र घोषणा कर दिया और यह मुद्दा गर्म हो गया।	प्रकाशचौधरी ने सोशल मीडिया पर त्यागपत्र की घोषणा करते हुए मुद्दा गरम हो गया।
14	मंगलवार को सदन में शुरू हुए वादविवाद का उत्तर देकर उसने उद्योग में देश की उपलब्धियों का भी गिन लिया।	मंगलवार को सदन में शुरू हुए वादविवाद के उत्तर देते हुए उन्होंने उद्योग में देश की उपलब्धियों का भी गिनती किया।
9	हे महाबाहो ! सत्त्व, रज और तम ये प्रकृति से उत्पन्न तीनों गुण देही आत्मा को देह के साथ बांध देते हैं।।	हे महाबाहो ! सत्त्व और रज दोनों गुण स्वभाव से ही शरीर में देही अव्यय को बाँधते हैं।।
14	हे विष्णो! आकाश के साथ स्पर्श किये हुए देदीप्यमान अनेक रूपों से युक्त तथा विस्तरित मुख और प्रकाशमान विशाल नेत्रों से युक्त आपको देखकर भयभीत हुआ मैं धैर्य और शान्ति को नहीं प्राप्त हो रहा हूँ।।	हे विष्णो! मैं तुम्हें आकाश के स्पर्श से, तुम्हारे फैलने और फैलने वाले विस्तल नेत्रों से चमकते हुए (दीप्त) काले रंग को देखकर तथा अन्तःकरण में विघ्न रूप धारण करने वालों में धैर्य और शान्ति को नहीं चाहता हूँ।।
12	मुख्यमंत्री ने कहा कि राज्य सरकार विभिन्न क्षेत्रों में कृत्रिम मेधा के इस्तेमाल को सुनिश्चित करने के लिए बड़ी संख्या में काम कर रही है।	मुख्यमंत्री ने कहा कि राज्य सरकार विभिन्न क्षेत्रों में कृत्रिम चिकित्सा के उपयोग को सुनिश्चित करने के लिए बड़े पैमाने पर काम कर रही है।
4	आज विद्यालय में गीत स्पर्धा थी।	आज विद्यालय में गीत स्पर्धा थी।
9	कांग्रेस नेता राहुल गांधी की भारतजोड़ ने शुक्रवार को उत्तर प्रदेश में न्याययात्रा शुरू की।	कांग्रेस नेता राहुल गांधी की भारत यात्रा ने शुक्रवार को उत्तर प्रदेश में प्रवेश किया।
8	मुख्यमंत्री आयव्ययक की प्रस्तुति के बाद वे मीडिया के साथ बात कर रहे थे।	मुख्यमंत्री आयव्ययक के प्रस्तुति के बाद मीडिया के साथ बात कर रहे थे।
1	काँपना	कांपना
9	नई दिल्ली के कर्तव्यपथ में गणतंत्र दिवस पर लगभग छब्बीसकृतियां हिस्सा ले रही हैं।	नई दिल्ली में कर्तव्यपथ पर गणतंत्र दिवस पर लगभग छब्बीस figure हिस्सा ले रहे हैं।
42	संयुक्त राष्ट्र की स्थायी प्रतिनिधि रुचिरा-कम्बोज: संयुक्त राष्ट्र-महासभा में उन्होंने कहा कि इजरायल-हमास में संघर्ष के कारण प्राणों और धनों को अत्यधिक नुकसान हुआ है, और मानवीय संकट पैदा हो रहा है। उन्होंने भारत की सबसे तेजी से स्थिति को सामान्य बनाने के लिए कोशिशों की चर्चा की, गाजा की मानवीय सहायता प्रदान करने की कोशिशों का जिक्र किया।	संयुक्त राष्ट्र के भारत की स्थायी प्रतिनिधि रुचिरा-कम्बोज संयुक्त राष्ट्र-संघ की महासभा में कहा कि इजरायल-हमास के बीच चल रहे संघर्ष से लोगों की बहुत बड़ी हानि और संपत्ति हुई है, और मानवीय संकट पैदा हो रहा है। उन्होंने भारत की सबसे तेज़ स्थिति को सामान्य बनाने के प्रयासों का भी उल्लेख किया, गाजा की मानवीय-और सहायता प्रदान करने के प्रयास।
1	जानने योग्य	जानना चाहिये
15	अमृतगिल में आगामी लोकसभा चुनाव में मीडिया और संचारगति के अच्छे संचालन के लिए अखिल भारतीय कांग्रेस समिति और राज्य कांग्रेस समिति के बीच संचार के रूप में काम करेगी।	अमृतगिल आगामी लोकसभा चुनाव में मीडिया और अखिल भारतीय कांग्रेस समिति के बीच संचार के रूप में काम करेगा।
10	चयन समिति नामों को लघूसूची करके एक पटल बनाएगी और शीर्ष नेता को मंजूरी देगा।	चयन समिति नामों को छोटा करके एक मंडल बनाएगी और उन्हें शीर्ष नेता के लिए मंजूरी के लिए भेजेगी।
4	आवेदक बिहार के स्थायी निवासी होने के योग्य है।	आवेदक बिहार का स्थायी निवासी होना चाहिए।
10	मेघालय में कोनराड संगमा के नेतृत्व वाली नई कैबिनेट आज शपथ लेगी।	मेघालय राज्य में कांग्रेस विधानसभा के नेतृत्व में नया मंत्रिमण्डल आज शपथ लेगा।
8	हे रघुश्रेष्ठ ! यह संसार आपकी माया का विलास है और मैं आपका ही अंश हूँ । अतः अपने चरणारविन्द की भक्ति मुझे देकर भव संकट से रक्षा कीजिये ॥	हे रघुश्रेष्ठ! आपके द्वारा निर्मित संसार से मैं दसान्वित हो गया हूँ। अपनी भक्तिरूपी इच्छा से मुझे संसार संकट से बचाइये ॥
4	सत्संगति बुरे विचारों को दूर करती है।	सत्संगति कुविचारों को दूर करती है।
4	प्रतीक – जरूर कहूँगा।	प्रतीक  अवश्य बोलूँगा।
3	संगति से क्या हो जाते हैं?	संग रहने वाले बच्चे कौन होते हैं?
9	सुरभि की इस दशा को देखकर देवताओं के राजा (इन्द्र) ने उससे पूछा- “अरी शुभ लक्षणों वाली! क्यों इस तरह रो रही हो? बोलो”।	सुरभरी की ऐसी दशा देखकर सुराधिपति ने उससे पूछा- हे सुभे! तुम क्यों रोते हो? कहिये।
3	बिल में हजार से अधिक चींटियाँ रहती हैं	बिल में हजार से अधिक चींटियाँ रहती हैं
6	हिमाचल के उत्पाद भी लोगों को बहुत पसंद हैं।	हिमाचल के उत्पाद भी लोगों को बहुत पसंद हैं।
21	हा राम ! हा मेरे रघुवंश शिरोमणि! आप साक्षात् परम पुरुष परमात्मा मेरे गर्भ से जन्म लिए है, परन्तु दुःख ने मेरा पीछा नहीं छोड़ा। अतएव विधाता ही प्रबल है, ऐसा मेरा विचार है ॥	हे राम ! हाय ! हे रघुवंशनाथ ! आप मेरे परमात्मा हो गये, फिर भी मुझे कोई कष्ट नहीं होता, मेरी यही मनोकामना है कि आप शासन के बल से मेरी रक्षा करें ॥
8	पुस्तक के रूप में देने के बाद सराहनीय कार्य किया गया ऐसा उन्होंने कहा।	उन्होंने कहा कि पुस्तक के रूप में देकर सराहनीय काम किया गया है।
13	इन सभी प्रक्रियाओं के परिणामस्वरूप, इस प्रशिक्षण कार्यक्रम के लिए केंद्र द्वारा लगातार उपस्थित रहने वाले शिक्षकों को एक प्रमाण पत्र दिया जाता है।	इन सभी प्रक्रियाओं के परिणामस्वरूप, प्रशिक्षण कार्यक्रम के लिए केंद्र द्वारा लगातार उपस्थित रहने वाले शिक्षकों को एक प्रमाण पत्र दिया जाता है।
5	वरुणा उसके विवाह के चित्र दिखा रही है ।	वरुणा उसके विवाह के चित्र दिखाती है
9	उस मन्त्री ने प्रजाओं को 'पेट तथा अंगों की कथा सुनाकर उनकी अनुकूलता प्राप्त कर ली।	वह माता से प्रजाओं को उदरावयवों की कथा कहकर उनका अनुकूलता प्राप्त किया।
11	हिमाचल प्रदेश के सोलन जिले के कण्डाघाट में प्रवेशस्थान पर राष्ट्रीय राजमार्ग प्राधिकरण के माध्यम से बाबा भलकू- प्रवेश द्वार का निर्माण होगा।	हिमाचल प्रदेश के सोलन जिले के कण्डाघाट में प्रवेश स्थान पर राष्ट्रीय राजमार्ग प्राधिकरण द्वारा बाबा भलकू- प्रवेश द्वार का निर्माण होगा।
16	रक्षा मंत्री राजनाथ सिंह ने कहा कि मामले की जांच के लिए आदेश जारी किया गया है और कि ऐसे आंतरिक मामलों में सभी को ध्यान देना चाहिए।	रक्षामंत्री राजनाथ सिंह ने कहा कि इस मामले की जांच का आदेश दिया गया है और ऐसे महत्वपूर्ण मामलों पर सभी को ध्यान देना चाहिए।
8	सोशल मीडिया उपयोक्ता उस दक्षिण भारती वेष की प्रशंसा करते हैं।	सोशल मीडिया के यूजर्स उसकी दक्षिण भारत यात्रा की प्रशंसा कर रहे हैं।
8	केंद्र से आपदा राहत समूह की आग्रह के लिए सदन में चर्चा हुई।	सदन में चर्चा केंद्र से आपदा राहत समूह की आग्रह पर हुई।
5	संस्कृत में ही अर्जुन को उपदेश दिया।	संस्कृत में ही अर्जुन को उपदेश दिया।
15	उन्होंने इस कार्य में विद्वानों के प्रयासों की प्रशंसा करते हुए कहा कि भारतीय अध्ययन के प्रसार में विद्वानों की महत्वपूर्ण भूमिका निभाई जाती है।	इस कार्य में विद्वानों के प्रयासों की प्रशंसा करते हुए उन्होंने कहा कि भारतीय अध्ययन के प्रसार में विद्वान् महत्वपूर्ण भूमिका निभाते हैं।
1	पृथिवी को	पृथ्वी को
1	क्रुद्ध होकर।	क्रोध करके
6	तब पथिक बोला- दसवें तुम हो।	तब पथिक बोला- "तुम दस हो।"
18	हे धनान्ध मूढ! किसी आपत्तिग्रस्तको देखकर क्यों हँसता है? इसमें आश्चर्य ही क्या है, लक्ष्मी कहीं स्थिर थोड़े ही रहती है। अरे! इस घटीयन्त्र (रहट) के घटोंको नहीं देखता? जो खाली हैं वे भरते जाते हैं, जो भरे हैं वे खाली होते जाते हैं	आपत्तिग्रस्त हैं, हँसते हैं, द्रवीणों को अन्धकार से ढका हुआ और लक्ष्मी स्थिर नहीं है, यह क्या चित्र है? आप देखते हैं कि इन रिक्खों को हाथी-पैर आदि के पहिये में घेरने के समय आँखें भर जाती हैं और आँखें खाली हो जाती हैं।
4	एकतः ओषधीनां पतिः अस्तशिखरं याति एकतः अरुणपुरःसरः अर्कः आविष्कृतः, लोकः तेजोद्वयस्य युगपद् व्यसनोदयाभ्यां आत्मदशान्तरेषु नियम्यत इव।	वहाँ से सो उठा हुआ शिष्य प्रवेश करता है।
3	अग्नि को समिधा समर्पित है।	अग्नि के लिए स्वाहा ।
8	जब वह हृदय के स्थान पर ही रहता है तब नामरूपी फल मिलते हैं।	जब वह हृदय स्थान पर ही रहता है तब नामरूप लीन हो जाते हैं।
5	किसानों के घरों में नया अन्न तथा नया धान्य आ जाता है।	किसानों के घरों में नया अन्न नया अनाज आता है।
8	आख्यानमूलकरचना रामायण को धारण करके''आदिकाण्ड'', भागवत को अनुसरण करके''राजसूय काव्य'' चेष्टा करता है।	आख्यान मूल की रचनाएँ-रामायण के आधार पर''आदिकाण्ड''', भागवत के अनुसार''राजासूय काव्य''.
9	श्रीकेजरीवाल जिला कार्यालय द्वारा इस महीने के छब्बीस तारीख को जांच के लिए बुलाया गया था।	श्रीकेजरीवाल को इस महीने की छब्बीस तारीख को अस्पताल बुलाया गया था।
8	वह अध्ययन के साथ ही विभिन्नगतिविधियों में भी भाग लेने के लिए सबको प्रेरित कर रही थीं।	उन्होंने अध्ययन के साथ ही विभिन्न गतिविधिओं में भाग लेने के लिए सभी को प्रेरित किया।
7	राम के साथ लक्ष्मण भी वन को गया था।	राम के साथ लक्ष्मण भी वन को गया था ।
5	गुरु वाणी से ही उपदेश देते हैं ।	गुरु वाणी से ही उपदेश देते हैं।
13	अदालत की यह टिप्पणी उस याचिका पर थी जिसमें कहा गया था कि नफरत फैलाने वाले भाषण को रोकने के लिए अब कोई पर्याप्त कानून नहीं है।	कोर्ट का निरीक्षण उन याचिका में किया गया था जिसमें कहा गया था कि द्वेषपूर्ण भाषण को रोकने के लिए अब पर्याप्त नियम नहीं हैं।
3	आप कौन ?	आप कौन हैं ?
5	कर्ण ने ने नेकुल को घायल कर दिया।	कान ने नेवले को मार दिया ।
1	दाँतों से	दाँतों से
1	यात्री	पथिक
4	कुत्ते उसके पीछे दौड़ते हैं।	कुत्ते उसके पीछे दौड़ते हैं ।
1	हवा से	वायु
7	पांडव लोमाश ऋषि के साथ तीर्थों के दर्शन के लिए चल पड़े।	लोमाश ऋषि के साथ पाण्डव तीर्थों को देखने गए।
6	हे रोगी ! बाहय और दिव्य मुनि तथा राजऋषि और पर्वत तथा सब नदी और समस्त समुद्र तेरी रक्षा करो ॥	इस प्रकार मुनिश्रेष्ठ ब्राह्मणों में श्रेष्ठ और दिव्य राजर्षि कृष्ण भी हैं।
10	आमोद-प्रमोद के अनुसार वाणीकपूर रेड ने अजय के खिलाफ''कास्ट' किया।	पहुंचे समारोह के अनुसार, वाणीकपूर रेड ने अजय के खिलाफ 'कास्ट' किया।
13	हे यमराज! जिस सम्बन्ध में लोग यह संशय करते हैं (आत्मा मरने के बाद रहती या नहीं) उस महान आश्चर्यमय परलोक सम्बन्धी आत्मज्ञान के विषय में वह आप हमें बताइये। अत्यन्त गूढ़ बना हुआ जो वर है, उसे छोड़कर दूसरा वरदान नचिकेता नहीं माँगता ।	मृत्यु, जिसके विषय में लोग विचार करते हैं, वह महाब्रह्मा क्या ही है? और जो इस ब्रह्म में प्रविष्ट होता है, वह अनन्यचिकित्सा को प्राप्त करता है।
10	अर्जुन ने शिकारी के प्रति क्रोधित होकर उस शिकारी को मारने के लिए बाण का प्रहार किया।	अर्जुन ने शिकारी से क्रोधित होकर शिकारी को मारने के लिए शरणागत को मारा।
12	जिस कुले में दम्पती और एकदूसरे पर प्रसन्न हैं, उस कुले में कल्याण सदा रहता है।	जिस कुल में पति-पत्नी परस्पर प्रसन्न रहते हैं, उस कुल में कल्याण सदा वास करता है।
1	स्थान, घर	मिलन
5	विद्यालय के प्रार्थना सत्र में वह संस्कृत गीत गाती है।	विद्यालय के प्रार्थना सत्र में वह संस्कृत गीत गाती है।
7	विधानसभा की बजट सभा के लिए पुलिस प्रशासन ने यातायात योजना की है।	विधानसभा के बजट सत्र के लिए पुलिस प्रशासन ने यातायात योजना की है।
2	और भी।	और कोई।
6	''श्रुश्रुत-तन्त्र:''यह ग्रन्थ सेवा के द्वारा ही लिखा गया है।	'श्रुश्रुत-तन्त्र' यह ग्रन्थश्रुत द्वारा लिखा गया है।
6	जनवरी तक या अग्रिम आदेश तक जारी रहेगा।	जनवरी तक या अग्रिम-यह आदेश तक जारी रहेगा।
14	इस अवसर पर विश्वविद्यालय की कुलपति प्रोफेसर अन्नपूर्णा नौटियाल ने कहा कि नई शिक्षा नीति सब ओर से विकास में महत्वपूर्ण है।	इस अवसर पर विश्वविद्यालय की कुलपति प्रोफेसर अन्नपूर्णा नौटियाल ने कहा कि नई शिक्षा नीति सभी पहलुओं के विकास में महत्वपूर्ण है।
1	पृथ्वी।	भूतल
4	वह शशांक है	वह खरगोश है
15	महाराज कुंतीभोज के घर में रहते हुए मैंने आपका गर्भधारण किया, इसलिये पुत्र ! तुम पार्थ हो ।	महाराज कुंतीभोज के घर रहते हुए मैंने आपका गर्भधारण किया, इसलिये पुत्र ! तुम पार्थ हो।
8	वेस्टमिंस्टर ने बाद में रानी को श्रद्धांजलि दी।	बाद में वेस्टमिंस्टर आबी पहुँचकर रानी को श्रद्धांजलि दी।
1	आर्यभूमि	आर्यावर्त
9	जिन पाचनों को अतिसार- चिकित्सा मे कहगे उनको पिलाना चाहिये। भोजन से पूर्व हरड को गुड़ के समान भाग में खाना चाहिये । अथवा त्रिफला क्वाथ के साथ निशाथ का चूर्णं देना चाहिये । गुदाश्रित दोष के नष्ट होने पर अर्श स्वय नष्ट हो जाते है ॥	हे हैतिमारिके ! तुम उसकी यथाविधि विधिपूर्वक पाचन करना चाहिये। चाहे वह सगुड़ा हो अथवा प्रशय भिक्षा हो, चाहे वह अम्ल शहद पीने योग्य हो, फिर अंड और अंडकार हो, इसमे थोड़ा सा दूध पकाकर भूनना चाहिये ॥
9	उसके बाद, रात्रि में स्थिरप्रतिज्ञ अपनी जनता से घिरे हुए श्रीराम देवराज इन्द्र के समान शोभा पा रहे थे।	तब निहतरिपु, स्थिरप्रतिज्ञ अपने जन बल से घिरे हुए श्रीराम रण में देवराज के समान सुशोभित थे।
1	पति	आर्यपुत्र
3	कितने लोग नित्य ही दुखी होते हैं?	कितने लोग प्रतिदिन दुखी हैं?
1	चन्द्रमा के समान	जैसे चन्द्रमा
7	पुरुष बोला- उसका स्वामी स्वयं भी अन्याय करनेवाला है।	पुरुष ने कहा-उसका मालिक स्वयं ही अन्याय करने लगा है।
11	2022 तक भारत दुनिया के सबसे प्रदूषित देशों में आठवें स्थान पर होगा।	2022 में, भारत दुनिया के सबसे अत्यधिक प्रदूषित देशों की सूची में आठवें स्थान पर है।
9	भारतीय सांस्कृतिक परंपरा के हिमाचल प्रदेश समन्वयक मालविका पाठक ने कार्यक्रम का अध्यक्षता की।	कार्यक्रम की अध्यक्षता हिमाचल प्रदेश के भारतीय सांस्कृतिक निधि समन्वयक मालविका पाठक ने की।
3	वृक्ष से अनेक पत्ते गिरते हैं।	पेड़ से पत्ते गिरते हैं।
7	वे राज्य में विपक्षी दल के भी नेता थे।	वह राज्य में विपक्षी दल के भी नेता थे।
5	विशाल कुल में उत्पन्न होने से क्या, यदि मनुष्य विद्याहीन है	और बड़े कुल से क्या लाभ? जिसके शरीर में विद्याहीन (निर्धन) हैं।
9	वहाँ चतुर्दश वर्ष की उनके अध्ययन के लिए राजेन्द्र अध्यापक जी के संस्कृत स्कूल में नाम दर्ज किया गया।	वहाँ चौदह वर्ष के उनके अध्ययन के लिए राजेन्द्रध्यापक जी का संस्कृत टोल में नामांकन हुआ।
8	पाण्डव के पांचल सेनाओं के साथ कुरुक्षेत्र के पास शिविर ने किया।	पाण्डवों ने पंचाल-विराट सेना के साथ कुरुक्षेत्र के पास शिविर किया।
7	उस वर्ष महाराजा शिवाजीराव-उच्च विद्यालय से मैट्रिक ्यूलेशन-परीक्षा में उत्तीर्ण हुए।	उस वर्ष महाराजा शिवाजीराव जी उच्च विद्यालय से मैट्रिकुलेशन परीक्षा में उत्तीर्ण हुए।
4	मैं ही सब कुछ जानता हूँ।	मैं ही सब कुछ जानता हूँ
21	गुरु ने धनवान से कहा कि संसार में जाति से और धन से कोई भी मनुष्य ऊँचा या नीचा नहीं होता है। सभी लोग समान होते हैं। चरित्र से श्रेष्ठता होती है।	गुरु ने धनिक से कहा कि संसार में जाति से और धन से कोई भी व्यक्ति ऊँचा या नीचा नहीं होता। सभी लोग समान होते हैं। चरित्र से ही श्रेष्ठता होती है।
5	वहाँ भीड़ क्यों है ?	वहाँ भीड़ क्यों है ?
1	उसका एक हिस्सा रहा है	भाग लेने वाला ।
5	केतन -बैंक से लाते हैं ।	केतन - बैंक से धन लाता है
2	जैसे जैसे	जैसे जैसे
9	अर्थ क्षायिक सम्यकत्व, अनन्तज्ञान, अनन्तदर्शन, अनन्तवीर्य, सूक्ष्मत्व, अवगाहनत्व, अगुरुलघु और अव्याबाध सुख-ये-आठ गुण सिद्धों के होते हैं ॥	दमन करने वाले वीर पुरुष के प्रति इतना ही प्रेम होता है, जितना कि वे अश्विनीकुमारों के प्रति प्रेम करते हैं, अधिक प्रेम करने वाले पुरुष के लिए उतनी ही समझ होती है, जितने कि अगुरुलक्ष्मी वाले पुरुषों के लिए आठ गुणा अधिक प्रिय होते हैं, इस प्रकार की प्रीति पूर्णता हो जाती है ॥
12	भारतीय जनता पार्टी (भाजपा) द्वारा महिला मोर्चा द्वारा आयोजित''स्त्रीशक्तिमोदीकोप्पम''इस नाम से प्रधानमंत्री ने महिलाओं के विशाल समाज को संबोधित किया है-उन्हें प्रवेश प्राप्त हुआ।	भारतीय जनता पार्टी महिलामोर्चा द्वारा आयोजित''स्त्रीशक्तिमोदीकोप्पम''प्रधानमंत्री थेक्किकडु-वह मैदान में महिलाओं के विशाल सम्मेलन को संबोधित करने पहुंचे।
4	सुशीभन के चारों ओर वे नाचते हैं।	सुशोभित के चारों ओर वे नाचते हैं।
10	सब धर्मों का परित्याग करके तुम एक मेरी ही शरण में आओ, मैं तुम्हें समस्त पापों से मुक्त कर दूँगा, तुम शोक मत करो।।	सभी धर्मों को त्यागकर मेरे पास आओ, मैं तुम्हें सभी पापीों से मुक्त कर दूंगा, शुद्ध नहीं होना।।
3	आप दोनों गायिका ।	आप दोनों गायिका ।
11	इस प्रश्न मंच पर गुरुकुल के सभी विद्यार्थियों, शिक्षकों और कर्मचारियों उपस्थित थे।	इस प्रश्न मंच कार्यक्रम में गुरुकुल के सभी विद्यार्थी शिक्षक और कर्मचारी उपस्थित थे।
14	सम्मेलन का विषय है पुनर्निर्माण, जो नई प्रौद्योगिकी क्षमताओं की खोज के निर्णय में और वैश्विक साझेदारी में भी बल देता है।	सम्मेलन का विषय है "फिर से निर्माण करना" जो नई प्रौद्योगिकी क्षमताओं के साथ युवाओं की खोज में निर्णय में वैश्विक भागीदारी को भी बल देता है।
3	जल्दी जाओ ।	जल्दी जाओ ।
9	चर्चा में विभिन्न क्षेत्रों के प्रमुख महिला नेता समुदाय के-वृद्ध और युवा लोग उपस्थित थे।	चर्चा में विभिन्न क्षेत्रों के प्रमुख पहाड़ी नेता समुदाय के वृद्ध और युवा लोग उपस्थित थे।
8	नहीं जानता , रास्ता कब जाने योग्य होगा ।	नहीं जानता , रास्ता कब जाने योग्य होगा
9	और सियार से कहा- “दोस्त! हम दोनों इसी बर्तन में साथ भोजन करते हैं।”	और सियार बोला- मित्र! हम दोनों इस बरतन में साथ भोजन करते हैं
12	प्रसिद्ध भारतीय संगीतज्ञों के लिए शंकर महदेवन-जाकिरहुसैन के लिए गीत-संगीत-समूह द्वारा ख्यातिप्राप्त ग्रैमी पुरस्कार जीता गया।	प्रसिद्ध भारतीय-संगीतज्ञ शंकरमहादेवन-जाकिरहुसैन की शक्ति के लिए गीत-संगित-समूह ने प्रतिष्ठित ग्रैमी पुरस्कार जीता।
6	उसे यह पुरोहित था कहा गया है।	कहा गया है कि उनका यह पुरोहित था।
10	मैं उन ऋक्षा वानरों को भी फिर से निकालते हुए और बड़े बलशाली पुरुषों को देखना चाहता हूँ।	मैं उन ऋक्ष वानरों को भी पुनः निव्रण और पूर्ण बलवान देखना चाहता हूँ।
18	भगवान् ने कहा कि जो मन एकाग्र करके सन्ध्या करता है, वही परम भक्त होता है, दूसरा नहीं। ऐसा तुम जानो ।	भगवन् ने कहा जो मन एकाग्र होकर सन्ध्या करता है वह ही परम भक्त होता है, अन्य नहीं, यह तुम जानो
4	एक बच्ची गणेशमंडप जाती है।	एक बच्ची गणेशमंडप जा रही है।
11	यह ज्ञात है कि इजरायल देश भी चारों ओर समुद्र से घिरे हुए है।	यह ज्ञात होता है कि इजरायल देश भी चारों ओर समुद्र से ढका हुआ है।
4	छात्र खुश होते हैं	छात्र खुश होते हैं ।
6	जांच के दौरान सत्येन्द्रसिवाल के बारे में सूचना मिली	खोज के दौरान सत्येन्द्रसिवाल के बारे में सूचना प्राप्त हुई।
11	सभी देश ज्ञान और विज्ञान के क्षेत्र में मित्रता की भावना से और सहयोग से उन्नति प्राप्त करने के योग्य होंगे।	सभी देश ज्ञान और विज्ञान के क्षेत्र में मित्रता और सहयोग से समृद्धि प्राप्त करने में सक्षम होंगे।
5	वह हमेशा अमृतवर्षा करता है ।	वह हमेशा अमृतवर्ष करता है
11	सत्य ही होते हैं  इस तरह के इन गुरुजी की वाणी की सफलता को देखकर, लोग बहुत विस्मित हो जाते हैं।	वेदिक गुरु, गुरु, शाब्दिक, तर्किक गुरु, सांख्यविद् गुरु, ज्योतिषी गुरु और रामायण के गुरु हैं, वे सबकी शिक्षा अध्यापक श्री बाबाजी हैं।
6	पर विषय के स्मरण से अपना मन गंदा हो जाता है।	पर-विषय के स्मरण से अपना मन मलिन हो जाता है।
9	भगवान् के अतिरिक्त जनधन वैभव,वस्तु और शरीर आदि में मुझे कोई भी अनन्यभाव या अन्यता नहीं है।	भगवान के अतिरिक्त जनधन, वैभव और शारिर आदि कोई भी बात मेरी नहीं है।
1	घोंसले	घोंसले
6	उस बच्ची को सभी कैसे खुश करते हैं ?	सब उस बच्ची को कैसे पालते हैं ?
5	स्ट्रांग रूम से कैसे मत मशीन ला रहे हैं ?	स्ट्रांग रूम से कैसे मतपेटियाँ लाते हैं ?
1	कृष्णपक्ष	काली पंख
1	धर्म को न जानने वाले।	अधर्मी को
11	अच्छा यह है कि योगशास्त्र में तो भारत हमेशा ही जगद्गुरुत्व से स्थित है।	योगशास्त्र में तो भारत हमेशा ही जगद्गुरु के रूप में खड़ा रहता है, अच्छा।
13	प्राचीनकाल में गुरुकुलों आदि के बच्चों को जो मानवीय, नैतिक शिक्षा दी जाती थी, वह आधुनिक शिक्षा प्रणाली में दुर्लभ हो गई है।	पहले गुरुकुल आदि में बच्चों को जो मानवीय, नैतिक शिक्षा दी जाती थी, वह आधुनिक शिक्षा प्रणाली में दुर्लभ है।
28	पहले चरण में खड़े हैं:-राष्ट्रपति, शिक्षा मंत्री, विभिन्न अंतरिक्ष स्थानों के अतिथि, विश्वविद्यालय के शिक्षक, अधिकारी, कर्मचारियों, स्नातकों एवं विद्यार्थियों का स्वागत करते हुए कुलपति ने रिपोर्ट में कहा कि पूर्व प्रधानमंत्री श्री लाल बहादुर शास्त्री, पद्मश्री डॉ मंडन मिश्र की महान परिश्रम से यह विश्वविद्यालय स्थापित हो गया है।	पहले चरण में माननीय राष्ट्रपति, शिक्षा मंत्री, विभिन्न देशों के स्थानों से अतिथि, विश्वविद्यालय के शिक्षक, अधिकारी, कर्मचारियों, स्नातकों का स्वागत करते हुए कुलपति ने रिपोर्ट में कहा कि पूर्व प्रधानमंत्री श्री लाल बहादुर शास्त्री और पद्मश्री डॉ. मंडन मिश्र की महान परिश्रम से यह विश्वविद्यालय स्थापित किया गया है।
3	कैसे करें ?	कैसे करें ?
3	ये दरवाजे हैं	ये वाहन हैं ।
13	तब योगिराज के, "यह क्या है? यह कहाँ से आई है? यह कौन है? यह कैसे आई है? यह पूछने पर ब्रह्मचारियों के गुरु ने कन्या को शान्त करने के लिये श्याम बटु को आदेश देकर यह कहना प्रारम्भ किया।	तब 'क्या? कहाँ? किसलिए?' यह प्रश्न योगिराज के पर्व पर ब्रह्मचारी गुरुजी ने बालिका को सांत्वना देने के लिए श्यामबुटु के आदेश से कहा।
15	उन्होंने कहा कि यह पूर्व बैंक की वापसी है और उन्होंने कहा कि वित्त मंत्री द्वारा प्रस्तुत अंतरिम बैंक भाषण में कोई नया नहीं कहा गया है।	पूर्व बजट की पुनरावृत्ति है ऐसा कहकर उन्होंने कहा कि वित्त मंत्री द्वारा प्रस्तुत अंतरिम बजट भाषण में कुछ भी नया नहीं कहा गया था।
8	जिनको मनुष्य चलाते हैं वे छोटी  नौका और जो बड़ी होती हैं वे वायु आदि से चलाई जाती हैं उन के अश्वतरी और श्यामकर्श्व श्दि नाम हैं।	जो पुरुष घूमते हैं वे दुस्से, यमराजों के द्वारा घूमे जाते हैं वे अश्वतरी और श्यामचारी हैं।
9	यह द्विवार्षिक कार्यक्रम इस महीने के आठवें दिन समापन हो जाएगा।	इस द्विवार्षिक आयोजन का समापन इस महीने के अठारह तारीख को होगा।
3	वृक्षो से फल गिरते हैं।	वृक्ष से फल गिरते हैं।
4	कौन कहाँ जा रही है ?	कौन कहाँ जा रही है ?
9	अथवा हे अर्जुन ! बहुत जानने से तुम्हारा क्या प्रयोजन है? मैं इस सम्पूर्ण जगत् को अपने एक अंश मात्र से धारण करके स्थित हूँ।।	हे अर्जुन ! बड़े आश्चर्य से यह सम्पूर्ण जगत् एकाकी ही स्थित हो गया है।
4	बादलों के ऊपर विमान उड़ रहा है।	बादलों के ऊपर हवाई जहाज उड़ रहा है।
8	शान समिति की रिपोर्ट के बाद चयन प्रक्रिया ऑनलाइन रूप में की जाती है।	शानन समिति की रिपोर्ट के बाद चयन प्रक्रिया ऑनलाइन की जाती है।
3	वह चार्टर्ड अकाउंटेंट है।	वह अकाउण्टेण्ट है
6	वस्त्र से पवित्र किया जल पीना चाहिये और मन से शुद्ध जाना हुआ काम करना चाहिये।	बार-बार शुद्ध जल पीने से मन शुद्ध व्यवहार करे।
11	अरे! सभी प्राणियों के आश्रय, इन वृक्षों का जन्म श्रेष्ठ हैं। वृक्ष धन्य हैं, जिनसे प्रार्थना करने वाले (याचक) निराश नहीं होते हैं।	ओह! इन सभी प्राणियों का जन्म श्रेष्ठ है और जीवन भी श्रेष्ठ है, धनवानों के लिए जो निराशा को प्राप्त करते हैं।
4	पढ़ने वाले बालक जाते हैं ।	पढ़ने वाले बालक जाते हैं।
1	चुप हो गये।	शान्त करें
3	आप जल्दी से आईये।	आप जल्दी आईयेगा
7	बहुत से लोग केवल फल ही खा रहे थे।	बहुत से लोग केवल फल ही खा रहे थे।
24	छ धातुऐ मिलकर एक समुदाय 'पुरुष' नाम से कहे जाते हैं। अर्थात् पृथिवी, जल, तेज, वायु, आकाश और अव्यक्त ब्रह्म । इन छ धातु का समुदाय मिलकर 'पुरुष' ऐसा कहा जाता है ॥	छ: धातुएँ समुदित होकर 'लोक' शब्द को प्राप्त होती हैं उसी प्रकार पृथिवी, आकाश, ब्रह्माण्ड और अव्यक्त में व्याप्त ब्रह्म शब्द को भी प्राप्त होती है।
7	परन्तु फिर भी नेत्रों के सारथित्व को स्वीकार किया।	परन्तु फिर भी सर्ज ने कान का सारथ्य स्वीकार कर लिया।
4	निज शोथके भेदः—निज शोथ तीन प्रकार का होता है ।  सम्पूर्ण शरीर मे व्याप्त, आधे शरीर मे व्याप्त और  एक अवयव मे व्याप्त ||	और भी वह त्रिविध है, क्योंकि वह समस्त अर्धगात्रों में आश्रित है ॥
7	समान विचार और व्यवहार होने पर मैत्री होती है - यह एक सूक्ति है।	समान स्वभाव वालों के व्यसनों में मित्रता एक सूक्ति है।
10	मित्र बोला - वही अधिक हितकारी है । "कौन-सा तुम्हारा  वैद्य है ?"	मित्र बोला ठीक है। डॉक्टर करेंगे।
10	उस वस्तु को तुम अविनाशी जानों,  जिससे यह सम्पूर्ण जगत् व्याप्त है। इस अव्यय का नाश करने में कोई भी समर्थ नहीं है।।	परन्तु वह अविनाशी है, जिसने यह सब किया, उसका विनाश औरव्यय इस प्रकार का कोई भी नहीं कर सकता।।
6	इस चलचित्र का प्रचण्ड अर्जन भी था।	इस चलचित्र की प्रचण्ड कमाई भी हुई।
3	दीपक पुरुष सूक्त याद करता है ।	दीपक पुरुष सूक्त को याद करता है।
18	वह फिर से बोली कि हमारे विश्वविद्यालय का मालवीय मिशन-शिक्षक-प्रशिक्षण केंद्र आज ही अपना दूसरा प्रशिक्षण कार्यक्रम, राष्ट्रीय शिक्षा नीतियों को संबोधित करने के कार्यक्रम, इंटरनेट के माध्यम से आयोजित किया जा रहा है।	उन्होंने फिर कहा कि हमारे विश्वविद्यालय का मालवीय मिशन-शिक्षक-प्रशिक्षण केंद्र आज ही अपना दूसरा प्रशिक्षण कार्यक्रम, राष्ट्रीय शिक्षा नीति अभिमुखिकरण कार्यक्रम और इंटरनेट के माध्यम से चला रहा है।
5	संदीप हर सोमवार को घर में यज्ञ करता है ।	संदीप हर सोमवार को घर में यज्ञ करता है
6	पोता  – सारा अन्न खेत से आता है।	पोता  खेत से सब अन्न आ रहा है।
23	और सीतापति भगवान् राम सीताजी को समझाने के लिये अपने महल में गये। तब मधुर मुस्कानपूर्वक बोलने वाली श्रीसीताजी ने पतिदेव को आते देखकर एक सुवर्ण पात्र में जल लेकर भक्तिपूर्वक उनके चरणों को धोया और अपने स्वामी की ओर देखते हुए पूछी देव ! इस समय बिना सेना के आप कैसे आये हैं? आप प्रातःकाल कहाँ गये थे? आपका श्वेत छत्र कहाँ है? बाजों का बजना क्यों बन्द हो गया है? आप किरीटादि राजोचित आभूषणों से क्यों रहित हैं ? ॥	उस स्त्री को देखने के लिये पूर्व दिशा में सीतापति विभु गये। परतिमा को आते हुए देखकर सुमित्रा बोली "हे सीता! तुम आये हो कहाँ? और श्वेतछत्र कहाँ? वे कहाँ? क्योंकि वाद्य नहीं बजाते, किरीट आदि से रहित हो गये हो ॥
16	हे सुग्रीव ! जो कर्म आपने किया, वह सब मित्र, मित्र के हित और धर्म के बल से किया।	हे सुग्रीव ! जो कार्य आपने किया वह सब मित्र और धर्म के भक्तों के हित के लिए किया।
7	जिसमें जालन्धर शहर के विभिन्न स्थानों से लगभग प्रतिभागियों ने भाग लिया।	जिसमें जालन्धर नगर के विभिन्न स्थानों से प्रायः प्रतिभागी भाग लिये।
7	भीमसेन के द्वारा दुर्योधन के आठ भाई मारे गए	भीमसेन ने दुर्योधन के आठ भाइयों को भयंकर युद्ध में मार दिया।
8	उनके पिता अनन्त शास्त्री डोंगरे और माता लक्ष्मीबाई थीं।	उनके पिता अनंतशास्त्री डोंगर और माता लक्ष्मीबाई थे।
10	वह बालक माँ को पूछता है –माँ अब शुद्ध है न ?	वह बच्चा माँ से पूछता है माँ ! अब शुद्ध है न ?
12	जो ब्राह्मण धन की प्राप्ति के विचार से वेदों का अध्ययन करते हैं और जो शूद्रों अर्थात नीच मनुष्यों का अन्न खाते हैं, वे विषहीन सांप के समान कुछ भी करने में असमर्थ होते हैं।	जो वेद को नहीं पढ़ते और शूद्र के अन्न को नहीं खाते वे ब्राह्मण निर्विषा के समान हाथी के साथ क्या कर सकते हैं।
1	प्राप्त करने के	प्राप्त करके।
7	भोरंज विधानसभा क्षेत्र के विधायक सुरेश कुमार ने सियारंद को तटस्थ बनाने की मांग की।	भोरंज विधानसभा क्षेत्र के विधायक सुरेश कुमार ने सीरनड को तटीकरण की मांग की।
6	फिर भी तुम्हारा मनोरथ पूर्ण नहीं हुआ।	फिर भी तुम्हारी इच्छा पूरी नहीं हुई।
6	अर्जुन ने इन्द्र से दिव्य शस्त्र माँगा ।	अर्जुन ने इन्द्र से दिव्य शस्त्र मांगे।
13	इस समय वह घोर दण्डकारण्य के पञ्चवटी नामक शुभ आश्रम में रहता है। उसकी भार्या विशालनयना सीता त्रिलोक को विमोहित करने वाली है ॥	वह विपण्णी नगर में पांचवटी नामक आश्रम में रहता है, उसकी धर्मपत्नी विशालक्षी सीता लोक विमोहिनी है ॥
1	हमारे	हम सभी के लिए
4	रसिक के द्वारा फूल सूँघा गया।	धोबी ने फूल लिया।
9	ये दिलचस्प खबरें हैं-विपक्ष के नियमों का पालन कर रहे हित समाचार संगठन, सोशल मीडिया और यूजर्स पर लगेगा जुर्माना.	इन ब्याज समाचारों का उल्लंघन करने के बाद ब्याज समाचार संगठनों और सोशल मीडिया के उपयोगकर्ताओं को दंड दिया जाएगा।
2	दान का	और दान ही
1	पीसता है	कूटता है
6	क्या आप मुझसे बडे है ?	क्या आप मुझसे बड़े हैं ?
4	आज का काम आज ही समाप्त करना चाहिए	आज का काम आज ही पूरा करें ।
9	उत्तराखंडसंस्कृत अकादमी, प्रतिवर्ष संस्कृत भाषा के प्रचार-प्रसार के लिए, संरक्षण के लिए, और इंटरनेट के माध्यम से संस्कृत व्याख्यान के लिए आयोजित किया जाता है।	उत्तराखंड संस्कृत अकादमी, प्रतिवर्ष संस्कृत भाषा के प्रचार-प्रसार, संरक्षण के लिए, और इंटरनेट के माध्यम से संस्कृत व्याख्यानमाला का आयोजन किया जाता है।
10	उपाधिधारकों को अपने अध्ययन के विषयों को जानकर यह संस्कृत भाषा अपने अध्ययन के विषयों को भी 'अनुसंधान' शब्द का प्रयोग उपनिषद् तत्वों पर आधारित है।	उपाधि धारण करने वाले अध्यात्म विद्वान होने के कारण यह संस्कृत भाषा के अध्यात्मविषयक चिन्तन के लिए भी उपाध्याय विषय है''अनुसंधान''इसका शब्दप्रयोग उपनिषदों में तत्वानुसन्धान पर आधारित है।
11	भाटक आवास स्थान से टूटी तक जनवरी, निर्देश दिया गया है कि पार्किंग स्टेशन को शिमला नगर में स्थान परिवर्तन का निर्देश दिया गया है।	किराये के निवास स्थान से टूटीकांडी तक जनवरी, जब तक पार्किंग पूल को शिमला शहर में स्थानांतरित करने का निर्देश दिया गया है।
1	गरीबी	दीनता
9	राज्य सरकार ने केरल के स्कूलों में छात्रों द्वारा मोबाइल फोन के इस्तेमाल पर सख्त प्रतिबंध लगाने का आदेश दिया है।	राज्य सरकार ने केरल के स्कूलों में छात्रों के मोबाइल फोन के इस्तेमाल को लागू करने का आदेश दिया है।
1	कहोगे।	कहोगे।
5	वह मुझे ही क्यों देख रहा है ।	वह मुझे ही क्यों देखता है?
11	पटना में अधिकतम पारदर 310 सेल्सियस बढ़ गया, सबसे छोटी दर 990 सेल्सियस कम हो गई।	पटना में अधिकतम तापमान 2 सेल्सियस बढ़ गया,न्यूनतम 1 सेलियस कम हो गया।
23	द्वन्द्व की शुरुआत द्वन्द्व के अंत में या अंत में सुनाई जाने वाली पदावली से होती है''इस नियम से पद की पूर्णता हो''शब्द के सिद्ध होने पर अर्थ, सिद्ध होने पर अर्थ की पूर्णता''ऐसा वाक्यांश बन जाता है।	विवाद के समय या विवाद के अंत में श्रवण किया जाने वाला पद विवाद के प्रत्येक पद से युक्त होता है''इस नियम से सिद्ध होने वाले पद का''सिद्धे शब्द में सिद्ध अर्थ, सिद्धे सम्बन्ध में''ऐसा अन्वय होता है।
8	वश में किया हुआ चित्त जिस कालमें अपने स्वरुपमें ही स्थित हो जाता है और स्वयं सम्पूर्ण पदार्थों नि: स्पृह हो जाता है, उस कालमें वह योगी कहा जाता है।	परन्तु जब संयमित बुद्धि एक ही मन में स्थित रहती है और सब कामों से निःस्पृह रहती है तब वह 'युक्त' कह जाती है।।
3	केवल एक शास्त्रका पढाहुआ शास्त्रके निश्चयको नहीं जान सकता इस हेतु बहुत शास्त्रोंका सुनने पढनेवाला वैद्य चिकित्साशास्त्रको जानता है ॥	एक ही शास्त्र का अध्ययन करने वाला व्यक्ति निश्चय से झूठ नहीं बोल सकता।
6	मैं मोरीबी गाँव का निवासी हूँ !	मैं मोरीबी गाँव का निवासी हूँ !
7	हनुमान ने राम लक्ष्मण के बाणों और तूणीरों की प्रशंसा करते हुए उन दोनों से कहा कि आप दोनों के बाण बहुत तीक्ष्ण, सर्प के समान शत्रुनाशक और भयंकर, उन जैसे बाणों से आप दोनों का तूणीर भरा है। इसीलिए वे तूणीर भी देखने योग्य है।	शीतल बाणों से परिपूर्ण और अन्धकार से आच्छादित प्राणियों को सुख देने वाले अग्नि देवों के नेत्रों के आघात से और पंखों को प्रज्वलित वायु से।
10	इनमें ‘दीपावली’ प्रधान उत्सव कार्तिक महीने में कृष्ण पक्ष में अमावस्या की तिथि को होता है।	इनमें से दीपावली मुख्य उत्सव कार्तिका महीने के कृष्णपक्ष में मनाया जाता है।
20	दैत्यराज इन्द्र ने बाद में मेरी पुत्री के हाथ से दशग्रीव का हाथ पकड़कर कहा हे राजन्! हे हे हे हे हे हे हे यम! मन्दोदरी जिनका हाथी के गले में बंधी हुई है, उन्हीं के शुभार्थ को मेरा पुत्री ले।	वहाँ से दैत्येन्द्र मेरी बेटी के हाथ पकड़कर बोला हे राजन् ! इस मन्दोदरी नाम की पुत्री को मेरी पत्नी के लिए ले लो।
9	बहुत कालतक सन्ध्योपासन करनेके कारण ही ऋषियोंने दीर्घायु, बुद्धि, यश, कीर्ति ( ख्याति) और ब्रह्मतेजकी प्राप्ति की थी	बुद्धि, यश, कीर्ति और ब्रह्मचर्य की प्राप्ति में संयम करके मनुष्य दीर्घ आयु वाला होता है।।
1	पड़दा	पर्दा
4	व्यापता है इसलिए विष्णु कहते हैं ।	व्यापता है ऐसा विष्णु कहते हैं ।
1	प्रकट करो।	प्रकट करो।
6	बहरा कौन है? जो कल्याणकारी बातें नहीं सुनता हैं।	कौन बहिरा है? जो हित नहीं सुनता है।
7	सुचरित्र से मनुष्य महान् बन सकता है।	सुचरण से कोई भी मनुष्य महान हो सकता है।
9	हाल ही में रिपोर्ट आई थी कि वैश्विक समुद्री जल छत्रछाया में वृद्धि का असर द्वीप देशों पर पड़ेगा।	रिपोर्टें हाल ही में आईं थीं कि दुनिया भर के समुद्री जल में बढ़ोतरी द्वीप राष्ट्रों को प्रभावित करेगी।
7	इसके लिये शीघ्र ही यह उपकरण रख दिया जाएगा।	इसके लिए जल्दी ही यह उपकरण स्थापित किया जाएगा।
7	श्रीकृष्ण उसके वध की इच्छा करता हुआ उसकी राजधानी में गया।	श्रीकृष्ण जी उसकी वध करने के लिए उसकी राजधानी गए।
16	क्रिसमस-उत्सव के पूर्व संध्या में प्रकाशित एक संदेश में राष्ट्रपति ने कहा कि येशुमसिह के जन्मस्थान पर क्रिसमस मनाया गया है-उत्सव प्रेम की सद्भावना से भी संदेश देता है।	क्रिसमस-राष्ट्रपति ने क्रिसमस उत्सव की पूर्व संध्या पर प्रकाशित संदेश में कहा कि येशुमसिह के जन्म पर मनाया गया क्रिसमस-उत्सव प्रेम और सद्भावना का संदेश देता है।
4	बर्फ के गिरने सेवेदनाशील क्षेत्रों में मत जाईये।	बर्फबारी से प्रभावित क्षेत्रों में न जाएँ।
4	अब करतारपुर पाकिस्तान में है।	अभी करतारपुर पाकिस्तान में है।
6	वह धीमे स्वर में संगीत सुन रहा है	वह धीमे स्वर में संगीत सुन रहा है
6	सभी के मस्तक शीघ्र झुक गए।	सबका सिर तुरन्त नीचे झुक गया।
19	जो बेटा केवल पिता की इच्छा के लिए अपने पूर्व परंपरा को मानता है, किन्तु कुल के अनुकूल व्रत छोड़ता है, वह पतित न हो सके, अन्य कौन हो सकता है ?	जो पुत्र केवल पिता की सम्पत्ति को प्राप्त करने के लिए अपनी पूर्व परंपरा को मानता है, परन्तु कुलानुकुल व्रत को छोड़ देता है, वह यदि गिरना नहीं चाहता तो और कौन हो सकता है?
9	लक्ष्मण – आवाज तो भरत की है । कहाँ है वह ?	लक्ष्मण  अरे, यह तो भरत का है। कहाँ है वह?
5	आपकी पेंट की जेब में फिर से देखिये।	अपने पत्ते की जेब में फिर से देखिये।
6	प्रकृति के क्रोधों से व्याकुल मनुष्य क्या कर सकता है?	प्रकृति से भयभीत मनुष्य क्या कर सकता है?
30	और इसके प्रतिभाशाली-कृत्रिम बुद्धिमत्ता के विकास में सक्रिय योगदान के लिए कार्यबल तैयार है-शिखर सम्मेलन में आगामी-विश्वसनीय सहयोग में अपने लिंकेड इन सोशल मीडिया पर श्री मोदी ने कहा कि भारत अपने-नागरिकों को मजबूत करने के लिएकृत्रिम बुद्धिमत्ता पर बड़ा काम करना चाहता है।	और भी यह प्रतिभाशाली है-कार्यबल कृत्रिम बुद्धिमत्ता के विकास में सक्रिय योगदान के लिए तैयार है-शिखर सम्मेलन में आगामी-श्री मोदी ने वैश्विक सहयोग के साथ अपने लिंक्डइन के एक सामाजिक अंतर्जाल संदेश में कहा कि भारत अपनी-नागरिकों को सशक्त बनाने के लिए आर्टिफिशियल इंटेलिजेंस में बड़ा योगदान करना चाहता है।
24	हे राम ! रसातल गुल्फ हैं, तलातल जानु, सुतल जंघाएँ, वितल आपके दोनों अरु, अतल और पृथिवी आपके कटि प्रदेश, भूलोक नाभि, स्वर्लोक वक्षः स्थल, महर्लोक ग्रीवा, जनलोक मुख, तप लोक ललाट तथा हे प्रभो ! सत्यलोक आपका मस्तक है ॥	हे प्रभो ! आपका रसातल, आपके गुल्फ और तलवार दोनों तलावों के समान विशाल है, घुँघराले बाल, आपका पाय, आपका कमल कमल, आपका वदन, आपके जनलोक में निवास है, आपकी तपस्या में शंख देशगम है, आपका सत्यलोक और श्रीलक्ष्मण में वास है । हे रघुश्रेष्ठ आपके मस्तक पर सदैव विद्यमान रहें ॥
13	यह सर्वेक्षण राज्य के सभी जिलों में स्कूलों का चयन करके 12 फरवरी से 9 मार्च तक आयोजित किया जाएगा।	यह सर्वेक्षण राज्य के सभी जिलों में स्कूलों का चयन करके 12 फरवरी से 9 मार्च तक आयोजित किया जाएगा।
6	कार्रवाई है-विश्लेषण-हित के रूप में प्रवर्तन के रूप में केंद्र।	वहाँ कर्म-परीक्षण-केंद्रों के रूप में प्रवर्तन होता है।
18	इनमें से सबका राम है'इसका अर्थ स्वभाव से ही भिन्न-भिन्न रूप से जानने जा सकता है, किन्तु सबका सार यह है कि राम सबका ही है।	इनके''सभी के राम''इसका अर्थ स्वभाव के अनुसार अलग-अलग रूप में समझा जा सकता है, लेकिन सबका सार है कि राम सबका ही है।
4	सरोवर में शेर पानी पीता है।	सरोवर में शेर पानी पीता है।
4	वे घर जाते हैं	वे सब घर जाते हैं।
10	जैसे घड़े से कार्य करने वाला कुम्हार जाता है, ''घड़े को करो''।	जैसे घड़े से काम करने वाला कुम्हार जाकर कहता है, 'घड़े करो' ऐसा।
7	जहाँ, बनियेखंड और चराहे में लघुवृष्टि हुई।	जहाँ, बनीखेत और चोर में भारी बारिश हुई।
3	हे छात्र	हे छात्र !
14	हमारे सरकार की ओर से केंद्र सरकार ने SMART सिटी योजना के तहत चींटी बनाने के लिए मंजूरी दी है, करोड़ रुपये की भी budget को मंजूरी दी गई है।	हमारे सरकार के प्रयासों से केंद्र सरकार ने स्मार्टसिटी योजना के तहत इस चट्टान के निर्माण को मंजूरी दी है, करोड़ रुपये की budget भी मंजूरी दी गई है।
8	कार्यक्रम की शुरूआत दीप प्रज्ज्वलन से हुई, और अतिथियों को सरस्वती पूजा से हुई।	कार्यक्रम की शुरूआत दीप प्रज्ज्वलन और अतिथियों के साथ सरस्वती पूजा से हुई।
6	चित्रों में सोनाक्षी सरल, लघुकुर्ता-शरारासेट के बीच दिखती है।	चित्रों में सोनाक्षी सरलेन लघुकुर्ता-शरारासेट के बीच दिखती है।
8	पंजाब प्रदेश के स्वसहायत समूह ने भी प्रदर्शनी पर खड़े होने के लिए रिजस्थल को नाबार्ड के समर्थ में मिलाया।	पंजाब के अपने सहयोग से समूहों ने भी प्रदर्शनी के लिए रिजस्थानल नाबार्ड योग्यता मेलाप जीता।
9	केवल पश्चिम के लोग इस दुरुपयोग को करके देश को अधिराज्य में स्थापित कर दिया।	परन्तु पश्चिमीओं ने इसका दुरुपयोग करके देश में अधिराज्य स्थापित कर दिया।
12	सेशेल्स-देश के राष्ट्रपति वेवेल रामकलावन ने सभी लोगों को अपने घर पर ही रहने का आदेश दिया।	सेशेल्स-देश के राष्ट्रपति वेवेल रामकलावन ने सभी लोगों को अपने घरों पर ही रहने का आदेश दिया।
6	हम सभी वीर सैनिकों को नमन करते हैं।	हम सभी वीर सैनिकों को नमन करते हैं।
9	वहाँ चतुर्दश वर्ष की उनके अध्ययन के लिए राजेन्द्र अध्यापक जी के संस्कृत स्कूल में नाम दर्ज किया गया।	वहाँ चौदह वर्ष के उनके अध्ययन के लिए राजेन्द्रध्यापक जी का संस्कृत टोल में नामांकन हुआ।
5	फिर जमींदारों का साम्राज्य छिन्न-भिन्न हो गया।	इसके बाद धराओं का राज्य फट गया।
4	लव – भगवान् सूर्य।	लव  भगवान् हजार दीपों से युक्त हैं।
16	गिरिकंदराओं में निवास करने वाले परब्रह्म के ध्यान में मग्न हुए, धन्य योगियों के आनंदाश्रुओं को गोद में बैठे हुए पक्षीगण निःशंक होकर पीते हैं, पर हमलोगों की आयु तो मनोरथमय महल के सरोवर तटों पर स्थित विहार-विपिन में आनंद और प्रमोद करते ही व्यतीत हो जाती है॥	पर्वत के गुफा में रहने वाले प्रकाश रूपी परम ध्यान करने वाले लोग अब निःसंशय अश्रुजल पी रहे हैं। हमारे तो मनोरथपूर्वक बने हुए प्रसाद रूपी तट पर क्रीडा-कानन, केलिकुश और जुआ खेलने की इच्छा हो रही है ॥
7	मैं यहां बन्दर और मृग को देख रहां हूं।	मैं यहाँ बन्दर और हिरन देख रहा हूँ
6	धीरे धीरे लैंडर की गति धीमी की गई।	लैंडर की गति धीमी हो गई।
11	अब केवल अंतिम तीनों बड़ी गीतों का चित्रोतल करने के लिए शेष हैं।	अभी केवल अंतिम तीनों बड़े गीतों का चित्रोतलन करने बाकी है।
15	आजादी के बाद राम जन्मभूमि आंदोलन पुनर्जीवित हुआ। राम जन्मभूमि मुक्ति समिति की स्थापना १९८४ में  की गई	आजादी के बाद फिर से राम जन्मभूमि आन्दोलन शुरू हुआ। राम जन्म भूमि मुक्ति समिति की स्थापना 1984 में की गई थी।
9	मंडल की चुराह, भरमौर, पाङ्गी, डल्हौजी में बर्फ लगातार है।	जिले के चुराह, भरमौर, पांगी और डल्हौजी में बर्फबारी लगातार है।
1	एक खुद की	स्वयं के
8	गुजरात राज्य के मुख्यमंत्री श्री विजय रूपाणी ने सम्मेलन का उद्घाटन किया।	गुजरात के मुख्यमंत्री श्री विजय रूपाणी ने सम्मेलन का उद्घाटन किया।
9	दूसरा विकल्प नहीं देखकर दीवान गौ पालक को न्यायालय ले गए।	दूसरा विकल्प न देखकर दीवान ने गोपालक को कोर्ट ले जाया।
7	पर्वत के आरंभ में मानपुर में हृषीकेश मंदिर है।	पर्वत के आरम्भ में मानपुर में हृषीकेश मंदिर है।
7	भारत-यह सुझाव दिया गया है कि निज्जरा की हत्या कन्नड़ के बीच संबंध को ढीला करने के लिए पिछले सूत्र द्वारा की गई है।	भारत-बताया गया है कि कन्नड़ संबंध को कम करने के लिए पूर्व सूत्र द्वारा निज्जरवध किया गया है।
10	किसी आदरणीय व्यक्ति के प्रति शून्य हृदय शकुन्तला ने अपराध कर दिया। (सामने देखकर) और किसी साधारण व्यक्ति के प्रति नहीं।	किसी पुजारी के भी हृदय में शकुन्तला नहीं है (पहले देखकर) इसमें तो किसी के भी दोष नहीं हैं।
6	चालक के आगे दो जने हैं ।	चालक के आगे दो जने हैं
4	उसके शरीर से पसीना निकल रहा है।	उसके शरीर से पसीना निकल रहा है।
29	फिर कैटरी ने कहा कि जब''मेरी क्रिसमस''फिल्म के निर्देशक श्रीराम ने उसके साथ विजयसेतुपति कास्ट को कहा था-करण के बारे में पूछता था तो मैंने गूगल माध्यम से उसका नाम ढूंढ़ा किस्मरण संस्कारित हो जाए।	फिर कैटरी ने कहा कि जब''मेरी क्रिसमस'''फिल्म के निर्देशक श्रीराम उसके साथ विजयसेतुपति कास्ट-करण के बारे में बोल रहे थे तब मैंने उनका नाम गूगल के माध्यम से खोजा कि मेरी स्मृति ताजगी हो जाए।
7	संस्कृत (साहित्य) में विद्यमान सूक्तियाँ उन्नति के लिए प्रेरित करता हैं। जैसे-	संस्कृत में विद्यमान सूक्तियाँ उन्नति के लिये प्रेरित करती हैं, जैसे-
17	(यमराज ने पुनः कहा) यदि इस वरदान के सदृश (अन्य) वरदान को माँगते हो, तो धन तथा दीर्घकाल तक जीवन के साधन का वरण करो हे नचिकेता ! तुम विशाल पर (उन्नति के साथ) बढ़ो, तुमको समस्त इच्छाओं का या भोगों का भोग करने वाला बनाता हूँ।	यदि तुम यह (धन) अच्छी मानती हो और चिरकाल तक जीने की आशा भी रखती हो, तो मैं तुम्हें महापृथिवी पर नचिकेता के समान कामवासना का भागी बना देती हूँ।
9	हे मित्र ! क्या तुमसवेरे अग्निहोत्र नहीं करते ?	हे मित्र ! क्या तुम सवेरे हवन नहीं करते हो ?
7	मैं छल करने वालों में द्यूत हूँ और तेजस्वियों में तेज हूँ, मैं विजय हूँ; मैं व्यवसाय (उद्यमशीलता) हूँ और सात्विक पुरुषों का सात्विक भाव हूँ।।	मैं तेजस्विता के बिना जुआरी हूँ
14	जो पुनः पुनः छाया से धूप को लेकर फिर छाया की ओर लौटता है वह तो मूढ़ ही है।	जो बार-बार छाया से धूप में जाकर छाया की ओर लौटता है, वह तो मूर्ख ही है।
15	रिपोर्ट प्राप्त करने के बाद पता की संख्या निकाली जाएगी और तासों की चयन प्रक्रिया पूरी कर दी जाएगी, अंतिम परिणाम शीघ्र घोषित हो जाएंगे।	रिपोर्ट पाकर जो पदकूट संख्या निकालेगी उनके चयन प्रक्रिया को पूरा करेंगी, अंतिम परिणाम शीघ्र ही घोषित हो जाएंगे।
6	जगत् के दो भेद हैं स्थावर और जंगम ॥	लोक ही दो प्रकार का है स्थिर और जंगम ॥
5	आप लेख लिखते हैं क्या ?	आप लेख लिखते हैं क्या ?
5	दो महिने पहले गया ।	दो महिने पहले गया ।
3	परन्तु स्मरण करके बताऊँगा।	परन्तु स्मरण करके कहूँगा।
30	आरंभ का जीवन प्रीति से भरा जा रहा है। शुक्रवार सुबह 10 बजे उत्तर प्रदेश के शाहजहाँपुर के कारावार के निकट खिरनी बाग में मुरलीधर मूलमती दम्पत्ति के द्वितीय पुत्र के रूप में जन्मे।	प्रारंभिक जीवन ज्येष्ठ शुक्लादास में बिता सकता है। उन्होंने शुक्रवार को पूर्वाहन के समय उत्तर प्रदेश के शाहजहाँपुर के कारागार के पास खिरनी बाग नामक स्थान पर मूलमती दंपती के दूसरे पुत्र के रूप में जन्म लिया।
8	दिवंगत महारानी एलिजाबेथ के सम्मान में रविवार को भारत में एक दिन का शोक मनाया जाएगा।	दिवंगत महारानी एलिजाबेथ का सम्मान करने के लिए भारत में रविवार को एक दिवसीय शोक मनाया जाएगा।
1	प्रजापति	जो (सब)
4	मनीषी बुद्धि से मन को जानता है।	बुद्धिमान् बुद्धिमान् होता है।
1	मेरी ओर से	मेरी इच्छा से
4	अन्य पात्र छोटे ही हैं।	अन्य पात्र छोटे ही हैं।
10	दिल्ली की राज्यसभा में तीन, सिक्किम में भी एक राज्यसभा-सभा की बैठक में-चुनाव के लिए अधिसूचना जारी है.	दिल्ली की राज्यसभा में तीन, सिक्किम राज्य की एक विधानसभा में चुनाव के लिए अधिसूचना जारी की गई है।
7	तिल काले हैं, माष भी वैसे ही हैं।	तिल काले हैं वैसे ही माष भी।
7	श्रीकृष्ण उसके वध की इच्छा करता हुआ उसकी राजधानी में गया।	श्रीकृष्ण जी उसकी वध करने के लिए उसकी राजधानी गए।
15	वरिष्ठ वर्ग का कामकाज-आदर्श-परियोजना-प्रतियोगिता में क्रमशः-ज्ञानभारती-लोग-विद्यालय:, :,आर्य-दुल्हन-इंटर-कॉलेज, श्री सिद्धबली-जनता-स्कूलों ने प्रथम, द्वितीय व तृतीय स्थान प्राप्त किया।	वरिष्ठ वर्ग के कार्यशील-आदर्श-परियोजना-प्रतियोगिता में क्रमशः-ज्ञान भारती-जनता-विद्यालय:, आर्य-कन्या-इण्टर-कॉलेज , श्री सिद्धबली-पब्लिक-विद्यालय ने पहले और दूसरे तीसरे स्थान पर स्थान हासिल किया।
4	इस प्रकार चिन्ता करते हुए बड़े दूर से श्रीरामचन्द्रजी लौटने लगे। इधर उस मारीच का कहा हुआ शब्द सुनकर अत्यन्त भय और दुःख से व्याकुल हो सीताजी लक्ष्मण से इस प्रकार बोली"लक्ष्मण! तुम जल्दी जाओ तुम्हारे भाई असुरों से पीड़ित हैं ॥	इस प्रकार चिन्ता से व्याकुल होकर श्रीरामचन्द्रजी उससे दूर हट गए।
15	केंद्रीय मंत्री स्मृति ईरानी अश्विनी वैष्णव हरदीप सिंह-पुरी इस पांच दिवसीय कार्यक्रम में भारत का प्रतिनिधित्व करेंगे।	केंद्रीय मंत्री स्मृति ईरानी अश्विनी वैष्णव हरदीप सिंह-पुरी भी पांच दिवसीय कार्यक्रम में भारत का प्रतिनिधित्व करेंगे।
1	दो राम के	दो राम पर
6	राधवेन्द्र कपिलदेव की तरह क्रिकेट खेलता है।	राधवेन्द्र कपिलदेव की तरह क्रिकेट खेलता है ।
14	अदालत ने चिकित्सालय द्वारा डिज़ाइन किया गया खोज पत्र कानूनी दृष्टि से दुष्ट माना है, यह भारतीय साक्षीून एस.के. सी. और एक अवहेलना है।	कोर्ट ने अस्पताल द्वारा फर्जी जांच फॉर्म को कानूनी दृष्टि से दुष्ट माना, और यह भारतीय साक्ष्य कानून की धारा ए का अवहेलना है।
6	वह वहीं बैठकर सब कुछ देखता है।	वह वहीं बैठकर सब कुछ देखता है ।
10	मधुमास चैत्र शुक्लपक्ष नवमी तिथि कर्क लग्न में, पुनर्वसु नक्षत्र में जिस समय पाँच ग्रह उच्च राशि पर स्थित थे, सूर्य मेष राशि पर विद्यमान थे, उस समय परमात्मा सनातन जगन्नाथ का आविर्भाव हुआ। उस समय आकाश दिव्य पुष्पों की वर्षा से पूर्ण हो गया ॥	सर्प के दूसरे पंख में, नववें कर्कट के शुभ पक्ष में और पुनः वृक्षों के साथ ऊंचे ग्रहपंच पर
4	सुचेता क्या गिनती है ?	सुचेता क्या गिनती है ?
3	तुम सेवो ।	तुम सब सेवन करो।
5	आप किसके भाई हैं ?	आप किसके भाई हैं ?
3	वह अंधकार से डरता है ।	वह रात से डरती है
33	मिनी अंगनबाड़ी कार्यकर्ता 730, सहायक 5500, आशा कार्यकर्ता 500, एमडीएम कार्यकर्ता 4, शिक्षा प्रभाग के जल वाहक 000, पानी रक्षक 5300, जलशक्ति प्रभाग के बहुउद्देश्य कार्यकर्ता 000, परमात्मा के कार्यकर्ता 6300, पंचायत अधिकारी 8000, राजस्व अधिकारी (चौकीदार) 5800 और नम्बरदार 2,200 अंक को प्राप्त करेंगे।	मिनी आंगनबाड़ी कार्यकर्ता 7500, सहायक 5500, आशा कार्यकर्ता 5,500, एमडीएम कार्यकर्ता 4,500, शिक्षा विभाग के जलवाहक 5000, जल रक्षा विभाग के 5300, बहुउद्देश्यीय 5000 कार्यकर्ता, पैराफिटर-ऑपरेटर 6300, पंचायत सेवक 8000, राजस्व सेवक (चौकीदार) 5800, और नंबरदार 4,200 को सम्मानित किया जाएगा।
5	बिल्ली तो घर में होती ही है।	बिल्ली तो घर में होती ही है।
4	उसको मिठाई दी ।	उसको मिठाई दी ।
1	संतान	संतान को
11	शिक्षा मंत्री विजय वाचक ने नियुक्त शिक्षकों के बारे में सदन के बाहर घोषणा की.	शिक्षा मंत्री विजय पाण्डे ने नियुक्त शिक्षकों के बारे में सदन के बाहर घोषणा की।
1	लाकर।	ग्रहण करके।
12	ये मणि तो श्री सीता और राम के साकार मूर्तियाँ दिखाई नहीं देतीं, न उनका नाम ही है।	इन रत्नों में न तो श्रीसीतारमों का सकार-मूर्ति दिखता है और न उनका नाम।
4	हे सरस्वती (वाणी) आप अपनी नवीन वीणा को बजाओ।	नवीन नाम की वाणी बजाओ। वीणा का।
4	सुनार अनेक प्रकार के कान के झुमके दिखाता है।	सुनार अनेक प्रकार के कान के पंख दिखाता है।
4	तब लोग प्रेरणा को वन्दन करते हैं।	तब लोग प्रेरणा को वन्दन करते हैं
13	[द्रौपदीने कहा-] हे गोविन्द ! हे द्वारकाके रहनेवाले, हे गोपीवल्लभ श्रीकृष्णचन्द्र क्या आप मुझे कौरवोंके द्वारा अपमानित होती हुई नहीं जानते ? ॥	हे केशव ! तुम द्वारिकावासी गोविन्द और कृष्ण गोपियों के प्रिय कौरवों के द्वारा मुझे क्या नहीं जानते हो ? ॥
13	पूर्व कांग्रेस नेता राजेन्द्र रण ने कहा कि राज्य में हर जगह बिजली के खंभे, सेवा तारों, मीटर मात्रों का अभाव है।	पूर्व कांग्रेस विधायक राजेन्द्र रण ने कहा कि राज्य में सब जगह बिजली के खम्भे, सेवा तारों और मीटर की कमी है।
13	श्रीबाबा नीबकरौरीजी वेद विद्यालय के सभागार में यह कार्यक्रम सुबह 10:00 बजे से शाम 05:00 बजे तक आयोजित किया गया।	श्रीबाबा नबकरौरीजी वेद विद्यालय सभागार में यह कार्यक्रम सुबह 10 बजे से शाम 5 बजे तक आयोजित किया गया।
12	सभी पाण्डव वन के शमी पेड़ पर अपनेशस्त्रों को छिपाकर अपने वेष को बदलकर अधीपति विराट के प्रासाद में प्रवेश करते हैं।	सभी पांडव शमीवृक्ष पर अपना शस्त्र छिपाकर अपने वस्त्र बदलकर राजा विराट के महल में प्रविष्ट हुए।
5	दीपक के चारों ओर कीड़े हैं।	दीपक के चारों ओर कीड़े हैं।
4	सुजाता ने बैंक में नौकरी पाई।	सुजाता ने बैंक में नौकरी पाई।
6	किशोर का बेटा विद्यालय से घर नहीं आता है।	किशोर का बेटा विद्यालय से घर नहीं आता है।
8	अतः हे सुग्रीव! बन्दरों के साथ जल्दी से विमान चढ़ो।	इसलिये हे सुग्रीव! बंदरों के साथ जल्दी से विमान पर चढ़ो।
15	उत्तर प्रदेश संस्कृत संस्थान-लेखन के माध्यम से संस्कृत भाषा की शिक्षा के कक्षाओं में जीवन के प्रत्येक क्षेत्र को छूती हुई देववाणी को शिक्षित करने के लिए हम प्रयासरत हैं।	दिसंबर में उत्तर प्रदेश संस्कृत संस्थान-लखनऊ के माध्यम से संस्कृत भाषा के शिक्षण कक्षाओं में जीवन के हर क्षेत्र को छूकर देववाणी को सीखने और शिक्षित करने का हम प्रयास कर रहे हैं।
3	कौए ने लड़के के हाथ से रोटी लेली।	बायस ने बाल हाथ की थैली बुनवाई।
7	करता हुआ ही यहाँ कर्म, जीने की इच्छा करे सौ वर्ष	करते हुए ही हम सौ वर्षों तक इस लोक में जीयें।
4	नहीं, ये दोनों जोर से भौंकते हैं।	नहीं, ये दोनों जोर से भौंकते हैं।
1	अपरिवर्तनीय	तना
10	जो अपेक्षारहित, शुद्ध, दक्ष, उदासीन, व्यथारहित और सर्वकर्मों का संन्यास करने वाला मेरा भक्त है, वह मुझे प्रिय है।।	जो निष्पक्ष, शुद्ध, निष्पक्ष और उदासीन है, जो सब कर्मों का त्याग करने वाला और मेरा भक्त है, वही मुझे प्रिय है।।
4	शाम को वह कार्यालय बन्द करता है।	शाम को वह कार्यालय बन्द करता है।
9	इस प्रकारमुक्त श्रीराम रथ पर चढ़कर और प्रणाम कर उस रथ पर चढ़ गया।	इस प्रकार सेमुक्त श्रीराम रथ पर चढ़कर पलट गए और अभिवादन किया।
15	जिस प्रकार सोने की परीक्षा चार प्रकार से की जाती है-उसे कसौटी पर घिसा जाता है, काटकर देखा जाता है, तपाया जाता है और कूटकर उसकी जांच की जाती है, उसी प्रकार मनुष्य कितना श्रेष्ठ है इसकी पहचान भी इन चार बातों से होती है। चाणक्य के अनुसार, इन चारों प्रकारों से की गई परीक्षा में स्वयं को सही सिद्ध करने वाला व्यक्ति ही 'खरा' है। उसकी सज्जनता, उसका चरित्र, उसके गुण और उसका आचार- व्यवहार उसके खरेपन की पुष्टि करते हैं।	जिस प्रकार सोने की परीक्षा घिसने, काटने, तपने और पीटने से होती है, उसी प्रकार त्याग, शील और गुण से मनुष्य की परीक्षा चार प्रकार की होती है।
11	तख़्ता-भारत गावस्कर कप की मेजबानी कर रहा है-ऑस्ट्रेलियाई क्रिकेट क्रिकेट टूर्नामेंट भारत के नागपुर में शुरू हुआ।	बोडर-भारत द्वारा गोस्कर कप का आयोजन किया जा रहा है-अष्ट्रेलिया के बीच क्रिकेट मैच भारत के नागपुर में शुरू हुए।
6	उसने प्रधानमंत्री को अपना-अपना सन्देश भी दिया.	उन्होंने प्रधानमंत्री को अपना संदेश भी दिया।
5	उपदेश के बिना प्रथम ज्ञान उत्पन्न हो गया।	उपज्ञा उपदेश के बिना हुई पहली ज्ञान है।
12	नील कमलके समान श्याम स्निग्ध निर्मल उत्ताल तरङ्गोंका ताण्डव धारण करनेवाली कलिन्द पर्वतकी कन्या, माता देवि यमुने! हम तुम्हें प्रणाम करते  तुम तुरीया भी हो, क्योंकि मुरदैत्यके शत्रु भगवान् कृष्णकी प्रियतमा हो और उनके बचपन तथा यौवनकी लीलाओंकी अधिष्ठात्री एवं अन्य पटरानियोंमें सबसे अधिक वन्दनीया हो	नील कमलके समान श्यामसुन्दर मटरदेवी और कलिन्दभूषित श्वेत कमलकी मीठी दोनों लोमड़ी बाँधोंसे तुम्हें नमस्कार करता हूँ कि तुम अत्यन्त प्रियतमा मुरारिके समान बाल्यारोहण करती हो और लीलोंसे भी अधिक वन्दनीय हो
6	जलों को वर्षा काल के चारों ओर से धाराओं के	वर्षाके समय वह क्या उत्पन्न कर सकती है ?
1	macrocrystaline	मोटी क्रिस्टल
1	शिर में	सिर पर
7	इसके अलावा, पांच अन्य ग्रीनहाउस पूरी संस्कार के लिए प्रयास कर रहे हैं।	इसके अलावा, अन्य पांच ग्रीनहाउस को पूर्ण करने के प्रयास चल रहे हैं।
9	ओह , इसीलिए मैं भी ठण्ड अनुभव कर रहा हूँ ।	ओह , इसीलिए मैं भी ठंड अनुभव कर रहा हूँ ।
6	जनवरी तक या अग्रिम आदेश तक जारी रहेगा।	जनवरी तक या अग्रिम-यह आदेश तक जारी रहेगा।
3	दोनों ने जनेऊ बदला।	दोनों ने यज्ञोपवीत बदला।
6	आप स्कूल की छुट्टियों में कहाँ घूमना पसंद करते हैं?	आपको स्कूल की छुट्टियों में कहाँ घूमना पसंद है?
9	चन्दन – तो जल्दी ही पूजा करो और प्रसाद को दो	चन्दन  तो जल्दी से पूजा कर और प्रसाद दे।
1	बिलाव	बिल्ली
3	एक निर्धन बोला	एक निर्धन बोला
8	U.एस ने प्रेस लाइसेंस जारी किया और यह सूचना दी गई।	उ.प्र. एटीएस ने प्रेस विज्ञप्ति जारी करके यह सूचना दी।
4	इसके बाद तपस्या करता हुआ तपोदत्त प्रवेश करता है)	तब तपस्या में लीन तपस्वी पुरुष प्रवेश करता है।
14	देश के नागरिकों को digital न्यायालय रिपोर्ट निःशुल्क है-यह तकनीकी रूप में न्यायालय के निर्णयों को फैलाएगी।	देश के नागरिकों को Digital कोर्ट रिपोर्ट निःशुल्क-और तकनीकी प्रारूप में कोर्ट के निर्णय प्रसारित करेगा।
7	कार्यक्रम में भारत सरकार के शिक्षा मंत्री धर्मेन्द्र प्रधान मुख्य अतिथि के रूप में रहे।	कार्यक्रम में भारत सरकार के शिक्षा मंत्री धर्मेन्द्रप्रधान विशिष्ट अतिथि के रूप में रहे।
1	तैयार	लाए हुए
3	कब चले थे ?	कब गये ?
5	हिमाचल में भी यह चरण निकलता है।	हिमाचल में भी यह चरण प्रकट होता है।
9	व्यक्तियों का दृढ़ संकल्प सब कार्य सिद्ध करने में सक्षम है। लोकतन्त्र में कुछ भी हो गया है.	व्यक्ति में दृढ़ संकल्प सब कुछ सिद्ध करने में सामर्थ्य रखता है। लोकतन्त्र में कुछ भी सम्भव है।
15	इसी क्रम में संस्कृत भारती पंजाब प्रांत के संयुक्त तत्वावधान में शिव मंदिर-शहरी-राज्य-चेहरा1इस जगह में24दिसंबर: 31दिसंबर तक चलने वाले गीता ज्ञान यज्ञ समारोह के तीसरे दिन डाॅश्रीमती ओमान	श्री ओमान ने क्रमशः 24 दिसंबर से 31 दिसंबर तक संस्कृत भारती पंजाब प्रांत के संयुक्त तत्वाधान में शिवमंदिर-अर्बन-स्टेट-फेस1 में गीता ज्ञान यज्ञ समारोह के तीसरे दिन आयोजित किया।
9	हे राघव! उसी समय नर्मदा नाम का कोई गन्धर्वी भी था।	हे राघव! उसी समय नर्मदा नाम का कोई गन्धर्वी था।
4	किसान फसल की रक्षा के लिये प्रार्थना करते हैं।	किसान फसल की रक्षा के लिए प्रार्थना कर रहे हैं।
1	चाहती हूँ	चाहता हूँ
3	बच्ची को आम पसंद है।	बच्चे को आम पसंद है।
8	एक मिनट की भी देरी होती तो मैं निकल जाता ।	एक मिनट भी देरी होगी तो मैं जाऊँगा।
6	शायद वह संस्कृत के विकास के लिये काम करेगा	शायद संस्कृत के विकास के लिये वह काम करे ।
10	हम जानते हैं कि आपका ब्रह्माजी की प्रार्थना पर भूमि का भार हरण करने के लिए ही अवतार हुआ है। आप साक्षात् श्रीहरि, श्रीजानकीजी लक्ष्मी, श्रीलक्ष्मणजी शेषजी का अंश और भरत शत्रुघ्न भगवान् के शंख और चक्र हैं; यह भी हम जानते हैं। अतः आप सर्वप्रथम यहाँ के ऋषियों के दुःख को दूर कीजिए ॥	आप ब्रह्माजी के लिए पृथ्वी का भार उठाने के लिए उत्पन्न हुए हैं, हम सब जानते हैं कि आप श्रीलक्ष्मी, जानकी और लक्ष्मण हैं।
7	अध्ययन के नतीजे न्यूरो एपिडेमियोलॉजी पत्रिका में प्रकाशित हुए थे।	यह अध्ययन न्यूरो एपिडेमियोलॉजी पत्रिका में प्रकाशित हुआ था।
5	एक बार हम लोग वैष्णोमन्दिर जायेंगे।	एक बार हम वैष्णो मंदिर जाएँगे।
7	धृतराष्ट्र ने वीरों के वीरता को सुनने की इच्छा व्यक्त की।	धृतराष्ट्र ने वीरों की वीरता सुनने की इच्छा व्यक्त की।
38	पिछले दो दिनों में पश्चिमी वेग की प्रतिघंटा 2030 किमी से 40 किमी तक थी, इसलिए राज्य में अधिकतम तापमान 2 से 4 डिग्री सेल्सियस तक कम कर दिया गया है 11 फरवरी को पटना सहित राज्य में पूर्व गति चल रही है, इससे अधिकतम तापमान 2 सेल्सियस तक बढ़ गया है।	पिछले दो दिनों में पश्चिमी वायु की गति प्रतिघण्टे 20 से 30 किमी से 40 किमी तक थी, इसीलिए राज्य में अधिकतम तापमान 2 से 4 डिग्री सेल्सियस तक कम कर दिया गया है चूंकि 11 फरवरी को पटना समेत राज्य में पूर्व वायु बह रही है, अधिकतम तापमान 3 से 3 डिग्री तक बढ़ रहा है।
1	राजा द्वारा	राजा ने
12	प्रकाशमान रश्मियों के समूह अथवा सूर्यदेव उदित हो रहे हैं ये मित्र, वरुण, अग्नि और सम्पूर्ण विश्व के प्रकाशक ज्योतिर्मय नेत्र हैं। सूर्यदेव ने उदित होकर द्युलोक, पृथ्वी और अन्तरिक्ष को अपने प्रकाश से सर्वतः परिपूर्ण कर दिया है यह सूर्य देव सम्पूर्ण स्थावर जंगम जगत के आत्मा रूप हैं।	देवताओं के मध्य उत्पन्न हुई अग्नि, सूर्य, पृथ्वी, अन्तरिक्ष तथा आत्मा और इस जगत् के आश्रय हैं।
7	हेतु, लक्षण ओर काल को समझने वाले तथा बल और शुद्ध एव अशुद्ध रक्त के वर्ण की पहिचान करने वाले वैद्य को चाहिये कि रक्तस्राव की उपेक्षा उस समय तक करता रहे जब तक कि भयानक रूप धारण न करले, अथवा काई घातक रूप पैदा न करे ॥	समय के लक्षणों को जानने वाला मनुष्य अधिक बलवान् होता है और अधिक काल की प्रतीक्षा करता रहता है, जब तक वह आयु को प्राप्त नहीं कर लेता।
1	उल्लू	उल्लू
6	यह विधेयक पूर्व चुनाव आयोग के पास होगा-विधेयक के पद पर बनेगा।	यह विधेयक पूर्व चुनाव आयोग-बिल पेश के स्थान पर खड़ा रहेगा।
1	जम्हाई लेना	जम्भाई लेती है
4	जब वह चुटकुला बोलता है	जब वह चुटकुला बोलता है
4	पाँच लड़कियाँ है।	पाँच लड़कियाँ हैं।
1	नाम से जाना जा सकता है	आप को पता है
17	इस भारत विकसित भारत करने का लक्ष्य देश के सफल प्रधानमंत्री नरेंद्र मोदी ने लिया है, देश उस दिशा में अग्रणी है।	प्रधानमंत्री नरेंद्र मोदी ने इस भारत को विकसित भारत बनाने का लक्ष्य लिया है, और देश उस दिशा के लिए आगे बढ़ रहा है।
3	''लक्ष्य लक्षण पर व्याकरण है यह भाष्यकार है।	''लक्ष्य के लक्षण में व्याकरण''भाष्यकार।
1	समाप्ति का	सम्पूर्ण
3	उन्होंने भयंकर कष्टों को सहन किया।	वे भयंकर कष्ट सहन करते हैं।
5	आज मैंने अँगूर खाना चाहा।	आज मैंने अँगूर खाना चाहा।
9	सुप्रीम कोर्ट द्वारा जारी मानवाधिकार पत्र पर अवैध धनों को नियंत्रित करने के लिए एकमात्र कानून नहीं होता है।	सुप्रीम कोर्ट द्वारा जारी निर्वाचक पद अवैध धन को नियंत्रित करने का एकमात्र तरीका नहीं है।
3	यह अत्यन्त जल्दी लिखता हैं।	भयभीत जल्दी लिखती है
5	वैद्य रोगी के लिए दवाई देता है।	वैद्य रोगी को औषधि देता है ।
5	क्या आप पात्र में पानी भर देंगे?	क्या तुम बर्तन खुल जाने से भरोगे ?
6	अतः व्यवसाय में बहुत लाभ नहीं है।	अतः व्यवसाय में बहुत लाभ नहीं है।
14	अट्ठाईस राज्य के आठ केंद्र शासित क्षेत्रों में स्थित इन रेलवे स्टेशनों का पुनर्विकास काम लगभग बीस हजार से अधिक रुपये का खर्च किया जाता है।	अट्ठाईस राज्यों के आठ केंद्र शासित प्रदेशों में स्थित इन रेलवे स्टेशनों का पुनर्विकास बीस हजार रुपये से अधिक खर्च से किया जा रहा है।
3	यह महिला है।	यह महिला है।
11	उन्होंने कहा कि राज्य सरकार जल्द ही हाड़ी समुदाय के लिए अनुसूचित जाति पदवी प्रदान करने में प्रतिबद्ध है।	उन्होंने कहा कि राज्य सरकार हाड़ी समुदाय को शीघ्र ही अनुसूचित जाति का दर्जा देने के लिए प्रतिबद्ध है।
1	देवताओं द्वारा स्थापित	देवताओं द्वारा निर्मित।
4	प्रतिदिन पढ़ेंगे क्या ?	प्रतिदिन पढ़ेंगे क्या ?
1	महल	चौकी
4	कच्ची केरी में हींगहीं डाली जाती है।	कच्चे आम में हींग डाल दी जाती है।
4	हाँ, आज की जिज्ञासा परायें।	हाँ, आज मेरी जिज्ञासा रखिये।
3	वह वाशिंग मशीन चलाती है।	वह वाशिंग मशीन चलाती है।
10	गोशाला में सोलन जिले के पट्टा और कांगड़ा जिले के पालमपुर में अनुमोदन किया गया था।	गोष्ठी में सोलन जिले के पट्टा और कांगड़ा जिला के पलमपुर में खंड विकास कार्यालयों के उद्घाटन के लिए मंजूरी दी गई।
1	खरीदना	खरीदना
10	लेकिन अभी तक ड्रैड्डी-निर्माताओं को इस विषय पर आधिकारिक वक्तव्य नहीं मिला।	लेकिन अब तक डड्डी-निर्माताओं को इस विषय पर आधिकारिक वक्तव्य नहीं मिला है।
16	उद्घाटन समारोह वाग्देवी सरस्वती की पूजा और दीप प्रज्ज्वलन के साथ शुरू हुआ। दीप प्रज्वलन के दौरान डाॅअंकितासांडिलियेन, सरस्वती वंदना एवं संचालन अनुरुद्ध त्रिपाठी ने किया।	उद्घाटन समारोह वाग्देवी सरस्वती की पूजा और दीप प्रज्ज्वलन के साथ शुरू हुआ। दीप प्रदीपन के दौरान वैदिक मंगलाचरण डॉ. अंकिट सांडिल्य ने किया, सरस्वति वंदना एवं अनुरुद्ध त्रिपाठी द्वारा विहित।
4	हमें संस्कृत में बोलना चाहिये।	हमें संस्कृत में बोलना चाहिये।
1	हर आत्मा में	लौट जाने के लिए
4	विष क्या है? गुरुओं की अवहेलना।	क्या विष है? गुरुजनों की अवहेलना करिये।
11	उन्होंने कहा कि इन आवेदकों ने इस महत्वाकांक्षी योजना में रुचि दिखाई दी है।	उन्होंने कहा कि इन सभी आवेदकों ने इस महत्वाकांक्षी योजना में रुचि दिखाई है।
5	जहाँ परिश्रम हैं, वहाँ असफलता कहाँ?	जहाँ परिश्रम है, वहाँ असफलता कहाँ है?
8	क्षमा करियेगा , मैं वो काम भूल गया / भूल गई।	क्षमा करियेगा , मैं वो काम भूल गई / गई।
7	ओह , सच में नहीं जानता था	ओह , सच में नहीं जानता था
5	वह शास्त्र का सब ज्ञान जानता है।	वह शास्त्र का सारा ज्ञान जानता है
7	वे निशाचर वहाँ खड़े रहते हैं, वे हमें सबको प्रभावित करते हैं।	वहाँ बैठे वे राक्षस हम सबको व्याकुल करते हैं ।
18	9 घंटे 44 मिनट की कार सेवा-यह समय था। सुबह के 9 बजकर 10 मिनट हो रहे थे जब मनीराम कैंप के गेट खुले!	9 घंटे 44 मिनट की कार सेवा - समय था सुबह 9 बजे से 10 मिनट हो गया तब मणिराम शिविर के द्वार खुल गए!
1	बात	अस्तित्वहीन
9	दूसरा विकल्प नहीं देखकर दीवान गौ पालक को न्यायालय ले गए।	दूसरा विकल्प न देखकर दीवान ने गोपालक को कोर्ट ले जाया।
7	आपका भार बहुत अधिक है।	आपका भार बहुत अधिक है।
8	इसीलिए लघुता विचार करके अधुशब्द की अपेक्षा से साधुशब्द अकेला ही योग्य है।	इसलिये लघुता को विचार कर अशुद्ध शब्दों की अपेक्षा साधुशब्दकथ ही योग्य है।
14	प्रधानमंत्री नरेंद्र मोदी आज महाराष्ट्र साढ़े तीस- करोड़ से अधिक विकासों का उद्घाटन और शिलान्यास करेंगे।	प्रधानमंत्री नरेंद्र मोदी आज महाराष्ट्र डेढ़ करोड़ से अधिक परियोजनाओं का उद्घाटन करेंगे और शिलान्यास करेंगे।
6	अब मैं भी अपनाकाम स्वयं ही करूँगा ।”	अभी मैं भी अपने काम अपने आप करना चाहता हूँ।
1	गरजते हैं	गरजना
6	आठवें दिन फल को हिमाचल प्रदेश से जाना जा सकता है।	आठवें दिन हिमाचल प्रदेश के साथ नतीजा ज्ञात किया जा सकता है।
1	उदार	विशाल हृदय वाला
3	वह पेंसिल तीखी कर रही है।	वह पेंसिल तीखी कर रही है।
9	मैं आपकी माया से मोहित होकर पति पुत्र, धन आदि के लोभ में संसार सागर में मग्न थी, आज सौभाग्यवश आपके चरण कमलों के समीप आयी हूँ ॥	हे भगवन्! मैं तो संसार सागर में अपने पति, पुत्र और धन आदि के साथ घूम-घूमकर आज आपके चरणारविन्द की आड़ में आ गई हूँ ॥
1	ग्रस्त होता है।	बनाया जा रहा है
1	प्रयोजन युक्त	अर्थपूर्ण
4	दो पहर एक बजे भोजन।	दोपहर एक बजे भोजन।
14	केंद्रीय मंत्री किरेन रिजीजु ने कहा कि यह वित्त-विकल्पना-पत्र भारत के आगे ले जाने के लिए एक आदर्श माध्यम है।	केंद्रीय मंत्री किरण रिजु ने कहा कि यह वित्त-संकल्पना-पत्र भारत को आगे ले जाने के लिए एक आदर्श माध्यम है।
7	पुण्य कर्म में जो रत हैं वे पुण्य फल ही पाएँगे।	पुण्य कर्म में जो रत हैं वे पुण्य फल ही पाएँगे
11	उसे बैल का चित्र दीजिए। गणेश! तुझे बालिका का चित्र आचार्या ने दिया क्या ?	उसे वृषभ चित्र दीजिये। गणेश ! तुम्हें आचार्या ने बालिका का चित्र दिया क्या?
1	रुई	तोल
3	ईश्वर सुखी लोगों को हंसाएगा।	ईश्वर सुखी लोगों को बुलाएगा।
20	नेचर इम्यूनोलॉजी जर्नल में प्रकाशित एक अध्ययन से पता चलता है कि वायरस, SARSCOV, परमाणु हस्तक्षेप के बाद 18 महीने तक मानव श्वसन पथ में रहता है।	नेचर इम्यूनॉलजी जर्नल में शोध एक रिपोर्ट के अनुसार, सारस्कोव परमाणु संक्रमण के बाद 18 महीने तक मानव श्वसन पथ में रहता है।
6	कहा जाता है कि कल नामांकन में प्रवेश किया जाएगा।	कहा जाता है कि कल नामांकन दाखिल होगा।
7	राजा का अपना हित प्रिय नहीं होता है। प्रजाओं का हित ही तो उसे प्रिय होता है।	जो राजा का हित नहीं होता, प्रजा का हित होता है ॥
8	उस समय मैं उसके सामने बहुत दुःखी था।	उस पूरा में उसके अभाव में मैं दुःखी था।
4	अधिक भोजन का यही फल है ।	अधिक भोजन से ही फल मिलता है।
12	कई लोग और सदस्य पूजा, लोग शाम को पूजा में उपस्थित होते हैं।	बहुत से लोग और सदस्य पूजा में होते हैं, लोग शाम सुबह पूजा में उपस्थित होते हैं।
3	कार्यालय के पात्र धोता है।	कार्यालय के पात्रों को धोता है।
3	और सब एक दिल वाले हैं ।	वे सब एक मन वाले हैं
3	भूतकाल में वाक्य लिखिये	अतीत काल में वाक्य लिखिये।
3	तब पथिक ने उन्हें गिना।	पथिक ने उन्हें गिना।
2	तुम्हारी अभिलाषा	तुम्हारी अभिलाषा
8	उसी दिन चन्द्रयान ने चंद्र पृष्ठ पर एक सफल उतरान किया।	उसी दिन चंद्रयान ने सफल लैंडिंग की।
3	तुम जाते हो क्या?	तुम जाते हो क्या?
1	सींचना	छिड़कता है
4	हमारे स्वतन्त्रता दिवस का समारोह होगा।	हमारा स्वाधीनता दिवस समारोह होगा।
3	झूला बाग़ में है।	झूला झुंड में है।
4	मैं पक्षियों को दाना देता हूँ।	मैं पक्षियों को दाना देता हूँ।
4	वह परिवार जनों के साथ जा रहा है।	वह परिवारजनों के साथ जाता है।
4	खाने योग्य सारी वस्तुएँ आज अशुद्ध (विषैली) वस्तुओं से मिलावटी हो गई हैं। तथा सारी धरती मैली (अशुद्ध) हो चुकी है।	कुत्सित वस्तुओं का मिश्रण करके समतल पृथ्वी खानी चाहिए ॥
8	उसके सींग रत्नमय, खुर मणिमय और नेत्र नील रत्नमय थे। इस प्रकार बिजली की छटा और मनोहर मुखवाला वह मृग श्रीरामचन्द्रजी के आश्रम के पास सीताजी के सामने वन में विचरण करने लगा ॥	अपने शङ्खों में मणिधारी नील रत्नों के समान दीखता हुआ विद्युत्प्रभो ! मुग्धाजी विचरण कर रहा था वन के बीच में ।
7	पति – तुम चलो , मैं आता हूँ।	पति  तुम जाओ , मैं आता हूँ।
6	वे सब खेलने के लिए मैदान में गए ।	वे सभी खेलने के लिए मैदान गए थे।
5	मुझसे अन्न लेकर उसे दे।	मेरा अन्न लेकर उसको दे।
5	उत्तम लड़की से धन लेता हूँ।	उत्तम लड़की का धन लेता हूँ ।
6	और अपने परिवार का सम्मान अवश्य बढ़ेंगे।	और अपने परिवार का सम्मान अवश्य ही बढ़ेंगे।
8	1 अप्रैल से नवंबर 19 तक नए मार्गों की कामना शुरू हो गई है.	नए मार्गों पर काम 1 अप्रैल से नवंबर तक शुरू हुआ।
11	इस्लामी पुरुषों का बहुविवाह, निकाह, सुप्रीम कोर्ट ने हलाल की नैतिकता की जांच के लिए एक नई पीठ बनाने का फैसला किया है।	इस्लामी पुरुषों की बहुपत्नीता, निक्काह, सुप्रीम कोर्ट ने हलाला के लिए नीतिगत शोध के लिए एक नया पीठ बनाने का फैसला किया है।
9	समिति के अध्यक्ष राजेन्द्र रण हिमाचली नायक को धारण करके उसका सम्मान किया।	समिति के अध्यक्ष राजेन्द्र रण ने हिमाचली टोपी पहनकर उनका सम्मान किया।
9	तो इन शब्दों के ज्ञान से धर्म होता है या प्रयोग से ?	तो इन शब्दों के ज्ञान से धर्म होता है या उनके प्रयोग से ?
3	ऊपर की ओर साँस छोड़कर	ऊपर श्वांस लेना
5	खेलते हुए बालक मुझे अच्छे लगते हैं ।	खेलते हुए बच्चे मुझे अच्छे लगते हैं
11	अध्यक्ष भाषण में प्राचार्य महोदयों ने भारतीयों के प्रति सनतनीय परंपरा के विषय में एवं लोकसंस्कृतियों के छात्रों के परिचय कराया।	अध्यक्ष के भाषण से प्रधानाचार्य जी ने छात्रों को भारतीयों की सनतनीय परंपरा और लोकसंस्कृत आदि का परिचय दिया।
14	एक समानांतर सुरंग के ड्रिलिंग ऑपरेशन में''ओगर''छेदने की जो मशीन बुलाई गई थी वह बिना किसी प्रवर्तन के थी। राष्ट्रीय आपदा निवारण बल ने सड़क पर गतिरोध को दूर करने के प्रयास शुरू किए हैं।	समानांतर सुरंग की गति में''ओगर''नाम वाला वेध यंत्र प्रवर्तन से रहित हो गया। राष्ट्रीय दुरंत निवारण बल ने वेध पथ पर बने रुकावट को रोकने के प्रयास शुरू किए हैं।
22	वित्त- मंत्रालय ने एक वक्तव्य में प्रतिपादित किया है कि इन संधियों के वितरण के तीसरे चरण में स्टेट बैंक चुनाव संधि-पत्र प्रसारण स्थल-वितरित करने के लिए अधिकृत नियुक्त किया गया।	वित्त मंत्रालय ने एक वक्तव्य में प्रतिपादित किया कि इन संधियों की बिक्री के तीसरे चरण में स्टेट बैंक चुनाव संधियाँ-पत्रों का प्रसारण उसके स्थान पर धन-वितरण के लिए अधिकृत था।
22	सर्वेक्षण के अनुसार ग्रामीण और शहरी क्षेत्रों में लगभग दोगुना वृद्धि हुई है। नीति के मुख्य कार्य करने वाली अधिकारी ने कहा कि सर्वेक्षण के नतीजे के अनुसार शहरी क्षेत्रों की अपेक्षा ग्रामीण। क्षेत्रों में उपभोग तेजी से बढ़ रहा है।	सर्वेक्षण के अनुसार, ग्रामीण और नगरीय क्षेत्रों की खपत में लगभग दो गुना वृद्धि हुई है। नीति आयोग के मुख्य कार्यकारी अधिकारी ने कहा कि सर्वेक्षण के नतीजों के अनुसार शहरी क्षेत्रों की तुलना में ग्रामीण-क्षेत्रों में खपत तीव्र गति से बढ़ रही है।
10	सूचनाप्रसारण मंत्री अनुराग सिंह ठाकुर ने भी आज सशस्त्र सेना के ध्वज दिवस के अवसर पर सभी को नमस्कार किया।	सूचनाप्रसारण मंत्री अनुराग सिंह ठाकुर ने भी सशस्त्र सेना के झंडे के अवसर पर सभी को नमस्कार किया।
2	शान्त होइए	शान्त होइए
9	हरिद्वार''उन्होंने निर्देश दिया कि उन्हें समर्थन पाने का प्रयास करना चाहिए।	हरिद्वारम्''उन्होंने निर्देश दिया कि समर्थन पाने का प्रयास किया जाना चाहिए।
6	इस संबंध में भारत केरिजर्व बैंक की अनुमति ली गई है।	इसके लिए भारत के रिजर्व बैंक की अनुमति ली गई है
27	आयुष्मान भारत-प्रधानमंत्री जन-स्वास्थ्य-योजन के तहत राज्य में उत्तम स्वास्थ्य सुविधाएं प्रदान करने के लिए राज्यपाल शिव प्रताप शुक्ल ने शुक्रवार को ऐतिहासिकरिजाल में आयोजित को गणतंत्र दिवस समारोह में इन्दिरागांधी का उद्घाटन किया-आयुुर्विद्या महाविद्यालय के वरिष्ठ चिकित्सितक्षक डॉ. राहुल रण ने प्रशंसा पत्र देकर प्रशंसित किया।	आयुष्मान भारत-प्रधानमंत्री जन-आरोग्य-योजन के तहत राज्य में उत्तम स्वास्थ्य सुविधाएं प्रदान करने के लिए राज्यपाल शिव प्रताप शुक्ल ने शुक्रवार को ऐतिहासिक रस्सी में आयोजित गणतंत्र दिवस समारोह में कोइंदिरा गांधी-आयुर्विज्ञान कॉलेज के वरिष्ठ चिकित्सा निदेशक डॉ. राहुल रान को प्रशंसा पत्र दिया।
4	प्रतीक – जरूर कहूँगा।	प्रतीक  अवश्य बोलूँगा।
7	अयमावासीय प्रबोधनवर्ग जनवरी से जनवरी तक चला।	अयमावासी प्रबोधन वर्ग जनवरी से जनवरी तक चला।
6	तो हम एक छोटा नाटक करते हैं।	तो हम एक छोटा नाटक करते हैं
6	हारे हुए मुसलमान लोग ब भी उपद्रव शर्थात् धूम धाम नहीं छोड़ते।	पगाए हुए भी हाथी आज तक ऊखरी नहीं छोड़ते हैं।
6	जिसके तहत राज्य सरकार अनाथ बच्चों को सभी खर्च करती है।	जिसके तहत राज्य सरकार अनाथ बच्चों का पूरा खर्च उठाती है।
4	बेल के पेड़ से सारे पत्ते गिर गए हैं ।	बिल्व के पेड़ से सभी पत्ते गिर गए।
8	वह बोली – पुत्र ! पानी ठंडा है।	वह बोली  हे पुत्र ! जल ठंडा है।
13	इस सेमिनार के साथ छात्रों के बीच, शोध छात्रों में, प्रतिभागियों को भारतीय शिक्षा प्रणाली और नई शिक्षा नीतियों पर विशेष ज्ञान भी प्राप्त होगा	यह सेमिनार छात्रों में, शोध छात्रों में और प्रतिभागीों में भारतीय शिक्षा प्रणाली और नई शिक्षा नीति में विशेषज्ञ ज्ञान का प्रवाह होगा।
9	वहाँ निज रामदास की सहायता से उस महापुरुष शंकरदेव का परिचय हुआ।	वहाँ आत्मीय रामदास की सहायता से उनका महापुरुष शुक्लदेव से परिचय हुआ।
6	नहीं. आज स्नानघर में नहीं गाऊँगा।	नहीं आज स्नानगृह में नहीं गाऊँगा।
6	वाट्सएप में तो संस्कृत पाठन बहुत अच्छे से चलता है	कुछ भी-संप्रयोग में तो संस्कृत पढ़ना बहुत अच्छा चलता है।
21	छात्र उन शिक्षा शिक्षकों से शिक्षण प्राप्त करते हैं, उन्हें अग्रिम काल में वाणी की भावना से अपना जीवन बिताते हैं, देश के विकास के लिए, स्वयं की उन्नति के लिए और कार्य के लिए, जैसे शिक्षा की आवश्यकता होती है।	छात्र उन्हें शिक्षा गुरुओं से शिक्षा प्राप्त करें, वे अग्रिम में नगर के रूप में अपना जीवन बिताएँ, देश के विकास के लिए और अपनी उन्नति के लिए कार्य करें, इस उद्देश्य के सिद्ध होने के लिए शिक्षा की आवश्यकता होती है।
6	घटना के बाद शिक्षक घर से भाग गया है।	घटना के बाद शिक्षक घर से भाग गया है।
5	हम समाज को क्या देते हैं ?	हम समाज को क्या देते हैं ?
1	चट्टान	गिरावट
11	यदि हम हिमाचल में शुरू करते हैं तो बाहर राज्यों को भी अच्छा सन्देश भेजना चाहिये।	यदि हम हिमाचल में शुरू करते हैं तो बाहर के राज्यों को भी अच्छा संदेश भेजा जाएगा।
5	फिर भी सामा बहुत गुणवती है ।	फिर भी सामा बहुत गुणी है ।
15	जयश्रीराम के घोषणों से आकाश काँप गया।''रामलल्ला हम हैं, मन्दिर यहीं बनाये जाते हैं''यह जयघोष था।	जयश्रीराम के घोषणाओं से आकाश काँप गया।''रामलल्ला हम आये है, यह जयघोष था कि मन्दिर यही बनाए जाएंगे।
10	आप केवल खाते हैं, न पढ़ते हैं न कोई कार्य करते हैं ?	आप केवल खाते हैं, नहीं पढ़ते हैं या काम नहीं करते हैं।
5	विद्यालय के प्रार्थना सत्र में वह संस्कृत गीत गाती है।	विद्यालय के प्रार्थना सत्र में वह संस्कृत गीत गाती है।
9	उसी क्रम में और बीच में स्नातक पद और स्नातकोत्तर उपाधि प्राप्त हुए।	उसी क्रम में और बीच में स्नातकपद और स्नातकोत्तरपद को प्राप्त किया।
4	किस राग की वेला है।	किस राग का समय है।
3	कागजातों को फाइल में संगृहीत करता है।	कागजातों को फाइल में रखता है।
3	विविध व्यंजन मिलते हैं।	विविध व्यञ्जन उपलब्ध हैं।
14	भारत- इंग्लैंड के बीच खेले गए टेस्ट क्रिकेट टूर्नामेंट के पहले मैच में भारतीय गेंदबाजों का प्रदर्शन अच्छा रहा।	भारत- इंग्लैंड के बीच खेले गए टेस्ट क्रिकेट टूर्नामेंट के पहले मैच में भारतीय गेंदबाजों का प्रदर्शन अच्छा रहा।
4	आधी रात एक बजे जागूँगा।	आधी रात एक बजे जागूँगा।
8	वह कहती है - तुम सबके दोनों चरण संगीत के अनुसार रखो।	वह बोलती है -अपने दोनों चरणों को संगीत के अनुसार रखिये।
1	प्रकाशना	प्रकाशना
17	बौद्धिक सत्र में बोलने के रूप में उपस्थित हाटा प्रतापपुर जिले के श्रीकृष्ण-इंतर-महाविद्यालय के प्रिंसिपल डॉ. उमानाथ तिवारी ने कहा कि संस्कृत भाषा के विशेषता का व्याख्यान करते हुए संस्कृत भाषा संस्कारित हो रही है।	बौद्धिक सत्र में वक्ता के रूप में उपस्थित हाटा प्रतापपुर जिले के श्रीकृष्ण-इण्टर-महाविद्यालय के प्रिंसिपल डॉ. उमानाथ तिवारी ने कहा कि संस्कृत भाषा संस्कृत के विशेषता के व्याख्यान के लिए संस्कारित घर प्रदान करती है।
8	पिछले एक वर्ष सरकार ने तीन प्रतिज्ञा पूरी कर ली हैं।	पिछले एक वर्ष में सरकार ने तीन प्रतिज्ञा पूरी की हैं।
5	उसे देखकर सभी प्रसन्न होते हैं।	उसे देखकर सभी खुश होते हैं।
15	इस प्रकार विलाप कर के भयभीत होकर श्रीरामचन्द्रजी बोले हे प्रभो! आपकी कृपा से इस श्मशान के आने हुए का कृत्य करना चाहता हूँ।	इस प्रकार विलाप करते हुए विभीषण ने श्रीराम के वचन को कहा- हे प्रभो! आपकी कृपा से मैं इस प्रेतगत का कार्य करना चाहता हूँ।
1	अनेक प्रकार की	अनेक प्रकार का
8	रावेल और रेंटिला गांवों के क्षेत्रों में आसमान से गोल चट्टानें गिरीं।	रावेल रंटीला नाम के गांवों के इलाकों में ही गोल चट्टानें गिरी हुईं.
1	मुसीबत	आपदा
22	फिलिस्तीनी स्वास्थ्य मंत्रालय ने कहा कि बुधवार तक गाजा में लगभग 11,000 लोग मारे गए थे। इनमें 4,324 बच्चे शामिल हैं। विश्व स्वास्थ्य संगठन की रिपोर्ट है कि वहां हर दिन औसतन 160 बच्चे मरते हैं।	फिलिस्तीन के स्वास्थ्य मंत्रालय ने घोषणा की कि बुधवार तक गाजा में लगभग ग्यारह हजार लोग मारे गए। इनमें 4324 बच्चे हैं। विश्व स्वास्थ्य संगठन के अनुसार, वहाँ प्रतिदिन आमतौर पर 160 बच्चे मारे जाते हैं।
6	मेरे घर में एक ग्रन्थ है।	मेरे घर एक ग्रन्थ है ।
3	उससे अण्डे नष्ट हो गए।	उसने सारे अंडे फैला दिये।
7	हालांकि तीन साल के समय का आवंटन बढ़ाकर किया गया।	हालाँकि, यह तीन साल की समय सीमा को बढ़ाकर किया गया है।
8	इस संबंध में मंगलवार को झारमा जरीिस्तान में घटनास्थल से आवश्यक साक्ष्य एकत्र किया गया।	इस संबंध में झारमाजरी में मंगलवार को जाकर घटनास्थल से आवश्यक साक्ष्य इकट्ठा किया गया।
3	पासवर्ड मत भूलिये।	पासवर्ड मत भूलिये।
36	इस अवसर पर मुख्यमंत्री श्री पुष्कर सिंह धामी ने देवभूम उत्तराखंड की समस्त जनता की ओर से प्रधानमंत्री श्री नरेन्द्र मोदी का स्वागत किया और कहा कि समय-समय पर भारत में कई महान हस्तियों ने ताज की सुंदरता को बढ़ाने में अपना योगदान दिया है।	इस अवसर पर मुख्यमंत्री श्री पुष्कर सिंह धामी ने देवभूम उत्तराखंड में सभी लोगों की ओर से प्रधानमंत्री श्री नरेन्द्र मोदी का स्वागत किया और कहा कि समय-समय पर भारत में अनेक महान पुरुषों ने मुकुट की सौन्दर्य को बढ़ाने में योगदान दिया है। उन्होंने भारत माता समाज को उचित दिशा देने के लिए प्रदर्शन का काम किया है।
10	लेकिन इसी समय भवननिर्माण मंत्री, मुख्यमंत्री अखिलेश कुमार और निकट सहायक को स्वीकार किया गया था।	परन्तु इस समय भवन निर्माण मंत्री, मुख्यमंत्री अखिलेश कुमार और पास के सहायक ने स्वीकार किया था।
5	शर्मा सङ्गनेर विधानसभासन से विधायक हैं।	शर्मा संगनेर विधानसभा क्षेत्र से विधायक हैं।
3	लोगों को प्रवृत्त करने के लिए अच्छा समय है।	व्यक्तिगत कृत्यों में तत्पर रहना चाहिए।
13	उन्होंने स्वास्थ्य विभाग को निर्देश दिया कि चिकित्सकों के कार्यों को सुव्यवस्थित बनाने के लिए अधिकारियों के विवरणों को डिजीटल किया जाना चाहिए।	उन्होंने स्वास्थ्य विभाग को निर्देश दिया कि चिकित्सकों के कार्यों को सुव्यवस्थित करने के लिए अधिकारियों के विवरणों को डीज़ाइन किया जाए।
7	इन सुगंधित पदार्थों को छोड़कर देवता का पूजन कभी नहीं होता।	इन सुगन्धित द्रव्यों के सिवा देवता पूजन का कोई परिकल्पना नहीं की जाती।
3	शोभना ने आलस छोड़ दिया।	शोभना ने आलस छोड़ दिया।
8	तब उस मारे हुए मृग को लेकर जाते हुए शिकारी ने भयंकर सुअर देखा ।	तब उस शिकारी ने एक घोर आकार का सूअर मारा हुआ हरिण लेकर जा रहा हुआ देखा।
18	इस कार्यक्रम में, जो इस महीने की नववीं तारीख से पंद्रह तारीख तक आयोजित किया जाएगा, विभिन्न विषयों पर आधारित प्रदर्शनियां भी संग्रह की जाएगी और वरीवरीयता दी जाने के अर्थ में कला और वास्तुकला का प्रोत्साहित किया जाएगा।	इस महीने की नब्बे से पंद्रह तारीख तक आयोजित कार्यक्रम में विभिन्न विषयों पर आधारित प्रदर्शनियां भी आयोजित की जाएंगी और यहाँ बढ़ती अर्थव्यवस्था के हिस्से के रूप में कलाओं और वास्तुकला को बढ़ावा दिया जाएगा।
8	इस प्रकार परिणामस्वरूप हिन्दू समुदाय खण्डशः विभाजित हो गया।	इस प्रकार परिणामस्वरूप हिन्दू समाज टुकड़े-टुकड़े हो गया।
5	सुमधुर स्वर में उसने गाने गाए।	मधुर स्वर में उसने गाने गाए।
3	मैं भूमि पर गिर गया।	मैं भूमि पर गिर गया।
6	आप फोन कर लें ऐसा कही थीं।	वह बोली आप फोन कीजिए।
6	तुम्हारे घर किसका वृक्ष है ?	तुम्हारे घर किसका पेड़ है ?
11	मनुष्य को अत्यन्त सरल और सीधा भी नहीं होना चाहिए। वन में जाकर देखो, सीधे वृक्ष काट दिए जाते हैं और टेढ़े-मेढ़े गांठों वाले वृक्ष खड़े रहते हैं।	अत्यंत सरली हुई भूमि को न जाओ और वन की भूमि को देखो। वहाँ वृक्ष, वृक्ष और कुब्जाएं काटे जा रहे हैं और सरली रह रही हैं।
11	इस वर्ष नवम्बर महीने में भारत के विनिर्माण क्षेत्र में कम मूल्य वाला बाजार, कठोर शब्दों से यह लगातार एक अच्छा प्रदर्शन हुआ।	इस वर्ष नवंबर में भारत के विनिर्माण क्षेत्र की कम कीमतें, कठोर पैरों ने अच्छा प्रदर्शन किया।
21	समारोह में मुख्यमंत्री योगी पाण्डे लखनऊ में रहे आवास पर तिरंगा झंडा फहराया गया. ऑडिशा के भुवनेश्वर शहर में महात्मा गांधी की सड़क पर आज सुबह राज्यपाल रघुबरदास ने राष्ट्रीय ध्वज फहराया.	समारोह में मुख्यमंत्री योगी पाण्डे ने लखनऊ में स्थित स्वीये आवास पर तिरंगा झंडा फहराया-ओडिशा के भुवनेश्वर में महात्मा गांधी-मार्ग पर आज सुबह राज्यपाल रघुबारदास द्वारा राष्ट्रीय ध्वज फहरा दिया गया।
5	सर्प (कुटिलपुरुष) मार्ग में टेढ़ा-मेढ़ा चलता है।	साँप मार्ग से सरकता है।
2	मैं दूँगा।	मैं दूँगी
4	वह बुद्धिमान् ( इन्टेलीजेंट ) है ।	वह बुद्धिमान् है
6	जो लोग ब्रह्मा जी के एक दिन की अवधि जानते हैं जो कि सहस्र वर्ष की है तथा एक सहस्र वर्ष की अवधि की एक रात्रि को जानते हैं वे दिन और रात्रि को जानने वाले पुरुष हैं।।	जो पुरुष सहस्र युग तक ब्रह्म को जानते हैं और अहोरात्रि को रात्रि के समान हजारों युग तक प्रकाश देते हैं
5	उनका सात्विक स्वभाव सबको पसंद आता है।	उनका सात्विक स्वभाव सबको अच्छा लगता है
12	विधानसभा अध्यक्ष ऋतुखण्डूरी भूषण तिवारी ने कहा कि यू.एस.सी.बिल पेश करते समय चर्च को काफी समय के लिए हिमसंस्कृत समाचार का प्रचार किया जा रहा है।	विधानसभा अध्यक्ष ऋतुखण्डुरी भूषण ने कहा कि यू.एस.सी. विधेयक में चर्चा के लिए पर्याप्त समय दिया गया है हिमसंस्कृत समाचार.
7	माता पिता भी इसके पालन की आवश्यकता है।	माता पिता को भी इसका पालन करने की आवश्यकता है
8	यहाँ नासिक स्थल की परम्परा-विधि का अद्भुत संयोजन दरीद्रवी ने देखा।	यहाँ नासिक स्थल की परंपरा-विधिओं का अद्भुत संयोजन देखा गया।
16	न्यायाधीश की न्यायाधीशीय पीठ ने सञ्जीवखन्नावर्य और दीपांकर दत्तावर्य को प्रतिपादित किया था कि वे दिल्लीाबाद न्यायालय के आदेश पर हस्तक्षेप करने के लिए समीप नहीं हैं।	न्यायाधीश और न्यायाधीश संजीव खन्ना के दीपांकर दत्तावर्य ने प्रतिपादित किया था कि वह दिल्ली हाबाद कोर्ट के आदेश में हस्तक्षेप करने में समर्थ नहीं हैं।
6	राधवेन्द्र कपिलदेव की तरह क्रिकेट खेलता है।	राधवेन्द्र कपिलदेव की तरह क्रिकेट खेलता है ।
6	जांच के दौरान सत्येन्द्रसिवाल के बारे में सूचना मिली	खोज के दौरान सत्येन्द्रसिवाल के बारे में सूचना प्राप्त हुई।
10	एशिया से दो, अफ्रीका की चार टीमें और दो एसोसिएशन क्वार्टर फाइनल के लिए क्वालीफाई करेंगी।	एशिया से दो, अफ्रीका से दो संघों के साथ चार खिलाड़ी पिछले क्वार्टर दौर में जगह ले रहे हैं।
10	ब्राह्मण अतिथि अग्नि का सदृश घर में प्रवेश करता है। उसकी इस प्रकार से (चरण धोने हेतु जल देकर) शान्ति करते हैं। हे यम जल ले जाइये।	सत्य ही ऐसा है कि सारे संसार में प्रवेशी अतिथि (प्रवेश करने वाले) ब्राह्मणों के घर घुस जाते हैं और उनके घरों में ही (सदा) शान्ति उत्पन्न करते हैं
14	साथ ही डॉ. रोशनी असवाल ने एवं प्रियम-अग्रवाल ने सफलता के लिए हार्दिक बधाई एवं शुभकामनाएं दीं	साथ ही डॉ. रोशनी असवाल ने एवं प्रियम-अग्रवाल ने विद्यार्थियों को सफलता के लिए हार्दिक बधाई एवं शुभकामनाएं दीं
5	रास्ते में उसने भोजन नहीं खरीदा।	रास्ते में उसने भोजन नहीं खरीदा।
5	अतिथि बहुत समय तक घर में रुका	अतिथि बहुत देर तक घर में रहा।
4	मैं स्नान करना चाहती हूँ	मैं स्नान करना चाहता हूँ
13	भारत-ऑस्ट्रेलियाई टीमों के बीच मुकाबला-20 क्रिकेट परंपरा के तीसरे और आखिरी मैच में भारत की शानदार जीत.	भारत-अस्ट्रेलिया टीम के बीच हुए टी-20 क्रिकेट परंपरा के तीसरे और अंतिम मैच में भी भारत की शानदार जीत हुई.
6	पत्नी का भाई ने इस मामले को दर्ज किया।	पत्नी के भाई ने यह मामले दर्ज करवाए।
5	नीम को कितना भी शुद्ध क्यों न किया जाए वह आम नहीं बन सकता।	संस्कृत को पिचकारी नहीं कहा जाता ।
5	क्या तुम दही मथते हो ?	क्या तुम दही मथते हो ?
1	पर्वत के	पर्वत का
1	प्राप्त हुआ।	गया
5	मैंने इस बाघ के प्राण बचाए,	मैंने इस शेर के प्राणों की रक्षा की
13	अन्य छात्रों ने कहा कि पंकज कुमार सर्वकारी फार्मास्युटिकल संस्थान में फार्मास्युटिकल में डिप्लोमा ( 2021-23 सत्र) कर रहे थे।	अन्य छात्रों ने बताया कि पंकज कुमार सरकारी अस्पताल की फार्मास्युटिकल शिक्षा में डिप्लोमा कर रहे थे (2021-23 सत्र)।
5	केरल में पर्व का नाम बिशु है।	केरल में पर्व का नाम बिशु है।
1	पलंग	समीप का
4	तू आलसी रहता है उद्योग क्यो नहीं करता ?	तुममालसि बैठते हो क्यों नोधोग करते हो।
9	नंबर प्राप्त हुआ-श्रीलंका4 थ्रोइंग राउंड में 105 रन बनाकर आउट हुए।	जीता हुआ स्कोर-श्रीलंका 19 विकेट पर 105 रन के साथ आउट हो गई.
8	आपके द्वारा क्षोभित होने पर महत्तत्व उत्पन्न होता है। आपकी प्रेरणा से ही महत्तत्व से अहंकार उत्पन्न होता है। महत्तत्व से संवृत अहकार तीन प्रकार का हुआ, वह सात्विक, राजस ओर तामस कहा जाता है। ॥	हे प्रभो! आपकी संगति से ही वह महत्ता को उत्पन्न करती है। महत्ता का अहंकार ही आपका संचय हुआ है।
3	मूर्ख नहीं पढ़ता	जड नहीं पढ़ता है।
5	श्रीमान ने पूरे व्याख्यान का सारांश दिया।	श्रीमान ने पूरे व्याख्यान के सार के रूप में भाषण दिया।
19	पथिक बोला- किस प्रकार हिंसारूप तेरे में विश्वास (हो) ? शेर बोला- “सुन रे पथिक! पहले ही जवानी में ( मैं ) बहुत दुराचारी था।	पथिक बोला- तुमपर कैसे विश्वास किया जाए? बाघ बोला-सुनिये पथिक। कल ही यौवनकाल में अत्यन्त दुराचारी था।
5	दरिद्र हमेशा माँगते हैं।	दरिद्र हमेशा भीख मांगते हैं।
6	उनकी भाषा भी संस्कृत थी	उनकी भाषा भी संस्कृत थी ।
10	इससे राज्य की प्रतिबिंब को कलंकित कर दिया जाएगा, निवेशक राज्य से दूर रहते हैं।	इससे राज्य की प्रतिमा कलङ्कित हो जाएगी, निवेशक राज्य से दूर रहते हैं।
11	भारत-रूस में इस संधियों के सहयोग को देखकर सभी देश आश्चर्यचकित हो जाते हैं।	भारत-रूसों के बीच इस सन्धिसहयोग को देखकर विश्व के सभी देश चकित हो जाते हैं।
8	जो कोई अनादर पूर्वक भी किसी से अध्यात्मरामायण का श्रवण करता है, वह भी पातकों से मुक्त हो जाता है ॥	जो पुरुष अपनी इच्छा के अनुसार अध्यात्मरामायण का मान-सम्मान करता हुआ इसके विपरीत वचन सुनता है, वह भी पाप से मुक्त हो जाता है ॥
4	सब कुछ संस्कृत भाषा में ही प्रस्तुत किया जा रहा है।	सब कुछ संस्कृत भाषा में ही है।
4	शोध की मुख्य विषय है तत्संबंधी विकास की पूर्ण उत्कर्षण।	अनुसंधान का मुख्य विषय उसके सम्बद्ध विकास का पूर्णोत्कर्ष है।
10	न्यायिक विशेषताओं ने लगभग पांच घंटे तक उद्योग के अंदर और बाहर खोज कर प्रतिरूपों को इकट्ठा किया।	न्यायिक विशेषताओं ने लगभग पांच घंटे तक उद्योग के अंदर और बाहर खोज करके प्रतिमाएं एकत्र कीं।
5	अवधेश किसका बड़ा भाई है?	अवधेश किसका बड़ा भाई है?
10	दिसंबर में बर्फबारी के बाद मंदिर बंधन समिति के अध्यक्ष उपविभागीय पदाधिकारी चौपालनारायण चौहान ने चूड़धार यात्रा संबंध में अधिसूचना जारी की।	दिसंबर में बर्फबारी के बाद मंदिरबंधन समिति के अध्यक्ष उपविभागीय पदाधिकारी चौपालनारायण चौहान ने चूड़धार यात्रा प्रतिबंध से संबंधित अधिसूचना जारी की।
1	चक्रवाक (चकवा) आदि पक्षी गणों से सुशोभित	चक्रवाक् आदि से अलङ्कृत।
10	इस कार्यक्रम में कांग्रेस के वरिष्ठ नेता राहुल गांधी और प्रियंका गांधी शामिल होंगी.	इस कार्यक्रम में कांग्रेस पार्टी के वरिष्ठ नेता राहुल गांधी और प्रियंका गांधी शामिल होंगी।
6	जब यह क्रमशः 9 वर्ष है।	जब यह क्रमशः 9 वर्ष है।
1	झगडा	विवाद
3	अपने सामर्थ्य अनुसार काम करना चाहिये।	अपने सामर्थ्य के अनुसार कार्य करना चाहिये।
1	सुनता हूँ	सुनता हूँ
6	एक दिन वह घर जाने के लिए छुट्टी चाहता था।	एक दिन वह घर जाकर छुट्टी चाहता है।
3	भौंरा फूल का मकरंद पी रहा है।	भौंरा फूल पी रहा है।
5	ओह वह नहीं सुनता है ।	ओह वह नहीं सुन रहा है
1	अकर्म के प्रति लगाव , दोस्ती ।	कर्मों की संगति
5	आज शाम को वह नारियलपाक बनाएगा।	आज शाम को वह नारियलपाक बनाएगा।
6	मैं अब काम में फंसा हुआ हूं।	मैं अभी काम में व्यस्त हूँ
4	वह रंगमंच की व्यवस्था देखती है।	वह रंगमंच की व्यवस्था देखती है।
9	गुरुवार को सेनसेक्स ने दिन के सबसे नीचे से लगभग 1,000 अंकों की बारिश की।	गुरुवार को सेंसेक्स ने दिन के सबसे निचले स्थान से लगभग 1,000 अंकों के साथ कूदा।
6	कल निवेदिता, विद्यालय की शिक्षिकायें आयी थीं। ।	कल निवेदन किया गया विद्यालय के शिक्षक आए थे।
3	ये पुष्प है ।	यह पुष्प है ।
8	अहमदाबाद में भक्त श्रेष्ठ लादूराम नामक एक ब्राह्मण शिष्य थे।	अहमदाबाद में श्रेष्ठ लादूराम नाम का एक ब्राह्मण सज्जन हुआ।
5	नीम को कितना भी शुद्ध क्यों न किया जाए वह आम नहीं बन सकता।	संस्कृत को पिचकारी नहीं कहा जाता ।
11	मेरा विद्वत्ता, मेरा धन, परम पूज्य पूजनीय इत्यादि सब कुछ तुम ही हो यह शुभ है।	मेरी विद्या, मेरा धन, परमपूज्य उपास्यदेव इत्यादि सब कुछ तुम ही हो, अच्छा।
4	दीपक आर्य संस्कृत जानता है।	दीपक आर्य संस्कृत जानता है
5	कल रात सम्मान समारोह हुआ।	कल रात सम्मान समारोह हुआ।
6	विभा – कहाँ है वो ?	विभा  कहाँ है वह ?
6	परीक्षा केंद्र में प्रवेश से पहले छात्रों के लिए घनी परीक्षा होगी।	परीक्षा केंद्र में प्रवेश से पहले छात्रों का सघन परीक्षा होगी।
4	स्वरा पिछले सप्ताह इटारसी गई थी।	स्वरा पिछले सप्ताह इटारसी गई थी।
37	आयोग के संचालन के लिए कितने कर्मचारी पर्याप्त होंगे, ऑनलाइन चयन परीक्षा के लिए कितने संसाधनों की आवश्यकता होगी, इसके बारे में भी प्रस्ताव शीघ्र ही तैयार करके सरकार को भेज दिया जाएगा। दिसंबर माह के पहलेसान समिति की सराहना से यह कार्य सफल हो जाएगा ऐसा विश्वास है।	आयोग के संचालन के लिए कितने कर्मचारी पर्याप्त होंगे, ऑनलाइन चयन परीक्षा के लिए कितनी संसाधनों की आवश्यकता होगी के बारे में भी प्रस्ताव शीघ्र ही तैयार करके सरकार को भेजा जाएगा। यह विश्वास है कि काम दिसंबर के अंत से पहले साननस समिति की सराहना से पूरा कर लिया जाएगा।
7	महान् वीरता को प्रदान करने के लिए गुरुजी सेनापति से किसी प्रकार बाहर निकल गए।	महान् वीरता प्रदान करके गुरुजी सेना के घेरे से किसी प्रकार बाहर निकले थे।
9	नई हिमपात के कारण अटलकन्दरा को कोई भी वाहन की अनुमति नहीं है।	नए बर्फबारी के कारण अटलकन्दरा की ओर किसी भी वाहन की अनुमति नहीं है।
9	कांग्रेस पार्टी की "ट्रैक रिकॉर्ड" प्राक्तन कार्य में लीनताओं और भ्रष्टाचार से भी बचा रहता है।	कांग्रेस पार्टी की "त्रिय रिकॉर्ड" प्राक्तन कार्य में लीन और भ्रष्टचारों की है।
11	एक समाचार के अनुसार, चेल्सी इस्लान ने आज ही एस.एस. राव कोमौली के इंस्टाग्राम में अनुसरण किया।	एक संवाद के अनुसार, चेल्सी इस्लान ने आज ही एस.एस.राजामौली का इंस्टाग्राम पर अनुसरण किया।
9	इसके साथ मुख्यमंत्री कार्यालय ने भी उनसे संपर्क किया है।	इसके साथ मुख्यमंत्री कार्यालय ने भी उसके साथ संपर्क किया है।
11	सब शुद्धियोंमें धनकी पवित्रता हो श्रेष्ठ कही है क्योंकि जो धनमें शुद्ध है वही शुद्ध है मिट्टी और जलकी शुद्धि शुद्धि नहीं कही जाती - [भाव यह है कि जो पराया धन नहीं हरता और न्यायसे धनोपार्जन करता है, वह शुद्ध है और जो अन्यायसे द्रव्य हरता है, किन्तु मिट्टी लगा लगाकर स्नान करता है, वह पवित्र नहीं है]	सभी प्रकार की स्वच्छता का महत्त्व शोच करना चाहिए, परन्तु जो इसके लिए पवित्र रहता है, वह शुद्ध नहीं, अपवित्र मृद्वारि शुद्ध रहता है।।
6	लोसर के बारे में तिब्बती चर्चा में बहुत उत्साह था।	लोसर के बारे में तिब्बती समुदाय में बहुत उत्साह था।
4	बड़ा बेटा हाँगकाँग रहता है।	बड़ा बेटा हाँगकाँग में रहता है
4	अपने मोक्ष के लिए और समाज के कल्याण के लिए।	अपने मोक्ष के लिए और जगत् की उन्नति के लिए।
4	कार्तिकेय अच्छा इंजिनियर है ।	कार्तिकेय अच्छा इंजीनियर है ।
1	बन्दर	बन्दर
12	तीन दिन पहले, फडनिस की स्वास्थ्य के सहसा नष्ट होने के बाद अस्पताल में भर्ती थी।	फडनिस का स्वास्थ्य अचानक खराब हो जाने के तीन दिन पहले अस्पताल में भर्ती होना था।
9	उनका अंतिम विश्राम स्थल लंदन के विंस्टर पैलेस में जॉर्ज VI मेमोरियल चैपल में है।	उनका अंतिम संस्कार लंदन के विन्स्टर रॉयल पैलेस में जॉर्ज छठे स्मारक मंदिर में किया जाता है।
4	दोनों पुत्र धन भेजते हैं।	दो पुत्र धन भेजते हैं
17	चिन्त पूर्णी भाजपा के अध्यक्ष रविंद्र द्विवेदी ने कहा कि चिन्त पूर्णी के विभिन्न मार्गों का विस्तार दो करोड़ रुपये के साथ होगा।	चिन्ती भाजपा के अध्यक्ष रविन्द्र द्विवेदी ने कहा कि चिन्ती के विभिन्न मार्गों का विस्तार 32 करोड़ रुपये की राशि से होगा।
12	या तो ममत्व बिलकुल छोड़ दे और यदि न छोड़ सके, (ममत्व करना ही हो) तो सर्वत्र करे	यदि मनुष्य मेरे कार्य को त्याग सकता है तो वह नहीं छोड़ सकता। परन्तु वह सब जगह मेरे कार्य के अधीन है।
1	बारहवीं नक्षत्र	उत्तरतफाल्गुणी
5	जो कल्याणकारी गुण हो, उन्हें हमें दीजिए	तुम्हारा कल्याण हो, सुनो।
9	विद्यालय परिसर से मिलन-चौक तक बैठकें हुईं। फिर विद्यालय आकर वह पूर्ण हो गया।	सभा विद्यालय के चारों ओर से मिलनचौकी तक चली। वह फिर से विद्यालय आकर पूरी हो गई।
10	कमलेश्वर डोडियार ने कहा कि कार्यकर्ताओं ने चुनाव में उसकी शक्ति की मदद की।	कमलेश्वर डोडियार ने कहा कि कार्यकर्ताओं ने चुनाव में उनकी यथाशक्ति सहायता की।
10	इसीलिए उनके लिए निर्णायक उपदेश है कि मन को शान्त करना साधना चाहिए।	इससे उनका निर्णायक उपदेश है कि मन की शांति साधनी चाहिए।
1	छिपा हुआ	गोपनीय
10	हे नाथ हे लक्ष्मीपते! हे दुःखदलन व्रजराज ! हे जनार्दन ! इस कौरवोंकी सभारूपी समुद्रमें डूबती हुई मुझको बचाओ ! ॥	हे स्वामी ! हे रमानाथ व्रजनाथार्तिनाशन ! कौरव और मग्नेश्वरों के स्वामी ! आप लोगों का उद्धार कीजिये ॥
6	आज मेरे मित्र के घर वेदकथा है।	आज मेरे मित्र के घर वेदकथा है।
9	राष्ट्रीय राजधानी के तीर्थ स्थलों पर केंद्रीय मंत्रियों के साथ सफाई अभियान में भाजपा के नेता एक स्वच्छ मंदिर में एकत्रित हैं।	भाजपा के नेता राष्ट्रीय राजधानी के तीर्थ स्थलों और केंद्रीय मंत्रियों के साथ स्वच्छता यात्रा में शामिल हैं।
4	कौन कहाँ जा रही है ?	कौन कहाँ जा रही है ?
7	चित्रकला के प्रतियोगी होने के कारण सूरज बिजलवान ने प्रथम तथा तृतीय पुरस्कार जीते।	चित्रकला में प्रतियोगिता के लिए प्रथम और तीसरा पुरस्कार सूरज बिजलवान को मिला।
8	इसका आरंभ नरेंद्राचार्य ने किया, जिन्होंने 700 सूत्रों में व्याकरण किया।	इसके प्रवर्तक नरेंद्र आचार्य जी ने 700 सूत्रों पर व्याकरण लिखा।
10	यह नाव 750 किलोमीटर की दूरी तक लहरें पकड़ सकती है।	इस नौका द्वारा 750 किलोग्राम की दूरी पर लहरों को पकड़ लिया जा सकता है।
7	इसने सौ रुपये लिये वा नहीं ?	उसने सौ रुपये लिये वा नहीं ?
11	आंध्र प्रदेश के नंदयाल से गड़बड़ी का पता लगाया गया-विभाग द्वारा ही रोक लगायी गयी है. मानव संसाधन आयोग को अलेके में अनुबंधित रूप से हिरासत में लिया गया है।	आंध्र प्रदेश के नंद्याल से दोष खोदना विभाग द्वारा ही गिरफ्तार किया गया। गिरफ्तार मानव संसाधन आयोग के संबंध में एक रिपोर्ट के अनुसार किया गया है।
9	ये दिलचस्प खबरें हैं-विपक्ष के नियमों का पालन कर रहे हित समाचार संगठन, सोशल मीडिया और यूजर्स पर लगेगा जुर्माना.	इन ब्याज समाचारों का उल्लंघन करने के बाद ब्याज समाचार संगठनों और सोशल मीडिया के उपयोगकर्ताओं को दंड दिया जाएगा।
6	छात्र – तो क्या हो गया ?	छात्र  तो क्या हुआ ?
15	हे प्रभो! तुम ही मेरी स्नेहमयी जननी हो, मेरी मित्र (मित्र) हो। तुम ही मेरी मित्र (मित्र) हो।	हे प्रभो! आप ही मेरी वात्सल्यमयी माँ हैं, मेरे पालन करने वाले पिता हैं, आप ही मेरे प्रिय बन्धु हैं और सखा हैं।
30	अर्वाचिनी-परम्परा में भी श्रीदेवराजाचार्य, श्रीवरदाचार्य, श्रीसुदर्शन व्यास भट्टाचार्य, श्री वीरराघवदासाचार्य, श्रीवादिहंसाम्बुजाचार्य, श्रीवेङ्कटनाथ वेदांताचार्य, श्रीमल्लोकाचार्य, आचार्यवरदगुरु, वरदनायक सूरी, अनन्ताचार्य, दोद्याय महाचार्य, सुदर्शन गुरु, श्रीनिवासाचार्य, बुच्चिबेंकटाचार्य, श्रीनिवासदीक्षित जैसे आचार्य अपने ग्रंथों में विशेषता से विद्वत्ता और सिद्धान्त को स्पष्ट रूप में और विस्तृत रूप में लिखेंगे।	अर्वाचीन परंपरा में भी श्रीदेवराजाचार्य, श्रीवरदाकार, श्रीसुदर्शन गुरु, श्रीव्यास भट्टाचार्या, श्रीवीरराघवदाकार्य, श्रीवादिहंसम्बुजाचार्यो, श्रीवेङ्कटनाथ-वेदान्ताचार्यों, श्रीमल्लोकाचार्य:, आचार्य वरदगुरु, वरदनायकसूरी, अनंत आचार्योद, दोद्य महाचार्य रामानुजदास, सुदर्शनगुरु, श्रीनिवास आचार्यों ने अपने ग्रंथों में विशिष्ट रूप से और विस्तृत रूप से लिखा-उन्होंने सुदैव से शुभ
3	जब वो  रुकते हैं	जब वे रुकते हैं
9	2026 में, हिमाचल प्रदेश देश का पहला ग्रीनहाउस राज्य होगा।	2026 में, हिमाचल प्रदेश देश का पहला ग्रीन ऊर्जा राज्य होगा।
9	कभी हजारों सिंह, बाघ, भालू, गेंडा, सियार, खरगोशों से व्याप्त जंगलों को नगर बना देते हैं और कभी मन्दिरों, राजमहलों, अट्टालिकाओं, चौराहों, चबूतरों, उपवनों, सरोवरों और गोशालाओं से भरे नगरों को जंगल बना देते हैं।	शेर, बाघ, भालू, गंडक, फेरु, खरगोश, हजारों तरह के जंगल बना देता है, मन्दिर, प्रसाद, हरम्य, शृङ्गाटक, चतुर उद्यान, तालाब और गोष्ठमय नगरों को कानन करता है।
10	नहीं तो कैसे वह राजर्षि इस प्रकार की मीठी बातें करके इतने दिनों तक एक पत्र भी न भेजता ।	अन्यथा वह राजर्षि के ऐसे मन्त्रियों को समय के लेखमात्र भी नहीं देता।
12	लोगों के मुख से संबोधित ननु जगति जीवितराजते चिरकाल तक समस्त- राष्ट्र की स्वाधीनता का जय हो संस्कृत को भारत की जय हो।	लोगों के मुख से कहा गया है कि यदि नई दुनिया जीवित रहे तो सब कुछ नष्ट हो जाएगा-संस्कृत की जय राष्ट्र के मान के योग्य हो, भारत की जय हो।
1	सज्जनों की बस्ती के	नम्र रहता है।
1	चला गया।	चला।
12	विघटित-आयोग के सचिव के साथway जितेन्द्र कुमार की परीक्षा नियंत्रक, भर्ती-वह अभिलेखों और रक्षक के कर्तव्य थे।	हुआ-आयोग के सचिव के साथ आरोपी जितेन्द्र कुमार के परीक्षा कंट्रोलर, भर्ती- रिकॉर्ड रक्षक का भी दायित्व था।
5	किशोर की पत्नी अस्पताल में नर्स है।	किशोर की पत्नी अस्पताल में नर्स है।
9	सौहार्दपूर्ण वातावरण में आयोजित सम्मेलन में दोनों पक्षों ने भी अपना-अपने दृष्टिकोण प्रकट किये।	सौहार्दपूर्ण वातावरण में हुई वार्ता में दोनों पक्षों ने अपना-अपने दृष्टिकोण व्यक्त किये।
4	व्यक्त वाणी में और मन में जपना	बोलना और स्मरण करना
10	हे अनघ ! पत्नी के वियोग का दुःख तो आपने अनुभव किया ही है। अतः आप मुझे शीघ्र ही वाली के पास भेज दीजिये। इससे आपको स्त्रीदान का फल प्राप्त होगा । ॥	हे अनघ ! तुम अपनी पत्नी से वियोग के दुःख को सहन करोगी। हे वालिन! यदि तुम मुझे चोदो, तो तुम्हारी पत्नी अवश्य ही फल प्रदान करेगी ॥
5	वह हिन्दी नहीं जानता है।	वह हिन्दी नहीं जानता है
5	मित्र ने हाथ में सफेद सोटी पकड़ी है।	मित्र के हाथ में सफ़ेद डण्डा था ।
4	यह पुस्तकें चुराता है।	यह पुस्तकें चुराता है।
5	श्रेष्ठ जन अपने पालन करने वाले के उपकार को नहीं भूलते हैं।	वे भोज की मित्रता को नहीं नष्ट करते हैं।
3	पेड़ से पत्ते गिरते है।	पेड़ से पत्ते गिरते हैं।
8	वाहन चलाने के समय अपना पालन करें और अत्यधिक विश्वास करें।	वाहन चलाते समय अपना पालन करें और अधिक विश्वास छोड़ दें।
4	वे दोनों वहां स्नान करते हैं ।	वे दोनों वहां गाते हैं ।
1	हम सब चलते हैं	चलते हैं
4	सिक्खों के पाँच बाहरी चिह्न कौन से हैं?	सिक्खों के पाँच बाहरी चिह्न कौन से हैं?
9	और सूर्य और चन्द्रमा के समान अपने तेज से दिशाओं को देदीप्यमान करते हुए उन सर्वलक्ष्मण सम्पन्न राजकुमारों को देखकर पूछा ॥	श्रीरामचन्द्रजी ने उन सभी लक्ष्मणों को देखकर सूर्य की किरणों के समान दिशाओं को प्रकाशित करते हुए पूछा ॥
14	उन्होंने कहा कि हम ऐसे ही तरह से संस्कृत प्रतिदिन बोलते हैं, तो अन्य लोग भी संस्कृत बोल सकते हैं।	उन्होंने कहा कि हम इस प्रकार प्रतिदिन संस्कृत बोलते हैं तो अन्य लोग भी संस्कृत बोल सकते हैं।
8	सभी प्रतिभागियों के लिए राशि और स्मृतिचिह्न पुरस्कार के रूप में वितरित कर दिए गए।	सभी प्रतिभागियों के लिए पुरस्कार के रूप में राशि और स्मृतिचिह्न प्रदान की गईं।
3	शोभना ने आलस छोड़ दिया।	शोभना ने आलस छोड़ दिया।
20	इसके साथ पारपत्र-धारकों की भरती में नागरिक कम से कम पंद्रह दिनों की यात्रा के लिए हर छः महीने में एक बार इरान में प्रवेश कर सकते हैं।	इसके साथ पासपोर्ट धारक भारतीय नागरिक कम से कम पंद्रह दिनों की यात्रा के लिए हर छह महीने में एक बार ईरान में प्रवेश कर सकते हैं।
24	यह एक विशेष प्रवेश परमिट है जो विदेशी नागरिकों को आयुष उपचार के लिए भारत आने की सुविधा देता है। 2012 के प्रवेश परमिट नियमों में अंतर अवश्य आया होगा-केंद्र कि प्रवेश परमिट की खोज की गई थी-स्वास्थ्य मंत्रालय द्वारा लागू।	यह एक विशेष प्रवेश परमिट है जो विदेशियों को चिकित्सा के लिए भारत आने की सुविधा प्रदान करता है। केंद्र-स्वास्थ्य मंत्रालय द्वारा आवेदन किया गया है.
6	क्योंकि वन में ही सुरक्षित पर्यावरण प्राप्त होता था।	क्योंकि जंगल में सुरक्षित वातावरण था।
7	वह कहां है? मुझे दिखाओ” भसूरक ने ऐसा कहा।	वह कहाँ है? बतायें ऐसा भासुरक ने कहा।
5	हिमदास ने कल चौथा स्वर्णपदक जीता।	हिमदास ने कल चौथा स्वर्ण पदक जीता।
11	ऐसी सत्य बात बोले जो प्यारी लगे और जो सत्य तो हो; किन्तु प्यारी न लगे ऐसी बात न कहे, और जो प्यारों बात झूठी हो उसे भी न कहे यही सनातनधर्म है	सत्य बोलो, जो प्रिय हो, असत्य बोलो; अप्रिय न कहा जाए वह अनित्य धर्म है
12	पुरस्कार की घोषणा करते हुए, समाचार और वितरण मंत्री अनुराग ठाकुर ने कहा कि यह पुरस्कार फिल्म उद्योग में समग्र योगदान की मान्यता है।	समाचार मंत्री अनुराग ठाकुर ने पुरस्कार की घोषणा करते हुए कहा कि यह फिल्म उद्योग को समग्र योगदान के लिए दिया गया है।
5	वहाँ क्या रहे थे ?	वहाँ क्या कर रहे थे ?
4	नीलम बहन समाचार उद्घोषिका थीं।	नीलम बहन समाचार उद्घोषक थीं।
4	बच्चे के मुँह पर फुंसियाँ हो गई हैं।	बच्चे के मुँह पर फुंसियाँ हो गई हैं।
5	वह हिन्दी नहीं जानता है।	वह हिन्दी नहीं जानता है
1	उदाहरण	देखना
18	महावीर उस शूल को लेकर रावण ने श्रीराम को कहा हे राम ! ज्ज्र के समान तुच्छूल को मैंने क्रोध में पकड़ा।	महावीर उस रावण को शूल देकर श्रीराम को परशुष कहा हे राम ! वज्रतुल्य इस शूल को मैंने क्रोध से लिया है।
1	अवमानना	अनादर
19	जो मनमोहन एवं स्नेहमय है, अपनी मनोहारिणी मुरलिकाकी मन्द रसीली तानसे, गोकुलको इन्द्रियविवश तथा व्याकुल कर रहा है, जो श्यामल, सुन्दर, युवकोंका चित्त चुरानेवाला और मनोहर रूपवाला है वह गोपियोंका प्रियतम तेज हमारे चित्तमें नित्य निवास करे ॥	मुग्ध, स्निग्ध, मीठा, मुरली, मधुर, मधु और धीर ध्वनि करने वाले, कार बनाने में विवश, गोकुल के व्याकुल होने वाले, काले काम, यौवकों के मन को मोहने और भ्रमर बना देने वाले, हमारे चित्त में सर्वदा वास करो, हे वल्लवल्लभाम् !
6	प्रांत मंत्री गिरीश चंद्र तिवारी ने परिचयात्मक भाषण दिया।	प्रांत मंत्री गिरीश चंद्र तिवारी ने परिचयात्मक भाषण दिया।
13	उनके राज्य में रात के समय भी युवतियाँ आभूषण पहनाकर अकेले ही घूम रही थीं ।	उनके राज्य में रात के समय भी युवतियाँ बिना आभूषणों के डर के अकेली ही चलती थीं ।
3	हम दोनों यहां खेलते हैं	हम दोनों यहाँ खेलते हैं
7	महान् वीरता को प्रदान करने के लिए गुरुजी सेनापति से किसी प्रकार बाहर निकल गए।	महान् वीरता प्रदान करके गुरुजी सेना के घेरे से किसी प्रकार बाहर निकले थे।
3	ऐसा क्या ?	ऐसा है क्या ?
8	परमाणु हथियारों के विकास को देखकर सामरिक नीति बदल जाती है। सेना के छोटे टुकड़ों में विभक्त हो जायेंगे।	परमाणु हथियारों के विकास को देखकर सामरिक नीति बदल जाती है। सेनाएँ छोटे दलों में विभक्त होंगी।
5	दूध पसन्द नहीं है क्या ?	दूध पसन्द नहीं है क्या ?
1	अन्य	अन्य लोग
1	अंध-परम्परा से चलने वाला	गया हुआ अनुगत
6	इस चलचित्र का निर्देशन शाउना गौतम करेगी।	इस चलचित्र का निर्देशन शाउना गौतम करेंगे।
3	यज्ञ में आहुति देंगे ।	यज्ञ में आहुति दें
6	तिब्बती समुदाय के लोग अपने घरों की सफाई में व्यस्त हैं।	तिब्बती समुदाय के लोग अपने घरों की सुशोभन में व्यस्त हैं।
3	मैं लिखता हूँ |	मैं लिखता हूँ ।
12	अल-कायदा के नेता अयमान अल-सवाहिरी को अमेरिकी सेना ने मार गिराया।	अमेरिकी सेना ने आतंकवादी संगठन अल-कायदा के नेता अमन अल-सवाहिरी को मार दिया।
4	कष्ट तो है ही ।	कष्ट तो है ही ।
10	यदि आप धन दिलाते तो सुरेश विषय नहीं बताता ।	यदि आप धन दिलाते तो सुरेश विषय नहीं बोलता ।
4	हम लोग सामूहिक गीत गाते हैं।	हम सब सामूहिक गीत गाते हैं।
6	मैं मोरीबी गाँव का निवासी हूँ !	मैं मोरीबी गाँव का निवासी हूँ !
5	वहाँ क्या रहे थे ?	वहाँ क्या कर रहे थे ?
8	और अब यह फिल्म अक्टूबर में प्रदर्शित की जाएगी	और अब यह फिल्म अक्टूबर में प्रदर्शित होगी।
4	मार्गशिर पौष हेमंत ऋतु होते हैं ॥	सहर्ष हिमंत ऋतु को प्राप्त होगा ॥
10	डॉ. मेघनाद के कथन से दौलतसिंह जी अर्नेस्ट रदरफोर्ड महोदय के पास गए थे।	डॉ. मेघनाद के कथन से दौलतसिंह अर्नेस्ट रदरफोर्ड-महोदय के पास गए थे।
5	एक छात्रा उसको मना करती है ।	एक छात्रा उसको मना कर देती है
24	एक दिन उसने सभी शिष्यों को बुलाकर एक एक करके एक केले का फल दिया और कहा- "ऐसा स्थान जाकर  केले का फल यहाँ खाईये, जहाँ कोई भी आपको नहीं देख पाता था।	एक दिन उसने सभी शिष्यों को बुलाकर प्रत्येक एक को एक केला देकर कहा- "इस तरह के स्थान पर जाकर केला खाओ, जहाँ कोई भी आपको नहीं देख सकता।
4	खोदने के साधन से वह क्यारी बनाता है।	खोदने के साधन से वह जलपथ बनाता है।
5	पुनः कब मिलेंगें ?	हम पुनः कब मिलेंगे ?
9	हिमाचल प्रदेश विधानसभा क्षेत्र के विधानसभा क्षेत्र में आठवें दिन की कार्यविधि की शुरुआत से पहले भाजपा ने प्रदर्शन किया।	हिमाचल प्रदेश विधानसभा क्षेत्र के आठवें दिन के कार्यविधि के प्रारंभ से पहले भाजपा ने विधानसभा परिसर में प्रदर्शन किया।
5	मेरी एक दुकान है।	मेरी एक दूकान है
5	वह निर्धनों का काम नहीं करता है।	वह निर्धनों का काम नहीं करता है।
6	बंधों भी सूजन, दाह, सुरखी, पकजाना, फुन्सी, फोडा हो जाना और राथ रुधिर बहुत बहना इत्यादि दोषयुक्त हों तो वे सिद्ध नहीं होते ॥	और भी जो शोफ, दाह, पित्त और पित्त से रहित हो, वह सफल नहीं हो पाती ।
4	सब काम अपने आप करिये।	सब काम अपने आप करिये।
1	वह पृथिवी	साथ भूमि
5	स्वस्थ दाँतों वाले लोग गन्ना भी चबाते हैं।	स्वस्थ दाँत वाले लोग गन्ना भी चबाते हैं।
15	हे राम! आप मन और वाणी से अगोचर हैं, मुझे आपका दर्शन कैसे हो गया। हे देवेश्वर ! आपकी स्तुति करना में नहीं जानती, में क्या करूँ ? आप प्रसन्न होइए ॥	हे रामा आपने मुझे अपने मन और वाणी का साक्षात्कार कैसे किया यह मैं नहीं जानता कि हे देवों के देवता! मैं आपका स्तोत्र किस प्रकार करूँ ॥
10	सब धर्मों का परित्याग करके तुम एक मेरी ही शरण में आओ, मैं तुम्हें समस्त पापों से मुक्त कर दूँगा, तुम शोक मत करो।।	सभी धर्मों को त्यागकर मेरे पास आओ, मैं तुम्हें सभी पापीों से मुक्त कर दूंगा, शुद्ध नहीं होना।।
14	बाइडेन प्रशासन ने कांगग्रेस पक्ष के यूक्रेन देश के लिए अरब अमेरिकी डॉलर-अधिक सहायता के साथ पूरक- सहायता माँगा गया है।	बाइडेन प्रशासन ने कांग्रेस-पक्ष से यूक्रेन-देश के लिए अरब-अमेरिकी-डॉलर-अधिक सहायता के साथ पूरक- सहायता माँगी गई है।
7	अपने विचारों का नाम मन से स्वयं को ही नियंत्रित करना है।	आत्मचिन्तन नामक मन के द्वारा स्वयं को ही निरोध किया जाता है।
3	वह विश्रामघर है।	वह विश्रामालय है।
11	कुछ समय बाद सूर्यास्त हो गया अतः नौवें दिन का युद्ध भी शंख के साथ स्थगित हो गया।	कुछ समय बाद सूर्यास्त हुआ इसलिये नौवें दिन का युद्ध भी शंखनाद के साथ निलंबित हो गया।
5	उनका सात्विक स्वभाव सबको पसंद आता है।	उनका सात्विक स्वभाव सबको अच्छा लगता है
13	तत्पश्चात् वह दैत्य अति विस्मय पूर्वक बोलामेरी भुजाओं को काटने वाले तुम लोग कोन श्रेष्ठ देवता हो ? इस लोक अथवा स्वर्ग में रहने वाले देवगणों में भी ऐसा समर्थ होना असम्भव है ॥	इस पर अत्यन्त विस्मित हुए वह राक्षस बोला हे सुरङ्गभाई ! तुम दोनों कौन हो ? संसार में निर्दय देवताओं और पराक्रमी लोगों में मेरी भुजाओं को काटनेवाला कौन है ॥
9	शिक्षिका -पुस्तक घर में होती है , पैसा बैंक में होता है ।	शिक्षिका - पुस्तक घर में होती है , धन बैंक में ।
1	होश	इन्द्रिय
11	यह कहकर में गदगद कण्ठ होकर उनके चरणों में गिर गया। तदनन्तर वह मुनीश्वर मुझसे बोलेहे नृपश्रेष्ठ ! डरो मत ॥	यह कहकर श्रीरामचन्द्रजी के चरणों में गद्गद अक्षर गिर गया। तत्पश्चात् वह मुझसे बोले हे मुनिवर ! मुझे भयभीत करने से कोई पाप नहीं होगा ॥
4	वक्ता श्रोता को व्याख्यान समझा रहा है।	वक्ता श्रोता को व्याख्यान देता है।
17	कार्यक्रम की अध्यक्षता उत्तराखंड संस्कृत विश्वविद्यालय के कुलपति प्रोफेसर दिनेश चंद्र शास्त्री ने कहा कि खेल हमारे जीवन का अभिन्न हिस्सा है।	कार्यक्रम की अध्यक्षता उत्तराखंड संस्कृत विश्वविद्यालय के कुलपति प्रो दिनेश चंद्र शास्त्री ने की कि खेल हमारे जीवन का अभिन्न हिस्सा है।
7	तुम तो धन की खातिर यहां रह रहे हो ।	तुम तो धन के कारण यहाँ रहते हो
3	जो शरीर में स्थितहों उनका शरीरके अनुकूल औषधादि करना और जो मनमें हों उनका शब्द आदिकसे प्रतीकार करना सुखदायक होता है ॥	शरीर में गिरने वालों के लिए तो शरीर की हानि (उपक्रम) होती ही है।
12	इसके बाद कांग्रेस-पक्ष उच्च न्यायालय के पास गया था, उच्च न्यायालय ने चुनाव करने के आदेश जारी कर दिए थे।	उसके बाद काङ्ग्रेस-पक्ष उच्च न्यायालय के पास गया, उच्च न्यायालय ने चुनाव करने के आदेश जारी किये थे।
15	मुख्यमंत्री सुखविंदर सिंह सुक्खू ने कहा कि फिल्म निर्माताओं को उत्तमविधान देकर राज्य सरकार उत्तम और अधिक विकसित फिल्में भी प्रदान करेगी	मुख्यमंत्री सुखविंदर सिंह सुक्खू ने कहा कि फिल्म निर्माताओं को उत्तम सुविधाओं के प्रदान करने के साथ राज्य सरकार उत्तम और अधिक विकसित शूटिंग स्थानों को भी प्रदान करेगी।
4	सभी वैसे ही हो गए।	सभी वैसी ही हो गईं।
6	फ्रांस के राष्ट्रपति इमैनुएल मैक्रो जयपुर पहुंचे।	फ्रांस के राष्ट्रपति इमैनुएल मैक्रॉन जयपुर पहुंचे।
4	फिर कभी मिलेंगे।	पुनः कभी मिलेंगे।
11	जिस राज्य के भी बाहर कलाकार मातृदेवता की स्तुति गाते थे।	जिसमें राज्य के भी बाहर के कलाकार मातृदेवी की स्तुति गाते थे।
3	मैं रांची नगर में रहता हूँ|	मैं रांची नगर में रहती हूँ
1	ढेर	संख्या
10	लोकप्रिय कवि भोजपुरी बोलने वाले विनय कुमार शुक्ल ने"विनम्रता"अपने कवियों से सभी उपस्थित लोगों को मोहित कर दिया।	लोकप्रिय कवि भोजपुरी के विनय कुमार शुक्ल ने अपनी विनम्र कविताओं से सभी उपस्थित लोगों को मोहित किया।
11	लोकमात्र के लिए प्रभु (ईश्वर) न कर्तृत्व, न कर्म और न कर्मफल के संयोग को रचता है। परन्तु प्रकृति (सब कुछ) करती है।।	संसार में प्रभु न कर्तव्यों का निर्माण करता है और न कर्मों का। न कर्मफलों का संयोग स्वभाव ही करता है।
1	सूर्य	नेत्र
8	अखिलेश ने कहा कि आज बहुत ही अच्छा दिन है।	अखिलेश ने कहा कि आज बहुत ही शुभ दिन है।
4	सारे पंखे भी रुक गए।	सभी पंखे भी बंद कर दिए गए।
7	क्योंकि जो जो स्मृति है वह पूर्व अनुभव की है।	क्योंकि जो स्मृति है वह अनुभवपूरी है।
6	जैसा वैद्य ने कहा वैसा वह कर रहा है।	जैसा वैद्य ने कहा वैसा वह करता है।
9	और सियार से कहा- “दोस्त! हम दोनों इसी बर्तन में साथ भोजन करते हैं।”	और सियार बोला- मित्र! हम दोनों इस बरतन में साथ भोजन करते हैं
15	अल्ट्रासाउंड करके वैद्य ने कहा कि अम्लिका बीज बच्चे के फेफड़े में घूमा था, जिसका इलाज यहाँ संभव नहीं है।	अल्ट्रासाउंड करके डॉक्टर ने कहा कि अम्लिका बीज बच्चे के फेफड़ों में फंसा था, जिसका इलाज यहाँ सम्भव नहीं होगा।
5	वह नदी से जल लाता है।	वह नदी से जल लाता है।
9	रूपाली आगे बोली कि वह पृथ्वी की नाट्यगृह में नाटक कर रहा था।	रूपाली आगे बोली कि वह पृथ्वीनाट्यगृह में नाटक कर रहा था।
6	ऐसा कहकर देव ब्रह्माजी देवों के साथ अपने स्थान पर गए।	ऐसा कहकर ब्रह्माजी देव देव देवगणों के साथ अपने स्थान पर चले गए।
1	स्पर्श करके	स्पर्श करके
1	कुचले हुए अग्र भाग वाली	ऊपर उठा हुआ
5	उसने अपना मनोरथ माँ को बताया।	उसने अपनी इच्छा माता से निवेदन की।
8	वह पढ़ना चाहता है, किन्तु मन नहीं लगता है ।	वह पढ़ना चाहता है, परन्तु मन नहीं चाहता है।
9	अब एएसआई को दिसंबर को रिपोर्ट देने होंगे	अब एएसआई को दिसंबर को रिपोर्ट देना होगा
7	पण्डित मन्यमान प्रायः ऐसे विवादों में कुपित होते हैं।	पंडित अन्य लोग प्रायः ऐसे विवादों में गुस्से होते हैं।
11	हम सैकड़ों बार भगवान् राम की पूजा करते हुए उनके आदर्शों का अनुसरण करते हैं।	हम शताब्दियों से भगवान राम की पूजा करते हुए उनके आदर्शों का अनुसरण करते हैं।
5	अभी यह मोरोक्को देश जा रहा है।	अभी यह मोरक्को देश जा रहा है।
11	इसी दौरान मुकेश अग्निहोत्री-पुत्री आस्था ने अपनी माता की पार्थी को दाह स्थान पर ले जाया।	इस दौरान मुकेश अग्निहोत्री आस्था अपनी माता के पार्थिवशरीर को दाहस्थान ले गई।
1	गाय	गाय
10	इक्वेटी बेंचमार्क की सूचकांक और बीएसई सेन्सेक्स की निफ्टी एक सौ दिन के बाद फिसल गईं।	इक्वेटी बेंचमार्क की सूचकांक और बीएसई सेन्सेक्स की निफ्टी एक सौ से अधिक दिन के भीतर फिसल गई।
7	चित्रांग बोला शिकारी के डर से मैं आप की शरण में आया हूँ।	चित्रांग बोलता है-मैं लुब्ध होकर तुम्हारे पास आया हूँ।
5	गुरु छात्र को शास्त्र स्त्र में ले जाता है।	गुरु छात्र को शास्त्र पढाता है।
4	हम सब अनार खाते हैं।	हम सब अनार खाते हैं।
4	शास्त्रीय संगीत विषय पर प्रश्न थे।	शास्त्रीय संगीत विषय पर प्रश्न थे।
6	मिथ्याअहंकार से ही पुत्र, स्त्री आदि का संबन्ध होता है और संबन्ध बुद्धि होने से हर्ष, शोक, भय, क्रोध लोभ, मोह, स्पृहा आदि होते हैं ॥	इस जन्म से पुत्र, स्त्री आदि से संसृति का सम्बन्ध सुख, शोक, भय, क्रोध, लोभ, मोह आदि से है ॥
10	लेकिन अभी तक ड्रैड्डी-निर्माताओं को इस विषय पर आधिकारिक वक्तव्य नहीं मिला।	लेकिन अब तक डड्डी-निर्माताओं को इस विषय पर आधिकारिक वक्तव्य नहीं मिला है।
6	महिला मंत्री ने न्याय विभाग के विद्यार्थियों को लौकिक मंगलाचरण कराए।	लौकिक मंगलाचरण को न्याय विभाग के छात्र, लोमाराणी मंत्री ने देखा।
9	7 जनवरी 2021 से रूस केधानी शिमास्को में भारतीय दत्तावास के लिए भारत में निगरानी के सहायक के रूप में नियुक्त किया गया है।	अभियुक्त 2021 से रूसी राजधानी मास्को में भारतीय दूत के भारत आधारित सुरक्षा सहायक के रूप में नियुक्त हैं।
10	इस मार्ग में कुछ भी भय नहीं है। इसलिए मैं अकेला ही जाऊँगा।	इस मार्ग में कुछ भी भय नहीं है। इसलिये मैं अकेले ही जाऊँगा।
15	भारतीय-उच्चायोग सहित कई मंत्रालयों में साहित्य-अकादमियों में, शैक्षणिक संस्थानों वगैरह में, कई मामलों में विदेशी-मंचों पर, डॉकविता भट्ट के व्याख्यान लगातार आमंत्रित किये जाते हैं।	भारतीय-उच्च आयोग के साथ अनेक मंत्रालयों, साहित्य अकादमियों, शैक्षणिक संस्थानों इत्यादि में, अनेक विदेशी मंचों पर डॉ. कविताभट्ट के व्याख्यान लगातार आमंत्रित किए जाते हैं।
3	कौआ घोसले में प्रवेश करेगा।	कौआ कुत्ता खोज रहा है।
11	उन्होंने सबके हृदय के आधार श्रीराम का आशिर्वाद द्वारा अभिनन्दन किया और धनुष बाण धारण करने वाले श्रीहरि को हाथ जोड़कर बोले ॥	सर्वहृदयों में स्थित श्रीरामचन्द्रजी को सर्वतोमुखी आशीर्विनन्दन, धनुर्बाणधारी भगवान् विष्णु से हाथ जोड़कर नमस्कार करता हूँ ॥
4	चौकी पर कुछ पोथियाँ रखी हैं	कुर्सी पर कुछ डिब्बे रखे हुए हैं।
16	मगरमच्छसंक्रांति-बताया गया है कि मेरे लिए जो कृष्ण तालाबों को अर्पित करते हैं वे अपने जीवन में सुख और समृद्धि लाएंगे।	मकरसंक्रांति-उन्होंने यह भी कहा कि जो मेरे लिए कृष्ण तिल समर्पित करते हैं वे अपने जीवन में सुख और समृद्धि लाएँगे।
1	बगला	बगुला
9	इस सेब फल की ऋतु की सेब-पैकिंग के लिए एक सार्वजनिक पेटी की व्यवस्था लागू होगी।	हमारे सेब के मौसम से सेब पैकिंग के लिए एक सार्वजनिक पेटी की व्यवस्था लागू होगी।
1	के लिए उपालंभ देना	उलाहना देता है
5	अपने से प्रतिकूल व्यवहार का आचरण दूसरों के प्रति कभी नहीं करना चाहिए।	दूसरों के प्रतिकूल आचरण नहीं करना चाहिए।
9	आप सभी के प्रेरण में आने वाले प्रशिक्षण में संस्कृत के साथ संस्कृति को भी प्रकाशनाएँ।	आप सभी के द्वारा प्रेरणा के साथ आगामी प्रशिक्षणों में संस्कृत के साथ संस्कृति को भी प्रकाशित किया जाए।
7	छात्र –मेरी माँ अच्छी शिक्षिका है।	छात्र  मेरी माँ अच्छी शिक्षिका है।
4	प्रत्येक गाँव में बाग़ होता है।	हर गाँव में उद्यान होता है।
9	लाहौल पर्वत में 30 से 60 सेंटीमीटर तक बर्फबारी हुई।	लाहौल उपत्यका में लगभग 30 से 60 सेंटीमीटर बर्फबारी हुई।
1	फिर से	बार-बार
4	एक सज्जन यवतमाल से आए।	एक सज्जन यवतमाल से आए।
7	भारतीय नौसेना के आठ कमांडरों को कतरन्यायालय ने मृत्युदंड दिया है।	भारतीय नौसेना के आठ-प्रथम कर्मचारियों को कतर न्यायालय ने मृत्युदंड दिया।
2	यहाँ लोक है कि, चंद्रमा पृथ्वीको क्रेदित ( आई ) करता है और सूर्य शोषण करताहैइन दोनोंके आश्रय होकर वायु प्रजाका पालन करता है ॥	चारों ओर से होता है
17	सम्पत्ति पाकर जिसे (विशेष) हर्ष नहीं होता, विपत्ति पड़ने पर दुःख नहीं होता और युद्ध में डर उत्पन्न नहीं होता. ऐसे तीनों लोकों में श्रेष्ठ विरले पुत्र को (कोई) माता जानती है अर्थात् ऐसा पुरुष कोई विरला ही होता है |	जिस मनुष्य की धन सम्पत्ति में हँसी नहीं आती, धन संकट में रहता है और भयभीत रहता है, उसकी माता एक दुर्लभ पुत्र को उत्पन्न करती है।
6	एक दिन वह घर जाने के लिए छुट्टी चाहता था।	एक दिन वह घर जाकर छुट्टी चाहता है।
6	यज्ञ के बाद देवराज भानु को पुस्तकें देता है।	यज्ञ के बाद देवराज भानु को पुस्तकें देता है।
10	मनुष्य का आभूषण सौन्दर्य होता है, सौन्दर्य का आभूषण गुण होता है। और गुण का अलंकार बुद्धि होती है, उसी प्रकार बुद्धि का आभूषण क्षमा होती है।	मनुष्य का आभूषण रूप, रूप, गुण तथा ज्ञान है, ज्ञान और ज्ञान की शोभा क्षमा है॥
6	ऐसे एक आपका ही निरन्तर अनुसरण करता हुआ अन्य सब मनोरथोंसे सर्वथा रहित और आपका ही ऐकान्तिक नित्यदास होकर मैं इस जीवनको सनाथ मानता हुआ कब आपको सन्तुष्ट करूंगा	हे शान्तिनिशेष मनोराथनन्तर भवभयस्वरूप ! मैं आपके ही इस आचरण के बाद अपने एकान्त और नित्य चंगुल शरीर को कब जीवित आनन्दित करूँगा ?
12	इसी बात को आगे बढ़ाते हुए प्रधानमंत्री ने डबल इंजन सरकार के फायदों को दोहराया, जिसके दोहरे प्रयास हर जगह दिखाई दे रहे हैं।	इस भावना को आगे बढ़ाने के लिए प्रधानमंत्री ने द्विगुणी सरकार का लाभ दोहराया, जिसके दो प्रयास सब जगह दिखाई पड़ते हैं।
8	अखिलेश खान ने अपने अग्रिम फिल्म का भी चित्रिलन प्रारम्भ किया।	अखिलेश ने अपने सर्वश्रेष्ठ फिल्म का भी शूटिंग शुरू कर दिया।
4	एक ही चींटी है।	एक ही चींटी है।
3	अवश्य आईयेगा	अवश्य आईयेगा
6	अनंतपुरी और कोट्टायम जिलों में एक-एक व्यक्ति की मौत हो गई।	अनंतपुरी, कोट्टायम जिलों में एक-एक मौत हुई।
1	मशरूम	मशरूम
4	कल त्रिलोकीनाथ का फोन आया।	कल त्रिलोकीनाथ का फोन आया।
10	मनुष्य का आभूषण सौन्दर्य होता है, सौन्दर्य का आभूषण गुण होता है। और गुण का अलंकार बुद्धि होती है, उसी प्रकार बुद्धि का आभूषण क्षमा होती है।	मनुष्य का आभूषण रूप, रूप, गुण तथा ज्ञान है, ज्ञान और ज्ञान की शोभा क्षमा है॥
7	मच्चित्त होकर तुम मेरी कृपा से समस्त कठिनाइयों (सर्वदुर्गाणि) को पार कर जाओगे; और यदि अहंकारवश (इस उपदेश को) नहीं सुनोगे, तो तुम नष्ट हो जाओगे।।	यदि तुम अहंकारवश मेरी यह वाणी को न सुनोगे, तो तुम मुझे सर्वदुर्गति से तृप्त करोगे।।
5	जल के मनुष्यं पानी में डूबकर तीर पर बैठते हैं।	जलमनुष्य जल में डुबकी मारकर तट पर बैठता है।
11	यह खबर हिंदुस्तान एयरोनॉटिक्स के चेयरमैन सीबी अनंत कृष्णा ने दी।	यह खबर हिन्दूस्थान एयरोनॉटिक्स के अध्यक्ष सी बी अनंतकृष्ण ने दी है।
5	आप क्या काम करते  हैं ?	आप क्या काम करते हैं ?
6	उच्च वर्ग वाले उनका मज़ाक उड़ाते हुए कुएँ से जल निकालने के लिए मना कर रहे थे।	उच्च वर्ग के लोग मजाक कर रहे थे और कुएँ से पानी निकाल रहे थे।
8	हाँ, जैसे सेवइयाँ ईद का खास पकवान है।	हाँ, जैसा सेवईयां है, यह ईद पर्व का विशिष्ट भोजन है।
8	और अब यह फिल्म अक्टूबर में प्रदर्शित की जाएगी	और अब यह फिल्म अक्टूबर में प्रदर्शित होगी।
11	वे सभी मेरीदर में जीवन बिताए, युद्ध के लिये सत्रधारी और युद्धकला में निपुण थे।	वे सभी मेरे लिए जीवन समर्पित कर रहे हैं, युद्ध के लिये तैयार हैं और युद्ध के कला में निपुण हैं।
1	सम्पूर्ण एश्वर्य को	वर्तमान काल में
4	वह गन्ने का रस निकालती है ।	वह गन्ने का रस निकालती है।
1	पुण्य तीर्थ	तीर्थ
9	वास्तव में रुपाली गांगुली के पिता अनिल गांगुली सर्वश्रेष्ठ फ़िल्म निर्माता थे।	वास्तव में रुपाली गांगुली के पिता अनिल गांगूली फ़िल्म निर्माता थे।
7	सौ लीटर-गोपथ औरब्राह्मण में पुराण काल्लेख उपलब्ध है, जिसकी लोकप्रियता का अनुमान किया जा रहा है।	सौ पथों और गोपथ ब्राह्मण में पुराण कालेख मिलता है, जिसकी लोकप्रियता अनुमान की जाती है।
4	जिसका अब समाप्ति हो गई।	जिसका अब समापन हो गया है
10	जब वह पाठशाला नहीं जाता, तब बाग़ भी नहीं जाता।	जब वह पाठशाला नहीं जाता, तब बगीचे भी नहीं जाता।
12	सांसद हत्या के मामले की जांच के बाद, उमेशपाल की सार्वजनिक हत्या के कारण आकी अहमद और उसके भाई अशरफ को गिरफ्तार किया गया।	सांसद हत्या के मामले की साक्षी उमेशपाल की सार्वजनिक हत्या के कारण अतीक अहमद और उनके भाई अशरफ को गिरफ्तार किया गया।
11	चीन में COVID-19 के प्रसार का कारण बनने वाले BF7 स्ट्रेन के देश में चौदह मामले सामने आए हैं।	चीन में COVID-19 के प्रसार का कारण बीएफ7 स्ट्रेन के 14 मामले देश में सामने आए हैं।
1	स्थिर।	अटल।
3	तीस वर्षों से पढ़ा रहा है ।	तीस वर्षों से पढ़ा रहा है।
3	जी हाँ गुरुदेव जी के वचनानुसार हैं।	हाँ, गुरुदेव ने ठीक कहा।
6	यह क्या है वृक्ष या ठूंठ ?	क्या यह पेड़ है या तना ?
5	आदर्श चिकित्सा संस्थानों में छह विशेषज्ञ अस्पताल नियुक्त किये जायेंगे।	आदर्श चिकित्सालयों में छह विशेषज्ञ वैद्य नियुक्त किये जायेंगे।
7	मन्दिर के बाहर बड़ी संख्या में श्रद्धाल् वर आए हैं।	मंदिर के बाहर बड़ी संख्या में श्रद्धालु आए हुए हैं।
1	तैयार	सशस्त्र
5	सभी बच्चों के लिए खेलने की समान की अत्यधिक आवश्यकता है।	सभी बच्चों के लिए खिलौने आवश्यक हैं।
9	राजौरी और पुंछ ने क्षेत्रों की अपनी यात्रा में सैन्य योद्धाओं के साथ बातचीत की।	राजौरी-पुंछ-क्षेत्रों की अपनी यात्रा के दौरान सेना के बलों के साथ बातचीत की।
4	बिहार में ठंडी जैसी स्थिति है।	बिहार में ठंड जैसी स्थिति है।
10	वरिष्ठ कांग्रेस पार्टी के नेता ए रेवेंट रेड्डी ने राज्य के दूसरे मुख्यमंत्री के रूप में शपथ ली।	वरिष्ठ कांग्रेस नेता ए रेवन्त रेड्डी ने राज्य के दूसरे मुख्यमंत्री के रूप में शपथ ली।
1	सुस्त	मंद बुद्धिवाला
12	मंत्रिमण्डल के सत्र में अब पुलिस विभाग में पुलिस अधिकारियों द्वारा नियुक्त महिलाओं को प्रतिशत आरक्षण देने का निर्णय लिया गया है।	मन्त्रिमण्डल के सत्र में अब पुलिस विभाग में आरक्षियों को नियुक्त महिलाओं को प्रतिशत आरक्षण देने का निर्णय लिया गया है।
9	उसके बाद राक्षसराज को उसके चिता में रखकर विभीषण ने विधिपूर्वक अग्नि दी।	उसके बाद राक्षसराज को उसकी चिता में रखकर विभीषण ने विधिवत् आग लगाई।
5	ड्राइवर ने पूरा तेल भरने के लिए बिना किसी त्रुटि के तेल भराव दिया।	ड्राइवर ने तेल भरने के लिए निर्दोष दिया।
6	मेरी प्यास शान्त हो गई है।	शान्ता मेरी प्यास अब भूख लगी है
5	कंघी से मेरे बालों को सही करता है	कंघी मेरे बाल ठीक करता है ।
1	धर्म	कर्तव्य कर्म
6	इसरो अर्थात् भारतीय अन्तरिक्ष अनुसन्धान संस्थान	इसरो भारतीय अंतरिक्ष अनुसंधान संस्थान है।
6	वह आज बहुत आनन्दित है ।	वह आज बहुत खुश है
7	उससे पहले वे कहाँ रहते थे ?	उससे पहले वे कहाँ रहते थे ?
4	स्वरा पिछले सप्ताह इटारसी गई थी।	स्वरा पिछले सप्ताह इटारसी गई थी।
18	चिकित्सकों का यह आवेदन रक्त कोशिकाओं में संग्रहित रक्त कोशिकाओं की संख्या में गिरावट के संदर्भ में किया गया है। फार्मास्युटिकल एलायंस ने बताया कि स्वास्थ्य वैज्ञानिक और आपातकालीन कक्ष के विभिन्न विभाग स्टैंडबाय पर हैं।	विशेषज्ञों का यह आवेदन ऐसे संदर्भ में किया जाता है जब रक्त कोशिका में छिपे हुए रक्त गुड्डों की संख्या कम हो जाती है। अस्पताल के विभिन्न विभागों को भी स्वास्थ्य वैज्ञानिकों की आवश्यकता है, ऐसा मेडिकल यूनियन ने आवेदन किया है।
7	अन्यथा साधनाभावाद भी कोई मनुष्य हमेशा संतुष्ट दिखता है।	अन्य साधनों के अभाव में भी कोई भी मनुष्य हमेशा संतुष्ट दिखाई देता है।
8	जो झूठ बोलता है, कोई उसका विश्वास नहीं करता।	जो झूठ बोलता है, अपित पर विश्वास नहीं करता है।
5	फिर देखने के समय नए मतदाता पंजीकृत हो गए।	पुनरावलोकन के दौरान नए मतदाता पंजीकृत हुए।
6	बंधों भी सूजन, दाह, सुरखी, पकजाना, फुन्सी, फोडा हो जाना और राथ रुधिर बहुत बहना इत्यादि दोषयुक्त हों तो वे सिद्ध नहीं होते ॥	और भी जो शोफ, दाह, पित्त और पित्त से रहित हो, वह सफल नहीं हो पाती ।
3	ये पुष्प है ।	यह पुष्प है ।
4	जब वह चुटकुला बोलता है	जब वह चुटकुला बोलता है
6	जन सामान्य के साथ उनका सुमधुर सम्बन्ध था।	जन सामान्य के साथ उनका सुमधुर सम्बन्ध था।
7	सम्यक् अनुष्ठित परधर्म की अपेक्षा गुणरहित स्वधर्म श्रेष्ठ है। (क्योंकि) स्वभाव से नियत किये गये कर्म को करते हुए मनुष्य पाप को नहीं प्राप्त करता।।	जो पुरुष अपने धर्म में गुणरहित होकर दूसरों के धर्म का अनुष्ठान करता हुआ स्वाभाविक नियत कर्म करता है वह पाप को नहीं प्राप्त होता
4	अब वो तरबूज लाती है।	अभी वह तरबूज लाती है।
8	इस प्रकार से उदर रोगी का विरेचन द्वारा शोवन होने पर जागल मास रस के साथ अन्न देना चाहिये । इसके आगे शेप दोष की शान्ति के लिये योगों को कहते है ॥	क्रम से उत्पन्न होने वाले द्वेष से और वन में रहने वाले द्विजों से निवृत्त होने के लिए योग का अभ्यास करना ही उत्तम है।
4	फिर भी वो कार्यरत थे।	फिर भी वह कार्यरत थे।
7	ये नियम प्रतिदिन क्यों नहीं पालते हैं ।	इन नियमों का पालन प्रतिदिन क्यों नहीं किया जाता ?
1	अवर के बीच में सबसे खराब	नीच
1	उत्पन्न हो	उत्पन्न हुआ
9	पिप्पली, मोठ, यवक्षार, कालीजीरी, धनिया, जीरा इन सबको समान भाग लेकर चूर्ण कर लेना चाहिये । इस चूर्ण को फाणित ( रात्र) और घी में मिला कर अनार के रस से खट्टा करके रोगी को देना चाहिये । [ जल्पकल्पतरु मे पिप्पल्यादि के कल्क से घृत सिद्ध करके देना चाहिये ऐसा माना है ] ॥	पिप्पली के नमक से, शराब आदि से, शहद से, अनार से, अजवायन से, दही के रस से तथा काजी से खट्टा करके, फाण से मिलाकर खट्टा कर थोड़ा खट्टा बना लो ॥
22	सभी अंगों के लेन-देन के प्रभाव से बी.एस.सी.एम. ने सूची में रखे हुए कंपनियों की बाजार दर 5.51 लाख रुपये से कम हो गई है, इसका अर्थ है कि निवेशकों को लाख रुपये का नुकसान हुआ है।	समग्र बिक्री के प्रभाव से बी.एस.सी. में सूचीबद्ध कंपनियों की बाजार कैप घटकर 7.1 लाख रुपये हुआ, जिसका अर्थ है कि निवेशकों को 1 लाख रुपये का नुकसान हुआ।
6	इससे पहले ही यमुनाचार्य का महाप्रयाण हुआ।	इससे पहले यमुनाचार्य की बड़ी यात्रा हुई थी।
4	वे दोनों वहां स्नान करते हैं ।	वे दोनों वहां गाते हैं ।
8	यह समिति आगामी महीने अर्थात् दिसंबर में अपना रिपोर्ट देती है।	यह समिति आगामी महीने अर्थात् दिसंबर में अपनी रिपोर्ट भेजती है।
13	पहुंचे समाचार के अनुसार''रोहित शेट्टी''इस फिल्म का''सिंघम अगेन''इस खलनायक की भूमिका के लिए अर्जुन कपूर नियुक्त हैं।	पहुंचे समारोह के अनुसार''रोहित शेट्टी''फिल्म की''सिंघम अगेन'''अर्जुनकपूर को खलनायक की भूमिका में नियुक्त किया गया है।
6	वहाँ चूडाकर्ण नाम का एक संन्यासी रहता था।	वहाँ चूड़ा कान नामक संन्यासी रहता है।
17	वीथे की प्रशंसा करते हुए उसने कहा कि राष्ट्र निर्माण के विभिन्न क्षेत्रों में प्रधानमंत्री के कई योगदान एक ही स्थान पर उचित रूप से दिखाए गए हैं।	वीथे की प्रशंसा करते हुए उन्होंने कहा कि राष्ट्र निर्माण के विभिन्न क्षेत्रों में प्रधानमंत्री के कई योगदान एक ही स्थान पर अच्छे से प्रदर्शित किए गए हैं।
36	एक वर्ष में से अधिक सरकारी संस्थानों को बंद करके पांच वर्षों में पांच लाख काम करने की प्रतिज्ञा करने वाले कांग्रेस सरकार ने अकेले ही हजारों बाहरी आवरण से श्रमिकों को राज्य के लोगों के साथ इतना अनुचित रखना आरम्भ किया है तो भी धर्मशाला में कांग्रेस सरकार एक वर्ष के उत्सव के ज्ञान से परे है।	कांग्रेस सरकार ने एक ही आघात में हजार बाहरी आधार पर नियुक्त श्रमिकों को राज्य के लोगों के साथ इतना अनुचित कर दिया है तो भी धर्मशाला में कांग्रेस सरकार द्वारा एक वर्ष का उत्सव बोध से परे है।
14	सुश्री जखारव ने कहा कि मास्कोदेश यूक्रेन के कार्यों की निंदा करेगा।	सुश्री जखारोवा ने कहा कि मास्को अंतरराष्ट्रीय संगठनों को शीघ्र और बिना शर्त यूक्रेन के कार्यों की निंदा करेगा।
13	विदूषक – यदि इन दोनों के पिता निर्दयी नाम वाले हैं तो इनकी माता उनेक द्वारा अपमानित एवं निकाल दी गई है। इसीलिए इस वचन से बच्चों को धमकाती है।	विदूषक  इस वचन से विदेश में रहने वाले इधर उधर आए हुए बच्चों को पिता की निन्दा हो रही है।
1	प्राप्त करने के लिए पूरा करने के लिए	प्राप्त करना
3	प्रह्लाद की रक्षा हो गई।	प्रह्लाद की रक्षा हो गई।
1	सृष्टि के पदार्थों ने	प्राणियों को
15	दुर्भाग्यवश जिस के नाखून गल चुके थे और आँखें भी जाती रही थी। सो उस वृक्ष के रहने वाले पक्षी उसके जीवन निर्वाह के लिए कुछ न कुछ निकालकर उसे दिया करते थे। उसी से वह जीता था।	और कृपया जीवित रहने के लिए उस वृक्ष के निवासी पक्षी को अपने भोजन से थोड़ा-सा निकालकर देते हैं, इससे वह जीवित रहता है।
7	जोसेफ बोला – मुझे तो मधुमेह है।	जोसेफ बोला  मुझे तो मधुमेह है।
8	कार्यक्रम के अंत में सहजिला संयोजक योगेंद्रपाल ने सभी गणमान्य व्यक्तियों का आभार व्यक्त किया।	कार्यक्रम के अंत में सहज संयोजक योगेन्द्रपाल ने सभी गणमान्यों को धन्यवाद दिया।
1	राष्ट्र पर आपदा आने	राष्ट्र में विद्रोह
10	अगर तुम ऊंचा बोलता है तो मैं तेरी बात सुन सकता हूँ।	यदि तुम ऊँचा बोलते हो तो मैं तुम्हारा भाषण सुन सकता हूँ
3	वह मुझसे पूछता है।	वह मुझसे पूछता है।
2	मैं चढ़ता हूँ।	मैं चढ़ती हूँ।
9	प्रोत्साहन-लाभ अगले वित्त वर्ष में शुरू होगा और अगले वर्ष में समाप्त हो जाएगा।	प्रोत्साहन लाभ अग्रिम वित्तीय वर्ष को प्रारंभ और आगामी वर्ष में प्राप्त करता है।
9	दूरदर्शन से हम गीतों, नाटकों, समाचारों इत्यादि को सुनते हैं, और देखते हैं।	दूरदर्शन से हम गीत, नाटक, समाचार आदि सुनते और देखते हैं।
1	पढ़कर के	कृत युग से अलंकृत
